[2026-04-21T00:00:10.920+0000] {processor.py:161} INFO - Started process (PID=3701627) to work on /home/airflow/.local/lib/python3.8/site-packages/airflow/example_dags/example_xcom.py
[2026-04-21T00:00:10.921+0000] {processor.py:830} INFO - Processing file /home/airflow/.local/lib/python3.8/site-packages/airflow/example_dags/example_xcom.py for tasks to queue
[2026-04-21T00:00:10.924+0000] {logging_mixin.py:188} INFO - [2026-04-21T00:00:10.923+0000] {dagbag.py:538} INFO - Filling up the DagBag from /home/airflow/.local/lib/python3.8/site-packages/airflow/example_dags/example_xcom.py
[2026-04-21T00:00:10.934+0000] {processor.py:840} INFO - DAG(s) 'example_xcom' retrieved from /home/airflow/.local/lib/python3.8/site-packages/airflow/example_dags/example_xcom.py
[2026-04-21T00:00:10.960+0000] {logging_mixin.py:188} INFO - [2026-04-21T00:00:10.960+0000] {dag.py:3036} INFO - Sync 1 DAGs
[2026-04-21T00:00:10.984+0000] {logging_mixin.py:188} INFO - [2026-04-21T00:00:10.984+0000] {dag.py:3823} INFO - Setting next_dagrun for example_xcom to 2021-01-01 00:00:00+00:00, run_after=2021-01-01 00:00:00+00:00
[2026-04-21T00:00:11.005+0000] {processor.py:183} INFO - Processing /home/airflow/.local/lib/python3.8/site-packages/airflow/example_dags/example_xcom.py took 0.091 seconds
[2026-04-21T00:00:41.878+0000] {processor.py:161} INFO - Started process (PID=3701684) to work on /home/airflow/.local/lib/python3.8/site-packages/airflow/example_dags/example_xcom.py
[2026-04-21T00:00:41.879+0000] {processor.py:830} INFO - Processing file /home/airflow/.local/lib/python3.8/site-packages/airflow/example_dags/example_xcom.py for tasks to queue
[2026-04-21T00:00:41.881+0000] {logging_mixin.py:188} INFO - [2026-04-21T00:00:41.881+0000] {dagbag.py:538} INFO - Filling up the DagBag from /home/airflow/.local/lib/python3.8/site-packages/airflow/example_dags/example_xcom.py
[2026-04-21T00:00:41.892+0000] {processor.py:840} INFO - DAG(s) 'example_xcom' retrieved from /home/airflow/.local/lib/python3.8/site-packages/airflow/example_dags/example_xcom.py
[2026-04-21T00:00:41.919+0000] {logging_mixin.py:188} INFO - [2026-04-21T00:00:41.918+0000] {dag.py:3036} INFO - Sync 1 DAGs
[2026-04-21T00:00:41.943+0000] {logging_mixin.py:188} INFO - [2026-04-21T00:00:41.943+0000] {dag.py:3823} INFO - Setting next_dagrun for example_xcom to 2021-01-01 00:00:00+00:00, run_after=2021-01-01 00:00:00+00:00
[2026-04-21T00:00:41.962+0000] {processor.py:183} INFO - Processing /home/airflow/.local/lib/python3.8/site-packages/airflow/example_dags/example_xcom.py took 0.090 seconds
[2026-04-21T00:01:12.031+0000] {processor.py:161} INFO - Started process (PID=3701741) to work on /home/airflow/.local/lib/python3.8/site-packages/airflow/example_dags/example_xcom.py
[2026-04-21T00:01:12.033+0000] {processor.py:830} INFO - Processing file /home/airflow/.local/lib/python3.8/site-packages/airflow/example_dags/example_xcom.py for tasks to queue
[2026-04-21T00:01:12.035+0000] {logging_mixin.py:188} INFO - [2026-04-21T00:01:12.035+0000] {dagbag.py:538} INFO - Filling up the DagBag from /home/airflow/.local/lib/python3.8/site-packages/airflow/example_dags/example_xcom.py
[2026-04-21T00:01:12.046+0000] {processor.py:840} INFO - DAG(s) 'example_xcom' retrieved from /home/airflow/.local/lib/python3.8/site-packages/airflow/example_dags/example_xcom.py
[2026-04-21T00:01:12.072+0000] {logging_mixin.py:188} INFO - [2026-04-21T00:01:12.072+0000] {dag.py:3036} INFO - Sync 1 DAGs
[2026-04-21T00:01:12.096+0000] {logging_mixin.py:188} INFO - [2026-04-21T00:01:12.096+0000] {dag.py:3823} INFO - Setting next_dagrun for example_xcom to 2021-01-01 00:00:00+00:00, run_after=2021-01-01 00:00:00+00:00
[2026-04-21T00:01:12.115+0000] {processor.py:183} INFO - Processing /home/airflow/.local/lib/python3.8/site-packages/airflow/example_dags/example_xcom.py took 0.089 seconds
[2026-04-21T00:01:42.425+0000] {processor.py:161} INFO - Started process (PID=3701798) to work on /home/airflow/.local/lib/python3.8/site-packages/airflow/example_dags/example_xcom.py
[2026-04-21T00:01:42.427+0000] {processor.py:830} INFO - Processing file /home/airflow/.local/lib/python3.8/site-packages/airflow/example_dags/example_xcom.py for tasks to queue
[2026-04-21T00:01:42.429+0000] {logging_mixin.py:188} INFO - [2026-04-21T00:01:42.429+0000] {dagbag.py:538} INFO - Filling up the DagBag from /home/airflow/.local/lib/python3.8/site-packages/airflow/example_dags/example_xcom.py
[2026-04-21T00:01:42.440+0000] {processor.py:840} INFO - DAG(s) 'example_xcom' retrieved from /home/airflow/.local/lib/python3.8/site-packages/airflow/example_dags/example_xcom.py
[2026-04-21T00:01:42.468+0000] {logging_mixin.py:188} INFO - [2026-04-21T00:01:42.468+0000] {dag.py:3036} INFO - Sync 1 DAGs
[2026-04-21T00:01:42.494+0000] {logging_mixin.py:188} INFO - [2026-04-21T00:01:42.494+0000] {dag.py:3823} INFO - Setting next_dagrun for example_xcom to 2021-01-01 00:00:00+00:00, run_after=2021-01-01 00:00:00+00:00
[2026-04-21T00:01:42.514+0000] {processor.py:183} INFO - Processing /home/airflow/.local/lib/python3.8/site-packages/airflow/example_dags/example_xcom.py took 0.094 seconds
[2026-04-21T00:02:12.548+0000] {processor.py:161} INFO - Started process (PID=3701854) to work on /home/airflow/.local/lib/python3.8/site-packages/airflow/example_dags/example_xcom.py
[2026-04-21T00:02:12.550+0000] {processor.py:830} INFO - Processing file /home/airflow/.local/lib/python3.8/site-packages/airflow/example_dags/example_xcom.py for tasks to queue
[2026-04-21T00:02:12.552+0000] {logging_mixin.py:188} INFO - [2026-04-21T00:02:12.552+0000] {dagbag.py:538} INFO - Filling up the DagBag from /home/airflow/.local/lib/python3.8/site-packages/airflow/example_dags/example_xcom.py
[2026-04-21T00:02:12.563+0000] {processor.py:840} INFO - DAG(s) 'example_xcom' retrieved from /home/airflow/.local/lib/python3.8/site-packages/airflow/example_dags/example_xcom.py
[2026-04-21T00:02:12.590+0000] {logging_mixin.py:188} INFO - [2026-04-21T00:02:12.589+0000] {dag.py:3036} INFO - Sync 1 DAGs
[2026-04-21T00:02:12.614+0000] {logging_mixin.py:188} INFO - [2026-04-21T00:02:12.614+0000] {dag.py:3823} INFO - Setting next_dagrun for example_xcom to 2021-01-01 00:00:00+00:00, run_after=2021-01-01 00:00:00+00:00
[2026-04-21T00:02:12.634+0000] {processor.py:183} INFO - Processing /home/airflow/.local/lib/python3.8/site-packages/airflow/example_dags/example_xcom.py took 0.092 seconds
[2026-04-21T00:02:43.180+0000] {processor.py:161} INFO - Started process (PID=3701911) to work on /home/airflow/.local/lib/python3.8/site-packages/airflow/example_dags/example_xcom.py
[2026-04-21T00:02:43.182+0000] {processor.py:830} INFO - Processing file /home/airflow/.local/lib/python3.8/site-packages/airflow/example_dags/example_xcom.py for tasks to queue
[2026-04-21T00:02:43.184+0000] {logging_mixin.py:188} INFO - [2026-04-21T00:02:43.184+0000] {dagbag.py:538} INFO - Filling up the DagBag from /home/airflow/.local/lib/python3.8/site-packages/airflow/example_dags/example_xcom.py
[2026-04-21T00:02:43.194+0000] {processor.py:840} INFO - DAG(s) 'example_xcom' retrieved from /home/airflow/.local/lib/python3.8/site-packages/airflow/example_dags/example_xcom.py
[2026-04-21T00:02:43.220+0000] {logging_mixin.py:188} INFO - [2026-04-21T00:02:43.219+0000] {dag.py:3036} INFO - Sync 1 DAGs
[2026-04-21T00:02:43.244+0000] {logging_mixin.py:188} INFO - [2026-04-21T00:02:43.244+0000] {dag.py:3823} INFO - Setting next_dagrun for example_xcom to 2021-01-01 00:00:00+00:00, run_after=2021-01-01 00:00:00+00:00
[2026-04-21T00:02:43.263+0000] {processor.py:183} INFO - Processing /home/airflow/.local/lib/python3.8/site-packages/airflow/example_dags/example_xcom.py took 0.087 seconds
[2026-04-21T00:03:13.566+0000] {processor.py:161} INFO - Started process (PID=3701969) to work on /home/airflow/.local/lib/python3.8/site-packages/airflow/example_dags/example_xcom.py
[2026-04-21T00:03:13.568+0000] {processor.py:830} INFO - Processing file /home/airflow/.local/lib/python3.8/site-packages/airflow/example_dags/example_xcom.py for tasks to queue
[2026-04-21T00:03:13.570+0000] {logging_mixin.py:188} INFO - [2026-04-21T00:03:13.570+0000] {dagbag.py:538} INFO - Filling up the DagBag from /home/airflow/.local/lib/python3.8/site-packages/airflow/example_dags/example_xcom.py
[2026-04-21T00:03:13.580+0000] {processor.py:840} INFO - DAG(s) 'example_xcom' retrieved from /home/airflow/.local/lib/python3.8/site-packages/airflow/example_dags/example_xcom.py
[2026-04-21T00:03:13.606+0000] {logging_mixin.py:188} INFO - [2026-04-21T00:03:13.606+0000] {dag.py:3036} INFO - Sync 1 DAGs
[2026-04-21T00:03:13.631+0000] {logging_mixin.py:188} INFO - [2026-04-21T00:03:13.631+0000] {dag.py:3823} INFO - Setting next_dagrun for example_xcom to 2021-01-01 00:00:00+00:00, run_after=2021-01-01 00:00:00+00:00
[2026-04-21T00:03:13.651+0000] {processor.py:183} INFO - Processing /home/airflow/.local/lib/python3.8/site-packages/airflow/example_dags/example_xcom.py took 0.090 seconds
[2026-04-21T00:03:43.698+0000] {processor.py:161} INFO - Started process (PID=3702025) to work on /home/airflow/.local/lib/python3.8/site-packages/airflow/example_dags/example_xcom.py
[2026-04-21T00:03:43.700+0000] {processor.py:830} INFO - Processing file /home/airflow/.local/lib/python3.8/site-packages/airflow/example_dags/example_xcom.py for tasks to queue
[2026-04-21T00:03:43.702+0000] {logging_mixin.py:188} INFO - [2026-04-21T00:03:43.702+0000] {dagbag.py:538} INFO - Filling up the DagBag from /home/airflow/.local/lib/python3.8/site-packages/airflow/example_dags/example_xcom.py
[2026-04-21T00:03:43.712+0000] {processor.py:840} INFO - DAG(s) 'example_xcom' retrieved from /home/airflow/.local/lib/python3.8/site-packages/airflow/example_dags/example_xcom.py
[2026-04-21T00:03:43.737+0000] {logging_mixin.py:188} INFO - [2026-04-21T00:03:43.737+0000] {dag.py:3036} INFO - Sync 1 DAGs
[2026-04-21T00:03:43.762+0000] {logging_mixin.py:188} INFO - [2026-04-21T00:03:43.761+0000] {dag.py:3823} INFO - Setting next_dagrun for example_xcom to 2021-01-01 00:00:00+00:00, run_after=2021-01-01 00:00:00+00:00
[2026-04-21T00:03:43.780+0000] {processor.py:183} INFO - Processing /home/airflow/.local/lib/python3.8/site-packages/airflow/example_dags/example_xcom.py took 0.086 seconds
[2026-04-21T00:04:14.005+0000] {processor.py:161} INFO - Started process (PID=3702082) to work on /home/airflow/.local/lib/python3.8/site-packages/airflow/example_dags/example_xcom.py
[2026-04-21T00:04:14.007+0000] {processor.py:830} INFO - Processing file /home/airflow/.local/lib/python3.8/site-packages/airflow/example_dags/example_xcom.py for tasks to queue
[2026-04-21T00:04:14.010+0000] {logging_mixin.py:188} INFO - [2026-04-21T00:04:14.009+0000] {dagbag.py:538} INFO - Filling up the DagBag from /home/airflow/.local/lib/python3.8/site-packages/airflow/example_dags/example_xcom.py
[2026-04-21T00:04:14.020+0000] {processor.py:840} INFO - DAG(s) 'example_xcom' retrieved from /home/airflow/.local/lib/python3.8/site-packages/airflow/example_dags/example_xcom.py
[2026-04-21T00:04:14.045+0000] {logging_mixin.py:188} INFO - [2026-04-21T00:04:14.045+0000] {dag.py:3036} INFO - Sync 1 DAGs
[2026-04-21T00:04:14.070+0000] {logging_mixin.py:188} INFO - [2026-04-21T00:04:14.069+0000] {dag.py:3823} INFO - Setting next_dagrun for example_xcom to 2021-01-01 00:00:00+00:00, run_after=2021-01-01 00:00:00+00:00
[2026-04-21T00:04:14.096+0000] {processor.py:183} INFO - Processing /home/airflow/.local/lib/python3.8/site-packages/airflow/example_dags/example_xcom.py took 0.096 seconds
[2026-04-21T00:04:44.767+0000] {processor.py:161} INFO - Started process (PID=3702140) to work on /home/airflow/.local/lib/python3.8/site-packages/airflow/example_dags/example_xcom.py
[2026-04-21T00:04:44.768+0000] {processor.py:830} INFO - Processing file /home/airflow/.local/lib/python3.8/site-packages/airflow/example_dags/example_xcom.py for tasks to queue
[2026-04-21T00:04:44.770+0000] {logging_mixin.py:188} INFO - [2026-04-21T00:04:44.770+0000] {dagbag.py:538} INFO - Filling up the DagBag from /home/airflow/.local/lib/python3.8/site-packages/airflow/example_dags/example_xcom.py
[2026-04-21T00:04:44.780+0000] {processor.py:840} INFO - DAG(s) 'example_xcom' retrieved from /home/airflow/.local/lib/python3.8/site-packages/airflow/example_dags/example_xcom.py
[2026-04-21T00:04:44.805+0000] {logging_mixin.py:188} INFO - [2026-04-21T00:04:44.805+0000] {dag.py:3036} INFO - Sync 1 DAGs
[2026-04-21T00:04:44.828+0000] {logging_mixin.py:188} INFO - [2026-04-21T00:04:44.828+0000] {dag.py:3823} INFO - Setting next_dagrun for example_xcom to 2021-01-01 00:00:00+00:00, run_after=2021-01-01 00:00:00+00:00
[2026-04-21T00:04:44.848+0000] {processor.py:183} INFO - Processing /home/airflow/.local/lib/python3.8/site-packages/airflow/example_dags/example_xcom.py took 0.086 seconds
[2026-04-21T00:05:15.524+0000] {processor.py:161} INFO - Started process (PID=3702197) to work on /home/airflow/.local/lib/python3.8/site-packages/airflow/example_dags/example_xcom.py
[2026-04-21T00:05:15.526+0000] {processor.py:830} INFO - Processing file /home/airflow/.local/lib/python3.8/site-packages/airflow/example_dags/example_xcom.py for tasks to queue
[2026-04-21T00:05:15.528+0000] {logging_mixin.py:188} INFO - [2026-04-21T00:05:15.528+0000] {dagbag.py:538} INFO - Filling up the DagBag from /home/airflow/.local/lib/python3.8/site-packages/airflow/example_dags/example_xcom.py
[2026-04-21T00:05:15.538+0000] {processor.py:840} INFO - DAG(s) 'example_xcom' retrieved from /home/airflow/.local/lib/python3.8/site-packages/airflow/example_dags/example_xcom.py
[2026-04-21T00:05:15.563+0000] {logging_mixin.py:188} INFO - [2026-04-21T00:05:15.563+0000] {dag.py:3036} INFO - Sync 1 DAGs
[2026-04-21T00:05:15.586+0000] {logging_mixin.py:188} INFO - [2026-04-21T00:05:15.586+0000] {dag.py:3823} INFO - Setting next_dagrun for example_xcom to 2021-01-01 00:00:00+00:00, run_after=2021-01-01 00:00:00+00:00
[2026-04-21T00:05:15.607+0000] {processor.py:183} INFO - Processing /home/airflow/.local/lib/python3.8/site-packages/airflow/example_dags/example_xcom.py took 0.088 seconds
[2026-04-21T00:05:46.186+0000] {processor.py:161} INFO - Started process (PID=3702254) to work on /home/airflow/.local/lib/python3.8/site-packages/airflow/example_dags/example_xcom.py
[2026-04-21T00:05:46.187+0000] {processor.py:830} INFO - Processing file /home/airflow/.local/lib/python3.8/site-packages/airflow/example_dags/example_xcom.py for tasks to queue
[2026-04-21T00:05:46.190+0000] {logging_mixin.py:188} INFO - [2026-04-21T00:05:46.190+0000] {dagbag.py:538} INFO - Filling up the DagBag from /home/airflow/.local/lib/python3.8/site-packages/airflow/example_dags/example_xcom.py
[2026-04-21T00:05:46.201+0000] {processor.py:840} INFO - DAG(s) 'example_xcom' retrieved from /home/airflow/.local/lib/python3.8/site-packages/airflow/example_dags/example_xcom.py
[2026-04-21T00:05:46.227+0000] {logging_mixin.py:188} INFO - [2026-04-21T00:05:46.227+0000] {dag.py:3036} INFO - Sync 1 DAGs
[2026-04-21T00:05:46.250+0000] {logging_mixin.py:188} INFO - [2026-04-21T00:05:46.250+0000] {dag.py:3823} INFO - Setting next_dagrun for example_xcom to 2021-01-01 00:00:00+00:00, run_after=2021-01-01 00:00:00+00:00
[2026-04-21T00:05:46.269+0000] {processor.py:183} INFO - Processing /home/airflow/.local/lib/python3.8/site-packages/airflow/example_dags/example_xcom.py took 0.088 seconds
[2026-04-21T00:06:17.053+0000] {processor.py:161} INFO - Started process (PID=3702311) to work on /home/airflow/.local/lib/python3.8/site-packages/airflow/example_dags/example_xcom.py
[2026-04-21T00:06:17.055+0000] {processor.py:830} INFO - Processing file /home/airflow/.local/lib/python3.8/site-packages/airflow/example_dags/example_xcom.py for tasks to queue
[2026-04-21T00:06:17.057+0000] {logging_mixin.py:188} INFO - [2026-04-21T00:06:17.056+0000] {dagbag.py:538} INFO - Filling up the DagBag from /home/airflow/.local/lib/python3.8/site-packages/airflow/example_dags/example_xcom.py
[2026-04-21T00:06:17.067+0000] {processor.py:840} INFO - DAG(s) 'example_xcom' retrieved from /home/airflow/.local/lib/python3.8/site-packages/airflow/example_dags/example_xcom.py
[2026-04-21T00:06:17.092+0000] {logging_mixin.py:188} INFO - [2026-04-21T00:06:17.092+0000] {dag.py:3036} INFO - Sync 1 DAGs
[2026-04-21T00:06:17.115+0000] {logging_mixin.py:188} INFO - [2026-04-21T00:06:17.115+0000] {dag.py:3823} INFO - Setting next_dagrun for example_xcom to 2021-01-01 00:00:00+00:00, run_after=2021-01-01 00:00:00+00:00
[2026-04-21T00:06:17.134+0000] {processor.py:183} INFO - Processing /home/airflow/.local/lib/python3.8/site-packages/airflow/example_dags/example_xcom.py took 0.086 seconds
[2026-04-21T00:06:47.666+0000] {processor.py:161} INFO - Started process (PID=3702368) to work on /home/airflow/.local/lib/python3.8/site-packages/airflow/example_dags/example_xcom.py
[2026-04-21T00:06:47.667+0000] {processor.py:830} INFO - Processing file /home/airflow/.local/lib/python3.8/site-packages/airflow/example_dags/example_xcom.py for tasks to queue
[2026-04-21T00:06:47.669+0000] {logging_mixin.py:188} INFO - [2026-04-21T00:06:47.669+0000] {dagbag.py:538} INFO - Filling up the DagBag from /home/airflow/.local/lib/python3.8/site-packages/airflow/example_dags/example_xcom.py
[2026-04-21T00:06:47.679+0000] {processor.py:840} INFO - DAG(s) 'example_xcom' retrieved from /home/airflow/.local/lib/python3.8/site-packages/airflow/example_dags/example_xcom.py
[2026-04-21T00:06:47.704+0000] {logging_mixin.py:188} INFO - [2026-04-21T00:06:47.704+0000] {dag.py:3036} INFO - Sync 1 DAGs
[2026-04-21T00:06:47.728+0000] {logging_mixin.py:188} INFO - [2026-04-21T00:06:47.728+0000] {dag.py:3823} INFO - Setting next_dagrun for example_xcom to 2021-01-01 00:00:00+00:00, run_after=2021-01-01 00:00:00+00:00
[2026-04-21T00:06:47.748+0000] {processor.py:183} INFO - Processing /home/airflow/.local/lib/python3.8/site-packages/airflow/example_dags/example_xcom.py took 0.087 seconds
[2026-04-21T00:07:17.991+0000] {processor.py:161} INFO - Started process (PID=3702425) to work on /home/airflow/.local/lib/python3.8/site-packages/airflow/example_dags/example_xcom.py
[2026-04-21T00:07:17.993+0000] {processor.py:830} INFO - Processing file /home/airflow/.local/lib/python3.8/site-packages/airflow/example_dags/example_xcom.py for tasks to queue
[2026-04-21T00:07:17.995+0000] {logging_mixin.py:188} INFO - [2026-04-21T00:07:17.995+0000] {dagbag.py:538} INFO - Filling up the DagBag from /home/airflow/.local/lib/python3.8/site-packages/airflow/example_dags/example_xcom.py
[2026-04-21T00:07:18.006+0000] {processor.py:840} INFO - DAG(s) 'example_xcom' retrieved from /home/airflow/.local/lib/python3.8/site-packages/airflow/example_dags/example_xcom.py
[2026-04-21T00:07:18.032+0000] {logging_mixin.py:188} INFO - [2026-04-21T00:07:18.032+0000] {dag.py:3036} INFO - Sync 1 DAGs
[2026-04-21T00:07:18.057+0000] {logging_mixin.py:188} INFO - [2026-04-21T00:07:18.056+0000] {dag.py:3823} INFO - Setting next_dagrun for example_xcom to 2021-01-01 00:00:00+00:00, run_after=2021-01-01 00:00:00+00:00
[2026-04-21T00:07:18.076+0000] {processor.py:183} INFO - Processing /home/airflow/.local/lib/python3.8/site-packages/airflow/example_dags/example_xcom.py took 0.090 seconds
[2026-04-21T00:07:48.143+0000] {processor.py:161} INFO - Started process (PID=3702482) to work on /home/airflow/.local/lib/python3.8/site-packages/airflow/example_dags/example_xcom.py
[2026-04-21T00:07:48.144+0000] {processor.py:830} INFO - Processing file /home/airflow/.local/lib/python3.8/site-packages/airflow/example_dags/example_xcom.py for tasks to queue
[2026-04-21T00:07:48.147+0000] {logging_mixin.py:188} INFO - [2026-04-21T00:07:48.146+0000] {dagbag.py:538} INFO - Filling up the DagBag from /home/airflow/.local/lib/python3.8/site-packages/airflow/example_dags/example_xcom.py
[2026-04-21T00:07:48.156+0000] {processor.py:840} INFO - DAG(s) 'example_xcom' retrieved from /home/airflow/.local/lib/python3.8/site-packages/airflow/example_dags/example_xcom.py
[2026-04-21T00:07:48.181+0000] {logging_mixin.py:188} INFO - [2026-04-21T00:07:48.181+0000] {dag.py:3036} INFO - Sync 1 DAGs
[2026-04-21T00:07:48.205+0000] {logging_mixin.py:188} INFO - [2026-04-21T00:07:48.205+0000] {dag.py:3823} INFO - Setting next_dagrun for example_xcom to 2021-01-01 00:00:00+00:00, run_after=2021-01-01 00:00:00+00:00
[2026-04-21T00:07:48.223+0000] {processor.py:183} INFO - Processing /home/airflow/.local/lib/python3.8/site-packages/airflow/example_dags/example_xcom.py took 0.085 seconds
[2026-04-21T00:08:18.470+0000] {processor.py:161} INFO - Started process (PID=3702539) to work on /home/airflow/.local/lib/python3.8/site-packages/airflow/example_dags/example_xcom.py
[2026-04-21T00:08:18.471+0000] {processor.py:830} INFO - Processing file /home/airflow/.local/lib/python3.8/site-packages/airflow/example_dags/example_xcom.py for tasks to queue
[2026-04-21T00:08:18.474+0000] {logging_mixin.py:188} INFO - [2026-04-21T00:08:18.473+0000] {dagbag.py:538} INFO - Filling up the DagBag from /home/airflow/.local/lib/python3.8/site-packages/airflow/example_dags/example_xcom.py
[2026-04-21T00:08:18.484+0000] {processor.py:840} INFO - DAG(s) 'example_xcom' retrieved from /home/airflow/.local/lib/python3.8/site-packages/airflow/example_dags/example_xcom.py
[2026-04-21T00:08:18.510+0000] {logging_mixin.py:188} INFO - [2026-04-21T00:08:18.510+0000] {dag.py:3036} INFO - Sync 1 DAGs
[2026-04-21T00:08:18.534+0000] {logging_mixin.py:188} INFO - [2026-04-21T00:08:18.533+0000] {dag.py:3823} INFO - Setting next_dagrun for example_xcom to 2021-01-01 00:00:00+00:00, run_after=2021-01-01 00:00:00+00:00
[2026-04-21T00:08:18.553+0000] {processor.py:183} INFO - Processing /home/airflow/.local/lib/python3.8/site-packages/airflow/example_dags/example_xcom.py took 0.089 seconds
[2026-04-21T00:08:48.915+0000] {processor.py:161} INFO - Started process (PID=3702596) to work on /home/airflow/.local/lib/python3.8/site-packages/airflow/example_dags/example_xcom.py
[2026-04-21T00:08:48.916+0000] {processor.py:830} INFO - Processing file /home/airflow/.local/lib/python3.8/site-packages/airflow/example_dags/example_xcom.py for tasks to queue
[2026-04-21T00:08:48.918+0000] {logging_mixin.py:188} INFO - [2026-04-21T00:08:48.918+0000] {dagbag.py:538} INFO - Filling up the DagBag from /home/airflow/.local/lib/python3.8/site-packages/airflow/example_dags/example_xcom.py
[2026-04-21T00:08:48.928+0000] {processor.py:840} INFO - DAG(s) 'example_xcom' retrieved from /home/airflow/.local/lib/python3.8/site-packages/airflow/example_dags/example_xcom.py
[2026-04-21T00:08:48.952+0000] {logging_mixin.py:188} INFO - [2026-04-21T00:08:48.952+0000] {dag.py:3036} INFO - Sync 1 DAGs
[2026-04-21T00:08:48.975+0000] {logging_mixin.py:188} INFO - [2026-04-21T00:08:48.975+0000] {dag.py:3823} INFO - Setting next_dagrun for example_xcom to 2021-01-01 00:00:00+00:00, run_after=2021-01-01 00:00:00+00:00
[2026-04-21T00:08:48.994+0000] {processor.py:183} INFO - Processing /home/airflow/.local/lib/python3.8/site-packages/airflow/example_dags/example_xcom.py took 0.084 seconds
[2026-04-21T00:09:19.638+0000] {processor.py:161} INFO - Started process (PID=3702653) to work on /home/airflow/.local/lib/python3.8/site-packages/airflow/example_dags/example_xcom.py
[2026-04-21T00:09:19.640+0000] {processor.py:830} INFO - Processing file /home/airflow/.local/lib/python3.8/site-packages/airflow/example_dags/example_xcom.py for tasks to queue
[2026-04-21T00:09:19.642+0000] {logging_mixin.py:188} INFO - [2026-04-21T00:09:19.642+0000] {dagbag.py:538} INFO - Filling up the DagBag from /home/airflow/.local/lib/python3.8/site-packages/airflow/example_dags/example_xcom.py
[2026-04-21T00:09:19.652+0000] {processor.py:840} INFO - DAG(s) 'example_xcom' retrieved from /home/airflow/.local/lib/python3.8/site-packages/airflow/example_dags/example_xcom.py
[2026-04-21T00:09:19.678+0000] {logging_mixin.py:188} INFO - [2026-04-21T00:09:19.678+0000] {dag.py:3036} INFO - Sync 1 DAGs
[2026-04-21T00:09:19.704+0000] {logging_mixin.py:188} INFO - [2026-04-21T00:09:19.704+0000] {dag.py:3823} INFO - Setting next_dagrun for example_xcom to 2021-01-01 00:00:00+00:00, run_after=2021-01-01 00:00:00+00:00
[2026-04-21T00:09:19.725+0000] {processor.py:183} INFO - Processing /home/airflow/.local/lib/python3.8/site-packages/airflow/example_dags/example_xcom.py took 0.092 seconds
[2026-04-21T00:09:50.551+0000] {processor.py:161} INFO - Started process (PID=3702710) to work on /home/airflow/.local/lib/python3.8/site-packages/airflow/example_dags/example_xcom.py
[2026-04-21T00:09:50.553+0000] {processor.py:830} INFO - Processing file /home/airflow/.local/lib/python3.8/site-packages/airflow/example_dags/example_xcom.py for tasks to queue
[2026-04-21T00:09:50.555+0000] {logging_mixin.py:188} INFO - [2026-04-21T00:09:50.555+0000] {dagbag.py:538} INFO - Filling up the DagBag from /home/airflow/.local/lib/python3.8/site-packages/airflow/example_dags/example_xcom.py
[2026-04-21T00:09:50.565+0000] {processor.py:840} INFO - DAG(s) 'example_xcom' retrieved from /home/airflow/.local/lib/python3.8/site-packages/airflow/example_dags/example_xcom.py
[2026-04-21T00:09:50.589+0000] {logging_mixin.py:188} INFO - [2026-04-21T00:09:50.589+0000] {dag.py:3036} INFO - Sync 1 DAGs
[2026-04-21T00:09:50.612+0000] {logging_mixin.py:188} INFO - [2026-04-21T00:09:50.612+0000] {dag.py:3823} INFO - Setting next_dagrun for example_xcom to 2021-01-01 00:00:00+00:00, run_after=2021-01-01 00:00:00+00:00
[2026-04-21T00:09:50.630+0000] {processor.py:183} INFO - Processing /home/airflow/.local/lib/python3.8/site-packages/airflow/example_dags/example_xcom.py took 0.085 seconds
[2026-04-21T00:10:21.249+0000] {processor.py:161} INFO - Started process (PID=3702767) to work on /home/airflow/.local/lib/python3.8/site-packages/airflow/example_dags/example_xcom.py
[2026-04-21T00:10:21.250+0000] {processor.py:830} INFO - Processing file /home/airflow/.local/lib/python3.8/site-packages/airflow/example_dags/example_xcom.py for tasks to queue
[2026-04-21T00:10:21.252+0000] {logging_mixin.py:188} INFO - [2026-04-21T00:10:21.252+0000] {dagbag.py:538} INFO - Filling up the DagBag from /home/airflow/.local/lib/python3.8/site-packages/airflow/example_dags/example_xcom.py
[2026-04-21T00:10:21.262+0000] {processor.py:840} INFO - DAG(s) 'example_xcom' retrieved from /home/airflow/.local/lib/python3.8/site-packages/airflow/example_dags/example_xcom.py
[2026-04-21T00:10:21.287+0000] {logging_mixin.py:188} INFO - [2026-04-21T00:10:21.287+0000] {dag.py:3036} INFO - Sync 1 DAGs
[2026-04-21T00:10:21.311+0000] {logging_mixin.py:188} INFO - [2026-04-21T00:10:21.311+0000] {dag.py:3823} INFO - Setting next_dagrun for example_xcom to 2021-01-01 00:00:00+00:00, run_after=2021-01-01 00:00:00+00:00
[2026-04-21T00:10:21.330+0000] {processor.py:183} INFO - Processing /home/airflow/.local/lib/python3.8/site-packages/airflow/example_dags/example_xcom.py took 0.086 seconds
[2026-04-21T00:10:51.882+0000] {processor.py:161} INFO - Started process (PID=3702824) to work on /home/airflow/.local/lib/python3.8/site-packages/airflow/example_dags/example_xcom.py
[2026-04-21T00:10:51.884+0000] {processor.py:830} INFO - Processing file /home/airflow/.local/lib/python3.8/site-packages/airflow/example_dags/example_xcom.py for tasks to queue
[2026-04-21T00:10:51.886+0000] {logging_mixin.py:188} INFO - [2026-04-21T00:10:51.886+0000] {dagbag.py:538} INFO - Filling up the DagBag from /home/airflow/.local/lib/python3.8/site-packages/airflow/example_dags/example_xcom.py
[2026-04-21T00:10:51.896+0000] {processor.py:840} INFO - DAG(s) 'example_xcom' retrieved from /home/airflow/.local/lib/python3.8/site-packages/airflow/example_dags/example_xcom.py
[2026-04-21T00:10:51.926+0000] {logging_mixin.py:188} INFO - [2026-04-21T00:10:51.926+0000] {dag.py:3036} INFO - Sync 1 DAGs
[2026-04-21T00:10:51.956+0000] {logging_mixin.py:188} INFO - [2026-04-21T00:10:51.956+0000] {dag.py:3823} INFO - Setting next_dagrun for example_xcom to 2021-01-01 00:00:00+00:00, run_after=2021-01-01 00:00:00+00:00
[2026-04-21T00:10:51.977+0000] {processor.py:183} INFO - Processing /home/airflow/.local/lib/python3.8/site-packages/airflow/example_dags/example_xcom.py took 0.100 seconds
[2026-04-21T00:11:22.048+0000] {processor.py:161} INFO - Started process (PID=3702881) to work on /home/airflow/.local/lib/python3.8/site-packages/airflow/example_dags/example_xcom.py
[2026-04-21T00:11:22.051+0000] {processor.py:830} INFO - Processing file /home/airflow/.local/lib/python3.8/site-packages/airflow/example_dags/example_xcom.py for tasks to queue
[2026-04-21T00:11:22.054+0000] {logging_mixin.py:188} INFO - [2026-04-21T00:11:22.053+0000] {dagbag.py:538} INFO - Filling up the DagBag from /home/airflow/.local/lib/python3.8/site-packages/airflow/example_dags/example_xcom.py
[2026-04-21T00:11:22.069+0000] {processor.py:840} INFO - DAG(s) 'example_xcom' retrieved from /home/airflow/.local/lib/python3.8/site-packages/airflow/example_dags/example_xcom.py
[2026-04-21T00:11:22.101+0000] {logging_mixin.py:188} INFO - [2026-04-21T00:11:22.101+0000] {dag.py:3036} INFO - Sync 1 DAGs
[2026-04-21T00:11:22.131+0000] {logging_mixin.py:188} INFO - [2026-04-21T00:11:22.130+0000] {dag.py:3823} INFO - Setting next_dagrun for example_xcom to 2021-01-01 00:00:00+00:00, run_after=2021-01-01 00:00:00+00:00
[2026-04-21T00:11:22.149+0000] {processor.py:183} INFO - Processing /home/airflow/.local/lib/python3.8/site-packages/airflow/example_dags/example_xcom.py took 0.107 seconds
[2026-04-21T00:11:52.405+0000] {processor.py:161} INFO - Started process (PID=3702938) to work on /home/airflow/.local/lib/python3.8/site-packages/airflow/example_dags/example_xcom.py
[2026-04-21T00:11:52.406+0000] {processor.py:830} INFO - Processing file /home/airflow/.local/lib/python3.8/site-packages/airflow/example_dags/example_xcom.py for tasks to queue
[2026-04-21T00:11:52.409+0000] {logging_mixin.py:188} INFO - [2026-04-21T00:11:52.408+0000] {dagbag.py:538} INFO - Filling up the DagBag from /home/airflow/.local/lib/python3.8/site-packages/airflow/example_dags/example_xcom.py
[2026-04-21T00:11:52.418+0000] {processor.py:840} INFO - DAG(s) 'example_xcom' retrieved from /home/airflow/.local/lib/python3.8/site-packages/airflow/example_dags/example_xcom.py
[2026-04-21T00:11:52.442+0000] {logging_mixin.py:188} INFO - [2026-04-21T00:11:52.442+0000] {dag.py:3036} INFO - Sync 1 DAGs
[2026-04-21T00:11:52.465+0000] {logging_mixin.py:188} INFO - [2026-04-21T00:11:52.465+0000] {dag.py:3823} INFO - Setting next_dagrun for example_xcom to 2021-01-01 00:00:00+00:00, run_after=2021-01-01 00:00:00+00:00
[2026-04-21T00:11:52.483+0000] {processor.py:183} INFO - Processing /home/airflow/.local/lib/python3.8/site-packages/airflow/example_dags/example_xcom.py took 0.083 seconds
[2026-04-21T00:12:22.568+0000] {processor.py:161} INFO - Started process (PID=3702995) to work on /home/airflow/.local/lib/python3.8/site-packages/airflow/example_dags/example_xcom.py
[2026-04-21T00:12:22.570+0000] {processor.py:830} INFO - Processing file /home/airflow/.local/lib/python3.8/site-packages/airflow/example_dags/example_xcom.py for tasks to queue
[2026-04-21T00:12:22.572+0000] {logging_mixin.py:188} INFO - [2026-04-21T00:12:22.572+0000] {dagbag.py:538} INFO - Filling up the DagBag from /home/airflow/.local/lib/python3.8/site-packages/airflow/example_dags/example_xcom.py
[2026-04-21T00:12:22.582+0000] {processor.py:840} INFO - DAG(s) 'example_xcom' retrieved from /home/airflow/.local/lib/python3.8/site-packages/airflow/example_dags/example_xcom.py
[2026-04-21T00:12:22.607+0000] {logging_mixin.py:188} INFO - [2026-04-21T00:12:22.607+0000] {dag.py:3036} INFO - Sync 1 DAGs
[2026-04-21T00:12:22.634+0000] {logging_mixin.py:188} INFO - [2026-04-21T00:12:22.633+0000] {dag.py:3823} INFO - Setting next_dagrun for example_xcom to 2021-01-01 00:00:00+00:00, run_after=2021-01-01 00:00:00+00:00
[2026-04-21T00:12:22.654+0000] {processor.py:183} INFO - Processing /home/airflow/.local/lib/python3.8/site-packages/airflow/example_dags/example_xcom.py took 0.091 seconds
[2026-04-21T00:12:53.205+0000] {processor.py:161} INFO - Started process (PID=3703053) to work on /home/airflow/.local/lib/python3.8/site-packages/airflow/example_dags/example_xcom.py
[2026-04-21T00:12:53.206+0000] {processor.py:830} INFO - Processing file /home/airflow/.local/lib/python3.8/site-packages/airflow/example_dags/example_xcom.py for tasks to queue
[2026-04-21T00:12:53.208+0000] {logging_mixin.py:188} INFO - [2026-04-21T00:12:53.208+0000] {dagbag.py:538} INFO - Filling up the DagBag from /home/airflow/.local/lib/python3.8/site-packages/airflow/example_dags/example_xcom.py
[2026-04-21T00:12:53.219+0000] {processor.py:840} INFO - DAG(s) 'example_xcom' retrieved from /home/airflow/.local/lib/python3.8/site-packages/airflow/example_dags/example_xcom.py
[2026-04-21T00:12:53.243+0000] {logging_mixin.py:188} INFO - [2026-04-21T00:12:53.243+0000] {dag.py:3036} INFO - Sync 1 DAGs
[2026-04-21T00:12:53.267+0000] {logging_mixin.py:188} INFO - [2026-04-21T00:12:53.267+0000] {dag.py:3823} INFO - Setting next_dagrun for example_xcom to 2021-01-01 00:00:00+00:00, run_after=2021-01-01 00:00:00+00:00
[2026-04-21T00:12:53.285+0000] {processor.py:183} INFO - Processing /home/airflow/.local/lib/python3.8/site-packages/airflow/example_dags/example_xcom.py took 0.085 seconds
[2026-04-21T00:13:23.439+0000] {processor.py:161} INFO - Started process (PID=3703110) to work on /home/airflow/.local/lib/python3.8/site-packages/airflow/example_dags/example_xcom.py
[2026-04-21T00:13:23.441+0000] {processor.py:830} INFO - Processing file /home/airflow/.local/lib/python3.8/site-packages/airflow/example_dags/example_xcom.py for tasks to queue
[2026-04-21T00:13:23.443+0000] {logging_mixin.py:188} INFO - [2026-04-21T00:13:23.443+0000] {dagbag.py:538} INFO - Filling up the DagBag from /home/airflow/.local/lib/python3.8/site-packages/airflow/example_dags/example_xcom.py
[2026-04-21T00:13:23.453+0000] {processor.py:840} INFO - DAG(s) 'example_xcom' retrieved from /home/airflow/.local/lib/python3.8/site-packages/airflow/example_dags/example_xcom.py
[2026-04-21T00:13:23.477+0000] {logging_mixin.py:188} INFO - [2026-04-21T00:13:23.477+0000] {dag.py:3036} INFO - Sync 1 DAGs
[2026-04-21T00:13:23.501+0000] {logging_mixin.py:188} INFO - [2026-04-21T00:13:23.500+0000] {dag.py:3823} INFO - Setting next_dagrun for example_xcom to 2021-01-01 00:00:00+00:00, run_after=2021-01-01 00:00:00+00:00
[2026-04-21T00:13:23.520+0000] {processor.py:183} INFO - Processing /home/airflow/.local/lib/python3.8/site-packages/airflow/example_dags/example_xcom.py took 0.086 seconds
[2026-04-21T00:13:53.864+0000] {processor.py:161} INFO - Started process (PID=3703167) to work on /home/airflow/.local/lib/python3.8/site-packages/airflow/example_dags/example_xcom.py
[2026-04-21T00:13:53.865+0000] {processor.py:830} INFO - Processing file /home/airflow/.local/lib/python3.8/site-packages/airflow/example_dags/example_xcom.py for tasks to queue
[2026-04-21T00:13:53.867+0000] {logging_mixin.py:188} INFO - [2026-04-21T00:13:53.867+0000] {dagbag.py:538} INFO - Filling up the DagBag from /home/airflow/.local/lib/python3.8/site-packages/airflow/example_dags/example_xcom.py
[2026-04-21T00:13:53.877+0000] {processor.py:840} INFO - DAG(s) 'example_xcom' retrieved from /home/airflow/.local/lib/python3.8/site-packages/airflow/example_dags/example_xcom.py
[2026-04-21T00:13:53.904+0000] {logging_mixin.py:188} INFO - [2026-04-21T00:13:53.904+0000] {dag.py:3036} INFO - Sync 1 DAGs
[2026-04-21T00:13:53.928+0000] {logging_mixin.py:188} INFO - [2026-04-21T00:13:53.927+0000] {dag.py:3823} INFO - Setting next_dagrun for example_xcom to 2021-01-01 00:00:00+00:00, run_after=2021-01-01 00:00:00+00:00
[2026-04-21T00:13:53.950+0000] {processor.py:183} INFO - Processing /home/airflow/.local/lib/python3.8/site-packages/airflow/example_dags/example_xcom.py took 0.091 seconds
[2026-04-21T00:14:24.170+0000] {processor.py:161} INFO - Started process (PID=3703224) to work on /home/airflow/.local/lib/python3.8/site-packages/airflow/example_dags/example_xcom.py
[2026-04-21T00:14:24.172+0000] {processor.py:830} INFO - Processing file /home/airflow/.local/lib/python3.8/site-packages/airflow/example_dags/example_xcom.py for tasks to queue
[2026-04-21T00:14:24.174+0000] {logging_mixin.py:188} INFO - [2026-04-21T00:14:24.174+0000] {dagbag.py:538} INFO - Filling up the DagBag from /home/airflow/.local/lib/python3.8/site-packages/airflow/example_dags/example_xcom.py
[2026-04-21T00:14:24.184+0000] {processor.py:840} INFO - DAG(s) 'example_xcom' retrieved from /home/airflow/.local/lib/python3.8/site-packages/airflow/example_dags/example_xcom.py
[2026-04-21T00:14:24.208+0000] {logging_mixin.py:188} INFO - [2026-04-21T00:14:24.208+0000] {dag.py:3036} INFO - Sync 1 DAGs
[2026-04-21T00:14:24.231+0000] {logging_mixin.py:188} INFO - [2026-04-21T00:14:24.231+0000] {dag.py:3823} INFO - Setting next_dagrun for example_xcom to 2021-01-01 00:00:00+00:00, run_after=2021-01-01 00:00:00+00:00
[2026-04-21T00:14:24.249+0000] {processor.py:183} INFO - Processing /home/airflow/.local/lib/python3.8/site-packages/airflow/example_dags/example_xcom.py took 0.084 seconds
[2026-04-21T00:14:54.900+0000] {processor.py:161} INFO - Started process (PID=3703279) to work on /home/airflow/.local/lib/python3.8/site-packages/airflow/example_dags/example_xcom.py
[2026-04-21T00:14:54.901+0000] {processor.py:830} INFO - Processing file /home/airflow/.local/lib/python3.8/site-packages/airflow/example_dags/example_xcom.py for tasks to queue
[2026-04-21T00:14:54.904+0000] {logging_mixin.py:188} INFO - [2026-04-21T00:14:54.903+0000] {dagbag.py:538} INFO - Filling up the DagBag from /home/airflow/.local/lib/python3.8/site-packages/airflow/example_dags/example_xcom.py
[2026-04-21T00:14:54.914+0000] {processor.py:840} INFO - DAG(s) 'example_xcom' retrieved from /home/airflow/.local/lib/python3.8/site-packages/airflow/example_dags/example_xcom.py
[2026-04-21T00:14:54.938+0000] {logging_mixin.py:188} INFO - [2026-04-21T00:14:54.938+0000] {dag.py:3036} INFO - Sync 1 DAGs
[2026-04-21T00:14:54.962+0000] {logging_mixin.py:188} INFO - [2026-04-21T00:14:54.962+0000] {dag.py:3823} INFO - Setting next_dagrun for example_xcom to 2021-01-01 00:00:00+00:00, run_after=2021-01-01 00:00:00+00:00
[2026-04-21T00:14:54.981+0000] {processor.py:183} INFO - Processing /home/airflow/.local/lib/python3.8/site-packages/airflow/example_dags/example_xcom.py took 0.086 seconds
[2026-04-21T00:15:25.662+0000] {processor.py:161} INFO - Started process (PID=3703336) to work on /home/airflow/.local/lib/python3.8/site-packages/airflow/example_dags/example_xcom.py
[2026-04-21T00:15:25.664+0000] {processor.py:830} INFO - Processing file /home/airflow/.local/lib/python3.8/site-packages/airflow/example_dags/example_xcom.py for tasks to queue
[2026-04-21T00:15:25.666+0000] {logging_mixin.py:188} INFO - [2026-04-21T00:15:25.666+0000] {dagbag.py:538} INFO - Filling up the DagBag from /home/airflow/.local/lib/python3.8/site-packages/airflow/example_dags/example_xcom.py
[2026-04-21T00:15:25.676+0000] {processor.py:840} INFO - DAG(s) 'example_xcom' retrieved from /home/airflow/.local/lib/python3.8/site-packages/airflow/example_dags/example_xcom.py
[2026-04-21T00:15:25.700+0000] {logging_mixin.py:188} INFO - [2026-04-21T00:15:25.700+0000] {dag.py:3036} INFO - Sync 1 DAGs
[2026-04-21T00:15:25.724+0000] {logging_mixin.py:188} INFO - [2026-04-21T00:15:25.723+0000] {dag.py:3823} INFO - Setting next_dagrun for example_xcom to 2021-01-01 00:00:00+00:00, run_after=2021-01-01 00:00:00+00:00
[2026-04-21T00:15:25.742+0000] {processor.py:183} INFO - Processing /home/airflow/.local/lib/python3.8/site-packages/airflow/example_dags/example_xcom.py took 0.085 seconds
[2026-04-21T00:15:56.548+0000] {processor.py:161} INFO - Started process (PID=3703393) to work on /home/airflow/.local/lib/python3.8/site-packages/airflow/example_dags/example_xcom.py
[2026-04-21T00:15:56.550+0000] {processor.py:830} INFO - Processing file /home/airflow/.local/lib/python3.8/site-packages/airflow/example_dags/example_xcom.py for tasks to queue
[2026-04-21T00:15:56.552+0000] {logging_mixin.py:188} INFO - [2026-04-21T00:15:56.552+0000] {dagbag.py:538} INFO - Filling up the DagBag from /home/airflow/.local/lib/python3.8/site-packages/airflow/example_dags/example_xcom.py
[2026-04-21T00:15:56.563+0000] {processor.py:840} INFO - DAG(s) 'example_xcom' retrieved from /home/airflow/.local/lib/python3.8/site-packages/airflow/example_dags/example_xcom.py
[2026-04-21T00:15:56.588+0000] {logging_mixin.py:188} INFO - [2026-04-21T00:15:56.588+0000] {dag.py:3036} INFO - Sync 1 DAGs
[2026-04-21T00:15:56.613+0000] {logging_mixin.py:188} INFO - [2026-04-21T00:15:56.612+0000] {dag.py:3823} INFO - Setting next_dagrun for example_xcom to 2021-01-01 00:00:00+00:00, run_after=2021-01-01 00:00:00+00:00
[2026-04-21T00:15:56.632+0000] {processor.py:183} INFO - Processing /home/airflow/.local/lib/python3.8/site-packages/airflow/example_dags/example_xcom.py took 0.089 seconds
[2026-04-21T00:16:26.954+0000] {processor.py:161} INFO - Started process (PID=3703449) to work on /home/airflow/.local/lib/python3.8/site-packages/airflow/example_dags/example_xcom.py
[2026-04-21T00:16:26.956+0000] {processor.py:830} INFO - Processing file /home/airflow/.local/lib/python3.8/site-packages/airflow/example_dags/example_xcom.py for tasks to queue
[2026-04-21T00:16:26.958+0000] {logging_mixin.py:188} INFO - [2026-04-21T00:16:26.958+0000] {dagbag.py:538} INFO - Filling up the DagBag from /home/airflow/.local/lib/python3.8/site-packages/airflow/example_dags/example_xcom.py
[2026-04-21T00:16:26.968+0000] {processor.py:840} INFO - DAG(s) 'example_xcom' retrieved from /home/airflow/.local/lib/python3.8/site-packages/airflow/example_dags/example_xcom.py
[2026-04-21T00:16:26.992+0000] {logging_mixin.py:188} INFO - [2026-04-21T00:16:26.992+0000] {dag.py:3036} INFO - Sync 1 DAGs
[2026-04-21T00:16:27.017+0000] {logging_mixin.py:188} INFO - [2026-04-21T00:16:27.017+0000] {dag.py:3823} INFO - Setting next_dagrun for example_xcom to 2021-01-01 00:00:00+00:00, run_after=2021-01-01 00:00:00+00:00
[2026-04-21T00:16:27.038+0000] {processor.py:183} INFO - Processing /home/airflow/.local/lib/python3.8/site-packages/airflow/example_dags/example_xcom.py took 0.088 seconds
[2026-04-21T00:16:57.492+0000] {processor.py:161} INFO - Started process (PID=3703506) to work on /home/airflow/.local/lib/python3.8/site-packages/airflow/example_dags/example_xcom.py
[2026-04-21T00:16:57.494+0000] {processor.py:830} INFO - Processing file /home/airflow/.local/lib/python3.8/site-packages/airflow/example_dags/example_xcom.py for tasks to queue
[2026-04-21T00:16:57.496+0000] {logging_mixin.py:188} INFO - [2026-04-21T00:16:57.495+0000] {dagbag.py:538} INFO - Filling up the DagBag from /home/airflow/.local/lib/python3.8/site-packages/airflow/example_dags/example_xcom.py
[2026-04-21T00:16:57.505+0000] {processor.py:840} INFO - DAG(s) 'example_xcom' retrieved from /home/airflow/.local/lib/python3.8/site-packages/airflow/example_dags/example_xcom.py
[2026-04-21T00:16:57.528+0000] {logging_mixin.py:188} INFO - [2026-04-21T00:16:57.528+0000] {dag.py:3036} INFO - Sync 1 DAGs
[2026-04-21T00:16:57.551+0000] {logging_mixin.py:188} INFO - [2026-04-21T00:16:57.551+0000] {dag.py:3823} INFO - Setting next_dagrun for example_xcom to 2021-01-01 00:00:00+00:00, run_after=2021-01-01 00:00:00+00:00
[2026-04-21T00:16:57.570+0000] {processor.py:183} INFO - Processing /home/airflow/.local/lib/python3.8/site-packages/airflow/example_dags/example_xcom.py took 0.082 seconds
[2026-04-21T00:17:28.202+0000] {processor.py:161} INFO - Started process (PID=3703563) to work on /home/airflow/.local/lib/python3.8/site-packages/airflow/example_dags/example_xcom.py
[2026-04-21T00:17:28.204+0000] {processor.py:830} INFO - Processing file /home/airflow/.local/lib/python3.8/site-packages/airflow/example_dags/example_xcom.py for tasks to queue
[2026-04-21T00:17:28.207+0000] {logging_mixin.py:188} INFO - [2026-04-21T00:17:28.206+0000] {dagbag.py:538} INFO - Filling up the DagBag from /home/airflow/.local/lib/python3.8/site-packages/airflow/example_dags/example_xcom.py
[2026-04-21T00:17:28.217+0000] {processor.py:840} INFO - DAG(s) 'example_xcom' retrieved from /home/airflow/.local/lib/python3.8/site-packages/airflow/example_dags/example_xcom.py
[2026-04-21T00:17:28.244+0000] {logging_mixin.py:188} INFO - [2026-04-21T00:17:28.243+0000] {dag.py:3036} INFO - Sync 1 DAGs
[2026-04-21T00:17:28.268+0000] {logging_mixin.py:188} INFO - [2026-04-21T00:17:28.268+0000] {dag.py:3823} INFO - Setting next_dagrun for example_xcom to 2021-01-01 00:00:00+00:00, run_after=2021-01-01 00:00:00+00:00
[2026-04-21T00:17:28.287+0000] {processor.py:183} INFO - Processing /home/airflow/.local/lib/python3.8/site-packages/airflow/example_dags/example_xcom.py took 0.090 seconds
[2026-04-21T00:17:58.516+0000] {processor.py:161} INFO - Started process (PID=3703620) to work on /home/airflow/.local/lib/python3.8/site-packages/airflow/example_dags/example_xcom.py
[2026-04-21T00:17:58.518+0000] {processor.py:830} INFO - Processing file /home/airflow/.local/lib/python3.8/site-packages/airflow/example_dags/example_xcom.py for tasks to queue
[2026-04-21T00:17:58.520+0000] {logging_mixin.py:188} INFO - [2026-04-21T00:17:58.520+0000] {dagbag.py:538} INFO - Filling up the DagBag from /home/airflow/.local/lib/python3.8/site-packages/airflow/example_dags/example_xcom.py
[2026-04-21T00:17:58.530+0000] {processor.py:840} INFO - DAG(s) 'example_xcom' retrieved from /home/airflow/.local/lib/python3.8/site-packages/airflow/example_dags/example_xcom.py
[2026-04-21T00:17:58.553+0000] {logging_mixin.py:188} INFO - [2026-04-21T00:17:58.553+0000] {dag.py:3036} INFO - Sync 1 DAGs
[2026-04-21T00:17:58.576+0000] {logging_mixin.py:188} INFO - [2026-04-21T00:17:58.576+0000] {dag.py:3823} INFO - Setting next_dagrun for example_xcom to 2021-01-01 00:00:00+00:00, run_after=2021-01-01 00:00:00+00:00
[2026-04-21T00:17:58.595+0000] {processor.py:183} INFO - Processing /home/airflow/.local/lib/python3.8/site-packages/airflow/example_dags/example_xcom.py took 0.083 seconds
[2026-04-21T00:18:28.949+0000] {processor.py:161} INFO - Started process (PID=3703677) to work on /home/airflow/.local/lib/python3.8/site-packages/airflow/example_dags/example_xcom.py
[2026-04-21T00:18:28.951+0000] {processor.py:830} INFO - Processing file /home/airflow/.local/lib/python3.8/site-packages/airflow/example_dags/example_xcom.py for tasks to queue
[2026-04-21T00:18:28.953+0000] {logging_mixin.py:188} INFO - [2026-04-21T00:18:28.953+0000] {dagbag.py:538} INFO - Filling up the DagBag from /home/airflow/.local/lib/python3.8/site-packages/airflow/example_dags/example_xcom.py
[2026-04-21T00:18:28.963+0000] {processor.py:840} INFO - DAG(s) 'example_xcom' retrieved from /home/airflow/.local/lib/python3.8/site-packages/airflow/example_dags/example_xcom.py
[2026-04-21T00:18:28.991+0000] {logging_mixin.py:188} INFO - [2026-04-21T00:18:28.990+0000] {dag.py:3036} INFO - Sync 1 DAGs
[2026-04-21T00:18:29.015+0000] {logging_mixin.py:188} INFO - [2026-04-21T00:18:29.015+0000] {dag.py:3823} INFO - Setting next_dagrun for example_xcom to 2021-01-01 00:00:00+00:00, run_after=2021-01-01 00:00:00+00:00
[2026-04-21T00:18:29.044+0000] {processor.py:183} INFO - Processing /home/airflow/.local/lib/python3.8/site-packages/airflow/example_dags/example_xcom.py took 0.099 seconds
[2026-04-21T00:18:59.358+0000] {processor.py:161} INFO - Started process (PID=3703740) to work on /home/airflow/.local/lib/python3.8/site-packages/airflow/example_dags/example_xcom.py
[2026-04-21T00:18:59.360+0000] {processor.py:830} INFO - Processing file /home/airflow/.local/lib/python3.8/site-packages/airflow/example_dags/example_xcom.py for tasks to queue
[2026-04-21T00:18:59.362+0000] {logging_mixin.py:188} INFO - [2026-04-21T00:18:59.362+0000] {dagbag.py:538} INFO - Filling up the DagBag from /home/airflow/.local/lib/python3.8/site-packages/airflow/example_dags/example_xcom.py
[2026-04-21T00:18:59.372+0000] {processor.py:840} INFO - DAG(s) 'example_xcom' retrieved from /home/airflow/.local/lib/python3.8/site-packages/airflow/example_dags/example_xcom.py
[2026-04-21T00:18:59.397+0000] {logging_mixin.py:188} INFO - [2026-04-21T00:18:59.397+0000] {dag.py:3036} INFO - Sync 1 DAGs
[2026-04-21T00:18:59.421+0000] {logging_mixin.py:188} INFO - [2026-04-21T00:18:59.420+0000] {dag.py:3823} INFO - Setting next_dagrun for example_xcom to 2021-01-01 00:00:00+00:00, run_after=2021-01-01 00:00:00+00:00
[2026-04-21T00:18:59.439+0000] {processor.py:183} INFO - Processing /home/airflow/.local/lib/python3.8/site-packages/airflow/example_dags/example_xcom.py took 0.087 seconds
[2026-04-21T00:19:29.593+0000] {processor.py:161} INFO - Started process (PID=3703797) to work on /home/airflow/.local/lib/python3.8/site-packages/airflow/example_dags/example_xcom.py
[2026-04-21T00:19:29.594+0000] {processor.py:830} INFO - Processing file /home/airflow/.local/lib/python3.8/site-packages/airflow/example_dags/example_xcom.py for tasks to queue
[2026-04-21T00:19:29.597+0000] {logging_mixin.py:188} INFO - [2026-04-21T00:19:29.596+0000] {dagbag.py:538} INFO - Filling up the DagBag from /home/airflow/.local/lib/python3.8/site-packages/airflow/example_dags/example_xcom.py
[2026-04-21T00:19:29.606+0000] {processor.py:840} INFO - DAG(s) 'example_xcom' retrieved from /home/airflow/.local/lib/python3.8/site-packages/airflow/example_dags/example_xcom.py
[2026-04-21T00:19:29.631+0000] {logging_mixin.py:188} INFO - [2026-04-21T00:19:29.630+0000] {dag.py:3036} INFO - Sync 1 DAGs
[2026-04-21T00:19:29.654+0000] {logging_mixin.py:188} INFO - [2026-04-21T00:19:29.654+0000] {dag.py:3823} INFO - Setting next_dagrun for example_xcom to 2021-01-01 00:00:00+00:00, run_after=2021-01-01 00:00:00+00:00
[2026-04-21T00:19:29.674+0000] {processor.py:183} INFO - Processing /home/airflow/.local/lib/python3.8/site-packages/airflow/example_dags/example_xcom.py took 0.086 seconds
[2026-04-21T00:19:59.873+0000] {processor.py:161} INFO - Started process (PID=3703854) to work on /home/airflow/.local/lib/python3.8/site-packages/airflow/example_dags/example_xcom.py
[2026-04-21T00:19:59.874+0000] {processor.py:830} INFO - Processing file /home/airflow/.local/lib/python3.8/site-packages/airflow/example_dags/example_xcom.py for tasks to queue
[2026-04-21T00:19:59.877+0000] {logging_mixin.py:188} INFO - [2026-04-21T00:19:59.876+0000] {dagbag.py:538} INFO - Filling up the DagBag from /home/airflow/.local/lib/python3.8/site-packages/airflow/example_dags/example_xcom.py
[2026-04-21T00:19:59.887+0000] {processor.py:840} INFO - DAG(s) 'example_xcom' retrieved from /home/airflow/.local/lib/python3.8/site-packages/airflow/example_dags/example_xcom.py
[2026-04-21T00:19:59.914+0000] {logging_mixin.py:188} INFO - [2026-04-21T00:19:59.913+0000] {dag.py:3036} INFO - Sync 1 DAGs
[2026-04-21T00:19:59.938+0000] {logging_mixin.py:188} INFO - [2026-04-21T00:19:59.938+0000] {dag.py:3823} INFO - Setting next_dagrun for example_xcom to 2021-01-01 00:00:00+00:00, run_after=2021-01-01 00:00:00+00:00
[2026-04-21T00:19:59.957+0000] {processor.py:183} INFO - Processing /home/airflow/.local/lib/python3.8/site-packages/airflow/example_dags/example_xcom.py took 0.089 seconds
[2026-04-21T00:20:30.111+0000] {processor.py:161} INFO - Started process (PID=3703911) to work on /home/airflow/.local/lib/python3.8/site-packages/airflow/example_dags/example_xcom.py
[2026-04-21T00:20:30.113+0000] {processor.py:830} INFO - Processing file /home/airflow/.local/lib/python3.8/site-packages/airflow/example_dags/example_xcom.py for tasks to queue
[2026-04-21T00:20:30.115+0000] {logging_mixin.py:188} INFO - [2026-04-21T00:20:30.115+0000] {dagbag.py:538} INFO - Filling up the DagBag from /home/airflow/.local/lib/python3.8/site-packages/airflow/example_dags/example_xcom.py
[2026-04-21T00:20:30.125+0000] {processor.py:840} INFO - DAG(s) 'example_xcom' retrieved from /home/airflow/.local/lib/python3.8/site-packages/airflow/example_dags/example_xcom.py
[2026-04-21T00:20:30.149+0000] {logging_mixin.py:188} INFO - [2026-04-21T00:20:30.148+0000] {dag.py:3036} INFO - Sync 1 DAGs
[2026-04-21T00:20:30.172+0000] {logging_mixin.py:188} INFO - [2026-04-21T00:20:30.172+0000] {dag.py:3823} INFO - Setting next_dagrun for example_xcom to 2021-01-01 00:00:00+00:00, run_after=2021-01-01 00:00:00+00:00
[2026-04-21T00:20:30.199+0000] {processor.py:183} INFO - Processing /home/airflow/.local/lib/python3.8/site-packages/airflow/example_dags/example_xcom.py took 0.093 seconds
[2026-04-21T00:21:00.361+0000] {processor.py:161} INFO - Started process (PID=3703968) to work on /home/airflow/.local/lib/python3.8/site-packages/airflow/example_dags/example_xcom.py
[2026-04-21T00:21:00.362+0000] {processor.py:830} INFO - Processing file /home/airflow/.local/lib/python3.8/site-packages/airflow/example_dags/example_xcom.py for tasks to queue
[2026-04-21T00:21:00.364+0000] {logging_mixin.py:188} INFO - [2026-04-21T00:21:00.364+0000] {dagbag.py:538} INFO - Filling up the DagBag from /home/airflow/.local/lib/python3.8/site-packages/airflow/example_dags/example_xcom.py
[2026-04-21T00:21:00.374+0000] {processor.py:840} INFO - DAG(s) 'example_xcom' retrieved from /home/airflow/.local/lib/python3.8/site-packages/airflow/example_dags/example_xcom.py
[2026-04-21T00:21:00.398+0000] {logging_mixin.py:188} INFO - [2026-04-21T00:21:00.398+0000] {dag.py:3036} INFO - Sync 1 DAGs
[2026-04-21T00:21:00.422+0000] {logging_mixin.py:188} INFO - [2026-04-21T00:21:00.422+0000] {dag.py:3823} INFO - Setting next_dagrun for example_xcom to 2021-01-01 00:00:00+00:00, run_after=2021-01-01 00:00:00+00:00
[2026-04-21T00:21:00.440+0000] {processor.py:183} INFO - Processing /home/airflow/.local/lib/python3.8/site-packages/airflow/example_dags/example_xcom.py took 0.084 seconds
[2026-04-21T00:21:30.589+0000] {processor.py:161} INFO - Started process (PID=3704025) to work on /home/airflow/.local/lib/python3.8/site-packages/airflow/example_dags/example_xcom.py
[2026-04-21T00:21:30.591+0000] {processor.py:830} INFO - Processing file /home/airflow/.local/lib/python3.8/site-packages/airflow/example_dags/example_xcom.py for tasks to queue
[2026-04-21T00:21:30.593+0000] {logging_mixin.py:188} INFO - [2026-04-21T00:21:30.593+0000] {dagbag.py:538} INFO - Filling up the DagBag from /home/airflow/.local/lib/python3.8/site-packages/airflow/example_dags/example_xcom.py
[2026-04-21T00:21:30.602+0000] {processor.py:840} INFO - DAG(s) 'example_xcom' retrieved from /home/airflow/.local/lib/python3.8/site-packages/airflow/example_dags/example_xcom.py
[2026-04-21T00:21:30.626+0000] {logging_mixin.py:188} INFO - [2026-04-21T00:21:30.626+0000] {dag.py:3036} INFO - Sync 1 DAGs
[2026-04-21T00:21:30.650+0000] {logging_mixin.py:188} INFO - [2026-04-21T00:21:30.649+0000] {dag.py:3823} INFO - Setting next_dagrun for example_xcom to 2021-01-01 00:00:00+00:00, run_after=2021-01-01 00:00:00+00:00
[2026-04-21T00:21:30.668+0000] {processor.py:183} INFO - Processing /home/airflow/.local/lib/python3.8/site-packages/airflow/example_dags/example_xcom.py took 0.084 seconds
[2026-04-21T00:22:01.319+0000] {processor.py:161} INFO - Started process (PID=3704082) to work on /home/airflow/.local/lib/python3.8/site-packages/airflow/example_dags/example_xcom.py
[2026-04-21T00:22:01.321+0000] {processor.py:830} INFO - Processing file /home/airflow/.local/lib/python3.8/site-packages/airflow/example_dags/example_xcom.py for tasks to queue
[2026-04-21T00:22:01.323+0000] {logging_mixin.py:188} INFO - [2026-04-21T00:22:01.323+0000] {dagbag.py:538} INFO - Filling up the DagBag from /home/airflow/.local/lib/python3.8/site-packages/airflow/example_dags/example_xcom.py
[2026-04-21T00:22:01.333+0000] {processor.py:840} INFO - DAG(s) 'example_xcom' retrieved from /home/airflow/.local/lib/python3.8/site-packages/airflow/example_dags/example_xcom.py
[2026-04-21T00:22:01.357+0000] {logging_mixin.py:188} INFO - [2026-04-21T00:22:01.357+0000] {dag.py:3036} INFO - Sync 1 DAGs
[2026-04-21T00:22:01.381+0000] {logging_mixin.py:188} INFO - [2026-04-21T00:22:01.380+0000] {dag.py:3823} INFO - Setting next_dagrun for example_xcom to 2021-01-01 00:00:00+00:00, run_after=2021-01-01 00:00:00+00:00
[2026-04-21T00:22:01.399+0000] {processor.py:183} INFO - Processing /home/airflow/.local/lib/python3.8/site-packages/airflow/example_dags/example_xcom.py took 0.085 seconds
[2026-04-21T00:22:32.336+0000] {processor.py:161} INFO - Started process (PID=3704139) to work on /home/airflow/.local/lib/python3.8/site-packages/airflow/example_dags/example_xcom.py
[2026-04-21T00:22:32.339+0000] {processor.py:830} INFO - Processing file /home/airflow/.local/lib/python3.8/site-packages/airflow/example_dags/example_xcom.py for tasks to queue
[2026-04-21T00:22:32.342+0000] {logging_mixin.py:188} INFO - [2026-04-21T00:22:32.341+0000] {dagbag.py:538} INFO - Filling up the DagBag from /home/airflow/.local/lib/python3.8/site-packages/airflow/example_dags/example_xcom.py
[2026-04-21T00:22:32.352+0000] {processor.py:840} INFO - DAG(s) 'example_xcom' retrieved from /home/airflow/.local/lib/python3.8/site-packages/airflow/example_dags/example_xcom.py
[2026-04-21T00:22:32.377+0000] {logging_mixin.py:188} INFO - [2026-04-21T00:22:32.377+0000] {dag.py:3036} INFO - Sync 1 DAGs
[2026-04-21T00:22:32.645+0000] {logging_mixin.py:188} INFO - [2026-04-21T00:22:32.644+0000] {dag.py:3823} INFO - Setting next_dagrun for example_xcom to 2021-01-01 00:00:00+00:00, run_after=2021-01-01 00:00:00+00:00
[2026-04-21T00:22:32.663+0000] {processor.py:183} INFO - Processing /home/airflow/.local/lib/python3.8/site-packages/airflow/example_dags/example_xcom.py took 0.331 seconds
[2026-04-21T00:23:03.154+0000] {processor.py:161} INFO - Started process (PID=3704196) to work on /home/airflow/.local/lib/python3.8/site-packages/airflow/example_dags/example_xcom.py
[2026-04-21T00:23:03.156+0000] {processor.py:830} INFO - Processing file /home/airflow/.local/lib/python3.8/site-packages/airflow/example_dags/example_xcom.py for tasks to queue
[2026-04-21T00:23:03.159+0000] {logging_mixin.py:188} INFO - [2026-04-21T00:23:03.158+0000] {dagbag.py:538} INFO - Filling up the DagBag from /home/airflow/.local/lib/python3.8/site-packages/airflow/example_dags/example_xcom.py
[2026-04-21T00:23:03.169+0000] {processor.py:840} INFO - DAG(s) 'example_xcom' retrieved from /home/airflow/.local/lib/python3.8/site-packages/airflow/example_dags/example_xcom.py
[2026-04-21T00:23:03.195+0000] {logging_mixin.py:188} INFO - [2026-04-21T00:23:03.195+0000] {dag.py:3036} INFO - Sync 1 DAGs
[2026-04-21T00:23:03.431+0000] {logging_mixin.py:188} INFO - [2026-04-21T00:23:03.431+0000] {dag.py:3823} INFO - Setting next_dagrun for example_xcom to 2021-01-01 00:00:00+00:00, run_after=2021-01-01 00:00:00+00:00
[2026-04-21T00:23:03.450+0000] {processor.py:183} INFO - Processing /home/airflow/.local/lib/python3.8/site-packages/airflow/example_dags/example_xcom.py took 0.300 seconds
[2026-04-21T00:23:33.811+0000] {processor.py:161} INFO - Started process (PID=3704253) to work on /home/airflow/.local/lib/python3.8/site-packages/airflow/example_dags/example_xcom.py
[2026-04-21T00:23:33.812+0000] {processor.py:830} INFO - Processing file /home/airflow/.local/lib/python3.8/site-packages/airflow/example_dags/example_xcom.py for tasks to queue
[2026-04-21T00:23:33.814+0000] {logging_mixin.py:188} INFO - [2026-04-21T00:23:33.814+0000] {dagbag.py:538} INFO - Filling up the DagBag from /home/airflow/.local/lib/python3.8/site-packages/airflow/example_dags/example_xcom.py
[2026-04-21T00:23:33.824+0000] {processor.py:840} INFO - DAG(s) 'example_xcom' retrieved from /home/airflow/.local/lib/python3.8/site-packages/airflow/example_dags/example_xcom.py
[2026-04-21T00:23:33.847+0000] {logging_mixin.py:188} INFO - [2026-04-21T00:23:33.847+0000] {dag.py:3036} INFO - Sync 1 DAGs
[2026-04-21T00:23:33.870+0000] {logging_mixin.py:188} INFO - [2026-04-21T00:23:33.870+0000] {dag.py:3823} INFO - Setting next_dagrun for example_xcom to 2021-01-01 00:00:00+00:00, run_after=2021-01-01 00:00:00+00:00
[2026-04-21T00:23:34.099+0000] {processor.py:183} INFO - Processing /home/airflow/.local/lib/python3.8/site-packages/airflow/example_dags/example_xcom.py took 0.292 seconds
[2026-04-21T00:24:04.743+0000] {processor.py:161} INFO - Started process (PID=3704311) to work on /home/airflow/.local/lib/python3.8/site-packages/airflow/example_dags/example_xcom.py
[2026-04-21T00:24:04.745+0000] {processor.py:830} INFO - Processing file /home/airflow/.local/lib/python3.8/site-packages/airflow/example_dags/example_xcom.py for tasks to queue
[2026-04-21T00:24:04.747+0000] {logging_mixin.py:188} INFO - [2026-04-21T00:24:04.747+0000] {dagbag.py:538} INFO - Filling up the DagBag from /home/airflow/.local/lib/python3.8/site-packages/airflow/example_dags/example_xcom.py
[2026-04-21T00:24:04.757+0000] {processor.py:840} INFO - DAG(s) 'example_xcom' retrieved from /home/airflow/.local/lib/python3.8/site-packages/airflow/example_dags/example_xcom.py
[2026-04-21T00:24:04.779+0000] {logging_mixin.py:188} INFO - [2026-04-21T00:24:04.779+0000] {dag.py:3036} INFO - Sync 1 DAGs
[2026-04-21T00:24:04.803+0000] {logging_mixin.py:188} INFO - [2026-04-21T00:24:04.802+0000] {dag.py:3823} INFO - Setting next_dagrun for example_xcom to 2021-01-01 00:00:00+00:00, run_after=2021-01-01 00:00:00+00:00
[2026-04-21T00:24:04.823+0000] {processor.py:183} INFO - Processing /home/airflow/.local/lib/python3.8/site-packages/airflow/example_dags/example_xcom.py took 0.084 seconds
[2026-04-21T00:24:35.633+0000] {processor.py:161} INFO - Started process (PID=3704368) to work on /home/airflow/.local/lib/python3.8/site-packages/airflow/example_dags/example_xcom.py
[2026-04-21T00:24:35.635+0000] {processor.py:830} INFO - Processing file /home/airflow/.local/lib/python3.8/site-packages/airflow/example_dags/example_xcom.py for tasks to queue
[2026-04-21T00:24:35.637+0000] {logging_mixin.py:188} INFO - [2026-04-21T00:24:35.637+0000] {dagbag.py:538} INFO - Filling up the DagBag from /home/airflow/.local/lib/python3.8/site-packages/airflow/example_dags/example_xcom.py
[2026-04-21T00:24:35.647+0000] {processor.py:840} INFO - DAG(s) 'example_xcom' retrieved from /home/airflow/.local/lib/python3.8/site-packages/airflow/example_dags/example_xcom.py
[2026-04-21T00:24:35.669+0000] {logging_mixin.py:188} INFO - [2026-04-21T00:24:35.669+0000] {dag.py:3036} INFO - Sync 1 DAGs
[2026-04-21T00:24:35.692+0000] {logging_mixin.py:188} INFO - [2026-04-21T00:24:35.692+0000] {dag.py:3823} INFO - Setting next_dagrun for example_xcom to 2021-01-01 00:00:00+00:00, run_after=2021-01-01 00:00:00+00:00
[2026-04-21T00:24:35.710+0000] {processor.py:183} INFO - Processing /home/airflow/.local/lib/python3.8/site-packages/airflow/example_dags/example_xcom.py took 0.082 seconds
[2026-04-21T00:25:05.840+0000] {processor.py:161} INFO - Started process (PID=3704425) to work on /home/airflow/.local/lib/python3.8/site-packages/airflow/example_dags/example_xcom.py
[2026-04-21T00:25:05.841+0000] {processor.py:830} INFO - Processing file /home/airflow/.local/lib/python3.8/site-packages/airflow/example_dags/example_xcom.py for tasks to queue
[2026-04-21T00:25:05.844+0000] {logging_mixin.py:188} INFO - [2026-04-21T00:25:05.843+0000] {dagbag.py:538} INFO - Filling up the DagBag from /home/airflow/.local/lib/python3.8/site-packages/airflow/example_dags/example_xcom.py
[2026-04-21T00:25:05.854+0000] {processor.py:840} INFO - DAG(s) 'example_xcom' retrieved from /home/airflow/.local/lib/python3.8/site-packages/airflow/example_dags/example_xcom.py
[2026-04-21T00:25:06.071+0000] {logging_mixin.py:188} INFO - [2026-04-21T00:25:06.070+0000] {dag.py:3036} INFO - Sync 1 DAGs
[2026-04-21T00:25:06.092+0000] {logging_mixin.py:188} INFO - [2026-04-21T00:25:06.091+0000] {dag.py:3823} INFO - Setting next_dagrun for example_xcom to 2021-01-01 00:00:00+00:00, run_after=2021-01-01 00:00:00+00:00
[2026-04-21T00:25:06.109+0000] {processor.py:183} INFO - Processing /home/airflow/.local/lib/python3.8/site-packages/airflow/example_dags/example_xcom.py took 0.273 seconds
[2026-04-21T00:25:36.232+0000] {processor.py:161} INFO - Started process (PID=3704482) to work on /home/airflow/.local/lib/python3.8/site-packages/airflow/example_dags/example_xcom.py
[2026-04-21T00:25:36.233+0000] {processor.py:830} INFO - Processing file /home/airflow/.local/lib/python3.8/site-packages/airflow/example_dags/example_xcom.py for tasks to queue
[2026-04-21T00:25:36.235+0000] {logging_mixin.py:188} INFO - [2026-04-21T00:25:36.235+0000] {dagbag.py:538} INFO - Filling up the DagBag from /home/airflow/.local/lib/python3.8/site-packages/airflow/example_dags/example_xcom.py
[2026-04-21T00:25:36.245+0000] {processor.py:840} INFO - DAG(s) 'example_xcom' retrieved from /home/airflow/.local/lib/python3.8/site-packages/airflow/example_dags/example_xcom.py
[2026-04-21T00:25:36.271+0000] {logging_mixin.py:188} INFO - [2026-04-21T00:25:36.270+0000] {dag.py:3036} INFO - Sync 1 DAGs
[2026-04-21T00:25:36.295+0000] {logging_mixin.py:188} INFO - [2026-04-21T00:25:36.295+0000] {dag.py:3823} INFO - Setting next_dagrun for example_xcom to 2021-01-01 00:00:00+00:00, run_after=2021-01-01 00:00:00+00:00
[2026-04-21T00:25:36.314+0000] {processor.py:183} INFO - Processing /home/airflow/.local/lib/python3.8/site-packages/airflow/example_dags/example_xcom.py took 0.087 seconds
[2026-04-21T00:26:06.392+0000] {processor.py:161} INFO - Started process (PID=3704539) to work on /home/airflow/.local/lib/python3.8/site-packages/airflow/example_dags/example_xcom.py
[2026-04-21T00:26:06.394+0000] {processor.py:830} INFO - Processing file /home/airflow/.local/lib/python3.8/site-packages/airflow/example_dags/example_xcom.py for tasks to queue
[2026-04-21T00:26:06.397+0000] {logging_mixin.py:188} INFO - [2026-04-21T00:26:06.396+0000] {dagbag.py:538} INFO - Filling up the DagBag from /home/airflow/.local/lib/python3.8/site-packages/airflow/example_dags/example_xcom.py
[2026-04-21T00:26:06.407+0000] {processor.py:840} INFO - DAG(s) 'example_xcom' retrieved from /home/airflow/.local/lib/python3.8/site-packages/airflow/example_dags/example_xcom.py
[2026-04-21T00:26:06.432+0000] {logging_mixin.py:188} INFO - [2026-04-21T00:26:06.432+0000] {dag.py:3036} INFO - Sync 1 DAGs
[2026-04-21T00:26:06.456+0000] {logging_mixin.py:188} INFO - [2026-04-21T00:26:06.456+0000] {dag.py:3823} INFO - Setting next_dagrun for example_xcom to 2021-01-01 00:00:00+00:00, run_after=2021-01-01 00:00:00+00:00
[2026-04-21T00:26:06.475+0000] {processor.py:183} INFO - Processing /home/airflow/.local/lib/python3.8/site-packages/airflow/example_dags/example_xcom.py took 0.088 seconds
[2026-04-21T00:26:36.607+0000] {processor.py:161} INFO - Started process (PID=3704596) to work on /home/airflow/.local/lib/python3.8/site-packages/airflow/example_dags/example_xcom.py
[2026-04-21T00:26:36.608+0000] {processor.py:830} INFO - Processing file /home/airflow/.local/lib/python3.8/site-packages/airflow/example_dags/example_xcom.py for tasks to queue
[2026-04-21T00:26:36.610+0000] {logging_mixin.py:188} INFO - [2026-04-21T00:26:36.610+0000] {dagbag.py:538} INFO - Filling up the DagBag from /home/airflow/.local/lib/python3.8/site-packages/airflow/example_dags/example_xcom.py
[2026-04-21T00:26:36.621+0000] {processor.py:840} INFO - DAG(s) 'example_xcom' retrieved from /home/airflow/.local/lib/python3.8/site-packages/airflow/example_dags/example_xcom.py
[2026-04-21T00:26:36.647+0000] {logging_mixin.py:188} INFO - [2026-04-21T00:26:36.647+0000] {dag.py:3036} INFO - Sync 1 DAGs
[2026-04-21T00:26:36.670+0000] {logging_mixin.py:188} INFO - [2026-04-21T00:26:36.670+0000] {dag.py:3823} INFO - Setting next_dagrun for example_xcom to 2021-01-01 00:00:00+00:00, run_after=2021-01-01 00:00:00+00:00
[2026-04-21T00:26:36.689+0000] {processor.py:183} INFO - Processing /home/airflow/.local/lib/python3.8/site-packages/airflow/example_dags/example_xcom.py took 0.088 seconds
[2026-04-21T00:27:06.806+0000] {processor.py:161} INFO - Started process (PID=3704653) to work on /home/airflow/.local/lib/python3.8/site-packages/airflow/example_dags/example_xcom.py
[2026-04-21T00:27:06.808+0000] {processor.py:830} INFO - Processing file /home/airflow/.local/lib/python3.8/site-packages/airflow/example_dags/example_xcom.py for tasks to queue
[2026-04-21T00:27:06.810+0000] {logging_mixin.py:188} INFO - [2026-04-21T00:27:06.810+0000] {dagbag.py:538} INFO - Filling up the DagBag from /home/airflow/.local/lib/python3.8/site-packages/airflow/example_dags/example_xcom.py
[2026-04-21T00:27:06.821+0000] {processor.py:840} INFO - DAG(s) 'example_xcom' retrieved from /home/airflow/.local/lib/python3.8/site-packages/airflow/example_dags/example_xcom.py
[2026-04-21T00:27:06.847+0000] {logging_mixin.py:188} INFO - [2026-04-21T00:27:06.847+0000] {dag.py:3036} INFO - Sync 1 DAGs
[2026-04-21T00:27:06.871+0000] {logging_mixin.py:188} INFO - [2026-04-21T00:27:06.871+0000] {dag.py:3823} INFO - Setting next_dagrun for example_xcom to 2021-01-01 00:00:00+00:00, run_after=2021-01-01 00:00:00+00:00
[2026-04-21T00:27:06.889+0000] {processor.py:183} INFO - Processing /home/airflow/.local/lib/python3.8/site-packages/airflow/example_dags/example_xcom.py took 0.088 seconds
[2026-04-21T00:27:37.245+0000] {processor.py:161} INFO - Started process (PID=3704710) to work on /home/airflow/.local/lib/python3.8/site-packages/airflow/example_dags/example_xcom.py
[2026-04-21T00:27:37.246+0000] {processor.py:830} INFO - Processing file /home/airflow/.local/lib/python3.8/site-packages/airflow/example_dags/example_xcom.py for tasks to queue
[2026-04-21T00:27:37.248+0000] {logging_mixin.py:188} INFO - [2026-04-21T00:27:37.248+0000] {dagbag.py:538} INFO - Filling up the DagBag from /home/airflow/.local/lib/python3.8/site-packages/airflow/example_dags/example_xcom.py
[2026-04-21T00:27:37.259+0000] {processor.py:840} INFO - DAG(s) 'example_xcom' retrieved from /home/airflow/.local/lib/python3.8/site-packages/airflow/example_dags/example_xcom.py
[2026-04-21T00:27:37.284+0000] {logging_mixin.py:188} INFO - [2026-04-21T00:27:37.283+0000] {dag.py:3036} INFO - Sync 1 DAGs
[2026-04-21T00:27:37.307+0000] {logging_mixin.py:188} INFO - [2026-04-21T00:27:37.307+0000] {dag.py:3823} INFO - Setting next_dagrun for example_xcom to 2021-01-01 00:00:00+00:00, run_after=2021-01-01 00:00:00+00:00
[2026-04-21T00:27:37.325+0000] {processor.py:183} INFO - Processing /home/airflow/.local/lib/python3.8/site-packages/airflow/example_dags/example_xcom.py took 0.085 seconds
[2026-04-21T00:28:07.560+0000] {processor.py:161} INFO - Started process (PID=3704767) to work on /home/airflow/.local/lib/python3.8/site-packages/airflow/example_dags/example_xcom.py
[2026-04-21T00:28:07.562+0000] {processor.py:830} INFO - Processing file /home/airflow/.local/lib/python3.8/site-packages/airflow/example_dags/example_xcom.py for tasks to queue
[2026-04-21T00:28:07.564+0000] {logging_mixin.py:188} INFO - [2026-04-21T00:28:07.564+0000] {dagbag.py:538} INFO - Filling up the DagBag from /home/airflow/.local/lib/python3.8/site-packages/airflow/example_dags/example_xcom.py
[2026-04-21T00:28:07.574+0000] {processor.py:840} INFO - DAG(s) 'example_xcom' retrieved from /home/airflow/.local/lib/python3.8/site-packages/airflow/example_dags/example_xcom.py
[2026-04-21T00:28:07.599+0000] {logging_mixin.py:188} INFO - [2026-04-21T00:28:07.599+0000] {dag.py:3036} INFO - Sync 1 DAGs
[2026-04-21T00:28:07.624+0000] {logging_mixin.py:188} INFO - [2026-04-21T00:28:07.623+0000] {dag.py:3823} INFO - Setting next_dagrun for example_xcom to 2021-01-01 00:00:00+00:00, run_after=2021-01-01 00:00:00+00:00
[2026-04-21T00:28:07.644+0000] {processor.py:183} INFO - Processing /home/airflow/.local/lib/python3.8/site-packages/airflow/example_dags/example_xcom.py took 0.089 seconds
[2026-04-21T00:28:37.994+0000] {processor.py:161} INFO - Started process (PID=3704824) to work on /home/airflow/.local/lib/python3.8/site-packages/airflow/example_dags/example_xcom.py
[2026-04-21T00:28:37.995+0000] {processor.py:830} INFO - Processing file /home/airflow/.local/lib/python3.8/site-packages/airflow/example_dags/example_xcom.py for tasks to queue
[2026-04-21T00:28:37.998+0000] {logging_mixin.py:188} INFO - [2026-04-21T00:28:37.997+0000] {dagbag.py:538} INFO - Filling up the DagBag from /home/airflow/.local/lib/python3.8/site-packages/airflow/example_dags/example_xcom.py
[2026-04-21T00:28:38.012+0000] {processor.py:840} INFO - DAG(s) 'example_xcom' retrieved from /home/airflow/.local/lib/python3.8/site-packages/airflow/example_dags/example_xcom.py
[2026-04-21T00:28:38.045+0000] {logging_mixin.py:188} INFO - [2026-04-21T00:28:38.044+0000] {dag.py:3036} INFO - Sync 1 DAGs
[2026-04-21T00:28:38.081+0000] {logging_mixin.py:188} INFO - [2026-04-21T00:28:38.080+0000] {dag.py:3823} INFO - Setting next_dagrun for example_xcom to 2021-01-01 00:00:00+00:00, run_after=2021-01-01 00:00:00+00:00
[2026-04-21T00:28:38.099+0000] {processor.py:183} INFO - Processing /home/airflow/.local/lib/python3.8/site-packages/airflow/example_dags/example_xcom.py took 0.111 seconds
[2026-04-21T00:29:08.238+0000] {processor.py:161} INFO - Started process (PID=3704881) to work on /home/airflow/.local/lib/python3.8/site-packages/airflow/example_dags/example_xcom.py
[2026-04-21T00:29:08.241+0000] {processor.py:830} INFO - Processing file /home/airflow/.local/lib/python3.8/site-packages/airflow/example_dags/example_xcom.py for tasks to queue
[2026-04-21T00:29:08.244+0000] {logging_mixin.py:188} INFO - [2026-04-21T00:29:08.243+0000] {dagbag.py:538} INFO - Filling up the DagBag from /home/airflow/.local/lib/python3.8/site-packages/airflow/example_dags/example_xcom.py
[2026-04-21T00:29:08.258+0000] {processor.py:840} INFO - DAG(s) 'example_xcom' retrieved from /home/airflow/.local/lib/python3.8/site-packages/airflow/example_dags/example_xcom.py
[2026-04-21T00:29:08.291+0000] {logging_mixin.py:188} INFO - [2026-04-21T00:29:08.291+0000] {dag.py:3036} INFO - Sync 1 DAGs
[2026-04-21T00:29:08.326+0000] {logging_mixin.py:188} INFO - [2026-04-21T00:29:08.325+0000] {dag.py:3823} INFO - Setting next_dagrun for example_xcom to 2021-01-01 00:00:00+00:00, run_after=2021-01-01 00:00:00+00:00
[2026-04-21T00:29:08.348+0000] {processor.py:183} INFO - Processing /home/airflow/.local/lib/python3.8/site-packages/airflow/example_dags/example_xcom.py took 0.116 seconds
[2026-04-21T00:29:38.445+0000] {processor.py:161} INFO - Started process (PID=3704938) to work on /home/airflow/.local/lib/python3.8/site-packages/airflow/example_dags/example_xcom.py
[2026-04-21T00:29:38.446+0000] {processor.py:830} INFO - Processing file /home/airflow/.local/lib/python3.8/site-packages/airflow/example_dags/example_xcom.py for tasks to queue
[2026-04-21T00:29:38.449+0000] {logging_mixin.py:188} INFO - [2026-04-21T00:29:38.448+0000] {dagbag.py:538} INFO - Filling up the DagBag from /home/airflow/.local/lib/python3.8/site-packages/airflow/example_dags/example_xcom.py
[2026-04-21T00:29:38.458+0000] {processor.py:840} INFO - DAG(s) 'example_xcom' retrieved from /home/airflow/.local/lib/python3.8/site-packages/airflow/example_dags/example_xcom.py
[2026-04-21T00:29:38.483+0000] {logging_mixin.py:188} INFO - [2026-04-21T00:29:38.483+0000] {dag.py:3036} INFO - Sync 1 DAGs
[2026-04-21T00:29:38.507+0000] {logging_mixin.py:188} INFO - [2026-04-21T00:29:38.506+0000] {dag.py:3823} INFO - Setting next_dagrun for example_xcom to 2021-01-01 00:00:00+00:00, run_after=2021-01-01 00:00:00+00:00
[2026-04-21T00:29:38.524+0000] {processor.py:183} INFO - Processing /home/airflow/.local/lib/python3.8/site-packages/airflow/example_dags/example_xcom.py took 0.084 seconds
[2026-04-21T00:30:08.592+0000] {processor.py:161} INFO - Started process (PID=3704995) to work on /home/airflow/.local/lib/python3.8/site-packages/airflow/example_dags/example_xcom.py
[2026-04-21T00:30:08.593+0000] {processor.py:830} INFO - Processing file /home/airflow/.local/lib/python3.8/site-packages/airflow/example_dags/example_xcom.py for tasks to queue
[2026-04-21T00:30:08.596+0000] {logging_mixin.py:188} INFO - [2026-04-21T00:30:08.595+0000] {dagbag.py:538} INFO - Filling up the DagBag from /home/airflow/.local/lib/python3.8/site-packages/airflow/example_dags/example_xcom.py
[2026-04-21T00:30:08.606+0000] {processor.py:840} INFO - DAG(s) 'example_xcom' retrieved from /home/airflow/.local/lib/python3.8/site-packages/airflow/example_dags/example_xcom.py
[2026-04-21T00:30:08.632+0000] {logging_mixin.py:188} INFO - [2026-04-21T00:30:08.632+0000] {dag.py:3036} INFO - Sync 1 DAGs
[2026-04-21T00:30:08.656+0000] {logging_mixin.py:188} INFO - [2026-04-21T00:30:08.656+0000] {dag.py:3823} INFO - Setting next_dagrun for example_xcom to 2021-01-01 00:00:00+00:00, run_after=2021-01-01 00:00:00+00:00
[2026-04-21T00:30:08.674+0000] {processor.py:183} INFO - Processing /home/airflow/.local/lib/python3.8/site-packages/airflow/example_dags/example_xcom.py took 0.087 seconds
[2026-04-21T00:30:38.820+0000] {processor.py:161} INFO - Started process (PID=3705052) to work on /home/airflow/.local/lib/python3.8/site-packages/airflow/example_dags/example_xcom.py
[2026-04-21T00:30:38.823+0000] {processor.py:830} INFO - Processing file /home/airflow/.local/lib/python3.8/site-packages/airflow/example_dags/example_xcom.py for tasks to queue
[2026-04-21T00:30:38.825+0000] {logging_mixin.py:188} INFO - [2026-04-21T00:30:38.825+0000] {dagbag.py:538} INFO - Filling up the DagBag from /home/airflow/.local/lib/python3.8/site-packages/airflow/example_dags/example_xcom.py
[2026-04-21T00:30:38.835+0000] {processor.py:840} INFO - DAG(s) 'example_xcom' retrieved from /home/airflow/.local/lib/python3.8/site-packages/airflow/example_dags/example_xcom.py
[2026-04-21T00:30:38.864+0000] {logging_mixin.py:188} INFO - [2026-04-21T00:30:38.863+0000] {dag.py:3036} INFO - Sync 1 DAGs
[2026-04-21T00:30:38.892+0000] {logging_mixin.py:188} INFO - [2026-04-21T00:30:38.892+0000] {dag.py:3823} INFO - Setting next_dagrun for example_xcom to 2021-01-01 00:00:00+00:00, run_after=2021-01-01 00:00:00+00:00
[2026-04-21T00:30:38.914+0000] {processor.py:183} INFO - Processing /home/airflow/.local/lib/python3.8/site-packages/airflow/example_dags/example_xcom.py took 0.099 seconds
[2026-04-21T00:31:09.278+0000] {processor.py:161} INFO - Started process (PID=3705109) to work on /home/airflow/.local/lib/python3.8/site-packages/airflow/example_dags/example_xcom.py
[2026-04-21T00:31:09.279+0000] {processor.py:830} INFO - Processing file /home/airflow/.local/lib/python3.8/site-packages/airflow/example_dags/example_xcom.py for tasks to queue
[2026-04-21T00:31:09.281+0000] {logging_mixin.py:188} INFO - [2026-04-21T00:31:09.281+0000] {dagbag.py:538} INFO - Filling up the DagBag from /home/airflow/.local/lib/python3.8/site-packages/airflow/example_dags/example_xcom.py
[2026-04-21T00:31:09.292+0000] {processor.py:840} INFO - DAG(s) 'example_xcom' retrieved from /home/airflow/.local/lib/python3.8/site-packages/airflow/example_dags/example_xcom.py
[2026-04-21T00:31:09.317+0000] {logging_mixin.py:188} INFO - [2026-04-21T00:31:09.317+0000] {dag.py:3036} INFO - Sync 1 DAGs
[2026-04-21T00:31:09.341+0000] {logging_mixin.py:188} INFO - [2026-04-21T00:31:09.341+0000] {dag.py:3823} INFO - Setting next_dagrun for example_xcom to 2021-01-01 00:00:00+00:00, run_after=2021-01-01 00:00:00+00:00
[2026-04-21T00:31:09.361+0000] {processor.py:183} INFO - Processing /home/airflow/.local/lib/python3.8/site-packages/airflow/example_dags/example_xcom.py took 0.088 seconds
[2026-04-21T00:31:39.476+0000] {processor.py:161} INFO - Started process (PID=3705166) to work on /home/airflow/.local/lib/python3.8/site-packages/airflow/example_dags/example_xcom.py
[2026-04-21T00:31:39.478+0000] {processor.py:830} INFO - Processing file /home/airflow/.local/lib/python3.8/site-packages/airflow/example_dags/example_xcom.py for tasks to queue
[2026-04-21T00:31:39.480+0000] {logging_mixin.py:188} INFO - [2026-04-21T00:31:39.480+0000] {dagbag.py:538} INFO - Filling up the DagBag from /home/airflow/.local/lib/python3.8/site-packages/airflow/example_dags/example_xcom.py
[2026-04-21T00:31:39.490+0000] {processor.py:840} INFO - DAG(s) 'example_xcom' retrieved from /home/airflow/.local/lib/python3.8/site-packages/airflow/example_dags/example_xcom.py
[2026-04-21T00:31:39.516+0000] {logging_mixin.py:188} INFO - [2026-04-21T00:31:39.515+0000] {dag.py:3036} INFO - Sync 1 DAGs
[2026-04-21T00:31:39.540+0000] {logging_mixin.py:188} INFO - [2026-04-21T00:31:39.539+0000] {dag.py:3823} INFO - Setting next_dagrun for example_xcom to 2021-01-01 00:00:00+00:00, run_after=2021-01-01 00:00:00+00:00
[2026-04-21T00:31:39.558+0000] {processor.py:183} INFO - Processing /home/airflow/.local/lib/python3.8/site-packages/airflow/example_dags/example_xcom.py took 0.087 seconds
[2026-04-21T00:32:09.887+0000] {processor.py:161} INFO - Started process (PID=3705223) to work on /home/airflow/.local/lib/python3.8/site-packages/airflow/example_dags/example_xcom.py
[2026-04-21T00:32:09.888+0000] {processor.py:830} INFO - Processing file /home/airflow/.local/lib/python3.8/site-packages/airflow/example_dags/example_xcom.py for tasks to queue
[2026-04-21T00:32:09.891+0000] {logging_mixin.py:188} INFO - [2026-04-21T00:32:09.891+0000] {dagbag.py:538} INFO - Filling up the DagBag from /home/airflow/.local/lib/python3.8/site-packages/airflow/example_dags/example_xcom.py
[2026-04-21T00:32:09.902+0000] {processor.py:840} INFO - DAG(s) 'example_xcom' retrieved from /home/airflow/.local/lib/python3.8/site-packages/airflow/example_dags/example_xcom.py
[2026-04-21T00:32:09.930+0000] {logging_mixin.py:188} INFO - [2026-04-21T00:32:09.929+0000] {dag.py:3036} INFO - Sync 1 DAGs
[2026-04-21T00:32:09.953+0000] {logging_mixin.py:188} INFO - [2026-04-21T00:32:09.953+0000] {dag.py:3823} INFO - Setting next_dagrun for example_xcom to 2021-01-01 00:00:00+00:00, run_after=2021-01-01 00:00:00+00:00
[2026-04-21T00:32:09.972+0000] {processor.py:183} INFO - Processing /home/airflow/.local/lib/python3.8/site-packages/airflow/example_dags/example_xcom.py took 0.089 seconds
[2026-04-21T00:32:40.059+0000] {processor.py:161} INFO - Started process (PID=3705280) to work on /home/airflow/.local/lib/python3.8/site-packages/airflow/example_dags/example_xcom.py
[2026-04-21T00:32:40.061+0000] {processor.py:830} INFO - Processing file /home/airflow/.local/lib/python3.8/site-packages/airflow/example_dags/example_xcom.py for tasks to queue
[2026-04-21T00:32:40.064+0000] {logging_mixin.py:188} INFO - [2026-04-21T00:32:40.064+0000] {dagbag.py:538} INFO - Filling up the DagBag from /home/airflow/.local/lib/python3.8/site-packages/airflow/example_dags/example_xcom.py
[2026-04-21T00:32:40.074+0000] {processor.py:840} INFO - DAG(s) 'example_xcom' retrieved from /home/airflow/.local/lib/python3.8/site-packages/airflow/example_dags/example_xcom.py
[2026-04-21T00:32:40.099+0000] {logging_mixin.py:188} INFO - [2026-04-21T00:32:40.099+0000] {dag.py:3036} INFO - Sync 1 DAGs
[2026-04-21T00:32:40.125+0000] {logging_mixin.py:188} INFO - [2026-04-21T00:32:40.125+0000] {dag.py:3823} INFO - Setting next_dagrun for example_xcom to 2021-01-01 00:00:00+00:00, run_after=2021-01-01 00:00:00+00:00
[2026-04-21T00:32:40.144+0000] {processor.py:183} INFO - Processing /home/airflow/.local/lib/python3.8/site-packages/airflow/example_dags/example_xcom.py took 0.089 seconds
[2026-04-21T00:33:10.302+0000] {processor.py:161} INFO - Started process (PID=3705337) to work on /home/airflow/.local/lib/python3.8/site-packages/airflow/example_dags/example_xcom.py
[2026-04-21T00:33:10.303+0000] {processor.py:830} INFO - Processing file /home/airflow/.local/lib/python3.8/site-packages/airflow/example_dags/example_xcom.py for tasks to queue
[2026-04-21T00:33:10.306+0000] {logging_mixin.py:188} INFO - [2026-04-21T00:33:10.305+0000] {dagbag.py:538} INFO - Filling up the DagBag from /home/airflow/.local/lib/python3.8/site-packages/airflow/example_dags/example_xcom.py
[2026-04-21T00:33:10.316+0000] {processor.py:840} INFO - DAG(s) 'example_xcom' retrieved from /home/airflow/.local/lib/python3.8/site-packages/airflow/example_dags/example_xcom.py
[2026-04-21T00:33:10.341+0000] {logging_mixin.py:188} INFO - [2026-04-21T00:33:10.341+0000] {dag.py:3036} INFO - Sync 1 DAGs
[2026-04-21T00:33:10.366+0000] {logging_mixin.py:188} INFO - [2026-04-21T00:33:10.365+0000] {dag.py:3823} INFO - Setting next_dagrun for example_xcom to 2021-01-01 00:00:00+00:00, run_after=2021-01-01 00:00:00+00:00
[2026-04-21T00:33:10.385+0000] {processor.py:183} INFO - Processing /home/airflow/.local/lib/python3.8/site-packages/airflow/example_dags/example_xcom.py took 0.088 seconds
[2026-04-21T00:33:40.459+0000] {processor.py:161} INFO - Started process (PID=3705394) to work on /home/airflow/.local/lib/python3.8/site-packages/airflow/example_dags/example_xcom.py
[2026-04-21T00:33:40.461+0000] {processor.py:830} INFO - Processing file /home/airflow/.local/lib/python3.8/site-packages/airflow/example_dags/example_xcom.py for tasks to queue
[2026-04-21T00:33:40.463+0000] {logging_mixin.py:188} INFO - [2026-04-21T00:33:40.463+0000] {dagbag.py:538} INFO - Filling up the DagBag from /home/airflow/.local/lib/python3.8/site-packages/airflow/example_dags/example_xcom.py
[2026-04-21T00:33:40.473+0000] {processor.py:840} INFO - DAG(s) 'example_xcom' retrieved from /home/airflow/.local/lib/python3.8/site-packages/airflow/example_dags/example_xcom.py
[2026-04-21T00:33:40.498+0000] {logging_mixin.py:188} INFO - [2026-04-21T00:33:40.498+0000] {dag.py:3036} INFO - Sync 1 DAGs
[2026-04-21T00:33:40.523+0000] {logging_mixin.py:188} INFO - [2026-04-21T00:33:40.523+0000] {dag.py:3823} INFO - Setting next_dagrun for example_xcom to 2021-01-01 00:00:00+00:00, run_after=2021-01-01 00:00:00+00:00
[2026-04-21T00:33:40.541+0000] {processor.py:183} INFO - Processing /home/airflow/.local/lib/python3.8/site-packages/airflow/example_dags/example_xcom.py took 0.087 seconds
[2026-04-21T00:34:10.727+0000] {processor.py:161} INFO - Started process (PID=3705451) to work on /home/airflow/.local/lib/python3.8/site-packages/airflow/example_dags/example_xcom.py
[2026-04-21T00:34:10.729+0000] {processor.py:830} INFO - Processing file /home/airflow/.local/lib/python3.8/site-packages/airflow/example_dags/example_xcom.py for tasks to queue
[2026-04-21T00:34:10.732+0000] {logging_mixin.py:188} INFO - [2026-04-21T00:34:10.731+0000] {dagbag.py:538} INFO - Filling up the DagBag from /home/airflow/.local/lib/python3.8/site-packages/airflow/example_dags/example_xcom.py
[2026-04-21T00:34:10.742+0000] {processor.py:840} INFO - DAG(s) 'example_xcom' retrieved from /home/airflow/.local/lib/python3.8/site-packages/airflow/example_dags/example_xcom.py
[2026-04-21T00:34:10.769+0000] {logging_mixin.py:188} INFO - [2026-04-21T00:34:10.769+0000] {dag.py:3036} INFO - Sync 1 DAGs
[2026-04-21T00:34:10.795+0000] {logging_mixin.py:188} INFO - [2026-04-21T00:34:10.794+0000] {dag.py:3823} INFO - Setting next_dagrun for example_xcom to 2021-01-01 00:00:00+00:00, run_after=2021-01-01 00:00:00+00:00
[2026-04-21T00:34:10.815+0000] {processor.py:183} INFO - Processing /home/airflow/.local/lib/python3.8/site-packages/airflow/example_dags/example_xcom.py took 0.094 seconds
[2026-04-21T00:34:40.898+0000] {processor.py:161} INFO - Started process (PID=3705508) to work on /home/airflow/.local/lib/python3.8/site-packages/airflow/example_dags/example_xcom.py
[2026-04-21T00:34:40.900+0000] {processor.py:830} INFO - Processing file /home/airflow/.local/lib/python3.8/site-packages/airflow/example_dags/example_xcom.py for tasks to queue
[2026-04-21T00:34:40.902+0000] {logging_mixin.py:188} INFO - [2026-04-21T00:34:40.902+0000] {dagbag.py:538} INFO - Filling up the DagBag from /home/airflow/.local/lib/python3.8/site-packages/airflow/example_dags/example_xcom.py
[2026-04-21T00:34:40.912+0000] {processor.py:840} INFO - DAG(s) 'example_xcom' retrieved from /home/airflow/.local/lib/python3.8/site-packages/airflow/example_dags/example_xcom.py
[2026-04-21T00:34:40.937+0000] {logging_mixin.py:188} INFO - [2026-04-21T00:34:40.937+0000] {dag.py:3036} INFO - Sync 1 DAGs
[2026-04-21T00:34:40.961+0000] {logging_mixin.py:188} INFO - [2026-04-21T00:34:40.961+0000] {dag.py:3823} INFO - Setting next_dagrun for example_xcom to 2021-01-01 00:00:00+00:00, run_after=2021-01-01 00:00:00+00:00
[2026-04-21T00:34:40.979+0000] {processor.py:183} INFO - Processing /home/airflow/.local/lib/python3.8/site-packages/airflow/example_dags/example_xcom.py took 0.086 seconds
[2026-04-21T00:35:11.375+0000] {processor.py:161} INFO - Started process (PID=3705565) to work on /home/airflow/.local/lib/python3.8/site-packages/airflow/example_dags/example_xcom.py
[2026-04-21T00:35:11.377+0000] {processor.py:830} INFO - Processing file /home/airflow/.local/lib/python3.8/site-packages/airflow/example_dags/example_xcom.py for tasks to queue
[2026-04-21T00:35:11.379+0000] {logging_mixin.py:188} INFO - [2026-04-21T00:35:11.379+0000] {dagbag.py:538} INFO - Filling up the DagBag from /home/airflow/.local/lib/python3.8/site-packages/airflow/example_dags/example_xcom.py
[2026-04-21T00:35:11.389+0000] {processor.py:840} INFO - DAG(s) 'example_xcom' retrieved from /home/airflow/.local/lib/python3.8/site-packages/airflow/example_dags/example_xcom.py
[2026-04-21T00:35:11.414+0000] {logging_mixin.py:188} INFO - [2026-04-21T00:35:11.414+0000] {dag.py:3036} INFO - Sync 1 DAGs
[2026-04-21T00:35:11.437+0000] {logging_mixin.py:188} INFO - [2026-04-21T00:35:11.437+0000] {dag.py:3823} INFO - Setting next_dagrun for example_xcom to 2021-01-01 00:00:00+00:00, run_after=2021-01-01 00:00:00+00:00
[2026-04-21T00:35:11.456+0000] {processor.py:183} INFO - Processing /home/airflow/.local/lib/python3.8/site-packages/airflow/example_dags/example_xcom.py took 0.086 seconds
[2026-04-21T00:35:41.552+0000] {processor.py:161} INFO - Started process (PID=3705622) to work on /home/airflow/.local/lib/python3.8/site-packages/airflow/example_dags/example_xcom.py
[2026-04-21T00:35:41.554+0000] {processor.py:830} INFO - Processing file /home/airflow/.local/lib/python3.8/site-packages/airflow/example_dags/example_xcom.py for tasks to queue
[2026-04-21T00:35:41.556+0000] {logging_mixin.py:188} INFO - [2026-04-21T00:35:41.556+0000] {dagbag.py:538} INFO - Filling up the DagBag from /home/airflow/.local/lib/python3.8/site-packages/airflow/example_dags/example_xcom.py
[2026-04-21T00:35:41.566+0000] {processor.py:840} INFO - DAG(s) 'example_xcom' retrieved from /home/airflow/.local/lib/python3.8/site-packages/airflow/example_dags/example_xcom.py
[2026-04-21T00:35:41.591+0000] {logging_mixin.py:188} INFO - [2026-04-21T00:35:41.591+0000] {dag.py:3036} INFO - Sync 1 DAGs
[2026-04-21T00:35:41.614+0000] {logging_mixin.py:188} INFO - [2026-04-21T00:35:41.614+0000] {dag.py:3823} INFO - Setting next_dagrun for example_xcom to 2021-01-01 00:00:00+00:00, run_after=2021-01-01 00:00:00+00:00
[2026-04-21T00:35:41.633+0000] {processor.py:183} INFO - Processing /home/airflow/.local/lib/python3.8/site-packages/airflow/example_dags/example_xcom.py took 0.086 seconds
[2026-04-21T00:36:11.998+0000] {processor.py:161} INFO - Started process (PID=3705679) to work on /home/airflow/.local/lib/python3.8/site-packages/airflow/example_dags/example_xcom.py
[2026-04-21T00:36:12.000+0000] {processor.py:830} INFO - Processing file /home/airflow/.local/lib/python3.8/site-packages/airflow/example_dags/example_xcom.py for tasks to queue
[2026-04-21T00:36:12.003+0000] {logging_mixin.py:188} INFO - [2026-04-21T00:36:12.002+0000] {dagbag.py:538} INFO - Filling up the DagBag from /home/airflow/.local/lib/python3.8/site-packages/airflow/example_dags/example_xcom.py
[2026-04-21T00:36:12.013+0000] {processor.py:840} INFO - DAG(s) 'example_xcom' retrieved from /home/airflow/.local/lib/python3.8/site-packages/airflow/example_dags/example_xcom.py
[2026-04-21T00:36:12.042+0000] {logging_mixin.py:188} INFO - [2026-04-21T00:36:12.041+0000] {dag.py:3036} INFO - Sync 1 DAGs
[2026-04-21T00:36:12.068+0000] {logging_mixin.py:188} INFO - [2026-04-21T00:36:12.068+0000] {dag.py:3823} INFO - Setting next_dagrun for example_xcom to 2021-01-01 00:00:00+00:00, run_after=2021-01-01 00:00:00+00:00
[2026-04-21T00:36:12.090+0000] {processor.py:183} INFO - Processing /home/airflow/.local/lib/python3.8/site-packages/airflow/example_dags/example_xcom.py took 0.098 seconds
[2026-04-21T00:36:42.162+0000] {processor.py:161} INFO - Started process (PID=3705736) to work on /home/airflow/.local/lib/python3.8/site-packages/airflow/example_dags/example_xcom.py
[2026-04-21T00:36:42.164+0000] {processor.py:830} INFO - Processing file /home/airflow/.local/lib/python3.8/site-packages/airflow/example_dags/example_xcom.py for tasks to queue
[2026-04-21T00:36:42.167+0000] {logging_mixin.py:188} INFO - [2026-04-21T00:36:42.166+0000] {dagbag.py:538} INFO - Filling up the DagBag from /home/airflow/.local/lib/python3.8/site-packages/airflow/example_dags/example_xcom.py
[2026-04-21T00:36:42.180+0000] {processor.py:840} INFO - DAG(s) 'example_xcom' retrieved from /home/airflow/.local/lib/python3.8/site-packages/airflow/example_dags/example_xcom.py
[2026-04-21T00:36:42.210+0000] {logging_mixin.py:188} INFO - [2026-04-21T00:36:42.210+0000] {dag.py:3036} INFO - Sync 1 DAGs
[2026-04-21T00:36:42.240+0000] {logging_mixin.py:188} INFO - [2026-04-21T00:36:42.240+0000] {dag.py:3823} INFO - Setting next_dagrun for example_xcom to 2021-01-01 00:00:00+00:00, run_after=2021-01-01 00:00:00+00:00
[2026-04-21T00:36:42.264+0000] {processor.py:183} INFO - Processing /home/airflow/.local/lib/python3.8/site-packages/airflow/example_dags/example_xcom.py took 0.108 seconds
[2026-04-21T00:37:12.310+0000] {processor.py:161} INFO - Started process (PID=3705793) to work on /home/airflow/.local/lib/python3.8/site-packages/airflow/example_dags/example_xcom.py
[2026-04-21T00:37:12.312+0000] {processor.py:830} INFO - Processing file /home/airflow/.local/lib/python3.8/site-packages/airflow/example_dags/example_xcom.py for tasks to queue
[2026-04-21T00:37:12.315+0000] {logging_mixin.py:188} INFO - [2026-04-21T00:37:12.314+0000] {dagbag.py:538} INFO - Filling up the DagBag from /home/airflow/.local/lib/python3.8/site-packages/airflow/example_dags/example_xcom.py
[2026-04-21T00:37:12.325+0000] {processor.py:840} INFO - DAG(s) 'example_xcom' retrieved from /home/airflow/.local/lib/python3.8/site-packages/airflow/example_dags/example_xcom.py
[2026-04-21T00:37:12.353+0000] {logging_mixin.py:188} INFO - [2026-04-21T00:37:12.352+0000] {dag.py:3036} INFO - Sync 1 DAGs
[2026-04-21T00:37:12.379+0000] {logging_mixin.py:188} INFO - [2026-04-21T00:37:12.378+0000] {dag.py:3823} INFO - Setting next_dagrun for example_xcom to 2021-01-01 00:00:00+00:00, run_after=2021-01-01 00:00:00+00:00
[2026-04-21T00:37:12.398+0000] {processor.py:183} INFO - Processing /home/airflow/.local/lib/python3.8/site-packages/airflow/example_dags/example_xcom.py took 0.093 seconds
[2026-04-21T00:37:42.456+0000] {processor.py:161} INFO - Started process (PID=3705850) to work on /home/airflow/.local/lib/python3.8/site-packages/airflow/example_dags/example_xcom.py
[2026-04-21T00:37:42.459+0000] {processor.py:830} INFO - Processing file /home/airflow/.local/lib/python3.8/site-packages/airflow/example_dags/example_xcom.py for tasks to queue
[2026-04-21T00:37:42.462+0000] {logging_mixin.py:188} INFO - [2026-04-21T00:37:42.461+0000] {dagbag.py:538} INFO - Filling up the DagBag from /home/airflow/.local/lib/python3.8/site-packages/airflow/example_dags/example_xcom.py
[2026-04-21T00:37:42.476+0000] {processor.py:840} INFO - DAG(s) 'example_xcom' retrieved from /home/airflow/.local/lib/python3.8/site-packages/airflow/example_dags/example_xcom.py
[2026-04-21T00:37:42.505+0000] {logging_mixin.py:188} INFO - [2026-04-21T00:37:42.505+0000] {dag.py:3036} INFO - Sync 1 DAGs
[2026-04-21T00:37:42.534+0000] {logging_mixin.py:188} INFO - [2026-04-21T00:37:42.534+0000] {dag.py:3823} INFO - Setting next_dagrun for example_xcom to 2021-01-01 00:00:00+00:00, run_after=2021-01-01 00:00:00+00:00
[2026-04-21T00:37:42.555+0000] {processor.py:183} INFO - Processing /home/airflow/.local/lib/python3.8/site-packages/airflow/example_dags/example_xcom.py took 0.105 seconds
[2026-04-21T00:38:12.640+0000] {processor.py:161} INFO - Started process (PID=3705907) to work on /home/airflow/.local/lib/python3.8/site-packages/airflow/example_dags/example_xcom.py
[2026-04-21T00:38:12.642+0000] {processor.py:830} INFO - Processing file /home/airflow/.local/lib/python3.8/site-packages/airflow/example_dags/example_xcom.py for tasks to queue
[2026-04-21T00:38:12.644+0000] {logging_mixin.py:188} INFO - [2026-04-21T00:38:12.644+0000] {dagbag.py:538} INFO - Filling up the DagBag from /home/airflow/.local/lib/python3.8/site-packages/airflow/example_dags/example_xcom.py
[2026-04-21T00:38:12.655+0000] {processor.py:840} INFO - DAG(s) 'example_xcom' retrieved from /home/airflow/.local/lib/python3.8/site-packages/airflow/example_dags/example_xcom.py
[2026-04-21T00:38:12.682+0000] {logging_mixin.py:188} INFO - [2026-04-21T00:38:12.682+0000] {dag.py:3036} INFO - Sync 1 DAGs
[2026-04-21T00:38:12.707+0000] {logging_mixin.py:188} INFO - [2026-04-21T00:38:12.707+0000] {dag.py:3823} INFO - Setting next_dagrun for example_xcom to 2021-01-01 00:00:00+00:00, run_after=2021-01-01 00:00:00+00:00
[2026-04-21T00:38:12.726+0000] {processor.py:183} INFO - Processing /home/airflow/.local/lib/python3.8/site-packages/airflow/example_dags/example_xcom.py took 0.091 seconds
[2026-04-21T00:38:43.104+0000] {processor.py:161} INFO - Started process (PID=3705964) to work on /home/airflow/.local/lib/python3.8/site-packages/airflow/example_dags/example_xcom.py
[2026-04-21T00:38:43.105+0000] {processor.py:830} INFO - Processing file /home/airflow/.local/lib/python3.8/site-packages/airflow/example_dags/example_xcom.py for tasks to queue
[2026-04-21T00:38:43.108+0000] {logging_mixin.py:188} INFO - [2026-04-21T00:38:43.107+0000] {dagbag.py:538} INFO - Filling up the DagBag from /home/airflow/.local/lib/python3.8/site-packages/airflow/example_dags/example_xcom.py
[2026-04-21T00:38:43.118+0000] {processor.py:840} INFO - DAG(s) 'example_xcom' retrieved from /home/airflow/.local/lib/python3.8/site-packages/airflow/example_dags/example_xcom.py
[2026-04-21T00:38:43.143+0000] {logging_mixin.py:188} INFO - [2026-04-21T00:38:43.143+0000] {dag.py:3036} INFO - Sync 1 DAGs
[2026-04-21T00:38:43.166+0000] {logging_mixin.py:188} INFO - [2026-04-21T00:38:43.165+0000] {dag.py:3823} INFO - Setting next_dagrun for example_xcom to 2021-01-01 00:00:00+00:00, run_after=2021-01-01 00:00:00+00:00
[2026-04-21T00:38:43.193+0000] {processor.py:183} INFO - Processing /home/airflow/.local/lib/python3.8/site-packages/airflow/example_dags/example_xcom.py took 0.095 seconds
[2026-04-21T00:39:13.328+0000] {processor.py:161} INFO - Started process (PID=3706021) to work on /home/airflow/.local/lib/python3.8/site-packages/airflow/example_dags/example_xcom.py
[2026-04-21T00:39:13.330+0000] {processor.py:830} INFO - Processing file /home/airflow/.local/lib/python3.8/site-packages/airflow/example_dags/example_xcom.py for tasks to queue
[2026-04-21T00:39:13.333+0000] {logging_mixin.py:188} INFO - [2026-04-21T00:39:13.332+0000] {dagbag.py:538} INFO - Filling up the DagBag from /home/airflow/.local/lib/python3.8/site-packages/airflow/example_dags/example_xcom.py
[2026-04-21T00:39:13.343+0000] {processor.py:840} INFO - DAG(s) 'example_xcom' retrieved from /home/airflow/.local/lib/python3.8/site-packages/airflow/example_dags/example_xcom.py
[2026-04-21T00:39:13.369+0000] {logging_mixin.py:188} INFO - [2026-04-21T00:39:13.368+0000] {dag.py:3036} INFO - Sync 1 DAGs
[2026-04-21T00:39:13.393+0000] {logging_mixin.py:188} INFO - [2026-04-21T00:39:13.393+0000] {dag.py:3823} INFO - Setting next_dagrun for example_xcom to 2021-01-01 00:00:00+00:00, run_after=2021-01-01 00:00:00+00:00
[2026-04-21T00:39:13.413+0000] {processor.py:183} INFO - Processing /home/airflow/.local/lib/python3.8/site-packages/airflow/example_dags/example_xcom.py took 0.089 seconds
[2026-04-21T00:39:43.480+0000] {processor.py:161} INFO - Started process (PID=3706078) to work on /home/airflow/.local/lib/python3.8/site-packages/airflow/example_dags/example_xcom.py
[2026-04-21T00:39:43.483+0000] {processor.py:830} INFO - Processing file /home/airflow/.local/lib/python3.8/site-packages/airflow/example_dags/example_xcom.py for tasks to queue
[2026-04-21T00:39:43.486+0000] {logging_mixin.py:188} INFO - [2026-04-21T00:39:43.485+0000] {dagbag.py:538} INFO - Filling up the DagBag from /home/airflow/.local/lib/python3.8/site-packages/airflow/example_dags/example_xcom.py
[2026-04-21T00:39:43.496+0000] {processor.py:840} INFO - DAG(s) 'example_xcom' retrieved from /home/airflow/.local/lib/python3.8/site-packages/airflow/example_dags/example_xcom.py
[2026-04-21T00:39:43.526+0000] {logging_mixin.py:188} INFO - [2026-04-21T00:39:43.525+0000] {dag.py:3036} INFO - Sync 1 DAGs
[2026-04-21T00:39:43.555+0000] {logging_mixin.py:188} INFO - [2026-04-21T00:39:43.554+0000] {dag.py:3823} INFO - Setting next_dagrun for example_xcom to 2021-01-01 00:00:00+00:00, run_after=2021-01-01 00:00:00+00:00
[2026-04-21T00:39:43.575+0000] {processor.py:183} INFO - Processing /home/airflow/.local/lib/python3.8/site-packages/airflow/example_dags/example_xcom.py took 0.099 seconds
[2026-04-21T00:40:13.805+0000] {processor.py:161} INFO - Started process (PID=3706135) to work on /home/airflow/.local/lib/python3.8/site-packages/airflow/example_dags/example_xcom.py
[2026-04-21T00:40:13.807+0000] {processor.py:830} INFO - Processing file /home/airflow/.local/lib/python3.8/site-packages/airflow/example_dags/example_xcom.py for tasks to queue
[2026-04-21T00:40:13.810+0000] {logging_mixin.py:188} INFO - [2026-04-21T00:40:13.809+0000] {dagbag.py:538} INFO - Filling up the DagBag from /home/airflow/.local/lib/python3.8/site-packages/airflow/example_dags/example_xcom.py
[2026-04-21T00:40:13.820+0000] {processor.py:840} INFO - DAG(s) 'example_xcom' retrieved from /home/airflow/.local/lib/python3.8/site-packages/airflow/example_dags/example_xcom.py
[2026-04-21T00:40:13.847+0000] {logging_mixin.py:188} INFO - [2026-04-21T00:40:13.846+0000] {dag.py:3036} INFO - Sync 1 DAGs
[2026-04-21T00:40:13.876+0000] {logging_mixin.py:188} INFO - [2026-04-21T00:40:13.875+0000] {dag.py:3823} INFO - Setting next_dagrun for example_xcom to 2021-01-01 00:00:00+00:00, run_after=2021-01-01 00:00:00+00:00
[2026-04-21T00:40:13.896+0000] {processor.py:183} INFO - Processing /home/airflow/.local/lib/python3.8/site-packages/airflow/example_dags/example_xcom.py took 0.096 seconds
[2026-04-21T00:40:44.322+0000] {processor.py:161} INFO - Started process (PID=3706192) to work on /home/airflow/.local/lib/python3.8/site-packages/airflow/example_dags/example_xcom.py
[2026-04-21T00:40:44.324+0000] {processor.py:830} INFO - Processing file /home/airflow/.local/lib/python3.8/site-packages/airflow/example_dags/example_xcom.py for tasks to queue
[2026-04-21T00:40:44.326+0000] {logging_mixin.py:188} INFO - [2026-04-21T00:40:44.325+0000] {dagbag.py:538} INFO - Filling up the DagBag from /home/airflow/.local/lib/python3.8/site-packages/airflow/example_dags/example_xcom.py
[2026-04-21T00:40:44.336+0000] {processor.py:840} INFO - DAG(s) 'example_xcom' retrieved from /home/airflow/.local/lib/python3.8/site-packages/airflow/example_dags/example_xcom.py
[2026-04-21T00:40:44.361+0000] {logging_mixin.py:188} INFO - [2026-04-21T00:40:44.361+0000] {dag.py:3036} INFO - Sync 1 DAGs
[2026-04-21T00:40:44.385+0000] {logging_mixin.py:188} INFO - [2026-04-21T00:40:44.385+0000] {dag.py:3823} INFO - Setting next_dagrun for example_xcom to 2021-01-01 00:00:00+00:00, run_after=2021-01-01 00:00:00+00:00
[2026-04-21T00:40:44.403+0000] {processor.py:183} INFO - Processing /home/airflow/.local/lib/python3.8/site-packages/airflow/example_dags/example_xcom.py took 0.086 seconds
[2026-04-21T00:41:14.627+0000] {processor.py:161} INFO - Started process (PID=3706249) to work on /home/airflow/.local/lib/python3.8/site-packages/airflow/example_dags/example_xcom.py
[2026-04-21T00:41:14.629+0000] {processor.py:830} INFO - Processing file /home/airflow/.local/lib/python3.8/site-packages/airflow/example_dags/example_xcom.py for tasks to queue
[2026-04-21T00:41:14.632+0000] {logging_mixin.py:188} INFO - [2026-04-21T00:41:14.631+0000] {dagbag.py:538} INFO - Filling up the DagBag from /home/airflow/.local/lib/python3.8/site-packages/airflow/example_dags/example_xcom.py
[2026-04-21T00:41:14.641+0000] {processor.py:840} INFO - DAG(s) 'example_xcom' retrieved from /home/airflow/.local/lib/python3.8/site-packages/airflow/example_dags/example_xcom.py
[2026-04-21T00:41:14.667+0000] {logging_mixin.py:188} INFO - [2026-04-21T00:41:14.667+0000] {dag.py:3036} INFO - Sync 1 DAGs
[2026-04-21T00:41:14.691+0000] {logging_mixin.py:188} INFO - [2026-04-21T00:41:14.690+0000] {dag.py:3823} INFO - Setting next_dagrun for example_xcom to 2021-01-01 00:00:00+00:00, run_after=2021-01-01 00:00:00+00:00
[2026-04-21T00:41:14.709+0000] {processor.py:183} INFO - Processing /home/airflow/.local/lib/python3.8/site-packages/airflow/example_dags/example_xcom.py took 0.087 seconds
[2026-04-21T00:41:44.821+0000] {processor.py:161} INFO - Started process (PID=3706306) to work on /home/airflow/.local/lib/python3.8/site-packages/airflow/example_dags/example_xcom.py
[2026-04-21T00:41:44.823+0000] {processor.py:830} INFO - Processing file /home/airflow/.local/lib/python3.8/site-packages/airflow/example_dags/example_xcom.py for tasks to queue
[2026-04-21T00:41:44.825+0000] {logging_mixin.py:188} INFO - [2026-04-21T00:41:44.825+0000] {dagbag.py:538} INFO - Filling up the DagBag from /home/airflow/.local/lib/python3.8/site-packages/airflow/example_dags/example_xcom.py
[2026-04-21T00:41:44.835+0000] {processor.py:840} INFO - DAG(s) 'example_xcom' retrieved from /home/airflow/.local/lib/python3.8/site-packages/airflow/example_dags/example_xcom.py
[2026-04-21T00:41:44.861+0000] {logging_mixin.py:188} INFO - [2026-04-21T00:41:44.861+0000] {dag.py:3036} INFO - Sync 1 DAGs
[2026-04-21T00:41:44.887+0000] {logging_mixin.py:188} INFO - [2026-04-21T00:41:44.887+0000] {dag.py:3823} INFO - Setting next_dagrun for example_xcom to 2021-01-01 00:00:00+00:00, run_after=2021-01-01 00:00:00+00:00
[2026-04-21T00:41:44.907+0000] {processor.py:183} INFO - Processing /home/airflow/.local/lib/python3.8/site-packages/airflow/example_dags/example_xcom.py took 0.091 seconds
[2026-04-21T00:42:15.093+0000] {processor.py:161} INFO - Started process (PID=3706363) to work on /home/airflow/.local/lib/python3.8/site-packages/airflow/example_dags/example_xcom.py
[2026-04-21T00:42:15.095+0000] {processor.py:830} INFO - Processing file /home/airflow/.local/lib/python3.8/site-packages/airflow/example_dags/example_xcom.py for tasks to queue
[2026-04-21T00:42:15.098+0000] {logging_mixin.py:188} INFO - [2026-04-21T00:42:15.097+0000] {dagbag.py:538} INFO - Filling up the DagBag from /home/airflow/.local/lib/python3.8/site-packages/airflow/example_dags/example_xcom.py
[2026-04-21T00:42:15.108+0000] {processor.py:840} INFO - DAG(s) 'example_xcom' retrieved from /home/airflow/.local/lib/python3.8/site-packages/airflow/example_dags/example_xcom.py
[2026-04-21T00:42:15.133+0000] {logging_mixin.py:188} INFO - [2026-04-21T00:42:15.132+0000] {dag.py:3036} INFO - Sync 1 DAGs
[2026-04-21T00:42:15.156+0000] {logging_mixin.py:188} INFO - [2026-04-21T00:42:15.156+0000] {dag.py:3823} INFO - Setting next_dagrun for example_xcom to 2021-01-01 00:00:00+00:00, run_after=2021-01-01 00:00:00+00:00
[2026-04-21T00:42:15.176+0000] {processor.py:183} INFO - Processing /home/airflow/.local/lib/python3.8/site-packages/airflow/example_dags/example_xcom.py took 0.088 seconds
[2026-04-21T00:42:45.271+0000] {processor.py:161} INFO - Started process (PID=3706420) to work on /home/airflow/.local/lib/python3.8/site-packages/airflow/example_dags/example_xcom.py
[2026-04-21T00:42:45.272+0000] {processor.py:830} INFO - Processing file /home/airflow/.local/lib/python3.8/site-packages/airflow/example_dags/example_xcom.py for tasks to queue
[2026-04-21T00:42:45.275+0000] {logging_mixin.py:188} INFO - [2026-04-21T00:42:45.274+0000] {dagbag.py:538} INFO - Filling up the DagBag from /home/airflow/.local/lib/python3.8/site-packages/airflow/example_dags/example_xcom.py
[2026-04-21T00:42:45.285+0000] {processor.py:840} INFO - DAG(s) 'example_xcom' retrieved from /home/airflow/.local/lib/python3.8/site-packages/airflow/example_dags/example_xcom.py
[2026-04-21T00:42:45.309+0000] {logging_mixin.py:188} INFO - [2026-04-21T00:42:45.309+0000] {dag.py:3036} INFO - Sync 1 DAGs
[2026-04-21T00:42:45.332+0000] {logging_mixin.py:188} INFO - [2026-04-21T00:42:45.332+0000] {dag.py:3823} INFO - Setting next_dagrun for example_xcom to 2021-01-01 00:00:00+00:00, run_after=2021-01-01 00:00:00+00:00
[2026-04-21T00:42:45.351+0000] {processor.py:183} INFO - Processing /home/airflow/.local/lib/python3.8/site-packages/airflow/example_dags/example_xcom.py took 0.084 seconds
[2026-04-21T00:43:16.201+0000] {processor.py:161} INFO - Started process (PID=3706475) to work on /home/airflow/.local/lib/python3.8/site-packages/airflow/example_dags/example_xcom.py
[2026-04-21T00:43:16.203+0000] {processor.py:830} INFO - Processing file /home/airflow/.local/lib/python3.8/site-packages/airflow/example_dags/example_xcom.py for tasks to queue
[2026-04-21T00:43:16.206+0000] {logging_mixin.py:188} INFO - [2026-04-21T00:43:16.205+0000] {dagbag.py:538} INFO - Filling up the DagBag from /home/airflow/.local/lib/python3.8/site-packages/airflow/example_dags/example_xcom.py
[2026-04-21T00:43:16.216+0000] {processor.py:840} INFO - DAG(s) 'example_xcom' retrieved from /home/airflow/.local/lib/python3.8/site-packages/airflow/example_dags/example_xcom.py
[2026-04-21T00:43:16.244+0000] {logging_mixin.py:188} INFO - [2026-04-21T00:43:16.243+0000] {dag.py:3036} INFO - Sync 1 DAGs
[2026-04-21T00:43:16.270+0000] {logging_mixin.py:188} INFO - [2026-04-21T00:43:16.270+0000] {dag.py:3823} INFO - Setting next_dagrun for example_xcom to 2021-01-01 00:00:00+00:00, run_after=2021-01-01 00:00:00+00:00
[2026-04-21T00:43:16.290+0000] {processor.py:183} INFO - Processing /home/airflow/.local/lib/python3.8/site-packages/airflow/example_dags/example_xcom.py took 0.094 seconds
[2026-04-21T00:43:46.377+0000] {processor.py:161} INFO - Started process (PID=3706531) to work on /home/airflow/.local/lib/python3.8/site-packages/airflow/example_dags/example_xcom.py
[2026-04-21T00:43:46.378+0000] {processor.py:830} INFO - Processing file /home/airflow/.local/lib/python3.8/site-packages/airflow/example_dags/example_xcom.py for tasks to queue
[2026-04-21T00:43:46.380+0000] {logging_mixin.py:188} INFO - [2026-04-21T00:43:46.380+0000] {dagbag.py:538} INFO - Filling up the DagBag from /home/airflow/.local/lib/python3.8/site-packages/airflow/example_dags/example_xcom.py
[2026-04-21T00:43:46.390+0000] {processor.py:840} INFO - DAG(s) 'example_xcom' retrieved from /home/airflow/.local/lib/python3.8/site-packages/airflow/example_dags/example_xcom.py
[2026-04-21T00:43:46.417+0000] {logging_mixin.py:188} INFO - [2026-04-21T00:43:46.417+0000] {dag.py:3036} INFO - Sync 1 DAGs
[2026-04-21T00:43:46.441+0000] {logging_mixin.py:188} INFO - [2026-04-21T00:43:46.441+0000] {dag.py:3823} INFO - Setting next_dagrun for example_xcom to 2021-01-01 00:00:00+00:00, run_after=2021-01-01 00:00:00+00:00
[2026-04-21T00:43:46.462+0000] {processor.py:183} INFO - Processing /home/airflow/.local/lib/python3.8/site-packages/airflow/example_dags/example_xcom.py took 0.091 seconds
[2026-04-21T00:44:16.816+0000] {processor.py:161} INFO - Started process (PID=3706587) to work on /home/airflow/.local/lib/python3.8/site-packages/airflow/example_dags/example_xcom.py
[2026-04-21T00:44:16.818+0000] {processor.py:830} INFO - Processing file /home/airflow/.local/lib/python3.8/site-packages/airflow/example_dags/example_xcom.py for tasks to queue
[2026-04-21T00:44:16.820+0000] {logging_mixin.py:188} INFO - [2026-04-21T00:44:16.820+0000] {dagbag.py:538} INFO - Filling up the DagBag from /home/airflow/.local/lib/python3.8/site-packages/airflow/example_dags/example_xcom.py
[2026-04-21T00:44:16.830+0000] {processor.py:840} INFO - DAG(s) 'example_xcom' retrieved from /home/airflow/.local/lib/python3.8/site-packages/airflow/example_dags/example_xcom.py
[2026-04-21T00:44:16.855+0000] {logging_mixin.py:188} INFO - [2026-04-21T00:44:16.855+0000] {dag.py:3036} INFO - Sync 1 DAGs
[2026-04-21T00:44:16.878+0000] {logging_mixin.py:188} INFO - [2026-04-21T00:44:16.878+0000] {dag.py:3823} INFO - Setting next_dagrun for example_xcom to 2021-01-01 00:00:00+00:00, run_after=2021-01-01 00:00:00+00:00
[2026-04-21T00:44:16.897+0000] {processor.py:183} INFO - Processing /home/airflow/.local/lib/python3.8/site-packages/airflow/example_dags/example_xcom.py took 0.086 seconds
[2026-04-21T00:44:47.197+0000] {processor.py:161} INFO - Started process (PID=3706644) to work on /home/airflow/.local/lib/python3.8/site-packages/airflow/example_dags/example_xcom.py
[2026-04-21T00:44:47.198+0000] {processor.py:830} INFO - Processing file /home/airflow/.local/lib/python3.8/site-packages/airflow/example_dags/example_xcom.py for tasks to queue
[2026-04-21T00:44:47.201+0000] {logging_mixin.py:188} INFO - [2026-04-21T00:44:47.200+0000] {dagbag.py:538} INFO - Filling up the DagBag from /home/airflow/.local/lib/python3.8/site-packages/airflow/example_dags/example_xcom.py
[2026-04-21T00:44:47.210+0000] {processor.py:840} INFO - DAG(s) 'example_xcom' retrieved from /home/airflow/.local/lib/python3.8/site-packages/airflow/example_dags/example_xcom.py
[2026-04-21T00:44:47.235+0000] {logging_mixin.py:188} INFO - [2026-04-21T00:44:47.235+0000] {dag.py:3036} INFO - Sync 1 DAGs
[2026-04-21T00:44:47.259+0000] {logging_mixin.py:188} INFO - [2026-04-21T00:44:47.258+0000] {dag.py:3823} INFO - Setting next_dagrun for example_xcom to 2021-01-01 00:00:00+00:00, run_after=2021-01-01 00:00:00+00:00
[2026-04-21T00:44:47.277+0000] {processor.py:183} INFO - Processing /home/airflow/.local/lib/python3.8/site-packages/airflow/example_dags/example_xcom.py took 0.084 seconds
[2026-04-21T00:45:17.596+0000] {processor.py:161} INFO - Started process (PID=3706701) to work on /home/airflow/.local/lib/python3.8/site-packages/airflow/example_dags/example_xcom.py
[2026-04-21T00:45:17.598+0000] {processor.py:830} INFO - Processing file /home/airflow/.local/lib/python3.8/site-packages/airflow/example_dags/example_xcom.py for tasks to queue
[2026-04-21T00:45:17.601+0000] {logging_mixin.py:188} INFO - [2026-04-21T00:45:17.600+0000] {dagbag.py:538} INFO - Filling up the DagBag from /home/airflow/.local/lib/python3.8/site-packages/airflow/example_dags/example_xcom.py
[2026-04-21T00:45:17.610+0000] {processor.py:840} INFO - DAG(s) 'example_xcom' retrieved from /home/airflow/.local/lib/python3.8/site-packages/airflow/example_dags/example_xcom.py
[2026-04-21T00:45:17.636+0000] {logging_mixin.py:188} INFO - [2026-04-21T00:45:17.636+0000] {dag.py:3036} INFO - Sync 1 DAGs
[2026-04-21T00:45:17.660+0000] {logging_mixin.py:188} INFO - [2026-04-21T00:45:17.660+0000] {dag.py:3823} INFO - Setting next_dagrun for example_xcom to 2021-01-01 00:00:00+00:00, run_after=2021-01-01 00:00:00+00:00
[2026-04-21T00:45:17.678+0000] {processor.py:183} INFO - Processing /home/airflow/.local/lib/python3.8/site-packages/airflow/example_dags/example_xcom.py took 0.086 seconds
[2026-04-21T00:45:47.853+0000] {processor.py:161} INFO - Started process (PID=3706758) to work on /home/airflow/.local/lib/python3.8/site-packages/airflow/example_dags/example_xcom.py
[2026-04-21T00:45:47.854+0000] {processor.py:830} INFO - Processing file /home/airflow/.local/lib/python3.8/site-packages/airflow/example_dags/example_xcom.py for tasks to queue
[2026-04-21T00:45:47.857+0000] {logging_mixin.py:188} INFO - [2026-04-21T00:45:47.856+0000] {dagbag.py:538} INFO - Filling up the DagBag from /home/airflow/.local/lib/python3.8/site-packages/airflow/example_dags/example_xcom.py
[2026-04-21T00:45:47.867+0000] {processor.py:840} INFO - DAG(s) 'example_xcom' retrieved from /home/airflow/.local/lib/python3.8/site-packages/airflow/example_dags/example_xcom.py
[2026-04-21T00:45:47.892+0000] {logging_mixin.py:188} INFO - [2026-04-21T00:45:47.892+0000] {dag.py:3036} INFO - Sync 1 DAGs
[2026-04-21T00:45:47.917+0000] {logging_mixin.py:188} INFO - [2026-04-21T00:45:47.917+0000] {dag.py:3823} INFO - Setting next_dagrun for example_xcom to 2021-01-01 00:00:00+00:00, run_after=2021-01-01 00:00:00+00:00
[2026-04-21T00:45:47.942+0000] {processor.py:183} INFO - Processing /home/airflow/.local/lib/python3.8/site-packages/airflow/example_dags/example_xcom.py took 0.094 seconds
[2026-04-21T00:46:18.022+0000] {processor.py:161} INFO - Started process (PID=3706815) to work on /home/airflow/.local/lib/python3.8/site-packages/airflow/example_dags/example_xcom.py
[2026-04-21T00:46:18.024+0000] {processor.py:830} INFO - Processing file /home/airflow/.local/lib/python3.8/site-packages/airflow/example_dags/example_xcom.py for tasks to queue
[2026-04-21T00:46:18.027+0000] {logging_mixin.py:188} INFO - [2026-04-21T00:46:18.026+0000] {dagbag.py:538} INFO - Filling up the DagBag from /home/airflow/.local/lib/python3.8/site-packages/airflow/example_dags/example_xcom.py
[2026-04-21T00:46:18.037+0000] {processor.py:840} INFO - DAG(s) 'example_xcom' retrieved from /home/airflow/.local/lib/python3.8/site-packages/airflow/example_dags/example_xcom.py
[2026-04-21T00:46:18.063+0000] {logging_mixin.py:188} INFO - [2026-04-21T00:46:18.062+0000] {dag.py:3036} INFO - Sync 1 DAGs
[2026-04-21T00:46:18.087+0000] {logging_mixin.py:188} INFO - [2026-04-21T00:46:18.086+0000] {dag.py:3823} INFO - Setting next_dagrun for example_xcom to 2021-01-01 00:00:00+00:00, run_after=2021-01-01 00:00:00+00:00
[2026-04-21T00:46:18.106+0000] {processor.py:183} INFO - Processing /home/airflow/.local/lib/python3.8/site-packages/airflow/example_dags/example_xcom.py took 0.089 seconds
[2026-04-21T00:46:48.446+0000] {processor.py:161} INFO - Started process (PID=3706872) to work on /home/airflow/.local/lib/python3.8/site-packages/airflow/example_dags/example_xcom.py
[2026-04-21T00:46:48.448+0000] {processor.py:830} INFO - Processing file /home/airflow/.local/lib/python3.8/site-packages/airflow/example_dags/example_xcom.py for tasks to queue
[2026-04-21T00:46:48.450+0000] {logging_mixin.py:188} INFO - [2026-04-21T00:46:48.450+0000] {dagbag.py:538} INFO - Filling up the DagBag from /home/airflow/.local/lib/python3.8/site-packages/airflow/example_dags/example_xcom.py
[2026-04-21T00:46:48.460+0000] {processor.py:840} INFO - DAG(s) 'example_xcom' retrieved from /home/airflow/.local/lib/python3.8/site-packages/airflow/example_dags/example_xcom.py
[2026-04-21T00:46:48.487+0000] {logging_mixin.py:188} INFO - [2026-04-21T00:46:48.487+0000] {dag.py:3036} INFO - Sync 1 DAGs
[2026-04-21T00:46:48.512+0000] {logging_mixin.py:188} INFO - [2026-04-21T00:46:48.512+0000] {dag.py:3823} INFO - Setting next_dagrun for example_xcom to 2021-01-01 00:00:00+00:00, run_after=2021-01-01 00:00:00+00:00
[2026-04-21T00:46:48.532+0000] {processor.py:183} INFO - Processing /home/airflow/.local/lib/python3.8/site-packages/airflow/example_dags/example_xcom.py took 0.091 seconds
[2026-04-21T00:47:18.710+0000] {processor.py:161} INFO - Started process (PID=3706929) to work on /home/airflow/.local/lib/python3.8/site-packages/airflow/example_dags/example_xcom.py
[2026-04-21T00:47:18.711+0000] {processor.py:830} INFO - Processing file /home/airflow/.local/lib/python3.8/site-packages/airflow/example_dags/example_xcom.py for tasks to queue
[2026-04-21T00:47:18.714+0000] {logging_mixin.py:188} INFO - [2026-04-21T00:47:18.713+0000] {dagbag.py:538} INFO - Filling up the DagBag from /home/airflow/.local/lib/python3.8/site-packages/airflow/example_dags/example_xcom.py
[2026-04-21T00:47:18.723+0000] {processor.py:840} INFO - DAG(s) 'example_xcom' retrieved from /home/airflow/.local/lib/python3.8/site-packages/airflow/example_dags/example_xcom.py
[2026-04-21T00:47:18.748+0000] {logging_mixin.py:188} INFO - [2026-04-21T00:47:18.748+0000] {dag.py:3036} INFO - Sync 1 DAGs
[2026-04-21T00:47:18.771+0000] {logging_mixin.py:188} INFO - [2026-04-21T00:47:18.771+0000] {dag.py:3823} INFO - Setting next_dagrun for example_xcom to 2021-01-01 00:00:00+00:00, run_after=2021-01-01 00:00:00+00:00
[2026-04-21T00:47:18.790+0000] {processor.py:183} INFO - Processing /home/airflow/.local/lib/python3.8/site-packages/airflow/example_dags/example_xcom.py took 0.086 seconds
[2026-04-21T00:47:48.920+0000] {processor.py:161} INFO - Started process (PID=3706986) to work on /home/airflow/.local/lib/python3.8/site-packages/airflow/example_dags/example_xcom.py
[2026-04-21T00:47:48.922+0000] {processor.py:830} INFO - Processing file /home/airflow/.local/lib/python3.8/site-packages/airflow/example_dags/example_xcom.py for tasks to queue
[2026-04-21T00:47:48.924+0000] {logging_mixin.py:188} INFO - [2026-04-21T00:47:48.923+0000] {dagbag.py:538} INFO - Filling up the DagBag from /home/airflow/.local/lib/python3.8/site-packages/airflow/example_dags/example_xcom.py
[2026-04-21T00:47:48.933+0000] {processor.py:840} INFO - DAG(s) 'example_xcom' retrieved from /home/airflow/.local/lib/python3.8/site-packages/airflow/example_dags/example_xcom.py
[2026-04-21T00:47:48.958+0000] {logging_mixin.py:188} INFO - [2026-04-21T00:47:48.958+0000] {dag.py:3036} INFO - Sync 1 DAGs
[2026-04-21T00:47:48.981+0000] {logging_mixin.py:188} INFO - [2026-04-21T00:47:48.981+0000] {dag.py:3823} INFO - Setting next_dagrun for example_xcom to 2021-01-01 00:00:00+00:00, run_after=2021-01-01 00:00:00+00:00
[2026-04-21T00:47:48.999+0000] {processor.py:183} INFO - Processing /home/airflow/.local/lib/python3.8/site-packages/airflow/example_dags/example_xcom.py took 0.084 seconds
[2026-04-21T00:48:19.970+0000] {processor.py:161} INFO - Started process (PID=3707043) to work on /home/airflow/.local/lib/python3.8/site-packages/airflow/example_dags/example_xcom.py
[2026-04-21T00:48:19.972+0000] {processor.py:830} INFO - Processing file /home/airflow/.local/lib/python3.8/site-packages/airflow/example_dags/example_xcom.py for tasks to queue
[2026-04-21T00:48:19.974+0000] {logging_mixin.py:188} INFO - [2026-04-21T00:48:19.973+0000] {dagbag.py:538} INFO - Filling up the DagBag from /home/airflow/.local/lib/python3.8/site-packages/airflow/example_dags/example_xcom.py
[2026-04-21T00:48:19.984+0000] {processor.py:840} INFO - DAG(s) 'example_xcom' retrieved from /home/airflow/.local/lib/python3.8/site-packages/airflow/example_dags/example_xcom.py
[2026-04-21T00:48:20.010+0000] {logging_mixin.py:188} INFO - [2026-04-21T00:48:20.010+0000] {dag.py:3036} INFO - Sync 1 DAGs
[2026-04-21T00:48:20.034+0000] {logging_mixin.py:188} INFO - [2026-04-21T00:48:20.034+0000] {dag.py:3823} INFO - Setting next_dagrun for example_xcom to 2021-01-01 00:00:00+00:00, run_after=2021-01-01 00:00:00+00:00
[2026-04-21T00:48:20.053+0000] {processor.py:183} INFO - Processing /home/airflow/.local/lib/python3.8/site-packages/airflow/example_dags/example_xcom.py took 0.088 seconds
[2026-04-21T00:48:50.289+0000] {processor.py:161} INFO - Started process (PID=3707100) to work on /home/airflow/.local/lib/python3.8/site-packages/airflow/example_dags/example_xcom.py
[2026-04-21T00:48:50.290+0000] {processor.py:830} INFO - Processing file /home/airflow/.local/lib/python3.8/site-packages/airflow/example_dags/example_xcom.py for tasks to queue
[2026-04-21T00:48:50.293+0000] {logging_mixin.py:188} INFO - [2026-04-21T00:48:50.292+0000] {dagbag.py:538} INFO - Filling up the DagBag from /home/airflow/.local/lib/python3.8/site-packages/airflow/example_dags/example_xcom.py
[2026-04-21T00:48:50.303+0000] {processor.py:840} INFO - DAG(s) 'example_xcom' retrieved from /home/airflow/.local/lib/python3.8/site-packages/airflow/example_dags/example_xcom.py
[2026-04-21T00:48:50.329+0000] {logging_mixin.py:188} INFO - [2026-04-21T00:48:50.329+0000] {dag.py:3036} INFO - Sync 1 DAGs
[2026-04-21T00:48:50.353+0000] {logging_mixin.py:188} INFO - [2026-04-21T00:48:50.353+0000] {dag.py:3823} INFO - Setting next_dagrun for example_xcom to 2021-01-01 00:00:00+00:00, run_after=2021-01-01 00:00:00+00:00
[2026-04-21T00:48:50.371+0000] {processor.py:183} INFO - Processing /home/airflow/.local/lib/python3.8/site-packages/airflow/example_dags/example_xcom.py took 0.087 seconds
[2026-04-21T00:49:20.425+0000] {processor.py:161} INFO - Started process (PID=3707156) to work on /home/airflow/.local/lib/python3.8/site-packages/airflow/example_dags/example_xcom.py
[2026-04-21T00:49:20.427+0000] {processor.py:830} INFO - Processing file /home/airflow/.local/lib/python3.8/site-packages/airflow/example_dags/example_xcom.py for tasks to queue
[2026-04-21T00:49:20.429+0000] {logging_mixin.py:188} INFO - [2026-04-21T00:49:20.429+0000] {dagbag.py:538} INFO - Filling up the DagBag from /home/airflow/.local/lib/python3.8/site-packages/airflow/example_dags/example_xcom.py
[2026-04-21T00:49:20.439+0000] {processor.py:840} INFO - DAG(s) 'example_xcom' retrieved from /home/airflow/.local/lib/python3.8/site-packages/airflow/example_dags/example_xcom.py
[2026-04-21T00:49:20.465+0000] {logging_mixin.py:188} INFO - [2026-04-21T00:49:20.465+0000] {dag.py:3036} INFO - Sync 1 DAGs
[2026-04-21T00:49:20.492+0000] {logging_mixin.py:188} INFO - [2026-04-21T00:49:20.491+0000] {dag.py:3823} INFO - Setting next_dagrun for example_xcom to 2021-01-01 00:00:00+00:00, run_after=2021-01-01 00:00:00+00:00
[2026-04-21T00:49:20.517+0000] {processor.py:183} INFO - Processing /home/airflow/.local/lib/python3.8/site-packages/airflow/example_dags/example_xcom.py took 0.097 seconds
[2026-04-21T00:49:50.910+0000] {processor.py:161} INFO - Started process (PID=3707214) to work on /home/airflow/.local/lib/python3.8/site-packages/airflow/example_dags/example_xcom.py
[2026-04-21T00:49:50.912+0000] {processor.py:830} INFO - Processing file /home/airflow/.local/lib/python3.8/site-packages/airflow/example_dags/example_xcom.py for tasks to queue
[2026-04-21T00:49:50.914+0000] {logging_mixin.py:188} INFO - [2026-04-21T00:49:50.913+0000] {dagbag.py:538} INFO - Filling up the DagBag from /home/airflow/.local/lib/python3.8/site-packages/airflow/example_dags/example_xcom.py
[2026-04-21T00:49:50.924+0000] {processor.py:840} INFO - DAG(s) 'example_xcom' retrieved from /home/airflow/.local/lib/python3.8/site-packages/airflow/example_dags/example_xcom.py
[2026-04-21T00:49:50.951+0000] {logging_mixin.py:188} INFO - [2026-04-21T00:49:50.951+0000] {dag.py:3036} INFO - Sync 1 DAGs
[2026-04-21T00:49:50.976+0000] {logging_mixin.py:188} INFO - [2026-04-21T00:49:50.976+0000] {dag.py:3823} INFO - Setting next_dagrun for example_xcom to 2021-01-01 00:00:00+00:00, run_after=2021-01-01 00:00:00+00:00
[2026-04-21T00:49:50.997+0000] {processor.py:183} INFO - Processing /home/airflow/.local/lib/python3.8/site-packages/airflow/example_dags/example_xcom.py took 0.091 seconds
[2026-04-21T00:50:21.134+0000] {processor.py:161} INFO - Started process (PID=3707270) to work on /home/airflow/.local/lib/python3.8/site-packages/airflow/example_dags/example_xcom.py
[2026-04-21T00:50:21.136+0000] {processor.py:830} INFO - Processing file /home/airflow/.local/lib/python3.8/site-packages/airflow/example_dags/example_xcom.py for tasks to queue
[2026-04-21T00:50:21.138+0000] {logging_mixin.py:188} INFO - [2026-04-21T00:50:21.138+0000] {dagbag.py:538} INFO - Filling up the DagBag from /home/airflow/.local/lib/python3.8/site-packages/airflow/example_dags/example_xcom.py
[2026-04-21T00:50:21.148+0000] {processor.py:840} INFO - DAG(s) 'example_xcom' retrieved from /home/airflow/.local/lib/python3.8/site-packages/airflow/example_dags/example_xcom.py
[2026-04-21T00:50:21.174+0000] {logging_mixin.py:188} INFO - [2026-04-21T00:50:21.173+0000] {dag.py:3036} INFO - Sync 1 DAGs
[2026-04-21T00:50:21.198+0000] {logging_mixin.py:188} INFO - [2026-04-21T00:50:21.198+0000] {dag.py:3823} INFO - Setting next_dagrun for example_xcom to 2021-01-01 00:00:00+00:00, run_after=2021-01-01 00:00:00+00:00
[2026-04-21T00:50:21.217+0000] {processor.py:183} INFO - Processing /home/airflow/.local/lib/python3.8/site-packages/airflow/example_dags/example_xcom.py took 0.088 seconds
[2026-04-21T00:50:51.603+0000] {processor.py:161} INFO - Started process (PID=3707328) to work on /home/airflow/.local/lib/python3.8/site-packages/airflow/example_dags/example_xcom.py
[2026-04-21T00:50:51.605+0000] {processor.py:830} INFO - Processing file /home/airflow/.local/lib/python3.8/site-packages/airflow/example_dags/example_xcom.py for tasks to queue
[2026-04-21T00:50:51.607+0000] {logging_mixin.py:188} INFO - [2026-04-21T00:50:51.607+0000] {dagbag.py:538} INFO - Filling up the DagBag from /home/airflow/.local/lib/python3.8/site-packages/airflow/example_dags/example_xcom.py
[2026-04-21T00:50:51.617+0000] {processor.py:840} INFO - DAG(s) 'example_xcom' retrieved from /home/airflow/.local/lib/python3.8/site-packages/airflow/example_dags/example_xcom.py
[2026-04-21T00:50:51.642+0000] {logging_mixin.py:188} INFO - [2026-04-21T00:50:51.642+0000] {dag.py:3036} INFO - Sync 1 DAGs
[2026-04-21T00:50:51.666+0000] {logging_mixin.py:188} INFO - [2026-04-21T00:50:51.665+0000] {dag.py:3823} INFO - Setting next_dagrun for example_xcom to 2021-01-01 00:00:00+00:00, run_after=2021-01-01 00:00:00+00:00
[2026-04-21T00:50:51.684+0000] {processor.py:183} INFO - Processing /home/airflow/.local/lib/python3.8/site-packages/airflow/example_dags/example_xcom.py took 0.086 seconds
[2026-04-21T00:51:21.985+0000] {processor.py:161} INFO - Started process (PID=3707385) to work on /home/airflow/.local/lib/python3.8/site-packages/airflow/example_dags/example_xcom.py
[2026-04-21T00:51:21.986+0000] {processor.py:830} INFO - Processing file /home/airflow/.local/lib/python3.8/site-packages/airflow/example_dags/example_xcom.py for tasks to queue
[2026-04-21T00:51:21.989+0000] {logging_mixin.py:188} INFO - [2026-04-21T00:51:21.988+0000] {dagbag.py:538} INFO - Filling up the DagBag from /home/airflow/.local/lib/python3.8/site-packages/airflow/example_dags/example_xcom.py
[2026-04-21T00:51:21.999+0000] {processor.py:840} INFO - DAG(s) 'example_xcom' retrieved from /home/airflow/.local/lib/python3.8/site-packages/airflow/example_dags/example_xcom.py
[2026-04-21T00:51:22.024+0000] {logging_mixin.py:188} INFO - [2026-04-21T00:51:22.024+0000] {dag.py:3036} INFO - Sync 1 DAGs
[2026-04-21T00:51:22.048+0000] {logging_mixin.py:188} INFO - [2026-04-21T00:51:22.048+0000] {dag.py:3823} INFO - Setting next_dagrun for example_xcom to 2021-01-01 00:00:00+00:00, run_after=2021-01-01 00:00:00+00:00
[2026-04-21T00:51:22.067+0000] {processor.py:183} INFO - Processing /home/airflow/.local/lib/python3.8/site-packages/airflow/example_dags/example_xcom.py took 0.086 seconds
[2026-04-21T00:51:52.248+0000] {processor.py:161} INFO - Started process (PID=3707442) to work on /home/airflow/.local/lib/python3.8/site-packages/airflow/example_dags/example_xcom.py
[2026-04-21T00:51:52.250+0000] {processor.py:830} INFO - Processing file /home/airflow/.local/lib/python3.8/site-packages/airflow/example_dags/example_xcom.py for tasks to queue
[2026-04-21T00:51:52.252+0000] {logging_mixin.py:188} INFO - [2026-04-21T00:51:52.252+0000] {dagbag.py:538} INFO - Filling up the DagBag from /home/airflow/.local/lib/python3.8/site-packages/airflow/example_dags/example_xcom.py
[2026-04-21T00:51:52.262+0000] {processor.py:840} INFO - DAG(s) 'example_xcom' retrieved from /home/airflow/.local/lib/python3.8/site-packages/airflow/example_dags/example_xcom.py
[2026-04-21T00:51:52.288+0000] {logging_mixin.py:188} INFO - [2026-04-21T00:51:52.287+0000] {dag.py:3036} INFO - Sync 1 DAGs
[2026-04-21T00:51:52.311+0000] {logging_mixin.py:188} INFO - [2026-04-21T00:51:52.311+0000] {dag.py:3823} INFO - Setting next_dagrun for example_xcom to 2021-01-01 00:00:00+00:00, run_after=2021-01-01 00:00:00+00:00
[2026-04-21T00:51:52.329+0000] {processor.py:183} INFO - Processing /home/airflow/.local/lib/python3.8/site-packages/airflow/example_dags/example_xcom.py took 0.086 seconds
[2026-04-21T00:52:23.190+0000] {processor.py:161} INFO - Started process (PID=3707499) to work on /home/airflow/.local/lib/python3.8/site-packages/airflow/example_dags/example_xcom.py
[2026-04-21T00:52:23.191+0000] {processor.py:830} INFO - Processing file /home/airflow/.local/lib/python3.8/site-packages/airflow/example_dags/example_xcom.py for tasks to queue
[2026-04-21T00:52:23.193+0000] {logging_mixin.py:188} INFO - [2026-04-21T00:52:23.193+0000] {dagbag.py:538} INFO - Filling up the DagBag from /home/airflow/.local/lib/python3.8/site-packages/airflow/example_dags/example_xcom.py
[2026-04-21T00:52:23.204+0000] {processor.py:840} INFO - DAG(s) 'example_xcom' retrieved from /home/airflow/.local/lib/python3.8/site-packages/airflow/example_dags/example_xcom.py
[2026-04-21T00:52:23.229+0000] {logging_mixin.py:188} INFO - [2026-04-21T00:52:23.229+0000] {dag.py:3036} INFO - Sync 1 DAGs
[2026-04-21T00:52:23.253+0000] {logging_mixin.py:188} INFO - [2026-04-21T00:52:23.252+0000] {dag.py:3823} INFO - Setting next_dagrun for example_xcom to 2021-01-01 00:00:00+00:00, run_after=2021-01-01 00:00:00+00:00
[2026-04-21T00:52:23.271+0000] {processor.py:183} INFO - Processing /home/airflow/.local/lib/python3.8/site-packages/airflow/example_dags/example_xcom.py took 0.087 seconds
[2026-04-21T00:52:54.149+0000] {processor.py:161} INFO - Started process (PID=3707556) to work on /home/airflow/.local/lib/python3.8/site-packages/airflow/example_dags/example_xcom.py
[2026-04-21T00:52:54.154+0000] {processor.py:830} INFO - Processing file /home/airflow/.local/lib/python3.8/site-packages/airflow/example_dags/example_xcom.py for tasks to queue
[2026-04-21T00:52:54.157+0000] {logging_mixin.py:188} INFO - [2026-04-21T00:52:54.156+0000] {dagbag.py:538} INFO - Filling up the DagBag from /home/airflow/.local/lib/python3.8/site-packages/airflow/example_dags/example_xcom.py
[2026-04-21T00:52:54.167+0000] {processor.py:840} INFO - DAG(s) 'example_xcom' retrieved from /home/airflow/.local/lib/python3.8/site-packages/airflow/example_dags/example_xcom.py
[2026-04-21T00:52:54.194+0000] {logging_mixin.py:188} INFO - [2026-04-21T00:52:54.194+0000] {dag.py:3036} INFO - Sync 1 DAGs
[2026-04-21T00:52:54.218+0000] {logging_mixin.py:188} INFO - [2026-04-21T00:52:54.218+0000] {dag.py:3823} INFO - Setting next_dagrun for example_xcom to 2021-01-01 00:00:00+00:00, run_after=2021-01-01 00:00:00+00:00
[2026-04-21T00:52:54.237+0000] {processor.py:183} INFO - Processing /home/airflow/.local/lib/python3.8/site-packages/airflow/example_dags/example_xcom.py took 0.092 seconds
[2026-04-21T00:53:24.290+0000] {processor.py:161} INFO - Started process (PID=3707612) to work on /home/airflow/.local/lib/python3.8/site-packages/airflow/example_dags/example_xcom.py
[2026-04-21T00:53:24.291+0000] {processor.py:830} INFO - Processing file /home/airflow/.local/lib/python3.8/site-packages/airflow/example_dags/example_xcom.py for tasks to queue
[2026-04-21T00:53:24.294+0000] {logging_mixin.py:188} INFO - [2026-04-21T00:53:24.293+0000] {dagbag.py:538} INFO - Filling up the DagBag from /home/airflow/.local/lib/python3.8/site-packages/airflow/example_dags/example_xcom.py
[2026-04-21T00:53:24.304+0000] {processor.py:840} INFO - DAG(s) 'example_xcom' retrieved from /home/airflow/.local/lib/python3.8/site-packages/airflow/example_dags/example_xcom.py
[2026-04-21T00:53:24.329+0000] {logging_mixin.py:188} INFO - [2026-04-21T00:53:24.329+0000] {dag.py:3036} INFO - Sync 1 DAGs
[2026-04-21T00:53:24.353+0000] {logging_mixin.py:188} INFO - [2026-04-21T00:53:24.353+0000] {dag.py:3823} INFO - Setting next_dagrun for example_xcom to 2021-01-01 00:00:00+00:00, run_after=2021-01-01 00:00:00+00:00
[2026-04-21T00:53:24.372+0000] {processor.py:183} INFO - Processing /home/airflow/.local/lib/python3.8/site-packages/airflow/example_dags/example_xcom.py took 0.086 seconds
[2026-04-21T00:53:54.662+0000] {processor.py:161} INFO - Started process (PID=3707670) to work on /home/airflow/.local/lib/python3.8/site-packages/airflow/example_dags/example_xcom.py
[2026-04-21T00:53:54.663+0000] {processor.py:830} INFO - Processing file /home/airflow/.local/lib/python3.8/site-packages/airflow/example_dags/example_xcom.py for tasks to queue
[2026-04-21T00:53:54.666+0000] {logging_mixin.py:188} INFO - [2026-04-21T00:53:54.666+0000] {dagbag.py:538} INFO - Filling up the DagBag from /home/airflow/.local/lib/python3.8/site-packages/airflow/example_dags/example_xcom.py
[2026-04-21T00:53:54.676+0000] {processor.py:840} INFO - DAG(s) 'example_xcom' retrieved from /home/airflow/.local/lib/python3.8/site-packages/airflow/example_dags/example_xcom.py
[2026-04-21T00:53:54.703+0000] {logging_mixin.py:188} INFO - [2026-04-21T00:53:54.702+0000] {dag.py:3036} INFO - Sync 1 DAGs
[2026-04-21T00:53:54.727+0000] {logging_mixin.py:188} INFO - [2026-04-21T00:53:54.727+0000] {dag.py:3823} INFO - Setting next_dagrun for example_xcom to 2021-01-01 00:00:00+00:00, run_after=2021-01-01 00:00:00+00:00
[2026-04-21T00:53:54.747+0000] {processor.py:183} INFO - Processing /home/airflow/.local/lib/python3.8/site-packages/airflow/example_dags/example_xcom.py took 0.091 seconds
[2026-04-21T00:54:24.948+0000] {processor.py:161} INFO - Started process (PID=3707727) to work on /home/airflow/.local/lib/python3.8/site-packages/airflow/example_dags/example_xcom.py
[2026-04-21T00:54:24.950+0000] {processor.py:830} INFO - Processing file /home/airflow/.local/lib/python3.8/site-packages/airflow/example_dags/example_xcom.py for tasks to queue
[2026-04-21T00:54:24.952+0000] {logging_mixin.py:188} INFO - [2026-04-21T00:54:24.952+0000] {dagbag.py:538} INFO - Filling up the DagBag from /home/airflow/.local/lib/python3.8/site-packages/airflow/example_dags/example_xcom.py
[2026-04-21T00:54:24.963+0000] {processor.py:840} INFO - DAG(s) 'example_xcom' retrieved from /home/airflow/.local/lib/python3.8/site-packages/airflow/example_dags/example_xcom.py
[2026-04-21T00:54:24.991+0000] {logging_mixin.py:188} INFO - [2026-04-21T00:54:24.990+0000] {dag.py:3036} INFO - Sync 1 DAGs
[2026-04-21T00:54:25.014+0000] {logging_mixin.py:188} INFO - [2026-04-21T00:54:25.014+0000] {dag.py:3823} INFO - Setting next_dagrun for example_xcom to 2021-01-01 00:00:00+00:00, run_after=2021-01-01 00:00:00+00:00
[2026-04-21T00:54:25.033+0000] {processor.py:183} INFO - Processing /home/airflow/.local/lib/python3.8/site-packages/airflow/example_dags/example_xcom.py took 0.089 seconds
[2026-04-21T00:54:55.428+0000] {processor.py:161} INFO - Started process (PID=3707784) to work on /home/airflow/.local/lib/python3.8/site-packages/airflow/example_dags/example_xcom.py
[2026-04-21T00:54:55.430+0000] {processor.py:830} INFO - Processing file /home/airflow/.local/lib/python3.8/site-packages/airflow/example_dags/example_xcom.py for tasks to queue
[2026-04-21T00:54:55.433+0000] {logging_mixin.py:188} INFO - [2026-04-21T00:54:55.432+0000] {dagbag.py:538} INFO - Filling up the DagBag from /home/airflow/.local/lib/python3.8/site-packages/airflow/example_dags/example_xcom.py
[2026-04-21T00:54:55.442+0000] {processor.py:840} INFO - DAG(s) 'example_xcom' retrieved from /home/airflow/.local/lib/python3.8/site-packages/airflow/example_dags/example_xcom.py
[2026-04-21T00:54:55.468+0000] {logging_mixin.py:188} INFO - [2026-04-21T00:54:55.468+0000] {dag.py:3036} INFO - Sync 1 DAGs
[2026-04-21T00:54:55.491+0000] {logging_mixin.py:188} INFO - [2026-04-21T00:54:55.491+0000] {dag.py:3823} INFO - Setting next_dagrun for example_xcom to 2021-01-01 00:00:00+00:00, run_after=2021-01-01 00:00:00+00:00
[2026-04-21T00:54:55.511+0000] {processor.py:183} INFO - Processing /home/airflow/.local/lib/python3.8/site-packages/airflow/example_dags/example_xcom.py took 0.087 seconds
[2026-04-21T00:55:25.799+0000] {processor.py:161} INFO - Started process (PID=3707841) to work on /home/airflow/.local/lib/python3.8/site-packages/airflow/example_dags/example_xcom.py
[2026-04-21T00:55:25.800+0000] {processor.py:830} INFO - Processing file /home/airflow/.local/lib/python3.8/site-packages/airflow/example_dags/example_xcom.py for tasks to queue
[2026-04-21T00:55:25.802+0000] {logging_mixin.py:188} INFO - [2026-04-21T00:55:25.802+0000] {dagbag.py:538} INFO - Filling up the DagBag from /home/airflow/.local/lib/python3.8/site-packages/airflow/example_dags/example_xcom.py
[2026-04-21T00:55:25.812+0000] {processor.py:840} INFO - DAG(s) 'example_xcom' retrieved from /home/airflow/.local/lib/python3.8/site-packages/airflow/example_dags/example_xcom.py
[2026-04-21T00:55:25.838+0000] {logging_mixin.py:188} INFO - [2026-04-21T00:55:25.838+0000] {dag.py:3036} INFO - Sync 1 DAGs
[2026-04-21T00:55:25.862+0000] {logging_mixin.py:188} INFO - [2026-04-21T00:55:25.861+0000] {dag.py:3823} INFO - Setting next_dagrun for example_xcom to 2021-01-01 00:00:00+00:00, run_after=2021-01-01 00:00:00+00:00
[2026-04-21T00:55:25.881+0000] {processor.py:183} INFO - Processing /home/airflow/.local/lib/python3.8/site-packages/airflow/example_dags/example_xcom.py took 0.087 seconds
[2026-04-21T00:55:56.687+0000] {processor.py:161} INFO - Started process (PID=3707898) to work on /home/airflow/.local/lib/python3.8/site-packages/airflow/example_dags/example_xcom.py
[2026-04-21T00:55:56.689+0000] {processor.py:830} INFO - Processing file /home/airflow/.local/lib/python3.8/site-packages/airflow/example_dags/example_xcom.py for tasks to queue
[2026-04-21T00:55:56.692+0000] {logging_mixin.py:188} INFO - [2026-04-21T00:55:56.691+0000] {dagbag.py:538} INFO - Filling up the DagBag from /home/airflow/.local/lib/python3.8/site-packages/airflow/example_dags/example_xcom.py
[2026-04-21T00:55:56.702+0000] {processor.py:840} INFO - DAG(s) 'example_xcom' retrieved from /home/airflow/.local/lib/python3.8/site-packages/airflow/example_dags/example_xcom.py
[2026-04-21T00:55:56.728+0000] {logging_mixin.py:188} INFO - [2026-04-21T00:55:56.727+0000] {dag.py:3036} INFO - Sync 1 DAGs
[2026-04-21T00:55:56.752+0000] {logging_mixin.py:188} INFO - [2026-04-21T00:55:56.752+0000] {dag.py:3823} INFO - Setting next_dagrun for example_xcom to 2021-01-01 00:00:00+00:00, run_after=2021-01-01 00:00:00+00:00
[2026-04-21T00:55:56.771+0000] {processor.py:183} INFO - Processing /home/airflow/.local/lib/python3.8/site-packages/airflow/example_dags/example_xcom.py took 0.089 seconds
[2026-04-21T00:56:27.496+0000] {processor.py:161} INFO - Started process (PID=3707955) to work on /home/airflow/.local/lib/python3.8/site-packages/airflow/example_dags/example_xcom.py
[2026-04-21T00:56:27.497+0000] {processor.py:830} INFO - Processing file /home/airflow/.local/lib/python3.8/site-packages/airflow/example_dags/example_xcom.py for tasks to queue
[2026-04-21T00:56:27.499+0000] {logging_mixin.py:188} INFO - [2026-04-21T00:56:27.499+0000] {dagbag.py:538} INFO - Filling up the DagBag from /home/airflow/.local/lib/python3.8/site-packages/airflow/example_dags/example_xcom.py
[2026-04-21T00:56:27.509+0000] {processor.py:840} INFO - DAG(s) 'example_xcom' retrieved from /home/airflow/.local/lib/python3.8/site-packages/airflow/example_dags/example_xcom.py
[2026-04-21T00:56:27.535+0000] {logging_mixin.py:188} INFO - [2026-04-21T00:56:27.535+0000] {dag.py:3036} INFO - Sync 1 DAGs
[2026-04-21T00:56:27.558+0000] {logging_mixin.py:188} INFO - [2026-04-21T00:56:27.558+0000] {dag.py:3823} INFO - Setting next_dagrun for example_xcom to 2021-01-01 00:00:00+00:00, run_after=2021-01-01 00:00:00+00:00
[2026-04-21T00:56:27.578+0000] {processor.py:183} INFO - Processing /home/airflow/.local/lib/python3.8/site-packages/airflow/example_dags/example_xcom.py took 0.087 seconds
[2026-04-21T00:56:58.364+0000] {processor.py:161} INFO - Started process (PID=3708012) to work on /home/airflow/.local/lib/python3.8/site-packages/airflow/example_dags/example_xcom.py
[2026-04-21T00:56:58.366+0000] {processor.py:830} INFO - Processing file /home/airflow/.local/lib/python3.8/site-packages/airflow/example_dags/example_xcom.py for tasks to queue
[2026-04-21T00:56:58.368+0000] {logging_mixin.py:188} INFO - [2026-04-21T00:56:58.368+0000] {dagbag.py:538} INFO - Filling up the DagBag from /home/airflow/.local/lib/python3.8/site-packages/airflow/example_dags/example_xcom.py
[2026-04-21T00:56:58.379+0000] {processor.py:840} INFO - DAG(s) 'example_xcom' retrieved from /home/airflow/.local/lib/python3.8/site-packages/airflow/example_dags/example_xcom.py
[2026-04-21T00:56:58.405+0000] {logging_mixin.py:188} INFO - [2026-04-21T00:56:58.405+0000] {dag.py:3036} INFO - Sync 1 DAGs
[2026-04-21T00:56:58.429+0000] {logging_mixin.py:188} INFO - [2026-04-21T00:56:58.429+0000] {dag.py:3823} INFO - Setting next_dagrun for example_xcom to 2021-01-01 00:00:00+00:00, run_after=2021-01-01 00:00:00+00:00
[2026-04-21T00:56:58.448+0000] {processor.py:183} INFO - Processing /home/airflow/.local/lib/python3.8/site-packages/airflow/example_dags/example_xcom.py took 0.089 seconds
[2026-04-21T00:57:28.490+0000] {processor.py:161} INFO - Started process (PID=3708068) to work on /home/airflow/.local/lib/python3.8/site-packages/airflow/example_dags/example_xcom.py
[2026-04-21T00:57:28.491+0000] {processor.py:830} INFO - Processing file /home/airflow/.local/lib/python3.8/site-packages/airflow/example_dags/example_xcom.py for tasks to queue
[2026-04-21T00:57:28.493+0000] {logging_mixin.py:188} INFO - [2026-04-21T00:57:28.493+0000] {dagbag.py:538} INFO - Filling up the DagBag from /home/airflow/.local/lib/python3.8/site-packages/airflow/example_dags/example_xcom.py
[2026-04-21T00:57:28.504+0000] {processor.py:840} INFO - DAG(s) 'example_xcom' retrieved from /home/airflow/.local/lib/python3.8/site-packages/airflow/example_dags/example_xcom.py
[2026-04-21T00:57:28.529+0000] {logging_mixin.py:188} INFO - [2026-04-21T00:57:28.529+0000] {dag.py:3036} INFO - Sync 1 DAGs
[2026-04-21T00:57:28.554+0000] {logging_mixin.py:188} INFO - [2026-04-21T00:57:28.554+0000] {dag.py:3823} INFO - Setting next_dagrun for example_xcom to 2021-01-01 00:00:00+00:00, run_after=2021-01-01 00:00:00+00:00
[2026-04-21T00:57:28.573+0000] {processor.py:183} INFO - Processing /home/airflow/.local/lib/python3.8/site-packages/airflow/example_dags/example_xcom.py took 0.088 seconds
[2026-04-21T00:57:58.702+0000] {processor.py:161} INFO - Started process (PID=3708125) to work on /home/airflow/.local/lib/python3.8/site-packages/airflow/example_dags/example_xcom.py
[2026-04-21T00:57:58.704+0000] {processor.py:830} INFO - Processing file /home/airflow/.local/lib/python3.8/site-packages/airflow/example_dags/example_xcom.py for tasks to queue
[2026-04-21T00:57:58.707+0000] {logging_mixin.py:188} INFO - [2026-04-21T00:57:58.707+0000] {dagbag.py:538} INFO - Filling up the DagBag from /home/airflow/.local/lib/python3.8/site-packages/airflow/example_dags/example_xcom.py
[2026-04-21T00:57:58.720+0000] {processor.py:840} INFO - DAG(s) 'example_xcom' retrieved from /home/airflow/.local/lib/python3.8/site-packages/airflow/example_dags/example_xcom.py
[2026-04-21T00:57:58.753+0000] {logging_mixin.py:188} INFO - [2026-04-21T00:57:58.752+0000] {dag.py:3036} INFO - Sync 1 DAGs
[2026-04-21T00:57:58.789+0000] {logging_mixin.py:188} INFO - [2026-04-21T00:57:58.788+0000] {dag.py:3823} INFO - Setting next_dagrun for example_xcom to 2021-01-01 00:00:00+00:00, run_after=2021-01-01 00:00:00+00:00
[2026-04-21T00:57:58.812+0000] {processor.py:183} INFO - Processing /home/airflow/.local/lib/python3.8/site-packages/airflow/example_dags/example_xcom.py took 0.116 seconds
[2026-04-21T00:58:28.918+0000] {processor.py:161} INFO - Started process (PID=3708182) to work on /home/airflow/.local/lib/python3.8/site-packages/airflow/example_dags/example_xcom.py
[2026-04-21T00:58:28.919+0000] {processor.py:830} INFO - Processing file /home/airflow/.local/lib/python3.8/site-packages/airflow/example_dags/example_xcom.py for tasks to queue
[2026-04-21T00:58:28.922+0000] {logging_mixin.py:188} INFO - [2026-04-21T00:58:28.921+0000] {dagbag.py:538} INFO - Filling up the DagBag from /home/airflow/.local/lib/python3.8/site-packages/airflow/example_dags/example_xcom.py
[2026-04-21T00:58:28.932+0000] {processor.py:840} INFO - DAG(s) 'example_xcom' retrieved from /home/airflow/.local/lib/python3.8/site-packages/airflow/example_dags/example_xcom.py
[2026-04-21T00:58:28.961+0000] {logging_mixin.py:188} INFO - [2026-04-21T00:58:28.960+0000] {dag.py:3036} INFO - Sync 1 DAGs
[2026-04-21T00:58:28.985+0000] {logging_mixin.py:188} INFO - [2026-04-21T00:58:28.985+0000] {dag.py:3823} INFO - Setting next_dagrun for example_xcom to 2021-01-01 00:00:00+00:00, run_after=2021-01-01 00:00:00+00:00
[2026-04-21T00:58:29.005+0000] {processor.py:183} INFO - Processing /home/airflow/.local/lib/python3.8/site-packages/airflow/example_dags/example_xcom.py took 0.092 seconds
[2026-04-21T00:58:59.127+0000] {processor.py:161} INFO - Started process (PID=3708239) to work on /home/airflow/.local/lib/python3.8/site-packages/airflow/example_dags/example_xcom.py
[2026-04-21T00:58:59.129+0000] {processor.py:830} INFO - Processing file /home/airflow/.local/lib/python3.8/site-packages/airflow/example_dags/example_xcom.py for tasks to queue
[2026-04-21T00:58:59.132+0000] {logging_mixin.py:188} INFO - [2026-04-21T00:58:59.131+0000] {dagbag.py:538} INFO - Filling up the DagBag from /home/airflow/.local/lib/python3.8/site-packages/airflow/example_dags/example_xcom.py
[2026-04-21T00:58:59.142+0000] {processor.py:840} INFO - DAG(s) 'example_xcom' retrieved from /home/airflow/.local/lib/python3.8/site-packages/airflow/example_dags/example_xcom.py
[2026-04-21T00:58:59.168+0000] {logging_mixin.py:188} INFO - [2026-04-21T00:58:59.167+0000] {dag.py:3036} INFO - Sync 1 DAGs
[2026-04-21T00:58:59.191+0000] {logging_mixin.py:188} INFO - [2026-04-21T00:58:59.191+0000] {dag.py:3823} INFO - Setting next_dagrun for example_xcom to 2021-01-01 00:00:00+00:00, run_after=2021-01-01 00:00:00+00:00
[2026-04-21T00:58:59.209+0000] {processor.py:183} INFO - Processing /home/airflow/.local/lib/python3.8/site-packages/airflow/example_dags/example_xcom.py took 0.087 seconds
[2026-04-21T00:59:29.548+0000] {processor.py:161} INFO - Started process (PID=3708296) to work on /home/airflow/.local/lib/python3.8/site-packages/airflow/example_dags/example_xcom.py
[2026-04-21T00:59:29.549+0000] {processor.py:830} INFO - Processing file /home/airflow/.local/lib/python3.8/site-packages/airflow/example_dags/example_xcom.py for tasks to queue
[2026-04-21T00:59:29.552+0000] {logging_mixin.py:188} INFO - [2026-04-21T00:59:29.551+0000] {dagbag.py:538} INFO - Filling up the DagBag from /home/airflow/.local/lib/python3.8/site-packages/airflow/example_dags/example_xcom.py
[2026-04-21T00:59:29.562+0000] {processor.py:840} INFO - DAG(s) 'example_xcom' retrieved from /home/airflow/.local/lib/python3.8/site-packages/airflow/example_dags/example_xcom.py
[2026-04-21T00:59:29.589+0000] {logging_mixin.py:188} INFO - [2026-04-21T00:59:29.589+0000] {dag.py:3036} INFO - Sync 1 DAGs
[2026-04-21T00:59:29.614+0000] {logging_mixin.py:188} INFO - [2026-04-21T00:59:29.613+0000] {dag.py:3823} INFO - Setting next_dagrun for example_xcom to 2021-01-01 00:00:00+00:00, run_after=2021-01-01 00:00:00+00:00
[2026-04-21T00:59:29.634+0000] {processor.py:183} INFO - Processing /home/airflow/.local/lib/python3.8/site-packages/airflow/example_dags/example_xcom.py took 0.091 seconds
[2026-04-21T00:59:59.902+0000] {processor.py:161} INFO - Started process (PID=3708353) to work on /home/airflow/.local/lib/python3.8/site-packages/airflow/example_dags/example_xcom.py
[2026-04-21T00:59:59.904+0000] {processor.py:830} INFO - Processing file /home/airflow/.local/lib/python3.8/site-packages/airflow/example_dags/example_xcom.py for tasks to queue
[2026-04-21T00:59:59.907+0000] {logging_mixin.py:188} INFO - [2026-04-21T00:59:59.906+0000] {dagbag.py:538} INFO - Filling up the DagBag from /home/airflow/.local/lib/python3.8/site-packages/airflow/example_dags/example_xcom.py
[2026-04-21T00:59:59.917+0000] {processor.py:840} INFO - DAG(s) 'example_xcom' retrieved from /home/airflow/.local/lib/python3.8/site-packages/airflow/example_dags/example_xcom.py
[2026-04-21T00:59:59.947+0000] {logging_mixin.py:188} INFO - [2026-04-21T00:59:59.946+0000] {dag.py:3036} INFO - Sync 1 DAGs
[2026-04-21T00:59:59.970+0000] {logging_mixin.py:188} INFO - [2026-04-21T00:59:59.970+0000] {dag.py:3823} INFO - Setting next_dagrun for example_xcom to 2021-01-01 00:00:00+00:00, run_after=2021-01-01 00:00:00+00:00
[2026-04-21T00:59:59.990+0000] {processor.py:183} INFO - Processing /home/airflow/.local/lib/python3.8/site-packages/airflow/example_dags/example_xcom.py took 0.094 seconds
[2026-04-21T01:00:30.237+0000] {processor.py:161} INFO - Started process (PID=3708410) to work on /home/airflow/.local/lib/python3.8/site-packages/airflow/example_dags/example_xcom.py
[2026-04-21T01:00:30.239+0000] {processor.py:830} INFO - Processing file /home/airflow/.local/lib/python3.8/site-packages/airflow/example_dags/example_xcom.py for tasks to queue
[2026-04-21T01:00:30.241+0000] {logging_mixin.py:188} INFO - [2026-04-21T01:00:30.241+0000] {dagbag.py:538} INFO - Filling up the DagBag from /home/airflow/.local/lib/python3.8/site-packages/airflow/example_dags/example_xcom.py
[2026-04-21T01:00:30.251+0000] {processor.py:840} INFO - DAG(s) 'example_xcom' retrieved from /home/airflow/.local/lib/python3.8/site-packages/airflow/example_dags/example_xcom.py
[2026-04-21T01:00:30.277+0000] {logging_mixin.py:188} INFO - [2026-04-21T01:00:30.276+0000] {dag.py:3036} INFO - Sync 1 DAGs
[2026-04-21T01:00:30.300+0000] {logging_mixin.py:188} INFO - [2026-04-21T01:00:30.300+0000] {dag.py:3823} INFO - Setting next_dagrun for example_xcom to 2021-01-01 00:00:00+00:00, run_after=2021-01-01 00:00:00+00:00
[2026-04-21T01:00:30.318+0000] {processor.py:183} INFO - Processing /home/airflow/.local/lib/python3.8/site-packages/airflow/example_dags/example_xcom.py took 0.087 seconds
[2026-04-21T01:01:00.600+0000] {processor.py:161} INFO - Started process (PID=3708467) to work on /home/airflow/.local/lib/python3.8/site-packages/airflow/example_dags/example_xcom.py
[2026-04-21T01:01:00.601+0000] {processor.py:830} INFO - Processing file /home/airflow/.local/lib/python3.8/site-packages/airflow/example_dags/example_xcom.py for tasks to queue
[2026-04-21T01:01:00.603+0000] {logging_mixin.py:188} INFO - [2026-04-21T01:01:00.603+0000] {dagbag.py:538} INFO - Filling up the DagBag from /home/airflow/.local/lib/python3.8/site-packages/airflow/example_dags/example_xcom.py
[2026-04-21T01:01:00.613+0000] {processor.py:840} INFO - DAG(s) 'example_xcom' retrieved from /home/airflow/.local/lib/python3.8/site-packages/airflow/example_dags/example_xcom.py
[2026-04-21T01:01:00.644+0000] {logging_mixin.py:188} INFO - [2026-04-21T01:01:00.643+0000] {dag.py:3036} INFO - Sync 1 DAGs
[2026-04-21T01:01:00.667+0000] {logging_mixin.py:188} INFO - [2026-04-21T01:01:00.667+0000] {dag.py:3823} INFO - Setting next_dagrun for example_xcom to 2021-01-01 00:00:00+00:00, run_after=2021-01-01 00:00:00+00:00
[2026-04-21T01:01:00.686+0000] {processor.py:183} INFO - Processing /home/airflow/.local/lib/python3.8/site-packages/airflow/example_dags/example_xcom.py took 0.092 seconds
[2026-04-21T01:01:30.831+0000] {processor.py:161} INFO - Started process (PID=3708524) to work on /home/airflow/.local/lib/python3.8/site-packages/airflow/example_dags/example_xcom.py
[2026-04-21T01:01:30.833+0000] {processor.py:830} INFO - Processing file /home/airflow/.local/lib/python3.8/site-packages/airflow/example_dags/example_xcom.py for tasks to queue
[2026-04-21T01:01:30.835+0000] {logging_mixin.py:188} INFO - [2026-04-21T01:01:30.835+0000] {dagbag.py:538} INFO - Filling up the DagBag from /home/airflow/.local/lib/python3.8/site-packages/airflow/example_dags/example_xcom.py
[2026-04-21T01:01:30.845+0000] {processor.py:840} INFO - DAG(s) 'example_xcom' retrieved from /home/airflow/.local/lib/python3.8/site-packages/airflow/example_dags/example_xcom.py
[2026-04-21T01:01:30.871+0000] {logging_mixin.py:188} INFO - [2026-04-21T01:01:30.871+0000] {dag.py:3036} INFO - Sync 1 DAGs
[2026-04-21T01:01:30.895+0000] {logging_mixin.py:188} INFO - [2026-04-21T01:01:30.895+0000] {dag.py:3823} INFO - Setting next_dagrun for example_xcom to 2021-01-01 00:00:00+00:00, run_after=2021-01-01 00:00:00+00:00
[2026-04-21T01:01:30.914+0000] {processor.py:183} INFO - Processing /home/airflow/.local/lib/python3.8/site-packages/airflow/example_dags/example_xcom.py took 0.088 seconds
[2026-04-21T01:02:00.973+0000] {processor.py:161} INFO - Started process (PID=3708581) to work on /home/airflow/.local/lib/python3.8/site-packages/airflow/example_dags/example_xcom.py
[2026-04-21T01:02:00.974+0000] {processor.py:830} INFO - Processing file /home/airflow/.local/lib/python3.8/site-packages/airflow/example_dags/example_xcom.py for tasks to queue
[2026-04-21T01:02:00.976+0000] {logging_mixin.py:188} INFO - [2026-04-21T01:02:00.976+0000] {dagbag.py:538} INFO - Filling up the DagBag from /home/airflow/.local/lib/python3.8/site-packages/airflow/example_dags/example_xcom.py
[2026-04-21T01:02:00.986+0000] {processor.py:840} INFO - DAG(s) 'example_xcom' retrieved from /home/airflow/.local/lib/python3.8/site-packages/airflow/example_dags/example_xcom.py
[2026-04-21T01:02:01.012+0000] {logging_mixin.py:188} INFO - [2026-04-21T01:02:01.012+0000] {dag.py:3036} INFO - Sync 1 DAGs
[2026-04-21T01:02:01.039+0000] {logging_mixin.py:188} INFO - [2026-04-21T01:02:01.038+0000] {dag.py:3823} INFO - Setting next_dagrun for example_xcom to 2021-01-01 00:00:00+00:00, run_after=2021-01-01 00:00:00+00:00
[2026-04-21T01:02:01.060+0000] {processor.py:183} INFO - Processing /home/airflow/.local/lib/python3.8/site-packages/airflow/example_dags/example_xcom.py took 0.092 seconds
[2026-04-21T01:02:31.134+0000] {processor.py:161} INFO - Started process (PID=3708638) to work on /home/airflow/.local/lib/python3.8/site-packages/airflow/example_dags/example_xcom.py
[2026-04-21T01:02:31.138+0000] {processor.py:830} INFO - Processing file /home/airflow/.local/lib/python3.8/site-packages/airflow/example_dags/example_xcom.py for tasks to queue
[2026-04-21T01:02:31.140+0000] {logging_mixin.py:188} INFO - [2026-04-21T01:02:31.140+0000] {dagbag.py:538} INFO - Filling up the DagBag from /home/airflow/.local/lib/python3.8/site-packages/airflow/example_dags/example_xcom.py
[2026-04-21T01:02:31.150+0000] {processor.py:840} INFO - DAG(s) 'example_xcom' retrieved from /home/airflow/.local/lib/python3.8/site-packages/airflow/example_dags/example_xcom.py
[2026-04-21T01:02:31.177+0000] {logging_mixin.py:188} INFO - [2026-04-21T01:02:31.177+0000] {dag.py:3036} INFO - Sync 1 DAGs
[2026-04-21T01:02:31.200+0000] {logging_mixin.py:188} INFO - [2026-04-21T01:02:31.200+0000] {dag.py:3823} INFO - Setting next_dagrun for example_xcom to 2021-01-01 00:00:00+00:00, run_after=2021-01-01 00:00:00+00:00
[2026-04-21T01:02:31.220+0000] {processor.py:183} INFO - Processing /home/airflow/.local/lib/python3.8/site-packages/airflow/example_dags/example_xcom.py took 0.090 seconds
[2026-04-21T01:03:01.477+0000] {processor.py:161} INFO - Started process (PID=3708695) to work on /home/airflow/.local/lib/python3.8/site-packages/airflow/example_dags/example_xcom.py
[2026-04-21T01:03:01.478+0000] {processor.py:830} INFO - Processing file /home/airflow/.local/lib/python3.8/site-packages/airflow/example_dags/example_xcom.py for tasks to queue
[2026-04-21T01:03:01.481+0000] {logging_mixin.py:188} INFO - [2026-04-21T01:03:01.480+0000] {dagbag.py:538} INFO - Filling up the DagBag from /home/airflow/.local/lib/python3.8/site-packages/airflow/example_dags/example_xcom.py
[2026-04-21T01:03:01.491+0000] {processor.py:840} INFO - DAG(s) 'example_xcom' retrieved from /home/airflow/.local/lib/python3.8/site-packages/airflow/example_dags/example_xcom.py
[2026-04-21T01:03:01.518+0000] {logging_mixin.py:188} INFO - [2026-04-21T01:03:01.518+0000] {dag.py:3036} INFO - Sync 1 DAGs
[2026-04-21T01:03:01.542+0000] {logging_mixin.py:188} INFO - [2026-04-21T01:03:01.542+0000] {dag.py:3823} INFO - Setting next_dagrun for example_xcom to 2021-01-01 00:00:00+00:00, run_after=2021-01-01 00:00:00+00:00
[2026-04-21T01:03:01.561+0000] {processor.py:183} INFO - Processing /home/airflow/.local/lib/python3.8/site-packages/airflow/example_dags/example_xcom.py took 0.089 seconds
[2026-04-21T01:03:31.758+0000] {processor.py:161} INFO - Started process (PID=3708752) to work on /home/airflow/.local/lib/python3.8/site-packages/airflow/example_dags/example_xcom.py
[2026-04-21T01:03:31.760+0000] {processor.py:830} INFO - Processing file /home/airflow/.local/lib/python3.8/site-packages/airflow/example_dags/example_xcom.py for tasks to queue
[2026-04-21T01:03:31.762+0000] {logging_mixin.py:188} INFO - [2026-04-21T01:03:31.762+0000] {dagbag.py:538} INFO - Filling up the DagBag from /home/airflow/.local/lib/python3.8/site-packages/airflow/example_dags/example_xcom.py
[2026-04-21T01:03:31.772+0000] {processor.py:840} INFO - DAG(s) 'example_xcom' retrieved from /home/airflow/.local/lib/python3.8/site-packages/airflow/example_dags/example_xcom.py
[2026-04-21T01:03:31.798+0000] {logging_mixin.py:188} INFO - [2026-04-21T01:03:31.797+0000] {dag.py:3036} INFO - Sync 1 DAGs
[2026-04-21T01:03:31.822+0000] {logging_mixin.py:188} INFO - [2026-04-21T01:03:31.822+0000] {dag.py:3823} INFO - Setting next_dagrun for example_xcom to 2021-01-01 00:00:00+00:00, run_after=2021-01-01 00:00:00+00:00
[2026-04-21T01:03:31.841+0000] {processor.py:183} INFO - Processing /home/airflow/.local/lib/python3.8/site-packages/airflow/example_dags/example_xcom.py took 0.088 seconds
[2026-04-21T01:04:02.135+0000] {processor.py:161} INFO - Started process (PID=3708809) to work on /home/airflow/.local/lib/python3.8/site-packages/airflow/example_dags/example_xcom.py
[2026-04-21T01:04:02.137+0000] {processor.py:830} INFO - Processing file /home/airflow/.local/lib/python3.8/site-packages/airflow/example_dags/example_xcom.py for tasks to queue
[2026-04-21T01:04:02.139+0000] {logging_mixin.py:188} INFO - [2026-04-21T01:04:02.139+0000] {dagbag.py:538} INFO - Filling up the DagBag from /home/airflow/.local/lib/python3.8/site-packages/airflow/example_dags/example_xcom.py
[2026-04-21T01:04:02.149+0000] {processor.py:840} INFO - DAG(s) 'example_xcom' retrieved from /home/airflow/.local/lib/python3.8/site-packages/airflow/example_dags/example_xcom.py
[2026-04-21T01:04:02.174+0000] {logging_mixin.py:188} INFO - [2026-04-21T01:04:02.174+0000] {dag.py:3036} INFO - Sync 1 DAGs
[2026-04-21T01:04:02.199+0000] {logging_mixin.py:188} INFO - [2026-04-21T01:04:02.198+0000] {dag.py:3823} INFO - Setting next_dagrun for example_xcom to 2021-01-01 00:00:00+00:00, run_after=2021-01-01 00:00:00+00:00
[2026-04-21T01:04:02.217+0000] {processor.py:183} INFO - Processing /home/airflow/.local/lib/python3.8/site-packages/airflow/example_dags/example_xcom.py took 0.087 seconds
[2026-04-21T01:04:32.399+0000] {processor.py:161} INFO - Started process (PID=3708866) to work on /home/airflow/.local/lib/python3.8/site-packages/airflow/example_dags/example_xcom.py
[2026-04-21T01:04:32.401+0000] {processor.py:830} INFO - Processing file /home/airflow/.local/lib/python3.8/site-packages/airflow/example_dags/example_xcom.py for tasks to queue
[2026-04-21T01:04:32.404+0000] {logging_mixin.py:188} INFO - [2026-04-21T01:04:32.404+0000] {dagbag.py:538} INFO - Filling up the DagBag from /home/airflow/.local/lib/python3.8/site-packages/airflow/example_dags/example_xcom.py
[2026-04-21T01:04:32.414+0000] {processor.py:840} INFO - DAG(s) 'example_xcom' retrieved from /home/airflow/.local/lib/python3.8/site-packages/airflow/example_dags/example_xcom.py
[2026-04-21T01:04:32.440+0000] {logging_mixin.py:188} INFO - [2026-04-21T01:04:32.440+0000] {dag.py:3036} INFO - Sync 1 DAGs
[2026-04-21T01:04:32.479+0000] {logging_mixin.py:188} INFO - [2026-04-21T01:04:32.479+0000] {dag.py:3823} INFO - Setting next_dagrun for example_xcom to 2021-01-01 00:00:00+00:00, run_after=2021-01-01 00:00:00+00:00
[2026-04-21T01:04:32.499+0000] {processor.py:183} INFO - Processing /home/airflow/.local/lib/python3.8/site-packages/airflow/example_dags/example_xcom.py took 0.104 seconds
[2026-04-21T01:05:02.675+0000] {processor.py:161} INFO - Started process (PID=3708923) to work on /home/airflow/.local/lib/python3.8/site-packages/airflow/example_dags/example_xcom.py
[2026-04-21T01:05:02.676+0000] {processor.py:830} INFO - Processing file /home/airflow/.local/lib/python3.8/site-packages/airflow/example_dags/example_xcom.py for tasks to queue
[2026-04-21T01:05:02.679+0000] {logging_mixin.py:188} INFO - [2026-04-21T01:05:02.678+0000] {dagbag.py:538} INFO - Filling up the DagBag from /home/airflow/.local/lib/python3.8/site-packages/airflow/example_dags/example_xcom.py
[2026-04-21T01:05:02.689+0000] {processor.py:840} INFO - DAG(s) 'example_xcom' retrieved from /home/airflow/.local/lib/python3.8/site-packages/airflow/example_dags/example_xcom.py
[2026-04-21T01:05:02.716+0000] {logging_mixin.py:188} INFO - [2026-04-21T01:05:02.715+0000] {dag.py:3036} INFO - Sync 1 DAGs
[2026-04-21T01:05:02.740+0000] {logging_mixin.py:188} INFO - [2026-04-21T01:05:02.739+0000] {dag.py:3823} INFO - Setting next_dagrun for example_xcom to 2021-01-01 00:00:00+00:00, run_after=2021-01-01 00:00:00+00:00
[2026-04-21T01:05:02.758+0000] {processor.py:183} INFO - Processing /home/airflow/.local/lib/python3.8/site-packages/airflow/example_dags/example_xcom.py took 0.089 seconds
[2026-04-21T01:05:32.943+0000] {processor.py:161} INFO - Started process (PID=3708980) to work on /home/airflow/.local/lib/python3.8/site-packages/airflow/example_dags/example_xcom.py
[2026-04-21T01:05:32.945+0000] {processor.py:830} INFO - Processing file /home/airflow/.local/lib/python3.8/site-packages/airflow/example_dags/example_xcom.py for tasks to queue
[2026-04-21T01:05:32.948+0000] {logging_mixin.py:188} INFO - [2026-04-21T01:05:32.947+0000] {dagbag.py:538} INFO - Filling up the DagBag from /home/airflow/.local/lib/python3.8/site-packages/airflow/example_dags/example_xcom.py
[2026-04-21T01:05:32.957+0000] {processor.py:840} INFO - DAG(s) 'example_xcom' retrieved from /home/airflow/.local/lib/python3.8/site-packages/airflow/example_dags/example_xcom.py
[2026-04-21T01:05:32.985+0000] {logging_mixin.py:188} INFO - [2026-04-21T01:05:32.985+0000] {dag.py:3036} INFO - Sync 1 DAGs
[2026-04-21T01:05:33.009+0000] {logging_mixin.py:188} INFO - [2026-04-21T01:05:33.009+0000] {dag.py:3823} INFO - Setting next_dagrun for example_xcom to 2021-01-01 00:00:00+00:00, run_after=2021-01-01 00:00:00+00:00
[2026-04-21T01:05:33.028+0000] {processor.py:183} INFO - Processing /home/airflow/.local/lib/python3.8/site-packages/airflow/example_dags/example_xcom.py took 0.090 seconds
[2026-04-21T01:06:03.373+0000] {processor.py:161} INFO - Started process (PID=3709037) to work on /home/airflow/.local/lib/python3.8/site-packages/airflow/example_dags/example_xcom.py
[2026-04-21T01:06:03.374+0000] {processor.py:830} INFO - Processing file /home/airflow/.local/lib/python3.8/site-packages/airflow/example_dags/example_xcom.py for tasks to queue
[2026-04-21T01:06:03.377+0000] {logging_mixin.py:188} INFO - [2026-04-21T01:06:03.377+0000] {dagbag.py:538} INFO - Filling up the DagBag from /home/airflow/.local/lib/python3.8/site-packages/airflow/example_dags/example_xcom.py
[2026-04-21T01:06:03.387+0000] {processor.py:840} INFO - DAG(s) 'example_xcom' retrieved from /home/airflow/.local/lib/python3.8/site-packages/airflow/example_dags/example_xcom.py
[2026-04-21T01:06:03.415+0000] {logging_mixin.py:188} INFO - [2026-04-21T01:06:03.415+0000] {dag.py:3036} INFO - Sync 1 DAGs
[2026-04-21T01:06:03.440+0000] {logging_mixin.py:188} INFO - [2026-04-21T01:06:03.439+0000] {dag.py:3823} INFO - Setting next_dagrun for example_xcom to 2021-01-01 00:00:00+00:00, run_after=2021-01-01 00:00:00+00:00
[2026-04-21T01:06:03.459+0000] {processor.py:183} INFO - Processing /home/airflow/.local/lib/python3.8/site-packages/airflow/example_dags/example_xcom.py took 0.091 seconds
[2026-04-21T01:06:33.684+0000] {processor.py:161} INFO - Started process (PID=3709094) to work on /home/airflow/.local/lib/python3.8/site-packages/airflow/example_dags/example_xcom.py
[2026-04-21T01:06:33.686+0000] {processor.py:830} INFO - Processing file /home/airflow/.local/lib/python3.8/site-packages/airflow/example_dags/example_xcom.py for tasks to queue
[2026-04-21T01:06:33.689+0000] {logging_mixin.py:188} INFO - [2026-04-21T01:06:33.688+0000] {dagbag.py:538} INFO - Filling up the DagBag from /home/airflow/.local/lib/python3.8/site-packages/airflow/example_dags/example_xcom.py
[2026-04-21T01:06:33.699+0000] {processor.py:840} INFO - DAG(s) 'example_xcom' retrieved from /home/airflow/.local/lib/python3.8/site-packages/airflow/example_dags/example_xcom.py
[2026-04-21T01:06:33.725+0000] {logging_mixin.py:188} INFO - [2026-04-21T01:06:33.725+0000] {dag.py:3036} INFO - Sync 1 DAGs
[2026-04-21T01:06:33.749+0000] {logging_mixin.py:188} INFO - [2026-04-21T01:06:33.749+0000] {dag.py:3823} INFO - Setting next_dagrun for example_xcom to 2021-01-01 00:00:00+00:00, run_after=2021-01-01 00:00:00+00:00
[2026-04-21T01:06:33.770+0000] {processor.py:183} INFO - Processing /home/airflow/.local/lib/python3.8/site-packages/airflow/example_dags/example_xcom.py took 0.090 seconds
[2026-04-21T01:07:03.915+0000] {processor.py:161} INFO - Started process (PID=3709152) to work on /home/airflow/.local/lib/python3.8/site-packages/airflow/example_dags/example_xcom.py
[2026-04-21T01:07:03.916+0000] {processor.py:830} INFO - Processing file /home/airflow/.local/lib/python3.8/site-packages/airflow/example_dags/example_xcom.py for tasks to queue
[2026-04-21T01:07:03.919+0000] {logging_mixin.py:188} INFO - [2026-04-21T01:07:03.918+0000] {dagbag.py:538} INFO - Filling up the DagBag from /home/airflow/.local/lib/python3.8/site-packages/airflow/example_dags/example_xcom.py
[2026-04-21T01:07:03.929+0000] {processor.py:840} INFO - DAG(s) 'example_xcom' retrieved from /home/airflow/.local/lib/python3.8/site-packages/airflow/example_dags/example_xcom.py
[2026-04-21T01:07:03.956+0000] {logging_mixin.py:188} INFO - [2026-04-21T01:07:03.956+0000] {dag.py:3036} INFO - Sync 1 DAGs
[2026-04-21T01:07:03.980+0000] {logging_mixin.py:188} INFO - [2026-04-21T01:07:03.980+0000] {dag.py:3823} INFO - Setting next_dagrun for example_xcom to 2021-01-01 00:00:00+00:00, run_after=2021-01-01 00:00:00+00:00
[2026-04-21T01:07:04.001+0000] {processor.py:183} INFO - Processing /home/airflow/.local/lib/python3.8/site-packages/airflow/example_dags/example_xcom.py took 0.091 seconds
[2026-04-21T01:07:34.695+0000] {processor.py:161} INFO - Started process (PID=3709206) to work on /home/airflow/.local/lib/python3.8/site-packages/airflow/example_dags/example_xcom.py
[2026-04-21T01:07:34.697+0000] {processor.py:830} INFO - Processing file /home/airflow/.local/lib/python3.8/site-packages/airflow/example_dags/example_xcom.py for tasks to queue
[2026-04-21T01:07:34.699+0000] {logging_mixin.py:188} INFO - [2026-04-21T01:07:34.698+0000] {dagbag.py:538} INFO - Filling up the DagBag from /home/airflow/.local/lib/python3.8/site-packages/airflow/example_dags/example_xcom.py
[2026-04-21T01:07:34.709+0000] {processor.py:840} INFO - DAG(s) 'example_xcom' retrieved from /home/airflow/.local/lib/python3.8/site-packages/airflow/example_dags/example_xcom.py
[2026-04-21T01:07:34.734+0000] {logging_mixin.py:188} INFO - [2026-04-21T01:07:34.733+0000] {dag.py:3036} INFO - Sync 1 DAGs
[2026-04-21T01:07:34.759+0000] {logging_mixin.py:188} INFO - [2026-04-21T01:07:34.759+0000] {dag.py:3823} INFO - Setting next_dagrun for example_xcom to 2021-01-01 00:00:00+00:00, run_after=2021-01-01 00:00:00+00:00
[2026-04-21T01:07:34.778+0000] {processor.py:183} INFO - Processing /home/airflow/.local/lib/python3.8/site-packages/airflow/example_dags/example_xcom.py took 0.088 seconds
[2026-04-21T01:08:05.149+0000] {processor.py:161} INFO - Started process (PID=3709268) to work on /home/airflow/.local/lib/python3.8/site-packages/airflow/example_dags/example_xcom.py
[2026-04-21T01:08:05.150+0000] {processor.py:830} INFO - Processing file /home/airflow/.local/lib/python3.8/site-packages/airflow/example_dags/example_xcom.py for tasks to queue
[2026-04-21T01:08:05.153+0000] {logging_mixin.py:188} INFO - [2026-04-21T01:08:05.152+0000] {dagbag.py:538} INFO - Filling up the DagBag from /home/airflow/.local/lib/python3.8/site-packages/airflow/example_dags/example_xcom.py
[2026-04-21T01:08:05.169+0000] {processor.py:840} INFO - DAG(s) 'example_xcom' retrieved from /home/airflow/.local/lib/python3.8/site-packages/airflow/example_dags/example_xcom.py
[2026-04-21T01:08:05.196+0000] {logging_mixin.py:188} INFO - [2026-04-21T01:08:05.196+0000] {dag.py:3036} INFO - Sync 1 DAGs
[2026-04-21T01:08:05.220+0000] {logging_mixin.py:188} INFO - [2026-04-21T01:08:05.219+0000] {dag.py:3823} INFO - Setting next_dagrun for example_xcom to 2021-01-01 00:00:00+00:00, run_after=2021-01-01 00:00:00+00:00
[2026-04-21T01:08:05.238+0000] {processor.py:183} INFO - Processing /home/airflow/.local/lib/python3.8/site-packages/airflow/example_dags/example_xcom.py took 0.096 seconds
[2026-04-21T01:08:35.497+0000] {processor.py:161} INFO - Started process (PID=3709325) to work on /home/airflow/.local/lib/python3.8/site-packages/airflow/example_dags/example_xcom.py
[2026-04-21T01:08:35.504+0000] {processor.py:830} INFO - Processing file /home/airflow/.local/lib/python3.8/site-packages/airflow/example_dags/example_xcom.py for tasks to queue
[2026-04-21T01:08:35.506+0000] {logging_mixin.py:188} INFO - [2026-04-21T01:08:35.506+0000] {dagbag.py:538} INFO - Filling up the DagBag from /home/airflow/.local/lib/python3.8/site-packages/airflow/example_dags/example_xcom.py
[2026-04-21T01:08:35.516+0000] {processor.py:840} INFO - DAG(s) 'example_xcom' retrieved from /home/airflow/.local/lib/python3.8/site-packages/airflow/example_dags/example_xcom.py
[2026-04-21T01:08:35.542+0000] {logging_mixin.py:188} INFO - [2026-04-21T01:08:35.542+0000] {dag.py:3036} INFO - Sync 1 DAGs
[2026-04-21T01:08:35.566+0000] {logging_mixin.py:188} INFO - [2026-04-21T01:08:35.566+0000] {dag.py:3823} INFO - Setting next_dagrun for example_xcom to 2021-01-01 00:00:00+00:00, run_after=2021-01-01 00:00:00+00:00
[2026-04-21T01:08:35.585+0000] {processor.py:183} INFO - Processing /home/airflow/.local/lib/python3.8/site-packages/airflow/example_dags/example_xcom.py took 0.093 seconds
[2026-04-21T01:09:06.114+0000] {processor.py:161} INFO - Started process (PID=3709382) to work on /home/airflow/.local/lib/python3.8/site-packages/airflow/example_dags/example_xcom.py
[2026-04-21T01:09:06.116+0000] {processor.py:830} INFO - Processing file /home/airflow/.local/lib/python3.8/site-packages/airflow/example_dags/example_xcom.py for tasks to queue
[2026-04-21T01:09:06.118+0000] {logging_mixin.py:188} INFO - [2026-04-21T01:09:06.118+0000] {dagbag.py:538} INFO - Filling up the DagBag from /home/airflow/.local/lib/python3.8/site-packages/airflow/example_dags/example_xcom.py
[2026-04-21T01:09:06.132+0000] {processor.py:840} INFO - DAG(s) 'example_xcom' retrieved from /home/airflow/.local/lib/python3.8/site-packages/airflow/example_dags/example_xcom.py
[2026-04-21T01:09:06.169+0000] {logging_mixin.py:188} INFO - [2026-04-21T01:09:06.168+0000] {dag.py:3036} INFO - Sync 1 DAGs
[2026-04-21T01:09:06.203+0000] {logging_mixin.py:188} INFO - [2026-04-21T01:09:06.202+0000] {dag.py:3823} INFO - Setting next_dagrun for example_xcom to 2021-01-01 00:00:00+00:00, run_after=2021-01-01 00:00:00+00:00
[2026-04-21T01:09:06.232+0000] {processor.py:183} INFO - Processing /home/airflow/.local/lib/python3.8/site-packages/airflow/example_dags/example_xcom.py took 0.123 seconds
[2026-04-21T01:09:37.015+0000] {processor.py:161} INFO - Started process (PID=3709439) to work on /home/airflow/.local/lib/python3.8/site-packages/airflow/example_dags/example_xcom.py
[2026-04-21T01:09:37.017+0000] {processor.py:830} INFO - Processing file /home/airflow/.local/lib/python3.8/site-packages/airflow/example_dags/example_xcom.py for tasks to queue
[2026-04-21T01:09:37.020+0000] {logging_mixin.py:188} INFO - [2026-04-21T01:09:37.019+0000] {dagbag.py:538} INFO - Filling up the DagBag from /home/airflow/.local/lib/python3.8/site-packages/airflow/example_dags/example_xcom.py
[2026-04-21T01:09:37.029+0000] {processor.py:840} INFO - DAG(s) 'example_xcom' retrieved from /home/airflow/.local/lib/python3.8/site-packages/airflow/example_dags/example_xcom.py
[2026-04-21T01:09:37.055+0000] {logging_mixin.py:188} INFO - [2026-04-21T01:09:37.055+0000] {dag.py:3036} INFO - Sync 1 DAGs
[2026-04-21T01:09:37.078+0000] {logging_mixin.py:188} INFO - [2026-04-21T01:09:37.078+0000] {dag.py:3823} INFO - Setting next_dagrun for example_xcom to 2021-01-01 00:00:00+00:00, run_after=2021-01-01 00:00:00+00:00
[2026-04-21T01:09:37.097+0000] {processor.py:183} INFO - Processing /home/airflow/.local/lib/python3.8/site-packages/airflow/example_dags/example_xcom.py took 0.087 seconds
[2026-04-21T01:10:07.575+0000] {processor.py:161} INFO - Started process (PID=3709496) to work on /home/airflow/.local/lib/python3.8/site-packages/airflow/example_dags/example_xcom.py
[2026-04-21T01:10:07.576+0000] {processor.py:830} INFO - Processing file /home/airflow/.local/lib/python3.8/site-packages/airflow/example_dags/example_xcom.py for tasks to queue
[2026-04-21T01:10:07.579+0000] {logging_mixin.py:188} INFO - [2026-04-21T01:10:07.579+0000] {dagbag.py:538} INFO - Filling up the DagBag from /home/airflow/.local/lib/python3.8/site-packages/airflow/example_dags/example_xcom.py
[2026-04-21T01:10:07.589+0000] {processor.py:840} INFO - DAG(s) 'example_xcom' retrieved from /home/airflow/.local/lib/python3.8/site-packages/airflow/example_dags/example_xcom.py
[2026-04-21T01:10:07.617+0000] {logging_mixin.py:188} INFO - [2026-04-21T01:10:07.617+0000] {dag.py:3036} INFO - Sync 1 DAGs
[2026-04-21T01:10:07.641+0000] {logging_mixin.py:188} INFO - [2026-04-21T01:10:07.641+0000] {dag.py:3823} INFO - Setting next_dagrun for example_xcom to 2021-01-01 00:00:00+00:00, run_after=2021-01-01 00:00:00+00:00
[2026-04-21T01:10:07.659+0000] {processor.py:183} INFO - Processing /home/airflow/.local/lib/python3.8/site-packages/airflow/example_dags/example_xcom.py took 0.089 seconds
[2026-04-21T01:10:37.768+0000] {processor.py:161} INFO - Started process (PID=3709553) to work on /home/airflow/.local/lib/python3.8/site-packages/airflow/example_dags/example_xcom.py
[2026-04-21T01:10:37.770+0000] {processor.py:830} INFO - Processing file /home/airflow/.local/lib/python3.8/site-packages/airflow/example_dags/example_xcom.py for tasks to queue
[2026-04-21T01:10:37.772+0000] {logging_mixin.py:188} INFO - [2026-04-21T01:10:37.772+0000] {dagbag.py:538} INFO - Filling up the DagBag from /home/airflow/.local/lib/python3.8/site-packages/airflow/example_dags/example_xcom.py
[2026-04-21T01:10:37.782+0000] {processor.py:840} INFO - DAG(s) 'example_xcom' retrieved from /home/airflow/.local/lib/python3.8/site-packages/airflow/example_dags/example_xcom.py
[2026-04-21T01:10:37.808+0000] {logging_mixin.py:188} INFO - [2026-04-21T01:10:37.808+0000] {dag.py:3036} INFO - Sync 1 DAGs
[2026-04-21T01:10:37.832+0000] {logging_mixin.py:188} INFO - [2026-04-21T01:10:37.832+0000] {dag.py:3823} INFO - Setting next_dagrun for example_xcom to 2021-01-01 00:00:00+00:00, run_after=2021-01-01 00:00:00+00:00
[2026-04-21T01:10:37.851+0000] {processor.py:183} INFO - Processing /home/airflow/.local/lib/python3.8/site-packages/airflow/example_dags/example_xcom.py took 0.088 seconds
[2026-04-21T01:11:08.043+0000] {processor.py:161} INFO - Started process (PID=3709610) to work on /home/airflow/.local/lib/python3.8/site-packages/airflow/example_dags/example_xcom.py
[2026-04-21T01:11:08.044+0000] {processor.py:830} INFO - Processing file /home/airflow/.local/lib/python3.8/site-packages/airflow/example_dags/example_xcom.py for tasks to queue
[2026-04-21T01:11:08.047+0000] {logging_mixin.py:188} INFO - [2026-04-21T01:11:08.046+0000] {dagbag.py:538} INFO - Filling up the DagBag from /home/airflow/.local/lib/python3.8/site-packages/airflow/example_dags/example_xcom.py
[2026-04-21T01:11:08.057+0000] {processor.py:840} INFO - DAG(s) 'example_xcom' retrieved from /home/airflow/.local/lib/python3.8/site-packages/airflow/example_dags/example_xcom.py
[2026-04-21T01:11:08.084+0000] {logging_mixin.py:188} INFO - [2026-04-21T01:11:08.083+0000] {dag.py:3036} INFO - Sync 1 DAGs
[2026-04-21T01:11:08.107+0000] {logging_mixin.py:188} INFO - [2026-04-21T01:11:08.107+0000] {dag.py:3823} INFO - Setting next_dagrun for example_xcom to 2021-01-01 00:00:00+00:00, run_after=2021-01-01 00:00:00+00:00
[2026-04-21T01:11:08.126+0000] {processor.py:183} INFO - Processing /home/airflow/.local/lib/python3.8/site-packages/airflow/example_dags/example_xcom.py took 0.087 seconds
[2026-04-21T01:11:38.224+0000] {processor.py:161} INFO - Started process (PID=3709667) to work on /home/airflow/.local/lib/python3.8/site-packages/airflow/example_dags/example_xcom.py
[2026-04-21T01:11:38.226+0000] {processor.py:830} INFO - Processing file /home/airflow/.local/lib/python3.8/site-packages/airflow/example_dags/example_xcom.py for tasks to queue
[2026-04-21T01:11:38.228+0000] {logging_mixin.py:188} INFO - [2026-04-21T01:11:38.228+0000] {dagbag.py:538} INFO - Filling up the DagBag from /home/airflow/.local/lib/python3.8/site-packages/airflow/example_dags/example_xcom.py
[2026-04-21T01:11:38.238+0000] {processor.py:840} INFO - DAG(s) 'example_xcom' retrieved from /home/airflow/.local/lib/python3.8/site-packages/airflow/example_dags/example_xcom.py
[2026-04-21T01:11:38.263+0000] {logging_mixin.py:188} INFO - [2026-04-21T01:11:38.263+0000] {dag.py:3036} INFO - Sync 1 DAGs
[2026-04-21T01:11:38.287+0000] {logging_mixin.py:188} INFO - [2026-04-21T01:11:38.286+0000] {dag.py:3823} INFO - Setting next_dagrun for example_xcom to 2021-01-01 00:00:00+00:00, run_after=2021-01-01 00:00:00+00:00
[2026-04-21T01:11:38.305+0000] {processor.py:183} INFO - Processing /home/airflow/.local/lib/python3.8/site-packages/airflow/example_dags/example_xcom.py took 0.086 seconds
[2026-04-21T01:12:08.560+0000] {processor.py:161} INFO - Started process (PID=3709724) to work on /home/airflow/.local/lib/python3.8/site-packages/airflow/example_dags/example_xcom.py
[2026-04-21T01:12:08.561+0000] {processor.py:830} INFO - Processing file /home/airflow/.local/lib/python3.8/site-packages/airflow/example_dags/example_xcom.py for tasks to queue
[2026-04-21T01:12:08.563+0000] {logging_mixin.py:188} INFO - [2026-04-21T01:12:08.563+0000] {dagbag.py:538} INFO - Filling up the DagBag from /home/airflow/.local/lib/python3.8/site-packages/airflow/example_dags/example_xcom.py
[2026-04-21T01:12:08.573+0000] {processor.py:840} INFO - DAG(s) 'example_xcom' retrieved from /home/airflow/.local/lib/python3.8/site-packages/airflow/example_dags/example_xcom.py
[2026-04-21T01:12:08.599+0000] {logging_mixin.py:188} INFO - [2026-04-21T01:12:08.599+0000] {dag.py:3036} INFO - Sync 1 DAGs
[2026-04-21T01:12:08.624+0000] {logging_mixin.py:188} INFO - [2026-04-21T01:12:08.623+0000] {dag.py:3823} INFO - Setting next_dagrun for example_xcom to 2021-01-01 00:00:00+00:00, run_after=2021-01-01 00:00:00+00:00
[2026-04-21T01:12:08.642+0000] {processor.py:183} INFO - Processing /home/airflow/.local/lib/python3.8/site-packages/airflow/example_dags/example_xcom.py took 0.088 seconds
[2026-04-21T01:12:38.841+0000] {processor.py:161} INFO - Started process (PID=3709781) to work on /home/airflow/.local/lib/python3.8/site-packages/airflow/example_dags/example_xcom.py
[2026-04-21T01:12:38.843+0000] {processor.py:830} INFO - Processing file /home/airflow/.local/lib/python3.8/site-packages/airflow/example_dags/example_xcom.py for tasks to queue
[2026-04-21T01:12:38.846+0000] {logging_mixin.py:188} INFO - [2026-04-21T01:12:38.845+0000] {dagbag.py:538} INFO - Filling up the DagBag from /home/airflow/.local/lib/python3.8/site-packages/airflow/example_dags/example_xcom.py
[2026-04-21T01:12:38.855+0000] {processor.py:840} INFO - DAG(s) 'example_xcom' retrieved from /home/airflow/.local/lib/python3.8/site-packages/airflow/example_dags/example_xcom.py
[2026-04-21T01:12:38.881+0000] {logging_mixin.py:188} INFO - [2026-04-21T01:12:38.881+0000] {dag.py:3036} INFO - Sync 1 DAGs
[2026-04-21T01:12:38.905+0000] {logging_mixin.py:188} INFO - [2026-04-21T01:12:38.905+0000] {dag.py:3823} INFO - Setting next_dagrun for example_xcom to 2021-01-01 00:00:00+00:00, run_after=2021-01-01 00:00:00+00:00
[2026-04-21T01:12:38.924+0000] {processor.py:183} INFO - Processing /home/airflow/.local/lib/python3.8/site-packages/airflow/example_dags/example_xcom.py took 0.087 seconds
[2026-04-21T01:13:09.113+0000] {processor.py:161} INFO - Started process (PID=3709838) to work on /home/airflow/.local/lib/python3.8/site-packages/airflow/example_dags/example_xcom.py
[2026-04-21T01:13:09.115+0000] {processor.py:830} INFO - Processing file /home/airflow/.local/lib/python3.8/site-packages/airflow/example_dags/example_xcom.py for tasks to queue
[2026-04-21T01:13:09.117+0000] {logging_mixin.py:188} INFO - [2026-04-21T01:13:09.117+0000] {dagbag.py:538} INFO - Filling up the DagBag from /home/airflow/.local/lib/python3.8/site-packages/airflow/example_dags/example_xcom.py
[2026-04-21T01:13:09.127+0000] {processor.py:840} INFO - DAG(s) 'example_xcom' retrieved from /home/airflow/.local/lib/python3.8/site-packages/airflow/example_dags/example_xcom.py
[2026-04-21T01:13:09.153+0000] {logging_mixin.py:188} INFO - [2026-04-21T01:13:09.152+0000] {dag.py:3036} INFO - Sync 1 DAGs
[2026-04-21T01:13:09.177+0000] {logging_mixin.py:188} INFO - [2026-04-21T01:13:09.176+0000] {dag.py:3823} INFO - Setting next_dagrun for example_xcom to 2021-01-01 00:00:00+00:00, run_after=2021-01-01 00:00:00+00:00
[2026-04-21T01:13:09.195+0000] {processor.py:183} INFO - Processing /home/airflow/.local/lib/python3.8/site-packages/airflow/example_dags/example_xcom.py took 0.087 seconds
[2026-04-21T01:13:39.355+0000] {processor.py:161} INFO - Started process (PID=3709895) to work on /home/airflow/.local/lib/python3.8/site-packages/airflow/example_dags/example_xcom.py
[2026-04-21T01:13:39.356+0000] {processor.py:830} INFO - Processing file /home/airflow/.local/lib/python3.8/site-packages/airflow/example_dags/example_xcom.py for tasks to queue
[2026-04-21T01:13:39.359+0000] {logging_mixin.py:188} INFO - [2026-04-21T01:13:39.359+0000] {dagbag.py:538} INFO - Filling up the DagBag from /home/airflow/.local/lib/python3.8/site-packages/airflow/example_dags/example_xcom.py
[2026-04-21T01:13:39.369+0000] {processor.py:840} INFO - DAG(s) 'example_xcom' retrieved from /home/airflow/.local/lib/python3.8/site-packages/airflow/example_dags/example_xcom.py
[2026-04-21T01:13:39.394+0000] {logging_mixin.py:188} INFO - [2026-04-21T01:13:39.394+0000] {dag.py:3036} INFO - Sync 1 DAGs
[2026-04-21T01:13:39.420+0000] {logging_mixin.py:188} INFO - [2026-04-21T01:13:39.420+0000] {dag.py:3823} INFO - Setting next_dagrun for example_xcom to 2021-01-01 00:00:00+00:00, run_after=2021-01-01 00:00:00+00:00
[2026-04-21T01:13:39.440+0000] {processor.py:183} INFO - Processing /home/airflow/.local/lib/python3.8/site-packages/airflow/example_dags/example_xcom.py took 0.091 seconds
[2026-04-21T01:14:09.568+0000] {processor.py:161} INFO - Started process (PID=3709952) to work on /home/airflow/.local/lib/python3.8/site-packages/airflow/example_dags/example_xcom.py
[2026-04-21T01:14:09.570+0000] {processor.py:830} INFO - Processing file /home/airflow/.local/lib/python3.8/site-packages/airflow/example_dags/example_xcom.py for tasks to queue
[2026-04-21T01:14:09.573+0000] {logging_mixin.py:188} INFO - [2026-04-21T01:14:09.572+0000] {dagbag.py:538} INFO - Filling up the DagBag from /home/airflow/.local/lib/python3.8/site-packages/airflow/example_dags/example_xcom.py
[2026-04-21T01:14:09.583+0000] {processor.py:840} INFO - DAG(s) 'example_xcom' retrieved from /home/airflow/.local/lib/python3.8/site-packages/airflow/example_dags/example_xcom.py
[2026-04-21T01:14:09.608+0000] {logging_mixin.py:188} INFO - [2026-04-21T01:14:09.608+0000] {dag.py:3036} INFO - Sync 1 DAGs
[2026-04-21T01:14:09.635+0000] {logging_mixin.py:188} INFO - [2026-04-21T01:14:09.635+0000] {dag.py:3823} INFO - Setting next_dagrun for example_xcom to 2021-01-01 00:00:00+00:00, run_after=2021-01-01 00:00:00+00:00
[2026-04-21T01:14:09.654+0000] {processor.py:183} INFO - Processing /home/airflow/.local/lib/python3.8/site-packages/airflow/example_dags/example_xcom.py took 0.091 seconds
[2026-04-21T01:14:39.877+0000] {processor.py:161} INFO - Started process (PID=3710009) to work on /home/airflow/.local/lib/python3.8/site-packages/airflow/example_dags/example_xcom.py
[2026-04-21T01:14:39.879+0000] {processor.py:830} INFO - Processing file /home/airflow/.local/lib/python3.8/site-packages/airflow/example_dags/example_xcom.py for tasks to queue
[2026-04-21T01:14:39.881+0000] {logging_mixin.py:188} INFO - [2026-04-21T01:14:39.881+0000] {dagbag.py:538} INFO - Filling up the DagBag from /home/airflow/.local/lib/python3.8/site-packages/airflow/example_dags/example_xcom.py
[2026-04-21T01:14:39.891+0000] {processor.py:840} INFO - DAG(s) 'example_xcom' retrieved from /home/airflow/.local/lib/python3.8/site-packages/airflow/example_dags/example_xcom.py
[2026-04-21T01:14:39.919+0000] {logging_mixin.py:188} INFO - [2026-04-21T01:14:39.919+0000] {dag.py:3036} INFO - Sync 1 DAGs
[2026-04-21T01:14:39.944+0000] {logging_mixin.py:188} INFO - [2026-04-21T01:14:39.944+0000] {dag.py:3823} INFO - Setting next_dagrun for example_xcom to 2021-01-01 00:00:00+00:00, run_after=2021-01-01 00:00:00+00:00
[2026-04-21T01:14:39.964+0000] {processor.py:183} INFO - Processing /home/airflow/.local/lib/python3.8/site-packages/airflow/example_dags/example_xcom.py took 0.092 seconds
[2026-04-21T01:15:10.368+0000] {processor.py:161} INFO - Started process (PID=3710066) to work on /home/airflow/.local/lib/python3.8/site-packages/airflow/example_dags/example_xcom.py
[2026-04-21T01:15:10.370+0000] {processor.py:830} INFO - Processing file /home/airflow/.local/lib/python3.8/site-packages/airflow/example_dags/example_xcom.py for tasks to queue
[2026-04-21T01:15:10.372+0000] {logging_mixin.py:188} INFO - [2026-04-21T01:15:10.372+0000] {dagbag.py:538} INFO - Filling up the DagBag from /home/airflow/.local/lib/python3.8/site-packages/airflow/example_dags/example_xcom.py
[2026-04-21T01:15:10.382+0000] {processor.py:840} INFO - DAG(s) 'example_xcom' retrieved from /home/airflow/.local/lib/python3.8/site-packages/airflow/example_dags/example_xcom.py
[2026-04-21T01:15:10.409+0000] {logging_mixin.py:188} INFO - [2026-04-21T01:15:10.408+0000] {dag.py:3036} INFO - Sync 1 DAGs
[2026-04-21T01:15:10.432+0000] {logging_mixin.py:188} INFO - [2026-04-21T01:15:10.432+0000] {dag.py:3823} INFO - Setting next_dagrun for example_xcom to 2021-01-01 00:00:00+00:00, run_after=2021-01-01 00:00:00+00:00
[2026-04-21T01:15:10.451+0000] {processor.py:183} INFO - Processing /home/airflow/.local/lib/python3.8/site-packages/airflow/example_dags/example_xcom.py took 0.088 seconds
[2026-04-21T01:15:40.716+0000] {processor.py:161} INFO - Started process (PID=3710123) to work on /home/airflow/.local/lib/python3.8/site-packages/airflow/example_dags/example_xcom.py
[2026-04-21T01:15:40.718+0000] {processor.py:830} INFO - Processing file /home/airflow/.local/lib/python3.8/site-packages/airflow/example_dags/example_xcom.py for tasks to queue
[2026-04-21T01:15:40.720+0000] {logging_mixin.py:188} INFO - [2026-04-21T01:15:40.720+0000] {dagbag.py:538} INFO - Filling up the DagBag from /home/airflow/.local/lib/python3.8/site-packages/airflow/example_dags/example_xcom.py
[2026-04-21T01:15:40.731+0000] {processor.py:840} INFO - DAG(s) 'example_xcom' retrieved from /home/airflow/.local/lib/python3.8/site-packages/airflow/example_dags/example_xcom.py
[2026-04-21T01:15:40.757+0000] {logging_mixin.py:188} INFO - [2026-04-21T01:15:40.757+0000] {dag.py:3036} INFO - Sync 1 DAGs
[2026-04-21T01:15:40.782+0000] {logging_mixin.py:188} INFO - [2026-04-21T01:15:40.781+0000] {dag.py:3823} INFO - Setting next_dagrun for example_xcom to 2021-01-01 00:00:00+00:00, run_after=2021-01-01 00:00:00+00:00
[2026-04-21T01:15:40.802+0000] {processor.py:183} INFO - Processing /home/airflow/.local/lib/python3.8/site-packages/airflow/example_dags/example_xcom.py took 0.091 seconds
[2026-04-21T01:16:10.918+0000] {processor.py:161} INFO - Started process (PID=3710180) to work on /home/airflow/.local/lib/python3.8/site-packages/airflow/example_dags/example_xcom.py
[2026-04-21T01:16:10.920+0000] {processor.py:830} INFO - Processing file /home/airflow/.local/lib/python3.8/site-packages/airflow/example_dags/example_xcom.py for tasks to queue
[2026-04-21T01:16:10.922+0000] {logging_mixin.py:188} INFO - [2026-04-21T01:16:10.922+0000] {dagbag.py:538} INFO - Filling up the DagBag from /home/airflow/.local/lib/python3.8/site-packages/airflow/example_dags/example_xcom.py
[2026-04-21T01:16:10.932+0000] {processor.py:840} INFO - DAG(s) 'example_xcom' retrieved from /home/airflow/.local/lib/python3.8/site-packages/airflow/example_dags/example_xcom.py
[2026-04-21T01:16:10.959+0000] {logging_mixin.py:188} INFO - [2026-04-21T01:16:10.959+0000] {dag.py:3036} INFO - Sync 1 DAGs
[2026-04-21T01:16:10.984+0000] {logging_mixin.py:188} INFO - [2026-04-21T01:16:10.984+0000] {dag.py:3823} INFO - Setting next_dagrun for example_xcom to 2021-01-01 00:00:00+00:00, run_after=2021-01-01 00:00:00+00:00
[2026-04-21T01:16:11.004+0000] {processor.py:183} INFO - Processing /home/airflow/.local/lib/python3.8/site-packages/airflow/example_dags/example_xcom.py took 0.091 seconds
[2026-04-21T01:16:41.198+0000] {processor.py:161} INFO - Started process (PID=3710237) to work on /home/airflow/.local/lib/python3.8/site-packages/airflow/example_dags/example_xcom.py
[2026-04-21T01:16:41.200+0000] {processor.py:830} INFO - Processing file /home/airflow/.local/lib/python3.8/site-packages/airflow/example_dags/example_xcom.py for tasks to queue
[2026-04-21T01:16:41.202+0000] {logging_mixin.py:188} INFO - [2026-04-21T01:16:41.202+0000] {dagbag.py:538} INFO - Filling up the DagBag from /home/airflow/.local/lib/python3.8/site-packages/airflow/example_dags/example_xcom.py
[2026-04-21T01:16:41.213+0000] {processor.py:840} INFO - DAG(s) 'example_xcom' retrieved from /home/airflow/.local/lib/python3.8/site-packages/airflow/example_dags/example_xcom.py
[2026-04-21T01:16:41.239+0000] {logging_mixin.py:188} INFO - [2026-04-21T01:16:41.239+0000] {dag.py:3036} INFO - Sync 1 DAGs
[2026-04-21T01:16:41.263+0000] {logging_mixin.py:188} INFO - [2026-04-21T01:16:41.263+0000] {dag.py:3823} INFO - Setting next_dagrun for example_xcom to 2021-01-01 00:00:00+00:00, run_after=2021-01-01 00:00:00+00:00
[2026-04-21T01:16:41.282+0000] {processor.py:183} INFO - Processing /home/airflow/.local/lib/python3.8/site-packages/airflow/example_dags/example_xcom.py took 0.089 seconds
[2026-04-21T01:17:11.420+0000] {processor.py:161} INFO - Started process (PID=3710294) to work on /home/airflow/.local/lib/python3.8/site-packages/airflow/example_dags/example_xcom.py
[2026-04-21T01:17:11.422+0000] {processor.py:830} INFO - Processing file /home/airflow/.local/lib/python3.8/site-packages/airflow/example_dags/example_xcom.py for tasks to queue
[2026-04-21T01:17:11.425+0000] {logging_mixin.py:188} INFO - [2026-04-21T01:17:11.424+0000] {dagbag.py:538} INFO - Filling up the DagBag from /home/airflow/.local/lib/python3.8/site-packages/airflow/example_dags/example_xcom.py
[2026-04-21T01:17:11.435+0000] {processor.py:840} INFO - DAG(s) 'example_xcom' retrieved from /home/airflow/.local/lib/python3.8/site-packages/airflow/example_dags/example_xcom.py
[2026-04-21T01:17:11.461+0000] {logging_mixin.py:188} INFO - [2026-04-21T01:17:11.461+0000] {dag.py:3036} INFO - Sync 1 DAGs
[2026-04-21T01:17:11.485+0000] {logging_mixin.py:188} INFO - [2026-04-21T01:17:11.485+0000] {dag.py:3823} INFO - Setting next_dagrun for example_xcom to 2021-01-01 00:00:00+00:00, run_after=2021-01-01 00:00:00+00:00
[2026-04-21T01:17:11.504+0000] {processor.py:183} INFO - Processing /home/airflow/.local/lib/python3.8/site-packages/airflow/example_dags/example_xcom.py took 0.088 seconds
[2026-04-21T01:17:41.744+0000] {processor.py:161} INFO - Started process (PID=3710351) to work on /home/airflow/.local/lib/python3.8/site-packages/airflow/example_dags/example_xcom.py
[2026-04-21T01:17:41.746+0000] {processor.py:830} INFO - Processing file /home/airflow/.local/lib/python3.8/site-packages/airflow/example_dags/example_xcom.py for tasks to queue
[2026-04-21T01:17:41.749+0000] {logging_mixin.py:188} INFO - [2026-04-21T01:17:41.748+0000] {dagbag.py:538} INFO - Filling up the DagBag from /home/airflow/.local/lib/python3.8/site-packages/airflow/example_dags/example_xcom.py
[2026-04-21T01:17:41.759+0000] {processor.py:840} INFO - DAG(s) 'example_xcom' retrieved from /home/airflow/.local/lib/python3.8/site-packages/airflow/example_dags/example_xcom.py
[2026-04-21T01:17:41.785+0000] {logging_mixin.py:188} INFO - [2026-04-21T01:17:41.785+0000] {dag.py:3036} INFO - Sync 1 DAGs
[2026-04-21T01:17:41.809+0000] {logging_mixin.py:188} INFO - [2026-04-21T01:17:41.809+0000] {dag.py:3823} INFO - Setting next_dagrun for example_xcom to 2021-01-01 00:00:00+00:00, run_after=2021-01-01 00:00:00+00:00
[2026-04-21T01:17:41.828+0000] {processor.py:183} INFO - Processing /home/airflow/.local/lib/python3.8/site-packages/airflow/example_dags/example_xcom.py took 0.088 seconds
[2026-04-21T01:18:11.971+0000] {processor.py:161} INFO - Started process (PID=3710408) to work on /home/airflow/.local/lib/python3.8/site-packages/airflow/example_dags/example_xcom.py
[2026-04-21T01:18:11.973+0000] {processor.py:830} INFO - Processing file /home/airflow/.local/lib/python3.8/site-packages/airflow/example_dags/example_xcom.py for tasks to queue
[2026-04-21T01:18:11.976+0000] {logging_mixin.py:188} INFO - [2026-04-21T01:18:11.975+0000] {dagbag.py:538} INFO - Filling up the DagBag from /home/airflow/.local/lib/python3.8/site-packages/airflow/example_dags/example_xcom.py
[2026-04-21T01:18:11.986+0000] {processor.py:840} INFO - DAG(s) 'example_xcom' retrieved from /home/airflow/.local/lib/python3.8/site-packages/airflow/example_dags/example_xcom.py
[2026-04-21T01:18:12.012+0000] {logging_mixin.py:188} INFO - [2026-04-21T01:18:12.011+0000] {dag.py:3036} INFO - Sync 1 DAGs
[2026-04-21T01:18:12.036+0000] {logging_mixin.py:188} INFO - [2026-04-21T01:18:12.036+0000] {dag.py:3823} INFO - Setting next_dagrun for example_xcom to 2021-01-01 00:00:00+00:00, run_after=2021-01-01 00:00:00+00:00
[2026-04-21T01:18:12.055+0000] {processor.py:183} INFO - Processing /home/airflow/.local/lib/python3.8/site-packages/airflow/example_dags/example_xcom.py took 0.089 seconds
[2026-04-21T01:18:42.187+0000] {processor.py:161} INFO - Started process (PID=3710465) to work on /home/airflow/.local/lib/python3.8/site-packages/airflow/example_dags/example_xcom.py
[2026-04-21T01:18:42.194+0000] {processor.py:830} INFO - Processing file /home/airflow/.local/lib/python3.8/site-packages/airflow/example_dags/example_xcom.py for tasks to queue
[2026-04-21T01:18:42.197+0000] {logging_mixin.py:188} INFO - [2026-04-21T01:18:42.196+0000] {dagbag.py:538} INFO - Filling up the DagBag from /home/airflow/.local/lib/python3.8/site-packages/airflow/example_dags/example_xcom.py
[2026-04-21T01:18:42.209+0000] {processor.py:840} INFO - DAG(s) 'example_xcom' retrieved from /home/airflow/.local/lib/python3.8/site-packages/airflow/example_dags/example_xcom.py
[2026-04-21T01:18:42.238+0000] {logging_mixin.py:188} INFO - [2026-04-21T01:18:42.238+0000] {dag.py:3036} INFO - Sync 1 DAGs
[2026-04-21T01:18:42.265+0000] {logging_mixin.py:188} INFO - [2026-04-21T01:18:42.264+0000] {dag.py:3823} INFO - Setting next_dagrun for example_xcom to 2021-01-01 00:00:00+00:00, run_after=2021-01-01 00:00:00+00:00
[2026-04-21T01:18:42.285+0000] {processor.py:183} INFO - Processing /home/airflow/.local/lib/python3.8/site-packages/airflow/example_dags/example_xcom.py took 0.103 seconds
[2026-04-21T01:19:12.523+0000] {processor.py:161} INFO - Started process (PID=3710522) to work on /home/airflow/.local/lib/python3.8/site-packages/airflow/example_dags/example_xcom.py
[2026-04-21T01:19:12.525+0000] {processor.py:830} INFO - Processing file /home/airflow/.local/lib/python3.8/site-packages/airflow/example_dags/example_xcom.py for tasks to queue
[2026-04-21T01:19:12.528+0000] {logging_mixin.py:188} INFO - [2026-04-21T01:19:12.527+0000] {dagbag.py:538} INFO - Filling up the DagBag from /home/airflow/.local/lib/python3.8/site-packages/airflow/example_dags/example_xcom.py
[2026-04-21T01:19:12.538+0000] {processor.py:840} INFO - DAG(s) 'example_xcom' retrieved from /home/airflow/.local/lib/python3.8/site-packages/airflow/example_dags/example_xcom.py
[2026-04-21T01:19:12.566+0000] {logging_mixin.py:188} INFO - [2026-04-21T01:19:12.565+0000] {dag.py:3036} INFO - Sync 1 DAGs
[2026-04-21T01:19:12.591+0000] {logging_mixin.py:188} INFO - [2026-04-21T01:19:12.590+0000] {dag.py:3823} INFO - Setting next_dagrun for example_xcom to 2021-01-01 00:00:00+00:00, run_after=2021-01-01 00:00:00+00:00
[2026-04-21T01:19:12.611+0000] {processor.py:183} INFO - Processing /home/airflow/.local/lib/python3.8/site-packages/airflow/example_dags/example_xcom.py took 0.093 seconds
[2026-04-21T01:19:42.703+0000] {processor.py:161} INFO - Started process (PID=3710579) to work on /home/airflow/.local/lib/python3.8/site-packages/airflow/example_dags/example_xcom.py
[2026-04-21T01:19:42.705+0000] {processor.py:830} INFO - Processing file /home/airflow/.local/lib/python3.8/site-packages/airflow/example_dags/example_xcom.py for tasks to queue
[2026-04-21T01:19:42.707+0000] {logging_mixin.py:188} INFO - [2026-04-21T01:19:42.707+0000] {dagbag.py:538} INFO - Filling up the DagBag from /home/airflow/.local/lib/python3.8/site-packages/airflow/example_dags/example_xcom.py
[2026-04-21T01:19:42.717+0000] {processor.py:840} INFO - DAG(s) 'example_xcom' retrieved from /home/airflow/.local/lib/python3.8/site-packages/airflow/example_dags/example_xcom.py
[2026-04-21T01:19:42.743+0000] {logging_mixin.py:188} INFO - [2026-04-21T01:19:42.743+0000] {dag.py:3036} INFO - Sync 1 DAGs
[2026-04-21T01:19:42.768+0000] {logging_mixin.py:188} INFO - [2026-04-21T01:19:42.767+0000] {dag.py:3823} INFO - Setting next_dagrun for example_xcom to 2021-01-01 00:00:00+00:00, run_after=2021-01-01 00:00:00+00:00
[2026-04-21T01:19:42.787+0000] {processor.py:183} INFO - Processing /home/airflow/.local/lib/python3.8/site-packages/airflow/example_dags/example_xcom.py took 0.089 seconds
[2026-04-21T01:20:13.022+0000] {processor.py:161} INFO - Started process (PID=3710636) to work on /home/airflow/.local/lib/python3.8/site-packages/airflow/example_dags/example_xcom.py
[2026-04-21T01:20:13.024+0000] {processor.py:830} INFO - Processing file /home/airflow/.local/lib/python3.8/site-packages/airflow/example_dags/example_xcom.py for tasks to queue
[2026-04-21T01:20:13.027+0000] {logging_mixin.py:188} INFO - [2026-04-21T01:20:13.026+0000] {dagbag.py:538} INFO - Filling up the DagBag from /home/airflow/.local/lib/python3.8/site-packages/airflow/example_dags/example_xcom.py
[2026-04-21T01:20:13.037+0000] {processor.py:840} INFO - DAG(s) 'example_xcom' retrieved from /home/airflow/.local/lib/python3.8/site-packages/airflow/example_dags/example_xcom.py
[2026-04-21T01:20:13.064+0000] {logging_mixin.py:188} INFO - [2026-04-21T01:20:13.063+0000] {dag.py:3036} INFO - Sync 1 DAGs
[2026-04-21T01:20:13.088+0000] {logging_mixin.py:188} INFO - [2026-04-21T01:20:13.088+0000] {dag.py:3823} INFO - Setting next_dagrun for example_xcom to 2021-01-01 00:00:00+00:00, run_after=2021-01-01 00:00:00+00:00
[2026-04-21T01:20:13.108+0000] {processor.py:183} INFO - Processing /home/airflow/.local/lib/python3.8/site-packages/airflow/example_dags/example_xcom.py took 0.090 seconds
[2026-04-21T01:20:43.673+0000] {processor.py:161} INFO - Started process (PID=3710693) to work on /home/airflow/.local/lib/python3.8/site-packages/airflow/example_dags/example_xcom.py
[2026-04-21T01:20:43.676+0000] {processor.py:830} INFO - Processing file /home/airflow/.local/lib/python3.8/site-packages/airflow/example_dags/example_xcom.py for tasks to queue
[2026-04-21T01:20:43.678+0000] {logging_mixin.py:188} INFO - [2026-04-21T01:20:43.678+0000] {dagbag.py:538} INFO - Filling up the DagBag from /home/airflow/.local/lib/python3.8/site-packages/airflow/example_dags/example_xcom.py
[2026-04-21T01:20:43.688+0000] {processor.py:840} INFO - DAG(s) 'example_xcom' retrieved from /home/airflow/.local/lib/python3.8/site-packages/airflow/example_dags/example_xcom.py
[2026-04-21T01:20:43.714+0000] {logging_mixin.py:188} INFO - [2026-04-21T01:20:43.714+0000] {dag.py:3036} INFO - Sync 1 DAGs
[2026-04-21T01:20:43.738+0000] {logging_mixin.py:188} INFO - [2026-04-21T01:20:43.737+0000] {dag.py:3823} INFO - Setting next_dagrun for example_xcom to 2021-01-01 00:00:00+00:00, run_after=2021-01-01 00:00:00+00:00
[2026-04-21T01:20:43.757+0000] {processor.py:183} INFO - Processing /home/airflow/.local/lib/python3.8/site-packages/airflow/example_dags/example_xcom.py took 0.088 seconds
[2026-04-21T01:21:13.830+0000] {processor.py:161} INFO - Started process (PID=3710750) to work on /home/airflow/.local/lib/python3.8/site-packages/airflow/example_dags/example_xcom.py
[2026-04-21T01:21:13.832+0000] {processor.py:830} INFO - Processing file /home/airflow/.local/lib/python3.8/site-packages/airflow/example_dags/example_xcom.py for tasks to queue
[2026-04-21T01:21:13.835+0000] {logging_mixin.py:188} INFO - [2026-04-21T01:21:13.835+0000] {dagbag.py:538} INFO - Filling up the DagBag from /home/airflow/.local/lib/python3.8/site-packages/airflow/example_dags/example_xcom.py
[2026-04-21T01:21:13.849+0000] {processor.py:840} INFO - DAG(s) 'example_xcom' retrieved from /home/airflow/.local/lib/python3.8/site-packages/airflow/example_dags/example_xcom.py
[2026-04-21T01:21:13.886+0000] {logging_mixin.py:188} INFO - [2026-04-21T01:21:13.885+0000] {dag.py:3036} INFO - Sync 1 DAGs
[2026-04-21T01:21:13.919+0000] {logging_mixin.py:188} INFO - [2026-04-21T01:21:13.919+0000] {dag.py:3823} INFO - Setting next_dagrun for example_xcom to 2021-01-01 00:00:00+00:00, run_after=2021-01-01 00:00:00+00:00
[2026-04-21T01:21:13.939+0000] {processor.py:183} INFO - Processing /home/airflow/.local/lib/python3.8/site-packages/airflow/example_dags/example_xcom.py took 0.116 seconds
[2026-04-21T01:21:44.023+0000] {processor.py:161} INFO - Started process (PID=3710807) to work on /home/airflow/.local/lib/python3.8/site-packages/airflow/example_dags/example_xcom.py
[2026-04-21T01:21:44.025+0000] {processor.py:830} INFO - Processing file /home/airflow/.local/lib/python3.8/site-packages/airflow/example_dags/example_xcom.py for tasks to queue
[2026-04-21T01:21:44.027+0000] {logging_mixin.py:188} INFO - [2026-04-21T01:21:44.027+0000] {dagbag.py:538} INFO - Filling up the DagBag from /home/airflow/.local/lib/python3.8/site-packages/airflow/example_dags/example_xcom.py
[2026-04-21T01:21:44.038+0000] {processor.py:840} INFO - DAG(s) 'example_xcom' retrieved from /home/airflow/.local/lib/python3.8/site-packages/airflow/example_dags/example_xcom.py
[2026-04-21T01:21:44.064+0000] {logging_mixin.py:188} INFO - [2026-04-21T01:21:44.064+0000] {dag.py:3036} INFO - Sync 1 DAGs
[2026-04-21T01:21:44.089+0000] {logging_mixin.py:188} INFO - [2026-04-21T01:21:44.089+0000] {dag.py:3823} INFO - Setting next_dagrun for example_xcom to 2021-01-01 00:00:00+00:00, run_after=2021-01-01 00:00:00+00:00
[2026-04-21T01:21:44.108+0000] {processor.py:183} INFO - Processing /home/airflow/.local/lib/python3.8/site-packages/airflow/example_dags/example_xcom.py took 0.090 seconds
[2026-04-21T01:22:14.449+0000] {processor.py:161} INFO - Started process (PID=3710864) to work on /home/airflow/.local/lib/python3.8/site-packages/airflow/example_dags/example_xcom.py
[2026-04-21T01:22:14.451+0000] {processor.py:830} INFO - Processing file /home/airflow/.local/lib/python3.8/site-packages/airflow/example_dags/example_xcom.py for tasks to queue
[2026-04-21T01:22:14.454+0000] {logging_mixin.py:188} INFO - [2026-04-21T01:22:14.453+0000] {dagbag.py:538} INFO - Filling up the DagBag from /home/airflow/.local/lib/python3.8/site-packages/airflow/example_dags/example_xcom.py
[2026-04-21T01:22:14.463+0000] {processor.py:840} INFO - DAG(s) 'example_xcom' retrieved from /home/airflow/.local/lib/python3.8/site-packages/airflow/example_dags/example_xcom.py
[2026-04-21T01:22:14.490+0000] {logging_mixin.py:188} INFO - [2026-04-21T01:22:14.490+0000] {dag.py:3036} INFO - Sync 1 DAGs
[2026-04-21T01:22:14.514+0000] {logging_mixin.py:188} INFO - [2026-04-21T01:22:14.514+0000] {dag.py:3823} INFO - Setting next_dagrun for example_xcom to 2021-01-01 00:00:00+00:00, run_after=2021-01-01 00:00:00+00:00
[2026-04-21T01:22:14.532+0000] {processor.py:183} INFO - Processing /home/airflow/.local/lib/python3.8/site-packages/airflow/example_dags/example_xcom.py took 0.088 seconds
[2026-04-21T01:22:45.219+0000] {processor.py:161} INFO - Started process (PID=3710921) to work on /home/airflow/.local/lib/python3.8/site-packages/airflow/example_dags/example_xcom.py
[2026-04-21T01:22:45.221+0000] {processor.py:830} INFO - Processing file /home/airflow/.local/lib/python3.8/site-packages/airflow/example_dags/example_xcom.py for tasks to queue
[2026-04-21T01:22:45.223+0000] {logging_mixin.py:188} INFO - [2026-04-21T01:22:45.223+0000] {dagbag.py:538} INFO - Filling up the DagBag from /home/airflow/.local/lib/python3.8/site-packages/airflow/example_dags/example_xcom.py
[2026-04-21T01:22:45.233+0000] {processor.py:840} INFO - DAG(s) 'example_xcom' retrieved from /home/airflow/.local/lib/python3.8/site-packages/airflow/example_dags/example_xcom.py
[2026-04-21T01:22:45.259+0000] {logging_mixin.py:188} INFO - [2026-04-21T01:22:45.259+0000] {dag.py:3036} INFO - Sync 1 DAGs
[2026-04-21T01:22:45.283+0000] {logging_mixin.py:188} INFO - [2026-04-21T01:22:45.283+0000] {dag.py:3823} INFO - Setting next_dagrun for example_xcom to 2021-01-01 00:00:00+00:00, run_after=2021-01-01 00:00:00+00:00
[2026-04-21T01:22:45.303+0000] {processor.py:183} INFO - Processing /home/airflow/.local/lib/python3.8/site-packages/airflow/example_dags/example_xcom.py took 0.089 seconds
[2026-04-21T01:23:15.718+0000] {processor.py:161} INFO - Started process (PID=3710978) to work on /home/airflow/.local/lib/python3.8/site-packages/airflow/example_dags/example_xcom.py
[2026-04-21T01:23:15.723+0000] {processor.py:830} INFO - Processing file /home/airflow/.local/lib/python3.8/site-packages/airflow/example_dags/example_xcom.py for tasks to queue
[2026-04-21T01:23:15.726+0000] {logging_mixin.py:188} INFO - [2026-04-21T01:23:15.725+0000] {dagbag.py:538} INFO - Filling up the DagBag from /home/airflow/.local/lib/python3.8/site-packages/airflow/example_dags/example_xcom.py
[2026-04-21T01:23:15.736+0000] {processor.py:840} INFO - DAG(s) 'example_xcom' retrieved from /home/airflow/.local/lib/python3.8/site-packages/airflow/example_dags/example_xcom.py
[2026-04-21T01:23:15.763+0000] {logging_mixin.py:188} INFO - [2026-04-21T01:23:15.762+0000] {dag.py:3036} INFO - Sync 1 DAGs
[2026-04-21T01:23:15.789+0000] {logging_mixin.py:188} INFO - [2026-04-21T01:23:15.789+0000] {dag.py:3823} INFO - Setting next_dagrun for example_xcom to 2021-01-01 00:00:00+00:00, run_after=2021-01-01 00:00:00+00:00
[2026-04-21T01:23:15.810+0000] {processor.py:183} INFO - Processing /home/airflow/.local/lib/python3.8/site-packages/airflow/example_dags/example_xcom.py took 0.097 seconds
[2026-04-21T01:23:45.952+0000] {processor.py:161} INFO - Started process (PID=3711035) to work on /home/airflow/.local/lib/python3.8/site-packages/airflow/example_dags/example_xcom.py
[2026-04-21T01:23:45.954+0000] {processor.py:830} INFO - Processing file /home/airflow/.local/lib/python3.8/site-packages/airflow/example_dags/example_xcom.py for tasks to queue
[2026-04-21T01:23:45.957+0000] {logging_mixin.py:188} INFO - [2026-04-21T01:23:45.956+0000] {dagbag.py:538} INFO - Filling up the DagBag from /home/airflow/.local/lib/python3.8/site-packages/airflow/example_dags/example_xcom.py
[2026-04-21T01:23:45.967+0000] {processor.py:840} INFO - DAG(s) 'example_xcom' retrieved from /home/airflow/.local/lib/python3.8/site-packages/airflow/example_dags/example_xcom.py
[2026-04-21T01:23:45.994+0000] {logging_mixin.py:188} INFO - [2026-04-21T01:23:45.994+0000] {dag.py:3036} INFO - Sync 1 DAGs
[2026-04-21T01:23:46.019+0000] {logging_mixin.py:188} INFO - [2026-04-21T01:23:46.018+0000] {dag.py:3823} INFO - Setting next_dagrun for example_xcom to 2021-01-01 00:00:00+00:00, run_after=2021-01-01 00:00:00+00:00
[2026-04-21T01:23:46.037+0000] {processor.py:183} INFO - Processing /home/airflow/.local/lib/python3.8/site-packages/airflow/example_dags/example_xcom.py took 0.091 seconds
[2026-04-21T01:24:16.272+0000] {processor.py:161} INFO - Started process (PID=3711092) to work on /home/airflow/.local/lib/python3.8/site-packages/airflow/example_dags/example_xcom.py
[2026-04-21T01:24:16.273+0000] {processor.py:830} INFO - Processing file /home/airflow/.local/lib/python3.8/site-packages/airflow/example_dags/example_xcom.py for tasks to queue
[2026-04-21T01:24:16.276+0000] {logging_mixin.py:188} INFO - [2026-04-21T01:24:16.275+0000] {dagbag.py:538} INFO - Filling up the DagBag from /home/airflow/.local/lib/python3.8/site-packages/airflow/example_dags/example_xcom.py
[2026-04-21T01:24:16.286+0000] {processor.py:840} INFO - DAG(s) 'example_xcom' retrieved from /home/airflow/.local/lib/python3.8/site-packages/airflow/example_dags/example_xcom.py
[2026-04-21T01:24:16.312+0000] {logging_mixin.py:188} INFO - [2026-04-21T01:24:16.312+0000] {dag.py:3036} INFO - Sync 1 DAGs
[2026-04-21T01:24:16.336+0000] {logging_mixin.py:188} INFO - [2026-04-21T01:24:16.336+0000] {dag.py:3823} INFO - Setting next_dagrun for example_xcom to 2021-01-01 00:00:00+00:00, run_after=2021-01-01 00:00:00+00:00
[2026-04-21T01:24:16.354+0000] {processor.py:183} INFO - Processing /home/airflow/.local/lib/python3.8/site-packages/airflow/example_dags/example_xcom.py took 0.088 seconds
[2026-04-21T01:24:46.493+0000] {processor.py:161} INFO - Started process (PID=3711149) to work on /home/airflow/.local/lib/python3.8/site-packages/airflow/example_dags/example_xcom.py
[2026-04-21T01:24:46.495+0000] {processor.py:830} INFO - Processing file /home/airflow/.local/lib/python3.8/site-packages/airflow/example_dags/example_xcom.py for tasks to queue
[2026-04-21T01:24:46.497+0000] {logging_mixin.py:188} INFO - [2026-04-21T01:24:46.497+0000] {dagbag.py:538} INFO - Filling up the DagBag from /home/airflow/.local/lib/python3.8/site-packages/airflow/example_dags/example_xcom.py
[2026-04-21T01:24:46.507+0000] {processor.py:840} INFO - DAG(s) 'example_xcom' retrieved from /home/airflow/.local/lib/python3.8/site-packages/airflow/example_dags/example_xcom.py
[2026-04-21T01:24:46.533+0000] {logging_mixin.py:188} INFO - [2026-04-21T01:24:46.533+0000] {dag.py:3036} INFO - Sync 1 DAGs
[2026-04-21T01:24:46.557+0000] {logging_mixin.py:188} INFO - [2026-04-21T01:24:46.557+0000] {dag.py:3823} INFO - Setting next_dagrun for example_xcom to 2021-01-01 00:00:00+00:00, run_after=2021-01-01 00:00:00+00:00
[2026-04-21T01:24:46.576+0000] {processor.py:183} INFO - Processing /home/airflow/.local/lib/python3.8/site-packages/airflow/example_dags/example_xcom.py took 0.088 seconds
[2026-04-21T01:25:17.229+0000] {processor.py:161} INFO - Started process (PID=3711206) to work on /home/airflow/.local/lib/python3.8/site-packages/airflow/example_dags/example_xcom.py
[2026-04-21T01:25:17.231+0000] {processor.py:830} INFO - Processing file /home/airflow/.local/lib/python3.8/site-packages/airflow/example_dags/example_xcom.py for tasks to queue
[2026-04-21T01:25:17.234+0000] {logging_mixin.py:188} INFO - [2026-04-21T01:25:17.233+0000] {dagbag.py:538} INFO - Filling up the DagBag from /home/airflow/.local/lib/python3.8/site-packages/airflow/example_dags/example_xcom.py
[2026-04-21T01:25:17.243+0000] {processor.py:840} INFO - DAG(s) 'example_xcom' retrieved from /home/airflow/.local/lib/python3.8/site-packages/airflow/example_dags/example_xcom.py
[2026-04-21T01:25:17.269+0000] {logging_mixin.py:188} INFO - [2026-04-21T01:25:17.269+0000] {dag.py:3036} INFO - Sync 1 DAGs
[2026-04-21T01:25:17.293+0000] {logging_mixin.py:188} INFO - [2026-04-21T01:25:17.293+0000] {dag.py:3823} INFO - Setting next_dagrun for example_xcom to 2021-01-01 00:00:00+00:00, run_after=2021-01-01 00:00:00+00:00
[2026-04-21T01:25:17.312+0000] {processor.py:183} INFO - Processing /home/airflow/.local/lib/python3.8/site-packages/airflow/example_dags/example_xcom.py took 0.087 seconds
[2026-04-21T01:25:47.548+0000] {processor.py:161} INFO - Started process (PID=3711263) to work on /home/airflow/.local/lib/python3.8/site-packages/airflow/example_dags/example_xcom.py
[2026-04-21T01:25:47.550+0000] {processor.py:830} INFO - Processing file /home/airflow/.local/lib/python3.8/site-packages/airflow/example_dags/example_xcom.py for tasks to queue
[2026-04-21T01:25:47.553+0000] {logging_mixin.py:188} INFO - [2026-04-21T01:25:47.552+0000] {dagbag.py:538} INFO - Filling up the DagBag from /home/airflow/.local/lib/python3.8/site-packages/airflow/example_dags/example_xcom.py
[2026-04-21T01:25:47.563+0000] {processor.py:840} INFO - DAG(s) 'example_xcom' retrieved from /home/airflow/.local/lib/python3.8/site-packages/airflow/example_dags/example_xcom.py
[2026-04-21T01:25:47.590+0000] {logging_mixin.py:188} INFO - [2026-04-21T01:25:47.590+0000] {dag.py:3036} INFO - Sync 1 DAGs
[2026-04-21T01:25:47.615+0000] {logging_mixin.py:188} INFO - [2026-04-21T01:25:47.615+0000] {dag.py:3823} INFO - Setting next_dagrun for example_xcom to 2021-01-01 00:00:00+00:00, run_after=2021-01-01 00:00:00+00:00
[2026-04-21T01:25:47.851+0000] {processor.py:183} INFO - Processing /home/airflow/.local/lib/python3.8/site-packages/airflow/example_dags/example_xcom.py took 0.308 seconds
[2026-04-21T01:26:18.439+0000] {processor.py:161} INFO - Started process (PID=3711320) to work on /home/airflow/.local/lib/python3.8/site-packages/airflow/example_dags/example_xcom.py
[2026-04-21T01:26:18.441+0000] {processor.py:830} INFO - Processing file /home/airflow/.local/lib/python3.8/site-packages/airflow/example_dags/example_xcom.py for tasks to queue
[2026-04-21T01:26:18.443+0000] {logging_mixin.py:188} INFO - [2026-04-21T01:26:18.443+0000] {dagbag.py:538} INFO - Filling up the DagBag from /home/airflow/.local/lib/python3.8/site-packages/airflow/example_dags/example_xcom.py
[2026-04-21T01:26:18.453+0000] {processor.py:840} INFO - DAG(s) 'example_xcom' retrieved from /home/airflow/.local/lib/python3.8/site-packages/airflow/example_dags/example_xcom.py
[2026-04-21T01:26:18.479+0000] {logging_mixin.py:188} INFO - [2026-04-21T01:26:18.479+0000] {dag.py:3036} INFO - Sync 1 DAGs
[2026-04-21T01:26:18.503+0000] {logging_mixin.py:188} INFO - [2026-04-21T01:26:18.502+0000] {dag.py:3823} INFO - Setting next_dagrun for example_xcom to 2021-01-01 00:00:00+00:00, run_after=2021-01-01 00:00:00+00:00
[2026-04-21T01:26:18.522+0000] {processor.py:183} INFO - Processing /home/airflow/.local/lib/python3.8/site-packages/airflow/example_dags/example_xcom.py took 0.088 seconds
[2026-04-21T01:26:49.258+0000] {processor.py:161} INFO - Started process (PID=3711377) to work on /home/airflow/.local/lib/python3.8/site-packages/airflow/example_dags/example_xcom.py
[2026-04-21T01:26:49.260+0000] {processor.py:830} INFO - Processing file /home/airflow/.local/lib/python3.8/site-packages/airflow/example_dags/example_xcom.py for tasks to queue
[2026-04-21T01:26:49.262+0000] {logging_mixin.py:188} INFO - [2026-04-21T01:26:49.262+0000] {dagbag.py:538} INFO - Filling up the DagBag from /home/airflow/.local/lib/python3.8/site-packages/airflow/example_dags/example_xcom.py
[2026-04-21T01:26:49.272+0000] {processor.py:840} INFO - DAG(s) 'example_xcom' retrieved from /home/airflow/.local/lib/python3.8/site-packages/airflow/example_dags/example_xcom.py
[2026-04-21T01:26:49.300+0000] {logging_mixin.py:188} INFO - [2026-04-21T01:26:49.300+0000] {dag.py:3036} INFO - Sync 1 DAGs
[2026-04-21T01:26:49.325+0000] {logging_mixin.py:188} INFO - [2026-04-21T01:26:49.325+0000] {dag.py:3823} INFO - Setting next_dagrun for example_xcom to 2021-01-01 00:00:00+00:00, run_after=2021-01-01 00:00:00+00:00
[2026-04-21T01:26:49.346+0000] {processor.py:183} INFO - Processing /home/airflow/.local/lib/python3.8/site-packages/airflow/example_dags/example_xcom.py took 0.093 seconds
[2026-04-21T01:27:19.594+0000] {processor.py:161} INFO - Started process (PID=3711434) to work on /home/airflow/.local/lib/python3.8/site-packages/airflow/example_dags/example_xcom.py
[2026-04-21T01:27:19.596+0000] {processor.py:830} INFO - Processing file /home/airflow/.local/lib/python3.8/site-packages/airflow/example_dags/example_xcom.py for tasks to queue
[2026-04-21T01:27:19.598+0000] {logging_mixin.py:188} INFO - [2026-04-21T01:27:19.598+0000] {dagbag.py:538} INFO - Filling up the DagBag from /home/airflow/.local/lib/python3.8/site-packages/airflow/example_dags/example_xcom.py
[2026-04-21T01:27:19.608+0000] {processor.py:840} INFO - DAG(s) 'example_xcom' retrieved from /home/airflow/.local/lib/python3.8/site-packages/airflow/example_dags/example_xcom.py
[2026-04-21T01:27:19.633+0000] {logging_mixin.py:188} INFO - [2026-04-21T01:27:19.633+0000] {dag.py:3036} INFO - Sync 1 DAGs
[2026-04-21T01:27:19.657+0000] {logging_mixin.py:188} INFO - [2026-04-21T01:27:19.657+0000] {dag.py:3823} INFO - Setting next_dagrun for example_xcom to 2021-01-01 00:00:00+00:00, run_after=2021-01-01 00:00:00+00:00
[2026-04-21T01:27:19.675+0000] {processor.py:183} INFO - Processing /home/airflow/.local/lib/python3.8/site-packages/airflow/example_dags/example_xcom.py took 0.087 seconds
[2026-04-21T01:27:50.222+0000] {processor.py:161} INFO - Started process (PID=3711488) to work on /home/airflow/.local/lib/python3.8/site-packages/airflow/example_dags/example_xcom.py
[2026-04-21T01:27:50.224+0000] {processor.py:830} INFO - Processing file /home/airflow/.local/lib/python3.8/site-packages/airflow/example_dags/example_xcom.py for tasks to queue
[2026-04-21T01:27:50.227+0000] {logging_mixin.py:188} INFO - [2026-04-21T01:27:50.226+0000] {dagbag.py:538} INFO - Filling up the DagBag from /home/airflow/.local/lib/python3.8/site-packages/airflow/example_dags/example_xcom.py
[2026-04-21T01:27:50.236+0000] {processor.py:840} INFO - DAG(s) 'example_xcom' retrieved from /home/airflow/.local/lib/python3.8/site-packages/airflow/example_dags/example_xcom.py
[2026-04-21T01:27:50.263+0000] {logging_mixin.py:188} INFO - [2026-04-21T01:27:50.262+0000] {dag.py:3036} INFO - Sync 1 DAGs
[2026-04-21T01:27:50.286+0000] {logging_mixin.py:188} INFO - [2026-04-21T01:27:50.286+0000] {dag.py:3823} INFO - Setting next_dagrun for example_xcom to 2021-01-01 00:00:00+00:00, run_after=2021-01-01 00:00:00+00:00
[2026-04-21T01:27:50.305+0000] {processor.py:183} INFO - Processing /home/airflow/.local/lib/python3.8/site-packages/airflow/example_dags/example_xcom.py took 0.088 seconds
[2026-04-21T01:28:20.391+0000] {processor.py:161} INFO - Started process (PID=3711544) to work on /home/airflow/.local/lib/python3.8/site-packages/airflow/example_dags/example_xcom.py
[2026-04-21T01:28:20.393+0000] {processor.py:830} INFO - Processing file /home/airflow/.local/lib/python3.8/site-packages/airflow/example_dags/example_xcom.py for tasks to queue
[2026-04-21T01:28:20.396+0000] {logging_mixin.py:188} INFO - [2026-04-21T01:28:20.395+0000] {dagbag.py:538} INFO - Filling up the DagBag from /home/airflow/.local/lib/python3.8/site-packages/airflow/example_dags/example_xcom.py
[2026-04-21T01:28:20.406+0000] {processor.py:840} INFO - DAG(s) 'example_xcom' retrieved from /home/airflow/.local/lib/python3.8/site-packages/airflow/example_dags/example_xcom.py
[2026-04-21T01:28:20.433+0000] {logging_mixin.py:188} INFO - [2026-04-21T01:28:20.433+0000] {dag.py:3036} INFO - Sync 1 DAGs
[2026-04-21T01:28:20.655+0000] {logging_mixin.py:188} INFO - [2026-04-21T01:28:20.654+0000] {dag.py:3823} INFO - Setting next_dagrun for example_xcom to 2021-01-01 00:00:00+00:00, run_after=2021-01-01 00:00:00+00:00
[2026-04-21T01:28:20.672+0000] {processor.py:183} INFO - Processing /home/airflow/.local/lib/python3.8/site-packages/airflow/example_dags/example_xcom.py took 0.286 seconds
[2026-04-21T01:28:51.315+0000] {processor.py:161} INFO - Started process (PID=3711601) to work on /home/airflow/.local/lib/python3.8/site-packages/airflow/example_dags/example_xcom.py
[2026-04-21T01:28:51.318+0000] {processor.py:830} INFO - Processing file /home/airflow/.local/lib/python3.8/site-packages/airflow/example_dags/example_xcom.py for tasks to queue
[2026-04-21T01:28:51.320+0000] {logging_mixin.py:188} INFO - [2026-04-21T01:28:51.320+0000] {dagbag.py:538} INFO - Filling up the DagBag from /home/airflow/.local/lib/python3.8/site-packages/airflow/example_dags/example_xcom.py
[2026-04-21T01:28:51.330+0000] {processor.py:840} INFO - DAG(s) 'example_xcom' retrieved from /home/airflow/.local/lib/python3.8/site-packages/airflow/example_dags/example_xcom.py
[2026-04-21T01:28:51.357+0000] {logging_mixin.py:188} INFO - [2026-04-21T01:28:51.357+0000] {dag.py:3036} INFO - Sync 1 DAGs
[2026-04-21T01:28:51.594+0000] {logging_mixin.py:188} INFO - [2026-04-21T01:28:51.593+0000] {dag.py:3823} INFO - Setting next_dagrun for example_xcom to 2021-01-01 00:00:00+00:00, run_after=2021-01-01 00:00:00+00:00
[2026-04-21T01:28:51.612+0000] {processor.py:183} INFO - Processing /home/airflow/.local/lib/python3.8/site-packages/airflow/example_dags/example_xcom.py took 0.302 seconds
[2026-04-21T01:29:21.688+0000] {processor.py:161} INFO - Started process (PID=3711658) to work on /home/airflow/.local/lib/python3.8/site-packages/airflow/example_dags/example_xcom.py
[2026-04-21T01:29:21.690+0000] {processor.py:830} INFO - Processing file /home/airflow/.local/lib/python3.8/site-packages/airflow/example_dags/example_xcom.py for tasks to queue
[2026-04-21T01:29:21.692+0000] {logging_mixin.py:188} INFO - [2026-04-21T01:29:21.692+0000] {dagbag.py:538} INFO - Filling up the DagBag from /home/airflow/.local/lib/python3.8/site-packages/airflow/example_dags/example_xcom.py
[2026-04-21T01:29:21.702+0000] {processor.py:840} INFO - DAG(s) 'example_xcom' retrieved from /home/airflow/.local/lib/python3.8/site-packages/airflow/example_dags/example_xcom.py
[2026-04-21T01:29:21.731+0000] {logging_mixin.py:188} INFO - [2026-04-21T01:29:21.731+0000] {dag.py:3036} INFO - Sync 1 DAGs
[2026-04-21T01:29:21.756+0000] {logging_mixin.py:188} INFO - [2026-04-21T01:29:21.756+0000] {dag.py:3823} INFO - Setting next_dagrun for example_xcom to 2021-01-01 00:00:00+00:00, run_after=2021-01-01 00:00:00+00:00
[2026-04-21T01:29:21.999+0000] {processor.py:183} INFO - Processing /home/airflow/.local/lib/python3.8/site-packages/airflow/example_dags/example_xcom.py took 0.316 seconds
[2026-04-21T01:29:52.886+0000] {processor.py:161} INFO - Started process (PID=3711715) to work on /home/airflow/.local/lib/python3.8/site-packages/airflow/example_dags/example_xcom.py
[2026-04-21T01:29:52.888+0000] {processor.py:830} INFO - Processing file /home/airflow/.local/lib/python3.8/site-packages/airflow/example_dags/example_xcom.py for tasks to queue
[2026-04-21T01:29:52.891+0000] {logging_mixin.py:188} INFO - [2026-04-21T01:29:52.891+0000] {dagbag.py:538} INFO - Filling up the DagBag from /home/airflow/.local/lib/python3.8/site-packages/airflow/example_dags/example_xcom.py
[2026-04-21T01:29:52.901+0000] {processor.py:840} INFO - DAG(s) 'example_xcom' retrieved from /home/airflow/.local/lib/python3.8/site-packages/airflow/example_dags/example_xcom.py
[2026-04-21T01:29:52.927+0000] {logging_mixin.py:188} INFO - [2026-04-21T01:29:52.926+0000] {dag.py:3036} INFO - Sync 1 DAGs
[2026-04-21T01:29:52.955+0000] {logging_mixin.py:188} INFO - [2026-04-21T01:29:52.955+0000] {dag.py:3823} INFO - Setting next_dagrun for example_xcom to 2021-01-01 00:00:00+00:00, run_after=2021-01-01 00:00:00+00:00
[2026-04-21T01:29:52.986+0000] {processor.py:183} INFO - Processing /home/airflow/.local/lib/python3.8/site-packages/airflow/example_dags/example_xcom.py took 0.105 seconds
[2026-04-21T01:30:23.015+0000] {processor.py:161} INFO - Started process (PID=3711772) to work on /home/airflow/.local/lib/python3.8/site-packages/airflow/example_dags/example_xcom.py
[2026-04-21T01:30:23.016+0000] {processor.py:830} INFO - Processing file /home/airflow/.local/lib/python3.8/site-packages/airflow/example_dags/example_xcom.py for tasks to queue
[2026-04-21T01:30:23.019+0000] {logging_mixin.py:188} INFO - [2026-04-21T01:30:23.018+0000] {dagbag.py:538} INFO - Filling up the DagBag from /home/airflow/.local/lib/python3.8/site-packages/airflow/example_dags/example_xcom.py
[2026-04-21T01:30:23.029+0000] {processor.py:840} INFO - DAG(s) 'example_xcom' retrieved from /home/airflow/.local/lib/python3.8/site-packages/airflow/example_dags/example_xcom.py
[2026-04-21T01:30:23.054+0000] {logging_mixin.py:188} INFO - [2026-04-21T01:30:23.053+0000] {dag.py:3036} INFO - Sync 1 DAGs
[2026-04-21T01:30:23.079+0000] {logging_mixin.py:188} INFO - [2026-04-21T01:30:23.079+0000] {dag.py:3823} INFO - Setting next_dagrun for example_xcom to 2021-01-01 00:00:00+00:00, run_after=2021-01-01 00:00:00+00:00
[2026-04-21T01:30:23.098+0000] {processor.py:183} INFO - Processing /home/airflow/.local/lib/python3.8/site-packages/airflow/example_dags/example_xcom.py took 0.088 seconds
[2026-04-21T01:30:53.944+0000] {processor.py:161} INFO - Started process (PID=3711829) to work on /home/airflow/.local/lib/python3.8/site-packages/airflow/example_dags/example_xcom.py
[2026-04-21T01:30:53.946+0000] {processor.py:830} INFO - Processing file /home/airflow/.local/lib/python3.8/site-packages/airflow/example_dags/example_xcom.py for tasks to queue
[2026-04-21T01:30:53.948+0000] {logging_mixin.py:188} INFO - [2026-04-21T01:30:53.948+0000] {dagbag.py:538} INFO - Filling up the DagBag from /home/airflow/.local/lib/python3.8/site-packages/airflow/example_dags/example_xcom.py
[2026-04-21T01:30:53.958+0000] {processor.py:840} INFO - DAG(s) 'example_xcom' retrieved from /home/airflow/.local/lib/python3.8/site-packages/airflow/example_dags/example_xcom.py
[2026-04-21T01:30:53.983+0000] {logging_mixin.py:188} INFO - [2026-04-21T01:30:53.983+0000] {dag.py:3036} INFO - Sync 1 DAGs
[2026-04-21T01:30:54.008+0000] {logging_mixin.py:188} INFO - [2026-04-21T01:30:54.007+0000] {dag.py:3823} INFO - Setting next_dagrun for example_xcom to 2021-01-01 00:00:00+00:00, run_after=2021-01-01 00:00:00+00:00
[2026-04-21T01:30:54.036+0000] {processor.py:183} INFO - Processing /home/airflow/.local/lib/python3.8/site-packages/airflow/example_dags/example_xcom.py took 0.097 seconds
[2026-04-21T01:31:24.187+0000] {processor.py:161} INFO - Started process (PID=3711886) to work on /home/airflow/.local/lib/python3.8/site-packages/airflow/example_dags/example_xcom.py
[2026-04-21T01:31:24.189+0000] {processor.py:830} INFO - Processing file /home/airflow/.local/lib/python3.8/site-packages/airflow/example_dags/example_xcom.py for tasks to queue
[2026-04-21T01:31:24.191+0000] {logging_mixin.py:188} INFO - [2026-04-21T01:31:24.191+0000] {dagbag.py:538} INFO - Filling up the DagBag from /home/airflow/.local/lib/python3.8/site-packages/airflow/example_dags/example_xcom.py
[2026-04-21T01:31:24.201+0000] {processor.py:840} INFO - DAG(s) 'example_xcom' retrieved from /home/airflow/.local/lib/python3.8/site-packages/airflow/example_dags/example_xcom.py
[2026-04-21T01:31:24.227+0000] {logging_mixin.py:188} INFO - [2026-04-21T01:31:24.227+0000] {dag.py:3036} INFO - Sync 1 DAGs
[2026-04-21T01:31:24.252+0000] {logging_mixin.py:188} INFO - [2026-04-21T01:31:24.252+0000] {dag.py:3823} INFO - Setting next_dagrun for example_xcom to 2021-01-01 00:00:00+00:00, run_after=2021-01-01 00:00:00+00:00
[2026-04-21T01:31:24.272+0000] {processor.py:183} INFO - Processing /home/airflow/.local/lib/python3.8/site-packages/airflow/example_dags/example_xcom.py took 0.090 seconds
[2026-04-21T01:31:54.591+0000] {processor.py:161} INFO - Started process (PID=3711943) to work on /home/airflow/.local/lib/python3.8/site-packages/airflow/example_dags/example_xcom.py
[2026-04-21T01:31:54.593+0000] {processor.py:830} INFO - Processing file /home/airflow/.local/lib/python3.8/site-packages/airflow/example_dags/example_xcom.py for tasks to queue
[2026-04-21T01:31:54.595+0000] {logging_mixin.py:188} INFO - [2026-04-21T01:31:54.595+0000] {dagbag.py:538} INFO - Filling up the DagBag from /home/airflow/.local/lib/python3.8/site-packages/airflow/example_dags/example_xcom.py
[2026-04-21T01:31:54.605+0000] {processor.py:840} INFO - DAG(s) 'example_xcom' retrieved from /home/airflow/.local/lib/python3.8/site-packages/airflow/example_dags/example_xcom.py
[2026-04-21T01:31:54.630+0000] {logging_mixin.py:188} INFO - [2026-04-21T01:31:54.630+0000] {dag.py:3036} INFO - Sync 1 DAGs
[2026-04-21T01:31:54.654+0000] {logging_mixin.py:188} INFO - [2026-04-21T01:31:54.654+0000] {dag.py:3823} INFO - Setting next_dagrun for example_xcom to 2021-01-01 00:00:00+00:00, run_after=2021-01-01 00:00:00+00:00
[2026-04-21T01:31:54.672+0000] {processor.py:183} INFO - Processing /home/airflow/.local/lib/python3.8/site-packages/airflow/example_dags/example_xcom.py took 0.086 seconds
[2026-04-21T01:32:24.982+0000] {processor.py:161} INFO - Started process (PID=3712000) to work on /home/airflow/.local/lib/python3.8/site-packages/airflow/example_dags/example_xcom.py
[2026-04-21T01:32:24.984+0000] {processor.py:830} INFO - Processing file /home/airflow/.local/lib/python3.8/site-packages/airflow/example_dags/example_xcom.py for tasks to queue
[2026-04-21T01:32:24.986+0000] {logging_mixin.py:188} INFO - [2026-04-21T01:32:24.985+0000] {dagbag.py:538} INFO - Filling up the DagBag from /home/airflow/.local/lib/python3.8/site-packages/airflow/example_dags/example_xcom.py
[2026-04-21T01:32:24.996+0000] {processor.py:840} INFO - DAG(s) 'example_xcom' retrieved from /home/airflow/.local/lib/python3.8/site-packages/airflow/example_dags/example_xcom.py
[2026-04-21T01:32:25.021+0000] {logging_mixin.py:188} INFO - [2026-04-21T01:32:25.021+0000] {dag.py:3036} INFO - Sync 1 DAGs
[2026-04-21T01:32:25.045+0000] {logging_mixin.py:188} INFO - [2026-04-21T01:32:25.044+0000] {dag.py:3823} INFO - Setting next_dagrun for example_xcom to 2021-01-01 00:00:00+00:00, run_after=2021-01-01 00:00:00+00:00
[2026-04-21T01:32:25.063+0000] {processor.py:183} INFO - Processing /home/airflow/.local/lib/python3.8/site-packages/airflow/example_dags/example_xcom.py took 0.086 seconds
[2026-04-21T01:32:55.229+0000] {processor.py:161} INFO - Started process (PID=3712057) to work on /home/airflow/.local/lib/python3.8/site-packages/airflow/example_dags/example_xcom.py
[2026-04-21T01:32:55.231+0000] {processor.py:830} INFO - Processing file /home/airflow/.local/lib/python3.8/site-packages/airflow/example_dags/example_xcom.py for tasks to queue
[2026-04-21T01:32:55.234+0000] {logging_mixin.py:188} INFO - [2026-04-21T01:32:55.234+0000] {dagbag.py:538} INFO - Filling up the DagBag from /home/airflow/.local/lib/python3.8/site-packages/airflow/example_dags/example_xcom.py
[2026-04-21T01:32:55.245+0000] {processor.py:840} INFO - DAG(s) 'example_xcom' retrieved from /home/airflow/.local/lib/python3.8/site-packages/airflow/example_dags/example_xcom.py
[2026-04-21T01:32:55.271+0000] {logging_mixin.py:188} INFO - [2026-04-21T01:32:55.271+0000] {dag.py:3036} INFO - Sync 1 DAGs
[2026-04-21T01:32:55.294+0000] {logging_mixin.py:188} INFO - [2026-04-21T01:32:55.294+0000] {dag.py:3823} INFO - Setting next_dagrun for example_xcom to 2021-01-01 00:00:00+00:00, run_after=2021-01-01 00:00:00+00:00
[2026-04-21T01:32:55.314+0000] {processor.py:183} INFO - Processing /home/airflow/.local/lib/python3.8/site-packages/airflow/example_dags/example_xcom.py took 0.090 seconds
[2026-04-21T01:33:25.377+0000] {processor.py:161} INFO - Started process (PID=3712114) to work on /home/airflow/.local/lib/python3.8/site-packages/airflow/example_dags/example_xcom.py
[2026-04-21T01:33:25.379+0000] {processor.py:830} INFO - Processing file /home/airflow/.local/lib/python3.8/site-packages/airflow/example_dags/example_xcom.py for tasks to queue
[2026-04-21T01:33:25.382+0000] {logging_mixin.py:188} INFO - [2026-04-21T01:33:25.381+0000] {dagbag.py:538} INFO - Filling up the DagBag from /home/airflow/.local/lib/python3.8/site-packages/airflow/example_dags/example_xcom.py
[2026-04-21T01:33:25.391+0000] {processor.py:840} INFO - DAG(s) 'example_xcom' retrieved from /home/airflow/.local/lib/python3.8/site-packages/airflow/example_dags/example_xcom.py
[2026-04-21T01:33:25.417+0000] {logging_mixin.py:188} INFO - [2026-04-21T01:33:25.417+0000] {dag.py:3036} INFO - Sync 1 DAGs
[2026-04-21T01:33:25.440+0000] {logging_mixin.py:188} INFO - [2026-04-21T01:33:25.440+0000] {dag.py:3823} INFO - Setting next_dagrun for example_xcom to 2021-01-01 00:00:00+00:00, run_after=2021-01-01 00:00:00+00:00
[2026-04-21T01:33:25.459+0000] {processor.py:183} INFO - Processing /home/airflow/.local/lib/python3.8/site-packages/airflow/example_dags/example_xcom.py took 0.086 seconds
[2026-04-21T01:33:55.650+0000] {processor.py:161} INFO - Started process (PID=3712171) to work on /home/airflow/.local/lib/python3.8/site-packages/airflow/example_dags/example_xcom.py
[2026-04-21T01:33:55.652+0000] {processor.py:830} INFO - Processing file /home/airflow/.local/lib/python3.8/site-packages/airflow/example_dags/example_xcom.py for tasks to queue
[2026-04-21T01:33:55.655+0000] {logging_mixin.py:188} INFO - [2026-04-21T01:33:55.655+0000] {dagbag.py:538} INFO - Filling up the DagBag from /home/airflow/.local/lib/python3.8/site-packages/airflow/example_dags/example_xcom.py
[2026-04-21T01:33:55.667+0000] {processor.py:840} INFO - DAG(s) 'example_xcom' retrieved from /home/airflow/.local/lib/python3.8/site-packages/airflow/example_dags/example_xcom.py
[2026-04-21T01:33:55.694+0000] {logging_mixin.py:188} INFO - [2026-04-21T01:33:55.694+0000] {dag.py:3036} INFO - Sync 1 DAGs
[2026-04-21T01:33:55.719+0000] {logging_mixin.py:188} INFO - [2026-04-21T01:33:55.719+0000] {dag.py:3823} INFO - Setting next_dagrun for example_xcom to 2021-01-01 00:00:00+00:00, run_after=2021-01-01 00:00:00+00:00
[2026-04-21T01:33:55.739+0000] {processor.py:183} INFO - Processing /home/airflow/.local/lib/python3.8/site-packages/airflow/example_dags/example_xcom.py took 0.096 seconds
[2026-04-21T01:34:25.835+0000] {processor.py:161} INFO - Started process (PID=3712228) to work on /home/airflow/.local/lib/python3.8/site-packages/airflow/example_dags/example_xcom.py
[2026-04-21T01:34:25.837+0000] {processor.py:830} INFO - Processing file /home/airflow/.local/lib/python3.8/site-packages/airflow/example_dags/example_xcom.py for tasks to queue
[2026-04-21T01:34:25.839+0000] {logging_mixin.py:188} INFO - [2026-04-21T01:34:25.839+0000] {dagbag.py:538} INFO - Filling up the DagBag from /home/airflow/.local/lib/python3.8/site-packages/airflow/example_dags/example_xcom.py
[2026-04-21T01:34:25.849+0000] {processor.py:840} INFO - DAG(s) 'example_xcom' retrieved from /home/airflow/.local/lib/python3.8/site-packages/airflow/example_dags/example_xcom.py
[2026-04-21T01:34:25.877+0000] {logging_mixin.py:188} INFO - [2026-04-21T01:34:25.877+0000] {dag.py:3036} INFO - Sync 1 DAGs
[2026-04-21T01:34:25.904+0000] {logging_mixin.py:188} INFO - [2026-04-21T01:34:25.904+0000] {dag.py:3823} INFO - Setting next_dagrun for example_xcom to 2021-01-01 00:00:00+00:00, run_after=2021-01-01 00:00:00+00:00
[2026-04-21T01:34:25.924+0000] {processor.py:183} INFO - Processing /home/airflow/.local/lib/python3.8/site-packages/airflow/example_dags/example_xcom.py took 0.094 seconds
[2026-04-21T01:34:56.050+0000] {processor.py:161} INFO - Started process (PID=3712285) to work on /home/airflow/.local/lib/python3.8/site-packages/airflow/example_dags/example_xcom.py
[2026-04-21T01:34:56.052+0000] {processor.py:830} INFO - Processing file /home/airflow/.local/lib/python3.8/site-packages/airflow/example_dags/example_xcom.py for tasks to queue
[2026-04-21T01:34:56.055+0000] {logging_mixin.py:188} INFO - [2026-04-21T01:34:56.054+0000] {dagbag.py:538} INFO - Filling up the DagBag from /home/airflow/.local/lib/python3.8/site-packages/airflow/example_dags/example_xcom.py
[2026-04-21T01:34:56.065+0000] {processor.py:840} INFO - DAG(s) 'example_xcom' retrieved from /home/airflow/.local/lib/python3.8/site-packages/airflow/example_dags/example_xcom.py
[2026-04-21T01:34:56.092+0000] {logging_mixin.py:188} INFO - [2026-04-21T01:34:56.092+0000] {dag.py:3036} INFO - Sync 1 DAGs
[2026-04-21T01:34:56.117+0000] {logging_mixin.py:188} INFO - [2026-04-21T01:34:56.117+0000] {dag.py:3823} INFO - Setting next_dagrun for example_xcom to 2021-01-01 00:00:00+00:00, run_after=2021-01-01 00:00:00+00:00
[2026-04-21T01:34:56.137+0000] {processor.py:183} INFO - Processing /home/airflow/.local/lib/python3.8/site-packages/airflow/example_dags/example_xcom.py took 0.092 seconds
[2026-04-21T01:35:26.224+0000] {processor.py:161} INFO - Started process (PID=3712342) to work on /home/airflow/.local/lib/python3.8/site-packages/airflow/example_dags/example_xcom.py
[2026-04-21T01:35:26.226+0000] {processor.py:830} INFO - Processing file /home/airflow/.local/lib/python3.8/site-packages/airflow/example_dags/example_xcom.py for tasks to queue
[2026-04-21T01:35:26.229+0000] {logging_mixin.py:188} INFO - [2026-04-21T01:35:26.228+0000] {dagbag.py:538} INFO - Filling up the DagBag from /home/airflow/.local/lib/python3.8/site-packages/airflow/example_dags/example_xcom.py
[2026-04-21T01:35:26.239+0000] {processor.py:840} INFO - DAG(s) 'example_xcom' retrieved from /home/airflow/.local/lib/python3.8/site-packages/airflow/example_dags/example_xcom.py
[2026-04-21T01:35:26.265+0000] {logging_mixin.py:188} INFO - [2026-04-21T01:35:26.265+0000] {dag.py:3036} INFO - Sync 1 DAGs
[2026-04-21T01:35:26.288+0000] {logging_mixin.py:188} INFO - [2026-04-21T01:35:26.288+0000] {dag.py:3823} INFO - Setting next_dagrun for example_xcom to 2021-01-01 00:00:00+00:00, run_after=2021-01-01 00:00:00+00:00
[2026-04-21T01:35:26.308+0000] {processor.py:183} INFO - Processing /home/airflow/.local/lib/python3.8/site-packages/airflow/example_dags/example_xcom.py took 0.089 seconds
[2026-04-21T01:35:56.521+0000] {processor.py:161} INFO - Started process (PID=3712399) to work on /home/airflow/.local/lib/python3.8/site-packages/airflow/example_dags/example_xcom.py
[2026-04-21T01:35:56.523+0000] {processor.py:830} INFO - Processing file /home/airflow/.local/lib/python3.8/site-packages/airflow/example_dags/example_xcom.py for tasks to queue
[2026-04-21T01:35:56.525+0000] {logging_mixin.py:188} INFO - [2026-04-21T01:35:56.525+0000] {dagbag.py:538} INFO - Filling up the DagBag from /home/airflow/.local/lib/python3.8/site-packages/airflow/example_dags/example_xcom.py
[2026-04-21T01:35:56.535+0000] {processor.py:840} INFO - DAG(s) 'example_xcom' retrieved from /home/airflow/.local/lib/python3.8/site-packages/airflow/example_dags/example_xcom.py
[2026-04-21T01:35:56.561+0000] {logging_mixin.py:188} INFO - [2026-04-21T01:35:56.561+0000] {dag.py:3036} INFO - Sync 1 DAGs
[2026-04-21T01:35:56.584+0000] {logging_mixin.py:188} INFO - [2026-04-21T01:35:56.584+0000] {dag.py:3823} INFO - Setting next_dagrun for example_xcom to 2021-01-01 00:00:00+00:00, run_after=2021-01-01 00:00:00+00:00
[2026-04-21T01:35:56.603+0000] {processor.py:183} INFO - Processing /home/airflow/.local/lib/python3.8/site-packages/airflow/example_dags/example_xcom.py took 0.087 seconds
[2026-04-21T01:36:26.892+0000] {processor.py:161} INFO - Started process (PID=3712456) to work on /home/airflow/.local/lib/python3.8/site-packages/airflow/example_dags/example_xcom.py
[2026-04-21T01:36:26.894+0000] {processor.py:830} INFO - Processing file /home/airflow/.local/lib/python3.8/site-packages/airflow/example_dags/example_xcom.py for tasks to queue
[2026-04-21T01:36:26.896+0000] {logging_mixin.py:188} INFO - [2026-04-21T01:36:26.896+0000] {dagbag.py:538} INFO - Filling up the DagBag from /home/airflow/.local/lib/python3.8/site-packages/airflow/example_dags/example_xcom.py
[2026-04-21T01:36:26.906+0000] {processor.py:840} INFO - DAG(s) 'example_xcom' retrieved from /home/airflow/.local/lib/python3.8/site-packages/airflow/example_dags/example_xcom.py
[2026-04-21T01:36:26.932+0000] {logging_mixin.py:188} INFO - [2026-04-21T01:36:26.931+0000] {dag.py:3036} INFO - Sync 1 DAGs
[2026-04-21T01:36:26.956+0000] {logging_mixin.py:188} INFO - [2026-04-21T01:36:26.955+0000] {dag.py:3823} INFO - Setting next_dagrun for example_xcom to 2021-01-01 00:00:00+00:00, run_after=2021-01-01 00:00:00+00:00
[2026-04-21T01:36:26.974+0000] {processor.py:183} INFO - Processing /home/airflow/.local/lib/python3.8/site-packages/airflow/example_dags/example_xcom.py took 0.087 seconds
[2026-04-21T01:36:57.030+0000] {processor.py:161} INFO - Started process (PID=3712513) to work on /home/airflow/.local/lib/python3.8/site-packages/airflow/example_dags/example_xcom.py
[2026-04-21T01:36:57.032+0000] {processor.py:830} INFO - Processing file /home/airflow/.local/lib/python3.8/site-packages/airflow/example_dags/example_xcom.py for tasks to queue
[2026-04-21T01:36:57.034+0000] {logging_mixin.py:188} INFO - [2026-04-21T01:36:57.034+0000] {dagbag.py:538} INFO - Filling up the DagBag from /home/airflow/.local/lib/python3.8/site-packages/airflow/example_dags/example_xcom.py
[2026-04-21T01:36:57.044+0000] {processor.py:840} INFO - DAG(s) 'example_xcom' retrieved from /home/airflow/.local/lib/python3.8/site-packages/airflow/example_dags/example_xcom.py
[2026-04-21T01:36:57.071+0000] {logging_mixin.py:188} INFO - [2026-04-21T01:36:57.071+0000] {dag.py:3036} INFO - Sync 1 DAGs
[2026-04-21T01:36:57.095+0000] {logging_mixin.py:188} INFO - [2026-04-21T01:36:57.095+0000] {dag.py:3823} INFO - Setting next_dagrun for example_xcom to 2021-01-01 00:00:00+00:00, run_after=2021-01-01 00:00:00+00:00
[2026-04-21T01:36:57.114+0000] {processor.py:183} INFO - Processing /home/airflow/.local/lib/python3.8/site-packages/airflow/example_dags/example_xcom.py took 0.088 seconds
[2026-04-21T01:37:27.414+0000] {processor.py:161} INFO - Started process (PID=3712570) to work on /home/airflow/.local/lib/python3.8/site-packages/airflow/example_dags/example_xcom.py
[2026-04-21T01:37:27.416+0000] {processor.py:830} INFO - Processing file /home/airflow/.local/lib/python3.8/site-packages/airflow/example_dags/example_xcom.py for tasks to queue
[2026-04-21T01:37:27.418+0000] {logging_mixin.py:188} INFO - [2026-04-21T01:37:27.418+0000] {dagbag.py:538} INFO - Filling up the DagBag from /home/airflow/.local/lib/python3.8/site-packages/airflow/example_dags/example_xcom.py
[2026-04-21T01:37:27.428+0000] {processor.py:840} INFO - DAG(s) 'example_xcom' retrieved from /home/airflow/.local/lib/python3.8/site-packages/airflow/example_dags/example_xcom.py
[2026-04-21T01:37:27.455+0000] {logging_mixin.py:188} INFO - [2026-04-21T01:37:27.454+0000] {dag.py:3036} INFO - Sync 1 DAGs
[2026-04-21T01:37:27.481+0000] {logging_mixin.py:188} INFO - [2026-04-21T01:37:27.481+0000] {dag.py:3823} INFO - Setting next_dagrun for example_xcom to 2021-01-01 00:00:00+00:00, run_after=2021-01-01 00:00:00+00:00
[2026-04-21T01:37:27.501+0000] {processor.py:183} INFO - Processing /home/airflow/.local/lib/python3.8/site-packages/airflow/example_dags/example_xcom.py took 0.092 seconds
[2026-04-21T01:37:57.882+0000] {processor.py:161} INFO - Started process (PID=3712627) to work on /home/airflow/.local/lib/python3.8/site-packages/airflow/example_dags/example_xcom.py
[2026-04-21T01:37:57.884+0000] {processor.py:830} INFO - Processing file /home/airflow/.local/lib/python3.8/site-packages/airflow/example_dags/example_xcom.py for tasks to queue
[2026-04-21T01:37:57.886+0000] {logging_mixin.py:188} INFO - [2026-04-21T01:37:57.886+0000] {dagbag.py:538} INFO - Filling up the DagBag from /home/airflow/.local/lib/python3.8/site-packages/airflow/example_dags/example_xcom.py
[2026-04-21T01:37:57.898+0000] {processor.py:840} INFO - DAG(s) 'example_xcom' retrieved from /home/airflow/.local/lib/python3.8/site-packages/airflow/example_dags/example_xcom.py
[2026-04-21T01:37:57.931+0000] {logging_mixin.py:188} INFO - [2026-04-21T01:37:57.931+0000] {dag.py:3036} INFO - Sync 1 DAGs
[2026-04-21T01:37:57.959+0000] {logging_mixin.py:188} INFO - [2026-04-21T01:37:57.958+0000] {dag.py:3823} INFO - Setting next_dagrun for example_xcom to 2021-01-01 00:00:00+00:00, run_after=2021-01-01 00:00:00+00:00
[2026-04-21T01:37:57.977+0000] {processor.py:183} INFO - Processing /home/airflow/.local/lib/python3.8/site-packages/airflow/example_dags/example_xcom.py took 0.100 seconds
[2026-04-21T01:38:28.328+0000] {processor.py:161} INFO - Started process (PID=3712684) to work on /home/airflow/.local/lib/python3.8/site-packages/airflow/example_dags/example_xcom.py
[2026-04-21T01:38:28.330+0000] {processor.py:830} INFO - Processing file /home/airflow/.local/lib/python3.8/site-packages/airflow/example_dags/example_xcom.py for tasks to queue
[2026-04-21T01:38:28.332+0000] {logging_mixin.py:188} INFO - [2026-04-21T01:38:28.332+0000] {dagbag.py:538} INFO - Filling up the DagBag from /home/airflow/.local/lib/python3.8/site-packages/airflow/example_dags/example_xcom.py
[2026-04-21T01:38:28.343+0000] {processor.py:840} INFO - DAG(s) 'example_xcom' retrieved from /home/airflow/.local/lib/python3.8/site-packages/airflow/example_dags/example_xcom.py
[2026-04-21T01:38:28.369+0000] {logging_mixin.py:188} INFO - [2026-04-21T01:38:28.369+0000] {dag.py:3036} INFO - Sync 1 DAGs
[2026-04-21T01:38:28.393+0000] {logging_mixin.py:188} INFO - [2026-04-21T01:38:28.393+0000] {dag.py:3823} INFO - Setting next_dagrun for example_xcom to 2021-01-01 00:00:00+00:00, run_after=2021-01-01 00:00:00+00:00
[2026-04-21T01:38:28.412+0000] {processor.py:183} INFO - Processing /home/airflow/.local/lib/python3.8/site-packages/airflow/example_dags/example_xcom.py took 0.090 seconds
[2026-04-21T01:38:58.871+0000] {processor.py:161} INFO - Started process (PID=3712741) to work on /home/airflow/.local/lib/python3.8/site-packages/airflow/example_dags/example_xcom.py
[2026-04-21T01:38:58.873+0000] {processor.py:830} INFO - Processing file /home/airflow/.local/lib/python3.8/site-packages/airflow/example_dags/example_xcom.py for tasks to queue
[2026-04-21T01:38:58.875+0000] {logging_mixin.py:188} INFO - [2026-04-21T01:38:58.875+0000] {dagbag.py:538} INFO - Filling up the DagBag from /home/airflow/.local/lib/python3.8/site-packages/airflow/example_dags/example_xcom.py
[2026-04-21T01:38:58.885+0000] {processor.py:840} INFO - DAG(s) 'example_xcom' retrieved from /home/airflow/.local/lib/python3.8/site-packages/airflow/example_dags/example_xcom.py
[2026-04-21T01:38:58.913+0000] {logging_mixin.py:188} INFO - [2026-04-21T01:38:58.913+0000] {dag.py:3036} INFO - Sync 1 DAGs
[2026-04-21T01:38:58.938+0000] {logging_mixin.py:188} INFO - [2026-04-21T01:38:58.938+0000] {dag.py:3823} INFO - Setting next_dagrun for example_xcom to 2021-01-01 00:00:00+00:00, run_after=2021-01-01 00:00:00+00:00
[2026-04-21T01:38:58.958+0000] {processor.py:183} INFO - Processing /home/airflow/.local/lib/python3.8/site-packages/airflow/example_dags/example_xcom.py took 0.091 seconds
[2026-04-21T01:39:29.365+0000] {processor.py:161} INFO - Started process (PID=3712798) to work on /home/airflow/.local/lib/python3.8/site-packages/airflow/example_dags/example_xcom.py
[2026-04-21T01:39:29.367+0000] {processor.py:830} INFO - Processing file /home/airflow/.local/lib/python3.8/site-packages/airflow/example_dags/example_xcom.py for tasks to queue
[2026-04-21T01:39:29.369+0000] {logging_mixin.py:188} INFO - [2026-04-21T01:39:29.368+0000] {dagbag.py:538} INFO - Filling up the DagBag from /home/airflow/.local/lib/python3.8/site-packages/airflow/example_dags/example_xcom.py
[2026-04-21T01:39:29.379+0000] {processor.py:840} INFO - DAG(s) 'example_xcom' retrieved from /home/airflow/.local/lib/python3.8/site-packages/airflow/example_dags/example_xcom.py
[2026-04-21T01:39:29.404+0000] {logging_mixin.py:188} INFO - [2026-04-21T01:39:29.404+0000] {dag.py:3036} INFO - Sync 1 DAGs
[2026-04-21T01:39:29.430+0000] {logging_mixin.py:188} INFO - [2026-04-21T01:39:29.429+0000] {dag.py:3823} INFO - Setting next_dagrun for example_xcom to 2021-01-01 00:00:00+00:00, run_after=2021-01-01 00:00:00+00:00
[2026-04-21T01:39:29.449+0000] {processor.py:183} INFO - Processing /home/airflow/.local/lib/python3.8/site-packages/airflow/example_dags/example_xcom.py took 0.089 seconds
[2026-04-21T01:39:59.962+0000] {processor.py:161} INFO - Started process (PID=3712855) to work on /home/airflow/.local/lib/python3.8/site-packages/airflow/example_dags/example_xcom.py
[2026-04-21T01:39:59.964+0000] {processor.py:830} INFO - Processing file /home/airflow/.local/lib/python3.8/site-packages/airflow/example_dags/example_xcom.py for tasks to queue
[2026-04-21T01:39:59.966+0000] {logging_mixin.py:188} INFO - [2026-04-21T01:39:59.966+0000] {dagbag.py:538} INFO - Filling up the DagBag from /home/airflow/.local/lib/python3.8/site-packages/airflow/example_dags/example_xcom.py
[2026-04-21T01:39:59.976+0000] {processor.py:840} INFO - DAG(s) 'example_xcom' retrieved from /home/airflow/.local/lib/python3.8/site-packages/airflow/example_dags/example_xcom.py
[2026-04-21T01:40:00.002+0000] {logging_mixin.py:188} INFO - [2026-04-21T01:40:00.002+0000] {dag.py:3036} INFO - Sync 1 DAGs
[2026-04-21T01:40:00.025+0000] {logging_mixin.py:188} INFO - [2026-04-21T01:40:00.025+0000] {dag.py:3823} INFO - Setting next_dagrun for example_xcom to 2021-01-01 00:00:00+00:00, run_after=2021-01-01 00:00:00+00:00
[2026-04-21T01:40:00.043+0000] {processor.py:183} INFO - Processing /home/airflow/.local/lib/python3.8/site-packages/airflow/example_dags/example_xcom.py took 0.086 seconds
[2026-04-21T01:40:30.172+0000] {processor.py:161} INFO - Started process (PID=3712912) to work on /home/airflow/.local/lib/python3.8/site-packages/airflow/example_dags/example_xcom.py
[2026-04-21T01:40:30.174+0000] {processor.py:830} INFO - Processing file /home/airflow/.local/lib/python3.8/site-packages/airflow/example_dags/example_xcom.py for tasks to queue
[2026-04-21T01:40:30.176+0000] {logging_mixin.py:188} INFO - [2026-04-21T01:40:30.176+0000] {dagbag.py:538} INFO - Filling up the DagBag from /home/airflow/.local/lib/python3.8/site-packages/airflow/example_dags/example_xcom.py
[2026-04-21T01:40:30.186+0000] {processor.py:840} INFO - DAG(s) 'example_xcom' retrieved from /home/airflow/.local/lib/python3.8/site-packages/airflow/example_dags/example_xcom.py
[2026-04-21T01:40:30.212+0000] {logging_mixin.py:188} INFO - [2026-04-21T01:40:30.212+0000] {dag.py:3036} INFO - Sync 1 DAGs
[2026-04-21T01:40:30.235+0000] {logging_mixin.py:188} INFO - [2026-04-21T01:40:30.235+0000] {dag.py:3823} INFO - Setting next_dagrun for example_xcom to 2021-01-01 00:00:00+00:00, run_after=2021-01-01 00:00:00+00:00
[2026-04-21T01:40:30.254+0000] {processor.py:183} INFO - Processing /home/airflow/.local/lib/python3.8/site-packages/airflow/example_dags/example_xcom.py took 0.086 seconds
[2026-04-21T01:41:00.358+0000] {processor.py:161} INFO - Started process (PID=3712968) to work on /home/airflow/.local/lib/python3.8/site-packages/airflow/example_dags/example_xcom.py
[2026-04-21T01:41:00.360+0000] {processor.py:830} INFO - Processing file /home/airflow/.local/lib/python3.8/site-packages/airflow/example_dags/example_xcom.py for tasks to queue
[2026-04-21T01:41:00.362+0000] {logging_mixin.py:188} INFO - [2026-04-21T01:41:00.362+0000] {dagbag.py:538} INFO - Filling up the DagBag from /home/airflow/.local/lib/python3.8/site-packages/airflow/example_dags/example_xcom.py
[2026-04-21T01:41:00.372+0000] {processor.py:840} INFO - DAG(s) 'example_xcom' retrieved from /home/airflow/.local/lib/python3.8/site-packages/airflow/example_dags/example_xcom.py
[2026-04-21T01:41:00.399+0000] {logging_mixin.py:188} INFO - [2026-04-21T01:41:00.399+0000] {dag.py:3036} INFO - Sync 1 DAGs
[2026-04-21T01:41:00.423+0000] {logging_mixin.py:188} INFO - [2026-04-21T01:41:00.422+0000] {dag.py:3823} INFO - Setting next_dagrun for example_xcom to 2021-01-01 00:00:00+00:00, run_after=2021-01-01 00:00:00+00:00
[2026-04-21T01:41:00.442+0000] {processor.py:183} INFO - Processing /home/airflow/.local/lib/python3.8/site-packages/airflow/example_dags/example_xcom.py took 0.089 seconds
[2026-04-21T01:41:30.831+0000] {processor.py:161} INFO - Started process (PID=3713026) to work on /home/airflow/.local/lib/python3.8/site-packages/airflow/example_dags/example_xcom.py
[2026-04-21T01:41:30.833+0000] {processor.py:830} INFO - Processing file /home/airflow/.local/lib/python3.8/site-packages/airflow/example_dags/example_xcom.py for tasks to queue
[2026-04-21T01:41:30.835+0000] {logging_mixin.py:188} INFO - [2026-04-21T01:41:30.835+0000] {dagbag.py:538} INFO - Filling up the DagBag from /home/airflow/.local/lib/python3.8/site-packages/airflow/example_dags/example_xcom.py
[2026-04-21T01:41:30.845+0000] {processor.py:840} INFO - DAG(s) 'example_xcom' retrieved from /home/airflow/.local/lib/python3.8/site-packages/airflow/example_dags/example_xcom.py
[2026-04-21T01:41:30.872+0000] {logging_mixin.py:188} INFO - [2026-04-21T01:41:30.871+0000] {dag.py:3036} INFO - Sync 1 DAGs
[2026-04-21T01:41:30.895+0000] {logging_mixin.py:188} INFO - [2026-04-21T01:41:30.894+0000] {dag.py:3823} INFO - Setting next_dagrun for example_xcom to 2021-01-01 00:00:00+00:00, run_after=2021-01-01 00:00:00+00:00
[2026-04-21T01:41:30.914+0000] {processor.py:183} INFO - Processing /home/airflow/.local/lib/python3.8/site-packages/airflow/example_dags/example_xcom.py took 0.087 seconds
[2026-04-21T01:42:00.964+0000] {processor.py:161} INFO - Started process (PID=3713082) to work on /home/airflow/.local/lib/python3.8/site-packages/airflow/example_dags/example_xcom.py
[2026-04-21T01:42:00.966+0000] {processor.py:830} INFO - Processing file /home/airflow/.local/lib/python3.8/site-packages/airflow/example_dags/example_xcom.py for tasks to queue
[2026-04-21T01:42:00.968+0000] {logging_mixin.py:188} INFO - [2026-04-21T01:42:00.968+0000] {dagbag.py:538} INFO - Filling up the DagBag from /home/airflow/.local/lib/python3.8/site-packages/airflow/example_dags/example_xcom.py
[2026-04-21T01:42:00.978+0000] {processor.py:840} INFO - DAG(s) 'example_xcom' retrieved from /home/airflow/.local/lib/python3.8/site-packages/airflow/example_dags/example_xcom.py
[2026-04-21T01:42:01.004+0000] {logging_mixin.py:188} INFO - [2026-04-21T01:42:01.004+0000] {dag.py:3036} INFO - Sync 1 DAGs
[2026-04-21T01:42:01.027+0000] {logging_mixin.py:188} INFO - [2026-04-21T01:42:01.027+0000] {dag.py:3823} INFO - Setting next_dagrun for example_xcom to 2021-01-01 00:00:00+00:00, run_after=2021-01-01 00:00:00+00:00
[2026-04-21T01:42:01.046+0000] {processor.py:183} INFO - Processing /home/airflow/.local/lib/python3.8/site-packages/airflow/example_dags/example_xcom.py took 0.087 seconds
[2026-04-21T01:42:31.271+0000] {processor.py:161} INFO - Started process (PID=3713139) to work on /home/airflow/.local/lib/python3.8/site-packages/airflow/example_dags/example_xcom.py
[2026-04-21T01:42:31.273+0000] {processor.py:830} INFO - Processing file /home/airflow/.local/lib/python3.8/site-packages/airflow/example_dags/example_xcom.py for tasks to queue
[2026-04-21T01:42:31.275+0000] {logging_mixin.py:188} INFO - [2026-04-21T01:42:31.275+0000] {dagbag.py:538} INFO - Filling up the DagBag from /home/airflow/.local/lib/python3.8/site-packages/airflow/example_dags/example_xcom.py
[2026-04-21T01:42:31.285+0000] {processor.py:840} INFO - DAG(s) 'example_xcom' retrieved from /home/airflow/.local/lib/python3.8/site-packages/airflow/example_dags/example_xcom.py
[2026-04-21T01:42:31.313+0000] {logging_mixin.py:188} INFO - [2026-04-21T01:42:31.313+0000] {dag.py:3036} INFO - Sync 1 DAGs
[2026-04-21T01:42:31.343+0000] {logging_mixin.py:188} INFO - [2026-04-21T01:42:31.343+0000] {dag.py:3823} INFO - Setting next_dagrun for example_xcom to 2021-01-01 00:00:00+00:00, run_after=2021-01-01 00:00:00+00:00
[2026-04-21T01:42:31.362+0000] {processor.py:183} INFO - Processing /home/airflow/.local/lib/python3.8/site-packages/airflow/example_dags/example_xcom.py took 0.096 seconds
[2026-04-21T01:43:01.578+0000] {processor.py:161} INFO - Started process (PID=3713196) to work on /home/airflow/.local/lib/python3.8/site-packages/airflow/example_dags/example_xcom.py
[2026-04-21T01:43:01.580+0000] {processor.py:830} INFO - Processing file /home/airflow/.local/lib/python3.8/site-packages/airflow/example_dags/example_xcom.py for tasks to queue
[2026-04-21T01:43:01.582+0000] {logging_mixin.py:188} INFO - [2026-04-21T01:43:01.582+0000] {dagbag.py:538} INFO - Filling up the DagBag from /home/airflow/.local/lib/python3.8/site-packages/airflow/example_dags/example_xcom.py
[2026-04-21T01:43:01.592+0000] {processor.py:840} INFO - DAG(s) 'example_xcom' retrieved from /home/airflow/.local/lib/python3.8/site-packages/airflow/example_dags/example_xcom.py
[2026-04-21T01:43:01.618+0000] {logging_mixin.py:188} INFO - [2026-04-21T01:43:01.617+0000] {dag.py:3036} INFO - Sync 1 DAGs
[2026-04-21T01:43:01.641+0000] {logging_mixin.py:188} INFO - [2026-04-21T01:43:01.641+0000] {dag.py:3823} INFO - Setting next_dagrun for example_xcom to 2021-01-01 00:00:00+00:00, run_after=2021-01-01 00:00:00+00:00
[2026-04-21T01:43:01.660+0000] {processor.py:183} INFO - Processing /home/airflow/.local/lib/python3.8/site-packages/airflow/example_dags/example_xcom.py took 0.087 seconds
[2026-04-21T01:43:31.771+0000] {processor.py:161} INFO - Started process (PID=3713253) to work on /home/airflow/.local/lib/python3.8/site-packages/airflow/example_dags/example_xcom.py
[2026-04-21T01:43:31.773+0000] {processor.py:830} INFO - Processing file /home/airflow/.local/lib/python3.8/site-packages/airflow/example_dags/example_xcom.py for tasks to queue
[2026-04-21T01:43:31.775+0000] {logging_mixin.py:188} INFO - [2026-04-21T01:43:31.775+0000] {dagbag.py:538} INFO - Filling up the DagBag from /home/airflow/.local/lib/python3.8/site-packages/airflow/example_dags/example_xcom.py
[2026-04-21T01:43:31.785+0000] {processor.py:840} INFO - DAG(s) 'example_xcom' retrieved from /home/airflow/.local/lib/python3.8/site-packages/airflow/example_dags/example_xcom.py
[2026-04-21T01:43:31.811+0000] {logging_mixin.py:188} INFO - [2026-04-21T01:43:31.810+0000] {dag.py:3036} INFO - Sync 1 DAGs
[2026-04-21T01:43:31.834+0000] {logging_mixin.py:188} INFO - [2026-04-21T01:43:31.834+0000] {dag.py:3823} INFO - Setting next_dagrun for example_xcom to 2021-01-01 00:00:00+00:00, run_after=2021-01-01 00:00:00+00:00
[2026-04-21T01:43:31.852+0000] {processor.py:183} INFO - Processing /home/airflow/.local/lib/python3.8/site-packages/airflow/example_dags/example_xcom.py took 0.086 seconds
[2026-04-21T01:44:02.086+0000] {processor.py:161} INFO - Started process (PID=3713310) to work on /home/airflow/.local/lib/python3.8/site-packages/airflow/example_dags/example_xcom.py
[2026-04-21T01:44:02.088+0000] {processor.py:830} INFO - Processing file /home/airflow/.local/lib/python3.8/site-packages/airflow/example_dags/example_xcom.py for tasks to queue
[2026-04-21T01:44:02.090+0000] {logging_mixin.py:188} INFO - [2026-04-21T01:44:02.090+0000] {dagbag.py:538} INFO - Filling up the DagBag from /home/airflow/.local/lib/python3.8/site-packages/airflow/example_dags/example_xcom.py
[2026-04-21T01:44:02.100+0000] {processor.py:840} INFO - DAG(s) 'example_xcom' retrieved from /home/airflow/.local/lib/python3.8/site-packages/airflow/example_dags/example_xcom.py
[2026-04-21T01:44:02.128+0000] {logging_mixin.py:188} INFO - [2026-04-21T01:44:02.128+0000] {dag.py:3036} INFO - Sync 1 DAGs
[2026-04-21T01:44:02.154+0000] {logging_mixin.py:188} INFO - [2026-04-21T01:44:02.154+0000] {dag.py:3823} INFO - Setting next_dagrun for example_xcom to 2021-01-01 00:00:00+00:00, run_after=2021-01-01 00:00:00+00:00
[2026-04-21T01:44:02.177+0000] {processor.py:183} INFO - Processing /home/airflow/.local/lib/python3.8/site-packages/airflow/example_dags/example_xcom.py took 0.096 seconds
[2026-04-21T01:44:32.265+0000] {processor.py:161} INFO - Started process (PID=3713367) to work on /home/airflow/.local/lib/python3.8/site-packages/airflow/example_dags/example_xcom.py
[2026-04-21T01:44:32.267+0000] {processor.py:830} INFO - Processing file /home/airflow/.local/lib/python3.8/site-packages/airflow/example_dags/example_xcom.py for tasks to queue
[2026-04-21T01:44:32.270+0000] {logging_mixin.py:188} INFO - [2026-04-21T01:44:32.269+0000] {dagbag.py:538} INFO - Filling up the DagBag from /home/airflow/.local/lib/python3.8/site-packages/airflow/example_dags/example_xcom.py
[2026-04-21T01:44:32.280+0000] {processor.py:840} INFO - DAG(s) 'example_xcom' retrieved from /home/airflow/.local/lib/python3.8/site-packages/airflow/example_dags/example_xcom.py
[2026-04-21T01:44:32.306+0000] {logging_mixin.py:188} INFO - [2026-04-21T01:44:32.306+0000] {dag.py:3036} INFO - Sync 1 DAGs
[2026-04-21T01:44:32.333+0000] {logging_mixin.py:188} INFO - [2026-04-21T01:44:32.332+0000] {dag.py:3823} INFO - Setting next_dagrun for example_xcom to 2021-01-01 00:00:00+00:00, run_after=2021-01-01 00:00:00+00:00
[2026-04-21T01:44:32.351+0000] {processor.py:183} INFO - Processing /home/airflow/.local/lib/python3.8/site-packages/airflow/example_dags/example_xcom.py took 0.093 seconds
[2026-04-21T01:45:02.718+0000] {processor.py:161} INFO - Started process (PID=3713424) to work on /home/airflow/.local/lib/python3.8/site-packages/airflow/example_dags/example_xcom.py
[2026-04-21T01:45:02.720+0000] {processor.py:830} INFO - Processing file /home/airflow/.local/lib/python3.8/site-packages/airflow/example_dags/example_xcom.py for tasks to queue
[2026-04-21T01:45:02.723+0000] {logging_mixin.py:188} INFO - [2026-04-21T01:45:02.722+0000] {dagbag.py:538} INFO - Filling up the DagBag from /home/airflow/.local/lib/python3.8/site-packages/airflow/example_dags/example_xcom.py
[2026-04-21T01:45:02.733+0000] {processor.py:840} INFO - DAG(s) 'example_xcom' retrieved from /home/airflow/.local/lib/python3.8/site-packages/airflow/example_dags/example_xcom.py
[2026-04-21T01:45:02.760+0000] {logging_mixin.py:188} INFO - [2026-04-21T01:45:02.760+0000] {dag.py:3036} INFO - Sync 1 DAGs
[2026-04-21T01:45:02.783+0000] {logging_mixin.py:188} INFO - [2026-04-21T01:45:02.783+0000] {dag.py:3823} INFO - Setting next_dagrun for example_xcom to 2021-01-01 00:00:00+00:00, run_after=2021-01-01 00:00:00+00:00
[2026-04-21T01:45:02.802+0000] {processor.py:183} INFO - Processing /home/airflow/.local/lib/python3.8/site-packages/airflow/example_dags/example_xcom.py took 0.089 seconds
[2026-04-21T01:45:32.878+0000] {processor.py:161} INFO - Started process (PID=3713481) to work on /home/airflow/.local/lib/python3.8/site-packages/airflow/example_dags/example_xcom.py
[2026-04-21T01:45:32.880+0000] {processor.py:830} INFO - Processing file /home/airflow/.local/lib/python3.8/site-packages/airflow/example_dags/example_xcom.py for tasks to queue
[2026-04-21T01:45:32.883+0000] {logging_mixin.py:188} INFO - [2026-04-21T01:45:32.882+0000] {dagbag.py:538} INFO - Filling up the DagBag from /home/airflow/.local/lib/python3.8/site-packages/airflow/example_dags/example_xcom.py
[2026-04-21T01:45:32.893+0000] {processor.py:840} INFO - DAG(s) 'example_xcom' retrieved from /home/airflow/.local/lib/python3.8/site-packages/airflow/example_dags/example_xcom.py
[2026-04-21T01:45:32.919+0000] {logging_mixin.py:188} INFO - [2026-04-21T01:45:32.918+0000] {dag.py:3036} INFO - Sync 1 DAGs
[2026-04-21T01:45:32.944+0000] {logging_mixin.py:188} INFO - [2026-04-21T01:45:32.943+0000] {dag.py:3823} INFO - Setting next_dagrun for example_xcom to 2021-01-01 00:00:00+00:00, run_after=2021-01-01 00:00:00+00:00
[2026-04-21T01:45:32.963+0000] {processor.py:183} INFO - Processing /home/airflow/.local/lib/python3.8/site-packages/airflow/example_dags/example_xcom.py took 0.090 seconds
[2026-04-21T01:46:03.025+0000] {processor.py:161} INFO - Started process (PID=3713538) to work on /home/airflow/.local/lib/python3.8/site-packages/airflow/example_dags/example_xcom.py
[2026-04-21T01:46:03.027+0000] {processor.py:830} INFO - Processing file /home/airflow/.local/lib/python3.8/site-packages/airflow/example_dags/example_xcom.py for tasks to queue
[2026-04-21T01:46:03.029+0000] {logging_mixin.py:188} INFO - [2026-04-21T01:46:03.029+0000] {dagbag.py:538} INFO - Filling up the DagBag from /home/airflow/.local/lib/python3.8/site-packages/airflow/example_dags/example_xcom.py
[2026-04-21T01:46:03.039+0000] {processor.py:840} INFO - DAG(s) 'example_xcom' retrieved from /home/airflow/.local/lib/python3.8/site-packages/airflow/example_dags/example_xcom.py
[2026-04-21T01:46:03.065+0000] {logging_mixin.py:188} INFO - [2026-04-21T01:46:03.065+0000] {dag.py:3036} INFO - Sync 1 DAGs
[2026-04-21T01:46:03.088+0000] {logging_mixin.py:188} INFO - [2026-04-21T01:46:03.088+0000] {dag.py:3823} INFO - Setting next_dagrun for example_xcom to 2021-01-01 00:00:00+00:00, run_after=2021-01-01 00:00:00+00:00
[2026-04-21T01:46:03.106+0000] {processor.py:183} INFO - Processing /home/airflow/.local/lib/python3.8/site-packages/airflow/example_dags/example_xcom.py took 0.086 seconds
[2026-04-21T01:46:33.172+0000] {processor.py:161} INFO - Started process (PID=3713595) to work on /home/airflow/.local/lib/python3.8/site-packages/airflow/example_dags/example_xcom.py
[2026-04-21T01:46:33.174+0000] {processor.py:830} INFO - Processing file /home/airflow/.local/lib/python3.8/site-packages/airflow/example_dags/example_xcom.py for tasks to queue
[2026-04-21T01:46:33.176+0000] {logging_mixin.py:188} INFO - [2026-04-21T01:46:33.176+0000] {dagbag.py:538} INFO - Filling up the DagBag from /home/airflow/.local/lib/python3.8/site-packages/airflow/example_dags/example_xcom.py
[2026-04-21T01:46:33.186+0000] {processor.py:840} INFO - DAG(s) 'example_xcom' retrieved from /home/airflow/.local/lib/python3.8/site-packages/airflow/example_dags/example_xcom.py
[2026-04-21T01:46:33.213+0000] {logging_mixin.py:188} INFO - [2026-04-21T01:46:33.213+0000] {dag.py:3036} INFO - Sync 1 DAGs
[2026-04-21T01:46:33.236+0000] {logging_mixin.py:188} INFO - [2026-04-21T01:46:33.236+0000] {dag.py:3823} INFO - Setting next_dagrun for example_xcom to 2021-01-01 00:00:00+00:00, run_after=2021-01-01 00:00:00+00:00
[2026-04-21T01:46:33.255+0000] {processor.py:183} INFO - Processing /home/airflow/.local/lib/python3.8/site-packages/airflow/example_dags/example_xcom.py took 0.089 seconds
[2026-04-21T01:47:03.412+0000] {processor.py:161} INFO - Started process (PID=3713652) to work on /home/airflow/.local/lib/python3.8/site-packages/airflow/example_dags/example_xcom.py
[2026-04-21T01:47:03.414+0000] {processor.py:830} INFO - Processing file /home/airflow/.local/lib/python3.8/site-packages/airflow/example_dags/example_xcom.py for tasks to queue
[2026-04-21T01:47:03.416+0000] {logging_mixin.py:188} INFO - [2026-04-21T01:47:03.416+0000] {dagbag.py:538} INFO - Filling up the DagBag from /home/airflow/.local/lib/python3.8/site-packages/airflow/example_dags/example_xcom.py
[2026-04-21T01:47:03.426+0000] {processor.py:840} INFO - DAG(s) 'example_xcom' retrieved from /home/airflow/.local/lib/python3.8/site-packages/airflow/example_dags/example_xcom.py
[2026-04-21T01:47:03.453+0000] {logging_mixin.py:188} INFO - [2026-04-21T01:47:03.452+0000] {dag.py:3036} INFO - Sync 1 DAGs
[2026-04-21T01:47:03.476+0000] {logging_mixin.py:188} INFO - [2026-04-21T01:47:03.476+0000] {dag.py:3823} INFO - Setting next_dagrun for example_xcom to 2021-01-01 00:00:00+00:00, run_after=2021-01-01 00:00:00+00:00
[2026-04-21T01:47:03.495+0000] {processor.py:183} INFO - Processing /home/airflow/.local/lib/python3.8/site-packages/airflow/example_dags/example_xcom.py took 0.089 seconds
[2026-04-21T01:47:33.631+0000] {processor.py:161} INFO - Started process (PID=3713710) to work on /home/airflow/.local/lib/python3.8/site-packages/airflow/example_dags/example_xcom.py
[2026-04-21T01:47:33.633+0000] {processor.py:830} INFO - Processing file /home/airflow/.local/lib/python3.8/site-packages/airflow/example_dags/example_xcom.py for tasks to queue
[2026-04-21T01:47:33.636+0000] {logging_mixin.py:188} INFO - [2026-04-21T01:47:33.635+0000] {dagbag.py:538} INFO - Filling up the DagBag from /home/airflow/.local/lib/python3.8/site-packages/airflow/example_dags/example_xcom.py
[2026-04-21T01:47:33.646+0000] {processor.py:840} INFO - DAG(s) 'example_xcom' retrieved from /home/airflow/.local/lib/python3.8/site-packages/airflow/example_dags/example_xcom.py
[2026-04-21T01:47:33.672+0000] {logging_mixin.py:188} INFO - [2026-04-21T01:47:33.672+0000] {dag.py:3036} INFO - Sync 1 DAGs
[2026-04-21T01:47:33.696+0000] {logging_mixin.py:188} INFO - [2026-04-21T01:47:33.696+0000] {dag.py:3823} INFO - Setting next_dagrun for example_xcom to 2021-01-01 00:00:00+00:00, run_after=2021-01-01 00:00:00+00:00
[2026-04-21T01:47:33.715+0000] {processor.py:183} INFO - Processing /home/airflow/.local/lib/python3.8/site-packages/airflow/example_dags/example_xcom.py took 0.088 seconds
[2026-04-21T01:48:03.843+0000] {processor.py:161} INFO - Started process (PID=3713767) to work on /home/airflow/.local/lib/python3.8/site-packages/airflow/example_dags/example_xcom.py
[2026-04-21T01:48:03.844+0000] {processor.py:830} INFO - Processing file /home/airflow/.local/lib/python3.8/site-packages/airflow/example_dags/example_xcom.py for tasks to queue
[2026-04-21T01:48:03.847+0000] {logging_mixin.py:188} INFO - [2026-04-21T01:48:03.847+0000] {dagbag.py:538} INFO - Filling up the DagBag from /home/airflow/.local/lib/python3.8/site-packages/airflow/example_dags/example_xcom.py
[2026-04-21T01:48:03.857+0000] {processor.py:840} INFO - DAG(s) 'example_xcom' retrieved from /home/airflow/.local/lib/python3.8/site-packages/airflow/example_dags/example_xcom.py
[2026-04-21T01:48:03.885+0000] {logging_mixin.py:188} INFO - [2026-04-21T01:48:03.884+0000] {dag.py:3036} INFO - Sync 1 DAGs
[2026-04-21T01:48:03.909+0000] {logging_mixin.py:188} INFO - [2026-04-21T01:48:03.909+0000] {dag.py:3823} INFO - Setting next_dagrun for example_xcom to 2021-01-01 00:00:00+00:00, run_after=2021-01-01 00:00:00+00:00
[2026-04-21T01:48:03.929+0000] {processor.py:183} INFO - Processing /home/airflow/.local/lib/python3.8/site-packages/airflow/example_dags/example_xcom.py took 0.092 seconds
[2026-04-21T01:48:34.414+0000] {processor.py:161} INFO - Started process (PID=3713824) to work on /home/airflow/.local/lib/python3.8/site-packages/airflow/example_dags/example_xcom.py
[2026-04-21T01:48:34.416+0000] {processor.py:830} INFO - Processing file /home/airflow/.local/lib/python3.8/site-packages/airflow/example_dags/example_xcom.py for tasks to queue
[2026-04-21T01:48:34.419+0000] {logging_mixin.py:188} INFO - [2026-04-21T01:48:34.419+0000] {dagbag.py:538} INFO - Filling up the DagBag from /home/airflow/.local/lib/python3.8/site-packages/airflow/example_dags/example_xcom.py
[2026-04-21T01:48:34.430+0000] {processor.py:840} INFO - DAG(s) 'example_xcom' retrieved from /home/airflow/.local/lib/python3.8/site-packages/airflow/example_dags/example_xcom.py
[2026-04-21T01:48:34.458+0000] {logging_mixin.py:188} INFO - [2026-04-21T01:48:34.457+0000] {dag.py:3036} INFO - Sync 1 DAGs
[2026-04-21T01:48:34.482+0000] {logging_mixin.py:188} INFO - [2026-04-21T01:48:34.482+0000] {dag.py:3823} INFO - Setting next_dagrun for example_xcom to 2021-01-01 00:00:00+00:00, run_after=2021-01-01 00:00:00+00:00
[2026-04-21T01:48:34.501+0000] {processor.py:183} INFO - Processing /home/airflow/.local/lib/python3.8/site-packages/airflow/example_dags/example_xcom.py took 0.092 seconds
[2026-04-21T01:49:04.671+0000] {processor.py:161} INFO - Started process (PID=3713881) to work on /home/airflow/.local/lib/python3.8/site-packages/airflow/example_dags/example_xcom.py
[2026-04-21T01:49:04.673+0000] {processor.py:830} INFO - Processing file /home/airflow/.local/lib/python3.8/site-packages/airflow/example_dags/example_xcom.py for tasks to queue
[2026-04-21T01:49:04.675+0000] {logging_mixin.py:188} INFO - [2026-04-21T01:49:04.675+0000] {dagbag.py:538} INFO - Filling up the DagBag from /home/airflow/.local/lib/python3.8/site-packages/airflow/example_dags/example_xcom.py
[2026-04-21T01:49:04.685+0000] {processor.py:840} INFO - DAG(s) 'example_xcom' retrieved from /home/airflow/.local/lib/python3.8/site-packages/airflow/example_dags/example_xcom.py
[2026-04-21T01:49:04.710+0000] {logging_mixin.py:188} INFO - [2026-04-21T01:49:04.710+0000] {dag.py:3036} INFO - Sync 1 DAGs
[2026-04-21T01:49:04.734+0000] {logging_mixin.py:188} INFO - [2026-04-21T01:49:04.734+0000] {dag.py:3823} INFO - Setting next_dagrun for example_xcom to 2021-01-01 00:00:00+00:00, run_after=2021-01-01 00:00:00+00:00
[2026-04-21T01:49:04.753+0000] {processor.py:183} INFO - Processing /home/airflow/.local/lib/python3.8/site-packages/airflow/example_dags/example_xcom.py took 0.087 seconds
[2026-04-21T01:49:35.101+0000] {processor.py:161} INFO - Started process (PID=3713938) to work on /home/airflow/.local/lib/python3.8/site-packages/airflow/example_dags/example_xcom.py
[2026-04-21T01:49:35.103+0000] {processor.py:830} INFO - Processing file /home/airflow/.local/lib/python3.8/site-packages/airflow/example_dags/example_xcom.py for tasks to queue
[2026-04-21T01:49:35.105+0000] {logging_mixin.py:188} INFO - [2026-04-21T01:49:35.105+0000] {dagbag.py:538} INFO - Filling up the DagBag from /home/airflow/.local/lib/python3.8/site-packages/airflow/example_dags/example_xcom.py
[2026-04-21T01:49:35.115+0000] {processor.py:840} INFO - DAG(s) 'example_xcom' retrieved from /home/airflow/.local/lib/python3.8/site-packages/airflow/example_dags/example_xcom.py
[2026-04-21T01:49:35.144+0000] {logging_mixin.py:188} INFO - [2026-04-21T01:49:35.143+0000] {dag.py:3036} INFO - Sync 1 DAGs
[2026-04-21T01:49:35.168+0000] {logging_mixin.py:188} INFO - [2026-04-21T01:49:35.168+0000] {dag.py:3823} INFO - Setting next_dagrun for example_xcom to 2021-01-01 00:00:00+00:00, run_after=2021-01-01 00:00:00+00:00
[2026-04-21T01:49:35.188+0000] {processor.py:183} INFO - Processing /home/airflow/.local/lib/python3.8/site-packages/airflow/example_dags/example_xcom.py took 0.092 seconds
[2026-04-21T01:50:05.556+0000] {processor.py:161} INFO - Started process (PID=3713995) to work on /home/airflow/.local/lib/python3.8/site-packages/airflow/example_dags/example_xcom.py
[2026-04-21T01:50:05.558+0000] {processor.py:830} INFO - Processing file /home/airflow/.local/lib/python3.8/site-packages/airflow/example_dags/example_xcom.py for tasks to queue
[2026-04-21T01:50:05.560+0000] {logging_mixin.py:188} INFO - [2026-04-21T01:50:05.560+0000] {dagbag.py:538} INFO - Filling up the DagBag from /home/airflow/.local/lib/python3.8/site-packages/airflow/example_dags/example_xcom.py
[2026-04-21T01:50:05.570+0000] {processor.py:840} INFO - DAG(s) 'example_xcom' retrieved from /home/airflow/.local/lib/python3.8/site-packages/airflow/example_dags/example_xcom.py
[2026-04-21T01:50:05.596+0000] {logging_mixin.py:188} INFO - [2026-04-21T01:50:05.596+0000] {dag.py:3036} INFO - Sync 1 DAGs
[2026-04-21T01:50:05.620+0000] {logging_mixin.py:188} INFO - [2026-04-21T01:50:05.619+0000] {dag.py:3823} INFO - Setting next_dagrun for example_xcom to 2021-01-01 00:00:00+00:00, run_after=2021-01-01 00:00:00+00:00
[2026-04-21T01:50:05.638+0000] {processor.py:183} INFO - Processing /home/airflow/.local/lib/python3.8/site-packages/airflow/example_dags/example_xcom.py took 0.087 seconds
[2026-04-21T01:50:35.983+0000] {processor.py:161} INFO - Started process (PID=3714051) to work on /home/airflow/.local/lib/python3.8/site-packages/airflow/example_dags/example_xcom.py
[2026-04-21T01:50:35.985+0000] {processor.py:830} INFO - Processing file /home/airflow/.local/lib/python3.8/site-packages/airflow/example_dags/example_xcom.py for tasks to queue
[2026-04-21T01:50:35.987+0000] {logging_mixin.py:188} INFO - [2026-04-21T01:50:35.987+0000] {dagbag.py:538} INFO - Filling up the DagBag from /home/airflow/.local/lib/python3.8/site-packages/airflow/example_dags/example_xcom.py
[2026-04-21T01:50:35.998+0000] {processor.py:840} INFO - DAG(s) 'example_xcom' retrieved from /home/airflow/.local/lib/python3.8/site-packages/airflow/example_dags/example_xcom.py
[2026-04-21T01:50:36.023+0000] {logging_mixin.py:188} INFO - [2026-04-21T01:50:36.023+0000] {dag.py:3036} INFO - Sync 1 DAGs
[2026-04-21T01:50:36.047+0000] {logging_mixin.py:188} INFO - [2026-04-21T01:50:36.047+0000] {dag.py:3823} INFO - Setting next_dagrun for example_xcom to 2021-01-01 00:00:00+00:00, run_after=2021-01-01 00:00:00+00:00
[2026-04-21T01:50:36.066+0000] {processor.py:183} INFO - Processing /home/airflow/.local/lib/python3.8/site-packages/airflow/example_dags/example_xcom.py took 0.088 seconds
[2026-04-21T01:51:06.124+0000] {processor.py:161} INFO - Started process (PID=3714108) to work on /home/airflow/.local/lib/python3.8/site-packages/airflow/example_dags/example_xcom.py
[2026-04-21T01:51:06.126+0000] {processor.py:830} INFO - Processing file /home/airflow/.local/lib/python3.8/site-packages/airflow/example_dags/example_xcom.py for tasks to queue
[2026-04-21T01:51:06.128+0000] {logging_mixin.py:188} INFO - [2026-04-21T01:51:06.128+0000] {dagbag.py:538} INFO - Filling up the DagBag from /home/airflow/.local/lib/python3.8/site-packages/airflow/example_dags/example_xcom.py
[2026-04-21T01:51:06.138+0000] {processor.py:840} INFO - DAG(s) 'example_xcom' retrieved from /home/airflow/.local/lib/python3.8/site-packages/airflow/example_dags/example_xcom.py
[2026-04-21T01:51:06.165+0000] {logging_mixin.py:188} INFO - [2026-04-21T01:51:06.164+0000] {dag.py:3036} INFO - Sync 1 DAGs
[2026-04-21T01:51:06.189+0000] {logging_mixin.py:188} INFO - [2026-04-21T01:51:06.188+0000] {dag.py:3823} INFO - Setting next_dagrun for example_xcom to 2021-01-01 00:00:00+00:00, run_after=2021-01-01 00:00:00+00:00
[2026-04-21T01:51:06.209+0000] {processor.py:183} INFO - Processing /home/airflow/.local/lib/python3.8/site-packages/airflow/example_dags/example_xcom.py took 0.089 seconds
[2026-04-21T01:51:36.313+0000] {processor.py:161} INFO - Started process (PID=3714165) to work on /home/airflow/.local/lib/python3.8/site-packages/airflow/example_dags/example_xcom.py
[2026-04-21T01:51:36.315+0000] {processor.py:830} INFO - Processing file /home/airflow/.local/lib/python3.8/site-packages/airflow/example_dags/example_xcom.py for tasks to queue
[2026-04-21T01:51:36.317+0000] {logging_mixin.py:188} INFO - [2026-04-21T01:51:36.317+0000] {dagbag.py:538} INFO - Filling up the DagBag from /home/airflow/.local/lib/python3.8/site-packages/airflow/example_dags/example_xcom.py
[2026-04-21T01:51:36.327+0000] {processor.py:840} INFO - DAG(s) 'example_xcom' retrieved from /home/airflow/.local/lib/python3.8/site-packages/airflow/example_dags/example_xcom.py
[2026-04-21T01:51:36.357+0000] {logging_mixin.py:188} INFO - [2026-04-21T01:51:36.356+0000] {dag.py:3036} INFO - Sync 1 DAGs
[2026-04-21T01:51:36.384+0000] {logging_mixin.py:188} INFO - [2026-04-21T01:51:36.383+0000] {dag.py:3823} INFO - Setting next_dagrun for example_xcom to 2021-01-01 00:00:00+00:00, run_after=2021-01-01 00:00:00+00:00
[2026-04-21T01:51:36.404+0000] {processor.py:183} INFO - Processing /home/airflow/.local/lib/python3.8/site-packages/airflow/example_dags/example_xcom.py took 0.097 seconds
[2026-04-21T01:52:06.706+0000] {processor.py:161} INFO - Started process (PID=3714222) to work on /home/airflow/.local/lib/python3.8/site-packages/airflow/example_dags/example_xcom.py
[2026-04-21T01:52:06.708+0000] {processor.py:830} INFO - Processing file /home/airflow/.local/lib/python3.8/site-packages/airflow/example_dags/example_xcom.py for tasks to queue
[2026-04-21T01:52:06.710+0000] {logging_mixin.py:188} INFO - [2026-04-21T01:52:06.710+0000] {dagbag.py:538} INFO - Filling up the DagBag from /home/airflow/.local/lib/python3.8/site-packages/airflow/example_dags/example_xcom.py
[2026-04-21T01:52:06.721+0000] {processor.py:840} INFO - DAG(s) 'example_xcom' retrieved from /home/airflow/.local/lib/python3.8/site-packages/airflow/example_dags/example_xcom.py
[2026-04-21T01:52:06.747+0000] {logging_mixin.py:188} INFO - [2026-04-21T01:52:06.746+0000] {dag.py:3036} INFO - Sync 1 DAGs
[2026-04-21T01:52:06.773+0000] {logging_mixin.py:188} INFO - [2026-04-21T01:52:06.772+0000] {dag.py:3823} INFO - Setting next_dagrun for example_xcom to 2021-01-01 00:00:00+00:00, run_after=2021-01-01 00:00:00+00:00
[2026-04-21T01:52:06.791+0000] {processor.py:183} INFO - Processing /home/airflow/.local/lib/python3.8/site-packages/airflow/example_dags/example_xcom.py took 0.091 seconds
[2026-04-21T01:52:36.834+0000] {processor.py:161} INFO - Started process (PID=3714279) to work on /home/airflow/.local/lib/python3.8/site-packages/airflow/example_dags/example_xcom.py
[2026-04-21T01:52:36.836+0000] {processor.py:830} INFO - Processing file /home/airflow/.local/lib/python3.8/site-packages/airflow/example_dags/example_xcom.py for tasks to queue
[2026-04-21T01:52:36.839+0000] {logging_mixin.py:188} INFO - [2026-04-21T01:52:36.839+0000] {dagbag.py:538} INFO - Filling up the DagBag from /home/airflow/.local/lib/python3.8/site-packages/airflow/example_dags/example_xcom.py
[2026-04-21T01:52:36.849+0000] {processor.py:840} INFO - DAG(s) 'example_xcom' retrieved from /home/airflow/.local/lib/python3.8/site-packages/airflow/example_dags/example_xcom.py
[2026-04-21T01:52:36.876+0000] {logging_mixin.py:188} INFO - [2026-04-21T01:52:36.876+0000] {dag.py:3036} INFO - Sync 1 DAGs
[2026-04-21T01:52:36.899+0000] {logging_mixin.py:188} INFO - [2026-04-21T01:52:36.899+0000] {dag.py:3823} INFO - Setting next_dagrun for example_xcom to 2021-01-01 00:00:00+00:00, run_after=2021-01-01 00:00:00+00:00
[2026-04-21T01:52:36.920+0000] {processor.py:183} INFO - Processing /home/airflow/.local/lib/python3.8/site-packages/airflow/example_dags/example_xcom.py took 0.091 seconds
[2026-04-21T01:53:06.975+0000] {processor.py:161} INFO - Started process (PID=3714336) to work on /home/airflow/.local/lib/python3.8/site-packages/airflow/example_dags/example_xcom.py
[2026-04-21T01:53:06.977+0000] {processor.py:830} INFO - Processing file /home/airflow/.local/lib/python3.8/site-packages/airflow/example_dags/example_xcom.py for tasks to queue
[2026-04-21T01:53:06.980+0000] {logging_mixin.py:188} INFO - [2026-04-21T01:53:06.979+0000] {dagbag.py:538} INFO - Filling up the DagBag from /home/airflow/.local/lib/python3.8/site-packages/airflow/example_dags/example_xcom.py
[2026-04-21T01:53:06.989+0000] {processor.py:840} INFO - DAG(s) 'example_xcom' retrieved from /home/airflow/.local/lib/python3.8/site-packages/airflow/example_dags/example_xcom.py
[2026-04-21T01:53:07.015+0000] {logging_mixin.py:188} INFO - [2026-04-21T01:53:07.015+0000] {dag.py:3036} INFO - Sync 1 DAGs
[2026-04-21T01:53:07.039+0000] {logging_mixin.py:188} INFO - [2026-04-21T01:53:07.038+0000] {dag.py:3823} INFO - Setting next_dagrun for example_xcom to 2021-01-01 00:00:00+00:00, run_after=2021-01-01 00:00:00+00:00
[2026-04-21T01:53:07.057+0000] {processor.py:183} INFO - Processing /home/airflow/.local/lib/python3.8/site-packages/airflow/example_dags/example_xcom.py took 0.087 seconds
[2026-04-21T01:53:37.324+0000] {processor.py:161} INFO - Started process (PID=3714393) to work on /home/airflow/.local/lib/python3.8/site-packages/airflow/example_dags/example_xcom.py
[2026-04-21T01:53:37.326+0000] {processor.py:830} INFO - Processing file /home/airflow/.local/lib/python3.8/site-packages/airflow/example_dags/example_xcom.py for tasks to queue
[2026-04-21T01:53:37.328+0000] {logging_mixin.py:188} INFO - [2026-04-21T01:53:37.328+0000] {dagbag.py:538} INFO - Filling up the DagBag from /home/airflow/.local/lib/python3.8/site-packages/airflow/example_dags/example_xcom.py
[2026-04-21T01:53:37.338+0000] {processor.py:840} INFO - DAG(s) 'example_xcom' retrieved from /home/airflow/.local/lib/python3.8/site-packages/airflow/example_dags/example_xcom.py
[2026-04-21T01:53:37.364+0000] {logging_mixin.py:188} INFO - [2026-04-21T01:53:37.364+0000] {dag.py:3036} INFO - Sync 1 DAGs
[2026-04-21T01:53:37.388+0000] {logging_mixin.py:188} INFO - [2026-04-21T01:53:37.388+0000] {dag.py:3823} INFO - Setting next_dagrun for example_xcom to 2021-01-01 00:00:00+00:00, run_after=2021-01-01 00:00:00+00:00
[2026-04-21T01:53:37.407+0000] {processor.py:183} INFO - Processing /home/airflow/.local/lib/python3.8/site-packages/airflow/example_dags/example_xcom.py took 0.088 seconds
[2026-04-21T01:54:07.677+0000] {processor.py:161} INFO - Started process (PID=3714450) to work on /home/airflow/.local/lib/python3.8/site-packages/airflow/example_dags/example_xcom.py
[2026-04-21T01:54:07.679+0000] {processor.py:830} INFO - Processing file /home/airflow/.local/lib/python3.8/site-packages/airflow/example_dags/example_xcom.py for tasks to queue
[2026-04-21T01:54:07.681+0000] {logging_mixin.py:188} INFO - [2026-04-21T01:54:07.681+0000] {dagbag.py:538} INFO - Filling up the DagBag from /home/airflow/.local/lib/python3.8/site-packages/airflow/example_dags/example_xcom.py
[2026-04-21T01:54:07.692+0000] {processor.py:840} INFO - DAG(s) 'example_xcom' retrieved from /home/airflow/.local/lib/python3.8/site-packages/airflow/example_dags/example_xcom.py
[2026-04-21T01:54:07.718+0000] {logging_mixin.py:188} INFO - [2026-04-21T01:54:07.718+0000] {dag.py:3036} INFO - Sync 1 DAGs
[2026-04-21T01:54:07.742+0000] {logging_mixin.py:188} INFO - [2026-04-21T01:54:07.742+0000] {dag.py:3823} INFO - Setting next_dagrun for example_xcom to 2021-01-01 00:00:00+00:00, run_after=2021-01-01 00:00:00+00:00
[2026-04-21T01:54:07.762+0000] {processor.py:183} INFO - Processing /home/airflow/.local/lib/python3.8/site-packages/airflow/example_dags/example_xcom.py took 0.090 seconds
[2026-04-21T01:54:37.892+0000] {processor.py:161} INFO - Started process (PID=3714505) to work on /home/airflow/.local/lib/python3.8/site-packages/airflow/example_dags/example_xcom.py
[2026-04-21T01:54:37.894+0000] {processor.py:830} INFO - Processing file /home/airflow/.local/lib/python3.8/site-packages/airflow/example_dags/example_xcom.py for tasks to queue
[2026-04-21T01:54:37.897+0000] {logging_mixin.py:188} INFO - [2026-04-21T01:54:37.896+0000] {dagbag.py:538} INFO - Filling up the DagBag from /home/airflow/.local/lib/python3.8/site-packages/airflow/example_dags/example_xcom.py
[2026-04-21T01:54:37.907+0000] {processor.py:840} INFO - DAG(s) 'example_xcom' retrieved from /home/airflow/.local/lib/python3.8/site-packages/airflow/example_dags/example_xcom.py
[2026-04-21T01:54:37.932+0000] {logging_mixin.py:188} INFO - [2026-04-21T01:54:37.932+0000] {dag.py:3036} INFO - Sync 1 DAGs
[2026-04-21T01:54:37.956+0000] {logging_mixin.py:188} INFO - [2026-04-21T01:54:37.956+0000] {dag.py:3823} INFO - Setting next_dagrun for example_xcom to 2021-01-01 00:00:00+00:00, run_after=2021-01-01 00:00:00+00:00
[2026-04-21T01:54:37.975+0000] {processor.py:183} INFO - Processing /home/airflow/.local/lib/python3.8/site-packages/airflow/example_dags/example_xcom.py took 0.087 seconds
[2026-04-21T01:55:08.408+0000] {processor.py:161} INFO - Started process (PID=3714562) to work on /home/airflow/.local/lib/python3.8/site-packages/airflow/example_dags/example_xcom.py
[2026-04-21T01:55:08.410+0000] {processor.py:830} INFO - Processing file /home/airflow/.local/lib/python3.8/site-packages/airflow/example_dags/example_xcom.py for tasks to queue
[2026-04-21T01:55:08.413+0000] {logging_mixin.py:188} INFO - [2026-04-21T01:55:08.412+0000] {dagbag.py:538} INFO - Filling up the DagBag from /home/airflow/.local/lib/python3.8/site-packages/airflow/example_dags/example_xcom.py
[2026-04-21T01:55:08.423+0000] {processor.py:840} INFO - DAG(s) 'example_xcom' retrieved from /home/airflow/.local/lib/python3.8/site-packages/airflow/example_dags/example_xcom.py
[2026-04-21T01:55:08.449+0000] {logging_mixin.py:188} INFO - [2026-04-21T01:55:08.449+0000] {dag.py:3036} INFO - Sync 1 DAGs
[2026-04-21T01:55:08.473+0000] {logging_mixin.py:188} INFO - [2026-04-21T01:55:08.473+0000] {dag.py:3823} INFO - Setting next_dagrun for example_xcom to 2021-01-01 00:00:00+00:00, run_after=2021-01-01 00:00:00+00:00
[2026-04-21T01:55:08.492+0000] {processor.py:183} INFO - Processing /home/airflow/.local/lib/python3.8/site-packages/airflow/example_dags/example_xcom.py took 0.089 seconds
[2026-04-21T01:55:38.840+0000] {processor.py:161} INFO - Started process (PID=3714620) to work on /home/airflow/.local/lib/python3.8/site-packages/airflow/example_dags/example_xcom.py
[2026-04-21T01:55:38.843+0000] {processor.py:830} INFO - Processing file /home/airflow/.local/lib/python3.8/site-packages/airflow/example_dags/example_xcom.py for tasks to queue
[2026-04-21T01:55:38.845+0000] {logging_mixin.py:188} INFO - [2026-04-21T01:55:38.845+0000] {dagbag.py:538} INFO - Filling up the DagBag from /home/airflow/.local/lib/python3.8/site-packages/airflow/example_dags/example_xcom.py
[2026-04-21T01:55:38.855+0000] {processor.py:840} INFO - DAG(s) 'example_xcom' retrieved from /home/airflow/.local/lib/python3.8/site-packages/airflow/example_dags/example_xcom.py
[2026-04-21T01:55:38.881+0000] {logging_mixin.py:188} INFO - [2026-04-21T01:55:38.881+0000] {dag.py:3036} INFO - Sync 1 DAGs
[2026-04-21T01:55:38.905+0000] {logging_mixin.py:188} INFO - [2026-04-21T01:55:38.904+0000] {dag.py:3823} INFO - Setting next_dagrun for example_xcom to 2021-01-01 00:00:00+00:00, run_after=2021-01-01 00:00:00+00:00
[2026-04-21T01:55:38.923+0000] {processor.py:183} INFO - Processing /home/airflow/.local/lib/python3.8/site-packages/airflow/example_dags/example_xcom.py took 0.088 seconds
[2026-04-21T01:56:08.966+0000] {processor.py:161} INFO - Started process (PID=3714676) to work on /home/airflow/.local/lib/python3.8/site-packages/airflow/example_dags/example_xcom.py
[2026-04-21T01:56:08.968+0000] {processor.py:830} INFO - Processing file /home/airflow/.local/lib/python3.8/site-packages/airflow/example_dags/example_xcom.py for tasks to queue
[2026-04-21T01:56:08.970+0000] {logging_mixin.py:188} INFO - [2026-04-21T01:56:08.970+0000] {dagbag.py:538} INFO - Filling up the DagBag from /home/airflow/.local/lib/python3.8/site-packages/airflow/example_dags/example_xcom.py
[2026-04-21T01:56:08.980+0000] {processor.py:840} INFO - DAG(s) 'example_xcom' retrieved from /home/airflow/.local/lib/python3.8/site-packages/airflow/example_dags/example_xcom.py
[2026-04-21T01:56:09.006+0000] {logging_mixin.py:188} INFO - [2026-04-21T01:56:09.006+0000] {dag.py:3036} INFO - Sync 1 DAGs
[2026-04-21T01:56:09.029+0000] {logging_mixin.py:188} INFO - [2026-04-21T01:56:09.029+0000] {dag.py:3823} INFO - Setting next_dagrun for example_xcom to 2021-01-01 00:00:00+00:00, run_after=2021-01-01 00:00:00+00:00
[2026-04-21T01:56:09.049+0000] {processor.py:183} INFO - Processing /home/airflow/.local/lib/python3.8/site-packages/airflow/example_dags/example_xcom.py took 0.087 seconds
[2026-04-21T01:56:39.145+0000] {processor.py:161} INFO - Started process (PID=3714732) to work on /home/airflow/.local/lib/python3.8/site-packages/airflow/example_dags/example_xcom.py
[2026-04-21T01:56:39.147+0000] {processor.py:830} INFO - Processing file /home/airflow/.local/lib/python3.8/site-packages/airflow/example_dags/example_xcom.py for tasks to queue
[2026-04-21T01:56:39.149+0000] {logging_mixin.py:188} INFO - [2026-04-21T01:56:39.149+0000] {dagbag.py:538} INFO - Filling up the DagBag from /home/airflow/.local/lib/python3.8/site-packages/airflow/example_dags/example_xcom.py
[2026-04-21T01:56:39.159+0000] {processor.py:840} INFO - DAG(s) 'example_xcom' retrieved from /home/airflow/.local/lib/python3.8/site-packages/airflow/example_dags/example_xcom.py
[2026-04-21T01:56:39.186+0000] {logging_mixin.py:188} INFO - [2026-04-21T01:56:39.186+0000] {dag.py:3036} INFO - Sync 1 DAGs
[2026-04-21T01:56:39.209+0000] {logging_mixin.py:188} INFO - [2026-04-21T01:56:39.209+0000] {dag.py:3823} INFO - Setting next_dagrun for example_xcom to 2021-01-01 00:00:00+00:00, run_after=2021-01-01 00:00:00+00:00
[2026-04-21T01:56:39.228+0000] {processor.py:183} INFO - Processing /home/airflow/.local/lib/python3.8/site-packages/airflow/example_dags/example_xcom.py took 0.088 seconds
[2026-04-21T01:57:09.551+0000] {processor.py:161} INFO - Started process (PID=3714789) to work on /home/airflow/.local/lib/python3.8/site-packages/airflow/example_dags/example_xcom.py
[2026-04-21T01:57:09.552+0000] {processor.py:830} INFO - Processing file /home/airflow/.local/lib/python3.8/site-packages/airflow/example_dags/example_xcom.py for tasks to queue
[2026-04-21T01:57:09.555+0000] {logging_mixin.py:188} INFO - [2026-04-21T01:57:09.554+0000] {dagbag.py:538} INFO - Filling up the DagBag from /home/airflow/.local/lib/python3.8/site-packages/airflow/example_dags/example_xcom.py
[2026-04-21T01:57:09.565+0000] {processor.py:840} INFO - DAG(s) 'example_xcom' retrieved from /home/airflow/.local/lib/python3.8/site-packages/airflow/example_dags/example_xcom.py
[2026-04-21T01:57:09.590+0000] {logging_mixin.py:188} INFO - [2026-04-21T01:57:09.590+0000] {dag.py:3036} INFO - Sync 1 DAGs
[2026-04-21T01:57:09.613+0000] {logging_mixin.py:188} INFO - [2026-04-21T01:57:09.613+0000] {dag.py:3823} INFO - Setting next_dagrun for example_xcom to 2021-01-01 00:00:00+00:00, run_after=2021-01-01 00:00:00+00:00
[2026-04-21T01:57:09.631+0000] {processor.py:183} INFO - Processing /home/airflow/.local/lib/python3.8/site-packages/airflow/example_dags/example_xcom.py took 0.086 seconds
[2026-04-21T01:57:39.772+0000] {processor.py:161} INFO - Started process (PID=3714846) to work on /home/airflow/.local/lib/python3.8/site-packages/airflow/example_dags/example_xcom.py
[2026-04-21T01:57:39.774+0000] {processor.py:830} INFO - Processing file /home/airflow/.local/lib/python3.8/site-packages/airflow/example_dags/example_xcom.py for tasks to queue
[2026-04-21T01:57:39.776+0000] {logging_mixin.py:188} INFO - [2026-04-21T01:57:39.776+0000] {dagbag.py:538} INFO - Filling up the DagBag from /home/airflow/.local/lib/python3.8/site-packages/airflow/example_dags/example_xcom.py
[2026-04-21T01:57:39.786+0000] {processor.py:840} INFO - DAG(s) 'example_xcom' retrieved from /home/airflow/.local/lib/python3.8/site-packages/airflow/example_dags/example_xcom.py
[2026-04-21T01:57:39.811+0000] {logging_mixin.py:188} INFO - [2026-04-21T01:57:39.810+0000] {dag.py:3036} INFO - Sync 1 DAGs
[2026-04-21T01:57:39.834+0000] {logging_mixin.py:188} INFO - [2026-04-21T01:57:39.833+0000] {dag.py:3823} INFO - Setting next_dagrun for example_xcom to 2021-01-01 00:00:00+00:00, run_after=2021-01-01 00:00:00+00:00
[2026-04-21T01:57:39.853+0000] {processor.py:183} INFO - Processing /home/airflow/.local/lib/python3.8/site-packages/airflow/example_dags/example_xcom.py took 0.086 seconds
[2026-04-21T01:58:09.968+0000] {processor.py:161} INFO - Started process (PID=3714903) to work on /home/airflow/.local/lib/python3.8/site-packages/airflow/example_dags/example_xcom.py
[2026-04-21T01:58:09.970+0000] {processor.py:830} INFO - Processing file /home/airflow/.local/lib/python3.8/site-packages/airflow/example_dags/example_xcom.py for tasks to queue
[2026-04-21T01:58:09.973+0000] {logging_mixin.py:188} INFO - [2026-04-21T01:58:09.972+0000] {dagbag.py:538} INFO - Filling up the DagBag from /home/airflow/.local/lib/python3.8/site-packages/airflow/example_dags/example_xcom.py
[2026-04-21T01:58:09.983+0000] {processor.py:840} INFO - DAG(s) 'example_xcom' retrieved from /home/airflow/.local/lib/python3.8/site-packages/airflow/example_dags/example_xcom.py
[2026-04-21T01:58:10.010+0000] {logging_mixin.py:188} INFO - [2026-04-21T01:58:10.010+0000] {dag.py:3036} INFO - Sync 1 DAGs
[2026-04-21T01:58:10.035+0000] {logging_mixin.py:188} INFO - [2026-04-21T01:58:10.035+0000] {dag.py:3823} INFO - Setting next_dagrun for example_xcom to 2021-01-01 00:00:00+00:00, run_after=2021-01-01 00:00:00+00:00
[2026-04-21T01:58:10.054+0000] {processor.py:183} INFO - Processing /home/airflow/.local/lib/python3.8/site-packages/airflow/example_dags/example_xcom.py took 0.090 seconds
[2026-04-21T01:58:40.129+0000] {processor.py:161} INFO - Started process (PID=3714960) to work on /home/airflow/.local/lib/python3.8/site-packages/airflow/example_dags/example_xcom.py
[2026-04-21T01:58:40.131+0000] {processor.py:830} INFO - Processing file /home/airflow/.local/lib/python3.8/site-packages/airflow/example_dags/example_xcom.py for tasks to queue
[2026-04-21T01:58:40.134+0000] {logging_mixin.py:188} INFO - [2026-04-21T01:58:40.133+0000] {dagbag.py:538} INFO - Filling up the DagBag from /home/airflow/.local/lib/python3.8/site-packages/airflow/example_dags/example_xcom.py
[2026-04-21T01:58:40.143+0000] {processor.py:840} INFO - DAG(s) 'example_xcom' retrieved from /home/airflow/.local/lib/python3.8/site-packages/airflow/example_dags/example_xcom.py
[2026-04-21T01:58:40.169+0000] {logging_mixin.py:188} INFO - [2026-04-21T01:58:40.168+0000] {dag.py:3036} INFO - Sync 1 DAGs
[2026-04-21T01:58:40.193+0000] {logging_mixin.py:188} INFO - [2026-04-21T01:58:40.192+0000] {dag.py:3823} INFO - Setting next_dagrun for example_xcom to 2021-01-01 00:00:00+00:00, run_after=2021-01-01 00:00:00+00:00
[2026-04-21T01:58:40.211+0000] {processor.py:183} INFO - Processing /home/airflow/.local/lib/python3.8/site-packages/airflow/example_dags/example_xcom.py took 0.087 seconds
[2026-04-21T01:59:10.277+0000] {processor.py:161} INFO - Started process (PID=3715017) to work on /home/airflow/.local/lib/python3.8/site-packages/airflow/example_dags/example_xcom.py
[2026-04-21T01:59:10.279+0000] {processor.py:830} INFO - Processing file /home/airflow/.local/lib/python3.8/site-packages/airflow/example_dags/example_xcom.py for tasks to queue
[2026-04-21T01:59:10.281+0000] {logging_mixin.py:188} INFO - [2026-04-21T01:59:10.281+0000] {dagbag.py:538} INFO - Filling up the DagBag from /home/airflow/.local/lib/python3.8/site-packages/airflow/example_dags/example_xcom.py
[2026-04-21T01:59:10.291+0000] {processor.py:840} INFO - DAG(s) 'example_xcom' retrieved from /home/airflow/.local/lib/python3.8/site-packages/airflow/example_dags/example_xcom.py
[2026-04-21T01:59:10.317+0000] {logging_mixin.py:188} INFO - [2026-04-21T01:59:10.316+0000] {dag.py:3036} INFO - Sync 1 DAGs
[2026-04-21T01:59:10.341+0000] {logging_mixin.py:188} INFO - [2026-04-21T01:59:10.340+0000] {dag.py:3823} INFO - Setting next_dagrun for example_xcom to 2021-01-01 00:00:00+00:00, run_after=2021-01-01 00:00:00+00:00
[2026-04-21T01:59:10.359+0000] {processor.py:183} INFO - Processing /home/airflow/.local/lib/python3.8/site-packages/airflow/example_dags/example_xcom.py took 0.087 seconds
[2026-04-21T01:59:40.555+0000] {processor.py:161} INFO - Started process (PID=3715074) to work on /home/airflow/.local/lib/python3.8/site-packages/airflow/example_dags/example_xcom.py
[2026-04-21T01:59:40.556+0000] {processor.py:830} INFO - Processing file /home/airflow/.local/lib/python3.8/site-packages/airflow/example_dags/example_xcom.py for tasks to queue
[2026-04-21T01:59:40.559+0000] {logging_mixin.py:188} INFO - [2026-04-21T01:59:40.558+0000] {dagbag.py:538} INFO - Filling up the DagBag from /home/airflow/.local/lib/python3.8/site-packages/airflow/example_dags/example_xcom.py
[2026-04-21T01:59:40.569+0000] {processor.py:840} INFO - DAG(s) 'example_xcom' retrieved from /home/airflow/.local/lib/python3.8/site-packages/airflow/example_dags/example_xcom.py
[2026-04-21T01:59:40.594+0000] {logging_mixin.py:188} INFO - [2026-04-21T01:59:40.594+0000] {dag.py:3036} INFO - Sync 1 DAGs
[2026-04-21T01:59:40.620+0000] {logging_mixin.py:188} INFO - [2026-04-21T01:59:40.619+0000] {dag.py:3823} INFO - Setting next_dagrun for example_xcom to 2021-01-01 00:00:00+00:00, run_after=2021-01-01 00:00:00+00:00
[2026-04-21T01:59:40.640+0000] {processor.py:183} INFO - Processing /home/airflow/.local/lib/python3.8/site-packages/airflow/example_dags/example_xcom.py took 0.091 seconds
[2026-04-21T02:00:10.914+0000] {processor.py:161} INFO - Started process (PID=3715137) to work on /home/airflow/.local/lib/python3.8/site-packages/airflow/example_dags/example_xcom.py
[2026-04-21T02:00:10.916+0000] {processor.py:830} INFO - Processing file /home/airflow/.local/lib/python3.8/site-packages/airflow/example_dags/example_xcom.py for tasks to queue
[2026-04-21T02:00:10.919+0000] {logging_mixin.py:188} INFO - [2026-04-21T02:00:10.918+0000] {dagbag.py:538} INFO - Filling up the DagBag from /home/airflow/.local/lib/python3.8/site-packages/airflow/example_dags/example_xcom.py
[2026-04-21T02:00:10.929+0000] {processor.py:840} INFO - DAG(s) 'example_xcom' retrieved from /home/airflow/.local/lib/python3.8/site-packages/airflow/example_dags/example_xcom.py
[2026-04-21T02:00:10.956+0000] {logging_mixin.py:188} INFO - [2026-04-21T02:00:10.956+0000] {dag.py:3036} INFO - Sync 1 DAGs
[2026-04-21T02:00:10.980+0000] {logging_mixin.py:188} INFO - [2026-04-21T02:00:10.980+0000] {dag.py:3823} INFO - Setting next_dagrun for example_xcom to 2021-01-01 00:00:00+00:00, run_after=2021-01-01 00:00:00+00:00
[2026-04-21T02:00:11.002+0000] {processor.py:183} INFO - Processing /home/airflow/.local/lib/python3.8/site-packages/airflow/example_dags/example_xcom.py took 0.093 seconds
[2026-04-21T02:00:41.129+0000] {processor.py:161} INFO - Started process (PID=3715194) to work on /home/airflow/.local/lib/python3.8/site-packages/airflow/example_dags/example_xcom.py
[2026-04-21T02:00:41.131+0000] {processor.py:830} INFO - Processing file /home/airflow/.local/lib/python3.8/site-packages/airflow/example_dags/example_xcom.py for tasks to queue
[2026-04-21T02:00:41.134+0000] {logging_mixin.py:188} INFO - [2026-04-21T02:00:41.133+0000] {dagbag.py:538} INFO - Filling up the DagBag from /home/airflow/.local/lib/python3.8/site-packages/airflow/example_dags/example_xcom.py
[2026-04-21T02:00:41.144+0000] {processor.py:840} INFO - DAG(s) 'example_xcom' retrieved from /home/airflow/.local/lib/python3.8/site-packages/airflow/example_dags/example_xcom.py
[2026-04-21T02:00:41.171+0000] {logging_mixin.py:188} INFO - [2026-04-21T02:00:41.171+0000] {dag.py:3036} INFO - Sync 1 DAGs
[2026-04-21T02:00:41.197+0000] {logging_mixin.py:188} INFO - [2026-04-21T02:00:41.197+0000] {dag.py:3823} INFO - Setting next_dagrun for example_xcom to 2021-01-01 00:00:00+00:00, run_after=2021-01-01 00:00:00+00:00
[2026-04-21T02:00:41.218+0000] {processor.py:183} INFO - Processing /home/airflow/.local/lib/python3.8/site-packages/airflow/example_dags/example_xcom.py took 0.094 seconds
[2026-04-21T02:01:11.292+0000] {processor.py:161} INFO - Started process (PID=3715251) to work on /home/airflow/.local/lib/python3.8/site-packages/airflow/example_dags/example_xcom.py
[2026-04-21T02:01:11.294+0000] {processor.py:830} INFO - Processing file /home/airflow/.local/lib/python3.8/site-packages/airflow/example_dags/example_xcom.py for tasks to queue
[2026-04-21T02:01:11.297+0000] {logging_mixin.py:188} INFO - [2026-04-21T02:01:11.296+0000] {dagbag.py:538} INFO - Filling up the DagBag from /home/airflow/.local/lib/python3.8/site-packages/airflow/example_dags/example_xcom.py
[2026-04-21T02:01:11.307+0000] {processor.py:840} INFO - DAG(s) 'example_xcom' retrieved from /home/airflow/.local/lib/python3.8/site-packages/airflow/example_dags/example_xcom.py
[2026-04-21T02:01:11.334+0000] {logging_mixin.py:188} INFO - [2026-04-21T02:01:11.334+0000] {dag.py:3036} INFO - Sync 1 DAGs
[2026-04-21T02:01:11.360+0000] {logging_mixin.py:188} INFO - [2026-04-21T02:01:11.359+0000] {dag.py:3823} INFO - Setting next_dagrun for example_xcom to 2021-01-01 00:00:00+00:00, run_after=2021-01-01 00:00:00+00:00
[2026-04-21T02:01:11.380+0000] {processor.py:183} INFO - Processing /home/airflow/.local/lib/python3.8/site-packages/airflow/example_dags/example_xcom.py took 0.092 seconds
[2026-04-21T02:01:41.635+0000] {processor.py:161} INFO - Started process (PID=3715308) to work on /home/airflow/.local/lib/python3.8/site-packages/airflow/example_dags/example_xcom.py
[2026-04-21T02:01:41.637+0000] {processor.py:830} INFO - Processing file /home/airflow/.local/lib/python3.8/site-packages/airflow/example_dags/example_xcom.py for tasks to queue
[2026-04-21T02:01:41.639+0000] {logging_mixin.py:188} INFO - [2026-04-21T02:01:41.639+0000] {dagbag.py:538} INFO - Filling up the DagBag from /home/airflow/.local/lib/python3.8/site-packages/airflow/example_dags/example_xcom.py
[2026-04-21T02:01:41.650+0000] {processor.py:840} INFO - DAG(s) 'example_xcom' retrieved from /home/airflow/.local/lib/python3.8/site-packages/airflow/example_dags/example_xcom.py
[2026-04-21T02:01:41.675+0000] {logging_mixin.py:188} INFO - [2026-04-21T02:01:41.675+0000] {dag.py:3036} INFO - Sync 1 DAGs
[2026-04-21T02:01:41.699+0000] {logging_mixin.py:188} INFO - [2026-04-21T02:01:41.699+0000] {dag.py:3823} INFO - Setting next_dagrun for example_xcom to 2021-01-01 00:00:00+00:00, run_after=2021-01-01 00:00:00+00:00
[2026-04-21T02:01:41.718+0000] {processor.py:183} INFO - Processing /home/airflow/.local/lib/python3.8/site-packages/airflow/example_dags/example_xcom.py took 0.088 seconds
[2026-04-21T02:02:11.870+0000] {processor.py:161} INFO - Started process (PID=3715365) to work on /home/airflow/.local/lib/python3.8/site-packages/airflow/example_dags/example_xcom.py
[2026-04-21T02:02:11.872+0000] {processor.py:830} INFO - Processing file /home/airflow/.local/lib/python3.8/site-packages/airflow/example_dags/example_xcom.py for tasks to queue
[2026-04-21T02:02:11.874+0000] {logging_mixin.py:188} INFO - [2026-04-21T02:02:11.874+0000] {dagbag.py:538} INFO - Filling up the DagBag from /home/airflow/.local/lib/python3.8/site-packages/airflow/example_dags/example_xcom.py
[2026-04-21T02:02:11.884+0000] {processor.py:840} INFO - DAG(s) 'example_xcom' retrieved from /home/airflow/.local/lib/python3.8/site-packages/airflow/example_dags/example_xcom.py
[2026-04-21T02:02:11.909+0000] {logging_mixin.py:188} INFO - [2026-04-21T02:02:11.909+0000] {dag.py:3036} INFO - Sync 1 DAGs
[2026-04-21T02:02:11.932+0000] {logging_mixin.py:188} INFO - [2026-04-21T02:02:11.932+0000] {dag.py:3823} INFO - Setting next_dagrun for example_xcom to 2021-01-01 00:00:00+00:00, run_after=2021-01-01 00:00:00+00:00
[2026-04-21T02:02:11.950+0000] {processor.py:183} INFO - Processing /home/airflow/.local/lib/python3.8/site-packages/airflow/example_dags/example_xcom.py took 0.085 seconds
[2026-04-21T02:02:42.880+0000] {processor.py:161} INFO - Started process (PID=3715422) to work on /home/airflow/.local/lib/python3.8/site-packages/airflow/example_dags/example_xcom.py
[2026-04-21T02:02:42.882+0000] {processor.py:830} INFO - Processing file /home/airflow/.local/lib/python3.8/site-packages/airflow/example_dags/example_xcom.py for tasks to queue
[2026-04-21T02:02:42.885+0000] {logging_mixin.py:188} INFO - [2026-04-21T02:02:42.884+0000] {dagbag.py:538} INFO - Filling up the DagBag from /home/airflow/.local/lib/python3.8/site-packages/airflow/example_dags/example_xcom.py
[2026-04-21T02:02:42.895+0000] {processor.py:840} INFO - DAG(s) 'example_xcom' retrieved from /home/airflow/.local/lib/python3.8/site-packages/airflow/example_dags/example_xcom.py
[2026-04-21T02:02:42.921+0000] {logging_mixin.py:188} INFO - [2026-04-21T02:02:42.920+0000] {dag.py:3036} INFO - Sync 1 DAGs
[2026-04-21T02:02:42.944+0000] {logging_mixin.py:188} INFO - [2026-04-21T02:02:42.944+0000] {dag.py:3823} INFO - Setting next_dagrun for example_xcom to 2021-01-01 00:00:00+00:00, run_after=2021-01-01 00:00:00+00:00
[2026-04-21T02:02:42.962+0000] {processor.py:183} INFO - Processing /home/airflow/.local/lib/python3.8/site-packages/airflow/example_dags/example_xcom.py took 0.087 seconds
[2026-04-21T02:03:13.277+0000] {processor.py:161} INFO - Started process (PID=3715479) to work on /home/airflow/.local/lib/python3.8/site-packages/airflow/example_dags/example_xcom.py
[2026-04-21T02:03:13.279+0000] {processor.py:830} INFO - Processing file /home/airflow/.local/lib/python3.8/site-packages/airflow/example_dags/example_xcom.py for tasks to queue
[2026-04-21T02:03:13.281+0000] {logging_mixin.py:188} INFO - [2026-04-21T02:03:13.281+0000] {dagbag.py:538} INFO - Filling up the DagBag from /home/airflow/.local/lib/python3.8/site-packages/airflow/example_dags/example_xcom.py
[2026-04-21T02:03:13.292+0000] {processor.py:840} INFO - DAG(s) 'example_xcom' retrieved from /home/airflow/.local/lib/python3.8/site-packages/airflow/example_dags/example_xcom.py
[2026-04-21T02:03:13.317+0000] {logging_mixin.py:188} INFO - [2026-04-21T02:03:13.317+0000] {dag.py:3036} INFO - Sync 1 DAGs
[2026-04-21T02:03:13.343+0000] {logging_mixin.py:188} INFO - [2026-04-21T02:03:13.343+0000] {dag.py:3823} INFO - Setting next_dagrun for example_xcom to 2021-01-01 00:00:00+00:00, run_after=2021-01-01 00:00:00+00:00
[2026-04-21T02:03:13.361+0000] {processor.py:183} INFO - Processing /home/airflow/.local/lib/python3.8/site-packages/airflow/example_dags/example_xcom.py took 0.090 seconds
[2026-04-21T02:03:43.491+0000] {processor.py:161} INFO - Started process (PID=3715536) to work on /home/airflow/.local/lib/python3.8/site-packages/airflow/example_dags/example_xcom.py
[2026-04-21T02:03:43.493+0000] {processor.py:830} INFO - Processing file /home/airflow/.local/lib/python3.8/site-packages/airflow/example_dags/example_xcom.py for tasks to queue
[2026-04-21T02:03:43.495+0000] {logging_mixin.py:188} INFO - [2026-04-21T02:03:43.495+0000] {dagbag.py:538} INFO - Filling up the DagBag from /home/airflow/.local/lib/python3.8/site-packages/airflow/example_dags/example_xcom.py
[2026-04-21T02:03:43.506+0000] {processor.py:840} INFO - DAG(s) 'example_xcom' retrieved from /home/airflow/.local/lib/python3.8/site-packages/airflow/example_dags/example_xcom.py
[2026-04-21T02:03:43.531+0000] {logging_mixin.py:188} INFO - [2026-04-21T02:03:43.531+0000] {dag.py:3036} INFO - Sync 1 DAGs
[2026-04-21T02:03:43.557+0000] {logging_mixin.py:188} INFO - [2026-04-21T02:03:43.557+0000] {dag.py:3823} INFO - Setting next_dagrun for example_xcom to 2021-01-01 00:00:00+00:00, run_after=2021-01-01 00:00:00+00:00
[2026-04-21T02:03:43.579+0000] {processor.py:183} INFO - Processing /home/airflow/.local/lib/python3.8/site-packages/airflow/example_dags/example_xcom.py took 0.094 seconds
[2026-04-21T02:04:13.696+0000] {processor.py:161} INFO - Started process (PID=3715593) to work on /home/airflow/.local/lib/python3.8/site-packages/airflow/example_dags/example_xcom.py
[2026-04-21T02:04:13.698+0000] {processor.py:830} INFO - Processing file /home/airflow/.local/lib/python3.8/site-packages/airflow/example_dags/example_xcom.py for tasks to queue
[2026-04-21T02:04:13.701+0000] {logging_mixin.py:188} INFO - [2026-04-21T02:04:13.701+0000] {dagbag.py:538} INFO - Filling up the DagBag from /home/airflow/.local/lib/python3.8/site-packages/airflow/example_dags/example_xcom.py
[2026-04-21T02:04:13.711+0000] {processor.py:840} INFO - DAG(s) 'example_xcom' retrieved from /home/airflow/.local/lib/python3.8/site-packages/airflow/example_dags/example_xcom.py
[2026-04-21T02:04:13.738+0000] {logging_mixin.py:188} INFO - [2026-04-21T02:04:13.738+0000] {dag.py:3036} INFO - Sync 1 DAGs
[2026-04-21T02:04:13.764+0000] {logging_mixin.py:188} INFO - [2026-04-21T02:04:13.763+0000] {dag.py:3823} INFO - Setting next_dagrun for example_xcom to 2021-01-01 00:00:00+00:00, run_after=2021-01-01 00:00:00+00:00
[2026-04-21T02:04:13.787+0000] {processor.py:183} INFO - Processing /home/airflow/.local/lib/python3.8/site-packages/airflow/example_dags/example_xcom.py took 0.096 seconds
[2026-04-21T02:04:44.032+0000] {processor.py:161} INFO - Started process (PID=3715650) to work on /home/airflow/.local/lib/python3.8/site-packages/airflow/example_dags/example_xcom.py
[2026-04-21T02:04:44.034+0000] {processor.py:830} INFO - Processing file /home/airflow/.local/lib/python3.8/site-packages/airflow/example_dags/example_xcom.py for tasks to queue
[2026-04-21T02:04:44.037+0000] {logging_mixin.py:188} INFO - [2026-04-21T02:04:44.036+0000] {dagbag.py:538} INFO - Filling up the DagBag from /home/airflow/.local/lib/python3.8/site-packages/airflow/example_dags/example_xcom.py
[2026-04-21T02:04:44.047+0000] {processor.py:840} INFO - DAG(s) 'example_xcom' retrieved from /home/airflow/.local/lib/python3.8/site-packages/airflow/example_dags/example_xcom.py
[2026-04-21T02:04:44.074+0000] {logging_mixin.py:188} INFO - [2026-04-21T02:04:44.073+0000] {dag.py:3036} INFO - Sync 1 DAGs
[2026-04-21T02:04:44.099+0000] {logging_mixin.py:188} INFO - [2026-04-21T02:04:44.098+0000] {dag.py:3823} INFO - Setting next_dagrun for example_xcom to 2021-01-01 00:00:00+00:00, run_after=2021-01-01 00:00:00+00:00
[2026-04-21T02:04:44.118+0000] {processor.py:183} INFO - Processing /home/airflow/.local/lib/python3.8/site-packages/airflow/example_dags/example_xcom.py took 0.092 seconds
[2026-04-21T02:05:14.335+0000] {processor.py:161} INFO - Started process (PID=3715707) to work on /home/airflow/.local/lib/python3.8/site-packages/airflow/example_dags/example_xcom.py
[2026-04-21T02:05:14.337+0000] {processor.py:830} INFO - Processing file /home/airflow/.local/lib/python3.8/site-packages/airflow/example_dags/example_xcom.py for tasks to queue
[2026-04-21T02:05:14.339+0000] {logging_mixin.py:188} INFO - [2026-04-21T02:05:14.339+0000] {dagbag.py:538} INFO - Filling up the DagBag from /home/airflow/.local/lib/python3.8/site-packages/airflow/example_dags/example_xcom.py
[2026-04-21T02:05:14.349+0000] {processor.py:840} INFO - DAG(s) 'example_xcom' retrieved from /home/airflow/.local/lib/python3.8/site-packages/airflow/example_dags/example_xcom.py
[2026-04-21T02:05:14.375+0000] {logging_mixin.py:188} INFO - [2026-04-21T02:05:14.375+0000] {dag.py:3036} INFO - Sync 1 DAGs
[2026-04-21T02:05:14.399+0000] {logging_mixin.py:188} INFO - [2026-04-21T02:05:14.399+0000] {dag.py:3823} INFO - Setting next_dagrun for example_xcom to 2021-01-01 00:00:00+00:00, run_after=2021-01-01 00:00:00+00:00
[2026-04-21T02:05:14.418+0000] {processor.py:183} INFO - Processing /home/airflow/.local/lib/python3.8/site-packages/airflow/example_dags/example_xcom.py took 0.088 seconds
[2026-04-21T02:05:44.613+0000] {processor.py:161} INFO - Started process (PID=3715765) to work on /home/airflow/.local/lib/python3.8/site-packages/airflow/example_dags/example_xcom.py
[2026-04-21T02:05:44.614+0000] {processor.py:830} INFO - Processing file /home/airflow/.local/lib/python3.8/site-packages/airflow/example_dags/example_xcom.py for tasks to queue
[2026-04-21T02:05:44.617+0000] {logging_mixin.py:188} INFO - [2026-04-21T02:05:44.616+0000] {dagbag.py:538} INFO - Filling up the DagBag from /home/airflow/.local/lib/python3.8/site-packages/airflow/example_dags/example_xcom.py
[2026-04-21T02:05:44.627+0000] {processor.py:840} INFO - DAG(s) 'example_xcom' retrieved from /home/airflow/.local/lib/python3.8/site-packages/airflow/example_dags/example_xcom.py
[2026-04-21T02:05:44.652+0000] {logging_mixin.py:188} INFO - [2026-04-21T02:05:44.651+0000] {dag.py:3036} INFO - Sync 1 DAGs
[2026-04-21T02:05:44.675+0000] {logging_mixin.py:188} INFO - [2026-04-21T02:05:44.675+0000] {dag.py:3823} INFO - Setting next_dagrun for example_xcom to 2021-01-01 00:00:00+00:00, run_after=2021-01-01 00:00:00+00:00
[2026-04-21T02:05:44.694+0000] {processor.py:183} INFO - Processing /home/airflow/.local/lib/python3.8/site-packages/airflow/example_dags/example_xcom.py took 0.086 seconds
[2026-04-21T02:06:14.874+0000] {processor.py:161} INFO - Started process (PID=3715822) to work on /home/airflow/.local/lib/python3.8/site-packages/airflow/example_dags/example_xcom.py
[2026-04-21T02:06:14.876+0000] {processor.py:830} INFO - Processing file /home/airflow/.local/lib/python3.8/site-packages/airflow/example_dags/example_xcom.py for tasks to queue
[2026-04-21T02:06:14.879+0000] {logging_mixin.py:188} INFO - [2026-04-21T02:06:14.878+0000] {dagbag.py:538} INFO - Filling up the DagBag from /home/airflow/.local/lib/python3.8/site-packages/airflow/example_dags/example_xcom.py
[2026-04-21T02:06:14.888+0000] {processor.py:840} INFO - DAG(s) 'example_xcom' retrieved from /home/airflow/.local/lib/python3.8/site-packages/airflow/example_dags/example_xcom.py
[2026-04-21T02:06:14.913+0000] {logging_mixin.py:188} INFO - [2026-04-21T02:06:14.913+0000] {dag.py:3036} INFO - Sync 1 DAGs
[2026-04-21T02:06:14.937+0000] {logging_mixin.py:188} INFO - [2026-04-21T02:06:14.937+0000] {dag.py:3823} INFO - Setting next_dagrun for example_xcom to 2021-01-01 00:00:00+00:00, run_after=2021-01-01 00:00:00+00:00
[2026-04-21T02:06:14.956+0000] {processor.py:183} INFO - Processing /home/airflow/.local/lib/python3.8/site-packages/airflow/example_dags/example_xcom.py took 0.086 seconds
[2026-04-21T02:06:45.377+0000] {processor.py:161} INFO - Started process (PID=3715879) to work on /home/airflow/.local/lib/python3.8/site-packages/airflow/example_dags/example_xcom.py
[2026-04-21T02:06:45.379+0000] {processor.py:830} INFO - Processing file /home/airflow/.local/lib/python3.8/site-packages/airflow/example_dags/example_xcom.py for tasks to queue
[2026-04-21T02:06:45.381+0000] {logging_mixin.py:188} INFO - [2026-04-21T02:06:45.381+0000] {dagbag.py:538} INFO - Filling up the DagBag from /home/airflow/.local/lib/python3.8/site-packages/airflow/example_dags/example_xcom.py
[2026-04-21T02:06:45.391+0000] {processor.py:840} INFO - DAG(s) 'example_xcom' retrieved from /home/airflow/.local/lib/python3.8/site-packages/airflow/example_dags/example_xcom.py
[2026-04-21T02:06:45.416+0000] {logging_mixin.py:188} INFO - [2026-04-21T02:06:45.416+0000] {dag.py:3036} INFO - Sync 1 DAGs
[2026-04-21T02:06:45.439+0000] {logging_mixin.py:188} INFO - [2026-04-21T02:06:45.439+0000] {dag.py:3823} INFO - Setting next_dagrun for example_xcom to 2021-01-01 00:00:00+00:00, run_after=2021-01-01 00:00:00+00:00
[2026-04-21T02:06:45.458+0000] {processor.py:183} INFO - Processing /home/airflow/.local/lib/python3.8/site-packages/airflow/example_dags/example_xcom.py took 0.086 seconds
[2026-04-21T02:07:16.291+0000] {processor.py:161} INFO - Started process (PID=3715936) to work on /home/airflow/.local/lib/python3.8/site-packages/airflow/example_dags/example_xcom.py
[2026-04-21T02:07:16.293+0000] {processor.py:830} INFO - Processing file /home/airflow/.local/lib/python3.8/site-packages/airflow/example_dags/example_xcom.py for tasks to queue
[2026-04-21T02:07:16.295+0000] {logging_mixin.py:188} INFO - [2026-04-21T02:07:16.295+0000] {dagbag.py:538} INFO - Filling up the DagBag from /home/airflow/.local/lib/python3.8/site-packages/airflow/example_dags/example_xcom.py
[2026-04-21T02:07:16.306+0000] {processor.py:840} INFO - DAG(s) 'example_xcom' retrieved from /home/airflow/.local/lib/python3.8/site-packages/airflow/example_dags/example_xcom.py
[2026-04-21T02:07:16.334+0000] {logging_mixin.py:188} INFO - [2026-04-21T02:07:16.334+0000] {dag.py:3036} INFO - Sync 1 DAGs
[2026-04-21T02:07:16.359+0000] {logging_mixin.py:188} INFO - [2026-04-21T02:07:16.359+0000] {dag.py:3823} INFO - Setting next_dagrun for example_xcom to 2021-01-01 00:00:00+00:00, run_after=2021-01-01 00:00:00+00:00
[2026-04-21T02:07:16.380+0000] {processor.py:183} INFO - Processing /home/airflow/.local/lib/python3.8/site-packages/airflow/example_dags/example_xcom.py took 0.095 seconds
[2026-04-21T02:07:46.555+0000] {processor.py:161} INFO - Started process (PID=3715993) to work on /home/airflow/.local/lib/python3.8/site-packages/airflow/example_dags/example_xcom.py
[2026-04-21T02:07:46.557+0000] {processor.py:830} INFO - Processing file /home/airflow/.local/lib/python3.8/site-packages/airflow/example_dags/example_xcom.py for tasks to queue
[2026-04-21T02:07:46.559+0000] {logging_mixin.py:188} INFO - [2026-04-21T02:07:46.559+0000] {dagbag.py:538} INFO - Filling up the DagBag from /home/airflow/.local/lib/python3.8/site-packages/airflow/example_dags/example_xcom.py
[2026-04-21T02:07:46.570+0000] {processor.py:840} INFO - DAG(s) 'example_xcom' retrieved from /home/airflow/.local/lib/python3.8/site-packages/airflow/example_dags/example_xcom.py
[2026-04-21T02:07:46.596+0000] {logging_mixin.py:188} INFO - [2026-04-21T02:07:46.596+0000] {dag.py:3036} INFO - Sync 1 DAGs
[2026-04-21T02:07:46.621+0000] {logging_mixin.py:188} INFO - [2026-04-21T02:07:46.620+0000] {dag.py:3823} INFO - Setting next_dagrun for example_xcom to 2021-01-01 00:00:00+00:00, run_after=2021-01-01 00:00:00+00:00
[2026-04-21T02:07:46.640+0000] {processor.py:183} INFO - Processing /home/airflow/.local/lib/python3.8/site-packages/airflow/example_dags/example_xcom.py took 0.090 seconds
[2026-04-21T02:08:16.952+0000] {processor.py:161} INFO - Started process (PID=3716050) to work on /home/airflow/.local/lib/python3.8/site-packages/airflow/example_dags/example_xcom.py
[2026-04-21T02:08:16.954+0000] {processor.py:830} INFO - Processing file /home/airflow/.local/lib/python3.8/site-packages/airflow/example_dags/example_xcom.py for tasks to queue
[2026-04-21T02:08:16.957+0000] {logging_mixin.py:188} INFO - [2026-04-21T02:08:16.957+0000] {dagbag.py:538} INFO - Filling up the DagBag from /home/airflow/.local/lib/python3.8/site-packages/airflow/example_dags/example_xcom.py
[2026-04-21T02:08:16.967+0000] {processor.py:840} INFO - DAG(s) 'example_xcom' retrieved from /home/airflow/.local/lib/python3.8/site-packages/airflow/example_dags/example_xcom.py
[2026-04-21T02:08:16.993+0000] {logging_mixin.py:188} INFO - [2026-04-21T02:08:16.993+0000] {dag.py:3036} INFO - Sync 1 DAGs
[2026-04-21T02:08:17.019+0000] {logging_mixin.py:188} INFO - [2026-04-21T02:08:17.019+0000] {dag.py:3823} INFO - Setting next_dagrun for example_xcom to 2021-01-01 00:00:00+00:00, run_after=2021-01-01 00:00:00+00:00
[2026-04-21T02:08:17.038+0000] {processor.py:183} INFO - Processing /home/airflow/.local/lib/python3.8/site-packages/airflow/example_dags/example_xcom.py took 0.091 seconds
[2026-04-21T02:08:47.147+0000] {processor.py:161} INFO - Started process (PID=3716107) to work on /home/airflow/.local/lib/python3.8/site-packages/airflow/example_dags/example_xcom.py
[2026-04-21T02:08:47.149+0000] {processor.py:830} INFO - Processing file /home/airflow/.local/lib/python3.8/site-packages/airflow/example_dags/example_xcom.py for tasks to queue
[2026-04-21T02:08:47.152+0000] {logging_mixin.py:188} INFO - [2026-04-21T02:08:47.152+0000] {dagbag.py:538} INFO - Filling up the DagBag from /home/airflow/.local/lib/python3.8/site-packages/airflow/example_dags/example_xcom.py
[2026-04-21T02:08:47.166+0000] {processor.py:840} INFO - DAG(s) 'example_xcom' retrieved from /home/airflow/.local/lib/python3.8/site-packages/airflow/example_dags/example_xcom.py
[2026-04-21T02:08:47.201+0000] {logging_mixin.py:188} INFO - [2026-04-21T02:08:47.200+0000] {dag.py:3036} INFO - Sync 1 DAGs
[2026-04-21T02:08:47.227+0000] {logging_mixin.py:188} INFO - [2026-04-21T02:08:47.227+0000] {dag.py:3823} INFO - Setting next_dagrun for example_xcom to 2021-01-01 00:00:00+00:00, run_after=2021-01-01 00:00:00+00:00
[2026-04-21T02:08:47.246+0000] {processor.py:183} INFO - Processing /home/airflow/.local/lib/python3.8/site-packages/airflow/example_dags/example_xcom.py took 0.106 seconds
[2026-04-21T02:09:17.415+0000] {processor.py:161} INFO - Started process (PID=3716165) to work on /home/airflow/.local/lib/python3.8/site-packages/airflow/example_dags/example_xcom.py
[2026-04-21T02:09:17.417+0000] {processor.py:830} INFO - Processing file /home/airflow/.local/lib/python3.8/site-packages/airflow/example_dags/example_xcom.py for tasks to queue
[2026-04-21T02:09:17.420+0000] {logging_mixin.py:188} INFO - [2026-04-21T02:09:17.419+0000] {dagbag.py:538} INFO - Filling up the DagBag from /home/airflow/.local/lib/python3.8/site-packages/airflow/example_dags/example_xcom.py
[2026-04-21T02:09:17.430+0000] {processor.py:840} INFO - DAG(s) 'example_xcom' retrieved from /home/airflow/.local/lib/python3.8/site-packages/airflow/example_dags/example_xcom.py
[2026-04-21T02:09:17.456+0000] {logging_mixin.py:188} INFO - [2026-04-21T02:09:17.456+0000] {dag.py:3036} INFO - Sync 1 DAGs
[2026-04-21T02:09:17.480+0000] {logging_mixin.py:188} INFO - [2026-04-21T02:09:17.480+0000] {dag.py:3823} INFO - Setting next_dagrun for example_xcom to 2021-01-01 00:00:00+00:00, run_after=2021-01-01 00:00:00+00:00
[2026-04-21T02:09:17.499+0000] {processor.py:183} INFO - Processing /home/airflow/.local/lib/python3.8/site-packages/airflow/example_dags/example_xcom.py took 0.088 seconds
[2026-04-21T02:09:47.607+0000] {processor.py:161} INFO - Started process (PID=3716222) to work on /home/airflow/.local/lib/python3.8/site-packages/airflow/example_dags/example_xcom.py
[2026-04-21T02:09:47.609+0000] {processor.py:830} INFO - Processing file /home/airflow/.local/lib/python3.8/site-packages/airflow/example_dags/example_xcom.py for tasks to queue
[2026-04-21T02:09:47.612+0000] {logging_mixin.py:188} INFO - [2026-04-21T02:09:47.612+0000] {dagbag.py:538} INFO - Filling up the DagBag from /home/airflow/.local/lib/python3.8/site-packages/airflow/example_dags/example_xcom.py
[2026-04-21T02:09:47.623+0000] {processor.py:840} INFO - DAG(s) 'example_xcom' retrieved from /home/airflow/.local/lib/python3.8/site-packages/airflow/example_dags/example_xcom.py
[2026-04-21T02:09:47.651+0000] {logging_mixin.py:188} INFO - [2026-04-21T02:09:47.650+0000] {dag.py:3036} INFO - Sync 1 DAGs
[2026-04-21T02:09:47.676+0000] {logging_mixin.py:188} INFO - [2026-04-21T02:09:47.675+0000] {dag.py:3823} INFO - Setting next_dagrun for example_xcom to 2021-01-01 00:00:00+00:00, run_after=2021-01-01 00:00:00+00:00
[2026-04-21T02:09:47.699+0000] {processor.py:183} INFO - Processing /home/airflow/.local/lib/python3.8/site-packages/airflow/example_dags/example_xcom.py took 0.098 seconds
[2026-04-21T02:10:17.773+0000] {processor.py:161} INFO - Started process (PID=3716279) to work on /home/airflow/.local/lib/python3.8/site-packages/airflow/example_dags/example_xcom.py
[2026-04-21T02:10:17.775+0000] {processor.py:830} INFO - Processing file /home/airflow/.local/lib/python3.8/site-packages/airflow/example_dags/example_xcom.py for tasks to queue
[2026-04-21T02:10:17.778+0000] {logging_mixin.py:188} INFO - [2026-04-21T02:10:17.777+0000] {dagbag.py:538} INFO - Filling up the DagBag from /home/airflow/.local/lib/python3.8/site-packages/airflow/example_dags/example_xcom.py
[2026-04-21T02:10:17.788+0000] {processor.py:840} INFO - DAG(s) 'example_xcom' retrieved from /home/airflow/.local/lib/python3.8/site-packages/airflow/example_dags/example_xcom.py
[2026-04-21T02:10:17.815+0000] {logging_mixin.py:188} INFO - [2026-04-21T02:10:17.815+0000] {dag.py:3036} INFO - Sync 1 DAGs
[2026-04-21T02:10:17.839+0000] {logging_mixin.py:188} INFO - [2026-04-21T02:10:17.839+0000] {dag.py:3823} INFO - Setting next_dagrun for example_xcom to 2021-01-01 00:00:00+00:00, run_after=2021-01-01 00:00:00+00:00
[2026-04-21T02:10:17.857+0000] {processor.py:183} INFO - Processing /home/airflow/.local/lib/python3.8/site-packages/airflow/example_dags/example_xcom.py took 0.089 seconds
[2026-04-21T02:10:48.320+0000] {processor.py:161} INFO - Started process (PID=3716336) to work on /home/airflow/.local/lib/python3.8/site-packages/airflow/example_dags/example_xcom.py
[2026-04-21T02:10:48.322+0000] {processor.py:830} INFO - Processing file /home/airflow/.local/lib/python3.8/site-packages/airflow/example_dags/example_xcom.py for tasks to queue
[2026-04-21T02:10:48.324+0000] {logging_mixin.py:188} INFO - [2026-04-21T02:10:48.324+0000] {dagbag.py:538} INFO - Filling up the DagBag from /home/airflow/.local/lib/python3.8/site-packages/airflow/example_dags/example_xcom.py
[2026-04-21T02:10:48.334+0000] {processor.py:840} INFO - DAG(s) 'example_xcom' retrieved from /home/airflow/.local/lib/python3.8/site-packages/airflow/example_dags/example_xcom.py
[2026-04-21T02:10:48.360+0000] {logging_mixin.py:188} INFO - [2026-04-21T02:10:48.360+0000] {dag.py:3036} INFO - Sync 1 DAGs
[2026-04-21T02:10:48.385+0000] {logging_mixin.py:188} INFO - [2026-04-21T02:10:48.384+0000] {dag.py:3823} INFO - Setting next_dagrun for example_xcom to 2021-01-01 00:00:00+00:00, run_after=2021-01-01 00:00:00+00:00
[2026-04-21T02:10:48.404+0000] {processor.py:183} INFO - Processing /home/airflow/.local/lib/python3.8/site-packages/airflow/example_dags/example_xcom.py took 0.089 seconds
[2026-04-21T02:11:18.587+0000] {processor.py:161} INFO - Started process (PID=3716393) to work on /home/airflow/.local/lib/python3.8/site-packages/airflow/example_dags/example_xcom.py
[2026-04-21T02:11:18.589+0000] {processor.py:830} INFO - Processing file /home/airflow/.local/lib/python3.8/site-packages/airflow/example_dags/example_xcom.py for tasks to queue
[2026-04-21T02:11:18.592+0000] {logging_mixin.py:188} INFO - [2026-04-21T02:11:18.591+0000] {dagbag.py:538} INFO - Filling up the DagBag from /home/airflow/.local/lib/python3.8/site-packages/airflow/example_dags/example_xcom.py
[2026-04-21T02:11:18.602+0000] {processor.py:840} INFO - DAG(s) 'example_xcom' retrieved from /home/airflow/.local/lib/python3.8/site-packages/airflow/example_dags/example_xcom.py
[2026-04-21T02:11:18.629+0000] {logging_mixin.py:188} INFO - [2026-04-21T02:11:18.629+0000] {dag.py:3036} INFO - Sync 1 DAGs
[2026-04-21T02:11:18.655+0000] {logging_mixin.py:188} INFO - [2026-04-21T02:11:18.655+0000] {dag.py:3823} INFO - Setting next_dagrun for example_xcom to 2021-01-01 00:00:00+00:00, run_after=2021-01-01 00:00:00+00:00
[2026-04-21T02:11:18.683+0000] {processor.py:183} INFO - Processing /home/airflow/.local/lib/python3.8/site-packages/airflow/example_dags/example_xcom.py took 0.101 seconds
[2026-04-21T02:11:48.912+0000] {processor.py:161} INFO - Started process (PID=3716450) to work on /home/airflow/.local/lib/python3.8/site-packages/airflow/example_dags/example_xcom.py
[2026-04-21T02:11:48.914+0000] {processor.py:830} INFO - Processing file /home/airflow/.local/lib/python3.8/site-packages/airflow/example_dags/example_xcom.py for tasks to queue
[2026-04-21T02:11:48.916+0000] {logging_mixin.py:188} INFO - [2026-04-21T02:11:48.916+0000] {dagbag.py:538} INFO - Filling up the DagBag from /home/airflow/.local/lib/python3.8/site-packages/airflow/example_dags/example_xcom.py
[2026-04-21T02:11:48.926+0000] {processor.py:840} INFO - DAG(s) 'example_xcom' retrieved from /home/airflow/.local/lib/python3.8/site-packages/airflow/example_dags/example_xcom.py
[2026-04-21T02:11:48.953+0000] {logging_mixin.py:188} INFO - [2026-04-21T02:11:48.953+0000] {dag.py:3036} INFO - Sync 1 DAGs
[2026-04-21T02:11:48.976+0000] {logging_mixin.py:188} INFO - [2026-04-21T02:11:48.976+0000] {dag.py:3823} INFO - Setting next_dagrun for example_xcom to 2021-01-01 00:00:00+00:00, run_after=2021-01-01 00:00:00+00:00
[2026-04-21T02:11:48.997+0000] {processor.py:183} INFO - Processing /home/airflow/.local/lib/python3.8/site-packages/airflow/example_dags/example_xcom.py took 0.090 seconds
[2026-04-21T02:12:19.155+0000] {processor.py:161} INFO - Started process (PID=3716507) to work on /home/airflow/.local/lib/python3.8/site-packages/airflow/example_dags/example_xcom.py
[2026-04-21T02:12:19.157+0000] {processor.py:830} INFO - Processing file /home/airflow/.local/lib/python3.8/site-packages/airflow/example_dags/example_xcom.py for tasks to queue
[2026-04-21T02:12:19.159+0000] {logging_mixin.py:188} INFO - [2026-04-21T02:12:19.159+0000] {dagbag.py:538} INFO - Filling up the DagBag from /home/airflow/.local/lib/python3.8/site-packages/airflow/example_dags/example_xcom.py
[2026-04-21T02:12:19.169+0000] {processor.py:840} INFO - DAG(s) 'example_xcom' retrieved from /home/airflow/.local/lib/python3.8/site-packages/airflow/example_dags/example_xcom.py
[2026-04-21T02:12:19.194+0000] {logging_mixin.py:188} INFO - [2026-04-21T02:12:19.194+0000] {dag.py:3036} INFO - Sync 1 DAGs
[2026-04-21T02:12:19.217+0000] {logging_mixin.py:188} INFO - [2026-04-21T02:12:19.217+0000] {dag.py:3823} INFO - Setting next_dagrun for example_xcom to 2021-01-01 00:00:00+00:00, run_after=2021-01-01 00:00:00+00:00
[2026-04-21T02:12:19.236+0000] {processor.py:183} INFO - Processing /home/airflow/.local/lib/python3.8/site-packages/airflow/example_dags/example_xcom.py took 0.086 seconds
[2026-04-21T02:12:49.493+0000] {processor.py:161} INFO - Started process (PID=3716564) to work on /home/airflow/.local/lib/python3.8/site-packages/airflow/example_dags/example_xcom.py
[2026-04-21T02:12:49.495+0000] {processor.py:830} INFO - Processing file /home/airflow/.local/lib/python3.8/site-packages/airflow/example_dags/example_xcom.py for tasks to queue
[2026-04-21T02:12:49.497+0000] {logging_mixin.py:188} INFO - [2026-04-21T02:12:49.497+0000] {dagbag.py:538} INFO - Filling up the DagBag from /home/airflow/.local/lib/python3.8/site-packages/airflow/example_dags/example_xcom.py
[2026-04-21T02:12:49.507+0000] {processor.py:840} INFO - DAG(s) 'example_xcom' retrieved from /home/airflow/.local/lib/python3.8/site-packages/airflow/example_dags/example_xcom.py
[2026-04-21T02:12:49.532+0000] {logging_mixin.py:188} INFO - [2026-04-21T02:12:49.532+0000] {dag.py:3036} INFO - Sync 1 DAGs
[2026-04-21T02:12:49.555+0000] {logging_mixin.py:188} INFO - [2026-04-21T02:12:49.555+0000] {dag.py:3823} INFO - Setting next_dagrun for example_xcom to 2021-01-01 00:00:00+00:00, run_after=2021-01-01 00:00:00+00:00
[2026-04-21T02:12:49.573+0000] {processor.py:183} INFO - Processing /home/airflow/.local/lib/python3.8/site-packages/airflow/example_dags/example_xcom.py took 0.085 seconds
[2026-04-21T02:13:19.674+0000] {processor.py:161} INFO - Started process (PID=3716621) to work on /home/airflow/.local/lib/python3.8/site-packages/airflow/example_dags/example_xcom.py
[2026-04-21T02:13:19.676+0000] {processor.py:830} INFO - Processing file /home/airflow/.local/lib/python3.8/site-packages/airflow/example_dags/example_xcom.py for tasks to queue
[2026-04-21T02:13:19.678+0000] {logging_mixin.py:188} INFO - [2026-04-21T02:13:19.678+0000] {dagbag.py:538} INFO - Filling up the DagBag from /home/airflow/.local/lib/python3.8/site-packages/airflow/example_dags/example_xcom.py
[2026-04-21T02:13:19.688+0000] {processor.py:840} INFO - DAG(s) 'example_xcom' retrieved from /home/airflow/.local/lib/python3.8/site-packages/airflow/example_dags/example_xcom.py
[2026-04-21T02:13:19.714+0000] {logging_mixin.py:188} INFO - [2026-04-21T02:13:19.714+0000] {dag.py:3036} INFO - Sync 1 DAGs
[2026-04-21T02:13:19.738+0000] {logging_mixin.py:188} INFO - [2026-04-21T02:13:19.738+0000] {dag.py:3823} INFO - Setting next_dagrun for example_xcom to 2021-01-01 00:00:00+00:00, run_after=2021-01-01 00:00:00+00:00
[2026-04-21T02:13:19.757+0000] {processor.py:183} INFO - Processing /home/airflow/.local/lib/python3.8/site-packages/airflow/example_dags/example_xcom.py took 0.088 seconds
[2026-04-21T02:13:50.080+0000] {processor.py:161} INFO - Started process (PID=3716678) to work on /home/airflow/.local/lib/python3.8/site-packages/airflow/example_dags/example_xcom.py
[2026-04-21T02:13:50.081+0000] {processor.py:830} INFO - Processing file /home/airflow/.local/lib/python3.8/site-packages/airflow/example_dags/example_xcom.py for tasks to queue
[2026-04-21T02:13:50.084+0000] {logging_mixin.py:188} INFO - [2026-04-21T02:13:50.083+0000] {dagbag.py:538} INFO - Filling up the DagBag from /home/airflow/.local/lib/python3.8/site-packages/airflow/example_dags/example_xcom.py
[2026-04-21T02:13:50.094+0000] {processor.py:840} INFO - DAG(s) 'example_xcom' retrieved from /home/airflow/.local/lib/python3.8/site-packages/airflow/example_dags/example_xcom.py
[2026-04-21T02:13:50.119+0000] {logging_mixin.py:188} INFO - [2026-04-21T02:13:50.119+0000] {dag.py:3036} INFO - Sync 1 DAGs
[2026-04-21T02:13:50.146+0000] {logging_mixin.py:188} INFO - [2026-04-21T02:13:50.145+0000] {dag.py:3823} INFO - Setting next_dagrun for example_xcom to 2021-01-01 00:00:00+00:00, run_after=2021-01-01 00:00:00+00:00
[2026-04-21T02:13:50.165+0000] {processor.py:183} INFO - Processing /home/airflow/.local/lib/python3.8/site-packages/airflow/example_dags/example_xcom.py took 0.090 seconds
[2026-04-21T02:14:20.388+0000] {processor.py:161} INFO - Started process (PID=3716735) to work on /home/airflow/.local/lib/python3.8/site-packages/airflow/example_dags/example_xcom.py
[2026-04-21T02:14:20.390+0000] {processor.py:830} INFO - Processing file /home/airflow/.local/lib/python3.8/site-packages/airflow/example_dags/example_xcom.py for tasks to queue
[2026-04-21T02:14:20.393+0000] {logging_mixin.py:188} INFO - [2026-04-21T02:14:20.392+0000] {dagbag.py:538} INFO - Filling up the DagBag from /home/airflow/.local/lib/python3.8/site-packages/airflow/example_dags/example_xcom.py
[2026-04-21T02:14:20.402+0000] {processor.py:840} INFO - DAG(s) 'example_xcom' retrieved from /home/airflow/.local/lib/python3.8/site-packages/airflow/example_dags/example_xcom.py
[2026-04-21T02:14:20.428+0000] {logging_mixin.py:188} INFO - [2026-04-21T02:14:20.428+0000] {dag.py:3036} INFO - Sync 1 DAGs
[2026-04-21T02:14:20.452+0000] {logging_mixin.py:188} INFO - [2026-04-21T02:14:20.451+0000] {dag.py:3823} INFO - Setting next_dagrun for example_xcom to 2021-01-01 00:00:00+00:00, run_after=2021-01-01 00:00:00+00:00
[2026-04-21T02:14:20.473+0000] {processor.py:183} INFO - Processing /home/airflow/.local/lib/python3.8/site-packages/airflow/example_dags/example_xcom.py took 0.089 seconds
[2026-04-21T02:14:50.834+0000] {processor.py:161} INFO - Started process (PID=3716792) to work on /home/airflow/.local/lib/python3.8/site-packages/airflow/example_dags/example_xcom.py
[2026-04-21T02:14:50.836+0000] {processor.py:830} INFO - Processing file /home/airflow/.local/lib/python3.8/site-packages/airflow/example_dags/example_xcom.py for tasks to queue
[2026-04-21T02:14:50.838+0000] {logging_mixin.py:188} INFO - [2026-04-21T02:14:50.837+0000] {dagbag.py:538} INFO - Filling up the DagBag from /home/airflow/.local/lib/python3.8/site-packages/airflow/example_dags/example_xcom.py
[2026-04-21T02:14:50.848+0000] {processor.py:840} INFO - DAG(s) 'example_xcom' retrieved from /home/airflow/.local/lib/python3.8/site-packages/airflow/example_dags/example_xcom.py
[2026-04-21T02:14:50.874+0000] {logging_mixin.py:188} INFO - [2026-04-21T02:14:50.874+0000] {dag.py:3036} INFO - Sync 1 DAGs
[2026-04-21T02:14:50.898+0000] {logging_mixin.py:188} INFO - [2026-04-21T02:14:50.898+0000] {dag.py:3823} INFO - Setting next_dagrun for example_xcom to 2021-01-01 00:00:00+00:00, run_after=2021-01-01 00:00:00+00:00
[2026-04-21T02:14:50.918+0000] {processor.py:183} INFO - Processing /home/airflow/.local/lib/python3.8/site-packages/airflow/example_dags/example_xcom.py took 0.089 seconds
[2026-04-21T02:15:21.761+0000] {processor.py:161} INFO - Started process (PID=3716847) to work on /home/airflow/.local/lib/python3.8/site-packages/airflow/example_dags/example_xcom.py
[2026-04-21T02:15:21.763+0000] {processor.py:830} INFO - Processing file /home/airflow/.local/lib/python3.8/site-packages/airflow/example_dags/example_xcom.py for tasks to queue
[2026-04-21T02:15:21.765+0000] {logging_mixin.py:188} INFO - [2026-04-21T02:15:21.765+0000] {dagbag.py:538} INFO - Filling up the DagBag from /home/airflow/.local/lib/python3.8/site-packages/airflow/example_dags/example_xcom.py
[2026-04-21T02:15:21.776+0000] {processor.py:840} INFO - DAG(s) 'example_xcom' retrieved from /home/airflow/.local/lib/python3.8/site-packages/airflow/example_dags/example_xcom.py
[2026-04-21T02:15:21.806+0000] {logging_mixin.py:188} INFO - [2026-04-21T02:15:21.806+0000] {dag.py:3036} INFO - Sync 1 DAGs
[2026-04-21T02:15:21.831+0000] {logging_mixin.py:188} INFO - [2026-04-21T02:15:21.831+0000] {dag.py:3823} INFO - Setting next_dagrun for example_xcom to 2021-01-01 00:00:00+00:00, run_after=2021-01-01 00:00:00+00:00
[2026-04-21T02:15:21.852+0000] {processor.py:183} INFO - Processing /home/airflow/.local/lib/python3.8/site-packages/airflow/example_dags/example_xcom.py took 0.096 seconds
[2026-04-21T02:15:51.947+0000] {processor.py:161} INFO - Started process (PID=3716902) to work on /home/airflow/.local/lib/python3.8/site-packages/airflow/example_dags/example_xcom.py
[2026-04-21T02:15:51.949+0000] {processor.py:830} INFO - Processing file /home/airflow/.local/lib/python3.8/site-packages/airflow/example_dags/example_xcom.py for tasks to queue
[2026-04-21T02:15:51.951+0000] {logging_mixin.py:188} INFO - [2026-04-21T02:15:51.951+0000] {dagbag.py:538} INFO - Filling up the DagBag from /home/airflow/.local/lib/python3.8/site-packages/airflow/example_dags/example_xcom.py
[2026-04-21T02:15:51.961+0000] {processor.py:840} INFO - DAG(s) 'example_xcom' retrieved from /home/airflow/.local/lib/python3.8/site-packages/airflow/example_dags/example_xcom.py
[2026-04-21T02:15:51.986+0000] {logging_mixin.py:188} INFO - [2026-04-21T02:15:51.986+0000] {dag.py:3036} INFO - Sync 1 DAGs
[2026-04-21T02:15:52.011+0000] {logging_mixin.py:188} INFO - [2026-04-21T02:15:52.010+0000] {dag.py:3823} INFO - Setting next_dagrun for example_xcom to 2021-01-01 00:00:00+00:00, run_after=2021-01-01 00:00:00+00:00
[2026-04-21T02:15:52.030+0000] {processor.py:183} INFO - Processing /home/airflow/.local/lib/python3.8/site-packages/airflow/example_dags/example_xcom.py took 0.088 seconds
[2026-04-21T02:16:22.064+0000] {processor.py:161} INFO - Started process (PID=3716959) to work on /home/airflow/.local/lib/python3.8/site-packages/airflow/example_dags/example_xcom.py
[2026-04-21T02:16:22.065+0000] {processor.py:830} INFO - Processing file /home/airflow/.local/lib/python3.8/site-packages/airflow/example_dags/example_xcom.py for tasks to queue
[2026-04-21T02:16:22.068+0000] {logging_mixin.py:188} INFO - [2026-04-21T02:16:22.067+0000] {dagbag.py:538} INFO - Filling up the DagBag from /home/airflow/.local/lib/python3.8/site-packages/airflow/example_dags/example_xcom.py
[2026-04-21T02:16:22.078+0000] {processor.py:840} INFO - DAG(s) 'example_xcom' retrieved from /home/airflow/.local/lib/python3.8/site-packages/airflow/example_dags/example_xcom.py
[2026-04-21T02:16:22.105+0000] {logging_mixin.py:188} INFO - [2026-04-21T02:16:22.105+0000] {dag.py:3036} INFO - Sync 1 DAGs
[2026-04-21T02:16:22.131+0000] {logging_mixin.py:188} INFO - [2026-04-21T02:16:22.130+0000] {dag.py:3823} INFO - Setting next_dagrun for example_xcom to 2021-01-01 00:00:00+00:00, run_after=2021-01-01 00:00:00+00:00
[2026-04-21T02:16:22.151+0000] {processor.py:183} INFO - Processing /home/airflow/.local/lib/python3.8/site-packages/airflow/example_dags/example_xcom.py took 0.092 seconds
[2026-04-21T02:16:52.342+0000] {processor.py:161} INFO - Started process (PID=3717016) to work on /home/airflow/.local/lib/python3.8/site-packages/airflow/example_dags/example_xcom.py
[2026-04-21T02:16:52.344+0000] {processor.py:830} INFO - Processing file /home/airflow/.local/lib/python3.8/site-packages/airflow/example_dags/example_xcom.py for tasks to queue
[2026-04-21T02:16:52.346+0000] {logging_mixin.py:188} INFO - [2026-04-21T02:16:52.346+0000] {dagbag.py:538} INFO - Filling up the DagBag from /home/airflow/.local/lib/python3.8/site-packages/airflow/example_dags/example_xcom.py
[2026-04-21T02:16:52.356+0000] {processor.py:840} INFO - DAG(s) 'example_xcom' retrieved from /home/airflow/.local/lib/python3.8/site-packages/airflow/example_dags/example_xcom.py
[2026-04-21T02:16:52.383+0000] {logging_mixin.py:188} INFO - [2026-04-21T02:16:52.383+0000] {dag.py:3036} INFO - Sync 1 DAGs
[2026-04-21T02:16:52.407+0000] {logging_mixin.py:188} INFO - [2026-04-21T02:16:52.407+0000] {dag.py:3823} INFO - Setting next_dagrun for example_xcom to 2021-01-01 00:00:00+00:00, run_after=2021-01-01 00:00:00+00:00
[2026-04-21T02:16:52.426+0000] {processor.py:183} INFO - Processing /home/airflow/.local/lib/python3.8/site-packages/airflow/example_dags/example_xcom.py took 0.089 seconds
[2026-04-21T02:17:22.524+0000] {processor.py:161} INFO - Started process (PID=3717073) to work on /home/airflow/.local/lib/python3.8/site-packages/airflow/example_dags/example_xcom.py
[2026-04-21T02:17:22.526+0000] {processor.py:830} INFO - Processing file /home/airflow/.local/lib/python3.8/site-packages/airflow/example_dags/example_xcom.py for tasks to queue
[2026-04-21T02:17:22.529+0000] {logging_mixin.py:188} INFO - [2026-04-21T02:17:22.528+0000] {dagbag.py:538} INFO - Filling up the DagBag from /home/airflow/.local/lib/python3.8/site-packages/airflow/example_dags/example_xcom.py
[2026-04-21T02:17:22.539+0000] {processor.py:840} INFO - DAG(s) 'example_xcom' retrieved from /home/airflow/.local/lib/python3.8/site-packages/airflow/example_dags/example_xcom.py
[2026-04-21T02:17:22.564+0000] {logging_mixin.py:188} INFO - [2026-04-21T02:17:22.564+0000] {dag.py:3036} INFO - Sync 1 DAGs
[2026-04-21T02:17:22.587+0000] {logging_mixin.py:188} INFO - [2026-04-21T02:17:22.587+0000] {dag.py:3823} INFO - Setting next_dagrun for example_xcom to 2021-01-01 00:00:00+00:00, run_after=2021-01-01 00:00:00+00:00
[2026-04-21T02:17:22.606+0000] {processor.py:183} INFO - Processing /home/airflow/.local/lib/python3.8/site-packages/airflow/example_dags/example_xcom.py took 0.086 seconds
[2026-04-21T02:17:52.934+0000] {processor.py:161} INFO - Started process (PID=3717130) to work on /home/airflow/.local/lib/python3.8/site-packages/airflow/example_dags/example_xcom.py
[2026-04-21T02:17:52.936+0000] {processor.py:830} INFO - Processing file /home/airflow/.local/lib/python3.8/site-packages/airflow/example_dags/example_xcom.py for tasks to queue
[2026-04-21T02:17:52.938+0000] {logging_mixin.py:188} INFO - [2026-04-21T02:17:52.938+0000] {dagbag.py:538} INFO - Filling up the DagBag from /home/airflow/.local/lib/python3.8/site-packages/airflow/example_dags/example_xcom.py
[2026-04-21T02:17:52.948+0000] {processor.py:840} INFO - DAG(s) 'example_xcom' retrieved from /home/airflow/.local/lib/python3.8/site-packages/airflow/example_dags/example_xcom.py
[2026-04-21T02:17:52.974+0000] {logging_mixin.py:188} INFO - [2026-04-21T02:17:52.973+0000] {dag.py:3036} INFO - Sync 1 DAGs
[2026-04-21T02:17:52.997+0000] {logging_mixin.py:188} INFO - [2026-04-21T02:17:52.997+0000] {dag.py:3823} INFO - Setting next_dagrun for example_xcom to 2021-01-01 00:00:00+00:00, run_after=2021-01-01 00:00:00+00:00
[2026-04-21T02:17:53.015+0000] {processor.py:183} INFO - Processing /home/airflow/.local/lib/python3.8/site-packages/airflow/example_dags/example_xcom.py took 0.086 seconds
[2026-04-21T02:18:23.440+0000] {processor.py:161} INFO - Started process (PID=3717187) to work on /home/airflow/.local/lib/python3.8/site-packages/airflow/example_dags/example_xcom.py
[2026-04-21T02:18:23.442+0000] {processor.py:830} INFO - Processing file /home/airflow/.local/lib/python3.8/site-packages/airflow/example_dags/example_xcom.py for tasks to queue
[2026-04-21T02:18:23.445+0000] {logging_mixin.py:188} INFO - [2026-04-21T02:18:23.444+0000] {dagbag.py:538} INFO - Filling up the DagBag from /home/airflow/.local/lib/python3.8/site-packages/airflow/example_dags/example_xcom.py
[2026-04-21T02:18:23.455+0000] {processor.py:840} INFO - DAG(s) 'example_xcom' retrieved from /home/airflow/.local/lib/python3.8/site-packages/airflow/example_dags/example_xcom.py
[2026-04-21T02:18:23.481+0000] {logging_mixin.py:188} INFO - [2026-04-21T02:18:23.481+0000] {dag.py:3036} INFO - Sync 1 DAGs
[2026-04-21T02:18:23.505+0000] {logging_mixin.py:188} INFO - [2026-04-21T02:18:23.505+0000] {dag.py:3823} INFO - Setting next_dagrun for example_xcom to 2021-01-01 00:00:00+00:00, run_after=2021-01-01 00:00:00+00:00
[2026-04-21T02:18:23.525+0000] {processor.py:183} INFO - Processing /home/airflow/.local/lib/python3.8/site-packages/airflow/example_dags/example_xcom.py took 0.090 seconds
[2026-04-21T02:18:53.735+0000] {processor.py:161} INFO - Started process (PID=3717244) to work on /home/airflow/.local/lib/python3.8/site-packages/airflow/example_dags/example_xcom.py
[2026-04-21T02:18:53.737+0000] {processor.py:830} INFO - Processing file /home/airflow/.local/lib/python3.8/site-packages/airflow/example_dags/example_xcom.py for tasks to queue
[2026-04-21T02:18:53.739+0000] {logging_mixin.py:188} INFO - [2026-04-21T02:18:53.739+0000] {dagbag.py:538} INFO - Filling up the DagBag from /home/airflow/.local/lib/python3.8/site-packages/airflow/example_dags/example_xcom.py
[2026-04-21T02:18:53.749+0000] {processor.py:840} INFO - DAG(s) 'example_xcom' retrieved from /home/airflow/.local/lib/python3.8/site-packages/airflow/example_dags/example_xcom.py
[2026-04-21T02:18:53.782+0000] {logging_mixin.py:188} INFO - [2026-04-21T02:18:53.782+0000] {dag.py:3036} INFO - Sync 1 DAGs
[2026-04-21T02:18:53.815+0000] {logging_mixin.py:188} INFO - [2026-04-21T02:18:53.815+0000] {dag.py:3823} INFO - Setting next_dagrun for example_xcom to 2021-01-01 00:00:00+00:00, run_after=2021-01-01 00:00:00+00:00
[2026-04-21T02:18:53.841+0000] {processor.py:183} INFO - Processing /home/airflow/.local/lib/python3.8/site-packages/airflow/example_dags/example_xcom.py took 0.111 seconds
[2026-04-21T02:19:24.036+0000] {processor.py:161} INFO - Started process (PID=3717301) to work on /home/airflow/.local/lib/python3.8/site-packages/airflow/example_dags/example_xcom.py
[2026-04-21T02:19:24.038+0000] {processor.py:830} INFO - Processing file /home/airflow/.local/lib/python3.8/site-packages/airflow/example_dags/example_xcom.py for tasks to queue
[2026-04-21T02:19:24.041+0000] {logging_mixin.py:188} INFO - [2026-04-21T02:19:24.040+0000] {dagbag.py:538} INFO - Filling up the DagBag from /home/airflow/.local/lib/python3.8/site-packages/airflow/example_dags/example_xcom.py
[2026-04-21T02:19:24.051+0000] {processor.py:840} INFO - DAG(s) 'example_xcom' retrieved from /home/airflow/.local/lib/python3.8/site-packages/airflow/example_dags/example_xcom.py
[2026-04-21T02:19:24.075+0000] {logging_mixin.py:188} INFO - [2026-04-21T02:19:24.075+0000] {dag.py:3036} INFO - Sync 1 DAGs
[2026-04-21T02:19:24.099+0000] {logging_mixin.py:188} INFO - [2026-04-21T02:19:24.099+0000] {dag.py:3823} INFO - Setting next_dagrun for example_xcom to 2021-01-01 00:00:00+00:00, run_after=2021-01-01 00:00:00+00:00
[2026-04-21T02:19:24.117+0000] {processor.py:183} INFO - Processing /home/airflow/.local/lib/python3.8/site-packages/airflow/example_dags/example_xcom.py took 0.085 seconds
[2026-04-21T02:19:54.297+0000] {processor.py:161} INFO - Started process (PID=3717358) to work on /home/airflow/.local/lib/python3.8/site-packages/airflow/example_dags/example_xcom.py
[2026-04-21T02:19:54.299+0000] {processor.py:830} INFO - Processing file /home/airflow/.local/lib/python3.8/site-packages/airflow/example_dags/example_xcom.py for tasks to queue
[2026-04-21T02:19:54.301+0000] {logging_mixin.py:188} INFO - [2026-04-21T02:19:54.301+0000] {dagbag.py:538} INFO - Filling up the DagBag from /home/airflow/.local/lib/python3.8/site-packages/airflow/example_dags/example_xcom.py
[2026-04-21T02:19:54.311+0000] {processor.py:840} INFO - DAG(s) 'example_xcom' retrieved from /home/airflow/.local/lib/python3.8/site-packages/airflow/example_dags/example_xcom.py
[2026-04-21T02:19:54.336+0000] {logging_mixin.py:188} INFO - [2026-04-21T02:19:54.336+0000] {dag.py:3036} INFO - Sync 1 DAGs
[2026-04-21T02:19:54.360+0000] {logging_mixin.py:188} INFO - [2026-04-21T02:19:54.360+0000] {dag.py:3823} INFO - Setting next_dagrun for example_xcom to 2021-01-01 00:00:00+00:00, run_after=2021-01-01 00:00:00+00:00
[2026-04-21T02:19:54.378+0000] {processor.py:183} INFO - Processing /home/airflow/.local/lib/python3.8/site-packages/airflow/example_dags/example_xcom.py took 0.086 seconds
[2026-04-21T02:20:24.447+0000] {processor.py:161} INFO - Started process (PID=3717415) to work on /home/airflow/.local/lib/python3.8/site-packages/airflow/example_dags/example_xcom.py
[2026-04-21T02:20:24.449+0000] {processor.py:830} INFO - Processing file /home/airflow/.local/lib/python3.8/site-packages/airflow/example_dags/example_xcom.py for tasks to queue
[2026-04-21T02:20:24.452+0000] {logging_mixin.py:188} INFO - [2026-04-21T02:20:24.451+0000] {dagbag.py:538} INFO - Filling up the DagBag from /home/airflow/.local/lib/python3.8/site-packages/airflow/example_dags/example_xcom.py
[2026-04-21T02:20:24.462+0000] {processor.py:840} INFO - DAG(s) 'example_xcom' retrieved from /home/airflow/.local/lib/python3.8/site-packages/airflow/example_dags/example_xcom.py
[2026-04-21T02:20:24.488+0000] {logging_mixin.py:188} INFO - [2026-04-21T02:20:24.487+0000] {dag.py:3036} INFO - Sync 1 DAGs
[2026-04-21T02:20:24.512+0000] {logging_mixin.py:188} INFO - [2026-04-21T02:20:24.512+0000] {dag.py:3823} INFO - Setting next_dagrun for example_xcom to 2021-01-01 00:00:00+00:00, run_after=2021-01-01 00:00:00+00:00
[2026-04-21T02:20:24.534+0000] {processor.py:183} INFO - Processing /home/airflow/.local/lib/python3.8/site-packages/airflow/example_dags/example_xcom.py took 0.091 seconds
[2026-04-21T02:20:54.693+0000] {processor.py:161} INFO - Started process (PID=3717472) to work on /home/airflow/.local/lib/python3.8/site-packages/airflow/example_dags/example_xcom.py
[2026-04-21T02:20:54.695+0000] {processor.py:830} INFO - Processing file /home/airflow/.local/lib/python3.8/site-packages/airflow/example_dags/example_xcom.py for tasks to queue
[2026-04-21T02:20:54.697+0000] {logging_mixin.py:188} INFO - [2026-04-21T02:20:54.697+0000] {dagbag.py:538} INFO - Filling up the DagBag from /home/airflow/.local/lib/python3.8/site-packages/airflow/example_dags/example_xcom.py
[2026-04-21T02:20:54.707+0000] {processor.py:840} INFO - DAG(s) 'example_xcom' retrieved from /home/airflow/.local/lib/python3.8/site-packages/airflow/example_dags/example_xcom.py
[2026-04-21T02:20:54.732+0000] {logging_mixin.py:188} INFO - [2026-04-21T02:20:54.732+0000] {dag.py:3036} INFO - Sync 1 DAGs
[2026-04-21T02:20:54.755+0000] {logging_mixin.py:188} INFO - [2026-04-21T02:20:54.755+0000] {dag.py:3823} INFO - Setting next_dagrun for example_xcom to 2021-01-01 00:00:00+00:00, run_after=2021-01-01 00:00:00+00:00
[2026-04-21T02:20:54.774+0000] {processor.py:183} INFO - Processing /home/airflow/.local/lib/python3.8/site-packages/airflow/example_dags/example_xcom.py took 0.086 seconds
[2026-04-21T02:21:25.164+0000] {processor.py:161} INFO - Started process (PID=3717529) to work on /home/airflow/.local/lib/python3.8/site-packages/airflow/example_dags/example_xcom.py
[2026-04-21T02:21:25.166+0000] {processor.py:830} INFO - Processing file /home/airflow/.local/lib/python3.8/site-packages/airflow/example_dags/example_xcom.py for tasks to queue
[2026-04-21T02:21:25.168+0000] {logging_mixin.py:188} INFO - [2026-04-21T02:21:25.168+0000] {dagbag.py:538} INFO - Filling up the DagBag from /home/airflow/.local/lib/python3.8/site-packages/airflow/example_dags/example_xcom.py
[2026-04-21T02:21:25.179+0000] {processor.py:840} INFO - DAG(s) 'example_xcom' retrieved from /home/airflow/.local/lib/python3.8/site-packages/airflow/example_dags/example_xcom.py
[2026-04-21T02:21:25.205+0000] {logging_mixin.py:188} INFO - [2026-04-21T02:21:25.205+0000] {dag.py:3036} INFO - Sync 1 DAGs
[2026-04-21T02:21:25.229+0000] {logging_mixin.py:188} INFO - [2026-04-21T02:21:25.229+0000] {dag.py:3823} INFO - Setting next_dagrun for example_xcom to 2021-01-01 00:00:00+00:00, run_after=2021-01-01 00:00:00+00:00
[2026-04-21T02:21:25.248+0000] {processor.py:183} INFO - Processing /home/airflow/.local/lib/python3.8/site-packages/airflow/example_dags/example_xcom.py took 0.089 seconds
[2026-04-21T02:21:55.441+0000] {processor.py:161} INFO - Started process (PID=3717586) to work on /home/airflow/.local/lib/python3.8/site-packages/airflow/example_dags/example_xcom.py
[2026-04-21T02:21:55.443+0000] {processor.py:830} INFO - Processing file /home/airflow/.local/lib/python3.8/site-packages/airflow/example_dags/example_xcom.py for tasks to queue
[2026-04-21T02:21:55.445+0000] {logging_mixin.py:188} INFO - [2026-04-21T02:21:55.444+0000] {dagbag.py:538} INFO - Filling up the DagBag from /home/airflow/.local/lib/python3.8/site-packages/airflow/example_dags/example_xcom.py
[2026-04-21T02:21:55.455+0000] {processor.py:840} INFO - DAG(s) 'example_xcom' retrieved from /home/airflow/.local/lib/python3.8/site-packages/airflow/example_dags/example_xcom.py
[2026-04-21T02:21:55.479+0000] {logging_mixin.py:188} INFO - [2026-04-21T02:21:55.479+0000] {dag.py:3036} INFO - Sync 1 DAGs
[2026-04-21T02:21:55.505+0000] {logging_mixin.py:188} INFO - [2026-04-21T02:21:55.505+0000] {dag.py:3823} INFO - Setting next_dagrun for example_xcom to 2021-01-01 00:00:00+00:00, run_after=2021-01-01 00:00:00+00:00
[2026-04-21T02:21:55.526+0000] {processor.py:183} INFO - Processing /home/airflow/.local/lib/python3.8/site-packages/airflow/example_dags/example_xcom.py took 0.090 seconds
[2026-04-21T02:22:25.898+0000] {processor.py:161} INFO - Started process (PID=3717643) to work on /home/airflow/.local/lib/python3.8/site-packages/airflow/example_dags/example_xcom.py
[2026-04-21T02:22:25.900+0000] {processor.py:830} INFO - Processing file /home/airflow/.local/lib/python3.8/site-packages/airflow/example_dags/example_xcom.py for tasks to queue
[2026-04-21T02:22:25.903+0000] {logging_mixin.py:188} INFO - [2026-04-21T02:22:25.902+0000] {dagbag.py:538} INFO - Filling up the DagBag from /home/airflow/.local/lib/python3.8/site-packages/airflow/example_dags/example_xcom.py
[2026-04-21T02:22:25.913+0000] {processor.py:840} INFO - DAG(s) 'example_xcom' retrieved from /home/airflow/.local/lib/python3.8/site-packages/airflow/example_dags/example_xcom.py
[2026-04-21T02:22:25.940+0000] {logging_mixin.py:188} INFO - [2026-04-21T02:22:25.940+0000] {dag.py:3036} INFO - Sync 1 DAGs
[2026-04-21T02:22:25.966+0000] {logging_mixin.py:188} INFO - [2026-04-21T02:22:25.966+0000] {dag.py:3823} INFO - Setting next_dagrun for example_xcom to 2021-01-01 00:00:00+00:00, run_after=2021-01-01 00:00:00+00:00
[2026-04-21T02:22:25.986+0000] {processor.py:183} INFO - Processing /home/airflow/.local/lib/python3.8/site-packages/airflow/example_dags/example_xcom.py took 0.093 seconds
[2026-04-21T02:22:56.104+0000] {processor.py:161} INFO - Started process (PID=3717700) to work on /home/airflow/.local/lib/python3.8/site-packages/airflow/example_dags/example_xcom.py
[2026-04-21T02:22:56.106+0000] {processor.py:830} INFO - Processing file /home/airflow/.local/lib/python3.8/site-packages/airflow/example_dags/example_xcom.py for tasks to queue
[2026-04-21T02:22:56.109+0000] {logging_mixin.py:188} INFO - [2026-04-21T02:22:56.108+0000] {dagbag.py:538} INFO - Filling up the DagBag from /home/airflow/.local/lib/python3.8/site-packages/airflow/example_dags/example_xcom.py
[2026-04-21T02:22:56.118+0000] {processor.py:840} INFO - DAG(s) 'example_xcom' retrieved from /home/airflow/.local/lib/python3.8/site-packages/airflow/example_dags/example_xcom.py
[2026-04-21T02:22:56.145+0000] {logging_mixin.py:188} INFO - [2026-04-21T02:22:56.144+0000] {dag.py:3036} INFO - Sync 1 DAGs
[2026-04-21T02:22:56.169+0000] {logging_mixin.py:188} INFO - [2026-04-21T02:22:56.168+0000] {dag.py:3823} INFO - Setting next_dagrun for example_xcom to 2021-01-01 00:00:00+00:00, run_after=2021-01-01 00:00:00+00:00
[2026-04-21T02:22:56.189+0000] {processor.py:183} INFO - Processing /home/airflow/.local/lib/python3.8/site-packages/airflow/example_dags/example_xcom.py took 0.090 seconds
[2026-04-21T02:23:26.366+0000] {processor.py:161} INFO - Started process (PID=3717757) to work on /home/airflow/.local/lib/python3.8/site-packages/airflow/example_dags/example_xcom.py
[2026-04-21T02:23:26.367+0000] {processor.py:830} INFO - Processing file /home/airflow/.local/lib/python3.8/site-packages/airflow/example_dags/example_xcom.py for tasks to queue
[2026-04-21T02:23:26.370+0000] {logging_mixin.py:188} INFO - [2026-04-21T02:23:26.369+0000] {dagbag.py:538} INFO - Filling up the DagBag from /home/airflow/.local/lib/python3.8/site-packages/airflow/example_dags/example_xcom.py
[2026-04-21T02:23:26.380+0000] {processor.py:840} INFO - DAG(s) 'example_xcom' retrieved from /home/airflow/.local/lib/python3.8/site-packages/airflow/example_dags/example_xcom.py
[2026-04-21T02:23:26.404+0000] {logging_mixin.py:188} INFO - [2026-04-21T02:23:26.404+0000] {dag.py:3036} INFO - Sync 1 DAGs
[2026-04-21T02:23:26.427+0000] {logging_mixin.py:188} INFO - [2026-04-21T02:23:26.427+0000] {dag.py:3823} INFO - Setting next_dagrun for example_xcom to 2021-01-01 00:00:00+00:00, run_after=2021-01-01 00:00:00+00:00
[2026-04-21T02:23:26.445+0000] {processor.py:183} INFO - Processing /home/airflow/.local/lib/python3.8/site-packages/airflow/example_dags/example_xcom.py took 0.085 seconds
[2026-04-21T02:23:56.623+0000] {processor.py:161} INFO - Started process (PID=3717814) to work on /home/airflow/.local/lib/python3.8/site-packages/airflow/example_dags/example_xcom.py
[2026-04-21T02:23:56.625+0000] {processor.py:830} INFO - Processing file /home/airflow/.local/lib/python3.8/site-packages/airflow/example_dags/example_xcom.py for tasks to queue
[2026-04-21T02:23:56.628+0000] {logging_mixin.py:188} INFO - [2026-04-21T02:23:56.627+0000] {dagbag.py:538} INFO - Filling up the DagBag from /home/airflow/.local/lib/python3.8/site-packages/airflow/example_dags/example_xcom.py
[2026-04-21T02:23:56.642+0000] {processor.py:840} INFO - DAG(s) 'example_xcom' retrieved from /home/airflow/.local/lib/python3.8/site-packages/airflow/example_dags/example_xcom.py
[2026-04-21T02:23:56.671+0000] {logging_mixin.py:188} INFO - [2026-04-21T02:23:56.671+0000] {dag.py:3036} INFO - Sync 1 DAGs
[2026-04-21T02:23:56.695+0000] {logging_mixin.py:188} INFO - [2026-04-21T02:23:56.695+0000] {dag.py:3823} INFO - Setting next_dagrun for example_xcom to 2021-01-01 00:00:00+00:00, run_after=2021-01-01 00:00:00+00:00
[2026-04-21T02:23:56.716+0000] {processor.py:183} INFO - Processing /home/airflow/.local/lib/python3.8/site-packages/airflow/example_dags/example_xcom.py took 0.099 seconds
[2026-04-21T02:24:27.082+0000] {processor.py:161} INFO - Started process (PID=3717871) to work on /home/airflow/.local/lib/python3.8/site-packages/airflow/example_dags/example_xcom.py
[2026-04-21T02:24:27.084+0000] {processor.py:830} INFO - Processing file /home/airflow/.local/lib/python3.8/site-packages/airflow/example_dags/example_xcom.py for tasks to queue
[2026-04-21T02:24:27.086+0000] {logging_mixin.py:188} INFO - [2026-04-21T02:24:27.086+0000] {dagbag.py:538} INFO - Filling up the DagBag from /home/airflow/.local/lib/python3.8/site-packages/airflow/example_dags/example_xcom.py
[2026-04-21T02:24:27.097+0000] {processor.py:840} INFO - DAG(s) 'example_xcom' retrieved from /home/airflow/.local/lib/python3.8/site-packages/airflow/example_dags/example_xcom.py
[2026-04-21T02:24:27.122+0000] {logging_mixin.py:188} INFO - [2026-04-21T02:24:27.122+0000] {dag.py:3036} INFO - Sync 1 DAGs
[2026-04-21T02:24:27.146+0000] {logging_mixin.py:188} INFO - [2026-04-21T02:24:27.146+0000] {dag.py:3823} INFO - Setting next_dagrun for example_xcom to 2021-01-01 00:00:00+00:00, run_after=2021-01-01 00:00:00+00:00
[2026-04-21T02:24:27.166+0000] {processor.py:183} INFO - Processing /home/airflow/.local/lib/python3.8/site-packages/airflow/example_dags/example_xcom.py took 0.089 seconds
[2026-04-21T02:24:57.288+0000] {processor.py:161} INFO - Started process (PID=3717928) to work on /home/airflow/.local/lib/python3.8/site-packages/airflow/example_dags/example_xcom.py
[2026-04-21T02:24:57.290+0000] {processor.py:830} INFO - Processing file /home/airflow/.local/lib/python3.8/site-packages/airflow/example_dags/example_xcom.py for tasks to queue
[2026-04-21T02:24:57.293+0000] {logging_mixin.py:188} INFO - [2026-04-21T02:24:57.292+0000] {dagbag.py:538} INFO - Filling up the DagBag from /home/airflow/.local/lib/python3.8/site-packages/airflow/example_dags/example_xcom.py
[2026-04-21T02:24:57.303+0000] {processor.py:840} INFO - DAG(s) 'example_xcom' retrieved from /home/airflow/.local/lib/python3.8/site-packages/airflow/example_dags/example_xcom.py
[2026-04-21T02:24:57.328+0000] {logging_mixin.py:188} INFO - [2026-04-21T02:24:57.327+0000] {dag.py:3036} INFO - Sync 1 DAGs
[2026-04-21T02:24:57.352+0000] {logging_mixin.py:188} INFO - [2026-04-21T02:24:57.351+0000] {dag.py:3823} INFO - Setting next_dagrun for example_xcom to 2021-01-01 00:00:00+00:00, run_after=2021-01-01 00:00:00+00:00
[2026-04-21T02:24:57.371+0000] {processor.py:183} INFO - Processing /home/airflow/.local/lib/python3.8/site-packages/airflow/example_dags/example_xcom.py took 0.087 seconds
[2026-04-21T02:25:27.590+0000] {processor.py:161} INFO - Started process (PID=3717985) to work on /home/airflow/.local/lib/python3.8/site-packages/airflow/example_dags/example_xcom.py
[2026-04-21T02:25:27.592+0000] {processor.py:830} INFO - Processing file /home/airflow/.local/lib/python3.8/site-packages/airflow/example_dags/example_xcom.py for tasks to queue
[2026-04-21T02:25:27.594+0000] {logging_mixin.py:188} INFO - [2026-04-21T02:25:27.594+0000] {dagbag.py:538} INFO - Filling up the DagBag from /home/airflow/.local/lib/python3.8/site-packages/airflow/example_dags/example_xcom.py
[2026-04-21T02:25:27.604+0000] {processor.py:840} INFO - DAG(s) 'example_xcom' retrieved from /home/airflow/.local/lib/python3.8/site-packages/airflow/example_dags/example_xcom.py
[2026-04-21T02:25:27.629+0000] {logging_mixin.py:188} INFO - [2026-04-21T02:25:27.629+0000] {dag.py:3036} INFO - Sync 1 DAGs
[2026-04-21T02:25:27.652+0000] {logging_mixin.py:188} INFO - [2026-04-21T02:25:27.652+0000] {dag.py:3823} INFO - Setting next_dagrun for example_xcom to 2021-01-01 00:00:00+00:00, run_after=2021-01-01 00:00:00+00:00
[2026-04-21T02:25:27.671+0000] {processor.py:183} INFO - Processing /home/airflow/.local/lib/python3.8/site-packages/airflow/example_dags/example_xcom.py took 0.085 seconds
[2026-04-21T02:25:57.799+0000] {processor.py:161} INFO - Started process (PID=3718042) to work on /home/airflow/.local/lib/python3.8/site-packages/airflow/example_dags/example_xcom.py
[2026-04-21T02:25:57.801+0000] {processor.py:830} INFO - Processing file /home/airflow/.local/lib/python3.8/site-packages/airflow/example_dags/example_xcom.py for tasks to queue
[2026-04-21T02:25:57.804+0000] {logging_mixin.py:188} INFO - [2026-04-21T02:25:57.803+0000] {dagbag.py:538} INFO - Filling up the DagBag from /home/airflow/.local/lib/python3.8/site-packages/airflow/example_dags/example_xcom.py
[2026-04-21T02:25:57.814+0000] {processor.py:840} INFO - DAG(s) 'example_xcom' retrieved from /home/airflow/.local/lib/python3.8/site-packages/airflow/example_dags/example_xcom.py
[2026-04-21T02:25:57.839+0000] {logging_mixin.py:188} INFO - [2026-04-21T02:25:57.839+0000] {dag.py:3036} INFO - Sync 1 DAGs
[2026-04-21T02:25:57.863+0000] {logging_mixin.py:188} INFO - [2026-04-21T02:25:57.863+0000] {dag.py:3823} INFO - Setting next_dagrun for example_xcom to 2021-01-01 00:00:00+00:00, run_after=2021-01-01 00:00:00+00:00
[2026-04-21T02:25:57.882+0000] {processor.py:183} INFO - Processing /home/airflow/.local/lib/python3.8/site-packages/airflow/example_dags/example_xcom.py took 0.088 seconds
[2026-04-21T02:26:28.300+0000] {processor.py:161} INFO - Started process (PID=3718099) to work on /home/airflow/.local/lib/python3.8/site-packages/airflow/example_dags/example_xcom.py
[2026-04-21T02:26:28.302+0000] {processor.py:830} INFO - Processing file /home/airflow/.local/lib/python3.8/site-packages/airflow/example_dags/example_xcom.py for tasks to queue
[2026-04-21T02:26:28.304+0000] {logging_mixin.py:188} INFO - [2026-04-21T02:26:28.304+0000] {dagbag.py:538} INFO - Filling up the DagBag from /home/airflow/.local/lib/python3.8/site-packages/airflow/example_dags/example_xcom.py
[2026-04-21T02:26:28.314+0000] {processor.py:840} INFO - DAG(s) 'example_xcom' retrieved from /home/airflow/.local/lib/python3.8/site-packages/airflow/example_dags/example_xcom.py
[2026-04-21T02:26:28.342+0000] {logging_mixin.py:188} INFO - [2026-04-21T02:26:28.342+0000] {dag.py:3036} INFO - Sync 1 DAGs
[2026-04-21T02:26:28.366+0000] {logging_mixin.py:188} INFO - [2026-04-21T02:26:28.366+0000] {dag.py:3823} INFO - Setting next_dagrun for example_xcom to 2021-01-01 00:00:00+00:00, run_after=2021-01-01 00:00:00+00:00
[2026-04-21T02:26:28.389+0000] {processor.py:183} INFO - Processing /home/airflow/.local/lib/python3.8/site-packages/airflow/example_dags/example_xcom.py took 0.094 seconds
[2026-04-21T02:26:58.567+0000] {processor.py:161} INFO - Started process (PID=3718156) to work on /home/airflow/.local/lib/python3.8/site-packages/airflow/example_dags/example_xcom.py
[2026-04-21T02:26:58.569+0000] {processor.py:830} INFO - Processing file /home/airflow/.local/lib/python3.8/site-packages/airflow/example_dags/example_xcom.py for tasks to queue
[2026-04-21T02:26:58.571+0000] {logging_mixin.py:188} INFO - [2026-04-21T02:26:58.571+0000] {dagbag.py:538} INFO - Filling up the DagBag from /home/airflow/.local/lib/python3.8/site-packages/airflow/example_dags/example_xcom.py
[2026-04-21T02:26:58.581+0000] {processor.py:840} INFO - DAG(s) 'example_xcom' retrieved from /home/airflow/.local/lib/python3.8/site-packages/airflow/example_dags/example_xcom.py
[2026-04-21T02:26:58.609+0000] {logging_mixin.py:188} INFO - [2026-04-21T02:26:58.608+0000] {dag.py:3036} INFO - Sync 1 DAGs
[2026-04-21T02:26:58.637+0000] {logging_mixin.py:188} INFO - [2026-04-21T02:26:58.637+0000] {dag.py:3823} INFO - Setting next_dagrun for example_xcom to 2021-01-01 00:00:00+00:00, run_after=2021-01-01 00:00:00+00:00
[2026-04-21T02:26:58.656+0000] {processor.py:183} INFO - Processing /home/airflow/.local/lib/python3.8/site-packages/airflow/example_dags/example_xcom.py took 0.094 seconds
[2026-04-21T02:27:29.089+0000] {processor.py:161} INFO - Started process (PID=3718213) to work on /home/airflow/.local/lib/python3.8/site-packages/airflow/example_dags/example_xcom.py
[2026-04-21T02:27:29.090+0000] {processor.py:830} INFO - Processing file /home/airflow/.local/lib/python3.8/site-packages/airflow/example_dags/example_xcom.py for tasks to queue
[2026-04-21T02:27:29.093+0000] {logging_mixin.py:188} INFO - [2026-04-21T02:27:29.092+0000] {dagbag.py:538} INFO - Filling up the DagBag from /home/airflow/.local/lib/python3.8/site-packages/airflow/example_dags/example_xcom.py
[2026-04-21T02:27:29.103+0000] {processor.py:840} INFO - DAG(s) 'example_xcom' retrieved from /home/airflow/.local/lib/python3.8/site-packages/airflow/example_dags/example_xcom.py
[2026-04-21T02:27:29.129+0000] {logging_mixin.py:188} INFO - [2026-04-21T02:27:29.129+0000] {dag.py:3036} INFO - Sync 1 DAGs
[2026-04-21T02:27:29.153+0000] {logging_mixin.py:188} INFO - [2026-04-21T02:27:29.153+0000] {dag.py:3823} INFO - Setting next_dagrun for example_xcom to 2021-01-01 00:00:00+00:00, run_after=2021-01-01 00:00:00+00:00
[2026-04-21T02:27:29.174+0000] {processor.py:183} INFO - Processing /home/airflow/.local/lib/python3.8/site-packages/airflow/example_dags/example_xcom.py took 0.090 seconds
[2026-04-21T02:27:59.366+0000] {processor.py:161} INFO - Started process (PID=3718270) to work on /home/airflow/.local/lib/python3.8/site-packages/airflow/example_dags/example_xcom.py
[2026-04-21T02:27:59.368+0000] {processor.py:830} INFO - Processing file /home/airflow/.local/lib/python3.8/site-packages/airflow/example_dags/example_xcom.py for tasks to queue
[2026-04-21T02:27:59.370+0000] {logging_mixin.py:188} INFO - [2026-04-21T02:27:59.370+0000] {dagbag.py:538} INFO - Filling up the DagBag from /home/airflow/.local/lib/python3.8/site-packages/airflow/example_dags/example_xcom.py
[2026-04-21T02:27:59.380+0000] {processor.py:840} INFO - DAG(s) 'example_xcom' retrieved from /home/airflow/.local/lib/python3.8/site-packages/airflow/example_dags/example_xcom.py
[2026-04-21T02:27:59.407+0000] {logging_mixin.py:188} INFO - [2026-04-21T02:27:59.407+0000] {dag.py:3036} INFO - Sync 1 DAGs
[2026-04-21T02:27:59.431+0000] {logging_mixin.py:188} INFO - [2026-04-21T02:27:59.431+0000] {dag.py:3823} INFO - Setting next_dagrun for example_xcom to 2021-01-01 00:00:00+00:00, run_after=2021-01-01 00:00:00+00:00
[2026-04-21T02:27:59.451+0000] {processor.py:183} INFO - Processing /home/airflow/.local/lib/python3.8/site-packages/airflow/example_dags/example_xcom.py took 0.090 seconds
[2026-04-21T02:28:29.689+0000] {processor.py:161} INFO - Started process (PID=3718326) to work on /home/airflow/.local/lib/python3.8/site-packages/airflow/example_dags/example_xcom.py
[2026-04-21T02:28:29.691+0000] {processor.py:830} INFO - Processing file /home/airflow/.local/lib/python3.8/site-packages/airflow/example_dags/example_xcom.py for tasks to queue
[2026-04-21T02:28:29.693+0000] {logging_mixin.py:188} INFO - [2026-04-21T02:28:29.693+0000] {dagbag.py:538} INFO - Filling up the DagBag from /home/airflow/.local/lib/python3.8/site-packages/airflow/example_dags/example_xcom.py
[2026-04-21T02:28:29.703+0000] {processor.py:840} INFO - DAG(s) 'example_xcom' retrieved from /home/airflow/.local/lib/python3.8/site-packages/airflow/example_dags/example_xcom.py
[2026-04-21T02:28:29.728+0000] {logging_mixin.py:188} INFO - [2026-04-21T02:28:29.728+0000] {dag.py:3036} INFO - Sync 1 DAGs
[2026-04-21T02:28:29.751+0000] {logging_mixin.py:188} INFO - [2026-04-21T02:28:29.751+0000] {dag.py:3823} INFO - Setting next_dagrun for example_xcom to 2021-01-01 00:00:00+00:00, run_after=2021-01-01 00:00:00+00:00
[2026-04-21T02:28:29.770+0000] {processor.py:183} INFO - Processing /home/airflow/.local/lib/python3.8/site-packages/airflow/example_dags/example_xcom.py took 0.086 seconds
[2026-04-21T02:29:00.076+0000] {processor.py:161} INFO - Started process (PID=3718383) to work on /home/airflow/.local/lib/python3.8/site-packages/airflow/example_dags/example_xcom.py
[2026-04-21T02:29:00.077+0000] {processor.py:830} INFO - Processing file /home/airflow/.local/lib/python3.8/site-packages/airflow/example_dags/example_xcom.py for tasks to queue
[2026-04-21T02:29:00.080+0000] {logging_mixin.py:188} INFO - [2026-04-21T02:29:00.079+0000] {dagbag.py:538} INFO - Filling up the DagBag from /home/airflow/.local/lib/python3.8/site-packages/airflow/example_dags/example_xcom.py
[2026-04-21T02:29:00.089+0000] {processor.py:840} INFO - DAG(s) 'example_xcom' retrieved from /home/airflow/.local/lib/python3.8/site-packages/airflow/example_dags/example_xcom.py
[2026-04-21T02:29:00.114+0000] {logging_mixin.py:188} INFO - [2026-04-21T02:29:00.114+0000] {dag.py:3036} INFO - Sync 1 DAGs
[2026-04-21T02:29:00.138+0000] {logging_mixin.py:188} INFO - [2026-04-21T02:29:00.138+0000] {dag.py:3823} INFO - Setting next_dagrun for example_xcom to 2021-01-01 00:00:00+00:00, run_after=2021-01-01 00:00:00+00:00
[2026-04-21T02:29:00.156+0000] {processor.py:183} INFO - Processing /home/airflow/.local/lib/python3.8/site-packages/airflow/example_dags/example_xcom.py took 0.085 seconds
[2026-04-21T02:29:30.433+0000] {processor.py:161} INFO - Started process (PID=3718440) to work on /home/airflow/.local/lib/python3.8/site-packages/airflow/example_dags/example_xcom.py
[2026-04-21T02:29:30.435+0000] {processor.py:830} INFO - Processing file /home/airflow/.local/lib/python3.8/site-packages/airflow/example_dags/example_xcom.py for tasks to queue
[2026-04-21T02:29:30.438+0000] {logging_mixin.py:188} INFO - [2026-04-21T02:29:30.437+0000] {dagbag.py:538} INFO - Filling up the DagBag from /home/airflow/.local/lib/python3.8/site-packages/airflow/example_dags/example_xcom.py
[2026-04-21T02:29:30.448+0000] {processor.py:840} INFO - DAG(s) 'example_xcom' retrieved from /home/airflow/.local/lib/python3.8/site-packages/airflow/example_dags/example_xcom.py
[2026-04-21T02:29:30.473+0000] {logging_mixin.py:188} INFO - [2026-04-21T02:29:30.473+0000] {dag.py:3036} INFO - Sync 1 DAGs
[2026-04-21T02:29:30.497+0000] {logging_mixin.py:188} INFO - [2026-04-21T02:29:30.497+0000] {dag.py:3823} INFO - Setting next_dagrun for example_xcom to 2021-01-01 00:00:00+00:00, run_after=2021-01-01 00:00:00+00:00
[2026-04-21T02:29:30.517+0000] {processor.py:183} INFO - Processing /home/airflow/.local/lib/python3.8/site-packages/airflow/example_dags/example_xcom.py took 0.088 seconds
[2026-04-21T02:30:01.020+0000] {processor.py:161} INFO - Started process (PID=3718497) to work on /home/airflow/.local/lib/python3.8/site-packages/airflow/example_dags/example_xcom.py
[2026-04-21T02:30:01.022+0000] {processor.py:830} INFO - Processing file /home/airflow/.local/lib/python3.8/site-packages/airflow/example_dags/example_xcom.py for tasks to queue
[2026-04-21T02:30:01.024+0000] {logging_mixin.py:188} INFO - [2026-04-21T02:30:01.024+0000] {dagbag.py:538} INFO - Filling up the DagBag from /home/airflow/.local/lib/python3.8/site-packages/airflow/example_dags/example_xcom.py
[2026-04-21T02:30:01.034+0000] {processor.py:840} INFO - DAG(s) 'example_xcom' retrieved from /home/airflow/.local/lib/python3.8/site-packages/airflow/example_dags/example_xcom.py
[2026-04-21T02:30:01.060+0000] {logging_mixin.py:188} INFO - [2026-04-21T02:30:01.059+0000] {dag.py:3036} INFO - Sync 1 DAGs
[2026-04-21T02:30:01.083+0000] {logging_mixin.py:188} INFO - [2026-04-21T02:30:01.083+0000] {dag.py:3823} INFO - Setting next_dagrun for example_xcom to 2021-01-01 00:00:00+00:00, run_after=2021-01-01 00:00:00+00:00
[2026-04-21T02:30:01.102+0000] {processor.py:183} INFO - Processing /home/airflow/.local/lib/python3.8/site-packages/airflow/example_dags/example_xcom.py took 0.087 seconds
[2026-04-21T02:30:31.555+0000] {processor.py:161} INFO - Started process (PID=3718554) to work on /home/airflow/.local/lib/python3.8/site-packages/airflow/example_dags/example_xcom.py
[2026-04-21T02:30:31.556+0000] {processor.py:830} INFO - Processing file /home/airflow/.local/lib/python3.8/site-packages/airflow/example_dags/example_xcom.py for tasks to queue
[2026-04-21T02:30:31.559+0000] {logging_mixin.py:188} INFO - [2026-04-21T02:30:31.558+0000] {dagbag.py:538} INFO - Filling up the DagBag from /home/airflow/.local/lib/python3.8/site-packages/airflow/example_dags/example_xcom.py
[2026-04-21T02:30:31.569+0000] {processor.py:840} INFO - DAG(s) 'example_xcom' retrieved from /home/airflow/.local/lib/python3.8/site-packages/airflow/example_dags/example_xcom.py
[2026-04-21T02:30:31.593+0000] {logging_mixin.py:188} INFO - [2026-04-21T02:30:31.593+0000] {dag.py:3036} INFO - Sync 1 DAGs
[2026-04-21T02:30:31.617+0000] {logging_mixin.py:188} INFO - [2026-04-21T02:30:31.617+0000] {dag.py:3823} INFO - Setting next_dagrun for example_xcom to 2021-01-01 00:00:00+00:00, run_after=2021-01-01 00:00:00+00:00
[2026-04-21T02:30:31.836+0000] {processor.py:183} INFO - Processing /home/airflow/.local/lib/python3.8/site-packages/airflow/example_dags/example_xcom.py took 0.286 seconds
[2026-04-21T02:31:01.905+0000] {processor.py:161} INFO - Started process (PID=3718612) to work on /home/airflow/.local/lib/python3.8/site-packages/airflow/example_dags/example_xcom.py
[2026-04-21T02:31:01.907+0000] {processor.py:830} INFO - Processing file /home/airflow/.local/lib/python3.8/site-packages/airflow/example_dags/example_xcom.py for tasks to queue
[2026-04-21T02:31:01.909+0000] {logging_mixin.py:188} INFO - [2026-04-21T02:31:01.909+0000] {dagbag.py:538} INFO - Filling up the DagBag from /home/airflow/.local/lib/python3.8/site-packages/airflow/example_dags/example_xcom.py
[2026-04-21T02:31:01.919+0000] {processor.py:840} INFO - DAG(s) 'example_xcom' retrieved from /home/airflow/.local/lib/python3.8/site-packages/airflow/example_dags/example_xcom.py
[2026-04-21T02:31:01.945+0000] {logging_mixin.py:188} INFO - [2026-04-21T02:31:01.945+0000] {dag.py:3036} INFO - Sync 1 DAGs
[2026-04-21T02:31:01.970+0000] {logging_mixin.py:188} INFO - [2026-04-21T02:31:01.969+0000] {dag.py:3823} INFO - Setting next_dagrun for example_xcom to 2021-01-01 00:00:00+00:00, run_after=2021-01-01 00:00:00+00:00
[2026-04-21T02:31:01.988+0000] {processor.py:183} INFO - Processing /home/airflow/.local/lib/python3.8/site-packages/airflow/example_dags/example_xcom.py took 0.088 seconds
[2026-04-21T02:31:32.230+0000] {processor.py:161} INFO - Started process (PID=3718668) to work on /home/airflow/.local/lib/python3.8/site-packages/airflow/example_dags/example_xcom.py
[2026-04-21T02:31:32.232+0000] {processor.py:830} INFO - Processing file /home/airflow/.local/lib/python3.8/site-packages/airflow/example_dags/example_xcom.py for tasks to queue
[2026-04-21T02:31:32.234+0000] {logging_mixin.py:188} INFO - [2026-04-21T02:31:32.234+0000] {dagbag.py:538} INFO - Filling up the DagBag from /home/airflow/.local/lib/python3.8/site-packages/airflow/example_dags/example_xcom.py
[2026-04-21T02:31:32.244+0000] {processor.py:840} INFO - DAG(s) 'example_xcom' retrieved from /home/airflow/.local/lib/python3.8/site-packages/airflow/example_dags/example_xcom.py
[2026-04-21T02:31:32.270+0000] {logging_mixin.py:188} INFO - [2026-04-21T02:31:32.269+0000] {dag.py:3036} INFO - Sync 1 DAGs
[2026-04-21T02:31:32.294+0000] {logging_mixin.py:188} INFO - [2026-04-21T02:31:32.294+0000] {dag.py:3823} INFO - Setting next_dagrun for example_xcom to 2021-01-01 00:00:00+00:00, run_after=2021-01-01 00:00:00+00:00
[2026-04-21T02:31:32.313+0000] {processor.py:183} INFO - Processing /home/airflow/.local/lib/python3.8/site-packages/airflow/example_dags/example_xcom.py took 0.087 seconds
[2026-04-21T02:32:02.696+0000] {processor.py:161} INFO - Started process (PID=3718725) to work on /home/airflow/.local/lib/python3.8/site-packages/airflow/example_dags/example_xcom.py
[2026-04-21T02:32:02.698+0000] {processor.py:830} INFO - Processing file /home/airflow/.local/lib/python3.8/site-packages/airflow/example_dags/example_xcom.py for tasks to queue
[2026-04-21T02:32:02.701+0000] {logging_mixin.py:188} INFO - [2026-04-21T02:32:02.701+0000] {dagbag.py:538} INFO - Filling up the DagBag from /home/airflow/.local/lib/python3.8/site-packages/airflow/example_dags/example_xcom.py
[2026-04-21T02:32:02.715+0000] {processor.py:840} INFO - DAG(s) 'example_xcom' retrieved from /home/airflow/.local/lib/python3.8/site-packages/airflow/example_dags/example_xcom.py
[2026-04-21T02:32:02.748+0000] {logging_mixin.py:188} INFO - [2026-04-21T02:32:02.748+0000] {dag.py:3036} INFO - Sync 1 DAGs
[2026-04-21T02:32:02.783+0000] {logging_mixin.py:188} INFO - [2026-04-21T02:32:02.783+0000] {dag.py:3823} INFO - Setting next_dagrun for example_xcom to 2021-01-01 00:00:00+00:00, run_after=2021-01-01 00:00:00+00:00
[2026-04-21T02:32:02.810+0000] {processor.py:183} INFO - Processing /home/airflow/.local/lib/python3.8/site-packages/airflow/example_dags/example_xcom.py took 0.120 seconds
[2026-04-21T02:32:33.490+0000] {processor.py:161} INFO - Started process (PID=3718782) to work on /home/airflow/.local/lib/python3.8/site-packages/airflow/example_dags/example_xcom.py
[2026-04-21T02:32:33.491+0000] {processor.py:830} INFO - Processing file /home/airflow/.local/lib/python3.8/site-packages/airflow/example_dags/example_xcom.py for tasks to queue
[2026-04-21T02:32:33.494+0000] {logging_mixin.py:188} INFO - [2026-04-21T02:32:33.493+0000] {dagbag.py:538} INFO - Filling up the DagBag from /home/airflow/.local/lib/python3.8/site-packages/airflow/example_dags/example_xcom.py
[2026-04-21T02:32:33.504+0000] {processor.py:840} INFO - DAG(s) 'example_xcom' retrieved from /home/airflow/.local/lib/python3.8/site-packages/airflow/example_dags/example_xcom.py
[2026-04-21T02:32:33.527+0000] {logging_mixin.py:188} INFO - [2026-04-21T02:32:33.527+0000] {dag.py:3036} INFO - Sync 1 DAGs
[2026-04-21T02:32:33.551+0000] {logging_mixin.py:188} INFO - [2026-04-21T02:32:33.551+0000] {dag.py:3823} INFO - Setting next_dagrun for example_xcom to 2021-01-01 00:00:00+00:00, run_after=2021-01-01 00:00:00+00:00
[2026-04-21T02:32:33.570+0000] {processor.py:183} INFO - Processing /home/airflow/.local/lib/python3.8/site-packages/airflow/example_dags/example_xcom.py took 0.085 seconds
[2026-04-21T02:33:04.046+0000] {processor.py:161} INFO - Started process (PID=3718839) to work on /home/airflow/.local/lib/python3.8/site-packages/airflow/example_dags/example_xcom.py
[2026-04-21T02:33:04.048+0000] {processor.py:830} INFO - Processing file /home/airflow/.local/lib/python3.8/site-packages/airflow/example_dags/example_xcom.py for tasks to queue
[2026-04-21T02:33:04.050+0000] {logging_mixin.py:188} INFO - [2026-04-21T02:33:04.050+0000] {dagbag.py:538} INFO - Filling up the DagBag from /home/airflow/.local/lib/python3.8/site-packages/airflow/example_dags/example_xcom.py
[2026-04-21T02:33:04.061+0000] {processor.py:840} INFO - DAG(s) 'example_xcom' retrieved from /home/airflow/.local/lib/python3.8/site-packages/airflow/example_dags/example_xcom.py
[2026-04-21T02:33:04.088+0000] {logging_mixin.py:188} INFO - [2026-04-21T02:33:04.087+0000] {dag.py:3036} INFO - Sync 1 DAGs
[2026-04-21T02:33:04.307+0000] {logging_mixin.py:188} INFO - [2026-04-21T02:33:04.306+0000] {dag.py:3823} INFO - Setting next_dagrun for example_xcom to 2021-01-01 00:00:00+00:00, run_after=2021-01-01 00:00:00+00:00
[2026-04-21T02:33:04.326+0000] {processor.py:183} INFO - Processing /home/airflow/.local/lib/python3.8/site-packages/airflow/example_dags/example_xcom.py took 0.285 seconds
[2026-04-21T02:33:34.629+0000] {processor.py:161} INFO - Started process (PID=3718896) to work on /home/airflow/.local/lib/python3.8/site-packages/airflow/example_dags/example_xcom.py
[2026-04-21T02:33:34.631+0000] {processor.py:830} INFO - Processing file /home/airflow/.local/lib/python3.8/site-packages/airflow/example_dags/example_xcom.py for tasks to queue
[2026-04-21T02:33:34.633+0000] {logging_mixin.py:188} INFO - [2026-04-21T02:33:34.633+0000] {dagbag.py:538} INFO - Filling up the DagBag from /home/airflow/.local/lib/python3.8/site-packages/airflow/example_dags/example_xcom.py
[2026-04-21T02:33:34.643+0000] {processor.py:840} INFO - DAG(s) 'example_xcom' retrieved from /home/airflow/.local/lib/python3.8/site-packages/airflow/example_dags/example_xcom.py
[2026-04-21T02:33:34.667+0000] {logging_mixin.py:188} INFO - [2026-04-21T02:33:34.667+0000] {dag.py:3036} INFO - Sync 1 DAGs
[2026-04-21T02:33:34.691+0000] {logging_mixin.py:188} INFO - [2026-04-21T02:33:34.690+0000] {dag.py:3823} INFO - Setting next_dagrun for example_xcom to 2021-01-01 00:00:00+00:00, run_after=2021-01-01 00:00:00+00:00
[2026-04-21T02:33:34.892+0000] {processor.py:183} INFO - Processing /home/airflow/.local/lib/python3.8/site-packages/airflow/example_dags/example_xcom.py took 0.267 seconds
[2026-04-21T02:34:05.404+0000] {processor.py:161} INFO - Started process (PID=3718953) to work on /home/airflow/.local/lib/python3.8/site-packages/airflow/example_dags/example_xcom.py
[2026-04-21T02:34:05.406+0000] {processor.py:830} INFO - Processing file /home/airflow/.local/lib/python3.8/site-packages/airflow/example_dags/example_xcom.py for tasks to queue
[2026-04-21T02:34:05.408+0000] {logging_mixin.py:188} INFO - [2026-04-21T02:34:05.408+0000] {dagbag.py:538} INFO - Filling up the DagBag from /home/airflow/.local/lib/python3.8/site-packages/airflow/example_dags/example_xcom.py
[2026-04-21T02:34:05.418+0000] {processor.py:840} INFO - DAG(s) 'example_xcom' retrieved from /home/airflow/.local/lib/python3.8/site-packages/airflow/example_dags/example_xcom.py
[2026-04-21T02:34:05.443+0000] {logging_mixin.py:188} INFO - [2026-04-21T02:34:05.443+0000] {dag.py:3036} INFO - Sync 1 DAGs
[2026-04-21T02:34:05.467+0000] {logging_mixin.py:188} INFO - [2026-04-21T02:34:05.466+0000] {dag.py:3823} INFO - Setting next_dagrun for example_xcom to 2021-01-01 00:00:00+00:00, run_after=2021-01-01 00:00:00+00:00
[2026-04-21T02:34:05.485+0000] {processor.py:183} INFO - Processing /home/airflow/.local/lib/python3.8/site-packages/airflow/example_dags/example_xcom.py took 0.086 seconds
[2026-04-21T02:34:36.068+0000] {processor.py:161} INFO - Started process (PID=3719008) to work on /home/airflow/.local/lib/python3.8/site-packages/airflow/example_dags/example_xcom.py
[2026-04-21T02:34:36.070+0000] {processor.py:830} INFO - Processing file /home/airflow/.local/lib/python3.8/site-packages/airflow/example_dags/example_xcom.py for tasks to queue
[2026-04-21T02:34:36.072+0000] {logging_mixin.py:188} INFO - [2026-04-21T02:34:36.072+0000] {dagbag.py:538} INFO - Filling up the DagBag from /home/airflow/.local/lib/python3.8/site-packages/airflow/example_dags/example_xcom.py
[2026-04-21T02:34:36.083+0000] {processor.py:840} INFO - DAG(s) 'example_xcom' retrieved from /home/airflow/.local/lib/python3.8/site-packages/airflow/example_dags/example_xcom.py
[2026-04-21T02:34:36.108+0000] {logging_mixin.py:188} INFO - [2026-04-21T02:34:36.108+0000] {dag.py:3036} INFO - Sync 1 DAGs
[2026-04-21T02:34:36.133+0000] {logging_mixin.py:188} INFO - [2026-04-21T02:34:36.132+0000] {dag.py:3823} INFO - Setting next_dagrun for example_xcom to 2021-01-01 00:00:00+00:00, run_after=2021-01-01 00:00:00+00:00
[2026-04-21T02:34:36.151+0000] {processor.py:183} INFO - Processing /home/airflow/.local/lib/python3.8/site-packages/airflow/example_dags/example_xcom.py took 0.088 seconds
[2026-04-21T02:35:07.434+0000] {processor.py:161} INFO - Started process (PID=3719065) to work on /home/airflow/.local/lib/python3.8/site-packages/airflow/example_dags/example_xcom.py
[2026-04-21T02:35:07.436+0000] {processor.py:830} INFO - Processing file /home/airflow/.local/lib/python3.8/site-packages/airflow/example_dags/example_xcom.py for tasks to queue
[2026-04-21T02:35:07.438+0000] {logging_mixin.py:188} INFO - [2026-04-21T02:35:07.437+0000] {dagbag.py:538} INFO - Filling up the DagBag from /home/airflow/.local/lib/python3.8/site-packages/airflow/example_dags/example_xcom.py
[2026-04-21T02:35:07.448+0000] {processor.py:840} INFO - DAG(s) 'example_xcom' retrieved from /home/airflow/.local/lib/python3.8/site-packages/airflow/example_dags/example_xcom.py
[2026-04-21T02:35:07.665+0000] {logging_mixin.py:188} INFO - [2026-04-21T02:35:07.665+0000] {dag.py:3036} INFO - Sync 1 DAGs
[2026-04-21T02:35:07.686+0000] {logging_mixin.py:188} INFO - [2026-04-21T02:35:07.686+0000] {dag.py:3823} INFO - Setting next_dagrun for example_xcom to 2021-01-01 00:00:00+00:00, run_after=2021-01-01 00:00:00+00:00
[2026-04-21T02:35:07.703+0000] {processor.py:183} INFO - Processing /home/airflow/.local/lib/python3.8/site-packages/airflow/example_dags/example_xcom.py took 0.274 seconds
[2026-04-21T02:35:38.114+0000] {processor.py:161} INFO - Started process (PID=3719122) to work on /home/airflow/.local/lib/python3.8/site-packages/airflow/example_dags/example_xcom.py
[2026-04-21T02:35:38.115+0000] {processor.py:830} INFO - Processing file /home/airflow/.local/lib/python3.8/site-packages/airflow/example_dags/example_xcom.py for tasks to queue
[2026-04-21T02:35:38.117+0000] {logging_mixin.py:188} INFO - [2026-04-21T02:35:38.117+0000] {dagbag.py:538} INFO - Filling up the DagBag from /home/airflow/.local/lib/python3.8/site-packages/airflow/example_dags/example_xcom.py
[2026-04-21T02:35:38.127+0000] {processor.py:840} INFO - DAG(s) 'example_xcom' retrieved from /home/airflow/.local/lib/python3.8/site-packages/airflow/example_dags/example_xcom.py
[2026-04-21T02:35:38.152+0000] {logging_mixin.py:188} INFO - [2026-04-21T02:35:38.152+0000] {dag.py:3036} INFO - Sync 1 DAGs
[2026-04-21T02:35:38.176+0000] {logging_mixin.py:188} INFO - [2026-04-21T02:35:38.176+0000] {dag.py:3823} INFO - Setting next_dagrun for example_xcom to 2021-01-01 00:00:00+00:00, run_after=2021-01-01 00:00:00+00:00
[2026-04-21T02:35:38.194+0000] {processor.py:183} INFO - Processing /home/airflow/.local/lib/python3.8/site-packages/airflow/example_dags/example_xcom.py took 0.086 seconds
[2026-04-21T02:36:08.644+0000] {processor.py:161} INFO - Started process (PID=3719179) to work on /home/airflow/.local/lib/python3.8/site-packages/airflow/example_dags/example_xcom.py
[2026-04-21T02:36:08.646+0000] {processor.py:830} INFO - Processing file /home/airflow/.local/lib/python3.8/site-packages/airflow/example_dags/example_xcom.py for tasks to queue
[2026-04-21T02:36:08.648+0000] {logging_mixin.py:188} INFO - [2026-04-21T02:36:08.648+0000] {dagbag.py:538} INFO - Filling up the DagBag from /home/airflow/.local/lib/python3.8/site-packages/airflow/example_dags/example_xcom.py
[2026-04-21T02:36:08.659+0000] {processor.py:840} INFO - DAG(s) 'example_xcom' retrieved from /home/airflow/.local/lib/python3.8/site-packages/airflow/example_dags/example_xcom.py
[2026-04-21T02:36:08.685+0000] {logging_mixin.py:188} INFO - [2026-04-21T02:36:08.685+0000] {dag.py:3036} INFO - Sync 1 DAGs
[2026-04-21T02:36:08.720+0000] {logging_mixin.py:188} INFO - [2026-04-21T02:36:08.720+0000] {dag.py:3823} INFO - Setting next_dagrun for example_xcom to 2021-01-01 00:00:00+00:00, run_after=2021-01-01 00:00:00+00:00
[2026-04-21T02:36:08.741+0000] {processor.py:183} INFO - Processing /home/airflow/.local/lib/python3.8/site-packages/airflow/example_dags/example_xcom.py took 0.102 seconds
[2026-04-21T02:36:39.540+0000] {processor.py:161} INFO - Started process (PID=3719235) to work on /home/airflow/.local/lib/python3.8/site-packages/airflow/example_dags/example_xcom.py
[2026-04-21T02:36:39.541+0000] {processor.py:830} INFO - Processing file /home/airflow/.local/lib/python3.8/site-packages/airflow/example_dags/example_xcom.py for tasks to queue
[2026-04-21T02:36:39.544+0000] {logging_mixin.py:188} INFO - [2026-04-21T02:36:39.543+0000] {dagbag.py:538} INFO - Filling up the DagBag from /home/airflow/.local/lib/python3.8/site-packages/airflow/example_dags/example_xcom.py
[2026-04-21T02:36:39.554+0000] {processor.py:840} INFO - DAG(s) 'example_xcom' retrieved from /home/airflow/.local/lib/python3.8/site-packages/airflow/example_dags/example_xcom.py
[2026-04-21T02:36:39.581+0000] {logging_mixin.py:188} INFO - [2026-04-21T02:36:39.581+0000] {dag.py:3036} INFO - Sync 1 DAGs
[2026-04-21T02:36:39.605+0000] {logging_mixin.py:188} INFO - [2026-04-21T02:36:39.605+0000] {dag.py:3823} INFO - Setting next_dagrun for example_xcom to 2021-01-01 00:00:00+00:00, run_after=2021-01-01 00:00:00+00:00
[2026-04-21T02:36:39.625+0000] {processor.py:183} INFO - Processing /home/airflow/.local/lib/python3.8/site-packages/airflow/example_dags/example_xcom.py took 0.091 seconds
[2026-04-21T02:37:09.701+0000] {processor.py:161} INFO - Started process (PID=3719291) to work on /home/airflow/.local/lib/python3.8/site-packages/airflow/example_dags/example_xcom.py
[2026-04-21T02:37:09.703+0000] {processor.py:830} INFO - Processing file /home/airflow/.local/lib/python3.8/site-packages/airflow/example_dags/example_xcom.py for tasks to queue
[2026-04-21T02:37:09.705+0000] {logging_mixin.py:188} INFO - [2026-04-21T02:37:09.705+0000] {dagbag.py:538} INFO - Filling up the DagBag from /home/airflow/.local/lib/python3.8/site-packages/airflow/example_dags/example_xcom.py
[2026-04-21T02:37:09.715+0000] {processor.py:840} INFO - DAG(s) 'example_xcom' retrieved from /home/airflow/.local/lib/python3.8/site-packages/airflow/example_dags/example_xcom.py
[2026-04-21T02:37:09.741+0000] {logging_mixin.py:188} INFO - [2026-04-21T02:37:09.741+0000] {dag.py:3036} INFO - Sync 1 DAGs
[2026-04-21T02:37:09.764+0000] {logging_mixin.py:188} INFO - [2026-04-21T02:37:09.764+0000] {dag.py:3823} INFO - Setting next_dagrun for example_xcom to 2021-01-01 00:00:00+00:00, run_after=2021-01-01 00:00:00+00:00
[2026-04-21T02:37:09.783+0000] {processor.py:183} INFO - Processing /home/airflow/.local/lib/python3.8/site-packages/airflow/example_dags/example_xcom.py took 0.087 seconds
[2026-04-21T02:37:40.038+0000] {processor.py:161} INFO - Started process (PID=3719348) to work on /home/airflow/.local/lib/python3.8/site-packages/airflow/example_dags/example_xcom.py
[2026-04-21T02:37:40.039+0000] {processor.py:830} INFO - Processing file /home/airflow/.local/lib/python3.8/site-packages/airflow/example_dags/example_xcom.py for tasks to queue
[2026-04-21T02:37:40.042+0000] {logging_mixin.py:188} INFO - [2026-04-21T02:37:40.042+0000] {dagbag.py:538} INFO - Filling up the DagBag from /home/airflow/.local/lib/python3.8/site-packages/airflow/example_dags/example_xcom.py
[2026-04-21T02:37:40.052+0000] {processor.py:840} INFO - DAG(s) 'example_xcom' retrieved from /home/airflow/.local/lib/python3.8/site-packages/airflow/example_dags/example_xcom.py
[2026-04-21T02:37:40.077+0000] {logging_mixin.py:188} INFO - [2026-04-21T02:37:40.077+0000] {dag.py:3036} INFO - Sync 1 DAGs
[2026-04-21T02:37:40.101+0000] {logging_mixin.py:188} INFO - [2026-04-21T02:37:40.101+0000] {dag.py:3823} INFO - Setting next_dagrun for example_xcom to 2021-01-01 00:00:00+00:00, run_after=2021-01-01 00:00:00+00:00
[2026-04-21T02:37:40.122+0000] {processor.py:183} INFO - Processing /home/airflow/.local/lib/python3.8/site-packages/airflow/example_dags/example_xcom.py took 0.089 seconds
[2026-04-21T02:38:10.247+0000] {processor.py:161} INFO - Started process (PID=3719405) to work on /home/airflow/.local/lib/python3.8/site-packages/airflow/example_dags/example_xcom.py
[2026-04-21T02:38:10.249+0000] {processor.py:830} INFO - Processing file /home/airflow/.local/lib/python3.8/site-packages/airflow/example_dags/example_xcom.py for tasks to queue
[2026-04-21T02:38:10.252+0000] {logging_mixin.py:188} INFO - [2026-04-21T02:38:10.251+0000] {dagbag.py:538} INFO - Filling up the DagBag from /home/airflow/.local/lib/python3.8/site-packages/airflow/example_dags/example_xcom.py
[2026-04-21T02:38:10.261+0000] {processor.py:840} INFO - DAG(s) 'example_xcom' retrieved from /home/airflow/.local/lib/python3.8/site-packages/airflow/example_dags/example_xcom.py
[2026-04-21T02:38:10.287+0000] {logging_mixin.py:188} INFO - [2026-04-21T02:38:10.286+0000] {dag.py:3036} INFO - Sync 1 DAGs
[2026-04-21T02:38:10.310+0000] {logging_mixin.py:188} INFO - [2026-04-21T02:38:10.310+0000] {dag.py:3823} INFO - Setting next_dagrun for example_xcom to 2021-01-01 00:00:00+00:00, run_after=2021-01-01 00:00:00+00:00
[2026-04-21T02:38:10.329+0000] {processor.py:183} INFO - Processing /home/airflow/.local/lib/python3.8/site-packages/airflow/example_dags/example_xcom.py took 0.087 seconds
[2026-04-21T02:38:40.527+0000] {processor.py:161} INFO - Started process (PID=3719462) to work on /home/airflow/.local/lib/python3.8/site-packages/airflow/example_dags/example_xcom.py
[2026-04-21T02:38:40.530+0000] {processor.py:830} INFO - Processing file /home/airflow/.local/lib/python3.8/site-packages/airflow/example_dags/example_xcom.py for tasks to queue
[2026-04-21T02:38:40.532+0000] {logging_mixin.py:188} INFO - [2026-04-21T02:38:40.532+0000] {dagbag.py:538} INFO - Filling up the DagBag from /home/airflow/.local/lib/python3.8/site-packages/airflow/example_dags/example_xcom.py
[2026-04-21T02:38:40.542+0000] {processor.py:840} INFO - DAG(s) 'example_xcom' retrieved from /home/airflow/.local/lib/python3.8/site-packages/airflow/example_dags/example_xcom.py
[2026-04-21T02:38:40.569+0000] {logging_mixin.py:188} INFO - [2026-04-21T02:38:40.569+0000] {dag.py:3036} INFO - Sync 1 DAGs
[2026-04-21T02:38:40.594+0000] {logging_mixin.py:188} INFO - [2026-04-21T02:38:40.593+0000] {dag.py:3823} INFO - Setting next_dagrun for example_xcom to 2021-01-01 00:00:00+00:00, run_after=2021-01-01 00:00:00+00:00
[2026-04-21T02:38:40.613+0000] {processor.py:183} INFO - Processing /home/airflow/.local/lib/python3.8/site-packages/airflow/example_dags/example_xcom.py took 0.090 seconds
[2026-04-21T02:39:10.944+0000] {processor.py:161} INFO - Started process (PID=3719519) to work on /home/airflow/.local/lib/python3.8/site-packages/airflow/example_dags/example_xcom.py
[2026-04-21T02:39:10.945+0000] {processor.py:830} INFO - Processing file /home/airflow/.local/lib/python3.8/site-packages/airflow/example_dags/example_xcom.py for tasks to queue
[2026-04-21T02:39:10.948+0000] {logging_mixin.py:188} INFO - [2026-04-21T02:39:10.947+0000] {dagbag.py:538} INFO - Filling up the DagBag from /home/airflow/.local/lib/python3.8/site-packages/airflow/example_dags/example_xcom.py
[2026-04-21T02:39:10.958+0000] {processor.py:840} INFO - DAG(s) 'example_xcom' retrieved from /home/airflow/.local/lib/python3.8/site-packages/airflow/example_dags/example_xcom.py
[2026-04-21T02:39:10.984+0000] {logging_mixin.py:188} INFO - [2026-04-21T02:39:10.984+0000] {dag.py:3036} INFO - Sync 1 DAGs
[2026-04-21T02:39:11.008+0000] {logging_mixin.py:188} INFO - [2026-04-21T02:39:11.007+0000] {dag.py:3823} INFO - Setting next_dagrun for example_xcom to 2021-01-01 00:00:00+00:00, run_after=2021-01-01 00:00:00+00:00
[2026-04-21T02:39:11.027+0000] {processor.py:183} INFO - Processing /home/airflow/.local/lib/python3.8/site-packages/airflow/example_dags/example_xcom.py took 0.088 seconds
[2026-04-21T02:39:41.424+0000] {processor.py:161} INFO - Started process (PID=3719576) to work on /home/airflow/.local/lib/python3.8/site-packages/airflow/example_dags/example_xcom.py
[2026-04-21T02:39:41.426+0000] {processor.py:830} INFO - Processing file /home/airflow/.local/lib/python3.8/site-packages/airflow/example_dags/example_xcom.py for tasks to queue
[2026-04-21T02:39:41.429+0000] {logging_mixin.py:188} INFO - [2026-04-21T02:39:41.428+0000] {dagbag.py:538} INFO - Filling up the DagBag from /home/airflow/.local/lib/python3.8/site-packages/airflow/example_dags/example_xcom.py
[2026-04-21T02:39:41.439+0000] {processor.py:840} INFO - DAG(s) 'example_xcom' retrieved from /home/airflow/.local/lib/python3.8/site-packages/airflow/example_dags/example_xcom.py
[2026-04-21T02:39:41.466+0000] {logging_mixin.py:188} INFO - [2026-04-21T02:39:41.466+0000] {dag.py:3036} INFO - Sync 1 DAGs
[2026-04-21T02:39:41.492+0000] {logging_mixin.py:188} INFO - [2026-04-21T02:39:41.492+0000] {dag.py:3823} INFO - Setting next_dagrun for example_xcom to 2021-01-01 00:00:00+00:00, run_after=2021-01-01 00:00:00+00:00
[2026-04-21T02:39:41.511+0000] {processor.py:183} INFO - Processing /home/airflow/.local/lib/python3.8/site-packages/airflow/example_dags/example_xcom.py took 0.092 seconds
[2026-04-21T02:40:11.887+0000] {processor.py:161} INFO - Started process (PID=3719633) to work on /home/airflow/.local/lib/python3.8/site-packages/airflow/example_dags/example_xcom.py
[2026-04-21T02:40:11.890+0000] {processor.py:830} INFO - Processing file /home/airflow/.local/lib/python3.8/site-packages/airflow/example_dags/example_xcom.py for tasks to queue
[2026-04-21T02:40:11.892+0000] {logging_mixin.py:188} INFO - [2026-04-21T02:40:11.892+0000] {dagbag.py:538} INFO - Filling up the DagBag from /home/airflow/.local/lib/python3.8/site-packages/airflow/example_dags/example_xcom.py
[2026-04-21T02:40:11.902+0000] {processor.py:840} INFO - DAG(s) 'example_xcom' retrieved from /home/airflow/.local/lib/python3.8/site-packages/airflow/example_dags/example_xcom.py
[2026-04-21T02:40:11.928+0000] {logging_mixin.py:188} INFO - [2026-04-21T02:40:11.928+0000] {dag.py:3036} INFO - Sync 1 DAGs
[2026-04-21T02:40:11.952+0000] {logging_mixin.py:188} INFO - [2026-04-21T02:40:11.952+0000] {dag.py:3823} INFO - Setting next_dagrun for example_xcom to 2021-01-01 00:00:00+00:00, run_after=2021-01-01 00:00:00+00:00
[2026-04-21T02:40:11.970+0000] {processor.py:183} INFO - Processing /home/airflow/.local/lib/python3.8/site-packages/airflow/example_dags/example_xcom.py took 0.088 seconds
[2026-04-21T02:40:42.859+0000] {processor.py:161} INFO - Started process (PID=3719690) to work on /home/airflow/.local/lib/python3.8/site-packages/airflow/example_dags/example_xcom.py
[2026-04-21T02:40:42.861+0000] {processor.py:830} INFO - Processing file /home/airflow/.local/lib/python3.8/site-packages/airflow/example_dags/example_xcom.py for tasks to queue
[2026-04-21T02:40:42.864+0000] {logging_mixin.py:188} INFO - [2026-04-21T02:40:42.863+0000] {dagbag.py:538} INFO - Filling up the DagBag from /home/airflow/.local/lib/python3.8/site-packages/airflow/example_dags/example_xcom.py
[2026-04-21T02:40:42.874+0000] {processor.py:840} INFO - DAG(s) 'example_xcom' retrieved from /home/airflow/.local/lib/python3.8/site-packages/airflow/example_dags/example_xcom.py
[2026-04-21T02:40:42.901+0000] {logging_mixin.py:188} INFO - [2026-04-21T02:40:42.901+0000] {dag.py:3036} INFO - Sync 1 DAGs
[2026-04-21T02:40:42.926+0000] {logging_mixin.py:188} INFO - [2026-04-21T02:40:42.926+0000] {dag.py:3823} INFO - Setting next_dagrun for example_xcom to 2021-01-01 00:00:00+00:00, run_after=2021-01-01 00:00:00+00:00
[2026-04-21T02:40:42.946+0000] {processor.py:183} INFO - Processing /home/airflow/.local/lib/python3.8/site-packages/airflow/example_dags/example_xcom.py took 0.091 seconds
[2026-04-21T02:41:13.183+0000] {processor.py:161} INFO - Started process (PID=3719747) to work on /home/airflow/.local/lib/python3.8/site-packages/airflow/example_dags/example_xcom.py
[2026-04-21T02:41:13.185+0000] {processor.py:830} INFO - Processing file /home/airflow/.local/lib/python3.8/site-packages/airflow/example_dags/example_xcom.py for tasks to queue
[2026-04-21T02:41:13.187+0000] {logging_mixin.py:188} INFO - [2026-04-21T02:41:13.187+0000] {dagbag.py:538} INFO - Filling up the DagBag from /home/airflow/.local/lib/python3.8/site-packages/airflow/example_dags/example_xcom.py
[2026-04-21T02:41:13.198+0000] {processor.py:840} INFO - DAG(s) 'example_xcom' retrieved from /home/airflow/.local/lib/python3.8/site-packages/airflow/example_dags/example_xcom.py
[2026-04-21T02:41:13.224+0000] {logging_mixin.py:188} INFO - [2026-04-21T02:41:13.224+0000] {dag.py:3036} INFO - Sync 1 DAGs
[2026-04-21T02:41:13.248+0000] {logging_mixin.py:188} INFO - [2026-04-21T02:41:13.248+0000] {dag.py:3823} INFO - Setting next_dagrun for example_xcom to 2021-01-01 00:00:00+00:00, run_after=2021-01-01 00:00:00+00:00
[2026-04-21T02:41:13.267+0000] {processor.py:183} INFO - Processing /home/airflow/.local/lib/python3.8/site-packages/airflow/example_dags/example_xcom.py took 0.090 seconds
[2026-04-21T02:41:44.081+0000] {processor.py:161} INFO - Started process (PID=3719804) to work on /home/airflow/.local/lib/python3.8/site-packages/airflow/example_dags/example_xcom.py
[2026-04-21T02:41:44.084+0000] {processor.py:830} INFO - Processing file /home/airflow/.local/lib/python3.8/site-packages/airflow/example_dags/example_xcom.py for tasks to queue
[2026-04-21T02:41:44.086+0000] {logging_mixin.py:188} INFO - [2026-04-21T02:41:44.086+0000] {dagbag.py:538} INFO - Filling up the DagBag from /home/airflow/.local/lib/python3.8/site-packages/airflow/example_dags/example_xcom.py
[2026-04-21T02:41:44.096+0000] {processor.py:840} INFO - DAG(s) 'example_xcom' retrieved from /home/airflow/.local/lib/python3.8/site-packages/airflow/example_dags/example_xcom.py
[2026-04-21T02:41:44.125+0000] {logging_mixin.py:188} INFO - [2026-04-21T02:41:44.124+0000] {dag.py:3036} INFO - Sync 1 DAGs
[2026-04-21T02:41:44.151+0000] {logging_mixin.py:188} INFO - [2026-04-21T02:41:44.151+0000] {dag.py:3823} INFO - Setting next_dagrun for example_xcom to 2021-01-01 00:00:00+00:00, run_after=2021-01-01 00:00:00+00:00
[2026-04-21T02:41:44.172+0000] {processor.py:183} INFO - Processing /home/airflow/.local/lib/python3.8/site-packages/airflow/example_dags/example_xcom.py took 0.096 seconds
[2026-04-21T02:42:15.093+0000] {processor.py:161} INFO - Started process (PID=3719861) to work on /home/airflow/.local/lib/python3.8/site-packages/airflow/example_dags/example_xcom.py
[2026-04-21T02:42:15.095+0000] {processor.py:830} INFO - Processing file /home/airflow/.local/lib/python3.8/site-packages/airflow/example_dags/example_xcom.py for tasks to queue
[2026-04-21T02:42:15.097+0000] {logging_mixin.py:188} INFO - [2026-04-21T02:42:15.097+0000] {dagbag.py:538} INFO - Filling up the DagBag from /home/airflow/.local/lib/python3.8/site-packages/airflow/example_dags/example_xcom.py
[2026-04-21T02:42:15.108+0000] {processor.py:840} INFO - DAG(s) 'example_xcom' retrieved from /home/airflow/.local/lib/python3.8/site-packages/airflow/example_dags/example_xcom.py
[2026-04-21T02:42:15.135+0000] {logging_mixin.py:188} INFO - [2026-04-21T02:42:15.134+0000] {dag.py:3036} INFO - Sync 1 DAGs
[2026-04-21T02:42:15.160+0000] {logging_mixin.py:188} INFO - [2026-04-21T02:42:15.159+0000] {dag.py:3823} INFO - Setting next_dagrun for example_xcom to 2021-01-01 00:00:00+00:00, run_after=2021-01-01 00:00:00+00:00
[2026-04-21T02:42:15.179+0000] {processor.py:183} INFO - Processing /home/airflow/.local/lib/python3.8/site-packages/airflow/example_dags/example_xcom.py took 0.092 seconds
[2026-04-21T02:42:45.480+0000] {processor.py:161} INFO - Started process (PID=3719918) to work on /home/airflow/.local/lib/python3.8/site-packages/airflow/example_dags/example_xcom.py
[2026-04-21T02:42:45.482+0000] {processor.py:830} INFO - Processing file /home/airflow/.local/lib/python3.8/site-packages/airflow/example_dags/example_xcom.py for tasks to queue
[2026-04-21T02:42:45.485+0000] {logging_mixin.py:188} INFO - [2026-04-21T02:42:45.484+0000] {dagbag.py:538} INFO - Filling up the DagBag from /home/airflow/.local/lib/python3.8/site-packages/airflow/example_dags/example_xcom.py
[2026-04-21T02:42:45.495+0000] {processor.py:840} INFO - DAG(s) 'example_xcom' retrieved from /home/airflow/.local/lib/python3.8/site-packages/airflow/example_dags/example_xcom.py
[2026-04-21T02:42:45.522+0000] {logging_mixin.py:188} INFO - [2026-04-21T02:42:45.521+0000] {dag.py:3036} INFO - Sync 1 DAGs
[2026-04-21T02:42:45.545+0000] {logging_mixin.py:188} INFO - [2026-04-21T02:42:45.545+0000] {dag.py:3823} INFO - Setting next_dagrun for example_xcom to 2021-01-01 00:00:00+00:00, run_after=2021-01-01 00:00:00+00:00
[2026-04-21T02:42:45.564+0000] {processor.py:183} INFO - Processing /home/airflow/.local/lib/python3.8/site-packages/airflow/example_dags/example_xcom.py took 0.089 seconds
[2026-04-21T02:43:15.857+0000] {processor.py:161} INFO - Started process (PID=3719975) to work on /home/airflow/.local/lib/python3.8/site-packages/airflow/example_dags/example_xcom.py
[2026-04-21T02:43:15.859+0000] {processor.py:830} INFO - Processing file /home/airflow/.local/lib/python3.8/site-packages/airflow/example_dags/example_xcom.py for tasks to queue
[2026-04-21T02:43:15.862+0000] {logging_mixin.py:188} INFO - [2026-04-21T02:43:15.861+0000] {dagbag.py:538} INFO - Filling up the DagBag from /home/airflow/.local/lib/python3.8/site-packages/airflow/example_dags/example_xcom.py
[2026-04-21T02:43:15.872+0000] {processor.py:840} INFO - DAG(s) 'example_xcom' retrieved from /home/airflow/.local/lib/python3.8/site-packages/airflow/example_dags/example_xcom.py
[2026-04-21T02:43:15.898+0000] {logging_mixin.py:188} INFO - [2026-04-21T02:43:15.897+0000] {dag.py:3036} INFO - Sync 1 DAGs
[2026-04-21T02:43:15.921+0000] {logging_mixin.py:188} INFO - [2026-04-21T02:43:15.921+0000] {dag.py:3823} INFO - Setting next_dagrun for example_xcom to 2021-01-01 00:00:00+00:00, run_after=2021-01-01 00:00:00+00:00
[2026-04-21T02:43:15.950+0000] {processor.py:183} INFO - Processing /home/airflow/.local/lib/python3.8/site-packages/airflow/example_dags/example_xcom.py took 0.098 seconds
[2026-04-21T02:43:46.027+0000] {processor.py:161} INFO - Started process (PID=3720032) to work on /home/airflow/.local/lib/python3.8/site-packages/airflow/example_dags/example_xcom.py
[2026-04-21T02:43:46.029+0000] {processor.py:830} INFO - Processing file /home/airflow/.local/lib/python3.8/site-packages/airflow/example_dags/example_xcom.py for tasks to queue
[2026-04-21T02:43:46.031+0000] {logging_mixin.py:188} INFO - [2026-04-21T02:43:46.031+0000] {dagbag.py:538} INFO - Filling up the DagBag from /home/airflow/.local/lib/python3.8/site-packages/airflow/example_dags/example_xcom.py
[2026-04-21T02:43:46.041+0000] {processor.py:840} INFO - DAG(s) 'example_xcom' retrieved from /home/airflow/.local/lib/python3.8/site-packages/airflow/example_dags/example_xcom.py
[2026-04-21T02:43:46.069+0000] {logging_mixin.py:188} INFO - [2026-04-21T02:43:46.068+0000] {dag.py:3036} INFO - Sync 1 DAGs
[2026-04-21T02:43:46.096+0000] {logging_mixin.py:188} INFO - [2026-04-21T02:43:46.096+0000] {dag.py:3823} INFO - Setting next_dagrun for example_xcom to 2021-01-01 00:00:00+00:00, run_after=2021-01-01 00:00:00+00:00
[2026-04-21T02:43:46.116+0000] {processor.py:183} INFO - Processing /home/airflow/.local/lib/python3.8/site-packages/airflow/example_dags/example_xcom.py took 0.094 seconds
[2026-04-21T02:44:16.370+0000] {processor.py:161} INFO - Started process (PID=3720095) to work on /home/airflow/.local/lib/python3.8/site-packages/airflow/example_dags/example_xcom.py
[2026-04-21T02:44:16.372+0000] {processor.py:830} INFO - Processing file /home/airflow/.local/lib/python3.8/site-packages/airflow/example_dags/example_xcom.py for tasks to queue
[2026-04-21T02:44:16.375+0000] {logging_mixin.py:188} INFO - [2026-04-21T02:44:16.374+0000] {dagbag.py:538} INFO - Filling up the DagBag from /home/airflow/.local/lib/python3.8/site-packages/airflow/example_dags/example_xcom.py
[2026-04-21T02:44:16.385+0000] {processor.py:840} INFO - DAG(s) 'example_xcom' retrieved from /home/airflow/.local/lib/python3.8/site-packages/airflow/example_dags/example_xcom.py
[2026-04-21T02:44:16.416+0000] {logging_mixin.py:188} INFO - [2026-04-21T02:44:16.416+0000] {dag.py:3036} INFO - Sync 1 DAGs
[2026-04-21T02:44:16.449+0000] {logging_mixin.py:188} INFO - [2026-04-21T02:44:16.449+0000] {dag.py:3823} INFO - Setting next_dagrun for example_xcom to 2021-01-01 00:00:00+00:00, run_after=2021-01-01 00:00:00+00:00
[2026-04-21T02:44:16.473+0000] {processor.py:183} INFO - Processing /home/airflow/.local/lib/python3.8/site-packages/airflow/example_dags/example_xcom.py took 0.108 seconds
[2026-04-21T02:44:46.569+0000] {processor.py:161} INFO - Started process (PID=3720152) to work on /home/airflow/.local/lib/python3.8/site-packages/airflow/example_dags/example_xcom.py
[2026-04-21T02:44:46.571+0000] {processor.py:830} INFO - Processing file /home/airflow/.local/lib/python3.8/site-packages/airflow/example_dags/example_xcom.py for tasks to queue
[2026-04-21T02:44:46.574+0000] {logging_mixin.py:188} INFO - [2026-04-21T02:44:46.573+0000] {dagbag.py:538} INFO - Filling up the DagBag from /home/airflow/.local/lib/python3.8/site-packages/airflow/example_dags/example_xcom.py
[2026-04-21T02:44:46.584+0000] {processor.py:840} INFO - DAG(s) 'example_xcom' retrieved from /home/airflow/.local/lib/python3.8/site-packages/airflow/example_dags/example_xcom.py
[2026-04-21T02:44:46.609+0000] {logging_mixin.py:188} INFO - [2026-04-21T02:44:46.609+0000] {dag.py:3036} INFO - Sync 1 DAGs
[2026-04-21T02:44:46.633+0000] {logging_mixin.py:188} INFO - [2026-04-21T02:44:46.633+0000] {dag.py:3823} INFO - Setting next_dagrun for example_xcom to 2021-01-01 00:00:00+00:00, run_after=2021-01-01 00:00:00+00:00
[2026-04-21T02:44:46.652+0000] {processor.py:183} INFO - Processing /home/airflow/.local/lib/python3.8/site-packages/airflow/example_dags/example_xcom.py took 0.087 seconds
[2026-04-21T02:45:16.991+0000] {processor.py:161} INFO - Started process (PID=3720209) to work on /home/airflow/.local/lib/python3.8/site-packages/airflow/example_dags/example_xcom.py
[2026-04-21T02:45:16.993+0000] {processor.py:830} INFO - Processing file /home/airflow/.local/lib/python3.8/site-packages/airflow/example_dags/example_xcom.py for tasks to queue
[2026-04-21T02:45:16.995+0000] {logging_mixin.py:188} INFO - [2026-04-21T02:45:16.995+0000] {dagbag.py:538} INFO - Filling up the DagBag from /home/airflow/.local/lib/python3.8/site-packages/airflow/example_dags/example_xcom.py
[2026-04-21T02:45:17.006+0000] {processor.py:840} INFO - DAG(s) 'example_xcom' retrieved from /home/airflow/.local/lib/python3.8/site-packages/airflow/example_dags/example_xcom.py
[2026-04-21T02:45:17.033+0000] {logging_mixin.py:188} INFO - [2026-04-21T02:45:17.033+0000] {dag.py:3036} INFO - Sync 1 DAGs
[2026-04-21T02:45:17.059+0000] {logging_mixin.py:188} INFO - [2026-04-21T02:45:17.059+0000] {dag.py:3823} INFO - Setting next_dagrun for example_xcom to 2021-01-01 00:00:00+00:00, run_after=2021-01-01 00:00:00+00:00
[2026-04-21T02:45:17.082+0000] {processor.py:183} INFO - Processing /home/airflow/.local/lib/python3.8/site-packages/airflow/example_dags/example_xcom.py took 0.096 seconds
[2026-04-21T02:45:47.258+0000] {processor.py:161} INFO - Started process (PID=3720266) to work on /home/airflow/.local/lib/python3.8/site-packages/airflow/example_dags/example_xcom.py
[2026-04-21T02:45:47.260+0000] {processor.py:830} INFO - Processing file /home/airflow/.local/lib/python3.8/site-packages/airflow/example_dags/example_xcom.py for tasks to queue
[2026-04-21T02:45:47.262+0000] {logging_mixin.py:188} INFO - [2026-04-21T02:45:47.262+0000] {dagbag.py:538} INFO - Filling up the DagBag from /home/airflow/.local/lib/python3.8/site-packages/airflow/example_dags/example_xcom.py
[2026-04-21T02:45:47.273+0000] {processor.py:840} INFO - DAG(s) 'example_xcom' retrieved from /home/airflow/.local/lib/python3.8/site-packages/airflow/example_dags/example_xcom.py
[2026-04-21T02:45:47.299+0000] {logging_mixin.py:188} INFO - [2026-04-21T02:45:47.299+0000] {dag.py:3036} INFO - Sync 1 DAGs
[2026-04-21T02:45:47.323+0000] {logging_mixin.py:188} INFO - [2026-04-21T02:45:47.323+0000] {dag.py:3823} INFO - Setting next_dagrun for example_xcom to 2021-01-01 00:00:00+00:00, run_after=2021-01-01 00:00:00+00:00
[2026-04-21T02:45:47.342+0000] {processor.py:183} INFO - Processing /home/airflow/.local/lib/python3.8/site-packages/airflow/example_dags/example_xcom.py took 0.089 seconds
[2026-04-21T02:46:17.518+0000] {processor.py:161} INFO - Started process (PID=3720323) to work on /home/airflow/.local/lib/python3.8/site-packages/airflow/example_dags/example_xcom.py
[2026-04-21T02:46:17.520+0000] {processor.py:830} INFO - Processing file /home/airflow/.local/lib/python3.8/site-packages/airflow/example_dags/example_xcom.py for tasks to queue
[2026-04-21T02:46:17.522+0000] {logging_mixin.py:188} INFO - [2026-04-21T02:46:17.522+0000] {dagbag.py:538} INFO - Filling up the DagBag from /home/airflow/.local/lib/python3.8/site-packages/airflow/example_dags/example_xcom.py
[2026-04-21T02:46:17.532+0000] {processor.py:840} INFO - DAG(s) 'example_xcom' retrieved from /home/airflow/.local/lib/python3.8/site-packages/airflow/example_dags/example_xcom.py
[2026-04-21T02:46:17.561+0000] {logging_mixin.py:188} INFO - [2026-04-21T02:46:17.561+0000] {dag.py:3036} INFO - Sync 1 DAGs
[2026-04-21T02:46:17.588+0000] {logging_mixin.py:188} INFO - [2026-04-21T02:46:17.587+0000] {dag.py:3823} INFO - Setting next_dagrun for example_xcom to 2021-01-01 00:00:00+00:00, run_after=2021-01-01 00:00:00+00:00
[2026-04-21T02:46:17.610+0000] {processor.py:183} INFO - Processing /home/airflow/.local/lib/python3.8/site-packages/airflow/example_dags/example_xcom.py took 0.097 seconds
[2026-04-21T02:46:47.803+0000] {processor.py:161} INFO - Started process (PID=3720380) to work on /home/airflow/.local/lib/python3.8/site-packages/airflow/example_dags/example_xcom.py
[2026-04-21T02:46:47.805+0000] {processor.py:830} INFO - Processing file /home/airflow/.local/lib/python3.8/site-packages/airflow/example_dags/example_xcom.py for tasks to queue
[2026-04-21T02:46:47.808+0000] {logging_mixin.py:188} INFO - [2026-04-21T02:46:47.807+0000] {dagbag.py:538} INFO - Filling up the DagBag from /home/airflow/.local/lib/python3.8/site-packages/airflow/example_dags/example_xcom.py
[2026-04-21T02:46:47.818+0000] {processor.py:840} INFO - DAG(s) 'example_xcom' retrieved from /home/airflow/.local/lib/python3.8/site-packages/airflow/example_dags/example_xcom.py
[2026-04-21T02:46:47.847+0000] {logging_mixin.py:188} INFO - [2026-04-21T02:46:47.847+0000] {dag.py:3036} INFO - Sync 1 DAGs
[2026-04-21T02:46:47.876+0000] {logging_mixin.py:188} INFO - [2026-04-21T02:46:47.875+0000] {dag.py:3823} INFO - Setting next_dagrun for example_xcom to 2021-01-01 00:00:00+00:00, run_after=2021-01-01 00:00:00+00:00
[2026-04-21T02:46:47.896+0000] {processor.py:183} INFO - Processing /home/airflow/.local/lib/python3.8/site-packages/airflow/example_dags/example_xcom.py took 0.098 seconds
[2026-04-21T02:47:18.022+0000] {processor.py:161} INFO - Started process (PID=3720437) to work on /home/airflow/.local/lib/python3.8/site-packages/airflow/example_dags/example_xcom.py
[2026-04-21T02:47:18.024+0000] {processor.py:830} INFO - Processing file /home/airflow/.local/lib/python3.8/site-packages/airflow/example_dags/example_xcom.py for tasks to queue
[2026-04-21T02:47:18.027+0000] {logging_mixin.py:188} INFO - [2026-04-21T02:47:18.026+0000] {dagbag.py:538} INFO - Filling up the DagBag from /home/airflow/.local/lib/python3.8/site-packages/airflow/example_dags/example_xcom.py
[2026-04-21T02:47:18.036+0000] {processor.py:840} INFO - DAG(s) 'example_xcom' retrieved from /home/airflow/.local/lib/python3.8/site-packages/airflow/example_dags/example_xcom.py
[2026-04-21T02:47:18.062+0000] {logging_mixin.py:188} INFO - [2026-04-21T02:47:18.062+0000] {dag.py:3036} INFO - Sync 1 DAGs
[2026-04-21T02:47:18.086+0000] {logging_mixin.py:188} INFO - [2026-04-21T02:47:18.086+0000] {dag.py:3823} INFO - Setting next_dagrun for example_xcom to 2021-01-01 00:00:00+00:00, run_after=2021-01-01 00:00:00+00:00
[2026-04-21T02:47:18.105+0000] {processor.py:183} INFO - Processing /home/airflow/.local/lib/python3.8/site-packages/airflow/example_dags/example_xcom.py took 0.088 seconds
[2026-04-21T02:47:48.340+0000] {processor.py:161} INFO - Started process (PID=3720494) to work on /home/airflow/.local/lib/python3.8/site-packages/airflow/example_dags/example_xcom.py
[2026-04-21T02:47:48.342+0000] {processor.py:830} INFO - Processing file /home/airflow/.local/lib/python3.8/site-packages/airflow/example_dags/example_xcom.py for tasks to queue
[2026-04-21T02:47:48.344+0000] {logging_mixin.py:188} INFO - [2026-04-21T02:47:48.344+0000] {dagbag.py:538} INFO - Filling up the DagBag from /home/airflow/.local/lib/python3.8/site-packages/airflow/example_dags/example_xcom.py
[2026-04-21T02:47:48.354+0000] {processor.py:840} INFO - DAG(s) 'example_xcom' retrieved from /home/airflow/.local/lib/python3.8/site-packages/airflow/example_dags/example_xcom.py
[2026-04-21T02:47:48.380+0000] {logging_mixin.py:188} INFO - [2026-04-21T02:47:48.380+0000] {dag.py:3036} INFO - Sync 1 DAGs
[2026-04-21T02:47:48.405+0000] {logging_mixin.py:188} INFO - [2026-04-21T02:47:48.404+0000] {dag.py:3823} INFO - Setting next_dagrun for example_xcom to 2021-01-01 00:00:00+00:00, run_after=2021-01-01 00:00:00+00:00
[2026-04-21T02:47:48.424+0000] {processor.py:183} INFO - Processing /home/airflow/.local/lib/python3.8/site-packages/airflow/example_dags/example_xcom.py took 0.089 seconds
[2026-04-21T02:48:18.572+0000] {processor.py:161} INFO - Started process (PID=3720551) to work on /home/airflow/.local/lib/python3.8/site-packages/airflow/example_dags/example_xcom.py
[2026-04-21T02:48:18.575+0000] {processor.py:830} INFO - Processing file /home/airflow/.local/lib/python3.8/site-packages/airflow/example_dags/example_xcom.py for tasks to queue
[2026-04-21T02:48:18.577+0000] {logging_mixin.py:188} INFO - [2026-04-21T02:48:18.577+0000] {dagbag.py:538} INFO - Filling up the DagBag from /home/airflow/.local/lib/python3.8/site-packages/airflow/example_dags/example_xcom.py
[2026-04-21T02:48:18.587+0000] {processor.py:840} INFO - DAG(s) 'example_xcom' retrieved from /home/airflow/.local/lib/python3.8/site-packages/airflow/example_dags/example_xcom.py
[2026-04-21T02:48:18.613+0000] {logging_mixin.py:188} INFO - [2026-04-21T02:48:18.612+0000] {dag.py:3036} INFO - Sync 1 DAGs
[2026-04-21T02:48:18.638+0000] {logging_mixin.py:188} INFO - [2026-04-21T02:48:18.638+0000] {dag.py:3823} INFO - Setting next_dagrun for example_xcom to 2021-01-01 00:00:00+00:00, run_after=2021-01-01 00:00:00+00:00
[2026-04-21T02:48:18.658+0000] {processor.py:183} INFO - Processing /home/airflow/.local/lib/python3.8/site-packages/airflow/example_dags/example_xcom.py took 0.091 seconds
[2026-04-21T02:48:48.875+0000] {processor.py:161} INFO - Started process (PID=3720608) to work on /home/airflow/.local/lib/python3.8/site-packages/airflow/example_dags/example_xcom.py
[2026-04-21T02:48:48.877+0000] {processor.py:830} INFO - Processing file /home/airflow/.local/lib/python3.8/site-packages/airflow/example_dags/example_xcom.py for tasks to queue
[2026-04-21T02:48:48.879+0000] {logging_mixin.py:188} INFO - [2026-04-21T02:48:48.879+0000] {dagbag.py:538} INFO - Filling up the DagBag from /home/airflow/.local/lib/python3.8/site-packages/airflow/example_dags/example_xcom.py
[2026-04-21T02:48:48.889+0000] {processor.py:840} INFO - DAG(s) 'example_xcom' retrieved from /home/airflow/.local/lib/python3.8/site-packages/airflow/example_dags/example_xcom.py
[2026-04-21T02:48:48.917+0000] {logging_mixin.py:188} INFO - [2026-04-21T02:48:48.917+0000] {dag.py:3036} INFO - Sync 1 DAGs
[2026-04-21T02:48:48.943+0000] {logging_mixin.py:188} INFO - [2026-04-21T02:48:48.942+0000] {dag.py:3823} INFO - Setting next_dagrun for example_xcom to 2021-01-01 00:00:00+00:00, run_after=2021-01-01 00:00:00+00:00
[2026-04-21T02:48:48.962+0000] {processor.py:183} INFO - Processing /home/airflow/.local/lib/python3.8/site-packages/airflow/example_dags/example_xcom.py took 0.093 seconds
[2026-04-21T02:49:19.102+0000] {processor.py:161} INFO - Started process (PID=3720665) to work on /home/airflow/.local/lib/python3.8/site-packages/airflow/example_dags/example_xcom.py
[2026-04-21T02:49:19.104+0000] {processor.py:830} INFO - Processing file /home/airflow/.local/lib/python3.8/site-packages/airflow/example_dags/example_xcom.py for tasks to queue
[2026-04-21T02:49:19.107+0000] {logging_mixin.py:188} INFO - [2026-04-21T02:49:19.106+0000] {dagbag.py:538} INFO - Filling up the DagBag from /home/airflow/.local/lib/python3.8/site-packages/airflow/example_dags/example_xcom.py
[2026-04-21T02:49:19.117+0000] {processor.py:840} INFO - DAG(s) 'example_xcom' retrieved from /home/airflow/.local/lib/python3.8/site-packages/airflow/example_dags/example_xcom.py
[2026-04-21T02:49:19.144+0000] {logging_mixin.py:188} INFO - [2026-04-21T02:49:19.144+0000] {dag.py:3036} INFO - Sync 1 DAGs
[2026-04-21T02:49:19.168+0000] {logging_mixin.py:188} INFO - [2026-04-21T02:49:19.168+0000] {dag.py:3823} INFO - Setting next_dagrun for example_xcom to 2021-01-01 00:00:00+00:00, run_after=2021-01-01 00:00:00+00:00
[2026-04-21T02:49:19.188+0000] {processor.py:183} INFO - Processing /home/airflow/.local/lib/python3.8/site-packages/airflow/example_dags/example_xcom.py took 0.091 seconds
[2026-04-21T02:49:49.337+0000] {processor.py:161} INFO - Started process (PID=3720722) to work on /home/airflow/.local/lib/python3.8/site-packages/airflow/example_dags/example_xcom.py
[2026-04-21T02:49:49.339+0000] {processor.py:830} INFO - Processing file /home/airflow/.local/lib/python3.8/site-packages/airflow/example_dags/example_xcom.py for tasks to queue
[2026-04-21T02:49:49.342+0000] {logging_mixin.py:188} INFO - [2026-04-21T02:49:49.341+0000] {dagbag.py:538} INFO - Filling up the DagBag from /home/airflow/.local/lib/python3.8/site-packages/airflow/example_dags/example_xcom.py
[2026-04-21T02:49:49.352+0000] {processor.py:840} INFO - DAG(s) 'example_xcom' retrieved from /home/airflow/.local/lib/python3.8/site-packages/airflow/example_dags/example_xcom.py
[2026-04-21T02:49:49.380+0000] {logging_mixin.py:188} INFO - [2026-04-21T02:49:49.380+0000] {dag.py:3036} INFO - Sync 1 DAGs
[2026-04-21T02:49:49.405+0000] {logging_mixin.py:188} INFO - [2026-04-21T02:49:49.405+0000] {dag.py:3823} INFO - Setting next_dagrun for example_xcom to 2021-01-01 00:00:00+00:00, run_after=2021-01-01 00:00:00+00:00
[2026-04-21T02:49:49.427+0000] {processor.py:183} INFO - Processing /home/airflow/.local/lib/python3.8/site-packages/airflow/example_dags/example_xcom.py took 0.095 seconds
[2026-04-21T02:50:19.662+0000] {processor.py:161} INFO - Started process (PID=3720779) to work on /home/airflow/.local/lib/python3.8/site-packages/airflow/example_dags/example_xcom.py
[2026-04-21T02:50:19.663+0000] {processor.py:830} INFO - Processing file /home/airflow/.local/lib/python3.8/site-packages/airflow/example_dags/example_xcom.py for tasks to queue
[2026-04-21T02:50:19.666+0000] {logging_mixin.py:188} INFO - [2026-04-21T02:50:19.666+0000] {dagbag.py:538} INFO - Filling up the DagBag from /home/airflow/.local/lib/python3.8/site-packages/airflow/example_dags/example_xcom.py
[2026-04-21T02:50:19.676+0000] {processor.py:840} INFO - DAG(s) 'example_xcom' retrieved from /home/airflow/.local/lib/python3.8/site-packages/airflow/example_dags/example_xcom.py
[2026-04-21T02:50:19.703+0000] {logging_mixin.py:188} INFO - [2026-04-21T02:50:19.703+0000] {dag.py:3036} INFO - Sync 1 DAGs
[2026-04-21T02:50:19.727+0000] {logging_mixin.py:188} INFO - [2026-04-21T02:50:19.726+0000] {dag.py:3823} INFO - Setting next_dagrun for example_xcom to 2021-01-01 00:00:00+00:00, run_after=2021-01-01 00:00:00+00:00
[2026-04-21T02:50:19.746+0000] {processor.py:183} INFO - Processing /home/airflow/.local/lib/python3.8/site-packages/airflow/example_dags/example_xcom.py took 0.090 seconds
[2026-04-21T02:50:49.870+0000] {processor.py:161} INFO - Started process (PID=3720836) to work on /home/airflow/.local/lib/python3.8/site-packages/airflow/example_dags/example_xcom.py
[2026-04-21T02:50:49.872+0000] {processor.py:830} INFO - Processing file /home/airflow/.local/lib/python3.8/site-packages/airflow/example_dags/example_xcom.py for tasks to queue
[2026-04-21T02:50:49.875+0000] {logging_mixin.py:188} INFO - [2026-04-21T02:50:49.874+0000] {dagbag.py:538} INFO - Filling up the DagBag from /home/airflow/.local/lib/python3.8/site-packages/airflow/example_dags/example_xcom.py
[2026-04-21T02:50:49.885+0000] {processor.py:840} INFO - DAG(s) 'example_xcom' retrieved from /home/airflow/.local/lib/python3.8/site-packages/airflow/example_dags/example_xcom.py
[2026-04-21T02:50:49.911+0000] {logging_mixin.py:188} INFO - [2026-04-21T02:50:49.910+0000] {dag.py:3036} INFO - Sync 1 DAGs
[2026-04-21T02:50:49.934+0000] {logging_mixin.py:188} INFO - [2026-04-21T02:50:49.934+0000] {dag.py:3823} INFO - Setting next_dagrun for example_xcom to 2021-01-01 00:00:00+00:00, run_after=2021-01-01 00:00:00+00:00
[2026-04-21T02:50:49.953+0000] {processor.py:183} INFO - Processing /home/airflow/.local/lib/python3.8/site-packages/airflow/example_dags/example_xcom.py took 0.088 seconds
[2026-04-21T02:51:20.126+0000] {processor.py:161} INFO - Started process (PID=3720893) to work on /home/airflow/.local/lib/python3.8/site-packages/airflow/example_dags/example_xcom.py
[2026-04-21T02:51:20.128+0000] {processor.py:830} INFO - Processing file /home/airflow/.local/lib/python3.8/site-packages/airflow/example_dags/example_xcom.py for tasks to queue
[2026-04-21T02:51:20.130+0000] {logging_mixin.py:188} INFO - [2026-04-21T02:51:20.130+0000] {dagbag.py:538} INFO - Filling up the DagBag from /home/airflow/.local/lib/python3.8/site-packages/airflow/example_dags/example_xcom.py
[2026-04-21T02:51:20.140+0000] {processor.py:840} INFO - DAG(s) 'example_xcom' retrieved from /home/airflow/.local/lib/python3.8/site-packages/airflow/example_dags/example_xcom.py
[2026-04-21T02:51:20.167+0000] {logging_mixin.py:188} INFO - [2026-04-21T02:51:20.167+0000] {dag.py:3036} INFO - Sync 1 DAGs
[2026-04-21T02:51:20.191+0000] {logging_mixin.py:188} INFO - [2026-04-21T02:51:20.191+0000] {dag.py:3823} INFO - Setting next_dagrun for example_xcom to 2021-01-01 00:00:00+00:00, run_after=2021-01-01 00:00:00+00:00
[2026-04-21T02:51:20.211+0000] {processor.py:183} INFO - Processing /home/airflow/.local/lib/python3.8/site-packages/airflow/example_dags/example_xcom.py took 0.090 seconds
[2026-04-21T02:51:50.408+0000] {processor.py:161} INFO - Started process (PID=3720950) to work on /home/airflow/.local/lib/python3.8/site-packages/airflow/example_dags/example_xcom.py
[2026-04-21T02:51:50.411+0000] {processor.py:830} INFO - Processing file /home/airflow/.local/lib/python3.8/site-packages/airflow/example_dags/example_xcom.py for tasks to queue
[2026-04-21T02:51:50.413+0000] {logging_mixin.py:188} INFO - [2026-04-21T02:51:50.412+0000] {dagbag.py:538} INFO - Filling up the DagBag from /home/airflow/.local/lib/python3.8/site-packages/airflow/example_dags/example_xcom.py
[2026-04-21T02:51:50.423+0000] {processor.py:840} INFO - DAG(s) 'example_xcom' retrieved from /home/airflow/.local/lib/python3.8/site-packages/airflow/example_dags/example_xcom.py
[2026-04-21T02:51:50.449+0000] {logging_mixin.py:188} INFO - [2026-04-21T02:51:50.449+0000] {dag.py:3036} INFO - Sync 1 DAGs
[2026-04-21T02:51:50.473+0000] {logging_mixin.py:188} INFO - [2026-04-21T02:51:50.473+0000] {dag.py:3823} INFO - Setting next_dagrun for example_xcom to 2021-01-01 00:00:00+00:00, run_after=2021-01-01 00:00:00+00:00
[2026-04-21T02:51:50.492+0000] {processor.py:183} INFO - Processing /home/airflow/.local/lib/python3.8/site-packages/airflow/example_dags/example_xcom.py took 0.089 seconds
[2026-04-21T02:52:20.577+0000] {processor.py:161} INFO - Started process (PID=3721007) to work on /home/airflow/.local/lib/python3.8/site-packages/airflow/example_dags/example_xcom.py
[2026-04-21T02:52:20.579+0000] {processor.py:830} INFO - Processing file /home/airflow/.local/lib/python3.8/site-packages/airflow/example_dags/example_xcom.py for tasks to queue
[2026-04-21T02:52:20.581+0000] {logging_mixin.py:188} INFO - [2026-04-21T02:52:20.580+0000] {dagbag.py:538} INFO - Filling up the DagBag from /home/airflow/.local/lib/python3.8/site-packages/airflow/example_dags/example_xcom.py
[2026-04-21T02:52:20.591+0000] {processor.py:840} INFO - DAG(s) 'example_xcom' retrieved from /home/airflow/.local/lib/python3.8/site-packages/airflow/example_dags/example_xcom.py
[2026-04-21T02:52:20.617+0000] {logging_mixin.py:188} INFO - [2026-04-21T02:52:20.616+0000] {dag.py:3036} INFO - Sync 1 DAGs
[2026-04-21T02:52:20.641+0000] {logging_mixin.py:188} INFO - [2026-04-21T02:52:20.640+0000] {dag.py:3823} INFO - Setting next_dagrun for example_xcom to 2021-01-01 00:00:00+00:00, run_after=2021-01-01 00:00:00+00:00
[2026-04-21T02:52:20.662+0000] {processor.py:183} INFO - Processing /home/airflow/.local/lib/python3.8/site-packages/airflow/example_dags/example_xcom.py took 0.090 seconds
[2026-04-21T02:52:50.986+0000] {processor.py:161} INFO - Started process (PID=3721064) to work on /home/airflow/.local/lib/python3.8/site-packages/airflow/example_dags/example_xcom.py
[2026-04-21T02:52:50.988+0000] {processor.py:830} INFO - Processing file /home/airflow/.local/lib/python3.8/site-packages/airflow/example_dags/example_xcom.py for tasks to queue
[2026-04-21T02:52:50.990+0000] {logging_mixin.py:188} INFO - [2026-04-21T02:52:50.990+0000] {dagbag.py:538} INFO - Filling up the DagBag from /home/airflow/.local/lib/python3.8/site-packages/airflow/example_dags/example_xcom.py
[2026-04-21T02:52:51.001+0000] {processor.py:840} INFO - DAG(s) 'example_xcom' retrieved from /home/airflow/.local/lib/python3.8/site-packages/airflow/example_dags/example_xcom.py
[2026-04-21T02:52:51.026+0000] {logging_mixin.py:188} INFO - [2026-04-21T02:52:51.026+0000] {dag.py:3036} INFO - Sync 1 DAGs
[2026-04-21T02:52:51.050+0000] {logging_mixin.py:188} INFO - [2026-04-21T02:52:51.050+0000] {dag.py:3823} INFO - Setting next_dagrun for example_xcom to 2021-01-01 00:00:00+00:00, run_after=2021-01-01 00:00:00+00:00
[2026-04-21T02:52:51.070+0000] {processor.py:183} INFO - Processing /home/airflow/.local/lib/python3.8/site-packages/airflow/example_dags/example_xcom.py took 0.088 seconds
[2026-04-21T02:53:21.148+0000] {processor.py:161} INFO - Started process (PID=3721121) to work on /home/airflow/.local/lib/python3.8/site-packages/airflow/example_dags/example_xcom.py
[2026-04-21T02:53:21.150+0000] {processor.py:830} INFO - Processing file /home/airflow/.local/lib/python3.8/site-packages/airflow/example_dags/example_xcom.py for tasks to queue
[2026-04-21T02:53:21.152+0000] {logging_mixin.py:188} INFO - [2026-04-21T02:53:21.152+0000] {dagbag.py:538} INFO - Filling up the DagBag from /home/airflow/.local/lib/python3.8/site-packages/airflow/example_dags/example_xcom.py
[2026-04-21T02:53:21.162+0000] {processor.py:840} INFO - DAG(s) 'example_xcom' retrieved from /home/airflow/.local/lib/python3.8/site-packages/airflow/example_dags/example_xcom.py
[2026-04-21T02:53:21.187+0000] {logging_mixin.py:188} INFO - [2026-04-21T02:53:21.187+0000] {dag.py:3036} INFO - Sync 1 DAGs
[2026-04-21T02:53:21.212+0000] {logging_mixin.py:188} INFO - [2026-04-21T02:53:21.211+0000] {dag.py:3823} INFO - Setting next_dagrun for example_xcom to 2021-01-01 00:00:00+00:00, run_after=2021-01-01 00:00:00+00:00
[2026-04-21T02:53:21.232+0000] {processor.py:183} INFO - Processing /home/airflow/.local/lib/python3.8/site-packages/airflow/example_dags/example_xcom.py took 0.089 seconds
[2026-04-21T02:53:51.298+0000] {processor.py:161} INFO - Started process (PID=3721178) to work on /home/airflow/.local/lib/python3.8/site-packages/airflow/example_dags/example_xcom.py
[2026-04-21T02:53:51.300+0000] {processor.py:830} INFO - Processing file /home/airflow/.local/lib/python3.8/site-packages/airflow/example_dags/example_xcom.py for tasks to queue
[2026-04-21T02:53:51.302+0000] {logging_mixin.py:188} INFO - [2026-04-21T02:53:51.302+0000] {dagbag.py:538} INFO - Filling up the DagBag from /home/airflow/.local/lib/python3.8/site-packages/airflow/example_dags/example_xcom.py
[2026-04-21T02:53:51.321+0000] {processor.py:840} INFO - DAG(s) 'example_xcom' retrieved from /home/airflow/.local/lib/python3.8/site-packages/airflow/example_dags/example_xcom.py
[2026-04-21T02:53:51.352+0000] {logging_mixin.py:188} INFO - [2026-04-21T02:53:51.352+0000] {dag.py:3036} INFO - Sync 1 DAGs
[2026-04-21T02:53:51.375+0000] {logging_mixin.py:188} INFO - [2026-04-21T02:53:51.375+0000] {dag.py:3823} INFO - Setting next_dagrun for example_xcom to 2021-01-01 00:00:00+00:00, run_after=2021-01-01 00:00:00+00:00
[2026-04-21T02:53:51.395+0000] {processor.py:183} INFO - Processing /home/airflow/.local/lib/python3.8/site-packages/airflow/example_dags/example_xcom.py took 0.102 seconds
[2026-04-21T02:54:21.493+0000] {processor.py:161} INFO - Started process (PID=3721236) to work on /home/airflow/.local/lib/python3.8/site-packages/airflow/example_dags/example_xcom.py
[2026-04-21T02:54:21.495+0000] {processor.py:830} INFO - Processing file /home/airflow/.local/lib/python3.8/site-packages/airflow/example_dags/example_xcom.py for tasks to queue
[2026-04-21T02:54:21.497+0000] {logging_mixin.py:188} INFO - [2026-04-21T02:54:21.497+0000] {dagbag.py:538} INFO - Filling up the DagBag from /home/airflow/.local/lib/python3.8/site-packages/airflow/example_dags/example_xcom.py
[2026-04-21T02:54:21.507+0000] {processor.py:840} INFO - DAG(s) 'example_xcom' retrieved from /home/airflow/.local/lib/python3.8/site-packages/airflow/example_dags/example_xcom.py
[2026-04-21T02:54:21.534+0000] {logging_mixin.py:188} INFO - [2026-04-21T02:54:21.533+0000] {dag.py:3036} INFO - Sync 1 DAGs
[2026-04-21T02:54:21.558+0000] {logging_mixin.py:188} INFO - [2026-04-21T02:54:21.557+0000] {dag.py:3823} INFO - Setting next_dagrun for example_xcom to 2021-01-01 00:00:00+00:00, run_after=2021-01-01 00:00:00+00:00
[2026-04-21T02:54:21.578+0000] {processor.py:183} INFO - Processing /home/airflow/.local/lib/python3.8/site-packages/airflow/example_dags/example_xcom.py took 0.090 seconds
[2026-04-21T02:54:51.694+0000] {processor.py:161} INFO - Started process (PID=3721293) to work on /home/airflow/.local/lib/python3.8/site-packages/airflow/example_dags/example_xcom.py
[2026-04-21T02:54:51.696+0000] {processor.py:830} INFO - Processing file /home/airflow/.local/lib/python3.8/site-packages/airflow/example_dags/example_xcom.py for tasks to queue
[2026-04-21T02:54:51.698+0000] {logging_mixin.py:188} INFO - [2026-04-21T02:54:51.698+0000] {dagbag.py:538} INFO - Filling up the DagBag from /home/airflow/.local/lib/python3.8/site-packages/airflow/example_dags/example_xcom.py
[2026-04-21T02:54:51.709+0000] {processor.py:840} INFO - DAG(s) 'example_xcom' retrieved from /home/airflow/.local/lib/python3.8/site-packages/airflow/example_dags/example_xcom.py
[2026-04-21T02:54:51.738+0000] {logging_mixin.py:188} INFO - [2026-04-21T02:54:51.737+0000] {dag.py:3036} INFO - Sync 1 DAGs
[2026-04-21T02:54:51.764+0000] {logging_mixin.py:188} INFO - [2026-04-21T02:54:51.763+0000] {dag.py:3823} INFO - Setting next_dagrun for example_xcom to 2021-01-01 00:00:00+00:00, run_after=2021-01-01 00:00:00+00:00
[2026-04-21T02:54:51.785+0000] {processor.py:183} INFO - Processing /home/airflow/.local/lib/python3.8/site-packages/airflow/example_dags/example_xcom.py took 0.096 seconds
[2026-04-21T02:55:21.842+0000] {processor.py:161} INFO - Started process (PID=3721350) to work on /home/airflow/.local/lib/python3.8/site-packages/airflow/example_dags/example_xcom.py
[2026-04-21T02:55:21.844+0000] {processor.py:830} INFO - Processing file /home/airflow/.local/lib/python3.8/site-packages/airflow/example_dags/example_xcom.py for tasks to queue
[2026-04-21T02:55:21.846+0000] {logging_mixin.py:188} INFO - [2026-04-21T02:55:21.846+0000] {dagbag.py:538} INFO - Filling up the DagBag from /home/airflow/.local/lib/python3.8/site-packages/airflow/example_dags/example_xcom.py
[2026-04-21T02:55:21.857+0000] {processor.py:840} INFO - DAG(s) 'example_xcom' retrieved from /home/airflow/.local/lib/python3.8/site-packages/airflow/example_dags/example_xcom.py
[2026-04-21T02:55:21.883+0000] {logging_mixin.py:188} INFO - [2026-04-21T02:55:21.883+0000] {dag.py:3036} INFO - Sync 1 DAGs
[2026-04-21T02:55:21.907+0000] {logging_mixin.py:188} INFO - [2026-04-21T02:55:21.907+0000] {dag.py:3823} INFO - Setting next_dagrun for example_xcom to 2021-01-01 00:00:00+00:00, run_after=2021-01-01 00:00:00+00:00
[2026-04-21T02:55:21.926+0000] {processor.py:183} INFO - Processing /home/airflow/.local/lib/python3.8/site-packages/airflow/example_dags/example_xcom.py took 0.089 seconds
[2026-04-21T02:55:52.071+0000] {processor.py:161} INFO - Started process (PID=3721407) to work on /home/airflow/.local/lib/python3.8/site-packages/airflow/example_dags/example_xcom.py
[2026-04-21T02:55:52.073+0000] {processor.py:830} INFO - Processing file /home/airflow/.local/lib/python3.8/site-packages/airflow/example_dags/example_xcom.py for tasks to queue
[2026-04-21T02:55:52.075+0000] {logging_mixin.py:188} INFO - [2026-04-21T02:55:52.075+0000] {dagbag.py:538} INFO - Filling up the DagBag from /home/airflow/.local/lib/python3.8/site-packages/airflow/example_dags/example_xcom.py
[2026-04-21T02:55:52.085+0000] {processor.py:840} INFO - DAG(s) 'example_xcom' retrieved from /home/airflow/.local/lib/python3.8/site-packages/airflow/example_dags/example_xcom.py
[2026-04-21T02:55:52.111+0000] {logging_mixin.py:188} INFO - [2026-04-21T02:55:52.110+0000] {dag.py:3036} INFO - Sync 1 DAGs
[2026-04-21T02:55:52.134+0000] {logging_mixin.py:188} INFO - [2026-04-21T02:55:52.134+0000] {dag.py:3823} INFO - Setting next_dagrun for example_xcom to 2021-01-01 00:00:00+00:00, run_after=2021-01-01 00:00:00+00:00
[2026-04-21T02:55:52.153+0000] {processor.py:183} INFO - Processing /home/airflow/.local/lib/python3.8/site-packages/airflow/example_dags/example_xcom.py took 0.086 seconds
[2026-04-21T02:56:22.449+0000] {processor.py:161} INFO - Started process (PID=3721464) to work on /home/airflow/.local/lib/python3.8/site-packages/airflow/example_dags/example_xcom.py
[2026-04-21T02:56:22.452+0000] {processor.py:830} INFO - Processing file /home/airflow/.local/lib/python3.8/site-packages/airflow/example_dags/example_xcom.py for tasks to queue
[2026-04-21T02:56:22.454+0000] {logging_mixin.py:188} INFO - [2026-04-21T02:56:22.453+0000] {dagbag.py:538} INFO - Filling up the DagBag from /home/airflow/.local/lib/python3.8/site-packages/airflow/example_dags/example_xcom.py
[2026-04-21T02:56:22.464+0000] {processor.py:840} INFO - DAG(s) 'example_xcom' retrieved from /home/airflow/.local/lib/python3.8/site-packages/airflow/example_dags/example_xcom.py
[2026-04-21T02:56:22.489+0000] {logging_mixin.py:188} INFO - [2026-04-21T02:56:22.489+0000] {dag.py:3036} INFO - Sync 1 DAGs
[2026-04-21T02:56:22.513+0000] {logging_mixin.py:188} INFO - [2026-04-21T02:56:22.513+0000] {dag.py:3823} INFO - Setting next_dagrun for example_xcom to 2021-01-01 00:00:00+00:00, run_after=2021-01-01 00:00:00+00:00
[2026-04-21T02:56:22.532+0000] {processor.py:183} INFO - Processing /home/airflow/.local/lib/python3.8/site-packages/airflow/example_dags/example_xcom.py took 0.087 seconds
[2026-04-21T02:56:53.114+0000] {processor.py:161} INFO - Started process (PID=3721521) to work on /home/airflow/.local/lib/python3.8/site-packages/airflow/example_dags/example_xcom.py
[2026-04-21T02:56:53.116+0000] {processor.py:830} INFO - Processing file /home/airflow/.local/lib/python3.8/site-packages/airflow/example_dags/example_xcom.py for tasks to queue
[2026-04-21T02:56:53.118+0000] {logging_mixin.py:188} INFO - [2026-04-21T02:56:53.118+0000] {dagbag.py:538} INFO - Filling up the DagBag from /home/airflow/.local/lib/python3.8/site-packages/airflow/example_dags/example_xcom.py
[2026-04-21T02:56:53.129+0000] {processor.py:840} INFO - DAG(s) 'example_xcom' retrieved from /home/airflow/.local/lib/python3.8/site-packages/airflow/example_dags/example_xcom.py
[2026-04-21T02:56:53.155+0000] {logging_mixin.py:188} INFO - [2026-04-21T02:56:53.155+0000] {dag.py:3036} INFO - Sync 1 DAGs
[2026-04-21T02:56:53.180+0000] {logging_mixin.py:188} INFO - [2026-04-21T02:56:53.179+0000] {dag.py:3823} INFO - Setting next_dagrun for example_xcom to 2021-01-01 00:00:00+00:00, run_after=2021-01-01 00:00:00+00:00
[2026-04-21T02:56:53.199+0000] {processor.py:183} INFO - Processing /home/airflow/.local/lib/python3.8/site-packages/airflow/example_dags/example_xcom.py took 0.090 seconds
[2026-04-21T02:57:23.559+0000] {processor.py:161} INFO - Started process (PID=3721578) to work on /home/airflow/.local/lib/python3.8/site-packages/airflow/example_dags/example_xcom.py
[2026-04-21T02:57:23.561+0000] {processor.py:830} INFO - Processing file /home/airflow/.local/lib/python3.8/site-packages/airflow/example_dags/example_xcom.py for tasks to queue
[2026-04-21T02:57:23.563+0000] {logging_mixin.py:188} INFO - [2026-04-21T02:57:23.563+0000] {dagbag.py:538} INFO - Filling up the DagBag from /home/airflow/.local/lib/python3.8/site-packages/airflow/example_dags/example_xcom.py
[2026-04-21T02:57:23.573+0000] {processor.py:840} INFO - DAG(s) 'example_xcom' retrieved from /home/airflow/.local/lib/python3.8/site-packages/airflow/example_dags/example_xcom.py
[2026-04-21T02:57:23.599+0000] {logging_mixin.py:188} INFO - [2026-04-21T02:57:23.599+0000] {dag.py:3036} INFO - Sync 1 DAGs
[2026-04-21T02:57:23.623+0000] {logging_mixin.py:188} INFO - [2026-04-21T02:57:23.622+0000] {dag.py:3823} INFO - Setting next_dagrun for example_xcom to 2021-01-01 00:00:00+00:00, run_after=2021-01-01 00:00:00+00:00
[2026-04-21T02:57:23.641+0000] {processor.py:183} INFO - Processing /home/airflow/.local/lib/python3.8/site-packages/airflow/example_dags/example_xcom.py took 0.087 seconds
[2026-04-21T02:57:53.781+0000] {processor.py:161} INFO - Started process (PID=3721636) to work on /home/airflow/.local/lib/python3.8/site-packages/airflow/example_dags/example_xcom.py
[2026-04-21T02:57:53.783+0000] {processor.py:830} INFO - Processing file /home/airflow/.local/lib/python3.8/site-packages/airflow/example_dags/example_xcom.py for tasks to queue
[2026-04-21T02:57:53.786+0000] {logging_mixin.py:188} INFO - [2026-04-21T02:57:53.785+0000] {dagbag.py:538} INFO - Filling up the DagBag from /home/airflow/.local/lib/python3.8/site-packages/airflow/example_dags/example_xcom.py
[2026-04-21T02:57:53.796+0000] {processor.py:840} INFO - DAG(s) 'example_xcom' retrieved from /home/airflow/.local/lib/python3.8/site-packages/airflow/example_dags/example_xcom.py
[2026-04-21T02:57:53.822+0000] {logging_mixin.py:188} INFO - [2026-04-21T02:57:53.822+0000] {dag.py:3036} INFO - Sync 1 DAGs
[2026-04-21T02:57:53.846+0000] {logging_mixin.py:188} INFO - [2026-04-21T02:57:53.845+0000] {dag.py:3823} INFO - Setting next_dagrun for example_xcom to 2021-01-01 00:00:00+00:00, run_after=2021-01-01 00:00:00+00:00
[2026-04-21T02:57:53.864+0000] {processor.py:183} INFO - Processing /home/airflow/.local/lib/python3.8/site-packages/airflow/example_dags/example_xcom.py took 0.088 seconds
[2026-04-21T02:58:23.969+0000] {processor.py:161} INFO - Started process (PID=3721693) to work on /home/airflow/.local/lib/python3.8/site-packages/airflow/example_dags/example_xcom.py
[2026-04-21T02:58:23.971+0000] {processor.py:830} INFO - Processing file /home/airflow/.local/lib/python3.8/site-packages/airflow/example_dags/example_xcom.py for tasks to queue
[2026-04-21T02:58:23.973+0000] {logging_mixin.py:188} INFO - [2026-04-21T02:58:23.973+0000] {dagbag.py:538} INFO - Filling up the DagBag from /home/airflow/.local/lib/python3.8/site-packages/airflow/example_dags/example_xcom.py
[2026-04-21T02:58:23.983+0000] {processor.py:840} INFO - DAG(s) 'example_xcom' retrieved from /home/airflow/.local/lib/python3.8/site-packages/airflow/example_dags/example_xcom.py
[2026-04-21T02:58:24.010+0000] {logging_mixin.py:188} INFO - [2026-04-21T02:58:24.010+0000] {dag.py:3036} INFO - Sync 1 DAGs
[2026-04-21T02:58:24.035+0000] {logging_mixin.py:188} INFO - [2026-04-21T02:58:24.035+0000] {dag.py:3823} INFO - Setting next_dagrun for example_xcom to 2021-01-01 00:00:00+00:00, run_after=2021-01-01 00:00:00+00:00
[2026-04-21T02:58:24.055+0000] {processor.py:183} INFO - Processing /home/airflow/.local/lib/python3.8/site-packages/airflow/example_dags/example_xcom.py took 0.091 seconds
[2026-04-21T02:58:54.101+0000] {processor.py:161} INFO - Started process (PID=3721750) to work on /home/airflow/.local/lib/python3.8/site-packages/airflow/example_dags/example_xcom.py
[2026-04-21T02:58:54.106+0000] {processor.py:830} INFO - Processing file /home/airflow/.local/lib/python3.8/site-packages/airflow/example_dags/example_xcom.py for tasks to queue
[2026-04-21T02:58:54.109+0000] {logging_mixin.py:188} INFO - [2026-04-21T02:58:54.108+0000] {dagbag.py:538} INFO - Filling up the DagBag from /home/airflow/.local/lib/python3.8/site-packages/airflow/example_dags/example_xcom.py
[2026-04-21T02:58:54.119+0000] {processor.py:840} INFO - DAG(s) 'example_xcom' retrieved from /home/airflow/.local/lib/python3.8/site-packages/airflow/example_dags/example_xcom.py
[2026-04-21T02:58:54.145+0000] {logging_mixin.py:188} INFO - [2026-04-21T02:58:54.145+0000] {dag.py:3036} INFO - Sync 1 DAGs
[2026-04-21T02:58:54.169+0000] {logging_mixin.py:188} INFO - [2026-04-21T02:58:54.169+0000] {dag.py:3823} INFO - Setting next_dagrun for example_xcom to 2021-01-01 00:00:00+00:00, run_after=2021-01-01 00:00:00+00:00
[2026-04-21T02:58:54.189+0000] {processor.py:183} INFO - Processing /home/airflow/.local/lib/python3.8/site-packages/airflow/example_dags/example_xcom.py took 0.093 seconds
[2026-04-21T02:59:24.261+0000] {processor.py:161} INFO - Started process (PID=3721807) to work on /home/airflow/.local/lib/python3.8/site-packages/airflow/example_dags/example_xcom.py
[2026-04-21T02:59:24.263+0000] {processor.py:830} INFO - Processing file /home/airflow/.local/lib/python3.8/site-packages/airflow/example_dags/example_xcom.py for tasks to queue
[2026-04-21T02:59:24.265+0000] {logging_mixin.py:188} INFO - [2026-04-21T02:59:24.265+0000] {dagbag.py:538} INFO - Filling up the DagBag from /home/airflow/.local/lib/python3.8/site-packages/airflow/example_dags/example_xcom.py
[2026-04-21T02:59:24.275+0000] {processor.py:840} INFO - DAG(s) 'example_xcom' retrieved from /home/airflow/.local/lib/python3.8/site-packages/airflow/example_dags/example_xcom.py
[2026-04-21T02:59:24.301+0000] {logging_mixin.py:188} INFO - [2026-04-21T02:59:24.301+0000] {dag.py:3036} INFO - Sync 1 DAGs
[2026-04-21T02:59:24.325+0000] {logging_mixin.py:188} INFO - [2026-04-21T02:59:24.324+0000] {dag.py:3823} INFO - Setting next_dagrun for example_xcom to 2021-01-01 00:00:00+00:00, run_after=2021-01-01 00:00:00+00:00
[2026-04-21T02:59:24.345+0000] {processor.py:183} INFO - Processing /home/airflow/.local/lib/python3.8/site-packages/airflow/example_dags/example_xcom.py took 0.089 seconds
[2026-04-21T02:59:54.451+0000] {processor.py:161} INFO - Started process (PID=3721864) to work on /home/airflow/.local/lib/python3.8/site-packages/airflow/example_dags/example_xcom.py
[2026-04-21T02:59:54.453+0000] {processor.py:830} INFO - Processing file /home/airflow/.local/lib/python3.8/site-packages/airflow/example_dags/example_xcom.py for tasks to queue
[2026-04-21T02:59:54.456+0000] {logging_mixin.py:188} INFO - [2026-04-21T02:59:54.455+0000] {dagbag.py:538} INFO - Filling up the DagBag from /home/airflow/.local/lib/python3.8/site-packages/airflow/example_dags/example_xcom.py
[2026-04-21T02:59:54.466+0000] {processor.py:840} INFO - DAG(s) 'example_xcom' retrieved from /home/airflow/.local/lib/python3.8/site-packages/airflow/example_dags/example_xcom.py
[2026-04-21T02:59:54.494+0000] {logging_mixin.py:188} INFO - [2026-04-21T02:59:54.494+0000] {dag.py:3036} INFO - Sync 1 DAGs
[2026-04-21T02:59:54.519+0000] {logging_mixin.py:188} INFO - [2026-04-21T02:59:54.518+0000] {dag.py:3823} INFO - Setting next_dagrun for example_xcom to 2021-01-01 00:00:00+00:00, run_after=2021-01-01 00:00:00+00:00
[2026-04-21T02:59:54.539+0000] {processor.py:183} INFO - Processing /home/airflow/.local/lib/python3.8/site-packages/airflow/example_dags/example_xcom.py took 0.092 seconds
[2026-04-21T03:00:24.654+0000] {processor.py:161} INFO - Started process (PID=3721920) to work on /home/airflow/.local/lib/python3.8/site-packages/airflow/example_dags/example_xcom.py
[2026-04-21T03:00:24.656+0000] {processor.py:830} INFO - Processing file /home/airflow/.local/lib/python3.8/site-packages/airflow/example_dags/example_xcom.py for tasks to queue
[2026-04-21T03:00:24.658+0000] {logging_mixin.py:188} INFO - [2026-04-21T03:00:24.658+0000] {dagbag.py:538} INFO - Filling up the DagBag from /home/airflow/.local/lib/python3.8/site-packages/airflow/example_dags/example_xcom.py
[2026-04-21T03:00:24.668+0000] {processor.py:840} INFO - DAG(s) 'example_xcom' retrieved from /home/airflow/.local/lib/python3.8/site-packages/airflow/example_dags/example_xcom.py
[2026-04-21T03:00:24.695+0000] {logging_mixin.py:188} INFO - [2026-04-21T03:00:24.694+0000] {dag.py:3036} INFO - Sync 1 DAGs
[2026-04-21T03:00:24.719+0000] {logging_mixin.py:188} INFO - [2026-04-21T03:00:24.719+0000] {dag.py:3823} INFO - Setting next_dagrun for example_xcom to 2021-01-01 00:00:00+00:00, run_after=2021-01-01 00:00:00+00:00
[2026-04-21T03:00:24.738+0000] {processor.py:183} INFO - Processing /home/airflow/.local/lib/python3.8/site-packages/airflow/example_dags/example_xcom.py took 0.090 seconds
[2026-04-21T03:00:55.694+0000] {processor.py:161} INFO - Started process (PID=3721976) to work on /home/airflow/.local/lib/python3.8/site-packages/airflow/example_dags/example_xcom.py
[2026-04-21T03:00:55.696+0000] {processor.py:830} INFO - Processing file /home/airflow/.local/lib/python3.8/site-packages/airflow/example_dags/example_xcom.py for tasks to queue
[2026-04-21T03:00:55.698+0000] {logging_mixin.py:188} INFO - [2026-04-21T03:00:55.698+0000] {dagbag.py:538} INFO - Filling up the DagBag from /home/airflow/.local/lib/python3.8/site-packages/airflow/example_dags/example_xcom.py
[2026-04-21T03:00:55.708+0000] {processor.py:840} INFO - DAG(s) 'example_xcom' retrieved from /home/airflow/.local/lib/python3.8/site-packages/airflow/example_dags/example_xcom.py
[2026-04-21T03:00:55.734+0000] {logging_mixin.py:188} INFO - [2026-04-21T03:00:55.734+0000] {dag.py:3036} INFO - Sync 1 DAGs
[2026-04-21T03:00:55.759+0000] {logging_mixin.py:188} INFO - [2026-04-21T03:00:55.759+0000] {dag.py:3823} INFO - Setting next_dagrun for example_xcom to 2021-01-01 00:00:00+00:00, run_after=2021-01-01 00:00:00+00:00
[2026-04-21T03:00:55.778+0000] {processor.py:183} INFO - Processing /home/airflow/.local/lib/python3.8/site-packages/airflow/example_dags/example_xcom.py took 0.089 seconds
[2026-04-21T03:01:25.870+0000] {processor.py:161} INFO - Started process (PID=3722032) to work on /home/airflow/.local/lib/python3.8/site-packages/airflow/example_dags/example_xcom.py
[2026-04-21T03:01:25.872+0000] {processor.py:830} INFO - Processing file /home/airflow/.local/lib/python3.8/site-packages/airflow/example_dags/example_xcom.py for tasks to queue
[2026-04-21T03:01:25.874+0000] {logging_mixin.py:188} INFO - [2026-04-21T03:01:25.874+0000] {dagbag.py:538} INFO - Filling up the DagBag from /home/airflow/.local/lib/python3.8/site-packages/airflow/example_dags/example_xcom.py
[2026-04-21T03:01:25.884+0000] {processor.py:840} INFO - DAG(s) 'example_xcom' retrieved from /home/airflow/.local/lib/python3.8/site-packages/airflow/example_dags/example_xcom.py
[2026-04-21T03:01:25.911+0000] {logging_mixin.py:188} INFO - [2026-04-21T03:01:25.911+0000] {dag.py:3036} INFO - Sync 1 DAGs
[2026-04-21T03:01:25.935+0000] {logging_mixin.py:188} INFO - [2026-04-21T03:01:25.935+0000] {dag.py:3823} INFO - Setting next_dagrun for example_xcom to 2021-01-01 00:00:00+00:00, run_after=2021-01-01 00:00:00+00:00
[2026-04-21T03:01:25.954+0000] {processor.py:183} INFO - Processing /home/airflow/.local/lib/python3.8/site-packages/airflow/example_dags/example_xcom.py took 0.090 seconds
[2026-04-21T03:01:56.156+0000] {processor.py:161} INFO - Started process (PID=3722088) to work on /home/airflow/.local/lib/python3.8/site-packages/airflow/example_dags/example_xcom.py
[2026-04-21T03:01:56.158+0000] {processor.py:830} INFO - Processing file /home/airflow/.local/lib/python3.8/site-packages/airflow/example_dags/example_xcom.py for tasks to queue
[2026-04-21T03:01:56.160+0000] {logging_mixin.py:188} INFO - [2026-04-21T03:01:56.160+0000] {dagbag.py:538} INFO - Filling up the DagBag from /home/airflow/.local/lib/python3.8/site-packages/airflow/example_dags/example_xcom.py
[2026-04-21T03:01:56.170+0000] {processor.py:840} INFO - DAG(s) 'example_xcom' retrieved from /home/airflow/.local/lib/python3.8/site-packages/airflow/example_dags/example_xcom.py
[2026-04-21T03:01:56.197+0000] {logging_mixin.py:188} INFO - [2026-04-21T03:01:56.196+0000] {dag.py:3036} INFO - Sync 1 DAGs
[2026-04-21T03:01:56.220+0000] {logging_mixin.py:188} INFO - [2026-04-21T03:01:56.220+0000] {dag.py:3823} INFO - Setting next_dagrun for example_xcom to 2021-01-01 00:00:00+00:00, run_after=2021-01-01 00:00:00+00:00
[2026-04-21T03:01:56.240+0000] {processor.py:183} INFO - Processing /home/airflow/.local/lib/python3.8/site-packages/airflow/example_dags/example_xcom.py took 0.089 seconds
[2026-04-21T03:02:26.478+0000] {processor.py:161} INFO - Started process (PID=3722146) to work on /home/airflow/.local/lib/python3.8/site-packages/airflow/example_dags/example_xcom.py
[2026-04-21T03:02:26.480+0000] {processor.py:830} INFO - Processing file /home/airflow/.local/lib/python3.8/site-packages/airflow/example_dags/example_xcom.py for tasks to queue
[2026-04-21T03:02:26.482+0000] {logging_mixin.py:188} INFO - [2026-04-21T03:02:26.482+0000] {dagbag.py:538} INFO - Filling up the DagBag from /home/airflow/.local/lib/python3.8/site-packages/airflow/example_dags/example_xcom.py
[2026-04-21T03:02:26.493+0000] {processor.py:840} INFO - DAG(s) 'example_xcom' retrieved from /home/airflow/.local/lib/python3.8/site-packages/airflow/example_dags/example_xcom.py
[2026-04-21T03:02:26.518+0000] {logging_mixin.py:188} INFO - [2026-04-21T03:02:26.517+0000] {dag.py:3036} INFO - Sync 1 DAGs
[2026-04-21T03:02:26.541+0000] {logging_mixin.py:188} INFO - [2026-04-21T03:02:26.541+0000] {dag.py:3823} INFO - Setting next_dagrun for example_xcom to 2021-01-01 00:00:00+00:00, run_after=2021-01-01 00:00:00+00:00
[2026-04-21T03:02:26.561+0000] {processor.py:183} INFO - Processing /home/airflow/.local/lib/python3.8/site-packages/airflow/example_dags/example_xcom.py took 0.088 seconds
[2026-04-21T03:02:56.718+0000] {processor.py:161} INFO - Started process (PID=3722203) to work on /home/airflow/.local/lib/python3.8/site-packages/airflow/example_dags/example_xcom.py
[2026-04-21T03:02:56.720+0000] {processor.py:830} INFO - Processing file /home/airflow/.local/lib/python3.8/site-packages/airflow/example_dags/example_xcom.py for tasks to queue
[2026-04-21T03:02:56.722+0000] {logging_mixin.py:188} INFO - [2026-04-21T03:02:56.722+0000] {dagbag.py:538} INFO - Filling up the DagBag from /home/airflow/.local/lib/python3.8/site-packages/airflow/example_dags/example_xcom.py
[2026-04-21T03:02:56.732+0000] {processor.py:840} INFO - DAG(s) 'example_xcom' retrieved from /home/airflow/.local/lib/python3.8/site-packages/airflow/example_dags/example_xcom.py
[2026-04-21T03:02:56.758+0000] {logging_mixin.py:188} INFO - [2026-04-21T03:02:56.758+0000] {dag.py:3036} INFO - Sync 1 DAGs
[2026-04-21T03:02:56.782+0000] {logging_mixin.py:188} INFO - [2026-04-21T03:02:56.782+0000] {dag.py:3823} INFO - Setting next_dagrun for example_xcom to 2021-01-01 00:00:00+00:00, run_after=2021-01-01 00:00:00+00:00
[2026-04-21T03:02:56.800+0000] {processor.py:183} INFO - Processing /home/airflow/.local/lib/python3.8/site-packages/airflow/example_dags/example_xcom.py took 0.088 seconds
[2026-04-21T03:03:27.020+0000] {processor.py:161} INFO - Started process (PID=3722260) to work on /home/airflow/.local/lib/python3.8/site-packages/airflow/example_dags/example_xcom.py
[2026-04-21T03:03:27.022+0000] {processor.py:830} INFO - Processing file /home/airflow/.local/lib/python3.8/site-packages/airflow/example_dags/example_xcom.py for tasks to queue
[2026-04-21T03:03:27.024+0000] {logging_mixin.py:188} INFO - [2026-04-21T03:03:27.024+0000] {dagbag.py:538} INFO - Filling up the DagBag from /home/airflow/.local/lib/python3.8/site-packages/airflow/example_dags/example_xcom.py
[2026-04-21T03:03:27.034+0000] {processor.py:840} INFO - DAG(s) 'example_xcom' retrieved from /home/airflow/.local/lib/python3.8/site-packages/airflow/example_dags/example_xcom.py
[2026-04-21T03:03:27.059+0000] {logging_mixin.py:188} INFO - [2026-04-21T03:03:27.058+0000] {dag.py:3036} INFO - Sync 1 DAGs
[2026-04-21T03:03:27.082+0000] {logging_mixin.py:188} INFO - [2026-04-21T03:03:27.082+0000] {dag.py:3823} INFO - Setting next_dagrun for example_xcom to 2021-01-01 00:00:00+00:00, run_after=2021-01-01 00:00:00+00:00
[2026-04-21T03:03:27.100+0000] {processor.py:183} INFO - Processing /home/airflow/.local/lib/python3.8/site-packages/airflow/example_dags/example_xcom.py took 0.085 seconds
[2026-04-21T03:03:57.443+0000] {processor.py:161} INFO - Started process (PID=3722317) to work on /home/airflow/.local/lib/python3.8/site-packages/airflow/example_dags/example_xcom.py
[2026-04-21T03:03:57.445+0000] {processor.py:830} INFO - Processing file /home/airflow/.local/lib/python3.8/site-packages/airflow/example_dags/example_xcom.py for tasks to queue
[2026-04-21T03:03:57.448+0000] {logging_mixin.py:188} INFO - [2026-04-21T03:03:57.447+0000] {dagbag.py:538} INFO - Filling up the DagBag from /home/airflow/.local/lib/python3.8/site-packages/airflow/example_dags/example_xcom.py
[2026-04-21T03:03:57.458+0000] {processor.py:840} INFO - DAG(s) 'example_xcom' retrieved from /home/airflow/.local/lib/python3.8/site-packages/airflow/example_dags/example_xcom.py
[2026-04-21T03:03:57.484+0000] {logging_mixin.py:188} INFO - [2026-04-21T03:03:57.484+0000] {dag.py:3036} INFO - Sync 1 DAGs
[2026-04-21T03:03:57.508+0000] {logging_mixin.py:188} INFO - [2026-04-21T03:03:57.508+0000] {dag.py:3823} INFO - Setting next_dagrun for example_xcom to 2021-01-01 00:00:00+00:00, run_after=2021-01-01 00:00:00+00:00
[2026-04-21T03:03:57.527+0000] {processor.py:183} INFO - Processing /home/airflow/.local/lib/python3.8/site-packages/airflow/example_dags/example_xcom.py took 0.089 seconds
[2026-04-21T03:04:27.638+0000] {processor.py:161} INFO - Started process (PID=3722374) to work on /home/airflow/.local/lib/python3.8/site-packages/airflow/example_dags/example_xcom.py
[2026-04-21T03:04:27.639+0000] {processor.py:830} INFO - Processing file /home/airflow/.local/lib/python3.8/site-packages/airflow/example_dags/example_xcom.py for tasks to queue
[2026-04-21T03:04:27.642+0000] {logging_mixin.py:188} INFO - [2026-04-21T03:04:27.641+0000] {dagbag.py:538} INFO - Filling up the DagBag from /home/airflow/.local/lib/python3.8/site-packages/airflow/example_dags/example_xcom.py
[2026-04-21T03:04:27.651+0000] {processor.py:840} INFO - DAG(s) 'example_xcom' retrieved from /home/airflow/.local/lib/python3.8/site-packages/airflow/example_dags/example_xcom.py
[2026-04-21T03:04:27.676+0000] {logging_mixin.py:188} INFO - [2026-04-21T03:04:27.676+0000] {dag.py:3036} INFO - Sync 1 DAGs
[2026-04-21T03:04:27.699+0000] {logging_mixin.py:188} INFO - [2026-04-21T03:04:27.699+0000] {dag.py:3823} INFO - Setting next_dagrun for example_xcom to 2021-01-01 00:00:00+00:00, run_after=2021-01-01 00:00:00+00:00
[2026-04-21T03:04:27.717+0000] {processor.py:183} INFO - Processing /home/airflow/.local/lib/python3.8/site-packages/airflow/example_dags/example_xcom.py took 0.084 seconds
[2026-04-21T03:04:57.962+0000] {processor.py:161} INFO - Started process (PID=3722431) to work on /home/airflow/.local/lib/python3.8/site-packages/airflow/example_dags/example_xcom.py
[2026-04-21T03:04:57.964+0000] {processor.py:830} INFO - Processing file /home/airflow/.local/lib/python3.8/site-packages/airflow/example_dags/example_xcom.py for tasks to queue
[2026-04-21T03:04:57.968+0000] {logging_mixin.py:188} INFO - [2026-04-21T03:04:57.967+0000] {dagbag.py:538} INFO - Filling up the DagBag from /home/airflow/.local/lib/python3.8/site-packages/airflow/example_dags/example_xcom.py
[2026-04-21T03:04:57.983+0000] {processor.py:840} INFO - DAG(s) 'example_xcom' retrieved from /home/airflow/.local/lib/python3.8/site-packages/airflow/example_dags/example_xcom.py
[2026-04-21T03:04:58.018+0000] {logging_mixin.py:188} INFO - [2026-04-21T03:04:58.018+0000] {dag.py:3036} INFO - Sync 1 DAGs
[2026-04-21T03:04:58.045+0000] {logging_mixin.py:188} INFO - [2026-04-21T03:04:58.044+0000] {dag.py:3823} INFO - Setting next_dagrun for example_xcom to 2021-01-01 00:00:00+00:00, run_after=2021-01-01 00:00:00+00:00
[2026-04-21T03:04:58.065+0000] {processor.py:183} INFO - Processing /home/airflow/.local/lib/python3.8/site-packages/airflow/example_dags/example_xcom.py took 0.109 seconds
[2026-04-21T03:05:28.272+0000] {processor.py:161} INFO - Started process (PID=3722488) to work on /home/airflow/.local/lib/python3.8/site-packages/airflow/example_dags/example_xcom.py
[2026-04-21T03:05:28.274+0000] {processor.py:830} INFO - Processing file /home/airflow/.local/lib/python3.8/site-packages/airflow/example_dags/example_xcom.py for tasks to queue
[2026-04-21T03:05:28.276+0000] {logging_mixin.py:188} INFO - [2026-04-21T03:05:28.276+0000] {dagbag.py:538} INFO - Filling up the DagBag from /home/airflow/.local/lib/python3.8/site-packages/airflow/example_dags/example_xcom.py
[2026-04-21T03:05:28.286+0000] {processor.py:840} INFO - DAG(s) 'example_xcom' retrieved from /home/airflow/.local/lib/python3.8/site-packages/airflow/example_dags/example_xcom.py
[2026-04-21T03:05:28.311+0000] {logging_mixin.py:188} INFO - [2026-04-21T03:05:28.311+0000] {dag.py:3036} INFO - Sync 1 DAGs
[2026-04-21T03:05:28.335+0000] {logging_mixin.py:188} INFO - [2026-04-21T03:05:28.335+0000] {dag.py:3823} INFO - Setting next_dagrun for example_xcom to 2021-01-01 00:00:00+00:00, run_after=2021-01-01 00:00:00+00:00
[2026-04-21T03:05:28.355+0000] {processor.py:183} INFO - Processing /home/airflow/.local/lib/python3.8/site-packages/airflow/example_dags/example_xcom.py took 0.088 seconds
[2026-04-21T03:05:58.567+0000] {processor.py:161} INFO - Started process (PID=3722545) to work on /home/airflow/.local/lib/python3.8/site-packages/airflow/example_dags/example_xcom.py
[2026-04-21T03:05:58.569+0000] {processor.py:830} INFO - Processing file /home/airflow/.local/lib/python3.8/site-packages/airflow/example_dags/example_xcom.py for tasks to queue
[2026-04-21T03:05:58.571+0000] {logging_mixin.py:188} INFO - [2026-04-21T03:05:58.571+0000] {dagbag.py:538} INFO - Filling up the DagBag from /home/airflow/.local/lib/python3.8/site-packages/airflow/example_dags/example_xcom.py
[2026-04-21T03:05:58.582+0000] {processor.py:840} INFO - DAG(s) 'example_xcom' retrieved from /home/airflow/.local/lib/python3.8/site-packages/airflow/example_dags/example_xcom.py
[2026-04-21T03:05:58.608+0000] {logging_mixin.py:188} INFO - [2026-04-21T03:05:58.608+0000] {dag.py:3036} INFO - Sync 1 DAGs
[2026-04-21T03:05:58.632+0000] {logging_mixin.py:188} INFO - [2026-04-21T03:05:58.632+0000] {dag.py:3823} INFO - Setting next_dagrun for example_xcom to 2021-01-01 00:00:00+00:00, run_after=2021-01-01 00:00:00+00:00
[2026-04-21T03:05:58.651+0000] {processor.py:183} INFO - Processing /home/airflow/.local/lib/python3.8/site-packages/airflow/example_dags/example_xcom.py took 0.089 seconds
[2026-04-21T03:06:28.977+0000] {processor.py:161} INFO - Started process (PID=3722602) to work on /home/airflow/.local/lib/python3.8/site-packages/airflow/example_dags/example_xcom.py
[2026-04-21T03:06:28.979+0000] {processor.py:830} INFO - Processing file /home/airflow/.local/lib/python3.8/site-packages/airflow/example_dags/example_xcom.py for tasks to queue
[2026-04-21T03:06:28.981+0000] {logging_mixin.py:188} INFO - [2026-04-21T03:06:28.981+0000] {dagbag.py:538} INFO - Filling up the DagBag from /home/airflow/.local/lib/python3.8/site-packages/airflow/example_dags/example_xcom.py
[2026-04-21T03:06:28.991+0000] {processor.py:840} INFO - DAG(s) 'example_xcom' retrieved from /home/airflow/.local/lib/python3.8/site-packages/airflow/example_dags/example_xcom.py
[2026-04-21T03:06:29.017+0000] {logging_mixin.py:188} INFO - [2026-04-21T03:06:29.016+0000] {dag.py:3036} INFO - Sync 1 DAGs
[2026-04-21T03:06:29.041+0000] {logging_mixin.py:188} INFO - [2026-04-21T03:06:29.040+0000] {dag.py:3823} INFO - Setting next_dagrun for example_xcom to 2021-01-01 00:00:00+00:00, run_after=2021-01-01 00:00:00+00:00
[2026-04-21T03:06:29.060+0000] {processor.py:183} INFO - Processing /home/airflow/.local/lib/python3.8/site-packages/airflow/example_dags/example_xcom.py took 0.087 seconds
[2026-04-21T03:06:59.225+0000] {processor.py:161} INFO - Started process (PID=3722659) to work on /home/airflow/.local/lib/python3.8/site-packages/airflow/example_dags/example_xcom.py
[2026-04-21T03:06:59.227+0000] {processor.py:830} INFO - Processing file /home/airflow/.local/lib/python3.8/site-packages/airflow/example_dags/example_xcom.py for tasks to queue
[2026-04-21T03:06:59.229+0000] {logging_mixin.py:188} INFO - [2026-04-21T03:06:59.229+0000] {dagbag.py:538} INFO - Filling up the DagBag from /home/airflow/.local/lib/python3.8/site-packages/airflow/example_dags/example_xcom.py
[2026-04-21T03:06:59.239+0000] {processor.py:840} INFO - DAG(s) 'example_xcom' retrieved from /home/airflow/.local/lib/python3.8/site-packages/airflow/example_dags/example_xcom.py
[2026-04-21T03:06:59.265+0000] {logging_mixin.py:188} INFO - [2026-04-21T03:06:59.264+0000] {dag.py:3036} INFO - Sync 1 DAGs
[2026-04-21T03:06:59.288+0000] {logging_mixin.py:188} INFO - [2026-04-21T03:06:59.288+0000] {dag.py:3823} INFO - Setting next_dagrun for example_xcom to 2021-01-01 00:00:00+00:00, run_after=2021-01-01 00:00:00+00:00
[2026-04-21T03:06:59.307+0000] {processor.py:183} INFO - Processing /home/airflow/.local/lib/python3.8/site-packages/airflow/example_dags/example_xcom.py took 0.087 seconds
[2026-04-21T03:07:29.673+0000] {processor.py:161} INFO - Started process (PID=3722716) to work on /home/airflow/.local/lib/python3.8/site-packages/airflow/example_dags/example_xcom.py
[2026-04-21T03:07:29.675+0000] {processor.py:830} INFO - Processing file /home/airflow/.local/lib/python3.8/site-packages/airflow/example_dags/example_xcom.py for tasks to queue
[2026-04-21T03:07:29.678+0000] {logging_mixin.py:188} INFO - [2026-04-21T03:07:29.677+0000] {dagbag.py:538} INFO - Filling up the DagBag from /home/airflow/.local/lib/python3.8/site-packages/airflow/example_dags/example_xcom.py
[2026-04-21T03:07:29.691+0000] {processor.py:840} INFO - DAG(s) 'example_xcom' retrieved from /home/airflow/.local/lib/python3.8/site-packages/airflow/example_dags/example_xcom.py
[2026-04-21T03:07:29.719+0000] {logging_mixin.py:188} INFO - [2026-04-21T03:07:29.719+0000] {dag.py:3036} INFO - Sync 1 DAGs
[2026-04-21T03:07:29.748+0000] {logging_mixin.py:188} INFO - [2026-04-21T03:07:29.748+0000] {dag.py:3823} INFO - Setting next_dagrun for example_xcom to 2021-01-01 00:00:00+00:00, run_after=2021-01-01 00:00:00+00:00
[2026-04-21T03:07:29.777+0000] {processor.py:183} INFO - Processing /home/airflow/.local/lib/python3.8/site-packages/airflow/example_dags/example_xcom.py took 0.108 seconds
[2026-04-21T03:07:59.911+0000] {processor.py:161} INFO - Started process (PID=3722773) to work on /home/airflow/.local/lib/python3.8/site-packages/airflow/example_dags/example_xcom.py
[2026-04-21T03:07:59.913+0000] {processor.py:830} INFO - Processing file /home/airflow/.local/lib/python3.8/site-packages/airflow/example_dags/example_xcom.py for tasks to queue
[2026-04-21T03:07:59.915+0000] {logging_mixin.py:188} INFO - [2026-04-21T03:07:59.915+0000] {dagbag.py:538} INFO - Filling up the DagBag from /home/airflow/.local/lib/python3.8/site-packages/airflow/example_dags/example_xcom.py
[2026-04-21T03:07:59.925+0000] {processor.py:840} INFO - DAG(s) 'example_xcom' retrieved from /home/airflow/.local/lib/python3.8/site-packages/airflow/example_dags/example_xcom.py
[2026-04-21T03:07:59.950+0000] {logging_mixin.py:188} INFO - [2026-04-21T03:07:59.950+0000] {dag.py:3036} INFO - Sync 1 DAGs
[2026-04-21T03:07:59.973+0000] {logging_mixin.py:188} INFO - [2026-04-21T03:07:59.973+0000] {dag.py:3823} INFO - Setting next_dagrun for example_xcom to 2021-01-01 00:00:00+00:00, run_after=2021-01-01 00:00:00+00:00
[2026-04-21T03:07:59.992+0000] {processor.py:183} INFO - Processing /home/airflow/.local/lib/python3.8/site-packages/airflow/example_dags/example_xcom.py took 0.085 seconds
[2026-04-21T03:08:30.117+0000] {processor.py:161} INFO - Started process (PID=3722830) to work on /home/airflow/.local/lib/python3.8/site-packages/airflow/example_dags/example_xcom.py
[2026-04-21T03:08:30.119+0000] {processor.py:830} INFO - Processing file /home/airflow/.local/lib/python3.8/site-packages/airflow/example_dags/example_xcom.py for tasks to queue
[2026-04-21T03:08:30.121+0000] {logging_mixin.py:188} INFO - [2026-04-21T03:08:30.121+0000] {dagbag.py:538} INFO - Filling up the DagBag from /home/airflow/.local/lib/python3.8/site-packages/airflow/example_dags/example_xcom.py
[2026-04-21T03:08:30.131+0000] {processor.py:840} INFO - DAG(s) 'example_xcom' retrieved from /home/airflow/.local/lib/python3.8/site-packages/airflow/example_dags/example_xcom.py
[2026-04-21T03:08:30.156+0000] {logging_mixin.py:188} INFO - [2026-04-21T03:08:30.156+0000] {dag.py:3036} INFO - Sync 1 DAGs
[2026-04-21T03:08:30.181+0000] {logging_mixin.py:188} INFO - [2026-04-21T03:08:30.181+0000] {dag.py:3823} INFO - Setting next_dagrun for example_xcom to 2021-01-01 00:00:00+00:00, run_after=2021-01-01 00:00:00+00:00
[2026-04-21T03:08:30.203+0000] {processor.py:183} INFO - Processing /home/airflow/.local/lib/python3.8/site-packages/airflow/example_dags/example_xcom.py took 0.090 seconds
[2026-04-21T03:09:00.586+0000] {processor.py:161} INFO - Started process (PID=3722887) to work on /home/airflow/.local/lib/python3.8/site-packages/airflow/example_dags/example_xcom.py
[2026-04-21T03:09:00.588+0000] {processor.py:830} INFO - Processing file /home/airflow/.local/lib/python3.8/site-packages/airflow/example_dags/example_xcom.py for tasks to queue
[2026-04-21T03:09:00.590+0000] {logging_mixin.py:188} INFO - [2026-04-21T03:09:00.590+0000] {dagbag.py:538} INFO - Filling up the DagBag from /home/airflow/.local/lib/python3.8/site-packages/airflow/example_dags/example_xcom.py
[2026-04-21T03:09:00.600+0000] {processor.py:840} INFO - DAG(s) 'example_xcom' retrieved from /home/airflow/.local/lib/python3.8/site-packages/airflow/example_dags/example_xcom.py
[2026-04-21T03:09:00.625+0000] {logging_mixin.py:188} INFO - [2026-04-21T03:09:00.625+0000] {dag.py:3036} INFO - Sync 1 DAGs
[2026-04-21T03:09:00.649+0000] {logging_mixin.py:188} INFO - [2026-04-21T03:09:00.649+0000] {dag.py:3823} INFO - Setting next_dagrun for example_xcom to 2021-01-01 00:00:00+00:00, run_after=2021-01-01 00:00:00+00:00
[2026-04-21T03:09:00.668+0000] {processor.py:183} INFO - Processing /home/airflow/.local/lib/python3.8/site-packages/airflow/example_dags/example_xcom.py took 0.087 seconds
[2026-04-21T03:09:30.760+0000] {processor.py:161} INFO - Started process (PID=3722944) to work on /home/airflow/.local/lib/python3.8/site-packages/airflow/example_dags/example_xcom.py
[2026-04-21T03:09:30.762+0000] {processor.py:830} INFO - Processing file /home/airflow/.local/lib/python3.8/site-packages/airflow/example_dags/example_xcom.py for tasks to queue
[2026-04-21T03:09:30.765+0000] {logging_mixin.py:188} INFO - [2026-04-21T03:09:30.764+0000] {dagbag.py:538} INFO - Filling up the DagBag from /home/airflow/.local/lib/python3.8/site-packages/airflow/example_dags/example_xcom.py
[2026-04-21T03:09:30.774+0000] {processor.py:840} INFO - DAG(s) 'example_xcom' retrieved from /home/airflow/.local/lib/python3.8/site-packages/airflow/example_dags/example_xcom.py
[2026-04-21T03:09:30.799+0000] {logging_mixin.py:188} INFO - [2026-04-21T03:09:30.799+0000] {dag.py:3036} INFO - Sync 1 DAGs
[2026-04-21T03:09:30.825+0000] {logging_mixin.py:188} INFO - [2026-04-21T03:09:30.824+0000] {dag.py:3823} INFO - Setting next_dagrun for example_xcom to 2021-01-01 00:00:00+00:00, run_after=2021-01-01 00:00:00+00:00
[2026-04-21T03:09:30.846+0000] {processor.py:183} INFO - Processing /home/airflow/.local/lib/python3.8/site-packages/airflow/example_dags/example_xcom.py took 0.090 seconds
[2026-04-21T03:10:01.072+0000] {processor.py:161} INFO - Started process (PID=3723001) to work on /home/airflow/.local/lib/python3.8/site-packages/airflow/example_dags/example_xcom.py
[2026-04-21T03:10:01.074+0000] {processor.py:830} INFO - Processing file /home/airflow/.local/lib/python3.8/site-packages/airflow/example_dags/example_xcom.py for tasks to queue
[2026-04-21T03:10:01.076+0000] {logging_mixin.py:188} INFO - [2026-04-21T03:10:01.076+0000] {dagbag.py:538} INFO - Filling up the DagBag from /home/airflow/.local/lib/python3.8/site-packages/airflow/example_dags/example_xcom.py
[2026-04-21T03:10:01.086+0000] {processor.py:840} INFO - DAG(s) 'example_xcom' retrieved from /home/airflow/.local/lib/python3.8/site-packages/airflow/example_dags/example_xcom.py
[2026-04-21T03:10:01.114+0000] {logging_mixin.py:188} INFO - [2026-04-21T03:10:01.114+0000] {dag.py:3036} INFO - Sync 1 DAGs
[2026-04-21T03:10:01.141+0000] {logging_mixin.py:188} INFO - [2026-04-21T03:10:01.141+0000] {dag.py:3823} INFO - Setting next_dagrun for example_xcom to 2021-01-01 00:00:00+00:00, run_after=2021-01-01 00:00:00+00:00
[2026-04-21T03:10:01.162+0000] {processor.py:183} INFO - Processing /home/airflow/.local/lib/python3.8/site-packages/airflow/example_dags/example_xcom.py took 0.095 seconds
[2026-04-21T03:10:31.436+0000] {processor.py:161} INFO - Started process (PID=3723058) to work on /home/airflow/.local/lib/python3.8/site-packages/airflow/example_dags/example_xcom.py
[2026-04-21T03:10:31.438+0000] {processor.py:830} INFO - Processing file /home/airflow/.local/lib/python3.8/site-packages/airflow/example_dags/example_xcom.py for tasks to queue
[2026-04-21T03:10:31.441+0000] {logging_mixin.py:188} INFO - [2026-04-21T03:10:31.440+0000] {dagbag.py:538} INFO - Filling up the DagBag from /home/airflow/.local/lib/python3.8/site-packages/airflow/example_dags/example_xcom.py
[2026-04-21T03:10:31.451+0000] {processor.py:840} INFO - DAG(s) 'example_xcom' retrieved from /home/airflow/.local/lib/python3.8/site-packages/airflow/example_dags/example_xcom.py
[2026-04-21T03:10:31.476+0000] {logging_mixin.py:188} INFO - [2026-04-21T03:10:31.475+0000] {dag.py:3036} INFO - Sync 1 DAGs
[2026-04-21T03:10:31.500+0000] {logging_mixin.py:188} INFO - [2026-04-21T03:10:31.500+0000] {dag.py:3823} INFO - Setting next_dagrun for example_xcom to 2021-01-01 00:00:00+00:00, run_after=2021-01-01 00:00:00+00:00
[2026-04-21T03:10:31.520+0000] {processor.py:183} INFO - Processing /home/airflow/.local/lib/python3.8/site-packages/airflow/example_dags/example_xcom.py took 0.088 seconds
[2026-04-21T03:11:01.659+0000] {processor.py:161} INFO - Started process (PID=3723115) to work on /home/airflow/.local/lib/python3.8/site-packages/airflow/example_dags/example_xcom.py
[2026-04-21T03:11:01.661+0000] {processor.py:830} INFO - Processing file /home/airflow/.local/lib/python3.8/site-packages/airflow/example_dags/example_xcom.py for tasks to queue
[2026-04-21T03:11:01.664+0000] {logging_mixin.py:188} INFO - [2026-04-21T03:11:01.663+0000] {dagbag.py:538} INFO - Filling up the DagBag from /home/airflow/.local/lib/python3.8/site-packages/airflow/example_dags/example_xcom.py
[2026-04-21T03:11:01.674+0000] {processor.py:840} INFO - DAG(s) 'example_xcom' retrieved from /home/airflow/.local/lib/python3.8/site-packages/airflow/example_dags/example_xcom.py
[2026-04-21T03:11:01.700+0000] {logging_mixin.py:188} INFO - [2026-04-21T03:11:01.699+0000] {dag.py:3036} INFO - Sync 1 DAGs
[2026-04-21T03:11:01.723+0000] {logging_mixin.py:188} INFO - [2026-04-21T03:11:01.723+0000] {dag.py:3823} INFO - Setting next_dagrun for example_xcom to 2021-01-01 00:00:00+00:00, run_after=2021-01-01 00:00:00+00:00
[2026-04-21T03:11:01.742+0000] {processor.py:183} INFO - Processing /home/airflow/.local/lib/python3.8/site-packages/airflow/example_dags/example_xcom.py took 0.088 seconds
[2026-04-21T03:11:31.952+0000] {processor.py:161} INFO - Started process (PID=3723172) to work on /home/airflow/.local/lib/python3.8/site-packages/airflow/example_dags/example_xcom.py
[2026-04-21T03:11:31.953+0000] {processor.py:830} INFO - Processing file /home/airflow/.local/lib/python3.8/site-packages/airflow/example_dags/example_xcom.py for tasks to queue
[2026-04-21T03:11:31.956+0000] {logging_mixin.py:188} INFO - [2026-04-21T03:11:31.955+0000] {dagbag.py:538} INFO - Filling up the DagBag from /home/airflow/.local/lib/python3.8/site-packages/airflow/example_dags/example_xcom.py
[2026-04-21T03:11:31.966+0000] {processor.py:840} INFO - DAG(s) 'example_xcom' retrieved from /home/airflow/.local/lib/python3.8/site-packages/airflow/example_dags/example_xcom.py
[2026-04-21T03:11:31.991+0000] {logging_mixin.py:188} INFO - [2026-04-21T03:11:31.991+0000] {dag.py:3036} INFO - Sync 1 DAGs
[2026-04-21T03:11:32.014+0000] {logging_mixin.py:188} INFO - [2026-04-21T03:11:32.014+0000] {dag.py:3823} INFO - Setting next_dagrun for example_xcom to 2021-01-01 00:00:00+00:00, run_after=2021-01-01 00:00:00+00:00
[2026-04-21T03:11:32.034+0000] {processor.py:183} INFO - Processing /home/airflow/.local/lib/python3.8/site-packages/airflow/example_dags/example_xcom.py took 0.087 seconds
[2026-04-21T03:12:02.207+0000] {processor.py:161} INFO - Started process (PID=3723229) to work on /home/airflow/.local/lib/python3.8/site-packages/airflow/example_dags/example_xcom.py
[2026-04-21T03:12:02.210+0000] {processor.py:830} INFO - Processing file /home/airflow/.local/lib/python3.8/site-packages/airflow/example_dags/example_xcom.py for tasks to queue
[2026-04-21T03:12:02.212+0000] {logging_mixin.py:188} INFO - [2026-04-21T03:12:02.212+0000] {dagbag.py:538} INFO - Filling up the DagBag from /home/airflow/.local/lib/python3.8/site-packages/airflow/example_dags/example_xcom.py
[2026-04-21T03:12:02.223+0000] {processor.py:840} INFO - DAG(s) 'example_xcom' retrieved from /home/airflow/.local/lib/python3.8/site-packages/airflow/example_dags/example_xcom.py
[2026-04-21T03:12:02.250+0000] {logging_mixin.py:188} INFO - [2026-04-21T03:12:02.249+0000] {dag.py:3036} INFO - Sync 1 DAGs
[2026-04-21T03:12:02.277+0000] {logging_mixin.py:188} INFO - [2026-04-21T03:12:02.277+0000] {dag.py:3823} INFO - Setting next_dagrun for example_xcom to 2021-01-01 00:00:00+00:00, run_after=2021-01-01 00:00:00+00:00
[2026-04-21T03:12:02.297+0000] {processor.py:183} INFO - Processing /home/airflow/.local/lib/python3.8/site-packages/airflow/example_dags/example_xcom.py took 0.095 seconds
[2026-04-21T03:12:32.497+0000] {processor.py:161} INFO - Started process (PID=3723286) to work on /home/airflow/.local/lib/python3.8/site-packages/airflow/example_dags/example_xcom.py
[2026-04-21T03:12:32.498+0000] {processor.py:830} INFO - Processing file /home/airflow/.local/lib/python3.8/site-packages/airflow/example_dags/example_xcom.py for tasks to queue
[2026-04-21T03:12:32.501+0000] {logging_mixin.py:188} INFO - [2026-04-21T03:12:32.500+0000] {dagbag.py:538} INFO - Filling up the DagBag from /home/airflow/.local/lib/python3.8/site-packages/airflow/example_dags/example_xcom.py
[2026-04-21T03:12:32.511+0000] {processor.py:840} INFO - DAG(s) 'example_xcom' retrieved from /home/airflow/.local/lib/python3.8/site-packages/airflow/example_dags/example_xcom.py
[2026-04-21T03:12:32.538+0000] {logging_mixin.py:188} INFO - [2026-04-21T03:12:32.538+0000] {dag.py:3036} INFO - Sync 1 DAGs
[2026-04-21T03:12:32.563+0000] {logging_mixin.py:188} INFO - [2026-04-21T03:12:32.563+0000] {dag.py:3823} INFO - Setting next_dagrun for example_xcom to 2021-01-01 00:00:00+00:00, run_after=2021-01-01 00:00:00+00:00
[2026-04-21T03:12:32.583+0000] {processor.py:183} INFO - Processing /home/airflow/.local/lib/python3.8/site-packages/airflow/example_dags/example_xcom.py took 0.091 seconds
[2026-04-21T03:13:03.090+0000] {processor.py:161} INFO - Started process (PID=3723343) to work on /home/airflow/.local/lib/python3.8/site-packages/airflow/example_dags/example_xcom.py
[2026-04-21T03:13:03.092+0000] {processor.py:830} INFO - Processing file /home/airflow/.local/lib/python3.8/site-packages/airflow/example_dags/example_xcom.py for tasks to queue
[2026-04-21T03:13:03.094+0000] {logging_mixin.py:188} INFO - [2026-04-21T03:13:03.094+0000] {dagbag.py:538} INFO - Filling up the DagBag from /home/airflow/.local/lib/python3.8/site-packages/airflow/example_dags/example_xcom.py
[2026-04-21T03:13:03.104+0000] {processor.py:840} INFO - DAG(s) 'example_xcom' retrieved from /home/airflow/.local/lib/python3.8/site-packages/airflow/example_dags/example_xcom.py
[2026-04-21T03:13:03.130+0000] {logging_mixin.py:188} INFO - [2026-04-21T03:13:03.129+0000] {dag.py:3036} INFO - Sync 1 DAGs
[2026-04-21T03:13:03.155+0000] {logging_mixin.py:188} INFO - [2026-04-21T03:13:03.155+0000] {dag.py:3823} INFO - Setting next_dagrun for example_xcom to 2021-01-01 00:00:00+00:00, run_after=2021-01-01 00:00:00+00:00
[2026-04-21T03:13:03.175+0000] {processor.py:183} INFO - Processing /home/airflow/.local/lib/python3.8/site-packages/airflow/example_dags/example_xcom.py took 0.090 seconds
[2026-04-21T03:13:33.261+0000] {processor.py:161} INFO - Started process (PID=3723400) to work on /home/airflow/.local/lib/python3.8/site-packages/airflow/example_dags/example_xcom.py
[2026-04-21T03:13:33.263+0000] {processor.py:830} INFO - Processing file /home/airflow/.local/lib/python3.8/site-packages/airflow/example_dags/example_xcom.py for tasks to queue
[2026-04-21T03:13:33.265+0000] {logging_mixin.py:188} INFO - [2026-04-21T03:13:33.265+0000] {dagbag.py:538} INFO - Filling up the DagBag from /home/airflow/.local/lib/python3.8/site-packages/airflow/example_dags/example_xcom.py
[2026-04-21T03:13:33.275+0000] {processor.py:840} INFO - DAG(s) 'example_xcom' retrieved from /home/airflow/.local/lib/python3.8/site-packages/airflow/example_dags/example_xcom.py
[2026-04-21T03:13:33.301+0000] {logging_mixin.py:188} INFO - [2026-04-21T03:13:33.301+0000] {dag.py:3036} INFO - Sync 1 DAGs
[2026-04-21T03:13:33.326+0000] {logging_mixin.py:188} INFO - [2026-04-21T03:13:33.326+0000] {dag.py:3823} INFO - Setting next_dagrun for example_xcom to 2021-01-01 00:00:00+00:00, run_after=2021-01-01 00:00:00+00:00
[2026-04-21T03:13:33.346+0000] {processor.py:183} INFO - Processing /home/airflow/.local/lib/python3.8/site-packages/airflow/example_dags/example_xcom.py took 0.090 seconds
[2026-04-21T03:14:03.393+0000] {processor.py:161} INFO - Started process (PID=3723456) to work on /home/airflow/.local/lib/python3.8/site-packages/airflow/example_dags/example_xcom.py
[2026-04-21T03:14:03.395+0000] {processor.py:830} INFO - Processing file /home/airflow/.local/lib/python3.8/site-packages/airflow/example_dags/example_xcom.py for tasks to queue
[2026-04-21T03:14:03.397+0000] {logging_mixin.py:188} INFO - [2026-04-21T03:14:03.397+0000] {dagbag.py:538} INFO - Filling up the DagBag from /home/airflow/.local/lib/python3.8/site-packages/airflow/example_dags/example_xcom.py
[2026-04-21T03:14:03.408+0000] {processor.py:840} INFO - DAG(s) 'example_xcom' retrieved from /home/airflow/.local/lib/python3.8/site-packages/airflow/example_dags/example_xcom.py
[2026-04-21T03:14:03.435+0000] {logging_mixin.py:188} INFO - [2026-04-21T03:14:03.435+0000] {dag.py:3036} INFO - Sync 1 DAGs
[2026-04-21T03:14:03.459+0000] {logging_mixin.py:188} INFO - [2026-04-21T03:14:03.459+0000] {dag.py:3823} INFO - Setting next_dagrun for example_xcom to 2021-01-01 00:00:00+00:00, run_after=2021-01-01 00:00:00+00:00
[2026-04-21T03:14:03.481+0000] {processor.py:183} INFO - Processing /home/airflow/.local/lib/python3.8/site-packages/airflow/example_dags/example_xcom.py took 0.093 seconds
[2026-04-21T03:14:34.159+0000] {processor.py:161} INFO - Started process (PID=3723514) to work on /home/airflow/.local/lib/python3.8/site-packages/airflow/example_dags/example_xcom.py
[2026-04-21T03:14:34.161+0000] {processor.py:830} INFO - Processing file /home/airflow/.local/lib/python3.8/site-packages/airflow/example_dags/example_xcom.py for tasks to queue
[2026-04-21T03:14:34.163+0000] {logging_mixin.py:188} INFO - [2026-04-21T03:14:34.163+0000] {dagbag.py:538} INFO - Filling up the DagBag from /home/airflow/.local/lib/python3.8/site-packages/airflow/example_dags/example_xcom.py
[2026-04-21T03:14:34.173+0000] {processor.py:840} INFO - DAG(s) 'example_xcom' retrieved from /home/airflow/.local/lib/python3.8/site-packages/airflow/example_dags/example_xcom.py
[2026-04-21T03:14:34.202+0000] {logging_mixin.py:188} INFO - [2026-04-21T03:14:34.201+0000] {dag.py:3036} INFO - Sync 1 DAGs
[2026-04-21T03:14:34.227+0000] {logging_mixin.py:188} INFO - [2026-04-21T03:14:34.226+0000] {dag.py:3823} INFO - Setting next_dagrun for example_xcom to 2021-01-01 00:00:00+00:00, run_after=2021-01-01 00:00:00+00:00
[2026-04-21T03:14:34.245+0000] {processor.py:183} INFO - Processing /home/airflow/.local/lib/python3.8/site-packages/airflow/example_dags/example_xcom.py took 0.091 seconds
[2026-04-21T03:15:04.567+0000] {processor.py:161} INFO - Started process (PID=3723571) to work on /home/airflow/.local/lib/python3.8/site-packages/airflow/example_dags/example_xcom.py
[2026-04-21T03:15:04.569+0000] {processor.py:830} INFO - Processing file /home/airflow/.local/lib/python3.8/site-packages/airflow/example_dags/example_xcom.py for tasks to queue
[2026-04-21T03:15:04.572+0000] {logging_mixin.py:188} INFO - [2026-04-21T03:15:04.571+0000] {dagbag.py:538} INFO - Filling up the DagBag from /home/airflow/.local/lib/python3.8/site-packages/airflow/example_dags/example_xcom.py
[2026-04-21T03:15:04.587+0000] {processor.py:840} INFO - DAG(s) 'example_xcom' retrieved from /home/airflow/.local/lib/python3.8/site-packages/airflow/example_dags/example_xcom.py
[2026-04-21T03:15:04.623+0000] {logging_mixin.py:188} INFO - [2026-04-21T03:15:04.623+0000] {dag.py:3036} INFO - Sync 1 DAGs
[2026-04-21T03:15:04.648+0000] {logging_mixin.py:188} INFO - [2026-04-21T03:15:04.648+0000] {dag.py:3823} INFO - Setting next_dagrun for example_xcom to 2021-01-01 00:00:00+00:00, run_after=2021-01-01 00:00:00+00:00
[2026-04-21T03:15:04.669+0000] {processor.py:183} INFO - Processing /home/airflow/.local/lib/python3.8/site-packages/airflow/example_dags/example_xcom.py took 0.109 seconds
[2026-04-21T03:15:34.817+0000] {processor.py:161} INFO - Started process (PID=3723628) to work on /home/airflow/.local/lib/python3.8/site-packages/airflow/example_dags/example_xcom.py
[2026-04-21T03:15:34.819+0000] {processor.py:830} INFO - Processing file /home/airflow/.local/lib/python3.8/site-packages/airflow/example_dags/example_xcom.py for tasks to queue
[2026-04-21T03:15:34.821+0000] {logging_mixin.py:188} INFO - [2026-04-21T03:15:34.821+0000] {dagbag.py:538} INFO - Filling up the DagBag from /home/airflow/.local/lib/python3.8/site-packages/airflow/example_dags/example_xcom.py
[2026-04-21T03:15:34.831+0000] {processor.py:840} INFO - DAG(s) 'example_xcom' retrieved from /home/airflow/.local/lib/python3.8/site-packages/airflow/example_dags/example_xcom.py
[2026-04-21T03:15:34.855+0000] {logging_mixin.py:188} INFO - [2026-04-21T03:15:34.855+0000] {dag.py:3036} INFO - Sync 1 DAGs
[2026-04-21T03:15:34.879+0000] {logging_mixin.py:188} INFO - [2026-04-21T03:15:34.878+0000] {dag.py:3823} INFO - Setting next_dagrun for example_xcom to 2021-01-01 00:00:00+00:00, run_after=2021-01-01 00:00:00+00:00
[2026-04-21T03:15:34.896+0000] {processor.py:183} INFO - Processing /home/airflow/.local/lib/python3.8/site-packages/airflow/example_dags/example_xcom.py took 0.084 seconds
[2026-04-21T03:16:05.165+0000] {processor.py:161} INFO - Started process (PID=3723685) to work on /home/airflow/.local/lib/python3.8/site-packages/airflow/example_dags/example_xcom.py
[2026-04-21T03:16:05.167+0000] {processor.py:830} INFO - Processing file /home/airflow/.local/lib/python3.8/site-packages/airflow/example_dags/example_xcom.py for tasks to queue
[2026-04-21T03:16:05.169+0000] {logging_mixin.py:188} INFO - [2026-04-21T03:16:05.169+0000] {dagbag.py:538} INFO - Filling up the DagBag from /home/airflow/.local/lib/python3.8/site-packages/airflow/example_dags/example_xcom.py
[2026-04-21T03:16:05.179+0000] {processor.py:840} INFO - DAG(s) 'example_xcom' retrieved from /home/airflow/.local/lib/python3.8/site-packages/airflow/example_dags/example_xcom.py
[2026-04-21T03:16:05.205+0000] {logging_mixin.py:188} INFO - [2026-04-21T03:16:05.204+0000] {dag.py:3036} INFO - Sync 1 DAGs
[2026-04-21T03:16:05.230+0000] {logging_mixin.py:188} INFO - [2026-04-21T03:16:05.229+0000] {dag.py:3823} INFO - Setting next_dagrun for example_xcom to 2021-01-01 00:00:00+00:00, run_after=2021-01-01 00:00:00+00:00
[2026-04-21T03:16:05.249+0000] {processor.py:183} INFO - Processing /home/airflow/.local/lib/python3.8/site-packages/airflow/example_dags/example_xcom.py took 0.088 seconds
[2026-04-21T03:16:35.591+0000] {processor.py:161} INFO - Started process (PID=3723742) to work on /home/airflow/.local/lib/python3.8/site-packages/airflow/example_dags/example_xcom.py
[2026-04-21T03:16:35.593+0000] {processor.py:830} INFO - Processing file /home/airflow/.local/lib/python3.8/site-packages/airflow/example_dags/example_xcom.py for tasks to queue
[2026-04-21T03:16:35.595+0000] {logging_mixin.py:188} INFO - [2026-04-21T03:16:35.595+0000] {dagbag.py:538} INFO - Filling up the DagBag from /home/airflow/.local/lib/python3.8/site-packages/airflow/example_dags/example_xcom.py
[2026-04-21T03:16:35.605+0000] {processor.py:840} INFO - DAG(s) 'example_xcom' retrieved from /home/airflow/.local/lib/python3.8/site-packages/airflow/example_dags/example_xcom.py
[2026-04-21T03:16:35.630+0000] {logging_mixin.py:188} INFO - [2026-04-21T03:16:35.630+0000] {dag.py:3036} INFO - Sync 1 DAGs
[2026-04-21T03:16:35.655+0000] {logging_mixin.py:188} INFO - [2026-04-21T03:16:35.655+0000] {dag.py:3823} INFO - Setting next_dagrun for example_xcom to 2021-01-01 00:00:00+00:00, run_after=2021-01-01 00:00:00+00:00
[2026-04-21T03:16:35.674+0000] {processor.py:183} INFO - Processing /home/airflow/.local/lib/python3.8/site-packages/airflow/example_dags/example_xcom.py took 0.087 seconds
[2026-04-21T03:17:05.990+0000] {processor.py:161} INFO - Started process (PID=3723799) to work on /home/airflow/.local/lib/python3.8/site-packages/airflow/example_dags/example_xcom.py
[2026-04-21T03:17:05.992+0000] {processor.py:830} INFO - Processing file /home/airflow/.local/lib/python3.8/site-packages/airflow/example_dags/example_xcom.py for tasks to queue
[2026-04-21T03:17:05.995+0000] {logging_mixin.py:188} INFO - [2026-04-21T03:17:05.994+0000] {dagbag.py:538} INFO - Filling up the DagBag from /home/airflow/.local/lib/python3.8/site-packages/airflow/example_dags/example_xcom.py
[2026-04-21T03:17:06.005+0000] {processor.py:840} INFO - DAG(s) 'example_xcom' retrieved from /home/airflow/.local/lib/python3.8/site-packages/airflow/example_dags/example_xcom.py
[2026-04-21T03:17:06.030+0000] {logging_mixin.py:188} INFO - [2026-04-21T03:17:06.030+0000] {dag.py:3036} INFO - Sync 1 DAGs
[2026-04-21T03:17:06.054+0000] {logging_mixin.py:188} INFO - [2026-04-21T03:17:06.054+0000] {dag.py:3823} INFO - Setting next_dagrun for example_xcom to 2021-01-01 00:00:00+00:00, run_after=2021-01-01 00:00:00+00:00
[2026-04-21T03:17:06.074+0000] {processor.py:183} INFO - Processing /home/airflow/.local/lib/python3.8/site-packages/airflow/example_dags/example_xcom.py took 0.089 seconds
[2026-04-21T03:17:36.252+0000] {processor.py:161} INFO - Started process (PID=3723856) to work on /home/airflow/.local/lib/python3.8/site-packages/airflow/example_dags/example_xcom.py
[2026-04-21T03:17:36.254+0000] {processor.py:830} INFO - Processing file /home/airflow/.local/lib/python3.8/site-packages/airflow/example_dags/example_xcom.py for tasks to queue
[2026-04-21T03:17:36.256+0000] {logging_mixin.py:188} INFO - [2026-04-21T03:17:36.256+0000] {dagbag.py:538} INFO - Filling up the DagBag from /home/airflow/.local/lib/python3.8/site-packages/airflow/example_dags/example_xcom.py
[2026-04-21T03:17:36.266+0000] {processor.py:840} INFO - DAG(s) 'example_xcom' retrieved from /home/airflow/.local/lib/python3.8/site-packages/airflow/example_dags/example_xcom.py
[2026-04-21T03:17:36.291+0000] {logging_mixin.py:188} INFO - [2026-04-21T03:17:36.291+0000] {dag.py:3036} INFO - Sync 1 DAGs
[2026-04-21T03:17:36.318+0000] {logging_mixin.py:188} INFO - [2026-04-21T03:17:36.318+0000] {dag.py:3823} INFO - Setting next_dagrun for example_xcom to 2021-01-01 00:00:00+00:00, run_after=2021-01-01 00:00:00+00:00
[2026-04-21T03:17:36.338+0000] {processor.py:183} INFO - Processing /home/airflow/.local/lib/python3.8/site-packages/airflow/example_dags/example_xcom.py took 0.090 seconds
[2026-04-21T03:18:06.634+0000] {processor.py:161} INFO - Started process (PID=3723912) to work on /home/airflow/.local/lib/python3.8/site-packages/airflow/example_dags/example_xcom.py
[2026-04-21T03:18:06.636+0000] {processor.py:830} INFO - Processing file /home/airflow/.local/lib/python3.8/site-packages/airflow/example_dags/example_xcom.py for tasks to queue
[2026-04-21T03:18:06.639+0000] {logging_mixin.py:188} INFO - [2026-04-21T03:18:06.638+0000] {dagbag.py:538} INFO - Filling up the DagBag from /home/airflow/.local/lib/python3.8/site-packages/airflow/example_dags/example_xcom.py
[2026-04-21T03:18:06.649+0000] {processor.py:840} INFO - DAG(s) 'example_xcom' retrieved from /home/airflow/.local/lib/python3.8/site-packages/airflow/example_dags/example_xcom.py
[2026-04-21T03:18:06.674+0000] {logging_mixin.py:188} INFO - [2026-04-21T03:18:06.674+0000] {dag.py:3036} INFO - Sync 1 DAGs
[2026-04-21T03:18:06.698+0000] {logging_mixin.py:188} INFO - [2026-04-21T03:18:06.698+0000] {dag.py:3823} INFO - Setting next_dagrun for example_xcom to 2021-01-01 00:00:00+00:00, run_after=2021-01-01 00:00:00+00:00
[2026-04-21T03:18:06.718+0000] {processor.py:183} INFO - Processing /home/airflow/.local/lib/python3.8/site-packages/airflow/example_dags/example_xcom.py took 0.089 seconds
[2026-04-21T03:18:36.962+0000] {processor.py:161} INFO - Started process (PID=3723969) to work on /home/airflow/.local/lib/python3.8/site-packages/airflow/example_dags/example_xcom.py
[2026-04-21T03:18:36.964+0000] {processor.py:830} INFO - Processing file /home/airflow/.local/lib/python3.8/site-packages/airflow/example_dags/example_xcom.py for tasks to queue
[2026-04-21T03:18:36.966+0000] {logging_mixin.py:188} INFO - [2026-04-21T03:18:36.966+0000] {dagbag.py:538} INFO - Filling up the DagBag from /home/airflow/.local/lib/python3.8/site-packages/airflow/example_dags/example_xcom.py
[2026-04-21T03:18:36.976+0000] {processor.py:840} INFO - DAG(s) 'example_xcom' retrieved from /home/airflow/.local/lib/python3.8/site-packages/airflow/example_dags/example_xcom.py
[2026-04-21T03:18:37.004+0000] {logging_mixin.py:188} INFO - [2026-04-21T03:18:37.003+0000] {dag.py:3036} INFO - Sync 1 DAGs
[2026-04-21T03:18:37.027+0000] {logging_mixin.py:188} INFO - [2026-04-21T03:18:37.027+0000] {dag.py:3823} INFO - Setting next_dagrun for example_xcom to 2021-01-01 00:00:00+00:00, run_after=2021-01-01 00:00:00+00:00
[2026-04-21T03:18:37.047+0000] {processor.py:183} INFO - Processing /home/airflow/.local/lib/python3.8/site-packages/airflow/example_dags/example_xcom.py took 0.090 seconds
[2026-04-21T03:19:07.821+0000] {processor.py:161} INFO - Started process (PID=3724024) to work on /home/airflow/.local/lib/python3.8/site-packages/airflow/example_dags/example_xcom.py
[2026-04-21T03:19:07.823+0000] {processor.py:830} INFO - Processing file /home/airflow/.local/lib/python3.8/site-packages/airflow/example_dags/example_xcom.py for tasks to queue
[2026-04-21T03:19:07.825+0000] {logging_mixin.py:188} INFO - [2026-04-21T03:19:07.825+0000] {dagbag.py:538} INFO - Filling up the DagBag from /home/airflow/.local/lib/python3.8/site-packages/airflow/example_dags/example_xcom.py
[2026-04-21T03:19:07.836+0000] {processor.py:840} INFO - DAG(s) 'example_xcom' retrieved from /home/airflow/.local/lib/python3.8/site-packages/airflow/example_dags/example_xcom.py
[2026-04-21T03:19:07.861+0000] {logging_mixin.py:188} INFO - [2026-04-21T03:19:07.861+0000] {dag.py:3036} INFO - Sync 1 DAGs
[2026-04-21T03:19:07.884+0000] {logging_mixin.py:188} INFO - [2026-04-21T03:19:07.884+0000] {dag.py:3823} INFO - Setting next_dagrun for example_xcom to 2021-01-01 00:00:00+00:00, run_after=2021-01-01 00:00:00+00:00
[2026-04-21T03:19:07.903+0000] {processor.py:183} INFO - Processing /home/airflow/.local/lib/python3.8/site-packages/airflow/example_dags/example_xcom.py took 0.087 seconds
[2026-04-21T03:19:37.941+0000] {processor.py:161} INFO - Started process (PID=3724079) to work on /home/airflow/.local/lib/python3.8/site-packages/airflow/example_dags/example_xcom.py
[2026-04-21T03:19:37.943+0000] {processor.py:830} INFO - Processing file /home/airflow/.local/lib/python3.8/site-packages/airflow/example_dags/example_xcom.py for tasks to queue
[2026-04-21T03:19:37.945+0000] {logging_mixin.py:188} INFO - [2026-04-21T03:19:37.945+0000] {dagbag.py:538} INFO - Filling up the DagBag from /home/airflow/.local/lib/python3.8/site-packages/airflow/example_dags/example_xcom.py
[2026-04-21T03:19:37.956+0000] {processor.py:840} INFO - DAG(s) 'example_xcom' retrieved from /home/airflow/.local/lib/python3.8/site-packages/airflow/example_dags/example_xcom.py
[2026-04-21T03:19:37.982+0000] {logging_mixin.py:188} INFO - [2026-04-21T03:19:37.981+0000] {dag.py:3036} INFO - Sync 1 DAGs
[2026-04-21T03:19:38.006+0000] {logging_mixin.py:188} INFO - [2026-04-21T03:19:38.005+0000] {dag.py:3823} INFO - Setting next_dagrun for example_xcom to 2021-01-01 00:00:00+00:00, run_after=2021-01-01 00:00:00+00:00
[2026-04-21T03:19:38.026+0000] {processor.py:183} INFO - Processing /home/airflow/.local/lib/python3.8/site-packages/airflow/example_dags/example_xcom.py took 0.089 seconds
[2026-04-21T03:20:08.322+0000] {processor.py:161} INFO - Started process (PID=3724136) to work on /home/airflow/.local/lib/python3.8/site-packages/airflow/example_dags/example_xcom.py
[2026-04-21T03:20:08.323+0000] {processor.py:830} INFO - Processing file /home/airflow/.local/lib/python3.8/site-packages/airflow/example_dags/example_xcom.py for tasks to queue
[2026-04-21T03:20:08.326+0000] {logging_mixin.py:188} INFO - [2026-04-21T03:20:08.325+0000] {dagbag.py:538} INFO - Filling up the DagBag from /home/airflow/.local/lib/python3.8/site-packages/airflow/example_dags/example_xcom.py
[2026-04-21T03:20:08.336+0000] {processor.py:840} INFO - DAG(s) 'example_xcom' retrieved from /home/airflow/.local/lib/python3.8/site-packages/airflow/example_dags/example_xcom.py
[2026-04-21T03:20:08.361+0000] {logging_mixin.py:188} INFO - [2026-04-21T03:20:08.360+0000] {dag.py:3036} INFO - Sync 1 DAGs
[2026-04-21T03:20:08.384+0000] {logging_mixin.py:188} INFO - [2026-04-21T03:20:08.383+0000] {dag.py:3823} INFO - Setting next_dagrun for example_xcom to 2021-01-01 00:00:00+00:00, run_after=2021-01-01 00:00:00+00:00
[2026-04-21T03:20:08.402+0000] {processor.py:183} INFO - Processing /home/airflow/.local/lib/python3.8/site-packages/airflow/example_dags/example_xcom.py took 0.085 seconds
[2026-04-21T03:20:38.575+0000] {processor.py:161} INFO - Started process (PID=3724193) to work on /home/airflow/.local/lib/python3.8/site-packages/airflow/example_dags/example_xcom.py
[2026-04-21T03:20:38.577+0000] {processor.py:830} INFO - Processing file /home/airflow/.local/lib/python3.8/site-packages/airflow/example_dags/example_xcom.py for tasks to queue
[2026-04-21T03:20:38.579+0000] {logging_mixin.py:188} INFO - [2026-04-21T03:20:38.579+0000] {dagbag.py:538} INFO - Filling up the DagBag from /home/airflow/.local/lib/python3.8/site-packages/airflow/example_dags/example_xcom.py
[2026-04-21T03:20:38.589+0000] {processor.py:840} INFO - DAG(s) 'example_xcom' retrieved from /home/airflow/.local/lib/python3.8/site-packages/airflow/example_dags/example_xcom.py
[2026-04-21T03:20:38.615+0000] {logging_mixin.py:188} INFO - [2026-04-21T03:20:38.615+0000] {dag.py:3036} INFO - Sync 1 DAGs
[2026-04-21T03:20:38.640+0000] {logging_mixin.py:188} INFO - [2026-04-21T03:20:38.640+0000] {dag.py:3823} INFO - Setting next_dagrun for example_xcom to 2021-01-01 00:00:00+00:00, run_after=2021-01-01 00:00:00+00:00
[2026-04-21T03:20:38.659+0000] {processor.py:183} INFO - Processing /home/airflow/.local/lib/python3.8/site-packages/airflow/example_dags/example_xcom.py took 0.088 seconds
[2026-04-21T03:21:09.121+0000] {processor.py:161} INFO - Started process (PID=3724250) to work on /home/airflow/.local/lib/python3.8/site-packages/airflow/example_dags/example_xcom.py
[2026-04-21T03:21:09.123+0000] {processor.py:830} INFO - Processing file /home/airflow/.local/lib/python3.8/site-packages/airflow/example_dags/example_xcom.py for tasks to queue
[2026-04-21T03:21:09.126+0000] {logging_mixin.py:188} INFO - [2026-04-21T03:21:09.125+0000] {dagbag.py:538} INFO - Filling up the DagBag from /home/airflow/.local/lib/python3.8/site-packages/airflow/example_dags/example_xcom.py
[2026-04-21T03:21:09.136+0000] {processor.py:840} INFO - DAG(s) 'example_xcom' retrieved from /home/airflow/.local/lib/python3.8/site-packages/airflow/example_dags/example_xcom.py
[2026-04-21T03:21:09.161+0000] {logging_mixin.py:188} INFO - [2026-04-21T03:21:09.161+0000] {dag.py:3036} INFO - Sync 1 DAGs
[2026-04-21T03:21:09.187+0000] {logging_mixin.py:188} INFO - [2026-04-21T03:21:09.186+0000] {dag.py:3823} INFO - Setting next_dagrun for example_xcom to 2021-01-01 00:00:00+00:00, run_after=2021-01-01 00:00:00+00:00
[2026-04-21T03:21:09.207+0000] {processor.py:183} INFO - Processing /home/airflow/.local/lib/python3.8/site-packages/airflow/example_dags/example_xcom.py took 0.090 seconds
[2026-04-21T03:21:39.293+0000] {processor.py:161} INFO - Started process (PID=3724307) to work on /home/airflow/.local/lib/python3.8/site-packages/airflow/example_dags/example_xcom.py
[2026-04-21T03:21:39.295+0000] {processor.py:830} INFO - Processing file /home/airflow/.local/lib/python3.8/site-packages/airflow/example_dags/example_xcom.py for tasks to queue
[2026-04-21T03:21:39.297+0000] {logging_mixin.py:188} INFO - [2026-04-21T03:21:39.297+0000] {dagbag.py:538} INFO - Filling up the DagBag from /home/airflow/.local/lib/python3.8/site-packages/airflow/example_dags/example_xcom.py
[2026-04-21T03:21:39.307+0000] {processor.py:840} INFO - DAG(s) 'example_xcom' retrieved from /home/airflow/.local/lib/python3.8/site-packages/airflow/example_dags/example_xcom.py
[2026-04-21T03:21:39.333+0000] {logging_mixin.py:188} INFO - [2026-04-21T03:21:39.332+0000] {dag.py:3036} INFO - Sync 1 DAGs
[2026-04-21T03:21:39.357+0000] {logging_mixin.py:188} INFO - [2026-04-21T03:21:39.356+0000] {dag.py:3823} INFO - Setting next_dagrun for example_xcom to 2021-01-01 00:00:00+00:00, run_after=2021-01-01 00:00:00+00:00
[2026-04-21T03:21:39.375+0000] {processor.py:183} INFO - Processing /home/airflow/.local/lib/python3.8/site-packages/airflow/example_dags/example_xcom.py took 0.088 seconds
[2026-04-21T03:22:09.918+0000] {processor.py:161} INFO - Started process (PID=3724364) to work on /home/airflow/.local/lib/python3.8/site-packages/airflow/example_dags/example_xcom.py
[2026-04-21T03:22:09.920+0000] {processor.py:830} INFO - Processing file /home/airflow/.local/lib/python3.8/site-packages/airflow/example_dags/example_xcom.py for tasks to queue
[2026-04-21T03:22:09.922+0000] {logging_mixin.py:188} INFO - [2026-04-21T03:22:09.922+0000] {dagbag.py:538} INFO - Filling up the DagBag from /home/airflow/.local/lib/python3.8/site-packages/airflow/example_dags/example_xcom.py
[2026-04-21T03:22:09.933+0000] {processor.py:840} INFO - DAG(s) 'example_xcom' retrieved from /home/airflow/.local/lib/python3.8/site-packages/airflow/example_dags/example_xcom.py
[2026-04-21T03:22:09.960+0000] {logging_mixin.py:188} INFO - [2026-04-21T03:22:09.960+0000] {dag.py:3036} INFO - Sync 1 DAGs
[2026-04-21T03:22:09.985+0000] {logging_mixin.py:188} INFO - [2026-04-21T03:22:09.985+0000] {dag.py:3823} INFO - Setting next_dagrun for example_xcom to 2021-01-01 00:00:00+00:00, run_after=2021-01-01 00:00:00+00:00
[2026-04-21T03:22:10.006+0000] {processor.py:183} INFO - Processing /home/airflow/.local/lib/python3.8/site-packages/airflow/example_dags/example_xcom.py took 0.093 seconds
[2026-04-21T03:22:40.234+0000] {processor.py:161} INFO - Started process (PID=3724421) to work on /home/airflow/.local/lib/python3.8/site-packages/airflow/example_dags/example_xcom.py
[2026-04-21T03:22:40.236+0000] {processor.py:830} INFO - Processing file /home/airflow/.local/lib/python3.8/site-packages/airflow/example_dags/example_xcom.py for tasks to queue
[2026-04-21T03:22:40.239+0000] {logging_mixin.py:188} INFO - [2026-04-21T03:22:40.238+0000] {dagbag.py:538} INFO - Filling up the DagBag from /home/airflow/.local/lib/python3.8/site-packages/airflow/example_dags/example_xcom.py
[2026-04-21T03:22:40.249+0000] {processor.py:840} INFO - DAG(s) 'example_xcom' retrieved from /home/airflow/.local/lib/python3.8/site-packages/airflow/example_dags/example_xcom.py
[2026-04-21T03:22:40.274+0000] {logging_mixin.py:188} INFO - [2026-04-21T03:22:40.273+0000] {dag.py:3036} INFO - Sync 1 DAGs
[2026-04-21T03:22:40.298+0000] {logging_mixin.py:188} INFO - [2026-04-21T03:22:40.298+0000] {dag.py:3823} INFO - Setting next_dagrun for example_xcom to 2021-01-01 00:00:00+00:00, run_after=2021-01-01 00:00:00+00:00
[2026-04-21T03:22:40.318+0000] {processor.py:183} INFO - Processing /home/airflow/.local/lib/python3.8/site-packages/airflow/example_dags/example_xcom.py took 0.088 seconds
[2026-04-21T03:23:10.431+0000] {processor.py:161} INFO - Started process (PID=3724478) to work on /home/airflow/.local/lib/python3.8/site-packages/airflow/example_dags/example_xcom.py
[2026-04-21T03:23:10.433+0000] {processor.py:830} INFO - Processing file /home/airflow/.local/lib/python3.8/site-packages/airflow/example_dags/example_xcom.py for tasks to queue
[2026-04-21T03:23:10.435+0000] {logging_mixin.py:188} INFO - [2026-04-21T03:23:10.435+0000] {dagbag.py:538} INFO - Filling up the DagBag from /home/airflow/.local/lib/python3.8/site-packages/airflow/example_dags/example_xcom.py
[2026-04-21T03:23:10.445+0000] {processor.py:840} INFO - DAG(s) 'example_xcom' retrieved from /home/airflow/.local/lib/python3.8/site-packages/airflow/example_dags/example_xcom.py
[2026-04-21T03:23:10.470+0000] {logging_mixin.py:188} INFO - [2026-04-21T03:23:10.469+0000] {dag.py:3036} INFO - Sync 1 DAGs
[2026-04-21T03:23:10.493+0000] {logging_mixin.py:188} INFO - [2026-04-21T03:23:10.493+0000] {dag.py:3823} INFO - Setting next_dagrun for example_xcom to 2021-01-01 00:00:00+00:00, run_after=2021-01-01 00:00:00+00:00
[2026-04-21T03:23:10.511+0000] {processor.py:183} INFO - Processing /home/airflow/.local/lib/python3.8/site-packages/airflow/example_dags/example_xcom.py took 0.085 seconds
[2026-04-21T03:23:40.760+0000] {processor.py:161} INFO - Started process (PID=3724535) to work on /home/airflow/.local/lib/python3.8/site-packages/airflow/example_dags/example_xcom.py
[2026-04-21T03:23:40.762+0000] {processor.py:830} INFO - Processing file /home/airflow/.local/lib/python3.8/site-packages/airflow/example_dags/example_xcom.py for tasks to queue
[2026-04-21T03:23:40.764+0000] {logging_mixin.py:188} INFO - [2026-04-21T03:23:40.764+0000] {dagbag.py:538} INFO - Filling up the DagBag from /home/airflow/.local/lib/python3.8/site-packages/airflow/example_dags/example_xcom.py
[2026-04-21T03:23:40.774+0000] {processor.py:840} INFO - DAG(s) 'example_xcom' retrieved from /home/airflow/.local/lib/python3.8/site-packages/airflow/example_dags/example_xcom.py
[2026-04-21T03:23:40.799+0000] {logging_mixin.py:188} INFO - [2026-04-21T03:23:40.799+0000] {dag.py:3036} INFO - Sync 1 DAGs
[2026-04-21T03:23:40.825+0000] {logging_mixin.py:188} INFO - [2026-04-21T03:23:40.825+0000] {dag.py:3823} INFO - Setting next_dagrun for example_xcom to 2021-01-01 00:00:00+00:00, run_after=2021-01-01 00:00:00+00:00
[2026-04-21T03:23:40.845+0000] {processor.py:183} INFO - Processing /home/airflow/.local/lib/python3.8/site-packages/airflow/example_dags/example_xcom.py took 0.090 seconds
[2026-04-21T03:24:10.966+0000] {processor.py:161} INFO - Started process (PID=3724592) to work on /home/airflow/.local/lib/python3.8/site-packages/airflow/example_dags/example_xcom.py
[2026-04-21T03:24:10.968+0000] {processor.py:830} INFO - Processing file /home/airflow/.local/lib/python3.8/site-packages/airflow/example_dags/example_xcom.py for tasks to queue
[2026-04-21T03:24:10.970+0000] {logging_mixin.py:188} INFO - [2026-04-21T03:24:10.969+0000] {dagbag.py:538} INFO - Filling up the DagBag from /home/airflow/.local/lib/python3.8/site-packages/airflow/example_dags/example_xcom.py
[2026-04-21T03:24:10.980+0000] {processor.py:840} INFO - DAG(s) 'example_xcom' retrieved from /home/airflow/.local/lib/python3.8/site-packages/airflow/example_dags/example_xcom.py
[2026-04-21T03:24:11.005+0000] {logging_mixin.py:188} INFO - [2026-04-21T03:24:11.005+0000] {dag.py:3036} INFO - Sync 1 DAGs
[2026-04-21T03:24:11.028+0000] {logging_mixin.py:188} INFO - [2026-04-21T03:24:11.028+0000] {dag.py:3823} INFO - Setting next_dagrun for example_xcom to 2021-01-01 00:00:00+00:00, run_after=2021-01-01 00:00:00+00:00
[2026-04-21T03:24:11.046+0000] {processor.py:183} INFO - Processing /home/airflow/.local/lib/python3.8/site-packages/airflow/example_dags/example_xcom.py took 0.085 seconds
[2026-04-21T03:24:41.304+0000] {processor.py:161} INFO - Started process (PID=3724649) to work on /home/airflow/.local/lib/python3.8/site-packages/airflow/example_dags/example_xcom.py
[2026-04-21T03:24:41.306+0000] {processor.py:830} INFO - Processing file /home/airflow/.local/lib/python3.8/site-packages/airflow/example_dags/example_xcom.py for tasks to queue
[2026-04-21T03:24:41.309+0000] {logging_mixin.py:188} INFO - [2026-04-21T03:24:41.308+0000] {dagbag.py:538} INFO - Filling up the DagBag from /home/airflow/.local/lib/python3.8/site-packages/airflow/example_dags/example_xcom.py
[2026-04-21T03:24:41.319+0000] {processor.py:840} INFO - DAG(s) 'example_xcom' retrieved from /home/airflow/.local/lib/python3.8/site-packages/airflow/example_dags/example_xcom.py
[2026-04-21T03:24:41.343+0000] {logging_mixin.py:188} INFO - [2026-04-21T03:24:41.343+0000] {dag.py:3036} INFO - Sync 1 DAGs
[2026-04-21T03:24:41.367+0000] {logging_mixin.py:188} INFO - [2026-04-21T03:24:41.367+0000] {dag.py:3823} INFO - Setting next_dagrun for example_xcom to 2021-01-01 00:00:00+00:00, run_after=2021-01-01 00:00:00+00:00
[2026-04-21T03:24:41.385+0000] {processor.py:183} INFO - Processing /home/airflow/.local/lib/python3.8/site-packages/airflow/example_dags/example_xcom.py took 0.086 seconds
[2026-04-21T03:25:12.018+0000] {processor.py:161} INFO - Started process (PID=3724706) to work on /home/airflow/.local/lib/python3.8/site-packages/airflow/example_dags/example_xcom.py
[2026-04-21T03:25:12.020+0000] {processor.py:830} INFO - Processing file /home/airflow/.local/lib/python3.8/site-packages/airflow/example_dags/example_xcom.py for tasks to queue
[2026-04-21T03:25:12.022+0000] {logging_mixin.py:188} INFO - [2026-04-21T03:25:12.022+0000] {dagbag.py:538} INFO - Filling up the DagBag from /home/airflow/.local/lib/python3.8/site-packages/airflow/example_dags/example_xcom.py
[2026-04-21T03:25:12.032+0000] {processor.py:840} INFO - DAG(s) 'example_xcom' retrieved from /home/airflow/.local/lib/python3.8/site-packages/airflow/example_dags/example_xcom.py
[2026-04-21T03:25:12.058+0000] {logging_mixin.py:188} INFO - [2026-04-21T03:25:12.058+0000] {dag.py:3036} INFO - Sync 1 DAGs
[2026-04-21T03:25:12.082+0000] {logging_mixin.py:188} INFO - [2026-04-21T03:25:12.082+0000] {dag.py:3823} INFO - Setting next_dagrun for example_xcom to 2021-01-01 00:00:00+00:00, run_after=2021-01-01 00:00:00+00:00
[2026-04-21T03:25:12.100+0000] {processor.py:183} INFO - Processing /home/airflow/.local/lib/python3.8/site-packages/airflow/example_dags/example_xcom.py took 0.088 seconds
[2026-04-21T03:25:42.399+0000] {processor.py:161} INFO - Started process (PID=3724763) to work on /home/airflow/.local/lib/python3.8/site-packages/airflow/example_dags/example_xcom.py
[2026-04-21T03:25:42.401+0000] {processor.py:830} INFO - Processing file /home/airflow/.local/lib/python3.8/site-packages/airflow/example_dags/example_xcom.py for tasks to queue
[2026-04-21T03:25:42.403+0000] {logging_mixin.py:188} INFO - [2026-04-21T03:25:42.403+0000] {dagbag.py:538} INFO - Filling up the DagBag from /home/airflow/.local/lib/python3.8/site-packages/airflow/example_dags/example_xcom.py
[2026-04-21T03:25:42.413+0000] {processor.py:840} INFO - DAG(s) 'example_xcom' retrieved from /home/airflow/.local/lib/python3.8/site-packages/airflow/example_dags/example_xcom.py
[2026-04-21T03:25:42.439+0000] {logging_mixin.py:188} INFO - [2026-04-21T03:25:42.438+0000] {dag.py:3036} INFO - Sync 1 DAGs
[2026-04-21T03:25:42.462+0000] {logging_mixin.py:188} INFO - [2026-04-21T03:25:42.462+0000] {dag.py:3823} INFO - Setting next_dagrun for example_xcom to 2021-01-01 00:00:00+00:00, run_after=2021-01-01 00:00:00+00:00
[2026-04-21T03:25:42.481+0000] {processor.py:183} INFO - Processing /home/airflow/.local/lib/python3.8/site-packages/airflow/example_dags/example_xcom.py took 0.087 seconds
[2026-04-21T03:26:12.829+0000] {processor.py:161} INFO - Started process (PID=3724820) to work on /home/airflow/.local/lib/python3.8/site-packages/airflow/example_dags/example_xcom.py
[2026-04-21T03:26:12.831+0000] {processor.py:830} INFO - Processing file /home/airflow/.local/lib/python3.8/site-packages/airflow/example_dags/example_xcom.py for tasks to queue
[2026-04-21T03:26:12.833+0000] {logging_mixin.py:188} INFO - [2026-04-21T03:26:12.832+0000] {dagbag.py:538} INFO - Filling up the DagBag from /home/airflow/.local/lib/python3.8/site-packages/airflow/example_dags/example_xcom.py
[2026-04-21T03:26:12.843+0000] {processor.py:840} INFO - DAG(s) 'example_xcom' retrieved from /home/airflow/.local/lib/python3.8/site-packages/airflow/example_dags/example_xcom.py
[2026-04-21T03:26:12.867+0000] {logging_mixin.py:188} INFO - [2026-04-21T03:26:12.866+0000] {dag.py:3036} INFO - Sync 1 DAGs
[2026-04-21T03:26:12.890+0000] {logging_mixin.py:188} INFO - [2026-04-21T03:26:12.889+0000] {dag.py:3823} INFO - Setting next_dagrun for example_xcom to 2021-01-01 00:00:00+00:00, run_after=2021-01-01 00:00:00+00:00
[2026-04-21T03:26:12.908+0000] {processor.py:183} INFO - Processing /home/airflow/.local/lib/python3.8/site-packages/airflow/example_dags/example_xcom.py took 0.084 seconds
[2026-04-21T03:26:43.443+0000] {processor.py:161} INFO - Started process (PID=3724877) to work on /home/airflow/.local/lib/python3.8/site-packages/airflow/example_dags/example_xcom.py
[2026-04-21T03:26:43.445+0000] {processor.py:830} INFO - Processing file /home/airflow/.local/lib/python3.8/site-packages/airflow/example_dags/example_xcom.py for tasks to queue
[2026-04-21T03:26:43.447+0000] {logging_mixin.py:188} INFO - [2026-04-21T03:26:43.447+0000] {dagbag.py:538} INFO - Filling up the DagBag from /home/airflow/.local/lib/python3.8/site-packages/airflow/example_dags/example_xcom.py
[2026-04-21T03:26:43.457+0000] {processor.py:840} INFO - DAG(s) 'example_xcom' retrieved from /home/airflow/.local/lib/python3.8/site-packages/airflow/example_dags/example_xcom.py
[2026-04-21T03:26:43.482+0000] {logging_mixin.py:188} INFO - [2026-04-21T03:26:43.482+0000] {dag.py:3036} INFO - Sync 1 DAGs
[2026-04-21T03:26:43.506+0000] {logging_mixin.py:188} INFO - [2026-04-21T03:26:43.506+0000] {dag.py:3823} INFO - Setting next_dagrun for example_xcom to 2021-01-01 00:00:00+00:00, run_after=2021-01-01 00:00:00+00:00
[2026-04-21T03:26:43.525+0000] {processor.py:183} INFO - Processing /home/airflow/.local/lib/python3.8/site-packages/airflow/example_dags/example_xcom.py took 0.087 seconds
[2026-04-21T03:27:13.608+0000] {processor.py:161} INFO - Started process (PID=3724934) to work on /home/airflow/.local/lib/python3.8/site-packages/airflow/example_dags/example_xcom.py
[2026-04-21T03:27:13.611+0000] {processor.py:830} INFO - Processing file /home/airflow/.local/lib/python3.8/site-packages/airflow/example_dags/example_xcom.py for tasks to queue
[2026-04-21T03:27:13.613+0000] {logging_mixin.py:188} INFO - [2026-04-21T03:27:13.613+0000] {dagbag.py:538} INFO - Filling up the DagBag from /home/airflow/.local/lib/python3.8/site-packages/airflow/example_dags/example_xcom.py
[2026-04-21T03:27:13.623+0000] {processor.py:840} INFO - DAG(s) 'example_xcom' retrieved from /home/airflow/.local/lib/python3.8/site-packages/airflow/example_dags/example_xcom.py
[2026-04-21T03:27:13.650+0000] {logging_mixin.py:188} INFO - [2026-04-21T03:27:13.649+0000] {dag.py:3036} INFO - Sync 1 DAGs
[2026-04-21T03:27:13.675+0000] {logging_mixin.py:188} INFO - [2026-04-21T03:27:13.674+0000] {dag.py:3823} INFO - Setting next_dagrun for example_xcom to 2021-01-01 00:00:00+00:00, run_after=2021-01-01 00:00:00+00:00
[2026-04-21T03:27:13.694+0000] {processor.py:183} INFO - Processing /home/airflow/.local/lib/python3.8/site-packages/airflow/example_dags/example_xcom.py took 0.091 seconds
[2026-04-21T03:27:44.368+0000] {processor.py:161} INFO - Started process (PID=3724991) to work on /home/airflow/.local/lib/python3.8/site-packages/airflow/example_dags/example_xcom.py
[2026-04-21T03:27:44.370+0000] {processor.py:830} INFO - Processing file /home/airflow/.local/lib/python3.8/site-packages/airflow/example_dags/example_xcom.py for tasks to queue
[2026-04-21T03:27:44.372+0000] {logging_mixin.py:188} INFO - [2026-04-21T03:27:44.372+0000] {dagbag.py:538} INFO - Filling up the DagBag from /home/airflow/.local/lib/python3.8/site-packages/airflow/example_dags/example_xcom.py
[2026-04-21T03:27:44.383+0000] {processor.py:840} INFO - DAG(s) 'example_xcom' retrieved from /home/airflow/.local/lib/python3.8/site-packages/airflow/example_dags/example_xcom.py
[2026-04-21T03:27:44.409+0000] {logging_mixin.py:188} INFO - [2026-04-21T03:27:44.409+0000] {dag.py:3036} INFO - Sync 1 DAGs
[2026-04-21T03:27:44.435+0000] {logging_mixin.py:188} INFO - [2026-04-21T03:27:44.434+0000] {dag.py:3823} INFO - Setting next_dagrun for example_xcom to 2021-01-01 00:00:00+00:00, run_after=2021-01-01 00:00:00+00:00
[2026-04-21T03:27:44.455+0000] {processor.py:183} INFO - Processing /home/airflow/.local/lib/python3.8/site-packages/airflow/example_dags/example_xcom.py took 0.092 seconds
[2026-04-21T03:28:15.200+0000] {processor.py:161} INFO - Started process (PID=3725048) to work on /home/airflow/.local/lib/python3.8/site-packages/airflow/example_dags/example_xcom.py
[2026-04-21T03:28:15.202+0000] {processor.py:830} INFO - Processing file /home/airflow/.local/lib/python3.8/site-packages/airflow/example_dags/example_xcom.py for tasks to queue
[2026-04-21T03:28:15.205+0000] {logging_mixin.py:188} INFO - [2026-04-21T03:28:15.204+0000] {dagbag.py:538} INFO - Filling up the DagBag from /home/airflow/.local/lib/python3.8/site-packages/airflow/example_dags/example_xcom.py
[2026-04-21T03:28:15.215+0000] {processor.py:840} INFO - DAG(s) 'example_xcom' retrieved from /home/airflow/.local/lib/python3.8/site-packages/airflow/example_dags/example_xcom.py
[2026-04-21T03:28:15.241+0000] {logging_mixin.py:188} INFO - [2026-04-21T03:28:15.241+0000] {dag.py:3036} INFO - Sync 1 DAGs
[2026-04-21T03:28:15.478+0000] {logging_mixin.py:188} INFO - [2026-04-21T03:28:15.478+0000] {dag.py:3823} INFO - Setting next_dagrun for example_xcom to 2021-01-01 00:00:00+00:00, run_after=2021-01-01 00:00:00+00:00
[2026-04-21T03:28:15.496+0000] {processor.py:183} INFO - Processing /home/airflow/.local/lib/python3.8/site-packages/airflow/example_dags/example_xcom.py took 0.301 seconds
[2026-04-21T03:28:45.715+0000] {processor.py:161} INFO - Started process (PID=3725105) to work on /home/airflow/.local/lib/python3.8/site-packages/airflow/example_dags/example_xcom.py
[2026-04-21T03:28:45.717+0000] {processor.py:830} INFO - Processing file /home/airflow/.local/lib/python3.8/site-packages/airflow/example_dags/example_xcom.py for tasks to queue
[2026-04-21T03:28:45.720+0000] {logging_mixin.py:188} INFO - [2026-04-21T03:28:45.720+0000] {dagbag.py:538} INFO - Filling up the DagBag from /home/airflow/.local/lib/python3.8/site-packages/airflow/example_dags/example_xcom.py
[2026-04-21T03:28:45.731+0000] {processor.py:840} INFO - DAG(s) 'example_xcom' retrieved from /home/airflow/.local/lib/python3.8/site-packages/airflow/example_dags/example_xcom.py
[2026-04-21T03:28:45.758+0000] {logging_mixin.py:188} INFO - [2026-04-21T03:28:45.758+0000] {dag.py:3036} INFO - Sync 1 DAGs
[2026-04-21T03:28:45.782+0000] {logging_mixin.py:188} INFO - [2026-04-21T03:28:45.782+0000] {dag.py:3823} INFO - Setting next_dagrun for example_xcom to 2021-01-01 00:00:00+00:00, run_after=2021-01-01 00:00:00+00:00
[2026-04-21T03:28:45.985+0000] {processor.py:183} INFO - Processing /home/airflow/.local/lib/python3.8/site-packages/airflow/example_dags/example_xcom.py took 0.275 seconds
[2026-04-21T03:29:16.021+0000] {processor.py:161} INFO - Started process (PID=3725162) to work on /home/airflow/.local/lib/python3.8/site-packages/airflow/example_dags/example_xcom.py
[2026-04-21T03:29:16.023+0000] {processor.py:830} INFO - Processing file /home/airflow/.local/lib/python3.8/site-packages/airflow/example_dags/example_xcom.py for tasks to queue
[2026-04-21T03:29:16.026+0000] {logging_mixin.py:188} INFO - [2026-04-21T03:29:16.025+0000] {dagbag.py:538} INFO - Filling up the DagBag from /home/airflow/.local/lib/python3.8/site-packages/airflow/example_dags/example_xcom.py
[2026-04-21T03:29:16.036+0000] {processor.py:840} INFO - DAG(s) 'example_xcom' retrieved from /home/airflow/.local/lib/python3.8/site-packages/airflow/example_dags/example_xcom.py
[2026-04-21T03:29:16.062+0000] {logging_mixin.py:188} INFO - [2026-04-21T03:29:16.062+0000] {dag.py:3036} INFO - Sync 1 DAGs
[2026-04-21T03:29:16.086+0000] {logging_mixin.py:188} INFO - [2026-04-21T03:29:16.086+0000] {dag.py:3823} INFO - Setting next_dagrun for example_xcom to 2021-01-01 00:00:00+00:00, run_after=2021-01-01 00:00:00+00:00
[2026-04-21T03:29:16.322+0000] {processor.py:183} INFO - Processing /home/airflow/.local/lib/python3.8/site-packages/airflow/example_dags/example_xcom.py took 0.305 seconds
[2026-04-21T03:29:46.373+0000] {processor.py:161} INFO - Started process (PID=3725219) to work on /home/airflow/.local/lib/python3.8/site-packages/airflow/example_dags/example_xcom.py
[2026-04-21T03:29:46.374+0000] {processor.py:830} INFO - Processing file /home/airflow/.local/lib/python3.8/site-packages/airflow/example_dags/example_xcom.py for tasks to queue
[2026-04-21T03:29:46.377+0000] {logging_mixin.py:188} INFO - [2026-04-21T03:29:46.376+0000] {dagbag.py:538} INFO - Filling up the DagBag from /home/airflow/.local/lib/python3.8/site-packages/airflow/example_dags/example_xcom.py
[2026-04-21T03:29:46.387+0000] {processor.py:840} INFO - DAG(s) 'example_xcom' retrieved from /home/airflow/.local/lib/python3.8/site-packages/airflow/example_dags/example_xcom.py
[2026-04-21T03:29:46.413+0000] {logging_mixin.py:188} INFO - [2026-04-21T03:29:46.413+0000] {dag.py:3036} INFO - Sync 1 DAGs
[2026-04-21T03:29:46.437+0000] {logging_mixin.py:188} INFO - [2026-04-21T03:29:46.437+0000] {dag.py:3823} INFO - Setting next_dagrun for example_xcom to 2021-01-01 00:00:00+00:00, run_after=2021-01-01 00:00:00+00:00
[2026-04-21T03:29:46.457+0000] {processor.py:183} INFO - Processing /home/airflow/.local/lib/python3.8/site-packages/airflow/example_dags/example_xcom.py took 0.089 seconds
[2026-04-21T03:30:16.944+0000] {processor.py:161} INFO - Started process (PID=3725277) to work on /home/airflow/.local/lib/python3.8/site-packages/airflow/example_dags/example_xcom.py
[2026-04-21T03:30:16.946+0000] {processor.py:830} INFO - Processing file /home/airflow/.local/lib/python3.8/site-packages/airflow/example_dags/example_xcom.py for tasks to queue
[2026-04-21T03:30:16.948+0000] {logging_mixin.py:188} INFO - [2026-04-21T03:30:16.948+0000] {dagbag.py:538} INFO - Filling up the DagBag from /home/airflow/.local/lib/python3.8/site-packages/airflow/example_dags/example_xcom.py
[2026-04-21T03:30:16.958+0000] {processor.py:840} INFO - DAG(s) 'example_xcom' retrieved from /home/airflow/.local/lib/python3.8/site-packages/airflow/example_dags/example_xcom.py
[2026-04-21T03:30:16.984+0000] {logging_mixin.py:188} INFO - [2026-04-21T03:30:16.984+0000] {dag.py:3036} INFO - Sync 1 DAGs
[2026-04-21T03:30:17.009+0000] {logging_mixin.py:188} INFO - [2026-04-21T03:30:17.008+0000] {dag.py:3823} INFO - Setting next_dagrun for example_xcom to 2021-01-01 00:00:00+00:00, run_after=2021-01-01 00:00:00+00:00
[2026-04-21T03:30:17.027+0000] {processor.py:183} INFO - Processing /home/airflow/.local/lib/python3.8/site-packages/airflow/example_dags/example_xcom.py took 0.088 seconds
[2026-04-21T03:30:48.032+0000] {processor.py:161} INFO - Started process (PID=3725334) to work on /home/airflow/.local/lib/python3.8/site-packages/airflow/example_dags/example_xcom.py
[2026-04-21T03:30:48.034+0000] {processor.py:830} INFO - Processing file /home/airflow/.local/lib/python3.8/site-packages/airflow/example_dags/example_xcom.py for tasks to queue
[2026-04-21T03:30:48.036+0000] {logging_mixin.py:188} INFO - [2026-04-21T03:30:48.036+0000] {dagbag.py:538} INFO - Filling up the DagBag from /home/airflow/.local/lib/python3.8/site-packages/airflow/example_dags/example_xcom.py
[2026-04-21T03:30:48.046+0000] {processor.py:840} INFO - DAG(s) 'example_xcom' retrieved from /home/airflow/.local/lib/python3.8/site-packages/airflow/example_dags/example_xcom.py
[2026-04-21T03:30:48.312+0000] {logging_mixin.py:188} INFO - [2026-04-21T03:30:48.312+0000] {dag.py:3036} INFO - Sync 1 DAGs
[2026-04-21T03:30:48.335+0000] {logging_mixin.py:188} INFO - [2026-04-21T03:30:48.335+0000] {dag.py:3823} INFO - Setting next_dagrun for example_xcom to 2021-01-01 00:00:00+00:00, run_after=2021-01-01 00:00:00+00:00
[2026-04-21T03:30:48.353+0000] {processor.py:183} INFO - Processing /home/airflow/.local/lib/python3.8/site-packages/airflow/example_dags/example_xcom.py took 0.326 seconds
[2026-04-21T03:31:18.562+0000] {processor.py:161} INFO - Started process (PID=3725391) to work on /home/airflow/.local/lib/python3.8/site-packages/airflow/example_dags/example_xcom.py
[2026-04-21T03:31:18.563+0000] {processor.py:830} INFO - Processing file /home/airflow/.local/lib/python3.8/site-packages/airflow/example_dags/example_xcom.py for tasks to queue
[2026-04-21T03:31:18.566+0000] {logging_mixin.py:188} INFO - [2026-04-21T03:31:18.566+0000] {dagbag.py:538} INFO - Filling up the DagBag from /home/airflow/.local/lib/python3.8/site-packages/airflow/example_dags/example_xcom.py
[2026-04-21T03:31:18.577+0000] {processor.py:840} INFO - DAG(s) 'example_xcom' retrieved from /home/airflow/.local/lib/python3.8/site-packages/airflow/example_dags/example_xcom.py
[2026-04-21T03:31:18.603+0000] {logging_mixin.py:188} INFO - [2026-04-21T03:31:18.603+0000] {dag.py:3036} INFO - Sync 1 DAGs
[2026-04-21T03:31:18.845+0000] {logging_mixin.py:188} INFO - [2026-04-21T03:31:18.845+0000] {dag.py:3823} INFO - Setting next_dagrun for example_xcom to 2021-01-01 00:00:00+00:00, run_after=2021-01-01 00:00:00+00:00
[2026-04-21T03:31:18.864+0000] {processor.py:183} INFO - Processing /home/airflow/.local/lib/python3.8/site-packages/airflow/example_dags/example_xcom.py took 0.307 seconds
[2026-04-21T03:31:49.524+0000] {processor.py:161} INFO - Started process (PID=3725448) to work on /home/airflow/.local/lib/python3.8/site-packages/airflow/example_dags/example_xcom.py
[2026-04-21T03:31:49.527+0000] {processor.py:830} INFO - Processing file /home/airflow/.local/lib/python3.8/site-packages/airflow/example_dags/example_xcom.py for tasks to queue
[2026-04-21T03:31:49.529+0000] {logging_mixin.py:188} INFO - [2026-04-21T03:31:49.529+0000] {dagbag.py:538} INFO - Filling up the DagBag from /home/airflow/.local/lib/python3.8/site-packages/airflow/example_dags/example_xcom.py
[2026-04-21T03:31:49.544+0000] {processor.py:840} INFO - DAG(s) 'example_xcom' retrieved from /home/airflow/.local/lib/python3.8/site-packages/airflow/example_dags/example_xcom.py
[2026-04-21T03:31:49.568+0000] {logging_mixin.py:188} INFO - [2026-04-21T03:31:49.568+0000] {dag.py:3036} INFO - Sync 1 DAGs
[2026-04-21T03:31:49.593+0000] {logging_mixin.py:188} INFO - [2026-04-21T03:31:49.592+0000] {dag.py:3823} INFO - Setting next_dagrun for example_xcom to 2021-01-01 00:00:00+00:00, run_after=2021-01-01 00:00:00+00:00
[2026-04-21T03:31:49.611+0000] {processor.py:183} INFO - Processing /home/airflow/.local/lib/python3.8/site-packages/airflow/example_dags/example_xcom.py took 0.091 seconds
[2026-04-21T03:32:20.285+0000] {processor.py:161} INFO - Started process (PID=3725505) to work on /home/airflow/.local/lib/python3.8/site-packages/airflow/example_dags/example_xcom.py
[2026-04-21T03:32:20.287+0000] {processor.py:830} INFO - Processing file /home/airflow/.local/lib/python3.8/site-packages/airflow/example_dags/example_xcom.py for tasks to queue
[2026-04-21T03:32:20.289+0000] {logging_mixin.py:188} INFO - [2026-04-21T03:32:20.289+0000] {dagbag.py:538} INFO - Filling up the DagBag from /home/airflow/.local/lib/python3.8/site-packages/airflow/example_dags/example_xcom.py
[2026-04-21T03:32:20.299+0000] {processor.py:840} INFO - DAG(s) 'example_xcom' retrieved from /home/airflow/.local/lib/python3.8/site-packages/airflow/example_dags/example_xcom.py
[2026-04-21T03:32:20.323+0000] {logging_mixin.py:188} INFO - [2026-04-21T03:32:20.323+0000] {dag.py:3036} INFO - Sync 1 DAGs
[2026-04-21T03:32:20.346+0000] {logging_mixin.py:188} INFO - [2026-04-21T03:32:20.346+0000] {dag.py:3823} INFO - Setting next_dagrun for example_xcom to 2021-01-01 00:00:00+00:00, run_after=2021-01-01 00:00:00+00:00
[2026-04-21T03:32:20.366+0000] {processor.py:183} INFO - Processing /home/airflow/.local/lib/python3.8/site-packages/airflow/example_dags/example_xcom.py took 0.085 seconds
[2026-04-21T03:32:50.428+0000] {processor.py:161} INFO - Started process (PID=3725562) to work on /home/airflow/.local/lib/python3.8/site-packages/airflow/example_dags/example_xcom.py
[2026-04-21T03:32:50.430+0000] {processor.py:830} INFO - Processing file /home/airflow/.local/lib/python3.8/site-packages/airflow/example_dags/example_xcom.py for tasks to queue
[2026-04-21T03:32:50.432+0000] {logging_mixin.py:188} INFO - [2026-04-21T03:32:50.432+0000] {dagbag.py:538} INFO - Filling up the DagBag from /home/airflow/.local/lib/python3.8/site-packages/airflow/example_dags/example_xcom.py
[2026-04-21T03:32:50.442+0000] {processor.py:840} INFO - DAG(s) 'example_xcom' retrieved from /home/airflow/.local/lib/python3.8/site-packages/airflow/example_dags/example_xcom.py
[2026-04-21T03:32:50.467+0000] {logging_mixin.py:188} INFO - [2026-04-21T03:32:50.467+0000] {dag.py:3036} INFO - Sync 1 DAGs
[2026-04-21T03:32:50.491+0000] {logging_mixin.py:188} INFO - [2026-04-21T03:32:50.490+0000] {dag.py:3823} INFO - Setting next_dagrun for example_xcom to 2021-01-01 00:00:00+00:00, run_after=2021-01-01 00:00:00+00:00
[2026-04-21T03:32:50.509+0000] {processor.py:183} INFO - Processing /home/airflow/.local/lib/python3.8/site-packages/airflow/example_dags/example_xcom.py took 0.086 seconds
[2026-04-21T03:33:20.585+0000] {processor.py:161} INFO - Started process (PID=3725620) to work on /home/airflow/.local/lib/python3.8/site-packages/airflow/example_dags/example_xcom.py
[2026-04-21T03:33:20.586+0000] {processor.py:830} INFO - Processing file /home/airflow/.local/lib/python3.8/site-packages/airflow/example_dags/example_xcom.py for tasks to queue
[2026-04-21T03:33:20.589+0000] {logging_mixin.py:188} INFO - [2026-04-21T03:33:20.588+0000] {dagbag.py:538} INFO - Filling up the DagBag from /home/airflow/.local/lib/python3.8/site-packages/airflow/example_dags/example_xcom.py
[2026-04-21T03:33:20.598+0000] {processor.py:840} INFO - DAG(s) 'example_xcom' retrieved from /home/airflow/.local/lib/python3.8/site-packages/airflow/example_dags/example_xcom.py
[2026-04-21T03:33:20.624+0000] {logging_mixin.py:188} INFO - [2026-04-21T03:33:20.624+0000] {dag.py:3036} INFO - Sync 1 DAGs
[2026-04-21T03:33:20.647+0000] {logging_mixin.py:188} INFO - [2026-04-21T03:33:20.647+0000] {dag.py:3823} INFO - Setting next_dagrun for example_xcom to 2021-01-01 00:00:00+00:00, run_after=2021-01-01 00:00:00+00:00
[2026-04-21T03:33:20.666+0000] {processor.py:183} INFO - Processing /home/airflow/.local/lib/python3.8/site-packages/airflow/example_dags/example_xcom.py took 0.086 seconds
[2026-04-21T03:33:50.829+0000] {processor.py:161} INFO - Started process (PID=3725677) to work on /home/airflow/.local/lib/python3.8/site-packages/airflow/example_dags/example_xcom.py
[2026-04-21T03:33:50.831+0000] {processor.py:830} INFO - Processing file /home/airflow/.local/lib/python3.8/site-packages/airflow/example_dags/example_xcom.py for tasks to queue
[2026-04-21T03:33:50.833+0000] {logging_mixin.py:188} INFO - [2026-04-21T03:33:50.833+0000] {dagbag.py:538} INFO - Filling up the DagBag from /home/airflow/.local/lib/python3.8/site-packages/airflow/example_dags/example_xcom.py
[2026-04-21T03:33:50.843+0000] {processor.py:840} INFO - DAG(s) 'example_xcom' retrieved from /home/airflow/.local/lib/python3.8/site-packages/airflow/example_dags/example_xcom.py
[2026-04-21T03:33:50.867+0000] {logging_mixin.py:188} INFO - [2026-04-21T03:33:50.867+0000] {dag.py:3036} INFO - Sync 1 DAGs
[2026-04-21T03:33:50.891+0000] {logging_mixin.py:188} INFO - [2026-04-21T03:33:50.890+0000] {dag.py:3823} INFO - Setting next_dagrun for example_xcom to 2021-01-01 00:00:00+00:00, run_after=2021-01-01 00:00:00+00:00
[2026-04-21T03:33:50.909+0000] {processor.py:183} INFO - Processing /home/airflow/.local/lib/python3.8/site-packages/airflow/example_dags/example_xcom.py took 0.085 seconds
[2026-04-21T03:34:21.022+0000] {processor.py:161} INFO - Started process (PID=3725734) to work on /home/airflow/.local/lib/python3.8/site-packages/airflow/example_dags/example_xcom.py
[2026-04-21T03:34:21.024+0000] {processor.py:830} INFO - Processing file /home/airflow/.local/lib/python3.8/site-packages/airflow/example_dags/example_xcom.py for tasks to queue
[2026-04-21T03:34:21.026+0000] {logging_mixin.py:188} INFO - [2026-04-21T03:34:21.026+0000] {dagbag.py:538} INFO - Filling up the DagBag from /home/airflow/.local/lib/python3.8/site-packages/airflow/example_dags/example_xcom.py
[2026-04-21T03:34:21.035+0000] {processor.py:840} INFO - DAG(s) 'example_xcom' retrieved from /home/airflow/.local/lib/python3.8/site-packages/airflow/example_dags/example_xcom.py
[2026-04-21T03:34:21.060+0000] {logging_mixin.py:188} INFO - [2026-04-21T03:34:21.060+0000] {dag.py:3036} INFO - Sync 1 DAGs
[2026-04-21T03:34:21.083+0000] {logging_mixin.py:188} INFO - [2026-04-21T03:34:21.083+0000] {dag.py:3823} INFO - Setting next_dagrun for example_xcom to 2021-01-01 00:00:00+00:00, run_after=2021-01-01 00:00:00+00:00
[2026-04-21T03:34:21.102+0000] {processor.py:183} INFO - Processing /home/airflow/.local/lib/python3.8/site-packages/airflow/example_dags/example_xcom.py took 0.084 seconds
[2026-04-21T03:34:51.170+0000] {processor.py:161} INFO - Started process (PID=3725791) to work on /home/airflow/.local/lib/python3.8/site-packages/airflow/example_dags/example_xcom.py
[2026-04-21T03:34:51.172+0000] {processor.py:830} INFO - Processing file /home/airflow/.local/lib/python3.8/site-packages/airflow/example_dags/example_xcom.py for tasks to queue
[2026-04-21T03:34:51.174+0000] {logging_mixin.py:188} INFO - [2026-04-21T03:34:51.174+0000] {dagbag.py:538} INFO - Filling up the DagBag from /home/airflow/.local/lib/python3.8/site-packages/airflow/example_dags/example_xcom.py
[2026-04-21T03:34:51.184+0000] {processor.py:840} INFO - DAG(s) 'example_xcom' retrieved from /home/airflow/.local/lib/python3.8/site-packages/airflow/example_dags/example_xcom.py
[2026-04-21T03:34:51.208+0000] {logging_mixin.py:188} INFO - [2026-04-21T03:34:51.208+0000] {dag.py:3036} INFO - Sync 1 DAGs
[2026-04-21T03:34:51.232+0000] {logging_mixin.py:188} INFO - [2026-04-21T03:34:51.232+0000] {dag.py:3823} INFO - Setting next_dagrun for example_xcom to 2021-01-01 00:00:00+00:00, run_after=2021-01-01 00:00:00+00:00
[2026-04-21T03:34:51.251+0000] {processor.py:183} INFO - Processing /home/airflow/.local/lib/python3.8/site-packages/airflow/example_dags/example_xcom.py took 0.085 seconds
[2026-04-21T03:35:21.403+0000] {processor.py:161} INFO - Started process (PID=3725848) to work on /home/airflow/.local/lib/python3.8/site-packages/airflow/example_dags/example_xcom.py
[2026-04-21T03:35:21.405+0000] {processor.py:830} INFO - Processing file /home/airflow/.local/lib/python3.8/site-packages/airflow/example_dags/example_xcom.py for tasks to queue
[2026-04-21T03:35:21.407+0000] {logging_mixin.py:188} INFO - [2026-04-21T03:35:21.407+0000] {dagbag.py:538} INFO - Filling up the DagBag from /home/airflow/.local/lib/python3.8/site-packages/airflow/example_dags/example_xcom.py
[2026-04-21T03:35:21.417+0000] {processor.py:840} INFO - DAG(s) 'example_xcom' retrieved from /home/airflow/.local/lib/python3.8/site-packages/airflow/example_dags/example_xcom.py
[2026-04-21T03:35:21.442+0000] {logging_mixin.py:188} INFO - [2026-04-21T03:35:21.442+0000] {dag.py:3036} INFO - Sync 1 DAGs
[2026-04-21T03:35:21.466+0000] {logging_mixin.py:188} INFO - [2026-04-21T03:35:21.466+0000] {dag.py:3823} INFO - Setting next_dagrun for example_xcom to 2021-01-01 00:00:00+00:00, run_after=2021-01-01 00:00:00+00:00
[2026-04-21T03:35:21.485+0000] {processor.py:183} INFO - Processing /home/airflow/.local/lib/python3.8/site-packages/airflow/example_dags/example_xcom.py took 0.087 seconds
[2026-04-21T03:35:51.834+0000] {processor.py:161} INFO - Started process (PID=3725905) to work on /home/airflow/.local/lib/python3.8/site-packages/airflow/example_dags/example_xcom.py
[2026-04-21T03:35:51.835+0000] {processor.py:830} INFO - Processing file /home/airflow/.local/lib/python3.8/site-packages/airflow/example_dags/example_xcom.py for tasks to queue
[2026-04-21T03:35:51.838+0000] {logging_mixin.py:188} INFO - [2026-04-21T03:35:51.837+0000] {dagbag.py:538} INFO - Filling up the DagBag from /home/airflow/.local/lib/python3.8/site-packages/airflow/example_dags/example_xcom.py
[2026-04-21T03:35:51.847+0000] {processor.py:840} INFO - DAG(s) 'example_xcom' retrieved from /home/airflow/.local/lib/python3.8/site-packages/airflow/example_dags/example_xcom.py
[2026-04-21T03:35:51.871+0000] {logging_mixin.py:188} INFO - [2026-04-21T03:35:51.871+0000] {dag.py:3036} INFO - Sync 1 DAGs
[2026-04-21T03:35:51.895+0000] {logging_mixin.py:188} INFO - [2026-04-21T03:35:51.895+0000] {dag.py:3823} INFO - Setting next_dagrun for example_xcom to 2021-01-01 00:00:00+00:00, run_after=2021-01-01 00:00:00+00:00
[2026-04-21T03:35:51.914+0000] {processor.py:183} INFO - Processing /home/airflow/.local/lib/python3.8/site-packages/airflow/example_dags/example_xcom.py took 0.085 seconds
[2026-04-21T03:36:22.067+0000] {processor.py:161} INFO - Started process (PID=3725962) to work on /home/airflow/.local/lib/python3.8/site-packages/airflow/example_dags/example_xcom.py
[2026-04-21T03:36:22.068+0000] {processor.py:830} INFO - Processing file /home/airflow/.local/lib/python3.8/site-packages/airflow/example_dags/example_xcom.py for tasks to queue
[2026-04-21T03:36:22.071+0000] {logging_mixin.py:188} INFO - [2026-04-21T03:36:22.070+0000] {dagbag.py:538} INFO - Filling up the DagBag from /home/airflow/.local/lib/python3.8/site-packages/airflow/example_dags/example_xcom.py
[2026-04-21T03:36:22.080+0000] {processor.py:840} INFO - DAG(s) 'example_xcom' retrieved from /home/airflow/.local/lib/python3.8/site-packages/airflow/example_dags/example_xcom.py
[2026-04-21T03:36:22.105+0000] {logging_mixin.py:188} INFO - [2026-04-21T03:36:22.105+0000] {dag.py:3036} INFO - Sync 1 DAGs
[2026-04-21T03:36:22.130+0000] {logging_mixin.py:188} INFO - [2026-04-21T03:36:22.130+0000] {dag.py:3823} INFO - Setting next_dagrun for example_xcom to 2021-01-01 00:00:00+00:00, run_after=2021-01-01 00:00:00+00:00
[2026-04-21T03:36:22.150+0000] {processor.py:183} INFO - Processing /home/airflow/.local/lib/python3.8/site-packages/airflow/example_dags/example_xcom.py took 0.087 seconds
[2026-04-21T03:36:52.218+0000] {processor.py:161} INFO - Started process (PID=3726019) to work on /home/airflow/.local/lib/python3.8/site-packages/airflow/example_dags/example_xcom.py
[2026-04-21T03:36:52.219+0000] {processor.py:830} INFO - Processing file /home/airflow/.local/lib/python3.8/site-packages/airflow/example_dags/example_xcom.py for tasks to queue
[2026-04-21T03:36:52.222+0000] {logging_mixin.py:188} INFO - [2026-04-21T03:36:52.221+0000] {dagbag.py:538} INFO - Filling up the DagBag from /home/airflow/.local/lib/python3.8/site-packages/airflow/example_dags/example_xcom.py
[2026-04-21T03:36:52.231+0000] {processor.py:840} INFO - DAG(s) 'example_xcom' retrieved from /home/airflow/.local/lib/python3.8/site-packages/airflow/example_dags/example_xcom.py
[2026-04-21T03:36:52.256+0000] {logging_mixin.py:188} INFO - [2026-04-21T03:36:52.256+0000] {dag.py:3036} INFO - Sync 1 DAGs
[2026-04-21T03:36:52.280+0000] {logging_mixin.py:188} INFO - [2026-04-21T03:36:52.280+0000] {dag.py:3823} INFO - Setting next_dagrun for example_xcom to 2021-01-01 00:00:00+00:00, run_after=2021-01-01 00:00:00+00:00
[2026-04-21T03:36:52.300+0000] {processor.py:183} INFO - Processing /home/airflow/.local/lib/python3.8/site-packages/airflow/example_dags/example_xcom.py took 0.087 seconds
[2026-04-21T03:37:22.474+0000] {processor.py:161} INFO - Started process (PID=3726076) to work on /home/airflow/.local/lib/python3.8/site-packages/airflow/example_dags/example_xcom.py
[2026-04-21T03:37:22.476+0000] {processor.py:830} INFO - Processing file /home/airflow/.local/lib/python3.8/site-packages/airflow/example_dags/example_xcom.py for tasks to queue
[2026-04-21T03:37:22.478+0000] {logging_mixin.py:188} INFO - [2026-04-21T03:37:22.478+0000] {dagbag.py:538} INFO - Filling up the DagBag from /home/airflow/.local/lib/python3.8/site-packages/airflow/example_dags/example_xcom.py
[2026-04-21T03:37:22.492+0000] {processor.py:840} INFO - DAG(s) 'example_xcom' retrieved from /home/airflow/.local/lib/python3.8/site-packages/airflow/example_dags/example_xcom.py
[2026-04-21T03:37:22.528+0000] {logging_mixin.py:188} INFO - [2026-04-21T03:37:22.528+0000] {dag.py:3036} INFO - Sync 1 DAGs
[2026-04-21T03:37:22.564+0000] {logging_mixin.py:188} INFO - [2026-04-21T03:37:22.564+0000] {dag.py:3823} INFO - Setting next_dagrun for example_xcom to 2021-01-01 00:00:00+00:00, run_after=2021-01-01 00:00:00+00:00
[2026-04-21T03:37:22.583+0000] {processor.py:183} INFO - Processing /home/airflow/.local/lib/python3.8/site-packages/airflow/example_dags/example_xcom.py took 0.115 seconds
[2026-04-21T03:37:52.891+0000] {processor.py:161} INFO - Started process (PID=3726139) to work on /home/airflow/.local/lib/python3.8/site-packages/airflow/example_dags/example_xcom.py
[2026-04-21T03:37:52.893+0000] {processor.py:830} INFO - Processing file /home/airflow/.local/lib/python3.8/site-packages/airflow/example_dags/example_xcom.py for tasks to queue
[2026-04-21T03:37:52.895+0000] {logging_mixin.py:188} INFO - [2026-04-21T03:37:52.895+0000] {dagbag.py:538} INFO - Filling up the DagBag from /home/airflow/.local/lib/python3.8/site-packages/airflow/example_dags/example_xcom.py
[2026-04-21T03:37:52.905+0000] {processor.py:840} INFO - DAG(s) 'example_xcom' retrieved from /home/airflow/.local/lib/python3.8/site-packages/airflow/example_dags/example_xcom.py
[2026-04-21T03:37:52.929+0000] {logging_mixin.py:188} INFO - [2026-04-21T03:37:52.929+0000] {dag.py:3036} INFO - Sync 1 DAGs
[2026-04-21T03:37:52.953+0000] {logging_mixin.py:188} INFO - [2026-04-21T03:37:52.953+0000] {dag.py:3823} INFO - Setting next_dagrun for example_xcom to 2021-01-01 00:00:00+00:00, run_after=2021-01-01 00:00:00+00:00
[2026-04-21T03:37:52.971+0000] {processor.py:183} INFO - Processing /home/airflow/.local/lib/python3.8/site-packages/airflow/example_dags/example_xcom.py took 0.085 seconds
[2026-04-21T03:38:23.057+0000] {processor.py:161} INFO - Started process (PID=3726197) to work on /home/airflow/.local/lib/python3.8/site-packages/airflow/example_dags/example_xcom.py
[2026-04-21T03:38:23.059+0000] {processor.py:830} INFO - Processing file /home/airflow/.local/lib/python3.8/site-packages/airflow/example_dags/example_xcom.py for tasks to queue
[2026-04-21T03:38:23.061+0000] {logging_mixin.py:188} INFO - [2026-04-21T03:38:23.061+0000] {dagbag.py:538} INFO - Filling up the DagBag from /home/airflow/.local/lib/python3.8/site-packages/airflow/example_dags/example_xcom.py
[2026-04-21T03:38:23.071+0000] {processor.py:840} INFO - DAG(s) 'example_xcom' retrieved from /home/airflow/.local/lib/python3.8/site-packages/airflow/example_dags/example_xcom.py
[2026-04-21T03:38:23.097+0000] {logging_mixin.py:188} INFO - [2026-04-21T03:38:23.097+0000] {dag.py:3036} INFO - Sync 1 DAGs
[2026-04-21T03:38:23.120+0000] {logging_mixin.py:188} INFO - [2026-04-21T03:38:23.120+0000] {dag.py:3823} INFO - Setting next_dagrun for example_xcom to 2021-01-01 00:00:00+00:00, run_after=2021-01-01 00:00:00+00:00
[2026-04-21T03:38:23.138+0000] {processor.py:183} INFO - Processing /home/airflow/.local/lib/python3.8/site-packages/airflow/example_dags/example_xcom.py took 0.086 seconds
[2026-04-21T03:38:53.352+0000] {processor.py:161} INFO - Started process (PID=3726253) to work on /home/airflow/.local/lib/python3.8/site-packages/airflow/example_dags/example_xcom.py
[2026-04-21T03:38:53.353+0000] {processor.py:830} INFO - Processing file /home/airflow/.local/lib/python3.8/site-packages/airflow/example_dags/example_xcom.py for tasks to queue
[2026-04-21T03:38:53.356+0000] {logging_mixin.py:188} INFO - [2026-04-21T03:38:53.355+0000] {dagbag.py:538} INFO - Filling up the DagBag from /home/airflow/.local/lib/python3.8/site-packages/airflow/example_dags/example_xcom.py
[2026-04-21T03:38:53.365+0000] {processor.py:840} INFO - DAG(s) 'example_xcom' retrieved from /home/airflow/.local/lib/python3.8/site-packages/airflow/example_dags/example_xcom.py
[2026-04-21T03:38:53.390+0000] {logging_mixin.py:188} INFO - [2026-04-21T03:38:53.390+0000] {dag.py:3036} INFO - Sync 1 DAGs
[2026-04-21T03:38:53.413+0000] {logging_mixin.py:188} INFO - [2026-04-21T03:38:53.413+0000] {dag.py:3823} INFO - Setting next_dagrun for example_xcom to 2021-01-01 00:00:00+00:00, run_after=2021-01-01 00:00:00+00:00
[2026-04-21T03:38:53.431+0000] {processor.py:183} INFO - Processing /home/airflow/.local/lib/python3.8/site-packages/airflow/example_dags/example_xcom.py took 0.084 seconds
[2026-04-21T03:39:23.615+0000] {processor.py:161} INFO - Started process (PID=3726310) to work on /home/airflow/.local/lib/python3.8/site-packages/airflow/example_dags/example_xcom.py
[2026-04-21T03:39:23.617+0000] {processor.py:830} INFO - Processing file /home/airflow/.local/lib/python3.8/site-packages/airflow/example_dags/example_xcom.py for tasks to queue
[2026-04-21T03:39:23.619+0000] {logging_mixin.py:188} INFO - [2026-04-21T03:39:23.619+0000] {dagbag.py:538} INFO - Filling up the DagBag from /home/airflow/.local/lib/python3.8/site-packages/airflow/example_dags/example_xcom.py
[2026-04-21T03:39:23.629+0000] {processor.py:840} INFO - DAG(s) 'example_xcom' retrieved from /home/airflow/.local/lib/python3.8/site-packages/airflow/example_dags/example_xcom.py
[2026-04-21T03:39:23.655+0000] {logging_mixin.py:188} INFO - [2026-04-21T03:39:23.655+0000] {dag.py:3036} INFO - Sync 1 DAGs
[2026-04-21T03:39:23.679+0000] {logging_mixin.py:188} INFO - [2026-04-21T03:39:23.679+0000] {dag.py:3823} INFO - Setting next_dagrun for example_xcom to 2021-01-01 00:00:00+00:00, run_after=2021-01-01 00:00:00+00:00
[2026-04-21T03:39:23.699+0000] {processor.py:183} INFO - Processing /home/airflow/.local/lib/python3.8/site-packages/airflow/example_dags/example_xcom.py took 0.089 seconds
[2026-04-21T03:39:54.088+0000] {processor.py:161} INFO - Started process (PID=3726367) to work on /home/airflow/.local/lib/python3.8/site-packages/airflow/example_dags/example_xcom.py
[2026-04-21T03:39:54.090+0000] {processor.py:830} INFO - Processing file /home/airflow/.local/lib/python3.8/site-packages/airflow/example_dags/example_xcom.py for tasks to queue
[2026-04-21T03:39:54.092+0000] {logging_mixin.py:188} INFO - [2026-04-21T03:39:54.092+0000] {dagbag.py:538} INFO - Filling up the DagBag from /home/airflow/.local/lib/python3.8/site-packages/airflow/example_dags/example_xcom.py
[2026-04-21T03:39:54.102+0000] {processor.py:840} INFO - DAG(s) 'example_xcom' retrieved from /home/airflow/.local/lib/python3.8/site-packages/airflow/example_dags/example_xcom.py
[2026-04-21T03:39:54.126+0000] {logging_mixin.py:188} INFO - [2026-04-21T03:39:54.126+0000] {dag.py:3036} INFO - Sync 1 DAGs
[2026-04-21T03:39:54.149+0000] {logging_mixin.py:188} INFO - [2026-04-21T03:39:54.149+0000] {dag.py:3823} INFO - Setting next_dagrun for example_xcom to 2021-01-01 00:00:00+00:00, run_after=2021-01-01 00:00:00+00:00
[2026-04-21T03:39:54.169+0000] {processor.py:183} INFO - Processing /home/airflow/.local/lib/python3.8/site-packages/airflow/example_dags/example_xcom.py took 0.085 seconds
[2026-04-21T03:40:24.412+0000] {processor.py:161} INFO - Started process (PID=3726424) to work on /home/airflow/.local/lib/python3.8/site-packages/airflow/example_dags/example_xcom.py
[2026-04-21T03:40:24.414+0000] {processor.py:830} INFO - Processing file /home/airflow/.local/lib/python3.8/site-packages/airflow/example_dags/example_xcom.py for tasks to queue
[2026-04-21T03:40:24.416+0000] {logging_mixin.py:188} INFO - [2026-04-21T03:40:24.416+0000] {dagbag.py:538} INFO - Filling up the DagBag from /home/airflow/.local/lib/python3.8/site-packages/airflow/example_dags/example_xcom.py
[2026-04-21T03:40:24.426+0000] {processor.py:840} INFO - DAG(s) 'example_xcom' retrieved from /home/airflow/.local/lib/python3.8/site-packages/airflow/example_dags/example_xcom.py
[2026-04-21T03:40:24.451+0000] {logging_mixin.py:188} INFO - [2026-04-21T03:40:24.451+0000] {dag.py:3036} INFO - Sync 1 DAGs
[2026-04-21T03:40:24.474+0000] {logging_mixin.py:188} INFO - [2026-04-21T03:40:24.474+0000] {dag.py:3823} INFO - Setting next_dagrun for example_xcom to 2021-01-01 00:00:00+00:00, run_after=2021-01-01 00:00:00+00:00
[2026-04-21T03:40:24.492+0000] {processor.py:183} INFO - Processing /home/airflow/.local/lib/python3.8/site-packages/airflow/example_dags/example_xcom.py took 0.085 seconds
[2026-04-21T03:40:54.746+0000] {processor.py:161} INFO - Started process (PID=3726481) to work on /home/airflow/.local/lib/python3.8/site-packages/airflow/example_dags/example_xcom.py
[2026-04-21T03:40:54.747+0000] {processor.py:830} INFO - Processing file /home/airflow/.local/lib/python3.8/site-packages/airflow/example_dags/example_xcom.py for tasks to queue
[2026-04-21T03:40:54.750+0000] {logging_mixin.py:188} INFO - [2026-04-21T03:40:54.749+0000] {dagbag.py:538} INFO - Filling up the DagBag from /home/airflow/.local/lib/python3.8/site-packages/airflow/example_dags/example_xcom.py
[2026-04-21T03:40:54.759+0000] {processor.py:840} INFO - DAG(s) 'example_xcom' retrieved from /home/airflow/.local/lib/python3.8/site-packages/airflow/example_dags/example_xcom.py
[2026-04-21T03:40:54.784+0000] {logging_mixin.py:188} INFO - [2026-04-21T03:40:54.783+0000] {dag.py:3036} INFO - Sync 1 DAGs
[2026-04-21T03:40:54.807+0000] {logging_mixin.py:188} INFO - [2026-04-21T03:40:54.807+0000] {dag.py:3823} INFO - Setting next_dagrun for example_xcom to 2021-01-01 00:00:00+00:00, run_after=2021-01-01 00:00:00+00:00
[2026-04-21T03:40:54.826+0000] {processor.py:183} INFO - Processing /home/airflow/.local/lib/python3.8/site-packages/airflow/example_dags/example_xcom.py took 0.084 seconds
[2026-04-21T03:41:25.204+0000] {processor.py:161} INFO - Started process (PID=3726538) to work on /home/airflow/.local/lib/python3.8/site-packages/airflow/example_dags/example_xcom.py
[2026-04-21T03:41:25.206+0000] {processor.py:830} INFO - Processing file /home/airflow/.local/lib/python3.8/site-packages/airflow/example_dags/example_xcom.py for tasks to queue
[2026-04-21T03:41:25.208+0000] {logging_mixin.py:188} INFO - [2026-04-21T03:41:25.208+0000] {dagbag.py:538} INFO - Filling up the DagBag from /home/airflow/.local/lib/python3.8/site-packages/airflow/example_dags/example_xcom.py
[2026-04-21T03:41:25.218+0000] {processor.py:840} INFO - DAG(s) 'example_xcom' retrieved from /home/airflow/.local/lib/python3.8/site-packages/airflow/example_dags/example_xcom.py
[2026-04-21T03:41:25.242+0000] {logging_mixin.py:188} INFO - [2026-04-21T03:41:25.242+0000] {dag.py:3036} INFO - Sync 1 DAGs
[2026-04-21T03:41:25.266+0000] {logging_mixin.py:188} INFO - [2026-04-21T03:41:25.265+0000] {dag.py:3823} INFO - Setting next_dagrun for example_xcom to 2021-01-01 00:00:00+00:00, run_after=2021-01-01 00:00:00+00:00
[2026-04-21T03:41:25.284+0000] {processor.py:183} INFO - Processing /home/airflow/.local/lib/python3.8/site-packages/airflow/example_dags/example_xcom.py took 0.084 seconds
[2026-04-21T03:41:55.625+0000] {processor.py:161} INFO - Started process (PID=3726595) to work on /home/airflow/.local/lib/python3.8/site-packages/airflow/example_dags/example_xcom.py
[2026-04-21T03:41:55.627+0000] {processor.py:830} INFO - Processing file /home/airflow/.local/lib/python3.8/site-packages/airflow/example_dags/example_xcom.py for tasks to queue
[2026-04-21T03:41:55.629+0000] {logging_mixin.py:188} INFO - [2026-04-21T03:41:55.629+0000] {dagbag.py:538} INFO - Filling up the DagBag from /home/airflow/.local/lib/python3.8/site-packages/airflow/example_dags/example_xcom.py
[2026-04-21T03:41:55.639+0000] {processor.py:840} INFO - DAG(s) 'example_xcom' retrieved from /home/airflow/.local/lib/python3.8/site-packages/airflow/example_dags/example_xcom.py
[2026-04-21T03:41:55.664+0000] {logging_mixin.py:188} INFO - [2026-04-21T03:41:55.664+0000] {dag.py:3036} INFO - Sync 1 DAGs
[2026-04-21T03:41:55.689+0000] {logging_mixin.py:188} INFO - [2026-04-21T03:41:55.689+0000] {dag.py:3823} INFO - Setting next_dagrun for example_xcom to 2021-01-01 00:00:00+00:00, run_after=2021-01-01 00:00:00+00:00
[2026-04-21T03:41:55.709+0000] {processor.py:183} INFO - Processing /home/airflow/.local/lib/python3.8/site-packages/airflow/example_dags/example_xcom.py took 0.089 seconds
[2026-04-21T03:42:25.901+0000] {processor.py:161} INFO - Started process (PID=3726653) to work on /home/airflow/.local/lib/python3.8/site-packages/airflow/example_dags/example_xcom.py
[2026-04-21T03:42:25.903+0000] {processor.py:830} INFO - Processing file /home/airflow/.local/lib/python3.8/site-packages/airflow/example_dags/example_xcom.py for tasks to queue
[2026-04-21T03:42:25.906+0000] {logging_mixin.py:188} INFO - [2026-04-21T03:42:25.905+0000] {dagbag.py:538} INFO - Filling up the DagBag from /home/airflow/.local/lib/python3.8/site-packages/airflow/example_dags/example_xcom.py
[2026-04-21T03:42:25.916+0000] {processor.py:840} INFO - DAG(s) 'example_xcom' retrieved from /home/airflow/.local/lib/python3.8/site-packages/airflow/example_dags/example_xcom.py
[2026-04-21T03:42:25.942+0000] {logging_mixin.py:188} INFO - [2026-04-21T03:42:25.942+0000] {dag.py:3036} INFO - Sync 1 DAGs
[2026-04-21T03:42:25.966+0000] {logging_mixin.py:188} INFO - [2026-04-21T03:42:25.966+0000] {dag.py:3823} INFO - Setting next_dagrun for example_xcom to 2021-01-01 00:00:00+00:00, run_after=2021-01-01 00:00:00+00:00
[2026-04-21T03:42:25.985+0000] {processor.py:183} INFO - Processing /home/airflow/.local/lib/python3.8/site-packages/airflow/example_dags/example_xcom.py took 0.089 seconds
[2026-04-21T03:42:56.050+0000] {processor.py:161} INFO - Started process (PID=3726709) to work on /home/airflow/.local/lib/python3.8/site-packages/airflow/example_dags/example_xcom.py
[2026-04-21T03:42:56.051+0000] {processor.py:830} INFO - Processing file /home/airflow/.local/lib/python3.8/site-packages/airflow/example_dags/example_xcom.py for tasks to queue
[2026-04-21T03:42:56.054+0000] {logging_mixin.py:188} INFO - [2026-04-21T03:42:56.053+0000] {dagbag.py:538} INFO - Filling up the DagBag from /home/airflow/.local/lib/python3.8/site-packages/airflow/example_dags/example_xcom.py
[2026-04-21T03:42:56.064+0000] {processor.py:840} INFO - DAG(s) 'example_xcom' retrieved from /home/airflow/.local/lib/python3.8/site-packages/airflow/example_dags/example_xcom.py
[2026-04-21T03:42:56.089+0000] {logging_mixin.py:188} INFO - [2026-04-21T03:42:56.089+0000] {dag.py:3036} INFO - Sync 1 DAGs
[2026-04-21T03:42:56.114+0000] {logging_mixin.py:188} INFO - [2026-04-21T03:42:56.114+0000] {dag.py:3823} INFO - Setting next_dagrun for example_xcom to 2021-01-01 00:00:00+00:00, run_after=2021-01-01 00:00:00+00:00
[2026-04-21T03:42:56.134+0000] {processor.py:183} INFO - Processing /home/airflow/.local/lib/python3.8/site-packages/airflow/example_dags/example_xcom.py took 0.089 seconds
[2026-04-21T03:43:26.898+0000] {processor.py:161} INFO - Started process (PID=3726766) to work on /home/airflow/.local/lib/python3.8/site-packages/airflow/example_dags/example_xcom.py
[2026-04-21T03:43:26.899+0000] {processor.py:830} INFO - Processing file /home/airflow/.local/lib/python3.8/site-packages/airflow/example_dags/example_xcom.py for tasks to queue
[2026-04-21T03:43:26.902+0000] {logging_mixin.py:188} INFO - [2026-04-21T03:43:26.901+0000] {dagbag.py:538} INFO - Filling up the DagBag from /home/airflow/.local/lib/python3.8/site-packages/airflow/example_dags/example_xcom.py
[2026-04-21T03:43:26.912+0000] {processor.py:840} INFO - DAG(s) 'example_xcom' retrieved from /home/airflow/.local/lib/python3.8/site-packages/airflow/example_dags/example_xcom.py
[2026-04-21T03:43:26.936+0000] {logging_mixin.py:188} INFO - [2026-04-21T03:43:26.936+0000] {dag.py:3036} INFO - Sync 1 DAGs
[2026-04-21T03:43:26.961+0000] {logging_mixin.py:188} INFO - [2026-04-21T03:43:26.961+0000] {dag.py:3823} INFO - Setting next_dagrun for example_xcom to 2021-01-01 00:00:00+00:00, run_after=2021-01-01 00:00:00+00:00
[2026-04-21T03:43:26.981+0000] {processor.py:183} INFO - Processing /home/airflow/.local/lib/python3.8/site-packages/airflow/example_dags/example_xcom.py took 0.089 seconds
[2026-04-21T03:43:57.532+0000] {processor.py:161} INFO - Started process (PID=3726823) to work on /home/airflow/.local/lib/python3.8/site-packages/airflow/example_dags/example_xcom.py
[2026-04-21T03:43:57.534+0000] {processor.py:830} INFO - Processing file /home/airflow/.local/lib/python3.8/site-packages/airflow/example_dags/example_xcom.py for tasks to queue
[2026-04-21T03:43:57.537+0000] {logging_mixin.py:188} INFO - [2026-04-21T03:43:57.537+0000] {dagbag.py:538} INFO - Filling up the DagBag from /home/airflow/.local/lib/python3.8/site-packages/airflow/example_dags/example_xcom.py
[2026-04-21T03:43:57.546+0000] {processor.py:840} INFO - DAG(s) 'example_xcom' retrieved from /home/airflow/.local/lib/python3.8/site-packages/airflow/example_dags/example_xcom.py
[2026-04-21T03:43:57.570+0000] {logging_mixin.py:188} INFO - [2026-04-21T03:43:57.570+0000] {dag.py:3036} INFO - Sync 1 DAGs
[2026-04-21T03:43:57.594+0000] {logging_mixin.py:188} INFO - [2026-04-21T03:43:57.593+0000] {dag.py:3823} INFO - Setting next_dagrun for example_xcom to 2021-01-01 00:00:00+00:00, run_after=2021-01-01 00:00:00+00:00
[2026-04-21T03:43:57.612+0000] {processor.py:183} INFO - Processing /home/airflow/.local/lib/python3.8/site-packages/airflow/example_dags/example_xcom.py took 0.084 seconds
[2026-04-21T03:44:28.223+0000] {processor.py:161} INFO - Started process (PID=3726880) to work on /home/airflow/.local/lib/python3.8/site-packages/airflow/example_dags/example_xcom.py
[2026-04-21T03:44:28.225+0000] {processor.py:830} INFO - Processing file /home/airflow/.local/lib/python3.8/site-packages/airflow/example_dags/example_xcom.py for tasks to queue
[2026-04-21T03:44:28.227+0000] {logging_mixin.py:188} INFO - [2026-04-21T03:44:28.227+0000] {dagbag.py:538} INFO - Filling up the DagBag from /home/airflow/.local/lib/python3.8/site-packages/airflow/example_dags/example_xcom.py
[2026-04-21T03:44:28.237+0000] {processor.py:840} INFO - DAG(s) 'example_xcom' retrieved from /home/airflow/.local/lib/python3.8/site-packages/airflow/example_dags/example_xcom.py
[2026-04-21T03:44:28.263+0000] {logging_mixin.py:188} INFO - [2026-04-21T03:44:28.263+0000] {dag.py:3036} INFO - Sync 1 DAGs
[2026-04-21T03:44:28.286+0000] {logging_mixin.py:188} INFO - [2026-04-21T03:44:28.286+0000] {dag.py:3823} INFO - Setting next_dagrun for example_xcom to 2021-01-01 00:00:00+00:00, run_after=2021-01-01 00:00:00+00:00
[2026-04-21T03:44:28.305+0000] {processor.py:183} INFO - Processing /home/airflow/.local/lib/python3.8/site-packages/airflow/example_dags/example_xcom.py took 0.087 seconds
[2026-04-21T03:44:58.425+0000] {processor.py:161} INFO - Started process (PID=3726937) to work on /home/airflow/.local/lib/python3.8/site-packages/airflow/example_dags/example_xcom.py
[2026-04-21T03:44:58.427+0000] {processor.py:830} INFO - Processing file /home/airflow/.local/lib/python3.8/site-packages/airflow/example_dags/example_xcom.py for tasks to queue
[2026-04-21T03:44:58.429+0000] {logging_mixin.py:188} INFO - [2026-04-21T03:44:58.429+0000] {dagbag.py:538} INFO - Filling up the DagBag from /home/airflow/.local/lib/python3.8/site-packages/airflow/example_dags/example_xcom.py
[2026-04-21T03:44:58.439+0000] {processor.py:840} INFO - DAG(s) 'example_xcom' retrieved from /home/airflow/.local/lib/python3.8/site-packages/airflow/example_dags/example_xcom.py
[2026-04-21T03:44:58.463+0000] {logging_mixin.py:188} INFO - [2026-04-21T03:44:58.463+0000] {dag.py:3036} INFO - Sync 1 DAGs
[2026-04-21T03:44:58.487+0000] {logging_mixin.py:188} INFO - [2026-04-21T03:44:58.487+0000] {dag.py:3823} INFO - Setting next_dagrun for example_xcom to 2021-01-01 00:00:00+00:00, run_after=2021-01-01 00:00:00+00:00
[2026-04-21T03:44:58.506+0000] {processor.py:183} INFO - Processing /home/airflow/.local/lib/python3.8/site-packages/airflow/example_dags/example_xcom.py took 0.085 seconds
[2026-04-21T03:45:29.301+0000] {processor.py:161} INFO - Started process (PID=3726994) to work on /home/airflow/.local/lib/python3.8/site-packages/airflow/example_dags/example_xcom.py
[2026-04-21T03:45:29.316+0000] {processor.py:830} INFO - Processing file /home/airflow/.local/lib/python3.8/site-packages/airflow/example_dags/example_xcom.py for tasks to queue
[2026-04-21T03:45:29.319+0000] {logging_mixin.py:188} INFO - [2026-04-21T03:45:29.318+0000] {dagbag.py:538} INFO - Filling up the DagBag from /home/airflow/.local/lib/python3.8/site-packages/airflow/example_dags/example_xcom.py
[2026-04-21T03:45:29.329+0000] {processor.py:840} INFO - DAG(s) 'example_xcom' retrieved from /home/airflow/.local/lib/python3.8/site-packages/airflow/example_dags/example_xcom.py
[2026-04-21T03:45:29.355+0000] {logging_mixin.py:188} INFO - [2026-04-21T03:45:29.355+0000] {dag.py:3036} INFO - Sync 1 DAGs
[2026-04-21T03:45:29.378+0000] {logging_mixin.py:188} INFO - [2026-04-21T03:45:29.378+0000] {dag.py:3823} INFO - Setting next_dagrun for example_xcom to 2021-01-01 00:00:00+00:00, run_after=2021-01-01 00:00:00+00:00
[2026-04-21T03:45:29.398+0000] {processor.py:183} INFO - Processing /home/airflow/.local/lib/python3.8/site-packages/airflow/example_dags/example_xcom.py took 0.102 seconds
[2026-04-21T03:45:59.551+0000] {processor.py:161} INFO - Started process (PID=3727051) to work on /home/airflow/.local/lib/python3.8/site-packages/airflow/example_dags/example_xcom.py
[2026-04-21T03:45:59.552+0000] {processor.py:830} INFO - Processing file /home/airflow/.local/lib/python3.8/site-packages/airflow/example_dags/example_xcom.py for tasks to queue
[2026-04-21T03:45:59.555+0000] {logging_mixin.py:188} INFO - [2026-04-21T03:45:59.554+0000] {dagbag.py:538} INFO - Filling up the DagBag from /home/airflow/.local/lib/python3.8/site-packages/airflow/example_dags/example_xcom.py
[2026-04-21T03:45:59.564+0000] {processor.py:840} INFO - DAG(s) 'example_xcom' retrieved from /home/airflow/.local/lib/python3.8/site-packages/airflow/example_dags/example_xcom.py
[2026-04-21T03:45:59.590+0000] {logging_mixin.py:188} INFO - [2026-04-21T03:45:59.589+0000] {dag.py:3036} INFO - Sync 1 DAGs
[2026-04-21T03:45:59.614+0000] {logging_mixin.py:188} INFO - [2026-04-21T03:45:59.614+0000] {dag.py:3823} INFO - Setting next_dagrun for example_xcom to 2021-01-01 00:00:00+00:00, run_after=2021-01-01 00:00:00+00:00
[2026-04-21T03:45:59.634+0000] {processor.py:183} INFO - Processing /home/airflow/.local/lib/python3.8/site-packages/airflow/example_dags/example_xcom.py took 0.087 seconds
[2026-04-21T03:46:29.797+0000] {processor.py:161} INFO - Started process (PID=3727108) to work on /home/airflow/.local/lib/python3.8/site-packages/airflow/example_dags/example_xcom.py
[2026-04-21T03:46:29.799+0000] {processor.py:830} INFO - Processing file /home/airflow/.local/lib/python3.8/site-packages/airflow/example_dags/example_xcom.py for tasks to queue
[2026-04-21T03:46:29.801+0000] {logging_mixin.py:188} INFO - [2026-04-21T03:46:29.801+0000] {dagbag.py:538} INFO - Filling up the DagBag from /home/airflow/.local/lib/python3.8/site-packages/airflow/example_dags/example_xcom.py
[2026-04-21T03:46:29.811+0000] {processor.py:840} INFO - DAG(s) 'example_xcom' retrieved from /home/airflow/.local/lib/python3.8/site-packages/airflow/example_dags/example_xcom.py
[2026-04-21T03:46:29.837+0000] {logging_mixin.py:188} INFO - [2026-04-21T03:46:29.837+0000] {dag.py:3036} INFO - Sync 1 DAGs
[2026-04-21T03:46:29.861+0000] {logging_mixin.py:188} INFO - [2026-04-21T03:46:29.861+0000] {dag.py:3823} INFO - Setting next_dagrun for example_xcom to 2021-01-01 00:00:00+00:00, run_after=2021-01-01 00:00:00+00:00
[2026-04-21T03:46:29.880+0000] {processor.py:183} INFO - Processing /home/airflow/.local/lib/python3.8/site-packages/airflow/example_dags/example_xcom.py took 0.087 seconds
[2026-04-21T03:46:59.948+0000] {processor.py:161} INFO - Started process (PID=3727163) to work on /home/airflow/.local/lib/python3.8/site-packages/airflow/example_dags/example_xcom.py
[2026-04-21T03:46:59.950+0000] {processor.py:830} INFO - Processing file /home/airflow/.local/lib/python3.8/site-packages/airflow/example_dags/example_xcom.py for tasks to queue
[2026-04-21T03:46:59.952+0000] {logging_mixin.py:188} INFO - [2026-04-21T03:46:59.951+0000] {dagbag.py:538} INFO - Filling up the DagBag from /home/airflow/.local/lib/python3.8/site-packages/airflow/example_dags/example_xcom.py
[2026-04-21T03:46:59.962+0000] {processor.py:840} INFO - DAG(s) 'example_xcom' retrieved from /home/airflow/.local/lib/python3.8/site-packages/airflow/example_dags/example_xcom.py
[2026-04-21T03:46:59.986+0000] {logging_mixin.py:188} INFO - [2026-04-21T03:46:59.986+0000] {dag.py:3036} INFO - Sync 1 DAGs
[2026-04-21T03:47:00.011+0000] {logging_mixin.py:188} INFO - [2026-04-21T03:47:00.010+0000] {dag.py:3823} INFO - Setting next_dagrun for example_xcom to 2021-01-01 00:00:00+00:00, run_after=2021-01-01 00:00:00+00:00
[2026-04-21T03:47:00.029+0000] {processor.py:183} INFO - Processing /home/airflow/.local/lib/python3.8/site-packages/airflow/example_dags/example_xcom.py took 0.086 seconds
[2026-04-21T03:47:30.310+0000] {processor.py:161} INFO - Started process (PID=3727220) to work on /home/airflow/.local/lib/python3.8/site-packages/airflow/example_dags/example_xcom.py
[2026-04-21T03:47:30.312+0000] {processor.py:830} INFO - Processing file /home/airflow/.local/lib/python3.8/site-packages/airflow/example_dags/example_xcom.py for tasks to queue
[2026-04-21T03:47:30.315+0000] {logging_mixin.py:188} INFO - [2026-04-21T03:47:30.314+0000] {dagbag.py:538} INFO - Filling up the DagBag from /home/airflow/.local/lib/python3.8/site-packages/airflow/example_dags/example_xcom.py
[2026-04-21T03:47:30.324+0000] {processor.py:840} INFO - DAG(s) 'example_xcom' retrieved from /home/airflow/.local/lib/python3.8/site-packages/airflow/example_dags/example_xcom.py
[2026-04-21T03:47:30.350+0000] {logging_mixin.py:188} INFO - [2026-04-21T03:47:30.350+0000] {dag.py:3036} INFO - Sync 1 DAGs
[2026-04-21T03:47:30.374+0000] {logging_mixin.py:188} INFO - [2026-04-21T03:47:30.374+0000] {dag.py:3823} INFO - Setting next_dagrun for example_xcom to 2021-01-01 00:00:00+00:00, run_after=2021-01-01 00:00:00+00:00
[2026-04-21T03:47:30.396+0000] {processor.py:183} INFO - Processing /home/airflow/.local/lib/python3.8/site-packages/airflow/example_dags/example_xcom.py took 0.091 seconds
[2026-04-21T03:48:00.498+0000] {processor.py:161} INFO - Started process (PID=3727277) to work on /home/airflow/.local/lib/python3.8/site-packages/airflow/example_dags/example_xcom.py
[2026-04-21T03:48:00.500+0000] {processor.py:830} INFO - Processing file /home/airflow/.local/lib/python3.8/site-packages/airflow/example_dags/example_xcom.py for tasks to queue
[2026-04-21T03:48:00.503+0000] {logging_mixin.py:188} INFO - [2026-04-21T03:48:00.502+0000] {dagbag.py:538} INFO - Filling up the DagBag from /home/airflow/.local/lib/python3.8/site-packages/airflow/example_dags/example_xcom.py
[2026-04-21T03:48:00.513+0000] {processor.py:840} INFO - DAG(s) 'example_xcom' retrieved from /home/airflow/.local/lib/python3.8/site-packages/airflow/example_dags/example_xcom.py
[2026-04-21T03:48:00.538+0000] {logging_mixin.py:188} INFO - [2026-04-21T03:48:00.538+0000] {dag.py:3036} INFO - Sync 1 DAGs
[2026-04-21T03:48:00.563+0000] {logging_mixin.py:188} INFO - [2026-04-21T03:48:00.562+0000] {dag.py:3823} INFO - Setting next_dagrun for example_xcom to 2021-01-01 00:00:00+00:00, run_after=2021-01-01 00:00:00+00:00
[2026-04-21T03:48:00.581+0000] {processor.py:183} INFO - Processing /home/airflow/.local/lib/python3.8/site-packages/airflow/example_dags/example_xcom.py took 0.088 seconds
[2026-04-21T03:48:30.656+0000] {processor.py:161} INFO - Started process (PID=3727334) to work on /home/airflow/.local/lib/python3.8/site-packages/airflow/example_dags/example_xcom.py
[2026-04-21T03:48:30.658+0000] {processor.py:830} INFO - Processing file /home/airflow/.local/lib/python3.8/site-packages/airflow/example_dags/example_xcom.py for tasks to queue
[2026-04-21T03:48:30.661+0000] {logging_mixin.py:188} INFO - [2026-04-21T03:48:30.660+0000] {dagbag.py:538} INFO - Filling up the DagBag from /home/airflow/.local/lib/python3.8/site-packages/airflow/example_dags/example_xcom.py
[2026-04-21T03:48:30.671+0000] {processor.py:840} INFO - DAG(s) 'example_xcom' retrieved from /home/airflow/.local/lib/python3.8/site-packages/airflow/example_dags/example_xcom.py
[2026-04-21T03:48:30.695+0000] {logging_mixin.py:188} INFO - [2026-04-21T03:48:30.695+0000] {dag.py:3036} INFO - Sync 1 DAGs
[2026-04-21T03:48:30.718+0000] {logging_mixin.py:188} INFO - [2026-04-21T03:48:30.718+0000] {dag.py:3823} INFO - Setting next_dagrun for example_xcom to 2021-01-01 00:00:00+00:00, run_after=2021-01-01 00:00:00+00:00
[2026-04-21T03:48:30.737+0000] {processor.py:183} INFO - Processing /home/airflow/.local/lib/python3.8/site-packages/airflow/example_dags/example_xcom.py took 0.086 seconds
[2026-04-21T03:49:00.948+0000] {processor.py:161} INFO - Started process (PID=3727391) to work on /home/airflow/.local/lib/python3.8/site-packages/airflow/example_dags/example_xcom.py
[2026-04-21T03:49:00.950+0000] {processor.py:830} INFO - Processing file /home/airflow/.local/lib/python3.8/site-packages/airflow/example_dags/example_xcom.py for tasks to queue
[2026-04-21T03:49:00.952+0000] {logging_mixin.py:188} INFO - [2026-04-21T03:49:00.952+0000] {dagbag.py:538} INFO - Filling up the DagBag from /home/airflow/.local/lib/python3.8/site-packages/airflow/example_dags/example_xcom.py
[2026-04-21T03:49:00.962+0000] {processor.py:840} INFO - DAG(s) 'example_xcom' retrieved from /home/airflow/.local/lib/python3.8/site-packages/airflow/example_dags/example_xcom.py
[2026-04-21T03:49:00.987+0000] {logging_mixin.py:188} INFO - [2026-04-21T03:49:00.987+0000] {dag.py:3036} INFO - Sync 1 DAGs
[2026-04-21T03:49:01.010+0000] {logging_mixin.py:188} INFO - [2026-04-21T03:49:01.010+0000] {dag.py:3823} INFO - Setting next_dagrun for example_xcom to 2021-01-01 00:00:00+00:00, run_after=2021-01-01 00:00:00+00:00
[2026-04-21T03:49:01.028+0000] {processor.py:183} INFO - Processing /home/airflow/.local/lib/python3.8/site-packages/airflow/example_dags/example_xcom.py took 0.085 seconds
[2026-04-21T03:49:31.083+0000] {processor.py:161} INFO - Started process (PID=3727448) to work on /home/airflow/.local/lib/python3.8/site-packages/airflow/example_dags/example_xcom.py
[2026-04-21T03:49:31.085+0000] {processor.py:830} INFO - Processing file /home/airflow/.local/lib/python3.8/site-packages/airflow/example_dags/example_xcom.py for tasks to queue
[2026-04-21T03:49:31.087+0000] {logging_mixin.py:188} INFO - [2026-04-21T03:49:31.087+0000] {dagbag.py:538} INFO - Filling up the DagBag from /home/airflow/.local/lib/python3.8/site-packages/airflow/example_dags/example_xcom.py
[2026-04-21T03:49:31.097+0000] {processor.py:840} INFO - DAG(s) 'example_xcom' retrieved from /home/airflow/.local/lib/python3.8/site-packages/airflow/example_dags/example_xcom.py
[2026-04-21T03:49:31.122+0000] {logging_mixin.py:188} INFO - [2026-04-21T03:49:31.122+0000] {dag.py:3036} INFO - Sync 1 DAGs
[2026-04-21T03:49:31.146+0000] {logging_mixin.py:188} INFO - [2026-04-21T03:49:31.146+0000] {dag.py:3823} INFO - Setting next_dagrun for example_xcom to 2021-01-01 00:00:00+00:00, run_after=2021-01-01 00:00:00+00:00
[2026-04-21T03:49:31.165+0000] {processor.py:183} INFO - Processing /home/airflow/.local/lib/python3.8/site-packages/airflow/example_dags/example_xcom.py took 0.086 seconds
[2026-04-21T03:50:01.217+0000] {processor.py:161} INFO - Started process (PID=3727505) to work on /home/airflow/.local/lib/python3.8/site-packages/airflow/example_dags/example_xcom.py
[2026-04-21T03:50:01.219+0000] {processor.py:830} INFO - Processing file /home/airflow/.local/lib/python3.8/site-packages/airflow/example_dags/example_xcom.py for tasks to queue
[2026-04-21T03:50:01.221+0000] {logging_mixin.py:188} INFO - [2026-04-21T03:50:01.221+0000] {dagbag.py:538} INFO - Filling up the DagBag from /home/airflow/.local/lib/python3.8/site-packages/airflow/example_dags/example_xcom.py
[2026-04-21T03:50:01.231+0000] {processor.py:840} INFO - DAG(s) 'example_xcom' retrieved from /home/airflow/.local/lib/python3.8/site-packages/airflow/example_dags/example_xcom.py
[2026-04-21T03:50:01.256+0000] {logging_mixin.py:188} INFO - [2026-04-21T03:50:01.256+0000] {dag.py:3036} INFO - Sync 1 DAGs
[2026-04-21T03:50:01.279+0000] {logging_mixin.py:188} INFO - [2026-04-21T03:50:01.279+0000] {dag.py:3823} INFO - Setting next_dagrun for example_xcom to 2021-01-01 00:00:00+00:00, run_after=2021-01-01 00:00:00+00:00
[2026-04-21T03:50:01.297+0000] {processor.py:183} INFO - Processing /home/airflow/.local/lib/python3.8/site-packages/airflow/example_dags/example_xcom.py took 0.085 seconds
[2026-04-21T03:50:31.413+0000] {processor.py:161} INFO - Started process (PID=3727562) to work on /home/airflow/.local/lib/python3.8/site-packages/airflow/example_dags/example_xcom.py
[2026-04-21T03:50:31.415+0000] {processor.py:830} INFO - Processing file /home/airflow/.local/lib/python3.8/site-packages/airflow/example_dags/example_xcom.py for tasks to queue
[2026-04-21T03:50:31.417+0000] {logging_mixin.py:188} INFO - [2026-04-21T03:50:31.417+0000] {dagbag.py:538} INFO - Filling up the DagBag from /home/airflow/.local/lib/python3.8/site-packages/airflow/example_dags/example_xcom.py
[2026-04-21T03:50:31.427+0000] {processor.py:840} INFO - DAG(s) 'example_xcom' retrieved from /home/airflow/.local/lib/python3.8/site-packages/airflow/example_dags/example_xcom.py
[2026-04-21T03:50:31.454+0000] {logging_mixin.py:188} INFO - [2026-04-21T03:50:31.454+0000] {dag.py:3036} INFO - Sync 1 DAGs
[2026-04-21T03:50:31.478+0000] {logging_mixin.py:188} INFO - [2026-04-21T03:50:31.478+0000] {dag.py:3823} INFO - Setting next_dagrun for example_xcom to 2021-01-01 00:00:00+00:00, run_after=2021-01-01 00:00:00+00:00
[2026-04-21T03:50:31.497+0000] {processor.py:183} INFO - Processing /home/airflow/.local/lib/python3.8/site-packages/airflow/example_dags/example_xcom.py took 0.088 seconds
[2026-04-21T03:51:01.620+0000] {processor.py:161} INFO - Started process (PID=3727619) to work on /home/airflow/.local/lib/python3.8/site-packages/airflow/example_dags/example_xcom.py
[2026-04-21T03:51:01.621+0000] {processor.py:830} INFO - Processing file /home/airflow/.local/lib/python3.8/site-packages/airflow/example_dags/example_xcom.py for tasks to queue
[2026-04-21T03:51:01.624+0000] {logging_mixin.py:188} INFO - [2026-04-21T03:51:01.623+0000] {dagbag.py:538} INFO - Filling up the DagBag from /home/airflow/.local/lib/python3.8/site-packages/airflow/example_dags/example_xcom.py
[2026-04-21T03:51:01.633+0000] {processor.py:840} INFO - DAG(s) 'example_xcom' retrieved from /home/airflow/.local/lib/python3.8/site-packages/airflow/example_dags/example_xcom.py
[2026-04-21T03:51:01.657+0000] {logging_mixin.py:188} INFO - [2026-04-21T03:51:01.656+0000] {dag.py:3036} INFO - Sync 1 DAGs
[2026-04-21T03:51:01.680+0000] {logging_mixin.py:188} INFO - [2026-04-21T03:51:01.680+0000] {dag.py:3823} INFO - Setting next_dagrun for example_xcom to 2021-01-01 00:00:00+00:00, run_after=2021-01-01 00:00:00+00:00
[2026-04-21T03:51:01.698+0000] {processor.py:183} INFO - Processing /home/airflow/.local/lib/python3.8/site-packages/airflow/example_dags/example_xcom.py took 0.083 seconds
[2026-04-21T03:51:31.797+0000] {processor.py:161} INFO - Started process (PID=3727676) to work on /home/airflow/.local/lib/python3.8/site-packages/airflow/example_dags/example_xcom.py
[2026-04-21T03:51:31.800+0000] {processor.py:830} INFO - Processing file /home/airflow/.local/lib/python3.8/site-packages/airflow/example_dags/example_xcom.py for tasks to queue
[2026-04-21T03:51:31.802+0000] {logging_mixin.py:188} INFO - [2026-04-21T03:51:31.802+0000] {dagbag.py:538} INFO - Filling up the DagBag from /home/airflow/.local/lib/python3.8/site-packages/airflow/example_dags/example_xcom.py
[2026-04-21T03:51:31.812+0000] {processor.py:840} INFO - DAG(s) 'example_xcom' retrieved from /home/airflow/.local/lib/python3.8/site-packages/airflow/example_dags/example_xcom.py
[2026-04-21T03:51:31.836+0000] {logging_mixin.py:188} INFO - [2026-04-21T03:51:31.836+0000] {dag.py:3036} INFO - Sync 1 DAGs
[2026-04-21T03:51:31.860+0000] {logging_mixin.py:188} INFO - [2026-04-21T03:51:31.859+0000] {dag.py:3823} INFO - Setting next_dagrun for example_xcom to 2021-01-01 00:00:00+00:00, run_after=2021-01-01 00:00:00+00:00
[2026-04-21T03:51:31.879+0000] {processor.py:183} INFO - Processing /home/airflow/.local/lib/python3.8/site-packages/airflow/example_dags/example_xcom.py took 0.087 seconds
[2026-04-21T03:52:02.179+0000] {processor.py:161} INFO - Started process (PID=3727733) to work on /home/airflow/.local/lib/python3.8/site-packages/airflow/example_dags/example_xcom.py
[2026-04-21T03:52:02.181+0000] {processor.py:830} INFO - Processing file /home/airflow/.local/lib/python3.8/site-packages/airflow/example_dags/example_xcom.py for tasks to queue
[2026-04-21T03:52:02.184+0000] {logging_mixin.py:188} INFO - [2026-04-21T03:52:02.183+0000] {dagbag.py:538} INFO - Filling up the DagBag from /home/airflow/.local/lib/python3.8/site-packages/airflow/example_dags/example_xcom.py
[2026-04-21T03:52:02.194+0000] {processor.py:840} INFO - DAG(s) 'example_xcom' retrieved from /home/airflow/.local/lib/python3.8/site-packages/airflow/example_dags/example_xcom.py
[2026-04-21T03:52:02.221+0000] {logging_mixin.py:188} INFO - [2026-04-21T03:52:02.221+0000] {dag.py:3036} INFO - Sync 1 DAGs
[2026-04-21T03:52:02.246+0000] {logging_mixin.py:188} INFO - [2026-04-21T03:52:02.246+0000] {dag.py:3823} INFO - Setting next_dagrun for example_xcom to 2021-01-01 00:00:00+00:00, run_after=2021-01-01 00:00:00+00:00
[2026-04-21T03:52:02.266+0000] {processor.py:183} INFO - Processing /home/airflow/.local/lib/python3.8/site-packages/airflow/example_dags/example_xcom.py took 0.092 seconds
[2026-04-21T03:52:32.537+0000] {processor.py:161} INFO - Started process (PID=3727790) to work on /home/airflow/.local/lib/python3.8/site-packages/airflow/example_dags/example_xcom.py
[2026-04-21T03:52:32.539+0000] {processor.py:830} INFO - Processing file /home/airflow/.local/lib/python3.8/site-packages/airflow/example_dags/example_xcom.py for tasks to queue
[2026-04-21T03:52:32.541+0000] {logging_mixin.py:188} INFO - [2026-04-21T03:52:32.541+0000] {dagbag.py:538} INFO - Filling up the DagBag from /home/airflow/.local/lib/python3.8/site-packages/airflow/example_dags/example_xcom.py
[2026-04-21T03:52:32.551+0000] {processor.py:840} INFO - DAG(s) 'example_xcom' retrieved from /home/airflow/.local/lib/python3.8/site-packages/airflow/example_dags/example_xcom.py
[2026-04-21T03:52:32.575+0000] {logging_mixin.py:188} INFO - [2026-04-21T03:52:32.574+0000] {dag.py:3036} INFO - Sync 1 DAGs
[2026-04-21T03:52:32.599+0000] {logging_mixin.py:188} INFO - [2026-04-21T03:52:32.599+0000] {dag.py:3823} INFO - Setting next_dagrun for example_xcom to 2021-01-01 00:00:00+00:00, run_after=2021-01-01 00:00:00+00:00
[2026-04-21T03:52:32.618+0000] {processor.py:183} INFO - Processing /home/airflow/.local/lib/python3.8/site-packages/airflow/example_dags/example_xcom.py took 0.085 seconds
[2026-04-21T03:53:02.940+0000] {processor.py:161} INFO - Started process (PID=3727847) to work on /home/airflow/.local/lib/python3.8/site-packages/airflow/example_dags/example_xcom.py
[2026-04-21T03:53:02.942+0000] {processor.py:830} INFO - Processing file /home/airflow/.local/lib/python3.8/site-packages/airflow/example_dags/example_xcom.py for tasks to queue
[2026-04-21T03:53:02.944+0000] {logging_mixin.py:188} INFO - [2026-04-21T03:53:02.944+0000] {dagbag.py:538} INFO - Filling up the DagBag from /home/airflow/.local/lib/python3.8/site-packages/airflow/example_dags/example_xcom.py
[2026-04-21T03:53:02.954+0000] {processor.py:840} INFO - DAG(s) 'example_xcom' retrieved from /home/airflow/.local/lib/python3.8/site-packages/airflow/example_dags/example_xcom.py
[2026-04-21T03:53:02.979+0000] {logging_mixin.py:188} INFO - [2026-04-21T03:53:02.979+0000] {dag.py:3036} INFO - Sync 1 DAGs
[2026-04-21T03:53:03.004+0000] {logging_mixin.py:188} INFO - [2026-04-21T03:53:03.003+0000] {dag.py:3823} INFO - Setting next_dagrun for example_xcom to 2021-01-01 00:00:00+00:00, run_after=2021-01-01 00:00:00+00:00
[2026-04-21T03:53:03.023+0000] {processor.py:183} INFO - Processing /home/airflow/.local/lib/python3.8/site-packages/airflow/example_dags/example_xcom.py took 0.088 seconds
[2026-04-21T03:53:33.083+0000] {processor.py:161} INFO - Started process (PID=3727904) to work on /home/airflow/.local/lib/python3.8/site-packages/airflow/example_dags/example_xcom.py
[2026-04-21T03:53:33.085+0000] {processor.py:830} INFO - Processing file /home/airflow/.local/lib/python3.8/site-packages/airflow/example_dags/example_xcom.py for tasks to queue
[2026-04-21T03:53:33.087+0000] {logging_mixin.py:188} INFO - [2026-04-21T03:53:33.087+0000] {dagbag.py:538} INFO - Filling up the DagBag from /home/airflow/.local/lib/python3.8/site-packages/airflow/example_dags/example_xcom.py
[2026-04-21T03:53:33.098+0000] {processor.py:840} INFO - DAG(s) 'example_xcom' retrieved from /home/airflow/.local/lib/python3.8/site-packages/airflow/example_dags/example_xcom.py
[2026-04-21T03:53:33.123+0000] {logging_mixin.py:188} INFO - [2026-04-21T03:53:33.122+0000] {dag.py:3036} INFO - Sync 1 DAGs
[2026-04-21T03:53:33.146+0000] {logging_mixin.py:188} INFO - [2026-04-21T03:53:33.146+0000] {dag.py:3823} INFO - Setting next_dagrun for example_xcom to 2021-01-01 00:00:00+00:00, run_after=2021-01-01 00:00:00+00:00
[2026-04-21T03:53:33.164+0000] {processor.py:183} INFO - Processing /home/airflow/.local/lib/python3.8/site-packages/airflow/example_dags/example_xcom.py took 0.086 seconds
[2026-04-21T03:54:03.272+0000] {processor.py:161} INFO - Started process (PID=3727961) to work on /home/airflow/.local/lib/python3.8/site-packages/airflow/example_dags/example_xcom.py
[2026-04-21T03:54:03.274+0000] {processor.py:830} INFO - Processing file /home/airflow/.local/lib/python3.8/site-packages/airflow/example_dags/example_xcom.py for tasks to queue
[2026-04-21T03:54:03.276+0000] {logging_mixin.py:188} INFO - [2026-04-21T03:54:03.276+0000] {dagbag.py:538} INFO - Filling up the DagBag from /home/airflow/.local/lib/python3.8/site-packages/airflow/example_dags/example_xcom.py
[2026-04-21T03:54:03.286+0000] {processor.py:840} INFO - DAG(s) 'example_xcom' retrieved from /home/airflow/.local/lib/python3.8/site-packages/airflow/example_dags/example_xcom.py
[2026-04-21T03:54:03.309+0000] {logging_mixin.py:188} INFO - [2026-04-21T03:54:03.309+0000] {dag.py:3036} INFO - Sync 1 DAGs
[2026-04-21T03:54:03.333+0000] {logging_mixin.py:188} INFO - [2026-04-21T03:54:03.333+0000] {dag.py:3823} INFO - Setting next_dagrun for example_xcom to 2021-01-01 00:00:00+00:00, run_after=2021-01-01 00:00:00+00:00
[2026-04-21T03:54:03.352+0000] {processor.py:183} INFO - Processing /home/airflow/.local/lib/python3.8/site-packages/airflow/example_dags/example_xcom.py took 0.084 seconds
[2026-04-21T03:54:33.640+0000] {processor.py:161} INFO - Started process (PID=3728018) to work on /home/airflow/.local/lib/python3.8/site-packages/airflow/example_dags/example_xcom.py
[2026-04-21T03:54:33.641+0000] {processor.py:830} INFO - Processing file /home/airflow/.local/lib/python3.8/site-packages/airflow/example_dags/example_xcom.py for tasks to queue
[2026-04-21T03:54:33.644+0000] {logging_mixin.py:188} INFO - [2026-04-21T03:54:33.643+0000] {dagbag.py:538} INFO - Filling up the DagBag from /home/airflow/.local/lib/python3.8/site-packages/airflow/example_dags/example_xcom.py
[2026-04-21T03:54:33.653+0000] {processor.py:840} INFO - DAG(s) 'example_xcom' retrieved from /home/airflow/.local/lib/python3.8/site-packages/airflow/example_dags/example_xcom.py
[2026-04-21T03:54:33.678+0000] {logging_mixin.py:188} INFO - [2026-04-21T03:54:33.677+0000] {dag.py:3036} INFO - Sync 1 DAGs
[2026-04-21T03:54:33.702+0000] {logging_mixin.py:188} INFO - [2026-04-21T03:54:33.701+0000] {dag.py:3823} INFO - Setting next_dagrun for example_xcom to 2021-01-01 00:00:00+00:00, run_after=2021-01-01 00:00:00+00:00
[2026-04-21T03:54:33.720+0000] {processor.py:183} INFO - Processing /home/airflow/.local/lib/python3.8/site-packages/airflow/example_dags/example_xcom.py took 0.085 seconds
[2026-04-21T03:55:03.831+0000] {processor.py:161} INFO - Started process (PID=3728075) to work on /home/airflow/.local/lib/python3.8/site-packages/airflow/example_dags/example_xcom.py
[2026-04-21T03:55:03.834+0000] {processor.py:830} INFO - Processing file /home/airflow/.local/lib/python3.8/site-packages/airflow/example_dags/example_xcom.py for tasks to queue
[2026-04-21T03:55:03.836+0000] {logging_mixin.py:188} INFO - [2026-04-21T03:55:03.836+0000] {dagbag.py:538} INFO - Filling up the DagBag from /home/airflow/.local/lib/python3.8/site-packages/airflow/example_dags/example_xcom.py
[2026-04-21T03:55:03.847+0000] {processor.py:840} INFO - DAG(s) 'example_xcom' retrieved from /home/airflow/.local/lib/python3.8/site-packages/airflow/example_dags/example_xcom.py
[2026-04-21T03:55:03.879+0000] {logging_mixin.py:188} INFO - [2026-04-21T03:55:03.878+0000] {dag.py:3036} INFO - Sync 1 DAGs
[2026-04-21T03:55:03.912+0000] {logging_mixin.py:188} INFO - [2026-04-21T03:55:03.912+0000] {dag.py:3823} INFO - Setting next_dagrun for example_xcom to 2021-01-01 00:00:00+00:00, run_after=2021-01-01 00:00:00+00:00
[2026-04-21T03:55:03.934+0000] {processor.py:183} INFO - Processing /home/airflow/.local/lib/python3.8/site-packages/airflow/example_dags/example_xcom.py took 0.107 seconds
[2026-04-21T03:55:34.056+0000] {processor.py:161} INFO - Started process (PID=3728132) to work on /home/airflow/.local/lib/python3.8/site-packages/airflow/example_dags/example_xcom.py
[2026-04-21T03:55:34.058+0000] {processor.py:830} INFO - Processing file /home/airflow/.local/lib/python3.8/site-packages/airflow/example_dags/example_xcom.py for tasks to queue
[2026-04-21T03:55:34.061+0000] {logging_mixin.py:188} INFO - [2026-04-21T03:55:34.060+0000] {dagbag.py:538} INFO - Filling up the DagBag from /home/airflow/.local/lib/python3.8/site-packages/airflow/example_dags/example_xcom.py
[2026-04-21T03:55:34.071+0000] {processor.py:840} INFO - DAG(s) 'example_xcom' retrieved from /home/airflow/.local/lib/python3.8/site-packages/airflow/example_dags/example_xcom.py
[2026-04-21T03:55:34.097+0000] {logging_mixin.py:188} INFO - [2026-04-21T03:55:34.096+0000] {dag.py:3036} INFO - Sync 1 DAGs
[2026-04-21T03:55:34.121+0000] {logging_mixin.py:188} INFO - [2026-04-21T03:55:34.120+0000] {dag.py:3823} INFO - Setting next_dagrun for example_xcom to 2021-01-01 00:00:00+00:00, run_after=2021-01-01 00:00:00+00:00
[2026-04-21T03:55:34.142+0000] {processor.py:183} INFO - Processing /home/airflow/.local/lib/python3.8/site-packages/airflow/example_dags/example_xcom.py took 0.090 seconds
[2026-04-21T03:56:04.276+0000] {processor.py:161} INFO - Started process (PID=3728189) to work on /home/airflow/.local/lib/python3.8/site-packages/airflow/example_dags/example_xcom.py
[2026-04-21T03:56:04.278+0000] {processor.py:830} INFO - Processing file /home/airflow/.local/lib/python3.8/site-packages/airflow/example_dags/example_xcom.py for tasks to queue
[2026-04-21T03:56:04.280+0000] {logging_mixin.py:188} INFO - [2026-04-21T03:56:04.280+0000] {dagbag.py:538} INFO - Filling up the DagBag from /home/airflow/.local/lib/python3.8/site-packages/airflow/example_dags/example_xcom.py
[2026-04-21T03:56:04.290+0000] {processor.py:840} INFO - DAG(s) 'example_xcom' retrieved from /home/airflow/.local/lib/python3.8/site-packages/airflow/example_dags/example_xcom.py
[2026-04-21T03:56:04.315+0000] {logging_mixin.py:188} INFO - [2026-04-21T03:56:04.315+0000] {dag.py:3036} INFO - Sync 1 DAGs
[2026-04-21T03:56:04.339+0000] {logging_mixin.py:188} INFO - [2026-04-21T03:56:04.339+0000] {dag.py:3823} INFO - Setting next_dagrun for example_xcom to 2021-01-01 00:00:00+00:00, run_after=2021-01-01 00:00:00+00:00
[2026-04-21T03:56:04.358+0000] {processor.py:183} INFO - Processing /home/airflow/.local/lib/python3.8/site-packages/airflow/example_dags/example_xcom.py took 0.087 seconds
[2026-04-21T03:56:34.422+0000] {processor.py:161} INFO - Started process (PID=3728246) to work on /home/airflow/.local/lib/python3.8/site-packages/airflow/example_dags/example_xcom.py
[2026-04-21T03:56:34.423+0000] {processor.py:830} INFO - Processing file /home/airflow/.local/lib/python3.8/site-packages/airflow/example_dags/example_xcom.py for tasks to queue
[2026-04-21T03:56:34.426+0000] {logging_mixin.py:188} INFO - [2026-04-21T03:56:34.425+0000] {dagbag.py:538} INFO - Filling up the DagBag from /home/airflow/.local/lib/python3.8/site-packages/airflow/example_dags/example_xcom.py
[2026-04-21T03:56:34.436+0000] {processor.py:840} INFO - DAG(s) 'example_xcom' retrieved from /home/airflow/.local/lib/python3.8/site-packages/airflow/example_dags/example_xcom.py
[2026-04-21T03:56:34.461+0000] {logging_mixin.py:188} INFO - [2026-04-21T03:56:34.460+0000] {dag.py:3036} INFO - Sync 1 DAGs
[2026-04-21T03:56:34.485+0000] {logging_mixin.py:188} INFO - [2026-04-21T03:56:34.484+0000] {dag.py:3823} INFO - Setting next_dagrun for example_xcom to 2021-01-01 00:00:00+00:00, run_after=2021-01-01 00:00:00+00:00
[2026-04-21T03:56:34.504+0000] {processor.py:183} INFO - Processing /home/airflow/.local/lib/python3.8/site-packages/airflow/example_dags/example_xcom.py took 0.087 seconds
[2026-04-21T03:57:04.603+0000] {processor.py:161} INFO - Started process (PID=3728303) to work on /home/airflow/.local/lib/python3.8/site-packages/airflow/example_dags/example_xcom.py
[2026-04-21T03:57:04.605+0000] {processor.py:830} INFO - Processing file /home/airflow/.local/lib/python3.8/site-packages/airflow/example_dags/example_xcom.py for tasks to queue
[2026-04-21T03:57:04.607+0000] {logging_mixin.py:188} INFO - [2026-04-21T03:57:04.606+0000] {dagbag.py:538} INFO - Filling up the DagBag from /home/airflow/.local/lib/python3.8/site-packages/airflow/example_dags/example_xcom.py
[2026-04-21T03:57:04.616+0000] {processor.py:840} INFO - DAG(s) 'example_xcom' retrieved from /home/airflow/.local/lib/python3.8/site-packages/airflow/example_dags/example_xcom.py
[2026-04-21T03:57:04.640+0000] {logging_mixin.py:188} INFO - [2026-04-21T03:57:04.640+0000] {dag.py:3036} INFO - Sync 1 DAGs
[2026-04-21T03:57:04.664+0000] {logging_mixin.py:188} INFO - [2026-04-21T03:57:04.664+0000] {dag.py:3823} INFO - Setting next_dagrun for example_xcom to 2021-01-01 00:00:00+00:00, run_after=2021-01-01 00:00:00+00:00
[2026-04-21T03:57:04.683+0000] {processor.py:183} INFO - Processing /home/airflow/.local/lib/python3.8/site-packages/airflow/example_dags/example_xcom.py took 0.085 seconds
[2026-04-21T03:57:34.939+0000] {processor.py:161} INFO - Started process (PID=3728361) to work on /home/airflow/.local/lib/python3.8/site-packages/airflow/example_dags/example_xcom.py
[2026-04-21T03:57:34.941+0000] {processor.py:830} INFO - Processing file /home/airflow/.local/lib/python3.8/site-packages/airflow/example_dags/example_xcom.py for tasks to queue
[2026-04-21T03:57:34.943+0000] {logging_mixin.py:188} INFO - [2026-04-21T03:57:34.943+0000] {dagbag.py:538} INFO - Filling up the DagBag from /home/airflow/.local/lib/python3.8/site-packages/airflow/example_dags/example_xcom.py
[2026-04-21T03:57:34.953+0000] {processor.py:840} INFO - DAG(s) 'example_xcom' retrieved from /home/airflow/.local/lib/python3.8/site-packages/airflow/example_dags/example_xcom.py
[2026-04-21T03:57:34.977+0000] {logging_mixin.py:188} INFO - [2026-04-21T03:57:34.977+0000] {dag.py:3036} INFO - Sync 1 DAGs
[2026-04-21T03:57:35.000+0000] {logging_mixin.py:188} INFO - [2026-04-21T03:57:35.000+0000] {dag.py:3823} INFO - Setting next_dagrun for example_xcom to 2021-01-01 00:00:00+00:00, run_after=2021-01-01 00:00:00+00:00
[2026-04-21T03:57:35.019+0000] {processor.py:183} INFO - Processing /home/airflow/.local/lib/python3.8/site-packages/airflow/example_dags/example_xcom.py took 0.085 seconds
[2026-04-21T03:58:05.088+0000] {processor.py:161} INFO - Started process (PID=3728418) to work on /home/airflow/.local/lib/python3.8/site-packages/airflow/example_dags/example_xcom.py
[2026-04-21T03:58:05.089+0000] {processor.py:830} INFO - Processing file /home/airflow/.local/lib/python3.8/site-packages/airflow/example_dags/example_xcom.py for tasks to queue
[2026-04-21T03:58:05.092+0000] {logging_mixin.py:188} INFO - [2026-04-21T03:58:05.091+0000] {dagbag.py:538} INFO - Filling up the DagBag from /home/airflow/.local/lib/python3.8/site-packages/airflow/example_dags/example_xcom.py
[2026-04-21T03:58:05.101+0000] {processor.py:840} INFO - DAG(s) 'example_xcom' retrieved from /home/airflow/.local/lib/python3.8/site-packages/airflow/example_dags/example_xcom.py
[2026-04-21T03:58:05.128+0000] {logging_mixin.py:188} INFO - [2026-04-21T03:58:05.127+0000] {dag.py:3036} INFO - Sync 1 DAGs
[2026-04-21T03:58:05.152+0000] {logging_mixin.py:188} INFO - [2026-04-21T03:58:05.151+0000] {dag.py:3823} INFO - Setting next_dagrun for example_xcom to 2021-01-01 00:00:00+00:00, run_after=2021-01-01 00:00:00+00:00
[2026-04-21T03:58:05.171+0000] {processor.py:183} INFO - Processing /home/airflow/.local/lib/python3.8/site-packages/airflow/example_dags/example_xcom.py took 0.088 seconds
[2026-04-21T03:58:35.394+0000] {processor.py:161} INFO - Started process (PID=3728475) to work on /home/airflow/.local/lib/python3.8/site-packages/airflow/example_dags/example_xcom.py
[2026-04-21T03:58:35.396+0000] {processor.py:830} INFO - Processing file /home/airflow/.local/lib/python3.8/site-packages/airflow/example_dags/example_xcom.py for tasks to queue
[2026-04-21T03:58:35.398+0000] {logging_mixin.py:188} INFO - [2026-04-21T03:58:35.397+0000] {dagbag.py:538} INFO - Filling up the DagBag from /home/airflow/.local/lib/python3.8/site-packages/airflow/example_dags/example_xcom.py
[2026-04-21T03:58:35.408+0000] {processor.py:840} INFO - DAG(s) 'example_xcom' retrieved from /home/airflow/.local/lib/python3.8/site-packages/airflow/example_dags/example_xcom.py
[2026-04-21T03:58:35.432+0000] {logging_mixin.py:188} INFO - [2026-04-21T03:58:35.432+0000] {dag.py:3036} INFO - Sync 1 DAGs
[2026-04-21T03:58:35.456+0000] {logging_mixin.py:188} INFO - [2026-04-21T03:58:35.456+0000] {dag.py:3823} INFO - Setting next_dagrun for example_xcom to 2021-01-01 00:00:00+00:00, run_after=2021-01-01 00:00:00+00:00
[2026-04-21T03:58:35.475+0000] {processor.py:183} INFO - Processing /home/airflow/.local/lib/python3.8/site-packages/airflow/example_dags/example_xcom.py took 0.085 seconds
[2026-04-21T03:59:05.596+0000] {processor.py:161} INFO - Started process (PID=3728532) to work on /home/airflow/.local/lib/python3.8/site-packages/airflow/example_dags/example_xcom.py
[2026-04-21T03:59:05.598+0000] {processor.py:830} INFO - Processing file /home/airflow/.local/lib/python3.8/site-packages/airflow/example_dags/example_xcom.py for tasks to queue
[2026-04-21T03:59:05.601+0000] {logging_mixin.py:188} INFO - [2026-04-21T03:59:05.600+0000] {dagbag.py:538} INFO - Filling up the DagBag from /home/airflow/.local/lib/python3.8/site-packages/airflow/example_dags/example_xcom.py
[2026-04-21T03:59:05.610+0000] {processor.py:840} INFO - DAG(s) 'example_xcom' retrieved from /home/airflow/.local/lib/python3.8/site-packages/airflow/example_dags/example_xcom.py
[2026-04-21T03:59:05.635+0000] {logging_mixin.py:188} INFO - [2026-04-21T03:59:05.635+0000] {dag.py:3036} INFO - Sync 1 DAGs
[2026-04-21T03:59:05.659+0000] {logging_mixin.py:188} INFO - [2026-04-21T03:59:05.658+0000] {dag.py:3823} INFO - Setting next_dagrun for example_xcom to 2021-01-01 00:00:00+00:00, run_after=2021-01-01 00:00:00+00:00
[2026-04-21T03:59:05.677+0000] {processor.py:183} INFO - Processing /home/airflow/.local/lib/python3.8/site-packages/airflow/example_dags/example_xcom.py took 0.086 seconds
[2026-04-21T03:59:35.854+0000] {processor.py:161} INFO - Started process (PID=3728589) to work on /home/airflow/.local/lib/python3.8/site-packages/airflow/example_dags/example_xcom.py
[2026-04-21T03:59:35.856+0000] {processor.py:830} INFO - Processing file /home/airflow/.local/lib/python3.8/site-packages/airflow/example_dags/example_xcom.py for tasks to queue
[2026-04-21T03:59:35.858+0000] {logging_mixin.py:188} INFO - [2026-04-21T03:59:35.857+0000] {dagbag.py:538} INFO - Filling up the DagBag from /home/airflow/.local/lib/python3.8/site-packages/airflow/example_dags/example_xcom.py
[2026-04-21T03:59:35.868+0000] {processor.py:840} INFO - DAG(s) 'example_xcom' retrieved from /home/airflow/.local/lib/python3.8/site-packages/airflow/example_dags/example_xcom.py
[2026-04-21T03:59:35.896+0000] {logging_mixin.py:188} INFO - [2026-04-21T03:59:35.895+0000] {dag.py:3036} INFO - Sync 1 DAGs
[2026-04-21T03:59:35.922+0000] {logging_mixin.py:188} INFO - [2026-04-21T03:59:35.922+0000] {dag.py:3823} INFO - Setting next_dagrun for example_xcom to 2021-01-01 00:00:00+00:00, run_after=2021-01-01 00:00:00+00:00
[2026-04-21T03:59:35.941+0000] {processor.py:183} INFO - Processing /home/airflow/.local/lib/python3.8/site-packages/airflow/example_dags/example_xcom.py took 0.093 seconds
[2026-04-21T04:00:06.004+0000] {processor.py:161} INFO - Started process (PID=3728646) to work on /home/airflow/.local/lib/python3.8/site-packages/airflow/example_dags/example_xcom.py
[2026-04-21T04:00:06.006+0000] {processor.py:830} INFO - Processing file /home/airflow/.local/lib/python3.8/site-packages/airflow/example_dags/example_xcom.py for tasks to queue
[2026-04-21T04:00:06.009+0000] {logging_mixin.py:188} INFO - [2026-04-21T04:00:06.009+0000] {dagbag.py:538} INFO - Filling up the DagBag from /home/airflow/.local/lib/python3.8/site-packages/airflow/example_dags/example_xcom.py
[2026-04-21T04:00:06.019+0000] {processor.py:840} INFO - DAG(s) 'example_xcom' retrieved from /home/airflow/.local/lib/python3.8/site-packages/airflow/example_dags/example_xcom.py
[2026-04-21T04:00:06.048+0000] {logging_mixin.py:188} INFO - [2026-04-21T04:00:06.048+0000] {dag.py:3036} INFO - Sync 1 DAGs
[2026-04-21T04:00:06.075+0000] {logging_mixin.py:188} INFO - [2026-04-21T04:00:06.074+0000] {dag.py:3823} INFO - Setting next_dagrun for example_xcom to 2021-01-01 00:00:00+00:00, run_after=2021-01-01 00:00:00+00:00
[2026-04-21T04:00:06.096+0000] {processor.py:183} INFO - Processing /home/airflow/.local/lib/python3.8/site-packages/airflow/example_dags/example_xcom.py took 0.097 seconds
[2026-04-21T04:00:36.145+0000] {processor.py:161} INFO - Started process (PID=3728702) to work on /home/airflow/.local/lib/python3.8/site-packages/airflow/example_dags/example_xcom.py
[2026-04-21T04:00:36.147+0000] {processor.py:830} INFO - Processing file /home/airflow/.local/lib/python3.8/site-packages/airflow/example_dags/example_xcom.py for tasks to queue
[2026-04-21T04:00:36.149+0000] {logging_mixin.py:188} INFO - [2026-04-21T04:00:36.149+0000] {dagbag.py:538} INFO - Filling up the DagBag from /home/airflow/.local/lib/python3.8/site-packages/airflow/example_dags/example_xcom.py
[2026-04-21T04:00:36.159+0000] {processor.py:840} INFO - DAG(s) 'example_xcom' retrieved from /home/airflow/.local/lib/python3.8/site-packages/airflow/example_dags/example_xcom.py
[2026-04-21T04:00:36.183+0000] {logging_mixin.py:188} INFO - [2026-04-21T04:00:36.183+0000] {dag.py:3036} INFO - Sync 1 DAGs
[2026-04-21T04:00:36.207+0000] {logging_mixin.py:188} INFO - [2026-04-21T04:00:36.206+0000] {dag.py:3823} INFO - Setting next_dagrun for example_xcom to 2021-01-01 00:00:00+00:00, run_after=2021-01-01 00:00:00+00:00
[2026-04-21T04:00:36.225+0000] {processor.py:183} INFO - Processing /home/airflow/.local/lib/python3.8/site-packages/airflow/example_dags/example_xcom.py took 0.085 seconds
[2026-04-21T04:01:06.580+0000] {processor.py:161} INFO - Started process (PID=3728759) to work on /home/airflow/.local/lib/python3.8/site-packages/airflow/example_dags/example_xcom.py
[2026-04-21T04:01:06.582+0000] {processor.py:830} INFO - Processing file /home/airflow/.local/lib/python3.8/site-packages/airflow/example_dags/example_xcom.py for tasks to queue
[2026-04-21T04:01:06.585+0000] {logging_mixin.py:188} INFO - [2026-04-21T04:01:06.584+0000] {dagbag.py:538} INFO - Filling up the DagBag from /home/airflow/.local/lib/python3.8/site-packages/airflow/example_dags/example_xcom.py
[2026-04-21T04:01:06.594+0000] {processor.py:840} INFO - DAG(s) 'example_xcom' retrieved from /home/airflow/.local/lib/python3.8/site-packages/airflow/example_dags/example_xcom.py
[2026-04-21T04:01:06.621+0000] {logging_mixin.py:188} INFO - [2026-04-21T04:01:06.621+0000] {dag.py:3036} INFO - Sync 1 DAGs
[2026-04-21T04:01:06.647+0000] {logging_mixin.py:188} INFO - [2026-04-21T04:01:06.647+0000] {dag.py:3823} INFO - Setting next_dagrun for example_xcom to 2021-01-01 00:00:00+00:00, run_after=2021-01-01 00:00:00+00:00
[2026-04-21T04:01:06.667+0000] {processor.py:183} INFO - Processing /home/airflow/.local/lib/python3.8/site-packages/airflow/example_dags/example_xcom.py took 0.100 seconds
[2026-04-21T04:01:36.879+0000] {processor.py:161} INFO - Started process (PID=3728816) to work on /home/airflow/.local/lib/python3.8/site-packages/airflow/example_dags/example_xcom.py
[2026-04-21T04:01:36.881+0000] {processor.py:830} INFO - Processing file /home/airflow/.local/lib/python3.8/site-packages/airflow/example_dags/example_xcom.py for tasks to queue
[2026-04-21T04:01:36.884+0000] {logging_mixin.py:188} INFO - [2026-04-21T04:01:36.883+0000] {dagbag.py:538} INFO - Filling up the DagBag from /home/airflow/.local/lib/python3.8/site-packages/airflow/example_dags/example_xcom.py
[2026-04-21T04:01:36.894+0000] {processor.py:840} INFO - DAG(s) 'example_xcom' retrieved from /home/airflow/.local/lib/python3.8/site-packages/airflow/example_dags/example_xcom.py
[2026-04-21T04:01:36.920+0000] {logging_mixin.py:188} INFO - [2026-04-21T04:01:36.920+0000] {dag.py:3036} INFO - Sync 1 DAGs
[2026-04-21T04:01:36.944+0000] {logging_mixin.py:188} INFO - [2026-04-21T04:01:36.944+0000] {dag.py:3823} INFO - Setting next_dagrun for example_xcom to 2021-01-01 00:00:00+00:00, run_after=2021-01-01 00:00:00+00:00
[2026-04-21T04:01:36.963+0000] {processor.py:183} INFO - Processing /home/airflow/.local/lib/python3.8/site-packages/airflow/example_dags/example_xcom.py took 0.088 seconds
[2026-04-21T04:02:07.097+0000] {processor.py:161} INFO - Started process (PID=3728873) to work on /home/airflow/.local/lib/python3.8/site-packages/airflow/example_dags/example_xcom.py
[2026-04-21T04:02:07.099+0000] {processor.py:830} INFO - Processing file /home/airflow/.local/lib/python3.8/site-packages/airflow/example_dags/example_xcom.py for tasks to queue
[2026-04-21T04:02:07.101+0000] {logging_mixin.py:188} INFO - [2026-04-21T04:02:07.101+0000] {dagbag.py:538} INFO - Filling up the DagBag from /home/airflow/.local/lib/python3.8/site-packages/airflow/example_dags/example_xcom.py
[2026-04-21T04:02:07.111+0000] {processor.py:840} INFO - DAG(s) 'example_xcom' retrieved from /home/airflow/.local/lib/python3.8/site-packages/airflow/example_dags/example_xcom.py
[2026-04-21T04:02:07.136+0000] {logging_mixin.py:188} INFO - [2026-04-21T04:02:07.136+0000] {dag.py:3036} INFO - Sync 1 DAGs
[2026-04-21T04:02:07.159+0000] {logging_mixin.py:188} INFO - [2026-04-21T04:02:07.159+0000] {dag.py:3823} INFO - Setting next_dagrun for example_xcom to 2021-01-01 00:00:00+00:00, run_after=2021-01-01 00:00:00+00:00
[2026-04-21T04:02:07.178+0000] {processor.py:183} INFO - Processing /home/airflow/.local/lib/python3.8/site-packages/airflow/example_dags/example_xcom.py took 0.086 seconds
[2026-04-21T04:02:37.316+0000] {processor.py:161} INFO - Started process (PID=3728930) to work on /home/airflow/.local/lib/python3.8/site-packages/airflow/example_dags/example_xcom.py
[2026-04-21T04:02:37.318+0000] {processor.py:830} INFO - Processing file /home/airflow/.local/lib/python3.8/site-packages/airflow/example_dags/example_xcom.py for tasks to queue
[2026-04-21T04:02:37.320+0000] {logging_mixin.py:188} INFO - [2026-04-21T04:02:37.319+0000] {dagbag.py:538} INFO - Filling up the DagBag from /home/airflow/.local/lib/python3.8/site-packages/airflow/example_dags/example_xcom.py
[2026-04-21T04:02:37.329+0000] {processor.py:840} INFO - DAG(s) 'example_xcom' retrieved from /home/airflow/.local/lib/python3.8/site-packages/airflow/example_dags/example_xcom.py
[2026-04-21T04:02:37.353+0000] {logging_mixin.py:188} INFO - [2026-04-21T04:02:37.353+0000] {dag.py:3036} INFO - Sync 1 DAGs
[2026-04-21T04:02:37.378+0000] {logging_mixin.py:188} INFO - [2026-04-21T04:02:37.378+0000] {dag.py:3823} INFO - Setting next_dagrun for example_xcom to 2021-01-01 00:00:00+00:00, run_after=2021-01-01 00:00:00+00:00
[2026-04-21T04:02:37.396+0000] {processor.py:183} INFO - Processing /home/airflow/.local/lib/python3.8/site-packages/airflow/example_dags/example_xcom.py took 0.085 seconds
[2026-04-21T04:03:07.748+0000] {processor.py:161} INFO - Started process (PID=3728987) to work on /home/airflow/.local/lib/python3.8/site-packages/airflow/example_dags/example_xcom.py
[2026-04-21T04:03:07.750+0000] {processor.py:830} INFO - Processing file /home/airflow/.local/lib/python3.8/site-packages/airflow/example_dags/example_xcom.py for tasks to queue
[2026-04-21T04:03:07.752+0000] {logging_mixin.py:188} INFO - [2026-04-21T04:03:07.752+0000] {dagbag.py:538} INFO - Filling up the DagBag from /home/airflow/.local/lib/python3.8/site-packages/airflow/example_dags/example_xcom.py
[2026-04-21T04:03:07.763+0000] {processor.py:840} INFO - DAG(s) 'example_xcom' retrieved from /home/airflow/.local/lib/python3.8/site-packages/airflow/example_dags/example_xcom.py
[2026-04-21T04:03:07.787+0000] {logging_mixin.py:188} INFO - [2026-04-21T04:03:07.787+0000] {dag.py:3036} INFO - Sync 1 DAGs
[2026-04-21T04:03:07.811+0000] {logging_mixin.py:188} INFO - [2026-04-21T04:03:07.811+0000] {dag.py:3823} INFO - Setting next_dagrun for example_xcom to 2021-01-01 00:00:00+00:00, run_after=2021-01-01 00:00:00+00:00
[2026-04-21T04:03:07.830+0000] {processor.py:183} INFO - Processing /home/airflow/.local/lib/python3.8/site-packages/airflow/example_dags/example_xcom.py took 0.087 seconds
[2026-04-21T04:03:38.359+0000] {processor.py:161} INFO - Started process (PID=3729044) to work on /home/airflow/.local/lib/python3.8/site-packages/airflow/example_dags/example_xcom.py
[2026-04-21T04:03:38.361+0000] {processor.py:830} INFO - Processing file /home/airflow/.local/lib/python3.8/site-packages/airflow/example_dags/example_xcom.py for tasks to queue
[2026-04-21T04:03:38.363+0000] {logging_mixin.py:188} INFO - [2026-04-21T04:03:38.363+0000] {dagbag.py:538} INFO - Filling up the DagBag from /home/airflow/.local/lib/python3.8/site-packages/airflow/example_dags/example_xcom.py
[2026-04-21T04:03:38.373+0000] {processor.py:840} INFO - DAG(s) 'example_xcom' retrieved from /home/airflow/.local/lib/python3.8/site-packages/airflow/example_dags/example_xcom.py
[2026-04-21T04:03:38.397+0000] {logging_mixin.py:188} INFO - [2026-04-21T04:03:38.397+0000] {dag.py:3036} INFO - Sync 1 DAGs
[2026-04-21T04:03:38.421+0000] {logging_mixin.py:188} INFO - [2026-04-21T04:03:38.421+0000] {dag.py:3823} INFO - Setting next_dagrun for example_xcom to 2021-01-01 00:00:00+00:00, run_after=2021-01-01 00:00:00+00:00
[2026-04-21T04:03:38.441+0000] {processor.py:183} INFO - Processing /home/airflow/.local/lib/python3.8/site-packages/airflow/example_dags/example_xcom.py took 0.086 seconds
[2026-04-21T04:04:08.668+0000] {processor.py:161} INFO - Started process (PID=3729101) to work on /home/airflow/.local/lib/python3.8/site-packages/airflow/example_dags/example_xcom.py
[2026-04-21T04:04:08.670+0000] {processor.py:830} INFO - Processing file /home/airflow/.local/lib/python3.8/site-packages/airflow/example_dags/example_xcom.py for tasks to queue
[2026-04-21T04:04:08.672+0000] {logging_mixin.py:188} INFO - [2026-04-21T04:04:08.672+0000] {dagbag.py:538} INFO - Filling up the DagBag from /home/airflow/.local/lib/python3.8/site-packages/airflow/example_dags/example_xcom.py
[2026-04-21T04:04:08.682+0000] {processor.py:840} INFO - DAG(s) 'example_xcom' retrieved from /home/airflow/.local/lib/python3.8/site-packages/airflow/example_dags/example_xcom.py
[2026-04-21T04:04:08.707+0000] {logging_mixin.py:188} INFO - [2026-04-21T04:04:08.707+0000] {dag.py:3036} INFO - Sync 1 DAGs
[2026-04-21T04:04:08.730+0000] {logging_mixin.py:188} INFO - [2026-04-21T04:04:08.730+0000] {dag.py:3823} INFO - Setting next_dagrun for example_xcom to 2021-01-01 00:00:00+00:00, run_after=2021-01-01 00:00:00+00:00
[2026-04-21T04:04:08.749+0000] {processor.py:183} INFO - Processing /home/airflow/.local/lib/python3.8/site-packages/airflow/example_dags/example_xcom.py took 0.085 seconds
[2026-04-21T04:04:38.959+0000] {processor.py:161} INFO - Started process (PID=3729158) to work on /home/airflow/.local/lib/python3.8/site-packages/airflow/example_dags/example_xcom.py
[2026-04-21T04:04:38.961+0000] {processor.py:830} INFO - Processing file /home/airflow/.local/lib/python3.8/site-packages/airflow/example_dags/example_xcom.py for tasks to queue
[2026-04-21T04:04:38.964+0000] {logging_mixin.py:188} INFO - [2026-04-21T04:04:38.963+0000] {dagbag.py:538} INFO - Filling up the DagBag from /home/airflow/.local/lib/python3.8/site-packages/airflow/example_dags/example_xcom.py
[2026-04-21T04:04:38.974+0000] {processor.py:840} INFO - DAG(s) 'example_xcom' retrieved from /home/airflow/.local/lib/python3.8/site-packages/airflow/example_dags/example_xcom.py
[2026-04-21T04:04:38.999+0000] {logging_mixin.py:188} INFO - [2026-04-21T04:04:38.999+0000] {dag.py:3036} INFO - Sync 1 DAGs
[2026-04-21T04:04:39.023+0000] {logging_mixin.py:188} INFO - [2026-04-21T04:04:39.023+0000] {dag.py:3823} INFO - Setting next_dagrun for example_xcom to 2021-01-01 00:00:00+00:00, run_after=2021-01-01 00:00:00+00:00
[2026-04-21T04:04:39.042+0000] {processor.py:183} INFO - Processing /home/airflow/.local/lib/python3.8/site-packages/airflow/example_dags/example_xcom.py took 0.087 seconds
[2026-04-21T04:05:09.790+0000] {processor.py:161} INFO - Started process (PID=3729212) to work on /home/airflow/.local/lib/python3.8/site-packages/airflow/example_dags/example_xcom.py
[2026-04-21T04:05:09.791+0000] {processor.py:830} INFO - Processing file /home/airflow/.local/lib/python3.8/site-packages/airflow/example_dags/example_xcom.py for tasks to queue
[2026-04-21T04:05:09.794+0000] {logging_mixin.py:188} INFO - [2026-04-21T04:05:09.793+0000] {dagbag.py:538} INFO - Filling up the DagBag from /home/airflow/.local/lib/python3.8/site-packages/airflow/example_dags/example_xcom.py
[2026-04-21T04:05:09.805+0000] {processor.py:840} INFO - DAG(s) 'example_xcom' retrieved from /home/airflow/.local/lib/python3.8/site-packages/airflow/example_dags/example_xcom.py
[2026-04-21T04:05:09.833+0000] {logging_mixin.py:188} INFO - [2026-04-21T04:05:09.833+0000] {dag.py:3036} INFO - Sync 1 DAGs
[2026-04-21T04:05:09.858+0000] {logging_mixin.py:188} INFO - [2026-04-21T04:05:09.858+0000] {dag.py:3823} INFO - Setting next_dagrun for example_xcom to 2021-01-01 00:00:00+00:00, run_after=2021-01-01 00:00:00+00:00
[2026-04-21T04:05:09.878+0000] {processor.py:183} INFO - Processing /home/airflow/.local/lib/python3.8/site-packages/airflow/example_dags/example_xcom.py took 0.093 seconds
[2026-04-21T04:05:40.113+0000] {processor.py:161} INFO - Started process (PID=3729267) to work on /home/airflow/.local/lib/python3.8/site-packages/airflow/example_dags/example_xcom.py
[2026-04-21T04:05:40.115+0000] {processor.py:830} INFO - Processing file /home/airflow/.local/lib/python3.8/site-packages/airflow/example_dags/example_xcom.py for tasks to queue
[2026-04-21T04:05:40.117+0000] {logging_mixin.py:188} INFO - [2026-04-21T04:05:40.117+0000] {dagbag.py:538} INFO - Filling up the DagBag from /home/airflow/.local/lib/python3.8/site-packages/airflow/example_dags/example_xcom.py
[2026-04-21T04:05:40.127+0000] {processor.py:840} INFO - DAG(s) 'example_xcom' retrieved from /home/airflow/.local/lib/python3.8/site-packages/airflow/example_dags/example_xcom.py
[2026-04-21T04:05:40.151+0000] {logging_mixin.py:188} INFO - [2026-04-21T04:05:40.151+0000] {dag.py:3036} INFO - Sync 1 DAGs
[2026-04-21T04:05:40.175+0000] {logging_mixin.py:188} INFO - [2026-04-21T04:05:40.175+0000] {dag.py:3823} INFO - Setting next_dagrun for example_xcom to 2021-01-01 00:00:00+00:00, run_after=2021-01-01 00:00:00+00:00
[2026-04-21T04:05:40.194+0000] {processor.py:183} INFO - Processing /home/airflow/.local/lib/python3.8/site-packages/airflow/example_dags/example_xcom.py took 0.085 seconds
[2026-04-21T04:06:10.783+0000] {processor.py:161} INFO - Started process (PID=3729324) to work on /home/airflow/.local/lib/python3.8/site-packages/airflow/example_dags/example_xcom.py
[2026-04-21T04:06:10.784+0000] {processor.py:830} INFO - Processing file /home/airflow/.local/lib/python3.8/site-packages/airflow/example_dags/example_xcom.py for tasks to queue
[2026-04-21T04:06:10.786+0000] {logging_mixin.py:188} INFO - [2026-04-21T04:06:10.786+0000] {dagbag.py:538} INFO - Filling up the DagBag from /home/airflow/.local/lib/python3.8/site-packages/airflow/example_dags/example_xcom.py
[2026-04-21T04:06:10.796+0000] {processor.py:840} INFO - DAG(s) 'example_xcom' retrieved from /home/airflow/.local/lib/python3.8/site-packages/airflow/example_dags/example_xcom.py
[2026-04-21T04:06:10.820+0000] {logging_mixin.py:188} INFO - [2026-04-21T04:06:10.819+0000] {dag.py:3036} INFO - Sync 1 DAGs
[2026-04-21T04:06:10.844+0000] {logging_mixin.py:188} INFO - [2026-04-21T04:06:10.844+0000] {dag.py:3823} INFO - Setting next_dagrun for example_xcom to 2021-01-01 00:00:00+00:00, run_after=2021-01-01 00:00:00+00:00
[2026-04-21T04:06:10.864+0000] {processor.py:183} INFO - Processing /home/airflow/.local/lib/python3.8/site-packages/airflow/example_dags/example_xcom.py took 0.086 seconds
[2026-04-21T04:06:41.578+0000] {processor.py:161} INFO - Started process (PID=3729381) to work on /home/airflow/.local/lib/python3.8/site-packages/airflow/example_dags/example_xcom.py
[2026-04-21T04:06:41.580+0000] {processor.py:830} INFO - Processing file /home/airflow/.local/lib/python3.8/site-packages/airflow/example_dags/example_xcom.py for tasks to queue
[2026-04-21T04:06:41.582+0000] {logging_mixin.py:188} INFO - [2026-04-21T04:06:41.581+0000] {dagbag.py:538} INFO - Filling up the DagBag from /home/airflow/.local/lib/python3.8/site-packages/airflow/example_dags/example_xcom.py
[2026-04-21T04:06:41.592+0000] {processor.py:840} INFO - DAG(s) 'example_xcom' retrieved from /home/airflow/.local/lib/python3.8/site-packages/airflow/example_dags/example_xcom.py
[2026-04-21T04:06:41.617+0000] {logging_mixin.py:188} INFO - [2026-04-21T04:06:41.616+0000] {dag.py:3036} INFO - Sync 1 DAGs
[2026-04-21T04:06:41.640+0000] {logging_mixin.py:188} INFO - [2026-04-21T04:06:41.640+0000] {dag.py:3823} INFO - Setting next_dagrun for example_xcom to 2021-01-01 00:00:00+00:00, run_after=2021-01-01 00:00:00+00:00
[2026-04-21T04:06:41.658+0000] {processor.py:183} INFO - Processing /home/airflow/.local/lib/python3.8/site-packages/airflow/example_dags/example_xcom.py took 0.086 seconds
[2026-04-21T04:07:12.253+0000] {processor.py:161} INFO - Started process (PID=3729438) to work on /home/airflow/.local/lib/python3.8/site-packages/airflow/example_dags/example_xcom.py
[2026-04-21T04:07:12.255+0000] {processor.py:830} INFO - Processing file /home/airflow/.local/lib/python3.8/site-packages/airflow/example_dags/example_xcom.py for tasks to queue
[2026-04-21T04:07:12.258+0000] {logging_mixin.py:188} INFO - [2026-04-21T04:07:12.258+0000] {dagbag.py:538} INFO - Filling up the DagBag from /home/airflow/.local/lib/python3.8/site-packages/airflow/example_dags/example_xcom.py
[2026-04-21T04:07:12.269+0000] {processor.py:840} INFO - DAG(s) 'example_xcom' retrieved from /home/airflow/.local/lib/python3.8/site-packages/airflow/example_dags/example_xcom.py
[2026-04-21T04:07:12.301+0000] {logging_mixin.py:188} INFO - [2026-04-21T04:07:12.301+0000] {dag.py:3036} INFO - Sync 1 DAGs
[2026-04-21T04:07:12.327+0000] {logging_mixin.py:188} INFO - [2026-04-21T04:07:12.327+0000] {dag.py:3823} INFO - Setting next_dagrun for example_xcom to 2021-01-01 00:00:00+00:00, run_after=2021-01-01 00:00:00+00:00
[2026-04-21T04:07:12.348+0000] {processor.py:183} INFO - Processing /home/airflow/.local/lib/python3.8/site-packages/airflow/example_dags/example_xcom.py took 0.100 seconds
[2026-04-21T04:07:42.825+0000] {processor.py:161} INFO - Started process (PID=3729495) to work on /home/airflow/.local/lib/python3.8/site-packages/airflow/example_dags/example_xcom.py
[2026-04-21T04:07:42.828+0000] {processor.py:830} INFO - Processing file /home/airflow/.local/lib/python3.8/site-packages/airflow/example_dags/example_xcom.py for tasks to queue
[2026-04-21T04:07:42.830+0000] {logging_mixin.py:188} INFO - [2026-04-21T04:07:42.830+0000] {dagbag.py:538} INFO - Filling up the DagBag from /home/airflow/.local/lib/python3.8/site-packages/airflow/example_dags/example_xcom.py
[2026-04-21T04:07:42.844+0000] {processor.py:840} INFO - DAG(s) 'example_xcom' retrieved from /home/airflow/.local/lib/python3.8/site-packages/airflow/example_dags/example_xcom.py
[2026-04-21T04:07:42.877+0000] {logging_mixin.py:188} INFO - [2026-04-21T04:07:42.877+0000] {dag.py:3036} INFO - Sync 1 DAGs
[2026-04-21T04:07:42.909+0000] {logging_mixin.py:188} INFO - [2026-04-21T04:07:42.909+0000] {dag.py:3823} INFO - Setting next_dagrun for example_xcom to 2021-01-01 00:00:00+00:00, run_after=2021-01-01 00:00:00+00:00
[2026-04-21T04:07:42.937+0000] {processor.py:183} INFO - Processing /home/airflow/.local/lib/python3.8/site-packages/airflow/example_dags/example_xcom.py took 0.117 seconds
[2026-04-21T04:08:13.368+0000] {processor.py:161} INFO - Started process (PID=3729552) to work on /home/airflow/.local/lib/python3.8/site-packages/airflow/example_dags/example_xcom.py
[2026-04-21T04:08:13.370+0000] {processor.py:830} INFO - Processing file /home/airflow/.local/lib/python3.8/site-packages/airflow/example_dags/example_xcom.py for tasks to queue
[2026-04-21T04:08:13.373+0000] {logging_mixin.py:188} INFO - [2026-04-21T04:08:13.372+0000] {dagbag.py:538} INFO - Filling up the DagBag from /home/airflow/.local/lib/python3.8/site-packages/airflow/example_dags/example_xcom.py
[2026-04-21T04:08:13.382+0000] {processor.py:840} INFO - DAG(s) 'example_xcom' retrieved from /home/airflow/.local/lib/python3.8/site-packages/airflow/example_dags/example_xcom.py
[2026-04-21T04:08:13.410+0000] {logging_mixin.py:188} INFO - [2026-04-21T04:08:13.410+0000] {dag.py:3036} INFO - Sync 1 DAGs
[2026-04-21T04:08:13.438+0000] {logging_mixin.py:188} INFO - [2026-04-21T04:08:13.437+0000] {dag.py:3823} INFO - Setting next_dagrun for example_xcom to 2021-01-01 00:00:00+00:00, run_after=2021-01-01 00:00:00+00:00
[2026-04-21T04:08:13.461+0000] {processor.py:183} INFO - Processing /home/airflow/.local/lib/python3.8/site-packages/airflow/example_dags/example_xcom.py took 0.097 seconds
[2026-04-21T04:08:43.567+0000] {processor.py:161} INFO - Started process (PID=3729609) to work on /home/airflow/.local/lib/python3.8/site-packages/airflow/example_dags/example_xcom.py
[2026-04-21T04:08:43.569+0000] {processor.py:830} INFO - Processing file /home/airflow/.local/lib/python3.8/site-packages/airflow/example_dags/example_xcom.py for tasks to queue
[2026-04-21T04:08:43.572+0000] {logging_mixin.py:188} INFO - [2026-04-21T04:08:43.571+0000] {dagbag.py:538} INFO - Filling up the DagBag from /home/airflow/.local/lib/python3.8/site-packages/airflow/example_dags/example_xcom.py
[2026-04-21T04:08:43.582+0000] {processor.py:840} INFO - DAG(s) 'example_xcom' retrieved from /home/airflow/.local/lib/python3.8/site-packages/airflow/example_dags/example_xcom.py
[2026-04-21T04:08:43.607+0000] {logging_mixin.py:188} INFO - [2026-04-21T04:08:43.607+0000] {dag.py:3036} INFO - Sync 1 DAGs
[2026-04-21T04:08:43.632+0000] {logging_mixin.py:188} INFO - [2026-04-21T04:08:43.632+0000] {dag.py:3823} INFO - Setting next_dagrun for example_xcom to 2021-01-01 00:00:00+00:00, run_after=2021-01-01 00:00:00+00:00
[2026-04-21T04:08:43.651+0000] {processor.py:183} INFO - Processing /home/airflow/.local/lib/python3.8/site-packages/airflow/example_dags/example_xcom.py took 0.089 seconds
[2026-04-21T04:09:13.748+0000] {processor.py:161} INFO - Started process (PID=3729666) to work on /home/airflow/.local/lib/python3.8/site-packages/airflow/example_dags/example_xcom.py
[2026-04-21T04:09:13.750+0000] {processor.py:830} INFO - Processing file /home/airflow/.local/lib/python3.8/site-packages/airflow/example_dags/example_xcom.py for tasks to queue
[2026-04-21T04:09:13.752+0000] {logging_mixin.py:188} INFO - [2026-04-21T04:09:13.752+0000] {dagbag.py:538} INFO - Filling up the DagBag from /home/airflow/.local/lib/python3.8/site-packages/airflow/example_dags/example_xcom.py
[2026-04-21T04:09:13.764+0000] {processor.py:840} INFO - DAG(s) 'example_xcom' retrieved from /home/airflow/.local/lib/python3.8/site-packages/airflow/example_dags/example_xcom.py
[2026-04-21T04:09:13.792+0000] {logging_mixin.py:188} INFO - [2026-04-21T04:09:13.792+0000] {dag.py:3036} INFO - Sync 1 DAGs
[2026-04-21T04:09:13.819+0000] {logging_mixin.py:188} INFO - [2026-04-21T04:09:13.818+0000] {dag.py:3823} INFO - Setting next_dagrun for example_xcom to 2021-01-01 00:00:00+00:00, run_after=2021-01-01 00:00:00+00:00
[2026-04-21T04:09:13.839+0000] {processor.py:183} INFO - Processing /home/airflow/.local/lib/python3.8/site-packages/airflow/example_dags/example_xcom.py took 0.096 seconds
[2026-04-21T04:09:44.101+0000] {processor.py:161} INFO - Started process (PID=3729723) to work on /home/airflow/.local/lib/python3.8/site-packages/airflow/example_dags/example_xcom.py
[2026-04-21T04:09:44.103+0000] {processor.py:830} INFO - Processing file /home/airflow/.local/lib/python3.8/site-packages/airflow/example_dags/example_xcom.py for tasks to queue
[2026-04-21T04:09:44.105+0000] {logging_mixin.py:188} INFO - [2026-04-21T04:09:44.105+0000] {dagbag.py:538} INFO - Filling up the DagBag from /home/airflow/.local/lib/python3.8/site-packages/airflow/example_dags/example_xcom.py
[2026-04-21T04:09:44.115+0000] {processor.py:840} INFO - DAG(s) 'example_xcom' retrieved from /home/airflow/.local/lib/python3.8/site-packages/airflow/example_dags/example_xcom.py
[2026-04-21T04:09:44.144+0000] {logging_mixin.py:188} INFO - [2026-04-21T04:09:44.143+0000] {dag.py:3036} INFO - Sync 1 DAGs
[2026-04-21T04:09:44.169+0000] {logging_mixin.py:188} INFO - [2026-04-21T04:09:44.168+0000] {dag.py:3823} INFO - Setting next_dagrun for example_xcom to 2021-01-01 00:00:00+00:00, run_after=2021-01-01 00:00:00+00:00
[2026-04-21T04:09:44.188+0000] {processor.py:183} INFO - Processing /home/airflow/.local/lib/python3.8/site-packages/airflow/example_dags/example_xcom.py took 0.091 seconds
[2026-04-21T04:10:14.402+0000] {processor.py:161} INFO - Started process (PID=3729780) to work on /home/airflow/.local/lib/python3.8/site-packages/airflow/example_dags/example_xcom.py
[2026-04-21T04:10:14.404+0000] {processor.py:830} INFO - Processing file /home/airflow/.local/lib/python3.8/site-packages/airflow/example_dags/example_xcom.py for tasks to queue
[2026-04-21T04:10:14.407+0000] {logging_mixin.py:188} INFO - [2026-04-21T04:10:14.406+0000] {dagbag.py:538} INFO - Filling up the DagBag from /home/airflow/.local/lib/python3.8/site-packages/airflow/example_dags/example_xcom.py
[2026-04-21T04:10:14.416+0000] {processor.py:840} INFO - DAG(s) 'example_xcom' retrieved from /home/airflow/.local/lib/python3.8/site-packages/airflow/example_dags/example_xcom.py
[2026-04-21T04:10:14.442+0000] {logging_mixin.py:188} INFO - [2026-04-21T04:10:14.442+0000] {dag.py:3036} INFO - Sync 1 DAGs
[2026-04-21T04:10:14.468+0000] {logging_mixin.py:188} INFO - [2026-04-21T04:10:14.468+0000] {dag.py:3823} INFO - Setting next_dagrun for example_xcom to 2021-01-01 00:00:00+00:00, run_after=2021-01-01 00:00:00+00:00
[2026-04-21T04:10:14.488+0000] {processor.py:183} INFO - Processing /home/airflow/.local/lib/python3.8/site-packages/airflow/example_dags/example_xcom.py took 0.090 seconds
[2026-04-21T04:10:44.659+0000] {processor.py:161} INFO - Started process (PID=3729837) to work on /home/airflow/.local/lib/python3.8/site-packages/airflow/example_dags/example_xcom.py
[2026-04-21T04:10:44.661+0000] {processor.py:830} INFO - Processing file /home/airflow/.local/lib/python3.8/site-packages/airflow/example_dags/example_xcom.py for tasks to queue
[2026-04-21T04:10:44.663+0000] {logging_mixin.py:188} INFO - [2026-04-21T04:10:44.663+0000] {dagbag.py:538} INFO - Filling up the DagBag from /home/airflow/.local/lib/python3.8/site-packages/airflow/example_dags/example_xcom.py
[2026-04-21T04:10:44.673+0000] {processor.py:840} INFO - DAG(s) 'example_xcom' retrieved from /home/airflow/.local/lib/python3.8/site-packages/airflow/example_dags/example_xcom.py
[2026-04-21T04:10:44.699+0000] {logging_mixin.py:188} INFO - [2026-04-21T04:10:44.699+0000] {dag.py:3036} INFO - Sync 1 DAGs
[2026-04-21T04:10:44.723+0000] {logging_mixin.py:188} INFO - [2026-04-21T04:10:44.723+0000] {dag.py:3823} INFO - Setting next_dagrun for example_xcom to 2021-01-01 00:00:00+00:00, run_after=2021-01-01 00:00:00+00:00
[2026-04-21T04:10:44.742+0000] {processor.py:183} INFO - Processing /home/airflow/.local/lib/python3.8/site-packages/airflow/example_dags/example_xcom.py took 0.088 seconds
[2026-04-21T04:11:14.834+0000] {processor.py:161} INFO - Started process (PID=3729894) to work on /home/airflow/.local/lib/python3.8/site-packages/airflow/example_dags/example_xcom.py
[2026-04-21T04:11:14.836+0000] {processor.py:830} INFO - Processing file /home/airflow/.local/lib/python3.8/site-packages/airflow/example_dags/example_xcom.py for tasks to queue
[2026-04-21T04:11:14.838+0000] {logging_mixin.py:188} INFO - [2026-04-21T04:11:14.838+0000] {dagbag.py:538} INFO - Filling up the DagBag from /home/airflow/.local/lib/python3.8/site-packages/airflow/example_dags/example_xcom.py
[2026-04-21T04:11:14.848+0000] {processor.py:840} INFO - DAG(s) 'example_xcom' retrieved from /home/airflow/.local/lib/python3.8/site-packages/airflow/example_dags/example_xcom.py
[2026-04-21T04:11:14.875+0000] {logging_mixin.py:188} INFO - [2026-04-21T04:11:14.874+0000] {dag.py:3036} INFO - Sync 1 DAGs
[2026-04-21T04:11:14.900+0000] {logging_mixin.py:188} INFO - [2026-04-21T04:11:14.900+0000] {dag.py:3823} INFO - Setting next_dagrun for example_xcom to 2021-01-01 00:00:00+00:00, run_after=2021-01-01 00:00:00+00:00
[2026-04-21T04:11:14.920+0000] {processor.py:183} INFO - Processing /home/airflow/.local/lib/python3.8/site-packages/airflow/example_dags/example_xcom.py took 0.092 seconds
[2026-04-21T04:11:45.621+0000] {processor.py:161} INFO - Started process (PID=3729951) to work on /home/airflow/.local/lib/python3.8/site-packages/airflow/example_dags/example_xcom.py
[2026-04-21T04:11:45.623+0000] {processor.py:830} INFO - Processing file /home/airflow/.local/lib/python3.8/site-packages/airflow/example_dags/example_xcom.py for tasks to queue
[2026-04-21T04:11:45.626+0000] {logging_mixin.py:188} INFO - [2026-04-21T04:11:45.625+0000] {dagbag.py:538} INFO - Filling up the DagBag from /home/airflow/.local/lib/python3.8/site-packages/airflow/example_dags/example_xcom.py
[2026-04-21T04:11:45.636+0000] {processor.py:840} INFO - DAG(s) 'example_xcom' retrieved from /home/airflow/.local/lib/python3.8/site-packages/airflow/example_dags/example_xcom.py
[2026-04-21T04:11:45.661+0000] {logging_mixin.py:188} INFO - [2026-04-21T04:11:45.661+0000] {dag.py:3036} INFO - Sync 1 DAGs
[2026-04-21T04:11:45.686+0000] {logging_mixin.py:188} INFO - [2026-04-21T04:11:45.686+0000] {dag.py:3823} INFO - Setting next_dagrun for example_xcom to 2021-01-01 00:00:00+00:00, run_after=2021-01-01 00:00:00+00:00
[2026-04-21T04:11:45.707+0000] {processor.py:183} INFO - Processing /home/airflow/.local/lib/python3.8/site-packages/airflow/example_dags/example_xcom.py took 0.090 seconds
[2026-04-21T04:12:16.171+0000] {processor.py:161} INFO - Started process (PID=3730008) to work on /home/airflow/.local/lib/python3.8/site-packages/airflow/example_dags/example_xcom.py
[2026-04-21T04:12:16.173+0000] {processor.py:830} INFO - Processing file /home/airflow/.local/lib/python3.8/site-packages/airflow/example_dags/example_xcom.py for tasks to queue
[2026-04-21T04:12:16.175+0000] {logging_mixin.py:188} INFO - [2026-04-21T04:12:16.175+0000] {dagbag.py:538} INFO - Filling up the DagBag from /home/airflow/.local/lib/python3.8/site-packages/airflow/example_dags/example_xcom.py
[2026-04-21T04:12:16.185+0000] {processor.py:840} INFO - DAG(s) 'example_xcom' retrieved from /home/airflow/.local/lib/python3.8/site-packages/airflow/example_dags/example_xcom.py
[2026-04-21T04:12:16.211+0000] {logging_mixin.py:188} INFO - [2026-04-21T04:12:16.211+0000] {dag.py:3036} INFO - Sync 1 DAGs
[2026-04-21T04:12:16.235+0000] {logging_mixin.py:188} INFO - [2026-04-21T04:12:16.235+0000] {dag.py:3823} INFO - Setting next_dagrun for example_xcom to 2021-01-01 00:00:00+00:00, run_after=2021-01-01 00:00:00+00:00
[2026-04-21T04:12:16.256+0000] {processor.py:183} INFO - Processing /home/airflow/.local/lib/python3.8/site-packages/airflow/example_dags/example_xcom.py took 0.089 seconds
[2026-04-21T04:12:46.829+0000] {processor.py:161} INFO - Started process (PID=3730065) to work on /home/airflow/.local/lib/python3.8/site-packages/airflow/example_dags/example_xcom.py
[2026-04-21T04:12:46.831+0000] {processor.py:830} INFO - Processing file /home/airflow/.local/lib/python3.8/site-packages/airflow/example_dags/example_xcom.py for tasks to queue
[2026-04-21T04:12:46.833+0000] {logging_mixin.py:188} INFO - [2026-04-21T04:12:46.833+0000] {dagbag.py:538} INFO - Filling up the DagBag from /home/airflow/.local/lib/python3.8/site-packages/airflow/example_dags/example_xcom.py
[2026-04-21T04:12:46.844+0000] {processor.py:840} INFO - DAG(s) 'example_xcom' retrieved from /home/airflow/.local/lib/python3.8/site-packages/airflow/example_dags/example_xcom.py
[2026-04-21T04:12:46.869+0000] {logging_mixin.py:188} INFO - [2026-04-21T04:12:46.869+0000] {dag.py:3036} INFO - Sync 1 DAGs
[2026-04-21T04:12:46.893+0000] {logging_mixin.py:188} INFO - [2026-04-21T04:12:46.892+0000] {dag.py:3823} INFO - Setting next_dagrun for example_xcom to 2021-01-01 00:00:00+00:00, run_after=2021-01-01 00:00:00+00:00
[2026-04-21T04:12:46.913+0000] {processor.py:183} INFO - Processing /home/airflow/.local/lib/python3.8/site-packages/airflow/example_dags/example_xcom.py took 0.088 seconds
[2026-04-21T04:13:17.043+0000] {processor.py:161} INFO - Started process (PID=3730122) to work on /home/airflow/.local/lib/python3.8/site-packages/airflow/example_dags/example_xcom.py
[2026-04-21T04:13:17.045+0000] {processor.py:830} INFO - Processing file /home/airflow/.local/lib/python3.8/site-packages/airflow/example_dags/example_xcom.py for tasks to queue
[2026-04-21T04:13:17.047+0000] {logging_mixin.py:188} INFO - [2026-04-21T04:13:17.047+0000] {dagbag.py:538} INFO - Filling up the DagBag from /home/airflow/.local/lib/python3.8/site-packages/airflow/example_dags/example_xcom.py
[2026-04-21T04:13:17.056+0000] {processor.py:840} INFO - DAG(s) 'example_xcom' retrieved from /home/airflow/.local/lib/python3.8/site-packages/airflow/example_dags/example_xcom.py
[2026-04-21T04:13:17.080+0000] {logging_mixin.py:188} INFO - [2026-04-21T04:13:17.080+0000] {dag.py:3036} INFO - Sync 1 DAGs
[2026-04-21T04:13:17.104+0000] {logging_mixin.py:188} INFO - [2026-04-21T04:13:17.103+0000] {dag.py:3823} INFO - Setting next_dagrun for example_xcom to 2021-01-01 00:00:00+00:00, run_after=2021-01-01 00:00:00+00:00
[2026-04-21T04:13:17.123+0000] {processor.py:183} INFO - Processing /home/airflow/.local/lib/python3.8/site-packages/airflow/example_dags/example_xcom.py took 0.085 seconds
[2026-04-21T04:13:47.617+0000] {processor.py:161} INFO - Started process (PID=3730179) to work on /home/airflow/.local/lib/python3.8/site-packages/airflow/example_dags/example_xcom.py
[2026-04-21T04:13:47.619+0000] {processor.py:830} INFO - Processing file /home/airflow/.local/lib/python3.8/site-packages/airflow/example_dags/example_xcom.py for tasks to queue
[2026-04-21T04:13:47.621+0000] {logging_mixin.py:188} INFO - [2026-04-21T04:13:47.621+0000] {dagbag.py:538} INFO - Filling up the DagBag from /home/airflow/.local/lib/python3.8/site-packages/airflow/example_dags/example_xcom.py
[2026-04-21T04:13:47.631+0000] {processor.py:840} INFO - DAG(s) 'example_xcom' retrieved from /home/airflow/.local/lib/python3.8/site-packages/airflow/example_dags/example_xcom.py
[2026-04-21T04:13:47.655+0000] {logging_mixin.py:188} INFO - [2026-04-21T04:13:47.655+0000] {dag.py:3036} INFO - Sync 1 DAGs
[2026-04-21T04:13:47.679+0000] {logging_mixin.py:188} INFO - [2026-04-21T04:13:47.679+0000] {dag.py:3823} INFO - Setting next_dagrun for example_xcom to 2021-01-01 00:00:00+00:00, run_after=2021-01-01 00:00:00+00:00
[2026-04-21T04:13:47.699+0000] {processor.py:183} INFO - Processing /home/airflow/.local/lib/python3.8/site-packages/airflow/example_dags/example_xcom.py took 0.086 seconds
[2026-04-21T04:14:17.841+0000] {processor.py:161} INFO - Started process (PID=3730236) to work on /home/airflow/.local/lib/python3.8/site-packages/airflow/example_dags/example_xcom.py
[2026-04-21T04:14:17.843+0000] {processor.py:830} INFO - Processing file /home/airflow/.local/lib/python3.8/site-packages/airflow/example_dags/example_xcom.py for tasks to queue
[2026-04-21T04:14:17.845+0000] {logging_mixin.py:188} INFO - [2026-04-21T04:14:17.845+0000] {dagbag.py:538} INFO - Filling up the DagBag from /home/airflow/.local/lib/python3.8/site-packages/airflow/example_dags/example_xcom.py
[2026-04-21T04:14:17.856+0000] {processor.py:840} INFO - DAG(s) 'example_xcom' retrieved from /home/airflow/.local/lib/python3.8/site-packages/airflow/example_dags/example_xcom.py
[2026-04-21T04:14:17.883+0000] {logging_mixin.py:188} INFO - [2026-04-21T04:14:17.882+0000] {dag.py:3036} INFO - Sync 1 DAGs
[2026-04-21T04:14:17.909+0000] {logging_mixin.py:188} INFO - [2026-04-21T04:14:17.908+0000] {dag.py:3823} INFO - Setting next_dagrun for example_xcom to 2021-01-01 00:00:00+00:00, run_after=2021-01-01 00:00:00+00:00
[2026-04-21T04:14:17.928+0000] {processor.py:183} INFO - Processing /home/airflow/.local/lib/python3.8/site-packages/airflow/example_dags/example_xcom.py took 0.092 seconds
[2026-04-21T04:14:48.087+0000] {processor.py:161} INFO - Started process (PID=3730293) to work on /home/airflow/.local/lib/python3.8/site-packages/airflow/example_dags/example_xcom.py
[2026-04-21T04:14:48.089+0000] {processor.py:830} INFO - Processing file /home/airflow/.local/lib/python3.8/site-packages/airflow/example_dags/example_xcom.py for tasks to queue
[2026-04-21T04:14:48.091+0000] {logging_mixin.py:188} INFO - [2026-04-21T04:14:48.090+0000] {dagbag.py:538} INFO - Filling up the DagBag from /home/airflow/.local/lib/python3.8/site-packages/airflow/example_dags/example_xcom.py
[2026-04-21T04:14:48.100+0000] {processor.py:840} INFO - DAG(s) 'example_xcom' retrieved from /home/airflow/.local/lib/python3.8/site-packages/airflow/example_dags/example_xcom.py
[2026-04-21T04:14:48.125+0000] {logging_mixin.py:188} INFO - [2026-04-21T04:14:48.124+0000] {dag.py:3036} INFO - Sync 1 DAGs
[2026-04-21T04:14:48.149+0000] {logging_mixin.py:188} INFO - [2026-04-21T04:14:48.148+0000] {dag.py:3823} INFO - Setting next_dagrun for example_xcom to 2021-01-01 00:00:00+00:00, run_after=2021-01-01 00:00:00+00:00
[2026-04-21T04:14:48.168+0000] {processor.py:183} INFO - Processing /home/airflow/.local/lib/python3.8/site-packages/airflow/example_dags/example_xcom.py took 0.086 seconds
[2026-04-21T04:15:18.405+0000] {processor.py:161} INFO - Started process (PID=3730350) to work on /home/airflow/.local/lib/python3.8/site-packages/airflow/example_dags/example_xcom.py
[2026-04-21T04:15:18.406+0000] {processor.py:830} INFO - Processing file /home/airflow/.local/lib/python3.8/site-packages/airflow/example_dags/example_xcom.py for tasks to queue
[2026-04-21T04:15:18.409+0000] {logging_mixin.py:188} INFO - [2026-04-21T04:15:18.408+0000] {dagbag.py:538} INFO - Filling up the DagBag from /home/airflow/.local/lib/python3.8/site-packages/airflow/example_dags/example_xcom.py
[2026-04-21T04:15:18.418+0000] {processor.py:840} INFO - DAG(s) 'example_xcom' retrieved from /home/airflow/.local/lib/python3.8/site-packages/airflow/example_dags/example_xcom.py
[2026-04-21T04:15:18.444+0000] {logging_mixin.py:188} INFO - [2026-04-21T04:15:18.444+0000] {dag.py:3036} INFO - Sync 1 DAGs
[2026-04-21T04:15:18.470+0000] {logging_mixin.py:188} INFO - [2026-04-21T04:15:18.469+0000] {dag.py:3823} INFO - Setting next_dagrun for example_xcom to 2021-01-01 00:00:00+00:00, run_after=2021-01-01 00:00:00+00:00
[2026-04-21T04:15:18.490+0000] {processor.py:183} INFO - Processing /home/airflow/.local/lib/python3.8/site-packages/airflow/example_dags/example_xcom.py took 0.089 seconds
[2026-04-21T04:15:49.418+0000] {processor.py:161} INFO - Started process (PID=3730407) to work on /home/airflow/.local/lib/python3.8/site-packages/airflow/example_dags/example_xcom.py
[2026-04-21T04:15:49.420+0000] {processor.py:830} INFO - Processing file /home/airflow/.local/lib/python3.8/site-packages/airflow/example_dags/example_xcom.py for tasks to queue
[2026-04-21T04:15:49.422+0000] {logging_mixin.py:188} INFO - [2026-04-21T04:15:49.422+0000] {dagbag.py:538} INFO - Filling up the DagBag from /home/airflow/.local/lib/python3.8/site-packages/airflow/example_dags/example_xcom.py
[2026-04-21T04:15:49.432+0000] {processor.py:840} INFO - DAG(s) 'example_xcom' retrieved from /home/airflow/.local/lib/python3.8/site-packages/airflow/example_dags/example_xcom.py
[2026-04-21T04:15:49.457+0000] {logging_mixin.py:188} INFO - [2026-04-21T04:15:49.456+0000] {dag.py:3036} INFO - Sync 1 DAGs
[2026-04-21T04:15:49.480+0000] {logging_mixin.py:188} INFO - [2026-04-21T04:15:49.480+0000] {dag.py:3823} INFO - Setting next_dagrun for example_xcom to 2021-01-01 00:00:00+00:00, run_after=2021-01-01 00:00:00+00:00
[2026-04-21T04:15:49.499+0000] {processor.py:183} INFO - Processing /home/airflow/.local/lib/python3.8/site-packages/airflow/example_dags/example_xcom.py took 0.086 seconds
[2026-04-21T04:16:19.987+0000] {processor.py:161} INFO - Started process (PID=3730464) to work on /home/airflow/.local/lib/python3.8/site-packages/airflow/example_dags/example_xcom.py
[2026-04-21T04:16:19.989+0000] {processor.py:830} INFO - Processing file /home/airflow/.local/lib/python3.8/site-packages/airflow/example_dags/example_xcom.py for tasks to queue
[2026-04-21T04:16:19.991+0000] {logging_mixin.py:188} INFO - [2026-04-21T04:16:19.991+0000] {dagbag.py:538} INFO - Filling up the DagBag from /home/airflow/.local/lib/python3.8/site-packages/airflow/example_dags/example_xcom.py
[2026-04-21T04:16:20.001+0000] {processor.py:840} INFO - DAG(s) 'example_xcom' retrieved from /home/airflow/.local/lib/python3.8/site-packages/airflow/example_dags/example_xcom.py
[2026-04-21T04:16:20.026+0000] {logging_mixin.py:188} INFO - [2026-04-21T04:16:20.026+0000] {dag.py:3036} INFO - Sync 1 DAGs
[2026-04-21T04:16:20.050+0000] {logging_mixin.py:188} INFO - [2026-04-21T04:16:20.050+0000] {dag.py:3823} INFO - Setting next_dagrun for example_xcom to 2021-01-01 00:00:00+00:00, run_after=2021-01-01 00:00:00+00:00
[2026-04-21T04:16:20.069+0000] {processor.py:183} INFO - Processing /home/airflow/.local/lib/python3.8/site-packages/airflow/example_dags/example_xcom.py took 0.086 seconds
[2026-04-21T04:16:50.328+0000] {processor.py:161} INFO - Started process (PID=3730521) to work on /home/airflow/.local/lib/python3.8/site-packages/airflow/example_dags/example_xcom.py
[2026-04-21T04:16:50.330+0000] {processor.py:830} INFO - Processing file /home/airflow/.local/lib/python3.8/site-packages/airflow/example_dags/example_xcom.py for tasks to queue
[2026-04-21T04:16:50.332+0000] {logging_mixin.py:188} INFO - [2026-04-21T04:16:50.332+0000] {dagbag.py:538} INFO - Filling up the DagBag from /home/airflow/.local/lib/python3.8/site-packages/airflow/example_dags/example_xcom.py
[2026-04-21T04:16:50.342+0000] {processor.py:840} INFO - DAG(s) 'example_xcom' retrieved from /home/airflow/.local/lib/python3.8/site-packages/airflow/example_dags/example_xcom.py
[2026-04-21T04:16:50.366+0000] {logging_mixin.py:188} INFO - [2026-04-21T04:16:50.366+0000] {dag.py:3036} INFO - Sync 1 DAGs
[2026-04-21T04:16:50.390+0000] {logging_mixin.py:188} INFO - [2026-04-21T04:16:50.390+0000] {dag.py:3823} INFO - Setting next_dagrun for example_xcom to 2021-01-01 00:00:00+00:00, run_after=2021-01-01 00:00:00+00:00
[2026-04-21T04:16:50.408+0000] {processor.py:183} INFO - Processing /home/airflow/.local/lib/python3.8/site-packages/airflow/example_dags/example_xcom.py took 0.085 seconds
[2026-04-21T04:17:20.532+0000] {processor.py:161} INFO - Started process (PID=3730578) to work on /home/airflow/.local/lib/python3.8/site-packages/airflow/example_dags/example_xcom.py
[2026-04-21T04:17:20.534+0000] {processor.py:830} INFO - Processing file /home/airflow/.local/lib/python3.8/site-packages/airflow/example_dags/example_xcom.py for tasks to queue
[2026-04-21T04:17:20.537+0000] {logging_mixin.py:188} INFO - [2026-04-21T04:17:20.536+0000] {dagbag.py:538} INFO - Filling up the DagBag from /home/airflow/.local/lib/python3.8/site-packages/airflow/example_dags/example_xcom.py
[2026-04-21T04:17:20.546+0000] {processor.py:840} INFO - DAG(s) 'example_xcom' retrieved from /home/airflow/.local/lib/python3.8/site-packages/airflow/example_dags/example_xcom.py
[2026-04-21T04:17:20.571+0000] {logging_mixin.py:188} INFO - [2026-04-21T04:17:20.571+0000] {dag.py:3036} INFO - Sync 1 DAGs
[2026-04-21T04:17:20.594+0000] {logging_mixin.py:188} INFO - [2026-04-21T04:17:20.594+0000] {dag.py:3823} INFO - Setting next_dagrun for example_xcom to 2021-01-01 00:00:00+00:00, run_after=2021-01-01 00:00:00+00:00
[2026-04-21T04:17:20.613+0000] {processor.py:183} INFO - Processing /home/airflow/.local/lib/python3.8/site-packages/airflow/example_dags/example_xcom.py took 0.085 seconds
[2026-04-21T04:17:50.841+0000] {processor.py:161} INFO - Started process (PID=3730635) to work on /home/airflow/.local/lib/python3.8/site-packages/airflow/example_dags/example_xcom.py
[2026-04-21T04:17:50.843+0000] {processor.py:830} INFO - Processing file /home/airflow/.local/lib/python3.8/site-packages/airflow/example_dags/example_xcom.py for tasks to queue
[2026-04-21T04:17:50.845+0000] {logging_mixin.py:188} INFO - [2026-04-21T04:17:50.845+0000] {dagbag.py:538} INFO - Filling up the DagBag from /home/airflow/.local/lib/python3.8/site-packages/airflow/example_dags/example_xcom.py
[2026-04-21T04:17:50.855+0000] {processor.py:840} INFO - DAG(s) 'example_xcom' retrieved from /home/airflow/.local/lib/python3.8/site-packages/airflow/example_dags/example_xcom.py
[2026-04-21T04:17:50.881+0000] {logging_mixin.py:188} INFO - [2026-04-21T04:17:50.881+0000] {dag.py:3036} INFO - Sync 1 DAGs
[2026-04-21T04:17:50.905+0000] {logging_mixin.py:188} INFO - [2026-04-21T04:17:50.905+0000] {dag.py:3823} INFO - Setting next_dagrun for example_xcom to 2021-01-01 00:00:00+00:00, run_after=2021-01-01 00:00:00+00:00
[2026-04-21T04:17:50.925+0000] {processor.py:183} INFO - Processing /home/airflow/.local/lib/python3.8/site-packages/airflow/example_dags/example_xcom.py took 0.088 seconds
[2026-04-21T04:18:21.113+0000] {processor.py:161} INFO - Started process (PID=3730692) to work on /home/airflow/.local/lib/python3.8/site-packages/airflow/example_dags/example_xcom.py
[2026-04-21T04:18:21.115+0000] {processor.py:830} INFO - Processing file /home/airflow/.local/lib/python3.8/site-packages/airflow/example_dags/example_xcom.py for tasks to queue
[2026-04-21T04:18:21.117+0000] {logging_mixin.py:188} INFO - [2026-04-21T04:18:21.117+0000] {dagbag.py:538} INFO - Filling up the DagBag from /home/airflow/.local/lib/python3.8/site-packages/airflow/example_dags/example_xcom.py
[2026-04-21T04:18:21.127+0000] {processor.py:840} INFO - DAG(s) 'example_xcom' retrieved from /home/airflow/.local/lib/python3.8/site-packages/airflow/example_dags/example_xcom.py
[2026-04-21T04:18:21.152+0000] {logging_mixin.py:188} INFO - [2026-04-21T04:18:21.152+0000] {dag.py:3036} INFO - Sync 1 DAGs
[2026-04-21T04:18:21.176+0000] {logging_mixin.py:188} INFO - [2026-04-21T04:18:21.175+0000] {dag.py:3823} INFO - Setting next_dagrun for example_xcom to 2021-01-01 00:00:00+00:00, run_after=2021-01-01 00:00:00+00:00
[2026-04-21T04:18:21.194+0000] {processor.py:183} INFO - Processing /home/airflow/.local/lib/python3.8/site-packages/airflow/example_dags/example_xcom.py took 0.086 seconds
[2026-04-21T04:18:51.319+0000] {processor.py:161} INFO - Started process (PID=3730749) to work on /home/airflow/.local/lib/python3.8/site-packages/airflow/example_dags/example_xcom.py
[2026-04-21T04:18:51.320+0000] {processor.py:830} INFO - Processing file /home/airflow/.local/lib/python3.8/site-packages/airflow/example_dags/example_xcom.py for tasks to queue
[2026-04-21T04:18:51.322+0000] {logging_mixin.py:188} INFO - [2026-04-21T04:18:51.322+0000] {dagbag.py:538} INFO - Filling up the DagBag from /home/airflow/.local/lib/python3.8/site-packages/airflow/example_dags/example_xcom.py
[2026-04-21T04:18:51.332+0000] {processor.py:840} INFO - DAG(s) 'example_xcom' retrieved from /home/airflow/.local/lib/python3.8/site-packages/airflow/example_dags/example_xcom.py
[2026-04-21T04:18:51.357+0000] {logging_mixin.py:188} INFO - [2026-04-21T04:18:51.356+0000] {dag.py:3036} INFO - Sync 1 DAGs
[2026-04-21T04:18:51.381+0000] {logging_mixin.py:188} INFO - [2026-04-21T04:18:51.381+0000] {dag.py:3823} INFO - Setting next_dagrun for example_xcom to 2021-01-01 00:00:00+00:00, run_after=2021-01-01 00:00:00+00:00
[2026-04-21T04:18:51.400+0000] {processor.py:183} INFO - Processing /home/airflow/.local/lib/python3.8/site-packages/airflow/example_dags/example_xcom.py took 0.086 seconds
[2026-04-21T04:19:21.507+0000] {processor.py:161} INFO - Started process (PID=3730807) to work on /home/airflow/.local/lib/python3.8/site-packages/airflow/example_dags/example_xcom.py
[2026-04-21T04:19:21.509+0000] {processor.py:830} INFO - Processing file /home/airflow/.local/lib/python3.8/site-packages/airflow/example_dags/example_xcom.py for tasks to queue
[2026-04-21T04:19:21.513+0000] {logging_mixin.py:188} INFO - [2026-04-21T04:19:21.512+0000] {dagbag.py:538} INFO - Filling up the DagBag from /home/airflow/.local/lib/python3.8/site-packages/airflow/example_dags/example_xcom.py
[2026-04-21T04:19:21.528+0000] {processor.py:840} INFO - DAG(s) 'example_xcom' retrieved from /home/airflow/.local/lib/python3.8/site-packages/airflow/example_dags/example_xcom.py
[2026-04-21T04:19:21.563+0000] {logging_mixin.py:188} INFO - [2026-04-21T04:19:21.563+0000] {dag.py:3036} INFO - Sync 1 DAGs
[2026-04-21T04:19:21.600+0000] {logging_mixin.py:188} INFO - [2026-04-21T04:19:21.599+0000] {dag.py:3823} INFO - Setting next_dagrun for example_xcom to 2021-01-01 00:00:00+00:00, run_after=2021-01-01 00:00:00+00:00
[2026-04-21T04:19:21.628+0000] {processor.py:183} INFO - Processing /home/airflow/.local/lib/python3.8/site-packages/airflow/example_dags/example_xcom.py took 0.128 seconds
[2026-04-21T04:19:51.905+0000] {processor.py:161} INFO - Started process (PID=3730865) to work on /home/airflow/.local/lib/python3.8/site-packages/airflow/example_dags/example_xcom.py
[2026-04-21T04:19:51.907+0000] {processor.py:830} INFO - Processing file /home/airflow/.local/lib/python3.8/site-packages/airflow/example_dags/example_xcom.py for tasks to queue
[2026-04-21T04:19:51.909+0000] {logging_mixin.py:188} INFO - [2026-04-21T04:19:51.909+0000] {dagbag.py:538} INFO - Filling up the DagBag from /home/airflow/.local/lib/python3.8/site-packages/airflow/example_dags/example_xcom.py
[2026-04-21T04:19:51.919+0000] {processor.py:840} INFO - DAG(s) 'example_xcom' retrieved from /home/airflow/.local/lib/python3.8/site-packages/airflow/example_dags/example_xcom.py
[2026-04-21T04:19:51.946+0000] {logging_mixin.py:188} INFO - [2026-04-21T04:19:51.946+0000] {dag.py:3036} INFO - Sync 1 DAGs
[2026-04-21T04:19:51.970+0000] {logging_mixin.py:188} INFO - [2026-04-21T04:19:51.970+0000] {dag.py:3823} INFO - Setting next_dagrun for example_xcom to 2021-01-01 00:00:00+00:00, run_after=2021-01-01 00:00:00+00:00
[2026-04-21T04:19:51.990+0000] {processor.py:183} INFO - Processing /home/airflow/.local/lib/python3.8/site-packages/airflow/example_dags/example_xcom.py took 0.090 seconds
[2026-04-21T04:20:22.057+0000] {processor.py:161} INFO - Started process (PID=3730922) to work on /home/airflow/.local/lib/python3.8/site-packages/airflow/example_dags/example_xcom.py
[2026-04-21T04:20:22.059+0000] {processor.py:830} INFO - Processing file /home/airflow/.local/lib/python3.8/site-packages/airflow/example_dags/example_xcom.py for tasks to queue
[2026-04-21T04:20:22.061+0000] {logging_mixin.py:188} INFO - [2026-04-21T04:20:22.061+0000] {dagbag.py:538} INFO - Filling up the DagBag from /home/airflow/.local/lib/python3.8/site-packages/airflow/example_dags/example_xcom.py
[2026-04-21T04:20:22.071+0000] {processor.py:840} INFO - DAG(s) 'example_xcom' retrieved from /home/airflow/.local/lib/python3.8/site-packages/airflow/example_dags/example_xcom.py
[2026-04-21T04:20:22.096+0000] {logging_mixin.py:188} INFO - [2026-04-21T04:20:22.095+0000] {dag.py:3036} INFO - Sync 1 DAGs
[2026-04-21T04:20:22.119+0000] {logging_mixin.py:188} INFO - [2026-04-21T04:20:22.119+0000] {dag.py:3823} INFO - Setting next_dagrun for example_xcom to 2021-01-01 00:00:00+00:00, run_after=2021-01-01 00:00:00+00:00
[2026-04-21T04:20:22.139+0000] {processor.py:183} INFO - Processing /home/airflow/.local/lib/python3.8/site-packages/airflow/example_dags/example_xcom.py took 0.086 seconds
[2026-04-21T04:20:52.276+0000] {processor.py:161} INFO - Started process (PID=3730979) to work on /home/airflow/.local/lib/python3.8/site-packages/airflow/example_dags/example_xcom.py
[2026-04-21T04:20:52.277+0000] {processor.py:830} INFO - Processing file /home/airflow/.local/lib/python3.8/site-packages/airflow/example_dags/example_xcom.py for tasks to queue
[2026-04-21T04:20:52.280+0000] {logging_mixin.py:188} INFO - [2026-04-21T04:20:52.279+0000] {dagbag.py:538} INFO - Filling up the DagBag from /home/airflow/.local/lib/python3.8/site-packages/airflow/example_dags/example_xcom.py
[2026-04-21T04:20:52.290+0000] {processor.py:840} INFO - DAG(s) 'example_xcom' retrieved from /home/airflow/.local/lib/python3.8/site-packages/airflow/example_dags/example_xcom.py
[2026-04-21T04:20:52.317+0000] {logging_mixin.py:188} INFO - [2026-04-21T04:20:52.317+0000] {dag.py:3036} INFO - Sync 1 DAGs
[2026-04-21T04:20:52.342+0000] {logging_mixin.py:188} INFO - [2026-04-21T04:20:52.342+0000] {dag.py:3823} INFO - Setting next_dagrun for example_xcom to 2021-01-01 00:00:00+00:00, run_after=2021-01-01 00:00:00+00:00
[2026-04-21T04:20:52.362+0000] {processor.py:183} INFO - Processing /home/airflow/.local/lib/python3.8/site-packages/airflow/example_dags/example_xcom.py took 0.092 seconds
[2026-04-21T04:21:22.618+0000] {processor.py:161} INFO - Started process (PID=3731034) to work on /home/airflow/.local/lib/python3.8/site-packages/airflow/example_dags/example_xcom.py
[2026-04-21T04:21:22.620+0000] {processor.py:830} INFO - Processing file /home/airflow/.local/lib/python3.8/site-packages/airflow/example_dags/example_xcom.py for tasks to queue
[2026-04-21T04:21:22.622+0000] {logging_mixin.py:188} INFO - [2026-04-21T04:21:22.622+0000] {dagbag.py:538} INFO - Filling up the DagBag from /home/airflow/.local/lib/python3.8/site-packages/airflow/example_dags/example_xcom.py
[2026-04-21T04:21:22.632+0000] {processor.py:840} INFO - DAG(s) 'example_xcom' retrieved from /home/airflow/.local/lib/python3.8/site-packages/airflow/example_dags/example_xcom.py
[2026-04-21T04:21:22.657+0000] {logging_mixin.py:188} INFO - [2026-04-21T04:21:22.657+0000] {dag.py:3036} INFO - Sync 1 DAGs
[2026-04-21T04:21:22.680+0000] {logging_mixin.py:188} INFO - [2026-04-21T04:21:22.680+0000] {dag.py:3823} INFO - Setting next_dagrun for example_xcom to 2021-01-01 00:00:00+00:00, run_after=2021-01-01 00:00:00+00:00
[2026-04-21T04:21:22.700+0000] {processor.py:183} INFO - Processing /home/airflow/.local/lib/python3.8/site-packages/airflow/example_dags/example_xcom.py took 0.087 seconds
[2026-04-21T04:21:52.860+0000] {processor.py:161} INFO - Started process (PID=3731091) to work on /home/airflow/.local/lib/python3.8/site-packages/airflow/example_dags/example_xcom.py
[2026-04-21T04:21:52.862+0000] {processor.py:830} INFO - Processing file /home/airflow/.local/lib/python3.8/site-packages/airflow/example_dags/example_xcom.py for tasks to queue
[2026-04-21T04:21:52.865+0000] {logging_mixin.py:188} INFO - [2026-04-21T04:21:52.864+0000] {dagbag.py:538} INFO - Filling up the DagBag from /home/airflow/.local/lib/python3.8/site-packages/airflow/example_dags/example_xcom.py
[2026-04-21T04:21:52.874+0000] {processor.py:840} INFO - DAG(s) 'example_xcom' retrieved from /home/airflow/.local/lib/python3.8/site-packages/airflow/example_dags/example_xcom.py
[2026-04-21T04:21:52.903+0000] {logging_mixin.py:188} INFO - [2026-04-21T04:21:52.903+0000] {dag.py:3036} INFO - Sync 1 DAGs
[2026-04-21T04:21:52.928+0000] {logging_mixin.py:188} INFO - [2026-04-21T04:21:52.928+0000] {dag.py:3823} INFO - Setting next_dagrun for example_xcom to 2021-01-01 00:00:00+00:00, run_after=2021-01-01 00:00:00+00:00
[2026-04-21T04:21:52.949+0000] {processor.py:183} INFO - Processing /home/airflow/.local/lib/python3.8/site-packages/airflow/example_dags/example_xcom.py took 0.093 seconds
[2026-04-21T04:22:23.265+0000] {processor.py:161} INFO - Started process (PID=3731148) to work on /home/airflow/.local/lib/python3.8/site-packages/airflow/example_dags/example_xcom.py
[2026-04-21T04:22:23.267+0000] {processor.py:830} INFO - Processing file /home/airflow/.local/lib/python3.8/site-packages/airflow/example_dags/example_xcom.py for tasks to queue
[2026-04-21T04:22:23.269+0000] {logging_mixin.py:188} INFO - [2026-04-21T04:22:23.268+0000] {dagbag.py:538} INFO - Filling up the DagBag from /home/airflow/.local/lib/python3.8/site-packages/airflow/example_dags/example_xcom.py
[2026-04-21T04:22:23.278+0000] {processor.py:840} INFO - DAG(s) 'example_xcom' retrieved from /home/airflow/.local/lib/python3.8/site-packages/airflow/example_dags/example_xcom.py
[2026-04-21T04:22:23.303+0000] {logging_mixin.py:188} INFO - [2026-04-21T04:22:23.303+0000] {dag.py:3036} INFO - Sync 1 DAGs
[2026-04-21T04:22:23.327+0000] {logging_mixin.py:188} INFO - [2026-04-21T04:22:23.327+0000] {dag.py:3823} INFO - Setting next_dagrun for example_xcom to 2021-01-01 00:00:00+00:00, run_after=2021-01-01 00:00:00+00:00
[2026-04-21T04:22:23.347+0000] {processor.py:183} INFO - Processing /home/airflow/.local/lib/python3.8/site-packages/airflow/example_dags/example_xcom.py took 0.087 seconds
[2026-04-21T04:22:53.415+0000] {processor.py:161} INFO - Started process (PID=3731205) to work on /home/airflow/.local/lib/python3.8/site-packages/airflow/example_dags/example_xcom.py
[2026-04-21T04:22:53.417+0000] {processor.py:830} INFO - Processing file /home/airflow/.local/lib/python3.8/site-packages/airflow/example_dags/example_xcom.py for tasks to queue
[2026-04-21T04:22:53.419+0000] {logging_mixin.py:188} INFO - [2026-04-21T04:22:53.419+0000] {dagbag.py:538} INFO - Filling up the DagBag from /home/airflow/.local/lib/python3.8/site-packages/airflow/example_dags/example_xcom.py
[2026-04-21T04:22:53.429+0000] {processor.py:840} INFO - DAG(s) 'example_xcom' retrieved from /home/airflow/.local/lib/python3.8/site-packages/airflow/example_dags/example_xcom.py
[2026-04-21T04:22:53.465+0000] {logging_mixin.py:188} INFO - [2026-04-21T04:22:53.465+0000] {dag.py:3036} INFO - Sync 1 DAGs
[2026-04-21T04:22:53.488+0000] {logging_mixin.py:188} INFO - [2026-04-21T04:22:53.488+0000] {dag.py:3823} INFO - Setting next_dagrun for example_xcom to 2021-01-01 00:00:00+00:00, run_after=2021-01-01 00:00:00+00:00
[2026-04-21T04:22:53.507+0000] {processor.py:183} INFO - Processing /home/airflow/.local/lib/python3.8/site-packages/airflow/example_dags/example_xcom.py took 0.097 seconds
[2026-04-21T04:23:24.161+0000] {processor.py:161} INFO - Started process (PID=3731262) to work on /home/airflow/.local/lib/python3.8/site-packages/airflow/example_dags/example_xcom.py
[2026-04-21T04:23:24.163+0000] {processor.py:830} INFO - Processing file /home/airflow/.local/lib/python3.8/site-packages/airflow/example_dags/example_xcom.py for tasks to queue
[2026-04-21T04:23:24.165+0000] {logging_mixin.py:188} INFO - [2026-04-21T04:23:24.165+0000] {dagbag.py:538} INFO - Filling up the DagBag from /home/airflow/.local/lib/python3.8/site-packages/airflow/example_dags/example_xcom.py
[2026-04-21T04:23:24.176+0000] {processor.py:840} INFO - DAG(s) 'example_xcom' retrieved from /home/airflow/.local/lib/python3.8/site-packages/airflow/example_dags/example_xcom.py
[2026-04-21T04:23:24.202+0000] {logging_mixin.py:188} INFO - [2026-04-21T04:23:24.202+0000] {dag.py:3036} INFO - Sync 1 DAGs
[2026-04-21T04:23:24.227+0000] {logging_mixin.py:188} INFO - [2026-04-21T04:23:24.226+0000] {dag.py:3823} INFO - Setting next_dagrun for example_xcom to 2021-01-01 00:00:00+00:00, run_after=2021-01-01 00:00:00+00:00
[2026-04-21T04:23:24.246+0000] {processor.py:183} INFO - Processing /home/airflow/.local/lib/python3.8/site-packages/airflow/example_dags/example_xcom.py took 0.090 seconds
[2026-04-21T04:23:54.550+0000] {processor.py:161} INFO - Started process (PID=3731319) to work on /home/airflow/.local/lib/python3.8/site-packages/airflow/example_dags/example_xcom.py
[2026-04-21T04:23:54.552+0000] {processor.py:830} INFO - Processing file /home/airflow/.local/lib/python3.8/site-packages/airflow/example_dags/example_xcom.py for tasks to queue
[2026-04-21T04:23:54.554+0000] {logging_mixin.py:188} INFO - [2026-04-21T04:23:54.554+0000] {dagbag.py:538} INFO - Filling up the DagBag from /home/airflow/.local/lib/python3.8/site-packages/airflow/example_dags/example_xcom.py
[2026-04-21T04:23:54.563+0000] {processor.py:840} INFO - DAG(s) 'example_xcom' retrieved from /home/airflow/.local/lib/python3.8/site-packages/airflow/example_dags/example_xcom.py
[2026-04-21T04:23:54.588+0000] {logging_mixin.py:188} INFO - [2026-04-21T04:23:54.588+0000] {dag.py:3036} INFO - Sync 1 DAGs
[2026-04-21T04:23:54.611+0000] {logging_mixin.py:188} INFO - [2026-04-21T04:23:54.610+0000] {dag.py:3823} INFO - Setting next_dagrun for example_xcom to 2021-01-01 00:00:00+00:00, run_after=2021-01-01 00:00:00+00:00
[2026-04-21T04:23:54.629+0000] {processor.py:183} INFO - Processing /home/airflow/.local/lib/python3.8/site-packages/airflow/example_dags/example_xcom.py took 0.083 seconds
[2026-04-21T04:24:24.785+0000] {processor.py:161} INFO - Started process (PID=3731377) to work on /home/airflow/.local/lib/python3.8/site-packages/airflow/example_dags/example_xcom.py
[2026-04-21T04:24:24.787+0000] {processor.py:830} INFO - Processing file /home/airflow/.local/lib/python3.8/site-packages/airflow/example_dags/example_xcom.py for tasks to queue
[2026-04-21T04:24:24.789+0000] {logging_mixin.py:188} INFO - [2026-04-21T04:24:24.789+0000] {dagbag.py:538} INFO - Filling up the DagBag from /home/airflow/.local/lib/python3.8/site-packages/airflow/example_dags/example_xcom.py
[2026-04-21T04:24:24.799+0000] {processor.py:840} INFO - DAG(s) 'example_xcom' retrieved from /home/airflow/.local/lib/python3.8/site-packages/airflow/example_dags/example_xcom.py
[2026-04-21T04:24:24.823+0000] {logging_mixin.py:188} INFO - [2026-04-21T04:24:24.823+0000] {dag.py:3036} INFO - Sync 1 DAGs
[2026-04-21T04:24:24.846+0000] {logging_mixin.py:188} INFO - [2026-04-21T04:24:24.846+0000] {dag.py:3823} INFO - Setting next_dagrun for example_xcom to 2021-01-01 00:00:00+00:00, run_after=2021-01-01 00:00:00+00:00
[2026-04-21T04:24:24.864+0000] {processor.py:183} INFO - Processing /home/airflow/.local/lib/python3.8/site-packages/airflow/example_dags/example_xcom.py took 0.084 seconds
[2026-04-21T04:24:55.165+0000] {processor.py:161} INFO - Started process (PID=3731434) to work on /home/airflow/.local/lib/python3.8/site-packages/airflow/example_dags/example_xcom.py
[2026-04-21T04:24:55.167+0000] {processor.py:830} INFO - Processing file /home/airflow/.local/lib/python3.8/site-packages/airflow/example_dags/example_xcom.py for tasks to queue
[2026-04-21T04:24:55.169+0000] {logging_mixin.py:188} INFO - [2026-04-21T04:24:55.169+0000] {dagbag.py:538} INFO - Filling up the DagBag from /home/airflow/.local/lib/python3.8/site-packages/airflow/example_dags/example_xcom.py
[2026-04-21T04:24:55.178+0000] {processor.py:840} INFO - DAG(s) 'example_xcom' retrieved from /home/airflow/.local/lib/python3.8/site-packages/airflow/example_dags/example_xcom.py
[2026-04-21T04:24:55.203+0000] {logging_mixin.py:188} INFO - [2026-04-21T04:24:55.202+0000] {dag.py:3036} INFO - Sync 1 DAGs
[2026-04-21T04:24:55.226+0000] {logging_mixin.py:188} INFO - [2026-04-21T04:24:55.225+0000] {dag.py:3823} INFO - Setting next_dagrun for example_xcom to 2021-01-01 00:00:00+00:00, run_after=2021-01-01 00:00:00+00:00
[2026-04-21T04:24:55.244+0000] {processor.py:183} INFO - Processing /home/airflow/.local/lib/python3.8/site-packages/airflow/example_dags/example_xcom.py took 0.083 seconds
[2026-04-21T04:25:25.617+0000] {processor.py:161} INFO - Started process (PID=3731491) to work on /home/airflow/.local/lib/python3.8/site-packages/airflow/example_dags/example_xcom.py
[2026-04-21T04:25:25.619+0000] {processor.py:830} INFO - Processing file /home/airflow/.local/lib/python3.8/site-packages/airflow/example_dags/example_xcom.py for tasks to queue
[2026-04-21T04:25:25.621+0000] {logging_mixin.py:188} INFO - [2026-04-21T04:25:25.621+0000] {dagbag.py:538} INFO - Filling up the DagBag from /home/airflow/.local/lib/python3.8/site-packages/airflow/example_dags/example_xcom.py
[2026-04-21T04:25:25.631+0000] {processor.py:840} INFO - DAG(s) 'example_xcom' retrieved from /home/airflow/.local/lib/python3.8/site-packages/airflow/example_dags/example_xcom.py
[2026-04-21T04:25:25.655+0000] {logging_mixin.py:188} INFO - [2026-04-21T04:25:25.655+0000] {dag.py:3036} INFO - Sync 1 DAGs
[2026-04-21T04:25:25.678+0000] {logging_mixin.py:188} INFO - [2026-04-21T04:25:25.678+0000] {dag.py:3823} INFO - Setting next_dagrun for example_xcom to 2021-01-01 00:00:00+00:00, run_after=2021-01-01 00:00:00+00:00
[2026-04-21T04:25:25.696+0000] {processor.py:183} INFO - Processing /home/airflow/.local/lib/python3.8/site-packages/airflow/example_dags/example_xcom.py took 0.084 seconds
[2026-04-21T04:25:55.872+0000] {processor.py:161} INFO - Started process (PID=3731548) to work on /home/airflow/.local/lib/python3.8/site-packages/airflow/example_dags/example_xcom.py
[2026-04-21T04:25:55.874+0000] {processor.py:830} INFO - Processing file /home/airflow/.local/lib/python3.8/site-packages/airflow/example_dags/example_xcom.py for tasks to queue
[2026-04-21T04:25:55.876+0000] {logging_mixin.py:188} INFO - [2026-04-21T04:25:55.876+0000] {dagbag.py:538} INFO - Filling up the DagBag from /home/airflow/.local/lib/python3.8/site-packages/airflow/example_dags/example_xcom.py
[2026-04-21T04:25:55.886+0000] {processor.py:840} INFO - DAG(s) 'example_xcom' retrieved from /home/airflow/.local/lib/python3.8/site-packages/airflow/example_dags/example_xcom.py
[2026-04-21T04:25:55.911+0000] {logging_mixin.py:188} INFO - [2026-04-21T04:25:55.911+0000] {dag.py:3036} INFO - Sync 1 DAGs
[2026-04-21T04:25:55.935+0000] {logging_mixin.py:188} INFO - [2026-04-21T04:25:55.935+0000] {dag.py:3823} INFO - Setting next_dagrun for example_xcom to 2021-01-01 00:00:00+00:00, run_after=2021-01-01 00:00:00+00:00
[2026-04-21T04:25:55.954+0000] {processor.py:183} INFO - Processing /home/airflow/.local/lib/python3.8/site-packages/airflow/example_dags/example_xcom.py took 0.086 seconds
[2026-04-21T04:26:26.279+0000] {processor.py:161} INFO - Started process (PID=3731605) to work on /home/airflow/.local/lib/python3.8/site-packages/airflow/example_dags/example_xcom.py
[2026-04-21T04:26:26.281+0000] {processor.py:830} INFO - Processing file /home/airflow/.local/lib/python3.8/site-packages/airflow/example_dags/example_xcom.py for tasks to queue
[2026-04-21T04:26:26.283+0000] {logging_mixin.py:188} INFO - [2026-04-21T04:26:26.283+0000] {dagbag.py:538} INFO - Filling up the DagBag from /home/airflow/.local/lib/python3.8/site-packages/airflow/example_dags/example_xcom.py
[2026-04-21T04:26:26.294+0000] {processor.py:840} INFO - DAG(s) 'example_xcom' retrieved from /home/airflow/.local/lib/python3.8/site-packages/airflow/example_dags/example_xcom.py
[2026-04-21T04:26:26.320+0000] {logging_mixin.py:188} INFO - [2026-04-21T04:26:26.320+0000] {dag.py:3036} INFO - Sync 1 DAGs
[2026-04-21T04:26:26.344+0000] {logging_mixin.py:188} INFO - [2026-04-21T04:26:26.344+0000] {dag.py:3823} INFO - Setting next_dagrun for example_xcom to 2021-01-01 00:00:00+00:00, run_after=2021-01-01 00:00:00+00:00
[2026-04-21T04:26:26.363+0000] {processor.py:183} INFO - Processing /home/airflow/.local/lib/python3.8/site-packages/airflow/example_dags/example_xcom.py took 0.089 seconds
[2026-04-21T04:26:57.267+0000] {processor.py:161} INFO - Started process (PID=3731660) to work on /home/airflow/.local/lib/python3.8/site-packages/airflow/example_dags/example_xcom.py
[2026-04-21T04:26:57.269+0000] {processor.py:830} INFO - Processing file /home/airflow/.local/lib/python3.8/site-packages/airflow/example_dags/example_xcom.py for tasks to queue
[2026-04-21T04:26:57.272+0000] {logging_mixin.py:188} INFO - [2026-04-21T04:26:57.271+0000] {dagbag.py:538} INFO - Filling up the DagBag from /home/airflow/.local/lib/python3.8/site-packages/airflow/example_dags/example_xcom.py
[2026-04-21T04:26:57.282+0000] {processor.py:840} INFO - DAG(s) 'example_xcom' retrieved from /home/airflow/.local/lib/python3.8/site-packages/airflow/example_dags/example_xcom.py
[2026-04-21T04:26:57.307+0000] {logging_mixin.py:188} INFO - [2026-04-21T04:26:57.307+0000] {dag.py:3036} INFO - Sync 1 DAGs
[2026-04-21T04:26:57.531+0000] {logging_mixin.py:188} INFO - [2026-04-21T04:26:57.531+0000] {dag.py:3823} INFO - Setting next_dagrun for example_xcom to 2021-01-01 00:00:00+00:00, run_after=2021-01-01 00:00:00+00:00
[2026-04-21T04:26:57.550+0000] {processor.py:183} INFO - Processing /home/airflow/.local/lib/python3.8/site-packages/airflow/example_dags/example_xcom.py took 0.287 seconds
[2026-04-21T04:27:27.793+0000] {processor.py:161} INFO - Started process (PID=3731717) to work on /home/airflow/.local/lib/python3.8/site-packages/airflow/example_dags/example_xcom.py
[2026-04-21T04:27:27.795+0000] {processor.py:830} INFO - Processing file /home/airflow/.local/lib/python3.8/site-packages/airflow/example_dags/example_xcom.py for tasks to queue
[2026-04-21T04:27:27.797+0000] {logging_mixin.py:188} INFO - [2026-04-21T04:27:27.797+0000] {dagbag.py:538} INFO - Filling up the DagBag from /home/airflow/.local/lib/python3.8/site-packages/airflow/example_dags/example_xcom.py
[2026-04-21T04:27:27.808+0000] {processor.py:840} INFO - DAG(s) 'example_xcom' retrieved from /home/airflow/.local/lib/python3.8/site-packages/airflow/example_dags/example_xcom.py
[2026-04-21T04:27:27.833+0000] {logging_mixin.py:188} INFO - [2026-04-21T04:27:27.833+0000] {dag.py:3036} INFO - Sync 1 DAGs
[2026-04-21T04:27:27.858+0000] {logging_mixin.py:188} INFO - [2026-04-21T04:27:27.858+0000] {dag.py:3823} INFO - Setting next_dagrun for example_xcom to 2021-01-01 00:00:00+00:00, run_after=2021-01-01 00:00:00+00:00
[2026-04-21T04:27:28.079+0000] {processor.py:183} INFO - Processing /home/airflow/.local/lib/python3.8/site-packages/airflow/example_dags/example_xcom.py took 0.290 seconds
[2026-04-21T04:27:58.842+0000] {processor.py:161} INFO - Started process (PID=3731780) to work on /home/airflow/.local/lib/python3.8/site-packages/airflow/example_dags/example_xcom.py
[2026-04-21T04:27:58.844+0000] {processor.py:830} INFO - Processing file /home/airflow/.local/lib/python3.8/site-packages/airflow/example_dags/example_xcom.py for tasks to queue
[2026-04-21T04:27:58.847+0000] {logging_mixin.py:188} INFO - [2026-04-21T04:27:58.846+0000] {dagbag.py:538} INFO - Filling up the DagBag from /home/airflow/.local/lib/python3.8/site-packages/airflow/example_dags/example_xcom.py
[2026-04-21T04:27:58.857+0000] {processor.py:840} INFO - DAG(s) 'example_xcom' retrieved from /home/airflow/.local/lib/python3.8/site-packages/airflow/example_dags/example_xcom.py
[2026-04-21T04:27:58.885+0000] {logging_mixin.py:188} INFO - [2026-04-21T04:27:58.884+0000] {dag.py:3036} INFO - Sync 1 DAGs
[2026-04-21T04:27:58.912+0000] {logging_mixin.py:188} INFO - [2026-04-21T04:27:58.911+0000] {dag.py:3823} INFO - Setting next_dagrun for example_xcom to 2021-01-01 00:00:00+00:00, run_after=2021-01-01 00:00:00+00:00
[2026-04-21T04:27:59.150+0000] {processor.py:183} INFO - Processing /home/airflow/.local/lib/python3.8/site-packages/airflow/example_dags/example_xcom.py took 0.313 seconds
[2026-04-21T04:28:29.679+0000] {processor.py:161} INFO - Started process (PID=3731837) to work on /home/airflow/.local/lib/python3.8/site-packages/airflow/example_dags/example_xcom.py
[2026-04-21T04:28:29.681+0000] {processor.py:830} INFO - Processing file /home/airflow/.local/lib/python3.8/site-packages/airflow/example_dags/example_xcom.py for tasks to queue
[2026-04-21T04:28:29.684+0000] {logging_mixin.py:188} INFO - [2026-04-21T04:28:29.683+0000] {dagbag.py:538} INFO - Filling up the DagBag from /home/airflow/.local/lib/python3.8/site-packages/airflow/example_dags/example_xcom.py
[2026-04-21T04:28:29.694+0000] {processor.py:840} INFO - DAG(s) 'example_xcom' retrieved from /home/airflow/.local/lib/python3.8/site-packages/airflow/example_dags/example_xcom.py
[2026-04-21T04:28:29.721+0000] {logging_mixin.py:188} INFO - [2026-04-21T04:28:29.720+0000] {dag.py:3036} INFO - Sync 1 DAGs
[2026-04-21T04:28:29.744+0000] {logging_mixin.py:188} INFO - [2026-04-21T04:28:29.744+0000] {dag.py:3823} INFO - Setting next_dagrun for example_xcom to 2021-01-01 00:00:00+00:00, run_after=2021-01-01 00:00:00+00:00
[2026-04-21T04:28:29.980+0000] {processor.py:183} INFO - Processing /home/airflow/.local/lib/python3.8/site-packages/airflow/example_dags/example_xcom.py took 0.305 seconds
[2026-04-21T04:29:00.437+0000] {processor.py:161} INFO - Started process (PID=3731893) to work on /home/airflow/.local/lib/python3.8/site-packages/airflow/example_dags/example_xcom.py
[2026-04-21T04:29:00.439+0000] {processor.py:830} INFO - Processing file /home/airflow/.local/lib/python3.8/site-packages/airflow/example_dags/example_xcom.py for tasks to queue
[2026-04-21T04:29:00.443+0000] {logging_mixin.py:188} INFO - [2026-04-21T04:29:00.442+0000] {dagbag.py:538} INFO - Filling up the DagBag from /home/airflow/.local/lib/python3.8/site-packages/airflow/example_dags/example_xcom.py
[2026-04-21T04:29:00.457+0000] {processor.py:840} INFO - DAG(s) 'example_xcom' retrieved from /home/airflow/.local/lib/python3.8/site-packages/airflow/example_dags/example_xcom.py
[2026-04-21T04:29:00.491+0000] {logging_mixin.py:188} INFO - [2026-04-21T04:29:00.490+0000] {dag.py:3036} INFO - Sync 1 DAGs
[2026-04-21T04:29:00.530+0000] {logging_mixin.py:188} INFO - [2026-04-21T04:29:00.530+0000] {dag.py:3823} INFO - Setting next_dagrun for example_xcom to 2021-01-01 00:00:00+00:00, run_after=2021-01-01 00:00:00+00:00
[2026-04-21T04:29:00.561+0000] {processor.py:183} INFO - Processing /home/airflow/.local/lib/python3.8/site-packages/airflow/example_dags/example_xcom.py took 0.130 seconds
[2026-04-21T04:29:30.786+0000] {processor.py:161} INFO - Started process (PID=3731949) to work on /home/airflow/.local/lib/python3.8/site-packages/airflow/example_dags/example_xcom.py
[2026-04-21T04:29:30.788+0000] {processor.py:830} INFO - Processing file /home/airflow/.local/lib/python3.8/site-packages/airflow/example_dags/example_xcom.py for tasks to queue
[2026-04-21T04:29:30.790+0000] {logging_mixin.py:188} INFO - [2026-04-21T04:29:30.790+0000] {dagbag.py:538} INFO - Filling up the DagBag from /home/airflow/.local/lib/python3.8/site-packages/airflow/example_dags/example_xcom.py
[2026-04-21T04:29:30.800+0000] {processor.py:840} INFO - DAG(s) 'example_xcom' retrieved from /home/airflow/.local/lib/python3.8/site-packages/airflow/example_dags/example_xcom.py
[2026-04-21T04:29:30.826+0000] {logging_mixin.py:188} INFO - [2026-04-21T04:29:30.826+0000] {dag.py:3036} INFO - Sync 1 DAGs
[2026-04-21T04:29:30.850+0000] {logging_mixin.py:188} INFO - [2026-04-21T04:29:30.850+0000] {dag.py:3823} INFO - Setting next_dagrun for example_xcom to 2021-01-01 00:00:00+00:00, run_after=2021-01-01 00:00:00+00:00
[2026-04-21T04:29:30.869+0000] {processor.py:183} INFO - Processing /home/airflow/.local/lib/python3.8/site-packages/airflow/example_dags/example_xcom.py took 0.088 seconds
[2026-04-21T04:30:01.037+0000] {processor.py:161} INFO - Started process (PID=3732006) to work on /home/airflow/.local/lib/python3.8/site-packages/airflow/example_dags/example_xcom.py
[2026-04-21T04:30:01.039+0000] {processor.py:830} INFO - Processing file /home/airflow/.local/lib/python3.8/site-packages/airflow/example_dags/example_xcom.py for tasks to queue
[2026-04-21T04:30:01.041+0000] {logging_mixin.py:188} INFO - [2026-04-21T04:30:01.041+0000] {dagbag.py:538} INFO - Filling up the DagBag from /home/airflow/.local/lib/python3.8/site-packages/airflow/example_dags/example_xcom.py
[2026-04-21T04:30:01.051+0000] {processor.py:840} INFO - DAG(s) 'example_xcom' retrieved from /home/airflow/.local/lib/python3.8/site-packages/airflow/example_dags/example_xcom.py
[2026-04-21T04:30:01.077+0000] {logging_mixin.py:188} INFO - [2026-04-21T04:30:01.077+0000] {dag.py:3036} INFO - Sync 1 DAGs
[2026-04-21T04:30:01.102+0000] {logging_mixin.py:188} INFO - [2026-04-21T04:30:01.101+0000] {dag.py:3823} INFO - Setting next_dagrun for example_xcom to 2021-01-01 00:00:00+00:00, run_after=2021-01-01 00:00:00+00:00
[2026-04-21T04:30:01.121+0000] {processor.py:183} INFO - Processing /home/airflow/.local/lib/python3.8/site-packages/airflow/example_dags/example_xcom.py took 0.089 seconds
[2026-04-21T04:30:31.219+0000] {processor.py:161} INFO - Started process (PID=3732063) to work on /home/airflow/.local/lib/python3.8/site-packages/airflow/example_dags/example_xcom.py
[2026-04-21T04:30:31.221+0000] {processor.py:830} INFO - Processing file /home/airflow/.local/lib/python3.8/site-packages/airflow/example_dags/example_xcom.py for tasks to queue
[2026-04-21T04:30:31.224+0000] {logging_mixin.py:188} INFO - [2026-04-21T04:30:31.223+0000] {dagbag.py:538} INFO - Filling up the DagBag from /home/airflow/.local/lib/python3.8/site-packages/airflow/example_dags/example_xcom.py
[2026-04-21T04:30:31.234+0000] {processor.py:840} INFO - DAG(s) 'example_xcom' retrieved from /home/airflow/.local/lib/python3.8/site-packages/airflow/example_dags/example_xcom.py
[2026-04-21T04:30:31.259+0000] {logging_mixin.py:188} INFO - [2026-04-21T04:30:31.259+0000] {dag.py:3036} INFO - Sync 1 DAGs
[2026-04-21T04:30:31.282+0000] {logging_mixin.py:188} INFO - [2026-04-21T04:30:31.282+0000] {dag.py:3823} INFO - Setting next_dagrun for example_xcom to 2021-01-01 00:00:00+00:00, run_after=2021-01-01 00:00:00+00:00
[2026-04-21T04:30:31.302+0000] {processor.py:183} INFO - Processing /home/airflow/.local/lib/python3.8/site-packages/airflow/example_dags/example_xcom.py took 0.087 seconds
[2026-04-21T04:31:01.518+0000] {processor.py:161} INFO - Started process (PID=3732120) to work on /home/airflow/.local/lib/python3.8/site-packages/airflow/example_dags/example_xcom.py
[2026-04-21T04:31:01.521+0000] {processor.py:830} INFO - Processing file /home/airflow/.local/lib/python3.8/site-packages/airflow/example_dags/example_xcom.py for tasks to queue
[2026-04-21T04:31:01.523+0000] {logging_mixin.py:188} INFO - [2026-04-21T04:31:01.523+0000] {dagbag.py:538} INFO - Filling up the DagBag from /home/airflow/.local/lib/python3.8/site-packages/airflow/example_dags/example_xcom.py
[2026-04-21T04:31:01.533+0000] {processor.py:840} INFO - DAG(s) 'example_xcom' retrieved from /home/airflow/.local/lib/python3.8/site-packages/airflow/example_dags/example_xcom.py
[2026-04-21T04:31:01.561+0000] {logging_mixin.py:188} INFO - [2026-04-21T04:31:01.560+0000] {dag.py:3036} INFO - Sync 1 DAGs
[2026-04-21T04:31:01.585+0000] {logging_mixin.py:188} INFO - [2026-04-21T04:31:01.585+0000] {dag.py:3823} INFO - Setting next_dagrun for example_xcom to 2021-01-01 00:00:00+00:00, run_after=2021-01-01 00:00:00+00:00
[2026-04-21T04:31:01.605+0000] {processor.py:183} INFO - Processing /home/airflow/.local/lib/python3.8/site-packages/airflow/example_dags/example_xcom.py took 0.091 seconds
[2026-04-21T04:31:31.664+0000] {processor.py:161} INFO - Started process (PID=3732177) to work on /home/airflow/.local/lib/python3.8/site-packages/airflow/example_dags/example_xcom.py
[2026-04-21T04:31:31.666+0000] {processor.py:830} INFO - Processing file /home/airflow/.local/lib/python3.8/site-packages/airflow/example_dags/example_xcom.py for tasks to queue
[2026-04-21T04:31:31.669+0000] {logging_mixin.py:188} INFO - [2026-04-21T04:31:31.668+0000] {dagbag.py:538} INFO - Filling up the DagBag from /home/airflow/.local/lib/python3.8/site-packages/airflow/example_dags/example_xcom.py
[2026-04-21T04:31:31.679+0000] {processor.py:840} INFO - DAG(s) 'example_xcom' retrieved from /home/airflow/.local/lib/python3.8/site-packages/airflow/example_dags/example_xcom.py
[2026-04-21T04:31:31.704+0000] {logging_mixin.py:188} INFO - [2026-04-21T04:31:31.704+0000] {dag.py:3036} INFO - Sync 1 DAGs
[2026-04-21T04:31:31.727+0000] {logging_mixin.py:188} INFO - [2026-04-21T04:31:31.727+0000] {dag.py:3823} INFO - Setting next_dagrun for example_xcom to 2021-01-01 00:00:00+00:00, run_after=2021-01-01 00:00:00+00:00
[2026-04-21T04:31:31.746+0000] {processor.py:183} INFO - Processing /home/airflow/.local/lib/python3.8/site-packages/airflow/example_dags/example_xcom.py took 0.086 seconds
[2026-04-21T04:32:01.875+0000] {processor.py:161} INFO - Started process (PID=3732234) to work on /home/airflow/.local/lib/python3.8/site-packages/airflow/example_dags/example_xcom.py
[2026-04-21T04:32:01.877+0000] {processor.py:830} INFO - Processing file /home/airflow/.local/lib/python3.8/site-packages/airflow/example_dags/example_xcom.py for tasks to queue
[2026-04-21T04:32:01.880+0000] {logging_mixin.py:188} INFO - [2026-04-21T04:32:01.879+0000] {dagbag.py:538} INFO - Filling up the DagBag from /home/airflow/.local/lib/python3.8/site-packages/airflow/example_dags/example_xcom.py
[2026-04-21T04:32:01.889+0000] {processor.py:840} INFO - DAG(s) 'example_xcom' retrieved from /home/airflow/.local/lib/python3.8/site-packages/airflow/example_dags/example_xcom.py
[2026-04-21T04:32:01.916+0000] {logging_mixin.py:188} INFO - [2026-04-21T04:32:01.916+0000] {dag.py:3036} INFO - Sync 1 DAGs
[2026-04-21T04:32:01.941+0000] {logging_mixin.py:188} INFO - [2026-04-21T04:32:01.941+0000] {dag.py:3823} INFO - Setting next_dagrun for example_xcom to 2021-01-01 00:00:00+00:00, run_after=2021-01-01 00:00:00+00:00
[2026-04-21T04:32:01.960+0000] {processor.py:183} INFO - Processing /home/airflow/.local/lib/python3.8/site-packages/airflow/example_dags/example_xcom.py took 0.090 seconds
[2026-04-21T04:32:32.640+0000] {processor.py:161} INFO - Started process (PID=3732291) to work on /home/airflow/.local/lib/python3.8/site-packages/airflow/example_dags/example_xcom.py
[2026-04-21T04:32:32.642+0000] {processor.py:830} INFO - Processing file /home/airflow/.local/lib/python3.8/site-packages/airflow/example_dags/example_xcom.py for tasks to queue
[2026-04-21T04:32:32.645+0000] {logging_mixin.py:188} INFO - [2026-04-21T04:32:32.644+0000] {dagbag.py:538} INFO - Filling up the DagBag from /home/airflow/.local/lib/python3.8/site-packages/airflow/example_dags/example_xcom.py
[2026-04-21T04:32:32.654+0000] {processor.py:840} INFO - DAG(s) 'example_xcom' retrieved from /home/airflow/.local/lib/python3.8/site-packages/airflow/example_dags/example_xcom.py
[2026-04-21T04:32:32.682+0000] {logging_mixin.py:188} INFO - [2026-04-21T04:32:32.682+0000] {dag.py:3036} INFO - Sync 1 DAGs
[2026-04-21T04:32:32.706+0000] {logging_mixin.py:188} INFO - [2026-04-21T04:32:32.706+0000] {dag.py:3823} INFO - Setting next_dagrun for example_xcom to 2021-01-01 00:00:00+00:00, run_after=2021-01-01 00:00:00+00:00
[2026-04-21T04:32:32.726+0000] {processor.py:183} INFO - Processing /home/airflow/.local/lib/python3.8/site-packages/airflow/example_dags/example_xcom.py took 0.090 seconds
[2026-04-21T04:33:03.425+0000] {processor.py:161} INFO - Started process (PID=3732348) to work on /home/airflow/.local/lib/python3.8/site-packages/airflow/example_dags/example_xcom.py
[2026-04-21T04:33:03.427+0000] {processor.py:830} INFO - Processing file /home/airflow/.local/lib/python3.8/site-packages/airflow/example_dags/example_xcom.py for tasks to queue
[2026-04-21T04:33:03.429+0000] {logging_mixin.py:188} INFO - [2026-04-21T04:33:03.429+0000] {dagbag.py:538} INFO - Filling up the DagBag from /home/airflow/.local/lib/python3.8/site-packages/airflow/example_dags/example_xcom.py
[2026-04-21T04:33:03.439+0000] {processor.py:840} INFO - DAG(s) 'example_xcom' retrieved from /home/airflow/.local/lib/python3.8/site-packages/airflow/example_dags/example_xcom.py
[2026-04-21T04:33:03.465+0000] {logging_mixin.py:188} INFO - [2026-04-21T04:33:03.464+0000] {dag.py:3036} INFO - Sync 1 DAGs
[2026-04-21T04:33:03.488+0000] {logging_mixin.py:188} INFO - [2026-04-21T04:33:03.488+0000] {dag.py:3823} INFO - Setting next_dagrun for example_xcom to 2021-01-01 00:00:00+00:00, run_after=2021-01-01 00:00:00+00:00
[2026-04-21T04:33:03.507+0000] {processor.py:183} INFO - Processing /home/airflow/.local/lib/python3.8/site-packages/airflow/example_dags/example_xcom.py took 0.087 seconds
[2026-04-21T04:33:33.601+0000] {processor.py:161} INFO - Started process (PID=3732405) to work on /home/airflow/.local/lib/python3.8/site-packages/airflow/example_dags/example_xcom.py
[2026-04-21T04:33:33.603+0000] {processor.py:830} INFO - Processing file /home/airflow/.local/lib/python3.8/site-packages/airflow/example_dags/example_xcom.py for tasks to queue
[2026-04-21T04:33:33.606+0000] {logging_mixin.py:188} INFO - [2026-04-21T04:33:33.605+0000] {dagbag.py:538} INFO - Filling up the DagBag from /home/airflow/.local/lib/python3.8/site-packages/airflow/example_dags/example_xcom.py
[2026-04-21T04:33:33.616+0000] {processor.py:840} INFO - DAG(s) 'example_xcom' retrieved from /home/airflow/.local/lib/python3.8/site-packages/airflow/example_dags/example_xcom.py
[2026-04-21T04:33:33.642+0000] {logging_mixin.py:188} INFO - [2026-04-21T04:33:33.642+0000] {dag.py:3036} INFO - Sync 1 DAGs
[2026-04-21T04:33:33.667+0000] {logging_mixin.py:188} INFO - [2026-04-21T04:33:33.667+0000] {dag.py:3823} INFO - Setting next_dagrun for example_xcom to 2021-01-01 00:00:00+00:00, run_after=2021-01-01 00:00:00+00:00
[2026-04-21T04:33:33.686+0000] {processor.py:183} INFO - Processing /home/airflow/.local/lib/python3.8/site-packages/airflow/example_dags/example_xcom.py took 0.090 seconds
[2026-04-21T04:34:03.801+0000] {processor.py:161} INFO - Started process (PID=3732462) to work on /home/airflow/.local/lib/python3.8/site-packages/airflow/example_dags/example_xcom.py
[2026-04-21T04:34:03.803+0000] {processor.py:830} INFO - Processing file /home/airflow/.local/lib/python3.8/site-packages/airflow/example_dags/example_xcom.py for tasks to queue
[2026-04-21T04:34:03.805+0000] {logging_mixin.py:188} INFO - [2026-04-21T04:34:03.805+0000] {dagbag.py:538} INFO - Filling up the DagBag from /home/airflow/.local/lib/python3.8/site-packages/airflow/example_dags/example_xcom.py
[2026-04-21T04:34:03.815+0000] {processor.py:840} INFO - DAG(s) 'example_xcom' retrieved from /home/airflow/.local/lib/python3.8/site-packages/airflow/example_dags/example_xcom.py
[2026-04-21T04:34:03.841+0000] {logging_mixin.py:188} INFO - [2026-04-21T04:34:03.840+0000] {dag.py:3036} INFO - Sync 1 DAGs
[2026-04-21T04:34:03.864+0000] {logging_mixin.py:188} INFO - [2026-04-21T04:34:03.864+0000] {dag.py:3823} INFO - Setting next_dagrun for example_xcom to 2021-01-01 00:00:00+00:00, run_after=2021-01-01 00:00:00+00:00
[2026-04-21T04:34:03.882+0000] {processor.py:183} INFO - Processing /home/airflow/.local/lib/python3.8/site-packages/airflow/example_dags/example_xcom.py took 0.086 seconds
[2026-04-21T04:34:34.112+0000] {processor.py:161} INFO - Started process (PID=3732519) to work on /home/airflow/.local/lib/python3.8/site-packages/airflow/example_dags/example_xcom.py
[2026-04-21T04:34:34.114+0000] {processor.py:830} INFO - Processing file /home/airflow/.local/lib/python3.8/site-packages/airflow/example_dags/example_xcom.py for tasks to queue
[2026-04-21T04:34:34.117+0000] {logging_mixin.py:188} INFO - [2026-04-21T04:34:34.116+0000] {dagbag.py:538} INFO - Filling up the DagBag from /home/airflow/.local/lib/python3.8/site-packages/airflow/example_dags/example_xcom.py
[2026-04-21T04:34:34.127+0000] {processor.py:840} INFO - DAG(s) 'example_xcom' retrieved from /home/airflow/.local/lib/python3.8/site-packages/airflow/example_dags/example_xcom.py
[2026-04-21T04:34:34.153+0000] {logging_mixin.py:188} INFO - [2026-04-21T04:34:34.153+0000] {dag.py:3036} INFO - Sync 1 DAGs
[2026-04-21T04:34:34.178+0000] {logging_mixin.py:188} INFO - [2026-04-21T04:34:34.177+0000] {dag.py:3823} INFO - Setting next_dagrun for example_xcom to 2021-01-01 00:00:00+00:00, run_after=2021-01-01 00:00:00+00:00
[2026-04-21T04:34:34.197+0000] {processor.py:183} INFO - Processing /home/airflow/.local/lib/python3.8/site-packages/airflow/example_dags/example_xcom.py took 0.090 seconds
[2026-04-21T04:35:04.648+0000] {processor.py:161} INFO - Started process (PID=3732576) to work on /home/airflow/.local/lib/python3.8/site-packages/airflow/example_dags/example_xcom.py
[2026-04-21T04:35:04.650+0000] {processor.py:830} INFO - Processing file /home/airflow/.local/lib/python3.8/site-packages/airflow/example_dags/example_xcom.py for tasks to queue
[2026-04-21T04:35:04.652+0000] {logging_mixin.py:188} INFO - [2026-04-21T04:35:04.652+0000] {dagbag.py:538} INFO - Filling up the DagBag from /home/airflow/.local/lib/python3.8/site-packages/airflow/example_dags/example_xcom.py
[2026-04-21T04:35:04.662+0000] {processor.py:840} INFO - DAG(s) 'example_xcom' retrieved from /home/airflow/.local/lib/python3.8/site-packages/airflow/example_dags/example_xcom.py
[2026-04-21T04:35:04.688+0000] {logging_mixin.py:188} INFO - [2026-04-21T04:35:04.687+0000] {dag.py:3036} INFO - Sync 1 DAGs
[2026-04-21T04:35:04.712+0000] {logging_mixin.py:188} INFO - [2026-04-21T04:35:04.711+0000] {dag.py:3823} INFO - Setting next_dagrun for example_xcom to 2021-01-01 00:00:00+00:00, run_after=2021-01-01 00:00:00+00:00
[2026-04-21T04:35:04.731+0000] {processor.py:183} INFO - Processing /home/airflow/.local/lib/python3.8/site-packages/airflow/example_dags/example_xcom.py took 0.088 seconds
[2026-04-21T04:35:34.799+0000] {processor.py:161} INFO - Started process (PID=3732633) to work on /home/airflow/.local/lib/python3.8/site-packages/airflow/example_dags/example_xcom.py
[2026-04-21T04:35:34.801+0000] {processor.py:830} INFO - Processing file /home/airflow/.local/lib/python3.8/site-packages/airflow/example_dags/example_xcom.py for tasks to queue
[2026-04-21T04:35:34.804+0000] {logging_mixin.py:188} INFO - [2026-04-21T04:35:34.803+0000] {dagbag.py:538} INFO - Filling up the DagBag from /home/airflow/.local/lib/python3.8/site-packages/airflow/example_dags/example_xcom.py
[2026-04-21T04:35:34.813+0000] {processor.py:840} INFO - DAG(s) 'example_xcom' retrieved from /home/airflow/.local/lib/python3.8/site-packages/airflow/example_dags/example_xcom.py
[2026-04-21T04:35:34.839+0000] {logging_mixin.py:188} INFO - [2026-04-21T04:35:34.839+0000] {dag.py:3036} INFO - Sync 1 DAGs
[2026-04-21T04:35:34.863+0000] {logging_mixin.py:188} INFO - [2026-04-21T04:35:34.862+0000] {dag.py:3823} INFO - Setting next_dagrun for example_xcom to 2021-01-01 00:00:00+00:00, run_after=2021-01-01 00:00:00+00:00
[2026-04-21T04:35:34.882+0000] {processor.py:183} INFO - Processing /home/airflow/.local/lib/python3.8/site-packages/airflow/example_dags/example_xcom.py took 0.088 seconds
[2026-04-21T04:36:05.020+0000] {processor.py:161} INFO - Started process (PID=3732690) to work on /home/airflow/.local/lib/python3.8/site-packages/airflow/example_dags/example_xcom.py
[2026-04-21T04:36:05.022+0000] {processor.py:830} INFO - Processing file /home/airflow/.local/lib/python3.8/site-packages/airflow/example_dags/example_xcom.py for tasks to queue
[2026-04-21T04:36:05.025+0000] {logging_mixin.py:188} INFO - [2026-04-21T04:36:05.024+0000] {dagbag.py:538} INFO - Filling up the DagBag from /home/airflow/.local/lib/python3.8/site-packages/airflow/example_dags/example_xcom.py
[2026-04-21T04:36:05.034+0000] {processor.py:840} INFO - DAG(s) 'example_xcom' retrieved from /home/airflow/.local/lib/python3.8/site-packages/airflow/example_dags/example_xcom.py
[2026-04-21T04:36:05.060+0000] {logging_mixin.py:188} INFO - [2026-04-21T04:36:05.059+0000] {dag.py:3036} INFO - Sync 1 DAGs
[2026-04-21T04:36:05.083+0000] {logging_mixin.py:188} INFO - [2026-04-21T04:36:05.083+0000] {dag.py:3823} INFO - Setting next_dagrun for example_xcom to 2021-01-01 00:00:00+00:00, run_after=2021-01-01 00:00:00+00:00
[2026-04-21T04:36:05.102+0000] {processor.py:183} INFO - Processing /home/airflow/.local/lib/python3.8/site-packages/airflow/example_dags/example_xcom.py took 0.086 seconds
[2026-04-21T04:36:35.198+0000] {processor.py:161} INFO - Started process (PID=3732747) to work on /home/airflow/.local/lib/python3.8/site-packages/airflow/example_dags/example_xcom.py
[2026-04-21T04:36:35.200+0000] {processor.py:830} INFO - Processing file /home/airflow/.local/lib/python3.8/site-packages/airflow/example_dags/example_xcom.py for tasks to queue
[2026-04-21T04:36:35.203+0000] {logging_mixin.py:188} INFO - [2026-04-21T04:36:35.202+0000] {dagbag.py:538} INFO - Filling up the DagBag from /home/airflow/.local/lib/python3.8/site-packages/airflow/example_dags/example_xcom.py
[2026-04-21T04:36:35.214+0000] {processor.py:840} INFO - DAG(s) 'example_xcom' retrieved from /home/airflow/.local/lib/python3.8/site-packages/airflow/example_dags/example_xcom.py
[2026-04-21T04:36:35.241+0000] {logging_mixin.py:188} INFO - [2026-04-21T04:36:35.240+0000] {dag.py:3036} INFO - Sync 1 DAGs
[2026-04-21T04:36:35.265+0000] {logging_mixin.py:188} INFO - [2026-04-21T04:36:35.265+0000] {dag.py:3823} INFO - Setting next_dagrun for example_xcom to 2021-01-01 00:00:00+00:00, run_after=2021-01-01 00:00:00+00:00
[2026-04-21T04:36:35.285+0000] {processor.py:183} INFO - Processing /home/airflow/.local/lib/python3.8/site-packages/airflow/example_dags/example_xcom.py took 0.092 seconds
[2026-04-21T04:37:05.950+0000] {processor.py:161} INFO - Started process (PID=3732804) to work on /home/airflow/.local/lib/python3.8/site-packages/airflow/example_dags/example_xcom.py
[2026-04-21T04:37:05.952+0000] {processor.py:830} INFO - Processing file /home/airflow/.local/lib/python3.8/site-packages/airflow/example_dags/example_xcom.py for tasks to queue
[2026-04-21T04:37:05.954+0000] {logging_mixin.py:188} INFO - [2026-04-21T04:37:05.954+0000] {dagbag.py:538} INFO - Filling up the DagBag from /home/airflow/.local/lib/python3.8/site-packages/airflow/example_dags/example_xcom.py
[2026-04-21T04:37:05.964+0000] {processor.py:840} INFO - DAG(s) 'example_xcom' retrieved from /home/airflow/.local/lib/python3.8/site-packages/airflow/example_dags/example_xcom.py
[2026-04-21T04:37:05.990+0000] {logging_mixin.py:188} INFO - [2026-04-21T04:37:05.990+0000] {dag.py:3036} INFO - Sync 1 DAGs
[2026-04-21T04:37:06.014+0000] {logging_mixin.py:188} INFO - [2026-04-21T04:37:06.014+0000] {dag.py:3823} INFO - Setting next_dagrun for example_xcom to 2021-01-01 00:00:00+00:00, run_after=2021-01-01 00:00:00+00:00
[2026-04-21T04:37:06.032+0000] {processor.py:183} INFO - Processing /home/airflow/.local/lib/python3.8/site-packages/airflow/example_dags/example_xcom.py took 0.088 seconds
[2026-04-21T04:37:36.704+0000] {processor.py:161} INFO - Started process (PID=3732861) to work on /home/airflow/.local/lib/python3.8/site-packages/airflow/example_dags/example_xcom.py
[2026-04-21T04:37:36.706+0000] {processor.py:830} INFO - Processing file /home/airflow/.local/lib/python3.8/site-packages/airflow/example_dags/example_xcom.py for tasks to queue
[2026-04-21T04:37:36.708+0000] {logging_mixin.py:188} INFO - [2026-04-21T04:37:36.708+0000] {dagbag.py:538} INFO - Filling up the DagBag from /home/airflow/.local/lib/python3.8/site-packages/airflow/example_dags/example_xcom.py
[2026-04-21T04:37:36.719+0000] {processor.py:840} INFO - DAG(s) 'example_xcom' retrieved from /home/airflow/.local/lib/python3.8/site-packages/airflow/example_dags/example_xcom.py
[2026-04-21T04:37:36.744+0000] {logging_mixin.py:188} INFO - [2026-04-21T04:37:36.744+0000] {dag.py:3036} INFO - Sync 1 DAGs
[2026-04-21T04:37:36.771+0000] {logging_mixin.py:188} INFO - [2026-04-21T04:37:36.770+0000] {dag.py:3823} INFO - Setting next_dagrun for example_xcom to 2021-01-01 00:00:00+00:00, run_after=2021-01-01 00:00:00+00:00
[2026-04-21T04:37:36.796+0000] {processor.py:183} INFO - Processing /home/airflow/.local/lib/python3.8/site-packages/airflow/example_dags/example_xcom.py took 0.097 seconds
[2026-04-21T04:38:06.896+0000] {processor.py:161} INFO - Started process (PID=3732918) to work on /home/airflow/.local/lib/python3.8/site-packages/airflow/example_dags/example_xcom.py
[2026-04-21T04:38:06.898+0000] {processor.py:830} INFO - Processing file /home/airflow/.local/lib/python3.8/site-packages/airflow/example_dags/example_xcom.py for tasks to queue
[2026-04-21T04:38:06.900+0000] {logging_mixin.py:188} INFO - [2026-04-21T04:38:06.900+0000] {dagbag.py:538} INFO - Filling up the DagBag from /home/airflow/.local/lib/python3.8/site-packages/airflow/example_dags/example_xcom.py
[2026-04-21T04:38:06.910+0000] {processor.py:840} INFO - DAG(s) 'example_xcom' retrieved from /home/airflow/.local/lib/python3.8/site-packages/airflow/example_dags/example_xcom.py
[2026-04-21T04:38:06.936+0000] {logging_mixin.py:188} INFO - [2026-04-21T04:38:06.936+0000] {dag.py:3036} INFO - Sync 1 DAGs
[2026-04-21T04:38:06.964+0000] {logging_mixin.py:188} INFO - [2026-04-21T04:38:06.964+0000] {dag.py:3823} INFO - Setting next_dagrun for example_xcom to 2021-01-01 00:00:00+00:00, run_after=2021-01-01 00:00:00+00:00
[2026-04-21T04:38:06.983+0000] {processor.py:183} INFO - Processing /home/airflow/.local/lib/python3.8/site-packages/airflow/example_dags/example_xcom.py took 0.092 seconds
[2026-04-21T04:38:37.880+0000] {processor.py:161} INFO - Started process (PID=3732975) to work on /home/airflow/.local/lib/python3.8/site-packages/airflow/example_dags/example_xcom.py
[2026-04-21T04:38:37.882+0000] {processor.py:830} INFO - Processing file /home/airflow/.local/lib/python3.8/site-packages/airflow/example_dags/example_xcom.py for tasks to queue
[2026-04-21T04:38:37.885+0000] {logging_mixin.py:188} INFO - [2026-04-21T04:38:37.884+0000] {dagbag.py:538} INFO - Filling up the DagBag from /home/airflow/.local/lib/python3.8/site-packages/airflow/example_dags/example_xcom.py
[2026-04-21T04:38:37.895+0000] {processor.py:840} INFO - DAG(s) 'example_xcom' retrieved from /home/airflow/.local/lib/python3.8/site-packages/airflow/example_dags/example_xcom.py
[2026-04-21T04:38:37.920+0000] {logging_mixin.py:188} INFO - [2026-04-21T04:38:37.920+0000] {dag.py:3036} INFO - Sync 1 DAGs
[2026-04-21T04:38:37.944+0000] {logging_mixin.py:188} INFO - [2026-04-21T04:38:37.944+0000] {dag.py:3823} INFO - Setting next_dagrun for example_xcom to 2021-01-01 00:00:00+00:00, run_after=2021-01-01 00:00:00+00:00
[2026-04-21T04:38:37.963+0000] {processor.py:183} INFO - Processing /home/airflow/.local/lib/python3.8/site-packages/airflow/example_dags/example_xcom.py took 0.088 seconds
[2026-04-21T04:39:08.041+0000] {processor.py:161} INFO - Started process (PID=3733032) to work on /home/airflow/.local/lib/python3.8/site-packages/airflow/example_dags/example_xcom.py
[2026-04-21T04:39:08.043+0000] {processor.py:830} INFO - Processing file /home/airflow/.local/lib/python3.8/site-packages/airflow/example_dags/example_xcom.py for tasks to queue
[2026-04-21T04:39:08.045+0000] {logging_mixin.py:188} INFO - [2026-04-21T04:39:08.045+0000] {dagbag.py:538} INFO - Filling up the DagBag from /home/airflow/.local/lib/python3.8/site-packages/airflow/example_dags/example_xcom.py
[2026-04-21T04:39:08.055+0000] {processor.py:840} INFO - DAG(s) 'example_xcom' retrieved from /home/airflow/.local/lib/python3.8/site-packages/airflow/example_dags/example_xcom.py
[2026-04-21T04:39:08.081+0000] {logging_mixin.py:188} INFO - [2026-04-21T04:39:08.081+0000] {dag.py:3036} INFO - Sync 1 DAGs
[2026-04-21T04:39:08.105+0000] {logging_mixin.py:188} INFO - [2026-04-21T04:39:08.105+0000] {dag.py:3823} INFO - Setting next_dagrun for example_xcom to 2021-01-01 00:00:00+00:00, run_after=2021-01-01 00:00:00+00:00
[2026-04-21T04:39:08.124+0000] {processor.py:183} INFO - Processing /home/airflow/.local/lib/python3.8/site-packages/airflow/example_dags/example_xcom.py took 0.089 seconds
[2026-04-21T04:39:38.272+0000] {processor.py:161} INFO - Started process (PID=3733089) to work on /home/airflow/.local/lib/python3.8/site-packages/airflow/example_dags/example_xcom.py
[2026-04-21T04:39:38.274+0000] {processor.py:830} INFO - Processing file /home/airflow/.local/lib/python3.8/site-packages/airflow/example_dags/example_xcom.py for tasks to queue
[2026-04-21T04:39:38.277+0000] {logging_mixin.py:188} INFO - [2026-04-21T04:39:38.276+0000] {dagbag.py:538} INFO - Filling up the DagBag from /home/airflow/.local/lib/python3.8/site-packages/airflow/example_dags/example_xcom.py
[2026-04-21T04:39:38.287+0000] {processor.py:840} INFO - DAG(s) 'example_xcom' retrieved from /home/airflow/.local/lib/python3.8/site-packages/airflow/example_dags/example_xcom.py
[2026-04-21T04:39:38.314+0000] {logging_mixin.py:188} INFO - [2026-04-21T04:39:38.314+0000] {dag.py:3036} INFO - Sync 1 DAGs
[2026-04-21T04:39:38.338+0000] {logging_mixin.py:188} INFO - [2026-04-21T04:39:38.338+0000] {dag.py:3823} INFO - Setting next_dagrun for example_xcom to 2021-01-01 00:00:00+00:00, run_after=2021-01-01 00:00:00+00:00
[2026-04-21T04:39:38.358+0000] {processor.py:183} INFO - Processing /home/airflow/.local/lib/python3.8/site-packages/airflow/example_dags/example_xcom.py took 0.091 seconds
[2026-04-21T04:40:08.618+0000] {processor.py:161} INFO - Started process (PID=3733146) to work on /home/airflow/.local/lib/python3.8/site-packages/airflow/example_dags/example_xcom.py
[2026-04-21T04:40:08.620+0000] {processor.py:830} INFO - Processing file /home/airflow/.local/lib/python3.8/site-packages/airflow/example_dags/example_xcom.py for tasks to queue
[2026-04-21T04:40:08.622+0000] {logging_mixin.py:188} INFO - [2026-04-21T04:40:08.622+0000] {dagbag.py:538} INFO - Filling up the DagBag from /home/airflow/.local/lib/python3.8/site-packages/airflow/example_dags/example_xcom.py
[2026-04-21T04:40:08.632+0000] {processor.py:840} INFO - DAG(s) 'example_xcom' retrieved from /home/airflow/.local/lib/python3.8/site-packages/airflow/example_dags/example_xcom.py
[2026-04-21T04:40:08.658+0000] {logging_mixin.py:188} INFO - [2026-04-21T04:40:08.657+0000] {dag.py:3036} INFO - Sync 1 DAGs
[2026-04-21T04:40:08.682+0000] {logging_mixin.py:188} INFO - [2026-04-21T04:40:08.682+0000] {dag.py:3823} INFO - Setting next_dagrun for example_xcom to 2021-01-01 00:00:00+00:00, run_after=2021-01-01 00:00:00+00:00
[2026-04-21T04:40:08.701+0000] {processor.py:183} INFO - Processing /home/airflow/.local/lib/python3.8/site-packages/airflow/example_dags/example_xcom.py took 0.088 seconds
[2026-04-21T04:40:38.963+0000] {processor.py:161} INFO - Started process (PID=3733203) to work on /home/airflow/.local/lib/python3.8/site-packages/airflow/example_dags/example_xcom.py
[2026-04-21T04:40:38.965+0000] {processor.py:830} INFO - Processing file /home/airflow/.local/lib/python3.8/site-packages/airflow/example_dags/example_xcom.py for tasks to queue
[2026-04-21T04:40:38.967+0000] {logging_mixin.py:188} INFO - [2026-04-21T04:40:38.967+0000] {dagbag.py:538} INFO - Filling up the DagBag from /home/airflow/.local/lib/python3.8/site-packages/airflow/example_dags/example_xcom.py
[2026-04-21T04:40:38.977+0000] {processor.py:840} INFO - DAG(s) 'example_xcom' retrieved from /home/airflow/.local/lib/python3.8/site-packages/airflow/example_dags/example_xcom.py
[2026-04-21T04:40:39.003+0000] {logging_mixin.py:188} INFO - [2026-04-21T04:40:39.003+0000] {dag.py:3036} INFO - Sync 1 DAGs
[2026-04-21T04:40:39.026+0000] {logging_mixin.py:188} INFO - [2026-04-21T04:40:39.026+0000] {dag.py:3823} INFO - Setting next_dagrun for example_xcom to 2021-01-01 00:00:00+00:00, run_after=2021-01-01 00:00:00+00:00
[2026-04-21T04:40:39.045+0000] {processor.py:183} INFO - Processing /home/airflow/.local/lib/python3.8/site-packages/airflow/example_dags/example_xcom.py took 0.087 seconds
[2026-04-21T04:41:09.647+0000] {processor.py:161} INFO - Started process (PID=3733260) to work on /home/airflow/.local/lib/python3.8/site-packages/airflow/example_dags/example_xcom.py
[2026-04-21T04:41:09.649+0000] {processor.py:830} INFO - Processing file /home/airflow/.local/lib/python3.8/site-packages/airflow/example_dags/example_xcom.py for tasks to queue
[2026-04-21T04:41:09.652+0000] {logging_mixin.py:188} INFO - [2026-04-21T04:41:09.651+0000] {dagbag.py:538} INFO - Filling up the DagBag from /home/airflow/.local/lib/python3.8/site-packages/airflow/example_dags/example_xcom.py
[2026-04-21T04:41:09.662+0000] {processor.py:840} INFO - DAG(s) 'example_xcom' retrieved from /home/airflow/.local/lib/python3.8/site-packages/airflow/example_dags/example_xcom.py
[2026-04-21T04:41:09.688+0000] {logging_mixin.py:188} INFO - [2026-04-21T04:41:09.688+0000] {dag.py:3036} INFO - Sync 1 DAGs
[2026-04-21T04:41:09.712+0000] {logging_mixin.py:188} INFO - [2026-04-21T04:41:09.712+0000] {dag.py:3823} INFO - Setting next_dagrun for example_xcom to 2021-01-01 00:00:00+00:00, run_after=2021-01-01 00:00:00+00:00
[2026-04-21T04:41:09.732+0000] {processor.py:183} INFO - Processing /home/airflow/.local/lib/python3.8/site-packages/airflow/example_dags/example_xcom.py took 0.090 seconds
[2026-04-21T04:41:40.287+0000] {processor.py:161} INFO - Started process (PID=3733317) to work on /home/airflow/.local/lib/python3.8/site-packages/airflow/example_dags/example_xcom.py
[2026-04-21T04:41:40.289+0000] {processor.py:830} INFO - Processing file /home/airflow/.local/lib/python3.8/site-packages/airflow/example_dags/example_xcom.py for tasks to queue
[2026-04-21T04:41:40.291+0000] {logging_mixin.py:188} INFO - [2026-04-21T04:41:40.291+0000] {dagbag.py:538} INFO - Filling up the DagBag from /home/airflow/.local/lib/python3.8/site-packages/airflow/example_dags/example_xcom.py
[2026-04-21T04:41:40.301+0000] {processor.py:840} INFO - DAG(s) 'example_xcom' retrieved from /home/airflow/.local/lib/python3.8/site-packages/airflow/example_dags/example_xcom.py
[2026-04-21T04:41:40.328+0000] {logging_mixin.py:188} INFO - [2026-04-21T04:41:40.327+0000] {dag.py:3036} INFO - Sync 1 DAGs
[2026-04-21T04:41:40.352+0000] {logging_mixin.py:188} INFO - [2026-04-21T04:41:40.351+0000] {dag.py:3823} INFO - Setting next_dagrun for example_xcom to 2021-01-01 00:00:00+00:00, run_after=2021-01-01 00:00:00+00:00
[2026-04-21T04:41:40.370+0000] {processor.py:183} INFO - Processing /home/airflow/.local/lib/python3.8/site-packages/airflow/example_dags/example_xcom.py took 0.088 seconds
[2026-04-21T04:42:11.054+0000] {processor.py:161} INFO - Started process (PID=3733374) to work on /home/airflow/.local/lib/python3.8/site-packages/airflow/example_dags/example_xcom.py
[2026-04-21T04:42:11.056+0000] {processor.py:830} INFO - Processing file /home/airflow/.local/lib/python3.8/site-packages/airflow/example_dags/example_xcom.py for tasks to queue
[2026-04-21T04:42:11.058+0000] {logging_mixin.py:188} INFO - [2026-04-21T04:42:11.058+0000] {dagbag.py:538} INFO - Filling up the DagBag from /home/airflow/.local/lib/python3.8/site-packages/airflow/example_dags/example_xcom.py
[2026-04-21T04:42:11.068+0000] {processor.py:840} INFO - DAG(s) 'example_xcom' retrieved from /home/airflow/.local/lib/python3.8/site-packages/airflow/example_dags/example_xcom.py
[2026-04-21T04:42:11.095+0000] {logging_mixin.py:188} INFO - [2026-04-21T04:42:11.095+0000] {dag.py:3036} INFO - Sync 1 DAGs
[2026-04-21T04:42:11.119+0000] {logging_mixin.py:188} INFO - [2026-04-21T04:42:11.119+0000] {dag.py:3823} INFO - Setting next_dagrun for example_xcom to 2021-01-01 00:00:00+00:00, run_after=2021-01-01 00:00:00+00:00
[2026-04-21T04:42:11.140+0000] {processor.py:183} INFO - Processing /home/airflow/.local/lib/python3.8/site-packages/airflow/example_dags/example_xcom.py took 0.091 seconds
[2026-04-21T04:42:41.309+0000] {processor.py:161} INFO - Started process (PID=3733431) to work on /home/airflow/.local/lib/python3.8/site-packages/airflow/example_dags/example_xcom.py
[2026-04-21T04:42:41.312+0000] {processor.py:830} INFO - Processing file /home/airflow/.local/lib/python3.8/site-packages/airflow/example_dags/example_xcom.py for tasks to queue
[2026-04-21T04:42:41.315+0000] {logging_mixin.py:188} INFO - [2026-04-21T04:42:41.314+0000] {dagbag.py:538} INFO - Filling up the DagBag from /home/airflow/.local/lib/python3.8/site-packages/airflow/example_dags/example_xcom.py
[2026-04-21T04:42:41.325+0000] {processor.py:840} INFO - DAG(s) 'example_xcom' retrieved from /home/airflow/.local/lib/python3.8/site-packages/airflow/example_dags/example_xcom.py
[2026-04-21T04:42:41.353+0000] {logging_mixin.py:188} INFO - [2026-04-21T04:42:41.352+0000] {dag.py:3036} INFO - Sync 1 DAGs
[2026-04-21T04:42:41.377+0000] {logging_mixin.py:188} INFO - [2026-04-21T04:42:41.377+0000] {dag.py:3823} INFO - Setting next_dagrun for example_xcom to 2021-01-01 00:00:00+00:00, run_after=2021-01-01 00:00:00+00:00
[2026-04-21T04:42:41.396+0000] {processor.py:183} INFO - Processing /home/airflow/.local/lib/python3.8/site-packages/airflow/example_dags/example_xcom.py took 0.091 seconds
[2026-04-21T04:43:11.451+0000] {processor.py:161} INFO - Started process (PID=3733488) to work on /home/airflow/.local/lib/python3.8/site-packages/airflow/example_dags/example_xcom.py
[2026-04-21T04:43:11.453+0000] {processor.py:830} INFO - Processing file /home/airflow/.local/lib/python3.8/site-packages/airflow/example_dags/example_xcom.py for tasks to queue
[2026-04-21T04:43:11.456+0000] {logging_mixin.py:188} INFO - [2026-04-21T04:43:11.455+0000] {dagbag.py:538} INFO - Filling up the DagBag from /home/airflow/.local/lib/python3.8/site-packages/airflow/example_dags/example_xcom.py
[2026-04-21T04:43:11.466+0000] {processor.py:840} INFO - DAG(s) 'example_xcom' retrieved from /home/airflow/.local/lib/python3.8/site-packages/airflow/example_dags/example_xcom.py
[2026-04-21T04:43:11.491+0000] {logging_mixin.py:188} INFO - [2026-04-21T04:43:11.491+0000] {dag.py:3036} INFO - Sync 1 DAGs
[2026-04-21T04:43:11.515+0000] {logging_mixin.py:188} INFO - [2026-04-21T04:43:11.515+0000] {dag.py:3823} INFO - Setting next_dagrun for example_xcom to 2021-01-01 00:00:00+00:00, run_after=2021-01-01 00:00:00+00:00
[2026-04-21T04:43:11.533+0000] {processor.py:183} INFO - Processing /home/airflow/.local/lib/python3.8/site-packages/airflow/example_dags/example_xcom.py took 0.087 seconds
[2026-04-21T04:43:41.828+0000] {processor.py:161} INFO - Started process (PID=3733545) to work on /home/airflow/.local/lib/python3.8/site-packages/airflow/example_dags/example_xcom.py
[2026-04-21T04:43:41.832+0000] {processor.py:830} INFO - Processing file /home/airflow/.local/lib/python3.8/site-packages/airflow/example_dags/example_xcom.py for tasks to queue
[2026-04-21T04:43:41.834+0000] {logging_mixin.py:188} INFO - [2026-04-21T04:43:41.834+0000] {dagbag.py:538} INFO - Filling up the DagBag from /home/airflow/.local/lib/python3.8/site-packages/airflow/example_dags/example_xcom.py
[2026-04-21T04:43:41.844+0000] {processor.py:840} INFO - DAG(s) 'example_xcom' retrieved from /home/airflow/.local/lib/python3.8/site-packages/airflow/example_dags/example_xcom.py
[2026-04-21T04:43:41.870+0000] {logging_mixin.py:188} INFO - [2026-04-21T04:43:41.870+0000] {dag.py:3036} INFO - Sync 1 DAGs
[2026-04-21T04:43:41.894+0000] {logging_mixin.py:188} INFO - [2026-04-21T04:43:41.894+0000] {dag.py:3823} INFO - Setting next_dagrun for example_xcom to 2021-01-01 00:00:00+00:00, run_after=2021-01-01 00:00:00+00:00
[2026-04-21T04:43:41.913+0000] {processor.py:183} INFO - Processing /home/airflow/.local/lib/python3.8/site-packages/airflow/example_dags/example_xcom.py took 0.090 seconds
[2026-04-21T04:44:12.221+0000] {processor.py:161} INFO - Started process (PID=3733602) to work on /home/airflow/.local/lib/python3.8/site-packages/airflow/example_dags/example_xcom.py
[2026-04-21T04:44:12.223+0000] {processor.py:830} INFO - Processing file /home/airflow/.local/lib/python3.8/site-packages/airflow/example_dags/example_xcom.py for tasks to queue
[2026-04-21T04:44:12.225+0000] {logging_mixin.py:188} INFO - [2026-04-21T04:44:12.225+0000] {dagbag.py:538} INFO - Filling up the DagBag from /home/airflow/.local/lib/python3.8/site-packages/airflow/example_dags/example_xcom.py
[2026-04-21T04:44:12.236+0000] {processor.py:840} INFO - DAG(s) 'example_xcom' retrieved from /home/airflow/.local/lib/python3.8/site-packages/airflow/example_dags/example_xcom.py
[2026-04-21T04:44:12.263+0000] {logging_mixin.py:188} INFO - [2026-04-21T04:44:12.262+0000] {dag.py:3036} INFO - Sync 1 DAGs
[2026-04-21T04:44:12.288+0000] {logging_mixin.py:188} INFO - [2026-04-21T04:44:12.287+0000] {dag.py:3823} INFO - Setting next_dagrun for example_xcom to 2021-01-01 00:00:00+00:00, run_after=2021-01-01 00:00:00+00:00
[2026-04-21T04:44:12.308+0000] {processor.py:183} INFO - Processing /home/airflow/.local/lib/python3.8/site-packages/airflow/example_dags/example_xcom.py took 0.093 seconds
[2026-04-21T04:44:42.658+0000] {processor.py:161} INFO - Started process (PID=3733659) to work on /home/airflow/.local/lib/python3.8/site-packages/airflow/example_dags/example_xcom.py
[2026-04-21T04:44:42.660+0000] {processor.py:830} INFO - Processing file /home/airflow/.local/lib/python3.8/site-packages/airflow/example_dags/example_xcom.py for tasks to queue
[2026-04-21T04:44:42.662+0000] {logging_mixin.py:188} INFO - [2026-04-21T04:44:42.662+0000] {dagbag.py:538} INFO - Filling up the DagBag from /home/airflow/.local/lib/python3.8/site-packages/airflow/example_dags/example_xcom.py
[2026-04-21T04:44:42.672+0000] {processor.py:840} INFO - DAG(s) 'example_xcom' retrieved from /home/airflow/.local/lib/python3.8/site-packages/airflow/example_dags/example_xcom.py
[2026-04-21T04:44:42.703+0000] {logging_mixin.py:188} INFO - [2026-04-21T04:44:42.703+0000] {dag.py:3036} INFO - Sync 1 DAGs
[2026-04-21T04:44:42.731+0000] {logging_mixin.py:188} INFO - [2026-04-21T04:44:42.731+0000] {dag.py:3823} INFO - Setting next_dagrun for example_xcom to 2021-01-01 00:00:00+00:00, run_after=2021-01-01 00:00:00+00:00
[2026-04-21T04:44:42.754+0000] {processor.py:183} INFO - Processing /home/airflow/.local/lib/python3.8/site-packages/airflow/example_dags/example_xcom.py took 0.101 seconds
[2026-04-21T04:45:13.176+0000] {processor.py:161} INFO - Started process (PID=3733716) to work on /home/airflow/.local/lib/python3.8/site-packages/airflow/example_dags/example_xcom.py
[2026-04-21T04:45:13.178+0000] {processor.py:830} INFO - Processing file /home/airflow/.local/lib/python3.8/site-packages/airflow/example_dags/example_xcom.py for tasks to queue
[2026-04-21T04:45:13.181+0000] {logging_mixin.py:188} INFO - [2026-04-21T04:45:13.180+0000] {dagbag.py:538} INFO - Filling up the DagBag from /home/airflow/.local/lib/python3.8/site-packages/airflow/example_dags/example_xcom.py
[2026-04-21T04:45:13.192+0000] {processor.py:840} INFO - DAG(s) 'example_xcom' retrieved from /home/airflow/.local/lib/python3.8/site-packages/airflow/example_dags/example_xcom.py
[2026-04-21T04:45:13.223+0000] {logging_mixin.py:188} INFO - [2026-04-21T04:45:13.223+0000] {dag.py:3036} INFO - Sync 1 DAGs
[2026-04-21T04:45:13.263+0000] {logging_mixin.py:188} INFO - [2026-04-21T04:45:13.262+0000] {dag.py:3823} INFO - Setting next_dagrun for example_xcom to 2021-01-01 00:00:00+00:00, run_after=2021-01-01 00:00:00+00:00
[2026-04-21T04:45:13.293+0000] {processor.py:183} INFO - Processing /home/airflow/.local/lib/python3.8/site-packages/airflow/example_dags/example_xcom.py took 0.123 seconds
[2026-04-21T04:45:43.455+0000] {processor.py:161} INFO - Started process (PID=3733773) to work on /home/airflow/.local/lib/python3.8/site-packages/airflow/example_dags/example_xcom.py
[2026-04-21T04:45:43.457+0000] {processor.py:830} INFO - Processing file /home/airflow/.local/lib/python3.8/site-packages/airflow/example_dags/example_xcom.py for tasks to queue
[2026-04-21T04:45:43.460+0000] {logging_mixin.py:188} INFO - [2026-04-21T04:45:43.460+0000] {dagbag.py:538} INFO - Filling up the DagBag from /home/airflow/.local/lib/python3.8/site-packages/airflow/example_dags/example_xcom.py
[2026-04-21T04:45:43.476+0000] {processor.py:840} INFO - DAG(s) 'example_xcom' retrieved from /home/airflow/.local/lib/python3.8/site-packages/airflow/example_dags/example_xcom.py
[2026-04-21T04:45:43.512+0000] {logging_mixin.py:188} INFO - [2026-04-21T04:45:43.512+0000] {dag.py:3036} INFO - Sync 1 DAGs
[2026-04-21T04:45:43.548+0000] {logging_mixin.py:188} INFO - [2026-04-21T04:45:43.548+0000] {dag.py:3823} INFO - Setting next_dagrun for example_xcom to 2021-01-01 00:00:00+00:00, run_after=2021-01-01 00:00:00+00:00
[2026-04-21T04:45:43.574+0000] {processor.py:183} INFO - Processing /home/airflow/.local/lib/python3.8/site-packages/airflow/example_dags/example_xcom.py took 0.124 seconds
[2026-04-21T04:46:13.865+0000] {processor.py:161} INFO - Started process (PID=3733830) to work on /home/airflow/.local/lib/python3.8/site-packages/airflow/example_dags/example_xcom.py
[2026-04-21T04:46:13.867+0000] {processor.py:830} INFO - Processing file /home/airflow/.local/lib/python3.8/site-packages/airflow/example_dags/example_xcom.py for tasks to queue
[2026-04-21T04:46:13.869+0000] {logging_mixin.py:188} INFO - [2026-04-21T04:46:13.869+0000] {dagbag.py:538} INFO - Filling up the DagBag from /home/airflow/.local/lib/python3.8/site-packages/airflow/example_dags/example_xcom.py
[2026-04-21T04:46:13.879+0000] {processor.py:840} INFO - DAG(s) 'example_xcom' retrieved from /home/airflow/.local/lib/python3.8/site-packages/airflow/example_dags/example_xcom.py
[2026-04-21T04:46:13.906+0000] {logging_mixin.py:188} INFO - [2026-04-21T04:46:13.906+0000] {dag.py:3036} INFO - Sync 1 DAGs
[2026-04-21T04:46:13.931+0000] {logging_mixin.py:188} INFO - [2026-04-21T04:46:13.931+0000] {dag.py:3823} INFO - Setting next_dagrun for example_xcom to 2021-01-01 00:00:00+00:00, run_after=2021-01-01 00:00:00+00:00
[2026-04-21T04:46:13.952+0000] {processor.py:183} INFO - Processing /home/airflow/.local/lib/python3.8/site-packages/airflow/example_dags/example_xcom.py took 0.092 seconds
[2026-04-21T04:46:43.990+0000] {processor.py:161} INFO - Started process (PID=3733887) to work on /home/airflow/.local/lib/python3.8/site-packages/airflow/example_dags/example_xcom.py
[2026-04-21T04:46:43.992+0000] {processor.py:830} INFO - Processing file /home/airflow/.local/lib/python3.8/site-packages/airflow/example_dags/example_xcom.py for tasks to queue
[2026-04-21T04:46:43.994+0000] {logging_mixin.py:188} INFO - [2026-04-21T04:46:43.994+0000] {dagbag.py:538} INFO - Filling up the DagBag from /home/airflow/.local/lib/python3.8/site-packages/airflow/example_dags/example_xcom.py
[2026-04-21T04:46:44.005+0000] {processor.py:840} INFO - DAG(s) 'example_xcom' retrieved from /home/airflow/.local/lib/python3.8/site-packages/airflow/example_dags/example_xcom.py
[2026-04-21T04:46:44.033+0000] {logging_mixin.py:188} INFO - [2026-04-21T04:46:44.032+0000] {dag.py:3036} INFO - Sync 1 DAGs
[2026-04-21T04:46:44.058+0000] {logging_mixin.py:188} INFO - [2026-04-21T04:46:44.058+0000] {dag.py:3823} INFO - Setting next_dagrun for example_xcom to 2021-01-01 00:00:00+00:00, run_after=2021-01-01 00:00:00+00:00
[2026-04-21T04:46:44.079+0000] {processor.py:183} INFO - Processing /home/airflow/.local/lib/python3.8/site-packages/airflow/example_dags/example_xcom.py took 0.095 seconds
[2026-04-21T04:47:14.581+0000] {processor.py:161} INFO - Started process (PID=3733945) to work on /home/airflow/.local/lib/python3.8/site-packages/airflow/example_dags/example_xcom.py
[2026-04-21T04:47:14.582+0000] {processor.py:830} INFO - Processing file /home/airflow/.local/lib/python3.8/site-packages/airflow/example_dags/example_xcom.py for tasks to queue
[2026-04-21T04:47:14.585+0000] {logging_mixin.py:188} INFO - [2026-04-21T04:47:14.584+0000] {dagbag.py:538} INFO - Filling up the DagBag from /home/airflow/.local/lib/python3.8/site-packages/airflow/example_dags/example_xcom.py
[2026-04-21T04:47:14.596+0000] {processor.py:840} INFO - DAG(s) 'example_xcom' retrieved from /home/airflow/.local/lib/python3.8/site-packages/airflow/example_dags/example_xcom.py
[2026-04-21T04:47:14.625+0000] {logging_mixin.py:188} INFO - [2026-04-21T04:47:14.624+0000] {dag.py:3036} INFO - Sync 1 DAGs
[2026-04-21T04:47:14.650+0000] {logging_mixin.py:188} INFO - [2026-04-21T04:47:14.649+0000] {dag.py:3823} INFO - Setting next_dagrun for example_xcom to 2021-01-01 00:00:00+00:00, run_after=2021-01-01 00:00:00+00:00
[2026-04-21T04:47:14.669+0000] {processor.py:183} INFO - Processing /home/airflow/.local/lib/python3.8/site-packages/airflow/example_dags/example_xcom.py took 0.093 seconds
[2026-04-21T04:47:44.729+0000] {processor.py:161} INFO - Started process (PID=3734002) to work on /home/airflow/.local/lib/python3.8/site-packages/airflow/example_dags/example_xcom.py
[2026-04-21T04:47:44.731+0000] {processor.py:830} INFO - Processing file /home/airflow/.local/lib/python3.8/site-packages/airflow/example_dags/example_xcom.py for tasks to queue
[2026-04-21T04:47:44.733+0000] {logging_mixin.py:188} INFO - [2026-04-21T04:47:44.733+0000] {dagbag.py:538} INFO - Filling up the DagBag from /home/airflow/.local/lib/python3.8/site-packages/airflow/example_dags/example_xcom.py
[2026-04-21T04:47:44.744+0000] {processor.py:840} INFO - DAG(s) 'example_xcom' retrieved from /home/airflow/.local/lib/python3.8/site-packages/airflow/example_dags/example_xcom.py
[2026-04-21T04:47:44.771+0000] {logging_mixin.py:188} INFO - [2026-04-21T04:47:44.771+0000] {dag.py:3036} INFO - Sync 1 DAGs
[2026-04-21T04:47:44.800+0000] {logging_mixin.py:188} INFO - [2026-04-21T04:47:44.800+0000] {dag.py:3823} INFO - Setting next_dagrun for example_xcom to 2021-01-01 00:00:00+00:00, run_after=2021-01-01 00:00:00+00:00
[2026-04-21T04:47:44.825+0000] {processor.py:183} INFO - Processing /home/airflow/.local/lib/python3.8/site-packages/airflow/example_dags/example_xcom.py took 0.101 seconds
[2026-04-21T04:48:14.962+0000] {processor.py:161} INFO - Started process (PID=3734059) to work on /home/airflow/.local/lib/python3.8/site-packages/airflow/example_dags/example_xcom.py
[2026-04-21T04:48:14.964+0000] {processor.py:830} INFO - Processing file /home/airflow/.local/lib/python3.8/site-packages/airflow/example_dags/example_xcom.py for tasks to queue
[2026-04-21T04:48:14.967+0000] {logging_mixin.py:188} INFO - [2026-04-21T04:48:14.966+0000] {dagbag.py:538} INFO - Filling up the DagBag from /home/airflow/.local/lib/python3.8/site-packages/airflow/example_dags/example_xcom.py
[2026-04-21T04:48:14.977+0000] {processor.py:840} INFO - DAG(s) 'example_xcom' retrieved from /home/airflow/.local/lib/python3.8/site-packages/airflow/example_dags/example_xcom.py
[2026-04-21T04:48:15.003+0000] {logging_mixin.py:188} INFO - [2026-04-21T04:48:15.003+0000] {dag.py:3036} INFO - Sync 1 DAGs
[2026-04-21T04:48:15.028+0000] {logging_mixin.py:188} INFO - [2026-04-21T04:48:15.027+0000] {dag.py:3823} INFO - Setting next_dagrun for example_xcom to 2021-01-01 00:00:00+00:00, run_after=2021-01-01 00:00:00+00:00
[2026-04-21T04:48:15.047+0000] {processor.py:183} INFO - Processing /home/airflow/.local/lib/python3.8/site-packages/airflow/example_dags/example_xcom.py took 0.090 seconds
[2026-04-21T04:48:45.466+0000] {processor.py:161} INFO - Started process (PID=3734116) to work on /home/airflow/.local/lib/python3.8/site-packages/airflow/example_dags/example_xcom.py
[2026-04-21T04:48:45.467+0000] {processor.py:830} INFO - Processing file /home/airflow/.local/lib/python3.8/site-packages/airflow/example_dags/example_xcom.py for tasks to queue
[2026-04-21T04:48:45.470+0000] {logging_mixin.py:188} INFO - [2026-04-21T04:48:45.469+0000] {dagbag.py:538} INFO - Filling up the DagBag from /home/airflow/.local/lib/python3.8/site-packages/airflow/example_dags/example_xcom.py
[2026-04-21T04:48:45.480+0000] {processor.py:840} INFO - DAG(s) 'example_xcom' retrieved from /home/airflow/.local/lib/python3.8/site-packages/airflow/example_dags/example_xcom.py
[2026-04-21T04:48:45.506+0000] {logging_mixin.py:188} INFO - [2026-04-21T04:48:45.506+0000] {dag.py:3036} INFO - Sync 1 DAGs
[2026-04-21T04:48:45.531+0000] {logging_mixin.py:188} INFO - [2026-04-21T04:48:45.530+0000] {dag.py:3823} INFO - Setting next_dagrun for example_xcom to 2021-01-01 00:00:00+00:00, run_after=2021-01-01 00:00:00+00:00
[2026-04-21T04:48:45.552+0000] {processor.py:183} INFO - Processing /home/airflow/.local/lib/python3.8/site-packages/airflow/example_dags/example_xcom.py took 0.091 seconds
[2026-04-21T04:49:15.778+0000] {processor.py:161} INFO - Started process (PID=3734173) to work on /home/airflow/.local/lib/python3.8/site-packages/airflow/example_dags/example_xcom.py
[2026-04-21T04:49:15.780+0000] {processor.py:830} INFO - Processing file /home/airflow/.local/lib/python3.8/site-packages/airflow/example_dags/example_xcom.py for tasks to queue
[2026-04-21T04:49:15.783+0000] {logging_mixin.py:188} INFO - [2026-04-21T04:49:15.782+0000] {dagbag.py:538} INFO - Filling up the DagBag from /home/airflow/.local/lib/python3.8/site-packages/airflow/example_dags/example_xcom.py
[2026-04-21T04:49:15.792+0000] {processor.py:840} INFO - DAG(s) 'example_xcom' retrieved from /home/airflow/.local/lib/python3.8/site-packages/airflow/example_dags/example_xcom.py
[2026-04-21T04:49:15.820+0000] {logging_mixin.py:188} INFO - [2026-04-21T04:49:15.820+0000] {dag.py:3036} INFO - Sync 1 DAGs
[2026-04-21T04:49:15.846+0000] {logging_mixin.py:188} INFO - [2026-04-21T04:49:15.846+0000] {dag.py:3823} INFO - Setting next_dagrun for example_xcom to 2021-01-01 00:00:00+00:00, run_after=2021-01-01 00:00:00+00:00
[2026-04-21T04:49:15.875+0000] {processor.py:183} INFO - Processing /home/airflow/.local/lib/python3.8/site-packages/airflow/example_dags/example_xcom.py took 0.101 seconds
[2026-04-21T04:49:46.087+0000] {processor.py:161} INFO - Started process (PID=3734230) to work on /home/airflow/.local/lib/python3.8/site-packages/airflow/example_dags/example_xcom.py
[2026-04-21T04:49:46.088+0000] {processor.py:830} INFO - Processing file /home/airflow/.local/lib/python3.8/site-packages/airflow/example_dags/example_xcom.py for tasks to queue
[2026-04-21T04:49:46.091+0000] {logging_mixin.py:188} INFO - [2026-04-21T04:49:46.091+0000] {dagbag.py:538} INFO - Filling up the DagBag from /home/airflow/.local/lib/python3.8/site-packages/airflow/example_dags/example_xcom.py
[2026-04-21T04:49:46.101+0000] {processor.py:840} INFO - DAG(s) 'example_xcom' retrieved from /home/airflow/.local/lib/python3.8/site-packages/airflow/example_dags/example_xcom.py
[2026-04-21T04:49:46.127+0000] {logging_mixin.py:188} INFO - [2026-04-21T04:49:46.127+0000] {dag.py:3036} INFO - Sync 1 DAGs
[2026-04-21T04:49:46.152+0000] {logging_mixin.py:188} INFO - [2026-04-21T04:49:46.152+0000] {dag.py:3823} INFO - Setting next_dagrun for example_xcom to 2021-01-01 00:00:00+00:00, run_after=2021-01-01 00:00:00+00:00
[2026-04-21T04:49:46.172+0000] {processor.py:183} INFO - Processing /home/airflow/.local/lib/python3.8/site-packages/airflow/example_dags/example_xcom.py took 0.090 seconds
[2026-04-21T04:50:16.274+0000] {processor.py:161} INFO - Started process (PID=3734287) to work on /home/airflow/.local/lib/python3.8/site-packages/airflow/example_dags/example_xcom.py
[2026-04-21T04:50:16.277+0000] {processor.py:830} INFO - Processing file /home/airflow/.local/lib/python3.8/site-packages/airflow/example_dags/example_xcom.py for tasks to queue
[2026-04-21T04:50:16.279+0000] {logging_mixin.py:188} INFO - [2026-04-21T04:50:16.279+0000] {dagbag.py:538} INFO - Filling up the DagBag from /home/airflow/.local/lib/python3.8/site-packages/airflow/example_dags/example_xcom.py
[2026-04-21T04:50:16.289+0000] {processor.py:840} INFO - DAG(s) 'example_xcom' retrieved from /home/airflow/.local/lib/python3.8/site-packages/airflow/example_dags/example_xcom.py
[2026-04-21T04:50:16.317+0000] {logging_mixin.py:188} INFO - [2026-04-21T04:50:16.316+0000] {dag.py:3036} INFO - Sync 1 DAGs
[2026-04-21T04:50:16.345+0000] {logging_mixin.py:188} INFO - [2026-04-21T04:50:16.344+0000] {dag.py:3823} INFO - Setting next_dagrun for example_xcom to 2021-01-01 00:00:00+00:00, run_after=2021-01-01 00:00:00+00:00
[2026-04-21T04:50:16.365+0000] {processor.py:183} INFO - Processing /home/airflow/.local/lib/python3.8/site-packages/airflow/example_dags/example_xcom.py took 0.098 seconds
[2026-04-21T04:50:46.575+0000] {processor.py:161} INFO - Started process (PID=3734344) to work on /home/airflow/.local/lib/python3.8/site-packages/airflow/example_dags/example_xcom.py
[2026-04-21T04:50:46.577+0000] {processor.py:830} INFO - Processing file /home/airflow/.local/lib/python3.8/site-packages/airflow/example_dags/example_xcom.py for tasks to queue
[2026-04-21T04:50:46.579+0000] {logging_mixin.py:188} INFO - [2026-04-21T04:50:46.579+0000] {dagbag.py:538} INFO - Filling up the DagBag from /home/airflow/.local/lib/python3.8/site-packages/airflow/example_dags/example_xcom.py
[2026-04-21T04:50:46.589+0000] {processor.py:840} INFO - DAG(s) 'example_xcom' retrieved from /home/airflow/.local/lib/python3.8/site-packages/airflow/example_dags/example_xcom.py
[2026-04-21T04:50:46.615+0000] {logging_mixin.py:188} INFO - [2026-04-21T04:50:46.615+0000] {dag.py:3036} INFO - Sync 1 DAGs
[2026-04-21T04:50:46.639+0000] {logging_mixin.py:188} INFO - [2026-04-21T04:50:46.639+0000] {dag.py:3823} INFO - Setting next_dagrun for example_xcom to 2021-01-01 00:00:00+00:00, run_after=2021-01-01 00:00:00+00:00
[2026-04-21T04:50:46.659+0000] {processor.py:183} INFO - Processing /home/airflow/.local/lib/python3.8/site-packages/airflow/example_dags/example_xcom.py took 0.088 seconds
[2026-04-21T04:51:16.762+0000] {processor.py:161} INFO - Started process (PID=3734401) to work on /home/airflow/.local/lib/python3.8/site-packages/airflow/example_dags/example_xcom.py
[2026-04-21T04:51:16.764+0000] {processor.py:830} INFO - Processing file /home/airflow/.local/lib/python3.8/site-packages/airflow/example_dags/example_xcom.py for tasks to queue
[2026-04-21T04:51:16.766+0000] {logging_mixin.py:188} INFO - [2026-04-21T04:51:16.766+0000] {dagbag.py:538} INFO - Filling up the DagBag from /home/airflow/.local/lib/python3.8/site-packages/airflow/example_dags/example_xcom.py
[2026-04-21T04:51:16.776+0000] {processor.py:840} INFO - DAG(s) 'example_xcom' retrieved from /home/airflow/.local/lib/python3.8/site-packages/airflow/example_dags/example_xcom.py
[2026-04-21T04:51:16.802+0000] {logging_mixin.py:188} INFO - [2026-04-21T04:51:16.802+0000] {dag.py:3036} INFO - Sync 1 DAGs
[2026-04-21T04:51:16.827+0000] {logging_mixin.py:188} INFO - [2026-04-21T04:51:16.826+0000] {dag.py:3823} INFO - Setting next_dagrun for example_xcom to 2021-01-01 00:00:00+00:00, run_after=2021-01-01 00:00:00+00:00
[2026-04-21T04:51:16.846+0000] {processor.py:183} INFO - Processing /home/airflow/.local/lib/python3.8/site-packages/airflow/example_dags/example_xcom.py took 0.089 seconds
[2026-04-21T04:51:47.004+0000] {processor.py:161} INFO - Started process (PID=3734458) to work on /home/airflow/.local/lib/python3.8/site-packages/airflow/example_dags/example_xcom.py
[2026-04-21T04:51:47.005+0000] {processor.py:830} INFO - Processing file /home/airflow/.local/lib/python3.8/site-packages/airflow/example_dags/example_xcom.py for tasks to queue
[2026-04-21T04:51:47.007+0000] {logging_mixin.py:188} INFO - [2026-04-21T04:51:47.007+0000] {dagbag.py:538} INFO - Filling up the DagBag from /home/airflow/.local/lib/python3.8/site-packages/airflow/example_dags/example_xcom.py
[2026-04-21T04:51:47.017+0000] {processor.py:840} INFO - DAG(s) 'example_xcom' retrieved from /home/airflow/.local/lib/python3.8/site-packages/airflow/example_dags/example_xcom.py
[2026-04-21T04:51:47.045+0000] {logging_mixin.py:188} INFO - [2026-04-21T04:51:47.045+0000] {dag.py:3036} INFO - Sync 1 DAGs
[2026-04-21T04:51:47.072+0000] {logging_mixin.py:188} INFO - [2026-04-21T04:51:47.071+0000] {dag.py:3823} INFO - Setting next_dagrun for example_xcom to 2021-01-01 00:00:00+00:00, run_after=2021-01-01 00:00:00+00:00
[2026-04-21T04:51:47.092+0000] {processor.py:183} INFO - Processing /home/airflow/.local/lib/python3.8/site-packages/airflow/example_dags/example_xcom.py took 0.093 seconds
[2026-04-21T04:52:17.230+0000] {processor.py:161} INFO - Started process (PID=3734515) to work on /home/airflow/.local/lib/python3.8/site-packages/airflow/example_dags/example_xcom.py
[2026-04-21T04:52:17.233+0000] {processor.py:830} INFO - Processing file /home/airflow/.local/lib/python3.8/site-packages/airflow/example_dags/example_xcom.py for tasks to queue
[2026-04-21T04:52:17.235+0000] {logging_mixin.py:188} INFO - [2026-04-21T04:52:17.235+0000] {dagbag.py:538} INFO - Filling up the DagBag from /home/airflow/.local/lib/python3.8/site-packages/airflow/example_dags/example_xcom.py
[2026-04-21T04:52:17.245+0000] {processor.py:840} INFO - DAG(s) 'example_xcom' retrieved from /home/airflow/.local/lib/python3.8/site-packages/airflow/example_dags/example_xcom.py
[2026-04-21T04:52:17.272+0000] {logging_mixin.py:188} INFO - [2026-04-21T04:52:17.272+0000] {dag.py:3036} INFO - Sync 1 DAGs
[2026-04-21T04:52:17.303+0000] {logging_mixin.py:188} INFO - [2026-04-21T04:52:17.303+0000] {dag.py:3823} INFO - Setting next_dagrun for example_xcom to 2021-01-01 00:00:00+00:00, run_after=2021-01-01 00:00:00+00:00
[2026-04-21T04:52:17.323+0000] {processor.py:183} INFO - Processing /home/airflow/.local/lib/python3.8/site-packages/airflow/example_dags/example_xcom.py took 0.098 seconds
[2026-04-21T04:52:47.477+0000] {processor.py:161} INFO - Started process (PID=3734572) to work on /home/airflow/.local/lib/python3.8/site-packages/airflow/example_dags/example_xcom.py
[2026-04-21T04:52:47.479+0000] {processor.py:830} INFO - Processing file /home/airflow/.local/lib/python3.8/site-packages/airflow/example_dags/example_xcom.py for tasks to queue
[2026-04-21T04:52:47.482+0000] {logging_mixin.py:188} INFO - [2026-04-21T04:52:47.481+0000] {dagbag.py:538} INFO - Filling up the DagBag from /home/airflow/.local/lib/python3.8/site-packages/airflow/example_dags/example_xcom.py
[2026-04-21T04:52:47.492+0000] {processor.py:840} INFO - DAG(s) 'example_xcom' retrieved from /home/airflow/.local/lib/python3.8/site-packages/airflow/example_dags/example_xcom.py
[2026-04-21T04:52:47.519+0000] {logging_mixin.py:188} INFO - [2026-04-21T04:52:47.519+0000] {dag.py:3036} INFO - Sync 1 DAGs
[2026-04-21T04:52:47.543+0000] {logging_mixin.py:188} INFO - [2026-04-21T04:52:47.543+0000] {dag.py:3823} INFO - Setting next_dagrun for example_xcom to 2021-01-01 00:00:00+00:00, run_after=2021-01-01 00:00:00+00:00
[2026-04-21T04:52:47.562+0000] {processor.py:183} INFO - Processing /home/airflow/.local/lib/python3.8/site-packages/airflow/example_dags/example_xcom.py took 0.089 seconds
[2026-04-21T04:53:17.681+0000] {processor.py:161} INFO - Started process (PID=3734629) to work on /home/airflow/.local/lib/python3.8/site-packages/airflow/example_dags/example_xcom.py
[2026-04-21T04:53:17.682+0000] {processor.py:830} INFO - Processing file /home/airflow/.local/lib/python3.8/site-packages/airflow/example_dags/example_xcom.py for tasks to queue
[2026-04-21T04:53:17.684+0000] {logging_mixin.py:188} INFO - [2026-04-21T04:53:17.684+0000] {dagbag.py:538} INFO - Filling up the DagBag from /home/airflow/.local/lib/python3.8/site-packages/airflow/example_dags/example_xcom.py
[2026-04-21T04:53:17.695+0000] {processor.py:840} INFO - DAG(s) 'example_xcom' retrieved from /home/airflow/.local/lib/python3.8/site-packages/airflow/example_dags/example_xcom.py
[2026-04-21T04:53:17.721+0000] {logging_mixin.py:188} INFO - [2026-04-21T04:53:17.721+0000] {dag.py:3036} INFO - Sync 1 DAGs
[2026-04-21T04:53:17.745+0000] {logging_mixin.py:188} INFO - [2026-04-21T04:53:17.745+0000] {dag.py:3823} INFO - Setting next_dagrun for example_xcom to 2021-01-01 00:00:00+00:00, run_after=2021-01-01 00:00:00+00:00
[2026-04-21T04:53:17.766+0000] {processor.py:183} INFO - Processing /home/airflow/.local/lib/python3.8/site-packages/airflow/example_dags/example_xcom.py took 0.090 seconds
[2026-04-21T04:53:48.032+0000] {processor.py:161} INFO - Started process (PID=3734686) to work on /home/airflow/.local/lib/python3.8/site-packages/airflow/example_dags/example_xcom.py
[2026-04-21T04:53:48.038+0000] {processor.py:830} INFO - Processing file /home/airflow/.local/lib/python3.8/site-packages/airflow/example_dags/example_xcom.py for tasks to queue
[2026-04-21T04:53:48.041+0000] {logging_mixin.py:188} INFO - [2026-04-21T04:53:48.040+0000] {dagbag.py:538} INFO - Filling up the DagBag from /home/airflow/.local/lib/python3.8/site-packages/airflow/example_dags/example_xcom.py
[2026-04-21T04:53:48.050+0000] {processor.py:840} INFO - DAG(s) 'example_xcom' retrieved from /home/airflow/.local/lib/python3.8/site-packages/airflow/example_dags/example_xcom.py
[2026-04-21T04:53:48.079+0000] {logging_mixin.py:188} INFO - [2026-04-21T04:53:48.078+0000] {dag.py:3036} INFO - Sync 1 DAGs
[2026-04-21T04:53:48.104+0000] {logging_mixin.py:188} INFO - [2026-04-21T04:53:48.104+0000] {dag.py:3823} INFO - Setting next_dagrun for example_xcom to 2021-01-01 00:00:00+00:00, run_after=2021-01-01 00:00:00+00:00
[2026-04-21T04:53:48.124+0000] {processor.py:183} INFO - Processing /home/airflow/.local/lib/python3.8/site-packages/airflow/example_dags/example_xcom.py took 0.097 seconds
[2026-04-21T04:54:18.472+0000] {processor.py:161} INFO - Started process (PID=3734743) to work on /home/airflow/.local/lib/python3.8/site-packages/airflow/example_dags/example_xcom.py
[2026-04-21T04:54:18.473+0000] {processor.py:830} INFO - Processing file /home/airflow/.local/lib/python3.8/site-packages/airflow/example_dags/example_xcom.py for tasks to queue
[2026-04-21T04:54:18.476+0000] {logging_mixin.py:188} INFO - [2026-04-21T04:54:18.475+0000] {dagbag.py:538} INFO - Filling up the DagBag from /home/airflow/.local/lib/python3.8/site-packages/airflow/example_dags/example_xcom.py
[2026-04-21T04:54:18.485+0000] {processor.py:840} INFO - DAG(s) 'example_xcom' retrieved from /home/airflow/.local/lib/python3.8/site-packages/airflow/example_dags/example_xcom.py
[2026-04-21T04:54:18.512+0000] {logging_mixin.py:188} INFO - [2026-04-21T04:54:18.512+0000] {dag.py:3036} INFO - Sync 1 DAGs
[2026-04-21T04:54:18.536+0000] {logging_mixin.py:188} INFO - [2026-04-21T04:54:18.536+0000] {dag.py:3823} INFO - Setting next_dagrun for example_xcom to 2021-01-01 00:00:00+00:00, run_after=2021-01-01 00:00:00+00:00
[2026-04-21T04:54:18.555+0000] {processor.py:183} INFO - Processing /home/airflow/.local/lib/python3.8/site-packages/airflow/example_dags/example_xcom.py took 0.088 seconds
[2026-04-21T04:54:49.227+0000] {processor.py:161} INFO - Started process (PID=3734800) to work on /home/airflow/.local/lib/python3.8/site-packages/airflow/example_dags/example_xcom.py
[2026-04-21T04:54:49.229+0000] {processor.py:830} INFO - Processing file /home/airflow/.local/lib/python3.8/site-packages/airflow/example_dags/example_xcom.py for tasks to queue
[2026-04-21T04:54:49.232+0000] {logging_mixin.py:188} INFO - [2026-04-21T04:54:49.231+0000] {dagbag.py:538} INFO - Filling up the DagBag from /home/airflow/.local/lib/python3.8/site-packages/airflow/example_dags/example_xcom.py
[2026-04-21T04:54:49.241+0000] {processor.py:840} INFO - DAG(s) 'example_xcom' retrieved from /home/airflow/.local/lib/python3.8/site-packages/airflow/example_dags/example_xcom.py
[2026-04-21T04:54:49.267+0000] {logging_mixin.py:188} INFO - [2026-04-21T04:54:49.267+0000] {dag.py:3036} INFO - Sync 1 DAGs
[2026-04-21T04:54:49.290+0000] {logging_mixin.py:188} INFO - [2026-04-21T04:54:49.290+0000] {dag.py:3823} INFO - Setting next_dagrun for example_xcom to 2021-01-01 00:00:00+00:00, run_after=2021-01-01 00:00:00+00:00
[2026-04-21T04:54:49.310+0000] {processor.py:183} INFO - Processing /home/airflow/.local/lib/python3.8/site-packages/airflow/example_dags/example_xcom.py took 0.087 seconds
[2026-04-21T04:55:19.862+0000] {processor.py:161} INFO - Started process (PID=3734857) to work on /home/airflow/.local/lib/python3.8/site-packages/airflow/example_dags/example_xcom.py
[2026-04-21T04:55:19.864+0000] {processor.py:830} INFO - Processing file /home/airflow/.local/lib/python3.8/site-packages/airflow/example_dags/example_xcom.py for tasks to queue
[2026-04-21T04:55:19.866+0000] {logging_mixin.py:188} INFO - [2026-04-21T04:55:19.866+0000] {dagbag.py:538} INFO - Filling up the DagBag from /home/airflow/.local/lib/python3.8/site-packages/airflow/example_dags/example_xcom.py
[2026-04-21T04:55:19.876+0000] {processor.py:840} INFO - DAG(s) 'example_xcom' retrieved from /home/airflow/.local/lib/python3.8/site-packages/airflow/example_dags/example_xcom.py
[2026-04-21T04:55:19.902+0000] {logging_mixin.py:188} INFO - [2026-04-21T04:55:19.902+0000] {dag.py:3036} INFO - Sync 1 DAGs
[2026-04-21T04:55:19.925+0000] {logging_mixin.py:188} INFO - [2026-04-21T04:55:19.925+0000] {dag.py:3823} INFO - Setting next_dagrun for example_xcom to 2021-01-01 00:00:00+00:00, run_after=2021-01-01 00:00:00+00:00
[2026-04-21T04:55:19.943+0000] {processor.py:183} INFO - Processing /home/airflow/.local/lib/python3.8/site-packages/airflow/example_dags/example_xcom.py took 0.086 seconds
[2026-04-21T04:55:50.530+0000] {processor.py:161} INFO - Started process (PID=3734914) to work on /home/airflow/.local/lib/python3.8/site-packages/airflow/example_dags/example_xcom.py
[2026-04-21T04:55:50.532+0000] {processor.py:830} INFO - Processing file /home/airflow/.local/lib/python3.8/site-packages/airflow/example_dags/example_xcom.py for tasks to queue
[2026-04-21T04:55:50.535+0000] {logging_mixin.py:188} INFO - [2026-04-21T04:55:50.534+0000] {dagbag.py:538} INFO - Filling up the DagBag from /home/airflow/.local/lib/python3.8/site-packages/airflow/example_dags/example_xcom.py
[2026-04-21T04:55:50.544+0000] {processor.py:840} INFO - DAG(s) 'example_xcom' retrieved from /home/airflow/.local/lib/python3.8/site-packages/airflow/example_dags/example_xcom.py
[2026-04-21T04:55:50.572+0000] {logging_mixin.py:188} INFO - [2026-04-21T04:55:50.572+0000] {dag.py:3036} INFO - Sync 1 DAGs
[2026-04-21T04:55:50.600+0000] {logging_mixin.py:188} INFO - [2026-04-21T04:55:50.599+0000] {dag.py:3823} INFO - Setting next_dagrun for example_xcom to 2021-01-01 00:00:00+00:00, run_after=2021-01-01 00:00:00+00:00
[2026-04-21T04:55:50.621+0000] {processor.py:183} INFO - Processing /home/airflow/.local/lib/python3.8/site-packages/airflow/example_dags/example_xcom.py took 0.096 seconds
[2026-04-21T04:56:21.152+0000] {processor.py:161} INFO - Started process (PID=3734971) to work on /home/airflow/.local/lib/python3.8/site-packages/airflow/example_dags/example_xcom.py
[2026-04-21T04:56:21.153+0000] {processor.py:830} INFO - Processing file /home/airflow/.local/lib/python3.8/site-packages/airflow/example_dags/example_xcom.py for tasks to queue
[2026-04-21T04:56:21.155+0000] {logging_mixin.py:188} INFO - [2026-04-21T04:56:21.155+0000] {dagbag.py:538} INFO - Filling up the DagBag from /home/airflow/.local/lib/python3.8/site-packages/airflow/example_dags/example_xcom.py
[2026-04-21T04:56:21.165+0000] {processor.py:840} INFO - DAG(s) 'example_xcom' retrieved from /home/airflow/.local/lib/python3.8/site-packages/airflow/example_dags/example_xcom.py
[2026-04-21T04:56:21.193+0000] {logging_mixin.py:188} INFO - [2026-04-21T04:56:21.193+0000] {dag.py:3036} INFO - Sync 1 DAGs
[2026-04-21T04:56:21.217+0000] {logging_mixin.py:188} INFO - [2026-04-21T04:56:21.217+0000] {dag.py:3823} INFO - Setting next_dagrun for example_xcom to 2021-01-01 00:00:00+00:00, run_after=2021-01-01 00:00:00+00:00
[2026-04-21T04:56:21.240+0000] {processor.py:183} INFO - Processing /home/airflow/.local/lib/python3.8/site-packages/airflow/example_dags/example_xcom.py took 0.093 seconds
[2026-04-21T04:56:51.401+0000] {processor.py:161} INFO - Started process (PID=3735028) to work on /home/airflow/.local/lib/python3.8/site-packages/airflow/example_dags/example_xcom.py
[2026-04-21T04:56:51.404+0000] {processor.py:830} INFO - Processing file /home/airflow/.local/lib/python3.8/site-packages/airflow/example_dags/example_xcom.py for tasks to queue
[2026-04-21T04:56:51.406+0000] {logging_mixin.py:188} INFO - [2026-04-21T04:56:51.406+0000] {dagbag.py:538} INFO - Filling up the DagBag from /home/airflow/.local/lib/python3.8/site-packages/airflow/example_dags/example_xcom.py
[2026-04-21T04:56:51.416+0000] {processor.py:840} INFO - DAG(s) 'example_xcom' retrieved from /home/airflow/.local/lib/python3.8/site-packages/airflow/example_dags/example_xcom.py
[2026-04-21T04:56:51.442+0000] {logging_mixin.py:188} INFO - [2026-04-21T04:56:51.442+0000] {dag.py:3036} INFO - Sync 1 DAGs
[2026-04-21T04:56:51.466+0000] {logging_mixin.py:188} INFO - [2026-04-21T04:56:51.466+0000] {dag.py:3823} INFO - Setting next_dagrun for example_xcom to 2021-01-01 00:00:00+00:00, run_after=2021-01-01 00:00:00+00:00
[2026-04-21T04:56:51.487+0000] {processor.py:183} INFO - Processing /home/airflow/.local/lib/python3.8/site-packages/airflow/example_dags/example_xcom.py took 0.090 seconds
[2026-04-21T04:57:21.549+0000] {processor.py:161} INFO - Started process (PID=3735084) to work on /home/airflow/.local/lib/python3.8/site-packages/airflow/example_dags/example_xcom.py
[2026-04-21T04:57:21.551+0000] {processor.py:830} INFO - Processing file /home/airflow/.local/lib/python3.8/site-packages/airflow/example_dags/example_xcom.py for tasks to queue
[2026-04-21T04:57:21.553+0000] {logging_mixin.py:188} INFO - [2026-04-21T04:57:21.552+0000] {dagbag.py:538} INFO - Filling up the DagBag from /home/airflow/.local/lib/python3.8/site-packages/airflow/example_dags/example_xcom.py
[2026-04-21T04:57:21.563+0000] {processor.py:840} INFO - DAG(s) 'example_xcom' retrieved from /home/airflow/.local/lib/python3.8/site-packages/airflow/example_dags/example_xcom.py
[2026-04-21T04:57:21.588+0000] {logging_mixin.py:188} INFO - [2026-04-21T04:57:21.588+0000] {dag.py:3036} INFO - Sync 1 DAGs
[2026-04-21T04:57:21.612+0000] {logging_mixin.py:188} INFO - [2026-04-21T04:57:21.612+0000] {dag.py:3823} INFO - Setting next_dagrun for example_xcom to 2021-01-01 00:00:00+00:00, run_after=2021-01-01 00:00:00+00:00
[2026-04-21T04:57:21.630+0000] {processor.py:183} INFO - Processing /home/airflow/.local/lib/python3.8/site-packages/airflow/example_dags/example_xcom.py took 0.086 seconds
[2026-04-21T04:57:52.490+0000] {processor.py:161} INFO - Started process (PID=3735140) to work on /home/airflow/.local/lib/python3.8/site-packages/airflow/example_dags/example_xcom.py
[2026-04-21T04:57:52.492+0000] {processor.py:830} INFO - Processing file /home/airflow/.local/lib/python3.8/site-packages/airflow/example_dags/example_xcom.py for tasks to queue
[2026-04-21T04:57:52.494+0000] {logging_mixin.py:188} INFO - [2026-04-21T04:57:52.494+0000] {dagbag.py:538} INFO - Filling up the DagBag from /home/airflow/.local/lib/python3.8/site-packages/airflow/example_dags/example_xcom.py
[2026-04-21T04:57:52.504+0000] {processor.py:840} INFO - DAG(s) 'example_xcom' retrieved from /home/airflow/.local/lib/python3.8/site-packages/airflow/example_dags/example_xcom.py
[2026-04-21T04:57:52.530+0000] {logging_mixin.py:188} INFO - [2026-04-21T04:57:52.530+0000] {dag.py:3036} INFO - Sync 1 DAGs
[2026-04-21T04:57:52.554+0000] {logging_mixin.py:188} INFO - [2026-04-21T04:57:52.554+0000] {dag.py:3823} INFO - Setting next_dagrun for example_xcom to 2021-01-01 00:00:00+00:00, run_after=2021-01-01 00:00:00+00:00
[2026-04-21T04:57:52.572+0000] {processor.py:183} INFO - Processing /home/airflow/.local/lib/python3.8/site-packages/airflow/example_dags/example_xcom.py took 0.087 seconds
[2026-04-21T04:58:22.706+0000] {processor.py:161} INFO - Started process (PID=3735198) to work on /home/airflow/.local/lib/python3.8/site-packages/airflow/example_dags/example_xcom.py
[2026-04-21T04:58:22.707+0000] {processor.py:830} INFO - Processing file /home/airflow/.local/lib/python3.8/site-packages/airflow/example_dags/example_xcom.py for tasks to queue
[2026-04-21T04:58:22.709+0000] {logging_mixin.py:188} INFO - [2026-04-21T04:58:22.709+0000] {dagbag.py:538} INFO - Filling up the DagBag from /home/airflow/.local/lib/python3.8/site-packages/airflow/example_dags/example_xcom.py
[2026-04-21T04:58:22.720+0000] {processor.py:840} INFO - DAG(s) 'example_xcom' retrieved from /home/airflow/.local/lib/python3.8/site-packages/airflow/example_dags/example_xcom.py
[2026-04-21T04:58:22.753+0000] {logging_mixin.py:188} INFO - [2026-04-21T04:58:22.753+0000] {dag.py:3036} INFO - Sync 1 DAGs
[2026-04-21T04:58:22.779+0000] {logging_mixin.py:188} INFO - [2026-04-21T04:58:22.778+0000] {dag.py:3823} INFO - Setting next_dagrun for example_xcom to 2021-01-01 00:00:00+00:00, run_after=2021-01-01 00:00:00+00:00
[2026-04-21T04:58:22.798+0000] {processor.py:183} INFO - Processing /home/airflow/.local/lib/python3.8/site-packages/airflow/example_dags/example_xcom.py took 0.098 seconds
[2026-04-21T04:58:53.040+0000] {processor.py:161} INFO - Started process (PID=3735255) to work on /home/airflow/.local/lib/python3.8/site-packages/airflow/example_dags/example_xcom.py
[2026-04-21T04:58:53.042+0000] {processor.py:830} INFO - Processing file /home/airflow/.local/lib/python3.8/site-packages/airflow/example_dags/example_xcom.py for tasks to queue
[2026-04-21T04:58:53.045+0000] {logging_mixin.py:188} INFO - [2026-04-21T04:58:53.044+0000] {dagbag.py:538} INFO - Filling up the DagBag from /home/airflow/.local/lib/python3.8/site-packages/airflow/example_dags/example_xcom.py
[2026-04-21T04:58:53.055+0000] {processor.py:840} INFO - DAG(s) 'example_xcom' retrieved from /home/airflow/.local/lib/python3.8/site-packages/airflow/example_dags/example_xcom.py
[2026-04-21T04:58:53.086+0000] {logging_mixin.py:188} INFO - [2026-04-21T04:58:53.085+0000] {dag.py:3036} INFO - Sync 1 DAGs
[2026-04-21T04:58:53.110+0000] {logging_mixin.py:188} INFO - [2026-04-21T04:58:53.110+0000] {dag.py:3823} INFO - Setting next_dagrun for example_xcom to 2021-01-01 00:00:00+00:00, run_after=2021-01-01 00:00:00+00:00
[2026-04-21T04:58:53.130+0000] {processor.py:183} INFO - Processing /home/airflow/.local/lib/python3.8/site-packages/airflow/example_dags/example_xcom.py took 0.094 seconds
[2026-04-21T04:59:23.177+0000] {processor.py:161} INFO - Started process (PID=3735312) to work on /home/airflow/.local/lib/python3.8/site-packages/airflow/example_dags/example_xcom.py
[2026-04-21T04:59:23.179+0000] {processor.py:830} INFO - Processing file /home/airflow/.local/lib/python3.8/site-packages/airflow/example_dags/example_xcom.py for tasks to queue
[2026-04-21T04:59:23.181+0000] {logging_mixin.py:188} INFO - [2026-04-21T04:59:23.181+0000] {dagbag.py:538} INFO - Filling up the DagBag from /home/airflow/.local/lib/python3.8/site-packages/airflow/example_dags/example_xcom.py
[2026-04-21T04:59:23.191+0000] {processor.py:840} INFO - DAG(s) 'example_xcom' retrieved from /home/airflow/.local/lib/python3.8/site-packages/airflow/example_dags/example_xcom.py
[2026-04-21T04:59:23.217+0000] {logging_mixin.py:188} INFO - [2026-04-21T04:59:23.217+0000] {dag.py:3036} INFO - Sync 1 DAGs
[2026-04-21T04:59:23.244+0000] {logging_mixin.py:188} INFO - [2026-04-21T04:59:23.244+0000] {dag.py:3823} INFO - Setting next_dagrun for example_xcom to 2021-01-01 00:00:00+00:00, run_after=2021-01-01 00:00:00+00:00
[2026-04-21T04:59:23.262+0000] {processor.py:183} INFO - Processing /home/airflow/.local/lib/python3.8/site-packages/airflow/example_dags/example_xcom.py took 0.090 seconds
[2026-04-21T04:59:53.346+0000] {processor.py:161} INFO - Started process (PID=3735367) to work on /home/airflow/.local/lib/python3.8/site-packages/airflow/example_dags/example_xcom.py
[2026-04-21T04:59:53.348+0000] {processor.py:830} INFO - Processing file /home/airflow/.local/lib/python3.8/site-packages/airflow/example_dags/example_xcom.py for tasks to queue
[2026-04-21T04:59:53.350+0000] {logging_mixin.py:188} INFO - [2026-04-21T04:59:53.350+0000] {dagbag.py:538} INFO - Filling up the DagBag from /home/airflow/.local/lib/python3.8/site-packages/airflow/example_dags/example_xcom.py
[2026-04-21T04:59:53.360+0000] {processor.py:840} INFO - DAG(s) 'example_xcom' retrieved from /home/airflow/.local/lib/python3.8/site-packages/airflow/example_dags/example_xcom.py
[2026-04-21T04:59:53.385+0000] {logging_mixin.py:188} INFO - [2026-04-21T04:59:53.385+0000] {dag.py:3036} INFO - Sync 1 DAGs
[2026-04-21T04:59:53.408+0000] {logging_mixin.py:188} INFO - [2026-04-21T04:59:53.408+0000] {dag.py:3823} INFO - Setting next_dagrun for example_xcom to 2021-01-01 00:00:00+00:00, run_after=2021-01-01 00:00:00+00:00
[2026-04-21T04:59:53.426+0000] {processor.py:183} INFO - Processing /home/airflow/.local/lib/python3.8/site-packages/airflow/example_dags/example_xcom.py took 0.086 seconds
[2026-04-21T05:00:23.603+0000] {processor.py:161} INFO - Started process (PID=3735424) to work on /home/airflow/.local/lib/python3.8/site-packages/airflow/example_dags/example_xcom.py
[2026-04-21T05:00:23.605+0000] {processor.py:830} INFO - Processing file /home/airflow/.local/lib/python3.8/site-packages/airflow/example_dags/example_xcom.py for tasks to queue
[2026-04-21T05:00:23.608+0000] {logging_mixin.py:188} INFO - [2026-04-21T05:00:23.607+0000] {dagbag.py:538} INFO - Filling up the DagBag from /home/airflow/.local/lib/python3.8/site-packages/airflow/example_dags/example_xcom.py
[2026-04-21T05:00:23.619+0000] {processor.py:840} INFO - DAG(s) 'example_xcom' retrieved from /home/airflow/.local/lib/python3.8/site-packages/airflow/example_dags/example_xcom.py
[2026-04-21T05:00:23.646+0000] {logging_mixin.py:188} INFO - [2026-04-21T05:00:23.645+0000] {dag.py:3036} INFO - Sync 1 DAGs
[2026-04-21T05:00:23.670+0000] {logging_mixin.py:188} INFO - [2026-04-21T05:00:23.670+0000] {dag.py:3823} INFO - Setting next_dagrun for example_xcom to 2021-01-01 00:00:00+00:00, run_after=2021-01-01 00:00:00+00:00
[2026-04-21T05:00:23.691+0000] {processor.py:183} INFO - Processing /home/airflow/.local/lib/python3.8/site-packages/airflow/example_dags/example_xcom.py took 0.093 seconds
[2026-04-21T05:00:53.913+0000] {processor.py:161} INFO - Started process (PID=3735481) to work on /home/airflow/.local/lib/python3.8/site-packages/airflow/example_dags/example_xcom.py
[2026-04-21T05:00:53.915+0000] {processor.py:830} INFO - Processing file /home/airflow/.local/lib/python3.8/site-packages/airflow/example_dags/example_xcom.py for tasks to queue
[2026-04-21T05:00:53.917+0000] {logging_mixin.py:188} INFO - [2026-04-21T05:00:53.917+0000] {dagbag.py:538} INFO - Filling up the DagBag from /home/airflow/.local/lib/python3.8/site-packages/airflow/example_dags/example_xcom.py
[2026-04-21T05:00:53.927+0000] {processor.py:840} INFO - DAG(s) 'example_xcom' retrieved from /home/airflow/.local/lib/python3.8/site-packages/airflow/example_dags/example_xcom.py
[2026-04-21T05:00:53.952+0000] {logging_mixin.py:188} INFO - [2026-04-21T05:00:53.952+0000] {dag.py:3036} INFO - Sync 1 DAGs
[2026-04-21T05:00:53.976+0000] {logging_mixin.py:188} INFO - [2026-04-21T05:00:53.976+0000] {dag.py:3823} INFO - Setting next_dagrun for example_xcom to 2021-01-01 00:00:00+00:00, run_after=2021-01-01 00:00:00+00:00
[2026-04-21T05:00:53.995+0000] {processor.py:183} INFO - Processing /home/airflow/.local/lib/python3.8/site-packages/airflow/example_dags/example_xcom.py took 0.087 seconds
[2026-04-21T05:01:24.107+0000] {processor.py:161} INFO - Started process (PID=3735538) to work on /home/airflow/.local/lib/python3.8/site-packages/airflow/example_dags/example_xcom.py
[2026-04-21T05:01:24.109+0000] {processor.py:830} INFO - Processing file /home/airflow/.local/lib/python3.8/site-packages/airflow/example_dags/example_xcom.py for tasks to queue
[2026-04-21T05:01:24.111+0000] {logging_mixin.py:188} INFO - [2026-04-21T05:01:24.111+0000] {dagbag.py:538} INFO - Filling up the DagBag from /home/airflow/.local/lib/python3.8/site-packages/airflow/example_dags/example_xcom.py
[2026-04-21T05:01:24.122+0000] {processor.py:840} INFO - DAG(s) 'example_xcom' retrieved from /home/airflow/.local/lib/python3.8/site-packages/airflow/example_dags/example_xcom.py
[2026-04-21T05:01:24.148+0000] {logging_mixin.py:188} INFO - [2026-04-21T05:01:24.147+0000] {dag.py:3036} INFO - Sync 1 DAGs
[2026-04-21T05:01:24.173+0000] {logging_mixin.py:188} INFO - [2026-04-21T05:01:24.172+0000] {dag.py:3823} INFO - Setting next_dagrun for example_xcom to 2021-01-01 00:00:00+00:00, run_after=2021-01-01 00:00:00+00:00
[2026-04-21T05:01:24.192+0000] {processor.py:183} INFO - Processing /home/airflow/.local/lib/python3.8/site-packages/airflow/example_dags/example_xcom.py took 0.091 seconds
[2026-04-21T05:01:54.445+0000] {processor.py:161} INFO - Started process (PID=3735595) to work on /home/airflow/.local/lib/python3.8/site-packages/airflow/example_dags/example_xcom.py
[2026-04-21T05:01:54.447+0000] {processor.py:830} INFO - Processing file /home/airflow/.local/lib/python3.8/site-packages/airflow/example_dags/example_xcom.py for tasks to queue
[2026-04-21T05:01:54.449+0000] {logging_mixin.py:188} INFO - [2026-04-21T05:01:54.449+0000] {dagbag.py:538} INFO - Filling up the DagBag from /home/airflow/.local/lib/python3.8/site-packages/airflow/example_dags/example_xcom.py
[2026-04-21T05:01:54.459+0000] {processor.py:840} INFO - DAG(s) 'example_xcom' retrieved from /home/airflow/.local/lib/python3.8/site-packages/airflow/example_dags/example_xcom.py
[2026-04-21T05:01:54.486+0000] {logging_mixin.py:188} INFO - [2026-04-21T05:01:54.485+0000] {dag.py:3036} INFO - Sync 1 DAGs
[2026-04-21T05:01:54.509+0000] {logging_mixin.py:188} INFO - [2026-04-21T05:01:54.509+0000] {dag.py:3823} INFO - Setting next_dagrun for example_xcom to 2021-01-01 00:00:00+00:00, run_after=2021-01-01 00:00:00+00:00
[2026-04-21T05:01:54.529+0000] {processor.py:183} INFO - Processing /home/airflow/.local/lib/python3.8/site-packages/airflow/example_dags/example_xcom.py took 0.089 seconds
[2026-04-21T05:02:24.725+0000] {processor.py:161} INFO - Started process (PID=3735652) to work on /home/airflow/.local/lib/python3.8/site-packages/airflow/example_dags/example_xcom.py
[2026-04-21T05:02:24.726+0000] {processor.py:830} INFO - Processing file /home/airflow/.local/lib/python3.8/site-packages/airflow/example_dags/example_xcom.py for tasks to queue
[2026-04-21T05:02:24.729+0000] {logging_mixin.py:188} INFO - [2026-04-21T05:02:24.728+0000] {dagbag.py:538} INFO - Filling up the DagBag from /home/airflow/.local/lib/python3.8/site-packages/airflow/example_dags/example_xcom.py
[2026-04-21T05:02:24.739+0000] {processor.py:840} INFO - DAG(s) 'example_xcom' retrieved from /home/airflow/.local/lib/python3.8/site-packages/airflow/example_dags/example_xcom.py
[2026-04-21T05:02:24.767+0000] {logging_mixin.py:188} INFO - [2026-04-21T05:02:24.767+0000] {dag.py:3036} INFO - Sync 1 DAGs
[2026-04-21T05:02:24.791+0000] {logging_mixin.py:188} INFO - [2026-04-21T05:02:24.790+0000] {dag.py:3823} INFO - Setting next_dagrun for example_xcom to 2021-01-01 00:00:00+00:00, run_after=2021-01-01 00:00:00+00:00
[2026-04-21T05:02:24.809+0000] {processor.py:183} INFO - Processing /home/airflow/.local/lib/python3.8/site-packages/airflow/example_dags/example_xcom.py took 0.089 seconds
[2026-04-21T05:02:55.032+0000] {processor.py:161} INFO - Started process (PID=3735709) to work on /home/airflow/.local/lib/python3.8/site-packages/airflow/example_dags/example_xcom.py
[2026-04-21T05:02:55.034+0000] {processor.py:830} INFO - Processing file /home/airflow/.local/lib/python3.8/site-packages/airflow/example_dags/example_xcom.py for tasks to queue
[2026-04-21T05:02:55.036+0000] {logging_mixin.py:188} INFO - [2026-04-21T05:02:55.036+0000] {dagbag.py:538} INFO - Filling up the DagBag from /home/airflow/.local/lib/python3.8/site-packages/airflow/example_dags/example_xcom.py
[2026-04-21T05:02:55.046+0000] {processor.py:840} INFO - DAG(s) 'example_xcom' retrieved from /home/airflow/.local/lib/python3.8/site-packages/airflow/example_dags/example_xcom.py
[2026-04-21T05:02:55.073+0000] {logging_mixin.py:188} INFO - [2026-04-21T05:02:55.072+0000] {dag.py:3036} INFO - Sync 1 DAGs
[2026-04-21T05:02:55.096+0000] {logging_mixin.py:188} INFO - [2026-04-21T05:02:55.096+0000] {dag.py:3823} INFO - Setting next_dagrun for example_xcom to 2021-01-01 00:00:00+00:00, run_after=2021-01-01 00:00:00+00:00
[2026-04-21T05:02:55.116+0000] {processor.py:183} INFO - Processing /home/airflow/.local/lib/python3.8/site-packages/airflow/example_dags/example_xcom.py took 0.089 seconds
[2026-04-21T05:03:25.245+0000] {processor.py:161} INFO - Started process (PID=3735766) to work on /home/airflow/.local/lib/python3.8/site-packages/airflow/example_dags/example_xcom.py
[2026-04-21T05:03:25.247+0000] {processor.py:830} INFO - Processing file /home/airflow/.local/lib/python3.8/site-packages/airflow/example_dags/example_xcom.py for tasks to queue
[2026-04-21T05:03:25.249+0000] {logging_mixin.py:188} INFO - [2026-04-21T05:03:25.249+0000] {dagbag.py:538} INFO - Filling up the DagBag from /home/airflow/.local/lib/python3.8/site-packages/airflow/example_dags/example_xcom.py
[2026-04-21T05:03:25.259+0000] {processor.py:840} INFO - DAG(s) 'example_xcom' retrieved from /home/airflow/.local/lib/python3.8/site-packages/airflow/example_dags/example_xcom.py
[2026-04-21T05:03:25.286+0000] {logging_mixin.py:188} INFO - [2026-04-21T05:03:25.285+0000] {dag.py:3036} INFO - Sync 1 DAGs
[2026-04-21T05:03:25.309+0000] {logging_mixin.py:188} INFO - [2026-04-21T05:03:25.309+0000] {dag.py:3823} INFO - Setting next_dagrun for example_xcom to 2021-01-01 00:00:00+00:00, run_after=2021-01-01 00:00:00+00:00
[2026-04-21T05:03:25.330+0000] {processor.py:183} INFO - Processing /home/airflow/.local/lib/python3.8/site-packages/airflow/example_dags/example_xcom.py took 0.089 seconds
[2026-04-21T05:03:56.125+0000] {processor.py:161} INFO - Started process (PID=3735823) to work on /home/airflow/.local/lib/python3.8/site-packages/airflow/example_dags/example_xcom.py
[2026-04-21T05:03:56.128+0000] {processor.py:830} INFO - Processing file /home/airflow/.local/lib/python3.8/site-packages/airflow/example_dags/example_xcom.py for tasks to queue
[2026-04-21T05:03:56.130+0000] {logging_mixin.py:188} INFO - [2026-04-21T05:03:56.130+0000] {dagbag.py:538} INFO - Filling up the DagBag from /home/airflow/.local/lib/python3.8/site-packages/airflow/example_dags/example_xcom.py
[2026-04-21T05:03:56.140+0000] {processor.py:840} INFO - DAG(s) 'example_xcom' retrieved from /home/airflow/.local/lib/python3.8/site-packages/airflow/example_dags/example_xcom.py
[2026-04-21T05:03:56.167+0000] {logging_mixin.py:188} INFO - [2026-04-21T05:03:56.167+0000] {dag.py:3036} INFO - Sync 1 DAGs
[2026-04-21T05:03:56.191+0000] {logging_mixin.py:188} INFO - [2026-04-21T05:03:56.191+0000] {dag.py:3823} INFO - Setting next_dagrun for example_xcom to 2021-01-01 00:00:00+00:00, run_after=2021-01-01 00:00:00+00:00
[2026-04-21T05:03:56.211+0000] {processor.py:183} INFO - Processing /home/airflow/.local/lib/python3.8/site-packages/airflow/example_dags/example_xcom.py took 0.091 seconds
[2026-04-21T05:04:26.624+0000] {processor.py:161} INFO - Started process (PID=3735880) to work on /home/airflow/.local/lib/python3.8/site-packages/airflow/example_dags/example_xcom.py
[2026-04-21T05:04:26.627+0000] {processor.py:830} INFO - Processing file /home/airflow/.local/lib/python3.8/site-packages/airflow/example_dags/example_xcom.py for tasks to queue
[2026-04-21T05:04:26.629+0000] {logging_mixin.py:188} INFO - [2026-04-21T05:04:26.629+0000] {dagbag.py:538} INFO - Filling up the DagBag from /home/airflow/.local/lib/python3.8/site-packages/airflow/example_dags/example_xcom.py
[2026-04-21T05:04:26.639+0000] {processor.py:840} INFO - DAG(s) 'example_xcom' retrieved from /home/airflow/.local/lib/python3.8/site-packages/airflow/example_dags/example_xcom.py
[2026-04-21T05:04:26.665+0000] {logging_mixin.py:188} INFO - [2026-04-21T05:04:26.664+0000] {dag.py:3036} INFO - Sync 1 DAGs
[2026-04-21T05:04:26.689+0000] {logging_mixin.py:188} INFO - [2026-04-21T05:04:26.689+0000] {dag.py:3823} INFO - Setting next_dagrun for example_xcom to 2021-01-01 00:00:00+00:00, run_after=2021-01-01 00:00:00+00:00
[2026-04-21T05:04:26.708+0000] {processor.py:183} INFO - Processing /home/airflow/.local/lib/python3.8/site-packages/airflow/example_dags/example_xcom.py took 0.088 seconds
[2026-04-21T05:04:57.450+0000] {processor.py:161} INFO - Started process (PID=3735937) to work on /home/airflow/.local/lib/python3.8/site-packages/airflow/example_dags/example_xcom.py
[2026-04-21T05:04:57.452+0000] {processor.py:830} INFO - Processing file /home/airflow/.local/lib/python3.8/site-packages/airflow/example_dags/example_xcom.py for tasks to queue
[2026-04-21T05:04:57.454+0000] {logging_mixin.py:188} INFO - [2026-04-21T05:04:57.454+0000] {dagbag.py:538} INFO - Filling up the DagBag from /home/airflow/.local/lib/python3.8/site-packages/airflow/example_dags/example_xcom.py
[2026-04-21T05:04:57.464+0000] {processor.py:840} INFO - DAG(s) 'example_xcom' retrieved from /home/airflow/.local/lib/python3.8/site-packages/airflow/example_dags/example_xcom.py
[2026-04-21T05:04:57.489+0000] {logging_mixin.py:188} INFO - [2026-04-21T05:04:57.489+0000] {dag.py:3036} INFO - Sync 1 DAGs
[2026-04-21T05:04:57.513+0000] {logging_mixin.py:188} INFO - [2026-04-21T05:04:57.513+0000] {dag.py:3823} INFO - Setting next_dagrun for example_xcom to 2021-01-01 00:00:00+00:00, run_after=2021-01-01 00:00:00+00:00
[2026-04-21T05:04:57.532+0000] {processor.py:183} INFO - Processing /home/airflow/.local/lib/python3.8/site-packages/airflow/example_dags/example_xcom.py took 0.087 seconds
[2026-04-21T05:05:28.064+0000] {processor.py:161} INFO - Started process (PID=3735994) to work on /home/airflow/.local/lib/python3.8/site-packages/airflow/example_dags/example_xcom.py
[2026-04-21T05:05:28.066+0000] {processor.py:830} INFO - Processing file /home/airflow/.local/lib/python3.8/site-packages/airflow/example_dags/example_xcom.py for tasks to queue
[2026-04-21T05:05:28.069+0000] {logging_mixin.py:188} INFO - [2026-04-21T05:05:28.069+0000] {dagbag.py:538} INFO - Filling up the DagBag from /home/airflow/.local/lib/python3.8/site-packages/airflow/example_dags/example_xcom.py
[2026-04-21T05:05:28.082+0000] {processor.py:840} INFO - DAG(s) 'example_xcom' retrieved from /home/airflow/.local/lib/python3.8/site-packages/airflow/example_dags/example_xcom.py
[2026-04-21T05:05:28.112+0000] {logging_mixin.py:188} INFO - [2026-04-21T05:05:28.111+0000] {dag.py:3036} INFO - Sync 1 DAGs
[2026-04-21T05:05:28.141+0000] {logging_mixin.py:188} INFO - [2026-04-21T05:05:28.140+0000] {dag.py:3823} INFO - Setting next_dagrun for example_xcom to 2021-01-01 00:00:00+00:00, run_after=2021-01-01 00:00:00+00:00
[2026-04-21T05:05:28.161+0000] {processor.py:183} INFO - Processing /home/airflow/.local/lib/python3.8/site-packages/airflow/example_dags/example_xcom.py took 0.103 seconds
[2026-04-21T05:05:58.534+0000] {processor.py:161} INFO - Started process (PID=3736051) to work on /home/airflow/.local/lib/python3.8/site-packages/airflow/example_dags/example_xcom.py
[2026-04-21T05:05:58.536+0000] {processor.py:830} INFO - Processing file /home/airflow/.local/lib/python3.8/site-packages/airflow/example_dags/example_xcom.py for tasks to queue
[2026-04-21T05:05:58.539+0000] {logging_mixin.py:188} INFO - [2026-04-21T05:05:58.538+0000] {dagbag.py:538} INFO - Filling up the DagBag from /home/airflow/.local/lib/python3.8/site-packages/airflow/example_dags/example_xcom.py
[2026-04-21T05:05:58.549+0000] {processor.py:840} INFO - DAG(s) 'example_xcom' retrieved from /home/airflow/.local/lib/python3.8/site-packages/airflow/example_dags/example_xcom.py
[2026-04-21T05:05:58.576+0000] {logging_mixin.py:188} INFO - [2026-04-21T05:05:58.576+0000] {dag.py:3036} INFO - Sync 1 DAGs
[2026-04-21T05:05:58.601+0000] {logging_mixin.py:188} INFO - [2026-04-21T05:05:58.601+0000] {dag.py:3823} INFO - Setting next_dagrun for example_xcom to 2021-01-01 00:00:00+00:00, run_after=2021-01-01 00:00:00+00:00
[2026-04-21T05:05:58.620+0000] {processor.py:183} INFO - Processing /home/airflow/.local/lib/python3.8/site-packages/airflow/example_dags/example_xcom.py took 0.091 seconds
[2026-04-21T05:06:28.784+0000] {processor.py:161} INFO - Started process (PID=3736108) to work on /home/airflow/.local/lib/python3.8/site-packages/airflow/example_dags/example_xcom.py
[2026-04-21T05:06:28.786+0000] {processor.py:830} INFO - Processing file /home/airflow/.local/lib/python3.8/site-packages/airflow/example_dags/example_xcom.py for tasks to queue
[2026-04-21T05:06:28.788+0000] {logging_mixin.py:188} INFO - [2026-04-21T05:06:28.788+0000] {dagbag.py:538} INFO - Filling up the DagBag from /home/airflow/.local/lib/python3.8/site-packages/airflow/example_dags/example_xcom.py
[2026-04-21T05:06:28.798+0000] {processor.py:840} INFO - DAG(s) 'example_xcom' retrieved from /home/airflow/.local/lib/python3.8/site-packages/airflow/example_dags/example_xcom.py
[2026-04-21T05:06:28.825+0000] {logging_mixin.py:188} INFO - [2026-04-21T05:06:28.825+0000] {dag.py:3036} INFO - Sync 1 DAGs
[2026-04-21T05:06:28.848+0000] {logging_mixin.py:188} INFO - [2026-04-21T05:06:28.848+0000] {dag.py:3823} INFO - Setting next_dagrun for example_xcom to 2021-01-01 00:00:00+00:00, run_after=2021-01-01 00:00:00+00:00
[2026-04-21T05:06:28.869+0000] {processor.py:183} INFO - Processing /home/airflow/.local/lib/python3.8/site-packages/airflow/example_dags/example_xcom.py took 0.090 seconds
[2026-04-21T05:06:59.417+0000] {processor.py:161} INFO - Started process (PID=3736165) to work on /home/airflow/.local/lib/python3.8/site-packages/airflow/example_dags/example_xcom.py
[2026-04-21T05:06:59.420+0000] {processor.py:830} INFO - Processing file /home/airflow/.local/lib/python3.8/site-packages/airflow/example_dags/example_xcom.py for tasks to queue
[2026-04-21T05:06:59.422+0000] {logging_mixin.py:188} INFO - [2026-04-21T05:06:59.422+0000] {dagbag.py:538} INFO - Filling up the DagBag from /home/airflow/.local/lib/python3.8/site-packages/airflow/example_dags/example_xcom.py
[2026-04-21T05:06:59.432+0000] {processor.py:840} INFO - DAG(s) 'example_xcom' retrieved from /home/airflow/.local/lib/python3.8/site-packages/airflow/example_dags/example_xcom.py
[2026-04-21T05:06:59.458+0000] {logging_mixin.py:188} INFO - [2026-04-21T05:06:59.458+0000] {dag.py:3036} INFO - Sync 1 DAGs
[2026-04-21T05:06:59.481+0000] {logging_mixin.py:188} INFO - [2026-04-21T05:06:59.481+0000] {dag.py:3823} INFO - Setting next_dagrun for example_xcom to 2021-01-01 00:00:00+00:00, run_after=2021-01-01 00:00:00+00:00
[2026-04-21T05:06:59.501+0000] {processor.py:183} INFO - Processing /home/airflow/.local/lib/python3.8/site-packages/airflow/example_dags/example_xcom.py took 0.089 seconds
[2026-04-21T05:07:29.631+0000] {processor.py:161} INFO - Started process (PID=3736222) to work on /home/airflow/.local/lib/python3.8/site-packages/airflow/example_dags/example_xcom.py
[2026-04-21T05:07:29.633+0000] {processor.py:830} INFO - Processing file /home/airflow/.local/lib/python3.8/site-packages/airflow/example_dags/example_xcom.py for tasks to queue
[2026-04-21T05:07:29.636+0000] {logging_mixin.py:188} INFO - [2026-04-21T05:07:29.635+0000] {dagbag.py:538} INFO - Filling up the DagBag from /home/airflow/.local/lib/python3.8/site-packages/airflow/example_dags/example_xcom.py
[2026-04-21T05:07:29.646+0000] {processor.py:840} INFO - DAG(s) 'example_xcom' retrieved from /home/airflow/.local/lib/python3.8/site-packages/airflow/example_dags/example_xcom.py
[2026-04-21T05:07:29.673+0000] {logging_mixin.py:188} INFO - [2026-04-21T05:07:29.673+0000] {dag.py:3036} INFO - Sync 1 DAGs
[2026-04-21T05:07:29.697+0000] {logging_mixin.py:188} INFO - [2026-04-21T05:07:29.697+0000] {dag.py:3823} INFO - Setting next_dagrun for example_xcom to 2021-01-01 00:00:00+00:00, run_after=2021-01-01 00:00:00+00:00
[2026-04-21T05:07:29.716+0000] {processor.py:183} INFO - Processing /home/airflow/.local/lib/python3.8/site-packages/airflow/example_dags/example_xcom.py took 0.090 seconds
[2026-04-21T05:07:59.883+0000] {processor.py:161} INFO - Started process (PID=3736279) to work on /home/airflow/.local/lib/python3.8/site-packages/airflow/example_dags/example_xcom.py
[2026-04-21T05:07:59.885+0000] {processor.py:830} INFO - Processing file /home/airflow/.local/lib/python3.8/site-packages/airflow/example_dags/example_xcom.py for tasks to queue
[2026-04-21T05:07:59.887+0000] {logging_mixin.py:188} INFO - [2026-04-21T05:07:59.887+0000] {dagbag.py:538} INFO - Filling up the DagBag from /home/airflow/.local/lib/python3.8/site-packages/airflow/example_dags/example_xcom.py
[2026-04-21T05:07:59.897+0000] {processor.py:840} INFO - DAG(s) 'example_xcom' retrieved from /home/airflow/.local/lib/python3.8/site-packages/airflow/example_dags/example_xcom.py
[2026-04-21T05:07:59.925+0000] {logging_mixin.py:188} INFO - [2026-04-21T05:07:59.925+0000] {dag.py:3036} INFO - Sync 1 DAGs
[2026-04-21T05:07:59.949+0000] {logging_mixin.py:188} INFO - [2026-04-21T05:07:59.948+0000] {dag.py:3823} INFO - Setting next_dagrun for example_xcom to 2021-01-01 00:00:00+00:00, run_after=2021-01-01 00:00:00+00:00
[2026-04-21T05:07:59.967+0000] {processor.py:183} INFO - Processing /home/airflow/.local/lib/python3.8/site-packages/airflow/example_dags/example_xcom.py took 0.089 seconds
[2026-04-21T05:08:30.228+0000] {processor.py:161} INFO - Started process (PID=3736336) to work on /home/airflow/.local/lib/python3.8/site-packages/airflow/example_dags/example_xcom.py
[2026-04-21T05:08:30.230+0000] {processor.py:830} INFO - Processing file /home/airflow/.local/lib/python3.8/site-packages/airflow/example_dags/example_xcom.py for tasks to queue
[2026-04-21T05:08:30.233+0000] {logging_mixin.py:188} INFO - [2026-04-21T05:08:30.232+0000] {dagbag.py:538} INFO - Filling up the DagBag from /home/airflow/.local/lib/python3.8/site-packages/airflow/example_dags/example_xcom.py
[2026-04-21T05:08:30.243+0000] {processor.py:840} INFO - DAG(s) 'example_xcom' retrieved from /home/airflow/.local/lib/python3.8/site-packages/airflow/example_dags/example_xcom.py
[2026-04-21T05:08:30.269+0000] {logging_mixin.py:188} INFO - [2026-04-21T05:08:30.269+0000] {dag.py:3036} INFO - Sync 1 DAGs
[2026-04-21T05:08:30.293+0000] {logging_mixin.py:188} INFO - [2026-04-21T05:08:30.292+0000] {dag.py:3823} INFO - Setting next_dagrun for example_xcom to 2021-01-01 00:00:00+00:00, run_after=2021-01-01 00:00:00+00:00
[2026-04-21T05:08:30.312+0000] {processor.py:183} INFO - Processing /home/airflow/.local/lib/python3.8/site-packages/airflow/example_dags/example_xcom.py took 0.089 seconds
[2026-04-21T05:09:00.426+0000] {processor.py:161} INFO - Started process (PID=3736393) to work on /home/airflow/.local/lib/python3.8/site-packages/airflow/example_dags/example_xcom.py
[2026-04-21T05:09:00.428+0000] {processor.py:830} INFO - Processing file /home/airflow/.local/lib/python3.8/site-packages/airflow/example_dags/example_xcom.py for tasks to queue
[2026-04-21T05:09:00.431+0000] {logging_mixin.py:188} INFO - [2026-04-21T05:09:00.430+0000] {dagbag.py:538} INFO - Filling up the DagBag from /home/airflow/.local/lib/python3.8/site-packages/airflow/example_dags/example_xcom.py
[2026-04-21T05:09:00.441+0000] {processor.py:840} INFO - DAG(s) 'example_xcom' retrieved from /home/airflow/.local/lib/python3.8/site-packages/airflow/example_dags/example_xcom.py
[2026-04-21T05:09:00.467+0000] {logging_mixin.py:188} INFO - [2026-04-21T05:09:00.467+0000] {dag.py:3036} INFO - Sync 1 DAGs
[2026-04-21T05:09:00.491+0000] {logging_mixin.py:188} INFO - [2026-04-21T05:09:00.490+0000] {dag.py:3823} INFO - Setting next_dagrun for example_xcom to 2021-01-01 00:00:00+00:00, run_after=2021-01-01 00:00:00+00:00
[2026-04-21T05:09:00.509+0000] {processor.py:183} INFO - Processing /home/airflow/.local/lib/python3.8/site-packages/airflow/example_dags/example_xcom.py took 0.088 seconds
[2026-04-21T05:09:30.606+0000] {processor.py:161} INFO - Started process (PID=3736450) to work on /home/airflow/.local/lib/python3.8/site-packages/airflow/example_dags/example_xcom.py
[2026-04-21T05:09:30.609+0000] {processor.py:830} INFO - Processing file /home/airflow/.local/lib/python3.8/site-packages/airflow/example_dags/example_xcom.py for tasks to queue
[2026-04-21T05:09:30.612+0000] {logging_mixin.py:188} INFO - [2026-04-21T05:09:30.612+0000] {dagbag.py:538} INFO - Filling up the DagBag from /home/airflow/.local/lib/python3.8/site-packages/airflow/example_dags/example_xcom.py
[2026-04-21T05:09:30.628+0000] {processor.py:840} INFO - DAG(s) 'example_xcom' retrieved from /home/airflow/.local/lib/python3.8/site-packages/airflow/example_dags/example_xcom.py
[2026-04-21T05:09:30.664+0000] {logging_mixin.py:188} INFO - [2026-04-21T05:09:30.663+0000] {dag.py:3036} INFO - Sync 1 DAGs
[2026-04-21T05:09:30.700+0000] {logging_mixin.py:188} INFO - [2026-04-21T05:09:30.699+0000] {dag.py:3823} INFO - Setting next_dagrun for example_xcom to 2021-01-01 00:00:00+00:00, run_after=2021-01-01 00:00:00+00:00
[2026-04-21T05:09:30.725+0000] {processor.py:183} INFO - Processing /home/airflow/.local/lib/python3.8/site-packages/airflow/example_dags/example_xcom.py took 0.125 seconds
[2026-04-21T05:10:00.857+0000] {processor.py:161} INFO - Started process (PID=3736507) to work on /home/airflow/.local/lib/python3.8/site-packages/airflow/example_dags/example_xcom.py
[2026-04-21T05:10:00.859+0000] {processor.py:830} INFO - Processing file /home/airflow/.local/lib/python3.8/site-packages/airflow/example_dags/example_xcom.py for tasks to queue
[2026-04-21T05:10:00.861+0000] {logging_mixin.py:188} INFO - [2026-04-21T05:10:00.861+0000] {dagbag.py:538} INFO - Filling up the DagBag from /home/airflow/.local/lib/python3.8/site-packages/airflow/example_dags/example_xcom.py
[2026-04-21T05:10:00.871+0000] {processor.py:840} INFO - DAG(s) 'example_xcom' retrieved from /home/airflow/.local/lib/python3.8/site-packages/airflow/example_dags/example_xcom.py
[2026-04-21T05:10:00.897+0000] {logging_mixin.py:188} INFO - [2026-04-21T05:10:00.897+0000] {dag.py:3036} INFO - Sync 1 DAGs
[2026-04-21T05:10:00.922+0000] {logging_mixin.py:188} INFO - [2026-04-21T05:10:00.922+0000] {dag.py:3823} INFO - Setting next_dagrun for example_xcom to 2021-01-01 00:00:00+00:00, run_after=2021-01-01 00:00:00+00:00
[2026-04-21T05:10:00.941+0000] {processor.py:183} INFO - Processing /home/airflow/.local/lib/python3.8/site-packages/airflow/example_dags/example_xcom.py took 0.088 seconds
[2026-04-21T05:10:31.141+0000] {processor.py:161} INFO - Started process (PID=3736564) to work on /home/airflow/.local/lib/python3.8/site-packages/airflow/example_dags/example_xcom.py
[2026-04-21T05:10:31.143+0000] {processor.py:830} INFO - Processing file /home/airflow/.local/lib/python3.8/site-packages/airflow/example_dags/example_xcom.py for tasks to queue
[2026-04-21T05:10:31.145+0000] {logging_mixin.py:188} INFO - [2026-04-21T05:10:31.145+0000] {dagbag.py:538} INFO - Filling up the DagBag from /home/airflow/.local/lib/python3.8/site-packages/airflow/example_dags/example_xcom.py
[2026-04-21T05:10:31.155+0000] {processor.py:840} INFO - DAG(s) 'example_xcom' retrieved from /home/airflow/.local/lib/python3.8/site-packages/airflow/example_dags/example_xcom.py
[2026-04-21T05:10:31.181+0000] {logging_mixin.py:188} INFO - [2026-04-21T05:10:31.181+0000] {dag.py:3036} INFO - Sync 1 DAGs
[2026-04-21T05:10:31.211+0000] {logging_mixin.py:188} INFO - [2026-04-21T05:10:31.211+0000] {dag.py:3823} INFO - Setting next_dagrun for example_xcom to 2021-01-01 00:00:00+00:00, run_after=2021-01-01 00:00:00+00:00
[2026-04-21T05:10:31.231+0000] {processor.py:183} INFO - Processing /home/airflow/.local/lib/python3.8/site-packages/airflow/example_dags/example_xcom.py took 0.095 seconds
[2026-04-21T05:11:01.350+0000] {processor.py:161} INFO - Started process (PID=3736621) to work on /home/airflow/.local/lib/python3.8/site-packages/airflow/example_dags/example_xcom.py
[2026-04-21T05:11:01.353+0000] {processor.py:830} INFO - Processing file /home/airflow/.local/lib/python3.8/site-packages/airflow/example_dags/example_xcom.py for tasks to queue
[2026-04-21T05:11:01.355+0000] {logging_mixin.py:188} INFO - [2026-04-21T05:11:01.355+0000] {dagbag.py:538} INFO - Filling up the DagBag from /home/airflow/.local/lib/python3.8/site-packages/airflow/example_dags/example_xcom.py
[2026-04-21T05:11:01.365+0000] {processor.py:840} INFO - DAG(s) 'example_xcom' retrieved from /home/airflow/.local/lib/python3.8/site-packages/airflow/example_dags/example_xcom.py
[2026-04-21T05:11:01.391+0000] {logging_mixin.py:188} INFO - [2026-04-21T05:11:01.391+0000] {dag.py:3036} INFO - Sync 1 DAGs
[2026-04-21T05:11:01.417+0000] {logging_mixin.py:188} INFO - [2026-04-21T05:11:01.416+0000] {dag.py:3823} INFO - Setting next_dagrun for example_xcom to 2021-01-01 00:00:00+00:00, run_after=2021-01-01 00:00:00+00:00
[2026-04-21T05:11:01.437+0000] {processor.py:183} INFO - Processing /home/airflow/.local/lib/python3.8/site-packages/airflow/example_dags/example_xcom.py took 0.092 seconds
[2026-04-21T05:11:31.556+0000] {processor.py:161} INFO - Started process (PID=3736678) to work on /home/airflow/.local/lib/python3.8/site-packages/airflow/example_dags/example_xcom.py
[2026-04-21T05:11:31.558+0000] {processor.py:830} INFO - Processing file /home/airflow/.local/lib/python3.8/site-packages/airflow/example_dags/example_xcom.py for tasks to queue
[2026-04-21T05:11:31.560+0000] {logging_mixin.py:188} INFO - [2026-04-21T05:11:31.560+0000] {dagbag.py:538} INFO - Filling up the DagBag from /home/airflow/.local/lib/python3.8/site-packages/airflow/example_dags/example_xcom.py
[2026-04-21T05:11:31.570+0000] {processor.py:840} INFO - DAG(s) 'example_xcom' retrieved from /home/airflow/.local/lib/python3.8/site-packages/airflow/example_dags/example_xcom.py
[2026-04-21T05:11:31.596+0000] {logging_mixin.py:188} INFO - [2026-04-21T05:11:31.596+0000] {dag.py:3036} INFO - Sync 1 DAGs
[2026-04-21T05:11:31.620+0000] {logging_mixin.py:188} INFO - [2026-04-21T05:11:31.620+0000] {dag.py:3823} INFO - Setting next_dagrun for example_xcom to 2021-01-01 00:00:00+00:00, run_after=2021-01-01 00:00:00+00:00
[2026-04-21T05:11:31.639+0000] {processor.py:183} INFO - Processing /home/airflow/.local/lib/python3.8/site-packages/airflow/example_dags/example_xcom.py took 0.089 seconds
[2026-04-21T05:12:01.786+0000] {processor.py:161} INFO - Started process (PID=3736735) to work on /home/airflow/.local/lib/python3.8/site-packages/airflow/example_dags/example_xcom.py
[2026-04-21T05:12:01.788+0000] {processor.py:830} INFO - Processing file /home/airflow/.local/lib/python3.8/site-packages/airflow/example_dags/example_xcom.py for tasks to queue
[2026-04-21T05:12:01.790+0000] {logging_mixin.py:188} INFO - [2026-04-21T05:12:01.790+0000] {dagbag.py:538} INFO - Filling up the DagBag from /home/airflow/.local/lib/python3.8/site-packages/airflow/example_dags/example_xcom.py
[2026-04-21T05:12:01.800+0000] {processor.py:840} INFO - DAG(s) 'example_xcom' retrieved from /home/airflow/.local/lib/python3.8/site-packages/airflow/example_dags/example_xcom.py
[2026-04-21T05:12:01.826+0000] {logging_mixin.py:188} INFO - [2026-04-21T05:12:01.826+0000] {dag.py:3036} INFO - Sync 1 DAGs
[2026-04-21T05:12:01.849+0000] {logging_mixin.py:188} INFO - [2026-04-21T05:12:01.849+0000] {dag.py:3823} INFO - Setting next_dagrun for example_xcom to 2021-01-01 00:00:00+00:00, run_after=2021-01-01 00:00:00+00:00
[2026-04-21T05:12:01.869+0000] {processor.py:183} INFO - Processing /home/airflow/.local/lib/python3.8/site-packages/airflow/example_dags/example_xcom.py took 0.088 seconds
[2026-04-21T05:12:32.145+0000] {processor.py:161} INFO - Started process (PID=3736792) to work on /home/airflow/.local/lib/python3.8/site-packages/airflow/example_dags/example_xcom.py
[2026-04-21T05:12:32.147+0000] {processor.py:830} INFO - Processing file /home/airflow/.local/lib/python3.8/site-packages/airflow/example_dags/example_xcom.py for tasks to queue
[2026-04-21T05:12:32.149+0000] {logging_mixin.py:188} INFO - [2026-04-21T05:12:32.149+0000] {dagbag.py:538} INFO - Filling up the DagBag from /home/airflow/.local/lib/python3.8/site-packages/airflow/example_dags/example_xcom.py
[2026-04-21T05:12:32.159+0000] {processor.py:840} INFO - DAG(s) 'example_xcom' retrieved from /home/airflow/.local/lib/python3.8/site-packages/airflow/example_dags/example_xcom.py
[2026-04-21T05:12:32.186+0000] {logging_mixin.py:188} INFO - [2026-04-21T05:12:32.186+0000] {dag.py:3036} INFO - Sync 1 DAGs
[2026-04-21T05:12:32.209+0000] {logging_mixin.py:188} INFO - [2026-04-21T05:12:32.209+0000] {dag.py:3823} INFO - Setting next_dagrun for example_xcom to 2021-01-01 00:00:00+00:00, run_after=2021-01-01 00:00:00+00:00
[2026-04-21T05:12:32.229+0000] {processor.py:183} INFO - Processing /home/airflow/.local/lib/python3.8/site-packages/airflow/example_dags/example_xcom.py took 0.089 seconds
[2026-04-21T05:13:02.415+0000] {processor.py:161} INFO - Started process (PID=3736849) to work on /home/airflow/.local/lib/python3.8/site-packages/airflow/example_dags/example_xcom.py
[2026-04-21T05:13:02.417+0000] {processor.py:830} INFO - Processing file /home/airflow/.local/lib/python3.8/site-packages/airflow/example_dags/example_xcom.py for tasks to queue
[2026-04-21T05:13:02.420+0000] {logging_mixin.py:188} INFO - [2026-04-21T05:13:02.419+0000] {dagbag.py:538} INFO - Filling up the DagBag from /home/airflow/.local/lib/python3.8/site-packages/airflow/example_dags/example_xcom.py
[2026-04-21T05:13:02.429+0000] {processor.py:840} INFO - DAG(s) 'example_xcom' retrieved from /home/airflow/.local/lib/python3.8/site-packages/airflow/example_dags/example_xcom.py
[2026-04-21T05:13:02.457+0000] {logging_mixin.py:188} INFO - [2026-04-21T05:13:02.457+0000] {dag.py:3036} INFO - Sync 1 DAGs
[2026-04-21T05:13:02.481+0000] {logging_mixin.py:188} INFO - [2026-04-21T05:13:02.480+0000] {dag.py:3823} INFO - Setting next_dagrun for example_xcom to 2021-01-01 00:00:00+00:00, run_after=2021-01-01 00:00:00+00:00
[2026-04-21T05:13:02.501+0000] {processor.py:183} INFO - Processing /home/airflow/.local/lib/python3.8/site-packages/airflow/example_dags/example_xcom.py took 0.093 seconds
[2026-04-21T05:13:32.678+0000] {processor.py:161} INFO - Started process (PID=3736906) to work on /home/airflow/.local/lib/python3.8/site-packages/airflow/example_dags/example_xcom.py
[2026-04-21T05:13:32.680+0000] {processor.py:830} INFO - Processing file /home/airflow/.local/lib/python3.8/site-packages/airflow/example_dags/example_xcom.py for tasks to queue
[2026-04-21T05:13:32.683+0000] {logging_mixin.py:188} INFO - [2026-04-21T05:13:32.682+0000] {dagbag.py:538} INFO - Filling up the DagBag from /home/airflow/.local/lib/python3.8/site-packages/airflow/example_dags/example_xcom.py
[2026-04-21T05:13:32.693+0000] {processor.py:840} INFO - DAG(s) 'example_xcom' retrieved from /home/airflow/.local/lib/python3.8/site-packages/airflow/example_dags/example_xcom.py
[2026-04-21T05:13:32.720+0000] {logging_mixin.py:188} INFO - [2026-04-21T05:13:32.720+0000] {dag.py:3036} INFO - Sync 1 DAGs
[2026-04-21T05:13:32.743+0000] {logging_mixin.py:188} INFO - [2026-04-21T05:13:32.743+0000] {dag.py:3823} INFO - Setting next_dagrun for example_xcom to 2021-01-01 00:00:00+00:00, run_after=2021-01-01 00:00:00+00:00
[2026-04-21T05:13:32.763+0000] {processor.py:183} INFO - Processing /home/airflow/.local/lib/python3.8/site-packages/airflow/example_dags/example_xcom.py took 0.090 seconds
[2026-04-21T05:14:03.021+0000] {processor.py:161} INFO - Started process (PID=3736963) to work on /home/airflow/.local/lib/python3.8/site-packages/airflow/example_dags/example_xcom.py
[2026-04-21T05:14:03.023+0000] {processor.py:830} INFO - Processing file /home/airflow/.local/lib/python3.8/site-packages/airflow/example_dags/example_xcom.py for tasks to queue
[2026-04-21T05:14:03.026+0000] {logging_mixin.py:188} INFO - [2026-04-21T05:14:03.026+0000] {dagbag.py:538} INFO - Filling up the DagBag from /home/airflow/.local/lib/python3.8/site-packages/airflow/example_dags/example_xcom.py
[2026-04-21T05:14:03.037+0000] {processor.py:840} INFO - DAG(s) 'example_xcom' retrieved from /home/airflow/.local/lib/python3.8/site-packages/airflow/example_dags/example_xcom.py
[2026-04-21T05:14:03.070+0000] {logging_mixin.py:188} INFO - [2026-04-21T05:14:03.069+0000] {dag.py:3036} INFO - Sync 1 DAGs
[2026-04-21T05:14:03.093+0000] {logging_mixin.py:188} INFO - [2026-04-21T05:14:03.093+0000] {dag.py:3823} INFO - Setting next_dagrun for example_xcom to 2021-01-01 00:00:00+00:00, run_after=2021-01-01 00:00:00+00:00
[2026-04-21T05:14:03.113+0000] {processor.py:183} INFO - Processing /home/airflow/.local/lib/python3.8/site-packages/airflow/example_dags/example_xcom.py took 0.096 seconds
[2026-04-21T05:14:33.333+0000] {processor.py:161} INFO - Started process (PID=3737020) to work on /home/airflow/.local/lib/python3.8/site-packages/airflow/example_dags/example_xcom.py
[2026-04-21T05:14:33.335+0000] {processor.py:830} INFO - Processing file /home/airflow/.local/lib/python3.8/site-packages/airflow/example_dags/example_xcom.py for tasks to queue
[2026-04-21T05:14:33.337+0000] {logging_mixin.py:188} INFO - [2026-04-21T05:14:33.337+0000] {dagbag.py:538} INFO - Filling up the DagBag from /home/airflow/.local/lib/python3.8/site-packages/airflow/example_dags/example_xcom.py
[2026-04-21T05:14:33.348+0000] {processor.py:840} INFO - DAG(s) 'example_xcom' retrieved from /home/airflow/.local/lib/python3.8/site-packages/airflow/example_dags/example_xcom.py
[2026-04-21T05:14:33.373+0000] {logging_mixin.py:188} INFO - [2026-04-21T05:14:33.373+0000] {dag.py:3036} INFO - Sync 1 DAGs
[2026-04-21T05:14:33.397+0000] {logging_mixin.py:188} INFO - [2026-04-21T05:14:33.397+0000] {dag.py:3823} INFO - Setting next_dagrun for example_xcom to 2021-01-01 00:00:00+00:00, run_after=2021-01-01 00:00:00+00:00
[2026-04-21T05:14:33.417+0000] {processor.py:183} INFO - Processing /home/airflow/.local/lib/python3.8/site-packages/airflow/example_dags/example_xcom.py took 0.089 seconds
[2026-04-21T05:15:03.664+0000] {processor.py:161} INFO - Started process (PID=3737077) to work on /home/airflow/.local/lib/python3.8/site-packages/airflow/example_dags/example_xcom.py
[2026-04-21T05:15:03.666+0000] {processor.py:830} INFO - Processing file /home/airflow/.local/lib/python3.8/site-packages/airflow/example_dags/example_xcom.py for tasks to queue
[2026-04-21T05:15:03.669+0000] {logging_mixin.py:188} INFO - [2026-04-21T05:15:03.668+0000] {dagbag.py:538} INFO - Filling up the DagBag from /home/airflow/.local/lib/python3.8/site-packages/airflow/example_dags/example_xcom.py
[2026-04-21T05:15:03.679+0000] {processor.py:840} INFO - DAG(s) 'example_xcom' retrieved from /home/airflow/.local/lib/python3.8/site-packages/airflow/example_dags/example_xcom.py
[2026-04-21T05:15:03.705+0000] {logging_mixin.py:188} INFO - [2026-04-21T05:15:03.705+0000] {dag.py:3036} INFO - Sync 1 DAGs
[2026-04-21T05:15:03.729+0000] {logging_mixin.py:188} INFO - [2026-04-21T05:15:03.729+0000] {dag.py:3823} INFO - Setting next_dagrun for example_xcom to 2021-01-01 00:00:00+00:00, run_after=2021-01-01 00:00:00+00:00
[2026-04-21T05:15:03.748+0000] {processor.py:183} INFO - Processing /home/airflow/.local/lib/python3.8/site-packages/airflow/example_dags/example_xcom.py took 0.089 seconds
[2026-04-21T05:15:33.930+0000] {processor.py:161} INFO - Started process (PID=3737134) to work on /home/airflow/.local/lib/python3.8/site-packages/airflow/example_dags/example_xcom.py
[2026-04-21T05:15:33.932+0000] {processor.py:830} INFO - Processing file /home/airflow/.local/lib/python3.8/site-packages/airflow/example_dags/example_xcom.py for tasks to queue
[2026-04-21T05:15:33.934+0000] {logging_mixin.py:188} INFO - [2026-04-21T05:15:33.934+0000] {dagbag.py:538} INFO - Filling up the DagBag from /home/airflow/.local/lib/python3.8/site-packages/airflow/example_dags/example_xcom.py
[2026-04-21T05:15:33.944+0000] {processor.py:840} INFO - DAG(s) 'example_xcom' retrieved from /home/airflow/.local/lib/python3.8/site-packages/airflow/example_dags/example_xcom.py
[2026-04-21T05:15:33.970+0000] {logging_mixin.py:188} INFO - [2026-04-21T05:15:33.970+0000] {dag.py:3036} INFO - Sync 1 DAGs
[2026-04-21T05:15:33.994+0000] {logging_mixin.py:188} INFO - [2026-04-21T05:15:33.994+0000] {dag.py:3823} INFO - Setting next_dagrun for example_xcom to 2021-01-01 00:00:00+00:00, run_after=2021-01-01 00:00:00+00:00
[2026-04-21T05:15:34.013+0000] {processor.py:183} INFO - Processing /home/airflow/.local/lib/python3.8/site-packages/airflow/example_dags/example_xcom.py took 0.089 seconds
[2026-04-21T05:16:04.487+0000] {processor.py:161} INFO - Started process (PID=3737197) to work on /home/airflow/.local/lib/python3.8/site-packages/airflow/example_dags/example_xcom.py
[2026-04-21T05:16:04.489+0000] {processor.py:830} INFO - Processing file /home/airflow/.local/lib/python3.8/site-packages/airflow/example_dags/example_xcom.py for tasks to queue
[2026-04-21T05:16:04.492+0000] {logging_mixin.py:188} INFO - [2026-04-21T05:16:04.491+0000] {dagbag.py:538} INFO - Filling up the DagBag from /home/airflow/.local/lib/python3.8/site-packages/airflow/example_dags/example_xcom.py
[2026-04-21T05:16:04.502+0000] {processor.py:840} INFO - DAG(s) 'example_xcom' retrieved from /home/airflow/.local/lib/python3.8/site-packages/airflow/example_dags/example_xcom.py
[2026-04-21T05:16:04.528+0000] {logging_mixin.py:188} INFO - [2026-04-21T05:16:04.528+0000] {dag.py:3036} INFO - Sync 1 DAGs
[2026-04-21T05:16:04.553+0000] {logging_mixin.py:188} INFO - [2026-04-21T05:16:04.553+0000] {dag.py:3823} INFO - Setting next_dagrun for example_xcom to 2021-01-01 00:00:00+00:00, run_after=2021-01-01 00:00:00+00:00
[2026-04-21T05:16:04.572+0000] {processor.py:183} INFO - Processing /home/airflow/.local/lib/python3.8/site-packages/airflow/example_dags/example_xcom.py took 0.090 seconds
[2026-04-21T05:16:34.776+0000] {processor.py:161} INFO - Started process (PID=3737254) to work on /home/airflow/.local/lib/python3.8/site-packages/airflow/example_dags/example_xcom.py
[2026-04-21T05:16:34.779+0000] {processor.py:830} INFO - Processing file /home/airflow/.local/lib/python3.8/site-packages/airflow/example_dags/example_xcom.py for tasks to queue
[2026-04-21T05:16:34.781+0000] {logging_mixin.py:188} INFO - [2026-04-21T05:16:34.781+0000] {dagbag.py:538} INFO - Filling up the DagBag from /home/airflow/.local/lib/python3.8/site-packages/airflow/example_dags/example_xcom.py
[2026-04-21T05:16:34.791+0000] {processor.py:840} INFO - DAG(s) 'example_xcom' retrieved from /home/airflow/.local/lib/python3.8/site-packages/airflow/example_dags/example_xcom.py
[2026-04-21T05:16:34.818+0000] {logging_mixin.py:188} INFO - [2026-04-21T05:16:34.817+0000] {dag.py:3036} INFO - Sync 1 DAGs
[2026-04-21T05:16:34.843+0000] {logging_mixin.py:188} INFO - [2026-04-21T05:16:34.842+0000] {dag.py:3823} INFO - Setting next_dagrun for example_xcom to 2021-01-01 00:00:00+00:00, run_after=2021-01-01 00:00:00+00:00
[2026-04-21T05:16:34.863+0000] {processor.py:183} INFO - Processing /home/airflow/.local/lib/python3.8/site-packages/airflow/example_dags/example_xcom.py took 0.091 seconds
[2026-04-21T05:17:05.015+0000] {processor.py:161} INFO - Started process (PID=3737311) to work on /home/airflow/.local/lib/python3.8/site-packages/airflow/example_dags/example_xcom.py
[2026-04-21T05:17:05.017+0000] {processor.py:830} INFO - Processing file /home/airflow/.local/lib/python3.8/site-packages/airflow/example_dags/example_xcom.py for tasks to queue
[2026-04-21T05:17:05.020+0000] {logging_mixin.py:188} INFO - [2026-04-21T05:17:05.019+0000] {dagbag.py:538} INFO - Filling up the DagBag from /home/airflow/.local/lib/python3.8/site-packages/airflow/example_dags/example_xcom.py
[2026-04-21T05:17:05.030+0000] {processor.py:840} INFO - DAG(s) 'example_xcom' retrieved from /home/airflow/.local/lib/python3.8/site-packages/airflow/example_dags/example_xcom.py
[2026-04-21T05:17:05.056+0000] {logging_mixin.py:188} INFO - [2026-04-21T05:17:05.056+0000] {dag.py:3036} INFO - Sync 1 DAGs
[2026-04-21T05:17:05.080+0000] {logging_mixin.py:188} INFO - [2026-04-21T05:17:05.080+0000] {dag.py:3823} INFO - Setting next_dagrun for example_xcom to 2021-01-01 00:00:00+00:00, run_after=2021-01-01 00:00:00+00:00
[2026-04-21T05:17:05.099+0000] {processor.py:183} INFO - Processing /home/airflow/.local/lib/python3.8/site-packages/airflow/example_dags/example_xcom.py took 0.089 seconds
[2026-04-21T05:17:35.541+0000] {processor.py:161} INFO - Started process (PID=3737365) to work on /home/airflow/.local/lib/python3.8/site-packages/airflow/example_dags/example_xcom.py
[2026-04-21T05:17:35.543+0000] {processor.py:830} INFO - Processing file /home/airflow/.local/lib/python3.8/site-packages/airflow/example_dags/example_xcom.py for tasks to queue
[2026-04-21T05:17:35.545+0000] {logging_mixin.py:188} INFO - [2026-04-21T05:17:35.545+0000] {dagbag.py:538} INFO - Filling up the DagBag from /home/airflow/.local/lib/python3.8/site-packages/airflow/example_dags/example_xcom.py
[2026-04-21T05:17:35.556+0000] {processor.py:840} INFO - DAG(s) 'example_xcom' retrieved from /home/airflow/.local/lib/python3.8/site-packages/airflow/example_dags/example_xcom.py
[2026-04-21T05:17:35.582+0000] {logging_mixin.py:188} INFO - [2026-04-21T05:17:35.581+0000] {dag.py:3036} INFO - Sync 1 DAGs
[2026-04-21T05:17:35.606+0000] {logging_mixin.py:188} INFO - [2026-04-21T05:17:35.605+0000] {dag.py:3823} INFO - Setting next_dagrun for example_xcom to 2021-01-01 00:00:00+00:00, run_after=2021-01-01 00:00:00+00:00
[2026-04-21T05:17:35.625+0000] {processor.py:183} INFO - Processing /home/airflow/.local/lib/python3.8/site-packages/airflow/example_dags/example_xcom.py took 0.089 seconds
[2026-04-21T05:18:05.782+0000] {processor.py:161} INFO - Started process (PID=3737421) to work on /home/airflow/.local/lib/python3.8/site-packages/airflow/example_dags/example_xcom.py
[2026-04-21T05:18:05.784+0000] {processor.py:830} INFO - Processing file /home/airflow/.local/lib/python3.8/site-packages/airflow/example_dags/example_xcom.py for tasks to queue
[2026-04-21T05:18:05.786+0000] {logging_mixin.py:188} INFO - [2026-04-21T05:18:05.786+0000] {dagbag.py:538} INFO - Filling up the DagBag from /home/airflow/.local/lib/python3.8/site-packages/airflow/example_dags/example_xcom.py
[2026-04-21T05:18:05.796+0000] {processor.py:840} INFO - DAG(s) 'example_xcom' retrieved from /home/airflow/.local/lib/python3.8/site-packages/airflow/example_dags/example_xcom.py
[2026-04-21T05:18:05.822+0000] {logging_mixin.py:188} INFO - [2026-04-21T05:18:05.822+0000] {dag.py:3036} INFO - Sync 1 DAGs
[2026-04-21T05:18:05.846+0000] {logging_mixin.py:188} INFO - [2026-04-21T05:18:05.846+0000] {dag.py:3823} INFO - Setting next_dagrun for example_xcom to 2021-01-01 00:00:00+00:00, run_after=2021-01-01 00:00:00+00:00
[2026-04-21T05:18:05.865+0000] {processor.py:183} INFO - Processing /home/airflow/.local/lib/python3.8/site-packages/airflow/example_dags/example_xcom.py took 0.087 seconds
[2026-04-21T05:18:36.054+0000] {processor.py:161} INFO - Started process (PID=3737478) to work on /home/airflow/.local/lib/python3.8/site-packages/airflow/example_dags/example_xcom.py
[2026-04-21T05:18:36.056+0000] {processor.py:830} INFO - Processing file /home/airflow/.local/lib/python3.8/site-packages/airflow/example_dags/example_xcom.py for tasks to queue
[2026-04-21T05:18:36.059+0000] {logging_mixin.py:188} INFO - [2026-04-21T05:18:36.058+0000] {dagbag.py:538} INFO - Filling up the DagBag from /home/airflow/.local/lib/python3.8/site-packages/airflow/example_dags/example_xcom.py
[2026-04-21T05:18:36.071+0000] {processor.py:840} INFO - DAG(s) 'example_xcom' retrieved from /home/airflow/.local/lib/python3.8/site-packages/airflow/example_dags/example_xcom.py
[2026-04-21T05:18:36.104+0000] {logging_mixin.py:188} INFO - [2026-04-21T05:18:36.104+0000] {dag.py:3036} INFO - Sync 1 DAGs
[2026-04-21T05:18:36.128+0000] {logging_mixin.py:188} INFO - [2026-04-21T05:18:36.128+0000] {dag.py:3823} INFO - Setting next_dagrun for example_xcom to 2021-01-01 00:00:00+00:00, run_after=2021-01-01 00:00:00+00:00
[2026-04-21T05:18:36.147+0000] {processor.py:183} INFO - Processing /home/airflow/.local/lib/python3.8/site-packages/airflow/example_dags/example_xcom.py took 0.097 seconds
[2026-04-21T05:19:06.347+0000] {processor.py:161} INFO - Started process (PID=3737535) to work on /home/airflow/.local/lib/python3.8/site-packages/airflow/example_dags/example_xcom.py
[2026-04-21T05:19:06.349+0000] {processor.py:830} INFO - Processing file /home/airflow/.local/lib/python3.8/site-packages/airflow/example_dags/example_xcom.py for tasks to queue
[2026-04-21T05:19:06.352+0000] {logging_mixin.py:188} INFO - [2026-04-21T05:19:06.351+0000] {dagbag.py:538} INFO - Filling up the DagBag from /home/airflow/.local/lib/python3.8/site-packages/airflow/example_dags/example_xcom.py
[2026-04-21T05:19:06.362+0000] {processor.py:840} INFO - DAG(s) 'example_xcom' retrieved from /home/airflow/.local/lib/python3.8/site-packages/airflow/example_dags/example_xcom.py
[2026-04-21T05:19:06.388+0000] {logging_mixin.py:188} INFO - [2026-04-21T05:19:06.388+0000] {dag.py:3036} INFO - Sync 1 DAGs
[2026-04-21T05:19:06.412+0000] {logging_mixin.py:188} INFO - [2026-04-21T05:19:06.412+0000] {dag.py:3823} INFO - Setting next_dagrun for example_xcom to 2021-01-01 00:00:00+00:00, run_after=2021-01-01 00:00:00+00:00
[2026-04-21T05:19:06.430+0000] {processor.py:183} INFO - Processing /home/airflow/.local/lib/python3.8/site-packages/airflow/example_dags/example_xcom.py took 0.088 seconds
[2026-04-21T05:19:36.595+0000] {processor.py:161} INFO - Started process (PID=3737592) to work on /home/airflow/.local/lib/python3.8/site-packages/airflow/example_dags/example_xcom.py
[2026-04-21T05:19:36.597+0000] {processor.py:830} INFO - Processing file /home/airflow/.local/lib/python3.8/site-packages/airflow/example_dags/example_xcom.py for tasks to queue
[2026-04-21T05:19:36.600+0000] {logging_mixin.py:188} INFO - [2026-04-21T05:19:36.599+0000] {dagbag.py:538} INFO - Filling up the DagBag from /home/airflow/.local/lib/python3.8/site-packages/airflow/example_dags/example_xcom.py
[2026-04-21T05:19:36.610+0000] {processor.py:840} INFO - DAG(s) 'example_xcom' retrieved from /home/airflow/.local/lib/python3.8/site-packages/airflow/example_dags/example_xcom.py
[2026-04-21T05:19:36.636+0000] {logging_mixin.py:188} INFO - [2026-04-21T05:19:36.636+0000] {dag.py:3036} INFO - Sync 1 DAGs
[2026-04-21T05:19:36.665+0000] {logging_mixin.py:188} INFO - [2026-04-21T05:19:36.664+0000] {dag.py:3823} INFO - Setting next_dagrun for example_xcom to 2021-01-01 00:00:00+00:00, run_after=2021-01-01 00:00:00+00:00
[2026-04-21T05:19:36.683+0000] {processor.py:183} INFO - Processing /home/airflow/.local/lib/python3.8/site-packages/airflow/example_dags/example_xcom.py took 0.093 seconds
[2026-04-21T05:20:06.863+0000] {processor.py:161} INFO - Started process (PID=3737649) to work on /home/airflow/.local/lib/python3.8/site-packages/airflow/example_dags/example_xcom.py
[2026-04-21T05:20:06.865+0000] {processor.py:830} INFO - Processing file /home/airflow/.local/lib/python3.8/site-packages/airflow/example_dags/example_xcom.py for tasks to queue
[2026-04-21T05:20:06.867+0000] {logging_mixin.py:188} INFO - [2026-04-21T05:20:06.867+0000] {dagbag.py:538} INFO - Filling up the DagBag from /home/airflow/.local/lib/python3.8/site-packages/airflow/example_dags/example_xcom.py
[2026-04-21T05:20:06.877+0000] {processor.py:840} INFO - DAG(s) 'example_xcom' retrieved from /home/airflow/.local/lib/python3.8/site-packages/airflow/example_dags/example_xcom.py
[2026-04-21T05:20:06.903+0000] {logging_mixin.py:188} INFO - [2026-04-21T05:20:06.903+0000] {dag.py:3036} INFO - Sync 1 DAGs
[2026-04-21T05:20:06.928+0000] {logging_mixin.py:188} INFO - [2026-04-21T05:20:06.928+0000] {dag.py:3823} INFO - Setting next_dagrun for example_xcom to 2021-01-01 00:00:00+00:00, run_after=2021-01-01 00:00:00+00:00
[2026-04-21T05:20:06.948+0000] {processor.py:183} INFO - Processing /home/airflow/.local/lib/python3.8/site-packages/airflow/example_dags/example_xcom.py took 0.090 seconds
[2026-04-21T05:20:37.296+0000] {processor.py:161} INFO - Started process (PID=3737706) to work on /home/airflow/.local/lib/python3.8/site-packages/airflow/example_dags/example_xcom.py
[2026-04-21T05:20:37.298+0000] {processor.py:830} INFO - Processing file /home/airflow/.local/lib/python3.8/site-packages/airflow/example_dags/example_xcom.py for tasks to queue
[2026-04-21T05:20:37.300+0000] {logging_mixin.py:188} INFO - [2026-04-21T05:20:37.300+0000] {dagbag.py:538} INFO - Filling up the DagBag from /home/airflow/.local/lib/python3.8/site-packages/airflow/example_dags/example_xcom.py
[2026-04-21T05:20:37.310+0000] {processor.py:840} INFO - DAG(s) 'example_xcom' retrieved from /home/airflow/.local/lib/python3.8/site-packages/airflow/example_dags/example_xcom.py
[2026-04-21T05:20:37.336+0000] {logging_mixin.py:188} INFO - [2026-04-21T05:20:37.336+0000] {dag.py:3036} INFO - Sync 1 DAGs
[2026-04-21T05:20:37.360+0000] {logging_mixin.py:188} INFO - [2026-04-21T05:20:37.360+0000] {dag.py:3823} INFO - Setting next_dagrun for example_xcom to 2021-01-01 00:00:00+00:00, run_after=2021-01-01 00:00:00+00:00
[2026-04-21T05:20:37.379+0000] {processor.py:183} INFO - Processing /home/airflow/.local/lib/python3.8/site-packages/airflow/example_dags/example_xcom.py took 0.089 seconds
[2026-04-21T05:21:07.655+0000] {processor.py:161} INFO - Started process (PID=3737763) to work on /home/airflow/.local/lib/python3.8/site-packages/airflow/example_dags/example_xcom.py
[2026-04-21T05:21:07.657+0000] {processor.py:830} INFO - Processing file /home/airflow/.local/lib/python3.8/site-packages/airflow/example_dags/example_xcom.py for tasks to queue
[2026-04-21T05:21:07.660+0000] {logging_mixin.py:188} INFO - [2026-04-21T05:21:07.659+0000] {dagbag.py:538} INFO - Filling up the DagBag from /home/airflow/.local/lib/python3.8/site-packages/airflow/example_dags/example_xcom.py
[2026-04-21T05:21:07.670+0000] {processor.py:840} INFO - DAG(s) 'example_xcom' retrieved from /home/airflow/.local/lib/python3.8/site-packages/airflow/example_dags/example_xcom.py
[2026-04-21T05:21:07.695+0000] {logging_mixin.py:188} INFO - [2026-04-21T05:21:07.695+0000] {dag.py:3036} INFO - Sync 1 DAGs
[2026-04-21T05:21:07.718+0000] {logging_mixin.py:188} INFO - [2026-04-21T05:21:07.718+0000] {dag.py:3823} INFO - Setting next_dagrun for example_xcom to 2021-01-01 00:00:00+00:00, run_after=2021-01-01 00:00:00+00:00
[2026-04-21T05:21:07.928+0000] {processor.py:183} INFO - Processing /home/airflow/.local/lib/python3.8/site-packages/airflow/example_dags/example_xcom.py took 0.278 seconds
[2026-04-21T05:21:38.070+0000] {processor.py:161} INFO - Started process (PID=3737820) to work on /home/airflow/.local/lib/python3.8/site-packages/airflow/example_dags/example_xcom.py
[2026-04-21T05:21:38.072+0000] {processor.py:830} INFO - Processing file /home/airflow/.local/lib/python3.8/site-packages/airflow/example_dags/example_xcom.py for tasks to queue
[2026-04-21T05:21:38.075+0000] {logging_mixin.py:188} INFO - [2026-04-21T05:21:38.074+0000] {dagbag.py:538} INFO - Filling up the DagBag from /home/airflow/.local/lib/python3.8/site-packages/airflow/example_dags/example_xcom.py
[2026-04-21T05:21:38.085+0000] {processor.py:840} INFO - DAG(s) 'example_xcom' retrieved from /home/airflow/.local/lib/python3.8/site-packages/airflow/example_dags/example_xcom.py
[2026-04-21T05:21:38.110+0000] {logging_mixin.py:188} INFO - [2026-04-21T05:21:38.110+0000] {dag.py:3036} INFO - Sync 1 DAGs
[2026-04-21T05:21:38.134+0000] {logging_mixin.py:188} INFO - [2026-04-21T05:21:38.134+0000] {dag.py:3823} INFO - Setting next_dagrun for example_xcom to 2021-01-01 00:00:00+00:00, run_after=2021-01-01 00:00:00+00:00
[2026-04-21T05:21:38.152+0000] {processor.py:183} INFO - Processing /home/airflow/.local/lib/python3.8/site-packages/airflow/example_dags/example_xcom.py took 0.087 seconds
[2026-04-21T05:22:08.517+0000] {processor.py:161} INFO - Started process (PID=3737878) to work on /home/airflow/.local/lib/python3.8/site-packages/airflow/example_dags/example_xcom.py
[2026-04-21T05:22:08.519+0000] {processor.py:830} INFO - Processing file /home/airflow/.local/lib/python3.8/site-packages/airflow/example_dags/example_xcom.py for tasks to queue
[2026-04-21T05:22:08.521+0000] {logging_mixin.py:188} INFO - [2026-04-21T05:22:08.521+0000] {dagbag.py:538} INFO - Filling up the DagBag from /home/airflow/.local/lib/python3.8/site-packages/airflow/example_dags/example_xcom.py
[2026-04-21T05:22:08.531+0000] {processor.py:840} INFO - DAG(s) 'example_xcom' retrieved from /home/airflow/.local/lib/python3.8/site-packages/airflow/example_dags/example_xcom.py
[2026-04-21T05:22:08.559+0000] {logging_mixin.py:188} INFO - [2026-04-21T05:22:08.559+0000] {dag.py:3036} INFO - Sync 1 DAGs
[2026-04-21T05:22:08.583+0000] {logging_mixin.py:188} INFO - [2026-04-21T05:22:08.582+0000] {dag.py:3823} INFO - Setting next_dagrun for example_xcom to 2021-01-01 00:00:00+00:00, run_after=2021-01-01 00:00:00+00:00
[2026-04-21T05:22:08.604+0000] {processor.py:183} INFO - Processing /home/airflow/.local/lib/python3.8/site-packages/airflow/example_dags/example_xcom.py took 0.093 seconds
[2026-04-21T05:22:39.029+0000] {processor.py:161} INFO - Started process (PID=3737935) to work on /home/airflow/.local/lib/python3.8/site-packages/airflow/example_dags/example_xcom.py
[2026-04-21T05:22:39.031+0000] {processor.py:830} INFO - Processing file /home/airflow/.local/lib/python3.8/site-packages/airflow/example_dags/example_xcom.py for tasks to queue
[2026-04-21T05:22:39.033+0000] {logging_mixin.py:188} INFO - [2026-04-21T05:22:39.033+0000] {dagbag.py:538} INFO - Filling up the DagBag from /home/airflow/.local/lib/python3.8/site-packages/airflow/example_dags/example_xcom.py
[2026-04-21T05:22:39.043+0000] {processor.py:840} INFO - DAG(s) 'example_xcom' retrieved from /home/airflow/.local/lib/python3.8/site-packages/airflow/example_dags/example_xcom.py
[2026-04-21T05:22:39.069+0000] {logging_mixin.py:188} INFO - [2026-04-21T05:22:39.069+0000] {dag.py:3036} INFO - Sync 1 DAGs
[2026-04-21T05:22:39.095+0000] {logging_mixin.py:188} INFO - [2026-04-21T05:22:39.095+0000] {dag.py:3823} INFO - Setting next_dagrun for example_xcom to 2021-01-01 00:00:00+00:00, run_after=2021-01-01 00:00:00+00:00
[2026-04-21T05:22:39.115+0000] {processor.py:183} INFO - Processing /home/airflow/.local/lib/python3.8/site-packages/airflow/example_dags/example_xcom.py took 0.091 seconds
[2026-04-21T05:23:09.196+0000] {processor.py:161} INFO - Started process (PID=3737992) to work on /home/airflow/.local/lib/python3.8/site-packages/airflow/example_dags/example_xcom.py
[2026-04-21T05:23:09.198+0000] {processor.py:830} INFO - Processing file /home/airflow/.local/lib/python3.8/site-packages/airflow/example_dags/example_xcom.py for tasks to queue
[2026-04-21T05:23:09.200+0000] {logging_mixin.py:188} INFO - [2026-04-21T05:23:09.200+0000] {dagbag.py:538} INFO - Filling up the DagBag from /home/airflow/.local/lib/python3.8/site-packages/airflow/example_dags/example_xcom.py
[2026-04-21T05:23:09.211+0000] {processor.py:840} INFO - DAG(s) 'example_xcom' retrieved from /home/airflow/.local/lib/python3.8/site-packages/airflow/example_dags/example_xcom.py
[2026-04-21T05:23:09.238+0000] {logging_mixin.py:188} INFO - [2026-04-21T05:23:09.237+0000] {dag.py:3036} INFO - Sync 1 DAGs
[2026-04-21T05:23:09.262+0000] {logging_mixin.py:188} INFO - [2026-04-21T05:23:09.262+0000] {dag.py:3823} INFO - Setting next_dagrun for example_xcom to 2021-01-01 00:00:00+00:00, run_after=2021-01-01 00:00:00+00:00
[2026-04-21T05:23:09.281+0000] {processor.py:183} INFO - Processing /home/airflow/.local/lib/python3.8/site-packages/airflow/example_dags/example_xcom.py took 0.090 seconds
[2026-04-21T05:23:39.892+0000] {processor.py:161} INFO - Started process (PID=3738049) to work on /home/airflow/.local/lib/python3.8/site-packages/airflow/example_dags/example_xcom.py
[2026-04-21T05:23:39.894+0000] {processor.py:830} INFO - Processing file /home/airflow/.local/lib/python3.8/site-packages/airflow/example_dags/example_xcom.py for tasks to queue
[2026-04-21T05:23:39.896+0000] {logging_mixin.py:188} INFO - [2026-04-21T05:23:39.896+0000] {dagbag.py:538} INFO - Filling up the DagBag from /home/airflow/.local/lib/python3.8/site-packages/airflow/example_dags/example_xcom.py
[2026-04-21T05:23:39.906+0000] {processor.py:840} INFO - DAG(s) 'example_xcom' retrieved from /home/airflow/.local/lib/python3.8/site-packages/airflow/example_dags/example_xcom.py
[2026-04-21T05:23:39.932+0000] {logging_mixin.py:188} INFO - [2026-04-21T05:23:39.932+0000] {dag.py:3036} INFO - Sync 1 DAGs
[2026-04-21T05:23:39.955+0000] {logging_mixin.py:188} INFO - [2026-04-21T05:23:39.955+0000] {dag.py:3823} INFO - Setting next_dagrun for example_xcom to 2021-01-01 00:00:00+00:00, run_after=2021-01-01 00:00:00+00:00
[2026-04-21T05:23:39.974+0000] {processor.py:183} INFO - Processing /home/airflow/.local/lib/python3.8/site-packages/airflow/example_dags/example_xcom.py took 0.086 seconds
[2026-04-21T05:24:10.196+0000] {processor.py:161} INFO - Started process (PID=3738106) to work on /home/airflow/.local/lib/python3.8/site-packages/airflow/example_dags/example_xcom.py
[2026-04-21T05:24:10.198+0000] {processor.py:830} INFO - Processing file /home/airflow/.local/lib/python3.8/site-packages/airflow/example_dags/example_xcom.py for tasks to queue
[2026-04-21T05:24:10.201+0000] {logging_mixin.py:188} INFO - [2026-04-21T05:24:10.200+0000] {dagbag.py:538} INFO - Filling up the DagBag from /home/airflow/.local/lib/python3.8/site-packages/airflow/example_dags/example_xcom.py
[2026-04-21T05:24:10.211+0000] {processor.py:840} INFO - DAG(s) 'example_xcom' retrieved from /home/airflow/.local/lib/python3.8/site-packages/airflow/example_dags/example_xcom.py
[2026-04-21T05:24:10.238+0000] {logging_mixin.py:188} INFO - [2026-04-21T05:24:10.237+0000] {dag.py:3036} INFO - Sync 1 DAGs
[2026-04-21T05:24:10.461+0000] {logging_mixin.py:188} INFO - [2026-04-21T05:24:10.461+0000] {dag.py:3823} INFO - Setting next_dagrun for example_xcom to 2021-01-01 00:00:00+00:00, run_after=2021-01-01 00:00:00+00:00
[2026-04-21T05:24:10.479+0000] {processor.py:183} INFO - Processing /home/airflow/.local/lib/python3.8/site-packages/airflow/example_dags/example_xcom.py took 0.289 seconds
[2026-04-21T05:24:41.349+0000] {processor.py:161} INFO - Started process (PID=3738163) to work on /home/airflow/.local/lib/python3.8/site-packages/airflow/example_dags/example_xcom.py
[2026-04-21T05:24:41.351+0000] {processor.py:830} INFO - Processing file /home/airflow/.local/lib/python3.8/site-packages/airflow/example_dags/example_xcom.py for tasks to queue
[2026-04-21T05:24:41.353+0000] {logging_mixin.py:188} INFO - [2026-04-21T05:24:41.353+0000] {dagbag.py:538} INFO - Filling up the DagBag from /home/airflow/.local/lib/python3.8/site-packages/airflow/example_dags/example_xcom.py
[2026-04-21T05:24:41.363+0000] {processor.py:840} INFO - DAG(s) 'example_xcom' retrieved from /home/airflow/.local/lib/python3.8/site-packages/airflow/example_dags/example_xcom.py
[2026-04-21T05:24:41.389+0000] {logging_mixin.py:188} INFO - [2026-04-21T05:24:41.389+0000] {dag.py:3036} INFO - Sync 1 DAGs
[2026-04-21T05:24:41.414+0000] {logging_mixin.py:188} INFO - [2026-04-21T05:24:41.413+0000] {dag.py:3823} INFO - Setting next_dagrun for example_xcom to 2021-01-01 00:00:00+00:00, run_after=2021-01-01 00:00:00+00:00
[2026-04-21T05:24:41.652+0000] {processor.py:183} INFO - Processing /home/airflow/.local/lib/python3.8/site-packages/airflow/example_dags/example_xcom.py took 0.308 seconds
[2026-04-21T05:25:11.713+0000] {processor.py:161} INFO - Started process (PID=3738221) to work on /home/airflow/.local/lib/python3.8/site-packages/airflow/example_dags/example_xcom.py
[2026-04-21T05:25:11.715+0000] {processor.py:830} INFO - Processing file /home/airflow/.local/lib/python3.8/site-packages/airflow/example_dags/example_xcom.py for tasks to queue
[2026-04-21T05:25:11.717+0000] {logging_mixin.py:188} INFO - [2026-04-21T05:25:11.717+0000] {dagbag.py:538} INFO - Filling up the DagBag from /home/airflow/.local/lib/python3.8/site-packages/airflow/example_dags/example_xcom.py
[2026-04-21T05:25:11.727+0000] {processor.py:840} INFO - DAG(s) 'example_xcom' retrieved from /home/airflow/.local/lib/python3.8/site-packages/airflow/example_dags/example_xcom.py
[2026-04-21T05:25:11.753+0000] {logging_mixin.py:188} INFO - [2026-04-21T05:25:11.753+0000] {dag.py:3036} INFO - Sync 1 DAGs
[2026-04-21T05:25:11.777+0000] {logging_mixin.py:188} INFO - [2026-04-21T05:25:11.777+0000] {dag.py:3823} INFO - Setting next_dagrun for example_xcom to 2021-01-01 00:00:00+00:00, run_after=2021-01-01 00:00:00+00:00
[2026-04-21T05:25:11.796+0000] {processor.py:183} INFO - Processing /home/airflow/.local/lib/python3.8/site-packages/airflow/example_dags/example_xcom.py took 0.088 seconds
[2026-04-21T05:25:42.080+0000] {processor.py:161} INFO - Started process (PID=3738278) to work on /home/airflow/.local/lib/python3.8/site-packages/airflow/example_dags/example_xcom.py
[2026-04-21T05:25:42.082+0000] {processor.py:830} INFO - Processing file /home/airflow/.local/lib/python3.8/site-packages/airflow/example_dags/example_xcom.py for tasks to queue
[2026-04-21T05:25:42.085+0000] {logging_mixin.py:188} INFO - [2026-04-21T05:25:42.084+0000] {dagbag.py:538} INFO - Filling up the DagBag from /home/airflow/.local/lib/python3.8/site-packages/airflow/example_dags/example_xcom.py
[2026-04-21T05:25:42.095+0000] {processor.py:840} INFO - DAG(s) 'example_xcom' retrieved from /home/airflow/.local/lib/python3.8/site-packages/airflow/example_dags/example_xcom.py
[2026-04-21T05:25:42.120+0000] {logging_mixin.py:188} INFO - [2026-04-21T05:25:42.120+0000] {dag.py:3036} INFO - Sync 1 DAGs
[2026-04-21T05:25:42.144+0000] {logging_mixin.py:188} INFO - [2026-04-21T05:25:42.143+0000] {dag.py:3823} INFO - Setting next_dagrun for example_xcom to 2021-01-01 00:00:00+00:00, run_after=2021-01-01 00:00:00+00:00
[2026-04-21T05:25:42.162+0000] {processor.py:183} INFO - Processing /home/airflow/.local/lib/python3.8/site-packages/airflow/example_dags/example_xcom.py took 0.087 seconds
[2026-04-21T05:26:12.875+0000] {processor.py:161} INFO - Started process (PID=3738335) to work on /home/airflow/.local/lib/python3.8/site-packages/airflow/example_dags/example_xcom.py
[2026-04-21T05:26:12.876+0000] {processor.py:830} INFO - Processing file /home/airflow/.local/lib/python3.8/site-packages/airflow/example_dags/example_xcom.py for tasks to queue
[2026-04-21T05:26:12.879+0000] {logging_mixin.py:188} INFO - [2026-04-21T05:26:12.879+0000] {dagbag.py:538} INFO - Filling up the DagBag from /home/airflow/.local/lib/python3.8/site-packages/airflow/example_dags/example_xcom.py
[2026-04-21T05:26:12.890+0000] {processor.py:840} INFO - DAG(s) 'example_xcom' retrieved from /home/airflow/.local/lib/python3.8/site-packages/airflow/example_dags/example_xcom.py
[2026-04-21T05:26:12.916+0000] {logging_mixin.py:188} INFO - [2026-04-21T05:26:12.916+0000] {dag.py:3036} INFO - Sync 1 DAGs
[2026-04-21T05:26:13.162+0000] {logging_mixin.py:188} INFO - [2026-04-21T05:26:13.161+0000] {dag.py:3823} INFO - Setting next_dagrun for example_xcom to 2021-01-01 00:00:00+00:00, run_after=2021-01-01 00:00:00+00:00
[2026-04-21T05:26:13.181+0000] {processor.py:183} INFO - Processing /home/airflow/.local/lib/python3.8/site-packages/airflow/example_dags/example_xcom.py took 0.311 seconds
[2026-04-21T05:26:43.823+0000] {processor.py:161} INFO - Started process (PID=3738392) to work on /home/airflow/.local/lib/python3.8/site-packages/airflow/example_dags/example_xcom.py
[2026-04-21T05:26:43.825+0000] {processor.py:830} INFO - Processing file /home/airflow/.local/lib/python3.8/site-packages/airflow/example_dags/example_xcom.py for tasks to queue
[2026-04-21T05:26:43.827+0000] {logging_mixin.py:188} INFO - [2026-04-21T05:26:43.827+0000] {dagbag.py:538} INFO - Filling up the DagBag from /home/airflow/.local/lib/python3.8/site-packages/airflow/example_dags/example_xcom.py
[2026-04-21T05:26:43.837+0000] {processor.py:840} INFO - DAG(s) 'example_xcom' retrieved from /home/airflow/.local/lib/python3.8/site-packages/airflow/example_dags/example_xcom.py
[2026-04-21T05:26:43.864+0000] {logging_mixin.py:188} INFO - [2026-04-21T05:26:43.864+0000] {dag.py:3036} INFO - Sync 1 DAGs
[2026-04-21T05:26:43.889+0000] {logging_mixin.py:188} INFO - [2026-04-21T05:26:43.889+0000] {dag.py:3823} INFO - Setting next_dagrun for example_xcom to 2021-01-01 00:00:00+00:00, run_after=2021-01-01 00:00:00+00:00
[2026-04-21T05:26:43.909+0000] {processor.py:183} INFO - Processing /home/airflow/.local/lib/python3.8/site-packages/airflow/example_dags/example_xcom.py took 0.091 seconds
[2026-04-21T05:27:14.176+0000] {processor.py:161} INFO - Started process (PID=3738449) to work on /home/airflow/.local/lib/python3.8/site-packages/airflow/example_dags/example_xcom.py
[2026-04-21T05:27:14.179+0000] {processor.py:830} INFO - Processing file /home/airflow/.local/lib/python3.8/site-packages/airflow/example_dags/example_xcom.py for tasks to queue
[2026-04-21T05:27:14.181+0000] {logging_mixin.py:188} INFO - [2026-04-21T05:27:14.181+0000] {dagbag.py:538} INFO - Filling up the DagBag from /home/airflow/.local/lib/python3.8/site-packages/airflow/example_dags/example_xcom.py
[2026-04-21T05:27:14.193+0000] {processor.py:840} INFO - DAG(s) 'example_xcom' retrieved from /home/airflow/.local/lib/python3.8/site-packages/airflow/example_dags/example_xcom.py
[2026-04-21T05:27:14.222+0000] {logging_mixin.py:188} INFO - [2026-04-21T05:27:14.221+0000] {dag.py:3036} INFO - Sync 1 DAGs
[2026-04-21T05:27:14.250+0000] {logging_mixin.py:188} INFO - [2026-04-21T05:27:14.249+0000] {dag.py:3823} INFO - Setting next_dagrun for example_xcom to 2021-01-01 00:00:00+00:00, run_after=2021-01-01 00:00:00+00:00
[2026-04-21T05:27:14.272+0000] {processor.py:183} INFO - Processing /home/airflow/.local/lib/python3.8/site-packages/airflow/example_dags/example_xcom.py took 0.100 seconds
[2026-04-21T05:27:44.353+0000] {processor.py:161} INFO - Started process (PID=3738506) to work on /home/airflow/.local/lib/python3.8/site-packages/airflow/example_dags/example_xcom.py
[2026-04-21T05:27:44.356+0000] {processor.py:830} INFO - Processing file /home/airflow/.local/lib/python3.8/site-packages/airflow/example_dags/example_xcom.py for tasks to queue
[2026-04-21T05:27:44.358+0000] {logging_mixin.py:188} INFO - [2026-04-21T05:27:44.358+0000] {dagbag.py:538} INFO - Filling up the DagBag from /home/airflow/.local/lib/python3.8/site-packages/airflow/example_dags/example_xcom.py
[2026-04-21T05:27:44.368+0000] {processor.py:840} INFO - DAG(s) 'example_xcom' retrieved from /home/airflow/.local/lib/python3.8/site-packages/airflow/example_dags/example_xcom.py
[2026-04-21T05:27:44.395+0000] {logging_mixin.py:188} INFO - [2026-04-21T05:27:44.395+0000] {dag.py:3036} INFO - Sync 1 DAGs
[2026-04-21T05:27:44.422+0000] {logging_mixin.py:188} INFO - [2026-04-21T05:27:44.421+0000] {dag.py:3823} INFO - Setting next_dagrun for example_xcom to 2021-01-01 00:00:00+00:00, run_after=2021-01-01 00:00:00+00:00
[2026-04-21T05:27:44.443+0000] {processor.py:183} INFO - Processing /home/airflow/.local/lib/python3.8/site-packages/airflow/example_dags/example_xcom.py took 0.094 seconds
[2026-04-21T05:28:14.782+0000] {processor.py:161} INFO - Started process (PID=3738563) to work on /home/airflow/.local/lib/python3.8/site-packages/airflow/example_dags/example_xcom.py
[2026-04-21T05:28:14.784+0000] {processor.py:830} INFO - Processing file /home/airflow/.local/lib/python3.8/site-packages/airflow/example_dags/example_xcom.py for tasks to queue
[2026-04-21T05:28:14.786+0000] {logging_mixin.py:188} INFO - [2026-04-21T05:28:14.786+0000] {dagbag.py:538} INFO - Filling up the DagBag from /home/airflow/.local/lib/python3.8/site-packages/airflow/example_dags/example_xcom.py
[2026-04-21T05:28:14.797+0000] {processor.py:840} INFO - DAG(s) 'example_xcom' retrieved from /home/airflow/.local/lib/python3.8/site-packages/airflow/example_dags/example_xcom.py
[2026-04-21T05:28:14.825+0000] {logging_mixin.py:188} INFO - [2026-04-21T05:28:14.824+0000] {dag.py:3036} INFO - Sync 1 DAGs
[2026-04-21T05:28:14.851+0000] {logging_mixin.py:188} INFO - [2026-04-21T05:28:14.850+0000] {dag.py:3823} INFO - Setting next_dagrun for example_xcom to 2021-01-01 00:00:00+00:00, run_after=2021-01-01 00:00:00+00:00
[2026-04-21T05:28:14.871+0000] {processor.py:183} INFO - Processing /home/airflow/.local/lib/python3.8/site-packages/airflow/example_dags/example_xcom.py took 0.094 seconds
[2026-04-21T05:28:45.372+0000] {processor.py:161} INFO - Started process (PID=3738620) to work on /home/airflow/.local/lib/python3.8/site-packages/airflow/example_dags/example_xcom.py
[2026-04-21T05:28:45.374+0000] {processor.py:830} INFO - Processing file /home/airflow/.local/lib/python3.8/site-packages/airflow/example_dags/example_xcom.py for tasks to queue
[2026-04-21T05:28:45.376+0000] {logging_mixin.py:188} INFO - [2026-04-21T05:28:45.376+0000] {dagbag.py:538} INFO - Filling up the DagBag from /home/airflow/.local/lib/python3.8/site-packages/airflow/example_dags/example_xcom.py
[2026-04-21T05:28:45.386+0000] {processor.py:840} INFO - DAG(s) 'example_xcom' retrieved from /home/airflow/.local/lib/python3.8/site-packages/airflow/example_dags/example_xcom.py
[2026-04-21T05:28:45.416+0000] {logging_mixin.py:188} INFO - [2026-04-21T05:28:45.415+0000] {dag.py:3036} INFO - Sync 1 DAGs
[2026-04-21T05:28:45.440+0000] {logging_mixin.py:188} INFO - [2026-04-21T05:28:45.440+0000] {dag.py:3823} INFO - Setting next_dagrun for example_xcom to 2021-01-01 00:00:00+00:00, run_after=2021-01-01 00:00:00+00:00
[2026-04-21T05:28:45.459+0000] {processor.py:183} INFO - Processing /home/airflow/.local/lib/python3.8/site-packages/airflow/example_dags/example_xcom.py took 0.092 seconds
[2026-04-21T05:29:15.756+0000] {processor.py:161} INFO - Started process (PID=3738677) to work on /home/airflow/.local/lib/python3.8/site-packages/airflow/example_dags/example_xcom.py
[2026-04-21T05:29:15.759+0000] {processor.py:830} INFO - Processing file /home/airflow/.local/lib/python3.8/site-packages/airflow/example_dags/example_xcom.py for tasks to queue
[2026-04-21T05:29:15.761+0000] {logging_mixin.py:188} INFO - [2026-04-21T05:29:15.761+0000] {dagbag.py:538} INFO - Filling up the DagBag from /home/airflow/.local/lib/python3.8/site-packages/airflow/example_dags/example_xcom.py
[2026-04-21T05:29:15.771+0000] {processor.py:840} INFO - DAG(s) 'example_xcom' retrieved from /home/airflow/.local/lib/python3.8/site-packages/airflow/example_dags/example_xcom.py
[2026-04-21T05:29:15.800+0000] {logging_mixin.py:188} INFO - [2026-04-21T05:29:15.800+0000] {dag.py:3036} INFO - Sync 1 DAGs
[2026-04-21T05:29:15.824+0000] {logging_mixin.py:188} INFO - [2026-04-21T05:29:15.824+0000] {dag.py:3823} INFO - Setting next_dagrun for example_xcom to 2021-01-01 00:00:00+00:00, run_after=2021-01-01 00:00:00+00:00
[2026-04-21T05:29:15.843+0000] {processor.py:183} INFO - Processing /home/airflow/.local/lib/python3.8/site-packages/airflow/example_dags/example_xcom.py took 0.091 seconds
[2026-04-21T05:29:45.940+0000] {processor.py:161} INFO - Started process (PID=3738734) to work on /home/airflow/.local/lib/python3.8/site-packages/airflow/example_dags/example_xcom.py
[2026-04-21T05:29:45.942+0000] {processor.py:830} INFO - Processing file /home/airflow/.local/lib/python3.8/site-packages/airflow/example_dags/example_xcom.py for tasks to queue
[2026-04-21T05:29:45.945+0000] {logging_mixin.py:188} INFO - [2026-04-21T05:29:45.945+0000] {dagbag.py:538} INFO - Filling up the DagBag from /home/airflow/.local/lib/python3.8/site-packages/airflow/example_dags/example_xcom.py
[2026-04-21T05:29:45.955+0000] {processor.py:840} INFO - DAG(s) 'example_xcom' retrieved from /home/airflow/.local/lib/python3.8/site-packages/airflow/example_dags/example_xcom.py
[2026-04-21T05:29:45.984+0000] {logging_mixin.py:188} INFO - [2026-04-21T05:29:45.984+0000] {dag.py:3036} INFO - Sync 1 DAGs
[2026-04-21T05:29:46.011+0000] {logging_mixin.py:188} INFO - [2026-04-21T05:29:46.010+0000] {dag.py:3823} INFO - Setting next_dagrun for example_xcom to 2021-01-01 00:00:00+00:00, run_after=2021-01-01 00:00:00+00:00
[2026-04-21T05:29:46.033+0000] {processor.py:183} INFO - Processing /home/airflow/.local/lib/python3.8/site-packages/airflow/example_dags/example_xcom.py took 0.097 seconds
[2026-04-21T05:30:16.164+0000] {processor.py:161} INFO - Started process (PID=3738791) to work on /home/airflow/.local/lib/python3.8/site-packages/airflow/example_dags/example_xcom.py
[2026-04-21T05:30:16.166+0000] {processor.py:830} INFO - Processing file /home/airflow/.local/lib/python3.8/site-packages/airflow/example_dags/example_xcom.py for tasks to queue
[2026-04-21T05:30:16.170+0000] {logging_mixin.py:188} INFO - [2026-04-21T05:30:16.169+0000] {dagbag.py:538} INFO - Filling up the DagBag from /home/airflow/.local/lib/python3.8/site-packages/airflow/example_dags/example_xcom.py
[2026-04-21T05:30:16.186+0000] {processor.py:840} INFO - DAG(s) 'example_xcom' retrieved from /home/airflow/.local/lib/python3.8/site-packages/airflow/example_dags/example_xcom.py
[2026-04-21T05:30:16.221+0000] {logging_mixin.py:188} INFO - [2026-04-21T05:30:16.220+0000] {dag.py:3036} INFO - Sync 1 DAGs
[2026-04-21T05:30:16.254+0000] {logging_mixin.py:188} INFO - [2026-04-21T05:30:16.254+0000] {dag.py:3823} INFO - Setting next_dagrun for example_xcom to 2021-01-01 00:00:00+00:00, run_after=2021-01-01 00:00:00+00:00
[2026-04-21T05:30:16.276+0000] {processor.py:183} INFO - Processing /home/airflow/.local/lib/python3.8/site-packages/airflow/example_dags/example_xcom.py took 0.118 seconds
[2026-04-21T05:30:46.893+0000] {processor.py:161} INFO - Started process (PID=3738848) to work on /home/airflow/.local/lib/python3.8/site-packages/airflow/example_dags/example_xcom.py
[2026-04-21T05:30:46.895+0000] {processor.py:830} INFO - Processing file /home/airflow/.local/lib/python3.8/site-packages/airflow/example_dags/example_xcom.py for tasks to queue
[2026-04-21T05:30:46.897+0000] {logging_mixin.py:188} INFO - [2026-04-21T05:30:46.897+0000] {dagbag.py:538} INFO - Filling up the DagBag from /home/airflow/.local/lib/python3.8/site-packages/airflow/example_dags/example_xcom.py
[2026-04-21T05:30:46.907+0000] {processor.py:840} INFO - DAG(s) 'example_xcom' retrieved from /home/airflow/.local/lib/python3.8/site-packages/airflow/example_dags/example_xcom.py
[2026-04-21T05:30:46.938+0000] {logging_mixin.py:188} INFO - [2026-04-21T05:30:46.937+0000] {dag.py:3036} INFO - Sync 1 DAGs
[2026-04-21T05:30:46.966+0000] {logging_mixin.py:188} INFO - [2026-04-21T05:30:46.965+0000] {dag.py:3823} INFO - Setting next_dagrun for example_xcom to 2021-01-01 00:00:00+00:00, run_after=2021-01-01 00:00:00+00:00
[2026-04-21T05:30:46.986+0000] {processor.py:183} INFO - Processing /home/airflow/.local/lib/python3.8/site-packages/airflow/example_dags/example_xcom.py took 0.098 seconds
[2026-04-21T05:31:17.505+0000] {processor.py:161} INFO - Started process (PID=3738905) to work on /home/airflow/.local/lib/python3.8/site-packages/airflow/example_dags/example_xcom.py
[2026-04-21T05:31:17.507+0000] {processor.py:830} INFO - Processing file /home/airflow/.local/lib/python3.8/site-packages/airflow/example_dags/example_xcom.py for tasks to queue
[2026-04-21T05:31:17.510+0000] {logging_mixin.py:188} INFO - [2026-04-21T05:31:17.509+0000] {dagbag.py:538} INFO - Filling up the DagBag from /home/airflow/.local/lib/python3.8/site-packages/airflow/example_dags/example_xcom.py
[2026-04-21T05:31:17.520+0000] {processor.py:840} INFO - DAG(s) 'example_xcom' retrieved from /home/airflow/.local/lib/python3.8/site-packages/airflow/example_dags/example_xcom.py
[2026-04-21T05:31:17.549+0000] {logging_mixin.py:188} INFO - [2026-04-21T05:31:17.548+0000] {dag.py:3036} INFO - Sync 1 DAGs
[2026-04-21T05:31:17.574+0000] {logging_mixin.py:188} INFO - [2026-04-21T05:31:17.574+0000] {dag.py:3823} INFO - Setting next_dagrun for example_xcom to 2021-01-01 00:00:00+00:00, run_after=2021-01-01 00:00:00+00:00
[2026-04-21T05:31:17.595+0000] {processor.py:183} INFO - Processing /home/airflow/.local/lib/python3.8/site-packages/airflow/example_dags/example_xcom.py took 0.095 seconds
[2026-04-21T05:31:48.282+0000] {processor.py:161} INFO - Started process (PID=3738962) to work on /home/airflow/.local/lib/python3.8/site-packages/airflow/example_dags/example_xcom.py
[2026-04-21T05:31:48.284+0000] {processor.py:830} INFO - Processing file /home/airflow/.local/lib/python3.8/site-packages/airflow/example_dags/example_xcom.py for tasks to queue
[2026-04-21T05:31:48.287+0000] {logging_mixin.py:188} INFO - [2026-04-21T05:31:48.287+0000] {dagbag.py:538} INFO - Filling up the DagBag from /home/airflow/.local/lib/python3.8/site-packages/airflow/example_dags/example_xcom.py
[2026-04-21T05:31:48.297+0000] {processor.py:840} INFO - DAG(s) 'example_xcom' retrieved from /home/airflow/.local/lib/python3.8/site-packages/airflow/example_dags/example_xcom.py
[2026-04-21T05:31:48.325+0000] {logging_mixin.py:188} INFO - [2026-04-21T05:31:48.325+0000] {dag.py:3036} INFO - Sync 1 DAGs
[2026-04-21T05:31:48.350+0000] {logging_mixin.py:188} INFO - [2026-04-21T05:31:48.350+0000] {dag.py:3823} INFO - Setting next_dagrun for example_xcom to 2021-01-01 00:00:00+00:00, run_after=2021-01-01 00:00:00+00:00
[2026-04-21T05:31:48.370+0000] {processor.py:183} INFO - Processing /home/airflow/.local/lib/python3.8/site-packages/airflow/example_dags/example_xcom.py took 0.093 seconds
[2026-04-21T05:32:18.992+0000] {processor.py:161} INFO - Started process (PID=3739019) to work on /home/airflow/.local/lib/python3.8/site-packages/airflow/example_dags/example_xcom.py
[2026-04-21T05:32:18.994+0000] {processor.py:830} INFO - Processing file /home/airflow/.local/lib/python3.8/site-packages/airflow/example_dags/example_xcom.py for tasks to queue
[2026-04-21T05:32:18.996+0000] {logging_mixin.py:188} INFO - [2026-04-21T05:32:18.996+0000] {dagbag.py:538} INFO - Filling up the DagBag from /home/airflow/.local/lib/python3.8/site-packages/airflow/example_dags/example_xcom.py
[2026-04-21T05:32:19.006+0000] {processor.py:840} INFO - DAG(s) 'example_xcom' retrieved from /home/airflow/.local/lib/python3.8/site-packages/airflow/example_dags/example_xcom.py
[2026-04-21T05:32:19.032+0000] {logging_mixin.py:188} INFO - [2026-04-21T05:32:19.031+0000] {dag.py:3036} INFO - Sync 1 DAGs
[2026-04-21T05:32:19.057+0000] {logging_mixin.py:188} INFO - [2026-04-21T05:32:19.056+0000] {dag.py:3823} INFO - Setting next_dagrun for example_xcom to 2021-01-01 00:00:00+00:00, run_after=2021-01-01 00:00:00+00:00
[2026-04-21T05:32:19.076+0000] {processor.py:183} INFO - Processing /home/airflow/.local/lib/python3.8/site-packages/airflow/example_dags/example_xcom.py took 0.089 seconds
[2026-04-21T05:32:49.735+0000] {processor.py:161} INFO - Started process (PID=3739076) to work on /home/airflow/.local/lib/python3.8/site-packages/airflow/example_dags/example_xcom.py
[2026-04-21T05:32:49.738+0000] {processor.py:830} INFO - Processing file /home/airflow/.local/lib/python3.8/site-packages/airflow/example_dags/example_xcom.py for tasks to queue
[2026-04-21T05:32:49.741+0000] {logging_mixin.py:188} INFO - [2026-04-21T05:32:49.741+0000] {dagbag.py:538} INFO - Filling up the DagBag from /home/airflow/.local/lib/python3.8/site-packages/airflow/example_dags/example_xcom.py
[2026-04-21T05:32:49.757+0000] {processor.py:840} INFO - DAG(s) 'example_xcom' retrieved from /home/airflow/.local/lib/python3.8/site-packages/airflow/example_dags/example_xcom.py
[2026-04-21T05:32:49.793+0000] {logging_mixin.py:188} INFO - [2026-04-21T05:32:49.792+0000] {dag.py:3036} INFO - Sync 1 DAGs
[2026-04-21T05:32:49.819+0000] {logging_mixin.py:188} INFO - [2026-04-21T05:32:49.819+0000] {dag.py:3823} INFO - Setting next_dagrun for example_xcom to 2021-01-01 00:00:00+00:00, run_after=2021-01-01 00:00:00+00:00
[2026-04-21T05:32:49.838+0000] {processor.py:183} INFO - Processing /home/airflow/.local/lib/python3.8/site-packages/airflow/example_dags/example_xcom.py took 0.109 seconds
[2026-04-21T05:33:19.978+0000] {processor.py:161} INFO - Started process (PID=3739133) to work on /home/airflow/.local/lib/python3.8/site-packages/airflow/example_dags/example_xcom.py
[2026-04-21T05:33:19.980+0000] {processor.py:830} INFO - Processing file /home/airflow/.local/lib/python3.8/site-packages/airflow/example_dags/example_xcom.py for tasks to queue
[2026-04-21T05:33:19.983+0000] {logging_mixin.py:188} INFO - [2026-04-21T05:33:19.982+0000] {dagbag.py:538} INFO - Filling up the DagBag from /home/airflow/.local/lib/python3.8/site-packages/airflow/example_dags/example_xcom.py
[2026-04-21T05:33:19.992+0000] {processor.py:840} INFO - DAG(s) 'example_xcom' retrieved from /home/airflow/.local/lib/python3.8/site-packages/airflow/example_dags/example_xcom.py
[2026-04-21T05:33:20.019+0000] {logging_mixin.py:188} INFO - [2026-04-21T05:33:20.019+0000] {dag.py:3036} INFO - Sync 1 DAGs
[2026-04-21T05:33:20.043+0000] {logging_mixin.py:188} INFO - [2026-04-21T05:33:20.043+0000] {dag.py:3823} INFO - Setting next_dagrun for example_xcom to 2021-01-01 00:00:00+00:00, run_after=2021-01-01 00:00:00+00:00
[2026-04-21T05:33:20.062+0000] {processor.py:183} INFO - Processing /home/airflow/.local/lib/python3.8/site-packages/airflow/example_dags/example_xcom.py took 0.088 seconds
[2026-04-21T05:33:50.194+0000] {processor.py:161} INFO - Started process (PID=3739190) to work on /home/airflow/.local/lib/python3.8/site-packages/airflow/example_dags/example_xcom.py
[2026-04-21T05:33:50.196+0000] {processor.py:830} INFO - Processing file /home/airflow/.local/lib/python3.8/site-packages/airflow/example_dags/example_xcom.py for tasks to queue
[2026-04-21T05:33:50.198+0000] {logging_mixin.py:188} INFO - [2026-04-21T05:33:50.198+0000] {dagbag.py:538} INFO - Filling up the DagBag from /home/airflow/.local/lib/python3.8/site-packages/airflow/example_dags/example_xcom.py
[2026-04-21T05:33:50.209+0000] {processor.py:840} INFO - DAG(s) 'example_xcom' retrieved from /home/airflow/.local/lib/python3.8/site-packages/airflow/example_dags/example_xcom.py
[2026-04-21T05:33:50.237+0000] {logging_mixin.py:188} INFO - [2026-04-21T05:33:50.237+0000] {dag.py:3036} INFO - Sync 1 DAGs
[2026-04-21T05:33:50.262+0000] {logging_mixin.py:188} INFO - [2026-04-21T05:33:50.261+0000] {dag.py:3823} INFO - Setting next_dagrun for example_xcom to 2021-01-01 00:00:00+00:00, run_after=2021-01-01 00:00:00+00:00
[2026-04-21T05:33:50.282+0000] {processor.py:183} INFO - Processing /home/airflow/.local/lib/python3.8/site-packages/airflow/example_dags/example_xcom.py took 0.093 seconds
[2026-04-21T05:34:20.492+0000] {processor.py:161} INFO - Started process (PID=3739247) to work on /home/airflow/.local/lib/python3.8/site-packages/airflow/example_dags/example_xcom.py
[2026-04-21T05:34:20.494+0000] {processor.py:830} INFO - Processing file /home/airflow/.local/lib/python3.8/site-packages/airflow/example_dags/example_xcom.py for tasks to queue
[2026-04-21T05:34:20.496+0000] {logging_mixin.py:188} INFO - [2026-04-21T05:34:20.496+0000] {dagbag.py:538} INFO - Filling up the DagBag from /home/airflow/.local/lib/python3.8/site-packages/airflow/example_dags/example_xcom.py
[2026-04-21T05:34:20.506+0000] {processor.py:840} INFO - DAG(s) 'example_xcom' retrieved from /home/airflow/.local/lib/python3.8/site-packages/airflow/example_dags/example_xcom.py
[2026-04-21T05:34:20.536+0000] {logging_mixin.py:188} INFO - [2026-04-21T05:34:20.535+0000] {dag.py:3036} INFO - Sync 1 DAGs
[2026-04-21T05:34:20.560+0000] {logging_mixin.py:188} INFO - [2026-04-21T05:34:20.560+0000] {dag.py:3823} INFO - Setting next_dagrun for example_xcom to 2021-01-01 00:00:00+00:00, run_after=2021-01-01 00:00:00+00:00
[2026-04-21T05:34:20.584+0000] {processor.py:183} INFO - Processing /home/airflow/.local/lib/python3.8/site-packages/airflow/example_dags/example_xcom.py took 0.097 seconds
[2026-04-21T05:34:51.296+0000] {processor.py:161} INFO - Started process (PID=3739304) to work on /home/airflow/.local/lib/python3.8/site-packages/airflow/example_dags/example_xcom.py
[2026-04-21T05:34:51.298+0000] {processor.py:830} INFO - Processing file /home/airflow/.local/lib/python3.8/site-packages/airflow/example_dags/example_xcom.py for tasks to queue
[2026-04-21T05:34:51.301+0000] {logging_mixin.py:188} INFO - [2026-04-21T05:34:51.300+0000] {dagbag.py:538} INFO - Filling up the DagBag from /home/airflow/.local/lib/python3.8/site-packages/airflow/example_dags/example_xcom.py
[2026-04-21T05:34:51.310+0000] {processor.py:840} INFO - DAG(s) 'example_xcom' retrieved from /home/airflow/.local/lib/python3.8/site-packages/airflow/example_dags/example_xcom.py
[2026-04-21T05:34:51.336+0000] {logging_mixin.py:188} INFO - [2026-04-21T05:34:51.336+0000] {dag.py:3036} INFO - Sync 1 DAGs
[2026-04-21T05:34:51.359+0000] {logging_mixin.py:188} INFO - [2026-04-21T05:34:51.359+0000] {dag.py:3823} INFO - Setting next_dagrun for example_xcom to 2021-01-01 00:00:00+00:00, run_after=2021-01-01 00:00:00+00:00
[2026-04-21T05:34:51.379+0000] {processor.py:183} INFO - Processing /home/airflow/.local/lib/python3.8/site-packages/airflow/example_dags/example_xcom.py took 0.087 seconds
[2026-04-21T05:35:21.550+0000] {processor.py:161} INFO - Started process (PID=3739362) to work on /home/airflow/.local/lib/python3.8/site-packages/airflow/example_dags/example_xcom.py
[2026-04-21T05:35:21.552+0000] {processor.py:830} INFO - Processing file /home/airflow/.local/lib/python3.8/site-packages/airflow/example_dags/example_xcom.py for tasks to queue
[2026-04-21T05:35:21.555+0000] {logging_mixin.py:188} INFO - [2026-04-21T05:35:21.554+0000] {dagbag.py:538} INFO - Filling up the DagBag from /home/airflow/.local/lib/python3.8/site-packages/airflow/example_dags/example_xcom.py
[2026-04-21T05:35:21.565+0000] {processor.py:840} INFO - DAG(s) 'example_xcom' retrieved from /home/airflow/.local/lib/python3.8/site-packages/airflow/example_dags/example_xcom.py
[2026-04-21T05:35:21.591+0000] {logging_mixin.py:188} INFO - [2026-04-21T05:35:21.591+0000] {dag.py:3036} INFO - Sync 1 DAGs
[2026-04-21T05:35:21.615+0000] {logging_mixin.py:188} INFO - [2026-04-21T05:35:21.614+0000] {dag.py:3823} INFO - Setting next_dagrun for example_xcom to 2021-01-01 00:00:00+00:00, run_after=2021-01-01 00:00:00+00:00
[2026-04-21T05:35:21.634+0000] {processor.py:183} INFO - Processing /home/airflow/.local/lib/python3.8/site-packages/airflow/example_dags/example_xcom.py took 0.089 seconds
[2026-04-21T05:35:51.716+0000] {processor.py:161} INFO - Started process (PID=3739419) to work on /home/airflow/.local/lib/python3.8/site-packages/airflow/example_dags/example_xcom.py
[2026-04-21T05:35:51.718+0000] {processor.py:830} INFO - Processing file /home/airflow/.local/lib/python3.8/site-packages/airflow/example_dags/example_xcom.py for tasks to queue
[2026-04-21T05:35:51.720+0000] {logging_mixin.py:188} INFO - [2026-04-21T05:35:51.720+0000] {dagbag.py:538} INFO - Filling up the DagBag from /home/airflow/.local/lib/python3.8/site-packages/airflow/example_dags/example_xcom.py
[2026-04-21T05:35:51.730+0000] {processor.py:840} INFO - DAG(s) 'example_xcom' retrieved from /home/airflow/.local/lib/python3.8/site-packages/airflow/example_dags/example_xcom.py
[2026-04-21T05:35:51.755+0000] {logging_mixin.py:188} INFO - [2026-04-21T05:35:51.755+0000] {dag.py:3036} INFO - Sync 1 DAGs
[2026-04-21T05:35:51.778+0000] {logging_mixin.py:188} INFO - [2026-04-21T05:35:51.778+0000] {dag.py:3823} INFO - Setting next_dagrun for example_xcom to 2021-01-01 00:00:00+00:00, run_after=2021-01-01 00:00:00+00:00
[2026-04-21T05:35:51.797+0000] {processor.py:183} INFO - Processing /home/airflow/.local/lib/python3.8/site-packages/airflow/example_dags/example_xcom.py took 0.087 seconds
[2026-04-21T05:36:21.830+0000] {processor.py:161} INFO - Started process (PID=3739476) to work on /home/airflow/.local/lib/python3.8/site-packages/airflow/example_dags/example_xcom.py
[2026-04-21T05:36:21.832+0000] {processor.py:830} INFO - Processing file /home/airflow/.local/lib/python3.8/site-packages/airflow/example_dags/example_xcom.py for tasks to queue
[2026-04-21T05:36:21.834+0000] {logging_mixin.py:188} INFO - [2026-04-21T05:36:21.834+0000] {dagbag.py:538} INFO - Filling up the DagBag from /home/airflow/.local/lib/python3.8/site-packages/airflow/example_dags/example_xcom.py
[2026-04-21T05:36:21.844+0000] {processor.py:840} INFO - DAG(s) 'example_xcom' retrieved from /home/airflow/.local/lib/python3.8/site-packages/airflow/example_dags/example_xcom.py
[2026-04-21T05:36:21.869+0000] {logging_mixin.py:188} INFO - [2026-04-21T05:36:21.869+0000] {dag.py:3036} INFO - Sync 1 DAGs
[2026-04-21T05:36:21.892+0000] {logging_mixin.py:188} INFO - [2026-04-21T05:36:21.892+0000] {dag.py:3823} INFO - Setting next_dagrun for example_xcom to 2021-01-01 00:00:00+00:00, run_after=2021-01-01 00:00:00+00:00
[2026-04-21T05:36:21.910+0000] {processor.py:183} INFO - Processing /home/airflow/.local/lib/python3.8/site-packages/airflow/example_dags/example_xcom.py took 0.085 seconds
[2026-04-21T05:36:52.157+0000] {processor.py:161} INFO - Started process (PID=3739533) to work on /home/airflow/.local/lib/python3.8/site-packages/airflow/example_dags/example_xcom.py
[2026-04-21T05:36:52.159+0000] {processor.py:830} INFO - Processing file /home/airflow/.local/lib/python3.8/site-packages/airflow/example_dags/example_xcom.py for tasks to queue
[2026-04-21T05:36:52.161+0000] {logging_mixin.py:188} INFO - [2026-04-21T05:36:52.161+0000] {dagbag.py:538} INFO - Filling up the DagBag from /home/airflow/.local/lib/python3.8/site-packages/airflow/example_dags/example_xcom.py
[2026-04-21T05:36:52.171+0000] {processor.py:840} INFO - DAG(s) 'example_xcom' retrieved from /home/airflow/.local/lib/python3.8/site-packages/airflow/example_dags/example_xcom.py
[2026-04-21T05:36:52.197+0000] {logging_mixin.py:188} INFO - [2026-04-21T05:36:52.197+0000] {dag.py:3036} INFO - Sync 1 DAGs
[2026-04-21T05:36:52.221+0000] {logging_mixin.py:188} INFO - [2026-04-21T05:36:52.221+0000] {dag.py:3823} INFO - Setting next_dagrun for example_xcom to 2021-01-01 00:00:00+00:00, run_after=2021-01-01 00:00:00+00:00
[2026-04-21T05:36:52.239+0000] {processor.py:183} INFO - Processing /home/airflow/.local/lib/python3.8/site-packages/airflow/example_dags/example_xcom.py took 0.087 seconds
[2026-04-21T05:37:22.385+0000] {processor.py:161} INFO - Started process (PID=3739589) to work on /home/airflow/.local/lib/python3.8/site-packages/airflow/example_dags/example_xcom.py
[2026-04-21T05:37:22.387+0000] {processor.py:830} INFO - Processing file /home/airflow/.local/lib/python3.8/site-packages/airflow/example_dags/example_xcom.py for tasks to queue
[2026-04-21T05:37:22.390+0000] {logging_mixin.py:188} INFO - [2026-04-21T05:37:22.389+0000] {dagbag.py:538} INFO - Filling up the DagBag from /home/airflow/.local/lib/python3.8/site-packages/airflow/example_dags/example_xcom.py
[2026-04-21T05:37:22.400+0000] {processor.py:840} INFO - DAG(s) 'example_xcom' retrieved from /home/airflow/.local/lib/python3.8/site-packages/airflow/example_dags/example_xcom.py
[2026-04-21T05:37:22.425+0000] {logging_mixin.py:188} INFO - [2026-04-21T05:37:22.425+0000] {dag.py:3036} INFO - Sync 1 DAGs
[2026-04-21T05:37:22.449+0000] {logging_mixin.py:188} INFO - [2026-04-21T05:37:22.448+0000] {dag.py:3823} INFO - Setting next_dagrun for example_xcom to 2021-01-01 00:00:00+00:00, run_after=2021-01-01 00:00:00+00:00
[2026-04-21T05:37:22.467+0000] {processor.py:183} INFO - Processing /home/airflow/.local/lib/python3.8/site-packages/airflow/example_dags/example_xcom.py took 0.087 seconds
[2026-04-21T05:37:52.638+0000] {processor.py:161} INFO - Started process (PID=3739646) to work on /home/airflow/.local/lib/python3.8/site-packages/airflow/example_dags/example_xcom.py
[2026-04-21T05:37:52.640+0000] {processor.py:830} INFO - Processing file /home/airflow/.local/lib/python3.8/site-packages/airflow/example_dags/example_xcom.py for tasks to queue
[2026-04-21T05:37:52.642+0000] {logging_mixin.py:188} INFO - [2026-04-21T05:37:52.642+0000] {dagbag.py:538} INFO - Filling up the DagBag from /home/airflow/.local/lib/python3.8/site-packages/airflow/example_dags/example_xcom.py
[2026-04-21T05:37:52.652+0000] {processor.py:840} INFO - DAG(s) 'example_xcom' retrieved from /home/airflow/.local/lib/python3.8/site-packages/airflow/example_dags/example_xcom.py
[2026-04-21T05:37:52.679+0000] {logging_mixin.py:188} INFO - [2026-04-21T05:37:52.679+0000] {dag.py:3036} INFO - Sync 1 DAGs
[2026-04-21T05:37:52.703+0000] {logging_mixin.py:188} INFO - [2026-04-21T05:37:52.703+0000] {dag.py:3823} INFO - Setting next_dagrun for example_xcom to 2021-01-01 00:00:00+00:00, run_after=2021-01-01 00:00:00+00:00
[2026-04-21T05:37:52.723+0000] {processor.py:183} INFO - Processing /home/airflow/.local/lib/python3.8/site-packages/airflow/example_dags/example_xcom.py took 0.090 seconds
[2026-04-21T05:38:22.754+0000] {processor.py:161} INFO - Started process (PID=3739703) to work on /home/airflow/.local/lib/python3.8/site-packages/airflow/example_dags/example_xcom.py
[2026-04-21T05:38:22.756+0000] {processor.py:830} INFO - Processing file /home/airflow/.local/lib/python3.8/site-packages/airflow/example_dags/example_xcom.py for tasks to queue
[2026-04-21T05:38:22.759+0000] {logging_mixin.py:188} INFO - [2026-04-21T05:38:22.758+0000] {dagbag.py:538} INFO - Filling up the DagBag from /home/airflow/.local/lib/python3.8/site-packages/airflow/example_dags/example_xcom.py
[2026-04-21T05:38:22.773+0000] {processor.py:840} INFO - DAG(s) 'example_xcom' retrieved from /home/airflow/.local/lib/python3.8/site-packages/airflow/example_dags/example_xcom.py
[2026-04-21T05:38:22.809+0000] {logging_mixin.py:188} INFO - [2026-04-21T05:38:22.809+0000] {dag.py:3036} INFO - Sync 1 DAGs
[2026-04-21T05:38:22.844+0000] {logging_mixin.py:188} INFO - [2026-04-21T05:38:22.844+0000] {dag.py:3823} INFO - Setting next_dagrun for example_xcom to 2021-01-01 00:00:00+00:00, run_after=2021-01-01 00:00:00+00:00
[2026-04-21T05:38:22.863+0000] {processor.py:183} INFO - Processing /home/airflow/.local/lib/python3.8/site-packages/airflow/example_dags/example_xcom.py took 0.115 seconds
[2026-04-21T05:38:52.922+0000] {processor.py:161} INFO - Started process (PID=3739760) to work on /home/airflow/.local/lib/python3.8/site-packages/airflow/example_dags/example_xcom.py
[2026-04-21T05:38:52.924+0000] {processor.py:830} INFO - Processing file /home/airflow/.local/lib/python3.8/site-packages/airflow/example_dags/example_xcom.py for tasks to queue
[2026-04-21T05:38:52.926+0000] {logging_mixin.py:188} INFO - [2026-04-21T05:38:52.926+0000] {dagbag.py:538} INFO - Filling up the DagBag from /home/airflow/.local/lib/python3.8/site-packages/airflow/example_dags/example_xcom.py
[2026-04-21T05:38:52.936+0000] {processor.py:840} INFO - DAG(s) 'example_xcom' retrieved from /home/airflow/.local/lib/python3.8/site-packages/airflow/example_dags/example_xcom.py
[2026-04-21T05:38:52.961+0000] {logging_mixin.py:188} INFO - [2026-04-21T05:38:52.961+0000] {dag.py:3036} INFO - Sync 1 DAGs
[2026-04-21T05:38:52.985+0000] {logging_mixin.py:188} INFO - [2026-04-21T05:38:52.985+0000] {dag.py:3823} INFO - Setting next_dagrun for example_xcom to 2021-01-01 00:00:00+00:00, run_after=2021-01-01 00:00:00+00:00
[2026-04-21T05:38:53.003+0000] {processor.py:183} INFO - Processing /home/airflow/.local/lib/python3.8/site-packages/airflow/example_dags/example_xcom.py took 0.085 seconds
[2026-04-21T05:39:23.160+0000] {processor.py:161} INFO - Started process (PID=3739817) to work on /home/airflow/.local/lib/python3.8/site-packages/airflow/example_dags/example_xcom.py
[2026-04-21T05:39:23.162+0000] {processor.py:830} INFO - Processing file /home/airflow/.local/lib/python3.8/site-packages/airflow/example_dags/example_xcom.py for tasks to queue
[2026-04-21T05:39:23.164+0000] {logging_mixin.py:188} INFO - [2026-04-21T05:39:23.164+0000] {dagbag.py:538} INFO - Filling up the DagBag from /home/airflow/.local/lib/python3.8/site-packages/airflow/example_dags/example_xcom.py
[2026-04-21T05:39:23.174+0000] {processor.py:840} INFO - DAG(s) 'example_xcom' retrieved from /home/airflow/.local/lib/python3.8/site-packages/airflow/example_dags/example_xcom.py
[2026-04-21T05:39:23.201+0000] {logging_mixin.py:188} INFO - [2026-04-21T05:39:23.200+0000] {dag.py:3036} INFO - Sync 1 DAGs
[2026-04-21T05:39:23.225+0000] {logging_mixin.py:188} INFO - [2026-04-21T05:39:23.225+0000] {dag.py:3823} INFO - Setting next_dagrun for example_xcom to 2021-01-01 00:00:00+00:00, run_after=2021-01-01 00:00:00+00:00
[2026-04-21T05:39:23.249+0000] {processor.py:183} INFO - Processing /home/airflow/.local/lib/python3.8/site-packages/airflow/example_dags/example_xcom.py took 0.094 seconds
[2026-04-21T05:39:53.537+0000] {processor.py:161} INFO - Started process (PID=3739874) to work on /home/airflow/.local/lib/python3.8/site-packages/airflow/example_dags/example_xcom.py
[2026-04-21T05:39:53.539+0000] {processor.py:830} INFO - Processing file /home/airflow/.local/lib/python3.8/site-packages/airflow/example_dags/example_xcom.py for tasks to queue
[2026-04-21T05:39:53.541+0000] {logging_mixin.py:188} INFO - [2026-04-21T05:39:53.541+0000] {dagbag.py:538} INFO - Filling up the DagBag from /home/airflow/.local/lib/python3.8/site-packages/airflow/example_dags/example_xcom.py
[2026-04-21T05:39:53.552+0000] {processor.py:840} INFO - DAG(s) 'example_xcom' retrieved from /home/airflow/.local/lib/python3.8/site-packages/airflow/example_dags/example_xcom.py
[2026-04-21T05:39:53.578+0000] {logging_mixin.py:188} INFO - [2026-04-21T05:39:53.578+0000] {dag.py:3036} INFO - Sync 1 DAGs
[2026-04-21T05:39:53.603+0000] {logging_mixin.py:188} INFO - [2026-04-21T05:39:53.602+0000] {dag.py:3823} INFO - Setting next_dagrun for example_xcom to 2021-01-01 00:00:00+00:00, run_after=2021-01-01 00:00:00+00:00
[2026-04-21T05:39:53.622+0000] {processor.py:183} INFO - Processing /home/airflow/.local/lib/python3.8/site-packages/airflow/example_dags/example_xcom.py took 0.090 seconds
[2026-04-21T05:40:24.235+0000] {processor.py:161} INFO - Started process (PID=3739931) to work on /home/airflow/.local/lib/python3.8/site-packages/airflow/example_dags/example_xcom.py
[2026-04-21T05:40:24.238+0000] {processor.py:830} INFO - Processing file /home/airflow/.local/lib/python3.8/site-packages/airflow/example_dags/example_xcom.py for tasks to queue
[2026-04-21T05:40:24.240+0000] {logging_mixin.py:188} INFO - [2026-04-21T05:40:24.240+0000] {dagbag.py:538} INFO - Filling up the DagBag from /home/airflow/.local/lib/python3.8/site-packages/airflow/example_dags/example_xcom.py
[2026-04-21T05:40:24.250+0000] {processor.py:840} INFO - DAG(s) 'example_xcom' retrieved from /home/airflow/.local/lib/python3.8/site-packages/airflow/example_dags/example_xcom.py
[2026-04-21T05:40:24.277+0000] {logging_mixin.py:188} INFO - [2026-04-21T05:40:24.276+0000] {dag.py:3036} INFO - Sync 1 DAGs
[2026-04-21T05:40:24.300+0000] {logging_mixin.py:188} INFO - [2026-04-21T05:40:24.300+0000] {dag.py:3823} INFO - Setting next_dagrun for example_xcom to 2021-01-01 00:00:00+00:00, run_after=2021-01-01 00:00:00+00:00
[2026-04-21T05:40:24.320+0000] {processor.py:183} INFO - Processing /home/airflow/.local/lib/python3.8/site-packages/airflow/example_dags/example_xcom.py took 0.090 seconds
[2026-04-21T05:40:54.383+0000] {processor.py:161} INFO - Started process (PID=3739988) to work on /home/airflow/.local/lib/python3.8/site-packages/airflow/example_dags/example_xcom.py
[2026-04-21T05:40:54.385+0000] {processor.py:830} INFO - Processing file /home/airflow/.local/lib/python3.8/site-packages/airflow/example_dags/example_xcom.py for tasks to queue
[2026-04-21T05:40:54.387+0000] {logging_mixin.py:188} INFO - [2026-04-21T05:40:54.387+0000] {dagbag.py:538} INFO - Filling up the DagBag from /home/airflow/.local/lib/python3.8/site-packages/airflow/example_dags/example_xcom.py
[2026-04-21T05:40:54.398+0000] {processor.py:840} INFO - DAG(s) 'example_xcom' retrieved from /home/airflow/.local/lib/python3.8/site-packages/airflow/example_dags/example_xcom.py
[2026-04-21T05:40:54.424+0000] {logging_mixin.py:188} INFO - [2026-04-21T05:40:54.424+0000] {dag.py:3036} INFO - Sync 1 DAGs
[2026-04-21T05:40:54.448+0000] {logging_mixin.py:188} INFO - [2026-04-21T05:40:54.448+0000] {dag.py:3823} INFO - Setting next_dagrun for example_xcom to 2021-01-01 00:00:00+00:00, run_after=2021-01-01 00:00:00+00:00
[2026-04-21T05:40:54.469+0000] {processor.py:183} INFO - Processing /home/airflow/.local/lib/python3.8/site-packages/airflow/example_dags/example_xcom.py took 0.091 seconds
[2026-04-21T05:41:24.823+0000] {processor.py:161} INFO - Started process (PID=3740045) to work on /home/airflow/.local/lib/python3.8/site-packages/airflow/example_dags/example_xcom.py
[2026-04-21T05:41:24.825+0000] {processor.py:830} INFO - Processing file /home/airflow/.local/lib/python3.8/site-packages/airflow/example_dags/example_xcom.py for tasks to queue
[2026-04-21T05:41:24.827+0000] {logging_mixin.py:188} INFO - [2026-04-21T05:41:24.827+0000] {dagbag.py:538} INFO - Filling up the DagBag from /home/airflow/.local/lib/python3.8/site-packages/airflow/example_dags/example_xcom.py
[2026-04-21T05:41:24.837+0000] {processor.py:840} INFO - DAG(s) 'example_xcom' retrieved from /home/airflow/.local/lib/python3.8/site-packages/airflow/example_dags/example_xcom.py
[2026-04-21T05:41:24.863+0000] {logging_mixin.py:188} INFO - [2026-04-21T05:41:24.863+0000] {dag.py:3036} INFO - Sync 1 DAGs
[2026-04-21T05:41:24.886+0000] {logging_mixin.py:188} INFO - [2026-04-21T05:41:24.886+0000] {dag.py:3823} INFO - Setting next_dagrun for example_xcom to 2021-01-01 00:00:00+00:00, run_after=2021-01-01 00:00:00+00:00
[2026-04-21T05:41:24.904+0000] {processor.py:183} INFO - Processing /home/airflow/.local/lib/python3.8/site-packages/airflow/example_dags/example_xcom.py took 0.086 seconds
[2026-04-21T05:41:55.202+0000] {processor.py:161} INFO - Started process (PID=3740102) to work on /home/airflow/.local/lib/python3.8/site-packages/airflow/example_dags/example_xcom.py
[2026-04-21T05:41:55.204+0000] {processor.py:830} INFO - Processing file /home/airflow/.local/lib/python3.8/site-packages/airflow/example_dags/example_xcom.py for tasks to queue
[2026-04-21T05:41:55.206+0000] {logging_mixin.py:188} INFO - [2026-04-21T05:41:55.206+0000] {dagbag.py:538} INFO - Filling up the DagBag from /home/airflow/.local/lib/python3.8/site-packages/airflow/example_dags/example_xcom.py
[2026-04-21T05:41:55.216+0000] {processor.py:840} INFO - DAG(s) 'example_xcom' retrieved from /home/airflow/.local/lib/python3.8/site-packages/airflow/example_dags/example_xcom.py
[2026-04-21T05:41:55.244+0000] {logging_mixin.py:188} INFO - [2026-04-21T05:41:55.244+0000] {dag.py:3036} INFO - Sync 1 DAGs
[2026-04-21T05:41:55.268+0000] {logging_mixin.py:188} INFO - [2026-04-21T05:41:55.267+0000] {dag.py:3823} INFO - Setting next_dagrun for example_xcom to 2021-01-01 00:00:00+00:00, run_after=2021-01-01 00:00:00+00:00
[2026-04-21T05:41:55.287+0000] {processor.py:183} INFO - Processing /home/airflow/.local/lib/python3.8/site-packages/airflow/example_dags/example_xcom.py took 0.090 seconds
[2026-04-21T05:42:25.910+0000] {processor.py:161} INFO - Started process (PID=3740159) to work on /home/airflow/.local/lib/python3.8/site-packages/airflow/example_dags/example_xcom.py
[2026-04-21T05:42:25.912+0000] {processor.py:830} INFO - Processing file /home/airflow/.local/lib/python3.8/site-packages/airflow/example_dags/example_xcom.py for tasks to queue
[2026-04-21T05:42:25.914+0000] {logging_mixin.py:188} INFO - [2026-04-21T05:42:25.914+0000] {dagbag.py:538} INFO - Filling up the DagBag from /home/airflow/.local/lib/python3.8/site-packages/airflow/example_dags/example_xcom.py
[2026-04-21T05:42:25.924+0000] {processor.py:840} INFO - DAG(s) 'example_xcom' retrieved from /home/airflow/.local/lib/python3.8/site-packages/airflow/example_dags/example_xcom.py
[2026-04-21T05:42:25.952+0000] {logging_mixin.py:188} INFO - [2026-04-21T05:42:25.952+0000] {dag.py:3036} INFO - Sync 1 DAGs
[2026-04-21T05:42:25.976+0000] {logging_mixin.py:188} INFO - [2026-04-21T05:42:25.976+0000] {dag.py:3823} INFO - Setting next_dagrun for example_xcom to 2021-01-01 00:00:00+00:00, run_after=2021-01-01 00:00:00+00:00
[2026-04-21T05:42:25.995+0000] {processor.py:183} INFO - Processing /home/airflow/.local/lib/python3.8/site-packages/airflow/example_dags/example_xcom.py took 0.091 seconds
[2026-04-21T05:42:56.620+0000] {processor.py:161} INFO - Started process (PID=3740216) to work on /home/airflow/.local/lib/python3.8/site-packages/airflow/example_dags/example_xcom.py
[2026-04-21T05:42:56.622+0000] {processor.py:830} INFO - Processing file /home/airflow/.local/lib/python3.8/site-packages/airflow/example_dags/example_xcom.py for tasks to queue
[2026-04-21T05:42:56.624+0000] {logging_mixin.py:188} INFO - [2026-04-21T05:42:56.624+0000] {dagbag.py:538} INFO - Filling up the DagBag from /home/airflow/.local/lib/python3.8/site-packages/airflow/example_dags/example_xcom.py
[2026-04-21T05:42:56.634+0000] {processor.py:840} INFO - DAG(s) 'example_xcom' retrieved from /home/airflow/.local/lib/python3.8/site-packages/airflow/example_dags/example_xcom.py
[2026-04-21T05:42:56.660+0000] {logging_mixin.py:188} INFO - [2026-04-21T05:42:56.659+0000] {dag.py:3036} INFO - Sync 1 DAGs
[2026-04-21T05:42:56.683+0000] {logging_mixin.py:188} INFO - [2026-04-21T05:42:56.683+0000] {dag.py:3823} INFO - Setting next_dagrun for example_xcom to 2021-01-01 00:00:00+00:00, run_after=2021-01-01 00:00:00+00:00
[2026-04-21T05:42:56.705+0000] {processor.py:183} INFO - Processing /home/airflow/.local/lib/python3.8/site-packages/airflow/example_dags/example_xcom.py took 0.090 seconds
[2026-04-21T05:43:27.251+0000] {processor.py:161} INFO - Started process (PID=3740273) to work on /home/airflow/.local/lib/python3.8/site-packages/airflow/example_dags/example_xcom.py
[2026-04-21T05:43:27.253+0000] {processor.py:830} INFO - Processing file /home/airflow/.local/lib/python3.8/site-packages/airflow/example_dags/example_xcom.py for tasks to queue
[2026-04-21T05:43:27.255+0000] {logging_mixin.py:188} INFO - [2026-04-21T05:43:27.255+0000] {dagbag.py:538} INFO - Filling up the DagBag from /home/airflow/.local/lib/python3.8/site-packages/airflow/example_dags/example_xcom.py
[2026-04-21T05:43:27.265+0000] {processor.py:840} INFO - DAG(s) 'example_xcom' retrieved from /home/airflow/.local/lib/python3.8/site-packages/airflow/example_dags/example_xcom.py
[2026-04-21T05:43:27.291+0000] {logging_mixin.py:188} INFO - [2026-04-21T05:43:27.290+0000] {dag.py:3036} INFO - Sync 1 DAGs
[2026-04-21T05:43:27.314+0000] {logging_mixin.py:188} INFO - [2026-04-21T05:43:27.314+0000] {dag.py:3823} INFO - Setting next_dagrun for example_xcom to 2021-01-01 00:00:00+00:00, run_after=2021-01-01 00:00:00+00:00
[2026-04-21T05:43:27.333+0000] {processor.py:183} INFO - Processing /home/airflow/.local/lib/python3.8/site-packages/airflow/example_dags/example_xcom.py took 0.087 seconds
[2026-04-21T05:43:57.936+0000] {processor.py:161} INFO - Started process (PID=3740330) to work on /home/airflow/.local/lib/python3.8/site-packages/airflow/example_dags/example_xcom.py
[2026-04-21T05:43:57.938+0000] {processor.py:830} INFO - Processing file /home/airflow/.local/lib/python3.8/site-packages/airflow/example_dags/example_xcom.py for tasks to queue
[2026-04-21T05:43:57.941+0000] {logging_mixin.py:188} INFO - [2026-04-21T05:43:57.940+0000] {dagbag.py:538} INFO - Filling up the DagBag from /home/airflow/.local/lib/python3.8/site-packages/airflow/example_dags/example_xcom.py
[2026-04-21T05:43:57.951+0000] {processor.py:840} INFO - DAG(s) 'example_xcom' retrieved from /home/airflow/.local/lib/python3.8/site-packages/airflow/example_dags/example_xcom.py
[2026-04-21T05:43:57.978+0000] {logging_mixin.py:188} INFO - [2026-04-21T05:43:57.978+0000] {dag.py:3036} INFO - Sync 1 DAGs
[2026-04-21T05:43:58.005+0000] {logging_mixin.py:188} INFO - [2026-04-21T05:43:58.005+0000] {dag.py:3823} INFO - Setting next_dagrun for example_xcom to 2021-01-01 00:00:00+00:00, run_after=2021-01-01 00:00:00+00:00
[2026-04-21T05:43:58.025+0000] {processor.py:183} INFO - Processing /home/airflow/.local/lib/python3.8/site-packages/airflow/example_dags/example_xcom.py took 0.094 seconds
[2026-04-21T05:44:28.577+0000] {processor.py:161} INFO - Started process (PID=3740387) to work on /home/airflow/.local/lib/python3.8/site-packages/airflow/example_dags/example_xcom.py
[2026-04-21T05:44:28.579+0000] {processor.py:830} INFO - Processing file /home/airflow/.local/lib/python3.8/site-packages/airflow/example_dags/example_xcom.py for tasks to queue
[2026-04-21T05:44:28.582+0000] {logging_mixin.py:188} INFO - [2026-04-21T05:44:28.581+0000] {dagbag.py:538} INFO - Filling up the DagBag from /home/airflow/.local/lib/python3.8/site-packages/airflow/example_dags/example_xcom.py
[2026-04-21T05:44:28.591+0000] {processor.py:840} INFO - DAG(s) 'example_xcom' retrieved from /home/airflow/.local/lib/python3.8/site-packages/airflow/example_dags/example_xcom.py
[2026-04-21T05:44:28.618+0000] {logging_mixin.py:188} INFO - [2026-04-21T05:44:28.618+0000] {dag.py:3036} INFO - Sync 1 DAGs
[2026-04-21T05:44:28.644+0000] {logging_mixin.py:188} INFO - [2026-04-21T05:44:28.644+0000] {dag.py:3823} INFO - Setting next_dagrun for example_xcom to 2021-01-01 00:00:00+00:00, run_after=2021-01-01 00:00:00+00:00
[2026-04-21T05:44:28.664+0000] {processor.py:183} INFO - Processing /home/airflow/.local/lib/python3.8/site-packages/airflow/example_dags/example_xcom.py took 0.091 seconds
[2026-04-21T05:44:59.205+0000] {processor.py:161} INFO - Started process (PID=3740444) to work on /home/airflow/.local/lib/python3.8/site-packages/airflow/example_dags/example_xcom.py
[2026-04-21T05:44:59.207+0000] {processor.py:830} INFO - Processing file /home/airflow/.local/lib/python3.8/site-packages/airflow/example_dags/example_xcom.py for tasks to queue
[2026-04-21T05:44:59.209+0000] {logging_mixin.py:188} INFO - [2026-04-21T05:44:59.209+0000] {dagbag.py:538} INFO - Filling up the DagBag from /home/airflow/.local/lib/python3.8/site-packages/airflow/example_dags/example_xcom.py
[2026-04-21T05:44:59.219+0000] {processor.py:840} INFO - DAG(s) 'example_xcom' retrieved from /home/airflow/.local/lib/python3.8/site-packages/airflow/example_dags/example_xcom.py
[2026-04-21T05:44:59.245+0000] {logging_mixin.py:188} INFO - [2026-04-21T05:44:59.244+0000] {dag.py:3036} INFO - Sync 1 DAGs
[2026-04-21T05:44:59.268+0000] {logging_mixin.py:188} INFO - [2026-04-21T05:44:59.268+0000] {dag.py:3823} INFO - Setting next_dagrun for example_xcom to 2021-01-01 00:00:00+00:00, run_after=2021-01-01 00:00:00+00:00
[2026-04-21T05:44:59.287+0000] {processor.py:183} INFO - Processing /home/airflow/.local/lib/python3.8/site-packages/airflow/example_dags/example_xcom.py took 0.087 seconds
[2026-04-21T05:45:29.859+0000] {processor.py:161} INFO - Started process (PID=3740501) to work on /home/airflow/.local/lib/python3.8/site-packages/airflow/example_dags/example_xcom.py
[2026-04-21T05:45:29.861+0000] {processor.py:830} INFO - Processing file /home/airflow/.local/lib/python3.8/site-packages/airflow/example_dags/example_xcom.py for tasks to queue
[2026-04-21T05:45:29.863+0000] {logging_mixin.py:188} INFO - [2026-04-21T05:45:29.863+0000] {dagbag.py:538} INFO - Filling up the DagBag from /home/airflow/.local/lib/python3.8/site-packages/airflow/example_dags/example_xcom.py
[2026-04-21T05:45:29.873+0000] {processor.py:840} INFO - DAG(s) 'example_xcom' retrieved from /home/airflow/.local/lib/python3.8/site-packages/airflow/example_dags/example_xcom.py
[2026-04-21T05:45:29.899+0000] {logging_mixin.py:188} INFO - [2026-04-21T05:45:29.898+0000] {dag.py:3036} INFO - Sync 1 DAGs
[2026-04-21T05:45:29.923+0000] {logging_mixin.py:188} INFO - [2026-04-21T05:45:29.923+0000] {dag.py:3823} INFO - Setting next_dagrun for example_xcom to 2021-01-01 00:00:00+00:00, run_after=2021-01-01 00:00:00+00:00
[2026-04-21T05:45:29.943+0000] {processor.py:183} INFO - Processing /home/airflow/.local/lib/python3.8/site-packages/airflow/example_dags/example_xcom.py took 0.089 seconds
[2026-04-21T05:46:00.501+0000] {processor.py:161} INFO - Started process (PID=3740558) to work on /home/airflow/.local/lib/python3.8/site-packages/airflow/example_dags/example_xcom.py
[2026-04-21T05:46:00.503+0000] {processor.py:830} INFO - Processing file /home/airflow/.local/lib/python3.8/site-packages/airflow/example_dags/example_xcom.py for tasks to queue
[2026-04-21T05:46:00.505+0000] {logging_mixin.py:188} INFO - [2026-04-21T05:46:00.505+0000] {dagbag.py:538} INFO - Filling up the DagBag from /home/airflow/.local/lib/python3.8/site-packages/airflow/example_dags/example_xcom.py
[2026-04-21T05:46:00.515+0000] {processor.py:840} INFO - DAG(s) 'example_xcom' retrieved from /home/airflow/.local/lib/python3.8/site-packages/airflow/example_dags/example_xcom.py
[2026-04-21T05:46:00.542+0000] {logging_mixin.py:188} INFO - [2026-04-21T05:46:00.541+0000] {dag.py:3036} INFO - Sync 1 DAGs
[2026-04-21T05:46:00.566+0000] {logging_mixin.py:188} INFO - [2026-04-21T05:46:00.566+0000] {dag.py:3823} INFO - Setting next_dagrun for example_xcom to 2021-01-01 00:00:00+00:00, run_after=2021-01-01 00:00:00+00:00
[2026-04-21T05:46:00.585+0000] {processor.py:183} INFO - Processing /home/airflow/.local/lib/python3.8/site-packages/airflow/example_dags/example_xcom.py took 0.089 seconds
[2026-04-21T05:46:30.642+0000] {processor.py:161} INFO - Started process (PID=3740615) to work on /home/airflow/.local/lib/python3.8/site-packages/airflow/example_dags/example_xcom.py
[2026-04-21T05:46:30.644+0000] {processor.py:830} INFO - Processing file /home/airflow/.local/lib/python3.8/site-packages/airflow/example_dags/example_xcom.py for tasks to queue
[2026-04-21T05:46:30.647+0000] {logging_mixin.py:188} INFO - [2026-04-21T05:46:30.647+0000] {dagbag.py:538} INFO - Filling up the DagBag from /home/airflow/.local/lib/python3.8/site-packages/airflow/example_dags/example_xcom.py
[2026-04-21T05:46:30.658+0000] {processor.py:840} INFO - DAG(s) 'example_xcom' retrieved from /home/airflow/.local/lib/python3.8/site-packages/airflow/example_dags/example_xcom.py
[2026-04-21T05:46:30.684+0000] {logging_mixin.py:188} INFO - [2026-04-21T05:46:30.684+0000] {dag.py:3036} INFO - Sync 1 DAGs
[2026-04-21T05:46:30.710+0000] {logging_mixin.py:188} INFO - [2026-04-21T05:46:30.709+0000] {dag.py:3823} INFO - Setting next_dagrun for example_xcom to 2021-01-01 00:00:00+00:00, run_after=2021-01-01 00:00:00+00:00
[2026-04-21T05:46:30.729+0000] {processor.py:183} INFO - Processing /home/airflow/.local/lib/python3.8/site-packages/airflow/example_dags/example_xcom.py took 0.091 seconds
[2026-04-21T05:47:00.837+0000] {processor.py:161} INFO - Started process (PID=3740670) to work on /home/airflow/.local/lib/python3.8/site-packages/airflow/example_dags/example_xcom.py
[2026-04-21T05:47:00.839+0000] {processor.py:830} INFO - Processing file /home/airflow/.local/lib/python3.8/site-packages/airflow/example_dags/example_xcom.py for tasks to queue
[2026-04-21T05:47:00.841+0000] {logging_mixin.py:188} INFO - [2026-04-21T05:47:00.841+0000] {dagbag.py:538} INFO - Filling up the DagBag from /home/airflow/.local/lib/python3.8/site-packages/airflow/example_dags/example_xcom.py
[2026-04-21T05:47:00.851+0000] {processor.py:840} INFO - DAG(s) 'example_xcom' retrieved from /home/airflow/.local/lib/python3.8/site-packages/airflow/example_dags/example_xcom.py
[2026-04-21T05:47:00.876+0000] {logging_mixin.py:188} INFO - [2026-04-21T05:47:00.876+0000] {dag.py:3036} INFO - Sync 1 DAGs
[2026-04-21T05:47:00.901+0000] {logging_mixin.py:188} INFO - [2026-04-21T05:47:00.900+0000] {dag.py:3823} INFO - Setting next_dagrun for example_xcom to 2021-01-01 00:00:00+00:00, run_after=2021-01-01 00:00:00+00:00
[2026-04-21T05:47:00.920+0000] {processor.py:183} INFO - Processing /home/airflow/.local/lib/python3.8/site-packages/airflow/example_dags/example_xcom.py took 0.088 seconds
[2026-04-21T05:47:31.691+0000] {processor.py:161} INFO - Started process (PID=3740726) to work on /home/airflow/.local/lib/python3.8/site-packages/airflow/example_dags/example_xcom.py
[2026-04-21T05:47:31.693+0000] {processor.py:830} INFO - Processing file /home/airflow/.local/lib/python3.8/site-packages/airflow/example_dags/example_xcom.py for tasks to queue
[2026-04-21T05:47:31.695+0000] {logging_mixin.py:188} INFO - [2026-04-21T05:47:31.695+0000] {dagbag.py:538} INFO - Filling up the DagBag from /home/airflow/.local/lib/python3.8/site-packages/airflow/example_dags/example_xcom.py
[2026-04-21T05:47:31.705+0000] {processor.py:840} INFO - DAG(s) 'example_xcom' retrieved from /home/airflow/.local/lib/python3.8/site-packages/airflow/example_dags/example_xcom.py
[2026-04-21T05:47:31.733+0000] {logging_mixin.py:188} INFO - [2026-04-21T05:47:31.732+0000] {dag.py:3036} INFO - Sync 1 DAGs
[2026-04-21T05:47:31.758+0000] {logging_mixin.py:188} INFO - [2026-04-21T05:47:31.758+0000] {dag.py:3823} INFO - Setting next_dagrun for example_xcom to 2021-01-01 00:00:00+00:00, run_after=2021-01-01 00:00:00+00:00
[2026-04-21T05:47:31.779+0000] {processor.py:183} INFO - Processing /home/airflow/.local/lib/python3.8/site-packages/airflow/example_dags/example_xcom.py took 0.092 seconds
[2026-04-21T05:48:01.907+0000] {processor.py:161} INFO - Started process (PID=3740782) to work on /home/airflow/.local/lib/python3.8/site-packages/airflow/example_dags/example_xcom.py
[2026-04-21T05:48:01.909+0000] {processor.py:830} INFO - Processing file /home/airflow/.local/lib/python3.8/site-packages/airflow/example_dags/example_xcom.py for tasks to queue
[2026-04-21T05:48:01.912+0000] {logging_mixin.py:188} INFO - [2026-04-21T05:48:01.911+0000] {dagbag.py:538} INFO - Filling up the DagBag from /home/airflow/.local/lib/python3.8/site-packages/airflow/example_dags/example_xcom.py
[2026-04-21T05:48:01.922+0000] {processor.py:840} INFO - DAG(s) 'example_xcom' retrieved from /home/airflow/.local/lib/python3.8/site-packages/airflow/example_dags/example_xcom.py
[2026-04-21T05:48:01.948+0000] {logging_mixin.py:188} INFO - [2026-04-21T05:48:01.948+0000] {dag.py:3036} INFO - Sync 1 DAGs
[2026-04-21T05:48:01.971+0000] {logging_mixin.py:188} INFO - [2026-04-21T05:48:01.971+0000] {dag.py:3823} INFO - Setting next_dagrun for example_xcom to 2021-01-01 00:00:00+00:00, run_after=2021-01-01 00:00:00+00:00
[2026-04-21T05:48:01.990+0000] {processor.py:183} INFO - Processing /home/airflow/.local/lib/python3.8/site-packages/airflow/example_dags/example_xcom.py took 0.088 seconds
[2026-04-21T05:48:32.214+0000] {processor.py:161} INFO - Started process (PID=3740839) to work on /home/airflow/.local/lib/python3.8/site-packages/airflow/example_dags/example_xcom.py
[2026-04-21T05:48:32.216+0000] {processor.py:830} INFO - Processing file /home/airflow/.local/lib/python3.8/site-packages/airflow/example_dags/example_xcom.py for tasks to queue
[2026-04-21T05:48:32.219+0000] {logging_mixin.py:188} INFO - [2026-04-21T05:48:32.218+0000] {dagbag.py:538} INFO - Filling up the DagBag from /home/airflow/.local/lib/python3.8/site-packages/airflow/example_dags/example_xcom.py
[2026-04-21T05:48:32.229+0000] {processor.py:840} INFO - DAG(s) 'example_xcom' retrieved from /home/airflow/.local/lib/python3.8/site-packages/airflow/example_dags/example_xcom.py
[2026-04-21T05:48:32.255+0000] {logging_mixin.py:188} INFO - [2026-04-21T05:48:32.254+0000] {dag.py:3036} INFO - Sync 1 DAGs
[2026-04-21T05:48:32.278+0000] {logging_mixin.py:188} INFO - [2026-04-21T05:48:32.278+0000] {dag.py:3823} INFO - Setting next_dagrun for example_xcom to 2021-01-01 00:00:00+00:00, run_after=2021-01-01 00:00:00+00:00
[2026-04-21T05:48:32.297+0000] {processor.py:183} INFO - Processing /home/airflow/.local/lib/python3.8/site-packages/airflow/example_dags/example_xcom.py took 0.087 seconds
[2026-04-21T05:49:02.453+0000] {processor.py:161} INFO - Started process (PID=3740896) to work on /home/airflow/.local/lib/python3.8/site-packages/airflow/example_dags/example_xcom.py
[2026-04-21T05:49:02.455+0000] {processor.py:830} INFO - Processing file /home/airflow/.local/lib/python3.8/site-packages/airflow/example_dags/example_xcom.py for tasks to queue
[2026-04-21T05:49:02.458+0000] {logging_mixin.py:188} INFO - [2026-04-21T05:49:02.457+0000] {dagbag.py:538} INFO - Filling up the DagBag from /home/airflow/.local/lib/python3.8/site-packages/airflow/example_dags/example_xcom.py
[2026-04-21T05:49:02.468+0000] {processor.py:840} INFO - DAG(s) 'example_xcom' retrieved from /home/airflow/.local/lib/python3.8/site-packages/airflow/example_dags/example_xcom.py
[2026-04-21T05:49:02.493+0000] {logging_mixin.py:188} INFO - [2026-04-21T05:49:02.493+0000] {dag.py:3036} INFO - Sync 1 DAGs
[2026-04-21T05:49:02.517+0000] {logging_mixin.py:188} INFO - [2026-04-21T05:49:02.517+0000] {dag.py:3823} INFO - Setting next_dagrun for example_xcom to 2021-01-01 00:00:00+00:00, run_after=2021-01-01 00:00:00+00:00
[2026-04-21T05:49:02.536+0000] {processor.py:183} INFO - Processing /home/airflow/.local/lib/python3.8/site-packages/airflow/example_dags/example_xcom.py took 0.087 seconds
[2026-04-21T05:49:32.651+0000] {processor.py:161} INFO - Started process (PID=3740953) to work on /home/airflow/.local/lib/python3.8/site-packages/airflow/example_dags/example_xcom.py
[2026-04-21T05:49:32.653+0000] {processor.py:830} INFO - Processing file /home/airflow/.local/lib/python3.8/site-packages/airflow/example_dags/example_xcom.py for tasks to queue
[2026-04-21T05:49:32.655+0000] {logging_mixin.py:188} INFO - [2026-04-21T05:49:32.655+0000] {dagbag.py:538} INFO - Filling up the DagBag from /home/airflow/.local/lib/python3.8/site-packages/airflow/example_dags/example_xcom.py
[2026-04-21T05:49:32.665+0000] {processor.py:840} INFO - DAG(s) 'example_xcom' retrieved from /home/airflow/.local/lib/python3.8/site-packages/airflow/example_dags/example_xcom.py
[2026-04-21T05:49:32.691+0000] {logging_mixin.py:188} INFO - [2026-04-21T05:49:32.691+0000] {dag.py:3036} INFO - Sync 1 DAGs
[2026-04-21T05:49:32.714+0000] {logging_mixin.py:188} INFO - [2026-04-21T05:49:32.714+0000] {dag.py:3823} INFO - Setting next_dagrun for example_xcom to 2021-01-01 00:00:00+00:00, run_after=2021-01-01 00:00:00+00:00
[2026-04-21T05:49:32.733+0000] {processor.py:183} INFO - Processing /home/airflow/.local/lib/python3.8/site-packages/airflow/example_dags/example_xcom.py took 0.086 seconds
[2026-04-21T05:50:03.623+0000] {processor.py:161} INFO - Started process (PID=3741010) to work on /home/airflow/.local/lib/python3.8/site-packages/airflow/example_dags/example_xcom.py
[2026-04-21T05:50:03.625+0000] {processor.py:830} INFO - Processing file /home/airflow/.local/lib/python3.8/site-packages/airflow/example_dags/example_xcom.py for tasks to queue
[2026-04-21T05:50:03.627+0000] {logging_mixin.py:188} INFO - [2026-04-21T05:50:03.627+0000] {dagbag.py:538} INFO - Filling up the DagBag from /home/airflow/.local/lib/python3.8/site-packages/airflow/example_dags/example_xcom.py
[2026-04-21T05:50:03.638+0000] {processor.py:840} INFO - DAG(s) 'example_xcom' retrieved from /home/airflow/.local/lib/python3.8/site-packages/airflow/example_dags/example_xcom.py
[2026-04-21T05:50:03.666+0000] {logging_mixin.py:188} INFO - [2026-04-21T05:50:03.666+0000] {dag.py:3036} INFO - Sync 1 DAGs
[2026-04-21T05:50:03.692+0000] {logging_mixin.py:188} INFO - [2026-04-21T05:50:03.692+0000] {dag.py:3823} INFO - Setting next_dagrun for example_xcom to 2021-01-01 00:00:00+00:00, run_after=2021-01-01 00:00:00+00:00
[2026-04-21T05:50:03.713+0000] {processor.py:183} INFO - Processing /home/airflow/.local/lib/python3.8/site-packages/airflow/example_dags/example_xcom.py took 0.096 seconds
[2026-04-21T05:50:33.918+0000] {processor.py:161} INFO - Started process (PID=3741067) to work on /home/airflow/.local/lib/python3.8/site-packages/airflow/example_dags/example_xcom.py
[2026-04-21T05:50:33.920+0000] {processor.py:830} INFO - Processing file /home/airflow/.local/lib/python3.8/site-packages/airflow/example_dags/example_xcom.py for tasks to queue
[2026-04-21T05:50:33.923+0000] {logging_mixin.py:188} INFO - [2026-04-21T05:50:33.922+0000] {dagbag.py:538} INFO - Filling up the DagBag from /home/airflow/.local/lib/python3.8/site-packages/airflow/example_dags/example_xcom.py
[2026-04-21T05:50:33.933+0000] {processor.py:840} INFO - DAG(s) 'example_xcom' retrieved from /home/airflow/.local/lib/python3.8/site-packages/airflow/example_dags/example_xcom.py
[2026-04-21T05:50:33.959+0000] {logging_mixin.py:188} INFO - [2026-04-21T05:50:33.958+0000] {dag.py:3036} INFO - Sync 1 DAGs
[2026-04-21T05:50:33.983+0000] {logging_mixin.py:188} INFO - [2026-04-21T05:50:33.982+0000] {dag.py:3823} INFO - Setting next_dagrun for example_xcom to 2021-01-01 00:00:00+00:00, run_after=2021-01-01 00:00:00+00:00
[2026-04-21T05:50:34.002+0000] {processor.py:183} INFO - Processing /home/airflow/.local/lib/python3.8/site-packages/airflow/example_dags/example_xcom.py took 0.088 seconds
[2026-04-21T05:51:04.122+0000] {processor.py:161} INFO - Started process (PID=3741124) to work on /home/airflow/.local/lib/python3.8/site-packages/airflow/example_dags/example_xcom.py
[2026-04-21T05:51:04.124+0000] {processor.py:830} INFO - Processing file /home/airflow/.local/lib/python3.8/site-packages/airflow/example_dags/example_xcom.py for tasks to queue
[2026-04-21T05:51:04.127+0000] {logging_mixin.py:188} INFO - [2026-04-21T05:51:04.127+0000] {dagbag.py:538} INFO - Filling up the DagBag from /home/airflow/.local/lib/python3.8/site-packages/airflow/example_dags/example_xcom.py
[2026-04-21T05:51:04.138+0000] {processor.py:840} INFO - DAG(s) 'example_xcom' retrieved from /home/airflow/.local/lib/python3.8/site-packages/airflow/example_dags/example_xcom.py
[2026-04-21T05:51:04.164+0000] {logging_mixin.py:188} INFO - [2026-04-21T05:51:04.163+0000] {dag.py:3036} INFO - Sync 1 DAGs
[2026-04-21T05:51:04.188+0000] {logging_mixin.py:188} INFO - [2026-04-21T05:51:04.187+0000] {dag.py:3823} INFO - Setting next_dagrun for example_xcom to 2021-01-01 00:00:00+00:00, run_after=2021-01-01 00:00:00+00:00
[2026-04-21T05:51:04.206+0000] {processor.py:183} INFO - Processing /home/airflow/.local/lib/python3.8/site-packages/airflow/example_dags/example_xcom.py took 0.089 seconds
[2026-04-21T05:51:34.297+0000] {processor.py:161} INFO - Started process (PID=3741181) to work on /home/airflow/.local/lib/python3.8/site-packages/airflow/example_dags/example_xcom.py
[2026-04-21T05:51:34.300+0000] {processor.py:830} INFO - Processing file /home/airflow/.local/lib/python3.8/site-packages/airflow/example_dags/example_xcom.py for tasks to queue
[2026-04-21T05:51:34.302+0000] {logging_mixin.py:188} INFO - [2026-04-21T05:51:34.302+0000] {dagbag.py:538} INFO - Filling up the DagBag from /home/airflow/.local/lib/python3.8/site-packages/airflow/example_dags/example_xcom.py
[2026-04-21T05:51:34.312+0000] {processor.py:840} INFO - DAG(s) 'example_xcom' retrieved from /home/airflow/.local/lib/python3.8/site-packages/airflow/example_dags/example_xcom.py
[2026-04-21T05:51:34.339+0000] {logging_mixin.py:188} INFO - [2026-04-21T05:51:34.338+0000] {dag.py:3036} INFO - Sync 1 DAGs
[2026-04-21T05:51:34.363+0000] {logging_mixin.py:188} INFO - [2026-04-21T05:51:34.363+0000] {dag.py:3823} INFO - Setting next_dagrun for example_xcom to 2021-01-01 00:00:00+00:00, run_after=2021-01-01 00:00:00+00:00
[2026-04-21T05:51:34.382+0000] {processor.py:183} INFO - Processing /home/airflow/.local/lib/python3.8/site-packages/airflow/example_dags/example_xcom.py took 0.089 seconds
[2026-04-21T05:52:04.455+0000] {processor.py:161} INFO - Started process (PID=3741238) to work on /home/airflow/.local/lib/python3.8/site-packages/airflow/example_dags/example_xcom.py
[2026-04-21T05:52:04.458+0000] {processor.py:830} INFO - Processing file /home/airflow/.local/lib/python3.8/site-packages/airflow/example_dags/example_xcom.py for tasks to queue
[2026-04-21T05:52:04.460+0000] {logging_mixin.py:188} INFO - [2026-04-21T05:52:04.460+0000] {dagbag.py:538} INFO - Filling up the DagBag from /home/airflow/.local/lib/python3.8/site-packages/airflow/example_dags/example_xcom.py
[2026-04-21T05:52:04.470+0000] {processor.py:840} INFO - DAG(s) 'example_xcom' retrieved from /home/airflow/.local/lib/python3.8/site-packages/airflow/example_dags/example_xcom.py
[2026-04-21T05:52:04.497+0000] {logging_mixin.py:188} INFO - [2026-04-21T05:52:04.497+0000] {dag.py:3036} INFO - Sync 1 DAGs
[2026-04-21T05:52:04.522+0000] {logging_mixin.py:188} INFO - [2026-04-21T05:52:04.521+0000] {dag.py:3823} INFO - Setting next_dagrun for example_xcom to 2021-01-01 00:00:00+00:00, run_after=2021-01-01 00:00:00+00:00
[2026-04-21T05:52:04.542+0000] {processor.py:183} INFO - Processing /home/airflow/.local/lib/python3.8/site-packages/airflow/example_dags/example_xcom.py took 0.092 seconds
[2026-04-21T05:52:34.785+0000] {processor.py:161} INFO - Started process (PID=3741295) to work on /home/airflow/.local/lib/python3.8/site-packages/airflow/example_dags/example_xcom.py
[2026-04-21T05:52:34.787+0000] {processor.py:830} INFO - Processing file /home/airflow/.local/lib/python3.8/site-packages/airflow/example_dags/example_xcom.py for tasks to queue
[2026-04-21T05:52:34.789+0000] {logging_mixin.py:188} INFO - [2026-04-21T05:52:34.789+0000] {dagbag.py:538} INFO - Filling up the DagBag from /home/airflow/.local/lib/python3.8/site-packages/airflow/example_dags/example_xcom.py
[2026-04-21T05:52:34.799+0000] {processor.py:840} INFO - DAG(s) 'example_xcom' retrieved from /home/airflow/.local/lib/python3.8/site-packages/airflow/example_dags/example_xcom.py
[2026-04-21T05:52:34.825+0000] {logging_mixin.py:188} INFO - [2026-04-21T05:52:34.825+0000] {dag.py:3036} INFO - Sync 1 DAGs
[2026-04-21T05:52:34.849+0000] {logging_mixin.py:188} INFO - [2026-04-21T05:52:34.848+0000] {dag.py:3823} INFO - Setting next_dagrun for example_xcom to 2021-01-01 00:00:00+00:00, run_after=2021-01-01 00:00:00+00:00
[2026-04-21T05:52:34.867+0000] {processor.py:183} INFO - Processing /home/airflow/.local/lib/python3.8/site-packages/airflow/example_dags/example_xcom.py took 0.087 seconds
[2026-04-21T05:53:05.127+0000] {processor.py:161} INFO - Started process (PID=3741352) to work on /home/airflow/.local/lib/python3.8/site-packages/airflow/example_dags/example_xcom.py
[2026-04-21T05:53:05.129+0000] {processor.py:830} INFO - Processing file /home/airflow/.local/lib/python3.8/site-packages/airflow/example_dags/example_xcom.py for tasks to queue
[2026-04-21T05:53:05.131+0000] {logging_mixin.py:188} INFO - [2026-04-21T05:53:05.131+0000] {dagbag.py:538} INFO - Filling up the DagBag from /home/airflow/.local/lib/python3.8/site-packages/airflow/example_dags/example_xcom.py
[2026-04-21T05:53:05.141+0000] {processor.py:840} INFO - DAG(s) 'example_xcom' retrieved from /home/airflow/.local/lib/python3.8/site-packages/airflow/example_dags/example_xcom.py
[2026-04-21T05:53:05.175+0000] {logging_mixin.py:188} INFO - [2026-04-21T05:53:05.175+0000] {dag.py:3036} INFO - Sync 1 DAGs
[2026-04-21T05:53:05.199+0000] {logging_mixin.py:188} INFO - [2026-04-21T05:53:05.199+0000] {dag.py:3823} INFO - Setting next_dagrun for example_xcom to 2021-01-01 00:00:00+00:00, run_after=2021-01-01 00:00:00+00:00
[2026-04-21T05:53:05.219+0000] {processor.py:183} INFO - Processing /home/airflow/.local/lib/python3.8/site-packages/airflow/example_dags/example_xcom.py took 0.097 seconds
[2026-04-21T05:53:35.493+0000] {processor.py:161} INFO - Started process (PID=3741409) to work on /home/airflow/.local/lib/python3.8/site-packages/airflow/example_dags/example_xcom.py
[2026-04-21T05:53:35.495+0000] {processor.py:830} INFO - Processing file /home/airflow/.local/lib/python3.8/site-packages/airflow/example_dags/example_xcom.py for tasks to queue
[2026-04-21T05:53:35.498+0000] {logging_mixin.py:188} INFO - [2026-04-21T05:53:35.497+0000] {dagbag.py:538} INFO - Filling up the DagBag from /home/airflow/.local/lib/python3.8/site-packages/airflow/example_dags/example_xcom.py
[2026-04-21T05:53:35.508+0000] {processor.py:840} INFO - DAG(s) 'example_xcom' retrieved from /home/airflow/.local/lib/python3.8/site-packages/airflow/example_dags/example_xcom.py
[2026-04-21T05:53:35.536+0000] {logging_mixin.py:188} INFO - [2026-04-21T05:53:35.536+0000] {dag.py:3036} INFO - Sync 1 DAGs
[2026-04-21T05:53:35.562+0000] {logging_mixin.py:188} INFO - [2026-04-21T05:53:35.562+0000] {dag.py:3823} INFO - Setting next_dagrun for example_xcom to 2021-01-01 00:00:00+00:00, run_after=2021-01-01 00:00:00+00:00
[2026-04-21T05:53:35.584+0000] {processor.py:183} INFO - Processing /home/airflow/.local/lib/python3.8/site-packages/airflow/example_dags/example_xcom.py took 0.096 seconds
[2026-04-21T05:54:05.713+0000] {processor.py:161} INFO - Started process (PID=3741466) to work on /home/airflow/.local/lib/python3.8/site-packages/airflow/example_dags/example_xcom.py
[2026-04-21T05:54:05.715+0000] {processor.py:830} INFO - Processing file /home/airflow/.local/lib/python3.8/site-packages/airflow/example_dags/example_xcom.py for tasks to queue
[2026-04-21T05:54:05.718+0000] {logging_mixin.py:188} INFO - [2026-04-21T05:54:05.717+0000] {dagbag.py:538} INFO - Filling up the DagBag from /home/airflow/.local/lib/python3.8/site-packages/airflow/example_dags/example_xcom.py
[2026-04-21T05:54:05.728+0000] {processor.py:840} INFO - DAG(s) 'example_xcom' retrieved from /home/airflow/.local/lib/python3.8/site-packages/airflow/example_dags/example_xcom.py
[2026-04-21T05:54:05.755+0000] {logging_mixin.py:188} INFO - [2026-04-21T05:54:05.754+0000] {dag.py:3036} INFO - Sync 1 DAGs
[2026-04-21T05:54:05.779+0000] {logging_mixin.py:188} INFO - [2026-04-21T05:54:05.779+0000] {dag.py:3823} INFO - Setting next_dagrun for example_xcom to 2021-01-01 00:00:00+00:00, run_after=2021-01-01 00:00:00+00:00
[2026-04-21T05:54:05.799+0000] {processor.py:183} INFO - Processing /home/airflow/.local/lib/python3.8/site-packages/airflow/example_dags/example_xcom.py took 0.091 seconds
[2026-04-21T05:54:35.998+0000] {processor.py:161} INFO - Started process (PID=3741524) to work on /home/airflow/.local/lib/python3.8/site-packages/airflow/example_dags/example_xcom.py
[2026-04-21T05:54:36.000+0000] {processor.py:830} INFO - Processing file /home/airflow/.local/lib/python3.8/site-packages/airflow/example_dags/example_xcom.py for tasks to queue
[2026-04-21T05:54:36.002+0000] {logging_mixin.py:188} INFO - [2026-04-21T05:54:36.002+0000] {dagbag.py:538} INFO - Filling up the DagBag from /home/airflow/.local/lib/python3.8/site-packages/airflow/example_dags/example_xcom.py
[2026-04-21T05:54:36.012+0000] {processor.py:840} INFO - DAG(s) 'example_xcom' retrieved from /home/airflow/.local/lib/python3.8/site-packages/airflow/example_dags/example_xcom.py
[2026-04-21T05:54:36.038+0000] {logging_mixin.py:188} INFO - [2026-04-21T05:54:36.038+0000] {dag.py:3036} INFO - Sync 1 DAGs
[2026-04-21T05:54:36.062+0000] {logging_mixin.py:188} INFO - [2026-04-21T05:54:36.062+0000] {dag.py:3823} INFO - Setting next_dagrun for example_xcom to 2021-01-01 00:00:00+00:00, run_after=2021-01-01 00:00:00+00:00
[2026-04-21T05:54:36.082+0000] {processor.py:183} INFO - Processing /home/airflow/.local/lib/python3.8/site-packages/airflow/example_dags/example_xcom.py took 0.089 seconds
[2026-04-21T05:55:06.441+0000] {processor.py:161} INFO - Started process (PID=3741581) to work on /home/airflow/.local/lib/python3.8/site-packages/airflow/example_dags/example_xcom.py
[2026-04-21T05:55:06.443+0000] {processor.py:830} INFO - Processing file /home/airflow/.local/lib/python3.8/site-packages/airflow/example_dags/example_xcom.py for tasks to queue
[2026-04-21T05:55:06.445+0000] {logging_mixin.py:188} INFO - [2026-04-21T05:55:06.445+0000] {dagbag.py:538} INFO - Filling up the DagBag from /home/airflow/.local/lib/python3.8/site-packages/airflow/example_dags/example_xcom.py
[2026-04-21T05:55:06.455+0000] {processor.py:840} INFO - DAG(s) 'example_xcom' retrieved from /home/airflow/.local/lib/python3.8/site-packages/airflow/example_dags/example_xcom.py
[2026-04-21T05:55:06.481+0000] {logging_mixin.py:188} INFO - [2026-04-21T05:55:06.481+0000] {dag.py:3036} INFO - Sync 1 DAGs
[2026-04-21T05:55:06.505+0000] {logging_mixin.py:188} INFO - [2026-04-21T05:55:06.505+0000] {dag.py:3823} INFO - Setting next_dagrun for example_xcom to 2021-01-01 00:00:00+00:00, run_after=2021-01-01 00:00:00+00:00
[2026-04-21T05:55:06.524+0000] {processor.py:183} INFO - Processing /home/airflow/.local/lib/python3.8/site-packages/airflow/example_dags/example_xcom.py took 0.088 seconds
[2026-04-21T05:55:36.664+0000] {processor.py:161} INFO - Started process (PID=3741638) to work on /home/airflow/.local/lib/python3.8/site-packages/airflow/example_dags/example_xcom.py
[2026-04-21T05:55:36.666+0000] {processor.py:830} INFO - Processing file /home/airflow/.local/lib/python3.8/site-packages/airflow/example_dags/example_xcom.py for tasks to queue
[2026-04-21T05:55:36.669+0000] {logging_mixin.py:188} INFO - [2026-04-21T05:55:36.668+0000] {dagbag.py:538} INFO - Filling up the DagBag from /home/airflow/.local/lib/python3.8/site-packages/airflow/example_dags/example_xcom.py
[2026-04-21T05:55:36.679+0000] {processor.py:840} INFO - DAG(s) 'example_xcom' retrieved from /home/airflow/.local/lib/python3.8/site-packages/airflow/example_dags/example_xcom.py
[2026-04-21T05:55:36.704+0000] {logging_mixin.py:188} INFO - [2026-04-21T05:55:36.704+0000] {dag.py:3036} INFO - Sync 1 DAGs
[2026-04-21T05:55:36.728+0000] {logging_mixin.py:188} INFO - [2026-04-21T05:55:36.728+0000] {dag.py:3823} INFO - Setting next_dagrun for example_xcom to 2021-01-01 00:00:00+00:00, run_after=2021-01-01 00:00:00+00:00
[2026-04-21T05:55:36.746+0000] {processor.py:183} INFO - Processing /home/airflow/.local/lib/python3.8/site-packages/airflow/example_dags/example_xcom.py took 0.087 seconds
[2026-04-21T05:56:07.271+0000] {processor.py:161} INFO - Started process (PID=3741695) to work on /home/airflow/.local/lib/python3.8/site-packages/airflow/example_dags/example_xcom.py
[2026-04-21T05:56:07.273+0000] {processor.py:830} INFO - Processing file /home/airflow/.local/lib/python3.8/site-packages/airflow/example_dags/example_xcom.py for tasks to queue
[2026-04-21T05:56:07.275+0000] {logging_mixin.py:188} INFO - [2026-04-21T05:56:07.275+0000] {dagbag.py:538} INFO - Filling up the DagBag from /home/airflow/.local/lib/python3.8/site-packages/airflow/example_dags/example_xcom.py
[2026-04-21T05:56:07.285+0000] {processor.py:840} INFO - DAG(s) 'example_xcom' retrieved from /home/airflow/.local/lib/python3.8/site-packages/airflow/example_dags/example_xcom.py
[2026-04-21T05:56:07.311+0000] {logging_mixin.py:188} INFO - [2026-04-21T05:56:07.310+0000] {dag.py:3036} INFO - Sync 1 DAGs
[2026-04-21T05:56:07.334+0000] {logging_mixin.py:188} INFO - [2026-04-21T05:56:07.334+0000] {dag.py:3823} INFO - Setting next_dagrun for example_xcom to 2021-01-01 00:00:00+00:00, run_after=2021-01-01 00:00:00+00:00
[2026-04-21T05:56:07.354+0000] {processor.py:183} INFO - Processing /home/airflow/.local/lib/python3.8/site-packages/airflow/example_dags/example_xcom.py took 0.088 seconds
[2026-04-21T05:56:37.476+0000] {processor.py:161} INFO - Started process (PID=3741752) to work on /home/airflow/.local/lib/python3.8/site-packages/airflow/example_dags/example_xcom.py
[2026-04-21T05:56:37.479+0000] {processor.py:830} INFO - Processing file /home/airflow/.local/lib/python3.8/site-packages/airflow/example_dags/example_xcom.py for tasks to queue
[2026-04-21T05:56:37.481+0000] {logging_mixin.py:188} INFO - [2026-04-21T05:56:37.481+0000] {dagbag.py:538} INFO - Filling up the DagBag from /home/airflow/.local/lib/python3.8/site-packages/airflow/example_dags/example_xcom.py
[2026-04-21T05:56:37.491+0000] {processor.py:840} INFO - DAG(s) 'example_xcom' retrieved from /home/airflow/.local/lib/python3.8/site-packages/airflow/example_dags/example_xcom.py
[2026-04-21T05:56:37.517+0000] {logging_mixin.py:188} INFO - [2026-04-21T05:56:37.517+0000] {dag.py:3036} INFO - Sync 1 DAGs
[2026-04-21T05:56:37.541+0000] {logging_mixin.py:188} INFO - [2026-04-21T05:56:37.541+0000] {dag.py:3823} INFO - Setting next_dagrun for example_xcom to 2021-01-01 00:00:00+00:00, run_after=2021-01-01 00:00:00+00:00
[2026-04-21T05:56:37.559+0000] {processor.py:183} INFO - Processing /home/airflow/.local/lib/python3.8/site-packages/airflow/example_dags/example_xcom.py took 0.088 seconds
[2026-04-21T05:57:07.700+0000] {processor.py:161} INFO - Started process (PID=3741809) to work on /home/airflow/.local/lib/python3.8/site-packages/airflow/example_dags/example_xcom.py
[2026-04-21T05:57:07.702+0000] {processor.py:830} INFO - Processing file /home/airflow/.local/lib/python3.8/site-packages/airflow/example_dags/example_xcom.py for tasks to queue
[2026-04-21T05:57:07.705+0000] {logging_mixin.py:188} INFO - [2026-04-21T05:57:07.704+0000] {dagbag.py:538} INFO - Filling up the DagBag from /home/airflow/.local/lib/python3.8/site-packages/airflow/example_dags/example_xcom.py
[2026-04-21T05:57:07.718+0000] {processor.py:840} INFO - DAG(s) 'example_xcom' retrieved from /home/airflow/.local/lib/python3.8/site-packages/airflow/example_dags/example_xcom.py
[2026-04-21T05:57:07.744+0000] {logging_mixin.py:188} INFO - [2026-04-21T05:57:07.744+0000] {dag.py:3036} INFO - Sync 1 DAGs
[2026-04-21T05:57:07.767+0000] {logging_mixin.py:188} INFO - [2026-04-21T05:57:07.767+0000] {dag.py:3823} INFO - Setting next_dagrun for example_xcom to 2021-01-01 00:00:00+00:00, run_after=2021-01-01 00:00:00+00:00
[2026-04-21T05:57:07.786+0000] {processor.py:183} INFO - Processing /home/airflow/.local/lib/python3.8/site-packages/airflow/example_dags/example_xcom.py took 0.092 seconds
[2026-04-21T05:57:38.534+0000] {processor.py:161} INFO - Started process (PID=3741866) to work on /home/airflow/.local/lib/python3.8/site-packages/airflow/example_dags/example_xcom.py
[2026-04-21T05:57:38.536+0000] {processor.py:830} INFO - Processing file /home/airflow/.local/lib/python3.8/site-packages/airflow/example_dags/example_xcom.py for tasks to queue
[2026-04-21T05:57:38.539+0000] {logging_mixin.py:188} INFO - [2026-04-21T05:57:38.538+0000] {dagbag.py:538} INFO - Filling up the DagBag from /home/airflow/.local/lib/python3.8/site-packages/airflow/example_dags/example_xcom.py
[2026-04-21T05:57:38.550+0000] {processor.py:840} INFO - DAG(s) 'example_xcom' retrieved from /home/airflow/.local/lib/python3.8/site-packages/airflow/example_dags/example_xcom.py
[2026-04-21T05:57:38.577+0000] {logging_mixin.py:188} INFO - [2026-04-21T05:57:38.577+0000] {dag.py:3036} INFO - Sync 1 DAGs
[2026-04-21T05:57:38.604+0000] {logging_mixin.py:188} INFO - [2026-04-21T05:57:38.603+0000] {dag.py:3823} INFO - Setting next_dagrun for example_xcom to 2021-01-01 00:00:00+00:00, run_after=2021-01-01 00:00:00+00:00
[2026-04-21T05:57:38.624+0000] {processor.py:183} INFO - Processing /home/airflow/.local/lib/python3.8/site-packages/airflow/example_dags/example_xcom.py took 0.096 seconds
[2026-04-21T05:58:08.721+0000] {processor.py:161} INFO - Started process (PID=3741923) to work on /home/airflow/.local/lib/python3.8/site-packages/airflow/example_dags/example_xcom.py
[2026-04-21T05:58:08.723+0000] {processor.py:830} INFO - Processing file /home/airflow/.local/lib/python3.8/site-packages/airflow/example_dags/example_xcom.py for tasks to queue
[2026-04-21T05:58:08.725+0000] {logging_mixin.py:188} INFO - [2026-04-21T05:58:08.725+0000] {dagbag.py:538} INFO - Filling up the DagBag from /home/airflow/.local/lib/python3.8/site-packages/airflow/example_dags/example_xcom.py
[2026-04-21T05:58:08.735+0000] {processor.py:840} INFO - DAG(s) 'example_xcom' retrieved from /home/airflow/.local/lib/python3.8/site-packages/airflow/example_dags/example_xcom.py
[2026-04-21T05:58:08.762+0000] {logging_mixin.py:188} INFO - [2026-04-21T05:58:08.762+0000] {dag.py:3036} INFO - Sync 1 DAGs
[2026-04-21T05:58:08.787+0000] {logging_mixin.py:188} INFO - [2026-04-21T05:58:08.786+0000] {dag.py:3823} INFO - Setting next_dagrun for example_xcom to 2021-01-01 00:00:00+00:00, run_after=2021-01-01 00:00:00+00:00
[2026-04-21T05:58:08.807+0000] {processor.py:183} INFO - Processing /home/airflow/.local/lib/python3.8/site-packages/airflow/example_dags/example_xcom.py took 0.091 seconds
[2026-04-21T05:58:39.184+0000] {processor.py:161} INFO - Started process (PID=3741986) to work on /home/airflow/.local/lib/python3.8/site-packages/airflow/example_dags/example_xcom.py
[2026-04-21T05:58:39.187+0000] {processor.py:830} INFO - Processing file /home/airflow/.local/lib/python3.8/site-packages/airflow/example_dags/example_xcom.py for tasks to queue
[2026-04-21T05:58:39.189+0000] {logging_mixin.py:188} INFO - [2026-04-21T05:58:39.189+0000] {dagbag.py:538} INFO - Filling up the DagBag from /home/airflow/.local/lib/python3.8/site-packages/airflow/example_dags/example_xcom.py
[2026-04-21T05:58:39.199+0000] {processor.py:840} INFO - DAG(s) 'example_xcom' retrieved from /home/airflow/.local/lib/python3.8/site-packages/airflow/example_dags/example_xcom.py
[2026-04-21T05:58:39.226+0000] {logging_mixin.py:188} INFO - [2026-04-21T05:58:39.225+0000] {dag.py:3036} INFO - Sync 1 DAGs
[2026-04-21T05:58:39.250+0000] {logging_mixin.py:188} INFO - [2026-04-21T05:58:39.250+0000] {dag.py:3823} INFO - Setting next_dagrun for example_xcom to 2021-01-01 00:00:00+00:00, run_after=2021-01-01 00:00:00+00:00
[2026-04-21T05:58:39.269+0000] {processor.py:183} INFO - Processing /home/airflow/.local/lib/python3.8/site-packages/airflow/example_dags/example_xcom.py took 0.089 seconds
[2026-04-21T05:59:09.604+0000] {processor.py:161} INFO - Started process (PID=3742043) to work on /home/airflow/.local/lib/python3.8/site-packages/airflow/example_dags/example_xcom.py
[2026-04-21T05:59:09.606+0000] {processor.py:830} INFO - Processing file /home/airflow/.local/lib/python3.8/site-packages/airflow/example_dags/example_xcom.py for tasks to queue
[2026-04-21T05:59:09.609+0000] {logging_mixin.py:188} INFO - [2026-04-21T05:59:09.608+0000] {dagbag.py:538} INFO - Filling up the DagBag from /home/airflow/.local/lib/python3.8/site-packages/airflow/example_dags/example_xcom.py
[2026-04-21T05:59:09.619+0000] {processor.py:840} INFO - DAG(s) 'example_xcom' retrieved from /home/airflow/.local/lib/python3.8/site-packages/airflow/example_dags/example_xcom.py
[2026-04-21T05:59:09.645+0000] {logging_mixin.py:188} INFO - [2026-04-21T05:59:09.645+0000] {dag.py:3036} INFO - Sync 1 DAGs
[2026-04-21T05:59:09.669+0000] {logging_mixin.py:188} INFO - [2026-04-21T05:59:09.669+0000] {dag.py:3823} INFO - Setting next_dagrun for example_xcom to 2021-01-01 00:00:00+00:00, run_after=2021-01-01 00:00:00+00:00
[2026-04-21T05:59:09.688+0000] {processor.py:183} INFO - Processing /home/airflow/.local/lib/python3.8/site-packages/airflow/example_dags/example_xcom.py took 0.088 seconds
[2026-04-21T05:59:40.054+0000] {processor.py:161} INFO - Started process (PID=3742100) to work on /home/airflow/.local/lib/python3.8/site-packages/airflow/example_dags/example_xcom.py
[2026-04-21T05:59:40.056+0000] {processor.py:830} INFO - Processing file /home/airflow/.local/lib/python3.8/site-packages/airflow/example_dags/example_xcom.py for tasks to queue
[2026-04-21T05:59:40.058+0000] {logging_mixin.py:188} INFO - [2026-04-21T05:59:40.058+0000] {dagbag.py:538} INFO - Filling up the DagBag from /home/airflow/.local/lib/python3.8/site-packages/airflow/example_dags/example_xcom.py
[2026-04-21T05:59:40.068+0000] {processor.py:840} INFO - DAG(s) 'example_xcom' retrieved from /home/airflow/.local/lib/python3.8/site-packages/airflow/example_dags/example_xcom.py
[2026-04-21T05:59:40.098+0000] {logging_mixin.py:188} INFO - [2026-04-21T05:59:40.098+0000] {dag.py:3036} INFO - Sync 1 DAGs
[2026-04-21T05:59:40.122+0000] {logging_mixin.py:188} INFO - [2026-04-21T05:59:40.122+0000] {dag.py:3823} INFO - Setting next_dagrun for example_xcom to 2021-01-01 00:00:00+00:00, run_after=2021-01-01 00:00:00+00:00
[2026-04-21T05:59:40.141+0000] {processor.py:183} INFO - Processing /home/airflow/.local/lib/python3.8/site-packages/airflow/example_dags/example_xcom.py took 0.092 seconds
[2026-04-21T06:00:10.303+0000] {processor.py:161} INFO - Started process (PID=3742157) to work on /home/airflow/.local/lib/python3.8/site-packages/airflow/example_dags/example_xcom.py
[2026-04-21T06:00:10.305+0000] {processor.py:830} INFO - Processing file /home/airflow/.local/lib/python3.8/site-packages/airflow/example_dags/example_xcom.py for tasks to queue
[2026-04-21T06:00:10.307+0000] {logging_mixin.py:188} INFO - [2026-04-21T06:00:10.307+0000] {dagbag.py:538} INFO - Filling up the DagBag from /home/airflow/.local/lib/python3.8/site-packages/airflow/example_dags/example_xcom.py
[2026-04-21T06:00:10.317+0000] {processor.py:840} INFO - DAG(s) 'example_xcom' retrieved from /home/airflow/.local/lib/python3.8/site-packages/airflow/example_dags/example_xcom.py
[2026-04-21T06:00:10.343+0000] {logging_mixin.py:188} INFO - [2026-04-21T06:00:10.342+0000] {dag.py:3036} INFO - Sync 1 DAGs
[2026-04-21T06:00:10.367+0000] {logging_mixin.py:188} INFO - [2026-04-21T06:00:10.367+0000] {dag.py:3823} INFO - Setting next_dagrun for example_xcom to 2021-01-01 00:00:00+00:00, run_after=2021-01-01 00:00:00+00:00
[2026-04-21T06:00:10.386+0000] {processor.py:183} INFO - Processing /home/airflow/.local/lib/python3.8/site-packages/airflow/example_dags/example_xcom.py took 0.087 seconds
[2026-04-21T06:00:40.457+0000] {processor.py:161} INFO - Started process (PID=3742214) to work on /home/airflow/.local/lib/python3.8/site-packages/airflow/example_dags/example_xcom.py
[2026-04-21T06:00:40.459+0000] {processor.py:830} INFO - Processing file /home/airflow/.local/lib/python3.8/site-packages/airflow/example_dags/example_xcom.py for tasks to queue
[2026-04-21T06:00:40.462+0000] {logging_mixin.py:188} INFO - [2026-04-21T06:00:40.461+0000] {dagbag.py:538} INFO - Filling up the DagBag from /home/airflow/.local/lib/python3.8/site-packages/airflow/example_dags/example_xcom.py
[2026-04-21T06:00:40.472+0000] {processor.py:840} INFO - DAG(s) 'example_xcom' retrieved from /home/airflow/.local/lib/python3.8/site-packages/airflow/example_dags/example_xcom.py
[2026-04-21T06:00:40.499+0000] {logging_mixin.py:188} INFO - [2026-04-21T06:00:40.499+0000] {dag.py:3036} INFO - Sync 1 DAGs
[2026-04-21T06:00:40.524+0000] {logging_mixin.py:188} INFO - [2026-04-21T06:00:40.524+0000] {dag.py:3823} INFO - Setting next_dagrun for example_xcom to 2021-01-01 00:00:00+00:00, run_after=2021-01-01 00:00:00+00:00
[2026-04-21T06:00:40.544+0000] {processor.py:183} INFO - Processing /home/airflow/.local/lib/python3.8/site-packages/airflow/example_dags/example_xcom.py took 0.092 seconds
[2026-04-21T06:01:10.658+0000] {processor.py:161} INFO - Started process (PID=3742271) to work on /home/airflow/.local/lib/python3.8/site-packages/airflow/example_dags/example_xcom.py
[2026-04-21T06:01:10.659+0000] {processor.py:830} INFO - Processing file /home/airflow/.local/lib/python3.8/site-packages/airflow/example_dags/example_xcom.py for tasks to queue
[2026-04-21T06:01:10.662+0000] {logging_mixin.py:188} INFO - [2026-04-21T06:01:10.662+0000] {dagbag.py:538} INFO - Filling up the DagBag from /home/airflow/.local/lib/python3.8/site-packages/airflow/example_dags/example_xcom.py
[2026-04-21T06:01:10.672+0000] {processor.py:840} INFO - DAG(s) 'example_xcom' retrieved from /home/airflow/.local/lib/python3.8/site-packages/airflow/example_dags/example_xcom.py
[2026-04-21T06:01:10.699+0000] {logging_mixin.py:188} INFO - [2026-04-21T06:01:10.698+0000] {dag.py:3036} INFO - Sync 1 DAGs
[2026-04-21T06:01:10.725+0000] {logging_mixin.py:188} INFO - [2026-04-21T06:01:10.725+0000] {dag.py:3823} INFO - Setting next_dagrun for example_xcom to 2021-01-01 00:00:00+00:00, run_after=2021-01-01 00:00:00+00:00
[2026-04-21T06:01:10.743+0000] {processor.py:183} INFO - Processing /home/airflow/.local/lib/python3.8/site-packages/airflow/example_dags/example_xcom.py took 0.091 seconds
[2026-04-21T06:01:40.873+0000] {processor.py:161} INFO - Started process (PID=3742328) to work on /home/airflow/.local/lib/python3.8/site-packages/airflow/example_dags/example_xcom.py
[2026-04-21T06:01:40.875+0000] {processor.py:830} INFO - Processing file /home/airflow/.local/lib/python3.8/site-packages/airflow/example_dags/example_xcom.py for tasks to queue
[2026-04-21T06:01:40.878+0000] {logging_mixin.py:188} INFO - [2026-04-21T06:01:40.877+0000] {dagbag.py:538} INFO - Filling up the DagBag from /home/airflow/.local/lib/python3.8/site-packages/airflow/example_dags/example_xcom.py
[2026-04-21T06:01:40.888+0000] {processor.py:840} INFO - DAG(s) 'example_xcom' retrieved from /home/airflow/.local/lib/python3.8/site-packages/airflow/example_dags/example_xcom.py
[2026-04-21T06:01:40.913+0000] {logging_mixin.py:188} INFO - [2026-04-21T06:01:40.913+0000] {dag.py:3036} INFO - Sync 1 DAGs
[2026-04-21T06:01:40.940+0000] {logging_mixin.py:188} INFO - [2026-04-21T06:01:40.940+0000] {dag.py:3823} INFO - Setting next_dagrun for example_xcom to 2021-01-01 00:00:00+00:00, run_after=2021-01-01 00:00:00+00:00
[2026-04-21T06:01:40.959+0000] {processor.py:183} INFO - Processing /home/airflow/.local/lib/python3.8/site-packages/airflow/example_dags/example_xcom.py took 0.090 seconds
[2026-04-21T06:02:11.238+0000] {processor.py:161} INFO - Started process (PID=3742385) to work on /home/airflow/.local/lib/python3.8/site-packages/airflow/example_dags/example_xcom.py
[2026-04-21T06:02:11.240+0000] {processor.py:830} INFO - Processing file /home/airflow/.local/lib/python3.8/site-packages/airflow/example_dags/example_xcom.py for tasks to queue
[2026-04-21T06:02:11.243+0000] {logging_mixin.py:188} INFO - [2026-04-21T06:02:11.242+0000] {dagbag.py:538} INFO - Filling up the DagBag from /home/airflow/.local/lib/python3.8/site-packages/airflow/example_dags/example_xcom.py
[2026-04-21T06:02:11.253+0000] {processor.py:840} INFO - DAG(s) 'example_xcom' retrieved from /home/airflow/.local/lib/python3.8/site-packages/airflow/example_dags/example_xcom.py
[2026-04-21T06:02:11.282+0000] {logging_mixin.py:188} INFO - [2026-04-21T06:02:11.282+0000] {dag.py:3036} INFO - Sync 1 DAGs
[2026-04-21T06:02:11.306+0000] {logging_mixin.py:188} INFO - [2026-04-21T06:02:11.306+0000] {dag.py:3823} INFO - Setting next_dagrun for example_xcom to 2021-01-01 00:00:00+00:00, run_after=2021-01-01 00:00:00+00:00
[2026-04-21T06:02:11.326+0000] {processor.py:183} INFO - Processing /home/airflow/.local/lib/python3.8/site-packages/airflow/example_dags/example_xcom.py took 0.093 seconds
[2026-04-21T06:02:41.872+0000] {processor.py:161} INFO - Started process (PID=3742442) to work on /home/airflow/.local/lib/python3.8/site-packages/airflow/example_dags/example_xcom.py
[2026-04-21T06:02:41.873+0000] {processor.py:830} INFO - Processing file /home/airflow/.local/lib/python3.8/site-packages/airflow/example_dags/example_xcom.py for tasks to queue
[2026-04-21T06:02:41.876+0000] {logging_mixin.py:188} INFO - [2026-04-21T06:02:41.875+0000] {dagbag.py:538} INFO - Filling up the DagBag from /home/airflow/.local/lib/python3.8/site-packages/airflow/example_dags/example_xcom.py
[2026-04-21T06:02:41.894+0000] {processor.py:840} INFO - DAG(s) 'example_xcom' retrieved from /home/airflow/.local/lib/python3.8/site-packages/airflow/example_dags/example_xcom.py
[2026-04-21T06:02:41.920+0000] {logging_mixin.py:188} INFO - [2026-04-21T06:02:41.920+0000] {dag.py:3036} INFO - Sync 1 DAGs
[2026-04-21T06:02:41.943+0000] {logging_mixin.py:188} INFO - [2026-04-21T06:02:41.943+0000] {dag.py:3823} INFO - Setting next_dagrun for example_xcom to 2021-01-01 00:00:00+00:00, run_after=2021-01-01 00:00:00+00:00
[2026-04-21T06:02:41.962+0000] {processor.py:183} INFO - Processing /home/airflow/.local/lib/python3.8/site-packages/airflow/example_dags/example_xcom.py took 0.095 seconds
[2026-04-21T06:03:12.288+0000] {processor.py:161} INFO - Started process (PID=3742499) to work on /home/airflow/.local/lib/python3.8/site-packages/airflow/example_dags/example_xcom.py
[2026-04-21T06:03:12.291+0000] {processor.py:830} INFO - Processing file /home/airflow/.local/lib/python3.8/site-packages/airflow/example_dags/example_xcom.py for tasks to queue
[2026-04-21T06:03:12.293+0000] {logging_mixin.py:188} INFO - [2026-04-21T06:03:12.293+0000] {dagbag.py:538} INFO - Filling up the DagBag from /home/airflow/.local/lib/python3.8/site-packages/airflow/example_dags/example_xcom.py
[2026-04-21T06:03:12.303+0000] {processor.py:840} INFO - DAG(s) 'example_xcom' retrieved from /home/airflow/.local/lib/python3.8/site-packages/airflow/example_dags/example_xcom.py
[2026-04-21T06:03:12.328+0000] {logging_mixin.py:188} INFO - [2026-04-21T06:03:12.328+0000] {dag.py:3036} INFO - Sync 1 DAGs
[2026-04-21T06:03:12.351+0000] {logging_mixin.py:188} INFO - [2026-04-21T06:03:12.351+0000] {dag.py:3823} INFO - Setting next_dagrun for example_xcom to 2021-01-01 00:00:00+00:00, run_after=2021-01-01 00:00:00+00:00
[2026-04-21T06:03:12.371+0000] {processor.py:183} INFO - Processing /home/airflow/.local/lib/python3.8/site-packages/airflow/example_dags/example_xcom.py took 0.088 seconds
[2026-04-21T06:03:42.890+0000] {processor.py:161} INFO - Started process (PID=3742556) to work on /home/airflow/.local/lib/python3.8/site-packages/airflow/example_dags/example_xcom.py
[2026-04-21T06:03:42.892+0000] {processor.py:830} INFO - Processing file /home/airflow/.local/lib/python3.8/site-packages/airflow/example_dags/example_xcom.py for tasks to queue
[2026-04-21T06:03:42.894+0000] {logging_mixin.py:188} INFO - [2026-04-21T06:03:42.894+0000] {dagbag.py:538} INFO - Filling up the DagBag from /home/airflow/.local/lib/python3.8/site-packages/airflow/example_dags/example_xcom.py
[2026-04-21T06:03:42.904+0000] {processor.py:840} INFO - DAG(s) 'example_xcom' retrieved from /home/airflow/.local/lib/python3.8/site-packages/airflow/example_dags/example_xcom.py
[2026-04-21T06:03:42.931+0000] {logging_mixin.py:188} INFO - [2026-04-21T06:03:42.930+0000] {dag.py:3036} INFO - Sync 1 DAGs
[2026-04-21T06:03:42.955+0000] {logging_mixin.py:188} INFO - [2026-04-21T06:03:42.954+0000] {dag.py:3823} INFO - Setting next_dagrun for example_xcom to 2021-01-01 00:00:00+00:00, run_after=2021-01-01 00:00:00+00:00
[2026-04-21T06:03:42.974+0000] {processor.py:183} INFO - Processing /home/airflow/.local/lib/python3.8/site-packages/airflow/example_dags/example_xcom.py took 0.089 seconds
[2026-04-21T06:04:13.196+0000] {processor.py:161} INFO - Started process (PID=3742613) to work on /home/airflow/.local/lib/python3.8/site-packages/airflow/example_dags/example_xcom.py
[2026-04-21T06:04:13.198+0000] {processor.py:830} INFO - Processing file /home/airflow/.local/lib/python3.8/site-packages/airflow/example_dags/example_xcom.py for tasks to queue
[2026-04-21T06:04:13.201+0000] {logging_mixin.py:188} INFO - [2026-04-21T06:04:13.200+0000] {dagbag.py:538} INFO - Filling up the DagBag from /home/airflow/.local/lib/python3.8/site-packages/airflow/example_dags/example_xcom.py
[2026-04-21T06:04:13.211+0000] {processor.py:840} INFO - DAG(s) 'example_xcom' retrieved from /home/airflow/.local/lib/python3.8/site-packages/airflow/example_dags/example_xcom.py
[2026-04-21T06:04:13.238+0000] {logging_mixin.py:188} INFO - [2026-04-21T06:04:13.238+0000] {dag.py:3036} INFO - Sync 1 DAGs
[2026-04-21T06:04:13.262+0000] {logging_mixin.py:188} INFO - [2026-04-21T06:04:13.262+0000] {dag.py:3823} INFO - Setting next_dagrun for example_xcom to 2021-01-01 00:00:00+00:00, run_after=2021-01-01 00:00:00+00:00
[2026-04-21T06:04:13.283+0000] {processor.py:183} INFO - Processing /home/airflow/.local/lib/python3.8/site-packages/airflow/example_dags/example_xcom.py took 0.092 seconds
[2026-04-21T06:04:43.566+0000] {processor.py:161} INFO - Started process (PID=3742670) to work on /home/airflow/.local/lib/python3.8/site-packages/airflow/example_dags/example_xcom.py
[2026-04-21T06:04:43.568+0000] {processor.py:830} INFO - Processing file /home/airflow/.local/lib/python3.8/site-packages/airflow/example_dags/example_xcom.py for tasks to queue
[2026-04-21T06:04:43.571+0000] {logging_mixin.py:188} INFO - [2026-04-21T06:04:43.570+0000] {dagbag.py:538} INFO - Filling up the DagBag from /home/airflow/.local/lib/python3.8/site-packages/airflow/example_dags/example_xcom.py
[2026-04-21T06:04:43.584+0000] {processor.py:840} INFO - DAG(s) 'example_xcom' retrieved from /home/airflow/.local/lib/python3.8/site-packages/airflow/example_dags/example_xcom.py
[2026-04-21T06:04:43.611+0000] {logging_mixin.py:188} INFO - [2026-04-21T06:04:43.611+0000] {dag.py:3036} INFO - Sync 1 DAGs
[2026-04-21T06:04:43.634+0000] {logging_mixin.py:188} INFO - [2026-04-21T06:04:43.634+0000] {dag.py:3823} INFO - Setting next_dagrun for example_xcom to 2021-01-01 00:00:00+00:00, run_after=2021-01-01 00:00:00+00:00
[2026-04-21T06:04:43.653+0000] {processor.py:183} INFO - Processing /home/airflow/.local/lib/python3.8/site-packages/airflow/example_dags/example_xcom.py took 0.093 seconds
