[2026-04-21T00:00:20.715+0000] {processor.py:161} INFO - Started process (PID=3701642) to work on /home/airflow/.local/lib/python3.8/site-packages/airflow/example_dags/example_time_delta_sensor_async.py
[2026-04-21T00:00:20.716+0000] {processor.py:830} INFO - Processing file /home/airflow/.local/lib/python3.8/site-packages/airflow/example_dags/example_time_delta_sensor_async.py for tasks to queue
[2026-04-21T00:00:20.719+0000] {logging_mixin.py:188} INFO - [2026-04-21T00:00:20.718+0000] {dagbag.py:538} INFO - Filling up the DagBag from /home/airflow/.local/lib/python3.8/site-packages/airflow/example_dags/example_time_delta_sensor_async.py
[2026-04-21T00:00:20.725+0000] {processor.py:840} INFO - DAG(s) 'example_time_delta_sensor_async' retrieved from /home/airflow/.local/lib/python3.8/site-packages/airflow/example_dags/example_time_delta_sensor_async.py
[2026-04-21T00:00:20.748+0000] {logging_mixin.py:188} INFO - [2026-04-21T00:00:20.748+0000] {dag.py:3036} INFO - Sync 1 DAGs
[2026-04-21T00:00:20.762+0000] {logging_mixin.py:188} INFO - [2026-04-21T00:00:20.762+0000] {dag.py:3823} INFO - Setting next_dagrun for example_time_delta_sensor_async to None, run_after=None
[2026-04-21T00:00:20.781+0000] {processor.py:183} INFO - Processing /home/airflow/.local/lib/python3.8/site-packages/airflow/example_dags/example_time_delta_sensor_async.py took 0.071 seconds
[2026-04-21T00:00:51.652+0000] {processor.py:161} INFO - Started process (PID=3701699) to work on /home/airflow/.local/lib/python3.8/site-packages/airflow/example_dags/example_time_delta_sensor_async.py
[2026-04-21T00:00:51.653+0000] {processor.py:830} INFO - Processing file /home/airflow/.local/lib/python3.8/site-packages/airflow/example_dags/example_time_delta_sensor_async.py for tasks to queue
[2026-04-21T00:00:51.655+0000] {logging_mixin.py:188} INFO - [2026-04-21T00:00:51.655+0000] {dagbag.py:538} INFO - Filling up the DagBag from /home/airflow/.local/lib/python3.8/site-packages/airflow/example_dags/example_time_delta_sensor_async.py
[2026-04-21T00:00:51.662+0000] {processor.py:840} INFO - DAG(s) 'example_time_delta_sensor_async' retrieved from /home/airflow/.local/lib/python3.8/site-packages/airflow/example_dags/example_time_delta_sensor_async.py
[2026-04-21T00:00:51.686+0000] {logging_mixin.py:188} INFO - [2026-04-21T00:00:51.686+0000] {dag.py:3036} INFO - Sync 1 DAGs
[2026-04-21T00:00:51.700+0000] {logging_mixin.py:188} INFO - [2026-04-21T00:00:51.700+0000] {dag.py:3823} INFO - Setting next_dagrun for example_time_delta_sensor_async to None, run_after=None
[2026-04-21T00:00:51.718+0000] {processor.py:183} INFO - Processing /home/airflow/.local/lib/python3.8/site-packages/airflow/example_dags/example_time_delta_sensor_async.py took 0.071 seconds
[2026-04-21T00:01:21.851+0000] {processor.py:161} INFO - Started process (PID=3701756) to work on /home/airflow/.local/lib/python3.8/site-packages/airflow/example_dags/example_time_delta_sensor_async.py
[2026-04-21T00:01:21.853+0000] {processor.py:830} INFO - Processing file /home/airflow/.local/lib/python3.8/site-packages/airflow/example_dags/example_time_delta_sensor_async.py for tasks to queue
[2026-04-21T00:01:21.855+0000] {logging_mixin.py:188} INFO - [2026-04-21T00:01:21.855+0000] {dagbag.py:538} INFO - Filling up the DagBag from /home/airflow/.local/lib/python3.8/site-packages/airflow/example_dags/example_time_delta_sensor_async.py
[2026-04-21T00:01:21.862+0000] {processor.py:840} INFO - DAG(s) 'example_time_delta_sensor_async' retrieved from /home/airflow/.local/lib/python3.8/site-packages/airflow/example_dags/example_time_delta_sensor_async.py
[2026-04-21T00:01:21.888+0000] {logging_mixin.py:188} INFO - [2026-04-21T00:01:21.887+0000] {dag.py:3036} INFO - Sync 1 DAGs
[2026-04-21T00:01:21.902+0000] {logging_mixin.py:188} INFO - [2026-04-21T00:01:21.902+0000] {dag.py:3823} INFO - Setting next_dagrun for example_time_delta_sensor_async to None, run_after=None
[2026-04-21T00:01:21.923+0000] {processor.py:183} INFO - Processing /home/airflow/.local/lib/python3.8/site-packages/airflow/example_dags/example_time_delta_sensor_async.py took 0.077 seconds
[2026-04-21T00:01:52.300+0000] {processor.py:161} INFO - Started process (PID=3701813) to work on /home/airflow/.local/lib/python3.8/site-packages/airflow/example_dags/example_time_delta_sensor_async.py
[2026-04-21T00:01:52.301+0000] {processor.py:830} INFO - Processing file /home/airflow/.local/lib/python3.8/site-packages/airflow/example_dags/example_time_delta_sensor_async.py for tasks to queue
[2026-04-21T00:01:52.304+0000] {logging_mixin.py:188} INFO - [2026-04-21T00:01:52.303+0000] {dagbag.py:538} INFO - Filling up the DagBag from /home/airflow/.local/lib/python3.8/site-packages/airflow/example_dags/example_time_delta_sensor_async.py
[2026-04-21T00:01:52.310+0000] {processor.py:840} INFO - DAG(s) 'example_time_delta_sensor_async' retrieved from /home/airflow/.local/lib/python3.8/site-packages/airflow/example_dags/example_time_delta_sensor_async.py
[2026-04-21T00:01:52.335+0000] {logging_mixin.py:188} INFO - [2026-04-21T00:01:52.334+0000] {dag.py:3036} INFO - Sync 1 DAGs
[2026-04-21T00:01:52.348+0000] {logging_mixin.py:188} INFO - [2026-04-21T00:01:52.348+0000] {dag.py:3823} INFO - Setting next_dagrun for example_time_delta_sensor_async to None, run_after=None
[2026-04-21T00:01:52.367+0000] {processor.py:183} INFO - Processing /home/airflow/.local/lib/python3.8/site-packages/airflow/example_dags/example_time_delta_sensor_async.py took 0.071 seconds
[2026-04-21T00:02:22.465+0000] {processor.py:161} INFO - Started process (PID=3701870) to work on /home/airflow/.local/lib/python3.8/site-packages/airflow/example_dags/example_time_delta_sensor_async.py
[2026-04-21T00:02:22.467+0000] {processor.py:830} INFO - Processing file /home/airflow/.local/lib/python3.8/site-packages/airflow/example_dags/example_time_delta_sensor_async.py for tasks to queue
[2026-04-21T00:02:22.470+0000] {logging_mixin.py:188} INFO - [2026-04-21T00:02:22.469+0000] {dagbag.py:538} INFO - Filling up the DagBag from /home/airflow/.local/lib/python3.8/site-packages/airflow/example_dags/example_time_delta_sensor_async.py
[2026-04-21T00:02:22.476+0000] {processor.py:840} INFO - DAG(s) 'example_time_delta_sensor_async' retrieved from /home/airflow/.local/lib/python3.8/site-packages/airflow/example_dags/example_time_delta_sensor_async.py
[2026-04-21T00:02:22.500+0000] {logging_mixin.py:188} INFO - [2026-04-21T00:02:22.500+0000] {dag.py:3036} INFO - Sync 1 DAGs
[2026-04-21T00:02:22.514+0000] {logging_mixin.py:188} INFO - [2026-04-21T00:02:22.513+0000] {dag.py:3823} INFO - Setting next_dagrun for example_time_delta_sensor_async to None, run_after=None
[2026-04-21T00:02:22.532+0000] {processor.py:183} INFO - Processing /home/airflow/.local/lib/python3.8/site-packages/airflow/example_dags/example_time_delta_sensor_async.py took 0.071 seconds
[2026-04-21T00:02:53.033+0000] {processor.py:161} INFO - Started process (PID=3701927) to work on /home/airflow/.local/lib/python3.8/site-packages/airflow/example_dags/example_time_delta_sensor_async.py
[2026-04-21T00:02:53.035+0000] {processor.py:830} INFO - Processing file /home/airflow/.local/lib/python3.8/site-packages/airflow/example_dags/example_time_delta_sensor_async.py for tasks to queue
[2026-04-21T00:02:53.037+0000] {logging_mixin.py:188} INFO - [2026-04-21T00:02:53.037+0000] {dagbag.py:538} INFO - Filling up the DagBag from /home/airflow/.local/lib/python3.8/site-packages/airflow/example_dags/example_time_delta_sensor_async.py
[2026-04-21T00:02:53.044+0000] {processor.py:840} INFO - DAG(s) 'example_time_delta_sensor_async' retrieved from /home/airflow/.local/lib/python3.8/site-packages/airflow/example_dags/example_time_delta_sensor_async.py
[2026-04-21T00:02:53.069+0000] {logging_mixin.py:188} INFO - [2026-04-21T00:02:53.068+0000] {dag.py:3036} INFO - Sync 1 DAGs
[2026-04-21T00:02:53.084+0000] {logging_mixin.py:188} INFO - [2026-04-21T00:02:53.084+0000] {dag.py:3823} INFO - Setting next_dagrun for example_time_delta_sensor_async to None, run_after=None
[2026-04-21T00:02:53.104+0000] {processor.py:183} INFO - Processing /home/airflow/.local/lib/python3.8/site-packages/airflow/example_dags/example_time_delta_sensor_async.py took 0.076 seconds
[2026-04-21T00:03:23.420+0000] {processor.py:161} INFO - Started process (PID=3701984) to work on /home/airflow/.local/lib/python3.8/site-packages/airflow/example_dags/example_time_delta_sensor_async.py
[2026-04-21T00:03:23.421+0000] {processor.py:830} INFO - Processing file /home/airflow/.local/lib/python3.8/site-packages/airflow/example_dags/example_time_delta_sensor_async.py for tasks to queue
[2026-04-21T00:03:23.423+0000] {logging_mixin.py:188} INFO - [2026-04-21T00:03:23.423+0000] {dagbag.py:538} INFO - Filling up the DagBag from /home/airflow/.local/lib/python3.8/site-packages/airflow/example_dags/example_time_delta_sensor_async.py
[2026-04-21T00:03:23.430+0000] {processor.py:840} INFO - DAG(s) 'example_time_delta_sensor_async' retrieved from /home/airflow/.local/lib/python3.8/site-packages/airflow/example_dags/example_time_delta_sensor_async.py
[2026-04-21T00:03:23.454+0000] {logging_mixin.py:188} INFO - [2026-04-21T00:03:23.454+0000] {dag.py:3036} INFO - Sync 1 DAGs
[2026-04-21T00:03:23.468+0000] {logging_mixin.py:188} INFO - [2026-04-21T00:03:23.468+0000] {dag.py:3823} INFO - Setting next_dagrun for example_time_delta_sensor_async to None, run_after=None
[2026-04-21T00:03:23.487+0000] {processor.py:183} INFO - Processing /home/airflow/.local/lib/python3.8/site-packages/airflow/example_dags/example_time_delta_sensor_async.py took 0.072 seconds
[2026-04-21T00:03:53.611+0000] {processor.py:161} INFO - Started process (PID=3702041) to work on /home/airflow/.local/lib/python3.8/site-packages/airflow/example_dags/example_time_delta_sensor_async.py
[2026-04-21T00:03:53.613+0000] {processor.py:830} INFO - Processing file /home/airflow/.local/lib/python3.8/site-packages/airflow/example_dags/example_time_delta_sensor_async.py for tasks to queue
[2026-04-21T00:03:53.615+0000] {logging_mixin.py:188} INFO - [2026-04-21T00:03:53.615+0000] {dagbag.py:538} INFO - Filling up the DagBag from /home/airflow/.local/lib/python3.8/site-packages/airflow/example_dags/example_time_delta_sensor_async.py
[2026-04-21T00:03:53.622+0000] {processor.py:840} INFO - DAG(s) 'example_time_delta_sensor_async' retrieved from /home/airflow/.local/lib/python3.8/site-packages/airflow/example_dags/example_time_delta_sensor_async.py
[2026-04-21T00:03:53.645+0000] {logging_mixin.py:188} INFO - [2026-04-21T00:03:53.645+0000] {dag.py:3036} INFO - Sync 1 DAGs
[2026-04-21T00:03:53.659+0000] {logging_mixin.py:188} INFO - [2026-04-21T00:03:53.659+0000] {dag.py:3823} INFO - Setting next_dagrun for example_time_delta_sensor_async to None, run_after=None
[2026-04-21T00:03:53.678+0000] {processor.py:183} INFO - Processing /home/airflow/.local/lib/python3.8/site-packages/airflow/example_dags/example_time_delta_sensor_async.py took 0.071 seconds
[2026-04-21T00:04:23.854+0000] {processor.py:161} INFO - Started process (PID=3702098) to work on /home/airflow/.local/lib/python3.8/site-packages/airflow/example_dags/example_time_delta_sensor_async.py
[2026-04-21T00:04:23.856+0000] {processor.py:830} INFO - Processing file /home/airflow/.local/lib/python3.8/site-packages/airflow/example_dags/example_time_delta_sensor_async.py for tasks to queue
[2026-04-21T00:04:23.858+0000] {logging_mixin.py:188} INFO - [2026-04-21T00:04:23.858+0000] {dagbag.py:538} INFO - Filling up the DagBag from /home/airflow/.local/lib/python3.8/site-packages/airflow/example_dags/example_time_delta_sensor_async.py
[2026-04-21T00:04:23.864+0000] {processor.py:840} INFO - DAG(s) 'example_time_delta_sensor_async' retrieved from /home/airflow/.local/lib/python3.8/site-packages/airflow/example_dags/example_time_delta_sensor_async.py
[2026-04-21T00:04:23.889+0000] {logging_mixin.py:188} INFO - [2026-04-21T00:04:23.888+0000] {dag.py:3036} INFO - Sync 1 DAGs
[2026-04-21T00:04:23.903+0000] {logging_mixin.py:188} INFO - [2026-04-21T00:04:23.903+0000] {dag.py:3823} INFO - Setting next_dagrun for example_time_delta_sensor_async to None, run_after=None
[2026-04-21T00:04:23.921+0000] {processor.py:183} INFO - Processing /home/airflow/.local/lib/python3.8/site-packages/airflow/example_dags/example_time_delta_sensor_async.py took 0.072 seconds
[2026-04-21T00:04:54.731+0000] {processor.py:161} INFO - Started process (PID=3702156) to work on /home/airflow/.local/lib/python3.8/site-packages/airflow/example_dags/example_time_delta_sensor_async.py
[2026-04-21T00:04:54.732+0000] {processor.py:830} INFO - Processing file /home/airflow/.local/lib/python3.8/site-packages/airflow/example_dags/example_time_delta_sensor_async.py for tasks to queue
[2026-04-21T00:04:54.734+0000] {logging_mixin.py:188} INFO - [2026-04-21T00:04:54.734+0000] {dagbag.py:538} INFO - Filling up the DagBag from /home/airflow/.local/lib/python3.8/site-packages/airflow/example_dags/example_time_delta_sensor_async.py
[2026-04-21T00:04:54.740+0000] {processor.py:840} INFO - DAG(s) 'example_time_delta_sensor_async' retrieved from /home/airflow/.local/lib/python3.8/site-packages/airflow/example_dags/example_time_delta_sensor_async.py
[2026-04-21T00:04:54.763+0000] {logging_mixin.py:188} INFO - [2026-04-21T00:04:54.763+0000] {dag.py:3036} INFO - Sync 1 DAGs
[2026-04-21T00:04:54.778+0000] {logging_mixin.py:188} INFO - [2026-04-21T00:04:54.777+0000] {dag.py:3823} INFO - Setting next_dagrun for example_time_delta_sensor_async to None, run_after=None
[2026-04-21T00:04:54.796+0000] {processor.py:183} INFO - Processing /home/airflow/.local/lib/python3.8/site-packages/airflow/example_dags/example_time_delta_sensor_async.py took 0.070 seconds
[2026-04-21T00:05:25.428+0000] {processor.py:161} INFO - Started process (PID=3702213) to work on /home/airflow/.local/lib/python3.8/site-packages/airflow/example_dags/example_time_delta_sensor_async.py
[2026-04-21T00:05:25.430+0000] {processor.py:830} INFO - Processing file /home/airflow/.local/lib/python3.8/site-packages/airflow/example_dags/example_time_delta_sensor_async.py for tasks to queue
[2026-04-21T00:05:25.432+0000] {logging_mixin.py:188} INFO - [2026-04-21T00:05:25.432+0000] {dagbag.py:538} INFO - Filling up the DagBag from /home/airflow/.local/lib/python3.8/site-packages/airflow/example_dags/example_time_delta_sensor_async.py
[2026-04-21T00:05:25.439+0000] {processor.py:840} INFO - DAG(s) 'example_time_delta_sensor_async' retrieved from /home/airflow/.local/lib/python3.8/site-packages/airflow/example_dags/example_time_delta_sensor_async.py
[2026-04-21T00:05:25.464+0000] {logging_mixin.py:188} INFO - [2026-04-21T00:05:25.463+0000] {dag.py:3036} INFO - Sync 1 DAGs
[2026-04-21T00:05:25.478+0000] {logging_mixin.py:188} INFO - [2026-04-21T00:05:25.478+0000] {dag.py:3823} INFO - Setting next_dagrun for example_time_delta_sensor_async to None, run_after=None
[2026-04-21T00:05:25.497+0000] {processor.py:183} INFO - Processing /home/airflow/.local/lib/python3.8/site-packages/airflow/example_dags/example_time_delta_sensor_async.py took 0.074 seconds
[2026-04-21T00:05:56.179+0000] {processor.py:161} INFO - Started process (PID=3702270) to work on /home/airflow/.local/lib/python3.8/site-packages/airflow/example_dags/example_time_delta_sensor_async.py
[2026-04-21T00:05:56.180+0000] {processor.py:830} INFO - Processing file /home/airflow/.local/lib/python3.8/site-packages/airflow/example_dags/example_time_delta_sensor_async.py for tasks to queue
[2026-04-21T00:05:56.183+0000] {logging_mixin.py:188} INFO - [2026-04-21T00:05:56.182+0000] {dagbag.py:538} INFO - Filling up the DagBag from /home/airflow/.local/lib/python3.8/site-packages/airflow/example_dags/example_time_delta_sensor_async.py
[2026-04-21T00:05:56.190+0000] {processor.py:840} INFO - DAG(s) 'example_time_delta_sensor_async' retrieved from /home/airflow/.local/lib/python3.8/site-packages/airflow/example_dags/example_time_delta_sensor_async.py
[2026-04-21T00:05:56.216+0000] {logging_mixin.py:188} INFO - [2026-04-21T00:05:56.216+0000] {dag.py:3036} INFO - Sync 1 DAGs
[2026-04-21T00:05:56.231+0000] {logging_mixin.py:188} INFO - [2026-04-21T00:05:56.231+0000] {dag.py:3823} INFO - Setting next_dagrun for example_time_delta_sensor_async to None, run_after=None
[2026-04-21T00:05:56.252+0000] {processor.py:183} INFO - Processing /home/airflow/.local/lib/python3.8/site-packages/airflow/example_dags/example_time_delta_sensor_async.py took 0.078 seconds
[2026-04-21T00:06:27.002+0000] {processor.py:161} INFO - Started process (PID=3702327) to work on /home/airflow/.local/lib/python3.8/site-packages/airflow/example_dags/example_time_delta_sensor_async.py
[2026-04-21T00:06:27.004+0000] {processor.py:830} INFO - Processing file /home/airflow/.local/lib/python3.8/site-packages/airflow/example_dags/example_time_delta_sensor_async.py for tasks to queue
[2026-04-21T00:06:27.006+0000] {logging_mixin.py:188} INFO - [2026-04-21T00:06:27.006+0000] {dagbag.py:538} INFO - Filling up the DagBag from /home/airflow/.local/lib/python3.8/site-packages/airflow/example_dags/example_time_delta_sensor_async.py
[2026-04-21T00:06:27.012+0000] {processor.py:840} INFO - DAG(s) 'example_time_delta_sensor_async' retrieved from /home/airflow/.local/lib/python3.8/site-packages/airflow/example_dags/example_time_delta_sensor_async.py
[2026-04-21T00:06:27.036+0000] {logging_mixin.py:188} INFO - [2026-04-21T00:06:27.036+0000] {dag.py:3036} INFO - Sync 1 DAGs
[2026-04-21T00:06:27.051+0000] {logging_mixin.py:188} INFO - [2026-04-21T00:06:27.050+0000] {dag.py:3823} INFO - Setting next_dagrun for example_time_delta_sensor_async to None, run_after=None
[2026-04-21T00:06:27.069+0000] {processor.py:183} INFO - Processing /home/airflow/.local/lib/python3.8/site-packages/airflow/example_dags/example_time_delta_sensor_async.py took 0.072 seconds
[2026-04-21T00:06:57.567+0000] {processor.py:161} INFO - Started process (PID=3702384) to work on /home/airflow/.local/lib/python3.8/site-packages/airflow/example_dags/example_time_delta_sensor_async.py
[2026-04-21T00:06:57.568+0000] {processor.py:830} INFO - Processing file /home/airflow/.local/lib/python3.8/site-packages/airflow/example_dags/example_time_delta_sensor_async.py for tasks to queue
[2026-04-21T00:06:57.570+0000] {logging_mixin.py:188} INFO - [2026-04-21T00:06:57.570+0000] {dagbag.py:538} INFO - Filling up the DagBag from /home/airflow/.local/lib/python3.8/site-packages/airflow/example_dags/example_time_delta_sensor_async.py
[2026-04-21T00:06:57.577+0000] {processor.py:840} INFO - DAG(s) 'example_time_delta_sensor_async' retrieved from /home/airflow/.local/lib/python3.8/site-packages/airflow/example_dags/example_time_delta_sensor_async.py
[2026-04-21T00:06:57.601+0000] {logging_mixin.py:188} INFO - [2026-04-21T00:06:57.601+0000] {dag.py:3036} INFO - Sync 1 DAGs
[2026-04-21T00:06:57.616+0000] {logging_mixin.py:188} INFO - [2026-04-21T00:06:57.616+0000] {dag.py:3823} INFO - Setting next_dagrun for example_time_delta_sensor_async to None, run_after=None
[2026-04-21T00:06:57.637+0000] {processor.py:183} INFO - Processing /home/airflow/.local/lib/python3.8/site-packages/airflow/example_dags/example_time_delta_sensor_async.py took 0.075 seconds
[2026-04-21T00:07:27.876+0000] {processor.py:161} INFO - Started process (PID=3702447) to work on /home/airflow/.local/lib/python3.8/site-packages/airflow/example_dags/example_time_delta_sensor_async.py
[2026-04-21T00:07:27.878+0000] {processor.py:830} INFO - Processing file /home/airflow/.local/lib/python3.8/site-packages/airflow/example_dags/example_time_delta_sensor_async.py for tasks to queue
[2026-04-21T00:07:27.881+0000] {logging_mixin.py:188} INFO - [2026-04-21T00:07:27.880+0000] {dagbag.py:538} INFO - Filling up the DagBag from /home/airflow/.local/lib/python3.8/site-packages/airflow/example_dags/example_time_delta_sensor_async.py
[2026-04-21T00:07:27.888+0000] {processor.py:840} INFO - DAG(s) 'example_time_delta_sensor_async' retrieved from /home/airflow/.local/lib/python3.8/site-packages/airflow/example_dags/example_time_delta_sensor_async.py
[2026-04-21T00:07:27.914+0000] {logging_mixin.py:188} INFO - [2026-04-21T00:07:27.914+0000] {dag.py:3036} INFO - Sync 1 DAGs
[2026-04-21T00:07:27.929+0000] {logging_mixin.py:188} INFO - [2026-04-21T00:07:27.928+0000] {dag.py:3823} INFO - Setting next_dagrun for example_time_delta_sensor_async to None, run_after=None
[2026-04-21T00:07:27.952+0000] {processor.py:183} INFO - Processing /home/airflow/.local/lib/python3.8/site-packages/airflow/example_dags/example_time_delta_sensor_async.py took 0.081 seconds
[2026-04-21T00:07:58.120+0000] {processor.py:161} INFO - Started process (PID=3702504) to work on /home/airflow/.local/lib/python3.8/site-packages/airflow/example_dags/example_time_delta_sensor_async.py
[2026-04-21T00:07:58.121+0000] {processor.py:830} INFO - Processing file /home/airflow/.local/lib/python3.8/site-packages/airflow/example_dags/example_time_delta_sensor_async.py for tasks to queue
[2026-04-21T00:07:58.124+0000] {logging_mixin.py:188} INFO - [2026-04-21T00:07:58.123+0000] {dagbag.py:538} INFO - Filling up the DagBag from /home/airflow/.local/lib/python3.8/site-packages/airflow/example_dags/example_time_delta_sensor_async.py
[2026-04-21T00:07:58.130+0000] {processor.py:840} INFO - DAG(s) 'example_time_delta_sensor_async' retrieved from /home/airflow/.local/lib/python3.8/site-packages/airflow/example_dags/example_time_delta_sensor_async.py
[2026-04-21T00:07:58.155+0000] {logging_mixin.py:188} INFO - [2026-04-21T00:07:58.155+0000] {dag.py:3036} INFO - Sync 1 DAGs
[2026-04-21T00:07:58.169+0000] {logging_mixin.py:188} INFO - [2026-04-21T00:07:58.169+0000] {dag.py:3823} INFO - Setting next_dagrun for example_time_delta_sensor_async to None, run_after=None
[2026-04-21T00:07:58.189+0000] {processor.py:183} INFO - Processing /home/airflow/.local/lib/python3.8/site-packages/airflow/example_dags/example_time_delta_sensor_async.py took 0.074 seconds
[2026-04-21T00:08:28.406+0000] {processor.py:161} INFO - Started process (PID=3702561) to work on /home/airflow/.local/lib/python3.8/site-packages/airflow/example_dags/example_time_delta_sensor_async.py
[2026-04-21T00:08:28.408+0000] {processor.py:830} INFO - Processing file /home/airflow/.local/lib/python3.8/site-packages/airflow/example_dags/example_time_delta_sensor_async.py for tasks to queue
[2026-04-21T00:08:28.410+0000] {logging_mixin.py:188} INFO - [2026-04-21T00:08:28.410+0000] {dagbag.py:538} INFO - Filling up the DagBag from /home/airflow/.local/lib/python3.8/site-packages/airflow/example_dags/example_time_delta_sensor_async.py
[2026-04-21T00:08:28.417+0000] {processor.py:840} INFO - DAG(s) 'example_time_delta_sensor_async' retrieved from /home/airflow/.local/lib/python3.8/site-packages/airflow/example_dags/example_time_delta_sensor_async.py
[2026-04-21T00:08:28.442+0000] {logging_mixin.py:188} INFO - [2026-04-21T00:08:28.441+0000] {dag.py:3036} INFO - Sync 1 DAGs
[2026-04-21T00:08:28.456+0000] {logging_mixin.py:188} INFO - [2026-04-21T00:08:28.456+0000] {dag.py:3823} INFO - Setting next_dagrun for example_time_delta_sensor_async to None, run_after=None
[2026-04-21T00:08:28.475+0000] {processor.py:183} INFO - Processing /home/airflow/.local/lib/python3.8/site-packages/airflow/example_dags/example_time_delta_sensor_async.py took 0.074 seconds
[2026-04-21T00:08:58.771+0000] {processor.py:161} INFO - Started process (PID=3702618) to work on /home/airflow/.local/lib/python3.8/site-packages/airflow/example_dags/example_time_delta_sensor_async.py
[2026-04-21T00:08:58.773+0000] {processor.py:830} INFO - Processing file /home/airflow/.local/lib/python3.8/site-packages/airflow/example_dags/example_time_delta_sensor_async.py for tasks to queue
[2026-04-21T00:08:58.775+0000] {logging_mixin.py:188} INFO - [2026-04-21T00:08:58.775+0000] {dagbag.py:538} INFO - Filling up the DagBag from /home/airflow/.local/lib/python3.8/site-packages/airflow/example_dags/example_time_delta_sensor_async.py
[2026-04-21T00:08:58.781+0000] {processor.py:840} INFO - DAG(s) 'example_time_delta_sensor_async' retrieved from /home/airflow/.local/lib/python3.8/site-packages/airflow/example_dags/example_time_delta_sensor_async.py
[2026-04-21T00:08:58.805+0000] {logging_mixin.py:188} INFO - [2026-04-21T00:08:58.804+0000] {dag.py:3036} INFO - Sync 1 DAGs
[2026-04-21T00:08:58.819+0000] {logging_mixin.py:188} INFO - [2026-04-21T00:08:58.819+0000] {dag.py:3823} INFO - Setting next_dagrun for example_time_delta_sensor_async to None, run_after=None
[2026-04-21T00:08:58.837+0000] {processor.py:183} INFO - Processing /home/airflow/.local/lib/python3.8/site-packages/airflow/example_dags/example_time_delta_sensor_async.py took 0.071 seconds
[2026-04-21T00:09:29.589+0000] {processor.py:161} INFO - Started process (PID=3702675) to work on /home/airflow/.local/lib/python3.8/site-packages/airflow/example_dags/example_time_delta_sensor_async.py
[2026-04-21T00:09:29.591+0000] {processor.py:830} INFO - Processing file /home/airflow/.local/lib/python3.8/site-packages/airflow/example_dags/example_time_delta_sensor_async.py for tasks to queue
[2026-04-21T00:09:29.593+0000] {logging_mixin.py:188} INFO - [2026-04-21T00:09:29.593+0000] {dagbag.py:538} INFO - Filling up the DagBag from /home/airflow/.local/lib/python3.8/site-packages/airflow/example_dags/example_time_delta_sensor_async.py
[2026-04-21T00:09:29.599+0000] {processor.py:840} INFO - DAG(s) 'example_time_delta_sensor_async' retrieved from /home/airflow/.local/lib/python3.8/site-packages/airflow/example_dags/example_time_delta_sensor_async.py
[2026-04-21T00:09:29.623+0000] {logging_mixin.py:188} INFO - [2026-04-21T00:09:29.623+0000] {dag.py:3036} INFO - Sync 1 DAGs
[2026-04-21T00:09:29.638+0000] {logging_mixin.py:188} INFO - [2026-04-21T00:09:29.638+0000] {dag.py:3823} INFO - Setting next_dagrun for example_time_delta_sensor_async to None, run_after=None
[2026-04-21T00:09:29.658+0000] {processor.py:183} INFO - Processing /home/airflow/.local/lib/python3.8/site-packages/airflow/example_dags/example_time_delta_sensor_async.py took 0.074 seconds
[2026-04-21T00:10:00.435+0000] {processor.py:161} INFO - Started process (PID=3702732) to work on /home/airflow/.local/lib/python3.8/site-packages/airflow/example_dags/example_time_delta_sensor_async.py
[2026-04-21T00:10:00.437+0000] {processor.py:830} INFO - Processing file /home/airflow/.local/lib/python3.8/site-packages/airflow/example_dags/example_time_delta_sensor_async.py for tasks to queue
[2026-04-21T00:10:00.440+0000] {logging_mixin.py:188} INFO - [2026-04-21T00:10:00.440+0000] {dagbag.py:538} INFO - Filling up the DagBag from /home/airflow/.local/lib/python3.8/site-packages/airflow/example_dags/example_time_delta_sensor_async.py
[2026-04-21T00:10:00.449+0000] {processor.py:840} INFO - DAG(s) 'example_time_delta_sensor_async' retrieved from /home/airflow/.local/lib/python3.8/site-packages/airflow/example_dags/example_time_delta_sensor_async.py
[2026-04-21T00:10:00.477+0000] {logging_mixin.py:188} INFO - [2026-04-21T00:10:00.476+0000] {dag.py:3036} INFO - Sync 1 DAGs
[2026-04-21T00:10:00.491+0000] {logging_mixin.py:188} INFO - [2026-04-21T00:10:00.491+0000] {dag.py:3823} INFO - Setting next_dagrun for example_time_delta_sensor_async to None, run_after=None
[2026-04-21T00:10:00.511+0000] {processor.py:183} INFO - Processing /home/airflow/.local/lib/python3.8/site-packages/airflow/example_dags/example_time_delta_sensor_async.py took 0.081 seconds
[2026-04-21T00:10:31.077+0000] {processor.py:161} INFO - Started process (PID=3702789) to work on /home/airflow/.local/lib/python3.8/site-packages/airflow/example_dags/example_time_delta_sensor_async.py
[2026-04-21T00:10:31.079+0000] {processor.py:830} INFO - Processing file /home/airflow/.local/lib/python3.8/site-packages/airflow/example_dags/example_time_delta_sensor_async.py for tasks to queue
[2026-04-21T00:10:31.082+0000] {logging_mixin.py:188} INFO - [2026-04-21T00:10:31.081+0000] {dagbag.py:538} INFO - Filling up the DagBag from /home/airflow/.local/lib/python3.8/site-packages/airflow/example_dags/example_time_delta_sensor_async.py
[2026-04-21T00:10:31.088+0000] {processor.py:840} INFO - DAG(s) 'example_time_delta_sensor_async' retrieved from /home/airflow/.local/lib/python3.8/site-packages/airflow/example_dags/example_time_delta_sensor_async.py
[2026-04-21T00:10:31.111+0000] {logging_mixin.py:188} INFO - [2026-04-21T00:10:31.111+0000] {dag.py:3036} INFO - Sync 1 DAGs
[2026-04-21T00:10:31.125+0000] {logging_mixin.py:188} INFO - [2026-04-21T00:10:31.125+0000] {dag.py:3823} INFO - Setting next_dagrun for example_time_delta_sensor_async to None, run_after=None
[2026-04-21T00:10:31.143+0000] {processor.py:183} INFO - Processing /home/airflow/.local/lib/python3.8/site-packages/airflow/example_dags/example_time_delta_sensor_async.py took 0.071 seconds
[2026-04-21T00:11:01.785+0000] {processor.py:161} INFO - Started process (PID=3702846) to work on /home/airflow/.local/lib/python3.8/site-packages/airflow/example_dags/example_time_delta_sensor_async.py
[2026-04-21T00:11:01.787+0000] {processor.py:830} INFO - Processing file /home/airflow/.local/lib/python3.8/site-packages/airflow/example_dags/example_time_delta_sensor_async.py for tasks to queue
[2026-04-21T00:11:01.790+0000] {logging_mixin.py:188} INFO - [2026-04-21T00:11:01.789+0000] {dagbag.py:538} INFO - Filling up the DagBag from /home/airflow/.local/lib/python3.8/site-packages/airflow/example_dags/example_time_delta_sensor_async.py
[2026-04-21T00:11:01.796+0000] {processor.py:840} INFO - DAG(s) 'example_time_delta_sensor_async' retrieved from /home/airflow/.local/lib/python3.8/site-packages/airflow/example_dags/example_time_delta_sensor_async.py
[2026-04-21T00:11:01.820+0000] {logging_mixin.py:188} INFO - [2026-04-21T00:11:01.820+0000] {dag.py:3036} INFO - Sync 1 DAGs
[2026-04-21T00:11:01.835+0000] {logging_mixin.py:188} INFO - [2026-04-21T00:11:01.835+0000] {dag.py:3823} INFO - Setting next_dagrun for example_time_delta_sensor_async to None, run_after=None
[2026-04-21T00:11:01.854+0000] {processor.py:183} INFO - Processing /home/airflow/.local/lib/python3.8/site-packages/airflow/example_dags/example_time_delta_sensor_async.py took 0.074 seconds
[2026-04-21T00:11:31.993+0000] {processor.py:161} INFO - Started process (PID=3702903) to work on /home/airflow/.local/lib/python3.8/site-packages/airflow/example_dags/example_time_delta_sensor_async.py
[2026-04-21T00:11:31.995+0000] {processor.py:830} INFO - Processing file /home/airflow/.local/lib/python3.8/site-packages/airflow/example_dags/example_time_delta_sensor_async.py for tasks to queue
[2026-04-21T00:11:31.997+0000] {logging_mixin.py:188} INFO - [2026-04-21T00:11:31.997+0000] {dagbag.py:538} INFO - Filling up the DagBag from /home/airflow/.local/lib/python3.8/site-packages/airflow/example_dags/example_time_delta_sensor_async.py
[2026-04-21T00:11:32.003+0000] {processor.py:840} INFO - DAG(s) 'example_time_delta_sensor_async' retrieved from /home/airflow/.local/lib/python3.8/site-packages/airflow/example_dags/example_time_delta_sensor_async.py
[2026-04-21T00:11:32.028+0000] {logging_mixin.py:188} INFO - [2026-04-21T00:11:32.027+0000] {dag.py:3036} INFO - Sync 1 DAGs
[2026-04-21T00:11:32.042+0000] {logging_mixin.py:188} INFO - [2026-04-21T00:11:32.042+0000] {dag.py:3823} INFO - Setting next_dagrun for example_time_delta_sensor_async to None, run_after=None
[2026-04-21T00:11:32.061+0000] {processor.py:183} INFO - Processing /home/airflow/.local/lib/python3.8/site-packages/airflow/example_dags/example_time_delta_sensor_async.py took 0.073 seconds
[2026-04-21T00:12:02.527+0000] {processor.py:161} INFO - Started process (PID=3702960) to work on /home/airflow/.local/lib/python3.8/site-packages/airflow/example_dags/example_time_delta_sensor_async.py
[2026-04-21T00:12:02.529+0000] {processor.py:830} INFO - Processing file /home/airflow/.local/lib/python3.8/site-packages/airflow/example_dags/example_time_delta_sensor_async.py for tasks to queue
[2026-04-21T00:12:02.532+0000] {logging_mixin.py:188} INFO - [2026-04-21T00:12:02.531+0000] {dagbag.py:538} INFO - Filling up the DagBag from /home/airflow/.local/lib/python3.8/site-packages/airflow/example_dags/example_time_delta_sensor_async.py
[2026-04-21T00:12:02.538+0000] {processor.py:840} INFO - DAG(s) 'example_time_delta_sensor_async' retrieved from /home/airflow/.local/lib/python3.8/site-packages/airflow/example_dags/example_time_delta_sensor_async.py
[2026-04-21T00:12:02.563+0000] {logging_mixin.py:188} INFO - [2026-04-21T00:12:02.562+0000] {dag.py:3036} INFO - Sync 1 DAGs
[2026-04-21T00:12:02.578+0000] {logging_mixin.py:188} INFO - [2026-04-21T00:12:02.577+0000] {dag.py:3823} INFO - Setting next_dagrun for example_time_delta_sensor_async to None, run_after=None
[2026-04-21T00:12:02.598+0000] {processor.py:183} INFO - Processing /home/airflow/.local/lib/python3.8/site-packages/airflow/example_dags/example_time_delta_sensor_async.py took 0.075 seconds
[2026-04-21T00:12:32.860+0000] {processor.py:161} INFO - Started process (PID=3703018) to work on /home/airflow/.local/lib/python3.8/site-packages/airflow/example_dags/example_time_delta_sensor_async.py
[2026-04-21T00:12:32.861+0000] {processor.py:830} INFO - Processing file /home/airflow/.local/lib/python3.8/site-packages/airflow/example_dags/example_time_delta_sensor_async.py for tasks to queue
[2026-04-21T00:12:32.864+0000] {logging_mixin.py:188} INFO - [2026-04-21T00:12:32.863+0000] {dagbag.py:538} INFO - Filling up the DagBag from /home/airflow/.local/lib/python3.8/site-packages/airflow/example_dags/example_time_delta_sensor_async.py
[2026-04-21T00:12:32.870+0000] {processor.py:840} INFO - DAG(s) 'example_time_delta_sensor_async' retrieved from /home/airflow/.local/lib/python3.8/site-packages/airflow/example_dags/example_time_delta_sensor_async.py
[2026-04-21T00:12:32.894+0000] {logging_mixin.py:188} INFO - [2026-04-21T00:12:32.894+0000] {dag.py:3036} INFO - Sync 1 DAGs
[2026-04-21T00:12:32.908+0000] {logging_mixin.py:188} INFO - [2026-04-21T00:12:32.908+0000] {dag.py:3823} INFO - Setting next_dagrun for example_time_delta_sensor_async to None, run_after=None
[2026-04-21T00:12:32.927+0000] {processor.py:183} INFO - Processing /home/airflow/.local/lib/python3.8/site-packages/airflow/example_dags/example_time_delta_sensor_async.py took 0.072 seconds
[2026-04-21T00:13:03.104+0000] {processor.py:161} INFO - Started process (PID=3703075) to work on /home/airflow/.local/lib/python3.8/site-packages/airflow/example_dags/example_time_delta_sensor_async.py
[2026-04-21T00:13:03.106+0000] {processor.py:830} INFO - Processing file /home/airflow/.local/lib/python3.8/site-packages/airflow/example_dags/example_time_delta_sensor_async.py for tasks to queue
[2026-04-21T00:13:03.109+0000] {logging_mixin.py:188} INFO - [2026-04-21T00:13:03.109+0000] {dagbag.py:538} INFO - Filling up the DagBag from /home/airflow/.local/lib/python3.8/site-packages/airflow/example_dags/example_time_delta_sensor_async.py
[2026-04-21T00:13:03.117+0000] {processor.py:840} INFO - DAG(s) 'example_time_delta_sensor_async' retrieved from /home/airflow/.local/lib/python3.8/site-packages/airflow/example_dags/example_time_delta_sensor_async.py
[2026-04-21T00:13:03.149+0000] {logging_mixin.py:188} INFO - [2026-04-21T00:13:03.148+0000] {dag.py:3036} INFO - Sync 1 DAGs
[2026-04-21T00:13:03.169+0000] {logging_mixin.py:188} INFO - [2026-04-21T00:13:03.169+0000] {dag.py:3823} INFO - Setting next_dagrun for example_time_delta_sensor_async to None, run_after=None
[2026-04-21T00:13:03.196+0000] {processor.py:183} INFO - Processing /home/airflow/.local/lib/python3.8/site-packages/airflow/example_dags/example_time_delta_sensor_async.py took 0.098 seconds
[2026-04-21T00:13:33.282+0000] {processor.py:161} INFO - Started process (PID=3703132) to work on /home/airflow/.local/lib/python3.8/site-packages/airflow/example_dags/example_time_delta_sensor_async.py
[2026-04-21T00:13:33.283+0000] {processor.py:830} INFO - Processing file /home/airflow/.local/lib/python3.8/site-packages/airflow/example_dags/example_time_delta_sensor_async.py for tasks to queue
[2026-04-21T00:13:33.286+0000] {logging_mixin.py:188} INFO - [2026-04-21T00:13:33.285+0000] {dagbag.py:538} INFO - Filling up the DagBag from /home/airflow/.local/lib/python3.8/site-packages/airflow/example_dags/example_time_delta_sensor_async.py
[2026-04-21T00:13:33.292+0000] {processor.py:840} INFO - DAG(s) 'example_time_delta_sensor_async' retrieved from /home/airflow/.local/lib/python3.8/site-packages/airflow/example_dags/example_time_delta_sensor_async.py
[2026-04-21T00:13:33.318+0000] {logging_mixin.py:188} INFO - [2026-04-21T00:13:33.318+0000] {dag.py:3036} INFO - Sync 1 DAGs
[2026-04-21T00:13:33.333+0000] {logging_mixin.py:188} INFO - [2026-04-21T00:13:33.333+0000] {dag.py:3823} INFO - Setting next_dagrun for example_time_delta_sensor_async to None, run_after=None
[2026-04-21T00:13:33.354+0000] {processor.py:183} INFO - Processing /home/airflow/.local/lib/python3.8/site-packages/airflow/example_dags/example_time_delta_sensor_async.py took 0.077 seconds
[2026-04-21T00:14:03.644+0000] {processor.py:161} INFO - Started process (PID=3703189) to work on /home/airflow/.local/lib/python3.8/site-packages/airflow/example_dags/example_time_delta_sensor_async.py
[2026-04-21T00:14:03.646+0000] {processor.py:830} INFO - Processing file /home/airflow/.local/lib/python3.8/site-packages/airflow/example_dags/example_time_delta_sensor_async.py for tasks to queue
[2026-04-21T00:14:03.648+0000] {logging_mixin.py:188} INFO - [2026-04-21T00:14:03.648+0000] {dagbag.py:538} INFO - Filling up the DagBag from /home/airflow/.local/lib/python3.8/site-packages/airflow/example_dags/example_time_delta_sensor_async.py
[2026-04-21T00:14:03.654+0000] {processor.py:840} INFO - DAG(s) 'example_time_delta_sensor_async' retrieved from /home/airflow/.local/lib/python3.8/site-packages/airflow/example_dags/example_time_delta_sensor_async.py
[2026-04-21T00:14:03.678+0000] {logging_mixin.py:188} INFO - [2026-04-21T00:14:03.678+0000] {dag.py:3036} INFO - Sync 1 DAGs
[2026-04-21T00:14:03.696+0000] {logging_mixin.py:188} INFO - [2026-04-21T00:14:03.695+0000] {dag.py:3823} INFO - Setting next_dagrun for example_time_delta_sensor_async to None, run_after=None
[2026-04-21T00:14:03.715+0000] {processor.py:183} INFO - Processing /home/airflow/.local/lib/python3.8/site-packages/airflow/example_dags/example_time_delta_sensor_async.py took 0.077 seconds
[2026-04-21T00:14:33.910+0000] {processor.py:161} INFO - Started process (PID=3703246) to work on /home/airflow/.local/lib/python3.8/site-packages/airflow/example_dags/example_time_delta_sensor_async.py
[2026-04-21T00:14:33.912+0000] {processor.py:830} INFO - Processing file /home/airflow/.local/lib/python3.8/site-packages/airflow/example_dags/example_time_delta_sensor_async.py for tasks to queue
[2026-04-21T00:14:33.915+0000] {logging_mixin.py:188} INFO - [2026-04-21T00:14:33.914+0000] {dagbag.py:538} INFO - Filling up the DagBag from /home/airflow/.local/lib/python3.8/site-packages/airflow/example_dags/example_time_delta_sensor_async.py
[2026-04-21T00:14:33.922+0000] {processor.py:840} INFO - DAG(s) 'example_time_delta_sensor_async' retrieved from /home/airflow/.local/lib/python3.8/site-packages/airflow/example_dags/example_time_delta_sensor_async.py
[2026-04-21T00:14:33.952+0000] {logging_mixin.py:188} INFO - [2026-04-21T00:14:33.952+0000] {dag.py:3036} INFO - Sync 1 DAGs
[2026-04-21T00:14:33.969+0000] {logging_mixin.py:188} INFO - [2026-04-21T00:14:33.968+0000] {dag.py:3823} INFO - Setting next_dagrun for example_time_delta_sensor_async to None, run_after=None
[2026-04-21T00:14:33.987+0000] {processor.py:183} INFO - Processing /home/airflow/.local/lib/python3.8/site-packages/airflow/example_dags/example_time_delta_sensor_async.py took 0.082 seconds
[2026-04-21T00:15:04.353+0000] {processor.py:161} INFO - Started process (PID=3703303) to work on /home/airflow/.local/lib/python3.8/site-packages/airflow/example_dags/example_time_delta_sensor_async.py
[2026-04-21T00:15:04.355+0000] {processor.py:830} INFO - Processing file /home/airflow/.local/lib/python3.8/site-packages/airflow/example_dags/example_time_delta_sensor_async.py for tasks to queue
[2026-04-21T00:15:04.358+0000] {logging_mixin.py:188} INFO - [2026-04-21T00:15:04.357+0000] {dagbag.py:538} INFO - Filling up the DagBag from /home/airflow/.local/lib/python3.8/site-packages/airflow/example_dags/example_time_delta_sensor_async.py
[2026-04-21T00:15:04.364+0000] {processor.py:840} INFO - DAG(s) 'example_time_delta_sensor_async' retrieved from /home/airflow/.local/lib/python3.8/site-packages/airflow/example_dags/example_time_delta_sensor_async.py
[2026-04-21T00:15:04.389+0000] {logging_mixin.py:188} INFO - [2026-04-21T00:15:04.388+0000] {dag.py:3036} INFO - Sync 1 DAGs
[2026-04-21T00:15:04.403+0000] {logging_mixin.py:188} INFO - [2026-04-21T00:15:04.403+0000] {dag.py:3823} INFO - Setting next_dagrun for example_time_delta_sensor_async to None, run_after=None
[2026-04-21T00:15:04.422+0000] {processor.py:183} INFO - Processing /home/airflow/.local/lib/python3.8/site-packages/airflow/example_dags/example_time_delta_sensor_async.py took 0.074 seconds
[2026-04-21T00:15:34.674+0000] {processor.py:161} INFO - Started process (PID=3703360) to work on /home/airflow/.local/lib/python3.8/site-packages/airflow/example_dags/example_time_delta_sensor_async.py
[2026-04-21T00:15:34.676+0000] {processor.py:830} INFO - Processing file /home/airflow/.local/lib/python3.8/site-packages/airflow/example_dags/example_time_delta_sensor_async.py for tasks to queue
[2026-04-21T00:15:34.679+0000] {logging_mixin.py:188} INFO - [2026-04-21T00:15:34.678+0000] {dagbag.py:538} INFO - Filling up the DagBag from /home/airflow/.local/lib/python3.8/site-packages/airflow/example_dags/example_time_delta_sensor_async.py
[2026-04-21T00:15:34.685+0000] {processor.py:840} INFO - DAG(s) 'example_time_delta_sensor_async' retrieved from /home/airflow/.local/lib/python3.8/site-packages/airflow/example_dags/example_time_delta_sensor_async.py
[2026-04-21T00:15:34.708+0000] {logging_mixin.py:188} INFO - [2026-04-21T00:15:34.708+0000] {dag.py:3036} INFO - Sync 1 DAGs
[2026-04-21T00:15:34.722+0000] {logging_mixin.py:188} INFO - [2026-04-21T00:15:34.722+0000] {dag.py:3823} INFO - Setting next_dagrun for example_time_delta_sensor_async to None, run_after=None
[2026-04-21T00:15:34.741+0000] {processor.py:183} INFO - Processing /home/airflow/.local/lib/python3.8/site-packages/airflow/example_dags/example_time_delta_sensor_async.py took 0.071 seconds
[2026-04-21T00:16:05.163+0000] {processor.py:161} INFO - Started process (PID=3703418) to work on /home/airflow/.local/lib/python3.8/site-packages/airflow/example_dags/example_time_delta_sensor_async.py
[2026-04-21T00:16:05.166+0000] {processor.py:830} INFO - Processing file /home/airflow/.local/lib/python3.8/site-packages/airflow/example_dags/example_time_delta_sensor_async.py for tasks to queue
[2026-04-21T00:16:05.168+0000] {logging_mixin.py:188} INFO - [2026-04-21T00:16:05.168+0000] {dagbag.py:538} INFO - Filling up the DagBag from /home/airflow/.local/lib/python3.8/site-packages/airflow/example_dags/example_time_delta_sensor_async.py
[2026-04-21T00:16:05.175+0000] {processor.py:840} INFO - DAG(s) 'example_time_delta_sensor_async' retrieved from /home/airflow/.local/lib/python3.8/site-packages/airflow/example_dags/example_time_delta_sensor_async.py
[2026-04-21T00:16:05.198+0000] {logging_mixin.py:188} INFO - [2026-04-21T00:16:05.198+0000] {dag.py:3036} INFO - Sync 1 DAGs
[2026-04-21T00:16:05.212+0000] {logging_mixin.py:188} INFO - [2026-04-21T00:16:05.212+0000] {dag.py:3823} INFO - Setting next_dagrun for example_time_delta_sensor_async to None, run_after=None
[2026-04-21T00:16:05.231+0000] {processor.py:183} INFO - Processing /home/airflow/.local/lib/python3.8/site-packages/airflow/example_dags/example_time_delta_sensor_async.py took 0.073 seconds
[2026-04-21T00:16:35.710+0000] {processor.py:161} INFO - Started process (PID=3703475) to work on /home/airflow/.local/lib/python3.8/site-packages/airflow/example_dags/example_time_delta_sensor_async.py
[2026-04-21T00:16:35.712+0000] {processor.py:830} INFO - Processing file /home/airflow/.local/lib/python3.8/site-packages/airflow/example_dags/example_time_delta_sensor_async.py for tasks to queue
[2026-04-21T00:16:35.714+0000] {logging_mixin.py:188} INFO - [2026-04-21T00:16:35.714+0000] {dagbag.py:538} INFO - Filling up the DagBag from /home/airflow/.local/lib/python3.8/site-packages/airflow/example_dags/example_time_delta_sensor_async.py
[2026-04-21T00:16:35.720+0000] {processor.py:840} INFO - DAG(s) 'example_time_delta_sensor_async' retrieved from /home/airflow/.local/lib/python3.8/site-packages/airflow/example_dags/example_time_delta_sensor_async.py
[2026-04-21T00:16:35.744+0000] {logging_mixin.py:188} INFO - [2026-04-21T00:16:35.744+0000] {dag.py:3036} INFO - Sync 1 DAGs
[2026-04-21T00:16:35.758+0000] {logging_mixin.py:188} INFO - [2026-04-21T00:16:35.757+0000] {dag.py:3823} INFO - Setting next_dagrun for example_time_delta_sensor_async to None, run_after=None
[2026-04-21T00:16:35.776+0000] {processor.py:183} INFO - Processing /home/airflow/.local/lib/python3.8/site-packages/airflow/example_dags/example_time_delta_sensor_async.py took 0.070 seconds
[2026-04-21T00:17:06.445+0000] {processor.py:161} INFO - Started process (PID=3703532) to work on /home/airflow/.local/lib/python3.8/site-packages/airflow/example_dags/example_time_delta_sensor_async.py
[2026-04-21T00:17:06.447+0000] {processor.py:830} INFO - Processing file /home/airflow/.local/lib/python3.8/site-packages/airflow/example_dags/example_time_delta_sensor_async.py for tasks to queue
[2026-04-21T00:17:06.449+0000] {logging_mixin.py:188} INFO - [2026-04-21T00:17:06.449+0000] {dagbag.py:538} INFO - Filling up the DagBag from /home/airflow/.local/lib/python3.8/site-packages/airflow/example_dags/example_time_delta_sensor_async.py
[2026-04-21T00:17:06.455+0000] {processor.py:840} INFO - DAG(s) 'example_time_delta_sensor_async' retrieved from /home/airflow/.local/lib/python3.8/site-packages/airflow/example_dags/example_time_delta_sensor_async.py
[2026-04-21T00:17:06.479+0000] {logging_mixin.py:188} INFO - [2026-04-21T00:17:06.479+0000] {dag.py:3036} INFO - Sync 1 DAGs
[2026-04-21T00:17:06.493+0000] {logging_mixin.py:188} INFO - [2026-04-21T00:17:06.493+0000] {dag.py:3823} INFO - Setting next_dagrun for example_time_delta_sensor_async to None, run_after=None
[2026-04-21T00:17:06.512+0000] {processor.py:183} INFO - Processing /home/airflow/.local/lib/python3.8/site-packages/airflow/example_dags/example_time_delta_sensor_async.py took 0.072 seconds
[2026-04-21T00:17:36.841+0000] {processor.py:161} INFO - Started process (PID=3703589) to work on /home/airflow/.local/lib/python3.8/site-packages/airflow/example_dags/example_time_delta_sensor_async.py
[2026-04-21T00:17:36.843+0000] {processor.py:830} INFO - Processing file /home/airflow/.local/lib/python3.8/site-packages/airflow/example_dags/example_time_delta_sensor_async.py for tasks to queue
[2026-04-21T00:17:36.846+0000] {logging_mixin.py:188} INFO - [2026-04-21T00:17:36.845+0000] {dagbag.py:538} INFO - Filling up the DagBag from /home/airflow/.local/lib/python3.8/site-packages/airflow/example_dags/example_time_delta_sensor_async.py
[2026-04-21T00:17:36.852+0000] {processor.py:840} INFO - DAG(s) 'example_time_delta_sensor_async' retrieved from /home/airflow/.local/lib/python3.8/site-packages/airflow/example_dags/example_time_delta_sensor_async.py
[2026-04-21T00:17:36.877+0000] {logging_mixin.py:188} INFO - [2026-04-21T00:17:36.876+0000] {dag.py:3036} INFO - Sync 1 DAGs
[2026-04-21T00:17:36.891+0000] {logging_mixin.py:188} INFO - [2026-04-21T00:17:36.891+0000] {dag.py:3823} INFO - Setting next_dagrun for example_time_delta_sensor_async to None, run_after=None
[2026-04-21T00:17:36.912+0000] {processor.py:183} INFO - Processing /home/airflow/.local/lib/python3.8/site-packages/airflow/example_dags/example_time_delta_sensor_async.py took 0.075 seconds
[2026-04-21T00:18:07.150+0000] {processor.py:161} INFO - Started process (PID=3703646) to work on /home/airflow/.local/lib/python3.8/site-packages/airflow/example_dags/example_time_delta_sensor_async.py
[2026-04-21T00:18:07.152+0000] {processor.py:830} INFO - Processing file /home/airflow/.local/lib/python3.8/site-packages/airflow/example_dags/example_time_delta_sensor_async.py for tasks to queue
[2026-04-21T00:18:07.154+0000] {logging_mixin.py:188} INFO - [2026-04-21T00:18:07.154+0000] {dagbag.py:538} INFO - Filling up the DagBag from /home/airflow/.local/lib/python3.8/site-packages/airflow/example_dags/example_time_delta_sensor_async.py
[2026-04-21T00:18:07.160+0000] {processor.py:840} INFO - DAG(s) 'example_time_delta_sensor_async' retrieved from /home/airflow/.local/lib/python3.8/site-packages/airflow/example_dags/example_time_delta_sensor_async.py
[2026-04-21T00:18:07.184+0000] {logging_mixin.py:188} INFO - [2026-04-21T00:18:07.184+0000] {dag.py:3036} INFO - Sync 1 DAGs
[2026-04-21T00:18:07.198+0000] {logging_mixin.py:188} INFO - [2026-04-21T00:18:07.198+0000] {dag.py:3823} INFO - Setting next_dagrun for example_time_delta_sensor_async to None, run_after=None
[2026-04-21T00:18:07.219+0000] {processor.py:183} INFO - Processing /home/airflow/.local/lib/python3.8/site-packages/airflow/example_dags/example_time_delta_sensor_async.py took 0.074 seconds
[2026-04-21T00:18:37.449+0000] {processor.py:161} INFO - Started process (PID=3703703) to work on /home/airflow/.local/lib/python3.8/site-packages/airflow/example_dags/example_time_delta_sensor_async.py
[2026-04-21T00:18:37.451+0000] {processor.py:830} INFO - Processing file /home/airflow/.local/lib/python3.8/site-packages/airflow/example_dags/example_time_delta_sensor_async.py for tasks to queue
[2026-04-21T00:18:37.453+0000] {logging_mixin.py:188} INFO - [2026-04-21T00:18:37.453+0000] {dagbag.py:538} INFO - Filling up the DagBag from /home/airflow/.local/lib/python3.8/site-packages/airflow/example_dags/example_time_delta_sensor_async.py
[2026-04-21T00:18:37.460+0000] {processor.py:840} INFO - DAG(s) 'example_time_delta_sensor_async' retrieved from /home/airflow/.local/lib/python3.8/site-packages/airflow/example_dags/example_time_delta_sensor_async.py
[2026-04-21T00:18:37.485+0000] {logging_mixin.py:188} INFO - [2026-04-21T00:18:37.484+0000] {dag.py:3036} INFO - Sync 1 DAGs
[2026-04-21T00:18:37.498+0000] {logging_mixin.py:188} INFO - [2026-04-21T00:18:37.498+0000] {dag.py:3823} INFO - Setting next_dagrun for example_time_delta_sensor_async to None, run_after=None
[2026-04-21T00:18:37.518+0000] {processor.py:183} INFO - Processing /home/airflow/.local/lib/python3.8/site-packages/airflow/example_dags/example_time_delta_sensor_async.py took 0.076 seconds
[2026-04-21T00:19:07.644+0000] {processor.py:161} INFO - Started process (PID=3703759) to work on /home/airflow/.local/lib/python3.8/site-packages/airflow/example_dags/example_time_delta_sensor_async.py
[2026-04-21T00:19:07.645+0000] {processor.py:830} INFO - Processing file /home/airflow/.local/lib/python3.8/site-packages/airflow/example_dags/example_time_delta_sensor_async.py for tasks to queue
[2026-04-21T00:19:07.648+0000] {logging_mixin.py:188} INFO - [2026-04-21T00:19:07.647+0000] {dagbag.py:538} INFO - Filling up the DagBag from /home/airflow/.local/lib/python3.8/site-packages/airflow/example_dags/example_time_delta_sensor_async.py
[2026-04-21T00:19:07.654+0000] {processor.py:840} INFO - DAG(s) 'example_time_delta_sensor_async' retrieved from /home/airflow/.local/lib/python3.8/site-packages/airflow/example_dags/example_time_delta_sensor_async.py
[2026-04-21T00:19:07.677+0000] {logging_mixin.py:188} INFO - [2026-04-21T00:19:07.676+0000] {dag.py:3036} INFO - Sync 1 DAGs
[2026-04-21T00:19:07.690+0000] {logging_mixin.py:188} INFO - [2026-04-21T00:19:07.690+0000] {dag.py:3823} INFO - Setting next_dagrun for example_time_delta_sensor_async to None, run_after=None
[2026-04-21T00:19:07.708+0000] {processor.py:183} INFO - Processing /home/airflow/.local/lib/python3.8/site-packages/airflow/example_dags/example_time_delta_sensor_async.py took 0.069 seconds
[2026-04-21T00:19:37.935+0000] {processor.py:161} INFO - Started process (PID=3703816) to work on /home/airflow/.local/lib/python3.8/site-packages/airflow/example_dags/example_time_delta_sensor_async.py
[2026-04-21T00:19:37.937+0000] {processor.py:830} INFO - Processing file /home/airflow/.local/lib/python3.8/site-packages/airflow/example_dags/example_time_delta_sensor_async.py for tasks to queue
[2026-04-21T00:19:37.939+0000] {logging_mixin.py:188} INFO - [2026-04-21T00:19:37.939+0000] {dagbag.py:538} INFO - Filling up the DagBag from /home/airflow/.local/lib/python3.8/site-packages/airflow/example_dags/example_time_delta_sensor_async.py
[2026-04-21T00:19:37.946+0000] {processor.py:840} INFO - DAG(s) 'example_time_delta_sensor_async' retrieved from /home/airflow/.local/lib/python3.8/site-packages/airflow/example_dags/example_time_delta_sensor_async.py
[2026-04-21T00:19:37.969+0000] {logging_mixin.py:188} INFO - [2026-04-21T00:19:37.968+0000] {dag.py:3036} INFO - Sync 1 DAGs
[2026-04-21T00:19:37.982+0000] {logging_mixin.py:188} INFO - [2026-04-21T00:19:37.982+0000] {dag.py:3823} INFO - Setting next_dagrun for example_time_delta_sensor_async to None, run_after=None
[2026-04-21T00:19:38.000+0000] {processor.py:183} INFO - Processing /home/airflow/.local/lib/python3.8/site-packages/airflow/example_dags/example_time_delta_sensor_async.py took 0.070 seconds
[2026-04-21T00:20:08.216+0000] {processor.py:161} INFO - Started process (PID=3703873) to work on /home/airflow/.local/lib/python3.8/site-packages/airflow/example_dags/example_time_delta_sensor_async.py
[2026-04-21T00:20:08.217+0000] {processor.py:830} INFO - Processing file /home/airflow/.local/lib/python3.8/site-packages/airflow/example_dags/example_time_delta_sensor_async.py for tasks to queue
[2026-04-21T00:20:08.219+0000] {logging_mixin.py:188} INFO - [2026-04-21T00:20:08.219+0000] {dagbag.py:538} INFO - Filling up the DagBag from /home/airflow/.local/lib/python3.8/site-packages/airflow/example_dags/example_time_delta_sensor_async.py
[2026-04-21T00:20:08.226+0000] {processor.py:840} INFO - DAG(s) 'example_time_delta_sensor_async' retrieved from /home/airflow/.local/lib/python3.8/site-packages/airflow/example_dags/example_time_delta_sensor_async.py
[2026-04-21T00:20:08.251+0000] {logging_mixin.py:188} INFO - [2026-04-21T00:20:08.251+0000] {dag.py:3036} INFO - Sync 1 DAGs
[2026-04-21T00:20:08.264+0000] {logging_mixin.py:188} INFO - [2026-04-21T00:20:08.264+0000] {dag.py:3823} INFO - Setting next_dagrun for example_time_delta_sensor_async to None, run_after=None
[2026-04-21T00:20:08.283+0000] {processor.py:183} INFO - Processing /home/airflow/.local/lib/python3.8/site-packages/airflow/example_dags/example_time_delta_sensor_async.py took 0.072 seconds
[2026-04-21T00:20:38.332+0000] {processor.py:161} INFO - Started process (PID=3703929) to work on /home/airflow/.local/lib/python3.8/site-packages/airflow/example_dags/example_time_delta_sensor_async.py
[2026-04-21T00:20:38.334+0000] {processor.py:830} INFO - Processing file /home/airflow/.local/lib/python3.8/site-packages/airflow/example_dags/example_time_delta_sensor_async.py for tasks to queue
[2026-04-21T00:20:38.336+0000] {logging_mixin.py:188} INFO - [2026-04-21T00:20:38.336+0000] {dagbag.py:538} INFO - Filling up the DagBag from /home/airflow/.local/lib/python3.8/site-packages/airflow/example_dags/example_time_delta_sensor_async.py
[2026-04-21T00:20:38.343+0000] {processor.py:840} INFO - DAG(s) 'example_time_delta_sensor_async' retrieved from /home/airflow/.local/lib/python3.8/site-packages/airflow/example_dags/example_time_delta_sensor_async.py
[2026-04-21T00:20:38.368+0000] {logging_mixin.py:188} INFO - [2026-04-21T00:20:38.368+0000] {dag.py:3036} INFO - Sync 1 DAGs
[2026-04-21T00:20:38.382+0000] {logging_mixin.py:188} INFO - [2026-04-21T00:20:38.381+0000] {dag.py:3823} INFO - Setting next_dagrun for example_time_delta_sensor_async to None, run_after=None
[2026-04-21T00:20:38.400+0000] {processor.py:183} INFO - Processing /home/airflow/.local/lib/python3.8/site-packages/airflow/example_dags/example_time_delta_sensor_async.py took 0.073 seconds
[2026-04-21T00:21:08.840+0000] {processor.py:161} INFO - Started process (PID=3703987) to work on /home/airflow/.local/lib/python3.8/site-packages/airflow/example_dags/example_time_delta_sensor_async.py
[2026-04-21T00:21:08.841+0000] {processor.py:830} INFO - Processing file /home/airflow/.local/lib/python3.8/site-packages/airflow/example_dags/example_time_delta_sensor_async.py for tasks to queue
[2026-04-21T00:21:08.844+0000] {logging_mixin.py:188} INFO - [2026-04-21T00:21:08.843+0000] {dagbag.py:538} INFO - Filling up the DagBag from /home/airflow/.local/lib/python3.8/site-packages/airflow/example_dags/example_time_delta_sensor_async.py
[2026-04-21T00:21:08.850+0000] {processor.py:840} INFO - DAG(s) 'example_time_delta_sensor_async' retrieved from /home/airflow/.local/lib/python3.8/site-packages/airflow/example_dags/example_time_delta_sensor_async.py
[2026-04-21T00:21:08.875+0000] {logging_mixin.py:188} INFO - [2026-04-21T00:21:08.875+0000] {dag.py:3036} INFO - Sync 1 DAGs
[2026-04-21T00:21:08.889+0000] {logging_mixin.py:188} INFO - [2026-04-21T00:21:08.888+0000] {dag.py:3823} INFO - Setting next_dagrun for example_time_delta_sensor_async to None, run_after=None
[2026-04-21T00:21:08.907+0000] {processor.py:183} INFO - Processing /home/airflow/.local/lib/python3.8/site-packages/airflow/example_dags/example_time_delta_sensor_async.py took 0.071 seconds
[2026-04-21T00:21:39.585+0000] {processor.py:161} INFO - Started process (PID=3704042) to work on /home/airflow/.local/lib/python3.8/site-packages/airflow/example_dags/example_time_delta_sensor_async.py
[2026-04-21T00:21:39.588+0000] {processor.py:830} INFO - Processing file /home/airflow/.local/lib/python3.8/site-packages/airflow/example_dags/example_time_delta_sensor_async.py for tasks to queue
[2026-04-21T00:21:39.590+0000] {logging_mixin.py:188} INFO - [2026-04-21T00:21:39.590+0000] {dagbag.py:538} INFO - Filling up the DagBag from /home/airflow/.local/lib/python3.8/site-packages/airflow/example_dags/example_time_delta_sensor_async.py
[2026-04-21T00:21:39.596+0000] {processor.py:840} INFO - DAG(s) 'example_time_delta_sensor_async' retrieved from /home/airflow/.local/lib/python3.8/site-packages/airflow/example_dags/example_time_delta_sensor_async.py
[2026-04-21T00:21:39.622+0000] {logging_mixin.py:188} INFO - [2026-04-21T00:21:39.621+0000] {dag.py:3036} INFO - Sync 1 DAGs
[2026-04-21T00:21:39.636+0000] {logging_mixin.py:188} INFO - [2026-04-21T00:21:39.636+0000] {dag.py:3823} INFO - Setting next_dagrun for example_time_delta_sensor_async to None, run_after=None
[2026-04-21T00:21:39.656+0000] {processor.py:183} INFO - Processing /home/airflow/.local/lib/python3.8/site-packages/airflow/example_dags/example_time_delta_sensor_async.py took 0.075 seconds
[2026-04-21T00:22:10.241+0000] {processor.py:161} INFO - Started process (PID=3704099) to work on /home/airflow/.local/lib/python3.8/site-packages/airflow/example_dags/example_time_delta_sensor_async.py
[2026-04-21T00:22:10.242+0000] {processor.py:830} INFO - Processing file /home/airflow/.local/lib/python3.8/site-packages/airflow/example_dags/example_time_delta_sensor_async.py for tasks to queue
[2026-04-21T00:22:10.244+0000] {logging_mixin.py:188} INFO - [2026-04-21T00:22:10.244+0000] {dagbag.py:538} INFO - Filling up the DagBag from /home/airflow/.local/lib/python3.8/site-packages/airflow/example_dags/example_time_delta_sensor_async.py
[2026-04-21T00:22:10.251+0000] {processor.py:840} INFO - DAG(s) 'example_time_delta_sensor_async' retrieved from /home/airflow/.local/lib/python3.8/site-packages/airflow/example_dags/example_time_delta_sensor_async.py
[2026-04-21T00:22:10.276+0000] {logging_mixin.py:188} INFO - [2026-04-21T00:22:10.276+0000] {dag.py:3036} INFO - Sync 1 DAGs
[2026-04-21T00:22:10.290+0000] {logging_mixin.py:188} INFO - [2026-04-21T00:22:10.290+0000] {dag.py:3823} INFO - Setting next_dagrun for example_time_delta_sensor_async to None, run_after=None
[2026-04-21T00:22:10.321+0000] {processor.py:183} INFO - Processing /home/airflow/.local/lib/python3.8/site-packages/airflow/example_dags/example_time_delta_sensor_async.py took 0.084 seconds
[2026-04-21T00:22:40.546+0000] {processor.py:161} INFO - Started process (PID=3704154) to work on /home/airflow/.local/lib/python3.8/site-packages/airflow/example_dags/example_time_delta_sensor_async.py
[2026-04-21T00:22:40.547+0000] {processor.py:830} INFO - Processing file /home/airflow/.local/lib/python3.8/site-packages/airflow/example_dags/example_time_delta_sensor_async.py for tasks to queue
[2026-04-21T00:22:40.550+0000] {logging_mixin.py:188} INFO - [2026-04-21T00:22:40.549+0000] {dagbag.py:538} INFO - Filling up the DagBag from /home/airflow/.local/lib/python3.8/site-packages/airflow/example_dags/example_time_delta_sensor_async.py
[2026-04-21T00:22:40.556+0000] {processor.py:840} INFO - DAG(s) 'example_time_delta_sensor_async' retrieved from /home/airflow/.local/lib/python3.8/site-packages/airflow/example_dags/example_time_delta_sensor_async.py
[2026-04-21T00:22:40.580+0000] {logging_mixin.py:188} INFO - [2026-04-21T00:22:40.580+0000] {dag.py:3036} INFO - Sync 1 DAGs
[2026-04-21T00:22:40.594+0000] {logging_mixin.py:188} INFO - [2026-04-21T00:22:40.593+0000] {dag.py:3823} INFO - Setting next_dagrun for example_time_delta_sensor_async to None, run_after=None
[2026-04-21T00:22:40.612+0000] {processor.py:183} INFO - Processing /home/airflow/.local/lib/python3.8/site-packages/airflow/example_dags/example_time_delta_sensor_async.py took 0.071 seconds
[2026-04-21T00:23:10.686+0000] {processor.py:161} INFO - Started process (PID=3704211) to work on /home/airflow/.local/lib/python3.8/site-packages/airflow/example_dags/example_time_delta_sensor_async.py
[2026-04-21T00:23:10.687+0000] {processor.py:830} INFO - Processing file /home/airflow/.local/lib/python3.8/site-packages/airflow/example_dags/example_time_delta_sensor_async.py for tasks to queue
[2026-04-21T00:23:10.689+0000] {logging_mixin.py:188} INFO - [2026-04-21T00:23:10.689+0000] {dagbag.py:538} INFO - Filling up the DagBag from /home/airflow/.local/lib/python3.8/site-packages/airflow/example_dags/example_time_delta_sensor_async.py
[2026-04-21T00:23:10.696+0000] {processor.py:840} INFO - DAG(s) 'example_time_delta_sensor_async' retrieved from /home/airflow/.local/lib/python3.8/site-packages/airflow/example_dags/example_time_delta_sensor_async.py
[2026-04-21T00:23:10.722+0000] {logging_mixin.py:188} INFO - [2026-04-21T00:23:10.722+0000] {dag.py:3036} INFO - Sync 1 DAGs
[2026-04-21T00:23:10.738+0000] {logging_mixin.py:188} INFO - [2026-04-21T00:23:10.738+0000] {dag.py:3823} INFO - Setting next_dagrun for example_time_delta_sensor_async to None, run_after=None
[2026-04-21T00:23:10.759+0000] {processor.py:183} INFO - Processing /home/airflow/.local/lib/python3.8/site-packages/airflow/example_dags/example_time_delta_sensor_async.py took 0.078 seconds
[2026-04-21T00:23:41.390+0000] {processor.py:161} INFO - Started process (PID=3704268) to work on /home/airflow/.local/lib/python3.8/site-packages/airflow/example_dags/example_time_delta_sensor_async.py
[2026-04-21T00:23:41.392+0000] {processor.py:830} INFO - Processing file /home/airflow/.local/lib/python3.8/site-packages/airflow/example_dags/example_time_delta_sensor_async.py for tasks to queue
[2026-04-21T00:23:41.395+0000] {logging_mixin.py:188} INFO - [2026-04-21T00:23:41.394+0000] {dagbag.py:538} INFO - Filling up the DagBag from /home/airflow/.local/lib/python3.8/site-packages/airflow/example_dags/example_time_delta_sensor_async.py
[2026-04-21T00:23:41.401+0000] {processor.py:840} INFO - DAG(s) 'example_time_delta_sensor_async' retrieved from /home/airflow/.local/lib/python3.8/site-packages/airflow/example_dags/example_time_delta_sensor_async.py
[2026-04-21T00:23:41.425+0000] {logging_mixin.py:188} INFO - [2026-04-21T00:23:41.425+0000] {dag.py:3036} INFO - Sync 1 DAGs
[2026-04-21T00:23:41.651+0000] {logging_mixin.py:188} INFO - [2026-04-21T00:23:41.650+0000] {dag.py:3823} INFO - Setting next_dagrun for example_time_delta_sensor_async to None, run_after=None
[2026-04-21T00:23:41.669+0000] {processor.py:183} INFO - Processing /home/airflow/.local/lib/python3.8/site-packages/airflow/example_dags/example_time_delta_sensor_async.py took 0.285 seconds
[2026-04-21T00:24:11.974+0000] {processor.py:161} INFO - Started process (PID=3704326) to work on /home/airflow/.local/lib/python3.8/site-packages/airflow/example_dags/example_time_delta_sensor_async.py
[2026-04-21T00:24:11.975+0000] {processor.py:830} INFO - Processing file /home/airflow/.local/lib/python3.8/site-packages/airflow/example_dags/example_time_delta_sensor_async.py for tasks to queue
[2026-04-21T00:24:11.978+0000] {logging_mixin.py:188} INFO - [2026-04-21T00:24:11.977+0000] {dagbag.py:538} INFO - Filling up the DagBag from /home/airflow/.local/lib/python3.8/site-packages/airflow/example_dags/example_time_delta_sensor_async.py
[2026-04-21T00:24:11.984+0000] {processor.py:840} INFO - DAG(s) 'example_time_delta_sensor_async' retrieved from /home/airflow/.local/lib/python3.8/site-packages/airflow/example_dags/example_time_delta_sensor_async.py
[2026-04-21T00:24:12.013+0000] {logging_mixin.py:188} INFO - [2026-04-21T00:24:12.013+0000] {dag.py:3036} INFO - Sync 1 DAGs
[2026-04-21T00:24:12.028+0000] {logging_mixin.py:188} INFO - [2026-04-21T00:24:12.027+0000] {dag.py:3823} INFO - Setting next_dagrun for example_time_delta_sensor_async to None, run_after=None
[2026-04-21T00:24:12.049+0000] {processor.py:183} INFO - Processing /home/airflow/.local/lib/python3.8/site-packages/airflow/example_dags/example_time_delta_sensor_async.py took 0.079 seconds
[2026-04-21T00:24:42.436+0000] {processor.py:161} INFO - Started process (PID=3704383) to work on /home/airflow/.local/lib/python3.8/site-packages/airflow/example_dags/example_time_delta_sensor_async.py
[2026-04-21T00:24:42.438+0000] {processor.py:830} INFO - Processing file /home/airflow/.local/lib/python3.8/site-packages/airflow/example_dags/example_time_delta_sensor_async.py for tasks to queue
[2026-04-21T00:24:42.440+0000] {logging_mixin.py:188} INFO - [2026-04-21T00:24:42.440+0000] {dagbag.py:538} INFO - Filling up the DagBag from /home/airflow/.local/lib/python3.8/site-packages/airflow/example_dags/example_time_delta_sensor_async.py
[2026-04-21T00:24:42.447+0000] {processor.py:840} INFO - DAG(s) 'example_time_delta_sensor_async' retrieved from /home/airflow/.local/lib/python3.8/site-packages/airflow/example_dags/example_time_delta_sensor_async.py
[2026-04-21T00:24:42.475+0000] {logging_mixin.py:188} INFO - [2026-04-21T00:24:42.475+0000] {dag.py:3036} INFO - Sync 1 DAGs
[2026-04-21T00:24:42.491+0000] {logging_mixin.py:188} INFO - [2026-04-21T00:24:42.491+0000] {dag.py:3823} INFO - Setting next_dagrun for example_time_delta_sensor_async to None, run_after=None
[2026-04-21T00:24:42.515+0000] {processor.py:183} INFO - Processing /home/airflow/.local/lib/python3.8/site-packages/airflow/example_dags/example_time_delta_sensor_async.py took 0.084 seconds
[2026-04-21T00:25:12.976+0000] {processor.py:161} INFO - Started process (PID=3704440) to work on /home/airflow/.local/lib/python3.8/site-packages/airflow/example_dags/example_time_delta_sensor_async.py
[2026-04-21T00:25:12.977+0000] {processor.py:830} INFO - Processing file /home/airflow/.local/lib/python3.8/site-packages/airflow/example_dags/example_time_delta_sensor_async.py for tasks to queue
[2026-04-21T00:25:12.980+0000] {logging_mixin.py:188} INFO - [2026-04-21T00:25:12.979+0000] {dagbag.py:538} INFO - Filling up the DagBag from /home/airflow/.local/lib/python3.8/site-packages/airflow/example_dags/example_time_delta_sensor_async.py
[2026-04-21T00:25:12.986+0000] {processor.py:840} INFO - DAG(s) 'example_time_delta_sensor_async' retrieved from /home/airflow/.local/lib/python3.8/site-packages/airflow/example_dags/example_time_delta_sensor_async.py
[2026-04-21T00:25:13.011+0000] {logging_mixin.py:188} INFO - [2026-04-21T00:25:13.011+0000] {dag.py:3036} INFO - Sync 1 DAGs
[2026-04-21T00:25:13.026+0000] {logging_mixin.py:188} INFO - [2026-04-21T00:25:13.025+0000] {dag.py:3823} INFO - Setting next_dagrun for example_time_delta_sensor_async to None, run_after=None
[2026-04-21T00:25:13.045+0000] {processor.py:183} INFO - Processing /home/airflow/.local/lib/python3.8/site-packages/airflow/example_dags/example_time_delta_sensor_async.py took 0.074 seconds
[2026-04-21T00:25:43.133+0000] {processor.py:161} INFO - Started process (PID=3704497) to work on /home/airflow/.local/lib/python3.8/site-packages/airflow/example_dags/example_time_delta_sensor_async.py
[2026-04-21T00:25:43.135+0000] {processor.py:830} INFO - Processing file /home/airflow/.local/lib/python3.8/site-packages/airflow/example_dags/example_time_delta_sensor_async.py for tasks to queue
[2026-04-21T00:25:43.137+0000] {logging_mixin.py:188} INFO - [2026-04-21T00:25:43.137+0000] {dagbag.py:538} INFO - Filling up the DagBag from /home/airflow/.local/lib/python3.8/site-packages/airflow/example_dags/example_time_delta_sensor_async.py
[2026-04-21T00:25:43.144+0000] {processor.py:840} INFO - DAG(s) 'example_time_delta_sensor_async' retrieved from /home/airflow/.local/lib/python3.8/site-packages/airflow/example_dags/example_time_delta_sensor_async.py
[2026-04-21T00:25:43.170+0000] {logging_mixin.py:188} INFO - [2026-04-21T00:25:43.170+0000] {dag.py:3036} INFO - Sync 1 DAGs
[2026-04-21T00:25:43.184+0000] {logging_mixin.py:188} INFO - [2026-04-21T00:25:43.184+0000] {dag.py:3823} INFO - Setting next_dagrun for example_time_delta_sensor_async to None, run_after=None
[2026-04-21T00:25:43.204+0000] {processor.py:183} INFO - Processing /home/airflow/.local/lib/python3.8/site-packages/airflow/example_dags/example_time_delta_sensor_async.py took 0.076 seconds
[2026-04-21T00:26:13.308+0000] {processor.py:161} INFO - Started process (PID=3704554) to work on /home/airflow/.local/lib/python3.8/site-packages/airflow/example_dags/example_time_delta_sensor_async.py
[2026-04-21T00:26:13.309+0000] {processor.py:830} INFO - Processing file /home/airflow/.local/lib/python3.8/site-packages/airflow/example_dags/example_time_delta_sensor_async.py for tasks to queue
[2026-04-21T00:26:13.312+0000] {logging_mixin.py:188} INFO - [2026-04-21T00:26:13.311+0000] {dagbag.py:538} INFO - Filling up the DagBag from /home/airflow/.local/lib/python3.8/site-packages/airflow/example_dags/example_time_delta_sensor_async.py
[2026-04-21T00:26:13.318+0000] {processor.py:840} INFO - DAG(s) 'example_time_delta_sensor_async' retrieved from /home/airflow/.local/lib/python3.8/site-packages/airflow/example_dags/example_time_delta_sensor_async.py
[2026-04-21T00:26:13.343+0000] {logging_mixin.py:188} INFO - [2026-04-21T00:26:13.343+0000] {dag.py:3036} INFO - Sync 1 DAGs
[2026-04-21T00:26:13.359+0000] {logging_mixin.py:188} INFO - [2026-04-21T00:26:13.358+0000] {dag.py:3823} INFO - Setting next_dagrun for example_time_delta_sensor_async to None, run_after=None
[2026-04-21T00:26:13.379+0000] {processor.py:183} INFO - Processing /home/airflow/.local/lib/python3.8/site-packages/airflow/example_dags/example_time_delta_sensor_async.py took 0.076 seconds
[2026-04-21T00:26:43.488+0000] {processor.py:161} INFO - Started process (PID=3704611) to work on /home/airflow/.local/lib/python3.8/site-packages/airflow/example_dags/example_time_delta_sensor_async.py
[2026-04-21T00:26:43.490+0000] {processor.py:830} INFO - Processing file /home/airflow/.local/lib/python3.8/site-packages/airflow/example_dags/example_time_delta_sensor_async.py for tasks to queue
[2026-04-21T00:26:43.492+0000] {logging_mixin.py:188} INFO - [2026-04-21T00:26:43.492+0000] {dagbag.py:538} INFO - Filling up the DagBag from /home/airflow/.local/lib/python3.8/site-packages/airflow/example_dags/example_time_delta_sensor_async.py
[2026-04-21T00:26:43.498+0000] {processor.py:840} INFO - DAG(s) 'example_time_delta_sensor_async' retrieved from /home/airflow/.local/lib/python3.8/site-packages/airflow/example_dags/example_time_delta_sensor_async.py
[2026-04-21T00:26:43.523+0000] {logging_mixin.py:188} INFO - [2026-04-21T00:26:43.523+0000] {dag.py:3036} INFO - Sync 1 DAGs
[2026-04-21T00:26:43.537+0000] {logging_mixin.py:188} INFO - [2026-04-21T00:26:43.537+0000] {dag.py:3823} INFO - Setting next_dagrun for example_time_delta_sensor_async to None, run_after=None
[2026-04-21T00:26:43.557+0000] {processor.py:183} INFO - Processing /home/airflow/.local/lib/python3.8/site-packages/airflow/example_dags/example_time_delta_sensor_async.py took 0.074 seconds
[2026-04-21T00:27:13.624+0000] {processor.py:161} INFO - Started process (PID=3704668) to work on /home/airflow/.local/lib/python3.8/site-packages/airflow/example_dags/example_time_delta_sensor_async.py
[2026-04-21T00:27:13.625+0000] {processor.py:830} INFO - Processing file /home/airflow/.local/lib/python3.8/site-packages/airflow/example_dags/example_time_delta_sensor_async.py for tasks to queue
[2026-04-21T00:27:13.627+0000] {logging_mixin.py:188} INFO - [2026-04-21T00:27:13.627+0000] {dagbag.py:538} INFO - Filling up the DagBag from /home/airflow/.local/lib/python3.8/site-packages/airflow/example_dags/example_time_delta_sensor_async.py
[2026-04-21T00:27:13.634+0000] {processor.py:840} INFO - DAG(s) 'example_time_delta_sensor_async' retrieved from /home/airflow/.local/lib/python3.8/site-packages/airflow/example_dags/example_time_delta_sensor_async.py
[2026-04-21T00:27:13.661+0000] {logging_mixin.py:188} INFO - [2026-04-21T00:27:13.661+0000] {dag.py:3036} INFO - Sync 1 DAGs
[2026-04-21T00:27:13.677+0000] {logging_mixin.py:188} INFO - [2026-04-21T00:27:13.676+0000] {dag.py:3823} INFO - Setting next_dagrun for example_time_delta_sensor_async to None, run_after=None
[2026-04-21T00:27:13.698+0000] {processor.py:183} INFO - Processing /home/airflow/.local/lib/python3.8/site-packages/airflow/example_dags/example_time_delta_sensor_async.py took 0.079 seconds
[2026-04-21T00:27:44.101+0000] {processor.py:161} INFO - Started process (PID=3704725) to work on /home/airflow/.local/lib/python3.8/site-packages/airflow/example_dags/example_time_delta_sensor_async.py
[2026-04-21T00:27:44.103+0000] {processor.py:830} INFO - Processing file /home/airflow/.local/lib/python3.8/site-packages/airflow/example_dags/example_time_delta_sensor_async.py for tasks to queue
[2026-04-21T00:27:44.105+0000] {logging_mixin.py:188} INFO - [2026-04-21T00:27:44.105+0000] {dagbag.py:538} INFO - Filling up the DagBag from /home/airflow/.local/lib/python3.8/site-packages/airflow/example_dags/example_time_delta_sensor_async.py
[2026-04-21T00:27:44.112+0000] {processor.py:840} INFO - DAG(s) 'example_time_delta_sensor_async' retrieved from /home/airflow/.local/lib/python3.8/site-packages/airflow/example_dags/example_time_delta_sensor_async.py
[2026-04-21T00:27:44.139+0000] {logging_mixin.py:188} INFO - [2026-04-21T00:27:44.139+0000] {dag.py:3036} INFO - Sync 1 DAGs
[2026-04-21T00:27:44.154+0000] {logging_mixin.py:188} INFO - [2026-04-21T00:27:44.154+0000] {dag.py:3823} INFO - Setting next_dagrun for example_time_delta_sensor_async to None, run_after=None
[2026-04-21T00:27:44.174+0000] {processor.py:183} INFO - Processing /home/airflow/.local/lib/python3.8/site-packages/airflow/example_dags/example_time_delta_sensor_async.py took 0.078 seconds
[2026-04-21T00:28:14.429+0000] {processor.py:161} INFO - Started process (PID=3704782) to work on /home/airflow/.local/lib/python3.8/site-packages/airflow/example_dags/example_time_delta_sensor_async.py
[2026-04-21T00:28:14.430+0000] {processor.py:830} INFO - Processing file /home/airflow/.local/lib/python3.8/site-packages/airflow/example_dags/example_time_delta_sensor_async.py for tasks to queue
[2026-04-21T00:28:14.433+0000] {logging_mixin.py:188} INFO - [2026-04-21T00:28:14.432+0000] {dagbag.py:538} INFO - Filling up the DagBag from /home/airflow/.local/lib/python3.8/site-packages/airflow/example_dags/example_time_delta_sensor_async.py
[2026-04-21T00:28:14.439+0000] {processor.py:840} INFO - DAG(s) 'example_time_delta_sensor_async' retrieved from /home/airflow/.local/lib/python3.8/site-packages/airflow/example_dags/example_time_delta_sensor_async.py
[2026-04-21T00:28:14.463+0000] {logging_mixin.py:188} INFO - [2026-04-21T00:28:14.463+0000] {dag.py:3036} INFO - Sync 1 DAGs
[2026-04-21T00:28:14.477+0000] {logging_mixin.py:188} INFO - [2026-04-21T00:28:14.477+0000] {dag.py:3823} INFO - Setting next_dagrun for example_time_delta_sensor_async to None, run_after=None
[2026-04-21T00:28:14.496+0000] {processor.py:183} INFO - Processing /home/airflow/.local/lib/python3.8/site-packages/airflow/example_dags/example_time_delta_sensor_async.py took 0.072 seconds
[2026-04-21T00:28:44.888+0000] {processor.py:161} INFO - Started process (PID=3704839) to work on /home/airflow/.local/lib/python3.8/site-packages/airflow/example_dags/example_time_delta_sensor_async.py
[2026-04-21T00:28:44.890+0000] {processor.py:830} INFO - Processing file /home/airflow/.local/lib/python3.8/site-packages/airflow/example_dags/example_time_delta_sensor_async.py for tasks to queue
[2026-04-21T00:28:44.892+0000] {logging_mixin.py:188} INFO - [2026-04-21T00:28:44.892+0000] {dagbag.py:538} INFO - Filling up the DagBag from /home/airflow/.local/lib/python3.8/site-packages/airflow/example_dags/example_time_delta_sensor_async.py
[2026-04-21T00:28:44.898+0000] {processor.py:840} INFO - DAG(s) 'example_time_delta_sensor_async' retrieved from /home/airflow/.local/lib/python3.8/site-packages/airflow/example_dags/example_time_delta_sensor_async.py
[2026-04-21T00:28:44.924+0000] {logging_mixin.py:188} INFO - [2026-04-21T00:28:44.923+0000] {dag.py:3036} INFO - Sync 1 DAGs
[2026-04-21T00:28:44.938+0000] {logging_mixin.py:188} INFO - [2026-04-21T00:28:44.938+0000] {dag.py:3823} INFO - Setting next_dagrun for example_time_delta_sensor_async to None, run_after=None
[2026-04-21T00:28:44.957+0000] {processor.py:183} INFO - Processing /home/airflow/.local/lib/python3.8/site-packages/airflow/example_dags/example_time_delta_sensor_async.py took 0.074 seconds
[2026-04-21T00:29:15.114+0000] {processor.py:161} INFO - Started process (PID=3704896) to work on /home/airflow/.local/lib/python3.8/site-packages/airflow/example_dags/example_time_delta_sensor_async.py
[2026-04-21T00:29:15.115+0000] {processor.py:830} INFO - Processing file /home/airflow/.local/lib/python3.8/site-packages/airflow/example_dags/example_time_delta_sensor_async.py for tasks to queue
[2026-04-21T00:29:15.117+0000] {logging_mixin.py:188} INFO - [2026-04-21T00:29:15.117+0000] {dagbag.py:538} INFO - Filling up the DagBag from /home/airflow/.local/lib/python3.8/site-packages/airflow/example_dags/example_time_delta_sensor_async.py
[2026-04-21T00:29:15.123+0000] {processor.py:840} INFO - DAG(s) 'example_time_delta_sensor_async' retrieved from /home/airflow/.local/lib/python3.8/site-packages/airflow/example_dags/example_time_delta_sensor_async.py
[2026-04-21T00:29:15.148+0000] {logging_mixin.py:188} INFO - [2026-04-21T00:29:15.148+0000] {dag.py:3036} INFO - Sync 1 DAGs
[2026-04-21T00:29:15.162+0000] {logging_mixin.py:188} INFO - [2026-04-21T00:29:15.162+0000] {dag.py:3823} INFO - Setting next_dagrun for example_time_delta_sensor_async to None, run_after=None
[2026-04-21T00:29:15.180+0000] {processor.py:183} INFO - Processing /home/airflow/.local/lib/python3.8/site-packages/airflow/example_dags/example_time_delta_sensor_async.py took 0.071 seconds
[2026-04-21T00:29:45.342+0000] {processor.py:161} INFO - Started process (PID=3704953) to work on /home/airflow/.local/lib/python3.8/site-packages/airflow/example_dags/example_time_delta_sensor_async.py
[2026-04-21T00:29:45.344+0000] {processor.py:830} INFO - Processing file /home/airflow/.local/lib/python3.8/site-packages/airflow/example_dags/example_time_delta_sensor_async.py for tasks to queue
[2026-04-21T00:29:45.346+0000] {logging_mixin.py:188} INFO - [2026-04-21T00:29:45.346+0000] {dagbag.py:538} INFO - Filling up the DagBag from /home/airflow/.local/lib/python3.8/site-packages/airflow/example_dags/example_time_delta_sensor_async.py
[2026-04-21T00:29:45.352+0000] {processor.py:840} INFO - DAG(s) 'example_time_delta_sensor_async' retrieved from /home/airflow/.local/lib/python3.8/site-packages/airflow/example_dags/example_time_delta_sensor_async.py
[2026-04-21T00:29:45.377+0000] {logging_mixin.py:188} INFO - [2026-04-21T00:29:45.377+0000] {dag.py:3036} INFO - Sync 1 DAGs
[2026-04-21T00:29:45.391+0000] {logging_mixin.py:188} INFO - [2026-04-21T00:29:45.391+0000] {dag.py:3823} INFO - Setting next_dagrun for example_time_delta_sensor_async to None, run_after=None
[2026-04-21T00:29:45.411+0000] {processor.py:183} INFO - Processing /home/airflow/.local/lib/python3.8/site-packages/airflow/example_dags/example_time_delta_sensor_async.py took 0.073 seconds
[2026-04-21T00:30:15.567+0000] {processor.py:161} INFO - Started process (PID=3705010) to work on /home/airflow/.local/lib/python3.8/site-packages/airflow/example_dags/example_time_delta_sensor_async.py
[2026-04-21T00:30:15.568+0000] {processor.py:830} INFO - Processing file /home/airflow/.local/lib/python3.8/site-packages/airflow/example_dags/example_time_delta_sensor_async.py for tasks to queue
[2026-04-21T00:30:15.570+0000] {logging_mixin.py:188} INFO - [2026-04-21T00:30:15.570+0000] {dagbag.py:538} INFO - Filling up the DagBag from /home/airflow/.local/lib/python3.8/site-packages/airflow/example_dags/example_time_delta_sensor_async.py
[2026-04-21T00:30:15.577+0000] {processor.py:840} INFO - DAG(s) 'example_time_delta_sensor_async' retrieved from /home/airflow/.local/lib/python3.8/site-packages/airflow/example_dags/example_time_delta_sensor_async.py
[2026-04-21T00:30:15.603+0000] {logging_mixin.py:188} INFO - [2026-04-21T00:30:15.603+0000] {dag.py:3036} INFO - Sync 1 DAGs
[2026-04-21T00:30:15.618+0000] {logging_mixin.py:188} INFO - [2026-04-21T00:30:15.618+0000] {dag.py:3823} INFO - Setting next_dagrun for example_time_delta_sensor_async to None, run_after=None
[2026-04-21T00:30:15.638+0000] {processor.py:183} INFO - Processing /home/airflow/.local/lib/python3.8/site-packages/airflow/example_dags/example_time_delta_sensor_async.py took 0.076 seconds
[2026-04-21T00:30:45.754+0000] {processor.py:161} INFO - Started process (PID=3705067) to work on /home/airflow/.local/lib/python3.8/site-packages/airflow/example_dags/example_time_delta_sensor_async.py
[2026-04-21T00:30:45.756+0000] {processor.py:830} INFO - Processing file /home/airflow/.local/lib/python3.8/site-packages/airflow/example_dags/example_time_delta_sensor_async.py for tasks to queue
[2026-04-21T00:30:45.759+0000] {logging_mixin.py:188} INFO - [2026-04-21T00:30:45.758+0000] {dagbag.py:538} INFO - Filling up the DagBag from /home/airflow/.local/lib/python3.8/site-packages/airflow/example_dags/example_time_delta_sensor_async.py
[2026-04-21T00:30:45.765+0000] {processor.py:840} INFO - DAG(s) 'example_time_delta_sensor_async' retrieved from /home/airflow/.local/lib/python3.8/site-packages/airflow/example_dags/example_time_delta_sensor_async.py
[2026-04-21T00:30:45.792+0000] {logging_mixin.py:188} INFO - [2026-04-21T00:30:45.791+0000] {dag.py:3036} INFO - Sync 1 DAGs
[2026-04-21T00:30:45.806+0000] {logging_mixin.py:188} INFO - [2026-04-21T00:30:45.805+0000] {dag.py:3823} INFO - Setting next_dagrun for example_time_delta_sensor_async to None, run_after=None
[2026-04-21T00:30:45.824+0000] {processor.py:183} INFO - Processing /home/airflow/.local/lib/python3.8/site-packages/airflow/example_dags/example_time_delta_sensor_async.py took 0.075 seconds
[2026-04-21T00:31:16.203+0000] {processor.py:161} INFO - Started process (PID=3705124) to work on /home/airflow/.local/lib/python3.8/site-packages/airflow/example_dags/example_time_delta_sensor_async.py
[2026-04-21T00:31:16.204+0000] {processor.py:830} INFO - Processing file /home/airflow/.local/lib/python3.8/site-packages/airflow/example_dags/example_time_delta_sensor_async.py for tasks to queue
[2026-04-21T00:31:16.207+0000] {logging_mixin.py:188} INFO - [2026-04-21T00:31:16.206+0000] {dagbag.py:538} INFO - Filling up the DagBag from /home/airflow/.local/lib/python3.8/site-packages/airflow/example_dags/example_time_delta_sensor_async.py
[2026-04-21T00:31:16.213+0000] {processor.py:840} INFO - DAG(s) 'example_time_delta_sensor_async' retrieved from /home/airflow/.local/lib/python3.8/site-packages/airflow/example_dags/example_time_delta_sensor_async.py
[2026-04-21T00:31:16.239+0000] {logging_mixin.py:188} INFO - [2026-04-21T00:31:16.239+0000] {dag.py:3036} INFO - Sync 1 DAGs
[2026-04-21T00:31:16.254+0000] {logging_mixin.py:188} INFO - [2026-04-21T00:31:16.254+0000] {dag.py:3823} INFO - Setting next_dagrun for example_time_delta_sensor_async to None, run_after=None
[2026-04-21T00:31:16.274+0000] {processor.py:183} INFO - Processing /home/airflow/.local/lib/python3.8/site-packages/airflow/example_dags/example_time_delta_sensor_async.py took 0.076 seconds
[2026-04-21T00:31:46.356+0000] {processor.py:161} INFO - Started process (PID=3705181) to work on /home/airflow/.local/lib/python3.8/site-packages/airflow/example_dags/example_time_delta_sensor_async.py
[2026-04-21T00:31:46.358+0000] {processor.py:830} INFO - Processing file /home/airflow/.local/lib/python3.8/site-packages/airflow/example_dags/example_time_delta_sensor_async.py for tasks to queue
[2026-04-21T00:31:46.360+0000] {logging_mixin.py:188} INFO - [2026-04-21T00:31:46.360+0000] {dagbag.py:538} INFO - Filling up the DagBag from /home/airflow/.local/lib/python3.8/site-packages/airflow/example_dags/example_time_delta_sensor_async.py
[2026-04-21T00:31:46.366+0000] {processor.py:840} INFO - DAG(s) 'example_time_delta_sensor_async' retrieved from /home/airflow/.local/lib/python3.8/site-packages/airflow/example_dags/example_time_delta_sensor_async.py
[2026-04-21T00:31:46.391+0000] {logging_mixin.py:188} INFO - [2026-04-21T00:31:46.391+0000] {dag.py:3036} INFO - Sync 1 DAGs
[2026-04-21T00:31:46.406+0000] {logging_mixin.py:188} INFO - [2026-04-21T00:31:46.405+0000] {dag.py:3823} INFO - Setting next_dagrun for example_time_delta_sensor_async to None, run_after=None
[2026-04-21T00:31:46.425+0000] {processor.py:183} INFO - Processing /home/airflow/.local/lib/python3.8/site-packages/airflow/example_dags/example_time_delta_sensor_async.py took 0.074 seconds
[2026-04-21T00:32:16.740+0000] {processor.py:161} INFO - Started process (PID=3705238) to work on /home/airflow/.local/lib/python3.8/site-packages/airflow/example_dags/example_time_delta_sensor_async.py
[2026-04-21T00:32:16.741+0000] {processor.py:830} INFO - Processing file /home/airflow/.local/lib/python3.8/site-packages/airflow/example_dags/example_time_delta_sensor_async.py for tasks to queue
[2026-04-21T00:32:16.743+0000] {logging_mixin.py:188} INFO - [2026-04-21T00:32:16.743+0000] {dagbag.py:538} INFO - Filling up the DagBag from /home/airflow/.local/lib/python3.8/site-packages/airflow/example_dags/example_time_delta_sensor_async.py
[2026-04-21T00:32:16.749+0000] {processor.py:840} INFO - DAG(s) 'example_time_delta_sensor_async' retrieved from /home/airflow/.local/lib/python3.8/site-packages/airflow/example_dags/example_time_delta_sensor_async.py
[2026-04-21T00:32:16.778+0000] {logging_mixin.py:188} INFO - [2026-04-21T00:32:16.777+0000] {dag.py:3036} INFO - Sync 1 DAGs
[2026-04-21T00:32:16.793+0000] {logging_mixin.py:188} INFO - [2026-04-21T00:32:16.792+0000] {dag.py:3823} INFO - Setting next_dagrun for example_time_delta_sensor_async to None, run_after=None
[2026-04-21T00:32:16.813+0000] {processor.py:183} INFO - Processing /home/airflow/.local/lib/python3.8/site-packages/airflow/example_dags/example_time_delta_sensor_async.py took 0.079 seconds
[2026-04-21T00:32:46.901+0000] {processor.py:161} INFO - Started process (PID=3705295) to work on /home/airflow/.local/lib/python3.8/site-packages/airflow/example_dags/example_time_delta_sensor_async.py
[2026-04-21T00:32:46.903+0000] {processor.py:830} INFO - Processing file /home/airflow/.local/lib/python3.8/site-packages/airflow/example_dags/example_time_delta_sensor_async.py for tasks to queue
[2026-04-21T00:32:46.905+0000] {logging_mixin.py:188} INFO - [2026-04-21T00:32:46.905+0000] {dagbag.py:538} INFO - Filling up the DagBag from /home/airflow/.local/lib/python3.8/site-packages/airflow/example_dags/example_time_delta_sensor_async.py
[2026-04-21T00:32:46.912+0000] {processor.py:840} INFO - DAG(s) 'example_time_delta_sensor_async' retrieved from /home/airflow/.local/lib/python3.8/site-packages/airflow/example_dags/example_time_delta_sensor_async.py
[2026-04-21T00:32:46.937+0000] {logging_mixin.py:188} INFO - [2026-04-21T00:32:46.937+0000] {dag.py:3036} INFO - Sync 1 DAGs
[2026-04-21T00:32:46.952+0000] {logging_mixin.py:188} INFO - [2026-04-21T00:32:46.952+0000] {dag.py:3823} INFO - Setting next_dagrun for example_time_delta_sensor_async to None, run_after=None
[2026-04-21T00:32:46.971+0000] {processor.py:183} INFO - Processing /home/airflow/.local/lib/python3.8/site-packages/airflow/example_dags/example_time_delta_sensor_async.py took 0.075 seconds
[2026-04-21T00:33:17.102+0000] {processor.py:161} INFO - Started process (PID=3705352) to work on /home/airflow/.local/lib/python3.8/site-packages/airflow/example_dags/example_time_delta_sensor_async.py
[2026-04-21T00:33:17.103+0000] {processor.py:830} INFO - Processing file /home/airflow/.local/lib/python3.8/site-packages/airflow/example_dags/example_time_delta_sensor_async.py for tasks to queue
[2026-04-21T00:33:17.106+0000] {logging_mixin.py:188} INFO - [2026-04-21T00:33:17.105+0000] {dagbag.py:538} INFO - Filling up the DagBag from /home/airflow/.local/lib/python3.8/site-packages/airflow/example_dags/example_time_delta_sensor_async.py
[2026-04-21T00:33:17.112+0000] {processor.py:840} INFO - DAG(s) 'example_time_delta_sensor_async' retrieved from /home/airflow/.local/lib/python3.8/site-packages/airflow/example_dags/example_time_delta_sensor_async.py
[2026-04-21T00:33:17.139+0000] {logging_mixin.py:188} INFO - [2026-04-21T00:33:17.138+0000] {dag.py:3036} INFO - Sync 1 DAGs
[2026-04-21T00:33:17.153+0000] {logging_mixin.py:188} INFO - [2026-04-21T00:33:17.153+0000] {dag.py:3823} INFO - Setting next_dagrun for example_time_delta_sensor_async to None, run_after=None
[2026-04-21T00:33:17.173+0000] {processor.py:183} INFO - Processing /home/airflow/.local/lib/python3.8/site-packages/airflow/example_dags/example_time_delta_sensor_async.py took 0.076 seconds
[2026-04-21T00:33:47.294+0000] {processor.py:161} INFO - Started process (PID=3705409) to work on /home/airflow/.local/lib/python3.8/site-packages/airflow/example_dags/example_time_delta_sensor_async.py
[2026-04-21T00:33:47.296+0000] {processor.py:830} INFO - Processing file /home/airflow/.local/lib/python3.8/site-packages/airflow/example_dags/example_time_delta_sensor_async.py for tasks to queue
[2026-04-21T00:33:47.298+0000] {logging_mixin.py:188} INFO - [2026-04-21T00:33:47.298+0000] {dagbag.py:538} INFO - Filling up the DagBag from /home/airflow/.local/lib/python3.8/site-packages/airflow/example_dags/example_time_delta_sensor_async.py
[2026-04-21T00:33:47.305+0000] {processor.py:840} INFO - DAG(s) 'example_time_delta_sensor_async' retrieved from /home/airflow/.local/lib/python3.8/site-packages/airflow/example_dags/example_time_delta_sensor_async.py
[2026-04-21T00:33:47.329+0000] {logging_mixin.py:188} INFO - [2026-04-21T00:33:47.329+0000] {dag.py:3036} INFO - Sync 1 DAGs
[2026-04-21T00:33:47.344+0000] {logging_mixin.py:188} INFO - [2026-04-21T00:33:47.344+0000] {dag.py:3823} INFO - Setting next_dagrun for example_time_delta_sensor_async to None, run_after=None
[2026-04-21T00:33:47.364+0000] {processor.py:183} INFO - Processing /home/airflow/.local/lib/python3.8/site-packages/airflow/example_dags/example_time_delta_sensor_async.py took 0.075 seconds
[2026-04-21T00:34:17.596+0000] {processor.py:161} INFO - Started process (PID=3705466) to work on /home/airflow/.local/lib/python3.8/site-packages/airflow/example_dags/example_time_delta_sensor_async.py
[2026-04-21T00:34:17.597+0000] {processor.py:830} INFO - Processing file /home/airflow/.local/lib/python3.8/site-packages/airflow/example_dags/example_time_delta_sensor_async.py for tasks to queue
[2026-04-21T00:34:17.600+0000] {logging_mixin.py:188} INFO - [2026-04-21T00:34:17.599+0000] {dagbag.py:538} INFO - Filling up the DagBag from /home/airflow/.local/lib/python3.8/site-packages/airflow/example_dags/example_time_delta_sensor_async.py
[2026-04-21T00:34:17.606+0000] {processor.py:840} INFO - DAG(s) 'example_time_delta_sensor_async' retrieved from /home/airflow/.local/lib/python3.8/site-packages/airflow/example_dags/example_time_delta_sensor_async.py
[2026-04-21T00:34:17.632+0000] {logging_mixin.py:188} INFO - [2026-04-21T00:34:17.631+0000] {dag.py:3036} INFO - Sync 1 DAGs
[2026-04-21T00:34:17.646+0000] {logging_mixin.py:188} INFO - [2026-04-21T00:34:17.646+0000] {dag.py:3823} INFO - Setting next_dagrun for example_time_delta_sensor_async to None, run_after=None
[2026-04-21T00:34:17.665+0000] {processor.py:183} INFO - Processing /home/airflow/.local/lib/python3.8/site-packages/airflow/example_dags/example_time_delta_sensor_async.py took 0.075 seconds
[2026-04-21T00:34:47.776+0000] {processor.py:161} INFO - Started process (PID=3705523) to work on /home/airflow/.local/lib/python3.8/site-packages/airflow/example_dags/example_time_delta_sensor_async.py
[2026-04-21T00:34:47.778+0000] {processor.py:830} INFO - Processing file /home/airflow/.local/lib/python3.8/site-packages/airflow/example_dags/example_time_delta_sensor_async.py for tasks to queue
[2026-04-21T00:34:47.780+0000] {logging_mixin.py:188} INFO - [2026-04-21T00:34:47.780+0000] {dagbag.py:538} INFO - Filling up the DagBag from /home/airflow/.local/lib/python3.8/site-packages/airflow/example_dags/example_time_delta_sensor_async.py
[2026-04-21T00:34:47.786+0000] {processor.py:840} INFO - DAG(s) 'example_time_delta_sensor_async' retrieved from /home/airflow/.local/lib/python3.8/site-packages/airflow/example_dags/example_time_delta_sensor_async.py
[2026-04-21T00:34:47.812+0000] {logging_mixin.py:188} INFO - [2026-04-21T00:34:47.812+0000] {dag.py:3036} INFO - Sync 1 DAGs
[2026-04-21T00:34:47.826+0000] {logging_mixin.py:188} INFO - [2026-04-21T00:34:47.826+0000] {dag.py:3823} INFO - Setting next_dagrun for example_time_delta_sensor_async to None, run_after=None
[2026-04-21T00:34:47.845+0000] {processor.py:183} INFO - Processing /home/airflow/.local/lib/python3.8/site-packages/airflow/example_dags/example_time_delta_sensor_async.py took 0.074 seconds
[2026-04-21T00:35:18.307+0000] {processor.py:161} INFO - Started process (PID=3705580) to work on /home/airflow/.local/lib/python3.8/site-packages/airflow/example_dags/example_time_delta_sensor_async.py
[2026-04-21T00:35:18.309+0000] {processor.py:830} INFO - Processing file /home/airflow/.local/lib/python3.8/site-packages/airflow/example_dags/example_time_delta_sensor_async.py for tasks to queue
[2026-04-21T00:35:18.312+0000] {logging_mixin.py:188} INFO - [2026-04-21T00:35:18.311+0000] {dagbag.py:538} INFO - Filling up the DagBag from /home/airflow/.local/lib/python3.8/site-packages/airflow/example_dags/example_time_delta_sensor_async.py
[2026-04-21T00:35:18.318+0000] {processor.py:840} INFO - DAG(s) 'example_time_delta_sensor_async' retrieved from /home/airflow/.local/lib/python3.8/site-packages/airflow/example_dags/example_time_delta_sensor_async.py
[2026-04-21T00:35:18.346+0000] {logging_mixin.py:188} INFO - [2026-04-21T00:35:18.346+0000] {dag.py:3036} INFO - Sync 1 DAGs
[2026-04-21T00:35:18.362+0000] {logging_mixin.py:188} INFO - [2026-04-21T00:35:18.362+0000] {dag.py:3823} INFO - Setting next_dagrun for example_time_delta_sensor_async to None, run_after=None
[2026-04-21T00:35:18.382+0000] {processor.py:183} INFO - Processing /home/airflow/.local/lib/python3.8/site-packages/airflow/example_dags/example_time_delta_sensor_async.py took 0.080 seconds
[2026-04-21T00:35:48.483+0000] {processor.py:161} INFO - Started process (PID=3705637) to work on /home/airflow/.local/lib/python3.8/site-packages/airflow/example_dags/example_time_delta_sensor_async.py
[2026-04-21T00:35:48.487+0000] {processor.py:830} INFO - Processing file /home/airflow/.local/lib/python3.8/site-packages/airflow/example_dags/example_time_delta_sensor_async.py for tasks to queue
[2026-04-21T00:35:48.489+0000] {logging_mixin.py:188} INFO - [2026-04-21T00:35:48.489+0000] {dagbag.py:538} INFO - Filling up the DagBag from /home/airflow/.local/lib/python3.8/site-packages/airflow/example_dags/example_time_delta_sensor_async.py
[2026-04-21T00:35:48.495+0000] {processor.py:840} INFO - DAG(s) 'example_time_delta_sensor_async' retrieved from /home/airflow/.local/lib/python3.8/site-packages/airflow/example_dags/example_time_delta_sensor_async.py
[2026-04-21T00:35:48.521+0000] {logging_mixin.py:188} INFO - [2026-04-21T00:35:48.520+0000] {dag.py:3036} INFO - Sync 1 DAGs
[2026-04-21T00:35:48.535+0000] {logging_mixin.py:188} INFO - [2026-04-21T00:35:48.535+0000] {dag.py:3823} INFO - Setting next_dagrun for example_time_delta_sensor_async to None, run_after=None
[2026-04-21T00:35:48.553+0000] {processor.py:183} INFO - Processing /home/airflow/.local/lib/python3.8/site-packages/airflow/example_dags/example_time_delta_sensor_async.py took 0.075 seconds
[2026-04-21T00:36:18.884+0000] {processor.py:161} INFO - Started process (PID=3705694) to work on /home/airflow/.local/lib/python3.8/site-packages/airflow/example_dags/example_time_delta_sensor_async.py
[2026-04-21T00:36:18.886+0000] {processor.py:830} INFO - Processing file /home/airflow/.local/lib/python3.8/site-packages/airflow/example_dags/example_time_delta_sensor_async.py for tasks to queue
[2026-04-21T00:36:18.888+0000] {logging_mixin.py:188} INFO - [2026-04-21T00:36:18.888+0000] {dagbag.py:538} INFO - Filling up the DagBag from /home/airflow/.local/lib/python3.8/site-packages/airflow/example_dags/example_time_delta_sensor_async.py
[2026-04-21T00:36:18.895+0000] {processor.py:840} INFO - DAG(s) 'example_time_delta_sensor_async' retrieved from /home/airflow/.local/lib/python3.8/site-packages/airflow/example_dags/example_time_delta_sensor_async.py
[2026-04-21T00:36:18.920+0000] {logging_mixin.py:188} INFO - [2026-04-21T00:36:18.919+0000] {dag.py:3036} INFO - Sync 1 DAGs
[2026-04-21T00:36:18.934+0000] {logging_mixin.py:188} INFO - [2026-04-21T00:36:18.934+0000] {dag.py:3823} INFO - Setting next_dagrun for example_time_delta_sensor_async to None, run_after=None
[2026-04-21T00:36:18.953+0000] {processor.py:183} INFO - Processing /home/airflow/.local/lib/python3.8/site-packages/airflow/example_dags/example_time_delta_sensor_async.py took 0.076 seconds
[2026-04-21T00:36:49.097+0000] {processor.py:161} INFO - Started process (PID=3705751) to work on /home/airflow/.local/lib/python3.8/site-packages/airflow/example_dags/example_time_delta_sensor_async.py
[2026-04-21T00:36:49.099+0000] {processor.py:830} INFO - Processing file /home/airflow/.local/lib/python3.8/site-packages/airflow/example_dags/example_time_delta_sensor_async.py for tasks to queue
[2026-04-21T00:36:49.101+0000] {logging_mixin.py:188} INFO - [2026-04-21T00:36:49.100+0000] {dagbag.py:538} INFO - Filling up the DagBag from /home/airflow/.local/lib/python3.8/site-packages/airflow/example_dags/example_time_delta_sensor_async.py
[2026-04-21T00:36:49.107+0000] {processor.py:840} INFO - DAG(s) 'example_time_delta_sensor_async' retrieved from /home/airflow/.local/lib/python3.8/site-packages/airflow/example_dags/example_time_delta_sensor_async.py
[2026-04-21T00:36:49.131+0000] {logging_mixin.py:188} INFO - [2026-04-21T00:36:49.131+0000] {dag.py:3036} INFO - Sync 1 DAGs
[2026-04-21T00:36:49.145+0000] {logging_mixin.py:188} INFO - [2026-04-21T00:36:49.145+0000] {dag.py:3823} INFO - Setting next_dagrun for example_time_delta_sensor_async to None, run_after=None
[2026-04-21T00:36:49.164+0000] {processor.py:183} INFO - Processing /home/airflow/.local/lib/python3.8/site-packages/airflow/example_dags/example_time_delta_sensor_async.py took 0.072 seconds
[2026-04-21T00:37:19.327+0000] {processor.py:161} INFO - Started process (PID=3705808) to work on /home/airflow/.local/lib/python3.8/site-packages/airflow/example_dags/example_time_delta_sensor_async.py
[2026-04-21T00:37:19.328+0000] {processor.py:830} INFO - Processing file /home/airflow/.local/lib/python3.8/site-packages/airflow/example_dags/example_time_delta_sensor_async.py for tasks to queue
[2026-04-21T00:37:19.331+0000] {logging_mixin.py:188} INFO - [2026-04-21T00:37:19.330+0000] {dagbag.py:538} INFO - Filling up the DagBag from /home/airflow/.local/lib/python3.8/site-packages/airflow/example_dags/example_time_delta_sensor_async.py
[2026-04-21T00:37:19.338+0000] {processor.py:840} INFO - DAG(s) 'example_time_delta_sensor_async' retrieved from /home/airflow/.local/lib/python3.8/site-packages/airflow/example_dags/example_time_delta_sensor_async.py
[2026-04-21T00:37:19.366+0000] {logging_mixin.py:188} INFO - [2026-04-21T00:37:19.366+0000] {dag.py:3036} INFO - Sync 1 DAGs
[2026-04-21T00:37:19.381+0000] {logging_mixin.py:188} INFO - [2026-04-21T00:37:19.380+0000] {dag.py:3823} INFO - Setting next_dagrun for example_time_delta_sensor_async to None, run_after=None
[2026-04-21T00:37:19.406+0000] {processor.py:183} INFO - Processing /home/airflow/.local/lib/python3.8/site-packages/airflow/example_dags/example_time_delta_sensor_async.py took 0.084 seconds
[2026-04-21T00:37:50.338+0000] {processor.py:161} INFO - Started process (PID=3705865) to work on /home/airflow/.local/lib/python3.8/site-packages/airflow/example_dags/example_time_delta_sensor_async.py
[2026-04-21T00:37:50.340+0000] {processor.py:830} INFO - Processing file /home/airflow/.local/lib/python3.8/site-packages/airflow/example_dags/example_time_delta_sensor_async.py for tasks to queue
[2026-04-21T00:37:50.343+0000] {logging_mixin.py:188} INFO - [2026-04-21T00:37:50.342+0000] {dagbag.py:538} INFO - Filling up the DagBag from /home/airflow/.local/lib/python3.8/site-packages/airflow/example_dags/example_time_delta_sensor_async.py
[2026-04-21T00:37:50.349+0000] {processor.py:840} INFO - DAG(s) 'example_time_delta_sensor_async' retrieved from /home/airflow/.local/lib/python3.8/site-packages/airflow/example_dags/example_time_delta_sensor_async.py
[2026-04-21T00:37:50.374+0000] {logging_mixin.py:188} INFO - [2026-04-21T00:37:50.374+0000] {dag.py:3036} INFO - Sync 1 DAGs
[2026-04-21T00:37:50.390+0000] {logging_mixin.py:188} INFO - [2026-04-21T00:37:50.390+0000] {dag.py:3823} INFO - Setting next_dagrun for example_time_delta_sensor_async to None, run_after=None
[2026-04-21T00:37:50.410+0000] {processor.py:183} INFO - Processing /home/airflow/.local/lib/python3.8/site-packages/airflow/example_dags/example_time_delta_sensor_async.py took 0.076 seconds
[2026-04-21T00:38:20.500+0000] {processor.py:161} INFO - Started process (PID=3705922) to work on /home/airflow/.local/lib/python3.8/site-packages/airflow/example_dags/example_time_delta_sensor_async.py
[2026-04-21T00:38:20.502+0000] {processor.py:830} INFO - Processing file /home/airflow/.local/lib/python3.8/site-packages/airflow/example_dags/example_time_delta_sensor_async.py for tasks to queue
[2026-04-21T00:38:20.504+0000] {logging_mixin.py:188} INFO - [2026-04-21T00:38:20.504+0000] {dagbag.py:538} INFO - Filling up the DagBag from /home/airflow/.local/lib/python3.8/site-packages/airflow/example_dags/example_time_delta_sensor_async.py
[2026-04-21T00:38:20.511+0000] {processor.py:840} INFO - DAG(s) 'example_time_delta_sensor_async' retrieved from /home/airflow/.local/lib/python3.8/site-packages/airflow/example_dags/example_time_delta_sensor_async.py
[2026-04-21T00:38:20.536+0000] {logging_mixin.py:188} INFO - [2026-04-21T00:38:20.536+0000] {dag.py:3036} INFO - Sync 1 DAGs
[2026-04-21T00:38:20.550+0000] {logging_mixin.py:188} INFO - [2026-04-21T00:38:20.550+0000] {dag.py:3823} INFO - Setting next_dagrun for example_time_delta_sensor_async to None, run_after=None
[2026-04-21T00:38:20.570+0000] {processor.py:183} INFO - Processing /home/airflow/.local/lib/python3.8/site-packages/airflow/example_dags/example_time_delta_sensor_async.py took 0.075 seconds
[2026-04-21T00:38:50.986+0000] {processor.py:161} INFO - Started process (PID=3705979) to work on /home/airflow/.local/lib/python3.8/site-packages/airflow/example_dags/example_time_delta_sensor_async.py
[2026-04-21T00:38:50.987+0000] {processor.py:830} INFO - Processing file /home/airflow/.local/lib/python3.8/site-packages/airflow/example_dags/example_time_delta_sensor_async.py for tasks to queue
[2026-04-21T00:38:50.990+0000] {logging_mixin.py:188} INFO - [2026-04-21T00:38:50.989+0000] {dagbag.py:538} INFO - Filling up the DagBag from /home/airflow/.local/lib/python3.8/site-packages/airflow/example_dags/example_time_delta_sensor_async.py
[2026-04-21T00:38:50.996+0000] {processor.py:840} INFO - DAG(s) 'example_time_delta_sensor_async' retrieved from /home/airflow/.local/lib/python3.8/site-packages/airflow/example_dags/example_time_delta_sensor_async.py
[2026-04-21T00:38:51.023+0000] {logging_mixin.py:188} INFO - [2026-04-21T00:38:51.022+0000] {dag.py:3036} INFO - Sync 1 DAGs
[2026-04-21T00:38:51.037+0000] {logging_mixin.py:188} INFO - [2026-04-21T00:38:51.037+0000] {dag.py:3823} INFO - Setting next_dagrun for example_time_delta_sensor_async to None, run_after=None
[2026-04-21T00:38:51.057+0000] {processor.py:183} INFO - Processing /home/airflow/.local/lib/python3.8/site-packages/airflow/example_dags/example_time_delta_sensor_async.py took 0.076 seconds
[2026-04-21T00:39:21.111+0000] {processor.py:161} INFO - Started process (PID=3706036) to work on /home/airflow/.local/lib/python3.8/site-packages/airflow/example_dags/example_time_delta_sensor_async.py
[2026-04-21T00:39:21.113+0000] {processor.py:830} INFO - Processing file /home/airflow/.local/lib/python3.8/site-packages/airflow/example_dags/example_time_delta_sensor_async.py for tasks to queue
[2026-04-21T00:39:21.116+0000] {logging_mixin.py:188} INFO - [2026-04-21T00:39:21.116+0000] {dagbag.py:538} INFO - Filling up the DagBag from /home/airflow/.local/lib/python3.8/site-packages/airflow/example_dags/example_time_delta_sensor_async.py
[2026-04-21T00:39:21.125+0000] {processor.py:840} INFO - DAG(s) 'example_time_delta_sensor_async' retrieved from /home/airflow/.local/lib/python3.8/site-packages/airflow/example_dags/example_time_delta_sensor_async.py
[2026-04-21T00:39:21.149+0000] {logging_mixin.py:188} INFO - [2026-04-21T00:39:21.149+0000] {dag.py:3036} INFO - Sync 1 DAGs
[2026-04-21T00:39:21.163+0000] {logging_mixin.py:188} INFO - [2026-04-21T00:39:21.163+0000] {dag.py:3823} INFO - Setting next_dagrun for example_time_delta_sensor_async to None, run_after=None
[2026-04-21T00:39:21.181+0000] {processor.py:183} INFO - Processing /home/airflow/.local/lib/python3.8/site-packages/airflow/example_dags/example_time_delta_sensor_async.py took 0.078 seconds
[2026-04-21T00:39:51.277+0000] {processor.py:161} INFO - Started process (PID=3706093) to work on /home/airflow/.local/lib/python3.8/site-packages/airflow/example_dags/example_time_delta_sensor_async.py
[2026-04-21T00:39:51.279+0000] {processor.py:830} INFO - Processing file /home/airflow/.local/lib/python3.8/site-packages/airflow/example_dags/example_time_delta_sensor_async.py for tasks to queue
[2026-04-21T00:39:51.282+0000] {logging_mixin.py:188} INFO - [2026-04-21T00:39:51.281+0000] {dagbag.py:538} INFO - Filling up the DagBag from /home/airflow/.local/lib/python3.8/site-packages/airflow/example_dags/example_time_delta_sensor_async.py
[2026-04-21T00:39:51.288+0000] {processor.py:840} INFO - DAG(s) 'example_time_delta_sensor_async' retrieved from /home/airflow/.local/lib/python3.8/site-packages/airflow/example_dags/example_time_delta_sensor_async.py
[2026-04-21T00:39:51.313+0000] {logging_mixin.py:188} INFO - [2026-04-21T00:39:51.312+0000] {dag.py:3036} INFO - Sync 1 DAGs
[2026-04-21T00:39:51.327+0000] {logging_mixin.py:188} INFO - [2026-04-21T00:39:51.327+0000] {dag.py:3823} INFO - Setting next_dagrun for example_time_delta_sensor_async to None, run_after=None
[2026-04-21T00:39:51.346+0000] {processor.py:183} INFO - Processing /home/airflow/.local/lib/python3.8/site-packages/airflow/example_dags/example_time_delta_sensor_async.py took 0.074 seconds
[2026-04-21T00:40:21.643+0000] {processor.py:161} INFO - Started process (PID=3706150) to work on /home/airflow/.local/lib/python3.8/site-packages/airflow/example_dags/example_time_delta_sensor_async.py
[2026-04-21T00:40:21.644+0000] {processor.py:830} INFO - Processing file /home/airflow/.local/lib/python3.8/site-packages/airflow/example_dags/example_time_delta_sensor_async.py for tasks to queue
[2026-04-21T00:40:21.646+0000] {logging_mixin.py:188} INFO - [2026-04-21T00:40:21.646+0000] {dagbag.py:538} INFO - Filling up the DagBag from /home/airflow/.local/lib/python3.8/site-packages/airflow/example_dags/example_time_delta_sensor_async.py
[2026-04-21T00:40:21.652+0000] {processor.py:840} INFO - DAG(s) 'example_time_delta_sensor_async' retrieved from /home/airflow/.local/lib/python3.8/site-packages/airflow/example_dags/example_time_delta_sensor_async.py
[2026-04-21T00:40:21.677+0000] {logging_mixin.py:188} INFO - [2026-04-21T00:40:21.677+0000] {dag.py:3036} INFO - Sync 1 DAGs
[2026-04-21T00:40:21.691+0000] {logging_mixin.py:188} INFO - [2026-04-21T00:40:21.691+0000] {dag.py:3823} INFO - Setting next_dagrun for example_time_delta_sensor_async to None, run_after=None
[2026-04-21T00:40:21.710+0000] {processor.py:183} INFO - Processing /home/airflow/.local/lib/python3.8/site-packages/airflow/example_dags/example_time_delta_sensor_async.py took 0.072 seconds
[2026-04-21T00:40:52.125+0000] {processor.py:161} INFO - Started process (PID=3706207) to work on /home/airflow/.local/lib/python3.8/site-packages/airflow/example_dags/example_time_delta_sensor_async.py
[2026-04-21T00:40:52.127+0000] {processor.py:830} INFO - Processing file /home/airflow/.local/lib/python3.8/site-packages/airflow/example_dags/example_time_delta_sensor_async.py for tasks to queue
[2026-04-21T00:40:52.129+0000] {logging_mixin.py:188} INFO - [2026-04-21T00:40:52.129+0000] {dagbag.py:538} INFO - Filling up the DagBag from /home/airflow/.local/lib/python3.8/site-packages/airflow/example_dags/example_time_delta_sensor_async.py
[2026-04-21T00:40:52.136+0000] {processor.py:840} INFO - DAG(s) 'example_time_delta_sensor_async' retrieved from /home/airflow/.local/lib/python3.8/site-packages/airflow/example_dags/example_time_delta_sensor_async.py
[2026-04-21T00:40:52.161+0000] {logging_mixin.py:188} INFO - [2026-04-21T00:40:52.161+0000] {dag.py:3036} INFO - Sync 1 DAGs
[2026-04-21T00:40:52.174+0000] {logging_mixin.py:188} INFO - [2026-04-21T00:40:52.174+0000] {dag.py:3823} INFO - Setting next_dagrun for example_time_delta_sensor_async to None, run_after=None
[2026-04-21T00:40:52.193+0000] {processor.py:183} INFO - Processing /home/airflow/.local/lib/python3.8/site-packages/airflow/example_dags/example_time_delta_sensor_async.py took 0.073 seconds
[2026-04-21T00:41:22.413+0000] {processor.py:161} INFO - Started process (PID=3706264) to work on /home/airflow/.local/lib/python3.8/site-packages/airflow/example_dags/example_time_delta_sensor_async.py
[2026-04-21T00:41:22.414+0000] {processor.py:830} INFO - Processing file /home/airflow/.local/lib/python3.8/site-packages/airflow/example_dags/example_time_delta_sensor_async.py for tasks to queue
[2026-04-21T00:41:22.416+0000] {logging_mixin.py:188} INFO - [2026-04-21T00:41:22.416+0000] {dagbag.py:538} INFO - Filling up the DagBag from /home/airflow/.local/lib/python3.8/site-packages/airflow/example_dags/example_time_delta_sensor_async.py
[2026-04-21T00:41:22.422+0000] {processor.py:840} INFO - DAG(s) 'example_time_delta_sensor_async' retrieved from /home/airflow/.local/lib/python3.8/site-packages/airflow/example_dags/example_time_delta_sensor_async.py
[2026-04-21T00:41:22.448+0000] {logging_mixin.py:188} INFO - [2026-04-21T00:41:22.447+0000] {dag.py:3036} INFO - Sync 1 DAGs
[2026-04-21T00:41:22.462+0000] {logging_mixin.py:188} INFO - [2026-04-21T00:41:22.461+0000] {dag.py:3823} INFO - Setting next_dagrun for example_time_delta_sensor_async to None, run_after=None
[2026-04-21T00:41:22.480+0000] {processor.py:183} INFO - Processing /home/airflow/.local/lib/python3.8/site-packages/airflow/example_dags/example_time_delta_sensor_async.py took 0.072 seconds
[2026-04-21T00:41:52.704+0000] {processor.py:161} INFO - Started process (PID=3706321) to work on /home/airflow/.local/lib/python3.8/site-packages/airflow/example_dags/example_time_delta_sensor_async.py
[2026-04-21T00:41:52.706+0000] {processor.py:830} INFO - Processing file /home/airflow/.local/lib/python3.8/site-packages/airflow/example_dags/example_time_delta_sensor_async.py for tasks to queue
[2026-04-21T00:41:52.708+0000] {logging_mixin.py:188} INFO - [2026-04-21T00:41:52.708+0000] {dagbag.py:538} INFO - Filling up the DagBag from /home/airflow/.local/lib/python3.8/site-packages/airflow/example_dags/example_time_delta_sensor_async.py
[2026-04-21T00:41:52.714+0000] {processor.py:840} INFO - DAG(s) 'example_time_delta_sensor_async' retrieved from /home/airflow/.local/lib/python3.8/site-packages/airflow/example_dags/example_time_delta_sensor_async.py
[2026-04-21T00:41:52.739+0000] {logging_mixin.py:188} INFO - [2026-04-21T00:41:52.738+0000] {dag.py:3036} INFO - Sync 1 DAGs
[2026-04-21T00:41:52.753+0000] {logging_mixin.py:188} INFO - [2026-04-21T00:41:52.753+0000] {dag.py:3823} INFO - Setting next_dagrun for example_time_delta_sensor_async to None, run_after=None
[2026-04-21T00:41:52.771+0000] {processor.py:183} INFO - Processing /home/airflow/.local/lib/python3.8/site-packages/airflow/example_dags/example_time_delta_sensor_async.py took 0.072 seconds
[2026-04-21T00:42:22.994+0000] {processor.py:161} INFO - Started process (PID=3706378) to work on /home/airflow/.local/lib/python3.8/site-packages/airflow/example_dags/example_time_delta_sensor_async.py
[2026-04-21T00:42:22.995+0000] {processor.py:830} INFO - Processing file /home/airflow/.local/lib/python3.8/site-packages/airflow/example_dags/example_time_delta_sensor_async.py for tasks to queue
[2026-04-21T00:42:22.997+0000] {logging_mixin.py:188} INFO - [2026-04-21T00:42:22.997+0000] {dagbag.py:538} INFO - Filling up the DagBag from /home/airflow/.local/lib/python3.8/site-packages/airflow/example_dags/example_time_delta_sensor_async.py
[2026-04-21T00:42:23.004+0000] {processor.py:840} INFO - DAG(s) 'example_time_delta_sensor_async' retrieved from /home/airflow/.local/lib/python3.8/site-packages/airflow/example_dags/example_time_delta_sensor_async.py
[2026-04-21T00:42:23.029+0000] {logging_mixin.py:188} INFO - [2026-04-21T00:42:23.028+0000] {dag.py:3036} INFO - Sync 1 DAGs
[2026-04-21T00:42:23.043+0000] {logging_mixin.py:188} INFO - [2026-04-21T00:42:23.042+0000] {dag.py:3823} INFO - Setting next_dagrun for example_time_delta_sensor_async to None, run_after=None
[2026-04-21T00:42:23.061+0000] {processor.py:183} INFO - Processing /home/airflow/.local/lib/python3.8/site-packages/airflow/example_dags/example_time_delta_sensor_async.py took 0.072 seconds
[2026-04-21T00:42:53.164+0000] {processor.py:161} INFO - Started process (PID=3706435) to work on /home/airflow/.local/lib/python3.8/site-packages/airflow/example_dags/example_time_delta_sensor_async.py
[2026-04-21T00:42:53.166+0000] {processor.py:830} INFO - Processing file /home/airflow/.local/lib/python3.8/site-packages/airflow/example_dags/example_time_delta_sensor_async.py for tasks to queue
[2026-04-21T00:42:53.169+0000] {logging_mixin.py:188} INFO - [2026-04-21T00:42:53.168+0000] {dagbag.py:538} INFO - Filling up the DagBag from /home/airflow/.local/lib/python3.8/site-packages/airflow/example_dags/example_time_delta_sensor_async.py
[2026-04-21T00:42:53.175+0000] {processor.py:840} INFO - DAG(s) 'example_time_delta_sensor_async' retrieved from /home/airflow/.local/lib/python3.8/site-packages/airflow/example_dags/example_time_delta_sensor_async.py
[2026-04-21T00:42:53.202+0000] {logging_mixin.py:188} INFO - [2026-04-21T00:42:53.202+0000] {dag.py:3036} INFO - Sync 1 DAGs
[2026-04-21T00:42:53.217+0000] {logging_mixin.py:188} INFO - [2026-04-21T00:42:53.216+0000] {dag.py:3823} INFO - Setting next_dagrun for example_time_delta_sensor_async to None, run_after=None
[2026-04-21T00:42:53.238+0000] {processor.py:183} INFO - Processing /home/airflow/.local/lib/python3.8/site-packages/airflow/example_dags/example_time_delta_sensor_async.py took 0.078 seconds
[2026-04-21T00:43:23.543+0000] {processor.py:161} INFO - Started process (PID=3706492) to work on /home/airflow/.local/lib/python3.8/site-packages/airflow/example_dags/example_time_delta_sensor_async.py
[2026-04-21T00:43:23.544+0000] {processor.py:830} INFO - Processing file /home/airflow/.local/lib/python3.8/site-packages/airflow/example_dags/example_time_delta_sensor_async.py for tasks to queue
[2026-04-21T00:43:23.546+0000] {logging_mixin.py:188} INFO - [2026-04-21T00:43:23.546+0000] {dagbag.py:538} INFO - Filling up the DagBag from /home/airflow/.local/lib/python3.8/site-packages/airflow/example_dags/example_time_delta_sensor_async.py
[2026-04-21T00:43:23.553+0000] {processor.py:840} INFO - DAG(s) 'example_time_delta_sensor_async' retrieved from /home/airflow/.local/lib/python3.8/site-packages/airflow/example_dags/example_time_delta_sensor_async.py
[2026-04-21T00:43:23.577+0000] {logging_mixin.py:188} INFO - [2026-04-21T00:43:23.577+0000] {dag.py:3036} INFO - Sync 1 DAGs
[2026-04-21T00:43:23.591+0000] {logging_mixin.py:188} INFO - [2026-04-21T00:43:23.591+0000] {dag.py:3823} INFO - Setting next_dagrun for example_time_delta_sensor_async to None, run_after=None
[2026-04-21T00:43:23.610+0000] {processor.py:183} INFO - Processing /home/airflow/.local/lib/python3.8/site-packages/airflow/example_dags/example_time_delta_sensor_async.py took 0.072 seconds
[2026-04-21T00:43:53.998+0000] {processor.py:161} INFO - Started process (PID=3706549) to work on /home/airflow/.local/lib/python3.8/site-packages/airflow/example_dags/example_time_delta_sensor_async.py
[2026-04-21T00:43:54.000+0000] {processor.py:830} INFO - Processing file /home/airflow/.local/lib/python3.8/site-packages/airflow/example_dags/example_time_delta_sensor_async.py for tasks to queue
[2026-04-21T00:43:54.004+0000] {logging_mixin.py:188} INFO - [2026-04-21T00:43:54.003+0000] {dagbag.py:538} INFO - Filling up the DagBag from /home/airflow/.local/lib/python3.8/site-packages/airflow/example_dags/example_time_delta_sensor_async.py
[2026-04-21T00:43:54.013+0000] {processor.py:840} INFO - DAG(s) 'example_time_delta_sensor_async' retrieved from /home/airflow/.local/lib/python3.8/site-packages/airflow/example_dags/example_time_delta_sensor_async.py
[2026-04-21T00:43:54.048+0000] {logging_mixin.py:188} INFO - [2026-04-21T00:43:54.047+0000] {dag.py:3036} INFO - Sync 1 DAGs
[2026-04-21T00:43:54.069+0000] {logging_mixin.py:188} INFO - [2026-04-21T00:43:54.069+0000] {dag.py:3823} INFO - Setting next_dagrun for example_time_delta_sensor_async to None, run_after=None
[2026-04-21T00:43:54.095+0000] {processor.py:183} INFO - Processing /home/airflow/.local/lib/python3.8/site-packages/airflow/example_dags/example_time_delta_sensor_async.py took 0.103 seconds
[2026-04-21T00:44:24.439+0000] {processor.py:161} INFO - Started process (PID=3706606) to work on /home/airflow/.local/lib/python3.8/site-packages/airflow/example_dags/example_time_delta_sensor_async.py
[2026-04-21T00:44:24.440+0000] {processor.py:830} INFO - Processing file /home/airflow/.local/lib/python3.8/site-packages/airflow/example_dags/example_time_delta_sensor_async.py for tasks to queue
[2026-04-21T00:44:24.442+0000] {logging_mixin.py:188} INFO - [2026-04-21T00:44:24.442+0000] {dagbag.py:538} INFO - Filling up the DagBag from /home/airflow/.local/lib/python3.8/site-packages/airflow/example_dags/example_time_delta_sensor_async.py
[2026-04-21T00:44:24.449+0000] {processor.py:840} INFO - DAG(s) 'example_time_delta_sensor_async' retrieved from /home/airflow/.local/lib/python3.8/site-packages/airflow/example_dags/example_time_delta_sensor_async.py
[2026-04-21T00:44:24.475+0000] {logging_mixin.py:188} INFO - [2026-04-21T00:44:24.475+0000] {dag.py:3036} INFO - Sync 1 DAGs
[2026-04-21T00:44:24.489+0000] {logging_mixin.py:188} INFO - [2026-04-21T00:44:24.489+0000] {dag.py:3823} INFO - Setting next_dagrun for example_time_delta_sensor_async to None, run_after=None
[2026-04-21T00:44:24.508+0000] {processor.py:183} INFO - Processing /home/airflow/.local/lib/python3.8/site-packages/airflow/example_dags/example_time_delta_sensor_async.py took 0.075 seconds
[2026-04-21T00:44:54.686+0000] {processor.py:161} INFO - Started process (PID=3706663) to work on /home/airflow/.local/lib/python3.8/site-packages/airflow/example_dags/example_time_delta_sensor_async.py
[2026-04-21T00:44:54.689+0000] {processor.py:830} INFO - Processing file /home/airflow/.local/lib/python3.8/site-packages/airflow/example_dags/example_time_delta_sensor_async.py for tasks to queue
[2026-04-21T00:44:54.691+0000] {logging_mixin.py:188} INFO - [2026-04-21T00:44:54.691+0000] {dagbag.py:538} INFO - Filling up the DagBag from /home/airflow/.local/lib/python3.8/site-packages/airflow/example_dags/example_time_delta_sensor_async.py
[2026-04-21T00:44:54.698+0000] {processor.py:840} INFO - DAG(s) 'example_time_delta_sensor_async' retrieved from /home/airflow/.local/lib/python3.8/site-packages/airflow/example_dags/example_time_delta_sensor_async.py
[2026-04-21T00:44:54.724+0000] {logging_mixin.py:188} INFO - [2026-04-21T00:44:54.723+0000] {dag.py:3036} INFO - Sync 1 DAGs
[2026-04-21T00:44:54.738+0000] {logging_mixin.py:188} INFO - [2026-04-21T00:44:54.738+0000] {dag.py:3823} INFO - Setting next_dagrun for example_time_delta_sensor_async to None, run_after=None
[2026-04-21T00:44:54.758+0000] {processor.py:183} INFO - Processing /home/airflow/.local/lib/python3.8/site-packages/airflow/example_dags/example_time_delta_sensor_async.py took 0.076 seconds
[2026-04-21T00:45:25.110+0000] {processor.py:161} INFO - Started process (PID=3706720) to work on /home/airflow/.local/lib/python3.8/site-packages/airflow/example_dags/example_time_delta_sensor_async.py
[2026-04-21T00:45:25.111+0000] {processor.py:830} INFO - Processing file /home/airflow/.local/lib/python3.8/site-packages/airflow/example_dags/example_time_delta_sensor_async.py for tasks to queue
[2026-04-21T00:45:25.114+0000] {logging_mixin.py:188} INFO - [2026-04-21T00:45:25.113+0000] {dagbag.py:538} INFO - Filling up the DagBag from /home/airflow/.local/lib/python3.8/site-packages/airflow/example_dags/example_time_delta_sensor_async.py
[2026-04-21T00:45:25.120+0000] {processor.py:840} INFO - DAG(s) 'example_time_delta_sensor_async' retrieved from /home/airflow/.local/lib/python3.8/site-packages/airflow/example_dags/example_time_delta_sensor_async.py
[2026-04-21T00:45:25.146+0000] {logging_mixin.py:188} INFO - [2026-04-21T00:45:25.146+0000] {dag.py:3036} INFO - Sync 1 DAGs
[2026-04-21T00:45:25.160+0000] {logging_mixin.py:188} INFO - [2026-04-21T00:45:25.160+0000] {dag.py:3823} INFO - Setting next_dagrun for example_time_delta_sensor_async to None, run_after=None
[2026-04-21T00:45:25.179+0000] {processor.py:183} INFO - Processing /home/airflow/.local/lib/python3.8/site-packages/airflow/example_dags/example_time_delta_sensor_async.py took 0.074 seconds
[2026-04-21T00:45:55.225+0000] {processor.py:161} INFO - Started process (PID=3706777) to work on /home/airflow/.local/lib/python3.8/site-packages/airflow/example_dags/example_time_delta_sensor_async.py
[2026-04-21T00:45:55.227+0000] {processor.py:830} INFO - Processing file /home/airflow/.local/lib/python3.8/site-packages/airflow/example_dags/example_time_delta_sensor_async.py for tasks to queue
[2026-04-21T00:45:55.231+0000] {logging_mixin.py:188} INFO - [2026-04-21T00:45:55.230+0000] {dagbag.py:538} INFO - Filling up the DagBag from /home/airflow/.local/lib/python3.8/site-packages/airflow/example_dags/example_time_delta_sensor_async.py
[2026-04-21T00:45:55.238+0000] {processor.py:840} INFO - DAG(s) 'example_time_delta_sensor_async' retrieved from /home/airflow/.local/lib/python3.8/site-packages/airflow/example_dags/example_time_delta_sensor_async.py
[2026-04-21T00:45:55.267+0000] {logging_mixin.py:188} INFO - [2026-04-21T00:45:55.266+0000] {dag.py:3036} INFO - Sync 1 DAGs
[2026-04-21T00:45:55.282+0000] {logging_mixin.py:188} INFO - [2026-04-21T00:45:55.282+0000] {dag.py:3823} INFO - Setting next_dagrun for example_time_delta_sensor_async to None, run_after=None
[2026-04-21T00:45:55.301+0000] {processor.py:183} INFO - Processing /home/airflow/.local/lib/python3.8/site-packages/airflow/example_dags/example_time_delta_sensor_async.py took 0.081 seconds
[2026-04-21T00:46:25.757+0000] {processor.py:161} INFO - Started process (PID=3706834) to work on /home/airflow/.local/lib/python3.8/site-packages/airflow/example_dags/example_time_delta_sensor_async.py
[2026-04-21T00:46:25.759+0000] {processor.py:830} INFO - Processing file /home/airflow/.local/lib/python3.8/site-packages/airflow/example_dags/example_time_delta_sensor_async.py for tasks to queue
[2026-04-21T00:46:25.761+0000] {logging_mixin.py:188} INFO - [2026-04-21T00:46:25.761+0000] {dagbag.py:538} INFO - Filling up the DagBag from /home/airflow/.local/lib/python3.8/site-packages/airflow/example_dags/example_time_delta_sensor_async.py
[2026-04-21T00:46:25.767+0000] {processor.py:840} INFO - DAG(s) 'example_time_delta_sensor_async' retrieved from /home/airflow/.local/lib/python3.8/site-packages/airflow/example_dags/example_time_delta_sensor_async.py
[2026-04-21T00:46:25.792+0000] {logging_mixin.py:188} INFO - [2026-04-21T00:46:25.792+0000] {dag.py:3036} INFO - Sync 1 DAGs
[2026-04-21T00:46:25.807+0000] {logging_mixin.py:188} INFO - [2026-04-21T00:46:25.807+0000] {dag.py:3823} INFO - Setting next_dagrun for example_time_delta_sensor_async to None, run_after=None
[2026-04-21T00:46:25.826+0000] {processor.py:183} INFO - Processing /home/airflow/.local/lib/python3.8/site-packages/airflow/example_dags/example_time_delta_sensor_async.py took 0.073 seconds
[2026-04-21T00:46:56.700+0000] {processor.py:161} INFO - Started process (PID=3706891) to work on /home/airflow/.local/lib/python3.8/site-packages/airflow/example_dags/example_time_delta_sensor_async.py
[2026-04-21T00:46:56.702+0000] {processor.py:830} INFO - Processing file /home/airflow/.local/lib/python3.8/site-packages/airflow/example_dags/example_time_delta_sensor_async.py for tasks to queue
[2026-04-21T00:46:56.704+0000] {logging_mixin.py:188} INFO - [2026-04-21T00:46:56.704+0000] {dagbag.py:538} INFO - Filling up the DagBag from /home/airflow/.local/lib/python3.8/site-packages/airflow/example_dags/example_time_delta_sensor_async.py
[2026-04-21T00:46:56.710+0000] {processor.py:840} INFO - DAG(s) 'example_time_delta_sensor_async' retrieved from /home/airflow/.local/lib/python3.8/site-packages/airflow/example_dags/example_time_delta_sensor_async.py
[2026-04-21T00:46:56.735+0000] {logging_mixin.py:188} INFO - [2026-04-21T00:46:56.735+0000] {dag.py:3036} INFO - Sync 1 DAGs
[2026-04-21T00:46:56.749+0000] {logging_mixin.py:188} INFO - [2026-04-21T00:46:56.749+0000] {dag.py:3823} INFO - Setting next_dagrun for example_time_delta_sensor_async to None, run_after=None
[2026-04-21T00:46:56.769+0000] {processor.py:183} INFO - Processing /home/airflow/.local/lib/python3.8/site-packages/airflow/example_dags/example_time_delta_sensor_async.py took 0.074 seconds
[2026-04-21T00:47:26.932+0000] {processor.py:161} INFO - Started process (PID=3706948) to work on /home/airflow/.local/lib/python3.8/site-packages/airflow/example_dags/example_time_delta_sensor_async.py
[2026-04-21T00:47:26.933+0000] {processor.py:830} INFO - Processing file /home/airflow/.local/lib/python3.8/site-packages/airflow/example_dags/example_time_delta_sensor_async.py for tasks to queue
[2026-04-21T00:47:26.935+0000] {logging_mixin.py:188} INFO - [2026-04-21T00:47:26.935+0000] {dagbag.py:538} INFO - Filling up the DagBag from /home/airflow/.local/lib/python3.8/site-packages/airflow/example_dags/example_time_delta_sensor_async.py
[2026-04-21T00:47:26.941+0000] {processor.py:840} INFO - DAG(s) 'example_time_delta_sensor_async' retrieved from /home/airflow/.local/lib/python3.8/site-packages/airflow/example_dags/example_time_delta_sensor_async.py
[2026-04-21T00:47:26.966+0000] {logging_mixin.py:188} INFO - [2026-04-21T00:47:26.966+0000] {dag.py:3036} INFO - Sync 1 DAGs
[2026-04-21T00:47:26.980+0000] {logging_mixin.py:188} INFO - [2026-04-21T00:47:26.980+0000] {dag.py:3823} INFO - Setting next_dagrun for example_time_delta_sensor_async to None, run_after=None
[2026-04-21T00:47:26.998+0000] {processor.py:183} INFO - Processing /home/airflow/.local/lib/python3.8/site-packages/airflow/example_dags/example_time_delta_sensor_async.py took 0.071 seconds
[2026-04-21T00:47:57.216+0000] {processor.py:161} INFO - Started process (PID=3707005) to work on /home/airflow/.local/lib/python3.8/site-packages/airflow/example_dags/example_time_delta_sensor_async.py
[2026-04-21T00:47:57.218+0000] {processor.py:830} INFO - Processing file /home/airflow/.local/lib/python3.8/site-packages/airflow/example_dags/example_time_delta_sensor_async.py for tasks to queue
[2026-04-21T00:47:57.221+0000] {logging_mixin.py:188} INFO - [2026-04-21T00:47:57.220+0000] {dagbag.py:538} INFO - Filling up the DagBag from /home/airflow/.local/lib/python3.8/site-packages/airflow/example_dags/example_time_delta_sensor_async.py
[2026-04-21T00:47:57.227+0000] {processor.py:840} INFO - DAG(s) 'example_time_delta_sensor_async' retrieved from /home/airflow/.local/lib/python3.8/site-packages/airflow/example_dags/example_time_delta_sensor_async.py
[2026-04-21T00:47:57.252+0000] {logging_mixin.py:188} INFO - [2026-04-21T00:47:57.252+0000] {dag.py:3036} INFO - Sync 1 DAGs
[2026-04-21T00:47:57.267+0000] {logging_mixin.py:188} INFO - [2026-04-21T00:47:57.266+0000] {dag.py:3823} INFO - Setting next_dagrun for example_time_delta_sensor_async to None, run_after=None
[2026-04-21T00:47:57.286+0000] {processor.py:183} INFO - Processing /home/airflow/.local/lib/python3.8/site-packages/airflow/example_dags/example_time_delta_sensor_async.py took 0.074 seconds
[2026-04-21T00:48:27.483+0000] {processor.py:161} INFO - Started process (PID=3707062) to work on /home/airflow/.local/lib/python3.8/site-packages/airflow/example_dags/example_time_delta_sensor_async.py
[2026-04-21T00:48:27.484+0000] {processor.py:830} INFO - Processing file /home/airflow/.local/lib/python3.8/site-packages/airflow/example_dags/example_time_delta_sensor_async.py for tasks to queue
[2026-04-21T00:48:27.486+0000] {logging_mixin.py:188} INFO - [2026-04-21T00:48:27.486+0000] {dagbag.py:538} INFO - Filling up the DagBag from /home/airflow/.local/lib/python3.8/site-packages/airflow/example_dags/example_time_delta_sensor_async.py
[2026-04-21T00:48:27.493+0000] {processor.py:840} INFO - DAG(s) 'example_time_delta_sensor_async' retrieved from /home/airflow/.local/lib/python3.8/site-packages/airflow/example_dags/example_time_delta_sensor_async.py
[2026-04-21T00:48:27.522+0000] {logging_mixin.py:188} INFO - [2026-04-21T00:48:27.522+0000] {dag.py:3036} INFO - Sync 1 DAGs
[2026-04-21T00:48:27.538+0000] {logging_mixin.py:188} INFO - [2026-04-21T00:48:27.538+0000] {dag.py:3823} INFO - Setting next_dagrun for example_time_delta_sensor_async to None, run_after=None
[2026-04-21T00:48:27.559+0000] {processor.py:183} INFO - Processing /home/airflow/.local/lib/python3.8/site-packages/airflow/example_dags/example_time_delta_sensor_async.py took 0.081 seconds
[2026-04-21T00:48:57.712+0000] {processor.py:161} INFO - Started process (PID=3707119) to work on /home/airflow/.local/lib/python3.8/site-packages/airflow/example_dags/example_time_delta_sensor_async.py
[2026-04-21T00:48:57.714+0000] {processor.py:830} INFO - Processing file /home/airflow/.local/lib/python3.8/site-packages/airflow/example_dags/example_time_delta_sensor_async.py for tasks to queue
[2026-04-21T00:48:57.717+0000] {logging_mixin.py:188} INFO - [2026-04-21T00:48:57.716+0000] {dagbag.py:538} INFO - Filling up the DagBag from /home/airflow/.local/lib/python3.8/site-packages/airflow/example_dags/example_time_delta_sensor_async.py
[2026-04-21T00:48:57.723+0000] {processor.py:840} INFO - DAG(s) 'example_time_delta_sensor_async' retrieved from /home/airflow/.local/lib/python3.8/site-packages/airflow/example_dags/example_time_delta_sensor_async.py
[2026-04-21T00:48:57.748+0000] {logging_mixin.py:188} INFO - [2026-04-21T00:48:57.748+0000] {dag.py:3036} INFO - Sync 1 DAGs
[2026-04-21T00:48:57.762+0000] {logging_mixin.py:188} INFO - [2026-04-21T00:48:57.762+0000] {dag.py:3823} INFO - Setting next_dagrun for example_time_delta_sensor_async to None, run_after=None
[2026-04-21T00:48:57.780+0000] {processor.py:183} INFO - Processing /home/airflow/.local/lib/python3.8/site-packages/airflow/example_dags/example_time_delta_sensor_async.py took 0.073 seconds
[2026-04-21T00:49:28.730+0000] {processor.py:161} INFO - Started process (PID=3707174) to work on /home/airflow/.local/lib/python3.8/site-packages/airflow/example_dags/example_time_delta_sensor_async.py
[2026-04-21T00:49:28.732+0000] {processor.py:830} INFO - Processing file /home/airflow/.local/lib/python3.8/site-packages/airflow/example_dags/example_time_delta_sensor_async.py for tasks to queue
[2026-04-21T00:49:28.734+0000] {logging_mixin.py:188} INFO - [2026-04-21T00:49:28.734+0000] {dagbag.py:538} INFO - Filling up the DagBag from /home/airflow/.local/lib/python3.8/site-packages/airflow/example_dags/example_time_delta_sensor_async.py
[2026-04-21T00:49:28.742+0000] {processor.py:840} INFO - DAG(s) 'example_time_delta_sensor_async' retrieved from /home/airflow/.local/lib/python3.8/site-packages/airflow/example_dags/example_time_delta_sensor_async.py
[2026-04-21T00:49:28.772+0000] {logging_mixin.py:188} INFO - [2026-04-21T00:49:28.771+0000] {dag.py:3036} INFO - Sync 1 DAGs
[2026-04-21T00:49:28.789+0000] {logging_mixin.py:188} INFO - [2026-04-21T00:49:28.789+0000] {dag.py:3823} INFO - Setting next_dagrun for example_time_delta_sensor_async to None, run_after=None
[2026-04-21T00:49:28.808+0000] {processor.py:183} INFO - Processing /home/airflow/.local/lib/python3.8/site-packages/airflow/example_dags/example_time_delta_sensor_async.py took 0.084 seconds
[2026-04-21T00:49:58.937+0000] {processor.py:161} INFO - Started process (PID=3707230) to work on /home/airflow/.local/lib/python3.8/site-packages/airflow/example_dags/example_time_delta_sensor_async.py
[2026-04-21T00:49:58.939+0000] {processor.py:830} INFO - Processing file /home/airflow/.local/lib/python3.8/site-packages/airflow/example_dags/example_time_delta_sensor_async.py for tasks to queue
[2026-04-21T00:49:58.942+0000] {logging_mixin.py:188} INFO - [2026-04-21T00:49:58.942+0000] {dagbag.py:538} INFO - Filling up the DagBag from /home/airflow/.local/lib/python3.8/site-packages/airflow/example_dags/example_time_delta_sensor_async.py
[2026-04-21T00:49:58.948+0000] {processor.py:840} INFO - DAG(s) 'example_time_delta_sensor_async' retrieved from /home/airflow/.local/lib/python3.8/site-packages/airflow/example_dags/example_time_delta_sensor_async.py
[2026-04-21T00:49:58.974+0000] {logging_mixin.py:188} INFO - [2026-04-21T00:49:58.974+0000] {dag.py:3036} INFO - Sync 1 DAGs
[2026-04-21T00:49:58.989+0000] {logging_mixin.py:188} INFO - [2026-04-21T00:49:58.988+0000] {dag.py:3823} INFO - Setting next_dagrun for example_time_delta_sensor_async to None, run_after=None
[2026-04-21T00:49:59.008+0000] {processor.py:183} INFO - Processing /home/airflow/.local/lib/python3.8/site-packages/airflow/example_dags/example_time_delta_sensor_async.py took 0.075 seconds
[2026-04-21T00:50:29.283+0000] {processor.py:161} INFO - Started process (PID=3707286) to work on /home/airflow/.local/lib/python3.8/site-packages/airflow/example_dags/example_time_delta_sensor_async.py
[2026-04-21T00:50:29.285+0000] {processor.py:830} INFO - Processing file /home/airflow/.local/lib/python3.8/site-packages/airflow/example_dags/example_time_delta_sensor_async.py for tasks to queue
[2026-04-21T00:50:29.287+0000] {logging_mixin.py:188} INFO - [2026-04-21T00:50:29.286+0000] {dagbag.py:538} INFO - Filling up the DagBag from /home/airflow/.local/lib/python3.8/site-packages/airflow/example_dags/example_time_delta_sensor_async.py
[2026-04-21T00:50:29.293+0000] {processor.py:840} INFO - DAG(s) 'example_time_delta_sensor_async' retrieved from /home/airflow/.local/lib/python3.8/site-packages/airflow/example_dags/example_time_delta_sensor_async.py
[2026-04-21T00:50:29.317+0000] {logging_mixin.py:188} INFO - [2026-04-21T00:50:29.317+0000] {dag.py:3036} INFO - Sync 1 DAGs
[2026-04-21T00:50:29.331+0000] {logging_mixin.py:188} INFO - [2026-04-21T00:50:29.330+0000] {dag.py:3823} INFO - Setting next_dagrun for example_time_delta_sensor_async to None, run_after=None
[2026-04-21T00:50:29.348+0000] {processor.py:183} INFO - Processing /home/airflow/.local/lib/python3.8/site-packages/airflow/example_dags/example_time_delta_sensor_async.py took 0.070 seconds
[2026-04-21T00:50:59.574+0000] {processor.py:161} INFO - Started process (PID=3707343) to work on /home/airflow/.local/lib/python3.8/site-packages/airflow/example_dags/example_time_delta_sensor_async.py
[2026-04-21T00:50:59.575+0000] {processor.py:830} INFO - Processing file /home/airflow/.local/lib/python3.8/site-packages/airflow/example_dags/example_time_delta_sensor_async.py for tasks to queue
[2026-04-21T00:50:59.578+0000] {logging_mixin.py:188} INFO - [2026-04-21T00:50:59.577+0000] {dagbag.py:538} INFO - Filling up the DagBag from /home/airflow/.local/lib/python3.8/site-packages/airflow/example_dags/example_time_delta_sensor_async.py
[2026-04-21T00:50:59.584+0000] {processor.py:840} INFO - DAG(s) 'example_time_delta_sensor_async' retrieved from /home/airflow/.local/lib/python3.8/site-packages/airflow/example_dags/example_time_delta_sensor_async.py
[2026-04-21T00:50:59.610+0000] {logging_mixin.py:188} INFO - [2026-04-21T00:50:59.610+0000] {dag.py:3036} INFO - Sync 1 DAGs
[2026-04-21T00:50:59.625+0000] {logging_mixin.py:188} INFO - [2026-04-21T00:50:59.625+0000] {dag.py:3823} INFO - Setting next_dagrun for example_time_delta_sensor_async to None, run_after=None
[2026-04-21T00:50:59.644+0000] {processor.py:183} INFO - Processing /home/airflow/.local/lib/python3.8/site-packages/airflow/example_dags/example_time_delta_sensor_async.py took 0.075 seconds
[2026-04-21T00:51:29.915+0000] {processor.py:161} INFO - Started process (PID=3707400) to work on /home/airflow/.local/lib/python3.8/site-packages/airflow/example_dags/example_time_delta_sensor_async.py
[2026-04-21T00:51:29.916+0000] {processor.py:830} INFO - Processing file /home/airflow/.local/lib/python3.8/site-packages/airflow/example_dags/example_time_delta_sensor_async.py for tasks to queue
[2026-04-21T00:51:29.919+0000] {logging_mixin.py:188} INFO - [2026-04-21T00:51:29.918+0000] {dagbag.py:538} INFO - Filling up the DagBag from /home/airflow/.local/lib/python3.8/site-packages/airflow/example_dags/example_time_delta_sensor_async.py
[2026-04-21T00:51:29.925+0000] {processor.py:840} INFO - DAG(s) 'example_time_delta_sensor_async' retrieved from /home/airflow/.local/lib/python3.8/site-packages/airflow/example_dags/example_time_delta_sensor_async.py
[2026-04-21T00:51:29.950+0000] {logging_mixin.py:188} INFO - [2026-04-21T00:51:29.950+0000] {dag.py:3036} INFO - Sync 1 DAGs
[2026-04-21T00:51:29.964+0000] {logging_mixin.py:188} INFO - [2026-04-21T00:51:29.964+0000] {dag.py:3823} INFO - Setting next_dagrun for example_time_delta_sensor_async to None, run_after=None
[2026-04-21T00:51:29.983+0000] {processor.py:183} INFO - Processing /home/airflow/.local/lib/python3.8/site-packages/airflow/example_dags/example_time_delta_sensor_async.py took 0.072 seconds
[2026-04-21T00:52:00.185+0000] {processor.py:161} INFO - Started process (PID=3707457) to work on /home/airflow/.local/lib/python3.8/site-packages/airflow/example_dags/example_time_delta_sensor_async.py
[2026-04-21T00:52:00.187+0000] {processor.py:830} INFO - Processing file /home/airflow/.local/lib/python3.8/site-packages/airflow/example_dags/example_time_delta_sensor_async.py for tasks to queue
[2026-04-21T00:52:00.189+0000] {logging_mixin.py:188} INFO - [2026-04-21T00:52:00.189+0000] {dagbag.py:538} INFO - Filling up the DagBag from /home/airflow/.local/lib/python3.8/site-packages/airflow/example_dags/example_time_delta_sensor_async.py
[2026-04-21T00:52:00.195+0000] {processor.py:840} INFO - DAG(s) 'example_time_delta_sensor_async' retrieved from /home/airflow/.local/lib/python3.8/site-packages/airflow/example_dags/example_time_delta_sensor_async.py
[2026-04-21T00:52:00.221+0000] {logging_mixin.py:188} INFO - [2026-04-21T00:52:00.220+0000] {dag.py:3036} INFO - Sync 1 DAGs
[2026-04-21T00:52:00.234+0000] {logging_mixin.py:188} INFO - [2026-04-21T00:52:00.234+0000] {dag.py:3823} INFO - Setting next_dagrun for example_time_delta_sensor_async to None, run_after=None
[2026-04-21T00:52:00.254+0000] {processor.py:183} INFO - Processing /home/airflow/.local/lib/python3.8/site-packages/airflow/example_dags/example_time_delta_sensor_async.py took 0.074 seconds
[2026-04-21T00:52:31.128+0000] {processor.py:161} INFO - Started process (PID=3707514) to work on /home/airflow/.local/lib/python3.8/site-packages/airflow/example_dags/example_time_delta_sensor_async.py
[2026-04-21T00:52:31.129+0000] {processor.py:830} INFO - Processing file /home/airflow/.local/lib/python3.8/site-packages/airflow/example_dags/example_time_delta_sensor_async.py for tasks to queue
[2026-04-21T00:52:31.131+0000] {logging_mixin.py:188} INFO - [2026-04-21T00:52:31.131+0000] {dagbag.py:538} INFO - Filling up the DagBag from /home/airflow/.local/lib/python3.8/site-packages/airflow/example_dags/example_time_delta_sensor_async.py
[2026-04-21T00:52:31.137+0000] {processor.py:840} INFO - DAG(s) 'example_time_delta_sensor_async' retrieved from /home/airflow/.local/lib/python3.8/site-packages/airflow/example_dags/example_time_delta_sensor_async.py
[2026-04-21T00:52:31.163+0000] {logging_mixin.py:188} INFO - [2026-04-21T00:52:31.162+0000] {dag.py:3036} INFO - Sync 1 DAGs
[2026-04-21T00:52:31.177+0000] {logging_mixin.py:188} INFO - [2026-04-21T00:52:31.177+0000] {dag.py:3823} INFO - Setting next_dagrun for example_time_delta_sensor_async to None, run_after=None
[2026-04-21T00:52:31.196+0000] {processor.py:183} INFO - Processing /home/airflow/.local/lib/python3.8/site-packages/airflow/example_dags/example_time_delta_sensor_async.py took 0.074 seconds
[2026-04-21T00:53:02.101+0000] {processor.py:161} INFO - Started process (PID=3707571) to work on /home/airflow/.local/lib/python3.8/site-packages/airflow/example_dags/example_time_delta_sensor_async.py
[2026-04-21T00:53:02.103+0000] {processor.py:830} INFO - Processing file /home/airflow/.local/lib/python3.8/site-packages/airflow/example_dags/example_time_delta_sensor_async.py for tasks to queue
[2026-04-21T00:53:02.106+0000] {logging_mixin.py:188} INFO - [2026-04-21T00:53:02.105+0000] {dagbag.py:538} INFO - Filling up the DagBag from /home/airflow/.local/lib/python3.8/site-packages/airflow/example_dags/example_time_delta_sensor_async.py
[2026-04-21T00:53:02.112+0000] {processor.py:840} INFO - DAG(s) 'example_time_delta_sensor_async' retrieved from /home/airflow/.local/lib/python3.8/site-packages/airflow/example_dags/example_time_delta_sensor_async.py
[2026-04-21T00:53:02.141+0000] {logging_mixin.py:188} INFO - [2026-04-21T00:53:02.140+0000] {dag.py:3036} INFO - Sync 1 DAGs
[2026-04-21T00:53:02.157+0000] {logging_mixin.py:188} INFO - [2026-04-21T00:53:02.156+0000] {dag.py:3823} INFO - Setting next_dagrun for example_time_delta_sensor_async to None, run_after=None
[2026-04-21T00:53:02.179+0000] {processor.py:183} INFO - Processing /home/airflow/.local/lib/python3.8/site-packages/airflow/example_dags/example_time_delta_sensor_async.py took 0.084 seconds
[2026-04-21T00:53:32.294+0000] {processor.py:161} INFO - Started process (PID=3707628) to work on /home/airflow/.local/lib/python3.8/site-packages/airflow/example_dags/example_time_delta_sensor_async.py
[2026-04-21T00:53:32.295+0000] {processor.py:830} INFO - Processing file /home/airflow/.local/lib/python3.8/site-packages/airflow/example_dags/example_time_delta_sensor_async.py for tasks to queue
[2026-04-21T00:53:32.298+0000] {logging_mixin.py:188} INFO - [2026-04-21T00:53:32.297+0000] {dagbag.py:538} INFO - Filling up the DagBag from /home/airflow/.local/lib/python3.8/site-packages/airflow/example_dags/example_time_delta_sensor_async.py
[2026-04-21T00:53:32.303+0000] {processor.py:840} INFO - DAG(s) 'example_time_delta_sensor_async' retrieved from /home/airflow/.local/lib/python3.8/site-packages/airflow/example_dags/example_time_delta_sensor_async.py
[2026-04-21T00:53:32.329+0000] {logging_mixin.py:188} INFO - [2026-04-21T00:53:32.329+0000] {dag.py:3036} INFO - Sync 1 DAGs
[2026-04-21T00:53:32.343+0000] {logging_mixin.py:188} INFO - [2026-04-21T00:53:32.343+0000] {dag.py:3823} INFO - Setting next_dagrun for example_time_delta_sensor_async to None, run_after=None
[2026-04-21T00:53:32.362+0000] {processor.py:183} INFO - Processing /home/airflow/.local/lib/python3.8/site-packages/airflow/example_dags/example_time_delta_sensor_async.py took 0.072 seconds
[2026-04-21T00:54:02.633+0000] {processor.py:161} INFO - Started process (PID=3707685) to work on /home/airflow/.local/lib/python3.8/site-packages/airflow/example_dags/example_time_delta_sensor_async.py
[2026-04-21T00:54:02.635+0000] {processor.py:830} INFO - Processing file /home/airflow/.local/lib/python3.8/site-packages/airflow/example_dags/example_time_delta_sensor_async.py for tasks to queue
[2026-04-21T00:54:02.637+0000] {logging_mixin.py:188} INFO - [2026-04-21T00:54:02.637+0000] {dagbag.py:538} INFO - Filling up the DagBag from /home/airflow/.local/lib/python3.8/site-packages/airflow/example_dags/example_time_delta_sensor_async.py
[2026-04-21T00:54:02.643+0000] {processor.py:840} INFO - DAG(s) 'example_time_delta_sensor_async' retrieved from /home/airflow/.local/lib/python3.8/site-packages/airflow/example_dags/example_time_delta_sensor_async.py
[2026-04-21T00:54:02.669+0000] {logging_mixin.py:188} INFO - [2026-04-21T00:54:02.669+0000] {dag.py:3036} INFO - Sync 1 DAGs
[2026-04-21T00:54:02.683+0000] {logging_mixin.py:188} INFO - [2026-04-21T00:54:02.682+0000] {dag.py:3823} INFO - Setting next_dagrun for example_time_delta_sensor_async to None, run_after=None
[2026-04-21T00:54:02.702+0000] {processor.py:183} INFO - Processing /home/airflow/.local/lib/python3.8/site-packages/airflow/example_dags/example_time_delta_sensor_async.py took 0.073 seconds
[2026-04-21T00:54:32.873+0000] {processor.py:161} INFO - Started process (PID=3707743) to work on /home/airflow/.local/lib/python3.8/site-packages/airflow/example_dags/example_time_delta_sensor_async.py
[2026-04-21T00:54:32.874+0000] {processor.py:830} INFO - Processing file /home/airflow/.local/lib/python3.8/site-packages/airflow/example_dags/example_time_delta_sensor_async.py for tasks to queue
[2026-04-21T00:54:32.876+0000] {logging_mixin.py:188} INFO - [2026-04-21T00:54:32.876+0000] {dagbag.py:538} INFO - Filling up the DagBag from /home/airflow/.local/lib/python3.8/site-packages/airflow/example_dags/example_time_delta_sensor_async.py
[2026-04-21T00:54:32.883+0000] {processor.py:840} INFO - DAG(s) 'example_time_delta_sensor_async' retrieved from /home/airflow/.local/lib/python3.8/site-packages/airflow/example_dags/example_time_delta_sensor_async.py
[2026-04-21T00:54:32.908+0000] {logging_mixin.py:188} INFO - [2026-04-21T00:54:32.907+0000] {dag.py:3036} INFO - Sync 1 DAGs
[2026-04-21T00:54:32.921+0000] {logging_mixin.py:188} INFO - [2026-04-21T00:54:32.921+0000] {dag.py:3823} INFO - Setting next_dagrun for example_time_delta_sensor_async to None, run_after=None
[2026-04-21T00:54:32.940+0000] {processor.py:183} INFO - Processing /home/airflow/.local/lib/python3.8/site-packages/airflow/example_dags/example_time_delta_sensor_async.py took 0.072 seconds
[2026-04-21T00:55:03.368+0000] {processor.py:161} INFO - Started process (PID=3707806) to work on /home/airflow/.local/lib/python3.8/site-packages/airflow/example_dags/example_time_delta_sensor_async.py
[2026-04-21T00:55:03.370+0000] {processor.py:830} INFO - Processing file /home/airflow/.local/lib/python3.8/site-packages/airflow/example_dags/example_time_delta_sensor_async.py for tasks to queue
[2026-04-21T00:55:03.372+0000] {logging_mixin.py:188} INFO - [2026-04-21T00:55:03.372+0000] {dagbag.py:538} INFO - Filling up the DagBag from /home/airflow/.local/lib/python3.8/site-packages/airflow/example_dags/example_time_delta_sensor_async.py
[2026-04-21T00:55:03.378+0000] {processor.py:840} INFO - DAG(s) 'example_time_delta_sensor_async' retrieved from /home/airflow/.local/lib/python3.8/site-packages/airflow/example_dags/example_time_delta_sensor_async.py
[2026-04-21T00:55:03.403+0000] {logging_mixin.py:188} INFO - [2026-04-21T00:55:03.403+0000] {dag.py:3036} INFO - Sync 1 DAGs
[2026-04-21T00:55:03.417+0000] {logging_mixin.py:188} INFO - [2026-04-21T00:55:03.417+0000] {dag.py:3823} INFO - Setting next_dagrun for example_time_delta_sensor_async to None, run_after=None
[2026-04-21T00:55:03.436+0000] {processor.py:183} INFO - Processing /home/airflow/.local/lib/python3.8/site-packages/airflow/example_dags/example_time_delta_sensor_async.py took 0.072 seconds
[2026-04-21T00:55:33.723+0000] {processor.py:161} INFO - Started process (PID=3707863) to work on /home/airflow/.local/lib/python3.8/site-packages/airflow/example_dags/example_time_delta_sensor_async.py
[2026-04-21T00:55:33.724+0000] {processor.py:830} INFO - Processing file /home/airflow/.local/lib/python3.8/site-packages/airflow/example_dags/example_time_delta_sensor_async.py for tasks to queue
[2026-04-21T00:55:33.726+0000] {logging_mixin.py:188} INFO - [2026-04-21T00:55:33.726+0000] {dagbag.py:538} INFO - Filling up the DagBag from /home/airflow/.local/lib/python3.8/site-packages/airflow/example_dags/example_time_delta_sensor_async.py
[2026-04-21T00:55:33.732+0000] {processor.py:840} INFO - DAG(s) 'example_time_delta_sensor_async' retrieved from /home/airflow/.local/lib/python3.8/site-packages/airflow/example_dags/example_time_delta_sensor_async.py
[2026-04-21T00:55:33.758+0000] {logging_mixin.py:188} INFO - [2026-04-21T00:55:33.758+0000] {dag.py:3036} INFO - Sync 1 DAGs
[2026-04-21T00:55:33.772+0000] {logging_mixin.py:188} INFO - [2026-04-21T00:55:33.772+0000] {dag.py:3823} INFO - Setting next_dagrun for example_time_delta_sensor_async to None, run_after=None
[2026-04-21T00:55:33.792+0000] {processor.py:183} INFO - Processing /home/airflow/.local/lib/python3.8/site-packages/airflow/example_dags/example_time_delta_sensor_async.py took 0.074 seconds
[2026-04-21T00:56:04.628+0000] {processor.py:161} INFO - Started process (PID=3707920) to work on /home/airflow/.local/lib/python3.8/site-packages/airflow/example_dags/example_time_delta_sensor_async.py
[2026-04-21T00:56:04.630+0000] {processor.py:830} INFO - Processing file /home/airflow/.local/lib/python3.8/site-packages/airflow/example_dags/example_time_delta_sensor_async.py for tasks to queue
[2026-04-21T00:56:04.632+0000] {logging_mixin.py:188} INFO - [2026-04-21T00:56:04.632+0000] {dagbag.py:538} INFO - Filling up the DagBag from /home/airflow/.local/lib/python3.8/site-packages/airflow/example_dags/example_time_delta_sensor_async.py
[2026-04-21T00:56:04.638+0000] {processor.py:840} INFO - DAG(s) 'example_time_delta_sensor_async' retrieved from /home/airflow/.local/lib/python3.8/site-packages/airflow/example_dags/example_time_delta_sensor_async.py
[2026-04-21T00:56:04.663+0000] {logging_mixin.py:188} INFO - [2026-04-21T00:56:04.662+0000] {dag.py:3036} INFO - Sync 1 DAGs
[2026-04-21T00:56:04.677+0000] {logging_mixin.py:188} INFO - [2026-04-21T00:56:04.676+0000] {dag.py:3823} INFO - Setting next_dagrun for example_time_delta_sensor_async to None, run_after=None
[2026-04-21T00:56:04.695+0000] {processor.py:183} INFO - Processing /home/airflow/.local/lib/python3.8/site-packages/airflow/example_dags/example_time_delta_sensor_async.py took 0.072 seconds
[2026-04-21T00:56:35.432+0000] {processor.py:161} INFO - Started process (PID=3707977) to work on /home/airflow/.local/lib/python3.8/site-packages/airflow/example_dags/example_time_delta_sensor_async.py
[2026-04-21T00:56:35.433+0000] {processor.py:830} INFO - Processing file /home/airflow/.local/lib/python3.8/site-packages/airflow/example_dags/example_time_delta_sensor_async.py for tasks to queue
[2026-04-21T00:56:35.435+0000] {logging_mixin.py:188} INFO - [2026-04-21T00:56:35.435+0000] {dagbag.py:538} INFO - Filling up the DagBag from /home/airflow/.local/lib/python3.8/site-packages/airflow/example_dags/example_time_delta_sensor_async.py
[2026-04-21T00:56:35.441+0000] {processor.py:840} INFO - DAG(s) 'example_time_delta_sensor_async' retrieved from /home/airflow/.local/lib/python3.8/site-packages/airflow/example_dags/example_time_delta_sensor_async.py
[2026-04-21T00:56:35.467+0000] {logging_mixin.py:188} INFO - [2026-04-21T00:56:35.467+0000] {dag.py:3036} INFO - Sync 1 DAGs
[2026-04-21T00:56:35.482+0000] {logging_mixin.py:188} INFO - [2026-04-21T00:56:35.481+0000] {dag.py:3823} INFO - Setting next_dagrun for example_time_delta_sensor_async to None, run_after=None
[2026-04-21T00:56:35.500+0000] {processor.py:183} INFO - Processing /home/airflow/.local/lib/python3.8/site-packages/airflow/example_dags/example_time_delta_sensor_async.py took 0.073 seconds
[2026-04-21T00:57:06.405+0000] {processor.py:161} INFO - Started process (PID=3708034) to work on /home/airflow/.local/lib/python3.8/site-packages/airflow/example_dags/example_time_delta_sensor_async.py
[2026-04-21T00:57:06.406+0000] {processor.py:830} INFO - Processing file /home/airflow/.local/lib/python3.8/site-packages/airflow/example_dags/example_time_delta_sensor_async.py for tasks to queue
[2026-04-21T00:57:06.409+0000] {logging_mixin.py:188} INFO - [2026-04-21T00:57:06.408+0000] {dagbag.py:538} INFO - Filling up the DagBag from /home/airflow/.local/lib/python3.8/site-packages/airflow/example_dags/example_time_delta_sensor_async.py
[2026-04-21T00:57:06.415+0000] {processor.py:840} INFO - DAG(s) 'example_time_delta_sensor_async' retrieved from /home/airflow/.local/lib/python3.8/site-packages/airflow/example_dags/example_time_delta_sensor_async.py
[2026-04-21T00:57:06.440+0000] {logging_mixin.py:188} INFO - [2026-04-21T00:57:06.440+0000] {dag.py:3036} INFO - Sync 1 DAGs
[2026-04-21T00:57:06.454+0000] {logging_mixin.py:188} INFO - [2026-04-21T00:57:06.454+0000] {dag.py:3823} INFO - Setting next_dagrun for example_time_delta_sensor_async to None, run_after=None
[2026-04-21T00:57:06.473+0000] {processor.py:183} INFO - Processing /home/airflow/.local/lib/python3.8/site-packages/airflow/example_dags/example_time_delta_sensor_async.py took 0.073 seconds
[2026-04-21T00:57:36.532+0000] {processor.py:161} INFO - Started process (PID=3708091) to work on /home/airflow/.local/lib/python3.8/site-packages/airflow/example_dags/example_time_delta_sensor_async.py
[2026-04-21T00:57:36.533+0000] {processor.py:830} INFO - Processing file /home/airflow/.local/lib/python3.8/site-packages/airflow/example_dags/example_time_delta_sensor_async.py for tasks to queue
[2026-04-21T00:57:36.536+0000] {logging_mixin.py:188} INFO - [2026-04-21T00:57:36.535+0000] {dagbag.py:538} INFO - Filling up the DagBag from /home/airflow/.local/lib/python3.8/site-packages/airflow/example_dags/example_time_delta_sensor_async.py
[2026-04-21T00:57:36.542+0000] {processor.py:840} INFO - DAG(s) 'example_time_delta_sensor_async' retrieved from /home/airflow/.local/lib/python3.8/site-packages/airflow/example_dags/example_time_delta_sensor_async.py
[2026-04-21T00:57:36.565+0000] {logging_mixin.py:188} INFO - [2026-04-21T00:57:36.565+0000] {dag.py:3036} INFO - Sync 1 DAGs
[2026-04-21T00:57:36.579+0000] {logging_mixin.py:188} INFO - [2026-04-21T00:57:36.578+0000] {dag.py:3823} INFO - Setting next_dagrun for example_time_delta_sensor_async to None, run_after=None
[2026-04-21T00:57:36.598+0000] {processor.py:183} INFO - Processing /home/airflow/.local/lib/python3.8/site-packages/airflow/example_dags/example_time_delta_sensor_async.py took 0.070 seconds
[2026-04-21T00:58:06.767+0000] {processor.py:161} INFO - Started process (PID=3708148) to work on /home/airflow/.local/lib/python3.8/site-packages/airflow/example_dags/example_time_delta_sensor_async.py
[2026-04-21T00:58:06.769+0000] {processor.py:830} INFO - Processing file /home/airflow/.local/lib/python3.8/site-packages/airflow/example_dags/example_time_delta_sensor_async.py for tasks to queue
[2026-04-21T00:58:06.772+0000] {logging_mixin.py:188} INFO - [2026-04-21T00:58:06.771+0000] {dagbag.py:538} INFO - Filling up the DagBag from /home/airflow/.local/lib/python3.8/site-packages/airflow/example_dags/example_time_delta_sensor_async.py
[2026-04-21T00:58:06.778+0000] {processor.py:840} INFO - DAG(s) 'example_time_delta_sensor_async' retrieved from /home/airflow/.local/lib/python3.8/site-packages/airflow/example_dags/example_time_delta_sensor_async.py
[2026-04-21T00:58:06.802+0000] {logging_mixin.py:188} INFO - [2026-04-21T00:58:06.802+0000] {dag.py:3036} INFO - Sync 1 DAGs
[2026-04-21T00:58:06.816+0000] {logging_mixin.py:188} INFO - [2026-04-21T00:58:06.816+0000] {dag.py:3823} INFO - Setting next_dagrun for example_time_delta_sensor_async to None, run_after=None
[2026-04-21T00:58:06.834+0000] {processor.py:183} INFO - Processing /home/airflow/.local/lib/python3.8/site-packages/airflow/example_dags/example_time_delta_sensor_async.py took 0.071 seconds
[2026-04-21T00:58:37.122+0000] {processor.py:161} INFO - Started process (PID=3708205) to work on /home/airflow/.local/lib/python3.8/site-packages/airflow/example_dags/example_time_delta_sensor_async.py
[2026-04-21T00:58:37.123+0000] {processor.py:830} INFO - Processing file /home/airflow/.local/lib/python3.8/site-packages/airflow/example_dags/example_time_delta_sensor_async.py for tasks to queue
[2026-04-21T00:58:37.126+0000] {logging_mixin.py:188} INFO - [2026-04-21T00:58:37.125+0000] {dagbag.py:538} INFO - Filling up the DagBag from /home/airflow/.local/lib/python3.8/site-packages/airflow/example_dags/example_time_delta_sensor_async.py
[2026-04-21T00:58:37.132+0000] {processor.py:840} INFO - DAG(s) 'example_time_delta_sensor_async' retrieved from /home/airflow/.local/lib/python3.8/site-packages/airflow/example_dags/example_time_delta_sensor_async.py
[2026-04-21T00:58:37.159+0000] {logging_mixin.py:188} INFO - [2026-04-21T00:58:37.158+0000] {dag.py:3036} INFO - Sync 1 DAGs
[2026-04-21T00:58:37.172+0000] {logging_mixin.py:188} INFO - [2026-04-21T00:58:37.172+0000] {dag.py:3823} INFO - Setting next_dagrun for example_time_delta_sensor_async to None, run_after=None
[2026-04-21T00:58:37.193+0000] {processor.py:183} INFO - Processing /home/airflow/.local/lib/python3.8/site-packages/airflow/example_dags/example_time_delta_sensor_async.py took 0.076 seconds
[2026-04-21T00:59:07.277+0000] {processor.py:161} INFO - Started process (PID=3708262) to work on /home/airflow/.local/lib/python3.8/site-packages/airflow/example_dags/example_time_delta_sensor_async.py
[2026-04-21T00:59:07.279+0000] {processor.py:830} INFO - Processing file /home/airflow/.local/lib/python3.8/site-packages/airflow/example_dags/example_time_delta_sensor_async.py for tasks to queue
[2026-04-21T00:59:07.281+0000] {logging_mixin.py:188} INFO - [2026-04-21T00:59:07.280+0000] {dagbag.py:538} INFO - Filling up the DagBag from /home/airflow/.local/lib/python3.8/site-packages/airflow/example_dags/example_time_delta_sensor_async.py
[2026-04-21T00:59:07.287+0000] {processor.py:840} INFO - DAG(s) 'example_time_delta_sensor_async' retrieved from /home/airflow/.local/lib/python3.8/site-packages/airflow/example_dags/example_time_delta_sensor_async.py
[2026-04-21T00:59:07.311+0000] {logging_mixin.py:188} INFO - [2026-04-21T00:59:07.310+0000] {dag.py:3036} INFO - Sync 1 DAGs
[2026-04-21T00:59:07.324+0000] {logging_mixin.py:188} INFO - [2026-04-21T00:59:07.324+0000] {dag.py:3823} INFO - Setting next_dagrun for example_time_delta_sensor_async to None, run_after=None
[2026-04-21T00:59:07.342+0000] {processor.py:183} INFO - Processing /home/airflow/.local/lib/python3.8/site-packages/airflow/example_dags/example_time_delta_sensor_async.py took 0.070 seconds
[2026-04-21T00:59:37.600+0000] {processor.py:161} INFO - Started process (PID=3708319) to work on /home/airflow/.local/lib/python3.8/site-packages/airflow/example_dags/example_time_delta_sensor_async.py
[2026-04-21T00:59:37.601+0000] {processor.py:830} INFO - Processing file /home/airflow/.local/lib/python3.8/site-packages/airflow/example_dags/example_time_delta_sensor_async.py for tasks to queue
[2026-04-21T00:59:37.603+0000] {logging_mixin.py:188} INFO - [2026-04-21T00:59:37.603+0000] {dagbag.py:538} INFO - Filling up the DagBag from /home/airflow/.local/lib/python3.8/site-packages/airflow/example_dags/example_time_delta_sensor_async.py
[2026-04-21T00:59:37.609+0000] {processor.py:840} INFO - DAG(s) 'example_time_delta_sensor_async' retrieved from /home/airflow/.local/lib/python3.8/site-packages/airflow/example_dags/example_time_delta_sensor_async.py
[2026-04-21T00:59:37.634+0000] {logging_mixin.py:188} INFO - [2026-04-21T00:59:37.634+0000] {dag.py:3036} INFO - Sync 1 DAGs
[2026-04-21T00:59:37.648+0000] {logging_mixin.py:188} INFO - [2026-04-21T00:59:37.648+0000] {dag.py:3823} INFO - Setting next_dagrun for example_time_delta_sensor_async to None, run_after=None
[2026-04-21T00:59:37.666+0000] {processor.py:183} INFO - Processing /home/airflow/.local/lib/python3.8/site-packages/airflow/example_dags/example_time_delta_sensor_async.py took 0.071 seconds
[2026-04-21T01:00:07.895+0000] {processor.py:161} INFO - Started process (PID=3708376) to work on /home/airflow/.local/lib/python3.8/site-packages/airflow/example_dags/example_time_delta_sensor_async.py
[2026-04-21T01:00:07.897+0000] {processor.py:830} INFO - Processing file /home/airflow/.local/lib/python3.8/site-packages/airflow/example_dags/example_time_delta_sensor_async.py for tasks to queue
[2026-04-21T01:00:07.900+0000] {logging_mixin.py:188} INFO - [2026-04-21T01:00:07.900+0000] {dagbag.py:538} INFO - Filling up the DagBag from /home/airflow/.local/lib/python3.8/site-packages/airflow/example_dags/example_time_delta_sensor_async.py
[2026-04-21T01:00:07.907+0000] {processor.py:840} INFO - DAG(s) 'example_time_delta_sensor_async' retrieved from /home/airflow/.local/lib/python3.8/site-packages/airflow/example_dags/example_time_delta_sensor_async.py
[2026-04-21T01:00:07.935+0000] {logging_mixin.py:188} INFO - [2026-04-21T01:00:07.934+0000] {dag.py:3036} INFO - Sync 1 DAGs
[2026-04-21T01:00:07.950+0000] {logging_mixin.py:188} INFO - [2026-04-21T01:00:07.950+0000] {dag.py:3823} INFO - Setting next_dagrun for example_time_delta_sensor_async to None, run_after=None
[2026-04-21T01:00:07.969+0000] {processor.py:183} INFO - Processing /home/airflow/.local/lib/python3.8/site-packages/airflow/example_dags/example_time_delta_sensor_async.py took 0.079 seconds
[2026-04-21T01:00:38.143+0000] {processor.py:161} INFO - Started process (PID=3708433) to work on /home/airflow/.local/lib/python3.8/site-packages/airflow/example_dags/example_time_delta_sensor_async.py
[2026-04-21T01:00:38.145+0000] {processor.py:830} INFO - Processing file /home/airflow/.local/lib/python3.8/site-packages/airflow/example_dags/example_time_delta_sensor_async.py for tasks to queue
[2026-04-21T01:00:38.147+0000] {logging_mixin.py:188} INFO - [2026-04-21T01:00:38.146+0000] {dagbag.py:538} INFO - Filling up the DagBag from /home/airflow/.local/lib/python3.8/site-packages/airflow/example_dags/example_time_delta_sensor_async.py
[2026-04-21T01:00:38.153+0000] {processor.py:840} INFO - DAG(s) 'example_time_delta_sensor_async' retrieved from /home/airflow/.local/lib/python3.8/site-packages/airflow/example_dags/example_time_delta_sensor_async.py
[2026-04-21T01:00:38.177+0000] {logging_mixin.py:188} INFO - [2026-04-21T01:00:38.176+0000] {dag.py:3036} INFO - Sync 1 DAGs
[2026-04-21T01:00:38.191+0000] {logging_mixin.py:188} INFO - [2026-04-21T01:00:38.190+0000] {dag.py:3823} INFO - Setting next_dagrun for example_time_delta_sensor_async to None, run_after=None
[2026-04-21T01:00:38.209+0000] {processor.py:183} INFO - Processing /home/airflow/.local/lib/python3.8/site-packages/airflow/example_dags/example_time_delta_sensor_async.py took 0.070 seconds
[2026-04-21T01:01:08.554+0000] {processor.py:161} INFO - Started process (PID=3708490) to work on /home/airflow/.local/lib/python3.8/site-packages/airflow/example_dags/example_time_delta_sensor_async.py
[2026-04-21T01:01:08.556+0000] {processor.py:830} INFO - Processing file /home/airflow/.local/lib/python3.8/site-packages/airflow/example_dags/example_time_delta_sensor_async.py for tasks to queue
[2026-04-21T01:01:08.559+0000] {logging_mixin.py:188} INFO - [2026-04-21T01:01:08.558+0000] {dagbag.py:538} INFO - Filling up the DagBag from /home/airflow/.local/lib/python3.8/site-packages/airflow/example_dags/example_time_delta_sensor_async.py
[2026-04-21T01:01:08.565+0000] {processor.py:840} INFO - DAG(s) 'example_time_delta_sensor_async' retrieved from /home/airflow/.local/lib/python3.8/site-packages/airflow/example_dags/example_time_delta_sensor_async.py
[2026-04-21T01:01:08.591+0000] {logging_mixin.py:188} INFO - [2026-04-21T01:01:08.591+0000] {dag.py:3036} INFO - Sync 1 DAGs
[2026-04-21T01:01:08.605+0000] {logging_mixin.py:188} INFO - [2026-04-21T01:01:08.605+0000] {dag.py:3823} INFO - Setting next_dagrun for example_time_delta_sensor_async to None, run_after=None
[2026-04-21T01:01:08.626+0000] {processor.py:183} INFO - Processing /home/airflow/.local/lib/python3.8/site-packages/airflow/example_dags/example_time_delta_sensor_async.py took 0.076 seconds
[2026-04-21T01:01:38.697+0000] {processor.py:161} INFO - Started process (PID=3708547) to work on /home/airflow/.local/lib/python3.8/site-packages/airflow/example_dags/example_time_delta_sensor_async.py
[2026-04-21T01:01:38.699+0000] {processor.py:830} INFO - Processing file /home/airflow/.local/lib/python3.8/site-packages/airflow/example_dags/example_time_delta_sensor_async.py for tasks to queue
[2026-04-21T01:01:38.701+0000] {logging_mixin.py:188} INFO - [2026-04-21T01:01:38.701+0000] {dagbag.py:538} INFO - Filling up the DagBag from /home/airflow/.local/lib/python3.8/site-packages/airflow/example_dags/example_time_delta_sensor_async.py
[2026-04-21T01:01:38.707+0000] {processor.py:840} INFO - DAG(s) 'example_time_delta_sensor_async' retrieved from /home/airflow/.local/lib/python3.8/site-packages/airflow/example_dags/example_time_delta_sensor_async.py
[2026-04-21T01:01:38.733+0000] {logging_mixin.py:188} INFO - [2026-04-21T01:01:38.733+0000] {dag.py:3036} INFO - Sync 1 DAGs
[2026-04-21T01:01:38.747+0000] {logging_mixin.py:188} INFO - [2026-04-21T01:01:38.747+0000] {dag.py:3823} INFO - Setting next_dagrun for example_time_delta_sensor_async to None, run_after=None
[2026-04-21T01:01:38.766+0000] {processor.py:183} INFO - Processing /home/airflow/.local/lib/python3.8/site-packages/airflow/example_dags/example_time_delta_sensor_async.py took 0.073 seconds
[2026-04-21T01:02:08.860+0000] {processor.py:161} INFO - Started process (PID=3708604) to work on /home/airflow/.local/lib/python3.8/site-packages/airflow/example_dags/example_time_delta_sensor_async.py
[2026-04-21T01:02:08.862+0000] {processor.py:830} INFO - Processing file /home/airflow/.local/lib/python3.8/site-packages/airflow/example_dags/example_time_delta_sensor_async.py for tasks to queue
[2026-04-21T01:02:08.864+0000] {logging_mixin.py:188} INFO - [2026-04-21T01:02:08.864+0000] {dagbag.py:538} INFO - Filling up the DagBag from /home/airflow/.local/lib/python3.8/site-packages/airflow/example_dags/example_time_delta_sensor_async.py
[2026-04-21T01:02:08.870+0000] {processor.py:840} INFO - DAG(s) 'example_time_delta_sensor_async' retrieved from /home/airflow/.local/lib/python3.8/site-packages/airflow/example_dags/example_time_delta_sensor_async.py
[2026-04-21T01:02:08.893+0000] {logging_mixin.py:188} INFO - [2026-04-21T01:02:08.893+0000] {dag.py:3036} INFO - Sync 1 DAGs
[2026-04-21T01:02:08.907+0000] {logging_mixin.py:188} INFO - [2026-04-21T01:02:08.907+0000] {dag.py:3823} INFO - Setting next_dagrun for example_time_delta_sensor_async to None, run_after=None
[2026-04-21T01:02:08.926+0000] {processor.py:183} INFO - Processing /home/airflow/.local/lib/python3.8/site-packages/airflow/example_dags/example_time_delta_sensor_async.py took 0.071 seconds
[2026-04-21T01:02:39.021+0000] {processor.py:161} INFO - Started process (PID=3708661) to work on /home/airflow/.local/lib/python3.8/site-packages/airflow/example_dags/example_time_delta_sensor_async.py
[2026-04-21T01:02:39.022+0000] {processor.py:830} INFO - Processing file /home/airflow/.local/lib/python3.8/site-packages/airflow/example_dags/example_time_delta_sensor_async.py for tasks to queue
[2026-04-21T01:02:39.024+0000] {logging_mixin.py:188} INFO - [2026-04-21T01:02:39.024+0000] {dagbag.py:538} INFO - Filling up the DagBag from /home/airflow/.local/lib/python3.8/site-packages/airflow/example_dags/example_time_delta_sensor_async.py
[2026-04-21T01:02:39.031+0000] {processor.py:840} INFO - DAG(s) 'example_time_delta_sensor_async' retrieved from /home/airflow/.local/lib/python3.8/site-packages/airflow/example_dags/example_time_delta_sensor_async.py
[2026-04-21T01:02:39.056+0000] {logging_mixin.py:188} INFO - [2026-04-21T01:02:39.056+0000] {dag.py:3036} INFO - Sync 1 DAGs
[2026-04-21T01:02:39.071+0000] {logging_mixin.py:188} INFO - [2026-04-21T01:02:39.070+0000] {dag.py:3823} INFO - Setting next_dagrun for example_time_delta_sensor_async to None, run_after=None
[2026-04-21T01:02:39.089+0000] {processor.py:183} INFO - Processing /home/airflow/.local/lib/python3.8/site-packages/airflow/example_dags/example_time_delta_sensor_async.py took 0.073 seconds
[2026-04-21T01:03:09.374+0000] {processor.py:161} INFO - Started process (PID=3708718) to work on /home/airflow/.local/lib/python3.8/site-packages/airflow/example_dags/example_time_delta_sensor_async.py
[2026-04-21T01:03:09.376+0000] {processor.py:830} INFO - Processing file /home/airflow/.local/lib/python3.8/site-packages/airflow/example_dags/example_time_delta_sensor_async.py for tasks to queue
[2026-04-21T01:03:09.379+0000] {logging_mixin.py:188} INFO - [2026-04-21T01:03:09.378+0000] {dagbag.py:538} INFO - Filling up the DagBag from /home/airflow/.local/lib/python3.8/site-packages/airflow/example_dags/example_time_delta_sensor_async.py
[2026-04-21T01:03:09.385+0000] {processor.py:840} INFO - DAG(s) 'example_time_delta_sensor_async' retrieved from /home/airflow/.local/lib/python3.8/site-packages/airflow/example_dags/example_time_delta_sensor_async.py
[2026-04-21T01:03:09.409+0000] {logging_mixin.py:188} INFO - [2026-04-21T01:03:09.409+0000] {dag.py:3036} INFO - Sync 1 DAGs
[2026-04-21T01:03:09.424+0000] {logging_mixin.py:188} INFO - [2026-04-21T01:03:09.423+0000] {dag.py:3823} INFO - Setting next_dagrun for example_time_delta_sensor_async to None, run_after=None
[2026-04-21T01:03:09.442+0000] {processor.py:183} INFO - Processing /home/airflow/.local/lib/python3.8/site-packages/airflow/example_dags/example_time_delta_sensor_async.py took 0.073 seconds
[2026-04-21T01:03:39.606+0000] {processor.py:161} INFO - Started process (PID=3708775) to work on /home/airflow/.local/lib/python3.8/site-packages/airflow/example_dags/example_time_delta_sensor_async.py
[2026-04-21T01:03:39.609+0000] {processor.py:830} INFO - Processing file /home/airflow/.local/lib/python3.8/site-packages/airflow/example_dags/example_time_delta_sensor_async.py for tasks to queue
[2026-04-21T01:03:39.611+0000] {logging_mixin.py:188} INFO - [2026-04-21T01:03:39.611+0000] {dagbag.py:538} INFO - Filling up the DagBag from /home/airflow/.local/lib/python3.8/site-packages/airflow/example_dags/example_time_delta_sensor_async.py
[2026-04-21T01:03:39.617+0000] {processor.py:840} INFO - DAG(s) 'example_time_delta_sensor_async' retrieved from /home/airflow/.local/lib/python3.8/site-packages/airflow/example_dags/example_time_delta_sensor_async.py
[2026-04-21T01:03:39.643+0000] {logging_mixin.py:188} INFO - [2026-04-21T01:03:39.642+0000] {dag.py:3036} INFO - Sync 1 DAGs
[2026-04-21T01:03:39.657+0000] {logging_mixin.py:188} INFO - [2026-04-21T01:03:39.657+0000] {dag.py:3823} INFO - Setting next_dagrun for example_time_delta_sensor_async to None, run_after=None
[2026-04-21T01:03:39.677+0000] {processor.py:183} INFO - Processing /home/airflow/.local/lib/python3.8/site-packages/airflow/example_dags/example_time_delta_sensor_async.py took 0.076 seconds
[2026-04-21T01:04:09.994+0000] {processor.py:161} INFO - Started process (PID=3708832) to work on /home/airflow/.local/lib/python3.8/site-packages/airflow/example_dags/example_time_delta_sensor_async.py
[2026-04-21T01:04:09.995+0000] {processor.py:830} INFO - Processing file /home/airflow/.local/lib/python3.8/site-packages/airflow/example_dags/example_time_delta_sensor_async.py for tasks to queue
[2026-04-21T01:04:09.997+0000] {logging_mixin.py:188} INFO - [2026-04-21T01:04:09.997+0000] {dagbag.py:538} INFO - Filling up the DagBag from /home/airflow/.local/lib/python3.8/site-packages/airflow/example_dags/example_time_delta_sensor_async.py
[2026-04-21T01:04:10.003+0000] {processor.py:840} INFO - DAG(s) 'example_time_delta_sensor_async' retrieved from /home/airflow/.local/lib/python3.8/site-packages/airflow/example_dags/example_time_delta_sensor_async.py
[2026-04-21T01:04:10.027+0000] {logging_mixin.py:188} INFO - [2026-04-21T01:04:10.027+0000] {dag.py:3036} INFO - Sync 1 DAGs
[2026-04-21T01:04:10.040+0000] {logging_mixin.py:188} INFO - [2026-04-21T01:04:10.040+0000] {dag.py:3823} INFO - Setting next_dagrun for example_time_delta_sensor_async to None, run_after=None
[2026-04-21T01:04:10.059+0000] {processor.py:183} INFO - Processing /home/airflow/.local/lib/python3.8/site-packages/airflow/example_dags/example_time_delta_sensor_async.py took 0.069 seconds
[2026-04-21T01:04:40.317+0000] {processor.py:161} INFO - Started process (PID=3708889) to work on /home/airflow/.local/lib/python3.8/site-packages/airflow/example_dags/example_time_delta_sensor_async.py
[2026-04-21T01:04:40.319+0000] {processor.py:830} INFO - Processing file /home/airflow/.local/lib/python3.8/site-packages/airflow/example_dags/example_time_delta_sensor_async.py for tasks to queue
[2026-04-21T01:04:40.321+0000] {logging_mixin.py:188} INFO - [2026-04-21T01:04:40.321+0000] {dagbag.py:538} INFO - Filling up the DagBag from /home/airflow/.local/lib/python3.8/site-packages/airflow/example_dags/example_time_delta_sensor_async.py
[2026-04-21T01:04:40.328+0000] {processor.py:840} INFO - DAG(s) 'example_time_delta_sensor_async' retrieved from /home/airflow/.local/lib/python3.8/site-packages/airflow/example_dags/example_time_delta_sensor_async.py
[2026-04-21T01:04:40.353+0000] {logging_mixin.py:188} INFO - [2026-04-21T01:04:40.353+0000] {dag.py:3036} INFO - Sync 1 DAGs
[2026-04-21T01:04:40.373+0000] {logging_mixin.py:188} INFO - [2026-04-21T01:04:40.372+0000] {dag.py:3823} INFO - Setting next_dagrun for example_time_delta_sensor_async to None, run_after=None
[2026-04-21T01:04:40.397+0000] {processor.py:183} INFO - Processing /home/airflow/.local/lib/python3.8/site-packages/airflow/example_dags/example_time_delta_sensor_async.py took 0.085 seconds
[2026-04-21T01:05:10.699+0000] {processor.py:161} INFO - Started process (PID=3708946) to work on /home/airflow/.local/lib/python3.8/site-packages/airflow/example_dags/example_time_delta_sensor_async.py
[2026-04-21T01:05:10.700+0000] {processor.py:830} INFO - Processing file /home/airflow/.local/lib/python3.8/site-packages/airflow/example_dags/example_time_delta_sensor_async.py for tasks to queue
[2026-04-21T01:05:10.702+0000] {logging_mixin.py:188} INFO - [2026-04-21T01:05:10.702+0000] {dagbag.py:538} INFO - Filling up the DagBag from /home/airflow/.local/lib/python3.8/site-packages/airflow/example_dags/example_time_delta_sensor_async.py
[2026-04-21T01:05:10.708+0000] {processor.py:840} INFO - DAG(s) 'example_time_delta_sensor_async' retrieved from /home/airflow/.local/lib/python3.8/site-packages/airflow/example_dags/example_time_delta_sensor_async.py
[2026-04-21T01:05:10.734+0000] {logging_mixin.py:188} INFO - [2026-04-21T01:05:10.733+0000] {dag.py:3036} INFO - Sync 1 DAGs
[2026-04-21T01:05:10.747+0000] {logging_mixin.py:188} INFO - [2026-04-21T01:05:10.747+0000] {dag.py:3823} INFO - Setting next_dagrun for example_time_delta_sensor_async to None, run_after=None
[2026-04-21T01:05:10.767+0000] {processor.py:183} INFO - Processing /home/airflow/.local/lib/python3.8/site-packages/airflow/example_dags/example_time_delta_sensor_async.py took 0.073 seconds
[2026-04-21T01:05:40.863+0000] {processor.py:161} INFO - Started process (PID=3709003) to work on /home/airflow/.local/lib/python3.8/site-packages/airflow/example_dags/example_time_delta_sensor_async.py
[2026-04-21T01:05:40.865+0000] {processor.py:830} INFO - Processing file /home/airflow/.local/lib/python3.8/site-packages/airflow/example_dags/example_time_delta_sensor_async.py for tasks to queue
[2026-04-21T01:05:40.867+0000] {logging_mixin.py:188} INFO - [2026-04-21T01:05:40.867+0000] {dagbag.py:538} INFO - Filling up the DagBag from /home/airflow/.local/lib/python3.8/site-packages/airflow/example_dags/example_time_delta_sensor_async.py
[2026-04-21T01:05:40.873+0000] {processor.py:840} INFO - DAG(s) 'example_time_delta_sensor_async' retrieved from /home/airflow/.local/lib/python3.8/site-packages/airflow/example_dags/example_time_delta_sensor_async.py
[2026-04-21T01:05:40.899+0000] {logging_mixin.py:188} INFO - [2026-04-21T01:05:40.898+0000] {dag.py:3036} INFO - Sync 1 DAGs
[2026-04-21T01:05:40.913+0000] {logging_mixin.py:188} INFO - [2026-04-21T01:05:40.913+0000] {dag.py:3823} INFO - Setting next_dagrun for example_time_delta_sensor_async to None, run_after=None
[2026-04-21T01:05:40.932+0000] {processor.py:183} INFO - Processing /home/airflow/.local/lib/python3.8/site-packages/airflow/example_dags/example_time_delta_sensor_async.py took 0.074 seconds
[2026-04-21T01:06:11.316+0000] {processor.py:161} INFO - Started process (PID=3709060) to work on /home/airflow/.local/lib/python3.8/site-packages/airflow/example_dags/example_time_delta_sensor_async.py
[2026-04-21T01:06:11.317+0000] {processor.py:830} INFO - Processing file /home/airflow/.local/lib/python3.8/site-packages/airflow/example_dags/example_time_delta_sensor_async.py for tasks to queue
[2026-04-21T01:06:11.320+0000] {logging_mixin.py:188} INFO - [2026-04-21T01:06:11.320+0000] {dagbag.py:538} INFO - Filling up the DagBag from /home/airflow/.local/lib/python3.8/site-packages/airflow/example_dags/example_time_delta_sensor_async.py
[2026-04-21T01:06:11.329+0000] {processor.py:840} INFO - DAG(s) 'example_time_delta_sensor_async' retrieved from /home/airflow/.local/lib/python3.8/site-packages/airflow/example_dags/example_time_delta_sensor_async.py
[2026-04-21T01:06:11.359+0000] {logging_mixin.py:188} INFO - [2026-04-21T01:06:11.358+0000] {dag.py:3036} INFO - Sync 1 DAGs
[2026-04-21T01:06:11.376+0000] {logging_mixin.py:188} INFO - [2026-04-21T01:06:11.375+0000] {dag.py:3823} INFO - Setting next_dagrun for example_time_delta_sensor_async to None, run_after=None
[2026-04-21T01:06:11.398+0000] {processor.py:183} INFO - Processing /home/airflow/.local/lib/python3.8/site-packages/airflow/example_dags/example_time_delta_sensor_async.py took 0.090 seconds
[2026-04-21T01:06:41.612+0000] {processor.py:161} INFO - Started process (PID=3709118) to work on /home/airflow/.local/lib/python3.8/site-packages/airflow/example_dags/example_time_delta_sensor_async.py
[2026-04-21T01:06:41.614+0000] {processor.py:830} INFO - Processing file /home/airflow/.local/lib/python3.8/site-packages/airflow/example_dags/example_time_delta_sensor_async.py for tasks to queue
[2026-04-21T01:06:41.617+0000] {logging_mixin.py:188} INFO - [2026-04-21T01:06:41.617+0000] {dagbag.py:538} INFO - Filling up the DagBag from /home/airflow/.local/lib/python3.8/site-packages/airflow/example_dags/example_time_delta_sensor_async.py
[2026-04-21T01:06:41.624+0000] {processor.py:840} INFO - DAG(s) 'example_time_delta_sensor_async' retrieved from /home/airflow/.local/lib/python3.8/site-packages/airflow/example_dags/example_time_delta_sensor_async.py
[2026-04-21T01:06:41.650+0000] {logging_mixin.py:188} INFO - [2026-04-21T01:06:41.650+0000] {dag.py:3036} INFO - Sync 1 DAGs
[2026-04-21T01:06:41.664+0000] {logging_mixin.py:188} INFO - [2026-04-21T01:06:41.664+0000] {dag.py:3823} INFO - Setting next_dagrun for example_time_delta_sensor_async to None, run_after=None
[2026-04-21T01:06:41.684+0000] {processor.py:183} INFO - Processing /home/airflow/.local/lib/python3.8/site-packages/airflow/example_dags/example_time_delta_sensor_async.py took 0.077 seconds
[2026-04-21T01:07:11.951+0000] {processor.py:161} INFO - Started process (PID=3709175) to work on /home/airflow/.local/lib/python3.8/site-packages/airflow/example_dags/example_time_delta_sensor_async.py
[2026-04-21T01:07:11.952+0000] {processor.py:830} INFO - Processing file /home/airflow/.local/lib/python3.8/site-packages/airflow/example_dags/example_time_delta_sensor_async.py for tasks to queue
[2026-04-21T01:07:11.954+0000] {logging_mixin.py:188} INFO - [2026-04-21T01:07:11.954+0000] {dagbag.py:538} INFO - Filling up the DagBag from /home/airflow/.local/lib/python3.8/site-packages/airflow/example_dags/example_time_delta_sensor_async.py
[2026-04-21T01:07:11.961+0000] {processor.py:840} INFO - DAG(s) 'example_time_delta_sensor_async' retrieved from /home/airflow/.local/lib/python3.8/site-packages/airflow/example_dags/example_time_delta_sensor_async.py
[2026-04-21T01:07:11.985+0000] {logging_mixin.py:188} INFO - [2026-04-21T01:07:11.985+0000] {dag.py:3036} INFO - Sync 1 DAGs
[2026-04-21T01:07:12.000+0000] {logging_mixin.py:188} INFO - [2026-04-21T01:07:12.000+0000] {dag.py:3823} INFO - Setting next_dagrun for example_time_delta_sensor_async to None, run_after=None
[2026-04-21T01:07:12.019+0000] {processor.py:183} INFO - Processing /home/airflow/.local/lib/python3.8/site-packages/airflow/example_dags/example_time_delta_sensor_async.py took 0.073 seconds
[2026-04-21T01:07:42.406+0000] {processor.py:161} INFO - Started process (PID=3709232) to work on /home/airflow/.local/lib/python3.8/site-packages/airflow/example_dags/example_time_delta_sensor_async.py
[2026-04-21T01:07:42.408+0000] {processor.py:830} INFO - Processing file /home/airflow/.local/lib/python3.8/site-packages/airflow/example_dags/example_time_delta_sensor_async.py for tasks to queue
[2026-04-21T01:07:42.410+0000] {logging_mixin.py:188} INFO - [2026-04-21T01:07:42.410+0000] {dagbag.py:538} INFO - Filling up the DagBag from /home/airflow/.local/lib/python3.8/site-packages/airflow/example_dags/example_time_delta_sensor_async.py
[2026-04-21T01:07:42.417+0000] {processor.py:840} INFO - DAG(s) 'example_time_delta_sensor_async' retrieved from /home/airflow/.local/lib/python3.8/site-packages/airflow/example_dags/example_time_delta_sensor_async.py
[2026-04-21T01:07:42.444+0000] {logging_mixin.py:188} INFO - [2026-04-21T01:07:42.443+0000] {dag.py:3036} INFO - Sync 1 DAGs
[2026-04-21T01:07:42.458+0000] {logging_mixin.py:188} INFO - [2026-04-21T01:07:42.458+0000] {dag.py:3823} INFO - Setting next_dagrun for example_time_delta_sensor_async to None, run_after=None
[2026-04-21T01:07:42.477+0000] {processor.py:183} INFO - Processing /home/airflow/.local/lib/python3.8/site-packages/airflow/example_dags/example_time_delta_sensor_async.py took 0.076 seconds
[2026-04-21T01:08:12.787+0000] {processor.py:161} INFO - Started process (PID=3709289) to work on /home/airflow/.local/lib/python3.8/site-packages/airflow/example_dags/example_time_delta_sensor_async.py
[2026-04-21T01:08:12.788+0000] {processor.py:830} INFO - Processing file /home/airflow/.local/lib/python3.8/site-packages/airflow/example_dags/example_time_delta_sensor_async.py for tasks to queue
[2026-04-21T01:08:12.790+0000] {logging_mixin.py:188} INFO - [2026-04-21T01:08:12.790+0000] {dagbag.py:538} INFO - Filling up the DagBag from /home/airflow/.local/lib/python3.8/site-packages/airflow/example_dags/example_time_delta_sensor_async.py
[2026-04-21T01:08:12.796+0000] {processor.py:840} INFO - DAG(s) 'example_time_delta_sensor_async' retrieved from /home/airflow/.local/lib/python3.8/site-packages/airflow/example_dags/example_time_delta_sensor_async.py
[2026-04-21T01:08:12.821+0000] {logging_mixin.py:188} INFO - [2026-04-21T01:08:12.820+0000] {dag.py:3036} INFO - Sync 1 DAGs
[2026-04-21T01:08:12.835+0000] {logging_mixin.py:188} INFO - [2026-04-21T01:08:12.835+0000] {dag.py:3823} INFO - Setting next_dagrun for example_time_delta_sensor_async to None, run_after=None
[2026-04-21T01:08:12.854+0000] {processor.py:183} INFO - Processing /home/airflow/.local/lib/python3.8/site-packages/airflow/example_dags/example_time_delta_sensor_async.py took 0.072 seconds
[2026-04-21T01:08:43.393+0000] {processor.py:161} INFO - Started process (PID=3709346) to work on /home/airflow/.local/lib/python3.8/site-packages/airflow/example_dags/example_time_delta_sensor_async.py
[2026-04-21T01:08:43.395+0000] {processor.py:830} INFO - Processing file /home/airflow/.local/lib/python3.8/site-packages/airflow/example_dags/example_time_delta_sensor_async.py for tasks to queue
[2026-04-21T01:08:43.397+0000] {logging_mixin.py:188} INFO - [2026-04-21T01:08:43.397+0000] {dagbag.py:538} INFO - Filling up the DagBag from /home/airflow/.local/lib/python3.8/site-packages/airflow/example_dags/example_time_delta_sensor_async.py
[2026-04-21T01:08:43.403+0000] {processor.py:840} INFO - DAG(s) 'example_time_delta_sensor_async' retrieved from /home/airflow/.local/lib/python3.8/site-packages/airflow/example_dags/example_time_delta_sensor_async.py
[2026-04-21T01:08:43.428+0000] {logging_mixin.py:188} INFO - [2026-04-21T01:08:43.428+0000] {dag.py:3036} INFO - Sync 1 DAGs
[2026-04-21T01:08:43.442+0000] {logging_mixin.py:188} INFO - [2026-04-21T01:08:43.441+0000] {dag.py:3823} INFO - Setting next_dagrun for example_time_delta_sensor_async to None, run_after=None
[2026-04-21T01:08:43.460+0000] {processor.py:183} INFO - Processing /home/airflow/.local/lib/python3.8/site-packages/airflow/example_dags/example_time_delta_sensor_async.py took 0.071 seconds
[2026-04-21T01:09:14.291+0000] {processor.py:161} INFO - Started process (PID=3709403) to work on /home/airflow/.local/lib/python3.8/site-packages/airflow/example_dags/example_time_delta_sensor_async.py
[2026-04-21T01:09:14.292+0000] {processor.py:830} INFO - Processing file /home/airflow/.local/lib/python3.8/site-packages/airflow/example_dags/example_time_delta_sensor_async.py for tasks to queue
[2026-04-21T01:09:14.295+0000] {logging_mixin.py:188} INFO - [2026-04-21T01:09:14.294+0000] {dagbag.py:538} INFO - Filling up the DagBag from /home/airflow/.local/lib/python3.8/site-packages/airflow/example_dags/example_time_delta_sensor_async.py
[2026-04-21T01:09:14.301+0000] {processor.py:840} INFO - DAG(s) 'example_time_delta_sensor_async' retrieved from /home/airflow/.local/lib/python3.8/site-packages/airflow/example_dags/example_time_delta_sensor_async.py
[2026-04-21T01:09:14.325+0000] {logging_mixin.py:188} INFO - [2026-04-21T01:09:14.324+0000] {dag.py:3036} INFO - Sync 1 DAGs
[2026-04-21T01:09:14.338+0000] {logging_mixin.py:188} INFO - [2026-04-21T01:09:14.338+0000] {dag.py:3823} INFO - Setting next_dagrun for example_time_delta_sensor_async to None, run_after=None
[2026-04-21T01:09:14.356+0000] {processor.py:183} INFO - Processing /home/airflow/.local/lib/python3.8/site-packages/airflow/example_dags/example_time_delta_sensor_async.py took 0.070 seconds
[2026-04-21T01:09:44.949+0000] {processor.py:161} INFO - Started process (PID=3709460) to work on /home/airflow/.local/lib/python3.8/site-packages/airflow/example_dags/example_time_delta_sensor_async.py
[2026-04-21T01:09:44.951+0000] {processor.py:830} INFO - Processing file /home/airflow/.local/lib/python3.8/site-packages/airflow/example_dags/example_time_delta_sensor_async.py for tasks to queue
[2026-04-21T01:09:44.953+0000] {logging_mixin.py:188} INFO - [2026-04-21T01:09:44.953+0000] {dagbag.py:538} INFO - Filling up the DagBag from /home/airflow/.local/lib/python3.8/site-packages/airflow/example_dags/example_time_delta_sensor_async.py
[2026-04-21T01:09:44.959+0000] {processor.py:840} INFO - DAG(s) 'example_time_delta_sensor_async' retrieved from /home/airflow/.local/lib/python3.8/site-packages/airflow/example_dags/example_time_delta_sensor_async.py
[2026-04-21T01:09:44.984+0000] {logging_mixin.py:188} INFO - [2026-04-21T01:09:44.984+0000] {dag.py:3036} INFO - Sync 1 DAGs
[2026-04-21T01:09:44.998+0000] {logging_mixin.py:188} INFO - [2026-04-21T01:09:44.998+0000] {dag.py:3823} INFO - Setting next_dagrun for example_time_delta_sensor_async to None, run_after=None
[2026-04-21T01:09:45.017+0000] {processor.py:183} INFO - Processing /home/airflow/.local/lib/python3.8/site-packages/airflow/example_dags/example_time_delta_sensor_async.py took 0.073 seconds
[2026-04-21T01:10:15.115+0000] {processor.py:161} INFO - Started process (PID=3709517) to work on /home/airflow/.local/lib/python3.8/site-packages/airflow/example_dags/example_time_delta_sensor_async.py
[2026-04-21T01:10:15.116+0000] {processor.py:830} INFO - Processing file /home/airflow/.local/lib/python3.8/site-packages/airflow/example_dags/example_time_delta_sensor_async.py for tasks to queue
[2026-04-21T01:10:15.118+0000] {logging_mixin.py:188} INFO - [2026-04-21T01:10:15.118+0000] {dagbag.py:538} INFO - Filling up the DagBag from /home/airflow/.local/lib/python3.8/site-packages/airflow/example_dags/example_time_delta_sensor_async.py
[2026-04-21T01:10:15.125+0000] {processor.py:840} INFO - DAG(s) 'example_time_delta_sensor_async' retrieved from /home/airflow/.local/lib/python3.8/site-packages/airflow/example_dags/example_time_delta_sensor_async.py
[2026-04-21T01:10:15.150+0000] {logging_mixin.py:188} INFO - [2026-04-21T01:10:15.150+0000] {dag.py:3036} INFO - Sync 1 DAGs
[2026-04-21T01:10:15.164+0000] {logging_mixin.py:188} INFO - [2026-04-21T01:10:15.164+0000] {dag.py:3823} INFO - Setting next_dagrun for example_time_delta_sensor_async to None, run_after=None
[2026-04-21T01:10:15.183+0000] {processor.py:183} INFO - Processing /home/airflow/.local/lib/python3.8/site-packages/airflow/example_dags/example_time_delta_sensor_async.py took 0.073 seconds
[2026-04-21T01:10:45.294+0000] {processor.py:161} INFO - Started process (PID=3709574) to work on /home/airflow/.local/lib/python3.8/site-packages/airflow/example_dags/example_time_delta_sensor_async.py
[2026-04-21T01:10:45.296+0000] {processor.py:830} INFO - Processing file /home/airflow/.local/lib/python3.8/site-packages/airflow/example_dags/example_time_delta_sensor_async.py for tasks to queue
[2026-04-21T01:10:45.298+0000] {logging_mixin.py:188} INFO - [2026-04-21T01:10:45.298+0000] {dagbag.py:538} INFO - Filling up the DagBag from /home/airflow/.local/lib/python3.8/site-packages/airflow/example_dags/example_time_delta_sensor_async.py
[2026-04-21T01:10:45.305+0000] {processor.py:840} INFO - DAG(s) 'example_time_delta_sensor_async' retrieved from /home/airflow/.local/lib/python3.8/site-packages/airflow/example_dags/example_time_delta_sensor_async.py
[2026-04-21T01:10:45.330+0000] {logging_mixin.py:188} INFO - [2026-04-21T01:10:45.330+0000] {dag.py:3036} INFO - Sync 1 DAGs
[2026-04-21T01:10:45.344+0000] {logging_mixin.py:188} INFO - [2026-04-21T01:10:45.344+0000] {dag.py:3823} INFO - Setting next_dagrun for example_time_delta_sensor_async to None, run_after=None
[2026-04-21T01:10:45.363+0000] {processor.py:183} INFO - Processing /home/airflow/.local/lib/python3.8/site-packages/airflow/example_dags/example_time_delta_sensor_async.py took 0.073 seconds
[2026-04-21T01:11:15.506+0000] {processor.py:161} INFO - Started process (PID=3709631) to work on /home/airflow/.local/lib/python3.8/site-packages/airflow/example_dags/example_time_delta_sensor_async.py
[2026-04-21T01:11:15.507+0000] {processor.py:830} INFO - Processing file /home/airflow/.local/lib/python3.8/site-packages/airflow/example_dags/example_time_delta_sensor_async.py for tasks to queue
[2026-04-21T01:11:15.509+0000] {logging_mixin.py:188} INFO - [2026-04-21T01:11:15.509+0000] {dagbag.py:538} INFO - Filling up the DagBag from /home/airflow/.local/lib/python3.8/site-packages/airflow/example_dags/example_time_delta_sensor_async.py
[2026-04-21T01:11:15.515+0000] {processor.py:840} INFO - DAG(s) 'example_time_delta_sensor_async' retrieved from /home/airflow/.local/lib/python3.8/site-packages/airflow/example_dags/example_time_delta_sensor_async.py
[2026-04-21T01:11:15.540+0000] {logging_mixin.py:188} INFO - [2026-04-21T01:11:15.540+0000] {dag.py:3036} INFO - Sync 1 DAGs
[2026-04-21T01:11:15.554+0000] {logging_mixin.py:188} INFO - [2026-04-21T01:11:15.554+0000] {dag.py:3823} INFO - Setting next_dagrun for example_time_delta_sensor_async to None, run_after=None
[2026-04-21T01:11:15.572+0000] {processor.py:183} INFO - Processing /home/airflow/.local/lib/python3.8/site-packages/airflow/example_dags/example_time_delta_sensor_async.py took 0.071 seconds
[2026-04-21T01:11:45.885+0000] {processor.py:161} INFO - Started process (PID=3709688) to work on /home/airflow/.local/lib/python3.8/site-packages/airflow/example_dags/example_time_delta_sensor_async.py
[2026-04-21T01:11:45.887+0000] {processor.py:830} INFO - Processing file /home/airflow/.local/lib/python3.8/site-packages/airflow/example_dags/example_time_delta_sensor_async.py for tasks to queue
[2026-04-21T01:11:45.889+0000] {logging_mixin.py:188} INFO - [2026-04-21T01:11:45.889+0000] {dagbag.py:538} INFO - Filling up the DagBag from /home/airflow/.local/lib/python3.8/site-packages/airflow/example_dags/example_time_delta_sensor_async.py
[2026-04-21T01:11:45.895+0000] {processor.py:840} INFO - DAG(s) 'example_time_delta_sensor_async' retrieved from /home/airflow/.local/lib/python3.8/site-packages/airflow/example_dags/example_time_delta_sensor_async.py
[2026-04-21T01:11:45.921+0000] {logging_mixin.py:188} INFO - [2026-04-21T01:11:45.920+0000] {dag.py:3036} INFO - Sync 1 DAGs
[2026-04-21T01:11:45.935+0000] {logging_mixin.py:188} INFO - [2026-04-21T01:11:45.934+0000] {dag.py:3823} INFO - Setting next_dagrun for example_time_delta_sensor_async to None, run_after=None
[2026-04-21T01:11:45.954+0000] {processor.py:183} INFO - Processing /home/airflow/.local/lib/python3.8/site-packages/airflow/example_dags/example_time_delta_sensor_async.py took 0.073 seconds
[2026-04-21T01:12:15.978+0000] {processor.py:161} INFO - Started process (PID=3709744) to work on /home/airflow/.local/lib/python3.8/site-packages/airflow/example_dags/example_time_delta_sensor_async.py
[2026-04-21T01:12:15.979+0000] {processor.py:830} INFO - Processing file /home/airflow/.local/lib/python3.8/site-packages/airflow/example_dags/example_time_delta_sensor_async.py for tasks to queue
[2026-04-21T01:12:15.981+0000] {logging_mixin.py:188} INFO - [2026-04-21T01:12:15.981+0000] {dagbag.py:538} INFO - Filling up the DagBag from /home/airflow/.local/lib/python3.8/site-packages/airflow/example_dags/example_time_delta_sensor_async.py
[2026-04-21T01:12:15.987+0000] {processor.py:840} INFO - DAG(s) 'example_time_delta_sensor_async' retrieved from /home/airflow/.local/lib/python3.8/site-packages/airflow/example_dags/example_time_delta_sensor_async.py
[2026-04-21T01:12:16.011+0000] {logging_mixin.py:188} INFO - [2026-04-21T01:12:16.010+0000] {dag.py:3036} INFO - Sync 1 DAGs
[2026-04-21T01:12:16.024+0000] {logging_mixin.py:188} INFO - [2026-04-21T01:12:16.024+0000] {dag.py:3823} INFO - Setting next_dagrun for example_time_delta_sensor_async to None, run_after=None
[2026-04-21T01:12:16.042+0000] {processor.py:183} INFO - Processing /home/airflow/.local/lib/python3.8/site-packages/airflow/example_dags/example_time_delta_sensor_async.py took 0.069 seconds
[2026-04-21T01:12:46.950+0000] {processor.py:161} INFO - Started process (PID=3709799) to work on /home/airflow/.local/lib/python3.8/site-packages/airflow/example_dags/example_time_delta_sensor_async.py
[2026-04-21T01:12:46.952+0000] {processor.py:830} INFO - Processing file /home/airflow/.local/lib/python3.8/site-packages/airflow/example_dags/example_time_delta_sensor_async.py for tasks to queue
[2026-04-21T01:12:46.955+0000] {logging_mixin.py:188} INFO - [2026-04-21T01:12:46.954+0000] {dagbag.py:538} INFO - Filling up the DagBag from /home/airflow/.local/lib/python3.8/site-packages/airflow/example_dags/example_time_delta_sensor_async.py
[2026-04-21T01:12:46.961+0000] {processor.py:840} INFO - DAG(s) 'example_time_delta_sensor_async' retrieved from /home/airflow/.local/lib/python3.8/site-packages/airflow/example_dags/example_time_delta_sensor_async.py
[2026-04-21T01:12:46.986+0000] {logging_mixin.py:188} INFO - [2026-04-21T01:12:46.986+0000] {dag.py:3036} INFO - Sync 1 DAGs
[2026-04-21T01:12:47.000+0000] {logging_mixin.py:188} INFO - [2026-04-21T01:12:47.000+0000] {dag.py:3823} INFO - Setting next_dagrun for example_time_delta_sensor_async to None, run_after=None
[2026-04-21T01:12:47.022+0000] {processor.py:183} INFO - Processing /home/airflow/.local/lib/python3.8/site-packages/airflow/example_dags/example_time_delta_sensor_async.py took 0.077 seconds
[2026-04-21T01:13:17.084+0000] {processor.py:161} INFO - Started process (PID=3709854) to work on /home/airflow/.local/lib/python3.8/site-packages/airflow/example_dags/example_time_delta_sensor_async.py
[2026-04-21T01:13:17.086+0000] {processor.py:830} INFO - Processing file /home/airflow/.local/lib/python3.8/site-packages/airflow/example_dags/example_time_delta_sensor_async.py for tasks to queue
[2026-04-21T01:13:17.088+0000] {logging_mixin.py:188} INFO - [2026-04-21T01:13:17.088+0000] {dagbag.py:538} INFO - Filling up the DagBag from /home/airflow/.local/lib/python3.8/site-packages/airflow/example_dags/example_time_delta_sensor_async.py
[2026-04-21T01:13:17.094+0000] {processor.py:840} INFO - DAG(s) 'example_time_delta_sensor_async' retrieved from /home/airflow/.local/lib/python3.8/site-packages/airflow/example_dags/example_time_delta_sensor_async.py
[2026-04-21T01:13:17.119+0000] {logging_mixin.py:188} INFO - [2026-04-21T01:13:17.119+0000] {dag.py:3036} INFO - Sync 1 DAGs
[2026-04-21T01:13:17.133+0000] {logging_mixin.py:188} INFO - [2026-04-21T01:13:17.133+0000] {dag.py:3823} INFO - Setting next_dagrun for example_time_delta_sensor_async to None, run_after=None
[2026-04-21T01:13:17.152+0000] {processor.py:183} INFO - Processing /home/airflow/.local/lib/python3.8/site-packages/airflow/example_dags/example_time_delta_sensor_async.py took 0.073 seconds
[2026-04-21T01:13:47.271+0000] {processor.py:161} INFO - Started process (PID=3709911) to work on /home/airflow/.local/lib/python3.8/site-packages/airflow/example_dags/example_time_delta_sensor_async.py
[2026-04-21T01:13:47.273+0000] {processor.py:830} INFO - Processing file /home/airflow/.local/lib/python3.8/site-packages/airflow/example_dags/example_time_delta_sensor_async.py for tasks to queue
[2026-04-21T01:13:47.276+0000] {logging_mixin.py:188} INFO - [2026-04-21T01:13:47.275+0000] {dagbag.py:538} INFO - Filling up the DagBag from /home/airflow/.local/lib/python3.8/site-packages/airflow/example_dags/example_time_delta_sensor_async.py
[2026-04-21T01:13:47.282+0000] {processor.py:840} INFO - DAG(s) 'example_time_delta_sensor_async' retrieved from /home/airflow/.local/lib/python3.8/site-packages/airflow/example_dags/example_time_delta_sensor_async.py
[2026-04-21T01:13:47.307+0000] {logging_mixin.py:188} INFO - [2026-04-21T01:13:47.307+0000] {dag.py:3036} INFO - Sync 1 DAGs
[2026-04-21T01:13:47.321+0000] {logging_mixin.py:188} INFO - [2026-04-21T01:13:47.321+0000] {dag.py:3823} INFO - Setting next_dagrun for example_time_delta_sensor_async to None, run_after=None
[2026-04-21T01:13:47.342+0000] {processor.py:183} INFO - Processing /home/airflow/.local/lib/python3.8/site-packages/airflow/example_dags/example_time_delta_sensor_async.py took 0.076 seconds
[2026-04-21T01:14:17.423+0000] {processor.py:161} INFO - Started process (PID=3709968) to work on /home/airflow/.local/lib/python3.8/site-packages/airflow/example_dags/example_time_delta_sensor_async.py
[2026-04-21T01:14:17.425+0000] {processor.py:830} INFO - Processing file /home/airflow/.local/lib/python3.8/site-packages/airflow/example_dags/example_time_delta_sensor_async.py for tasks to queue
[2026-04-21T01:14:17.427+0000] {logging_mixin.py:188} INFO - [2026-04-21T01:14:17.427+0000] {dagbag.py:538} INFO - Filling up the DagBag from /home/airflow/.local/lib/python3.8/site-packages/airflow/example_dags/example_time_delta_sensor_async.py
[2026-04-21T01:14:17.433+0000] {processor.py:840} INFO - DAG(s) 'example_time_delta_sensor_async' retrieved from /home/airflow/.local/lib/python3.8/site-packages/airflow/example_dags/example_time_delta_sensor_async.py
[2026-04-21T01:14:17.460+0000] {logging_mixin.py:188} INFO - [2026-04-21T01:14:17.459+0000] {dag.py:3036} INFO - Sync 1 DAGs
[2026-04-21T01:14:17.474+0000] {logging_mixin.py:188} INFO - [2026-04-21T01:14:17.473+0000] {dag.py:3823} INFO - Setting next_dagrun for example_time_delta_sensor_async to None, run_after=None
[2026-04-21T01:14:17.493+0000] {processor.py:183} INFO - Processing /home/airflow/.local/lib/python3.8/site-packages/airflow/example_dags/example_time_delta_sensor_async.py took 0.075 seconds
[2026-04-21T01:14:47.757+0000] {processor.py:161} INFO - Started process (PID=3710025) to work on /home/airflow/.local/lib/python3.8/site-packages/airflow/example_dags/example_time_delta_sensor_async.py
[2026-04-21T01:14:47.759+0000] {processor.py:830} INFO - Processing file /home/airflow/.local/lib/python3.8/site-packages/airflow/example_dags/example_time_delta_sensor_async.py for tasks to queue
[2026-04-21T01:14:47.762+0000] {logging_mixin.py:188} INFO - [2026-04-21T01:14:47.761+0000] {dagbag.py:538} INFO - Filling up the DagBag from /home/airflow/.local/lib/python3.8/site-packages/airflow/example_dags/example_time_delta_sensor_async.py
[2026-04-21T01:14:47.768+0000] {processor.py:840} INFO - DAG(s) 'example_time_delta_sensor_async' retrieved from /home/airflow/.local/lib/python3.8/site-packages/airflow/example_dags/example_time_delta_sensor_async.py
[2026-04-21T01:14:47.793+0000] {logging_mixin.py:188} INFO - [2026-04-21T01:14:47.793+0000] {dag.py:3036} INFO - Sync 1 DAGs
[2026-04-21T01:14:47.806+0000] {logging_mixin.py:188} INFO - [2026-04-21T01:14:47.806+0000] {dag.py:3823} INFO - Setting next_dagrun for example_time_delta_sensor_async to None, run_after=None
[2026-04-21T01:14:47.825+0000] {processor.py:183} INFO - Processing /home/airflow/.local/lib/python3.8/site-packages/airflow/example_dags/example_time_delta_sensor_async.py took 0.073 seconds
[2026-04-21T01:15:18.291+0000] {processor.py:161} INFO - Started process (PID=3710082) to work on /home/airflow/.local/lib/python3.8/site-packages/airflow/example_dags/example_time_delta_sensor_async.py
[2026-04-21T01:15:18.293+0000] {processor.py:830} INFO - Processing file /home/airflow/.local/lib/python3.8/site-packages/airflow/example_dags/example_time_delta_sensor_async.py for tasks to queue
[2026-04-21T01:15:18.295+0000] {logging_mixin.py:188} INFO - [2026-04-21T01:15:18.295+0000] {dagbag.py:538} INFO - Filling up the DagBag from /home/airflow/.local/lib/python3.8/site-packages/airflow/example_dags/example_time_delta_sensor_async.py
[2026-04-21T01:15:18.301+0000] {processor.py:840} INFO - DAG(s) 'example_time_delta_sensor_async' retrieved from /home/airflow/.local/lib/python3.8/site-packages/airflow/example_dags/example_time_delta_sensor_async.py
[2026-04-21T01:15:18.324+0000] {logging_mixin.py:188} INFO - [2026-04-21T01:15:18.324+0000] {dag.py:3036} INFO - Sync 1 DAGs
[2026-04-21T01:15:18.338+0000] {logging_mixin.py:188} INFO - [2026-04-21T01:15:18.338+0000] {dag.py:3823} INFO - Setting next_dagrun for example_time_delta_sensor_async to None, run_after=None
[2026-04-21T01:15:18.357+0000] {processor.py:183} INFO - Processing /home/airflow/.local/lib/python3.8/site-packages/airflow/example_dags/example_time_delta_sensor_async.py took 0.070 seconds
[2026-04-21T01:15:48.620+0000] {processor.py:161} INFO - Started process (PID=3710139) to work on /home/airflow/.local/lib/python3.8/site-packages/airflow/example_dags/example_time_delta_sensor_async.py
[2026-04-21T01:15:48.622+0000] {processor.py:830} INFO - Processing file /home/airflow/.local/lib/python3.8/site-packages/airflow/example_dags/example_time_delta_sensor_async.py for tasks to queue
[2026-04-21T01:15:48.625+0000] {logging_mixin.py:188} INFO - [2026-04-21T01:15:48.624+0000] {dagbag.py:538} INFO - Filling up the DagBag from /home/airflow/.local/lib/python3.8/site-packages/airflow/example_dags/example_time_delta_sensor_async.py
[2026-04-21T01:15:48.631+0000] {processor.py:840} INFO - DAG(s) 'example_time_delta_sensor_async' retrieved from /home/airflow/.local/lib/python3.8/site-packages/airflow/example_dags/example_time_delta_sensor_async.py
[2026-04-21T01:15:48.656+0000] {logging_mixin.py:188} INFO - [2026-04-21T01:15:48.656+0000] {dag.py:3036} INFO - Sync 1 DAGs
[2026-04-21T01:15:48.670+0000] {logging_mixin.py:188} INFO - [2026-04-21T01:15:48.669+0000] {dag.py:3823} INFO - Setting next_dagrun for example_time_delta_sensor_async to None, run_after=None
[2026-04-21T01:15:48.689+0000] {processor.py:183} INFO - Processing /home/airflow/.local/lib/python3.8/site-packages/airflow/example_dags/example_time_delta_sensor_async.py took 0.073 seconds
[2026-04-21T01:16:18.811+0000] {processor.py:161} INFO - Started process (PID=3710196) to work on /home/airflow/.local/lib/python3.8/site-packages/airflow/example_dags/example_time_delta_sensor_async.py
[2026-04-21T01:16:18.813+0000] {processor.py:830} INFO - Processing file /home/airflow/.local/lib/python3.8/site-packages/airflow/example_dags/example_time_delta_sensor_async.py for tasks to queue
[2026-04-21T01:16:18.815+0000] {logging_mixin.py:188} INFO - [2026-04-21T01:16:18.814+0000] {dagbag.py:538} INFO - Filling up the DagBag from /home/airflow/.local/lib/python3.8/site-packages/airflow/example_dags/example_time_delta_sensor_async.py
[2026-04-21T01:16:18.821+0000] {processor.py:840} INFO - DAG(s) 'example_time_delta_sensor_async' retrieved from /home/airflow/.local/lib/python3.8/site-packages/airflow/example_dags/example_time_delta_sensor_async.py
[2026-04-21T01:16:18.845+0000] {logging_mixin.py:188} INFO - [2026-04-21T01:16:18.845+0000] {dag.py:3036} INFO - Sync 1 DAGs
[2026-04-21T01:16:18.859+0000] {logging_mixin.py:188} INFO - [2026-04-21T01:16:18.859+0000] {dag.py:3823} INFO - Setting next_dagrun for example_time_delta_sensor_async to None, run_after=None
[2026-04-21T01:16:18.878+0000] {processor.py:183} INFO - Processing /home/airflow/.local/lib/python3.8/site-packages/airflow/example_dags/example_time_delta_sensor_async.py took 0.072 seconds
[2026-04-21T01:16:49.065+0000] {processor.py:161} INFO - Started process (PID=3710253) to work on /home/airflow/.local/lib/python3.8/site-packages/airflow/example_dags/example_time_delta_sensor_async.py
[2026-04-21T01:16:49.066+0000] {processor.py:830} INFO - Processing file /home/airflow/.local/lib/python3.8/site-packages/airflow/example_dags/example_time_delta_sensor_async.py for tasks to queue
[2026-04-21T01:16:49.069+0000] {logging_mixin.py:188} INFO - [2026-04-21T01:16:49.068+0000] {dagbag.py:538} INFO - Filling up the DagBag from /home/airflow/.local/lib/python3.8/site-packages/airflow/example_dags/example_time_delta_sensor_async.py
[2026-04-21T01:16:49.076+0000] {processor.py:840} INFO - DAG(s) 'example_time_delta_sensor_async' retrieved from /home/airflow/.local/lib/python3.8/site-packages/airflow/example_dags/example_time_delta_sensor_async.py
[2026-04-21T01:16:49.109+0000] {logging_mixin.py:188} INFO - [2026-04-21T01:16:49.109+0000] {dag.py:3036} INFO - Sync 1 DAGs
[2026-04-21T01:16:49.131+0000] {logging_mixin.py:188} INFO - [2026-04-21T01:16:49.131+0000] {dag.py:3823} INFO - Setting next_dagrun for example_time_delta_sensor_async to None, run_after=None
[2026-04-21T01:16:49.159+0000] {processor.py:183} INFO - Processing /home/airflow/.local/lib/python3.8/site-packages/airflow/example_dags/example_time_delta_sensor_async.py took 0.099 seconds
[2026-04-21T01:17:19.262+0000] {processor.py:161} INFO - Started process (PID=3710310) to work on /home/airflow/.local/lib/python3.8/site-packages/airflow/example_dags/example_time_delta_sensor_async.py
[2026-04-21T01:17:19.264+0000] {processor.py:830} INFO - Processing file /home/airflow/.local/lib/python3.8/site-packages/airflow/example_dags/example_time_delta_sensor_async.py for tasks to queue
[2026-04-21T01:17:19.266+0000] {logging_mixin.py:188} INFO - [2026-04-21T01:17:19.266+0000] {dagbag.py:538} INFO - Filling up the DagBag from /home/airflow/.local/lib/python3.8/site-packages/airflow/example_dags/example_time_delta_sensor_async.py
[2026-04-21T01:17:19.273+0000] {processor.py:840} INFO - DAG(s) 'example_time_delta_sensor_async' retrieved from /home/airflow/.local/lib/python3.8/site-packages/airflow/example_dags/example_time_delta_sensor_async.py
[2026-04-21T01:17:19.297+0000] {logging_mixin.py:188} INFO - [2026-04-21T01:17:19.297+0000] {dag.py:3036} INFO - Sync 1 DAGs
[2026-04-21T01:17:19.311+0000] {logging_mixin.py:188} INFO - [2026-04-21T01:17:19.311+0000] {dag.py:3823} INFO - Setting next_dagrun for example_time_delta_sensor_async to None, run_after=None
[2026-04-21T01:17:19.330+0000] {processor.py:183} INFO - Processing /home/airflow/.local/lib/python3.8/site-packages/airflow/example_dags/example_time_delta_sensor_async.py took 0.073 seconds
[2026-04-21T01:17:49.608+0000] {processor.py:161} INFO - Started process (PID=3710367) to work on /home/airflow/.local/lib/python3.8/site-packages/airflow/example_dags/example_time_delta_sensor_async.py
[2026-04-21T01:17:49.610+0000] {processor.py:830} INFO - Processing file /home/airflow/.local/lib/python3.8/site-packages/airflow/example_dags/example_time_delta_sensor_async.py for tasks to queue
[2026-04-21T01:17:49.612+0000] {logging_mixin.py:188} INFO - [2026-04-21T01:17:49.612+0000] {dagbag.py:538} INFO - Filling up the DagBag from /home/airflow/.local/lib/python3.8/site-packages/airflow/example_dags/example_time_delta_sensor_async.py
[2026-04-21T01:17:49.618+0000] {processor.py:840} INFO - DAG(s) 'example_time_delta_sensor_async' retrieved from /home/airflow/.local/lib/python3.8/site-packages/airflow/example_dags/example_time_delta_sensor_async.py
[2026-04-21T01:17:49.643+0000] {logging_mixin.py:188} INFO - [2026-04-21T01:17:49.642+0000] {dag.py:3036} INFO - Sync 1 DAGs
[2026-04-21T01:17:49.657+0000] {logging_mixin.py:188} INFO - [2026-04-21T01:17:49.657+0000] {dag.py:3823} INFO - Setting next_dagrun for example_time_delta_sensor_async to None, run_after=None
[2026-04-21T01:17:49.676+0000] {processor.py:183} INFO - Processing /home/airflow/.local/lib/python3.8/site-packages/airflow/example_dags/example_time_delta_sensor_async.py took 0.072 seconds
[2026-04-21T01:18:19.889+0000] {processor.py:161} INFO - Started process (PID=3710424) to work on /home/airflow/.local/lib/python3.8/site-packages/airflow/example_dags/example_time_delta_sensor_async.py
[2026-04-21T01:18:19.891+0000] {processor.py:830} INFO - Processing file /home/airflow/.local/lib/python3.8/site-packages/airflow/example_dags/example_time_delta_sensor_async.py for tasks to queue
[2026-04-21T01:18:19.893+0000] {logging_mixin.py:188} INFO - [2026-04-21T01:18:19.893+0000] {dagbag.py:538} INFO - Filling up the DagBag from /home/airflow/.local/lib/python3.8/site-packages/airflow/example_dags/example_time_delta_sensor_async.py
[2026-04-21T01:18:19.900+0000] {processor.py:840} INFO - DAG(s) 'example_time_delta_sensor_async' retrieved from /home/airflow/.local/lib/python3.8/site-packages/airflow/example_dags/example_time_delta_sensor_async.py
[2026-04-21T01:18:19.924+0000] {logging_mixin.py:188} INFO - [2026-04-21T01:18:19.924+0000] {dag.py:3036} INFO - Sync 1 DAGs
[2026-04-21T01:18:19.938+0000] {logging_mixin.py:188} INFO - [2026-04-21T01:18:19.938+0000] {dag.py:3823} INFO - Setting next_dagrun for example_time_delta_sensor_async to None, run_after=None
[2026-04-21T01:18:19.958+0000] {processor.py:183} INFO - Processing /home/airflow/.local/lib/python3.8/site-packages/airflow/example_dags/example_time_delta_sensor_async.py took 0.073 seconds
[2026-04-21T01:18:50.134+0000] {processor.py:161} INFO - Started process (PID=3710481) to work on /home/airflow/.local/lib/python3.8/site-packages/airflow/example_dags/example_time_delta_sensor_async.py
[2026-04-21T01:18:50.136+0000] {processor.py:830} INFO - Processing file /home/airflow/.local/lib/python3.8/site-packages/airflow/example_dags/example_time_delta_sensor_async.py for tasks to queue
[2026-04-21T01:18:50.138+0000] {logging_mixin.py:188} INFO - [2026-04-21T01:18:50.137+0000] {dagbag.py:538} INFO - Filling up the DagBag from /home/airflow/.local/lib/python3.8/site-packages/airflow/example_dags/example_time_delta_sensor_async.py
[2026-04-21T01:18:50.144+0000] {processor.py:840} INFO - DAG(s) 'example_time_delta_sensor_async' retrieved from /home/airflow/.local/lib/python3.8/site-packages/airflow/example_dags/example_time_delta_sensor_async.py
[2026-04-21T01:18:50.169+0000] {logging_mixin.py:188} INFO - [2026-04-21T01:18:50.168+0000] {dag.py:3036} INFO - Sync 1 DAGs
[2026-04-21T01:18:50.183+0000] {logging_mixin.py:188} INFO - [2026-04-21T01:18:50.183+0000] {dag.py:3823} INFO - Setting next_dagrun for example_time_delta_sensor_async to None, run_after=None
[2026-04-21T01:18:50.204+0000] {processor.py:183} INFO - Processing /home/airflow/.local/lib/python3.8/site-packages/airflow/example_dags/example_time_delta_sensor_async.py took 0.075 seconds
[2026-04-21T01:19:20.412+0000] {processor.py:161} INFO - Started process (PID=3710538) to work on /home/airflow/.local/lib/python3.8/site-packages/airflow/example_dags/example_time_delta_sensor_async.py
[2026-04-21T01:19:20.414+0000] {processor.py:830} INFO - Processing file /home/airflow/.local/lib/python3.8/site-packages/airflow/example_dags/example_time_delta_sensor_async.py for tasks to queue
[2026-04-21T01:19:20.416+0000] {logging_mixin.py:188} INFO - [2026-04-21T01:19:20.416+0000] {dagbag.py:538} INFO - Filling up the DagBag from /home/airflow/.local/lib/python3.8/site-packages/airflow/example_dags/example_time_delta_sensor_async.py
[2026-04-21T01:19:20.423+0000] {processor.py:840} INFO - DAG(s) 'example_time_delta_sensor_async' retrieved from /home/airflow/.local/lib/python3.8/site-packages/airflow/example_dags/example_time_delta_sensor_async.py
[2026-04-21T01:19:20.448+0000] {logging_mixin.py:188} INFO - [2026-04-21T01:19:20.448+0000] {dag.py:3036} INFO - Sync 1 DAGs
[2026-04-21T01:19:20.463+0000] {logging_mixin.py:188} INFO - [2026-04-21T01:19:20.463+0000] {dag.py:3823} INFO - Setting next_dagrun for example_time_delta_sensor_async to None, run_after=None
[2026-04-21T01:19:20.484+0000] {processor.py:183} INFO - Processing /home/airflow/.local/lib/python3.8/site-packages/airflow/example_dags/example_time_delta_sensor_async.py took 0.076 seconds
[2026-04-21T01:19:50.582+0000] {processor.py:161} INFO - Started process (PID=3710595) to work on /home/airflow/.local/lib/python3.8/site-packages/airflow/example_dags/example_time_delta_sensor_async.py
[2026-04-21T01:19:50.584+0000] {processor.py:830} INFO - Processing file /home/airflow/.local/lib/python3.8/site-packages/airflow/example_dags/example_time_delta_sensor_async.py for tasks to queue
[2026-04-21T01:19:50.586+0000] {logging_mixin.py:188} INFO - [2026-04-21T01:19:50.586+0000] {dagbag.py:538} INFO - Filling up the DagBag from /home/airflow/.local/lib/python3.8/site-packages/airflow/example_dags/example_time_delta_sensor_async.py
[2026-04-21T01:19:50.592+0000] {processor.py:840} INFO - DAG(s) 'example_time_delta_sensor_async' retrieved from /home/airflow/.local/lib/python3.8/site-packages/airflow/example_dags/example_time_delta_sensor_async.py
[2026-04-21T01:19:50.616+0000] {logging_mixin.py:188} INFO - [2026-04-21T01:19:50.616+0000] {dag.py:3036} INFO - Sync 1 DAGs
[2026-04-21T01:19:50.630+0000] {logging_mixin.py:188} INFO - [2026-04-21T01:19:50.630+0000] {dag.py:3823} INFO - Setting next_dagrun for example_time_delta_sensor_async to None, run_after=None
[2026-04-21T01:19:50.650+0000] {processor.py:183} INFO - Processing /home/airflow/.local/lib/python3.8/site-packages/airflow/example_dags/example_time_delta_sensor_async.py took 0.072 seconds
[2026-04-21T01:20:20.896+0000] {processor.py:161} INFO - Started process (PID=3710652) to work on /home/airflow/.local/lib/python3.8/site-packages/airflow/example_dags/example_time_delta_sensor_async.py
[2026-04-21T01:20:20.898+0000] {processor.py:830} INFO - Processing file /home/airflow/.local/lib/python3.8/site-packages/airflow/example_dags/example_time_delta_sensor_async.py for tasks to queue
[2026-04-21T01:20:20.900+0000] {logging_mixin.py:188} INFO - [2026-04-21T01:20:20.900+0000] {dagbag.py:538} INFO - Filling up the DagBag from /home/airflow/.local/lib/python3.8/site-packages/airflow/example_dags/example_time_delta_sensor_async.py
[2026-04-21T01:20:20.906+0000] {processor.py:840} INFO - DAG(s) 'example_time_delta_sensor_async' retrieved from /home/airflow/.local/lib/python3.8/site-packages/airflow/example_dags/example_time_delta_sensor_async.py
[2026-04-21T01:20:20.930+0000] {logging_mixin.py:188} INFO - [2026-04-21T01:20:20.929+0000] {dag.py:3036} INFO - Sync 1 DAGs
[2026-04-21T01:20:20.944+0000] {logging_mixin.py:188} INFO - [2026-04-21T01:20:20.943+0000] {dag.py:3823} INFO - Setting next_dagrun for example_time_delta_sensor_async to None, run_after=None
[2026-04-21T01:20:20.962+0000] {processor.py:183} INFO - Processing /home/airflow/.local/lib/python3.8/site-packages/airflow/example_dags/example_time_delta_sensor_async.py took 0.071 seconds
[2026-04-21T01:20:51.517+0000] {processor.py:161} INFO - Started process (PID=3710709) to work on /home/airflow/.local/lib/python3.8/site-packages/airflow/example_dags/example_time_delta_sensor_async.py
[2026-04-21T01:20:51.519+0000] {processor.py:830} INFO - Processing file /home/airflow/.local/lib/python3.8/site-packages/airflow/example_dags/example_time_delta_sensor_async.py for tasks to queue
[2026-04-21T01:20:51.521+0000] {logging_mixin.py:188} INFO - [2026-04-21T01:20:51.521+0000] {dagbag.py:538} INFO - Filling up the DagBag from /home/airflow/.local/lib/python3.8/site-packages/airflow/example_dags/example_time_delta_sensor_async.py
[2026-04-21T01:20:51.527+0000] {processor.py:840} INFO - DAG(s) 'example_time_delta_sensor_async' retrieved from /home/airflow/.local/lib/python3.8/site-packages/airflow/example_dags/example_time_delta_sensor_async.py
[2026-04-21T01:20:51.552+0000] {logging_mixin.py:188} INFO - [2026-04-21T01:20:51.552+0000] {dag.py:3036} INFO - Sync 1 DAGs
[2026-04-21T01:20:51.566+0000] {logging_mixin.py:188} INFO - [2026-04-21T01:20:51.566+0000] {dag.py:3823} INFO - Setting next_dagrun for example_time_delta_sensor_async to None, run_after=None
[2026-04-21T01:20:51.585+0000] {processor.py:183} INFO - Processing /home/airflow/.local/lib/python3.8/site-packages/airflow/example_dags/example_time_delta_sensor_async.py took 0.072 seconds
[2026-04-21T01:21:21.714+0000] {processor.py:161} INFO - Started process (PID=3710766) to work on /home/airflow/.local/lib/python3.8/site-packages/airflow/example_dags/example_time_delta_sensor_async.py
[2026-04-21T01:21:21.716+0000] {processor.py:830} INFO - Processing file /home/airflow/.local/lib/python3.8/site-packages/airflow/example_dags/example_time_delta_sensor_async.py for tasks to queue
[2026-04-21T01:21:21.718+0000] {logging_mixin.py:188} INFO - [2026-04-21T01:21:21.718+0000] {dagbag.py:538} INFO - Filling up the DagBag from /home/airflow/.local/lib/python3.8/site-packages/airflow/example_dags/example_time_delta_sensor_async.py
[2026-04-21T01:21:21.724+0000] {processor.py:840} INFO - DAG(s) 'example_time_delta_sensor_async' retrieved from /home/airflow/.local/lib/python3.8/site-packages/airflow/example_dags/example_time_delta_sensor_async.py
[2026-04-21T01:21:21.750+0000] {logging_mixin.py:188} INFO - [2026-04-21T01:21:21.750+0000] {dag.py:3036} INFO - Sync 1 DAGs
[2026-04-21T01:21:21.767+0000] {logging_mixin.py:188} INFO - [2026-04-21T01:21:21.766+0000] {dag.py:3823} INFO - Setting next_dagrun for example_time_delta_sensor_async to None, run_after=None
[2026-04-21T01:21:21.785+0000] {processor.py:183} INFO - Processing /home/airflow/.local/lib/python3.8/site-packages/airflow/example_dags/example_time_delta_sensor_async.py took 0.076 seconds
[2026-04-21T01:21:51.896+0000] {processor.py:161} INFO - Started process (PID=3710823) to work on /home/airflow/.local/lib/python3.8/site-packages/airflow/example_dags/example_time_delta_sensor_async.py
[2026-04-21T01:21:51.898+0000] {processor.py:830} INFO - Processing file /home/airflow/.local/lib/python3.8/site-packages/airflow/example_dags/example_time_delta_sensor_async.py for tasks to queue
[2026-04-21T01:21:51.900+0000] {logging_mixin.py:188} INFO - [2026-04-21T01:21:51.900+0000] {dagbag.py:538} INFO - Filling up the DagBag from /home/airflow/.local/lib/python3.8/site-packages/airflow/example_dags/example_time_delta_sensor_async.py
[2026-04-21T01:21:51.906+0000] {processor.py:840} INFO - DAG(s) 'example_time_delta_sensor_async' retrieved from /home/airflow/.local/lib/python3.8/site-packages/airflow/example_dags/example_time_delta_sensor_async.py
[2026-04-21T01:21:51.931+0000] {logging_mixin.py:188} INFO - [2026-04-21T01:21:51.931+0000] {dag.py:3036} INFO - Sync 1 DAGs
[2026-04-21T01:21:51.945+0000] {logging_mixin.py:188} INFO - [2026-04-21T01:21:51.945+0000] {dag.py:3823} INFO - Setting next_dagrun for example_time_delta_sensor_async to None, run_after=None
[2026-04-21T01:21:51.963+0000] {processor.py:183} INFO - Processing /home/airflow/.local/lib/python3.8/site-packages/airflow/example_dags/example_time_delta_sensor_async.py took 0.072 seconds
[2026-04-21T01:22:22.310+0000] {processor.py:161} INFO - Started process (PID=3710880) to work on /home/airflow/.local/lib/python3.8/site-packages/airflow/example_dags/example_time_delta_sensor_async.py
[2026-04-21T01:22:22.312+0000] {processor.py:830} INFO - Processing file /home/airflow/.local/lib/python3.8/site-packages/airflow/example_dags/example_time_delta_sensor_async.py for tasks to queue
[2026-04-21T01:22:22.315+0000] {logging_mixin.py:188} INFO - [2026-04-21T01:22:22.314+0000] {dagbag.py:538} INFO - Filling up the DagBag from /home/airflow/.local/lib/python3.8/site-packages/airflow/example_dags/example_time_delta_sensor_async.py
[2026-04-21T01:22:22.320+0000] {processor.py:840} INFO - DAG(s) 'example_time_delta_sensor_async' retrieved from /home/airflow/.local/lib/python3.8/site-packages/airflow/example_dags/example_time_delta_sensor_async.py
[2026-04-21T01:22:22.345+0000] {logging_mixin.py:188} INFO - [2026-04-21T01:22:22.345+0000] {dag.py:3036} INFO - Sync 1 DAGs
[2026-04-21T01:22:22.359+0000] {logging_mixin.py:188} INFO - [2026-04-21T01:22:22.359+0000] {dag.py:3823} INFO - Setting next_dagrun for example_time_delta_sensor_async to None, run_after=None
[2026-04-21T01:22:22.378+0000] {processor.py:183} INFO - Processing /home/airflow/.local/lib/python3.8/site-packages/airflow/example_dags/example_time_delta_sensor_async.py took 0.072 seconds
[2026-04-21T01:22:53.103+0000] {processor.py:161} INFO - Started process (PID=3710937) to work on /home/airflow/.local/lib/python3.8/site-packages/airflow/example_dags/example_time_delta_sensor_async.py
[2026-04-21T01:22:53.105+0000] {processor.py:830} INFO - Processing file /home/airflow/.local/lib/python3.8/site-packages/airflow/example_dags/example_time_delta_sensor_async.py for tasks to queue
[2026-04-21T01:22:53.108+0000] {logging_mixin.py:188} INFO - [2026-04-21T01:22:53.107+0000] {dagbag.py:538} INFO - Filling up the DagBag from /home/airflow/.local/lib/python3.8/site-packages/airflow/example_dags/example_time_delta_sensor_async.py
[2026-04-21T01:22:53.114+0000] {processor.py:840} INFO - DAG(s) 'example_time_delta_sensor_async' retrieved from /home/airflow/.local/lib/python3.8/site-packages/airflow/example_dags/example_time_delta_sensor_async.py
[2026-04-21T01:22:53.139+0000] {logging_mixin.py:188} INFO - [2026-04-21T01:22:53.139+0000] {dag.py:3036} INFO - Sync 1 DAGs
[2026-04-21T01:22:53.154+0000] {logging_mixin.py:188} INFO - [2026-04-21T01:22:53.154+0000] {dag.py:3823} INFO - Setting next_dagrun for example_time_delta_sensor_async to None, run_after=None
[2026-04-21T01:22:53.173+0000] {processor.py:183} INFO - Processing /home/airflow/.local/lib/python3.8/site-packages/airflow/example_dags/example_time_delta_sensor_async.py took 0.075 seconds
[2026-04-21T01:23:23.596+0000] {processor.py:161} INFO - Started process (PID=3710994) to work on /home/airflow/.local/lib/python3.8/site-packages/airflow/example_dags/example_time_delta_sensor_async.py
[2026-04-21T01:23:23.598+0000] {processor.py:830} INFO - Processing file /home/airflow/.local/lib/python3.8/site-packages/airflow/example_dags/example_time_delta_sensor_async.py for tasks to queue
[2026-04-21T01:23:23.601+0000] {logging_mixin.py:188} INFO - [2026-04-21T01:23:23.600+0000] {dagbag.py:538} INFO - Filling up the DagBag from /home/airflow/.local/lib/python3.8/site-packages/airflow/example_dags/example_time_delta_sensor_async.py
[2026-04-21T01:23:23.607+0000] {processor.py:840} INFO - DAG(s) 'example_time_delta_sensor_async' retrieved from /home/airflow/.local/lib/python3.8/site-packages/airflow/example_dags/example_time_delta_sensor_async.py
[2026-04-21T01:23:23.632+0000] {logging_mixin.py:188} INFO - [2026-04-21T01:23:23.632+0000] {dag.py:3036} INFO - Sync 1 DAGs
[2026-04-21T01:23:23.646+0000] {logging_mixin.py:188} INFO - [2026-04-21T01:23:23.645+0000] {dag.py:3823} INFO - Setting next_dagrun for example_time_delta_sensor_async to None, run_after=None
[2026-04-21T01:23:23.665+0000] {processor.py:183} INFO - Processing /home/airflow/.local/lib/python3.8/site-packages/airflow/example_dags/example_time_delta_sensor_async.py took 0.073 seconds
[2026-04-21T01:23:53.802+0000] {processor.py:161} INFO - Started process (PID=3711051) to work on /home/airflow/.local/lib/python3.8/site-packages/airflow/example_dags/example_time_delta_sensor_async.py
[2026-04-21T01:23:53.804+0000] {processor.py:830} INFO - Processing file /home/airflow/.local/lib/python3.8/site-packages/airflow/example_dags/example_time_delta_sensor_async.py for tasks to queue
[2026-04-21T01:23:53.806+0000] {logging_mixin.py:188} INFO - [2026-04-21T01:23:53.806+0000] {dagbag.py:538} INFO - Filling up the DagBag from /home/airflow/.local/lib/python3.8/site-packages/airflow/example_dags/example_time_delta_sensor_async.py
[2026-04-21T01:23:53.812+0000] {processor.py:840} INFO - DAG(s) 'example_time_delta_sensor_async' retrieved from /home/airflow/.local/lib/python3.8/site-packages/airflow/example_dags/example_time_delta_sensor_async.py
[2026-04-21T01:23:53.836+0000] {logging_mixin.py:188} INFO - [2026-04-21T01:23:53.836+0000] {dag.py:3036} INFO - Sync 1 DAGs
[2026-04-21T01:23:53.850+0000] {logging_mixin.py:188} INFO - [2026-04-21T01:23:53.850+0000] {dag.py:3823} INFO - Setting next_dagrun for example_time_delta_sensor_async to None, run_after=None
[2026-04-21T01:23:53.869+0000] {processor.py:183} INFO - Processing /home/airflow/.local/lib/python3.8/site-packages/airflow/example_dags/example_time_delta_sensor_async.py took 0.071 seconds
[2026-04-21T01:24:24.086+0000] {processor.py:161} INFO - Started process (PID=3711108) to work on /home/airflow/.local/lib/python3.8/site-packages/airflow/example_dags/example_time_delta_sensor_async.py
[2026-04-21T01:24:24.087+0000] {processor.py:830} INFO - Processing file /home/airflow/.local/lib/python3.8/site-packages/airflow/example_dags/example_time_delta_sensor_async.py for tasks to queue
[2026-04-21T01:24:24.089+0000] {logging_mixin.py:188} INFO - [2026-04-21T01:24:24.089+0000] {dagbag.py:538} INFO - Filling up the DagBag from /home/airflow/.local/lib/python3.8/site-packages/airflow/example_dags/example_time_delta_sensor_async.py
[2026-04-21T01:24:24.095+0000] {processor.py:840} INFO - DAG(s) 'example_time_delta_sensor_async' retrieved from /home/airflow/.local/lib/python3.8/site-packages/airflow/example_dags/example_time_delta_sensor_async.py
[2026-04-21T01:24:24.119+0000] {logging_mixin.py:188} INFO - [2026-04-21T01:24:24.119+0000] {dag.py:3036} INFO - Sync 1 DAGs
[2026-04-21T01:24:24.133+0000] {logging_mixin.py:188} INFO - [2026-04-21T01:24:24.133+0000] {dag.py:3823} INFO - Setting next_dagrun for example_time_delta_sensor_async to None, run_after=None
[2026-04-21T01:24:24.151+0000] {processor.py:183} INFO - Processing /home/airflow/.local/lib/python3.8/site-packages/airflow/example_dags/example_time_delta_sensor_async.py took 0.070 seconds
[2026-04-21T01:24:54.380+0000] {processor.py:161} INFO - Started process (PID=3711165) to work on /home/airflow/.local/lib/python3.8/site-packages/airflow/example_dags/example_time_delta_sensor_async.py
[2026-04-21T01:24:54.382+0000] {processor.py:830} INFO - Processing file /home/airflow/.local/lib/python3.8/site-packages/airflow/example_dags/example_time_delta_sensor_async.py for tasks to queue
[2026-04-21T01:24:54.384+0000] {logging_mixin.py:188} INFO - [2026-04-21T01:24:54.384+0000] {dagbag.py:538} INFO - Filling up the DagBag from /home/airflow/.local/lib/python3.8/site-packages/airflow/example_dags/example_time_delta_sensor_async.py
[2026-04-21T01:24:54.390+0000] {processor.py:840} INFO - DAG(s) 'example_time_delta_sensor_async' retrieved from /home/airflow/.local/lib/python3.8/site-packages/airflow/example_dags/example_time_delta_sensor_async.py
[2026-04-21T01:24:54.415+0000] {logging_mixin.py:188} INFO - [2026-04-21T01:24:54.414+0000] {dag.py:3036} INFO - Sync 1 DAGs
[2026-04-21T01:24:54.429+0000] {logging_mixin.py:188} INFO - [2026-04-21T01:24:54.428+0000] {dag.py:3823} INFO - Setting next_dagrun for example_time_delta_sensor_async to None, run_after=None
[2026-04-21T01:24:54.448+0000] {processor.py:183} INFO - Processing /home/airflow/.local/lib/python3.8/site-packages/airflow/example_dags/example_time_delta_sensor_async.py took 0.073 seconds
[2026-04-21T01:25:25.080+0000] {processor.py:161} INFO - Started process (PID=3711222) to work on /home/airflow/.local/lib/python3.8/site-packages/airflow/example_dags/example_time_delta_sensor_async.py
[2026-04-21T01:25:25.082+0000] {processor.py:830} INFO - Processing file /home/airflow/.local/lib/python3.8/site-packages/airflow/example_dags/example_time_delta_sensor_async.py for tasks to queue
[2026-04-21T01:25:25.084+0000] {logging_mixin.py:188} INFO - [2026-04-21T01:25:25.084+0000] {dagbag.py:538} INFO - Filling up the DagBag from /home/airflow/.local/lib/python3.8/site-packages/airflow/example_dags/example_time_delta_sensor_async.py
[2026-04-21T01:25:25.090+0000] {processor.py:840} INFO - DAG(s) 'example_time_delta_sensor_async' retrieved from /home/airflow/.local/lib/python3.8/site-packages/airflow/example_dags/example_time_delta_sensor_async.py
[2026-04-21T01:25:25.115+0000] {logging_mixin.py:188} INFO - [2026-04-21T01:25:25.114+0000] {dag.py:3036} INFO - Sync 1 DAGs
[2026-04-21T01:25:25.128+0000] {logging_mixin.py:188} INFO - [2026-04-21T01:25:25.128+0000] {dag.py:3823} INFO - Setting next_dagrun for example_time_delta_sensor_async to None, run_after=None
[2026-04-21T01:25:25.146+0000] {processor.py:183} INFO - Processing /home/airflow/.local/lib/python3.8/site-packages/airflow/example_dags/example_time_delta_sensor_async.py took 0.071 seconds
[2026-04-21T01:25:55.660+0000] {processor.py:161} INFO - Started process (PID=3711279) to work on /home/airflow/.local/lib/python3.8/site-packages/airflow/example_dags/example_time_delta_sensor_async.py
[2026-04-21T01:25:55.662+0000] {processor.py:830} INFO - Processing file /home/airflow/.local/lib/python3.8/site-packages/airflow/example_dags/example_time_delta_sensor_async.py for tasks to queue
[2026-04-21T01:25:55.665+0000] {logging_mixin.py:188} INFO - [2026-04-21T01:25:55.664+0000] {dagbag.py:538} INFO - Filling up the DagBag from /home/airflow/.local/lib/python3.8/site-packages/airflow/example_dags/example_time_delta_sensor_async.py
[2026-04-21T01:25:55.671+0000] {processor.py:840} INFO - DAG(s) 'example_time_delta_sensor_async' retrieved from /home/airflow/.local/lib/python3.8/site-packages/airflow/example_dags/example_time_delta_sensor_async.py
[2026-04-21T01:25:55.697+0000] {logging_mixin.py:188} INFO - [2026-04-21T01:25:55.697+0000] {dag.py:3036} INFO - Sync 1 DAGs
[2026-04-21T01:25:55.711+0000] {logging_mixin.py:188} INFO - [2026-04-21T01:25:55.711+0000] {dag.py:3823} INFO - Setting next_dagrun for example_time_delta_sensor_async to None, run_after=None
[2026-04-21T01:25:55.729+0000] {processor.py:183} INFO - Processing /home/airflow/.local/lib/python3.8/site-packages/airflow/example_dags/example_time_delta_sensor_async.py took 0.074 seconds
[2026-04-21T01:26:26.759+0000] {processor.py:161} INFO - Started process (PID=3711336) to work on /home/airflow/.local/lib/python3.8/site-packages/airflow/example_dags/example_time_delta_sensor_async.py
[2026-04-21T01:26:26.761+0000] {processor.py:830} INFO - Processing file /home/airflow/.local/lib/python3.8/site-packages/airflow/example_dags/example_time_delta_sensor_async.py for tasks to queue
[2026-04-21T01:26:26.764+0000] {logging_mixin.py:188} INFO - [2026-04-21T01:26:26.763+0000] {dagbag.py:538} INFO - Filling up the DagBag from /home/airflow/.local/lib/python3.8/site-packages/airflow/example_dags/example_time_delta_sensor_async.py
[2026-04-21T01:26:26.770+0000] {processor.py:840} INFO - DAG(s) 'example_time_delta_sensor_async' retrieved from /home/airflow/.local/lib/python3.8/site-packages/airflow/example_dags/example_time_delta_sensor_async.py
[2026-04-21T01:26:26.795+0000] {logging_mixin.py:188} INFO - [2026-04-21T01:26:26.795+0000] {dag.py:3036} INFO - Sync 1 DAGs
[2026-04-21T01:26:26.809+0000] {logging_mixin.py:188} INFO - [2026-04-21T01:26:26.809+0000] {dag.py:3823} INFO - Setting next_dagrun for example_time_delta_sensor_async to None, run_after=None
[2026-04-21T01:26:26.829+0000] {processor.py:183} INFO - Processing /home/airflow/.local/lib/python3.8/site-packages/airflow/example_dags/example_time_delta_sensor_async.py took 0.075 seconds
[2026-04-21T01:26:57.584+0000] {processor.py:161} INFO - Started process (PID=3711393) to work on /home/airflow/.local/lib/python3.8/site-packages/airflow/example_dags/example_time_delta_sensor_async.py
[2026-04-21T01:26:57.586+0000] {processor.py:830} INFO - Processing file /home/airflow/.local/lib/python3.8/site-packages/airflow/example_dags/example_time_delta_sensor_async.py for tasks to queue
[2026-04-21T01:26:57.588+0000] {logging_mixin.py:188} INFO - [2026-04-21T01:26:57.588+0000] {dagbag.py:538} INFO - Filling up the DagBag from /home/airflow/.local/lib/python3.8/site-packages/airflow/example_dags/example_time_delta_sensor_async.py
[2026-04-21T01:26:57.594+0000] {processor.py:840} INFO - DAG(s) 'example_time_delta_sensor_async' retrieved from /home/airflow/.local/lib/python3.8/site-packages/airflow/example_dags/example_time_delta_sensor_async.py
[2026-04-21T01:26:57.620+0000] {logging_mixin.py:188} INFO - [2026-04-21T01:26:57.619+0000] {dag.py:3036} INFO - Sync 1 DAGs
[2026-04-21T01:26:57.633+0000] {logging_mixin.py:188} INFO - [2026-04-21T01:26:57.633+0000] {dag.py:3823} INFO - Setting next_dagrun for example_time_delta_sensor_async to None, run_after=None
[2026-04-21T01:26:57.652+0000] {processor.py:183} INFO - Processing /home/airflow/.local/lib/python3.8/site-packages/airflow/example_dags/example_time_delta_sensor_async.py took 0.073 seconds
[2026-04-21T01:27:28.670+0000] {processor.py:161} INFO - Started process (PID=3711450) to work on /home/airflow/.local/lib/python3.8/site-packages/airflow/example_dags/example_time_delta_sensor_async.py
[2026-04-21T01:27:28.672+0000] {processor.py:830} INFO - Processing file /home/airflow/.local/lib/python3.8/site-packages/airflow/example_dags/example_time_delta_sensor_async.py for tasks to queue
[2026-04-21T01:27:28.675+0000] {logging_mixin.py:188} INFO - [2026-04-21T01:27:28.674+0000] {dagbag.py:538} INFO - Filling up the DagBag from /home/airflow/.local/lib/python3.8/site-packages/airflow/example_dags/example_time_delta_sensor_async.py
[2026-04-21T01:27:28.681+0000] {processor.py:840} INFO - DAG(s) 'example_time_delta_sensor_async' retrieved from /home/airflow/.local/lib/python3.8/site-packages/airflow/example_dags/example_time_delta_sensor_async.py
[2026-04-21T01:27:28.708+0000] {logging_mixin.py:188} INFO - [2026-04-21T01:27:28.707+0000] {dag.py:3036} INFO - Sync 1 DAGs
[2026-04-21T01:27:28.721+0000] {logging_mixin.py:188} INFO - [2026-04-21T01:27:28.721+0000] {dag.py:3823} INFO - Setting next_dagrun for example_time_delta_sensor_async to None, run_after=None
[2026-04-21T01:27:28.741+0000] {processor.py:183} INFO - Processing /home/airflow/.local/lib/python3.8/site-packages/airflow/example_dags/example_time_delta_sensor_async.py took 0.076 seconds
[2026-04-21T01:27:58.946+0000] {processor.py:161} INFO - Started process (PID=3711507) to work on /home/airflow/.local/lib/python3.8/site-packages/airflow/example_dags/example_time_delta_sensor_async.py
[2026-04-21T01:27:58.948+0000] {processor.py:830} INFO - Processing file /home/airflow/.local/lib/python3.8/site-packages/airflow/example_dags/example_time_delta_sensor_async.py for tasks to queue
[2026-04-21T01:27:58.950+0000] {logging_mixin.py:188} INFO - [2026-04-21T01:27:58.950+0000] {dagbag.py:538} INFO - Filling up the DagBag from /home/airflow/.local/lib/python3.8/site-packages/airflow/example_dags/example_time_delta_sensor_async.py
[2026-04-21T01:27:58.956+0000] {processor.py:840} INFO - DAG(s) 'example_time_delta_sensor_async' retrieved from /home/airflow/.local/lib/python3.8/site-packages/airflow/example_dags/example_time_delta_sensor_async.py
[2026-04-21T01:27:58.981+0000] {logging_mixin.py:188} INFO - [2026-04-21T01:27:58.980+0000] {dag.py:3036} INFO - Sync 1 DAGs
[2026-04-21T01:27:58.994+0000] {logging_mixin.py:188} INFO - [2026-04-21T01:27:58.994+0000] {dag.py:3823} INFO - Setting next_dagrun for example_time_delta_sensor_async to None, run_after=None
[2026-04-21T01:27:59.012+0000] {processor.py:183} INFO - Processing /home/airflow/.local/lib/python3.8/site-packages/airflow/example_dags/example_time_delta_sensor_async.py took 0.071 seconds
[2026-04-21T01:28:29.700+0000] {processor.py:161} INFO - Started process (PID=3711564) to work on /home/airflow/.local/lib/python3.8/site-packages/airflow/example_dags/example_time_delta_sensor_async.py
[2026-04-21T01:28:29.702+0000] {processor.py:830} INFO - Processing file /home/airflow/.local/lib/python3.8/site-packages/airflow/example_dags/example_time_delta_sensor_async.py for tasks to queue
[2026-04-21T01:28:29.704+0000] {logging_mixin.py:188} INFO - [2026-04-21T01:28:29.704+0000] {dagbag.py:538} INFO - Filling up the DagBag from /home/airflow/.local/lib/python3.8/site-packages/airflow/example_dags/example_time_delta_sensor_async.py
[2026-04-21T01:28:29.710+0000] {processor.py:840} INFO - DAG(s) 'example_time_delta_sensor_async' retrieved from /home/airflow/.local/lib/python3.8/site-packages/airflow/example_dags/example_time_delta_sensor_async.py
[2026-04-21T01:28:29.734+0000] {logging_mixin.py:188} INFO - [2026-04-21T01:28:29.733+0000] {dag.py:3036} INFO - Sync 1 DAGs
[2026-04-21T01:28:29.747+0000] {logging_mixin.py:188} INFO - [2026-04-21T01:28:29.747+0000] {dag.py:3823} INFO - Setting next_dagrun for example_time_delta_sensor_async to None, run_after=None
[2026-04-21T01:28:29.765+0000] {processor.py:183} INFO - Processing /home/airflow/.local/lib/python3.8/site-packages/airflow/example_dags/example_time_delta_sensor_async.py took 0.070 seconds
[2026-04-21T01:29:00.095+0000] {processor.py:161} INFO - Started process (PID=3711621) to work on /home/airflow/.local/lib/python3.8/site-packages/airflow/example_dags/example_time_delta_sensor_async.py
[2026-04-21T01:29:00.097+0000] {processor.py:830} INFO - Processing file /home/airflow/.local/lib/python3.8/site-packages/airflow/example_dags/example_time_delta_sensor_async.py for tasks to queue
[2026-04-21T01:29:00.100+0000] {logging_mixin.py:188} INFO - [2026-04-21T01:29:00.099+0000] {dagbag.py:538} INFO - Filling up the DagBag from /home/airflow/.local/lib/python3.8/site-packages/airflow/example_dags/example_time_delta_sensor_async.py
[2026-04-21T01:29:00.106+0000] {processor.py:840} INFO - DAG(s) 'example_time_delta_sensor_async' retrieved from /home/airflow/.local/lib/python3.8/site-packages/airflow/example_dags/example_time_delta_sensor_async.py
[2026-04-21T01:29:00.131+0000] {logging_mixin.py:188} INFO - [2026-04-21T01:29:00.131+0000] {dag.py:3036} INFO - Sync 1 DAGs
[2026-04-21T01:29:00.145+0000] {logging_mixin.py:188} INFO - [2026-04-21T01:29:00.145+0000] {dag.py:3823} INFO - Setting next_dagrun for example_time_delta_sensor_async to None, run_after=None
[2026-04-21T01:29:00.165+0000] {processor.py:183} INFO - Processing /home/airflow/.local/lib/python3.8/site-packages/airflow/example_dags/example_time_delta_sensor_async.py took 0.075 seconds
[2026-04-21T01:29:31.369+0000] {processor.py:161} INFO - Started process (PID=3711678) to work on /home/airflow/.local/lib/python3.8/site-packages/airflow/example_dags/example_time_delta_sensor_async.py
[2026-04-21T01:29:31.371+0000] {processor.py:830} INFO - Processing file /home/airflow/.local/lib/python3.8/site-packages/airflow/example_dags/example_time_delta_sensor_async.py for tasks to queue
[2026-04-21T01:29:31.373+0000] {logging_mixin.py:188} INFO - [2026-04-21T01:29:31.373+0000] {dagbag.py:538} INFO - Filling up the DagBag from /home/airflow/.local/lib/python3.8/site-packages/airflow/example_dags/example_time_delta_sensor_async.py
[2026-04-21T01:29:31.380+0000] {processor.py:840} INFO - DAG(s) 'example_time_delta_sensor_async' retrieved from /home/airflow/.local/lib/python3.8/site-packages/airflow/example_dags/example_time_delta_sensor_async.py
[2026-04-21T01:29:31.593+0000] {logging_mixin.py:188} INFO - [2026-04-21T01:29:31.593+0000] {dag.py:3036} INFO - Sync 1 DAGs
[2026-04-21T01:29:31.606+0000] {logging_mixin.py:188} INFO - [2026-04-21T01:29:31.605+0000] {dag.py:3823} INFO - Setting next_dagrun for example_time_delta_sensor_async to None, run_after=None
[2026-04-21T01:29:31.624+0000] {processor.py:183} INFO - Processing /home/airflow/.local/lib/python3.8/site-packages/airflow/example_dags/example_time_delta_sensor_async.py took 0.260 seconds
[2026-04-21T01:30:02.361+0000] {processor.py:161} INFO - Started process (PID=3711735) to work on /home/airflow/.local/lib/python3.8/site-packages/airflow/example_dags/example_time_delta_sensor_async.py
[2026-04-21T01:30:02.363+0000] {processor.py:830} INFO - Processing file /home/airflow/.local/lib/python3.8/site-packages/airflow/example_dags/example_time_delta_sensor_async.py for tasks to queue
[2026-04-21T01:30:02.365+0000] {logging_mixin.py:188} INFO - [2026-04-21T01:30:02.365+0000] {dagbag.py:538} INFO - Filling up the DagBag from /home/airflow/.local/lib/python3.8/site-packages/airflow/example_dags/example_time_delta_sensor_async.py
[2026-04-21T01:30:02.372+0000] {processor.py:840} INFO - DAG(s) 'example_time_delta_sensor_async' retrieved from /home/airflow/.local/lib/python3.8/site-packages/airflow/example_dags/example_time_delta_sensor_async.py
[2026-04-21T01:30:02.397+0000] {logging_mixin.py:188} INFO - [2026-04-21T01:30:02.397+0000] {dag.py:3036} INFO - Sync 1 DAGs
[2026-04-21T01:30:02.412+0000] {logging_mixin.py:188} INFO - [2026-04-21T01:30:02.411+0000] {dag.py:3823} INFO - Setting next_dagrun for example_time_delta_sensor_async to None, run_after=None
[2026-04-21T01:30:02.432+0000] {processor.py:183} INFO - Processing /home/airflow/.local/lib/python3.8/site-packages/airflow/example_dags/example_time_delta_sensor_async.py took 0.076 seconds
[2026-04-21T01:30:33.143+0000] {processor.py:161} INFO - Started process (PID=3711792) to work on /home/airflow/.local/lib/python3.8/site-packages/airflow/example_dags/example_time_delta_sensor_async.py
[2026-04-21T01:30:33.145+0000] {processor.py:830} INFO - Processing file /home/airflow/.local/lib/python3.8/site-packages/airflow/example_dags/example_time_delta_sensor_async.py for tasks to queue
[2026-04-21T01:30:33.147+0000] {logging_mixin.py:188} INFO - [2026-04-21T01:30:33.147+0000] {dagbag.py:538} INFO - Filling up the DagBag from /home/airflow/.local/lib/python3.8/site-packages/airflow/example_dags/example_time_delta_sensor_async.py
[2026-04-21T01:30:33.153+0000] {processor.py:840} INFO - DAG(s) 'example_time_delta_sensor_async' retrieved from /home/airflow/.local/lib/python3.8/site-packages/airflow/example_dags/example_time_delta_sensor_async.py
[2026-04-21T01:30:33.177+0000] {logging_mixin.py:188} INFO - [2026-04-21T01:30:33.177+0000] {dag.py:3036} INFO - Sync 1 DAGs
[2026-04-21T01:30:33.193+0000] {logging_mixin.py:188} INFO - [2026-04-21T01:30:33.192+0000] {dag.py:3823} INFO - Setting next_dagrun for example_time_delta_sensor_async to None, run_after=None
[2026-04-21T01:30:33.212+0000] {processor.py:183} INFO - Processing /home/airflow/.local/lib/python3.8/site-packages/airflow/example_dags/example_time_delta_sensor_async.py took 0.074 seconds
[2026-04-21T01:31:03.388+0000] {processor.py:161} INFO - Started process (PID=3711849) to work on /home/airflow/.local/lib/python3.8/site-packages/airflow/example_dags/example_time_delta_sensor_async.py
[2026-04-21T01:31:03.390+0000] {processor.py:830} INFO - Processing file /home/airflow/.local/lib/python3.8/site-packages/airflow/example_dags/example_time_delta_sensor_async.py for tasks to queue
[2026-04-21T01:31:03.392+0000] {logging_mixin.py:188} INFO - [2026-04-21T01:31:03.392+0000] {dagbag.py:538} INFO - Filling up the DagBag from /home/airflow/.local/lib/python3.8/site-packages/airflow/example_dags/example_time_delta_sensor_async.py
[2026-04-21T01:31:03.399+0000] {processor.py:840} INFO - DAG(s) 'example_time_delta_sensor_async' retrieved from /home/airflow/.local/lib/python3.8/site-packages/airflow/example_dags/example_time_delta_sensor_async.py
[2026-04-21T01:31:03.424+0000] {logging_mixin.py:188} INFO - [2026-04-21T01:31:03.423+0000] {dag.py:3036} INFO - Sync 1 DAGs
[2026-04-21T01:31:03.439+0000] {logging_mixin.py:188} INFO - [2026-04-21T01:31:03.439+0000] {dag.py:3823} INFO - Setting next_dagrun for example_time_delta_sensor_async to None, run_after=None
[2026-04-21T01:31:03.460+0000] {processor.py:183} INFO - Processing /home/airflow/.local/lib/python3.8/site-packages/airflow/example_dags/example_time_delta_sensor_async.py took 0.077 seconds
[2026-04-21T01:31:33.788+0000] {processor.py:161} INFO - Started process (PID=3711906) to work on /home/airflow/.local/lib/python3.8/site-packages/airflow/example_dags/example_time_delta_sensor_async.py
[2026-04-21T01:31:33.790+0000] {processor.py:830} INFO - Processing file /home/airflow/.local/lib/python3.8/site-packages/airflow/example_dags/example_time_delta_sensor_async.py for tasks to queue
[2026-04-21T01:31:33.792+0000] {logging_mixin.py:188} INFO - [2026-04-21T01:31:33.792+0000] {dagbag.py:538} INFO - Filling up the DagBag from /home/airflow/.local/lib/python3.8/site-packages/airflow/example_dags/example_time_delta_sensor_async.py
[2026-04-21T01:31:33.798+0000] {processor.py:840} INFO - DAG(s) 'example_time_delta_sensor_async' retrieved from /home/airflow/.local/lib/python3.8/site-packages/airflow/example_dags/example_time_delta_sensor_async.py
[2026-04-21T01:31:33.822+0000] {logging_mixin.py:188} INFO - [2026-04-21T01:31:33.822+0000] {dag.py:3036} INFO - Sync 1 DAGs
[2026-04-21T01:31:33.836+0000] {logging_mixin.py:188} INFO - [2026-04-21T01:31:33.836+0000] {dag.py:3823} INFO - Setting next_dagrun for example_time_delta_sensor_async to None, run_after=None
[2026-04-21T01:31:33.856+0000] {processor.py:183} INFO - Processing /home/airflow/.local/lib/python3.8/site-packages/airflow/example_dags/example_time_delta_sensor_async.py took 0.073 seconds
[2026-04-21T01:32:04.246+0000] {processor.py:161} INFO - Started process (PID=3711963) to work on /home/airflow/.local/lib/python3.8/site-packages/airflow/example_dags/example_time_delta_sensor_async.py
[2026-04-21T01:32:04.248+0000] {processor.py:830} INFO - Processing file /home/airflow/.local/lib/python3.8/site-packages/airflow/example_dags/example_time_delta_sensor_async.py for tasks to queue
[2026-04-21T01:32:04.251+0000] {logging_mixin.py:188} INFO - [2026-04-21T01:32:04.250+0000] {dagbag.py:538} INFO - Filling up the DagBag from /home/airflow/.local/lib/python3.8/site-packages/airflow/example_dags/example_time_delta_sensor_async.py
[2026-04-21T01:32:04.257+0000] {processor.py:840} INFO - DAG(s) 'example_time_delta_sensor_async' retrieved from /home/airflow/.local/lib/python3.8/site-packages/airflow/example_dags/example_time_delta_sensor_async.py
[2026-04-21T01:32:04.281+0000] {logging_mixin.py:188} INFO - [2026-04-21T01:32:04.281+0000] {dag.py:3036} INFO - Sync 1 DAGs
[2026-04-21T01:32:04.296+0000] {logging_mixin.py:188} INFO - [2026-04-21T01:32:04.295+0000] {dag.py:3823} INFO - Setting next_dagrun for example_time_delta_sensor_async to None, run_after=None
[2026-04-21T01:32:04.315+0000] {processor.py:183} INFO - Processing /home/airflow/.local/lib/python3.8/site-packages/airflow/example_dags/example_time_delta_sensor_async.py took 0.074 seconds
[2026-04-21T01:32:35.197+0000] {processor.py:161} INFO - Started process (PID=3712020) to work on /home/airflow/.local/lib/python3.8/site-packages/airflow/example_dags/example_time_delta_sensor_async.py
[2026-04-21T01:32:35.198+0000] {processor.py:830} INFO - Processing file /home/airflow/.local/lib/python3.8/site-packages/airflow/example_dags/example_time_delta_sensor_async.py for tasks to queue
[2026-04-21T01:32:35.201+0000] {logging_mixin.py:188} INFO - [2026-04-21T01:32:35.200+0000] {dagbag.py:538} INFO - Filling up the DagBag from /home/airflow/.local/lib/python3.8/site-packages/airflow/example_dags/example_time_delta_sensor_async.py
[2026-04-21T01:32:35.216+0000] {processor.py:840} INFO - DAG(s) 'example_time_delta_sensor_async' retrieved from /home/airflow/.local/lib/python3.8/site-packages/airflow/example_dags/example_time_delta_sensor_async.py
[2026-04-21T01:32:35.240+0000] {logging_mixin.py:188} INFO - [2026-04-21T01:32:35.239+0000] {dag.py:3036} INFO - Sync 1 DAGs
[2026-04-21T01:32:35.254+0000] {logging_mixin.py:188} INFO - [2026-04-21T01:32:35.254+0000] {dag.py:3823} INFO - Setting next_dagrun for example_time_delta_sensor_async to None, run_after=None
[2026-04-21T01:32:35.273+0000] {processor.py:183} INFO - Processing /home/airflow/.local/lib/python3.8/site-packages/airflow/example_dags/example_time_delta_sensor_async.py took 0.081 seconds
[2026-04-21T01:33:05.467+0000] {processor.py:161} INFO - Started process (PID=3712077) to work on /home/airflow/.local/lib/python3.8/site-packages/airflow/example_dags/example_time_delta_sensor_async.py
[2026-04-21T01:33:05.469+0000] {processor.py:830} INFO - Processing file /home/airflow/.local/lib/python3.8/site-packages/airflow/example_dags/example_time_delta_sensor_async.py for tasks to queue
[2026-04-21T01:33:05.471+0000] {logging_mixin.py:188} INFO - [2026-04-21T01:33:05.471+0000] {dagbag.py:538} INFO - Filling up the DagBag from /home/airflow/.local/lib/python3.8/site-packages/airflow/example_dags/example_time_delta_sensor_async.py
[2026-04-21T01:33:05.477+0000] {processor.py:840} INFO - DAG(s) 'example_time_delta_sensor_async' retrieved from /home/airflow/.local/lib/python3.8/site-packages/airflow/example_dags/example_time_delta_sensor_async.py
[2026-04-21T01:33:05.501+0000] {logging_mixin.py:188} INFO - [2026-04-21T01:33:05.501+0000] {dag.py:3036} INFO - Sync 1 DAGs
[2026-04-21T01:33:05.515+0000] {logging_mixin.py:188} INFO - [2026-04-21T01:33:05.515+0000] {dag.py:3823} INFO - Setting next_dagrun for example_time_delta_sensor_async to None, run_after=None
[2026-04-21T01:33:05.534+0000] {processor.py:183} INFO - Processing /home/airflow/.local/lib/python3.8/site-packages/airflow/example_dags/example_time_delta_sensor_async.py took 0.072 seconds
[2026-04-21T01:33:35.692+0000] {processor.py:161} INFO - Started process (PID=3712134) to work on /home/airflow/.local/lib/python3.8/site-packages/airflow/example_dags/example_time_delta_sensor_async.py
[2026-04-21T01:33:35.694+0000] {processor.py:830} INFO - Processing file /home/airflow/.local/lib/python3.8/site-packages/airflow/example_dags/example_time_delta_sensor_async.py for tasks to queue
[2026-04-21T01:33:35.696+0000] {logging_mixin.py:188} INFO - [2026-04-21T01:33:35.695+0000] {dagbag.py:538} INFO - Filling up the DagBag from /home/airflow/.local/lib/python3.8/site-packages/airflow/example_dags/example_time_delta_sensor_async.py
[2026-04-21T01:33:35.702+0000] {processor.py:840} INFO - DAG(s) 'example_time_delta_sensor_async' retrieved from /home/airflow/.local/lib/python3.8/site-packages/airflow/example_dags/example_time_delta_sensor_async.py
[2026-04-21T01:33:35.725+0000] {logging_mixin.py:188} INFO - [2026-04-21T01:33:35.725+0000] {dag.py:3036} INFO - Sync 1 DAGs
[2026-04-21T01:33:35.739+0000] {logging_mixin.py:188} INFO - [2026-04-21T01:33:35.739+0000] {dag.py:3823} INFO - Setting next_dagrun for example_time_delta_sensor_async to None, run_after=None
[2026-04-21T01:33:35.757+0000] {processor.py:183} INFO - Processing /home/airflow/.local/lib/python3.8/site-packages/airflow/example_dags/example_time_delta_sensor_async.py took 0.071 seconds
[2026-04-21T01:34:05.981+0000] {processor.py:161} INFO - Started process (PID=3712191) to work on /home/airflow/.local/lib/python3.8/site-packages/airflow/example_dags/example_time_delta_sensor_async.py
[2026-04-21T01:34:05.983+0000] {processor.py:830} INFO - Processing file /home/airflow/.local/lib/python3.8/site-packages/airflow/example_dags/example_time_delta_sensor_async.py for tasks to queue
[2026-04-21T01:34:05.985+0000] {logging_mixin.py:188} INFO - [2026-04-21T01:34:05.985+0000] {dagbag.py:538} INFO - Filling up the DagBag from /home/airflow/.local/lib/python3.8/site-packages/airflow/example_dags/example_time_delta_sensor_async.py
[2026-04-21T01:34:05.991+0000] {processor.py:840} INFO - DAG(s) 'example_time_delta_sensor_async' retrieved from /home/airflow/.local/lib/python3.8/site-packages/airflow/example_dags/example_time_delta_sensor_async.py
[2026-04-21T01:34:06.015+0000] {logging_mixin.py:188} INFO - [2026-04-21T01:34:06.014+0000] {dag.py:3036} INFO - Sync 1 DAGs
[2026-04-21T01:34:06.028+0000] {logging_mixin.py:188} INFO - [2026-04-21T01:34:06.028+0000] {dag.py:3823} INFO - Setting next_dagrun for example_time_delta_sensor_async to None, run_after=None
[2026-04-21T01:34:06.047+0000] {processor.py:183} INFO - Processing /home/airflow/.local/lib/python3.8/site-packages/airflow/example_dags/example_time_delta_sensor_async.py took 0.070 seconds
[2026-04-21T01:34:36.120+0000] {processor.py:161} INFO - Started process (PID=3712248) to work on /home/airflow/.local/lib/python3.8/site-packages/airflow/example_dags/example_time_delta_sensor_async.py
[2026-04-21T01:34:36.122+0000] {processor.py:830} INFO - Processing file /home/airflow/.local/lib/python3.8/site-packages/airflow/example_dags/example_time_delta_sensor_async.py for tasks to queue
[2026-04-21T01:34:36.124+0000] {logging_mixin.py:188} INFO - [2026-04-21T01:34:36.124+0000] {dagbag.py:538} INFO - Filling up the DagBag from /home/airflow/.local/lib/python3.8/site-packages/airflow/example_dags/example_time_delta_sensor_async.py
[2026-04-21T01:34:36.131+0000] {processor.py:840} INFO - DAG(s) 'example_time_delta_sensor_async' retrieved from /home/airflow/.local/lib/python3.8/site-packages/airflow/example_dags/example_time_delta_sensor_async.py
[2026-04-21T01:34:36.154+0000] {logging_mixin.py:188} INFO - [2026-04-21T01:34:36.154+0000] {dag.py:3036} INFO - Sync 1 DAGs
[2026-04-21T01:34:36.169+0000] {logging_mixin.py:188} INFO - [2026-04-21T01:34:36.168+0000] {dag.py:3823} INFO - Setting next_dagrun for example_time_delta_sensor_async to None, run_after=None
[2026-04-21T01:34:36.187+0000] {processor.py:183} INFO - Processing /home/airflow/.local/lib/python3.8/site-packages/airflow/example_dags/example_time_delta_sensor_async.py took 0.072 seconds
[2026-04-21T01:35:06.358+0000] {processor.py:161} INFO - Started process (PID=3712305) to work on /home/airflow/.local/lib/python3.8/site-packages/airflow/example_dags/example_time_delta_sensor_async.py
[2026-04-21T01:35:06.360+0000] {processor.py:830} INFO - Processing file /home/airflow/.local/lib/python3.8/site-packages/airflow/example_dags/example_time_delta_sensor_async.py for tasks to queue
[2026-04-21T01:35:06.362+0000] {logging_mixin.py:188} INFO - [2026-04-21T01:35:06.362+0000] {dagbag.py:538} INFO - Filling up the DagBag from /home/airflow/.local/lib/python3.8/site-packages/airflow/example_dags/example_time_delta_sensor_async.py
[2026-04-21T01:35:06.368+0000] {processor.py:840} INFO - DAG(s) 'example_time_delta_sensor_async' retrieved from /home/airflow/.local/lib/python3.8/site-packages/airflow/example_dags/example_time_delta_sensor_async.py
[2026-04-21T01:35:06.393+0000] {logging_mixin.py:188} INFO - [2026-04-21T01:35:06.392+0000] {dag.py:3036} INFO - Sync 1 DAGs
[2026-04-21T01:35:06.406+0000] {logging_mixin.py:188} INFO - [2026-04-21T01:35:06.406+0000] {dag.py:3823} INFO - Setting next_dagrun for example_time_delta_sensor_async to None, run_after=None
[2026-04-21T01:35:06.425+0000] {processor.py:183} INFO - Processing /home/airflow/.local/lib/python3.8/site-packages/airflow/example_dags/example_time_delta_sensor_async.py took 0.072 seconds
[2026-04-21T01:35:36.651+0000] {processor.py:161} INFO - Started process (PID=3712362) to work on /home/airflow/.local/lib/python3.8/site-packages/airflow/example_dags/example_time_delta_sensor_async.py
[2026-04-21T01:35:36.653+0000] {processor.py:830} INFO - Processing file /home/airflow/.local/lib/python3.8/site-packages/airflow/example_dags/example_time_delta_sensor_async.py for tasks to queue
[2026-04-21T01:35:36.655+0000] {logging_mixin.py:188} INFO - [2026-04-21T01:35:36.655+0000] {dagbag.py:538} INFO - Filling up the DagBag from /home/airflow/.local/lib/python3.8/site-packages/airflow/example_dags/example_time_delta_sensor_async.py
[2026-04-21T01:35:36.662+0000] {processor.py:840} INFO - DAG(s) 'example_time_delta_sensor_async' retrieved from /home/airflow/.local/lib/python3.8/site-packages/airflow/example_dags/example_time_delta_sensor_async.py
[2026-04-21T01:35:36.686+0000] {logging_mixin.py:188} INFO - [2026-04-21T01:35:36.685+0000] {dag.py:3036} INFO - Sync 1 DAGs
[2026-04-21T01:35:36.700+0000] {logging_mixin.py:188} INFO - [2026-04-21T01:35:36.700+0000] {dag.py:3823} INFO - Setting next_dagrun for example_time_delta_sensor_async to None, run_after=None
[2026-04-21T01:35:36.719+0000] {processor.py:183} INFO - Processing /home/airflow/.local/lib/python3.8/site-packages/airflow/example_dags/example_time_delta_sensor_async.py took 0.073 seconds
[2026-04-21T01:36:06.888+0000] {processor.py:161} INFO - Started process (PID=3712417) to work on /home/airflow/.local/lib/python3.8/site-packages/airflow/example_dags/example_time_delta_sensor_async.py
[2026-04-21T01:36:06.892+0000] {processor.py:830} INFO - Processing file /home/airflow/.local/lib/python3.8/site-packages/airflow/example_dags/example_time_delta_sensor_async.py for tasks to queue
[2026-04-21T01:36:06.896+0000] {logging_mixin.py:188} INFO - [2026-04-21T01:36:06.895+0000] {dagbag.py:538} INFO - Filling up the DagBag from /home/airflow/.local/lib/python3.8/site-packages/airflow/example_dags/example_time_delta_sensor_async.py
[2026-04-21T01:36:06.904+0000] {processor.py:840} INFO - DAG(s) 'example_time_delta_sensor_async' retrieved from /home/airflow/.local/lib/python3.8/site-packages/airflow/example_dags/example_time_delta_sensor_async.py
[2026-04-21T01:36:06.932+0000] {logging_mixin.py:188} INFO - [2026-04-21T01:36:06.931+0000] {dag.py:3036} INFO - Sync 1 DAGs
[2026-04-21T01:36:06.947+0000] {logging_mixin.py:188} INFO - [2026-04-21T01:36:06.946+0000] {dag.py:3823} INFO - Setting next_dagrun for example_time_delta_sensor_async to None, run_after=None
[2026-04-21T01:36:06.966+0000] {processor.py:183} INFO - Processing /home/airflow/.local/lib/python3.8/site-packages/airflow/example_dags/example_time_delta_sensor_async.py took 0.083 seconds
[2026-04-21T01:36:37.853+0000] {processor.py:161} INFO - Started process (PID=3712474) to work on /home/airflow/.local/lib/python3.8/site-packages/airflow/example_dags/example_time_delta_sensor_async.py
[2026-04-21T01:36:37.855+0000] {processor.py:830} INFO - Processing file /home/airflow/.local/lib/python3.8/site-packages/airflow/example_dags/example_time_delta_sensor_async.py for tasks to queue
[2026-04-21T01:36:37.858+0000] {logging_mixin.py:188} INFO - [2026-04-21T01:36:37.857+0000] {dagbag.py:538} INFO - Filling up the DagBag from /home/airflow/.local/lib/python3.8/site-packages/airflow/example_dags/example_time_delta_sensor_async.py
[2026-04-21T01:36:37.864+0000] {processor.py:840} INFO - DAG(s) 'example_time_delta_sensor_async' retrieved from /home/airflow/.local/lib/python3.8/site-packages/airflow/example_dags/example_time_delta_sensor_async.py
[2026-04-21T01:36:37.889+0000] {logging_mixin.py:188} INFO - [2026-04-21T01:36:37.889+0000] {dag.py:3036} INFO - Sync 1 DAGs
[2026-04-21T01:36:37.903+0000] {logging_mixin.py:188} INFO - [2026-04-21T01:36:37.903+0000] {dag.py:3823} INFO - Setting next_dagrun for example_time_delta_sensor_async to None, run_after=None
[2026-04-21T01:36:37.922+0000] {processor.py:183} INFO - Processing /home/airflow/.local/lib/python3.8/site-packages/airflow/example_dags/example_time_delta_sensor_async.py took 0.073 seconds
[2026-04-21T01:37:07.991+0000] {processor.py:161} INFO - Started process (PID=3712529) to work on /home/airflow/.local/lib/python3.8/site-packages/airflow/example_dags/example_time_delta_sensor_async.py
[2026-04-21T01:37:07.994+0000] {processor.py:830} INFO - Processing file /home/airflow/.local/lib/python3.8/site-packages/airflow/example_dags/example_time_delta_sensor_async.py for tasks to queue
[2026-04-21T01:37:07.997+0000] {logging_mixin.py:188} INFO - [2026-04-21T01:37:07.997+0000] {dagbag.py:538} INFO - Filling up the DagBag from /home/airflow/.local/lib/python3.8/site-packages/airflow/example_dags/example_time_delta_sensor_async.py
[2026-04-21T01:37:08.005+0000] {processor.py:840} INFO - DAG(s) 'example_time_delta_sensor_async' retrieved from /home/airflow/.local/lib/python3.8/site-packages/airflow/example_dags/example_time_delta_sensor_async.py
[2026-04-21T01:37:08.028+0000] {logging_mixin.py:188} INFO - [2026-04-21T01:37:08.028+0000] {dag.py:3036} INFO - Sync 1 DAGs
[2026-04-21T01:37:08.042+0000] {logging_mixin.py:188} INFO - [2026-04-21T01:37:08.042+0000] {dag.py:3823} INFO - Setting next_dagrun for example_time_delta_sensor_async to None, run_after=None
[2026-04-21T01:37:08.061+0000] {processor.py:183} INFO - Processing /home/airflow/.local/lib/python3.8/site-packages/airflow/example_dags/example_time_delta_sensor_async.py took 0.074 seconds
[2026-04-21T01:37:38.424+0000] {processor.py:161} INFO - Started process (PID=3712592) to work on /home/airflow/.local/lib/python3.8/site-packages/airflow/example_dags/example_time_delta_sensor_async.py
[2026-04-21T01:37:38.426+0000] {processor.py:830} INFO - Processing file /home/airflow/.local/lib/python3.8/site-packages/airflow/example_dags/example_time_delta_sensor_async.py for tasks to queue
[2026-04-21T01:37:38.428+0000] {logging_mixin.py:188} INFO - [2026-04-21T01:37:38.428+0000] {dagbag.py:538} INFO - Filling up the DagBag from /home/airflow/.local/lib/python3.8/site-packages/airflow/example_dags/example_time_delta_sensor_async.py
[2026-04-21T01:37:38.435+0000] {processor.py:840} INFO - DAG(s) 'example_time_delta_sensor_async' retrieved from /home/airflow/.local/lib/python3.8/site-packages/airflow/example_dags/example_time_delta_sensor_async.py
[2026-04-21T01:37:38.458+0000] {logging_mixin.py:188} INFO - [2026-04-21T01:37:38.458+0000] {dag.py:3036} INFO - Sync 1 DAGs
[2026-04-21T01:37:38.475+0000] {logging_mixin.py:188} INFO - [2026-04-21T01:37:38.475+0000] {dag.py:3823} INFO - Setting next_dagrun for example_time_delta_sensor_async to None, run_after=None
[2026-04-21T01:37:38.496+0000] {processor.py:183} INFO - Processing /home/airflow/.local/lib/python3.8/site-packages/airflow/example_dags/example_time_delta_sensor_async.py took 0.077 seconds
[2026-04-21T01:38:08.881+0000] {processor.py:161} INFO - Started process (PID=3712649) to work on /home/airflow/.local/lib/python3.8/site-packages/airflow/example_dags/example_time_delta_sensor_async.py
[2026-04-21T01:38:08.883+0000] {processor.py:830} INFO - Processing file /home/airflow/.local/lib/python3.8/site-packages/airflow/example_dags/example_time_delta_sensor_async.py for tasks to queue
[2026-04-21T01:38:08.886+0000] {logging_mixin.py:188} INFO - [2026-04-21T01:38:08.886+0000] {dagbag.py:538} INFO - Filling up the DagBag from /home/airflow/.local/lib/python3.8/site-packages/airflow/example_dags/example_time_delta_sensor_async.py
[2026-04-21T01:38:08.895+0000] {processor.py:840} INFO - DAG(s) 'example_time_delta_sensor_async' retrieved from /home/airflow/.local/lib/python3.8/site-packages/airflow/example_dags/example_time_delta_sensor_async.py
[2026-04-21T01:38:08.919+0000] {logging_mixin.py:188} INFO - [2026-04-21T01:38:08.919+0000] {dag.py:3036} INFO - Sync 1 DAGs
[2026-04-21T01:38:08.935+0000] {logging_mixin.py:188} INFO - [2026-04-21T01:38:08.934+0000] {dag.py:3823} INFO - Setting next_dagrun for example_time_delta_sensor_async to None, run_after=None
[2026-04-21T01:38:08.955+0000] {processor.py:183} INFO - Processing /home/airflow/.local/lib/python3.8/site-packages/airflow/example_dags/example_time_delta_sensor_async.py took 0.080 seconds
[2026-04-21T01:38:39.294+0000] {processor.py:161} INFO - Started process (PID=3712706) to work on /home/airflow/.local/lib/python3.8/site-packages/airflow/example_dags/example_time_delta_sensor_async.py
[2026-04-21T01:38:39.296+0000] {processor.py:830} INFO - Processing file /home/airflow/.local/lib/python3.8/site-packages/airflow/example_dags/example_time_delta_sensor_async.py for tasks to queue
[2026-04-21T01:38:39.298+0000] {logging_mixin.py:188} INFO - [2026-04-21T01:38:39.298+0000] {dagbag.py:538} INFO - Filling up the DagBag from /home/airflow/.local/lib/python3.8/site-packages/airflow/example_dags/example_time_delta_sensor_async.py
[2026-04-21T01:38:39.304+0000] {processor.py:840} INFO - DAG(s) 'example_time_delta_sensor_async' retrieved from /home/airflow/.local/lib/python3.8/site-packages/airflow/example_dags/example_time_delta_sensor_async.py
[2026-04-21T01:38:39.329+0000] {logging_mixin.py:188} INFO - [2026-04-21T01:38:39.328+0000] {dag.py:3036} INFO - Sync 1 DAGs
[2026-04-21T01:38:39.342+0000] {logging_mixin.py:188} INFO - [2026-04-21T01:38:39.342+0000] {dag.py:3823} INFO - Setting next_dagrun for example_time_delta_sensor_async to None, run_after=None
[2026-04-21T01:38:39.360+0000] {processor.py:183} INFO - Processing /home/airflow/.local/lib/python3.8/site-packages/airflow/example_dags/example_time_delta_sensor_async.py took 0.071 seconds
[2026-04-21T01:39:09.859+0000] {processor.py:161} INFO - Started process (PID=3712763) to work on /home/airflow/.local/lib/python3.8/site-packages/airflow/example_dags/example_time_delta_sensor_async.py
[2026-04-21T01:39:09.862+0000] {processor.py:830} INFO - Processing file /home/airflow/.local/lib/python3.8/site-packages/airflow/example_dags/example_time_delta_sensor_async.py for tasks to queue
[2026-04-21T01:39:09.864+0000] {logging_mixin.py:188} INFO - [2026-04-21T01:39:09.863+0000] {dagbag.py:538} INFO - Filling up the DagBag from /home/airflow/.local/lib/python3.8/site-packages/airflow/example_dags/example_time_delta_sensor_async.py
[2026-04-21T01:39:09.870+0000] {processor.py:840} INFO - DAG(s) 'example_time_delta_sensor_async' retrieved from /home/airflow/.local/lib/python3.8/site-packages/airflow/example_dags/example_time_delta_sensor_async.py
[2026-04-21T01:39:09.895+0000] {logging_mixin.py:188} INFO - [2026-04-21T01:39:09.895+0000] {dag.py:3036} INFO - Sync 1 DAGs
[2026-04-21T01:39:09.909+0000] {logging_mixin.py:188} INFO - [2026-04-21T01:39:09.909+0000] {dag.py:3823} INFO - Setting next_dagrun for example_time_delta_sensor_async to None, run_after=None
[2026-04-21T01:39:09.928+0000] {processor.py:183} INFO - Processing /home/airflow/.local/lib/python3.8/site-packages/airflow/example_dags/example_time_delta_sensor_async.py took 0.074 seconds
[2026-04-21T01:39:40.336+0000] {processor.py:161} INFO - Started process (PID=3712820) to work on /home/airflow/.local/lib/python3.8/site-packages/airflow/example_dags/example_time_delta_sensor_async.py
[2026-04-21T01:39:40.338+0000] {processor.py:830} INFO - Processing file /home/airflow/.local/lib/python3.8/site-packages/airflow/example_dags/example_time_delta_sensor_async.py for tasks to queue
[2026-04-21T01:39:40.341+0000] {logging_mixin.py:188} INFO - [2026-04-21T01:39:40.340+0000] {dagbag.py:538} INFO - Filling up the DagBag from /home/airflow/.local/lib/python3.8/site-packages/airflow/example_dags/example_time_delta_sensor_async.py
[2026-04-21T01:39:40.347+0000] {processor.py:840} INFO - DAG(s) 'example_time_delta_sensor_async' retrieved from /home/airflow/.local/lib/python3.8/site-packages/airflow/example_dags/example_time_delta_sensor_async.py
[2026-04-21T01:39:40.372+0000] {logging_mixin.py:188} INFO - [2026-04-21T01:39:40.371+0000] {dag.py:3036} INFO - Sync 1 DAGs
[2026-04-21T01:39:40.386+0000] {logging_mixin.py:188} INFO - [2026-04-21T01:39:40.386+0000] {dag.py:3823} INFO - Setting next_dagrun for example_time_delta_sensor_async to None, run_after=None
[2026-04-21T01:39:40.405+0000] {processor.py:183} INFO - Processing /home/airflow/.local/lib/python3.8/site-packages/airflow/example_dags/example_time_delta_sensor_async.py took 0.074 seconds
[2026-04-21T01:40:10.897+0000] {processor.py:161} INFO - Started process (PID=3712877) to work on /home/airflow/.local/lib/python3.8/site-packages/airflow/example_dags/example_time_delta_sensor_async.py
[2026-04-21T01:40:10.899+0000] {processor.py:830} INFO - Processing file /home/airflow/.local/lib/python3.8/site-packages/airflow/example_dags/example_time_delta_sensor_async.py for tasks to queue
[2026-04-21T01:40:10.902+0000] {logging_mixin.py:188} INFO - [2026-04-21T01:40:10.902+0000] {dagbag.py:538} INFO - Filling up the DagBag from /home/airflow/.local/lib/python3.8/site-packages/airflow/example_dags/example_time_delta_sensor_async.py
[2026-04-21T01:40:10.908+0000] {processor.py:840} INFO - DAG(s) 'example_time_delta_sensor_async' retrieved from /home/airflow/.local/lib/python3.8/site-packages/airflow/example_dags/example_time_delta_sensor_async.py
[2026-04-21T01:40:10.934+0000] {logging_mixin.py:188} INFO - [2026-04-21T01:40:10.934+0000] {dag.py:3036} INFO - Sync 1 DAGs
[2026-04-21T01:40:10.950+0000] {logging_mixin.py:188} INFO - [2026-04-21T01:40:10.949+0000] {dag.py:3823} INFO - Setting next_dagrun for example_time_delta_sensor_async to None, run_after=None
[2026-04-21T01:40:10.970+0000] {processor.py:183} INFO - Processing /home/airflow/.local/lib/python3.8/site-packages/airflow/example_dags/example_time_delta_sensor_async.py took 0.078 seconds
[2026-04-21T01:40:41.104+0000] {processor.py:161} INFO - Started process (PID=3712934) to work on /home/airflow/.local/lib/python3.8/site-packages/airflow/example_dags/example_time_delta_sensor_async.py
[2026-04-21T01:40:41.106+0000] {processor.py:830} INFO - Processing file /home/airflow/.local/lib/python3.8/site-packages/airflow/example_dags/example_time_delta_sensor_async.py for tasks to queue
[2026-04-21T01:40:41.109+0000] {logging_mixin.py:188} INFO - [2026-04-21T01:40:41.108+0000] {dagbag.py:538} INFO - Filling up the DagBag from /home/airflow/.local/lib/python3.8/site-packages/airflow/example_dags/example_time_delta_sensor_async.py
[2026-04-21T01:40:41.116+0000] {processor.py:840} INFO - DAG(s) 'example_time_delta_sensor_async' retrieved from /home/airflow/.local/lib/python3.8/site-packages/airflow/example_dags/example_time_delta_sensor_async.py
[2026-04-21T01:40:41.143+0000] {logging_mixin.py:188} INFO - [2026-04-21T01:40:41.143+0000] {dag.py:3036} INFO - Sync 1 DAGs
[2026-04-21T01:40:41.162+0000] {logging_mixin.py:188} INFO - [2026-04-21T01:40:41.162+0000] {dag.py:3823} INFO - Setting next_dagrun for example_time_delta_sensor_async to None, run_after=None
[2026-04-21T01:40:41.187+0000] {processor.py:183} INFO - Processing /home/airflow/.local/lib/python3.8/site-packages/airflow/example_dags/example_time_delta_sensor_async.py took 0.089 seconds
[2026-04-21T01:41:11.418+0000] {processor.py:161} INFO - Started process (PID=3712991) to work on /home/airflow/.local/lib/python3.8/site-packages/airflow/example_dags/example_time_delta_sensor_async.py
[2026-04-21T01:41:11.419+0000] {processor.py:830} INFO - Processing file /home/airflow/.local/lib/python3.8/site-packages/airflow/example_dags/example_time_delta_sensor_async.py for tasks to queue
[2026-04-21T01:41:11.422+0000] {logging_mixin.py:188} INFO - [2026-04-21T01:41:11.421+0000] {dagbag.py:538} INFO - Filling up the DagBag from /home/airflow/.local/lib/python3.8/site-packages/airflow/example_dags/example_time_delta_sensor_async.py
[2026-04-21T01:41:11.428+0000] {processor.py:840} INFO - DAG(s) 'example_time_delta_sensor_async' retrieved from /home/airflow/.local/lib/python3.8/site-packages/airflow/example_dags/example_time_delta_sensor_async.py
[2026-04-21T01:41:11.453+0000] {logging_mixin.py:188} INFO - [2026-04-21T01:41:11.453+0000] {dag.py:3036} INFO - Sync 1 DAGs
[2026-04-21T01:41:11.468+0000] {logging_mixin.py:188} INFO - [2026-04-21T01:41:11.467+0000] {dag.py:3823} INFO - Setting next_dagrun for example_time_delta_sensor_async to None, run_after=None
[2026-04-21T01:41:11.487+0000] {processor.py:183} INFO - Processing /home/airflow/.local/lib/python3.8/site-packages/airflow/example_dags/example_time_delta_sensor_async.py took 0.074 seconds
[2026-04-21T01:41:41.805+0000] {processor.py:161} INFO - Started process (PID=3713048) to work on /home/airflow/.local/lib/python3.8/site-packages/airflow/example_dags/example_time_delta_sensor_async.py
[2026-04-21T01:41:41.806+0000] {processor.py:830} INFO - Processing file /home/airflow/.local/lib/python3.8/site-packages/airflow/example_dags/example_time_delta_sensor_async.py for tasks to queue
[2026-04-21T01:41:41.809+0000] {logging_mixin.py:188} INFO - [2026-04-21T01:41:41.808+0000] {dagbag.py:538} INFO - Filling up the DagBag from /home/airflow/.local/lib/python3.8/site-packages/airflow/example_dags/example_time_delta_sensor_async.py
[2026-04-21T01:41:41.815+0000] {processor.py:840} INFO - DAG(s) 'example_time_delta_sensor_async' retrieved from /home/airflow/.local/lib/python3.8/site-packages/airflow/example_dags/example_time_delta_sensor_async.py
[2026-04-21T01:41:41.839+0000] {logging_mixin.py:188} INFO - [2026-04-21T01:41:41.838+0000] {dag.py:3036} INFO - Sync 1 DAGs
[2026-04-21T01:41:41.853+0000] {logging_mixin.py:188} INFO - [2026-04-21T01:41:41.852+0000] {dag.py:3823} INFO - Setting next_dagrun for example_time_delta_sensor_async to None, run_after=None
[2026-04-21T01:41:41.871+0000] {processor.py:183} INFO - Processing /home/airflow/.local/lib/python3.8/site-packages/airflow/example_dags/example_time_delta_sensor_async.py took 0.071 seconds
[2026-04-21T01:42:12.051+0000] {processor.py:161} INFO - Started process (PID=3713105) to work on /home/airflow/.local/lib/python3.8/site-packages/airflow/example_dags/example_time_delta_sensor_async.py
[2026-04-21T01:42:12.052+0000] {processor.py:830} INFO - Processing file /home/airflow/.local/lib/python3.8/site-packages/airflow/example_dags/example_time_delta_sensor_async.py for tasks to queue
[2026-04-21T01:42:12.055+0000] {logging_mixin.py:188} INFO - [2026-04-21T01:42:12.054+0000] {dagbag.py:538} INFO - Filling up the DagBag from /home/airflow/.local/lib/python3.8/site-packages/airflow/example_dags/example_time_delta_sensor_async.py
[2026-04-21T01:42:12.061+0000] {processor.py:840} INFO - DAG(s) 'example_time_delta_sensor_async' retrieved from /home/airflow/.local/lib/python3.8/site-packages/airflow/example_dags/example_time_delta_sensor_async.py
[2026-04-21T01:42:12.085+0000] {logging_mixin.py:188} INFO - [2026-04-21T01:42:12.085+0000] {dag.py:3036} INFO - Sync 1 DAGs
[2026-04-21T01:42:12.100+0000] {logging_mixin.py:188} INFO - [2026-04-21T01:42:12.100+0000] {dag.py:3823} INFO - Setting next_dagrun for example_time_delta_sensor_async to None, run_after=None
[2026-04-21T01:42:12.120+0000] {processor.py:183} INFO - Processing /home/airflow/.local/lib/python3.8/site-packages/airflow/example_dags/example_time_delta_sensor_async.py took 0.074 seconds
[2026-04-21T01:42:42.336+0000] {processor.py:161} INFO - Started process (PID=3713162) to work on /home/airflow/.local/lib/python3.8/site-packages/airflow/example_dags/example_time_delta_sensor_async.py
[2026-04-21T01:42:42.338+0000] {processor.py:830} INFO - Processing file /home/airflow/.local/lib/python3.8/site-packages/airflow/example_dags/example_time_delta_sensor_async.py for tasks to queue
[2026-04-21T01:42:42.340+0000] {logging_mixin.py:188} INFO - [2026-04-21T01:42:42.340+0000] {dagbag.py:538} INFO - Filling up the DagBag from /home/airflow/.local/lib/python3.8/site-packages/airflow/example_dags/example_time_delta_sensor_async.py
[2026-04-21T01:42:42.347+0000] {processor.py:840} INFO - DAG(s) 'example_time_delta_sensor_async' retrieved from /home/airflow/.local/lib/python3.8/site-packages/airflow/example_dags/example_time_delta_sensor_async.py
[2026-04-21T01:42:42.371+0000] {logging_mixin.py:188} INFO - [2026-04-21T01:42:42.370+0000] {dag.py:3036} INFO - Sync 1 DAGs
[2026-04-21T01:42:42.386+0000] {logging_mixin.py:188} INFO - [2026-04-21T01:42:42.385+0000] {dag.py:3823} INFO - Setting next_dagrun for example_time_delta_sensor_async to None, run_after=None
[2026-04-21T01:42:42.407+0000] {processor.py:183} INFO - Processing /home/airflow/.local/lib/python3.8/site-packages/airflow/example_dags/example_time_delta_sensor_async.py took 0.076 seconds
[2026-04-21T01:43:12.636+0000] {processor.py:161} INFO - Started process (PID=3713219) to work on /home/airflow/.local/lib/python3.8/site-packages/airflow/example_dags/example_time_delta_sensor_async.py
[2026-04-21T01:43:12.638+0000] {processor.py:830} INFO - Processing file /home/airflow/.local/lib/python3.8/site-packages/airflow/example_dags/example_time_delta_sensor_async.py for tasks to queue
[2026-04-21T01:43:12.640+0000] {logging_mixin.py:188} INFO - [2026-04-21T01:43:12.640+0000] {dagbag.py:538} INFO - Filling up the DagBag from /home/airflow/.local/lib/python3.8/site-packages/airflow/example_dags/example_time_delta_sensor_async.py
[2026-04-21T01:43:12.646+0000] {processor.py:840} INFO - DAG(s) 'example_time_delta_sensor_async' retrieved from /home/airflow/.local/lib/python3.8/site-packages/airflow/example_dags/example_time_delta_sensor_async.py
[2026-04-21T01:43:12.672+0000] {logging_mixin.py:188} INFO - [2026-04-21T01:43:12.671+0000] {dag.py:3036} INFO - Sync 1 DAGs
[2026-04-21T01:43:12.686+0000] {logging_mixin.py:188} INFO - [2026-04-21T01:43:12.686+0000] {dag.py:3823} INFO - Setting next_dagrun for example_time_delta_sensor_async to None, run_after=None
[2026-04-21T01:43:12.706+0000] {processor.py:183} INFO - Processing /home/airflow/.local/lib/python3.8/site-packages/airflow/example_dags/example_time_delta_sensor_async.py took 0.075 seconds
[2026-04-21T01:43:42.745+0000] {processor.py:161} INFO - Started process (PID=3713276) to work on /home/airflow/.local/lib/python3.8/site-packages/airflow/example_dags/example_time_delta_sensor_async.py
[2026-04-21T01:43:42.747+0000] {processor.py:830} INFO - Processing file /home/airflow/.local/lib/python3.8/site-packages/airflow/example_dags/example_time_delta_sensor_async.py for tasks to queue
[2026-04-21T01:43:42.749+0000] {logging_mixin.py:188} INFO - [2026-04-21T01:43:42.749+0000] {dagbag.py:538} INFO - Filling up the DagBag from /home/airflow/.local/lib/python3.8/site-packages/airflow/example_dags/example_time_delta_sensor_async.py
[2026-04-21T01:43:42.756+0000] {processor.py:840} INFO - DAG(s) 'example_time_delta_sensor_async' retrieved from /home/airflow/.local/lib/python3.8/site-packages/airflow/example_dags/example_time_delta_sensor_async.py
[2026-04-21T01:43:42.781+0000] {logging_mixin.py:188} INFO - [2026-04-21T01:43:42.781+0000] {dag.py:3036} INFO - Sync 1 DAGs
[2026-04-21T01:43:42.796+0000] {logging_mixin.py:188} INFO - [2026-04-21T01:43:42.795+0000] {dag.py:3823} INFO - Setting next_dagrun for example_time_delta_sensor_async to None, run_after=None
[2026-04-21T01:43:42.816+0000] {processor.py:183} INFO - Processing /home/airflow/.local/lib/python3.8/site-packages/airflow/example_dags/example_time_delta_sensor_async.py took 0.076 seconds
[2026-04-21T01:44:13.093+0000] {processor.py:161} INFO - Started process (PID=3713333) to work on /home/airflow/.local/lib/python3.8/site-packages/airflow/example_dags/example_time_delta_sensor_async.py
[2026-04-21T01:44:13.094+0000] {processor.py:830} INFO - Processing file /home/airflow/.local/lib/python3.8/site-packages/airflow/example_dags/example_time_delta_sensor_async.py for tasks to queue
[2026-04-21T01:44:13.097+0000] {logging_mixin.py:188} INFO - [2026-04-21T01:44:13.096+0000] {dagbag.py:538} INFO - Filling up the DagBag from /home/airflow/.local/lib/python3.8/site-packages/airflow/example_dags/example_time_delta_sensor_async.py
[2026-04-21T01:44:13.103+0000] {processor.py:840} INFO - DAG(s) 'example_time_delta_sensor_async' retrieved from /home/airflow/.local/lib/python3.8/site-packages/airflow/example_dags/example_time_delta_sensor_async.py
[2026-04-21T01:44:13.128+0000] {logging_mixin.py:188} INFO - [2026-04-21T01:44:13.127+0000] {dag.py:3036} INFO - Sync 1 DAGs
[2026-04-21T01:44:13.142+0000] {logging_mixin.py:188} INFO - [2026-04-21T01:44:13.142+0000] {dag.py:3823} INFO - Setting next_dagrun for example_time_delta_sensor_async to None, run_after=None
[2026-04-21T01:44:13.162+0000] {processor.py:183} INFO - Processing /home/airflow/.local/lib/python3.8/site-packages/airflow/example_dags/example_time_delta_sensor_async.py took 0.074 seconds
[2026-04-21T01:44:43.427+0000] {processor.py:161} INFO - Started process (PID=3713390) to work on /home/airflow/.local/lib/python3.8/site-packages/airflow/example_dags/example_time_delta_sensor_async.py
[2026-04-21T01:44:43.429+0000] {processor.py:830} INFO - Processing file /home/airflow/.local/lib/python3.8/site-packages/airflow/example_dags/example_time_delta_sensor_async.py for tasks to queue
[2026-04-21T01:44:43.431+0000] {logging_mixin.py:188} INFO - [2026-04-21T01:44:43.431+0000] {dagbag.py:538} INFO - Filling up the DagBag from /home/airflow/.local/lib/python3.8/site-packages/airflow/example_dags/example_time_delta_sensor_async.py
[2026-04-21T01:44:43.438+0000] {processor.py:840} INFO - DAG(s) 'example_time_delta_sensor_async' retrieved from /home/airflow/.local/lib/python3.8/site-packages/airflow/example_dags/example_time_delta_sensor_async.py
[2026-04-21T01:44:43.464+0000] {logging_mixin.py:188} INFO - [2026-04-21T01:44:43.463+0000] {dag.py:3036} INFO - Sync 1 DAGs
[2026-04-21T01:44:43.478+0000] {logging_mixin.py:188} INFO - [2026-04-21T01:44:43.478+0000] {dag.py:3823} INFO - Setting next_dagrun for example_time_delta_sensor_async to None, run_after=None
[2026-04-21T01:44:43.497+0000] {processor.py:183} INFO - Processing /home/airflow/.local/lib/python3.8/site-packages/airflow/example_dags/example_time_delta_sensor_async.py took 0.075 seconds
[2026-04-21T01:45:13.656+0000] {processor.py:161} INFO - Started process (PID=3713447) to work on /home/airflow/.local/lib/python3.8/site-packages/airflow/example_dags/example_time_delta_sensor_async.py
[2026-04-21T01:45:13.658+0000] {processor.py:830} INFO - Processing file /home/airflow/.local/lib/python3.8/site-packages/airflow/example_dags/example_time_delta_sensor_async.py for tasks to queue
[2026-04-21T01:45:13.660+0000] {logging_mixin.py:188} INFO - [2026-04-21T01:45:13.660+0000] {dagbag.py:538} INFO - Filling up the DagBag from /home/airflow/.local/lib/python3.8/site-packages/airflow/example_dags/example_time_delta_sensor_async.py
[2026-04-21T01:45:13.667+0000] {processor.py:840} INFO - DAG(s) 'example_time_delta_sensor_async' retrieved from /home/airflow/.local/lib/python3.8/site-packages/airflow/example_dags/example_time_delta_sensor_async.py
[2026-04-21T01:45:13.694+0000] {logging_mixin.py:188} INFO - [2026-04-21T01:45:13.693+0000] {dag.py:3036} INFO - Sync 1 DAGs
[2026-04-21T01:45:13.708+0000] {logging_mixin.py:188} INFO - [2026-04-21T01:45:13.708+0000] {dag.py:3823} INFO - Setting next_dagrun for example_time_delta_sensor_async to None, run_after=None
[2026-04-21T01:45:13.729+0000] {processor.py:183} INFO - Processing /home/airflow/.local/lib/python3.8/site-packages/airflow/example_dags/example_time_delta_sensor_async.py took 0.078 seconds
[2026-04-21T01:45:43.930+0000] {processor.py:161} INFO - Started process (PID=3713504) to work on /home/airflow/.local/lib/python3.8/site-packages/airflow/example_dags/example_time_delta_sensor_async.py
[2026-04-21T01:45:43.932+0000] {processor.py:830} INFO - Processing file /home/airflow/.local/lib/python3.8/site-packages/airflow/example_dags/example_time_delta_sensor_async.py for tasks to queue
[2026-04-21T01:45:43.934+0000] {logging_mixin.py:188} INFO - [2026-04-21T01:45:43.934+0000] {dagbag.py:538} INFO - Filling up the DagBag from /home/airflow/.local/lib/python3.8/site-packages/airflow/example_dags/example_time_delta_sensor_async.py
[2026-04-21T01:45:43.941+0000] {processor.py:840} INFO - DAG(s) 'example_time_delta_sensor_async' retrieved from /home/airflow/.local/lib/python3.8/site-packages/airflow/example_dags/example_time_delta_sensor_async.py
[2026-04-21T01:45:43.966+0000] {logging_mixin.py:188} INFO - [2026-04-21T01:45:43.965+0000] {dag.py:3036} INFO - Sync 1 DAGs
[2026-04-21T01:45:43.980+0000] {logging_mixin.py:188} INFO - [2026-04-21T01:45:43.980+0000] {dag.py:3823} INFO - Setting next_dagrun for example_time_delta_sensor_async to None, run_after=None
[2026-04-21T01:45:44.000+0000] {processor.py:183} INFO - Processing /home/airflow/.local/lib/python3.8/site-packages/airflow/example_dags/example_time_delta_sensor_async.py took 0.076 seconds
[2026-04-21T01:46:14.146+0000] {processor.py:161} INFO - Started process (PID=3713561) to work on /home/airflow/.local/lib/python3.8/site-packages/airflow/example_dags/example_time_delta_sensor_async.py
[2026-04-21T01:46:14.148+0000] {processor.py:830} INFO - Processing file /home/airflow/.local/lib/python3.8/site-packages/airflow/example_dags/example_time_delta_sensor_async.py for tasks to queue
[2026-04-21T01:46:14.151+0000] {logging_mixin.py:188} INFO - [2026-04-21T01:46:14.150+0000] {dagbag.py:538} INFO - Filling up the DagBag from /home/airflow/.local/lib/python3.8/site-packages/airflow/example_dags/example_time_delta_sensor_async.py
[2026-04-21T01:46:14.157+0000] {processor.py:840} INFO - DAG(s) 'example_time_delta_sensor_async' retrieved from /home/airflow/.local/lib/python3.8/site-packages/airflow/example_dags/example_time_delta_sensor_async.py
[2026-04-21T01:46:14.183+0000] {logging_mixin.py:188} INFO - [2026-04-21T01:46:14.183+0000] {dag.py:3036} INFO - Sync 1 DAGs
[2026-04-21T01:46:14.197+0000] {logging_mixin.py:188} INFO - [2026-04-21T01:46:14.197+0000] {dag.py:3823} INFO - Setting next_dagrun for example_time_delta_sensor_async to None, run_after=None
[2026-04-21T01:46:14.215+0000] {processor.py:183} INFO - Processing /home/airflow/.local/lib/python3.8/site-packages/airflow/example_dags/example_time_delta_sensor_async.py took 0.075 seconds
[2026-04-21T01:46:44.331+0000] {processor.py:161} INFO - Started process (PID=3713618) to work on /home/airflow/.local/lib/python3.8/site-packages/airflow/example_dags/example_time_delta_sensor_async.py
[2026-04-21T01:46:44.332+0000] {processor.py:830} INFO - Processing file /home/airflow/.local/lib/python3.8/site-packages/airflow/example_dags/example_time_delta_sensor_async.py for tasks to queue
[2026-04-21T01:46:44.335+0000] {logging_mixin.py:188} INFO - [2026-04-21T01:46:44.334+0000] {dagbag.py:538} INFO - Filling up the DagBag from /home/airflow/.local/lib/python3.8/site-packages/airflow/example_dags/example_time_delta_sensor_async.py
[2026-04-21T01:46:44.341+0000] {processor.py:840} INFO - DAG(s) 'example_time_delta_sensor_async' retrieved from /home/airflow/.local/lib/python3.8/site-packages/airflow/example_dags/example_time_delta_sensor_async.py
[2026-04-21T01:46:44.365+0000] {logging_mixin.py:188} INFO - [2026-04-21T01:46:44.364+0000] {dag.py:3036} INFO - Sync 1 DAGs
[2026-04-21T01:46:44.379+0000] {logging_mixin.py:188} INFO - [2026-04-21T01:46:44.379+0000] {dag.py:3823} INFO - Setting next_dagrun for example_time_delta_sensor_async to None, run_after=None
[2026-04-21T01:46:44.397+0000] {processor.py:183} INFO - Processing /home/airflow/.local/lib/python3.8/site-packages/airflow/example_dags/example_time_delta_sensor_async.py took 0.071 seconds
[2026-04-21T01:47:14.540+0000] {processor.py:161} INFO - Started process (PID=3713676) to work on /home/airflow/.local/lib/python3.8/site-packages/airflow/example_dags/example_time_delta_sensor_async.py
[2026-04-21T01:47:14.542+0000] {processor.py:830} INFO - Processing file /home/airflow/.local/lib/python3.8/site-packages/airflow/example_dags/example_time_delta_sensor_async.py for tasks to queue
[2026-04-21T01:47:14.545+0000] {logging_mixin.py:188} INFO - [2026-04-21T01:47:14.544+0000] {dagbag.py:538} INFO - Filling up the DagBag from /home/airflow/.local/lib/python3.8/site-packages/airflow/example_dags/example_time_delta_sensor_async.py
[2026-04-21T01:47:14.551+0000] {processor.py:840} INFO - DAG(s) 'example_time_delta_sensor_async' retrieved from /home/airflow/.local/lib/python3.8/site-packages/airflow/example_dags/example_time_delta_sensor_async.py
[2026-04-21T01:47:14.575+0000] {logging_mixin.py:188} INFO - [2026-04-21T01:47:14.575+0000] {dag.py:3036} INFO - Sync 1 DAGs
[2026-04-21T01:47:14.589+0000] {logging_mixin.py:188} INFO - [2026-04-21T01:47:14.589+0000] {dag.py:3823} INFO - Setting next_dagrun for example_time_delta_sensor_async to None, run_after=None
[2026-04-21T01:47:14.607+0000] {processor.py:183} INFO - Processing /home/airflow/.local/lib/python3.8/site-packages/airflow/example_dags/example_time_delta_sensor_async.py took 0.072 seconds
[2026-04-21T01:47:44.780+0000] {processor.py:161} INFO - Started process (PID=3713733) to work on /home/airflow/.local/lib/python3.8/site-packages/airflow/example_dags/example_time_delta_sensor_async.py
[2026-04-21T01:47:44.781+0000] {processor.py:830} INFO - Processing file /home/airflow/.local/lib/python3.8/site-packages/airflow/example_dags/example_time_delta_sensor_async.py for tasks to queue
[2026-04-21T01:47:44.784+0000] {logging_mixin.py:188} INFO - [2026-04-21T01:47:44.784+0000] {dagbag.py:538} INFO - Filling up the DagBag from /home/airflow/.local/lib/python3.8/site-packages/airflow/example_dags/example_time_delta_sensor_async.py
[2026-04-21T01:47:44.790+0000] {processor.py:840} INFO - DAG(s) 'example_time_delta_sensor_async' retrieved from /home/airflow/.local/lib/python3.8/site-packages/airflow/example_dags/example_time_delta_sensor_async.py
[2026-04-21T01:47:44.814+0000] {logging_mixin.py:188} INFO - [2026-04-21T01:47:44.814+0000] {dag.py:3036} INFO - Sync 1 DAGs
[2026-04-21T01:47:44.828+0000] {logging_mixin.py:188} INFO - [2026-04-21T01:47:44.828+0000] {dag.py:3823} INFO - Setting next_dagrun for example_time_delta_sensor_async to None, run_after=None
[2026-04-21T01:47:44.847+0000] {processor.py:183} INFO - Processing /home/airflow/.local/lib/python3.8/site-packages/airflow/example_dags/example_time_delta_sensor_async.py took 0.073 seconds
[2026-04-21T01:48:15.064+0000] {processor.py:161} INFO - Started process (PID=3713790) to work on /home/airflow/.local/lib/python3.8/site-packages/airflow/example_dags/example_time_delta_sensor_async.py
[2026-04-21T01:48:15.066+0000] {processor.py:830} INFO - Processing file /home/airflow/.local/lib/python3.8/site-packages/airflow/example_dags/example_time_delta_sensor_async.py for tasks to queue
[2026-04-21T01:48:15.068+0000] {logging_mixin.py:188} INFO - [2026-04-21T01:48:15.068+0000] {dagbag.py:538} INFO - Filling up the DagBag from /home/airflow/.local/lib/python3.8/site-packages/airflow/example_dags/example_time_delta_sensor_async.py
[2026-04-21T01:48:15.075+0000] {processor.py:840} INFO - DAG(s) 'example_time_delta_sensor_async' retrieved from /home/airflow/.local/lib/python3.8/site-packages/airflow/example_dags/example_time_delta_sensor_async.py
[2026-04-21T01:48:15.098+0000] {logging_mixin.py:188} INFO - [2026-04-21T01:48:15.098+0000] {dag.py:3036} INFO - Sync 1 DAGs
[2026-04-21T01:48:15.112+0000] {logging_mixin.py:188} INFO - [2026-04-21T01:48:15.112+0000] {dag.py:3823} INFO - Setting next_dagrun for example_time_delta_sensor_async to None, run_after=None
[2026-04-21T01:48:15.131+0000] {processor.py:183} INFO - Processing /home/airflow/.local/lib/python3.8/site-packages/airflow/example_dags/example_time_delta_sensor_async.py took 0.072 seconds
[2026-04-21T01:48:45.300+0000] {processor.py:161} INFO - Started process (PID=3713847) to work on /home/airflow/.local/lib/python3.8/site-packages/airflow/example_dags/example_time_delta_sensor_async.py
[2026-04-21T01:48:45.302+0000] {processor.py:830} INFO - Processing file /home/airflow/.local/lib/python3.8/site-packages/airflow/example_dags/example_time_delta_sensor_async.py for tasks to queue
[2026-04-21T01:48:45.304+0000] {logging_mixin.py:188} INFO - [2026-04-21T01:48:45.304+0000] {dagbag.py:538} INFO - Filling up the DagBag from /home/airflow/.local/lib/python3.8/site-packages/airflow/example_dags/example_time_delta_sensor_async.py
[2026-04-21T01:48:45.311+0000] {processor.py:840} INFO - DAG(s) 'example_time_delta_sensor_async' retrieved from /home/airflow/.local/lib/python3.8/site-packages/airflow/example_dags/example_time_delta_sensor_async.py
[2026-04-21T01:48:45.339+0000] {logging_mixin.py:188} INFO - [2026-04-21T01:48:45.338+0000] {dag.py:3036} INFO - Sync 1 DAGs
[2026-04-21T01:48:45.354+0000] {logging_mixin.py:188} INFO - [2026-04-21T01:48:45.354+0000] {dag.py:3823} INFO - Setting next_dagrun for example_time_delta_sensor_async to None, run_after=None
[2026-04-21T01:48:45.376+0000] {processor.py:183} INFO - Processing /home/airflow/.local/lib/python3.8/site-packages/airflow/example_dags/example_time_delta_sensor_async.py took 0.082 seconds
[2026-04-21T01:49:15.514+0000] {processor.py:161} INFO - Started process (PID=3713904) to work on /home/airflow/.local/lib/python3.8/site-packages/airflow/example_dags/example_time_delta_sensor_async.py
[2026-04-21T01:49:15.516+0000] {processor.py:830} INFO - Processing file /home/airflow/.local/lib/python3.8/site-packages/airflow/example_dags/example_time_delta_sensor_async.py for tasks to queue
[2026-04-21T01:49:15.519+0000] {logging_mixin.py:188} INFO - [2026-04-21T01:49:15.518+0000] {dagbag.py:538} INFO - Filling up the DagBag from /home/airflow/.local/lib/python3.8/site-packages/airflow/example_dags/example_time_delta_sensor_async.py
[2026-04-21T01:49:15.525+0000] {processor.py:840} INFO - DAG(s) 'example_time_delta_sensor_async' retrieved from /home/airflow/.local/lib/python3.8/site-packages/airflow/example_dags/example_time_delta_sensor_async.py
[2026-04-21T01:49:15.550+0000] {logging_mixin.py:188} INFO - [2026-04-21T01:49:15.550+0000] {dag.py:3036} INFO - Sync 1 DAGs
[2026-04-21T01:49:15.565+0000] {logging_mixin.py:188} INFO - [2026-04-21T01:49:15.564+0000] {dag.py:3823} INFO - Setting next_dagrun for example_time_delta_sensor_async to None, run_after=None
[2026-04-21T01:49:15.584+0000] {processor.py:183} INFO - Processing /home/airflow/.local/lib/python3.8/site-packages/airflow/example_dags/example_time_delta_sensor_async.py took 0.074 seconds
[2026-04-21T01:49:46.022+0000] {processor.py:161} INFO - Started process (PID=3713961) to work on /home/airflow/.local/lib/python3.8/site-packages/airflow/example_dags/example_time_delta_sensor_async.py
[2026-04-21T01:49:46.024+0000] {processor.py:830} INFO - Processing file /home/airflow/.local/lib/python3.8/site-packages/airflow/example_dags/example_time_delta_sensor_async.py for tasks to queue
[2026-04-21T01:49:46.027+0000] {logging_mixin.py:188} INFO - [2026-04-21T01:49:46.026+0000] {dagbag.py:538} INFO - Filling up the DagBag from /home/airflow/.local/lib/python3.8/site-packages/airflow/example_dags/example_time_delta_sensor_async.py
[2026-04-21T01:49:46.034+0000] {processor.py:840} INFO - DAG(s) 'example_time_delta_sensor_async' retrieved from /home/airflow/.local/lib/python3.8/site-packages/airflow/example_dags/example_time_delta_sensor_async.py
[2026-04-21T01:49:46.060+0000] {logging_mixin.py:188} INFO - [2026-04-21T01:49:46.059+0000] {dag.py:3036} INFO - Sync 1 DAGs
[2026-04-21T01:49:46.075+0000] {logging_mixin.py:188} INFO - [2026-04-21T01:49:46.074+0000] {dag.py:3823} INFO - Setting next_dagrun for example_time_delta_sensor_async to None, run_after=None
[2026-04-21T01:49:46.094+0000] {processor.py:183} INFO - Processing /home/airflow/.local/lib/python3.8/site-packages/airflow/example_dags/example_time_delta_sensor_async.py took 0.076 seconds
[2026-04-21T01:50:16.383+0000] {processor.py:161} INFO - Started process (PID=3714017) to work on /home/airflow/.local/lib/python3.8/site-packages/airflow/example_dags/example_time_delta_sensor_async.py
[2026-04-21T01:50:16.385+0000] {processor.py:830} INFO - Processing file /home/airflow/.local/lib/python3.8/site-packages/airflow/example_dags/example_time_delta_sensor_async.py for tasks to queue
[2026-04-21T01:50:16.388+0000] {logging_mixin.py:188} INFO - [2026-04-21T01:50:16.387+0000] {dagbag.py:538} INFO - Filling up the DagBag from /home/airflow/.local/lib/python3.8/site-packages/airflow/example_dags/example_time_delta_sensor_async.py
[2026-04-21T01:50:16.394+0000] {processor.py:840} INFO - DAG(s) 'example_time_delta_sensor_async' retrieved from /home/airflow/.local/lib/python3.8/site-packages/airflow/example_dags/example_time_delta_sensor_async.py
[2026-04-21T01:50:16.418+0000] {logging_mixin.py:188} INFO - [2026-04-21T01:50:16.418+0000] {dag.py:3036} INFO - Sync 1 DAGs
[2026-04-21T01:50:16.433+0000] {logging_mixin.py:188} INFO - [2026-04-21T01:50:16.432+0000] {dag.py:3823} INFO - Setting next_dagrun for example_time_delta_sensor_async to None, run_after=None
[2026-04-21T01:50:16.452+0000] {processor.py:183} INFO - Processing /home/airflow/.local/lib/python3.8/site-packages/airflow/example_dags/example_time_delta_sensor_async.py took 0.073 seconds
[2026-04-21T01:50:46.858+0000] {processor.py:161} INFO - Started process (PID=3714074) to work on /home/airflow/.local/lib/python3.8/site-packages/airflow/example_dags/example_time_delta_sensor_async.py
[2026-04-21T01:50:46.860+0000] {processor.py:830} INFO - Processing file /home/airflow/.local/lib/python3.8/site-packages/airflow/example_dags/example_time_delta_sensor_async.py for tasks to queue
[2026-04-21T01:50:46.862+0000] {logging_mixin.py:188} INFO - [2026-04-21T01:50:46.862+0000] {dagbag.py:538} INFO - Filling up the DagBag from /home/airflow/.local/lib/python3.8/site-packages/airflow/example_dags/example_time_delta_sensor_async.py
[2026-04-21T01:50:46.868+0000] {processor.py:840} INFO - DAG(s) 'example_time_delta_sensor_async' retrieved from /home/airflow/.local/lib/python3.8/site-packages/airflow/example_dags/example_time_delta_sensor_async.py
[2026-04-21T01:50:46.892+0000] {logging_mixin.py:188} INFO - [2026-04-21T01:50:46.892+0000] {dag.py:3036} INFO - Sync 1 DAGs
[2026-04-21T01:50:46.906+0000] {logging_mixin.py:188} INFO - [2026-04-21T01:50:46.905+0000] {dag.py:3823} INFO - Setting next_dagrun for example_time_delta_sensor_async to None, run_after=None
[2026-04-21T01:50:46.929+0000] {processor.py:183} INFO - Processing /home/airflow/.local/lib/python3.8/site-packages/airflow/example_dags/example_time_delta_sensor_async.py took 0.076 seconds
[2026-04-21T01:51:17.029+0000] {processor.py:161} INFO - Started process (PID=3714131) to work on /home/airflow/.local/lib/python3.8/site-packages/airflow/example_dags/example_time_delta_sensor_async.py
[2026-04-21T01:51:17.030+0000] {processor.py:830} INFO - Processing file /home/airflow/.local/lib/python3.8/site-packages/airflow/example_dags/example_time_delta_sensor_async.py for tasks to queue
[2026-04-21T01:51:17.033+0000] {logging_mixin.py:188} INFO - [2026-04-21T01:51:17.032+0000] {dagbag.py:538} INFO - Filling up the DagBag from /home/airflow/.local/lib/python3.8/site-packages/airflow/example_dags/example_time_delta_sensor_async.py
[2026-04-21T01:51:17.039+0000] {processor.py:840} INFO - DAG(s) 'example_time_delta_sensor_async' retrieved from /home/airflow/.local/lib/python3.8/site-packages/airflow/example_dags/example_time_delta_sensor_async.py
[2026-04-21T01:51:17.065+0000] {logging_mixin.py:188} INFO - [2026-04-21T01:51:17.065+0000] {dag.py:3036} INFO - Sync 1 DAGs
[2026-04-21T01:51:17.079+0000] {logging_mixin.py:188} INFO - [2026-04-21T01:51:17.079+0000] {dag.py:3823} INFO - Setting next_dagrun for example_time_delta_sensor_async to None, run_after=None
[2026-04-21T01:51:17.098+0000] {processor.py:183} INFO - Processing /home/airflow/.local/lib/python3.8/site-packages/airflow/example_dags/example_time_delta_sensor_async.py took 0.075 seconds
[2026-04-21T01:51:47.257+0000] {processor.py:161} INFO - Started process (PID=3714188) to work on /home/airflow/.local/lib/python3.8/site-packages/airflow/example_dags/example_time_delta_sensor_async.py
[2026-04-21T01:51:47.259+0000] {processor.py:830} INFO - Processing file /home/airflow/.local/lib/python3.8/site-packages/airflow/example_dags/example_time_delta_sensor_async.py for tasks to queue
[2026-04-21T01:51:47.261+0000] {logging_mixin.py:188} INFO - [2026-04-21T01:51:47.261+0000] {dagbag.py:538} INFO - Filling up the DagBag from /home/airflow/.local/lib/python3.8/site-packages/airflow/example_dags/example_time_delta_sensor_async.py
[2026-04-21T01:51:47.267+0000] {processor.py:840} INFO - DAG(s) 'example_time_delta_sensor_async' retrieved from /home/airflow/.local/lib/python3.8/site-packages/airflow/example_dags/example_time_delta_sensor_async.py
[2026-04-21T01:51:47.291+0000] {logging_mixin.py:188} INFO - [2026-04-21T01:51:47.291+0000] {dag.py:3036} INFO - Sync 1 DAGs
[2026-04-21T01:51:47.306+0000] {logging_mixin.py:188} INFO - [2026-04-21T01:51:47.305+0000] {dag.py:3823} INFO - Setting next_dagrun for example_time_delta_sensor_async to None, run_after=None
[2026-04-21T01:51:47.325+0000] {processor.py:183} INFO - Processing /home/airflow/.local/lib/python3.8/site-packages/airflow/example_dags/example_time_delta_sensor_async.py took 0.073 seconds
[2026-04-21T01:52:17.615+0000] {processor.py:161} INFO - Started process (PID=3714245) to work on /home/airflow/.local/lib/python3.8/site-packages/airflow/example_dags/example_time_delta_sensor_async.py
[2026-04-21T01:52:17.617+0000] {processor.py:830} INFO - Processing file /home/airflow/.local/lib/python3.8/site-packages/airflow/example_dags/example_time_delta_sensor_async.py for tasks to queue
[2026-04-21T01:52:17.619+0000] {logging_mixin.py:188} INFO - [2026-04-21T01:52:17.619+0000] {dagbag.py:538} INFO - Filling up the DagBag from /home/airflow/.local/lib/python3.8/site-packages/airflow/example_dags/example_time_delta_sensor_async.py
[2026-04-21T01:52:17.625+0000] {processor.py:840} INFO - DAG(s) 'example_time_delta_sensor_async' retrieved from /home/airflow/.local/lib/python3.8/site-packages/airflow/example_dags/example_time_delta_sensor_async.py
[2026-04-21T01:52:17.649+0000] {logging_mixin.py:188} INFO - [2026-04-21T01:52:17.649+0000] {dag.py:3036} INFO - Sync 1 DAGs
[2026-04-21T01:52:17.663+0000] {logging_mixin.py:188} INFO - [2026-04-21T01:52:17.663+0000] {dag.py:3823} INFO - Setting next_dagrun for example_time_delta_sensor_async to None, run_after=None
[2026-04-21T01:52:17.682+0000] {processor.py:183} INFO - Processing /home/airflow/.local/lib/python3.8/site-packages/airflow/example_dags/example_time_delta_sensor_async.py took 0.072 seconds
[2026-04-21T01:52:47.892+0000] {processor.py:161} INFO - Started process (PID=3714302) to work on /home/airflow/.local/lib/python3.8/site-packages/airflow/example_dags/example_time_delta_sensor_async.py
[2026-04-21T01:52:47.894+0000] {processor.py:830} INFO - Processing file /home/airflow/.local/lib/python3.8/site-packages/airflow/example_dags/example_time_delta_sensor_async.py for tasks to queue
[2026-04-21T01:52:47.896+0000] {logging_mixin.py:188} INFO - [2026-04-21T01:52:47.896+0000] {dagbag.py:538} INFO - Filling up the DagBag from /home/airflow/.local/lib/python3.8/site-packages/airflow/example_dags/example_time_delta_sensor_async.py
[2026-04-21T01:52:47.902+0000] {processor.py:840} INFO - DAG(s) 'example_time_delta_sensor_async' retrieved from /home/airflow/.local/lib/python3.8/site-packages/airflow/example_dags/example_time_delta_sensor_async.py
[2026-04-21T01:52:47.926+0000] {logging_mixin.py:188} INFO - [2026-04-21T01:52:47.926+0000] {dag.py:3036} INFO - Sync 1 DAGs
[2026-04-21T01:52:47.941+0000] {logging_mixin.py:188} INFO - [2026-04-21T01:52:47.940+0000] {dag.py:3823} INFO - Setting next_dagrun for example_time_delta_sensor_async to None, run_after=None
[2026-04-21T01:52:47.959+0000] {processor.py:183} INFO - Processing /home/airflow/.local/lib/python3.8/site-packages/airflow/example_dags/example_time_delta_sensor_async.py took 0.073 seconds
[2026-04-21T01:53:18.122+0000] {processor.py:161} INFO - Started process (PID=3714359) to work on /home/airflow/.local/lib/python3.8/site-packages/airflow/example_dags/example_time_delta_sensor_async.py
[2026-04-21T01:53:18.123+0000] {processor.py:830} INFO - Processing file /home/airflow/.local/lib/python3.8/site-packages/airflow/example_dags/example_time_delta_sensor_async.py for tasks to queue
[2026-04-21T01:53:18.126+0000] {logging_mixin.py:188} INFO - [2026-04-21T01:53:18.126+0000] {dagbag.py:538} INFO - Filling up the DagBag from /home/airflow/.local/lib/python3.8/site-packages/airflow/example_dags/example_time_delta_sensor_async.py
[2026-04-21T01:53:18.132+0000] {processor.py:840} INFO - DAG(s) 'example_time_delta_sensor_async' retrieved from /home/airflow/.local/lib/python3.8/site-packages/airflow/example_dags/example_time_delta_sensor_async.py
[2026-04-21T01:53:18.157+0000] {logging_mixin.py:188} INFO - [2026-04-21T01:53:18.156+0000] {dag.py:3036} INFO - Sync 1 DAGs
[2026-04-21T01:53:18.171+0000] {logging_mixin.py:188} INFO - [2026-04-21T01:53:18.171+0000] {dag.py:3823} INFO - Setting next_dagrun for example_time_delta_sensor_async to None, run_after=None
[2026-04-21T01:53:18.191+0000] {processor.py:183} INFO - Processing /home/airflow/.local/lib/python3.8/site-packages/airflow/example_dags/example_time_delta_sensor_async.py took 0.075 seconds
[2026-04-21T01:53:48.398+0000] {processor.py:161} INFO - Started process (PID=3714416) to work on /home/airflow/.local/lib/python3.8/site-packages/airflow/example_dags/example_time_delta_sensor_async.py
[2026-04-21T01:53:48.400+0000] {processor.py:830} INFO - Processing file /home/airflow/.local/lib/python3.8/site-packages/airflow/example_dags/example_time_delta_sensor_async.py for tasks to queue
[2026-04-21T01:53:48.402+0000] {logging_mixin.py:188} INFO - [2026-04-21T01:53:48.402+0000] {dagbag.py:538} INFO - Filling up the DagBag from /home/airflow/.local/lib/python3.8/site-packages/airflow/example_dags/example_time_delta_sensor_async.py
[2026-04-21T01:53:48.409+0000] {processor.py:840} INFO - DAG(s) 'example_time_delta_sensor_async' retrieved from /home/airflow/.local/lib/python3.8/site-packages/airflow/example_dags/example_time_delta_sensor_async.py
[2026-04-21T01:53:48.434+0000] {logging_mixin.py:188} INFO - [2026-04-21T01:53:48.434+0000] {dag.py:3036} INFO - Sync 1 DAGs
[2026-04-21T01:53:48.449+0000] {logging_mixin.py:188} INFO - [2026-04-21T01:53:48.448+0000] {dag.py:3823} INFO - Setting next_dagrun for example_time_delta_sensor_async to None, run_after=None
[2026-04-21T01:53:48.468+0000] {processor.py:183} INFO - Processing /home/airflow/.local/lib/python3.8/site-packages/airflow/example_dags/example_time_delta_sensor_async.py took 0.075 seconds
[2026-04-21T01:54:18.609+0000] {processor.py:161} INFO - Started process (PID=3714473) to work on /home/airflow/.local/lib/python3.8/site-packages/airflow/example_dags/example_time_delta_sensor_async.py
[2026-04-21T01:54:18.611+0000] {processor.py:830} INFO - Processing file /home/airflow/.local/lib/python3.8/site-packages/airflow/example_dags/example_time_delta_sensor_async.py for tasks to queue
[2026-04-21T01:54:18.614+0000] {logging_mixin.py:188} INFO - [2026-04-21T01:54:18.614+0000] {dagbag.py:538} INFO - Filling up the DagBag from /home/airflow/.local/lib/python3.8/site-packages/airflow/example_dags/example_time_delta_sensor_async.py
[2026-04-21T01:54:18.622+0000] {processor.py:840} INFO - DAG(s) 'example_time_delta_sensor_async' retrieved from /home/airflow/.local/lib/python3.8/site-packages/airflow/example_dags/example_time_delta_sensor_async.py
[2026-04-21T01:54:18.657+0000] {logging_mixin.py:188} INFO - [2026-04-21T01:54:18.656+0000] {dag.py:3036} INFO - Sync 1 DAGs
[2026-04-21T01:54:18.677+0000] {logging_mixin.py:188} INFO - [2026-04-21T01:54:18.677+0000] {dag.py:3823} INFO - Setting next_dagrun for example_time_delta_sensor_async to None, run_after=None
[2026-04-21T01:54:18.706+0000] {processor.py:183} INFO - Processing /home/airflow/.local/lib/python3.8/site-packages/airflow/example_dags/example_time_delta_sensor_async.py took 0.104 seconds
[2026-04-21T01:54:49.107+0000] {processor.py:161} INFO - Started process (PID=3714529) to work on /home/airflow/.local/lib/python3.8/site-packages/airflow/example_dags/example_time_delta_sensor_async.py
[2026-04-21T01:54:49.109+0000] {processor.py:830} INFO - Processing file /home/airflow/.local/lib/python3.8/site-packages/airflow/example_dags/example_time_delta_sensor_async.py for tasks to queue
[2026-04-21T01:54:49.111+0000] {logging_mixin.py:188} INFO - [2026-04-21T01:54:49.111+0000] {dagbag.py:538} INFO - Filling up the DagBag from /home/airflow/.local/lib/python3.8/site-packages/airflow/example_dags/example_time_delta_sensor_async.py
[2026-04-21T01:54:49.118+0000] {processor.py:840} INFO - DAG(s) 'example_time_delta_sensor_async' retrieved from /home/airflow/.local/lib/python3.8/site-packages/airflow/example_dags/example_time_delta_sensor_async.py
[2026-04-21T01:54:49.142+0000] {logging_mixin.py:188} INFO - [2026-04-21T01:54:49.141+0000] {dag.py:3036} INFO - Sync 1 DAGs
[2026-04-21T01:54:49.157+0000] {logging_mixin.py:188} INFO - [2026-04-21T01:54:49.157+0000] {dag.py:3823} INFO - Setting next_dagrun for example_time_delta_sensor_async to None, run_after=None
[2026-04-21T01:54:49.176+0000] {processor.py:183} INFO - Processing /home/airflow/.local/lib/python3.8/site-packages/airflow/example_dags/example_time_delta_sensor_async.py took 0.074 seconds
[2026-04-21T01:55:19.617+0000] {processor.py:161} INFO - Started process (PID=3714587) to work on /home/airflow/.local/lib/python3.8/site-packages/airflow/example_dags/example_time_delta_sensor_async.py
[2026-04-21T01:55:19.619+0000] {processor.py:830} INFO - Processing file /home/airflow/.local/lib/python3.8/site-packages/airflow/example_dags/example_time_delta_sensor_async.py for tasks to queue
[2026-04-21T01:55:19.622+0000] {logging_mixin.py:188} INFO - [2026-04-21T01:55:19.621+0000] {dagbag.py:538} INFO - Filling up the DagBag from /home/airflow/.local/lib/python3.8/site-packages/airflow/example_dags/example_time_delta_sensor_async.py
[2026-04-21T01:55:19.628+0000] {processor.py:840} INFO - DAG(s) 'example_time_delta_sensor_async' retrieved from /home/airflow/.local/lib/python3.8/site-packages/airflow/example_dags/example_time_delta_sensor_async.py
[2026-04-21T01:55:19.652+0000] {logging_mixin.py:188} INFO - [2026-04-21T01:55:19.651+0000] {dag.py:3036} INFO - Sync 1 DAGs
[2026-04-21T01:55:19.665+0000] {logging_mixin.py:188} INFO - [2026-04-21T01:55:19.665+0000] {dag.py:3823} INFO - Setting next_dagrun for example_time_delta_sensor_async to None, run_after=None
[2026-04-21T01:55:19.684+0000] {processor.py:183} INFO - Processing /home/airflow/.local/lib/python3.8/site-packages/airflow/example_dags/example_time_delta_sensor_async.py took 0.071 seconds
[2026-04-21T01:55:50.141+0000] {processor.py:161} INFO - Started process (PID=3714644) to work on /home/airflow/.local/lib/python3.8/site-packages/airflow/example_dags/example_time_delta_sensor_async.py
[2026-04-21T01:55:50.143+0000] {processor.py:830} INFO - Processing file /home/airflow/.local/lib/python3.8/site-packages/airflow/example_dags/example_time_delta_sensor_async.py for tasks to queue
[2026-04-21T01:55:50.145+0000] {logging_mixin.py:188} INFO - [2026-04-21T01:55:50.145+0000] {dagbag.py:538} INFO - Filling up the DagBag from /home/airflow/.local/lib/python3.8/site-packages/airflow/example_dags/example_time_delta_sensor_async.py
[2026-04-21T01:55:50.152+0000] {processor.py:840} INFO - DAG(s) 'example_time_delta_sensor_async' retrieved from /home/airflow/.local/lib/python3.8/site-packages/airflow/example_dags/example_time_delta_sensor_async.py
[2026-04-21T01:55:50.177+0000] {logging_mixin.py:188} INFO - [2026-04-21T01:55:50.177+0000] {dag.py:3036} INFO - Sync 1 DAGs
[2026-04-21T01:55:50.192+0000] {logging_mixin.py:188} INFO - [2026-04-21T01:55:50.191+0000] {dag.py:3823} INFO - Setting next_dagrun for example_time_delta_sensor_async to None, run_after=None
[2026-04-21T01:55:50.212+0000] {processor.py:183} INFO - Processing /home/airflow/.local/lib/python3.8/site-packages/airflow/example_dags/example_time_delta_sensor_async.py took 0.076 seconds
[2026-04-21T01:56:20.339+0000] {processor.py:161} INFO - Started process (PID=3714701) to work on /home/airflow/.local/lib/python3.8/site-packages/airflow/example_dags/example_time_delta_sensor_async.py
[2026-04-21T01:56:20.341+0000] {processor.py:830} INFO - Processing file /home/airflow/.local/lib/python3.8/site-packages/airflow/example_dags/example_time_delta_sensor_async.py for tasks to queue
[2026-04-21T01:56:20.343+0000] {logging_mixin.py:188} INFO - [2026-04-21T01:56:20.343+0000] {dagbag.py:538} INFO - Filling up the DagBag from /home/airflow/.local/lib/python3.8/site-packages/airflow/example_dags/example_time_delta_sensor_async.py
[2026-04-21T01:56:20.349+0000] {processor.py:840} INFO - DAG(s) 'example_time_delta_sensor_async' retrieved from /home/airflow/.local/lib/python3.8/site-packages/airflow/example_dags/example_time_delta_sensor_async.py
[2026-04-21T01:56:20.375+0000] {logging_mixin.py:188} INFO - [2026-04-21T01:56:20.374+0000] {dag.py:3036} INFO - Sync 1 DAGs
[2026-04-21T01:56:20.388+0000] {logging_mixin.py:188} INFO - [2026-04-21T01:56:20.388+0000] {dag.py:3823} INFO - Setting next_dagrun for example_time_delta_sensor_async to None, run_after=None
[2026-04-21T01:56:20.406+0000] {processor.py:183} INFO - Processing /home/airflow/.local/lib/python3.8/site-packages/airflow/example_dags/example_time_delta_sensor_async.py took 0.072 seconds
[2026-04-21T01:56:50.512+0000] {processor.py:161} INFO - Started process (PID=3714758) to work on /home/airflow/.local/lib/python3.8/site-packages/airflow/example_dags/example_time_delta_sensor_async.py
[2026-04-21T01:56:50.513+0000] {processor.py:830} INFO - Processing file /home/airflow/.local/lib/python3.8/site-packages/airflow/example_dags/example_time_delta_sensor_async.py for tasks to queue
[2026-04-21T01:56:50.516+0000] {logging_mixin.py:188} INFO - [2026-04-21T01:56:50.515+0000] {dagbag.py:538} INFO - Filling up the DagBag from /home/airflow/.local/lib/python3.8/site-packages/airflow/example_dags/example_time_delta_sensor_async.py
[2026-04-21T01:56:50.522+0000] {processor.py:840} INFO - DAG(s) 'example_time_delta_sensor_async' retrieved from /home/airflow/.local/lib/python3.8/site-packages/airflow/example_dags/example_time_delta_sensor_async.py
[2026-04-21T01:56:50.547+0000] {logging_mixin.py:188} INFO - [2026-04-21T01:56:50.547+0000] {dag.py:3036} INFO - Sync 1 DAGs
[2026-04-21T01:56:50.561+0000] {logging_mixin.py:188} INFO - [2026-04-21T01:56:50.561+0000] {dag.py:3823} INFO - Setting next_dagrun for example_time_delta_sensor_async to None, run_after=None
[2026-04-21T01:56:50.581+0000] {processor.py:183} INFO - Processing /home/airflow/.local/lib/python3.8/site-packages/airflow/example_dags/example_time_delta_sensor_async.py took 0.074 seconds
[2026-04-21T01:57:20.693+0000] {processor.py:161} INFO - Started process (PID=3714815) to work on /home/airflow/.local/lib/python3.8/site-packages/airflow/example_dags/example_time_delta_sensor_async.py
[2026-04-21T01:57:20.695+0000] {processor.py:830} INFO - Processing file /home/airflow/.local/lib/python3.8/site-packages/airflow/example_dags/example_time_delta_sensor_async.py for tasks to queue
[2026-04-21T01:57:20.697+0000] {logging_mixin.py:188} INFO - [2026-04-21T01:57:20.697+0000] {dagbag.py:538} INFO - Filling up the DagBag from /home/airflow/.local/lib/python3.8/site-packages/airflow/example_dags/example_time_delta_sensor_async.py
[2026-04-21T01:57:20.703+0000] {processor.py:840} INFO - DAG(s) 'example_time_delta_sensor_async' retrieved from /home/airflow/.local/lib/python3.8/site-packages/airflow/example_dags/example_time_delta_sensor_async.py
[2026-04-21T01:57:20.729+0000] {logging_mixin.py:188} INFO - [2026-04-21T01:57:20.729+0000] {dag.py:3036} INFO - Sync 1 DAGs
[2026-04-21T01:57:20.743+0000] {logging_mixin.py:188} INFO - [2026-04-21T01:57:20.743+0000] {dag.py:3823} INFO - Setting next_dagrun for example_time_delta_sensor_async to None, run_after=None
[2026-04-21T01:57:20.763+0000] {processor.py:183} INFO - Processing /home/airflow/.local/lib/python3.8/site-packages/airflow/example_dags/example_time_delta_sensor_async.py took 0.074 seconds
[2026-04-21T01:57:50.982+0000] {processor.py:161} INFO - Started process (PID=3714872) to work on /home/airflow/.local/lib/python3.8/site-packages/airflow/example_dags/example_time_delta_sensor_async.py
[2026-04-21T01:57:50.984+0000] {processor.py:830} INFO - Processing file /home/airflow/.local/lib/python3.8/site-packages/airflow/example_dags/example_time_delta_sensor_async.py for tasks to queue
[2026-04-21T01:57:50.987+0000] {logging_mixin.py:188} INFO - [2026-04-21T01:57:50.986+0000] {dagbag.py:538} INFO - Filling up the DagBag from /home/airflow/.local/lib/python3.8/site-packages/airflow/example_dags/example_time_delta_sensor_async.py
[2026-04-21T01:57:50.993+0000] {processor.py:840} INFO - DAG(s) 'example_time_delta_sensor_async' retrieved from /home/airflow/.local/lib/python3.8/site-packages/airflow/example_dags/example_time_delta_sensor_async.py
[2026-04-21T01:57:51.017+0000] {logging_mixin.py:188} INFO - [2026-04-21T01:57:51.017+0000] {dag.py:3036} INFO - Sync 1 DAGs
[2026-04-21T01:57:51.030+0000] {logging_mixin.py:188} INFO - [2026-04-21T01:57:51.030+0000] {dag.py:3823} INFO - Setting next_dagrun for example_time_delta_sensor_async to None, run_after=None
[2026-04-21T01:57:51.050+0000] {processor.py:183} INFO - Processing /home/airflow/.local/lib/python3.8/site-packages/airflow/example_dags/example_time_delta_sensor_async.py took 0.073 seconds
[2026-04-21T01:58:21.211+0000] {processor.py:161} INFO - Started process (PID=3714929) to work on /home/airflow/.local/lib/python3.8/site-packages/airflow/example_dags/example_time_delta_sensor_async.py
[2026-04-21T01:58:21.213+0000] {processor.py:830} INFO - Processing file /home/airflow/.local/lib/python3.8/site-packages/airflow/example_dags/example_time_delta_sensor_async.py for tasks to queue
[2026-04-21T01:58:21.215+0000] {logging_mixin.py:188} INFO - [2026-04-21T01:58:21.215+0000] {dagbag.py:538} INFO - Filling up the DagBag from /home/airflow/.local/lib/python3.8/site-packages/airflow/example_dags/example_time_delta_sensor_async.py
[2026-04-21T01:58:21.222+0000] {processor.py:840} INFO - DAG(s) 'example_time_delta_sensor_async' retrieved from /home/airflow/.local/lib/python3.8/site-packages/airflow/example_dags/example_time_delta_sensor_async.py
[2026-04-21T01:58:21.246+0000] {logging_mixin.py:188} INFO - [2026-04-21T01:58:21.245+0000] {dag.py:3036} INFO - Sync 1 DAGs
[2026-04-21T01:58:21.259+0000] {logging_mixin.py:188} INFO - [2026-04-21T01:58:21.259+0000] {dag.py:3823} INFO - Setting next_dagrun for example_time_delta_sensor_async to None, run_after=None
[2026-04-21T01:58:21.278+0000] {processor.py:183} INFO - Processing /home/airflow/.local/lib/python3.8/site-packages/airflow/example_dags/example_time_delta_sensor_async.py took 0.073 seconds
[2026-04-21T01:58:51.338+0000] {processor.py:161} INFO - Started process (PID=3714986) to work on /home/airflow/.local/lib/python3.8/site-packages/airflow/example_dags/example_time_delta_sensor_async.py
[2026-04-21T01:58:51.340+0000] {processor.py:830} INFO - Processing file /home/airflow/.local/lib/python3.8/site-packages/airflow/example_dags/example_time_delta_sensor_async.py for tasks to queue
[2026-04-21T01:58:51.342+0000] {logging_mixin.py:188} INFO - [2026-04-21T01:58:51.342+0000] {dagbag.py:538} INFO - Filling up the DagBag from /home/airflow/.local/lib/python3.8/site-packages/airflow/example_dags/example_time_delta_sensor_async.py
[2026-04-21T01:58:51.348+0000] {processor.py:840} INFO - DAG(s) 'example_time_delta_sensor_async' retrieved from /home/airflow/.local/lib/python3.8/site-packages/airflow/example_dags/example_time_delta_sensor_async.py
[2026-04-21T01:58:51.374+0000] {logging_mixin.py:188} INFO - [2026-04-21T01:58:51.374+0000] {dag.py:3036} INFO - Sync 1 DAGs
[2026-04-21T01:58:51.388+0000] {logging_mixin.py:188} INFO - [2026-04-21T01:58:51.388+0000] {dag.py:3823} INFO - Setting next_dagrun for example_time_delta_sensor_async to None, run_after=None
[2026-04-21T01:58:51.407+0000] {processor.py:183} INFO - Processing /home/airflow/.local/lib/python3.8/site-packages/airflow/example_dags/example_time_delta_sensor_async.py took 0.073 seconds
[2026-04-21T01:59:21.777+0000] {processor.py:161} INFO - Started process (PID=3715043) to work on /home/airflow/.local/lib/python3.8/site-packages/airflow/example_dags/example_time_delta_sensor_async.py
[2026-04-21T01:59:21.778+0000] {processor.py:830} INFO - Processing file /home/airflow/.local/lib/python3.8/site-packages/airflow/example_dags/example_time_delta_sensor_async.py for tasks to queue
[2026-04-21T01:59:21.781+0000] {logging_mixin.py:188} INFO - [2026-04-21T01:59:21.780+0000] {dagbag.py:538} INFO - Filling up the DagBag from /home/airflow/.local/lib/python3.8/site-packages/airflow/example_dags/example_time_delta_sensor_async.py
[2026-04-21T01:59:21.787+0000] {processor.py:840} INFO - DAG(s) 'example_time_delta_sensor_async' retrieved from /home/airflow/.local/lib/python3.8/site-packages/airflow/example_dags/example_time_delta_sensor_async.py
[2026-04-21T01:59:21.811+0000] {logging_mixin.py:188} INFO - [2026-04-21T01:59:21.810+0000] {dag.py:3036} INFO - Sync 1 DAGs
[2026-04-21T01:59:21.824+0000] {logging_mixin.py:188} INFO - [2026-04-21T01:59:21.824+0000] {dag.py:3823} INFO - Setting next_dagrun for example_time_delta_sensor_async to None, run_after=None
[2026-04-21T01:59:21.843+0000] {processor.py:183} INFO - Processing /home/airflow/.local/lib/python3.8/site-packages/airflow/example_dags/example_time_delta_sensor_async.py took 0.071 seconds
[2026-04-21T01:59:51.920+0000] {processor.py:161} INFO - Started process (PID=3715100) to work on /home/airflow/.local/lib/python3.8/site-packages/airflow/example_dags/example_time_delta_sensor_async.py
[2026-04-21T01:59:51.922+0000] {processor.py:830} INFO - Processing file /home/airflow/.local/lib/python3.8/site-packages/airflow/example_dags/example_time_delta_sensor_async.py for tasks to queue
[2026-04-21T01:59:51.924+0000] {logging_mixin.py:188} INFO - [2026-04-21T01:59:51.924+0000] {dagbag.py:538} INFO - Filling up the DagBag from /home/airflow/.local/lib/python3.8/site-packages/airflow/example_dags/example_time_delta_sensor_async.py
[2026-04-21T01:59:51.931+0000] {processor.py:840} INFO - DAG(s) 'example_time_delta_sensor_async' retrieved from /home/airflow/.local/lib/python3.8/site-packages/airflow/example_dags/example_time_delta_sensor_async.py
[2026-04-21T01:59:51.958+0000] {logging_mixin.py:188} INFO - [2026-04-21T01:59:51.958+0000] {dag.py:3036} INFO - Sync 1 DAGs
[2026-04-21T01:59:51.973+0000] {logging_mixin.py:188} INFO - [2026-04-21T01:59:51.972+0000] {dag.py:3823} INFO - Setting next_dagrun for example_time_delta_sensor_async to None, run_after=None
[2026-04-21T01:59:51.992+0000] {processor.py:183} INFO - Processing /home/airflow/.local/lib/python3.8/site-packages/airflow/example_dags/example_time_delta_sensor_async.py took 0.077 seconds
[2026-04-21T02:00:22.036+0000] {processor.py:161} INFO - Started process (PID=3715157) to work on /home/airflow/.local/lib/python3.8/site-packages/airflow/example_dags/example_time_delta_sensor_async.py
[2026-04-21T02:00:22.038+0000] {processor.py:830} INFO - Processing file /home/airflow/.local/lib/python3.8/site-packages/airflow/example_dags/example_time_delta_sensor_async.py for tasks to queue
[2026-04-21T02:00:22.040+0000] {logging_mixin.py:188} INFO - [2026-04-21T02:00:22.040+0000] {dagbag.py:538} INFO - Filling up the DagBag from /home/airflow/.local/lib/python3.8/site-packages/airflow/example_dags/example_time_delta_sensor_async.py
[2026-04-21T02:00:22.047+0000] {processor.py:840} INFO - DAG(s) 'example_time_delta_sensor_async' retrieved from /home/airflow/.local/lib/python3.8/site-packages/airflow/example_dags/example_time_delta_sensor_async.py
[2026-04-21T02:00:22.073+0000] {logging_mixin.py:188} INFO - [2026-04-21T02:00:22.073+0000] {dag.py:3036} INFO - Sync 1 DAGs
[2026-04-21T02:00:22.087+0000] {logging_mixin.py:188} INFO - [2026-04-21T02:00:22.087+0000] {dag.py:3823} INFO - Setting next_dagrun for example_time_delta_sensor_async to None, run_after=None
[2026-04-21T02:00:22.107+0000] {processor.py:183} INFO - Processing /home/airflow/.local/lib/python3.8/site-packages/airflow/example_dags/example_time_delta_sensor_async.py took 0.076 seconds
[2026-04-21T02:00:52.374+0000] {processor.py:161} INFO - Started process (PID=3715214) to work on /home/airflow/.local/lib/python3.8/site-packages/airflow/example_dags/example_time_delta_sensor_async.py
[2026-04-21T02:00:52.376+0000] {processor.py:830} INFO - Processing file /home/airflow/.local/lib/python3.8/site-packages/airflow/example_dags/example_time_delta_sensor_async.py for tasks to queue
[2026-04-21T02:00:52.378+0000] {logging_mixin.py:188} INFO - [2026-04-21T02:00:52.378+0000] {dagbag.py:538} INFO - Filling up the DagBag from /home/airflow/.local/lib/python3.8/site-packages/airflow/example_dags/example_time_delta_sensor_async.py
[2026-04-21T02:00:52.384+0000] {processor.py:840} INFO - DAG(s) 'example_time_delta_sensor_async' retrieved from /home/airflow/.local/lib/python3.8/site-packages/airflow/example_dags/example_time_delta_sensor_async.py
[2026-04-21T02:00:52.409+0000] {logging_mixin.py:188} INFO - [2026-04-21T02:00:52.409+0000] {dag.py:3036} INFO - Sync 1 DAGs
[2026-04-21T02:00:52.424+0000] {logging_mixin.py:188} INFO - [2026-04-21T02:00:52.424+0000] {dag.py:3823} INFO - Setting next_dagrun for example_time_delta_sensor_async to None, run_after=None
[2026-04-21T02:00:52.443+0000] {processor.py:183} INFO - Processing /home/airflow/.local/lib/python3.8/site-packages/airflow/example_dags/example_time_delta_sensor_async.py took 0.074 seconds
[2026-04-21T02:01:22.509+0000] {processor.py:161} INFO - Started process (PID=3715271) to work on /home/airflow/.local/lib/python3.8/site-packages/airflow/example_dags/example_time_delta_sensor_async.py
[2026-04-21T02:01:22.511+0000] {processor.py:830} INFO - Processing file /home/airflow/.local/lib/python3.8/site-packages/airflow/example_dags/example_time_delta_sensor_async.py for tasks to queue
[2026-04-21T02:01:22.513+0000] {logging_mixin.py:188} INFO - [2026-04-21T02:01:22.513+0000] {dagbag.py:538} INFO - Filling up the DagBag from /home/airflow/.local/lib/python3.8/site-packages/airflow/example_dags/example_time_delta_sensor_async.py
[2026-04-21T02:01:22.520+0000] {processor.py:840} INFO - DAG(s) 'example_time_delta_sensor_async' retrieved from /home/airflow/.local/lib/python3.8/site-packages/airflow/example_dags/example_time_delta_sensor_async.py
[2026-04-21T02:01:22.544+0000] {logging_mixin.py:188} INFO - [2026-04-21T02:01:22.544+0000] {dag.py:3036} INFO - Sync 1 DAGs
[2026-04-21T02:01:22.557+0000] {logging_mixin.py:188} INFO - [2026-04-21T02:01:22.557+0000] {dag.py:3823} INFO - Setting next_dagrun for example_time_delta_sensor_async to None, run_after=None
[2026-04-21T02:01:22.578+0000] {processor.py:183} INFO - Processing /home/airflow/.local/lib/python3.8/site-packages/airflow/example_dags/example_time_delta_sensor_async.py took 0.074 seconds
[2026-04-21T02:01:52.930+0000] {processor.py:161} INFO - Started process (PID=3715328) to work on /home/airflow/.local/lib/python3.8/site-packages/airflow/example_dags/example_time_delta_sensor_async.py
[2026-04-21T02:01:52.932+0000] {processor.py:830} INFO - Processing file /home/airflow/.local/lib/python3.8/site-packages/airflow/example_dags/example_time_delta_sensor_async.py for tasks to queue
[2026-04-21T02:01:52.935+0000] {logging_mixin.py:188} INFO - [2026-04-21T02:01:52.934+0000] {dagbag.py:538} INFO - Filling up the DagBag from /home/airflow/.local/lib/python3.8/site-packages/airflow/example_dags/example_time_delta_sensor_async.py
[2026-04-21T02:01:52.941+0000] {processor.py:840} INFO - DAG(s) 'example_time_delta_sensor_async' retrieved from /home/airflow/.local/lib/python3.8/site-packages/airflow/example_dags/example_time_delta_sensor_async.py
[2026-04-21T02:01:52.966+0000] {logging_mixin.py:188} INFO - [2026-04-21T02:01:52.966+0000] {dag.py:3036} INFO - Sync 1 DAGs
[2026-04-21T02:01:52.980+0000] {logging_mixin.py:188} INFO - [2026-04-21T02:01:52.980+0000] {dag.py:3823} INFO - Setting next_dagrun for example_time_delta_sensor_async to None, run_after=None
[2026-04-21T02:01:52.999+0000] {processor.py:183} INFO - Processing /home/airflow/.local/lib/python3.8/site-packages/airflow/example_dags/example_time_delta_sensor_async.py took 0.074 seconds
[2026-04-21T02:02:23.053+0000] {processor.py:161} INFO - Started process (PID=3715385) to work on /home/airflow/.local/lib/python3.8/site-packages/airflow/example_dags/example_time_delta_sensor_async.py
[2026-04-21T02:02:23.055+0000] {processor.py:830} INFO - Processing file /home/airflow/.local/lib/python3.8/site-packages/airflow/example_dags/example_time_delta_sensor_async.py for tasks to queue
[2026-04-21T02:02:23.057+0000] {logging_mixin.py:188} INFO - [2026-04-21T02:02:23.057+0000] {dagbag.py:538} INFO - Filling up the DagBag from /home/airflow/.local/lib/python3.8/site-packages/airflow/example_dags/example_time_delta_sensor_async.py
[2026-04-21T02:02:23.064+0000] {processor.py:840} INFO - DAG(s) 'example_time_delta_sensor_async' retrieved from /home/airflow/.local/lib/python3.8/site-packages/airflow/example_dags/example_time_delta_sensor_async.py
[2026-04-21T02:02:23.089+0000] {logging_mixin.py:188} INFO - [2026-04-21T02:02:23.089+0000] {dag.py:3036} INFO - Sync 1 DAGs
[2026-04-21T02:02:23.103+0000] {logging_mixin.py:188} INFO - [2026-04-21T02:02:23.102+0000] {dag.py:3823} INFO - Setting next_dagrun for example_time_delta_sensor_async to None, run_after=None
[2026-04-21T02:02:23.121+0000] {processor.py:183} INFO - Processing /home/airflow/.local/lib/python3.8/site-packages/airflow/example_dags/example_time_delta_sensor_async.py took 0.073 seconds
[2026-04-21T02:02:53.378+0000] {processor.py:161} INFO - Started process (PID=3715442) to work on /home/airflow/.local/lib/python3.8/site-packages/airflow/example_dags/example_time_delta_sensor_async.py
[2026-04-21T02:02:53.381+0000] {processor.py:830} INFO - Processing file /home/airflow/.local/lib/python3.8/site-packages/airflow/example_dags/example_time_delta_sensor_async.py for tasks to queue
[2026-04-21T02:02:53.383+0000] {logging_mixin.py:188} INFO - [2026-04-21T02:02:53.382+0000] {dagbag.py:538} INFO - Filling up the DagBag from /home/airflow/.local/lib/python3.8/site-packages/airflow/example_dags/example_time_delta_sensor_async.py
[2026-04-21T02:02:53.389+0000] {processor.py:840} INFO - DAG(s) 'example_time_delta_sensor_async' retrieved from /home/airflow/.local/lib/python3.8/site-packages/airflow/example_dags/example_time_delta_sensor_async.py
[2026-04-21T02:02:53.413+0000] {logging_mixin.py:188} INFO - [2026-04-21T02:02:53.413+0000] {dag.py:3036} INFO - Sync 1 DAGs
[2026-04-21T02:02:53.427+0000] {logging_mixin.py:188} INFO - [2026-04-21T02:02:53.427+0000] {dag.py:3823} INFO - Setting next_dagrun for example_time_delta_sensor_async to None, run_after=None
[2026-04-21T02:02:53.445+0000] {processor.py:183} INFO - Processing /home/airflow/.local/lib/python3.8/site-packages/airflow/example_dags/example_time_delta_sensor_async.py took 0.071 seconds
[2026-04-21T02:03:24.220+0000] {processor.py:161} INFO - Started process (PID=3715496) to work on /home/airflow/.local/lib/python3.8/site-packages/airflow/example_dags/example_time_delta_sensor_async.py
[2026-04-21T02:03:24.222+0000] {processor.py:830} INFO - Processing file /home/airflow/.local/lib/python3.8/site-packages/airflow/example_dags/example_time_delta_sensor_async.py for tasks to queue
[2026-04-21T02:03:24.224+0000] {logging_mixin.py:188} INFO - [2026-04-21T02:03:24.224+0000] {dagbag.py:538} INFO - Filling up the DagBag from /home/airflow/.local/lib/python3.8/site-packages/airflow/example_dags/example_time_delta_sensor_async.py
[2026-04-21T02:03:24.230+0000] {processor.py:840} INFO - DAG(s) 'example_time_delta_sensor_async' retrieved from /home/airflow/.local/lib/python3.8/site-packages/airflow/example_dags/example_time_delta_sensor_async.py
[2026-04-21T02:03:24.255+0000] {logging_mixin.py:188} INFO - [2026-04-21T02:03:24.255+0000] {dag.py:3036} INFO - Sync 1 DAGs
[2026-04-21T02:03:24.269+0000] {logging_mixin.py:188} INFO - [2026-04-21T02:03:24.269+0000] {dag.py:3823} INFO - Setting next_dagrun for example_time_delta_sensor_async to None, run_after=None
[2026-04-21T02:03:24.287+0000] {processor.py:183} INFO - Processing /home/airflow/.local/lib/python3.8/site-packages/airflow/example_dags/example_time_delta_sensor_async.py took 0.071 seconds
[2026-04-21T02:03:54.330+0000] {processor.py:161} INFO - Started process (PID=3715551) to work on /home/airflow/.local/lib/python3.8/site-packages/airflow/example_dags/example_time_delta_sensor_async.py
[2026-04-21T02:03:54.332+0000] {processor.py:830} INFO - Processing file /home/airflow/.local/lib/python3.8/site-packages/airflow/example_dags/example_time_delta_sensor_async.py for tasks to queue
[2026-04-21T02:03:54.334+0000] {logging_mixin.py:188} INFO - [2026-04-21T02:03:54.334+0000] {dagbag.py:538} INFO - Filling up the DagBag from /home/airflow/.local/lib/python3.8/site-packages/airflow/example_dags/example_time_delta_sensor_async.py
[2026-04-21T02:03:54.340+0000] {processor.py:840} INFO - DAG(s) 'example_time_delta_sensor_async' retrieved from /home/airflow/.local/lib/python3.8/site-packages/airflow/example_dags/example_time_delta_sensor_async.py
[2026-04-21T02:03:54.365+0000] {logging_mixin.py:188} INFO - [2026-04-21T02:03:54.364+0000] {dag.py:3036} INFO - Sync 1 DAGs
[2026-04-21T02:03:54.378+0000] {logging_mixin.py:188} INFO - [2026-04-21T02:03:54.378+0000] {dag.py:3823} INFO - Setting next_dagrun for example_time_delta_sensor_async to None, run_after=None
[2026-04-21T02:03:54.396+0000] {processor.py:183} INFO - Processing /home/airflow/.local/lib/python3.8/site-packages/airflow/example_dags/example_time_delta_sensor_async.py took 0.071 seconds
[2026-04-21T02:04:24.491+0000] {processor.py:161} INFO - Started process (PID=3715608) to work on /home/airflow/.local/lib/python3.8/site-packages/airflow/example_dags/example_time_delta_sensor_async.py
[2026-04-21T02:04:24.492+0000] {processor.py:830} INFO - Processing file /home/airflow/.local/lib/python3.8/site-packages/airflow/example_dags/example_time_delta_sensor_async.py for tasks to queue
[2026-04-21T02:04:24.495+0000] {logging_mixin.py:188} INFO - [2026-04-21T02:04:24.494+0000] {dagbag.py:538} INFO - Filling up the DagBag from /home/airflow/.local/lib/python3.8/site-packages/airflow/example_dags/example_time_delta_sensor_async.py
[2026-04-21T02:04:24.501+0000] {processor.py:840} INFO - DAG(s) 'example_time_delta_sensor_async' retrieved from /home/airflow/.local/lib/python3.8/site-packages/airflow/example_dags/example_time_delta_sensor_async.py
[2026-04-21T02:04:24.524+0000] {logging_mixin.py:188} INFO - [2026-04-21T02:04:24.524+0000] {dag.py:3036} INFO - Sync 1 DAGs
[2026-04-21T02:04:24.538+0000] {logging_mixin.py:188} INFO - [2026-04-21T02:04:24.538+0000] {dag.py:3823} INFO - Setting next_dagrun for example_time_delta_sensor_async to None, run_after=None
[2026-04-21T02:04:24.556+0000] {processor.py:183} INFO - Processing /home/airflow/.local/lib/python3.8/site-packages/airflow/example_dags/example_time_delta_sensor_async.py took 0.071 seconds
[2026-04-21T02:04:54.875+0000] {processor.py:161} INFO - Started process (PID=3715665) to work on /home/airflow/.local/lib/python3.8/site-packages/airflow/example_dags/example_time_delta_sensor_async.py
[2026-04-21T02:04:54.876+0000] {processor.py:830} INFO - Processing file /home/airflow/.local/lib/python3.8/site-packages/airflow/example_dags/example_time_delta_sensor_async.py for tasks to queue
[2026-04-21T02:04:54.879+0000] {logging_mixin.py:188} INFO - [2026-04-21T02:04:54.878+0000] {dagbag.py:538} INFO - Filling up the DagBag from /home/airflow/.local/lib/python3.8/site-packages/airflow/example_dags/example_time_delta_sensor_async.py
[2026-04-21T02:04:54.885+0000] {processor.py:840} INFO - DAG(s) 'example_time_delta_sensor_async' retrieved from /home/airflow/.local/lib/python3.8/site-packages/airflow/example_dags/example_time_delta_sensor_async.py
[2026-04-21T02:04:54.909+0000] {logging_mixin.py:188} INFO - [2026-04-21T02:04:54.909+0000] {dag.py:3036} INFO - Sync 1 DAGs
[2026-04-21T02:04:54.923+0000] {logging_mixin.py:188} INFO - [2026-04-21T02:04:54.923+0000] {dag.py:3823} INFO - Setting next_dagrun for example_time_delta_sensor_async to None, run_after=None
[2026-04-21T02:04:54.942+0000] {processor.py:183} INFO - Processing /home/airflow/.local/lib/python3.8/site-packages/airflow/example_dags/example_time_delta_sensor_async.py took 0.072 seconds
[2026-04-21T02:05:25.154+0000] {processor.py:161} INFO - Started process (PID=3715722) to work on /home/airflow/.local/lib/python3.8/site-packages/airflow/example_dags/example_time_delta_sensor_async.py
[2026-04-21T02:05:25.156+0000] {processor.py:830} INFO - Processing file /home/airflow/.local/lib/python3.8/site-packages/airflow/example_dags/example_time_delta_sensor_async.py for tasks to queue
[2026-04-21T02:05:25.158+0000] {logging_mixin.py:188} INFO - [2026-04-21T02:05:25.158+0000] {dagbag.py:538} INFO - Filling up the DagBag from /home/airflow/.local/lib/python3.8/site-packages/airflow/example_dags/example_time_delta_sensor_async.py
[2026-04-21T02:05:25.164+0000] {processor.py:840} INFO - DAG(s) 'example_time_delta_sensor_async' retrieved from /home/airflow/.local/lib/python3.8/site-packages/airflow/example_dags/example_time_delta_sensor_async.py
[2026-04-21T02:05:25.189+0000] {logging_mixin.py:188} INFO - [2026-04-21T02:05:25.189+0000] {dag.py:3036} INFO - Sync 1 DAGs
[2026-04-21T02:05:25.204+0000] {logging_mixin.py:188} INFO - [2026-04-21T02:05:25.204+0000] {dag.py:3823} INFO - Setting next_dagrun for example_time_delta_sensor_async to None, run_after=None
[2026-04-21T02:05:25.224+0000] {processor.py:183} INFO - Processing /home/airflow/.local/lib/python3.8/site-packages/airflow/example_dags/example_time_delta_sensor_async.py took 0.075 seconds
[2026-04-21T02:05:55.408+0000] {processor.py:161} INFO - Started process (PID=3715780) to work on /home/airflow/.local/lib/python3.8/site-packages/airflow/example_dags/example_time_delta_sensor_async.py
[2026-04-21T02:05:55.410+0000] {processor.py:830} INFO - Processing file /home/airflow/.local/lib/python3.8/site-packages/airflow/example_dags/example_time_delta_sensor_async.py for tasks to queue
[2026-04-21T02:05:55.412+0000] {logging_mixin.py:188} INFO - [2026-04-21T02:05:55.412+0000] {dagbag.py:538} INFO - Filling up the DagBag from /home/airflow/.local/lib/python3.8/site-packages/airflow/example_dags/example_time_delta_sensor_async.py
[2026-04-21T02:05:55.419+0000] {processor.py:840} INFO - DAG(s) 'example_time_delta_sensor_async' retrieved from /home/airflow/.local/lib/python3.8/site-packages/airflow/example_dags/example_time_delta_sensor_async.py
[2026-04-21T02:05:55.447+0000] {logging_mixin.py:188} INFO - [2026-04-21T02:05:55.447+0000] {dag.py:3036} INFO - Sync 1 DAGs
[2026-04-21T02:05:55.463+0000] {logging_mixin.py:188} INFO - [2026-04-21T02:05:55.462+0000] {dag.py:3823} INFO - Setting next_dagrun for example_time_delta_sensor_async to None, run_after=None
[2026-04-21T02:05:55.482+0000] {processor.py:183} INFO - Processing /home/airflow/.local/lib/python3.8/site-packages/airflow/example_dags/example_time_delta_sensor_async.py took 0.079 seconds
[2026-04-21T02:06:25.670+0000] {processor.py:161} INFO - Started process (PID=3715837) to work on /home/airflow/.local/lib/python3.8/site-packages/airflow/example_dags/example_time_delta_sensor_async.py
[2026-04-21T02:06:25.672+0000] {processor.py:830} INFO - Processing file /home/airflow/.local/lib/python3.8/site-packages/airflow/example_dags/example_time_delta_sensor_async.py for tasks to queue
[2026-04-21T02:06:25.674+0000] {logging_mixin.py:188} INFO - [2026-04-21T02:06:25.674+0000] {dagbag.py:538} INFO - Filling up the DagBag from /home/airflow/.local/lib/python3.8/site-packages/airflow/example_dags/example_time_delta_sensor_async.py
[2026-04-21T02:06:25.680+0000] {processor.py:840} INFO - DAG(s) 'example_time_delta_sensor_async' retrieved from /home/airflow/.local/lib/python3.8/site-packages/airflow/example_dags/example_time_delta_sensor_async.py
[2026-04-21T02:06:25.704+0000] {logging_mixin.py:188} INFO - [2026-04-21T02:06:25.704+0000] {dag.py:3036} INFO - Sync 1 DAGs
[2026-04-21T02:06:25.719+0000] {logging_mixin.py:188} INFO - [2026-04-21T02:06:25.718+0000] {dag.py:3823} INFO - Setting next_dagrun for example_time_delta_sensor_async to None, run_after=None
[2026-04-21T02:06:25.738+0000] {processor.py:183} INFO - Processing /home/airflow/.local/lib/python3.8/site-packages/airflow/example_dags/example_time_delta_sensor_async.py took 0.072 seconds
[2026-04-21T02:06:56.208+0000] {processor.py:161} INFO - Started process (PID=3715894) to work on /home/airflow/.local/lib/python3.8/site-packages/airflow/example_dags/example_time_delta_sensor_async.py
[2026-04-21T02:06:56.210+0000] {processor.py:830} INFO - Processing file /home/airflow/.local/lib/python3.8/site-packages/airflow/example_dags/example_time_delta_sensor_async.py for tasks to queue
[2026-04-21T02:06:56.212+0000] {logging_mixin.py:188} INFO - [2026-04-21T02:06:56.212+0000] {dagbag.py:538} INFO - Filling up the DagBag from /home/airflow/.local/lib/python3.8/site-packages/airflow/example_dags/example_time_delta_sensor_async.py
[2026-04-21T02:06:56.219+0000] {processor.py:840} INFO - DAG(s) 'example_time_delta_sensor_async' retrieved from /home/airflow/.local/lib/python3.8/site-packages/airflow/example_dags/example_time_delta_sensor_async.py
[2026-04-21T02:06:56.244+0000] {logging_mixin.py:188} INFO - [2026-04-21T02:06:56.243+0000] {dag.py:3036} INFO - Sync 1 DAGs
[2026-04-21T02:06:56.258+0000] {logging_mixin.py:188} INFO - [2026-04-21T02:06:56.258+0000] {dag.py:3823} INFO - Setting next_dagrun for example_time_delta_sensor_async to None, run_after=None
[2026-04-21T02:06:56.279+0000] {processor.py:183} INFO - Processing /home/airflow/.local/lib/python3.8/site-packages/airflow/example_dags/example_time_delta_sensor_async.py took 0.075 seconds
[2026-04-21T02:07:27.096+0000] {processor.py:161} INFO - Started process (PID=3715951) to work on /home/airflow/.local/lib/python3.8/site-packages/airflow/example_dags/example_time_delta_sensor_async.py
[2026-04-21T02:07:27.098+0000] {processor.py:830} INFO - Processing file /home/airflow/.local/lib/python3.8/site-packages/airflow/example_dags/example_time_delta_sensor_async.py for tasks to queue
[2026-04-21T02:07:27.100+0000] {logging_mixin.py:188} INFO - [2026-04-21T02:07:27.100+0000] {dagbag.py:538} INFO - Filling up the DagBag from /home/airflow/.local/lib/python3.8/site-packages/airflow/example_dags/example_time_delta_sensor_async.py
[2026-04-21T02:07:27.107+0000] {processor.py:840} INFO - DAG(s) 'example_time_delta_sensor_async' retrieved from /home/airflow/.local/lib/python3.8/site-packages/airflow/example_dags/example_time_delta_sensor_async.py
[2026-04-21T02:07:27.131+0000] {logging_mixin.py:188} INFO - [2026-04-21T02:07:27.130+0000] {dag.py:3036} INFO - Sync 1 DAGs
[2026-04-21T02:07:27.144+0000] {logging_mixin.py:188} INFO - [2026-04-21T02:07:27.144+0000] {dag.py:3823} INFO - Setting next_dagrun for example_time_delta_sensor_async to None, run_after=None
[2026-04-21T02:07:27.163+0000] {processor.py:183} INFO - Processing /home/airflow/.local/lib/python3.8/site-packages/airflow/example_dags/example_time_delta_sensor_async.py took 0.072 seconds
[2026-04-21T02:07:57.343+0000] {processor.py:161} INFO - Started process (PID=3716008) to work on /home/airflow/.local/lib/python3.8/site-packages/airflow/example_dags/example_time_delta_sensor_async.py
[2026-04-21T02:07:57.345+0000] {processor.py:830} INFO - Processing file /home/airflow/.local/lib/python3.8/site-packages/airflow/example_dags/example_time_delta_sensor_async.py for tasks to queue
[2026-04-21T02:07:57.348+0000] {logging_mixin.py:188} INFO - [2026-04-21T02:07:57.347+0000] {dagbag.py:538} INFO - Filling up the DagBag from /home/airflow/.local/lib/python3.8/site-packages/airflow/example_dags/example_time_delta_sensor_async.py
[2026-04-21T02:07:57.354+0000] {processor.py:840} INFO - DAG(s) 'example_time_delta_sensor_async' retrieved from /home/airflow/.local/lib/python3.8/site-packages/airflow/example_dags/example_time_delta_sensor_async.py
[2026-04-21T02:07:57.378+0000] {logging_mixin.py:188} INFO - [2026-04-21T02:07:57.378+0000] {dag.py:3036} INFO - Sync 1 DAGs
[2026-04-21T02:07:57.392+0000] {logging_mixin.py:188} INFO - [2026-04-21T02:07:57.392+0000] {dag.py:3823} INFO - Setting next_dagrun for example_time_delta_sensor_async to None, run_after=None
[2026-04-21T02:07:57.411+0000] {processor.py:183} INFO - Processing /home/airflow/.local/lib/python3.8/site-packages/airflow/example_dags/example_time_delta_sensor_async.py took 0.073 seconds
[2026-04-21T02:08:27.740+0000] {processor.py:161} INFO - Started process (PID=3716065) to work on /home/airflow/.local/lib/python3.8/site-packages/airflow/example_dags/example_time_delta_sensor_async.py
[2026-04-21T02:08:27.742+0000] {processor.py:830} INFO - Processing file /home/airflow/.local/lib/python3.8/site-packages/airflow/example_dags/example_time_delta_sensor_async.py for tasks to queue
[2026-04-21T02:08:27.744+0000] {logging_mixin.py:188} INFO - [2026-04-21T02:08:27.744+0000] {dagbag.py:538} INFO - Filling up the DagBag from /home/airflow/.local/lib/python3.8/site-packages/airflow/example_dags/example_time_delta_sensor_async.py
[2026-04-21T02:08:27.751+0000] {processor.py:840} INFO - DAG(s) 'example_time_delta_sensor_async' retrieved from /home/airflow/.local/lib/python3.8/site-packages/airflow/example_dags/example_time_delta_sensor_async.py
[2026-04-21T02:08:27.775+0000] {logging_mixin.py:188} INFO - [2026-04-21T02:08:27.774+0000] {dag.py:3036} INFO - Sync 1 DAGs
[2026-04-21T02:08:27.789+0000] {logging_mixin.py:188} INFO - [2026-04-21T02:08:27.788+0000] {dag.py:3823} INFO - Setting next_dagrun for example_time_delta_sensor_async to None, run_after=None
[2026-04-21T02:08:27.808+0000] {processor.py:183} INFO - Processing /home/airflow/.local/lib/python3.8/site-packages/airflow/example_dags/example_time_delta_sensor_async.py took 0.072 seconds
[2026-04-21T02:08:57.968+0000] {processor.py:161} INFO - Started process (PID=3716122) to work on /home/airflow/.local/lib/python3.8/site-packages/airflow/example_dags/example_time_delta_sensor_async.py
[2026-04-21T02:08:57.970+0000] {processor.py:830} INFO - Processing file /home/airflow/.local/lib/python3.8/site-packages/airflow/example_dags/example_time_delta_sensor_async.py for tasks to queue
[2026-04-21T02:08:57.973+0000] {logging_mixin.py:188} INFO - [2026-04-21T02:08:57.972+0000] {dagbag.py:538} INFO - Filling up the DagBag from /home/airflow/.local/lib/python3.8/site-packages/airflow/example_dags/example_time_delta_sensor_async.py
[2026-04-21T02:08:57.979+0000] {processor.py:840} INFO - DAG(s) 'example_time_delta_sensor_async' retrieved from /home/airflow/.local/lib/python3.8/site-packages/airflow/example_dags/example_time_delta_sensor_async.py
[2026-04-21T02:08:58.003+0000] {logging_mixin.py:188} INFO - [2026-04-21T02:08:58.003+0000] {dag.py:3036} INFO - Sync 1 DAGs
[2026-04-21T02:08:58.017+0000] {logging_mixin.py:188} INFO - [2026-04-21T02:08:58.017+0000] {dag.py:3823} INFO - Setting next_dagrun for example_time_delta_sensor_async to None, run_after=None
[2026-04-21T02:08:58.038+0000] {processor.py:183} INFO - Processing /home/airflow/.local/lib/python3.8/site-packages/airflow/example_dags/example_time_delta_sensor_async.py took 0.075 seconds
[2026-04-21T02:09:28.220+0000] {processor.py:161} INFO - Started process (PID=3716180) to work on /home/airflow/.local/lib/python3.8/site-packages/airflow/example_dags/example_time_delta_sensor_async.py
[2026-04-21T02:09:28.222+0000] {processor.py:830} INFO - Processing file /home/airflow/.local/lib/python3.8/site-packages/airflow/example_dags/example_time_delta_sensor_async.py for tasks to queue
[2026-04-21T02:09:28.225+0000] {logging_mixin.py:188} INFO - [2026-04-21T02:09:28.224+0000] {dagbag.py:538} INFO - Filling up the DagBag from /home/airflow/.local/lib/python3.8/site-packages/airflow/example_dags/example_time_delta_sensor_async.py
[2026-04-21T02:09:28.231+0000] {processor.py:840} INFO - DAG(s) 'example_time_delta_sensor_async' retrieved from /home/airflow/.local/lib/python3.8/site-packages/airflow/example_dags/example_time_delta_sensor_async.py
[2026-04-21T02:09:28.256+0000] {logging_mixin.py:188} INFO - [2026-04-21T02:09:28.255+0000] {dag.py:3036} INFO - Sync 1 DAGs
[2026-04-21T02:09:28.270+0000] {logging_mixin.py:188} INFO - [2026-04-21T02:09:28.270+0000] {dag.py:3823} INFO - Setting next_dagrun for example_time_delta_sensor_async to None, run_after=None
[2026-04-21T02:09:28.290+0000] {processor.py:183} INFO - Processing /home/airflow/.local/lib/python3.8/site-packages/airflow/example_dags/example_time_delta_sensor_async.py took 0.075 seconds
[2026-04-21T02:09:58.407+0000] {processor.py:161} INFO - Started process (PID=3716237) to work on /home/airflow/.local/lib/python3.8/site-packages/airflow/example_dags/example_time_delta_sensor_async.py
[2026-04-21T02:09:58.409+0000] {processor.py:830} INFO - Processing file /home/airflow/.local/lib/python3.8/site-packages/airflow/example_dags/example_time_delta_sensor_async.py for tasks to queue
[2026-04-21T02:09:58.411+0000] {logging_mixin.py:188} INFO - [2026-04-21T02:09:58.411+0000] {dagbag.py:538} INFO - Filling up the DagBag from /home/airflow/.local/lib/python3.8/site-packages/airflow/example_dags/example_time_delta_sensor_async.py
[2026-04-21T02:09:58.417+0000] {processor.py:840} INFO - DAG(s) 'example_time_delta_sensor_async' retrieved from /home/airflow/.local/lib/python3.8/site-packages/airflow/example_dags/example_time_delta_sensor_async.py
[2026-04-21T02:09:58.441+0000] {logging_mixin.py:188} INFO - [2026-04-21T02:09:58.441+0000] {dag.py:3036} INFO - Sync 1 DAGs
[2026-04-21T02:09:58.455+0000] {logging_mixin.py:188} INFO - [2026-04-21T02:09:58.455+0000] {dag.py:3823} INFO - Setting next_dagrun for example_time_delta_sensor_async to None, run_after=None
[2026-04-21T02:09:58.473+0000] {processor.py:183} INFO - Processing /home/airflow/.local/lib/python3.8/site-packages/airflow/example_dags/example_time_delta_sensor_async.py took 0.071 seconds
[2026-04-21T02:10:28.555+0000] {processor.py:161} INFO - Started process (PID=3716294) to work on /home/airflow/.local/lib/python3.8/site-packages/airflow/example_dags/example_time_delta_sensor_async.py
[2026-04-21T02:10:28.558+0000] {processor.py:830} INFO - Processing file /home/airflow/.local/lib/python3.8/site-packages/airflow/example_dags/example_time_delta_sensor_async.py for tasks to queue
[2026-04-21T02:10:28.560+0000] {logging_mixin.py:188} INFO - [2026-04-21T02:10:28.560+0000] {dagbag.py:538} INFO - Filling up the DagBag from /home/airflow/.local/lib/python3.8/site-packages/airflow/example_dags/example_time_delta_sensor_async.py
[2026-04-21T02:10:28.566+0000] {processor.py:840} INFO - DAG(s) 'example_time_delta_sensor_async' retrieved from /home/airflow/.local/lib/python3.8/site-packages/airflow/example_dags/example_time_delta_sensor_async.py
[2026-04-21T02:10:28.592+0000] {logging_mixin.py:188} INFO - [2026-04-21T02:10:28.591+0000] {dag.py:3036} INFO - Sync 1 DAGs
[2026-04-21T02:10:28.606+0000] {logging_mixin.py:188} INFO - [2026-04-21T02:10:28.606+0000] {dag.py:3823} INFO - Setting next_dagrun for example_time_delta_sensor_async to None, run_after=None
[2026-04-21T02:10:28.625+0000] {processor.py:183} INFO - Processing /home/airflow/.local/lib/python3.8/site-packages/airflow/example_dags/example_time_delta_sensor_async.py took 0.074 seconds
[2026-04-21T02:10:59.106+0000] {processor.py:161} INFO - Started process (PID=3716351) to work on /home/airflow/.local/lib/python3.8/site-packages/airflow/example_dags/example_time_delta_sensor_async.py
[2026-04-21T02:10:59.108+0000] {processor.py:830} INFO - Processing file /home/airflow/.local/lib/python3.8/site-packages/airflow/example_dags/example_time_delta_sensor_async.py for tasks to queue
[2026-04-21T02:10:59.110+0000] {logging_mixin.py:188} INFO - [2026-04-21T02:10:59.110+0000] {dagbag.py:538} INFO - Filling up the DagBag from /home/airflow/.local/lib/python3.8/site-packages/airflow/example_dags/example_time_delta_sensor_async.py
[2026-04-21T02:10:59.117+0000] {processor.py:840} INFO - DAG(s) 'example_time_delta_sensor_async' retrieved from /home/airflow/.local/lib/python3.8/site-packages/airflow/example_dags/example_time_delta_sensor_async.py
[2026-04-21T02:10:59.141+0000] {logging_mixin.py:188} INFO - [2026-04-21T02:10:59.140+0000] {dag.py:3036} INFO - Sync 1 DAGs
[2026-04-21T02:10:59.155+0000] {logging_mixin.py:188} INFO - [2026-04-21T02:10:59.154+0000] {dag.py:3823} INFO - Setting next_dagrun for example_time_delta_sensor_async to None, run_after=None
[2026-04-21T02:10:59.174+0000] {processor.py:183} INFO - Processing /home/airflow/.local/lib/python3.8/site-packages/airflow/example_dags/example_time_delta_sensor_async.py took 0.072 seconds
[2026-04-21T02:11:29.389+0000] {processor.py:161} INFO - Started process (PID=3716408) to work on /home/airflow/.local/lib/python3.8/site-packages/airflow/example_dags/example_time_delta_sensor_async.py
[2026-04-21T02:11:29.391+0000] {processor.py:830} INFO - Processing file /home/airflow/.local/lib/python3.8/site-packages/airflow/example_dags/example_time_delta_sensor_async.py for tasks to queue
[2026-04-21T02:11:29.393+0000] {logging_mixin.py:188} INFO - [2026-04-21T02:11:29.393+0000] {dagbag.py:538} INFO - Filling up the DagBag from /home/airflow/.local/lib/python3.8/site-packages/airflow/example_dags/example_time_delta_sensor_async.py
[2026-04-21T02:11:29.400+0000] {processor.py:840} INFO - DAG(s) 'example_time_delta_sensor_async' retrieved from /home/airflow/.local/lib/python3.8/site-packages/airflow/example_dags/example_time_delta_sensor_async.py
[2026-04-21T02:11:29.424+0000] {logging_mixin.py:188} INFO - [2026-04-21T02:11:29.424+0000] {dag.py:3036} INFO - Sync 1 DAGs
[2026-04-21T02:11:29.439+0000] {logging_mixin.py:188} INFO - [2026-04-21T02:11:29.439+0000] {dag.py:3823} INFO - Setting next_dagrun for example_time_delta_sensor_async to None, run_after=None
[2026-04-21T02:11:29.458+0000] {processor.py:183} INFO - Processing /home/airflow/.local/lib/python3.8/site-packages/airflow/example_dags/example_time_delta_sensor_async.py took 0.074 seconds
[2026-04-21T02:11:59.707+0000] {processor.py:161} INFO - Started process (PID=3716465) to work on /home/airflow/.local/lib/python3.8/site-packages/airflow/example_dags/example_time_delta_sensor_async.py
[2026-04-21T02:11:59.709+0000] {processor.py:830} INFO - Processing file /home/airflow/.local/lib/python3.8/site-packages/airflow/example_dags/example_time_delta_sensor_async.py for tasks to queue
[2026-04-21T02:11:59.711+0000] {logging_mixin.py:188} INFO - [2026-04-21T02:11:59.711+0000] {dagbag.py:538} INFO - Filling up the DagBag from /home/airflow/.local/lib/python3.8/site-packages/airflow/example_dags/example_time_delta_sensor_async.py
[2026-04-21T02:11:59.717+0000] {processor.py:840} INFO - DAG(s) 'example_time_delta_sensor_async' retrieved from /home/airflow/.local/lib/python3.8/site-packages/airflow/example_dags/example_time_delta_sensor_async.py
[2026-04-21T02:11:59.741+0000] {logging_mixin.py:188} INFO - [2026-04-21T02:11:59.741+0000] {dag.py:3036} INFO - Sync 1 DAGs
[2026-04-21T02:11:59.755+0000] {logging_mixin.py:188} INFO - [2026-04-21T02:11:59.755+0000] {dag.py:3823} INFO - Setting next_dagrun for example_time_delta_sensor_async to None, run_after=None
[2026-04-21T02:11:59.773+0000] {processor.py:183} INFO - Processing /home/airflow/.local/lib/python3.8/site-packages/airflow/example_dags/example_time_delta_sensor_async.py took 0.072 seconds
[2026-04-21T02:12:29.950+0000] {processor.py:161} INFO - Started process (PID=3716522) to work on /home/airflow/.local/lib/python3.8/site-packages/airflow/example_dags/example_time_delta_sensor_async.py
[2026-04-21T02:12:29.952+0000] {processor.py:830} INFO - Processing file /home/airflow/.local/lib/python3.8/site-packages/airflow/example_dags/example_time_delta_sensor_async.py for tasks to queue
[2026-04-21T02:12:29.955+0000] {logging_mixin.py:188} INFO - [2026-04-21T02:12:29.954+0000] {dagbag.py:538} INFO - Filling up the DagBag from /home/airflow/.local/lib/python3.8/site-packages/airflow/example_dags/example_time_delta_sensor_async.py
[2026-04-21T02:12:29.961+0000] {processor.py:840} INFO - DAG(s) 'example_time_delta_sensor_async' retrieved from /home/airflow/.local/lib/python3.8/site-packages/airflow/example_dags/example_time_delta_sensor_async.py
[2026-04-21T02:12:29.984+0000] {logging_mixin.py:188} INFO - [2026-04-21T02:12:29.984+0000] {dag.py:3036} INFO - Sync 1 DAGs
[2026-04-21T02:12:29.998+0000] {logging_mixin.py:188} INFO - [2026-04-21T02:12:29.998+0000] {dag.py:3823} INFO - Setting next_dagrun for example_time_delta_sensor_async to None, run_after=None
[2026-04-21T02:12:30.016+0000] {processor.py:183} INFO - Processing /home/airflow/.local/lib/python3.8/site-packages/airflow/example_dags/example_time_delta_sensor_async.py took 0.070 seconds
[2026-04-21T02:13:00.262+0000] {processor.py:161} INFO - Started process (PID=3716579) to work on /home/airflow/.local/lib/python3.8/site-packages/airflow/example_dags/example_time_delta_sensor_async.py
[2026-04-21T02:13:00.263+0000] {processor.py:830} INFO - Processing file /home/airflow/.local/lib/python3.8/site-packages/airflow/example_dags/example_time_delta_sensor_async.py for tasks to queue
[2026-04-21T02:13:00.266+0000] {logging_mixin.py:188} INFO - [2026-04-21T02:13:00.265+0000] {dagbag.py:538} INFO - Filling up the DagBag from /home/airflow/.local/lib/python3.8/site-packages/airflow/example_dags/example_time_delta_sensor_async.py
[2026-04-21T02:13:00.272+0000] {processor.py:840} INFO - DAG(s) 'example_time_delta_sensor_async' retrieved from /home/airflow/.local/lib/python3.8/site-packages/airflow/example_dags/example_time_delta_sensor_async.py
[2026-04-21T02:13:00.295+0000] {logging_mixin.py:188} INFO - [2026-04-21T02:13:00.295+0000] {dag.py:3036} INFO - Sync 1 DAGs
[2026-04-21T02:13:00.309+0000] {logging_mixin.py:188} INFO - [2026-04-21T02:13:00.309+0000] {dag.py:3823} INFO - Setting next_dagrun for example_time_delta_sensor_async to None, run_after=None
[2026-04-21T02:13:00.328+0000] {processor.py:183} INFO - Processing /home/airflow/.local/lib/python3.8/site-packages/airflow/example_dags/example_time_delta_sensor_async.py took 0.071 seconds
[2026-04-21T02:13:30.469+0000] {processor.py:161} INFO - Started process (PID=3716636) to work on /home/airflow/.local/lib/python3.8/site-packages/airflow/example_dags/example_time_delta_sensor_async.py
[2026-04-21T02:13:30.471+0000] {processor.py:830} INFO - Processing file /home/airflow/.local/lib/python3.8/site-packages/airflow/example_dags/example_time_delta_sensor_async.py for tasks to queue
[2026-04-21T02:13:30.474+0000] {logging_mixin.py:188} INFO - [2026-04-21T02:13:30.473+0000] {dagbag.py:538} INFO - Filling up the DagBag from /home/airflow/.local/lib/python3.8/site-packages/airflow/example_dags/example_time_delta_sensor_async.py
[2026-04-21T02:13:30.480+0000] {processor.py:840} INFO - DAG(s) 'example_time_delta_sensor_async' retrieved from /home/airflow/.local/lib/python3.8/site-packages/airflow/example_dags/example_time_delta_sensor_async.py
[2026-04-21T02:13:30.504+0000] {logging_mixin.py:188} INFO - [2026-04-21T02:13:30.503+0000] {dag.py:3036} INFO - Sync 1 DAGs
[2026-04-21T02:13:30.518+0000] {logging_mixin.py:188} INFO - [2026-04-21T02:13:30.518+0000] {dag.py:3823} INFO - Setting next_dagrun for example_time_delta_sensor_async to None, run_after=None
[2026-04-21T02:13:30.536+0000] {processor.py:183} INFO - Processing /home/airflow/.local/lib/python3.8/site-packages/airflow/example_dags/example_time_delta_sensor_async.py took 0.072 seconds
[2026-04-21T02:14:00.866+0000] {processor.py:161} INFO - Started process (PID=3716693) to work on /home/airflow/.local/lib/python3.8/site-packages/airflow/example_dags/example_time_delta_sensor_async.py
[2026-04-21T02:14:00.869+0000] {processor.py:830} INFO - Processing file /home/airflow/.local/lib/python3.8/site-packages/airflow/example_dags/example_time_delta_sensor_async.py for tasks to queue
[2026-04-21T02:14:00.872+0000] {logging_mixin.py:188} INFO - [2026-04-21T02:14:00.871+0000] {dagbag.py:538} INFO - Filling up the DagBag from /home/airflow/.local/lib/python3.8/site-packages/airflow/example_dags/example_time_delta_sensor_async.py
[2026-04-21T02:14:00.881+0000] {processor.py:840} INFO - DAG(s) 'example_time_delta_sensor_async' retrieved from /home/airflow/.local/lib/python3.8/site-packages/airflow/example_dags/example_time_delta_sensor_async.py
[2026-04-21T02:14:00.915+0000] {logging_mixin.py:188} INFO - [2026-04-21T02:14:00.915+0000] {dag.py:3036} INFO - Sync 1 DAGs
[2026-04-21T02:14:00.937+0000] {logging_mixin.py:188} INFO - [2026-04-21T02:14:00.937+0000] {dag.py:3823} INFO - Setting next_dagrun for example_time_delta_sensor_async to None, run_after=None
[2026-04-21T02:14:00.965+0000] {processor.py:183} INFO - Processing /home/airflow/.local/lib/python3.8/site-packages/airflow/example_dags/example_time_delta_sensor_async.py took 0.104 seconds
[2026-04-21T02:14:31.230+0000] {processor.py:161} INFO - Started process (PID=3716750) to work on /home/airflow/.local/lib/python3.8/site-packages/airflow/example_dags/example_time_delta_sensor_async.py
[2026-04-21T02:14:31.232+0000] {processor.py:830} INFO - Processing file /home/airflow/.local/lib/python3.8/site-packages/airflow/example_dags/example_time_delta_sensor_async.py for tasks to queue
[2026-04-21T02:14:31.234+0000] {logging_mixin.py:188} INFO - [2026-04-21T02:14:31.234+0000] {dagbag.py:538} INFO - Filling up the DagBag from /home/airflow/.local/lib/python3.8/site-packages/airflow/example_dags/example_time_delta_sensor_async.py
[2026-04-21T02:14:31.241+0000] {processor.py:840} INFO - DAG(s) 'example_time_delta_sensor_async' retrieved from /home/airflow/.local/lib/python3.8/site-packages/airflow/example_dags/example_time_delta_sensor_async.py
[2026-04-21T02:14:31.266+0000] {logging_mixin.py:188} INFO - [2026-04-21T02:14:31.265+0000] {dag.py:3036} INFO - Sync 1 DAGs
[2026-04-21T02:14:31.281+0000] {logging_mixin.py:188} INFO - [2026-04-21T02:14:31.280+0000] {dag.py:3823} INFO - Setting next_dagrun for example_time_delta_sensor_async to None, run_after=None
[2026-04-21T02:14:31.300+0000] {processor.py:183} INFO - Processing /home/airflow/.local/lib/python3.8/site-packages/airflow/example_dags/example_time_delta_sensor_async.py took 0.075 seconds
[2026-04-21T02:15:01.630+0000] {processor.py:161} INFO - Started process (PID=3716807) to work on /home/airflow/.local/lib/python3.8/site-packages/airflow/example_dags/example_time_delta_sensor_async.py
[2026-04-21T02:15:01.632+0000] {processor.py:830} INFO - Processing file /home/airflow/.local/lib/python3.8/site-packages/airflow/example_dags/example_time_delta_sensor_async.py for tasks to queue
[2026-04-21T02:15:01.634+0000] {logging_mixin.py:188} INFO - [2026-04-21T02:15:01.634+0000] {dagbag.py:538} INFO - Filling up the DagBag from /home/airflow/.local/lib/python3.8/site-packages/airflow/example_dags/example_time_delta_sensor_async.py
[2026-04-21T02:15:01.640+0000] {processor.py:840} INFO - DAG(s) 'example_time_delta_sensor_async' retrieved from /home/airflow/.local/lib/python3.8/site-packages/airflow/example_dags/example_time_delta_sensor_async.py
[2026-04-21T02:15:01.664+0000] {logging_mixin.py:188} INFO - [2026-04-21T02:15:01.664+0000] {dag.py:3036} INFO - Sync 1 DAGs
[2026-04-21T02:15:01.678+0000] {logging_mixin.py:188} INFO - [2026-04-21T02:15:01.678+0000] {dag.py:3823} INFO - Setting next_dagrun for example_time_delta_sensor_async to None, run_after=None
[2026-04-21T02:15:01.697+0000] {processor.py:183} INFO - Processing /home/airflow/.local/lib/python3.8/site-packages/airflow/example_dags/example_time_delta_sensor_async.py took 0.072 seconds
[2026-04-21T02:15:31.899+0000] {processor.py:161} INFO - Started process (PID=3716864) to work on /home/airflow/.local/lib/python3.8/site-packages/airflow/example_dags/example_time_delta_sensor_async.py
[2026-04-21T02:15:31.901+0000] {processor.py:830} INFO - Processing file /home/airflow/.local/lib/python3.8/site-packages/airflow/example_dags/example_time_delta_sensor_async.py for tasks to queue
[2026-04-21T02:15:31.904+0000] {logging_mixin.py:188} INFO - [2026-04-21T02:15:31.903+0000] {dagbag.py:538} INFO - Filling up the DagBag from /home/airflow/.local/lib/python3.8/site-packages/airflow/example_dags/example_time_delta_sensor_async.py
[2026-04-21T02:15:31.910+0000] {processor.py:840} INFO - DAG(s) 'example_time_delta_sensor_async' retrieved from /home/airflow/.local/lib/python3.8/site-packages/airflow/example_dags/example_time_delta_sensor_async.py
[2026-04-21T02:15:31.934+0000] {logging_mixin.py:188} INFO - [2026-04-21T02:15:31.933+0000] {dag.py:3036} INFO - Sync 1 DAGs
[2026-04-21T02:15:31.950+0000] {logging_mixin.py:188} INFO - [2026-04-21T02:15:31.950+0000] {dag.py:3823} INFO - Setting next_dagrun for example_time_delta_sensor_async to None, run_after=None
[2026-04-21T02:15:31.969+0000] {processor.py:183} INFO - Processing /home/airflow/.local/lib/python3.8/site-packages/airflow/example_dags/example_time_delta_sensor_async.py took 0.075 seconds
[2026-04-21T02:16:02.061+0000] {processor.py:161} INFO - Started process (PID=3716921) to work on /home/airflow/.local/lib/python3.8/site-packages/airflow/example_dags/example_time_delta_sensor_async.py
[2026-04-21T02:16:02.063+0000] {processor.py:830} INFO - Processing file /home/airflow/.local/lib/python3.8/site-packages/airflow/example_dags/example_time_delta_sensor_async.py for tasks to queue
[2026-04-21T02:16:02.066+0000] {logging_mixin.py:188} INFO - [2026-04-21T02:16:02.065+0000] {dagbag.py:538} INFO - Filling up the DagBag from /home/airflow/.local/lib/python3.8/site-packages/airflow/example_dags/example_time_delta_sensor_async.py
[2026-04-21T02:16:02.072+0000] {processor.py:840} INFO - DAG(s) 'example_time_delta_sensor_async' retrieved from /home/airflow/.local/lib/python3.8/site-packages/airflow/example_dags/example_time_delta_sensor_async.py
[2026-04-21T02:16:02.096+0000] {logging_mixin.py:188} INFO - [2026-04-21T02:16:02.096+0000] {dag.py:3036} INFO - Sync 1 DAGs
[2026-04-21T02:16:02.110+0000] {logging_mixin.py:188} INFO - [2026-04-21T02:16:02.110+0000] {dag.py:3823} INFO - Setting next_dagrun for example_time_delta_sensor_async to None, run_after=None
[2026-04-21T02:16:02.130+0000] {processor.py:183} INFO - Processing /home/airflow/.local/lib/python3.8/site-packages/airflow/example_dags/example_time_delta_sensor_async.py took 0.073 seconds
[2026-04-21T02:16:32.496+0000] {processor.py:161} INFO - Started process (PID=3716978) to work on /home/airflow/.local/lib/python3.8/site-packages/airflow/example_dags/example_time_delta_sensor_async.py
[2026-04-21T02:16:32.498+0000] {processor.py:830} INFO - Processing file /home/airflow/.local/lib/python3.8/site-packages/airflow/example_dags/example_time_delta_sensor_async.py for tasks to queue
[2026-04-21T02:16:32.500+0000] {logging_mixin.py:188} INFO - [2026-04-21T02:16:32.500+0000] {dagbag.py:538} INFO - Filling up the DagBag from /home/airflow/.local/lib/python3.8/site-packages/airflow/example_dags/example_time_delta_sensor_async.py
[2026-04-21T02:16:32.506+0000] {processor.py:840} INFO - DAG(s) 'example_time_delta_sensor_async' retrieved from /home/airflow/.local/lib/python3.8/site-packages/airflow/example_dags/example_time_delta_sensor_async.py
[2026-04-21T02:16:32.530+0000] {logging_mixin.py:188} INFO - [2026-04-21T02:16:32.530+0000] {dag.py:3036} INFO - Sync 1 DAGs
[2026-04-21T02:16:32.544+0000] {logging_mixin.py:188} INFO - [2026-04-21T02:16:32.544+0000] {dag.py:3823} INFO - Setting next_dagrun for example_time_delta_sensor_async to None, run_after=None
[2026-04-21T02:16:32.563+0000] {processor.py:183} INFO - Processing /home/airflow/.local/lib/python3.8/site-packages/airflow/example_dags/example_time_delta_sensor_async.py took 0.072 seconds
[2026-04-21T02:17:02.786+0000] {processor.py:161} INFO - Started process (PID=3717035) to work on /home/airflow/.local/lib/python3.8/site-packages/airflow/example_dags/example_time_delta_sensor_async.py
[2026-04-21T02:17:02.788+0000] {processor.py:830} INFO - Processing file /home/airflow/.local/lib/python3.8/site-packages/airflow/example_dags/example_time_delta_sensor_async.py for tasks to queue
[2026-04-21T02:17:02.790+0000] {logging_mixin.py:188} INFO - [2026-04-21T02:17:02.790+0000] {dagbag.py:538} INFO - Filling up the DagBag from /home/airflow/.local/lib/python3.8/site-packages/airflow/example_dags/example_time_delta_sensor_async.py
[2026-04-21T02:17:02.796+0000] {processor.py:840} INFO - DAG(s) 'example_time_delta_sensor_async' retrieved from /home/airflow/.local/lib/python3.8/site-packages/airflow/example_dags/example_time_delta_sensor_async.py
[2026-04-21T02:17:02.824+0000] {logging_mixin.py:188} INFO - [2026-04-21T02:17:02.823+0000] {dag.py:3036} INFO - Sync 1 DAGs
[2026-04-21T02:17:02.839+0000] {logging_mixin.py:188} INFO - [2026-04-21T02:17:02.839+0000] {dag.py:3823} INFO - Setting next_dagrun for example_time_delta_sensor_async to None, run_after=None
[2026-04-21T02:17:02.859+0000] {processor.py:183} INFO - Processing /home/airflow/.local/lib/python3.8/site-packages/airflow/example_dags/example_time_delta_sensor_async.py took 0.078 seconds
[2026-04-21T02:17:33.129+0000] {processor.py:161} INFO - Started process (PID=3717092) to work on /home/airflow/.local/lib/python3.8/site-packages/airflow/example_dags/example_time_delta_sensor_async.py
[2026-04-21T02:17:33.131+0000] {processor.py:830} INFO - Processing file /home/airflow/.local/lib/python3.8/site-packages/airflow/example_dags/example_time_delta_sensor_async.py for tasks to queue
[2026-04-21T02:17:33.133+0000] {logging_mixin.py:188} INFO - [2026-04-21T02:17:33.133+0000] {dagbag.py:538} INFO - Filling up the DagBag from /home/airflow/.local/lib/python3.8/site-packages/airflow/example_dags/example_time_delta_sensor_async.py
[2026-04-21T02:17:33.139+0000] {processor.py:840} INFO - DAG(s) 'example_time_delta_sensor_async' retrieved from /home/airflow/.local/lib/python3.8/site-packages/airflow/example_dags/example_time_delta_sensor_async.py
[2026-04-21T02:17:33.163+0000] {logging_mixin.py:188} INFO - [2026-04-21T02:17:33.163+0000] {dag.py:3036} INFO - Sync 1 DAGs
[2026-04-21T02:17:33.177+0000] {logging_mixin.py:188} INFO - [2026-04-21T02:17:33.177+0000] {dag.py:3823} INFO - Setting next_dagrun for example_time_delta_sensor_async to None, run_after=None
[2026-04-21T02:17:33.196+0000] {processor.py:183} INFO - Processing /home/airflow/.local/lib/python3.8/site-packages/airflow/example_dags/example_time_delta_sensor_async.py took 0.071 seconds
[2026-04-21T02:18:03.362+0000] {processor.py:161} INFO - Started process (PID=3717149) to work on /home/airflow/.local/lib/python3.8/site-packages/airflow/example_dags/example_time_delta_sensor_async.py
[2026-04-21T02:18:03.364+0000] {processor.py:830} INFO - Processing file /home/airflow/.local/lib/python3.8/site-packages/airflow/example_dags/example_time_delta_sensor_async.py for tasks to queue
[2026-04-21T02:18:03.367+0000] {logging_mixin.py:188} INFO - [2026-04-21T02:18:03.366+0000] {dagbag.py:538} INFO - Filling up the DagBag from /home/airflow/.local/lib/python3.8/site-packages/airflow/example_dags/example_time_delta_sensor_async.py
[2026-04-21T02:18:03.375+0000] {processor.py:840} INFO - DAG(s) 'example_time_delta_sensor_async' retrieved from /home/airflow/.local/lib/python3.8/site-packages/airflow/example_dags/example_time_delta_sensor_async.py
[2026-04-21T02:18:03.403+0000] {logging_mixin.py:188} INFO - [2026-04-21T02:18:03.402+0000] {dag.py:3036} INFO - Sync 1 DAGs
[2026-04-21T02:18:03.418+0000] {logging_mixin.py:188} INFO - [2026-04-21T02:18:03.418+0000] {dag.py:3823} INFO - Setting next_dagrun for example_time_delta_sensor_async to None, run_after=None
[2026-04-21T02:18:03.437+0000] {processor.py:183} INFO - Processing /home/airflow/.local/lib/python3.8/site-packages/airflow/example_dags/example_time_delta_sensor_async.py took 0.080 seconds
[2026-04-21T02:18:33.803+0000] {processor.py:161} INFO - Started process (PID=3717206) to work on /home/airflow/.local/lib/python3.8/site-packages/airflow/example_dags/example_time_delta_sensor_async.py
[2026-04-21T02:18:33.805+0000] {processor.py:830} INFO - Processing file /home/airflow/.local/lib/python3.8/site-packages/airflow/example_dags/example_time_delta_sensor_async.py for tasks to queue
[2026-04-21T02:18:33.807+0000] {logging_mixin.py:188} INFO - [2026-04-21T02:18:33.807+0000] {dagbag.py:538} INFO - Filling up the DagBag from /home/airflow/.local/lib/python3.8/site-packages/airflow/example_dags/example_time_delta_sensor_async.py
[2026-04-21T02:18:33.813+0000] {processor.py:840} INFO - DAG(s) 'example_time_delta_sensor_async' retrieved from /home/airflow/.local/lib/python3.8/site-packages/airflow/example_dags/example_time_delta_sensor_async.py
[2026-04-21T02:18:33.840+0000] {logging_mixin.py:188} INFO - [2026-04-21T02:18:33.840+0000] {dag.py:3036} INFO - Sync 1 DAGs
[2026-04-21T02:18:33.855+0000] {logging_mixin.py:188} INFO - [2026-04-21T02:18:33.855+0000] {dag.py:3823} INFO - Setting next_dagrun for example_time_delta_sensor_async to None, run_after=None
[2026-04-21T02:18:33.874+0000] {processor.py:183} INFO - Processing /home/airflow/.local/lib/python3.8/site-packages/airflow/example_dags/example_time_delta_sensor_async.py took 0.076 seconds
[2026-04-21T02:19:04.124+0000] {processor.py:161} INFO - Started process (PID=3717263) to work on /home/airflow/.local/lib/python3.8/site-packages/airflow/example_dags/example_time_delta_sensor_async.py
[2026-04-21T02:19:04.126+0000] {processor.py:830} INFO - Processing file /home/airflow/.local/lib/python3.8/site-packages/airflow/example_dags/example_time_delta_sensor_async.py for tasks to queue
[2026-04-21T02:19:04.128+0000] {logging_mixin.py:188} INFO - [2026-04-21T02:19:04.128+0000] {dagbag.py:538} INFO - Filling up the DagBag from /home/airflow/.local/lib/python3.8/site-packages/airflow/example_dags/example_time_delta_sensor_async.py
[2026-04-21T02:19:04.135+0000] {processor.py:840} INFO - DAG(s) 'example_time_delta_sensor_async' retrieved from /home/airflow/.local/lib/python3.8/site-packages/airflow/example_dags/example_time_delta_sensor_async.py
[2026-04-21T02:19:04.158+0000] {logging_mixin.py:188} INFO - [2026-04-21T02:19:04.158+0000] {dag.py:3036} INFO - Sync 1 DAGs
[2026-04-21T02:19:04.172+0000] {logging_mixin.py:188} INFO - [2026-04-21T02:19:04.172+0000] {dag.py:3823} INFO - Setting next_dagrun for example_time_delta_sensor_async to None, run_after=None
[2026-04-21T02:19:04.191+0000] {processor.py:183} INFO - Processing /home/airflow/.local/lib/python3.8/site-packages/airflow/example_dags/example_time_delta_sensor_async.py took 0.072 seconds
[2026-04-21T02:19:34.390+0000] {processor.py:161} INFO - Started process (PID=3717320) to work on /home/airflow/.local/lib/python3.8/site-packages/airflow/example_dags/example_time_delta_sensor_async.py
[2026-04-21T02:19:34.392+0000] {processor.py:830} INFO - Processing file /home/airflow/.local/lib/python3.8/site-packages/airflow/example_dags/example_time_delta_sensor_async.py for tasks to queue
[2026-04-21T02:19:34.394+0000] {logging_mixin.py:188} INFO - [2026-04-21T02:19:34.394+0000] {dagbag.py:538} INFO - Filling up the DagBag from /home/airflow/.local/lib/python3.8/site-packages/airflow/example_dags/example_time_delta_sensor_async.py
[2026-04-21T02:19:34.400+0000] {processor.py:840} INFO - DAG(s) 'example_time_delta_sensor_async' retrieved from /home/airflow/.local/lib/python3.8/site-packages/airflow/example_dags/example_time_delta_sensor_async.py
[2026-04-21T02:19:34.424+0000] {logging_mixin.py:188} INFO - [2026-04-21T02:19:34.423+0000] {dag.py:3036} INFO - Sync 1 DAGs
[2026-04-21T02:19:34.438+0000] {logging_mixin.py:188} INFO - [2026-04-21T02:19:34.437+0000] {dag.py:3823} INFO - Setting next_dagrun for example_time_delta_sensor_async to None, run_after=None
[2026-04-21T02:19:34.456+0000] {processor.py:183} INFO - Processing /home/airflow/.local/lib/python3.8/site-packages/airflow/example_dags/example_time_delta_sensor_async.py took 0.070 seconds
[2026-04-21T02:20:04.658+0000] {processor.py:161} INFO - Started process (PID=3717377) to work on /home/airflow/.local/lib/python3.8/site-packages/airflow/example_dags/example_time_delta_sensor_async.py
[2026-04-21T02:20:04.660+0000] {processor.py:830} INFO - Processing file /home/airflow/.local/lib/python3.8/site-packages/airflow/example_dags/example_time_delta_sensor_async.py for tasks to queue
[2026-04-21T02:20:04.662+0000] {logging_mixin.py:188} INFO - [2026-04-21T02:20:04.662+0000] {dagbag.py:538} INFO - Filling up the DagBag from /home/airflow/.local/lib/python3.8/site-packages/airflow/example_dags/example_time_delta_sensor_async.py
[2026-04-21T02:20:04.668+0000] {processor.py:840} INFO - DAG(s) 'example_time_delta_sensor_async' retrieved from /home/airflow/.local/lib/python3.8/site-packages/airflow/example_dags/example_time_delta_sensor_async.py
[2026-04-21T02:20:04.692+0000] {logging_mixin.py:188} INFO - [2026-04-21T02:20:04.692+0000] {dag.py:3036} INFO - Sync 1 DAGs
[2026-04-21T02:20:04.707+0000] {logging_mixin.py:188} INFO - [2026-04-21T02:20:04.706+0000] {dag.py:3823} INFO - Setting next_dagrun for example_time_delta_sensor_async to None, run_after=None
[2026-04-21T02:20:04.725+0000] {processor.py:183} INFO - Processing /home/airflow/.local/lib/python3.8/site-packages/airflow/example_dags/example_time_delta_sensor_async.py took 0.072 seconds
[2026-04-21T02:20:34.900+0000] {processor.py:161} INFO - Started process (PID=3717434) to work on /home/airflow/.local/lib/python3.8/site-packages/airflow/example_dags/example_time_delta_sensor_async.py
[2026-04-21T02:20:34.902+0000] {processor.py:830} INFO - Processing file /home/airflow/.local/lib/python3.8/site-packages/airflow/example_dags/example_time_delta_sensor_async.py for tasks to queue
[2026-04-21T02:20:34.905+0000] {logging_mixin.py:188} INFO - [2026-04-21T02:20:34.904+0000] {dagbag.py:538} INFO - Filling up the DagBag from /home/airflow/.local/lib/python3.8/site-packages/airflow/example_dags/example_time_delta_sensor_async.py
[2026-04-21T02:20:34.911+0000] {processor.py:840} INFO - DAG(s) 'example_time_delta_sensor_async' retrieved from /home/airflow/.local/lib/python3.8/site-packages/airflow/example_dags/example_time_delta_sensor_async.py
[2026-04-21T02:20:34.937+0000] {logging_mixin.py:188} INFO - [2026-04-21T02:20:34.937+0000] {dag.py:3036} INFO - Sync 1 DAGs
[2026-04-21T02:20:34.951+0000] {logging_mixin.py:188} INFO - [2026-04-21T02:20:34.951+0000] {dag.py:3823} INFO - Setting next_dagrun for example_time_delta_sensor_async to None, run_after=None
[2026-04-21T02:20:34.971+0000] {processor.py:183} INFO - Processing /home/airflow/.local/lib/python3.8/site-packages/airflow/example_dags/example_time_delta_sensor_async.py took 0.075 seconds
[2026-04-21T02:21:05.643+0000] {processor.py:161} INFO - Started process (PID=3717489) to work on /home/airflow/.local/lib/python3.8/site-packages/airflow/example_dags/example_time_delta_sensor_async.py
[2026-04-21T02:21:05.644+0000] {processor.py:830} INFO - Processing file /home/airflow/.local/lib/python3.8/site-packages/airflow/example_dags/example_time_delta_sensor_async.py for tasks to queue
[2026-04-21T02:21:05.647+0000] {logging_mixin.py:188} INFO - [2026-04-21T02:21:05.646+0000] {dagbag.py:538} INFO - Filling up the DagBag from /home/airflow/.local/lib/python3.8/site-packages/airflow/example_dags/example_time_delta_sensor_async.py
[2026-04-21T02:21:05.653+0000] {processor.py:840} INFO - DAG(s) 'example_time_delta_sensor_async' retrieved from /home/airflow/.local/lib/python3.8/site-packages/airflow/example_dags/example_time_delta_sensor_async.py
[2026-04-21T02:21:05.679+0000] {logging_mixin.py:188} INFO - [2026-04-21T02:21:05.679+0000] {dag.py:3036} INFO - Sync 1 DAGs
[2026-04-21T02:21:05.693+0000] {logging_mixin.py:188} INFO - [2026-04-21T02:21:05.693+0000] {dag.py:3823} INFO - Setting next_dagrun for example_time_delta_sensor_async to None, run_after=None
[2026-04-21T02:21:05.713+0000] {processor.py:183} INFO - Processing /home/airflow/.local/lib/python3.8/site-packages/airflow/example_dags/example_time_delta_sensor_async.py took 0.075 seconds
[2026-04-21T02:21:35.960+0000] {processor.py:161} INFO - Started process (PID=3717544) to work on /home/airflow/.local/lib/python3.8/site-packages/airflow/example_dags/example_time_delta_sensor_async.py
[2026-04-21T02:21:35.962+0000] {processor.py:830} INFO - Processing file /home/airflow/.local/lib/python3.8/site-packages/airflow/example_dags/example_time_delta_sensor_async.py for tasks to queue
[2026-04-21T02:21:35.965+0000] {logging_mixin.py:188} INFO - [2026-04-21T02:21:35.964+0000] {dagbag.py:538} INFO - Filling up the DagBag from /home/airflow/.local/lib/python3.8/site-packages/airflow/example_dags/example_time_delta_sensor_async.py
[2026-04-21T02:21:35.971+0000] {processor.py:840} INFO - DAG(s) 'example_time_delta_sensor_async' retrieved from /home/airflow/.local/lib/python3.8/site-packages/airflow/example_dags/example_time_delta_sensor_async.py
[2026-04-21T02:21:35.997+0000] {logging_mixin.py:188} INFO - [2026-04-21T02:21:35.997+0000] {dag.py:3036} INFO - Sync 1 DAGs
[2026-04-21T02:21:36.011+0000] {logging_mixin.py:188} INFO - [2026-04-21T02:21:36.011+0000] {dag.py:3823} INFO - Setting next_dagrun for example_time_delta_sensor_async to None, run_after=None
[2026-04-21T02:21:36.031+0000] {processor.py:183} INFO - Processing /home/airflow/.local/lib/python3.8/site-packages/airflow/example_dags/example_time_delta_sensor_async.py took 0.075 seconds
[2026-04-21T02:22:06.228+0000] {processor.py:161} INFO - Started process (PID=3717601) to work on /home/airflow/.local/lib/python3.8/site-packages/airflow/example_dags/example_time_delta_sensor_async.py
[2026-04-21T02:22:06.230+0000] {processor.py:830} INFO - Processing file /home/airflow/.local/lib/python3.8/site-packages/airflow/example_dags/example_time_delta_sensor_async.py for tasks to queue
[2026-04-21T02:22:06.232+0000] {logging_mixin.py:188} INFO - [2026-04-21T02:22:06.232+0000] {dagbag.py:538} INFO - Filling up the DagBag from /home/airflow/.local/lib/python3.8/site-packages/airflow/example_dags/example_time_delta_sensor_async.py
[2026-04-21T02:22:06.238+0000] {processor.py:840} INFO - DAG(s) 'example_time_delta_sensor_async' retrieved from /home/airflow/.local/lib/python3.8/site-packages/airflow/example_dags/example_time_delta_sensor_async.py
[2026-04-21T02:22:06.265+0000] {logging_mixin.py:188} INFO - [2026-04-21T02:22:06.265+0000] {dag.py:3036} INFO - Sync 1 DAGs
[2026-04-21T02:22:06.280+0000] {logging_mixin.py:188} INFO - [2026-04-21T02:22:06.280+0000] {dag.py:3823} INFO - Setting next_dagrun for example_time_delta_sensor_async to None, run_after=None
[2026-04-21T02:22:06.300+0000] {processor.py:183} INFO - Processing /home/airflow/.local/lib/python3.8/site-packages/airflow/example_dags/example_time_delta_sensor_async.py took 0.077 seconds
[2026-04-21T02:22:36.771+0000] {processor.py:161} INFO - Started process (PID=3717658) to work on /home/airflow/.local/lib/python3.8/site-packages/airflow/example_dags/example_time_delta_sensor_async.py
[2026-04-21T02:22:36.773+0000] {processor.py:830} INFO - Processing file /home/airflow/.local/lib/python3.8/site-packages/airflow/example_dags/example_time_delta_sensor_async.py for tasks to queue
[2026-04-21T02:22:36.775+0000] {logging_mixin.py:188} INFO - [2026-04-21T02:22:36.775+0000] {dagbag.py:538} INFO - Filling up the DagBag from /home/airflow/.local/lib/python3.8/site-packages/airflow/example_dags/example_time_delta_sensor_async.py
[2026-04-21T02:22:36.782+0000] {processor.py:840} INFO - DAG(s) 'example_time_delta_sensor_async' retrieved from /home/airflow/.local/lib/python3.8/site-packages/airflow/example_dags/example_time_delta_sensor_async.py
[2026-04-21T02:22:36.807+0000] {logging_mixin.py:188} INFO - [2026-04-21T02:22:36.807+0000] {dag.py:3036} INFO - Sync 1 DAGs
[2026-04-21T02:22:36.822+0000] {logging_mixin.py:188} INFO - [2026-04-21T02:22:36.821+0000] {dag.py:3823} INFO - Setting next_dagrun for example_time_delta_sensor_async to None, run_after=None
[2026-04-21T02:22:36.841+0000] {processor.py:183} INFO - Processing /home/airflow/.local/lib/python3.8/site-packages/airflow/example_dags/example_time_delta_sensor_async.py took 0.074 seconds
[2026-04-21T02:23:06.905+0000] {processor.py:161} INFO - Started process (PID=3717715) to work on /home/airflow/.local/lib/python3.8/site-packages/airflow/example_dags/example_time_delta_sensor_async.py
[2026-04-21T02:23:06.907+0000] {processor.py:830} INFO - Processing file /home/airflow/.local/lib/python3.8/site-packages/airflow/example_dags/example_time_delta_sensor_async.py for tasks to queue
[2026-04-21T02:23:06.910+0000] {logging_mixin.py:188} INFO - [2026-04-21T02:23:06.909+0000] {dagbag.py:538} INFO - Filling up the DagBag from /home/airflow/.local/lib/python3.8/site-packages/airflow/example_dags/example_time_delta_sensor_async.py
[2026-04-21T02:23:06.916+0000] {processor.py:840} INFO - DAG(s) 'example_time_delta_sensor_async' retrieved from /home/airflow/.local/lib/python3.8/site-packages/airflow/example_dags/example_time_delta_sensor_async.py
[2026-04-21T02:23:06.940+0000] {logging_mixin.py:188} INFO - [2026-04-21T02:23:06.940+0000] {dag.py:3036} INFO - Sync 1 DAGs
[2026-04-21T02:23:06.955+0000] {logging_mixin.py:188} INFO - [2026-04-21T02:23:06.954+0000] {dag.py:3823} INFO - Setting next_dagrun for example_time_delta_sensor_async to None, run_after=None
[2026-04-21T02:23:06.973+0000] {processor.py:183} INFO - Processing /home/airflow/.local/lib/python3.8/site-packages/airflow/example_dags/example_time_delta_sensor_async.py took 0.073 seconds
[2026-04-21T02:23:37.134+0000] {processor.py:161} INFO - Started process (PID=3717772) to work on /home/airflow/.local/lib/python3.8/site-packages/airflow/example_dags/example_time_delta_sensor_async.py
[2026-04-21T02:23:37.135+0000] {processor.py:830} INFO - Processing file /home/airflow/.local/lib/python3.8/site-packages/airflow/example_dags/example_time_delta_sensor_async.py for tasks to queue
[2026-04-21T02:23:37.138+0000] {logging_mixin.py:188} INFO - [2026-04-21T02:23:37.137+0000] {dagbag.py:538} INFO - Filling up the DagBag from /home/airflow/.local/lib/python3.8/site-packages/airflow/example_dags/example_time_delta_sensor_async.py
[2026-04-21T02:23:37.144+0000] {processor.py:840} INFO - DAG(s) 'example_time_delta_sensor_async' retrieved from /home/airflow/.local/lib/python3.8/site-packages/airflow/example_dags/example_time_delta_sensor_async.py
[2026-04-21T02:23:37.168+0000] {logging_mixin.py:188} INFO - [2026-04-21T02:23:37.168+0000] {dag.py:3036} INFO - Sync 1 DAGs
[2026-04-21T02:23:37.182+0000] {logging_mixin.py:188} INFO - [2026-04-21T02:23:37.182+0000] {dag.py:3823} INFO - Setting next_dagrun for example_time_delta_sensor_async to None, run_after=None
[2026-04-21T02:23:37.200+0000] {processor.py:183} INFO - Processing /home/airflow/.local/lib/python3.8/site-packages/airflow/example_dags/example_time_delta_sensor_async.py took 0.071 seconds
[2026-04-21T02:24:07.423+0000] {processor.py:161} INFO - Started process (PID=3717829) to work on /home/airflow/.local/lib/python3.8/site-packages/airflow/example_dags/example_time_delta_sensor_async.py
[2026-04-21T02:24:07.425+0000] {processor.py:830} INFO - Processing file /home/airflow/.local/lib/python3.8/site-packages/airflow/example_dags/example_time_delta_sensor_async.py for tasks to queue
[2026-04-21T02:24:07.428+0000] {logging_mixin.py:188} INFO - [2026-04-21T02:24:07.427+0000] {dagbag.py:538} INFO - Filling up the DagBag from /home/airflow/.local/lib/python3.8/site-packages/airflow/example_dags/example_time_delta_sensor_async.py
[2026-04-21T02:24:07.434+0000] {processor.py:840} INFO - DAG(s) 'example_time_delta_sensor_async' retrieved from /home/airflow/.local/lib/python3.8/site-packages/airflow/example_dags/example_time_delta_sensor_async.py
[2026-04-21T02:24:07.459+0000] {logging_mixin.py:188} INFO - [2026-04-21T02:24:07.458+0000] {dag.py:3036} INFO - Sync 1 DAGs
[2026-04-21T02:24:07.473+0000] {logging_mixin.py:188} INFO - [2026-04-21T02:24:07.472+0000] {dag.py:3823} INFO - Setting next_dagrun for example_time_delta_sensor_async to None, run_after=None
[2026-04-21T02:24:07.492+0000] {processor.py:183} INFO - Processing /home/airflow/.local/lib/python3.8/site-packages/airflow/example_dags/example_time_delta_sensor_async.py took 0.074 seconds
[2026-04-21T02:24:37.865+0000] {processor.py:161} INFO - Started process (PID=3717886) to work on /home/airflow/.local/lib/python3.8/site-packages/airflow/example_dags/example_time_delta_sensor_async.py
[2026-04-21T02:24:37.868+0000] {processor.py:830} INFO - Processing file /home/airflow/.local/lib/python3.8/site-packages/airflow/example_dags/example_time_delta_sensor_async.py for tasks to queue
[2026-04-21T02:24:37.870+0000] {logging_mixin.py:188} INFO - [2026-04-21T02:24:37.870+0000] {dagbag.py:538} INFO - Filling up the DagBag from /home/airflow/.local/lib/python3.8/site-packages/airflow/example_dags/example_time_delta_sensor_async.py
[2026-04-21T02:24:37.876+0000] {processor.py:840} INFO - DAG(s) 'example_time_delta_sensor_async' retrieved from /home/airflow/.local/lib/python3.8/site-packages/airflow/example_dags/example_time_delta_sensor_async.py
[2026-04-21T02:24:37.901+0000] {logging_mixin.py:188} INFO - [2026-04-21T02:24:37.901+0000] {dag.py:3036} INFO - Sync 1 DAGs
[2026-04-21T02:24:37.916+0000] {logging_mixin.py:188} INFO - [2026-04-21T02:24:37.915+0000] {dag.py:3823} INFO - Setting next_dagrun for example_time_delta_sensor_async to None, run_after=None
[2026-04-21T02:24:37.935+0000] {processor.py:183} INFO - Processing /home/airflow/.local/lib/python3.8/site-packages/airflow/example_dags/example_time_delta_sensor_async.py took 0.075 seconds
[2026-04-21T02:25:08.070+0000] {processor.py:161} INFO - Started process (PID=3717943) to work on /home/airflow/.local/lib/python3.8/site-packages/airflow/example_dags/example_time_delta_sensor_async.py
[2026-04-21T02:25:08.072+0000] {processor.py:830} INFO - Processing file /home/airflow/.local/lib/python3.8/site-packages/airflow/example_dags/example_time_delta_sensor_async.py for tasks to queue
[2026-04-21T02:25:08.074+0000] {logging_mixin.py:188} INFO - [2026-04-21T02:25:08.074+0000] {dagbag.py:538} INFO - Filling up the DagBag from /home/airflow/.local/lib/python3.8/site-packages/airflow/example_dags/example_time_delta_sensor_async.py
[2026-04-21T02:25:08.080+0000] {processor.py:840} INFO - DAG(s) 'example_time_delta_sensor_async' retrieved from /home/airflow/.local/lib/python3.8/site-packages/airflow/example_dags/example_time_delta_sensor_async.py
[2026-04-21T02:25:08.105+0000] {logging_mixin.py:188} INFO - [2026-04-21T02:25:08.105+0000] {dag.py:3036} INFO - Sync 1 DAGs
[2026-04-21T02:25:08.120+0000] {logging_mixin.py:188} INFO - [2026-04-21T02:25:08.119+0000] {dag.py:3823} INFO - Setting next_dagrun for example_time_delta_sensor_async to None, run_after=None
[2026-04-21T02:25:08.139+0000] {processor.py:183} INFO - Processing /home/airflow/.local/lib/python3.8/site-packages/airflow/example_dags/example_time_delta_sensor_async.py took 0.074 seconds
[2026-04-21T02:25:38.371+0000] {processor.py:161} INFO - Started process (PID=3718000) to work on /home/airflow/.local/lib/python3.8/site-packages/airflow/example_dags/example_time_delta_sensor_async.py
[2026-04-21T02:25:38.373+0000] {processor.py:830} INFO - Processing file /home/airflow/.local/lib/python3.8/site-packages/airflow/example_dags/example_time_delta_sensor_async.py for tasks to queue
[2026-04-21T02:25:38.375+0000] {logging_mixin.py:188} INFO - [2026-04-21T02:25:38.375+0000] {dagbag.py:538} INFO - Filling up the DagBag from /home/airflow/.local/lib/python3.8/site-packages/airflow/example_dags/example_time_delta_sensor_async.py
[2026-04-21T02:25:38.382+0000] {processor.py:840} INFO - DAG(s) 'example_time_delta_sensor_async' retrieved from /home/airflow/.local/lib/python3.8/site-packages/airflow/example_dags/example_time_delta_sensor_async.py
[2026-04-21T02:25:38.405+0000] {logging_mixin.py:188} INFO - [2026-04-21T02:25:38.404+0000] {dag.py:3036} INFO - Sync 1 DAGs
[2026-04-21T02:25:38.419+0000] {logging_mixin.py:188} INFO - [2026-04-21T02:25:38.419+0000] {dag.py:3823} INFO - Setting next_dagrun for example_time_delta_sensor_async to None, run_after=None
[2026-04-21T02:25:38.437+0000] {processor.py:183} INFO - Processing /home/airflow/.local/lib/python3.8/site-packages/airflow/example_dags/example_time_delta_sensor_async.py took 0.071 seconds
[2026-04-21T02:26:08.590+0000] {processor.py:161} INFO - Started process (PID=3718057) to work on /home/airflow/.local/lib/python3.8/site-packages/airflow/example_dags/example_time_delta_sensor_async.py
[2026-04-21T02:26:08.592+0000] {processor.py:830} INFO - Processing file /home/airflow/.local/lib/python3.8/site-packages/airflow/example_dags/example_time_delta_sensor_async.py for tasks to queue
[2026-04-21T02:26:08.594+0000] {logging_mixin.py:188} INFO - [2026-04-21T02:26:08.594+0000] {dagbag.py:538} INFO - Filling up the DagBag from /home/airflow/.local/lib/python3.8/site-packages/airflow/example_dags/example_time_delta_sensor_async.py
[2026-04-21T02:26:08.600+0000] {processor.py:840} INFO - DAG(s) 'example_time_delta_sensor_async' retrieved from /home/airflow/.local/lib/python3.8/site-packages/airflow/example_dags/example_time_delta_sensor_async.py
[2026-04-21T02:26:08.625+0000] {logging_mixin.py:188} INFO - [2026-04-21T02:26:08.624+0000] {dag.py:3036} INFO - Sync 1 DAGs
[2026-04-21T02:26:08.639+0000] {logging_mixin.py:188} INFO - [2026-04-21T02:26:08.639+0000] {dag.py:3823} INFO - Setting next_dagrun for example_time_delta_sensor_async to None, run_after=None
[2026-04-21T02:26:08.657+0000] {processor.py:183} INFO - Processing /home/airflow/.local/lib/python3.8/site-packages/airflow/example_dags/example_time_delta_sensor_async.py took 0.072 seconds
[2026-04-21T02:26:39.108+0000] {processor.py:161} INFO - Started process (PID=3718114) to work on /home/airflow/.local/lib/python3.8/site-packages/airflow/example_dags/example_time_delta_sensor_async.py
[2026-04-21T02:26:39.110+0000] {processor.py:830} INFO - Processing file /home/airflow/.local/lib/python3.8/site-packages/airflow/example_dags/example_time_delta_sensor_async.py for tasks to queue
[2026-04-21T02:26:39.112+0000] {logging_mixin.py:188} INFO - [2026-04-21T02:26:39.112+0000] {dagbag.py:538} INFO - Filling up the DagBag from /home/airflow/.local/lib/python3.8/site-packages/airflow/example_dags/example_time_delta_sensor_async.py
[2026-04-21T02:26:39.119+0000] {processor.py:840} INFO - DAG(s) 'example_time_delta_sensor_async' retrieved from /home/airflow/.local/lib/python3.8/site-packages/airflow/example_dags/example_time_delta_sensor_async.py
[2026-04-21T02:26:39.142+0000] {logging_mixin.py:188} INFO - [2026-04-21T02:26:39.142+0000] {dag.py:3036} INFO - Sync 1 DAGs
[2026-04-21T02:26:39.156+0000] {logging_mixin.py:188} INFO - [2026-04-21T02:26:39.156+0000] {dag.py:3823} INFO - Setting next_dagrun for example_time_delta_sensor_async to None, run_after=None
[2026-04-21T02:26:39.175+0000] {processor.py:183} INFO - Processing /home/airflow/.local/lib/python3.8/site-packages/airflow/example_dags/example_time_delta_sensor_async.py took 0.071 seconds
[2026-04-21T02:27:09.370+0000] {processor.py:161} INFO - Started process (PID=3718171) to work on /home/airflow/.local/lib/python3.8/site-packages/airflow/example_dags/example_time_delta_sensor_async.py
[2026-04-21T02:27:09.372+0000] {processor.py:830} INFO - Processing file /home/airflow/.local/lib/python3.8/site-packages/airflow/example_dags/example_time_delta_sensor_async.py for tasks to queue
[2026-04-21T02:27:09.375+0000] {logging_mixin.py:188} INFO - [2026-04-21T02:27:09.374+0000] {dagbag.py:538} INFO - Filling up the DagBag from /home/airflow/.local/lib/python3.8/site-packages/airflow/example_dags/example_time_delta_sensor_async.py
[2026-04-21T02:27:09.381+0000] {processor.py:840} INFO - DAG(s) 'example_time_delta_sensor_async' retrieved from /home/airflow/.local/lib/python3.8/site-packages/airflow/example_dags/example_time_delta_sensor_async.py
[2026-04-21T02:27:09.405+0000] {logging_mixin.py:188} INFO - [2026-04-21T02:27:09.405+0000] {dag.py:3036} INFO - Sync 1 DAGs
[2026-04-21T02:27:09.419+0000] {logging_mixin.py:188} INFO - [2026-04-21T02:27:09.419+0000] {dag.py:3823} INFO - Setting next_dagrun for example_time_delta_sensor_async to None, run_after=None
[2026-04-21T02:27:09.438+0000] {processor.py:183} INFO - Processing /home/airflow/.local/lib/python3.8/site-packages/airflow/example_dags/example_time_delta_sensor_async.py took 0.072 seconds
[2026-04-21T02:27:39.865+0000] {processor.py:161} INFO - Started process (PID=3718228) to work on /home/airflow/.local/lib/python3.8/site-packages/airflow/example_dags/example_time_delta_sensor_async.py
[2026-04-21T02:27:39.867+0000] {processor.py:830} INFO - Processing file /home/airflow/.local/lib/python3.8/site-packages/airflow/example_dags/example_time_delta_sensor_async.py for tasks to queue
[2026-04-21T02:27:39.869+0000] {logging_mixin.py:188} INFO - [2026-04-21T02:27:39.869+0000] {dagbag.py:538} INFO - Filling up the DagBag from /home/airflow/.local/lib/python3.8/site-packages/airflow/example_dags/example_time_delta_sensor_async.py
[2026-04-21T02:27:39.876+0000] {processor.py:840} INFO - DAG(s) 'example_time_delta_sensor_async' retrieved from /home/airflow/.local/lib/python3.8/site-packages/airflow/example_dags/example_time_delta_sensor_async.py
[2026-04-21T02:27:39.901+0000] {logging_mixin.py:188} INFO - [2026-04-21T02:27:39.901+0000] {dag.py:3036} INFO - Sync 1 DAGs
[2026-04-21T02:27:39.916+0000] {logging_mixin.py:188} INFO - [2026-04-21T02:27:39.916+0000] {dag.py:3823} INFO - Setting next_dagrun for example_time_delta_sensor_async to None, run_after=None
[2026-04-21T02:27:39.936+0000] {processor.py:183} INFO - Processing /home/airflow/.local/lib/python3.8/site-packages/airflow/example_dags/example_time_delta_sensor_async.py took 0.076 seconds
[2026-04-21T02:28:10.285+0000] {processor.py:161} INFO - Started process (PID=3718285) to work on /home/airflow/.local/lib/python3.8/site-packages/airflow/example_dags/example_time_delta_sensor_async.py
[2026-04-21T02:28:10.287+0000] {processor.py:830} INFO - Processing file /home/airflow/.local/lib/python3.8/site-packages/airflow/example_dags/example_time_delta_sensor_async.py for tasks to queue
[2026-04-21T02:28:10.289+0000] {logging_mixin.py:188} INFO - [2026-04-21T02:28:10.289+0000] {dagbag.py:538} INFO - Filling up the DagBag from /home/airflow/.local/lib/python3.8/site-packages/airflow/example_dags/example_time_delta_sensor_async.py
[2026-04-21T02:28:10.295+0000] {processor.py:840} INFO - DAG(s) 'example_time_delta_sensor_async' retrieved from /home/airflow/.local/lib/python3.8/site-packages/airflow/example_dags/example_time_delta_sensor_async.py
[2026-04-21T02:28:10.319+0000] {logging_mixin.py:188} INFO - [2026-04-21T02:28:10.319+0000] {dag.py:3036} INFO - Sync 1 DAGs
[2026-04-21T02:28:10.334+0000] {logging_mixin.py:188} INFO - [2026-04-21T02:28:10.334+0000] {dag.py:3823} INFO - Setting next_dagrun for example_time_delta_sensor_async to None, run_after=None
[2026-04-21T02:28:10.354+0000] {processor.py:183} INFO - Processing /home/airflow/.local/lib/python3.8/site-packages/airflow/example_dags/example_time_delta_sensor_async.py took 0.074 seconds
[2026-04-21T02:28:40.578+0000] {processor.py:161} INFO - Started process (PID=3718342) to work on /home/airflow/.local/lib/python3.8/site-packages/airflow/example_dags/example_time_delta_sensor_async.py
[2026-04-21T02:28:40.580+0000] {processor.py:830} INFO - Processing file /home/airflow/.local/lib/python3.8/site-packages/airflow/example_dags/example_time_delta_sensor_async.py for tasks to queue
[2026-04-21T02:28:40.582+0000] {logging_mixin.py:188} INFO - [2026-04-21T02:28:40.582+0000] {dagbag.py:538} INFO - Filling up the DagBag from /home/airflow/.local/lib/python3.8/site-packages/airflow/example_dags/example_time_delta_sensor_async.py
[2026-04-21T02:28:40.589+0000] {processor.py:840} INFO - DAG(s) 'example_time_delta_sensor_async' retrieved from /home/airflow/.local/lib/python3.8/site-packages/airflow/example_dags/example_time_delta_sensor_async.py
[2026-04-21T02:28:40.612+0000] {logging_mixin.py:188} INFO - [2026-04-21T02:28:40.612+0000] {dag.py:3036} INFO - Sync 1 DAGs
[2026-04-21T02:28:40.627+0000] {logging_mixin.py:188} INFO - [2026-04-21T02:28:40.626+0000] {dag.py:3823} INFO - Setting next_dagrun for example_time_delta_sensor_async to None, run_after=None
[2026-04-21T02:28:40.645+0000] {processor.py:183} INFO - Processing /home/airflow/.local/lib/python3.8/site-packages/airflow/example_dags/example_time_delta_sensor_async.py took 0.072 seconds
[2026-04-21T02:29:10.950+0000] {processor.py:161} INFO - Started process (PID=3718399) to work on /home/airflow/.local/lib/python3.8/site-packages/airflow/example_dags/example_time_delta_sensor_async.py
[2026-04-21T02:29:10.952+0000] {processor.py:830} INFO - Processing file /home/airflow/.local/lib/python3.8/site-packages/airflow/example_dags/example_time_delta_sensor_async.py for tasks to queue
[2026-04-21T02:29:10.954+0000] {logging_mixin.py:188} INFO - [2026-04-21T02:29:10.954+0000] {dagbag.py:538} INFO - Filling up the DagBag from /home/airflow/.local/lib/python3.8/site-packages/airflow/example_dags/example_time_delta_sensor_async.py
[2026-04-21T02:29:10.960+0000] {processor.py:840} INFO - DAG(s) 'example_time_delta_sensor_async' retrieved from /home/airflow/.local/lib/python3.8/site-packages/airflow/example_dags/example_time_delta_sensor_async.py
[2026-04-21T02:29:10.984+0000] {logging_mixin.py:188} INFO - [2026-04-21T02:29:10.983+0000] {dag.py:3036} INFO - Sync 1 DAGs
[2026-04-21T02:29:10.998+0000] {logging_mixin.py:188} INFO - [2026-04-21T02:29:10.998+0000] {dag.py:3823} INFO - Setting next_dagrun for example_time_delta_sensor_async to None, run_after=None
[2026-04-21T02:29:11.016+0000] {processor.py:183} INFO - Processing /home/airflow/.local/lib/python3.8/site-packages/airflow/example_dags/example_time_delta_sensor_async.py took 0.071 seconds
[2026-04-21T02:29:41.390+0000] {processor.py:161} INFO - Started process (PID=3718456) to work on /home/airflow/.local/lib/python3.8/site-packages/airflow/example_dags/example_time_delta_sensor_async.py
[2026-04-21T02:29:41.392+0000] {processor.py:830} INFO - Processing file /home/airflow/.local/lib/python3.8/site-packages/airflow/example_dags/example_time_delta_sensor_async.py for tasks to queue
[2026-04-21T02:29:41.394+0000] {logging_mixin.py:188} INFO - [2026-04-21T02:29:41.394+0000] {dagbag.py:538} INFO - Filling up the DagBag from /home/airflow/.local/lib/python3.8/site-packages/airflow/example_dags/example_time_delta_sensor_async.py
[2026-04-21T02:29:41.400+0000] {processor.py:840} INFO - DAG(s) 'example_time_delta_sensor_async' retrieved from /home/airflow/.local/lib/python3.8/site-packages/airflow/example_dags/example_time_delta_sensor_async.py
[2026-04-21T02:29:41.424+0000] {logging_mixin.py:188} INFO - [2026-04-21T02:29:41.424+0000] {dag.py:3036} INFO - Sync 1 DAGs
[2026-04-21T02:29:41.438+0000] {logging_mixin.py:188} INFO - [2026-04-21T02:29:41.438+0000] {dag.py:3823} INFO - Setting next_dagrun for example_time_delta_sensor_async to None, run_after=None
[2026-04-21T02:29:41.457+0000] {processor.py:183} INFO - Processing /home/airflow/.local/lib/python3.8/site-packages/airflow/example_dags/example_time_delta_sensor_async.py took 0.072 seconds
[2026-04-21T02:30:12.037+0000] {processor.py:161} INFO - Started process (PID=3718513) to work on /home/airflow/.local/lib/python3.8/site-packages/airflow/example_dags/example_time_delta_sensor_async.py
[2026-04-21T02:30:12.039+0000] {processor.py:830} INFO - Processing file /home/airflow/.local/lib/python3.8/site-packages/airflow/example_dags/example_time_delta_sensor_async.py for tasks to queue
[2026-04-21T02:30:12.041+0000] {logging_mixin.py:188} INFO - [2026-04-21T02:30:12.041+0000] {dagbag.py:538} INFO - Filling up the DagBag from /home/airflow/.local/lib/python3.8/site-packages/airflow/example_dags/example_time_delta_sensor_async.py
[2026-04-21T02:30:12.048+0000] {processor.py:840} INFO - DAG(s) 'example_time_delta_sensor_async' retrieved from /home/airflow/.local/lib/python3.8/site-packages/airflow/example_dags/example_time_delta_sensor_async.py
[2026-04-21T02:30:12.073+0000] {logging_mixin.py:188} INFO - [2026-04-21T02:30:12.073+0000] {dag.py:3036} INFO - Sync 1 DAGs
[2026-04-21T02:30:12.088+0000] {logging_mixin.py:188} INFO - [2026-04-21T02:30:12.088+0000] {dag.py:3823} INFO - Setting next_dagrun for example_time_delta_sensor_async to None, run_after=None
[2026-04-21T02:30:12.108+0000] {processor.py:183} INFO - Processing /home/airflow/.local/lib/python3.8/site-packages/airflow/example_dags/example_time_delta_sensor_async.py took 0.076 seconds
[2026-04-21T02:30:42.446+0000] {processor.py:161} INFO - Started process (PID=3718570) to work on /home/airflow/.local/lib/python3.8/site-packages/airflow/example_dags/example_time_delta_sensor_async.py
[2026-04-21T02:30:42.447+0000] {processor.py:830} INFO - Processing file /home/airflow/.local/lib/python3.8/site-packages/airflow/example_dags/example_time_delta_sensor_async.py for tasks to queue
[2026-04-21T02:30:42.450+0000] {logging_mixin.py:188} INFO - [2026-04-21T02:30:42.449+0000] {dagbag.py:538} INFO - Filling up the DagBag from /home/airflow/.local/lib/python3.8/site-packages/airflow/example_dags/example_time_delta_sensor_async.py
[2026-04-21T02:30:42.456+0000] {processor.py:840} INFO - DAG(s) 'example_time_delta_sensor_async' retrieved from /home/airflow/.local/lib/python3.8/site-packages/airflow/example_dags/example_time_delta_sensor_async.py
[2026-04-21T02:30:42.481+0000] {logging_mixin.py:188} INFO - [2026-04-21T02:30:42.480+0000] {dag.py:3036} INFO - Sync 1 DAGs
[2026-04-21T02:30:42.496+0000] {logging_mixin.py:188} INFO - [2026-04-21T02:30:42.495+0000] {dag.py:3823} INFO - Setting next_dagrun for example_time_delta_sensor_async to None, run_after=None
[2026-04-21T02:30:42.515+0000] {processor.py:183} INFO - Processing /home/airflow/.local/lib/python3.8/site-packages/airflow/example_dags/example_time_delta_sensor_async.py took 0.074 seconds
[2026-04-21T02:31:12.786+0000] {processor.py:161} INFO - Started process (PID=3718627) to work on /home/airflow/.local/lib/python3.8/site-packages/airflow/example_dags/example_time_delta_sensor_async.py
[2026-04-21T02:31:12.789+0000] {processor.py:830} INFO - Processing file /home/airflow/.local/lib/python3.8/site-packages/airflow/example_dags/example_time_delta_sensor_async.py for tasks to queue
[2026-04-21T02:31:12.791+0000] {logging_mixin.py:188} INFO - [2026-04-21T02:31:12.791+0000] {dagbag.py:538} INFO - Filling up the DagBag from /home/airflow/.local/lib/python3.8/site-packages/airflow/example_dags/example_time_delta_sensor_async.py
[2026-04-21T02:31:12.798+0000] {processor.py:840} INFO - DAG(s) 'example_time_delta_sensor_async' retrieved from /home/airflow/.local/lib/python3.8/site-packages/airflow/example_dags/example_time_delta_sensor_async.py
[2026-04-21T02:31:12.825+0000] {logging_mixin.py:188} INFO - [2026-04-21T02:31:12.825+0000] {dag.py:3036} INFO - Sync 1 DAGs
[2026-04-21T02:31:12.841+0000] {logging_mixin.py:188} INFO - [2026-04-21T02:31:12.840+0000] {dag.py:3823} INFO - Setting next_dagrun for example_time_delta_sensor_async to None, run_after=None
[2026-04-21T02:31:12.863+0000] {processor.py:183} INFO - Processing /home/airflow/.local/lib/python3.8/site-packages/airflow/example_dags/example_time_delta_sensor_async.py took 0.081 seconds
[2026-04-21T02:31:43.093+0000] {processor.py:161} INFO - Started process (PID=3718684) to work on /home/airflow/.local/lib/python3.8/site-packages/airflow/example_dags/example_time_delta_sensor_async.py
[2026-04-21T02:31:43.095+0000] {processor.py:830} INFO - Processing file /home/airflow/.local/lib/python3.8/site-packages/airflow/example_dags/example_time_delta_sensor_async.py for tasks to queue
[2026-04-21T02:31:43.097+0000] {logging_mixin.py:188} INFO - [2026-04-21T02:31:43.097+0000] {dagbag.py:538} INFO - Filling up the DagBag from /home/airflow/.local/lib/python3.8/site-packages/airflow/example_dags/example_time_delta_sensor_async.py
[2026-04-21T02:31:43.104+0000] {processor.py:840} INFO - DAG(s) 'example_time_delta_sensor_async' retrieved from /home/airflow/.local/lib/python3.8/site-packages/airflow/example_dags/example_time_delta_sensor_async.py
[2026-04-21T02:31:43.130+0000] {logging_mixin.py:188} INFO - [2026-04-21T02:31:43.130+0000] {dag.py:3036} INFO - Sync 1 DAGs
[2026-04-21T02:31:43.145+0000] {logging_mixin.py:188} INFO - [2026-04-21T02:31:43.145+0000] {dag.py:3823} INFO - Setting next_dagrun for example_time_delta_sensor_async to None, run_after=None
[2026-04-21T02:31:43.178+0000] {processor.py:183} INFO - Processing /home/airflow/.local/lib/python3.8/site-packages/airflow/example_dags/example_time_delta_sensor_async.py took 0.091 seconds
[2026-04-21T02:32:13.497+0000] {processor.py:161} INFO - Started process (PID=3718741) to work on /home/airflow/.local/lib/python3.8/site-packages/airflow/example_dags/example_time_delta_sensor_async.py
[2026-04-21T02:32:13.499+0000] {processor.py:830} INFO - Processing file /home/airflow/.local/lib/python3.8/site-packages/airflow/example_dags/example_time_delta_sensor_async.py for tasks to queue
[2026-04-21T02:32:13.502+0000] {logging_mixin.py:188} INFO - [2026-04-21T02:32:13.501+0000] {dagbag.py:538} INFO - Filling up the DagBag from /home/airflow/.local/lib/python3.8/site-packages/airflow/example_dags/example_time_delta_sensor_async.py
[2026-04-21T02:32:13.509+0000] {processor.py:840} INFO - DAG(s) 'example_time_delta_sensor_async' retrieved from /home/airflow/.local/lib/python3.8/site-packages/airflow/example_dags/example_time_delta_sensor_async.py
[2026-04-21T02:32:13.534+0000] {logging_mixin.py:188} INFO - [2026-04-21T02:32:13.533+0000] {dag.py:3036} INFO - Sync 1 DAGs
[2026-04-21T02:32:13.549+0000] {logging_mixin.py:188} INFO - [2026-04-21T02:32:13.549+0000] {dag.py:3823} INFO - Setting next_dagrun for example_time_delta_sensor_async to None, run_after=None
[2026-04-21T02:32:13.569+0000] {processor.py:183} INFO - Processing /home/airflow/.local/lib/python3.8/site-packages/airflow/example_dags/example_time_delta_sensor_async.py took 0.077 seconds
[2026-04-21T02:32:43.758+0000] {processor.py:161} INFO - Started process (PID=3718798) to work on /home/airflow/.local/lib/python3.8/site-packages/airflow/example_dags/example_time_delta_sensor_async.py
[2026-04-21T02:32:43.760+0000] {processor.py:830} INFO - Processing file /home/airflow/.local/lib/python3.8/site-packages/airflow/example_dags/example_time_delta_sensor_async.py for tasks to queue
[2026-04-21T02:32:43.762+0000] {logging_mixin.py:188} INFO - [2026-04-21T02:32:43.762+0000] {dagbag.py:538} INFO - Filling up the DagBag from /home/airflow/.local/lib/python3.8/site-packages/airflow/example_dags/example_time_delta_sensor_async.py
[2026-04-21T02:32:43.768+0000] {processor.py:840} INFO - DAG(s) 'example_time_delta_sensor_async' retrieved from /home/airflow/.local/lib/python3.8/site-packages/airflow/example_dags/example_time_delta_sensor_async.py
[2026-04-21T02:32:43.793+0000] {logging_mixin.py:188} INFO - [2026-04-21T02:32:43.793+0000] {dag.py:3036} INFO - Sync 1 DAGs
[2026-04-21T02:32:43.809+0000] {logging_mixin.py:188} INFO - [2026-04-21T02:32:43.808+0000] {dag.py:3823} INFO - Setting next_dagrun for example_time_delta_sensor_async to None, run_after=None
[2026-04-21T02:32:43.830+0000] {processor.py:183} INFO - Processing /home/airflow/.local/lib/python3.8/site-packages/airflow/example_dags/example_time_delta_sensor_async.py took 0.077 seconds
[2026-04-21T02:33:13.972+0000] {processor.py:161} INFO - Started process (PID=3718855) to work on /home/airflow/.local/lib/python3.8/site-packages/airflow/example_dags/example_time_delta_sensor_async.py
[2026-04-21T02:33:13.974+0000] {processor.py:830} INFO - Processing file /home/airflow/.local/lib/python3.8/site-packages/airflow/example_dags/example_time_delta_sensor_async.py for tasks to queue
[2026-04-21T02:33:13.976+0000] {logging_mixin.py:188} INFO - [2026-04-21T02:33:13.976+0000] {dagbag.py:538} INFO - Filling up the DagBag from /home/airflow/.local/lib/python3.8/site-packages/airflow/example_dags/example_time_delta_sensor_async.py
[2026-04-21T02:33:13.983+0000] {processor.py:840} INFO - DAG(s) 'example_time_delta_sensor_async' retrieved from /home/airflow/.local/lib/python3.8/site-packages/airflow/example_dags/example_time_delta_sensor_async.py
[2026-04-21T02:33:14.010+0000] {logging_mixin.py:188} INFO - [2026-04-21T02:33:14.010+0000] {dag.py:3036} INFO - Sync 1 DAGs
[2026-04-21T02:33:14.027+0000] {logging_mixin.py:188} INFO - [2026-04-21T02:33:14.027+0000] {dag.py:3823} INFO - Setting next_dagrun for example_time_delta_sensor_async to None, run_after=None
[2026-04-21T02:33:14.051+0000] {processor.py:183} INFO - Processing /home/airflow/.local/lib/python3.8/site-packages/airflow/example_dags/example_time_delta_sensor_async.py took 0.085 seconds
[2026-04-21T02:33:44.813+0000] {processor.py:161} INFO - Started process (PID=3718912) to work on /home/airflow/.local/lib/python3.8/site-packages/airflow/example_dags/example_time_delta_sensor_async.py
[2026-04-21T02:33:44.815+0000] {processor.py:830} INFO - Processing file /home/airflow/.local/lib/python3.8/site-packages/airflow/example_dags/example_time_delta_sensor_async.py for tasks to queue
[2026-04-21T02:33:44.818+0000] {logging_mixin.py:188} INFO - [2026-04-21T02:33:44.817+0000] {dagbag.py:538} INFO - Filling up the DagBag from /home/airflow/.local/lib/python3.8/site-packages/airflow/example_dags/example_time_delta_sensor_async.py
[2026-04-21T02:33:44.824+0000] {processor.py:840} INFO - DAG(s) 'example_time_delta_sensor_async' retrieved from /home/airflow/.local/lib/python3.8/site-packages/airflow/example_dags/example_time_delta_sensor_async.py
[2026-04-21T02:33:44.849+0000] {logging_mixin.py:188} INFO - [2026-04-21T02:33:44.849+0000] {dag.py:3036} INFO - Sync 1 DAGs
[2026-04-21T02:33:45.055+0000] {logging_mixin.py:188} INFO - [2026-04-21T02:33:45.054+0000] {dag.py:3823} INFO - Setting next_dagrun for example_time_delta_sensor_async to None, run_after=None
[2026-04-21T02:33:45.073+0000] {processor.py:183} INFO - Processing /home/airflow/.local/lib/python3.8/site-packages/airflow/example_dags/example_time_delta_sensor_async.py took 0.264 seconds
[2026-04-21T02:34:15.289+0000] {processor.py:161} INFO - Started process (PID=3718975) to work on /home/airflow/.local/lib/python3.8/site-packages/airflow/example_dags/example_time_delta_sensor_async.py
[2026-04-21T02:34:15.292+0000] {processor.py:830} INFO - Processing file /home/airflow/.local/lib/python3.8/site-packages/airflow/example_dags/example_time_delta_sensor_async.py for tasks to queue
[2026-04-21T02:34:15.294+0000] {logging_mixin.py:188} INFO - [2026-04-21T02:34:15.294+0000] {dagbag.py:538} INFO - Filling up the DagBag from /home/airflow/.local/lib/python3.8/site-packages/airflow/example_dags/example_time_delta_sensor_async.py
[2026-04-21T02:34:15.301+0000] {processor.py:840} INFO - DAG(s) 'example_time_delta_sensor_async' retrieved from /home/airflow/.local/lib/python3.8/site-packages/airflow/example_dags/example_time_delta_sensor_async.py
[2026-04-21T02:34:15.326+0000] {logging_mixin.py:188} INFO - [2026-04-21T02:34:15.326+0000] {dag.py:3036} INFO - Sync 1 DAGs
[2026-04-21T02:34:15.340+0000] {logging_mixin.py:188} INFO - [2026-04-21T02:34:15.340+0000] {dag.py:3823} INFO - Setting next_dagrun for example_time_delta_sensor_async to None, run_after=None
[2026-04-21T02:34:15.360+0000] {processor.py:183} INFO - Processing /home/airflow/.local/lib/python3.8/site-packages/airflow/example_dags/example_time_delta_sensor_async.py took 0.076 seconds
[2026-04-21T02:34:45.624+0000] {processor.py:161} INFO - Started process (PID=3719032) to work on /home/airflow/.local/lib/python3.8/site-packages/airflow/example_dags/example_time_delta_sensor_async.py
[2026-04-21T02:34:45.625+0000] {processor.py:830} INFO - Processing file /home/airflow/.local/lib/python3.8/site-packages/airflow/example_dags/example_time_delta_sensor_async.py for tasks to queue
[2026-04-21T02:34:45.628+0000] {logging_mixin.py:188} INFO - [2026-04-21T02:34:45.627+0000] {dagbag.py:538} INFO - Filling up the DagBag from /home/airflow/.local/lib/python3.8/site-packages/airflow/example_dags/example_time_delta_sensor_async.py
[2026-04-21T02:34:45.634+0000] {processor.py:840} INFO - DAG(s) 'example_time_delta_sensor_async' retrieved from /home/airflow/.local/lib/python3.8/site-packages/airflow/example_dags/example_time_delta_sensor_async.py
[2026-04-21T02:34:45.661+0000] {logging_mixin.py:188} INFO - [2026-04-21T02:34:45.661+0000] {dag.py:3036} INFO - Sync 1 DAGs
[2026-04-21T02:34:45.676+0000] {logging_mixin.py:188} INFO - [2026-04-21T02:34:45.675+0000] {dag.py:3823} INFO - Setting next_dagrun for example_time_delta_sensor_async to None, run_after=None
[2026-04-21T02:34:45.695+0000] {processor.py:183} INFO - Processing /home/airflow/.local/lib/python3.8/site-packages/airflow/example_dags/example_time_delta_sensor_async.py took 0.076 seconds
[2026-04-21T02:35:16.146+0000] {processor.py:161} INFO - Started process (PID=3719089) to work on /home/airflow/.local/lib/python3.8/site-packages/airflow/example_dags/example_time_delta_sensor_async.py
[2026-04-21T02:35:16.148+0000] {processor.py:830} INFO - Processing file /home/airflow/.local/lib/python3.8/site-packages/airflow/example_dags/example_time_delta_sensor_async.py for tasks to queue
[2026-04-21T02:35:16.151+0000] {logging_mixin.py:188} INFO - [2026-04-21T02:35:16.150+0000] {dagbag.py:538} INFO - Filling up the DagBag from /home/airflow/.local/lib/python3.8/site-packages/airflow/example_dags/example_time_delta_sensor_async.py
[2026-04-21T02:35:16.157+0000] {processor.py:840} INFO - DAG(s) 'example_time_delta_sensor_async' retrieved from /home/airflow/.local/lib/python3.8/site-packages/airflow/example_dags/example_time_delta_sensor_async.py
[2026-04-21T02:35:16.181+0000] {logging_mixin.py:188} INFO - [2026-04-21T02:35:16.180+0000] {dag.py:3036} INFO - Sync 1 DAGs
[2026-04-21T02:35:16.195+0000] {logging_mixin.py:188} INFO - [2026-04-21T02:35:16.195+0000] {dag.py:3823} INFO - Setting next_dagrun for example_time_delta_sensor_async to None, run_after=None
[2026-04-21T02:35:16.214+0000] {processor.py:183} INFO - Processing /home/airflow/.local/lib/python3.8/site-packages/airflow/example_dags/example_time_delta_sensor_async.py took 0.072 seconds
[2026-04-21T02:35:46.368+0000] {processor.py:161} INFO - Started process (PID=3719146) to work on /home/airflow/.local/lib/python3.8/site-packages/airflow/example_dags/example_time_delta_sensor_async.py
[2026-04-21T02:35:46.369+0000] {processor.py:830} INFO - Processing file /home/airflow/.local/lib/python3.8/site-packages/airflow/example_dags/example_time_delta_sensor_async.py for tasks to queue
[2026-04-21T02:35:46.371+0000] {logging_mixin.py:188} INFO - [2026-04-21T02:35:46.371+0000] {dagbag.py:538} INFO - Filling up the DagBag from /home/airflow/.local/lib/python3.8/site-packages/airflow/example_dags/example_time_delta_sensor_async.py
[2026-04-21T02:35:46.378+0000] {processor.py:840} INFO - DAG(s) 'example_time_delta_sensor_async' retrieved from /home/airflow/.local/lib/python3.8/site-packages/airflow/example_dags/example_time_delta_sensor_async.py
[2026-04-21T02:35:46.402+0000] {logging_mixin.py:188} INFO - [2026-04-21T02:35:46.402+0000] {dag.py:3036} INFO - Sync 1 DAGs
[2026-04-21T02:35:46.417+0000] {logging_mixin.py:188} INFO - [2026-04-21T02:35:46.416+0000] {dag.py:3823} INFO - Setting next_dagrun for example_time_delta_sensor_async to None, run_after=None
[2026-04-21T02:35:46.439+0000] {processor.py:183} INFO - Processing /home/airflow/.local/lib/python3.8/site-packages/airflow/example_dags/example_time_delta_sensor_async.py took 0.076 seconds
[2026-04-21T02:36:16.695+0000] {processor.py:161} INFO - Started process (PID=3719203) to work on /home/airflow/.local/lib/python3.8/site-packages/airflow/example_dags/example_time_delta_sensor_async.py
[2026-04-21T02:36:16.697+0000] {processor.py:830} INFO - Processing file /home/airflow/.local/lib/python3.8/site-packages/airflow/example_dags/example_time_delta_sensor_async.py for tasks to queue
[2026-04-21T02:36:16.700+0000] {logging_mixin.py:188} INFO - [2026-04-21T02:36:16.699+0000] {dagbag.py:538} INFO - Filling up the DagBag from /home/airflow/.local/lib/python3.8/site-packages/airflow/example_dags/example_time_delta_sensor_async.py
[2026-04-21T02:36:16.706+0000] {processor.py:840} INFO - DAG(s) 'example_time_delta_sensor_async' retrieved from /home/airflow/.local/lib/python3.8/site-packages/airflow/example_dags/example_time_delta_sensor_async.py
[2026-04-21T02:36:16.731+0000] {logging_mixin.py:188} INFO - [2026-04-21T02:36:16.731+0000] {dag.py:3036} INFO - Sync 1 DAGs
[2026-04-21T02:36:16.745+0000] {logging_mixin.py:188} INFO - [2026-04-21T02:36:16.745+0000] {dag.py:3823} INFO - Setting next_dagrun for example_time_delta_sensor_async to None, run_after=None
[2026-04-21T02:36:16.765+0000] {processor.py:183} INFO - Processing /home/airflow/.local/lib/python3.8/site-packages/airflow/example_dags/example_time_delta_sensor_async.py took 0.075 seconds
[2026-04-21T02:36:46.962+0000] {processor.py:161} INFO - Started process (PID=3719260) to work on /home/airflow/.local/lib/python3.8/site-packages/airflow/example_dags/example_time_delta_sensor_async.py
[2026-04-21T02:36:46.963+0000] {processor.py:830} INFO - Processing file /home/airflow/.local/lib/python3.8/site-packages/airflow/example_dags/example_time_delta_sensor_async.py for tasks to queue
[2026-04-21T02:36:46.965+0000] {logging_mixin.py:188} INFO - [2026-04-21T02:36:46.965+0000] {dagbag.py:538} INFO - Filling up the DagBag from /home/airflow/.local/lib/python3.8/site-packages/airflow/example_dags/example_time_delta_sensor_async.py
[2026-04-21T02:36:46.971+0000] {processor.py:840} INFO - DAG(s) 'example_time_delta_sensor_async' retrieved from /home/airflow/.local/lib/python3.8/site-packages/airflow/example_dags/example_time_delta_sensor_async.py
[2026-04-21T02:36:46.997+0000] {logging_mixin.py:188} INFO - [2026-04-21T02:36:46.996+0000] {dag.py:3036} INFO - Sync 1 DAGs
[2026-04-21T02:36:47.010+0000] {logging_mixin.py:188} INFO - [2026-04-21T02:36:47.010+0000] {dag.py:3823} INFO - Setting next_dagrun for example_time_delta_sensor_async to None, run_after=None
[2026-04-21T02:36:47.030+0000] {processor.py:183} INFO - Processing /home/airflow/.local/lib/python3.8/site-packages/airflow/example_dags/example_time_delta_sensor_async.py took 0.073 seconds
[2026-04-21T02:37:17.185+0000] {processor.py:161} INFO - Started process (PID=3719317) to work on /home/airflow/.local/lib/python3.8/site-packages/airflow/example_dags/example_time_delta_sensor_async.py
[2026-04-21T02:37:17.187+0000] {processor.py:830} INFO - Processing file /home/airflow/.local/lib/python3.8/site-packages/airflow/example_dags/example_time_delta_sensor_async.py for tasks to queue
[2026-04-21T02:37:17.189+0000] {logging_mixin.py:188} INFO - [2026-04-21T02:37:17.189+0000] {dagbag.py:538} INFO - Filling up the DagBag from /home/airflow/.local/lib/python3.8/site-packages/airflow/example_dags/example_time_delta_sensor_async.py
[2026-04-21T02:37:17.196+0000] {processor.py:840} INFO - DAG(s) 'example_time_delta_sensor_async' retrieved from /home/airflow/.local/lib/python3.8/site-packages/airflow/example_dags/example_time_delta_sensor_async.py
[2026-04-21T02:37:17.224+0000] {logging_mixin.py:188} INFO - [2026-04-21T02:37:17.224+0000] {dag.py:3036} INFO - Sync 1 DAGs
[2026-04-21T02:37:17.238+0000] {logging_mixin.py:188} INFO - [2026-04-21T02:37:17.238+0000] {dag.py:3823} INFO - Setting next_dagrun for example_time_delta_sensor_async to None, run_after=None
[2026-04-21T02:37:17.260+0000] {processor.py:183} INFO - Processing /home/airflow/.local/lib/python3.8/site-packages/airflow/example_dags/example_time_delta_sensor_async.py took 0.080 seconds
[2026-04-21T02:37:47.422+0000] {processor.py:161} INFO - Started process (PID=3719374) to work on /home/airflow/.local/lib/python3.8/site-packages/airflow/example_dags/example_time_delta_sensor_async.py
[2026-04-21T02:37:47.424+0000] {processor.py:830} INFO - Processing file /home/airflow/.local/lib/python3.8/site-packages/airflow/example_dags/example_time_delta_sensor_async.py for tasks to queue
[2026-04-21T02:37:47.426+0000] {logging_mixin.py:188} INFO - [2026-04-21T02:37:47.426+0000] {dagbag.py:538} INFO - Filling up the DagBag from /home/airflow/.local/lib/python3.8/site-packages/airflow/example_dags/example_time_delta_sensor_async.py
[2026-04-21T02:37:47.433+0000] {processor.py:840} INFO - DAG(s) 'example_time_delta_sensor_async' retrieved from /home/airflow/.local/lib/python3.8/site-packages/airflow/example_dags/example_time_delta_sensor_async.py
[2026-04-21T02:37:47.457+0000] {logging_mixin.py:188} INFO - [2026-04-21T02:37:47.457+0000] {dag.py:3036} INFO - Sync 1 DAGs
[2026-04-21T02:37:47.471+0000] {logging_mixin.py:188} INFO - [2026-04-21T02:37:47.471+0000] {dag.py:3823} INFO - Setting next_dagrun for example_time_delta_sensor_async to None, run_after=None
[2026-04-21T02:37:47.490+0000] {processor.py:183} INFO - Processing /home/airflow/.local/lib/python3.8/site-packages/airflow/example_dags/example_time_delta_sensor_async.py took 0.073 seconds
[2026-04-21T02:38:17.719+0000] {processor.py:161} INFO - Started process (PID=3719431) to work on /home/airflow/.local/lib/python3.8/site-packages/airflow/example_dags/example_time_delta_sensor_async.py
[2026-04-21T02:38:17.721+0000] {processor.py:830} INFO - Processing file /home/airflow/.local/lib/python3.8/site-packages/airflow/example_dags/example_time_delta_sensor_async.py for tasks to queue
[2026-04-21T02:38:17.723+0000] {logging_mixin.py:188} INFO - [2026-04-21T02:38:17.723+0000] {dagbag.py:538} INFO - Filling up the DagBag from /home/airflow/.local/lib/python3.8/site-packages/airflow/example_dags/example_time_delta_sensor_async.py
[2026-04-21T02:38:17.729+0000] {processor.py:840} INFO - DAG(s) 'example_time_delta_sensor_async' retrieved from /home/airflow/.local/lib/python3.8/site-packages/airflow/example_dags/example_time_delta_sensor_async.py
[2026-04-21T02:38:17.752+0000] {logging_mixin.py:188} INFO - [2026-04-21T02:38:17.752+0000] {dag.py:3036} INFO - Sync 1 DAGs
[2026-04-21T02:38:17.766+0000] {logging_mixin.py:188} INFO - [2026-04-21T02:38:17.766+0000] {dag.py:3823} INFO - Setting next_dagrun for example_time_delta_sensor_async to None, run_after=None
[2026-04-21T02:38:17.785+0000] {processor.py:183} INFO - Processing /home/airflow/.local/lib/python3.8/site-packages/airflow/example_dags/example_time_delta_sensor_async.py took 0.071 seconds
[2026-04-21T02:38:48.135+0000] {processor.py:161} INFO - Started process (PID=3719488) to work on /home/airflow/.local/lib/python3.8/site-packages/airflow/example_dags/example_time_delta_sensor_async.py
[2026-04-21T02:38:48.137+0000] {processor.py:830} INFO - Processing file /home/airflow/.local/lib/python3.8/site-packages/airflow/example_dags/example_time_delta_sensor_async.py for tasks to queue
[2026-04-21T02:38:48.140+0000] {logging_mixin.py:188} INFO - [2026-04-21T02:38:48.139+0000] {dagbag.py:538} INFO - Filling up the DagBag from /home/airflow/.local/lib/python3.8/site-packages/airflow/example_dags/example_time_delta_sensor_async.py
[2026-04-21T02:38:48.146+0000] {processor.py:840} INFO - DAG(s) 'example_time_delta_sensor_async' retrieved from /home/airflow/.local/lib/python3.8/site-packages/airflow/example_dags/example_time_delta_sensor_async.py
[2026-04-21T02:38:48.169+0000] {logging_mixin.py:188} INFO - [2026-04-21T02:38:48.169+0000] {dag.py:3036} INFO - Sync 1 DAGs
[2026-04-21T02:38:48.183+0000] {logging_mixin.py:188} INFO - [2026-04-21T02:38:48.183+0000] {dag.py:3823} INFO - Setting next_dagrun for example_time_delta_sensor_async to None, run_after=None
[2026-04-21T02:38:48.204+0000] {processor.py:183} INFO - Processing /home/airflow/.local/lib/python3.8/site-packages/airflow/example_dags/example_time_delta_sensor_async.py took 0.073 seconds
[2026-04-21T02:39:18.684+0000] {processor.py:161} INFO - Started process (PID=3719545) to work on /home/airflow/.local/lib/python3.8/site-packages/airflow/example_dags/example_time_delta_sensor_async.py
[2026-04-21T02:39:18.686+0000] {processor.py:830} INFO - Processing file /home/airflow/.local/lib/python3.8/site-packages/airflow/example_dags/example_time_delta_sensor_async.py for tasks to queue
[2026-04-21T02:39:18.688+0000] {logging_mixin.py:188} INFO - [2026-04-21T02:39:18.688+0000] {dagbag.py:538} INFO - Filling up the DagBag from /home/airflow/.local/lib/python3.8/site-packages/airflow/example_dags/example_time_delta_sensor_async.py
[2026-04-21T02:39:18.694+0000] {processor.py:840} INFO - DAG(s) 'example_time_delta_sensor_async' retrieved from /home/airflow/.local/lib/python3.8/site-packages/airflow/example_dags/example_time_delta_sensor_async.py
[2026-04-21T02:39:18.720+0000] {logging_mixin.py:188} INFO - [2026-04-21T02:39:18.719+0000] {dag.py:3036} INFO - Sync 1 DAGs
[2026-04-21T02:39:18.734+0000] {logging_mixin.py:188} INFO - [2026-04-21T02:39:18.734+0000] {dag.py:3823} INFO - Setting next_dagrun for example_time_delta_sensor_async to None, run_after=None
[2026-04-21T02:39:18.755+0000] {processor.py:183} INFO - Processing /home/airflow/.local/lib/python3.8/site-packages/airflow/example_dags/example_time_delta_sensor_async.py took 0.076 seconds
[2026-04-21T02:39:49.187+0000] {processor.py:161} INFO - Started process (PID=3719602) to work on /home/airflow/.local/lib/python3.8/site-packages/airflow/example_dags/example_time_delta_sensor_async.py
[2026-04-21T02:39:49.188+0000] {processor.py:830} INFO - Processing file /home/airflow/.local/lib/python3.8/site-packages/airflow/example_dags/example_time_delta_sensor_async.py for tasks to queue
[2026-04-21T02:39:49.191+0000] {logging_mixin.py:188} INFO - [2026-04-21T02:39:49.190+0000] {dagbag.py:538} INFO - Filling up the DagBag from /home/airflow/.local/lib/python3.8/site-packages/airflow/example_dags/example_time_delta_sensor_async.py
[2026-04-21T02:39:49.197+0000] {processor.py:840} INFO - DAG(s) 'example_time_delta_sensor_async' retrieved from /home/airflow/.local/lib/python3.8/site-packages/airflow/example_dags/example_time_delta_sensor_async.py
[2026-04-21T02:39:49.221+0000] {logging_mixin.py:188} INFO - [2026-04-21T02:39:49.220+0000] {dag.py:3036} INFO - Sync 1 DAGs
[2026-04-21T02:39:49.234+0000] {logging_mixin.py:188} INFO - [2026-04-21T02:39:49.234+0000] {dag.py:3823} INFO - Setting next_dagrun for example_time_delta_sensor_async to None, run_after=None
[2026-04-21T02:39:49.253+0000] {processor.py:183} INFO - Processing /home/airflow/.local/lib/python3.8/site-packages/airflow/example_dags/example_time_delta_sensor_async.py took 0.071 seconds
[2026-04-21T02:40:20.046+0000] {processor.py:161} INFO - Started process (PID=3719659) to work on /home/airflow/.local/lib/python3.8/site-packages/airflow/example_dags/example_time_delta_sensor_async.py
[2026-04-21T02:40:20.048+0000] {processor.py:830} INFO - Processing file /home/airflow/.local/lib/python3.8/site-packages/airflow/example_dags/example_time_delta_sensor_async.py for tasks to queue
[2026-04-21T02:40:20.050+0000] {logging_mixin.py:188} INFO - [2026-04-21T02:40:20.049+0000] {dagbag.py:538} INFO - Filling up the DagBag from /home/airflow/.local/lib/python3.8/site-packages/airflow/example_dags/example_time_delta_sensor_async.py
[2026-04-21T02:40:20.056+0000] {processor.py:840} INFO - DAG(s) 'example_time_delta_sensor_async' retrieved from /home/airflow/.local/lib/python3.8/site-packages/airflow/example_dags/example_time_delta_sensor_async.py
[2026-04-21T02:40:20.079+0000] {logging_mixin.py:188} INFO - [2026-04-21T02:40:20.079+0000] {dag.py:3036} INFO - Sync 1 DAGs
[2026-04-21T02:40:20.094+0000] {logging_mixin.py:188} INFO - [2026-04-21T02:40:20.094+0000] {dag.py:3823} INFO - Setting next_dagrun for example_time_delta_sensor_async to None, run_after=None
[2026-04-21T02:40:20.113+0000] {processor.py:183} INFO - Processing /home/airflow/.local/lib/python3.8/site-packages/airflow/example_dags/example_time_delta_sensor_async.py took 0.072 seconds
[2026-04-21T02:40:50.387+0000] {processor.py:161} INFO - Started process (PID=3719716) to work on /home/airflow/.local/lib/python3.8/site-packages/airflow/example_dags/example_time_delta_sensor_async.py
[2026-04-21T02:40:50.389+0000] {processor.py:830} INFO - Processing file /home/airflow/.local/lib/python3.8/site-packages/airflow/example_dags/example_time_delta_sensor_async.py for tasks to queue
[2026-04-21T02:40:50.391+0000] {logging_mixin.py:188} INFO - [2026-04-21T02:40:50.391+0000] {dagbag.py:538} INFO - Filling up the DagBag from /home/airflow/.local/lib/python3.8/site-packages/airflow/example_dags/example_time_delta_sensor_async.py
[2026-04-21T02:40:50.397+0000] {processor.py:840} INFO - DAG(s) 'example_time_delta_sensor_async' retrieved from /home/airflow/.local/lib/python3.8/site-packages/airflow/example_dags/example_time_delta_sensor_async.py
[2026-04-21T02:40:50.422+0000] {logging_mixin.py:188} INFO - [2026-04-21T02:40:50.422+0000] {dag.py:3036} INFO - Sync 1 DAGs
[2026-04-21T02:40:50.437+0000] {logging_mixin.py:188} INFO - [2026-04-21T02:40:50.437+0000] {dag.py:3823} INFO - Setting next_dagrun for example_time_delta_sensor_async to None, run_after=None
[2026-04-21T02:40:50.456+0000] {processor.py:183} INFO - Processing /home/airflow/.local/lib/python3.8/site-packages/airflow/example_dags/example_time_delta_sensor_async.py took 0.075 seconds
[2026-04-21T02:41:21.362+0000] {processor.py:161} INFO - Started process (PID=3719773) to work on /home/airflow/.local/lib/python3.8/site-packages/airflow/example_dags/example_time_delta_sensor_async.py
[2026-04-21T02:41:21.364+0000] {processor.py:830} INFO - Processing file /home/airflow/.local/lib/python3.8/site-packages/airflow/example_dags/example_time_delta_sensor_async.py for tasks to queue
[2026-04-21T02:41:21.367+0000] {logging_mixin.py:188} INFO - [2026-04-21T02:41:21.366+0000] {dagbag.py:538} INFO - Filling up the DagBag from /home/airflow/.local/lib/python3.8/site-packages/airflow/example_dags/example_time_delta_sensor_async.py
[2026-04-21T02:41:21.374+0000] {processor.py:840} INFO - DAG(s) 'example_time_delta_sensor_async' retrieved from /home/airflow/.local/lib/python3.8/site-packages/airflow/example_dags/example_time_delta_sensor_async.py
[2026-04-21T02:41:21.398+0000] {logging_mixin.py:188} INFO - [2026-04-21T02:41:21.398+0000] {dag.py:3036} INFO - Sync 1 DAGs
[2026-04-21T02:41:21.413+0000] {logging_mixin.py:188} INFO - [2026-04-21T02:41:21.413+0000] {dag.py:3823} INFO - Setting next_dagrun for example_time_delta_sensor_async to None, run_after=None
[2026-04-21T02:41:21.442+0000] {processor.py:183} INFO - Processing /home/airflow/.local/lib/python3.8/site-packages/airflow/example_dags/example_time_delta_sensor_async.py took 0.085 seconds
[2026-04-21T02:41:52.252+0000] {processor.py:161} INFO - Started process (PID=3719830) to work on /home/airflow/.local/lib/python3.8/site-packages/airflow/example_dags/example_time_delta_sensor_async.py
[2026-04-21T02:41:52.254+0000] {processor.py:830} INFO - Processing file /home/airflow/.local/lib/python3.8/site-packages/airflow/example_dags/example_time_delta_sensor_async.py for tasks to queue
[2026-04-21T02:41:52.257+0000] {logging_mixin.py:188} INFO - [2026-04-21T02:41:52.256+0000] {dagbag.py:538} INFO - Filling up the DagBag from /home/airflow/.local/lib/python3.8/site-packages/airflow/example_dags/example_time_delta_sensor_async.py
[2026-04-21T02:41:52.263+0000] {processor.py:840} INFO - DAG(s) 'example_time_delta_sensor_async' retrieved from /home/airflow/.local/lib/python3.8/site-packages/airflow/example_dags/example_time_delta_sensor_async.py
[2026-04-21T02:41:52.287+0000] {logging_mixin.py:188} INFO - [2026-04-21T02:41:52.287+0000] {dag.py:3036} INFO - Sync 1 DAGs
[2026-04-21T02:41:52.302+0000] {logging_mixin.py:188} INFO - [2026-04-21T02:41:52.302+0000] {dag.py:3823} INFO - Setting next_dagrun for example_time_delta_sensor_async to None, run_after=None
[2026-04-21T02:41:52.320+0000] {processor.py:183} INFO - Processing /home/airflow/.local/lib/python3.8/site-packages/airflow/example_dags/example_time_delta_sensor_async.py took 0.073 seconds
[2026-04-21T02:42:22.601+0000] {processor.py:161} INFO - Started process (PID=3719887) to work on /home/airflow/.local/lib/python3.8/site-packages/airflow/example_dags/example_time_delta_sensor_async.py
[2026-04-21T02:42:22.603+0000] {processor.py:830} INFO - Processing file /home/airflow/.local/lib/python3.8/site-packages/airflow/example_dags/example_time_delta_sensor_async.py for tasks to queue
[2026-04-21T02:42:22.605+0000] {logging_mixin.py:188} INFO - [2026-04-21T02:42:22.605+0000] {dagbag.py:538} INFO - Filling up the DagBag from /home/airflow/.local/lib/python3.8/site-packages/airflow/example_dags/example_time_delta_sensor_async.py
[2026-04-21T02:42:22.611+0000] {processor.py:840} INFO - DAG(s) 'example_time_delta_sensor_async' retrieved from /home/airflow/.local/lib/python3.8/site-packages/airflow/example_dags/example_time_delta_sensor_async.py
[2026-04-21T02:42:22.635+0000] {logging_mixin.py:188} INFO - [2026-04-21T02:42:22.635+0000] {dag.py:3036} INFO - Sync 1 DAGs
[2026-04-21T02:42:22.650+0000] {logging_mixin.py:188} INFO - [2026-04-21T02:42:22.650+0000] {dag.py:3823} INFO - Setting next_dagrun for example_time_delta_sensor_async to None, run_after=None
[2026-04-21T02:42:22.669+0000] {processor.py:183} INFO - Processing /home/airflow/.local/lib/python3.8/site-packages/airflow/example_dags/example_time_delta_sensor_async.py took 0.073 seconds
[2026-04-21T02:42:53.083+0000] {processor.py:161} INFO - Started process (PID=3719944) to work on /home/airflow/.local/lib/python3.8/site-packages/airflow/example_dags/example_time_delta_sensor_async.py
[2026-04-21T02:42:53.085+0000] {processor.py:830} INFO - Processing file /home/airflow/.local/lib/python3.8/site-packages/airflow/example_dags/example_time_delta_sensor_async.py for tasks to queue
[2026-04-21T02:42:53.088+0000] {logging_mixin.py:188} INFO - [2026-04-21T02:42:53.088+0000] {dagbag.py:538} INFO - Filling up the DagBag from /home/airflow/.local/lib/python3.8/site-packages/airflow/example_dags/example_time_delta_sensor_async.py
[2026-04-21T02:42:53.096+0000] {processor.py:840} INFO - DAG(s) 'example_time_delta_sensor_async' retrieved from /home/airflow/.local/lib/python3.8/site-packages/airflow/example_dags/example_time_delta_sensor_async.py
[2026-04-21T02:42:53.128+0000] {logging_mixin.py:188} INFO - [2026-04-21T02:42:53.128+0000] {dag.py:3036} INFO - Sync 1 DAGs
[2026-04-21T02:42:53.144+0000] {logging_mixin.py:188} INFO - [2026-04-21T02:42:53.144+0000] {dag.py:3823} INFO - Setting next_dagrun for example_time_delta_sensor_async to None, run_after=None
[2026-04-21T02:42:53.165+0000] {processor.py:183} INFO - Processing /home/airflow/.local/lib/python3.8/site-packages/airflow/example_dags/example_time_delta_sensor_async.py took 0.088 seconds
[2026-04-21T02:43:23.345+0000] {processor.py:161} INFO - Started process (PID=3720001) to work on /home/airflow/.local/lib/python3.8/site-packages/airflow/example_dags/example_time_delta_sensor_async.py
[2026-04-21T02:43:23.347+0000] {processor.py:830} INFO - Processing file /home/airflow/.local/lib/python3.8/site-packages/airflow/example_dags/example_time_delta_sensor_async.py for tasks to queue
[2026-04-21T02:43:23.350+0000] {logging_mixin.py:188} INFO - [2026-04-21T02:43:23.349+0000] {dagbag.py:538} INFO - Filling up the DagBag from /home/airflow/.local/lib/python3.8/site-packages/airflow/example_dags/example_time_delta_sensor_async.py
[2026-04-21T02:43:23.356+0000] {processor.py:840} INFO - DAG(s) 'example_time_delta_sensor_async' retrieved from /home/airflow/.local/lib/python3.8/site-packages/airflow/example_dags/example_time_delta_sensor_async.py
[2026-04-21T02:43:23.380+0000] {logging_mixin.py:188} INFO - [2026-04-21T02:43:23.379+0000] {dag.py:3036} INFO - Sync 1 DAGs
[2026-04-21T02:43:23.394+0000] {logging_mixin.py:188} INFO - [2026-04-21T02:43:23.393+0000] {dag.py:3823} INFO - Setting next_dagrun for example_time_delta_sensor_async to None, run_after=None
[2026-04-21T02:43:23.412+0000] {processor.py:183} INFO - Processing /home/airflow/.local/lib/python3.8/site-packages/airflow/example_dags/example_time_delta_sensor_async.py took 0.071 seconds
[2026-04-21T02:43:53.555+0000] {processor.py:161} INFO - Started process (PID=3720058) to work on /home/airflow/.local/lib/python3.8/site-packages/airflow/example_dags/example_time_delta_sensor_async.py
[2026-04-21T02:43:53.556+0000] {processor.py:830} INFO - Processing file /home/airflow/.local/lib/python3.8/site-packages/airflow/example_dags/example_time_delta_sensor_async.py for tasks to queue
[2026-04-21T02:43:53.559+0000] {logging_mixin.py:188} INFO - [2026-04-21T02:43:53.558+0000] {dagbag.py:538} INFO - Filling up the DagBag from /home/airflow/.local/lib/python3.8/site-packages/airflow/example_dags/example_time_delta_sensor_async.py
[2026-04-21T02:43:53.565+0000] {processor.py:840} INFO - DAG(s) 'example_time_delta_sensor_async' retrieved from /home/airflow/.local/lib/python3.8/site-packages/airflow/example_dags/example_time_delta_sensor_async.py
[2026-04-21T02:43:53.589+0000] {logging_mixin.py:188} INFO - [2026-04-21T02:43:53.589+0000] {dag.py:3036} INFO - Sync 1 DAGs
[2026-04-21T02:43:53.604+0000] {logging_mixin.py:188} INFO - [2026-04-21T02:43:53.603+0000] {dag.py:3823} INFO - Setting next_dagrun for example_time_delta_sensor_async to None, run_after=None
[2026-04-21T02:43:53.623+0000] {processor.py:183} INFO - Processing /home/airflow/.local/lib/python3.8/site-packages/airflow/example_dags/example_time_delta_sensor_async.py took 0.073 seconds
[2026-04-21T02:44:24.266+0000] {processor.py:161} INFO - Started process (PID=3720112) to work on /home/airflow/.local/lib/python3.8/site-packages/airflow/example_dags/example_time_delta_sensor_async.py
[2026-04-21T02:44:24.268+0000] {processor.py:830} INFO - Processing file /home/airflow/.local/lib/python3.8/site-packages/airflow/example_dags/example_time_delta_sensor_async.py for tasks to queue
[2026-04-21T02:44:24.271+0000] {logging_mixin.py:188} INFO - [2026-04-21T02:44:24.270+0000] {dagbag.py:538} INFO - Filling up the DagBag from /home/airflow/.local/lib/python3.8/site-packages/airflow/example_dags/example_time_delta_sensor_async.py
[2026-04-21T02:44:24.277+0000] {processor.py:840} INFO - DAG(s) 'example_time_delta_sensor_async' retrieved from /home/airflow/.local/lib/python3.8/site-packages/airflow/example_dags/example_time_delta_sensor_async.py
[2026-04-21T02:44:24.302+0000] {logging_mixin.py:188} INFO - [2026-04-21T02:44:24.301+0000] {dag.py:3036} INFO - Sync 1 DAGs
[2026-04-21T02:44:24.315+0000] {logging_mixin.py:188} INFO - [2026-04-21T02:44:24.315+0000] {dag.py:3823} INFO - Setting next_dagrun for example_time_delta_sensor_async to None, run_after=None
[2026-04-21T02:44:24.334+0000] {processor.py:183} INFO - Processing /home/airflow/.local/lib/python3.8/site-packages/airflow/example_dags/example_time_delta_sensor_async.py took 0.073 seconds
[2026-04-21T02:44:54.425+0000] {processor.py:161} INFO - Started process (PID=3720167) to work on /home/airflow/.local/lib/python3.8/site-packages/airflow/example_dags/example_time_delta_sensor_async.py
[2026-04-21T02:44:54.427+0000] {processor.py:830} INFO - Processing file /home/airflow/.local/lib/python3.8/site-packages/airflow/example_dags/example_time_delta_sensor_async.py for tasks to queue
[2026-04-21T02:44:54.430+0000] {logging_mixin.py:188} INFO - [2026-04-21T02:44:54.429+0000] {dagbag.py:538} INFO - Filling up the DagBag from /home/airflow/.local/lib/python3.8/site-packages/airflow/example_dags/example_time_delta_sensor_async.py
[2026-04-21T02:44:54.436+0000] {processor.py:840} INFO - DAG(s) 'example_time_delta_sensor_async' retrieved from /home/airflow/.local/lib/python3.8/site-packages/airflow/example_dags/example_time_delta_sensor_async.py
[2026-04-21T02:44:54.460+0000] {logging_mixin.py:188} INFO - [2026-04-21T02:44:54.460+0000] {dag.py:3036} INFO - Sync 1 DAGs
[2026-04-21T02:44:54.474+0000] {logging_mixin.py:188} INFO - [2026-04-21T02:44:54.474+0000] {dag.py:3823} INFO - Setting next_dagrun for example_time_delta_sensor_async to None, run_after=None
[2026-04-21T02:44:54.492+0000] {processor.py:183} INFO - Processing /home/airflow/.local/lib/python3.8/site-packages/airflow/example_dags/example_time_delta_sensor_async.py took 0.072 seconds
[2026-04-21T02:45:24.792+0000] {processor.py:161} INFO - Started process (PID=3720224) to work on /home/airflow/.local/lib/python3.8/site-packages/airflow/example_dags/example_time_delta_sensor_async.py
[2026-04-21T02:45:24.794+0000] {processor.py:830} INFO - Processing file /home/airflow/.local/lib/python3.8/site-packages/airflow/example_dags/example_time_delta_sensor_async.py for tasks to queue
[2026-04-21T02:45:24.796+0000] {logging_mixin.py:188} INFO - [2026-04-21T02:45:24.796+0000] {dagbag.py:538} INFO - Filling up the DagBag from /home/airflow/.local/lib/python3.8/site-packages/airflow/example_dags/example_time_delta_sensor_async.py
[2026-04-21T02:45:24.803+0000] {processor.py:840} INFO - DAG(s) 'example_time_delta_sensor_async' retrieved from /home/airflow/.local/lib/python3.8/site-packages/airflow/example_dags/example_time_delta_sensor_async.py
[2026-04-21T02:45:24.826+0000] {logging_mixin.py:188} INFO - [2026-04-21T02:45:24.826+0000] {dag.py:3036} INFO - Sync 1 DAGs
[2026-04-21T02:45:24.841+0000] {logging_mixin.py:188} INFO - [2026-04-21T02:45:24.840+0000] {dag.py:3823} INFO - Setting next_dagrun for example_time_delta_sensor_async to None, run_after=None
[2026-04-21T02:45:24.859+0000] {processor.py:183} INFO - Processing /home/airflow/.local/lib/python3.8/site-packages/airflow/example_dags/example_time_delta_sensor_async.py took 0.072 seconds
[2026-04-21T02:45:54.991+0000] {processor.py:161} INFO - Started process (PID=3720281) to work on /home/airflow/.local/lib/python3.8/site-packages/airflow/example_dags/example_time_delta_sensor_async.py
[2026-04-21T02:45:54.993+0000] {processor.py:830} INFO - Processing file /home/airflow/.local/lib/python3.8/site-packages/airflow/example_dags/example_time_delta_sensor_async.py for tasks to queue
[2026-04-21T02:45:54.996+0000] {logging_mixin.py:188} INFO - [2026-04-21T02:45:54.995+0000] {dagbag.py:538} INFO - Filling up the DagBag from /home/airflow/.local/lib/python3.8/site-packages/airflow/example_dags/example_time_delta_sensor_async.py
[2026-04-21T02:45:55.002+0000] {processor.py:840} INFO - DAG(s) 'example_time_delta_sensor_async' retrieved from /home/airflow/.local/lib/python3.8/site-packages/airflow/example_dags/example_time_delta_sensor_async.py
[2026-04-21T02:45:55.026+0000] {logging_mixin.py:188} INFO - [2026-04-21T02:45:55.026+0000] {dag.py:3036} INFO - Sync 1 DAGs
[2026-04-21T02:45:55.041+0000] {logging_mixin.py:188} INFO - [2026-04-21T02:45:55.040+0000] {dag.py:3823} INFO - Setting next_dagrun for example_time_delta_sensor_async to None, run_after=None
[2026-04-21T02:45:55.059+0000] {processor.py:183} INFO - Processing /home/airflow/.local/lib/python3.8/site-packages/airflow/example_dags/example_time_delta_sensor_async.py took 0.073 seconds
[2026-04-21T02:46:25.257+0000] {processor.py:161} INFO - Started process (PID=3720338) to work on /home/airflow/.local/lib/python3.8/site-packages/airflow/example_dags/example_time_delta_sensor_async.py
[2026-04-21T02:46:25.259+0000] {processor.py:830} INFO - Processing file /home/airflow/.local/lib/python3.8/site-packages/airflow/example_dags/example_time_delta_sensor_async.py for tasks to queue
[2026-04-21T02:46:25.261+0000] {logging_mixin.py:188} INFO - [2026-04-21T02:46:25.261+0000] {dagbag.py:538} INFO - Filling up the DagBag from /home/airflow/.local/lib/python3.8/site-packages/airflow/example_dags/example_time_delta_sensor_async.py
[2026-04-21T02:46:25.267+0000] {processor.py:840} INFO - DAG(s) 'example_time_delta_sensor_async' retrieved from /home/airflow/.local/lib/python3.8/site-packages/airflow/example_dags/example_time_delta_sensor_async.py
[2026-04-21T02:46:25.292+0000] {logging_mixin.py:188} INFO - [2026-04-21T02:46:25.292+0000] {dag.py:3036} INFO - Sync 1 DAGs
[2026-04-21T02:46:25.306+0000] {logging_mixin.py:188} INFO - [2026-04-21T02:46:25.306+0000] {dag.py:3823} INFO - Setting next_dagrun for example_time_delta_sensor_async to None, run_after=None
[2026-04-21T02:46:25.325+0000] {processor.py:183} INFO - Processing /home/airflow/.local/lib/python3.8/site-packages/airflow/example_dags/example_time_delta_sensor_async.py took 0.072 seconds
[2026-04-21T02:46:55.610+0000] {processor.py:161} INFO - Started process (PID=3720395) to work on /home/airflow/.local/lib/python3.8/site-packages/airflow/example_dags/example_time_delta_sensor_async.py
[2026-04-21T02:46:55.612+0000] {processor.py:830} INFO - Processing file /home/airflow/.local/lib/python3.8/site-packages/airflow/example_dags/example_time_delta_sensor_async.py for tasks to queue
[2026-04-21T02:46:55.614+0000] {logging_mixin.py:188} INFO - [2026-04-21T02:46:55.614+0000] {dagbag.py:538} INFO - Filling up the DagBag from /home/airflow/.local/lib/python3.8/site-packages/airflow/example_dags/example_time_delta_sensor_async.py
[2026-04-21T02:46:55.621+0000] {processor.py:840} INFO - DAG(s) 'example_time_delta_sensor_async' retrieved from /home/airflow/.local/lib/python3.8/site-packages/airflow/example_dags/example_time_delta_sensor_async.py
[2026-04-21T02:46:55.644+0000] {logging_mixin.py:188} INFO - [2026-04-21T02:46:55.644+0000] {dag.py:3036} INFO - Sync 1 DAGs
[2026-04-21T02:46:55.658+0000] {logging_mixin.py:188} INFO - [2026-04-21T02:46:55.658+0000] {dag.py:3823} INFO - Setting next_dagrun for example_time_delta_sensor_async to None, run_after=None
[2026-04-21T02:46:55.677+0000] {processor.py:183} INFO - Processing /home/airflow/.local/lib/python3.8/site-packages/airflow/example_dags/example_time_delta_sensor_async.py took 0.071 seconds
[2026-04-21T02:47:25.790+0000] {processor.py:161} INFO - Started process (PID=3720452) to work on /home/airflow/.local/lib/python3.8/site-packages/airflow/example_dags/example_time_delta_sensor_async.py
[2026-04-21T02:47:25.792+0000] {processor.py:830} INFO - Processing file /home/airflow/.local/lib/python3.8/site-packages/airflow/example_dags/example_time_delta_sensor_async.py for tasks to queue
[2026-04-21T02:47:25.794+0000] {logging_mixin.py:188} INFO - [2026-04-21T02:47:25.794+0000] {dagbag.py:538} INFO - Filling up the DagBag from /home/airflow/.local/lib/python3.8/site-packages/airflow/example_dags/example_time_delta_sensor_async.py
[2026-04-21T02:47:25.800+0000] {processor.py:840} INFO - DAG(s) 'example_time_delta_sensor_async' retrieved from /home/airflow/.local/lib/python3.8/site-packages/airflow/example_dags/example_time_delta_sensor_async.py
[2026-04-21T02:47:25.824+0000] {logging_mixin.py:188} INFO - [2026-04-21T02:47:25.824+0000] {dag.py:3036} INFO - Sync 1 DAGs
[2026-04-21T02:47:25.838+0000] {logging_mixin.py:188} INFO - [2026-04-21T02:47:25.838+0000] {dag.py:3823} INFO - Setting next_dagrun for example_time_delta_sensor_async to None, run_after=None
[2026-04-21T02:47:25.857+0000] {processor.py:183} INFO - Processing /home/airflow/.local/lib/python3.8/site-packages/airflow/example_dags/example_time_delta_sensor_async.py took 0.071 seconds
[2026-04-21T02:47:56.074+0000] {processor.py:161} INFO - Started process (PID=3720509) to work on /home/airflow/.local/lib/python3.8/site-packages/airflow/example_dags/example_time_delta_sensor_async.py
[2026-04-21T02:47:56.076+0000] {processor.py:830} INFO - Processing file /home/airflow/.local/lib/python3.8/site-packages/airflow/example_dags/example_time_delta_sensor_async.py for tasks to queue
[2026-04-21T02:47:56.079+0000] {logging_mixin.py:188} INFO - [2026-04-21T02:47:56.078+0000] {dagbag.py:538} INFO - Filling up the DagBag from /home/airflow/.local/lib/python3.8/site-packages/airflow/example_dags/example_time_delta_sensor_async.py
[2026-04-21T02:47:56.085+0000] {processor.py:840} INFO - DAG(s) 'example_time_delta_sensor_async' retrieved from /home/airflow/.local/lib/python3.8/site-packages/airflow/example_dags/example_time_delta_sensor_async.py
[2026-04-21T02:47:56.109+0000] {logging_mixin.py:188} INFO - [2026-04-21T02:47:56.109+0000] {dag.py:3036} INFO - Sync 1 DAGs
[2026-04-21T02:47:56.123+0000] {logging_mixin.py:188} INFO - [2026-04-21T02:47:56.123+0000] {dag.py:3823} INFO - Setting next_dagrun for example_time_delta_sensor_async to None, run_after=None
[2026-04-21T02:47:56.142+0000] {processor.py:183} INFO - Processing /home/airflow/.local/lib/python3.8/site-packages/airflow/example_dags/example_time_delta_sensor_async.py took 0.073 seconds
[2026-04-21T02:48:26.436+0000] {processor.py:161} INFO - Started process (PID=3720566) to work on /home/airflow/.local/lib/python3.8/site-packages/airflow/example_dags/example_time_delta_sensor_async.py
[2026-04-21T02:48:26.437+0000] {processor.py:830} INFO - Processing file /home/airflow/.local/lib/python3.8/site-packages/airflow/example_dags/example_time_delta_sensor_async.py for tasks to queue
[2026-04-21T02:48:26.440+0000] {logging_mixin.py:188} INFO - [2026-04-21T02:48:26.439+0000] {dagbag.py:538} INFO - Filling up the DagBag from /home/airflow/.local/lib/python3.8/site-packages/airflow/example_dags/example_time_delta_sensor_async.py
[2026-04-21T02:48:26.446+0000] {processor.py:840} INFO - DAG(s) 'example_time_delta_sensor_async' retrieved from /home/airflow/.local/lib/python3.8/site-packages/airflow/example_dags/example_time_delta_sensor_async.py
[2026-04-21T02:48:26.470+0000] {logging_mixin.py:188} INFO - [2026-04-21T02:48:26.470+0000] {dag.py:3036} INFO - Sync 1 DAGs
[2026-04-21T02:48:26.486+0000] {logging_mixin.py:188} INFO - [2026-04-21T02:48:26.486+0000] {dag.py:3823} INFO - Setting next_dagrun for example_time_delta_sensor_async to None, run_after=None
[2026-04-21T02:48:26.507+0000] {processor.py:183} INFO - Processing /home/airflow/.local/lib/python3.8/site-packages/airflow/example_dags/example_time_delta_sensor_async.py took 0.076 seconds
[2026-04-21T02:48:56.680+0000] {processor.py:161} INFO - Started process (PID=3720623) to work on /home/airflow/.local/lib/python3.8/site-packages/airflow/example_dags/example_time_delta_sensor_async.py
[2026-04-21T02:48:56.682+0000] {processor.py:830} INFO - Processing file /home/airflow/.local/lib/python3.8/site-packages/airflow/example_dags/example_time_delta_sensor_async.py for tasks to queue
[2026-04-21T02:48:56.684+0000] {logging_mixin.py:188} INFO - [2026-04-21T02:48:56.684+0000] {dagbag.py:538} INFO - Filling up the DagBag from /home/airflow/.local/lib/python3.8/site-packages/airflow/example_dags/example_time_delta_sensor_async.py
[2026-04-21T02:48:56.690+0000] {processor.py:840} INFO - DAG(s) 'example_time_delta_sensor_async' retrieved from /home/airflow/.local/lib/python3.8/site-packages/airflow/example_dags/example_time_delta_sensor_async.py
[2026-04-21T02:48:56.714+0000] {logging_mixin.py:188} INFO - [2026-04-21T02:48:56.714+0000] {dag.py:3036} INFO - Sync 1 DAGs
[2026-04-21T02:48:56.728+0000] {logging_mixin.py:188} INFO - [2026-04-21T02:48:56.728+0000] {dag.py:3823} INFO - Setting next_dagrun for example_time_delta_sensor_async to None, run_after=None
[2026-04-21T02:48:56.746+0000] {processor.py:183} INFO - Processing /home/airflow/.local/lib/python3.8/site-packages/airflow/example_dags/example_time_delta_sensor_async.py took 0.070 seconds
[2026-04-21T02:49:26.885+0000] {processor.py:161} INFO - Started process (PID=3720680) to work on /home/airflow/.local/lib/python3.8/site-packages/airflow/example_dags/example_time_delta_sensor_async.py
[2026-04-21T02:49:26.887+0000] {processor.py:830} INFO - Processing file /home/airflow/.local/lib/python3.8/site-packages/airflow/example_dags/example_time_delta_sensor_async.py for tasks to queue
[2026-04-21T02:49:26.890+0000] {logging_mixin.py:188} INFO - [2026-04-21T02:49:26.889+0000] {dagbag.py:538} INFO - Filling up the DagBag from /home/airflow/.local/lib/python3.8/site-packages/airflow/example_dags/example_time_delta_sensor_async.py
[2026-04-21T02:49:26.896+0000] {processor.py:840} INFO - DAG(s) 'example_time_delta_sensor_async' retrieved from /home/airflow/.local/lib/python3.8/site-packages/airflow/example_dags/example_time_delta_sensor_async.py
[2026-04-21T02:49:26.919+0000] {logging_mixin.py:188} INFO - [2026-04-21T02:49:26.919+0000] {dag.py:3036} INFO - Sync 1 DAGs
[2026-04-21T02:49:26.933+0000] {logging_mixin.py:188} INFO - [2026-04-21T02:49:26.932+0000] {dag.py:3823} INFO - Setting next_dagrun for example_time_delta_sensor_async to None, run_after=None
[2026-04-21T02:49:26.951+0000] {processor.py:183} INFO - Processing /home/airflow/.local/lib/python3.8/site-packages/airflow/example_dags/example_time_delta_sensor_async.py took 0.070 seconds
[2026-04-21T02:49:57.108+0000] {processor.py:161} INFO - Started process (PID=3720737) to work on /home/airflow/.local/lib/python3.8/site-packages/airflow/example_dags/example_time_delta_sensor_async.py
[2026-04-21T02:49:57.110+0000] {processor.py:830} INFO - Processing file /home/airflow/.local/lib/python3.8/site-packages/airflow/example_dags/example_time_delta_sensor_async.py for tasks to queue
[2026-04-21T02:49:57.112+0000] {logging_mixin.py:188} INFO - [2026-04-21T02:49:57.112+0000] {dagbag.py:538} INFO - Filling up the DagBag from /home/airflow/.local/lib/python3.8/site-packages/airflow/example_dags/example_time_delta_sensor_async.py
[2026-04-21T02:49:57.119+0000] {processor.py:840} INFO - DAG(s) 'example_time_delta_sensor_async' retrieved from /home/airflow/.local/lib/python3.8/site-packages/airflow/example_dags/example_time_delta_sensor_async.py
[2026-04-21T02:49:57.143+0000] {logging_mixin.py:188} INFO - [2026-04-21T02:49:57.143+0000] {dag.py:3036} INFO - Sync 1 DAGs
[2026-04-21T02:49:57.157+0000] {logging_mixin.py:188} INFO - [2026-04-21T02:49:57.157+0000] {dag.py:3823} INFO - Setting next_dagrun for example_time_delta_sensor_async to None, run_after=None
[2026-04-21T02:49:57.176+0000] {processor.py:183} INFO - Processing /home/airflow/.local/lib/python3.8/site-packages/airflow/example_dags/example_time_delta_sensor_async.py took 0.073 seconds
[2026-04-21T02:50:27.476+0000] {processor.py:161} INFO - Started process (PID=3720794) to work on /home/airflow/.local/lib/python3.8/site-packages/airflow/example_dags/example_time_delta_sensor_async.py
[2026-04-21T02:50:27.478+0000] {processor.py:830} INFO - Processing file /home/airflow/.local/lib/python3.8/site-packages/airflow/example_dags/example_time_delta_sensor_async.py for tasks to queue
[2026-04-21T02:50:27.480+0000] {logging_mixin.py:188} INFO - [2026-04-21T02:50:27.480+0000] {dagbag.py:538} INFO - Filling up the DagBag from /home/airflow/.local/lib/python3.8/site-packages/airflow/example_dags/example_time_delta_sensor_async.py
[2026-04-21T02:50:27.487+0000] {processor.py:840} INFO - DAG(s) 'example_time_delta_sensor_async' retrieved from /home/airflow/.local/lib/python3.8/site-packages/airflow/example_dags/example_time_delta_sensor_async.py
[2026-04-21T02:50:27.511+0000] {logging_mixin.py:188} INFO - [2026-04-21T02:50:27.510+0000] {dag.py:3036} INFO - Sync 1 DAGs
[2026-04-21T02:50:27.526+0000] {logging_mixin.py:188} INFO - [2026-04-21T02:50:27.526+0000] {dag.py:3823} INFO - Setting next_dagrun for example_time_delta_sensor_async to None, run_after=None
[2026-04-21T02:50:27.544+0000] {processor.py:183} INFO - Processing /home/airflow/.local/lib/python3.8/site-packages/airflow/example_dags/example_time_delta_sensor_async.py took 0.073 seconds
[2026-04-21T02:50:57.626+0000] {processor.py:161} INFO - Started process (PID=3720851) to work on /home/airflow/.local/lib/python3.8/site-packages/airflow/example_dags/example_time_delta_sensor_async.py
[2026-04-21T02:50:57.628+0000] {processor.py:830} INFO - Processing file /home/airflow/.local/lib/python3.8/site-packages/airflow/example_dags/example_time_delta_sensor_async.py for tasks to queue
[2026-04-21T02:50:57.630+0000] {logging_mixin.py:188} INFO - [2026-04-21T02:50:57.630+0000] {dagbag.py:538} INFO - Filling up the DagBag from /home/airflow/.local/lib/python3.8/site-packages/airflow/example_dags/example_time_delta_sensor_async.py
[2026-04-21T02:50:57.636+0000] {processor.py:840} INFO - DAG(s) 'example_time_delta_sensor_async' retrieved from /home/airflow/.local/lib/python3.8/site-packages/airflow/example_dags/example_time_delta_sensor_async.py
[2026-04-21T02:50:57.660+0000] {logging_mixin.py:188} INFO - [2026-04-21T02:50:57.660+0000] {dag.py:3036} INFO - Sync 1 DAGs
[2026-04-21T02:50:57.674+0000] {logging_mixin.py:188} INFO - [2026-04-21T02:50:57.674+0000] {dag.py:3823} INFO - Setting next_dagrun for example_time_delta_sensor_async to None, run_after=None
[2026-04-21T02:50:57.692+0000] {processor.py:183} INFO - Processing /home/airflow/.local/lib/python3.8/site-packages/airflow/example_dags/example_time_delta_sensor_async.py took 0.071 seconds
[2026-04-21T02:51:27.928+0000] {processor.py:161} INFO - Started process (PID=3720908) to work on /home/airflow/.local/lib/python3.8/site-packages/airflow/example_dags/example_time_delta_sensor_async.py
[2026-04-21T02:51:27.930+0000] {processor.py:830} INFO - Processing file /home/airflow/.local/lib/python3.8/site-packages/airflow/example_dags/example_time_delta_sensor_async.py for tasks to queue
[2026-04-21T02:51:27.933+0000] {logging_mixin.py:188} INFO - [2026-04-21T02:51:27.932+0000] {dagbag.py:538} INFO - Filling up the DagBag from /home/airflow/.local/lib/python3.8/site-packages/airflow/example_dags/example_time_delta_sensor_async.py
[2026-04-21T02:51:27.939+0000] {processor.py:840} INFO - DAG(s) 'example_time_delta_sensor_async' retrieved from /home/airflow/.local/lib/python3.8/site-packages/airflow/example_dags/example_time_delta_sensor_async.py
[2026-04-21T02:51:27.977+0000] {logging_mixin.py:188} INFO - [2026-04-21T02:51:27.975+0000] {dag.py:3036} INFO - Sync 1 DAGs
[2026-04-21T02:51:27.992+0000] {logging_mixin.py:188} INFO - [2026-04-21T02:51:27.992+0000] {dag.py:3823} INFO - Setting next_dagrun for example_time_delta_sensor_async to None, run_after=None
[2026-04-21T02:51:28.013+0000] {processor.py:183} INFO - Processing /home/airflow/.local/lib/python3.8/site-packages/airflow/example_dags/example_time_delta_sensor_async.py took 0.090 seconds
[2026-04-21T02:51:58.223+0000] {processor.py:161} INFO - Started process (PID=3720965) to work on /home/airflow/.local/lib/python3.8/site-packages/airflow/example_dags/example_time_delta_sensor_async.py
[2026-04-21T02:51:58.225+0000] {processor.py:830} INFO - Processing file /home/airflow/.local/lib/python3.8/site-packages/airflow/example_dags/example_time_delta_sensor_async.py for tasks to queue
[2026-04-21T02:51:58.227+0000] {logging_mixin.py:188} INFO - [2026-04-21T02:51:58.226+0000] {dagbag.py:538} INFO - Filling up the DagBag from /home/airflow/.local/lib/python3.8/site-packages/airflow/example_dags/example_time_delta_sensor_async.py
[2026-04-21T02:51:58.233+0000] {processor.py:840} INFO - DAG(s) 'example_time_delta_sensor_async' retrieved from /home/airflow/.local/lib/python3.8/site-packages/airflow/example_dags/example_time_delta_sensor_async.py
[2026-04-21T02:51:58.257+0000] {logging_mixin.py:188} INFO - [2026-04-21T02:51:58.257+0000] {dag.py:3036} INFO - Sync 1 DAGs
[2026-04-21T02:51:58.271+0000] {logging_mixin.py:188} INFO - [2026-04-21T02:51:58.271+0000] {dag.py:3823} INFO - Setting next_dagrun for example_time_delta_sensor_async to None, run_after=None
[2026-04-21T02:51:58.290+0000] {processor.py:183} INFO - Processing /home/airflow/.local/lib/python3.8/site-packages/airflow/example_dags/example_time_delta_sensor_async.py took 0.072 seconds
[2026-04-21T02:52:28.409+0000] {processor.py:161} INFO - Started process (PID=3721022) to work on /home/airflow/.local/lib/python3.8/site-packages/airflow/example_dags/example_time_delta_sensor_async.py
[2026-04-21T02:52:28.411+0000] {processor.py:830} INFO - Processing file /home/airflow/.local/lib/python3.8/site-packages/airflow/example_dags/example_time_delta_sensor_async.py for tasks to queue
[2026-04-21T02:52:28.414+0000] {logging_mixin.py:188} INFO - [2026-04-21T02:52:28.413+0000] {dagbag.py:538} INFO - Filling up the DagBag from /home/airflow/.local/lib/python3.8/site-packages/airflow/example_dags/example_time_delta_sensor_async.py
[2026-04-21T02:52:28.420+0000] {processor.py:840} INFO - DAG(s) 'example_time_delta_sensor_async' retrieved from /home/airflow/.local/lib/python3.8/site-packages/airflow/example_dags/example_time_delta_sensor_async.py
[2026-04-21T02:52:28.443+0000] {logging_mixin.py:188} INFO - [2026-04-21T02:52:28.443+0000] {dag.py:3036} INFO - Sync 1 DAGs
[2026-04-21T02:52:28.458+0000] {logging_mixin.py:188} INFO - [2026-04-21T02:52:28.457+0000] {dag.py:3823} INFO - Setting next_dagrun for example_time_delta_sensor_async to None, run_after=None
[2026-04-21T02:52:28.476+0000] {processor.py:183} INFO - Processing /home/airflow/.local/lib/python3.8/site-packages/airflow/example_dags/example_time_delta_sensor_async.py took 0.071 seconds
[2026-04-21T02:52:58.743+0000] {processor.py:161} INFO - Started process (PID=3721079) to work on /home/airflow/.local/lib/python3.8/site-packages/airflow/example_dags/example_time_delta_sensor_async.py
[2026-04-21T02:52:58.745+0000] {processor.py:830} INFO - Processing file /home/airflow/.local/lib/python3.8/site-packages/airflow/example_dags/example_time_delta_sensor_async.py for tasks to queue
[2026-04-21T02:52:58.747+0000] {logging_mixin.py:188} INFO - [2026-04-21T02:52:58.747+0000] {dagbag.py:538} INFO - Filling up the DagBag from /home/airflow/.local/lib/python3.8/site-packages/airflow/example_dags/example_time_delta_sensor_async.py
[2026-04-21T02:52:58.754+0000] {processor.py:840} INFO - DAG(s) 'example_time_delta_sensor_async' retrieved from /home/airflow/.local/lib/python3.8/site-packages/airflow/example_dags/example_time_delta_sensor_async.py
[2026-04-21T02:52:58.778+0000] {logging_mixin.py:188} INFO - [2026-04-21T02:52:58.777+0000] {dag.py:3036} INFO - Sync 1 DAGs
[2026-04-21T02:52:58.792+0000] {logging_mixin.py:188} INFO - [2026-04-21T02:52:58.792+0000] {dag.py:3823} INFO - Setting next_dagrun for example_time_delta_sensor_async to None, run_after=None
[2026-04-21T02:52:58.810+0000] {processor.py:183} INFO - Processing /home/airflow/.local/lib/python3.8/site-packages/airflow/example_dags/example_time_delta_sensor_async.py took 0.072 seconds
[2026-04-21T02:53:28.994+0000] {processor.py:161} INFO - Started process (PID=3721136) to work on /home/airflow/.local/lib/python3.8/site-packages/airflow/example_dags/example_time_delta_sensor_async.py
[2026-04-21T02:53:28.996+0000] {processor.py:830} INFO - Processing file /home/airflow/.local/lib/python3.8/site-packages/airflow/example_dags/example_time_delta_sensor_async.py for tasks to queue
[2026-04-21T02:53:28.998+0000] {logging_mixin.py:188} INFO - [2026-04-21T02:53:28.998+0000] {dagbag.py:538} INFO - Filling up the DagBag from /home/airflow/.local/lib/python3.8/site-packages/airflow/example_dags/example_time_delta_sensor_async.py
[2026-04-21T02:53:29.007+0000] {processor.py:840} INFO - DAG(s) 'example_time_delta_sensor_async' retrieved from /home/airflow/.local/lib/python3.8/site-packages/airflow/example_dags/example_time_delta_sensor_async.py
[2026-04-21T02:53:29.034+0000] {logging_mixin.py:188} INFO - [2026-04-21T02:53:29.034+0000] {dag.py:3036} INFO - Sync 1 DAGs
[2026-04-21T02:53:29.049+0000] {logging_mixin.py:188} INFO - [2026-04-21T02:53:29.049+0000] {dag.py:3823} INFO - Setting next_dagrun for example_time_delta_sensor_async to None, run_after=None
[2026-04-21T02:53:29.068+0000] {processor.py:183} INFO - Processing /home/airflow/.local/lib/python3.8/site-packages/airflow/example_dags/example_time_delta_sensor_async.py took 0.079 seconds
[2026-04-21T02:53:59.156+0000] {processor.py:161} INFO - Started process (PID=3721193) to work on /home/airflow/.local/lib/python3.8/site-packages/airflow/example_dags/example_time_delta_sensor_async.py
[2026-04-21T02:53:59.158+0000] {processor.py:830} INFO - Processing file /home/airflow/.local/lib/python3.8/site-packages/airflow/example_dags/example_time_delta_sensor_async.py for tasks to queue
[2026-04-21T02:53:59.160+0000] {logging_mixin.py:188} INFO - [2026-04-21T02:53:59.160+0000] {dagbag.py:538} INFO - Filling up the DagBag from /home/airflow/.local/lib/python3.8/site-packages/airflow/example_dags/example_time_delta_sensor_async.py
[2026-04-21T02:53:59.166+0000] {processor.py:840} INFO - DAG(s) 'example_time_delta_sensor_async' retrieved from /home/airflow/.local/lib/python3.8/site-packages/airflow/example_dags/example_time_delta_sensor_async.py
[2026-04-21T02:53:59.189+0000] {logging_mixin.py:188} INFO - [2026-04-21T02:53:59.189+0000] {dag.py:3036} INFO - Sync 1 DAGs
[2026-04-21T02:53:59.203+0000] {logging_mixin.py:188} INFO - [2026-04-21T02:53:59.203+0000] {dag.py:3823} INFO - Setting next_dagrun for example_time_delta_sensor_async to None, run_after=None
[2026-04-21T02:53:59.222+0000] {processor.py:183} INFO - Processing /home/airflow/.local/lib/python3.8/site-packages/airflow/example_dags/example_time_delta_sensor_async.py took 0.070 seconds
[2026-04-21T02:54:29.358+0000] {processor.py:161} INFO - Started process (PID=3721251) to work on /home/airflow/.local/lib/python3.8/site-packages/airflow/example_dags/example_time_delta_sensor_async.py
[2026-04-21T02:54:29.360+0000] {processor.py:830} INFO - Processing file /home/airflow/.local/lib/python3.8/site-packages/airflow/example_dags/example_time_delta_sensor_async.py for tasks to queue
[2026-04-21T02:54:29.362+0000] {logging_mixin.py:188} INFO - [2026-04-21T02:54:29.362+0000] {dagbag.py:538} INFO - Filling up the DagBag from /home/airflow/.local/lib/python3.8/site-packages/airflow/example_dags/example_time_delta_sensor_async.py
[2026-04-21T02:54:29.369+0000] {processor.py:840} INFO - DAG(s) 'example_time_delta_sensor_async' retrieved from /home/airflow/.local/lib/python3.8/site-packages/airflow/example_dags/example_time_delta_sensor_async.py
[2026-04-21T02:54:29.393+0000] {logging_mixin.py:188} INFO - [2026-04-21T02:54:29.392+0000] {dag.py:3036} INFO - Sync 1 DAGs
[2026-04-21T02:54:29.408+0000] {logging_mixin.py:188} INFO - [2026-04-21T02:54:29.407+0000] {dag.py:3823} INFO - Setting next_dagrun for example_time_delta_sensor_async to None, run_after=None
[2026-04-21T02:54:29.427+0000] {processor.py:183} INFO - Processing /home/airflow/.local/lib/python3.8/site-packages/airflow/example_dags/example_time_delta_sensor_async.py took 0.074 seconds
[2026-04-21T02:54:59.560+0000] {processor.py:161} INFO - Started process (PID=3721308) to work on /home/airflow/.local/lib/python3.8/site-packages/airflow/example_dags/example_time_delta_sensor_async.py
[2026-04-21T02:54:59.562+0000] {processor.py:830} INFO - Processing file /home/airflow/.local/lib/python3.8/site-packages/airflow/example_dags/example_time_delta_sensor_async.py for tasks to queue
[2026-04-21T02:54:59.564+0000] {logging_mixin.py:188} INFO - [2026-04-21T02:54:59.564+0000] {dagbag.py:538} INFO - Filling up the DagBag from /home/airflow/.local/lib/python3.8/site-packages/airflow/example_dags/example_time_delta_sensor_async.py
[2026-04-21T02:54:59.572+0000] {processor.py:840} INFO - DAG(s) 'example_time_delta_sensor_async' retrieved from /home/airflow/.local/lib/python3.8/site-packages/airflow/example_dags/example_time_delta_sensor_async.py
[2026-04-21T02:54:59.601+0000] {logging_mixin.py:188} INFO - [2026-04-21T02:54:59.601+0000] {dag.py:3036} INFO - Sync 1 DAGs
[2026-04-21T02:54:59.620+0000] {logging_mixin.py:188} INFO - [2026-04-21T02:54:59.620+0000] {dag.py:3823} INFO - Setting next_dagrun for example_time_delta_sensor_async to None, run_after=None
[2026-04-21T02:54:59.645+0000] {processor.py:183} INFO - Processing /home/airflow/.local/lib/python3.8/site-packages/airflow/example_dags/example_time_delta_sensor_async.py took 0.091 seconds
[2026-04-21T02:55:29.685+0000] {processor.py:161} INFO - Started process (PID=3721365) to work on /home/airflow/.local/lib/python3.8/site-packages/airflow/example_dags/example_time_delta_sensor_async.py
[2026-04-21T02:55:29.687+0000] {processor.py:830} INFO - Processing file /home/airflow/.local/lib/python3.8/site-packages/airflow/example_dags/example_time_delta_sensor_async.py for tasks to queue
[2026-04-21T02:55:29.689+0000] {logging_mixin.py:188} INFO - [2026-04-21T02:55:29.689+0000] {dagbag.py:538} INFO - Filling up the DagBag from /home/airflow/.local/lib/python3.8/site-packages/airflow/example_dags/example_time_delta_sensor_async.py
[2026-04-21T02:55:29.695+0000] {processor.py:840} INFO - DAG(s) 'example_time_delta_sensor_async' retrieved from /home/airflow/.local/lib/python3.8/site-packages/airflow/example_dags/example_time_delta_sensor_async.py
[2026-04-21T02:55:29.720+0000] {logging_mixin.py:188} INFO - [2026-04-21T02:55:29.720+0000] {dag.py:3036} INFO - Sync 1 DAGs
[2026-04-21T02:55:29.734+0000] {logging_mixin.py:188} INFO - [2026-04-21T02:55:29.734+0000] {dag.py:3823} INFO - Setting next_dagrun for example_time_delta_sensor_async to None, run_after=None
[2026-04-21T02:55:29.753+0000] {processor.py:183} INFO - Processing /home/airflow/.local/lib/python3.8/site-packages/airflow/example_dags/example_time_delta_sensor_async.py took 0.073 seconds
[2026-04-21T02:55:59.807+0000] {processor.py:161} INFO - Started process (PID=3721421) to work on /home/airflow/.local/lib/python3.8/site-packages/airflow/example_dags/example_time_delta_sensor_async.py
[2026-04-21T02:55:59.809+0000] {processor.py:830} INFO - Processing file /home/airflow/.local/lib/python3.8/site-packages/airflow/example_dags/example_time_delta_sensor_async.py for tasks to queue
[2026-04-21T02:55:59.811+0000] {logging_mixin.py:188} INFO - [2026-04-21T02:55:59.811+0000] {dagbag.py:538} INFO - Filling up the DagBag from /home/airflow/.local/lib/python3.8/site-packages/airflow/example_dags/example_time_delta_sensor_async.py
[2026-04-21T02:55:59.817+0000] {processor.py:840} INFO - DAG(s) 'example_time_delta_sensor_async' retrieved from /home/airflow/.local/lib/python3.8/site-packages/airflow/example_dags/example_time_delta_sensor_async.py
[2026-04-21T02:55:59.841+0000] {logging_mixin.py:188} INFO - [2026-04-21T02:55:59.841+0000] {dag.py:3036} INFO - Sync 1 DAGs
[2026-04-21T02:55:59.855+0000] {logging_mixin.py:188} INFO - [2026-04-21T02:55:59.854+0000] {dag.py:3823} INFO - Setting next_dagrun for example_time_delta_sensor_async to None, run_after=None
[2026-04-21T02:55:59.873+0000] {processor.py:183} INFO - Processing /home/airflow/.local/lib/python3.8/site-packages/airflow/example_dags/example_time_delta_sensor_async.py took 0.071 seconds
[2026-04-21T02:56:30.246+0000] {processor.py:161} INFO - Started process (PID=3721479) to work on /home/airflow/.local/lib/python3.8/site-packages/airflow/example_dags/example_time_delta_sensor_async.py
[2026-04-21T02:56:30.248+0000] {processor.py:830} INFO - Processing file /home/airflow/.local/lib/python3.8/site-packages/airflow/example_dags/example_time_delta_sensor_async.py for tasks to queue
[2026-04-21T02:56:30.251+0000] {logging_mixin.py:188} INFO - [2026-04-21T02:56:30.250+0000] {dagbag.py:538} INFO - Filling up the DagBag from /home/airflow/.local/lib/python3.8/site-packages/airflow/example_dags/example_time_delta_sensor_async.py
[2026-04-21T02:56:30.257+0000] {processor.py:840} INFO - DAG(s) 'example_time_delta_sensor_async' retrieved from /home/airflow/.local/lib/python3.8/site-packages/airflow/example_dags/example_time_delta_sensor_async.py
[2026-04-21T02:56:30.282+0000] {logging_mixin.py:188} INFO - [2026-04-21T02:56:30.281+0000] {dag.py:3036} INFO - Sync 1 DAGs
[2026-04-21T02:56:30.296+0000] {logging_mixin.py:188} INFO - [2026-04-21T02:56:30.296+0000] {dag.py:3823} INFO - Setting next_dagrun for example_time_delta_sensor_async to None, run_after=None
[2026-04-21T02:56:30.314+0000] {processor.py:183} INFO - Processing /home/airflow/.local/lib/python3.8/site-packages/airflow/example_dags/example_time_delta_sensor_async.py took 0.073 seconds
[2026-04-21T02:57:00.926+0000] {processor.py:161} INFO - Started process (PID=3721536) to work on /home/airflow/.local/lib/python3.8/site-packages/airflow/example_dags/example_time_delta_sensor_async.py
[2026-04-21T02:57:00.927+0000] {processor.py:830} INFO - Processing file /home/airflow/.local/lib/python3.8/site-packages/airflow/example_dags/example_time_delta_sensor_async.py for tasks to queue
[2026-04-21T02:57:00.930+0000] {logging_mixin.py:188} INFO - [2026-04-21T02:57:00.929+0000] {dagbag.py:538} INFO - Filling up the DagBag from /home/airflow/.local/lib/python3.8/site-packages/airflow/example_dags/example_time_delta_sensor_async.py
[2026-04-21T02:57:00.936+0000] {processor.py:840} INFO - DAG(s) 'example_time_delta_sensor_async' retrieved from /home/airflow/.local/lib/python3.8/site-packages/airflow/example_dags/example_time_delta_sensor_async.py
[2026-04-21T02:57:00.959+0000] {logging_mixin.py:188} INFO - [2026-04-21T02:57:00.959+0000] {dag.py:3036} INFO - Sync 1 DAGs
[2026-04-21T02:57:00.973+0000] {logging_mixin.py:188} INFO - [2026-04-21T02:57:00.973+0000] {dag.py:3823} INFO - Setting next_dagrun for example_time_delta_sensor_async to None, run_after=None
[2026-04-21T02:57:00.991+0000] {processor.py:183} INFO - Processing /home/airflow/.local/lib/python3.8/site-packages/airflow/example_dags/example_time_delta_sensor_async.py took 0.070 seconds
[2026-04-21T02:57:31.331+0000] {processor.py:161} INFO - Started process (PID=3721593) to work on /home/airflow/.local/lib/python3.8/site-packages/airflow/example_dags/example_time_delta_sensor_async.py
[2026-04-21T02:57:31.333+0000] {processor.py:830} INFO - Processing file /home/airflow/.local/lib/python3.8/site-packages/airflow/example_dags/example_time_delta_sensor_async.py for tasks to queue
[2026-04-21T02:57:31.335+0000] {logging_mixin.py:188} INFO - [2026-04-21T02:57:31.335+0000] {dagbag.py:538} INFO - Filling up the DagBag from /home/airflow/.local/lib/python3.8/site-packages/airflow/example_dags/example_time_delta_sensor_async.py
[2026-04-21T02:57:31.342+0000] {processor.py:840} INFO - DAG(s) 'example_time_delta_sensor_async' retrieved from /home/airflow/.local/lib/python3.8/site-packages/airflow/example_dags/example_time_delta_sensor_async.py
[2026-04-21T02:57:31.366+0000] {logging_mixin.py:188} INFO - [2026-04-21T02:57:31.366+0000] {dag.py:3036} INFO - Sync 1 DAGs
[2026-04-21T02:57:31.380+0000] {logging_mixin.py:188} INFO - [2026-04-21T02:57:31.380+0000] {dag.py:3823} INFO - Setting next_dagrun for example_time_delta_sensor_async to None, run_after=None
[2026-04-21T02:57:31.399+0000] {processor.py:183} INFO - Processing /home/airflow/.local/lib/python3.8/site-packages/airflow/example_dags/example_time_delta_sensor_async.py took 0.073 seconds
[2026-04-21T02:58:01.618+0000] {processor.py:161} INFO - Started process (PID=3721651) to work on /home/airflow/.local/lib/python3.8/site-packages/airflow/example_dags/example_time_delta_sensor_async.py
[2026-04-21T02:58:01.620+0000] {processor.py:830} INFO - Processing file /home/airflow/.local/lib/python3.8/site-packages/airflow/example_dags/example_time_delta_sensor_async.py for tasks to queue
[2026-04-21T02:58:01.622+0000] {logging_mixin.py:188} INFO - [2026-04-21T02:58:01.622+0000] {dagbag.py:538} INFO - Filling up the DagBag from /home/airflow/.local/lib/python3.8/site-packages/airflow/example_dags/example_time_delta_sensor_async.py
[2026-04-21T02:58:01.628+0000] {processor.py:840} INFO - DAG(s) 'example_time_delta_sensor_async' retrieved from /home/airflow/.local/lib/python3.8/site-packages/airflow/example_dags/example_time_delta_sensor_async.py
[2026-04-21T02:58:01.653+0000] {logging_mixin.py:188} INFO - [2026-04-21T02:58:01.652+0000] {dag.py:3036} INFO - Sync 1 DAGs
[2026-04-21T02:58:01.666+0000] {logging_mixin.py:188} INFO - [2026-04-21T02:58:01.666+0000] {dag.py:3823} INFO - Setting next_dagrun for example_time_delta_sensor_async to None, run_after=None
[2026-04-21T02:58:01.685+0000] {processor.py:183} INFO - Processing /home/airflow/.local/lib/python3.8/site-packages/airflow/example_dags/example_time_delta_sensor_async.py took 0.072 seconds
[2026-04-21T02:58:31.732+0000] {processor.py:161} INFO - Started process (PID=3721708) to work on /home/airflow/.local/lib/python3.8/site-packages/airflow/example_dags/example_time_delta_sensor_async.py
[2026-04-21T02:58:31.734+0000] {processor.py:830} INFO - Processing file /home/airflow/.local/lib/python3.8/site-packages/airflow/example_dags/example_time_delta_sensor_async.py for tasks to queue
[2026-04-21T02:58:31.737+0000] {logging_mixin.py:188} INFO - [2026-04-21T02:58:31.736+0000] {dagbag.py:538} INFO - Filling up the DagBag from /home/airflow/.local/lib/python3.8/site-packages/airflow/example_dags/example_time_delta_sensor_async.py
[2026-04-21T02:58:31.743+0000] {processor.py:840} INFO - DAG(s) 'example_time_delta_sensor_async' retrieved from /home/airflow/.local/lib/python3.8/site-packages/airflow/example_dags/example_time_delta_sensor_async.py
[2026-04-21T02:58:31.769+0000] {logging_mixin.py:188} INFO - [2026-04-21T02:58:31.769+0000] {dag.py:3036} INFO - Sync 1 DAGs
[2026-04-21T02:58:31.784+0000] {logging_mixin.py:188} INFO - [2026-04-21T02:58:31.784+0000] {dag.py:3823} INFO - Setting next_dagrun for example_time_delta_sensor_async to None, run_after=None
[2026-04-21T02:58:31.804+0000] {processor.py:183} INFO - Processing /home/airflow/.local/lib/python3.8/site-packages/airflow/example_dags/example_time_delta_sensor_async.py took 0.076 seconds
[2026-04-21T02:59:01.927+0000] {processor.py:161} INFO - Started process (PID=3721765) to work on /home/airflow/.local/lib/python3.8/site-packages/airflow/example_dags/example_time_delta_sensor_async.py
[2026-04-21T02:59:01.929+0000] {processor.py:830} INFO - Processing file /home/airflow/.local/lib/python3.8/site-packages/airflow/example_dags/example_time_delta_sensor_async.py for tasks to queue
[2026-04-21T02:59:01.931+0000] {logging_mixin.py:188} INFO - [2026-04-21T02:59:01.931+0000] {dagbag.py:538} INFO - Filling up the DagBag from /home/airflow/.local/lib/python3.8/site-packages/airflow/example_dags/example_time_delta_sensor_async.py
[2026-04-21T02:59:01.937+0000] {processor.py:840} INFO - DAG(s) 'example_time_delta_sensor_async' retrieved from /home/airflow/.local/lib/python3.8/site-packages/airflow/example_dags/example_time_delta_sensor_async.py
[2026-04-21T02:59:01.961+0000] {logging_mixin.py:188} INFO - [2026-04-21T02:59:01.960+0000] {dag.py:3036} INFO - Sync 1 DAGs
[2026-04-21T02:59:01.974+0000] {logging_mixin.py:188} INFO - [2026-04-21T02:59:01.974+0000] {dag.py:3823} INFO - Setting next_dagrun for example_time_delta_sensor_async to None, run_after=None
[2026-04-21T02:59:01.993+0000] {processor.py:183} INFO - Processing /home/airflow/.local/lib/python3.8/site-packages/airflow/example_dags/example_time_delta_sensor_async.py took 0.070 seconds
[2026-04-21T02:59:32.069+0000] {processor.py:161} INFO - Started process (PID=3721822) to work on /home/airflow/.local/lib/python3.8/site-packages/airflow/example_dags/example_time_delta_sensor_async.py
[2026-04-21T02:59:32.071+0000] {processor.py:830} INFO - Processing file /home/airflow/.local/lib/python3.8/site-packages/airflow/example_dags/example_time_delta_sensor_async.py for tasks to queue
[2026-04-21T02:59:32.074+0000] {logging_mixin.py:188} INFO - [2026-04-21T02:59:32.073+0000] {dagbag.py:538} INFO - Filling up the DagBag from /home/airflow/.local/lib/python3.8/site-packages/airflow/example_dags/example_time_delta_sensor_async.py
[2026-04-21T02:59:32.080+0000] {processor.py:840} INFO - DAG(s) 'example_time_delta_sensor_async' retrieved from /home/airflow/.local/lib/python3.8/site-packages/airflow/example_dags/example_time_delta_sensor_async.py
[2026-04-21T02:59:32.103+0000] {logging_mixin.py:188} INFO - [2026-04-21T02:59:32.103+0000] {dag.py:3036} INFO - Sync 1 DAGs
[2026-04-21T02:59:32.118+0000] {logging_mixin.py:188} INFO - [2026-04-21T02:59:32.118+0000] {dag.py:3823} INFO - Setting next_dagrun for example_time_delta_sensor_async to None, run_after=None
[2026-04-21T02:59:32.138+0000] {processor.py:183} INFO - Processing /home/airflow/.local/lib/python3.8/site-packages/airflow/example_dags/example_time_delta_sensor_async.py took 0.074 seconds
[2026-04-21T03:00:02.286+0000] {processor.py:161} INFO - Started process (PID=3721879) to work on /home/airflow/.local/lib/python3.8/site-packages/airflow/example_dags/example_time_delta_sensor_async.py
[2026-04-21T03:00:02.288+0000] {processor.py:830} INFO - Processing file /home/airflow/.local/lib/python3.8/site-packages/airflow/example_dags/example_time_delta_sensor_async.py for tasks to queue
[2026-04-21T03:00:02.291+0000] {logging_mixin.py:188} INFO - [2026-04-21T03:00:02.290+0000] {dagbag.py:538} INFO - Filling up the DagBag from /home/airflow/.local/lib/python3.8/site-packages/airflow/example_dags/example_time_delta_sensor_async.py
[2026-04-21T03:00:02.298+0000] {processor.py:840} INFO - DAG(s) 'example_time_delta_sensor_async' retrieved from /home/airflow/.local/lib/python3.8/site-packages/airflow/example_dags/example_time_delta_sensor_async.py
[2026-04-21T03:00:02.325+0000] {logging_mixin.py:188} INFO - [2026-04-21T03:00:02.324+0000] {dag.py:3036} INFO - Sync 1 DAGs
[2026-04-21T03:00:02.340+0000] {logging_mixin.py:188} INFO - [2026-04-21T03:00:02.340+0000] {dag.py:3823} INFO - Setting next_dagrun for example_time_delta_sensor_async to None, run_after=None
[2026-04-21T03:00:02.360+0000] {processor.py:183} INFO - Processing /home/airflow/.local/lib/python3.8/site-packages/airflow/example_dags/example_time_delta_sensor_async.py took 0.079 seconds
[2026-04-21T03:00:32.584+0000] {processor.py:161} INFO - Started process (PID=3721936) to work on /home/airflow/.local/lib/python3.8/site-packages/airflow/example_dags/example_time_delta_sensor_async.py
[2026-04-21T03:00:32.585+0000] {processor.py:830} INFO - Processing file /home/airflow/.local/lib/python3.8/site-packages/airflow/example_dags/example_time_delta_sensor_async.py for tasks to queue
[2026-04-21T03:00:32.588+0000] {logging_mixin.py:188} INFO - [2026-04-21T03:00:32.587+0000] {dagbag.py:538} INFO - Filling up the DagBag from /home/airflow/.local/lib/python3.8/site-packages/airflow/example_dags/example_time_delta_sensor_async.py
[2026-04-21T03:00:32.594+0000] {processor.py:840} INFO - DAG(s) 'example_time_delta_sensor_async' retrieved from /home/airflow/.local/lib/python3.8/site-packages/airflow/example_dags/example_time_delta_sensor_async.py
[2026-04-21T03:00:32.617+0000] {logging_mixin.py:188} INFO - [2026-04-21T03:00:32.617+0000] {dag.py:3036} INFO - Sync 1 DAGs
[2026-04-21T03:00:32.631+0000] {logging_mixin.py:188} INFO - [2026-04-21T03:00:32.631+0000] {dag.py:3823} INFO - Setting next_dagrun for example_time_delta_sensor_async to None, run_after=None
[2026-04-21T03:00:32.650+0000] {processor.py:183} INFO - Processing /home/airflow/.local/lib/python3.8/site-packages/airflow/example_dags/example_time_delta_sensor_async.py took 0.071 seconds
[2026-04-21T03:01:02.937+0000] {processor.py:161} INFO - Started process (PID=3721993) to work on /home/airflow/.local/lib/python3.8/site-packages/airflow/example_dags/example_time_delta_sensor_async.py
[2026-04-21T03:01:02.940+0000] {processor.py:830} INFO - Processing file /home/airflow/.local/lib/python3.8/site-packages/airflow/example_dags/example_time_delta_sensor_async.py for tasks to queue
[2026-04-21T03:01:02.943+0000] {logging_mixin.py:188} INFO - [2026-04-21T03:01:02.942+0000] {dagbag.py:538} INFO - Filling up the DagBag from /home/airflow/.local/lib/python3.8/site-packages/airflow/example_dags/example_time_delta_sensor_async.py
[2026-04-21T03:01:02.951+0000] {processor.py:840} INFO - DAG(s) 'example_time_delta_sensor_async' retrieved from /home/airflow/.local/lib/python3.8/site-packages/airflow/example_dags/example_time_delta_sensor_async.py
[2026-04-21T03:01:02.981+0000] {logging_mixin.py:188} INFO - [2026-04-21T03:01:02.981+0000] {dag.py:3036} INFO - Sync 1 DAGs
[2026-04-21T03:01:02.996+0000] {logging_mixin.py:188} INFO - [2026-04-21T03:01:02.996+0000] {dag.py:3823} INFO - Setting next_dagrun for example_time_delta_sensor_async to None, run_after=None
[2026-04-21T03:01:03.017+0000] {processor.py:183} INFO - Processing /home/airflow/.local/lib/python3.8/site-packages/airflow/example_dags/example_time_delta_sensor_async.py took 0.086 seconds
[2026-04-21T03:01:33.253+0000] {processor.py:161} INFO - Started process (PID=3722050) to work on /home/airflow/.local/lib/python3.8/site-packages/airflow/example_dags/example_time_delta_sensor_async.py
[2026-04-21T03:01:33.255+0000] {processor.py:830} INFO - Processing file /home/airflow/.local/lib/python3.8/site-packages/airflow/example_dags/example_time_delta_sensor_async.py for tasks to queue
[2026-04-21T03:01:33.257+0000] {logging_mixin.py:188} INFO - [2026-04-21T03:01:33.257+0000] {dagbag.py:538} INFO - Filling up the DagBag from /home/airflow/.local/lib/python3.8/site-packages/airflow/example_dags/example_time_delta_sensor_async.py
[2026-04-21T03:01:33.264+0000] {processor.py:840} INFO - DAG(s) 'example_time_delta_sensor_async' retrieved from /home/airflow/.local/lib/python3.8/site-packages/airflow/example_dags/example_time_delta_sensor_async.py
[2026-04-21T03:01:33.290+0000] {logging_mixin.py:188} INFO - [2026-04-21T03:01:33.290+0000] {dag.py:3036} INFO - Sync 1 DAGs
[2026-04-21T03:01:33.305+0000] {logging_mixin.py:188} INFO - [2026-04-21T03:01:33.305+0000] {dag.py:3823} INFO - Setting next_dagrun for example_time_delta_sensor_async to None, run_after=None
[2026-04-21T03:01:33.325+0000] {processor.py:183} INFO - Processing /home/airflow/.local/lib/python3.8/site-packages/airflow/example_dags/example_time_delta_sensor_async.py took 0.077 seconds
[2026-04-21T03:02:03.432+0000] {processor.py:161} INFO - Started process (PID=3722107) to work on /home/airflow/.local/lib/python3.8/site-packages/airflow/example_dags/example_time_delta_sensor_async.py
[2026-04-21T03:02:03.434+0000] {processor.py:830} INFO - Processing file /home/airflow/.local/lib/python3.8/site-packages/airflow/example_dags/example_time_delta_sensor_async.py for tasks to queue
[2026-04-21T03:02:03.437+0000] {logging_mixin.py:188} INFO - [2026-04-21T03:02:03.436+0000] {dagbag.py:538} INFO - Filling up the DagBag from /home/airflow/.local/lib/python3.8/site-packages/airflow/example_dags/example_time_delta_sensor_async.py
[2026-04-21T03:02:03.443+0000] {processor.py:840} INFO - DAG(s) 'example_time_delta_sensor_async' retrieved from /home/airflow/.local/lib/python3.8/site-packages/airflow/example_dags/example_time_delta_sensor_async.py
[2026-04-21T03:02:03.467+0000] {logging_mixin.py:188} INFO - [2026-04-21T03:02:03.467+0000] {dag.py:3036} INFO - Sync 1 DAGs
[2026-04-21T03:02:03.480+0000] {logging_mixin.py:188} INFO - [2026-04-21T03:02:03.480+0000] {dag.py:3823} INFO - Setting next_dagrun for example_time_delta_sensor_async to None, run_after=None
[2026-04-21T03:02:03.499+0000] {processor.py:183} INFO - Processing /home/airflow/.local/lib/python3.8/site-packages/airflow/example_dags/example_time_delta_sensor_async.py took 0.072 seconds
[2026-04-21T03:02:33.715+0000] {processor.py:161} INFO - Started process (PID=3722165) to work on /home/airflow/.local/lib/python3.8/site-packages/airflow/example_dags/example_time_delta_sensor_async.py
[2026-04-21T03:02:33.716+0000] {processor.py:830} INFO - Processing file /home/airflow/.local/lib/python3.8/site-packages/airflow/example_dags/example_time_delta_sensor_async.py for tasks to queue
[2026-04-21T03:02:33.719+0000] {logging_mixin.py:188} INFO - [2026-04-21T03:02:33.718+0000] {dagbag.py:538} INFO - Filling up the DagBag from /home/airflow/.local/lib/python3.8/site-packages/airflow/example_dags/example_time_delta_sensor_async.py
[2026-04-21T03:02:33.725+0000] {processor.py:840} INFO - DAG(s) 'example_time_delta_sensor_async' retrieved from /home/airflow/.local/lib/python3.8/site-packages/airflow/example_dags/example_time_delta_sensor_async.py
[2026-04-21T03:02:33.749+0000] {logging_mixin.py:188} INFO - [2026-04-21T03:02:33.749+0000] {dag.py:3036} INFO - Sync 1 DAGs
[2026-04-21T03:02:33.764+0000] {logging_mixin.py:188} INFO - [2026-04-21T03:02:33.764+0000] {dag.py:3823} INFO - Setting next_dagrun for example_time_delta_sensor_async to None, run_after=None
[2026-04-21T03:02:33.784+0000] {processor.py:183} INFO - Processing /home/airflow/.local/lib/python3.8/site-packages/airflow/example_dags/example_time_delta_sensor_async.py took 0.074 seconds
[2026-04-21T03:03:04.037+0000] {processor.py:161} INFO - Started process (PID=3722222) to work on /home/airflow/.local/lib/python3.8/site-packages/airflow/example_dags/example_time_delta_sensor_async.py
[2026-04-21T03:03:04.039+0000] {processor.py:830} INFO - Processing file /home/airflow/.local/lib/python3.8/site-packages/airflow/example_dags/example_time_delta_sensor_async.py for tasks to queue
[2026-04-21T03:03:04.042+0000] {logging_mixin.py:188} INFO - [2026-04-21T03:03:04.041+0000] {dagbag.py:538} INFO - Filling up the DagBag from /home/airflow/.local/lib/python3.8/site-packages/airflow/example_dags/example_time_delta_sensor_async.py
[2026-04-21T03:03:04.048+0000] {processor.py:840} INFO - DAG(s) 'example_time_delta_sensor_async' retrieved from /home/airflow/.local/lib/python3.8/site-packages/airflow/example_dags/example_time_delta_sensor_async.py
[2026-04-21T03:03:04.072+0000] {logging_mixin.py:188} INFO - [2026-04-21T03:03:04.071+0000] {dag.py:3036} INFO - Sync 1 DAGs
[2026-04-21T03:03:04.086+0000] {logging_mixin.py:188} INFO - [2026-04-21T03:03:04.086+0000] {dag.py:3823} INFO - Setting next_dagrun for example_time_delta_sensor_async to None, run_after=None
[2026-04-21T03:03:04.106+0000] {processor.py:183} INFO - Processing /home/airflow/.local/lib/python3.8/site-packages/airflow/example_dags/example_time_delta_sensor_async.py took 0.074 seconds
[2026-04-21T03:03:34.490+0000] {processor.py:161} INFO - Started process (PID=3722279) to work on /home/airflow/.local/lib/python3.8/site-packages/airflow/example_dags/example_time_delta_sensor_async.py
[2026-04-21T03:03:34.492+0000] {processor.py:830} INFO - Processing file /home/airflow/.local/lib/python3.8/site-packages/airflow/example_dags/example_time_delta_sensor_async.py for tasks to queue
[2026-04-21T03:03:34.495+0000] {logging_mixin.py:188} INFO - [2026-04-21T03:03:34.494+0000] {dagbag.py:538} INFO - Filling up the DagBag from /home/airflow/.local/lib/python3.8/site-packages/airflow/example_dags/example_time_delta_sensor_async.py
[2026-04-21T03:03:34.501+0000] {processor.py:840} INFO - DAG(s) 'example_time_delta_sensor_async' retrieved from /home/airflow/.local/lib/python3.8/site-packages/airflow/example_dags/example_time_delta_sensor_async.py
[2026-04-21T03:03:34.525+0000] {logging_mixin.py:188} INFO - [2026-04-21T03:03:34.525+0000] {dag.py:3036} INFO - Sync 1 DAGs
[2026-04-21T03:03:34.539+0000] {logging_mixin.py:188} INFO - [2026-04-21T03:03:34.539+0000] {dag.py:3823} INFO - Setting next_dagrun for example_time_delta_sensor_async to None, run_after=None
[2026-04-21T03:03:34.559+0000] {processor.py:183} INFO - Processing /home/airflow/.local/lib/python3.8/site-packages/airflow/example_dags/example_time_delta_sensor_async.py took 0.075 seconds
[2026-04-21T03:04:04.613+0000] {processor.py:161} INFO - Started process (PID=3722336) to work on /home/airflow/.local/lib/python3.8/site-packages/airflow/example_dags/example_time_delta_sensor_async.py
[2026-04-21T03:04:04.614+0000] {processor.py:830} INFO - Processing file /home/airflow/.local/lib/python3.8/site-packages/airflow/example_dags/example_time_delta_sensor_async.py for tasks to queue
[2026-04-21T03:04:04.617+0000] {logging_mixin.py:188} INFO - [2026-04-21T03:04:04.616+0000] {dagbag.py:538} INFO - Filling up the DagBag from /home/airflow/.local/lib/python3.8/site-packages/airflow/example_dags/example_time_delta_sensor_async.py
[2026-04-21T03:04:04.624+0000] {processor.py:840} INFO - DAG(s) 'example_time_delta_sensor_async' retrieved from /home/airflow/.local/lib/python3.8/site-packages/airflow/example_dags/example_time_delta_sensor_async.py
[2026-04-21T03:04:04.648+0000] {logging_mixin.py:188} INFO - [2026-04-21T03:04:04.648+0000] {dag.py:3036} INFO - Sync 1 DAGs
[2026-04-21T03:04:04.663+0000] {logging_mixin.py:188} INFO - [2026-04-21T03:04:04.662+0000] {dag.py:3823} INFO - Setting next_dagrun for example_time_delta_sensor_async to None, run_after=None
[2026-04-21T03:04:04.681+0000] {processor.py:183} INFO - Processing /home/airflow/.local/lib/python3.8/site-packages/airflow/example_dags/example_time_delta_sensor_async.py took 0.073 seconds
[2026-04-21T03:04:34.900+0000] {processor.py:161} INFO - Started process (PID=3722393) to work on /home/airflow/.local/lib/python3.8/site-packages/airflow/example_dags/example_time_delta_sensor_async.py
[2026-04-21T03:04:34.902+0000] {processor.py:830} INFO - Processing file /home/airflow/.local/lib/python3.8/site-packages/airflow/example_dags/example_time_delta_sensor_async.py for tasks to queue
[2026-04-21T03:04:34.904+0000] {logging_mixin.py:188} INFO - [2026-04-21T03:04:34.904+0000] {dagbag.py:538} INFO - Filling up the DagBag from /home/airflow/.local/lib/python3.8/site-packages/airflow/example_dags/example_time_delta_sensor_async.py
[2026-04-21T03:04:34.910+0000] {processor.py:840} INFO - DAG(s) 'example_time_delta_sensor_async' retrieved from /home/airflow/.local/lib/python3.8/site-packages/airflow/example_dags/example_time_delta_sensor_async.py
[2026-04-21T03:04:34.934+0000] {logging_mixin.py:188} INFO - [2026-04-21T03:04:34.933+0000] {dag.py:3036} INFO - Sync 1 DAGs
[2026-04-21T03:04:34.947+0000] {logging_mixin.py:188} INFO - [2026-04-21T03:04:34.947+0000] {dag.py:3823} INFO - Setting next_dagrun for example_time_delta_sensor_async to None, run_after=None
[2026-04-21T03:04:34.966+0000] {processor.py:183} INFO - Processing /home/airflow/.local/lib/python3.8/site-packages/airflow/example_dags/example_time_delta_sensor_async.py took 0.071 seconds
[2026-04-21T03:05:05.261+0000] {processor.py:161} INFO - Started process (PID=3722450) to work on /home/airflow/.local/lib/python3.8/site-packages/airflow/example_dags/example_time_delta_sensor_async.py
[2026-04-21T03:05:05.262+0000] {processor.py:830} INFO - Processing file /home/airflow/.local/lib/python3.8/site-packages/airflow/example_dags/example_time_delta_sensor_async.py for tasks to queue
[2026-04-21T03:05:05.265+0000] {logging_mixin.py:188} INFO - [2026-04-21T03:05:05.264+0000] {dagbag.py:538} INFO - Filling up the DagBag from /home/airflow/.local/lib/python3.8/site-packages/airflow/example_dags/example_time_delta_sensor_async.py
[2026-04-21T03:05:05.271+0000] {processor.py:840} INFO - DAG(s) 'example_time_delta_sensor_async' retrieved from /home/airflow/.local/lib/python3.8/site-packages/airflow/example_dags/example_time_delta_sensor_async.py
[2026-04-21T03:05:05.294+0000] {logging_mixin.py:188} INFO - [2026-04-21T03:05:05.294+0000] {dag.py:3036} INFO - Sync 1 DAGs
[2026-04-21T03:05:05.308+0000] {logging_mixin.py:188} INFO - [2026-04-21T03:05:05.308+0000] {dag.py:3823} INFO - Setting next_dagrun for example_time_delta_sensor_async to None, run_after=None
[2026-04-21T03:05:05.327+0000] {processor.py:183} INFO - Processing /home/airflow/.local/lib/python3.8/site-packages/airflow/example_dags/example_time_delta_sensor_async.py took 0.071 seconds
[2026-04-21T03:05:35.730+0000] {processor.py:161} INFO - Started process (PID=3722507) to work on /home/airflow/.local/lib/python3.8/site-packages/airflow/example_dags/example_time_delta_sensor_async.py
[2026-04-21T03:05:35.731+0000] {processor.py:830} INFO - Processing file /home/airflow/.local/lib/python3.8/site-packages/airflow/example_dags/example_time_delta_sensor_async.py for tasks to queue
[2026-04-21T03:05:35.734+0000] {logging_mixin.py:188} INFO - [2026-04-21T03:05:35.733+0000] {dagbag.py:538} INFO - Filling up the DagBag from /home/airflow/.local/lib/python3.8/site-packages/airflow/example_dags/example_time_delta_sensor_async.py
[2026-04-21T03:05:35.740+0000] {processor.py:840} INFO - DAG(s) 'example_time_delta_sensor_async' retrieved from /home/airflow/.local/lib/python3.8/site-packages/airflow/example_dags/example_time_delta_sensor_async.py
[2026-04-21T03:05:35.764+0000] {logging_mixin.py:188} INFO - [2026-04-21T03:05:35.764+0000] {dag.py:3036} INFO - Sync 1 DAGs
[2026-04-21T03:05:35.778+0000] {logging_mixin.py:188} INFO - [2026-04-21T03:05:35.778+0000] {dag.py:3823} INFO - Setting next_dagrun for example_time_delta_sensor_async to None, run_after=None
[2026-04-21T03:05:35.798+0000] {processor.py:183} INFO - Processing /home/airflow/.local/lib/python3.8/site-packages/airflow/example_dags/example_time_delta_sensor_async.py took 0.073 seconds
[2026-04-21T03:06:06.005+0000] {processor.py:161} INFO - Started process (PID=3722564) to work on /home/airflow/.local/lib/python3.8/site-packages/airflow/example_dags/example_time_delta_sensor_async.py
[2026-04-21T03:06:06.007+0000] {processor.py:830} INFO - Processing file /home/airflow/.local/lib/python3.8/site-packages/airflow/example_dags/example_time_delta_sensor_async.py for tasks to queue
[2026-04-21T03:06:06.009+0000] {logging_mixin.py:188} INFO - [2026-04-21T03:06:06.009+0000] {dagbag.py:538} INFO - Filling up the DagBag from /home/airflow/.local/lib/python3.8/site-packages/airflow/example_dags/example_time_delta_sensor_async.py
[2026-04-21T03:06:06.015+0000] {processor.py:840} INFO - DAG(s) 'example_time_delta_sensor_async' retrieved from /home/airflow/.local/lib/python3.8/site-packages/airflow/example_dags/example_time_delta_sensor_async.py
[2026-04-21T03:06:06.041+0000] {logging_mixin.py:188} INFO - [2026-04-21T03:06:06.041+0000] {dag.py:3036} INFO - Sync 1 DAGs
[2026-04-21T03:06:06.055+0000] {logging_mixin.py:188} INFO - [2026-04-21T03:06:06.055+0000] {dag.py:3823} INFO - Setting next_dagrun for example_time_delta_sensor_async to None, run_after=None
[2026-04-21T03:06:06.074+0000] {processor.py:183} INFO - Processing /home/airflow/.local/lib/python3.8/site-packages/airflow/example_dags/example_time_delta_sensor_async.py took 0.074 seconds
[2026-04-21T03:06:36.938+0000] {processor.py:161} INFO - Started process (PID=3722619) to work on /home/airflow/.local/lib/python3.8/site-packages/airflow/example_dags/example_time_delta_sensor_async.py
[2026-04-21T03:06:36.940+0000] {processor.py:830} INFO - Processing file /home/airflow/.local/lib/python3.8/site-packages/airflow/example_dags/example_time_delta_sensor_async.py for tasks to queue
[2026-04-21T03:06:36.942+0000] {logging_mixin.py:188} INFO - [2026-04-21T03:06:36.942+0000] {dagbag.py:538} INFO - Filling up the DagBag from /home/airflow/.local/lib/python3.8/site-packages/airflow/example_dags/example_time_delta_sensor_async.py
[2026-04-21T03:06:36.949+0000] {processor.py:840} INFO - DAG(s) 'example_time_delta_sensor_async' retrieved from /home/airflow/.local/lib/python3.8/site-packages/airflow/example_dags/example_time_delta_sensor_async.py
[2026-04-21T03:06:36.973+0000] {logging_mixin.py:188} INFO - [2026-04-21T03:06:36.973+0000] {dag.py:3036} INFO - Sync 1 DAGs
[2026-04-21T03:06:36.987+0000] {logging_mixin.py:188} INFO - [2026-04-21T03:06:36.987+0000] {dag.py:3823} INFO - Setting next_dagrun for example_time_delta_sensor_async to None, run_after=None
[2026-04-21T03:06:37.006+0000] {processor.py:183} INFO - Processing /home/airflow/.local/lib/python3.8/site-packages/airflow/example_dags/example_time_delta_sensor_async.py took 0.072 seconds
[2026-04-21T03:07:07.044+0000] {processor.py:161} INFO - Started process (PID=3722674) to work on /home/airflow/.local/lib/python3.8/site-packages/airflow/example_dags/example_time_delta_sensor_async.py
[2026-04-21T03:07:07.046+0000] {processor.py:830} INFO - Processing file /home/airflow/.local/lib/python3.8/site-packages/airflow/example_dags/example_time_delta_sensor_async.py for tasks to queue
[2026-04-21T03:07:07.048+0000] {logging_mixin.py:188} INFO - [2026-04-21T03:07:07.048+0000] {dagbag.py:538} INFO - Filling up the DagBag from /home/airflow/.local/lib/python3.8/site-packages/airflow/example_dags/example_time_delta_sensor_async.py
[2026-04-21T03:07:07.054+0000] {processor.py:840} INFO - DAG(s) 'example_time_delta_sensor_async' retrieved from /home/airflow/.local/lib/python3.8/site-packages/airflow/example_dags/example_time_delta_sensor_async.py
[2026-04-21T03:07:07.080+0000] {logging_mixin.py:188} INFO - [2026-04-21T03:07:07.079+0000] {dag.py:3036} INFO - Sync 1 DAGs
[2026-04-21T03:07:07.093+0000] {logging_mixin.py:188} INFO - [2026-04-21T03:07:07.093+0000] {dag.py:3823} INFO - Setting next_dagrun for example_time_delta_sensor_async to None, run_after=None
[2026-04-21T03:07:07.112+0000] {processor.py:183} INFO - Processing /home/airflow/.local/lib/python3.8/site-packages/airflow/example_dags/example_time_delta_sensor_async.py took 0.073 seconds
[2026-04-21T03:07:37.487+0000] {processor.py:161} INFO - Started process (PID=3722731) to work on /home/airflow/.local/lib/python3.8/site-packages/airflow/example_dags/example_time_delta_sensor_async.py
[2026-04-21T03:07:37.489+0000] {processor.py:830} INFO - Processing file /home/airflow/.local/lib/python3.8/site-packages/airflow/example_dags/example_time_delta_sensor_async.py for tasks to queue
[2026-04-21T03:07:37.491+0000] {logging_mixin.py:188} INFO - [2026-04-21T03:07:37.491+0000] {dagbag.py:538} INFO - Filling up the DagBag from /home/airflow/.local/lib/python3.8/site-packages/airflow/example_dags/example_time_delta_sensor_async.py
[2026-04-21T03:07:37.498+0000] {processor.py:840} INFO - DAG(s) 'example_time_delta_sensor_async' retrieved from /home/airflow/.local/lib/python3.8/site-packages/airflow/example_dags/example_time_delta_sensor_async.py
[2026-04-21T03:07:37.521+0000] {logging_mixin.py:188} INFO - [2026-04-21T03:07:37.521+0000] {dag.py:3036} INFO - Sync 1 DAGs
[2026-04-21T03:07:37.536+0000] {logging_mixin.py:188} INFO - [2026-04-21T03:07:37.535+0000] {dag.py:3823} INFO - Setting next_dagrun for example_time_delta_sensor_async to None, run_after=None
[2026-04-21T03:07:37.554+0000] {processor.py:183} INFO - Processing /home/airflow/.local/lib/python3.8/site-packages/airflow/example_dags/example_time_delta_sensor_async.py took 0.072 seconds
[2026-04-21T03:08:07.758+0000] {processor.py:161} INFO - Started process (PID=3722788) to work on /home/airflow/.local/lib/python3.8/site-packages/airflow/example_dags/example_time_delta_sensor_async.py
[2026-04-21T03:08:07.760+0000] {processor.py:830} INFO - Processing file /home/airflow/.local/lib/python3.8/site-packages/airflow/example_dags/example_time_delta_sensor_async.py for tasks to queue
[2026-04-21T03:08:07.762+0000] {logging_mixin.py:188} INFO - [2026-04-21T03:08:07.762+0000] {dagbag.py:538} INFO - Filling up the DagBag from /home/airflow/.local/lib/python3.8/site-packages/airflow/example_dags/example_time_delta_sensor_async.py
[2026-04-21T03:08:07.769+0000] {processor.py:840} INFO - DAG(s) 'example_time_delta_sensor_async' retrieved from /home/airflow/.local/lib/python3.8/site-packages/airflow/example_dags/example_time_delta_sensor_async.py
[2026-04-21T03:08:07.792+0000] {logging_mixin.py:188} INFO - [2026-04-21T03:08:07.792+0000] {dag.py:3036} INFO - Sync 1 DAGs
[2026-04-21T03:08:07.807+0000] {logging_mixin.py:188} INFO - [2026-04-21T03:08:07.807+0000] {dag.py:3823} INFO - Setting next_dagrun for example_time_delta_sensor_async to None, run_after=None
[2026-04-21T03:08:07.826+0000] {processor.py:183} INFO - Processing /home/airflow/.local/lib/python3.8/site-packages/airflow/example_dags/example_time_delta_sensor_async.py took 0.073 seconds
[2026-04-21T03:08:37.968+0000] {processor.py:161} INFO - Started process (PID=3722845) to work on /home/airflow/.local/lib/python3.8/site-packages/airflow/example_dags/example_time_delta_sensor_async.py
[2026-04-21T03:08:37.970+0000] {processor.py:830} INFO - Processing file /home/airflow/.local/lib/python3.8/site-packages/airflow/example_dags/example_time_delta_sensor_async.py for tasks to queue
[2026-04-21T03:08:37.972+0000] {logging_mixin.py:188} INFO - [2026-04-21T03:08:37.972+0000] {dagbag.py:538} INFO - Filling up the DagBag from /home/airflow/.local/lib/python3.8/site-packages/airflow/example_dags/example_time_delta_sensor_async.py
[2026-04-21T03:08:37.978+0000] {processor.py:840} INFO - DAG(s) 'example_time_delta_sensor_async' retrieved from /home/airflow/.local/lib/python3.8/site-packages/airflow/example_dags/example_time_delta_sensor_async.py
[2026-04-21T03:08:38.002+0000] {logging_mixin.py:188} INFO - [2026-04-21T03:08:38.002+0000] {dag.py:3036} INFO - Sync 1 DAGs
[2026-04-21T03:08:38.016+0000] {logging_mixin.py:188} INFO - [2026-04-21T03:08:38.016+0000] {dag.py:3823} INFO - Setting next_dagrun for example_time_delta_sensor_async to None, run_after=None
[2026-04-21T03:08:38.035+0000] {processor.py:183} INFO - Processing /home/airflow/.local/lib/python3.8/site-packages/airflow/example_dags/example_time_delta_sensor_async.py took 0.072 seconds
[2026-04-21T03:09:08.401+0000] {processor.py:161} INFO - Started process (PID=3722902) to work on /home/airflow/.local/lib/python3.8/site-packages/airflow/example_dags/example_time_delta_sensor_async.py
[2026-04-21T03:09:08.403+0000] {processor.py:830} INFO - Processing file /home/airflow/.local/lib/python3.8/site-packages/airflow/example_dags/example_time_delta_sensor_async.py for tasks to queue
[2026-04-21T03:09:08.405+0000] {logging_mixin.py:188} INFO - [2026-04-21T03:09:08.405+0000] {dagbag.py:538} INFO - Filling up the DagBag from /home/airflow/.local/lib/python3.8/site-packages/airflow/example_dags/example_time_delta_sensor_async.py
[2026-04-21T03:09:08.411+0000] {processor.py:840} INFO - DAG(s) 'example_time_delta_sensor_async' retrieved from /home/airflow/.local/lib/python3.8/site-packages/airflow/example_dags/example_time_delta_sensor_async.py
[2026-04-21T03:09:08.435+0000] {logging_mixin.py:188} INFO - [2026-04-21T03:09:08.435+0000] {dag.py:3036} INFO - Sync 1 DAGs
[2026-04-21T03:09:08.449+0000] {logging_mixin.py:188} INFO - [2026-04-21T03:09:08.449+0000] {dag.py:3823} INFO - Setting next_dagrun for example_time_delta_sensor_async to None, run_after=None
[2026-04-21T03:09:08.468+0000] {processor.py:183} INFO - Processing /home/airflow/.local/lib/python3.8/site-packages/airflow/example_dags/example_time_delta_sensor_async.py took 0.072 seconds
[2026-04-21T03:09:38.550+0000] {processor.py:161} INFO - Started process (PID=3722959) to work on /home/airflow/.local/lib/python3.8/site-packages/airflow/example_dags/example_time_delta_sensor_async.py
[2026-04-21T03:09:38.552+0000] {processor.py:830} INFO - Processing file /home/airflow/.local/lib/python3.8/site-packages/airflow/example_dags/example_time_delta_sensor_async.py for tasks to queue
[2026-04-21T03:09:38.555+0000] {logging_mixin.py:188} INFO - [2026-04-21T03:09:38.554+0000] {dagbag.py:538} INFO - Filling up the DagBag from /home/airflow/.local/lib/python3.8/site-packages/airflow/example_dags/example_time_delta_sensor_async.py
[2026-04-21T03:09:38.561+0000] {processor.py:840} INFO - DAG(s) 'example_time_delta_sensor_async' retrieved from /home/airflow/.local/lib/python3.8/site-packages/airflow/example_dags/example_time_delta_sensor_async.py
[2026-04-21T03:09:38.585+0000] {logging_mixin.py:188} INFO - [2026-04-21T03:09:38.585+0000] {dag.py:3036} INFO - Sync 1 DAGs
[2026-04-21T03:09:38.600+0000] {logging_mixin.py:188} INFO - [2026-04-21T03:09:38.599+0000] {dag.py:3823} INFO - Setting next_dagrun for example_time_delta_sensor_async to None, run_after=None
[2026-04-21T03:09:38.619+0000] {processor.py:183} INFO - Processing /home/airflow/.local/lib/python3.8/site-packages/airflow/example_dags/example_time_delta_sensor_async.py took 0.073 seconds
[2026-04-21T03:10:08.928+0000] {processor.py:161} INFO - Started process (PID=3723016) to work on /home/airflow/.local/lib/python3.8/site-packages/airflow/example_dags/example_time_delta_sensor_async.py
[2026-04-21T03:10:08.930+0000] {processor.py:830} INFO - Processing file /home/airflow/.local/lib/python3.8/site-packages/airflow/example_dags/example_time_delta_sensor_async.py for tasks to queue
[2026-04-21T03:10:08.932+0000] {logging_mixin.py:188} INFO - [2026-04-21T03:10:08.932+0000] {dagbag.py:538} INFO - Filling up the DagBag from /home/airflow/.local/lib/python3.8/site-packages/airflow/example_dags/example_time_delta_sensor_async.py
[2026-04-21T03:10:08.939+0000] {processor.py:840} INFO - DAG(s) 'example_time_delta_sensor_async' retrieved from /home/airflow/.local/lib/python3.8/site-packages/airflow/example_dags/example_time_delta_sensor_async.py
[2026-04-21T03:10:08.963+0000] {logging_mixin.py:188} INFO - [2026-04-21T03:10:08.963+0000] {dag.py:3036} INFO - Sync 1 DAGs
[2026-04-21T03:10:08.978+0000] {logging_mixin.py:188} INFO - [2026-04-21T03:10:08.977+0000] {dag.py:3823} INFO - Setting next_dagrun for example_time_delta_sensor_async to None, run_after=None
[2026-04-21T03:10:08.997+0000] {processor.py:183} INFO - Processing /home/airflow/.local/lib/python3.8/site-packages/airflow/example_dags/example_time_delta_sensor_async.py took 0.073 seconds
[2026-04-21T03:10:39.242+0000] {processor.py:161} INFO - Started process (PID=3723073) to work on /home/airflow/.local/lib/python3.8/site-packages/airflow/example_dags/example_time_delta_sensor_async.py
[2026-04-21T03:10:39.244+0000] {processor.py:830} INFO - Processing file /home/airflow/.local/lib/python3.8/site-packages/airflow/example_dags/example_time_delta_sensor_async.py for tasks to queue
[2026-04-21T03:10:39.247+0000] {logging_mixin.py:188} INFO - [2026-04-21T03:10:39.247+0000] {dagbag.py:538} INFO - Filling up the DagBag from /home/airflow/.local/lib/python3.8/site-packages/airflow/example_dags/example_time_delta_sensor_async.py
[2026-04-21T03:10:39.253+0000] {processor.py:840} INFO - DAG(s) 'example_time_delta_sensor_async' retrieved from /home/airflow/.local/lib/python3.8/site-packages/airflow/example_dags/example_time_delta_sensor_async.py
[2026-04-21T03:10:39.276+0000] {logging_mixin.py:188} INFO - [2026-04-21T03:10:39.276+0000] {dag.py:3036} INFO - Sync 1 DAGs
[2026-04-21T03:10:39.294+0000] {logging_mixin.py:188} INFO - [2026-04-21T03:10:39.294+0000] {dag.py:3823} INFO - Setting next_dagrun for example_time_delta_sensor_async to None, run_after=None
[2026-04-21T03:10:39.313+0000] {processor.py:183} INFO - Processing /home/airflow/.local/lib/python3.8/site-packages/airflow/example_dags/example_time_delta_sensor_async.py took 0.076 seconds
[2026-04-21T03:11:09.486+0000] {processor.py:161} INFO - Started process (PID=3723130) to work on /home/airflow/.local/lib/python3.8/site-packages/airflow/example_dags/example_time_delta_sensor_async.py
[2026-04-21T03:11:09.488+0000] {processor.py:830} INFO - Processing file /home/airflow/.local/lib/python3.8/site-packages/airflow/example_dags/example_time_delta_sensor_async.py for tasks to queue
[2026-04-21T03:11:09.490+0000] {logging_mixin.py:188} INFO - [2026-04-21T03:11:09.490+0000] {dagbag.py:538} INFO - Filling up the DagBag from /home/airflow/.local/lib/python3.8/site-packages/airflow/example_dags/example_time_delta_sensor_async.py
[2026-04-21T03:11:09.497+0000] {processor.py:840} INFO - DAG(s) 'example_time_delta_sensor_async' retrieved from /home/airflow/.local/lib/python3.8/site-packages/airflow/example_dags/example_time_delta_sensor_async.py
[2026-04-21T03:11:09.522+0000] {logging_mixin.py:188} INFO - [2026-04-21T03:11:09.521+0000] {dag.py:3036} INFO - Sync 1 DAGs
[2026-04-21T03:11:09.536+0000] {logging_mixin.py:188} INFO - [2026-04-21T03:11:09.536+0000] {dag.py:3823} INFO - Setting next_dagrun for example_time_delta_sensor_async to None, run_after=None
[2026-04-21T03:11:09.555+0000] {processor.py:183} INFO - Processing /home/airflow/.local/lib/python3.8/site-packages/airflow/example_dags/example_time_delta_sensor_async.py took 0.074 seconds
[2026-04-21T03:11:39.745+0000] {processor.py:161} INFO - Started process (PID=3723187) to work on /home/airflow/.local/lib/python3.8/site-packages/airflow/example_dags/example_time_delta_sensor_async.py
[2026-04-21T03:11:39.747+0000] {processor.py:830} INFO - Processing file /home/airflow/.local/lib/python3.8/site-packages/airflow/example_dags/example_time_delta_sensor_async.py for tasks to queue
[2026-04-21T03:11:39.750+0000] {logging_mixin.py:188} INFO - [2026-04-21T03:11:39.749+0000] {dagbag.py:538} INFO - Filling up the DagBag from /home/airflow/.local/lib/python3.8/site-packages/airflow/example_dags/example_time_delta_sensor_async.py
[2026-04-21T03:11:39.756+0000] {processor.py:840} INFO - DAG(s) 'example_time_delta_sensor_async' retrieved from /home/airflow/.local/lib/python3.8/site-packages/airflow/example_dags/example_time_delta_sensor_async.py
[2026-04-21T03:11:39.779+0000] {logging_mixin.py:188} INFO - [2026-04-21T03:11:39.779+0000] {dag.py:3036} INFO - Sync 1 DAGs
[2026-04-21T03:11:39.794+0000] {logging_mixin.py:188} INFO - [2026-04-21T03:11:39.794+0000] {dag.py:3823} INFO - Setting next_dagrun for example_time_delta_sensor_async to None, run_after=None
[2026-04-21T03:11:39.813+0000] {processor.py:183} INFO - Processing /home/airflow/.local/lib/python3.8/site-packages/airflow/example_dags/example_time_delta_sensor_async.py took 0.072 seconds
[2026-04-21T03:12:10.100+0000] {processor.py:161} INFO - Started process (PID=3723244) to work on /home/airflow/.local/lib/python3.8/site-packages/airflow/example_dags/example_time_delta_sensor_async.py
[2026-04-21T03:12:10.102+0000] {processor.py:830} INFO - Processing file /home/airflow/.local/lib/python3.8/site-packages/airflow/example_dags/example_time_delta_sensor_async.py for tasks to queue
[2026-04-21T03:12:10.105+0000] {logging_mixin.py:188} INFO - [2026-04-21T03:12:10.104+0000] {dagbag.py:538} INFO - Filling up the DagBag from /home/airflow/.local/lib/python3.8/site-packages/airflow/example_dags/example_time_delta_sensor_async.py
[2026-04-21T03:12:10.111+0000] {processor.py:840} INFO - DAG(s) 'example_time_delta_sensor_async' retrieved from /home/airflow/.local/lib/python3.8/site-packages/airflow/example_dags/example_time_delta_sensor_async.py
[2026-04-21T03:12:10.138+0000] {logging_mixin.py:188} INFO - [2026-04-21T03:12:10.137+0000] {dag.py:3036} INFO - Sync 1 DAGs
[2026-04-21T03:12:10.153+0000] {logging_mixin.py:188} INFO - [2026-04-21T03:12:10.152+0000] {dag.py:3823} INFO - Setting next_dagrun for example_time_delta_sensor_async to None, run_after=None
[2026-04-21T03:12:10.174+0000] {processor.py:183} INFO - Processing /home/airflow/.local/lib/python3.8/site-packages/airflow/example_dags/example_time_delta_sensor_async.py took 0.078 seconds
[2026-04-21T03:12:40.463+0000] {processor.py:161} INFO - Started process (PID=3723301) to work on /home/airflow/.local/lib/python3.8/site-packages/airflow/example_dags/example_time_delta_sensor_async.py
[2026-04-21T03:12:40.465+0000] {processor.py:830} INFO - Processing file /home/airflow/.local/lib/python3.8/site-packages/airflow/example_dags/example_time_delta_sensor_async.py for tasks to queue
[2026-04-21T03:12:40.468+0000] {logging_mixin.py:188} INFO - [2026-04-21T03:12:40.467+0000] {dagbag.py:538} INFO - Filling up the DagBag from /home/airflow/.local/lib/python3.8/site-packages/airflow/example_dags/example_time_delta_sensor_async.py
[2026-04-21T03:12:40.474+0000] {processor.py:840} INFO - DAG(s) 'example_time_delta_sensor_async' retrieved from /home/airflow/.local/lib/python3.8/site-packages/airflow/example_dags/example_time_delta_sensor_async.py
[2026-04-21T03:12:40.498+0000] {logging_mixin.py:188} INFO - [2026-04-21T03:12:40.498+0000] {dag.py:3036} INFO - Sync 1 DAGs
[2026-04-21T03:12:40.513+0000] {logging_mixin.py:188} INFO - [2026-04-21T03:12:40.513+0000] {dag.py:3823} INFO - Setting next_dagrun for example_time_delta_sensor_async to None, run_after=None
[2026-04-21T03:12:40.532+0000] {processor.py:183} INFO - Processing /home/airflow/.local/lib/python3.8/site-packages/airflow/example_dags/example_time_delta_sensor_async.py took 0.074 seconds
[2026-04-21T03:13:11.034+0000] {processor.py:161} INFO - Started process (PID=3723358) to work on /home/airflow/.local/lib/python3.8/site-packages/airflow/example_dags/example_time_delta_sensor_async.py
[2026-04-21T03:13:11.036+0000] {processor.py:830} INFO - Processing file /home/airflow/.local/lib/python3.8/site-packages/airflow/example_dags/example_time_delta_sensor_async.py for tasks to queue
[2026-04-21T03:13:11.038+0000] {logging_mixin.py:188} INFO - [2026-04-21T03:13:11.038+0000] {dagbag.py:538} INFO - Filling up the DagBag from /home/airflow/.local/lib/python3.8/site-packages/airflow/example_dags/example_time_delta_sensor_async.py
[2026-04-21T03:13:11.044+0000] {processor.py:840} INFO - DAG(s) 'example_time_delta_sensor_async' retrieved from /home/airflow/.local/lib/python3.8/site-packages/airflow/example_dags/example_time_delta_sensor_async.py
[2026-04-21T03:13:11.068+0000] {logging_mixin.py:188} INFO - [2026-04-21T03:13:11.068+0000] {dag.py:3036} INFO - Sync 1 DAGs
[2026-04-21T03:13:11.085+0000] {logging_mixin.py:188} INFO - [2026-04-21T03:13:11.085+0000] {dag.py:3823} INFO - Setting next_dagrun for example_time_delta_sensor_async to None, run_after=None
[2026-04-21T03:13:11.105+0000] {processor.py:183} INFO - Processing /home/airflow/.local/lib/python3.8/site-packages/airflow/example_dags/example_time_delta_sensor_async.py took 0.076 seconds
[2026-04-21T03:13:41.154+0000] {processor.py:161} INFO - Started process (PID=3723415) to work on /home/airflow/.local/lib/python3.8/site-packages/airflow/example_dags/example_time_delta_sensor_async.py
[2026-04-21T03:13:41.156+0000] {processor.py:830} INFO - Processing file /home/airflow/.local/lib/python3.8/site-packages/airflow/example_dags/example_time_delta_sensor_async.py for tasks to queue
[2026-04-21T03:13:41.158+0000] {logging_mixin.py:188} INFO - [2026-04-21T03:13:41.158+0000] {dagbag.py:538} INFO - Filling up the DagBag from /home/airflow/.local/lib/python3.8/site-packages/airflow/example_dags/example_time_delta_sensor_async.py
[2026-04-21T03:13:41.172+0000] {processor.py:840} INFO - DAG(s) 'example_time_delta_sensor_async' retrieved from /home/airflow/.local/lib/python3.8/site-packages/airflow/example_dags/example_time_delta_sensor_async.py
[2026-04-21T03:13:41.202+0000] {logging_mixin.py:188} INFO - [2026-04-21T03:13:41.202+0000] {dag.py:3036} INFO - Sync 1 DAGs
[2026-04-21T03:13:41.216+0000] {logging_mixin.py:188} INFO - [2026-04-21T03:13:41.216+0000] {dag.py:3823} INFO - Setting next_dagrun for example_time_delta_sensor_async to None, run_after=None
[2026-04-21T03:13:41.235+0000] {processor.py:183} INFO - Processing /home/airflow/.local/lib/python3.8/site-packages/airflow/example_dags/example_time_delta_sensor_async.py took 0.086 seconds
[2026-04-21T03:14:11.270+0000] {processor.py:161} INFO - Started process (PID=3723471) to work on /home/airflow/.local/lib/python3.8/site-packages/airflow/example_dags/example_time_delta_sensor_async.py
[2026-04-21T03:14:11.272+0000] {processor.py:830} INFO - Processing file /home/airflow/.local/lib/python3.8/site-packages/airflow/example_dags/example_time_delta_sensor_async.py for tasks to queue
[2026-04-21T03:14:11.274+0000] {logging_mixin.py:188} INFO - [2026-04-21T03:14:11.273+0000] {dagbag.py:538} INFO - Filling up the DagBag from /home/airflow/.local/lib/python3.8/site-packages/airflow/example_dags/example_time_delta_sensor_async.py
[2026-04-21T03:14:11.280+0000] {processor.py:840} INFO - DAG(s) 'example_time_delta_sensor_async' retrieved from /home/airflow/.local/lib/python3.8/site-packages/airflow/example_dags/example_time_delta_sensor_async.py
[2026-04-21T03:14:11.303+0000] {logging_mixin.py:188} INFO - [2026-04-21T03:14:11.303+0000] {dag.py:3036} INFO - Sync 1 DAGs
[2026-04-21T03:14:11.316+0000] {logging_mixin.py:188} INFO - [2026-04-21T03:14:11.316+0000] {dag.py:3823} INFO - Setting next_dagrun for example_time_delta_sensor_async to None, run_after=None
[2026-04-21T03:14:11.334+0000] {processor.py:183} INFO - Processing /home/airflow/.local/lib/python3.8/site-packages/airflow/example_dags/example_time_delta_sensor_async.py took 0.069 seconds
[2026-04-21T03:14:41.980+0000] {processor.py:161} INFO - Started process (PID=3723529) to work on /home/airflow/.local/lib/python3.8/site-packages/airflow/example_dags/example_time_delta_sensor_async.py
[2026-04-21T03:14:41.982+0000] {processor.py:830} INFO - Processing file /home/airflow/.local/lib/python3.8/site-packages/airflow/example_dags/example_time_delta_sensor_async.py for tasks to queue
[2026-04-21T03:14:41.984+0000] {logging_mixin.py:188} INFO - [2026-04-21T03:14:41.984+0000] {dagbag.py:538} INFO - Filling up the DagBag from /home/airflow/.local/lib/python3.8/site-packages/airflow/example_dags/example_time_delta_sensor_async.py
[2026-04-21T03:14:41.991+0000] {processor.py:840} INFO - DAG(s) 'example_time_delta_sensor_async' retrieved from /home/airflow/.local/lib/python3.8/site-packages/airflow/example_dags/example_time_delta_sensor_async.py
[2026-04-21T03:14:42.016+0000] {logging_mixin.py:188} INFO - [2026-04-21T03:14:42.016+0000] {dag.py:3036} INFO - Sync 1 DAGs
[2026-04-21T03:14:42.031+0000] {logging_mixin.py:188} INFO - [2026-04-21T03:14:42.031+0000] {dag.py:3823} INFO - Setting next_dagrun for example_time_delta_sensor_async to None, run_after=None
[2026-04-21T03:14:42.050+0000] {processor.py:183} INFO - Processing /home/airflow/.local/lib/python3.8/site-packages/airflow/example_dags/example_time_delta_sensor_async.py took 0.076 seconds
[2026-04-21T03:15:12.396+0000] {processor.py:161} INFO - Started process (PID=3723586) to work on /home/airflow/.local/lib/python3.8/site-packages/airflow/example_dags/example_time_delta_sensor_async.py
[2026-04-21T03:15:12.398+0000] {processor.py:830} INFO - Processing file /home/airflow/.local/lib/python3.8/site-packages/airflow/example_dags/example_time_delta_sensor_async.py for tasks to queue
[2026-04-21T03:15:12.401+0000] {logging_mixin.py:188} INFO - [2026-04-21T03:15:12.400+0000] {dagbag.py:538} INFO - Filling up the DagBag from /home/airflow/.local/lib/python3.8/site-packages/airflow/example_dags/example_time_delta_sensor_async.py
[2026-04-21T03:15:12.407+0000] {processor.py:840} INFO - DAG(s) 'example_time_delta_sensor_async' retrieved from /home/airflow/.local/lib/python3.8/site-packages/airflow/example_dags/example_time_delta_sensor_async.py
[2026-04-21T03:15:12.431+0000] {logging_mixin.py:188} INFO - [2026-04-21T03:15:12.430+0000] {dag.py:3036} INFO - Sync 1 DAGs
[2026-04-21T03:15:12.444+0000] {logging_mixin.py:188} INFO - [2026-04-21T03:15:12.444+0000] {dag.py:3823} INFO - Setting next_dagrun for example_time_delta_sensor_async to None, run_after=None
[2026-04-21T03:15:12.463+0000] {processor.py:183} INFO - Processing /home/airflow/.local/lib/python3.8/site-packages/airflow/example_dags/example_time_delta_sensor_async.py took 0.072 seconds
[2026-04-21T03:15:42.612+0000] {processor.py:161} INFO - Started process (PID=3723643) to work on /home/airflow/.local/lib/python3.8/site-packages/airflow/example_dags/example_time_delta_sensor_async.py
[2026-04-21T03:15:42.614+0000] {processor.py:830} INFO - Processing file /home/airflow/.local/lib/python3.8/site-packages/airflow/example_dags/example_time_delta_sensor_async.py for tasks to queue
[2026-04-21T03:15:42.617+0000] {logging_mixin.py:188} INFO - [2026-04-21T03:15:42.616+0000] {dagbag.py:538} INFO - Filling up the DagBag from /home/airflow/.local/lib/python3.8/site-packages/airflow/example_dags/example_time_delta_sensor_async.py
[2026-04-21T03:15:42.623+0000] {processor.py:840} INFO - DAG(s) 'example_time_delta_sensor_async' retrieved from /home/airflow/.local/lib/python3.8/site-packages/airflow/example_dags/example_time_delta_sensor_async.py
[2026-04-21T03:15:42.646+0000] {logging_mixin.py:188} INFO - [2026-04-21T03:15:42.646+0000] {dag.py:3036} INFO - Sync 1 DAGs
[2026-04-21T03:15:42.660+0000] {logging_mixin.py:188} INFO - [2026-04-21T03:15:42.660+0000] {dag.py:3823} INFO - Setting next_dagrun for example_time_delta_sensor_async to None, run_after=None
[2026-04-21T03:15:42.678+0000] {processor.py:183} INFO - Processing /home/airflow/.local/lib/python3.8/site-packages/airflow/example_dags/example_time_delta_sensor_async.py took 0.071 seconds
[2026-04-21T03:16:12.975+0000] {processor.py:161} INFO - Started process (PID=3723700) to work on /home/airflow/.local/lib/python3.8/site-packages/airflow/example_dags/example_time_delta_sensor_async.py
[2026-04-21T03:16:12.977+0000] {processor.py:830} INFO - Processing file /home/airflow/.local/lib/python3.8/site-packages/airflow/example_dags/example_time_delta_sensor_async.py for tasks to queue
[2026-04-21T03:16:12.979+0000] {logging_mixin.py:188} INFO - [2026-04-21T03:16:12.979+0000] {dagbag.py:538} INFO - Filling up the DagBag from /home/airflow/.local/lib/python3.8/site-packages/airflow/example_dags/example_time_delta_sensor_async.py
[2026-04-21T03:16:12.986+0000] {processor.py:840} INFO - DAG(s) 'example_time_delta_sensor_async' retrieved from /home/airflow/.local/lib/python3.8/site-packages/airflow/example_dags/example_time_delta_sensor_async.py
[2026-04-21T03:16:13.011+0000] {logging_mixin.py:188} INFO - [2026-04-21T03:16:13.011+0000] {dag.py:3036} INFO - Sync 1 DAGs
[2026-04-21T03:16:13.025+0000] {logging_mixin.py:188} INFO - [2026-04-21T03:16:13.025+0000] {dag.py:3823} INFO - Setting next_dagrun for example_time_delta_sensor_async to None, run_after=None
[2026-04-21T03:16:13.045+0000] {processor.py:183} INFO - Processing /home/airflow/.local/lib/python3.8/site-packages/airflow/example_dags/example_time_delta_sensor_async.py took 0.075 seconds
[2026-04-21T03:16:43.322+0000] {processor.py:161} INFO - Started process (PID=3723757) to work on /home/airflow/.local/lib/python3.8/site-packages/airflow/example_dags/example_time_delta_sensor_async.py
[2026-04-21T03:16:43.324+0000] {processor.py:830} INFO - Processing file /home/airflow/.local/lib/python3.8/site-packages/airflow/example_dags/example_time_delta_sensor_async.py for tasks to queue
[2026-04-21T03:16:43.327+0000] {logging_mixin.py:188} INFO - [2026-04-21T03:16:43.326+0000] {dagbag.py:538} INFO - Filling up the DagBag from /home/airflow/.local/lib/python3.8/site-packages/airflow/example_dags/example_time_delta_sensor_async.py
[2026-04-21T03:16:43.334+0000] {processor.py:840} INFO - DAG(s) 'example_time_delta_sensor_async' retrieved from /home/airflow/.local/lib/python3.8/site-packages/airflow/example_dags/example_time_delta_sensor_async.py
[2026-04-21T03:16:43.359+0000] {logging_mixin.py:188} INFO - [2026-04-21T03:16:43.359+0000] {dag.py:3036} INFO - Sync 1 DAGs
[2026-04-21T03:16:43.374+0000] {logging_mixin.py:188} INFO - [2026-04-21T03:16:43.374+0000] {dag.py:3823} INFO - Setting next_dagrun for example_time_delta_sensor_async to None, run_after=None
[2026-04-21T03:16:43.395+0000] {processor.py:183} INFO - Processing /home/airflow/.local/lib/python3.8/site-packages/airflow/example_dags/example_time_delta_sensor_async.py took 0.078 seconds
[2026-04-21T03:17:13.883+0000] {processor.py:161} INFO - Started process (PID=3723814) to work on /home/airflow/.local/lib/python3.8/site-packages/airflow/example_dags/example_time_delta_sensor_async.py
[2026-04-21T03:17:13.885+0000] {processor.py:830} INFO - Processing file /home/airflow/.local/lib/python3.8/site-packages/airflow/example_dags/example_time_delta_sensor_async.py for tasks to queue
[2026-04-21T03:17:13.887+0000] {logging_mixin.py:188} INFO - [2026-04-21T03:17:13.887+0000] {dagbag.py:538} INFO - Filling up the DagBag from /home/airflow/.local/lib/python3.8/site-packages/airflow/example_dags/example_time_delta_sensor_async.py
[2026-04-21T03:17:13.894+0000] {processor.py:840} INFO - DAG(s) 'example_time_delta_sensor_async' retrieved from /home/airflow/.local/lib/python3.8/site-packages/airflow/example_dags/example_time_delta_sensor_async.py
[2026-04-21T03:17:13.927+0000] {logging_mixin.py:188} INFO - [2026-04-21T03:17:13.927+0000] {dag.py:3036} INFO - Sync 1 DAGs
[2026-04-21T03:17:13.943+0000] {logging_mixin.py:188} INFO - [2026-04-21T03:17:13.943+0000] {dag.py:3823} INFO - Setting next_dagrun for example_time_delta_sensor_async to None, run_after=None
[2026-04-21T03:17:13.964+0000] {processor.py:183} INFO - Processing /home/airflow/.local/lib/python3.8/site-packages/airflow/example_dags/example_time_delta_sensor_async.py took 0.086 seconds
[2026-04-21T03:17:44.280+0000] {processor.py:161} INFO - Started process (PID=3723871) to work on /home/airflow/.local/lib/python3.8/site-packages/airflow/example_dags/example_time_delta_sensor_async.py
[2026-04-21T03:17:44.282+0000] {processor.py:830} INFO - Processing file /home/airflow/.local/lib/python3.8/site-packages/airflow/example_dags/example_time_delta_sensor_async.py for tasks to queue
[2026-04-21T03:17:44.285+0000] {logging_mixin.py:188} INFO - [2026-04-21T03:17:44.285+0000] {dagbag.py:538} INFO - Filling up the DagBag from /home/airflow/.local/lib/python3.8/site-packages/airflow/example_dags/example_time_delta_sensor_async.py
[2026-04-21T03:17:44.292+0000] {processor.py:840} INFO - DAG(s) 'example_time_delta_sensor_async' retrieved from /home/airflow/.local/lib/python3.8/site-packages/airflow/example_dags/example_time_delta_sensor_async.py
[2026-04-21T03:17:44.320+0000] {logging_mixin.py:188} INFO - [2026-04-21T03:17:44.320+0000] {dag.py:3036} INFO - Sync 1 DAGs
[2026-04-21T03:17:44.347+0000] {logging_mixin.py:188} INFO - [2026-04-21T03:17:44.346+0000] {dag.py:3823} INFO - Setting next_dagrun for example_time_delta_sensor_async to None, run_after=None
[2026-04-21T03:17:44.375+0000] {processor.py:183} INFO - Processing /home/airflow/.local/lib/python3.8/site-packages/airflow/example_dags/example_time_delta_sensor_async.py took 0.101 seconds
[2026-04-21T03:18:14.653+0000] {processor.py:161} INFO - Started process (PID=3723928) to work on /home/airflow/.local/lib/python3.8/site-packages/airflow/example_dags/example_time_delta_sensor_async.py
[2026-04-21T03:18:14.655+0000] {processor.py:830} INFO - Processing file /home/airflow/.local/lib/python3.8/site-packages/airflow/example_dags/example_time_delta_sensor_async.py for tasks to queue
[2026-04-21T03:18:14.658+0000] {logging_mixin.py:188} INFO - [2026-04-21T03:18:14.658+0000] {dagbag.py:538} INFO - Filling up the DagBag from /home/airflow/.local/lib/python3.8/site-packages/airflow/example_dags/example_time_delta_sensor_async.py
[2026-04-21T03:18:14.667+0000] {processor.py:840} INFO - DAG(s) 'example_time_delta_sensor_async' retrieved from /home/airflow/.local/lib/python3.8/site-packages/airflow/example_dags/example_time_delta_sensor_async.py
[2026-04-21T03:18:14.691+0000] {logging_mixin.py:188} INFO - [2026-04-21T03:18:14.690+0000] {dag.py:3036} INFO - Sync 1 DAGs
[2026-04-21T03:18:14.705+0000] {logging_mixin.py:188} INFO - [2026-04-21T03:18:14.704+0000] {dag.py:3823} INFO - Setting next_dagrun for example_time_delta_sensor_async to None, run_after=None
[2026-04-21T03:18:14.722+0000] {processor.py:183} INFO - Processing /home/airflow/.local/lib/python3.8/site-packages/airflow/example_dags/example_time_delta_sensor_async.py took 0.074 seconds
[2026-04-21T03:18:44.831+0000] {processor.py:161} INFO - Started process (PID=3723985) to work on /home/airflow/.local/lib/python3.8/site-packages/airflow/example_dags/example_time_delta_sensor_async.py
[2026-04-21T03:18:44.833+0000] {processor.py:830} INFO - Processing file /home/airflow/.local/lib/python3.8/site-packages/airflow/example_dags/example_time_delta_sensor_async.py for tasks to queue
[2026-04-21T03:18:44.835+0000] {logging_mixin.py:188} INFO - [2026-04-21T03:18:44.835+0000] {dagbag.py:538} INFO - Filling up the DagBag from /home/airflow/.local/lib/python3.8/site-packages/airflow/example_dags/example_time_delta_sensor_async.py
[2026-04-21T03:18:44.842+0000] {processor.py:840} INFO - DAG(s) 'example_time_delta_sensor_async' retrieved from /home/airflow/.local/lib/python3.8/site-packages/airflow/example_dags/example_time_delta_sensor_async.py
[2026-04-21T03:18:44.867+0000] {logging_mixin.py:188} INFO - [2026-04-21T03:18:44.867+0000] {dag.py:3036} INFO - Sync 1 DAGs
[2026-04-21T03:18:44.883+0000] {logging_mixin.py:188} INFO - [2026-04-21T03:18:44.883+0000] {dag.py:3823} INFO - Setting next_dagrun for example_time_delta_sensor_async to None, run_after=None
[2026-04-21T03:18:44.902+0000] {processor.py:183} INFO - Processing /home/airflow/.local/lib/python3.8/site-packages/airflow/example_dags/example_time_delta_sensor_async.py took 0.076 seconds
[2026-04-21T03:19:15.150+0000] {processor.py:161} INFO - Started process (PID=3724042) to work on /home/airflow/.local/lib/python3.8/site-packages/airflow/example_dags/example_time_delta_sensor_async.py
[2026-04-21T03:19:15.152+0000] {processor.py:830} INFO - Processing file /home/airflow/.local/lib/python3.8/site-packages/airflow/example_dags/example_time_delta_sensor_async.py for tasks to queue
[2026-04-21T03:19:15.155+0000] {logging_mixin.py:188} INFO - [2026-04-21T03:19:15.154+0000] {dagbag.py:538} INFO - Filling up the DagBag from /home/airflow/.local/lib/python3.8/site-packages/airflow/example_dags/example_time_delta_sensor_async.py
[2026-04-21T03:19:15.161+0000] {processor.py:840} INFO - DAG(s) 'example_time_delta_sensor_async' retrieved from /home/airflow/.local/lib/python3.8/site-packages/airflow/example_dags/example_time_delta_sensor_async.py
[2026-04-21T03:19:15.186+0000] {logging_mixin.py:188} INFO - [2026-04-21T03:19:15.186+0000] {dag.py:3036} INFO - Sync 1 DAGs
[2026-04-21T03:19:15.200+0000] {logging_mixin.py:188} INFO - [2026-04-21T03:19:15.200+0000] {dag.py:3823} INFO - Setting next_dagrun for example_time_delta_sensor_async to None, run_after=None
[2026-04-21T03:19:15.220+0000] {processor.py:183} INFO - Processing /home/airflow/.local/lib/python3.8/site-packages/airflow/example_dags/example_time_delta_sensor_async.py took 0.075 seconds
[2026-04-21T03:19:45.505+0000] {processor.py:161} INFO - Started process (PID=3724099) to work on /home/airflow/.local/lib/python3.8/site-packages/airflow/example_dags/example_time_delta_sensor_async.py
[2026-04-21T03:19:45.507+0000] {processor.py:830} INFO - Processing file /home/airflow/.local/lib/python3.8/site-packages/airflow/example_dags/example_time_delta_sensor_async.py for tasks to queue
[2026-04-21T03:19:45.510+0000] {logging_mixin.py:188} INFO - [2026-04-21T03:19:45.509+0000] {dagbag.py:538} INFO - Filling up the DagBag from /home/airflow/.local/lib/python3.8/site-packages/airflow/example_dags/example_time_delta_sensor_async.py
[2026-04-21T03:19:45.516+0000] {processor.py:840} INFO - DAG(s) 'example_time_delta_sensor_async' retrieved from /home/airflow/.local/lib/python3.8/site-packages/airflow/example_dags/example_time_delta_sensor_async.py
[2026-04-21T03:19:45.543+0000] {logging_mixin.py:188} INFO - [2026-04-21T03:19:45.543+0000] {dag.py:3036} INFO - Sync 1 DAGs
[2026-04-21T03:19:45.559+0000] {logging_mixin.py:188} INFO - [2026-04-21T03:19:45.559+0000] {dag.py:3823} INFO - Setting next_dagrun for example_time_delta_sensor_async to None, run_after=None
[2026-04-21T03:19:45.581+0000] {processor.py:183} INFO - Processing /home/airflow/.local/lib/python3.8/site-packages/airflow/example_dags/example_time_delta_sensor_async.py took 0.080 seconds
[2026-04-21T03:20:15.892+0000] {processor.py:161} INFO - Started process (PID=3724156) to work on /home/airflow/.local/lib/python3.8/site-packages/airflow/example_dags/example_time_delta_sensor_async.py
[2026-04-21T03:20:15.895+0000] {processor.py:830} INFO - Processing file /home/airflow/.local/lib/python3.8/site-packages/airflow/example_dags/example_time_delta_sensor_async.py for tasks to queue
[2026-04-21T03:20:15.898+0000] {logging_mixin.py:188} INFO - [2026-04-21T03:20:15.897+0000] {dagbag.py:538} INFO - Filling up the DagBag from /home/airflow/.local/lib/python3.8/site-packages/airflow/example_dags/example_time_delta_sensor_async.py
[2026-04-21T03:20:15.904+0000] {processor.py:840} INFO - DAG(s) 'example_time_delta_sensor_async' retrieved from /home/airflow/.local/lib/python3.8/site-packages/airflow/example_dags/example_time_delta_sensor_async.py
[2026-04-21T03:20:15.928+0000] {logging_mixin.py:188} INFO - [2026-04-21T03:20:15.928+0000] {dag.py:3036} INFO - Sync 1 DAGs
[2026-04-21T03:20:15.942+0000] {logging_mixin.py:188} INFO - [2026-04-21T03:20:15.941+0000] {dag.py:3823} INFO - Setting next_dagrun for example_time_delta_sensor_async to None, run_after=None
[2026-04-21T03:20:15.961+0000] {processor.py:183} INFO - Processing /home/airflow/.local/lib/python3.8/site-packages/airflow/example_dags/example_time_delta_sensor_async.py took 0.074 seconds
[2026-04-21T03:20:46.379+0000] {processor.py:161} INFO - Started process (PID=3724213) to work on /home/airflow/.local/lib/python3.8/site-packages/airflow/example_dags/example_time_delta_sensor_async.py
[2026-04-21T03:20:46.381+0000] {processor.py:830} INFO - Processing file /home/airflow/.local/lib/python3.8/site-packages/airflow/example_dags/example_time_delta_sensor_async.py for tasks to queue
[2026-04-21T03:20:46.384+0000] {logging_mixin.py:188} INFO - [2026-04-21T03:20:46.383+0000] {dagbag.py:538} INFO - Filling up the DagBag from /home/airflow/.local/lib/python3.8/site-packages/airflow/example_dags/example_time_delta_sensor_async.py
[2026-04-21T03:20:46.390+0000] {processor.py:840} INFO - DAG(s) 'example_time_delta_sensor_async' retrieved from /home/airflow/.local/lib/python3.8/site-packages/airflow/example_dags/example_time_delta_sensor_async.py
[2026-04-21T03:20:46.415+0000] {logging_mixin.py:188} INFO - [2026-04-21T03:20:46.415+0000] {dag.py:3036} INFO - Sync 1 DAGs
[2026-04-21T03:20:46.430+0000] {logging_mixin.py:188} INFO - [2026-04-21T03:20:46.430+0000] {dag.py:3823} INFO - Setting next_dagrun for example_time_delta_sensor_async to None, run_after=None
[2026-04-21T03:20:46.450+0000] {processor.py:183} INFO - Processing /home/airflow/.local/lib/python3.8/site-packages/airflow/example_dags/example_time_delta_sensor_async.py took 0.076 seconds
[2026-04-21T03:21:16.620+0000] {processor.py:161} INFO - Started process (PID=3724270) to work on /home/airflow/.local/lib/python3.8/site-packages/airflow/example_dags/example_time_delta_sensor_async.py
[2026-04-21T03:21:16.622+0000] {processor.py:830} INFO - Processing file /home/airflow/.local/lib/python3.8/site-packages/airflow/example_dags/example_time_delta_sensor_async.py for tasks to queue
[2026-04-21T03:21:16.624+0000] {logging_mixin.py:188} INFO - [2026-04-21T03:21:16.624+0000] {dagbag.py:538} INFO - Filling up the DagBag from /home/airflow/.local/lib/python3.8/site-packages/airflow/example_dags/example_time_delta_sensor_async.py
[2026-04-21T03:21:16.631+0000] {processor.py:840} INFO - DAG(s) 'example_time_delta_sensor_async' retrieved from /home/airflow/.local/lib/python3.8/site-packages/airflow/example_dags/example_time_delta_sensor_async.py
[2026-04-21T03:21:16.657+0000] {logging_mixin.py:188} INFO - [2026-04-21T03:21:16.657+0000] {dag.py:3036} INFO - Sync 1 DAGs
[2026-04-21T03:21:16.672+0000] {logging_mixin.py:188} INFO - [2026-04-21T03:21:16.672+0000] {dag.py:3823} INFO - Setting next_dagrun for example_time_delta_sensor_async to None, run_after=None
[2026-04-21T03:21:16.696+0000] {processor.py:183} INFO - Processing /home/airflow/.local/lib/python3.8/site-packages/airflow/example_dags/example_time_delta_sensor_async.py took 0.081 seconds
[2026-04-21T03:21:47.082+0000] {processor.py:161} INFO - Started process (PID=3724327) to work on /home/airflow/.local/lib/python3.8/site-packages/airflow/example_dags/example_time_delta_sensor_async.py
[2026-04-21T03:21:47.084+0000] {processor.py:830} INFO - Processing file /home/airflow/.local/lib/python3.8/site-packages/airflow/example_dags/example_time_delta_sensor_async.py for tasks to queue
[2026-04-21T03:21:47.086+0000] {logging_mixin.py:188} INFO - [2026-04-21T03:21:47.086+0000] {dagbag.py:538} INFO - Filling up the DagBag from /home/airflow/.local/lib/python3.8/site-packages/airflow/example_dags/example_time_delta_sensor_async.py
[2026-04-21T03:21:47.093+0000] {processor.py:840} INFO - DAG(s) 'example_time_delta_sensor_async' retrieved from /home/airflow/.local/lib/python3.8/site-packages/airflow/example_dags/example_time_delta_sensor_async.py
[2026-04-21T03:21:47.122+0000] {logging_mixin.py:188} INFO - [2026-04-21T03:21:47.122+0000] {dag.py:3036} INFO - Sync 1 DAGs
[2026-04-21T03:21:47.141+0000] {logging_mixin.py:188} INFO - [2026-04-21T03:21:47.141+0000] {dag.py:3823} INFO - Setting next_dagrun for example_time_delta_sensor_async to None, run_after=None
[2026-04-21T03:21:47.167+0000] {processor.py:183} INFO - Processing /home/airflow/.local/lib/python3.8/site-packages/airflow/example_dags/example_time_delta_sensor_async.py took 0.090 seconds
[2026-04-21T03:22:17.396+0000] {processor.py:161} INFO - Started process (PID=3724384) to work on /home/airflow/.local/lib/python3.8/site-packages/airflow/example_dags/example_time_delta_sensor_async.py
[2026-04-21T03:22:17.398+0000] {processor.py:830} INFO - Processing file /home/airflow/.local/lib/python3.8/site-packages/airflow/example_dags/example_time_delta_sensor_async.py for tasks to queue
[2026-04-21T03:22:17.401+0000] {logging_mixin.py:188} INFO - [2026-04-21T03:22:17.400+0000] {dagbag.py:538} INFO - Filling up the DagBag from /home/airflow/.local/lib/python3.8/site-packages/airflow/example_dags/example_time_delta_sensor_async.py
[2026-04-21T03:22:17.408+0000] {processor.py:840} INFO - DAG(s) 'example_time_delta_sensor_async' retrieved from /home/airflow/.local/lib/python3.8/site-packages/airflow/example_dags/example_time_delta_sensor_async.py
[2026-04-21T03:22:17.434+0000] {logging_mixin.py:188} INFO - [2026-04-21T03:22:17.434+0000] {dag.py:3036} INFO - Sync 1 DAGs
[2026-04-21T03:22:17.449+0000] {logging_mixin.py:188} INFO - [2026-04-21T03:22:17.449+0000] {dag.py:3823} INFO - Setting next_dagrun for example_time_delta_sensor_async to None, run_after=None
[2026-04-21T03:22:17.470+0000] {processor.py:183} INFO - Processing /home/airflow/.local/lib/python3.8/site-packages/airflow/example_dags/example_time_delta_sensor_async.py took 0.079 seconds
[2026-04-21T03:22:47.702+0000] {processor.py:161} INFO - Started process (PID=3724441) to work on /home/airflow/.local/lib/python3.8/site-packages/airflow/example_dags/example_time_delta_sensor_async.py
[2026-04-21T03:22:47.704+0000] {processor.py:830} INFO - Processing file /home/airflow/.local/lib/python3.8/site-packages/airflow/example_dags/example_time_delta_sensor_async.py for tasks to queue
[2026-04-21T03:22:47.707+0000] {logging_mixin.py:188} INFO - [2026-04-21T03:22:47.707+0000] {dagbag.py:538} INFO - Filling up the DagBag from /home/airflow/.local/lib/python3.8/site-packages/airflow/example_dags/example_time_delta_sensor_async.py
[2026-04-21T03:22:47.715+0000] {processor.py:840} INFO - DAG(s) 'example_time_delta_sensor_async' retrieved from /home/airflow/.local/lib/python3.8/site-packages/airflow/example_dags/example_time_delta_sensor_async.py
[2026-04-21T03:22:47.745+0000] {logging_mixin.py:188} INFO - [2026-04-21T03:22:47.744+0000] {dag.py:3036} INFO - Sync 1 DAGs
[2026-04-21T03:22:47.760+0000] {logging_mixin.py:188} INFO - [2026-04-21T03:22:47.759+0000] {dag.py:3823} INFO - Setting next_dagrun for example_time_delta_sensor_async to None, run_after=None
[2026-04-21T03:22:47.782+0000] {processor.py:183} INFO - Processing /home/airflow/.local/lib/python3.8/site-packages/airflow/example_dags/example_time_delta_sensor_async.py took 0.086 seconds
[2026-04-21T03:23:17.949+0000] {processor.py:161} INFO - Started process (PID=3724498) to work on /home/airflow/.local/lib/python3.8/site-packages/airflow/example_dags/example_time_delta_sensor_async.py
[2026-04-21T03:23:17.951+0000] {processor.py:830} INFO - Processing file /home/airflow/.local/lib/python3.8/site-packages/airflow/example_dags/example_time_delta_sensor_async.py for tasks to queue
[2026-04-21T03:23:17.953+0000] {logging_mixin.py:188} INFO - [2026-04-21T03:23:17.953+0000] {dagbag.py:538} INFO - Filling up the DagBag from /home/airflow/.local/lib/python3.8/site-packages/airflow/example_dags/example_time_delta_sensor_async.py
[2026-04-21T03:23:17.959+0000] {processor.py:840} INFO - DAG(s) 'example_time_delta_sensor_async' retrieved from /home/airflow/.local/lib/python3.8/site-packages/airflow/example_dags/example_time_delta_sensor_async.py
[2026-04-21T03:23:17.983+0000] {logging_mixin.py:188} INFO - [2026-04-21T03:23:17.983+0000] {dag.py:3036} INFO - Sync 1 DAGs
[2026-04-21T03:23:17.997+0000] {logging_mixin.py:188} INFO - [2026-04-21T03:23:17.997+0000] {dag.py:3823} INFO - Setting next_dagrun for example_time_delta_sensor_async to None, run_after=None
[2026-04-21T03:23:18.017+0000] {processor.py:183} INFO - Processing /home/airflow/.local/lib/python3.8/site-packages/airflow/example_dags/example_time_delta_sensor_async.py took 0.073 seconds
[2026-04-21T03:23:48.211+0000] {processor.py:161} INFO - Started process (PID=3724555) to work on /home/airflow/.local/lib/python3.8/site-packages/airflow/example_dags/example_time_delta_sensor_async.py
[2026-04-21T03:23:48.213+0000] {processor.py:830} INFO - Processing file /home/airflow/.local/lib/python3.8/site-packages/airflow/example_dags/example_time_delta_sensor_async.py for tasks to queue
[2026-04-21T03:23:48.216+0000] {logging_mixin.py:188} INFO - [2026-04-21T03:23:48.215+0000] {dagbag.py:538} INFO - Filling up the DagBag from /home/airflow/.local/lib/python3.8/site-packages/airflow/example_dags/example_time_delta_sensor_async.py
[2026-04-21T03:23:48.222+0000] {processor.py:840} INFO - DAG(s) 'example_time_delta_sensor_async' retrieved from /home/airflow/.local/lib/python3.8/site-packages/airflow/example_dags/example_time_delta_sensor_async.py
[2026-04-21T03:23:48.248+0000] {logging_mixin.py:188} INFO - [2026-04-21T03:23:48.247+0000] {dag.py:3036} INFO - Sync 1 DAGs
[2026-04-21T03:23:48.263+0000] {logging_mixin.py:188} INFO - [2026-04-21T03:23:48.262+0000] {dag.py:3823} INFO - Setting next_dagrun for example_time_delta_sensor_async to None, run_after=None
[2026-04-21T03:23:48.282+0000] {processor.py:183} INFO - Processing /home/airflow/.local/lib/python3.8/site-packages/airflow/example_dags/example_time_delta_sensor_async.py took 0.076 seconds
[2026-04-21T03:24:18.633+0000] {processor.py:161} INFO - Started process (PID=3724612) to work on /home/airflow/.local/lib/python3.8/site-packages/airflow/example_dags/example_time_delta_sensor_async.py
[2026-04-21T03:24:18.635+0000] {processor.py:830} INFO - Processing file /home/airflow/.local/lib/python3.8/site-packages/airflow/example_dags/example_time_delta_sensor_async.py for tasks to queue
[2026-04-21T03:24:18.637+0000] {logging_mixin.py:188} INFO - [2026-04-21T03:24:18.637+0000] {dagbag.py:538} INFO - Filling up the DagBag from /home/airflow/.local/lib/python3.8/site-packages/airflow/example_dags/example_time_delta_sensor_async.py
[2026-04-21T03:24:18.644+0000] {processor.py:840} INFO - DAG(s) 'example_time_delta_sensor_async' retrieved from /home/airflow/.local/lib/python3.8/site-packages/airflow/example_dags/example_time_delta_sensor_async.py
[2026-04-21T03:24:18.668+0000] {logging_mixin.py:188} INFO - [2026-04-21T03:24:18.668+0000] {dag.py:3036} INFO - Sync 1 DAGs
[2026-04-21T03:24:18.682+0000] {logging_mixin.py:188} INFO - [2026-04-21T03:24:18.682+0000] {dag.py:3823} INFO - Setting next_dagrun for example_time_delta_sensor_async to None, run_after=None
[2026-04-21T03:24:18.701+0000] {processor.py:183} INFO - Processing /home/airflow/.local/lib/python3.8/site-packages/airflow/example_dags/example_time_delta_sensor_async.py took 0.074 seconds
[2026-04-21T03:24:49.304+0000] {processor.py:161} INFO - Started process (PID=3724669) to work on /home/airflow/.local/lib/python3.8/site-packages/airflow/example_dags/example_time_delta_sensor_async.py
[2026-04-21T03:24:49.306+0000] {processor.py:830} INFO - Processing file /home/airflow/.local/lib/python3.8/site-packages/airflow/example_dags/example_time_delta_sensor_async.py for tasks to queue
[2026-04-21T03:24:49.308+0000] {logging_mixin.py:188} INFO - [2026-04-21T03:24:49.308+0000] {dagbag.py:538} INFO - Filling up the DagBag from /home/airflow/.local/lib/python3.8/site-packages/airflow/example_dags/example_time_delta_sensor_async.py
[2026-04-21T03:24:49.314+0000] {processor.py:840} INFO - DAG(s) 'example_time_delta_sensor_async' retrieved from /home/airflow/.local/lib/python3.8/site-packages/airflow/example_dags/example_time_delta_sensor_async.py
[2026-04-21T03:24:49.339+0000] {logging_mixin.py:188} INFO - [2026-04-21T03:24:49.339+0000] {dag.py:3036} INFO - Sync 1 DAGs
[2026-04-21T03:24:49.353+0000] {logging_mixin.py:188} INFO - [2026-04-21T03:24:49.352+0000] {dag.py:3823} INFO - Setting next_dagrun for example_time_delta_sensor_async to None, run_after=None
[2026-04-21T03:24:49.374+0000] {processor.py:183} INFO - Processing /home/airflow/.local/lib/python3.8/site-packages/airflow/example_dags/example_time_delta_sensor_async.py took 0.074 seconds
[2026-04-21T03:25:19.637+0000] {processor.py:161} INFO - Started process (PID=3724726) to work on /home/airflow/.local/lib/python3.8/site-packages/airflow/example_dags/example_time_delta_sensor_async.py
[2026-04-21T03:25:19.640+0000] {processor.py:830} INFO - Processing file /home/airflow/.local/lib/python3.8/site-packages/airflow/example_dags/example_time_delta_sensor_async.py for tasks to queue
[2026-04-21T03:25:19.642+0000] {logging_mixin.py:188} INFO - [2026-04-21T03:25:19.642+0000] {dagbag.py:538} INFO - Filling up the DagBag from /home/airflow/.local/lib/python3.8/site-packages/airflow/example_dags/example_time_delta_sensor_async.py
[2026-04-21T03:25:19.648+0000] {processor.py:840} INFO - DAG(s) 'example_time_delta_sensor_async' retrieved from /home/airflow/.local/lib/python3.8/site-packages/airflow/example_dags/example_time_delta_sensor_async.py
[2026-04-21T03:25:19.673+0000] {logging_mixin.py:188} INFO - [2026-04-21T03:25:19.672+0000] {dag.py:3036} INFO - Sync 1 DAGs
[2026-04-21T03:25:19.686+0000] {logging_mixin.py:188} INFO - [2026-04-21T03:25:19.686+0000] {dag.py:3823} INFO - Setting next_dagrun for example_time_delta_sensor_async to None, run_after=None
[2026-04-21T03:25:19.704+0000] {processor.py:183} INFO - Processing /home/airflow/.local/lib/python3.8/site-packages/airflow/example_dags/example_time_delta_sensor_async.py took 0.072 seconds
[2026-04-21T03:25:50.405+0000] {processor.py:161} INFO - Started process (PID=3724781) to work on /home/airflow/.local/lib/python3.8/site-packages/airflow/example_dags/example_time_delta_sensor_async.py
[2026-04-21T03:25:50.408+0000] {processor.py:830} INFO - Processing file /home/airflow/.local/lib/python3.8/site-packages/airflow/example_dags/example_time_delta_sensor_async.py for tasks to queue
[2026-04-21T03:25:50.410+0000] {logging_mixin.py:188} INFO - [2026-04-21T03:25:50.410+0000] {dagbag.py:538} INFO - Filling up the DagBag from /home/airflow/.local/lib/python3.8/site-packages/airflow/example_dags/example_time_delta_sensor_async.py
[2026-04-21T03:25:50.416+0000] {processor.py:840} INFO - DAG(s) 'example_time_delta_sensor_async' retrieved from /home/airflow/.local/lib/python3.8/site-packages/airflow/example_dags/example_time_delta_sensor_async.py
[2026-04-21T03:25:50.442+0000] {logging_mixin.py:188} INFO - [2026-04-21T03:25:50.442+0000] {dag.py:3036} INFO - Sync 1 DAGs
[2026-04-21T03:25:50.456+0000] {logging_mixin.py:188} INFO - [2026-04-21T03:25:50.456+0000] {dag.py:3823} INFO - Setting next_dagrun for example_time_delta_sensor_async to None, run_after=None
[2026-04-21T03:25:50.476+0000] {processor.py:183} INFO - Processing /home/airflow/.local/lib/python3.8/site-packages/airflow/example_dags/example_time_delta_sensor_async.py took 0.075 seconds
[2026-04-21T03:26:20.701+0000] {processor.py:161} INFO - Started process (PID=3724836) to work on /home/airflow/.local/lib/python3.8/site-packages/airflow/example_dags/example_time_delta_sensor_async.py
[2026-04-21T03:26:20.703+0000] {processor.py:830} INFO - Processing file /home/airflow/.local/lib/python3.8/site-packages/airflow/example_dags/example_time_delta_sensor_async.py for tasks to queue
[2026-04-21T03:26:20.705+0000] {logging_mixin.py:188} INFO - [2026-04-21T03:26:20.705+0000] {dagbag.py:538} INFO - Filling up the DagBag from /home/airflow/.local/lib/python3.8/site-packages/airflow/example_dags/example_time_delta_sensor_async.py
[2026-04-21T03:26:20.711+0000] {processor.py:840} INFO - DAG(s) 'example_time_delta_sensor_async' retrieved from /home/airflow/.local/lib/python3.8/site-packages/airflow/example_dags/example_time_delta_sensor_async.py
[2026-04-21T03:26:20.735+0000] {logging_mixin.py:188} INFO - [2026-04-21T03:26:20.735+0000] {dag.py:3036} INFO - Sync 1 DAGs
[2026-04-21T03:26:20.749+0000] {logging_mixin.py:188} INFO - [2026-04-21T03:26:20.748+0000] {dag.py:3823} INFO - Setting next_dagrun for example_time_delta_sensor_async to None, run_after=None
[2026-04-21T03:26:20.767+0000] {processor.py:183} INFO - Processing /home/airflow/.local/lib/python3.8/site-packages/airflow/example_dags/example_time_delta_sensor_async.py took 0.071 seconds
[2026-04-21T03:26:51.327+0000] {processor.py:161} INFO - Started process (PID=3724899) to work on /home/airflow/.local/lib/python3.8/site-packages/airflow/example_dags/example_time_delta_sensor_async.py
[2026-04-21T03:26:51.329+0000] {processor.py:830} INFO - Processing file /home/airflow/.local/lib/python3.8/site-packages/airflow/example_dags/example_time_delta_sensor_async.py for tasks to queue
[2026-04-21T03:26:51.331+0000] {logging_mixin.py:188} INFO - [2026-04-21T03:26:51.331+0000] {dagbag.py:538} INFO - Filling up the DagBag from /home/airflow/.local/lib/python3.8/site-packages/airflow/example_dags/example_time_delta_sensor_async.py
[2026-04-21T03:26:51.337+0000] {processor.py:840} INFO - DAG(s) 'example_time_delta_sensor_async' retrieved from /home/airflow/.local/lib/python3.8/site-packages/airflow/example_dags/example_time_delta_sensor_async.py
[2026-04-21T03:26:51.361+0000] {logging_mixin.py:188} INFO - [2026-04-21T03:26:51.361+0000] {dag.py:3036} INFO - Sync 1 DAGs
[2026-04-21T03:26:51.375+0000] {logging_mixin.py:188} INFO - [2026-04-21T03:26:51.375+0000] {dag.py:3823} INFO - Setting next_dagrun for example_time_delta_sensor_async to None, run_after=None
[2026-04-21T03:26:51.393+0000] {processor.py:183} INFO - Processing /home/airflow/.local/lib/python3.8/site-packages/airflow/example_dags/example_time_delta_sensor_async.py took 0.071 seconds
[2026-04-21T03:27:21.453+0000] {processor.py:161} INFO - Started process (PID=3724956) to work on /home/airflow/.local/lib/python3.8/site-packages/airflow/example_dags/example_time_delta_sensor_async.py
[2026-04-21T03:27:21.455+0000] {processor.py:830} INFO - Processing file /home/airflow/.local/lib/python3.8/site-packages/airflow/example_dags/example_time_delta_sensor_async.py for tasks to queue
[2026-04-21T03:27:21.458+0000] {logging_mixin.py:188} INFO - [2026-04-21T03:27:21.457+0000] {dagbag.py:538} INFO - Filling up the DagBag from /home/airflow/.local/lib/python3.8/site-packages/airflow/example_dags/example_time_delta_sensor_async.py
[2026-04-21T03:27:21.464+0000] {processor.py:840} INFO - DAG(s) 'example_time_delta_sensor_async' retrieved from /home/airflow/.local/lib/python3.8/site-packages/airflow/example_dags/example_time_delta_sensor_async.py
[2026-04-21T03:27:21.493+0000] {logging_mixin.py:188} INFO - [2026-04-21T03:27:21.493+0000] {dag.py:3036} INFO - Sync 1 DAGs
[2026-04-21T03:27:21.507+0000] {logging_mixin.py:188} INFO - [2026-04-21T03:27:21.507+0000] {dag.py:3823} INFO - Setting next_dagrun for example_time_delta_sensor_async to None, run_after=None
[2026-04-21T03:27:21.527+0000] {processor.py:183} INFO - Processing /home/airflow/.local/lib/python3.8/site-packages/airflow/example_dags/example_time_delta_sensor_async.py took 0.078 seconds
[2026-04-21T03:27:51.702+0000] {processor.py:161} INFO - Started process (PID=3725013) to work on /home/airflow/.local/lib/python3.8/site-packages/airflow/example_dags/example_time_delta_sensor_async.py
[2026-04-21T03:27:51.704+0000] {processor.py:830} INFO - Processing file /home/airflow/.local/lib/python3.8/site-packages/airflow/example_dags/example_time_delta_sensor_async.py for tasks to queue
[2026-04-21T03:27:51.707+0000] {logging_mixin.py:188} INFO - [2026-04-21T03:27:51.706+0000] {dagbag.py:538} INFO - Filling up the DagBag from /home/airflow/.local/lib/python3.8/site-packages/airflow/example_dags/example_time_delta_sensor_async.py
[2026-04-21T03:27:51.713+0000] {processor.py:840} INFO - DAG(s) 'example_time_delta_sensor_async' retrieved from /home/airflow/.local/lib/python3.8/site-packages/airflow/example_dags/example_time_delta_sensor_async.py
[2026-04-21T03:27:51.738+0000] {logging_mixin.py:188} INFO - [2026-04-21T03:27:51.738+0000] {dag.py:3036} INFO - Sync 1 DAGs
[2026-04-21T03:27:51.752+0000] {logging_mixin.py:188} INFO - [2026-04-21T03:27:51.752+0000] {dag.py:3823} INFO - Setting next_dagrun for example_time_delta_sensor_async to None, run_after=None
[2026-04-21T03:27:51.772+0000] {processor.py:183} INFO - Processing /home/airflow/.local/lib/python3.8/site-packages/airflow/example_dags/example_time_delta_sensor_async.py took 0.074 seconds
[2026-04-21T03:28:22.343+0000] {processor.py:161} INFO - Started process (PID=3725069) to work on /home/airflow/.local/lib/python3.8/site-packages/airflow/example_dags/example_time_delta_sensor_async.py
[2026-04-21T03:28:22.344+0000] {processor.py:830} INFO - Processing file /home/airflow/.local/lib/python3.8/site-packages/airflow/example_dags/example_time_delta_sensor_async.py for tasks to queue
[2026-04-21T03:28:22.347+0000] {logging_mixin.py:188} INFO - [2026-04-21T03:28:22.347+0000] {dagbag.py:538} INFO - Filling up the DagBag from /home/airflow/.local/lib/python3.8/site-packages/airflow/example_dags/example_time_delta_sensor_async.py
[2026-04-21T03:28:22.353+0000] {processor.py:840} INFO - DAG(s) 'example_time_delta_sensor_async' retrieved from /home/airflow/.local/lib/python3.8/site-packages/airflow/example_dags/example_time_delta_sensor_async.py
[2026-04-21T03:28:22.378+0000] {logging_mixin.py:188} INFO - [2026-04-21T03:28:22.377+0000] {dag.py:3036} INFO - Sync 1 DAGs
[2026-04-21T03:28:22.392+0000] {logging_mixin.py:188} INFO - [2026-04-21T03:28:22.391+0000] {dag.py:3823} INFO - Setting next_dagrun for example_time_delta_sensor_async to None, run_after=None
[2026-04-21T03:28:22.411+0000] {processor.py:183} INFO - Processing /home/airflow/.local/lib/python3.8/site-packages/airflow/example_dags/example_time_delta_sensor_async.py took 0.073 seconds
[2026-04-21T03:28:52.513+0000] {processor.py:161} INFO - Started process (PID=3725126) to work on /home/airflow/.local/lib/python3.8/site-packages/airflow/example_dags/example_time_delta_sensor_async.py
[2026-04-21T03:28:52.515+0000] {processor.py:830} INFO - Processing file /home/airflow/.local/lib/python3.8/site-packages/airflow/example_dags/example_time_delta_sensor_async.py for tasks to queue
[2026-04-21T03:28:52.518+0000] {logging_mixin.py:188} INFO - [2026-04-21T03:28:52.517+0000] {dagbag.py:538} INFO - Filling up the DagBag from /home/airflow/.local/lib/python3.8/site-packages/airflow/example_dags/example_time_delta_sensor_async.py
[2026-04-21T03:28:52.524+0000] {processor.py:840} INFO - DAG(s) 'example_time_delta_sensor_async' retrieved from /home/airflow/.local/lib/python3.8/site-packages/airflow/example_dags/example_time_delta_sensor_async.py
[2026-04-21T03:28:52.549+0000] {logging_mixin.py:188} INFO - [2026-04-21T03:28:52.548+0000] {dag.py:3036} INFO - Sync 1 DAGs
[2026-04-21T03:28:52.563+0000] {logging_mixin.py:188} INFO - [2026-04-21T03:28:52.562+0000] {dag.py:3823} INFO - Setting next_dagrun for example_time_delta_sensor_async to None, run_after=None
[2026-04-21T03:28:52.582+0000] {processor.py:183} INFO - Processing /home/airflow/.local/lib/python3.8/site-packages/airflow/example_dags/example_time_delta_sensor_async.py took 0.073 seconds
[2026-04-21T03:29:23.156+0000] {processor.py:161} INFO - Started process (PID=3725183) to work on /home/airflow/.local/lib/python3.8/site-packages/airflow/example_dags/example_time_delta_sensor_async.py
[2026-04-21T03:29:23.159+0000] {processor.py:830} INFO - Processing file /home/airflow/.local/lib/python3.8/site-packages/airflow/example_dags/example_time_delta_sensor_async.py for tasks to queue
[2026-04-21T03:29:23.161+0000] {logging_mixin.py:188} INFO - [2026-04-21T03:29:23.161+0000] {dagbag.py:538} INFO - Filling up the DagBag from /home/airflow/.local/lib/python3.8/site-packages/airflow/example_dags/example_time_delta_sensor_async.py
[2026-04-21T03:29:23.167+0000] {processor.py:840} INFO - DAG(s) 'example_time_delta_sensor_async' retrieved from /home/airflow/.local/lib/python3.8/site-packages/airflow/example_dags/example_time_delta_sensor_async.py
[2026-04-21T03:29:23.193+0000] {logging_mixin.py:188} INFO - [2026-04-21T03:29:23.193+0000] {dag.py:3036} INFO - Sync 1 DAGs
[2026-04-21T03:29:23.422+0000] {logging_mixin.py:188} INFO - [2026-04-21T03:29:23.422+0000] {dag.py:3823} INFO - Setting next_dagrun for example_time_delta_sensor_async to None, run_after=None
[2026-04-21T03:29:23.441+0000] {processor.py:183} INFO - Processing /home/airflow/.local/lib/python3.8/site-packages/airflow/example_dags/example_time_delta_sensor_async.py took 0.290 seconds
[2026-04-21T03:29:53.715+0000] {processor.py:161} INFO - Started process (PID=3725240) to work on /home/airflow/.local/lib/python3.8/site-packages/airflow/example_dags/example_time_delta_sensor_async.py
[2026-04-21T03:29:53.717+0000] {processor.py:830} INFO - Processing file /home/airflow/.local/lib/python3.8/site-packages/airflow/example_dags/example_time_delta_sensor_async.py for tasks to queue
[2026-04-21T03:29:53.719+0000] {logging_mixin.py:188} INFO - [2026-04-21T03:29:53.719+0000] {dagbag.py:538} INFO - Filling up the DagBag from /home/airflow/.local/lib/python3.8/site-packages/airflow/example_dags/example_time_delta_sensor_async.py
[2026-04-21T03:29:53.726+0000] {processor.py:840} INFO - DAG(s) 'example_time_delta_sensor_async' retrieved from /home/airflow/.local/lib/python3.8/site-packages/airflow/example_dags/example_time_delta_sensor_async.py
[2026-04-21T03:29:53.751+0000] {logging_mixin.py:188} INFO - [2026-04-21T03:29:53.750+0000] {dag.py:3036} INFO - Sync 1 DAGs
[2026-04-21T03:29:53.764+0000] {logging_mixin.py:188} INFO - [2026-04-21T03:29:53.764+0000] {dag.py:3823} INFO - Setting next_dagrun for example_time_delta_sensor_async to None, run_after=None
[2026-04-21T03:29:53.784+0000] {processor.py:183} INFO - Processing /home/airflow/.local/lib/python3.8/site-packages/airflow/example_dags/example_time_delta_sensor_async.py took 0.074 seconds
[2026-04-21T03:30:23.931+0000] {processor.py:161} INFO - Started process (PID=3725297) to work on /home/airflow/.local/lib/python3.8/site-packages/airflow/example_dags/example_time_delta_sensor_async.py
[2026-04-21T03:30:23.933+0000] {processor.py:830} INFO - Processing file /home/airflow/.local/lib/python3.8/site-packages/airflow/example_dags/example_time_delta_sensor_async.py for tasks to queue
[2026-04-21T03:30:23.935+0000] {logging_mixin.py:188} INFO - [2026-04-21T03:30:23.935+0000] {dagbag.py:538} INFO - Filling up the DagBag from /home/airflow/.local/lib/python3.8/site-packages/airflow/example_dags/example_time_delta_sensor_async.py
[2026-04-21T03:30:23.942+0000] {processor.py:840} INFO - DAG(s) 'example_time_delta_sensor_async' retrieved from /home/airflow/.local/lib/python3.8/site-packages/airflow/example_dags/example_time_delta_sensor_async.py
[2026-04-21T03:30:23.968+0000] {logging_mixin.py:188} INFO - [2026-04-21T03:30:23.968+0000] {dag.py:3036} INFO - Sync 1 DAGs
[2026-04-21T03:30:23.983+0000] {logging_mixin.py:188} INFO - [2026-04-21T03:30:23.983+0000] {dag.py:3823} INFO - Setting next_dagrun for example_time_delta_sensor_async to None, run_after=None
[2026-04-21T03:30:24.004+0000] {processor.py:183} INFO - Processing /home/airflow/.local/lib/python3.8/site-packages/airflow/example_dags/example_time_delta_sensor_async.py took 0.078 seconds
[2026-04-21T03:30:54.075+0000] {processor.py:161} INFO - Started process (PID=3725353) to work on /home/airflow/.local/lib/python3.8/site-packages/airflow/example_dags/example_time_delta_sensor_async.py
[2026-04-21T03:30:54.077+0000] {processor.py:830} INFO - Processing file /home/airflow/.local/lib/python3.8/site-packages/airflow/example_dags/example_time_delta_sensor_async.py for tasks to queue
[2026-04-21T03:30:54.079+0000] {logging_mixin.py:188} INFO - [2026-04-21T03:30:54.079+0000] {dagbag.py:538} INFO - Filling up the DagBag from /home/airflow/.local/lib/python3.8/site-packages/airflow/example_dags/example_time_delta_sensor_async.py
[2026-04-21T03:30:54.086+0000] {processor.py:840} INFO - DAG(s) 'example_time_delta_sensor_async' retrieved from /home/airflow/.local/lib/python3.8/site-packages/airflow/example_dags/example_time_delta_sensor_async.py
[2026-04-21T03:30:54.107+0000] {logging_mixin.py:188} INFO - [2026-04-21T03:30:54.107+0000] {dag.py:3036} INFO - Sync 1 DAGs
[2026-04-21T03:30:54.121+0000] {logging_mixin.py:188} INFO - [2026-04-21T03:30:54.120+0000] {dag.py:3823} INFO - Setting next_dagrun for example_time_delta_sensor_async to None, run_after=None
[2026-04-21T03:30:54.138+0000] {processor.py:183} INFO - Processing /home/airflow/.local/lib/python3.8/site-packages/airflow/example_dags/example_time_delta_sensor_async.py took 0.068 seconds
[2026-04-21T03:31:25.320+0000] {processor.py:161} INFO - Started process (PID=3725411) to work on /home/airflow/.local/lib/python3.8/site-packages/airflow/example_dags/example_time_delta_sensor_async.py
[2026-04-21T03:31:25.321+0000] {processor.py:830} INFO - Processing file /home/airflow/.local/lib/python3.8/site-packages/airflow/example_dags/example_time_delta_sensor_async.py for tasks to queue
[2026-04-21T03:31:25.324+0000] {logging_mixin.py:188} INFO - [2026-04-21T03:31:25.324+0000] {dagbag.py:538} INFO - Filling up the DagBag from /home/airflow/.local/lib/python3.8/site-packages/airflow/example_dags/example_time_delta_sensor_async.py
[2026-04-21T03:31:25.330+0000] {processor.py:840} INFO - DAG(s) 'example_time_delta_sensor_async' retrieved from /home/airflow/.local/lib/python3.8/site-packages/airflow/example_dags/example_time_delta_sensor_async.py
[2026-04-21T03:31:25.562+0000] {logging_mixin.py:188} INFO - [2026-04-21T03:31:25.562+0000] {dag.py:3036} INFO - Sync 1 DAGs
[2026-04-21T03:31:25.575+0000] {logging_mixin.py:188} INFO - [2026-04-21T03:31:25.574+0000] {dag.py:3823} INFO - Setting next_dagrun for example_time_delta_sensor_async to None, run_after=None
[2026-04-21T03:31:25.592+0000] {processor.py:183} INFO - Processing /home/airflow/.local/lib/python3.8/site-packages/airflow/example_dags/example_time_delta_sensor_async.py took 0.277 seconds
[2026-04-21T03:31:56.283+0000] {processor.py:161} INFO - Started process (PID=3725468) to work on /home/airflow/.local/lib/python3.8/site-packages/airflow/example_dags/example_time_delta_sensor_async.py
[2026-04-21T03:31:56.285+0000] {processor.py:830} INFO - Processing file /home/airflow/.local/lib/python3.8/site-packages/airflow/example_dags/example_time_delta_sensor_async.py for tasks to queue
[2026-04-21T03:31:56.287+0000] {logging_mixin.py:188} INFO - [2026-04-21T03:31:56.287+0000] {dagbag.py:538} INFO - Filling up the DagBag from /home/airflow/.local/lib/python3.8/site-packages/airflow/example_dags/example_time_delta_sensor_async.py
[2026-04-21T03:31:56.293+0000] {processor.py:840} INFO - DAG(s) 'example_time_delta_sensor_async' retrieved from /home/airflow/.local/lib/python3.8/site-packages/airflow/example_dags/example_time_delta_sensor_async.py
[2026-04-21T03:31:56.320+0000] {logging_mixin.py:188} INFO - [2026-04-21T03:31:56.320+0000] {dag.py:3036} INFO - Sync 1 DAGs
[2026-04-21T03:31:56.335+0000] {logging_mixin.py:188} INFO - [2026-04-21T03:31:56.335+0000] {dag.py:3823} INFO - Setting next_dagrun for example_time_delta_sensor_async to None, run_after=None
[2026-04-21T03:31:56.354+0000] {processor.py:183} INFO - Processing /home/airflow/.local/lib/python3.8/site-packages/airflow/example_dags/example_time_delta_sensor_async.py took 0.076 seconds
[2026-04-21T03:32:27.027+0000] {processor.py:161} INFO - Started process (PID=3725525) to work on /home/airflow/.local/lib/python3.8/site-packages/airflow/example_dags/example_time_delta_sensor_async.py
[2026-04-21T03:32:27.029+0000] {processor.py:830} INFO - Processing file /home/airflow/.local/lib/python3.8/site-packages/airflow/example_dags/example_time_delta_sensor_async.py for tasks to queue
[2026-04-21T03:32:27.031+0000] {logging_mixin.py:188} INFO - [2026-04-21T03:32:27.031+0000] {dagbag.py:538} INFO - Filling up the DagBag from /home/airflow/.local/lib/python3.8/site-packages/airflow/example_dags/example_time_delta_sensor_async.py
[2026-04-21T03:32:27.037+0000] {processor.py:840} INFO - DAG(s) 'example_time_delta_sensor_async' retrieved from /home/airflow/.local/lib/python3.8/site-packages/airflow/example_dags/example_time_delta_sensor_async.py
[2026-04-21T03:32:27.062+0000] {logging_mixin.py:188} INFO - [2026-04-21T03:32:27.062+0000] {dag.py:3036} INFO - Sync 1 DAGs
[2026-04-21T03:32:27.077+0000] {logging_mixin.py:188} INFO - [2026-04-21T03:32:27.076+0000] {dag.py:3823} INFO - Setting next_dagrun for example_time_delta_sensor_async to None, run_after=None
[2026-04-21T03:32:27.096+0000] {processor.py:183} INFO - Processing /home/airflow/.local/lib/python3.8/site-packages/airflow/example_dags/example_time_delta_sensor_async.py took 0.073 seconds
[2026-04-21T03:32:57.192+0000] {processor.py:161} INFO - Started process (PID=3725583) to work on /home/airflow/.local/lib/python3.8/site-packages/airflow/example_dags/example_time_delta_sensor_async.py
[2026-04-21T03:32:57.194+0000] {processor.py:830} INFO - Processing file /home/airflow/.local/lib/python3.8/site-packages/airflow/example_dags/example_time_delta_sensor_async.py for tasks to queue
[2026-04-21T03:32:57.197+0000] {logging_mixin.py:188} INFO - [2026-04-21T03:32:57.196+0000] {dagbag.py:538} INFO - Filling up the DagBag from /home/airflow/.local/lib/python3.8/site-packages/airflow/example_dags/example_time_delta_sensor_async.py
[2026-04-21T03:32:57.203+0000] {processor.py:840} INFO - DAG(s) 'example_time_delta_sensor_async' retrieved from /home/airflow/.local/lib/python3.8/site-packages/airflow/example_dags/example_time_delta_sensor_async.py
[2026-04-21T03:32:57.227+0000] {logging_mixin.py:188} INFO - [2026-04-21T03:32:57.226+0000] {dag.py:3036} INFO - Sync 1 DAGs
[2026-04-21T03:32:57.241+0000] {logging_mixin.py:188} INFO - [2026-04-21T03:32:57.241+0000] {dag.py:3823} INFO - Setting next_dagrun for example_time_delta_sensor_async to None, run_after=None
[2026-04-21T03:32:57.262+0000] {processor.py:183} INFO - Processing /home/airflow/.local/lib/python3.8/site-packages/airflow/example_dags/example_time_delta_sensor_async.py took 0.075 seconds
[2026-04-21T03:33:27.323+0000] {processor.py:161} INFO - Started process (PID=3725640) to work on /home/airflow/.local/lib/python3.8/site-packages/airflow/example_dags/example_time_delta_sensor_async.py
[2026-04-21T03:33:27.325+0000] {processor.py:830} INFO - Processing file /home/airflow/.local/lib/python3.8/site-packages/airflow/example_dags/example_time_delta_sensor_async.py for tasks to queue
[2026-04-21T03:33:27.327+0000] {logging_mixin.py:188} INFO - [2026-04-21T03:33:27.327+0000] {dagbag.py:538} INFO - Filling up the DagBag from /home/airflow/.local/lib/python3.8/site-packages/airflow/example_dags/example_time_delta_sensor_async.py
[2026-04-21T03:33:27.334+0000] {processor.py:840} INFO - DAG(s) 'example_time_delta_sensor_async' retrieved from /home/airflow/.local/lib/python3.8/site-packages/airflow/example_dags/example_time_delta_sensor_async.py
[2026-04-21T03:33:27.358+0000] {logging_mixin.py:188} INFO - [2026-04-21T03:33:27.357+0000] {dag.py:3036} INFO - Sync 1 DAGs
[2026-04-21T03:33:27.372+0000] {logging_mixin.py:188} INFO - [2026-04-21T03:33:27.372+0000] {dag.py:3823} INFO - Setting next_dagrun for example_time_delta_sensor_async to None, run_after=None
[2026-04-21T03:33:27.390+0000] {processor.py:183} INFO - Processing /home/airflow/.local/lib/python3.8/site-packages/airflow/example_dags/example_time_delta_sensor_async.py took 0.072 seconds
[2026-04-21T03:33:57.575+0000] {processor.py:161} INFO - Started process (PID=3725697) to work on /home/airflow/.local/lib/python3.8/site-packages/airflow/example_dags/example_time_delta_sensor_async.py
[2026-04-21T03:33:57.576+0000] {processor.py:830} INFO - Processing file /home/airflow/.local/lib/python3.8/site-packages/airflow/example_dags/example_time_delta_sensor_async.py for tasks to queue
[2026-04-21T03:33:57.579+0000] {logging_mixin.py:188} INFO - [2026-04-21T03:33:57.578+0000] {dagbag.py:538} INFO - Filling up the DagBag from /home/airflow/.local/lib/python3.8/site-packages/airflow/example_dags/example_time_delta_sensor_async.py
[2026-04-21T03:33:57.585+0000] {processor.py:840} INFO - DAG(s) 'example_time_delta_sensor_async' retrieved from /home/airflow/.local/lib/python3.8/site-packages/airflow/example_dags/example_time_delta_sensor_async.py
[2026-04-21T03:33:57.609+0000] {logging_mixin.py:188} INFO - [2026-04-21T03:33:57.609+0000] {dag.py:3036} INFO - Sync 1 DAGs
[2026-04-21T03:33:57.624+0000] {logging_mixin.py:188} INFO - [2026-04-21T03:33:57.624+0000] {dag.py:3823} INFO - Setting next_dagrun for example_time_delta_sensor_async to None, run_after=None
[2026-04-21T03:33:57.643+0000] {processor.py:183} INFO - Processing /home/airflow/.local/lib/python3.8/site-packages/airflow/example_dags/example_time_delta_sensor_async.py took 0.073 seconds
[2026-04-21T03:34:27.783+0000] {processor.py:161} INFO - Started process (PID=3725754) to work on /home/airflow/.local/lib/python3.8/site-packages/airflow/example_dags/example_time_delta_sensor_async.py
[2026-04-21T03:34:27.785+0000] {processor.py:830} INFO - Processing file /home/airflow/.local/lib/python3.8/site-packages/airflow/example_dags/example_time_delta_sensor_async.py for tasks to queue
[2026-04-21T03:34:27.787+0000] {logging_mixin.py:188} INFO - [2026-04-21T03:34:27.787+0000] {dagbag.py:538} INFO - Filling up the DagBag from /home/airflow/.local/lib/python3.8/site-packages/airflow/example_dags/example_time_delta_sensor_async.py
[2026-04-21T03:34:27.794+0000] {processor.py:840} INFO - DAG(s) 'example_time_delta_sensor_async' retrieved from /home/airflow/.local/lib/python3.8/site-packages/airflow/example_dags/example_time_delta_sensor_async.py
[2026-04-21T03:34:27.817+0000] {logging_mixin.py:188} INFO - [2026-04-21T03:34:27.817+0000] {dag.py:3036} INFO - Sync 1 DAGs
[2026-04-21T03:34:27.831+0000] {logging_mixin.py:188} INFO - [2026-04-21T03:34:27.831+0000] {dag.py:3823} INFO - Setting next_dagrun for example_time_delta_sensor_async to None, run_after=None
[2026-04-21T03:34:27.849+0000] {processor.py:183} INFO - Processing /home/airflow/.local/lib/python3.8/site-packages/airflow/example_dags/example_time_delta_sensor_async.py took 0.071 seconds
[2026-04-21T03:34:57.943+0000] {processor.py:161} INFO - Started process (PID=3725811) to work on /home/airflow/.local/lib/python3.8/site-packages/airflow/example_dags/example_time_delta_sensor_async.py
[2026-04-21T03:34:57.945+0000] {processor.py:830} INFO - Processing file /home/airflow/.local/lib/python3.8/site-packages/airflow/example_dags/example_time_delta_sensor_async.py for tasks to queue
[2026-04-21T03:34:57.948+0000] {logging_mixin.py:188} INFO - [2026-04-21T03:34:57.948+0000] {dagbag.py:538} INFO - Filling up the DagBag from /home/airflow/.local/lib/python3.8/site-packages/airflow/example_dags/example_time_delta_sensor_async.py
[2026-04-21T03:34:57.957+0000] {processor.py:840} INFO - DAG(s) 'example_time_delta_sensor_async' retrieved from /home/airflow/.local/lib/python3.8/site-packages/airflow/example_dags/example_time_delta_sensor_async.py
[2026-04-21T03:34:57.990+0000] {logging_mixin.py:188} INFO - [2026-04-21T03:34:57.989+0000] {dag.py:3036} INFO - Sync 1 DAGs
[2026-04-21T03:34:58.012+0000] {logging_mixin.py:188} INFO - [2026-04-21T03:34:58.012+0000] {dag.py:3823} INFO - Setting next_dagrun for example_time_delta_sensor_async to None, run_after=None
[2026-04-21T03:34:58.040+0000] {processor.py:183} INFO - Processing /home/airflow/.local/lib/python3.8/site-packages/airflow/example_dags/example_time_delta_sensor_async.py took 0.102 seconds
[2026-04-21T03:35:28.250+0000] {processor.py:161} INFO - Started process (PID=3725868) to work on /home/airflow/.local/lib/python3.8/site-packages/airflow/example_dags/example_time_delta_sensor_async.py
[2026-04-21T03:35:28.252+0000] {processor.py:830} INFO - Processing file /home/airflow/.local/lib/python3.8/site-packages/airflow/example_dags/example_time_delta_sensor_async.py for tasks to queue
[2026-04-21T03:35:28.254+0000] {logging_mixin.py:188} INFO - [2026-04-21T03:35:28.254+0000] {dagbag.py:538} INFO - Filling up the DagBag from /home/airflow/.local/lib/python3.8/site-packages/airflow/example_dags/example_time_delta_sensor_async.py
[2026-04-21T03:35:28.261+0000] {processor.py:840} INFO - DAG(s) 'example_time_delta_sensor_async' retrieved from /home/airflow/.local/lib/python3.8/site-packages/airflow/example_dags/example_time_delta_sensor_async.py
[2026-04-21T03:35:28.285+0000] {logging_mixin.py:188} INFO - [2026-04-21T03:35:28.285+0000] {dag.py:3036} INFO - Sync 1 DAGs
[2026-04-21T03:35:28.300+0000] {logging_mixin.py:188} INFO - [2026-04-21T03:35:28.300+0000] {dag.py:3823} INFO - Setting next_dagrun for example_time_delta_sensor_async to None, run_after=None
[2026-04-21T03:35:28.319+0000] {processor.py:183} INFO - Processing /home/airflow/.local/lib/python3.8/site-packages/airflow/example_dags/example_time_delta_sensor_async.py took 0.074 seconds
[2026-04-21T03:35:58.613+0000] {processor.py:161} INFO - Started process (PID=3725925) to work on /home/airflow/.local/lib/python3.8/site-packages/airflow/example_dags/example_time_delta_sensor_async.py
[2026-04-21T03:35:58.615+0000] {processor.py:830} INFO - Processing file /home/airflow/.local/lib/python3.8/site-packages/airflow/example_dags/example_time_delta_sensor_async.py for tasks to queue
[2026-04-21T03:35:58.617+0000] {logging_mixin.py:188} INFO - [2026-04-21T03:35:58.617+0000] {dagbag.py:538} INFO - Filling up the DagBag from /home/airflow/.local/lib/python3.8/site-packages/airflow/example_dags/example_time_delta_sensor_async.py
[2026-04-21T03:35:58.623+0000] {processor.py:840} INFO - DAG(s) 'example_time_delta_sensor_async' retrieved from /home/airflow/.local/lib/python3.8/site-packages/airflow/example_dags/example_time_delta_sensor_async.py
[2026-04-21T03:35:58.648+0000] {logging_mixin.py:188} INFO - [2026-04-21T03:35:58.648+0000] {dag.py:3036} INFO - Sync 1 DAGs
[2026-04-21T03:35:58.663+0000] {logging_mixin.py:188} INFO - [2026-04-21T03:35:58.663+0000] {dag.py:3823} INFO - Setting next_dagrun for example_time_delta_sensor_async to None, run_after=None
[2026-04-21T03:35:58.684+0000] {processor.py:183} INFO - Processing /home/airflow/.local/lib/python3.8/site-packages/airflow/example_dags/example_time_delta_sensor_async.py took 0.076 seconds
[2026-04-21T03:36:28.816+0000] {processor.py:161} INFO - Started process (PID=3725982) to work on /home/airflow/.local/lib/python3.8/site-packages/airflow/example_dags/example_time_delta_sensor_async.py
[2026-04-21T03:36:28.818+0000] {processor.py:830} INFO - Processing file /home/airflow/.local/lib/python3.8/site-packages/airflow/example_dags/example_time_delta_sensor_async.py for tasks to queue
[2026-04-21T03:36:28.821+0000] {logging_mixin.py:188} INFO - [2026-04-21T03:36:28.820+0000] {dagbag.py:538} INFO - Filling up the DagBag from /home/airflow/.local/lib/python3.8/site-packages/airflow/example_dags/example_time_delta_sensor_async.py
[2026-04-21T03:36:28.827+0000] {processor.py:840} INFO - DAG(s) 'example_time_delta_sensor_async' retrieved from /home/airflow/.local/lib/python3.8/site-packages/airflow/example_dags/example_time_delta_sensor_async.py
[2026-04-21T03:36:28.852+0000] {logging_mixin.py:188} INFO - [2026-04-21T03:36:28.852+0000] {dag.py:3036} INFO - Sync 1 DAGs
[2026-04-21T03:36:28.867+0000] {logging_mixin.py:188} INFO - [2026-04-21T03:36:28.866+0000] {dag.py:3823} INFO - Setting next_dagrun for example_time_delta_sensor_async to None, run_after=None
[2026-04-21T03:36:28.885+0000] {processor.py:183} INFO - Processing /home/airflow/.local/lib/python3.8/site-packages/airflow/example_dags/example_time_delta_sensor_async.py took 0.074 seconds
[2026-04-21T03:36:58.966+0000] {processor.py:161} INFO - Started process (PID=3726039) to work on /home/airflow/.local/lib/python3.8/site-packages/airflow/example_dags/example_time_delta_sensor_async.py
[2026-04-21T03:36:58.968+0000] {processor.py:830} INFO - Processing file /home/airflow/.local/lib/python3.8/site-packages/airflow/example_dags/example_time_delta_sensor_async.py for tasks to queue
[2026-04-21T03:36:58.970+0000] {logging_mixin.py:188} INFO - [2026-04-21T03:36:58.970+0000] {dagbag.py:538} INFO - Filling up the DagBag from /home/airflow/.local/lib/python3.8/site-packages/airflow/example_dags/example_time_delta_sensor_async.py
[2026-04-21T03:36:58.976+0000] {processor.py:840} INFO - DAG(s) 'example_time_delta_sensor_async' retrieved from /home/airflow/.local/lib/python3.8/site-packages/airflow/example_dags/example_time_delta_sensor_async.py
[2026-04-21T03:36:59.001+0000] {logging_mixin.py:188} INFO - [2026-04-21T03:36:59.001+0000] {dag.py:3036} INFO - Sync 1 DAGs
[2026-04-21T03:36:59.016+0000] {logging_mixin.py:188} INFO - [2026-04-21T03:36:59.016+0000] {dag.py:3823} INFO - Setting next_dagrun for example_time_delta_sensor_async to None, run_after=None
[2026-04-21T03:36:59.035+0000] {processor.py:183} INFO - Processing /home/airflow/.local/lib/python3.8/site-packages/airflow/example_dags/example_time_delta_sensor_async.py took 0.074 seconds
[2026-04-21T03:37:29.320+0000] {processor.py:161} INFO - Started process (PID=3726096) to work on /home/airflow/.local/lib/python3.8/site-packages/airflow/example_dags/example_time_delta_sensor_async.py
[2026-04-21T03:37:29.322+0000] {processor.py:830} INFO - Processing file /home/airflow/.local/lib/python3.8/site-packages/airflow/example_dags/example_time_delta_sensor_async.py for tasks to queue
[2026-04-21T03:37:29.324+0000] {logging_mixin.py:188} INFO - [2026-04-21T03:37:29.324+0000] {dagbag.py:538} INFO - Filling up the DagBag from /home/airflow/.local/lib/python3.8/site-packages/airflow/example_dags/example_time_delta_sensor_async.py
[2026-04-21T03:37:29.331+0000] {processor.py:840} INFO - DAG(s) 'example_time_delta_sensor_async' retrieved from /home/airflow/.local/lib/python3.8/site-packages/airflow/example_dags/example_time_delta_sensor_async.py
[2026-04-21T03:37:29.355+0000] {logging_mixin.py:188} INFO - [2026-04-21T03:37:29.355+0000] {dag.py:3036} INFO - Sync 1 DAGs
[2026-04-21T03:37:29.370+0000] {logging_mixin.py:188} INFO - [2026-04-21T03:37:29.369+0000] {dag.py:3823} INFO - Setting next_dagrun for example_time_delta_sensor_async to None, run_after=None
[2026-04-21T03:37:29.390+0000] {processor.py:183} INFO - Processing /home/airflow/.local/lib/python3.8/site-packages/airflow/example_dags/example_time_delta_sensor_async.py took 0.075 seconds
[2026-04-21T03:37:59.626+0000] {processor.py:161} INFO - Started process (PID=3726153) to work on /home/airflow/.local/lib/python3.8/site-packages/airflow/example_dags/example_time_delta_sensor_async.py
[2026-04-21T03:37:59.628+0000] {processor.py:830} INFO - Processing file /home/airflow/.local/lib/python3.8/site-packages/airflow/example_dags/example_time_delta_sensor_async.py for tasks to queue
[2026-04-21T03:37:59.631+0000] {logging_mixin.py:188} INFO - [2026-04-21T03:37:59.630+0000] {dagbag.py:538} INFO - Filling up the DagBag from /home/airflow/.local/lib/python3.8/site-packages/airflow/example_dags/example_time_delta_sensor_async.py
[2026-04-21T03:37:59.637+0000] {processor.py:840} INFO - DAG(s) 'example_time_delta_sensor_async' retrieved from /home/airflow/.local/lib/python3.8/site-packages/airflow/example_dags/example_time_delta_sensor_async.py
[2026-04-21T03:37:59.665+0000] {logging_mixin.py:188} INFO - [2026-04-21T03:37:59.665+0000] {dag.py:3036} INFO - Sync 1 DAGs
[2026-04-21T03:37:59.681+0000] {logging_mixin.py:188} INFO - [2026-04-21T03:37:59.680+0000] {dag.py:3823} INFO - Setting next_dagrun for example_time_delta_sensor_async to None, run_after=None
[2026-04-21T03:37:59.699+0000] {processor.py:183} INFO - Processing /home/airflow/.local/lib/python3.8/site-packages/airflow/example_dags/example_time_delta_sensor_async.py took 0.078 seconds
[2026-04-21T03:38:29.868+0000] {processor.py:161} INFO - Started process (PID=3726211) to work on /home/airflow/.local/lib/python3.8/site-packages/airflow/example_dags/example_time_delta_sensor_async.py
[2026-04-21T03:38:29.870+0000] {processor.py:830} INFO - Processing file /home/airflow/.local/lib/python3.8/site-packages/airflow/example_dags/example_time_delta_sensor_async.py for tasks to queue
[2026-04-21T03:38:29.872+0000] {logging_mixin.py:188} INFO - [2026-04-21T03:38:29.872+0000] {dagbag.py:538} INFO - Filling up the DagBag from /home/airflow/.local/lib/python3.8/site-packages/airflow/example_dags/example_time_delta_sensor_async.py
[2026-04-21T03:38:29.878+0000] {processor.py:840} INFO - DAG(s) 'example_time_delta_sensor_async' retrieved from /home/airflow/.local/lib/python3.8/site-packages/airflow/example_dags/example_time_delta_sensor_async.py
[2026-04-21T03:38:29.902+0000] {logging_mixin.py:188} INFO - [2026-04-21T03:38:29.902+0000] {dag.py:3036} INFO - Sync 1 DAGs
[2026-04-21T03:38:29.917+0000] {logging_mixin.py:188} INFO - [2026-04-21T03:38:29.917+0000] {dag.py:3823} INFO - Setting next_dagrun for example_time_delta_sensor_async to None, run_after=None
[2026-04-21T03:38:29.939+0000] {processor.py:183} INFO - Processing /home/airflow/.local/lib/python3.8/site-packages/airflow/example_dags/example_time_delta_sensor_async.py took 0.075 seconds
[2026-04-21T03:39:00.176+0000] {processor.py:161} INFO - Started process (PID=3726267) to work on /home/airflow/.local/lib/python3.8/site-packages/airflow/example_dags/example_time_delta_sensor_async.py
[2026-04-21T03:39:00.178+0000] {processor.py:830} INFO - Processing file /home/airflow/.local/lib/python3.8/site-packages/airflow/example_dags/example_time_delta_sensor_async.py for tasks to queue
[2026-04-21T03:39:00.180+0000] {logging_mixin.py:188} INFO - [2026-04-21T03:39:00.180+0000] {dagbag.py:538} INFO - Filling up the DagBag from /home/airflow/.local/lib/python3.8/site-packages/airflow/example_dags/example_time_delta_sensor_async.py
[2026-04-21T03:39:00.187+0000] {processor.py:840} INFO - DAG(s) 'example_time_delta_sensor_async' retrieved from /home/airflow/.local/lib/python3.8/site-packages/airflow/example_dags/example_time_delta_sensor_async.py
[2026-04-21T03:39:00.212+0000] {logging_mixin.py:188} INFO - [2026-04-21T03:39:00.212+0000] {dag.py:3036} INFO - Sync 1 DAGs
[2026-04-21T03:39:00.226+0000] {logging_mixin.py:188} INFO - [2026-04-21T03:39:00.226+0000] {dag.py:3823} INFO - Setting next_dagrun for example_time_delta_sensor_async to None, run_after=None
[2026-04-21T03:39:00.246+0000] {processor.py:183} INFO - Processing /home/airflow/.local/lib/python3.8/site-packages/airflow/example_dags/example_time_delta_sensor_async.py took 0.075 seconds
[2026-04-21T03:39:30.479+0000] {processor.py:161} INFO - Started process (PID=3726324) to work on /home/airflow/.local/lib/python3.8/site-packages/airflow/example_dags/example_time_delta_sensor_async.py
[2026-04-21T03:39:30.481+0000] {processor.py:830} INFO - Processing file /home/airflow/.local/lib/python3.8/site-packages/airflow/example_dags/example_time_delta_sensor_async.py for tasks to queue
[2026-04-21T03:39:30.483+0000] {logging_mixin.py:188} INFO - [2026-04-21T03:39:30.483+0000] {dagbag.py:538} INFO - Filling up the DagBag from /home/airflow/.local/lib/python3.8/site-packages/airflow/example_dags/example_time_delta_sensor_async.py
[2026-04-21T03:39:30.490+0000] {processor.py:840} INFO - DAG(s) 'example_time_delta_sensor_async' retrieved from /home/airflow/.local/lib/python3.8/site-packages/airflow/example_dags/example_time_delta_sensor_async.py
[2026-04-21T03:39:30.513+0000] {logging_mixin.py:188} INFO - [2026-04-21T03:39:30.513+0000] {dag.py:3036} INFO - Sync 1 DAGs
[2026-04-21T03:39:30.527+0000] {logging_mixin.py:188} INFO - [2026-04-21T03:39:30.527+0000] {dag.py:3823} INFO - Setting next_dagrun for example_time_delta_sensor_async to None, run_after=None
[2026-04-21T03:39:30.546+0000] {processor.py:183} INFO - Processing /home/airflow/.local/lib/python3.8/site-packages/airflow/example_dags/example_time_delta_sensor_async.py took 0.073 seconds
[2026-04-21T03:40:00.820+0000] {processor.py:161} INFO - Started process (PID=3726381) to work on /home/airflow/.local/lib/python3.8/site-packages/airflow/example_dags/example_time_delta_sensor_async.py
[2026-04-21T03:40:00.822+0000] {processor.py:830} INFO - Processing file /home/airflow/.local/lib/python3.8/site-packages/airflow/example_dags/example_time_delta_sensor_async.py for tasks to queue
[2026-04-21T03:40:00.824+0000] {logging_mixin.py:188} INFO - [2026-04-21T03:40:00.824+0000] {dagbag.py:538} INFO - Filling up the DagBag from /home/airflow/.local/lib/python3.8/site-packages/airflow/example_dags/example_time_delta_sensor_async.py
[2026-04-21T03:40:00.831+0000] {processor.py:840} INFO - DAG(s) 'example_time_delta_sensor_async' retrieved from /home/airflow/.local/lib/python3.8/site-packages/airflow/example_dags/example_time_delta_sensor_async.py
[2026-04-21T03:40:00.855+0000] {logging_mixin.py:188} INFO - [2026-04-21T03:40:00.855+0000] {dag.py:3036} INFO - Sync 1 DAGs
[2026-04-21T03:40:00.870+0000] {logging_mixin.py:188} INFO - [2026-04-21T03:40:00.870+0000] {dag.py:3823} INFO - Setting next_dagrun for example_time_delta_sensor_async to None, run_after=None
[2026-04-21T03:40:00.889+0000] {processor.py:183} INFO - Processing /home/airflow/.local/lib/python3.8/site-packages/airflow/example_dags/example_time_delta_sensor_async.py took 0.073 seconds
[2026-04-21T03:40:31.209+0000] {processor.py:161} INFO - Started process (PID=3726438) to work on /home/airflow/.local/lib/python3.8/site-packages/airflow/example_dags/example_time_delta_sensor_async.py
[2026-04-21T03:40:31.211+0000] {processor.py:830} INFO - Processing file /home/airflow/.local/lib/python3.8/site-packages/airflow/example_dags/example_time_delta_sensor_async.py for tasks to queue
[2026-04-21T03:40:31.213+0000] {logging_mixin.py:188} INFO - [2026-04-21T03:40:31.213+0000] {dagbag.py:538} INFO - Filling up the DagBag from /home/airflow/.local/lib/python3.8/site-packages/airflow/example_dags/example_time_delta_sensor_async.py
[2026-04-21T03:40:31.219+0000] {processor.py:840} INFO - DAG(s) 'example_time_delta_sensor_async' retrieved from /home/airflow/.local/lib/python3.8/site-packages/airflow/example_dags/example_time_delta_sensor_async.py
[2026-04-21T03:40:31.243+0000] {logging_mixin.py:188} INFO - [2026-04-21T03:40:31.243+0000] {dag.py:3036} INFO - Sync 1 DAGs
[2026-04-21T03:40:31.257+0000] {logging_mixin.py:188} INFO - [2026-04-21T03:40:31.257+0000] {dag.py:3823} INFO - Setting next_dagrun for example_time_delta_sensor_async to None, run_after=None
[2026-04-21T03:40:31.283+0000] {processor.py:183} INFO - Processing /home/airflow/.local/lib/python3.8/site-packages/airflow/example_dags/example_time_delta_sensor_async.py took 0.079 seconds
[2026-04-21T03:41:01.470+0000] {processor.py:161} INFO - Started process (PID=3726495) to work on /home/airflow/.local/lib/python3.8/site-packages/airflow/example_dags/example_time_delta_sensor_async.py
[2026-04-21T03:41:01.472+0000] {processor.py:830} INFO - Processing file /home/airflow/.local/lib/python3.8/site-packages/airflow/example_dags/example_time_delta_sensor_async.py for tasks to queue
[2026-04-21T03:41:01.475+0000] {logging_mixin.py:188} INFO - [2026-04-21T03:41:01.474+0000] {dagbag.py:538} INFO - Filling up the DagBag from /home/airflow/.local/lib/python3.8/site-packages/airflow/example_dags/example_time_delta_sensor_async.py
[2026-04-21T03:41:01.481+0000] {processor.py:840} INFO - DAG(s) 'example_time_delta_sensor_async' retrieved from /home/airflow/.local/lib/python3.8/site-packages/airflow/example_dags/example_time_delta_sensor_async.py
[2026-04-21T03:41:01.508+0000] {logging_mixin.py:188} INFO - [2026-04-21T03:41:01.507+0000] {dag.py:3036} INFO - Sync 1 DAGs
[2026-04-21T03:41:01.522+0000] {logging_mixin.py:188} INFO - [2026-04-21T03:41:01.522+0000] {dag.py:3823} INFO - Setting next_dagrun for example_time_delta_sensor_async to None, run_after=None
[2026-04-21T03:41:01.541+0000] {processor.py:183} INFO - Processing /home/airflow/.local/lib/python3.8/site-packages/airflow/example_dags/example_time_delta_sensor_async.py took 0.076 seconds
[2026-04-21T03:41:31.947+0000] {processor.py:161} INFO - Started process (PID=3726552) to work on /home/airflow/.local/lib/python3.8/site-packages/airflow/example_dags/example_time_delta_sensor_async.py
[2026-04-21T03:41:31.949+0000] {processor.py:830} INFO - Processing file /home/airflow/.local/lib/python3.8/site-packages/airflow/example_dags/example_time_delta_sensor_async.py for tasks to queue
[2026-04-21T03:41:31.951+0000] {logging_mixin.py:188} INFO - [2026-04-21T03:41:31.951+0000] {dagbag.py:538} INFO - Filling up the DagBag from /home/airflow/.local/lib/python3.8/site-packages/airflow/example_dags/example_time_delta_sensor_async.py
[2026-04-21T03:41:31.958+0000] {processor.py:840} INFO - DAG(s) 'example_time_delta_sensor_async' retrieved from /home/airflow/.local/lib/python3.8/site-packages/airflow/example_dags/example_time_delta_sensor_async.py
[2026-04-21T03:41:31.981+0000] {logging_mixin.py:188} INFO - [2026-04-21T03:41:31.981+0000] {dag.py:3036} INFO - Sync 1 DAGs
[2026-04-21T03:41:31.995+0000] {logging_mixin.py:188} INFO - [2026-04-21T03:41:31.995+0000] {dag.py:3823} INFO - Setting next_dagrun for example_time_delta_sensor_async to None, run_after=None
[2026-04-21T03:41:32.014+0000] {processor.py:183} INFO - Processing /home/airflow/.local/lib/python3.8/site-packages/airflow/example_dags/example_time_delta_sensor_async.py took 0.072 seconds
[2026-04-21T03:42:02.459+0000] {processor.py:161} INFO - Started process (PID=3726609) to work on /home/airflow/.local/lib/python3.8/site-packages/airflow/example_dags/example_time_delta_sensor_async.py
[2026-04-21T03:42:02.461+0000] {processor.py:830} INFO - Processing file /home/airflow/.local/lib/python3.8/site-packages/airflow/example_dags/example_time_delta_sensor_async.py for tasks to queue
[2026-04-21T03:42:02.463+0000] {logging_mixin.py:188} INFO - [2026-04-21T03:42:02.463+0000] {dagbag.py:538} INFO - Filling up the DagBag from /home/airflow/.local/lib/python3.8/site-packages/airflow/example_dags/example_time_delta_sensor_async.py
[2026-04-21T03:42:02.470+0000] {processor.py:840} INFO - DAG(s) 'example_time_delta_sensor_async' retrieved from /home/airflow/.local/lib/python3.8/site-packages/airflow/example_dags/example_time_delta_sensor_async.py
[2026-04-21T03:42:02.496+0000] {logging_mixin.py:188} INFO - [2026-04-21T03:42:02.495+0000] {dag.py:3036} INFO - Sync 1 DAGs
[2026-04-21T03:42:02.511+0000] {logging_mixin.py:188} INFO - [2026-04-21T03:42:02.510+0000] {dag.py:3823} INFO - Setting next_dagrun for example_time_delta_sensor_async to None, run_after=None
[2026-04-21T03:42:02.531+0000] {processor.py:183} INFO - Processing /home/airflow/.local/lib/python3.8/site-packages/airflow/example_dags/example_time_delta_sensor_async.py took 0.078 seconds
[2026-04-21T03:42:32.733+0000] {processor.py:161} INFO - Started process (PID=3726667) to work on /home/airflow/.local/lib/python3.8/site-packages/airflow/example_dags/example_time_delta_sensor_async.py
[2026-04-21T03:42:32.735+0000] {processor.py:830} INFO - Processing file /home/airflow/.local/lib/python3.8/site-packages/airflow/example_dags/example_time_delta_sensor_async.py for tasks to queue
[2026-04-21T03:42:32.737+0000] {logging_mixin.py:188} INFO - [2026-04-21T03:42:32.737+0000] {dagbag.py:538} INFO - Filling up the DagBag from /home/airflow/.local/lib/python3.8/site-packages/airflow/example_dags/example_time_delta_sensor_async.py
[2026-04-21T03:42:32.743+0000] {processor.py:840} INFO - DAG(s) 'example_time_delta_sensor_async' retrieved from /home/airflow/.local/lib/python3.8/site-packages/airflow/example_dags/example_time_delta_sensor_async.py
[2026-04-21T03:42:32.767+0000] {logging_mixin.py:188} INFO - [2026-04-21T03:42:32.767+0000] {dag.py:3036} INFO - Sync 1 DAGs
[2026-04-21T03:42:32.781+0000] {logging_mixin.py:188} INFO - [2026-04-21T03:42:32.781+0000] {dag.py:3823} INFO - Setting next_dagrun for example_time_delta_sensor_async to None, run_after=None
[2026-04-21T03:42:32.800+0000] {processor.py:183} INFO - Processing /home/airflow/.local/lib/python3.8/site-packages/airflow/example_dags/example_time_delta_sensor_async.py took 0.071 seconds
[2026-04-21T03:43:02.953+0000] {processor.py:161} INFO - Started process (PID=3726724) to work on /home/airflow/.local/lib/python3.8/site-packages/airflow/example_dags/example_time_delta_sensor_async.py
[2026-04-21T03:43:02.955+0000] {processor.py:830} INFO - Processing file /home/airflow/.local/lib/python3.8/site-packages/airflow/example_dags/example_time_delta_sensor_async.py for tasks to queue
[2026-04-21T03:43:02.957+0000] {logging_mixin.py:188} INFO - [2026-04-21T03:43:02.957+0000] {dagbag.py:538} INFO - Filling up the DagBag from /home/airflow/.local/lib/python3.8/site-packages/airflow/example_dags/example_time_delta_sensor_async.py
[2026-04-21T03:43:02.964+0000] {processor.py:840} INFO - DAG(s) 'example_time_delta_sensor_async' retrieved from /home/airflow/.local/lib/python3.8/site-packages/airflow/example_dags/example_time_delta_sensor_async.py
[2026-04-21T03:43:02.988+0000] {logging_mixin.py:188} INFO - [2026-04-21T03:43:02.988+0000] {dag.py:3036} INFO - Sync 1 DAGs
[2026-04-21T03:43:03.003+0000] {logging_mixin.py:188} INFO - [2026-04-21T03:43:03.003+0000] {dag.py:3823} INFO - Setting next_dagrun for example_time_delta_sensor_async to None, run_after=None
[2026-04-21T03:43:03.024+0000] {processor.py:183} INFO - Processing /home/airflow/.local/lib/python3.8/site-packages/airflow/example_dags/example_time_delta_sensor_async.py took 0.076 seconds
[2026-04-21T03:43:33.678+0000] {processor.py:161} INFO - Started process (PID=3726782) to work on /home/airflow/.local/lib/python3.8/site-packages/airflow/example_dags/example_time_delta_sensor_async.py
[2026-04-21T03:43:33.680+0000] {processor.py:830} INFO - Processing file /home/airflow/.local/lib/python3.8/site-packages/airflow/example_dags/example_time_delta_sensor_async.py for tasks to queue
[2026-04-21T03:43:33.683+0000] {logging_mixin.py:188} INFO - [2026-04-21T03:43:33.682+0000] {dagbag.py:538} INFO - Filling up the DagBag from /home/airflow/.local/lib/python3.8/site-packages/airflow/example_dags/example_time_delta_sensor_async.py
[2026-04-21T03:43:33.689+0000] {processor.py:840} INFO - DAG(s) 'example_time_delta_sensor_async' retrieved from /home/airflow/.local/lib/python3.8/site-packages/airflow/example_dags/example_time_delta_sensor_async.py
[2026-04-21T03:43:33.713+0000] {logging_mixin.py:188} INFO - [2026-04-21T03:43:33.712+0000] {dag.py:3036} INFO - Sync 1 DAGs
[2026-04-21T03:43:33.727+0000] {logging_mixin.py:188} INFO - [2026-04-21T03:43:33.727+0000] {dag.py:3823} INFO - Setting next_dagrun for example_time_delta_sensor_async to None, run_after=None
[2026-04-21T03:43:33.746+0000] {processor.py:183} INFO - Processing /home/airflow/.local/lib/python3.8/site-packages/airflow/example_dags/example_time_delta_sensor_async.py took 0.072 seconds
[2026-04-21T03:44:04.305+0000] {processor.py:161} INFO - Started process (PID=3726839) to work on /home/airflow/.local/lib/python3.8/site-packages/airflow/example_dags/example_time_delta_sensor_async.py
[2026-04-21T03:44:04.307+0000] {processor.py:830} INFO - Processing file /home/airflow/.local/lib/python3.8/site-packages/airflow/example_dags/example_time_delta_sensor_async.py for tasks to queue
[2026-04-21T03:44:04.310+0000] {logging_mixin.py:188} INFO - [2026-04-21T03:44:04.309+0000] {dagbag.py:538} INFO - Filling up the DagBag from /home/airflow/.local/lib/python3.8/site-packages/airflow/example_dags/example_time_delta_sensor_async.py
[2026-04-21T03:44:04.316+0000] {processor.py:840} INFO - DAG(s) 'example_time_delta_sensor_async' retrieved from /home/airflow/.local/lib/python3.8/site-packages/airflow/example_dags/example_time_delta_sensor_async.py
[2026-04-21T03:44:04.340+0000] {logging_mixin.py:188} INFO - [2026-04-21T03:44:04.340+0000] {dag.py:3036} INFO - Sync 1 DAGs
[2026-04-21T03:44:04.356+0000] {logging_mixin.py:188} INFO - [2026-04-21T03:44:04.356+0000] {dag.py:3823} INFO - Setting next_dagrun for example_time_delta_sensor_async to None, run_after=None
[2026-04-21T03:44:04.377+0000] {processor.py:183} INFO - Processing /home/airflow/.local/lib/python3.8/site-packages/airflow/example_dags/example_time_delta_sensor_async.py took 0.076 seconds
[2026-04-21T03:44:34.451+0000] {processor.py:161} INFO - Started process (PID=3726896) to work on /home/airflow/.local/lib/python3.8/site-packages/airflow/example_dags/example_time_delta_sensor_async.py
[2026-04-21T03:44:34.453+0000] {processor.py:830} INFO - Processing file /home/airflow/.local/lib/python3.8/site-packages/airflow/example_dags/example_time_delta_sensor_async.py for tasks to queue
[2026-04-21T03:44:34.455+0000] {logging_mixin.py:188} INFO - [2026-04-21T03:44:34.455+0000] {dagbag.py:538} INFO - Filling up the DagBag from /home/airflow/.local/lib/python3.8/site-packages/airflow/example_dags/example_time_delta_sensor_async.py
[2026-04-21T03:44:34.461+0000] {processor.py:840} INFO - DAG(s) 'example_time_delta_sensor_async' retrieved from /home/airflow/.local/lib/python3.8/site-packages/airflow/example_dags/example_time_delta_sensor_async.py
[2026-04-21T03:44:34.485+0000] {logging_mixin.py:188} INFO - [2026-04-21T03:44:34.485+0000] {dag.py:3036} INFO - Sync 1 DAGs
[2026-04-21T03:44:34.500+0000] {logging_mixin.py:188} INFO - [2026-04-21T03:44:34.499+0000] {dag.py:3823} INFO - Setting next_dagrun for example_time_delta_sensor_async to None, run_after=None
[2026-04-21T03:44:34.519+0000] {processor.py:183} INFO - Processing /home/airflow/.local/lib/python3.8/site-packages/airflow/example_dags/example_time_delta_sensor_async.py took 0.073 seconds
[2026-04-21T03:45:05.259+0000] {processor.py:161} INFO - Started process (PID=3726953) to work on /home/airflow/.local/lib/python3.8/site-packages/airflow/example_dags/example_time_delta_sensor_async.py
[2026-04-21T03:45:05.261+0000] {processor.py:830} INFO - Processing file /home/airflow/.local/lib/python3.8/site-packages/airflow/example_dags/example_time_delta_sensor_async.py for tasks to queue
[2026-04-21T03:45:05.263+0000] {logging_mixin.py:188} INFO - [2026-04-21T03:45:05.263+0000] {dagbag.py:538} INFO - Filling up the DagBag from /home/airflow/.local/lib/python3.8/site-packages/airflow/example_dags/example_time_delta_sensor_async.py
[2026-04-21T03:45:05.270+0000] {processor.py:840} INFO - DAG(s) 'example_time_delta_sensor_async' retrieved from /home/airflow/.local/lib/python3.8/site-packages/airflow/example_dags/example_time_delta_sensor_async.py
[2026-04-21T03:45:05.298+0000] {logging_mixin.py:188} INFO - [2026-04-21T03:45:05.297+0000] {dag.py:3036} INFO - Sync 1 DAGs
[2026-04-21T03:45:05.312+0000] {logging_mixin.py:188} INFO - [2026-04-21T03:45:05.312+0000] {dag.py:3823} INFO - Setting next_dagrun for example_time_delta_sensor_async to None, run_after=None
[2026-04-21T03:45:05.332+0000] {processor.py:183} INFO - Processing /home/airflow/.local/lib/python3.8/site-packages/airflow/example_dags/example_time_delta_sensor_async.py took 0.078 seconds
[2026-04-21T03:45:35.531+0000] {processor.py:161} INFO - Started process (PID=3727010) to work on /home/airflow/.local/lib/python3.8/site-packages/airflow/example_dags/example_time_delta_sensor_async.py
[2026-04-21T03:45:35.533+0000] {processor.py:830} INFO - Processing file /home/airflow/.local/lib/python3.8/site-packages/airflow/example_dags/example_time_delta_sensor_async.py for tasks to queue
[2026-04-21T03:45:35.536+0000] {logging_mixin.py:188} INFO - [2026-04-21T03:45:35.535+0000] {dagbag.py:538} INFO - Filling up the DagBag from /home/airflow/.local/lib/python3.8/site-packages/airflow/example_dags/example_time_delta_sensor_async.py
[2026-04-21T03:45:35.542+0000] {processor.py:840} INFO - DAG(s) 'example_time_delta_sensor_async' retrieved from /home/airflow/.local/lib/python3.8/site-packages/airflow/example_dags/example_time_delta_sensor_async.py
[2026-04-21T03:45:35.568+0000] {logging_mixin.py:188} INFO - [2026-04-21T03:45:35.568+0000] {dag.py:3036} INFO - Sync 1 DAGs
[2026-04-21T03:45:35.582+0000] {logging_mixin.py:188} INFO - [2026-04-21T03:45:35.582+0000] {dag.py:3823} INFO - Setting next_dagrun for example_time_delta_sensor_async to None, run_after=None
[2026-04-21T03:45:35.601+0000] {processor.py:183} INFO - Processing /home/airflow/.local/lib/python3.8/site-packages/airflow/example_dags/example_time_delta_sensor_async.py took 0.075 seconds
[2026-04-21T03:46:05.707+0000] {processor.py:161} INFO - Started process (PID=3727067) to work on /home/airflow/.local/lib/python3.8/site-packages/airflow/example_dags/example_time_delta_sensor_async.py
[2026-04-21T03:46:05.709+0000] {processor.py:830} INFO - Processing file /home/airflow/.local/lib/python3.8/site-packages/airflow/example_dags/example_time_delta_sensor_async.py for tasks to queue
[2026-04-21T03:46:05.712+0000] {logging_mixin.py:188} INFO - [2026-04-21T03:46:05.711+0000] {dagbag.py:538} INFO - Filling up the DagBag from /home/airflow/.local/lib/python3.8/site-packages/airflow/example_dags/example_time_delta_sensor_async.py
[2026-04-21T03:46:05.718+0000] {processor.py:840} INFO - DAG(s) 'example_time_delta_sensor_async' retrieved from /home/airflow/.local/lib/python3.8/site-packages/airflow/example_dags/example_time_delta_sensor_async.py
[2026-04-21T03:46:05.742+0000] {logging_mixin.py:188} INFO - [2026-04-21T03:46:05.742+0000] {dag.py:3036} INFO - Sync 1 DAGs
[2026-04-21T03:46:05.757+0000] {logging_mixin.py:188} INFO - [2026-04-21T03:46:05.756+0000] {dag.py:3823} INFO - Setting next_dagrun for example_time_delta_sensor_async to None, run_after=None
[2026-04-21T03:46:05.776+0000] {processor.py:183} INFO - Processing /home/airflow/.local/lib/python3.8/site-packages/airflow/example_dags/example_time_delta_sensor_async.py took 0.074 seconds
[2026-04-21T03:46:35.962+0000] {processor.py:161} INFO - Started process (PID=3727124) to work on /home/airflow/.local/lib/python3.8/site-packages/airflow/example_dags/example_time_delta_sensor_async.py
[2026-04-21T03:46:35.964+0000] {processor.py:830} INFO - Processing file /home/airflow/.local/lib/python3.8/site-packages/airflow/example_dags/example_time_delta_sensor_async.py for tasks to queue
[2026-04-21T03:46:35.966+0000] {logging_mixin.py:188} INFO - [2026-04-21T03:46:35.966+0000] {dagbag.py:538} INFO - Filling up the DagBag from /home/airflow/.local/lib/python3.8/site-packages/airflow/example_dags/example_time_delta_sensor_async.py
[2026-04-21T03:46:35.972+0000] {processor.py:840} INFO - DAG(s) 'example_time_delta_sensor_async' retrieved from /home/airflow/.local/lib/python3.8/site-packages/airflow/example_dags/example_time_delta_sensor_async.py
[2026-04-21T03:46:35.998+0000] {logging_mixin.py:188} INFO - [2026-04-21T03:46:35.998+0000] {dag.py:3036} INFO - Sync 1 DAGs
[2026-04-21T03:46:36.012+0000] {logging_mixin.py:188} INFO - [2026-04-21T03:46:36.012+0000] {dag.py:3823} INFO - Setting next_dagrun for example_time_delta_sensor_async to None, run_after=None
[2026-04-21T03:46:36.032+0000] {processor.py:183} INFO - Processing /home/airflow/.local/lib/python3.8/site-packages/airflow/example_dags/example_time_delta_sensor_async.py took 0.075 seconds
[2026-04-21T03:47:06.123+0000] {processor.py:161} INFO - Started process (PID=3727181) to work on /home/airflow/.local/lib/python3.8/site-packages/airflow/example_dags/example_time_delta_sensor_async.py
[2026-04-21T03:47:06.125+0000] {processor.py:830} INFO - Processing file /home/airflow/.local/lib/python3.8/site-packages/airflow/example_dags/example_time_delta_sensor_async.py for tasks to queue
[2026-04-21T03:47:06.127+0000] {logging_mixin.py:188} INFO - [2026-04-21T03:47:06.127+0000] {dagbag.py:538} INFO - Filling up the DagBag from /home/airflow/.local/lib/python3.8/site-packages/airflow/example_dags/example_time_delta_sensor_async.py
[2026-04-21T03:47:06.136+0000] {processor.py:840} INFO - DAG(s) 'example_time_delta_sensor_async' retrieved from /home/airflow/.local/lib/python3.8/site-packages/airflow/example_dags/example_time_delta_sensor_async.py
[2026-04-21T03:47:06.161+0000] {logging_mixin.py:188} INFO - [2026-04-21T03:47:06.161+0000] {dag.py:3036} INFO - Sync 1 DAGs
[2026-04-21T03:47:06.175+0000] {logging_mixin.py:188} INFO - [2026-04-21T03:47:06.175+0000] {dag.py:3823} INFO - Setting next_dagrun for example_time_delta_sensor_async to None, run_after=None
[2026-04-21T03:47:06.194+0000] {processor.py:183} INFO - Processing /home/airflow/.local/lib/python3.8/site-packages/airflow/example_dags/example_time_delta_sensor_async.py took 0.076 seconds
[2026-04-21T03:47:36.268+0000] {processor.py:161} INFO - Started process (PID=3727238) to work on /home/airflow/.local/lib/python3.8/site-packages/airflow/example_dags/example_time_delta_sensor_async.py
[2026-04-21T03:47:36.270+0000] {processor.py:830} INFO - Processing file /home/airflow/.local/lib/python3.8/site-packages/airflow/example_dags/example_time_delta_sensor_async.py for tasks to queue
[2026-04-21T03:47:36.272+0000] {logging_mixin.py:188} INFO - [2026-04-21T03:47:36.272+0000] {dagbag.py:538} INFO - Filling up the DagBag from /home/airflow/.local/lib/python3.8/site-packages/airflow/example_dags/example_time_delta_sensor_async.py
[2026-04-21T03:47:36.278+0000] {processor.py:840} INFO - DAG(s) 'example_time_delta_sensor_async' retrieved from /home/airflow/.local/lib/python3.8/site-packages/airflow/example_dags/example_time_delta_sensor_async.py
[2026-04-21T03:47:36.302+0000] {logging_mixin.py:188} INFO - [2026-04-21T03:47:36.302+0000] {dag.py:3036} INFO - Sync 1 DAGs
[2026-04-21T03:47:36.316+0000] {logging_mixin.py:188} INFO - [2026-04-21T03:47:36.316+0000] {dag.py:3823} INFO - Setting next_dagrun for example_time_delta_sensor_async to None, run_after=None
[2026-04-21T03:47:36.335+0000] {processor.py:183} INFO - Processing /home/airflow/.local/lib/python3.8/site-packages/airflow/example_dags/example_time_delta_sensor_async.py took 0.072 seconds
[2026-04-21T03:48:06.477+0000] {processor.py:161} INFO - Started process (PID=3727295) to work on /home/airflow/.local/lib/python3.8/site-packages/airflow/example_dags/example_time_delta_sensor_async.py
[2026-04-21T03:48:06.479+0000] {processor.py:830} INFO - Processing file /home/airflow/.local/lib/python3.8/site-packages/airflow/example_dags/example_time_delta_sensor_async.py for tasks to queue
[2026-04-21T03:48:06.481+0000] {logging_mixin.py:188} INFO - [2026-04-21T03:48:06.481+0000] {dagbag.py:538} INFO - Filling up the DagBag from /home/airflow/.local/lib/python3.8/site-packages/airflow/example_dags/example_time_delta_sensor_async.py
[2026-04-21T03:48:06.488+0000] {processor.py:840} INFO - DAG(s) 'example_time_delta_sensor_async' retrieved from /home/airflow/.local/lib/python3.8/site-packages/airflow/example_dags/example_time_delta_sensor_async.py
[2026-04-21T03:48:06.513+0000] {logging_mixin.py:188} INFO - [2026-04-21T03:48:06.512+0000] {dag.py:3036} INFO - Sync 1 DAGs
[2026-04-21T03:48:06.527+0000] {logging_mixin.py:188} INFO - [2026-04-21T03:48:06.527+0000] {dag.py:3823} INFO - Setting next_dagrun for example_time_delta_sensor_async to None, run_after=None
[2026-04-21T03:48:06.546+0000] {processor.py:183} INFO - Processing /home/airflow/.local/lib/python3.8/site-packages/airflow/example_dags/example_time_delta_sensor_async.py took 0.074 seconds
[2026-04-21T03:48:36.699+0000] {processor.py:161} INFO - Started process (PID=3727350) to work on /home/airflow/.local/lib/python3.8/site-packages/airflow/example_dags/example_time_delta_sensor_async.py
[2026-04-21T03:48:36.700+0000] {processor.py:830} INFO - Processing file /home/airflow/.local/lib/python3.8/site-packages/airflow/example_dags/example_time_delta_sensor_async.py for tasks to queue
[2026-04-21T03:48:36.703+0000] {logging_mixin.py:188} INFO - [2026-04-21T03:48:36.703+0000] {dagbag.py:538} INFO - Filling up the DagBag from /home/airflow/.local/lib/python3.8/site-packages/airflow/example_dags/example_time_delta_sensor_async.py
[2026-04-21T03:48:36.709+0000] {processor.py:840} INFO - DAG(s) 'example_time_delta_sensor_async' retrieved from /home/airflow/.local/lib/python3.8/site-packages/airflow/example_dags/example_time_delta_sensor_async.py
[2026-04-21T03:48:36.734+0000] {logging_mixin.py:188} INFO - [2026-04-21T03:48:36.733+0000] {dag.py:3036} INFO - Sync 1 DAGs
[2026-04-21T03:48:36.748+0000] {logging_mixin.py:188} INFO - [2026-04-21T03:48:36.747+0000] {dag.py:3823} INFO - Setting next_dagrun for example_time_delta_sensor_async to None, run_after=None
[2026-04-21T03:48:36.766+0000] {processor.py:183} INFO - Processing /home/airflow/.local/lib/python3.8/site-packages/airflow/example_dags/example_time_delta_sensor_async.py took 0.072 seconds
[2026-04-21T03:49:06.997+0000] {processor.py:161} INFO - Started process (PID=3727407) to work on /home/airflow/.local/lib/python3.8/site-packages/airflow/example_dags/example_time_delta_sensor_async.py
[2026-04-21T03:49:06.999+0000] {processor.py:830} INFO - Processing file /home/airflow/.local/lib/python3.8/site-packages/airflow/example_dags/example_time_delta_sensor_async.py for tasks to queue
[2026-04-21T03:49:07.001+0000] {logging_mixin.py:188} INFO - [2026-04-21T03:49:07.001+0000] {dagbag.py:538} INFO - Filling up the DagBag from /home/airflow/.local/lib/python3.8/site-packages/airflow/example_dags/example_time_delta_sensor_async.py
[2026-04-21T03:49:07.008+0000] {processor.py:840} INFO - DAG(s) 'example_time_delta_sensor_async' retrieved from /home/airflow/.local/lib/python3.8/site-packages/airflow/example_dags/example_time_delta_sensor_async.py
[2026-04-21T03:49:07.031+0000] {logging_mixin.py:188} INFO - [2026-04-21T03:49:07.031+0000] {dag.py:3036} INFO - Sync 1 DAGs
[2026-04-21T03:49:07.046+0000] {logging_mixin.py:188} INFO - [2026-04-21T03:49:07.046+0000] {dag.py:3823} INFO - Setting next_dagrun for example_time_delta_sensor_async to None, run_after=None
[2026-04-21T03:49:07.065+0000] {processor.py:183} INFO - Processing /home/airflow/.local/lib/python3.8/site-packages/airflow/example_dags/example_time_delta_sensor_async.py took 0.072 seconds
[2026-04-21T03:49:37.131+0000] {processor.py:161} INFO - Started process (PID=3727464) to work on /home/airflow/.local/lib/python3.8/site-packages/airflow/example_dags/example_time_delta_sensor_async.py
[2026-04-21T03:49:37.133+0000] {processor.py:830} INFO - Processing file /home/airflow/.local/lib/python3.8/site-packages/airflow/example_dags/example_time_delta_sensor_async.py for tasks to queue
[2026-04-21T03:49:37.135+0000] {logging_mixin.py:188} INFO - [2026-04-21T03:49:37.135+0000] {dagbag.py:538} INFO - Filling up the DagBag from /home/airflow/.local/lib/python3.8/site-packages/airflow/example_dags/example_time_delta_sensor_async.py
[2026-04-21T03:49:37.141+0000] {processor.py:840} INFO - DAG(s) 'example_time_delta_sensor_async' retrieved from /home/airflow/.local/lib/python3.8/site-packages/airflow/example_dags/example_time_delta_sensor_async.py
[2026-04-21T03:49:37.165+0000] {logging_mixin.py:188} INFO - [2026-04-21T03:49:37.165+0000] {dag.py:3036} INFO - Sync 1 DAGs
[2026-04-21T03:49:37.179+0000] {logging_mixin.py:188} INFO - [2026-04-21T03:49:37.179+0000] {dag.py:3823} INFO - Setting next_dagrun for example_time_delta_sensor_async to None, run_after=None
[2026-04-21T03:49:37.198+0000] {processor.py:183} INFO - Processing /home/airflow/.local/lib/python3.8/site-packages/airflow/example_dags/example_time_delta_sensor_async.py took 0.072 seconds
[2026-04-21T03:50:07.294+0000] {processor.py:161} INFO - Started process (PID=3727521) to work on /home/airflow/.local/lib/python3.8/site-packages/airflow/example_dags/example_time_delta_sensor_async.py
[2026-04-21T03:50:07.296+0000] {processor.py:830} INFO - Processing file /home/airflow/.local/lib/python3.8/site-packages/airflow/example_dags/example_time_delta_sensor_async.py for tasks to queue
[2026-04-21T03:50:07.299+0000] {logging_mixin.py:188} INFO - [2026-04-21T03:50:07.298+0000] {dagbag.py:538} INFO - Filling up the DagBag from /home/airflow/.local/lib/python3.8/site-packages/airflow/example_dags/example_time_delta_sensor_async.py
[2026-04-21T03:50:07.305+0000] {processor.py:840} INFO - DAG(s) 'example_time_delta_sensor_async' retrieved from /home/airflow/.local/lib/python3.8/site-packages/airflow/example_dags/example_time_delta_sensor_async.py
[2026-04-21T03:50:07.329+0000] {logging_mixin.py:188} INFO - [2026-04-21T03:50:07.329+0000] {dag.py:3036} INFO - Sync 1 DAGs
[2026-04-21T03:50:07.345+0000] {logging_mixin.py:188} INFO - [2026-04-21T03:50:07.345+0000] {dag.py:3823} INFO - Setting next_dagrun for example_time_delta_sensor_async to None, run_after=None
[2026-04-21T03:50:07.365+0000] {processor.py:183} INFO - Processing /home/airflow/.local/lib/python3.8/site-packages/airflow/example_dags/example_time_delta_sensor_async.py took 0.075 seconds
[2026-04-21T03:50:37.432+0000] {processor.py:161} INFO - Started process (PID=3727578) to work on /home/airflow/.local/lib/python3.8/site-packages/airflow/example_dags/example_time_delta_sensor_async.py
[2026-04-21T03:50:37.434+0000] {processor.py:830} INFO - Processing file /home/airflow/.local/lib/python3.8/site-packages/airflow/example_dags/example_time_delta_sensor_async.py for tasks to queue
[2026-04-21T03:50:37.436+0000] {logging_mixin.py:188} INFO - [2026-04-21T03:50:37.436+0000] {dagbag.py:538} INFO - Filling up the DagBag from /home/airflow/.local/lib/python3.8/site-packages/airflow/example_dags/example_time_delta_sensor_async.py
[2026-04-21T03:50:37.442+0000] {processor.py:840} INFO - DAG(s) 'example_time_delta_sensor_async' retrieved from /home/airflow/.local/lib/python3.8/site-packages/airflow/example_dags/example_time_delta_sensor_async.py
[2026-04-21T03:50:37.467+0000] {logging_mixin.py:188} INFO - [2026-04-21T03:50:37.467+0000] {dag.py:3036} INFO - Sync 1 DAGs
[2026-04-21T03:50:37.481+0000] {logging_mixin.py:188} INFO - [2026-04-21T03:50:37.481+0000] {dag.py:3823} INFO - Setting next_dagrun for example_time_delta_sensor_async to None, run_after=None
[2026-04-21T03:50:37.500+0000] {processor.py:183} INFO - Processing /home/airflow/.local/lib/python3.8/site-packages/airflow/example_dags/example_time_delta_sensor_async.py took 0.073 seconds
[2026-04-21T03:51:07.779+0000] {processor.py:161} INFO - Started process (PID=3727635) to work on /home/airflow/.local/lib/python3.8/site-packages/airflow/example_dags/example_time_delta_sensor_async.py
[2026-04-21T03:51:07.781+0000] {processor.py:830} INFO - Processing file /home/airflow/.local/lib/python3.8/site-packages/airflow/example_dags/example_time_delta_sensor_async.py for tasks to queue
[2026-04-21T03:51:07.784+0000] {logging_mixin.py:188} INFO - [2026-04-21T03:51:07.783+0000] {dagbag.py:538} INFO - Filling up the DagBag from /home/airflow/.local/lib/python3.8/site-packages/airflow/example_dags/example_time_delta_sensor_async.py
[2026-04-21T03:51:07.790+0000] {processor.py:840} INFO - DAG(s) 'example_time_delta_sensor_async' retrieved from /home/airflow/.local/lib/python3.8/site-packages/airflow/example_dags/example_time_delta_sensor_async.py
[2026-04-21T03:51:07.815+0000] {logging_mixin.py:188} INFO - [2026-04-21T03:51:07.815+0000] {dag.py:3036} INFO - Sync 1 DAGs
[2026-04-21T03:51:07.829+0000] {logging_mixin.py:188} INFO - [2026-04-21T03:51:07.828+0000] {dag.py:3823} INFO - Setting next_dagrun for example_time_delta_sensor_async to None, run_after=None
[2026-04-21T03:51:07.848+0000] {processor.py:183} INFO - Processing /home/airflow/.local/lib/python3.8/site-packages/airflow/example_dags/example_time_delta_sensor_async.py took 0.074 seconds
[2026-04-21T03:51:38.687+0000] {processor.py:161} INFO - Started process (PID=3727692) to work on /home/airflow/.local/lib/python3.8/site-packages/airflow/example_dags/example_time_delta_sensor_async.py
[2026-04-21T03:51:38.689+0000] {processor.py:830} INFO - Processing file /home/airflow/.local/lib/python3.8/site-packages/airflow/example_dags/example_time_delta_sensor_async.py for tasks to queue
[2026-04-21T03:51:38.692+0000] {logging_mixin.py:188} INFO - [2026-04-21T03:51:38.691+0000] {dagbag.py:538} INFO - Filling up the DagBag from /home/airflow/.local/lib/python3.8/site-packages/airflow/example_dags/example_time_delta_sensor_async.py
[2026-04-21T03:51:38.698+0000] {processor.py:840} INFO - DAG(s) 'example_time_delta_sensor_async' retrieved from /home/airflow/.local/lib/python3.8/site-packages/airflow/example_dags/example_time_delta_sensor_async.py
[2026-04-21T03:51:38.723+0000] {logging_mixin.py:188} INFO - [2026-04-21T03:51:38.723+0000] {dag.py:3036} INFO - Sync 1 DAGs
[2026-04-21T03:51:38.738+0000] {logging_mixin.py:188} INFO - [2026-04-21T03:51:38.738+0000] {dag.py:3823} INFO - Setting next_dagrun for example_time_delta_sensor_async to None, run_after=None
[2026-04-21T03:51:38.758+0000] {processor.py:183} INFO - Processing /home/airflow/.local/lib/python3.8/site-packages/airflow/example_dags/example_time_delta_sensor_async.py took 0.075 seconds
[2026-04-21T03:52:09.173+0000] {processor.py:161} INFO - Started process (PID=3727749) to work on /home/airflow/.local/lib/python3.8/site-packages/airflow/example_dags/example_time_delta_sensor_async.py
[2026-04-21T03:52:09.175+0000] {processor.py:830} INFO - Processing file /home/airflow/.local/lib/python3.8/site-packages/airflow/example_dags/example_time_delta_sensor_async.py for tasks to queue
[2026-04-21T03:52:09.177+0000] {logging_mixin.py:188} INFO - [2026-04-21T03:52:09.177+0000] {dagbag.py:538} INFO - Filling up the DagBag from /home/airflow/.local/lib/python3.8/site-packages/airflow/example_dags/example_time_delta_sensor_async.py
[2026-04-21T03:52:09.183+0000] {processor.py:840} INFO - DAG(s) 'example_time_delta_sensor_async' retrieved from /home/airflow/.local/lib/python3.8/site-packages/airflow/example_dags/example_time_delta_sensor_async.py
[2026-04-21T03:52:09.208+0000] {logging_mixin.py:188} INFO - [2026-04-21T03:52:09.208+0000] {dag.py:3036} INFO - Sync 1 DAGs
[2026-04-21T03:52:09.222+0000] {logging_mixin.py:188} INFO - [2026-04-21T03:52:09.222+0000] {dag.py:3823} INFO - Setting next_dagrun for example_time_delta_sensor_async to None, run_after=None
[2026-04-21T03:52:09.241+0000] {processor.py:183} INFO - Processing /home/airflow/.local/lib/python3.8/site-packages/airflow/example_dags/example_time_delta_sensor_async.py took 0.073 seconds
[2026-04-21T03:52:39.279+0000] {processor.py:161} INFO - Started process (PID=3727804) to work on /home/airflow/.local/lib/python3.8/site-packages/airflow/example_dags/example_time_delta_sensor_async.py
[2026-04-21T03:52:39.280+0000] {processor.py:830} INFO - Processing file /home/airflow/.local/lib/python3.8/site-packages/airflow/example_dags/example_time_delta_sensor_async.py for tasks to queue
[2026-04-21T03:52:39.283+0000] {logging_mixin.py:188} INFO - [2026-04-21T03:52:39.282+0000] {dagbag.py:538} INFO - Filling up the DagBag from /home/airflow/.local/lib/python3.8/site-packages/airflow/example_dags/example_time_delta_sensor_async.py
[2026-04-21T03:52:39.289+0000] {processor.py:840} INFO - DAG(s) 'example_time_delta_sensor_async' retrieved from /home/airflow/.local/lib/python3.8/site-packages/airflow/example_dags/example_time_delta_sensor_async.py
[2026-04-21T03:52:39.312+0000] {logging_mixin.py:188} INFO - [2026-04-21T03:52:39.312+0000] {dag.py:3036} INFO - Sync 1 DAGs
[2026-04-21T03:52:39.326+0000] {logging_mixin.py:188} INFO - [2026-04-21T03:52:39.325+0000] {dag.py:3823} INFO - Setting next_dagrun for example_time_delta_sensor_async to None, run_after=None
[2026-04-21T03:52:39.344+0000] {processor.py:183} INFO - Processing /home/airflow/.local/lib/python3.8/site-packages/airflow/example_dags/example_time_delta_sensor_async.py took 0.070 seconds
[2026-04-21T03:53:09.692+0000] {processor.py:161} INFO - Started process (PID=3727861) to work on /home/airflow/.local/lib/python3.8/site-packages/airflow/example_dags/example_time_delta_sensor_async.py
[2026-04-21T03:53:09.694+0000] {processor.py:830} INFO - Processing file /home/airflow/.local/lib/python3.8/site-packages/airflow/example_dags/example_time_delta_sensor_async.py for tasks to queue
[2026-04-21T03:53:09.696+0000] {logging_mixin.py:188} INFO - [2026-04-21T03:53:09.696+0000] {dagbag.py:538} INFO - Filling up the DagBag from /home/airflow/.local/lib/python3.8/site-packages/airflow/example_dags/example_time_delta_sensor_async.py
[2026-04-21T03:53:09.703+0000] {processor.py:840} INFO - DAG(s) 'example_time_delta_sensor_async' retrieved from /home/airflow/.local/lib/python3.8/site-packages/airflow/example_dags/example_time_delta_sensor_async.py
[2026-04-21T03:53:09.726+0000] {logging_mixin.py:188} INFO - [2026-04-21T03:53:09.726+0000] {dag.py:3036} INFO - Sync 1 DAGs
[2026-04-21T03:53:09.739+0000] {logging_mixin.py:188} INFO - [2026-04-21T03:53:09.739+0000] {dag.py:3823} INFO - Setting next_dagrun for example_time_delta_sensor_async to None, run_after=None
[2026-04-21T03:53:09.757+0000] {processor.py:183} INFO - Processing /home/airflow/.local/lib/python3.8/site-packages/airflow/example_dags/example_time_delta_sensor_async.py took 0.070 seconds
[2026-04-21T03:53:39.935+0000] {processor.py:161} INFO - Started process (PID=3727918) to work on /home/airflow/.local/lib/python3.8/site-packages/airflow/example_dags/example_time_delta_sensor_async.py
[2026-04-21T03:53:39.937+0000] {processor.py:830} INFO - Processing file /home/airflow/.local/lib/python3.8/site-packages/airflow/example_dags/example_time_delta_sensor_async.py for tasks to queue
[2026-04-21T03:53:39.940+0000] {logging_mixin.py:188} INFO - [2026-04-21T03:53:39.939+0000] {dagbag.py:538} INFO - Filling up the DagBag from /home/airflow/.local/lib/python3.8/site-packages/airflow/example_dags/example_time_delta_sensor_async.py
[2026-04-21T03:53:39.946+0000] {processor.py:840} INFO - DAG(s) 'example_time_delta_sensor_async' retrieved from /home/airflow/.local/lib/python3.8/site-packages/airflow/example_dags/example_time_delta_sensor_async.py
[2026-04-21T03:53:39.969+0000] {logging_mixin.py:188} INFO - [2026-04-21T03:53:39.969+0000] {dag.py:3036} INFO - Sync 1 DAGs
[2026-04-21T03:53:39.983+0000] {logging_mixin.py:188} INFO - [2026-04-21T03:53:39.982+0000] {dag.py:3823} INFO - Setting next_dagrun for example_time_delta_sensor_async to None, run_after=None
[2026-04-21T03:53:40.001+0000] {processor.py:183} INFO - Processing /home/airflow/.local/lib/python3.8/site-packages/airflow/example_dags/example_time_delta_sensor_async.py took 0.071 seconds
[2026-04-21T03:54:10.117+0000] {processor.py:161} INFO - Started process (PID=3727975) to work on /home/airflow/.local/lib/python3.8/site-packages/airflow/example_dags/example_time_delta_sensor_async.py
[2026-04-21T03:54:10.119+0000] {processor.py:830} INFO - Processing file /home/airflow/.local/lib/python3.8/site-packages/airflow/example_dags/example_time_delta_sensor_async.py for tasks to queue
[2026-04-21T03:54:10.122+0000] {logging_mixin.py:188} INFO - [2026-04-21T03:54:10.121+0000] {dagbag.py:538} INFO - Filling up the DagBag from /home/airflow/.local/lib/python3.8/site-packages/airflow/example_dags/example_time_delta_sensor_async.py
[2026-04-21T03:54:10.128+0000] {processor.py:840} INFO - DAG(s) 'example_time_delta_sensor_async' retrieved from /home/airflow/.local/lib/python3.8/site-packages/airflow/example_dags/example_time_delta_sensor_async.py
[2026-04-21T03:54:10.151+0000] {logging_mixin.py:188} INFO - [2026-04-21T03:54:10.151+0000] {dag.py:3036} INFO - Sync 1 DAGs
[2026-04-21T03:54:10.165+0000] {logging_mixin.py:188} INFO - [2026-04-21T03:54:10.165+0000] {dag.py:3823} INFO - Setting next_dagrun for example_time_delta_sensor_async to None, run_after=None
[2026-04-21T03:54:10.183+0000] {processor.py:183} INFO - Processing /home/airflow/.local/lib/python3.8/site-packages/airflow/example_dags/example_time_delta_sensor_async.py took 0.071 seconds
[2026-04-21T03:54:40.377+0000] {processor.py:161} INFO - Started process (PID=3728032) to work on /home/airflow/.local/lib/python3.8/site-packages/airflow/example_dags/example_time_delta_sensor_async.py
[2026-04-21T03:54:40.379+0000] {processor.py:830} INFO - Processing file /home/airflow/.local/lib/python3.8/site-packages/airflow/example_dags/example_time_delta_sensor_async.py for tasks to queue
[2026-04-21T03:54:40.381+0000] {logging_mixin.py:188} INFO - [2026-04-21T03:54:40.381+0000] {dagbag.py:538} INFO - Filling up the DagBag from /home/airflow/.local/lib/python3.8/site-packages/airflow/example_dags/example_time_delta_sensor_async.py
[2026-04-21T03:54:40.388+0000] {processor.py:840} INFO - DAG(s) 'example_time_delta_sensor_async' retrieved from /home/airflow/.local/lib/python3.8/site-packages/airflow/example_dags/example_time_delta_sensor_async.py
[2026-04-21T03:54:40.411+0000] {logging_mixin.py:188} INFO - [2026-04-21T03:54:40.411+0000] {dag.py:3036} INFO - Sync 1 DAGs
[2026-04-21T03:54:40.425+0000] {logging_mixin.py:188} INFO - [2026-04-21T03:54:40.425+0000] {dag.py:3823} INFO - Setting next_dagrun for example_time_delta_sensor_async to None, run_after=None
[2026-04-21T03:54:40.444+0000] {processor.py:183} INFO - Processing /home/airflow/.local/lib/python3.8/site-packages/airflow/example_dags/example_time_delta_sensor_async.py took 0.072 seconds
[2026-04-21T03:55:10.734+0000] {processor.py:161} INFO - Started process (PID=3728089) to work on /home/airflow/.local/lib/python3.8/site-packages/airflow/example_dags/example_time_delta_sensor_async.py
[2026-04-21T03:55:10.736+0000] {processor.py:830} INFO - Processing file /home/airflow/.local/lib/python3.8/site-packages/airflow/example_dags/example_time_delta_sensor_async.py for tasks to queue
[2026-04-21T03:55:10.738+0000] {logging_mixin.py:188} INFO - [2026-04-21T03:55:10.738+0000] {dagbag.py:538} INFO - Filling up the DagBag from /home/airflow/.local/lib/python3.8/site-packages/airflow/example_dags/example_time_delta_sensor_async.py
[2026-04-21T03:55:10.745+0000] {processor.py:840} INFO - DAG(s) 'example_time_delta_sensor_async' retrieved from /home/airflow/.local/lib/python3.8/site-packages/airflow/example_dags/example_time_delta_sensor_async.py
[2026-04-21T03:55:10.769+0000] {logging_mixin.py:188} INFO - [2026-04-21T03:55:10.769+0000] {dag.py:3036} INFO - Sync 1 DAGs
[2026-04-21T03:55:10.787+0000] {logging_mixin.py:188} INFO - [2026-04-21T03:55:10.787+0000] {dag.py:3823} INFO - Setting next_dagrun for example_time_delta_sensor_async to None, run_after=None
[2026-04-21T03:55:10.809+0000] {processor.py:183} INFO - Processing /home/airflow/.local/lib/python3.8/site-packages/airflow/example_dags/example_time_delta_sensor_async.py took 0.080 seconds
[2026-04-21T03:55:40.930+0000] {processor.py:161} INFO - Started process (PID=3728146) to work on /home/airflow/.local/lib/python3.8/site-packages/airflow/example_dags/example_time_delta_sensor_async.py
[2026-04-21T03:55:40.932+0000] {processor.py:830} INFO - Processing file /home/airflow/.local/lib/python3.8/site-packages/airflow/example_dags/example_time_delta_sensor_async.py for tasks to queue
[2026-04-21T03:55:40.935+0000] {logging_mixin.py:188} INFO - [2026-04-21T03:55:40.934+0000] {dagbag.py:538} INFO - Filling up the DagBag from /home/airflow/.local/lib/python3.8/site-packages/airflow/example_dags/example_time_delta_sensor_async.py
[2026-04-21T03:55:40.941+0000] {processor.py:840} INFO - DAG(s) 'example_time_delta_sensor_async' retrieved from /home/airflow/.local/lib/python3.8/site-packages/airflow/example_dags/example_time_delta_sensor_async.py
[2026-04-21T03:55:40.964+0000] {logging_mixin.py:188} INFO - [2026-04-21T03:55:40.964+0000] {dag.py:3036} INFO - Sync 1 DAGs
[2026-04-21T03:55:40.977+0000] {logging_mixin.py:188} INFO - [2026-04-21T03:55:40.977+0000] {dag.py:3823} INFO - Setting next_dagrun for example_time_delta_sensor_async to None, run_after=None
[2026-04-21T03:55:40.996+0000] {processor.py:183} INFO - Processing /home/airflow/.local/lib/python3.8/site-packages/airflow/example_dags/example_time_delta_sensor_async.py took 0.070 seconds
[2026-04-21T03:56:11.183+0000] {processor.py:161} INFO - Started process (PID=3728203) to work on /home/airflow/.local/lib/python3.8/site-packages/airflow/example_dags/example_time_delta_sensor_async.py
[2026-04-21T03:56:11.186+0000] {processor.py:830} INFO - Processing file /home/airflow/.local/lib/python3.8/site-packages/airflow/example_dags/example_time_delta_sensor_async.py for tasks to queue
[2026-04-21T03:56:11.188+0000] {logging_mixin.py:188} INFO - [2026-04-21T03:56:11.188+0000] {dagbag.py:538} INFO - Filling up the DagBag from /home/airflow/.local/lib/python3.8/site-packages/airflow/example_dags/example_time_delta_sensor_async.py
[2026-04-21T03:56:11.194+0000] {processor.py:840} INFO - DAG(s) 'example_time_delta_sensor_async' retrieved from /home/airflow/.local/lib/python3.8/site-packages/airflow/example_dags/example_time_delta_sensor_async.py
[2026-04-21T03:56:11.221+0000] {logging_mixin.py:188} INFO - [2026-04-21T03:56:11.221+0000] {dag.py:3036} INFO - Sync 1 DAGs
[2026-04-21T03:56:11.236+0000] {logging_mixin.py:188} INFO - [2026-04-21T03:56:11.236+0000] {dag.py:3823} INFO - Setting next_dagrun for example_time_delta_sensor_async to None, run_after=None
[2026-04-21T03:56:11.257+0000] {processor.py:183} INFO - Processing /home/airflow/.local/lib/python3.8/site-packages/airflow/example_dags/example_time_delta_sensor_async.py took 0.078 seconds
[2026-04-21T03:56:41.368+0000] {processor.py:161} INFO - Started process (PID=3728260) to work on /home/airflow/.local/lib/python3.8/site-packages/airflow/example_dags/example_time_delta_sensor_async.py
[2026-04-21T03:56:41.370+0000] {processor.py:830} INFO - Processing file /home/airflow/.local/lib/python3.8/site-packages/airflow/example_dags/example_time_delta_sensor_async.py for tasks to queue
[2026-04-21T03:56:41.372+0000] {logging_mixin.py:188} INFO - [2026-04-21T03:56:41.371+0000] {dagbag.py:538} INFO - Filling up the DagBag from /home/airflow/.local/lib/python3.8/site-packages/airflow/example_dags/example_time_delta_sensor_async.py
[2026-04-21T03:56:41.378+0000] {processor.py:840} INFO - DAG(s) 'example_time_delta_sensor_async' retrieved from /home/airflow/.local/lib/python3.8/site-packages/airflow/example_dags/example_time_delta_sensor_async.py
[2026-04-21T03:56:41.403+0000] {logging_mixin.py:188} INFO - [2026-04-21T03:56:41.403+0000] {dag.py:3036} INFO - Sync 1 DAGs
[2026-04-21T03:56:41.416+0000] {logging_mixin.py:188} INFO - [2026-04-21T03:56:41.416+0000] {dag.py:3823} INFO - Setting next_dagrun for example_time_delta_sensor_async to None, run_after=None
[2026-04-21T03:56:41.436+0000] {processor.py:183} INFO - Processing /home/airflow/.local/lib/python3.8/site-packages/airflow/example_dags/example_time_delta_sensor_async.py took 0.073 seconds
[2026-04-21T03:57:11.535+0000] {processor.py:161} INFO - Started process (PID=3728317) to work on /home/airflow/.local/lib/python3.8/site-packages/airflow/example_dags/example_time_delta_sensor_async.py
[2026-04-21T03:57:11.537+0000] {processor.py:830} INFO - Processing file /home/airflow/.local/lib/python3.8/site-packages/airflow/example_dags/example_time_delta_sensor_async.py for tasks to queue
[2026-04-21T03:57:11.540+0000] {logging_mixin.py:188} INFO - [2026-04-21T03:57:11.539+0000] {dagbag.py:538} INFO - Filling up the DagBag from /home/airflow/.local/lib/python3.8/site-packages/airflow/example_dags/example_time_delta_sensor_async.py
[2026-04-21T03:57:11.546+0000] {processor.py:840} INFO - DAG(s) 'example_time_delta_sensor_async' retrieved from /home/airflow/.local/lib/python3.8/site-packages/airflow/example_dags/example_time_delta_sensor_async.py
[2026-04-21T03:57:11.570+0000] {logging_mixin.py:188} INFO - [2026-04-21T03:57:11.570+0000] {dag.py:3036} INFO - Sync 1 DAGs
[2026-04-21T03:57:11.584+0000] {logging_mixin.py:188} INFO - [2026-04-21T03:57:11.584+0000] {dag.py:3823} INFO - Setting next_dagrun for example_time_delta_sensor_async to None, run_after=None
[2026-04-21T03:57:11.602+0000] {processor.py:183} INFO - Processing /home/airflow/.local/lib/python3.8/site-packages/airflow/example_dags/example_time_delta_sensor_async.py took 0.072 seconds
[2026-04-21T03:57:41.761+0000] {processor.py:161} INFO - Started process (PID=3728375) to work on /home/airflow/.local/lib/python3.8/site-packages/airflow/example_dags/example_time_delta_sensor_async.py
[2026-04-21T03:57:41.762+0000] {processor.py:830} INFO - Processing file /home/airflow/.local/lib/python3.8/site-packages/airflow/example_dags/example_time_delta_sensor_async.py for tasks to queue
[2026-04-21T03:57:41.765+0000] {logging_mixin.py:188} INFO - [2026-04-21T03:57:41.765+0000] {dagbag.py:538} INFO - Filling up the DagBag from /home/airflow/.local/lib/python3.8/site-packages/airflow/example_dags/example_time_delta_sensor_async.py
[2026-04-21T03:57:41.771+0000] {processor.py:840} INFO - DAG(s) 'example_time_delta_sensor_async' retrieved from /home/airflow/.local/lib/python3.8/site-packages/airflow/example_dags/example_time_delta_sensor_async.py
[2026-04-21T03:57:41.795+0000] {logging_mixin.py:188} INFO - [2026-04-21T03:57:41.795+0000] {dag.py:3036} INFO - Sync 1 DAGs
[2026-04-21T03:57:41.809+0000] {logging_mixin.py:188} INFO - [2026-04-21T03:57:41.809+0000] {dag.py:3823} INFO - Setting next_dagrun for example_time_delta_sensor_async to None, run_after=None
[2026-04-21T03:57:41.828+0000] {processor.py:183} INFO - Processing /home/airflow/.local/lib/python3.8/site-packages/airflow/example_dags/example_time_delta_sensor_async.py took 0.072 seconds
[2026-04-21T03:58:11.961+0000] {processor.py:161} INFO - Started process (PID=3728432) to work on /home/airflow/.local/lib/python3.8/site-packages/airflow/example_dags/example_time_delta_sensor_async.py
[2026-04-21T03:58:11.963+0000] {processor.py:830} INFO - Processing file /home/airflow/.local/lib/python3.8/site-packages/airflow/example_dags/example_time_delta_sensor_async.py for tasks to queue
[2026-04-21T03:58:11.965+0000] {logging_mixin.py:188} INFO - [2026-04-21T03:58:11.965+0000] {dagbag.py:538} INFO - Filling up the DagBag from /home/airflow/.local/lib/python3.8/site-packages/airflow/example_dags/example_time_delta_sensor_async.py
[2026-04-21T03:58:11.972+0000] {processor.py:840} INFO - DAG(s) 'example_time_delta_sensor_async' retrieved from /home/airflow/.local/lib/python3.8/site-packages/airflow/example_dags/example_time_delta_sensor_async.py
[2026-04-21T03:58:11.997+0000] {logging_mixin.py:188} INFO - [2026-04-21T03:58:11.997+0000] {dag.py:3036} INFO - Sync 1 DAGs
[2026-04-21T03:58:12.012+0000] {logging_mixin.py:188} INFO - [2026-04-21T03:58:12.012+0000] {dag.py:3823} INFO - Setting next_dagrun for example_time_delta_sensor_async to None, run_after=None
[2026-04-21T03:58:12.033+0000] {processor.py:183} INFO - Processing /home/airflow/.local/lib/python3.8/site-packages/airflow/example_dags/example_time_delta_sensor_async.py took 0.078 seconds
[2026-04-21T03:58:42.139+0000] {processor.py:161} INFO - Started process (PID=3728489) to work on /home/airflow/.local/lib/python3.8/site-packages/airflow/example_dags/example_time_delta_sensor_async.py
[2026-04-21T03:58:42.142+0000] {processor.py:830} INFO - Processing file /home/airflow/.local/lib/python3.8/site-packages/airflow/example_dags/example_time_delta_sensor_async.py for tasks to queue
[2026-04-21T03:58:42.145+0000] {logging_mixin.py:188} INFO - [2026-04-21T03:58:42.144+0000] {dagbag.py:538} INFO - Filling up the DagBag from /home/airflow/.local/lib/python3.8/site-packages/airflow/example_dags/example_time_delta_sensor_async.py
[2026-04-21T03:58:42.151+0000] {processor.py:840} INFO - DAG(s) 'example_time_delta_sensor_async' retrieved from /home/airflow/.local/lib/python3.8/site-packages/airflow/example_dags/example_time_delta_sensor_async.py
[2026-04-21T03:58:42.179+0000] {logging_mixin.py:188} INFO - [2026-04-21T03:58:42.179+0000] {dag.py:3036} INFO - Sync 1 DAGs
[2026-04-21T03:58:42.195+0000] {logging_mixin.py:188} INFO - [2026-04-21T03:58:42.195+0000] {dag.py:3823} INFO - Setting next_dagrun for example_time_delta_sensor_async to None, run_after=None
[2026-04-21T03:58:42.219+0000] {processor.py:183} INFO - Processing /home/airflow/.local/lib/python3.8/site-packages/airflow/example_dags/example_time_delta_sensor_async.py took 0.084 seconds
[2026-04-21T03:59:12.456+0000] {processor.py:161} INFO - Started process (PID=3728546) to work on /home/airflow/.local/lib/python3.8/site-packages/airflow/example_dags/example_time_delta_sensor_async.py
[2026-04-21T03:59:12.458+0000] {processor.py:830} INFO - Processing file /home/airflow/.local/lib/python3.8/site-packages/airflow/example_dags/example_time_delta_sensor_async.py for tasks to queue
[2026-04-21T03:59:12.460+0000] {logging_mixin.py:188} INFO - [2026-04-21T03:59:12.460+0000] {dagbag.py:538} INFO - Filling up the DagBag from /home/airflow/.local/lib/python3.8/site-packages/airflow/example_dags/example_time_delta_sensor_async.py
[2026-04-21T03:59:12.466+0000] {processor.py:840} INFO - DAG(s) 'example_time_delta_sensor_async' retrieved from /home/airflow/.local/lib/python3.8/site-packages/airflow/example_dags/example_time_delta_sensor_async.py
[2026-04-21T03:59:12.490+0000] {logging_mixin.py:188} INFO - [2026-04-21T03:59:12.490+0000] {dag.py:3036} INFO - Sync 1 DAGs
[2026-04-21T03:59:12.504+0000] {logging_mixin.py:188} INFO - [2026-04-21T03:59:12.504+0000] {dag.py:3823} INFO - Setting next_dagrun for example_time_delta_sensor_async to None, run_after=None
[2026-04-21T03:59:12.523+0000] {processor.py:183} INFO - Processing /home/airflow/.local/lib/python3.8/site-packages/airflow/example_dags/example_time_delta_sensor_async.py took 0.072 seconds
[2026-04-21T03:59:42.640+0000] {processor.py:161} INFO - Started process (PID=3728603) to work on /home/airflow/.local/lib/python3.8/site-packages/airflow/example_dags/example_time_delta_sensor_async.py
[2026-04-21T03:59:42.642+0000] {processor.py:830} INFO - Processing file /home/airflow/.local/lib/python3.8/site-packages/airflow/example_dags/example_time_delta_sensor_async.py for tasks to queue
[2026-04-21T03:59:42.645+0000] {logging_mixin.py:188} INFO - [2026-04-21T03:59:42.644+0000] {dagbag.py:538} INFO - Filling up the DagBag from /home/airflow/.local/lib/python3.8/site-packages/airflow/example_dags/example_time_delta_sensor_async.py
[2026-04-21T03:59:42.651+0000] {processor.py:840} INFO - DAG(s) 'example_time_delta_sensor_async' retrieved from /home/airflow/.local/lib/python3.8/site-packages/airflow/example_dags/example_time_delta_sensor_async.py
[2026-04-21T03:59:42.676+0000] {logging_mixin.py:188} INFO - [2026-04-21T03:59:42.676+0000] {dag.py:3036} INFO - Sync 1 DAGs
[2026-04-21T03:59:42.691+0000] {logging_mixin.py:188} INFO - [2026-04-21T03:59:42.691+0000] {dag.py:3823} INFO - Setting next_dagrun for example_time_delta_sensor_async to None, run_after=None
[2026-04-21T03:59:42.713+0000] {processor.py:183} INFO - Processing /home/airflow/.local/lib/python3.8/site-packages/airflow/example_dags/example_time_delta_sensor_async.py took 0.078 seconds
[2026-04-21T04:00:12.897+0000] {processor.py:161} INFO - Started process (PID=3728660) to work on /home/airflow/.local/lib/python3.8/site-packages/airflow/example_dags/example_time_delta_sensor_async.py
[2026-04-21T04:00:12.900+0000] {processor.py:830} INFO - Processing file /home/airflow/.local/lib/python3.8/site-packages/airflow/example_dags/example_time_delta_sensor_async.py for tasks to queue
[2026-04-21T04:00:12.902+0000] {logging_mixin.py:188} INFO - [2026-04-21T04:00:12.902+0000] {dagbag.py:538} INFO - Filling up the DagBag from /home/airflow/.local/lib/python3.8/site-packages/airflow/example_dags/example_time_delta_sensor_async.py
[2026-04-21T04:00:12.908+0000] {processor.py:840} INFO - DAG(s) 'example_time_delta_sensor_async' retrieved from /home/airflow/.local/lib/python3.8/site-packages/airflow/example_dags/example_time_delta_sensor_async.py
[2026-04-21T04:00:12.933+0000] {logging_mixin.py:188} INFO - [2026-04-21T04:00:12.933+0000] {dag.py:3036} INFO - Sync 1 DAGs
[2026-04-21T04:00:12.947+0000] {logging_mixin.py:188} INFO - [2026-04-21T04:00:12.947+0000] {dag.py:3823} INFO - Setting next_dagrun for example_time_delta_sensor_async to None, run_after=None
[2026-04-21T04:00:12.965+0000] {processor.py:183} INFO - Processing /home/airflow/.local/lib/python3.8/site-packages/airflow/example_dags/example_time_delta_sensor_async.py took 0.073 seconds
[2026-04-21T04:00:43.298+0000] {processor.py:161} INFO - Started process (PID=3728717) to work on /home/airflow/.local/lib/python3.8/site-packages/airflow/example_dags/example_time_delta_sensor_async.py
[2026-04-21T04:00:43.300+0000] {processor.py:830} INFO - Processing file /home/airflow/.local/lib/python3.8/site-packages/airflow/example_dags/example_time_delta_sensor_async.py for tasks to queue
[2026-04-21T04:00:43.302+0000] {logging_mixin.py:188} INFO - [2026-04-21T04:00:43.302+0000] {dagbag.py:538} INFO - Filling up the DagBag from /home/airflow/.local/lib/python3.8/site-packages/airflow/example_dags/example_time_delta_sensor_async.py
[2026-04-21T04:00:43.310+0000] {processor.py:840} INFO - DAG(s) 'example_time_delta_sensor_async' retrieved from /home/airflow/.local/lib/python3.8/site-packages/airflow/example_dags/example_time_delta_sensor_async.py
[2026-04-21T04:00:43.338+0000] {logging_mixin.py:188} INFO - [2026-04-21T04:00:43.337+0000] {dag.py:3036} INFO - Sync 1 DAGs
[2026-04-21T04:00:43.355+0000] {logging_mixin.py:188} INFO - [2026-04-21T04:00:43.355+0000] {dag.py:3823} INFO - Setting next_dagrun for example_time_delta_sensor_async to None, run_after=None
[2026-04-21T04:00:43.382+0000] {processor.py:183} INFO - Processing /home/airflow/.local/lib/python3.8/site-packages/airflow/example_dags/example_time_delta_sensor_async.py took 0.090 seconds
[2026-04-21T04:01:13.537+0000] {processor.py:161} INFO - Started process (PID=3728774) to work on /home/airflow/.local/lib/python3.8/site-packages/airflow/example_dags/example_time_delta_sensor_async.py
[2026-04-21T04:01:13.539+0000] {processor.py:830} INFO - Processing file /home/airflow/.local/lib/python3.8/site-packages/airflow/example_dags/example_time_delta_sensor_async.py for tasks to queue
[2026-04-21T04:01:13.542+0000] {logging_mixin.py:188} INFO - [2026-04-21T04:01:13.541+0000] {dagbag.py:538} INFO - Filling up the DagBag from /home/airflow/.local/lib/python3.8/site-packages/airflow/example_dags/example_time_delta_sensor_async.py
[2026-04-21T04:01:13.549+0000] {processor.py:840} INFO - DAG(s) 'example_time_delta_sensor_async' retrieved from /home/airflow/.local/lib/python3.8/site-packages/airflow/example_dags/example_time_delta_sensor_async.py
[2026-04-21T04:01:13.579+0000] {logging_mixin.py:188} INFO - [2026-04-21T04:01:13.578+0000] {dag.py:3036} INFO - Sync 1 DAGs
[2026-04-21T04:01:13.597+0000] {logging_mixin.py:188} INFO - [2026-04-21T04:01:13.596+0000] {dag.py:3823} INFO - Setting next_dagrun for example_time_delta_sensor_async to None, run_after=None
[2026-04-21T04:01:13.619+0000] {processor.py:183} INFO - Processing /home/airflow/.local/lib/python3.8/site-packages/airflow/example_dags/example_time_delta_sensor_async.py took 0.089 seconds
[2026-04-21T04:01:43.910+0000] {processor.py:161} INFO - Started process (PID=3728831) to work on /home/airflow/.local/lib/python3.8/site-packages/airflow/example_dags/example_time_delta_sensor_async.py
[2026-04-21T04:01:43.912+0000] {processor.py:830} INFO - Processing file /home/airflow/.local/lib/python3.8/site-packages/airflow/example_dags/example_time_delta_sensor_async.py for tasks to queue
[2026-04-21T04:01:43.915+0000] {logging_mixin.py:188} INFO - [2026-04-21T04:01:43.915+0000] {dagbag.py:538} INFO - Filling up the DagBag from /home/airflow/.local/lib/python3.8/site-packages/airflow/example_dags/example_time_delta_sensor_async.py
[2026-04-21T04:01:43.921+0000] {processor.py:840} INFO - DAG(s) 'example_time_delta_sensor_async' retrieved from /home/airflow/.local/lib/python3.8/site-packages/airflow/example_dags/example_time_delta_sensor_async.py
[2026-04-21T04:01:43.947+0000] {logging_mixin.py:188} INFO - [2026-04-21T04:01:43.946+0000] {dag.py:3036} INFO - Sync 1 DAGs
[2026-04-21T04:01:43.961+0000] {logging_mixin.py:188} INFO - [2026-04-21T04:01:43.960+0000] {dag.py:3823} INFO - Setting next_dagrun for example_time_delta_sensor_async to None, run_after=None
[2026-04-21T04:01:43.980+0000] {processor.py:183} INFO - Processing /home/airflow/.local/lib/python3.8/site-packages/airflow/example_dags/example_time_delta_sensor_async.py took 0.074 seconds
[2026-04-21T04:02:14.099+0000] {processor.py:161} INFO - Started process (PID=3728888) to work on /home/airflow/.local/lib/python3.8/site-packages/airflow/example_dags/example_time_delta_sensor_async.py
[2026-04-21T04:02:14.101+0000] {processor.py:830} INFO - Processing file /home/airflow/.local/lib/python3.8/site-packages/airflow/example_dags/example_time_delta_sensor_async.py for tasks to queue
[2026-04-21T04:02:14.104+0000] {logging_mixin.py:188} INFO - [2026-04-21T04:02:14.103+0000] {dagbag.py:538} INFO - Filling up the DagBag from /home/airflow/.local/lib/python3.8/site-packages/airflow/example_dags/example_time_delta_sensor_async.py
[2026-04-21T04:02:14.110+0000] {processor.py:840} INFO - DAG(s) 'example_time_delta_sensor_async' retrieved from /home/airflow/.local/lib/python3.8/site-packages/airflow/example_dags/example_time_delta_sensor_async.py
[2026-04-21T04:02:14.135+0000] {logging_mixin.py:188} INFO - [2026-04-21T04:02:14.135+0000] {dag.py:3036} INFO - Sync 1 DAGs
[2026-04-21T04:02:14.150+0000] {logging_mixin.py:188} INFO - [2026-04-21T04:02:14.149+0000] {dag.py:3823} INFO - Setting next_dagrun for example_time_delta_sensor_async to None, run_after=None
[2026-04-21T04:02:14.168+0000] {processor.py:183} INFO - Processing /home/airflow/.local/lib/python3.8/site-packages/airflow/example_dags/example_time_delta_sensor_async.py took 0.074 seconds
[2026-04-21T04:02:44.303+0000] {processor.py:161} INFO - Started process (PID=3728945) to work on /home/airflow/.local/lib/python3.8/site-packages/airflow/example_dags/example_time_delta_sensor_async.py
[2026-04-21T04:02:44.305+0000] {processor.py:830} INFO - Processing file /home/airflow/.local/lib/python3.8/site-packages/airflow/example_dags/example_time_delta_sensor_async.py for tasks to queue
[2026-04-21T04:02:44.308+0000] {logging_mixin.py:188} INFO - [2026-04-21T04:02:44.307+0000] {dagbag.py:538} INFO - Filling up the DagBag from /home/airflow/.local/lib/python3.8/site-packages/airflow/example_dags/example_time_delta_sensor_async.py
[2026-04-21T04:02:44.314+0000] {processor.py:840} INFO - DAG(s) 'example_time_delta_sensor_async' retrieved from /home/airflow/.local/lib/python3.8/site-packages/airflow/example_dags/example_time_delta_sensor_async.py
[2026-04-21T04:02:44.339+0000] {logging_mixin.py:188} INFO - [2026-04-21T04:02:44.338+0000] {dag.py:3036} INFO - Sync 1 DAGs
[2026-04-21T04:02:44.353+0000] {logging_mixin.py:188} INFO - [2026-04-21T04:02:44.353+0000] {dag.py:3823} INFO - Setting next_dagrun for example_time_delta_sensor_async to None, run_after=None
[2026-04-21T04:02:44.373+0000] {processor.py:183} INFO - Processing /home/airflow/.local/lib/python3.8/site-packages/airflow/example_dags/example_time_delta_sensor_async.py took 0.075 seconds
[2026-04-21T04:03:14.632+0000] {processor.py:161} INFO - Started process (PID=3729002) to work on /home/airflow/.local/lib/python3.8/site-packages/airflow/example_dags/example_time_delta_sensor_async.py
[2026-04-21T04:03:14.634+0000] {processor.py:830} INFO - Processing file /home/airflow/.local/lib/python3.8/site-packages/airflow/example_dags/example_time_delta_sensor_async.py for tasks to queue
[2026-04-21T04:03:14.637+0000] {logging_mixin.py:188} INFO - [2026-04-21T04:03:14.637+0000] {dagbag.py:538} INFO - Filling up the DagBag from /home/airflow/.local/lib/python3.8/site-packages/airflow/example_dags/example_time_delta_sensor_async.py
[2026-04-21T04:03:14.643+0000] {processor.py:840} INFO - DAG(s) 'example_time_delta_sensor_async' retrieved from /home/airflow/.local/lib/python3.8/site-packages/airflow/example_dags/example_time_delta_sensor_async.py
[2026-04-21T04:03:14.668+0000] {logging_mixin.py:188} INFO - [2026-04-21T04:03:14.667+0000] {dag.py:3036} INFO - Sync 1 DAGs
[2026-04-21T04:03:14.682+0000] {logging_mixin.py:188} INFO - [2026-04-21T04:03:14.681+0000] {dag.py:3823} INFO - Setting next_dagrun for example_time_delta_sensor_async to None, run_after=None
[2026-04-21T04:03:14.701+0000] {processor.py:183} INFO - Processing /home/airflow/.local/lib/python3.8/site-packages/airflow/example_dags/example_time_delta_sensor_async.py took 0.075 seconds
[2026-04-21T04:03:45.103+0000] {processor.py:161} INFO - Started process (PID=3729059) to work on /home/airflow/.local/lib/python3.8/site-packages/airflow/example_dags/example_time_delta_sensor_async.py
[2026-04-21T04:03:45.105+0000] {processor.py:830} INFO - Processing file /home/airflow/.local/lib/python3.8/site-packages/airflow/example_dags/example_time_delta_sensor_async.py for tasks to queue
[2026-04-21T04:03:45.108+0000] {logging_mixin.py:188} INFO - [2026-04-21T04:03:45.107+0000] {dagbag.py:538} INFO - Filling up the DagBag from /home/airflow/.local/lib/python3.8/site-packages/airflow/example_dags/example_time_delta_sensor_async.py
[2026-04-21T04:03:45.114+0000] {processor.py:840} INFO - DAG(s) 'example_time_delta_sensor_async' retrieved from /home/airflow/.local/lib/python3.8/site-packages/airflow/example_dags/example_time_delta_sensor_async.py
[2026-04-21T04:03:45.142+0000] {logging_mixin.py:188} INFO - [2026-04-21T04:03:45.141+0000] {dag.py:3036} INFO - Sync 1 DAGs
[2026-04-21T04:03:45.157+0000] {logging_mixin.py:188} INFO - [2026-04-21T04:03:45.157+0000] {dag.py:3823} INFO - Setting next_dagrun for example_time_delta_sensor_async to None, run_after=None
[2026-04-21T04:03:45.177+0000] {processor.py:183} INFO - Processing /home/airflow/.local/lib/python3.8/site-packages/airflow/example_dags/example_time_delta_sensor_async.py took 0.079 seconds
[2026-04-21T04:04:15.507+0000] {processor.py:161} INFO - Started process (PID=3729116) to work on /home/airflow/.local/lib/python3.8/site-packages/airflow/example_dags/example_time_delta_sensor_async.py
[2026-04-21T04:04:15.509+0000] {processor.py:830} INFO - Processing file /home/airflow/.local/lib/python3.8/site-packages/airflow/example_dags/example_time_delta_sensor_async.py for tasks to queue
[2026-04-21T04:04:15.511+0000] {logging_mixin.py:188} INFO - [2026-04-21T04:04:15.511+0000] {dagbag.py:538} INFO - Filling up the DagBag from /home/airflow/.local/lib/python3.8/site-packages/airflow/example_dags/example_time_delta_sensor_async.py
[2026-04-21T04:04:15.518+0000] {processor.py:840} INFO - DAG(s) 'example_time_delta_sensor_async' retrieved from /home/airflow/.local/lib/python3.8/site-packages/airflow/example_dags/example_time_delta_sensor_async.py
[2026-04-21T04:04:15.544+0000] {logging_mixin.py:188} INFO - [2026-04-21T04:04:15.544+0000] {dag.py:3036} INFO - Sync 1 DAGs
[2026-04-21T04:04:15.559+0000] {logging_mixin.py:188} INFO - [2026-04-21T04:04:15.558+0000] {dag.py:3823} INFO - Setting next_dagrun for example_time_delta_sensor_async to None, run_after=None
[2026-04-21T04:04:15.579+0000] {processor.py:183} INFO - Processing /home/airflow/.local/lib/python3.8/site-packages/airflow/example_dags/example_time_delta_sensor_async.py took 0.077 seconds
[2026-04-21T04:04:45.801+0000] {processor.py:161} INFO - Started process (PID=3729173) to work on /home/airflow/.local/lib/python3.8/site-packages/airflow/example_dags/example_time_delta_sensor_async.py
[2026-04-21T04:04:45.804+0000] {processor.py:830} INFO - Processing file /home/airflow/.local/lib/python3.8/site-packages/airflow/example_dags/example_time_delta_sensor_async.py for tasks to queue
[2026-04-21T04:04:45.807+0000] {logging_mixin.py:188} INFO - [2026-04-21T04:04:45.806+0000] {dagbag.py:538} INFO - Filling up the DagBag from /home/airflow/.local/lib/python3.8/site-packages/airflow/example_dags/example_time_delta_sensor_async.py
[2026-04-21T04:04:45.815+0000] {processor.py:840} INFO - DAG(s) 'example_time_delta_sensor_async' retrieved from /home/airflow/.local/lib/python3.8/site-packages/airflow/example_dags/example_time_delta_sensor_async.py
[2026-04-21T04:04:45.844+0000] {logging_mixin.py:188} INFO - [2026-04-21T04:04:45.844+0000] {dag.py:3036} INFO - Sync 1 DAGs
[2026-04-21T04:04:45.863+0000] {logging_mixin.py:188} INFO - [2026-04-21T04:04:45.862+0000] {dag.py:3823} INFO - Setting next_dagrun for example_time_delta_sensor_async to None, run_after=None
[2026-04-21T04:04:45.890+0000] {processor.py:183} INFO - Processing /home/airflow/.local/lib/python3.8/site-packages/airflow/example_dags/example_time_delta_sensor_async.py took 0.094 seconds
[2026-04-21T04:05:16.335+0000] {processor.py:161} INFO - Started process (PID=3729230) to work on /home/airflow/.local/lib/python3.8/site-packages/airflow/example_dags/example_time_delta_sensor_async.py
[2026-04-21T04:05:16.337+0000] {processor.py:830} INFO - Processing file /home/airflow/.local/lib/python3.8/site-packages/airflow/example_dags/example_time_delta_sensor_async.py for tasks to queue
[2026-04-21T04:05:16.339+0000] {logging_mixin.py:188} INFO - [2026-04-21T04:05:16.339+0000] {dagbag.py:538} INFO - Filling up the DagBag from /home/airflow/.local/lib/python3.8/site-packages/airflow/example_dags/example_time_delta_sensor_async.py
[2026-04-21T04:05:16.345+0000] {processor.py:840} INFO - DAG(s) 'example_time_delta_sensor_async' retrieved from /home/airflow/.local/lib/python3.8/site-packages/airflow/example_dags/example_time_delta_sensor_async.py
[2026-04-21T04:05:16.370+0000] {logging_mixin.py:188} INFO - [2026-04-21T04:05:16.370+0000] {dag.py:3036} INFO - Sync 1 DAGs
[2026-04-21T04:05:16.384+0000] {logging_mixin.py:188} INFO - [2026-04-21T04:05:16.384+0000] {dag.py:3823} INFO - Setting next_dagrun for example_time_delta_sensor_async to None, run_after=None
[2026-04-21T04:05:16.403+0000] {processor.py:183} INFO - Processing /home/airflow/.local/lib/python3.8/site-packages/airflow/example_dags/example_time_delta_sensor_async.py took 0.073 seconds
[2026-04-21T04:05:47.040+0000] {processor.py:161} INFO - Started process (PID=3729287) to work on /home/airflow/.local/lib/python3.8/site-packages/airflow/example_dags/example_time_delta_sensor_async.py
[2026-04-21T04:05:47.043+0000] {processor.py:830} INFO - Processing file /home/airflow/.local/lib/python3.8/site-packages/airflow/example_dags/example_time_delta_sensor_async.py for tasks to queue
[2026-04-21T04:05:47.045+0000] {logging_mixin.py:188} INFO - [2026-04-21T04:05:47.045+0000] {dagbag.py:538} INFO - Filling up the DagBag from /home/airflow/.local/lib/python3.8/site-packages/airflow/example_dags/example_time_delta_sensor_async.py
[2026-04-21T04:05:47.052+0000] {processor.py:840} INFO - DAG(s) 'example_time_delta_sensor_async' retrieved from /home/airflow/.local/lib/python3.8/site-packages/airflow/example_dags/example_time_delta_sensor_async.py
[2026-04-21T04:05:47.076+0000] {logging_mixin.py:188} INFO - [2026-04-21T04:05:47.075+0000] {dag.py:3036} INFO - Sync 1 DAGs
[2026-04-21T04:05:47.089+0000] {logging_mixin.py:188} INFO - [2026-04-21T04:05:47.089+0000] {dag.py:3823} INFO - Setting next_dagrun for example_time_delta_sensor_async to None, run_after=None
[2026-04-21T04:05:47.108+0000] {processor.py:183} INFO - Processing /home/airflow/.local/lib/python3.8/site-packages/airflow/example_dags/example_time_delta_sensor_async.py took 0.072 seconds
[2026-04-21T04:06:17.877+0000] {processor.py:161} INFO - Started process (PID=3729344) to work on /home/airflow/.local/lib/python3.8/site-packages/airflow/example_dags/example_time_delta_sensor_async.py
[2026-04-21T04:06:17.879+0000] {processor.py:830} INFO - Processing file /home/airflow/.local/lib/python3.8/site-packages/airflow/example_dags/example_time_delta_sensor_async.py for tasks to queue
[2026-04-21T04:06:17.882+0000] {logging_mixin.py:188} INFO - [2026-04-21T04:06:17.881+0000] {dagbag.py:538} INFO - Filling up the DagBag from /home/airflow/.local/lib/python3.8/site-packages/airflow/example_dags/example_time_delta_sensor_async.py
[2026-04-21T04:06:17.888+0000] {processor.py:840} INFO - DAG(s) 'example_time_delta_sensor_async' retrieved from /home/airflow/.local/lib/python3.8/site-packages/airflow/example_dags/example_time_delta_sensor_async.py
[2026-04-21T04:06:17.912+0000] {logging_mixin.py:188} INFO - [2026-04-21T04:06:17.912+0000] {dag.py:3036} INFO - Sync 1 DAGs
[2026-04-21T04:06:17.926+0000] {logging_mixin.py:188} INFO - [2026-04-21T04:06:17.926+0000] {dag.py:3823} INFO - Setting next_dagrun for example_time_delta_sensor_async to None, run_after=None
[2026-04-21T04:06:17.946+0000] {processor.py:183} INFO - Processing /home/airflow/.local/lib/python3.8/site-packages/airflow/example_dags/example_time_delta_sensor_async.py took 0.074 seconds
[2026-04-21T04:06:48.512+0000] {processor.py:161} INFO - Started process (PID=3729401) to work on /home/airflow/.local/lib/python3.8/site-packages/airflow/example_dags/example_time_delta_sensor_async.py
[2026-04-21T04:06:48.514+0000] {processor.py:830} INFO - Processing file /home/airflow/.local/lib/python3.8/site-packages/airflow/example_dags/example_time_delta_sensor_async.py for tasks to queue
[2026-04-21T04:06:48.516+0000] {logging_mixin.py:188} INFO - [2026-04-21T04:06:48.516+0000] {dagbag.py:538} INFO - Filling up the DagBag from /home/airflow/.local/lib/python3.8/site-packages/airflow/example_dags/example_time_delta_sensor_async.py
[2026-04-21T04:06:48.523+0000] {processor.py:840} INFO - DAG(s) 'example_time_delta_sensor_async' retrieved from /home/airflow/.local/lib/python3.8/site-packages/airflow/example_dags/example_time_delta_sensor_async.py
[2026-04-21T04:06:48.547+0000] {logging_mixin.py:188} INFO - [2026-04-21T04:06:48.546+0000] {dag.py:3036} INFO - Sync 1 DAGs
[2026-04-21T04:06:48.561+0000] {logging_mixin.py:188} INFO - [2026-04-21T04:06:48.561+0000] {dag.py:3823} INFO - Setting next_dagrun for example_time_delta_sensor_async to None, run_after=None
[2026-04-21T04:06:48.580+0000] {processor.py:183} INFO - Processing /home/airflow/.local/lib/python3.8/site-packages/airflow/example_dags/example_time_delta_sensor_async.py took 0.073 seconds
[2026-04-21T04:07:19.086+0000] {processor.py:161} INFO - Started process (PID=3729458) to work on /home/airflow/.local/lib/python3.8/site-packages/airflow/example_dags/example_time_delta_sensor_async.py
[2026-04-21T04:07:19.088+0000] {processor.py:830} INFO - Processing file /home/airflow/.local/lib/python3.8/site-packages/airflow/example_dags/example_time_delta_sensor_async.py for tasks to queue
[2026-04-21T04:07:19.091+0000] {logging_mixin.py:188} INFO - [2026-04-21T04:07:19.090+0000] {dagbag.py:538} INFO - Filling up the DagBag from /home/airflow/.local/lib/python3.8/site-packages/airflow/example_dags/example_time_delta_sensor_async.py
[2026-04-21T04:07:19.097+0000] {processor.py:840} INFO - DAG(s) 'example_time_delta_sensor_async' retrieved from /home/airflow/.local/lib/python3.8/site-packages/airflow/example_dags/example_time_delta_sensor_async.py
[2026-04-21T04:07:19.121+0000] {logging_mixin.py:188} INFO - [2026-04-21T04:07:19.121+0000] {dag.py:3036} INFO - Sync 1 DAGs
[2026-04-21T04:07:19.135+0000] {logging_mixin.py:188} INFO - [2026-04-21T04:07:19.135+0000] {dag.py:3823} INFO - Setting next_dagrun for example_time_delta_sensor_async to None, run_after=None
[2026-04-21T04:07:19.154+0000] {processor.py:183} INFO - Processing /home/airflow/.local/lib/python3.8/site-packages/airflow/example_dags/example_time_delta_sensor_async.py took 0.072 seconds
[2026-04-21T04:07:49.521+0000] {processor.py:161} INFO - Started process (PID=3729515) to work on /home/airflow/.local/lib/python3.8/site-packages/airflow/example_dags/example_time_delta_sensor_async.py
[2026-04-21T04:07:49.523+0000] {processor.py:830} INFO - Processing file /home/airflow/.local/lib/python3.8/site-packages/airflow/example_dags/example_time_delta_sensor_async.py for tasks to queue
[2026-04-21T04:07:49.525+0000] {logging_mixin.py:188} INFO - [2026-04-21T04:07:49.525+0000] {dagbag.py:538} INFO - Filling up the DagBag from /home/airflow/.local/lib/python3.8/site-packages/airflow/example_dags/example_time_delta_sensor_async.py
[2026-04-21T04:07:49.532+0000] {processor.py:840} INFO - DAG(s) 'example_time_delta_sensor_async' retrieved from /home/airflow/.local/lib/python3.8/site-packages/airflow/example_dags/example_time_delta_sensor_async.py
[2026-04-21T04:07:49.555+0000] {logging_mixin.py:188} INFO - [2026-04-21T04:07:49.555+0000] {dag.py:3036} INFO - Sync 1 DAGs
[2026-04-21T04:07:49.569+0000] {logging_mixin.py:188} INFO - [2026-04-21T04:07:49.569+0000] {dag.py:3823} INFO - Setting next_dagrun for example_time_delta_sensor_async to None, run_after=None
[2026-04-21T04:07:49.587+0000] {processor.py:183} INFO - Processing /home/airflow/.local/lib/python3.8/site-packages/airflow/example_dags/example_time_delta_sensor_async.py took 0.072 seconds
[2026-04-21T04:08:19.772+0000] {processor.py:161} INFO - Started process (PID=3729572) to work on /home/airflow/.local/lib/python3.8/site-packages/airflow/example_dags/example_time_delta_sensor_async.py
[2026-04-21T04:08:19.774+0000] {processor.py:830} INFO - Processing file /home/airflow/.local/lib/python3.8/site-packages/airflow/example_dags/example_time_delta_sensor_async.py for tasks to queue
[2026-04-21T04:08:19.776+0000] {logging_mixin.py:188} INFO - [2026-04-21T04:08:19.776+0000] {dagbag.py:538} INFO - Filling up the DagBag from /home/airflow/.local/lib/python3.8/site-packages/airflow/example_dags/example_time_delta_sensor_async.py
[2026-04-21T04:08:19.783+0000] {processor.py:840} INFO - DAG(s) 'example_time_delta_sensor_async' retrieved from /home/airflow/.local/lib/python3.8/site-packages/airflow/example_dags/example_time_delta_sensor_async.py
[2026-04-21T04:08:19.807+0000] {logging_mixin.py:188} INFO - [2026-04-21T04:08:19.807+0000] {dag.py:3036} INFO - Sync 1 DAGs
[2026-04-21T04:08:19.822+0000] {logging_mixin.py:188} INFO - [2026-04-21T04:08:19.821+0000] {dag.py:3823} INFO - Setting next_dagrun for example_time_delta_sensor_async to None, run_after=None
[2026-04-21T04:08:19.841+0000] {processor.py:183} INFO - Processing /home/airflow/.local/lib/python3.8/site-packages/airflow/example_dags/example_time_delta_sensor_async.py took 0.074 seconds
[2026-04-21T04:08:50.051+0000] {processor.py:161} INFO - Started process (PID=3729629) to work on /home/airflow/.local/lib/python3.8/site-packages/airflow/example_dags/example_time_delta_sensor_async.py
[2026-04-21T04:08:50.053+0000] {processor.py:830} INFO - Processing file /home/airflow/.local/lib/python3.8/site-packages/airflow/example_dags/example_time_delta_sensor_async.py for tasks to queue
[2026-04-21T04:08:50.055+0000] {logging_mixin.py:188} INFO - [2026-04-21T04:08:50.055+0000] {dagbag.py:538} INFO - Filling up the DagBag from /home/airflow/.local/lib/python3.8/site-packages/airflow/example_dags/example_time_delta_sensor_async.py
[2026-04-21T04:08:50.062+0000] {processor.py:840} INFO - DAG(s) 'example_time_delta_sensor_async' retrieved from /home/airflow/.local/lib/python3.8/site-packages/airflow/example_dags/example_time_delta_sensor_async.py
[2026-04-21T04:08:50.085+0000] {logging_mixin.py:188} INFO - [2026-04-21T04:08:50.085+0000] {dag.py:3036} INFO - Sync 1 DAGs
[2026-04-21T04:08:50.099+0000] {logging_mixin.py:188} INFO - [2026-04-21T04:08:50.099+0000] {dag.py:3823} INFO - Setting next_dagrun for example_time_delta_sensor_async to None, run_after=None
[2026-04-21T04:08:50.118+0000] {processor.py:183} INFO - Processing /home/airflow/.local/lib/python3.8/site-packages/airflow/example_dags/example_time_delta_sensor_async.py took 0.072 seconds
[2026-04-21T04:09:20.493+0000] {processor.py:161} INFO - Started process (PID=3729686) to work on /home/airflow/.local/lib/python3.8/site-packages/airflow/example_dags/example_time_delta_sensor_async.py
[2026-04-21T04:09:20.494+0000] {processor.py:830} INFO - Processing file /home/airflow/.local/lib/python3.8/site-packages/airflow/example_dags/example_time_delta_sensor_async.py for tasks to queue
[2026-04-21T04:09:20.497+0000] {logging_mixin.py:188} INFO - [2026-04-21T04:09:20.496+0000] {dagbag.py:538} INFO - Filling up the DagBag from /home/airflow/.local/lib/python3.8/site-packages/airflow/example_dags/example_time_delta_sensor_async.py
[2026-04-21T04:09:20.503+0000] {processor.py:840} INFO - DAG(s) 'example_time_delta_sensor_async' retrieved from /home/airflow/.local/lib/python3.8/site-packages/airflow/example_dags/example_time_delta_sensor_async.py
[2026-04-21T04:09:20.526+0000] {logging_mixin.py:188} INFO - [2026-04-21T04:09:20.525+0000] {dag.py:3036} INFO - Sync 1 DAGs
[2026-04-21T04:09:20.539+0000] {logging_mixin.py:188} INFO - [2026-04-21T04:09:20.539+0000] {dag.py:3823} INFO - Setting next_dagrun for example_time_delta_sensor_async to None, run_after=None
[2026-04-21T04:09:20.557+0000] {processor.py:183} INFO - Processing /home/airflow/.local/lib/python3.8/site-packages/airflow/example_dags/example_time_delta_sensor_async.py took 0.069 seconds
[2026-04-21T04:09:50.647+0000] {processor.py:161} INFO - Started process (PID=3729743) to work on /home/airflow/.local/lib/python3.8/site-packages/airflow/example_dags/example_time_delta_sensor_async.py
[2026-04-21T04:09:50.649+0000] {processor.py:830} INFO - Processing file /home/airflow/.local/lib/python3.8/site-packages/airflow/example_dags/example_time_delta_sensor_async.py for tasks to queue
[2026-04-21T04:09:50.652+0000] {logging_mixin.py:188} INFO - [2026-04-21T04:09:50.651+0000] {dagbag.py:538} INFO - Filling up the DagBag from /home/airflow/.local/lib/python3.8/site-packages/airflow/example_dags/example_time_delta_sensor_async.py
[2026-04-21T04:09:50.658+0000] {processor.py:840} INFO - DAG(s) 'example_time_delta_sensor_async' retrieved from /home/airflow/.local/lib/python3.8/site-packages/airflow/example_dags/example_time_delta_sensor_async.py
[2026-04-21T04:09:50.682+0000] {logging_mixin.py:188} INFO - [2026-04-21T04:09:50.682+0000] {dag.py:3036} INFO - Sync 1 DAGs
[2026-04-21T04:09:50.696+0000] {logging_mixin.py:188} INFO - [2026-04-21T04:09:50.696+0000] {dag.py:3823} INFO - Setting next_dagrun for example_time_delta_sensor_async to None, run_after=None
[2026-04-21T04:09:50.715+0000] {processor.py:183} INFO - Processing /home/airflow/.local/lib/python3.8/site-packages/airflow/example_dags/example_time_delta_sensor_async.py took 0.073 seconds
[2026-04-21T04:10:20.952+0000] {processor.py:161} INFO - Started process (PID=3729800) to work on /home/airflow/.local/lib/python3.8/site-packages/airflow/example_dags/example_time_delta_sensor_async.py
[2026-04-21T04:10:20.953+0000] {processor.py:830} INFO - Processing file /home/airflow/.local/lib/python3.8/site-packages/airflow/example_dags/example_time_delta_sensor_async.py for tasks to queue
[2026-04-21T04:10:20.955+0000] {logging_mixin.py:188} INFO - [2026-04-21T04:10:20.955+0000] {dagbag.py:538} INFO - Filling up the DagBag from /home/airflow/.local/lib/python3.8/site-packages/airflow/example_dags/example_time_delta_sensor_async.py
[2026-04-21T04:10:20.962+0000] {processor.py:840} INFO - DAG(s) 'example_time_delta_sensor_async' retrieved from /home/airflow/.local/lib/python3.8/site-packages/airflow/example_dags/example_time_delta_sensor_async.py
[2026-04-21T04:10:20.985+0000] {logging_mixin.py:188} INFO - [2026-04-21T04:10:20.985+0000] {dag.py:3036} INFO - Sync 1 DAGs
[2026-04-21T04:10:20.999+0000] {logging_mixin.py:188} INFO - [2026-04-21T04:10:20.999+0000] {dag.py:3823} INFO - Setting next_dagrun for example_time_delta_sensor_async to None, run_after=None
[2026-04-21T04:10:21.017+0000] {processor.py:183} INFO - Processing /home/airflow/.local/lib/python3.8/site-packages/airflow/example_dags/example_time_delta_sensor_async.py took 0.071 seconds
[2026-04-21T04:10:51.116+0000] {processor.py:161} INFO - Started process (PID=3729857) to work on /home/airflow/.local/lib/python3.8/site-packages/airflow/example_dags/example_time_delta_sensor_async.py
[2026-04-21T04:10:51.119+0000] {processor.py:830} INFO - Processing file /home/airflow/.local/lib/python3.8/site-packages/airflow/example_dags/example_time_delta_sensor_async.py for tasks to queue
[2026-04-21T04:10:51.121+0000] {logging_mixin.py:188} INFO - [2026-04-21T04:10:51.121+0000] {dagbag.py:538} INFO - Filling up the DagBag from /home/airflow/.local/lib/python3.8/site-packages/airflow/example_dags/example_time_delta_sensor_async.py
[2026-04-21T04:10:51.127+0000] {processor.py:840} INFO - DAG(s) 'example_time_delta_sensor_async' retrieved from /home/airflow/.local/lib/python3.8/site-packages/airflow/example_dags/example_time_delta_sensor_async.py
[2026-04-21T04:10:51.151+0000] {logging_mixin.py:188} INFO - [2026-04-21T04:10:51.151+0000] {dag.py:3036} INFO - Sync 1 DAGs
[2026-04-21T04:10:51.165+0000] {logging_mixin.py:188} INFO - [2026-04-21T04:10:51.165+0000] {dag.py:3823} INFO - Setting next_dagrun for example_time_delta_sensor_async to None, run_after=None
[2026-04-21T04:10:51.184+0000] {processor.py:183} INFO - Processing /home/airflow/.local/lib/python3.8/site-packages/airflow/example_dags/example_time_delta_sensor_async.py took 0.073 seconds
[2026-04-21T04:11:21.881+0000] {processor.py:161} INFO - Started process (PID=3729914) to work on /home/airflow/.local/lib/python3.8/site-packages/airflow/example_dags/example_time_delta_sensor_async.py
[2026-04-21T04:11:21.883+0000] {processor.py:830} INFO - Processing file /home/airflow/.local/lib/python3.8/site-packages/airflow/example_dags/example_time_delta_sensor_async.py for tasks to queue
[2026-04-21T04:11:21.885+0000] {logging_mixin.py:188} INFO - [2026-04-21T04:11:21.885+0000] {dagbag.py:538} INFO - Filling up the DagBag from /home/airflow/.local/lib/python3.8/site-packages/airflow/example_dags/example_time_delta_sensor_async.py
[2026-04-21T04:11:21.891+0000] {processor.py:840} INFO - DAG(s) 'example_time_delta_sensor_async' retrieved from /home/airflow/.local/lib/python3.8/site-packages/airflow/example_dags/example_time_delta_sensor_async.py
[2026-04-21T04:11:21.917+0000] {logging_mixin.py:188} INFO - [2026-04-21T04:11:21.916+0000] {dag.py:3036} INFO - Sync 1 DAGs
[2026-04-21T04:11:21.930+0000] {logging_mixin.py:188} INFO - [2026-04-21T04:11:21.930+0000] {dag.py:3823} INFO - Setting next_dagrun for example_time_delta_sensor_async to None, run_after=None
[2026-04-21T04:11:21.949+0000] {processor.py:183} INFO - Processing /home/airflow/.local/lib/python3.8/site-packages/airflow/example_dags/example_time_delta_sensor_async.py took 0.073 seconds
[2026-04-21T04:11:52.498+0000] {processor.py:161} INFO - Started process (PID=3729971) to work on /home/airflow/.local/lib/python3.8/site-packages/airflow/example_dags/example_time_delta_sensor_async.py
[2026-04-21T04:11:52.499+0000] {processor.py:830} INFO - Processing file /home/airflow/.local/lib/python3.8/site-packages/airflow/example_dags/example_time_delta_sensor_async.py for tasks to queue
[2026-04-21T04:11:52.502+0000] {logging_mixin.py:188} INFO - [2026-04-21T04:11:52.501+0000] {dagbag.py:538} INFO - Filling up the DagBag from /home/airflow/.local/lib/python3.8/site-packages/airflow/example_dags/example_time_delta_sensor_async.py
[2026-04-21T04:11:52.508+0000] {processor.py:840} INFO - DAG(s) 'example_time_delta_sensor_async' retrieved from /home/airflow/.local/lib/python3.8/site-packages/airflow/example_dags/example_time_delta_sensor_async.py
[2026-04-21T04:11:52.534+0000] {logging_mixin.py:188} INFO - [2026-04-21T04:11:52.533+0000] {dag.py:3036} INFO - Sync 1 DAGs
[2026-04-21T04:11:52.547+0000] {logging_mixin.py:188} INFO - [2026-04-21T04:11:52.547+0000] {dag.py:3823} INFO - Setting next_dagrun for example_time_delta_sensor_async to None, run_after=None
[2026-04-21T04:11:52.566+0000] {processor.py:183} INFO - Processing /home/airflow/.local/lib/python3.8/site-packages/airflow/example_dags/example_time_delta_sensor_async.py took 0.073 seconds
[2026-04-21T04:12:23.127+0000] {processor.py:161} INFO - Started process (PID=3730028) to work on /home/airflow/.local/lib/python3.8/site-packages/airflow/example_dags/example_time_delta_sensor_async.py
[2026-04-21T04:12:23.129+0000] {processor.py:830} INFO - Processing file /home/airflow/.local/lib/python3.8/site-packages/airflow/example_dags/example_time_delta_sensor_async.py for tasks to queue
[2026-04-21T04:12:23.132+0000] {logging_mixin.py:188} INFO - [2026-04-21T04:12:23.131+0000] {dagbag.py:538} INFO - Filling up the DagBag from /home/airflow/.local/lib/python3.8/site-packages/airflow/example_dags/example_time_delta_sensor_async.py
[2026-04-21T04:12:23.138+0000] {processor.py:840} INFO - DAG(s) 'example_time_delta_sensor_async' retrieved from /home/airflow/.local/lib/python3.8/site-packages/airflow/example_dags/example_time_delta_sensor_async.py
[2026-04-21T04:12:23.165+0000] {logging_mixin.py:188} INFO - [2026-04-21T04:12:23.164+0000] {dag.py:3036} INFO - Sync 1 DAGs
[2026-04-21T04:12:23.181+0000] {logging_mixin.py:188} INFO - [2026-04-21T04:12:23.180+0000] {dag.py:3823} INFO - Setting next_dagrun for example_time_delta_sensor_async to None, run_after=None
[2026-04-21T04:12:23.201+0000] {processor.py:183} INFO - Processing /home/airflow/.local/lib/python3.8/site-packages/airflow/example_dags/example_time_delta_sensor_async.py took 0.078 seconds
[2026-04-21T04:12:53.312+0000] {processor.py:161} INFO - Started process (PID=3730083) to work on /home/airflow/.local/lib/python3.8/site-packages/airflow/example_dags/example_time_delta_sensor_async.py
[2026-04-21T04:12:53.315+0000] {processor.py:830} INFO - Processing file /home/airflow/.local/lib/python3.8/site-packages/airflow/example_dags/example_time_delta_sensor_async.py for tasks to queue
[2026-04-21T04:12:53.318+0000] {logging_mixin.py:188} INFO - [2026-04-21T04:12:53.317+0000] {dagbag.py:538} INFO - Filling up the DagBag from /home/airflow/.local/lib/python3.8/site-packages/airflow/example_dags/example_time_delta_sensor_async.py
[2026-04-21T04:12:53.326+0000] {processor.py:840} INFO - DAG(s) 'example_time_delta_sensor_async' retrieved from /home/airflow/.local/lib/python3.8/site-packages/airflow/example_dags/example_time_delta_sensor_async.py
[2026-04-21T04:12:53.361+0000] {logging_mixin.py:188} INFO - [2026-04-21T04:12:53.360+0000] {dag.py:3036} INFO - Sync 1 DAGs
[2026-04-21T04:12:53.382+0000] {logging_mixin.py:188} INFO - [2026-04-21T04:12:53.382+0000] {dag.py:3823} INFO - Setting next_dagrun for example_time_delta_sensor_async to None, run_after=None
[2026-04-21T04:12:53.406+0000] {processor.py:183} INFO - Processing /home/airflow/.local/lib/python3.8/site-packages/airflow/example_dags/example_time_delta_sensor_async.py took 0.099 seconds
[2026-04-21T04:13:23.803+0000] {processor.py:161} INFO - Started process (PID=3730138) to work on /home/airflow/.local/lib/python3.8/site-packages/airflow/example_dags/example_time_delta_sensor_async.py
[2026-04-21T04:13:23.805+0000] {processor.py:830} INFO - Processing file /home/airflow/.local/lib/python3.8/site-packages/airflow/example_dags/example_time_delta_sensor_async.py for tasks to queue
[2026-04-21T04:13:23.807+0000] {logging_mixin.py:188} INFO - [2026-04-21T04:13:23.807+0000] {dagbag.py:538} INFO - Filling up the DagBag from /home/airflow/.local/lib/python3.8/site-packages/airflow/example_dags/example_time_delta_sensor_async.py
[2026-04-21T04:13:23.813+0000] {processor.py:840} INFO - DAG(s) 'example_time_delta_sensor_async' retrieved from /home/airflow/.local/lib/python3.8/site-packages/airflow/example_dags/example_time_delta_sensor_async.py
[2026-04-21T04:13:23.838+0000] {logging_mixin.py:188} INFO - [2026-04-21T04:13:23.838+0000] {dag.py:3036} INFO - Sync 1 DAGs
[2026-04-21T04:13:23.852+0000] {logging_mixin.py:188} INFO - [2026-04-21T04:13:23.851+0000] {dag.py:3823} INFO - Setting next_dagrun for example_time_delta_sensor_async to None, run_after=None
[2026-04-21T04:13:23.870+0000] {processor.py:183} INFO - Processing /home/airflow/.local/lib/python3.8/site-packages/airflow/example_dags/example_time_delta_sensor_async.py took 0.072 seconds
[2026-04-21T04:13:54.365+0000] {processor.py:161} INFO - Started process (PID=3730194) to work on /home/airflow/.local/lib/python3.8/site-packages/airflow/example_dags/example_time_delta_sensor_async.py
[2026-04-21T04:13:54.367+0000] {processor.py:830} INFO - Processing file /home/airflow/.local/lib/python3.8/site-packages/airflow/example_dags/example_time_delta_sensor_async.py for tasks to queue
[2026-04-21T04:13:54.369+0000] {logging_mixin.py:188} INFO - [2026-04-21T04:13:54.369+0000] {dagbag.py:538} INFO - Filling up the DagBag from /home/airflow/.local/lib/python3.8/site-packages/airflow/example_dags/example_time_delta_sensor_async.py
[2026-04-21T04:13:54.375+0000] {processor.py:840} INFO - DAG(s) 'example_time_delta_sensor_async' retrieved from /home/airflow/.local/lib/python3.8/site-packages/airflow/example_dags/example_time_delta_sensor_async.py
[2026-04-21T04:13:54.400+0000] {logging_mixin.py:188} INFO - [2026-04-21T04:13:54.400+0000] {dag.py:3036} INFO - Sync 1 DAGs
[2026-04-21T04:13:54.415+0000] {logging_mixin.py:188} INFO - [2026-04-21T04:13:54.414+0000] {dag.py:3823} INFO - Setting next_dagrun for example_time_delta_sensor_async to None, run_after=None
[2026-04-21T04:13:54.433+0000] {processor.py:183} INFO - Processing /home/airflow/.local/lib/python3.8/site-packages/airflow/example_dags/example_time_delta_sensor_async.py took 0.073 seconds
[2026-04-21T04:14:24.661+0000] {processor.py:161} INFO - Started process (PID=3730251) to work on /home/airflow/.local/lib/python3.8/site-packages/airflow/example_dags/example_time_delta_sensor_async.py
[2026-04-21T04:14:24.662+0000] {processor.py:830} INFO - Processing file /home/airflow/.local/lib/python3.8/site-packages/airflow/example_dags/example_time_delta_sensor_async.py for tasks to queue
[2026-04-21T04:14:24.665+0000] {logging_mixin.py:188} INFO - [2026-04-21T04:14:24.664+0000] {dagbag.py:538} INFO - Filling up the DagBag from /home/airflow/.local/lib/python3.8/site-packages/airflow/example_dags/example_time_delta_sensor_async.py
[2026-04-21T04:14:24.671+0000] {processor.py:840} INFO - DAG(s) 'example_time_delta_sensor_async' retrieved from /home/airflow/.local/lib/python3.8/site-packages/airflow/example_dags/example_time_delta_sensor_async.py
[2026-04-21T04:14:24.696+0000] {logging_mixin.py:188} INFO - [2026-04-21T04:14:24.696+0000] {dag.py:3036} INFO - Sync 1 DAGs
[2026-04-21T04:14:24.710+0000] {logging_mixin.py:188} INFO - [2026-04-21T04:14:24.710+0000] {dag.py:3823} INFO - Setting next_dagrun for example_time_delta_sensor_async to None, run_after=None
[2026-04-21T04:14:24.728+0000] {processor.py:183} INFO - Processing /home/airflow/.local/lib/python3.8/site-packages/airflow/example_dags/example_time_delta_sensor_async.py took 0.073 seconds
[2026-04-21T04:14:54.842+0000] {processor.py:161} INFO - Started process (PID=3730308) to work on /home/airflow/.local/lib/python3.8/site-packages/airflow/example_dags/example_time_delta_sensor_async.py
[2026-04-21T04:14:54.844+0000] {processor.py:830} INFO - Processing file /home/airflow/.local/lib/python3.8/site-packages/airflow/example_dags/example_time_delta_sensor_async.py for tasks to queue
[2026-04-21T04:14:54.846+0000] {logging_mixin.py:188} INFO - [2026-04-21T04:14:54.846+0000] {dagbag.py:538} INFO - Filling up the DagBag from /home/airflow/.local/lib/python3.8/site-packages/airflow/example_dags/example_time_delta_sensor_async.py
[2026-04-21T04:14:54.853+0000] {processor.py:840} INFO - DAG(s) 'example_time_delta_sensor_async' retrieved from /home/airflow/.local/lib/python3.8/site-packages/airflow/example_dags/example_time_delta_sensor_async.py
[2026-04-21T04:14:54.876+0000] {logging_mixin.py:188} INFO - [2026-04-21T04:14:54.876+0000] {dag.py:3036} INFO - Sync 1 DAGs
[2026-04-21T04:14:54.890+0000] {logging_mixin.py:188} INFO - [2026-04-21T04:14:54.890+0000] {dag.py:3823} INFO - Setting next_dagrun for example_time_delta_sensor_async to None, run_after=None
[2026-04-21T04:14:54.909+0000] {processor.py:183} INFO - Processing /home/airflow/.local/lib/python3.8/site-packages/airflow/example_dags/example_time_delta_sensor_async.py took 0.072 seconds
[2026-04-21T04:15:25.083+0000] {processor.py:161} INFO - Started process (PID=3730365) to work on /home/airflow/.local/lib/python3.8/site-packages/airflow/example_dags/example_time_delta_sensor_async.py
[2026-04-21T04:15:25.085+0000] {processor.py:830} INFO - Processing file /home/airflow/.local/lib/python3.8/site-packages/airflow/example_dags/example_time_delta_sensor_async.py for tasks to queue
[2026-04-21T04:15:25.088+0000] {logging_mixin.py:188} INFO - [2026-04-21T04:15:25.087+0000] {dagbag.py:538} INFO - Filling up the DagBag from /home/airflow/.local/lib/python3.8/site-packages/airflow/example_dags/example_time_delta_sensor_async.py
[2026-04-21T04:15:25.094+0000] {processor.py:840} INFO - DAG(s) 'example_time_delta_sensor_async' retrieved from /home/airflow/.local/lib/python3.8/site-packages/airflow/example_dags/example_time_delta_sensor_async.py
[2026-04-21T04:15:25.117+0000] {logging_mixin.py:188} INFO - [2026-04-21T04:15:25.117+0000] {dag.py:3036} INFO - Sync 1 DAGs
[2026-04-21T04:15:25.131+0000] {logging_mixin.py:188} INFO - [2026-04-21T04:15:25.131+0000] {dag.py:3823} INFO - Setting next_dagrun for example_time_delta_sensor_async to None, run_after=None
[2026-04-21T04:15:25.149+0000] {processor.py:183} INFO - Processing /home/airflow/.local/lib/python3.8/site-packages/airflow/example_dags/example_time_delta_sensor_async.py took 0.073 seconds
[2026-04-21T04:15:56.140+0000] {processor.py:161} INFO - Started process (PID=3730422) to work on /home/airflow/.local/lib/python3.8/site-packages/airflow/example_dags/example_time_delta_sensor_async.py
[2026-04-21T04:15:56.142+0000] {processor.py:830} INFO - Processing file /home/airflow/.local/lib/python3.8/site-packages/airflow/example_dags/example_time_delta_sensor_async.py for tasks to queue
[2026-04-21T04:15:56.144+0000] {logging_mixin.py:188} INFO - [2026-04-21T04:15:56.144+0000] {dagbag.py:538} INFO - Filling up the DagBag from /home/airflow/.local/lib/python3.8/site-packages/airflow/example_dags/example_time_delta_sensor_async.py
[2026-04-21T04:15:56.150+0000] {processor.py:840} INFO - DAG(s) 'example_time_delta_sensor_async' retrieved from /home/airflow/.local/lib/python3.8/site-packages/airflow/example_dags/example_time_delta_sensor_async.py
[2026-04-21T04:15:56.176+0000] {logging_mixin.py:188} INFO - [2026-04-21T04:15:56.176+0000] {dag.py:3036} INFO - Sync 1 DAGs
[2026-04-21T04:15:56.190+0000] {logging_mixin.py:188} INFO - [2026-04-21T04:15:56.190+0000] {dag.py:3823} INFO - Setting next_dagrun for example_time_delta_sensor_async to None, run_after=None
[2026-04-21T04:15:56.209+0000] {processor.py:183} INFO - Processing /home/airflow/.local/lib/python3.8/site-packages/airflow/example_dags/example_time_delta_sensor_async.py took 0.074 seconds
[2026-04-21T04:16:26.719+0000] {processor.py:161} INFO - Started process (PID=3730479) to work on /home/airflow/.local/lib/python3.8/site-packages/airflow/example_dags/example_time_delta_sensor_async.py
[2026-04-21T04:16:26.721+0000] {processor.py:830} INFO - Processing file /home/airflow/.local/lib/python3.8/site-packages/airflow/example_dags/example_time_delta_sensor_async.py for tasks to queue
[2026-04-21T04:16:26.723+0000] {logging_mixin.py:188} INFO - [2026-04-21T04:16:26.723+0000] {dagbag.py:538} INFO - Filling up the DagBag from /home/airflow/.local/lib/python3.8/site-packages/airflow/example_dags/example_time_delta_sensor_async.py
[2026-04-21T04:16:26.729+0000] {processor.py:840} INFO - DAG(s) 'example_time_delta_sensor_async' retrieved from /home/airflow/.local/lib/python3.8/site-packages/airflow/example_dags/example_time_delta_sensor_async.py
[2026-04-21T04:16:26.754+0000] {logging_mixin.py:188} INFO - [2026-04-21T04:16:26.754+0000] {dag.py:3036} INFO - Sync 1 DAGs
[2026-04-21T04:16:26.768+0000] {logging_mixin.py:188} INFO - [2026-04-21T04:16:26.768+0000] {dag.py:3823} INFO - Setting next_dagrun for example_time_delta_sensor_async to None, run_after=None
[2026-04-21T04:16:26.786+0000] {processor.py:183} INFO - Processing /home/airflow/.local/lib/python3.8/site-packages/airflow/example_dags/example_time_delta_sensor_async.py took 0.072 seconds
[2026-04-21T04:16:57.068+0000] {processor.py:161} INFO - Started process (PID=3730542) to work on /home/airflow/.local/lib/python3.8/site-packages/airflow/example_dags/example_time_delta_sensor_async.py
[2026-04-21T04:16:57.070+0000] {processor.py:830} INFO - Processing file /home/airflow/.local/lib/python3.8/site-packages/airflow/example_dags/example_time_delta_sensor_async.py for tasks to queue
[2026-04-21T04:16:57.073+0000] {logging_mixin.py:188} INFO - [2026-04-21T04:16:57.072+0000] {dagbag.py:538} INFO - Filling up the DagBag from /home/airflow/.local/lib/python3.8/site-packages/airflow/example_dags/example_time_delta_sensor_async.py
[2026-04-21T04:16:57.079+0000] {processor.py:840} INFO - DAG(s) 'example_time_delta_sensor_async' retrieved from /home/airflow/.local/lib/python3.8/site-packages/airflow/example_dags/example_time_delta_sensor_async.py
[2026-04-21T04:16:57.106+0000] {logging_mixin.py:188} INFO - [2026-04-21T04:16:57.105+0000] {dag.py:3036} INFO - Sync 1 DAGs
[2026-04-21T04:16:57.120+0000] {logging_mixin.py:188} INFO - [2026-04-21T04:16:57.120+0000] {dag.py:3823} INFO - Setting next_dagrun for example_time_delta_sensor_async to None, run_after=None
[2026-04-21T04:16:57.141+0000] {processor.py:183} INFO - Processing /home/airflow/.local/lib/python3.8/site-packages/airflow/example_dags/example_time_delta_sensor_async.py took 0.078 seconds
[2026-04-21T04:17:27.213+0000] {processor.py:161} INFO - Started process (PID=3730599) to work on /home/airflow/.local/lib/python3.8/site-packages/airflow/example_dags/example_time_delta_sensor_async.py
[2026-04-21T04:17:27.214+0000] {processor.py:830} INFO - Processing file /home/airflow/.local/lib/python3.8/site-packages/airflow/example_dags/example_time_delta_sensor_async.py for tasks to queue
[2026-04-21T04:17:27.216+0000] {logging_mixin.py:188} INFO - [2026-04-21T04:17:27.216+0000] {dagbag.py:538} INFO - Filling up the DagBag from /home/airflow/.local/lib/python3.8/site-packages/airflow/example_dags/example_time_delta_sensor_async.py
[2026-04-21T04:17:27.222+0000] {processor.py:840} INFO - DAG(s) 'example_time_delta_sensor_async' retrieved from /home/airflow/.local/lib/python3.8/site-packages/airflow/example_dags/example_time_delta_sensor_async.py
[2026-04-21T04:17:27.249+0000] {logging_mixin.py:188} INFO - [2026-04-21T04:17:27.249+0000] {dag.py:3036} INFO - Sync 1 DAGs
[2026-04-21T04:17:27.264+0000] {logging_mixin.py:188} INFO - [2026-04-21T04:17:27.263+0000] {dag.py:3823} INFO - Setting next_dagrun for example_time_delta_sensor_async to None, run_after=None
[2026-04-21T04:17:27.282+0000] {processor.py:183} INFO - Processing /home/airflow/.local/lib/python3.8/site-packages/airflow/example_dags/example_time_delta_sensor_async.py took 0.075 seconds
[2026-04-21T04:17:57.679+0000] {processor.py:161} INFO - Started process (PID=3730656) to work on /home/airflow/.local/lib/python3.8/site-packages/airflow/example_dags/example_time_delta_sensor_async.py
[2026-04-21T04:17:57.681+0000] {processor.py:830} INFO - Processing file /home/airflow/.local/lib/python3.8/site-packages/airflow/example_dags/example_time_delta_sensor_async.py for tasks to queue
[2026-04-21T04:17:57.684+0000] {logging_mixin.py:188} INFO - [2026-04-21T04:17:57.683+0000] {dagbag.py:538} INFO - Filling up the DagBag from /home/airflow/.local/lib/python3.8/site-packages/airflow/example_dags/example_time_delta_sensor_async.py
[2026-04-21T04:17:57.690+0000] {processor.py:840} INFO - DAG(s) 'example_time_delta_sensor_async' retrieved from /home/airflow/.local/lib/python3.8/site-packages/airflow/example_dags/example_time_delta_sensor_async.py
[2026-04-21T04:17:57.715+0000] {logging_mixin.py:188} INFO - [2026-04-21T04:17:57.715+0000] {dag.py:3036} INFO - Sync 1 DAGs
[2026-04-21T04:17:57.729+0000] {logging_mixin.py:188} INFO - [2026-04-21T04:17:57.729+0000] {dag.py:3823} INFO - Setting next_dagrun for example_time_delta_sensor_async to None, run_after=None
[2026-04-21T04:17:57.753+0000] {processor.py:183} INFO - Processing /home/airflow/.local/lib/python3.8/site-packages/airflow/example_dags/example_time_delta_sensor_async.py took 0.079 seconds
[2026-04-21T04:18:27.935+0000] {processor.py:161} INFO - Started process (PID=3730713) to work on /home/airflow/.local/lib/python3.8/site-packages/airflow/example_dags/example_time_delta_sensor_async.py
[2026-04-21T04:18:27.937+0000] {processor.py:830} INFO - Processing file /home/airflow/.local/lib/python3.8/site-packages/airflow/example_dags/example_time_delta_sensor_async.py for tasks to queue
[2026-04-21T04:18:27.939+0000] {logging_mixin.py:188} INFO - [2026-04-21T04:18:27.939+0000] {dagbag.py:538} INFO - Filling up the DagBag from /home/airflow/.local/lib/python3.8/site-packages/airflow/example_dags/example_time_delta_sensor_async.py
[2026-04-21T04:18:27.945+0000] {processor.py:840} INFO - DAG(s) 'example_time_delta_sensor_async' retrieved from /home/airflow/.local/lib/python3.8/site-packages/airflow/example_dags/example_time_delta_sensor_async.py
[2026-04-21T04:18:27.970+0000] {logging_mixin.py:188} INFO - [2026-04-21T04:18:27.969+0000] {dag.py:3036} INFO - Sync 1 DAGs
[2026-04-21T04:18:27.984+0000] {logging_mixin.py:188} INFO - [2026-04-21T04:18:27.983+0000] {dag.py:3823} INFO - Setting next_dagrun for example_time_delta_sensor_async to None, run_after=None
[2026-04-21T04:18:28.002+0000] {processor.py:183} INFO - Processing /home/airflow/.local/lib/python3.8/site-packages/airflow/example_dags/example_time_delta_sensor_async.py took 0.071 seconds
[2026-04-21T04:18:58.134+0000] {processor.py:161} INFO - Started process (PID=3730770) to work on /home/airflow/.local/lib/python3.8/site-packages/airflow/example_dags/example_time_delta_sensor_async.py
[2026-04-21T04:18:58.135+0000] {processor.py:830} INFO - Processing file /home/airflow/.local/lib/python3.8/site-packages/airflow/example_dags/example_time_delta_sensor_async.py for tasks to queue
[2026-04-21T04:18:58.138+0000] {logging_mixin.py:188} INFO - [2026-04-21T04:18:58.137+0000] {dagbag.py:538} INFO - Filling up the DagBag from /home/airflow/.local/lib/python3.8/site-packages/airflow/example_dags/example_time_delta_sensor_async.py
[2026-04-21T04:18:58.144+0000] {processor.py:840} INFO - DAG(s) 'example_time_delta_sensor_async' retrieved from /home/airflow/.local/lib/python3.8/site-packages/airflow/example_dags/example_time_delta_sensor_async.py
[2026-04-21T04:18:58.169+0000] {logging_mixin.py:188} INFO - [2026-04-21T04:18:58.169+0000] {dag.py:3036} INFO - Sync 1 DAGs
[2026-04-21T04:18:58.183+0000] {logging_mixin.py:188} INFO - [2026-04-21T04:18:58.183+0000] {dag.py:3823} INFO - Setting next_dagrun for example_time_delta_sensor_async to None, run_after=None
[2026-04-21T04:18:58.202+0000] {processor.py:183} INFO - Processing /home/airflow/.local/lib/python3.8/site-packages/airflow/example_dags/example_time_delta_sensor_async.py took 0.074 seconds
[2026-04-21T04:19:28.309+0000] {processor.py:161} INFO - Started process (PID=3730827) to work on /home/airflow/.local/lib/python3.8/site-packages/airflow/example_dags/example_time_delta_sensor_async.py
[2026-04-21T04:19:28.311+0000] {processor.py:830} INFO - Processing file /home/airflow/.local/lib/python3.8/site-packages/airflow/example_dags/example_time_delta_sensor_async.py for tasks to queue
[2026-04-21T04:19:28.313+0000] {logging_mixin.py:188} INFO - [2026-04-21T04:19:28.313+0000] {dagbag.py:538} INFO - Filling up the DagBag from /home/airflow/.local/lib/python3.8/site-packages/airflow/example_dags/example_time_delta_sensor_async.py
[2026-04-21T04:19:28.319+0000] {processor.py:840} INFO - DAG(s) 'example_time_delta_sensor_async' retrieved from /home/airflow/.local/lib/python3.8/site-packages/airflow/example_dags/example_time_delta_sensor_async.py
[2026-04-21T04:19:28.345+0000] {logging_mixin.py:188} INFO - [2026-04-21T04:19:28.345+0000] {dag.py:3036} INFO - Sync 1 DAGs
[2026-04-21T04:19:28.359+0000] {logging_mixin.py:188} INFO - [2026-04-21T04:19:28.359+0000] {dag.py:3823} INFO - Setting next_dagrun for example_time_delta_sensor_async to None, run_after=None
[2026-04-21T04:19:28.378+0000] {processor.py:183} INFO - Processing /home/airflow/.local/lib/python3.8/site-packages/airflow/example_dags/example_time_delta_sensor_async.py took 0.073 seconds
[2026-04-21T04:19:58.597+0000] {processor.py:161} INFO - Started process (PID=3730884) to work on /home/airflow/.local/lib/python3.8/site-packages/airflow/example_dags/example_time_delta_sensor_async.py
[2026-04-21T04:19:58.599+0000] {processor.py:830} INFO - Processing file /home/airflow/.local/lib/python3.8/site-packages/airflow/example_dags/example_time_delta_sensor_async.py for tasks to queue
[2026-04-21T04:19:58.601+0000] {logging_mixin.py:188} INFO - [2026-04-21T04:19:58.601+0000] {dagbag.py:538} INFO - Filling up the DagBag from /home/airflow/.local/lib/python3.8/site-packages/airflow/example_dags/example_time_delta_sensor_async.py
[2026-04-21T04:19:58.608+0000] {processor.py:840} INFO - DAG(s) 'example_time_delta_sensor_async' retrieved from /home/airflow/.local/lib/python3.8/site-packages/airflow/example_dags/example_time_delta_sensor_async.py
[2026-04-21T04:19:58.633+0000] {logging_mixin.py:188} INFO - [2026-04-21T04:19:58.633+0000] {dag.py:3036} INFO - Sync 1 DAGs
[2026-04-21T04:19:58.647+0000] {logging_mixin.py:188} INFO - [2026-04-21T04:19:58.647+0000] {dag.py:3823} INFO - Setting next_dagrun for example_time_delta_sensor_async to None, run_after=None
[2026-04-21T04:19:58.666+0000] {processor.py:183} INFO - Processing /home/airflow/.local/lib/python3.8/site-packages/airflow/example_dags/example_time_delta_sensor_async.py took 0.074 seconds
[2026-04-21T04:20:28.751+0000] {processor.py:161} INFO - Started process (PID=3730941) to work on /home/airflow/.local/lib/python3.8/site-packages/airflow/example_dags/example_time_delta_sensor_async.py
[2026-04-21T04:20:28.753+0000] {processor.py:830} INFO - Processing file /home/airflow/.local/lib/python3.8/site-packages/airflow/example_dags/example_time_delta_sensor_async.py for tasks to queue
[2026-04-21T04:20:28.755+0000] {logging_mixin.py:188} INFO - [2026-04-21T04:20:28.755+0000] {dagbag.py:538} INFO - Filling up the DagBag from /home/airflow/.local/lib/python3.8/site-packages/airflow/example_dags/example_time_delta_sensor_async.py
[2026-04-21T04:20:28.761+0000] {processor.py:840} INFO - DAG(s) 'example_time_delta_sensor_async' retrieved from /home/airflow/.local/lib/python3.8/site-packages/airflow/example_dags/example_time_delta_sensor_async.py
[2026-04-21T04:20:28.787+0000] {logging_mixin.py:188} INFO - [2026-04-21T04:20:28.787+0000] {dag.py:3036} INFO - Sync 1 DAGs
[2026-04-21T04:20:28.802+0000] {logging_mixin.py:188} INFO - [2026-04-21T04:20:28.801+0000] {dag.py:3823} INFO - Setting next_dagrun for example_time_delta_sensor_async to None, run_after=None
[2026-04-21T04:20:28.821+0000] {processor.py:183} INFO - Processing /home/airflow/.local/lib/python3.8/site-packages/airflow/example_dags/example_time_delta_sensor_async.py took 0.075 seconds
[2026-04-21T04:20:58.971+0000] {processor.py:161} INFO - Started process (PID=3730998) to work on /home/airflow/.local/lib/python3.8/site-packages/airflow/example_dags/example_time_delta_sensor_async.py
[2026-04-21T04:20:58.972+0000] {processor.py:830} INFO - Processing file /home/airflow/.local/lib/python3.8/site-packages/airflow/example_dags/example_time_delta_sensor_async.py for tasks to queue
[2026-04-21T04:20:58.975+0000] {logging_mixin.py:188} INFO - [2026-04-21T04:20:58.974+0000] {dagbag.py:538} INFO - Filling up the DagBag from /home/airflow/.local/lib/python3.8/site-packages/airflow/example_dags/example_time_delta_sensor_async.py
[2026-04-21T04:20:58.981+0000] {processor.py:840} INFO - DAG(s) 'example_time_delta_sensor_async' retrieved from /home/airflow/.local/lib/python3.8/site-packages/airflow/example_dags/example_time_delta_sensor_async.py
[2026-04-21T04:20:59.008+0000] {logging_mixin.py:188} INFO - [2026-04-21T04:20:59.008+0000] {dag.py:3036} INFO - Sync 1 DAGs
[2026-04-21T04:20:59.022+0000] {logging_mixin.py:188} INFO - [2026-04-21T04:20:59.022+0000] {dag.py:3823} INFO - Setting next_dagrun for example_time_delta_sensor_async to None, run_after=None
[2026-04-21T04:20:59.041+0000] {processor.py:183} INFO - Processing /home/airflow/.local/lib/python3.8/site-packages/airflow/example_dags/example_time_delta_sensor_async.py took 0.076 seconds
[2026-04-21T04:21:29.349+0000] {processor.py:161} INFO - Started process (PID=3731055) to work on /home/airflow/.local/lib/python3.8/site-packages/airflow/example_dags/example_time_delta_sensor_async.py
[2026-04-21T04:21:29.351+0000] {processor.py:830} INFO - Processing file /home/airflow/.local/lib/python3.8/site-packages/airflow/example_dags/example_time_delta_sensor_async.py for tasks to queue
[2026-04-21T04:21:29.353+0000] {logging_mixin.py:188} INFO - [2026-04-21T04:21:29.353+0000] {dagbag.py:538} INFO - Filling up the DagBag from /home/airflow/.local/lib/python3.8/site-packages/airflow/example_dags/example_time_delta_sensor_async.py
[2026-04-21T04:21:29.360+0000] {processor.py:840} INFO - DAG(s) 'example_time_delta_sensor_async' retrieved from /home/airflow/.local/lib/python3.8/site-packages/airflow/example_dags/example_time_delta_sensor_async.py
[2026-04-21T04:21:29.396+0000] {logging_mixin.py:188} INFO - [2026-04-21T04:21:29.396+0000] {dag.py:3036} INFO - Sync 1 DAGs
[2026-04-21T04:21:29.411+0000] {logging_mixin.py:188} INFO - [2026-04-21T04:21:29.411+0000] {dag.py:3823} INFO - Setting next_dagrun for example_time_delta_sensor_async to None, run_after=None
[2026-04-21T04:21:29.431+0000] {processor.py:183} INFO - Processing /home/airflow/.local/lib/python3.8/site-packages/airflow/example_dags/example_time_delta_sensor_async.py took 0.087 seconds
[2026-04-21T04:21:59.597+0000] {processor.py:161} INFO - Started process (PID=3731112) to work on /home/airflow/.local/lib/python3.8/site-packages/airflow/example_dags/example_time_delta_sensor_async.py
[2026-04-21T04:21:59.600+0000] {processor.py:830} INFO - Processing file /home/airflow/.local/lib/python3.8/site-packages/airflow/example_dags/example_time_delta_sensor_async.py for tasks to queue
[2026-04-21T04:21:59.602+0000] {logging_mixin.py:188} INFO - [2026-04-21T04:21:59.602+0000] {dagbag.py:538} INFO - Filling up the DagBag from /home/airflow/.local/lib/python3.8/site-packages/airflow/example_dags/example_time_delta_sensor_async.py
[2026-04-21T04:21:59.608+0000] {processor.py:840} INFO - DAG(s) 'example_time_delta_sensor_async' retrieved from /home/airflow/.local/lib/python3.8/site-packages/airflow/example_dags/example_time_delta_sensor_async.py
[2026-04-21T04:21:59.635+0000] {logging_mixin.py:188} INFO - [2026-04-21T04:21:59.635+0000] {dag.py:3036} INFO - Sync 1 DAGs
[2026-04-21T04:21:59.650+0000] {logging_mixin.py:188} INFO - [2026-04-21T04:21:59.650+0000] {dag.py:3823} INFO - Setting next_dagrun for example_time_delta_sensor_async to None, run_after=None
[2026-04-21T04:21:59.669+0000] {processor.py:183} INFO - Processing /home/airflow/.local/lib/python3.8/site-packages/airflow/example_dags/example_time_delta_sensor_async.py took 0.077 seconds
[2026-04-21T04:22:30.018+0000] {processor.py:161} INFO - Started process (PID=3731169) to work on /home/airflow/.local/lib/python3.8/site-packages/airflow/example_dags/example_time_delta_sensor_async.py
[2026-04-21T04:22:30.020+0000] {processor.py:830} INFO - Processing file /home/airflow/.local/lib/python3.8/site-packages/airflow/example_dags/example_time_delta_sensor_async.py for tasks to queue
[2026-04-21T04:22:30.022+0000] {logging_mixin.py:188} INFO - [2026-04-21T04:22:30.022+0000] {dagbag.py:538} INFO - Filling up the DagBag from /home/airflow/.local/lib/python3.8/site-packages/airflow/example_dags/example_time_delta_sensor_async.py
[2026-04-21T04:22:30.028+0000] {processor.py:840} INFO - DAG(s) 'example_time_delta_sensor_async' retrieved from /home/airflow/.local/lib/python3.8/site-packages/airflow/example_dags/example_time_delta_sensor_async.py
[2026-04-21T04:22:30.054+0000] {logging_mixin.py:188} INFO - [2026-04-21T04:22:30.053+0000] {dag.py:3036} INFO - Sync 1 DAGs
[2026-04-21T04:22:30.068+0000] {logging_mixin.py:188} INFO - [2026-04-21T04:22:30.068+0000] {dag.py:3823} INFO - Setting next_dagrun for example_time_delta_sensor_async to None, run_after=None
[2026-04-21T04:22:30.087+0000] {processor.py:183} INFO - Processing /home/airflow/.local/lib/python3.8/site-packages/airflow/example_dags/example_time_delta_sensor_async.py took 0.074 seconds
[2026-04-21T04:23:00.281+0000] {processor.py:161} INFO - Started process (PID=3731226) to work on /home/airflow/.local/lib/python3.8/site-packages/airflow/example_dags/example_time_delta_sensor_async.py
[2026-04-21T04:23:00.283+0000] {processor.py:830} INFO - Processing file /home/airflow/.local/lib/python3.8/site-packages/airflow/example_dags/example_time_delta_sensor_async.py for tasks to queue
[2026-04-21T04:23:00.285+0000] {logging_mixin.py:188} INFO - [2026-04-21T04:23:00.285+0000] {dagbag.py:538} INFO - Filling up the DagBag from /home/airflow/.local/lib/python3.8/site-packages/airflow/example_dags/example_time_delta_sensor_async.py
[2026-04-21T04:23:00.291+0000] {processor.py:840} INFO - DAG(s) 'example_time_delta_sensor_async' retrieved from /home/airflow/.local/lib/python3.8/site-packages/airflow/example_dags/example_time_delta_sensor_async.py
[2026-04-21T04:23:00.316+0000] {logging_mixin.py:188} INFO - [2026-04-21T04:23:00.316+0000] {dag.py:3036} INFO - Sync 1 DAGs
[2026-04-21T04:23:00.331+0000] {logging_mixin.py:188} INFO - [2026-04-21T04:23:00.331+0000] {dag.py:3823} INFO - Setting next_dagrun for example_time_delta_sensor_async to None, run_after=None
[2026-04-21T04:23:00.351+0000] {processor.py:183} INFO - Processing /home/airflow/.local/lib/python3.8/site-packages/airflow/example_dags/example_time_delta_sensor_async.py took 0.075 seconds
[2026-04-21T04:23:31.000+0000] {processor.py:161} INFO - Started process (PID=3731283) to work on /home/airflow/.local/lib/python3.8/site-packages/airflow/example_dags/example_time_delta_sensor_async.py
[2026-04-21T04:23:31.002+0000] {processor.py:830} INFO - Processing file /home/airflow/.local/lib/python3.8/site-packages/airflow/example_dags/example_time_delta_sensor_async.py for tasks to queue
[2026-04-21T04:23:31.004+0000] {logging_mixin.py:188} INFO - [2026-04-21T04:23:31.004+0000] {dagbag.py:538} INFO - Filling up the DagBag from /home/airflow/.local/lib/python3.8/site-packages/airflow/example_dags/example_time_delta_sensor_async.py
[2026-04-21T04:23:31.010+0000] {processor.py:840} INFO - DAG(s) 'example_time_delta_sensor_async' retrieved from /home/airflow/.local/lib/python3.8/site-packages/airflow/example_dags/example_time_delta_sensor_async.py
[2026-04-21T04:23:31.036+0000] {logging_mixin.py:188} INFO - [2026-04-21T04:23:31.035+0000] {dag.py:3036} INFO - Sync 1 DAGs
[2026-04-21T04:23:31.051+0000] {logging_mixin.py:188} INFO - [2026-04-21T04:23:31.051+0000] {dag.py:3823} INFO - Setting next_dagrun for example_time_delta_sensor_async to None, run_after=None
[2026-04-21T04:23:31.070+0000] {processor.py:183} INFO - Processing /home/airflow/.local/lib/python3.8/site-packages/airflow/example_dags/example_time_delta_sensor_async.py took 0.076 seconds
[2026-04-21T04:24:01.315+0000] {processor.py:161} INFO - Started process (PID=3731341) to work on /home/airflow/.local/lib/python3.8/site-packages/airflow/example_dags/example_time_delta_sensor_async.py
[2026-04-21T04:24:01.317+0000] {processor.py:830} INFO - Processing file /home/airflow/.local/lib/python3.8/site-packages/airflow/example_dags/example_time_delta_sensor_async.py for tasks to queue
[2026-04-21T04:24:01.320+0000] {logging_mixin.py:188} INFO - [2026-04-21T04:24:01.320+0000] {dagbag.py:538} INFO - Filling up the DagBag from /home/airflow/.local/lib/python3.8/site-packages/airflow/example_dags/example_time_delta_sensor_async.py
[2026-04-21T04:24:01.326+0000] {processor.py:840} INFO - DAG(s) 'example_time_delta_sensor_async' retrieved from /home/airflow/.local/lib/python3.8/site-packages/airflow/example_dags/example_time_delta_sensor_async.py
[2026-04-21T04:24:01.353+0000] {logging_mixin.py:188} INFO - [2026-04-21T04:24:01.352+0000] {dag.py:3036} INFO - Sync 1 DAGs
[2026-04-21T04:24:01.367+0000] {logging_mixin.py:188} INFO - [2026-04-21T04:24:01.367+0000] {dag.py:3823} INFO - Setting next_dagrun for example_time_delta_sensor_async to None, run_after=None
[2026-04-21T04:24:01.386+0000] {processor.py:183} INFO - Processing /home/airflow/.local/lib/python3.8/site-packages/airflow/example_dags/example_time_delta_sensor_async.py took 0.076 seconds
[2026-04-21T04:24:31.595+0000] {processor.py:161} INFO - Started process (PID=3731398) to work on /home/airflow/.local/lib/python3.8/site-packages/airflow/example_dags/example_time_delta_sensor_async.py
[2026-04-21T04:24:31.597+0000] {processor.py:830} INFO - Processing file /home/airflow/.local/lib/python3.8/site-packages/airflow/example_dags/example_time_delta_sensor_async.py for tasks to queue
[2026-04-21T04:24:31.600+0000] {logging_mixin.py:188} INFO - [2026-04-21T04:24:31.599+0000] {dagbag.py:538} INFO - Filling up the DagBag from /home/airflow/.local/lib/python3.8/site-packages/airflow/example_dags/example_time_delta_sensor_async.py
[2026-04-21T04:24:31.606+0000] {processor.py:840} INFO - DAG(s) 'example_time_delta_sensor_async' retrieved from /home/airflow/.local/lib/python3.8/site-packages/airflow/example_dags/example_time_delta_sensor_async.py
[2026-04-21T04:24:31.631+0000] {logging_mixin.py:188} INFO - [2026-04-21T04:24:31.631+0000] {dag.py:3036} INFO - Sync 1 DAGs
[2026-04-21T04:24:31.645+0000] {logging_mixin.py:188} INFO - [2026-04-21T04:24:31.645+0000] {dag.py:3823} INFO - Setting next_dagrun for example_time_delta_sensor_async to None, run_after=None
[2026-04-21T04:24:31.665+0000] {processor.py:183} INFO - Processing /home/airflow/.local/lib/python3.8/site-packages/airflow/example_dags/example_time_delta_sensor_async.py took 0.075 seconds
[2026-04-21T04:25:01.913+0000] {processor.py:161} INFO - Started process (PID=3731455) to work on /home/airflow/.local/lib/python3.8/site-packages/airflow/example_dags/example_time_delta_sensor_async.py
[2026-04-21T04:25:01.915+0000] {processor.py:830} INFO - Processing file /home/airflow/.local/lib/python3.8/site-packages/airflow/example_dags/example_time_delta_sensor_async.py for tasks to queue
[2026-04-21T04:25:01.918+0000] {logging_mixin.py:188} INFO - [2026-04-21T04:25:01.917+0000] {dagbag.py:538} INFO - Filling up the DagBag from /home/airflow/.local/lib/python3.8/site-packages/airflow/example_dags/example_time_delta_sensor_async.py
[2026-04-21T04:25:01.924+0000] {processor.py:840} INFO - DAG(s) 'example_time_delta_sensor_async' retrieved from /home/airflow/.local/lib/python3.8/site-packages/airflow/example_dags/example_time_delta_sensor_async.py
[2026-04-21T04:25:01.953+0000] {logging_mixin.py:188} INFO - [2026-04-21T04:25:01.953+0000] {dag.py:3036} INFO - Sync 1 DAGs
[2026-04-21T04:25:01.968+0000] {logging_mixin.py:188} INFO - [2026-04-21T04:25:01.968+0000] {dag.py:3823} INFO - Setting next_dagrun for example_time_delta_sensor_async to None, run_after=None
[2026-04-21T04:25:01.988+0000] {processor.py:183} INFO - Processing /home/airflow/.local/lib/python3.8/site-packages/airflow/example_dags/example_time_delta_sensor_async.py took 0.081 seconds
[2026-04-21T04:25:32.346+0000] {processor.py:161} INFO - Started process (PID=3731512) to work on /home/airflow/.local/lib/python3.8/site-packages/airflow/example_dags/example_time_delta_sensor_async.py
[2026-04-21T04:25:32.348+0000] {processor.py:830} INFO - Processing file /home/airflow/.local/lib/python3.8/site-packages/airflow/example_dags/example_time_delta_sensor_async.py for tasks to queue
[2026-04-21T04:25:32.350+0000] {logging_mixin.py:188} INFO - [2026-04-21T04:25:32.350+0000] {dagbag.py:538} INFO - Filling up the DagBag from /home/airflow/.local/lib/python3.8/site-packages/airflow/example_dags/example_time_delta_sensor_async.py
[2026-04-21T04:25:32.356+0000] {processor.py:840} INFO - DAG(s) 'example_time_delta_sensor_async' retrieved from /home/airflow/.local/lib/python3.8/site-packages/airflow/example_dags/example_time_delta_sensor_async.py
[2026-04-21T04:25:32.382+0000] {logging_mixin.py:188} INFO - [2026-04-21T04:25:32.382+0000] {dag.py:3036} INFO - Sync 1 DAGs
[2026-04-21T04:25:32.396+0000] {logging_mixin.py:188} INFO - [2026-04-21T04:25:32.396+0000] {dag.py:3823} INFO - Setting next_dagrun for example_time_delta_sensor_async to None, run_after=None
[2026-04-21T04:25:32.415+0000] {processor.py:183} INFO - Processing /home/airflow/.local/lib/python3.8/site-packages/airflow/example_dags/example_time_delta_sensor_async.py took 0.074 seconds
[2026-04-21T04:26:02.623+0000] {processor.py:161} INFO - Started process (PID=3731569) to work on /home/airflow/.local/lib/python3.8/site-packages/airflow/example_dags/example_time_delta_sensor_async.py
[2026-04-21T04:26:02.625+0000] {processor.py:830} INFO - Processing file /home/airflow/.local/lib/python3.8/site-packages/airflow/example_dags/example_time_delta_sensor_async.py for tasks to queue
[2026-04-21T04:26:02.628+0000] {logging_mixin.py:188} INFO - [2026-04-21T04:26:02.627+0000] {dagbag.py:538} INFO - Filling up the DagBag from /home/airflow/.local/lib/python3.8/site-packages/airflow/example_dags/example_time_delta_sensor_async.py
[2026-04-21T04:26:02.634+0000] {processor.py:840} INFO - DAG(s) 'example_time_delta_sensor_async' retrieved from /home/airflow/.local/lib/python3.8/site-packages/airflow/example_dags/example_time_delta_sensor_async.py
[2026-04-21T04:26:02.663+0000] {logging_mixin.py:188} INFO - [2026-04-21T04:26:02.663+0000] {dag.py:3036} INFO - Sync 1 DAGs
[2026-04-21T04:26:02.686+0000] {logging_mixin.py:188} INFO - [2026-04-21T04:26:02.685+0000] {dag.py:3823} INFO - Setting next_dagrun for example_time_delta_sensor_async to None, run_after=None
[2026-04-21T04:26:02.713+0000] {processor.py:183} INFO - Processing /home/airflow/.local/lib/python3.8/site-packages/airflow/example_dags/example_time_delta_sensor_async.py took 0.095 seconds
[2026-04-21T04:26:33.072+0000] {processor.py:161} INFO - Started process (PID=3731626) to work on /home/airflow/.local/lib/python3.8/site-packages/airflow/example_dags/example_time_delta_sensor_async.py
[2026-04-21T04:26:33.074+0000] {processor.py:830} INFO - Processing file /home/airflow/.local/lib/python3.8/site-packages/airflow/example_dags/example_time_delta_sensor_async.py for tasks to queue
[2026-04-21T04:26:33.076+0000] {logging_mixin.py:188} INFO - [2026-04-21T04:26:33.076+0000] {dagbag.py:538} INFO - Filling up the DagBag from /home/airflow/.local/lib/python3.8/site-packages/airflow/example_dags/example_time_delta_sensor_async.py
[2026-04-21T04:26:33.082+0000] {processor.py:840} INFO - DAG(s) 'example_time_delta_sensor_async' retrieved from /home/airflow/.local/lib/python3.8/site-packages/airflow/example_dags/example_time_delta_sensor_async.py
[2026-04-21T04:26:33.108+0000] {logging_mixin.py:188} INFO - [2026-04-21T04:26:33.107+0000] {dag.py:3036} INFO - Sync 1 DAGs
[2026-04-21T04:26:33.123+0000] {logging_mixin.py:188} INFO - [2026-04-21T04:26:33.123+0000] {dag.py:3823} INFO - Setting next_dagrun for example_time_delta_sensor_async to None, run_after=None
[2026-04-21T04:26:33.145+0000] {processor.py:183} INFO - Processing /home/airflow/.local/lib/python3.8/site-packages/airflow/example_dags/example_time_delta_sensor_async.py took 0.079 seconds
[2026-04-21T04:27:03.805+0000] {processor.py:161} INFO - Started process (PID=3731683) to work on /home/airflow/.local/lib/python3.8/site-packages/airflow/example_dags/example_time_delta_sensor_async.py
[2026-04-21T04:27:03.807+0000] {processor.py:830} INFO - Processing file /home/airflow/.local/lib/python3.8/site-packages/airflow/example_dags/example_time_delta_sensor_async.py for tasks to queue
[2026-04-21T04:27:03.810+0000] {logging_mixin.py:188} INFO - [2026-04-21T04:27:03.810+0000] {dagbag.py:538} INFO - Filling up the DagBag from /home/airflow/.local/lib/python3.8/site-packages/airflow/example_dags/example_time_delta_sensor_async.py
[2026-04-21T04:27:03.818+0000] {processor.py:840} INFO - DAG(s) 'example_time_delta_sensor_async' retrieved from /home/airflow/.local/lib/python3.8/site-packages/airflow/example_dags/example_time_delta_sensor_async.py
[2026-04-21T04:27:03.853+0000] {logging_mixin.py:188} INFO - [2026-04-21T04:27:03.853+0000] {dag.py:3036} INFO - Sync 1 DAGs
[2026-04-21T04:27:03.875+0000] {logging_mixin.py:188} INFO - [2026-04-21T04:27:03.875+0000] {dag.py:3823} INFO - Setting next_dagrun for example_time_delta_sensor_async to None, run_after=None
[2026-04-21T04:27:03.902+0000] {processor.py:183} INFO - Processing /home/airflow/.local/lib/python3.8/site-packages/airflow/example_dags/example_time_delta_sensor_async.py took 0.101 seconds
[2026-04-21T04:27:34.552+0000] {processor.py:161} INFO - Started process (PID=3731740) to work on /home/airflow/.local/lib/python3.8/site-packages/airflow/example_dags/example_time_delta_sensor_async.py
[2026-04-21T04:27:34.554+0000] {processor.py:830} INFO - Processing file /home/airflow/.local/lib/python3.8/site-packages/airflow/example_dags/example_time_delta_sensor_async.py for tasks to queue
[2026-04-21T04:27:34.556+0000] {logging_mixin.py:188} INFO - [2026-04-21T04:27:34.556+0000] {dagbag.py:538} INFO - Filling up the DagBag from /home/airflow/.local/lib/python3.8/site-packages/airflow/example_dags/example_time_delta_sensor_async.py
[2026-04-21T04:27:34.562+0000] {processor.py:840} INFO - DAG(s) 'example_time_delta_sensor_async' retrieved from /home/airflow/.local/lib/python3.8/site-packages/airflow/example_dags/example_time_delta_sensor_async.py
[2026-04-21T04:27:34.588+0000] {logging_mixin.py:188} INFO - [2026-04-21T04:27:34.587+0000] {dag.py:3036} INFO - Sync 1 DAGs
[2026-04-21T04:27:34.602+0000] {logging_mixin.py:188} INFO - [2026-04-21T04:27:34.602+0000] {dag.py:3823} INFO - Setting next_dagrun for example_time_delta_sensor_async to None, run_after=None
[2026-04-21T04:27:34.621+0000] {processor.py:183} INFO - Processing /home/airflow/.local/lib/python3.8/site-packages/airflow/example_dags/example_time_delta_sensor_async.py took 0.075 seconds
[2026-04-21T04:28:05.539+0000] {processor.py:161} INFO - Started process (PID=3731797) to work on /home/airflow/.local/lib/python3.8/site-packages/airflow/example_dags/example_time_delta_sensor_async.py
[2026-04-21T04:28:05.541+0000] {processor.py:830} INFO - Processing file /home/airflow/.local/lib/python3.8/site-packages/airflow/example_dags/example_time_delta_sensor_async.py for tasks to queue
[2026-04-21T04:28:05.543+0000] {logging_mixin.py:188} INFO - [2026-04-21T04:28:05.543+0000] {dagbag.py:538} INFO - Filling up the DagBag from /home/airflow/.local/lib/python3.8/site-packages/airflow/example_dags/example_time_delta_sensor_async.py
[2026-04-21T04:28:05.550+0000] {processor.py:840} INFO - DAG(s) 'example_time_delta_sensor_async' retrieved from /home/airflow/.local/lib/python3.8/site-packages/airflow/example_dags/example_time_delta_sensor_async.py
[2026-04-21T04:28:05.781+0000] {logging_mixin.py:188} INFO - [2026-04-21T04:28:05.780+0000] {dag.py:3036} INFO - Sync 1 DAGs
[2026-04-21T04:28:05.793+0000] {logging_mixin.py:188} INFO - [2026-04-21T04:28:05.793+0000] {dag.py:3823} INFO - Setting next_dagrun for example_time_delta_sensor_async to None, run_after=None
[2026-04-21T04:28:05.811+0000] {processor.py:183} INFO - Processing /home/airflow/.local/lib/python3.8/site-packages/airflow/example_dags/example_time_delta_sensor_async.py took 0.277 seconds
[2026-04-21T04:28:36.051+0000] {processor.py:161} INFO - Started process (PID=3731854) to work on /home/airflow/.local/lib/python3.8/site-packages/airflow/example_dags/example_time_delta_sensor_async.py
[2026-04-21T04:28:36.053+0000] {processor.py:830} INFO - Processing file /home/airflow/.local/lib/python3.8/site-packages/airflow/example_dags/example_time_delta_sensor_async.py for tasks to queue
[2026-04-21T04:28:36.056+0000] {logging_mixin.py:188} INFO - [2026-04-21T04:28:36.055+0000] {dagbag.py:538} INFO - Filling up the DagBag from /home/airflow/.local/lib/python3.8/site-packages/airflow/example_dags/example_time_delta_sensor_async.py
[2026-04-21T04:28:36.062+0000] {processor.py:840} INFO - DAG(s) 'example_time_delta_sensor_async' retrieved from /home/airflow/.local/lib/python3.8/site-packages/airflow/example_dags/example_time_delta_sensor_async.py
[2026-04-21T04:28:36.088+0000] {logging_mixin.py:188} INFO - [2026-04-21T04:28:36.087+0000] {dag.py:3036} INFO - Sync 1 DAGs
[2026-04-21T04:28:36.307+0000] {logging_mixin.py:188} INFO - [2026-04-21T04:28:36.307+0000] {dag.py:3823} INFO - Setting next_dagrun for example_time_delta_sensor_async to None, run_after=None
[2026-04-21T04:28:36.325+0000] {processor.py:183} INFO - Processing /home/airflow/.local/lib/python3.8/site-packages/airflow/example_dags/example_time_delta_sensor_async.py took 0.279 seconds
[2026-04-21T04:29:06.833+0000] {processor.py:161} INFO - Started process (PID=3731911) to work on /home/airflow/.local/lib/python3.8/site-packages/airflow/example_dags/example_time_delta_sensor_async.py
[2026-04-21T04:29:06.836+0000] {processor.py:830} INFO - Processing file /home/airflow/.local/lib/python3.8/site-packages/airflow/example_dags/example_time_delta_sensor_async.py for tasks to queue
[2026-04-21T04:29:06.839+0000] {logging_mixin.py:188} INFO - [2026-04-21T04:29:06.838+0000] {dagbag.py:538} INFO - Filling up the DagBag from /home/airflow/.local/lib/python3.8/site-packages/airflow/example_dags/example_time_delta_sensor_async.py
[2026-04-21T04:29:06.847+0000] {processor.py:840} INFO - DAG(s) 'example_time_delta_sensor_async' retrieved from /home/airflow/.local/lib/python3.8/site-packages/airflow/example_dags/example_time_delta_sensor_async.py
[2026-04-21T04:29:06.882+0000] {logging_mixin.py:188} INFO - [2026-04-21T04:29:06.882+0000] {dag.py:3036} INFO - Sync 1 DAGs
[2026-04-21T04:29:06.899+0000] {logging_mixin.py:188} INFO - [2026-04-21T04:29:06.898+0000] {dag.py:3823} INFO - Setting next_dagrun for example_time_delta_sensor_async to None, run_after=None
[2026-04-21T04:29:06.919+0000] {processor.py:183} INFO - Processing /home/airflow/.local/lib/python3.8/site-packages/airflow/example_dags/example_time_delta_sensor_async.py took 0.092 seconds
[2026-04-21T04:29:37.109+0000] {processor.py:161} INFO - Started process (PID=3731968) to work on /home/airflow/.local/lib/python3.8/site-packages/airflow/example_dags/example_time_delta_sensor_async.py
[2026-04-21T04:29:37.111+0000] {processor.py:830} INFO - Processing file /home/airflow/.local/lib/python3.8/site-packages/airflow/example_dags/example_time_delta_sensor_async.py for tasks to queue
[2026-04-21T04:29:37.113+0000] {logging_mixin.py:188} INFO - [2026-04-21T04:29:37.113+0000] {dagbag.py:538} INFO - Filling up the DagBag from /home/airflow/.local/lib/python3.8/site-packages/airflow/example_dags/example_time_delta_sensor_async.py
[2026-04-21T04:29:37.119+0000] {processor.py:840} INFO - DAG(s) 'example_time_delta_sensor_async' retrieved from /home/airflow/.local/lib/python3.8/site-packages/airflow/example_dags/example_time_delta_sensor_async.py
[2026-04-21T04:29:37.145+0000] {logging_mixin.py:188} INFO - [2026-04-21T04:29:37.144+0000] {dag.py:3036} INFO - Sync 1 DAGs
[2026-04-21T04:29:37.159+0000] {logging_mixin.py:188} INFO - [2026-04-21T04:29:37.159+0000] {dag.py:3823} INFO - Setting next_dagrun for example_time_delta_sensor_async to None, run_after=None
[2026-04-21T04:29:37.179+0000] {processor.py:183} INFO - Processing /home/airflow/.local/lib/python3.8/site-packages/airflow/example_dags/example_time_delta_sensor_async.py took 0.075 seconds
[2026-04-21T04:30:07.296+0000] {processor.py:161} INFO - Started process (PID=3732025) to work on /home/airflow/.local/lib/python3.8/site-packages/airflow/example_dags/example_time_delta_sensor_async.py
[2026-04-21T04:30:07.298+0000] {processor.py:830} INFO - Processing file /home/airflow/.local/lib/python3.8/site-packages/airflow/example_dags/example_time_delta_sensor_async.py for tasks to queue
[2026-04-21T04:30:07.301+0000] {logging_mixin.py:188} INFO - [2026-04-21T04:30:07.300+0000] {dagbag.py:538} INFO - Filling up the DagBag from /home/airflow/.local/lib/python3.8/site-packages/airflow/example_dags/example_time_delta_sensor_async.py
[2026-04-21T04:30:07.307+0000] {processor.py:840} INFO - DAG(s) 'example_time_delta_sensor_async' retrieved from /home/airflow/.local/lib/python3.8/site-packages/airflow/example_dags/example_time_delta_sensor_async.py
[2026-04-21T04:30:07.332+0000] {logging_mixin.py:188} INFO - [2026-04-21T04:30:07.332+0000] {dag.py:3036} INFO - Sync 1 DAGs
[2026-04-21T04:30:07.346+0000] {logging_mixin.py:188} INFO - [2026-04-21T04:30:07.346+0000] {dag.py:3823} INFO - Setting next_dagrun for example_time_delta_sensor_async to None, run_after=None
[2026-04-21T04:30:07.366+0000] {processor.py:183} INFO - Processing /home/airflow/.local/lib/python3.8/site-packages/airflow/example_dags/example_time_delta_sensor_async.py took 0.074 seconds
[2026-04-21T04:30:37.427+0000] {processor.py:161} INFO - Started process (PID=3732082) to work on /home/airflow/.local/lib/python3.8/site-packages/airflow/example_dags/example_time_delta_sensor_async.py
[2026-04-21T04:30:37.429+0000] {processor.py:830} INFO - Processing file /home/airflow/.local/lib/python3.8/site-packages/airflow/example_dags/example_time_delta_sensor_async.py for tasks to queue
[2026-04-21T04:30:37.432+0000] {logging_mixin.py:188} INFO - [2026-04-21T04:30:37.431+0000] {dagbag.py:538} INFO - Filling up the DagBag from /home/airflow/.local/lib/python3.8/site-packages/airflow/example_dags/example_time_delta_sensor_async.py
[2026-04-21T04:30:37.438+0000] {processor.py:840} INFO - DAG(s) 'example_time_delta_sensor_async' retrieved from /home/airflow/.local/lib/python3.8/site-packages/airflow/example_dags/example_time_delta_sensor_async.py
[2026-04-21T04:30:37.464+0000] {logging_mixin.py:188} INFO - [2026-04-21T04:30:37.464+0000] {dag.py:3036} INFO - Sync 1 DAGs
[2026-04-21T04:30:37.478+0000] {logging_mixin.py:188} INFO - [2026-04-21T04:30:37.478+0000] {dag.py:3823} INFO - Setting next_dagrun for example_time_delta_sensor_async to None, run_after=None
[2026-04-21T04:30:37.497+0000] {processor.py:183} INFO - Processing /home/airflow/.local/lib/python3.8/site-packages/airflow/example_dags/example_time_delta_sensor_async.py took 0.075 seconds
[2026-04-21T04:31:07.728+0000] {processor.py:161} INFO - Started process (PID=3732139) to work on /home/airflow/.local/lib/python3.8/site-packages/airflow/example_dags/example_time_delta_sensor_async.py
[2026-04-21T04:31:07.730+0000] {processor.py:830} INFO - Processing file /home/airflow/.local/lib/python3.8/site-packages/airflow/example_dags/example_time_delta_sensor_async.py for tasks to queue
[2026-04-21T04:31:07.733+0000] {logging_mixin.py:188} INFO - [2026-04-21T04:31:07.732+0000] {dagbag.py:538} INFO - Filling up the DagBag from /home/airflow/.local/lib/python3.8/site-packages/airflow/example_dags/example_time_delta_sensor_async.py
[2026-04-21T04:31:07.739+0000] {processor.py:840} INFO - DAG(s) 'example_time_delta_sensor_async' retrieved from /home/airflow/.local/lib/python3.8/site-packages/airflow/example_dags/example_time_delta_sensor_async.py
[2026-04-21T04:31:07.764+0000] {logging_mixin.py:188} INFO - [2026-04-21T04:31:07.764+0000] {dag.py:3036} INFO - Sync 1 DAGs
[2026-04-21T04:31:07.778+0000] {logging_mixin.py:188} INFO - [2026-04-21T04:31:07.778+0000] {dag.py:3823} INFO - Setting next_dagrun for example_time_delta_sensor_async to None, run_after=None
[2026-04-21T04:31:07.796+0000] {processor.py:183} INFO - Processing /home/airflow/.local/lib/python3.8/site-packages/airflow/example_dags/example_time_delta_sensor_async.py took 0.073 seconds
[2026-04-21T04:31:38.154+0000] {processor.py:161} INFO - Started process (PID=3732196) to work on /home/airflow/.local/lib/python3.8/site-packages/airflow/example_dags/example_time_delta_sensor_async.py
[2026-04-21T04:31:38.156+0000] {processor.py:830} INFO - Processing file /home/airflow/.local/lib/python3.8/site-packages/airflow/example_dags/example_time_delta_sensor_async.py for tasks to queue
[2026-04-21T04:31:38.158+0000] {logging_mixin.py:188} INFO - [2026-04-21T04:31:38.158+0000] {dagbag.py:538} INFO - Filling up the DagBag from /home/airflow/.local/lib/python3.8/site-packages/airflow/example_dags/example_time_delta_sensor_async.py
[2026-04-21T04:31:38.164+0000] {processor.py:840} INFO - DAG(s) 'example_time_delta_sensor_async' retrieved from /home/airflow/.local/lib/python3.8/site-packages/airflow/example_dags/example_time_delta_sensor_async.py
[2026-04-21T04:31:38.190+0000] {logging_mixin.py:188} INFO - [2026-04-21T04:31:38.189+0000] {dag.py:3036} INFO - Sync 1 DAGs
[2026-04-21T04:31:38.204+0000] {logging_mixin.py:188} INFO - [2026-04-21T04:31:38.203+0000] {dag.py:3823} INFO - Setting next_dagrun for example_time_delta_sensor_async to None, run_after=None
[2026-04-21T04:31:38.223+0000] {processor.py:183} INFO - Processing /home/airflow/.local/lib/python3.8/site-packages/airflow/example_dags/example_time_delta_sensor_async.py took 0.074 seconds
[2026-04-21T04:32:08.898+0000] {processor.py:161} INFO - Started process (PID=3732253) to work on /home/airflow/.local/lib/python3.8/site-packages/airflow/example_dags/example_time_delta_sensor_async.py
[2026-04-21T04:32:08.900+0000] {processor.py:830} INFO - Processing file /home/airflow/.local/lib/python3.8/site-packages/airflow/example_dags/example_time_delta_sensor_async.py for tasks to queue
[2026-04-21T04:32:08.902+0000] {logging_mixin.py:188} INFO - [2026-04-21T04:32:08.902+0000] {dagbag.py:538} INFO - Filling up the DagBag from /home/airflow/.local/lib/python3.8/site-packages/airflow/example_dags/example_time_delta_sensor_async.py
[2026-04-21T04:32:08.908+0000] {processor.py:840} INFO - DAG(s) 'example_time_delta_sensor_async' retrieved from /home/airflow/.local/lib/python3.8/site-packages/airflow/example_dags/example_time_delta_sensor_async.py
[2026-04-21T04:32:08.935+0000] {logging_mixin.py:188} INFO - [2026-04-21T04:32:08.935+0000] {dag.py:3036} INFO - Sync 1 DAGs
[2026-04-21T04:32:08.949+0000] {logging_mixin.py:188} INFO - [2026-04-21T04:32:08.949+0000] {dag.py:3823} INFO - Setting next_dagrun for example_time_delta_sensor_async to None, run_after=None
[2026-04-21T04:32:08.970+0000] {processor.py:183} INFO - Processing /home/airflow/.local/lib/python3.8/site-packages/airflow/example_dags/example_time_delta_sensor_async.py took 0.077 seconds
[2026-04-21T04:32:39.613+0000] {processor.py:161} INFO - Started process (PID=3732310) to work on /home/airflow/.local/lib/python3.8/site-packages/airflow/example_dags/example_time_delta_sensor_async.py
[2026-04-21T04:32:39.615+0000] {processor.py:830} INFO - Processing file /home/airflow/.local/lib/python3.8/site-packages/airflow/example_dags/example_time_delta_sensor_async.py for tasks to queue
[2026-04-21T04:32:39.618+0000] {logging_mixin.py:188} INFO - [2026-04-21T04:32:39.617+0000] {dagbag.py:538} INFO - Filling up the DagBag from /home/airflow/.local/lib/python3.8/site-packages/airflow/example_dags/example_time_delta_sensor_async.py
[2026-04-21T04:32:39.624+0000] {processor.py:840} INFO - DAG(s) 'example_time_delta_sensor_async' retrieved from /home/airflow/.local/lib/python3.8/site-packages/airflow/example_dags/example_time_delta_sensor_async.py
[2026-04-21T04:32:39.651+0000] {logging_mixin.py:188} INFO - [2026-04-21T04:32:39.651+0000] {dag.py:3036} INFO - Sync 1 DAGs
[2026-04-21T04:32:39.666+0000] {logging_mixin.py:188} INFO - [2026-04-21T04:32:39.666+0000] {dag.py:3823} INFO - Setting next_dagrun for example_time_delta_sensor_async to None, run_after=None
[2026-04-21T04:32:39.687+0000] {processor.py:183} INFO - Processing /home/airflow/.local/lib/python3.8/site-packages/airflow/example_dags/example_time_delta_sensor_async.py took 0.078 seconds
[2026-04-21T04:33:09.726+0000] {processor.py:161} INFO - Started process (PID=3732367) to work on /home/airflow/.local/lib/python3.8/site-packages/airflow/example_dags/example_time_delta_sensor_async.py
[2026-04-21T04:33:09.728+0000] {processor.py:830} INFO - Processing file /home/airflow/.local/lib/python3.8/site-packages/airflow/example_dags/example_time_delta_sensor_async.py for tasks to queue
[2026-04-21T04:33:09.731+0000] {logging_mixin.py:188} INFO - [2026-04-21T04:33:09.730+0000] {dagbag.py:538} INFO - Filling up the DagBag from /home/airflow/.local/lib/python3.8/site-packages/airflow/example_dags/example_time_delta_sensor_async.py
[2026-04-21T04:33:09.737+0000] {processor.py:840} INFO - DAG(s) 'example_time_delta_sensor_async' retrieved from /home/airflow/.local/lib/python3.8/site-packages/airflow/example_dags/example_time_delta_sensor_async.py
[2026-04-21T04:33:09.765+0000] {logging_mixin.py:188} INFO - [2026-04-21T04:33:09.765+0000] {dag.py:3036} INFO - Sync 1 DAGs
[2026-04-21T04:33:09.779+0000] {logging_mixin.py:188} INFO - [2026-04-21T04:33:09.779+0000] {dag.py:3823} INFO - Setting next_dagrun for example_time_delta_sensor_async to None, run_after=None
[2026-04-21T04:33:09.799+0000] {processor.py:183} INFO - Processing /home/airflow/.local/lib/python3.8/site-packages/airflow/example_dags/example_time_delta_sensor_async.py took 0.077 seconds
[2026-04-21T04:33:40.020+0000] {processor.py:161} INFO - Started process (PID=3732424) to work on /home/airflow/.local/lib/python3.8/site-packages/airflow/example_dags/example_time_delta_sensor_async.py
[2026-04-21T04:33:40.022+0000] {processor.py:830} INFO - Processing file /home/airflow/.local/lib/python3.8/site-packages/airflow/example_dags/example_time_delta_sensor_async.py for tasks to queue
[2026-04-21T04:33:40.024+0000] {logging_mixin.py:188} INFO - [2026-04-21T04:33:40.024+0000] {dagbag.py:538} INFO - Filling up the DagBag from /home/airflow/.local/lib/python3.8/site-packages/airflow/example_dags/example_time_delta_sensor_async.py
[2026-04-21T04:33:40.031+0000] {processor.py:840} INFO - DAG(s) 'example_time_delta_sensor_async' retrieved from /home/airflow/.local/lib/python3.8/site-packages/airflow/example_dags/example_time_delta_sensor_async.py
[2026-04-21T04:33:40.057+0000] {logging_mixin.py:188} INFO - [2026-04-21T04:33:40.056+0000] {dag.py:3036} INFO - Sync 1 DAGs
[2026-04-21T04:33:40.071+0000] {logging_mixin.py:188} INFO - [2026-04-21T04:33:40.071+0000] {dag.py:3823} INFO - Setting next_dagrun for example_time_delta_sensor_async to None, run_after=None
[2026-04-21T04:33:40.091+0000] {processor.py:183} INFO - Processing /home/airflow/.local/lib/python3.8/site-packages/airflow/example_dags/example_time_delta_sensor_async.py took 0.076 seconds
[2026-04-21T04:34:10.932+0000] {processor.py:161} INFO - Started process (PID=3732479) to work on /home/airflow/.local/lib/python3.8/site-packages/airflow/example_dags/example_time_delta_sensor_async.py
[2026-04-21T04:34:10.934+0000] {processor.py:830} INFO - Processing file /home/airflow/.local/lib/python3.8/site-packages/airflow/example_dags/example_time_delta_sensor_async.py for tasks to queue
[2026-04-21T04:34:10.936+0000] {logging_mixin.py:188} INFO - [2026-04-21T04:34:10.936+0000] {dagbag.py:538} INFO - Filling up the DagBag from /home/airflow/.local/lib/python3.8/site-packages/airflow/example_dags/example_time_delta_sensor_async.py
[2026-04-21T04:34:10.942+0000] {processor.py:840} INFO - DAG(s) 'example_time_delta_sensor_async' retrieved from /home/airflow/.local/lib/python3.8/site-packages/airflow/example_dags/example_time_delta_sensor_async.py
[2026-04-21T04:34:10.968+0000] {logging_mixin.py:188} INFO - [2026-04-21T04:34:10.968+0000] {dag.py:3036} INFO - Sync 1 DAGs
[2026-04-21T04:34:10.982+0000] {logging_mixin.py:188} INFO - [2026-04-21T04:34:10.981+0000] {dag.py:3823} INFO - Setting next_dagrun for example_time_delta_sensor_async to None, run_after=None
[2026-04-21T04:34:11.001+0000] {processor.py:183} INFO - Processing /home/airflow/.local/lib/python3.8/site-packages/airflow/example_dags/example_time_delta_sensor_async.py took 0.074 seconds
[2026-04-21T04:34:41.367+0000] {processor.py:161} INFO - Started process (PID=3732536) to work on /home/airflow/.local/lib/python3.8/site-packages/airflow/example_dags/example_time_delta_sensor_async.py
[2026-04-21T04:34:41.369+0000] {processor.py:830} INFO - Processing file /home/airflow/.local/lib/python3.8/site-packages/airflow/example_dags/example_time_delta_sensor_async.py for tasks to queue
[2026-04-21T04:34:41.371+0000] {logging_mixin.py:188} INFO - [2026-04-21T04:34:41.371+0000] {dagbag.py:538} INFO - Filling up the DagBag from /home/airflow/.local/lib/python3.8/site-packages/airflow/example_dags/example_time_delta_sensor_async.py
[2026-04-21T04:34:41.377+0000] {processor.py:840} INFO - DAG(s) 'example_time_delta_sensor_async' retrieved from /home/airflow/.local/lib/python3.8/site-packages/airflow/example_dags/example_time_delta_sensor_async.py
[2026-04-21T04:34:41.404+0000] {logging_mixin.py:188} INFO - [2026-04-21T04:34:41.403+0000] {dag.py:3036} INFO - Sync 1 DAGs
[2026-04-21T04:34:41.418+0000] {logging_mixin.py:188} INFO - [2026-04-21T04:34:41.418+0000] {dag.py:3823} INFO - Setting next_dagrun for example_time_delta_sensor_async to None, run_after=None
[2026-04-21T04:34:41.438+0000] {processor.py:183} INFO - Processing /home/airflow/.local/lib/python3.8/site-packages/airflow/example_dags/example_time_delta_sensor_async.py took 0.076 seconds
[2026-04-21T04:35:11.603+0000] {processor.py:161} INFO - Started process (PID=3732593) to work on /home/airflow/.local/lib/python3.8/site-packages/airflow/example_dags/example_time_delta_sensor_async.py
[2026-04-21T04:35:11.605+0000] {processor.py:830} INFO - Processing file /home/airflow/.local/lib/python3.8/site-packages/airflow/example_dags/example_time_delta_sensor_async.py for tasks to queue
[2026-04-21T04:35:11.607+0000] {logging_mixin.py:188} INFO - [2026-04-21T04:35:11.607+0000] {dagbag.py:538} INFO - Filling up the DagBag from /home/airflow/.local/lib/python3.8/site-packages/airflow/example_dags/example_time_delta_sensor_async.py
[2026-04-21T04:35:11.614+0000] {processor.py:840} INFO - DAG(s) 'example_time_delta_sensor_async' retrieved from /home/airflow/.local/lib/python3.8/site-packages/airflow/example_dags/example_time_delta_sensor_async.py
[2026-04-21T04:35:11.639+0000] {logging_mixin.py:188} INFO - [2026-04-21T04:35:11.639+0000] {dag.py:3036} INFO - Sync 1 DAGs
[2026-04-21T04:35:11.653+0000] {logging_mixin.py:188} INFO - [2026-04-21T04:35:11.653+0000] {dag.py:3823} INFO - Setting next_dagrun for example_time_delta_sensor_async to None, run_after=None
[2026-04-21T04:35:11.672+0000] {processor.py:183} INFO - Processing /home/airflow/.local/lib/python3.8/site-packages/airflow/example_dags/example_time_delta_sensor_async.py took 0.074 seconds
[2026-04-21T04:35:41.948+0000] {processor.py:161} INFO - Started process (PID=3732650) to work on /home/airflow/.local/lib/python3.8/site-packages/airflow/example_dags/example_time_delta_sensor_async.py
[2026-04-21T04:35:41.951+0000] {processor.py:830} INFO - Processing file /home/airflow/.local/lib/python3.8/site-packages/airflow/example_dags/example_time_delta_sensor_async.py for tasks to queue
[2026-04-21T04:35:41.953+0000] {logging_mixin.py:188} INFO - [2026-04-21T04:35:41.953+0000] {dagbag.py:538} INFO - Filling up the DagBag from /home/airflow/.local/lib/python3.8/site-packages/airflow/example_dags/example_time_delta_sensor_async.py
[2026-04-21T04:35:41.959+0000] {processor.py:840} INFO - DAG(s) 'example_time_delta_sensor_async' retrieved from /home/airflow/.local/lib/python3.8/site-packages/airflow/example_dags/example_time_delta_sensor_async.py
[2026-04-21T04:35:41.985+0000] {logging_mixin.py:188} INFO - [2026-04-21T04:35:41.984+0000] {dag.py:3036} INFO - Sync 1 DAGs
[2026-04-21T04:35:41.999+0000] {logging_mixin.py:188} INFO - [2026-04-21T04:35:41.999+0000] {dag.py:3823} INFO - Setting next_dagrun for example_time_delta_sensor_async to None, run_after=None
[2026-04-21T04:35:42.018+0000] {processor.py:183} INFO - Processing /home/airflow/.local/lib/python3.8/site-packages/airflow/example_dags/example_time_delta_sensor_async.py took 0.075 seconds
[2026-04-21T04:36:12.803+0000] {processor.py:161} INFO - Started process (PID=3732706) to work on /home/airflow/.local/lib/python3.8/site-packages/airflow/example_dags/example_time_delta_sensor_async.py
[2026-04-21T04:36:12.806+0000] {processor.py:830} INFO - Processing file /home/airflow/.local/lib/python3.8/site-packages/airflow/example_dags/example_time_delta_sensor_async.py for tasks to queue
[2026-04-21T04:36:12.809+0000] {logging_mixin.py:188} INFO - [2026-04-21T04:36:12.809+0000] {dagbag.py:538} INFO - Filling up the DagBag from /home/airflow/.local/lib/python3.8/site-packages/airflow/example_dags/example_time_delta_sensor_async.py
[2026-04-21T04:36:12.816+0000] {processor.py:840} INFO - DAG(s) 'example_time_delta_sensor_async' retrieved from /home/airflow/.local/lib/python3.8/site-packages/airflow/example_dags/example_time_delta_sensor_async.py
[2026-04-21T04:36:12.847+0000] {logging_mixin.py:188} INFO - [2026-04-21T04:36:12.846+0000] {dag.py:3036} INFO - Sync 1 DAGs
[2026-04-21T04:36:12.863+0000] {logging_mixin.py:188} INFO - [2026-04-21T04:36:12.862+0000] {dag.py:3823} INFO - Setting next_dagrun for example_time_delta_sensor_async to None, run_after=None
[2026-04-21T04:36:12.884+0000] {processor.py:183} INFO - Processing /home/airflow/.local/lib/python3.8/site-packages/airflow/example_dags/example_time_delta_sensor_async.py took 0.086 seconds
[2026-04-21T04:36:42.942+0000] {processor.py:161} INFO - Started process (PID=3732762) to work on /home/airflow/.local/lib/python3.8/site-packages/airflow/example_dags/example_time_delta_sensor_async.py
[2026-04-21T04:36:42.944+0000] {processor.py:830} INFO - Processing file /home/airflow/.local/lib/python3.8/site-packages/airflow/example_dags/example_time_delta_sensor_async.py for tasks to queue
[2026-04-21T04:36:42.946+0000] {logging_mixin.py:188} INFO - [2026-04-21T04:36:42.946+0000] {dagbag.py:538} INFO - Filling up the DagBag from /home/airflow/.local/lib/python3.8/site-packages/airflow/example_dags/example_time_delta_sensor_async.py
[2026-04-21T04:36:42.953+0000] {processor.py:840} INFO - DAG(s) 'example_time_delta_sensor_async' retrieved from /home/airflow/.local/lib/python3.8/site-packages/airflow/example_dags/example_time_delta_sensor_async.py
[2026-04-21T04:36:42.978+0000] {logging_mixin.py:188} INFO - [2026-04-21T04:36:42.978+0000] {dag.py:3036} INFO - Sync 1 DAGs
[2026-04-21T04:36:42.993+0000] {logging_mixin.py:188} INFO - [2026-04-21T04:36:42.993+0000] {dag.py:3823} INFO - Setting next_dagrun for example_time_delta_sensor_async to None, run_after=None
[2026-04-21T04:36:43.012+0000] {processor.py:183} INFO - Processing /home/airflow/.local/lib/python3.8/site-packages/airflow/example_dags/example_time_delta_sensor_async.py took 0.075 seconds
[2026-04-21T04:37:13.686+0000] {processor.py:161} INFO - Started process (PID=3732819) to work on /home/airflow/.local/lib/python3.8/site-packages/airflow/example_dags/example_time_delta_sensor_async.py
[2026-04-21T04:37:13.689+0000] {processor.py:830} INFO - Processing file /home/airflow/.local/lib/python3.8/site-packages/airflow/example_dags/example_time_delta_sensor_async.py for tasks to queue
[2026-04-21T04:37:13.692+0000] {logging_mixin.py:188} INFO - [2026-04-21T04:37:13.691+0000] {dagbag.py:538} INFO - Filling up the DagBag from /home/airflow/.local/lib/python3.8/site-packages/airflow/example_dags/example_time_delta_sensor_async.py
[2026-04-21T04:37:13.698+0000] {processor.py:840} INFO - DAG(s) 'example_time_delta_sensor_async' retrieved from /home/airflow/.local/lib/python3.8/site-packages/airflow/example_dags/example_time_delta_sensor_async.py
[2026-04-21T04:37:13.728+0000] {logging_mixin.py:188} INFO - [2026-04-21T04:37:13.727+0000] {dag.py:3036} INFO - Sync 1 DAGs
[2026-04-21T04:37:13.746+0000] {logging_mixin.py:188} INFO - [2026-04-21T04:37:13.746+0000] {dag.py:3823} INFO - Setting next_dagrun for example_time_delta_sensor_async to None, run_after=None
[2026-04-21T04:37:13.770+0000] {processor.py:183} INFO - Processing /home/airflow/.local/lib/python3.8/site-packages/airflow/example_dags/example_time_delta_sensor_async.py took 0.089 seconds
[2026-04-21T04:37:44.545+0000] {processor.py:161} INFO - Started process (PID=3732876) to work on /home/airflow/.local/lib/python3.8/site-packages/airflow/example_dags/example_time_delta_sensor_async.py
[2026-04-21T04:37:44.548+0000] {processor.py:830} INFO - Processing file /home/airflow/.local/lib/python3.8/site-packages/airflow/example_dags/example_time_delta_sensor_async.py for tasks to queue
[2026-04-21T04:37:44.550+0000] {logging_mixin.py:188} INFO - [2026-04-21T04:37:44.550+0000] {dagbag.py:538} INFO - Filling up the DagBag from /home/airflow/.local/lib/python3.8/site-packages/airflow/example_dags/example_time_delta_sensor_async.py
[2026-04-21T04:37:44.556+0000] {processor.py:840} INFO - DAG(s) 'example_time_delta_sensor_async' retrieved from /home/airflow/.local/lib/python3.8/site-packages/airflow/example_dags/example_time_delta_sensor_async.py
[2026-04-21T04:37:44.584+0000] {logging_mixin.py:188} INFO - [2026-04-21T04:37:44.584+0000] {dag.py:3036} INFO - Sync 1 DAGs
[2026-04-21T04:37:44.599+0000] {logging_mixin.py:188} INFO - [2026-04-21T04:37:44.599+0000] {dag.py:3823} INFO - Setting next_dagrun for example_time_delta_sensor_async to None, run_after=None
[2026-04-21T04:37:44.620+0000] {processor.py:183} INFO - Processing /home/airflow/.local/lib/python3.8/site-packages/airflow/example_dags/example_time_delta_sensor_async.py took 0.080 seconds
[2026-04-21T04:38:14.795+0000] {processor.py:161} INFO - Started process (PID=3732933) to work on /home/airflow/.local/lib/python3.8/site-packages/airflow/example_dags/example_time_delta_sensor_async.py
[2026-04-21T04:38:14.797+0000] {processor.py:830} INFO - Processing file /home/airflow/.local/lib/python3.8/site-packages/airflow/example_dags/example_time_delta_sensor_async.py for tasks to queue
[2026-04-21T04:38:14.800+0000] {logging_mixin.py:188} INFO - [2026-04-21T04:38:14.799+0000] {dagbag.py:538} INFO - Filling up the DagBag from /home/airflow/.local/lib/python3.8/site-packages/airflow/example_dags/example_time_delta_sensor_async.py
[2026-04-21T04:38:14.806+0000] {processor.py:840} INFO - DAG(s) 'example_time_delta_sensor_async' retrieved from /home/airflow/.local/lib/python3.8/site-packages/airflow/example_dags/example_time_delta_sensor_async.py
[2026-04-21T04:38:14.837+0000] {logging_mixin.py:188} INFO - [2026-04-21T04:38:14.837+0000] {dag.py:3036} INFO - Sync 1 DAGs
[2026-04-21T04:38:14.855+0000] {logging_mixin.py:188} INFO - [2026-04-21T04:38:14.855+0000] {dag.py:3823} INFO - Setting next_dagrun for example_time_delta_sensor_async to None, run_after=None
[2026-04-21T04:38:14.877+0000] {processor.py:183} INFO - Processing /home/airflow/.local/lib/python3.8/site-packages/airflow/example_dags/example_time_delta_sensor_async.py took 0.088 seconds
[2026-04-21T04:38:45.632+0000] {processor.py:161} INFO - Started process (PID=3732990) to work on /home/airflow/.local/lib/python3.8/site-packages/airflow/example_dags/example_time_delta_sensor_async.py
[2026-04-21T04:38:45.635+0000] {processor.py:830} INFO - Processing file /home/airflow/.local/lib/python3.8/site-packages/airflow/example_dags/example_time_delta_sensor_async.py for tasks to queue
[2026-04-21T04:38:45.637+0000] {logging_mixin.py:188} INFO - [2026-04-21T04:38:45.637+0000] {dagbag.py:538} INFO - Filling up the DagBag from /home/airflow/.local/lib/python3.8/site-packages/airflow/example_dags/example_time_delta_sensor_async.py
[2026-04-21T04:38:45.643+0000] {processor.py:840} INFO - DAG(s) 'example_time_delta_sensor_async' retrieved from /home/airflow/.local/lib/python3.8/site-packages/airflow/example_dags/example_time_delta_sensor_async.py
[2026-04-21T04:38:45.670+0000] {logging_mixin.py:188} INFO - [2026-04-21T04:38:45.669+0000] {dag.py:3036} INFO - Sync 1 DAGs
[2026-04-21T04:38:45.684+0000] {logging_mixin.py:188} INFO - [2026-04-21T04:38:45.684+0000] {dag.py:3823} INFO - Setting next_dagrun for example_time_delta_sensor_async to None, run_after=None
[2026-04-21T04:38:45.704+0000] {processor.py:183} INFO - Processing /home/airflow/.local/lib/python3.8/site-packages/airflow/example_dags/example_time_delta_sensor_async.py took 0.076 seconds
[2026-04-21T04:39:15.852+0000] {processor.py:161} INFO - Started process (PID=3733047) to work on /home/airflow/.local/lib/python3.8/site-packages/airflow/example_dags/example_time_delta_sensor_async.py
[2026-04-21T04:39:15.854+0000] {processor.py:830} INFO - Processing file /home/airflow/.local/lib/python3.8/site-packages/airflow/example_dags/example_time_delta_sensor_async.py for tasks to queue
[2026-04-21T04:39:15.856+0000] {logging_mixin.py:188} INFO - [2026-04-21T04:39:15.856+0000] {dagbag.py:538} INFO - Filling up the DagBag from /home/airflow/.local/lib/python3.8/site-packages/airflow/example_dags/example_time_delta_sensor_async.py
[2026-04-21T04:39:15.862+0000] {processor.py:840} INFO - DAG(s) 'example_time_delta_sensor_async' retrieved from /home/airflow/.local/lib/python3.8/site-packages/airflow/example_dags/example_time_delta_sensor_async.py
[2026-04-21T04:39:15.889+0000] {logging_mixin.py:188} INFO - [2026-04-21T04:39:15.889+0000] {dag.py:3036} INFO - Sync 1 DAGs
[2026-04-21T04:39:15.904+0000] {logging_mixin.py:188} INFO - [2026-04-21T04:39:15.903+0000] {dag.py:3823} INFO - Setting next_dagrun for example_time_delta_sensor_async to None, run_after=None
[2026-04-21T04:39:15.923+0000] {processor.py:183} INFO - Processing /home/airflow/.local/lib/python3.8/site-packages/airflow/example_dags/example_time_delta_sensor_async.py took 0.076 seconds
[2026-04-21T04:39:46.133+0000] {processor.py:161} INFO - Started process (PID=3733104) to work on /home/airflow/.local/lib/python3.8/site-packages/airflow/example_dags/example_time_delta_sensor_async.py
[2026-04-21T04:39:46.135+0000] {processor.py:830} INFO - Processing file /home/airflow/.local/lib/python3.8/site-packages/airflow/example_dags/example_time_delta_sensor_async.py for tasks to queue
[2026-04-21T04:39:46.138+0000] {logging_mixin.py:188} INFO - [2026-04-21T04:39:46.138+0000] {dagbag.py:538} INFO - Filling up the DagBag from /home/airflow/.local/lib/python3.8/site-packages/airflow/example_dags/example_time_delta_sensor_async.py
[2026-04-21T04:39:46.145+0000] {processor.py:840} INFO - DAG(s) 'example_time_delta_sensor_async' retrieved from /home/airflow/.local/lib/python3.8/site-packages/airflow/example_dags/example_time_delta_sensor_async.py
[2026-04-21T04:39:46.171+0000] {logging_mixin.py:188} INFO - [2026-04-21T04:39:46.171+0000] {dag.py:3036} INFO - Sync 1 DAGs
[2026-04-21T04:39:46.186+0000] {logging_mixin.py:188} INFO - [2026-04-21T04:39:46.186+0000] {dag.py:3823} INFO - Setting next_dagrun for example_time_delta_sensor_async to None, run_after=None
[2026-04-21T04:39:46.213+0000] {processor.py:183} INFO - Processing /home/airflow/.local/lib/python3.8/site-packages/airflow/example_dags/example_time_delta_sensor_async.py took 0.085 seconds
[2026-04-21T04:40:16.337+0000] {processor.py:161} INFO - Started process (PID=3733161) to work on /home/airflow/.local/lib/python3.8/site-packages/airflow/example_dags/example_time_delta_sensor_async.py
[2026-04-21T04:40:16.339+0000] {processor.py:830} INFO - Processing file /home/airflow/.local/lib/python3.8/site-packages/airflow/example_dags/example_time_delta_sensor_async.py for tasks to queue
[2026-04-21T04:40:16.342+0000] {logging_mixin.py:188} INFO - [2026-04-21T04:40:16.341+0000] {dagbag.py:538} INFO - Filling up the DagBag from /home/airflow/.local/lib/python3.8/site-packages/airflow/example_dags/example_time_delta_sensor_async.py
[2026-04-21T04:40:16.348+0000] {processor.py:840} INFO - DAG(s) 'example_time_delta_sensor_async' retrieved from /home/airflow/.local/lib/python3.8/site-packages/airflow/example_dags/example_time_delta_sensor_async.py
[2026-04-21T04:40:16.373+0000] {logging_mixin.py:188} INFO - [2026-04-21T04:40:16.373+0000] {dag.py:3036} INFO - Sync 1 DAGs
[2026-04-21T04:40:16.387+0000] {logging_mixin.py:188} INFO - [2026-04-21T04:40:16.387+0000] {dag.py:3823} INFO - Setting next_dagrun for example_time_delta_sensor_async to None, run_after=None
[2026-04-21T04:40:16.406+0000] {processor.py:183} INFO - Processing /home/airflow/.local/lib/python3.8/site-packages/airflow/example_dags/example_time_delta_sensor_async.py took 0.074 seconds
[2026-04-21T04:40:46.773+0000] {processor.py:161} INFO - Started process (PID=3733218) to work on /home/airflow/.local/lib/python3.8/site-packages/airflow/example_dags/example_time_delta_sensor_async.py
[2026-04-21T04:40:46.775+0000] {processor.py:830} INFO - Processing file /home/airflow/.local/lib/python3.8/site-packages/airflow/example_dags/example_time_delta_sensor_async.py for tasks to queue
[2026-04-21T04:40:46.777+0000] {logging_mixin.py:188} INFO - [2026-04-21T04:40:46.777+0000] {dagbag.py:538} INFO - Filling up the DagBag from /home/airflow/.local/lib/python3.8/site-packages/airflow/example_dags/example_time_delta_sensor_async.py
[2026-04-21T04:40:46.783+0000] {processor.py:840} INFO - DAG(s) 'example_time_delta_sensor_async' retrieved from /home/airflow/.local/lib/python3.8/site-packages/airflow/example_dags/example_time_delta_sensor_async.py
[2026-04-21T04:40:46.809+0000] {logging_mixin.py:188} INFO - [2026-04-21T04:40:46.809+0000] {dag.py:3036} INFO - Sync 1 DAGs
[2026-04-21T04:40:46.823+0000] {logging_mixin.py:188} INFO - [2026-04-21T04:40:46.823+0000] {dag.py:3823} INFO - Setting next_dagrun for example_time_delta_sensor_async to None, run_after=None
[2026-04-21T04:40:46.843+0000] {processor.py:183} INFO - Processing /home/airflow/.local/lib/python3.8/site-packages/airflow/example_dags/example_time_delta_sensor_async.py took 0.075 seconds
[2026-04-21T04:41:17.418+0000] {processor.py:161} INFO - Started process (PID=3733275) to work on /home/airflow/.local/lib/python3.8/site-packages/airflow/example_dags/example_time_delta_sensor_async.py
[2026-04-21T04:41:17.420+0000] {processor.py:830} INFO - Processing file /home/airflow/.local/lib/python3.8/site-packages/airflow/example_dags/example_time_delta_sensor_async.py for tasks to queue
[2026-04-21T04:41:17.423+0000] {logging_mixin.py:188} INFO - [2026-04-21T04:41:17.422+0000] {dagbag.py:538} INFO - Filling up the DagBag from /home/airflow/.local/lib/python3.8/site-packages/airflow/example_dags/example_time_delta_sensor_async.py
[2026-04-21T04:41:17.430+0000] {processor.py:840} INFO - DAG(s) 'example_time_delta_sensor_async' retrieved from /home/airflow/.local/lib/python3.8/site-packages/airflow/example_dags/example_time_delta_sensor_async.py
[2026-04-21T04:41:17.461+0000] {logging_mixin.py:188} INFO - [2026-04-21T04:41:17.461+0000] {dag.py:3036} INFO - Sync 1 DAGs
[2026-04-21T04:41:17.476+0000] {logging_mixin.py:188} INFO - [2026-04-21T04:41:17.476+0000] {dag.py:3823} INFO - Setting next_dagrun for example_time_delta_sensor_async to None, run_after=None
[2026-04-21T04:41:17.497+0000] {processor.py:183} INFO - Processing /home/airflow/.local/lib/python3.8/site-packages/airflow/example_dags/example_time_delta_sensor_async.py took 0.084 seconds
[2026-04-21T04:41:48.097+0000] {processor.py:161} INFO - Started process (PID=3733332) to work on /home/airflow/.local/lib/python3.8/site-packages/airflow/example_dags/example_time_delta_sensor_async.py
[2026-04-21T04:41:48.099+0000] {processor.py:830} INFO - Processing file /home/airflow/.local/lib/python3.8/site-packages/airflow/example_dags/example_time_delta_sensor_async.py for tasks to queue
[2026-04-21T04:41:48.103+0000] {logging_mixin.py:188} INFO - [2026-04-21T04:41:48.102+0000] {dagbag.py:538} INFO - Filling up the DagBag from /home/airflow/.local/lib/python3.8/site-packages/airflow/example_dags/example_time_delta_sensor_async.py
[2026-04-21T04:41:48.111+0000] {processor.py:840} INFO - DAG(s) 'example_time_delta_sensor_async' retrieved from /home/airflow/.local/lib/python3.8/site-packages/airflow/example_dags/example_time_delta_sensor_async.py
[2026-04-21T04:41:48.138+0000] {logging_mixin.py:188} INFO - [2026-04-21T04:41:48.138+0000] {dag.py:3036} INFO - Sync 1 DAGs
[2026-04-21T04:41:48.153+0000] {logging_mixin.py:188} INFO - [2026-04-21T04:41:48.152+0000] {dag.py:3823} INFO - Setting next_dagrun for example_time_delta_sensor_async to None, run_after=None
[2026-04-21T04:41:48.173+0000] {processor.py:183} INFO - Processing /home/airflow/.local/lib/python3.8/site-packages/airflow/example_dags/example_time_delta_sensor_async.py took 0.083 seconds
[2026-04-21T04:42:18.888+0000] {processor.py:161} INFO - Started process (PID=3733389) to work on /home/airflow/.local/lib/python3.8/site-packages/airflow/example_dags/example_time_delta_sensor_async.py
[2026-04-21T04:42:18.890+0000] {processor.py:830} INFO - Processing file /home/airflow/.local/lib/python3.8/site-packages/airflow/example_dags/example_time_delta_sensor_async.py for tasks to queue
[2026-04-21T04:42:18.893+0000] {logging_mixin.py:188} INFO - [2026-04-21T04:42:18.892+0000] {dagbag.py:538} INFO - Filling up the DagBag from /home/airflow/.local/lib/python3.8/site-packages/airflow/example_dags/example_time_delta_sensor_async.py
[2026-04-21T04:42:18.899+0000] {processor.py:840} INFO - DAG(s) 'example_time_delta_sensor_async' retrieved from /home/airflow/.local/lib/python3.8/site-packages/airflow/example_dags/example_time_delta_sensor_async.py
[2026-04-21T04:42:18.926+0000] {logging_mixin.py:188} INFO - [2026-04-21T04:42:18.925+0000] {dag.py:3036} INFO - Sync 1 DAGs
[2026-04-21T04:42:18.940+0000] {logging_mixin.py:188} INFO - [2026-04-21T04:42:18.940+0000] {dag.py:3823} INFO - Setting next_dagrun for example_time_delta_sensor_async to None, run_after=None
[2026-04-21T04:42:18.961+0000] {processor.py:183} INFO - Processing /home/airflow/.local/lib/python3.8/site-packages/airflow/example_dags/example_time_delta_sensor_async.py took 0.077 seconds
[2026-04-21T04:42:49.121+0000] {processor.py:161} INFO - Started process (PID=3733446) to work on /home/airflow/.local/lib/python3.8/site-packages/airflow/example_dags/example_time_delta_sensor_async.py
[2026-04-21T04:42:49.123+0000] {processor.py:830} INFO - Processing file /home/airflow/.local/lib/python3.8/site-packages/airflow/example_dags/example_time_delta_sensor_async.py for tasks to queue
[2026-04-21T04:42:49.125+0000] {logging_mixin.py:188} INFO - [2026-04-21T04:42:49.125+0000] {dagbag.py:538} INFO - Filling up the DagBag from /home/airflow/.local/lib/python3.8/site-packages/airflow/example_dags/example_time_delta_sensor_async.py
[2026-04-21T04:42:49.132+0000] {processor.py:840} INFO - DAG(s) 'example_time_delta_sensor_async' retrieved from /home/airflow/.local/lib/python3.8/site-packages/airflow/example_dags/example_time_delta_sensor_async.py
[2026-04-21T04:42:49.157+0000] {logging_mixin.py:188} INFO - [2026-04-21T04:42:49.157+0000] {dag.py:3036} INFO - Sync 1 DAGs
[2026-04-21T04:42:49.171+0000] {logging_mixin.py:188} INFO - [2026-04-21T04:42:49.171+0000] {dag.py:3823} INFO - Setting next_dagrun for example_time_delta_sensor_async to None, run_after=None
[2026-04-21T04:42:49.191+0000] {processor.py:183} INFO - Processing /home/airflow/.local/lib/python3.8/site-packages/airflow/example_dags/example_time_delta_sensor_async.py took 0.074 seconds
[2026-04-21T04:43:19.308+0000] {processor.py:161} INFO - Started process (PID=3733503) to work on /home/airflow/.local/lib/python3.8/site-packages/airflow/example_dags/example_time_delta_sensor_async.py
[2026-04-21T04:43:19.310+0000] {processor.py:830} INFO - Processing file /home/airflow/.local/lib/python3.8/site-packages/airflow/example_dags/example_time_delta_sensor_async.py for tasks to queue
[2026-04-21T04:43:19.313+0000] {logging_mixin.py:188} INFO - [2026-04-21T04:43:19.312+0000] {dagbag.py:538} INFO - Filling up the DagBag from /home/airflow/.local/lib/python3.8/site-packages/airflow/example_dags/example_time_delta_sensor_async.py
[2026-04-21T04:43:19.320+0000] {processor.py:840} INFO - DAG(s) 'example_time_delta_sensor_async' retrieved from /home/airflow/.local/lib/python3.8/site-packages/airflow/example_dags/example_time_delta_sensor_async.py
[2026-04-21T04:43:19.346+0000] {logging_mixin.py:188} INFO - [2026-04-21T04:43:19.346+0000] {dag.py:3036} INFO - Sync 1 DAGs
[2026-04-21T04:43:19.360+0000] {logging_mixin.py:188} INFO - [2026-04-21T04:43:19.360+0000] {dag.py:3823} INFO - Setting next_dagrun for example_time_delta_sensor_async to None, run_after=None
[2026-04-21T04:43:19.378+0000] {processor.py:183} INFO - Processing /home/airflow/.local/lib/python3.8/site-packages/airflow/example_dags/example_time_delta_sensor_async.py took 0.076 seconds
[2026-04-21T04:43:49.655+0000] {processor.py:161} INFO - Started process (PID=3733560) to work on /home/airflow/.local/lib/python3.8/site-packages/airflow/example_dags/example_time_delta_sensor_async.py
[2026-04-21T04:43:49.657+0000] {processor.py:830} INFO - Processing file /home/airflow/.local/lib/python3.8/site-packages/airflow/example_dags/example_time_delta_sensor_async.py for tasks to queue
[2026-04-21T04:43:49.659+0000] {logging_mixin.py:188} INFO - [2026-04-21T04:43:49.659+0000] {dagbag.py:538} INFO - Filling up the DagBag from /home/airflow/.local/lib/python3.8/site-packages/airflow/example_dags/example_time_delta_sensor_async.py
[2026-04-21T04:43:49.666+0000] {processor.py:840} INFO - DAG(s) 'example_time_delta_sensor_async' retrieved from /home/airflow/.local/lib/python3.8/site-packages/airflow/example_dags/example_time_delta_sensor_async.py
[2026-04-21T04:43:49.691+0000] {logging_mixin.py:188} INFO - [2026-04-21T04:43:49.691+0000] {dag.py:3036} INFO - Sync 1 DAGs
[2026-04-21T04:43:49.705+0000] {logging_mixin.py:188} INFO - [2026-04-21T04:43:49.705+0000] {dag.py:3823} INFO - Setting next_dagrun for example_time_delta_sensor_async to None, run_after=None
[2026-04-21T04:43:49.724+0000] {processor.py:183} INFO - Processing /home/airflow/.local/lib/python3.8/site-packages/airflow/example_dags/example_time_delta_sensor_async.py took 0.074 seconds
[2026-04-21T04:44:20.015+0000] {processor.py:161} INFO - Started process (PID=3733617) to work on /home/airflow/.local/lib/python3.8/site-packages/airflow/example_dags/example_time_delta_sensor_async.py
[2026-04-21T04:44:20.017+0000] {processor.py:830} INFO - Processing file /home/airflow/.local/lib/python3.8/site-packages/airflow/example_dags/example_time_delta_sensor_async.py for tasks to queue
[2026-04-21T04:44:20.019+0000] {logging_mixin.py:188} INFO - [2026-04-21T04:44:20.019+0000] {dagbag.py:538} INFO - Filling up the DagBag from /home/airflow/.local/lib/python3.8/site-packages/airflow/example_dags/example_time_delta_sensor_async.py
[2026-04-21T04:44:20.026+0000] {processor.py:840} INFO - DAG(s) 'example_time_delta_sensor_async' retrieved from /home/airflow/.local/lib/python3.8/site-packages/airflow/example_dags/example_time_delta_sensor_async.py
[2026-04-21T04:44:20.053+0000] {logging_mixin.py:188} INFO - [2026-04-21T04:44:20.053+0000] {dag.py:3036} INFO - Sync 1 DAGs
[2026-04-21T04:44:20.067+0000] {logging_mixin.py:188} INFO - [2026-04-21T04:44:20.067+0000] {dag.py:3823} INFO - Setting next_dagrun for example_time_delta_sensor_async to None, run_after=None
[2026-04-21T04:44:20.088+0000] {processor.py:183} INFO - Processing /home/airflow/.local/lib/python3.8/site-packages/airflow/example_dags/example_time_delta_sensor_async.py took 0.078 seconds
[2026-04-21T04:44:50.509+0000] {processor.py:161} INFO - Started process (PID=3733674) to work on /home/airflow/.local/lib/python3.8/site-packages/airflow/example_dags/example_time_delta_sensor_async.py
[2026-04-21T04:44:50.511+0000] {processor.py:830} INFO - Processing file /home/airflow/.local/lib/python3.8/site-packages/airflow/example_dags/example_time_delta_sensor_async.py for tasks to queue
[2026-04-21T04:44:50.514+0000] {logging_mixin.py:188} INFO - [2026-04-21T04:44:50.514+0000] {dagbag.py:538} INFO - Filling up the DagBag from /home/airflow/.local/lib/python3.8/site-packages/airflow/example_dags/example_time_delta_sensor_async.py
[2026-04-21T04:44:50.522+0000] {processor.py:840} INFO - DAG(s) 'example_time_delta_sensor_async' retrieved from /home/airflow/.local/lib/python3.8/site-packages/airflow/example_dags/example_time_delta_sensor_async.py
[2026-04-21T04:44:50.548+0000] {logging_mixin.py:188} INFO - [2026-04-21T04:44:50.548+0000] {dag.py:3036} INFO - Sync 1 DAGs
[2026-04-21T04:44:50.562+0000] {logging_mixin.py:188} INFO - [2026-04-21T04:44:50.562+0000] {dag.py:3823} INFO - Setting next_dagrun for example_time_delta_sensor_async to None, run_after=None
[2026-04-21T04:44:50.581+0000] {processor.py:183} INFO - Processing /home/airflow/.local/lib/python3.8/site-packages/airflow/example_dags/example_time_delta_sensor_async.py took 0.079 seconds
[2026-04-21T04:45:20.975+0000] {processor.py:161} INFO - Started process (PID=3733731) to work on /home/airflow/.local/lib/python3.8/site-packages/airflow/example_dags/example_time_delta_sensor_async.py
[2026-04-21T04:45:20.977+0000] {processor.py:830} INFO - Processing file /home/airflow/.local/lib/python3.8/site-packages/airflow/example_dags/example_time_delta_sensor_async.py for tasks to queue
[2026-04-21T04:45:20.979+0000] {logging_mixin.py:188} INFO - [2026-04-21T04:45:20.979+0000] {dagbag.py:538} INFO - Filling up the DagBag from /home/airflow/.local/lib/python3.8/site-packages/airflow/example_dags/example_time_delta_sensor_async.py
[2026-04-21T04:45:20.985+0000] {processor.py:840} INFO - DAG(s) 'example_time_delta_sensor_async' retrieved from /home/airflow/.local/lib/python3.8/site-packages/airflow/example_dags/example_time_delta_sensor_async.py
[2026-04-21T04:45:21.013+0000] {logging_mixin.py:188} INFO - [2026-04-21T04:45:21.013+0000] {dag.py:3036} INFO - Sync 1 DAGs
[2026-04-21T04:45:21.030+0000] {logging_mixin.py:188} INFO - [2026-04-21T04:45:21.030+0000] {dag.py:3823} INFO - Setting next_dagrun for example_time_delta_sensor_async to None, run_after=None
[2026-04-21T04:45:21.049+0000] {processor.py:183} INFO - Processing /home/airflow/.local/lib/python3.8/site-packages/airflow/example_dags/example_time_delta_sensor_async.py took 0.078 seconds
[2026-04-21T04:45:51.243+0000] {processor.py:161} INFO - Started process (PID=3733788) to work on /home/airflow/.local/lib/python3.8/site-packages/airflow/example_dags/example_time_delta_sensor_async.py
[2026-04-21T04:45:51.245+0000] {processor.py:830} INFO - Processing file /home/airflow/.local/lib/python3.8/site-packages/airflow/example_dags/example_time_delta_sensor_async.py for tasks to queue
[2026-04-21T04:45:51.248+0000] {logging_mixin.py:188} INFO - [2026-04-21T04:45:51.248+0000] {dagbag.py:538} INFO - Filling up the DagBag from /home/airflow/.local/lib/python3.8/site-packages/airflow/example_dags/example_time_delta_sensor_async.py
[2026-04-21T04:45:51.254+0000] {processor.py:840} INFO - DAG(s) 'example_time_delta_sensor_async' retrieved from /home/airflow/.local/lib/python3.8/site-packages/airflow/example_dags/example_time_delta_sensor_async.py
[2026-04-21T04:45:51.280+0000] {logging_mixin.py:188} INFO - [2026-04-21T04:45:51.279+0000] {dag.py:3036} INFO - Sync 1 DAGs
[2026-04-21T04:45:51.294+0000] {logging_mixin.py:188} INFO - [2026-04-21T04:45:51.293+0000] {dag.py:3823} INFO - Setting next_dagrun for example_time_delta_sensor_async to None, run_after=None
[2026-04-21T04:45:51.313+0000] {processor.py:183} INFO - Processing /home/airflow/.local/lib/python3.8/site-packages/airflow/example_dags/example_time_delta_sensor_async.py took 0.074 seconds
[2026-04-21T04:46:21.682+0000] {processor.py:161} INFO - Started process (PID=3733845) to work on /home/airflow/.local/lib/python3.8/site-packages/airflow/example_dags/example_time_delta_sensor_async.py
[2026-04-21T04:46:21.683+0000] {processor.py:830} INFO - Processing file /home/airflow/.local/lib/python3.8/site-packages/airflow/example_dags/example_time_delta_sensor_async.py for tasks to queue
[2026-04-21T04:46:21.686+0000] {logging_mixin.py:188} INFO - [2026-04-21T04:46:21.685+0000] {dagbag.py:538} INFO - Filling up the DagBag from /home/airflow/.local/lib/python3.8/site-packages/airflow/example_dags/example_time_delta_sensor_async.py
[2026-04-21T04:46:21.692+0000] {processor.py:840} INFO - DAG(s) 'example_time_delta_sensor_async' retrieved from /home/airflow/.local/lib/python3.8/site-packages/airflow/example_dags/example_time_delta_sensor_async.py
[2026-04-21T04:46:21.718+0000] {logging_mixin.py:188} INFO - [2026-04-21T04:46:21.717+0000] {dag.py:3036} INFO - Sync 1 DAGs
[2026-04-21T04:46:21.732+0000] {logging_mixin.py:188} INFO - [2026-04-21T04:46:21.732+0000] {dag.py:3823} INFO - Setting next_dagrun for example_time_delta_sensor_async to None, run_after=None
[2026-04-21T04:46:21.751+0000] {processor.py:183} INFO - Processing /home/airflow/.local/lib/python3.8/site-packages/airflow/example_dags/example_time_delta_sensor_async.py took 0.074 seconds
[2026-04-21T04:46:51.877+0000] {processor.py:161} INFO - Started process (PID=3733902) to work on /home/airflow/.local/lib/python3.8/site-packages/airflow/example_dags/example_time_delta_sensor_async.py
[2026-04-21T04:46:51.879+0000] {processor.py:830} INFO - Processing file /home/airflow/.local/lib/python3.8/site-packages/airflow/example_dags/example_time_delta_sensor_async.py for tasks to queue
[2026-04-21T04:46:51.881+0000] {logging_mixin.py:188} INFO - [2026-04-21T04:46:51.881+0000] {dagbag.py:538} INFO - Filling up the DagBag from /home/airflow/.local/lib/python3.8/site-packages/airflow/example_dags/example_time_delta_sensor_async.py
[2026-04-21T04:46:51.887+0000] {processor.py:840} INFO - DAG(s) 'example_time_delta_sensor_async' retrieved from /home/airflow/.local/lib/python3.8/site-packages/airflow/example_dags/example_time_delta_sensor_async.py
[2026-04-21T04:46:51.912+0000] {logging_mixin.py:188} INFO - [2026-04-21T04:46:51.912+0000] {dag.py:3036} INFO - Sync 1 DAGs
[2026-04-21T04:46:51.926+0000] {logging_mixin.py:188} INFO - [2026-04-21T04:46:51.926+0000] {dag.py:3823} INFO - Setting next_dagrun for example_time_delta_sensor_async to None, run_after=None
[2026-04-21T04:46:51.946+0000] {processor.py:183} INFO - Processing /home/airflow/.local/lib/python3.8/site-packages/airflow/example_dags/example_time_delta_sensor_async.py took 0.074 seconds
[2026-04-21T04:47:22.424+0000] {processor.py:161} INFO - Started process (PID=3733960) to work on /home/airflow/.local/lib/python3.8/site-packages/airflow/example_dags/example_time_delta_sensor_async.py
[2026-04-21T04:47:22.426+0000] {processor.py:830} INFO - Processing file /home/airflow/.local/lib/python3.8/site-packages/airflow/example_dags/example_time_delta_sensor_async.py for tasks to queue
[2026-04-21T04:47:22.429+0000] {logging_mixin.py:188} INFO - [2026-04-21T04:47:22.428+0000] {dagbag.py:538} INFO - Filling up the DagBag from /home/airflow/.local/lib/python3.8/site-packages/airflow/example_dags/example_time_delta_sensor_async.py
[2026-04-21T04:47:22.435+0000] {processor.py:840} INFO - DAG(s) 'example_time_delta_sensor_async' retrieved from /home/airflow/.local/lib/python3.8/site-packages/airflow/example_dags/example_time_delta_sensor_async.py
[2026-04-21T04:47:22.461+0000] {logging_mixin.py:188} INFO - [2026-04-21T04:47:22.461+0000] {dag.py:3036} INFO - Sync 1 DAGs
[2026-04-21T04:47:22.475+0000] {logging_mixin.py:188} INFO - [2026-04-21T04:47:22.475+0000] {dag.py:3823} INFO - Setting next_dagrun for example_time_delta_sensor_async to None, run_after=None
[2026-04-21T04:47:22.494+0000] {processor.py:183} INFO - Processing /home/airflow/.local/lib/python3.8/site-packages/airflow/example_dags/example_time_delta_sensor_async.py took 0.075 seconds
[2026-04-21T04:47:52.542+0000] {processor.py:161} INFO - Started process (PID=3734017) to work on /home/airflow/.local/lib/python3.8/site-packages/airflow/example_dags/example_time_delta_sensor_async.py
[2026-04-21T04:47:52.543+0000] {processor.py:830} INFO - Processing file /home/airflow/.local/lib/python3.8/site-packages/airflow/example_dags/example_time_delta_sensor_async.py for tasks to queue
[2026-04-21T04:47:52.546+0000] {logging_mixin.py:188} INFO - [2026-04-21T04:47:52.546+0000] {dagbag.py:538} INFO - Filling up the DagBag from /home/airflow/.local/lib/python3.8/site-packages/airflow/example_dags/example_time_delta_sensor_async.py
[2026-04-21T04:47:52.552+0000] {processor.py:840} INFO - DAG(s) 'example_time_delta_sensor_async' retrieved from /home/airflow/.local/lib/python3.8/site-packages/airflow/example_dags/example_time_delta_sensor_async.py
[2026-04-21T04:47:52.579+0000] {logging_mixin.py:188} INFO - [2026-04-21T04:47:52.579+0000] {dag.py:3036} INFO - Sync 1 DAGs
[2026-04-21T04:47:52.594+0000] {logging_mixin.py:188} INFO - [2026-04-21T04:47:52.594+0000] {dag.py:3823} INFO - Setting next_dagrun for example_time_delta_sensor_async to None, run_after=None
[2026-04-21T04:47:52.613+0000] {processor.py:183} INFO - Processing /home/airflow/.local/lib/python3.8/site-packages/airflow/example_dags/example_time_delta_sensor_async.py took 0.076 seconds
[2026-04-21T04:48:22.761+0000] {processor.py:161} INFO - Started process (PID=3734074) to work on /home/airflow/.local/lib/python3.8/site-packages/airflow/example_dags/example_time_delta_sensor_async.py
[2026-04-21T04:48:22.763+0000] {processor.py:830} INFO - Processing file /home/airflow/.local/lib/python3.8/site-packages/airflow/example_dags/example_time_delta_sensor_async.py for tasks to queue
[2026-04-21T04:48:22.765+0000] {logging_mixin.py:188} INFO - [2026-04-21T04:48:22.765+0000] {dagbag.py:538} INFO - Filling up the DagBag from /home/airflow/.local/lib/python3.8/site-packages/airflow/example_dags/example_time_delta_sensor_async.py
[2026-04-21T04:48:22.771+0000] {processor.py:840} INFO - DAG(s) 'example_time_delta_sensor_async' retrieved from /home/airflow/.local/lib/python3.8/site-packages/airflow/example_dags/example_time_delta_sensor_async.py
[2026-04-21T04:48:22.797+0000] {logging_mixin.py:188} INFO - [2026-04-21T04:48:22.796+0000] {dag.py:3036} INFO - Sync 1 DAGs
[2026-04-21T04:48:22.811+0000] {logging_mixin.py:188} INFO - [2026-04-21T04:48:22.811+0000] {dag.py:3823} INFO - Setting next_dagrun for example_time_delta_sensor_async to None, run_after=None
[2026-04-21T04:48:22.829+0000] {processor.py:183} INFO - Processing /home/airflow/.local/lib/python3.8/site-packages/airflow/example_dags/example_time_delta_sensor_async.py took 0.073 seconds
[2026-04-21T04:48:53.481+0000] {processor.py:161} INFO - Started process (PID=3734131) to work on /home/airflow/.local/lib/python3.8/site-packages/airflow/example_dags/example_time_delta_sensor_async.py
[2026-04-21T04:48:53.483+0000] {processor.py:830} INFO - Processing file /home/airflow/.local/lib/python3.8/site-packages/airflow/example_dags/example_time_delta_sensor_async.py for tasks to queue
[2026-04-21T04:48:53.485+0000] {logging_mixin.py:188} INFO - [2026-04-21T04:48:53.485+0000] {dagbag.py:538} INFO - Filling up the DagBag from /home/airflow/.local/lib/python3.8/site-packages/airflow/example_dags/example_time_delta_sensor_async.py
[2026-04-21T04:48:53.492+0000] {processor.py:840} INFO - DAG(s) 'example_time_delta_sensor_async' retrieved from /home/airflow/.local/lib/python3.8/site-packages/airflow/example_dags/example_time_delta_sensor_async.py
[2026-04-21T04:48:53.520+0000] {logging_mixin.py:188} INFO - [2026-04-21T04:48:53.520+0000] {dag.py:3036} INFO - Sync 1 DAGs
[2026-04-21T04:48:53.536+0000] {logging_mixin.py:188} INFO - [2026-04-21T04:48:53.535+0000] {dag.py:3823} INFO - Setting next_dagrun for example_time_delta_sensor_async to None, run_after=None
[2026-04-21T04:48:53.557+0000] {processor.py:183} INFO - Processing /home/airflow/.local/lib/python3.8/site-packages/airflow/example_dags/example_time_delta_sensor_async.py took 0.081 seconds
[2026-04-21T04:49:23.891+0000] {processor.py:161} INFO - Started process (PID=3734189) to work on /home/airflow/.local/lib/python3.8/site-packages/airflow/example_dags/example_time_delta_sensor_async.py
[2026-04-21T04:49:23.893+0000] {processor.py:830} INFO - Processing file /home/airflow/.local/lib/python3.8/site-packages/airflow/example_dags/example_time_delta_sensor_async.py for tasks to queue
[2026-04-21T04:49:23.895+0000] {logging_mixin.py:188} INFO - [2026-04-21T04:49:23.895+0000] {dagbag.py:538} INFO - Filling up the DagBag from /home/airflow/.local/lib/python3.8/site-packages/airflow/example_dags/example_time_delta_sensor_async.py
[2026-04-21T04:49:23.901+0000] {processor.py:840} INFO - DAG(s) 'example_time_delta_sensor_async' retrieved from /home/airflow/.local/lib/python3.8/site-packages/airflow/example_dags/example_time_delta_sensor_async.py
[2026-04-21T04:49:23.927+0000] {logging_mixin.py:188} INFO - [2026-04-21T04:49:23.927+0000] {dag.py:3036} INFO - Sync 1 DAGs
[2026-04-21T04:49:23.941+0000] {logging_mixin.py:188} INFO - [2026-04-21T04:49:23.941+0000] {dag.py:3823} INFO - Setting next_dagrun for example_time_delta_sensor_async to None, run_after=None
[2026-04-21T04:49:23.960+0000] {processor.py:183} INFO - Processing /home/airflow/.local/lib/python3.8/site-packages/airflow/example_dags/example_time_delta_sensor_async.py took 0.074 seconds
[2026-04-21T04:49:54.109+0000] {processor.py:161} INFO - Started process (PID=3734246) to work on /home/airflow/.local/lib/python3.8/site-packages/airflow/example_dags/example_time_delta_sensor_async.py
[2026-04-21T04:49:54.110+0000] {processor.py:830} INFO - Processing file /home/airflow/.local/lib/python3.8/site-packages/airflow/example_dags/example_time_delta_sensor_async.py for tasks to queue
[2026-04-21T04:49:54.113+0000] {logging_mixin.py:188} INFO - [2026-04-21T04:49:54.112+0000] {dagbag.py:538} INFO - Filling up the DagBag from /home/airflow/.local/lib/python3.8/site-packages/airflow/example_dags/example_time_delta_sensor_async.py
[2026-04-21T04:49:54.119+0000] {processor.py:840} INFO - DAG(s) 'example_time_delta_sensor_async' retrieved from /home/airflow/.local/lib/python3.8/site-packages/airflow/example_dags/example_time_delta_sensor_async.py
[2026-04-21T04:49:54.144+0000] {logging_mixin.py:188} INFO - [2026-04-21T04:49:54.144+0000] {dag.py:3036} INFO - Sync 1 DAGs
[2026-04-21T04:49:54.158+0000] {logging_mixin.py:188} INFO - [2026-04-21T04:49:54.158+0000] {dag.py:3823} INFO - Setting next_dagrun for example_time_delta_sensor_async to None, run_after=None
[2026-04-21T04:49:54.177+0000] {processor.py:183} INFO - Processing /home/airflow/.local/lib/python3.8/site-packages/airflow/example_dags/example_time_delta_sensor_async.py took 0.072 seconds
[2026-04-21T04:50:24.312+0000] {processor.py:161} INFO - Started process (PID=3734303) to work on /home/airflow/.local/lib/python3.8/site-packages/airflow/example_dags/example_time_delta_sensor_async.py
[2026-04-21T04:50:24.314+0000] {processor.py:830} INFO - Processing file /home/airflow/.local/lib/python3.8/site-packages/airflow/example_dags/example_time_delta_sensor_async.py for tasks to queue
[2026-04-21T04:50:24.316+0000] {logging_mixin.py:188} INFO - [2026-04-21T04:50:24.316+0000] {dagbag.py:538} INFO - Filling up the DagBag from /home/airflow/.local/lib/python3.8/site-packages/airflow/example_dags/example_time_delta_sensor_async.py
[2026-04-21T04:50:24.322+0000] {processor.py:840} INFO - DAG(s) 'example_time_delta_sensor_async' retrieved from /home/airflow/.local/lib/python3.8/site-packages/airflow/example_dags/example_time_delta_sensor_async.py
[2026-04-21T04:50:24.348+0000] {logging_mixin.py:188} INFO - [2026-04-21T04:50:24.348+0000] {dag.py:3036} INFO - Sync 1 DAGs
[2026-04-21T04:50:24.362+0000] {logging_mixin.py:188} INFO - [2026-04-21T04:50:24.362+0000] {dag.py:3823} INFO - Setting next_dagrun for example_time_delta_sensor_async to None, run_after=None
[2026-04-21T04:50:24.381+0000] {processor.py:183} INFO - Processing /home/airflow/.local/lib/python3.8/site-packages/airflow/example_dags/example_time_delta_sensor_async.py took 0.074 seconds
[2026-04-21T04:50:54.443+0000] {processor.py:161} INFO - Started process (PID=3734360) to work on /home/airflow/.local/lib/python3.8/site-packages/airflow/example_dags/example_time_delta_sensor_async.py
[2026-04-21T04:50:54.444+0000] {processor.py:830} INFO - Processing file /home/airflow/.local/lib/python3.8/site-packages/airflow/example_dags/example_time_delta_sensor_async.py for tasks to queue
[2026-04-21T04:50:54.446+0000] {logging_mixin.py:188} INFO - [2026-04-21T04:50:54.446+0000] {dagbag.py:538} INFO - Filling up the DagBag from /home/airflow/.local/lib/python3.8/site-packages/airflow/example_dags/example_time_delta_sensor_async.py
[2026-04-21T04:50:54.452+0000] {processor.py:840} INFO - DAG(s) 'example_time_delta_sensor_async' retrieved from /home/airflow/.local/lib/python3.8/site-packages/airflow/example_dags/example_time_delta_sensor_async.py
[2026-04-21T04:50:54.478+0000] {logging_mixin.py:188} INFO - [2026-04-21T04:50:54.478+0000] {dag.py:3036} INFO - Sync 1 DAGs
[2026-04-21T04:50:54.493+0000] {logging_mixin.py:188} INFO - [2026-04-21T04:50:54.493+0000] {dag.py:3823} INFO - Setting next_dagrun for example_time_delta_sensor_async to None, run_after=None
[2026-04-21T04:50:54.512+0000] {processor.py:183} INFO - Processing /home/airflow/.local/lib/python3.8/site-packages/airflow/example_dags/example_time_delta_sensor_async.py took 0.074 seconds
[2026-04-21T04:51:24.853+0000] {processor.py:161} INFO - Started process (PID=3734417) to work on /home/airflow/.local/lib/python3.8/site-packages/airflow/example_dags/example_time_delta_sensor_async.py
[2026-04-21T04:51:24.855+0000] {processor.py:830} INFO - Processing file /home/airflow/.local/lib/python3.8/site-packages/airflow/example_dags/example_time_delta_sensor_async.py for tasks to queue
[2026-04-21T04:51:24.858+0000] {logging_mixin.py:188} INFO - [2026-04-21T04:51:24.857+0000] {dagbag.py:538} INFO - Filling up the DagBag from /home/airflow/.local/lib/python3.8/site-packages/airflow/example_dags/example_time_delta_sensor_async.py
[2026-04-21T04:51:24.864+0000] {processor.py:840} INFO - DAG(s) 'example_time_delta_sensor_async' retrieved from /home/airflow/.local/lib/python3.8/site-packages/airflow/example_dags/example_time_delta_sensor_async.py
[2026-04-21T04:51:24.892+0000] {logging_mixin.py:188} INFO - [2026-04-21T04:51:24.892+0000] {dag.py:3036} INFO - Sync 1 DAGs
[2026-04-21T04:51:24.909+0000] {logging_mixin.py:188} INFO - [2026-04-21T04:51:24.908+0000] {dag.py:3823} INFO - Setting next_dagrun for example_time_delta_sensor_async to None, run_after=None
[2026-04-21T04:51:24.930+0000] {processor.py:183} INFO - Processing /home/airflow/.local/lib/python3.8/site-packages/airflow/example_dags/example_time_delta_sensor_async.py took 0.081 seconds
[2026-04-21T04:51:55.120+0000] {processor.py:161} INFO - Started process (PID=3734474) to work on /home/airflow/.local/lib/python3.8/site-packages/airflow/example_dags/example_time_delta_sensor_async.py
[2026-04-21T04:51:55.122+0000] {processor.py:830} INFO - Processing file /home/airflow/.local/lib/python3.8/site-packages/airflow/example_dags/example_time_delta_sensor_async.py for tasks to queue
[2026-04-21T04:51:55.126+0000] {logging_mixin.py:188} INFO - [2026-04-21T04:51:55.125+0000] {dagbag.py:538} INFO - Filling up the DagBag from /home/airflow/.local/lib/python3.8/site-packages/airflow/example_dags/example_time_delta_sensor_async.py
[2026-04-21T04:51:55.134+0000] {processor.py:840} INFO - DAG(s) 'example_time_delta_sensor_async' retrieved from /home/airflow/.local/lib/python3.8/site-packages/airflow/example_dags/example_time_delta_sensor_async.py
[2026-04-21T04:51:55.164+0000] {logging_mixin.py:188} INFO - [2026-04-21T04:51:55.164+0000] {dag.py:3036} INFO - Sync 1 DAGs
[2026-04-21T04:51:55.183+0000] {logging_mixin.py:188} INFO - [2026-04-21T04:51:55.182+0000] {dag.py:3823} INFO - Setting next_dagrun for example_time_delta_sensor_async to None, run_after=None
[2026-04-21T04:51:55.206+0000] {processor.py:183} INFO - Processing /home/airflow/.local/lib/python3.8/site-packages/airflow/example_dags/example_time_delta_sensor_async.py took 0.091 seconds
[2026-04-21T04:52:25.290+0000] {processor.py:161} INFO - Started process (PID=3734531) to work on /home/airflow/.local/lib/python3.8/site-packages/airflow/example_dags/example_time_delta_sensor_async.py
[2026-04-21T04:52:25.292+0000] {processor.py:830} INFO - Processing file /home/airflow/.local/lib/python3.8/site-packages/airflow/example_dags/example_time_delta_sensor_async.py for tasks to queue
[2026-04-21T04:52:25.294+0000] {logging_mixin.py:188} INFO - [2026-04-21T04:52:25.294+0000] {dagbag.py:538} INFO - Filling up the DagBag from /home/airflow/.local/lib/python3.8/site-packages/airflow/example_dags/example_time_delta_sensor_async.py
[2026-04-21T04:52:25.300+0000] {processor.py:840} INFO - DAG(s) 'example_time_delta_sensor_async' retrieved from /home/airflow/.local/lib/python3.8/site-packages/airflow/example_dags/example_time_delta_sensor_async.py
[2026-04-21T04:52:25.326+0000] {logging_mixin.py:188} INFO - [2026-04-21T04:52:25.326+0000] {dag.py:3036} INFO - Sync 1 DAGs
[2026-04-21T04:52:25.340+0000] {logging_mixin.py:188} INFO - [2026-04-21T04:52:25.340+0000] {dag.py:3823} INFO - Setting next_dagrun for example_time_delta_sensor_async to None, run_after=None
[2026-04-21T04:52:25.359+0000] {processor.py:183} INFO - Processing /home/airflow/.local/lib/python3.8/site-packages/airflow/example_dags/example_time_delta_sensor_async.py took 0.075 seconds
[2026-04-21T04:52:55.460+0000] {processor.py:161} INFO - Started process (PID=3734588) to work on /home/airflow/.local/lib/python3.8/site-packages/airflow/example_dags/example_time_delta_sensor_async.py
[2026-04-21T04:52:55.461+0000] {processor.py:830} INFO - Processing file /home/airflow/.local/lib/python3.8/site-packages/airflow/example_dags/example_time_delta_sensor_async.py for tasks to queue
[2026-04-21T04:52:55.464+0000] {logging_mixin.py:188} INFO - [2026-04-21T04:52:55.464+0000] {dagbag.py:538} INFO - Filling up the DagBag from /home/airflow/.local/lib/python3.8/site-packages/airflow/example_dags/example_time_delta_sensor_async.py
[2026-04-21T04:52:55.471+0000] {processor.py:840} INFO - DAG(s) 'example_time_delta_sensor_async' retrieved from /home/airflow/.local/lib/python3.8/site-packages/airflow/example_dags/example_time_delta_sensor_async.py
[2026-04-21T04:52:55.499+0000] {logging_mixin.py:188} INFO - [2026-04-21T04:52:55.499+0000] {dag.py:3036} INFO - Sync 1 DAGs
[2026-04-21T04:52:55.514+0000] {logging_mixin.py:188} INFO - [2026-04-21T04:52:55.514+0000] {dag.py:3823} INFO - Setting next_dagrun for example_time_delta_sensor_async to None, run_after=None
[2026-04-21T04:52:55.535+0000] {processor.py:183} INFO - Processing /home/airflow/.local/lib/python3.8/site-packages/airflow/example_dags/example_time_delta_sensor_async.py took 0.081 seconds
[2026-04-21T04:53:25.776+0000] {processor.py:161} INFO - Started process (PID=3734645) to work on /home/airflow/.local/lib/python3.8/site-packages/airflow/example_dags/example_time_delta_sensor_async.py
[2026-04-21T04:53:25.778+0000] {processor.py:830} INFO - Processing file /home/airflow/.local/lib/python3.8/site-packages/airflow/example_dags/example_time_delta_sensor_async.py for tasks to queue
[2026-04-21T04:53:25.780+0000] {logging_mixin.py:188} INFO - [2026-04-21T04:53:25.780+0000] {dagbag.py:538} INFO - Filling up the DagBag from /home/airflow/.local/lib/python3.8/site-packages/airflow/example_dags/example_time_delta_sensor_async.py
[2026-04-21T04:53:25.786+0000] {processor.py:840} INFO - DAG(s) 'example_time_delta_sensor_async' retrieved from /home/airflow/.local/lib/python3.8/site-packages/airflow/example_dags/example_time_delta_sensor_async.py
[2026-04-21T04:53:25.812+0000] {logging_mixin.py:188} INFO - [2026-04-21T04:53:25.812+0000] {dag.py:3036} INFO - Sync 1 DAGs
[2026-04-21T04:53:25.826+0000] {logging_mixin.py:188} INFO - [2026-04-21T04:53:25.826+0000] {dag.py:3823} INFO - Setting next_dagrun for example_time_delta_sensor_async to None, run_after=None
[2026-04-21T04:53:25.846+0000] {processor.py:183} INFO - Processing /home/airflow/.local/lib/python3.8/site-packages/airflow/example_dags/example_time_delta_sensor_async.py took 0.075 seconds
[2026-04-21T04:53:55.964+0000] {processor.py:161} INFO - Started process (PID=3734702) to work on /home/airflow/.local/lib/python3.8/site-packages/airflow/example_dags/example_time_delta_sensor_async.py
[2026-04-21T04:53:55.965+0000] {processor.py:830} INFO - Processing file /home/airflow/.local/lib/python3.8/site-packages/airflow/example_dags/example_time_delta_sensor_async.py for tasks to queue
[2026-04-21T04:53:55.968+0000] {logging_mixin.py:188} INFO - [2026-04-21T04:53:55.967+0000] {dagbag.py:538} INFO - Filling up the DagBag from /home/airflow/.local/lib/python3.8/site-packages/airflow/example_dags/example_time_delta_sensor_async.py
[2026-04-21T04:53:55.974+0000] {processor.py:840} INFO - DAG(s) 'example_time_delta_sensor_async' retrieved from /home/airflow/.local/lib/python3.8/site-packages/airflow/example_dags/example_time_delta_sensor_async.py
[2026-04-21T04:53:56.002+0000] {logging_mixin.py:188} INFO - [2026-04-21T04:53:56.001+0000] {dag.py:3036} INFO - Sync 1 DAGs
[2026-04-21T04:53:56.016+0000] {logging_mixin.py:188} INFO - [2026-04-21T04:53:56.016+0000] {dag.py:3823} INFO - Setting next_dagrun for example_time_delta_sensor_async to None, run_after=None
[2026-04-21T04:53:56.035+0000] {processor.py:183} INFO - Processing /home/airflow/.local/lib/python3.8/site-packages/airflow/example_dags/example_time_delta_sensor_async.py took 0.076 seconds
[2026-04-21T04:54:26.314+0000] {processor.py:161} INFO - Started process (PID=3734759) to work on /home/airflow/.local/lib/python3.8/site-packages/airflow/example_dags/example_time_delta_sensor_async.py
[2026-04-21T04:54:26.316+0000] {processor.py:830} INFO - Processing file /home/airflow/.local/lib/python3.8/site-packages/airflow/example_dags/example_time_delta_sensor_async.py for tasks to queue
[2026-04-21T04:54:26.318+0000] {logging_mixin.py:188} INFO - [2026-04-21T04:54:26.318+0000] {dagbag.py:538} INFO - Filling up the DagBag from /home/airflow/.local/lib/python3.8/site-packages/airflow/example_dags/example_time_delta_sensor_async.py
[2026-04-21T04:54:26.324+0000] {processor.py:840} INFO - DAG(s) 'example_time_delta_sensor_async' retrieved from /home/airflow/.local/lib/python3.8/site-packages/airflow/example_dags/example_time_delta_sensor_async.py
[2026-04-21T04:54:26.350+0000] {logging_mixin.py:188} INFO - [2026-04-21T04:54:26.349+0000] {dag.py:3036} INFO - Sync 1 DAGs
[2026-04-21T04:54:26.363+0000] {logging_mixin.py:188} INFO - [2026-04-21T04:54:26.363+0000] {dag.py:3823} INFO - Setting next_dagrun for example_time_delta_sensor_async to None, run_after=None
[2026-04-21T04:54:26.383+0000] {processor.py:183} INFO - Processing /home/airflow/.local/lib/python3.8/site-packages/airflow/example_dags/example_time_delta_sensor_async.py took 0.073 seconds
[2026-04-21T04:54:56.996+0000] {processor.py:161} INFO - Started process (PID=3734816) to work on /home/airflow/.local/lib/python3.8/site-packages/airflow/example_dags/example_time_delta_sensor_async.py
[2026-04-21T04:54:56.998+0000] {processor.py:830} INFO - Processing file /home/airflow/.local/lib/python3.8/site-packages/airflow/example_dags/example_time_delta_sensor_async.py for tasks to queue
[2026-04-21T04:54:57.000+0000] {logging_mixin.py:188} INFO - [2026-04-21T04:54:57.000+0000] {dagbag.py:538} INFO - Filling up the DagBag from /home/airflow/.local/lib/python3.8/site-packages/airflow/example_dags/example_time_delta_sensor_async.py
[2026-04-21T04:54:57.006+0000] {processor.py:840} INFO - DAG(s) 'example_time_delta_sensor_async' retrieved from /home/airflow/.local/lib/python3.8/site-packages/airflow/example_dags/example_time_delta_sensor_async.py
[2026-04-21T04:54:57.031+0000] {logging_mixin.py:188} INFO - [2026-04-21T04:54:57.031+0000] {dag.py:3036} INFO - Sync 1 DAGs
[2026-04-21T04:54:57.046+0000] {logging_mixin.py:188} INFO - [2026-04-21T04:54:57.046+0000] {dag.py:3823} INFO - Setting next_dagrun for example_time_delta_sensor_async to None, run_after=None
[2026-04-21T04:54:57.064+0000] {processor.py:183} INFO - Processing /home/airflow/.local/lib/python3.8/site-packages/airflow/example_dags/example_time_delta_sensor_async.py took 0.072 seconds
[2026-04-21T04:55:27.640+0000] {processor.py:161} INFO - Started process (PID=3734873) to work on /home/airflow/.local/lib/python3.8/site-packages/airflow/example_dags/example_time_delta_sensor_async.py
[2026-04-21T04:55:27.643+0000] {processor.py:830} INFO - Processing file /home/airflow/.local/lib/python3.8/site-packages/airflow/example_dags/example_time_delta_sensor_async.py for tasks to queue
[2026-04-21T04:55:27.645+0000] {logging_mixin.py:188} INFO - [2026-04-21T04:55:27.645+0000] {dagbag.py:538} INFO - Filling up the DagBag from /home/airflow/.local/lib/python3.8/site-packages/airflow/example_dags/example_time_delta_sensor_async.py
[2026-04-21T04:55:27.651+0000] {processor.py:840} INFO - DAG(s) 'example_time_delta_sensor_async' retrieved from /home/airflow/.local/lib/python3.8/site-packages/airflow/example_dags/example_time_delta_sensor_async.py
[2026-04-21T04:55:27.677+0000] {logging_mixin.py:188} INFO - [2026-04-21T04:55:27.676+0000] {dag.py:3036} INFO - Sync 1 DAGs
[2026-04-21T04:55:27.691+0000] {logging_mixin.py:188} INFO - [2026-04-21T04:55:27.691+0000] {dag.py:3823} INFO - Setting next_dagrun for example_time_delta_sensor_async to None, run_after=None
[2026-04-21T04:55:27.711+0000] {processor.py:183} INFO - Processing /home/airflow/.local/lib/python3.8/site-packages/airflow/example_dags/example_time_delta_sensor_async.py took 0.075 seconds
[2026-04-21T04:55:58.402+0000] {processor.py:161} INFO - Started process (PID=3734930) to work on /home/airflow/.local/lib/python3.8/site-packages/airflow/example_dags/example_time_delta_sensor_async.py
[2026-04-21T04:55:58.403+0000] {processor.py:830} INFO - Processing file /home/airflow/.local/lib/python3.8/site-packages/airflow/example_dags/example_time_delta_sensor_async.py for tasks to queue
[2026-04-21T04:55:58.406+0000] {logging_mixin.py:188} INFO - [2026-04-21T04:55:58.405+0000] {dagbag.py:538} INFO - Filling up the DagBag from /home/airflow/.local/lib/python3.8/site-packages/airflow/example_dags/example_time_delta_sensor_async.py
[2026-04-21T04:55:58.412+0000] {processor.py:840} INFO - DAG(s) 'example_time_delta_sensor_async' retrieved from /home/airflow/.local/lib/python3.8/site-packages/airflow/example_dags/example_time_delta_sensor_async.py
[2026-04-21T04:55:58.438+0000] {logging_mixin.py:188} INFO - [2026-04-21T04:55:58.438+0000] {dag.py:3036} INFO - Sync 1 DAGs
[2026-04-21T04:55:58.452+0000] {logging_mixin.py:188} INFO - [2026-04-21T04:55:58.452+0000] {dag.py:3823} INFO - Setting next_dagrun for example_time_delta_sensor_async to None, run_after=None
[2026-04-21T04:55:58.471+0000] {processor.py:183} INFO - Processing /home/airflow/.local/lib/python3.8/site-packages/airflow/example_dags/example_time_delta_sensor_async.py took 0.074 seconds
[2026-04-21T04:56:28.997+0000] {processor.py:161} INFO - Started process (PID=3734987) to work on /home/airflow/.local/lib/python3.8/site-packages/airflow/example_dags/example_time_delta_sensor_async.py
[2026-04-21T04:56:28.998+0000] {processor.py:830} INFO - Processing file /home/airflow/.local/lib/python3.8/site-packages/airflow/example_dags/example_time_delta_sensor_async.py for tasks to queue
[2026-04-21T04:56:29.001+0000] {logging_mixin.py:188} INFO - [2026-04-21T04:56:29.000+0000] {dagbag.py:538} INFO - Filling up the DagBag from /home/airflow/.local/lib/python3.8/site-packages/airflow/example_dags/example_time_delta_sensor_async.py
[2026-04-21T04:56:29.007+0000] {processor.py:840} INFO - DAG(s) 'example_time_delta_sensor_async' retrieved from /home/airflow/.local/lib/python3.8/site-packages/airflow/example_dags/example_time_delta_sensor_async.py
[2026-04-21T04:56:29.034+0000] {logging_mixin.py:188} INFO - [2026-04-21T04:56:29.034+0000] {dag.py:3036} INFO - Sync 1 DAGs
[2026-04-21T04:56:29.048+0000] {logging_mixin.py:188} INFO - [2026-04-21T04:56:29.048+0000] {dag.py:3823} INFO - Setting next_dagrun for example_time_delta_sensor_async to None, run_after=None
[2026-04-21T04:56:29.076+0000] {processor.py:183} INFO - Processing /home/airflow/.local/lib/python3.8/site-packages/airflow/example_dags/example_time_delta_sensor_async.py took 0.084 seconds
[2026-04-21T04:56:59.222+0000] {processor.py:161} INFO - Started process (PID=3735044) to work on /home/airflow/.local/lib/python3.8/site-packages/airflow/example_dags/example_time_delta_sensor_async.py
[2026-04-21T04:56:59.223+0000] {processor.py:830} INFO - Processing file /home/airflow/.local/lib/python3.8/site-packages/airflow/example_dags/example_time_delta_sensor_async.py for tasks to queue
[2026-04-21T04:56:59.225+0000] {logging_mixin.py:188} INFO - [2026-04-21T04:56:59.225+0000] {dagbag.py:538} INFO - Filling up the DagBag from /home/airflow/.local/lib/python3.8/site-packages/airflow/example_dags/example_time_delta_sensor_async.py
[2026-04-21T04:56:59.232+0000] {processor.py:840} INFO - DAG(s) 'example_time_delta_sensor_async' retrieved from /home/airflow/.local/lib/python3.8/site-packages/airflow/example_dags/example_time_delta_sensor_async.py
[2026-04-21T04:56:59.258+0000] {logging_mixin.py:188} INFO - [2026-04-21T04:56:59.258+0000] {dag.py:3036} INFO - Sync 1 DAGs
[2026-04-21T04:56:59.274+0000] {logging_mixin.py:188} INFO - [2026-04-21T04:56:59.274+0000] {dag.py:3823} INFO - Setting next_dagrun for example_time_delta_sensor_async to None, run_after=None
[2026-04-21T04:56:59.303+0000] {processor.py:183} INFO - Processing /home/airflow/.local/lib/python3.8/site-packages/airflow/example_dags/example_time_delta_sensor_async.py took 0.086 seconds
[2026-04-21T04:57:29.463+0000] {processor.py:161} INFO - Started process (PID=3735101) to work on /home/airflow/.local/lib/python3.8/site-packages/airflow/example_dags/example_time_delta_sensor_async.py
[2026-04-21T04:57:29.465+0000] {processor.py:830} INFO - Processing file /home/airflow/.local/lib/python3.8/site-packages/airflow/example_dags/example_time_delta_sensor_async.py for tasks to queue
[2026-04-21T04:57:29.467+0000] {logging_mixin.py:188} INFO - [2026-04-21T04:57:29.467+0000] {dagbag.py:538} INFO - Filling up the DagBag from /home/airflow/.local/lib/python3.8/site-packages/airflow/example_dags/example_time_delta_sensor_async.py
[2026-04-21T04:57:29.474+0000] {processor.py:840} INFO - DAG(s) 'example_time_delta_sensor_async' retrieved from /home/airflow/.local/lib/python3.8/site-packages/airflow/example_dags/example_time_delta_sensor_async.py
[2026-04-21T04:57:29.501+0000] {logging_mixin.py:188} INFO - [2026-04-21T04:57:29.501+0000] {dag.py:3036} INFO - Sync 1 DAGs
[2026-04-21T04:57:29.515+0000] {logging_mixin.py:188} INFO - [2026-04-21T04:57:29.515+0000] {dag.py:3823} INFO - Setting next_dagrun for example_time_delta_sensor_async to None, run_after=None
[2026-04-21T04:57:29.535+0000] {processor.py:183} INFO - Processing /home/airflow/.local/lib/python3.8/site-packages/airflow/example_dags/example_time_delta_sensor_async.py took 0.077 seconds
[2026-04-21T04:57:59.715+0000] {processor.py:161} INFO - Started process (PID=3735158) to work on /home/airflow/.local/lib/python3.8/site-packages/airflow/example_dags/example_time_delta_sensor_async.py
[2026-04-21T04:57:59.716+0000] {processor.py:830} INFO - Processing file /home/airflow/.local/lib/python3.8/site-packages/airflow/example_dags/example_time_delta_sensor_async.py for tasks to queue
[2026-04-21T04:57:59.718+0000] {logging_mixin.py:188} INFO - [2026-04-21T04:57:59.718+0000] {dagbag.py:538} INFO - Filling up the DagBag from /home/airflow/.local/lib/python3.8/site-packages/airflow/example_dags/example_time_delta_sensor_async.py
[2026-04-21T04:57:59.725+0000] {processor.py:840} INFO - DAG(s) 'example_time_delta_sensor_async' retrieved from /home/airflow/.local/lib/python3.8/site-packages/airflow/example_dags/example_time_delta_sensor_async.py
[2026-04-21T04:57:59.754+0000] {logging_mixin.py:188} INFO - [2026-04-21T04:57:59.754+0000] {dag.py:3036} INFO - Sync 1 DAGs
[2026-04-21T04:57:59.768+0000] {logging_mixin.py:188} INFO - [2026-04-21T04:57:59.768+0000] {dag.py:3823} INFO - Setting next_dagrun for example_time_delta_sensor_async to None, run_after=None
[2026-04-21T04:57:59.787+0000] {processor.py:183} INFO - Processing /home/airflow/.local/lib/python3.8/site-packages/airflow/example_dags/example_time_delta_sensor_async.py took 0.077 seconds
[2026-04-21T04:58:30.062+0000] {processor.py:161} INFO - Started process (PID=3735216) to work on /home/airflow/.local/lib/python3.8/site-packages/airflow/example_dags/example_time_delta_sensor_async.py
[2026-04-21T04:58:30.063+0000] {processor.py:830} INFO - Processing file /home/airflow/.local/lib/python3.8/site-packages/airflow/example_dags/example_time_delta_sensor_async.py for tasks to queue
[2026-04-21T04:58:30.066+0000] {logging_mixin.py:188} INFO - [2026-04-21T04:58:30.065+0000] {dagbag.py:538} INFO - Filling up the DagBag from /home/airflow/.local/lib/python3.8/site-packages/airflow/example_dags/example_time_delta_sensor_async.py
[2026-04-21T04:58:30.072+0000] {processor.py:840} INFO - DAG(s) 'example_time_delta_sensor_async' retrieved from /home/airflow/.local/lib/python3.8/site-packages/airflow/example_dags/example_time_delta_sensor_async.py
[2026-04-21T04:58:30.097+0000] {logging_mixin.py:188} INFO - [2026-04-21T04:58:30.097+0000] {dag.py:3036} INFO - Sync 1 DAGs
[2026-04-21T04:58:30.111+0000] {logging_mixin.py:188} INFO - [2026-04-21T04:58:30.111+0000] {dag.py:3823} INFO - Setting next_dagrun for example_time_delta_sensor_async to None, run_after=None
[2026-04-21T04:58:30.130+0000] {processor.py:183} INFO - Processing /home/airflow/.local/lib/python3.8/site-packages/airflow/example_dags/example_time_delta_sensor_async.py took 0.073 seconds
[2026-04-21T04:59:00.279+0000] {processor.py:161} INFO - Started process (PID=3735273) to work on /home/airflow/.local/lib/python3.8/site-packages/airflow/example_dags/example_time_delta_sensor_async.py
[2026-04-21T04:59:00.281+0000] {processor.py:830} INFO - Processing file /home/airflow/.local/lib/python3.8/site-packages/airflow/example_dags/example_time_delta_sensor_async.py for tasks to queue
[2026-04-21T04:59:00.283+0000] {logging_mixin.py:188} INFO - [2026-04-21T04:59:00.283+0000] {dagbag.py:538} INFO - Filling up the DagBag from /home/airflow/.local/lib/python3.8/site-packages/airflow/example_dags/example_time_delta_sensor_async.py
[2026-04-21T04:59:00.289+0000] {processor.py:840} INFO - DAG(s) 'example_time_delta_sensor_async' retrieved from /home/airflow/.local/lib/python3.8/site-packages/airflow/example_dags/example_time_delta_sensor_async.py
[2026-04-21T04:59:00.315+0000] {logging_mixin.py:188} INFO - [2026-04-21T04:59:00.315+0000] {dag.py:3036} INFO - Sync 1 DAGs
[2026-04-21T04:59:00.329+0000] {logging_mixin.py:188} INFO - [2026-04-21T04:59:00.329+0000] {dag.py:3823} INFO - Setting next_dagrun for example_time_delta_sensor_async to None, run_after=None
[2026-04-21T04:59:00.348+0000] {processor.py:183} INFO - Processing /home/airflow/.local/lib/python3.8/site-packages/airflow/example_dags/example_time_delta_sensor_async.py took 0.074 seconds
[2026-04-21T04:59:30.672+0000] {processor.py:161} INFO - Started process (PID=3735330) to work on /home/airflow/.local/lib/python3.8/site-packages/airflow/example_dags/example_time_delta_sensor_async.py
[2026-04-21T04:59:30.674+0000] {processor.py:830} INFO - Processing file /home/airflow/.local/lib/python3.8/site-packages/airflow/example_dags/example_time_delta_sensor_async.py for tasks to queue
[2026-04-21T04:59:30.676+0000] {logging_mixin.py:188} INFO - [2026-04-21T04:59:30.676+0000] {dagbag.py:538} INFO - Filling up the DagBag from /home/airflow/.local/lib/python3.8/site-packages/airflow/example_dags/example_time_delta_sensor_async.py
[2026-04-21T04:59:30.682+0000] {processor.py:840} INFO - DAG(s) 'example_time_delta_sensor_async' retrieved from /home/airflow/.local/lib/python3.8/site-packages/airflow/example_dags/example_time_delta_sensor_async.py
[2026-04-21T04:59:30.708+0000] {logging_mixin.py:188} INFO - [2026-04-21T04:59:30.708+0000] {dag.py:3036} INFO - Sync 1 DAGs
[2026-04-21T04:59:30.722+0000] {logging_mixin.py:188} INFO - [2026-04-21T04:59:30.722+0000] {dag.py:3823} INFO - Setting next_dagrun for example_time_delta_sensor_async to None, run_after=None
[2026-04-21T04:59:30.741+0000] {processor.py:183} INFO - Processing /home/airflow/.local/lib/python3.8/site-packages/airflow/example_dags/example_time_delta_sensor_async.py took 0.074 seconds
[2026-04-21T05:00:00.797+0000] {processor.py:161} INFO - Started process (PID=3735387) to work on /home/airflow/.local/lib/python3.8/site-packages/airflow/example_dags/example_time_delta_sensor_async.py
[2026-04-21T05:00:00.799+0000] {processor.py:830} INFO - Processing file /home/airflow/.local/lib/python3.8/site-packages/airflow/example_dags/example_time_delta_sensor_async.py for tasks to queue
[2026-04-21T05:00:00.801+0000] {logging_mixin.py:188} INFO - [2026-04-21T05:00:00.801+0000] {dagbag.py:538} INFO - Filling up the DagBag from /home/airflow/.local/lib/python3.8/site-packages/airflow/example_dags/example_time_delta_sensor_async.py
[2026-04-21T05:00:00.807+0000] {processor.py:840} INFO - DAG(s) 'example_time_delta_sensor_async' retrieved from /home/airflow/.local/lib/python3.8/site-packages/airflow/example_dags/example_time_delta_sensor_async.py
[2026-04-21T05:00:00.833+0000] {logging_mixin.py:188} INFO - [2026-04-21T05:00:00.832+0000] {dag.py:3036} INFO - Sync 1 DAGs
[2026-04-21T05:00:00.846+0000] {logging_mixin.py:188} INFO - [2026-04-21T05:00:00.846+0000] {dag.py:3823} INFO - Setting next_dagrun for example_time_delta_sensor_async to None, run_after=None
[2026-04-21T05:00:00.865+0000] {processor.py:183} INFO - Processing /home/airflow/.local/lib/python3.8/site-packages/airflow/example_dags/example_time_delta_sensor_async.py took 0.072 seconds
[2026-04-21T05:00:31.094+0000] {processor.py:161} INFO - Started process (PID=3735444) to work on /home/airflow/.local/lib/python3.8/site-packages/airflow/example_dags/example_time_delta_sensor_async.py
[2026-04-21T05:00:31.096+0000] {processor.py:830} INFO - Processing file /home/airflow/.local/lib/python3.8/site-packages/airflow/example_dags/example_time_delta_sensor_async.py for tasks to queue
[2026-04-21T05:00:31.098+0000] {logging_mixin.py:188} INFO - [2026-04-21T05:00:31.098+0000] {dagbag.py:538} INFO - Filling up the DagBag from /home/airflow/.local/lib/python3.8/site-packages/airflow/example_dags/example_time_delta_sensor_async.py
[2026-04-21T05:00:31.104+0000] {processor.py:840} INFO - DAG(s) 'example_time_delta_sensor_async' retrieved from /home/airflow/.local/lib/python3.8/site-packages/airflow/example_dags/example_time_delta_sensor_async.py
[2026-04-21T05:00:31.129+0000] {logging_mixin.py:188} INFO - [2026-04-21T05:00:31.129+0000] {dag.py:3036} INFO - Sync 1 DAGs
[2026-04-21T05:00:31.143+0000] {logging_mixin.py:188} INFO - [2026-04-21T05:00:31.143+0000] {dag.py:3823} INFO - Setting next_dagrun for example_time_delta_sensor_async to None, run_after=None
[2026-04-21T05:00:31.162+0000] {processor.py:183} INFO - Processing /home/airflow/.local/lib/python3.8/site-packages/airflow/example_dags/example_time_delta_sensor_async.py took 0.072 seconds
[2026-04-21T05:01:01.332+0000] {processor.py:161} INFO - Started process (PID=3735500) to work on /home/airflow/.local/lib/python3.8/site-packages/airflow/example_dags/example_time_delta_sensor_async.py
[2026-04-21T05:01:01.334+0000] {processor.py:830} INFO - Processing file /home/airflow/.local/lib/python3.8/site-packages/airflow/example_dags/example_time_delta_sensor_async.py for tasks to queue
[2026-04-21T05:01:01.337+0000] {logging_mixin.py:188} INFO - [2026-04-21T05:01:01.336+0000] {dagbag.py:538} INFO - Filling up the DagBag from /home/airflow/.local/lib/python3.8/site-packages/airflow/example_dags/example_time_delta_sensor_async.py
[2026-04-21T05:01:01.343+0000] {processor.py:840} INFO - DAG(s) 'example_time_delta_sensor_async' retrieved from /home/airflow/.local/lib/python3.8/site-packages/airflow/example_dags/example_time_delta_sensor_async.py
[2026-04-21T05:01:01.369+0000] {logging_mixin.py:188} INFO - [2026-04-21T05:01:01.369+0000] {dag.py:3036} INFO - Sync 1 DAGs
[2026-04-21T05:01:01.385+0000] {logging_mixin.py:188} INFO - [2026-04-21T05:01:01.385+0000] {dag.py:3823} INFO - Setting next_dagrun for example_time_delta_sensor_async to None, run_after=None
[2026-04-21T05:01:01.408+0000] {processor.py:183} INFO - Processing /home/airflow/.local/lib/python3.8/site-packages/airflow/example_dags/example_time_delta_sensor_async.py took 0.081 seconds
[2026-04-21T05:01:31.524+0000] {processor.py:161} INFO - Started process (PID=3735557) to work on /home/airflow/.local/lib/python3.8/site-packages/airflow/example_dags/example_time_delta_sensor_async.py
[2026-04-21T05:01:31.526+0000] {processor.py:830} INFO - Processing file /home/airflow/.local/lib/python3.8/site-packages/airflow/example_dags/example_time_delta_sensor_async.py for tasks to queue
[2026-04-21T05:01:31.529+0000] {logging_mixin.py:188} INFO - [2026-04-21T05:01:31.528+0000] {dagbag.py:538} INFO - Filling up the DagBag from /home/airflow/.local/lib/python3.8/site-packages/airflow/example_dags/example_time_delta_sensor_async.py
[2026-04-21T05:01:31.535+0000] {processor.py:840} INFO - DAG(s) 'example_time_delta_sensor_async' retrieved from /home/airflow/.local/lib/python3.8/site-packages/airflow/example_dags/example_time_delta_sensor_async.py
[2026-04-21T05:01:31.560+0000] {logging_mixin.py:188} INFO - [2026-04-21T05:01:31.560+0000] {dag.py:3036} INFO - Sync 1 DAGs
[2026-04-21T05:01:31.574+0000] {logging_mixin.py:188} INFO - [2026-04-21T05:01:31.574+0000] {dag.py:3823} INFO - Setting next_dagrun for example_time_delta_sensor_async to None, run_after=None
[2026-04-21T05:01:31.593+0000] {processor.py:183} INFO - Processing /home/airflow/.local/lib/python3.8/site-packages/airflow/example_dags/example_time_delta_sensor_async.py took 0.073 seconds
[2026-04-21T05:02:01.878+0000] {processor.py:161} INFO - Started process (PID=3735614) to work on /home/airflow/.local/lib/python3.8/site-packages/airflow/example_dags/example_time_delta_sensor_async.py
[2026-04-21T05:02:01.879+0000] {processor.py:830} INFO - Processing file /home/airflow/.local/lib/python3.8/site-packages/airflow/example_dags/example_time_delta_sensor_async.py for tasks to queue
[2026-04-21T05:02:01.882+0000] {logging_mixin.py:188} INFO - [2026-04-21T05:02:01.881+0000] {dagbag.py:538} INFO - Filling up the DagBag from /home/airflow/.local/lib/python3.8/site-packages/airflow/example_dags/example_time_delta_sensor_async.py
[2026-04-21T05:02:01.888+0000] {processor.py:840} INFO - DAG(s) 'example_time_delta_sensor_async' retrieved from /home/airflow/.local/lib/python3.8/site-packages/airflow/example_dags/example_time_delta_sensor_async.py
[2026-04-21T05:02:01.913+0000] {logging_mixin.py:188} INFO - [2026-04-21T05:02:01.913+0000] {dag.py:3036} INFO - Sync 1 DAGs
[2026-04-21T05:02:01.926+0000] {logging_mixin.py:188} INFO - [2026-04-21T05:02:01.926+0000] {dag.py:3823} INFO - Setting next_dagrun for example_time_delta_sensor_async to None, run_after=None
[2026-04-21T05:02:01.945+0000] {processor.py:183} INFO - Processing /home/airflow/.local/lib/python3.8/site-packages/airflow/example_dags/example_time_delta_sensor_async.py took 0.072 seconds
[2026-04-21T05:02:32.110+0000] {processor.py:161} INFO - Started process (PID=3735671) to work on /home/airflow/.local/lib/python3.8/site-packages/airflow/example_dags/example_time_delta_sensor_async.py
[2026-04-21T05:02:32.112+0000] {processor.py:830} INFO - Processing file /home/airflow/.local/lib/python3.8/site-packages/airflow/example_dags/example_time_delta_sensor_async.py for tasks to queue
[2026-04-21T05:02:32.114+0000] {logging_mixin.py:188} INFO - [2026-04-21T05:02:32.114+0000] {dagbag.py:538} INFO - Filling up the DagBag from /home/airflow/.local/lib/python3.8/site-packages/airflow/example_dags/example_time_delta_sensor_async.py
[2026-04-21T05:02:32.120+0000] {processor.py:840} INFO - DAG(s) 'example_time_delta_sensor_async' retrieved from /home/airflow/.local/lib/python3.8/site-packages/airflow/example_dags/example_time_delta_sensor_async.py
[2026-04-21T05:02:32.145+0000] {logging_mixin.py:188} INFO - [2026-04-21T05:02:32.145+0000] {dag.py:3036} INFO - Sync 1 DAGs
[2026-04-21T05:02:32.159+0000] {logging_mixin.py:188} INFO - [2026-04-21T05:02:32.159+0000] {dag.py:3823} INFO - Setting next_dagrun for example_time_delta_sensor_async to None, run_after=None
[2026-04-21T05:02:32.178+0000] {processor.py:183} INFO - Processing /home/airflow/.local/lib/python3.8/site-packages/airflow/example_dags/example_time_delta_sensor_async.py took 0.073 seconds
[2026-04-21T05:03:03.136+0000] {processor.py:161} INFO - Started process (PID=3735732) to work on /home/airflow/.local/lib/python3.8/site-packages/airflow/example_dags/example_time_delta_sensor_async.py
[2026-04-21T05:03:03.138+0000] {processor.py:830} INFO - Processing file /home/airflow/.local/lib/python3.8/site-packages/airflow/example_dags/example_time_delta_sensor_async.py for tasks to queue
[2026-04-21T05:03:03.140+0000] {logging_mixin.py:188} INFO - [2026-04-21T05:03:03.140+0000] {dagbag.py:538} INFO - Filling up the DagBag from /home/airflow/.local/lib/python3.8/site-packages/airflow/example_dags/example_time_delta_sensor_async.py
[2026-04-21T05:03:03.147+0000] {processor.py:840} INFO - DAG(s) 'example_time_delta_sensor_async' retrieved from /home/airflow/.local/lib/python3.8/site-packages/airflow/example_dags/example_time_delta_sensor_async.py
[2026-04-21T05:03:03.172+0000] {logging_mixin.py:188} INFO - [2026-04-21T05:03:03.172+0000] {dag.py:3036} INFO - Sync 1 DAGs
[2026-04-21T05:03:03.186+0000] {logging_mixin.py:188} INFO - [2026-04-21T05:03:03.186+0000] {dag.py:3823} INFO - Setting next_dagrun for example_time_delta_sensor_async to None, run_after=None
[2026-04-21T05:03:03.206+0000] {processor.py:183} INFO - Processing /home/airflow/.local/lib/python3.8/site-packages/airflow/example_dags/example_time_delta_sensor_async.py took 0.074 seconds
[2026-04-21T05:03:33.329+0000] {processor.py:161} INFO - Started process (PID=3735788) to work on /home/airflow/.local/lib/python3.8/site-packages/airflow/example_dags/example_time_delta_sensor_async.py
[2026-04-21T05:03:33.330+0000] {processor.py:830} INFO - Processing file /home/airflow/.local/lib/python3.8/site-packages/airflow/example_dags/example_time_delta_sensor_async.py for tasks to queue
[2026-04-21T05:03:33.333+0000] {logging_mixin.py:188} INFO - [2026-04-21T05:03:33.332+0000] {dagbag.py:538} INFO - Filling up the DagBag from /home/airflow/.local/lib/python3.8/site-packages/airflow/example_dags/example_time_delta_sensor_async.py
[2026-04-21T05:03:33.339+0000] {processor.py:840} INFO - DAG(s) 'example_time_delta_sensor_async' retrieved from /home/airflow/.local/lib/python3.8/site-packages/airflow/example_dags/example_time_delta_sensor_async.py
[2026-04-21T05:03:33.365+0000] {logging_mixin.py:188} INFO - [2026-04-21T05:03:33.364+0000] {dag.py:3036} INFO - Sync 1 DAGs
[2026-04-21T05:03:33.379+0000] {logging_mixin.py:188} INFO - [2026-04-21T05:03:33.378+0000] {dag.py:3823} INFO - Setting next_dagrun for example_time_delta_sensor_async to None, run_after=None
[2026-04-21T05:03:33.398+0000] {processor.py:183} INFO - Processing /home/airflow/.local/lib/python3.8/site-packages/airflow/example_dags/example_time_delta_sensor_async.py took 0.074 seconds
[2026-04-21T05:04:03.927+0000] {processor.py:161} INFO - Started process (PID=3735844) to work on /home/airflow/.local/lib/python3.8/site-packages/airflow/example_dags/example_time_delta_sensor_async.py
[2026-04-21T05:04:03.929+0000] {processor.py:830} INFO - Processing file /home/airflow/.local/lib/python3.8/site-packages/airflow/example_dags/example_time_delta_sensor_async.py for tasks to queue
[2026-04-21T05:04:03.931+0000] {logging_mixin.py:188} INFO - [2026-04-21T05:04:03.931+0000] {dagbag.py:538} INFO - Filling up the DagBag from /home/airflow/.local/lib/python3.8/site-packages/airflow/example_dags/example_time_delta_sensor_async.py
[2026-04-21T05:04:03.937+0000] {processor.py:840} INFO - DAG(s) 'example_time_delta_sensor_async' retrieved from /home/airflow/.local/lib/python3.8/site-packages/airflow/example_dags/example_time_delta_sensor_async.py
[2026-04-21T05:04:03.962+0000] {logging_mixin.py:188} INFO - [2026-04-21T05:04:03.962+0000] {dag.py:3036} INFO - Sync 1 DAGs
[2026-04-21T05:04:03.975+0000] {logging_mixin.py:188} INFO - [2026-04-21T05:04:03.975+0000] {dag.py:3823} INFO - Setting next_dagrun for example_time_delta_sensor_async to None, run_after=None
[2026-04-21T05:04:03.993+0000] {processor.py:183} INFO - Processing /home/airflow/.local/lib/python3.8/site-packages/airflow/example_dags/example_time_delta_sensor_async.py took 0.071 seconds
[2026-04-21T05:04:34.327+0000] {processor.py:161} INFO - Started process (PID=3735901) to work on /home/airflow/.local/lib/python3.8/site-packages/airflow/example_dags/example_time_delta_sensor_async.py
[2026-04-21T05:04:34.329+0000] {processor.py:830} INFO - Processing file /home/airflow/.local/lib/python3.8/site-packages/airflow/example_dags/example_time_delta_sensor_async.py for tasks to queue
[2026-04-21T05:04:34.331+0000] {logging_mixin.py:188} INFO - [2026-04-21T05:04:34.331+0000] {dagbag.py:538} INFO - Filling up the DagBag from /home/airflow/.local/lib/python3.8/site-packages/airflow/example_dags/example_time_delta_sensor_async.py
[2026-04-21T05:04:34.337+0000] {processor.py:840} INFO - DAG(s) 'example_time_delta_sensor_async' retrieved from /home/airflow/.local/lib/python3.8/site-packages/airflow/example_dags/example_time_delta_sensor_async.py
[2026-04-21T05:04:34.362+0000] {logging_mixin.py:188} INFO - [2026-04-21T05:04:34.362+0000] {dag.py:3036} INFO - Sync 1 DAGs
[2026-04-21T05:04:34.376+0000] {logging_mixin.py:188} INFO - [2026-04-21T05:04:34.376+0000] {dag.py:3823} INFO - Setting next_dagrun for example_time_delta_sensor_async to None, run_after=None
[2026-04-21T05:04:34.395+0000] {processor.py:183} INFO - Processing /home/airflow/.local/lib/python3.8/site-packages/airflow/example_dags/example_time_delta_sensor_async.py took 0.073 seconds
[2026-04-21T05:05:05.222+0000] {processor.py:161} INFO - Started process (PID=3735958) to work on /home/airflow/.local/lib/python3.8/site-packages/airflow/example_dags/example_time_delta_sensor_async.py
[2026-04-21T05:05:05.224+0000] {processor.py:830} INFO - Processing file /home/airflow/.local/lib/python3.8/site-packages/airflow/example_dags/example_time_delta_sensor_async.py for tasks to queue
[2026-04-21T05:05:05.226+0000] {logging_mixin.py:188} INFO - [2026-04-21T05:05:05.225+0000] {dagbag.py:538} INFO - Filling up the DagBag from /home/airflow/.local/lib/python3.8/site-packages/airflow/example_dags/example_time_delta_sensor_async.py
[2026-04-21T05:05:05.232+0000] {processor.py:840} INFO - DAG(s) 'example_time_delta_sensor_async' retrieved from /home/airflow/.local/lib/python3.8/site-packages/airflow/example_dags/example_time_delta_sensor_async.py
[2026-04-21T05:05:05.255+0000] {logging_mixin.py:188} INFO - [2026-04-21T05:05:05.255+0000] {dag.py:3036} INFO - Sync 1 DAGs
[2026-04-21T05:05:05.269+0000] {logging_mixin.py:188} INFO - [2026-04-21T05:05:05.269+0000] {dag.py:3823} INFO - Setting next_dagrun for example_time_delta_sensor_async to None, run_after=None
[2026-04-21T05:05:05.288+0000] {processor.py:183} INFO - Processing /home/airflow/.local/lib/python3.8/site-packages/airflow/example_dags/example_time_delta_sensor_async.py took 0.071 seconds
[2026-04-21T05:05:35.871+0000] {processor.py:161} INFO - Started process (PID=3736015) to work on /home/airflow/.local/lib/python3.8/site-packages/airflow/example_dags/example_time_delta_sensor_async.py
[2026-04-21T05:05:35.873+0000] {processor.py:830} INFO - Processing file /home/airflow/.local/lib/python3.8/site-packages/airflow/example_dags/example_time_delta_sensor_async.py for tasks to queue
[2026-04-21T05:05:35.876+0000] {logging_mixin.py:188} INFO - [2026-04-21T05:05:35.876+0000] {dagbag.py:538} INFO - Filling up the DagBag from /home/airflow/.local/lib/python3.8/site-packages/airflow/example_dags/example_time_delta_sensor_async.py
[2026-04-21T05:05:35.883+0000] {processor.py:840} INFO - DAG(s) 'example_time_delta_sensor_async' retrieved from /home/airflow/.local/lib/python3.8/site-packages/airflow/example_dags/example_time_delta_sensor_async.py
[2026-04-21T05:05:35.911+0000] {logging_mixin.py:188} INFO - [2026-04-21T05:05:35.911+0000] {dag.py:3036} INFO - Sync 1 DAGs
[2026-04-21T05:05:35.925+0000] {logging_mixin.py:188} INFO - [2026-04-21T05:05:35.925+0000] {dag.py:3823} INFO - Setting next_dagrun for example_time_delta_sensor_async to None, run_after=None
[2026-04-21T05:05:35.944+0000] {processor.py:183} INFO - Processing /home/airflow/.local/lib/python3.8/site-packages/airflow/example_dags/example_time_delta_sensor_async.py took 0.078 seconds
[2026-04-21T05:06:06.328+0000] {processor.py:161} INFO - Started process (PID=3736072) to work on /home/airflow/.local/lib/python3.8/site-packages/airflow/example_dags/example_time_delta_sensor_async.py
[2026-04-21T05:06:06.330+0000] {processor.py:830} INFO - Processing file /home/airflow/.local/lib/python3.8/site-packages/airflow/example_dags/example_time_delta_sensor_async.py for tasks to queue
[2026-04-21T05:06:06.332+0000] {logging_mixin.py:188} INFO - [2026-04-21T05:06:06.332+0000] {dagbag.py:538} INFO - Filling up the DagBag from /home/airflow/.local/lib/python3.8/site-packages/airflow/example_dags/example_time_delta_sensor_async.py
[2026-04-21T05:06:06.339+0000] {processor.py:840} INFO - DAG(s) 'example_time_delta_sensor_async' retrieved from /home/airflow/.local/lib/python3.8/site-packages/airflow/example_dags/example_time_delta_sensor_async.py
[2026-04-21T05:06:06.364+0000] {logging_mixin.py:188} INFO - [2026-04-21T05:06:06.363+0000] {dag.py:3036} INFO - Sync 1 DAGs
[2026-04-21T05:06:06.377+0000] {logging_mixin.py:188} INFO - [2026-04-21T05:06:06.377+0000] {dag.py:3823} INFO - Setting next_dagrun for example_time_delta_sensor_async to None, run_after=None
[2026-04-21T05:06:06.395+0000] {processor.py:183} INFO - Processing /home/airflow/.local/lib/python3.8/site-packages/airflow/example_dags/example_time_delta_sensor_async.py took 0.072 seconds
[2026-04-21T05:06:36.608+0000] {processor.py:161} INFO - Started process (PID=3736129) to work on /home/airflow/.local/lib/python3.8/site-packages/airflow/example_dags/example_time_delta_sensor_async.py
[2026-04-21T05:06:36.609+0000] {processor.py:830} INFO - Processing file /home/airflow/.local/lib/python3.8/site-packages/airflow/example_dags/example_time_delta_sensor_async.py for tasks to queue
[2026-04-21T05:06:36.612+0000] {logging_mixin.py:188} INFO - [2026-04-21T05:06:36.611+0000] {dagbag.py:538} INFO - Filling up the DagBag from /home/airflow/.local/lib/python3.8/site-packages/airflow/example_dags/example_time_delta_sensor_async.py
[2026-04-21T05:06:36.618+0000] {processor.py:840} INFO - DAG(s) 'example_time_delta_sensor_async' retrieved from /home/airflow/.local/lib/python3.8/site-packages/airflow/example_dags/example_time_delta_sensor_async.py
[2026-04-21T05:06:36.643+0000] {logging_mixin.py:188} INFO - [2026-04-21T05:06:36.642+0000] {dag.py:3036} INFO - Sync 1 DAGs
[2026-04-21T05:06:36.657+0000] {logging_mixin.py:188} INFO - [2026-04-21T05:06:36.656+0000] {dag.py:3823} INFO - Setting next_dagrun for example_time_delta_sensor_async to None, run_after=None
[2026-04-21T05:06:36.675+0000] {processor.py:183} INFO - Processing /home/airflow/.local/lib/python3.8/site-packages/airflow/example_dags/example_time_delta_sensor_async.py took 0.072 seconds
[2026-04-21T05:07:07.230+0000] {processor.py:161} INFO - Started process (PID=3736186) to work on /home/airflow/.local/lib/python3.8/site-packages/airflow/example_dags/example_time_delta_sensor_async.py
[2026-04-21T05:07:07.232+0000] {processor.py:830} INFO - Processing file /home/airflow/.local/lib/python3.8/site-packages/airflow/example_dags/example_time_delta_sensor_async.py for tasks to queue
[2026-04-21T05:07:07.234+0000] {logging_mixin.py:188} INFO - [2026-04-21T05:07:07.234+0000] {dagbag.py:538} INFO - Filling up the DagBag from /home/airflow/.local/lib/python3.8/site-packages/airflow/example_dags/example_time_delta_sensor_async.py
[2026-04-21T05:07:07.240+0000] {processor.py:840} INFO - DAG(s) 'example_time_delta_sensor_async' retrieved from /home/airflow/.local/lib/python3.8/site-packages/airflow/example_dags/example_time_delta_sensor_async.py
[2026-04-21T05:07:07.265+0000] {logging_mixin.py:188} INFO - [2026-04-21T05:07:07.265+0000] {dag.py:3036} INFO - Sync 1 DAGs
[2026-04-21T05:07:07.280+0000] {logging_mixin.py:188} INFO - [2026-04-21T05:07:07.279+0000] {dag.py:3823} INFO - Setting next_dagrun for example_time_delta_sensor_async to None, run_after=None
[2026-04-21T05:07:07.298+0000] {processor.py:183} INFO - Processing /home/airflow/.local/lib/python3.8/site-packages/airflow/example_dags/example_time_delta_sensor_async.py took 0.073 seconds
[2026-04-21T05:07:37.363+0000] {processor.py:161} INFO - Started process (PID=3736243) to work on /home/airflow/.local/lib/python3.8/site-packages/airflow/example_dags/example_time_delta_sensor_async.py
[2026-04-21T05:07:37.365+0000] {processor.py:830} INFO - Processing file /home/airflow/.local/lib/python3.8/site-packages/airflow/example_dags/example_time_delta_sensor_async.py for tasks to queue
[2026-04-21T05:07:37.367+0000] {logging_mixin.py:188} INFO - [2026-04-21T05:07:37.367+0000] {dagbag.py:538} INFO - Filling up the DagBag from /home/airflow/.local/lib/python3.8/site-packages/airflow/example_dags/example_time_delta_sensor_async.py
[2026-04-21T05:07:37.374+0000] {processor.py:840} INFO - DAG(s) 'example_time_delta_sensor_async' retrieved from /home/airflow/.local/lib/python3.8/site-packages/airflow/example_dags/example_time_delta_sensor_async.py
[2026-04-21T05:07:37.403+0000] {logging_mixin.py:188} INFO - [2026-04-21T05:07:37.402+0000] {dag.py:3036} INFO - Sync 1 DAGs
[2026-04-21T05:07:37.423+0000] {logging_mixin.py:188} INFO - [2026-04-21T05:07:37.423+0000] {dag.py:3823} INFO - Setting next_dagrun for example_time_delta_sensor_async to None, run_after=None
[2026-04-21T05:07:37.446+0000] {processor.py:183} INFO - Processing /home/airflow/.local/lib/python3.8/site-packages/airflow/example_dags/example_time_delta_sensor_async.py took 0.088 seconds
[2026-04-21T05:08:07.596+0000] {processor.py:161} INFO - Started process (PID=3736300) to work on /home/airflow/.local/lib/python3.8/site-packages/airflow/example_dags/example_time_delta_sensor_async.py
[2026-04-21T05:08:07.598+0000] {processor.py:830} INFO - Processing file /home/airflow/.local/lib/python3.8/site-packages/airflow/example_dags/example_time_delta_sensor_async.py for tasks to queue
[2026-04-21T05:08:07.600+0000] {logging_mixin.py:188} INFO - [2026-04-21T05:08:07.600+0000] {dagbag.py:538} INFO - Filling up the DagBag from /home/airflow/.local/lib/python3.8/site-packages/airflow/example_dags/example_time_delta_sensor_async.py
[2026-04-21T05:08:07.607+0000] {processor.py:840} INFO - DAG(s) 'example_time_delta_sensor_async' retrieved from /home/airflow/.local/lib/python3.8/site-packages/airflow/example_dags/example_time_delta_sensor_async.py
[2026-04-21T05:08:07.632+0000] {logging_mixin.py:188} INFO - [2026-04-21T05:08:07.631+0000] {dag.py:3036} INFO - Sync 1 DAGs
[2026-04-21T05:08:07.646+0000] {logging_mixin.py:188} INFO - [2026-04-21T05:08:07.646+0000] {dag.py:3823} INFO - Setting next_dagrun for example_time_delta_sensor_async to None, run_after=None
[2026-04-21T05:08:07.664+0000] {processor.py:183} INFO - Processing /home/airflow/.local/lib/python3.8/site-packages/airflow/example_dags/example_time_delta_sensor_async.py took 0.073 seconds
[2026-04-21T05:08:38.035+0000] {processor.py:161} INFO - Started process (PID=3736357) to work on /home/airflow/.local/lib/python3.8/site-packages/airflow/example_dags/example_time_delta_sensor_async.py
[2026-04-21T05:08:38.037+0000] {processor.py:830} INFO - Processing file /home/airflow/.local/lib/python3.8/site-packages/airflow/example_dags/example_time_delta_sensor_async.py for tasks to queue
[2026-04-21T05:08:38.039+0000] {logging_mixin.py:188} INFO - [2026-04-21T05:08:38.039+0000] {dagbag.py:538} INFO - Filling up the DagBag from /home/airflow/.local/lib/python3.8/site-packages/airflow/example_dags/example_time_delta_sensor_async.py
[2026-04-21T05:08:38.046+0000] {processor.py:840} INFO - DAG(s) 'example_time_delta_sensor_async' retrieved from /home/airflow/.local/lib/python3.8/site-packages/airflow/example_dags/example_time_delta_sensor_async.py
[2026-04-21T05:08:38.070+0000] {logging_mixin.py:188} INFO - [2026-04-21T05:08:38.070+0000] {dag.py:3036} INFO - Sync 1 DAGs
[2026-04-21T05:08:38.085+0000] {logging_mixin.py:188} INFO - [2026-04-21T05:08:38.085+0000] {dag.py:3823} INFO - Setting next_dagrun for example_time_delta_sensor_async to None, run_after=None
[2026-04-21T05:08:38.112+0000] {processor.py:183} INFO - Processing /home/airflow/.local/lib/python3.8/site-packages/airflow/example_dags/example_time_delta_sensor_async.py took 0.081 seconds
[2026-04-21T05:09:08.259+0000] {processor.py:161} INFO - Started process (PID=3736414) to work on /home/airflow/.local/lib/python3.8/site-packages/airflow/example_dags/example_time_delta_sensor_async.py
[2026-04-21T05:09:08.261+0000] {processor.py:830} INFO - Processing file /home/airflow/.local/lib/python3.8/site-packages/airflow/example_dags/example_time_delta_sensor_async.py for tasks to queue
[2026-04-21T05:09:08.263+0000] {logging_mixin.py:188} INFO - [2026-04-21T05:09:08.263+0000] {dagbag.py:538} INFO - Filling up the DagBag from /home/airflow/.local/lib/python3.8/site-packages/airflow/example_dags/example_time_delta_sensor_async.py
[2026-04-21T05:09:08.270+0000] {processor.py:840} INFO - DAG(s) 'example_time_delta_sensor_async' retrieved from /home/airflow/.local/lib/python3.8/site-packages/airflow/example_dags/example_time_delta_sensor_async.py
[2026-04-21T05:09:08.293+0000] {logging_mixin.py:188} INFO - [2026-04-21T05:09:08.293+0000] {dag.py:3036} INFO - Sync 1 DAGs
[2026-04-21T05:09:08.307+0000] {logging_mixin.py:188} INFO - [2026-04-21T05:09:08.307+0000] {dag.py:3823} INFO - Setting next_dagrun for example_time_delta_sensor_async to None, run_after=None
[2026-04-21T05:09:08.325+0000] {processor.py:183} INFO - Processing /home/airflow/.local/lib/python3.8/site-packages/airflow/example_dags/example_time_delta_sensor_async.py took 0.070 seconds
[2026-04-21T05:09:38.423+0000] {processor.py:161} INFO - Started process (PID=3736471) to work on /home/airflow/.local/lib/python3.8/site-packages/airflow/example_dags/example_time_delta_sensor_async.py
[2026-04-21T05:09:38.425+0000] {processor.py:830} INFO - Processing file /home/airflow/.local/lib/python3.8/site-packages/airflow/example_dags/example_time_delta_sensor_async.py for tasks to queue
[2026-04-21T05:09:38.428+0000] {logging_mixin.py:188} INFO - [2026-04-21T05:09:38.427+0000] {dagbag.py:538} INFO - Filling up the DagBag from /home/airflow/.local/lib/python3.8/site-packages/airflow/example_dags/example_time_delta_sensor_async.py
[2026-04-21T05:09:38.435+0000] {processor.py:840} INFO - DAG(s) 'example_time_delta_sensor_async' retrieved from /home/airflow/.local/lib/python3.8/site-packages/airflow/example_dags/example_time_delta_sensor_async.py
[2026-04-21T05:09:38.461+0000] {logging_mixin.py:188} INFO - [2026-04-21T05:09:38.461+0000] {dag.py:3036} INFO - Sync 1 DAGs
[2026-04-21T05:09:38.475+0000] {logging_mixin.py:188} INFO - [2026-04-21T05:09:38.475+0000] {dag.py:3823} INFO - Setting next_dagrun for example_time_delta_sensor_async to None, run_after=None
[2026-04-21T05:09:38.496+0000] {processor.py:183} INFO - Processing /home/airflow/.local/lib/python3.8/site-packages/airflow/example_dags/example_time_delta_sensor_async.py took 0.078 seconds
[2026-04-21T05:10:08.712+0000] {processor.py:161} INFO - Started process (PID=3736528) to work on /home/airflow/.local/lib/python3.8/site-packages/airflow/example_dags/example_time_delta_sensor_async.py
[2026-04-21T05:10:08.714+0000] {processor.py:830} INFO - Processing file /home/airflow/.local/lib/python3.8/site-packages/airflow/example_dags/example_time_delta_sensor_async.py for tasks to queue
[2026-04-21T05:10:08.716+0000] {logging_mixin.py:188} INFO - [2026-04-21T05:10:08.716+0000] {dagbag.py:538} INFO - Filling up the DagBag from /home/airflow/.local/lib/python3.8/site-packages/airflow/example_dags/example_time_delta_sensor_async.py
[2026-04-21T05:10:08.722+0000] {processor.py:840} INFO - DAG(s) 'example_time_delta_sensor_async' retrieved from /home/airflow/.local/lib/python3.8/site-packages/airflow/example_dags/example_time_delta_sensor_async.py
[2026-04-21T05:10:08.747+0000] {logging_mixin.py:188} INFO - [2026-04-21T05:10:08.747+0000] {dag.py:3036} INFO - Sync 1 DAGs
[2026-04-21T05:10:08.761+0000] {logging_mixin.py:188} INFO - [2026-04-21T05:10:08.761+0000] {dag.py:3823} INFO - Setting next_dagrun for example_time_delta_sensor_async to None, run_after=None
[2026-04-21T05:10:08.780+0000] {processor.py:183} INFO - Processing /home/airflow/.local/lib/python3.8/site-packages/airflow/example_dags/example_time_delta_sensor_async.py took 0.073 seconds
[2026-04-21T05:10:38.908+0000] {processor.py:161} INFO - Started process (PID=3736585) to work on /home/airflow/.local/lib/python3.8/site-packages/airflow/example_dags/example_time_delta_sensor_async.py
[2026-04-21T05:10:38.910+0000] {processor.py:830} INFO - Processing file /home/airflow/.local/lib/python3.8/site-packages/airflow/example_dags/example_time_delta_sensor_async.py for tasks to queue
[2026-04-21T05:10:38.912+0000] {logging_mixin.py:188} INFO - [2026-04-21T05:10:38.912+0000] {dagbag.py:538} INFO - Filling up the DagBag from /home/airflow/.local/lib/python3.8/site-packages/airflow/example_dags/example_time_delta_sensor_async.py
[2026-04-21T05:10:38.918+0000] {processor.py:840} INFO - DAG(s) 'example_time_delta_sensor_async' retrieved from /home/airflow/.local/lib/python3.8/site-packages/airflow/example_dags/example_time_delta_sensor_async.py
[2026-04-21T05:10:38.942+0000] {logging_mixin.py:188} INFO - [2026-04-21T05:10:38.942+0000] {dag.py:3036} INFO - Sync 1 DAGs
[2026-04-21T05:10:38.956+0000] {logging_mixin.py:188} INFO - [2026-04-21T05:10:38.955+0000] {dag.py:3823} INFO - Setting next_dagrun for example_time_delta_sensor_async to None, run_after=None
[2026-04-21T05:10:38.974+0000] {processor.py:183} INFO - Processing /home/airflow/.local/lib/python3.8/site-packages/airflow/example_dags/example_time_delta_sensor_async.py took 0.071 seconds
[2026-04-21T05:11:09.045+0000] {processor.py:161} INFO - Started process (PID=3736642) to work on /home/airflow/.local/lib/python3.8/site-packages/airflow/example_dags/example_time_delta_sensor_async.py
[2026-04-21T05:11:09.047+0000] {processor.py:830} INFO - Processing file /home/airflow/.local/lib/python3.8/site-packages/airflow/example_dags/example_time_delta_sensor_async.py for tasks to queue
[2026-04-21T05:11:09.049+0000] {logging_mixin.py:188} INFO - [2026-04-21T05:11:09.049+0000] {dagbag.py:538} INFO - Filling up the DagBag from /home/airflow/.local/lib/python3.8/site-packages/airflow/example_dags/example_time_delta_sensor_async.py
[2026-04-21T05:11:09.055+0000] {processor.py:840} INFO - DAG(s) 'example_time_delta_sensor_async' retrieved from /home/airflow/.local/lib/python3.8/site-packages/airflow/example_dags/example_time_delta_sensor_async.py
[2026-04-21T05:11:09.078+0000] {logging_mixin.py:188} INFO - [2026-04-21T05:11:09.078+0000] {dag.py:3036} INFO - Sync 1 DAGs
[2026-04-21T05:11:09.092+0000] {logging_mixin.py:188} INFO - [2026-04-21T05:11:09.091+0000] {dag.py:3823} INFO - Setting next_dagrun for example_time_delta_sensor_async to None, run_after=None
[2026-04-21T05:11:09.110+0000] {processor.py:183} INFO - Processing /home/airflow/.local/lib/python3.8/site-packages/airflow/example_dags/example_time_delta_sensor_async.py took 0.069 seconds
[2026-04-21T05:11:39.369+0000] {processor.py:161} INFO - Started process (PID=3736699) to work on /home/airflow/.local/lib/python3.8/site-packages/airflow/example_dags/example_time_delta_sensor_async.py
[2026-04-21T05:11:39.371+0000] {processor.py:830} INFO - Processing file /home/airflow/.local/lib/python3.8/site-packages/airflow/example_dags/example_time_delta_sensor_async.py for tasks to queue
[2026-04-21T05:11:39.373+0000] {logging_mixin.py:188} INFO - [2026-04-21T05:11:39.372+0000] {dagbag.py:538} INFO - Filling up the DagBag from /home/airflow/.local/lib/python3.8/site-packages/airflow/example_dags/example_time_delta_sensor_async.py
[2026-04-21T05:11:39.379+0000] {processor.py:840} INFO - DAG(s) 'example_time_delta_sensor_async' retrieved from /home/airflow/.local/lib/python3.8/site-packages/airflow/example_dags/example_time_delta_sensor_async.py
[2026-04-21T05:11:39.404+0000] {logging_mixin.py:188} INFO - [2026-04-21T05:11:39.404+0000] {dag.py:3036} INFO - Sync 1 DAGs
[2026-04-21T05:11:39.418+0000] {logging_mixin.py:188} INFO - [2026-04-21T05:11:39.418+0000] {dag.py:3823} INFO - Setting next_dagrun for example_time_delta_sensor_async to None, run_after=None
[2026-04-21T05:11:39.438+0000] {processor.py:183} INFO - Processing /home/airflow/.local/lib/python3.8/site-packages/airflow/example_dags/example_time_delta_sensor_async.py took 0.074 seconds
[2026-04-21T05:12:09.562+0000] {processor.py:161} INFO - Started process (PID=3736756) to work on /home/airflow/.local/lib/python3.8/site-packages/airflow/example_dags/example_time_delta_sensor_async.py
[2026-04-21T05:12:09.564+0000] {processor.py:830} INFO - Processing file /home/airflow/.local/lib/python3.8/site-packages/airflow/example_dags/example_time_delta_sensor_async.py for tasks to queue
[2026-04-21T05:12:09.567+0000] {logging_mixin.py:188} INFO - [2026-04-21T05:12:09.566+0000] {dagbag.py:538} INFO - Filling up the DagBag from /home/airflow/.local/lib/python3.8/site-packages/airflow/example_dags/example_time_delta_sensor_async.py
[2026-04-21T05:12:09.572+0000] {processor.py:840} INFO - DAG(s) 'example_time_delta_sensor_async' retrieved from /home/airflow/.local/lib/python3.8/site-packages/airflow/example_dags/example_time_delta_sensor_async.py
[2026-04-21T05:12:09.596+0000] {logging_mixin.py:188} INFO - [2026-04-21T05:12:09.596+0000] {dag.py:3036} INFO - Sync 1 DAGs
[2026-04-21T05:12:09.610+0000] {logging_mixin.py:188} INFO - [2026-04-21T05:12:09.610+0000] {dag.py:3823} INFO - Setting next_dagrun for example_time_delta_sensor_async to None, run_after=None
[2026-04-21T05:12:09.629+0000] {processor.py:183} INFO - Processing /home/airflow/.local/lib/python3.8/site-packages/airflow/example_dags/example_time_delta_sensor_async.py took 0.071 seconds
[2026-04-21T05:12:39.927+0000] {processor.py:161} INFO - Started process (PID=3736813) to work on /home/airflow/.local/lib/python3.8/site-packages/airflow/example_dags/example_time_delta_sensor_async.py
[2026-04-21T05:12:39.928+0000] {processor.py:830} INFO - Processing file /home/airflow/.local/lib/python3.8/site-packages/airflow/example_dags/example_time_delta_sensor_async.py for tasks to queue
[2026-04-21T05:12:39.931+0000] {logging_mixin.py:188} INFO - [2026-04-21T05:12:39.930+0000] {dagbag.py:538} INFO - Filling up the DagBag from /home/airflow/.local/lib/python3.8/site-packages/airflow/example_dags/example_time_delta_sensor_async.py
[2026-04-21T05:12:39.937+0000] {processor.py:840} INFO - DAG(s) 'example_time_delta_sensor_async' retrieved from /home/airflow/.local/lib/python3.8/site-packages/airflow/example_dags/example_time_delta_sensor_async.py
[2026-04-21T05:12:39.961+0000] {logging_mixin.py:188} INFO - [2026-04-21T05:12:39.961+0000] {dag.py:3036} INFO - Sync 1 DAGs
[2026-04-21T05:12:39.975+0000] {logging_mixin.py:188} INFO - [2026-04-21T05:12:39.975+0000] {dag.py:3823} INFO - Setting next_dagrun for example_time_delta_sensor_async to None, run_after=None
[2026-04-21T05:12:39.994+0000] {processor.py:183} INFO - Processing /home/airflow/.local/lib/python3.8/site-packages/airflow/example_dags/example_time_delta_sensor_async.py took 0.072 seconds
[2026-04-21T05:13:10.228+0000] {processor.py:161} INFO - Started process (PID=3736870) to work on /home/airflow/.local/lib/python3.8/site-packages/airflow/example_dags/example_time_delta_sensor_async.py
[2026-04-21T05:13:10.230+0000] {processor.py:830} INFO - Processing file /home/airflow/.local/lib/python3.8/site-packages/airflow/example_dags/example_time_delta_sensor_async.py for tasks to queue
[2026-04-21T05:13:10.232+0000] {logging_mixin.py:188} INFO - [2026-04-21T05:13:10.232+0000] {dagbag.py:538} INFO - Filling up the DagBag from /home/airflow/.local/lib/python3.8/site-packages/airflow/example_dags/example_time_delta_sensor_async.py
[2026-04-21T05:13:10.239+0000] {processor.py:840} INFO - DAG(s) 'example_time_delta_sensor_async' retrieved from /home/airflow/.local/lib/python3.8/site-packages/airflow/example_dags/example_time_delta_sensor_async.py
[2026-04-21T05:13:10.263+0000] {logging_mixin.py:188} INFO - [2026-04-21T05:13:10.263+0000] {dag.py:3036} INFO - Sync 1 DAGs
[2026-04-21T05:13:10.277+0000] {logging_mixin.py:188} INFO - [2026-04-21T05:13:10.277+0000] {dag.py:3823} INFO - Setting next_dagrun for example_time_delta_sensor_async to None, run_after=None
[2026-04-21T05:13:10.295+0000] {processor.py:183} INFO - Processing /home/airflow/.local/lib/python3.8/site-packages/airflow/example_dags/example_time_delta_sensor_async.py took 0.072 seconds
[2026-04-21T05:13:40.439+0000] {processor.py:161} INFO - Started process (PID=3736927) to work on /home/airflow/.local/lib/python3.8/site-packages/airflow/example_dags/example_time_delta_sensor_async.py
[2026-04-21T05:13:40.441+0000] {processor.py:830} INFO - Processing file /home/airflow/.local/lib/python3.8/site-packages/airflow/example_dags/example_time_delta_sensor_async.py for tasks to queue
[2026-04-21T05:13:40.444+0000] {logging_mixin.py:188} INFO - [2026-04-21T05:13:40.443+0000] {dagbag.py:538} INFO - Filling up the DagBag from /home/airflow/.local/lib/python3.8/site-packages/airflow/example_dags/example_time_delta_sensor_async.py
[2026-04-21T05:13:40.450+0000] {processor.py:840} INFO - DAG(s) 'example_time_delta_sensor_async' retrieved from /home/airflow/.local/lib/python3.8/site-packages/airflow/example_dags/example_time_delta_sensor_async.py
[2026-04-21T05:13:40.476+0000] {logging_mixin.py:188} INFO - [2026-04-21T05:13:40.476+0000] {dag.py:3036} INFO - Sync 1 DAGs
[2026-04-21T05:13:40.490+0000] {logging_mixin.py:188} INFO - [2026-04-21T05:13:40.490+0000] {dag.py:3823} INFO - Setting next_dagrun for example_time_delta_sensor_async to None, run_after=None
[2026-04-21T05:13:40.509+0000] {processor.py:183} INFO - Processing /home/airflow/.local/lib/python3.8/site-packages/airflow/example_dags/example_time_delta_sensor_async.py took 0.075 seconds
[2026-04-21T05:14:10.854+0000] {processor.py:161} INFO - Started process (PID=3736984) to work on /home/airflow/.local/lib/python3.8/site-packages/airflow/example_dags/example_time_delta_sensor_async.py
[2026-04-21T05:14:10.856+0000] {processor.py:830} INFO - Processing file /home/airflow/.local/lib/python3.8/site-packages/airflow/example_dags/example_time_delta_sensor_async.py for tasks to queue
[2026-04-21T05:14:10.858+0000] {logging_mixin.py:188} INFO - [2026-04-21T05:14:10.858+0000] {dagbag.py:538} INFO - Filling up the DagBag from /home/airflow/.local/lib/python3.8/site-packages/airflow/example_dags/example_time_delta_sensor_async.py
[2026-04-21T05:14:10.864+0000] {processor.py:840} INFO - DAG(s) 'example_time_delta_sensor_async' retrieved from /home/airflow/.local/lib/python3.8/site-packages/airflow/example_dags/example_time_delta_sensor_async.py
[2026-04-21T05:14:10.890+0000] {logging_mixin.py:188} INFO - [2026-04-21T05:14:10.889+0000] {dag.py:3036} INFO - Sync 1 DAGs
[2026-04-21T05:14:10.903+0000] {logging_mixin.py:188} INFO - [2026-04-21T05:14:10.903+0000] {dag.py:3823} INFO - Setting next_dagrun for example_time_delta_sensor_async to None, run_after=None
[2026-04-21T05:14:10.924+0000] {processor.py:183} INFO - Processing /home/airflow/.local/lib/python3.8/site-packages/airflow/example_dags/example_time_delta_sensor_async.py took 0.074 seconds
[2026-04-21T05:14:41.134+0000] {processor.py:161} INFO - Started process (PID=3737041) to work on /home/airflow/.local/lib/python3.8/site-packages/airflow/example_dags/example_time_delta_sensor_async.py
[2026-04-21T05:14:41.136+0000] {processor.py:830} INFO - Processing file /home/airflow/.local/lib/python3.8/site-packages/airflow/example_dags/example_time_delta_sensor_async.py for tasks to queue
[2026-04-21T05:14:41.139+0000] {logging_mixin.py:188} INFO - [2026-04-21T05:14:41.138+0000] {dagbag.py:538} INFO - Filling up the DagBag from /home/airflow/.local/lib/python3.8/site-packages/airflow/example_dags/example_time_delta_sensor_async.py
[2026-04-21T05:14:41.145+0000] {processor.py:840} INFO - DAG(s) 'example_time_delta_sensor_async' retrieved from /home/airflow/.local/lib/python3.8/site-packages/airflow/example_dags/example_time_delta_sensor_async.py
[2026-04-21T05:14:41.170+0000] {logging_mixin.py:188} INFO - [2026-04-21T05:14:41.170+0000] {dag.py:3036} INFO - Sync 1 DAGs
[2026-04-21T05:14:41.184+0000] {logging_mixin.py:188} INFO - [2026-04-21T05:14:41.184+0000] {dag.py:3823} INFO - Setting next_dagrun for example_time_delta_sensor_async to None, run_after=None
[2026-04-21T05:14:41.202+0000] {processor.py:183} INFO - Processing /home/airflow/.local/lib/python3.8/site-packages/airflow/example_dags/example_time_delta_sensor_async.py took 0.073 seconds
[2026-04-21T05:15:11.437+0000] {processor.py:161} INFO - Started process (PID=3737098) to work on /home/airflow/.local/lib/python3.8/site-packages/airflow/example_dags/example_time_delta_sensor_async.py
[2026-04-21T05:15:11.439+0000] {processor.py:830} INFO - Processing file /home/airflow/.local/lib/python3.8/site-packages/airflow/example_dags/example_time_delta_sensor_async.py for tasks to queue
[2026-04-21T05:15:11.441+0000] {logging_mixin.py:188} INFO - [2026-04-21T05:15:11.441+0000] {dagbag.py:538} INFO - Filling up the DagBag from /home/airflow/.local/lib/python3.8/site-packages/airflow/example_dags/example_time_delta_sensor_async.py
[2026-04-21T05:15:11.447+0000] {processor.py:840} INFO - DAG(s) 'example_time_delta_sensor_async' retrieved from /home/airflow/.local/lib/python3.8/site-packages/airflow/example_dags/example_time_delta_sensor_async.py
[2026-04-21T05:15:11.471+0000] {logging_mixin.py:188} INFO - [2026-04-21T05:15:11.471+0000] {dag.py:3036} INFO - Sync 1 DAGs
[2026-04-21T05:15:11.485+0000] {logging_mixin.py:188} INFO - [2026-04-21T05:15:11.485+0000] {dag.py:3823} INFO - Setting next_dagrun for example_time_delta_sensor_async to None, run_after=None
[2026-04-21T05:15:11.503+0000] {processor.py:183} INFO - Processing /home/airflow/.local/lib/python3.8/site-packages/airflow/example_dags/example_time_delta_sensor_async.py took 0.071 seconds
[2026-04-21T05:15:41.708+0000] {processor.py:161} INFO - Started process (PID=3737155) to work on /home/airflow/.local/lib/python3.8/site-packages/airflow/example_dags/example_time_delta_sensor_async.py
[2026-04-21T05:15:41.710+0000] {processor.py:830} INFO - Processing file /home/airflow/.local/lib/python3.8/site-packages/airflow/example_dags/example_time_delta_sensor_async.py for tasks to queue
[2026-04-21T05:15:41.712+0000] {logging_mixin.py:188} INFO - [2026-04-21T05:15:41.712+0000] {dagbag.py:538} INFO - Filling up the DagBag from /home/airflow/.local/lib/python3.8/site-packages/airflow/example_dags/example_time_delta_sensor_async.py
[2026-04-21T05:15:41.718+0000] {processor.py:840} INFO - DAG(s) 'example_time_delta_sensor_async' retrieved from /home/airflow/.local/lib/python3.8/site-packages/airflow/example_dags/example_time_delta_sensor_async.py
[2026-04-21T05:15:41.743+0000] {logging_mixin.py:188} INFO - [2026-04-21T05:15:41.743+0000] {dag.py:3036} INFO - Sync 1 DAGs
[2026-04-21T05:15:41.757+0000] {logging_mixin.py:188} INFO - [2026-04-21T05:15:41.757+0000] {dag.py:3823} INFO - Setting next_dagrun for example_time_delta_sensor_async to None, run_after=None
[2026-04-21T05:15:41.777+0000] {processor.py:183} INFO - Processing /home/airflow/.local/lib/python3.8/site-packages/airflow/example_dags/example_time_delta_sensor_async.py took 0.074 seconds
[2026-04-21T05:16:12.281+0000] {processor.py:161} INFO - Started process (PID=3737212) to work on /home/airflow/.local/lib/python3.8/site-packages/airflow/example_dags/example_time_delta_sensor_async.py
[2026-04-21T05:16:12.283+0000] {processor.py:830} INFO - Processing file /home/airflow/.local/lib/python3.8/site-packages/airflow/example_dags/example_time_delta_sensor_async.py for tasks to queue
[2026-04-21T05:16:12.286+0000] {logging_mixin.py:188} INFO - [2026-04-21T05:16:12.285+0000] {dagbag.py:538} INFO - Filling up the DagBag from /home/airflow/.local/lib/python3.8/site-packages/airflow/example_dags/example_time_delta_sensor_async.py
[2026-04-21T05:16:12.293+0000] {processor.py:840} INFO - DAG(s) 'example_time_delta_sensor_async' retrieved from /home/airflow/.local/lib/python3.8/site-packages/airflow/example_dags/example_time_delta_sensor_async.py
[2026-04-21T05:16:12.318+0000] {logging_mixin.py:188} INFO - [2026-04-21T05:16:12.318+0000] {dag.py:3036} INFO - Sync 1 DAGs
[2026-04-21T05:16:12.335+0000] {logging_mixin.py:188} INFO - [2026-04-21T05:16:12.334+0000] {dag.py:3823} INFO - Setting next_dagrun for example_time_delta_sensor_async to None, run_after=None
[2026-04-21T05:16:12.357+0000] {processor.py:183} INFO - Processing /home/airflow/.local/lib/python3.8/site-packages/airflow/example_dags/example_time_delta_sensor_async.py took 0.080 seconds
[2026-04-21T05:16:42.489+0000] {processor.py:161} INFO - Started process (PID=3737269) to work on /home/airflow/.local/lib/python3.8/site-packages/airflow/example_dags/example_time_delta_sensor_async.py
[2026-04-21T05:16:42.491+0000] {processor.py:830} INFO - Processing file /home/airflow/.local/lib/python3.8/site-packages/airflow/example_dags/example_time_delta_sensor_async.py for tasks to queue
[2026-04-21T05:16:42.493+0000] {logging_mixin.py:188} INFO - [2026-04-21T05:16:42.493+0000] {dagbag.py:538} INFO - Filling up the DagBag from /home/airflow/.local/lib/python3.8/site-packages/airflow/example_dags/example_time_delta_sensor_async.py
[2026-04-21T05:16:42.499+0000] {processor.py:840} INFO - DAG(s) 'example_time_delta_sensor_async' retrieved from /home/airflow/.local/lib/python3.8/site-packages/airflow/example_dags/example_time_delta_sensor_async.py
[2026-04-21T05:16:42.524+0000] {logging_mixin.py:188} INFO - [2026-04-21T05:16:42.523+0000] {dag.py:3036} INFO - Sync 1 DAGs
[2026-04-21T05:16:42.538+0000] {logging_mixin.py:188} INFO - [2026-04-21T05:16:42.537+0000] {dag.py:3823} INFO - Setting next_dagrun for example_time_delta_sensor_async to None, run_after=None
[2026-04-21T05:16:42.557+0000] {processor.py:183} INFO - Processing /home/airflow/.local/lib/python3.8/site-packages/airflow/example_dags/example_time_delta_sensor_async.py took 0.073 seconds
[2026-04-21T05:17:12.809+0000] {processor.py:161} INFO - Started process (PID=3737326) to work on /home/airflow/.local/lib/python3.8/site-packages/airflow/example_dags/example_time_delta_sensor_async.py
[2026-04-21T05:17:12.810+0000] {processor.py:830} INFO - Processing file /home/airflow/.local/lib/python3.8/site-packages/airflow/example_dags/example_time_delta_sensor_async.py for tasks to queue
[2026-04-21T05:17:12.813+0000] {logging_mixin.py:188} INFO - [2026-04-21T05:17:12.812+0000] {dagbag.py:538} INFO - Filling up the DagBag from /home/airflow/.local/lib/python3.8/site-packages/airflow/example_dags/example_time_delta_sensor_async.py
[2026-04-21T05:17:12.819+0000] {processor.py:840} INFO - DAG(s) 'example_time_delta_sensor_async' retrieved from /home/airflow/.local/lib/python3.8/site-packages/airflow/example_dags/example_time_delta_sensor_async.py
[2026-04-21T05:17:12.843+0000] {logging_mixin.py:188} INFO - [2026-04-21T05:17:12.843+0000] {dag.py:3036} INFO - Sync 1 DAGs
[2026-04-21T05:17:12.857+0000] {logging_mixin.py:188} INFO - [2026-04-21T05:17:12.857+0000] {dag.py:3823} INFO - Setting next_dagrun for example_time_delta_sensor_async to None, run_after=None
[2026-04-21T05:17:12.877+0000] {processor.py:183} INFO - Processing /home/airflow/.local/lib/python3.8/site-packages/airflow/example_dags/example_time_delta_sensor_async.py took 0.073 seconds
[2026-04-21T05:17:43.027+0000] {processor.py:161} INFO - Started process (PID=3737383) to work on /home/airflow/.local/lib/python3.8/site-packages/airflow/example_dags/example_time_delta_sensor_async.py
[2026-04-21T05:17:43.029+0000] {processor.py:830} INFO - Processing file /home/airflow/.local/lib/python3.8/site-packages/airflow/example_dags/example_time_delta_sensor_async.py for tasks to queue
[2026-04-21T05:17:43.031+0000] {logging_mixin.py:188} INFO - [2026-04-21T05:17:43.031+0000] {dagbag.py:538} INFO - Filling up the DagBag from /home/airflow/.local/lib/python3.8/site-packages/airflow/example_dags/example_time_delta_sensor_async.py
[2026-04-21T05:17:43.037+0000] {processor.py:840} INFO - DAG(s) 'example_time_delta_sensor_async' retrieved from /home/airflow/.local/lib/python3.8/site-packages/airflow/example_dags/example_time_delta_sensor_async.py
[2026-04-21T05:17:43.063+0000] {logging_mixin.py:188} INFO - [2026-04-21T05:17:43.063+0000] {dag.py:3036} INFO - Sync 1 DAGs
[2026-04-21T05:17:43.077+0000] {logging_mixin.py:188} INFO - [2026-04-21T05:17:43.076+0000] {dag.py:3823} INFO - Setting next_dagrun for example_time_delta_sensor_async to None, run_after=None
[2026-04-21T05:17:43.096+0000] {processor.py:183} INFO - Processing /home/airflow/.local/lib/python3.8/site-packages/airflow/example_dags/example_time_delta_sensor_async.py took 0.074 seconds
[2026-04-21T05:18:13.277+0000] {processor.py:161} INFO - Started process (PID=3737440) to work on /home/airflow/.local/lib/python3.8/site-packages/airflow/example_dags/example_time_delta_sensor_async.py
[2026-04-21T05:18:13.279+0000] {processor.py:830} INFO - Processing file /home/airflow/.local/lib/python3.8/site-packages/airflow/example_dags/example_time_delta_sensor_async.py for tasks to queue
[2026-04-21T05:18:13.281+0000] {logging_mixin.py:188} INFO - [2026-04-21T05:18:13.281+0000] {dagbag.py:538} INFO - Filling up the DagBag from /home/airflow/.local/lib/python3.8/site-packages/airflow/example_dags/example_time_delta_sensor_async.py
[2026-04-21T05:18:13.288+0000] {processor.py:840} INFO - DAG(s) 'example_time_delta_sensor_async' retrieved from /home/airflow/.local/lib/python3.8/site-packages/airflow/example_dags/example_time_delta_sensor_async.py
[2026-04-21T05:18:13.312+0000] {logging_mixin.py:188} INFO - [2026-04-21T05:18:13.312+0000] {dag.py:3036} INFO - Sync 1 DAGs
[2026-04-21T05:18:13.326+0000] {logging_mixin.py:188} INFO - [2026-04-21T05:18:13.326+0000] {dag.py:3823} INFO - Setting next_dagrun for example_time_delta_sensor_async to None, run_after=None
[2026-04-21T05:18:13.344+0000] {processor.py:183} INFO - Processing /home/airflow/.local/lib/python3.8/site-packages/airflow/example_dags/example_time_delta_sensor_async.py took 0.072 seconds
[2026-04-21T05:18:44.382+0000] {processor.py:161} INFO - Started process (PID=3737497) to work on /home/airflow/.local/lib/python3.8/site-packages/airflow/example_dags/example_time_delta_sensor_async.py
[2026-04-21T05:18:44.383+0000] {processor.py:830} INFO - Processing file /home/airflow/.local/lib/python3.8/site-packages/airflow/example_dags/example_time_delta_sensor_async.py for tasks to queue
[2026-04-21T05:18:44.386+0000] {logging_mixin.py:188} INFO - [2026-04-21T05:18:44.386+0000] {dagbag.py:538} INFO - Filling up the DagBag from /home/airflow/.local/lib/python3.8/site-packages/airflow/example_dags/example_time_delta_sensor_async.py
[2026-04-21T05:18:44.392+0000] {processor.py:840} INFO - DAG(s) 'example_time_delta_sensor_async' retrieved from /home/airflow/.local/lib/python3.8/site-packages/airflow/example_dags/example_time_delta_sensor_async.py
[2026-04-21T05:18:44.418+0000] {logging_mixin.py:188} INFO - [2026-04-21T05:18:44.418+0000] {dag.py:3036} INFO - Sync 1 DAGs
[2026-04-21T05:18:44.433+0000] {logging_mixin.py:188} INFO - [2026-04-21T05:18:44.433+0000] {dag.py:3823} INFO - Setting next_dagrun for example_time_delta_sensor_async to None, run_after=None
[2026-04-21T05:18:44.453+0000] {processor.py:183} INFO - Processing /home/airflow/.local/lib/python3.8/site-packages/airflow/example_dags/example_time_delta_sensor_async.py took 0.076 seconds
[2026-04-21T05:19:14.666+0000] {processor.py:161} INFO - Started process (PID=3737554) to work on /home/airflow/.local/lib/python3.8/site-packages/airflow/example_dags/example_time_delta_sensor_async.py
[2026-04-21T05:19:14.668+0000] {processor.py:830} INFO - Processing file /home/airflow/.local/lib/python3.8/site-packages/airflow/example_dags/example_time_delta_sensor_async.py for tasks to queue
[2026-04-21T05:19:14.671+0000] {logging_mixin.py:188} INFO - [2026-04-21T05:19:14.670+0000] {dagbag.py:538} INFO - Filling up the DagBag from /home/airflow/.local/lib/python3.8/site-packages/airflow/example_dags/example_time_delta_sensor_async.py
[2026-04-21T05:19:14.677+0000] {processor.py:840} INFO - DAG(s) 'example_time_delta_sensor_async' retrieved from /home/airflow/.local/lib/python3.8/site-packages/airflow/example_dags/example_time_delta_sensor_async.py
[2026-04-21T05:19:14.703+0000] {logging_mixin.py:188} INFO - [2026-04-21T05:19:14.703+0000] {dag.py:3036} INFO - Sync 1 DAGs
[2026-04-21T05:19:14.719+0000] {logging_mixin.py:188} INFO - [2026-04-21T05:19:14.719+0000] {dag.py:3823} INFO - Setting next_dagrun for example_time_delta_sensor_async to None, run_after=None
[2026-04-21T05:19:14.742+0000] {processor.py:183} INFO - Processing /home/airflow/.local/lib/python3.8/site-packages/airflow/example_dags/example_time_delta_sensor_async.py took 0.081 seconds
[2026-04-21T05:19:44.944+0000] {processor.py:161} INFO - Started process (PID=3737611) to work on /home/airflow/.local/lib/python3.8/site-packages/airflow/example_dags/example_time_delta_sensor_async.py
[2026-04-21T05:19:44.947+0000] {processor.py:830} INFO - Processing file /home/airflow/.local/lib/python3.8/site-packages/airflow/example_dags/example_time_delta_sensor_async.py for tasks to queue
[2026-04-21T05:19:44.951+0000] {logging_mixin.py:188} INFO - [2026-04-21T05:19:44.950+0000] {dagbag.py:538} INFO - Filling up the DagBag from /home/airflow/.local/lib/python3.8/site-packages/airflow/example_dags/example_time_delta_sensor_async.py
[2026-04-21T05:19:44.959+0000] {processor.py:840} INFO - DAG(s) 'example_time_delta_sensor_async' retrieved from /home/airflow/.local/lib/python3.8/site-packages/airflow/example_dags/example_time_delta_sensor_async.py
[2026-04-21T05:19:44.986+0000] {logging_mixin.py:188} INFO - [2026-04-21T05:19:44.986+0000] {dag.py:3036} INFO - Sync 1 DAGs
[2026-04-21T05:19:45.002+0000] {logging_mixin.py:188} INFO - [2026-04-21T05:19:45.002+0000] {dag.py:3823} INFO - Setting next_dagrun for example_time_delta_sensor_async to None, run_after=None
[2026-04-21T05:19:45.104+0000] {processor.py:183} INFO - Processing /home/airflow/.local/lib/python3.8/site-packages/airflow/example_dags/example_time_delta_sensor_async.py took 0.166 seconds
[2026-04-21T05:20:15.341+0000] {processor.py:161} INFO - Started process (PID=3737668) to work on /home/airflow/.local/lib/python3.8/site-packages/airflow/example_dags/example_time_delta_sensor_async.py
[2026-04-21T05:20:15.343+0000] {processor.py:830} INFO - Processing file /home/airflow/.local/lib/python3.8/site-packages/airflow/example_dags/example_time_delta_sensor_async.py for tasks to queue
[2026-04-21T05:20:15.345+0000] {logging_mixin.py:188} INFO - [2026-04-21T05:20:15.344+0000] {dagbag.py:538} INFO - Filling up the DagBag from /home/airflow/.local/lib/python3.8/site-packages/airflow/example_dags/example_time_delta_sensor_async.py
[2026-04-21T05:20:15.351+0000] {processor.py:840} INFO - DAG(s) 'example_time_delta_sensor_async' retrieved from /home/airflow/.local/lib/python3.8/site-packages/airflow/example_dags/example_time_delta_sensor_async.py
[2026-04-21T05:20:15.376+0000] {logging_mixin.py:188} INFO - [2026-04-21T05:20:15.376+0000] {dag.py:3036} INFO - Sync 1 DAGs
[2026-04-21T05:20:15.390+0000] {logging_mixin.py:188} INFO - [2026-04-21T05:20:15.390+0000] {dag.py:3823} INFO - Setting next_dagrun for example_time_delta_sensor_async to None, run_after=None
[2026-04-21T05:20:15.410+0000] {processor.py:183} INFO - Processing /home/airflow/.local/lib/python3.8/site-packages/airflow/example_dags/example_time_delta_sensor_async.py took 0.074 seconds
[2026-04-21T05:20:45.705+0000] {processor.py:161} INFO - Started process (PID=3737725) to work on /home/airflow/.local/lib/python3.8/site-packages/airflow/example_dags/example_time_delta_sensor_async.py
[2026-04-21T05:20:45.707+0000] {processor.py:830} INFO - Processing file /home/airflow/.local/lib/python3.8/site-packages/airflow/example_dags/example_time_delta_sensor_async.py for tasks to queue
[2026-04-21T05:20:45.710+0000] {logging_mixin.py:188} INFO - [2026-04-21T05:20:45.709+0000] {dagbag.py:538} INFO - Filling up the DagBag from /home/airflow/.local/lib/python3.8/site-packages/airflow/example_dags/example_time_delta_sensor_async.py
[2026-04-21T05:20:45.716+0000] {processor.py:840} INFO - DAG(s) 'example_time_delta_sensor_async' retrieved from /home/airflow/.local/lib/python3.8/site-packages/airflow/example_dags/example_time_delta_sensor_async.py
[2026-04-21T05:20:45.740+0000] {logging_mixin.py:188} INFO - [2026-04-21T05:20:45.739+0000] {dag.py:3036} INFO - Sync 1 DAGs
[2026-04-21T05:20:45.754+0000] {logging_mixin.py:188} INFO - [2026-04-21T05:20:45.754+0000] {dag.py:3823} INFO - Setting next_dagrun for example_time_delta_sensor_async to None, run_after=None
[2026-04-21T05:20:45.773+0000] {processor.py:183} INFO - Processing /home/airflow/.local/lib/python3.8/site-packages/airflow/example_dags/example_time_delta_sensor_async.py took 0.072 seconds
[2026-04-21T05:21:16.150+0000] {processor.py:161} INFO - Started process (PID=3737782) to work on /home/airflow/.local/lib/python3.8/site-packages/airflow/example_dags/example_time_delta_sensor_async.py
[2026-04-21T05:21:16.152+0000] {processor.py:830} INFO - Processing file /home/airflow/.local/lib/python3.8/site-packages/airflow/example_dags/example_time_delta_sensor_async.py for tasks to queue
[2026-04-21T05:21:16.154+0000] {logging_mixin.py:188} INFO - [2026-04-21T05:21:16.154+0000] {dagbag.py:538} INFO - Filling up the DagBag from /home/airflow/.local/lib/python3.8/site-packages/airflow/example_dags/example_time_delta_sensor_async.py
[2026-04-21T05:21:16.161+0000] {processor.py:840} INFO - DAG(s) 'example_time_delta_sensor_async' retrieved from /home/airflow/.local/lib/python3.8/site-packages/airflow/example_dags/example_time_delta_sensor_async.py
[2026-04-21T05:21:16.186+0000] {logging_mixin.py:188} INFO - [2026-04-21T05:21:16.186+0000] {dag.py:3036} INFO - Sync 1 DAGs
[2026-04-21T05:21:16.201+0000] {logging_mixin.py:188} INFO - [2026-04-21T05:21:16.200+0000] {dag.py:3823} INFO - Setting next_dagrun for example_time_delta_sensor_async to None, run_after=None
[2026-04-21T05:21:16.220+0000] {processor.py:183} INFO - Processing /home/airflow/.local/lib/python3.8/site-packages/airflow/example_dags/example_time_delta_sensor_async.py took 0.075 seconds
[2026-04-21T05:21:47.417+0000] {processor.py:161} INFO - Started process (PID=3737836) to work on /home/airflow/.local/lib/python3.8/site-packages/airflow/example_dags/example_time_delta_sensor_async.py
[2026-04-21T05:21:47.419+0000] {processor.py:830} INFO - Processing file /home/airflow/.local/lib/python3.8/site-packages/airflow/example_dags/example_time_delta_sensor_async.py for tasks to queue
[2026-04-21T05:21:47.421+0000] {logging_mixin.py:188} INFO - [2026-04-21T05:21:47.421+0000] {dagbag.py:538} INFO - Filling up the DagBag from /home/airflow/.local/lib/python3.8/site-packages/airflow/example_dags/example_time_delta_sensor_async.py
[2026-04-21T05:21:47.427+0000] {processor.py:840} INFO - DAG(s) 'example_time_delta_sensor_async' retrieved from /home/airflow/.local/lib/python3.8/site-packages/airflow/example_dags/example_time_delta_sensor_async.py
[2026-04-21T05:21:47.451+0000] {logging_mixin.py:188} INFO - [2026-04-21T05:21:47.451+0000] {dag.py:3036} INFO - Sync 1 DAGs
[2026-04-21T05:21:47.464+0000] {logging_mixin.py:188} INFO - [2026-04-21T05:21:47.464+0000] {dag.py:3823} INFO - Setting next_dagrun for example_time_delta_sensor_async to None, run_after=None
[2026-04-21T05:21:47.483+0000] {processor.py:183} INFO - Processing /home/airflow/.local/lib/python3.8/site-packages/airflow/example_dags/example_time_delta_sensor_async.py took 0.071 seconds
[2026-04-21T05:22:18.034+0000] {processor.py:161} INFO - Started process (PID=3737894) to work on /home/airflow/.local/lib/python3.8/site-packages/airflow/example_dags/example_time_delta_sensor_async.py
[2026-04-21T05:22:18.035+0000] {processor.py:830} INFO - Processing file /home/airflow/.local/lib/python3.8/site-packages/airflow/example_dags/example_time_delta_sensor_async.py for tasks to queue
[2026-04-21T05:22:18.038+0000] {logging_mixin.py:188} INFO - [2026-04-21T05:22:18.037+0000] {dagbag.py:538} INFO - Filling up the DagBag from /home/airflow/.local/lib/python3.8/site-packages/airflow/example_dags/example_time_delta_sensor_async.py
[2026-04-21T05:22:18.044+0000] {processor.py:840} INFO - DAG(s) 'example_time_delta_sensor_async' retrieved from /home/airflow/.local/lib/python3.8/site-packages/airflow/example_dags/example_time_delta_sensor_async.py
[2026-04-21T05:22:18.069+0000] {logging_mixin.py:188} INFO - [2026-04-21T05:22:18.069+0000] {dag.py:3036} INFO - Sync 1 DAGs
[2026-04-21T05:22:18.083+0000] {logging_mixin.py:188} INFO - [2026-04-21T05:22:18.082+0000] {dag.py:3823} INFO - Setting next_dagrun for example_time_delta_sensor_async to None, run_after=None
[2026-04-21T05:22:18.101+0000] {processor.py:183} INFO - Processing /home/airflow/.local/lib/python3.8/site-packages/airflow/example_dags/example_time_delta_sensor_async.py took 0.072 seconds
[2026-04-21T05:22:48.504+0000] {processor.py:161} INFO - Started process (PID=3737951) to work on /home/airflow/.local/lib/python3.8/site-packages/airflow/example_dags/example_time_delta_sensor_async.py
[2026-04-21T05:22:48.506+0000] {processor.py:830} INFO - Processing file /home/airflow/.local/lib/python3.8/site-packages/airflow/example_dags/example_time_delta_sensor_async.py for tasks to queue
[2026-04-21T05:22:48.508+0000] {logging_mixin.py:188} INFO - [2026-04-21T05:22:48.508+0000] {dagbag.py:538} INFO - Filling up the DagBag from /home/airflow/.local/lib/python3.8/site-packages/airflow/example_dags/example_time_delta_sensor_async.py
[2026-04-21T05:22:48.514+0000] {processor.py:840} INFO - DAG(s) 'example_time_delta_sensor_async' retrieved from /home/airflow/.local/lib/python3.8/site-packages/airflow/example_dags/example_time_delta_sensor_async.py
[2026-04-21T05:22:48.540+0000] {logging_mixin.py:188} INFO - [2026-04-21T05:22:48.540+0000] {dag.py:3036} INFO - Sync 1 DAGs
[2026-04-21T05:22:48.554+0000] {logging_mixin.py:188} INFO - [2026-04-21T05:22:48.554+0000] {dag.py:3823} INFO - Setting next_dagrun for example_time_delta_sensor_async to None, run_after=None
[2026-04-21T05:22:48.573+0000] {processor.py:183} INFO - Processing /home/airflow/.local/lib/python3.8/site-packages/airflow/example_dags/example_time_delta_sensor_async.py took 0.074 seconds
[2026-04-21T05:23:18.907+0000] {processor.py:161} INFO - Started process (PID=3738006) to work on /home/airflow/.local/lib/python3.8/site-packages/airflow/example_dags/example_time_delta_sensor_async.py
[2026-04-21T05:23:18.909+0000] {processor.py:830} INFO - Processing file /home/airflow/.local/lib/python3.8/site-packages/airflow/example_dags/example_time_delta_sensor_async.py for tasks to queue
[2026-04-21T05:23:18.912+0000] {logging_mixin.py:188} INFO - [2026-04-21T05:23:18.911+0000] {dagbag.py:538} INFO - Filling up the DagBag from /home/airflow/.local/lib/python3.8/site-packages/airflow/example_dags/example_time_delta_sensor_async.py
[2026-04-21T05:23:18.918+0000] {processor.py:840} INFO - DAG(s) 'example_time_delta_sensor_async' retrieved from /home/airflow/.local/lib/python3.8/site-packages/airflow/example_dags/example_time_delta_sensor_async.py
[2026-04-21T05:23:18.944+0000] {logging_mixin.py:188} INFO - [2026-04-21T05:23:18.943+0000] {dag.py:3036} INFO - Sync 1 DAGs
[2026-04-21T05:23:18.958+0000] {logging_mixin.py:188} INFO - [2026-04-21T05:23:18.958+0000] {dag.py:3823} INFO - Setting next_dagrun for example_time_delta_sensor_async to None, run_after=None
[2026-04-21T05:23:18.978+0000] {processor.py:183} INFO - Processing /home/airflow/.local/lib/python3.8/site-packages/airflow/example_dags/example_time_delta_sensor_async.py took 0.076 seconds
[2026-04-21T05:23:49.681+0000] {processor.py:161} INFO - Started process (PID=3738063) to work on /home/airflow/.local/lib/python3.8/site-packages/airflow/example_dags/example_time_delta_sensor_async.py
[2026-04-21T05:23:49.682+0000] {processor.py:830} INFO - Processing file /home/airflow/.local/lib/python3.8/site-packages/airflow/example_dags/example_time_delta_sensor_async.py for tasks to queue
[2026-04-21T05:23:49.685+0000] {logging_mixin.py:188} INFO - [2026-04-21T05:23:49.684+0000] {dagbag.py:538} INFO - Filling up the DagBag from /home/airflow/.local/lib/python3.8/site-packages/airflow/example_dags/example_time_delta_sensor_async.py
[2026-04-21T05:23:49.691+0000] {processor.py:840} INFO - DAG(s) 'example_time_delta_sensor_async' retrieved from /home/airflow/.local/lib/python3.8/site-packages/airflow/example_dags/example_time_delta_sensor_async.py
[2026-04-21T05:23:49.715+0000] {logging_mixin.py:188} INFO - [2026-04-21T05:23:49.714+0000] {dag.py:3036} INFO - Sync 1 DAGs
[2026-04-21T05:23:49.728+0000] {logging_mixin.py:188} INFO - [2026-04-21T05:23:49.728+0000] {dag.py:3823} INFO - Setting next_dagrun for example_time_delta_sensor_async to None, run_after=None
[2026-04-21T05:23:49.747+0000] {processor.py:183} INFO - Processing /home/airflow/.local/lib/python3.8/site-packages/airflow/example_dags/example_time_delta_sensor_async.py took 0.070 seconds
[2026-04-21T05:24:19.914+0000] {processor.py:161} INFO - Started process (PID=3738120) to work on /home/airflow/.local/lib/python3.8/site-packages/airflow/example_dags/example_time_delta_sensor_async.py
[2026-04-21T05:24:19.916+0000] {processor.py:830} INFO - Processing file /home/airflow/.local/lib/python3.8/site-packages/airflow/example_dags/example_time_delta_sensor_async.py for tasks to queue
[2026-04-21T05:24:19.918+0000] {logging_mixin.py:188} INFO - [2026-04-21T05:24:19.918+0000] {dagbag.py:538} INFO - Filling up the DagBag from /home/airflow/.local/lib/python3.8/site-packages/airflow/example_dags/example_time_delta_sensor_async.py
[2026-04-21T05:24:19.924+0000] {processor.py:840} INFO - DAG(s) 'example_time_delta_sensor_async' retrieved from /home/airflow/.local/lib/python3.8/site-packages/airflow/example_dags/example_time_delta_sensor_async.py
[2026-04-21T05:24:19.948+0000] {logging_mixin.py:188} INFO - [2026-04-21T05:24:19.948+0000] {dag.py:3036} INFO - Sync 1 DAGs
[2026-04-21T05:24:19.963+0000] {logging_mixin.py:188} INFO - [2026-04-21T05:24:19.962+0000] {dag.py:3823} INFO - Setting next_dagrun for example_time_delta_sensor_async to None, run_after=None
[2026-04-21T05:24:19.981+0000] {processor.py:183} INFO - Processing /home/airflow/.local/lib/python3.8/site-packages/airflow/example_dags/example_time_delta_sensor_async.py took 0.073 seconds
[2026-04-21T05:24:50.761+0000] {processor.py:161} INFO - Started process (PID=3738177) to work on /home/airflow/.local/lib/python3.8/site-packages/airflow/example_dags/example_time_delta_sensor_async.py
[2026-04-21T05:24:50.763+0000] {processor.py:830} INFO - Processing file /home/airflow/.local/lib/python3.8/site-packages/airflow/example_dags/example_time_delta_sensor_async.py for tasks to queue
[2026-04-21T05:24:50.765+0000] {logging_mixin.py:188} INFO - [2026-04-21T05:24:50.765+0000] {dagbag.py:538} INFO - Filling up the DagBag from /home/airflow/.local/lib/python3.8/site-packages/airflow/example_dags/example_time_delta_sensor_async.py
[2026-04-21T05:24:50.772+0000] {processor.py:840} INFO - DAG(s) 'example_time_delta_sensor_async' retrieved from /home/airflow/.local/lib/python3.8/site-packages/airflow/example_dags/example_time_delta_sensor_async.py
[2026-04-21T05:24:50.798+0000] {logging_mixin.py:188} INFO - [2026-04-21T05:24:50.798+0000] {dag.py:3036} INFO - Sync 1 DAGs
[2026-04-21T05:24:51.008+0000] {logging_mixin.py:188} INFO - [2026-04-21T05:24:51.008+0000] {dag.py:3823} INFO - Setting next_dagrun for example_time_delta_sensor_async to None, run_after=None
[2026-04-21T05:24:51.029+0000] {processor.py:183} INFO - Processing /home/airflow/.local/lib/python3.8/site-packages/airflow/example_dags/example_time_delta_sensor_async.py took 0.273 seconds
[2026-04-21T05:25:21.076+0000] {processor.py:161} INFO - Started process (PID=3738235) to work on /home/airflow/.local/lib/python3.8/site-packages/airflow/example_dags/example_time_delta_sensor_async.py
[2026-04-21T05:25:21.078+0000] {processor.py:830} INFO - Processing file /home/airflow/.local/lib/python3.8/site-packages/airflow/example_dags/example_time_delta_sensor_async.py for tasks to queue
[2026-04-21T05:25:21.080+0000] {logging_mixin.py:188} INFO - [2026-04-21T05:25:21.080+0000] {dagbag.py:538} INFO - Filling up the DagBag from /home/airflow/.local/lib/python3.8/site-packages/airflow/example_dags/example_time_delta_sensor_async.py
[2026-04-21T05:25:21.086+0000] {processor.py:840} INFO - DAG(s) 'example_time_delta_sensor_async' retrieved from /home/airflow/.local/lib/python3.8/site-packages/airflow/example_dags/example_time_delta_sensor_async.py
[2026-04-21T05:25:21.112+0000] {logging_mixin.py:188} INFO - [2026-04-21T05:25:21.111+0000] {dag.py:3036} INFO - Sync 1 DAGs
[2026-04-21T05:25:21.125+0000] {logging_mixin.py:188} INFO - [2026-04-21T05:25:21.125+0000] {dag.py:3823} INFO - Setting next_dagrun for example_time_delta_sensor_async to None, run_after=None
[2026-04-21T05:25:21.144+0000] {processor.py:183} INFO - Processing /home/airflow/.local/lib/python3.8/site-packages/airflow/example_dags/example_time_delta_sensor_async.py took 0.073 seconds
[2026-04-21T05:25:51.881+0000] {processor.py:161} INFO - Started process (PID=3738292) to work on /home/airflow/.local/lib/python3.8/site-packages/airflow/example_dags/example_time_delta_sensor_async.py
[2026-04-21T05:25:51.883+0000] {processor.py:830} INFO - Processing file /home/airflow/.local/lib/python3.8/site-packages/airflow/example_dags/example_time_delta_sensor_async.py for tasks to queue
[2026-04-21T05:25:51.886+0000] {logging_mixin.py:188} INFO - [2026-04-21T05:25:51.885+0000] {dagbag.py:538} INFO - Filling up the DagBag from /home/airflow/.local/lib/python3.8/site-packages/airflow/example_dags/example_time_delta_sensor_async.py
[2026-04-21T05:25:51.892+0000] {processor.py:840} INFO - DAG(s) 'example_time_delta_sensor_async' retrieved from /home/airflow/.local/lib/python3.8/site-packages/airflow/example_dags/example_time_delta_sensor_async.py
[2026-04-21T05:25:51.916+0000] {logging_mixin.py:188} INFO - [2026-04-21T05:25:51.916+0000] {dag.py:3036} INFO - Sync 1 DAGs
[2026-04-21T05:25:51.930+0000] {logging_mixin.py:188} INFO - [2026-04-21T05:25:51.929+0000] {dag.py:3823} INFO - Setting next_dagrun for example_time_delta_sensor_async to None, run_after=None
[2026-04-21T05:25:51.948+0000] {processor.py:183} INFO - Processing /home/airflow/.local/lib/python3.8/site-packages/airflow/example_dags/example_time_delta_sensor_async.py took 0.072 seconds
[2026-04-21T05:26:22.761+0000] {processor.py:161} INFO - Started process (PID=3738349) to work on /home/airflow/.local/lib/python3.8/site-packages/airflow/example_dags/example_time_delta_sensor_async.py
[2026-04-21T05:26:22.763+0000] {processor.py:830} INFO - Processing file /home/airflow/.local/lib/python3.8/site-packages/airflow/example_dags/example_time_delta_sensor_async.py for tasks to queue
[2026-04-21T05:26:22.765+0000] {logging_mixin.py:188} INFO - [2026-04-21T05:26:22.765+0000] {dagbag.py:538} INFO - Filling up the DagBag from /home/airflow/.local/lib/python3.8/site-packages/airflow/example_dags/example_time_delta_sensor_async.py
[2026-04-21T05:26:22.771+0000] {processor.py:840} INFO - DAG(s) 'example_time_delta_sensor_async' retrieved from /home/airflow/.local/lib/python3.8/site-packages/airflow/example_dags/example_time_delta_sensor_async.py
[2026-04-21T05:26:23.003+0000] {logging_mixin.py:188} INFO - [2026-04-21T05:26:23.003+0000] {dag.py:3036} INFO - Sync 1 DAGs
[2026-04-21T05:26:23.015+0000] {logging_mixin.py:188} INFO - [2026-04-21T05:26:23.015+0000] {dag.py:3823} INFO - Setting next_dagrun for example_time_delta_sensor_async to None, run_after=None
[2026-04-21T05:26:23.033+0000] {processor.py:183} INFO - Processing /home/airflow/.local/lib/python3.8/site-packages/airflow/example_dags/example_time_delta_sensor_async.py took 0.277 seconds
[2026-04-21T05:26:53.513+0000] {processor.py:161} INFO - Started process (PID=3738406) to work on /home/airflow/.local/lib/python3.8/site-packages/airflow/example_dags/example_time_delta_sensor_async.py
[2026-04-21T05:26:53.515+0000] {processor.py:830} INFO - Processing file /home/airflow/.local/lib/python3.8/site-packages/airflow/example_dags/example_time_delta_sensor_async.py for tasks to queue
[2026-04-21T05:26:53.517+0000] {logging_mixin.py:188} INFO - [2026-04-21T05:26:53.517+0000] {dagbag.py:538} INFO - Filling up the DagBag from /home/airflow/.local/lib/python3.8/site-packages/airflow/example_dags/example_time_delta_sensor_async.py
[2026-04-21T05:26:53.524+0000] {processor.py:840} INFO - DAG(s) 'example_time_delta_sensor_async' retrieved from /home/airflow/.local/lib/python3.8/site-packages/airflow/example_dags/example_time_delta_sensor_async.py
[2026-04-21T05:26:53.549+0000] {logging_mixin.py:188} INFO - [2026-04-21T05:26:53.548+0000] {dag.py:3036} INFO - Sync 1 DAGs
[2026-04-21T05:26:53.562+0000] {logging_mixin.py:188} INFO - [2026-04-21T05:26:53.562+0000] {dag.py:3823} INFO - Setting next_dagrun for example_time_delta_sensor_async to None, run_after=None
[2026-04-21T05:26:53.582+0000] {processor.py:183} INFO - Processing /home/airflow/.local/lib/python3.8/site-packages/airflow/example_dags/example_time_delta_sensor_async.py took 0.073 seconds
[2026-04-21T05:27:23.781+0000] {processor.py:161} INFO - Started process (PID=3738463) to work on /home/airflow/.local/lib/python3.8/site-packages/airflow/example_dags/example_time_delta_sensor_async.py
[2026-04-21T05:27:23.783+0000] {processor.py:830} INFO - Processing file /home/airflow/.local/lib/python3.8/site-packages/airflow/example_dags/example_time_delta_sensor_async.py for tasks to queue
[2026-04-21T05:27:23.785+0000] {logging_mixin.py:188} INFO - [2026-04-21T05:27:23.785+0000] {dagbag.py:538} INFO - Filling up the DagBag from /home/airflow/.local/lib/python3.8/site-packages/airflow/example_dags/example_time_delta_sensor_async.py
[2026-04-21T05:27:23.791+0000] {processor.py:840} INFO - DAG(s) 'example_time_delta_sensor_async' retrieved from /home/airflow/.local/lib/python3.8/site-packages/airflow/example_dags/example_time_delta_sensor_async.py
[2026-04-21T05:27:23.815+0000] {logging_mixin.py:188} INFO - [2026-04-21T05:27:23.815+0000] {dag.py:3036} INFO - Sync 1 DAGs
[2026-04-21T05:27:23.828+0000] {logging_mixin.py:188} INFO - [2026-04-21T05:27:23.828+0000] {dag.py:3823} INFO - Setting next_dagrun for example_time_delta_sensor_async to None, run_after=None
[2026-04-21T05:27:23.847+0000] {processor.py:183} INFO - Processing /home/airflow/.local/lib/python3.8/site-packages/airflow/example_dags/example_time_delta_sensor_async.py took 0.070 seconds
[2026-04-21T05:27:54.059+0000] {processor.py:161} INFO - Started process (PID=3738520) to work on /home/airflow/.local/lib/python3.8/site-packages/airflow/example_dags/example_time_delta_sensor_async.py
[2026-04-21T05:27:54.061+0000] {processor.py:830} INFO - Processing file /home/airflow/.local/lib/python3.8/site-packages/airflow/example_dags/example_time_delta_sensor_async.py for tasks to queue
[2026-04-21T05:27:54.063+0000] {logging_mixin.py:188} INFO - [2026-04-21T05:27:54.063+0000] {dagbag.py:538} INFO - Filling up the DagBag from /home/airflow/.local/lib/python3.8/site-packages/airflow/example_dags/example_time_delta_sensor_async.py
[2026-04-21T05:27:54.070+0000] {processor.py:840} INFO - DAG(s) 'example_time_delta_sensor_async' retrieved from /home/airflow/.local/lib/python3.8/site-packages/airflow/example_dags/example_time_delta_sensor_async.py
[2026-04-21T05:27:54.094+0000] {logging_mixin.py:188} INFO - [2026-04-21T05:27:54.094+0000] {dag.py:3036} INFO - Sync 1 DAGs
[2026-04-21T05:27:54.108+0000] {logging_mixin.py:188} INFO - [2026-04-21T05:27:54.108+0000] {dag.py:3823} INFO - Setting next_dagrun for example_time_delta_sensor_async to None, run_after=None
[2026-04-21T05:27:54.126+0000] {processor.py:183} INFO - Processing /home/airflow/.local/lib/python3.8/site-packages/airflow/example_dags/example_time_delta_sensor_async.py took 0.072 seconds
[2026-04-21T05:28:24.476+0000] {processor.py:161} INFO - Started process (PID=3738577) to work on /home/airflow/.local/lib/python3.8/site-packages/airflow/example_dags/example_time_delta_sensor_async.py
[2026-04-21T05:28:24.478+0000] {processor.py:830} INFO - Processing file /home/airflow/.local/lib/python3.8/site-packages/airflow/example_dags/example_time_delta_sensor_async.py for tasks to queue
[2026-04-21T05:28:24.480+0000] {logging_mixin.py:188} INFO - [2026-04-21T05:28:24.480+0000] {dagbag.py:538} INFO - Filling up the DagBag from /home/airflow/.local/lib/python3.8/site-packages/airflow/example_dags/example_time_delta_sensor_async.py
[2026-04-21T05:28:24.487+0000] {processor.py:840} INFO - DAG(s) 'example_time_delta_sensor_async' retrieved from /home/airflow/.local/lib/python3.8/site-packages/airflow/example_dags/example_time_delta_sensor_async.py
[2026-04-21T05:28:24.515+0000] {logging_mixin.py:188} INFO - [2026-04-21T05:28:24.514+0000] {dag.py:3036} INFO - Sync 1 DAGs
[2026-04-21T05:28:24.529+0000] {logging_mixin.py:188} INFO - [2026-04-21T05:28:24.529+0000] {dag.py:3823} INFO - Setting next_dagrun for example_time_delta_sensor_async to None, run_after=None
[2026-04-21T05:28:24.548+0000] {processor.py:183} INFO - Processing /home/airflow/.local/lib/python3.8/site-packages/airflow/example_dags/example_time_delta_sensor_async.py took 0.077 seconds
[2026-04-21T05:28:55.151+0000] {processor.py:161} INFO - Started process (PID=3738634) to work on /home/airflow/.local/lib/python3.8/site-packages/airflow/example_dags/example_time_delta_sensor_async.py
[2026-04-21T05:28:55.153+0000] {processor.py:830} INFO - Processing file /home/airflow/.local/lib/python3.8/site-packages/airflow/example_dags/example_time_delta_sensor_async.py for tasks to queue
[2026-04-21T05:28:55.155+0000] {logging_mixin.py:188} INFO - [2026-04-21T05:28:55.155+0000] {dagbag.py:538} INFO - Filling up the DagBag from /home/airflow/.local/lib/python3.8/site-packages/airflow/example_dags/example_time_delta_sensor_async.py
[2026-04-21T05:28:55.161+0000] {processor.py:840} INFO - DAG(s) 'example_time_delta_sensor_async' retrieved from /home/airflow/.local/lib/python3.8/site-packages/airflow/example_dags/example_time_delta_sensor_async.py
[2026-04-21T05:28:55.187+0000] {logging_mixin.py:188} INFO - [2026-04-21T05:28:55.187+0000] {dag.py:3036} INFO - Sync 1 DAGs
[2026-04-21T05:28:55.202+0000] {logging_mixin.py:188} INFO - [2026-04-21T05:28:55.201+0000] {dag.py:3823} INFO - Setting next_dagrun for example_time_delta_sensor_async to None, run_after=None
[2026-04-21T05:28:55.223+0000] {processor.py:183} INFO - Processing /home/airflow/.local/lib/python3.8/site-packages/airflow/example_dags/example_time_delta_sensor_async.py took 0.076 seconds
[2026-04-21T05:29:25.448+0000] {processor.py:161} INFO - Started process (PID=3738691) to work on /home/airflow/.local/lib/python3.8/site-packages/airflow/example_dags/example_time_delta_sensor_async.py
[2026-04-21T05:29:25.450+0000] {processor.py:830} INFO - Processing file /home/airflow/.local/lib/python3.8/site-packages/airflow/example_dags/example_time_delta_sensor_async.py for tasks to queue
[2026-04-21T05:29:25.453+0000] {logging_mixin.py:188} INFO - [2026-04-21T05:29:25.452+0000] {dagbag.py:538} INFO - Filling up the DagBag from /home/airflow/.local/lib/python3.8/site-packages/airflow/example_dags/example_time_delta_sensor_async.py
[2026-04-21T05:29:25.459+0000] {processor.py:840} INFO - DAG(s) 'example_time_delta_sensor_async' retrieved from /home/airflow/.local/lib/python3.8/site-packages/airflow/example_dags/example_time_delta_sensor_async.py
[2026-04-21T05:29:25.483+0000] {logging_mixin.py:188} INFO - [2026-04-21T05:29:25.483+0000] {dag.py:3036} INFO - Sync 1 DAGs
[2026-04-21T05:29:25.496+0000] {logging_mixin.py:188} INFO - [2026-04-21T05:29:25.496+0000] {dag.py:3823} INFO - Setting next_dagrun for example_time_delta_sensor_async to None, run_after=None
[2026-04-21T05:29:25.514+0000] {processor.py:183} INFO - Processing /home/airflow/.local/lib/python3.8/site-packages/airflow/example_dags/example_time_delta_sensor_async.py took 0.070 seconds
[2026-04-21T05:29:55.664+0000] {processor.py:161} INFO - Started process (PID=3738748) to work on /home/airflow/.local/lib/python3.8/site-packages/airflow/example_dags/example_time_delta_sensor_async.py
[2026-04-21T05:29:55.666+0000] {processor.py:830} INFO - Processing file /home/airflow/.local/lib/python3.8/site-packages/airflow/example_dags/example_time_delta_sensor_async.py for tasks to queue
[2026-04-21T05:29:55.669+0000] {logging_mixin.py:188} INFO - [2026-04-21T05:29:55.668+0000] {dagbag.py:538} INFO - Filling up the DagBag from /home/airflow/.local/lib/python3.8/site-packages/airflow/example_dags/example_time_delta_sensor_async.py
[2026-04-21T05:29:55.674+0000] {processor.py:840} INFO - DAG(s) 'example_time_delta_sensor_async' retrieved from /home/airflow/.local/lib/python3.8/site-packages/airflow/example_dags/example_time_delta_sensor_async.py
[2026-04-21T05:29:55.698+0000] {logging_mixin.py:188} INFO - [2026-04-21T05:29:55.698+0000] {dag.py:3036} INFO - Sync 1 DAGs
[2026-04-21T05:29:55.712+0000] {logging_mixin.py:188} INFO - [2026-04-21T05:29:55.712+0000] {dag.py:3823} INFO - Setting next_dagrun for example_time_delta_sensor_async to None, run_after=None
[2026-04-21T05:29:55.731+0000] {processor.py:183} INFO - Processing /home/airflow/.local/lib/python3.8/site-packages/airflow/example_dags/example_time_delta_sensor_async.py took 0.071 seconds
[2026-04-21T05:30:25.892+0000] {processor.py:161} INFO - Started process (PID=3738805) to work on /home/airflow/.local/lib/python3.8/site-packages/airflow/example_dags/example_time_delta_sensor_async.py
[2026-04-21T05:30:25.894+0000] {processor.py:830} INFO - Processing file /home/airflow/.local/lib/python3.8/site-packages/airflow/example_dags/example_time_delta_sensor_async.py for tasks to queue
[2026-04-21T05:30:25.896+0000] {logging_mixin.py:188} INFO - [2026-04-21T05:30:25.896+0000] {dagbag.py:538} INFO - Filling up the DagBag from /home/airflow/.local/lib/python3.8/site-packages/airflow/example_dags/example_time_delta_sensor_async.py
[2026-04-21T05:30:25.902+0000] {processor.py:840} INFO - DAG(s) 'example_time_delta_sensor_async' retrieved from /home/airflow/.local/lib/python3.8/site-packages/airflow/example_dags/example_time_delta_sensor_async.py
[2026-04-21T05:30:25.927+0000] {logging_mixin.py:188} INFO - [2026-04-21T05:30:25.927+0000] {dag.py:3036} INFO - Sync 1 DAGs
[2026-04-21T05:30:25.941+0000] {logging_mixin.py:188} INFO - [2026-04-21T05:30:25.941+0000] {dag.py:3823} INFO - Setting next_dagrun for example_time_delta_sensor_async to None, run_after=None
[2026-04-21T05:30:25.960+0000] {processor.py:183} INFO - Processing /home/airflow/.local/lib/python3.8/site-packages/airflow/example_dags/example_time_delta_sensor_async.py took 0.074 seconds
[2026-04-21T05:30:56.536+0000] {processor.py:161} INFO - Started process (PID=3738862) to work on /home/airflow/.local/lib/python3.8/site-packages/airflow/example_dags/example_time_delta_sensor_async.py
[2026-04-21T05:30:56.538+0000] {processor.py:830} INFO - Processing file /home/airflow/.local/lib/python3.8/site-packages/airflow/example_dags/example_time_delta_sensor_async.py for tasks to queue
[2026-04-21T05:30:56.541+0000] {logging_mixin.py:188} INFO - [2026-04-21T05:30:56.540+0000] {dagbag.py:538} INFO - Filling up the DagBag from /home/airflow/.local/lib/python3.8/site-packages/airflow/example_dags/example_time_delta_sensor_async.py
[2026-04-21T05:30:56.547+0000] {processor.py:840} INFO - DAG(s) 'example_time_delta_sensor_async' retrieved from /home/airflow/.local/lib/python3.8/site-packages/airflow/example_dags/example_time_delta_sensor_async.py
[2026-04-21T05:30:56.571+0000] {logging_mixin.py:188} INFO - [2026-04-21T05:30:56.571+0000] {dag.py:3036} INFO - Sync 1 DAGs
[2026-04-21T05:30:56.585+0000] {logging_mixin.py:188} INFO - [2026-04-21T05:30:56.584+0000] {dag.py:3823} INFO - Setting next_dagrun for example_time_delta_sensor_async to None, run_after=None
[2026-04-21T05:30:56.604+0000] {processor.py:183} INFO - Processing /home/airflow/.local/lib/python3.8/site-packages/airflow/example_dags/example_time_delta_sensor_async.py took 0.072 seconds
[2026-04-21T05:31:27.228+0000] {processor.py:161} INFO - Started process (PID=3738919) to work on /home/airflow/.local/lib/python3.8/site-packages/airflow/example_dags/example_time_delta_sensor_async.py
[2026-04-21T05:31:27.230+0000] {processor.py:830} INFO - Processing file /home/airflow/.local/lib/python3.8/site-packages/airflow/example_dags/example_time_delta_sensor_async.py for tasks to queue
[2026-04-21T05:31:27.233+0000] {logging_mixin.py:188} INFO - [2026-04-21T05:31:27.232+0000] {dagbag.py:538} INFO - Filling up the DagBag from /home/airflow/.local/lib/python3.8/site-packages/airflow/example_dags/example_time_delta_sensor_async.py
[2026-04-21T05:31:27.239+0000] {processor.py:840} INFO - DAG(s) 'example_time_delta_sensor_async' retrieved from /home/airflow/.local/lib/python3.8/site-packages/airflow/example_dags/example_time_delta_sensor_async.py
[2026-04-21T05:31:27.265+0000] {logging_mixin.py:188} INFO - [2026-04-21T05:31:27.265+0000] {dag.py:3036} INFO - Sync 1 DAGs
[2026-04-21T05:31:27.279+0000] {logging_mixin.py:188} INFO - [2026-04-21T05:31:27.279+0000] {dag.py:3823} INFO - Setting next_dagrun for example_time_delta_sensor_async to None, run_after=None
[2026-04-21T05:31:27.299+0000] {processor.py:183} INFO - Processing /home/airflow/.local/lib/python3.8/site-packages/airflow/example_dags/example_time_delta_sensor_async.py took 0.076 seconds
[2026-04-21T05:31:57.964+0000] {processor.py:161} INFO - Started process (PID=3738976) to work on /home/airflow/.local/lib/python3.8/site-packages/airflow/example_dags/example_time_delta_sensor_async.py
[2026-04-21T05:31:57.965+0000] {processor.py:830} INFO - Processing file /home/airflow/.local/lib/python3.8/site-packages/airflow/example_dags/example_time_delta_sensor_async.py for tasks to queue
[2026-04-21T05:31:57.968+0000] {logging_mixin.py:188} INFO - [2026-04-21T05:31:57.967+0000] {dagbag.py:538} INFO - Filling up the DagBag from /home/airflow/.local/lib/python3.8/site-packages/airflow/example_dags/example_time_delta_sensor_async.py
[2026-04-21T05:31:57.973+0000] {processor.py:840} INFO - DAG(s) 'example_time_delta_sensor_async' retrieved from /home/airflow/.local/lib/python3.8/site-packages/airflow/example_dags/example_time_delta_sensor_async.py
[2026-04-21T05:31:57.997+0000] {logging_mixin.py:188} INFO - [2026-04-21T05:31:57.997+0000] {dag.py:3036} INFO - Sync 1 DAGs
[2026-04-21T05:31:58.011+0000] {logging_mixin.py:188} INFO - [2026-04-21T05:31:58.011+0000] {dag.py:3823} INFO - Setting next_dagrun for example_time_delta_sensor_async to None, run_after=None
[2026-04-21T05:31:58.029+0000] {processor.py:183} INFO - Processing /home/airflow/.local/lib/python3.8/site-packages/airflow/example_dags/example_time_delta_sensor_async.py took 0.070 seconds
[2026-04-21T05:32:28.670+0000] {processor.py:161} INFO - Started process (PID=3739033) to work on /home/airflow/.local/lib/python3.8/site-packages/airflow/example_dags/example_time_delta_sensor_async.py
[2026-04-21T05:32:28.672+0000] {processor.py:830} INFO - Processing file /home/airflow/.local/lib/python3.8/site-packages/airflow/example_dags/example_time_delta_sensor_async.py for tasks to queue
[2026-04-21T05:32:28.674+0000] {logging_mixin.py:188} INFO - [2026-04-21T05:32:28.674+0000] {dagbag.py:538} INFO - Filling up the DagBag from /home/airflow/.local/lib/python3.8/site-packages/airflow/example_dags/example_time_delta_sensor_async.py
[2026-04-21T05:32:28.680+0000] {processor.py:840} INFO - DAG(s) 'example_time_delta_sensor_async' retrieved from /home/airflow/.local/lib/python3.8/site-packages/airflow/example_dags/example_time_delta_sensor_async.py
[2026-04-21T05:32:28.706+0000] {logging_mixin.py:188} INFO - [2026-04-21T05:32:28.706+0000] {dag.py:3036} INFO - Sync 1 DAGs
[2026-04-21T05:32:28.720+0000] {logging_mixin.py:188} INFO - [2026-04-21T05:32:28.720+0000] {dag.py:3823} INFO - Setting next_dagrun for example_time_delta_sensor_async to None, run_after=None
[2026-04-21T05:32:28.739+0000] {processor.py:183} INFO - Processing /home/airflow/.local/lib/python3.8/site-packages/airflow/example_dags/example_time_delta_sensor_async.py took 0.073 seconds
[2026-04-21T05:32:59.515+0000] {processor.py:161} INFO - Started process (PID=3739090) to work on /home/airflow/.local/lib/python3.8/site-packages/airflow/example_dags/example_time_delta_sensor_async.py
[2026-04-21T05:32:59.517+0000] {processor.py:830} INFO - Processing file /home/airflow/.local/lib/python3.8/site-packages/airflow/example_dags/example_time_delta_sensor_async.py for tasks to queue
[2026-04-21T05:32:59.519+0000] {logging_mixin.py:188} INFO - [2026-04-21T05:32:59.519+0000] {dagbag.py:538} INFO - Filling up the DagBag from /home/airflow/.local/lib/python3.8/site-packages/airflow/example_dags/example_time_delta_sensor_async.py
[2026-04-21T05:32:59.526+0000] {processor.py:840} INFO - DAG(s) 'example_time_delta_sensor_async' retrieved from /home/airflow/.local/lib/python3.8/site-packages/airflow/example_dags/example_time_delta_sensor_async.py
[2026-04-21T05:32:59.550+0000] {logging_mixin.py:188} INFO - [2026-04-21T05:32:59.550+0000] {dag.py:3036} INFO - Sync 1 DAGs
[2026-04-21T05:32:59.565+0000] {logging_mixin.py:188} INFO - [2026-04-21T05:32:59.564+0000] {dag.py:3823} INFO - Setting next_dagrun for example_time_delta_sensor_async to None, run_after=None
[2026-04-21T05:32:59.583+0000] {processor.py:183} INFO - Processing /home/airflow/.local/lib/python3.8/site-packages/airflow/example_dags/example_time_delta_sensor_async.py took 0.072 seconds
[2026-04-21T05:33:29.681+0000] {processor.py:161} INFO - Started process (PID=3739147) to work on /home/airflow/.local/lib/python3.8/site-packages/airflow/example_dags/example_time_delta_sensor_async.py
[2026-04-21T05:33:29.683+0000] {processor.py:830} INFO - Processing file /home/airflow/.local/lib/python3.8/site-packages/airflow/example_dags/example_time_delta_sensor_async.py for tasks to queue
[2026-04-21T05:33:29.685+0000] {logging_mixin.py:188} INFO - [2026-04-21T05:33:29.685+0000] {dagbag.py:538} INFO - Filling up the DagBag from /home/airflow/.local/lib/python3.8/site-packages/airflow/example_dags/example_time_delta_sensor_async.py
[2026-04-21T05:33:29.692+0000] {processor.py:840} INFO - DAG(s) 'example_time_delta_sensor_async' retrieved from /home/airflow/.local/lib/python3.8/site-packages/airflow/example_dags/example_time_delta_sensor_async.py
[2026-04-21T05:33:29.716+0000] {logging_mixin.py:188} INFO - [2026-04-21T05:33:29.716+0000] {dag.py:3036} INFO - Sync 1 DAGs
[2026-04-21T05:33:29.731+0000] {logging_mixin.py:188} INFO - [2026-04-21T05:33:29.730+0000] {dag.py:3823} INFO - Setting next_dagrun for example_time_delta_sensor_async to None, run_after=None
[2026-04-21T05:33:29.753+0000] {processor.py:183} INFO - Processing /home/airflow/.local/lib/python3.8/site-packages/airflow/example_dags/example_time_delta_sensor_async.py took 0.077 seconds
[2026-04-21T05:33:59.884+0000] {processor.py:161} INFO - Started process (PID=3739204) to work on /home/airflow/.local/lib/python3.8/site-packages/airflow/example_dags/example_time_delta_sensor_async.py
[2026-04-21T05:33:59.886+0000] {processor.py:830} INFO - Processing file /home/airflow/.local/lib/python3.8/site-packages/airflow/example_dags/example_time_delta_sensor_async.py for tasks to queue
[2026-04-21T05:33:59.889+0000] {logging_mixin.py:188} INFO - [2026-04-21T05:33:59.889+0000] {dagbag.py:538} INFO - Filling up the DagBag from /home/airflow/.local/lib/python3.8/site-packages/airflow/example_dags/example_time_delta_sensor_async.py
[2026-04-21T05:33:59.897+0000] {processor.py:840} INFO - DAG(s) 'example_time_delta_sensor_async' retrieved from /home/airflow/.local/lib/python3.8/site-packages/airflow/example_dags/example_time_delta_sensor_async.py
[2026-04-21T05:33:59.924+0000] {logging_mixin.py:188} INFO - [2026-04-21T05:33:59.924+0000] {dag.py:3036} INFO - Sync 1 DAGs
[2026-04-21T05:33:59.938+0000] {logging_mixin.py:188} INFO - [2026-04-21T05:33:59.938+0000] {dag.py:3823} INFO - Setting next_dagrun for example_time_delta_sensor_async to None, run_after=None
[2026-04-21T05:33:59.958+0000] {processor.py:183} INFO - Processing /home/airflow/.local/lib/python3.8/site-packages/airflow/example_dags/example_time_delta_sensor_async.py took 0.079 seconds
[2026-04-21T05:34:30.088+0000] {processor.py:161} INFO - Started process (PID=3739261) to work on /home/airflow/.local/lib/python3.8/site-packages/airflow/example_dags/example_time_delta_sensor_async.py
[2026-04-21T05:34:30.090+0000] {processor.py:830} INFO - Processing file /home/airflow/.local/lib/python3.8/site-packages/airflow/example_dags/example_time_delta_sensor_async.py for tasks to queue
[2026-04-21T05:34:30.092+0000] {logging_mixin.py:188} INFO - [2026-04-21T05:34:30.092+0000] {dagbag.py:538} INFO - Filling up the DagBag from /home/airflow/.local/lib/python3.8/site-packages/airflow/example_dags/example_time_delta_sensor_async.py
[2026-04-21T05:34:30.098+0000] {processor.py:840} INFO - DAG(s) 'example_time_delta_sensor_async' retrieved from /home/airflow/.local/lib/python3.8/site-packages/airflow/example_dags/example_time_delta_sensor_async.py
[2026-04-21T05:34:30.123+0000] {logging_mixin.py:188} INFO - [2026-04-21T05:34:30.123+0000] {dag.py:3036} INFO - Sync 1 DAGs
[2026-04-21T05:34:30.137+0000] {logging_mixin.py:188} INFO - [2026-04-21T05:34:30.137+0000] {dag.py:3823} INFO - Setting next_dagrun for example_time_delta_sensor_async to None, run_after=None
[2026-04-21T05:34:30.156+0000] {processor.py:183} INFO - Processing /home/airflow/.local/lib/python3.8/site-packages/airflow/example_dags/example_time_delta_sensor_async.py took 0.073 seconds
[2026-04-21T05:35:01.031+0000] {processor.py:161} INFO - Started process (PID=3739318) to work on /home/airflow/.local/lib/python3.8/site-packages/airflow/example_dags/example_time_delta_sensor_async.py
[2026-04-21T05:35:01.033+0000] {processor.py:830} INFO - Processing file /home/airflow/.local/lib/python3.8/site-packages/airflow/example_dags/example_time_delta_sensor_async.py for tasks to queue
[2026-04-21T05:35:01.036+0000] {logging_mixin.py:188} INFO - [2026-04-21T05:35:01.035+0000] {dagbag.py:538} INFO - Filling up the DagBag from /home/airflow/.local/lib/python3.8/site-packages/airflow/example_dags/example_time_delta_sensor_async.py
[2026-04-21T05:35:01.042+0000] {processor.py:840} INFO - DAG(s) 'example_time_delta_sensor_async' retrieved from /home/airflow/.local/lib/python3.8/site-packages/airflow/example_dags/example_time_delta_sensor_async.py
[2026-04-21T05:35:01.070+0000] {logging_mixin.py:188} INFO - [2026-04-21T05:35:01.069+0000] {dag.py:3036} INFO - Sync 1 DAGs
[2026-04-21T05:35:01.084+0000] {logging_mixin.py:188} INFO - [2026-04-21T05:35:01.084+0000] {dag.py:3823} INFO - Setting next_dagrun for example_time_delta_sensor_async to None, run_after=None
[2026-04-21T05:35:01.103+0000] {processor.py:183} INFO - Processing /home/airflow/.local/lib/python3.8/site-packages/airflow/example_dags/example_time_delta_sensor_async.py took 0.077 seconds
[2026-04-21T05:35:31.244+0000] {processor.py:161} INFO - Started process (PID=3739376) to work on /home/airflow/.local/lib/python3.8/site-packages/airflow/example_dags/example_time_delta_sensor_async.py
[2026-04-21T05:35:31.246+0000] {processor.py:830} INFO - Processing file /home/airflow/.local/lib/python3.8/site-packages/airflow/example_dags/example_time_delta_sensor_async.py for tasks to queue
[2026-04-21T05:35:31.249+0000] {logging_mixin.py:188} INFO - [2026-04-21T05:35:31.248+0000] {dagbag.py:538} INFO - Filling up the DagBag from /home/airflow/.local/lib/python3.8/site-packages/airflow/example_dags/example_time_delta_sensor_async.py
[2026-04-21T05:35:31.255+0000] {processor.py:840} INFO - DAG(s) 'example_time_delta_sensor_async' retrieved from /home/airflow/.local/lib/python3.8/site-packages/airflow/example_dags/example_time_delta_sensor_async.py
[2026-04-21T05:35:31.280+0000] {logging_mixin.py:188} INFO - [2026-04-21T05:35:31.280+0000] {dag.py:3036} INFO - Sync 1 DAGs
[2026-04-21T05:35:31.294+0000] {logging_mixin.py:188} INFO - [2026-04-21T05:35:31.294+0000] {dag.py:3823} INFO - Setting next_dagrun for example_time_delta_sensor_async to None, run_after=None
[2026-04-21T05:35:31.312+0000] {processor.py:183} INFO - Processing /home/airflow/.local/lib/python3.8/site-packages/airflow/example_dags/example_time_delta_sensor_async.py took 0.073 seconds
[2026-04-21T05:36:01.433+0000] {processor.py:161} INFO - Started process (PID=3739433) to work on /home/airflow/.local/lib/python3.8/site-packages/airflow/example_dags/example_time_delta_sensor_async.py
[2026-04-21T05:36:01.435+0000] {processor.py:830} INFO - Processing file /home/airflow/.local/lib/python3.8/site-packages/airflow/example_dags/example_time_delta_sensor_async.py for tasks to queue
[2026-04-21T05:36:01.437+0000] {logging_mixin.py:188} INFO - [2026-04-21T05:36:01.437+0000] {dagbag.py:538} INFO - Filling up the DagBag from /home/airflow/.local/lib/python3.8/site-packages/airflow/example_dags/example_time_delta_sensor_async.py
[2026-04-21T05:36:01.443+0000] {processor.py:840} INFO - DAG(s) 'example_time_delta_sensor_async' retrieved from /home/airflow/.local/lib/python3.8/site-packages/airflow/example_dags/example_time_delta_sensor_async.py
[2026-04-21T05:36:01.467+0000] {logging_mixin.py:188} INFO - [2026-04-21T05:36:01.467+0000] {dag.py:3036} INFO - Sync 1 DAGs
[2026-04-21T05:36:01.481+0000] {logging_mixin.py:188} INFO - [2026-04-21T05:36:01.481+0000] {dag.py:3823} INFO - Setting next_dagrun for example_time_delta_sensor_async to None, run_after=None
[2026-04-21T05:36:01.500+0000] {processor.py:183} INFO - Processing /home/airflow/.local/lib/python3.8/site-packages/airflow/example_dags/example_time_delta_sensor_async.py took 0.072 seconds
[2026-04-21T05:36:31.629+0000] {processor.py:161} INFO - Started process (PID=3739490) to work on /home/airflow/.local/lib/python3.8/site-packages/airflow/example_dags/example_time_delta_sensor_async.py
[2026-04-21T05:36:31.631+0000] {processor.py:830} INFO - Processing file /home/airflow/.local/lib/python3.8/site-packages/airflow/example_dags/example_time_delta_sensor_async.py for tasks to queue
[2026-04-21T05:36:31.633+0000] {logging_mixin.py:188} INFO - [2026-04-21T05:36:31.633+0000] {dagbag.py:538} INFO - Filling up the DagBag from /home/airflow/.local/lib/python3.8/site-packages/airflow/example_dags/example_time_delta_sensor_async.py
[2026-04-21T05:36:31.639+0000] {processor.py:840} INFO - DAG(s) 'example_time_delta_sensor_async' retrieved from /home/airflow/.local/lib/python3.8/site-packages/airflow/example_dags/example_time_delta_sensor_async.py
[2026-04-21T05:36:31.663+0000] {logging_mixin.py:188} INFO - [2026-04-21T05:36:31.663+0000] {dag.py:3036} INFO - Sync 1 DAGs
[2026-04-21T05:36:31.676+0000] {logging_mixin.py:188} INFO - [2026-04-21T05:36:31.676+0000] {dag.py:3823} INFO - Setting next_dagrun for example_time_delta_sensor_async to None, run_after=None
[2026-04-21T05:36:31.695+0000] {processor.py:183} INFO - Processing /home/airflow/.local/lib/python3.8/site-packages/airflow/example_dags/example_time_delta_sensor_async.py took 0.071 seconds
[2026-04-21T05:37:01.970+0000] {processor.py:161} INFO - Started process (PID=3739547) to work on /home/airflow/.local/lib/python3.8/site-packages/airflow/example_dags/example_time_delta_sensor_async.py
[2026-04-21T05:37:01.971+0000] {processor.py:830} INFO - Processing file /home/airflow/.local/lib/python3.8/site-packages/airflow/example_dags/example_time_delta_sensor_async.py for tasks to queue
[2026-04-21T05:37:01.974+0000] {logging_mixin.py:188} INFO - [2026-04-21T05:37:01.973+0000] {dagbag.py:538} INFO - Filling up the DagBag from /home/airflow/.local/lib/python3.8/site-packages/airflow/example_dags/example_time_delta_sensor_async.py
[2026-04-21T05:37:01.980+0000] {processor.py:840} INFO - DAG(s) 'example_time_delta_sensor_async' retrieved from /home/airflow/.local/lib/python3.8/site-packages/airflow/example_dags/example_time_delta_sensor_async.py
[2026-04-21T05:37:02.004+0000] {logging_mixin.py:188} INFO - [2026-04-21T05:37:02.004+0000] {dag.py:3036} INFO - Sync 1 DAGs
[2026-04-21T05:37:02.017+0000] {logging_mixin.py:188} INFO - [2026-04-21T05:37:02.017+0000] {dag.py:3823} INFO - Setting next_dagrun for example_time_delta_sensor_async to None, run_after=None
[2026-04-21T05:37:02.035+0000] {processor.py:183} INFO - Processing /home/airflow/.local/lib/python3.8/site-packages/airflow/example_dags/example_time_delta_sensor_async.py took 0.070 seconds
[2026-04-21T05:37:32.077+0000] {processor.py:161} INFO - Started process (PID=3739604) to work on /home/airflow/.local/lib/python3.8/site-packages/airflow/example_dags/example_time_delta_sensor_async.py
[2026-04-21T05:37:32.078+0000] {processor.py:830} INFO - Processing file /home/airflow/.local/lib/python3.8/site-packages/airflow/example_dags/example_time_delta_sensor_async.py for tasks to queue
[2026-04-21T05:37:32.081+0000] {logging_mixin.py:188} INFO - [2026-04-21T05:37:32.080+0000] {dagbag.py:538} INFO - Filling up the DagBag from /home/airflow/.local/lib/python3.8/site-packages/airflow/example_dags/example_time_delta_sensor_async.py
[2026-04-21T05:37:32.087+0000] {processor.py:840} INFO - DAG(s) 'example_time_delta_sensor_async' retrieved from /home/airflow/.local/lib/python3.8/site-packages/airflow/example_dags/example_time_delta_sensor_async.py
[2026-04-21T05:37:32.111+0000] {logging_mixin.py:188} INFO - [2026-04-21T05:37:32.111+0000] {dag.py:3036} INFO - Sync 1 DAGs
[2026-04-21T05:37:32.125+0000] {logging_mixin.py:188} INFO - [2026-04-21T05:37:32.124+0000] {dag.py:3823} INFO - Setting next_dagrun for example_time_delta_sensor_async to None, run_after=None
[2026-04-21T05:37:32.143+0000] {processor.py:183} INFO - Processing /home/airflow/.local/lib/python3.8/site-packages/airflow/example_dags/example_time_delta_sensor_async.py took 0.072 seconds
[2026-04-21T05:38:02.382+0000] {processor.py:161} INFO - Started process (PID=3739661) to work on /home/airflow/.local/lib/python3.8/site-packages/airflow/example_dags/example_time_delta_sensor_async.py
[2026-04-21T05:38:02.384+0000] {processor.py:830} INFO - Processing file /home/airflow/.local/lib/python3.8/site-packages/airflow/example_dags/example_time_delta_sensor_async.py for tasks to queue
[2026-04-21T05:38:02.387+0000] {logging_mixin.py:188} INFO - [2026-04-21T05:38:02.386+0000] {dagbag.py:538} INFO - Filling up the DagBag from /home/airflow/.local/lib/python3.8/site-packages/airflow/example_dags/example_time_delta_sensor_async.py
[2026-04-21T05:38:02.396+0000] {processor.py:840} INFO - DAG(s) 'example_time_delta_sensor_async' retrieved from /home/airflow/.local/lib/python3.8/site-packages/airflow/example_dags/example_time_delta_sensor_async.py
[2026-04-21T05:38:02.433+0000] {logging_mixin.py:188} INFO - [2026-04-21T05:38:02.432+0000] {dag.py:3036} INFO - Sync 1 DAGs
[2026-04-21T05:38:02.457+0000] {logging_mixin.py:188} INFO - [2026-04-21T05:38:02.457+0000] {dag.py:3823} INFO - Setting next_dagrun for example_time_delta_sensor_async to None, run_after=None
[2026-04-21T05:38:02.489+0000] {processor.py:183} INFO - Processing /home/airflow/.local/lib/python3.8/site-packages/airflow/example_dags/example_time_delta_sensor_async.py took 0.112 seconds
[2026-04-21T05:38:32.610+0000] {processor.py:161} INFO - Started process (PID=3739718) to work on /home/airflow/.local/lib/python3.8/site-packages/airflow/example_dags/example_time_delta_sensor_async.py
[2026-04-21T05:38:32.612+0000] {processor.py:830} INFO - Processing file /home/airflow/.local/lib/python3.8/site-packages/airflow/example_dags/example_time_delta_sensor_async.py for tasks to queue
[2026-04-21T05:38:32.614+0000] {logging_mixin.py:188} INFO - [2026-04-21T05:38:32.614+0000] {dagbag.py:538} INFO - Filling up the DagBag from /home/airflow/.local/lib/python3.8/site-packages/airflow/example_dags/example_time_delta_sensor_async.py
[2026-04-21T05:38:32.620+0000] {processor.py:840} INFO - DAG(s) 'example_time_delta_sensor_async' retrieved from /home/airflow/.local/lib/python3.8/site-packages/airflow/example_dags/example_time_delta_sensor_async.py
[2026-04-21T05:38:32.644+0000] {logging_mixin.py:188} INFO - [2026-04-21T05:38:32.644+0000] {dag.py:3036} INFO - Sync 1 DAGs
[2026-04-21T05:38:32.657+0000] {logging_mixin.py:188} INFO - [2026-04-21T05:38:32.657+0000] {dag.py:3823} INFO - Setting next_dagrun for example_time_delta_sensor_async to None, run_after=None
[2026-04-21T05:38:32.676+0000] {processor.py:183} INFO - Processing /home/airflow/.local/lib/python3.8/site-packages/airflow/example_dags/example_time_delta_sensor_async.py took 0.071 seconds
[2026-04-21T05:39:02.774+0000] {processor.py:161} INFO - Started process (PID=3739775) to work on /home/airflow/.local/lib/python3.8/site-packages/airflow/example_dags/example_time_delta_sensor_async.py
[2026-04-21T05:39:02.776+0000] {processor.py:830} INFO - Processing file /home/airflow/.local/lib/python3.8/site-packages/airflow/example_dags/example_time_delta_sensor_async.py for tasks to queue
[2026-04-21T05:39:02.778+0000] {logging_mixin.py:188} INFO - [2026-04-21T05:39:02.778+0000] {dagbag.py:538} INFO - Filling up the DagBag from /home/airflow/.local/lib/python3.8/site-packages/airflow/example_dags/example_time_delta_sensor_async.py
[2026-04-21T05:39:02.784+0000] {processor.py:840} INFO - DAG(s) 'example_time_delta_sensor_async' retrieved from /home/airflow/.local/lib/python3.8/site-packages/airflow/example_dags/example_time_delta_sensor_async.py
[2026-04-21T05:39:02.808+0000] {logging_mixin.py:188} INFO - [2026-04-21T05:39:02.808+0000] {dag.py:3036} INFO - Sync 1 DAGs
[2026-04-21T05:39:02.822+0000] {logging_mixin.py:188} INFO - [2026-04-21T05:39:02.822+0000] {dag.py:3823} INFO - Setting next_dagrun for example_time_delta_sensor_async to None, run_after=None
[2026-04-21T05:39:02.841+0000] {processor.py:183} INFO - Processing /home/airflow/.local/lib/python3.8/site-packages/airflow/example_dags/example_time_delta_sensor_async.py took 0.072 seconds
[2026-04-21T05:39:32.917+0000] {processor.py:161} INFO - Started process (PID=3739832) to work on /home/airflow/.local/lib/python3.8/site-packages/airflow/example_dags/example_time_delta_sensor_async.py
[2026-04-21T05:39:32.919+0000] {processor.py:830} INFO - Processing file /home/airflow/.local/lib/python3.8/site-packages/airflow/example_dags/example_time_delta_sensor_async.py for tasks to queue
[2026-04-21T05:39:32.921+0000] {logging_mixin.py:188} INFO - [2026-04-21T05:39:32.921+0000] {dagbag.py:538} INFO - Filling up the DagBag from /home/airflow/.local/lib/python3.8/site-packages/airflow/example_dags/example_time_delta_sensor_async.py
[2026-04-21T05:39:32.927+0000] {processor.py:840} INFO - DAG(s) 'example_time_delta_sensor_async' retrieved from /home/airflow/.local/lib/python3.8/site-packages/airflow/example_dags/example_time_delta_sensor_async.py
[2026-04-21T05:39:32.952+0000] {logging_mixin.py:188} INFO - [2026-04-21T05:39:32.952+0000] {dag.py:3036} INFO - Sync 1 DAGs
[2026-04-21T05:39:32.966+0000] {logging_mixin.py:188} INFO - [2026-04-21T05:39:32.966+0000] {dag.py:3823} INFO - Setting next_dagrun for example_time_delta_sensor_async to None, run_after=None
[2026-04-21T05:39:32.985+0000] {processor.py:183} INFO - Processing /home/airflow/.local/lib/python3.8/site-packages/airflow/example_dags/example_time_delta_sensor_async.py took 0.073 seconds
[2026-04-21T05:40:03.236+0000] {processor.py:161} INFO - Started process (PID=3739889) to work on /home/airflow/.local/lib/python3.8/site-packages/airflow/example_dags/example_time_delta_sensor_async.py
[2026-04-21T05:40:03.238+0000] {processor.py:830} INFO - Processing file /home/airflow/.local/lib/python3.8/site-packages/airflow/example_dags/example_time_delta_sensor_async.py for tasks to queue
[2026-04-21T05:40:03.240+0000] {logging_mixin.py:188} INFO - [2026-04-21T05:40:03.240+0000] {dagbag.py:538} INFO - Filling up the DagBag from /home/airflow/.local/lib/python3.8/site-packages/airflow/example_dags/example_time_delta_sensor_async.py
[2026-04-21T05:40:03.247+0000] {processor.py:840} INFO - DAG(s) 'example_time_delta_sensor_async' retrieved from /home/airflow/.local/lib/python3.8/site-packages/airflow/example_dags/example_time_delta_sensor_async.py
[2026-04-21T05:40:03.270+0000] {logging_mixin.py:188} INFO - [2026-04-21T05:40:03.270+0000] {dag.py:3036} INFO - Sync 1 DAGs
[2026-04-21T05:40:03.284+0000] {logging_mixin.py:188} INFO - [2026-04-21T05:40:03.284+0000] {dag.py:3823} INFO - Setting next_dagrun for example_time_delta_sensor_async to None, run_after=None
[2026-04-21T05:40:03.308+0000] {processor.py:183} INFO - Processing /home/airflow/.local/lib/python3.8/site-packages/airflow/example_dags/example_time_delta_sensor_async.py took 0.076 seconds
[2026-04-21T05:40:33.990+0000] {processor.py:161} INFO - Started process (PID=3739946) to work on /home/airflow/.local/lib/python3.8/site-packages/airflow/example_dags/example_time_delta_sensor_async.py
[2026-04-21T05:40:33.991+0000] {processor.py:830} INFO - Processing file /home/airflow/.local/lib/python3.8/site-packages/airflow/example_dags/example_time_delta_sensor_async.py for tasks to queue
[2026-04-21T05:40:33.994+0000] {logging_mixin.py:188} INFO - [2026-04-21T05:40:33.993+0000] {dagbag.py:538} INFO - Filling up the DagBag from /home/airflow/.local/lib/python3.8/site-packages/airflow/example_dags/example_time_delta_sensor_async.py
[2026-04-21T05:40:34.000+0000] {processor.py:840} INFO - DAG(s) 'example_time_delta_sensor_async' retrieved from /home/airflow/.local/lib/python3.8/site-packages/airflow/example_dags/example_time_delta_sensor_async.py
[2026-04-21T05:40:34.025+0000] {logging_mixin.py:188} INFO - [2026-04-21T05:40:34.025+0000] {dag.py:3036} INFO - Sync 1 DAGs
[2026-04-21T05:40:34.040+0000] {logging_mixin.py:188} INFO - [2026-04-21T05:40:34.039+0000] {dag.py:3823} INFO - Setting next_dagrun for example_time_delta_sensor_async to None, run_after=None
[2026-04-21T05:40:34.058+0000] {processor.py:183} INFO - Processing /home/airflow/.local/lib/python3.8/site-packages/airflow/example_dags/example_time_delta_sensor_async.py took 0.073 seconds
[2026-04-21T05:41:04.165+0000] {processor.py:161} INFO - Started process (PID=3740003) to work on /home/airflow/.local/lib/python3.8/site-packages/airflow/example_dags/example_time_delta_sensor_async.py
[2026-04-21T05:41:04.167+0000] {processor.py:830} INFO - Processing file /home/airflow/.local/lib/python3.8/site-packages/airflow/example_dags/example_time_delta_sensor_async.py for tasks to queue
[2026-04-21T05:41:04.169+0000] {logging_mixin.py:188} INFO - [2026-04-21T05:41:04.169+0000] {dagbag.py:538} INFO - Filling up the DagBag from /home/airflow/.local/lib/python3.8/site-packages/airflow/example_dags/example_time_delta_sensor_async.py
[2026-04-21T05:41:04.176+0000] {processor.py:840} INFO - DAG(s) 'example_time_delta_sensor_async' retrieved from /home/airflow/.local/lib/python3.8/site-packages/airflow/example_dags/example_time_delta_sensor_async.py
[2026-04-21T05:41:04.200+0000] {logging_mixin.py:188} INFO - [2026-04-21T05:41:04.200+0000] {dag.py:3036} INFO - Sync 1 DAGs
[2026-04-21T05:41:04.215+0000] {logging_mixin.py:188} INFO - [2026-04-21T05:41:04.214+0000] {dag.py:3823} INFO - Setting next_dagrun for example_time_delta_sensor_async to None, run_after=None
[2026-04-21T05:41:04.234+0000] {processor.py:183} INFO - Processing /home/airflow/.local/lib/python3.8/site-packages/airflow/example_dags/example_time_delta_sensor_async.py took 0.073 seconds
[2026-04-21T05:41:34.577+0000] {processor.py:161} INFO - Started process (PID=3740060) to work on /home/airflow/.local/lib/python3.8/site-packages/airflow/example_dags/example_time_delta_sensor_async.py
[2026-04-21T05:41:34.579+0000] {processor.py:830} INFO - Processing file /home/airflow/.local/lib/python3.8/site-packages/airflow/example_dags/example_time_delta_sensor_async.py for tasks to queue
[2026-04-21T05:41:34.581+0000] {logging_mixin.py:188} INFO - [2026-04-21T05:41:34.581+0000] {dagbag.py:538} INFO - Filling up the DagBag from /home/airflow/.local/lib/python3.8/site-packages/airflow/example_dags/example_time_delta_sensor_async.py
[2026-04-21T05:41:34.587+0000] {processor.py:840} INFO - DAG(s) 'example_time_delta_sensor_async' retrieved from /home/airflow/.local/lib/python3.8/site-packages/airflow/example_dags/example_time_delta_sensor_async.py
[2026-04-21T05:41:34.610+0000] {logging_mixin.py:188} INFO - [2026-04-21T05:41:34.610+0000] {dag.py:3036} INFO - Sync 1 DAGs
[2026-04-21T05:41:34.625+0000] {logging_mixin.py:188} INFO - [2026-04-21T05:41:34.624+0000] {dag.py:3823} INFO - Setting next_dagrun for example_time_delta_sensor_async to None, run_after=None
[2026-04-21T05:41:34.645+0000] {processor.py:183} INFO - Processing /home/airflow/.local/lib/python3.8/site-packages/airflow/example_dags/example_time_delta_sensor_async.py took 0.073 seconds
[2026-04-21T05:42:04.954+0000] {processor.py:161} INFO - Started process (PID=3740117) to work on /home/airflow/.local/lib/python3.8/site-packages/airflow/example_dags/example_time_delta_sensor_async.py
[2026-04-21T05:42:04.956+0000] {processor.py:830} INFO - Processing file /home/airflow/.local/lib/python3.8/site-packages/airflow/example_dags/example_time_delta_sensor_async.py for tasks to queue
[2026-04-21T05:42:04.958+0000] {logging_mixin.py:188} INFO - [2026-04-21T05:42:04.958+0000] {dagbag.py:538} INFO - Filling up the DagBag from /home/airflow/.local/lib/python3.8/site-packages/airflow/example_dags/example_time_delta_sensor_async.py
[2026-04-21T05:42:04.964+0000] {processor.py:840} INFO - DAG(s) 'example_time_delta_sensor_async' retrieved from /home/airflow/.local/lib/python3.8/site-packages/airflow/example_dags/example_time_delta_sensor_async.py
[2026-04-21T05:42:04.988+0000] {logging_mixin.py:188} INFO - [2026-04-21T05:42:04.988+0000] {dag.py:3036} INFO - Sync 1 DAGs
[2026-04-21T05:42:05.002+0000] {logging_mixin.py:188} INFO - [2026-04-21T05:42:05.002+0000] {dag.py:3823} INFO - Setting next_dagrun for example_time_delta_sensor_async to None, run_after=None
[2026-04-21T05:42:05.020+0000] {processor.py:183} INFO - Processing /home/airflow/.local/lib/python3.8/site-packages/airflow/example_dags/example_time_delta_sensor_async.py took 0.070 seconds
[2026-04-21T05:42:35.627+0000] {processor.py:161} INFO - Started process (PID=3740174) to work on /home/airflow/.local/lib/python3.8/site-packages/airflow/example_dags/example_time_delta_sensor_async.py
[2026-04-21T05:42:35.628+0000] {processor.py:830} INFO - Processing file /home/airflow/.local/lib/python3.8/site-packages/airflow/example_dags/example_time_delta_sensor_async.py for tasks to queue
[2026-04-21T05:42:35.631+0000] {logging_mixin.py:188} INFO - [2026-04-21T05:42:35.630+0000] {dagbag.py:538} INFO - Filling up the DagBag from /home/airflow/.local/lib/python3.8/site-packages/airflow/example_dags/example_time_delta_sensor_async.py
[2026-04-21T05:42:35.637+0000] {processor.py:840} INFO - DAG(s) 'example_time_delta_sensor_async' retrieved from /home/airflow/.local/lib/python3.8/site-packages/airflow/example_dags/example_time_delta_sensor_async.py
[2026-04-21T05:42:35.662+0000] {logging_mixin.py:188} INFO - [2026-04-21T05:42:35.662+0000] {dag.py:3036} INFO - Sync 1 DAGs
[2026-04-21T05:42:35.676+0000] {logging_mixin.py:188} INFO - [2026-04-21T05:42:35.676+0000] {dag.py:3823} INFO - Setting next_dagrun for example_time_delta_sensor_async to None, run_after=None
[2026-04-21T05:42:35.697+0000] {processor.py:183} INFO - Processing /home/airflow/.local/lib/python3.8/site-packages/airflow/example_dags/example_time_delta_sensor_async.py took 0.075 seconds
[2026-04-21T05:43:06.363+0000] {processor.py:161} INFO - Started process (PID=3740231) to work on /home/airflow/.local/lib/python3.8/site-packages/airflow/example_dags/example_time_delta_sensor_async.py
[2026-04-21T05:43:06.364+0000] {processor.py:830} INFO - Processing file /home/airflow/.local/lib/python3.8/site-packages/airflow/example_dags/example_time_delta_sensor_async.py for tasks to queue
[2026-04-21T05:43:06.367+0000] {logging_mixin.py:188} INFO - [2026-04-21T05:43:06.366+0000] {dagbag.py:538} INFO - Filling up the DagBag from /home/airflow/.local/lib/python3.8/site-packages/airflow/example_dags/example_time_delta_sensor_async.py
[2026-04-21T05:43:06.373+0000] {processor.py:840} INFO - DAG(s) 'example_time_delta_sensor_async' retrieved from /home/airflow/.local/lib/python3.8/site-packages/airflow/example_dags/example_time_delta_sensor_async.py
[2026-04-21T05:43:06.396+0000] {logging_mixin.py:188} INFO - [2026-04-21T05:43:06.396+0000] {dag.py:3036} INFO - Sync 1 DAGs
[2026-04-21T05:43:06.410+0000] {logging_mixin.py:188} INFO - [2026-04-21T05:43:06.410+0000] {dag.py:3823} INFO - Setting next_dagrun for example_time_delta_sensor_async to None, run_after=None
[2026-04-21T05:43:06.429+0000] {processor.py:183} INFO - Processing /home/airflow/.local/lib/python3.8/site-packages/airflow/example_dags/example_time_delta_sensor_async.py took 0.071 seconds
[2026-04-21T05:43:36.982+0000] {processor.py:161} INFO - Started process (PID=3740288) to work on /home/airflow/.local/lib/python3.8/site-packages/airflow/example_dags/example_time_delta_sensor_async.py
[2026-04-21T05:43:36.983+0000] {processor.py:830} INFO - Processing file /home/airflow/.local/lib/python3.8/site-packages/airflow/example_dags/example_time_delta_sensor_async.py for tasks to queue
[2026-04-21T05:43:36.985+0000] {logging_mixin.py:188} INFO - [2026-04-21T05:43:36.985+0000] {dagbag.py:538} INFO - Filling up the DagBag from /home/airflow/.local/lib/python3.8/site-packages/airflow/example_dags/example_time_delta_sensor_async.py
[2026-04-21T05:43:36.992+0000] {processor.py:840} INFO - DAG(s) 'example_time_delta_sensor_async' retrieved from /home/airflow/.local/lib/python3.8/site-packages/airflow/example_dags/example_time_delta_sensor_async.py
[2026-04-21T05:43:37.015+0000] {logging_mixin.py:188} INFO - [2026-04-21T05:43:37.015+0000] {dag.py:3036} INFO - Sync 1 DAGs
[2026-04-21T05:43:37.029+0000] {logging_mixin.py:188} INFO - [2026-04-21T05:43:37.028+0000] {dag.py:3823} INFO - Setting next_dagrun for example_time_delta_sensor_async to None, run_after=None
[2026-04-21T05:43:37.047+0000] {processor.py:183} INFO - Processing /home/airflow/.local/lib/python3.8/site-packages/airflow/example_dags/example_time_delta_sensor_async.py took 0.070 seconds
[2026-04-21T05:44:07.590+0000] {processor.py:161} INFO - Started process (PID=3740351) to work on /home/airflow/.local/lib/python3.8/site-packages/airflow/example_dags/example_time_delta_sensor_async.py
[2026-04-21T05:44:07.592+0000] {processor.py:830} INFO - Processing file /home/airflow/.local/lib/python3.8/site-packages/airflow/example_dags/example_time_delta_sensor_async.py for tasks to queue
[2026-04-21T05:44:07.594+0000] {logging_mixin.py:188} INFO - [2026-04-21T05:44:07.594+0000] {dagbag.py:538} INFO - Filling up the DagBag from /home/airflow/.local/lib/python3.8/site-packages/airflow/example_dags/example_time_delta_sensor_async.py
[2026-04-21T05:44:07.601+0000] {processor.py:840} INFO - DAG(s) 'example_time_delta_sensor_async' retrieved from /home/airflow/.local/lib/python3.8/site-packages/airflow/example_dags/example_time_delta_sensor_async.py
[2026-04-21T05:44:07.627+0000] {logging_mixin.py:188} INFO - [2026-04-21T05:44:07.627+0000] {dag.py:3036} INFO - Sync 1 DAGs
[2026-04-21T05:44:07.641+0000] {logging_mixin.py:188} INFO - [2026-04-21T05:44:07.640+0000] {dag.py:3823} INFO - Setting next_dagrun for example_time_delta_sensor_async to None, run_after=None
[2026-04-21T05:44:07.659+0000] {processor.py:183} INFO - Processing /home/airflow/.local/lib/python3.8/site-packages/airflow/example_dags/example_time_delta_sensor_async.py took 0.074 seconds
[2026-04-21T05:44:38.229+0000] {processor.py:161} INFO - Started process (PID=3740408) to work on /home/airflow/.local/lib/python3.8/site-packages/airflow/example_dags/example_time_delta_sensor_async.py
[2026-04-21T05:44:38.230+0000] {processor.py:830} INFO - Processing file /home/airflow/.local/lib/python3.8/site-packages/airflow/example_dags/example_time_delta_sensor_async.py for tasks to queue
[2026-04-21T05:44:38.233+0000] {logging_mixin.py:188} INFO - [2026-04-21T05:44:38.232+0000] {dagbag.py:538} INFO - Filling up the DagBag from /home/airflow/.local/lib/python3.8/site-packages/airflow/example_dags/example_time_delta_sensor_async.py
[2026-04-21T05:44:38.238+0000] {processor.py:840} INFO - DAG(s) 'example_time_delta_sensor_async' retrieved from /home/airflow/.local/lib/python3.8/site-packages/airflow/example_dags/example_time_delta_sensor_async.py
[2026-04-21T05:44:38.262+0000] {logging_mixin.py:188} INFO - [2026-04-21T05:44:38.262+0000] {dag.py:3036} INFO - Sync 1 DAGs
[2026-04-21T05:44:38.276+0000] {logging_mixin.py:188} INFO - [2026-04-21T05:44:38.276+0000] {dag.py:3823} INFO - Setting next_dagrun for example_time_delta_sensor_async to None, run_after=None
[2026-04-21T05:44:38.294+0000] {processor.py:183} INFO - Processing /home/airflow/.local/lib/python3.8/site-packages/airflow/example_dags/example_time_delta_sensor_async.py took 0.070 seconds
[2026-04-21T05:45:08.946+0000] {processor.py:161} INFO - Started process (PID=3740465) to work on /home/airflow/.local/lib/python3.8/site-packages/airflow/example_dags/example_time_delta_sensor_async.py
[2026-04-21T05:45:08.948+0000] {processor.py:830} INFO - Processing file /home/airflow/.local/lib/python3.8/site-packages/airflow/example_dags/example_time_delta_sensor_async.py for tasks to queue
[2026-04-21T05:45:08.950+0000] {logging_mixin.py:188} INFO - [2026-04-21T05:45:08.950+0000] {dagbag.py:538} INFO - Filling up the DagBag from /home/airflow/.local/lib/python3.8/site-packages/airflow/example_dags/example_time_delta_sensor_async.py
[2026-04-21T05:45:08.956+0000] {processor.py:840} INFO - DAG(s) 'example_time_delta_sensor_async' retrieved from /home/airflow/.local/lib/python3.8/site-packages/airflow/example_dags/example_time_delta_sensor_async.py
[2026-04-21T05:45:08.980+0000] {logging_mixin.py:188} INFO - [2026-04-21T05:45:08.980+0000] {dag.py:3036} INFO - Sync 1 DAGs
[2026-04-21T05:45:08.993+0000] {logging_mixin.py:188} INFO - [2026-04-21T05:45:08.993+0000] {dag.py:3823} INFO - Setting next_dagrun for example_time_delta_sensor_async to None, run_after=None
[2026-04-21T05:45:09.012+0000] {processor.py:183} INFO - Processing /home/airflow/.local/lib/python3.8/site-packages/airflow/example_dags/example_time_delta_sensor_async.py took 0.070 seconds
[2026-04-21T05:45:39.585+0000] {processor.py:161} INFO - Started process (PID=3740522) to work on /home/airflow/.local/lib/python3.8/site-packages/airflow/example_dags/example_time_delta_sensor_async.py
[2026-04-21T05:45:39.587+0000] {processor.py:830} INFO - Processing file /home/airflow/.local/lib/python3.8/site-packages/airflow/example_dags/example_time_delta_sensor_async.py for tasks to queue
[2026-04-21T05:45:39.589+0000] {logging_mixin.py:188} INFO - [2026-04-21T05:45:39.589+0000] {dagbag.py:538} INFO - Filling up the DagBag from /home/airflow/.local/lib/python3.8/site-packages/airflow/example_dags/example_time_delta_sensor_async.py
[2026-04-21T05:45:39.596+0000] {processor.py:840} INFO - DAG(s) 'example_time_delta_sensor_async' retrieved from /home/airflow/.local/lib/python3.8/site-packages/airflow/example_dags/example_time_delta_sensor_async.py
[2026-04-21T05:45:39.619+0000] {logging_mixin.py:188} INFO - [2026-04-21T05:45:39.619+0000] {dag.py:3036} INFO - Sync 1 DAGs
[2026-04-21T05:45:39.633+0000] {logging_mixin.py:188} INFO - [2026-04-21T05:45:39.633+0000] {dag.py:3823} INFO - Setting next_dagrun for example_time_delta_sensor_async to None, run_after=None
[2026-04-21T05:45:39.652+0000] {processor.py:183} INFO - Processing /home/airflow/.local/lib/python3.8/site-packages/airflow/example_dags/example_time_delta_sensor_async.py took 0.071 seconds
[2026-04-21T05:46:10.244+0000] {processor.py:161} INFO - Started process (PID=3740579) to work on /home/airflow/.local/lib/python3.8/site-packages/airflow/example_dags/example_time_delta_sensor_async.py
[2026-04-21T05:46:10.246+0000] {processor.py:830} INFO - Processing file /home/airflow/.local/lib/python3.8/site-packages/airflow/example_dags/example_time_delta_sensor_async.py for tasks to queue
[2026-04-21T05:46:10.248+0000] {logging_mixin.py:188} INFO - [2026-04-21T05:46:10.248+0000] {dagbag.py:538} INFO - Filling up the DagBag from /home/airflow/.local/lib/python3.8/site-packages/airflow/example_dags/example_time_delta_sensor_async.py
[2026-04-21T05:46:10.255+0000] {processor.py:840} INFO - DAG(s) 'example_time_delta_sensor_async' retrieved from /home/airflow/.local/lib/python3.8/site-packages/airflow/example_dags/example_time_delta_sensor_async.py
[2026-04-21T05:46:10.280+0000] {logging_mixin.py:188} INFO - [2026-04-21T05:46:10.280+0000] {dag.py:3036} INFO - Sync 1 DAGs
[2026-04-21T05:46:10.294+0000] {logging_mixin.py:188} INFO - [2026-04-21T05:46:10.294+0000] {dag.py:3823} INFO - Setting next_dagrun for example_time_delta_sensor_async to None, run_after=None
[2026-04-21T05:46:10.313+0000] {processor.py:183} INFO - Processing /home/airflow/.local/lib/python3.8/site-packages/airflow/example_dags/example_time_delta_sensor_async.py took 0.074 seconds
[2026-04-21T05:46:40.618+0000] {processor.py:161} INFO - Started process (PID=3740636) to work on /home/airflow/.local/lib/python3.8/site-packages/airflow/example_dags/example_time_delta_sensor_async.py
[2026-04-21T05:46:40.620+0000] {processor.py:830} INFO - Processing file /home/airflow/.local/lib/python3.8/site-packages/airflow/example_dags/example_time_delta_sensor_async.py for tasks to queue
[2026-04-21T05:46:40.622+0000] {logging_mixin.py:188} INFO - [2026-04-21T05:46:40.622+0000] {dagbag.py:538} INFO - Filling up the DagBag from /home/airflow/.local/lib/python3.8/site-packages/airflow/example_dags/example_time_delta_sensor_async.py
[2026-04-21T05:46:40.628+0000] {processor.py:840} INFO - DAG(s) 'example_time_delta_sensor_async' retrieved from /home/airflow/.local/lib/python3.8/site-packages/airflow/example_dags/example_time_delta_sensor_async.py
[2026-04-21T05:46:40.652+0000] {logging_mixin.py:188} INFO - [2026-04-21T05:46:40.652+0000] {dag.py:3036} INFO - Sync 1 DAGs
[2026-04-21T05:46:40.665+0000] {logging_mixin.py:188} INFO - [2026-04-21T05:46:40.665+0000] {dag.py:3823} INFO - Setting next_dagrun for example_time_delta_sensor_async to None, run_after=None
[2026-04-21T05:46:40.684+0000] {processor.py:183} INFO - Processing /home/airflow/.local/lib/python3.8/site-packages/airflow/example_dags/example_time_delta_sensor_async.py took 0.070 seconds
[2026-04-21T05:47:10.776+0000] {processor.py:161} INFO - Started process (PID=3740693) to work on /home/airflow/.local/lib/python3.8/site-packages/airflow/example_dags/example_time_delta_sensor_async.py
[2026-04-21T05:47:10.778+0000] {processor.py:830} INFO - Processing file /home/airflow/.local/lib/python3.8/site-packages/airflow/example_dags/example_time_delta_sensor_async.py for tasks to queue
[2026-04-21T05:47:10.780+0000] {logging_mixin.py:188} INFO - [2026-04-21T05:47:10.780+0000] {dagbag.py:538} INFO - Filling up the DagBag from /home/airflow/.local/lib/python3.8/site-packages/airflow/example_dags/example_time_delta_sensor_async.py
[2026-04-21T05:47:10.787+0000] {processor.py:840} INFO - DAG(s) 'example_time_delta_sensor_async' retrieved from /home/airflow/.local/lib/python3.8/site-packages/airflow/example_dags/example_time_delta_sensor_async.py
[2026-04-21T05:47:10.812+0000] {logging_mixin.py:188} INFO - [2026-04-21T05:47:10.811+0000] {dag.py:3036} INFO - Sync 1 DAGs
[2026-04-21T05:47:10.827+0000] {logging_mixin.py:188} INFO - [2026-04-21T05:47:10.827+0000] {dag.py:3823} INFO - Setting next_dagrun for example_time_delta_sensor_async to None, run_after=None
[2026-04-21T05:47:10.849+0000] {processor.py:183} INFO - Processing /home/airflow/.local/lib/python3.8/site-packages/airflow/example_dags/example_time_delta_sensor_async.py took 0.077 seconds
[2026-04-21T05:47:41.003+0000] {processor.py:161} INFO - Started process (PID=3740750) to work on /home/airflow/.local/lib/python3.8/site-packages/airflow/example_dags/example_time_delta_sensor_async.py
[2026-04-21T05:47:41.005+0000] {processor.py:830} INFO - Processing file /home/airflow/.local/lib/python3.8/site-packages/airflow/example_dags/example_time_delta_sensor_async.py for tasks to queue
[2026-04-21T05:47:41.008+0000] {logging_mixin.py:188} INFO - [2026-04-21T05:47:41.008+0000] {dagbag.py:538} INFO - Filling up the DagBag from /home/airflow/.local/lib/python3.8/site-packages/airflow/example_dags/example_time_delta_sensor_async.py
[2026-04-21T05:47:41.017+0000] {processor.py:840} INFO - DAG(s) 'example_time_delta_sensor_async' retrieved from /home/airflow/.local/lib/python3.8/site-packages/airflow/example_dags/example_time_delta_sensor_async.py
[2026-04-21T05:47:41.048+0000] {logging_mixin.py:188} INFO - [2026-04-21T05:47:41.048+0000] {dag.py:3036} INFO - Sync 1 DAGs
[2026-04-21T05:47:41.068+0000] {logging_mixin.py:188} INFO - [2026-04-21T05:47:41.068+0000] {dag.py:3823} INFO - Setting next_dagrun for example_time_delta_sensor_async to None, run_after=None
[2026-04-21T05:47:41.089+0000] {processor.py:183} INFO - Processing /home/airflow/.local/lib/python3.8/site-packages/airflow/example_dags/example_time_delta_sensor_async.py took 0.093 seconds
[2026-04-21T05:48:11.226+0000] {processor.py:161} INFO - Started process (PID=3740807) to work on /home/airflow/.local/lib/python3.8/site-packages/airflow/example_dags/example_time_delta_sensor_async.py
[2026-04-21T05:48:11.228+0000] {processor.py:830} INFO - Processing file /home/airflow/.local/lib/python3.8/site-packages/airflow/example_dags/example_time_delta_sensor_async.py for tasks to queue
[2026-04-21T05:48:11.230+0000] {logging_mixin.py:188} INFO - [2026-04-21T05:48:11.230+0000] {dagbag.py:538} INFO - Filling up the DagBag from /home/airflow/.local/lib/python3.8/site-packages/airflow/example_dags/example_time_delta_sensor_async.py
[2026-04-21T05:48:11.236+0000] {processor.py:840} INFO - DAG(s) 'example_time_delta_sensor_async' retrieved from /home/airflow/.local/lib/python3.8/site-packages/airflow/example_dags/example_time_delta_sensor_async.py
[2026-04-21T05:48:11.261+0000] {logging_mixin.py:188} INFO - [2026-04-21T05:48:11.261+0000] {dag.py:3036} INFO - Sync 1 DAGs
[2026-04-21T05:48:11.278+0000] {logging_mixin.py:188} INFO - [2026-04-21T05:48:11.277+0000] {dag.py:3823} INFO - Setting next_dagrun for example_time_delta_sensor_async to None, run_after=None
[2026-04-21T05:48:11.297+0000] {processor.py:183} INFO - Processing /home/airflow/.local/lib/python3.8/site-packages/airflow/example_dags/example_time_delta_sensor_async.py took 0.076 seconds
[2026-04-21T05:48:41.459+0000] {processor.py:161} INFO - Started process (PID=3740864) to work on /home/airflow/.local/lib/python3.8/site-packages/airflow/example_dags/example_time_delta_sensor_async.py
[2026-04-21T05:48:41.460+0000] {processor.py:830} INFO - Processing file /home/airflow/.local/lib/python3.8/site-packages/airflow/example_dags/example_time_delta_sensor_async.py for tasks to queue
[2026-04-21T05:48:41.463+0000] {logging_mixin.py:188} INFO - [2026-04-21T05:48:41.462+0000] {dagbag.py:538} INFO - Filling up the DagBag from /home/airflow/.local/lib/python3.8/site-packages/airflow/example_dags/example_time_delta_sensor_async.py
[2026-04-21T05:48:41.469+0000] {processor.py:840} INFO - DAG(s) 'example_time_delta_sensor_async' retrieved from /home/airflow/.local/lib/python3.8/site-packages/airflow/example_dags/example_time_delta_sensor_async.py
[2026-04-21T05:48:41.493+0000] {logging_mixin.py:188} INFO - [2026-04-21T05:48:41.492+0000] {dag.py:3036} INFO - Sync 1 DAGs
[2026-04-21T05:48:41.507+0000] {logging_mixin.py:188} INFO - [2026-04-21T05:48:41.507+0000] {dag.py:3823} INFO - Setting next_dagrun for example_time_delta_sensor_async to None, run_after=None
[2026-04-21T05:48:41.525+0000] {processor.py:183} INFO - Processing /home/airflow/.local/lib/python3.8/site-packages/airflow/example_dags/example_time_delta_sensor_async.py took 0.071 seconds
[2026-04-21T05:49:11.940+0000] {processor.py:161} INFO - Started process (PID=3740921) to work on /home/airflow/.local/lib/python3.8/site-packages/airflow/example_dags/example_time_delta_sensor_async.py
[2026-04-21T05:49:11.942+0000] {processor.py:830} INFO - Processing file /home/airflow/.local/lib/python3.8/site-packages/airflow/example_dags/example_time_delta_sensor_async.py for tasks to queue
[2026-04-21T05:49:11.944+0000] {logging_mixin.py:188} INFO - [2026-04-21T05:49:11.944+0000] {dagbag.py:538} INFO - Filling up the DagBag from /home/airflow/.local/lib/python3.8/site-packages/airflow/example_dags/example_time_delta_sensor_async.py
[2026-04-21T05:49:11.951+0000] {processor.py:840} INFO - DAG(s) 'example_time_delta_sensor_async' retrieved from /home/airflow/.local/lib/python3.8/site-packages/airflow/example_dags/example_time_delta_sensor_async.py
[2026-04-21T05:49:11.976+0000] {logging_mixin.py:188} INFO - [2026-04-21T05:49:11.976+0000] {dag.py:3036} INFO - Sync 1 DAGs
[2026-04-21T05:49:11.990+0000] {logging_mixin.py:188} INFO - [2026-04-21T05:49:11.990+0000] {dag.py:3823} INFO - Setting next_dagrun for example_time_delta_sensor_async to None, run_after=None
[2026-04-21T05:49:12.008+0000] {processor.py:183} INFO - Processing /home/airflow/.local/lib/python3.8/site-packages/airflow/example_dags/example_time_delta_sensor_async.py took 0.073 seconds
[2026-04-21T05:49:42.758+0000] {processor.py:161} INFO - Started process (PID=3740978) to work on /home/airflow/.local/lib/python3.8/site-packages/airflow/example_dags/example_time_delta_sensor_async.py
[2026-04-21T05:49:42.760+0000] {processor.py:830} INFO - Processing file /home/airflow/.local/lib/python3.8/site-packages/airflow/example_dags/example_time_delta_sensor_async.py for tasks to queue
[2026-04-21T05:49:42.763+0000] {logging_mixin.py:188} INFO - [2026-04-21T05:49:42.762+0000] {dagbag.py:538} INFO - Filling up the DagBag from /home/airflow/.local/lib/python3.8/site-packages/airflow/example_dags/example_time_delta_sensor_async.py
[2026-04-21T05:49:42.769+0000] {processor.py:840} INFO - DAG(s) 'example_time_delta_sensor_async' retrieved from /home/airflow/.local/lib/python3.8/site-packages/airflow/example_dags/example_time_delta_sensor_async.py
[2026-04-21T05:49:42.794+0000] {logging_mixin.py:188} INFO - [2026-04-21T05:49:42.793+0000] {dag.py:3036} INFO - Sync 1 DAGs
[2026-04-21T05:49:42.808+0000] {logging_mixin.py:188} INFO - [2026-04-21T05:49:42.807+0000] {dag.py:3823} INFO - Setting next_dagrun for example_time_delta_sensor_async to None, run_after=None
[2026-04-21T05:49:42.827+0000] {processor.py:183} INFO - Processing /home/airflow/.local/lib/python3.8/site-packages/airflow/example_dags/example_time_delta_sensor_async.py took 0.073 seconds
[2026-04-21T05:50:12.919+0000] {processor.py:161} INFO - Started process (PID=3741035) to work on /home/airflow/.local/lib/python3.8/site-packages/airflow/example_dags/example_time_delta_sensor_async.py
[2026-04-21T05:50:12.921+0000] {processor.py:830} INFO - Processing file /home/airflow/.local/lib/python3.8/site-packages/airflow/example_dags/example_time_delta_sensor_async.py for tasks to queue
[2026-04-21T05:50:12.924+0000] {logging_mixin.py:188} INFO - [2026-04-21T05:50:12.924+0000] {dagbag.py:538} INFO - Filling up the DagBag from /home/airflow/.local/lib/python3.8/site-packages/airflow/example_dags/example_time_delta_sensor_async.py
[2026-04-21T05:50:12.933+0000] {processor.py:840} INFO - DAG(s) 'example_time_delta_sensor_async' retrieved from /home/airflow/.local/lib/python3.8/site-packages/airflow/example_dags/example_time_delta_sensor_async.py
[2026-04-21T05:50:12.965+0000] {logging_mixin.py:188} INFO - [2026-04-21T05:50:12.965+0000] {dag.py:3036} INFO - Sync 1 DAGs
[2026-04-21T05:50:12.985+0000] {logging_mixin.py:188} INFO - [2026-04-21T05:50:12.985+0000] {dag.py:3823} INFO - Setting next_dagrun for example_time_delta_sensor_async to None, run_after=None
[2026-04-21T05:50:13.007+0000] {processor.py:183} INFO - Processing /home/airflow/.local/lib/python3.8/site-packages/airflow/example_dags/example_time_delta_sensor_async.py took 0.096 seconds
[2026-04-21T05:50:43.159+0000] {processor.py:161} INFO - Started process (PID=3741092) to work on /home/airflow/.local/lib/python3.8/site-packages/airflow/example_dags/example_time_delta_sensor_async.py
[2026-04-21T05:50:43.161+0000] {processor.py:830} INFO - Processing file /home/airflow/.local/lib/python3.8/site-packages/airflow/example_dags/example_time_delta_sensor_async.py for tasks to queue
[2026-04-21T05:50:43.163+0000] {logging_mixin.py:188} INFO - [2026-04-21T05:50:43.163+0000] {dagbag.py:538} INFO - Filling up the DagBag from /home/airflow/.local/lib/python3.8/site-packages/airflow/example_dags/example_time_delta_sensor_async.py
[2026-04-21T05:50:43.169+0000] {processor.py:840} INFO - DAG(s) 'example_time_delta_sensor_async' retrieved from /home/airflow/.local/lib/python3.8/site-packages/airflow/example_dags/example_time_delta_sensor_async.py
[2026-04-21T05:50:43.194+0000] {logging_mixin.py:188} INFO - [2026-04-21T05:50:43.193+0000] {dag.py:3036} INFO - Sync 1 DAGs
[2026-04-21T05:50:43.208+0000] {logging_mixin.py:188} INFO - [2026-04-21T05:50:43.207+0000] {dag.py:3823} INFO - Setting next_dagrun for example_time_delta_sensor_async to None, run_after=None
[2026-04-21T05:50:43.226+0000] {processor.py:183} INFO - Processing /home/airflow/.local/lib/python3.8/site-packages/airflow/example_dags/example_time_delta_sensor_async.py took 0.072 seconds
[2026-04-21T05:51:13.384+0000] {processor.py:161} INFO - Started process (PID=3741149) to work on /home/airflow/.local/lib/python3.8/site-packages/airflow/example_dags/example_time_delta_sensor_async.py
[2026-04-21T05:51:13.386+0000] {processor.py:830} INFO - Processing file /home/airflow/.local/lib/python3.8/site-packages/airflow/example_dags/example_time_delta_sensor_async.py for tasks to queue
[2026-04-21T05:51:13.389+0000] {logging_mixin.py:188} INFO - [2026-04-21T05:51:13.388+0000] {dagbag.py:538} INFO - Filling up the DagBag from /home/airflow/.local/lib/python3.8/site-packages/airflow/example_dags/example_time_delta_sensor_async.py
[2026-04-21T05:51:13.395+0000] {processor.py:840} INFO - DAG(s) 'example_time_delta_sensor_async' retrieved from /home/airflow/.local/lib/python3.8/site-packages/airflow/example_dags/example_time_delta_sensor_async.py
[2026-04-21T05:51:13.421+0000] {logging_mixin.py:188} INFO - [2026-04-21T05:51:13.420+0000] {dag.py:3036} INFO - Sync 1 DAGs
[2026-04-21T05:51:13.434+0000] {logging_mixin.py:188} INFO - [2026-04-21T05:51:13.434+0000] {dag.py:3823} INFO - Setting next_dagrun for example_time_delta_sensor_async to None, run_after=None
[2026-04-21T05:51:13.453+0000] {processor.py:183} INFO - Processing /home/airflow/.local/lib/python3.8/site-packages/airflow/example_dags/example_time_delta_sensor_async.py took 0.073 seconds
[2026-04-21T05:51:43.612+0000] {processor.py:161} INFO - Started process (PID=3741206) to work on /home/airflow/.local/lib/python3.8/site-packages/airflow/example_dags/example_time_delta_sensor_async.py
[2026-04-21T05:51:43.613+0000] {processor.py:830} INFO - Processing file /home/airflow/.local/lib/python3.8/site-packages/airflow/example_dags/example_time_delta_sensor_async.py for tasks to queue
[2026-04-21T05:51:43.616+0000] {logging_mixin.py:188} INFO - [2026-04-21T05:51:43.615+0000] {dagbag.py:538} INFO - Filling up the DagBag from /home/airflow/.local/lib/python3.8/site-packages/airflow/example_dags/example_time_delta_sensor_async.py
[2026-04-21T05:51:43.622+0000] {processor.py:840} INFO - DAG(s) 'example_time_delta_sensor_async' retrieved from /home/airflow/.local/lib/python3.8/site-packages/airflow/example_dags/example_time_delta_sensor_async.py
[2026-04-21T05:51:43.647+0000] {logging_mixin.py:188} INFO - [2026-04-21T05:51:43.647+0000] {dag.py:3036} INFO - Sync 1 DAGs
[2026-04-21T05:51:43.661+0000] {logging_mixin.py:188} INFO - [2026-04-21T05:51:43.661+0000] {dag.py:3823} INFO - Setting next_dagrun for example_time_delta_sensor_async to None, run_after=None
[2026-04-21T05:51:43.680+0000] {processor.py:183} INFO - Processing /home/airflow/.local/lib/python3.8/site-packages/airflow/example_dags/example_time_delta_sensor_async.py took 0.073 seconds
[2026-04-21T05:52:13.911+0000] {processor.py:161} INFO - Started process (PID=3741263) to work on /home/airflow/.local/lib/python3.8/site-packages/airflow/example_dags/example_time_delta_sensor_async.py
[2026-04-21T05:52:13.913+0000] {processor.py:830} INFO - Processing file /home/airflow/.local/lib/python3.8/site-packages/airflow/example_dags/example_time_delta_sensor_async.py for tasks to queue
[2026-04-21T05:52:13.915+0000] {logging_mixin.py:188} INFO - [2026-04-21T05:52:13.915+0000] {dagbag.py:538} INFO - Filling up the DagBag from /home/airflow/.local/lib/python3.8/site-packages/airflow/example_dags/example_time_delta_sensor_async.py
[2026-04-21T05:52:13.921+0000] {processor.py:840} INFO - DAG(s) 'example_time_delta_sensor_async' retrieved from /home/airflow/.local/lib/python3.8/site-packages/airflow/example_dags/example_time_delta_sensor_async.py
[2026-04-21T05:52:13.948+0000] {logging_mixin.py:188} INFO - [2026-04-21T05:52:13.948+0000] {dag.py:3036} INFO - Sync 1 DAGs
[2026-04-21T05:52:13.968+0000] {logging_mixin.py:188} INFO - [2026-04-21T05:52:13.967+0000] {dag.py:3823} INFO - Setting next_dagrun for example_time_delta_sensor_async to None, run_after=None
[2026-04-21T05:52:13.998+0000] {processor.py:183} INFO - Processing /home/airflow/.local/lib/python3.8/site-packages/airflow/example_dags/example_time_delta_sensor_async.py took 0.092 seconds
[2026-04-21T05:52:44.198+0000] {processor.py:161} INFO - Started process (PID=3741320) to work on /home/airflow/.local/lib/python3.8/site-packages/airflow/example_dags/example_time_delta_sensor_async.py
[2026-04-21T05:52:44.200+0000] {processor.py:830} INFO - Processing file /home/airflow/.local/lib/python3.8/site-packages/airflow/example_dags/example_time_delta_sensor_async.py for tasks to queue
[2026-04-21T05:52:44.202+0000] {logging_mixin.py:188} INFO - [2026-04-21T05:52:44.202+0000] {dagbag.py:538} INFO - Filling up the DagBag from /home/airflow/.local/lib/python3.8/site-packages/airflow/example_dags/example_time_delta_sensor_async.py
[2026-04-21T05:52:44.209+0000] {processor.py:840} INFO - DAG(s) 'example_time_delta_sensor_async' retrieved from /home/airflow/.local/lib/python3.8/site-packages/airflow/example_dags/example_time_delta_sensor_async.py
[2026-04-21T05:52:44.233+0000] {logging_mixin.py:188} INFO - [2026-04-21T05:52:44.233+0000] {dag.py:3036} INFO - Sync 1 DAGs
[2026-04-21T05:52:44.247+0000] {logging_mixin.py:188} INFO - [2026-04-21T05:52:44.247+0000] {dag.py:3823} INFO - Setting next_dagrun for example_time_delta_sensor_async to None, run_after=None
[2026-04-21T05:52:44.266+0000] {processor.py:183} INFO - Processing /home/airflow/.local/lib/python3.8/site-packages/airflow/example_dags/example_time_delta_sensor_async.py took 0.074 seconds
[2026-04-21T05:53:14.457+0000] {processor.py:161} INFO - Started process (PID=3741375) to work on /home/airflow/.local/lib/python3.8/site-packages/airflow/example_dags/example_time_delta_sensor_async.py
[2026-04-21T05:53:14.459+0000] {processor.py:830} INFO - Processing file /home/airflow/.local/lib/python3.8/site-packages/airflow/example_dags/example_time_delta_sensor_async.py for tasks to queue
[2026-04-21T05:53:14.461+0000] {logging_mixin.py:188} INFO - [2026-04-21T05:53:14.461+0000] {dagbag.py:538} INFO - Filling up the DagBag from /home/airflow/.local/lib/python3.8/site-packages/airflow/example_dags/example_time_delta_sensor_async.py
[2026-04-21T05:53:14.468+0000] {processor.py:840} INFO - DAG(s) 'example_time_delta_sensor_async' retrieved from /home/airflow/.local/lib/python3.8/site-packages/airflow/example_dags/example_time_delta_sensor_async.py
[2026-04-21T05:53:14.493+0000] {logging_mixin.py:188} INFO - [2026-04-21T05:53:14.493+0000] {dag.py:3036} INFO - Sync 1 DAGs
[2026-04-21T05:53:14.507+0000] {logging_mixin.py:188} INFO - [2026-04-21T05:53:14.506+0000] {dag.py:3823} INFO - Setting next_dagrun for example_time_delta_sensor_async to None, run_after=None
[2026-04-21T05:53:14.526+0000] {processor.py:183} INFO - Processing /home/airflow/.local/lib/python3.8/site-packages/airflow/example_dags/example_time_delta_sensor_async.py took 0.074 seconds
[2026-04-21T05:53:44.760+0000] {processor.py:161} INFO - Started process (PID=3741432) to work on /home/airflow/.local/lib/python3.8/site-packages/airflow/example_dags/example_time_delta_sensor_async.py
[2026-04-21T05:53:44.762+0000] {processor.py:830} INFO - Processing file /home/airflow/.local/lib/python3.8/site-packages/airflow/example_dags/example_time_delta_sensor_async.py for tasks to queue
[2026-04-21T05:53:44.764+0000] {logging_mixin.py:188} INFO - [2026-04-21T05:53:44.763+0000] {dagbag.py:538} INFO - Filling up the DagBag from /home/airflow/.local/lib/python3.8/site-packages/airflow/example_dags/example_time_delta_sensor_async.py
[2026-04-21T05:53:44.770+0000] {processor.py:840} INFO - DAG(s) 'example_time_delta_sensor_async' retrieved from /home/airflow/.local/lib/python3.8/site-packages/airflow/example_dags/example_time_delta_sensor_async.py
[2026-04-21T05:53:44.796+0000] {logging_mixin.py:188} INFO - [2026-04-21T05:53:44.796+0000] {dag.py:3036} INFO - Sync 1 DAGs
[2026-04-21T05:53:44.811+0000] {logging_mixin.py:188} INFO - [2026-04-21T05:53:44.811+0000] {dag.py:3823} INFO - Setting next_dagrun for example_time_delta_sensor_async to None, run_after=None
[2026-04-21T05:53:44.830+0000] {processor.py:183} INFO - Processing /home/airflow/.local/lib/python3.8/site-packages/airflow/example_dags/example_time_delta_sensor_async.py took 0.075 seconds
[2026-04-21T05:54:15.078+0000] {processor.py:161} INFO - Started process (PID=3741489) to work on /home/airflow/.local/lib/python3.8/site-packages/airflow/example_dags/example_time_delta_sensor_async.py
[2026-04-21T05:54:15.081+0000] {processor.py:830} INFO - Processing file /home/airflow/.local/lib/python3.8/site-packages/airflow/example_dags/example_time_delta_sensor_async.py for tasks to queue
[2026-04-21T05:54:15.083+0000] {logging_mixin.py:188} INFO - [2026-04-21T05:54:15.083+0000] {dagbag.py:538} INFO - Filling up the DagBag from /home/airflow/.local/lib/python3.8/site-packages/airflow/example_dags/example_time_delta_sensor_async.py
[2026-04-21T05:54:15.089+0000] {processor.py:840} INFO - DAG(s) 'example_time_delta_sensor_async' retrieved from /home/airflow/.local/lib/python3.8/site-packages/airflow/example_dags/example_time_delta_sensor_async.py
[2026-04-21T05:54:15.114+0000] {logging_mixin.py:188} INFO - [2026-04-21T05:54:15.114+0000] {dag.py:3036} INFO - Sync 1 DAGs
[2026-04-21T05:54:15.128+0000] {logging_mixin.py:188} INFO - [2026-04-21T05:54:15.128+0000] {dag.py:3823} INFO - Setting next_dagrun for example_time_delta_sensor_async to None, run_after=None
[2026-04-21T05:54:15.160+0000] {processor.py:183} INFO - Processing /home/airflow/.local/lib/python3.8/site-packages/airflow/example_dags/example_time_delta_sensor_async.py took 0.087 seconds
[2026-04-21T05:54:45.836+0000] {processor.py:161} INFO - Started process (PID=3741546) to work on /home/airflow/.local/lib/python3.8/site-packages/airflow/example_dags/example_time_delta_sensor_async.py
[2026-04-21T05:54:45.838+0000] {processor.py:830} INFO - Processing file /home/airflow/.local/lib/python3.8/site-packages/airflow/example_dags/example_time_delta_sensor_async.py for tasks to queue
[2026-04-21T05:54:45.840+0000] {logging_mixin.py:188} INFO - [2026-04-21T05:54:45.840+0000] {dagbag.py:538} INFO - Filling up the DagBag from /home/airflow/.local/lib/python3.8/site-packages/airflow/example_dags/example_time_delta_sensor_async.py
[2026-04-21T05:54:45.848+0000] {processor.py:840} INFO - DAG(s) 'example_time_delta_sensor_async' retrieved from /home/airflow/.local/lib/python3.8/site-packages/airflow/example_dags/example_time_delta_sensor_async.py
[2026-04-21T05:54:45.873+0000] {logging_mixin.py:188} INFO - [2026-04-21T05:54:45.873+0000] {dag.py:3036} INFO - Sync 1 DAGs
[2026-04-21T05:54:45.889+0000] {logging_mixin.py:188} INFO - [2026-04-21T05:54:45.889+0000] {dag.py:3823} INFO - Setting next_dagrun for example_time_delta_sensor_async to None, run_after=None
[2026-04-21T05:54:45.911+0000] {processor.py:183} INFO - Processing /home/airflow/.local/lib/python3.8/site-packages/airflow/example_dags/example_time_delta_sensor_async.py took 0.081 seconds
[2026-04-21T05:55:16.164+0000] {processor.py:161} INFO - Started process (PID=3741601) to work on /home/airflow/.local/lib/python3.8/site-packages/airflow/example_dags/example_time_delta_sensor_async.py
[2026-04-21T05:55:16.166+0000] {processor.py:830} INFO - Processing file /home/airflow/.local/lib/python3.8/site-packages/airflow/example_dags/example_time_delta_sensor_async.py for tasks to queue
[2026-04-21T05:55:16.168+0000] {logging_mixin.py:188} INFO - [2026-04-21T05:55:16.168+0000] {dagbag.py:538} INFO - Filling up the DagBag from /home/airflow/.local/lib/python3.8/site-packages/airflow/example_dags/example_time_delta_sensor_async.py
[2026-04-21T05:55:16.175+0000] {processor.py:840} INFO - DAG(s) 'example_time_delta_sensor_async' retrieved from /home/airflow/.local/lib/python3.8/site-packages/airflow/example_dags/example_time_delta_sensor_async.py
[2026-04-21T05:55:16.202+0000] {logging_mixin.py:188} INFO - [2026-04-21T05:55:16.202+0000] {dag.py:3036} INFO - Sync 1 DAGs
[2026-04-21T05:55:16.218+0000] {logging_mixin.py:188} INFO - [2026-04-21T05:55:16.217+0000] {dag.py:3823} INFO - Setting next_dagrun for example_time_delta_sensor_async to None, run_after=None
[2026-04-21T05:55:16.240+0000] {processor.py:183} INFO - Processing /home/airflow/.local/lib/python3.8/site-packages/airflow/example_dags/example_time_delta_sensor_async.py took 0.081 seconds
[2026-04-21T05:55:46.406+0000] {processor.py:161} INFO - Started process (PID=3741658) to work on /home/airflow/.local/lib/python3.8/site-packages/airflow/example_dags/example_time_delta_sensor_async.py
[2026-04-21T05:55:46.408+0000] {processor.py:830} INFO - Processing file /home/airflow/.local/lib/python3.8/site-packages/airflow/example_dags/example_time_delta_sensor_async.py for tasks to queue
[2026-04-21T05:55:46.411+0000] {logging_mixin.py:188} INFO - [2026-04-21T05:55:46.410+0000] {dagbag.py:538} INFO - Filling up the DagBag from /home/airflow/.local/lib/python3.8/site-packages/airflow/example_dags/example_time_delta_sensor_async.py
[2026-04-21T05:55:46.417+0000] {processor.py:840} INFO - DAG(s) 'example_time_delta_sensor_async' retrieved from /home/airflow/.local/lib/python3.8/site-packages/airflow/example_dags/example_time_delta_sensor_async.py
[2026-04-21T05:55:46.444+0000] {logging_mixin.py:188} INFO - [2026-04-21T05:55:46.444+0000] {dag.py:3036} INFO - Sync 1 DAGs
[2026-04-21T05:55:46.459+0000] {logging_mixin.py:188} INFO - [2026-04-21T05:55:46.458+0000] {dag.py:3823} INFO - Setting next_dagrun for example_time_delta_sensor_async to None, run_after=None
[2026-04-21T05:55:46.479+0000] {processor.py:183} INFO - Processing /home/airflow/.local/lib/python3.8/site-packages/airflow/example_dags/example_time_delta_sensor_async.py took 0.077 seconds
[2026-04-21T05:56:16.967+0000] {processor.py:161} INFO - Started process (PID=3741715) to work on /home/airflow/.local/lib/python3.8/site-packages/airflow/example_dags/example_time_delta_sensor_async.py
[2026-04-21T05:56:16.969+0000] {processor.py:830} INFO - Processing file /home/airflow/.local/lib/python3.8/site-packages/airflow/example_dags/example_time_delta_sensor_async.py for tasks to queue
[2026-04-21T05:56:16.971+0000] {logging_mixin.py:188} INFO - [2026-04-21T05:56:16.970+0000] {dagbag.py:538} INFO - Filling up the DagBag from /home/airflow/.local/lib/python3.8/site-packages/airflow/example_dags/example_time_delta_sensor_async.py
[2026-04-21T05:56:16.977+0000] {processor.py:840} INFO - DAG(s) 'example_time_delta_sensor_async' retrieved from /home/airflow/.local/lib/python3.8/site-packages/airflow/example_dags/example_time_delta_sensor_async.py
[2026-04-21T05:56:17.001+0000] {logging_mixin.py:188} INFO - [2026-04-21T05:56:17.000+0000] {dag.py:3036} INFO - Sync 1 DAGs
[2026-04-21T05:56:17.014+0000] {logging_mixin.py:188} INFO - [2026-04-21T05:56:17.014+0000] {dag.py:3823} INFO - Setting next_dagrun for example_time_delta_sensor_async to None, run_after=None
[2026-04-21T05:56:17.032+0000] {processor.py:183} INFO - Processing /home/airflow/.local/lib/python3.8/site-packages/airflow/example_dags/example_time_delta_sensor_async.py took 0.070 seconds
[2026-04-21T05:56:47.177+0000] {processor.py:161} INFO - Started process (PID=3741772) to work on /home/airflow/.local/lib/python3.8/site-packages/airflow/example_dags/example_time_delta_sensor_async.py
[2026-04-21T05:56:47.179+0000] {processor.py:830} INFO - Processing file /home/airflow/.local/lib/python3.8/site-packages/airflow/example_dags/example_time_delta_sensor_async.py for tasks to queue
[2026-04-21T05:56:47.181+0000] {logging_mixin.py:188} INFO - [2026-04-21T05:56:47.181+0000] {dagbag.py:538} INFO - Filling up the DagBag from /home/airflow/.local/lib/python3.8/site-packages/airflow/example_dags/example_time_delta_sensor_async.py
[2026-04-21T05:56:47.187+0000] {processor.py:840} INFO - DAG(s) 'example_time_delta_sensor_async' retrieved from /home/airflow/.local/lib/python3.8/site-packages/airflow/example_dags/example_time_delta_sensor_async.py
[2026-04-21T05:56:47.212+0000] {logging_mixin.py:188} INFO - [2026-04-21T05:56:47.212+0000] {dag.py:3036} INFO - Sync 1 DAGs
[2026-04-21T05:56:47.225+0000] {logging_mixin.py:188} INFO - [2026-04-21T05:56:47.225+0000] {dag.py:3823} INFO - Setting next_dagrun for example_time_delta_sensor_async to None, run_after=None
[2026-04-21T05:56:47.243+0000] {processor.py:183} INFO - Processing /home/airflow/.local/lib/python3.8/site-packages/airflow/example_dags/example_time_delta_sensor_async.py took 0.070 seconds
[2026-04-21T05:57:17.351+0000] {processor.py:161} INFO - Started process (PID=3741829) to work on /home/airflow/.local/lib/python3.8/site-packages/airflow/example_dags/example_time_delta_sensor_async.py
[2026-04-21T05:57:17.353+0000] {processor.py:830} INFO - Processing file /home/airflow/.local/lib/python3.8/site-packages/airflow/example_dags/example_time_delta_sensor_async.py for tasks to queue
[2026-04-21T05:57:17.355+0000] {logging_mixin.py:188} INFO - [2026-04-21T05:57:17.355+0000] {dagbag.py:538} INFO - Filling up the DagBag from /home/airflow/.local/lib/python3.8/site-packages/airflow/example_dags/example_time_delta_sensor_async.py
[2026-04-21T05:57:17.361+0000] {processor.py:840} INFO - DAG(s) 'example_time_delta_sensor_async' retrieved from /home/airflow/.local/lib/python3.8/site-packages/airflow/example_dags/example_time_delta_sensor_async.py
[2026-04-21T05:57:17.385+0000] {logging_mixin.py:188} INFO - [2026-04-21T05:57:17.385+0000] {dag.py:3036} INFO - Sync 1 DAGs
[2026-04-21T05:57:17.399+0000] {logging_mixin.py:188} INFO - [2026-04-21T05:57:17.398+0000] {dag.py:3823} INFO - Setting next_dagrun for example_time_delta_sensor_async to None, run_after=None
[2026-04-21T05:57:17.417+0000] {processor.py:183} INFO - Processing /home/airflow/.local/lib/python3.8/site-packages/airflow/example_dags/example_time_delta_sensor_async.py took 0.072 seconds
[2026-04-21T05:57:48.246+0000] {processor.py:161} INFO - Started process (PID=3741886) to work on /home/airflow/.local/lib/python3.8/site-packages/airflow/example_dags/example_time_delta_sensor_async.py
[2026-04-21T05:57:48.248+0000] {processor.py:830} INFO - Processing file /home/airflow/.local/lib/python3.8/site-packages/airflow/example_dags/example_time_delta_sensor_async.py for tasks to queue
[2026-04-21T05:57:48.250+0000] {logging_mixin.py:188} INFO - [2026-04-21T05:57:48.250+0000] {dagbag.py:538} INFO - Filling up the DagBag from /home/airflow/.local/lib/python3.8/site-packages/airflow/example_dags/example_time_delta_sensor_async.py
[2026-04-21T05:57:48.256+0000] {processor.py:840} INFO - DAG(s) 'example_time_delta_sensor_async' retrieved from /home/airflow/.local/lib/python3.8/site-packages/airflow/example_dags/example_time_delta_sensor_async.py
[2026-04-21T05:57:48.280+0000] {logging_mixin.py:188} INFO - [2026-04-21T05:57:48.279+0000] {dag.py:3036} INFO - Sync 1 DAGs
[2026-04-21T05:57:48.293+0000] {logging_mixin.py:188} INFO - [2026-04-21T05:57:48.293+0000] {dag.py:3823} INFO - Setting next_dagrun for example_time_delta_sensor_async to None, run_after=None
[2026-04-21T05:57:48.311+0000] {processor.py:183} INFO - Processing /home/airflow/.local/lib/python3.8/site-packages/airflow/example_dags/example_time_delta_sensor_async.py took 0.069 seconds
[2026-04-21T05:58:18.431+0000] {processor.py:161} INFO - Started process (PID=3741943) to work on /home/airflow/.local/lib/python3.8/site-packages/airflow/example_dags/example_time_delta_sensor_async.py
[2026-04-21T05:58:18.433+0000] {processor.py:830} INFO - Processing file /home/airflow/.local/lib/python3.8/site-packages/airflow/example_dags/example_time_delta_sensor_async.py for tasks to queue
[2026-04-21T05:58:18.435+0000] {logging_mixin.py:188} INFO - [2026-04-21T05:58:18.435+0000] {dagbag.py:538} INFO - Filling up the DagBag from /home/airflow/.local/lib/python3.8/site-packages/airflow/example_dags/example_time_delta_sensor_async.py
[2026-04-21T05:58:18.441+0000] {processor.py:840} INFO - DAG(s) 'example_time_delta_sensor_async' retrieved from /home/airflow/.local/lib/python3.8/site-packages/airflow/example_dags/example_time_delta_sensor_async.py
[2026-04-21T05:58:18.465+0000] {logging_mixin.py:188} INFO - [2026-04-21T05:58:18.465+0000] {dag.py:3036} INFO - Sync 1 DAGs
[2026-04-21T05:58:18.479+0000] {logging_mixin.py:188} INFO - [2026-04-21T05:58:18.478+0000] {dag.py:3823} INFO - Setting next_dagrun for example_time_delta_sensor_async to None, run_after=None
[2026-04-21T05:58:18.496+0000] {processor.py:183} INFO - Processing /home/airflow/.local/lib/python3.8/site-packages/airflow/example_dags/example_time_delta_sensor_async.py took 0.070 seconds
[2026-04-21T05:58:48.886+0000] {processor.py:161} INFO - Started process (PID=3742000) to work on /home/airflow/.local/lib/python3.8/site-packages/airflow/example_dags/example_time_delta_sensor_async.py
[2026-04-21T05:58:48.888+0000] {processor.py:830} INFO - Processing file /home/airflow/.local/lib/python3.8/site-packages/airflow/example_dags/example_time_delta_sensor_async.py for tasks to queue
[2026-04-21T05:58:48.891+0000] {logging_mixin.py:188} INFO - [2026-04-21T05:58:48.890+0000] {dagbag.py:538} INFO - Filling up the DagBag from /home/airflow/.local/lib/python3.8/site-packages/airflow/example_dags/example_time_delta_sensor_async.py
[2026-04-21T05:58:48.897+0000] {processor.py:840} INFO - DAG(s) 'example_time_delta_sensor_async' retrieved from /home/airflow/.local/lib/python3.8/site-packages/airflow/example_dags/example_time_delta_sensor_async.py
[2026-04-21T05:58:48.921+0000] {logging_mixin.py:188} INFO - [2026-04-21T05:58:48.921+0000] {dag.py:3036} INFO - Sync 1 DAGs
[2026-04-21T05:58:48.934+0000] {logging_mixin.py:188} INFO - [2026-04-21T05:58:48.934+0000] {dag.py:3823} INFO - Setting next_dagrun for example_time_delta_sensor_async to None, run_after=None
[2026-04-21T05:58:48.952+0000] {processor.py:183} INFO - Processing /home/airflow/.local/lib/python3.8/site-packages/airflow/example_dags/example_time_delta_sensor_async.py took 0.071 seconds
[2026-04-21T05:59:19.302+0000] {processor.py:161} INFO - Started process (PID=3742057) to work on /home/airflow/.local/lib/python3.8/site-packages/airflow/example_dags/example_time_delta_sensor_async.py
[2026-04-21T05:59:19.304+0000] {processor.py:830} INFO - Processing file /home/airflow/.local/lib/python3.8/site-packages/airflow/example_dags/example_time_delta_sensor_async.py for tasks to queue
[2026-04-21T05:59:19.306+0000] {logging_mixin.py:188} INFO - [2026-04-21T05:59:19.306+0000] {dagbag.py:538} INFO - Filling up the DagBag from /home/airflow/.local/lib/python3.8/site-packages/airflow/example_dags/example_time_delta_sensor_async.py
[2026-04-21T05:59:19.312+0000] {processor.py:840} INFO - DAG(s) 'example_time_delta_sensor_async' retrieved from /home/airflow/.local/lib/python3.8/site-packages/airflow/example_dags/example_time_delta_sensor_async.py
[2026-04-21T05:59:19.336+0000] {logging_mixin.py:188} INFO - [2026-04-21T05:59:19.336+0000] {dag.py:3036} INFO - Sync 1 DAGs
[2026-04-21T05:59:19.349+0000] {logging_mixin.py:188} INFO - [2026-04-21T05:59:19.349+0000] {dag.py:3823} INFO - Setting next_dagrun for example_time_delta_sensor_async to None, run_after=None
[2026-04-21T05:59:19.367+0000] {processor.py:183} INFO - Processing /home/airflow/.local/lib/python3.8/site-packages/airflow/example_dags/example_time_delta_sensor_async.py took 0.070 seconds
[2026-04-21T05:59:49.751+0000] {processor.py:161} INFO - Started process (PID=3742114) to work on /home/airflow/.local/lib/python3.8/site-packages/airflow/example_dags/example_time_delta_sensor_async.py
[2026-04-21T05:59:49.753+0000] {processor.py:830} INFO - Processing file /home/airflow/.local/lib/python3.8/site-packages/airflow/example_dags/example_time_delta_sensor_async.py for tasks to queue
[2026-04-21T05:59:49.755+0000] {logging_mixin.py:188} INFO - [2026-04-21T05:59:49.755+0000] {dagbag.py:538} INFO - Filling up the DagBag from /home/airflow/.local/lib/python3.8/site-packages/airflow/example_dags/example_time_delta_sensor_async.py
[2026-04-21T05:59:49.761+0000] {processor.py:840} INFO - DAG(s) 'example_time_delta_sensor_async' retrieved from /home/airflow/.local/lib/python3.8/site-packages/airflow/example_dags/example_time_delta_sensor_async.py
[2026-04-21T05:59:49.787+0000] {logging_mixin.py:188} INFO - [2026-04-21T05:59:49.787+0000] {dag.py:3036} INFO - Sync 1 DAGs
[2026-04-21T05:59:49.800+0000] {logging_mixin.py:188} INFO - [2026-04-21T05:59:49.800+0000] {dag.py:3823} INFO - Setting next_dagrun for example_time_delta_sensor_async to None, run_after=None
[2026-04-21T05:59:49.819+0000] {processor.py:183} INFO - Processing /home/airflow/.local/lib/python3.8/site-packages/airflow/example_dags/example_time_delta_sensor_async.py took 0.072 seconds
[2026-04-21T06:00:20.016+0000] {processor.py:161} INFO - Started process (PID=3742171) to work on /home/airflow/.local/lib/python3.8/site-packages/airflow/example_dags/example_time_delta_sensor_async.py
[2026-04-21T06:00:20.018+0000] {processor.py:830} INFO - Processing file /home/airflow/.local/lib/python3.8/site-packages/airflow/example_dags/example_time_delta_sensor_async.py for tasks to queue
[2026-04-21T06:00:20.020+0000] {logging_mixin.py:188} INFO - [2026-04-21T06:00:20.020+0000] {dagbag.py:538} INFO - Filling up the DagBag from /home/airflow/.local/lib/python3.8/site-packages/airflow/example_dags/example_time_delta_sensor_async.py
[2026-04-21T06:00:20.026+0000] {processor.py:840} INFO - DAG(s) 'example_time_delta_sensor_async' retrieved from /home/airflow/.local/lib/python3.8/site-packages/airflow/example_dags/example_time_delta_sensor_async.py
[2026-04-21T06:00:20.052+0000] {logging_mixin.py:188} INFO - [2026-04-21T06:00:20.051+0000] {dag.py:3036} INFO - Sync 1 DAGs
[2026-04-21T06:00:20.066+0000] {logging_mixin.py:188} INFO - [2026-04-21T06:00:20.065+0000] {dag.py:3823} INFO - Setting next_dagrun for example_time_delta_sensor_async to None, run_after=None
[2026-04-21T06:00:20.084+0000] {processor.py:183} INFO - Processing /home/airflow/.local/lib/python3.8/site-packages/airflow/example_dags/example_time_delta_sensor_async.py took 0.073 seconds
[2026-04-21T06:00:50.210+0000] {processor.py:161} INFO - Started process (PID=3742228) to work on /home/airflow/.local/lib/python3.8/site-packages/airflow/example_dags/example_time_delta_sensor_async.py
[2026-04-21T06:00:50.211+0000] {processor.py:830} INFO - Processing file /home/airflow/.local/lib/python3.8/site-packages/airflow/example_dags/example_time_delta_sensor_async.py for tasks to queue
[2026-04-21T06:00:50.214+0000] {logging_mixin.py:188} INFO - [2026-04-21T06:00:50.213+0000] {dagbag.py:538} INFO - Filling up the DagBag from /home/airflow/.local/lib/python3.8/site-packages/airflow/example_dags/example_time_delta_sensor_async.py
[2026-04-21T06:00:50.220+0000] {processor.py:840} INFO - DAG(s) 'example_time_delta_sensor_async' retrieved from /home/airflow/.local/lib/python3.8/site-packages/airflow/example_dags/example_time_delta_sensor_async.py
[2026-04-21T06:00:50.244+0000] {logging_mixin.py:188} INFO - [2026-04-21T06:00:50.244+0000] {dag.py:3036} INFO - Sync 1 DAGs
[2026-04-21T06:00:50.259+0000] {logging_mixin.py:188} INFO - [2026-04-21T06:00:50.258+0000] {dag.py:3823} INFO - Setting next_dagrun for example_time_delta_sensor_async to None, run_after=None
[2026-04-21T06:00:50.278+0000] {processor.py:183} INFO - Processing /home/airflow/.local/lib/python3.8/site-packages/airflow/example_dags/example_time_delta_sensor_async.py took 0.073 seconds
[2026-04-21T06:01:20.386+0000] {processor.py:161} INFO - Started process (PID=3742285) to work on /home/airflow/.local/lib/python3.8/site-packages/airflow/example_dags/example_time_delta_sensor_async.py
[2026-04-21T06:01:20.388+0000] {processor.py:830} INFO - Processing file /home/airflow/.local/lib/python3.8/site-packages/airflow/example_dags/example_time_delta_sensor_async.py for tasks to queue
[2026-04-21T06:01:20.390+0000] {logging_mixin.py:188} INFO - [2026-04-21T06:01:20.389+0000] {dagbag.py:538} INFO - Filling up the DagBag from /home/airflow/.local/lib/python3.8/site-packages/airflow/example_dags/example_time_delta_sensor_async.py
[2026-04-21T06:01:20.396+0000] {processor.py:840} INFO - DAG(s) 'example_time_delta_sensor_async' retrieved from /home/airflow/.local/lib/python3.8/site-packages/airflow/example_dags/example_time_delta_sensor_async.py
[2026-04-21T06:01:20.420+0000] {logging_mixin.py:188} INFO - [2026-04-21T06:01:20.419+0000] {dag.py:3036} INFO - Sync 1 DAGs
[2026-04-21T06:01:20.433+0000] {logging_mixin.py:188} INFO - [2026-04-21T06:01:20.433+0000] {dag.py:3823} INFO - Setting next_dagrun for example_time_delta_sensor_async to None, run_after=None
[2026-04-21T06:01:20.451+0000] {processor.py:183} INFO - Processing /home/airflow/.local/lib/python3.8/site-packages/airflow/example_dags/example_time_delta_sensor_async.py took 0.070 seconds
[2026-04-21T06:01:50.544+0000] {processor.py:161} INFO - Started process (PID=3742342) to work on /home/airflow/.local/lib/python3.8/site-packages/airflow/example_dags/example_time_delta_sensor_async.py
[2026-04-21T06:01:50.546+0000] {processor.py:830} INFO - Processing file /home/airflow/.local/lib/python3.8/site-packages/airflow/example_dags/example_time_delta_sensor_async.py for tasks to queue
[2026-04-21T06:01:50.548+0000] {logging_mixin.py:188} INFO - [2026-04-21T06:01:50.548+0000] {dagbag.py:538} INFO - Filling up the DagBag from /home/airflow/.local/lib/python3.8/site-packages/airflow/example_dags/example_time_delta_sensor_async.py
[2026-04-21T06:01:50.554+0000] {processor.py:840} INFO - DAG(s) 'example_time_delta_sensor_async' retrieved from /home/airflow/.local/lib/python3.8/site-packages/airflow/example_dags/example_time_delta_sensor_async.py
[2026-04-21T06:01:50.580+0000] {logging_mixin.py:188} INFO - [2026-04-21T06:01:50.580+0000] {dag.py:3036} INFO - Sync 1 DAGs
[2026-04-21T06:01:50.594+0000] {logging_mixin.py:188} INFO - [2026-04-21T06:01:50.594+0000] {dag.py:3823} INFO - Setting next_dagrun for example_time_delta_sensor_async to None, run_after=None
[2026-04-21T06:01:50.613+0000] {processor.py:183} INFO - Processing /home/airflow/.local/lib/python3.8/site-packages/airflow/example_dags/example_time_delta_sensor_async.py took 0.073 seconds
[2026-04-21T06:02:20.999+0000] {processor.py:161} INFO - Started process (PID=3742399) to work on /home/airflow/.local/lib/python3.8/site-packages/airflow/example_dags/example_time_delta_sensor_async.py
[2026-04-21T06:02:21.001+0000] {processor.py:830} INFO - Processing file /home/airflow/.local/lib/python3.8/site-packages/airflow/example_dags/example_time_delta_sensor_async.py for tasks to queue
[2026-04-21T06:02:21.003+0000] {logging_mixin.py:188} INFO - [2026-04-21T06:02:21.003+0000] {dagbag.py:538} INFO - Filling up the DagBag from /home/airflow/.local/lib/python3.8/site-packages/airflow/example_dags/example_time_delta_sensor_async.py
[2026-04-21T06:02:21.009+0000] {processor.py:840} INFO - DAG(s) 'example_time_delta_sensor_async' retrieved from /home/airflow/.local/lib/python3.8/site-packages/airflow/example_dags/example_time_delta_sensor_async.py
[2026-04-21T06:02:21.037+0000] {logging_mixin.py:188} INFO - [2026-04-21T06:02:21.037+0000] {dag.py:3036} INFO - Sync 1 DAGs
[2026-04-21T06:02:21.051+0000] {logging_mixin.py:188} INFO - [2026-04-21T06:02:21.051+0000] {dag.py:3823} INFO - Setting next_dagrun for example_time_delta_sensor_async to None, run_after=None
[2026-04-21T06:02:21.074+0000] {processor.py:183} INFO - Processing /home/airflow/.local/lib/python3.8/site-packages/airflow/example_dags/example_time_delta_sensor_async.py took 0.080 seconds
[2026-04-21T06:02:51.610+0000] {processor.py:161} INFO - Started process (PID=3742456) to work on /home/airflow/.local/lib/python3.8/site-packages/airflow/example_dags/example_time_delta_sensor_async.py
[2026-04-21T06:02:51.612+0000] {processor.py:830} INFO - Processing file /home/airflow/.local/lib/python3.8/site-packages/airflow/example_dags/example_time_delta_sensor_async.py for tasks to queue
[2026-04-21T06:02:51.615+0000] {logging_mixin.py:188} INFO - [2026-04-21T06:02:51.614+0000] {dagbag.py:538} INFO - Filling up the DagBag from /home/airflow/.local/lib/python3.8/site-packages/airflow/example_dags/example_time_delta_sensor_async.py
[2026-04-21T06:02:51.622+0000] {processor.py:840} INFO - DAG(s) 'example_time_delta_sensor_async' retrieved from /home/airflow/.local/lib/python3.8/site-packages/airflow/example_dags/example_time_delta_sensor_async.py
[2026-04-21T06:02:51.653+0000] {logging_mixin.py:188} INFO - [2026-04-21T06:02:51.653+0000] {dag.py:3036} INFO - Sync 1 DAGs
[2026-04-21T06:02:51.676+0000] {logging_mixin.py:188} INFO - [2026-04-21T06:02:51.675+0000] {dag.py:3823} INFO - Setting next_dagrun for example_time_delta_sensor_async to None, run_after=None
[2026-04-21T06:02:51.695+0000] {processor.py:183} INFO - Processing /home/airflow/.local/lib/python3.8/site-packages/airflow/example_dags/example_time_delta_sensor_async.py took 0.090 seconds
[2026-04-21T06:03:22.026+0000] {processor.py:161} INFO - Started process (PID=3742513) to work on /home/airflow/.local/lib/python3.8/site-packages/airflow/example_dags/example_time_delta_sensor_async.py
[2026-04-21T06:03:22.028+0000] {processor.py:830} INFO - Processing file /home/airflow/.local/lib/python3.8/site-packages/airflow/example_dags/example_time_delta_sensor_async.py for tasks to queue
[2026-04-21T06:03:22.030+0000] {logging_mixin.py:188} INFO - [2026-04-21T06:03:22.030+0000] {dagbag.py:538} INFO - Filling up the DagBag from /home/airflow/.local/lib/python3.8/site-packages/airflow/example_dags/example_time_delta_sensor_async.py
[2026-04-21T06:03:22.036+0000] {processor.py:840} INFO - DAG(s) 'example_time_delta_sensor_async' retrieved from /home/airflow/.local/lib/python3.8/site-packages/airflow/example_dags/example_time_delta_sensor_async.py
[2026-04-21T06:03:22.072+0000] {logging_mixin.py:188} INFO - [2026-04-21T06:03:22.071+0000] {dag.py:3036} INFO - Sync 1 DAGs
[2026-04-21T06:03:22.085+0000] {logging_mixin.py:188} INFO - [2026-04-21T06:03:22.085+0000] {dag.py:3823} INFO - Setting next_dagrun for example_time_delta_sensor_async to None, run_after=None
[2026-04-21T06:03:22.105+0000] {processor.py:183} INFO - Processing /home/airflow/.local/lib/python3.8/site-packages/airflow/example_dags/example_time_delta_sensor_async.py took 0.084 seconds
[2026-04-21T06:03:52.617+0000] {processor.py:161} INFO - Started process (PID=3742570) to work on /home/airflow/.local/lib/python3.8/site-packages/airflow/example_dags/example_time_delta_sensor_async.py
[2026-04-21T06:03:52.620+0000] {processor.py:830} INFO - Processing file /home/airflow/.local/lib/python3.8/site-packages/airflow/example_dags/example_time_delta_sensor_async.py for tasks to queue
[2026-04-21T06:03:52.623+0000] {logging_mixin.py:188} INFO - [2026-04-21T06:03:52.623+0000] {dagbag.py:538} INFO - Filling up the DagBag from /home/airflow/.local/lib/python3.8/site-packages/airflow/example_dags/example_time_delta_sensor_async.py
[2026-04-21T06:03:52.630+0000] {processor.py:840} INFO - DAG(s) 'example_time_delta_sensor_async' retrieved from /home/airflow/.local/lib/python3.8/site-packages/airflow/example_dags/example_time_delta_sensor_async.py
[2026-04-21T06:03:52.664+0000] {logging_mixin.py:188} INFO - [2026-04-21T06:03:52.664+0000] {dag.py:3036} INFO - Sync 1 DAGs
[2026-04-21T06:03:52.686+0000] {logging_mixin.py:188} INFO - [2026-04-21T06:03:52.686+0000] {dag.py:3823} INFO - Setting next_dagrun for example_time_delta_sensor_async to None, run_after=None
[2026-04-21T06:03:52.709+0000] {processor.py:183} INFO - Processing /home/airflow/.local/lib/python3.8/site-packages/airflow/example_dags/example_time_delta_sensor_async.py took 0.098 seconds
[2026-04-21T06:04:22.917+0000] {processor.py:161} INFO - Started process (PID=3742627) to work on /home/airflow/.local/lib/python3.8/site-packages/airflow/example_dags/example_time_delta_sensor_async.py
[2026-04-21T06:04:22.921+0000] {processor.py:830} INFO - Processing file /home/airflow/.local/lib/python3.8/site-packages/airflow/example_dags/example_time_delta_sensor_async.py for tasks to queue
[2026-04-21T06:04:22.923+0000] {logging_mixin.py:188} INFO - [2026-04-21T06:04:22.923+0000] {dagbag.py:538} INFO - Filling up the DagBag from /home/airflow/.local/lib/python3.8/site-packages/airflow/example_dags/example_time_delta_sensor_async.py
[2026-04-21T06:04:22.929+0000] {processor.py:840} INFO - DAG(s) 'example_time_delta_sensor_async' retrieved from /home/airflow/.local/lib/python3.8/site-packages/airflow/example_dags/example_time_delta_sensor_async.py
[2026-04-21T06:04:22.956+0000] {logging_mixin.py:188} INFO - [2026-04-21T06:04:22.956+0000] {dag.py:3036} INFO - Sync 1 DAGs
[2026-04-21T06:04:22.970+0000] {logging_mixin.py:188} INFO - [2026-04-21T06:04:22.970+0000] {dag.py:3823} INFO - Setting next_dagrun for example_time_delta_sensor_async to None, run_after=None
[2026-04-21T06:04:22.988+0000] {processor.py:183} INFO - Processing /home/airflow/.local/lib/python3.8/site-packages/airflow/example_dags/example_time_delta_sensor_async.py took 0.076 seconds
[2026-04-21T06:04:53.272+0000] {processor.py:161} INFO - Started process (PID=3742684) to work on /home/airflow/.local/lib/python3.8/site-packages/airflow/example_dags/example_time_delta_sensor_async.py
[2026-04-21T06:04:53.274+0000] {processor.py:830} INFO - Processing file /home/airflow/.local/lib/python3.8/site-packages/airflow/example_dags/example_time_delta_sensor_async.py for tasks to queue
[2026-04-21T06:04:53.277+0000] {logging_mixin.py:188} INFO - [2026-04-21T06:04:53.276+0000] {dagbag.py:538} INFO - Filling up the DagBag from /home/airflow/.local/lib/python3.8/site-packages/airflow/example_dags/example_time_delta_sensor_async.py
[2026-04-21T06:04:53.282+0000] {processor.py:840} INFO - DAG(s) 'example_time_delta_sensor_async' retrieved from /home/airflow/.local/lib/python3.8/site-packages/airflow/example_dags/example_time_delta_sensor_async.py
[2026-04-21T06:04:53.307+0000] {logging_mixin.py:188} INFO - [2026-04-21T06:04:53.306+0000] {dag.py:3036} INFO - Sync 1 DAGs
[2026-04-21T06:04:53.320+0000] {logging_mixin.py:188} INFO - [2026-04-21T06:04:53.320+0000] {dag.py:3823} INFO - Setting next_dagrun for example_time_delta_sensor_async to None, run_after=None
[2026-04-21T06:04:53.338+0000] {processor.py:183} INFO - Processing /home/airflow/.local/lib/python3.8/site-packages/airflow/example_dags/example_time_delta_sensor_async.py took 0.070 seconds
