[2026-04-21T00:00:10.821+0000] {processor.py:161} INFO - Started process (PID=3701625) to work on /home/airflow/.local/lib/python3.8/site-packages/airflow/example_dags/tutorial_taskflow_api.py
[2026-04-21T00:00:10.822+0000] {processor.py:830} INFO - Processing file /home/airflow/.local/lib/python3.8/site-packages/airflow/example_dags/tutorial_taskflow_api.py for tasks to queue
[2026-04-21T00:00:10.824+0000] {logging_mixin.py:188} INFO - [2026-04-21T00:00:10.824+0000] {dagbag.py:538} INFO - Filling up the DagBag from /home/airflow/.local/lib/python3.8/site-packages/airflow/example_dags/tutorial_taskflow_api.py
[2026-04-21T00:00:10.833+0000] {processor.py:840} INFO - DAG(s) 'tutorial_taskflow_api' retrieved from /home/airflow/.local/lib/python3.8/site-packages/airflow/example_dags/tutorial_taskflow_api.py
[2026-04-21T00:00:10.858+0000] {logging_mixin.py:188} INFO - [2026-04-21T00:00:10.857+0000] {dag.py:3036} INFO - Sync 1 DAGs
[2026-04-21T00:00:10.872+0000] {logging_mixin.py:188} INFO - [2026-04-21T00:00:10.871+0000] {dag.py:3823} INFO - Setting next_dagrun for tutorial_taskflow_api to None, run_after=None
[2026-04-21T00:00:10.890+0000] {processor.py:183} INFO - Processing /home/airflow/.local/lib/python3.8/site-packages/airflow/example_dags/tutorial_taskflow_api.py took 0.074 seconds
[2026-04-21T00:00:41.669+0000] {processor.py:161} INFO - Started process (PID=3701682) to work on /home/airflow/.local/lib/python3.8/site-packages/airflow/example_dags/tutorial_taskflow_api.py
[2026-04-21T00:00:41.670+0000] {processor.py:830} INFO - Processing file /home/airflow/.local/lib/python3.8/site-packages/airflow/example_dags/tutorial_taskflow_api.py for tasks to queue
[2026-04-21T00:00:41.672+0000] {logging_mixin.py:188} INFO - [2026-04-21T00:00:41.672+0000] {dagbag.py:538} INFO - Filling up the DagBag from /home/airflow/.local/lib/python3.8/site-packages/airflow/example_dags/tutorial_taskflow_api.py
[2026-04-21T00:00:41.682+0000] {processor.py:840} INFO - DAG(s) 'tutorial_taskflow_api' retrieved from /home/airflow/.local/lib/python3.8/site-packages/airflow/example_dags/tutorial_taskflow_api.py
[2026-04-21T00:00:41.708+0000] {logging_mixin.py:188} INFO - [2026-04-21T00:00:41.707+0000] {dag.py:3036} INFO - Sync 1 DAGs
[2026-04-21T00:00:41.723+0000] {logging_mixin.py:188} INFO - [2026-04-21T00:00:41.723+0000] {dag.py:3823} INFO - Setting next_dagrun for tutorial_taskflow_api to None, run_after=None
[2026-04-21T00:00:41.745+0000] {processor.py:183} INFO - Processing /home/airflow/.local/lib/python3.8/site-packages/airflow/example_dags/tutorial_taskflow_api.py took 0.081 seconds
[2026-04-21T00:01:11.813+0000] {processor.py:161} INFO - Started process (PID=3701739) to work on /home/airflow/.local/lib/python3.8/site-packages/airflow/example_dags/tutorial_taskflow_api.py
[2026-04-21T00:01:11.815+0000] {processor.py:830} INFO - Processing file /home/airflow/.local/lib/python3.8/site-packages/airflow/example_dags/tutorial_taskflow_api.py for tasks to queue
[2026-04-21T00:01:11.817+0000] {logging_mixin.py:188} INFO - [2026-04-21T00:01:11.816+0000] {dagbag.py:538} INFO - Filling up the DagBag from /home/airflow/.local/lib/python3.8/site-packages/airflow/example_dags/tutorial_taskflow_api.py
[2026-04-21T00:01:11.825+0000] {processor.py:840} INFO - DAG(s) 'tutorial_taskflow_api' retrieved from /home/airflow/.local/lib/python3.8/site-packages/airflow/example_dags/tutorial_taskflow_api.py
[2026-04-21T00:01:11.851+0000] {logging_mixin.py:188} INFO - [2026-04-21T00:01:11.851+0000] {dag.py:3036} INFO - Sync 1 DAGs
[2026-04-21T00:01:11.865+0000] {logging_mixin.py:188} INFO - [2026-04-21T00:01:11.865+0000] {dag.py:3823} INFO - Setting next_dagrun for tutorial_taskflow_api to None, run_after=None
[2026-04-21T00:01:11.884+0000] {processor.py:183} INFO - Processing /home/airflow/.local/lib/python3.8/site-packages/airflow/example_dags/tutorial_taskflow_api.py took 0.077 seconds
[2026-04-21T00:01:42.221+0000] {processor.py:161} INFO - Started process (PID=3701795) to work on /home/airflow/.local/lib/python3.8/site-packages/airflow/example_dags/tutorial_taskflow_api.py
[2026-04-21T00:01:42.222+0000] {processor.py:830} INFO - Processing file /home/airflow/.local/lib/python3.8/site-packages/airflow/example_dags/tutorial_taskflow_api.py for tasks to queue
[2026-04-21T00:01:42.224+0000] {logging_mixin.py:188} INFO - [2026-04-21T00:01:42.224+0000] {dagbag.py:538} INFO - Filling up the DagBag from /home/airflow/.local/lib/python3.8/site-packages/airflow/example_dags/tutorial_taskflow_api.py
[2026-04-21T00:01:42.234+0000] {processor.py:840} INFO - DAG(s) 'tutorial_taskflow_api' retrieved from /home/airflow/.local/lib/python3.8/site-packages/airflow/example_dags/tutorial_taskflow_api.py
[2026-04-21T00:01:42.258+0000] {logging_mixin.py:188} INFO - [2026-04-21T00:01:42.258+0000] {dag.py:3036} INFO - Sync 1 DAGs
[2026-04-21T00:01:42.272+0000] {logging_mixin.py:188} INFO - [2026-04-21T00:01:42.272+0000] {dag.py:3823} INFO - Setting next_dagrun for tutorial_taskflow_api to None, run_after=None
[2026-04-21T00:01:42.292+0000] {processor.py:183} INFO - Processing /home/airflow/.local/lib/python3.8/site-packages/airflow/example_dags/tutorial_taskflow_api.py took 0.076 seconds
[2026-04-21T00:02:12.337+0000] {processor.py:161} INFO - Started process (PID=3701851) to work on /home/airflow/.local/lib/python3.8/site-packages/airflow/example_dags/tutorial_taskflow_api.py
[2026-04-21T00:02:12.339+0000] {processor.py:830} INFO - Processing file /home/airflow/.local/lib/python3.8/site-packages/airflow/example_dags/tutorial_taskflow_api.py for tasks to queue
[2026-04-21T00:02:12.341+0000] {logging_mixin.py:188} INFO - [2026-04-21T00:02:12.341+0000] {dagbag.py:538} INFO - Filling up the DagBag from /home/airflow/.local/lib/python3.8/site-packages/airflow/example_dags/tutorial_taskflow_api.py
[2026-04-21T00:02:12.350+0000] {processor.py:840} INFO - DAG(s) 'tutorial_taskflow_api' retrieved from /home/airflow/.local/lib/python3.8/site-packages/airflow/example_dags/tutorial_taskflow_api.py
[2026-04-21T00:02:12.375+0000] {logging_mixin.py:188} INFO - [2026-04-21T00:02:12.375+0000] {dag.py:3036} INFO - Sync 1 DAGs
[2026-04-21T00:02:12.391+0000] {logging_mixin.py:188} INFO - [2026-04-21T00:02:12.390+0000] {dag.py:3823} INFO - Setting next_dagrun for tutorial_taskflow_api to None, run_after=None
[2026-04-21T00:02:12.412+0000] {processor.py:183} INFO - Processing /home/airflow/.local/lib/python3.8/site-packages/airflow/example_dags/tutorial_taskflow_api.py took 0.080 seconds
[2026-04-21T00:02:43.080+0000] {processor.py:161} INFO - Started process (PID=3701909) to work on /home/airflow/.local/lib/python3.8/site-packages/airflow/example_dags/tutorial_taskflow_api.py
[2026-04-21T00:02:43.082+0000] {processor.py:830} INFO - Processing file /home/airflow/.local/lib/python3.8/site-packages/airflow/example_dags/tutorial_taskflow_api.py for tasks to queue
[2026-04-21T00:02:43.084+0000] {logging_mixin.py:188} INFO - [2026-04-21T00:02:43.084+0000] {dagbag.py:538} INFO - Filling up the DagBag from /home/airflow/.local/lib/python3.8/site-packages/airflow/example_dags/tutorial_taskflow_api.py
[2026-04-21T00:02:43.093+0000] {processor.py:840} INFO - DAG(s) 'tutorial_taskflow_api' retrieved from /home/airflow/.local/lib/python3.8/site-packages/airflow/example_dags/tutorial_taskflow_api.py
[2026-04-21T00:02:43.117+0000] {logging_mixin.py:188} INFO - [2026-04-21T00:02:43.117+0000] {dag.py:3036} INFO - Sync 1 DAGs
[2026-04-21T00:02:43.132+0000] {logging_mixin.py:188} INFO - [2026-04-21T00:02:43.131+0000] {dag.py:3823} INFO - Setting next_dagrun for tutorial_taskflow_api to None, run_after=None
[2026-04-21T00:02:43.151+0000] {processor.py:183} INFO - Processing /home/airflow/.local/lib/python3.8/site-packages/airflow/example_dags/tutorial_taskflow_api.py took 0.075 seconds
[2026-04-21T00:03:13.349+0000] {processor.py:161} INFO - Started process (PID=3701966) to work on /home/airflow/.local/lib/python3.8/site-packages/airflow/example_dags/tutorial_taskflow_api.py
[2026-04-21T00:03:13.350+0000] {processor.py:830} INFO - Processing file /home/airflow/.local/lib/python3.8/site-packages/airflow/example_dags/tutorial_taskflow_api.py for tasks to queue
[2026-04-21T00:03:13.352+0000] {logging_mixin.py:188} INFO - [2026-04-21T00:03:13.352+0000] {dagbag.py:538} INFO - Filling up the DagBag from /home/airflow/.local/lib/python3.8/site-packages/airflow/example_dags/tutorial_taskflow_api.py
[2026-04-21T00:03:13.361+0000] {processor.py:840} INFO - DAG(s) 'tutorial_taskflow_api' retrieved from /home/airflow/.local/lib/python3.8/site-packages/airflow/example_dags/tutorial_taskflow_api.py
[2026-04-21T00:03:13.386+0000] {logging_mixin.py:188} INFO - [2026-04-21T00:03:13.386+0000] {dag.py:3036} INFO - Sync 1 DAGs
[2026-04-21T00:03:13.401+0000] {logging_mixin.py:188} INFO - [2026-04-21T00:03:13.401+0000] {dag.py:3823} INFO - Setting next_dagrun for tutorial_taskflow_api to None, run_after=None
[2026-04-21T00:03:13.424+0000] {processor.py:183} INFO - Processing /home/airflow/.local/lib/python3.8/site-packages/airflow/example_dags/tutorial_taskflow_api.py took 0.080 seconds
[2026-04-21T00:03:43.498+0000] {processor.py:161} INFO - Started process (PID=3702023) to work on /home/airflow/.local/lib/python3.8/site-packages/airflow/example_dags/tutorial_taskflow_api.py
[2026-04-21T00:03:43.500+0000] {processor.py:830} INFO - Processing file /home/airflow/.local/lib/python3.8/site-packages/airflow/example_dags/tutorial_taskflow_api.py for tasks to queue
[2026-04-21T00:03:43.502+0000] {logging_mixin.py:188} INFO - [2026-04-21T00:03:43.502+0000] {dagbag.py:538} INFO - Filling up the DagBag from /home/airflow/.local/lib/python3.8/site-packages/airflow/example_dags/tutorial_taskflow_api.py
[2026-04-21T00:03:43.511+0000] {processor.py:840} INFO - DAG(s) 'tutorial_taskflow_api' retrieved from /home/airflow/.local/lib/python3.8/site-packages/airflow/example_dags/tutorial_taskflow_api.py
[2026-04-21T00:03:43.535+0000] {logging_mixin.py:188} INFO - [2026-04-21T00:03:43.535+0000] {dag.py:3036} INFO - Sync 1 DAGs
[2026-04-21T00:03:43.550+0000] {logging_mixin.py:188} INFO - [2026-04-21T00:03:43.550+0000] {dag.py:3823} INFO - Setting next_dagrun for tutorial_taskflow_api to None, run_after=None
[2026-04-21T00:03:43.570+0000] {processor.py:183} INFO - Processing /home/airflow/.local/lib/python3.8/site-packages/airflow/example_dags/tutorial_taskflow_api.py took 0.077 seconds
[2026-04-21T00:04:13.805+0000] {processor.py:161} INFO - Started process (PID=3702080) to work on /home/airflow/.local/lib/python3.8/site-packages/airflow/example_dags/tutorial_taskflow_api.py
[2026-04-21T00:04:13.807+0000] {processor.py:830} INFO - Processing file /home/airflow/.local/lib/python3.8/site-packages/airflow/example_dags/tutorial_taskflow_api.py for tasks to queue
[2026-04-21T00:04:13.809+0000] {logging_mixin.py:188} INFO - [2026-04-21T00:04:13.809+0000] {dagbag.py:538} INFO - Filling up the DagBag from /home/airflow/.local/lib/python3.8/site-packages/airflow/example_dags/tutorial_taskflow_api.py
[2026-04-21T00:04:13.818+0000] {processor.py:840} INFO - DAG(s) 'tutorial_taskflow_api' retrieved from /home/airflow/.local/lib/python3.8/site-packages/airflow/example_dags/tutorial_taskflow_api.py
[2026-04-21T00:04:13.842+0000] {logging_mixin.py:188} INFO - [2026-04-21T00:04:13.842+0000] {dag.py:3036} INFO - Sync 1 DAGs
[2026-04-21T00:04:13.857+0000] {logging_mixin.py:188} INFO - [2026-04-21T00:04:13.856+0000] {dag.py:3823} INFO - Setting next_dagrun for tutorial_taskflow_api to None, run_after=None
[2026-04-21T00:04:13.877+0000] {processor.py:183} INFO - Processing /home/airflow/.local/lib/python3.8/site-packages/airflow/example_dags/tutorial_taskflow_api.py took 0.077 seconds
[2026-04-21T00:04:44.656+0000] {processor.py:161} INFO - Started process (PID=3702138) to work on /home/airflow/.local/lib/python3.8/site-packages/airflow/example_dags/tutorial_taskflow_api.py
[2026-04-21T00:04:44.658+0000] {processor.py:830} INFO - Processing file /home/airflow/.local/lib/python3.8/site-packages/airflow/example_dags/tutorial_taskflow_api.py for tasks to queue
[2026-04-21T00:04:44.660+0000] {logging_mixin.py:188} INFO - [2026-04-21T00:04:44.660+0000] {dagbag.py:538} INFO - Filling up the DagBag from /home/airflow/.local/lib/python3.8/site-packages/airflow/example_dags/tutorial_taskflow_api.py
[2026-04-21T00:04:44.669+0000] {processor.py:840} INFO - DAG(s) 'tutorial_taskflow_api' retrieved from /home/airflow/.local/lib/python3.8/site-packages/airflow/example_dags/tutorial_taskflow_api.py
[2026-04-21T00:04:44.693+0000] {logging_mixin.py:188} INFO - [2026-04-21T00:04:44.693+0000] {dag.py:3036} INFO - Sync 1 DAGs
[2026-04-21T00:04:44.707+0000] {logging_mixin.py:188} INFO - [2026-04-21T00:04:44.707+0000] {dag.py:3823} INFO - Setting next_dagrun for tutorial_taskflow_api to None, run_after=None
[2026-04-21T00:04:44.726+0000] {processor.py:183} INFO - Processing /home/airflow/.local/lib/python3.8/site-packages/airflow/example_dags/tutorial_taskflow_api.py took 0.074 seconds
[2026-04-21T00:05:15.409+0000] {processor.py:161} INFO - Started process (PID=3702195) to work on /home/airflow/.local/lib/python3.8/site-packages/airflow/example_dags/tutorial_taskflow_api.py
[2026-04-21T00:05:15.411+0000] {processor.py:830} INFO - Processing file /home/airflow/.local/lib/python3.8/site-packages/airflow/example_dags/tutorial_taskflow_api.py for tasks to queue
[2026-04-21T00:05:15.413+0000] {logging_mixin.py:188} INFO - [2026-04-21T00:05:15.413+0000] {dagbag.py:538} INFO - Filling up the DagBag from /home/airflow/.local/lib/python3.8/site-packages/airflow/example_dags/tutorial_taskflow_api.py
[2026-04-21T00:05:15.422+0000] {processor.py:840} INFO - DAG(s) 'tutorial_taskflow_api' retrieved from /home/airflow/.local/lib/python3.8/site-packages/airflow/example_dags/tutorial_taskflow_api.py
[2026-04-21T00:05:15.446+0000] {logging_mixin.py:188} INFO - [2026-04-21T00:05:15.446+0000] {dag.py:3036} INFO - Sync 1 DAGs
[2026-04-21T00:05:15.460+0000] {logging_mixin.py:188} INFO - [2026-04-21T00:05:15.460+0000] {dag.py:3823} INFO - Setting next_dagrun for tutorial_taskflow_api to None, run_after=None
[2026-04-21T00:05:15.479+0000] {processor.py:183} INFO - Processing /home/airflow/.local/lib/python3.8/site-packages/airflow/example_dags/tutorial_taskflow_api.py took 0.075 seconds
[2026-04-21T00:05:46.069+0000] {processor.py:161} INFO - Started process (PID=3702252) to work on /home/airflow/.local/lib/python3.8/site-packages/airflow/example_dags/tutorial_taskflow_api.py
[2026-04-21T00:05:46.070+0000] {processor.py:830} INFO - Processing file /home/airflow/.local/lib/python3.8/site-packages/airflow/example_dags/tutorial_taskflow_api.py for tasks to queue
[2026-04-21T00:05:46.072+0000] {logging_mixin.py:188} INFO - [2026-04-21T00:05:46.072+0000] {dagbag.py:538} INFO - Filling up the DagBag from /home/airflow/.local/lib/python3.8/site-packages/airflow/example_dags/tutorial_taskflow_api.py
[2026-04-21T00:05:46.080+0000] {processor.py:840} INFO - DAG(s) 'tutorial_taskflow_api' retrieved from /home/airflow/.local/lib/python3.8/site-packages/airflow/example_dags/tutorial_taskflow_api.py
[2026-04-21T00:05:46.104+0000] {logging_mixin.py:188} INFO - [2026-04-21T00:05:46.104+0000] {dag.py:3036} INFO - Sync 1 DAGs
[2026-04-21T00:05:46.119+0000] {logging_mixin.py:188} INFO - [2026-04-21T00:05:46.118+0000] {dag.py:3823} INFO - Setting next_dagrun for tutorial_taskflow_api to None, run_after=None
[2026-04-21T00:05:46.138+0000] {processor.py:183} INFO - Processing /home/airflow/.local/lib/python3.8/site-packages/airflow/example_dags/tutorial_taskflow_api.py took 0.074 seconds
[2026-04-21T00:06:16.848+0000] {processor.py:161} INFO - Started process (PID=3702309) to work on /home/airflow/.local/lib/python3.8/site-packages/airflow/example_dags/tutorial_taskflow_api.py
[2026-04-21T00:06:16.850+0000] {processor.py:830} INFO - Processing file /home/airflow/.local/lib/python3.8/site-packages/airflow/example_dags/tutorial_taskflow_api.py for tasks to queue
[2026-04-21T00:06:16.853+0000] {logging_mixin.py:188} INFO - [2026-04-21T00:06:16.853+0000] {dagbag.py:538} INFO - Filling up the DagBag from /home/airflow/.local/lib/python3.8/site-packages/airflow/example_dags/tutorial_taskflow_api.py
[2026-04-21T00:06:16.864+0000] {processor.py:840} INFO - DAG(s) 'tutorial_taskflow_api' retrieved from /home/airflow/.local/lib/python3.8/site-packages/airflow/example_dags/tutorial_taskflow_api.py
[2026-04-21T00:06:16.889+0000] {logging_mixin.py:188} INFO - [2026-04-21T00:06:16.889+0000] {dag.py:3036} INFO - Sync 1 DAGs
[2026-04-21T00:06:16.904+0000] {logging_mixin.py:188} INFO - [2026-04-21T00:06:16.903+0000] {dag.py:3823} INFO - Setting next_dagrun for tutorial_taskflow_api to None, run_after=None
[2026-04-21T00:06:16.925+0000] {processor.py:183} INFO - Processing /home/airflow/.local/lib/python3.8/site-packages/airflow/example_dags/tutorial_taskflow_api.py took 0.083 seconds
[2026-04-21T00:06:47.544+0000] {processor.py:161} INFO - Started process (PID=3702366) to work on /home/airflow/.local/lib/python3.8/site-packages/airflow/example_dags/tutorial_taskflow_api.py
[2026-04-21T00:06:47.545+0000] {processor.py:830} INFO - Processing file /home/airflow/.local/lib/python3.8/site-packages/airflow/example_dags/tutorial_taskflow_api.py for tasks to queue
[2026-04-21T00:06:47.548+0000] {logging_mixin.py:188} INFO - [2026-04-21T00:06:47.547+0000] {dagbag.py:538} INFO - Filling up the DagBag from /home/airflow/.local/lib/python3.8/site-packages/airflow/example_dags/tutorial_taskflow_api.py
[2026-04-21T00:06:47.557+0000] {processor.py:840} INFO - DAG(s) 'tutorial_taskflow_api' retrieved from /home/airflow/.local/lib/python3.8/site-packages/airflow/example_dags/tutorial_taskflow_api.py
[2026-04-21T00:06:47.580+0000] {logging_mixin.py:188} INFO - [2026-04-21T00:06:47.580+0000] {dag.py:3036} INFO - Sync 1 DAGs
[2026-04-21T00:06:47.595+0000] {logging_mixin.py:188} INFO - [2026-04-21T00:06:47.594+0000] {dag.py:3823} INFO - Setting next_dagrun for tutorial_taskflow_api to None, run_after=None
[2026-04-21T00:06:47.615+0000] {processor.py:183} INFO - Processing /home/airflow/.local/lib/python3.8/site-packages/airflow/example_dags/tutorial_taskflow_api.py took 0.076 seconds
[2026-04-21T00:07:17.875+0000] {processor.py:161} INFO - Started process (PID=3702423) to work on /home/airflow/.local/lib/python3.8/site-packages/airflow/example_dags/tutorial_taskflow_api.py
[2026-04-21T00:07:17.877+0000] {processor.py:830} INFO - Processing file /home/airflow/.local/lib/python3.8/site-packages/airflow/example_dags/tutorial_taskflow_api.py for tasks to queue
[2026-04-21T00:07:17.880+0000] {logging_mixin.py:188} INFO - [2026-04-21T00:07:17.879+0000] {dagbag.py:538} INFO - Filling up the DagBag from /home/airflow/.local/lib/python3.8/site-packages/airflow/example_dags/tutorial_taskflow_api.py
[2026-04-21T00:07:17.888+0000] {processor.py:840} INFO - DAG(s) 'tutorial_taskflow_api' retrieved from /home/airflow/.local/lib/python3.8/site-packages/airflow/example_dags/tutorial_taskflow_api.py
[2026-04-21T00:07:17.912+0000] {logging_mixin.py:188} INFO - [2026-04-21T00:07:17.912+0000] {dag.py:3036} INFO - Sync 1 DAGs
[2026-04-21T00:07:17.927+0000] {logging_mixin.py:188} INFO - [2026-04-21T00:07:17.926+0000] {dag.py:3823} INFO - Setting next_dagrun for tutorial_taskflow_api to None, run_after=None
[2026-04-21T00:07:17.946+0000] {processor.py:183} INFO - Processing /home/airflow/.local/lib/python3.8/site-packages/airflow/example_dags/tutorial_taskflow_api.py took 0.076 seconds
[2026-04-21T00:07:47.992+0000] {processor.py:161} INFO - Started process (PID=3702479) to work on /home/airflow/.local/lib/python3.8/site-packages/airflow/example_dags/tutorial_taskflow_api.py
[2026-04-21T00:07:47.993+0000] {processor.py:830} INFO - Processing file /home/airflow/.local/lib/python3.8/site-packages/airflow/example_dags/tutorial_taskflow_api.py for tasks to queue
[2026-04-21T00:07:47.996+0000] {logging_mixin.py:188} INFO - [2026-04-21T00:07:47.995+0000] {dagbag.py:538} INFO - Filling up the DagBag from /home/airflow/.local/lib/python3.8/site-packages/airflow/example_dags/tutorial_taskflow_api.py
[2026-04-21T00:07:48.004+0000] {processor.py:840} INFO - DAG(s) 'tutorial_taskflow_api' retrieved from /home/airflow/.local/lib/python3.8/site-packages/airflow/example_dags/tutorial_taskflow_api.py
[2026-04-21T00:07:48.028+0000] {logging_mixin.py:188} INFO - [2026-04-21T00:07:48.027+0000] {dag.py:3036} INFO - Sync 1 DAGs
[2026-04-21T00:07:48.041+0000] {logging_mixin.py:188} INFO - [2026-04-21T00:07:48.041+0000] {dag.py:3823} INFO - Setting next_dagrun for tutorial_taskflow_api to None, run_after=None
[2026-04-21T00:07:48.062+0000] {processor.py:183} INFO - Processing /home/airflow/.local/lib/python3.8/site-packages/airflow/example_dags/tutorial_taskflow_api.py took 0.075 seconds
[2026-04-21T00:08:18.355+0000] {processor.py:161} INFO - Started process (PID=3702537) to work on /home/airflow/.local/lib/python3.8/site-packages/airflow/example_dags/tutorial_taskflow_api.py
[2026-04-21T00:08:18.357+0000] {processor.py:830} INFO - Processing file /home/airflow/.local/lib/python3.8/site-packages/airflow/example_dags/tutorial_taskflow_api.py for tasks to queue
[2026-04-21T00:08:18.359+0000] {logging_mixin.py:188} INFO - [2026-04-21T00:08:18.359+0000] {dagbag.py:538} INFO - Filling up the DagBag from /home/airflow/.local/lib/python3.8/site-packages/airflow/example_dags/tutorial_taskflow_api.py
[2026-04-21T00:08:18.368+0000] {processor.py:840} INFO - DAG(s) 'tutorial_taskflow_api' retrieved from /home/airflow/.local/lib/python3.8/site-packages/airflow/example_dags/tutorial_taskflow_api.py
[2026-04-21T00:08:18.392+0000] {logging_mixin.py:188} INFO - [2026-04-21T00:08:18.391+0000] {dag.py:3036} INFO - Sync 1 DAGs
[2026-04-21T00:08:18.406+0000] {logging_mixin.py:188} INFO - [2026-04-21T00:08:18.406+0000] {dag.py:3823} INFO - Setting next_dagrun for tutorial_taskflow_api to None, run_after=None
[2026-04-21T00:08:18.425+0000] {processor.py:183} INFO - Processing /home/airflow/.local/lib/python3.8/site-packages/airflow/example_dags/tutorial_taskflow_api.py took 0.075 seconds
[2026-04-21T00:08:48.804+0000] {processor.py:161} INFO - Started process (PID=3702594) to work on /home/airflow/.local/lib/python3.8/site-packages/airflow/example_dags/tutorial_taskflow_api.py
[2026-04-21T00:08:48.805+0000] {processor.py:830} INFO - Processing file /home/airflow/.local/lib/python3.8/site-packages/airflow/example_dags/tutorial_taskflow_api.py for tasks to queue
[2026-04-21T00:08:48.807+0000] {logging_mixin.py:188} INFO - [2026-04-21T00:08:48.807+0000] {dagbag.py:538} INFO - Filling up the DagBag from /home/airflow/.local/lib/python3.8/site-packages/airflow/example_dags/tutorial_taskflow_api.py
[2026-04-21T00:08:48.816+0000] {processor.py:840} INFO - DAG(s) 'tutorial_taskflow_api' retrieved from /home/airflow/.local/lib/python3.8/site-packages/airflow/example_dags/tutorial_taskflow_api.py
[2026-04-21T00:08:48.839+0000] {logging_mixin.py:188} INFO - [2026-04-21T00:08:48.839+0000] {dag.py:3036} INFO - Sync 1 DAGs
[2026-04-21T00:08:48.853+0000] {logging_mixin.py:188} INFO - [2026-04-21T00:08:48.853+0000] {dag.py:3823} INFO - Setting next_dagrun for tutorial_taskflow_api to None, run_after=None
[2026-04-21T00:08:48.871+0000] {processor.py:183} INFO - Processing /home/airflow/.local/lib/python3.8/site-packages/airflow/example_dags/tutorial_taskflow_api.py took 0.072 seconds
[2026-04-21T00:09:19.467+0000] {processor.py:161} INFO - Started process (PID=3702651) to work on /home/airflow/.local/lib/python3.8/site-packages/airflow/example_dags/tutorial_taskflow_api.py
[2026-04-21T00:09:19.469+0000] {processor.py:830} INFO - Processing file /home/airflow/.local/lib/python3.8/site-packages/airflow/example_dags/tutorial_taskflow_api.py for tasks to queue
[2026-04-21T00:09:19.472+0000] {logging_mixin.py:188} INFO - [2026-04-21T00:09:19.472+0000] {dagbag.py:538} INFO - Filling up the DagBag from /home/airflow/.local/lib/python3.8/site-packages/airflow/example_dags/tutorial_taskflow_api.py
[2026-04-21T00:09:19.484+0000] {processor.py:840} INFO - DAG(s) 'tutorial_taskflow_api' retrieved from /home/airflow/.local/lib/python3.8/site-packages/airflow/example_dags/tutorial_taskflow_api.py
[2026-04-21T00:09:19.516+0000] {logging_mixin.py:188} INFO - [2026-04-21T00:09:19.515+0000] {dag.py:3036} INFO - Sync 1 DAGs
[2026-04-21T00:09:19.537+0000] {logging_mixin.py:188} INFO - [2026-04-21T00:09:19.537+0000] {dag.py:3823} INFO - Setting next_dagrun for tutorial_taskflow_api to None, run_after=None
[2026-04-21T00:09:19.564+0000] {processor.py:183} INFO - Processing /home/airflow/.local/lib/python3.8/site-packages/airflow/example_dags/tutorial_taskflow_api.py took 0.104 seconds
[2026-04-21T00:09:50.453+0000] {processor.py:161} INFO - Started process (PID=3702708) to work on /home/airflow/.local/lib/python3.8/site-packages/airflow/example_dags/tutorial_taskflow_api.py
[2026-04-21T00:09:50.455+0000] {processor.py:830} INFO - Processing file /home/airflow/.local/lib/python3.8/site-packages/airflow/example_dags/tutorial_taskflow_api.py for tasks to queue
[2026-04-21T00:09:50.457+0000] {logging_mixin.py:188} INFO - [2026-04-21T00:09:50.457+0000] {dagbag.py:538} INFO - Filling up the DagBag from /home/airflow/.local/lib/python3.8/site-packages/airflow/example_dags/tutorial_taskflow_api.py
[2026-04-21T00:09:50.465+0000] {processor.py:840} INFO - DAG(s) 'tutorial_taskflow_api' retrieved from /home/airflow/.local/lib/python3.8/site-packages/airflow/example_dags/tutorial_taskflow_api.py
[2026-04-21T00:09:50.489+0000] {logging_mixin.py:188} INFO - [2026-04-21T00:09:50.489+0000] {dag.py:3036} INFO - Sync 1 DAGs
[2026-04-21T00:09:50.503+0000] {logging_mixin.py:188} INFO - [2026-04-21T00:09:50.503+0000] {dag.py:3823} INFO - Setting next_dagrun for tutorial_taskflow_api to None, run_after=None
[2026-04-21T00:09:50.522+0000] {processor.py:183} INFO - Processing /home/airflow/.local/lib/python3.8/site-packages/airflow/example_dags/tutorial_taskflow_api.py took 0.073 seconds
[2026-04-21T00:10:21.150+0000] {processor.py:161} INFO - Started process (PID=3702765) to work on /home/airflow/.local/lib/python3.8/site-packages/airflow/example_dags/tutorial_taskflow_api.py
[2026-04-21T00:10:21.152+0000] {processor.py:830} INFO - Processing file /home/airflow/.local/lib/python3.8/site-packages/airflow/example_dags/tutorial_taskflow_api.py for tasks to queue
[2026-04-21T00:10:21.154+0000] {logging_mixin.py:188} INFO - [2026-04-21T00:10:21.154+0000] {dagbag.py:538} INFO - Filling up the DagBag from /home/airflow/.local/lib/python3.8/site-packages/airflow/example_dags/tutorial_taskflow_api.py
[2026-04-21T00:10:21.163+0000] {processor.py:840} INFO - DAG(s) 'tutorial_taskflow_api' retrieved from /home/airflow/.local/lib/python3.8/site-packages/airflow/example_dags/tutorial_taskflow_api.py
[2026-04-21T00:10:21.188+0000] {logging_mixin.py:188} INFO - [2026-04-21T00:10:21.188+0000] {dag.py:3036} INFO - Sync 1 DAGs
[2026-04-21T00:10:21.202+0000] {logging_mixin.py:188} INFO - [2026-04-21T00:10:21.202+0000] {dag.py:3823} INFO - Setting next_dagrun for tutorial_taskflow_api to None, run_after=None
[2026-04-21T00:10:21.223+0000] {processor.py:183} INFO - Processing /home/airflow/.local/lib/python3.8/site-packages/airflow/example_dags/tutorial_taskflow_api.py took 0.077 seconds
[2026-04-21T00:10:51.749+0000] {processor.py:161} INFO - Started process (PID=3702822) to work on /home/airflow/.local/lib/python3.8/site-packages/airflow/example_dags/tutorial_taskflow_api.py
[2026-04-21T00:10:51.751+0000] {processor.py:830} INFO - Processing file /home/airflow/.local/lib/python3.8/site-packages/airflow/example_dags/tutorial_taskflow_api.py for tasks to queue
[2026-04-21T00:10:51.753+0000] {logging_mixin.py:188} INFO - [2026-04-21T00:10:51.753+0000] {dagbag.py:538} INFO - Filling up the DagBag from /home/airflow/.local/lib/python3.8/site-packages/airflow/example_dags/tutorial_taskflow_api.py
[2026-04-21T00:10:51.762+0000] {processor.py:840} INFO - DAG(s) 'tutorial_taskflow_api' retrieved from /home/airflow/.local/lib/python3.8/site-packages/airflow/example_dags/tutorial_taskflow_api.py
[2026-04-21T00:10:51.785+0000] {logging_mixin.py:188} INFO - [2026-04-21T00:10:51.785+0000] {dag.py:3036} INFO - Sync 1 DAGs
[2026-04-21T00:10:51.799+0000] {logging_mixin.py:188} INFO - [2026-04-21T00:10:51.799+0000] {dag.py:3823} INFO - Setting next_dagrun for tutorial_taskflow_api to None, run_after=None
[2026-04-21T00:10:51.819+0000] {processor.py:183} INFO - Processing /home/airflow/.local/lib/python3.8/site-packages/airflow/example_dags/tutorial_taskflow_api.py took 0.074 seconds
[2026-04-21T00:11:21.915+0000] {processor.py:161} INFO - Started process (PID=3702879) to work on /home/airflow/.local/lib/python3.8/site-packages/airflow/example_dags/tutorial_taskflow_api.py
[2026-04-21T00:11:21.917+0000] {processor.py:830} INFO - Processing file /home/airflow/.local/lib/python3.8/site-packages/airflow/example_dags/tutorial_taskflow_api.py for tasks to queue
[2026-04-21T00:11:21.919+0000] {logging_mixin.py:188} INFO - [2026-04-21T00:11:21.919+0000] {dagbag.py:538} INFO - Filling up the DagBag from /home/airflow/.local/lib/python3.8/site-packages/airflow/example_dags/tutorial_taskflow_api.py
[2026-04-21T00:11:21.927+0000] {processor.py:840} INFO - DAG(s) 'tutorial_taskflow_api' retrieved from /home/airflow/.local/lib/python3.8/site-packages/airflow/example_dags/tutorial_taskflow_api.py
[2026-04-21T00:11:21.951+0000] {logging_mixin.py:188} INFO - [2026-04-21T00:11:21.951+0000] {dag.py:3036} INFO - Sync 1 DAGs
[2026-04-21T00:11:21.966+0000] {logging_mixin.py:188} INFO - [2026-04-21T00:11:21.965+0000] {dag.py:3823} INFO - Setting next_dagrun for tutorial_taskflow_api to None, run_after=None
[2026-04-21T00:11:21.988+0000] {processor.py:183} INFO - Processing /home/airflow/.local/lib/python3.8/site-packages/airflow/example_dags/tutorial_taskflow_api.py took 0.078 seconds
[2026-04-21T00:11:52.283+0000] {processor.py:161} INFO - Started process (PID=3702936) to work on /home/airflow/.local/lib/python3.8/site-packages/airflow/example_dags/tutorial_taskflow_api.py
[2026-04-21T00:11:52.284+0000] {processor.py:830} INFO - Processing file /home/airflow/.local/lib/python3.8/site-packages/airflow/example_dags/tutorial_taskflow_api.py for tasks to queue
[2026-04-21T00:11:52.286+0000] {logging_mixin.py:188} INFO - [2026-04-21T00:11:52.286+0000] {dagbag.py:538} INFO - Filling up the DagBag from /home/airflow/.local/lib/python3.8/site-packages/airflow/example_dags/tutorial_taskflow_api.py
[2026-04-21T00:11:52.313+0000] {processor.py:840} INFO - DAG(s) 'tutorial_taskflow_api' retrieved from /home/airflow/.local/lib/python3.8/site-packages/airflow/example_dags/tutorial_taskflow_api.py
[2026-04-21T00:11:52.337+0000] {logging_mixin.py:188} INFO - [2026-04-21T00:11:52.337+0000] {dag.py:3036} INFO - Sync 1 DAGs
[2026-04-21T00:11:52.352+0000] {logging_mixin.py:188} INFO - [2026-04-21T00:11:52.352+0000] {dag.py:3823} INFO - Setting next_dagrun for tutorial_taskflow_api to None, run_after=None
[2026-04-21T00:11:52.371+0000] {processor.py:183} INFO - Processing /home/airflow/.local/lib/python3.8/site-packages/airflow/example_dags/tutorial_taskflow_api.py took 0.093 seconds
[2026-04-21T00:12:22.465+0000] {processor.py:161} INFO - Started process (PID=3702993) to work on /home/airflow/.local/lib/python3.8/site-packages/airflow/example_dags/tutorial_taskflow_api.py
[2026-04-21T00:12:22.467+0000] {processor.py:830} INFO - Processing file /home/airflow/.local/lib/python3.8/site-packages/airflow/example_dags/tutorial_taskflow_api.py for tasks to queue
[2026-04-21T00:12:22.469+0000] {logging_mixin.py:188} INFO - [2026-04-21T00:12:22.469+0000] {dagbag.py:538} INFO - Filling up the DagBag from /home/airflow/.local/lib/python3.8/site-packages/airflow/example_dags/tutorial_taskflow_api.py
[2026-04-21T00:12:22.478+0000] {processor.py:840} INFO - DAG(s) 'tutorial_taskflow_api' retrieved from /home/airflow/.local/lib/python3.8/site-packages/airflow/example_dags/tutorial_taskflow_api.py
[2026-04-21T00:12:22.501+0000] {logging_mixin.py:188} INFO - [2026-04-21T00:12:22.501+0000] {dag.py:3036} INFO - Sync 1 DAGs
[2026-04-21T00:12:22.515+0000] {logging_mixin.py:188} INFO - [2026-04-21T00:12:22.515+0000] {dag.py:3823} INFO - Setting next_dagrun for tutorial_taskflow_api to None, run_after=None
[2026-04-21T00:12:22.535+0000] {processor.py:183} INFO - Processing /home/airflow/.local/lib/python3.8/site-packages/airflow/example_dags/tutorial_taskflow_api.py took 0.075 seconds
[2026-04-21T00:12:53.088+0000] {processor.py:161} INFO - Started process (PID=3703051) to work on /home/airflow/.local/lib/python3.8/site-packages/airflow/example_dags/tutorial_taskflow_api.py
[2026-04-21T00:12:53.090+0000] {processor.py:830} INFO - Processing file /home/airflow/.local/lib/python3.8/site-packages/airflow/example_dags/tutorial_taskflow_api.py for tasks to queue
[2026-04-21T00:12:53.092+0000] {logging_mixin.py:188} INFO - [2026-04-21T00:12:53.092+0000] {dagbag.py:538} INFO - Filling up the DagBag from /home/airflow/.local/lib/python3.8/site-packages/airflow/example_dags/tutorial_taskflow_api.py
[2026-04-21T00:12:53.101+0000] {processor.py:840} INFO - DAG(s) 'tutorial_taskflow_api' retrieved from /home/airflow/.local/lib/python3.8/site-packages/airflow/example_dags/tutorial_taskflow_api.py
[2026-04-21T00:12:53.124+0000] {logging_mixin.py:188} INFO - [2026-04-21T00:12:53.124+0000] {dag.py:3036} INFO - Sync 1 DAGs
[2026-04-21T00:12:53.138+0000] {logging_mixin.py:188} INFO - [2026-04-21T00:12:53.138+0000] {dag.py:3823} INFO - Setting next_dagrun for tutorial_taskflow_api to None, run_after=None
[2026-04-21T00:12:53.159+0000] {processor.py:183} INFO - Processing /home/airflow/.local/lib/python3.8/site-packages/airflow/example_dags/tutorial_taskflow_api.py took 0.075 seconds
[2026-04-21T00:13:23.323+0000] {processor.py:161} INFO - Started process (PID=3703108) to work on /home/airflow/.local/lib/python3.8/site-packages/airflow/example_dags/tutorial_taskflow_api.py
[2026-04-21T00:13:23.325+0000] {processor.py:830} INFO - Processing file /home/airflow/.local/lib/python3.8/site-packages/airflow/example_dags/tutorial_taskflow_api.py for tasks to queue
[2026-04-21T00:13:23.328+0000] {logging_mixin.py:188} INFO - [2026-04-21T00:13:23.327+0000] {dagbag.py:538} INFO - Filling up the DagBag from /home/airflow/.local/lib/python3.8/site-packages/airflow/example_dags/tutorial_taskflow_api.py
[2026-04-21T00:13:23.336+0000] {processor.py:840} INFO - DAG(s) 'tutorial_taskflow_api' retrieved from /home/airflow/.local/lib/python3.8/site-packages/airflow/example_dags/tutorial_taskflow_api.py
[2026-04-21T00:13:23.360+0000] {logging_mixin.py:188} INFO - [2026-04-21T00:13:23.359+0000] {dag.py:3036} INFO - Sync 1 DAGs
[2026-04-21T00:13:23.374+0000] {logging_mixin.py:188} INFO - [2026-04-21T00:13:23.373+0000] {dag.py:3823} INFO - Setting next_dagrun for tutorial_taskflow_api to None, run_after=None
[2026-04-21T00:13:23.392+0000] {processor.py:183} INFO - Processing /home/airflow/.local/lib/python3.8/site-packages/airflow/example_dags/tutorial_taskflow_api.py took 0.074 seconds
[2026-04-21T00:13:53.765+0000] {processor.py:161} INFO - Started process (PID=3703165) to work on /home/airflow/.local/lib/python3.8/site-packages/airflow/example_dags/tutorial_taskflow_api.py
[2026-04-21T00:13:53.766+0000] {processor.py:830} INFO - Processing file /home/airflow/.local/lib/python3.8/site-packages/airflow/example_dags/tutorial_taskflow_api.py for tasks to queue
[2026-04-21T00:13:53.769+0000] {logging_mixin.py:188} INFO - [2026-04-21T00:13:53.768+0000] {dagbag.py:538} INFO - Filling up the DagBag from /home/airflow/.local/lib/python3.8/site-packages/airflow/example_dags/tutorial_taskflow_api.py
[2026-04-21T00:13:53.778+0000] {processor.py:840} INFO - DAG(s) 'tutorial_taskflow_api' retrieved from /home/airflow/.local/lib/python3.8/site-packages/airflow/example_dags/tutorial_taskflow_api.py
[2026-04-21T00:13:53.802+0000] {logging_mixin.py:188} INFO - [2026-04-21T00:13:53.802+0000] {dag.py:3036} INFO - Sync 1 DAGs
[2026-04-21T00:13:53.816+0000] {logging_mixin.py:188} INFO - [2026-04-21T00:13:53.816+0000] {dag.py:3823} INFO - Setting next_dagrun for tutorial_taskflow_api to None, run_after=None
[2026-04-21T00:13:53.835+0000] {processor.py:183} INFO - Processing /home/airflow/.local/lib/python3.8/site-packages/airflow/example_dags/tutorial_taskflow_api.py took 0.075 seconds
[2026-04-21T00:14:23.978+0000] {processor.py:161} INFO - Started process (PID=3703222) to work on /home/airflow/.local/lib/python3.8/site-packages/airflow/example_dags/tutorial_taskflow_api.py
[2026-04-21T00:14:23.980+0000] {processor.py:830} INFO - Processing file /home/airflow/.local/lib/python3.8/site-packages/airflow/example_dags/tutorial_taskflow_api.py for tasks to queue
[2026-04-21T00:14:23.983+0000] {logging_mixin.py:188} INFO - [2026-04-21T00:14:23.982+0000] {dagbag.py:538} INFO - Filling up the DagBag from /home/airflow/.local/lib/python3.8/site-packages/airflow/example_dags/tutorial_taskflow_api.py
[2026-04-21T00:14:23.991+0000] {processor.py:840} INFO - DAG(s) 'tutorial_taskflow_api' retrieved from /home/airflow/.local/lib/python3.8/site-packages/airflow/example_dags/tutorial_taskflow_api.py
[2026-04-21T00:14:24.015+0000] {logging_mixin.py:188} INFO - [2026-04-21T00:14:24.015+0000] {dag.py:3036} INFO - Sync 1 DAGs
[2026-04-21T00:14:24.028+0000] {logging_mixin.py:188} INFO - [2026-04-21T00:14:24.028+0000] {dag.py:3823} INFO - Setting next_dagrun for tutorial_taskflow_api to None, run_after=None
[2026-04-21T00:14:24.046+0000] {processor.py:183} INFO - Processing /home/airflow/.local/lib/python3.8/site-packages/airflow/example_dags/tutorial_taskflow_api.py took 0.073 seconds
[2026-04-21T00:14:54.699+0000] {processor.py:161} INFO - Started process (PID=3703277) to work on /home/airflow/.local/lib/python3.8/site-packages/airflow/example_dags/tutorial_taskflow_api.py
[2026-04-21T00:14:54.700+0000] {processor.py:830} INFO - Processing file /home/airflow/.local/lib/python3.8/site-packages/airflow/example_dags/tutorial_taskflow_api.py for tasks to queue
[2026-04-21T00:14:54.702+0000] {logging_mixin.py:188} INFO - [2026-04-21T00:14:54.702+0000] {dagbag.py:538} INFO - Filling up the DagBag from /home/airflow/.local/lib/python3.8/site-packages/airflow/example_dags/tutorial_taskflow_api.py
[2026-04-21T00:14:54.711+0000] {processor.py:840} INFO - DAG(s) 'tutorial_taskflow_api' retrieved from /home/airflow/.local/lib/python3.8/site-packages/airflow/example_dags/tutorial_taskflow_api.py
[2026-04-21T00:14:54.735+0000] {logging_mixin.py:188} INFO - [2026-04-21T00:14:54.735+0000] {dag.py:3036} INFO - Sync 1 DAGs
[2026-04-21T00:14:54.749+0000] {logging_mixin.py:188} INFO - [2026-04-21T00:14:54.749+0000] {dag.py:3823} INFO - Setting next_dagrun for tutorial_taskflow_api to None, run_after=None
[2026-04-21T00:14:54.768+0000] {processor.py:183} INFO - Processing /home/airflow/.local/lib/python3.8/site-packages/airflow/example_dags/tutorial_taskflow_api.py took 0.074 seconds
[2026-04-21T00:15:24.928+0000] {processor.py:161} INFO - Started process (PID=3703332) to work on /home/airflow/.local/lib/python3.8/site-packages/airflow/example_dags/tutorial_taskflow_api.py
[2026-04-21T00:15:24.929+0000] {processor.py:830} INFO - Processing file /home/airflow/.local/lib/python3.8/site-packages/airflow/example_dags/tutorial_taskflow_api.py for tasks to queue
[2026-04-21T00:15:24.932+0000] {logging_mixin.py:188} INFO - [2026-04-21T00:15:24.931+0000] {dagbag.py:538} INFO - Filling up the DagBag from /home/airflow/.local/lib/python3.8/site-packages/airflow/example_dags/tutorial_taskflow_api.py
[2026-04-21T00:15:24.940+0000] {processor.py:840} INFO - DAG(s) 'tutorial_taskflow_api' retrieved from /home/airflow/.local/lib/python3.8/site-packages/airflow/example_dags/tutorial_taskflow_api.py
[2026-04-21T00:15:24.966+0000] {logging_mixin.py:188} INFO - [2026-04-21T00:15:24.965+0000] {dag.py:3036} INFO - Sync 1 DAGs
[2026-04-21T00:15:24.980+0000] {logging_mixin.py:188} INFO - [2026-04-21T00:15:24.979+0000] {dag.py:3823} INFO - Setting next_dagrun for tutorial_taskflow_api to None, run_after=None
[2026-04-21T00:15:25.001+0000] {processor.py:183} INFO - Processing /home/airflow/.local/lib/python3.8/site-packages/airflow/example_dags/tutorial_taskflow_api.py took 0.078 seconds
[2026-04-21T00:15:55.332+0000] {processor.py:161} INFO - Started process (PID=3703389) to work on /home/airflow/.local/lib/python3.8/site-packages/airflow/example_dags/tutorial_taskflow_api.py
[2026-04-21T00:15:55.334+0000] {processor.py:830} INFO - Processing file /home/airflow/.local/lib/python3.8/site-packages/airflow/example_dags/tutorial_taskflow_api.py for tasks to queue
[2026-04-21T00:15:55.337+0000] {logging_mixin.py:188} INFO - [2026-04-21T00:15:55.336+0000] {dagbag.py:538} INFO - Filling up the DagBag from /home/airflow/.local/lib/python3.8/site-packages/airflow/example_dags/tutorial_taskflow_api.py
[2026-04-21T00:15:55.345+0000] {processor.py:840} INFO - DAG(s) 'tutorial_taskflow_api' retrieved from /home/airflow/.local/lib/python3.8/site-packages/airflow/example_dags/tutorial_taskflow_api.py
[2026-04-21T00:15:55.369+0000] {logging_mixin.py:188} INFO - [2026-04-21T00:15:55.369+0000] {dag.py:3036} INFO - Sync 1 DAGs
[2026-04-21T00:15:55.384+0000] {logging_mixin.py:188} INFO - [2026-04-21T00:15:55.384+0000] {dag.py:3823} INFO - Setting next_dagrun for tutorial_taskflow_api to None, run_after=None
[2026-04-21T00:15:55.403+0000] {processor.py:183} INFO - Processing /home/airflow/.local/lib/python3.8/site-packages/airflow/example_dags/tutorial_taskflow_api.py took 0.076 seconds
[2026-04-21T00:16:25.838+0000] {processor.py:161} INFO - Started process (PID=3703447) to work on /home/airflow/.local/lib/python3.8/site-packages/airflow/example_dags/tutorial_taskflow_api.py
[2026-04-21T00:16:25.840+0000] {processor.py:830} INFO - Processing file /home/airflow/.local/lib/python3.8/site-packages/airflow/example_dags/tutorial_taskflow_api.py for tasks to queue
[2026-04-21T00:16:25.842+0000] {logging_mixin.py:188} INFO - [2026-04-21T00:16:25.842+0000] {dagbag.py:538} INFO - Filling up the DagBag from /home/airflow/.local/lib/python3.8/site-packages/airflow/example_dags/tutorial_taskflow_api.py
[2026-04-21T00:16:25.850+0000] {processor.py:840} INFO - DAG(s) 'tutorial_taskflow_api' retrieved from /home/airflow/.local/lib/python3.8/site-packages/airflow/example_dags/tutorial_taskflow_api.py
[2026-04-21T00:16:25.874+0000] {logging_mixin.py:188} INFO - [2026-04-21T00:16:25.874+0000] {dag.py:3036} INFO - Sync 1 DAGs
[2026-04-21T00:16:25.888+0000] {logging_mixin.py:188} INFO - [2026-04-21T00:16:25.888+0000] {dag.py:3823} INFO - Setting next_dagrun for tutorial_taskflow_api to None, run_after=None
[2026-04-21T00:16:25.910+0000] {processor.py:183} INFO - Processing /home/airflow/.local/lib/python3.8/site-packages/airflow/example_dags/tutorial_taskflow_api.py took 0.077 seconds
[2026-04-21T00:16:56.378+0000] {processor.py:161} INFO - Started process (PID=3703504) to work on /home/airflow/.local/lib/python3.8/site-packages/airflow/example_dags/tutorial_taskflow_api.py
[2026-04-21T00:16:56.380+0000] {processor.py:830} INFO - Processing file /home/airflow/.local/lib/python3.8/site-packages/airflow/example_dags/tutorial_taskflow_api.py for tasks to queue
[2026-04-21T00:16:56.382+0000] {logging_mixin.py:188} INFO - [2026-04-21T00:16:56.382+0000] {dagbag.py:538} INFO - Filling up the DagBag from /home/airflow/.local/lib/python3.8/site-packages/airflow/example_dags/tutorial_taskflow_api.py
[2026-04-21T00:16:56.390+0000] {processor.py:840} INFO - DAG(s) 'tutorial_taskflow_api' retrieved from /home/airflow/.local/lib/python3.8/site-packages/airflow/example_dags/tutorial_taskflow_api.py
[2026-04-21T00:16:56.415+0000] {logging_mixin.py:188} INFO - [2026-04-21T00:16:56.415+0000] {dag.py:3036} INFO - Sync 1 DAGs
[2026-04-21T00:16:56.429+0000] {logging_mixin.py:188} INFO - [2026-04-21T00:16:56.429+0000] {dag.py:3823} INFO - Setting next_dagrun for tutorial_taskflow_api to None, run_after=None
[2026-04-21T00:16:56.448+0000] {processor.py:183} INFO - Processing /home/airflow/.local/lib/python3.8/site-packages/airflow/example_dags/tutorial_taskflow_api.py took 0.075 seconds
[2026-04-21T00:17:27.178+0000] {processor.py:161} INFO - Started process (PID=3703561) to work on /home/airflow/.local/lib/python3.8/site-packages/airflow/example_dags/tutorial_taskflow_api.py
[2026-04-21T00:17:27.180+0000] {processor.py:830} INFO - Processing file /home/airflow/.local/lib/python3.8/site-packages/airflow/example_dags/tutorial_taskflow_api.py for tasks to queue
[2026-04-21T00:17:27.183+0000] {logging_mixin.py:188} INFO - [2026-04-21T00:17:27.182+0000] {dagbag.py:538} INFO - Filling up the DagBag from /home/airflow/.local/lib/python3.8/site-packages/airflow/example_dags/tutorial_taskflow_api.py
[2026-04-21T00:17:27.191+0000] {processor.py:840} INFO - DAG(s) 'tutorial_taskflow_api' retrieved from /home/airflow/.local/lib/python3.8/site-packages/airflow/example_dags/tutorial_taskflow_api.py
[2026-04-21T00:17:27.215+0000] {logging_mixin.py:188} INFO - [2026-04-21T00:17:27.214+0000] {dag.py:3036} INFO - Sync 1 DAGs
[2026-04-21T00:17:27.228+0000] {logging_mixin.py:188} INFO - [2026-04-21T00:17:27.228+0000] {dag.py:3823} INFO - Setting next_dagrun for tutorial_taskflow_api to None, run_after=None
[2026-04-21T00:17:27.246+0000] {processor.py:183} INFO - Processing /home/airflow/.local/lib/python3.8/site-packages/airflow/example_dags/tutorial_taskflow_api.py took 0.073 seconds
[2026-04-21T00:17:57.403+0000] {processor.py:161} INFO - Started process (PID=3703618) to work on /home/airflow/.local/lib/python3.8/site-packages/airflow/example_dags/tutorial_taskflow_api.py
[2026-04-21T00:17:57.405+0000] {processor.py:830} INFO - Processing file /home/airflow/.local/lib/python3.8/site-packages/airflow/example_dags/tutorial_taskflow_api.py for tasks to queue
[2026-04-21T00:17:57.407+0000] {logging_mixin.py:188} INFO - [2026-04-21T00:17:57.407+0000] {dagbag.py:538} INFO - Filling up the DagBag from /home/airflow/.local/lib/python3.8/site-packages/airflow/example_dags/tutorial_taskflow_api.py
[2026-04-21T00:17:57.416+0000] {processor.py:840} INFO - DAG(s) 'tutorial_taskflow_api' retrieved from /home/airflow/.local/lib/python3.8/site-packages/airflow/example_dags/tutorial_taskflow_api.py
[2026-04-21T00:17:57.440+0000] {logging_mixin.py:188} INFO - [2026-04-21T00:17:57.440+0000] {dag.py:3036} INFO - Sync 1 DAGs
[2026-04-21T00:17:57.454+0000] {logging_mixin.py:188} INFO - [2026-04-21T00:17:57.454+0000] {dag.py:3823} INFO - Setting next_dagrun for tutorial_taskflow_api to None, run_after=None
[2026-04-21T00:17:57.473+0000] {processor.py:183} INFO - Processing /home/airflow/.local/lib/python3.8/site-packages/airflow/example_dags/tutorial_taskflow_api.py took 0.076 seconds
[2026-04-21T00:18:27.832+0000] {processor.py:161} INFO - Started process (PID=3703675) to work on /home/airflow/.local/lib/python3.8/site-packages/airflow/example_dags/tutorial_taskflow_api.py
[2026-04-21T00:18:27.834+0000] {processor.py:830} INFO - Processing file /home/airflow/.local/lib/python3.8/site-packages/airflow/example_dags/tutorial_taskflow_api.py for tasks to queue
[2026-04-21T00:18:27.837+0000] {logging_mixin.py:188} INFO - [2026-04-21T00:18:27.837+0000] {dagbag.py:538} INFO - Filling up the DagBag from /home/airflow/.local/lib/python3.8/site-packages/airflow/example_dags/tutorial_taskflow_api.py
[2026-04-21T00:18:27.846+0000] {processor.py:840} INFO - DAG(s) 'tutorial_taskflow_api' retrieved from /home/airflow/.local/lib/python3.8/site-packages/airflow/example_dags/tutorial_taskflow_api.py
[2026-04-21T00:18:27.871+0000] {logging_mixin.py:188} INFO - [2026-04-21T00:18:27.871+0000] {dag.py:3036} INFO - Sync 1 DAGs
[2026-04-21T00:18:27.885+0000] {logging_mixin.py:188} INFO - [2026-04-21T00:18:27.885+0000] {dag.py:3823} INFO - Setting next_dagrun for tutorial_taskflow_api to None, run_after=None
[2026-04-21T00:18:27.907+0000] {processor.py:183} INFO - Processing /home/airflow/.local/lib/python3.8/site-packages/airflow/example_dags/tutorial_taskflow_api.py took 0.080 seconds
[2026-04-21T00:18:58.337+0000] {processor.py:161} INFO - Started process (PID=3703732) to work on /home/airflow/.local/lib/python3.8/site-packages/airflow/example_dags/tutorial_taskflow_api.py
[2026-04-21T00:18:58.339+0000] {processor.py:830} INFO - Processing file /home/airflow/.local/lib/python3.8/site-packages/airflow/example_dags/tutorial_taskflow_api.py for tasks to queue
[2026-04-21T00:18:58.341+0000] {logging_mixin.py:188} INFO - [2026-04-21T00:18:58.341+0000] {dagbag.py:538} INFO - Filling up the DagBag from /home/airflow/.local/lib/python3.8/site-packages/airflow/example_dags/tutorial_taskflow_api.py
[2026-04-21T00:18:58.350+0000] {processor.py:840} INFO - DAG(s) 'tutorial_taskflow_api' retrieved from /home/airflow/.local/lib/python3.8/site-packages/airflow/example_dags/tutorial_taskflow_api.py
[2026-04-21T00:18:58.375+0000] {logging_mixin.py:188} INFO - [2026-04-21T00:18:58.374+0000] {dag.py:3036} INFO - Sync 1 DAGs
[2026-04-21T00:18:58.389+0000] {logging_mixin.py:188} INFO - [2026-04-21T00:18:58.389+0000] {dag.py:3823} INFO - Setting next_dagrun for tutorial_taskflow_api to None, run_after=None
[2026-04-21T00:18:58.408+0000] {processor.py:183} INFO - Processing /home/airflow/.local/lib/python3.8/site-packages/airflow/example_dags/tutorial_taskflow_api.py took 0.077 seconds
[2026-04-21T00:19:28.573+0000] {processor.py:161} INFO - Started process (PID=3703789) to work on /home/airflow/.local/lib/python3.8/site-packages/airflow/example_dags/tutorial_taskflow_api.py
[2026-04-21T00:19:28.575+0000] {processor.py:830} INFO - Processing file /home/airflow/.local/lib/python3.8/site-packages/airflow/example_dags/tutorial_taskflow_api.py for tasks to queue
[2026-04-21T00:19:28.578+0000] {logging_mixin.py:188} INFO - [2026-04-21T00:19:28.577+0000] {dagbag.py:538} INFO - Filling up the DagBag from /home/airflow/.local/lib/python3.8/site-packages/airflow/example_dags/tutorial_taskflow_api.py
[2026-04-21T00:19:28.586+0000] {processor.py:840} INFO - DAG(s) 'tutorial_taskflow_api' retrieved from /home/airflow/.local/lib/python3.8/site-packages/airflow/example_dags/tutorial_taskflow_api.py
[2026-04-21T00:19:28.610+0000] {logging_mixin.py:188} INFO - [2026-04-21T00:19:28.610+0000] {dag.py:3036} INFO - Sync 1 DAGs
[2026-04-21T00:19:28.625+0000] {logging_mixin.py:188} INFO - [2026-04-21T00:19:28.625+0000] {dag.py:3823} INFO - Setting next_dagrun for tutorial_taskflow_api to None, run_after=None
[2026-04-21T00:19:28.645+0000] {processor.py:183} INFO - Processing /home/airflow/.local/lib/python3.8/site-packages/airflow/example_dags/tutorial_taskflow_api.py took 0.076 seconds
[2026-04-21T00:19:58.850+0000] {processor.py:161} INFO - Started process (PID=3703846) to work on /home/airflow/.local/lib/python3.8/site-packages/airflow/example_dags/tutorial_taskflow_api.py
[2026-04-21T00:19:58.851+0000] {processor.py:830} INFO - Processing file /home/airflow/.local/lib/python3.8/site-packages/airflow/example_dags/tutorial_taskflow_api.py for tasks to queue
[2026-04-21T00:19:58.854+0000] {logging_mixin.py:188} INFO - [2026-04-21T00:19:58.853+0000] {dagbag.py:538} INFO - Filling up the DagBag from /home/airflow/.local/lib/python3.8/site-packages/airflow/example_dags/tutorial_taskflow_api.py
[2026-04-21T00:19:58.862+0000] {processor.py:840} INFO - DAG(s) 'tutorial_taskflow_api' retrieved from /home/airflow/.local/lib/python3.8/site-packages/airflow/example_dags/tutorial_taskflow_api.py
[2026-04-21T00:19:58.886+0000] {logging_mixin.py:188} INFO - [2026-04-21T00:19:58.886+0000] {dag.py:3036} INFO - Sync 1 DAGs
[2026-04-21T00:19:58.900+0000] {logging_mixin.py:188} INFO - [2026-04-21T00:19:58.900+0000] {dag.py:3823} INFO - Setting next_dagrun for tutorial_taskflow_api to None, run_after=None
[2026-04-21T00:19:58.918+0000] {processor.py:183} INFO - Processing /home/airflow/.local/lib/python3.8/site-packages/airflow/example_dags/tutorial_taskflow_api.py took 0.073 seconds
[2026-04-21T00:20:28.985+0000] {processor.py:161} INFO - Started process (PID=3703903) to work on /home/airflow/.local/lib/python3.8/site-packages/airflow/example_dags/tutorial_taskflow_api.py
[2026-04-21T00:20:28.987+0000] {processor.py:830} INFO - Processing file /home/airflow/.local/lib/python3.8/site-packages/airflow/example_dags/tutorial_taskflow_api.py for tasks to queue
[2026-04-21T00:20:28.990+0000] {logging_mixin.py:188} INFO - [2026-04-21T00:20:28.990+0000] {dagbag.py:538} INFO - Filling up the DagBag from /home/airflow/.local/lib/python3.8/site-packages/airflow/example_dags/tutorial_taskflow_api.py
[2026-04-21T00:20:28.999+0000] {processor.py:840} INFO - DAG(s) 'tutorial_taskflow_api' retrieved from /home/airflow/.local/lib/python3.8/site-packages/airflow/example_dags/tutorial_taskflow_api.py
[2026-04-21T00:20:29.027+0000] {logging_mixin.py:188} INFO - [2026-04-21T00:20:29.026+0000] {dag.py:3036} INFO - Sync 1 DAGs
[2026-04-21T00:20:29.041+0000] {logging_mixin.py:188} INFO - [2026-04-21T00:20:29.041+0000] {dag.py:3823} INFO - Setting next_dagrun for tutorial_taskflow_api to None, run_after=None
[2026-04-21T00:20:29.063+0000] {processor.py:183} INFO - Processing /home/airflow/.local/lib/python3.8/site-packages/airflow/example_dags/tutorial_taskflow_api.py took 0.082 seconds
[2026-04-21T00:20:59.241+0000] {processor.py:161} INFO - Started process (PID=3703960) to work on /home/airflow/.local/lib/python3.8/site-packages/airflow/example_dags/tutorial_taskflow_api.py
[2026-04-21T00:20:59.242+0000] {processor.py:830} INFO - Processing file /home/airflow/.local/lib/python3.8/site-packages/airflow/example_dags/tutorial_taskflow_api.py for tasks to queue
[2026-04-21T00:20:59.244+0000] {logging_mixin.py:188} INFO - [2026-04-21T00:20:59.244+0000] {dagbag.py:538} INFO - Filling up the DagBag from /home/airflow/.local/lib/python3.8/site-packages/airflow/example_dags/tutorial_taskflow_api.py
[2026-04-21T00:20:59.253+0000] {processor.py:840} INFO - DAG(s) 'tutorial_taskflow_api' retrieved from /home/airflow/.local/lib/python3.8/site-packages/airflow/example_dags/tutorial_taskflow_api.py
[2026-04-21T00:20:59.280+0000] {logging_mixin.py:188} INFO - [2026-04-21T00:20:59.279+0000] {dag.py:3036} INFO - Sync 1 DAGs
[2026-04-21T00:20:59.299+0000] {logging_mixin.py:188} INFO - [2026-04-21T00:20:59.298+0000] {dag.py:3823} INFO - Setting next_dagrun for tutorial_taskflow_api to None, run_after=None
[2026-04-21T00:20:59.320+0000] {processor.py:183} INFO - Processing /home/airflow/.local/lib/python3.8/site-packages/airflow/example_dags/tutorial_taskflow_api.py took 0.084 seconds
[2026-04-21T00:21:29.569+0000] {processor.py:161} INFO - Started process (PID=3704023) to work on /home/airflow/.local/lib/python3.8/site-packages/airflow/example_dags/tutorial_taskflow_api.py
[2026-04-21T00:21:29.571+0000] {processor.py:830} INFO - Processing file /home/airflow/.local/lib/python3.8/site-packages/airflow/example_dags/tutorial_taskflow_api.py for tasks to queue
[2026-04-21T00:21:29.574+0000] {logging_mixin.py:188} INFO - [2026-04-21T00:21:29.573+0000] {dagbag.py:538} INFO - Filling up the DagBag from /home/airflow/.local/lib/python3.8/site-packages/airflow/example_dags/tutorial_taskflow_api.py
[2026-04-21T00:21:29.583+0000] {processor.py:840} INFO - DAG(s) 'tutorial_taskflow_api' retrieved from /home/airflow/.local/lib/python3.8/site-packages/airflow/example_dags/tutorial_taskflow_api.py
[2026-04-21T00:21:29.607+0000] {logging_mixin.py:188} INFO - [2026-04-21T00:21:29.607+0000] {dag.py:3036} INFO - Sync 1 DAGs
[2026-04-21T00:21:29.622+0000] {logging_mixin.py:188} INFO - [2026-04-21T00:21:29.621+0000] {dag.py:3823} INFO - Setting next_dagrun for tutorial_taskflow_api to None, run_after=None
[2026-04-21T00:21:29.640+0000] {processor.py:183} INFO - Processing /home/airflow/.local/lib/python3.8/site-packages/airflow/example_dags/tutorial_taskflow_api.py took 0.076 seconds
[2026-04-21T00:22:00.297+0000] {processor.py:161} INFO - Started process (PID=3704080) to work on /home/airflow/.local/lib/python3.8/site-packages/airflow/example_dags/tutorial_taskflow_api.py
[2026-04-21T00:22:00.298+0000] {processor.py:830} INFO - Processing file /home/airflow/.local/lib/python3.8/site-packages/airflow/example_dags/tutorial_taskflow_api.py for tasks to queue
[2026-04-21T00:22:00.301+0000] {logging_mixin.py:188} INFO - [2026-04-21T00:22:00.300+0000] {dagbag.py:538} INFO - Filling up the DagBag from /home/airflow/.local/lib/python3.8/site-packages/airflow/example_dags/tutorial_taskflow_api.py
[2026-04-21T00:22:00.309+0000] {processor.py:840} INFO - DAG(s) 'tutorial_taskflow_api' retrieved from /home/airflow/.local/lib/python3.8/site-packages/airflow/example_dags/tutorial_taskflow_api.py
[2026-04-21T00:22:00.335+0000] {logging_mixin.py:188} INFO - [2026-04-21T00:22:00.335+0000] {dag.py:3036} INFO - Sync 1 DAGs
[2026-04-21T00:22:00.350+0000] {logging_mixin.py:188} INFO - [2026-04-21T00:22:00.349+0000] {dag.py:3823} INFO - Setting next_dagrun for tutorial_taskflow_api to None, run_after=None
[2026-04-21T00:22:00.369+0000] {processor.py:183} INFO - Processing /home/airflow/.local/lib/python3.8/site-packages/airflow/example_dags/tutorial_taskflow_api.py took 0.077 seconds
[2026-04-21T00:22:31.026+0000] {processor.py:161} INFO - Started process (PID=3704137) to work on /home/airflow/.local/lib/python3.8/site-packages/airflow/example_dags/tutorial_taskflow_api.py
[2026-04-21T00:22:31.028+0000] {processor.py:830} INFO - Processing file /home/airflow/.local/lib/python3.8/site-packages/airflow/example_dags/tutorial_taskflow_api.py for tasks to queue
[2026-04-21T00:22:31.030+0000] {logging_mixin.py:188} INFO - [2026-04-21T00:22:31.030+0000] {dagbag.py:538} INFO - Filling up the DagBag from /home/airflow/.local/lib/python3.8/site-packages/airflow/example_dags/tutorial_taskflow_api.py
[2026-04-21T00:22:31.039+0000] {processor.py:840} INFO - DAG(s) 'tutorial_taskflow_api' retrieved from /home/airflow/.local/lib/python3.8/site-packages/airflow/example_dags/tutorial_taskflow_api.py
[2026-04-21T00:22:31.066+0000] {logging_mixin.py:188} INFO - [2026-04-21T00:22:31.066+0000] {dag.py:3036} INFO - Sync 1 DAGs
[2026-04-21T00:22:31.082+0000] {logging_mixin.py:188} INFO - [2026-04-21T00:22:31.082+0000] {dag.py:3823} INFO - Setting next_dagrun for tutorial_taskflow_api to None, run_after=None
[2026-04-21T00:22:31.287+0000] {processor.py:183} INFO - Processing /home/airflow/.local/lib/python3.8/site-packages/airflow/example_dags/tutorial_taskflow_api.py took 0.267 seconds
[2026-04-21T00:23:02.135+0000] {processor.py:161} INFO - Started process (PID=3704194) to work on /home/airflow/.local/lib/python3.8/site-packages/airflow/example_dags/tutorial_taskflow_api.py
[2026-04-21T00:23:02.136+0000] {processor.py:830} INFO - Processing file /home/airflow/.local/lib/python3.8/site-packages/airflow/example_dags/tutorial_taskflow_api.py for tasks to queue
[2026-04-21T00:23:02.139+0000] {logging_mixin.py:188} INFO - [2026-04-21T00:23:02.138+0000] {dagbag.py:538} INFO - Filling up the DagBag from /home/airflow/.local/lib/python3.8/site-packages/airflow/example_dags/tutorial_taskflow_api.py
[2026-04-21T00:23:02.148+0000] {processor.py:840} INFO - DAG(s) 'tutorial_taskflow_api' retrieved from /home/airflow/.local/lib/python3.8/site-packages/airflow/example_dags/tutorial_taskflow_api.py
[2026-04-21T00:23:02.173+0000] {logging_mixin.py:188} INFO - [2026-04-21T00:23:02.173+0000] {dag.py:3036} INFO - Sync 1 DAGs
[2026-04-21T00:23:02.189+0000] {logging_mixin.py:188} INFO - [2026-04-21T00:23:02.188+0000] {dag.py:3823} INFO - Setting next_dagrun for tutorial_taskflow_api to None, run_after=None
[2026-04-21T00:23:02.423+0000] {processor.py:183} INFO - Processing /home/airflow/.local/lib/python3.8/site-packages/airflow/example_dags/tutorial_taskflow_api.py took 0.293 seconds
[2026-04-21T00:23:32.792+0000] {processor.py:161} INFO - Started process (PID=3704251) to work on /home/airflow/.local/lib/python3.8/site-packages/airflow/example_dags/tutorial_taskflow_api.py
[2026-04-21T00:23:32.794+0000] {processor.py:830} INFO - Processing file /home/airflow/.local/lib/python3.8/site-packages/airflow/example_dags/tutorial_taskflow_api.py for tasks to queue
[2026-04-21T00:23:32.796+0000] {logging_mixin.py:188} INFO - [2026-04-21T00:23:32.796+0000] {dagbag.py:538} INFO - Filling up the DagBag from /home/airflow/.local/lib/python3.8/site-packages/airflow/example_dags/tutorial_taskflow_api.py
[2026-04-21T00:23:32.805+0000] {processor.py:840} INFO - DAG(s) 'tutorial_taskflow_api' retrieved from /home/airflow/.local/lib/python3.8/site-packages/airflow/example_dags/tutorial_taskflow_api.py
[2026-04-21T00:23:32.828+0000] {logging_mixin.py:188} INFO - [2026-04-21T00:23:32.828+0000] {dag.py:3036} INFO - Sync 1 DAGs
[2026-04-21T00:23:32.842+0000] {logging_mixin.py:188} INFO - [2026-04-21T00:23:32.842+0000] {dag.py:3823} INFO - Setting next_dagrun for tutorial_taskflow_api to None, run_after=None
[2026-04-21T00:23:32.861+0000] {processor.py:183} INFO - Processing /home/airflow/.local/lib/python3.8/site-packages/airflow/example_dags/tutorial_taskflow_api.py took 0.074 seconds
[2026-04-21T00:24:03.632+0000] {processor.py:161} INFO - Started process (PID=3704309) to work on /home/airflow/.local/lib/python3.8/site-packages/airflow/example_dags/tutorial_taskflow_api.py
[2026-04-21T00:24:03.633+0000] {processor.py:830} INFO - Processing file /home/airflow/.local/lib/python3.8/site-packages/airflow/example_dags/tutorial_taskflow_api.py for tasks to queue
[2026-04-21T00:24:03.635+0000] {logging_mixin.py:188} INFO - [2026-04-21T00:24:03.635+0000] {dagbag.py:538} INFO - Filling up the DagBag from /home/airflow/.local/lib/python3.8/site-packages/airflow/example_dags/tutorial_taskflow_api.py
[2026-04-21T00:24:03.644+0000] {processor.py:840} INFO - DAG(s) 'tutorial_taskflow_api' retrieved from /home/airflow/.local/lib/python3.8/site-packages/airflow/example_dags/tutorial_taskflow_api.py
[2026-04-21T00:24:03.669+0000] {logging_mixin.py:188} INFO - [2026-04-21T00:24:03.669+0000] {dag.py:3036} INFO - Sync 1 DAGs
[2026-04-21T00:24:03.684+0000] {logging_mixin.py:188} INFO - [2026-04-21T00:24:03.684+0000] {dag.py:3823} INFO - Setting next_dagrun for tutorial_taskflow_api to None, run_after=None
[2026-04-21T00:24:03.704+0000] {processor.py:183} INFO - Processing /home/airflow/.local/lib/python3.8/site-packages/airflow/example_dags/tutorial_taskflow_api.py took 0.076 seconds
[2026-04-21T00:24:34.525+0000] {processor.py:161} INFO - Started process (PID=3704366) to work on /home/airflow/.local/lib/python3.8/site-packages/airflow/example_dags/tutorial_taskflow_api.py
[2026-04-21T00:24:34.526+0000] {processor.py:830} INFO - Processing file /home/airflow/.local/lib/python3.8/site-packages/airflow/example_dags/tutorial_taskflow_api.py for tasks to queue
[2026-04-21T00:24:34.529+0000] {logging_mixin.py:188} INFO - [2026-04-21T00:24:34.528+0000] {dagbag.py:538} INFO - Filling up the DagBag from /home/airflow/.local/lib/python3.8/site-packages/airflow/example_dags/tutorial_taskflow_api.py
[2026-04-21T00:24:34.537+0000] {processor.py:840} INFO - DAG(s) 'tutorial_taskflow_api' retrieved from /home/airflow/.local/lib/python3.8/site-packages/airflow/example_dags/tutorial_taskflow_api.py
[2026-04-21T00:24:34.562+0000] {logging_mixin.py:188} INFO - [2026-04-21T00:24:34.561+0000] {dag.py:3036} INFO - Sync 1 DAGs
[2026-04-21T00:24:34.576+0000] {logging_mixin.py:188} INFO - [2026-04-21T00:24:34.575+0000] {dag.py:3823} INFO - Setting next_dagrun for tutorial_taskflow_api to None, run_after=None
[2026-04-21T00:24:34.595+0000] {processor.py:183} INFO - Processing /home/airflow/.local/lib/python3.8/site-packages/airflow/example_dags/tutorial_taskflow_api.py took 0.074 seconds
[2026-04-21T00:25:04.816+0000] {processor.py:161} INFO - Started process (PID=3704423) to work on /home/airflow/.local/lib/python3.8/site-packages/airflow/example_dags/tutorial_taskflow_api.py
[2026-04-21T00:25:04.817+0000] {processor.py:830} INFO - Processing file /home/airflow/.local/lib/python3.8/site-packages/airflow/example_dags/tutorial_taskflow_api.py for tasks to queue
[2026-04-21T00:25:04.820+0000] {logging_mixin.py:188} INFO - [2026-04-21T00:25:04.820+0000] {dagbag.py:538} INFO - Filling up the DagBag from /home/airflow/.local/lib/python3.8/site-packages/airflow/example_dags/tutorial_taskflow_api.py
[2026-04-21T00:25:04.829+0000] {processor.py:840} INFO - DAG(s) 'tutorial_taskflow_api' retrieved from /home/airflow/.local/lib/python3.8/site-packages/airflow/example_dags/tutorial_taskflow_api.py
[2026-04-21T00:25:05.070+0000] {logging_mixin.py:188} INFO - [2026-04-21T00:25:05.070+0000] {dag.py:3036} INFO - Sync 1 DAGs
[2026-04-21T00:25:05.082+0000] {logging_mixin.py:188} INFO - [2026-04-21T00:25:05.082+0000] {dag.py:3823} INFO - Setting next_dagrun for tutorial_taskflow_api to None, run_after=None
[2026-04-21T00:25:05.100+0000] {processor.py:183} INFO - Processing /home/airflow/.local/lib/python3.8/site-packages/airflow/example_dags/tutorial_taskflow_api.py took 0.289 seconds
[2026-04-21T00:25:36.108+0000] {processor.py:161} INFO - Started process (PID=3704480) to work on /home/airflow/.local/lib/python3.8/site-packages/airflow/example_dags/tutorial_taskflow_api.py
[2026-04-21T00:25:36.110+0000] {processor.py:830} INFO - Processing file /home/airflow/.local/lib/python3.8/site-packages/airflow/example_dags/tutorial_taskflow_api.py for tasks to queue
[2026-04-21T00:25:36.112+0000] {logging_mixin.py:188} INFO - [2026-04-21T00:25:36.111+0000] {dagbag.py:538} INFO - Filling up the DagBag from /home/airflow/.local/lib/python3.8/site-packages/airflow/example_dags/tutorial_taskflow_api.py
[2026-04-21T00:25:36.120+0000] {processor.py:840} INFO - DAG(s) 'tutorial_taskflow_api' retrieved from /home/airflow/.local/lib/python3.8/site-packages/airflow/example_dags/tutorial_taskflow_api.py
[2026-04-21T00:25:36.144+0000] {logging_mixin.py:188} INFO - [2026-04-21T00:25:36.144+0000] {dag.py:3036} INFO - Sync 1 DAGs
[2026-04-21T00:25:36.159+0000] {logging_mixin.py:188} INFO - [2026-04-21T00:25:36.159+0000] {dag.py:3823} INFO - Setting next_dagrun for tutorial_taskflow_api to None, run_after=None
[2026-04-21T00:25:36.179+0000] {processor.py:183} INFO - Processing /home/airflow/.local/lib/python3.8/site-packages/airflow/example_dags/tutorial_taskflow_api.py took 0.075 seconds
[2026-04-21T00:26:06.268+0000] {processor.py:161} INFO - Started process (PID=3704537) to work on /home/airflow/.local/lib/python3.8/site-packages/airflow/example_dags/tutorial_taskflow_api.py
[2026-04-21T00:26:06.269+0000] {processor.py:830} INFO - Processing file /home/airflow/.local/lib/python3.8/site-packages/airflow/example_dags/tutorial_taskflow_api.py for tasks to queue
[2026-04-21T00:26:06.272+0000] {logging_mixin.py:188} INFO - [2026-04-21T00:26:06.271+0000] {dagbag.py:538} INFO - Filling up the DagBag from /home/airflow/.local/lib/python3.8/site-packages/airflow/example_dags/tutorial_taskflow_api.py
[2026-04-21T00:26:06.280+0000] {processor.py:840} INFO - DAG(s) 'tutorial_taskflow_api' retrieved from /home/airflow/.local/lib/python3.8/site-packages/airflow/example_dags/tutorial_taskflow_api.py
[2026-04-21T00:26:06.305+0000] {logging_mixin.py:188} INFO - [2026-04-21T00:26:06.305+0000] {dag.py:3036} INFO - Sync 1 DAGs
[2026-04-21T00:26:06.320+0000] {logging_mixin.py:188} INFO - [2026-04-21T00:26:06.320+0000] {dag.py:3823} INFO - Setting next_dagrun for tutorial_taskflow_api to None, run_after=None
[2026-04-21T00:26:06.341+0000] {processor.py:183} INFO - Processing /home/airflow/.local/lib/python3.8/site-packages/airflow/example_dags/tutorial_taskflow_api.py took 0.078 seconds
[2026-04-21T00:26:36.483+0000] {processor.py:161} INFO - Started process (PID=3704594) to work on /home/airflow/.local/lib/python3.8/site-packages/airflow/example_dags/tutorial_taskflow_api.py
[2026-04-21T00:26:36.485+0000] {processor.py:830} INFO - Processing file /home/airflow/.local/lib/python3.8/site-packages/airflow/example_dags/tutorial_taskflow_api.py for tasks to queue
[2026-04-21T00:26:36.488+0000] {logging_mixin.py:188} INFO - [2026-04-21T00:26:36.487+0000] {dagbag.py:538} INFO - Filling up the DagBag from /home/airflow/.local/lib/python3.8/site-packages/airflow/example_dags/tutorial_taskflow_api.py
[2026-04-21T00:26:36.496+0000] {processor.py:840} INFO - DAG(s) 'tutorial_taskflow_api' retrieved from /home/airflow/.local/lib/python3.8/site-packages/airflow/example_dags/tutorial_taskflow_api.py
[2026-04-21T00:26:36.520+0000] {logging_mixin.py:188} INFO - [2026-04-21T00:26:36.519+0000] {dag.py:3036} INFO - Sync 1 DAGs
[2026-04-21T00:26:36.534+0000] {logging_mixin.py:188} INFO - [2026-04-21T00:26:36.533+0000] {dag.py:3823} INFO - Setting next_dagrun for tutorial_taskflow_api to None, run_after=None
[2026-04-21T00:26:36.553+0000] {processor.py:183} INFO - Processing /home/airflow/.local/lib/python3.8/site-packages/airflow/example_dags/tutorial_taskflow_api.py took 0.074 seconds
[2026-04-21T00:27:06.684+0000] {processor.py:161} INFO - Started process (PID=3704651) to work on /home/airflow/.local/lib/python3.8/site-packages/airflow/example_dags/tutorial_taskflow_api.py
[2026-04-21T00:27:06.685+0000] {processor.py:830} INFO - Processing file /home/airflow/.local/lib/python3.8/site-packages/airflow/example_dags/tutorial_taskflow_api.py for tasks to queue
[2026-04-21T00:27:06.687+0000] {logging_mixin.py:188} INFO - [2026-04-21T00:27:06.686+0000] {dagbag.py:538} INFO - Filling up the DagBag from /home/airflow/.local/lib/python3.8/site-packages/airflow/example_dags/tutorial_taskflow_api.py
[2026-04-21T00:27:06.695+0000] {processor.py:840} INFO - DAG(s) 'tutorial_taskflow_api' retrieved from /home/airflow/.local/lib/python3.8/site-packages/airflow/example_dags/tutorial_taskflow_api.py
[2026-04-21T00:27:06.721+0000] {logging_mixin.py:188} INFO - [2026-04-21T00:27:06.721+0000] {dag.py:3036} INFO - Sync 1 DAGs
[2026-04-21T00:27:06.736+0000] {logging_mixin.py:188} INFO - [2026-04-21T00:27:06.736+0000] {dag.py:3823} INFO - Setting next_dagrun for tutorial_taskflow_api to None, run_after=None
[2026-04-21T00:27:06.756+0000] {processor.py:183} INFO - Processing /home/airflow/.local/lib/python3.8/site-packages/airflow/example_dags/tutorial_taskflow_api.py took 0.077 seconds
[2026-04-21T00:27:37.106+0000] {processor.py:161} INFO - Started process (PID=3704708) to work on /home/airflow/.local/lib/python3.8/site-packages/airflow/example_dags/tutorial_taskflow_api.py
[2026-04-21T00:27:37.108+0000] {processor.py:830} INFO - Processing file /home/airflow/.local/lib/python3.8/site-packages/airflow/example_dags/tutorial_taskflow_api.py for tasks to queue
[2026-04-21T00:27:37.110+0000] {logging_mixin.py:188} INFO - [2026-04-21T00:27:37.109+0000] {dagbag.py:538} INFO - Filling up the DagBag from /home/airflow/.local/lib/python3.8/site-packages/airflow/example_dags/tutorial_taskflow_api.py
[2026-04-21T00:27:37.118+0000] {processor.py:840} INFO - DAG(s) 'tutorial_taskflow_api' retrieved from /home/airflow/.local/lib/python3.8/site-packages/airflow/example_dags/tutorial_taskflow_api.py
[2026-04-21T00:27:37.151+0000] {logging_mixin.py:188} INFO - [2026-04-21T00:27:37.150+0000] {dag.py:3036} INFO - Sync 1 DAGs
[2026-04-21T00:27:37.171+0000] {logging_mixin.py:188} INFO - [2026-04-21T00:27:37.171+0000] {dag.py:3823} INFO - Setting next_dagrun for tutorial_taskflow_api to None, run_after=None
[2026-04-21T00:27:37.191+0000] {processor.py:183} INFO - Processing /home/airflow/.local/lib/python3.8/site-packages/airflow/example_dags/tutorial_taskflow_api.py took 0.090 seconds
[2026-04-21T00:28:07.437+0000] {processor.py:161} INFO - Started process (PID=3704765) to work on /home/airflow/.local/lib/python3.8/site-packages/airflow/example_dags/tutorial_taskflow_api.py
[2026-04-21T00:28:07.438+0000] {processor.py:830} INFO - Processing file /home/airflow/.local/lib/python3.8/site-packages/airflow/example_dags/tutorial_taskflow_api.py for tasks to queue
[2026-04-21T00:28:07.440+0000] {logging_mixin.py:188} INFO - [2026-04-21T00:28:07.440+0000] {dagbag.py:538} INFO - Filling up the DagBag from /home/airflow/.local/lib/python3.8/site-packages/airflow/example_dags/tutorial_taskflow_api.py
[2026-04-21T00:28:07.448+0000] {processor.py:840} INFO - DAG(s) 'tutorial_taskflow_api' retrieved from /home/airflow/.local/lib/python3.8/site-packages/airflow/example_dags/tutorial_taskflow_api.py
[2026-04-21T00:28:07.474+0000] {logging_mixin.py:188} INFO - [2026-04-21T00:28:07.474+0000] {dag.py:3036} INFO - Sync 1 DAGs
[2026-04-21T00:28:07.489+0000] {logging_mixin.py:188} INFO - [2026-04-21T00:28:07.489+0000] {dag.py:3823} INFO - Setting next_dagrun for tutorial_taskflow_api to None, run_after=None
[2026-04-21T00:28:07.510+0000] {processor.py:183} INFO - Processing /home/airflow/.local/lib/python3.8/site-packages/airflow/example_dags/tutorial_taskflow_api.py took 0.078 seconds
[2026-04-21T00:28:37.868+0000] {processor.py:161} INFO - Started process (PID=3704822) to work on /home/airflow/.local/lib/python3.8/site-packages/airflow/example_dags/tutorial_taskflow_api.py
[2026-04-21T00:28:37.870+0000] {processor.py:830} INFO - Processing file /home/airflow/.local/lib/python3.8/site-packages/airflow/example_dags/tutorial_taskflow_api.py for tasks to queue
[2026-04-21T00:28:37.872+0000] {logging_mixin.py:188} INFO - [2026-04-21T00:28:37.872+0000] {dagbag.py:538} INFO - Filling up the DagBag from /home/airflow/.local/lib/python3.8/site-packages/airflow/example_dags/tutorial_taskflow_api.py
[2026-04-21T00:28:37.880+0000] {processor.py:840} INFO - DAG(s) 'tutorial_taskflow_api' retrieved from /home/airflow/.local/lib/python3.8/site-packages/airflow/example_dags/tutorial_taskflow_api.py
[2026-04-21T00:28:37.905+0000] {logging_mixin.py:188} INFO - [2026-04-21T00:28:37.905+0000] {dag.py:3036} INFO - Sync 1 DAGs
[2026-04-21T00:28:37.920+0000] {logging_mixin.py:188} INFO - [2026-04-21T00:28:37.919+0000] {dag.py:3823} INFO - Setting next_dagrun for tutorial_taskflow_api to None, run_after=None
[2026-04-21T00:28:37.941+0000] {processor.py:183} INFO - Processing /home/airflow/.local/lib/python3.8/site-packages/airflow/example_dags/tutorial_taskflow_api.py took 0.077 seconds
[2026-04-21T00:29:08.107+0000] {processor.py:161} INFO - Started process (PID=3704879) to work on /home/airflow/.local/lib/python3.8/site-packages/airflow/example_dags/tutorial_taskflow_api.py
[2026-04-21T00:29:08.108+0000] {processor.py:830} INFO - Processing file /home/airflow/.local/lib/python3.8/site-packages/airflow/example_dags/tutorial_taskflow_api.py for tasks to queue
[2026-04-21T00:29:08.110+0000] {logging_mixin.py:188} INFO - [2026-04-21T00:29:08.109+0000] {dagbag.py:538} INFO - Filling up the DagBag from /home/airflow/.local/lib/python3.8/site-packages/airflow/example_dags/tutorial_taskflow_api.py
[2026-04-21T00:29:08.118+0000] {processor.py:840} INFO - DAG(s) 'tutorial_taskflow_api' retrieved from /home/airflow/.local/lib/python3.8/site-packages/airflow/example_dags/tutorial_taskflow_api.py
[2026-04-21T00:29:08.142+0000] {logging_mixin.py:188} INFO - [2026-04-21T00:29:08.142+0000] {dag.py:3036} INFO - Sync 1 DAGs
[2026-04-21T00:29:08.156+0000] {logging_mixin.py:188} INFO - [2026-04-21T00:29:08.156+0000] {dag.py:3823} INFO - Setting next_dagrun for tutorial_taskflow_api to None, run_after=None
[2026-04-21T00:29:08.175+0000] {processor.py:183} INFO - Processing /home/airflow/.local/lib/python3.8/site-packages/airflow/example_dags/tutorial_taskflow_api.py took 0.073 seconds
[2026-04-21T00:29:38.323+0000] {processor.py:161} INFO - Started process (PID=3704936) to work on /home/airflow/.local/lib/python3.8/site-packages/airflow/example_dags/tutorial_taskflow_api.py
[2026-04-21T00:29:38.325+0000] {processor.py:830} INFO - Processing file /home/airflow/.local/lib/python3.8/site-packages/airflow/example_dags/tutorial_taskflow_api.py for tasks to queue
[2026-04-21T00:29:38.328+0000] {logging_mixin.py:188} INFO - [2026-04-21T00:29:38.327+0000] {dagbag.py:538} INFO - Filling up the DagBag from /home/airflow/.local/lib/python3.8/site-packages/airflow/example_dags/tutorial_taskflow_api.py
[2026-04-21T00:29:38.336+0000] {processor.py:840} INFO - DAG(s) 'tutorial_taskflow_api' retrieved from /home/airflow/.local/lib/python3.8/site-packages/airflow/example_dags/tutorial_taskflow_api.py
[2026-04-21T00:29:38.360+0000] {logging_mixin.py:188} INFO - [2026-04-21T00:29:38.360+0000] {dag.py:3036} INFO - Sync 1 DAGs
[2026-04-21T00:29:38.374+0000] {logging_mixin.py:188} INFO - [2026-04-21T00:29:38.373+0000] {dag.py:3823} INFO - Setting next_dagrun for tutorial_taskflow_api to None, run_after=None
[2026-04-21T00:29:38.393+0000] {processor.py:183} INFO - Processing /home/airflow/.local/lib/python3.8/site-packages/airflow/example_dags/tutorial_taskflow_api.py took 0.074 seconds
[2026-04-21T00:30:08.434+0000] {processor.py:161} INFO - Started process (PID=3704992) to work on /home/airflow/.local/lib/python3.8/site-packages/airflow/example_dags/tutorial_taskflow_api.py
[2026-04-21T00:30:08.436+0000] {processor.py:830} INFO - Processing file /home/airflow/.local/lib/python3.8/site-packages/airflow/example_dags/tutorial_taskflow_api.py for tasks to queue
[2026-04-21T00:30:08.438+0000] {logging_mixin.py:188} INFO - [2026-04-21T00:30:08.438+0000] {dagbag.py:538} INFO - Filling up the DagBag from /home/airflow/.local/lib/python3.8/site-packages/airflow/example_dags/tutorial_taskflow_api.py
[2026-04-21T00:30:08.446+0000] {processor.py:840} INFO - DAG(s) 'tutorial_taskflow_api' retrieved from /home/airflow/.local/lib/python3.8/site-packages/airflow/example_dags/tutorial_taskflow_api.py
[2026-04-21T00:30:08.470+0000] {logging_mixin.py:188} INFO - [2026-04-21T00:30:08.469+0000] {dag.py:3036} INFO - Sync 1 DAGs
[2026-04-21T00:30:08.484+0000] {logging_mixin.py:188} INFO - [2026-04-21T00:30:08.484+0000] {dag.py:3823} INFO - Setting next_dagrun for tutorial_taskflow_api to None, run_after=None
[2026-04-21T00:30:08.504+0000] {processor.py:183} INFO - Processing /home/airflow/.local/lib/python3.8/site-packages/airflow/example_dags/tutorial_taskflow_api.py took 0.074 seconds
[2026-04-21T00:30:38.684+0000] {processor.py:161} INFO - Started process (PID=3705050) to work on /home/airflow/.local/lib/python3.8/site-packages/airflow/example_dags/tutorial_taskflow_api.py
[2026-04-21T00:30:38.686+0000] {processor.py:830} INFO - Processing file /home/airflow/.local/lib/python3.8/site-packages/airflow/example_dags/tutorial_taskflow_api.py for tasks to queue
[2026-04-21T00:30:38.689+0000] {logging_mixin.py:188} INFO - [2026-04-21T00:30:38.689+0000] {dagbag.py:538} INFO - Filling up the DagBag from /home/airflow/.local/lib/python3.8/site-packages/airflow/example_dags/tutorial_taskflow_api.py
[2026-04-21T00:30:38.697+0000] {processor.py:840} INFO - DAG(s) 'tutorial_taskflow_api' retrieved from /home/airflow/.local/lib/python3.8/site-packages/airflow/example_dags/tutorial_taskflow_api.py
[2026-04-21T00:30:38.723+0000] {logging_mixin.py:188} INFO - [2026-04-21T00:30:38.723+0000] {dag.py:3036} INFO - Sync 1 DAGs
[2026-04-21T00:30:38.738+0000] {logging_mixin.py:188} INFO - [2026-04-21T00:30:38.737+0000] {dag.py:3823} INFO - Setting next_dagrun for tutorial_taskflow_api to None, run_after=None
[2026-04-21T00:30:38.759+0000] {processor.py:183} INFO - Processing /home/airflow/.local/lib/python3.8/site-packages/airflow/example_dags/tutorial_taskflow_api.py took 0.079 seconds
[2026-04-21T00:31:09.151+0000] {processor.py:161} INFO - Started process (PID=3705107) to work on /home/airflow/.local/lib/python3.8/site-packages/airflow/example_dags/tutorial_taskflow_api.py
[2026-04-21T00:31:09.153+0000] {processor.py:830} INFO - Processing file /home/airflow/.local/lib/python3.8/site-packages/airflow/example_dags/tutorial_taskflow_api.py for tasks to queue
[2026-04-21T00:31:09.155+0000] {logging_mixin.py:188} INFO - [2026-04-21T00:31:09.154+0000] {dagbag.py:538} INFO - Filling up the DagBag from /home/airflow/.local/lib/python3.8/site-packages/airflow/example_dags/tutorial_taskflow_api.py
[2026-04-21T00:31:09.163+0000] {processor.py:840} INFO - DAG(s) 'tutorial_taskflow_api' retrieved from /home/airflow/.local/lib/python3.8/site-packages/airflow/example_dags/tutorial_taskflow_api.py
[2026-04-21T00:31:09.189+0000] {logging_mixin.py:188} INFO - [2026-04-21T00:31:09.189+0000] {dag.py:3036} INFO - Sync 1 DAGs
[2026-04-21T00:31:09.209+0000] {logging_mixin.py:188} INFO - [2026-04-21T00:31:09.209+0000] {dag.py:3823} INFO - Setting next_dagrun for tutorial_taskflow_api to None, run_after=None
[2026-04-21T00:31:09.229+0000] {processor.py:183} INFO - Processing /home/airflow/.local/lib/python3.8/site-packages/airflow/example_dags/tutorial_taskflow_api.py took 0.082 seconds
[2026-04-21T00:31:39.354+0000] {processor.py:161} INFO - Started process (PID=3705164) to work on /home/airflow/.local/lib/python3.8/site-packages/airflow/example_dags/tutorial_taskflow_api.py
[2026-04-21T00:31:39.356+0000] {processor.py:830} INFO - Processing file /home/airflow/.local/lib/python3.8/site-packages/airflow/example_dags/tutorial_taskflow_api.py for tasks to queue
[2026-04-21T00:31:39.358+0000] {logging_mixin.py:188} INFO - [2026-04-21T00:31:39.358+0000] {dagbag.py:538} INFO - Filling up the DagBag from /home/airflow/.local/lib/python3.8/site-packages/airflow/example_dags/tutorial_taskflow_api.py
[2026-04-21T00:31:39.366+0000] {processor.py:840} INFO - DAG(s) 'tutorial_taskflow_api' retrieved from /home/airflow/.local/lib/python3.8/site-packages/airflow/example_dags/tutorial_taskflow_api.py
[2026-04-21T00:31:39.391+0000] {logging_mixin.py:188} INFO - [2026-04-21T00:31:39.390+0000] {dag.py:3036} INFO - Sync 1 DAGs
[2026-04-21T00:31:39.405+0000] {logging_mixin.py:188} INFO - [2026-04-21T00:31:39.405+0000] {dag.py:3823} INFO - Setting next_dagrun for tutorial_taskflow_api to None, run_after=None
[2026-04-21T00:31:39.425+0000] {processor.py:183} INFO - Processing /home/airflow/.local/lib/python3.8/site-packages/airflow/example_dags/tutorial_taskflow_api.py took 0.076 seconds
[2026-04-21T00:32:09.759+0000] {processor.py:161} INFO - Started process (PID=3705221) to work on /home/airflow/.local/lib/python3.8/site-packages/airflow/example_dags/tutorial_taskflow_api.py
[2026-04-21T00:32:09.760+0000] {processor.py:830} INFO - Processing file /home/airflow/.local/lib/python3.8/site-packages/airflow/example_dags/tutorial_taskflow_api.py for tasks to queue
[2026-04-21T00:32:09.762+0000] {logging_mixin.py:188} INFO - [2026-04-21T00:32:09.762+0000] {dagbag.py:538} INFO - Filling up the DagBag from /home/airflow/.local/lib/python3.8/site-packages/airflow/example_dags/tutorial_taskflow_api.py
[2026-04-21T00:32:09.770+0000] {processor.py:840} INFO - DAG(s) 'tutorial_taskflow_api' retrieved from /home/airflow/.local/lib/python3.8/site-packages/airflow/example_dags/tutorial_taskflow_api.py
[2026-04-21T00:32:09.796+0000] {logging_mixin.py:188} INFO - [2026-04-21T00:32:09.795+0000] {dag.py:3036} INFO - Sync 1 DAGs
[2026-04-21T00:32:09.810+0000] {logging_mixin.py:188} INFO - [2026-04-21T00:32:09.809+0000] {dag.py:3823} INFO - Setting next_dagrun for tutorial_taskflow_api to None, run_after=None
[2026-04-21T00:32:09.830+0000] {processor.py:183} INFO - Processing /home/airflow/.local/lib/python3.8/site-packages/airflow/example_dags/tutorial_taskflow_api.py took 0.076 seconds
[2026-04-21T00:32:39.930+0000] {processor.py:161} INFO - Started process (PID=3705278) to work on /home/airflow/.local/lib/python3.8/site-packages/airflow/example_dags/tutorial_taskflow_api.py
[2026-04-21T00:32:39.931+0000] {processor.py:830} INFO - Processing file /home/airflow/.local/lib/python3.8/site-packages/airflow/example_dags/tutorial_taskflow_api.py for tasks to queue
[2026-04-21T00:32:39.934+0000] {logging_mixin.py:188} INFO - [2026-04-21T00:32:39.933+0000] {dagbag.py:538} INFO - Filling up the DagBag from /home/airflow/.local/lib/python3.8/site-packages/airflow/example_dags/tutorial_taskflow_api.py
[2026-04-21T00:32:39.942+0000] {processor.py:840} INFO - DAG(s) 'tutorial_taskflow_api' retrieved from /home/airflow/.local/lib/python3.8/site-packages/airflow/example_dags/tutorial_taskflow_api.py
[2026-04-21T00:32:39.968+0000] {logging_mixin.py:188} INFO - [2026-04-21T00:32:39.967+0000] {dag.py:3036} INFO - Sync 1 DAGs
[2026-04-21T00:32:39.982+0000] {logging_mixin.py:188} INFO - [2026-04-21T00:32:39.982+0000] {dag.py:3823} INFO - Setting next_dagrun for tutorial_taskflow_api to None, run_after=None
[2026-04-21T00:32:40.002+0000] {processor.py:183} INFO - Processing /home/airflow/.local/lib/python3.8/site-packages/airflow/example_dags/tutorial_taskflow_api.py took 0.077 seconds
[2026-04-21T00:33:10.177+0000] {processor.py:161} INFO - Started process (PID=3705335) to work on /home/airflow/.local/lib/python3.8/site-packages/airflow/example_dags/tutorial_taskflow_api.py
[2026-04-21T00:33:10.178+0000] {processor.py:830} INFO - Processing file /home/airflow/.local/lib/python3.8/site-packages/airflow/example_dags/tutorial_taskflow_api.py for tasks to queue
[2026-04-21T00:33:10.180+0000] {logging_mixin.py:188} INFO - [2026-04-21T00:33:10.180+0000] {dagbag.py:538} INFO - Filling up the DagBag from /home/airflow/.local/lib/python3.8/site-packages/airflow/example_dags/tutorial_taskflow_api.py
[2026-04-21T00:33:10.188+0000] {processor.py:840} INFO - DAG(s) 'tutorial_taskflow_api' retrieved from /home/airflow/.local/lib/python3.8/site-packages/airflow/example_dags/tutorial_taskflow_api.py
[2026-04-21T00:33:10.213+0000] {logging_mixin.py:188} INFO - [2026-04-21T00:33:10.213+0000] {dag.py:3036} INFO - Sync 1 DAGs
[2026-04-21T00:33:10.227+0000] {logging_mixin.py:188} INFO - [2026-04-21T00:33:10.227+0000] {dag.py:3823} INFO - Setting next_dagrun for tutorial_taskflow_api to None, run_after=None
[2026-04-21T00:33:10.247+0000] {processor.py:183} INFO - Processing /home/airflow/.local/lib/python3.8/site-packages/airflow/example_dags/tutorial_taskflow_api.py took 0.075 seconds
[2026-04-21T00:33:40.334+0000] {processor.py:161} INFO - Started process (PID=3705392) to work on /home/airflow/.local/lib/python3.8/site-packages/airflow/example_dags/tutorial_taskflow_api.py
[2026-04-21T00:33:40.336+0000] {processor.py:830} INFO - Processing file /home/airflow/.local/lib/python3.8/site-packages/airflow/example_dags/tutorial_taskflow_api.py for tasks to queue
[2026-04-21T00:33:40.338+0000] {logging_mixin.py:188} INFO - [2026-04-21T00:33:40.338+0000] {dagbag.py:538} INFO - Filling up the DagBag from /home/airflow/.local/lib/python3.8/site-packages/airflow/example_dags/tutorial_taskflow_api.py
[2026-04-21T00:33:40.346+0000] {processor.py:840} INFO - DAG(s) 'tutorial_taskflow_api' retrieved from /home/airflow/.local/lib/python3.8/site-packages/airflow/example_dags/tutorial_taskflow_api.py
[2026-04-21T00:33:40.371+0000] {logging_mixin.py:188} INFO - [2026-04-21T00:33:40.371+0000] {dag.py:3036} INFO - Sync 1 DAGs
[2026-04-21T00:33:40.385+0000] {logging_mixin.py:188} INFO - [2026-04-21T00:33:40.385+0000] {dag.py:3823} INFO - Setting next_dagrun for tutorial_taskflow_api to None, run_after=None
[2026-04-21T00:33:40.404+0000] {processor.py:183} INFO - Processing /home/airflow/.local/lib/python3.8/site-packages/airflow/example_dags/tutorial_taskflow_api.py took 0.075 seconds
[2026-04-21T00:34:10.560+0000] {processor.py:161} INFO - Started process (PID=3705449) to work on /home/airflow/.local/lib/python3.8/site-packages/airflow/example_dags/tutorial_taskflow_api.py
[2026-04-21T00:34:10.563+0000] {processor.py:830} INFO - Processing file /home/airflow/.local/lib/python3.8/site-packages/airflow/example_dags/tutorial_taskflow_api.py for tasks to queue
[2026-04-21T00:34:10.565+0000] {logging_mixin.py:188} INFO - [2026-04-21T00:34:10.565+0000] {dagbag.py:538} INFO - Filling up the DagBag from /home/airflow/.local/lib/python3.8/site-packages/airflow/example_dags/tutorial_taskflow_api.py
[2026-04-21T00:34:10.575+0000] {processor.py:840} INFO - DAG(s) 'tutorial_taskflow_api' retrieved from /home/airflow/.local/lib/python3.8/site-packages/airflow/example_dags/tutorial_taskflow_api.py
[2026-04-21T00:34:10.602+0000] {logging_mixin.py:188} INFO - [2026-04-21T00:34:10.602+0000] {dag.py:3036} INFO - Sync 1 DAGs
[2026-04-21T00:34:10.617+0000] {logging_mixin.py:188} INFO - [2026-04-21T00:34:10.616+0000] {dag.py:3823} INFO - Setting next_dagrun for tutorial_taskflow_api to None, run_after=None
[2026-04-21T00:34:10.637+0000] {processor.py:183} INFO - Processing /home/airflow/.local/lib/python3.8/site-packages/airflow/example_dags/tutorial_taskflow_api.py took 0.082 seconds
[2026-04-21T00:34:40.694+0000] {processor.py:161} INFO - Started process (PID=3705505) to work on /home/airflow/.local/lib/python3.8/site-packages/airflow/example_dags/tutorial_taskflow_api.py
[2026-04-21T00:34:40.696+0000] {processor.py:830} INFO - Processing file /home/airflow/.local/lib/python3.8/site-packages/airflow/example_dags/tutorial_taskflow_api.py for tasks to queue
[2026-04-21T00:34:40.698+0000] {logging_mixin.py:188} INFO - [2026-04-21T00:34:40.698+0000] {dagbag.py:538} INFO - Filling up the DagBag from /home/airflow/.local/lib/python3.8/site-packages/airflow/example_dags/tutorial_taskflow_api.py
[2026-04-21T00:34:40.706+0000] {processor.py:840} INFO - DAG(s) 'tutorial_taskflow_api' retrieved from /home/airflow/.local/lib/python3.8/site-packages/airflow/example_dags/tutorial_taskflow_api.py
[2026-04-21T00:34:40.730+0000] {logging_mixin.py:188} INFO - [2026-04-21T00:34:40.729+0000] {dag.py:3036} INFO - Sync 1 DAGs
[2026-04-21T00:34:40.743+0000] {logging_mixin.py:188} INFO - [2026-04-21T00:34:40.743+0000] {dag.py:3823} INFO - Setting next_dagrun for tutorial_taskflow_api to None, run_after=None
[2026-04-21T00:34:40.763+0000] {processor.py:183} INFO - Processing /home/airflow/.local/lib/python3.8/site-packages/airflow/example_dags/tutorial_taskflow_api.py took 0.074 seconds
[2026-04-21T00:35:11.239+0000] {processor.py:161} INFO - Started process (PID=3705563) to work on /home/airflow/.local/lib/python3.8/site-packages/airflow/example_dags/tutorial_taskflow_api.py
[2026-04-21T00:35:11.241+0000] {processor.py:830} INFO - Processing file /home/airflow/.local/lib/python3.8/site-packages/airflow/example_dags/tutorial_taskflow_api.py for tasks to queue
[2026-04-21T00:35:11.243+0000] {logging_mixin.py:188} INFO - [2026-04-21T00:35:11.243+0000] {dagbag.py:538} INFO - Filling up the DagBag from /home/airflow/.local/lib/python3.8/site-packages/airflow/example_dags/tutorial_taskflow_api.py
[2026-04-21T00:35:11.251+0000] {processor.py:840} INFO - DAG(s) 'tutorial_taskflow_api' retrieved from /home/airflow/.local/lib/python3.8/site-packages/airflow/example_dags/tutorial_taskflow_api.py
[2026-04-21T00:35:11.277+0000] {logging_mixin.py:188} INFO - [2026-04-21T00:35:11.277+0000] {dag.py:3036} INFO - Sync 1 DAGs
[2026-04-21T00:35:11.291+0000] {logging_mixin.py:188} INFO - [2026-04-21T00:35:11.291+0000] {dag.py:3823} INFO - Setting next_dagrun for tutorial_taskflow_api to None, run_after=None
[2026-04-21T00:35:11.311+0000] {processor.py:183} INFO - Processing /home/airflow/.local/lib/python3.8/site-packages/airflow/example_dags/tutorial_taskflow_api.py took 0.076 seconds
[2026-04-21T00:35:41.420+0000] {processor.py:161} INFO - Started process (PID=3705620) to work on /home/airflow/.local/lib/python3.8/site-packages/airflow/example_dags/tutorial_taskflow_api.py
[2026-04-21T00:35:41.422+0000] {processor.py:830} INFO - Processing file /home/airflow/.local/lib/python3.8/site-packages/airflow/example_dags/tutorial_taskflow_api.py for tasks to queue
[2026-04-21T00:35:41.424+0000] {logging_mixin.py:188} INFO - [2026-04-21T00:35:41.424+0000] {dagbag.py:538} INFO - Filling up the DagBag from /home/airflow/.local/lib/python3.8/site-packages/airflow/example_dags/tutorial_taskflow_api.py
[2026-04-21T00:35:41.432+0000] {processor.py:840} INFO - DAG(s) 'tutorial_taskflow_api' retrieved from /home/airflow/.local/lib/python3.8/site-packages/airflow/example_dags/tutorial_taskflow_api.py
[2026-04-21T00:35:41.457+0000] {logging_mixin.py:188} INFO - [2026-04-21T00:35:41.457+0000] {dag.py:3036} INFO - Sync 1 DAGs
[2026-04-21T00:35:41.471+0000] {logging_mixin.py:188} INFO - [2026-04-21T00:35:41.471+0000] {dag.py:3823} INFO - Setting next_dagrun for tutorial_taskflow_api to None, run_after=None
[2026-04-21T00:35:41.490+0000] {processor.py:183} INFO - Processing /home/airflow/.local/lib/python3.8/site-packages/airflow/example_dags/tutorial_taskflow_api.py took 0.075 seconds
[2026-04-21T00:36:11.859+0000] {processor.py:161} INFO - Started process (PID=3705677) to work on /home/airflow/.local/lib/python3.8/site-packages/airflow/example_dags/tutorial_taskflow_api.py
[2026-04-21T00:36:11.861+0000] {processor.py:830} INFO - Processing file /home/airflow/.local/lib/python3.8/site-packages/airflow/example_dags/tutorial_taskflow_api.py for tasks to queue
[2026-04-21T00:36:11.863+0000] {logging_mixin.py:188} INFO - [2026-04-21T00:36:11.863+0000] {dagbag.py:538} INFO - Filling up the DagBag from /home/airflow/.local/lib/python3.8/site-packages/airflow/example_dags/tutorial_taskflow_api.py
[2026-04-21T00:36:11.871+0000] {processor.py:840} INFO - DAG(s) 'tutorial_taskflow_api' retrieved from /home/airflow/.local/lib/python3.8/site-packages/airflow/example_dags/tutorial_taskflow_api.py
[2026-04-21T00:36:11.896+0000] {logging_mixin.py:188} INFO - [2026-04-21T00:36:11.896+0000] {dag.py:3036} INFO - Sync 1 DAGs
[2026-04-21T00:36:11.910+0000] {logging_mixin.py:188} INFO - [2026-04-21T00:36:11.910+0000] {dag.py:3823} INFO - Setting next_dagrun for tutorial_taskflow_api to None, run_after=None
[2026-04-21T00:36:11.930+0000] {processor.py:183} INFO - Processing /home/airflow/.local/lib/python3.8/site-packages/airflow/example_dags/tutorial_taskflow_api.py took 0.076 seconds
[2026-04-21T00:36:41.991+0000] {processor.py:161} INFO - Started process (PID=3705733) to work on /home/airflow/.local/lib/python3.8/site-packages/airflow/example_dags/tutorial_taskflow_api.py
[2026-04-21T00:36:41.994+0000] {processor.py:830} INFO - Processing file /home/airflow/.local/lib/python3.8/site-packages/airflow/example_dags/tutorial_taskflow_api.py for tasks to queue
[2026-04-21T00:36:41.996+0000] {logging_mixin.py:188} INFO - [2026-04-21T00:36:41.996+0000] {dagbag.py:538} INFO - Filling up the DagBag from /home/airflow/.local/lib/python3.8/site-packages/airflow/example_dags/tutorial_taskflow_api.py
[2026-04-21T00:36:42.005+0000] {processor.py:840} INFO - DAG(s) 'tutorial_taskflow_api' retrieved from /home/airflow/.local/lib/python3.8/site-packages/airflow/example_dags/tutorial_taskflow_api.py
[2026-04-21T00:36:42.028+0000] {logging_mixin.py:188} INFO - [2026-04-21T00:36:42.028+0000] {dag.py:3036} INFO - Sync 1 DAGs
[2026-04-21T00:36:42.043+0000] {logging_mixin.py:188} INFO - [2026-04-21T00:36:42.043+0000] {dag.py:3823} INFO - Setting next_dagrun for tutorial_taskflow_api to None, run_after=None
[2026-04-21T00:36:42.063+0000] {processor.py:183} INFO - Processing /home/airflow/.local/lib/python3.8/site-packages/airflow/example_dags/tutorial_taskflow_api.py took 0.077 seconds
[2026-04-21T00:37:12.183+0000] {processor.py:161} INFO - Started process (PID=3705791) to work on /home/airflow/.local/lib/python3.8/site-packages/airflow/example_dags/tutorial_taskflow_api.py
[2026-04-21T00:37:12.185+0000] {processor.py:830} INFO - Processing file /home/airflow/.local/lib/python3.8/site-packages/airflow/example_dags/tutorial_taskflow_api.py for tasks to queue
[2026-04-21T00:37:12.187+0000] {logging_mixin.py:188} INFO - [2026-04-21T00:37:12.187+0000] {dagbag.py:538} INFO - Filling up the DagBag from /home/airflow/.local/lib/python3.8/site-packages/airflow/example_dags/tutorial_taskflow_api.py
[2026-04-21T00:37:12.196+0000] {processor.py:840} INFO - DAG(s) 'tutorial_taskflow_api' retrieved from /home/airflow/.local/lib/python3.8/site-packages/airflow/example_dags/tutorial_taskflow_api.py
[2026-04-21T00:37:12.222+0000] {logging_mixin.py:188} INFO - [2026-04-21T00:37:12.222+0000] {dag.py:3036} INFO - Sync 1 DAGs
[2026-04-21T00:37:12.237+0000] {logging_mixin.py:188} INFO - [2026-04-21T00:37:12.236+0000] {dag.py:3823} INFO - Setting next_dagrun for tutorial_taskflow_api to None, run_after=None
[2026-04-21T00:37:12.258+0000] {processor.py:183} INFO - Processing /home/airflow/.local/lib/python3.8/site-packages/airflow/example_dags/tutorial_taskflow_api.py took 0.080 seconds
[2026-04-21T00:37:42.321+0000] {processor.py:161} INFO - Started process (PID=3705848) to work on /home/airflow/.local/lib/python3.8/site-packages/airflow/example_dags/tutorial_taskflow_api.py
[2026-04-21T00:37:42.323+0000] {processor.py:830} INFO - Processing file /home/airflow/.local/lib/python3.8/site-packages/airflow/example_dags/tutorial_taskflow_api.py for tasks to queue
[2026-04-21T00:37:42.326+0000] {logging_mixin.py:188} INFO - [2026-04-21T00:37:42.325+0000] {dagbag.py:538} INFO - Filling up the DagBag from /home/airflow/.local/lib/python3.8/site-packages/airflow/example_dags/tutorial_taskflow_api.py
[2026-04-21T00:37:42.334+0000] {processor.py:840} INFO - DAG(s) 'tutorial_taskflow_api' retrieved from /home/airflow/.local/lib/python3.8/site-packages/airflow/example_dags/tutorial_taskflow_api.py
[2026-04-21T00:37:42.362+0000] {logging_mixin.py:188} INFO - [2026-04-21T00:37:42.362+0000] {dag.py:3036} INFO - Sync 1 DAGs
[2026-04-21T00:37:42.379+0000] {logging_mixin.py:188} INFO - [2026-04-21T00:37:42.378+0000] {dag.py:3823} INFO - Setting next_dagrun for tutorial_taskflow_api to None, run_after=None
[2026-04-21T00:37:42.401+0000] {processor.py:183} INFO - Processing /home/airflow/.local/lib/python3.8/site-packages/airflow/example_dags/tutorial_taskflow_api.py took 0.085 seconds
[2026-04-21T00:38:12.497+0000] {processor.py:161} INFO - Started process (PID=3705905) to work on /home/airflow/.local/lib/python3.8/site-packages/airflow/example_dags/tutorial_taskflow_api.py
[2026-04-21T00:38:12.499+0000] {processor.py:830} INFO - Processing file /home/airflow/.local/lib/python3.8/site-packages/airflow/example_dags/tutorial_taskflow_api.py for tasks to queue
[2026-04-21T00:38:12.501+0000] {logging_mixin.py:188} INFO - [2026-04-21T00:38:12.501+0000] {dagbag.py:538} INFO - Filling up the DagBag from /home/airflow/.local/lib/python3.8/site-packages/airflow/example_dags/tutorial_taskflow_api.py
[2026-04-21T00:38:12.509+0000] {processor.py:840} INFO - DAG(s) 'tutorial_taskflow_api' retrieved from /home/airflow/.local/lib/python3.8/site-packages/airflow/example_dags/tutorial_taskflow_api.py
[2026-04-21T00:38:12.535+0000] {logging_mixin.py:188} INFO - [2026-04-21T00:38:12.535+0000] {dag.py:3036} INFO - Sync 1 DAGs
[2026-04-21T00:38:12.549+0000] {logging_mixin.py:188} INFO - [2026-04-21T00:38:12.549+0000] {dag.py:3823} INFO - Setting next_dagrun for tutorial_taskflow_api to None, run_after=None
[2026-04-21T00:38:12.569+0000] {processor.py:183} INFO - Processing /home/airflow/.local/lib/python3.8/site-packages/airflow/example_dags/tutorial_taskflow_api.py took 0.077 seconds
[2026-04-21T00:38:42.965+0000] {processor.py:161} INFO - Started process (PID=3705962) to work on /home/airflow/.local/lib/python3.8/site-packages/airflow/example_dags/tutorial_taskflow_api.py
[2026-04-21T00:38:42.967+0000] {processor.py:830} INFO - Processing file /home/airflow/.local/lib/python3.8/site-packages/airflow/example_dags/tutorial_taskflow_api.py for tasks to queue
[2026-04-21T00:38:42.971+0000] {logging_mixin.py:188} INFO - [2026-04-21T00:38:42.970+0000] {dagbag.py:538} INFO - Filling up the DagBag from /home/airflow/.local/lib/python3.8/site-packages/airflow/example_dags/tutorial_taskflow_api.py
[2026-04-21T00:38:42.983+0000] {processor.py:840} INFO - DAG(s) 'tutorial_taskflow_api' retrieved from /home/airflow/.local/lib/python3.8/site-packages/airflow/example_dags/tutorial_taskflow_api.py
[2026-04-21T00:38:43.018+0000] {logging_mixin.py:188} INFO - [2026-04-21T00:38:43.017+0000] {dag.py:3036} INFO - Sync 1 DAGs
[2026-04-21T00:38:43.040+0000] {logging_mixin.py:188} INFO - [2026-04-21T00:38:43.039+0000] {dag.py:3823} INFO - Setting next_dagrun for tutorial_taskflow_api to None, run_after=None
[2026-04-21T00:38:43.070+0000] {processor.py:183} INFO - Processing /home/airflow/.local/lib/python3.8/site-packages/airflow/example_dags/tutorial_taskflow_api.py took 0.112 seconds
[2026-04-21T00:39:13.228+0000] {processor.py:161} INFO - Started process (PID=3706019) to work on /home/airflow/.local/lib/python3.8/site-packages/airflow/example_dags/tutorial_taskflow_api.py
[2026-04-21T00:39:13.230+0000] {processor.py:830} INFO - Processing file /home/airflow/.local/lib/python3.8/site-packages/airflow/example_dags/tutorial_taskflow_api.py for tasks to queue
[2026-04-21T00:39:13.232+0000] {logging_mixin.py:188} INFO - [2026-04-21T00:39:13.232+0000] {dagbag.py:538} INFO - Filling up the DagBag from /home/airflow/.local/lib/python3.8/site-packages/airflow/example_dags/tutorial_taskflow_api.py
[2026-04-21T00:39:13.241+0000] {processor.py:840} INFO - DAG(s) 'tutorial_taskflow_api' retrieved from /home/airflow/.local/lib/python3.8/site-packages/airflow/example_dags/tutorial_taskflow_api.py
[2026-04-21T00:39:13.266+0000] {logging_mixin.py:188} INFO - [2026-04-21T00:39:13.266+0000] {dag.py:3036} INFO - Sync 1 DAGs
[2026-04-21T00:39:13.281+0000] {logging_mixin.py:188} INFO - [2026-04-21T00:39:13.281+0000] {dag.py:3823} INFO - Setting next_dagrun for tutorial_taskflow_api to None, run_after=None
[2026-04-21T00:39:13.301+0000] {processor.py:183} INFO - Processing /home/airflow/.local/lib/python3.8/site-packages/airflow/example_dags/tutorial_taskflow_api.py took 0.078 seconds
[2026-04-21T00:39:43.376+0000] {processor.py:161} INFO - Started process (PID=3706076) to work on /home/airflow/.local/lib/python3.8/site-packages/airflow/example_dags/tutorial_taskflow_api.py
[2026-04-21T00:39:43.378+0000] {processor.py:830} INFO - Processing file /home/airflow/.local/lib/python3.8/site-packages/airflow/example_dags/tutorial_taskflow_api.py for tasks to queue
[2026-04-21T00:39:43.380+0000] {logging_mixin.py:188} INFO - [2026-04-21T00:39:43.380+0000] {dagbag.py:538} INFO - Filling up the DagBag from /home/airflow/.local/lib/python3.8/site-packages/airflow/example_dags/tutorial_taskflow_api.py
[2026-04-21T00:39:43.389+0000] {processor.py:840} INFO - DAG(s) 'tutorial_taskflow_api' retrieved from /home/airflow/.local/lib/python3.8/site-packages/airflow/example_dags/tutorial_taskflow_api.py
[2026-04-21T00:39:43.414+0000] {logging_mixin.py:188} INFO - [2026-04-21T00:39:43.413+0000] {dag.py:3036} INFO - Sync 1 DAGs
[2026-04-21T00:39:43.428+0000] {logging_mixin.py:188} INFO - [2026-04-21T00:39:43.428+0000] {dag.py:3823} INFO - Setting next_dagrun for tutorial_taskflow_api to None, run_after=None
[2026-04-21T00:39:43.449+0000] {processor.py:183} INFO - Processing /home/airflow/.local/lib/python3.8/site-packages/airflow/example_dags/tutorial_taskflow_api.py took 0.078 seconds
[2026-04-21T00:40:13.644+0000] {processor.py:161} INFO - Started process (PID=3706133) to work on /home/airflow/.local/lib/python3.8/site-packages/airflow/example_dags/tutorial_taskflow_api.py
[2026-04-21T00:40:13.646+0000] {processor.py:830} INFO - Processing file /home/airflow/.local/lib/python3.8/site-packages/airflow/example_dags/tutorial_taskflow_api.py for tasks to queue
[2026-04-21T00:40:13.648+0000] {logging_mixin.py:188} INFO - [2026-04-21T00:40:13.648+0000] {dagbag.py:538} INFO - Filling up the DagBag from /home/airflow/.local/lib/python3.8/site-packages/airflow/example_dags/tutorial_taskflow_api.py
[2026-04-21T00:40:13.657+0000] {processor.py:840} INFO - DAG(s) 'tutorial_taskflow_api' retrieved from /home/airflow/.local/lib/python3.8/site-packages/airflow/example_dags/tutorial_taskflow_api.py
[2026-04-21T00:40:13.683+0000] {logging_mixin.py:188} INFO - [2026-04-21T00:40:13.683+0000] {dag.py:3036} INFO - Sync 1 DAGs
[2026-04-21T00:40:13.698+0000] {logging_mixin.py:188} INFO - [2026-04-21T00:40:13.698+0000] {dag.py:3823} INFO - Setting next_dagrun for tutorial_taskflow_api to None, run_after=None
[2026-04-21T00:40:13.718+0000] {processor.py:183} INFO - Processing /home/airflow/.local/lib/python3.8/site-packages/airflow/example_dags/tutorial_taskflow_api.py took 0.078 seconds
[2026-04-21T00:40:44.173+0000] {processor.py:161} INFO - Started process (PID=3706190) to work on /home/airflow/.local/lib/python3.8/site-packages/airflow/example_dags/tutorial_taskflow_api.py
[2026-04-21T00:40:44.174+0000] {processor.py:830} INFO - Processing file /home/airflow/.local/lib/python3.8/site-packages/airflow/example_dags/tutorial_taskflow_api.py for tasks to queue
[2026-04-21T00:40:44.178+0000] {logging_mixin.py:188} INFO - [2026-04-21T00:40:44.177+0000] {dagbag.py:538} INFO - Filling up the DagBag from /home/airflow/.local/lib/python3.8/site-packages/airflow/example_dags/tutorial_taskflow_api.py
[2026-04-21T00:40:44.189+0000] {processor.py:840} INFO - DAG(s) 'tutorial_taskflow_api' retrieved from /home/airflow/.local/lib/python3.8/site-packages/airflow/example_dags/tutorial_taskflow_api.py
[2026-04-21T00:40:44.222+0000] {logging_mixin.py:188} INFO - [2026-04-21T00:40:44.222+0000] {dag.py:3036} INFO - Sync 1 DAGs
[2026-04-21T00:40:44.245+0000] {logging_mixin.py:188} INFO - [2026-04-21T00:40:44.244+0000] {dag.py:3823} INFO - Setting next_dagrun for tutorial_taskflow_api to None, run_after=None
[2026-04-21T00:40:44.268+0000] {processor.py:183} INFO - Processing /home/airflow/.local/lib/python3.8/site-packages/airflow/example_dags/tutorial_taskflow_api.py took 0.101 seconds
[2026-04-21T00:41:14.496+0000] {processor.py:161} INFO - Started process (PID=3706247) to work on /home/airflow/.local/lib/python3.8/site-packages/airflow/example_dags/tutorial_taskflow_api.py
[2026-04-21T00:41:14.498+0000] {processor.py:830} INFO - Processing file /home/airflow/.local/lib/python3.8/site-packages/airflow/example_dags/tutorial_taskflow_api.py for tasks to queue
[2026-04-21T00:41:14.500+0000] {logging_mixin.py:188} INFO - [2026-04-21T00:41:14.500+0000] {dagbag.py:538} INFO - Filling up the DagBag from /home/airflow/.local/lib/python3.8/site-packages/airflow/example_dags/tutorial_taskflow_api.py
[2026-04-21T00:41:14.508+0000] {processor.py:840} INFO - DAG(s) 'tutorial_taskflow_api' retrieved from /home/airflow/.local/lib/python3.8/site-packages/airflow/example_dags/tutorial_taskflow_api.py
[2026-04-21T00:41:14.533+0000] {logging_mixin.py:188} INFO - [2026-04-21T00:41:14.532+0000] {dag.py:3036} INFO - Sync 1 DAGs
[2026-04-21T00:41:14.547+0000] {logging_mixin.py:188} INFO - [2026-04-21T00:41:14.547+0000] {dag.py:3823} INFO - Setting next_dagrun for tutorial_taskflow_api to None, run_after=None
[2026-04-21T00:41:14.567+0000] {processor.py:183} INFO - Processing /home/airflow/.local/lib/python3.8/site-packages/airflow/example_dags/tutorial_taskflow_api.py took 0.076 seconds
[2026-04-21T00:41:44.599+0000] {processor.py:161} INFO - Started process (PID=3706303) to work on /home/airflow/.local/lib/python3.8/site-packages/airflow/example_dags/tutorial_taskflow_api.py
[2026-04-21T00:41:44.600+0000] {processor.py:830} INFO - Processing file /home/airflow/.local/lib/python3.8/site-packages/airflow/example_dags/tutorial_taskflow_api.py for tasks to queue
[2026-04-21T00:41:44.602+0000] {logging_mixin.py:188} INFO - [2026-04-21T00:41:44.602+0000] {dagbag.py:538} INFO - Filling up the DagBag from /home/airflow/.local/lib/python3.8/site-packages/airflow/example_dags/tutorial_taskflow_api.py
[2026-04-21T00:41:44.611+0000] {processor.py:840} INFO - DAG(s) 'tutorial_taskflow_api' retrieved from /home/airflow/.local/lib/python3.8/site-packages/airflow/example_dags/tutorial_taskflow_api.py
[2026-04-21T00:41:44.638+0000] {logging_mixin.py:188} INFO - [2026-04-21T00:41:44.638+0000] {dag.py:3036} INFO - Sync 1 DAGs
[2026-04-21T00:41:44.653+0000] {logging_mixin.py:188} INFO - [2026-04-21T00:41:44.653+0000] {dag.py:3823} INFO - Setting next_dagrun for tutorial_taskflow_api to None, run_after=None
[2026-04-21T00:41:44.675+0000] {processor.py:183} INFO - Processing /home/airflow/.local/lib/python3.8/site-packages/airflow/example_dags/tutorial_taskflow_api.py took 0.081 seconds
[2026-04-21T00:42:14.968+0000] {processor.py:161} INFO - Started process (PID=3706361) to work on /home/airflow/.local/lib/python3.8/site-packages/airflow/example_dags/tutorial_taskflow_api.py
[2026-04-21T00:42:14.970+0000] {processor.py:830} INFO - Processing file /home/airflow/.local/lib/python3.8/site-packages/airflow/example_dags/tutorial_taskflow_api.py for tasks to queue
[2026-04-21T00:42:14.973+0000] {logging_mixin.py:188} INFO - [2026-04-21T00:42:14.972+0000] {dagbag.py:538} INFO - Filling up the DagBag from /home/airflow/.local/lib/python3.8/site-packages/airflow/example_dags/tutorial_taskflow_api.py
[2026-04-21T00:42:14.981+0000] {processor.py:840} INFO - DAG(s) 'tutorial_taskflow_api' retrieved from /home/airflow/.local/lib/python3.8/site-packages/airflow/example_dags/tutorial_taskflow_api.py
[2026-04-21T00:42:15.006+0000] {logging_mixin.py:188} INFO - [2026-04-21T00:42:15.006+0000] {dag.py:3036} INFO - Sync 1 DAGs
[2026-04-21T00:42:15.020+0000] {logging_mixin.py:188} INFO - [2026-04-21T00:42:15.020+0000] {dag.py:3823} INFO - Setting next_dagrun for tutorial_taskflow_api to None, run_after=None
[2026-04-21T00:42:15.040+0000] {processor.py:183} INFO - Processing /home/airflow/.local/lib/python3.8/site-packages/airflow/example_dags/tutorial_taskflow_api.py took 0.077 seconds
[2026-04-21T00:42:45.145+0000] {processor.py:161} INFO - Started process (PID=3706418) to work on /home/airflow/.local/lib/python3.8/site-packages/airflow/example_dags/tutorial_taskflow_api.py
[2026-04-21T00:42:45.146+0000] {processor.py:830} INFO - Processing file /home/airflow/.local/lib/python3.8/site-packages/airflow/example_dags/tutorial_taskflow_api.py for tasks to queue
[2026-04-21T00:42:45.149+0000] {logging_mixin.py:188} INFO - [2026-04-21T00:42:45.148+0000] {dagbag.py:538} INFO - Filling up the DagBag from /home/airflow/.local/lib/python3.8/site-packages/airflow/example_dags/tutorial_taskflow_api.py
[2026-04-21T00:42:45.157+0000] {processor.py:840} INFO - DAG(s) 'tutorial_taskflow_api' retrieved from /home/airflow/.local/lib/python3.8/site-packages/airflow/example_dags/tutorial_taskflow_api.py
[2026-04-21T00:42:45.182+0000] {logging_mixin.py:188} INFO - [2026-04-21T00:42:45.182+0000] {dag.py:3036} INFO - Sync 1 DAGs
[2026-04-21T00:42:45.196+0000] {logging_mixin.py:188} INFO - [2026-04-21T00:42:45.196+0000] {dag.py:3823} INFO - Setting next_dagrun for tutorial_taskflow_api to None, run_after=None
[2026-04-21T00:42:45.215+0000] {processor.py:183} INFO - Processing /home/airflow/.local/lib/python3.8/site-packages/airflow/example_dags/tutorial_taskflow_api.py took 0.075 seconds
[2026-04-21T00:43:15.998+0000] {processor.py:161} INFO - Started process (PID=3706473) to work on /home/airflow/.local/lib/python3.8/site-packages/airflow/example_dags/tutorial_taskflow_api.py
[2026-04-21T00:43:16.000+0000] {processor.py:830} INFO - Processing file /home/airflow/.local/lib/python3.8/site-packages/airflow/example_dags/tutorial_taskflow_api.py for tasks to queue
[2026-04-21T00:43:16.002+0000] {logging_mixin.py:188} INFO - [2026-04-21T00:43:16.002+0000] {dagbag.py:538} INFO - Filling up the DagBag from /home/airflow/.local/lib/python3.8/site-packages/airflow/example_dags/tutorial_taskflow_api.py
[2026-04-21T00:43:16.011+0000] {processor.py:840} INFO - DAG(s) 'tutorial_taskflow_api' retrieved from /home/airflow/.local/lib/python3.8/site-packages/airflow/example_dags/tutorial_taskflow_api.py
[2026-04-21T00:43:16.035+0000] {logging_mixin.py:188} INFO - [2026-04-21T00:43:16.035+0000] {dag.py:3036} INFO - Sync 1 DAGs
[2026-04-21T00:43:16.049+0000] {logging_mixin.py:188} INFO - [2026-04-21T00:43:16.049+0000] {dag.py:3823} INFO - Setting next_dagrun for tutorial_taskflow_api to None, run_after=None
[2026-04-21T00:43:16.069+0000] {processor.py:183} INFO - Processing /home/airflow/.local/lib/python3.8/site-packages/airflow/example_dags/tutorial_taskflow_api.py took 0.076 seconds
[2026-04-21T00:43:46.167+0000] {processor.py:161} INFO - Started process (PID=3706528) to work on /home/airflow/.local/lib/python3.8/site-packages/airflow/example_dags/tutorial_taskflow_api.py
[2026-04-21T00:43:46.168+0000] {processor.py:830} INFO - Processing file /home/airflow/.local/lib/python3.8/site-packages/airflow/example_dags/tutorial_taskflow_api.py for tasks to queue
[2026-04-21T00:43:46.171+0000] {logging_mixin.py:188} INFO - [2026-04-21T00:43:46.170+0000] {dagbag.py:538} INFO - Filling up the DagBag from /home/airflow/.local/lib/python3.8/site-packages/airflow/example_dags/tutorial_taskflow_api.py
[2026-04-21T00:43:46.179+0000] {processor.py:840} INFO - DAG(s) 'tutorial_taskflow_api' retrieved from /home/airflow/.local/lib/python3.8/site-packages/airflow/example_dags/tutorial_taskflow_api.py
[2026-04-21T00:43:46.203+0000] {logging_mixin.py:188} INFO - [2026-04-21T00:43:46.203+0000] {dag.py:3036} INFO - Sync 1 DAGs
[2026-04-21T00:43:46.217+0000] {logging_mixin.py:188} INFO - [2026-04-21T00:43:46.217+0000] {dag.py:3823} INFO - Setting next_dagrun for tutorial_taskflow_api to None, run_after=None
[2026-04-21T00:43:46.237+0000] {processor.py:183} INFO - Processing /home/airflow/.local/lib/python3.8/site-packages/airflow/example_dags/tutorial_taskflow_api.py took 0.075 seconds
[2026-04-21T00:44:16.692+0000] {processor.py:161} INFO - Started process (PID=3706585) to work on /home/airflow/.local/lib/python3.8/site-packages/airflow/example_dags/tutorial_taskflow_api.py
[2026-04-21T00:44:16.694+0000] {processor.py:830} INFO - Processing file /home/airflow/.local/lib/python3.8/site-packages/airflow/example_dags/tutorial_taskflow_api.py for tasks to queue
[2026-04-21T00:44:16.697+0000] {logging_mixin.py:188} INFO - [2026-04-21T00:44:16.696+0000] {dagbag.py:538} INFO - Filling up the DagBag from /home/airflow/.local/lib/python3.8/site-packages/airflow/example_dags/tutorial_taskflow_api.py
[2026-04-21T00:44:16.705+0000] {processor.py:840} INFO - DAG(s) 'tutorial_taskflow_api' retrieved from /home/airflow/.local/lib/python3.8/site-packages/airflow/example_dags/tutorial_taskflow_api.py
[2026-04-21T00:44:16.730+0000] {logging_mixin.py:188} INFO - [2026-04-21T00:44:16.729+0000] {dag.py:3036} INFO - Sync 1 DAGs
[2026-04-21T00:44:16.744+0000] {logging_mixin.py:188} INFO - [2026-04-21T00:44:16.743+0000] {dag.py:3823} INFO - Setting next_dagrun for tutorial_taskflow_api to None, run_after=None
[2026-04-21T00:44:16.763+0000] {processor.py:183} INFO - Processing /home/airflow/.local/lib/python3.8/site-packages/airflow/example_dags/tutorial_taskflow_api.py took 0.075 seconds
[2026-04-21T00:44:47.074+0000] {processor.py:161} INFO - Started process (PID=3706642) to work on /home/airflow/.local/lib/python3.8/site-packages/airflow/example_dags/tutorial_taskflow_api.py
[2026-04-21T00:44:47.075+0000] {processor.py:830} INFO - Processing file /home/airflow/.local/lib/python3.8/site-packages/airflow/example_dags/tutorial_taskflow_api.py for tasks to queue
[2026-04-21T00:44:47.079+0000] {logging_mixin.py:188} INFO - [2026-04-21T00:44:47.078+0000] {dagbag.py:538} INFO - Filling up the DagBag from /home/airflow/.local/lib/python3.8/site-packages/airflow/example_dags/tutorial_taskflow_api.py
[2026-04-21T00:44:47.090+0000] {processor.py:840} INFO - DAG(s) 'tutorial_taskflow_api' retrieved from /home/airflow/.local/lib/python3.8/site-packages/airflow/example_dags/tutorial_taskflow_api.py
[2026-04-21T00:44:47.113+0000] {logging_mixin.py:188} INFO - [2026-04-21T00:44:47.113+0000] {dag.py:3036} INFO - Sync 1 DAGs
[2026-04-21T00:44:47.127+0000] {logging_mixin.py:188} INFO - [2026-04-21T00:44:47.126+0000] {dag.py:3823} INFO - Setting next_dagrun for tutorial_taskflow_api to None, run_after=None
[2026-04-21T00:44:47.146+0000] {processor.py:183} INFO - Processing /home/airflow/.local/lib/python3.8/site-packages/airflow/example_dags/tutorial_taskflow_api.py took 0.078 seconds
[2026-04-21T00:45:17.470+0000] {processor.py:161} INFO - Started process (PID=3706699) to work on /home/airflow/.local/lib/python3.8/site-packages/airflow/example_dags/tutorial_taskflow_api.py
[2026-04-21T00:45:17.472+0000] {processor.py:830} INFO - Processing file /home/airflow/.local/lib/python3.8/site-packages/airflow/example_dags/tutorial_taskflow_api.py for tasks to queue
[2026-04-21T00:45:17.475+0000] {logging_mixin.py:188} INFO - [2026-04-21T00:45:17.474+0000] {dagbag.py:538} INFO - Filling up the DagBag from /home/airflow/.local/lib/python3.8/site-packages/airflow/example_dags/tutorial_taskflow_api.py
[2026-04-21T00:45:17.485+0000] {processor.py:840} INFO - DAG(s) 'tutorial_taskflow_api' retrieved from /home/airflow/.local/lib/python3.8/site-packages/airflow/example_dags/tutorial_taskflow_api.py
[2026-04-21T00:45:17.513+0000] {logging_mixin.py:188} INFO - [2026-04-21T00:45:17.512+0000] {dag.py:3036} INFO - Sync 1 DAGs
[2026-04-21T00:45:17.527+0000] {logging_mixin.py:188} INFO - [2026-04-21T00:45:17.527+0000] {dag.py:3823} INFO - Setting next_dagrun for tutorial_taskflow_api to None, run_after=None
[2026-04-21T00:45:17.547+0000] {processor.py:183} INFO - Processing /home/airflow/.local/lib/python3.8/site-packages/airflow/example_dags/tutorial_taskflow_api.py took 0.083 seconds
[2026-04-21T00:45:47.727+0000] {processor.py:161} INFO - Started process (PID=3706756) to work on /home/airflow/.local/lib/python3.8/site-packages/airflow/example_dags/tutorial_taskflow_api.py
[2026-04-21T00:45:47.728+0000] {processor.py:830} INFO - Processing file /home/airflow/.local/lib/python3.8/site-packages/airflow/example_dags/tutorial_taskflow_api.py for tasks to queue
[2026-04-21T00:45:47.731+0000] {logging_mixin.py:188} INFO - [2026-04-21T00:45:47.730+0000] {dagbag.py:538} INFO - Filling up the DagBag from /home/airflow/.local/lib/python3.8/site-packages/airflow/example_dags/tutorial_taskflow_api.py
[2026-04-21T00:45:47.739+0000] {processor.py:840} INFO - DAG(s) 'tutorial_taskflow_api' retrieved from /home/airflow/.local/lib/python3.8/site-packages/airflow/example_dags/tutorial_taskflow_api.py
[2026-04-21T00:45:47.764+0000] {logging_mixin.py:188} INFO - [2026-04-21T00:45:47.764+0000] {dag.py:3036} INFO - Sync 1 DAGs
[2026-04-21T00:45:47.778+0000] {logging_mixin.py:188} INFO - [2026-04-21T00:45:47.778+0000] {dag.py:3823} INFO - Setting next_dagrun for tutorial_taskflow_api to None, run_after=None
[2026-04-21T00:45:47.797+0000] {processor.py:183} INFO - Processing /home/airflow/.local/lib/python3.8/site-packages/airflow/example_dags/tutorial_taskflow_api.py took 0.075 seconds
[2026-04-21T00:46:17.889+0000] {processor.py:161} INFO - Started process (PID=3706813) to work on /home/airflow/.local/lib/python3.8/site-packages/airflow/example_dags/tutorial_taskflow_api.py
[2026-04-21T00:46:17.891+0000] {processor.py:830} INFO - Processing file /home/airflow/.local/lib/python3.8/site-packages/airflow/example_dags/tutorial_taskflow_api.py for tasks to queue
[2026-04-21T00:46:17.893+0000] {logging_mixin.py:188} INFO - [2026-04-21T00:46:17.892+0000] {dagbag.py:538} INFO - Filling up the DagBag from /home/airflow/.local/lib/python3.8/site-packages/airflow/example_dags/tutorial_taskflow_api.py
[2026-04-21T00:46:17.901+0000] {processor.py:840} INFO - DAG(s) 'tutorial_taskflow_api' retrieved from /home/airflow/.local/lib/python3.8/site-packages/airflow/example_dags/tutorial_taskflow_api.py
[2026-04-21T00:46:17.926+0000] {logging_mixin.py:188} INFO - [2026-04-21T00:46:17.925+0000] {dag.py:3036} INFO - Sync 1 DAGs
[2026-04-21T00:46:17.940+0000] {logging_mixin.py:188} INFO - [2026-04-21T00:46:17.939+0000] {dag.py:3823} INFO - Setting next_dagrun for tutorial_taskflow_api to None, run_after=None
[2026-04-21T00:46:17.959+0000] {processor.py:183} INFO - Processing /home/airflow/.local/lib/python3.8/site-packages/airflow/example_dags/tutorial_taskflow_api.py took 0.075 seconds
[2026-04-21T00:46:48.306+0000] {processor.py:161} INFO - Started process (PID=3706870) to work on /home/airflow/.local/lib/python3.8/site-packages/airflow/example_dags/tutorial_taskflow_api.py
[2026-04-21T00:46:48.308+0000] {processor.py:830} INFO - Processing file /home/airflow/.local/lib/python3.8/site-packages/airflow/example_dags/tutorial_taskflow_api.py for tasks to queue
[2026-04-21T00:46:48.310+0000] {logging_mixin.py:188} INFO - [2026-04-21T00:46:48.310+0000] {dagbag.py:538} INFO - Filling up the DagBag from /home/airflow/.local/lib/python3.8/site-packages/airflow/example_dags/tutorial_taskflow_api.py
[2026-04-21T00:46:48.319+0000] {processor.py:840} INFO - DAG(s) 'tutorial_taskflow_api' retrieved from /home/airflow/.local/lib/python3.8/site-packages/airflow/example_dags/tutorial_taskflow_api.py
[2026-04-21T00:46:48.344+0000] {logging_mixin.py:188} INFO - [2026-04-21T00:46:48.344+0000] {dag.py:3036} INFO - Sync 1 DAGs
[2026-04-21T00:46:48.358+0000] {logging_mixin.py:188} INFO - [2026-04-21T00:46:48.358+0000] {dag.py:3823} INFO - Setting next_dagrun for tutorial_taskflow_api to None, run_after=None
[2026-04-21T00:46:48.377+0000] {processor.py:183} INFO - Processing /home/airflow/.local/lib/python3.8/site-packages/airflow/example_dags/tutorial_taskflow_api.py took 0.076 seconds
[2026-04-21T00:47:18.426+0000] {processor.py:161} INFO - Started process (PID=3706926) to work on /home/airflow/.local/lib/python3.8/site-packages/airflow/example_dags/tutorial_taskflow_api.py
[2026-04-21T00:47:18.427+0000] {processor.py:830} INFO - Processing file /home/airflow/.local/lib/python3.8/site-packages/airflow/example_dags/tutorial_taskflow_api.py for tasks to queue
[2026-04-21T00:47:18.430+0000] {logging_mixin.py:188} INFO - [2026-04-21T00:47:18.429+0000] {dagbag.py:538} INFO - Filling up the DagBag from /home/airflow/.local/lib/python3.8/site-packages/airflow/example_dags/tutorial_taskflow_api.py
[2026-04-21T00:47:18.438+0000] {processor.py:840} INFO - DAG(s) 'tutorial_taskflow_api' retrieved from /home/airflow/.local/lib/python3.8/site-packages/airflow/example_dags/tutorial_taskflow_api.py
[2026-04-21T00:47:18.462+0000] {logging_mixin.py:188} INFO - [2026-04-21T00:47:18.462+0000] {dag.py:3036} INFO - Sync 1 DAGs
[2026-04-21T00:47:18.475+0000] {logging_mixin.py:188} INFO - [2026-04-21T00:47:18.475+0000] {dag.py:3823} INFO - Setting next_dagrun for tutorial_taskflow_api to None, run_after=None
[2026-04-21T00:47:18.494+0000] {processor.py:183} INFO - Processing /home/airflow/.local/lib/python3.8/site-packages/airflow/example_dags/tutorial_taskflow_api.py took 0.073 seconds
[2026-04-21T00:47:48.571+0000] {processor.py:161} INFO - Started process (PID=3706982) to work on /home/airflow/.local/lib/python3.8/site-packages/airflow/example_dags/tutorial_taskflow_api.py
[2026-04-21T00:47:48.572+0000] {processor.py:830} INFO - Processing file /home/airflow/.local/lib/python3.8/site-packages/airflow/example_dags/tutorial_taskflow_api.py for tasks to queue
[2026-04-21T00:47:48.574+0000] {logging_mixin.py:188} INFO - [2026-04-21T00:47:48.574+0000] {dagbag.py:538} INFO - Filling up the DagBag from /home/airflow/.local/lib/python3.8/site-packages/airflow/example_dags/tutorial_taskflow_api.py
[2026-04-21T00:47:48.583+0000] {processor.py:840} INFO - DAG(s) 'tutorial_taskflow_api' retrieved from /home/airflow/.local/lib/python3.8/site-packages/airflow/example_dags/tutorial_taskflow_api.py
[2026-04-21T00:47:48.607+0000] {logging_mixin.py:188} INFO - [2026-04-21T00:47:48.607+0000] {dag.py:3036} INFO - Sync 1 DAGs
[2026-04-21T00:47:48.621+0000] {logging_mixin.py:188} INFO - [2026-04-21T00:47:48.621+0000] {dag.py:3823} INFO - Setting next_dagrun for tutorial_taskflow_api to None, run_after=None
[2026-04-21T00:47:48.640+0000] {processor.py:183} INFO - Processing /home/airflow/.local/lib/python3.8/site-packages/airflow/example_dags/tutorial_taskflow_api.py took 0.074 seconds
[2026-04-21T00:48:18.825+0000] {processor.py:161} INFO - Started process (PID=3707040) to work on /home/airflow/.local/lib/python3.8/site-packages/airflow/example_dags/tutorial_taskflow_api.py
[2026-04-21T00:48:18.827+0000] {processor.py:830} INFO - Processing file /home/airflow/.local/lib/python3.8/site-packages/airflow/example_dags/tutorial_taskflow_api.py for tasks to queue
[2026-04-21T00:48:18.830+0000] {logging_mixin.py:188} INFO - [2026-04-21T00:48:18.829+0000] {dagbag.py:538} INFO - Filling up the DagBag from /home/airflow/.local/lib/python3.8/site-packages/airflow/example_dags/tutorial_taskflow_api.py
[2026-04-21T00:48:18.838+0000] {processor.py:840} INFO - DAG(s) 'tutorial_taskflow_api' retrieved from /home/airflow/.local/lib/python3.8/site-packages/airflow/example_dags/tutorial_taskflow_api.py
[2026-04-21T00:48:18.863+0000] {logging_mixin.py:188} INFO - [2026-04-21T00:48:18.863+0000] {dag.py:3036} INFO - Sync 1 DAGs
[2026-04-21T00:48:18.877+0000] {logging_mixin.py:188} INFO - [2026-04-21T00:48:18.877+0000] {dag.py:3823} INFO - Setting next_dagrun for tutorial_taskflow_api to None, run_after=None
[2026-04-21T00:48:18.896+0000] {processor.py:183} INFO - Processing /home/airflow/.local/lib/python3.8/site-packages/airflow/example_dags/tutorial_taskflow_api.py took 0.075 seconds
[2026-04-21T00:48:49.149+0000] {processor.py:161} INFO - Started process (PID=3707097) to work on /home/airflow/.local/lib/python3.8/site-packages/airflow/example_dags/tutorial_taskflow_api.py
[2026-04-21T00:48:49.151+0000] {processor.py:830} INFO - Processing file /home/airflow/.local/lib/python3.8/site-packages/airflow/example_dags/tutorial_taskflow_api.py for tasks to queue
[2026-04-21T00:48:49.153+0000] {logging_mixin.py:188} INFO - [2026-04-21T00:48:49.153+0000] {dagbag.py:538} INFO - Filling up the DagBag from /home/airflow/.local/lib/python3.8/site-packages/airflow/example_dags/tutorial_taskflow_api.py
[2026-04-21T00:48:49.162+0000] {processor.py:840} INFO - DAG(s) 'tutorial_taskflow_api' retrieved from /home/airflow/.local/lib/python3.8/site-packages/airflow/example_dags/tutorial_taskflow_api.py
[2026-04-21T00:48:49.189+0000] {logging_mixin.py:188} INFO - [2026-04-21T00:48:49.189+0000] {dag.py:3036} INFO - Sync 1 DAGs
[2026-04-21T00:48:49.207+0000] {logging_mixin.py:188} INFO - [2026-04-21T00:48:49.206+0000] {dag.py:3823} INFO - Setting next_dagrun for tutorial_taskflow_api to None, run_after=None
[2026-04-21T00:48:49.227+0000] {processor.py:183} INFO - Processing /home/airflow/.local/lib/python3.8/site-packages/airflow/example_dags/tutorial_taskflow_api.py took 0.083 seconds
[2026-04-21T00:49:19.294+0000] {processor.py:161} INFO - Started process (PID=3707154) to work on /home/airflow/.local/lib/python3.8/site-packages/airflow/example_dags/tutorial_taskflow_api.py
[2026-04-21T00:49:19.296+0000] {processor.py:830} INFO - Processing file /home/airflow/.local/lib/python3.8/site-packages/airflow/example_dags/tutorial_taskflow_api.py for tasks to queue
[2026-04-21T00:49:19.298+0000] {logging_mixin.py:188} INFO - [2026-04-21T00:49:19.298+0000] {dagbag.py:538} INFO - Filling up the DagBag from /home/airflow/.local/lib/python3.8/site-packages/airflow/example_dags/tutorial_taskflow_api.py
[2026-04-21T00:49:19.306+0000] {processor.py:840} INFO - DAG(s) 'tutorial_taskflow_api' retrieved from /home/airflow/.local/lib/python3.8/site-packages/airflow/example_dags/tutorial_taskflow_api.py
[2026-04-21T00:49:19.331+0000] {logging_mixin.py:188} INFO - [2026-04-21T00:49:19.331+0000] {dag.py:3036} INFO - Sync 1 DAGs
[2026-04-21T00:49:19.345+0000] {logging_mixin.py:188} INFO - [2026-04-21T00:49:19.345+0000] {dag.py:3823} INFO - Setting next_dagrun for tutorial_taskflow_api to None, run_after=None
[2026-04-21T00:49:19.365+0000] {processor.py:183} INFO - Processing /home/airflow/.local/lib/python3.8/site-packages/airflow/example_dags/tutorial_taskflow_api.py took 0.075 seconds
[2026-04-21T00:49:49.748+0000] {processor.py:161} INFO - Started process (PID=3707211) to work on /home/airflow/.local/lib/python3.8/site-packages/airflow/example_dags/tutorial_taskflow_api.py
[2026-04-21T00:49:49.750+0000] {processor.py:830} INFO - Processing file /home/airflow/.local/lib/python3.8/site-packages/airflow/example_dags/tutorial_taskflow_api.py for tasks to queue
[2026-04-21T00:49:49.753+0000] {logging_mixin.py:188} INFO - [2026-04-21T00:49:49.752+0000] {dagbag.py:538} INFO - Filling up the DagBag from /home/airflow/.local/lib/python3.8/site-packages/airflow/example_dags/tutorial_taskflow_api.py
[2026-04-21T00:49:49.764+0000] {processor.py:840} INFO - DAG(s) 'tutorial_taskflow_api' retrieved from /home/airflow/.local/lib/python3.8/site-packages/airflow/example_dags/tutorial_taskflow_api.py
[2026-04-21T00:49:49.790+0000] {logging_mixin.py:188} INFO - [2026-04-21T00:49:49.789+0000] {dag.py:3036} INFO - Sync 1 DAGs
[2026-04-21T00:49:49.804+0000] {logging_mixin.py:188} INFO - [2026-04-21T00:49:49.804+0000] {dag.py:3823} INFO - Setting next_dagrun for tutorial_taskflow_api to None, run_after=None
[2026-04-21T00:49:49.823+0000] {processor.py:183} INFO - Processing /home/airflow/.local/lib/python3.8/site-packages/airflow/example_dags/tutorial_taskflow_api.py took 0.082 seconds
[2026-04-21T00:50:20.003+0000] {processor.py:161} INFO - Started process (PID=3707268) to work on /home/airflow/.local/lib/python3.8/site-packages/airflow/example_dags/tutorial_taskflow_api.py
[2026-04-21T00:50:20.005+0000] {processor.py:830} INFO - Processing file /home/airflow/.local/lib/python3.8/site-packages/airflow/example_dags/tutorial_taskflow_api.py for tasks to queue
[2026-04-21T00:50:20.008+0000] {logging_mixin.py:188} INFO - [2026-04-21T00:50:20.007+0000] {dagbag.py:538} INFO - Filling up the DagBag from /home/airflow/.local/lib/python3.8/site-packages/airflow/example_dags/tutorial_taskflow_api.py
[2026-04-21T00:50:20.016+0000] {processor.py:840} INFO - DAG(s) 'tutorial_taskflow_api' retrieved from /home/airflow/.local/lib/python3.8/site-packages/airflow/example_dags/tutorial_taskflow_api.py
[2026-04-21T00:50:20.041+0000] {logging_mixin.py:188} INFO - [2026-04-21T00:50:20.041+0000] {dag.py:3036} INFO - Sync 1 DAGs
[2026-04-21T00:50:20.056+0000] {logging_mixin.py:188} INFO - [2026-04-21T00:50:20.055+0000] {dag.py:3823} INFO - Setting next_dagrun for tutorial_taskflow_api to None, run_after=None
[2026-04-21T00:50:20.076+0000] {processor.py:183} INFO - Processing /home/airflow/.local/lib/python3.8/site-packages/airflow/example_dags/tutorial_taskflow_api.py took 0.077 seconds
[2026-04-21T00:50:50.460+0000] {processor.py:161} INFO - Started process (PID=3707325) to work on /home/airflow/.local/lib/python3.8/site-packages/airflow/example_dags/tutorial_taskflow_api.py
[2026-04-21T00:50:50.461+0000] {processor.py:830} INFO - Processing file /home/airflow/.local/lib/python3.8/site-packages/airflow/example_dags/tutorial_taskflow_api.py for tasks to queue
[2026-04-21T00:50:50.463+0000] {logging_mixin.py:188} INFO - [2026-04-21T00:50:50.463+0000] {dagbag.py:538} INFO - Filling up the DagBag from /home/airflow/.local/lib/python3.8/site-packages/airflow/example_dags/tutorial_taskflow_api.py
[2026-04-21T00:50:50.472+0000] {processor.py:840} INFO - DAG(s) 'tutorial_taskflow_api' retrieved from /home/airflow/.local/lib/python3.8/site-packages/airflow/example_dags/tutorial_taskflow_api.py
[2026-04-21T00:50:50.498+0000] {logging_mixin.py:188} INFO - [2026-04-21T00:50:50.498+0000] {dag.py:3036} INFO - Sync 1 DAGs
[2026-04-21T00:50:50.513+0000] {logging_mixin.py:188} INFO - [2026-04-21T00:50:50.512+0000] {dag.py:3823} INFO - Setting next_dagrun for tutorial_taskflow_api to None, run_after=None
[2026-04-21T00:50:50.532+0000] {processor.py:183} INFO - Processing /home/airflow/.local/lib/python3.8/site-packages/airflow/example_dags/tutorial_taskflow_api.py took 0.077 seconds
[2026-04-21T00:51:20.845+0000] {processor.py:161} INFO - Started process (PID=3707382) to work on /home/airflow/.local/lib/python3.8/site-packages/airflow/example_dags/tutorial_taskflow_api.py
[2026-04-21T00:51:20.846+0000] {processor.py:830} INFO - Processing file /home/airflow/.local/lib/python3.8/site-packages/airflow/example_dags/tutorial_taskflow_api.py for tasks to queue
[2026-04-21T00:51:20.848+0000] {logging_mixin.py:188} INFO - [2026-04-21T00:51:20.848+0000] {dagbag.py:538} INFO - Filling up the DagBag from /home/airflow/.local/lib/python3.8/site-packages/airflow/example_dags/tutorial_taskflow_api.py
[2026-04-21T00:51:20.856+0000] {processor.py:840} INFO - DAG(s) 'tutorial_taskflow_api' retrieved from /home/airflow/.local/lib/python3.8/site-packages/airflow/example_dags/tutorial_taskflow_api.py
[2026-04-21T00:51:20.883+0000] {logging_mixin.py:188} INFO - [2026-04-21T00:51:20.882+0000] {dag.py:3036} INFO - Sync 1 DAGs
[2026-04-21T00:51:20.897+0000] {logging_mixin.py:188} INFO - [2026-04-21T00:51:20.897+0000] {dag.py:3823} INFO - Setting next_dagrun for tutorial_taskflow_api to None, run_after=None
[2026-04-21T00:51:20.918+0000] {processor.py:183} INFO - Processing /home/airflow/.local/lib/python3.8/site-packages/airflow/example_dags/tutorial_taskflow_api.py took 0.078 seconds
[2026-04-21T00:51:51.103+0000] {processor.py:161} INFO - Started process (PID=3707439) to work on /home/airflow/.local/lib/python3.8/site-packages/airflow/example_dags/tutorial_taskflow_api.py
[2026-04-21T00:51:51.104+0000] {processor.py:830} INFO - Processing file /home/airflow/.local/lib/python3.8/site-packages/airflow/example_dags/tutorial_taskflow_api.py for tasks to queue
[2026-04-21T00:51:51.106+0000] {logging_mixin.py:188} INFO - [2026-04-21T00:51:51.106+0000] {dagbag.py:538} INFO - Filling up the DagBag from /home/airflow/.local/lib/python3.8/site-packages/airflow/example_dags/tutorial_taskflow_api.py
[2026-04-21T00:51:51.115+0000] {processor.py:840} INFO - DAG(s) 'tutorial_taskflow_api' retrieved from /home/airflow/.local/lib/python3.8/site-packages/airflow/example_dags/tutorial_taskflow_api.py
[2026-04-21T00:51:51.144+0000] {logging_mixin.py:188} INFO - [2026-04-21T00:51:51.143+0000] {dag.py:3036} INFO - Sync 1 DAGs
[2026-04-21T00:51:51.159+0000] {logging_mixin.py:188} INFO - [2026-04-21T00:51:51.158+0000] {dag.py:3823} INFO - Setting next_dagrun for tutorial_taskflow_api to None, run_after=None
[2026-04-21T00:51:51.179+0000] {processor.py:183} INFO - Processing /home/airflow/.local/lib/python3.8/site-packages/airflow/example_dags/tutorial_taskflow_api.py took 0.081 seconds
[2026-04-21T00:52:22.049+0000] {processor.py:161} INFO - Started process (PID=3707496) to work on /home/airflow/.local/lib/python3.8/site-packages/airflow/example_dags/tutorial_taskflow_api.py
[2026-04-21T00:52:22.051+0000] {processor.py:830} INFO - Processing file /home/airflow/.local/lib/python3.8/site-packages/airflow/example_dags/tutorial_taskflow_api.py for tasks to queue
[2026-04-21T00:52:22.053+0000] {logging_mixin.py:188} INFO - [2026-04-21T00:52:22.053+0000] {dagbag.py:538} INFO - Filling up the DagBag from /home/airflow/.local/lib/python3.8/site-packages/airflow/example_dags/tutorial_taskflow_api.py
[2026-04-21T00:52:22.062+0000] {processor.py:840} INFO - DAG(s) 'tutorial_taskflow_api' retrieved from /home/airflow/.local/lib/python3.8/site-packages/airflow/example_dags/tutorial_taskflow_api.py
[2026-04-21T00:52:22.087+0000] {logging_mixin.py:188} INFO - [2026-04-21T00:52:22.087+0000] {dag.py:3036} INFO - Sync 1 DAGs
[2026-04-21T00:52:22.102+0000] {logging_mixin.py:188} INFO - [2026-04-21T00:52:22.101+0000] {dag.py:3823} INFO - Setting next_dagrun for tutorial_taskflow_api to None, run_after=None
[2026-04-21T00:52:22.123+0000] {processor.py:183} INFO - Processing /home/airflow/.local/lib/python3.8/site-packages/airflow/example_dags/tutorial_taskflow_api.py took 0.078 seconds
[2026-04-21T00:52:53.008+0000] {processor.py:161} INFO - Started process (PID=3707553) to work on /home/airflow/.local/lib/python3.8/site-packages/airflow/example_dags/tutorial_taskflow_api.py
[2026-04-21T00:52:53.009+0000] {processor.py:830} INFO - Processing file /home/airflow/.local/lib/python3.8/site-packages/airflow/example_dags/tutorial_taskflow_api.py for tasks to queue
[2026-04-21T00:52:53.012+0000] {logging_mixin.py:188} INFO - [2026-04-21T00:52:53.012+0000] {dagbag.py:538} INFO - Filling up the DagBag from /home/airflow/.local/lib/python3.8/site-packages/airflow/example_dags/tutorial_taskflow_api.py
[2026-04-21T00:52:53.020+0000] {processor.py:840} INFO - DAG(s) 'tutorial_taskflow_api' retrieved from /home/airflow/.local/lib/python3.8/site-packages/airflow/example_dags/tutorial_taskflow_api.py
[2026-04-21T00:52:53.046+0000] {logging_mixin.py:188} INFO - [2026-04-21T00:52:53.046+0000] {dag.py:3036} INFO - Sync 1 DAGs
[2026-04-21T00:52:53.060+0000] {logging_mixin.py:188} INFO - [2026-04-21T00:52:53.060+0000] {dag.py:3823} INFO - Setting next_dagrun for tutorial_taskflow_api to None, run_after=None
[2026-04-21T00:52:53.079+0000] {processor.py:183} INFO - Processing /home/airflow/.local/lib/python3.8/site-packages/airflow/example_dags/tutorial_taskflow_api.py took 0.076 seconds
[2026-04-21T00:53:23.160+0000] {processor.py:161} INFO - Started process (PID=3707610) to work on /home/airflow/.local/lib/python3.8/site-packages/airflow/example_dags/tutorial_taskflow_api.py
[2026-04-21T00:53:23.162+0000] {processor.py:830} INFO - Processing file /home/airflow/.local/lib/python3.8/site-packages/airflow/example_dags/tutorial_taskflow_api.py for tasks to queue
[2026-04-21T00:53:23.164+0000] {logging_mixin.py:188} INFO - [2026-04-21T00:53:23.164+0000] {dagbag.py:538} INFO - Filling up the DagBag from /home/airflow/.local/lib/python3.8/site-packages/airflow/example_dags/tutorial_taskflow_api.py
[2026-04-21T00:53:23.173+0000] {processor.py:840} INFO - DAG(s) 'tutorial_taskflow_api' retrieved from /home/airflow/.local/lib/python3.8/site-packages/airflow/example_dags/tutorial_taskflow_api.py
[2026-04-21T00:53:23.198+0000] {logging_mixin.py:188} INFO - [2026-04-21T00:53:23.197+0000] {dag.py:3036} INFO - Sync 1 DAGs
[2026-04-21T00:53:23.212+0000] {logging_mixin.py:188} INFO - [2026-04-21T00:53:23.211+0000] {dag.py:3823} INFO - Setting next_dagrun for tutorial_taskflow_api to None, run_after=None
[2026-04-21T00:53:23.231+0000] {processor.py:183} INFO - Processing /home/airflow/.local/lib/python3.8/site-packages/airflow/example_dags/tutorial_taskflow_api.py took 0.076 seconds
[2026-04-21T00:53:53.519+0000] {processor.py:161} INFO - Started process (PID=3707667) to work on /home/airflow/.local/lib/python3.8/site-packages/airflow/example_dags/tutorial_taskflow_api.py
[2026-04-21T00:53:53.520+0000] {processor.py:830} INFO - Processing file /home/airflow/.local/lib/python3.8/site-packages/airflow/example_dags/tutorial_taskflow_api.py for tasks to queue
[2026-04-21T00:53:53.522+0000] {logging_mixin.py:188} INFO - [2026-04-21T00:53:53.522+0000] {dagbag.py:538} INFO - Filling up the DagBag from /home/airflow/.local/lib/python3.8/site-packages/airflow/example_dags/tutorial_taskflow_api.py
[2026-04-21T00:53:53.530+0000] {processor.py:840} INFO - DAG(s) 'tutorial_taskflow_api' retrieved from /home/airflow/.local/lib/python3.8/site-packages/airflow/example_dags/tutorial_taskflow_api.py
[2026-04-21T00:53:53.555+0000] {logging_mixin.py:188} INFO - [2026-04-21T00:53:53.555+0000] {dag.py:3036} INFO - Sync 1 DAGs
[2026-04-21T00:53:53.569+0000] {logging_mixin.py:188} INFO - [2026-04-21T00:53:53.569+0000] {dag.py:3823} INFO - Setting next_dagrun for tutorial_taskflow_api to None, run_after=None
[2026-04-21T00:53:53.591+0000] {processor.py:183} INFO - Processing /home/airflow/.local/lib/python3.8/site-packages/airflow/example_dags/tutorial_taskflow_api.py took 0.077 seconds
[2026-04-21T00:54:23.805+0000] {processor.py:161} INFO - Started process (PID=3707724) to work on /home/airflow/.local/lib/python3.8/site-packages/airflow/example_dags/tutorial_taskflow_api.py
[2026-04-21T00:54:23.807+0000] {processor.py:830} INFO - Processing file /home/airflow/.local/lib/python3.8/site-packages/airflow/example_dags/tutorial_taskflow_api.py for tasks to queue
[2026-04-21T00:54:23.809+0000] {logging_mixin.py:188} INFO - [2026-04-21T00:54:23.809+0000] {dagbag.py:538} INFO - Filling up the DagBag from /home/airflow/.local/lib/python3.8/site-packages/airflow/example_dags/tutorial_taskflow_api.py
[2026-04-21T00:54:23.818+0000] {processor.py:840} INFO - DAG(s) 'tutorial_taskflow_api' retrieved from /home/airflow/.local/lib/python3.8/site-packages/airflow/example_dags/tutorial_taskflow_api.py
[2026-04-21T00:54:23.843+0000] {logging_mixin.py:188} INFO - [2026-04-21T00:54:23.842+0000] {dag.py:3036} INFO - Sync 1 DAGs
[2026-04-21T00:54:23.857+0000] {logging_mixin.py:188} INFO - [2026-04-21T00:54:23.856+0000] {dag.py:3823} INFO - Setting next_dagrun for tutorial_taskflow_api to None, run_after=None
[2026-04-21T00:54:23.876+0000] {processor.py:183} INFO - Processing /home/airflow/.local/lib/python3.8/site-packages/airflow/example_dags/tutorial_taskflow_api.py took 0.076 seconds
[2026-04-21T00:54:54.284+0000] {processor.py:161} INFO - Started process (PID=3707781) to work on /home/airflow/.local/lib/python3.8/site-packages/airflow/example_dags/tutorial_taskflow_api.py
[2026-04-21T00:54:54.285+0000] {processor.py:830} INFO - Processing file /home/airflow/.local/lib/python3.8/site-packages/airflow/example_dags/tutorial_taskflow_api.py for tasks to queue
[2026-04-21T00:54:54.287+0000] {logging_mixin.py:188} INFO - [2026-04-21T00:54:54.287+0000] {dagbag.py:538} INFO - Filling up the DagBag from /home/airflow/.local/lib/python3.8/site-packages/airflow/example_dags/tutorial_taskflow_api.py
[2026-04-21T00:54:54.296+0000] {processor.py:840} INFO - DAG(s) 'tutorial_taskflow_api' retrieved from /home/airflow/.local/lib/python3.8/site-packages/airflow/example_dags/tutorial_taskflow_api.py
[2026-04-21T00:54:54.323+0000] {logging_mixin.py:188} INFO - [2026-04-21T00:54:54.323+0000] {dag.py:3036} INFO - Sync 1 DAGs
[2026-04-21T00:54:54.337+0000] {logging_mixin.py:188} INFO - [2026-04-21T00:54:54.337+0000] {dag.py:3823} INFO - Setting next_dagrun for tutorial_taskflow_api to None, run_after=None
[2026-04-21T00:54:54.356+0000] {processor.py:183} INFO - Processing /home/airflow/.local/lib/python3.8/site-packages/airflow/example_dags/tutorial_taskflow_api.py took 0.077 seconds
[2026-04-21T00:55:24.662+0000] {processor.py:161} INFO - Started process (PID=3707838) to work on /home/airflow/.local/lib/python3.8/site-packages/airflow/example_dags/tutorial_taskflow_api.py
[2026-04-21T00:55:24.664+0000] {processor.py:830} INFO - Processing file /home/airflow/.local/lib/python3.8/site-packages/airflow/example_dags/tutorial_taskflow_api.py for tasks to queue
[2026-04-21T00:55:24.667+0000] {logging_mixin.py:188} INFO - [2026-04-21T00:55:24.666+0000] {dagbag.py:538} INFO - Filling up the DagBag from /home/airflow/.local/lib/python3.8/site-packages/airflow/example_dags/tutorial_taskflow_api.py
[2026-04-21T00:55:24.675+0000] {processor.py:840} INFO - DAG(s) 'tutorial_taskflow_api' retrieved from /home/airflow/.local/lib/python3.8/site-packages/airflow/example_dags/tutorial_taskflow_api.py
[2026-04-21T00:55:24.701+0000] {logging_mixin.py:188} INFO - [2026-04-21T00:55:24.701+0000] {dag.py:3036} INFO - Sync 1 DAGs
[2026-04-21T00:55:24.717+0000] {logging_mixin.py:188} INFO - [2026-04-21T00:55:24.717+0000] {dag.py:3823} INFO - Setting next_dagrun for tutorial_taskflow_api to None, run_after=None
[2026-04-21T00:55:24.738+0000] {processor.py:183} INFO - Processing /home/airflow/.local/lib/python3.8/site-packages/airflow/example_dags/tutorial_taskflow_api.py took 0.081 seconds
[2026-04-21T00:55:55.544+0000] {processor.py:161} INFO - Started process (PID=3707895) to work on /home/airflow/.local/lib/python3.8/site-packages/airflow/example_dags/tutorial_taskflow_api.py
[2026-04-21T00:55:55.545+0000] {processor.py:830} INFO - Processing file /home/airflow/.local/lib/python3.8/site-packages/airflow/example_dags/tutorial_taskflow_api.py for tasks to queue
[2026-04-21T00:55:55.548+0000] {logging_mixin.py:188} INFO - [2026-04-21T00:55:55.547+0000] {dagbag.py:538} INFO - Filling up the DagBag from /home/airflow/.local/lib/python3.8/site-packages/airflow/example_dags/tutorial_taskflow_api.py
[2026-04-21T00:55:55.556+0000] {processor.py:840} INFO - DAG(s) 'tutorial_taskflow_api' retrieved from /home/airflow/.local/lib/python3.8/site-packages/airflow/example_dags/tutorial_taskflow_api.py
[2026-04-21T00:55:55.580+0000] {logging_mixin.py:188} INFO - [2026-04-21T00:55:55.580+0000] {dag.py:3036} INFO - Sync 1 DAGs
[2026-04-21T00:55:55.595+0000] {logging_mixin.py:188} INFO - [2026-04-21T00:55:55.594+0000] {dag.py:3823} INFO - Setting next_dagrun for tutorial_taskflow_api to None, run_after=None
[2026-04-21T00:55:55.617+0000] {processor.py:183} INFO - Processing /home/airflow/.local/lib/python3.8/site-packages/airflow/example_dags/tutorial_taskflow_api.py took 0.078 seconds
[2026-04-21T00:56:26.354+0000] {processor.py:161} INFO - Started process (PID=3707952) to work on /home/airflow/.local/lib/python3.8/site-packages/airflow/example_dags/tutorial_taskflow_api.py
[2026-04-21T00:56:26.356+0000] {processor.py:830} INFO - Processing file /home/airflow/.local/lib/python3.8/site-packages/airflow/example_dags/tutorial_taskflow_api.py for tasks to queue
[2026-04-21T00:56:26.358+0000] {logging_mixin.py:188} INFO - [2026-04-21T00:56:26.358+0000] {dagbag.py:538} INFO - Filling up the DagBag from /home/airflow/.local/lib/python3.8/site-packages/airflow/example_dags/tutorial_taskflow_api.py
[2026-04-21T00:56:26.367+0000] {processor.py:840} INFO - DAG(s) 'tutorial_taskflow_api' retrieved from /home/airflow/.local/lib/python3.8/site-packages/airflow/example_dags/tutorial_taskflow_api.py
[2026-04-21T00:56:26.391+0000] {logging_mixin.py:188} INFO - [2026-04-21T00:56:26.391+0000] {dag.py:3036} INFO - Sync 1 DAGs
[2026-04-21T00:56:26.405+0000] {logging_mixin.py:188} INFO - [2026-04-21T00:56:26.405+0000] {dag.py:3823} INFO - Setting next_dagrun for tutorial_taskflow_api to None, run_after=None
[2026-04-21T00:56:26.425+0000] {processor.py:183} INFO - Processing /home/airflow/.local/lib/python3.8/site-packages/airflow/example_dags/tutorial_taskflow_api.py took 0.075 seconds
[2026-04-21T00:56:57.214+0000] {processor.py:161} INFO - Started process (PID=3708009) to work on /home/airflow/.local/lib/python3.8/site-packages/airflow/example_dags/tutorial_taskflow_api.py
[2026-04-21T00:56:57.215+0000] {processor.py:830} INFO - Processing file /home/airflow/.local/lib/python3.8/site-packages/airflow/example_dags/tutorial_taskflow_api.py for tasks to queue
[2026-04-21T00:56:57.218+0000] {logging_mixin.py:188} INFO - [2026-04-21T00:56:57.217+0000] {dagbag.py:538} INFO - Filling up the DagBag from /home/airflow/.local/lib/python3.8/site-packages/airflow/example_dags/tutorial_taskflow_api.py
[2026-04-21T00:56:57.226+0000] {processor.py:840} INFO - DAG(s) 'tutorial_taskflow_api' retrieved from /home/airflow/.local/lib/python3.8/site-packages/airflow/example_dags/tutorial_taskflow_api.py
[2026-04-21T00:56:57.252+0000] {logging_mixin.py:188} INFO - [2026-04-21T00:56:57.251+0000] {dag.py:3036} INFO - Sync 1 DAGs
[2026-04-21T00:56:57.265+0000] {logging_mixin.py:188} INFO - [2026-04-21T00:56:57.265+0000] {dag.py:3823} INFO - Setting next_dagrun for tutorial_taskflow_api to None, run_after=None
[2026-04-21T00:56:57.284+0000] {processor.py:183} INFO - Processing /home/airflow/.local/lib/python3.8/site-packages/airflow/example_dags/tutorial_taskflow_api.py took 0.075 seconds
[2026-04-21T00:57:27.357+0000] {processor.py:161} INFO - Started process (PID=3708066) to work on /home/airflow/.local/lib/python3.8/site-packages/airflow/example_dags/tutorial_taskflow_api.py
[2026-04-21T00:57:27.359+0000] {processor.py:830} INFO - Processing file /home/airflow/.local/lib/python3.8/site-packages/airflow/example_dags/tutorial_taskflow_api.py for tasks to queue
[2026-04-21T00:57:27.362+0000] {logging_mixin.py:188} INFO - [2026-04-21T00:57:27.362+0000] {dagbag.py:538} INFO - Filling up the DagBag from /home/airflow/.local/lib/python3.8/site-packages/airflow/example_dags/tutorial_taskflow_api.py
[2026-04-21T00:57:27.371+0000] {processor.py:840} INFO - DAG(s) 'tutorial_taskflow_api' retrieved from /home/airflow/.local/lib/python3.8/site-packages/airflow/example_dags/tutorial_taskflow_api.py
[2026-04-21T00:57:27.396+0000] {logging_mixin.py:188} INFO - [2026-04-21T00:57:27.396+0000] {dag.py:3036} INFO - Sync 1 DAGs
[2026-04-21T00:57:27.410+0000] {logging_mixin.py:188} INFO - [2026-04-21T00:57:27.410+0000] {dag.py:3823} INFO - Setting next_dagrun for tutorial_taskflow_api to None, run_after=None
[2026-04-21T00:57:27.430+0000] {processor.py:183} INFO - Processing /home/airflow/.local/lib/python3.8/site-packages/airflow/example_dags/tutorial_taskflow_api.py took 0.078 seconds
[2026-04-21T00:57:57.572+0000] {processor.py:161} INFO - Started process (PID=3708123) to work on /home/airflow/.local/lib/python3.8/site-packages/airflow/example_dags/tutorial_taskflow_api.py
[2026-04-21T00:57:57.573+0000] {processor.py:830} INFO - Processing file /home/airflow/.local/lib/python3.8/site-packages/airflow/example_dags/tutorial_taskflow_api.py for tasks to queue
[2026-04-21T00:57:57.575+0000] {logging_mixin.py:188} INFO - [2026-04-21T00:57:57.575+0000] {dagbag.py:538} INFO - Filling up the DagBag from /home/airflow/.local/lib/python3.8/site-packages/airflow/example_dags/tutorial_taskflow_api.py
[2026-04-21T00:57:57.583+0000] {processor.py:840} INFO - DAG(s) 'tutorial_taskflow_api' retrieved from /home/airflow/.local/lib/python3.8/site-packages/airflow/example_dags/tutorial_taskflow_api.py
[2026-04-21T00:57:57.608+0000] {logging_mixin.py:188} INFO - [2026-04-21T00:57:57.608+0000] {dag.py:3036} INFO - Sync 1 DAGs
[2026-04-21T00:57:57.622+0000] {logging_mixin.py:188} INFO - [2026-04-21T00:57:57.622+0000] {dag.py:3823} INFO - Setting next_dagrun for tutorial_taskflow_api to None, run_after=None
[2026-04-21T00:57:57.641+0000] {processor.py:183} INFO - Processing /home/airflow/.local/lib/python3.8/site-packages/airflow/example_dags/tutorial_taskflow_api.py took 0.074 seconds
[2026-04-21T00:58:27.784+0000] {processor.py:161} INFO - Started process (PID=3708180) to work on /home/airflow/.local/lib/python3.8/site-packages/airflow/example_dags/tutorial_taskflow_api.py
[2026-04-21T00:58:27.786+0000] {processor.py:830} INFO - Processing file /home/airflow/.local/lib/python3.8/site-packages/airflow/example_dags/tutorial_taskflow_api.py for tasks to queue
[2026-04-21T00:58:27.788+0000] {logging_mixin.py:188} INFO - [2026-04-21T00:58:27.788+0000] {dagbag.py:538} INFO - Filling up the DagBag from /home/airflow/.local/lib/python3.8/site-packages/airflow/example_dags/tutorial_taskflow_api.py
[2026-04-21T00:58:27.797+0000] {processor.py:840} INFO - DAG(s) 'tutorial_taskflow_api' retrieved from /home/airflow/.local/lib/python3.8/site-packages/airflow/example_dags/tutorial_taskflow_api.py
[2026-04-21T00:58:27.822+0000] {logging_mixin.py:188} INFO - [2026-04-21T00:58:27.822+0000] {dag.py:3036} INFO - Sync 1 DAGs
[2026-04-21T00:58:27.836+0000] {logging_mixin.py:188} INFO - [2026-04-21T00:58:27.836+0000] {dag.py:3823} INFO - Setting next_dagrun for tutorial_taskflow_api to None, run_after=None
[2026-04-21T00:58:27.854+0000] {processor.py:183} INFO - Processing /home/airflow/.local/lib/python3.8/site-packages/airflow/example_dags/tutorial_taskflow_api.py took 0.076 seconds
[2026-04-21T00:58:57.993+0000] {processor.py:161} INFO - Started process (PID=3708237) to work on /home/airflow/.local/lib/python3.8/site-packages/airflow/example_dags/tutorial_taskflow_api.py
[2026-04-21T00:58:57.995+0000] {processor.py:830} INFO - Processing file /home/airflow/.local/lib/python3.8/site-packages/airflow/example_dags/tutorial_taskflow_api.py for tasks to queue
[2026-04-21T00:58:57.997+0000] {logging_mixin.py:188} INFO - [2026-04-21T00:58:57.997+0000] {dagbag.py:538} INFO - Filling up the DagBag from /home/airflow/.local/lib/python3.8/site-packages/airflow/example_dags/tutorial_taskflow_api.py
[2026-04-21T00:58:58.006+0000] {processor.py:840} INFO - DAG(s) 'tutorial_taskflow_api' retrieved from /home/airflow/.local/lib/python3.8/site-packages/airflow/example_dags/tutorial_taskflow_api.py
[2026-04-21T00:58:58.034+0000] {logging_mixin.py:188} INFO - [2026-04-21T00:58:58.033+0000] {dag.py:3036} INFO - Sync 1 DAGs
[2026-04-21T00:58:58.048+0000] {logging_mixin.py:188} INFO - [2026-04-21T00:58:58.048+0000] {dag.py:3823} INFO - Setting next_dagrun for tutorial_taskflow_api to None, run_after=None
[2026-04-21T00:58:58.068+0000] {processor.py:183} INFO - Processing /home/airflow/.local/lib/python3.8/site-packages/airflow/example_dags/tutorial_taskflow_api.py took 0.080 seconds
[2026-04-21T00:59:28.416+0000] {processor.py:161} INFO - Started process (PID=3708294) to work on /home/airflow/.local/lib/python3.8/site-packages/airflow/example_dags/tutorial_taskflow_api.py
[2026-04-21T00:59:28.417+0000] {processor.py:830} INFO - Processing file /home/airflow/.local/lib/python3.8/site-packages/airflow/example_dags/tutorial_taskflow_api.py for tasks to queue
[2026-04-21T00:59:28.419+0000] {logging_mixin.py:188} INFO - [2026-04-21T00:59:28.419+0000] {dagbag.py:538} INFO - Filling up the DagBag from /home/airflow/.local/lib/python3.8/site-packages/airflow/example_dags/tutorial_taskflow_api.py
[2026-04-21T00:59:28.427+0000] {processor.py:840} INFO - DAG(s) 'tutorial_taskflow_api' retrieved from /home/airflow/.local/lib/python3.8/site-packages/airflow/example_dags/tutorial_taskflow_api.py
[2026-04-21T00:59:28.453+0000] {logging_mixin.py:188} INFO - [2026-04-21T00:59:28.453+0000] {dag.py:3036} INFO - Sync 1 DAGs
[2026-04-21T00:59:28.467+0000] {logging_mixin.py:188} INFO - [2026-04-21T00:59:28.467+0000] {dag.py:3823} INFO - Setting next_dagrun for tutorial_taskflow_api to None, run_after=None
[2026-04-21T00:59:28.487+0000] {processor.py:183} INFO - Processing /home/airflow/.local/lib/python3.8/site-packages/airflow/example_dags/tutorial_taskflow_api.py took 0.076 seconds
[2026-04-21T00:59:58.757+0000] {processor.py:161} INFO - Started process (PID=3708351) to work on /home/airflow/.local/lib/python3.8/site-packages/airflow/example_dags/tutorial_taskflow_api.py
[2026-04-21T00:59:58.759+0000] {processor.py:830} INFO - Processing file /home/airflow/.local/lib/python3.8/site-packages/airflow/example_dags/tutorial_taskflow_api.py for tasks to queue
[2026-04-21T00:59:58.761+0000] {logging_mixin.py:188} INFO - [2026-04-21T00:59:58.761+0000] {dagbag.py:538} INFO - Filling up the DagBag from /home/airflow/.local/lib/python3.8/site-packages/airflow/example_dags/tutorial_taskflow_api.py
[2026-04-21T00:59:58.770+0000] {processor.py:840} INFO - DAG(s) 'tutorial_taskflow_api' retrieved from /home/airflow/.local/lib/python3.8/site-packages/airflow/example_dags/tutorial_taskflow_api.py
[2026-04-21T00:59:58.795+0000] {logging_mixin.py:188} INFO - [2026-04-21T00:59:58.795+0000] {dag.py:3036} INFO - Sync 1 DAGs
[2026-04-21T00:59:58.809+0000] {logging_mixin.py:188} INFO - [2026-04-21T00:59:58.809+0000] {dag.py:3823} INFO - Setting next_dagrun for tutorial_taskflow_api to None, run_after=None
[2026-04-21T00:59:58.828+0000] {processor.py:183} INFO - Processing /home/airflow/.local/lib/python3.8/site-packages/airflow/example_dags/tutorial_taskflow_api.py took 0.076 seconds
[2026-04-21T01:00:29.105+0000] {processor.py:161} INFO - Started process (PID=3708408) to work on /home/airflow/.local/lib/python3.8/site-packages/airflow/example_dags/tutorial_taskflow_api.py
[2026-04-21T01:00:29.106+0000] {processor.py:830} INFO - Processing file /home/airflow/.local/lib/python3.8/site-packages/airflow/example_dags/tutorial_taskflow_api.py for tasks to queue
[2026-04-21T01:00:29.108+0000] {logging_mixin.py:188} INFO - [2026-04-21T01:00:29.108+0000] {dagbag.py:538} INFO - Filling up the DagBag from /home/airflow/.local/lib/python3.8/site-packages/airflow/example_dags/tutorial_taskflow_api.py
[2026-04-21T01:00:29.116+0000] {processor.py:840} INFO - DAG(s) 'tutorial_taskflow_api' retrieved from /home/airflow/.local/lib/python3.8/site-packages/airflow/example_dags/tutorial_taskflow_api.py
[2026-04-21T01:00:29.141+0000] {logging_mixin.py:188} INFO - [2026-04-21T01:00:29.141+0000] {dag.py:3036} INFO - Sync 1 DAGs
[2026-04-21T01:00:29.155+0000] {logging_mixin.py:188} INFO - [2026-04-21T01:00:29.155+0000] {dag.py:3823} INFO - Setting next_dagrun for tutorial_taskflow_api to None, run_after=None
[2026-04-21T01:00:29.175+0000] {processor.py:183} INFO - Processing /home/airflow/.local/lib/python3.8/site-packages/airflow/example_dags/tutorial_taskflow_api.py took 0.075 seconds
[2026-04-21T01:00:59.468+0000] {processor.py:161} INFO - Started process (PID=3708465) to work on /home/airflow/.local/lib/python3.8/site-packages/airflow/example_dags/tutorial_taskflow_api.py
[2026-04-21T01:00:59.470+0000] {processor.py:830} INFO - Processing file /home/airflow/.local/lib/python3.8/site-packages/airflow/example_dags/tutorial_taskflow_api.py for tasks to queue
[2026-04-21T01:00:59.473+0000] {logging_mixin.py:188} INFO - [2026-04-21T01:00:59.472+0000] {dagbag.py:538} INFO - Filling up the DagBag from /home/airflow/.local/lib/python3.8/site-packages/airflow/example_dags/tutorial_taskflow_api.py
[2026-04-21T01:00:59.481+0000] {processor.py:840} INFO - DAG(s) 'tutorial_taskflow_api' retrieved from /home/airflow/.local/lib/python3.8/site-packages/airflow/example_dags/tutorial_taskflow_api.py
[2026-04-21T01:00:59.506+0000] {logging_mixin.py:188} INFO - [2026-04-21T01:00:59.506+0000] {dag.py:3036} INFO - Sync 1 DAGs
[2026-04-21T01:00:59.520+0000] {logging_mixin.py:188} INFO - [2026-04-21T01:00:59.520+0000] {dag.py:3823} INFO - Setting next_dagrun for tutorial_taskflow_api to None, run_after=None
[2026-04-21T01:00:59.540+0000] {processor.py:183} INFO - Processing /home/airflow/.local/lib/python3.8/site-packages/airflow/example_dags/tutorial_taskflow_api.py took 0.076 seconds
[2026-04-21T01:01:29.700+0000] {processor.py:161} INFO - Started process (PID=3708522) to work on /home/airflow/.local/lib/python3.8/site-packages/airflow/example_dags/tutorial_taskflow_api.py
[2026-04-21T01:01:29.701+0000] {processor.py:830} INFO - Processing file /home/airflow/.local/lib/python3.8/site-packages/airflow/example_dags/tutorial_taskflow_api.py for tasks to queue
[2026-04-21T01:01:29.704+0000] {logging_mixin.py:188} INFO - [2026-04-21T01:01:29.703+0000] {dagbag.py:538} INFO - Filling up the DagBag from /home/airflow/.local/lib/python3.8/site-packages/airflow/example_dags/tutorial_taskflow_api.py
[2026-04-21T01:01:29.712+0000] {processor.py:840} INFO - DAG(s) 'tutorial_taskflow_api' retrieved from /home/airflow/.local/lib/python3.8/site-packages/airflow/example_dags/tutorial_taskflow_api.py
[2026-04-21T01:01:29.736+0000] {logging_mixin.py:188} INFO - [2026-04-21T01:01:29.736+0000] {dag.py:3036} INFO - Sync 1 DAGs
[2026-04-21T01:01:29.750+0000] {logging_mixin.py:188} INFO - [2026-04-21T01:01:29.750+0000] {dag.py:3823} INFO - Setting next_dagrun for tutorial_taskflow_api to None, run_after=None
[2026-04-21T01:01:29.769+0000] {processor.py:183} INFO - Processing /home/airflow/.local/lib/python3.8/site-packages/airflow/example_dags/tutorial_taskflow_api.py took 0.073 seconds
[2026-04-21T01:01:59.836+0000] {processor.py:161} INFO - Started process (PID=3708579) to work on /home/airflow/.local/lib/python3.8/site-packages/airflow/example_dags/tutorial_taskflow_api.py
[2026-04-21T01:01:59.838+0000] {processor.py:830} INFO - Processing file /home/airflow/.local/lib/python3.8/site-packages/airflow/example_dags/tutorial_taskflow_api.py for tasks to queue
[2026-04-21T01:01:59.840+0000] {logging_mixin.py:188} INFO - [2026-04-21T01:01:59.840+0000] {dagbag.py:538} INFO - Filling up the DagBag from /home/airflow/.local/lib/python3.8/site-packages/airflow/example_dags/tutorial_taskflow_api.py
[2026-04-21T01:01:59.848+0000] {processor.py:840} INFO - DAG(s) 'tutorial_taskflow_api' retrieved from /home/airflow/.local/lib/python3.8/site-packages/airflow/example_dags/tutorial_taskflow_api.py
[2026-04-21T01:01:59.873+0000] {logging_mixin.py:188} INFO - [2026-04-21T01:01:59.873+0000] {dag.py:3036} INFO - Sync 1 DAGs
[2026-04-21T01:01:59.894+0000] {logging_mixin.py:188} INFO - [2026-04-21T01:01:59.894+0000] {dag.py:3823} INFO - Setting next_dagrun for tutorial_taskflow_api to None, run_after=None
[2026-04-21T01:01:59.925+0000] {processor.py:183} INFO - Processing /home/airflow/.local/lib/python3.8/site-packages/airflow/example_dags/tutorial_taskflow_api.py took 0.094 seconds
[2026-04-21T01:02:29.999+0000] {processor.py:161} INFO - Started process (PID=3708636) to work on /home/airflow/.local/lib/python3.8/site-packages/airflow/example_dags/tutorial_taskflow_api.py
[2026-04-21T01:02:30.000+0000] {processor.py:830} INFO - Processing file /home/airflow/.local/lib/python3.8/site-packages/airflow/example_dags/tutorial_taskflow_api.py for tasks to queue
[2026-04-21T01:02:30.003+0000] {logging_mixin.py:188} INFO - [2026-04-21T01:02:30.002+0000] {dagbag.py:538} INFO - Filling up the DagBag from /home/airflow/.local/lib/python3.8/site-packages/airflow/example_dags/tutorial_taskflow_api.py
[2026-04-21T01:02:30.011+0000] {processor.py:840} INFO - DAG(s) 'tutorial_taskflow_api' retrieved from /home/airflow/.local/lib/python3.8/site-packages/airflow/example_dags/tutorial_taskflow_api.py
[2026-04-21T01:02:30.035+0000] {logging_mixin.py:188} INFO - [2026-04-21T01:02:30.035+0000] {dag.py:3036} INFO - Sync 1 DAGs
[2026-04-21T01:02:30.049+0000] {logging_mixin.py:188} INFO - [2026-04-21T01:02:30.049+0000] {dag.py:3823} INFO - Setting next_dagrun for tutorial_taskflow_api to None, run_after=None
[2026-04-21T01:02:30.068+0000] {processor.py:183} INFO - Processing /home/airflow/.local/lib/python3.8/site-packages/airflow/example_dags/tutorial_taskflow_api.py took 0.073 seconds
[2026-04-21T01:03:00.345+0000] {processor.py:161} INFO - Started process (PID=3708693) to work on /home/airflow/.local/lib/python3.8/site-packages/airflow/example_dags/tutorial_taskflow_api.py
[2026-04-21T01:03:00.347+0000] {processor.py:830} INFO - Processing file /home/airflow/.local/lib/python3.8/site-packages/airflow/example_dags/tutorial_taskflow_api.py for tasks to queue
[2026-04-21T01:03:00.349+0000] {logging_mixin.py:188} INFO - [2026-04-21T01:03:00.349+0000] {dagbag.py:538} INFO - Filling up the DagBag from /home/airflow/.local/lib/python3.8/site-packages/airflow/example_dags/tutorial_taskflow_api.py
[2026-04-21T01:03:00.357+0000] {processor.py:840} INFO - DAG(s) 'tutorial_taskflow_api' retrieved from /home/airflow/.local/lib/python3.8/site-packages/airflow/example_dags/tutorial_taskflow_api.py
[2026-04-21T01:03:00.382+0000] {logging_mixin.py:188} INFO - [2026-04-21T01:03:00.382+0000] {dag.py:3036} INFO - Sync 1 DAGs
[2026-04-21T01:03:00.396+0000] {logging_mixin.py:188} INFO - [2026-04-21T01:03:00.396+0000] {dag.py:3823} INFO - Setting next_dagrun for tutorial_taskflow_api to None, run_after=None
[2026-04-21T01:03:00.416+0000] {processor.py:183} INFO - Processing /home/airflow/.local/lib/python3.8/site-packages/airflow/example_dags/tutorial_taskflow_api.py took 0.076 seconds
[2026-04-21T01:03:30.631+0000] {processor.py:161} INFO - Started process (PID=3708750) to work on /home/airflow/.local/lib/python3.8/site-packages/airflow/example_dags/tutorial_taskflow_api.py
[2026-04-21T01:03:30.632+0000] {processor.py:830} INFO - Processing file /home/airflow/.local/lib/python3.8/site-packages/airflow/example_dags/tutorial_taskflow_api.py for tasks to queue
[2026-04-21T01:03:30.634+0000] {logging_mixin.py:188} INFO - [2026-04-21T01:03:30.634+0000] {dagbag.py:538} INFO - Filling up the DagBag from /home/airflow/.local/lib/python3.8/site-packages/airflow/example_dags/tutorial_taskflow_api.py
[2026-04-21T01:03:30.642+0000] {processor.py:840} INFO - DAG(s) 'tutorial_taskflow_api' retrieved from /home/airflow/.local/lib/python3.8/site-packages/airflow/example_dags/tutorial_taskflow_api.py
[2026-04-21T01:03:30.667+0000] {logging_mixin.py:188} INFO - [2026-04-21T01:03:30.667+0000] {dag.py:3036} INFO - Sync 1 DAGs
[2026-04-21T01:03:30.682+0000] {logging_mixin.py:188} INFO - [2026-04-21T01:03:30.681+0000] {dag.py:3823} INFO - Setting next_dagrun for tutorial_taskflow_api to None, run_after=None
[2026-04-21T01:03:30.701+0000] {processor.py:183} INFO - Processing /home/airflow/.local/lib/python3.8/site-packages/airflow/example_dags/tutorial_taskflow_api.py took 0.076 seconds
[2026-04-21T01:04:01.005+0000] {processor.py:161} INFO - Started process (PID=3708807) to work on /home/airflow/.local/lib/python3.8/site-packages/airflow/example_dags/tutorial_taskflow_api.py
[2026-04-21T01:04:01.007+0000] {processor.py:830} INFO - Processing file /home/airflow/.local/lib/python3.8/site-packages/airflow/example_dags/tutorial_taskflow_api.py for tasks to queue
[2026-04-21T01:04:01.010+0000] {logging_mixin.py:188} INFO - [2026-04-21T01:04:01.009+0000] {dagbag.py:538} INFO - Filling up the DagBag from /home/airflow/.local/lib/python3.8/site-packages/airflow/example_dags/tutorial_taskflow_api.py
[2026-04-21T01:04:01.018+0000] {processor.py:840} INFO - DAG(s) 'tutorial_taskflow_api' retrieved from /home/airflow/.local/lib/python3.8/site-packages/airflow/example_dags/tutorial_taskflow_api.py
[2026-04-21T01:04:01.044+0000] {logging_mixin.py:188} INFO - [2026-04-21T01:04:01.043+0000] {dag.py:3036} INFO - Sync 1 DAGs
[2026-04-21T01:04:01.058+0000] {logging_mixin.py:188} INFO - [2026-04-21T01:04:01.058+0000] {dag.py:3823} INFO - Setting next_dagrun for tutorial_taskflow_api to None, run_after=None
[2026-04-21T01:04:01.079+0000] {processor.py:183} INFO - Processing /home/airflow/.local/lib/python3.8/site-packages/airflow/example_dags/tutorial_taskflow_api.py took 0.079 seconds
[2026-04-21T01:04:31.269+0000] {processor.py:161} INFO - Started process (PID=3708864) to work on /home/airflow/.local/lib/python3.8/site-packages/airflow/example_dags/tutorial_taskflow_api.py
[2026-04-21T01:04:31.270+0000] {processor.py:830} INFO - Processing file /home/airflow/.local/lib/python3.8/site-packages/airflow/example_dags/tutorial_taskflow_api.py for tasks to queue
[2026-04-21T01:04:31.272+0000] {logging_mixin.py:188} INFO - [2026-04-21T01:04:31.272+0000] {dagbag.py:538} INFO - Filling up the DagBag from /home/airflow/.local/lib/python3.8/site-packages/airflow/example_dags/tutorial_taskflow_api.py
[2026-04-21T01:04:31.281+0000] {processor.py:840} INFO - DAG(s) 'tutorial_taskflow_api' retrieved from /home/airflow/.local/lib/python3.8/site-packages/airflow/example_dags/tutorial_taskflow_api.py
[2026-04-21T01:04:31.306+0000] {logging_mixin.py:188} INFO - [2026-04-21T01:04:31.306+0000] {dag.py:3036} INFO - Sync 1 DAGs
[2026-04-21T01:04:31.320+0000] {logging_mixin.py:188} INFO - [2026-04-21T01:04:31.320+0000] {dag.py:3823} INFO - Setting next_dagrun for tutorial_taskflow_api to None, run_after=None
[2026-04-21T01:04:31.340+0000] {processor.py:183} INFO - Processing /home/airflow/.local/lib/python3.8/site-packages/airflow/example_dags/tutorial_taskflow_api.py took 0.075 seconds
[2026-04-21T01:05:01.546+0000] {processor.py:161} INFO - Started process (PID=3708921) to work on /home/airflow/.local/lib/python3.8/site-packages/airflow/example_dags/tutorial_taskflow_api.py
[2026-04-21T01:05:01.547+0000] {processor.py:830} INFO - Processing file /home/airflow/.local/lib/python3.8/site-packages/airflow/example_dags/tutorial_taskflow_api.py for tasks to queue
[2026-04-21T01:05:01.550+0000] {logging_mixin.py:188} INFO - [2026-04-21T01:05:01.549+0000] {dagbag.py:538} INFO - Filling up the DagBag from /home/airflow/.local/lib/python3.8/site-packages/airflow/example_dags/tutorial_taskflow_api.py
[2026-04-21T01:05:01.558+0000] {processor.py:840} INFO - DAG(s) 'tutorial_taskflow_api' retrieved from /home/airflow/.local/lib/python3.8/site-packages/airflow/example_dags/tutorial_taskflow_api.py
[2026-04-21T01:05:01.583+0000] {logging_mixin.py:188} INFO - [2026-04-21T01:05:01.583+0000] {dag.py:3036} INFO - Sync 1 DAGs
[2026-04-21T01:05:01.597+0000] {logging_mixin.py:188} INFO - [2026-04-21T01:05:01.597+0000] {dag.py:3823} INFO - Setting next_dagrun for tutorial_taskflow_api to None, run_after=None
[2026-04-21T01:05:01.616+0000] {processor.py:183} INFO - Processing /home/airflow/.local/lib/python3.8/site-packages/airflow/example_dags/tutorial_taskflow_api.py took 0.076 seconds
[2026-04-21T01:05:31.812+0000] {processor.py:161} INFO - Started process (PID=3708978) to work on /home/airflow/.local/lib/python3.8/site-packages/airflow/example_dags/tutorial_taskflow_api.py
[2026-04-21T01:05:31.813+0000] {processor.py:830} INFO - Processing file /home/airflow/.local/lib/python3.8/site-packages/airflow/example_dags/tutorial_taskflow_api.py for tasks to queue
[2026-04-21T01:05:31.816+0000] {logging_mixin.py:188} INFO - [2026-04-21T01:05:31.815+0000] {dagbag.py:538} INFO - Filling up the DagBag from /home/airflow/.local/lib/python3.8/site-packages/airflow/example_dags/tutorial_taskflow_api.py
[2026-04-21T01:05:31.824+0000] {processor.py:840} INFO - DAG(s) 'tutorial_taskflow_api' retrieved from /home/airflow/.local/lib/python3.8/site-packages/airflow/example_dags/tutorial_taskflow_api.py
[2026-04-21T01:05:31.851+0000] {logging_mixin.py:188} INFO - [2026-04-21T01:05:31.851+0000] {dag.py:3036} INFO - Sync 1 DAGs
[2026-04-21T01:05:31.865+0000] {logging_mixin.py:188} INFO - [2026-04-21T01:05:31.865+0000] {dag.py:3823} INFO - Setting next_dagrun for tutorial_taskflow_api to None, run_after=None
[2026-04-21T01:05:31.885+0000] {processor.py:183} INFO - Processing /home/airflow/.local/lib/python3.8/site-packages/airflow/example_dags/tutorial_taskflow_api.py took 0.078 seconds
[2026-04-21T01:06:02.243+0000] {processor.py:161} INFO - Started process (PID=3709035) to work on /home/airflow/.local/lib/python3.8/site-packages/airflow/example_dags/tutorial_taskflow_api.py
[2026-04-21T01:06:02.245+0000] {processor.py:830} INFO - Processing file /home/airflow/.local/lib/python3.8/site-packages/airflow/example_dags/tutorial_taskflow_api.py for tasks to queue
[2026-04-21T01:06:02.248+0000] {logging_mixin.py:188} INFO - [2026-04-21T01:06:02.247+0000] {dagbag.py:538} INFO - Filling up the DagBag from /home/airflow/.local/lib/python3.8/site-packages/airflow/example_dags/tutorial_taskflow_api.py
[2026-04-21T01:06:02.256+0000] {processor.py:840} INFO - DAG(s) 'tutorial_taskflow_api' retrieved from /home/airflow/.local/lib/python3.8/site-packages/airflow/example_dags/tutorial_taskflow_api.py
[2026-04-21T01:06:02.280+0000] {logging_mixin.py:188} INFO - [2026-04-21T01:06:02.280+0000] {dag.py:3036} INFO - Sync 1 DAGs
[2026-04-21T01:06:02.295+0000] {logging_mixin.py:188} INFO - [2026-04-21T01:06:02.294+0000] {dag.py:3823} INFO - Setting next_dagrun for tutorial_taskflow_api to None, run_after=None
[2026-04-21T01:06:02.315+0000] {processor.py:183} INFO - Processing /home/airflow/.local/lib/python3.8/site-packages/airflow/example_dags/tutorial_taskflow_api.py took 0.077 seconds
[2026-04-21T01:06:32.508+0000] {processor.py:161} INFO - Started process (PID=3709092) to work on /home/airflow/.local/lib/python3.8/site-packages/airflow/example_dags/tutorial_taskflow_api.py
[2026-04-21T01:06:32.509+0000] {processor.py:830} INFO - Processing file /home/airflow/.local/lib/python3.8/site-packages/airflow/example_dags/tutorial_taskflow_api.py for tasks to queue
[2026-04-21T01:06:32.511+0000] {logging_mixin.py:188} INFO - [2026-04-21T01:06:32.511+0000] {dagbag.py:538} INFO - Filling up the DagBag from /home/airflow/.local/lib/python3.8/site-packages/airflow/example_dags/tutorial_taskflow_api.py
[2026-04-21T01:06:32.520+0000] {processor.py:840} INFO - DAG(s) 'tutorial_taskflow_api' retrieved from /home/airflow/.local/lib/python3.8/site-packages/airflow/example_dags/tutorial_taskflow_api.py
[2026-04-21T01:06:32.544+0000] {logging_mixin.py:188} INFO - [2026-04-21T01:06:32.544+0000] {dag.py:3036} INFO - Sync 1 DAGs
[2026-04-21T01:06:32.558+0000] {logging_mixin.py:188} INFO - [2026-04-21T01:06:32.557+0000] {dag.py:3823} INFO - Setting next_dagrun for tutorial_taskflow_api to None, run_after=None
[2026-04-21T01:06:32.576+0000] {processor.py:183} INFO - Processing /home/airflow/.local/lib/python3.8/site-packages/airflow/example_dags/tutorial_taskflow_api.py took 0.073 seconds
[2026-04-21T01:07:03.394+0000] {processor.py:161} INFO - Started process (PID=3709148) to work on /home/airflow/.local/lib/python3.8/site-packages/airflow/example_dags/tutorial_taskflow_api.py
[2026-04-21T01:07:03.396+0000] {processor.py:830} INFO - Processing file /home/airflow/.local/lib/python3.8/site-packages/airflow/example_dags/tutorial_taskflow_api.py for tasks to queue
[2026-04-21T01:07:03.399+0000] {logging_mixin.py:188} INFO - [2026-04-21T01:07:03.398+0000] {dagbag.py:538} INFO - Filling up the DagBag from /home/airflow/.local/lib/python3.8/site-packages/airflow/example_dags/tutorial_taskflow_api.py
[2026-04-21T01:07:03.408+0000] {processor.py:840} INFO - DAG(s) 'tutorial_taskflow_api' retrieved from /home/airflow/.local/lib/python3.8/site-packages/airflow/example_dags/tutorial_taskflow_api.py
[2026-04-21T01:07:03.434+0000] {logging_mixin.py:188} INFO - [2026-04-21T01:07:03.433+0000] {dag.py:3036} INFO - Sync 1 DAGs
[2026-04-21T01:07:03.450+0000] {logging_mixin.py:188} INFO - [2026-04-21T01:07:03.449+0000] {dag.py:3823} INFO - Setting next_dagrun for tutorial_taskflow_api to None, run_after=None
[2026-04-21T01:07:03.473+0000] {processor.py:183} INFO - Processing /home/airflow/.local/lib/python3.8/site-packages/airflow/example_dags/tutorial_taskflow_api.py took 0.085 seconds
[2026-04-21T01:07:33.581+0000] {processor.py:161} INFO - Started process (PID=3709203) to work on /home/airflow/.local/lib/python3.8/site-packages/airflow/example_dags/tutorial_taskflow_api.py
[2026-04-21T01:07:33.582+0000] {processor.py:830} INFO - Processing file /home/airflow/.local/lib/python3.8/site-packages/airflow/example_dags/tutorial_taskflow_api.py for tasks to queue
[2026-04-21T01:07:33.584+0000] {logging_mixin.py:188} INFO - [2026-04-21T01:07:33.584+0000] {dagbag.py:538} INFO - Filling up the DagBag from /home/airflow/.local/lib/python3.8/site-packages/airflow/example_dags/tutorial_taskflow_api.py
[2026-04-21T01:07:33.593+0000] {processor.py:840} INFO - DAG(s) 'tutorial_taskflow_api' retrieved from /home/airflow/.local/lib/python3.8/site-packages/airflow/example_dags/tutorial_taskflow_api.py
[2026-04-21T01:07:33.616+0000] {logging_mixin.py:188} INFO - [2026-04-21T01:07:33.616+0000] {dag.py:3036} INFO - Sync 1 DAGs
[2026-04-21T01:07:33.630+0000] {logging_mixin.py:188} INFO - [2026-04-21T01:07:33.630+0000] {dag.py:3823} INFO - Setting next_dagrun for tutorial_taskflow_api to None, run_after=None
[2026-04-21T01:07:33.648+0000] {processor.py:183} INFO - Processing /home/airflow/.local/lib/python3.8/site-packages/airflow/example_dags/tutorial_taskflow_api.py took 0.073 seconds
[2026-04-21T01:08:04.019+0000] {processor.py:161} INFO - Started process (PID=3709260) to work on /home/airflow/.local/lib/python3.8/site-packages/airflow/example_dags/tutorial_taskflow_api.py
[2026-04-21T01:08:04.020+0000] {processor.py:830} INFO - Processing file /home/airflow/.local/lib/python3.8/site-packages/airflow/example_dags/tutorial_taskflow_api.py for tasks to queue
[2026-04-21T01:08:04.023+0000] {logging_mixin.py:188} INFO - [2026-04-21T01:08:04.022+0000] {dagbag.py:538} INFO - Filling up the DagBag from /home/airflow/.local/lib/python3.8/site-packages/airflow/example_dags/tutorial_taskflow_api.py
[2026-04-21T01:08:04.031+0000] {processor.py:840} INFO - DAG(s) 'tutorial_taskflow_api' retrieved from /home/airflow/.local/lib/python3.8/site-packages/airflow/example_dags/tutorial_taskflow_api.py
[2026-04-21T01:08:04.055+0000] {logging_mixin.py:188} INFO - [2026-04-21T01:08:04.055+0000] {dag.py:3036} INFO - Sync 1 DAGs
[2026-04-21T01:08:04.070+0000] {logging_mixin.py:188} INFO - [2026-04-21T01:08:04.069+0000] {dag.py:3823} INFO - Setting next_dagrun for tutorial_taskflow_api to None, run_after=None
[2026-04-21T01:08:04.089+0000] {processor.py:183} INFO - Processing /home/airflow/.local/lib/python3.8/site-packages/airflow/example_dags/tutorial_taskflow_api.py took 0.075 seconds
[2026-04-21T01:08:34.367+0000] {processor.py:161} INFO - Started process (PID=3709317) to work on /home/airflow/.local/lib/python3.8/site-packages/airflow/example_dags/tutorial_taskflow_api.py
[2026-04-21T01:08:34.369+0000] {processor.py:830} INFO - Processing file /home/airflow/.local/lib/python3.8/site-packages/airflow/example_dags/tutorial_taskflow_api.py for tasks to queue
[2026-04-21T01:08:34.371+0000] {logging_mixin.py:188} INFO - [2026-04-21T01:08:34.371+0000] {dagbag.py:538} INFO - Filling up the DagBag from /home/airflow/.local/lib/python3.8/site-packages/airflow/example_dags/tutorial_taskflow_api.py
[2026-04-21T01:08:34.379+0000] {processor.py:840} INFO - DAG(s) 'tutorial_taskflow_api' retrieved from /home/airflow/.local/lib/python3.8/site-packages/airflow/example_dags/tutorial_taskflow_api.py
[2026-04-21T01:08:34.404+0000] {logging_mixin.py:188} INFO - [2026-04-21T01:08:34.404+0000] {dag.py:3036} INFO - Sync 1 DAGs
[2026-04-21T01:08:34.418+0000] {logging_mixin.py:188} INFO - [2026-04-21T01:08:34.418+0000] {dag.py:3823} INFO - Setting next_dagrun for tutorial_taskflow_api to None, run_after=None
[2026-04-21T01:08:34.437+0000] {processor.py:183} INFO - Processing /home/airflow/.local/lib/python3.8/site-packages/airflow/example_dags/tutorial_taskflow_api.py took 0.075 seconds
[2026-04-21T01:09:04.987+0000] {processor.py:161} INFO - Started process (PID=3709380) to work on /home/airflow/.local/lib/python3.8/site-packages/airflow/example_dags/tutorial_taskflow_api.py
[2026-04-21T01:09:04.989+0000] {processor.py:830} INFO - Processing file /home/airflow/.local/lib/python3.8/site-packages/airflow/example_dags/tutorial_taskflow_api.py for tasks to queue
[2026-04-21T01:09:04.992+0000] {logging_mixin.py:188} INFO - [2026-04-21T01:09:04.991+0000] {dagbag.py:538} INFO - Filling up the DagBag from /home/airflow/.local/lib/python3.8/site-packages/airflow/example_dags/tutorial_taskflow_api.py
[2026-04-21T01:09:05.000+0000] {processor.py:840} INFO - DAG(s) 'tutorial_taskflow_api' retrieved from /home/airflow/.local/lib/python3.8/site-packages/airflow/example_dags/tutorial_taskflow_api.py
[2026-04-21T01:09:05.023+0000] {logging_mixin.py:188} INFO - [2026-04-21T01:09:05.023+0000] {dag.py:3036} INFO - Sync 1 DAGs
[2026-04-21T01:09:05.037+0000] {logging_mixin.py:188} INFO - [2026-04-21T01:09:05.037+0000] {dag.py:3823} INFO - Setting next_dagrun for tutorial_taskflow_api to None, run_after=None
[2026-04-21T01:09:05.057+0000] {processor.py:183} INFO - Processing /home/airflow/.local/lib/python3.8/site-packages/airflow/example_dags/tutorial_taskflow_api.py took 0.077 seconds
[2026-04-21T01:09:35.887+0000] {processor.py:161} INFO - Started process (PID=3709437) to work on /home/airflow/.local/lib/python3.8/site-packages/airflow/example_dags/tutorial_taskflow_api.py
[2026-04-21T01:09:35.888+0000] {processor.py:830} INFO - Processing file /home/airflow/.local/lib/python3.8/site-packages/airflow/example_dags/tutorial_taskflow_api.py for tasks to queue
[2026-04-21T01:09:35.890+0000] {logging_mixin.py:188} INFO - [2026-04-21T01:09:35.890+0000] {dagbag.py:538} INFO - Filling up the DagBag from /home/airflow/.local/lib/python3.8/site-packages/airflow/example_dags/tutorial_taskflow_api.py
[2026-04-21T01:09:35.898+0000] {processor.py:840} INFO - DAG(s) 'tutorial_taskflow_api' retrieved from /home/airflow/.local/lib/python3.8/site-packages/airflow/example_dags/tutorial_taskflow_api.py
[2026-04-21T01:09:35.923+0000] {logging_mixin.py:188} INFO - [2026-04-21T01:09:35.923+0000] {dag.py:3036} INFO - Sync 1 DAGs
[2026-04-21T01:09:35.937+0000] {logging_mixin.py:188} INFO - [2026-04-21T01:09:35.937+0000] {dag.py:3823} INFO - Setting next_dagrun for tutorial_taskflow_api to None, run_after=None
[2026-04-21T01:09:35.957+0000] {processor.py:183} INFO - Processing /home/airflow/.local/lib/python3.8/site-packages/airflow/example_dags/tutorial_taskflow_api.py took 0.074 seconds
[2026-04-21T01:10:06.443+0000] {processor.py:161} INFO - Started process (PID=3709494) to work on /home/airflow/.local/lib/python3.8/site-packages/airflow/example_dags/tutorial_taskflow_api.py
[2026-04-21T01:10:06.445+0000] {processor.py:830} INFO - Processing file /home/airflow/.local/lib/python3.8/site-packages/airflow/example_dags/tutorial_taskflow_api.py for tasks to queue
[2026-04-21T01:10:06.448+0000] {logging_mixin.py:188} INFO - [2026-04-21T01:10:06.447+0000] {dagbag.py:538} INFO - Filling up the DagBag from /home/airflow/.local/lib/python3.8/site-packages/airflow/example_dags/tutorial_taskflow_api.py
[2026-04-21T01:10:06.456+0000] {processor.py:840} INFO - DAG(s) 'tutorial_taskflow_api' retrieved from /home/airflow/.local/lib/python3.8/site-packages/airflow/example_dags/tutorial_taskflow_api.py
[2026-04-21T01:10:06.482+0000] {logging_mixin.py:188} INFO - [2026-04-21T01:10:06.481+0000] {dag.py:3036} INFO - Sync 1 DAGs
[2026-04-21T01:10:06.496+0000] {logging_mixin.py:188} INFO - [2026-04-21T01:10:06.496+0000] {dag.py:3823} INFO - Setting next_dagrun for tutorial_taskflow_api to None, run_after=None
[2026-04-21T01:10:06.517+0000] {processor.py:183} INFO - Processing /home/airflow/.local/lib/python3.8/site-packages/airflow/example_dags/tutorial_taskflow_api.py took 0.079 seconds
[2026-04-21T01:10:36.642+0000] {processor.py:161} INFO - Started process (PID=3709551) to work on /home/airflow/.local/lib/python3.8/site-packages/airflow/example_dags/tutorial_taskflow_api.py
[2026-04-21T01:10:36.643+0000] {processor.py:830} INFO - Processing file /home/airflow/.local/lib/python3.8/site-packages/airflow/example_dags/tutorial_taskflow_api.py for tasks to queue
[2026-04-21T01:10:36.646+0000] {logging_mixin.py:188} INFO - [2026-04-21T01:10:36.645+0000] {dagbag.py:538} INFO - Filling up the DagBag from /home/airflow/.local/lib/python3.8/site-packages/airflow/example_dags/tutorial_taskflow_api.py
[2026-04-21T01:10:36.654+0000] {processor.py:840} INFO - DAG(s) 'tutorial_taskflow_api' retrieved from /home/airflow/.local/lib/python3.8/site-packages/airflow/example_dags/tutorial_taskflow_api.py
[2026-04-21T01:10:36.678+0000] {logging_mixin.py:188} INFO - [2026-04-21T01:10:36.678+0000] {dag.py:3036} INFO - Sync 1 DAGs
[2026-04-21T01:10:36.692+0000] {logging_mixin.py:188} INFO - [2026-04-21T01:10:36.692+0000] {dag.py:3823} INFO - Setting next_dagrun for tutorial_taskflow_api to None, run_after=None
[2026-04-21T01:10:36.711+0000] {processor.py:183} INFO - Processing /home/airflow/.local/lib/python3.8/site-packages/airflow/example_dags/tutorial_taskflow_api.py took 0.074 seconds
[2026-04-21T01:11:06.909+0000] {processor.py:161} INFO - Started process (PID=3709608) to work on /home/airflow/.local/lib/python3.8/site-packages/airflow/example_dags/tutorial_taskflow_api.py
[2026-04-21T01:11:06.911+0000] {processor.py:830} INFO - Processing file /home/airflow/.local/lib/python3.8/site-packages/airflow/example_dags/tutorial_taskflow_api.py for tasks to queue
[2026-04-21T01:11:06.913+0000] {logging_mixin.py:188} INFO - [2026-04-21T01:11:06.913+0000] {dagbag.py:538} INFO - Filling up the DagBag from /home/airflow/.local/lib/python3.8/site-packages/airflow/example_dags/tutorial_taskflow_api.py
[2026-04-21T01:11:06.922+0000] {processor.py:840} INFO - DAG(s) 'tutorial_taskflow_api' retrieved from /home/airflow/.local/lib/python3.8/site-packages/airflow/example_dags/tutorial_taskflow_api.py
[2026-04-21T01:11:06.948+0000] {logging_mixin.py:188} INFO - [2026-04-21T01:11:06.948+0000] {dag.py:3036} INFO - Sync 1 DAGs
[2026-04-21T01:11:06.963+0000] {logging_mixin.py:188} INFO - [2026-04-21T01:11:06.962+0000] {dag.py:3823} INFO - Setting next_dagrun for tutorial_taskflow_api to None, run_after=None
[2026-04-21T01:11:06.982+0000] {processor.py:183} INFO - Processing /home/airflow/.local/lib/python3.8/site-packages/airflow/example_dags/tutorial_taskflow_api.py took 0.078 seconds
[2026-04-21T01:11:37.017+0000] {processor.py:161} INFO - Started process (PID=3709664) to work on /home/airflow/.local/lib/python3.8/site-packages/airflow/example_dags/tutorial_taskflow_api.py
[2026-04-21T01:11:37.018+0000] {processor.py:830} INFO - Processing file /home/airflow/.local/lib/python3.8/site-packages/airflow/example_dags/tutorial_taskflow_api.py for tasks to queue
[2026-04-21T01:11:37.021+0000] {logging_mixin.py:188} INFO - [2026-04-21T01:11:37.020+0000] {dagbag.py:538} INFO - Filling up the DagBag from /home/airflow/.local/lib/python3.8/site-packages/airflow/example_dags/tutorial_taskflow_api.py
[2026-04-21T01:11:37.030+0000] {processor.py:840} INFO - DAG(s) 'tutorial_taskflow_api' retrieved from /home/airflow/.local/lib/python3.8/site-packages/airflow/example_dags/tutorial_taskflow_api.py
[2026-04-21T01:11:37.055+0000] {logging_mixin.py:188} INFO - [2026-04-21T01:11:37.054+0000] {dag.py:3036} INFO - Sync 1 DAGs
[2026-04-21T01:11:37.069+0000] {logging_mixin.py:188} INFO - [2026-04-21T01:11:37.068+0000] {dag.py:3823} INFO - Setting next_dagrun for tutorial_taskflow_api to None, run_after=None
[2026-04-21T01:11:37.088+0000] {processor.py:183} INFO - Processing /home/airflow/.local/lib/python3.8/site-packages/airflow/example_dags/tutorial_taskflow_api.py took 0.076 seconds
[2026-04-21T01:12:07.425+0000] {processor.py:161} INFO - Started process (PID=3709722) to work on /home/airflow/.local/lib/python3.8/site-packages/airflow/example_dags/tutorial_taskflow_api.py
[2026-04-21T01:12:07.427+0000] {processor.py:830} INFO - Processing file /home/airflow/.local/lib/python3.8/site-packages/airflow/example_dags/tutorial_taskflow_api.py for tasks to queue
[2026-04-21T01:12:07.429+0000] {logging_mixin.py:188} INFO - [2026-04-21T01:12:07.429+0000] {dagbag.py:538} INFO - Filling up the DagBag from /home/airflow/.local/lib/python3.8/site-packages/airflow/example_dags/tutorial_taskflow_api.py
[2026-04-21T01:12:07.437+0000] {processor.py:840} INFO - DAG(s) 'tutorial_taskflow_api' retrieved from /home/airflow/.local/lib/python3.8/site-packages/airflow/example_dags/tutorial_taskflow_api.py
[2026-04-21T01:12:07.465+0000] {logging_mixin.py:188} INFO - [2026-04-21T01:12:07.464+0000] {dag.py:3036} INFO - Sync 1 DAGs
[2026-04-21T01:12:07.479+0000] {logging_mixin.py:188} INFO - [2026-04-21T01:12:07.479+0000] {dag.py:3823} INFO - Setting next_dagrun for tutorial_taskflow_api to None, run_after=None
[2026-04-21T01:12:07.499+0000] {processor.py:183} INFO - Processing /home/airflow/.local/lib/python3.8/site-packages/airflow/example_dags/tutorial_taskflow_api.py took 0.078 seconds
[2026-04-21T01:12:37.712+0000] {processor.py:161} INFO - Started process (PID=3709779) to work on /home/airflow/.local/lib/python3.8/site-packages/airflow/example_dags/tutorial_taskflow_api.py
[2026-04-21T01:12:37.713+0000] {processor.py:830} INFO - Processing file /home/airflow/.local/lib/python3.8/site-packages/airflow/example_dags/tutorial_taskflow_api.py for tasks to queue
[2026-04-21T01:12:37.716+0000] {logging_mixin.py:188} INFO - [2026-04-21T01:12:37.715+0000] {dagbag.py:538} INFO - Filling up the DagBag from /home/airflow/.local/lib/python3.8/site-packages/airflow/example_dags/tutorial_taskflow_api.py
[2026-04-21T01:12:37.724+0000] {processor.py:840} INFO - DAG(s) 'tutorial_taskflow_api' retrieved from /home/airflow/.local/lib/python3.8/site-packages/airflow/example_dags/tutorial_taskflow_api.py
[2026-04-21T01:12:37.749+0000] {logging_mixin.py:188} INFO - [2026-04-21T01:12:37.749+0000] {dag.py:3036} INFO - Sync 1 DAGs
[2026-04-21T01:12:37.764+0000] {logging_mixin.py:188} INFO - [2026-04-21T01:12:37.764+0000] {dag.py:3823} INFO - Setting next_dagrun for tutorial_taskflow_api to None, run_after=None
[2026-04-21T01:12:37.786+0000] {processor.py:183} INFO - Processing /home/airflow/.local/lib/python3.8/site-packages/airflow/example_dags/tutorial_taskflow_api.py took 0.078 seconds
[2026-04-21T01:13:07.982+0000] {processor.py:161} INFO - Started process (PID=3709836) to work on /home/airflow/.local/lib/python3.8/site-packages/airflow/example_dags/tutorial_taskflow_api.py
[2026-04-21T01:13:07.984+0000] {processor.py:830} INFO - Processing file /home/airflow/.local/lib/python3.8/site-packages/airflow/example_dags/tutorial_taskflow_api.py for tasks to queue
[2026-04-21T01:13:07.986+0000] {logging_mixin.py:188} INFO - [2026-04-21T01:13:07.986+0000] {dagbag.py:538} INFO - Filling up the DagBag from /home/airflow/.local/lib/python3.8/site-packages/airflow/example_dags/tutorial_taskflow_api.py
[2026-04-21T01:13:07.994+0000] {processor.py:840} INFO - DAG(s) 'tutorial_taskflow_api' retrieved from /home/airflow/.local/lib/python3.8/site-packages/airflow/example_dags/tutorial_taskflow_api.py
[2026-04-21T01:13:08.019+0000] {logging_mixin.py:188} INFO - [2026-04-21T01:13:08.018+0000] {dag.py:3036} INFO - Sync 1 DAGs
[2026-04-21T01:13:08.033+0000] {logging_mixin.py:188} INFO - [2026-04-21T01:13:08.033+0000] {dag.py:3823} INFO - Setting next_dagrun for tutorial_taskflow_api to None, run_after=None
[2026-04-21T01:13:08.053+0000] {processor.py:183} INFO - Processing /home/airflow/.local/lib/python3.8/site-packages/airflow/example_dags/tutorial_taskflow_api.py took 0.076 seconds
[2026-04-21T01:13:38.225+0000] {processor.py:161} INFO - Started process (PID=3709893) to work on /home/airflow/.local/lib/python3.8/site-packages/airflow/example_dags/tutorial_taskflow_api.py
[2026-04-21T01:13:38.227+0000] {processor.py:830} INFO - Processing file /home/airflow/.local/lib/python3.8/site-packages/airflow/example_dags/tutorial_taskflow_api.py for tasks to queue
[2026-04-21T01:13:38.229+0000] {logging_mixin.py:188} INFO - [2026-04-21T01:13:38.229+0000] {dagbag.py:538} INFO - Filling up the DagBag from /home/airflow/.local/lib/python3.8/site-packages/airflow/example_dags/tutorial_taskflow_api.py
[2026-04-21T01:13:38.237+0000] {processor.py:840} INFO - DAG(s) 'tutorial_taskflow_api' retrieved from /home/airflow/.local/lib/python3.8/site-packages/airflow/example_dags/tutorial_taskflow_api.py
[2026-04-21T01:13:38.263+0000] {logging_mixin.py:188} INFO - [2026-04-21T01:13:38.263+0000] {dag.py:3036} INFO - Sync 1 DAGs
[2026-04-21T01:13:38.277+0000] {logging_mixin.py:188} INFO - [2026-04-21T01:13:38.277+0000] {dag.py:3823} INFO - Setting next_dagrun for tutorial_taskflow_api to None, run_after=None
[2026-04-21T01:13:38.297+0000] {processor.py:183} INFO - Processing /home/airflow/.local/lib/python3.8/site-packages/airflow/example_dags/tutorial_taskflow_api.py took 0.077 seconds
[2026-04-21T01:14:08.433+0000] {processor.py:161} INFO - Started process (PID=3709950) to work on /home/airflow/.local/lib/python3.8/site-packages/airflow/example_dags/tutorial_taskflow_api.py
[2026-04-21T01:14:08.435+0000] {processor.py:830} INFO - Processing file /home/airflow/.local/lib/python3.8/site-packages/airflow/example_dags/tutorial_taskflow_api.py for tasks to queue
[2026-04-21T01:14:08.437+0000] {logging_mixin.py:188} INFO - [2026-04-21T01:14:08.437+0000] {dagbag.py:538} INFO - Filling up the DagBag from /home/airflow/.local/lib/python3.8/site-packages/airflow/example_dags/tutorial_taskflow_api.py
[2026-04-21T01:14:08.446+0000] {processor.py:840} INFO - DAG(s) 'tutorial_taskflow_api' retrieved from /home/airflow/.local/lib/python3.8/site-packages/airflow/example_dags/tutorial_taskflow_api.py
[2026-04-21T01:14:08.471+0000] {logging_mixin.py:188} INFO - [2026-04-21T01:14:08.471+0000] {dag.py:3036} INFO - Sync 1 DAGs
[2026-04-21T01:14:08.486+0000] {logging_mixin.py:188} INFO - [2026-04-21T01:14:08.486+0000] {dag.py:3823} INFO - Setting next_dagrun for tutorial_taskflow_api to None, run_after=None
[2026-04-21T01:14:08.507+0000] {processor.py:183} INFO - Processing /home/airflow/.local/lib/python3.8/site-packages/airflow/example_dags/tutorial_taskflow_api.py took 0.079 seconds
[2026-04-21T01:14:38.748+0000] {processor.py:161} INFO - Started process (PID=3710007) to work on /home/airflow/.local/lib/python3.8/site-packages/airflow/example_dags/tutorial_taskflow_api.py
[2026-04-21T01:14:38.749+0000] {processor.py:830} INFO - Processing file /home/airflow/.local/lib/python3.8/site-packages/airflow/example_dags/tutorial_taskflow_api.py for tasks to queue
[2026-04-21T01:14:38.752+0000] {logging_mixin.py:188} INFO - [2026-04-21T01:14:38.751+0000] {dagbag.py:538} INFO - Filling up the DagBag from /home/airflow/.local/lib/python3.8/site-packages/airflow/example_dags/tutorial_taskflow_api.py
[2026-04-21T01:14:38.760+0000] {processor.py:840} INFO - DAG(s) 'tutorial_taskflow_api' retrieved from /home/airflow/.local/lib/python3.8/site-packages/airflow/example_dags/tutorial_taskflow_api.py
[2026-04-21T01:14:38.785+0000] {logging_mixin.py:188} INFO - [2026-04-21T01:14:38.785+0000] {dag.py:3036} INFO - Sync 1 DAGs
[2026-04-21T01:14:38.799+0000] {logging_mixin.py:188} INFO - [2026-04-21T01:14:38.799+0000] {dag.py:3823} INFO - Setting next_dagrun for tutorial_taskflow_api to None, run_after=None
[2026-04-21T01:14:38.819+0000] {processor.py:183} INFO - Processing /home/airflow/.local/lib/python3.8/site-packages/airflow/example_dags/tutorial_taskflow_api.py took 0.077 seconds
[2026-04-21T01:15:09.235+0000] {processor.py:161} INFO - Started process (PID=3710064) to work on /home/airflow/.local/lib/python3.8/site-packages/airflow/example_dags/tutorial_taskflow_api.py
[2026-04-21T01:15:09.237+0000] {processor.py:830} INFO - Processing file /home/airflow/.local/lib/python3.8/site-packages/airflow/example_dags/tutorial_taskflow_api.py for tasks to queue
[2026-04-21T01:15:09.240+0000] {logging_mixin.py:188} INFO - [2026-04-21T01:15:09.239+0000] {dagbag.py:538} INFO - Filling up the DagBag from /home/airflow/.local/lib/python3.8/site-packages/airflow/example_dags/tutorial_taskflow_api.py
[2026-04-21T01:15:09.248+0000] {processor.py:840} INFO - DAG(s) 'tutorial_taskflow_api' retrieved from /home/airflow/.local/lib/python3.8/site-packages/airflow/example_dags/tutorial_taskflow_api.py
[2026-04-21T01:15:09.273+0000] {logging_mixin.py:188} INFO - [2026-04-21T01:15:09.273+0000] {dag.py:3036} INFO - Sync 1 DAGs
[2026-04-21T01:15:09.287+0000] {logging_mixin.py:188} INFO - [2026-04-21T01:15:09.287+0000] {dag.py:3823} INFO - Setting next_dagrun for tutorial_taskflow_api to None, run_after=None
[2026-04-21T01:15:09.307+0000] {processor.py:183} INFO - Processing /home/airflow/.local/lib/python3.8/site-packages/airflow/example_dags/tutorial_taskflow_api.py took 0.077 seconds
[2026-04-21T01:15:39.558+0000] {processor.py:161} INFO - Started process (PID=3710121) to work on /home/airflow/.local/lib/python3.8/site-packages/airflow/example_dags/tutorial_taskflow_api.py
[2026-04-21T01:15:39.560+0000] {processor.py:830} INFO - Processing file /home/airflow/.local/lib/python3.8/site-packages/airflow/example_dags/tutorial_taskflow_api.py for tasks to queue
[2026-04-21T01:15:39.562+0000] {logging_mixin.py:188} INFO - [2026-04-21T01:15:39.562+0000] {dagbag.py:538} INFO - Filling up the DagBag from /home/airflow/.local/lib/python3.8/site-packages/airflow/example_dags/tutorial_taskflow_api.py
[2026-04-21T01:15:39.571+0000] {processor.py:840} INFO - DAG(s) 'tutorial_taskflow_api' retrieved from /home/airflow/.local/lib/python3.8/site-packages/airflow/example_dags/tutorial_taskflow_api.py
[2026-04-21T01:15:39.598+0000] {logging_mixin.py:188} INFO - [2026-04-21T01:15:39.598+0000] {dag.py:3036} INFO - Sync 1 DAGs
[2026-04-21T01:15:39.612+0000] {logging_mixin.py:188} INFO - [2026-04-21T01:15:39.612+0000] {dag.py:3823} INFO - Setting next_dagrun for tutorial_taskflow_api to None, run_after=None
[2026-04-21T01:15:39.634+0000] {processor.py:183} INFO - Processing /home/airflow/.local/lib/python3.8/site-packages/airflow/example_dags/tutorial_taskflow_api.py took 0.081 seconds
[2026-04-21T01:16:09.784+0000] {processor.py:161} INFO - Started process (PID=3710178) to work on /home/airflow/.local/lib/python3.8/site-packages/airflow/example_dags/tutorial_taskflow_api.py
[2026-04-21T01:16:09.786+0000] {processor.py:830} INFO - Processing file /home/airflow/.local/lib/python3.8/site-packages/airflow/example_dags/tutorial_taskflow_api.py for tasks to queue
[2026-04-21T01:16:09.788+0000] {logging_mixin.py:188} INFO - [2026-04-21T01:16:09.788+0000] {dagbag.py:538} INFO - Filling up the DagBag from /home/airflow/.local/lib/python3.8/site-packages/airflow/example_dags/tutorial_taskflow_api.py
[2026-04-21T01:16:09.797+0000] {processor.py:840} INFO - DAG(s) 'tutorial_taskflow_api' retrieved from /home/airflow/.local/lib/python3.8/site-packages/airflow/example_dags/tutorial_taskflow_api.py
[2026-04-21T01:16:09.823+0000] {logging_mixin.py:188} INFO - [2026-04-21T01:16:09.823+0000] {dag.py:3036} INFO - Sync 1 DAGs
[2026-04-21T01:16:09.837+0000] {logging_mixin.py:188} INFO - [2026-04-21T01:16:09.837+0000] {dag.py:3823} INFO - Setting next_dagrun for tutorial_taskflow_api to None, run_after=None
[2026-04-21T01:16:09.857+0000] {processor.py:183} INFO - Processing /home/airflow/.local/lib/python3.8/site-packages/airflow/example_dags/tutorial_taskflow_api.py took 0.078 seconds
[2026-04-21T01:16:40.062+0000] {processor.py:161} INFO - Started process (PID=3710235) to work on /home/airflow/.local/lib/python3.8/site-packages/airflow/example_dags/tutorial_taskflow_api.py
[2026-04-21T01:16:40.064+0000] {processor.py:830} INFO - Processing file /home/airflow/.local/lib/python3.8/site-packages/airflow/example_dags/tutorial_taskflow_api.py for tasks to queue
[2026-04-21T01:16:40.066+0000] {logging_mixin.py:188} INFO - [2026-04-21T01:16:40.066+0000] {dagbag.py:538} INFO - Filling up the DagBag from /home/airflow/.local/lib/python3.8/site-packages/airflow/example_dags/tutorial_taskflow_api.py
[2026-04-21T01:16:40.074+0000] {processor.py:840} INFO - DAG(s) 'tutorial_taskflow_api' retrieved from /home/airflow/.local/lib/python3.8/site-packages/airflow/example_dags/tutorial_taskflow_api.py
[2026-04-21T01:16:40.100+0000] {logging_mixin.py:188} INFO - [2026-04-21T01:16:40.100+0000] {dag.py:3036} INFO - Sync 1 DAGs
[2026-04-21T01:16:40.114+0000] {logging_mixin.py:188} INFO - [2026-04-21T01:16:40.114+0000] {dag.py:3823} INFO - Setting next_dagrun for tutorial_taskflow_api to None, run_after=None
[2026-04-21T01:16:40.134+0000] {processor.py:183} INFO - Processing /home/airflow/.local/lib/python3.8/site-packages/airflow/example_dags/tutorial_taskflow_api.py took 0.077 seconds
[2026-04-21T01:17:10.294+0000] {processor.py:161} INFO - Started process (PID=3710292) to work on /home/airflow/.local/lib/python3.8/site-packages/airflow/example_dags/tutorial_taskflow_api.py
[2026-04-21T01:17:10.296+0000] {processor.py:830} INFO - Processing file /home/airflow/.local/lib/python3.8/site-packages/airflow/example_dags/tutorial_taskflow_api.py for tasks to queue
[2026-04-21T01:17:10.298+0000] {logging_mixin.py:188} INFO - [2026-04-21T01:17:10.298+0000] {dagbag.py:538} INFO - Filling up the DagBag from /home/airflow/.local/lib/python3.8/site-packages/airflow/example_dags/tutorial_taskflow_api.py
[2026-04-21T01:17:10.306+0000] {processor.py:840} INFO - DAG(s) 'tutorial_taskflow_api' retrieved from /home/airflow/.local/lib/python3.8/site-packages/airflow/example_dags/tutorial_taskflow_api.py
[2026-04-21T01:17:10.331+0000] {logging_mixin.py:188} INFO - [2026-04-21T01:17:10.330+0000] {dag.py:3036} INFO - Sync 1 DAGs
[2026-04-21T01:17:10.345+0000] {logging_mixin.py:188} INFO - [2026-04-21T01:17:10.344+0000] {dag.py:3823} INFO - Setting next_dagrun for tutorial_taskflow_api to None, run_after=None
[2026-04-21T01:17:10.364+0000] {processor.py:183} INFO - Processing /home/airflow/.local/lib/python3.8/site-packages/airflow/example_dags/tutorial_taskflow_api.py took 0.075 seconds
[2026-04-21T01:17:40.613+0000] {processor.py:161} INFO - Started process (PID=3710349) to work on /home/airflow/.local/lib/python3.8/site-packages/airflow/example_dags/tutorial_taskflow_api.py
[2026-04-21T01:17:40.614+0000] {processor.py:830} INFO - Processing file /home/airflow/.local/lib/python3.8/site-packages/airflow/example_dags/tutorial_taskflow_api.py for tasks to queue
[2026-04-21T01:17:40.617+0000] {logging_mixin.py:188} INFO - [2026-04-21T01:17:40.616+0000] {dagbag.py:538} INFO - Filling up the DagBag from /home/airflow/.local/lib/python3.8/site-packages/airflow/example_dags/tutorial_taskflow_api.py
[2026-04-21T01:17:40.625+0000] {processor.py:840} INFO - DAG(s) 'tutorial_taskflow_api' retrieved from /home/airflow/.local/lib/python3.8/site-packages/airflow/example_dags/tutorial_taskflow_api.py
[2026-04-21T01:17:40.650+0000] {logging_mixin.py:188} INFO - [2026-04-21T01:17:40.649+0000] {dag.py:3036} INFO - Sync 1 DAGs
[2026-04-21T01:17:40.664+0000] {logging_mixin.py:188} INFO - [2026-04-21T01:17:40.664+0000] {dag.py:3823} INFO - Setting next_dagrun for tutorial_taskflow_api to None, run_after=None
[2026-04-21T01:17:40.683+0000] {processor.py:183} INFO - Processing /home/airflow/.local/lib/python3.8/site-packages/airflow/example_dags/tutorial_taskflow_api.py took 0.075 seconds
[2026-04-21T01:18:10.714+0000] {processor.py:161} INFO - Started process (PID=3710405) to work on /home/airflow/.local/lib/python3.8/site-packages/airflow/example_dags/tutorial_taskflow_api.py
[2026-04-21T01:18:10.716+0000] {processor.py:830} INFO - Processing file /home/airflow/.local/lib/python3.8/site-packages/airflow/example_dags/tutorial_taskflow_api.py for tasks to queue
[2026-04-21T01:18:10.719+0000] {logging_mixin.py:188} INFO - [2026-04-21T01:18:10.718+0000] {dagbag.py:538} INFO - Filling up the DagBag from /home/airflow/.local/lib/python3.8/site-packages/airflow/example_dags/tutorial_taskflow_api.py
[2026-04-21T01:18:10.728+0000] {processor.py:840} INFO - DAG(s) 'tutorial_taskflow_api' retrieved from /home/airflow/.local/lib/python3.8/site-packages/airflow/example_dags/tutorial_taskflow_api.py
[2026-04-21T01:18:10.754+0000] {logging_mixin.py:188} INFO - [2026-04-21T01:18:10.754+0000] {dag.py:3036} INFO - Sync 1 DAGs
[2026-04-21T01:18:10.769+0000] {logging_mixin.py:188} INFO - [2026-04-21T01:18:10.769+0000] {dag.py:3823} INFO - Setting next_dagrun for tutorial_taskflow_api to None, run_after=None
[2026-04-21T01:18:10.791+0000] {processor.py:183} INFO - Processing /home/airflow/.local/lib/python3.8/site-packages/airflow/example_dags/tutorial_taskflow_api.py took 0.082 seconds
[2026-04-21T01:18:41.049+0000] {processor.py:161} INFO - Started process (PID=3710463) to work on /home/airflow/.local/lib/python3.8/site-packages/airflow/example_dags/tutorial_taskflow_api.py
[2026-04-21T01:18:41.051+0000] {processor.py:830} INFO - Processing file /home/airflow/.local/lib/python3.8/site-packages/airflow/example_dags/tutorial_taskflow_api.py for tasks to queue
[2026-04-21T01:18:41.053+0000] {logging_mixin.py:188} INFO - [2026-04-21T01:18:41.053+0000] {dagbag.py:538} INFO - Filling up the DagBag from /home/airflow/.local/lib/python3.8/site-packages/airflow/example_dags/tutorial_taskflow_api.py
[2026-04-21T01:18:41.062+0000] {processor.py:840} INFO - DAG(s) 'tutorial_taskflow_api' retrieved from /home/airflow/.local/lib/python3.8/site-packages/airflow/example_dags/tutorial_taskflow_api.py
[2026-04-21T01:18:41.089+0000] {logging_mixin.py:188} INFO - [2026-04-21T01:18:41.088+0000] {dag.py:3036} INFO - Sync 1 DAGs
[2026-04-21T01:18:41.105+0000] {logging_mixin.py:188} INFO - [2026-04-21T01:18:41.105+0000] {dag.py:3823} INFO - Setting next_dagrun for tutorial_taskflow_api to None, run_after=None
[2026-04-21T01:18:41.126+0000] {processor.py:183} INFO - Processing /home/airflow/.local/lib/python3.8/site-packages/airflow/example_dags/tutorial_taskflow_api.py took 0.082 seconds
[2026-04-21T01:19:11.381+0000] {processor.py:161} INFO - Started process (PID=3710520) to work on /home/airflow/.local/lib/python3.8/site-packages/airflow/example_dags/tutorial_taskflow_api.py
[2026-04-21T01:19:11.383+0000] {processor.py:830} INFO - Processing file /home/airflow/.local/lib/python3.8/site-packages/airflow/example_dags/tutorial_taskflow_api.py for tasks to queue
[2026-04-21T01:19:11.385+0000] {logging_mixin.py:188} INFO - [2026-04-21T01:19:11.385+0000] {dagbag.py:538} INFO - Filling up the DagBag from /home/airflow/.local/lib/python3.8/site-packages/airflow/example_dags/tutorial_taskflow_api.py
[2026-04-21T01:19:11.395+0000] {processor.py:840} INFO - DAG(s) 'tutorial_taskflow_api' retrieved from /home/airflow/.local/lib/python3.8/site-packages/airflow/example_dags/tutorial_taskflow_api.py
[2026-04-21T01:19:11.422+0000] {logging_mixin.py:188} INFO - [2026-04-21T01:19:11.422+0000] {dag.py:3036} INFO - Sync 1 DAGs
[2026-04-21T01:19:11.439+0000] {logging_mixin.py:188} INFO - [2026-04-21T01:19:11.439+0000] {dag.py:3823} INFO - Setting next_dagrun for tutorial_taskflow_api to None, run_after=None
[2026-04-21T01:19:11.462+0000] {processor.py:183} INFO - Processing /home/airflow/.local/lib/python3.8/site-packages/airflow/example_dags/tutorial_taskflow_api.py took 0.087 seconds
[2026-04-21T01:19:41.570+0000] {processor.py:161} INFO - Started process (PID=3710577) to work on /home/airflow/.local/lib/python3.8/site-packages/airflow/example_dags/tutorial_taskflow_api.py
[2026-04-21T01:19:41.572+0000] {processor.py:830} INFO - Processing file /home/airflow/.local/lib/python3.8/site-packages/airflow/example_dags/tutorial_taskflow_api.py for tasks to queue
[2026-04-21T01:19:41.574+0000] {logging_mixin.py:188} INFO - [2026-04-21T01:19:41.574+0000] {dagbag.py:538} INFO - Filling up the DagBag from /home/airflow/.local/lib/python3.8/site-packages/airflow/example_dags/tutorial_taskflow_api.py
[2026-04-21T01:19:41.583+0000] {processor.py:840} INFO - DAG(s) 'tutorial_taskflow_api' retrieved from /home/airflow/.local/lib/python3.8/site-packages/airflow/example_dags/tutorial_taskflow_api.py
[2026-04-21T01:19:41.610+0000] {logging_mixin.py:188} INFO - [2026-04-21T01:19:41.610+0000] {dag.py:3036} INFO - Sync 1 DAGs
[2026-04-21T01:19:41.625+0000] {logging_mixin.py:188} INFO - [2026-04-21T01:19:41.625+0000] {dag.py:3823} INFO - Setting next_dagrun for tutorial_taskflow_api to None, run_after=None
[2026-04-21T01:19:41.647+0000] {processor.py:183} INFO - Processing /home/airflow/.local/lib/python3.8/site-packages/airflow/example_dags/tutorial_taskflow_api.py took 0.082 seconds
[2026-04-21T01:20:11.891+0000] {processor.py:161} INFO - Started process (PID=3710634) to work on /home/airflow/.local/lib/python3.8/site-packages/airflow/example_dags/tutorial_taskflow_api.py
[2026-04-21T01:20:11.893+0000] {processor.py:830} INFO - Processing file /home/airflow/.local/lib/python3.8/site-packages/airflow/example_dags/tutorial_taskflow_api.py for tasks to queue
[2026-04-21T01:20:11.895+0000] {logging_mixin.py:188} INFO - [2026-04-21T01:20:11.895+0000] {dagbag.py:538} INFO - Filling up the DagBag from /home/airflow/.local/lib/python3.8/site-packages/airflow/example_dags/tutorial_taskflow_api.py
[2026-04-21T01:20:11.903+0000] {processor.py:840} INFO - DAG(s) 'tutorial_taskflow_api' retrieved from /home/airflow/.local/lib/python3.8/site-packages/airflow/example_dags/tutorial_taskflow_api.py
[2026-04-21T01:20:11.930+0000] {logging_mixin.py:188} INFO - [2026-04-21T01:20:11.929+0000] {dag.py:3036} INFO - Sync 1 DAGs
[2026-04-21T01:20:11.945+0000] {logging_mixin.py:188} INFO - [2026-04-21T01:20:11.945+0000] {dag.py:3823} INFO - Setting next_dagrun for tutorial_taskflow_api to None, run_after=None
[2026-04-21T01:20:11.966+0000] {processor.py:183} INFO - Processing /home/airflow/.local/lib/python3.8/site-packages/airflow/example_dags/tutorial_taskflow_api.py took 0.080 seconds
[2026-04-21T01:20:42.541+0000] {processor.py:161} INFO - Started process (PID=3710691) to work on /home/airflow/.local/lib/python3.8/site-packages/airflow/example_dags/tutorial_taskflow_api.py
[2026-04-21T01:20:42.542+0000] {processor.py:830} INFO - Processing file /home/airflow/.local/lib/python3.8/site-packages/airflow/example_dags/tutorial_taskflow_api.py for tasks to queue
[2026-04-21T01:20:42.545+0000] {logging_mixin.py:188} INFO - [2026-04-21T01:20:42.544+0000] {dagbag.py:538} INFO - Filling up the DagBag from /home/airflow/.local/lib/python3.8/site-packages/airflow/example_dags/tutorial_taskflow_api.py
[2026-04-21T01:20:42.553+0000] {processor.py:840} INFO - DAG(s) 'tutorial_taskflow_api' retrieved from /home/airflow/.local/lib/python3.8/site-packages/airflow/example_dags/tutorial_taskflow_api.py
[2026-04-21T01:20:42.579+0000] {logging_mixin.py:188} INFO - [2026-04-21T01:20:42.579+0000] {dag.py:3036} INFO - Sync 1 DAGs
[2026-04-21T01:20:42.594+0000] {logging_mixin.py:188} INFO - [2026-04-21T01:20:42.593+0000] {dag.py:3823} INFO - Setting next_dagrun for tutorial_taskflow_api to None, run_after=None
[2026-04-21T01:20:42.614+0000] {processor.py:183} INFO - Processing /home/airflow/.local/lib/python3.8/site-packages/airflow/example_dags/tutorial_taskflow_api.py took 0.079 seconds
[2026-04-21T01:21:12.694+0000] {processor.py:161} INFO - Started process (PID=3710748) to work on /home/airflow/.local/lib/python3.8/site-packages/airflow/example_dags/tutorial_taskflow_api.py
[2026-04-21T01:21:12.696+0000] {processor.py:830} INFO - Processing file /home/airflow/.local/lib/python3.8/site-packages/airflow/example_dags/tutorial_taskflow_api.py for tasks to queue
[2026-04-21T01:21:12.699+0000] {logging_mixin.py:188} INFO - [2026-04-21T01:21:12.698+0000] {dagbag.py:538} INFO - Filling up the DagBag from /home/airflow/.local/lib/python3.8/site-packages/airflow/example_dags/tutorial_taskflow_api.py
[2026-04-21T01:21:12.707+0000] {processor.py:840} INFO - DAG(s) 'tutorial_taskflow_api' retrieved from /home/airflow/.local/lib/python3.8/site-packages/airflow/example_dags/tutorial_taskflow_api.py
[2026-04-21T01:21:12.732+0000] {logging_mixin.py:188} INFO - [2026-04-21T01:21:12.732+0000] {dag.py:3036} INFO - Sync 1 DAGs
[2026-04-21T01:21:12.746+0000] {logging_mixin.py:188} INFO - [2026-04-21T01:21:12.746+0000] {dag.py:3823} INFO - Setting next_dagrun for tutorial_taskflow_api to None, run_after=None
[2026-04-21T01:21:12.765+0000] {processor.py:183} INFO - Processing /home/airflow/.local/lib/python3.8/site-packages/airflow/example_dags/tutorial_taskflow_api.py took 0.075 seconds
[2026-04-21T01:21:42.839+0000] {processor.py:161} INFO - Started process (PID=3710805) to work on /home/airflow/.local/lib/python3.8/site-packages/airflow/example_dags/tutorial_taskflow_api.py
[2026-04-21T01:21:42.841+0000] {processor.py:830} INFO - Processing file /home/airflow/.local/lib/python3.8/site-packages/airflow/example_dags/tutorial_taskflow_api.py for tasks to queue
[2026-04-21T01:21:42.843+0000] {logging_mixin.py:188} INFO - [2026-04-21T01:21:42.843+0000] {dagbag.py:538} INFO - Filling up the DagBag from /home/airflow/.local/lib/python3.8/site-packages/airflow/example_dags/tutorial_taskflow_api.py
[2026-04-21T01:21:42.851+0000] {processor.py:840} INFO - DAG(s) 'tutorial_taskflow_api' retrieved from /home/airflow/.local/lib/python3.8/site-packages/airflow/example_dags/tutorial_taskflow_api.py
[2026-04-21T01:21:42.877+0000] {logging_mixin.py:188} INFO - [2026-04-21T01:21:42.877+0000] {dag.py:3036} INFO - Sync 1 DAGs
[2026-04-21T01:21:42.892+0000] {logging_mixin.py:188} INFO - [2026-04-21T01:21:42.892+0000] {dag.py:3823} INFO - Setting next_dagrun for tutorial_taskflow_api to None, run_after=None
[2026-04-21T01:21:42.913+0000] {processor.py:183} INFO - Processing /home/airflow/.local/lib/python3.8/site-packages/airflow/example_dags/tutorial_taskflow_api.py took 0.079 seconds
[2026-04-21T01:22:13.308+0000] {processor.py:161} INFO - Started process (PID=3710862) to work on /home/airflow/.local/lib/python3.8/site-packages/airflow/example_dags/tutorial_taskflow_api.py
[2026-04-21T01:22:13.311+0000] {processor.py:830} INFO - Processing file /home/airflow/.local/lib/python3.8/site-packages/airflow/example_dags/tutorial_taskflow_api.py for tasks to queue
[2026-04-21T01:22:13.313+0000] {logging_mixin.py:188} INFO - [2026-04-21T01:22:13.313+0000] {dagbag.py:538} INFO - Filling up the DagBag from /home/airflow/.local/lib/python3.8/site-packages/airflow/example_dags/tutorial_taskflow_api.py
[2026-04-21T01:22:13.321+0000] {processor.py:840} INFO - DAG(s) 'tutorial_taskflow_api' retrieved from /home/airflow/.local/lib/python3.8/site-packages/airflow/example_dags/tutorial_taskflow_api.py
[2026-04-21T01:22:13.346+0000] {logging_mixin.py:188} INFO - [2026-04-21T01:22:13.346+0000] {dag.py:3036} INFO - Sync 1 DAGs
[2026-04-21T01:22:13.361+0000] {logging_mixin.py:188} INFO - [2026-04-21T01:22:13.361+0000] {dag.py:3823} INFO - Setting next_dagrun for tutorial_taskflow_api to None, run_after=None
[2026-04-21T01:22:13.381+0000] {processor.py:183} INFO - Processing /home/airflow/.local/lib/python3.8/site-packages/airflow/example_dags/tutorial_taskflow_api.py took 0.077 seconds
[2026-04-21T01:22:44.086+0000] {processor.py:161} INFO - Started process (PID=3710919) to work on /home/airflow/.local/lib/python3.8/site-packages/airflow/example_dags/tutorial_taskflow_api.py
[2026-04-21T01:22:44.088+0000] {processor.py:830} INFO - Processing file /home/airflow/.local/lib/python3.8/site-packages/airflow/example_dags/tutorial_taskflow_api.py for tasks to queue
[2026-04-21T01:22:44.091+0000] {logging_mixin.py:188} INFO - [2026-04-21T01:22:44.090+0000] {dagbag.py:538} INFO - Filling up the DagBag from /home/airflow/.local/lib/python3.8/site-packages/airflow/example_dags/tutorial_taskflow_api.py
[2026-04-21T01:22:44.099+0000] {processor.py:840} INFO - DAG(s) 'tutorial_taskflow_api' retrieved from /home/airflow/.local/lib/python3.8/site-packages/airflow/example_dags/tutorial_taskflow_api.py
[2026-04-21T01:22:44.125+0000] {logging_mixin.py:188} INFO - [2026-04-21T01:22:44.125+0000] {dag.py:3036} INFO - Sync 1 DAGs
[2026-04-21T01:22:44.140+0000] {logging_mixin.py:188} INFO - [2026-04-21T01:22:44.139+0000] {dag.py:3823} INFO - Setting next_dagrun for tutorial_taskflow_api to None, run_after=None
[2026-04-21T01:22:44.159+0000] {processor.py:183} INFO - Processing /home/airflow/.local/lib/python3.8/site-packages/airflow/example_dags/tutorial_taskflow_api.py took 0.078 seconds
[2026-04-21T01:23:14.584+0000] {processor.py:161} INFO - Started process (PID=3710976) to work on /home/airflow/.local/lib/python3.8/site-packages/airflow/example_dags/tutorial_taskflow_api.py
[2026-04-21T01:23:14.585+0000] {processor.py:830} INFO - Processing file /home/airflow/.local/lib/python3.8/site-packages/airflow/example_dags/tutorial_taskflow_api.py for tasks to queue
[2026-04-21T01:23:14.588+0000] {logging_mixin.py:188} INFO - [2026-04-21T01:23:14.587+0000] {dagbag.py:538} INFO - Filling up the DagBag from /home/airflow/.local/lib/python3.8/site-packages/airflow/example_dags/tutorial_taskflow_api.py
[2026-04-21T01:23:14.596+0000] {processor.py:840} INFO - DAG(s) 'tutorial_taskflow_api' retrieved from /home/airflow/.local/lib/python3.8/site-packages/airflow/example_dags/tutorial_taskflow_api.py
[2026-04-21T01:23:14.621+0000] {logging_mixin.py:188} INFO - [2026-04-21T01:23:14.621+0000] {dag.py:3036} INFO - Sync 1 DAGs
[2026-04-21T01:23:14.635+0000] {logging_mixin.py:188} INFO - [2026-04-21T01:23:14.635+0000] {dag.py:3823} INFO - Setting next_dagrun for tutorial_taskflow_api to None, run_after=None
[2026-04-21T01:23:14.656+0000] {processor.py:183} INFO - Processing /home/airflow/.local/lib/python3.8/site-packages/airflow/example_dags/tutorial_taskflow_api.py took 0.077 seconds
[2026-04-21T01:23:44.823+0000] {processor.py:161} INFO - Started process (PID=3711033) to work on /home/airflow/.local/lib/python3.8/site-packages/airflow/example_dags/tutorial_taskflow_api.py
[2026-04-21T01:23:44.825+0000] {processor.py:830} INFO - Processing file /home/airflow/.local/lib/python3.8/site-packages/airflow/example_dags/tutorial_taskflow_api.py for tasks to queue
[2026-04-21T01:23:44.827+0000] {logging_mixin.py:188} INFO - [2026-04-21T01:23:44.827+0000] {dagbag.py:538} INFO - Filling up the DagBag from /home/airflow/.local/lib/python3.8/site-packages/airflow/example_dags/tutorial_taskflow_api.py
[2026-04-21T01:23:44.835+0000] {processor.py:840} INFO - DAG(s) 'tutorial_taskflow_api' retrieved from /home/airflow/.local/lib/python3.8/site-packages/airflow/example_dags/tutorial_taskflow_api.py
[2026-04-21T01:23:44.860+0000] {logging_mixin.py:188} INFO - [2026-04-21T01:23:44.859+0000] {dag.py:3036} INFO - Sync 1 DAGs
[2026-04-21T01:23:44.873+0000] {logging_mixin.py:188} INFO - [2026-04-21T01:23:44.873+0000] {dag.py:3823} INFO - Setting next_dagrun for tutorial_taskflow_api to None, run_after=None
[2026-04-21T01:23:44.892+0000] {processor.py:183} INFO - Processing /home/airflow/.local/lib/python3.8/site-packages/airflow/example_dags/tutorial_taskflow_api.py took 0.074 seconds
[2026-04-21T01:24:15.143+0000] {processor.py:161} INFO - Started process (PID=3711090) to work on /home/airflow/.local/lib/python3.8/site-packages/airflow/example_dags/tutorial_taskflow_api.py
[2026-04-21T01:24:15.144+0000] {processor.py:830} INFO - Processing file /home/airflow/.local/lib/python3.8/site-packages/airflow/example_dags/tutorial_taskflow_api.py for tasks to queue
[2026-04-21T01:24:15.147+0000] {logging_mixin.py:188} INFO - [2026-04-21T01:24:15.146+0000] {dagbag.py:538} INFO - Filling up the DagBag from /home/airflow/.local/lib/python3.8/site-packages/airflow/example_dags/tutorial_taskflow_api.py
[2026-04-21T01:24:15.155+0000] {processor.py:840} INFO - DAG(s) 'tutorial_taskflow_api' retrieved from /home/airflow/.local/lib/python3.8/site-packages/airflow/example_dags/tutorial_taskflow_api.py
[2026-04-21T01:24:15.180+0000] {logging_mixin.py:188} INFO - [2026-04-21T01:24:15.179+0000] {dag.py:3036} INFO - Sync 1 DAGs
[2026-04-21T01:24:15.194+0000] {logging_mixin.py:188} INFO - [2026-04-21T01:24:15.193+0000] {dag.py:3823} INFO - Setting next_dagrun for tutorial_taskflow_api to None, run_after=None
[2026-04-21T01:24:15.212+0000] {processor.py:183} INFO - Processing /home/airflow/.local/lib/python3.8/site-packages/airflow/example_dags/tutorial_taskflow_api.py took 0.074 seconds
[2026-04-21T01:24:45.363+0000] {processor.py:161} INFO - Started process (PID=3711147) to work on /home/airflow/.local/lib/python3.8/site-packages/airflow/example_dags/tutorial_taskflow_api.py
[2026-04-21T01:24:45.365+0000] {processor.py:830} INFO - Processing file /home/airflow/.local/lib/python3.8/site-packages/airflow/example_dags/tutorial_taskflow_api.py for tasks to queue
[2026-04-21T01:24:45.367+0000] {logging_mixin.py:188} INFO - [2026-04-21T01:24:45.367+0000] {dagbag.py:538} INFO - Filling up the DagBag from /home/airflow/.local/lib/python3.8/site-packages/airflow/example_dags/tutorial_taskflow_api.py
[2026-04-21T01:24:45.376+0000] {processor.py:840} INFO - DAG(s) 'tutorial_taskflow_api' retrieved from /home/airflow/.local/lib/python3.8/site-packages/airflow/example_dags/tutorial_taskflow_api.py
[2026-04-21T01:24:45.400+0000] {logging_mixin.py:188} INFO - [2026-04-21T01:24:45.400+0000] {dag.py:3036} INFO - Sync 1 DAGs
[2026-04-21T01:24:45.415+0000] {logging_mixin.py:188} INFO - [2026-04-21T01:24:45.415+0000] {dag.py:3823} INFO - Setting next_dagrun for tutorial_taskflow_api to None, run_after=None
[2026-04-21T01:24:45.435+0000] {processor.py:183} INFO - Processing /home/airflow/.local/lib/python3.8/site-packages/airflow/example_dags/tutorial_taskflow_api.py took 0.077 seconds
[2026-04-21T01:25:16.102+0000] {processor.py:161} INFO - Started process (PID=3711204) to work on /home/airflow/.local/lib/python3.8/site-packages/airflow/example_dags/tutorial_taskflow_api.py
[2026-04-21T01:25:16.104+0000] {processor.py:830} INFO - Processing file /home/airflow/.local/lib/python3.8/site-packages/airflow/example_dags/tutorial_taskflow_api.py for tasks to queue
[2026-04-21T01:25:16.106+0000] {logging_mixin.py:188} INFO - [2026-04-21T01:25:16.106+0000] {dagbag.py:538} INFO - Filling up the DagBag from /home/airflow/.local/lib/python3.8/site-packages/airflow/example_dags/tutorial_taskflow_api.py
[2026-04-21T01:25:16.114+0000] {processor.py:840} INFO - DAG(s) 'tutorial_taskflow_api' retrieved from /home/airflow/.local/lib/python3.8/site-packages/airflow/example_dags/tutorial_taskflow_api.py
[2026-04-21T01:25:16.139+0000] {logging_mixin.py:188} INFO - [2026-04-21T01:25:16.139+0000] {dag.py:3036} INFO - Sync 1 DAGs
[2026-04-21T01:25:16.153+0000] {logging_mixin.py:188} INFO - [2026-04-21T01:25:16.153+0000] {dag.py:3823} INFO - Setting next_dagrun for tutorial_taskflow_api to None, run_after=None
[2026-04-21T01:25:16.172+0000] {processor.py:183} INFO - Processing /home/airflow/.local/lib/python3.8/site-packages/airflow/example_dags/tutorial_taskflow_api.py took 0.075 seconds
[2026-04-21T01:25:46.430+0000] {processor.py:161} INFO - Started process (PID=3711261) to work on /home/airflow/.local/lib/python3.8/site-packages/airflow/example_dags/tutorial_taskflow_api.py
[2026-04-21T01:25:46.432+0000] {processor.py:830} INFO - Processing file /home/airflow/.local/lib/python3.8/site-packages/airflow/example_dags/tutorial_taskflow_api.py for tasks to queue
[2026-04-21T01:25:46.435+0000] {logging_mixin.py:188} INFO - [2026-04-21T01:25:46.434+0000] {dagbag.py:538} INFO - Filling up the DagBag from /home/airflow/.local/lib/python3.8/site-packages/airflow/example_dags/tutorial_taskflow_api.py
[2026-04-21T01:25:46.444+0000] {processor.py:840} INFO - DAG(s) 'tutorial_taskflow_api' retrieved from /home/airflow/.local/lib/python3.8/site-packages/airflow/example_dags/tutorial_taskflow_api.py
[2026-04-21T01:25:46.471+0000] {logging_mixin.py:188} INFO - [2026-04-21T01:25:46.471+0000] {dag.py:3036} INFO - Sync 1 DAGs
[2026-04-21T01:25:46.492+0000] {logging_mixin.py:188} INFO - [2026-04-21T01:25:46.491+0000] {dag.py:3823} INFO - Setting next_dagrun for tutorial_taskflow_api to None, run_after=None
[2026-04-21T01:25:46.515+0000] {processor.py:183} INFO - Processing /home/airflow/.local/lib/python3.8/site-packages/airflow/example_dags/tutorial_taskflow_api.py took 0.090 seconds
[2026-04-21T01:26:17.046+0000] {processor.py:161} INFO - Started process (PID=3711316) to work on /home/airflow/.local/lib/python3.8/site-packages/airflow/example_dags/tutorial_taskflow_api.py
[2026-04-21T01:26:17.051+0000] {processor.py:830} INFO - Processing file /home/airflow/.local/lib/python3.8/site-packages/airflow/example_dags/tutorial_taskflow_api.py for tasks to queue
[2026-04-21T01:26:17.053+0000] {logging_mixin.py:188} INFO - [2026-04-21T01:26:17.053+0000] {dagbag.py:538} INFO - Filling up the DagBag from /home/airflow/.local/lib/python3.8/site-packages/airflow/example_dags/tutorial_taskflow_api.py
[2026-04-21T01:26:17.062+0000] {processor.py:840} INFO - DAG(s) 'tutorial_taskflow_api' retrieved from /home/airflow/.local/lib/python3.8/site-packages/airflow/example_dags/tutorial_taskflow_api.py
[2026-04-21T01:26:17.088+0000] {logging_mixin.py:188} INFO - [2026-04-21T01:26:17.088+0000] {dag.py:3036} INFO - Sync 1 DAGs
[2026-04-21T01:26:17.103+0000] {logging_mixin.py:188} INFO - [2026-04-21T01:26:17.103+0000] {dag.py:3823} INFO - Setting next_dagrun for tutorial_taskflow_api to None, run_after=None
[2026-04-21T01:26:17.124+0000] {processor.py:183} INFO - Processing /home/airflow/.local/lib/python3.8/site-packages/airflow/example_dags/tutorial_taskflow_api.py took 0.085 seconds
[2026-04-21T01:26:47.698+0000] {processor.py:161} INFO - Started process (PID=3711373) to work on /home/airflow/.local/lib/python3.8/site-packages/airflow/example_dags/tutorial_taskflow_api.py
[2026-04-21T01:26:47.700+0000] {processor.py:830} INFO - Processing file /home/airflow/.local/lib/python3.8/site-packages/airflow/example_dags/tutorial_taskflow_api.py for tasks to queue
[2026-04-21T01:26:47.702+0000] {logging_mixin.py:188} INFO - [2026-04-21T01:26:47.702+0000] {dagbag.py:538} INFO - Filling up the DagBag from /home/airflow/.local/lib/python3.8/site-packages/airflow/example_dags/tutorial_taskflow_api.py
[2026-04-21T01:26:47.711+0000] {processor.py:840} INFO - DAG(s) 'tutorial_taskflow_api' retrieved from /home/airflow/.local/lib/python3.8/site-packages/airflow/example_dags/tutorial_taskflow_api.py
[2026-04-21T01:26:47.738+0000] {logging_mixin.py:188} INFO - [2026-04-21T01:26:47.738+0000] {dag.py:3036} INFO - Sync 1 DAGs
[2026-04-21T01:26:47.754+0000] {logging_mixin.py:188} INFO - [2026-04-21T01:26:47.754+0000] {dag.py:3823} INFO - Setting next_dagrun for tutorial_taskflow_api to None, run_after=None
[2026-04-21T01:26:47.774+0000] {processor.py:183} INFO - Processing /home/airflow/.local/lib/python3.8/site-packages/airflow/example_dags/tutorial_taskflow_api.py took 0.082 seconds
[2026-04-21T01:27:17.861+0000] {processor.py:161} INFO - Started process (PID=3711428) to work on /home/airflow/.local/lib/python3.8/site-packages/airflow/example_dags/tutorial_taskflow_api.py
[2026-04-21T01:27:17.863+0000] {processor.py:830} INFO - Processing file /home/airflow/.local/lib/python3.8/site-packages/airflow/example_dags/tutorial_taskflow_api.py for tasks to queue
[2026-04-21T01:27:17.865+0000] {logging_mixin.py:188} INFO - [2026-04-21T01:27:17.864+0000] {dagbag.py:538} INFO - Filling up the DagBag from /home/airflow/.local/lib/python3.8/site-packages/airflow/example_dags/tutorial_taskflow_api.py
[2026-04-21T01:27:17.873+0000] {processor.py:840} INFO - DAG(s) 'tutorial_taskflow_api' retrieved from /home/airflow/.local/lib/python3.8/site-packages/airflow/example_dags/tutorial_taskflow_api.py
[2026-04-21T01:27:17.900+0000] {logging_mixin.py:188} INFO - [2026-04-21T01:27:17.900+0000] {dag.py:3036} INFO - Sync 1 DAGs
[2026-04-21T01:27:17.915+0000] {logging_mixin.py:188} INFO - [2026-04-21T01:27:17.914+0000] {dag.py:3823} INFO - Setting next_dagrun for tutorial_taskflow_api to None, run_after=None
[2026-04-21T01:27:17.934+0000] {processor.py:183} INFO - Processing /home/airflow/.local/lib/python3.8/site-packages/airflow/example_dags/tutorial_taskflow_api.py took 0.079 seconds
[2026-04-21T01:27:48.076+0000] {processor.py:161} INFO - Started process (PID=3711485) to work on /home/airflow/.local/lib/python3.8/site-packages/airflow/example_dags/tutorial_taskflow_api.py
[2026-04-21T01:27:48.078+0000] {processor.py:830} INFO - Processing file /home/airflow/.local/lib/python3.8/site-packages/airflow/example_dags/tutorial_taskflow_api.py for tasks to queue
[2026-04-21T01:27:48.080+0000] {logging_mixin.py:188} INFO - [2026-04-21T01:27:48.080+0000] {dagbag.py:538} INFO - Filling up the DagBag from /home/airflow/.local/lib/python3.8/site-packages/airflow/example_dags/tutorial_taskflow_api.py
[2026-04-21T01:27:48.089+0000] {processor.py:840} INFO - DAG(s) 'tutorial_taskflow_api' retrieved from /home/airflow/.local/lib/python3.8/site-packages/airflow/example_dags/tutorial_taskflow_api.py
[2026-04-21T01:27:48.114+0000] {logging_mixin.py:188} INFO - [2026-04-21T01:27:48.113+0000] {dag.py:3036} INFO - Sync 1 DAGs
[2026-04-21T01:27:48.127+0000] {logging_mixin.py:188} INFO - [2026-04-21T01:27:48.127+0000] {dag.py:3823} INFO - Setting next_dagrun for tutorial_taskflow_api to None, run_after=None
[2026-04-21T01:27:48.147+0000] {processor.py:183} INFO - Processing /home/airflow/.local/lib/python3.8/site-packages/airflow/example_dags/tutorial_taskflow_api.py took 0.076 seconds
[2026-04-21T01:28:18.761+0000] {processor.py:161} INFO - Started process (PID=3711542) to work on /home/airflow/.local/lib/python3.8/site-packages/airflow/example_dags/tutorial_taskflow_api.py
[2026-04-21T01:28:18.763+0000] {processor.py:830} INFO - Processing file /home/airflow/.local/lib/python3.8/site-packages/airflow/example_dags/tutorial_taskflow_api.py for tasks to queue
[2026-04-21T01:28:18.765+0000] {logging_mixin.py:188} INFO - [2026-04-21T01:28:18.765+0000] {dagbag.py:538} INFO - Filling up the DagBag from /home/airflow/.local/lib/python3.8/site-packages/airflow/example_dags/tutorial_taskflow_api.py
[2026-04-21T01:28:18.773+0000] {processor.py:840} INFO - DAG(s) 'tutorial_taskflow_api' retrieved from /home/airflow/.local/lib/python3.8/site-packages/airflow/example_dags/tutorial_taskflow_api.py
[2026-04-21T01:28:18.798+0000] {logging_mixin.py:188} INFO - [2026-04-21T01:28:18.798+0000] {dag.py:3036} INFO - Sync 1 DAGs
[2026-04-21T01:28:18.812+0000] {logging_mixin.py:188} INFO - [2026-04-21T01:28:18.812+0000] {dag.py:3823} INFO - Setting next_dagrun for tutorial_taskflow_api to None, run_after=None
[2026-04-21T01:28:19.033+0000] {processor.py:183} INFO - Processing /home/airflow/.local/lib/python3.8/site-packages/airflow/example_dags/tutorial_taskflow_api.py took 0.277 seconds
[2026-04-21T01:28:49.967+0000] {processor.py:161} INFO - Started process (PID=3711599) to work on /home/airflow/.local/lib/python3.8/site-packages/airflow/example_dags/tutorial_taskflow_api.py
[2026-04-21T01:28:49.969+0000] {processor.py:830} INFO - Processing file /home/airflow/.local/lib/python3.8/site-packages/airflow/example_dags/tutorial_taskflow_api.py for tasks to queue
[2026-04-21T01:28:49.972+0000] {logging_mixin.py:188} INFO - [2026-04-21T01:28:49.971+0000] {dagbag.py:538} INFO - Filling up the DagBag from /home/airflow/.local/lib/python3.8/site-packages/airflow/example_dags/tutorial_taskflow_api.py
[2026-04-21T01:28:49.980+0000] {processor.py:840} INFO - DAG(s) 'tutorial_taskflow_api' retrieved from /home/airflow/.local/lib/python3.8/site-packages/airflow/example_dags/tutorial_taskflow_api.py
[2026-04-21T01:28:50.008+0000] {logging_mixin.py:188} INFO - [2026-04-21T01:28:50.008+0000] {dag.py:3036} INFO - Sync 1 DAGs
[2026-04-21T01:28:50.022+0000] {logging_mixin.py:188} INFO - [2026-04-21T01:28:50.022+0000] {dag.py:3823} INFO - Setting next_dagrun for tutorial_taskflow_api to None, run_after=None
[2026-04-21T01:28:50.241+0000] {processor.py:183} INFO - Processing /home/airflow/.local/lib/python3.8/site-packages/airflow/example_dags/tutorial_taskflow_api.py took 0.279 seconds
[2026-04-21T01:29:20.315+0000] {processor.py:161} INFO - Started process (PID=3711656) to work on /home/airflow/.local/lib/python3.8/site-packages/airflow/example_dags/tutorial_taskflow_api.py
[2026-04-21T01:29:20.317+0000] {processor.py:830} INFO - Processing file /home/airflow/.local/lib/python3.8/site-packages/airflow/example_dags/tutorial_taskflow_api.py for tasks to queue
[2026-04-21T01:29:20.320+0000] {logging_mixin.py:188} INFO - [2026-04-21T01:29:20.320+0000] {dagbag.py:538} INFO - Filling up the DagBag from /home/airflow/.local/lib/python3.8/site-packages/airflow/example_dags/tutorial_taskflow_api.py
[2026-04-21T01:29:20.329+0000] {processor.py:840} INFO - DAG(s) 'tutorial_taskflow_api' retrieved from /home/airflow/.local/lib/python3.8/site-packages/airflow/example_dags/tutorial_taskflow_api.py
[2026-04-21T01:29:20.355+0000] {logging_mixin.py:188} INFO - [2026-04-21T01:29:20.354+0000] {dag.py:3036} INFO - Sync 1 DAGs
[2026-04-21T01:29:20.369+0000] {logging_mixin.py:188} INFO - [2026-04-21T01:29:20.369+0000] {dag.py:3823} INFO - Setting next_dagrun for tutorial_taskflow_api to None, run_after=None
[2026-04-21T01:29:20.392+0000] {processor.py:183} INFO - Processing /home/airflow/.local/lib/python3.8/site-packages/airflow/example_dags/tutorial_taskflow_api.py took 0.082 seconds
[2026-04-21T01:29:50.642+0000] {processor.py:161} INFO - Started process (PID=3711712) to work on /home/airflow/.local/lib/python3.8/site-packages/airflow/example_dags/tutorial_taskflow_api.py
[2026-04-21T01:29:50.644+0000] {processor.py:830} INFO - Processing file /home/airflow/.local/lib/python3.8/site-packages/airflow/example_dags/tutorial_taskflow_api.py for tasks to queue
[2026-04-21T01:29:50.647+0000] {logging_mixin.py:188} INFO - [2026-04-21T01:29:50.647+0000] {dagbag.py:538} INFO - Filling up the DagBag from /home/airflow/.local/lib/python3.8/site-packages/airflow/example_dags/tutorial_taskflow_api.py
[2026-04-21T01:29:50.656+0000] {processor.py:840} INFO - DAG(s) 'tutorial_taskflow_api' retrieved from /home/airflow/.local/lib/python3.8/site-packages/airflow/example_dags/tutorial_taskflow_api.py
[2026-04-21T01:29:50.681+0000] {logging_mixin.py:188} INFO - [2026-04-21T01:29:50.681+0000] {dag.py:3036} INFO - Sync 1 DAGs
[2026-04-21T01:29:50.695+0000] {logging_mixin.py:188} INFO - [2026-04-21T01:29:50.695+0000] {dag.py:3823} INFO - Setting next_dagrun for tutorial_taskflow_api to None, run_after=None
[2026-04-21T01:29:50.715+0000] {processor.py:183} INFO - Processing /home/airflow/.local/lib/python3.8/site-packages/airflow/example_dags/tutorial_taskflow_api.py took 0.078 seconds
[2026-04-21T01:30:20.878+0000] {processor.py:161} INFO - Started process (PID=3711770) to work on /home/airflow/.local/lib/python3.8/site-packages/airflow/example_dags/tutorial_taskflow_api.py
[2026-04-21T01:30:20.880+0000] {processor.py:830} INFO - Processing file /home/airflow/.local/lib/python3.8/site-packages/airflow/example_dags/tutorial_taskflow_api.py for tasks to queue
[2026-04-21T01:30:20.882+0000] {logging_mixin.py:188} INFO - [2026-04-21T01:30:20.881+0000] {dagbag.py:538} INFO - Filling up the DagBag from /home/airflow/.local/lib/python3.8/site-packages/airflow/example_dags/tutorial_taskflow_api.py
[2026-04-21T01:30:20.890+0000] {processor.py:840} INFO - DAG(s) 'tutorial_taskflow_api' retrieved from /home/airflow/.local/lib/python3.8/site-packages/airflow/example_dags/tutorial_taskflow_api.py
[2026-04-21T01:30:20.915+0000] {logging_mixin.py:188} INFO - [2026-04-21T01:30:20.915+0000] {dag.py:3036} INFO - Sync 1 DAGs
[2026-04-21T01:30:20.929+0000] {logging_mixin.py:188} INFO - [2026-04-21T01:30:20.929+0000] {dag.py:3823} INFO - Setting next_dagrun for tutorial_taskflow_api to None, run_after=None
[2026-04-21T01:30:20.949+0000] {processor.py:183} INFO - Processing /home/airflow/.local/lib/python3.8/site-packages/airflow/example_dags/tutorial_taskflow_api.py took 0.076 seconds
[2026-04-21T01:30:51.806+0000] {processor.py:161} INFO - Started process (PID=3711827) to work on /home/airflow/.local/lib/python3.8/site-packages/airflow/example_dags/tutorial_taskflow_api.py
[2026-04-21T01:30:51.808+0000] {processor.py:830} INFO - Processing file /home/airflow/.local/lib/python3.8/site-packages/airflow/example_dags/tutorial_taskflow_api.py for tasks to queue
[2026-04-21T01:30:51.811+0000] {logging_mixin.py:188} INFO - [2026-04-21T01:30:51.810+0000] {dagbag.py:538} INFO - Filling up the DagBag from /home/airflow/.local/lib/python3.8/site-packages/airflow/example_dags/tutorial_taskflow_api.py
[2026-04-21T01:30:51.819+0000] {processor.py:840} INFO - DAG(s) 'tutorial_taskflow_api' retrieved from /home/airflow/.local/lib/python3.8/site-packages/airflow/example_dags/tutorial_taskflow_api.py
[2026-04-21T01:30:51.843+0000] {logging_mixin.py:188} INFO - [2026-04-21T01:30:51.843+0000] {dag.py:3036} INFO - Sync 1 DAGs
[2026-04-21T01:30:51.857+0000] {logging_mixin.py:188} INFO - [2026-04-21T01:30:51.857+0000] {dag.py:3823} INFO - Setting next_dagrun for tutorial_taskflow_api to None, run_after=None
[2026-04-21T01:30:51.876+0000] {processor.py:183} INFO - Processing /home/airflow/.local/lib/python3.8/site-packages/airflow/example_dags/tutorial_taskflow_api.py took 0.075 seconds
[2026-04-21T01:31:22.043+0000] {processor.py:161} INFO - Started process (PID=3711884) to work on /home/airflow/.local/lib/python3.8/site-packages/airflow/example_dags/tutorial_taskflow_api.py
[2026-04-21T01:31:22.055+0000] {processor.py:830} INFO - Processing file /home/airflow/.local/lib/python3.8/site-packages/airflow/example_dags/tutorial_taskflow_api.py for tasks to queue
[2026-04-21T01:31:22.058+0000] {logging_mixin.py:188} INFO - [2026-04-21T01:31:22.057+0000] {dagbag.py:538} INFO - Filling up the DagBag from /home/airflow/.local/lib/python3.8/site-packages/airflow/example_dags/tutorial_taskflow_api.py
[2026-04-21T01:31:22.067+0000] {processor.py:840} INFO - DAG(s) 'tutorial_taskflow_api' retrieved from /home/airflow/.local/lib/python3.8/site-packages/airflow/example_dags/tutorial_taskflow_api.py
[2026-04-21T01:31:22.092+0000] {logging_mixin.py:188} INFO - [2026-04-21T01:31:22.091+0000] {dag.py:3036} INFO - Sync 1 DAGs
[2026-04-21T01:31:22.107+0000] {logging_mixin.py:188} INFO - [2026-04-21T01:31:22.107+0000] {dag.py:3823} INFO - Setting next_dagrun for tutorial_taskflow_api to None, run_after=None
[2026-04-21T01:31:22.130+0000] {processor.py:183} INFO - Processing /home/airflow/.local/lib/python3.8/site-packages/airflow/example_dags/tutorial_taskflow_api.py took 0.092 seconds
[2026-04-21T01:31:52.460+0000] {processor.py:161} INFO - Started process (PID=3711941) to work on /home/airflow/.local/lib/python3.8/site-packages/airflow/example_dags/tutorial_taskflow_api.py
[2026-04-21T01:31:52.462+0000] {processor.py:830} INFO - Processing file /home/airflow/.local/lib/python3.8/site-packages/airflow/example_dags/tutorial_taskflow_api.py for tasks to queue
[2026-04-21T01:31:52.464+0000] {logging_mixin.py:188} INFO - [2026-04-21T01:31:52.464+0000] {dagbag.py:538} INFO - Filling up the DagBag from /home/airflow/.local/lib/python3.8/site-packages/airflow/example_dags/tutorial_taskflow_api.py
[2026-04-21T01:31:52.472+0000] {processor.py:840} INFO - DAG(s) 'tutorial_taskflow_api' retrieved from /home/airflow/.local/lib/python3.8/site-packages/airflow/example_dags/tutorial_taskflow_api.py
[2026-04-21T01:31:52.496+0000] {logging_mixin.py:188} INFO - [2026-04-21T01:31:52.496+0000] {dag.py:3036} INFO - Sync 1 DAGs
[2026-04-21T01:31:52.510+0000] {logging_mixin.py:188} INFO - [2026-04-21T01:31:52.510+0000] {dag.py:3823} INFO - Setting next_dagrun for tutorial_taskflow_api to None, run_after=None
[2026-04-21T01:31:52.529+0000] {processor.py:183} INFO - Processing /home/airflow/.local/lib/python3.8/site-packages/airflow/example_dags/tutorial_taskflow_api.py took 0.074 seconds
[2026-04-21T01:32:22.807+0000] {processor.py:161} INFO - Started process (PID=3711998) to work on /home/airflow/.local/lib/python3.8/site-packages/airflow/example_dags/tutorial_taskflow_api.py
[2026-04-21T01:32:22.810+0000] {processor.py:830} INFO - Processing file /home/airflow/.local/lib/python3.8/site-packages/airflow/example_dags/tutorial_taskflow_api.py for tasks to queue
[2026-04-21T01:32:22.813+0000] {logging_mixin.py:188} INFO - [2026-04-21T01:32:22.813+0000] {dagbag.py:538} INFO - Filling up the DagBag from /home/airflow/.local/lib/python3.8/site-packages/airflow/example_dags/tutorial_taskflow_api.py
[2026-04-21T01:32:22.824+0000] {processor.py:840} INFO - DAG(s) 'tutorial_taskflow_api' retrieved from /home/airflow/.local/lib/python3.8/site-packages/airflow/example_dags/tutorial_taskflow_api.py
[2026-04-21T01:32:22.857+0000] {logging_mixin.py:188} INFO - [2026-04-21T01:32:22.857+0000] {dag.py:3036} INFO - Sync 1 DAGs
[2026-04-21T01:32:22.879+0000] {logging_mixin.py:188} INFO - [2026-04-21T01:32:22.879+0000] {dag.py:3823} INFO - Setting next_dagrun for tutorial_taskflow_api to None, run_after=None
[2026-04-21T01:32:22.906+0000] {processor.py:183} INFO - Processing /home/airflow/.local/lib/python3.8/site-packages/airflow/example_dags/tutorial_taskflow_api.py took 0.105 seconds
[2026-04-21T01:32:53.075+0000] {processor.py:161} INFO - Started process (PID=3712055) to work on /home/airflow/.local/lib/python3.8/site-packages/airflow/example_dags/tutorial_taskflow_api.py
[2026-04-21T01:32:53.077+0000] {processor.py:830} INFO - Processing file /home/airflow/.local/lib/python3.8/site-packages/airflow/example_dags/tutorial_taskflow_api.py for tasks to queue
[2026-04-21T01:32:53.079+0000] {logging_mixin.py:188} INFO - [2026-04-21T01:32:53.079+0000] {dagbag.py:538} INFO - Filling up the DagBag from /home/airflow/.local/lib/python3.8/site-packages/airflow/example_dags/tutorial_taskflow_api.py
[2026-04-21T01:32:53.088+0000] {processor.py:840} INFO - DAG(s) 'tutorial_taskflow_api' retrieved from /home/airflow/.local/lib/python3.8/site-packages/airflow/example_dags/tutorial_taskflow_api.py
[2026-04-21T01:32:53.113+0000] {logging_mixin.py:188} INFO - [2026-04-21T01:32:53.113+0000] {dag.py:3036} INFO - Sync 1 DAGs
[2026-04-21T01:32:53.128+0000] {logging_mixin.py:188} INFO - [2026-04-21T01:32:53.128+0000] {dag.py:3823} INFO - Setting next_dagrun for tutorial_taskflow_api to None, run_after=None
[2026-04-21T01:32:53.153+0000] {processor.py:183} INFO - Processing /home/airflow/.local/lib/python3.8/site-packages/airflow/example_dags/tutorial_taskflow_api.py took 0.082 seconds
[2026-04-21T01:33:23.242+0000] {processor.py:161} INFO - Started process (PID=3712112) to work on /home/airflow/.local/lib/python3.8/site-packages/airflow/example_dags/tutorial_taskflow_api.py
[2026-04-21T01:33:23.244+0000] {processor.py:830} INFO - Processing file /home/airflow/.local/lib/python3.8/site-packages/airflow/example_dags/tutorial_taskflow_api.py for tasks to queue
[2026-04-21T01:33:23.247+0000] {logging_mixin.py:188} INFO - [2026-04-21T01:33:23.246+0000] {dagbag.py:538} INFO - Filling up the DagBag from /home/airflow/.local/lib/python3.8/site-packages/airflow/example_dags/tutorial_taskflow_api.py
[2026-04-21T01:33:23.255+0000] {processor.py:840} INFO - DAG(s) 'tutorial_taskflow_api' retrieved from /home/airflow/.local/lib/python3.8/site-packages/airflow/example_dags/tutorial_taskflow_api.py
[2026-04-21T01:33:23.281+0000] {logging_mixin.py:188} INFO - [2026-04-21T01:33:23.281+0000] {dag.py:3036} INFO - Sync 1 DAGs
[2026-04-21T01:33:23.295+0000] {logging_mixin.py:188} INFO - [2026-04-21T01:33:23.295+0000] {dag.py:3823} INFO - Setting next_dagrun for tutorial_taskflow_api to None, run_after=None
[2026-04-21T01:33:23.314+0000] {processor.py:183} INFO - Processing /home/airflow/.local/lib/python3.8/site-packages/airflow/example_dags/tutorial_taskflow_api.py took 0.077 seconds
[2026-04-21T01:33:53.346+0000] {processor.py:161} INFO - Started process (PID=3712168) to work on /home/airflow/.local/lib/python3.8/site-packages/airflow/example_dags/tutorial_taskflow_api.py
[2026-04-21T01:33:53.348+0000] {processor.py:830} INFO - Processing file /home/airflow/.local/lib/python3.8/site-packages/airflow/example_dags/tutorial_taskflow_api.py for tasks to queue
[2026-04-21T01:33:53.350+0000] {logging_mixin.py:188} INFO - [2026-04-21T01:33:53.349+0000] {dagbag.py:538} INFO - Filling up the DagBag from /home/airflow/.local/lib/python3.8/site-packages/airflow/example_dags/tutorial_taskflow_api.py
[2026-04-21T01:33:53.358+0000] {processor.py:840} INFO - DAG(s) 'tutorial_taskflow_api' retrieved from /home/airflow/.local/lib/python3.8/site-packages/airflow/example_dags/tutorial_taskflow_api.py
[2026-04-21T01:33:53.382+0000] {logging_mixin.py:188} INFO - [2026-04-21T01:33:53.382+0000] {dag.py:3036} INFO - Sync 1 DAGs
[2026-04-21T01:33:53.397+0000] {logging_mixin.py:188} INFO - [2026-04-21T01:33:53.397+0000] {dag.py:3823} INFO - Setting next_dagrun for tutorial_taskflow_api to None, run_after=None
[2026-04-21T01:33:53.416+0000] {processor.py:183} INFO - Processing /home/airflow/.local/lib/python3.8/site-packages/airflow/example_dags/tutorial_taskflow_api.py took 0.074 seconds
[2026-04-21T01:34:23.522+0000] {processor.py:161} INFO - Started process (PID=3712224) to work on /home/airflow/.local/lib/python3.8/site-packages/airflow/example_dags/tutorial_taskflow_api.py
[2026-04-21T01:34:23.524+0000] {processor.py:830} INFO - Processing file /home/airflow/.local/lib/python3.8/site-packages/airflow/example_dags/tutorial_taskflow_api.py for tasks to queue
[2026-04-21T01:34:23.526+0000] {logging_mixin.py:188} INFO - [2026-04-21T01:34:23.526+0000] {dagbag.py:538} INFO - Filling up the DagBag from /home/airflow/.local/lib/python3.8/site-packages/airflow/example_dags/tutorial_taskflow_api.py
[2026-04-21T01:34:23.535+0000] {processor.py:840} INFO - DAG(s) 'tutorial_taskflow_api' retrieved from /home/airflow/.local/lib/python3.8/site-packages/airflow/example_dags/tutorial_taskflow_api.py
[2026-04-21T01:34:23.560+0000] {logging_mixin.py:188} INFO - [2026-04-21T01:34:23.559+0000] {dag.py:3036} INFO - Sync 1 DAGs
[2026-04-21T01:34:23.578+0000] {logging_mixin.py:188} INFO - [2026-04-21T01:34:23.577+0000] {dag.py:3823} INFO - Setting next_dagrun for tutorial_taskflow_api to None, run_after=None
[2026-04-21T01:34:23.598+0000] {processor.py:183} INFO - Processing /home/airflow/.local/lib/python3.8/site-packages/airflow/example_dags/tutorial_taskflow_api.py took 0.082 seconds
[2026-04-21T01:34:53.829+0000] {processor.py:161} INFO - Started process (PID=3712282) to work on /home/airflow/.local/lib/python3.8/site-packages/airflow/example_dags/tutorial_taskflow_api.py
[2026-04-21T01:34:53.831+0000] {processor.py:830} INFO - Processing file /home/airflow/.local/lib/python3.8/site-packages/airflow/example_dags/tutorial_taskflow_api.py for tasks to queue
[2026-04-21T01:34:53.834+0000] {logging_mixin.py:188} INFO - [2026-04-21T01:34:53.833+0000] {dagbag.py:538} INFO - Filling up the DagBag from /home/airflow/.local/lib/python3.8/site-packages/airflow/example_dags/tutorial_taskflow_api.py
[2026-04-21T01:34:53.842+0000] {processor.py:840} INFO - DAG(s) 'tutorial_taskflow_api' retrieved from /home/airflow/.local/lib/python3.8/site-packages/airflow/example_dags/tutorial_taskflow_api.py
[2026-04-21T01:34:53.867+0000] {logging_mixin.py:188} INFO - [2026-04-21T01:34:53.867+0000] {dag.py:3036} INFO - Sync 1 DAGs
[2026-04-21T01:34:53.882+0000] {logging_mixin.py:188} INFO - [2026-04-21T01:34:53.882+0000] {dag.py:3823} INFO - Setting next_dagrun for tutorial_taskflow_api to None, run_after=None
[2026-04-21T01:34:53.904+0000] {processor.py:183} INFO - Processing /home/airflow/.local/lib/python3.8/site-packages/airflow/example_dags/tutorial_taskflow_api.py took 0.079 seconds
[2026-04-21T01:35:24.016+0000] {processor.py:161} INFO - Started process (PID=3712339) to work on /home/airflow/.local/lib/python3.8/site-packages/airflow/example_dags/tutorial_taskflow_api.py
[2026-04-21T01:35:24.018+0000] {processor.py:830} INFO - Processing file /home/airflow/.local/lib/python3.8/site-packages/airflow/example_dags/tutorial_taskflow_api.py for tasks to queue
[2026-04-21T01:35:24.020+0000] {logging_mixin.py:188} INFO - [2026-04-21T01:35:24.020+0000] {dagbag.py:538} INFO - Filling up the DagBag from /home/airflow/.local/lib/python3.8/site-packages/airflow/example_dags/tutorial_taskflow_api.py
[2026-04-21T01:35:24.029+0000] {processor.py:840} INFO - DAG(s) 'tutorial_taskflow_api' retrieved from /home/airflow/.local/lib/python3.8/site-packages/airflow/example_dags/tutorial_taskflow_api.py
[2026-04-21T01:35:24.053+0000] {logging_mixin.py:188} INFO - [2026-04-21T01:35:24.053+0000] {dag.py:3036} INFO - Sync 1 DAGs
[2026-04-21T01:35:24.067+0000] {logging_mixin.py:188} INFO - [2026-04-21T01:35:24.067+0000] {dag.py:3823} INFO - Setting next_dagrun for tutorial_taskflow_api to None, run_after=None
[2026-04-21T01:35:24.086+0000] {processor.py:183} INFO - Processing /home/airflow/.local/lib/python3.8/site-packages/airflow/example_dags/tutorial_taskflow_api.py took 0.075 seconds
[2026-04-21T01:35:54.310+0000] {processor.py:161} INFO - Started process (PID=3712396) to work on /home/airflow/.local/lib/python3.8/site-packages/airflow/example_dags/tutorial_taskflow_api.py
[2026-04-21T01:35:54.311+0000] {processor.py:830} INFO - Processing file /home/airflow/.local/lib/python3.8/site-packages/airflow/example_dags/tutorial_taskflow_api.py for tasks to queue
[2026-04-21T01:35:54.314+0000] {logging_mixin.py:188} INFO - [2026-04-21T01:35:54.313+0000] {dagbag.py:538} INFO - Filling up the DagBag from /home/airflow/.local/lib/python3.8/site-packages/airflow/example_dags/tutorial_taskflow_api.py
[2026-04-21T01:35:54.322+0000] {processor.py:840} INFO - DAG(s) 'tutorial_taskflow_api' retrieved from /home/airflow/.local/lib/python3.8/site-packages/airflow/example_dags/tutorial_taskflow_api.py
[2026-04-21T01:35:54.348+0000] {logging_mixin.py:188} INFO - [2026-04-21T01:35:54.347+0000] {dag.py:3036} INFO - Sync 1 DAGs
[2026-04-21T01:35:54.364+0000] {logging_mixin.py:188} INFO - [2026-04-21T01:35:54.363+0000] {dag.py:3823} INFO - Setting next_dagrun for tutorial_taskflow_api to None, run_after=None
[2026-04-21T01:35:54.384+0000] {processor.py:183} INFO - Processing /home/airflow/.local/lib/python3.8/site-packages/airflow/example_dags/tutorial_taskflow_api.py took 0.079 seconds
[2026-04-21T01:36:24.689+0000] {processor.py:161} INFO - Started process (PID=3712453) to work on /home/airflow/.local/lib/python3.8/site-packages/airflow/example_dags/tutorial_taskflow_api.py
[2026-04-21T01:36:24.691+0000] {processor.py:830} INFO - Processing file /home/airflow/.local/lib/python3.8/site-packages/airflow/example_dags/tutorial_taskflow_api.py for tasks to queue
[2026-04-21T01:36:24.693+0000] {logging_mixin.py:188} INFO - [2026-04-21T01:36:24.693+0000] {dagbag.py:538} INFO - Filling up the DagBag from /home/airflow/.local/lib/python3.8/site-packages/airflow/example_dags/tutorial_taskflow_api.py
[2026-04-21T01:36:24.701+0000] {processor.py:840} INFO - DAG(s) 'tutorial_taskflow_api' retrieved from /home/airflow/.local/lib/python3.8/site-packages/airflow/example_dags/tutorial_taskflow_api.py
[2026-04-21T01:36:24.725+0000] {logging_mixin.py:188} INFO - [2026-04-21T01:36:24.725+0000] {dag.py:3036} INFO - Sync 1 DAGs
[2026-04-21T01:36:24.739+0000] {logging_mixin.py:188} INFO - [2026-04-21T01:36:24.739+0000] {dag.py:3823} INFO - Setting next_dagrun for tutorial_taskflow_api to None, run_after=None
[2026-04-21T01:36:24.758+0000] {processor.py:183} INFO - Processing /home/airflow/.local/lib/python3.8/site-packages/airflow/example_dags/tutorial_taskflow_api.py took 0.074 seconds
[2026-04-21T01:36:54.889+0000] {processor.py:161} INFO - Started process (PID=3712510) to work on /home/airflow/.local/lib/python3.8/site-packages/airflow/example_dags/tutorial_taskflow_api.py
[2026-04-21T01:36:54.891+0000] {processor.py:830} INFO - Processing file /home/airflow/.local/lib/python3.8/site-packages/airflow/example_dags/tutorial_taskflow_api.py for tasks to queue
[2026-04-21T01:36:54.893+0000] {logging_mixin.py:188} INFO - [2026-04-21T01:36:54.892+0000] {dagbag.py:538} INFO - Filling up the DagBag from /home/airflow/.local/lib/python3.8/site-packages/airflow/example_dags/tutorial_taskflow_api.py
[2026-04-21T01:36:54.901+0000] {processor.py:840} INFO - DAG(s) 'tutorial_taskflow_api' retrieved from /home/airflow/.local/lib/python3.8/site-packages/airflow/example_dags/tutorial_taskflow_api.py
[2026-04-21T01:36:54.925+0000] {logging_mixin.py:188} INFO - [2026-04-21T01:36:54.925+0000] {dag.py:3036} INFO - Sync 1 DAGs
[2026-04-21T01:36:54.939+0000] {logging_mixin.py:188} INFO - [2026-04-21T01:36:54.939+0000] {dag.py:3823} INFO - Setting next_dagrun for tutorial_taskflow_api to None, run_after=None
[2026-04-21T01:36:54.959+0000] {processor.py:183} INFO - Processing /home/airflow/.local/lib/python3.8/site-packages/airflow/example_dags/tutorial_taskflow_api.py took 0.075 seconds
[2026-04-21T01:37:25.266+0000] {processor.py:161} INFO - Started process (PID=3712567) to work on /home/airflow/.local/lib/python3.8/site-packages/airflow/example_dags/tutorial_taskflow_api.py
[2026-04-21T01:37:25.268+0000] {processor.py:830} INFO - Processing file /home/airflow/.local/lib/python3.8/site-packages/airflow/example_dags/tutorial_taskflow_api.py for tasks to queue
[2026-04-21T01:37:25.270+0000] {logging_mixin.py:188} INFO - [2026-04-21T01:37:25.270+0000] {dagbag.py:538} INFO - Filling up the DagBag from /home/airflow/.local/lib/python3.8/site-packages/airflow/example_dags/tutorial_taskflow_api.py
[2026-04-21T01:37:25.278+0000] {processor.py:840} INFO - DAG(s) 'tutorial_taskflow_api' retrieved from /home/airflow/.local/lib/python3.8/site-packages/airflow/example_dags/tutorial_taskflow_api.py
[2026-04-21T01:37:25.303+0000] {logging_mixin.py:188} INFO - [2026-04-21T01:37:25.302+0000] {dag.py:3036} INFO - Sync 1 DAGs
[2026-04-21T01:37:25.317+0000] {logging_mixin.py:188} INFO - [2026-04-21T01:37:25.317+0000] {dag.py:3823} INFO - Setting next_dagrun for tutorial_taskflow_api to None, run_after=None
[2026-04-21T01:37:25.337+0000] {processor.py:183} INFO - Processing /home/airflow/.local/lib/python3.8/site-packages/airflow/example_dags/tutorial_taskflow_api.py took 0.075 seconds
[2026-04-21T01:37:55.733+0000] {processor.py:161} INFO - Started process (PID=3712624) to work on /home/airflow/.local/lib/python3.8/site-packages/airflow/example_dags/tutorial_taskflow_api.py
[2026-04-21T01:37:55.735+0000] {processor.py:830} INFO - Processing file /home/airflow/.local/lib/python3.8/site-packages/airflow/example_dags/tutorial_taskflow_api.py for tasks to queue
[2026-04-21T01:37:55.737+0000] {logging_mixin.py:188} INFO - [2026-04-21T01:37:55.737+0000] {dagbag.py:538} INFO - Filling up the DagBag from /home/airflow/.local/lib/python3.8/site-packages/airflow/example_dags/tutorial_taskflow_api.py
[2026-04-21T01:37:55.746+0000] {processor.py:840} INFO - DAG(s) 'tutorial_taskflow_api' retrieved from /home/airflow/.local/lib/python3.8/site-packages/airflow/example_dags/tutorial_taskflow_api.py
[2026-04-21T01:37:55.771+0000] {logging_mixin.py:188} INFO - [2026-04-21T01:37:55.771+0000] {dag.py:3036} INFO - Sync 1 DAGs
[2026-04-21T01:37:55.786+0000] {logging_mixin.py:188} INFO - [2026-04-21T01:37:55.785+0000] {dag.py:3823} INFO - Setting next_dagrun for tutorial_taskflow_api to None, run_after=None
[2026-04-21T01:37:55.805+0000] {processor.py:183} INFO - Processing /home/airflow/.local/lib/python3.8/site-packages/airflow/example_dags/tutorial_taskflow_api.py took 0.077 seconds
[2026-04-21T01:38:26.181+0000] {processor.py:161} INFO - Started process (PID=3712681) to work on /home/airflow/.local/lib/python3.8/site-packages/airflow/example_dags/tutorial_taskflow_api.py
[2026-04-21T01:38:26.182+0000] {processor.py:830} INFO - Processing file /home/airflow/.local/lib/python3.8/site-packages/airflow/example_dags/tutorial_taskflow_api.py for tasks to queue
[2026-04-21T01:38:26.185+0000] {logging_mixin.py:188} INFO - [2026-04-21T01:38:26.184+0000] {dagbag.py:538} INFO - Filling up the DagBag from /home/airflow/.local/lib/python3.8/site-packages/airflow/example_dags/tutorial_taskflow_api.py
[2026-04-21T01:38:26.193+0000] {processor.py:840} INFO - DAG(s) 'tutorial_taskflow_api' retrieved from /home/airflow/.local/lib/python3.8/site-packages/airflow/example_dags/tutorial_taskflow_api.py
[2026-04-21T01:38:26.219+0000] {logging_mixin.py:188} INFO - [2026-04-21T01:38:26.219+0000] {dag.py:3036} INFO - Sync 1 DAGs
[2026-04-21T01:38:26.234+0000] {logging_mixin.py:188} INFO - [2026-04-21T01:38:26.233+0000] {dag.py:3823} INFO - Setting next_dagrun for tutorial_taskflow_api to None, run_after=None
[2026-04-21T01:38:26.253+0000] {processor.py:183} INFO - Processing /home/airflow/.local/lib/python3.8/site-packages/airflow/example_dags/tutorial_taskflow_api.py took 0.077 seconds
[2026-04-21T01:38:56.721+0000] {processor.py:161} INFO - Started process (PID=3712738) to work on /home/airflow/.local/lib/python3.8/site-packages/airflow/example_dags/tutorial_taskflow_api.py
[2026-04-21T01:38:56.723+0000] {processor.py:830} INFO - Processing file /home/airflow/.local/lib/python3.8/site-packages/airflow/example_dags/tutorial_taskflow_api.py for tasks to queue
[2026-04-21T01:38:56.725+0000] {logging_mixin.py:188} INFO - [2026-04-21T01:38:56.725+0000] {dagbag.py:538} INFO - Filling up the DagBag from /home/airflow/.local/lib/python3.8/site-packages/airflow/example_dags/tutorial_taskflow_api.py
[2026-04-21T01:38:56.733+0000] {processor.py:840} INFO - DAG(s) 'tutorial_taskflow_api' retrieved from /home/airflow/.local/lib/python3.8/site-packages/airflow/example_dags/tutorial_taskflow_api.py
[2026-04-21T01:38:56.758+0000] {logging_mixin.py:188} INFO - [2026-04-21T01:38:56.758+0000] {dag.py:3036} INFO - Sync 1 DAGs
[2026-04-21T01:38:56.772+0000] {logging_mixin.py:188} INFO - [2026-04-21T01:38:56.772+0000] {dag.py:3823} INFO - Setting next_dagrun for tutorial_taskflow_api to None, run_after=None
[2026-04-21T01:38:56.791+0000] {processor.py:183} INFO - Processing /home/airflow/.local/lib/python3.8/site-packages/airflow/example_dags/tutorial_taskflow_api.py took 0.075 seconds
[2026-04-21T01:39:27.182+0000] {processor.py:161} INFO - Started process (PID=3712795) to work on /home/airflow/.local/lib/python3.8/site-packages/airflow/example_dags/tutorial_taskflow_api.py
[2026-04-21T01:39:27.185+0000] {processor.py:830} INFO - Processing file /home/airflow/.local/lib/python3.8/site-packages/airflow/example_dags/tutorial_taskflow_api.py for tasks to queue
[2026-04-21T01:39:27.188+0000] {logging_mixin.py:188} INFO - [2026-04-21T01:39:27.188+0000] {dagbag.py:538} INFO - Filling up the DagBag from /home/airflow/.local/lib/python3.8/site-packages/airflow/example_dags/tutorial_taskflow_api.py
[2026-04-21T01:39:27.199+0000] {processor.py:840} INFO - DAG(s) 'tutorial_taskflow_api' retrieved from /home/airflow/.local/lib/python3.8/site-packages/airflow/example_dags/tutorial_taskflow_api.py
[2026-04-21T01:39:27.232+0000] {logging_mixin.py:188} INFO - [2026-04-21T01:39:27.232+0000] {dag.py:3036} INFO - Sync 1 DAGs
[2026-04-21T01:39:27.255+0000] {logging_mixin.py:188} INFO - [2026-04-21T01:39:27.254+0000] {dag.py:3823} INFO - Setting next_dagrun for tutorial_taskflow_api to None, run_after=None
[2026-04-21T01:39:27.282+0000] {processor.py:183} INFO - Processing /home/airflow/.local/lib/python3.8/site-packages/airflow/example_dags/tutorial_taskflow_api.py took 0.107 seconds
[2026-04-21T01:39:57.819+0000] {processor.py:161} INFO - Started process (PID=3712852) to work on /home/airflow/.local/lib/python3.8/site-packages/airflow/example_dags/tutorial_taskflow_api.py
[2026-04-21T01:39:57.821+0000] {processor.py:830} INFO - Processing file /home/airflow/.local/lib/python3.8/site-packages/airflow/example_dags/tutorial_taskflow_api.py for tasks to queue
[2026-04-21T01:39:57.823+0000] {logging_mixin.py:188} INFO - [2026-04-21T01:39:57.823+0000] {dagbag.py:538} INFO - Filling up the DagBag from /home/airflow/.local/lib/python3.8/site-packages/airflow/example_dags/tutorial_taskflow_api.py
[2026-04-21T01:39:57.833+0000] {processor.py:840} INFO - DAG(s) 'tutorial_taskflow_api' retrieved from /home/airflow/.local/lib/python3.8/site-packages/airflow/example_dags/tutorial_taskflow_api.py
[2026-04-21T01:39:57.857+0000] {logging_mixin.py:188} INFO - [2026-04-21T01:39:57.857+0000] {dag.py:3036} INFO - Sync 1 DAGs
[2026-04-21T01:39:57.873+0000] {logging_mixin.py:188} INFO - [2026-04-21T01:39:57.872+0000] {dag.py:3823} INFO - Setting next_dagrun for tutorial_taskflow_api to None, run_after=None
[2026-04-21T01:39:57.901+0000] {processor.py:183} INFO - Processing /home/airflow/.local/lib/python3.8/site-packages/airflow/example_dags/tutorial_taskflow_api.py took 0.087 seconds
[2026-04-21T01:40:28.029+0000] {processor.py:161} INFO - Started process (PID=3712909) to work on /home/airflow/.local/lib/python3.8/site-packages/airflow/example_dags/tutorial_taskflow_api.py
[2026-04-21T01:40:28.030+0000] {processor.py:830} INFO - Processing file /home/airflow/.local/lib/python3.8/site-packages/airflow/example_dags/tutorial_taskflow_api.py for tasks to queue
[2026-04-21T01:40:28.033+0000] {logging_mixin.py:188} INFO - [2026-04-21T01:40:28.032+0000] {dagbag.py:538} INFO - Filling up the DagBag from /home/airflow/.local/lib/python3.8/site-packages/airflow/example_dags/tutorial_taskflow_api.py
[2026-04-21T01:40:28.041+0000] {processor.py:840} INFO - DAG(s) 'tutorial_taskflow_api' retrieved from /home/airflow/.local/lib/python3.8/site-packages/airflow/example_dags/tutorial_taskflow_api.py
[2026-04-21T01:40:28.065+0000] {logging_mixin.py:188} INFO - [2026-04-21T01:40:28.065+0000] {dag.py:3036} INFO - Sync 1 DAGs
[2026-04-21T01:40:28.079+0000] {logging_mixin.py:188} INFO - [2026-04-21T01:40:28.079+0000] {dag.py:3823} INFO - Setting next_dagrun for tutorial_taskflow_api to None, run_after=None
[2026-04-21T01:40:28.098+0000] {processor.py:183} INFO - Processing /home/airflow/.local/lib/python3.8/site-packages/airflow/example_dags/tutorial_taskflow_api.py took 0.074 seconds
[2026-04-21T01:40:58.210+0000] {processor.py:161} INFO - Started process (PID=3712966) to work on /home/airflow/.local/lib/python3.8/site-packages/airflow/example_dags/tutorial_taskflow_api.py
[2026-04-21T01:40:58.213+0000] {processor.py:830} INFO - Processing file /home/airflow/.local/lib/python3.8/site-packages/airflow/example_dags/tutorial_taskflow_api.py for tasks to queue
[2026-04-21T01:40:58.216+0000] {logging_mixin.py:188} INFO - [2026-04-21T01:40:58.215+0000] {dagbag.py:538} INFO - Filling up the DagBag from /home/airflow/.local/lib/python3.8/site-packages/airflow/example_dags/tutorial_taskflow_api.py
[2026-04-21T01:40:58.228+0000] {processor.py:840} INFO - DAG(s) 'tutorial_taskflow_api' retrieved from /home/airflow/.local/lib/python3.8/site-packages/airflow/example_dags/tutorial_taskflow_api.py
[2026-04-21T01:40:58.261+0000] {logging_mixin.py:188} INFO - [2026-04-21T01:40:58.261+0000] {dag.py:3036} INFO - Sync 1 DAGs
[2026-04-21T01:40:58.283+0000] {logging_mixin.py:188} INFO - [2026-04-21T01:40:58.283+0000] {dag.py:3823} INFO - Setting next_dagrun for tutorial_taskflow_api to None, run_after=None
[2026-04-21T01:40:58.312+0000] {processor.py:183} INFO - Processing /home/airflow/.local/lib/python3.8/site-packages/airflow/example_dags/tutorial_taskflow_api.py took 0.109 seconds
[2026-04-21T01:41:28.684+0000] {processor.py:161} INFO - Started process (PID=3713023) to work on /home/airflow/.local/lib/python3.8/site-packages/airflow/example_dags/tutorial_taskflow_api.py
[2026-04-21T01:41:28.685+0000] {processor.py:830} INFO - Processing file /home/airflow/.local/lib/python3.8/site-packages/airflow/example_dags/tutorial_taskflow_api.py for tasks to queue
[2026-04-21T01:41:28.688+0000] {logging_mixin.py:188} INFO - [2026-04-21T01:41:28.688+0000] {dagbag.py:538} INFO - Filling up the DagBag from /home/airflow/.local/lib/python3.8/site-packages/airflow/example_dags/tutorial_taskflow_api.py
[2026-04-21T01:41:28.696+0000] {processor.py:840} INFO - DAG(s) 'tutorial_taskflow_api' retrieved from /home/airflow/.local/lib/python3.8/site-packages/airflow/example_dags/tutorial_taskflow_api.py
[2026-04-21T01:41:28.721+0000] {logging_mixin.py:188} INFO - [2026-04-21T01:41:28.721+0000] {dag.py:3036} INFO - Sync 1 DAGs
[2026-04-21T01:41:28.736+0000] {logging_mixin.py:188} INFO - [2026-04-21T01:41:28.736+0000] {dag.py:3823} INFO - Setting next_dagrun for tutorial_taskflow_api to None, run_after=None
[2026-04-21T01:41:28.757+0000] {processor.py:183} INFO - Processing /home/airflow/.local/lib/python3.8/site-packages/airflow/example_dags/tutorial_taskflow_api.py took 0.078 seconds
[2026-04-21T01:41:58.827+0000] {processor.py:161} INFO - Started process (PID=3713080) to work on /home/airflow/.local/lib/python3.8/site-packages/airflow/example_dags/tutorial_taskflow_api.py
[2026-04-21T01:41:58.829+0000] {processor.py:830} INFO - Processing file /home/airflow/.local/lib/python3.8/site-packages/airflow/example_dags/tutorial_taskflow_api.py for tasks to queue
[2026-04-21T01:41:58.831+0000] {logging_mixin.py:188} INFO - [2026-04-21T01:41:58.831+0000] {dagbag.py:538} INFO - Filling up the DagBag from /home/airflow/.local/lib/python3.8/site-packages/airflow/example_dags/tutorial_taskflow_api.py
[2026-04-21T01:41:58.839+0000] {processor.py:840} INFO - DAG(s) 'tutorial_taskflow_api' retrieved from /home/airflow/.local/lib/python3.8/site-packages/airflow/example_dags/tutorial_taskflow_api.py
[2026-04-21T01:41:58.864+0000] {logging_mixin.py:188} INFO - [2026-04-21T01:41:58.863+0000] {dag.py:3036} INFO - Sync 1 DAGs
[2026-04-21T01:41:58.878+0000] {logging_mixin.py:188} INFO - [2026-04-21T01:41:58.877+0000] {dag.py:3823} INFO - Setting next_dagrun for tutorial_taskflow_api to None, run_after=None
[2026-04-21T01:41:58.896+0000] {processor.py:183} INFO - Processing /home/airflow/.local/lib/python3.8/site-packages/airflow/example_dags/tutorial_taskflow_api.py took 0.074 seconds
[2026-04-21T01:42:29.135+0000] {processor.py:161} INFO - Started process (PID=3713137) to work on /home/airflow/.local/lib/python3.8/site-packages/airflow/example_dags/tutorial_taskflow_api.py
[2026-04-21T01:42:29.137+0000] {processor.py:830} INFO - Processing file /home/airflow/.local/lib/python3.8/site-packages/airflow/example_dags/tutorial_taskflow_api.py for tasks to queue
[2026-04-21T01:42:29.139+0000] {logging_mixin.py:188} INFO - [2026-04-21T01:42:29.139+0000] {dagbag.py:538} INFO - Filling up the DagBag from /home/airflow/.local/lib/python3.8/site-packages/airflow/example_dags/tutorial_taskflow_api.py
[2026-04-21T01:42:29.148+0000] {processor.py:840} INFO - DAG(s) 'tutorial_taskflow_api' retrieved from /home/airflow/.local/lib/python3.8/site-packages/airflow/example_dags/tutorial_taskflow_api.py
[2026-04-21T01:42:29.175+0000] {logging_mixin.py:188} INFO - [2026-04-21T01:42:29.174+0000] {dag.py:3036} INFO - Sync 1 DAGs
[2026-04-21T01:42:29.189+0000] {logging_mixin.py:188} INFO - [2026-04-21T01:42:29.189+0000] {dag.py:3823} INFO - Setting next_dagrun for tutorial_taskflow_api to None, run_after=None
[2026-04-21T01:42:29.208+0000] {processor.py:183} INFO - Processing /home/airflow/.local/lib/python3.8/site-packages/airflow/example_dags/tutorial_taskflow_api.py took 0.078 seconds
[2026-04-21T01:42:59.434+0000] {processor.py:161} INFO - Started process (PID=3713194) to work on /home/airflow/.local/lib/python3.8/site-packages/airflow/example_dags/tutorial_taskflow_api.py
[2026-04-21T01:42:59.436+0000] {processor.py:830} INFO - Processing file /home/airflow/.local/lib/python3.8/site-packages/airflow/example_dags/tutorial_taskflow_api.py for tasks to queue
[2026-04-21T01:42:59.438+0000] {logging_mixin.py:188} INFO - [2026-04-21T01:42:59.438+0000] {dagbag.py:538} INFO - Filling up the DagBag from /home/airflow/.local/lib/python3.8/site-packages/airflow/example_dags/tutorial_taskflow_api.py
[2026-04-21T01:42:59.446+0000] {processor.py:840} INFO - DAG(s) 'tutorial_taskflow_api' retrieved from /home/airflow/.local/lib/python3.8/site-packages/airflow/example_dags/tutorial_taskflow_api.py
[2026-04-21T01:42:59.471+0000] {logging_mixin.py:188} INFO - [2026-04-21T01:42:59.471+0000] {dag.py:3036} INFO - Sync 1 DAGs
[2026-04-21T01:42:59.485+0000] {logging_mixin.py:188} INFO - [2026-04-21T01:42:59.485+0000] {dag.py:3823} INFO - Setting next_dagrun for tutorial_taskflow_api to None, run_after=None
[2026-04-21T01:42:59.506+0000] {processor.py:183} INFO - Processing /home/airflow/.local/lib/python3.8/site-packages/airflow/example_dags/tutorial_taskflow_api.py took 0.077 seconds
[2026-04-21T01:43:29.639+0000] {processor.py:161} INFO - Started process (PID=3713251) to work on /home/airflow/.local/lib/python3.8/site-packages/airflow/example_dags/tutorial_taskflow_api.py
[2026-04-21T01:43:29.641+0000] {processor.py:830} INFO - Processing file /home/airflow/.local/lib/python3.8/site-packages/airflow/example_dags/tutorial_taskflow_api.py for tasks to queue
[2026-04-21T01:43:29.643+0000] {logging_mixin.py:188} INFO - [2026-04-21T01:43:29.643+0000] {dagbag.py:538} INFO - Filling up the DagBag from /home/airflow/.local/lib/python3.8/site-packages/airflow/example_dags/tutorial_taskflow_api.py
[2026-04-21T01:43:29.652+0000] {processor.py:840} INFO - DAG(s) 'tutorial_taskflow_api' retrieved from /home/airflow/.local/lib/python3.8/site-packages/airflow/example_dags/tutorial_taskflow_api.py
[2026-04-21T01:43:29.677+0000] {logging_mixin.py:188} INFO - [2026-04-21T01:43:29.677+0000] {dag.py:3036} INFO - Sync 1 DAGs
[2026-04-21T01:43:29.691+0000] {logging_mixin.py:188} INFO - [2026-04-21T01:43:29.691+0000] {dag.py:3823} INFO - Setting next_dagrun for tutorial_taskflow_api to None, run_after=None
[2026-04-21T01:43:29.710+0000] {processor.py:183} INFO - Processing /home/airflow/.local/lib/python3.8/site-packages/airflow/example_dags/tutorial_taskflow_api.py took 0.076 seconds
[2026-04-21T01:43:59.949+0000] {processor.py:161} INFO - Started process (PID=3713308) to work on /home/airflow/.local/lib/python3.8/site-packages/airflow/example_dags/tutorial_taskflow_api.py
[2026-04-21T01:43:59.951+0000] {processor.py:830} INFO - Processing file /home/airflow/.local/lib/python3.8/site-packages/airflow/example_dags/tutorial_taskflow_api.py for tasks to queue
[2026-04-21T01:43:59.954+0000] {logging_mixin.py:188} INFO - [2026-04-21T01:43:59.953+0000] {dagbag.py:538} INFO - Filling up the DagBag from /home/airflow/.local/lib/python3.8/site-packages/airflow/example_dags/tutorial_taskflow_api.py
[2026-04-21T01:43:59.962+0000] {processor.py:840} INFO - DAG(s) 'tutorial_taskflow_api' retrieved from /home/airflow/.local/lib/python3.8/site-packages/airflow/example_dags/tutorial_taskflow_api.py
[2026-04-21T01:43:59.987+0000] {logging_mixin.py:188} INFO - [2026-04-21T01:43:59.986+0000] {dag.py:3036} INFO - Sync 1 DAGs
[2026-04-21T01:44:00.001+0000] {logging_mixin.py:188} INFO - [2026-04-21T01:44:00.000+0000] {dag.py:3823} INFO - Setting next_dagrun for tutorial_taskflow_api to None, run_after=None
[2026-04-21T01:44:00.020+0000] {processor.py:183} INFO - Processing /home/airflow/.local/lib/python3.8/site-packages/airflow/example_dags/tutorial_taskflow_api.py took 0.075 seconds
[2026-04-21T01:44:30.126+0000] {processor.py:161} INFO - Started process (PID=3713365) to work on /home/airflow/.local/lib/python3.8/site-packages/airflow/example_dags/tutorial_taskflow_api.py
[2026-04-21T01:44:30.128+0000] {processor.py:830} INFO - Processing file /home/airflow/.local/lib/python3.8/site-packages/airflow/example_dags/tutorial_taskflow_api.py for tasks to queue
[2026-04-21T01:44:30.130+0000] {logging_mixin.py:188} INFO - [2026-04-21T01:44:30.130+0000] {dagbag.py:538} INFO - Filling up the DagBag from /home/airflow/.local/lib/python3.8/site-packages/airflow/example_dags/tutorial_taskflow_api.py
[2026-04-21T01:44:30.139+0000] {processor.py:840} INFO - DAG(s) 'tutorial_taskflow_api' retrieved from /home/airflow/.local/lib/python3.8/site-packages/airflow/example_dags/tutorial_taskflow_api.py
[2026-04-21T01:44:30.165+0000] {logging_mixin.py:188} INFO - [2026-04-21T01:44:30.165+0000] {dag.py:3036} INFO - Sync 1 DAGs
[2026-04-21T01:44:30.180+0000] {logging_mixin.py:188} INFO - [2026-04-21T01:44:30.180+0000] {dag.py:3823} INFO - Setting next_dagrun for tutorial_taskflow_api to None, run_after=None
[2026-04-21T01:44:30.199+0000] {processor.py:183} INFO - Processing /home/airflow/.local/lib/python3.8/site-packages/airflow/example_dags/tutorial_taskflow_api.py took 0.078 seconds
[2026-04-21T01:45:00.583+0000] {processor.py:161} INFO - Started process (PID=3713422) to work on /home/airflow/.local/lib/python3.8/site-packages/airflow/example_dags/tutorial_taskflow_api.py
[2026-04-21T01:45:00.586+0000] {processor.py:830} INFO - Processing file /home/airflow/.local/lib/python3.8/site-packages/airflow/example_dags/tutorial_taskflow_api.py for tasks to queue
[2026-04-21T01:45:00.588+0000] {logging_mixin.py:188} INFO - [2026-04-21T01:45:00.588+0000] {dagbag.py:538} INFO - Filling up the DagBag from /home/airflow/.local/lib/python3.8/site-packages/airflow/example_dags/tutorial_taskflow_api.py
[2026-04-21T01:45:00.597+0000] {processor.py:840} INFO - DAG(s) 'tutorial_taskflow_api' retrieved from /home/airflow/.local/lib/python3.8/site-packages/airflow/example_dags/tutorial_taskflow_api.py
[2026-04-21T01:45:00.621+0000] {logging_mixin.py:188} INFO - [2026-04-21T01:45:00.621+0000] {dag.py:3036} INFO - Sync 1 DAGs
[2026-04-21T01:45:00.635+0000] {logging_mixin.py:188} INFO - [2026-04-21T01:45:00.635+0000] {dag.py:3823} INFO - Setting next_dagrun for tutorial_taskflow_api to None, run_after=None
[2026-04-21T01:45:00.655+0000] {processor.py:183} INFO - Processing /home/airflow/.local/lib/python3.8/site-packages/airflow/example_dags/tutorial_taskflow_api.py took 0.077 seconds
[2026-04-21T01:45:30.742+0000] {processor.py:161} INFO - Started process (PID=3713479) to work on /home/airflow/.local/lib/python3.8/site-packages/airflow/example_dags/tutorial_taskflow_api.py
[2026-04-21T01:45:30.744+0000] {processor.py:830} INFO - Processing file /home/airflow/.local/lib/python3.8/site-packages/airflow/example_dags/tutorial_taskflow_api.py for tasks to queue
[2026-04-21T01:45:30.747+0000] {logging_mixin.py:188} INFO - [2026-04-21T01:45:30.746+0000] {dagbag.py:538} INFO - Filling up the DagBag from /home/airflow/.local/lib/python3.8/site-packages/airflow/example_dags/tutorial_taskflow_api.py
[2026-04-21T01:45:30.755+0000] {processor.py:840} INFO - DAG(s) 'tutorial_taskflow_api' retrieved from /home/airflow/.local/lib/python3.8/site-packages/airflow/example_dags/tutorial_taskflow_api.py
[2026-04-21T01:45:30.780+0000] {logging_mixin.py:188} INFO - [2026-04-21T01:45:30.780+0000] {dag.py:3036} INFO - Sync 1 DAGs
[2026-04-21T01:45:30.795+0000] {logging_mixin.py:188} INFO - [2026-04-21T01:45:30.794+0000] {dag.py:3823} INFO - Setting next_dagrun for tutorial_taskflow_api to None, run_after=None
[2026-04-21T01:45:30.814+0000] {processor.py:183} INFO - Processing /home/airflow/.local/lib/python3.8/site-packages/airflow/example_dags/tutorial_taskflow_api.py took 0.077 seconds
[2026-04-21T01:46:00.887+0000] {processor.py:161} INFO - Started process (PID=3713536) to work on /home/airflow/.local/lib/python3.8/site-packages/airflow/example_dags/tutorial_taskflow_api.py
[2026-04-21T01:46:00.889+0000] {processor.py:830} INFO - Processing file /home/airflow/.local/lib/python3.8/site-packages/airflow/example_dags/tutorial_taskflow_api.py for tasks to queue
[2026-04-21T01:46:00.891+0000] {logging_mixin.py:188} INFO - [2026-04-21T01:46:00.891+0000] {dagbag.py:538} INFO - Filling up the DagBag from /home/airflow/.local/lib/python3.8/site-packages/airflow/example_dags/tutorial_taskflow_api.py
[2026-04-21T01:46:00.899+0000] {processor.py:840} INFO - DAG(s) 'tutorial_taskflow_api' retrieved from /home/airflow/.local/lib/python3.8/site-packages/airflow/example_dags/tutorial_taskflow_api.py
[2026-04-21T01:46:00.924+0000] {logging_mixin.py:188} INFO - [2026-04-21T01:46:00.924+0000] {dag.py:3036} INFO - Sync 1 DAGs
[2026-04-21T01:46:00.938+0000] {logging_mixin.py:188} INFO - [2026-04-21T01:46:00.938+0000] {dag.py:3823} INFO - Setting next_dagrun for tutorial_taskflow_api to None, run_after=None
[2026-04-21T01:46:00.957+0000] {processor.py:183} INFO - Processing /home/airflow/.local/lib/python3.8/site-packages/airflow/example_dags/tutorial_taskflow_api.py took 0.075 seconds
[2026-04-21T01:46:31.028+0000] {processor.py:161} INFO - Started process (PID=3713593) to work on /home/airflow/.local/lib/python3.8/site-packages/airflow/example_dags/tutorial_taskflow_api.py
[2026-04-21T01:46:31.030+0000] {processor.py:830} INFO - Processing file /home/airflow/.local/lib/python3.8/site-packages/airflow/example_dags/tutorial_taskflow_api.py for tasks to queue
[2026-04-21T01:46:31.033+0000] {logging_mixin.py:188} INFO - [2026-04-21T01:46:31.032+0000] {dagbag.py:538} INFO - Filling up the DagBag from /home/airflow/.local/lib/python3.8/site-packages/airflow/example_dags/tutorial_taskflow_api.py
[2026-04-21T01:46:31.041+0000] {processor.py:840} INFO - DAG(s) 'tutorial_taskflow_api' retrieved from /home/airflow/.local/lib/python3.8/site-packages/airflow/example_dags/tutorial_taskflow_api.py
[2026-04-21T01:46:31.066+0000] {logging_mixin.py:188} INFO - [2026-04-21T01:46:31.065+0000] {dag.py:3036} INFO - Sync 1 DAGs
[2026-04-21T01:46:31.079+0000] {logging_mixin.py:188} INFO - [2026-04-21T01:46:31.079+0000] {dag.py:3823} INFO - Setting next_dagrun for tutorial_taskflow_api to None, run_after=None
[2026-04-21T01:46:31.099+0000] {processor.py:183} INFO - Processing /home/airflow/.local/lib/python3.8/site-packages/airflow/example_dags/tutorial_taskflow_api.py took 0.075 seconds
[2026-04-21T01:47:01.271+0000] {processor.py:161} INFO - Started process (PID=3713650) to work on /home/airflow/.local/lib/python3.8/site-packages/airflow/example_dags/tutorial_taskflow_api.py
[2026-04-21T01:47:01.272+0000] {processor.py:830} INFO - Processing file /home/airflow/.local/lib/python3.8/site-packages/airflow/example_dags/tutorial_taskflow_api.py for tasks to queue
[2026-04-21T01:47:01.275+0000] {logging_mixin.py:188} INFO - [2026-04-21T01:47:01.274+0000] {dagbag.py:538} INFO - Filling up the DagBag from /home/airflow/.local/lib/python3.8/site-packages/airflow/example_dags/tutorial_taskflow_api.py
[2026-04-21T01:47:01.283+0000] {processor.py:840} INFO - DAG(s) 'tutorial_taskflow_api' retrieved from /home/airflow/.local/lib/python3.8/site-packages/airflow/example_dags/tutorial_taskflow_api.py
[2026-04-21T01:47:01.309+0000] {logging_mixin.py:188} INFO - [2026-04-21T01:47:01.309+0000] {dag.py:3036} INFO - Sync 1 DAGs
[2026-04-21T01:47:01.323+0000] {logging_mixin.py:188} INFO - [2026-04-21T01:47:01.323+0000] {dag.py:3823} INFO - Setting next_dagrun for tutorial_taskflow_api to None, run_after=None
[2026-04-21T01:47:01.342+0000] {processor.py:183} INFO - Processing /home/airflow/.local/lib/python3.8/site-packages/airflow/example_dags/tutorial_taskflow_api.py took 0.076 seconds
[2026-04-21T01:47:31.494+0000] {processor.py:161} INFO - Started process (PID=3713708) to work on /home/airflow/.local/lib/python3.8/site-packages/airflow/example_dags/tutorial_taskflow_api.py
[2026-04-21T01:47:31.496+0000] {processor.py:830} INFO - Processing file /home/airflow/.local/lib/python3.8/site-packages/airflow/example_dags/tutorial_taskflow_api.py for tasks to queue
[2026-04-21T01:47:31.498+0000] {logging_mixin.py:188} INFO - [2026-04-21T01:47:31.498+0000] {dagbag.py:538} INFO - Filling up the DagBag from /home/airflow/.local/lib/python3.8/site-packages/airflow/example_dags/tutorial_taskflow_api.py
[2026-04-21T01:47:31.506+0000] {processor.py:840} INFO - DAG(s) 'tutorial_taskflow_api' retrieved from /home/airflow/.local/lib/python3.8/site-packages/airflow/example_dags/tutorial_taskflow_api.py
[2026-04-21T01:47:31.532+0000] {logging_mixin.py:188} INFO - [2026-04-21T01:47:31.532+0000] {dag.py:3036} INFO - Sync 1 DAGs
[2026-04-21T01:47:31.546+0000] {logging_mixin.py:188} INFO - [2026-04-21T01:47:31.545+0000] {dag.py:3823} INFO - Setting next_dagrun for tutorial_taskflow_api to None, run_after=None
[2026-04-21T01:47:31.564+0000] {processor.py:183} INFO - Processing /home/airflow/.local/lib/python3.8/site-packages/airflow/example_dags/tutorial_taskflow_api.py took 0.075 seconds
[2026-04-21T01:48:01.704+0000] {processor.py:161} INFO - Started process (PID=3713765) to work on /home/airflow/.local/lib/python3.8/site-packages/airflow/example_dags/tutorial_taskflow_api.py
[2026-04-21T01:48:01.706+0000] {processor.py:830} INFO - Processing file /home/airflow/.local/lib/python3.8/site-packages/airflow/example_dags/tutorial_taskflow_api.py for tasks to queue
[2026-04-21T01:48:01.708+0000] {logging_mixin.py:188} INFO - [2026-04-21T01:48:01.708+0000] {dagbag.py:538} INFO - Filling up the DagBag from /home/airflow/.local/lib/python3.8/site-packages/airflow/example_dags/tutorial_taskflow_api.py
[2026-04-21T01:48:01.717+0000] {processor.py:840} INFO - DAG(s) 'tutorial_taskflow_api' retrieved from /home/airflow/.local/lib/python3.8/site-packages/airflow/example_dags/tutorial_taskflow_api.py
[2026-04-21T01:48:01.743+0000] {logging_mixin.py:188} INFO - [2026-04-21T01:48:01.742+0000] {dag.py:3036} INFO - Sync 1 DAGs
[2026-04-21T01:48:01.756+0000] {logging_mixin.py:188} INFO - [2026-04-21T01:48:01.756+0000] {dag.py:3823} INFO - Setting next_dagrun for tutorial_taskflow_api to None, run_after=None
[2026-04-21T01:48:01.776+0000] {processor.py:183} INFO - Processing /home/airflow/.local/lib/python3.8/site-packages/airflow/example_dags/tutorial_taskflow_api.py took 0.076 seconds
[2026-04-21T01:48:32.279+0000] {processor.py:161} INFO - Started process (PID=3713822) to work on /home/airflow/.local/lib/python3.8/site-packages/airflow/example_dags/tutorial_taskflow_api.py
[2026-04-21T01:48:32.281+0000] {processor.py:830} INFO - Processing file /home/airflow/.local/lib/python3.8/site-packages/airflow/example_dags/tutorial_taskflow_api.py for tasks to queue
[2026-04-21T01:48:32.283+0000] {logging_mixin.py:188} INFO - [2026-04-21T01:48:32.283+0000] {dagbag.py:538} INFO - Filling up the DagBag from /home/airflow/.local/lib/python3.8/site-packages/airflow/example_dags/tutorial_taskflow_api.py
[2026-04-21T01:48:32.291+0000] {processor.py:840} INFO - DAG(s) 'tutorial_taskflow_api' retrieved from /home/airflow/.local/lib/python3.8/site-packages/airflow/example_dags/tutorial_taskflow_api.py
[2026-04-21T01:48:32.317+0000] {logging_mixin.py:188} INFO - [2026-04-21T01:48:32.317+0000] {dag.py:3036} INFO - Sync 1 DAGs
[2026-04-21T01:48:32.332+0000] {logging_mixin.py:188} INFO - [2026-04-21T01:48:32.331+0000] {dag.py:3823} INFO - Setting next_dagrun for tutorial_taskflow_api to None, run_after=None
[2026-04-21T01:48:32.352+0000] {processor.py:183} INFO - Processing /home/airflow/.local/lib/python3.8/site-packages/airflow/example_dags/tutorial_taskflow_api.py took 0.078 seconds
[2026-04-21T01:49:02.534+0000] {processor.py:161} INFO - Started process (PID=3713879) to work on /home/airflow/.local/lib/python3.8/site-packages/airflow/example_dags/tutorial_taskflow_api.py
[2026-04-21T01:49:02.536+0000] {processor.py:830} INFO - Processing file /home/airflow/.local/lib/python3.8/site-packages/airflow/example_dags/tutorial_taskflow_api.py for tasks to queue
[2026-04-21T01:49:02.538+0000] {logging_mixin.py:188} INFO - [2026-04-21T01:49:02.538+0000] {dagbag.py:538} INFO - Filling up the DagBag from /home/airflow/.local/lib/python3.8/site-packages/airflow/example_dags/tutorial_taskflow_api.py
[2026-04-21T01:49:02.547+0000] {processor.py:840} INFO - DAG(s) 'tutorial_taskflow_api' retrieved from /home/airflow/.local/lib/python3.8/site-packages/airflow/example_dags/tutorial_taskflow_api.py
[2026-04-21T01:49:02.572+0000] {logging_mixin.py:188} INFO - [2026-04-21T01:49:02.572+0000] {dag.py:3036} INFO - Sync 1 DAGs
[2026-04-21T01:49:02.587+0000] {logging_mixin.py:188} INFO - [2026-04-21T01:49:02.587+0000] {dag.py:3823} INFO - Setting next_dagrun for tutorial_taskflow_api to None, run_after=None
[2026-04-21T01:49:02.610+0000] {processor.py:183} INFO - Processing /home/airflow/.local/lib/python3.8/site-packages/airflow/example_dags/tutorial_taskflow_api.py took 0.081 seconds
[2026-04-21T01:49:32.960+0000] {processor.py:161} INFO - Started process (PID=3713936) to work on /home/airflow/.local/lib/python3.8/site-packages/airflow/example_dags/tutorial_taskflow_api.py
[2026-04-21T01:49:32.962+0000] {processor.py:830} INFO - Processing file /home/airflow/.local/lib/python3.8/site-packages/airflow/example_dags/tutorial_taskflow_api.py for tasks to queue
[2026-04-21T01:49:32.964+0000] {logging_mixin.py:188} INFO - [2026-04-21T01:49:32.964+0000] {dagbag.py:538} INFO - Filling up the DagBag from /home/airflow/.local/lib/python3.8/site-packages/airflow/example_dags/tutorial_taskflow_api.py
[2026-04-21T01:49:32.973+0000] {processor.py:840} INFO - DAG(s) 'tutorial_taskflow_api' retrieved from /home/airflow/.local/lib/python3.8/site-packages/airflow/example_dags/tutorial_taskflow_api.py
[2026-04-21T01:49:32.999+0000] {logging_mixin.py:188} INFO - [2026-04-21T01:49:32.998+0000] {dag.py:3036} INFO - Sync 1 DAGs
[2026-04-21T01:49:33.013+0000] {logging_mixin.py:188} INFO - [2026-04-21T01:49:33.012+0000] {dag.py:3823} INFO - Setting next_dagrun for tutorial_taskflow_api to None, run_after=None
[2026-04-21T01:49:33.032+0000] {processor.py:183} INFO - Processing /home/airflow/.local/lib/python3.8/site-packages/airflow/example_dags/tutorial_taskflow_api.py took 0.076 seconds
[2026-04-21T01:50:03.417+0000] {processor.py:161} INFO - Started process (PID=3713993) to work on /home/airflow/.local/lib/python3.8/site-packages/airflow/example_dags/tutorial_taskflow_api.py
[2026-04-21T01:50:03.419+0000] {processor.py:830} INFO - Processing file /home/airflow/.local/lib/python3.8/site-packages/airflow/example_dags/tutorial_taskflow_api.py for tasks to queue
[2026-04-21T01:50:03.422+0000] {logging_mixin.py:188} INFO - [2026-04-21T01:50:03.421+0000] {dagbag.py:538} INFO - Filling up the DagBag from /home/airflow/.local/lib/python3.8/site-packages/airflow/example_dags/tutorial_taskflow_api.py
[2026-04-21T01:50:03.430+0000] {processor.py:840} INFO - DAG(s) 'tutorial_taskflow_api' retrieved from /home/airflow/.local/lib/python3.8/site-packages/airflow/example_dags/tutorial_taskflow_api.py
[2026-04-21T01:50:03.457+0000] {logging_mixin.py:188} INFO - [2026-04-21T01:50:03.456+0000] {dag.py:3036} INFO - Sync 1 DAGs
[2026-04-21T01:50:03.471+0000] {logging_mixin.py:188} INFO - [2026-04-21T01:50:03.471+0000] {dag.py:3823} INFO - Setting next_dagrun for tutorial_taskflow_api to None, run_after=None
[2026-04-21T01:50:03.491+0000] {processor.py:183} INFO - Processing /home/airflow/.local/lib/python3.8/site-packages/airflow/example_dags/tutorial_taskflow_api.py took 0.079 seconds
[2026-04-21T01:50:33.845+0000] {processor.py:161} INFO - Started process (PID=3714049) to work on /home/airflow/.local/lib/python3.8/site-packages/airflow/example_dags/tutorial_taskflow_api.py
[2026-04-21T01:50:33.847+0000] {processor.py:830} INFO - Processing file /home/airflow/.local/lib/python3.8/site-packages/airflow/example_dags/tutorial_taskflow_api.py for tasks to queue
[2026-04-21T01:50:33.849+0000] {logging_mixin.py:188} INFO - [2026-04-21T01:50:33.849+0000] {dagbag.py:538} INFO - Filling up the DagBag from /home/airflow/.local/lib/python3.8/site-packages/airflow/example_dags/tutorial_taskflow_api.py
[2026-04-21T01:50:33.858+0000] {processor.py:840} INFO - DAG(s) 'tutorial_taskflow_api' retrieved from /home/airflow/.local/lib/python3.8/site-packages/airflow/example_dags/tutorial_taskflow_api.py
[2026-04-21T01:50:33.882+0000] {logging_mixin.py:188} INFO - [2026-04-21T01:50:33.882+0000] {dag.py:3036} INFO - Sync 1 DAGs
[2026-04-21T01:50:33.896+0000] {logging_mixin.py:188} INFO - [2026-04-21T01:50:33.896+0000] {dag.py:3823} INFO - Setting next_dagrun for tutorial_taskflow_api to None, run_after=None
[2026-04-21T01:50:33.915+0000] {processor.py:183} INFO - Processing /home/airflow/.local/lib/python3.8/site-packages/airflow/example_dags/tutorial_taskflow_api.py took 0.075 seconds
[2026-04-21T01:51:03.990+0000] {processor.py:161} INFO - Started process (PID=3714106) to work on /home/airflow/.local/lib/python3.8/site-packages/airflow/example_dags/tutorial_taskflow_api.py
[2026-04-21T01:51:03.991+0000] {processor.py:830} INFO - Processing file /home/airflow/.local/lib/python3.8/site-packages/airflow/example_dags/tutorial_taskflow_api.py for tasks to queue
[2026-04-21T01:51:03.994+0000] {logging_mixin.py:188} INFO - [2026-04-21T01:51:03.993+0000] {dagbag.py:538} INFO - Filling up the DagBag from /home/airflow/.local/lib/python3.8/site-packages/airflow/example_dags/tutorial_taskflow_api.py
[2026-04-21T01:51:04.002+0000] {processor.py:840} INFO - DAG(s) 'tutorial_taskflow_api' retrieved from /home/airflow/.local/lib/python3.8/site-packages/airflow/example_dags/tutorial_taskflow_api.py
[2026-04-21T01:51:04.027+0000] {logging_mixin.py:188} INFO - [2026-04-21T01:51:04.027+0000] {dag.py:3036} INFO - Sync 1 DAGs
[2026-04-21T01:51:04.041+0000] {logging_mixin.py:188} INFO - [2026-04-21T01:51:04.041+0000] {dag.py:3823} INFO - Setting next_dagrun for tutorial_taskflow_api to None, run_after=None
[2026-04-21T01:51:04.060+0000] {processor.py:183} INFO - Processing /home/airflow/.local/lib/python3.8/site-packages/airflow/example_dags/tutorial_taskflow_api.py took 0.076 seconds
[2026-04-21T01:51:34.179+0000] {processor.py:161} INFO - Started process (PID=3714163) to work on /home/airflow/.local/lib/python3.8/site-packages/airflow/example_dags/tutorial_taskflow_api.py
[2026-04-21T01:51:34.181+0000] {processor.py:830} INFO - Processing file /home/airflow/.local/lib/python3.8/site-packages/airflow/example_dags/tutorial_taskflow_api.py for tasks to queue
[2026-04-21T01:51:34.183+0000] {logging_mixin.py:188} INFO - [2026-04-21T01:51:34.183+0000] {dagbag.py:538} INFO - Filling up the DagBag from /home/airflow/.local/lib/python3.8/site-packages/airflow/example_dags/tutorial_taskflow_api.py
[2026-04-21T01:51:34.191+0000] {processor.py:840} INFO - DAG(s) 'tutorial_taskflow_api' retrieved from /home/airflow/.local/lib/python3.8/site-packages/airflow/example_dags/tutorial_taskflow_api.py
[2026-04-21T01:51:34.218+0000] {logging_mixin.py:188} INFO - [2026-04-21T01:51:34.217+0000] {dag.py:3036} INFO - Sync 1 DAGs
[2026-04-21T01:51:34.233+0000] {logging_mixin.py:188} INFO - [2026-04-21T01:51:34.233+0000] {dag.py:3823} INFO - Setting next_dagrun for tutorial_taskflow_api to None, run_after=None
[2026-04-21T01:51:34.254+0000] {processor.py:183} INFO - Processing /home/airflow/.local/lib/python3.8/site-packages/airflow/example_dags/tutorial_taskflow_api.py took 0.080 seconds
[2026-04-21T01:52:04.564+0000] {processor.py:161} INFO - Started process (PID=3714220) to work on /home/airflow/.local/lib/python3.8/site-packages/airflow/example_dags/tutorial_taskflow_api.py
[2026-04-21T01:52:04.566+0000] {processor.py:830} INFO - Processing file /home/airflow/.local/lib/python3.8/site-packages/airflow/example_dags/tutorial_taskflow_api.py for tasks to queue
[2026-04-21T01:52:04.569+0000] {logging_mixin.py:188} INFO - [2026-04-21T01:52:04.568+0000] {dagbag.py:538} INFO - Filling up the DagBag from /home/airflow/.local/lib/python3.8/site-packages/airflow/example_dags/tutorial_taskflow_api.py
[2026-04-21T01:52:04.577+0000] {processor.py:840} INFO - DAG(s) 'tutorial_taskflow_api' retrieved from /home/airflow/.local/lib/python3.8/site-packages/airflow/example_dags/tutorial_taskflow_api.py
[2026-04-21T01:52:04.603+0000] {logging_mixin.py:188} INFO - [2026-04-21T01:52:04.603+0000] {dag.py:3036} INFO - Sync 1 DAGs
[2026-04-21T01:52:04.618+0000] {logging_mixin.py:188} INFO - [2026-04-21T01:52:04.618+0000] {dag.py:3823} INFO - Setting next_dagrun for tutorial_taskflow_api to None, run_after=None
[2026-04-21T01:52:04.639+0000] {processor.py:183} INFO - Processing /home/airflow/.local/lib/python3.8/site-packages/airflow/example_dags/tutorial_taskflow_api.py took 0.079 seconds
[2026-04-21T01:52:35.628+0000] {processor.py:161} INFO - Started process (PID=3714277) to work on /home/airflow/.local/lib/python3.8/site-packages/airflow/example_dags/tutorial_taskflow_api.py
[2026-04-21T01:52:35.633+0000] {processor.py:830} INFO - Processing file /home/airflow/.local/lib/python3.8/site-packages/airflow/example_dags/tutorial_taskflow_api.py for tasks to queue
[2026-04-21T01:52:35.635+0000] {logging_mixin.py:188} INFO - [2026-04-21T01:52:35.635+0000] {dagbag.py:538} INFO - Filling up the DagBag from /home/airflow/.local/lib/python3.8/site-packages/airflow/example_dags/tutorial_taskflow_api.py
[2026-04-21T01:52:35.644+0000] {processor.py:840} INFO - DAG(s) 'tutorial_taskflow_api' retrieved from /home/airflow/.local/lib/python3.8/site-packages/airflow/example_dags/tutorial_taskflow_api.py
[2026-04-21T01:52:35.667+0000] {logging_mixin.py:188} INFO - [2026-04-21T01:52:35.667+0000] {dag.py:3036} INFO - Sync 1 DAGs
[2026-04-21T01:52:35.681+0000] {logging_mixin.py:188} INFO - [2026-04-21T01:52:35.681+0000] {dag.py:3823} INFO - Setting next_dagrun for tutorial_taskflow_api to None, run_after=None
[2026-04-21T01:52:35.700+0000] {processor.py:183} INFO - Processing /home/airflow/.local/lib/python3.8/site-packages/airflow/example_dags/tutorial_taskflow_api.py took 0.077 seconds
[2026-04-21T01:53:05.846+0000] {processor.py:161} INFO - Started process (PID=3714334) to work on /home/airflow/.local/lib/python3.8/site-packages/airflow/example_dags/tutorial_taskflow_api.py
[2026-04-21T01:53:05.847+0000] {processor.py:830} INFO - Processing file /home/airflow/.local/lib/python3.8/site-packages/airflow/example_dags/tutorial_taskflow_api.py for tasks to queue
[2026-04-21T01:53:05.850+0000] {logging_mixin.py:188} INFO - [2026-04-21T01:53:05.849+0000] {dagbag.py:538} INFO - Filling up the DagBag from /home/airflow/.local/lib/python3.8/site-packages/airflow/example_dags/tutorial_taskflow_api.py
[2026-04-21T01:53:05.858+0000] {processor.py:840} INFO - DAG(s) 'tutorial_taskflow_api' retrieved from /home/airflow/.local/lib/python3.8/site-packages/airflow/example_dags/tutorial_taskflow_api.py
[2026-04-21T01:53:05.884+0000] {logging_mixin.py:188} INFO - [2026-04-21T01:53:05.884+0000] {dag.py:3036} INFO - Sync 1 DAGs
[2026-04-21T01:53:05.898+0000] {logging_mixin.py:188} INFO - [2026-04-21T01:53:05.898+0000] {dag.py:3823} INFO - Setting next_dagrun for tutorial_taskflow_api to None, run_after=None
[2026-04-21T01:53:05.917+0000] {processor.py:183} INFO - Processing /home/airflow/.local/lib/python3.8/site-packages/airflow/example_dags/tutorial_taskflow_api.py took 0.076 seconds
[2026-04-21T01:53:36.212+0000] {processor.py:161} INFO - Started process (PID=3714391) to work on /home/airflow/.local/lib/python3.8/site-packages/airflow/example_dags/tutorial_taskflow_api.py
[2026-04-21T01:53:36.213+0000] {processor.py:830} INFO - Processing file /home/airflow/.local/lib/python3.8/site-packages/airflow/example_dags/tutorial_taskflow_api.py for tasks to queue
[2026-04-21T01:53:36.216+0000] {logging_mixin.py:188} INFO - [2026-04-21T01:53:36.216+0000] {dagbag.py:538} INFO - Filling up the DagBag from /home/airflow/.local/lib/python3.8/site-packages/airflow/example_dags/tutorial_taskflow_api.py
[2026-04-21T01:53:36.225+0000] {processor.py:840} INFO - DAG(s) 'tutorial_taskflow_api' retrieved from /home/airflow/.local/lib/python3.8/site-packages/airflow/example_dags/tutorial_taskflow_api.py
[2026-04-21T01:53:36.249+0000] {logging_mixin.py:188} INFO - [2026-04-21T01:53:36.249+0000] {dag.py:3036} INFO - Sync 1 DAGs
[2026-04-21T01:53:36.264+0000] {logging_mixin.py:188} INFO - [2026-04-21T01:53:36.263+0000] {dag.py:3823} INFO - Setting next_dagrun for tutorial_taskflow_api to None, run_after=None
[2026-04-21T01:53:36.283+0000] {processor.py:183} INFO - Processing /home/airflow/.local/lib/python3.8/site-packages/airflow/example_dags/tutorial_taskflow_api.py took 0.077 seconds
[2026-04-21T01:54:07.098+0000] {processor.py:161} INFO - Started process (PID=3714446) to work on /home/airflow/.local/lib/python3.8/site-packages/airflow/example_dags/tutorial_taskflow_api.py
[2026-04-21T01:54:07.100+0000] {processor.py:830} INFO - Processing file /home/airflow/.local/lib/python3.8/site-packages/airflow/example_dags/tutorial_taskflow_api.py for tasks to queue
[2026-04-21T01:54:07.102+0000] {logging_mixin.py:188} INFO - [2026-04-21T01:54:07.102+0000] {dagbag.py:538} INFO - Filling up the DagBag from /home/airflow/.local/lib/python3.8/site-packages/airflow/example_dags/tutorial_taskflow_api.py
[2026-04-21T01:54:07.111+0000] {processor.py:840} INFO - DAG(s) 'tutorial_taskflow_api' retrieved from /home/airflow/.local/lib/python3.8/site-packages/airflow/example_dags/tutorial_taskflow_api.py
[2026-04-21T01:54:07.135+0000] {logging_mixin.py:188} INFO - [2026-04-21T01:54:07.135+0000] {dag.py:3036} INFO - Sync 1 DAGs
[2026-04-21T01:54:07.149+0000] {logging_mixin.py:188} INFO - [2026-04-21T01:54:07.149+0000] {dag.py:3823} INFO - Setting next_dagrun for tutorial_taskflow_api to None, run_after=None
[2026-04-21T01:54:07.168+0000] {processor.py:183} INFO - Processing /home/airflow/.local/lib/python3.8/site-packages/airflow/example_dags/tutorial_taskflow_api.py took 0.075 seconds
[2026-04-21T01:54:37.348+0000] {processor.py:161} INFO - Started process (PID=3714501) to work on /home/airflow/.local/lib/python3.8/site-packages/airflow/example_dags/tutorial_taskflow_api.py
[2026-04-21T01:54:37.350+0000] {processor.py:830} INFO - Processing file /home/airflow/.local/lib/python3.8/site-packages/airflow/example_dags/tutorial_taskflow_api.py for tasks to queue
[2026-04-21T01:54:37.352+0000] {logging_mixin.py:188} INFO - [2026-04-21T01:54:37.352+0000] {dagbag.py:538} INFO - Filling up the DagBag from /home/airflow/.local/lib/python3.8/site-packages/airflow/example_dags/tutorial_taskflow_api.py
[2026-04-21T01:54:37.361+0000] {processor.py:840} INFO - DAG(s) 'tutorial_taskflow_api' retrieved from /home/airflow/.local/lib/python3.8/site-packages/airflow/example_dags/tutorial_taskflow_api.py
[2026-04-21T01:54:37.386+0000] {logging_mixin.py:188} INFO - [2026-04-21T01:54:37.386+0000] {dag.py:3036} INFO - Sync 1 DAGs
[2026-04-21T01:54:37.401+0000] {logging_mixin.py:188} INFO - [2026-04-21T01:54:37.400+0000] {dag.py:3823} INFO - Setting next_dagrun for tutorial_taskflow_api to None, run_after=None
[2026-04-21T01:54:37.420+0000] {processor.py:183} INFO - Processing /home/airflow/.local/lib/python3.8/site-packages/airflow/example_dags/tutorial_taskflow_api.py took 0.077 seconds
[2026-04-21T01:55:07.768+0000] {processor.py:161} INFO - Started process (PID=3714558) to work on /home/airflow/.local/lib/python3.8/site-packages/airflow/example_dags/tutorial_taskflow_api.py
[2026-04-21T01:55:07.770+0000] {processor.py:830} INFO - Processing file /home/airflow/.local/lib/python3.8/site-packages/airflow/example_dags/tutorial_taskflow_api.py for tasks to queue
[2026-04-21T01:55:07.772+0000] {logging_mixin.py:188} INFO - [2026-04-21T01:55:07.772+0000] {dagbag.py:538} INFO - Filling up the DagBag from /home/airflow/.local/lib/python3.8/site-packages/airflow/example_dags/tutorial_taskflow_api.py
[2026-04-21T01:55:07.780+0000] {processor.py:840} INFO - DAG(s) 'tutorial_taskflow_api' retrieved from /home/airflow/.local/lib/python3.8/site-packages/airflow/example_dags/tutorial_taskflow_api.py
[2026-04-21T01:55:07.807+0000] {logging_mixin.py:188} INFO - [2026-04-21T01:55:07.807+0000] {dag.py:3036} INFO - Sync 1 DAGs
[2026-04-21T01:55:07.823+0000] {logging_mixin.py:188} INFO - [2026-04-21T01:55:07.822+0000] {dag.py:3823} INFO - Setting next_dagrun for tutorial_taskflow_api to None, run_after=None
[2026-04-21T01:55:07.843+0000] {processor.py:183} INFO - Processing /home/airflow/.local/lib/python3.8/site-packages/airflow/example_dags/tutorial_taskflow_api.py took 0.080 seconds
[2026-04-21T01:55:38.292+0000] {processor.py:161} INFO - Started process (PID=3714616) to work on /home/airflow/.local/lib/python3.8/site-packages/airflow/example_dags/tutorial_taskflow_api.py
[2026-04-21T01:55:38.294+0000] {processor.py:830} INFO - Processing file /home/airflow/.local/lib/python3.8/site-packages/airflow/example_dags/tutorial_taskflow_api.py for tasks to queue
[2026-04-21T01:55:38.296+0000] {logging_mixin.py:188} INFO - [2026-04-21T01:55:38.296+0000] {dagbag.py:538} INFO - Filling up the DagBag from /home/airflow/.local/lib/python3.8/site-packages/airflow/example_dags/tutorial_taskflow_api.py
[2026-04-21T01:55:38.304+0000] {processor.py:840} INFO - DAG(s) 'tutorial_taskflow_api' retrieved from /home/airflow/.local/lib/python3.8/site-packages/airflow/example_dags/tutorial_taskflow_api.py
[2026-04-21T01:55:38.328+0000] {logging_mixin.py:188} INFO - [2026-04-21T01:55:38.328+0000] {dag.py:3036} INFO - Sync 1 DAGs
[2026-04-21T01:55:38.342+0000] {logging_mixin.py:188} INFO - [2026-04-21T01:55:38.342+0000] {dag.py:3823} INFO - Setting next_dagrun for tutorial_taskflow_api to None, run_after=None
[2026-04-21T01:55:38.362+0000] {processor.py:183} INFO - Processing /home/airflow/.local/lib/python3.8/site-packages/airflow/example_dags/tutorial_taskflow_api.py took 0.074 seconds
[2026-04-21T01:56:08.755+0000] {processor.py:161} INFO - Started process (PID=3714673) to work on /home/airflow/.local/lib/python3.8/site-packages/airflow/example_dags/tutorial_taskflow_api.py
[2026-04-21T01:56:08.765+0000] {processor.py:830} INFO - Processing file /home/airflow/.local/lib/python3.8/site-packages/airflow/example_dags/tutorial_taskflow_api.py for tasks to queue
[2026-04-21T01:56:08.767+0000] {logging_mixin.py:188} INFO - [2026-04-21T01:56:08.767+0000] {dagbag.py:538} INFO - Filling up the DagBag from /home/airflow/.local/lib/python3.8/site-packages/airflow/example_dags/tutorial_taskflow_api.py
[2026-04-21T01:56:08.777+0000] {processor.py:840} INFO - DAG(s) 'tutorial_taskflow_api' retrieved from /home/airflow/.local/lib/python3.8/site-packages/airflow/example_dags/tutorial_taskflow_api.py
[2026-04-21T01:56:08.802+0000] {logging_mixin.py:188} INFO - [2026-04-21T01:56:08.802+0000] {dag.py:3036} INFO - Sync 1 DAGs
[2026-04-21T01:56:08.816+0000] {logging_mixin.py:188} INFO - [2026-04-21T01:56:08.815+0000] {dag.py:3823} INFO - Setting next_dagrun for tutorial_taskflow_api to None, run_after=None
[2026-04-21T01:56:08.835+0000] {processor.py:183} INFO - Processing /home/airflow/.local/lib/python3.8/site-packages/airflow/example_dags/tutorial_taskflow_api.py took 0.085 seconds
[2026-04-21T01:56:39.015+0000] {processor.py:161} INFO - Started process (PID=3714730) to work on /home/airflow/.local/lib/python3.8/site-packages/airflow/example_dags/tutorial_taskflow_api.py
[2026-04-21T01:56:39.017+0000] {processor.py:830} INFO - Processing file /home/airflow/.local/lib/python3.8/site-packages/airflow/example_dags/tutorial_taskflow_api.py for tasks to queue
[2026-04-21T01:56:39.019+0000] {logging_mixin.py:188} INFO - [2026-04-21T01:56:39.019+0000] {dagbag.py:538} INFO - Filling up the DagBag from /home/airflow/.local/lib/python3.8/site-packages/airflow/example_dags/tutorial_taskflow_api.py
[2026-04-21T01:56:39.028+0000] {processor.py:840} INFO - DAG(s) 'tutorial_taskflow_api' retrieved from /home/airflow/.local/lib/python3.8/site-packages/airflow/example_dags/tutorial_taskflow_api.py
[2026-04-21T01:56:39.052+0000] {logging_mixin.py:188} INFO - [2026-04-21T01:56:39.052+0000] {dag.py:3036} INFO - Sync 1 DAGs
[2026-04-21T01:56:39.066+0000] {logging_mixin.py:188} INFO - [2026-04-21T01:56:39.066+0000] {dag.py:3823} INFO - Setting next_dagrun for tutorial_taskflow_api to None, run_after=None
[2026-04-21T01:56:39.084+0000] {processor.py:183} INFO - Processing /home/airflow/.local/lib/python3.8/site-packages/airflow/example_dags/tutorial_taskflow_api.py took 0.074 seconds
[2026-04-21T01:57:09.427+0000] {processor.py:161} INFO - Started process (PID=3714787) to work on /home/airflow/.local/lib/python3.8/site-packages/airflow/example_dags/tutorial_taskflow_api.py
[2026-04-21T01:57:09.429+0000] {processor.py:830} INFO - Processing file /home/airflow/.local/lib/python3.8/site-packages/airflow/example_dags/tutorial_taskflow_api.py for tasks to queue
[2026-04-21T01:57:09.432+0000] {logging_mixin.py:188} INFO - [2026-04-21T01:57:09.432+0000] {dagbag.py:538} INFO - Filling up the DagBag from /home/airflow/.local/lib/python3.8/site-packages/airflow/example_dags/tutorial_taskflow_api.py
[2026-04-21T01:57:09.441+0000] {processor.py:840} INFO - DAG(s) 'tutorial_taskflow_api' retrieved from /home/airflow/.local/lib/python3.8/site-packages/airflow/example_dags/tutorial_taskflow_api.py
[2026-04-21T01:57:09.466+0000] {logging_mixin.py:188} INFO - [2026-04-21T01:57:09.466+0000] {dag.py:3036} INFO - Sync 1 DAGs
[2026-04-21T01:57:09.480+0000] {logging_mixin.py:188} INFO - [2026-04-21T01:57:09.480+0000] {dag.py:3823} INFO - Setting next_dagrun for tutorial_taskflow_api to None, run_after=None
[2026-04-21T01:57:09.499+0000] {processor.py:183} INFO - Processing /home/airflow/.local/lib/python3.8/site-packages/airflow/example_dags/tutorial_taskflow_api.py took 0.077 seconds
[2026-04-21T01:57:39.650+0000] {processor.py:161} INFO - Started process (PID=3714844) to work on /home/airflow/.local/lib/python3.8/site-packages/airflow/example_dags/tutorial_taskflow_api.py
[2026-04-21T01:57:39.652+0000] {processor.py:830} INFO - Processing file /home/airflow/.local/lib/python3.8/site-packages/airflow/example_dags/tutorial_taskflow_api.py for tasks to queue
[2026-04-21T01:57:39.655+0000] {logging_mixin.py:188} INFO - [2026-04-21T01:57:39.654+0000] {dagbag.py:538} INFO - Filling up the DagBag from /home/airflow/.local/lib/python3.8/site-packages/airflow/example_dags/tutorial_taskflow_api.py
[2026-04-21T01:57:39.663+0000] {processor.py:840} INFO - DAG(s) 'tutorial_taskflow_api' retrieved from /home/airflow/.local/lib/python3.8/site-packages/airflow/example_dags/tutorial_taskflow_api.py
[2026-04-21T01:57:39.690+0000] {logging_mixin.py:188} INFO - [2026-04-21T01:57:39.690+0000] {dag.py:3036} INFO - Sync 1 DAGs
[2026-04-21T01:57:39.704+0000] {logging_mixin.py:188} INFO - [2026-04-21T01:57:39.704+0000] {dag.py:3823} INFO - Setting next_dagrun for tutorial_taskflow_api to None, run_after=None
[2026-04-21T01:57:39.723+0000] {processor.py:183} INFO - Processing /home/airflow/.local/lib/python3.8/site-packages/airflow/example_dags/tutorial_taskflow_api.py took 0.078 seconds
[2026-04-21T01:58:09.845+0000] {processor.py:161} INFO - Started process (PID=3714901) to work on /home/airflow/.local/lib/python3.8/site-packages/airflow/example_dags/tutorial_taskflow_api.py
[2026-04-21T01:58:09.847+0000] {processor.py:830} INFO - Processing file /home/airflow/.local/lib/python3.8/site-packages/airflow/example_dags/tutorial_taskflow_api.py for tasks to queue
[2026-04-21T01:58:09.849+0000] {logging_mixin.py:188} INFO - [2026-04-21T01:58:09.849+0000] {dagbag.py:538} INFO - Filling up the DagBag from /home/airflow/.local/lib/python3.8/site-packages/airflow/example_dags/tutorial_taskflow_api.py
[2026-04-21T01:58:09.857+0000] {processor.py:840} INFO - DAG(s) 'tutorial_taskflow_api' retrieved from /home/airflow/.local/lib/python3.8/site-packages/airflow/example_dags/tutorial_taskflow_api.py
[2026-04-21T01:58:09.882+0000] {logging_mixin.py:188} INFO - [2026-04-21T01:58:09.882+0000] {dag.py:3036} INFO - Sync 1 DAGs
[2026-04-21T01:58:09.896+0000] {logging_mixin.py:188} INFO - [2026-04-21T01:58:09.896+0000] {dag.py:3823} INFO - Setting next_dagrun for tutorial_taskflow_api to None, run_after=None
[2026-04-21T01:58:09.917+0000] {processor.py:183} INFO - Processing /home/airflow/.local/lib/python3.8/site-packages/airflow/example_dags/tutorial_taskflow_api.py took 0.077 seconds
[2026-04-21T01:58:40.001+0000] {processor.py:161} INFO - Started process (PID=3714958) to work on /home/airflow/.local/lib/python3.8/site-packages/airflow/example_dags/tutorial_taskflow_api.py
[2026-04-21T01:58:40.002+0000] {processor.py:830} INFO - Processing file /home/airflow/.local/lib/python3.8/site-packages/airflow/example_dags/tutorial_taskflow_api.py for tasks to queue
[2026-04-21T01:58:40.005+0000] {logging_mixin.py:188} INFO - [2026-04-21T01:58:40.005+0000] {dagbag.py:538} INFO - Filling up the DagBag from /home/airflow/.local/lib/python3.8/site-packages/airflow/example_dags/tutorial_taskflow_api.py
[2026-04-21T01:58:40.014+0000] {processor.py:840} INFO - DAG(s) 'tutorial_taskflow_api' retrieved from /home/airflow/.local/lib/python3.8/site-packages/airflow/example_dags/tutorial_taskflow_api.py
[2026-04-21T01:58:40.037+0000] {logging_mixin.py:188} INFO - [2026-04-21T01:58:40.037+0000] {dag.py:3036} INFO - Sync 1 DAGs
[2026-04-21T01:58:40.051+0000] {logging_mixin.py:188} INFO - [2026-04-21T01:58:40.051+0000] {dag.py:3823} INFO - Setting next_dagrun for tutorial_taskflow_api to None, run_after=None
[2026-04-21T01:58:40.070+0000] {processor.py:183} INFO - Processing /home/airflow/.local/lib/python3.8/site-packages/airflow/example_dags/tutorial_taskflow_api.py took 0.074 seconds
[2026-04-21T01:59:10.150+0000] {processor.py:161} INFO - Started process (PID=3715015) to work on /home/airflow/.local/lib/python3.8/site-packages/airflow/example_dags/tutorial_taskflow_api.py
[2026-04-21T01:59:10.152+0000] {processor.py:830} INFO - Processing file /home/airflow/.local/lib/python3.8/site-packages/airflow/example_dags/tutorial_taskflow_api.py for tasks to queue
[2026-04-21T01:59:10.155+0000] {logging_mixin.py:188} INFO - [2026-04-21T01:59:10.154+0000] {dagbag.py:538} INFO - Filling up the DagBag from /home/airflow/.local/lib/python3.8/site-packages/airflow/example_dags/tutorial_taskflow_api.py
[2026-04-21T01:59:10.163+0000] {processor.py:840} INFO - DAG(s) 'tutorial_taskflow_api' retrieved from /home/airflow/.local/lib/python3.8/site-packages/airflow/example_dags/tutorial_taskflow_api.py
[2026-04-21T01:59:10.189+0000] {logging_mixin.py:188} INFO - [2026-04-21T01:59:10.189+0000] {dag.py:3036} INFO - Sync 1 DAGs
[2026-04-21T01:59:10.204+0000] {logging_mixin.py:188} INFO - [2026-04-21T01:59:10.204+0000] {dag.py:3823} INFO - Setting next_dagrun for tutorial_taskflow_api to None, run_after=None
[2026-04-21T01:59:10.223+0000] {processor.py:183} INFO - Processing /home/airflow/.local/lib/python3.8/site-packages/airflow/example_dags/tutorial_taskflow_api.py took 0.078 seconds
[2026-04-21T01:59:40.430+0000] {processor.py:161} INFO - Started process (PID=3715072) to work on /home/airflow/.local/lib/python3.8/site-packages/airflow/example_dags/tutorial_taskflow_api.py
[2026-04-21T01:59:40.431+0000] {processor.py:830} INFO - Processing file /home/airflow/.local/lib/python3.8/site-packages/airflow/example_dags/tutorial_taskflow_api.py for tasks to queue
[2026-04-21T01:59:40.433+0000] {logging_mixin.py:188} INFO - [2026-04-21T01:59:40.433+0000] {dagbag.py:538} INFO - Filling up the DagBag from /home/airflow/.local/lib/python3.8/site-packages/airflow/example_dags/tutorial_taskflow_api.py
[2026-04-21T01:59:40.442+0000] {processor.py:840} INFO - DAG(s) 'tutorial_taskflow_api' retrieved from /home/airflow/.local/lib/python3.8/site-packages/airflow/example_dags/tutorial_taskflow_api.py
[2026-04-21T01:59:40.466+0000] {logging_mixin.py:188} INFO - [2026-04-21T01:59:40.466+0000] {dag.py:3036} INFO - Sync 1 DAGs
[2026-04-21T01:59:40.480+0000] {logging_mixin.py:188} INFO - [2026-04-21T01:59:40.480+0000] {dag.py:3823} INFO - Setting next_dagrun for tutorial_taskflow_api to None, run_after=None
[2026-04-21T01:59:40.499+0000] {processor.py:183} INFO - Processing /home/airflow/.local/lib/python3.8/site-packages/airflow/example_dags/tutorial_taskflow_api.py took 0.074 seconds
[2026-04-21T02:00:10.781+0000] {processor.py:161} INFO - Started process (PID=3715129) to work on /home/airflow/.local/lib/python3.8/site-packages/airflow/example_dags/tutorial_taskflow_api.py
[2026-04-21T02:00:10.782+0000] {processor.py:830} INFO - Processing file /home/airflow/.local/lib/python3.8/site-packages/airflow/example_dags/tutorial_taskflow_api.py for tasks to queue
[2026-04-21T02:00:10.785+0000] {logging_mixin.py:188} INFO - [2026-04-21T02:00:10.785+0000] {dagbag.py:538} INFO - Filling up the DagBag from /home/airflow/.local/lib/python3.8/site-packages/airflow/example_dags/tutorial_taskflow_api.py
[2026-04-21T02:00:10.794+0000] {processor.py:840} INFO - DAG(s) 'tutorial_taskflow_api' retrieved from /home/airflow/.local/lib/python3.8/site-packages/airflow/example_dags/tutorial_taskflow_api.py
[2026-04-21T02:00:10.820+0000] {logging_mixin.py:188} INFO - [2026-04-21T02:00:10.820+0000] {dag.py:3036} INFO - Sync 1 DAGs
[2026-04-21T02:00:10.838+0000] {logging_mixin.py:188} INFO - [2026-04-21T02:00:10.838+0000] {dag.py:3823} INFO - Setting next_dagrun for tutorial_taskflow_api to None, run_after=None
[2026-04-21T02:00:10.858+0000] {processor.py:183} INFO - Processing /home/airflow/.local/lib/python3.8/site-packages/airflow/example_dags/tutorial_taskflow_api.py took 0.083 seconds
[2026-04-21T02:00:40.987+0000] {processor.py:161} INFO - Started process (PID=3715192) to work on /home/airflow/.local/lib/python3.8/site-packages/airflow/example_dags/tutorial_taskflow_api.py
[2026-04-21T02:00:40.989+0000] {processor.py:830} INFO - Processing file /home/airflow/.local/lib/python3.8/site-packages/airflow/example_dags/tutorial_taskflow_api.py for tasks to queue
[2026-04-21T02:00:40.992+0000] {logging_mixin.py:188} INFO - [2026-04-21T02:00:40.991+0000] {dagbag.py:538} INFO - Filling up the DagBag from /home/airflow/.local/lib/python3.8/site-packages/airflow/example_dags/tutorial_taskflow_api.py
[2026-04-21T02:00:41.000+0000] {processor.py:840} INFO - DAG(s) 'tutorial_taskflow_api' retrieved from /home/airflow/.local/lib/python3.8/site-packages/airflow/example_dags/tutorial_taskflow_api.py
[2026-04-21T02:00:41.026+0000] {logging_mixin.py:188} INFO - [2026-04-21T02:00:41.026+0000] {dag.py:3036} INFO - Sync 1 DAGs
[2026-04-21T02:00:41.041+0000] {logging_mixin.py:188} INFO - [2026-04-21T02:00:41.040+0000] {dag.py:3823} INFO - Setting next_dagrun for tutorial_taskflow_api to None, run_after=None
[2026-04-21T02:00:41.063+0000] {processor.py:183} INFO - Processing /home/airflow/.local/lib/python3.8/site-packages/airflow/example_dags/tutorial_taskflow_api.py took 0.081 seconds
[2026-04-21T02:01:11.158+0000] {processor.py:161} INFO - Started process (PID=3715249) to work on /home/airflow/.local/lib/python3.8/site-packages/airflow/example_dags/tutorial_taskflow_api.py
[2026-04-21T02:01:11.160+0000] {processor.py:830} INFO - Processing file /home/airflow/.local/lib/python3.8/site-packages/airflow/example_dags/tutorial_taskflow_api.py for tasks to queue
[2026-04-21T02:01:11.163+0000] {logging_mixin.py:188} INFO - [2026-04-21T02:01:11.162+0000] {dagbag.py:538} INFO - Filling up the DagBag from /home/airflow/.local/lib/python3.8/site-packages/airflow/example_dags/tutorial_taskflow_api.py
[2026-04-21T02:01:11.172+0000] {processor.py:840} INFO - DAG(s) 'tutorial_taskflow_api' retrieved from /home/airflow/.local/lib/python3.8/site-packages/airflow/example_dags/tutorial_taskflow_api.py
[2026-04-21T02:01:11.199+0000] {logging_mixin.py:188} INFO - [2026-04-21T02:01:11.199+0000] {dag.py:3036} INFO - Sync 1 DAGs
[2026-04-21T02:01:11.215+0000] {logging_mixin.py:188} INFO - [2026-04-21T02:01:11.215+0000] {dag.py:3823} INFO - Setting next_dagrun for tutorial_taskflow_api to None, run_after=None
[2026-04-21T02:01:11.237+0000] {processor.py:183} INFO - Processing /home/airflow/.local/lib/python3.8/site-packages/airflow/example_dags/tutorial_taskflow_api.py took 0.084 seconds
[2026-04-21T02:01:41.508+0000] {processor.py:161} INFO - Started process (PID=3715306) to work on /home/airflow/.local/lib/python3.8/site-packages/airflow/example_dags/tutorial_taskflow_api.py
[2026-04-21T02:01:41.510+0000] {processor.py:830} INFO - Processing file /home/airflow/.local/lib/python3.8/site-packages/airflow/example_dags/tutorial_taskflow_api.py for tasks to queue
[2026-04-21T02:01:41.512+0000] {logging_mixin.py:188} INFO - [2026-04-21T02:01:41.512+0000] {dagbag.py:538} INFO - Filling up the DagBag from /home/airflow/.local/lib/python3.8/site-packages/airflow/example_dags/tutorial_taskflow_api.py
[2026-04-21T02:01:41.520+0000] {processor.py:840} INFO - DAG(s) 'tutorial_taskflow_api' retrieved from /home/airflow/.local/lib/python3.8/site-packages/airflow/example_dags/tutorial_taskflow_api.py
[2026-04-21T02:01:41.546+0000] {logging_mixin.py:188} INFO - [2026-04-21T02:01:41.546+0000] {dag.py:3036} INFO - Sync 1 DAGs
[2026-04-21T02:01:41.561+0000] {logging_mixin.py:188} INFO - [2026-04-21T02:01:41.560+0000] {dag.py:3823} INFO - Setting next_dagrun for tutorial_taskflow_api to None, run_after=None
[2026-04-21T02:01:41.581+0000] {processor.py:183} INFO - Processing /home/airflow/.local/lib/python3.8/site-packages/airflow/example_dags/tutorial_taskflow_api.py took 0.078 seconds
[2026-04-21T02:02:11.744+0000] {processor.py:161} INFO - Started process (PID=3715363) to work on /home/airflow/.local/lib/python3.8/site-packages/airflow/example_dags/tutorial_taskflow_api.py
[2026-04-21T02:02:11.746+0000] {processor.py:830} INFO - Processing file /home/airflow/.local/lib/python3.8/site-packages/airflow/example_dags/tutorial_taskflow_api.py for tasks to queue
[2026-04-21T02:02:11.749+0000] {logging_mixin.py:188} INFO - [2026-04-21T02:02:11.748+0000] {dagbag.py:538} INFO - Filling up the DagBag from /home/airflow/.local/lib/python3.8/site-packages/airflow/example_dags/tutorial_taskflow_api.py
[2026-04-21T02:02:11.757+0000] {processor.py:840} INFO - DAG(s) 'tutorial_taskflow_api' retrieved from /home/airflow/.local/lib/python3.8/site-packages/airflow/example_dags/tutorial_taskflow_api.py
[2026-04-21T02:02:11.783+0000] {logging_mixin.py:188} INFO - [2026-04-21T02:02:11.783+0000] {dag.py:3036} INFO - Sync 1 DAGs
[2026-04-21T02:02:11.797+0000] {logging_mixin.py:188} INFO - [2026-04-21T02:02:11.797+0000] {dag.py:3823} INFO - Setting next_dagrun for tutorial_taskflow_api to None, run_after=None
[2026-04-21T02:02:11.816+0000] {processor.py:183} INFO - Processing /home/airflow/.local/lib/python3.8/site-packages/airflow/example_dags/tutorial_taskflow_api.py took 0.076 seconds
[2026-04-21T02:02:42.725+0000] {processor.py:161} INFO - Started process (PID=3715420) to work on /home/airflow/.local/lib/python3.8/site-packages/airflow/example_dags/tutorial_taskflow_api.py
[2026-04-21T02:02:42.727+0000] {processor.py:830} INFO - Processing file /home/airflow/.local/lib/python3.8/site-packages/airflow/example_dags/tutorial_taskflow_api.py for tasks to queue
[2026-04-21T02:02:42.729+0000] {logging_mixin.py:188} INFO - [2026-04-21T02:02:42.729+0000] {dagbag.py:538} INFO - Filling up the DagBag from /home/airflow/.local/lib/python3.8/site-packages/airflow/example_dags/tutorial_taskflow_api.py
[2026-04-21T02:02:42.737+0000] {processor.py:840} INFO - DAG(s) 'tutorial_taskflow_api' retrieved from /home/airflow/.local/lib/python3.8/site-packages/airflow/example_dags/tutorial_taskflow_api.py
[2026-04-21T02:02:42.763+0000] {logging_mixin.py:188} INFO - [2026-04-21T02:02:42.763+0000] {dag.py:3036} INFO - Sync 1 DAGs
[2026-04-21T02:02:42.778+0000] {logging_mixin.py:188} INFO - [2026-04-21T02:02:42.777+0000] {dag.py:3823} INFO - Setting next_dagrun for tutorial_taskflow_api to None, run_after=None
[2026-04-21T02:02:42.797+0000] {processor.py:183} INFO - Processing /home/airflow/.local/lib/python3.8/site-packages/airflow/example_dags/tutorial_taskflow_api.py took 0.078 seconds
[2026-04-21T02:03:13.143+0000] {processor.py:161} INFO - Started process (PID=3715477) to work on /home/airflow/.local/lib/python3.8/site-packages/airflow/example_dags/tutorial_taskflow_api.py
[2026-04-21T02:03:13.145+0000] {processor.py:830} INFO - Processing file /home/airflow/.local/lib/python3.8/site-packages/airflow/example_dags/tutorial_taskflow_api.py for tasks to queue
[2026-04-21T02:03:13.147+0000] {logging_mixin.py:188} INFO - [2026-04-21T02:03:13.147+0000] {dagbag.py:538} INFO - Filling up the DagBag from /home/airflow/.local/lib/python3.8/site-packages/airflow/example_dags/tutorial_taskflow_api.py
[2026-04-21T02:03:13.156+0000] {processor.py:840} INFO - DAG(s) 'tutorial_taskflow_api' retrieved from /home/airflow/.local/lib/python3.8/site-packages/airflow/example_dags/tutorial_taskflow_api.py
[2026-04-21T02:03:13.182+0000] {logging_mixin.py:188} INFO - [2026-04-21T02:03:13.182+0000] {dag.py:3036} INFO - Sync 1 DAGs
[2026-04-21T02:03:13.197+0000] {logging_mixin.py:188} INFO - [2026-04-21T02:03:13.197+0000] {dag.py:3823} INFO - Setting next_dagrun for tutorial_taskflow_api to None, run_after=None
[2026-04-21T02:03:13.217+0000] {processor.py:183} INFO - Processing /home/airflow/.local/lib/python3.8/site-packages/airflow/example_dags/tutorial_taskflow_api.py took 0.079 seconds
[2026-04-21T02:03:43.360+0000] {processor.py:161} INFO - Started process (PID=3715534) to work on /home/airflow/.local/lib/python3.8/site-packages/airflow/example_dags/tutorial_taskflow_api.py
[2026-04-21T02:03:43.362+0000] {processor.py:830} INFO - Processing file /home/airflow/.local/lib/python3.8/site-packages/airflow/example_dags/tutorial_taskflow_api.py for tasks to queue
[2026-04-21T02:03:43.364+0000] {logging_mixin.py:188} INFO - [2026-04-21T02:03:43.364+0000] {dagbag.py:538} INFO - Filling up the DagBag from /home/airflow/.local/lib/python3.8/site-packages/airflow/example_dags/tutorial_taskflow_api.py
[2026-04-21T02:03:43.373+0000] {processor.py:840} INFO - DAG(s) 'tutorial_taskflow_api' retrieved from /home/airflow/.local/lib/python3.8/site-packages/airflow/example_dags/tutorial_taskflow_api.py
[2026-04-21T02:03:43.397+0000] {logging_mixin.py:188} INFO - [2026-04-21T02:03:43.397+0000] {dag.py:3036} INFO - Sync 1 DAGs
[2026-04-21T02:03:43.411+0000] {logging_mixin.py:188} INFO - [2026-04-21T02:03:43.411+0000] {dag.py:3823} INFO - Setting next_dagrun for tutorial_taskflow_api to None, run_after=None
[2026-04-21T02:03:43.434+0000] {processor.py:183} INFO - Processing /home/airflow/.local/lib/python3.8/site-packages/airflow/example_dags/tutorial_taskflow_api.py took 0.079 seconds
[2026-04-21T02:04:13.560+0000] {processor.py:161} INFO - Started process (PID=3715591) to work on /home/airflow/.local/lib/python3.8/site-packages/airflow/example_dags/tutorial_taskflow_api.py
[2026-04-21T02:04:13.563+0000] {processor.py:830} INFO - Processing file /home/airflow/.local/lib/python3.8/site-packages/airflow/example_dags/tutorial_taskflow_api.py for tasks to queue
[2026-04-21T02:04:13.565+0000] {logging_mixin.py:188} INFO - [2026-04-21T02:04:13.565+0000] {dagbag.py:538} INFO - Filling up the DagBag from /home/airflow/.local/lib/python3.8/site-packages/airflow/example_dags/tutorial_taskflow_api.py
[2026-04-21T02:04:13.574+0000] {processor.py:840} INFO - DAG(s) 'tutorial_taskflow_api' retrieved from /home/airflow/.local/lib/python3.8/site-packages/airflow/example_dags/tutorial_taskflow_api.py
[2026-04-21T02:04:13.598+0000] {logging_mixin.py:188} INFO - [2026-04-21T02:04:13.598+0000] {dag.py:3036} INFO - Sync 1 DAGs
[2026-04-21T02:04:13.614+0000] {logging_mixin.py:188} INFO - [2026-04-21T02:04:13.613+0000] {dag.py:3823} INFO - Setting next_dagrun for tutorial_taskflow_api to None, run_after=None
[2026-04-21T02:04:13.632+0000] {processor.py:183} INFO - Processing /home/airflow/.local/lib/python3.8/site-packages/airflow/example_dags/tutorial_taskflow_api.py took 0.077 seconds
[2026-04-21T02:04:43.903+0000] {processor.py:161} INFO - Started process (PID=3715648) to work on /home/airflow/.local/lib/python3.8/site-packages/airflow/example_dags/tutorial_taskflow_api.py
[2026-04-21T02:04:43.905+0000] {processor.py:830} INFO - Processing file /home/airflow/.local/lib/python3.8/site-packages/airflow/example_dags/tutorial_taskflow_api.py for tasks to queue
[2026-04-21T02:04:43.908+0000] {logging_mixin.py:188} INFO - [2026-04-21T02:04:43.907+0000] {dagbag.py:538} INFO - Filling up the DagBag from /home/airflow/.local/lib/python3.8/site-packages/airflow/example_dags/tutorial_taskflow_api.py
[2026-04-21T02:04:43.916+0000] {processor.py:840} INFO - DAG(s) 'tutorial_taskflow_api' retrieved from /home/airflow/.local/lib/python3.8/site-packages/airflow/example_dags/tutorial_taskflow_api.py
[2026-04-21T02:04:43.942+0000] {logging_mixin.py:188} INFO - [2026-04-21T02:04:43.941+0000] {dag.py:3036} INFO - Sync 1 DAGs
[2026-04-21T02:04:43.956+0000] {logging_mixin.py:188} INFO - [2026-04-21T02:04:43.956+0000] {dag.py:3823} INFO - Setting next_dagrun for tutorial_taskflow_api to None, run_after=None
[2026-04-21T02:04:43.977+0000] {processor.py:183} INFO - Processing /home/airflow/.local/lib/python3.8/site-packages/airflow/example_dags/tutorial_taskflow_api.py took 0.079 seconds
[2026-04-21T02:05:14.199+0000] {processor.py:161} INFO - Started process (PID=3715705) to work on /home/airflow/.local/lib/python3.8/site-packages/airflow/example_dags/tutorial_taskflow_api.py
[2026-04-21T02:05:14.202+0000] {processor.py:830} INFO - Processing file /home/airflow/.local/lib/python3.8/site-packages/airflow/example_dags/tutorial_taskflow_api.py for tasks to queue
[2026-04-21T02:05:14.204+0000] {logging_mixin.py:188} INFO - [2026-04-21T02:05:14.204+0000] {dagbag.py:538} INFO - Filling up the DagBag from /home/airflow/.local/lib/python3.8/site-packages/airflow/example_dags/tutorial_taskflow_api.py
[2026-04-21T02:05:14.212+0000] {processor.py:840} INFO - DAG(s) 'tutorial_taskflow_api' retrieved from /home/airflow/.local/lib/python3.8/site-packages/airflow/example_dags/tutorial_taskflow_api.py
[2026-04-21T02:05:14.237+0000] {logging_mixin.py:188} INFO - [2026-04-21T02:05:14.237+0000] {dag.py:3036} INFO - Sync 1 DAGs
[2026-04-21T02:05:14.251+0000] {logging_mixin.py:188} INFO - [2026-04-21T02:05:14.251+0000] {dag.py:3823} INFO - Setting next_dagrun for tutorial_taskflow_api to None, run_after=None
[2026-04-21T02:05:14.270+0000] {processor.py:183} INFO - Processing /home/airflow/.local/lib/python3.8/site-packages/airflow/example_dags/tutorial_taskflow_api.py took 0.076 seconds
[2026-04-21T02:05:44.488+0000] {processor.py:161} INFO - Started process (PID=3715763) to work on /home/airflow/.local/lib/python3.8/site-packages/airflow/example_dags/tutorial_taskflow_api.py
[2026-04-21T02:05:44.491+0000] {processor.py:830} INFO - Processing file /home/airflow/.local/lib/python3.8/site-packages/airflow/example_dags/tutorial_taskflow_api.py for tasks to queue
[2026-04-21T02:05:44.494+0000] {logging_mixin.py:188} INFO - [2026-04-21T02:05:44.493+0000] {dagbag.py:538} INFO - Filling up the DagBag from /home/airflow/.local/lib/python3.8/site-packages/airflow/example_dags/tutorial_taskflow_api.py
[2026-04-21T02:05:44.503+0000] {processor.py:840} INFO - DAG(s) 'tutorial_taskflow_api' retrieved from /home/airflow/.local/lib/python3.8/site-packages/airflow/example_dags/tutorial_taskflow_api.py
[2026-04-21T02:05:44.529+0000] {logging_mixin.py:188} INFO - [2026-04-21T02:05:44.528+0000] {dag.py:3036} INFO - Sync 1 DAGs
[2026-04-21T02:05:44.544+0000] {logging_mixin.py:188} INFO - [2026-04-21T02:05:44.544+0000] {dag.py:3823} INFO - Setting next_dagrun for tutorial_taskflow_api to None, run_after=None
[2026-04-21T02:05:44.567+0000] {processor.py:183} INFO - Processing /home/airflow/.local/lib/python3.8/site-packages/airflow/example_dags/tutorial_taskflow_api.py took 0.085 seconds
[2026-04-21T02:06:14.750+0000] {processor.py:161} INFO - Started process (PID=3715820) to work on /home/airflow/.local/lib/python3.8/site-packages/airflow/example_dags/tutorial_taskflow_api.py
[2026-04-21T02:06:14.752+0000] {processor.py:830} INFO - Processing file /home/airflow/.local/lib/python3.8/site-packages/airflow/example_dags/tutorial_taskflow_api.py for tasks to queue
[2026-04-21T02:06:14.754+0000] {logging_mixin.py:188} INFO - [2026-04-21T02:06:14.753+0000] {dagbag.py:538} INFO - Filling up the DagBag from /home/airflow/.local/lib/python3.8/site-packages/airflow/example_dags/tutorial_taskflow_api.py
[2026-04-21T02:06:14.762+0000] {processor.py:840} INFO - DAG(s) 'tutorial_taskflow_api' retrieved from /home/airflow/.local/lib/python3.8/site-packages/airflow/example_dags/tutorial_taskflow_api.py
[2026-04-21T02:06:14.787+0000] {logging_mixin.py:188} INFO - [2026-04-21T02:06:14.786+0000] {dag.py:3036} INFO - Sync 1 DAGs
[2026-04-21T02:06:14.800+0000] {logging_mixin.py:188} INFO - [2026-04-21T02:06:14.800+0000] {dag.py:3823} INFO - Setting next_dagrun for tutorial_taskflow_api to None, run_after=None
[2026-04-21T02:06:14.819+0000] {processor.py:183} INFO - Processing /home/airflow/.local/lib/python3.8/site-packages/airflow/example_dags/tutorial_taskflow_api.py took 0.074 seconds
[2026-04-21T02:06:45.245+0000] {processor.py:161} INFO - Started process (PID=3715877) to work on /home/airflow/.local/lib/python3.8/site-packages/airflow/example_dags/tutorial_taskflow_api.py
[2026-04-21T02:06:45.248+0000] {processor.py:830} INFO - Processing file /home/airflow/.local/lib/python3.8/site-packages/airflow/example_dags/tutorial_taskflow_api.py for tasks to queue
[2026-04-21T02:06:45.250+0000] {logging_mixin.py:188} INFO - [2026-04-21T02:06:45.250+0000] {dagbag.py:538} INFO - Filling up the DagBag from /home/airflow/.local/lib/python3.8/site-packages/airflow/example_dags/tutorial_taskflow_api.py
[2026-04-21T02:06:45.259+0000] {processor.py:840} INFO - DAG(s) 'tutorial_taskflow_api' retrieved from /home/airflow/.local/lib/python3.8/site-packages/airflow/example_dags/tutorial_taskflow_api.py
[2026-04-21T02:06:45.285+0000] {logging_mixin.py:188} INFO - [2026-04-21T02:06:45.285+0000] {dag.py:3036} INFO - Sync 1 DAGs
[2026-04-21T02:06:45.299+0000] {logging_mixin.py:188} INFO - [2026-04-21T02:06:45.299+0000] {dag.py:3823} INFO - Setting next_dagrun for tutorial_taskflow_api to None, run_after=None
[2026-04-21T02:06:45.318+0000] {processor.py:183} INFO - Processing /home/airflow/.local/lib/python3.8/site-packages/airflow/example_dags/tutorial_taskflow_api.py took 0.078 seconds
[2026-04-21T02:07:16.157+0000] {processor.py:161} INFO - Started process (PID=3715934) to work on /home/airflow/.local/lib/python3.8/site-packages/airflow/example_dags/tutorial_taskflow_api.py
[2026-04-21T02:07:16.159+0000] {processor.py:830} INFO - Processing file /home/airflow/.local/lib/python3.8/site-packages/airflow/example_dags/tutorial_taskflow_api.py for tasks to queue
[2026-04-21T02:07:16.161+0000] {logging_mixin.py:188} INFO - [2026-04-21T02:07:16.161+0000] {dagbag.py:538} INFO - Filling up the DagBag from /home/airflow/.local/lib/python3.8/site-packages/airflow/example_dags/tutorial_taskflow_api.py
[2026-04-21T02:07:16.170+0000] {processor.py:840} INFO - DAG(s) 'tutorial_taskflow_api' retrieved from /home/airflow/.local/lib/python3.8/site-packages/airflow/example_dags/tutorial_taskflow_api.py
[2026-04-21T02:07:16.195+0000] {logging_mixin.py:188} INFO - [2026-04-21T02:07:16.195+0000] {dag.py:3036} INFO - Sync 1 DAGs
[2026-04-21T02:07:16.209+0000] {logging_mixin.py:188} INFO - [2026-04-21T02:07:16.209+0000] {dag.py:3823} INFO - Setting next_dagrun for tutorial_taskflow_api to None, run_after=None
[2026-04-21T02:07:16.229+0000] {processor.py:183} INFO - Processing /home/airflow/.local/lib/python3.8/site-packages/airflow/example_dags/tutorial_taskflow_api.py took 0.077 seconds
[2026-04-21T02:07:46.429+0000] {processor.py:161} INFO - Started process (PID=3715991) to work on /home/airflow/.local/lib/python3.8/site-packages/airflow/example_dags/tutorial_taskflow_api.py
[2026-04-21T02:07:46.431+0000] {processor.py:830} INFO - Processing file /home/airflow/.local/lib/python3.8/site-packages/airflow/example_dags/tutorial_taskflow_api.py for tasks to queue
[2026-04-21T02:07:46.433+0000] {logging_mixin.py:188} INFO - [2026-04-21T02:07:46.433+0000] {dagbag.py:538} INFO - Filling up the DagBag from /home/airflow/.local/lib/python3.8/site-packages/airflow/example_dags/tutorial_taskflow_api.py
[2026-04-21T02:07:46.441+0000] {processor.py:840} INFO - DAG(s) 'tutorial_taskflow_api' retrieved from /home/airflow/.local/lib/python3.8/site-packages/airflow/example_dags/tutorial_taskflow_api.py
[2026-04-21T02:07:46.466+0000] {logging_mixin.py:188} INFO - [2026-04-21T02:07:46.466+0000] {dag.py:3036} INFO - Sync 1 DAGs
[2026-04-21T02:07:46.481+0000] {logging_mixin.py:188} INFO - [2026-04-21T02:07:46.480+0000] {dag.py:3823} INFO - Setting next_dagrun for tutorial_taskflow_api to None, run_after=None
[2026-04-21T02:07:46.500+0000] {processor.py:183} INFO - Processing /home/airflow/.local/lib/python3.8/site-packages/airflow/example_dags/tutorial_taskflow_api.py took 0.076 seconds
[2026-04-21T02:08:16.826+0000] {processor.py:161} INFO - Started process (PID=3716048) to work on /home/airflow/.local/lib/python3.8/site-packages/airflow/example_dags/tutorial_taskflow_api.py
[2026-04-21T02:08:16.829+0000] {processor.py:830} INFO - Processing file /home/airflow/.local/lib/python3.8/site-packages/airflow/example_dags/tutorial_taskflow_api.py for tasks to queue
[2026-04-21T02:08:16.831+0000] {logging_mixin.py:188} INFO - [2026-04-21T02:08:16.831+0000] {dagbag.py:538} INFO - Filling up the DagBag from /home/airflow/.local/lib/python3.8/site-packages/airflow/example_dags/tutorial_taskflow_api.py
[2026-04-21T02:08:16.839+0000] {processor.py:840} INFO - DAG(s) 'tutorial_taskflow_api' retrieved from /home/airflow/.local/lib/python3.8/site-packages/airflow/example_dags/tutorial_taskflow_api.py
[2026-04-21T02:08:16.863+0000] {logging_mixin.py:188} INFO - [2026-04-21T02:08:16.863+0000] {dag.py:3036} INFO - Sync 1 DAGs
[2026-04-21T02:08:16.877+0000] {logging_mixin.py:188} INFO - [2026-04-21T02:08:16.877+0000] {dag.py:3823} INFO - Setting next_dagrun for tutorial_taskflow_api to None, run_after=None
[2026-04-21T02:08:16.898+0000] {processor.py:183} INFO - Processing /home/airflow/.local/lib/python3.8/site-packages/airflow/example_dags/tutorial_taskflow_api.py took 0.077 seconds
[2026-04-21T02:08:47.010+0000] {processor.py:161} INFO - Started process (PID=3716105) to work on /home/airflow/.local/lib/python3.8/site-packages/airflow/example_dags/tutorial_taskflow_api.py
[2026-04-21T02:08:47.012+0000] {processor.py:830} INFO - Processing file /home/airflow/.local/lib/python3.8/site-packages/airflow/example_dags/tutorial_taskflow_api.py for tasks to queue
[2026-04-21T02:08:47.014+0000] {logging_mixin.py:188} INFO - [2026-04-21T02:08:47.014+0000] {dagbag.py:538} INFO - Filling up the DagBag from /home/airflow/.local/lib/python3.8/site-packages/airflow/example_dags/tutorial_taskflow_api.py
[2026-04-21T02:08:47.022+0000] {processor.py:840} INFO - DAG(s) 'tutorial_taskflow_api' retrieved from /home/airflow/.local/lib/python3.8/site-packages/airflow/example_dags/tutorial_taskflow_api.py
[2026-04-21T02:08:47.049+0000] {logging_mixin.py:188} INFO - [2026-04-21T02:08:47.049+0000] {dag.py:3036} INFO - Sync 1 DAGs
[2026-04-21T02:08:47.064+0000] {logging_mixin.py:188} INFO - [2026-04-21T02:08:47.064+0000] {dag.py:3823} INFO - Setting next_dagrun for tutorial_taskflow_api to None, run_after=None
[2026-04-21T02:08:47.085+0000] {processor.py:183} INFO - Processing /home/airflow/.local/lib/python3.8/site-packages/airflow/example_dags/tutorial_taskflow_api.py took 0.079 seconds
[2026-04-21T02:09:17.288+0000] {processor.py:161} INFO - Started process (PID=3716163) to work on /home/airflow/.local/lib/python3.8/site-packages/airflow/example_dags/tutorial_taskflow_api.py
[2026-04-21T02:09:17.289+0000] {processor.py:830} INFO - Processing file /home/airflow/.local/lib/python3.8/site-packages/airflow/example_dags/tutorial_taskflow_api.py for tasks to queue
[2026-04-21T02:09:17.292+0000] {logging_mixin.py:188} INFO - [2026-04-21T02:09:17.291+0000] {dagbag.py:538} INFO - Filling up the DagBag from /home/airflow/.local/lib/python3.8/site-packages/airflow/example_dags/tutorial_taskflow_api.py
[2026-04-21T02:09:17.300+0000] {processor.py:840} INFO - DAG(s) 'tutorial_taskflow_api' retrieved from /home/airflow/.local/lib/python3.8/site-packages/airflow/example_dags/tutorial_taskflow_api.py
[2026-04-21T02:09:17.325+0000] {logging_mixin.py:188} INFO - [2026-04-21T02:09:17.324+0000] {dag.py:3036} INFO - Sync 1 DAGs
[2026-04-21T02:09:17.339+0000] {logging_mixin.py:188} INFO - [2026-04-21T02:09:17.339+0000] {dag.py:3823} INFO - Setting next_dagrun for tutorial_taskflow_api to None, run_after=None
[2026-04-21T02:09:17.359+0000] {processor.py:183} INFO - Processing /home/airflow/.local/lib/python3.8/site-packages/airflow/example_dags/tutorial_taskflow_api.py took 0.076 seconds
[2026-04-21T02:09:47.475+0000] {processor.py:161} INFO - Started process (PID=3716220) to work on /home/airflow/.local/lib/python3.8/site-packages/airflow/example_dags/tutorial_taskflow_api.py
[2026-04-21T02:09:47.477+0000] {processor.py:830} INFO - Processing file /home/airflow/.local/lib/python3.8/site-packages/airflow/example_dags/tutorial_taskflow_api.py for tasks to queue
[2026-04-21T02:09:47.480+0000] {logging_mixin.py:188} INFO - [2026-04-21T02:09:47.479+0000] {dagbag.py:538} INFO - Filling up the DagBag from /home/airflow/.local/lib/python3.8/site-packages/airflow/example_dags/tutorial_taskflow_api.py
[2026-04-21T02:09:47.488+0000] {processor.py:840} INFO - DAG(s) 'tutorial_taskflow_api' retrieved from /home/airflow/.local/lib/python3.8/site-packages/airflow/example_dags/tutorial_taskflow_api.py
[2026-04-21T02:09:47.517+0000] {logging_mixin.py:188} INFO - [2026-04-21T02:09:47.517+0000] {dag.py:3036} INFO - Sync 1 DAGs
[2026-04-21T02:09:47.532+0000] {logging_mixin.py:188} INFO - [2026-04-21T02:09:47.532+0000] {dag.py:3823} INFO - Setting next_dagrun for tutorial_taskflow_api to None, run_after=None
[2026-04-21T02:09:47.552+0000] {processor.py:183} INFO - Processing /home/airflow/.local/lib/python3.8/site-packages/airflow/example_dags/tutorial_taskflow_api.py took 0.082 seconds
[2026-04-21T02:10:17.645+0000] {processor.py:161} INFO - Started process (PID=3716277) to work on /home/airflow/.local/lib/python3.8/site-packages/airflow/example_dags/tutorial_taskflow_api.py
[2026-04-21T02:10:17.647+0000] {processor.py:830} INFO - Processing file /home/airflow/.local/lib/python3.8/site-packages/airflow/example_dags/tutorial_taskflow_api.py for tasks to queue
[2026-04-21T02:10:17.649+0000] {logging_mixin.py:188} INFO - [2026-04-21T02:10:17.648+0000] {dagbag.py:538} INFO - Filling up the DagBag from /home/airflow/.local/lib/python3.8/site-packages/airflow/example_dags/tutorial_taskflow_api.py
[2026-04-21T02:10:17.657+0000] {processor.py:840} INFO - DAG(s) 'tutorial_taskflow_api' retrieved from /home/airflow/.local/lib/python3.8/site-packages/airflow/example_dags/tutorial_taskflow_api.py
[2026-04-21T02:10:17.682+0000] {logging_mixin.py:188} INFO - [2026-04-21T02:10:17.682+0000] {dag.py:3036} INFO - Sync 1 DAGs
[2026-04-21T02:10:17.696+0000] {logging_mixin.py:188} INFO - [2026-04-21T02:10:17.696+0000] {dag.py:3823} INFO - Setting next_dagrun for tutorial_taskflow_api to None, run_after=None
[2026-04-21T02:10:17.715+0000] {processor.py:183} INFO - Processing /home/airflow/.local/lib/python3.8/site-packages/airflow/example_dags/tutorial_taskflow_api.py took 0.075 seconds
[2026-04-21T02:10:48.188+0000] {processor.py:161} INFO - Started process (PID=3716334) to work on /home/airflow/.local/lib/python3.8/site-packages/airflow/example_dags/tutorial_taskflow_api.py
[2026-04-21T02:10:48.190+0000] {processor.py:830} INFO - Processing file /home/airflow/.local/lib/python3.8/site-packages/airflow/example_dags/tutorial_taskflow_api.py for tasks to queue
[2026-04-21T02:10:48.192+0000] {logging_mixin.py:188} INFO - [2026-04-21T02:10:48.192+0000] {dagbag.py:538} INFO - Filling up the DagBag from /home/airflow/.local/lib/python3.8/site-packages/airflow/example_dags/tutorial_taskflow_api.py
[2026-04-21T02:10:48.201+0000] {processor.py:840} INFO - DAG(s) 'tutorial_taskflow_api' retrieved from /home/airflow/.local/lib/python3.8/site-packages/airflow/example_dags/tutorial_taskflow_api.py
[2026-04-21T02:10:48.228+0000] {logging_mixin.py:188} INFO - [2026-04-21T02:10:48.228+0000] {dag.py:3036} INFO - Sync 1 DAGs
[2026-04-21T02:10:48.243+0000] {logging_mixin.py:188} INFO - [2026-04-21T02:10:48.242+0000] {dag.py:3823} INFO - Setting next_dagrun for tutorial_taskflow_api to None, run_after=None
[2026-04-21T02:10:48.263+0000] {processor.py:183} INFO - Processing /home/airflow/.local/lib/python3.8/site-packages/airflow/example_dags/tutorial_taskflow_api.py took 0.079 seconds
[2026-04-21T02:11:18.456+0000] {processor.py:161} INFO - Started process (PID=3716391) to work on /home/airflow/.local/lib/python3.8/site-packages/airflow/example_dags/tutorial_taskflow_api.py
[2026-04-21T02:11:18.458+0000] {processor.py:830} INFO - Processing file /home/airflow/.local/lib/python3.8/site-packages/airflow/example_dags/tutorial_taskflow_api.py for tasks to queue
[2026-04-21T02:11:18.460+0000] {logging_mixin.py:188} INFO - [2026-04-21T02:11:18.460+0000] {dagbag.py:538} INFO - Filling up the DagBag from /home/airflow/.local/lib/python3.8/site-packages/airflow/example_dags/tutorial_taskflow_api.py
[2026-04-21T02:11:18.468+0000] {processor.py:840} INFO - DAG(s) 'tutorial_taskflow_api' retrieved from /home/airflow/.local/lib/python3.8/site-packages/airflow/example_dags/tutorial_taskflow_api.py
[2026-04-21T02:11:18.494+0000] {logging_mixin.py:188} INFO - [2026-04-21T02:11:18.493+0000] {dag.py:3036} INFO - Sync 1 DAGs
[2026-04-21T02:11:18.508+0000] {logging_mixin.py:188} INFO - [2026-04-21T02:11:18.508+0000] {dag.py:3823} INFO - Setting next_dagrun for tutorial_taskflow_api to None, run_after=None
[2026-04-21T02:11:18.528+0000] {processor.py:183} INFO - Processing /home/airflow/.local/lib/python3.8/site-packages/airflow/example_dags/tutorial_taskflow_api.py took 0.076 seconds
[2026-04-21T02:11:48.775+0000] {processor.py:161} INFO - Started process (PID=3716448) to work on /home/airflow/.local/lib/python3.8/site-packages/airflow/example_dags/tutorial_taskflow_api.py
[2026-04-21T02:11:48.777+0000] {processor.py:830} INFO - Processing file /home/airflow/.local/lib/python3.8/site-packages/airflow/example_dags/tutorial_taskflow_api.py for tasks to queue
[2026-04-21T02:11:48.779+0000] {logging_mixin.py:188} INFO - [2026-04-21T02:11:48.779+0000] {dagbag.py:538} INFO - Filling up the DagBag from /home/airflow/.local/lib/python3.8/site-packages/airflow/example_dags/tutorial_taskflow_api.py
[2026-04-21T02:11:48.788+0000] {processor.py:840} INFO - DAG(s) 'tutorial_taskflow_api' retrieved from /home/airflow/.local/lib/python3.8/site-packages/airflow/example_dags/tutorial_taskflow_api.py
[2026-04-21T02:11:48.813+0000] {logging_mixin.py:188} INFO - [2026-04-21T02:11:48.813+0000] {dag.py:3036} INFO - Sync 1 DAGs
[2026-04-21T02:11:48.829+0000] {logging_mixin.py:188} INFO - [2026-04-21T02:11:48.828+0000] {dag.py:3823} INFO - Setting next_dagrun for tutorial_taskflow_api to None, run_after=None
[2026-04-21T02:11:48.850+0000] {processor.py:183} INFO - Processing /home/airflow/.local/lib/python3.8/site-packages/airflow/example_dags/tutorial_taskflow_api.py took 0.080 seconds
[2026-04-21T02:12:19.033+0000] {processor.py:161} INFO - Started process (PID=3716505) to work on /home/airflow/.local/lib/python3.8/site-packages/airflow/example_dags/tutorial_taskflow_api.py
[2026-04-21T02:12:19.035+0000] {processor.py:830} INFO - Processing file /home/airflow/.local/lib/python3.8/site-packages/airflow/example_dags/tutorial_taskflow_api.py for tasks to queue
[2026-04-21T02:12:19.038+0000] {logging_mixin.py:188} INFO - [2026-04-21T02:12:19.037+0000] {dagbag.py:538} INFO - Filling up the DagBag from /home/airflow/.local/lib/python3.8/site-packages/airflow/example_dags/tutorial_taskflow_api.py
[2026-04-21T02:12:19.046+0000] {processor.py:840} INFO - DAG(s) 'tutorial_taskflow_api' retrieved from /home/airflow/.local/lib/python3.8/site-packages/airflow/example_dags/tutorial_taskflow_api.py
[2026-04-21T02:12:19.071+0000] {logging_mixin.py:188} INFO - [2026-04-21T02:12:19.070+0000] {dag.py:3036} INFO - Sync 1 DAGs
[2026-04-21T02:12:19.084+0000] {logging_mixin.py:188} INFO - [2026-04-21T02:12:19.084+0000] {dag.py:3823} INFO - Setting next_dagrun for tutorial_taskflow_api to None, run_after=None
[2026-04-21T02:12:19.103+0000] {processor.py:183} INFO - Processing /home/airflow/.local/lib/python3.8/site-packages/airflow/example_dags/tutorial_taskflow_api.py took 0.075 seconds
[2026-04-21T02:12:49.369+0000] {processor.py:161} INFO - Started process (PID=3716562) to work on /home/airflow/.local/lib/python3.8/site-packages/airflow/example_dags/tutorial_taskflow_api.py
[2026-04-21T02:12:49.371+0000] {processor.py:830} INFO - Processing file /home/airflow/.local/lib/python3.8/site-packages/airflow/example_dags/tutorial_taskflow_api.py for tasks to queue
[2026-04-21T02:12:49.373+0000] {logging_mixin.py:188} INFO - [2026-04-21T02:12:49.373+0000] {dagbag.py:538} INFO - Filling up the DagBag from /home/airflow/.local/lib/python3.8/site-packages/airflow/example_dags/tutorial_taskflow_api.py
[2026-04-21T02:12:49.382+0000] {processor.py:840} INFO - DAG(s) 'tutorial_taskflow_api' retrieved from /home/airflow/.local/lib/python3.8/site-packages/airflow/example_dags/tutorial_taskflow_api.py
[2026-04-21T02:12:49.407+0000] {logging_mixin.py:188} INFO - [2026-04-21T02:12:49.407+0000] {dag.py:3036} INFO - Sync 1 DAGs
[2026-04-21T02:12:49.421+0000] {logging_mixin.py:188} INFO - [2026-04-21T02:12:49.420+0000] {dag.py:3823} INFO - Setting next_dagrun for tutorial_taskflow_api to None, run_after=None
[2026-04-21T02:12:49.441+0000] {processor.py:183} INFO - Processing /home/airflow/.local/lib/python3.8/site-packages/airflow/example_dags/tutorial_taskflow_api.py took 0.077 seconds
[2026-04-21T02:13:19.545+0000] {processor.py:161} INFO - Started process (PID=3716619) to work on /home/airflow/.local/lib/python3.8/site-packages/airflow/example_dags/tutorial_taskflow_api.py
[2026-04-21T02:13:19.547+0000] {processor.py:830} INFO - Processing file /home/airflow/.local/lib/python3.8/site-packages/airflow/example_dags/tutorial_taskflow_api.py for tasks to queue
[2026-04-21T02:13:19.549+0000] {logging_mixin.py:188} INFO - [2026-04-21T02:13:19.549+0000] {dagbag.py:538} INFO - Filling up the DagBag from /home/airflow/.local/lib/python3.8/site-packages/airflow/example_dags/tutorial_taskflow_api.py
[2026-04-21T02:13:19.558+0000] {processor.py:840} INFO - DAG(s) 'tutorial_taskflow_api' retrieved from /home/airflow/.local/lib/python3.8/site-packages/airflow/example_dags/tutorial_taskflow_api.py
[2026-04-21T02:13:19.584+0000] {logging_mixin.py:188} INFO - [2026-04-21T02:13:19.584+0000] {dag.py:3036} INFO - Sync 1 DAGs
[2026-04-21T02:13:19.599+0000] {logging_mixin.py:188} INFO - [2026-04-21T02:13:19.599+0000] {dag.py:3823} INFO - Setting next_dagrun for tutorial_taskflow_api to None, run_after=None
[2026-04-21T02:13:19.618+0000] {processor.py:183} INFO - Processing /home/airflow/.local/lib/python3.8/site-packages/airflow/example_dags/tutorial_taskflow_api.py took 0.078 seconds
[2026-04-21T02:13:49.948+0000] {processor.py:161} INFO - Started process (PID=3716676) to work on /home/airflow/.local/lib/python3.8/site-packages/airflow/example_dags/tutorial_taskflow_api.py
[2026-04-21T02:13:49.950+0000] {processor.py:830} INFO - Processing file /home/airflow/.local/lib/python3.8/site-packages/airflow/example_dags/tutorial_taskflow_api.py for tasks to queue
[2026-04-21T02:13:49.953+0000] {logging_mixin.py:188} INFO - [2026-04-21T02:13:49.953+0000] {dagbag.py:538} INFO - Filling up the DagBag from /home/airflow/.local/lib/python3.8/site-packages/airflow/example_dags/tutorial_taskflow_api.py
[2026-04-21T02:13:49.963+0000] {processor.py:840} INFO - DAG(s) 'tutorial_taskflow_api' retrieved from /home/airflow/.local/lib/python3.8/site-packages/airflow/example_dags/tutorial_taskflow_api.py
[2026-04-21T02:13:49.988+0000] {logging_mixin.py:188} INFO - [2026-04-21T02:13:49.987+0000] {dag.py:3036} INFO - Sync 1 DAGs
[2026-04-21T02:13:50.002+0000] {logging_mixin.py:188} INFO - [2026-04-21T02:13:50.001+0000] {dag.py:3823} INFO - Setting next_dagrun for tutorial_taskflow_api to None, run_after=None
[2026-04-21T02:13:50.022+0000] {processor.py:183} INFO - Processing /home/airflow/.local/lib/python3.8/site-packages/airflow/example_dags/tutorial_taskflow_api.py took 0.078 seconds
[2026-04-21T02:14:20.267+0000] {processor.py:161} INFO - Started process (PID=3716733) to work on /home/airflow/.local/lib/python3.8/site-packages/airflow/example_dags/tutorial_taskflow_api.py
[2026-04-21T02:14:20.268+0000] {processor.py:830} INFO - Processing file /home/airflow/.local/lib/python3.8/site-packages/airflow/example_dags/tutorial_taskflow_api.py for tasks to queue
[2026-04-21T02:14:20.271+0000] {logging_mixin.py:188} INFO - [2026-04-21T02:14:20.270+0000] {dagbag.py:538} INFO - Filling up the DagBag from /home/airflow/.local/lib/python3.8/site-packages/airflow/example_dags/tutorial_taskflow_api.py
[2026-04-21T02:14:20.279+0000] {processor.py:840} INFO - DAG(s) 'tutorial_taskflow_api' retrieved from /home/airflow/.local/lib/python3.8/site-packages/airflow/example_dags/tutorial_taskflow_api.py
[2026-04-21T02:14:20.303+0000] {logging_mixin.py:188} INFO - [2026-04-21T02:14:20.303+0000] {dag.py:3036} INFO - Sync 1 DAGs
[2026-04-21T02:14:20.317+0000] {logging_mixin.py:188} INFO - [2026-04-21T02:14:20.317+0000] {dag.py:3823} INFO - Setting next_dagrun for tutorial_taskflow_api to None, run_after=None
[2026-04-21T02:14:20.336+0000] {processor.py:183} INFO - Processing /home/airflow/.local/lib/python3.8/site-packages/airflow/example_dags/tutorial_taskflow_api.py took 0.074 seconds
[2026-04-21T02:14:50.637+0000] {processor.py:161} INFO - Started process (PID=3716790) to work on /home/airflow/.local/lib/python3.8/site-packages/airflow/example_dags/tutorial_taskflow_api.py
[2026-04-21T02:14:50.639+0000] {processor.py:830} INFO - Processing file /home/airflow/.local/lib/python3.8/site-packages/airflow/example_dags/tutorial_taskflow_api.py for tasks to queue
[2026-04-21T02:14:50.641+0000] {logging_mixin.py:188} INFO - [2026-04-21T02:14:50.641+0000] {dagbag.py:538} INFO - Filling up the DagBag from /home/airflow/.local/lib/python3.8/site-packages/airflow/example_dags/tutorial_taskflow_api.py
[2026-04-21T02:14:50.650+0000] {processor.py:840} INFO - DAG(s) 'tutorial_taskflow_api' retrieved from /home/airflow/.local/lib/python3.8/site-packages/airflow/example_dags/tutorial_taskflow_api.py
[2026-04-21T02:14:50.674+0000] {logging_mixin.py:188} INFO - [2026-04-21T02:14:50.674+0000] {dag.py:3036} INFO - Sync 1 DAGs
[2026-04-21T02:14:50.688+0000] {logging_mixin.py:188} INFO - [2026-04-21T02:14:50.688+0000] {dag.py:3823} INFO - Setting next_dagrun for tutorial_taskflow_api to None, run_after=None
[2026-04-21T02:14:50.707+0000] {processor.py:183} INFO - Processing /home/airflow/.local/lib/python3.8/site-packages/airflow/example_dags/tutorial_taskflow_api.py took 0.075 seconds
[2026-04-21T02:15:21.560+0000] {processor.py:161} INFO - Started process (PID=3716845) to work on /home/airflow/.local/lib/python3.8/site-packages/airflow/example_dags/tutorial_taskflow_api.py
[2026-04-21T02:15:21.562+0000] {processor.py:830} INFO - Processing file /home/airflow/.local/lib/python3.8/site-packages/airflow/example_dags/tutorial_taskflow_api.py for tasks to queue
[2026-04-21T02:15:21.564+0000] {logging_mixin.py:188} INFO - [2026-04-21T02:15:21.564+0000] {dagbag.py:538} INFO - Filling up the DagBag from /home/airflow/.local/lib/python3.8/site-packages/airflow/example_dags/tutorial_taskflow_api.py
[2026-04-21T02:15:21.573+0000] {processor.py:840} INFO - DAG(s) 'tutorial_taskflow_api' retrieved from /home/airflow/.local/lib/python3.8/site-packages/airflow/example_dags/tutorial_taskflow_api.py
[2026-04-21T02:15:21.597+0000] {logging_mixin.py:188} INFO - [2026-04-21T02:15:21.597+0000] {dag.py:3036} INFO - Sync 1 DAGs
[2026-04-21T02:15:21.612+0000] {logging_mixin.py:188} INFO - [2026-04-21T02:15:21.611+0000] {dag.py:3823} INFO - Setting next_dagrun for tutorial_taskflow_api to None, run_after=None
[2026-04-21T02:15:21.631+0000] {processor.py:183} INFO - Processing /home/airflow/.local/lib/python3.8/site-packages/airflow/example_dags/tutorial_taskflow_api.py took 0.076 seconds
[2026-04-21T02:15:51.743+0000] {processor.py:161} INFO - Started process (PID=3716900) to work on /home/airflow/.local/lib/python3.8/site-packages/airflow/example_dags/tutorial_taskflow_api.py
[2026-04-21T02:15:51.745+0000] {processor.py:830} INFO - Processing file /home/airflow/.local/lib/python3.8/site-packages/airflow/example_dags/tutorial_taskflow_api.py for tasks to queue
[2026-04-21T02:15:51.748+0000] {logging_mixin.py:188} INFO - [2026-04-21T02:15:51.747+0000] {dagbag.py:538} INFO - Filling up the DagBag from /home/airflow/.local/lib/python3.8/site-packages/airflow/example_dags/tutorial_taskflow_api.py
[2026-04-21T02:15:51.756+0000] {processor.py:840} INFO - DAG(s) 'tutorial_taskflow_api' retrieved from /home/airflow/.local/lib/python3.8/site-packages/airflow/example_dags/tutorial_taskflow_api.py
[2026-04-21T02:15:51.780+0000] {logging_mixin.py:188} INFO - [2026-04-21T02:15:51.780+0000] {dag.py:3036} INFO - Sync 1 DAGs
[2026-04-21T02:15:51.794+0000] {logging_mixin.py:188} INFO - [2026-04-21T02:15:51.794+0000] {dag.py:3823} INFO - Setting next_dagrun for tutorial_taskflow_api to None, run_after=None
[2026-04-21T02:15:51.813+0000] {processor.py:183} INFO - Processing /home/airflow/.local/lib/python3.8/site-packages/airflow/example_dags/tutorial_taskflow_api.py took 0.075 seconds
[2026-04-21T02:16:21.878+0000] {processor.py:161} INFO - Started process (PID=3716957) to work on /home/airflow/.local/lib/python3.8/site-packages/airflow/example_dags/tutorial_taskflow_api.py
[2026-04-21T02:16:21.880+0000] {processor.py:830} INFO - Processing file /home/airflow/.local/lib/python3.8/site-packages/airflow/example_dags/tutorial_taskflow_api.py for tasks to queue
[2026-04-21T02:16:21.882+0000] {logging_mixin.py:188} INFO - [2026-04-21T02:16:21.882+0000] {dagbag.py:538} INFO - Filling up the DagBag from /home/airflow/.local/lib/python3.8/site-packages/airflow/example_dags/tutorial_taskflow_api.py
[2026-04-21T02:16:21.891+0000] {processor.py:840} INFO - DAG(s) 'tutorial_taskflow_api' retrieved from /home/airflow/.local/lib/python3.8/site-packages/airflow/example_dags/tutorial_taskflow_api.py
[2026-04-21T02:16:21.916+0000] {logging_mixin.py:188} INFO - [2026-04-21T02:16:21.915+0000] {dag.py:3036} INFO - Sync 1 DAGs
[2026-04-21T02:16:21.929+0000] {logging_mixin.py:188} INFO - [2026-04-21T02:16:21.929+0000] {dag.py:3823} INFO - Setting next_dagrun for tutorial_taskflow_api to None, run_after=None
[2026-04-21T02:16:21.949+0000] {processor.py:183} INFO - Processing /home/airflow/.local/lib/python3.8/site-packages/airflow/example_dags/tutorial_taskflow_api.py took 0.076 seconds
[2026-04-21T02:16:52.212+0000] {processor.py:161} INFO - Started process (PID=3717014) to work on /home/airflow/.local/lib/python3.8/site-packages/airflow/example_dags/tutorial_taskflow_api.py
[2026-04-21T02:16:52.214+0000] {processor.py:830} INFO - Processing file /home/airflow/.local/lib/python3.8/site-packages/airflow/example_dags/tutorial_taskflow_api.py for tasks to queue
[2026-04-21T02:16:52.216+0000] {logging_mixin.py:188} INFO - [2026-04-21T02:16:52.216+0000] {dagbag.py:538} INFO - Filling up the DagBag from /home/airflow/.local/lib/python3.8/site-packages/airflow/example_dags/tutorial_taskflow_api.py
[2026-04-21T02:16:52.225+0000] {processor.py:840} INFO - DAG(s) 'tutorial_taskflow_api' retrieved from /home/airflow/.local/lib/python3.8/site-packages/airflow/example_dags/tutorial_taskflow_api.py
[2026-04-21T02:16:52.250+0000] {logging_mixin.py:188} INFO - [2026-04-21T02:16:52.249+0000] {dag.py:3036} INFO - Sync 1 DAGs
[2026-04-21T02:16:52.264+0000] {logging_mixin.py:188} INFO - [2026-04-21T02:16:52.263+0000] {dag.py:3823} INFO - Setting next_dagrun for tutorial_taskflow_api to None, run_after=None
[2026-04-21T02:16:52.283+0000] {processor.py:183} INFO - Processing /home/airflow/.local/lib/python3.8/site-packages/airflow/example_dags/tutorial_taskflow_api.py took 0.076 seconds
[2026-04-21T02:17:22.399+0000] {processor.py:161} INFO - Started process (PID=3717071) to work on /home/airflow/.local/lib/python3.8/site-packages/airflow/example_dags/tutorial_taskflow_api.py
[2026-04-21T02:17:22.400+0000] {processor.py:830} INFO - Processing file /home/airflow/.local/lib/python3.8/site-packages/airflow/example_dags/tutorial_taskflow_api.py for tasks to queue
[2026-04-21T02:17:22.403+0000] {logging_mixin.py:188} INFO - [2026-04-21T02:17:22.402+0000] {dagbag.py:538} INFO - Filling up the DagBag from /home/airflow/.local/lib/python3.8/site-packages/airflow/example_dags/tutorial_taskflow_api.py
[2026-04-21T02:17:22.411+0000] {processor.py:840} INFO - DAG(s) 'tutorial_taskflow_api' retrieved from /home/airflow/.local/lib/python3.8/site-packages/airflow/example_dags/tutorial_taskflow_api.py
[2026-04-21T02:17:22.437+0000] {logging_mixin.py:188} INFO - [2026-04-21T02:17:22.437+0000] {dag.py:3036} INFO - Sync 1 DAGs
[2026-04-21T02:17:22.452+0000] {logging_mixin.py:188} INFO - [2026-04-21T02:17:22.451+0000] {dag.py:3823} INFO - Setting next_dagrun for tutorial_taskflow_api to None, run_after=None
[2026-04-21T02:17:22.471+0000] {processor.py:183} INFO - Processing /home/airflow/.local/lib/python3.8/site-packages/airflow/example_dags/tutorial_taskflow_api.py took 0.077 seconds
[2026-04-21T02:17:52.807+0000] {processor.py:161} INFO - Started process (PID=3717128) to work on /home/airflow/.local/lib/python3.8/site-packages/airflow/example_dags/tutorial_taskflow_api.py
[2026-04-21T02:17:52.809+0000] {processor.py:830} INFO - Processing file /home/airflow/.local/lib/python3.8/site-packages/airflow/example_dags/tutorial_taskflow_api.py for tasks to queue
[2026-04-21T02:17:52.812+0000] {logging_mixin.py:188} INFO - [2026-04-21T02:17:52.811+0000] {dagbag.py:538} INFO - Filling up the DagBag from /home/airflow/.local/lib/python3.8/site-packages/airflow/example_dags/tutorial_taskflow_api.py
[2026-04-21T02:17:52.820+0000] {processor.py:840} INFO - DAG(s) 'tutorial_taskflow_api' retrieved from /home/airflow/.local/lib/python3.8/site-packages/airflow/example_dags/tutorial_taskflow_api.py
[2026-04-21T02:17:52.849+0000] {logging_mixin.py:188} INFO - [2026-04-21T02:17:52.849+0000] {dag.py:3036} INFO - Sync 1 DAGs
[2026-04-21T02:17:52.863+0000] {logging_mixin.py:188} INFO - [2026-04-21T02:17:52.863+0000] {dag.py:3823} INFO - Setting next_dagrun for tutorial_taskflow_api to None, run_after=None
[2026-04-21T02:17:52.883+0000] {processor.py:183} INFO - Processing /home/airflow/.local/lib/python3.8/site-packages/airflow/example_dags/tutorial_taskflow_api.py took 0.080 seconds
[2026-04-21T02:18:23.311+0000] {processor.py:161} INFO - Started process (PID=3717185) to work on /home/airflow/.local/lib/python3.8/site-packages/airflow/example_dags/tutorial_taskflow_api.py
[2026-04-21T02:18:23.313+0000] {processor.py:830} INFO - Processing file /home/airflow/.local/lib/python3.8/site-packages/airflow/example_dags/tutorial_taskflow_api.py for tasks to queue
[2026-04-21T02:18:23.315+0000] {logging_mixin.py:188} INFO - [2026-04-21T02:18:23.314+0000] {dagbag.py:538} INFO - Filling up the DagBag from /home/airflow/.local/lib/python3.8/site-packages/airflow/example_dags/tutorial_taskflow_api.py
[2026-04-21T02:18:23.323+0000] {processor.py:840} INFO - DAG(s) 'tutorial_taskflow_api' retrieved from /home/airflow/.local/lib/python3.8/site-packages/airflow/example_dags/tutorial_taskflow_api.py
[2026-04-21T02:18:23.348+0000] {logging_mixin.py:188} INFO - [2026-04-21T02:18:23.347+0000] {dag.py:3036} INFO - Sync 1 DAGs
[2026-04-21T02:18:23.362+0000] {logging_mixin.py:188} INFO - [2026-04-21T02:18:23.362+0000] {dag.py:3823} INFO - Setting next_dagrun for tutorial_taskflow_api to None, run_after=None
[2026-04-21T02:18:23.381+0000] {processor.py:183} INFO - Processing /home/airflow/.local/lib/python3.8/site-packages/airflow/example_dags/tutorial_taskflow_api.py took 0.075 seconds
[2026-04-21T02:18:53.608+0000] {processor.py:161} INFO - Started process (PID=3717242) to work on /home/airflow/.local/lib/python3.8/site-packages/airflow/example_dags/tutorial_taskflow_api.py
[2026-04-21T02:18:53.610+0000] {processor.py:830} INFO - Processing file /home/airflow/.local/lib/python3.8/site-packages/airflow/example_dags/tutorial_taskflow_api.py for tasks to queue
[2026-04-21T02:18:53.612+0000] {logging_mixin.py:188} INFO - [2026-04-21T02:18:53.612+0000] {dagbag.py:538} INFO - Filling up the DagBag from /home/airflow/.local/lib/python3.8/site-packages/airflow/example_dags/tutorial_taskflow_api.py
[2026-04-21T02:18:53.620+0000] {processor.py:840} INFO - DAG(s) 'tutorial_taskflow_api' retrieved from /home/airflow/.local/lib/python3.8/site-packages/airflow/example_dags/tutorial_taskflow_api.py
[2026-04-21T02:18:53.646+0000] {logging_mixin.py:188} INFO - [2026-04-21T02:18:53.645+0000] {dag.py:3036} INFO - Sync 1 DAGs
[2026-04-21T02:18:53.660+0000] {logging_mixin.py:188} INFO - [2026-04-21T02:18:53.659+0000] {dag.py:3823} INFO - Setting next_dagrun for tutorial_taskflow_api to None, run_after=None
[2026-04-21T02:18:53.679+0000] {processor.py:183} INFO - Processing /home/airflow/.local/lib/python3.8/site-packages/airflow/example_dags/tutorial_taskflow_api.py took 0.076 seconds
[2026-04-21T02:19:23.908+0000] {processor.py:161} INFO - Started process (PID=3717299) to work on /home/airflow/.local/lib/python3.8/site-packages/airflow/example_dags/tutorial_taskflow_api.py
[2026-04-21T02:19:23.910+0000] {processor.py:830} INFO - Processing file /home/airflow/.local/lib/python3.8/site-packages/airflow/example_dags/tutorial_taskflow_api.py for tasks to queue
[2026-04-21T02:19:23.913+0000] {logging_mixin.py:188} INFO - [2026-04-21T02:19:23.912+0000] {dagbag.py:538} INFO - Filling up the DagBag from /home/airflow/.local/lib/python3.8/site-packages/airflow/example_dags/tutorial_taskflow_api.py
[2026-04-21T02:19:23.921+0000] {processor.py:840} INFO - DAG(s) 'tutorial_taskflow_api' retrieved from /home/airflow/.local/lib/python3.8/site-packages/airflow/example_dags/tutorial_taskflow_api.py
[2026-04-21T02:19:23.946+0000] {logging_mixin.py:188} INFO - [2026-04-21T02:19:23.946+0000] {dag.py:3036} INFO - Sync 1 DAGs
[2026-04-21T02:19:23.960+0000] {logging_mixin.py:188} INFO - [2026-04-21T02:19:23.960+0000] {dag.py:3823} INFO - Setting next_dagrun for tutorial_taskflow_api to None, run_after=None
[2026-04-21T02:19:23.980+0000] {processor.py:183} INFO - Processing /home/airflow/.local/lib/python3.8/site-packages/airflow/example_dags/tutorial_taskflow_api.py took 0.077 seconds
[2026-04-21T02:19:54.174+0000] {processor.py:161} INFO - Started process (PID=3717356) to work on /home/airflow/.local/lib/python3.8/site-packages/airflow/example_dags/tutorial_taskflow_api.py
[2026-04-21T02:19:54.176+0000] {processor.py:830} INFO - Processing file /home/airflow/.local/lib/python3.8/site-packages/airflow/example_dags/tutorial_taskflow_api.py for tasks to queue
[2026-04-21T02:19:54.178+0000] {logging_mixin.py:188} INFO - [2026-04-21T02:19:54.178+0000] {dagbag.py:538} INFO - Filling up the DagBag from /home/airflow/.local/lib/python3.8/site-packages/airflow/example_dags/tutorial_taskflow_api.py
[2026-04-21T02:19:54.186+0000] {processor.py:840} INFO - DAG(s) 'tutorial_taskflow_api' retrieved from /home/airflow/.local/lib/python3.8/site-packages/airflow/example_dags/tutorial_taskflow_api.py
[2026-04-21T02:19:54.211+0000] {logging_mixin.py:188} INFO - [2026-04-21T02:19:54.211+0000] {dag.py:3036} INFO - Sync 1 DAGs
[2026-04-21T02:19:54.227+0000] {logging_mixin.py:188} INFO - [2026-04-21T02:19:54.226+0000] {dag.py:3823} INFO - Setting next_dagrun for tutorial_taskflow_api to None, run_after=None
[2026-04-21T02:19:54.248+0000] {processor.py:183} INFO - Processing /home/airflow/.local/lib/python3.8/site-packages/airflow/example_dags/tutorial_taskflow_api.py took 0.079 seconds
[2026-04-21T02:20:24.311+0000] {processor.py:161} INFO - Started process (PID=3717413) to work on /home/airflow/.local/lib/python3.8/site-packages/airflow/example_dags/tutorial_taskflow_api.py
[2026-04-21T02:20:24.313+0000] {processor.py:830} INFO - Processing file /home/airflow/.local/lib/python3.8/site-packages/airflow/example_dags/tutorial_taskflow_api.py for tasks to queue
[2026-04-21T02:20:24.316+0000] {logging_mixin.py:188} INFO - [2026-04-21T02:20:24.315+0000] {dagbag.py:538} INFO - Filling up the DagBag from /home/airflow/.local/lib/python3.8/site-packages/airflow/example_dags/tutorial_taskflow_api.py
[2026-04-21T02:20:24.324+0000] {processor.py:840} INFO - DAG(s) 'tutorial_taskflow_api' retrieved from /home/airflow/.local/lib/python3.8/site-packages/airflow/example_dags/tutorial_taskflow_api.py
[2026-04-21T02:20:24.350+0000] {logging_mixin.py:188} INFO - [2026-04-21T02:20:24.350+0000] {dag.py:3036} INFO - Sync 1 DAGs
[2026-04-21T02:20:24.365+0000] {logging_mixin.py:188} INFO - [2026-04-21T02:20:24.365+0000] {dag.py:3823} INFO - Setting next_dagrun for tutorial_taskflow_api to None, run_after=None
[2026-04-21T02:20:24.385+0000] {processor.py:183} INFO - Processing /home/airflow/.local/lib/python3.8/site-packages/airflow/example_dags/tutorial_taskflow_api.py took 0.079 seconds
[2026-04-21T02:20:54.571+0000] {processor.py:161} INFO - Started process (PID=3717470) to work on /home/airflow/.local/lib/python3.8/site-packages/airflow/example_dags/tutorial_taskflow_api.py
[2026-04-21T02:20:54.573+0000] {processor.py:830} INFO - Processing file /home/airflow/.local/lib/python3.8/site-packages/airflow/example_dags/tutorial_taskflow_api.py for tasks to queue
[2026-04-21T02:20:54.575+0000] {logging_mixin.py:188} INFO - [2026-04-21T02:20:54.575+0000] {dagbag.py:538} INFO - Filling up the DagBag from /home/airflow/.local/lib/python3.8/site-packages/airflow/example_dags/tutorial_taskflow_api.py
[2026-04-21T02:20:54.583+0000] {processor.py:840} INFO - DAG(s) 'tutorial_taskflow_api' retrieved from /home/airflow/.local/lib/python3.8/site-packages/airflow/example_dags/tutorial_taskflow_api.py
[2026-04-21T02:20:54.608+0000] {logging_mixin.py:188} INFO - [2026-04-21T02:20:54.608+0000] {dag.py:3036} INFO - Sync 1 DAGs
[2026-04-21T02:20:54.622+0000] {logging_mixin.py:188} INFO - [2026-04-21T02:20:54.621+0000] {dag.py:3823} INFO - Setting next_dagrun for tutorial_taskflow_api to None, run_after=None
[2026-04-21T02:20:54.641+0000] {processor.py:183} INFO - Processing /home/airflow/.local/lib/python3.8/site-packages/airflow/example_dags/tutorial_taskflow_api.py took 0.074 seconds
[2026-04-21T02:21:25.041+0000] {processor.py:161} INFO - Started process (PID=3717527) to work on /home/airflow/.local/lib/python3.8/site-packages/airflow/example_dags/tutorial_taskflow_api.py
[2026-04-21T02:21:25.042+0000] {processor.py:830} INFO - Processing file /home/airflow/.local/lib/python3.8/site-packages/airflow/example_dags/tutorial_taskflow_api.py for tasks to queue
[2026-04-21T02:21:25.044+0000] {logging_mixin.py:188} INFO - [2026-04-21T02:21:25.044+0000] {dagbag.py:538} INFO - Filling up the DagBag from /home/airflow/.local/lib/python3.8/site-packages/airflow/example_dags/tutorial_taskflow_api.py
[2026-04-21T02:21:25.053+0000] {processor.py:840} INFO - DAG(s) 'tutorial_taskflow_api' retrieved from /home/airflow/.local/lib/python3.8/site-packages/airflow/example_dags/tutorial_taskflow_api.py
[2026-04-21T02:21:25.077+0000] {logging_mixin.py:188} INFO - [2026-04-21T02:21:25.077+0000] {dag.py:3036} INFO - Sync 1 DAGs
[2026-04-21T02:21:25.091+0000] {logging_mixin.py:188} INFO - [2026-04-21T02:21:25.091+0000] {dag.py:3823} INFO - Setting next_dagrun for tutorial_taskflow_api to None, run_after=None
[2026-04-21T02:21:25.110+0000] {processor.py:183} INFO - Processing /home/airflow/.local/lib/python3.8/site-packages/airflow/example_dags/tutorial_taskflow_api.py took 0.074 seconds
[2026-04-21T02:21:55.314+0000] {processor.py:161} INFO - Started process (PID=3717584) to work on /home/airflow/.local/lib/python3.8/site-packages/airflow/example_dags/tutorial_taskflow_api.py
[2026-04-21T02:21:55.316+0000] {processor.py:830} INFO - Processing file /home/airflow/.local/lib/python3.8/site-packages/airflow/example_dags/tutorial_taskflow_api.py for tasks to queue
[2026-04-21T02:21:55.318+0000] {logging_mixin.py:188} INFO - [2026-04-21T02:21:55.318+0000] {dagbag.py:538} INFO - Filling up the DagBag from /home/airflow/.local/lib/python3.8/site-packages/airflow/example_dags/tutorial_taskflow_api.py
[2026-04-21T02:21:55.326+0000] {processor.py:840} INFO - DAG(s) 'tutorial_taskflow_api' retrieved from /home/airflow/.local/lib/python3.8/site-packages/airflow/example_dags/tutorial_taskflow_api.py
[2026-04-21T02:21:55.350+0000] {logging_mixin.py:188} INFO - [2026-04-21T02:21:55.350+0000] {dag.py:3036} INFO - Sync 1 DAGs
[2026-04-21T02:21:55.365+0000] {logging_mixin.py:188} INFO - [2026-04-21T02:21:55.364+0000] {dag.py:3823} INFO - Setting next_dagrun for tutorial_taskflow_api to None, run_after=None
[2026-04-21T02:21:55.383+0000] {processor.py:183} INFO - Processing /home/airflow/.local/lib/python3.8/site-packages/airflow/example_dags/tutorial_taskflow_api.py took 0.074 seconds
[2026-04-21T02:22:25.763+0000] {processor.py:161} INFO - Started process (PID=3717641) to work on /home/airflow/.local/lib/python3.8/site-packages/airflow/example_dags/tutorial_taskflow_api.py
[2026-04-21T02:22:25.765+0000] {processor.py:830} INFO - Processing file /home/airflow/.local/lib/python3.8/site-packages/airflow/example_dags/tutorial_taskflow_api.py for tasks to queue
[2026-04-21T02:22:25.767+0000] {logging_mixin.py:188} INFO - [2026-04-21T02:22:25.767+0000] {dagbag.py:538} INFO - Filling up the DagBag from /home/airflow/.local/lib/python3.8/site-packages/airflow/example_dags/tutorial_taskflow_api.py
[2026-04-21T02:22:25.775+0000] {processor.py:840} INFO - DAG(s) 'tutorial_taskflow_api' retrieved from /home/airflow/.local/lib/python3.8/site-packages/airflow/example_dags/tutorial_taskflow_api.py
[2026-04-21T02:22:25.802+0000] {logging_mixin.py:188} INFO - [2026-04-21T02:22:25.801+0000] {dag.py:3036} INFO - Sync 1 DAGs
[2026-04-21T02:22:25.817+0000] {logging_mixin.py:188} INFO - [2026-04-21T02:22:25.816+0000] {dag.py:3823} INFO - Setting next_dagrun for tutorial_taskflow_api to None, run_after=None
[2026-04-21T02:22:25.839+0000] {processor.py:183} INFO - Processing /home/airflow/.local/lib/python3.8/site-packages/airflow/example_dags/tutorial_taskflow_api.py took 0.081 seconds
[2026-04-21T02:22:55.976+0000] {processor.py:161} INFO - Started process (PID=3717698) to work on /home/airflow/.local/lib/python3.8/site-packages/airflow/example_dags/tutorial_taskflow_api.py
[2026-04-21T02:22:55.978+0000] {processor.py:830} INFO - Processing file /home/airflow/.local/lib/python3.8/site-packages/airflow/example_dags/tutorial_taskflow_api.py for tasks to queue
[2026-04-21T02:22:55.980+0000] {logging_mixin.py:188} INFO - [2026-04-21T02:22:55.980+0000] {dagbag.py:538} INFO - Filling up the DagBag from /home/airflow/.local/lib/python3.8/site-packages/airflow/example_dags/tutorial_taskflow_api.py
[2026-04-21T02:22:55.989+0000] {processor.py:840} INFO - DAG(s) 'tutorial_taskflow_api' retrieved from /home/airflow/.local/lib/python3.8/site-packages/airflow/example_dags/tutorial_taskflow_api.py
[2026-04-21T02:22:56.016+0000] {logging_mixin.py:188} INFO - [2026-04-21T02:22:56.016+0000] {dag.py:3036} INFO - Sync 1 DAGs
[2026-04-21T02:22:56.031+0000] {logging_mixin.py:188} INFO - [2026-04-21T02:22:56.031+0000] {dag.py:3823} INFO - Setting next_dagrun for tutorial_taskflow_api to None, run_after=None
[2026-04-21T02:22:56.052+0000] {processor.py:183} INFO - Processing /home/airflow/.local/lib/python3.8/site-packages/airflow/example_dags/tutorial_taskflow_api.py took 0.081 seconds
[2026-04-21T02:23:26.243+0000] {processor.py:161} INFO - Started process (PID=3717755) to work on /home/airflow/.local/lib/python3.8/site-packages/airflow/example_dags/tutorial_taskflow_api.py
[2026-04-21T02:23:26.245+0000] {processor.py:830} INFO - Processing file /home/airflow/.local/lib/python3.8/site-packages/airflow/example_dags/tutorial_taskflow_api.py for tasks to queue
[2026-04-21T02:23:26.248+0000] {logging_mixin.py:188} INFO - [2026-04-21T02:23:26.247+0000] {dagbag.py:538} INFO - Filling up the DagBag from /home/airflow/.local/lib/python3.8/site-packages/airflow/example_dags/tutorial_taskflow_api.py
[2026-04-21T02:23:26.258+0000] {processor.py:840} INFO - DAG(s) 'tutorial_taskflow_api' retrieved from /home/airflow/.local/lib/python3.8/site-packages/airflow/example_dags/tutorial_taskflow_api.py
[2026-04-21T02:23:26.282+0000] {logging_mixin.py:188} INFO - [2026-04-21T02:23:26.282+0000] {dag.py:3036} INFO - Sync 1 DAGs
[2026-04-21T02:23:26.297+0000] {logging_mixin.py:188} INFO - [2026-04-21T02:23:26.296+0000] {dag.py:3823} INFO - Setting next_dagrun for tutorial_taskflow_api to None, run_after=None
[2026-04-21T02:23:26.315+0000] {processor.py:183} INFO - Processing /home/airflow/.local/lib/python3.8/site-packages/airflow/example_dags/tutorial_taskflow_api.py took 0.077 seconds
[2026-04-21T02:23:56.498+0000] {processor.py:161} INFO - Started process (PID=3717812) to work on /home/airflow/.local/lib/python3.8/site-packages/airflow/example_dags/tutorial_taskflow_api.py
[2026-04-21T02:23:56.500+0000] {processor.py:830} INFO - Processing file /home/airflow/.local/lib/python3.8/site-packages/airflow/example_dags/tutorial_taskflow_api.py for tasks to queue
[2026-04-21T02:23:56.502+0000] {logging_mixin.py:188} INFO - [2026-04-21T02:23:56.502+0000] {dagbag.py:538} INFO - Filling up the DagBag from /home/airflow/.local/lib/python3.8/site-packages/airflow/example_dags/tutorial_taskflow_api.py
[2026-04-21T02:23:56.511+0000] {processor.py:840} INFO - DAG(s) 'tutorial_taskflow_api' retrieved from /home/airflow/.local/lib/python3.8/site-packages/airflow/example_dags/tutorial_taskflow_api.py
[2026-04-21T02:23:56.535+0000] {logging_mixin.py:188} INFO - [2026-04-21T02:23:56.535+0000] {dag.py:3036} INFO - Sync 1 DAGs
[2026-04-21T02:23:56.549+0000] {logging_mixin.py:188} INFO - [2026-04-21T02:23:56.549+0000] {dag.py:3823} INFO - Setting next_dagrun for tutorial_taskflow_api to None, run_after=None
[2026-04-21T02:23:56.568+0000] {processor.py:183} INFO - Processing /home/airflow/.local/lib/python3.8/site-packages/airflow/example_dags/tutorial_taskflow_api.py took 0.076 seconds
[2026-04-21T02:24:26.952+0000] {processor.py:161} INFO - Started process (PID=3717869) to work on /home/airflow/.local/lib/python3.8/site-packages/airflow/example_dags/tutorial_taskflow_api.py
[2026-04-21T02:24:26.955+0000] {processor.py:830} INFO - Processing file /home/airflow/.local/lib/python3.8/site-packages/airflow/example_dags/tutorial_taskflow_api.py for tasks to queue
[2026-04-21T02:24:26.957+0000] {logging_mixin.py:188} INFO - [2026-04-21T02:24:26.957+0000] {dagbag.py:538} INFO - Filling up the DagBag from /home/airflow/.local/lib/python3.8/site-packages/airflow/example_dags/tutorial_taskflow_api.py
[2026-04-21T02:24:26.965+0000] {processor.py:840} INFO - DAG(s) 'tutorial_taskflow_api' retrieved from /home/airflow/.local/lib/python3.8/site-packages/airflow/example_dags/tutorial_taskflow_api.py
[2026-04-21T02:24:26.990+0000] {logging_mixin.py:188} INFO - [2026-04-21T02:24:26.990+0000] {dag.py:3036} INFO - Sync 1 DAGs
[2026-04-21T02:24:27.005+0000] {logging_mixin.py:188} INFO - [2026-04-21T02:24:27.005+0000] {dag.py:3823} INFO - Setting next_dagrun for tutorial_taskflow_api to None, run_after=None
[2026-04-21T02:24:27.025+0000] {processor.py:183} INFO - Processing /home/airflow/.local/lib/python3.8/site-packages/airflow/example_dags/tutorial_taskflow_api.py took 0.077 seconds
[2026-04-21T02:24:57.164+0000] {processor.py:161} INFO - Started process (PID=3717926) to work on /home/airflow/.local/lib/python3.8/site-packages/airflow/example_dags/tutorial_taskflow_api.py
[2026-04-21T02:24:57.166+0000] {processor.py:830} INFO - Processing file /home/airflow/.local/lib/python3.8/site-packages/airflow/example_dags/tutorial_taskflow_api.py for tasks to queue
[2026-04-21T02:24:57.168+0000] {logging_mixin.py:188} INFO - [2026-04-21T02:24:57.168+0000] {dagbag.py:538} INFO - Filling up the DagBag from /home/airflow/.local/lib/python3.8/site-packages/airflow/example_dags/tutorial_taskflow_api.py
[2026-04-21T02:24:57.176+0000] {processor.py:840} INFO - DAG(s) 'tutorial_taskflow_api' retrieved from /home/airflow/.local/lib/python3.8/site-packages/airflow/example_dags/tutorial_taskflow_api.py
[2026-04-21T02:24:57.200+0000] {logging_mixin.py:188} INFO - [2026-04-21T02:24:57.200+0000] {dag.py:3036} INFO - Sync 1 DAGs
[2026-04-21T02:24:57.215+0000] {logging_mixin.py:188} INFO - [2026-04-21T02:24:57.215+0000] {dag.py:3823} INFO - Setting next_dagrun for tutorial_taskflow_api to None, run_after=None
[2026-04-21T02:24:57.235+0000] {processor.py:183} INFO - Processing /home/airflow/.local/lib/python3.8/site-packages/airflow/example_dags/tutorial_taskflow_api.py took 0.076 seconds
[2026-04-21T02:25:27.470+0000] {processor.py:161} INFO - Started process (PID=3717983) to work on /home/airflow/.local/lib/python3.8/site-packages/airflow/example_dags/tutorial_taskflow_api.py
[2026-04-21T02:25:27.472+0000] {processor.py:830} INFO - Processing file /home/airflow/.local/lib/python3.8/site-packages/airflow/example_dags/tutorial_taskflow_api.py for tasks to queue
[2026-04-21T02:25:27.474+0000] {logging_mixin.py:188} INFO - [2026-04-21T02:25:27.474+0000] {dagbag.py:538} INFO - Filling up the DagBag from /home/airflow/.local/lib/python3.8/site-packages/airflow/example_dags/tutorial_taskflow_api.py
[2026-04-21T02:25:27.482+0000] {processor.py:840} INFO - DAG(s) 'tutorial_taskflow_api' retrieved from /home/airflow/.local/lib/python3.8/site-packages/airflow/example_dags/tutorial_taskflow_api.py
[2026-04-21T02:25:27.507+0000] {logging_mixin.py:188} INFO - [2026-04-21T02:25:27.507+0000] {dag.py:3036} INFO - Sync 1 DAGs
[2026-04-21T02:25:27.521+0000] {logging_mixin.py:188} INFO - [2026-04-21T02:25:27.521+0000] {dag.py:3823} INFO - Setting next_dagrun for tutorial_taskflow_api to None, run_after=None
[2026-04-21T02:25:27.540+0000] {processor.py:183} INFO - Processing /home/airflow/.local/lib/python3.8/site-packages/airflow/example_dags/tutorial_taskflow_api.py took 0.075 seconds
[2026-04-21T02:25:57.671+0000] {processor.py:161} INFO - Started process (PID=3718040) to work on /home/airflow/.local/lib/python3.8/site-packages/airflow/example_dags/tutorial_taskflow_api.py
[2026-04-21T02:25:57.673+0000] {processor.py:830} INFO - Processing file /home/airflow/.local/lib/python3.8/site-packages/airflow/example_dags/tutorial_taskflow_api.py for tasks to queue
[2026-04-21T02:25:57.676+0000] {logging_mixin.py:188} INFO - [2026-04-21T02:25:57.676+0000] {dagbag.py:538} INFO - Filling up the DagBag from /home/airflow/.local/lib/python3.8/site-packages/airflow/example_dags/tutorial_taskflow_api.py
[2026-04-21T02:25:57.684+0000] {processor.py:840} INFO - DAG(s) 'tutorial_taskflow_api' retrieved from /home/airflow/.local/lib/python3.8/site-packages/airflow/example_dags/tutorial_taskflow_api.py
[2026-04-21T02:25:57.709+0000] {logging_mixin.py:188} INFO - [2026-04-21T02:25:57.709+0000] {dag.py:3036} INFO - Sync 1 DAGs
[2026-04-21T02:25:57.724+0000] {logging_mixin.py:188} INFO - [2026-04-21T02:25:57.724+0000] {dag.py:3823} INFO - Setting next_dagrun for tutorial_taskflow_api to None, run_after=None
[2026-04-21T02:25:57.744+0000] {processor.py:183} INFO - Processing /home/airflow/.local/lib/python3.8/site-packages/airflow/example_dags/tutorial_taskflow_api.py took 0.078 seconds
[2026-04-21T02:26:28.166+0000] {processor.py:161} INFO - Started process (PID=3718097) to work on /home/airflow/.local/lib/python3.8/site-packages/airflow/example_dags/tutorial_taskflow_api.py
[2026-04-21T02:26:28.168+0000] {processor.py:830} INFO - Processing file /home/airflow/.local/lib/python3.8/site-packages/airflow/example_dags/tutorial_taskflow_api.py for tasks to queue
[2026-04-21T02:26:28.170+0000] {logging_mixin.py:188} INFO - [2026-04-21T02:26:28.170+0000] {dagbag.py:538} INFO - Filling up the DagBag from /home/airflow/.local/lib/python3.8/site-packages/airflow/example_dags/tutorial_taskflow_api.py
[2026-04-21T02:26:28.178+0000] {processor.py:840} INFO - DAG(s) 'tutorial_taskflow_api' retrieved from /home/airflow/.local/lib/python3.8/site-packages/airflow/example_dags/tutorial_taskflow_api.py
[2026-04-21T02:26:28.203+0000] {logging_mixin.py:188} INFO - [2026-04-21T02:26:28.202+0000] {dag.py:3036} INFO - Sync 1 DAGs
[2026-04-21T02:26:28.217+0000] {logging_mixin.py:188} INFO - [2026-04-21T02:26:28.217+0000] {dag.py:3823} INFO - Setting next_dagrun for tutorial_taskflow_api to None, run_after=None
[2026-04-21T02:26:28.237+0000] {processor.py:183} INFO - Processing /home/airflow/.local/lib/python3.8/site-packages/airflow/example_dags/tutorial_taskflow_api.py took 0.076 seconds
[2026-04-21T02:26:58.438+0000] {processor.py:161} INFO - Started process (PID=3718154) to work on /home/airflow/.local/lib/python3.8/site-packages/airflow/example_dags/tutorial_taskflow_api.py
[2026-04-21T02:26:58.440+0000] {processor.py:830} INFO - Processing file /home/airflow/.local/lib/python3.8/site-packages/airflow/example_dags/tutorial_taskflow_api.py for tasks to queue
[2026-04-21T02:26:58.442+0000] {logging_mixin.py:188} INFO - [2026-04-21T02:26:58.442+0000] {dagbag.py:538} INFO - Filling up the DagBag from /home/airflow/.local/lib/python3.8/site-packages/airflow/example_dags/tutorial_taskflow_api.py
[2026-04-21T02:26:58.451+0000] {processor.py:840} INFO - DAG(s) 'tutorial_taskflow_api' retrieved from /home/airflow/.local/lib/python3.8/site-packages/airflow/example_dags/tutorial_taskflow_api.py
[2026-04-21T02:26:58.476+0000] {logging_mixin.py:188} INFO - [2026-04-21T02:26:58.476+0000] {dag.py:3036} INFO - Sync 1 DAGs
[2026-04-21T02:26:58.491+0000] {logging_mixin.py:188} INFO - [2026-04-21T02:26:58.491+0000] {dag.py:3823} INFO - Setting next_dagrun for tutorial_taskflow_api to None, run_after=None
[2026-04-21T02:26:58.512+0000] {processor.py:183} INFO - Processing /home/airflow/.local/lib/python3.8/site-packages/airflow/example_dags/tutorial_taskflow_api.py took 0.079 seconds
[2026-04-21T02:27:28.879+0000] {processor.py:161} INFO - Started process (PID=3718211) to work on /home/airflow/.local/lib/python3.8/site-packages/airflow/example_dags/tutorial_taskflow_api.py
[2026-04-21T02:27:28.881+0000] {processor.py:830} INFO - Processing file /home/airflow/.local/lib/python3.8/site-packages/airflow/example_dags/tutorial_taskflow_api.py for tasks to queue
[2026-04-21T02:27:28.884+0000] {logging_mixin.py:188} INFO - [2026-04-21T02:27:28.884+0000] {dagbag.py:538} INFO - Filling up the DagBag from /home/airflow/.local/lib/python3.8/site-packages/airflow/example_dags/tutorial_taskflow_api.py
[2026-04-21T02:27:28.894+0000] {processor.py:840} INFO - DAG(s) 'tutorial_taskflow_api' retrieved from /home/airflow/.local/lib/python3.8/site-packages/airflow/example_dags/tutorial_taskflow_api.py
[2026-04-21T02:27:28.921+0000] {logging_mixin.py:188} INFO - [2026-04-21T02:27:28.921+0000] {dag.py:3036} INFO - Sync 1 DAGs
[2026-04-21T02:27:28.936+0000] {logging_mixin.py:188} INFO - [2026-04-21T02:27:28.936+0000] {dag.py:3823} INFO - Setting next_dagrun for tutorial_taskflow_api to None, run_after=None
[2026-04-21T02:27:28.960+0000] {processor.py:183} INFO - Processing /home/airflow/.local/lib/python3.8/site-packages/airflow/example_dags/tutorial_taskflow_api.py took 0.086 seconds
[2026-04-21T02:27:59.158+0000] {processor.py:161} INFO - Started process (PID=3718267) to work on /home/airflow/.local/lib/python3.8/site-packages/airflow/example_dags/tutorial_taskflow_api.py
[2026-04-21T02:27:59.160+0000] {processor.py:830} INFO - Processing file /home/airflow/.local/lib/python3.8/site-packages/airflow/example_dags/tutorial_taskflow_api.py for tasks to queue
[2026-04-21T02:27:59.162+0000] {logging_mixin.py:188} INFO - [2026-04-21T02:27:59.162+0000] {dagbag.py:538} INFO - Filling up the DagBag from /home/airflow/.local/lib/python3.8/site-packages/airflow/example_dags/tutorial_taskflow_api.py
[2026-04-21T02:27:59.172+0000] {processor.py:840} INFO - DAG(s) 'tutorial_taskflow_api' retrieved from /home/airflow/.local/lib/python3.8/site-packages/airflow/example_dags/tutorial_taskflow_api.py
[2026-04-21T02:27:59.196+0000] {logging_mixin.py:188} INFO - [2026-04-21T02:27:59.195+0000] {dag.py:3036} INFO - Sync 1 DAGs
[2026-04-21T02:27:59.211+0000] {logging_mixin.py:188} INFO - [2026-04-21T02:27:59.211+0000] {dag.py:3823} INFO - Setting next_dagrun for tutorial_taskflow_api to None, run_after=None
[2026-04-21T02:27:59.230+0000] {processor.py:183} INFO - Processing /home/airflow/.local/lib/python3.8/site-packages/airflow/example_dags/tutorial_taskflow_api.py took 0.077 seconds
[2026-04-21T02:28:29.591+0000] {processor.py:161} INFO - Started process (PID=3718324) to work on /home/airflow/.local/lib/python3.8/site-packages/airflow/example_dags/tutorial_taskflow_api.py
[2026-04-21T02:28:29.593+0000] {processor.py:830} INFO - Processing file /home/airflow/.local/lib/python3.8/site-packages/airflow/example_dags/tutorial_taskflow_api.py for tasks to queue
[2026-04-21T02:28:29.595+0000] {logging_mixin.py:188} INFO - [2026-04-21T02:28:29.595+0000] {dagbag.py:538} INFO - Filling up the DagBag from /home/airflow/.local/lib/python3.8/site-packages/airflow/example_dags/tutorial_taskflow_api.py
[2026-04-21T02:28:29.604+0000] {processor.py:840} INFO - DAG(s) 'tutorial_taskflow_api' retrieved from /home/airflow/.local/lib/python3.8/site-packages/airflow/example_dags/tutorial_taskflow_api.py
[2026-04-21T02:28:29.628+0000] {logging_mixin.py:188} INFO - [2026-04-21T02:28:29.627+0000] {dag.py:3036} INFO - Sync 1 DAGs
[2026-04-21T02:28:29.642+0000] {logging_mixin.py:188} INFO - [2026-04-21T02:28:29.642+0000] {dag.py:3823} INFO - Setting next_dagrun for tutorial_taskflow_api to None, run_after=None
[2026-04-21T02:28:29.661+0000] {processor.py:183} INFO - Processing /home/airflow/.local/lib/python3.8/site-packages/airflow/example_dags/tutorial_taskflow_api.py took 0.075 seconds
[2026-04-21T02:28:59.970+0000] {processor.py:161} INFO - Started process (PID=3718381) to work on /home/airflow/.local/lib/python3.8/site-packages/airflow/example_dags/tutorial_taskflow_api.py
[2026-04-21T02:28:59.978+0000] {processor.py:830} INFO - Processing file /home/airflow/.local/lib/python3.8/site-packages/airflow/example_dags/tutorial_taskflow_api.py for tasks to queue
[2026-04-21T02:28:59.981+0000] {logging_mixin.py:188} INFO - [2026-04-21T02:28:59.980+0000] {dagbag.py:538} INFO - Filling up the DagBag from /home/airflow/.local/lib/python3.8/site-packages/airflow/example_dags/tutorial_taskflow_api.py
[2026-04-21T02:28:59.989+0000] {processor.py:840} INFO - DAG(s) 'tutorial_taskflow_api' retrieved from /home/airflow/.local/lib/python3.8/site-packages/airflow/example_dags/tutorial_taskflow_api.py
[2026-04-21T02:29:00.013+0000] {logging_mixin.py:188} INFO - [2026-04-21T02:29:00.013+0000] {dag.py:3036} INFO - Sync 1 DAGs
[2026-04-21T02:29:00.026+0000] {logging_mixin.py:188} INFO - [2026-04-21T02:29:00.026+0000] {dag.py:3823} INFO - Setting next_dagrun for tutorial_taskflow_api to None, run_after=None
[2026-04-21T02:29:00.045+0000] {processor.py:183} INFO - Processing /home/airflow/.local/lib/python3.8/site-packages/airflow/example_dags/tutorial_taskflow_api.py took 0.080 seconds
[2026-04-21T02:29:30.335+0000] {processor.py:161} INFO - Started process (PID=3718438) to work on /home/airflow/.local/lib/python3.8/site-packages/airflow/example_dags/tutorial_taskflow_api.py
[2026-04-21T02:29:30.337+0000] {processor.py:830} INFO - Processing file /home/airflow/.local/lib/python3.8/site-packages/airflow/example_dags/tutorial_taskflow_api.py for tasks to queue
[2026-04-21T02:29:30.339+0000] {logging_mixin.py:188} INFO - [2026-04-21T02:29:30.339+0000] {dagbag.py:538} INFO - Filling up the DagBag from /home/airflow/.local/lib/python3.8/site-packages/airflow/example_dags/tutorial_taskflow_api.py
[2026-04-21T02:29:30.347+0000] {processor.py:840} INFO - DAG(s) 'tutorial_taskflow_api' retrieved from /home/airflow/.local/lib/python3.8/site-packages/airflow/example_dags/tutorial_taskflow_api.py
[2026-04-21T02:29:30.370+0000] {logging_mixin.py:188} INFO - [2026-04-21T02:29:30.370+0000] {dag.py:3036} INFO - Sync 1 DAGs
[2026-04-21T02:29:30.384+0000] {logging_mixin.py:188} INFO - [2026-04-21T02:29:30.384+0000] {dag.py:3823} INFO - Setting next_dagrun for tutorial_taskflow_api to None, run_after=None
[2026-04-21T02:29:30.404+0000] {processor.py:183} INFO - Processing /home/airflow/.local/lib/python3.8/site-packages/airflow/example_dags/tutorial_taskflow_api.py took 0.074 seconds
[2026-04-21T02:30:00.904+0000] {processor.py:161} INFO - Started process (PID=3718495) to work on /home/airflow/.local/lib/python3.8/site-packages/airflow/example_dags/tutorial_taskflow_api.py
[2026-04-21T02:30:00.906+0000] {processor.py:830} INFO - Processing file /home/airflow/.local/lib/python3.8/site-packages/airflow/example_dags/tutorial_taskflow_api.py for tasks to queue
[2026-04-21T02:30:00.909+0000] {logging_mixin.py:188} INFO - [2026-04-21T02:30:00.909+0000] {dagbag.py:538} INFO - Filling up the DagBag from /home/airflow/.local/lib/python3.8/site-packages/airflow/example_dags/tutorial_taskflow_api.py
[2026-04-21T02:30:00.923+0000] {processor.py:840} INFO - DAG(s) 'tutorial_taskflow_api' retrieved from /home/airflow/.local/lib/python3.8/site-packages/airflow/example_dags/tutorial_taskflow_api.py
[2026-04-21T02:30:00.950+0000] {logging_mixin.py:188} INFO - [2026-04-21T02:30:00.950+0000] {dag.py:3036} INFO - Sync 1 DAGs
[2026-04-21T02:30:00.964+0000] {logging_mixin.py:188} INFO - [2026-04-21T02:30:00.964+0000] {dag.py:3823} INFO - Setting next_dagrun for tutorial_taskflow_api to None, run_after=None
[2026-04-21T02:30:00.985+0000] {processor.py:183} INFO - Processing /home/airflow/.local/lib/python3.8/site-packages/airflow/example_dags/tutorial_taskflow_api.py took 0.088 seconds
[2026-04-21T02:30:31.454+0000] {processor.py:161} INFO - Started process (PID=3718552) to work on /home/airflow/.local/lib/python3.8/site-packages/airflow/example_dags/tutorial_taskflow_api.py
[2026-04-21T02:30:31.456+0000] {processor.py:830} INFO - Processing file /home/airflow/.local/lib/python3.8/site-packages/airflow/example_dags/tutorial_taskflow_api.py for tasks to queue
[2026-04-21T02:30:31.459+0000] {logging_mixin.py:188} INFO - [2026-04-21T02:30:31.458+0000] {dagbag.py:538} INFO - Filling up the DagBag from /home/airflow/.local/lib/python3.8/site-packages/airflow/example_dags/tutorial_taskflow_api.py
[2026-04-21T02:30:31.471+0000] {processor.py:840} INFO - DAG(s) 'tutorial_taskflow_api' retrieved from /home/airflow/.local/lib/python3.8/site-packages/airflow/example_dags/tutorial_taskflow_api.py
[2026-04-21T02:30:31.495+0000] {logging_mixin.py:188} INFO - [2026-04-21T02:30:31.495+0000] {dag.py:3036} INFO - Sync 1 DAGs
[2026-04-21T02:30:31.509+0000] {logging_mixin.py:188} INFO - [2026-04-21T02:30:31.509+0000] {dag.py:3823} INFO - Setting next_dagrun for tutorial_taskflow_api to None, run_after=None
[2026-04-21T02:30:31.528+0000] {processor.py:183} INFO - Processing /home/airflow/.local/lib/python3.8/site-packages/airflow/example_dags/tutorial_taskflow_api.py took 0.079 seconds
[2026-04-21T02:31:01.764+0000] {processor.py:161} INFO - Started process (PID=3718609) to work on /home/airflow/.local/lib/python3.8/site-packages/airflow/example_dags/tutorial_taskflow_api.py
[2026-04-21T02:31:01.765+0000] {processor.py:830} INFO - Processing file /home/airflow/.local/lib/python3.8/site-packages/airflow/example_dags/tutorial_taskflow_api.py for tasks to queue
[2026-04-21T02:31:01.768+0000] {logging_mixin.py:188} INFO - [2026-04-21T02:31:01.767+0000] {dagbag.py:538} INFO - Filling up the DagBag from /home/airflow/.local/lib/python3.8/site-packages/airflow/example_dags/tutorial_taskflow_api.py
[2026-04-21T02:31:01.777+0000] {processor.py:840} INFO - DAG(s) 'tutorial_taskflow_api' retrieved from /home/airflow/.local/lib/python3.8/site-packages/airflow/example_dags/tutorial_taskflow_api.py
[2026-04-21T02:31:01.802+0000] {logging_mixin.py:188} INFO - [2026-04-21T02:31:01.801+0000] {dag.py:3036} INFO - Sync 1 DAGs
[2026-04-21T02:31:01.816+0000] {logging_mixin.py:188} INFO - [2026-04-21T02:31:01.816+0000] {dag.py:3823} INFO - Setting next_dagrun for tutorial_taskflow_api to None, run_after=None
[2026-04-21T02:31:01.836+0000] {processor.py:183} INFO - Processing /home/airflow/.local/lib/python3.8/site-packages/airflow/example_dags/tutorial_taskflow_api.py took 0.077 seconds
[2026-04-21T02:31:32.131+0000] {processor.py:161} INFO - Started process (PID=3718666) to work on /home/airflow/.local/lib/python3.8/site-packages/airflow/example_dags/tutorial_taskflow_api.py
[2026-04-21T02:31:32.134+0000] {processor.py:830} INFO - Processing file /home/airflow/.local/lib/python3.8/site-packages/airflow/example_dags/tutorial_taskflow_api.py for tasks to queue
[2026-04-21T02:31:32.136+0000] {logging_mixin.py:188} INFO - [2026-04-21T02:31:32.136+0000] {dagbag.py:538} INFO - Filling up the DagBag from /home/airflow/.local/lib/python3.8/site-packages/airflow/example_dags/tutorial_taskflow_api.py
[2026-04-21T02:31:32.145+0000] {processor.py:840} INFO - DAG(s) 'tutorial_taskflow_api' retrieved from /home/airflow/.local/lib/python3.8/site-packages/airflow/example_dags/tutorial_taskflow_api.py
[2026-04-21T02:31:32.169+0000] {logging_mixin.py:188} INFO - [2026-04-21T02:31:32.169+0000] {dag.py:3036} INFO - Sync 1 DAGs
[2026-04-21T02:31:32.184+0000] {logging_mixin.py:188} INFO - [2026-04-21T02:31:32.184+0000] {dag.py:3823} INFO - Setting next_dagrun for tutorial_taskflow_api to None, run_after=None
[2026-04-21T02:31:32.203+0000] {processor.py:183} INFO - Processing /home/airflow/.local/lib/python3.8/site-packages/airflow/example_dags/tutorial_taskflow_api.py took 0.077 seconds
[2026-04-21T02:32:02.589+0000] {processor.py:161} INFO - Started process (PID=3718723) to work on /home/airflow/.local/lib/python3.8/site-packages/airflow/example_dags/tutorial_taskflow_api.py
[2026-04-21T02:32:02.591+0000] {processor.py:830} INFO - Processing file /home/airflow/.local/lib/python3.8/site-packages/airflow/example_dags/tutorial_taskflow_api.py for tasks to queue
[2026-04-21T02:32:02.594+0000] {logging_mixin.py:188} INFO - [2026-04-21T02:32:02.593+0000] {dagbag.py:538} INFO - Filling up the DagBag from /home/airflow/.local/lib/python3.8/site-packages/airflow/example_dags/tutorial_taskflow_api.py
[2026-04-21T02:32:02.603+0000] {processor.py:840} INFO - DAG(s) 'tutorial_taskflow_api' retrieved from /home/airflow/.local/lib/python3.8/site-packages/airflow/example_dags/tutorial_taskflow_api.py
[2026-04-21T02:32:02.629+0000] {logging_mixin.py:188} INFO - [2026-04-21T02:32:02.629+0000] {dag.py:3036} INFO - Sync 1 DAGs
[2026-04-21T02:32:02.643+0000] {logging_mixin.py:188} INFO - [2026-04-21T02:32:02.642+0000] {dag.py:3823} INFO - Setting next_dagrun for tutorial_taskflow_api to None, run_after=None
[2026-04-21T02:32:02.663+0000] {processor.py:183} INFO - Processing /home/airflow/.local/lib/python3.8/site-packages/airflow/example_dags/tutorial_taskflow_api.py took 0.078 seconds
[2026-04-21T02:32:33.392+0000] {processor.py:161} INFO - Started process (PID=3718780) to work on /home/airflow/.local/lib/python3.8/site-packages/airflow/example_dags/tutorial_taskflow_api.py
[2026-04-21T02:32:33.395+0000] {processor.py:830} INFO - Processing file /home/airflow/.local/lib/python3.8/site-packages/airflow/example_dags/tutorial_taskflow_api.py for tasks to queue
[2026-04-21T02:32:33.397+0000] {logging_mixin.py:188} INFO - [2026-04-21T02:32:33.397+0000] {dagbag.py:538} INFO - Filling up the DagBag from /home/airflow/.local/lib/python3.8/site-packages/airflow/example_dags/tutorial_taskflow_api.py
[2026-04-21T02:32:33.406+0000] {processor.py:840} INFO - DAG(s) 'tutorial_taskflow_api' retrieved from /home/airflow/.local/lib/python3.8/site-packages/airflow/example_dags/tutorial_taskflow_api.py
[2026-04-21T02:32:33.429+0000] {logging_mixin.py:188} INFO - [2026-04-21T02:32:33.428+0000] {dag.py:3036} INFO - Sync 1 DAGs
[2026-04-21T02:32:33.443+0000] {logging_mixin.py:188} INFO - [2026-04-21T02:32:33.443+0000] {dag.py:3823} INFO - Setting next_dagrun for tutorial_taskflow_api to None, run_after=None
[2026-04-21T02:32:33.463+0000] {processor.py:183} INFO - Processing /home/airflow/.local/lib/python3.8/site-packages/airflow/example_dags/tutorial_taskflow_api.py took 0.076 seconds
[2026-04-21T02:33:03.750+0000] {processor.py:161} INFO - Started process (PID=3718837) to work on /home/airflow/.local/lib/python3.8/site-packages/airflow/example_dags/tutorial_taskflow_api.py
[2026-04-21T02:33:03.752+0000] {processor.py:830} INFO - Processing file /home/airflow/.local/lib/python3.8/site-packages/airflow/example_dags/tutorial_taskflow_api.py for tasks to queue
[2026-04-21T02:33:03.755+0000] {logging_mixin.py:188} INFO - [2026-04-21T02:33:03.754+0000] {dagbag.py:538} INFO - Filling up the DagBag from /home/airflow/.local/lib/python3.8/site-packages/airflow/example_dags/tutorial_taskflow_api.py
[2026-04-21T02:33:03.763+0000] {processor.py:840} INFO - DAG(s) 'tutorial_taskflow_api' retrieved from /home/airflow/.local/lib/python3.8/site-packages/airflow/example_dags/tutorial_taskflow_api.py
[2026-04-21T02:33:03.787+0000] {logging_mixin.py:188} INFO - [2026-04-21T02:33:03.787+0000] {dag.py:3036} INFO - Sync 1 DAGs
[2026-04-21T02:33:03.801+0000] {logging_mixin.py:188} INFO - [2026-04-21T02:33:03.801+0000] {dag.py:3823} INFO - Setting next_dagrun for tutorial_taskflow_api to None, run_after=None
[2026-04-21T02:33:04.010+0000] {processor.py:183} INFO - Processing /home/airflow/.local/lib/python3.8/site-packages/airflow/example_dags/tutorial_taskflow_api.py took 0.265 seconds
[2026-04-21T02:33:34.442+0000] {processor.py:161} INFO - Started process (PID=3718894) to work on /home/airflow/.local/lib/python3.8/site-packages/airflow/example_dags/tutorial_taskflow_api.py
[2026-04-21T02:33:34.444+0000] {processor.py:830} INFO - Processing file /home/airflow/.local/lib/python3.8/site-packages/airflow/example_dags/tutorial_taskflow_api.py for tasks to queue
[2026-04-21T02:33:34.447+0000] {logging_mixin.py:188} INFO - [2026-04-21T02:33:34.446+0000] {dagbag.py:538} INFO - Filling up the DagBag from /home/airflow/.local/lib/python3.8/site-packages/airflow/example_dags/tutorial_taskflow_api.py
[2026-04-21T02:33:34.455+0000] {processor.py:840} INFO - DAG(s) 'tutorial_taskflow_api' retrieved from /home/airflow/.local/lib/python3.8/site-packages/airflow/example_dags/tutorial_taskflow_api.py
[2026-04-21T02:33:34.494+0000] {logging_mixin.py:188} INFO - [2026-04-21T02:33:34.493+0000] {dag.py:3036} INFO - Sync 1 DAGs
[2026-04-21T02:33:34.508+0000] {logging_mixin.py:188} INFO - [2026-04-21T02:33:34.508+0000] {dag.py:3823} INFO - Setting next_dagrun for tutorial_taskflow_api to None, run_after=None
[2026-04-21T02:33:34.527+0000] {processor.py:183} INFO - Processing /home/airflow/.local/lib/python3.8/site-packages/airflow/example_dags/tutorial_taskflow_api.py took 0.090 seconds
[2026-04-21T02:34:05.209+0000] {processor.py:161} INFO - Started process (PID=3718951) to work on /home/airflow/.local/lib/python3.8/site-packages/airflow/example_dags/tutorial_taskflow_api.py
[2026-04-21T02:34:05.211+0000] {processor.py:830} INFO - Processing file /home/airflow/.local/lib/python3.8/site-packages/airflow/example_dags/tutorial_taskflow_api.py for tasks to queue
[2026-04-21T02:34:05.213+0000] {logging_mixin.py:188} INFO - [2026-04-21T02:34:05.213+0000] {dagbag.py:538} INFO - Filling up the DagBag from /home/airflow/.local/lib/python3.8/site-packages/airflow/example_dags/tutorial_taskflow_api.py
[2026-04-21T02:34:05.222+0000] {processor.py:840} INFO - DAG(s) 'tutorial_taskflow_api' retrieved from /home/airflow/.local/lib/python3.8/site-packages/airflow/example_dags/tutorial_taskflow_api.py
[2026-04-21T02:34:05.246+0000] {logging_mixin.py:188} INFO - [2026-04-21T02:34:05.246+0000] {dag.py:3036} INFO - Sync 1 DAGs
[2026-04-21T02:34:05.259+0000] {logging_mixin.py:188} INFO - [2026-04-21T02:34:05.259+0000] {dag.py:3823} INFO - Setting next_dagrun for tutorial_taskflow_api to None, run_after=None
[2026-04-21T02:34:05.278+0000] {processor.py:183} INFO - Processing /home/airflow/.local/lib/python3.8/site-packages/airflow/example_dags/tutorial_taskflow_api.py took 0.074 seconds
[2026-04-21T02:34:35.862+0000] {processor.py:161} INFO - Started process (PID=3719005) to work on /home/airflow/.local/lib/python3.8/site-packages/airflow/example_dags/tutorial_taskflow_api.py
[2026-04-21T02:34:35.865+0000] {processor.py:830} INFO - Processing file /home/airflow/.local/lib/python3.8/site-packages/airflow/example_dags/tutorial_taskflow_api.py for tasks to queue
[2026-04-21T02:34:35.867+0000] {logging_mixin.py:188} INFO - [2026-04-21T02:34:35.867+0000] {dagbag.py:538} INFO - Filling up the DagBag from /home/airflow/.local/lib/python3.8/site-packages/airflow/example_dags/tutorial_taskflow_api.py
[2026-04-21T02:34:35.876+0000] {processor.py:840} INFO - DAG(s) 'tutorial_taskflow_api' retrieved from /home/airflow/.local/lib/python3.8/site-packages/airflow/example_dags/tutorial_taskflow_api.py
[2026-04-21T02:34:35.901+0000] {logging_mixin.py:188} INFO - [2026-04-21T02:34:35.901+0000] {dag.py:3036} INFO - Sync 1 DAGs
[2026-04-21T02:34:35.915+0000] {logging_mixin.py:188} INFO - [2026-04-21T02:34:35.915+0000] {dag.py:3823} INFO - Setting next_dagrun for tutorial_taskflow_api to None, run_after=None
[2026-04-21T02:34:35.934+0000] {processor.py:183} INFO - Processing /home/airflow/.local/lib/python3.8/site-packages/airflow/example_dags/tutorial_taskflow_api.py took 0.077 seconds
[2026-04-21T02:35:07.074+0000] {processor.py:161} INFO - Started process (PID=3719063) to work on /home/airflow/.local/lib/python3.8/site-packages/airflow/example_dags/tutorial_taskflow_api.py
[2026-04-21T02:35:07.075+0000] {processor.py:830} INFO - Processing file /home/airflow/.local/lib/python3.8/site-packages/airflow/example_dags/tutorial_taskflow_api.py for tasks to queue
[2026-04-21T02:35:07.078+0000] {logging_mixin.py:188} INFO - [2026-04-21T02:35:07.077+0000] {dagbag.py:538} INFO - Filling up the DagBag from /home/airflow/.local/lib/python3.8/site-packages/airflow/example_dags/tutorial_taskflow_api.py
[2026-04-21T02:35:07.087+0000] {processor.py:840} INFO - DAG(s) 'tutorial_taskflow_api' retrieved from /home/airflow/.local/lib/python3.8/site-packages/airflow/example_dags/tutorial_taskflow_api.py
[2026-04-21T02:35:07.323+0000] {logging_mixin.py:188} INFO - [2026-04-21T02:35:07.323+0000] {dag.py:3036} INFO - Sync 1 DAGs
[2026-04-21T02:35:07.335+0000] {logging_mixin.py:188} INFO - [2026-04-21T02:35:07.335+0000] {dag.py:3823} INFO - Setting next_dagrun for tutorial_taskflow_api to None, run_after=None
[2026-04-21T02:35:07.353+0000] {processor.py:183} INFO - Processing /home/airflow/.local/lib/python3.8/site-packages/airflow/example_dags/tutorial_taskflow_api.py took 0.285 seconds
[2026-04-21T02:35:37.919+0000] {processor.py:161} INFO - Started process (PID=3719120) to work on /home/airflow/.local/lib/python3.8/site-packages/airflow/example_dags/tutorial_taskflow_api.py
[2026-04-21T02:35:37.920+0000] {processor.py:830} INFO - Processing file /home/airflow/.local/lib/python3.8/site-packages/airflow/example_dags/tutorial_taskflow_api.py for tasks to queue
[2026-04-21T02:35:37.923+0000] {logging_mixin.py:188} INFO - [2026-04-21T02:35:37.922+0000] {dagbag.py:538} INFO - Filling up the DagBag from /home/airflow/.local/lib/python3.8/site-packages/airflow/example_dags/tutorial_taskflow_api.py
[2026-04-21T02:35:37.931+0000] {processor.py:840} INFO - DAG(s) 'tutorial_taskflow_api' retrieved from /home/airflow/.local/lib/python3.8/site-packages/airflow/example_dags/tutorial_taskflow_api.py
[2026-04-21T02:35:37.955+0000] {logging_mixin.py:188} INFO - [2026-04-21T02:35:37.954+0000] {dag.py:3036} INFO - Sync 1 DAGs
[2026-04-21T02:35:37.969+0000] {logging_mixin.py:188} INFO - [2026-04-21T02:35:37.968+0000] {dag.py:3823} INFO - Setting next_dagrun for tutorial_taskflow_api to None, run_after=None
[2026-04-21T02:35:37.987+0000] {processor.py:183} INFO - Processing /home/airflow/.local/lib/python3.8/site-packages/airflow/example_dags/tutorial_taskflow_api.py took 0.073 seconds
[2026-04-21T02:36:08.013+0000] {processor.py:161} INFO - Started process (PID=3719175) to work on /home/airflow/.local/lib/python3.8/site-packages/airflow/example_dags/tutorial_taskflow_api.py
[2026-04-21T02:36:08.015+0000] {processor.py:830} INFO - Processing file /home/airflow/.local/lib/python3.8/site-packages/airflow/example_dags/tutorial_taskflow_api.py for tasks to queue
[2026-04-21T02:36:08.018+0000] {logging_mixin.py:188} INFO - [2026-04-21T02:36:08.017+0000] {dagbag.py:538} INFO - Filling up the DagBag from /home/airflow/.local/lib/python3.8/site-packages/airflow/example_dags/tutorial_taskflow_api.py
[2026-04-21T02:36:08.026+0000] {processor.py:840} INFO - DAG(s) 'tutorial_taskflow_api' retrieved from /home/airflow/.local/lib/python3.8/site-packages/airflow/example_dags/tutorial_taskflow_api.py
[2026-04-21T02:36:08.051+0000] {logging_mixin.py:188} INFO - [2026-04-21T02:36:08.051+0000] {dag.py:3036} INFO - Sync 1 DAGs
[2026-04-21T02:36:08.065+0000] {logging_mixin.py:188} INFO - [2026-04-21T02:36:08.065+0000] {dag.py:3823} INFO - Setting next_dagrun for tutorial_taskflow_api to None, run_after=None
[2026-04-21T02:36:08.084+0000] {processor.py:183} INFO - Processing /home/airflow/.local/lib/python3.8/site-packages/airflow/example_dags/tutorial_taskflow_api.py took 0.076 seconds
[2026-04-21T02:36:38.402+0000] {processor.py:161} INFO - Started process (PID=3719232) to work on /home/airflow/.local/lib/python3.8/site-packages/airflow/example_dags/tutorial_taskflow_api.py
[2026-04-21T02:36:38.403+0000] {processor.py:830} INFO - Processing file /home/airflow/.local/lib/python3.8/site-packages/airflow/example_dags/tutorial_taskflow_api.py for tasks to queue
[2026-04-21T02:36:38.406+0000] {logging_mixin.py:188} INFO - [2026-04-21T02:36:38.405+0000] {dagbag.py:538} INFO - Filling up the DagBag from /home/airflow/.local/lib/python3.8/site-packages/airflow/example_dags/tutorial_taskflow_api.py
[2026-04-21T02:36:38.414+0000] {processor.py:840} INFO - DAG(s) 'tutorial_taskflow_api' retrieved from /home/airflow/.local/lib/python3.8/site-packages/airflow/example_dags/tutorial_taskflow_api.py
[2026-04-21T02:36:38.439+0000] {logging_mixin.py:188} INFO - [2026-04-21T02:36:38.439+0000] {dag.py:3036} INFO - Sync 1 DAGs
[2026-04-21T02:36:38.453+0000] {logging_mixin.py:188} INFO - [2026-04-21T02:36:38.453+0000] {dag.py:3823} INFO - Setting next_dagrun for tutorial_taskflow_api to None, run_after=None
[2026-04-21T02:36:38.471+0000] {processor.py:183} INFO - Processing /home/airflow/.local/lib/python3.8/site-packages/airflow/example_dags/tutorial_taskflow_api.py took 0.074 seconds
[2026-04-21T02:37:08.566+0000] {processor.py:161} INFO - Started process (PID=3719289) to work on /home/airflow/.local/lib/python3.8/site-packages/airflow/example_dags/tutorial_taskflow_api.py
[2026-04-21T02:37:08.568+0000] {processor.py:830} INFO - Processing file /home/airflow/.local/lib/python3.8/site-packages/airflow/example_dags/tutorial_taskflow_api.py for tasks to queue
[2026-04-21T02:37:08.570+0000] {logging_mixin.py:188} INFO - [2026-04-21T02:37:08.570+0000] {dagbag.py:538} INFO - Filling up the DagBag from /home/airflow/.local/lib/python3.8/site-packages/airflow/example_dags/tutorial_taskflow_api.py
[2026-04-21T02:37:08.579+0000] {processor.py:840} INFO - DAG(s) 'tutorial_taskflow_api' retrieved from /home/airflow/.local/lib/python3.8/site-packages/airflow/example_dags/tutorial_taskflow_api.py
[2026-04-21T02:37:08.605+0000] {logging_mixin.py:188} INFO - [2026-04-21T02:37:08.605+0000] {dag.py:3036} INFO - Sync 1 DAGs
[2026-04-21T02:37:08.620+0000] {logging_mixin.py:188} INFO - [2026-04-21T02:37:08.620+0000] {dag.py:3823} INFO - Setting next_dagrun for tutorial_taskflow_api to None, run_after=None
[2026-04-21T02:37:08.640+0000] {processor.py:183} INFO - Processing /home/airflow/.local/lib/python3.8/site-packages/airflow/example_dags/tutorial_taskflow_api.py took 0.078 seconds
[2026-04-21T02:37:38.908+0000] {processor.py:161} INFO - Started process (PID=3719346) to work on /home/airflow/.local/lib/python3.8/site-packages/airflow/example_dags/tutorial_taskflow_api.py
[2026-04-21T02:37:38.910+0000] {processor.py:830} INFO - Processing file /home/airflow/.local/lib/python3.8/site-packages/airflow/example_dags/tutorial_taskflow_api.py for tasks to queue
[2026-04-21T02:37:38.912+0000] {logging_mixin.py:188} INFO - [2026-04-21T02:37:38.911+0000] {dagbag.py:538} INFO - Filling up the DagBag from /home/airflow/.local/lib/python3.8/site-packages/airflow/example_dags/tutorial_taskflow_api.py
[2026-04-21T02:37:38.920+0000] {processor.py:840} INFO - DAG(s) 'tutorial_taskflow_api' retrieved from /home/airflow/.local/lib/python3.8/site-packages/airflow/example_dags/tutorial_taskflow_api.py
[2026-04-21T02:37:38.944+0000] {logging_mixin.py:188} INFO - [2026-04-21T02:37:38.944+0000] {dag.py:3036} INFO - Sync 1 DAGs
[2026-04-21T02:37:38.958+0000] {logging_mixin.py:188} INFO - [2026-04-21T02:37:38.958+0000] {dag.py:3823} INFO - Setting next_dagrun for tutorial_taskflow_api to None, run_after=None
[2026-04-21T02:37:38.977+0000] {processor.py:183} INFO - Processing /home/airflow/.local/lib/python3.8/site-packages/airflow/example_dags/tutorial_taskflow_api.py took 0.073 seconds
[2026-04-21T02:38:09.113+0000] {processor.py:161} INFO - Started process (PID=3719403) to work on /home/airflow/.local/lib/python3.8/site-packages/airflow/example_dags/tutorial_taskflow_api.py
[2026-04-21T02:38:09.115+0000] {processor.py:830} INFO - Processing file /home/airflow/.local/lib/python3.8/site-packages/airflow/example_dags/tutorial_taskflow_api.py for tasks to queue
[2026-04-21T02:38:09.117+0000] {logging_mixin.py:188} INFO - [2026-04-21T02:38:09.117+0000] {dagbag.py:538} INFO - Filling up the DagBag from /home/airflow/.local/lib/python3.8/site-packages/airflow/example_dags/tutorial_taskflow_api.py
[2026-04-21T02:38:09.125+0000] {processor.py:840} INFO - DAG(s) 'tutorial_taskflow_api' retrieved from /home/airflow/.local/lib/python3.8/site-packages/airflow/example_dags/tutorial_taskflow_api.py
[2026-04-21T02:38:09.152+0000] {logging_mixin.py:188} INFO - [2026-04-21T02:38:09.151+0000] {dag.py:3036} INFO - Sync 1 DAGs
[2026-04-21T02:38:09.166+0000] {logging_mixin.py:188} INFO - [2026-04-21T02:38:09.166+0000] {dag.py:3823} INFO - Setting next_dagrun for tutorial_taskflow_api to None, run_after=None
[2026-04-21T02:38:09.188+0000] {processor.py:183} INFO - Processing /home/airflow/.local/lib/python3.8/site-packages/airflow/example_dags/tutorial_taskflow_api.py took 0.080 seconds
[2026-04-21T02:38:39.394+0000] {processor.py:161} INFO - Started process (PID=3719460) to work on /home/airflow/.local/lib/python3.8/site-packages/airflow/example_dags/tutorial_taskflow_api.py
[2026-04-21T02:38:39.396+0000] {processor.py:830} INFO - Processing file /home/airflow/.local/lib/python3.8/site-packages/airflow/example_dags/tutorial_taskflow_api.py for tasks to queue
[2026-04-21T02:38:39.399+0000] {logging_mixin.py:188} INFO - [2026-04-21T02:38:39.398+0000] {dagbag.py:538} INFO - Filling up the DagBag from /home/airflow/.local/lib/python3.8/site-packages/airflow/example_dags/tutorial_taskflow_api.py
[2026-04-21T02:38:39.407+0000] {processor.py:840} INFO - DAG(s) 'tutorial_taskflow_api' retrieved from /home/airflow/.local/lib/python3.8/site-packages/airflow/example_dags/tutorial_taskflow_api.py
[2026-04-21T02:38:39.431+0000] {logging_mixin.py:188} INFO - [2026-04-21T02:38:39.431+0000] {dag.py:3036} INFO - Sync 1 DAGs
[2026-04-21T02:38:39.445+0000] {logging_mixin.py:188} INFO - [2026-04-21T02:38:39.444+0000] {dag.py:3823} INFO - Setting next_dagrun for tutorial_taskflow_api to None, run_after=None
[2026-04-21T02:38:39.463+0000] {processor.py:183} INFO - Processing /home/airflow/.local/lib/python3.8/site-packages/airflow/example_dags/tutorial_taskflow_api.py took 0.073 seconds
[2026-04-21T02:39:09.811+0000] {processor.py:161} INFO - Started process (PID=3719517) to work on /home/airflow/.local/lib/python3.8/site-packages/airflow/example_dags/tutorial_taskflow_api.py
[2026-04-21T02:39:09.813+0000] {processor.py:830} INFO - Processing file /home/airflow/.local/lib/python3.8/site-packages/airflow/example_dags/tutorial_taskflow_api.py for tasks to queue
[2026-04-21T02:39:09.815+0000] {logging_mixin.py:188} INFO - [2026-04-21T02:39:09.815+0000] {dagbag.py:538} INFO - Filling up the DagBag from /home/airflow/.local/lib/python3.8/site-packages/airflow/example_dags/tutorial_taskflow_api.py
[2026-04-21T02:39:09.824+0000] {processor.py:840} INFO - DAG(s) 'tutorial_taskflow_api' retrieved from /home/airflow/.local/lib/python3.8/site-packages/airflow/example_dags/tutorial_taskflow_api.py
[2026-04-21T02:39:09.849+0000] {logging_mixin.py:188} INFO - [2026-04-21T02:39:09.848+0000] {dag.py:3036} INFO - Sync 1 DAGs
[2026-04-21T02:39:09.863+0000] {logging_mixin.py:188} INFO - [2026-04-21T02:39:09.862+0000] {dag.py:3823} INFO - Setting next_dagrun for tutorial_taskflow_api to None, run_after=None
[2026-04-21T02:39:09.881+0000] {processor.py:183} INFO - Processing /home/airflow/.local/lib/python3.8/site-packages/airflow/example_dags/tutorial_taskflow_api.py took 0.075 seconds
[2026-04-21T02:39:40.292+0000] {processor.py:161} INFO - Started process (PID=3719574) to work on /home/airflow/.local/lib/python3.8/site-packages/airflow/example_dags/tutorial_taskflow_api.py
[2026-04-21T02:39:40.294+0000] {processor.py:830} INFO - Processing file /home/airflow/.local/lib/python3.8/site-packages/airflow/example_dags/tutorial_taskflow_api.py for tasks to queue
[2026-04-21T02:39:40.296+0000] {logging_mixin.py:188} INFO - [2026-04-21T02:39:40.295+0000] {dagbag.py:538} INFO - Filling up the DagBag from /home/airflow/.local/lib/python3.8/site-packages/airflow/example_dags/tutorial_taskflow_api.py
[2026-04-21T02:39:40.304+0000] {processor.py:840} INFO - DAG(s) 'tutorial_taskflow_api' retrieved from /home/airflow/.local/lib/python3.8/site-packages/airflow/example_dags/tutorial_taskflow_api.py
[2026-04-21T02:39:40.328+0000] {logging_mixin.py:188} INFO - [2026-04-21T02:39:40.327+0000] {dag.py:3036} INFO - Sync 1 DAGs
[2026-04-21T02:39:40.341+0000] {logging_mixin.py:188} INFO - [2026-04-21T02:39:40.341+0000] {dag.py:3823} INFO - Setting next_dagrun for tutorial_taskflow_api to None, run_after=None
[2026-04-21T02:39:40.360+0000] {processor.py:183} INFO - Processing /home/airflow/.local/lib/python3.8/site-packages/airflow/example_dags/tutorial_taskflow_api.py took 0.073 seconds
[2026-04-21T02:40:10.757+0000] {processor.py:161} INFO - Started process (PID=3719631) to work on /home/airflow/.local/lib/python3.8/site-packages/airflow/example_dags/tutorial_taskflow_api.py
[2026-04-21T02:40:10.759+0000] {processor.py:830} INFO - Processing file /home/airflow/.local/lib/python3.8/site-packages/airflow/example_dags/tutorial_taskflow_api.py for tasks to queue
[2026-04-21T02:40:10.761+0000] {logging_mixin.py:188} INFO - [2026-04-21T02:40:10.761+0000] {dagbag.py:538} INFO - Filling up the DagBag from /home/airflow/.local/lib/python3.8/site-packages/airflow/example_dags/tutorial_taskflow_api.py
[2026-04-21T02:40:10.769+0000] {processor.py:840} INFO - DAG(s) 'tutorial_taskflow_api' retrieved from /home/airflow/.local/lib/python3.8/site-packages/airflow/example_dags/tutorial_taskflow_api.py
[2026-04-21T02:40:10.796+0000] {logging_mixin.py:188} INFO - [2026-04-21T02:40:10.796+0000] {dag.py:3036} INFO - Sync 1 DAGs
[2026-04-21T02:40:10.813+0000] {logging_mixin.py:188} INFO - [2026-04-21T02:40:10.813+0000] {dag.py:3823} INFO - Setting next_dagrun for tutorial_taskflow_api to None, run_after=None
[2026-04-21T02:40:10.835+0000] {processor.py:183} INFO - Processing /home/airflow/.local/lib/python3.8/site-packages/airflow/example_dags/tutorial_taskflow_api.py took 0.083 seconds
[2026-04-21T02:40:41.724+0000] {processor.py:161} INFO - Started process (PID=3719688) to work on /home/airflow/.local/lib/python3.8/site-packages/airflow/example_dags/tutorial_taskflow_api.py
[2026-04-21T02:40:41.726+0000] {processor.py:830} INFO - Processing file /home/airflow/.local/lib/python3.8/site-packages/airflow/example_dags/tutorial_taskflow_api.py for tasks to queue
[2026-04-21T02:40:41.728+0000] {logging_mixin.py:188} INFO - [2026-04-21T02:40:41.728+0000] {dagbag.py:538} INFO - Filling up the DagBag from /home/airflow/.local/lib/python3.8/site-packages/airflow/example_dags/tutorial_taskflow_api.py
[2026-04-21T02:40:41.736+0000] {processor.py:840} INFO - DAG(s) 'tutorial_taskflow_api' retrieved from /home/airflow/.local/lib/python3.8/site-packages/airflow/example_dags/tutorial_taskflow_api.py
[2026-04-21T02:40:41.763+0000] {logging_mixin.py:188} INFO - [2026-04-21T02:40:41.763+0000] {dag.py:3036} INFO - Sync 1 DAGs
[2026-04-21T02:40:41.779+0000] {logging_mixin.py:188} INFO - [2026-04-21T02:40:41.778+0000] {dag.py:3823} INFO - Setting next_dagrun for tutorial_taskflow_api to None, run_after=None
[2026-04-21T02:40:41.798+0000] {processor.py:183} INFO - Processing /home/airflow/.local/lib/python3.8/site-packages/airflow/example_dags/tutorial_taskflow_api.py took 0.078 seconds
[2026-04-21T02:41:12.053+0000] {processor.py:161} INFO - Started process (PID=3719745) to work on /home/airflow/.local/lib/python3.8/site-packages/airflow/example_dags/tutorial_taskflow_api.py
[2026-04-21T02:41:12.055+0000] {processor.py:830} INFO - Processing file /home/airflow/.local/lib/python3.8/site-packages/airflow/example_dags/tutorial_taskflow_api.py for tasks to queue
[2026-04-21T02:41:12.058+0000] {logging_mixin.py:188} INFO - [2026-04-21T02:41:12.057+0000] {dagbag.py:538} INFO - Filling up the DagBag from /home/airflow/.local/lib/python3.8/site-packages/airflow/example_dags/tutorial_taskflow_api.py
[2026-04-21T02:41:12.066+0000] {processor.py:840} INFO - DAG(s) 'tutorial_taskflow_api' retrieved from /home/airflow/.local/lib/python3.8/site-packages/airflow/example_dags/tutorial_taskflow_api.py
[2026-04-21T02:41:12.091+0000] {logging_mixin.py:188} INFO - [2026-04-21T02:41:12.090+0000] {dag.py:3036} INFO - Sync 1 DAGs
[2026-04-21T02:41:12.105+0000] {logging_mixin.py:188} INFO - [2026-04-21T02:41:12.105+0000] {dag.py:3823} INFO - Setting next_dagrun for tutorial_taskflow_api to None, run_after=None
[2026-04-21T02:41:12.124+0000] {processor.py:183} INFO - Processing /home/airflow/.local/lib/python3.8/site-packages/airflow/example_dags/tutorial_taskflow_api.py took 0.075 seconds
[2026-04-21T02:41:42.919+0000] {processor.py:161} INFO - Started process (PID=3719802) to work on /home/airflow/.local/lib/python3.8/site-packages/airflow/example_dags/tutorial_taskflow_api.py
[2026-04-21T02:41:42.921+0000] {processor.py:830} INFO - Processing file /home/airflow/.local/lib/python3.8/site-packages/airflow/example_dags/tutorial_taskflow_api.py for tasks to queue
[2026-04-21T02:41:42.923+0000] {logging_mixin.py:188} INFO - [2026-04-21T02:41:42.923+0000] {dagbag.py:538} INFO - Filling up the DagBag from /home/airflow/.local/lib/python3.8/site-packages/airflow/example_dags/tutorial_taskflow_api.py
[2026-04-21T02:41:42.932+0000] {processor.py:840} INFO - DAG(s) 'tutorial_taskflow_api' retrieved from /home/airflow/.local/lib/python3.8/site-packages/airflow/example_dags/tutorial_taskflow_api.py
[2026-04-21T02:41:42.960+0000] {logging_mixin.py:188} INFO - [2026-04-21T02:41:42.960+0000] {dag.py:3036} INFO - Sync 1 DAGs
[2026-04-21T02:41:42.976+0000] {logging_mixin.py:188} INFO - [2026-04-21T02:41:42.976+0000] {dag.py:3823} INFO - Setting next_dagrun for tutorial_taskflow_api to None, run_after=None
[2026-04-21T02:41:42.998+0000] {processor.py:183} INFO - Processing /home/airflow/.local/lib/python3.8/site-packages/airflow/example_dags/tutorial_taskflow_api.py took 0.083 seconds
[2026-04-21T02:42:13.953+0000] {processor.py:161} INFO - Started process (PID=3719859) to work on /home/airflow/.local/lib/python3.8/site-packages/airflow/example_dags/tutorial_taskflow_api.py
[2026-04-21T02:42:13.955+0000] {processor.py:830} INFO - Processing file /home/airflow/.local/lib/python3.8/site-packages/airflow/example_dags/tutorial_taskflow_api.py for tasks to queue
[2026-04-21T02:42:13.957+0000] {logging_mixin.py:188} INFO - [2026-04-21T02:42:13.957+0000] {dagbag.py:538} INFO - Filling up the DagBag from /home/airflow/.local/lib/python3.8/site-packages/airflow/example_dags/tutorial_taskflow_api.py
[2026-04-21T02:42:13.965+0000] {processor.py:840} INFO - DAG(s) 'tutorial_taskflow_api' retrieved from /home/airflow/.local/lib/python3.8/site-packages/airflow/example_dags/tutorial_taskflow_api.py
[2026-04-21T02:42:13.991+0000] {logging_mixin.py:188} INFO - [2026-04-21T02:42:13.990+0000] {dag.py:3036} INFO - Sync 1 DAGs
[2026-04-21T02:42:14.005+0000] {logging_mixin.py:188} INFO - [2026-04-21T02:42:14.005+0000] {dag.py:3823} INFO - Setting next_dagrun for tutorial_taskflow_api to None, run_after=None
[2026-04-21T02:42:14.026+0000] {processor.py:183} INFO - Processing /home/airflow/.local/lib/python3.8/site-packages/airflow/example_dags/tutorial_taskflow_api.py took 0.077 seconds
[2026-04-21T02:42:44.345+0000] {processor.py:161} INFO - Started process (PID=3719916) to work on /home/airflow/.local/lib/python3.8/site-packages/airflow/example_dags/tutorial_taskflow_api.py
[2026-04-21T02:42:44.348+0000] {processor.py:830} INFO - Processing file /home/airflow/.local/lib/python3.8/site-packages/airflow/example_dags/tutorial_taskflow_api.py for tasks to queue
[2026-04-21T02:42:44.350+0000] {logging_mixin.py:188} INFO - [2026-04-21T02:42:44.350+0000] {dagbag.py:538} INFO - Filling up the DagBag from /home/airflow/.local/lib/python3.8/site-packages/airflow/example_dags/tutorial_taskflow_api.py
[2026-04-21T02:42:44.361+0000] {processor.py:840} INFO - DAG(s) 'tutorial_taskflow_api' retrieved from /home/airflow/.local/lib/python3.8/site-packages/airflow/example_dags/tutorial_taskflow_api.py
[2026-04-21T02:42:44.391+0000] {logging_mixin.py:188} INFO - [2026-04-21T02:42:44.391+0000] {dag.py:3036} INFO - Sync 1 DAGs
[2026-04-21T02:42:44.415+0000] {logging_mixin.py:188} INFO - [2026-04-21T02:42:44.415+0000] {dag.py:3823} INFO - Setting next_dagrun for tutorial_taskflow_api to None, run_after=None
[2026-04-21T02:42:44.445+0000] {processor.py:183} INFO - Processing /home/airflow/.local/lib/python3.8/site-packages/airflow/example_dags/tutorial_taskflow_api.py took 0.105 seconds
[2026-04-21T02:43:14.724+0000] {processor.py:161} INFO - Started process (PID=3719973) to work on /home/airflow/.local/lib/python3.8/site-packages/airflow/example_dags/tutorial_taskflow_api.py
[2026-04-21T02:43:14.726+0000] {processor.py:830} INFO - Processing file /home/airflow/.local/lib/python3.8/site-packages/airflow/example_dags/tutorial_taskflow_api.py for tasks to queue
[2026-04-21T02:43:14.728+0000] {logging_mixin.py:188} INFO - [2026-04-21T02:43:14.727+0000] {dagbag.py:538} INFO - Filling up the DagBag from /home/airflow/.local/lib/python3.8/site-packages/airflow/example_dags/tutorial_taskflow_api.py
[2026-04-21T02:43:14.736+0000] {processor.py:840} INFO - DAG(s) 'tutorial_taskflow_api' retrieved from /home/airflow/.local/lib/python3.8/site-packages/airflow/example_dags/tutorial_taskflow_api.py
[2026-04-21T02:43:14.761+0000] {logging_mixin.py:188} INFO - [2026-04-21T02:43:14.761+0000] {dag.py:3036} INFO - Sync 1 DAGs
[2026-04-21T02:43:14.775+0000] {logging_mixin.py:188} INFO - [2026-04-21T02:43:14.775+0000] {dag.py:3823} INFO - Setting next_dagrun for tutorial_taskflow_api to None, run_after=None
[2026-04-21T02:43:14.795+0000] {processor.py:183} INFO - Processing /home/airflow/.local/lib/python3.8/site-packages/airflow/example_dags/tutorial_taskflow_api.py took 0.075 seconds
[2026-04-21T02:43:44.892+0000] {processor.py:161} INFO - Started process (PID=3720030) to work on /home/airflow/.local/lib/python3.8/site-packages/airflow/example_dags/tutorial_taskflow_api.py
[2026-04-21T02:43:44.894+0000] {processor.py:830} INFO - Processing file /home/airflow/.local/lib/python3.8/site-packages/airflow/example_dags/tutorial_taskflow_api.py for tasks to queue
[2026-04-21T02:43:44.898+0000] {logging_mixin.py:188} INFO - [2026-04-21T02:43:44.897+0000] {dagbag.py:538} INFO - Filling up the DagBag from /home/airflow/.local/lib/python3.8/site-packages/airflow/example_dags/tutorial_taskflow_api.py
[2026-04-21T02:43:44.910+0000] {processor.py:840} INFO - DAG(s) 'tutorial_taskflow_api' retrieved from /home/airflow/.local/lib/python3.8/site-packages/airflow/example_dags/tutorial_taskflow_api.py
[2026-04-21T02:43:44.935+0000] {logging_mixin.py:188} INFO - [2026-04-21T02:43:44.934+0000] {dag.py:3036} INFO - Sync 1 DAGs
[2026-04-21T02:43:44.952+0000] {logging_mixin.py:188} INFO - [2026-04-21T02:43:44.951+0000] {dag.py:3823} INFO - Setting next_dagrun for tutorial_taskflow_api to None, run_after=None
[2026-04-21T02:43:44.976+0000] {processor.py:183} INFO - Processing /home/airflow/.local/lib/python3.8/site-packages/airflow/example_dags/tutorial_taskflow_api.py took 0.090 seconds
[2026-04-21T02:44:15.239+0000] {processor.py:161} INFO - Started process (PID=3720087) to work on /home/airflow/.local/lib/python3.8/site-packages/airflow/example_dags/tutorial_taskflow_api.py
[2026-04-21T02:44:15.242+0000] {processor.py:830} INFO - Processing file /home/airflow/.local/lib/python3.8/site-packages/airflow/example_dags/tutorial_taskflow_api.py for tasks to queue
[2026-04-21T02:44:15.244+0000] {logging_mixin.py:188} INFO - [2026-04-21T02:44:15.244+0000] {dagbag.py:538} INFO - Filling up the DagBag from /home/airflow/.local/lib/python3.8/site-packages/airflow/example_dags/tutorial_taskflow_api.py
[2026-04-21T02:44:15.252+0000] {processor.py:840} INFO - DAG(s) 'tutorial_taskflow_api' retrieved from /home/airflow/.local/lib/python3.8/site-packages/airflow/example_dags/tutorial_taskflow_api.py
[2026-04-21T02:44:15.277+0000] {logging_mixin.py:188} INFO - [2026-04-21T02:44:15.277+0000] {dag.py:3036} INFO - Sync 1 DAGs
[2026-04-21T02:44:15.292+0000] {logging_mixin.py:188} INFO - [2026-04-21T02:44:15.291+0000] {dag.py:3823} INFO - Setting next_dagrun for tutorial_taskflow_api to None, run_after=None
[2026-04-21T02:44:15.311+0000] {processor.py:183} INFO - Processing /home/airflow/.local/lib/python3.8/site-packages/airflow/example_dags/tutorial_taskflow_api.py took 0.076 seconds
[2026-04-21T02:44:45.438+0000] {processor.py:161} INFO - Started process (PID=3720144) to work on /home/airflow/.local/lib/python3.8/site-packages/airflow/example_dags/tutorial_taskflow_api.py
[2026-04-21T02:44:45.440+0000] {processor.py:830} INFO - Processing file /home/airflow/.local/lib/python3.8/site-packages/airflow/example_dags/tutorial_taskflow_api.py for tasks to queue
[2026-04-21T02:44:45.442+0000] {logging_mixin.py:188} INFO - [2026-04-21T02:44:45.441+0000] {dagbag.py:538} INFO - Filling up the DagBag from /home/airflow/.local/lib/python3.8/site-packages/airflow/example_dags/tutorial_taskflow_api.py
[2026-04-21T02:44:45.450+0000] {processor.py:840} INFO - DAG(s) 'tutorial_taskflow_api' retrieved from /home/airflow/.local/lib/python3.8/site-packages/airflow/example_dags/tutorial_taskflow_api.py
[2026-04-21T02:44:45.474+0000] {logging_mixin.py:188} INFO - [2026-04-21T02:44:45.474+0000] {dag.py:3036} INFO - Sync 1 DAGs
[2026-04-21T02:44:45.489+0000] {logging_mixin.py:188} INFO - [2026-04-21T02:44:45.488+0000] {dag.py:3823} INFO - Setting next_dagrun for tutorial_taskflow_api to None, run_after=None
[2026-04-21T02:44:45.508+0000] {processor.py:183} INFO - Processing /home/airflow/.local/lib/python3.8/site-packages/airflow/example_dags/tutorial_taskflow_api.py took 0.075 seconds
[2026-04-21T02:45:15.857+0000] {processor.py:161} INFO - Started process (PID=3720201) to work on /home/airflow/.local/lib/python3.8/site-packages/airflow/example_dags/tutorial_taskflow_api.py
[2026-04-21T02:45:15.859+0000] {processor.py:830} INFO - Processing file /home/airflow/.local/lib/python3.8/site-packages/airflow/example_dags/tutorial_taskflow_api.py for tasks to queue
[2026-04-21T02:45:15.862+0000] {logging_mixin.py:188} INFO - [2026-04-21T02:45:15.861+0000] {dagbag.py:538} INFO - Filling up the DagBag from /home/airflow/.local/lib/python3.8/site-packages/airflow/example_dags/tutorial_taskflow_api.py
[2026-04-21T02:45:15.869+0000] {processor.py:840} INFO - DAG(s) 'tutorial_taskflow_api' retrieved from /home/airflow/.local/lib/python3.8/site-packages/airflow/example_dags/tutorial_taskflow_api.py
[2026-04-21T02:45:15.894+0000] {logging_mixin.py:188} INFO - [2026-04-21T02:45:15.893+0000] {dag.py:3036} INFO - Sync 1 DAGs
[2026-04-21T02:45:15.908+0000] {logging_mixin.py:188} INFO - [2026-04-21T02:45:15.907+0000] {dag.py:3823} INFO - Setting next_dagrun for tutorial_taskflow_api to None, run_after=None
[2026-04-21T02:45:15.926+0000] {processor.py:183} INFO - Processing /home/airflow/.local/lib/python3.8/site-packages/airflow/example_dags/tutorial_taskflow_api.py took 0.074 seconds
[2026-04-21T02:45:46.124+0000] {processor.py:161} INFO - Started process (PID=3720258) to work on /home/airflow/.local/lib/python3.8/site-packages/airflow/example_dags/tutorial_taskflow_api.py
[2026-04-21T02:45:46.125+0000] {processor.py:830} INFO - Processing file /home/airflow/.local/lib/python3.8/site-packages/airflow/example_dags/tutorial_taskflow_api.py for tasks to queue
[2026-04-21T02:45:46.128+0000] {logging_mixin.py:188} INFO - [2026-04-21T02:45:46.127+0000] {dagbag.py:538} INFO - Filling up the DagBag from /home/airflow/.local/lib/python3.8/site-packages/airflow/example_dags/tutorial_taskflow_api.py
[2026-04-21T02:45:46.136+0000] {processor.py:840} INFO - DAG(s) 'tutorial_taskflow_api' retrieved from /home/airflow/.local/lib/python3.8/site-packages/airflow/example_dags/tutorial_taskflow_api.py
[2026-04-21T02:45:46.161+0000] {logging_mixin.py:188} INFO - [2026-04-21T02:45:46.161+0000] {dag.py:3036} INFO - Sync 1 DAGs
[2026-04-21T02:45:46.175+0000] {logging_mixin.py:188} INFO - [2026-04-21T02:45:46.175+0000] {dag.py:3823} INFO - Setting next_dagrun for tutorial_taskflow_api to None, run_after=None
[2026-04-21T02:45:46.194+0000] {processor.py:183} INFO - Processing /home/airflow/.local/lib/python3.8/site-packages/airflow/example_dags/tutorial_taskflow_api.py took 0.075 seconds
[2026-04-21T02:46:16.374+0000] {processor.py:161} INFO - Started process (PID=3720315) to work on /home/airflow/.local/lib/python3.8/site-packages/airflow/example_dags/tutorial_taskflow_api.py
[2026-04-21T02:46:16.376+0000] {processor.py:830} INFO - Processing file /home/airflow/.local/lib/python3.8/site-packages/airflow/example_dags/tutorial_taskflow_api.py for tasks to queue
[2026-04-21T02:46:16.378+0000] {logging_mixin.py:188} INFO - [2026-04-21T02:46:16.378+0000] {dagbag.py:538} INFO - Filling up the DagBag from /home/airflow/.local/lib/python3.8/site-packages/airflow/example_dags/tutorial_taskflow_api.py
[2026-04-21T02:46:16.387+0000] {processor.py:840} INFO - DAG(s) 'tutorial_taskflow_api' retrieved from /home/airflow/.local/lib/python3.8/site-packages/airflow/example_dags/tutorial_taskflow_api.py
[2026-04-21T02:46:16.425+0000] {logging_mixin.py:188} INFO - [2026-04-21T02:46:16.425+0000] {dag.py:3036} INFO - Sync 1 DAGs
[2026-04-21T02:46:16.446+0000] {logging_mixin.py:188} INFO - [2026-04-21T02:46:16.446+0000] {dag.py:3823} INFO - Setting next_dagrun for tutorial_taskflow_api to None, run_after=None
[2026-04-21T02:46:16.469+0000] {processor.py:183} INFO - Processing /home/airflow/.local/lib/python3.8/site-packages/airflow/example_dags/tutorial_taskflow_api.py took 0.099 seconds
[2026-04-21T02:46:46.667+0000] {processor.py:161} INFO - Started process (PID=3720378) to work on /home/airflow/.local/lib/python3.8/site-packages/airflow/example_dags/tutorial_taskflow_api.py
[2026-04-21T02:46:46.669+0000] {processor.py:830} INFO - Processing file /home/airflow/.local/lib/python3.8/site-packages/airflow/example_dags/tutorial_taskflow_api.py for tasks to queue
[2026-04-21T02:46:46.671+0000] {logging_mixin.py:188} INFO - [2026-04-21T02:46:46.671+0000] {dagbag.py:538} INFO - Filling up the DagBag from /home/airflow/.local/lib/python3.8/site-packages/airflow/example_dags/tutorial_taskflow_api.py
[2026-04-21T02:46:46.680+0000] {processor.py:840} INFO - DAG(s) 'tutorial_taskflow_api' retrieved from /home/airflow/.local/lib/python3.8/site-packages/airflow/example_dags/tutorial_taskflow_api.py
[2026-04-21T02:46:46.706+0000] {logging_mixin.py:188} INFO - [2026-04-21T02:46:46.706+0000] {dag.py:3036} INFO - Sync 1 DAGs
[2026-04-21T02:46:46.721+0000] {logging_mixin.py:188} INFO - [2026-04-21T02:46:46.721+0000] {dag.py:3823} INFO - Setting next_dagrun for tutorial_taskflow_api to None, run_after=None
[2026-04-21T02:46:46.743+0000] {processor.py:183} INFO - Processing /home/airflow/.local/lib/python3.8/site-packages/airflow/example_dags/tutorial_taskflow_api.py took 0.081 seconds
[2026-04-21T02:47:16.889+0000] {processor.py:161} INFO - Started process (PID=3720435) to work on /home/airflow/.local/lib/python3.8/site-packages/airflow/example_dags/tutorial_taskflow_api.py
[2026-04-21T02:47:16.891+0000] {processor.py:830} INFO - Processing file /home/airflow/.local/lib/python3.8/site-packages/airflow/example_dags/tutorial_taskflow_api.py for tasks to queue
[2026-04-21T02:47:16.893+0000] {logging_mixin.py:188} INFO - [2026-04-21T02:47:16.893+0000] {dagbag.py:538} INFO - Filling up the DagBag from /home/airflow/.local/lib/python3.8/site-packages/airflow/example_dags/tutorial_taskflow_api.py
[2026-04-21T02:47:16.902+0000] {processor.py:840} INFO - DAG(s) 'tutorial_taskflow_api' retrieved from /home/airflow/.local/lib/python3.8/site-packages/airflow/example_dags/tutorial_taskflow_api.py
[2026-04-21T02:47:16.928+0000] {logging_mixin.py:188} INFO - [2026-04-21T02:47:16.928+0000] {dag.py:3036} INFO - Sync 1 DAGs
[2026-04-21T02:47:16.943+0000] {logging_mixin.py:188} INFO - [2026-04-21T02:47:16.942+0000] {dag.py:3823} INFO - Setting next_dagrun for tutorial_taskflow_api to None, run_after=None
[2026-04-21T02:47:16.964+0000] {processor.py:183} INFO - Processing /home/airflow/.local/lib/python3.8/site-packages/airflow/example_dags/tutorial_taskflow_api.py took 0.079 seconds
[2026-04-21T02:47:47.201+0000] {processor.py:161} INFO - Started process (PID=3720492) to work on /home/airflow/.local/lib/python3.8/site-packages/airflow/example_dags/tutorial_taskflow_api.py
[2026-04-21T02:47:47.203+0000] {processor.py:830} INFO - Processing file /home/airflow/.local/lib/python3.8/site-packages/airflow/example_dags/tutorial_taskflow_api.py for tasks to queue
[2026-04-21T02:47:47.205+0000] {logging_mixin.py:188} INFO - [2026-04-21T02:47:47.205+0000] {dagbag.py:538} INFO - Filling up the DagBag from /home/airflow/.local/lib/python3.8/site-packages/airflow/example_dags/tutorial_taskflow_api.py
[2026-04-21T02:47:47.213+0000] {processor.py:840} INFO - DAG(s) 'tutorial_taskflow_api' retrieved from /home/airflow/.local/lib/python3.8/site-packages/airflow/example_dags/tutorial_taskflow_api.py
[2026-04-21T02:47:47.239+0000] {logging_mixin.py:188} INFO - [2026-04-21T02:47:47.239+0000] {dag.py:3036} INFO - Sync 1 DAGs
[2026-04-21T02:47:47.254+0000] {logging_mixin.py:188} INFO - [2026-04-21T02:47:47.253+0000] {dag.py:3823} INFO - Setting next_dagrun for tutorial_taskflow_api to None, run_after=None
[2026-04-21T02:47:47.279+0000] {processor.py:183} INFO - Processing /home/airflow/.local/lib/python3.8/site-packages/airflow/example_dags/tutorial_taskflow_api.py took 0.083 seconds
[2026-04-21T02:48:17.419+0000] {processor.py:161} INFO - Started process (PID=3720549) to work on /home/airflow/.local/lib/python3.8/site-packages/airflow/example_dags/tutorial_taskflow_api.py
[2026-04-21T02:48:17.420+0000] {processor.py:830} INFO - Processing file /home/airflow/.local/lib/python3.8/site-packages/airflow/example_dags/tutorial_taskflow_api.py for tasks to queue
[2026-04-21T02:48:17.423+0000] {logging_mixin.py:188} INFO - [2026-04-21T02:48:17.422+0000] {dagbag.py:538} INFO - Filling up the DagBag from /home/airflow/.local/lib/python3.8/site-packages/airflow/example_dags/tutorial_taskflow_api.py
[2026-04-21T02:48:17.431+0000] {processor.py:840} INFO - DAG(s) 'tutorial_taskflow_api' retrieved from /home/airflow/.local/lib/python3.8/site-packages/airflow/example_dags/tutorial_taskflow_api.py
[2026-04-21T02:48:17.455+0000] {logging_mixin.py:188} INFO - [2026-04-21T02:48:17.455+0000] {dag.py:3036} INFO - Sync 1 DAGs
[2026-04-21T02:48:17.469+0000] {logging_mixin.py:188} INFO - [2026-04-21T02:48:17.469+0000] {dag.py:3823} INFO - Setting next_dagrun for tutorial_taskflow_api to None, run_after=None
[2026-04-21T02:48:17.489+0000] {processor.py:183} INFO - Processing /home/airflow/.local/lib/python3.8/site-packages/airflow/example_dags/tutorial_taskflow_api.py took 0.074 seconds
[2026-04-21T02:48:47.743+0000] {processor.py:161} INFO - Started process (PID=3720606) to work on /home/airflow/.local/lib/python3.8/site-packages/airflow/example_dags/tutorial_taskflow_api.py
[2026-04-21T02:48:47.745+0000] {processor.py:830} INFO - Processing file /home/airflow/.local/lib/python3.8/site-packages/airflow/example_dags/tutorial_taskflow_api.py for tasks to queue
[2026-04-21T02:48:47.747+0000] {logging_mixin.py:188} INFO - [2026-04-21T02:48:47.747+0000] {dagbag.py:538} INFO - Filling up the DagBag from /home/airflow/.local/lib/python3.8/site-packages/airflow/example_dags/tutorial_taskflow_api.py
[2026-04-21T02:48:47.756+0000] {processor.py:840} INFO - DAG(s) 'tutorial_taskflow_api' retrieved from /home/airflow/.local/lib/python3.8/site-packages/airflow/example_dags/tutorial_taskflow_api.py
[2026-04-21T02:48:47.781+0000] {logging_mixin.py:188} INFO - [2026-04-21T02:48:47.781+0000] {dag.py:3036} INFO - Sync 1 DAGs
[2026-04-21T02:48:47.795+0000] {logging_mixin.py:188} INFO - [2026-04-21T02:48:47.795+0000] {dag.py:3823} INFO - Setting next_dagrun for tutorial_taskflow_api to None, run_after=None
[2026-04-21T02:48:47.815+0000] {processor.py:183} INFO - Processing /home/airflow/.local/lib/python3.8/site-packages/airflow/example_dags/tutorial_taskflow_api.py took 0.076 seconds
[2026-04-21T02:49:17.972+0000] {processor.py:161} INFO - Started process (PID=3720663) to work on /home/airflow/.local/lib/python3.8/site-packages/airflow/example_dags/tutorial_taskflow_api.py
[2026-04-21T02:49:17.974+0000] {processor.py:830} INFO - Processing file /home/airflow/.local/lib/python3.8/site-packages/airflow/example_dags/tutorial_taskflow_api.py for tasks to queue
[2026-04-21T02:49:17.977+0000] {logging_mixin.py:188} INFO - [2026-04-21T02:49:17.976+0000] {dagbag.py:538} INFO - Filling up the DagBag from /home/airflow/.local/lib/python3.8/site-packages/airflow/example_dags/tutorial_taskflow_api.py
[2026-04-21T02:49:17.985+0000] {processor.py:840} INFO - DAG(s) 'tutorial_taskflow_api' retrieved from /home/airflow/.local/lib/python3.8/site-packages/airflow/example_dags/tutorial_taskflow_api.py
[2026-04-21T02:49:18.010+0000] {logging_mixin.py:188} INFO - [2026-04-21T02:49:18.010+0000] {dag.py:3036} INFO - Sync 1 DAGs
[2026-04-21T02:49:18.024+0000] {logging_mixin.py:188} INFO - [2026-04-21T02:49:18.024+0000] {dag.py:3823} INFO - Setting next_dagrun for tutorial_taskflow_api to None, run_after=None
[2026-04-21T02:49:18.044+0000] {processor.py:183} INFO - Processing /home/airflow/.local/lib/python3.8/site-packages/airflow/example_dags/tutorial_taskflow_api.py took 0.076 seconds
[2026-04-21T02:49:48.206+0000] {processor.py:161} INFO - Started process (PID=3720720) to work on /home/airflow/.local/lib/python3.8/site-packages/airflow/example_dags/tutorial_taskflow_api.py
[2026-04-21T02:49:48.208+0000] {processor.py:830} INFO - Processing file /home/airflow/.local/lib/python3.8/site-packages/airflow/example_dags/tutorial_taskflow_api.py for tasks to queue
[2026-04-21T02:49:48.211+0000] {logging_mixin.py:188} INFO - [2026-04-21T02:49:48.210+0000] {dagbag.py:538} INFO - Filling up the DagBag from /home/airflow/.local/lib/python3.8/site-packages/airflow/example_dags/tutorial_taskflow_api.py
[2026-04-21T02:49:48.218+0000] {processor.py:840} INFO - DAG(s) 'tutorial_taskflow_api' retrieved from /home/airflow/.local/lib/python3.8/site-packages/airflow/example_dags/tutorial_taskflow_api.py
[2026-04-21T02:49:48.243+0000] {logging_mixin.py:188} INFO - [2026-04-21T02:49:48.243+0000] {dag.py:3036} INFO - Sync 1 DAGs
[2026-04-21T02:49:48.257+0000] {logging_mixin.py:188} INFO - [2026-04-21T02:49:48.257+0000] {dag.py:3823} INFO - Setting next_dagrun for tutorial_taskflow_api to None, run_after=None
[2026-04-21T02:49:48.276+0000] {processor.py:183} INFO - Processing /home/airflow/.local/lib/python3.8/site-packages/airflow/example_dags/tutorial_taskflow_api.py took 0.074 seconds
[2026-04-21T02:50:18.534+0000] {processor.py:161} INFO - Started process (PID=3720777) to work on /home/airflow/.local/lib/python3.8/site-packages/airflow/example_dags/tutorial_taskflow_api.py
[2026-04-21T02:50:18.535+0000] {processor.py:830} INFO - Processing file /home/airflow/.local/lib/python3.8/site-packages/airflow/example_dags/tutorial_taskflow_api.py for tasks to queue
[2026-04-21T02:50:18.538+0000] {logging_mixin.py:188} INFO - [2026-04-21T02:50:18.537+0000] {dagbag.py:538} INFO - Filling up the DagBag from /home/airflow/.local/lib/python3.8/site-packages/airflow/example_dags/tutorial_taskflow_api.py
[2026-04-21T02:50:18.546+0000] {processor.py:840} INFO - DAG(s) 'tutorial_taskflow_api' retrieved from /home/airflow/.local/lib/python3.8/site-packages/airflow/example_dags/tutorial_taskflow_api.py
[2026-04-21T02:50:18.570+0000] {logging_mixin.py:188} INFO - [2026-04-21T02:50:18.570+0000] {dag.py:3036} INFO - Sync 1 DAGs
[2026-04-21T02:50:18.584+0000] {logging_mixin.py:188} INFO - [2026-04-21T02:50:18.584+0000] {dag.py:3823} INFO - Setting next_dagrun for tutorial_taskflow_api to None, run_after=None
[2026-04-21T02:50:18.603+0000] {processor.py:183} INFO - Processing /home/airflow/.local/lib/python3.8/site-packages/airflow/example_dags/tutorial_taskflow_api.py took 0.074 seconds
[2026-04-21T02:50:48.741+0000] {processor.py:161} INFO - Started process (PID=3720834) to work on /home/airflow/.local/lib/python3.8/site-packages/airflow/example_dags/tutorial_taskflow_api.py
[2026-04-21T02:50:48.743+0000] {processor.py:830} INFO - Processing file /home/airflow/.local/lib/python3.8/site-packages/airflow/example_dags/tutorial_taskflow_api.py for tasks to queue
[2026-04-21T02:50:48.745+0000] {logging_mixin.py:188} INFO - [2026-04-21T02:50:48.745+0000] {dagbag.py:538} INFO - Filling up the DagBag from /home/airflow/.local/lib/python3.8/site-packages/airflow/example_dags/tutorial_taskflow_api.py
[2026-04-21T02:50:48.753+0000] {processor.py:840} INFO - DAG(s) 'tutorial_taskflow_api' retrieved from /home/airflow/.local/lib/python3.8/site-packages/airflow/example_dags/tutorial_taskflow_api.py
[2026-04-21T02:50:48.778+0000] {logging_mixin.py:188} INFO - [2026-04-21T02:50:48.778+0000] {dag.py:3036} INFO - Sync 1 DAGs
[2026-04-21T02:50:48.792+0000] {logging_mixin.py:188} INFO - [2026-04-21T02:50:48.792+0000] {dag.py:3823} INFO - Setting next_dagrun for tutorial_taskflow_api to None, run_after=None
[2026-04-21T02:50:48.811+0000] {processor.py:183} INFO - Processing /home/airflow/.local/lib/python3.8/site-packages/airflow/example_dags/tutorial_taskflow_api.py took 0.074 seconds
[2026-04-21T02:51:18.989+0000] {processor.py:161} INFO - Started process (PID=3720891) to work on /home/airflow/.local/lib/python3.8/site-packages/airflow/example_dags/tutorial_taskflow_api.py
[2026-04-21T02:51:18.991+0000] {processor.py:830} INFO - Processing file /home/airflow/.local/lib/python3.8/site-packages/airflow/example_dags/tutorial_taskflow_api.py for tasks to queue
[2026-04-21T02:51:18.993+0000] {logging_mixin.py:188} INFO - [2026-04-21T02:51:18.993+0000] {dagbag.py:538} INFO - Filling up the DagBag from /home/airflow/.local/lib/python3.8/site-packages/airflow/example_dags/tutorial_taskflow_api.py
[2026-04-21T02:51:19.002+0000] {processor.py:840} INFO - DAG(s) 'tutorial_taskflow_api' retrieved from /home/airflow/.local/lib/python3.8/site-packages/airflow/example_dags/tutorial_taskflow_api.py
[2026-04-21T02:51:19.026+0000] {logging_mixin.py:188} INFO - [2026-04-21T02:51:19.026+0000] {dag.py:3036} INFO - Sync 1 DAGs
[2026-04-21T02:51:19.040+0000] {logging_mixin.py:188} INFO - [2026-04-21T02:51:19.040+0000] {dag.py:3823} INFO - Setting next_dagrun for tutorial_taskflow_api to None, run_after=None
[2026-04-21T02:51:19.060+0000] {processor.py:183} INFO - Processing /home/airflow/.local/lib/python3.8/site-packages/airflow/example_dags/tutorial_taskflow_api.py took 0.075 seconds
[2026-04-21T02:51:49.277+0000] {processor.py:161} INFO - Started process (PID=3720948) to work on /home/airflow/.local/lib/python3.8/site-packages/airflow/example_dags/tutorial_taskflow_api.py
[2026-04-21T02:51:49.279+0000] {processor.py:830} INFO - Processing file /home/airflow/.local/lib/python3.8/site-packages/airflow/example_dags/tutorial_taskflow_api.py for tasks to queue
[2026-04-21T02:51:49.281+0000] {logging_mixin.py:188} INFO - [2026-04-21T02:51:49.281+0000] {dagbag.py:538} INFO - Filling up the DagBag from /home/airflow/.local/lib/python3.8/site-packages/airflow/example_dags/tutorial_taskflow_api.py
[2026-04-21T02:51:49.289+0000] {processor.py:840} INFO - DAG(s) 'tutorial_taskflow_api' retrieved from /home/airflow/.local/lib/python3.8/site-packages/airflow/example_dags/tutorial_taskflow_api.py
[2026-04-21T02:51:49.314+0000] {logging_mixin.py:188} INFO - [2026-04-21T02:51:49.314+0000] {dag.py:3036} INFO - Sync 1 DAGs
[2026-04-21T02:51:49.329+0000] {logging_mixin.py:188} INFO - [2026-04-21T02:51:49.328+0000] {dag.py:3823} INFO - Setting next_dagrun for tutorial_taskflow_api to None, run_after=None
[2026-04-21T02:51:49.348+0000] {processor.py:183} INFO - Processing /home/airflow/.local/lib/python3.8/site-packages/airflow/example_dags/tutorial_taskflow_api.py took 0.075 seconds
[2026-04-21T02:52:19.440+0000] {processor.py:161} INFO - Started process (PID=3721005) to work on /home/airflow/.local/lib/python3.8/site-packages/airflow/example_dags/tutorial_taskflow_api.py
[2026-04-21T02:52:19.443+0000] {processor.py:830} INFO - Processing file /home/airflow/.local/lib/python3.8/site-packages/airflow/example_dags/tutorial_taskflow_api.py for tasks to queue
[2026-04-21T02:52:19.445+0000] {logging_mixin.py:188} INFO - [2026-04-21T02:52:19.444+0000] {dagbag.py:538} INFO - Filling up the DagBag from /home/airflow/.local/lib/python3.8/site-packages/airflow/example_dags/tutorial_taskflow_api.py
[2026-04-21T02:52:19.452+0000] {processor.py:840} INFO - DAG(s) 'tutorial_taskflow_api' retrieved from /home/airflow/.local/lib/python3.8/site-packages/airflow/example_dags/tutorial_taskflow_api.py
[2026-04-21T02:52:19.478+0000] {logging_mixin.py:188} INFO - [2026-04-21T02:52:19.478+0000] {dag.py:3036} INFO - Sync 1 DAGs
[2026-04-21T02:52:19.492+0000] {logging_mixin.py:188} INFO - [2026-04-21T02:52:19.492+0000] {dag.py:3823} INFO - Setting next_dagrun for tutorial_taskflow_api to None, run_after=None
[2026-04-21T02:52:19.512+0000] {processor.py:183} INFO - Processing /home/airflow/.local/lib/python3.8/site-packages/airflow/example_dags/tutorial_taskflow_api.py took 0.076 seconds
[2026-04-21T02:52:49.844+0000] {processor.py:161} INFO - Started process (PID=3721062) to work on /home/airflow/.local/lib/python3.8/site-packages/airflow/example_dags/tutorial_taskflow_api.py
[2026-04-21T02:52:49.847+0000] {processor.py:830} INFO - Processing file /home/airflow/.local/lib/python3.8/site-packages/airflow/example_dags/tutorial_taskflow_api.py for tasks to queue
[2026-04-21T02:52:49.849+0000] {logging_mixin.py:188} INFO - [2026-04-21T02:52:49.848+0000] {dagbag.py:538} INFO - Filling up the DagBag from /home/airflow/.local/lib/python3.8/site-packages/airflow/example_dags/tutorial_taskflow_api.py
[2026-04-21T02:52:49.857+0000] {processor.py:840} INFO - DAG(s) 'tutorial_taskflow_api' retrieved from /home/airflow/.local/lib/python3.8/site-packages/airflow/example_dags/tutorial_taskflow_api.py
[2026-04-21T02:52:49.883+0000] {logging_mixin.py:188} INFO - [2026-04-21T02:52:49.883+0000] {dag.py:3036} INFO - Sync 1 DAGs
[2026-04-21T02:52:49.898+0000] {logging_mixin.py:188} INFO - [2026-04-21T02:52:49.898+0000] {dag.py:3823} INFO - Setting next_dagrun for tutorial_taskflow_api to None, run_after=None
[2026-04-21T02:52:49.919+0000] {processor.py:183} INFO - Processing /home/airflow/.local/lib/python3.8/site-packages/airflow/example_dags/tutorial_taskflow_api.py took 0.079 seconds
[2026-04-21T02:53:20.018+0000] {processor.py:161} INFO - Started process (PID=3721119) to work on /home/airflow/.local/lib/python3.8/site-packages/airflow/example_dags/tutorial_taskflow_api.py
[2026-04-21T02:53:20.020+0000] {processor.py:830} INFO - Processing file /home/airflow/.local/lib/python3.8/site-packages/airflow/example_dags/tutorial_taskflow_api.py for tasks to queue
[2026-04-21T02:53:20.022+0000] {logging_mixin.py:188} INFO - [2026-04-21T02:53:20.022+0000] {dagbag.py:538} INFO - Filling up the DagBag from /home/airflow/.local/lib/python3.8/site-packages/airflow/example_dags/tutorial_taskflow_api.py
[2026-04-21T02:53:20.030+0000] {processor.py:840} INFO - DAG(s) 'tutorial_taskflow_api' retrieved from /home/airflow/.local/lib/python3.8/site-packages/airflow/example_dags/tutorial_taskflow_api.py
[2026-04-21T02:53:20.056+0000] {logging_mixin.py:188} INFO - [2026-04-21T02:53:20.056+0000] {dag.py:3036} INFO - Sync 1 DAGs
[2026-04-21T02:53:20.070+0000] {logging_mixin.py:188} INFO - [2026-04-21T02:53:20.070+0000] {dag.py:3823} INFO - Setting next_dagrun for tutorial_taskflow_api to None, run_after=None
[2026-04-21T02:53:20.089+0000] {processor.py:183} INFO - Processing /home/airflow/.local/lib/python3.8/site-packages/airflow/example_dags/tutorial_taskflow_api.py took 0.076 seconds
[2026-04-21T02:53:50.160+0000] {processor.py:161} INFO - Started process (PID=3721176) to work on /home/airflow/.local/lib/python3.8/site-packages/airflow/example_dags/tutorial_taskflow_api.py
[2026-04-21T02:53:50.162+0000] {processor.py:830} INFO - Processing file /home/airflow/.local/lib/python3.8/site-packages/airflow/example_dags/tutorial_taskflow_api.py for tasks to queue
[2026-04-21T02:53:50.165+0000] {logging_mixin.py:188} INFO - [2026-04-21T02:53:50.164+0000] {dagbag.py:538} INFO - Filling up the DagBag from /home/airflow/.local/lib/python3.8/site-packages/airflow/example_dags/tutorial_taskflow_api.py
[2026-04-21T02:53:50.173+0000] {processor.py:840} INFO - DAG(s) 'tutorial_taskflow_api' retrieved from /home/airflow/.local/lib/python3.8/site-packages/airflow/example_dags/tutorial_taskflow_api.py
[2026-04-21T02:53:50.198+0000] {logging_mixin.py:188} INFO - [2026-04-21T02:53:50.198+0000] {dag.py:3036} INFO - Sync 1 DAGs
[2026-04-21T02:53:50.213+0000] {logging_mixin.py:188} INFO - [2026-04-21T02:53:50.212+0000] {dag.py:3823} INFO - Setting next_dagrun for tutorial_taskflow_api to None, run_after=None
[2026-04-21T02:53:50.234+0000] {processor.py:183} INFO - Processing /home/airflow/.local/lib/python3.8/site-packages/airflow/example_dags/tutorial_taskflow_api.py took 0.078 seconds
[2026-04-21T02:54:20.362+0000] {processor.py:161} INFO - Started process (PID=3721234) to work on /home/airflow/.local/lib/python3.8/site-packages/airflow/example_dags/tutorial_taskflow_api.py
[2026-04-21T02:54:20.364+0000] {processor.py:830} INFO - Processing file /home/airflow/.local/lib/python3.8/site-packages/airflow/example_dags/tutorial_taskflow_api.py for tasks to queue
[2026-04-21T02:54:20.366+0000] {logging_mixin.py:188} INFO - [2026-04-21T02:54:20.366+0000] {dagbag.py:538} INFO - Filling up the DagBag from /home/airflow/.local/lib/python3.8/site-packages/airflow/example_dags/tutorial_taskflow_api.py
[2026-04-21T02:54:20.374+0000] {processor.py:840} INFO - DAG(s) 'tutorial_taskflow_api' retrieved from /home/airflow/.local/lib/python3.8/site-packages/airflow/example_dags/tutorial_taskflow_api.py
[2026-04-21T02:54:20.397+0000] {logging_mixin.py:188} INFO - [2026-04-21T02:54:20.396+0000] {dag.py:3036} INFO - Sync 1 DAGs
[2026-04-21T02:54:20.411+0000] {logging_mixin.py:188} INFO - [2026-04-21T02:54:20.410+0000] {dag.py:3823} INFO - Setting next_dagrun for tutorial_taskflow_api to None, run_after=None
[2026-04-21T02:54:20.430+0000] {processor.py:183} INFO - Processing /home/airflow/.local/lib/python3.8/site-packages/airflow/example_dags/tutorial_taskflow_api.py took 0.074 seconds
[2026-04-21T02:54:50.563+0000] {processor.py:161} INFO - Started process (PID=3721291) to work on /home/airflow/.local/lib/python3.8/site-packages/airflow/example_dags/tutorial_taskflow_api.py
[2026-04-21T02:54:50.565+0000] {processor.py:830} INFO - Processing file /home/airflow/.local/lib/python3.8/site-packages/airflow/example_dags/tutorial_taskflow_api.py for tasks to queue
[2026-04-21T02:54:50.567+0000] {logging_mixin.py:188} INFO - [2026-04-21T02:54:50.567+0000] {dagbag.py:538} INFO - Filling up the DagBag from /home/airflow/.local/lib/python3.8/site-packages/airflow/example_dags/tutorial_taskflow_api.py
[2026-04-21T02:54:50.575+0000] {processor.py:840} INFO - DAG(s) 'tutorial_taskflow_api' retrieved from /home/airflow/.local/lib/python3.8/site-packages/airflow/example_dags/tutorial_taskflow_api.py
[2026-04-21T02:54:50.600+0000] {logging_mixin.py:188} INFO - [2026-04-21T02:54:50.599+0000] {dag.py:3036} INFO - Sync 1 DAGs
[2026-04-21T02:54:50.613+0000] {logging_mixin.py:188} INFO - [2026-04-21T02:54:50.613+0000] {dag.py:3823} INFO - Setting next_dagrun for tutorial_taskflow_api to None, run_after=None
[2026-04-21T02:54:50.633+0000] {processor.py:183} INFO - Processing /home/airflow/.local/lib/python3.8/site-packages/airflow/example_dags/tutorial_taskflow_api.py took 0.073 seconds
[2026-04-21T02:55:20.713+0000] {processor.py:161} INFO - Started process (PID=3721348) to work on /home/airflow/.local/lib/python3.8/site-packages/airflow/example_dags/tutorial_taskflow_api.py
[2026-04-21T02:55:20.715+0000] {processor.py:830} INFO - Processing file /home/airflow/.local/lib/python3.8/site-packages/airflow/example_dags/tutorial_taskflow_api.py for tasks to queue
[2026-04-21T02:55:20.717+0000] {logging_mixin.py:188} INFO - [2026-04-21T02:55:20.717+0000] {dagbag.py:538} INFO - Filling up the DagBag from /home/airflow/.local/lib/python3.8/site-packages/airflow/example_dags/tutorial_taskflow_api.py
[2026-04-21T02:55:20.725+0000] {processor.py:840} INFO - DAG(s) 'tutorial_taskflow_api' retrieved from /home/airflow/.local/lib/python3.8/site-packages/airflow/example_dags/tutorial_taskflow_api.py
[2026-04-21T02:55:20.749+0000] {logging_mixin.py:188} INFO - [2026-04-21T02:55:20.749+0000] {dag.py:3036} INFO - Sync 1 DAGs
[2026-04-21T02:55:20.763+0000] {logging_mixin.py:188} INFO - [2026-04-21T02:55:20.763+0000] {dag.py:3823} INFO - Setting next_dagrun for tutorial_taskflow_api to None, run_after=None
[2026-04-21T02:55:20.783+0000] {processor.py:183} INFO - Processing /home/airflow/.local/lib/python3.8/site-packages/airflow/example_dags/tutorial_taskflow_api.py took 0.073 seconds
[2026-04-21T02:55:50.943+0000] {processor.py:161} INFO - Started process (PID=3721405) to work on /home/airflow/.local/lib/python3.8/site-packages/airflow/example_dags/tutorial_taskflow_api.py
[2026-04-21T02:55:50.944+0000] {processor.py:830} INFO - Processing file /home/airflow/.local/lib/python3.8/site-packages/airflow/example_dags/tutorial_taskflow_api.py for tasks to queue
[2026-04-21T02:55:50.947+0000] {logging_mixin.py:188} INFO - [2026-04-21T02:55:50.946+0000] {dagbag.py:538} INFO - Filling up the DagBag from /home/airflow/.local/lib/python3.8/site-packages/airflow/example_dags/tutorial_taskflow_api.py
[2026-04-21T02:55:50.954+0000] {processor.py:840} INFO - DAG(s) 'tutorial_taskflow_api' retrieved from /home/airflow/.local/lib/python3.8/site-packages/airflow/example_dags/tutorial_taskflow_api.py
[2026-04-21T02:55:50.979+0000] {logging_mixin.py:188} INFO - [2026-04-21T02:55:50.979+0000] {dag.py:3036} INFO - Sync 1 DAGs
[2026-04-21T02:55:50.993+0000] {logging_mixin.py:188} INFO - [2026-04-21T02:55:50.993+0000] {dag.py:3823} INFO - Setting next_dagrun for tutorial_taskflow_api to None, run_after=None
[2026-04-21T02:55:51.013+0000] {processor.py:183} INFO - Processing /home/airflow/.local/lib/python3.8/site-packages/airflow/example_dags/tutorial_taskflow_api.py took 0.074 seconds
[2026-04-21T02:56:21.324+0000] {processor.py:161} INFO - Started process (PID=3721462) to work on /home/airflow/.local/lib/python3.8/site-packages/airflow/example_dags/tutorial_taskflow_api.py
[2026-04-21T02:56:21.325+0000] {processor.py:830} INFO - Processing file /home/airflow/.local/lib/python3.8/site-packages/airflow/example_dags/tutorial_taskflow_api.py for tasks to queue
[2026-04-21T02:56:21.328+0000] {logging_mixin.py:188} INFO - [2026-04-21T02:56:21.327+0000] {dagbag.py:538} INFO - Filling up the DagBag from /home/airflow/.local/lib/python3.8/site-packages/airflow/example_dags/tutorial_taskflow_api.py
[2026-04-21T02:56:21.335+0000] {processor.py:840} INFO - DAG(s) 'tutorial_taskflow_api' retrieved from /home/airflow/.local/lib/python3.8/site-packages/airflow/example_dags/tutorial_taskflow_api.py
[2026-04-21T02:56:21.360+0000] {logging_mixin.py:188} INFO - [2026-04-21T02:56:21.359+0000] {dag.py:3036} INFO - Sync 1 DAGs
[2026-04-21T02:56:21.373+0000] {logging_mixin.py:188} INFO - [2026-04-21T02:56:21.373+0000] {dag.py:3823} INFO - Setting next_dagrun for tutorial_taskflow_api to None, run_after=None
[2026-04-21T02:56:21.392+0000] {processor.py:183} INFO - Processing /home/airflow/.local/lib/python3.8/site-packages/airflow/example_dags/tutorial_taskflow_api.py took 0.073 seconds
[2026-04-21T02:56:51.985+0000] {processor.py:161} INFO - Started process (PID=3721519) to work on /home/airflow/.local/lib/python3.8/site-packages/airflow/example_dags/tutorial_taskflow_api.py
[2026-04-21T02:56:51.987+0000] {processor.py:830} INFO - Processing file /home/airflow/.local/lib/python3.8/site-packages/airflow/example_dags/tutorial_taskflow_api.py for tasks to queue
[2026-04-21T02:56:51.989+0000] {logging_mixin.py:188} INFO - [2026-04-21T02:56:51.989+0000] {dagbag.py:538} INFO - Filling up the DagBag from /home/airflow/.local/lib/python3.8/site-packages/airflow/example_dags/tutorial_taskflow_api.py
[2026-04-21T02:56:51.997+0000] {processor.py:840} INFO - DAG(s) 'tutorial_taskflow_api' retrieved from /home/airflow/.local/lib/python3.8/site-packages/airflow/example_dags/tutorial_taskflow_api.py
[2026-04-21T02:56:52.022+0000] {logging_mixin.py:188} INFO - [2026-04-21T02:56:52.022+0000] {dag.py:3036} INFO - Sync 1 DAGs
[2026-04-21T02:56:52.037+0000] {logging_mixin.py:188} INFO - [2026-04-21T02:56:52.036+0000] {dag.py:3823} INFO - Setting next_dagrun for tutorial_taskflow_api to None, run_after=None
[2026-04-21T02:56:52.056+0000] {processor.py:183} INFO - Processing /home/airflow/.local/lib/python3.8/site-packages/airflow/example_dags/tutorial_taskflow_api.py took 0.075 seconds
[2026-04-21T02:57:22.424+0000] {processor.py:161} INFO - Started process (PID=3721576) to work on /home/airflow/.local/lib/python3.8/site-packages/airflow/example_dags/tutorial_taskflow_api.py
[2026-04-21T02:57:22.425+0000] {processor.py:830} INFO - Processing file /home/airflow/.local/lib/python3.8/site-packages/airflow/example_dags/tutorial_taskflow_api.py for tasks to queue
[2026-04-21T02:57:22.428+0000] {logging_mixin.py:188} INFO - [2026-04-21T02:57:22.427+0000] {dagbag.py:538} INFO - Filling up the DagBag from /home/airflow/.local/lib/python3.8/site-packages/airflow/example_dags/tutorial_taskflow_api.py
[2026-04-21T02:57:22.436+0000] {processor.py:840} INFO - DAG(s) 'tutorial_taskflow_api' retrieved from /home/airflow/.local/lib/python3.8/site-packages/airflow/example_dags/tutorial_taskflow_api.py
[2026-04-21T02:57:22.461+0000] {logging_mixin.py:188} INFO - [2026-04-21T02:57:22.460+0000] {dag.py:3036} INFO - Sync 1 DAGs
[2026-04-21T02:57:22.475+0000] {logging_mixin.py:188} INFO - [2026-04-21T02:57:22.475+0000] {dag.py:3823} INFO - Setting next_dagrun for tutorial_taskflow_api to None, run_after=None
[2026-04-21T02:57:22.494+0000] {processor.py:183} INFO - Processing /home/airflow/.local/lib/python3.8/site-packages/airflow/example_dags/tutorial_taskflow_api.py took 0.075 seconds
[2026-04-21T02:57:52.651+0000] {processor.py:161} INFO - Started process (PID=3721634) to work on /home/airflow/.local/lib/python3.8/site-packages/airflow/example_dags/tutorial_taskflow_api.py
[2026-04-21T02:57:52.653+0000] {processor.py:830} INFO - Processing file /home/airflow/.local/lib/python3.8/site-packages/airflow/example_dags/tutorial_taskflow_api.py for tasks to queue
[2026-04-21T02:57:52.655+0000] {logging_mixin.py:188} INFO - [2026-04-21T02:57:52.655+0000] {dagbag.py:538} INFO - Filling up the DagBag from /home/airflow/.local/lib/python3.8/site-packages/airflow/example_dags/tutorial_taskflow_api.py
[2026-04-21T02:57:52.663+0000] {processor.py:840} INFO - DAG(s) 'tutorial_taskflow_api' retrieved from /home/airflow/.local/lib/python3.8/site-packages/airflow/example_dags/tutorial_taskflow_api.py
[2026-04-21T02:57:52.688+0000] {logging_mixin.py:188} INFO - [2026-04-21T02:57:52.688+0000] {dag.py:3036} INFO - Sync 1 DAGs
[2026-04-21T02:57:52.703+0000] {logging_mixin.py:188} INFO - [2026-04-21T02:57:52.703+0000] {dag.py:3823} INFO - Setting next_dagrun for tutorial_taskflow_api to None, run_after=None
[2026-04-21T02:57:52.722+0000] {processor.py:183} INFO - Processing /home/airflow/.local/lib/python3.8/site-packages/airflow/example_dags/tutorial_taskflow_api.py took 0.076 seconds
[2026-04-21T02:58:22.836+0000] {processor.py:161} INFO - Started process (PID=3721691) to work on /home/airflow/.local/lib/python3.8/site-packages/airflow/example_dags/tutorial_taskflow_api.py
[2026-04-21T02:58:22.837+0000] {processor.py:830} INFO - Processing file /home/airflow/.local/lib/python3.8/site-packages/airflow/example_dags/tutorial_taskflow_api.py for tasks to queue
[2026-04-21T02:58:22.840+0000] {logging_mixin.py:188} INFO - [2026-04-21T02:58:22.839+0000] {dagbag.py:538} INFO - Filling up the DagBag from /home/airflow/.local/lib/python3.8/site-packages/airflow/example_dags/tutorial_taskflow_api.py
[2026-04-21T02:58:22.848+0000] {processor.py:840} INFO - DAG(s) 'tutorial_taskflow_api' retrieved from /home/airflow/.local/lib/python3.8/site-packages/airflow/example_dags/tutorial_taskflow_api.py
[2026-04-21T02:58:22.873+0000] {logging_mixin.py:188} INFO - [2026-04-21T02:58:22.873+0000] {dag.py:3036} INFO - Sync 1 DAGs
[2026-04-21T02:58:22.887+0000] {logging_mixin.py:188} INFO - [2026-04-21T02:58:22.887+0000] {dag.py:3823} INFO - Setting next_dagrun for tutorial_taskflow_api to None, run_after=None
[2026-04-21T02:58:22.907+0000] {processor.py:183} INFO - Processing /home/airflow/.local/lib/python3.8/site-packages/airflow/example_dags/tutorial_taskflow_api.py took 0.076 seconds
[2026-04-21T02:58:52.970+0000] {processor.py:161} INFO - Started process (PID=3721748) to work on /home/airflow/.local/lib/python3.8/site-packages/airflow/example_dags/tutorial_taskflow_api.py
[2026-04-21T02:58:52.972+0000] {processor.py:830} INFO - Processing file /home/airflow/.local/lib/python3.8/site-packages/airflow/example_dags/tutorial_taskflow_api.py for tasks to queue
[2026-04-21T02:58:52.974+0000] {logging_mixin.py:188} INFO - [2026-04-21T02:58:52.974+0000] {dagbag.py:538} INFO - Filling up the DagBag from /home/airflow/.local/lib/python3.8/site-packages/airflow/example_dags/tutorial_taskflow_api.py
[2026-04-21T02:58:52.983+0000] {processor.py:840} INFO - DAG(s) 'tutorial_taskflow_api' retrieved from /home/airflow/.local/lib/python3.8/site-packages/airflow/example_dags/tutorial_taskflow_api.py
[2026-04-21T02:58:53.007+0000] {logging_mixin.py:188} INFO - [2026-04-21T02:58:53.006+0000] {dag.py:3036} INFO - Sync 1 DAGs
[2026-04-21T02:58:53.021+0000] {logging_mixin.py:188} INFO - [2026-04-21T02:58:53.021+0000] {dag.py:3823} INFO - Setting next_dagrun for tutorial_taskflow_api to None, run_after=None
[2026-04-21T02:58:53.042+0000] {processor.py:183} INFO - Processing /home/airflow/.local/lib/python3.8/site-packages/airflow/example_dags/tutorial_taskflow_api.py took 0.077 seconds
[2026-04-21T02:59:23.124+0000] {processor.py:161} INFO - Started process (PID=3721805) to work on /home/airflow/.local/lib/python3.8/site-packages/airflow/example_dags/tutorial_taskflow_api.py
[2026-04-21T02:59:23.125+0000] {processor.py:830} INFO - Processing file /home/airflow/.local/lib/python3.8/site-packages/airflow/example_dags/tutorial_taskflow_api.py for tasks to queue
[2026-04-21T02:59:23.128+0000] {logging_mixin.py:188} INFO - [2026-04-21T02:59:23.127+0000] {dagbag.py:538} INFO - Filling up the DagBag from /home/airflow/.local/lib/python3.8/site-packages/airflow/example_dags/tutorial_taskflow_api.py
[2026-04-21T02:59:23.136+0000] {processor.py:840} INFO - DAG(s) 'tutorial_taskflow_api' retrieved from /home/airflow/.local/lib/python3.8/site-packages/airflow/example_dags/tutorial_taskflow_api.py
[2026-04-21T02:59:23.161+0000] {logging_mixin.py:188} INFO - [2026-04-21T02:59:23.161+0000] {dag.py:3036} INFO - Sync 1 DAGs
[2026-04-21T02:59:23.174+0000] {logging_mixin.py:188} INFO - [2026-04-21T02:59:23.174+0000] {dag.py:3823} INFO - Setting next_dagrun for tutorial_taskflow_api to None, run_after=None
[2026-04-21T02:59:23.193+0000] {processor.py:183} INFO - Processing /home/airflow/.local/lib/python3.8/site-packages/airflow/example_dags/tutorial_taskflow_api.py took 0.074 seconds
[2026-04-21T02:59:53.334+0000] {processor.py:161} INFO - Started process (PID=3721862) to work on /home/airflow/.local/lib/python3.8/site-packages/airflow/example_dags/tutorial_taskflow_api.py
[2026-04-21T02:59:53.336+0000] {processor.py:830} INFO - Processing file /home/airflow/.local/lib/python3.8/site-packages/airflow/example_dags/tutorial_taskflow_api.py for tasks to queue
[2026-04-21T02:59:53.339+0000] {logging_mixin.py:188} INFO - [2026-04-21T02:59:53.338+0000] {dagbag.py:538} INFO - Filling up the DagBag from /home/airflow/.local/lib/python3.8/site-packages/airflow/example_dags/tutorial_taskflow_api.py
[2026-04-21T02:59:53.347+0000] {processor.py:840} INFO - DAG(s) 'tutorial_taskflow_api' retrieved from /home/airflow/.local/lib/python3.8/site-packages/airflow/example_dags/tutorial_taskflow_api.py
[2026-04-21T02:59:53.371+0000] {logging_mixin.py:188} INFO - [2026-04-21T02:59:53.371+0000] {dag.py:3036} INFO - Sync 1 DAGs
[2026-04-21T02:59:53.385+0000] {logging_mixin.py:188} INFO - [2026-04-21T02:59:53.385+0000] {dag.py:3823} INFO - Setting next_dagrun for tutorial_taskflow_api to None, run_after=None
[2026-04-21T02:59:53.404+0000] {processor.py:183} INFO - Processing /home/airflow/.local/lib/python3.8/site-packages/airflow/example_dags/tutorial_taskflow_api.py took 0.075 seconds
[2026-04-21T03:00:24.376+0000] {processor.py:161} INFO - Started process (PID=3721917) to work on /home/airflow/.local/lib/python3.8/site-packages/airflow/example_dags/tutorial_taskflow_api.py
[2026-04-21T03:00:24.378+0000] {processor.py:830} INFO - Processing file /home/airflow/.local/lib/python3.8/site-packages/airflow/example_dags/tutorial_taskflow_api.py for tasks to queue
[2026-04-21T03:00:24.380+0000] {logging_mixin.py:188} INFO - [2026-04-21T03:00:24.380+0000] {dagbag.py:538} INFO - Filling up the DagBag from /home/airflow/.local/lib/python3.8/site-packages/airflow/example_dags/tutorial_taskflow_api.py
[2026-04-21T03:00:24.389+0000] {processor.py:840} INFO - DAG(s) 'tutorial_taskflow_api' retrieved from /home/airflow/.local/lib/python3.8/site-packages/airflow/example_dags/tutorial_taskflow_api.py
[2026-04-21T03:00:24.415+0000] {logging_mixin.py:188} INFO - [2026-04-21T03:00:24.415+0000] {dag.py:3036} INFO - Sync 1 DAGs
[2026-04-21T03:00:24.431+0000] {logging_mixin.py:188} INFO - [2026-04-21T03:00:24.431+0000] {dag.py:3823} INFO - Setting next_dagrun for tutorial_taskflow_api to None, run_after=None
[2026-04-21T03:00:24.453+0000] {processor.py:183} INFO - Processing /home/airflow/.local/lib/python3.8/site-packages/airflow/example_dags/tutorial_taskflow_api.py took 0.082 seconds
[2026-04-21T03:00:55.488+0000] {processor.py:161} INFO - Started process (PID=3721974) to work on /home/airflow/.local/lib/python3.8/site-packages/airflow/example_dags/tutorial_taskflow_api.py
[2026-04-21T03:00:55.490+0000] {processor.py:830} INFO - Processing file /home/airflow/.local/lib/python3.8/site-packages/airflow/example_dags/tutorial_taskflow_api.py for tasks to queue
[2026-04-21T03:00:55.492+0000] {logging_mixin.py:188} INFO - [2026-04-21T03:00:55.492+0000] {dagbag.py:538} INFO - Filling up the DagBag from /home/airflow/.local/lib/python3.8/site-packages/airflow/example_dags/tutorial_taskflow_api.py
[2026-04-21T03:00:55.501+0000] {processor.py:840} INFO - DAG(s) 'tutorial_taskflow_api' retrieved from /home/airflow/.local/lib/python3.8/site-packages/airflow/example_dags/tutorial_taskflow_api.py
[2026-04-21T03:00:55.526+0000] {logging_mixin.py:188} INFO - [2026-04-21T03:00:55.526+0000] {dag.py:3036} INFO - Sync 1 DAGs
[2026-04-21T03:00:55.540+0000] {logging_mixin.py:188} INFO - [2026-04-21T03:00:55.540+0000] {dag.py:3823} INFO - Setting next_dagrun for tutorial_taskflow_api to None, run_after=None
[2026-04-21T03:00:55.561+0000] {processor.py:183} INFO - Processing /home/airflow/.local/lib/python3.8/site-packages/airflow/example_dags/tutorial_taskflow_api.py took 0.078 seconds
[2026-04-21T03:01:25.645+0000] {processor.py:161} INFO - Started process (PID=3722029) to work on /home/airflow/.local/lib/python3.8/site-packages/airflow/example_dags/tutorial_taskflow_api.py
[2026-04-21T03:01:25.647+0000] {processor.py:830} INFO - Processing file /home/airflow/.local/lib/python3.8/site-packages/airflow/example_dags/tutorial_taskflow_api.py for tasks to queue
[2026-04-21T03:01:25.649+0000] {logging_mixin.py:188} INFO - [2026-04-21T03:01:25.649+0000] {dagbag.py:538} INFO - Filling up the DagBag from /home/airflow/.local/lib/python3.8/site-packages/airflow/example_dags/tutorial_taskflow_api.py
[2026-04-21T03:01:25.657+0000] {processor.py:840} INFO - DAG(s) 'tutorial_taskflow_api' retrieved from /home/airflow/.local/lib/python3.8/site-packages/airflow/example_dags/tutorial_taskflow_api.py
[2026-04-21T03:01:25.682+0000] {logging_mixin.py:188} INFO - [2026-04-21T03:01:25.682+0000] {dag.py:3036} INFO - Sync 1 DAGs
[2026-04-21T03:01:25.697+0000] {logging_mixin.py:188} INFO - [2026-04-21T03:01:25.696+0000] {dag.py:3823} INFO - Setting next_dagrun for tutorial_taskflow_api to None, run_after=None
[2026-04-21T03:01:25.724+0000] {processor.py:183} INFO - Processing /home/airflow/.local/lib/python3.8/site-packages/airflow/example_dags/tutorial_taskflow_api.py took 0.084 seconds
[2026-04-21T03:01:56.034+0000] {processor.py:161} INFO - Started process (PID=3722086) to work on /home/airflow/.local/lib/python3.8/site-packages/airflow/example_dags/tutorial_taskflow_api.py
[2026-04-21T03:01:56.035+0000] {processor.py:830} INFO - Processing file /home/airflow/.local/lib/python3.8/site-packages/airflow/example_dags/tutorial_taskflow_api.py for tasks to queue
[2026-04-21T03:01:56.038+0000] {logging_mixin.py:188} INFO - [2026-04-21T03:01:56.037+0000] {dagbag.py:538} INFO - Filling up the DagBag from /home/airflow/.local/lib/python3.8/site-packages/airflow/example_dags/tutorial_taskflow_api.py
[2026-04-21T03:01:56.045+0000] {processor.py:840} INFO - DAG(s) 'tutorial_taskflow_api' retrieved from /home/airflow/.local/lib/python3.8/site-packages/airflow/example_dags/tutorial_taskflow_api.py
[2026-04-21T03:01:56.070+0000] {logging_mixin.py:188} INFO - [2026-04-21T03:01:56.070+0000] {dag.py:3036} INFO - Sync 1 DAGs
[2026-04-21T03:01:56.084+0000] {logging_mixin.py:188} INFO - [2026-04-21T03:01:56.084+0000] {dag.py:3823} INFO - Setting next_dagrun for tutorial_taskflow_api to None, run_after=None
[2026-04-21T03:01:56.103+0000] {processor.py:183} INFO - Processing /home/airflow/.local/lib/python3.8/site-packages/airflow/example_dags/tutorial_taskflow_api.py took 0.074 seconds
[2026-04-21T03:02:26.342+0000] {processor.py:161} INFO - Started process (PID=3722144) to work on /home/airflow/.local/lib/python3.8/site-packages/airflow/example_dags/tutorial_taskflow_api.py
[2026-04-21T03:02:26.345+0000] {processor.py:830} INFO - Processing file /home/airflow/.local/lib/python3.8/site-packages/airflow/example_dags/tutorial_taskflow_api.py for tasks to queue
[2026-04-21T03:02:26.347+0000] {logging_mixin.py:188} INFO - [2026-04-21T03:02:26.347+0000] {dagbag.py:538} INFO - Filling up the DagBag from /home/airflow/.local/lib/python3.8/site-packages/airflow/example_dags/tutorial_taskflow_api.py
[2026-04-21T03:02:26.356+0000] {processor.py:840} INFO - DAG(s) 'tutorial_taskflow_api' retrieved from /home/airflow/.local/lib/python3.8/site-packages/airflow/example_dags/tutorial_taskflow_api.py
[2026-04-21T03:02:26.385+0000] {logging_mixin.py:188} INFO - [2026-04-21T03:02:26.384+0000] {dag.py:3036} INFO - Sync 1 DAGs
[2026-04-21T03:02:26.399+0000] {logging_mixin.py:188} INFO - [2026-04-21T03:02:26.399+0000] {dag.py:3823} INFO - Setting next_dagrun for tutorial_taskflow_api to None, run_after=None
[2026-04-21T03:02:26.425+0000] {processor.py:183} INFO - Processing /home/airflow/.local/lib/python3.8/site-packages/airflow/example_dags/tutorial_taskflow_api.py took 0.087 seconds
[2026-04-21T03:02:56.587+0000] {processor.py:161} INFO - Started process (PID=3722201) to work on /home/airflow/.local/lib/python3.8/site-packages/airflow/example_dags/tutorial_taskflow_api.py
[2026-04-21T03:02:56.589+0000] {processor.py:830} INFO - Processing file /home/airflow/.local/lib/python3.8/site-packages/airflow/example_dags/tutorial_taskflow_api.py for tasks to queue
[2026-04-21T03:02:56.591+0000] {logging_mixin.py:188} INFO - [2026-04-21T03:02:56.590+0000] {dagbag.py:538} INFO - Filling up the DagBag from /home/airflow/.local/lib/python3.8/site-packages/airflow/example_dags/tutorial_taskflow_api.py
[2026-04-21T03:02:56.599+0000] {processor.py:840} INFO - DAG(s) 'tutorial_taskflow_api' retrieved from /home/airflow/.local/lib/python3.8/site-packages/airflow/example_dags/tutorial_taskflow_api.py
[2026-04-21T03:02:56.623+0000] {logging_mixin.py:188} INFO - [2026-04-21T03:02:56.623+0000] {dag.py:3036} INFO - Sync 1 DAGs
[2026-04-21T03:02:56.637+0000] {logging_mixin.py:188} INFO - [2026-04-21T03:02:56.637+0000] {dag.py:3823} INFO - Setting next_dagrun for tutorial_taskflow_api to None, run_after=None
[2026-04-21T03:02:56.657+0000] {processor.py:183} INFO - Processing /home/airflow/.local/lib/python3.8/site-packages/airflow/example_dags/tutorial_taskflow_api.py took 0.075 seconds
[2026-04-21T03:03:26.896+0000] {processor.py:161} INFO - Started process (PID=3722258) to work on /home/airflow/.local/lib/python3.8/site-packages/airflow/example_dags/tutorial_taskflow_api.py
[2026-04-21T03:03:26.898+0000] {processor.py:830} INFO - Processing file /home/airflow/.local/lib/python3.8/site-packages/airflow/example_dags/tutorial_taskflow_api.py for tasks to queue
[2026-04-21T03:03:26.901+0000] {logging_mixin.py:188} INFO - [2026-04-21T03:03:26.900+0000] {dagbag.py:538} INFO - Filling up the DagBag from /home/airflow/.local/lib/python3.8/site-packages/airflow/example_dags/tutorial_taskflow_api.py
[2026-04-21T03:03:26.910+0000] {processor.py:840} INFO - DAG(s) 'tutorial_taskflow_api' retrieved from /home/airflow/.local/lib/python3.8/site-packages/airflow/example_dags/tutorial_taskflow_api.py
[2026-04-21T03:03:26.934+0000] {logging_mixin.py:188} INFO - [2026-04-21T03:03:26.934+0000] {dag.py:3036} INFO - Sync 1 DAGs
[2026-04-21T03:03:26.951+0000] {logging_mixin.py:188} INFO - [2026-04-21T03:03:26.950+0000] {dag.py:3823} INFO - Setting next_dagrun for tutorial_taskflow_api to None, run_after=None
[2026-04-21T03:03:26.972+0000] {processor.py:183} INFO - Processing /home/airflow/.local/lib/python3.8/site-packages/airflow/example_dags/tutorial_taskflow_api.py took 0.080 seconds
[2026-04-21T03:03:57.319+0000] {processor.py:161} INFO - Started process (PID=3722315) to work on /home/airflow/.local/lib/python3.8/site-packages/airflow/example_dags/tutorial_taskflow_api.py
[2026-04-21T03:03:57.320+0000] {processor.py:830} INFO - Processing file /home/airflow/.local/lib/python3.8/site-packages/airflow/example_dags/tutorial_taskflow_api.py for tasks to queue
[2026-04-21T03:03:57.323+0000] {logging_mixin.py:188} INFO - [2026-04-21T03:03:57.322+0000] {dagbag.py:538} INFO - Filling up the DagBag from /home/airflow/.local/lib/python3.8/site-packages/airflow/example_dags/tutorial_taskflow_api.py
[2026-04-21T03:03:57.331+0000] {processor.py:840} INFO - DAG(s) 'tutorial_taskflow_api' retrieved from /home/airflow/.local/lib/python3.8/site-packages/airflow/example_dags/tutorial_taskflow_api.py
[2026-04-21T03:03:57.356+0000] {logging_mixin.py:188} INFO - [2026-04-21T03:03:57.356+0000] {dag.py:3036} INFO - Sync 1 DAGs
[2026-04-21T03:03:57.370+0000] {logging_mixin.py:188} INFO - [2026-04-21T03:03:57.370+0000] {dag.py:3823} INFO - Setting next_dagrun for tutorial_taskflow_api to None, run_after=None
[2026-04-21T03:03:57.389+0000] {processor.py:183} INFO - Processing /home/airflow/.local/lib/python3.8/site-packages/airflow/example_dags/tutorial_taskflow_api.py took 0.075 seconds
[2026-04-21T03:04:27.509+0000] {processor.py:161} INFO - Started process (PID=3722372) to work on /home/airflow/.local/lib/python3.8/site-packages/airflow/example_dags/tutorial_taskflow_api.py
[2026-04-21T03:04:27.511+0000] {processor.py:830} INFO - Processing file /home/airflow/.local/lib/python3.8/site-packages/airflow/example_dags/tutorial_taskflow_api.py for tasks to queue
[2026-04-21T03:04:27.513+0000] {logging_mixin.py:188} INFO - [2026-04-21T03:04:27.512+0000] {dagbag.py:538} INFO - Filling up the DagBag from /home/airflow/.local/lib/python3.8/site-packages/airflow/example_dags/tutorial_taskflow_api.py
[2026-04-21T03:04:27.521+0000] {processor.py:840} INFO - DAG(s) 'tutorial_taskflow_api' retrieved from /home/airflow/.local/lib/python3.8/site-packages/airflow/example_dags/tutorial_taskflow_api.py
[2026-04-21T03:04:27.546+0000] {logging_mixin.py:188} INFO - [2026-04-21T03:04:27.546+0000] {dag.py:3036} INFO - Sync 1 DAGs
[2026-04-21T03:04:27.559+0000] {logging_mixin.py:188} INFO - [2026-04-21T03:04:27.559+0000] {dag.py:3823} INFO - Setting next_dagrun for tutorial_taskflow_api to None, run_after=None
[2026-04-21T03:04:27.578+0000] {processor.py:183} INFO - Processing /home/airflow/.local/lib/python3.8/site-packages/airflow/example_dags/tutorial_taskflow_api.py took 0.073 seconds
[2026-04-21T03:04:57.809+0000] {processor.py:161} INFO - Started process (PID=3722429) to work on /home/airflow/.local/lib/python3.8/site-packages/airflow/example_dags/tutorial_taskflow_api.py
[2026-04-21T03:04:57.811+0000] {processor.py:830} INFO - Processing file /home/airflow/.local/lib/python3.8/site-packages/airflow/example_dags/tutorial_taskflow_api.py for tasks to queue
[2026-04-21T03:04:57.813+0000] {logging_mixin.py:188} INFO - [2026-04-21T03:04:57.812+0000] {dagbag.py:538} INFO - Filling up the DagBag from /home/airflow/.local/lib/python3.8/site-packages/airflow/example_dags/tutorial_taskflow_api.py
[2026-04-21T03:04:57.821+0000] {processor.py:840} INFO - DAG(s) 'tutorial_taskflow_api' retrieved from /home/airflow/.local/lib/python3.8/site-packages/airflow/example_dags/tutorial_taskflow_api.py
[2026-04-21T03:04:57.846+0000] {logging_mixin.py:188} INFO - [2026-04-21T03:04:57.845+0000] {dag.py:3036} INFO - Sync 1 DAGs
[2026-04-21T03:04:57.860+0000] {logging_mixin.py:188} INFO - [2026-04-21T03:04:57.859+0000] {dag.py:3823} INFO - Setting next_dagrun for tutorial_taskflow_api to None, run_after=None
[2026-04-21T03:04:57.880+0000] {processor.py:183} INFO - Processing /home/airflow/.local/lib/python3.8/site-packages/airflow/example_dags/tutorial_taskflow_api.py took 0.075 seconds
[2026-04-21T03:05:28.150+0000] {processor.py:161} INFO - Started process (PID=3722486) to work on /home/airflow/.local/lib/python3.8/site-packages/airflow/example_dags/tutorial_taskflow_api.py
[2026-04-21T03:05:28.151+0000] {processor.py:830} INFO - Processing file /home/airflow/.local/lib/python3.8/site-packages/airflow/example_dags/tutorial_taskflow_api.py for tasks to queue
[2026-04-21T03:05:28.154+0000] {logging_mixin.py:188} INFO - [2026-04-21T03:05:28.153+0000] {dagbag.py:538} INFO - Filling up the DagBag from /home/airflow/.local/lib/python3.8/site-packages/airflow/example_dags/tutorial_taskflow_api.py
[2026-04-21T03:05:28.162+0000] {processor.py:840} INFO - DAG(s) 'tutorial_taskflow_api' retrieved from /home/airflow/.local/lib/python3.8/site-packages/airflow/example_dags/tutorial_taskflow_api.py
[2026-04-21T03:05:28.187+0000] {logging_mixin.py:188} INFO - [2026-04-21T03:05:28.187+0000] {dag.py:3036} INFO - Sync 1 DAGs
[2026-04-21T03:05:28.202+0000] {logging_mixin.py:188} INFO - [2026-04-21T03:05:28.201+0000] {dag.py:3823} INFO - Setting next_dagrun for tutorial_taskflow_api to None, run_after=None
[2026-04-21T03:05:28.221+0000] {processor.py:183} INFO - Processing /home/airflow/.local/lib/python3.8/site-packages/airflow/example_dags/tutorial_taskflow_api.py took 0.076 seconds
[2026-04-21T03:05:58.435+0000] {processor.py:161} INFO - Started process (PID=3722543) to work on /home/airflow/.local/lib/python3.8/site-packages/airflow/example_dags/tutorial_taskflow_api.py
[2026-04-21T03:05:58.437+0000] {processor.py:830} INFO - Processing file /home/airflow/.local/lib/python3.8/site-packages/airflow/example_dags/tutorial_taskflow_api.py for tasks to queue
[2026-04-21T03:05:58.439+0000] {logging_mixin.py:188} INFO - [2026-04-21T03:05:58.439+0000] {dagbag.py:538} INFO - Filling up the DagBag from /home/airflow/.local/lib/python3.8/site-packages/airflow/example_dags/tutorial_taskflow_api.py
[2026-04-21T03:05:58.447+0000] {processor.py:840} INFO - DAG(s) 'tutorial_taskflow_api' retrieved from /home/airflow/.local/lib/python3.8/site-packages/airflow/example_dags/tutorial_taskflow_api.py
[2026-04-21T03:05:58.473+0000] {logging_mixin.py:188} INFO - [2026-04-21T03:05:58.472+0000] {dag.py:3036} INFO - Sync 1 DAGs
[2026-04-21T03:05:58.487+0000] {logging_mixin.py:188} INFO - [2026-04-21T03:05:58.487+0000] {dag.py:3823} INFO - Setting next_dagrun for tutorial_taskflow_api to None, run_after=None
[2026-04-21T03:05:58.507+0000] {processor.py:183} INFO - Processing /home/airflow/.local/lib/python3.8/site-packages/airflow/example_dags/tutorial_taskflow_api.py took 0.077 seconds
[2026-04-21T03:06:28.842+0000] {processor.py:161} INFO - Started process (PID=3722600) to work on /home/airflow/.local/lib/python3.8/site-packages/airflow/example_dags/tutorial_taskflow_api.py
[2026-04-21T03:06:28.844+0000] {processor.py:830} INFO - Processing file /home/airflow/.local/lib/python3.8/site-packages/airflow/example_dags/tutorial_taskflow_api.py for tasks to queue
[2026-04-21T03:06:28.846+0000] {logging_mixin.py:188} INFO - [2026-04-21T03:06:28.846+0000] {dagbag.py:538} INFO - Filling up the DagBag from /home/airflow/.local/lib/python3.8/site-packages/airflow/example_dags/tutorial_taskflow_api.py
[2026-04-21T03:06:28.854+0000] {processor.py:840} INFO - DAG(s) 'tutorial_taskflow_api' retrieved from /home/airflow/.local/lib/python3.8/site-packages/airflow/example_dags/tutorial_taskflow_api.py
[2026-04-21T03:06:28.879+0000] {logging_mixin.py:188} INFO - [2026-04-21T03:06:28.879+0000] {dag.py:3036} INFO - Sync 1 DAGs
[2026-04-21T03:06:28.893+0000] {logging_mixin.py:188} INFO - [2026-04-21T03:06:28.893+0000] {dag.py:3823} INFO - Setting next_dagrun for tutorial_taskflow_api to None, run_after=None
[2026-04-21T03:06:28.913+0000] {processor.py:183} INFO - Processing /home/airflow/.local/lib/python3.8/site-packages/airflow/example_dags/tutorial_taskflow_api.py took 0.075 seconds
[2026-04-21T03:06:59.094+0000] {processor.py:161} INFO - Started process (PID=3722657) to work on /home/airflow/.local/lib/python3.8/site-packages/airflow/example_dags/tutorial_taskflow_api.py
[2026-04-21T03:06:59.096+0000] {processor.py:830} INFO - Processing file /home/airflow/.local/lib/python3.8/site-packages/airflow/example_dags/tutorial_taskflow_api.py for tasks to queue
[2026-04-21T03:06:59.099+0000] {logging_mixin.py:188} INFO - [2026-04-21T03:06:59.098+0000] {dagbag.py:538} INFO - Filling up the DagBag from /home/airflow/.local/lib/python3.8/site-packages/airflow/example_dags/tutorial_taskflow_api.py
[2026-04-21T03:06:59.107+0000] {processor.py:840} INFO - DAG(s) 'tutorial_taskflow_api' retrieved from /home/airflow/.local/lib/python3.8/site-packages/airflow/example_dags/tutorial_taskflow_api.py
[2026-04-21T03:06:59.133+0000] {logging_mixin.py:188} INFO - [2026-04-21T03:06:59.133+0000] {dag.py:3036} INFO - Sync 1 DAGs
[2026-04-21T03:06:59.148+0000] {logging_mixin.py:188} INFO - [2026-04-21T03:06:59.148+0000] {dag.py:3823} INFO - Setting next_dagrun for tutorial_taskflow_api to None, run_after=None
[2026-04-21T03:06:59.168+0000] {processor.py:183} INFO - Processing /home/airflow/.local/lib/python3.8/site-packages/airflow/example_dags/tutorial_taskflow_api.py took 0.079 seconds
[2026-04-21T03:07:29.541+0000] {processor.py:161} INFO - Started process (PID=3722714) to work on /home/airflow/.local/lib/python3.8/site-packages/airflow/example_dags/tutorial_taskflow_api.py
[2026-04-21T03:07:29.543+0000] {processor.py:830} INFO - Processing file /home/airflow/.local/lib/python3.8/site-packages/airflow/example_dags/tutorial_taskflow_api.py for tasks to queue
[2026-04-21T03:07:29.546+0000] {logging_mixin.py:188} INFO - [2026-04-21T03:07:29.545+0000] {dagbag.py:538} INFO - Filling up the DagBag from /home/airflow/.local/lib/python3.8/site-packages/airflow/example_dags/tutorial_taskflow_api.py
[2026-04-21T03:07:29.554+0000] {processor.py:840} INFO - DAG(s) 'tutorial_taskflow_api' retrieved from /home/airflow/.local/lib/python3.8/site-packages/airflow/example_dags/tutorial_taskflow_api.py
[2026-04-21T03:07:29.580+0000] {logging_mixin.py:188} INFO - [2026-04-21T03:07:29.579+0000] {dag.py:3036} INFO - Sync 1 DAGs
[2026-04-21T03:07:29.594+0000] {logging_mixin.py:188} INFO - [2026-04-21T03:07:29.594+0000] {dag.py:3823} INFO - Setting next_dagrun for tutorial_taskflow_api to None, run_after=None
[2026-04-21T03:07:29.614+0000] {processor.py:183} INFO - Processing /home/airflow/.local/lib/python3.8/site-packages/airflow/example_dags/tutorial_taskflow_api.py took 0.078 seconds
[2026-04-21T03:07:59.643+0000] {processor.py:161} INFO - Started process (PID=3722770) to work on /home/airflow/.local/lib/python3.8/site-packages/airflow/example_dags/tutorial_taskflow_api.py
[2026-04-21T03:07:59.645+0000] {processor.py:830} INFO - Processing file /home/airflow/.local/lib/python3.8/site-packages/airflow/example_dags/tutorial_taskflow_api.py for tasks to queue
[2026-04-21T03:07:59.649+0000] {logging_mixin.py:188} INFO - [2026-04-21T03:07:59.648+0000] {dagbag.py:538} INFO - Filling up the DagBag from /home/airflow/.local/lib/python3.8/site-packages/airflow/example_dags/tutorial_taskflow_api.py
[2026-04-21T03:07:59.657+0000] {processor.py:840} INFO - DAG(s) 'tutorial_taskflow_api' retrieved from /home/airflow/.local/lib/python3.8/site-packages/airflow/example_dags/tutorial_taskflow_api.py
[2026-04-21T03:07:59.681+0000] {logging_mixin.py:188} INFO - [2026-04-21T03:07:59.681+0000] {dag.py:3036} INFO - Sync 1 DAGs
[2026-04-21T03:07:59.696+0000] {logging_mixin.py:188} INFO - [2026-04-21T03:07:59.695+0000] {dag.py:3823} INFO - Setting next_dagrun for tutorial_taskflow_api to None, run_after=None
[2026-04-21T03:07:59.714+0000] {processor.py:183} INFO - Processing /home/airflow/.local/lib/python3.8/site-packages/airflow/example_dags/tutorial_taskflow_api.py took 0.076 seconds
[2026-04-21T03:08:29.875+0000] {processor.py:161} INFO - Started process (PID=3722827) to work on /home/airflow/.local/lib/python3.8/site-packages/airflow/example_dags/tutorial_taskflow_api.py
[2026-04-21T03:08:29.877+0000] {processor.py:830} INFO - Processing file /home/airflow/.local/lib/python3.8/site-packages/airflow/example_dags/tutorial_taskflow_api.py for tasks to queue
[2026-04-21T03:08:29.880+0000] {logging_mixin.py:188} INFO - [2026-04-21T03:08:29.880+0000] {dagbag.py:538} INFO - Filling up the DagBag from /home/airflow/.local/lib/python3.8/site-packages/airflow/example_dags/tutorial_taskflow_api.py
[2026-04-21T03:08:29.888+0000] {processor.py:840} INFO - DAG(s) 'tutorial_taskflow_api' retrieved from /home/airflow/.local/lib/python3.8/site-packages/airflow/example_dags/tutorial_taskflow_api.py
[2026-04-21T03:08:29.912+0000] {logging_mixin.py:188} INFO - [2026-04-21T03:08:29.912+0000] {dag.py:3036} INFO - Sync 1 DAGs
[2026-04-21T03:08:29.928+0000] {logging_mixin.py:188} INFO - [2026-04-21T03:08:29.927+0000] {dag.py:3823} INFO - Setting next_dagrun for tutorial_taskflow_api to None, run_after=None
[2026-04-21T03:08:29.948+0000] {processor.py:183} INFO - Processing /home/airflow/.local/lib/python3.8/site-packages/airflow/example_dags/tutorial_taskflow_api.py took 0.078 seconds
[2026-04-21T03:09:00.462+0000] {processor.py:161} INFO - Started process (PID=3722885) to work on /home/airflow/.local/lib/python3.8/site-packages/airflow/example_dags/tutorial_taskflow_api.py
[2026-04-21T03:09:00.464+0000] {processor.py:830} INFO - Processing file /home/airflow/.local/lib/python3.8/site-packages/airflow/example_dags/tutorial_taskflow_api.py for tasks to queue
[2026-04-21T03:09:00.466+0000] {logging_mixin.py:188} INFO - [2026-04-21T03:09:00.466+0000] {dagbag.py:538} INFO - Filling up the DagBag from /home/airflow/.local/lib/python3.8/site-packages/airflow/example_dags/tutorial_taskflow_api.py
[2026-04-21T03:09:00.474+0000] {processor.py:840} INFO - DAG(s) 'tutorial_taskflow_api' retrieved from /home/airflow/.local/lib/python3.8/site-packages/airflow/example_dags/tutorial_taskflow_api.py
[2026-04-21T03:09:00.499+0000] {logging_mixin.py:188} INFO - [2026-04-21T03:09:00.499+0000] {dag.py:3036} INFO - Sync 1 DAGs
[2026-04-21T03:09:00.514+0000] {logging_mixin.py:188} INFO - [2026-04-21T03:09:00.514+0000] {dag.py:3823} INFO - Setting next_dagrun for tutorial_taskflow_api to None, run_after=None
[2026-04-21T03:09:00.533+0000] {processor.py:183} INFO - Processing /home/airflow/.local/lib/python3.8/site-packages/airflow/example_dags/tutorial_taskflow_api.py took 0.076 seconds
[2026-04-21T03:09:30.638+0000] {processor.py:161} INFO - Started process (PID=3722942) to work on /home/airflow/.local/lib/python3.8/site-packages/airflow/example_dags/tutorial_taskflow_api.py
[2026-04-21T03:09:30.640+0000] {processor.py:830} INFO - Processing file /home/airflow/.local/lib/python3.8/site-packages/airflow/example_dags/tutorial_taskflow_api.py for tasks to queue
[2026-04-21T03:09:30.642+0000] {logging_mixin.py:188} INFO - [2026-04-21T03:09:30.642+0000] {dagbag.py:538} INFO - Filling up the DagBag from /home/airflow/.local/lib/python3.8/site-packages/airflow/example_dags/tutorial_taskflow_api.py
[2026-04-21T03:09:30.650+0000] {processor.py:840} INFO - DAG(s) 'tutorial_taskflow_api' retrieved from /home/airflow/.local/lib/python3.8/site-packages/airflow/example_dags/tutorial_taskflow_api.py
[2026-04-21T03:09:30.674+0000] {logging_mixin.py:188} INFO - [2026-04-21T03:09:30.674+0000] {dag.py:3036} INFO - Sync 1 DAGs
[2026-04-21T03:09:30.689+0000] {logging_mixin.py:188} INFO - [2026-04-21T03:09:30.688+0000] {dag.py:3823} INFO - Setting next_dagrun for tutorial_taskflow_api to None, run_after=None
[2026-04-21T03:09:30.708+0000] {processor.py:183} INFO - Processing /home/airflow/.local/lib/python3.8/site-packages/airflow/example_dags/tutorial_taskflow_api.py took 0.074 seconds
[2026-04-21T03:10:00.943+0000] {processor.py:161} INFO - Started process (PID=3722999) to work on /home/airflow/.local/lib/python3.8/site-packages/airflow/example_dags/tutorial_taskflow_api.py
[2026-04-21T03:10:00.944+0000] {processor.py:830} INFO - Processing file /home/airflow/.local/lib/python3.8/site-packages/airflow/example_dags/tutorial_taskflow_api.py for tasks to queue
[2026-04-21T03:10:00.947+0000] {logging_mixin.py:188} INFO - [2026-04-21T03:10:00.947+0000] {dagbag.py:538} INFO - Filling up the DagBag from /home/airflow/.local/lib/python3.8/site-packages/airflow/example_dags/tutorial_taskflow_api.py
[2026-04-21T03:10:00.955+0000] {processor.py:840} INFO - DAG(s) 'tutorial_taskflow_api' retrieved from /home/airflow/.local/lib/python3.8/site-packages/airflow/example_dags/tutorial_taskflow_api.py
[2026-04-21T03:10:00.980+0000] {logging_mixin.py:188} INFO - [2026-04-21T03:10:00.979+0000] {dag.py:3036} INFO - Sync 1 DAGs
[2026-04-21T03:10:00.994+0000] {logging_mixin.py:188} INFO - [2026-04-21T03:10:00.994+0000] {dag.py:3823} INFO - Setting next_dagrun for tutorial_taskflow_api to None, run_after=None
[2026-04-21T03:10:01.014+0000] {processor.py:183} INFO - Processing /home/airflow/.local/lib/python3.8/site-packages/airflow/example_dags/tutorial_taskflow_api.py took 0.076 seconds
[2026-04-21T03:10:31.312+0000] {processor.py:161} INFO - Started process (PID=3723056) to work on /home/airflow/.local/lib/python3.8/site-packages/airflow/example_dags/tutorial_taskflow_api.py
[2026-04-21T03:10:31.314+0000] {processor.py:830} INFO - Processing file /home/airflow/.local/lib/python3.8/site-packages/airflow/example_dags/tutorial_taskflow_api.py for tasks to queue
[2026-04-21T03:10:31.316+0000] {logging_mixin.py:188} INFO - [2026-04-21T03:10:31.316+0000] {dagbag.py:538} INFO - Filling up the DagBag from /home/airflow/.local/lib/python3.8/site-packages/airflow/example_dags/tutorial_taskflow_api.py
[2026-04-21T03:10:31.324+0000] {processor.py:840} INFO - DAG(s) 'tutorial_taskflow_api' retrieved from /home/airflow/.local/lib/python3.8/site-packages/airflow/example_dags/tutorial_taskflow_api.py
[2026-04-21T03:10:31.349+0000] {logging_mixin.py:188} INFO - [2026-04-21T03:10:31.349+0000] {dag.py:3036} INFO - Sync 1 DAGs
[2026-04-21T03:10:31.363+0000] {logging_mixin.py:188} INFO - [2026-04-21T03:10:31.363+0000] {dag.py:3823} INFO - Setting next_dagrun for tutorial_taskflow_api to None, run_after=None
[2026-04-21T03:10:31.383+0000] {processor.py:183} INFO - Processing /home/airflow/.local/lib/python3.8/site-packages/airflow/example_dags/tutorial_taskflow_api.py took 0.076 seconds
[2026-04-21T03:11:01.527+0000] {processor.py:161} INFO - Started process (PID=3723113) to work on /home/airflow/.local/lib/python3.8/site-packages/airflow/example_dags/tutorial_taskflow_api.py
[2026-04-21T03:11:01.528+0000] {processor.py:830} INFO - Processing file /home/airflow/.local/lib/python3.8/site-packages/airflow/example_dags/tutorial_taskflow_api.py for tasks to queue
[2026-04-21T03:11:01.531+0000] {logging_mixin.py:188} INFO - [2026-04-21T03:11:01.530+0000] {dagbag.py:538} INFO - Filling up the DagBag from /home/airflow/.local/lib/python3.8/site-packages/airflow/example_dags/tutorial_taskflow_api.py
[2026-04-21T03:11:01.539+0000] {processor.py:840} INFO - DAG(s) 'tutorial_taskflow_api' retrieved from /home/airflow/.local/lib/python3.8/site-packages/airflow/example_dags/tutorial_taskflow_api.py
[2026-04-21T03:11:01.566+0000] {logging_mixin.py:188} INFO - [2026-04-21T03:11:01.565+0000] {dag.py:3036} INFO - Sync 1 DAGs
[2026-04-21T03:11:01.581+0000] {logging_mixin.py:188} INFO - [2026-04-21T03:11:01.580+0000] {dag.py:3823} INFO - Setting next_dagrun for tutorial_taskflow_api to None, run_after=None
[2026-04-21T03:11:01.601+0000] {processor.py:183} INFO - Processing /home/airflow/.local/lib/python3.8/site-packages/airflow/example_dags/tutorial_taskflow_api.py took 0.080 seconds
[2026-04-21T03:11:31.797+0000] {processor.py:161} INFO - Started process (PID=3723170) to work on /home/airflow/.local/lib/python3.8/site-packages/airflow/example_dags/tutorial_taskflow_api.py
[2026-04-21T03:11:31.799+0000] {processor.py:830} INFO - Processing file /home/airflow/.local/lib/python3.8/site-packages/airflow/example_dags/tutorial_taskflow_api.py for tasks to queue
[2026-04-21T03:11:31.801+0000] {logging_mixin.py:188} INFO - [2026-04-21T03:11:31.801+0000] {dagbag.py:538} INFO - Filling up the DagBag from /home/airflow/.local/lib/python3.8/site-packages/airflow/example_dags/tutorial_taskflow_api.py
[2026-04-21T03:11:31.810+0000] {processor.py:840} INFO - DAG(s) 'tutorial_taskflow_api' retrieved from /home/airflow/.local/lib/python3.8/site-packages/airflow/example_dags/tutorial_taskflow_api.py
[2026-04-21T03:11:31.833+0000] {logging_mixin.py:188} INFO - [2026-04-21T03:11:31.833+0000] {dag.py:3036} INFO - Sync 1 DAGs
[2026-04-21T03:11:31.847+0000] {logging_mixin.py:188} INFO - [2026-04-21T03:11:31.847+0000] {dag.py:3823} INFO - Setting next_dagrun for tutorial_taskflow_api to None, run_after=None
[2026-04-21T03:11:31.865+0000] {processor.py:183} INFO - Processing /home/airflow/.local/lib/python3.8/site-packages/airflow/example_dags/tutorial_taskflow_api.py took 0.073 seconds
[2026-04-21T03:12:01.958+0000] {processor.py:161} INFO - Started process (PID=3723226) to work on /home/airflow/.local/lib/python3.8/site-packages/airflow/example_dags/tutorial_taskflow_api.py
[2026-04-21T03:12:01.961+0000] {processor.py:830} INFO - Processing file /home/airflow/.local/lib/python3.8/site-packages/airflow/example_dags/tutorial_taskflow_api.py for tasks to queue
[2026-04-21T03:12:01.965+0000] {logging_mixin.py:188} INFO - [2026-04-21T03:12:01.964+0000] {dagbag.py:538} INFO - Filling up the DagBag from /home/airflow/.local/lib/python3.8/site-packages/airflow/example_dags/tutorial_taskflow_api.py
[2026-04-21T03:12:01.977+0000] {processor.py:840} INFO - DAG(s) 'tutorial_taskflow_api' retrieved from /home/airflow/.local/lib/python3.8/site-packages/airflow/example_dags/tutorial_taskflow_api.py
[2026-04-21T03:12:02.005+0000] {logging_mixin.py:188} INFO - [2026-04-21T03:12:02.004+0000] {dag.py:3036} INFO - Sync 1 DAGs
[2026-04-21T03:12:02.020+0000] {logging_mixin.py:188} INFO - [2026-04-21T03:12:02.020+0000] {dag.py:3823} INFO - Setting next_dagrun for tutorial_taskflow_api to None, run_after=None
[2026-04-21T03:12:02.041+0000] {processor.py:183} INFO - Processing /home/airflow/.local/lib/python3.8/site-packages/airflow/example_dags/tutorial_taskflow_api.py took 0.091 seconds
[2026-04-21T03:12:32.298+0000] {processor.py:161} INFO - Started process (PID=3723283) to work on /home/airflow/.local/lib/python3.8/site-packages/airflow/example_dags/tutorial_taskflow_api.py
[2026-04-21T03:12:32.300+0000] {processor.py:830} INFO - Processing file /home/airflow/.local/lib/python3.8/site-packages/airflow/example_dags/tutorial_taskflow_api.py for tasks to queue
[2026-04-21T03:12:32.302+0000] {logging_mixin.py:188} INFO - [2026-04-21T03:12:32.302+0000] {dagbag.py:538} INFO - Filling up the DagBag from /home/airflow/.local/lib/python3.8/site-packages/airflow/example_dags/tutorial_taskflow_api.py
[2026-04-21T03:12:32.310+0000] {processor.py:840} INFO - DAG(s) 'tutorial_taskflow_api' retrieved from /home/airflow/.local/lib/python3.8/site-packages/airflow/example_dags/tutorial_taskflow_api.py
[2026-04-21T03:12:32.335+0000] {logging_mixin.py:188} INFO - [2026-04-21T03:12:32.334+0000] {dag.py:3036} INFO - Sync 1 DAGs
[2026-04-21T03:12:32.349+0000] {logging_mixin.py:188} INFO - [2026-04-21T03:12:32.349+0000] {dag.py:3823} INFO - Setting next_dagrun for tutorial_taskflow_api to None, run_after=None
[2026-04-21T03:12:32.369+0000] {processor.py:183} INFO - Processing /home/airflow/.local/lib/python3.8/site-packages/airflow/example_dags/tutorial_taskflow_api.py took 0.075 seconds
[2026-04-21T03:13:02.882+0000] {processor.py:161} INFO - Started process (PID=3723341) to work on /home/airflow/.local/lib/python3.8/site-packages/airflow/example_dags/tutorial_taskflow_api.py
[2026-04-21T03:13:02.884+0000] {processor.py:830} INFO - Processing file /home/airflow/.local/lib/python3.8/site-packages/airflow/example_dags/tutorial_taskflow_api.py for tasks to queue
[2026-04-21T03:13:02.886+0000] {logging_mixin.py:188} INFO - [2026-04-21T03:13:02.886+0000] {dagbag.py:538} INFO - Filling up the DagBag from /home/airflow/.local/lib/python3.8/site-packages/airflow/example_dags/tutorial_taskflow_api.py
[2026-04-21T03:13:02.895+0000] {processor.py:840} INFO - DAG(s) 'tutorial_taskflow_api' retrieved from /home/airflow/.local/lib/python3.8/site-packages/airflow/example_dags/tutorial_taskflow_api.py
[2026-04-21T03:13:02.921+0000] {logging_mixin.py:188} INFO - [2026-04-21T03:13:02.920+0000] {dag.py:3036} INFO - Sync 1 DAGs
[2026-04-21T03:13:02.935+0000] {logging_mixin.py:188} INFO - [2026-04-21T03:13:02.935+0000] {dag.py:3823} INFO - Setting next_dagrun for tutorial_taskflow_api to None, run_after=None
[2026-04-21T03:13:02.955+0000] {processor.py:183} INFO - Processing /home/airflow/.local/lib/python3.8/site-packages/airflow/example_dags/tutorial_taskflow_api.py took 0.078 seconds
[2026-04-21T03:13:33.035+0000] {processor.py:161} INFO - Started process (PID=3723397) to work on /home/airflow/.local/lib/python3.8/site-packages/airflow/example_dags/tutorial_taskflow_api.py
[2026-04-21T03:13:33.036+0000] {processor.py:830} INFO - Processing file /home/airflow/.local/lib/python3.8/site-packages/airflow/example_dags/tutorial_taskflow_api.py for tasks to queue
[2026-04-21T03:13:33.039+0000] {logging_mixin.py:188} INFO - [2026-04-21T03:13:33.038+0000] {dagbag.py:538} INFO - Filling up the DagBag from /home/airflow/.local/lib/python3.8/site-packages/airflow/example_dags/tutorial_taskflow_api.py
[2026-04-21T03:13:33.046+0000] {processor.py:840} INFO - DAG(s) 'tutorial_taskflow_api' retrieved from /home/airflow/.local/lib/python3.8/site-packages/airflow/example_dags/tutorial_taskflow_api.py
[2026-04-21T03:13:33.070+0000] {logging_mixin.py:188} INFO - [2026-04-21T03:13:33.070+0000] {dag.py:3036} INFO - Sync 1 DAGs
[2026-04-21T03:13:33.084+0000] {logging_mixin.py:188} INFO - [2026-04-21T03:13:33.084+0000] {dag.py:3823} INFO - Setting next_dagrun for tutorial_taskflow_api to None, run_after=None
[2026-04-21T03:13:33.104+0000] {processor.py:183} INFO - Processing /home/airflow/.local/lib/python3.8/site-packages/airflow/example_dags/tutorial_taskflow_api.py took 0.073 seconds
[2026-04-21T03:14:03.182+0000] {processor.py:161} INFO - Started process (PID=3723454) to work on /home/airflow/.local/lib/python3.8/site-packages/airflow/example_dags/tutorial_taskflow_api.py
[2026-04-21T03:14:03.184+0000] {processor.py:830} INFO - Processing file /home/airflow/.local/lib/python3.8/site-packages/airflow/example_dags/tutorial_taskflow_api.py for tasks to queue
[2026-04-21T03:14:03.186+0000] {logging_mixin.py:188} INFO - [2026-04-21T03:14:03.186+0000] {dagbag.py:538} INFO - Filling up the DagBag from /home/airflow/.local/lib/python3.8/site-packages/airflow/example_dags/tutorial_taskflow_api.py
[2026-04-21T03:14:03.195+0000] {processor.py:840} INFO - DAG(s) 'tutorial_taskflow_api' retrieved from /home/airflow/.local/lib/python3.8/site-packages/airflow/example_dags/tutorial_taskflow_api.py
[2026-04-21T03:14:03.220+0000] {logging_mixin.py:188} INFO - [2026-04-21T03:14:03.219+0000] {dag.py:3036} INFO - Sync 1 DAGs
[2026-04-21T03:14:03.234+0000] {logging_mixin.py:188} INFO - [2026-04-21T03:14:03.234+0000] {dag.py:3823} INFO - Setting next_dagrun for tutorial_taskflow_api to None, run_after=None
[2026-04-21T03:14:03.253+0000] {processor.py:183} INFO - Processing /home/airflow/.local/lib/python3.8/site-packages/airflow/example_dags/tutorial_taskflow_api.py took 0.076 seconds
[2026-04-21T03:14:34.057+0000] {processor.py:161} INFO - Started process (PID=3723512) to work on /home/airflow/.local/lib/python3.8/site-packages/airflow/example_dags/tutorial_taskflow_api.py
[2026-04-21T03:14:34.059+0000] {processor.py:830} INFO - Processing file /home/airflow/.local/lib/python3.8/site-packages/airflow/example_dags/tutorial_taskflow_api.py for tasks to queue
[2026-04-21T03:14:34.062+0000] {logging_mixin.py:188} INFO - [2026-04-21T03:14:34.061+0000] {dagbag.py:538} INFO - Filling up the DagBag from /home/airflow/.local/lib/python3.8/site-packages/airflow/example_dags/tutorial_taskflow_api.py
[2026-04-21T03:14:34.071+0000] {processor.py:840} INFO - DAG(s) 'tutorial_taskflow_api' retrieved from /home/airflow/.local/lib/python3.8/site-packages/airflow/example_dags/tutorial_taskflow_api.py
[2026-04-21T03:14:34.096+0000] {logging_mixin.py:188} INFO - [2026-04-21T03:14:34.096+0000] {dag.py:3036} INFO - Sync 1 DAGs
[2026-04-21T03:14:34.111+0000] {logging_mixin.py:188} INFO - [2026-04-21T03:14:34.111+0000] {dag.py:3823} INFO - Setting next_dagrun for tutorial_taskflow_api to None, run_after=None
[2026-04-21T03:14:34.131+0000] {processor.py:183} INFO - Processing /home/airflow/.local/lib/python3.8/site-packages/airflow/example_dags/tutorial_taskflow_api.py took 0.080 seconds
[2026-04-21T03:15:04.397+0000] {processor.py:161} INFO - Started process (PID=3723569) to work on /home/airflow/.local/lib/python3.8/site-packages/airflow/example_dags/tutorial_taskflow_api.py
[2026-04-21T03:15:04.399+0000] {processor.py:830} INFO - Processing file /home/airflow/.local/lib/python3.8/site-packages/airflow/example_dags/tutorial_taskflow_api.py for tasks to queue
[2026-04-21T03:15:04.402+0000] {logging_mixin.py:188} INFO - [2026-04-21T03:15:04.402+0000] {dagbag.py:538} INFO - Filling up the DagBag from /home/airflow/.local/lib/python3.8/site-packages/airflow/example_dags/tutorial_taskflow_api.py
[2026-04-21T03:15:04.411+0000] {processor.py:840} INFO - DAG(s) 'tutorial_taskflow_api' retrieved from /home/airflow/.local/lib/python3.8/site-packages/airflow/example_dags/tutorial_taskflow_api.py
[2026-04-21T03:15:04.437+0000] {logging_mixin.py:188} INFO - [2026-04-21T03:15:04.436+0000] {dag.py:3036} INFO - Sync 1 DAGs
[2026-04-21T03:15:04.452+0000] {logging_mixin.py:188} INFO - [2026-04-21T03:15:04.451+0000] {dag.py:3823} INFO - Setting next_dagrun for tutorial_taskflow_api to None, run_after=None
[2026-04-21T03:15:04.472+0000] {processor.py:183} INFO - Processing /home/airflow/.local/lib/python3.8/site-packages/airflow/example_dags/tutorial_taskflow_api.py took 0.080 seconds
[2026-04-21T03:15:34.720+0000] {processor.py:161} INFO - Started process (PID=3723626) to work on /home/airflow/.local/lib/python3.8/site-packages/airflow/example_dags/tutorial_taskflow_api.py
[2026-04-21T03:15:34.722+0000] {processor.py:830} INFO - Processing file /home/airflow/.local/lib/python3.8/site-packages/airflow/example_dags/tutorial_taskflow_api.py for tasks to queue
[2026-04-21T03:15:34.724+0000] {logging_mixin.py:188} INFO - [2026-04-21T03:15:34.724+0000] {dagbag.py:538} INFO - Filling up the DagBag from /home/airflow/.local/lib/python3.8/site-packages/airflow/example_dags/tutorial_taskflow_api.py
[2026-04-21T03:15:34.732+0000] {processor.py:840} INFO - DAG(s) 'tutorial_taskflow_api' retrieved from /home/airflow/.local/lib/python3.8/site-packages/airflow/example_dags/tutorial_taskflow_api.py
[2026-04-21T03:15:34.756+0000] {logging_mixin.py:188} INFO - [2026-04-21T03:15:34.756+0000] {dag.py:3036} INFO - Sync 1 DAGs
[2026-04-21T03:15:34.770+0000] {logging_mixin.py:188} INFO - [2026-04-21T03:15:34.770+0000] {dag.py:3823} INFO - Setting next_dagrun for tutorial_taskflow_api to None, run_after=None
[2026-04-21T03:15:34.788+0000] {processor.py:183} INFO - Processing /home/airflow/.local/lib/python3.8/site-packages/airflow/example_dags/tutorial_taskflow_api.py took 0.073 seconds
[2026-04-21T03:16:05.004+0000] {processor.py:161} INFO - Started process (PID=3723683) to work on /home/airflow/.local/lib/python3.8/site-packages/airflow/example_dags/tutorial_taskflow_api.py
[2026-04-21T03:16:05.006+0000] {processor.py:830} INFO - Processing file /home/airflow/.local/lib/python3.8/site-packages/airflow/example_dags/tutorial_taskflow_api.py for tasks to queue
[2026-04-21T03:16:05.009+0000] {logging_mixin.py:188} INFO - [2026-04-21T03:16:05.008+0000] {dagbag.py:538} INFO - Filling up the DagBag from /home/airflow/.local/lib/python3.8/site-packages/airflow/example_dags/tutorial_taskflow_api.py
[2026-04-21T03:16:05.018+0000] {processor.py:840} INFO - DAG(s) 'tutorial_taskflow_api' retrieved from /home/airflow/.local/lib/python3.8/site-packages/airflow/example_dags/tutorial_taskflow_api.py
[2026-04-21T03:16:05.043+0000] {logging_mixin.py:188} INFO - [2026-04-21T03:16:05.042+0000] {dag.py:3036} INFO - Sync 1 DAGs
[2026-04-21T03:16:05.058+0000] {logging_mixin.py:188} INFO - [2026-04-21T03:16:05.057+0000] {dag.py:3823} INFO - Setting next_dagrun for tutorial_taskflow_api to None, run_after=None
[2026-04-21T03:16:05.078+0000] {processor.py:183} INFO - Processing /home/airflow/.local/lib/python3.8/site-packages/airflow/example_dags/tutorial_taskflow_api.py took 0.078 seconds
[2026-04-21T03:16:35.493+0000] {processor.py:161} INFO - Started process (PID=3723740) to work on /home/airflow/.local/lib/python3.8/site-packages/airflow/example_dags/tutorial_taskflow_api.py
[2026-04-21T03:16:35.495+0000] {processor.py:830} INFO - Processing file /home/airflow/.local/lib/python3.8/site-packages/airflow/example_dags/tutorial_taskflow_api.py for tasks to queue
[2026-04-21T03:16:35.497+0000] {logging_mixin.py:188} INFO - [2026-04-21T03:16:35.497+0000] {dagbag.py:538} INFO - Filling up the DagBag from /home/airflow/.local/lib/python3.8/site-packages/airflow/example_dags/tutorial_taskflow_api.py
[2026-04-21T03:16:35.506+0000] {processor.py:840} INFO - DAG(s) 'tutorial_taskflow_api' retrieved from /home/airflow/.local/lib/python3.8/site-packages/airflow/example_dags/tutorial_taskflow_api.py
[2026-04-21T03:16:35.530+0000] {logging_mixin.py:188} INFO - [2026-04-21T03:16:35.530+0000] {dag.py:3036} INFO - Sync 1 DAGs
[2026-04-21T03:16:35.544+0000] {logging_mixin.py:188} INFO - [2026-04-21T03:16:35.543+0000] {dag.py:3823} INFO - Setting next_dagrun for tutorial_taskflow_api to None, run_after=None
[2026-04-21T03:16:35.563+0000] {processor.py:183} INFO - Processing /home/airflow/.local/lib/python3.8/site-packages/airflow/example_dags/tutorial_taskflow_api.py took 0.075 seconds
[2026-04-21T03:17:05.775+0000] {processor.py:161} INFO - Started process (PID=3723797) to work on /home/airflow/.local/lib/python3.8/site-packages/airflow/example_dags/tutorial_taskflow_api.py
[2026-04-21T03:17:05.777+0000] {processor.py:830} INFO - Processing file /home/airflow/.local/lib/python3.8/site-packages/airflow/example_dags/tutorial_taskflow_api.py for tasks to queue
[2026-04-21T03:17:05.780+0000] {logging_mixin.py:188} INFO - [2026-04-21T03:17:05.779+0000] {dagbag.py:538} INFO - Filling up the DagBag from /home/airflow/.local/lib/python3.8/site-packages/airflow/example_dags/tutorial_taskflow_api.py
[2026-04-21T03:17:05.788+0000] {processor.py:840} INFO - DAG(s) 'tutorial_taskflow_api' retrieved from /home/airflow/.local/lib/python3.8/site-packages/airflow/example_dags/tutorial_taskflow_api.py
[2026-04-21T03:17:05.813+0000] {logging_mixin.py:188} INFO - [2026-04-21T03:17:05.813+0000] {dag.py:3036} INFO - Sync 1 DAGs
[2026-04-21T03:17:05.827+0000] {logging_mixin.py:188} INFO - [2026-04-21T03:17:05.827+0000] {dag.py:3823} INFO - Setting next_dagrun for tutorial_taskflow_api to None, run_after=None
[2026-04-21T03:17:05.846+0000] {processor.py:183} INFO - Processing /home/airflow/.local/lib/python3.8/site-packages/airflow/example_dags/tutorial_taskflow_api.py took 0.076 seconds
[2026-04-21T03:17:36.053+0000] {processor.py:161} INFO - Started process (PID=3723853) to work on /home/airflow/.local/lib/python3.8/site-packages/airflow/example_dags/tutorial_taskflow_api.py
[2026-04-21T03:17:36.055+0000] {processor.py:830} INFO - Processing file /home/airflow/.local/lib/python3.8/site-packages/airflow/example_dags/tutorial_taskflow_api.py for tasks to queue
[2026-04-21T03:17:36.057+0000] {logging_mixin.py:188} INFO - [2026-04-21T03:17:36.057+0000] {dagbag.py:538} INFO - Filling up the DagBag from /home/airflow/.local/lib/python3.8/site-packages/airflow/example_dags/tutorial_taskflow_api.py
[2026-04-21T03:17:36.065+0000] {processor.py:840} INFO - DAG(s) 'tutorial_taskflow_api' retrieved from /home/airflow/.local/lib/python3.8/site-packages/airflow/example_dags/tutorial_taskflow_api.py
[2026-04-21T03:17:36.090+0000] {logging_mixin.py:188} INFO - [2026-04-21T03:17:36.090+0000] {dag.py:3036} INFO - Sync 1 DAGs
[2026-04-21T03:17:36.104+0000] {logging_mixin.py:188} INFO - [2026-04-21T03:17:36.104+0000] {dag.py:3823} INFO - Setting next_dagrun for tutorial_taskflow_api to None, run_after=None
[2026-04-21T03:17:36.124+0000] {processor.py:183} INFO - Processing /home/airflow/.local/lib/python3.8/site-packages/airflow/example_dags/tutorial_taskflow_api.py took 0.075 seconds
[2026-04-21T03:18:06.507+0000] {processor.py:161} INFO - Started process (PID=3723910) to work on /home/airflow/.local/lib/python3.8/site-packages/airflow/example_dags/tutorial_taskflow_api.py
[2026-04-21T03:18:06.509+0000] {processor.py:830} INFO - Processing file /home/airflow/.local/lib/python3.8/site-packages/airflow/example_dags/tutorial_taskflow_api.py for tasks to queue
[2026-04-21T03:18:06.511+0000] {logging_mixin.py:188} INFO - [2026-04-21T03:18:06.511+0000] {dagbag.py:538} INFO - Filling up the DagBag from /home/airflow/.local/lib/python3.8/site-packages/airflow/example_dags/tutorial_taskflow_api.py
[2026-04-21T03:18:06.519+0000] {processor.py:840} INFO - DAG(s) 'tutorial_taskflow_api' retrieved from /home/airflow/.local/lib/python3.8/site-packages/airflow/example_dags/tutorial_taskflow_api.py
[2026-04-21T03:18:06.545+0000] {logging_mixin.py:188} INFO - [2026-04-21T03:18:06.544+0000] {dag.py:3036} INFO - Sync 1 DAGs
[2026-04-21T03:18:06.559+0000] {logging_mixin.py:188} INFO - [2026-04-21T03:18:06.559+0000] {dag.py:3823} INFO - Setting next_dagrun for tutorial_taskflow_api to None, run_after=None
[2026-04-21T03:18:06.578+0000] {processor.py:183} INFO - Processing /home/airflow/.local/lib/python3.8/site-packages/airflow/example_dags/tutorial_taskflow_api.py took 0.075 seconds
[2026-04-21T03:18:36.856+0000] {processor.py:161} INFO - Started process (PID=3723967) to work on /home/airflow/.local/lib/python3.8/site-packages/airflow/example_dags/tutorial_taskflow_api.py
[2026-04-21T03:18:36.858+0000] {processor.py:830} INFO - Processing file /home/airflow/.local/lib/python3.8/site-packages/airflow/example_dags/tutorial_taskflow_api.py for tasks to queue
[2026-04-21T03:18:36.861+0000] {logging_mixin.py:188} INFO - [2026-04-21T03:18:36.860+0000] {dagbag.py:538} INFO - Filling up the DagBag from /home/airflow/.local/lib/python3.8/site-packages/airflow/example_dags/tutorial_taskflow_api.py
[2026-04-21T03:18:36.869+0000] {processor.py:840} INFO - DAG(s) 'tutorial_taskflow_api' retrieved from /home/airflow/.local/lib/python3.8/site-packages/airflow/example_dags/tutorial_taskflow_api.py
[2026-04-21T03:18:36.894+0000] {logging_mixin.py:188} INFO - [2026-04-21T03:18:36.894+0000] {dag.py:3036} INFO - Sync 1 DAGs
[2026-04-21T03:18:36.908+0000] {logging_mixin.py:188} INFO - [2026-04-21T03:18:36.908+0000] {dag.py:3823} INFO - Setting next_dagrun for tutorial_taskflow_api to None, run_after=None
[2026-04-21T03:18:36.929+0000] {processor.py:183} INFO - Processing /home/airflow/.local/lib/python3.8/site-packages/airflow/example_dags/tutorial_taskflow_api.py took 0.078 seconds
[2026-04-21T03:19:07.623+0000] {processor.py:161} INFO - Started process (PID=3724022) to work on /home/airflow/.local/lib/python3.8/site-packages/airflow/example_dags/tutorial_taskflow_api.py
[2026-04-21T03:19:07.625+0000] {processor.py:830} INFO - Processing file /home/airflow/.local/lib/python3.8/site-packages/airflow/example_dags/tutorial_taskflow_api.py for tasks to queue
[2026-04-21T03:19:07.627+0000] {logging_mixin.py:188} INFO - [2026-04-21T03:19:07.627+0000] {dagbag.py:538} INFO - Filling up the DagBag from /home/airflow/.local/lib/python3.8/site-packages/airflow/example_dags/tutorial_taskflow_api.py
[2026-04-21T03:19:07.636+0000] {processor.py:840} INFO - DAG(s) 'tutorial_taskflow_api' retrieved from /home/airflow/.local/lib/python3.8/site-packages/airflow/example_dags/tutorial_taskflow_api.py
[2026-04-21T03:19:07.660+0000] {logging_mixin.py:188} INFO - [2026-04-21T03:19:07.659+0000] {dag.py:3036} INFO - Sync 1 DAGs
[2026-04-21T03:19:07.673+0000] {logging_mixin.py:188} INFO - [2026-04-21T03:19:07.673+0000] {dag.py:3823} INFO - Setting next_dagrun for tutorial_taskflow_api to None, run_after=None
[2026-04-21T03:19:07.693+0000] {processor.py:183} INFO - Processing /home/airflow/.local/lib/python3.8/site-packages/airflow/example_dags/tutorial_taskflow_api.py took 0.075 seconds
[2026-04-21T03:19:37.748+0000] {processor.py:161} INFO - Started process (PID=3724077) to work on /home/airflow/.local/lib/python3.8/site-packages/airflow/example_dags/tutorial_taskflow_api.py
[2026-04-21T03:19:37.749+0000] {processor.py:830} INFO - Processing file /home/airflow/.local/lib/python3.8/site-packages/airflow/example_dags/tutorial_taskflow_api.py for tasks to queue
[2026-04-21T03:19:37.752+0000] {logging_mixin.py:188} INFO - [2026-04-21T03:19:37.751+0000] {dagbag.py:538} INFO - Filling up the DagBag from /home/airflow/.local/lib/python3.8/site-packages/airflow/example_dags/tutorial_taskflow_api.py
[2026-04-21T03:19:37.759+0000] {processor.py:840} INFO - DAG(s) 'tutorial_taskflow_api' retrieved from /home/airflow/.local/lib/python3.8/site-packages/airflow/example_dags/tutorial_taskflow_api.py
[2026-04-21T03:19:37.783+0000] {logging_mixin.py:188} INFO - [2026-04-21T03:19:37.783+0000] {dag.py:3036} INFO - Sync 1 DAGs
[2026-04-21T03:19:37.798+0000] {logging_mixin.py:188} INFO - [2026-04-21T03:19:37.797+0000] {dag.py:3823} INFO - Setting next_dagrun for tutorial_taskflow_api to None, run_after=None
[2026-04-21T03:19:37.818+0000] {processor.py:183} INFO - Processing /home/airflow/.local/lib/python3.8/site-packages/airflow/example_dags/tutorial_taskflow_api.py took 0.074 seconds
[2026-04-21T03:20:08.196+0000] {processor.py:161} INFO - Started process (PID=3724134) to work on /home/airflow/.local/lib/python3.8/site-packages/airflow/example_dags/tutorial_taskflow_api.py
[2026-04-21T03:20:08.198+0000] {processor.py:830} INFO - Processing file /home/airflow/.local/lib/python3.8/site-packages/airflow/example_dags/tutorial_taskflow_api.py for tasks to queue
[2026-04-21T03:20:08.201+0000] {logging_mixin.py:188} INFO - [2026-04-21T03:20:08.200+0000] {dagbag.py:538} INFO - Filling up the DagBag from /home/airflow/.local/lib/python3.8/site-packages/airflow/example_dags/tutorial_taskflow_api.py
[2026-04-21T03:20:08.208+0000] {processor.py:840} INFO - DAG(s) 'tutorial_taskflow_api' retrieved from /home/airflow/.local/lib/python3.8/site-packages/airflow/example_dags/tutorial_taskflow_api.py
[2026-04-21T03:20:08.233+0000] {logging_mixin.py:188} INFO - [2026-04-21T03:20:08.232+0000] {dag.py:3036} INFO - Sync 1 DAGs
[2026-04-21T03:20:08.247+0000] {logging_mixin.py:188} INFO - [2026-04-21T03:20:08.246+0000] {dag.py:3823} INFO - Setting next_dagrun for tutorial_taskflow_api to None, run_after=None
[2026-04-21T03:20:08.266+0000] {processor.py:183} INFO - Processing /home/airflow/.local/lib/python3.8/site-packages/airflow/example_dags/tutorial_taskflow_api.py took 0.074 seconds
[2026-04-21T03:20:38.452+0000] {processor.py:161} INFO - Started process (PID=3724191) to work on /home/airflow/.local/lib/python3.8/site-packages/airflow/example_dags/tutorial_taskflow_api.py
[2026-04-21T03:20:38.454+0000] {processor.py:830} INFO - Processing file /home/airflow/.local/lib/python3.8/site-packages/airflow/example_dags/tutorial_taskflow_api.py for tasks to queue
[2026-04-21T03:20:38.456+0000] {logging_mixin.py:188} INFO - [2026-04-21T03:20:38.456+0000] {dagbag.py:538} INFO - Filling up the DagBag from /home/airflow/.local/lib/python3.8/site-packages/airflow/example_dags/tutorial_taskflow_api.py
[2026-04-21T03:20:38.464+0000] {processor.py:840} INFO - DAG(s) 'tutorial_taskflow_api' retrieved from /home/airflow/.local/lib/python3.8/site-packages/airflow/example_dags/tutorial_taskflow_api.py
[2026-04-21T03:20:38.489+0000] {logging_mixin.py:188} INFO - [2026-04-21T03:20:38.488+0000] {dag.py:3036} INFO - Sync 1 DAGs
[2026-04-21T03:20:38.502+0000] {logging_mixin.py:188} INFO - [2026-04-21T03:20:38.502+0000] {dag.py:3823} INFO - Setting next_dagrun for tutorial_taskflow_api to None, run_after=None
[2026-04-21T03:20:38.521+0000] {processor.py:183} INFO - Processing /home/airflow/.local/lib/python3.8/site-packages/airflow/example_dags/tutorial_taskflow_api.py took 0.074 seconds
[2026-04-21T03:21:09.001+0000] {processor.py:161} INFO - Started process (PID=3724248) to work on /home/airflow/.local/lib/python3.8/site-packages/airflow/example_dags/tutorial_taskflow_api.py
[2026-04-21T03:21:09.002+0000] {processor.py:830} INFO - Processing file /home/airflow/.local/lib/python3.8/site-packages/airflow/example_dags/tutorial_taskflow_api.py for tasks to queue
[2026-04-21T03:21:09.004+0000] {logging_mixin.py:188} INFO - [2026-04-21T03:21:09.004+0000] {dagbag.py:538} INFO - Filling up the DagBag from /home/airflow/.local/lib/python3.8/site-packages/airflow/example_dags/tutorial_taskflow_api.py
[2026-04-21T03:21:09.012+0000] {processor.py:840} INFO - DAG(s) 'tutorial_taskflow_api' retrieved from /home/airflow/.local/lib/python3.8/site-packages/airflow/example_dags/tutorial_taskflow_api.py
[2026-04-21T03:21:09.036+0000] {logging_mixin.py:188} INFO - [2026-04-21T03:21:09.036+0000] {dag.py:3036} INFO - Sync 1 DAGs
[2026-04-21T03:21:09.050+0000] {logging_mixin.py:188} INFO - [2026-04-21T03:21:09.050+0000] {dag.py:3823} INFO - Setting next_dagrun for tutorial_taskflow_api to None, run_after=None
[2026-04-21T03:21:09.069+0000] {processor.py:183} INFO - Processing /home/airflow/.local/lib/python3.8/site-packages/airflow/example_dags/tutorial_taskflow_api.py took 0.073 seconds
[2026-04-21T03:21:39.162+0000] {processor.py:161} INFO - Started process (PID=3724305) to work on /home/airflow/.local/lib/python3.8/site-packages/airflow/example_dags/tutorial_taskflow_api.py
[2026-04-21T03:21:39.164+0000] {processor.py:830} INFO - Processing file /home/airflow/.local/lib/python3.8/site-packages/airflow/example_dags/tutorial_taskflow_api.py for tasks to queue
[2026-04-21T03:21:39.166+0000] {logging_mixin.py:188} INFO - [2026-04-21T03:21:39.165+0000] {dagbag.py:538} INFO - Filling up the DagBag from /home/airflow/.local/lib/python3.8/site-packages/airflow/example_dags/tutorial_taskflow_api.py
[2026-04-21T03:21:39.175+0000] {processor.py:840} INFO - DAG(s) 'tutorial_taskflow_api' retrieved from /home/airflow/.local/lib/python3.8/site-packages/airflow/example_dags/tutorial_taskflow_api.py
[2026-04-21T03:21:39.205+0000] {logging_mixin.py:188} INFO - [2026-04-21T03:21:39.204+0000] {dag.py:3036} INFO - Sync 1 DAGs
[2026-04-21T03:21:39.221+0000] {logging_mixin.py:188} INFO - [2026-04-21T03:21:39.221+0000] {dag.py:3823} INFO - Setting next_dagrun for tutorial_taskflow_api to None, run_after=None
[2026-04-21T03:21:39.242+0000] {processor.py:183} INFO - Processing /home/airflow/.local/lib/python3.8/site-packages/airflow/example_dags/tutorial_taskflow_api.py took 0.084 seconds
[2026-04-21T03:22:09.790+0000] {processor.py:161} INFO - Started process (PID=3724362) to work on /home/airflow/.local/lib/python3.8/site-packages/airflow/example_dags/tutorial_taskflow_api.py
[2026-04-21T03:22:09.792+0000] {processor.py:830} INFO - Processing file /home/airflow/.local/lib/python3.8/site-packages/airflow/example_dags/tutorial_taskflow_api.py for tasks to queue
[2026-04-21T03:22:09.794+0000] {logging_mixin.py:188} INFO - [2026-04-21T03:22:09.794+0000] {dagbag.py:538} INFO - Filling up the DagBag from /home/airflow/.local/lib/python3.8/site-packages/airflow/example_dags/tutorial_taskflow_api.py
[2026-04-21T03:22:09.803+0000] {processor.py:840} INFO - DAG(s) 'tutorial_taskflow_api' retrieved from /home/airflow/.local/lib/python3.8/site-packages/airflow/example_dags/tutorial_taskflow_api.py
[2026-04-21T03:22:09.827+0000] {logging_mixin.py:188} INFO - [2026-04-21T03:22:09.827+0000] {dag.py:3036} INFO - Sync 1 DAGs
[2026-04-21T03:22:09.842+0000] {logging_mixin.py:188} INFO - [2026-04-21T03:22:09.841+0000] {dag.py:3823} INFO - Setting next_dagrun for tutorial_taskflow_api to None, run_after=None
[2026-04-21T03:22:09.861+0000] {processor.py:183} INFO - Processing /home/airflow/.local/lib/python3.8/site-packages/airflow/example_dags/tutorial_taskflow_api.py took 0.076 seconds
[2026-04-21T03:22:40.112+0000] {processor.py:161} INFO - Started process (PID=3724419) to work on /home/airflow/.local/lib/python3.8/site-packages/airflow/example_dags/tutorial_taskflow_api.py
[2026-04-21T03:22:40.114+0000] {processor.py:830} INFO - Processing file /home/airflow/.local/lib/python3.8/site-packages/airflow/example_dags/tutorial_taskflow_api.py for tasks to queue
[2026-04-21T03:22:40.116+0000] {logging_mixin.py:188} INFO - [2026-04-21T03:22:40.116+0000] {dagbag.py:538} INFO - Filling up the DagBag from /home/airflow/.local/lib/python3.8/site-packages/airflow/example_dags/tutorial_taskflow_api.py
[2026-04-21T03:22:40.124+0000] {processor.py:840} INFO - DAG(s) 'tutorial_taskflow_api' retrieved from /home/airflow/.local/lib/python3.8/site-packages/airflow/example_dags/tutorial_taskflow_api.py
[2026-04-21T03:22:40.149+0000] {logging_mixin.py:188} INFO - [2026-04-21T03:22:40.148+0000] {dag.py:3036} INFO - Sync 1 DAGs
[2026-04-21T03:22:40.163+0000] {logging_mixin.py:188} INFO - [2026-04-21T03:22:40.163+0000] {dag.py:3823} INFO - Setting next_dagrun for tutorial_taskflow_api to None, run_after=None
[2026-04-21T03:22:40.184+0000] {processor.py:183} INFO - Processing /home/airflow/.local/lib/python3.8/site-packages/airflow/example_dags/tutorial_taskflow_api.py took 0.076 seconds
[2026-04-21T03:23:10.298+0000] {processor.py:161} INFO - Started process (PID=3724476) to work on /home/airflow/.local/lib/python3.8/site-packages/airflow/example_dags/tutorial_taskflow_api.py
[2026-04-21T03:23:10.300+0000] {processor.py:830} INFO - Processing file /home/airflow/.local/lib/python3.8/site-packages/airflow/example_dags/tutorial_taskflow_api.py for tasks to queue
[2026-04-21T03:23:10.303+0000] {logging_mixin.py:188} INFO - [2026-04-21T03:23:10.302+0000] {dagbag.py:538} INFO - Filling up the DagBag from /home/airflow/.local/lib/python3.8/site-packages/airflow/example_dags/tutorial_taskflow_api.py
[2026-04-21T03:23:10.311+0000] {processor.py:840} INFO - DAG(s) 'tutorial_taskflow_api' retrieved from /home/airflow/.local/lib/python3.8/site-packages/airflow/example_dags/tutorial_taskflow_api.py
[2026-04-21T03:23:10.341+0000] {logging_mixin.py:188} INFO - [2026-04-21T03:23:10.340+0000] {dag.py:3036} INFO - Sync 1 DAGs
[2026-04-21T03:23:10.355+0000] {logging_mixin.py:188} INFO - [2026-04-21T03:23:10.355+0000] {dag.py:3823} INFO - Setting next_dagrun for tutorial_taskflow_api to None, run_after=None
[2026-04-21T03:23:10.376+0000] {processor.py:183} INFO - Processing /home/airflow/.local/lib/python3.8/site-packages/airflow/example_dags/tutorial_taskflow_api.py took 0.082 seconds
[2026-04-21T03:23:40.641+0000] {processor.py:161} INFO - Started process (PID=3724533) to work on /home/airflow/.local/lib/python3.8/site-packages/airflow/example_dags/tutorial_taskflow_api.py
[2026-04-21T03:23:40.642+0000] {processor.py:830} INFO - Processing file /home/airflow/.local/lib/python3.8/site-packages/airflow/example_dags/tutorial_taskflow_api.py for tasks to queue
[2026-04-21T03:23:40.644+0000] {logging_mixin.py:188} INFO - [2026-04-21T03:23:40.644+0000] {dagbag.py:538} INFO - Filling up the DagBag from /home/airflow/.local/lib/python3.8/site-packages/airflow/example_dags/tutorial_taskflow_api.py
[2026-04-21T03:23:40.652+0000] {processor.py:840} INFO - DAG(s) 'tutorial_taskflow_api' retrieved from /home/airflow/.local/lib/python3.8/site-packages/airflow/example_dags/tutorial_taskflow_api.py
[2026-04-21T03:23:40.677+0000] {logging_mixin.py:188} INFO - [2026-04-21T03:23:40.676+0000] {dag.py:3036} INFO - Sync 1 DAGs
[2026-04-21T03:23:40.691+0000] {logging_mixin.py:188} INFO - [2026-04-21T03:23:40.691+0000] {dag.py:3823} INFO - Setting next_dagrun for tutorial_taskflow_api to None, run_after=None
[2026-04-21T03:23:40.710+0000] {processor.py:183} INFO - Processing /home/airflow/.local/lib/python3.8/site-packages/airflow/example_dags/tutorial_taskflow_api.py took 0.073 seconds
[2026-04-21T03:24:10.828+0000] {processor.py:161} INFO - Started process (PID=3724590) to work on /home/airflow/.local/lib/python3.8/site-packages/airflow/example_dags/tutorial_taskflow_api.py
[2026-04-21T03:24:10.830+0000] {processor.py:830} INFO - Processing file /home/airflow/.local/lib/python3.8/site-packages/airflow/example_dags/tutorial_taskflow_api.py for tasks to queue
[2026-04-21T03:24:10.832+0000] {logging_mixin.py:188} INFO - [2026-04-21T03:24:10.832+0000] {dagbag.py:538} INFO - Filling up the DagBag from /home/airflow/.local/lib/python3.8/site-packages/airflow/example_dags/tutorial_taskflow_api.py
[2026-04-21T03:24:10.840+0000] {processor.py:840} INFO - DAG(s) 'tutorial_taskflow_api' retrieved from /home/airflow/.local/lib/python3.8/site-packages/airflow/example_dags/tutorial_taskflow_api.py
[2026-04-21T03:24:10.868+0000] {logging_mixin.py:188} INFO - [2026-04-21T03:24:10.868+0000] {dag.py:3036} INFO - Sync 1 DAGs
[2026-04-21T03:24:10.882+0000] {logging_mixin.py:188} INFO - [2026-04-21T03:24:10.882+0000] {dag.py:3823} INFO - Setting next_dagrun for tutorial_taskflow_api to None, run_after=None
[2026-04-21T03:24:10.901+0000] {processor.py:183} INFO - Processing /home/airflow/.local/lib/python3.8/site-packages/airflow/example_dags/tutorial_taskflow_api.py took 0.078 seconds
[2026-04-21T03:24:41.182+0000] {processor.py:161} INFO - Started process (PID=3724647) to work on /home/airflow/.local/lib/python3.8/site-packages/airflow/example_dags/tutorial_taskflow_api.py
[2026-04-21T03:24:41.184+0000] {processor.py:830} INFO - Processing file /home/airflow/.local/lib/python3.8/site-packages/airflow/example_dags/tutorial_taskflow_api.py for tasks to queue
[2026-04-21T03:24:41.187+0000] {logging_mixin.py:188} INFO - [2026-04-21T03:24:41.186+0000] {dagbag.py:538} INFO - Filling up the DagBag from /home/airflow/.local/lib/python3.8/site-packages/airflow/example_dags/tutorial_taskflow_api.py
[2026-04-21T03:24:41.195+0000] {processor.py:840} INFO - DAG(s) 'tutorial_taskflow_api' retrieved from /home/airflow/.local/lib/python3.8/site-packages/airflow/example_dags/tutorial_taskflow_api.py
[2026-04-21T03:24:41.219+0000] {logging_mixin.py:188} INFO - [2026-04-21T03:24:41.219+0000] {dag.py:3036} INFO - Sync 1 DAGs
[2026-04-21T03:24:41.233+0000] {logging_mixin.py:188} INFO - [2026-04-21T03:24:41.233+0000] {dag.py:3823} INFO - Setting next_dagrun for tutorial_taskflow_api to None, run_after=None
[2026-04-21T03:24:41.252+0000] {processor.py:183} INFO - Processing /home/airflow/.local/lib/python3.8/site-packages/airflow/example_dags/tutorial_taskflow_api.py took 0.075 seconds
[2026-04-21T03:25:11.889+0000] {processor.py:161} INFO - Started process (PID=3724704) to work on /home/airflow/.local/lib/python3.8/site-packages/airflow/example_dags/tutorial_taskflow_api.py
[2026-04-21T03:25:11.891+0000] {processor.py:830} INFO - Processing file /home/airflow/.local/lib/python3.8/site-packages/airflow/example_dags/tutorial_taskflow_api.py for tasks to queue
[2026-04-21T03:25:11.893+0000] {logging_mixin.py:188} INFO - [2026-04-21T03:25:11.893+0000] {dagbag.py:538} INFO - Filling up the DagBag from /home/airflow/.local/lib/python3.8/site-packages/airflow/example_dags/tutorial_taskflow_api.py
[2026-04-21T03:25:11.901+0000] {processor.py:840} INFO - DAG(s) 'tutorial_taskflow_api' retrieved from /home/airflow/.local/lib/python3.8/site-packages/airflow/example_dags/tutorial_taskflow_api.py
[2026-04-21T03:25:11.926+0000] {logging_mixin.py:188} INFO - [2026-04-21T03:25:11.926+0000] {dag.py:3036} INFO - Sync 1 DAGs
[2026-04-21T03:25:11.941+0000] {logging_mixin.py:188} INFO - [2026-04-21T03:25:11.940+0000] {dag.py:3823} INFO - Setting next_dagrun for tutorial_taskflow_api to None, run_after=None
[2026-04-21T03:25:11.959+0000] {processor.py:183} INFO - Processing /home/airflow/.local/lib/python3.8/site-packages/airflow/example_dags/tutorial_taskflow_api.py took 0.075 seconds
[2026-04-21T03:25:42.271+0000] {processor.py:161} INFO - Started process (PID=3724761) to work on /home/airflow/.local/lib/python3.8/site-packages/airflow/example_dags/tutorial_taskflow_api.py
[2026-04-21T03:25:42.273+0000] {processor.py:830} INFO - Processing file /home/airflow/.local/lib/python3.8/site-packages/airflow/example_dags/tutorial_taskflow_api.py for tasks to queue
[2026-04-21T03:25:42.275+0000] {logging_mixin.py:188} INFO - [2026-04-21T03:25:42.275+0000] {dagbag.py:538} INFO - Filling up the DagBag from /home/airflow/.local/lib/python3.8/site-packages/airflow/example_dags/tutorial_taskflow_api.py
[2026-04-21T03:25:42.284+0000] {processor.py:840} INFO - DAG(s) 'tutorial_taskflow_api' retrieved from /home/airflow/.local/lib/python3.8/site-packages/airflow/example_dags/tutorial_taskflow_api.py
[2026-04-21T03:25:42.308+0000] {logging_mixin.py:188} INFO - [2026-04-21T03:25:42.308+0000] {dag.py:3036} INFO - Sync 1 DAGs
[2026-04-21T03:25:42.322+0000] {logging_mixin.py:188} INFO - [2026-04-21T03:25:42.322+0000] {dag.py:3823} INFO - Setting next_dagrun for tutorial_taskflow_api to None, run_after=None
[2026-04-21T03:25:42.342+0000] {processor.py:183} INFO - Processing /home/airflow/.local/lib/python3.8/site-packages/airflow/example_dags/tutorial_taskflow_api.py took 0.075 seconds
[2026-04-21T03:26:12.706+0000] {processor.py:161} INFO - Started process (PID=3724818) to work on /home/airflow/.local/lib/python3.8/site-packages/airflow/example_dags/tutorial_taskflow_api.py
[2026-04-21T03:26:12.708+0000] {processor.py:830} INFO - Processing file /home/airflow/.local/lib/python3.8/site-packages/airflow/example_dags/tutorial_taskflow_api.py for tasks to queue
[2026-04-21T03:26:12.710+0000] {logging_mixin.py:188} INFO - [2026-04-21T03:26:12.710+0000] {dagbag.py:538} INFO - Filling up the DagBag from /home/airflow/.local/lib/python3.8/site-packages/airflow/example_dags/tutorial_taskflow_api.py
[2026-04-21T03:26:12.719+0000] {processor.py:840} INFO - DAG(s) 'tutorial_taskflow_api' retrieved from /home/airflow/.local/lib/python3.8/site-packages/airflow/example_dags/tutorial_taskflow_api.py
[2026-04-21T03:26:12.743+0000] {logging_mixin.py:188} INFO - [2026-04-21T03:26:12.743+0000] {dag.py:3036} INFO - Sync 1 DAGs
[2026-04-21T03:26:12.758+0000] {logging_mixin.py:188} INFO - [2026-04-21T03:26:12.757+0000] {dag.py:3823} INFO - Setting next_dagrun for tutorial_taskflow_api to None, run_after=None
[2026-04-21T03:26:12.777+0000] {processor.py:183} INFO - Processing /home/airflow/.local/lib/python3.8/site-packages/airflow/example_dags/tutorial_taskflow_api.py took 0.076 seconds
[2026-04-21T03:26:43.313+0000] {processor.py:161} INFO - Started process (PID=3724875) to work on /home/airflow/.local/lib/python3.8/site-packages/airflow/example_dags/tutorial_taskflow_api.py
[2026-04-21T03:26:43.315+0000] {processor.py:830} INFO - Processing file /home/airflow/.local/lib/python3.8/site-packages/airflow/example_dags/tutorial_taskflow_api.py for tasks to queue
[2026-04-21T03:26:43.317+0000] {logging_mixin.py:188} INFO - [2026-04-21T03:26:43.317+0000] {dagbag.py:538} INFO - Filling up the DagBag from /home/airflow/.local/lib/python3.8/site-packages/airflow/example_dags/tutorial_taskflow_api.py
[2026-04-21T03:26:43.325+0000] {processor.py:840} INFO - DAG(s) 'tutorial_taskflow_api' retrieved from /home/airflow/.local/lib/python3.8/site-packages/airflow/example_dags/tutorial_taskflow_api.py
[2026-04-21T03:26:43.351+0000] {logging_mixin.py:188} INFO - [2026-04-21T03:26:43.351+0000] {dag.py:3036} INFO - Sync 1 DAGs
[2026-04-21T03:26:43.366+0000] {logging_mixin.py:188} INFO - [2026-04-21T03:26:43.366+0000] {dag.py:3823} INFO - Setting next_dagrun for tutorial_taskflow_api to None, run_after=None
[2026-04-21T03:26:43.387+0000] {processor.py:183} INFO - Processing /home/airflow/.local/lib/python3.8/site-packages/airflow/example_dags/tutorial_taskflow_api.py took 0.078 seconds
[2026-04-21T03:27:13.481+0000] {processor.py:161} INFO - Started process (PID=3724932) to work on /home/airflow/.local/lib/python3.8/site-packages/airflow/example_dags/tutorial_taskflow_api.py
[2026-04-21T03:27:13.483+0000] {processor.py:830} INFO - Processing file /home/airflow/.local/lib/python3.8/site-packages/airflow/example_dags/tutorial_taskflow_api.py for tasks to queue
[2026-04-21T03:27:13.486+0000] {logging_mixin.py:188} INFO - [2026-04-21T03:27:13.486+0000] {dagbag.py:538} INFO - Filling up the DagBag from /home/airflow/.local/lib/python3.8/site-packages/airflow/example_dags/tutorial_taskflow_api.py
[2026-04-21T03:27:13.494+0000] {processor.py:840} INFO - DAG(s) 'tutorial_taskflow_api' retrieved from /home/airflow/.local/lib/python3.8/site-packages/airflow/example_dags/tutorial_taskflow_api.py
[2026-04-21T03:27:13.520+0000] {logging_mixin.py:188} INFO - [2026-04-21T03:27:13.520+0000] {dag.py:3036} INFO - Sync 1 DAGs
[2026-04-21T03:27:13.535+0000] {logging_mixin.py:188} INFO - [2026-04-21T03:27:13.535+0000] {dag.py:3823} INFO - Setting next_dagrun for tutorial_taskflow_api to None, run_after=None
[2026-04-21T03:27:13.556+0000] {processor.py:183} INFO - Processing /home/airflow/.local/lib/python3.8/site-packages/airflow/example_dags/tutorial_taskflow_api.py took 0.079 seconds
[2026-04-21T03:27:44.243+0000] {processor.py:161} INFO - Started process (PID=3724989) to work on /home/airflow/.local/lib/python3.8/site-packages/airflow/example_dags/tutorial_taskflow_api.py
[2026-04-21T03:27:44.245+0000] {processor.py:830} INFO - Processing file /home/airflow/.local/lib/python3.8/site-packages/airflow/example_dags/tutorial_taskflow_api.py for tasks to queue
[2026-04-21T03:27:44.247+0000] {logging_mixin.py:188} INFO - [2026-04-21T03:27:44.247+0000] {dagbag.py:538} INFO - Filling up the DagBag from /home/airflow/.local/lib/python3.8/site-packages/airflow/example_dags/tutorial_taskflow_api.py
[2026-04-21T03:27:44.255+0000] {processor.py:840} INFO - DAG(s) 'tutorial_taskflow_api' retrieved from /home/airflow/.local/lib/python3.8/site-packages/airflow/example_dags/tutorial_taskflow_api.py
[2026-04-21T03:27:44.280+0000] {logging_mixin.py:188} INFO - [2026-04-21T03:27:44.280+0000] {dag.py:3036} INFO - Sync 1 DAGs
[2026-04-21T03:27:44.295+0000] {logging_mixin.py:188} INFO - [2026-04-21T03:27:44.295+0000] {dag.py:3823} INFO - Setting next_dagrun for tutorial_taskflow_api to None, run_after=None
[2026-04-21T03:27:44.315+0000] {processor.py:183} INFO - Processing /home/airflow/.local/lib/python3.8/site-packages/airflow/example_dags/tutorial_taskflow_api.py took 0.076 seconds
[2026-04-21T03:28:14.851+0000] {processor.py:161} INFO - Started process (PID=3725046) to work on /home/airflow/.local/lib/python3.8/site-packages/airflow/example_dags/tutorial_taskflow_api.py
[2026-04-21T03:28:14.853+0000] {processor.py:830} INFO - Processing file /home/airflow/.local/lib/python3.8/site-packages/airflow/example_dags/tutorial_taskflow_api.py for tasks to queue
[2026-04-21T03:28:14.856+0000] {logging_mixin.py:188} INFO - [2026-04-21T03:28:14.855+0000] {dagbag.py:538} INFO - Filling up the DagBag from /home/airflow/.local/lib/python3.8/site-packages/airflow/example_dags/tutorial_taskflow_api.py
[2026-04-21T03:28:14.864+0000] {processor.py:840} INFO - DAG(s) 'tutorial_taskflow_api' retrieved from /home/airflow/.local/lib/python3.8/site-packages/airflow/example_dags/tutorial_taskflow_api.py
[2026-04-21T03:28:14.890+0000] {logging_mixin.py:188} INFO - [2026-04-21T03:28:14.889+0000] {dag.py:3036} INFO - Sync 1 DAGs
[2026-04-21T03:28:14.904+0000] {logging_mixin.py:188} INFO - [2026-04-21T03:28:14.904+0000] {dag.py:3823} INFO - Setting next_dagrun for tutorial_taskflow_api to None, run_after=None
[2026-04-21T03:28:15.132+0000] {processor.py:183} INFO - Processing /home/airflow/.local/lib/python3.8/site-packages/airflow/example_dags/tutorial_taskflow_api.py took 0.285 seconds
[2026-04-21T03:28:45.578+0000] {processor.py:161} INFO - Started process (PID=3725103) to work on /home/airflow/.local/lib/python3.8/site-packages/airflow/example_dags/tutorial_taskflow_api.py
[2026-04-21T03:28:45.580+0000] {processor.py:830} INFO - Processing file /home/airflow/.local/lib/python3.8/site-packages/airflow/example_dags/tutorial_taskflow_api.py for tasks to queue
[2026-04-21T03:28:45.582+0000] {logging_mixin.py:188} INFO - [2026-04-21T03:28:45.582+0000] {dagbag.py:538} INFO - Filling up the DagBag from /home/airflow/.local/lib/python3.8/site-packages/airflow/example_dags/tutorial_taskflow_api.py
[2026-04-21T03:28:45.590+0000] {processor.py:840} INFO - DAG(s) 'tutorial_taskflow_api' retrieved from /home/airflow/.local/lib/python3.8/site-packages/airflow/example_dags/tutorial_taskflow_api.py
[2026-04-21T03:28:45.614+0000] {logging_mixin.py:188} INFO - [2026-04-21T03:28:45.614+0000] {dag.py:3036} INFO - Sync 1 DAGs
[2026-04-21T03:28:45.632+0000] {logging_mixin.py:188} INFO - [2026-04-21T03:28:45.632+0000] {dag.py:3823} INFO - Setting next_dagrun for tutorial_taskflow_api to None, run_after=None
[2026-04-21T03:28:45.652+0000] {processor.py:183} INFO - Processing /home/airflow/.local/lib/python3.8/site-packages/airflow/example_dags/tutorial_taskflow_api.py took 0.078 seconds
[2026-04-21T03:29:15.805+0000] {processor.py:161} INFO - Started process (PID=3725160) to work on /home/airflow/.local/lib/python3.8/site-packages/airflow/example_dags/tutorial_taskflow_api.py
[2026-04-21T03:29:15.806+0000] {processor.py:830} INFO - Processing file /home/airflow/.local/lib/python3.8/site-packages/airflow/example_dags/tutorial_taskflow_api.py for tasks to queue
[2026-04-21T03:29:15.809+0000] {logging_mixin.py:188} INFO - [2026-04-21T03:29:15.808+0000] {dagbag.py:538} INFO - Filling up the DagBag from /home/airflow/.local/lib/python3.8/site-packages/airflow/example_dags/tutorial_taskflow_api.py
[2026-04-21T03:29:15.817+0000] {processor.py:840} INFO - DAG(s) 'tutorial_taskflow_api' retrieved from /home/airflow/.local/lib/python3.8/site-packages/airflow/example_dags/tutorial_taskflow_api.py
[2026-04-21T03:29:15.847+0000] {logging_mixin.py:188} INFO - [2026-04-21T03:29:15.847+0000] {dag.py:3036} INFO - Sync 1 DAGs
[2026-04-21T03:29:15.865+0000] {logging_mixin.py:188} INFO - [2026-04-21T03:29:15.865+0000] {dag.py:3823} INFO - Setting next_dagrun for tutorial_taskflow_api to None, run_after=None
[2026-04-21T03:29:15.890+0000] {processor.py:183} INFO - Processing /home/airflow/.local/lib/python3.8/site-packages/airflow/example_dags/tutorial_taskflow_api.py took 0.090 seconds
[2026-04-21T03:29:46.242+0000] {processor.py:161} INFO - Started process (PID=3725217) to work on /home/airflow/.local/lib/python3.8/site-packages/airflow/example_dags/tutorial_taskflow_api.py
[2026-04-21T03:29:46.244+0000] {processor.py:830} INFO - Processing file /home/airflow/.local/lib/python3.8/site-packages/airflow/example_dags/tutorial_taskflow_api.py for tasks to queue
[2026-04-21T03:29:46.246+0000] {logging_mixin.py:188} INFO - [2026-04-21T03:29:46.246+0000] {dagbag.py:538} INFO - Filling up the DagBag from /home/airflow/.local/lib/python3.8/site-packages/airflow/example_dags/tutorial_taskflow_api.py
[2026-04-21T03:29:46.254+0000] {processor.py:840} INFO - DAG(s) 'tutorial_taskflow_api' retrieved from /home/airflow/.local/lib/python3.8/site-packages/airflow/example_dags/tutorial_taskflow_api.py
[2026-04-21T03:29:46.278+0000] {logging_mixin.py:188} INFO - [2026-04-21T03:29:46.278+0000] {dag.py:3036} INFO - Sync 1 DAGs
[2026-04-21T03:29:46.292+0000] {logging_mixin.py:188} INFO - [2026-04-21T03:29:46.292+0000] {dag.py:3823} INFO - Setting next_dagrun for tutorial_taskflow_api to None, run_after=None
[2026-04-21T03:29:46.311+0000] {processor.py:183} INFO - Processing /home/airflow/.local/lib/python3.8/site-packages/airflow/example_dags/tutorial_taskflow_api.py took 0.074 seconds
[2026-04-21T03:30:16.847+0000] {processor.py:161} INFO - Started process (PID=3725275) to work on /home/airflow/.local/lib/python3.8/site-packages/airflow/example_dags/tutorial_taskflow_api.py
[2026-04-21T03:30:16.849+0000] {processor.py:830} INFO - Processing file /home/airflow/.local/lib/python3.8/site-packages/airflow/example_dags/tutorial_taskflow_api.py for tasks to queue
[2026-04-21T03:30:16.852+0000] {logging_mixin.py:188} INFO - [2026-04-21T03:30:16.851+0000] {dagbag.py:538} INFO - Filling up the DagBag from /home/airflow/.local/lib/python3.8/site-packages/airflow/example_dags/tutorial_taskflow_api.py
[2026-04-21T03:30:16.860+0000] {processor.py:840} INFO - DAG(s) 'tutorial_taskflow_api' retrieved from /home/airflow/.local/lib/python3.8/site-packages/airflow/example_dags/tutorial_taskflow_api.py
[2026-04-21T03:30:16.884+0000] {logging_mixin.py:188} INFO - [2026-04-21T03:30:16.884+0000] {dag.py:3036} INFO - Sync 1 DAGs
[2026-04-21T03:30:16.899+0000] {logging_mixin.py:188} INFO - [2026-04-21T03:30:16.898+0000] {dag.py:3823} INFO - Setting next_dagrun for tutorial_taskflow_api to None, run_after=None
[2026-04-21T03:30:16.917+0000] {processor.py:183} INFO - Processing /home/airflow/.local/lib/python3.8/site-packages/airflow/example_dags/tutorial_taskflow_api.py took 0.074 seconds
[2026-04-21T03:30:47.715+0000] {processor.py:161} INFO - Started process (PID=3725332) to work on /home/airflow/.local/lib/python3.8/site-packages/airflow/example_dags/tutorial_taskflow_api.py
[2026-04-21T03:30:47.717+0000] {processor.py:830} INFO - Processing file /home/airflow/.local/lib/python3.8/site-packages/airflow/example_dags/tutorial_taskflow_api.py for tasks to queue
[2026-04-21T03:30:47.719+0000] {logging_mixin.py:188} INFO - [2026-04-21T03:30:47.719+0000] {dagbag.py:538} INFO - Filling up the DagBag from /home/airflow/.local/lib/python3.8/site-packages/airflow/example_dags/tutorial_taskflow_api.py
[2026-04-21T03:30:47.728+0000] {processor.py:840} INFO - DAG(s) 'tutorial_taskflow_api' retrieved from /home/airflow/.local/lib/python3.8/site-packages/airflow/example_dags/tutorial_taskflow_api.py
[2026-04-21T03:30:47.969+0000] {logging_mixin.py:188} INFO - [2026-04-21T03:30:47.969+0000] {dag.py:3036} INFO - Sync 1 DAGs
[2026-04-21T03:30:47.982+0000] {logging_mixin.py:188} INFO - [2026-04-21T03:30:47.981+0000] {dag.py:3823} INFO - Setting next_dagrun for tutorial_taskflow_api to None, run_after=None
[2026-04-21T03:30:48.000+0000] {processor.py:183} INFO - Processing /home/airflow/.local/lib/python3.8/site-packages/airflow/example_dags/tutorial_taskflow_api.py took 0.290 seconds
[2026-04-21T03:31:18.239+0000] {processor.py:161} INFO - Started process (PID=3725389) to work on /home/airflow/.local/lib/python3.8/site-packages/airflow/example_dags/tutorial_taskflow_api.py
[2026-04-21T03:31:18.242+0000] {processor.py:830} INFO - Processing file /home/airflow/.local/lib/python3.8/site-packages/airflow/example_dags/tutorial_taskflow_api.py for tasks to queue
[2026-04-21T03:31:18.244+0000] {logging_mixin.py:188} INFO - [2026-04-21T03:31:18.244+0000] {dagbag.py:538} INFO - Filling up the DagBag from /home/airflow/.local/lib/python3.8/site-packages/airflow/example_dags/tutorial_taskflow_api.py
[2026-04-21T03:31:18.253+0000] {processor.py:840} INFO - DAG(s) 'tutorial_taskflow_api' retrieved from /home/airflow/.local/lib/python3.8/site-packages/airflow/example_dags/tutorial_taskflow_api.py
[2026-04-21T03:31:18.277+0000] {logging_mixin.py:188} INFO - [2026-04-21T03:31:18.277+0000] {dag.py:3036} INFO - Sync 1 DAGs
[2026-04-21T03:31:18.509+0000] {logging_mixin.py:188} INFO - [2026-04-21T03:31:18.508+0000] {dag.py:3823} INFO - Setting next_dagrun for tutorial_taskflow_api to None, run_after=None
[2026-04-21T03:31:18.529+0000] {processor.py:183} INFO - Processing /home/airflow/.local/lib/python3.8/site-packages/airflow/example_dags/tutorial_taskflow_api.py took 0.295 seconds
[2026-04-21T03:31:49.430+0000] {processor.py:161} INFO - Started process (PID=3725446) to work on /home/airflow/.local/lib/python3.8/site-packages/airflow/example_dags/tutorial_taskflow_api.py
[2026-04-21T03:31:49.432+0000] {processor.py:830} INFO - Processing file /home/airflow/.local/lib/python3.8/site-packages/airflow/example_dags/tutorial_taskflow_api.py for tasks to queue
[2026-04-21T03:31:49.435+0000] {logging_mixin.py:188} INFO - [2026-04-21T03:31:49.434+0000] {dagbag.py:538} INFO - Filling up the DagBag from /home/airflow/.local/lib/python3.8/site-packages/airflow/example_dags/tutorial_taskflow_api.py
[2026-04-21T03:31:49.443+0000] {processor.py:840} INFO - DAG(s) 'tutorial_taskflow_api' retrieved from /home/airflow/.local/lib/python3.8/site-packages/airflow/example_dags/tutorial_taskflow_api.py
[2026-04-21T03:31:49.467+0000] {logging_mixin.py:188} INFO - [2026-04-21T03:31:49.467+0000] {dag.py:3036} INFO - Sync 1 DAGs
[2026-04-21T03:31:49.481+0000] {logging_mixin.py:188} INFO - [2026-04-21T03:31:49.481+0000] {dag.py:3823} INFO - Setting next_dagrun for tutorial_taskflow_api to None, run_after=None
[2026-04-21T03:31:49.501+0000] {processor.py:183} INFO - Processing /home/airflow/.local/lib/python3.8/site-packages/airflow/example_dags/tutorial_taskflow_api.py took 0.075 seconds
[2026-04-21T03:32:20.191+0000] {processor.py:161} INFO - Started process (PID=3725503) to work on /home/airflow/.local/lib/python3.8/site-packages/airflow/example_dags/tutorial_taskflow_api.py
[2026-04-21T03:32:20.194+0000] {processor.py:830} INFO - Processing file /home/airflow/.local/lib/python3.8/site-packages/airflow/example_dags/tutorial_taskflow_api.py for tasks to queue
[2026-04-21T03:32:20.196+0000] {logging_mixin.py:188} INFO - [2026-04-21T03:32:20.196+0000] {dagbag.py:538} INFO - Filling up the DagBag from /home/airflow/.local/lib/python3.8/site-packages/airflow/example_dags/tutorial_taskflow_api.py
[2026-04-21T03:32:20.205+0000] {processor.py:840} INFO - DAG(s) 'tutorial_taskflow_api' retrieved from /home/airflow/.local/lib/python3.8/site-packages/airflow/example_dags/tutorial_taskflow_api.py
[2026-04-21T03:32:20.229+0000] {logging_mixin.py:188} INFO - [2026-04-21T03:32:20.228+0000] {dag.py:3036} INFO - Sync 1 DAGs
[2026-04-21T03:32:20.243+0000] {logging_mixin.py:188} INFO - [2026-04-21T03:32:20.242+0000] {dag.py:3823} INFO - Setting next_dagrun for tutorial_taskflow_api to None, run_after=None
[2026-04-21T03:32:20.262+0000] {processor.py:183} INFO - Processing /home/airflow/.local/lib/python3.8/site-packages/airflow/example_dags/tutorial_taskflow_api.py took 0.075 seconds
[2026-04-21T03:32:50.333+0000] {processor.py:161} INFO - Started process (PID=3725560) to work on /home/airflow/.local/lib/python3.8/site-packages/airflow/example_dags/tutorial_taskflow_api.py
[2026-04-21T03:32:50.335+0000] {processor.py:830} INFO - Processing file /home/airflow/.local/lib/python3.8/site-packages/airflow/example_dags/tutorial_taskflow_api.py for tasks to queue
[2026-04-21T03:32:50.337+0000] {logging_mixin.py:188} INFO - [2026-04-21T03:32:50.336+0000] {dagbag.py:538} INFO - Filling up the DagBag from /home/airflow/.local/lib/python3.8/site-packages/airflow/example_dags/tutorial_taskflow_api.py
[2026-04-21T03:32:50.346+0000] {processor.py:840} INFO - DAG(s) 'tutorial_taskflow_api' retrieved from /home/airflow/.local/lib/python3.8/site-packages/airflow/example_dags/tutorial_taskflow_api.py
[2026-04-21T03:32:50.370+0000] {logging_mixin.py:188} INFO - [2026-04-21T03:32:50.370+0000] {dag.py:3036} INFO - Sync 1 DAGs
[2026-04-21T03:32:50.384+0000] {logging_mixin.py:188} INFO - [2026-04-21T03:32:50.384+0000] {dag.py:3823} INFO - Setting next_dagrun for tutorial_taskflow_api to None, run_after=None
[2026-04-21T03:32:50.403+0000] {processor.py:183} INFO - Processing /home/airflow/.local/lib/python3.8/site-packages/airflow/example_dags/tutorial_taskflow_api.py took 0.076 seconds
[2026-04-21T03:33:20.490+0000] {processor.py:161} INFO - Started process (PID=3725618) to work on /home/airflow/.local/lib/python3.8/site-packages/airflow/example_dags/tutorial_taskflow_api.py
[2026-04-21T03:33:20.492+0000] {processor.py:830} INFO - Processing file /home/airflow/.local/lib/python3.8/site-packages/airflow/example_dags/tutorial_taskflow_api.py for tasks to queue
[2026-04-21T03:33:20.494+0000] {logging_mixin.py:188} INFO - [2026-04-21T03:33:20.494+0000] {dagbag.py:538} INFO - Filling up the DagBag from /home/airflow/.local/lib/python3.8/site-packages/airflow/example_dags/tutorial_taskflow_api.py
[2026-04-21T03:33:20.503+0000] {processor.py:840} INFO - DAG(s) 'tutorial_taskflow_api' retrieved from /home/airflow/.local/lib/python3.8/site-packages/airflow/example_dags/tutorial_taskflow_api.py
[2026-04-21T03:33:20.527+0000] {logging_mixin.py:188} INFO - [2026-04-21T03:33:20.527+0000] {dag.py:3036} INFO - Sync 1 DAGs
[2026-04-21T03:33:20.541+0000] {logging_mixin.py:188} INFO - [2026-04-21T03:33:20.541+0000] {dag.py:3823} INFO - Setting next_dagrun for tutorial_taskflow_api to None, run_after=None
[2026-04-21T03:33:20.560+0000] {processor.py:183} INFO - Processing /home/airflow/.local/lib/python3.8/site-packages/airflow/example_dags/tutorial_taskflow_api.py took 0.075 seconds
[2026-04-21T03:33:50.735+0000] {processor.py:161} INFO - Started process (PID=3725675) to work on /home/airflow/.local/lib/python3.8/site-packages/airflow/example_dags/tutorial_taskflow_api.py
[2026-04-21T03:33:50.737+0000] {processor.py:830} INFO - Processing file /home/airflow/.local/lib/python3.8/site-packages/airflow/example_dags/tutorial_taskflow_api.py for tasks to queue
[2026-04-21T03:33:50.739+0000] {logging_mixin.py:188} INFO - [2026-04-21T03:33:50.739+0000] {dagbag.py:538} INFO - Filling up the DagBag from /home/airflow/.local/lib/python3.8/site-packages/airflow/example_dags/tutorial_taskflow_api.py
[2026-04-21T03:33:50.748+0000] {processor.py:840} INFO - DAG(s) 'tutorial_taskflow_api' retrieved from /home/airflow/.local/lib/python3.8/site-packages/airflow/example_dags/tutorial_taskflow_api.py
[2026-04-21T03:33:50.772+0000] {logging_mixin.py:188} INFO - [2026-04-21T03:33:50.772+0000] {dag.py:3036} INFO - Sync 1 DAGs
[2026-04-21T03:33:50.786+0000] {logging_mixin.py:188} INFO - [2026-04-21T03:33:50.786+0000] {dag.py:3823} INFO - Setting next_dagrun for tutorial_taskflow_api to None, run_after=None
[2026-04-21T03:33:50.805+0000] {processor.py:183} INFO - Processing /home/airflow/.local/lib/python3.8/site-packages/airflow/example_dags/tutorial_taskflow_api.py took 0.075 seconds
[2026-04-21T03:34:20.924+0000] {processor.py:161} INFO - Started process (PID=3725732) to work on /home/airflow/.local/lib/python3.8/site-packages/airflow/example_dags/tutorial_taskflow_api.py
[2026-04-21T03:34:20.927+0000] {processor.py:830} INFO - Processing file /home/airflow/.local/lib/python3.8/site-packages/airflow/example_dags/tutorial_taskflow_api.py for tasks to queue
[2026-04-21T03:34:20.929+0000] {logging_mixin.py:188} INFO - [2026-04-21T03:34:20.929+0000] {dagbag.py:538} INFO - Filling up the DagBag from /home/airflow/.local/lib/python3.8/site-packages/airflow/example_dags/tutorial_taskflow_api.py
[2026-04-21T03:34:20.938+0000] {processor.py:840} INFO - DAG(s) 'tutorial_taskflow_api' retrieved from /home/airflow/.local/lib/python3.8/site-packages/airflow/example_dags/tutorial_taskflow_api.py
[2026-04-21T03:34:20.963+0000] {logging_mixin.py:188} INFO - [2026-04-21T03:34:20.962+0000] {dag.py:3036} INFO - Sync 1 DAGs
[2026-04-21T03:34:20.976+0000] {logging_mixin.py:188} INFO - [2026-04-21T03:34:20.976+0000] {dag.py:3823} INFO - Setting next_dagrun for tutorial_taskflow_api to None, run_after=None
[2026-04-21T03:34:20.996+0000] {processor.py:183} INFO - Processing /home/airflow/.local/lib/python3.8/site-packages/airflow/example_dags/tutorial_taskflow_api.py took 0.077 seconds
[2026-04-21T03:34:51.073+0000] {processor.py:161} INFO - Started process (PID=3725789) to work on /home/airflow/.local/lib/python3.8/site-packages/airflow/example_dags/tutorial_taskflow_api.py
[2026-04-21T03:34:51.075+0000] {processor.py:830} INFO - Processing file /home/airflow/.local/lib/python3.8/site-packages/airflow/example_dags/tutorial_taskflow_api.py for tasks to queue
[2026-04-21T03:34:51.078+0000] {logging_mixin.py:188} INFO - [2026-04-21T03:34:51.077+0000] {dagbag.py:538} INFO - Filling up the DagBag from /home/airflow/.local/lib/python3.8/site-packages/airflow/example_dags/tutorial_taskflow_api.py
[2026-04-21T03:34:51.086+0000] {processor.py:840} INFO - DAG(s) 'tutorial_taskflow_api' retrieved from /home/airflow/.local/lib/python3.8/site-packages/airflow/example_dags/tutorial_taskflow_api.py
[2026-04-21T03:34:51.111+0000] {logging_mixin.py:188} INFO - [2026-04-21T03:34:51.111+0000] {dag.py:3036} INFO - Sync 1 DAGs
[2026-04-21T03:34:51.125+0000] {logging_mixin.py:188} INFO - [2026-04-21T03:34:51.125+0000] {dag.py:3823} INFO - Setting next_dagrun for tutorial_taskflow_api to None, run_after=None
[2026-04-21T03:34:51.144+0000] {processor.py:183} INFO - Processing /home/airflow/.local/lib/python3.8/site-packages/airflow/example_dags/tutorial_taskflow_api.py took 0.076 seconds
[2026-04-21T03:35:21.307+0000] {processor.py:161} INFO - Started process (PID=3725846) to work on /home/airflow/.local/lib/python3.8/site-packages/airflow/example_dags/tutorial_taskflow_api.py
[2026-04-21T03:35:21.309+0000] {processor.py:830} INFO - Processing file /home/airflow/.local/lib/python3.8/site-packages/airflow/example_dags/tutorial_taskflow_api.py for tasks to queue
[2026-04-21T03:35:21.311+0000] {logging_mixin.py:188} INFO - [2026-04-21T03:35:21.311+0000] {dagbag.py:538} INFO - Filling up the DagBag from /home/airflow/.local/lib/python3.8/site-packages/airflow/example_dags/tutorial_taskflow_api.py
[2026-04-21T03:35:21.320+0000] {processor.py:840} INFO - DAG(s) 'tutorial_taskflow_api' retrieved from /home/airflow/.local/lib/python3.8/site-packages/airflow/example_dags/tutorial_taskflow_api.py
[2026-04-21T03:35:21.344+0000] {logging_mixin.py:188} INFO - [2026-04-21T03:35:21.344+0000] {dag.py:3036} INFO - Sync 1 DAGs
[2026-04-21T03:35:21.359+0000] {logging_mixin.py:188} INFO - [2026-04-21T03:35:21.359+0000] {dag.py:3823} INFO - Setting next_dagrun for tutorial_taskflow_api to None, run_after=None
[2026-04-21T03:35:21.378+0000] {processor.py:183} INFO - Processing /home/airflow/.local/lib/python3.8/site-packages/airflow/example_dags/tutorial_taskflow_api.py took 0.076 seconds
[2026-04-21T03:35:51.736+0000] {processor.py:161} INFO - Started process (PID=3725903) to work on /home/airflow/.local/lib/python3.8/site-packages/airflow/example_dags/tutorial_taskflow_api.py
[2026-04-21T03:35:51.738+0000] {processor.py:830} INFO - Processing file /home/airflow/.local/lib/python3.8/site-packages/airflow/example_dags/tutorial_taskflow_api.py for tasks to queue
[2026-04-21T03:35:51.740+0000] {logging_mixin.py:188} INFO - [2026-04-21T03:35:51.740+0000] {dagbag.py:538} INFO - Filling up the DagBag from /home/airflow/.local/lib/python3.8/site-packages/airflow/example_dags/tutorial_taskflow_api.py
[2026-04-21T03:35:51.749+0000] {processor.py:840} INFO - DAG(s) 'tutorial_taskflow_api' retrieved from /home/airflow/.local/lib/python3.8/site-packages/airflow/example_dags/tutorial_taskflow_api.py
[2026-04-21T03:35:51.773+0000] {logging_mixin.py:188} INFO - [2026-04-21T03:35:51.773+0000] {dag.py:3036} INFO - Sync 1 DAGs
[2026-04-21T03:35:51.788+0000] {logging_mixin.py:188} INFO - [2026-04-21T03:35:51.788+0000] {dag.py:3823} INFO - Setting next_dagrun for tutorial_taskflow_api to None, run_after=None
[2026-04-21T03:35:51.807+0000] {processor.py:183} INFO - Processing /home/airflow/.local/lib/python3.8/site-packages/airflow/example_dags/tutorial_taskflow_api.py took 0.075 seconds
[2026-04-21T03:36:21.972+0000] {processor.py:161} INFO - Started process (PID=3725960) to work on /home/airflow/.local/lib/python3.8/site-packages/airflow/example_dags/tutorial_taskflow_api.py
[2026-04-21T03:36:21.974+0000] {processor.py:830} INFO - Processing file /home/airflow/.local/lib/python3.8/site-packages/airflow/example_dags/tutorial_taskflow_api.py for tasks to queue
[2026-04-21T03:36:21.976+0000] {logging_mixin.py:188} INFO - [2026-04-21T03:36:21.976+0000] {dagbag.py:538} INFO - Filling up the DagBag from /home/airflow/.local/lib/python3.8/site-packages/airflow/example_dags/tutorial_taskflow_api.py
[2026-04-21T03:36:21.985+0000] {processor.py:840} INFO - DAG(s) 'tutorial_taskflow_api' retrieved from /home/airflow/.local/lib/python3.8/site-packages/airflow/example_dags/tutorial_taskflow_api.py
[2026-04-21T03:36:22.010+0000] {logging_mixin.py:188} INFO - [2026-04-21T03:36:22.009+0000] {dag.py:3036} INFO - Sync 1 DAGs
[2026-04-21T03:36:22.023+0000] {logging_mixin.py:188} INFO - [2026-04-21T03:36:22.023+0000] {dag.py:3823} INFO - Setting next_dagrun for tutorial_taskflow_api to None, run_after=None
[2026-04-21T03:36:22.043+0000] {processor.py:183} INFO - Processing /home/airflow/.local/lib/python3.8/site-packages/airflow/example_dags/tutorial_taskflow_api.py took 0.076 seconds
[2026-04-21T03:36:52.122+0000] {processor.py:161} INFO - Started process (PID=3726017) to work on /home/airflow/.local/lib/python3.8/site-packages/airflow/example_dags/tutorial_taskflow_api.py
[2026-04-21T03:36:52.124+0000] {processor.py:830} INFO - Processing file /home/airflow/.local/lib/python3.8/site-packages/airflow/example_dags/tutorial_taskflow_api.py for tasks to queue
[2026-04-21T03:36:52.126+0000] {logging_mixin.py:188} INFO - [2026-04-21T03:36:52.126+0000] {dagbag.py:538} INFO - Filling up the DagBag from /home/airflow/.local/lib/python3.8/site-packages/airflow/example_dags/tutorial_taskflow_api.py
[2026-04-21T03:36:52.135+0000] {processor.py:840} INFO - DAG(s) 'tutorial_taskflow_api' retrieved from /home/airflow/.local/lib/python3.8/site-packages/airflow/example_dags/tutorial_taskflow_api.py
[2026-04-21T03:36:52.160+0000] {logging_mixin.py:188} INFO - [2026-04-21T03:36:52.160+0000] {dag.py:3036} INFO - Sync 1 DAGs
[2026-04-21T03:36:52.174+0000] {logging_mixin.py:188} INFO - [2026-04-21T03:36:52.174+0000] {dag.py:3823} INFO - Setting next_dagrun for tutorial_taskflow_api to None, run_after=None
[2026-04-21T03:36:52.193+0000] {processor.py:183} INFO - Processing /home/airflow/.local/lib/python3.8/site-packages/airflow/example_dags/tutorial_taskflow_api.py took 0.076 seconds
[2026-04-21T03:37:22.369+0000] {processor.py:161} INFO - Started process (PID=3726074) to work on /home/airflow/.local/lib/python3.8/site-packages/airflow/example_dags/tutorial_taskflow_api.py
[2026-04-21T03:37:22.371+0000] {processor.py:830} INFO - Processing file /home/airflow/.local/lib/python3.8/site-packages/airflow/example_dags/tutorial_taskflow_api.py for tasks to queue
[2026-04-21T03:37:22.374+0000] {logging_mixin.py:188} INFO - [2026-04-21T03:37:22.373+0000] {dagbag.py:538} INFO - Filling up the DagBag from /home/airflow/.local/lib/python3.8/site-packages/airflow/example_dags/tutorial_taskflow_api.py
[2026-04-21T03:37:22.383+0000] {processor.py:840} INFO - DAG(s) 'tutorial_taskflow_api' retrieved from /home/airflow/.local/lib/python3.8/site-packages/airflow/example_dags/tutorial_taskflow_api.py
[2026-04-21T03:37:22.410+0000] {logging_mixin.py:188} INFO - [2026-04-21T03:37:22.410+0000] {dag.py:3036} INFO - Sync 1 DAGs
[2026-04-21T03:37:22.426+0000] {logging_mixin.py:188} INFO - [2026-04-21T03:37:22.426+0000] {dag.py:3823} INFO - Setting next_dagrun for tutorial_taskflow_api to None, run_after=None
[2026-04-21T03:37:22.447+0000] {processor.py:183} INFO - Processing /home/airflow/.local/lib/python3.8/site-packages/airflow/example_dags/tutorial_taskflow_api.py took 0.083 seconds
[2026-04-21T03:37:52.794+0000] {processor.py:161} INFO - Started process (PID=3726137) to work on /home/airflow/.local/lib/python3.8/site-packages/airflow/example_dags/tutorial_taskflow_api.py
[2026-04-21T03:37:52.796+0000] {processor.py:830} INFO - Processing file /home/airflow/.local/lib/python3.8/site-packages/airflow/example_dags/tutorial_taskflow_api.py for tasks to queue
[2026-04-21T03:37:52.799+0000] {logging_mixin.py:188} INFO - [2026-04-21T03:37:52.798+0000] {dagbag.py:538} INFO - Filling up the DagBag from /home/airflow/.local/lib/python3.8/site-packages/airflow/example_dags/tutorial_taskflow_api.py
[2026-04-21T03:37:52.807+0000] {processor.py:840} INFO - DAG(s) 'tutorial_taskflow_api' retrieved from /home/airflow/.local/lib/python3.8/site-packages/airflow/example_dags/tutorial_taskflow_api.py
[2026-04-21T03:37:52.832+0000] {logging_mixin.py:188} INFO - [2026-04-21T03:37:52.831+0000] {dag.py:3036} INFO - Sync 1 DAGs
[2026-04-21T03:37:52.845+0000] {logging_mixin.py:188} INFO - [2026-04-21T03:37:52.845+0000] {dag.py:3823} INFO - Setting next_dagrun for tutorial_taskflow_api to None, run_after=None
[2026-04-21T03:37:52.865+0000] {processor.py:183} INFO - Processing /home/airflow/.local/lib/python3.8/site-packages/airflow/example_dags/tutorial_taskflow_api.py took 0.075 seconds
[2026-04-21T03:38:22.960+0000] {processor.py:161} INFO - Started process (PID=3726195) to work on /home/airflow/.local/lib/python3.8/site-packages/airflow/example_dags/tutorial_taskflow_api.py
[2026-04-21T03:38:22.962+0000] {processor.py:830} INFO - Processing file /home/airflow/.local/lib/python3.8/site-packages/airflow/example_dags/tutorial_taskflow_api.py for tasks to queue
[2026-04-21T03:38:22.965+0000] {logging_mixin.py:188} INFO - [2026-04-21T03:38:22.964+0000] {dagbag.py:538} INFO - Filling up the DagBag from /home/airflow/.local/lib/python3.8/site-packages/airflow/example_dags/tutorial_taskflow_api.py
[2026-04-21T03:38:22.973+0000] {processor.py:840} INFO - DAG(s) 'tutorial_taskflow_api' retrieved from /home/airflow/.local/lib/python3.8/site-packages/airflow/example_dags/tutorial_taskflow_api.py
[2026-04-21T03:38:22.998+0000] {logging_mixin.py:188} INFO - [2026-04-21T03:38:22.998+0000] {dag.py:3036} INFO - Sync 1 DAGs
[2026-04-21T03:38:23.012+0000] {logging_mixin.py:188} INFO - [2026-04-21T03:38:23.012+0000] {dag.py:3823} INFO - Setting next_dagrun for tutorial_taskflow_api to None, run_after=None
[2026-04-21T03:38:23.031+0000] {processor.py:183} INFO - Processing /home/airflow/.local/lib/python3.8/site-packages/airflow/example_dags/tutorial_taskflow_api.py took 0.076 seconds
[2026-04-21T03:38:53.254+0000] {processor.py:161} INFO - Started process (PID=3726251) to work on /home/airflow/.local/lib/python3.8/site-packages/airflow/example_dags/tutorial_taskflow_api.py
[2026-04-21T03:38:53.257+0000] {processor.py:830} INFO - Processing file /home/airflow/.local/lib/python3.8/site-packages/airflow/example_dags/tutorial_taskflow_api.py for tasks to queue
[2026-04-21T03:38:53.259+0000] {logging_mixin.py:188} INFO - [2026-04-21T03:38:53.259+0000] {dagbag.py:538} INFO - Filling up the DagBag from /home/airflow/.local/lib/python3.8/site-packages/airflow/example_dags/tutorial_taskflow_api.py
[2026-04-21T03:38:53.268+0000] {processor.py:840} INFO - DAG(s) 'tutorial_taskflow_api' retrieved from /home/airflow/.local/lib/python3.8/site-packages/airflow/example_dags/tutorial_taskflow_api.py
[2026-04-21T03:38:53.293+0000] {logging_mixin.py:188} INFO - [2026-04-21T03:38:53.292+0000] {dag.py:3036} INFO - Sync 1 DAGs
[2026-04-21T03:38:53.307+0000] {logging_mixin.py:188} INFO - [2026-04-21T03:38:53.307+0000] {dag.py:3823} INFO - Setting next_dagrun for tutorial_taskflow_api to None, run_after=None
[2026-04-21T03:38:53.326+0000] {processor.py:183} INFO - Processing /home/airflow/.local/lib/python3.8/site-packages/airflow/example_dags/tutorial_taskflow_api.py took 0.077 seconds
[2026-04-21T03:39:23.512+0000] {processor.py:161} INFO - Started process (PID=3726308) to work on /home/airflow/.local/lib/python3.8/site-packages/airflow/example_dags/tutorial_taskflow_api.py
[2026-04-21T03:39:23.514+0000] {processor.py:830} INFO - Processing file /home/airflow/.local/lib/python3.8/site-packages/airflow/example_dags/tutorial_taskflow_api.py for tasks to queue
[2026-04-21T03:39:23.516+0000] {logging_mixin.py:188} INFO - [2026-04-21T03:39:23.516+0000] {dagbag.py:538} INFO - Filling up the DagBag from /home/airflow/.local/lib/python3.8/site-packages/airflow/example_dags/tutorial_taskflow_api.py
[2026-04-21T03:39:23.525+0000] {processor.py:840} INFO - DAG(s) 'tutorial_taskflow_api' retrieved from /home/airflow/.local/lib/python3.8/site-packages/airflow/example_dags/tutorial_taskflow_api.py
[2026-04-21T03:39:23.550+0000] {logging_mixin.py:188} INFO - [2026-04-21T03:39:23.549+0000] {dag.py:3036} INFO - Sync 1 DAGs
[2026-04-21T03:39:23.564+0000] {logging_mixin.py:188} INFO - [2026-04-21T03:39:23.563+0000] {dag.py:3823} INFO - Setting next_dagrun for tutorial_taskflow_api to None, run_after=None
[2026-04-21T03:39:23.584+0000] {processor.py:183} INFO - Processing /home/airflow/.local/lib/python3.8/site-packages/airflow/example_dags/tutorial_taskflow_api.py took 0.077 seconds
[2026-04-21T03:39:53.993+0000] {processor.py:161} INFO - Started process (PID=3726365) to work on /home/airflow/.local/lib/python3.8/site-packages/airflow/example_dags/tutorial_taskflow_api.py
[2026-04-21T03:39:53.995+0000] {processor.py:830} INFO - Processing file /home/airflow/.local/lib/python3.8/site-packages/airflow/example_dags/tutorial_taskflow_api.py for tasks to queue
[2026-04-21T03:39:53.998+0000] {logging_mixin.py:188} INFO - [2026-04-21T03:39:53.997+0000] {dagbag.py:538} INFO - Filling up the DagBag from /home/airflow/.local/lib/python3.8/site-packages/airflow/example_dags/tutorial_taskflow_api.py
[2026-04-21T03:39:54.007+0000] {processor.py:840} INFO - DAG(s) 'tutorial_taskflow_api' retrieved from /home/airflow/.local/lib/python3.8/site-packages/airflow/example_dags/tutorial_taskflow_api.py
[2026-04-21T03:39:54.031+0000] {logging_mixin.py:188} INFO - [2026-04-21T03:39:54.031+0000] {dag.py:3036} INFO - Sync 1 DAGs
[2026-04-21T03:39:54.045+0000] {logging_mixin.py:188} INFO - [2026-04-21T03:39:54.045+0000] {dag.py:3823} INFO - Setting next_dagrun for tutorial_taskflow_api to None, run_after=None
[2026-04-21T03:39:54.064+0000] {processor.py:183} INFO - Processing /home/airflow/.local/lib/python3.8/site-packages/airflow/example_dags/tutorial_taskflow_api.py took 0.075 seconds
[2026-04-21T03:40:24.316+0000] {processor.py:161} INFO - Started process (PID=3726422) to work on /home/airflow/.local/lib/python3.8/site-packages/airflow/example_dags/tutorial_taskflow_api.py
[2026-04-21T03:40:24.318+0000] {processor.py:830} INFO - Processing file /home/airflow/.local/lib/python3.8/site-packages/airflow/example_dags/tutorial_taskflow_api.py for tasks to queue
[2026-04-21T03:40:24.320+0000] {logging_mixin.py:188} INFO - [2026-04-21T03:40:24.320+0000] {dagbag.py:538} INFO - Filling up the DagBag from /home/airflow/.local/lib/python3.8/site-packages/airflow/example_dags/tutorial_taskflow_api.py
[2026-04-21T03:40:24.329+0000] {processor.py:840} INFO - DAG(s) 'tutorial_taskflow_api' retrieved from /home/airflow/.local/lib/python3.8/site-packages/airflow/example_dags/tutorial_taskflow_api.py
[2026-04-21T03:40:24.354+0000] {logging_mixin.py:188} INFO - [2026-04-21T03:40:24.354+0000] {dag.py:3036} INFO - Sync 1 DAGs
[2026-04-21T03:40:24.368+0000] {logging_mixin.py:188} INFO - [2026-04-21T03:40:24.368+0000] {dag.py:3823} INFO - Setting next_dagrun for tutorial_taskflow_api to None, run_after=None
[2026-04-21T03:40:24.388+0000] {processor.py:183} INFO - Processing /home/airflow/.local/lib/python3.8/site-packages/airflow/example_dags/tutorial_taskflow_api.py took 0.077 seconds
[2026-04-21T03:40:54.648+0000] {processor.py:161} INFO - Started process (PID=3726479) to work on /home/airflow/.local/lib/python3.8/site-packages/airflow/example_dags/tutorial_taskflow_api.py
[2026-04-21T03:40:54.651+0000] {processor.py:830} INFO - Processing file /home/airflow/.local/lib/python3.8/site-packages/airflow/example_dags/tutorial_taskflow_api.py for tasks to queue
[2026-04-21T03:40:54.653+0000] {logging_mixin.py:188} INFO - [2026-04-21T03:40:54.653+0000] {dagbag.py:538} INFO - Filling up the DagBag from /home/airflow/.local/lib/python3.8/site-packages/airflow/example_dags/tutorial_taskflow_api.py
[2026-04-21T03:40:54.662+0000] {processor.py:840} INFO - DAG(s) 'tutorial_taskflow_api' retrieved from /home/airflow/.local/lib/python3.8/site-packages/airflow/example_dags/tutorial_taskflow_api.py
[2026-04-21T03:40:54.686+0000] {logging_mixin.py:188} INFO - [2026-04-21T03:40:54.686+0000] {dag.py:3036} INFO - Sync 1 DAGs
[2026-04-21T03:40:54.700+0000] {logging_mixin.py:188} INFO - [2026-04-21T03:40:54.700+0000] {dag.py:3823} INFO - Setting next_dagrun for tutorial_taskflow_api to None, run_after=None
[2026-04-21T03:40:54.719+0000] {processor.py:183} INFO - Processing /home/airflow/.local/lib/python3.8/site-packages/airflow/example_dags/tutorial_taskflow_api.py took 0.075 seconds
[2026-04-21T03:41:25.109+0000] {processor.py:161} INFO - Started process (PID=3726536) to work on /home/airflow/.local/lib/python3.8/site-packages/airflow/example_dags/tutorial_taskflow_api.py
[2026-04-21T03:41:25.112+0000] {processor.py:830} INFO - Processing file /home/airflow/.local/lib/python3.8/site-packages/airflow/example_dags/tutorial_taskflow_api.py for tasks to queue
[2026-04-21T03:41:25.114+0000] {logging_mixin.py:188} INFO - [2026-04-21T03:41:25.114+0000] {dagbag.py:538} INFO - Filling up the DagBag from /home/airflow/.local/lib/python3.8/site-packages/airflow/example_dags/tutorial_taskflow_api.py
[2026-04-21T03:41:25.123+0000] {processor.py:840} INFO - DAG(s) 'tutorial_taskflow_api' retrieved from /home/airflow/.local/lib/python3.8/site-packages/airflow/example_dags/tutorial_taskflow_api.py
[2026-04-21T03:41:25.147+0000] {logging_mixin.py:188} INFO - [2026-04-21T03:41:25.147+0000] {dag.py:3036} INFO - Sync 1 DAGs
[2026-04-21T03:41:25.161+0000] {logging_mixin.py:188} INFO - [2026-04-21T03:41:25.161+0000] {dag.py:3823} INFO - Setting next_dagrun for tutorial_taskflow_api to None, run_after=None
[2026-04-21T03:41:25.180+0000] {processor.py:183} INFO - Processing /home/airflow/.local/lib/python3.8/site-packages/airflow/example_dags/tutorial_taskflow_api.py took 0.077 seconds
[2026-04-21T03:41:55.527+0000] {processor.py:161} INFO - Started process (PID=3726593) to work on /home/airflow/.local/lib/python3.8/site-packages/airflow/example_dags/tutorial_taskflow_api.py
[2026-04-21T03:41:55.529+0000] {processor.py:830} INFO - Processing file /home/airflow/.local/lib/python3.8/site-packages/airflow/example_dags/tutorial_taskflow_api.py for tasks to queue
[2026-04-21T03:41:55.532+0000] {logging_mixin.py:188} INFO - [2026-04-21T03:41:55.532+0000] {dagbag.py:538} INFO - Filling up the DagBag from /home/airflow/.local/lib/python3.8/site-packages/airflow/example_dags/tutorial_taskflow_api.py
[2026-04-21T03:41:55.541+0000] {processor.py:840} INFO - DAG(s) 'tutorial_taskflow_api' retrieved from /home/airflow/.local/lib/python3.8/site-packages/airflow/example_dags/tutorial_taskflow_api.py
[2026-04-21T03:41:55.566+0000] {logging_mixin.py:188} INFO - [2026-04-21T03:41:55.566+0000] {dag.py:3036} INFO - Sync 1 DAGs
[2026-04-21T03:41:55.581+0000] {logging_mixin.py:188} INFO - [2026-04-21T03:41:55.581+0000] {dag.py:3823} INFO - Setting next_dagrun for tutorial_taskflow_api to None, run_after=None
[2026-04-21T03:41:55.601+0000] {processor.py:183} INFO - Processing /home/airflow/.local/lib/python3.8/site-packages/airflow/example_dags/tutorial_taskflow_api.py took 0.078 seconds
[2026-04-21T03:42:25.797+0000] {processor.py:161} INFO - Started process (PID=3726651) to work on /home/airflow/.local/lib/python3.8/site-packages/airflow/example_dags/tutorial_taskflow_api.py
[2026-04-21T03:42:25.799+0000] {processor.py:830} INFO - Processing file /home/airflow/.local/lib/python3.8/site-packages/airflow/example_dags/tutorial_taskflow_api.py for tasks to queue
[2026-04-21T03:42:25.802+0000] {logging_mixin.py:188} INFO - [2026-04-21T03:42:25.801+0000] {dagbag.py:538} INFO - Filling up the DagBag from /home/airflow/.local/lib/python3.8/site-packages/airflow/example_dags/tutorial_taskflow_api.py
[2026-04-21T03:42:25.811+0000] {processor.py:840} INFO - DAG(s) 'tutorial_taskflow_api' retrieved from /home/airflow/.local/lib/python3.8/site-packages/airflow/example_dags/tutorial_taskflow_api.py
[2026-04-21T03:42:25.836+0000] {logging_mixin.py:188} INFO - [2026-04-21T03:42:25.836+0000] {dag.py:3036} INFO - Sync 1 DAGs
[2026-04-21T03:42:25.851+0000] {logging_mixin.py:188} INFO - [2026-04-21T03:42:25.850+0000] {dag.py:3823} INFO - Setting next_dagrun for tutorial_taskflow_api to None, run_after=None
[2026-04-21T03:42:25.871+0000] {processor.py:183} INFO - Processing /home/airflow/.local/lib/python3.8/site-packages/airflow/example_dags/tutorial_taskflow_api.py took 0.079 seconds
[2026-04-21T03:42:55.914+0000] {processor.py:161} INFO - Started process (PID=3726706) to work on /home/airflow/.local/lib/python3.8/site-packages/airflow/example_dags/tutorial_taskflow_api.py
[2026-04-21T03:42:55.916+0000] {processor.py:830} INFO - Processing file /home/airflow/.local/lib/python3.8/site-packages/airflow/example_dags/tutorial_taskflow_api.py for tasks to queue
[2026-04-21T03:42:55.919+0000] {logging_mixin.py:188} INFO - [2026-04-21T03:42:55.919+0000] {dagbag.py:538} INFO - Filling up the DagBag from /home/airflow/.local/lib/python3.8/site-packages/airflow/example_dags/tutorial_taskflow_api.py
[2026-04-21T03:42:55.928+0000] {processor.py:840} INFO - DAG(s) 'tutorial_taskflow_api' retrieved from /home/airflow/.local/lib/python3.8/site-packages/airflow/example_dags/tutorial_taskflow_api.py
[2026-04-21T03:42:55.954+0000] {logging_mixin.py:188} INFO - [2026-04-21T03:42:55.954+0000] {dag.py:3036} INFO - Sync 1 DAGs
[2026-04-21T03:42:55.971+0000] {logging_mixin.py:188} INFO - [2026-04-21T03:42:55.970+0000] {dag.py:3823} INFO - Setting next_dagrun for tutorial_taskflow_api to None, run_after=None
[2026-04-21T03:42:55.996+0000] {processor.py:183} INFO - Processing /home/airflow/.local/lib/python3.8/site-packages/airflow/example_dags/tutorial_taskflow_api.py took 0.086 seconds
[2026-04-21T03:43:26.794+0000] {processor.py:161} INFO - Started process (PID=3726764) to work on /home/airflow/.local/lib/python3.8/site-packages/airflow/example_dags/tutorial_taskflow_api.py
[2026-04-21T03:43:26.797+0000] {processor.py:830} INFO - Processing file /home/airflow/.local/lib/python3.8/site-packages/airflow/example_dags/tutorial_taskflow_api.py for tasks to queue
[2026-04-21T03:43:26.799+0000] {logging_mixin.py:188} INFO - [2026-04-21T03:43:26.799+0000] {dagbag.py:538} INFO - Filling up the DagBag from /home/airflow/.local/lib/python3.8/site-packages/airflow/example_dags/tutorial_taskflow_api.py
[2026-04-21T03:43:26.808+0000] {processor.py:840} INFO - DAG(s) 'tutorial_taskflow_api' retrieved from /home/airflow/.local/lib/python3.8/site-packages/airflow/example_dags/tutorial_taskflow_api.py
[2026-04-21T03:43:26.833+0000] {logging_mixin.py:188} INFO - [2026-04-21T03:43:26.832+0000] {dag.py:3036} INFO - Sync 1 DAGs
[2026-04-21T03:43:26.847+0000] {logging_mixin.py:188} INFO - [2026-04-21T03:43:26.847+0000] {dag.py:3823} INFO - Setting next_dagrun for tutorial_taskflow_api to None, run_after=None
[2026-04-21T03:43:26.866+0000] {processor.py:183} INFO - Processing /home/airflow/.local/lib/python3.8/site-packages/airflow/example_dags/tutorial_taskflow_api.py took 0.077 seconds
[2026-04-21T03:43:57.432+0000] {processor.py:161} INFO - Started process (PID=3726821) to work on /home/airflow/.local/lib/python3.8/site-packages/airflow/example_dags/tutorial_taskflow_api.py
[2026-04-21T03:43:57.434+0000] {processor.py:830} INFO - Processing file /home/airflow/.local/lib/python3.8/site-packages/airflow/example_dags/tutorial_taskflow_api.py for tasks to queue
[2026-04-21T03:43:57.436+0000] {logging_mixin.py:188} INFO - [2026-04-21T03:43:57.436+0000] {dagbag.py:538} INFO - Filling up the DagBag from /home/airflow/.local/lib/python3.8/site-packages/airflow/example_dags/tutorial_taskflow_api.py
[2026-04-21T03:43:57.445+0000] {processor.py:840} INFO - DAG(s) 'tutorial_taskflow_api' retrieved from /home/airflow/.local/lib/python3.8/site-packages/airflow/example_dags/tutorial_taskflow_api.py
[2026-04-21T03:43:57.469+0000] {logging_mixin.py:188} INFO - [2026-04-21T03:43:57.469+0000] {dag.py:3036} INFO - Sync 1 DAGs
[2026-04-21T03:43:57.483+0000] {logging_mixin.py:188} INFO - [2026-04-21T03:43:57.483+0000] {dag.py:3823} INFO - Setting next_dagrun for tutorial_taskflow_api to None, run_after=None
[2026-04-21T03:43:57.502+0000] {processor.py:183} INFO - Processing /home/airflow/.local/lib/python3.8/site-packages/airflow/example_dags/tutorial_taskflow_api.py took 0.075 seconds
[2026-04-21T03:44:28.123+0000] {processor.py:161} INFO - Started process (PID=3726878) to work on /home/airflow/.local/lib/python3.8/site-packages/airflow/example_dags/tutorial_taskflow_api.py
[2026-04-21T03:44:28.125+0000] {processor.py:830} INFO - Processing file /home/airflow/.local/lib/python3.8/site-packages/airflow/example_dags/tutorial_taskflow_api.py for tasks to queue
[2026-04-21T03:44:28.127+0000] {logging_mixin.py:188} INFO - [2026-04-21T03:44:28.127+0000] {dagbag.py:538} INFO - Filling up the DagBag from /home/airflow/.local/lib/python3.8/site-packages/airflow/example_dags/tutorial_taskflow_api.py
[2026-04-21T03:44:28.136+0000] {processor.py:840} INFO - DAG(s) 'tutorial_taskflow_api' retrieved from /home/airflow/.local/lib/python3.8/site-packages/airflow/example_dags/tutorial_taskflow_api.py
[2026-04-21T03:44:28.161+0000] {logging_mixin.py:188} INFO - [2026-04-21T03:44:28.160+0000] {dag.py:3036} INFO - Sync 1 DAGs
[2026-04-21T03:44:28.175+0000] {logging_mixin.py:188} INFO - [2026-04-21T03:44:28.175+0000] {dag.py:3823} INFO - Setting next_dagrun for tutorial_taskflow_api to None, run_after=None
[2026-04-21T03:44:28.195+0000] {processor.py:183} INFO - Processing /home/airflow/.local/lib/python3.8/site-packages/airflow/example_dags/tutorial_taskflow_api.py took 0.077 seconds
[2026-04-21T03:44:58.327+0000] {processor.py:161} INFO - Started process (PID=3726935) to work on /home/airflow/.local/lib/python3.8/site-packages/airflow/example_dags/tutorial_taskflow_api.py
[2026-04-21T03:44:58.329+0000] {processor.py:830} INFO - Processing file /home/airflow/.local/lib/python3.8/site-packages/airflow/example_dags/tutorial_taskflow_api.py for tasks to queue
[2026-04-21T03:44:58.332+0000] {logging_mixin.py:188} INFO - [2026-04-21T03:44:58.331+0000] {dagbag.py:538} INFO - Filling up the DagBag from /home/airflow/.local/lib/python3.8/site-packages/airflow/example_dags/tutorial_taskflow_api.py
[2026-04-21T03:44:58.340+0000] {processor.py:840} INFO - DAG(s) 'tutorial_taskflow_api' retrieved from /home/airflow/.local/lib/python3.8/site-packages/airflow/example_dags/tutorial_taskflow_api.py
[2026-04-21T03:44:58.365+0000] {logging_mixin.py:188} INFO - [2026-04-21T03:44:58.365+0000] {dag.py:3036} INFO - Sync 1 DAGs
[2026-04-21T03:44:58.379+0000] {logging_mixin.py:188} INFO - [2026-04-21T03:44:58.379+0000] {dag.py:3823} INFO - Setting next_dagrun for tutorial_taskflow_api to None, run_after=None
[2026-04-21T03:44:58.398+0000] {processor.py:183} INFO - Processing /home/airflow/.local/lib/python3.8/site-packages/airflow/example_dags/tutorial_taskflow_api.py took 0.075 seconds
[2026-04-21T03:45:29.190+0000] {processor.py:161} INFO - Started process (PID=3726992) to work on /home/airflow/.local/lib/python3.8/site-packages/airflow/example_dags/tutorial_taskflow_api.py
[2026-04-21T03:45:29.193+0000] {processor.py:830} INFO - Processing file /home/airflow/.local/lib/python3.8/site-packages/airflow/example_dags/tutorial_taskflow_api.py for tasks to queue
[2026-04-21T03:45:29.196+0000] {logging_mixin.py:188} INFO - [2026-04-21T03:45:29.195+0000] {dagbag.py:538} INFO - Filling up the DagBag from /home/airflow/.local/lib/python3.8/site-packages/airflow/example_dags/tutorial_taskflow_api.py
[2026-04-21T03:45:29.210+0000] {processor.py:840} INFO - DAG(s) 'tutorial_taskflow_api' retrieved from /home/airflow/.local/lib/python3.8/site-packages/airflow/example_dags/tutorial_taskflow_api.py
[2026-04-21T03:45:29.239+0000] {logging_mixin.py:188} INFO - [2026-04-21T03:45:29.238+0000] {dag.py:3036} INFO - Sync 1 DAGs
[2026-04-21T03:45:29.254+0000] {logging_mixin.py:188} INFO - [2026-04-21T03:45:29.254+0000] {dag.py:3823} INFO - Setting next_dagrun for tutorial_taskflow_api to None, run_after=None
[2026-04-21T03:45:29.275+0000] {processor.py:183} INFO - Processing /home/airflow/.local/lib/python3.8/site-packages/airflow/example_dags/tutorial_taskflow_api.py took 0.091 seconds
[2026-04-21T03:45:59.453+0000] {processor.py:161} INFO - Started process (PID=3727049) to work on /home/airflow/.local/lib/python3.8/site-packages/airflow/example_dags/tutorial_taskflow_api.py
[2026-04-21T03:45:59.455+0000] {processor.py:830} INFO - Processing file /home/airflow/.local/lib/python3.8/site-packages/airflow/example_dags/tutorial_taskflow_api.py for tasks to queue
[2026-04-21T03:45:59.457+0000] {logging_mixin.py:188} INFO - [2026-04-21T03:45:59.457+0000] {dagbag.py:538} INFO - Filling up the DagBag from /home/airflow/.local/lib/python3.8/site-packages/airflow/example_dags/tutorial_taskflow_api.py
[2026-04-21T03:45:59.466+0000] {processor.py:840} INFO - DAG(s) 'tutorial_taskflow_api' retrieved from /home/airflow/.local/lib/python3.8/site-packages/airflow/example_dags/tutorial_taskflow_api.py
[2026-04-21T03:45:59.491+0000] {logging_mixin.py:188} INFO - [2026-04-21T03:45:59.490+0000] {dag.py:3036} INFO - Sync 1 DAGs
[2026-04-21T03:45:59.505+0000] {logging_mixin.py:188} INFO - [2026-04-21T03:45:59.505+0000] {dag.py:3823} INFO - Setting next_dagrun for tutorial_taskflow_api to None, run_after=None
[2026-04-21T03:45:59.525+0000] {processor.py:183} INFO - Processing /home/airflow/.local/lib/python3.8/site-packages/airflow/example_dags/tutorial_taskflow_api.py took 0.077 seconds
[2026-04-21T03:46:29.595+0000] {processor.py:161} INFO - Started process (PID=3727105) to work on /home/airflow/.local/lib/python3.8/site-packages/airflow/example_dags/tutorial_taskflow_api.py
[2026-04-21T03:46:29.597+0000] {processor.py:830} INFO - Processing file /home/airflow/.local/lib/python3.8/site-packages/airflow/example_dags/tutorial_taskflow_api.py for tasks to queue
[2026-04-21T03:46:29.600+0000] {logging_mixin.py:188} INFO - [2026-04-21T03:46:29.599+0000] {dagbag.py:538} INFO - Filling up the DagBag from /home/airflow/.local/lib/python3.8/site-packages/airflow/example_dags/tutorial_taskflow_api.py
[2026-04-21T03:46:29.609+0000] {processor.py:840} INFO - DAG(s) 'tutorial_taskflow_api' retrieved from /home/airflow/.local/lib/python3.8/site-packages/airflow/example_dags/tutorial_taskflow_api.py
[2026-04-21T03:46:29.633+0000] {logging_mixin.py:188} INFO - [2026-04-21T03:46:29.633+0000] {dag.py:3036} INFO - Sync 1 DAGs
[2026-04-21T03:46:29.648+0000] {logging_mixin.py:188} INFO - [2026-04-21T03:46:29.648+0000] {dag.py:3823} INFO - Setting next_dagrun for tutorial_taskflow_api to None, run_after=None
[2026-04-21T03:46:29.668+0000] {processor.py:183} INFO - Processing /home/airflow/.local/lib/python3.8/site-packages/airflow/example_dags/tutorial_taskflow_api.py took 0.077 seconds
[2026-04-21T03:46:59.850+0000] {processor.py:161} INFO - Started process (PID=3727161) to work on /home/airflow/.local/lib/python3.8/site-packages/airflow/example_dags/tutorial_taskflow_api.py
[2026-04-21T03:46:59.852+0000] {processor.py:830} INFO - Processing file /home/airflow/.local/lib/python3.8/site-packages/airflow/example_dags/tutorial_taskflow_api.py for tasks to queue
[2026-04-21T03:46:59.854+0000] {logging_mixin.py:188} INFO - [2026-04-21T03:46:59.854+0000] {dagbag.py:538} INFO - Filling up the DagBag from /home/airflow/.local/lib/python3.8/site-packages/airflow/example_dags/tutorial_taskflow_api.py
[2026-04-21T03:46:59.863+0000] {processor.py:840} INFO - DAG(s) 'tutorial_taskflow_api' retrieved from /home/airflow/.local/lib/python3.8/site-packages/airflow/example_dags/tutorial_taskflow_api.py
[2026-04-21T03:46:59.888+0000] {logging_mixin.py:188} INFO - [2026-04-21T03:46:59.887+0000] {dag.py:3036} INFO - Sync 1 DAGs
[2026-04-21T03:46:59.902+0000] {logging_mixin.py:188} INFO - [2026-04-21T03:46:59.902+0000] {dag.py:3823} INFO - Setting next_dagrun for tutorial_taskflow_api to None, run_after=None
[2026-04-21T03:46:59.923+0000] {processor.py:183} INFO - Processing /home/airflow/.local/lib/python3.8/site-packages/airflow/example_dags/tutorial_taskflow_api.py took 0.077 seconds
[2026-04-21T03:47:30.212+0000] {processor.py:161} INFO - Started process (PID=3727218) to work on /home/airflow/.local/lib/python3.8/site-packages/airflow/example_dags/tutorial_taskflow_api.py
[2026-04-21T03:47:30.214+0000] {processor.py:830} INFO - Processing file /home/airflow/.local/lib/python3.8/site-packages/airflow/example_dags/tutorial_taskflow_api.py for tasks to queue
[2026-04-21T03:47:30.217+0000] {logging_mixin.py:188} INFO - [2026-04-21T03:47:30.216+0000] {dagbag.py:538} INFO - Filling up the DagBag from /home/airflow/.local/lib/python3.8/site-packages/airflow/example_dags/tutorial_taskflow_api.py
[2026-04-21T03:47:30.225+0000] {processor.py:840} INFO - DAG(s) 'tutorial_taskflow_api' retrieved from /home/airflow/.local/lib/python3.8/site-packages/airflow/example_dags/tutorial_taskflow_api.py
[2026-04-21T03:47:30.251+0000] {logging_mixin.py:188} INFO - [2026-04-21T03:47:30.251+0000] {dag.py:3036} INFO - Sync 1 DAGs
[2026-04-21T03:47:30.266+0000] {logging_mixin.py:188} INFO - [2026-04-21T03:47:30.266+0000] {dag.py:3823} INFO - Setting next_dagrun for tutorial_taskflow_api to None, run_after=None
[2026-04-21T03:47:30.286+0000] {processor.py:183} INFO - Processing /home/airflow/.local/lib/python3.8/site-packages/airflow/example_dags/tutorial_taskflow_api.py took 0.078 seconds
[2026-04-21T03:48:00.400+0000] {processor.py:161} INFO - Started process (PID=3727275) to work on /home/airflow/.local/lib/python3.8/site-packages/airflow/example_dags/tutorial_taskflow_api.py
[2026-04-21T03:48:00.402+0000] {processor.py:830} INFO - Processing file /home/airflow/.local/lib/python3.8/site-packages/airflow/example_dags/tutorial_taskflow_api.py for tasks to queue
[2026-04-21T03:48:00.404+0000] {logging_mixin.py:188} INFO - [2026-04-21T03:48:00.404+0000] {dagbag.py:538} INFO - Filling up the DagBag from /home/airflow/.local/lib/python3.8/site-packages/airflow/example_dags/tutorial_taskflow_api.py
[2026-04-21T03:48:00.413+0000] {processor.py:840} INFO - DAG(s) 'tutorial_taskflow_api' retrieved from /home/airflow/.local/lib/python3.8/site-packages/airflow/example_dags/tutorial_taskflow_api.py
[2026-04-21T03:48:00.438+0000] {logging_mixin.py:188} INFO - [2026-04-21T03:48:00.438+0000] {dag.py:3036} INFO - Sync 1 DAGs
[2026-04-21T03:48:00.453+0000] {logging_mixin.py:188} INFO - [2026-04-21T03:48:00.453+0000] {dag.py:3823} INFO - Setting next_dagrun for tutorial_taskflow_api to None, run_after=None
[2026-04-21T03:48:00.473+0000] {processor.py:183} INFO - Processing /home/airflow/.local/lib/python3.8/site-packages/airflow/example_dags/tutorial_taskflow_api.py took 0.078 seconds
[2026-04-21T03:48:30.530+0000] {processor.py:161} INFO - Started process (PID=3727332) to work on /home/airflow/.local/lib/python3.8/site-packages/airflow/example_dags/tutorial_taskflow_api.py
[2026-04-21T03:48:30.532+0000] {processor.py:830} INFO - Processing file /home/airflow/.local/lib/python3.8/site-packages/airflow/example_dags/tutorial_taskflow_api.py for tasks to queue
[2026-04-21T03:48:30.535+0000] {logging_mixin.py:188} INFO - [2026-04-21T03:48:30.534+0000] {dagbag.py:538} INFO - Filling up the DagBag from /home/airflow/.local/lib/python3.8/site-packages/airflow/example_dags/tutorial_taskflow_api.py
[2026-04-21T03:48:30.546+0000] {processor.py:840} INFO - DAG(s) 'tutorial_taskflow_api' retrieved from /home/airflow/.local/lib/python3.8/site-packages/airflow/example_dags/tutorial_taskflow_api.py
[2026-04-21T03:48:30.574+0000] {logging_mixin.py:188} INFO - [2026-04-21T03:48:30.574+0000] {dag.py:3036} INFO - Sync 1 DAGs
[2026-04-21T03:48:30.594+0000] {logging_mixin.py:188} INFO - [2026-04-21T03:48:30.594+0000] {dag.py:3823} INFO - Setting next_dagrun for tutorial_taskflow_api to None, run_after=None
[2026-04-21T03:48:30.619+0000] {processor.py:183} INFO - Processing /home/airflow/.local/lib/python3.8/site-packages/airflow/example_dags/tutorial_taskflow_api.py took 0.094 seconds
[2026-04-21T03:49:00.848+0000] {processor.py:161} INFO - Started process (PID=3727389) to work on /home/airflow/.local/lib/python3.8/site-packages/airflow/example_dags/tutorial_taskflow_api.py
[2026-04-21T03:49:00.850+0000] {processor.py:830} INFO - Processing file /home/airflow/.local/lib/python3.8/site-packages/airflow/example_dags/tutorial_taskflow_api.py for tasks to queue
[2026-04-21T03:49:00.852+0000] {logging_mixin.py:188} INFO - [2026-04-21T03:49:00.852+0000] {dagbag.py:538} INFO - Filling up the DagBag from /home/airflow/.local/lib/python3.8/site-packages/airflow/example_dags/tutorial_taskflow_api.py
[2026-04-21T03:49:00.861+0000] {processor.py:840} INFO - DAG(s) 'tutorial_taskflow_api' retrieved from /home/airflow/.local/lib/python3.8/site-packages/airflow/example_dags/tutorial_taskflow_api.py
[2026-04-21T03:49:00.887+0000] {logging_mixin.py:188} INFO - [2026-04-21T03:49:00.887+0000] {dag.py:3036} INFO - Sync 1 DAGs
[2026-04-21T03:49:00.901+0000] {logging_mixin.py:188} INFO - [2026-04-21T03:49:00.901+0000] {dag.py:3823} INFO - Setting next_dagrun for tutorial_taskflow_api to None, run_after=None
[2026-04-21T03:49:00.921+0000] {processor.py:183} INFO - Processing /home/airflow/.local/lib/python3.8/site-packages/airflow/example_dags/tutorial_taskflow_api.py took 0.078 seconds
[2026-04-21T03:49:30.988+0000] {processor.py:161} INFO - Started process (PID=3727446) to work on /home/airflow/.local/lib/python3.8/site-packages/airflow/example_dags/tutorial_taskflow_api.py
[2026-04-21T03:49:30.990+0000] {processor.py:830} INFO - Processing file /home/airflow/.local/lib/python3.8/site-packages/airflow/example_dags/tutorial_taskflow_api.py for tasks to queue
[2026-04-21T03:49:30.993+0000] {logging_mixin.py:188} INFO - [2026-04-21T03:49:30.993+0000] {dagbag.py:538} INFO - Filling up the DagBag from /home/airflow/.local/lib/python3.8/site-packages/airflow/example_dags/tutorial_taskflow_api.py
[2026-04-21T03:49:31.002+0000] {processor.py:840} INFO - DAG(s) 'tutorial_taskflow_api' retrieved from /home/airflow/.local/lib/python3.8/site-packages/airflow/example_dags/tutorial_taskflow_api.py
[2026-04-21T03:49:31.026+0000] {logging_mixin.py:188} INFO - [2026-04-21T03:49:31.026+0000] {dag.py:3036} INFO - Sync 1 DAGs
[2026-04-21T03:49:31.040+0000] {logging_mixin.py:188} INFO - [2026-04-21T03:49:31.040+0000] {dag.py:3823} INFO - Setting next_dagrun for tutorial_taskflow_api to None, run_after=None
[2026-04-21T03:49:31.060+0000] {processor.py:183} INFO - Processing /home/airflow/.local/lib/python3.8/site-packages/airflow/example_dags/tutorial_taskflow_api.py took 0.076 seconds
[2026-04-21T03:50:01.115+0000] {processor.py:161} INFO - Started process (PID=3727503) to work on /home/airflow/.local/lib/python3.8/site-packages/airflow/example_dags/tutorial_taskflow_api.py
[2026-04-21T03:50:01.118+0000] {processor.py:830} INFO - Processing file /home/airflow/.local/lib/python3.8/site-packages/airflow/example_dags/tutorial_taskflow_api.py for tasks to queue
[2026-04-21T03:50:01.120+0000] {logging_mixin.py:188} INFO - [2026-04-21T03:50:01.120+0000] {dagbag.py:538} INFO - Filling up the DagBag from /home/airflow/.local/lib/python3.8/site-packages/airflow/example_dags/tutorial_taskflow_api.py
[2026-04-21T03:50:01.129+0000] {processor.py:840} INFO - DAG(s) 'tutorial_taskflow_api' retrieved from /home/airflow/.local/lib/python3.8/site-packages/airflow/example_dags/tutorial_taskflow_api.py
[2026-04-21T03:50:01.155+0000] {logging_mixin.py:188} INFO - [2026-04-21T03:50:01.155+0000] {dag.py:3036} INFO - Sync 1 DAGs
[2026-04-21T03:50:01.170+0000] {logging_mixin.py:188} INFO - [2026-04-21T03:50:01.169+0000] {dag.py:3823} INFO - Setting next_dagrun for tutorial_taskflow_api to None, run_after=None
[2026-04-21T03:50:01.189+0000] {processor.py:183} INFO - Processing /home/airflow/.local/lib/python3.8/site-packages/airflow/example_dags/tutorial_taskflow_api.py took 0.081 seconds
[2026-04-21T03:50:31.313+0000] {processor.py:161} INFO - Started process (PID=3727560) to work on /home/airflow/.local/lib/python3.8/site-packages/airflow/example_dags/tutorial_taskflow_api.py
[2026-04-21T03:50:31.316+0000] {processor.py:830} INFO - Processing file /home/airflow/.local/lib/python3.8/site-packages/airflow/example_dags/tutorial_taskflow_api.py for tasks to queue
[2026-04-21T03:50:31.318+0000] {logging_mixin.py:188} INFO - [2026-04-21T03:50:31.318+0000] {dagbag.py:538} INFO - Filling up the DagBag from /home/airflow/.local/lib/python3.8/site-packages/airflow/example_dags/tutorial_taskflow_api.py
[2026-04-21T03:50:31.327+0000] {processor.py:840} INFO - DAG(s) 'tutorial_taskflow_api' retrieved from /home/airflow/.local/lib/python3.8/site-packages/airflow/example_dags/tutorial_taskflow_api.py
[2026-04-21T03:50:31.351+0000] {logging_mixin.py:188} INFO - [2026-04-21T03:50:31.351+0000] {dag.py:3036} INFO - Sync 1 DAGs
[2026-04-21T03:50:31.365+0000] {logging_mixin.py:188} INFO - [2026-04-21T03:50:31.365+0000] {dag.py:3823} INFO - Setting next_dagrun for tutorial_taskflow_api to None, run_after=None
[2026-04-21T03:50:31.385+0000] {processor.py:183} INFO - Processing /home/airflow/.local/lib/python3.8/site-packages/airflow/example_dags/tutorial_taskflow_api.py took 0.077 seconds
[2026-04-21T03:51:01.522+0000] {processor.py:161} INFO - Started process (PID=3727617) to work on /home/airflow/.local/lib/python3.8/site-packages/airflow/example_dags/tutorial_taskflow_api.py
[2026-04-21T03:51:01.524+0000] {processor.py:830} INFO - Processing file /home/airflow/.local/lib/python3.8/site-packages/airflow/example_dags/tutorial_taskflow_api.py for tasks to queue
[2026-04-21T03:51:01.527+0000] {logging_mixin.py:188} INFO - [2026-04-21T03:51:01.526+0000] {dagbag.py:538} INFO - Filling up the DagBag from /home/airflow/.local/lib/python3.8/site-packages/airflow/example_dags/tutorial_taskflow_api.py
[2026-04-21T03:51:01.535+0000] {processor.py:840} INFO - DAG(s) 'tutorial_taskflow_api' retrieved from /home/airflow/.local/lib/python3.8/site-packages/airflow/example_dags/tutorial_taskflow_api.py
[2026-04-21T03:51:01.560+0000] {logging_mixin.py:188} INFO - [2026-04-21T03:51:01.560+0000] {dag.py:3036} INFO - Sync 1 DAGs
[2026-04-21T03:51:01.574+0000] {logging_mixin.py:188} INFO - [2026-04-21T03:51:01.573+0000] {dag.py:3823} INFO - Setting next_dagrun for tutorial_taskflow_api to None, run_after=None
[2026-04-21T03:51:01.594+0000] {processor.py:183} INFO - Processing /home/airflow/.local/lib/python3.8/site-packages/airflow/example_dags/tutorial_taskflow_api.py took 0.076 seconds
[2026-04-21T03:51:31.695+0000] {processor.py:161} INFO - Started process (PID=3727674) to work on /home/airflow/.local/lib/python3.8/site-packages/airflow/example_dags/tutorial_taskflow_api.py
[2026-04-21T03:51:31.697+0000] {processor.py:830} INFO - Processing file /home/airflow/.local/lib/python3.8/site-packages/airflow/example_dags/tutorial_taskflow_api.py for tasks to queue
[2026-04-21T03:51:31.699+0000] {logging_mixin.py:188} INFO - [2026-04-21T03:51:31.699+0000] {dagbag.py:538} INFO - Filling up the DagBag from /home/airflow/.local/lib/python3.8/site-packages/airflow/example_dags/tutorial_taskflow_api.py
[2026-04-21T03:51:31.708+0000] {processor.py:840} INFO - DAG(s) 'tutorial_taskflow_api' retrieved from /home/airflow/.local/lib/python3.8/site-packages/airflow/example_dags/tutorial_taskflow_api.py
[2026-04-21T03:51:31.732+0000] {logging_mixin.py:188} INFO - [2026-04-21T03:51:31.732+0000] {dag.py:3036} INFO - Sync 1 DAGs
[2026-04-21T03:51:31.748+0000] {logging_mixin.py:188} INFO - [2026-04-21T03:51:31.748+0000] {dag.py:3823} INFO - Setting next_dagrun for tutorial_taskflow_api to None, run_after=None
[2026-04-21T03:51:31.770+0000] {processor.py:183} INFO - Processing /home/airflow/.local/lib/python3.8/site-packages/airflow/example_dags/tutorial_taskflow_api.py took 0.080 seconds
[2026-04-21T03:52:02.071+0000] {processor.py:161} INFO - Started process (PID=3727731) to work on /home/airflow/.local/lib/python3.8/site-packages/airflow/example_dags/tutorial_taskflow_api.py
[2026-04-21T03:52:02.073+0000] {processor.py:830} INFO - Processing file /home/airflow/.local/lib/python3.8/site-packages/airflow/example_dags/tutorial_taskflow_api.py for tasks to queue
[2026-04-21T03:52:02.077+0000] {logging_mixin.py:188} INFO - [2026-04-21T03:52:02.076+0000] {dagbag.py:538} INFO - Filling up the DagBag from /home/airflow/.local/lib/python3.8/site-packages/airflow/example_dags/tutorial_taskflow_api.py
[2026-04-21T03:52:02.087+0000] {processor.py:840} INFO - DAG(s) 'tutorial_taskflow_api' retrieved from /home/airflow/.local/lib/python3.8/site-packages/airflow/example_dags/tutorial_taskflow_api.py
[2026-04-21T03:52:02.115+0000] {logging_mixin.py:188} INFO - [2026-04-21T03:52:02.115+0000] {dag.py:3036} INFO - Sync 1 DAGs
[2026-04-21T03:52:02.133+0000] {logging_mixin.py:188} INFO - [2026-04-21T03:52:02.132+0000] {dag.py:3823} INFO - Setting next_dagrun for tutorial_taskflow_api to None, run_after=None
[2026-04-21T03:52:02.156+0000] {processor.py:183} INFO - Processing /home/airflow/.local/lib/python3.8/site-packages/airflow/example_dags/tutorial_taskflow_api.py took 0.092 seconds
[2026-04-21T03:52:32.442+0000] {processor.py:161} INFO - Started process (PID=3727788) to work on /home/airflow/.local/lib/python3.8/site-packages/airflow/example_dags/tutorial_taskflow_api.py
[2026-04-21T03:52:32.444+0000] {processor.py:830} INFO - Processing file /home/airflow/.local/lib/python3.8/site-packages/airflow/example_dags/tutorial_taskflow_api.py for tasks to queue
[2026-04-21T03:52:32.447+0000] {logging_mixin.py:188} INFO - [2026-04-21T03:52:32.446+0000] {dagbag.py:538} INFO - Filling up the DagBag from /home/airflow/.local/lib/python3.8/site-packages/airflow/example_dags/tutorial_taskflow_api.py
[2026-04-21T03:52:32.455+0000] {processor.py:840} INFO - DAG(s) 'tutorial_taskflow_api' retrieved from /home/airflow/.local/lib/python3.8/site-packages/airflow/example_dags/tutorial_taskflow_api.py
[2026-04-21T03:52:32.480+0000] {logging_mixin.py:188} INFO - [2026-04-21T03:52:32.479+0000] {dag.py:3036} INFO - Sync 1 DAGs
[2026-04-21T03:52:32.494+0000] {logging_mixin.py:188} INFO - [2026-04-21T03:52:32.494+0000] {dag.py:3823} INFO - Setting next_dagrun for tutorial_taskflow_api to None, run_after=None
[2026-04-21T03:52:32.513+0000] {processor.py:183} INFO - Processing /home/airflow/.local/lib/python3.8/site-packages/airflow/example_dags/tutorial_taskflow_api.py took 0.075 seconds
[2026-04-21T03:53:02.839+0000] {processor.py:161} INFO - Started process (PID=3727845) to work on /home/airflow/.local/lib/python3.8/site-packages/airflow/example_dags/tutorial_taskflow_api.py
[2026-04-21T03:53:02.841+0000] {processor.py:830} INFO - Processing file /home/airflow/.local/lib/python3.8/site-packages/airflow/example_dags/tutorial_taskflow_api.py for tasks to queue
[2026-04-21T03:53:02.844+0000] {logging_mixin.py:188} INFO - [2026-04-21T03:53:02.843+0000] {dagbag.py:538} INFO - Filling up the DagBag from /home/airflow/.local/lib/python3.8/site-packages/airflow/example_dags/tutorial_taskflow_api.py
[2026-04-21T03:53:02.853+0000] {processor.py:840} INFO - DAG(s) 'tutorial_taskflow_api' retrieved from /home/airflow/.local/lib/python3.8/site-packages/airflow/example_dags/tutorial_taskflow_api.py
[2026-04-21T03:53:02.878+0000] {logging_mixin.py:188} INFO - [2026-04-21T03:53:02.878+0000] {dag.py:3036} INFO - Sync 1 DAGs
[2026-04-21T03:53:02.893+0000] {logging_mixin.py:188} INFO - [2026-04-21T03:53:02.892+0000] {dag.py:3823} INFO - Setting next_dagrun for tutorial_taskflow_api to None, run_after=None
[2026-04-21T03:53:02.913+0000] {processor.py:183} INFO - Processing /home/airflow/.local/lib/python3.8/site-packages/airflow/example_dags/tutorial_taskflow_api.py took 0.079 seconds
[2026-04-21T03:53:32.975+0000] {processor.py:161} INFO - Started process (PID=3727902) to work on /home/airflow/.local/lib/python3.8/site-packages/airflow/example_dags/tutorial_taskflow_api.py
[2026-04-21T03:53:32.977+0000] {processor.py:830} INFO - Processing file /home/airflow/.local/lib/python3.8/site-packages/airflow/example_dags/tutorial_taskflow_api.py for tasks to queue
[2026-04-21T03:53:32.979+0000] {logging_mixin.py:188} INFO - [2026-04-21T03:53:32.979+0000] {dagbag.py:538} INFO - Filling up the DagBag from /home/airflow/.local/lib/python3.8/site-packages/airflow/example_dags/tutorial_taskflow_api.py
[2026-04-21T03:53:32.988+0000] {processor.py:840} INFO - DAG(s) 'tutorial_taskflow_api' retrieved from /home/airflow/.local/lib/python3.8/site-packages/airflow/example_dags/tutorial_taskflow_api.py
[2026-04-21T03:53:33.014+0000] {logging_mixin.py:188} INFO - [2026-04-21T03:53:33.014+0000] {dag.py:3036} INFO - Sync 1 DAGs
[2026-04-21T03:53:33.029+0000] {logging_mixin.py:188} INFO - [2026-04-21T03:53:33.029+0000] {dag.py:3823} INFO - Setting next_dagrun for tutorial_taskflow_api to None, run_after=None
[2026-04-21T03:53:33.054+0000] {processor.py:183} INFO - Processing /home/airflow/.local/lib/python3.8/site-packages/airflow/example_dags/tutorial_taskflow_api.py took 0.084 seconds
[2026-04-21T03:54:03.176+0000] {processor.py:161} INFO - Started process (PID=3727959) to work on /home/airflow/.local/lib/python3.8/site-packages/airflow/example_dags/tutorial_taskflow_api.py
[2026-04-21T03:54:03.178+0000] {processor.py:830} INFO - Processing file /home/airflow/.local/lib/python3.8/site-packages/airflow/example_dags/tutorial_taskflow_api.py for tasks to queue
[2026-04-21T03:54:03.181+0000] {logging_mixin.py:188} INFO - [2026-04-21T03:54:03.180+0000] {dagbag.py:538} INFO - Filling up the DagBag from /home/airflow/.local/lib/python3.8/site-packages/airflow/example_dags/tutorial_taskflow_api.py
[2026-04-21T03:54:03.189+0000] {processor.py:840} INFO - DAG(s) 'tutorial_taskflow_api' retrieved from /home/airflow/.local/lib/python3.8/site-packages/airflow/example_dags/tutorial_taskflow_api.py
[2026-04-21T03:54:03.214+0000] {logging_mixin.py:188} INFO - [2026-04-21T03:54:03.214+0000] {dag.py:3036} INFO - Sync 1 DAGs
[2026-04-21T03:54:03.228+0000] {logging_mixin.py:188} INFO - [2026-04-21T03:54:03.228+0000] {dag.py:3823} INFO - Setting next_dagrun for tutorial_taskflow_api to None, run_after=None
[2026-04-21T03:54:03.246+0000] {processor.py:183} INFO - Processing /home/airflow/.local/lib/python3.8/site-packages/airflow/example_dags/tutorial_taskflow_api.py took 0.075 seconds
[2026-04-21T03:54:33.544+0000] {processor.py:161} INFO - Started process (PID=3728016) to work on /home/airflow/.local/lib/python3.8/site-packages/airflow/example_dags/tutorial_taskflow_api.py
[2026-04-21T03:54:33.546+0000] {processor.py:830} INFO - Processing file /home/airflow/.local/lib/python3.8/site-packages/airflow/example_dags/tutorial_taskflow_api.py for tasks to queue
[2026-04-21T03:54:33.549+0000] {logging_mixin.py:188} INFO - [2026-04-21T03:54:33.548+0000] {dagbag.py:538} INFO - Filling up the DagBag from /home/airflow/.local/lib/python3.8/site-packages/airflow/example_dags/tutorial_taskflow_api.py
[2026-04-21T03:54:33.557+0000] {processor.py:840} INFO - DAG(s) 'tutorial_taskflow_api' retrieved from /home/airflow/.local/lib/python3.8/site-packages/airflow/example_dags/tutorial_taskflow_api.py
[2026-04-21T03:54:33.582+0000] {logging_mixin.py:188} INFO - [2026-04-21T03:54:33.581+0000] {dag.py:3036} INFO - Sync 1 DAGs
[2026-04-21T03:54:33.596+0000] {logging_mixin.py:188} INFO - [2026-04-21T03:54:33.595+0000] {dag.py:3823} INFO - Setting next_dagrun for tutorial_taskflow_api to None, run_after=None
[2026-04-21T03:54:33.615+0000] {processor.py:183} INFO - Processing /home/airflow/.local/lib/python3.8/site-packages/airflow/example_dags/tutorial_taskflow_api.py took 0.076 seconds
[2026-04-21T03:55:03.730+0000] {processor.py:161} INFO - Started process (PID=3728073) to work on /home/airflow/.local/lib/python3.8/site-packages/airflow/example_dags/tutorial_taskflow_api.py
[2026-04-21T03:55:03.732+0000] {processor.py:830} INFO - Processing file /home/airflow/.local/lib/python3.8/site-packages/airflow/example_dags/tutorial_taskflow_api.py for tasks to queue
[2026-04-21T03:55:03.734+0000] {logging_mixin.py:188} INFO - [2026-04-21T03:55:03.734+0000] {dagbag.py:538} INFO - Filling up the DagBag from /home/airflow/.local/lib/python3.8/site-packages/airflow/example_dags/tutorial_taskflow_api.py
[2026-04-21T03:55:03.743+0000] {processor.py:840} INFO - DAG(s) 'tutorial_taskflow_api' retrieved from /home/airflow/.local/lib/python3.8/site-packages/airflow/example_dags/tutorial_taskflow_api.py
[2026-04-21T03:55:03.771+0000] {logging_mixin.py:188} INFO - [2026-04-21T03:55:03.771+0000] {dag.py:3036} INFO - Sync 1 DAGs
[2026-04-21T03:55:03.786+0000] {logging_mixin.py:188} INFO - [2026-04-21T03:55:03.786+0000] {dag.py:3823} INFO - Setting next_dagrun for tutorial_taskflow_api to None, run_after=None
[2026-04-21T03:55:03.807+0000] {processor.py:183} INFO - Processing /home/airflow/.local/lib/python3.8/site-packages/airflow/example_dags/tutorial_taskflow_api.py took 0.083 seconds
[2026-04-21T03:55:33.952+0000] {processor.py:161} INFO - Started process (PID=3728130) to work on /home/airflow/.local/lib/python3.8/site-packages/airflow/example_dags/tutorial_taskflow_api.py
[2026-04-21T03:55:33.954+0000] {processor.py:830} INFO - Processing file /home/airflow/.local/lib/python3.8/site-packages/airflow/example_dags/tutorial_taskflow_api.py for tasks to queue
[2026-04-21T03:55:33.956+0000] {logging_mixin.py:188} INFO - [2026-04-21T03:55:33.956+0000] {dagbag.py:538} INFO - Filling up the DagBag from /home/airflow/.local/lib/python3.8/site-packages/airflow/example_dags/tutorial_taskflow_api.py
[2026-04-21T03:55:33.965+0000] {processor.py:840} INFO - DAG(s) 'tutorial_taskflow_api' retrieved from /home/airflow/.local/lib/python3.8/site-packages/airflow/example_dags/tutorial_taskflow_api.py
[2026-04-21T03:55:33.990+0000] {logging_mixin.py:188} INFO - [2026-04-21T03:55:33.989+0000] {dag.py:3036} INFO - Sync 1 DAGs
[2026-04-21T03:55:34.004+0000] {logging_mixin.py:188} INFO - [2026-04-21T03:55:34.003+0000] {dag.py:3823} INFO - Setting next_dagrun for tutorial_taskflow_api to None, run_after=None
[2026-04-21T03:55:34.028+0000] {processor.py:183} INFO - Processing /home/airflow/.local/lib/python3.8/site-packages/airflow/example_dags/tutorial_taskflow_api.py took 0.081 seconds
[2026-04-21T03:56:04.173+0000] {processor.py:161} INFO - Started process (PID=3728187) to work on /home/airflow/.local/lib/python3.8/site-packages/airflow/example_dags/tutorial_taskflow_api.py
[2026-04-21T03:56:04.175+0000] {processor.py:830} INFO - Processing file /home/airflow/.local/lib/python3.8/site-packages/airflow/example_dags/tutorial_taskflow_api.py for tasks to queue
[2026-04-21T03:56:04.178+0000] {logging_mixin.py:188} INFO - [2026-04-21T03:56:04.178+0000] {dagbag.py:538} INFO - Filling up the DagBag from /home/airflow/.local/lib/python3.8/site-packages/airflow/example_dags/tutorial_taskflow_api.py
[2026-04-21T03:56:04.187+0000] {processor.py:840} INFO - DAG(s) 'tutorial_taskflow_api' retrieved from /home/airflow/.local/lib/python3.8/site-packages/airflow/example_dags/tutorial_taskflow_api.py
[2026-04-21T03:56:04.213+0000] {logging_mixin.py:188} INFO - [2026-04-21T03:56:04.212+0000] {dag.py:3036} INFO - Sync 1 DAGs
[2026-04-21T03:56:04.228+0000] {logging_mixin.py:188} INFO - [2026-04-21T03:56:04.227+0000] {dag.py:3823} INFO - Setting next_dagrun for tutorial_taskflow_api to None, run_after=None
[2026-04-21T03:56:04.248+0000] {processor.py:183} INFO - Processing /home/airflow/.local/lib/python3.8/site-packages/airflow/example_dags/tutorial_taskflow_api.py took 0.080 seconds
[2026-04-21T03:56:34.327+0000] {processor.py:161} INFO - Started process (PID=3728244) to work on /home/airflow/.local/lib/python3.8/site-packages/airflow/example_dags/tutorial_taskflow_api.py
[2026-04-21T03:56:34.329+0000] {processor.py:830} INFO - Processing file /home/airflow/.local/lib/python3.8/site-packages/airflow/example_dags/tutorial_taskflow_api.py for tasks to queue
[2026-04-21T03:56:34.331+0000] {logging_mixin.py:188} INFO - [2026-04-21T03:56:34.330+0000] {dagbag.py:538} INFO - Filling up the DagBag from /home/airflow/.local/lib/python3.8/site-packages/airflow/example_dags/tutorial_taskflow_api.py
[2026-04-21T03:56:34.339+0000] {processor.py:840} INFO - DAG(s) 'tutorial_taskflow_api' retrieved from /home/airflow/.local/lib/python3.8/site-packages/airflow/example_dags/tutorial_taskflow_api.py
[2026-04-21T03:56:34.364+0000] {logging_mixin.py:188} INFO - [2026-04-21T03:56:34.363+0000] {dag.py:3036} INFO - Sync 1 DAGs
[2026-04-21T03:56:34.378+0000] {logging_mixin.py:188} INFO - [2026-04-21T03:56:34.377+0000] {dag.py:3823} INFO - Setting next_dagrun for tutorial_taskflow_api to None, run_after=None
[2026-04-21T03:56:34.397+0000] {processor.py:183} INFO - Processing /home/airflow/.local/lib/python3.8/site-packages/airflow/example_dags/tutorial_taskflow_api.py took 0.075 seconds
[2026-04-21T03:57:04.506+0000] {processor.py:161} INFO - Started process (PID=3728301) to work on /home/airflow/.local/lib/python3.8/site-packages/airflow/example_dags/tutorial_taskflow_api.py
[2026-04-21T03:57:04.508+0000] {processor.py:830} INFO - Processing file /home/airflow/.local/lib/python3.8/site-packages/airflow/example_dags/tutorial_taskflow_api.py for tasks to queue
[2026-04-21T03:57:04.510+0000] {logging_mixin.py:188} INFO - [2026-04-21T03:57:04.510+0000] {dagbag.py:538} INFO - Filling up the DagBag from /home/airflow/.local/lib/python3.8/site-packages/airflow/example_dags/tutorial_taskflow_api.py
[2026-04-21T03:57:04.519+0000] {processor.py:840} INFO - DAG(s) 'tutorial_taskflow_api' retrieved from /home/airflow/.local/lib/python3.8/site-packages/airflow/example_dags/tutorial_taskflow_api.py
[2026-04-21T03:57:04.544+0000] {logging_mixin.py:188} INFO - [2026-04-21T03:57:04.544+0000] {dag.py:3036} INFO - Sync 1 DAGs
[2026-04-21T03:57:04.558+0000] {logging_mixin.py:188} INFO - [2026-04-21T03:57:04.558+0000] {dag.py:3823} INFO - Setting next_dagrun for tutorial_taskflow_api to None, run_after=None
[2026-04-21T03:57:04.577+0000] {processor.py:183} INFO - Processing /home/airflow/.local/lib/python3.8/site-packages/airflow/example_dags/tutorial_taskflow_api.py took 0.075 seconds
[2026-04-21T03:57:34.839+0000] {processor.py:161} INFO - Started process (PID=3728359) to work on /home/airflow/.local/lib/python3.8/site-packages/airflow/example_dags/tutorial_taskflow_api.py
[2026-04-21T03:57:34.841+0000] {processor.py:830} INFO - Processing file /home/airflow/.local/lib/python3.8/site-packages/airflow/example_dags/tutorial_taskflow_api.py for tasks to queue
[2026-04-21T03:57:34.843+0000] {logging_mixin.py:188} INFO - [2026-04-21T03:57:34.843+0000] {dagbag.py:538} INFO - Filling up the DagBag from /home/airflow/.local/lib/python3.8/site-packages/airflow/example_dags/tutorial_taskflow_api.py
[2026-04-21T03:57:34.852+0000] {processor.py:840} INFO - DAG(s) 'tutorial_taskflow_api' retrieved from /home/airflow/.local/lib/python3.8/site-packages/airflow/example_dags/tutorial_taskflow_api.py
[2026-04-21T03:57:34.877+0000] {logging_mixin.py:188} INFO - [2026-04-21T03:57:34.877+0000] {dag.py:3036} INFO - Sync 1 DAGs
[2026-04-21T03:57:34.891+0000] {logging_mixin.py:188} INFO - [2026-04-21T03:57:34.891+0000] {dag.py:3823} INFO - Setting next_dagrun for tutorial_taskflow_api to None, run_after=None
[2026-04-21T03:57:34.911+0000] {processor.py:183} INFO - Processing /home/airflow/.local/lib/python3.8/site-packages/airflow/example_dags/tutorial_taskflow_api.py took 0.076 seconds
[2026-04-21T03:58:04.990+0000] {processor.py:161} INFO - Started process (PID=3728416) to work on /home/airflow/.local/lib/python3.8/site-packages/airflow/example_dags/tutorial_taskflow_api.py
[2026-04-21T03:58:04.992+0000] {processor.py:830} INFO - Processing file /home/airflow/.local/lib/python3.8/site-packages/airflow/example_dags/tutorial_taskflow_api.py for tasks to queue
[2026-04-21T03:58:04.995+0000] {logging_mixin.py:188} INFO - [2026-04-21T03:58:04.994+0000] {dagbag.py:538} INFO - Filling up the DagBag from /home/airflow/.local/lib/python3.8/site-packages/airflow/example_dags/tutorial_taskflow_api.py
[2026-04-21T03:58:05.003+0000] {processor.py:840} INFO - DAG(s) 'tutorial_taskflow_api' retrieved from /home/airflow/.local/lib/python3.8/site-packages/airflow/example_dags/tutorial_taskflow_api.py
[2026-04-21T03:58:05.027+0000] {logging_mixin.py:188} INFO - [2026-04-21T03:58:05.027+0000] {dag.py:3036} INFO - Sync 1 DAGs
[2026-04-21T03:58:05.041+0000] {logging_mixin.py:188} INFO - [2026-04-21T03:58:05.041+0000] {dag.py:3823} INFO - Setting next_dagrun for tutorial_taskflow_api to None, run_after=None
[2026-04-21T03:58:05.060+0000] {processor.py:183} INFO - Processing /home/airflow/.local/lib/python3.8/site-packages/airflow/example_dags/tutorial_taskflow_api.py took 0.074 seconds
[2026-04-21T03:58:35.299+0000] {processor.py:161} INFO - Started process (PID=3728473) to work on /home/airflow/.local/lib/python3.8/site-packages/airflow/example_dags/tutorial_taskflow_api.py
[2026-04-21T03:58:35.301+0000] {processor.py:830} INFO - Processing file /home/airflow/.local/lib/python3.8/site-packages/airflow/example_dags/tutorial_taskflow_api.py for tasks to queue
[2026-04-21T03:58:35.304+0000] {logging_mixin.py:188} INFO - [2026-04-21T03:58:35.303+0000] {dagbag.py:538} INFO - Filling up the DagBag from /home/airflow/.local/lib/python3.8/site-packages/airflow/example_dags/tutorial_taskflow_api.py
[2026-04-21T03:58:35.312+0000] {processor.py:840} INFO - DAG(s) 'tutorial_taskflow_api' retrieved from /home/airflow/.local/lib/python3.8/site-packages/airflow/example_dags/tutorial_taskflow_api.py
[2026-04-21T03:58:35.337+0000] {logging_mixin.py:188} INFO - [2026-04-21T03:58:35.336+0000] {dag.py:3036} INFO - Sync 1 DAGs
[2026-04-21T03:58:35.351+0000] {logging_mixin.py:188} INFO - [2026-04-21T03:58:35.351+0000] {dag.py:3823} INFO - Setting next_dagrun for tutorial_taskflow_api to None, run_after=None
[2026-04-21T03:58:35.370+0000] {processor.py:183} INFO - Processing /home/airflow/.local/lib/python3.8/site-packages/airflow/example_dags/tutorial_taskflow_api.py took 0.075 seconds
[2026-04-21T03:59:05.497+0000] {processor.py:161} INFO - Started process (PID=3728530) to work on /home/airflow/.local/lib/python3.8/site-packages/airflow/example_dags/tutorial_taskflow_api.py
[2026-04-21T03:59:05.499+0000] {processor.py:830} INFO - Processing file /home/airflow/.local/lib/python3.8/site-packages/airflow/example_dags/tutorial_taskflow_api.py for tasks to queue
[2026-04-21T03:59:05.502+0000] {logging_mixin.py:188} INFO - [2026-04-21T03:59:05.501+0000] {dagbag.py:538} INFO - Filling up the DagBag from /home/airflow/.local/lib/python3.8/site-packages/airflow/example_dags/tutorial_taskflow_api.py
[2026-04-21T03:59:05.510+0000] {processor.py:840} INFO - DAG(s) 'tutorial_taskflow_api' retrieved from /home/airflow/.local/lib/python3.8/site-packages/airflow/example_dags/tutorial_taskflow_api.py
[2026-04-21T03:59:05.535+0000] {logging_mixin.py:188} INFO - [2026-04-21T03:59:05.535+0000] {dag.py:3036} INFO - Sync 1 DAGs
[2026-04-21T03:59:05.549+0000] {logging_mixin.py:188} INFO - [2026-04-21T03:59:05.549+0000] {dag.py:3823} INFO - Setting next_dagrun for tutorial_taskflow_api to None, run_after=None
[2026-04-21T03:59:05.569+0000] {processor.py:183} INFO - Processing /home/airflow/.local/lib/python3.8/site-packages/airflow/example_dags/tutorial_taskflow_api.py took 0.076 seconds
[2026-04-21T03:59:35.651+0000] {processor.py:161} INFO - Started process (PID=3728587) to work on /home/airflow/.local/lib/python3.8/site-packages/airflow/example_dags/tutorial_taskflow_api.py
[2026-04-21T03:59:35.653+0000] {processor.py:830} INFO - Processing file /home/airflow/.local/lib/python3.8/site-packages/airflow/example_dags/tutorial_taskflow_api.py for tasks to queue
[2026-04-21T03:59:35.655+0000] {logging_mixin.py:188} INFO - [2026-04-21T03:59:35.655+0000] {dagbag.py:538} INFO - Filling up the DagBag from /home/airflow/.local/lib/python3.8/site-packages/airflow/example_dags/tutorial_taskflow_api.py
[2026-04-21T03:59:35.664+0000] {processor.py:840} INFO - DAG(s) 'tutorial_taskflow_api' retrieved from /home/airflow/.local/lib/python3.8/site-packages/airflow/example_dags/tutorial_taskflow_api.py
[2026-04-21T03:59:35.689+0000] {logging_mixin.py:188} INFO - [2026-04-21T03:59:35.689+0000] {dag.py:3036} INFO - Sync 1 DAGs
[2026-04-21T03:59:35.703+0000] {logging_mixin.py:188} INFO - [2026-04-21T03:59:35.703+0000] {dag.py:3823} INFO - Setting next_dagrun for tutorial_taskflow_api to None, run_after=None
[2026-04-21T03:59:35.722+0000] {processor.py:183} INFO - Processing /home/airflow/.local/lib/python3.8/site-packages/airflow/example_dags/tutorial_taskflow_api.py took 0.076 seconds
[2026-04-21T04:00:05.801+0000] {processor.py:161} INFO - Started process (PID=3728643) to work on /home/airflow/.local/lib/python3.8/site-packages/airflow/example_dags/tutorial_taskflow_api.py
[2026-04-21T04:00:05.804+0000] {processor.py:830} INFO - Processing file /home/airflow/.local/lib/python3.8/site-packages/airflow/example_dags/tutorial_taskflow_api.py for tasks to queue
[2026-04-21T04:00:05.808+0000] {logging_mixin.py:188} INFO - [2026-04-21T04:00:05.808+0000] {dagbag.py:538} INFO - Filling up the DagBag from /home/airflow/.local/lib/python3.8/site-packages/airflow/example_dags/tutorial_taskflow_api.py
[2026-04-21T04:00:05.821+0000] {processor.py:840} INFO - DAG(s) 'tutorial_taskflow_api' retrieved from /home/airflow/.local/lib/python3.8/site-packages/airflow/example_dags/tutorial_taskflow_api.py
[2026-04-21T04:00:05.855+0000] {logging_mixin.py:188} INFO - [2026-04-21T04:00:05.854+0000] {dag.py:3036} INFO - Sync 1 DAGs
[2026-04-21T04:00:05.879+0000] {logging_mixin.py:188} INFO - [2026-04-21T04:00:05.879+0000] {dag.py:3823} INFO - Setting next_dagrun for tutorial_taskflow_api to None, run_after=None
[2026-04-21T04:00:05.913+0000] {processor.py:183} INFO - Processing /home/airflow/.local/lib/python3.8/site-packages/airflow/example_dags/tutorial_taskflow_api.py took 0.117 seconds
[2026-04-21T04:00:36.046+0000] {processor.py:161} INFO - Started process (PID=3728700) to work on /home/airflow/.local/lib/python3.8/site-packages/airflow/example_dags/tutorial_taskflow_api.py
[2026-04-21T04:00:36.048+0000] {processor.py:830} INFO - Processing file /home/airflow/.local/lib/python3.8/site-packages/airflow/example_dags/tutorial_taskflow_api.py for tasks to queue
[2026-04-21T04:00:36.050+0000] {logging_mixin.py:188} INFO - [2026-04-21T04:00:36.050+0000] {dagbag.py:538} INFO - Filling up the DagBag from /home/airflow/.local/lib/python3.8/site-packages/airflow/example_dags/tutorial_taskflow_api.py
[2026-04-21T04:00:36.059+0000] {processor.py:840} INFO - DAG(s) 'tutorial_taskflow_api' retrieved from /home/airflow/.local/lib/python3.8/site-packages/airflow/example_dags/tutorial_taskflow_api.py
[2026-04-21T04:00:36.085+0000] {logging_mixin.py:188} INFO - [2026-04-21T04:00:36.085+0000] {dag.py:3036} INFO - Sync 1 DAGs
[2026-04-21T04:00:36.100+0000] {logging_mixin.py:188} INFO - [2026-04-21T04:00:36.100+0000] {dag.py:3823} INFO - Setting next_dagrun for tutorial_taskflow_api to None, run_after=None
[2026-04-21T04:00:36.120+0000] {processor.py:183} INFO - Processing /home/airflow/.local/lib/python3.8/site-packages/airflow/example_dags/tutorial_taskflow_api.py took 0.079 seconds
[2026-04-21T04:01:06.472+0000] {processor.py:161} INFO - Started process (PID=3728757) to work on /home/airflow/.local/lib/python3.8/site-packages/airflow/example_dags/tutorial_taskflow_api.py
[2026-04-21T04:01:06.474+0000] {processor.py:830} INFO - Processing file /home/airflow/.local/lib/python3.8/site-packages/airflow/example_dags/tutorial_taskflow_api.py for tasks to queue
[2026-04-21T04:01:06.476+0000] {logging_mixin.py:188} INFO - [2026-04-21T04:01:06.476+0000] {dagbag.py:538} INFO - Filling up the DagBag from /home/airflow/.local/lib/python3.8/site-packages/airflow/example_dags/tutorial_taskflow_api.py
[2026-04-21T04:01:06.485+0000] {processor.py:840} INFO - DAG(s) 'tutorial_taskflow_api' retrieved from /home/airflow/.local/lib/python3.8/site-packages/airflow/example_dags/tutorial_taskflow_api.py
[2026-04-21T04:01:06.512+0000] {logging_mixin.py:188} INFO - [2026-04-21T04:01:06.512+0000] {dag.py:3036} INFO - Sync 1 DAGs
[2026-04-21T04:01:06.527+0000] {logging_mixin.py:188} INFO - [2026-04-21T04:01:06.527+0000] {dag.py:3823} INFO - Setting next_dagrun for tutorial_taskflow_api to None, run_after=None
[2026-04-21T04:01:06.548+0000] {processor.py:183} INFO - Processing /home/airflow/.local/lib/python3.8/site-packages/airflow/example_dags/tutorial_taskflow_api.py took 0.081 seconds
[2026-04-21T04:01:36.782+0000] {processor.py:161} INFO - Started process (PID=3728814) to work on /home/airflow/.local/lib/python3.8/site-packages/airflow/example_dags/tutorial_taskflow_api.py
[2026-04-21T04:01:36.784+0000] {processor.py:830} INFO - Processing file /home/airflow/.local/lib/python3.8/site-packages/airflow/example_dags/tutorial_taskflow_api.py for tasks to queue
[2026-04-21T04:01:36.787+0000] {logging_mixin.py:188} INFO - [2026-04-21T04:01:36.786+0000] {dagbag.py:538} INFO - Filling up the DagBag from /home/airflow/.local/lib/python3.8/site-packages/airflow/example_dags/tutorial_taskflow_api.py
[2026-04-21T04:01:36.795+0000] {processor.py:840} INFO - DAG(s) 'tutorial_taskflow_api' retrieved from /home/airflow/.local/lib/python3.8/site-packages/airflow/example_dags/tutorial_taskflow_api.py
[2026-04-21T04:01:36.821+0000] {logging_mixin.py:188} INFO - [2026-04-21T04:01:36.821+0000] {dag.py:3036} INFO - Sync 1 DAGs
[2026-04-21T04:01:36.836+0000] {logging_mixin.py:188} INFO - [2026-04-21T04:01:36.835+0000] {dag.py:3823} INFO - Setting next_dagrun for tutorial_taskflow_api to None, run_after=None
[2026-04-21T04:01:36.855+0000] {processor.py:183} INFO - Processing /home/airflow/.local/lib/python3.8/site-packages/airflow/example_dags/tutorial_taskflow_api.py took 0.078 seconds
[2026-04-21T04:02:06.996+0000] {processor.py:161} INFO - Started process (PID=3728871) to work on /home/airflow/.local/lib/python3.8/site-packages/airflow/example_dags/tutorial_taskflow_api.py
[2026-04-21T04:02:06.998+0000] {processor.py:830} INFO - Processing file /home/airflow/.local/lib/python3.8/site-packages/airflow/example_dags/tutorial_taskflow_api.py for tasks to queue
[2026-04-21T04:02:07.002+0000] {logging_mixin.py:188} INFO - [2026-04-21T04:02:07.001+0000] {dagbag.py:538} INFO - Filling up the DagBag from /home/airflow/.local/lib/python3.8/site-packages/airflow/example_dags/tutorial_taskflow_api.py
[2026-04-21T04:02:07.011+0000] {processor.py:840} INFO - DAG(s) 'tutorial_taskflow_api' retrieved from /home/airflow/.local/lib/python3.8/site-packages/airflow/example_dags/tutorial_taskflow_api.py
[2026-04-21T04:02:07.036+0000] {logging_mixin.py:188} INFO - [2026-04-21T04:02:07.036+0000] {dag.py:3036} INFO - Sync 1 DAGs
[2026-04-21T04:02:07.051+0000] {logging_mixin.py:188} INFO - [2026-04-21T04:02:07.050+0000] {dag.py:3823} INFO - Setting next_dagrun for tutorial_taskflow_api to None, run_after=None
[2026-04-21T04:02:07.071+0000] {processor.py:183} INFO - Processing /home/airflow/.local/lib/python3.8/site-packages/airflow/example_dags/tutorial_taskflow_api.py took 0.080 seconds
[2026-04-21T04:02:37.221+0000] {processor.py:161} INFO - Started process (PID=3728928) to work on /home/airflow/.local/lib/python3.8/site-packages/airflow/example_dags/tutorial_taskflow_api.py
[2026-04-21T04:02:37.223+0000] {processor.py:830} INFO - Processing file /home/airflow/.local/lib/python3.8/site-packages/airflow/example_dags/tutorial_taskflow_api.py for tasks to queue
[2026-04-21T04:02:37.226+0000] {logging_mixin.py:188} INFO - [2026-04-21T04:02:37.225+0000] {dagbag.py:538} INFO - Filling up the DagBag from /home/airflow/.local/lib/python3.8/site-packages/airflow/example_dags/tutorial_taskflow_api.py
[2026-04-21T04:02:37.234+0000] {processor.py:840} INFO - DAG(s) 'tutorial_taskflow_api' retrieved from /home/airflow/.local/lib/python3.8/site-packages/airflow/example_dags/tutorial_taskflow_api.py
[2026-04-21T04:02:37.258+0000] {logging_mixin.py:188} INFO - [2026-04-21T04:02:37.258+0000] {dag.py:3036} INFO - Sync 1 DAGs
[2026-04-21T04:02:37.272+0000] {logging_mixin.py:188} INFO - [2026-04-21T04:02:37.272+0000] {dag.py:3823} INFO - Setting next_dagrun for tutorial_taskflow_api to None, run_after=None
[2026-04-21T04:02:37.292+0000] {processor.py:183} INFO - Processing /home/airflow/.local/lib/python3.8/site-packages/airflow/example_dags/tutorial_taskflow_api.py took 0.076 seconds
[2026-04-21T04:03:07.653+0000] {processor.py:161} INFO - Started process (PID=3728985) to work on /home/airflow/.local/lib/python3.8/site-packages/airflow/example_dags/tutorial_taskflow_api.py
[2026-04-21T04:03:07.655+0000] {processor.py:830} INFO - Processing file /home/airflow/.local/lib/python3.8/site-packages/airflow/example_dags/tutorial_taskflow_api.py for tasks to queue
[2026-04-21T04:03:07.657+0000] {logging_mixin.py:188} INFO - [2026-04-21T04:03:07.657+0000] {dagbag.py:538} INFO - Filling up the DagBag from /home/airflow/.local/lib/python3.8/site-packages/airflow/example_dags/tutorial_taskflow_api.py
[2026-04-21T04:03:07.666+0000] {processor.py:840} INFO - DAG(s) 'tutorial_taskflow_api' retrieved from /home/airflow/.local/lib/python3.8/site-packages/airflow/example_dags/tutorial_taskflow_api.py
[2026-04-21T04:03:07.690+0000] {logging_mixin.py:188} INFO - [2026-04-21T04:03:07.690+0000] {dag.py:3036} INFO - Sync 1 DAGs
[2026-04-21T04:03:07.704+0000] {logging_mixin.py:188} INFO - [2026-04-21T04:03:07.704+0000] {dag.py:3823} INFO - Setting next_dagrun for tutorial_taskflow_api to None, run_after=None
[2026-04-21T04:03:07.723+0000] {processor.py:183} INFO - Processing /home/airflow/.local/lib/python3.8/site-packages/airflow/example_dags/tutorial_taskflow_api.py took 0.076 seconds
[2026-04-21T04:03:38.264+0000] {processor.py:161} INFO - Started process (PID=3729042) to work on /home/airflow/.local/lib/python3.8/site-packages/airflow/example_dags/tutorial_taskflow_api.py
[2026-04-21T04:03:38.266+0000] {processor.py:830} INFO - Processing file /home/airflow/.local/lib/python3.8/site-packages/airflow/example_dags/tutorial_taskflow_api.py for tasks to queue
[2026-04-21T04:03:38.269+0000] {logging_mixin.py:188} INFO - [2026-04-21T04:03:38.268+0000] {dagbag.py:538} INFO - Filling up the DagBag from /home/airflow/.local/lib/python3.8/site-packages/airflow/example_dags/tutorial_taskflow_api.py
[2026-04-21T04:03:38.277+0000] {processor.py:840} INFO - DAG(s) 'tutorial_taskflow_api' retrieved from /home/airflow/.local/lib/python3.8/site-packages/airflow/example_dags/tutorial_taskflow_api.py
[2026-04-21T04:03:38.301+0000] {logging_mixin.py:188} INFO - [2026-04-21T04:03:38.301+0000] {dag.py:3036} INFO - Sync 1 DAGs
[2026-04-21T04:03:38.316+0000] {logging_mixin.py:188} INFO - [2026-04-21T04:03:38.315+0000] {dag.py:3823} INFO - Setting next_dagrun for tutorial_taskflow_api to None, run_after=None
[2026-04-21T04:03:38.335+0000] {processor.py:183} INFO - Processing /home/airflow/.local/lib/python3.8/site-packages/airflow/example_dags/tutorial_taskflow_api.py took 0.075 seconds
[2026-04-21T04:04:08.567+0000] {processor.py:161} INFO - Started process (PID=3729099) to work on /home/airflow/.local/lib/python3.8/site-packages/airflow/example_dags/tutorial_taskflow_api.py
[2026-04-21T04:04:08.568+0000] {processor.py:830} INFO - Processing file /home/airflow/.local/lib/python3.8/site-packages/airflow/example_dags/tutorial_taskflow_api.py for tasks to queue
[2026-04-21T04:04:08.571+0000] {logging_mixin.py:188} INFO - [2026-04-21T04:04:08.570+0000] {dagbag.py:538} INFO - Filling up the DagBag from /home/airflow/.local/lib/python3.8/site-packages/airflow/example_dags/tutorial_taskflow_api.py
[2026-04-21T04:04:08.579+0000] {processor.py:840} INFO - DAG(s) 'tutorial_taskflow_api' retrieved from /home/airflow/.local/lib/python3.8/site-packages/airflow/example_dags/tutorial_taskflow_api.py
[2026-04-21T04:04:08.605+0000] {logging_mixin.py:188} INFO - [2026-04-21T04:04:08.605+0000] {dag.py:3036} INFO - Sync 1 DAGs
[2026-04-21T04:04:08.622+0000] {logging_mixin.py:188} INFO - [2026-04-21T04:04:08.621+0000] {dag.py:3823} INFO - Setting next_dagrun for tutorial_taskflow_api to None, run_after=None
[2026-04-21T04:04:08.643+0000] {processor.py:183} INFO - Processing /home/airflow/.local/lib/python3.8/site-packages/airflow/example_dags/tutorial_taskflow_api.py took 0.081 seconds
[2026-04-21T04:04:38.759+0000] {processor.py:161} INFO - Started process (PID=3729156) to work on /home/airflow/.local/lib/python3.8/site-packages/airflow/example_dags/tutorial_taskflow_api.py
[2026-04-21T04:04:38.761+0000] {processor.py:830} INFO - Processing file /home/airflow/.local/lib/python3.8/site-packages/airflow/example_dags/tutorial_taskflow_api.py for tasks to queue
[2026-04-21T04:04:38.764+0000] {logging_mixin.py:188} INFO - [2026-04-21T04:04:38.763+0000] {dagbag.py:538} INFO - Filling up the DagBag from /home/airflow/.local/lib/python3.8/site-packages/airflow/example_dags/tutorial_taskflow_api.py
[2026-04-21T04:04:38.772+0000] {processor.py:840} INFO - DAG(s) 'tutorial_taskflow_api' retrieved from /home/airflow/.local/lib/python3.8/site-packages/airflow/example_dags/tutorial_taskflow_api.py
[2026-04-21T04:04:38.796+0000] {logging_mixin.py:188} INFO - [2026-04-21T04:04:38.796+0000] {dag.py:3036} INFO - Sync 1 DAGs
[2026-04-21T04:04:38.810+0000] {logging_mixin.py:188} INFO - [2026-04-21T04:04:38.810+0000] {dag.py:3823} INFO - Setting next_dagrun for tutorial_taskflow_api to None, run_after=None
[2026-04-21T04:04:38.829+0000] {processor.py:183} INFO - Processing /home/airflow/.local/lib/python3.8/site-packages/airflow/example_dags/tutorial_taskflow_api.py took 0.075 seconds
[2026-04-21T04:05:09.556+0000] {processor.py:161} INFO - Started process (PID=3729209) to work on /home/airflow/.local/lib/python3.8/site-packages/airflow/example_dags/tutorial_taskflow_api.py
[2026-04-21T04:05:09.558+0000] {processor.py:830} INFO - Processing file /home/airflow/.local/lib/python3.8/site-packages/airflow/example_dags/tutorial_taskflow_api.py for tasks to queue
[2026-04-21T04:05:09.561+0000] {logging_mixin.py:188} INFO - [2026-04-21T04:05:09.561+0000] {dagbag.py:538} INFO - Filling up the DagBag from /home/airflow/.local/lib/python3.8/site-packages/airflow/example_dags/tutorial_taskflow_api.py
[2026-04-21T04:05:09.574+0000] {processor.py:840} INFO - DAG(s) 'tutorial_taskflow_api' retrieved from /home/airflow/.local/lib/python3.8/site-packages/airflow/example_dags/tutorial_taskflow_api.py
[2026-04-21T04:05:09.607+0000] {logging_mixin.py:188} INFO - [2026-04-21T04:05:09.606+0000] {dag.py:3036} INFO - Sync 1 DAGs
[2026-04-21T04:05:09.628+0000] {logging_mixin.py:188} INFO - [2026-04-21T04:05:09.628+0000] {dag.py:3823} INFO - Setting next_dagrun for tutorial_taskflow_api to None, run_after=None
[2026-04-21T04:05:09.654+0000] {processor.py:183} INFO - Processing /home/airflow/.local/lib/python3.8/site-packages/airflow/example_dags/tutorial_taskflow_api.py took 0.106 seconds
[2026-04-21T04:05:40.016+0000] {processor.py:161} INFO - Started process (PID=3729265) to work on /home/airflow/.local/lib/python3.8/site-packages/airflow/example_dags/tutorial_taskflow_api.py
[2026-04-21T04:05:40.018+0000] {processor.py:830} INFO - Processing file /home/airflow/.local/lib/python3.8/site-packages/airflow/example_dags/tutorial_taskflow_api.py for tasks to queue
[2026-04-21T04:05:40.020+0000] {logging_mixin.py:188} INFO - [2026-04-21T04:05:40.020+0000] {dagbag.py:538} INFO - Filling up the DagBag from /home/airflow/.local/lib/python3.8/site-packages/airflow/example_dags/tutorial_taskflow_api.py
[2026-04-21T04:05:40.029+0000] {processor.py:840} INFO - DAG(s) 'tutorial_taskflow_api' retrieved from /home/airflow/.local/lib/python3.8/site-packages/airflow/example_dags/tutorial_taskflow_api.py
[2026-04-21T04:05:40.054+0000] {logging_mixin.py:188} INFO - [2026-04-21T04:05:40.053+0000] {dag.py:3036} INFO - Sync 1 DAGs
[2026-04-21T04:05:40.069+0000] {logging_mixin.py:188} INFO - [2026-04-21T04:05:40.069+0000] {dag.py:3823} INFO - Setting next_dagrun for tutorial_taskflow_api to None, run_after=None
[2026-04-21T04:05:40.089+0000] {processor.py:183} INFO - Processing /home/airflow/.local/lib/python3.8/site-packages/airflow/example_dags/tutorial_taskflow_api.py took 0.078 seconds
[2026-04-21T04:06:10.684+0000] {processor.py:161} INFO - Started process (PID=3729322) to work on /home/airflow/.local/lib/python3.8/site-packages/airflow/example_dags/tutorial_taskflow_api.py
[2026-04-21T04:06:10.685+0000] {processor.py:830} INFO - Processing file /home/airflow/.local/lib/python3.8/site-packages/airflow/example_dags/tutorial_taskflow_api.py for tasks to queue
[2026-04-21T04:06:10.687+0000] {logging_mixin.py:188} INFO - [2026-04-21T04:06:10.687+0000] {dagbag.py:538} INFO - Filling up the DagBag from /home/airflow/.local/lib/python3.8/site-packages/airflow/example_dags/tutorial_taskflow_api.py
[2026-04-21T04:06:10.696+0000] {processor.py:840} INFO - DAG(s) 'tutorial_taskflow_api' retrieved from /home/airflow/.local/lib/python3.8/site-packages/airflow/example_dags/tutorial_taskflow_api.py
[2026-04-21T04:06:10.720+0000] {logging_mixin.py:188} INFO - [2026-04-21T04:06:10.720+0000] {dag.py:3036} INFO - Sync 1 DAGs
[2026-04-21T04:06:10.734+0000] {logging_mixin.py:188} INFO - [2026-04-21T04:06:10.733+0000] {dag.py:3823} INFO - Setting next_dagrun for tutorial_taskflow_api to None, run_after=None
[2026-04-21T04:06:10.754+0000] {processor.py:183} INFO - Processing /home/airflow/.local/lib/python3.8/site-packages/airflow/example_dags/tutorial_taskflow_api.py took 0.076 seconds
[2026-04-21T04:06:41.478+0000] {processor.py:161} INFO - Started process (PID=3729379) to work on /home/airflow/.local/lib/python3.8/site-packages/airflow/example_dags/tutorial_taskflow_api.py
[2026-04-21T04:06:41.480+0000] {processor.py:830} INFO - Processing file /home/airflow/.local/lib/python3.8/site-packages/airflow/example_dags/tutorial_taskflow_api.py for tasks to queue
[2026-04-21T04:06:41.482+0000] {logging_mixin.py:188} INFO - [2026-04-21T04:06:41.482+0000] {dagbag.py:538} INFO - Filling up the DagBag from /home/airflow/.local/lib/python3.8/site-packages/airflow/example_dags/tutorial_taskflow_api.py
[2026-04-21T04:06:41.491+0000] {processor.py:840} INFO - DAG(s) 'tutorial_taskflow_api' retrieved from /home/airflow/.local/lib/python3.8/site-packages/airflow/example_dags/tutorial_taskflow_api.py
[2026-04-21T04:06:41.517+0000] {logging_mixin.py:188} INFO - [2026-04-21T04:06:41.517+0000] {dag.py:3036} INFO - Sync 1 DAGs
[2026-04-21T04:06:41.531+0000] {logging_mixin.py:188} INFO - [2026-04-21T04:06:41.531+0000] {dag.py:3823} INFO - Setting next_dagrun for tutorial_taskflow_api to None, run_after=None
[2026-04-21T04:06:41.553+0000] {processor.py:183} INFO - Processing /home/airflow/.local/lib/python3.8/site-packages/airflow/example_dags/tutorial_taskflow_api.py took 0.080 seconds
[2026-04-21T04:07:12.146+0000] {processor.py:161} INFO - Started process (PID=3729436) to work on /home/airflow/.local/lib/python3.8/site-packages/airflow/example_dags/tutorial_taskflow_api.py
[2026-04-21T04:07:12.148+0000] {processor.py:830} INFO - Processing file /home/airflow/.local/lib/python3.8/site-packages/airflow/example_dags/tutorial_taskflow_api.py for tasks to queue
[2026-04-21T04:07:12.151+0000] {logging_mixin.py:188} INFO - [2026-04-21T04:07:12.150+0000] {dagbag.py:538} INFO - Filling up the DagBag from /home/airflow/.local/lib/python3.8/site-packages/airflow/example_dags/tutorial_taskflow_api.py
[2026-04-21T04:07:12.160+0000] {processor.py:840} INFO - DAG(s) 'tutorial_taskflow_api' retrieved from /home/airflow/.local/lib/python3.8/site-packages/airflow/example_dags/tutorial_taskflow_api.py
[2026-04-21T04:07:12.188+0000] {logging_mixin.py:188} INFO - [2026-04-21T04:07:12.187+0000] {dag.py:3036} INFO - Sync 1 DAGs
[2026-04-21T04:07:12.205+0000] {logging_mixin.py:188} INFO - [2026-04-21T04:07:12.205+0000] {dag.py:3823} INFO - Setting next_dagrun for tutorial_taskflow_api to None, run_after=None
[2026-04-21T04:07:12.228+0000] {processor.py:183} INFO - Processing /home/airflow/.local/lib/python3.8/site-packages/airflow/example_dags/tutorial_taskflow_api.py took 0.088 seconds
[2026-04-21T04:07:42.713+0000] {processor.py:161} INFO - Started process (PID=3729493) to work on /home/airflow/.local/lib/python3.8/site-packages/airflow/example_dags/tutorial_taskflow_api.py
[2026-04-21T04:07:42.715+0000] {processor.py:830} INFO - Processing file /home/airflow/.local/lib/python3.8/site-packages/airflow/example_dags/tutorial_taskflow_api.py for tasks to queue
[2026-04-21T04:07:42.718+0000] {logging_mixin.py:188} INFO - [2026-04-21T04:07:42.718+0000] {dagbag.py:538} INFO - Filling up the DagBag from /home/airflow/.local/lib/python3.8/site-packages/airflow/example_dags/tutorial_taskflow_api.py
[2026-04-21T04:07:42.728+0000] {processor.py:840} INFO - DAG(s) 'tutorial_taskflow_api' retrieved from /home/airflow/.local/lib/python3.8/site-packages/airflow/example_dags/tutorial_taskflow_api.py
[2026-04-21T04:07:42.755+0000] {logging_mixin.py:188} INFO - [2026-04-21T04:07:42.755+0000] {dag.py:3036} INFO - Sync 1 DAGs
[2026-04-21T04:07:42.773+0000] {logging_mixin.py:188} INFO - [2026-04-21T04:07:42.772+0000] {dag.py:3823} INFO - Setting next_dagrun for tutorial_taskflow_api to None, run_after=None
[2026-04-21T04:07:42.796+0000] {processor.py:183} INFO - Processing /home/airflow/.local/lib/python3.8/site-packages/airflow/example_dags/tutorial_taskflow_api.py took 0.089 seconds
[2026-04-21T04:08:13.264+0000] {processor.py:161} INFO - Started process (PID=3729550) to work on /home/airflow/.local/lib/python3.8/site-packages/airflow/example_dags/tutorial_taskflow_api.py
[2026-04-21T04:08:13.266+0000] {processor.py:830} INFO - Processing file /home/airflow/.local/lib/python3.8/site-packages/airflow/example_dags/tutorial_taskflow_api.py for tasks to queue
[2026-04-21T04:08:13.269+0000] {logging_mixin.py:188} INFO - [2026-04-21T04:08:13.268+0000] {dagbag.py:538} INFO - Filling up the DagBag from /home/airflow/.local/lib/python3.8/site-packages/airflow/example_dags/tutorial_taskflow_api.py
[2026-04-21T04:08:13.278+0000] {processor.py:840} INFO - DAG(s) 'tutorial_taskflow_api' retrieved from /home/airflow/.local/lib/python3.8/site-packages/airflow/example_dags/tutorial_taskflow_api.py
[2026-04-21T04:08:13.304+0000] {logging_mixin.py:188} INFO - [2026-04-21T04:08:13.304+0000] {dag.py:3036} INFO - Sync 1 DAGs
[2026-04-21T04:08:13.320+0000] {logging_mixin.py:188} INFO - [2026-04-21T04:08:13.320+0000] {dag.py:3823} INFO - Setting next_dagrun for tutorial_taskflow_api to None, run_after=None
[2026-04-21T04:08:13.343+0000] {processor.py:183} INFO - Processing /home/airflow/.local/lib/python3.8/site-packages/airflow/example_dags/tutorial_taskflow_api.py took 0.084 seconds
[2026-04-21T04:08:43.466+0000] {processor.py:161} INFO - Started process (PID=3729607) to work on /home/airflow/.local/lib/python3.8/site-packages/airflow/example_dags/tutorial_taskflow_api.py
[2026-04-21T04:08:43.468+0000] {processor.py:830} INFO - Processing file /home/airflow/.local/lib/python3.8/site-packages/airflow/example_dags/tutorial_taskflow_api.py for tasks to queue
[2026-04-21T04:08:43.470+0000] {logging_mixin.py:188} INFO - [2026-04-21T04:08:43.470+0000] {dagbag.py:538} INFO - Filling up the DagBag from /home/airflow/.local/lib/python3.8/site-packages/airflow/example_dags/tutorial_taskflow_api.py
[2026-04-21T04:08:43.479+0000] {processor.py:840} INFO - DAG(s) 'tutorial_taskflow_api' retrieved from /home/airflow/.local/lib/python3.8/site-packages/airflow/example_dags/tutorial_taskflow_api.py
[2026-04-21T04:08:43.504+0000] {logging_mixin.py:188} INFO - [2026-04-21T04:08:43.504+0000] {dag.py:3036} INFO - Sync 1 DAGs
[2026-04-21T04:08:43.518+0000] {logging_mixin.py:188} INFO - [2026-04-21T04:08:43.518+0000] {dag.py:3823} INFO - Setting next_dagrun for tutorial_taskflow_api to None, run_after=None
[2026-04-21T04:08:43.538+0000] {processor.py:183} INFO - Processing /home/airflow/.local/lib/python3.8/site-packages/airflow/example_dags/tutorial_taskflow_api.py took 0.077 seconds
[2026-04-21T04:09:13.647+0000] {processor.py:161} INFO - Started process (PID=3729664) to work on /home/airflow/.local/lib/python3.8/site-packages/airflow/example_dags/tutorial_taskflow_api.py
[2026-04-21T04:09:13.649+0000] {processor.py:830} INFO - Processing file /home/airflow/.local/lib/python3.8/site-packages/airflow/example_dags/tutorial_taskflow_api.py for tasks to queue
[2026-04-21T04:09:13.651+0000] {logging_mixin.py:188} INFO - [2026-04-21T04:09:13.651+0000] {dagbag.py:538} INFO - Filling up the DagBag from /home/airflow/.local/lib/python3.8/site-packages/airflow/example_dags/tutorial_taskflow_api.py
[2026-04-21T04:09:13.660+0000] {processor.py:840} INFO - DAG(s) 'tutorial_taskflow_api' retrieved from /home/airflow/.local/lib/python3.8/site-packages/airflow/example_dags/tutorial_taskflow_api.py
[2026-04-21T04:09:13.685+0000] {logging_mixin.py:188} INFO - [2026-04-21T04:09:13.685+0000] {dag.py:3036} INFO - Sync 1 DAGs
[2026-04-21T04:09:13.699+0000] {logging_mixin.py:188} INFO - [2026-04-21T04:09:13.699+0000] {dag.py:3823} INFO - Setting next_dagrun for tutorial_taskflow_api to None, run_after=None
[2026-04-21T04:09:13.720+0000] {processor.py:183} INFO - Processing /home/airflow/.local/lib/python3.8/site-packages/airflow/example_dags/tutorial_taskflow_api.py took 0.078 seconds
[2026-04-21T04:09:44.004+0000] {processor.py:161} INFO - Started process (PID=3729721) to work on /home/airflow/.local/lib/python3.8/site-packages/airflow/example_dags/tutorial_taskflow_api.py
[2026-04-21T04:09:44.006+0000] {processor.py:830} INFO - Processing file /home/airflow/.local/lib/python3.8/site-packages/airflow/example_dags/tutorial_taskflow_api.py for tasks to queue
[2026-04-21T04:09:44.008+0000] {logging_mixin.py:188} INFO - [2026-04-21T04:09:44.008+0000] {dagbag.py:538} INFO - Filling up the DagBag from /home/airflow/.local/lib/python3.8/site-packages/airflow/example_dags/tutorial_taskflow_api.py
[2026-04-21T04:09:44.017+0000] {processor.py:840} INFO - DAG(s) 'tutorial_taskflow_api' retrieved from /home/airflow/.local/lib/python3.8/site-packages/airflow/example_dags/tutorial_taskflow_api.py
[2026-04-21T04:09:44.042+0000] {logging_mixin.py:188} INFO - [2026-04-21T04:09:44.042+0000] {dag.py:3036} INFO - Sync 1 DAGs
[2026-04-21T04:09:44.056+0000] {logging_mixin.py:188} INFO - [2026-04-21T04:09:44.056+0000] {dag.py:3823} INFO - Setting next_dagrun for tutorial_taskflow_api to None, run_after=None
[2026-04-21T04:09:44.076+0000] {processor.py:183} INFO - Processing /home/airflow/.local/lib/python3.8/site-packages/airflow/example_dags/tutorial_taskflow_api.py took 0.077 seconds
[2026-04-21T04:10:14.304+0000] {processor.py:161} INFO - Started process (PID=3729778) to work on /home/airflow/.local/lib/python3.8/site-packages/airflow/example_dags/tutorial_taskflow_api.py
[2026-04-21T04:10:14.306+0000] {processor.py:830} INFO - Processing file /home/airflow/.local/lib/python3.8/site-packages/airflow/example_dags/tutorial_taskflow_api.py for tasks to queue
[2026-04-21T04:10:14.308+0000] {logging_mixin.py:188} INFO - [2026-04-21T04:10:14.308+0000] {dagbag.py:538} INFO - Filling up the DagBag from /home/airflow/.local/lib/python3.8/site-packages/airflow/example_dags/tutorial_taskflow_api.py
[2026-04-21T04:10:14.317+0000] {processor.py:840} INFO - DAG(s) 'tutorial_taskflow_api' retrieved from /home/airflow/.local/lib/python3.8/site-packages/airflow/example_dags/tutorial_taskflow_api.py
[2026-04-21T04:10:14.343+0000] {logging_mixin.py:188} INFO - [2026-04-21T04:10:14.343+0000] {dag.py:3036} INFO - Sync 1 DAGs
[2026-04-21T04:10:14.358+0000] {logging_mixin.py:188} INFO - [2026-04-21T04:10:14.358+0000] {dag.py:3823} INFO - Setting next_dagrun for tutorial_taskflow_api to None, run_after=None
[2026-04-21T04:10:14.378+0000] {processor.py:183} INFO - Processing /home/airflow/.local/lib/python3.8/site-packages/airflow/example_dags/tutorial_taskflow_api.py took 0.079 seconds
[2026-04-21T04:10:44.558+0000] {processor.py:161} INFO - Started process (PID=3729835) to work on /home/airflow/.local/lib/python3.8/site-packages/airflow/example_dags/tutorial_taskflow_api.py
[2026-04-21T04:10:44.559+0000] {processor.py:830} INFO - Processing file /home/airflow/.local/lib/python3.8/site-packages/airflow/example_dags/tutorial_taskflow_api.py for tasks to queue
[2026-04-21T04:10:44.562+0000] {logging_mixin.py:188} INFO - [2026-04-21T04:10:44.561+0000] {dagbag.py:538} INFO - Filling up the DagBag from /home/airflow/.local/lib/python3.8/site-packages/airflow/example_dags/tutorial_taskflow_api.py
[2026-04-21T04:10:44.571+0000] {processor.py:840} INFO - DAG(s) 'tutorial_taskflow_api' retrieved from /home/airflow/.local/lib/python3.8/site-packages/airflow/example_dags/tutorial_taskflow_api.py
[2026-04-21T04:10:44.597+0000] {logging_mixin.py:188} INFO - [2026-04-21T04:10:44.597+0000] {dag.py:3036} INFO - Sync 1 DAGs
[2026-04-21T04:10:44.613+0000] {logging_mixin.py:188} INFO - [2026-04-21T04:10:44.613+0000] {dag.py:3823} INFO - Setting next_dagrun for tutorial_taskflow_api to None, run_after=None
[2026-04-21T04:10:44.634+0000] {processor.py:183} INFO - Processing /home/airflow/.local/lib/python3.8/site-packages/airflow/example_dags/tutorial_taskflow_api.py took 0.081 seconds
[2026-04-21T04:11:14.729+0000] {processor.py:161} INFO - Started process (PID=3729892) to work on /home/airflow/.local/lib/python3.8/site-packages/airflow/example_dags/tutorial_taskflow_api.py
[2026-04-21T04:11:14.731+0000] {processor.py:830} INFO - Processing file /home/airflow/.local/lib/python3.8/site-packages/airflow/example_dags/tutorial_taskflow_api.py for tasks to queue
[2026-04-21T04:11:14.733+0000] {logging_mixin.py:188} INFO - [2026-04-21T04:11:14.733+0000] {dagbag.py:538} INFO - Filling up the DagBag from /home/airflow/.local/lib/python3.8/site-packages/airflow/example_dags/tutorial_taskflow_api.py
[2026-04-21T04:11:14.742+0000] {processor.py:840} INFO - DAG(s) 'tutorial_taskflow_api' retrieved from /home/airflow/.local/lib/python3.8/site-packages/airflow/example_dags/tutorial_taskflow_api.py
[2026-04-21T04:11:14.768+0000] {logging_mixin.py:188} INFO - [2026-04-21T04:11:14.768+0000] {dag.py:3036} INFO - Sync 1 DAGs
[2026-04-21T04:11:14.783+0000] {logging_mixin.py:188} INFO - [2026-04-21T04:11:14.783+0000] {dag.py:3823} INFO - Setting next_dagrun for tutorial_taskflow_api to None, run_after=None
[2026-04-21T04:11:14.804+0000] {processor.py:183} INFO - Processing /home/airflow/.local/lib/python3.8/site-packages/airflow/example_dags/tutorial_taskflow_api.py took 0.080 seconds
[2026-04-21T04:11:45.525+0000] {processor.py:161} INFO - Started process (PID=3729949) to work on /home/airflow/.local/lib/python3.8/site-packages/airflow/example_dags/tutorial_taskflow_api.py
[2026-04-21T04:11:45.527+0000] {processor.py:830} INFO - Processing file /home/airflow/.local/lib/python3.8/site-packages/airflow/example_dags/tutorial_taskflow_api.py for tasks to queue
[2026-04-21T04:11:45.529+0000] {logging_mixin.py:188} INFO - [2026-04-21T04:11:45.529+0000] {dagbag.py:538} INFO - Filling up the DagBag from /home/airflow/.local/lib/python3.8/site-packages/airflow/example_dags/tutorial_taskflow_api.py
[2026-04-21T04:11:45.538+0000] {processor.py:840} INFO - DAG(s) 'tutorial_taskflow_api' retrieved from /home/airflow/.local/lib/python3.8/site-packages/airflow/example_dags/tutorial_taskflow_api.py
[2026-04-21T04:11:45.562+0000] {logging_mixin.py:188} INFO - [2026-04-21T04:11:45.562+0000] {dag.py:3036} INFO - Sync 1 DAGs
[2026-04-21T04:11:45.577+0000] {logging_mixin.py:188} INFO - [2026-04-21T04:11:45.576+0000] {dag.py:3823} INFO - Setting next_dagrun for tutorial_taskflow_api to None, run_after=None
[2026-04-21T04:11:45.596+0000] {processor.py:183} INFO - Processing /home/airflow/.local/lib/python3.8/site-packages/airflow/example_dags/tutorial_taskflow_api.py took 0.077 seconds
[2026-04-21T04:12:16.073+0000] {processor.py:161} INFO - Started process (PID=3730006) to work on /home/airflow/.local/lib/python3.8/site-packages/airflow/example_dags/tutorial_taskflow_api.py
[2026-04-21T04:12:16.075+0000] {processor.py:830} INFO - Processing file /home/airflow/.local/lib/python3.8/site-packages/airflow/example_dags/tutorial_taskflow_api.py for tasks to queue
[2026-04-21T04:12:16.078+0000] {logging_mixin.py:188} INFO - [2026-04-21T04:12:16.077+0000] {dagbag.py:538} INFO - Filling up the DagBag from /home/airflow/.local/lib/python3.8/site-packages/airflow/example_dags/tutorial_taskflow_api.py
[2026-04-21T04:12:16.086+0000] {processor.py:840} INFO - DAG(s) 'tutorial_taskflow_api' retrieved from /home/airflow/.local/lib/python3.8/site-packages/airflow/example_dags/tutorial_taskflow_api.py
[2026-04-21T04:12:16.112+0000] {logging_mixin.py:188} INFO - [2026-04-21T04:12:16.112+0000] {dag.py:3036} INFO - Sync 1 DAGs
[2026-04-21T04:12:16.127+0000] {logging_mixin.py:188} INFO - [2026-04-21T04:12:16.126+0000] {dag.py:3823} INFO - Setting next_dagrun for tutorial_taskflow_api to None, run_after=None
[2026-04-21T04:12:16.146+0000] {processor.py:183} INFO - Processing /home/airflow/.local/lib/python3.8/site-packages/airflow/example_dags/tutorial_taskflow_api.py took 0.077 seconds
[2026-04-21T04:12:46.728+0000] {processor.py:161} INFO - Started process (PID=3730063) to work on /home/airflow/.local/lib/python3.8/site-packages/airflow/example_dags/tutorial_taskflow_api.py
[2026-04-21T04:12:46.730+0000] {processor.py:830} INFO - Processing file /home/airflow/.local/lib/python3.8/site-packages/airflow/example_dags/tutorial_taskflow_api.py for tasks to queue
[2026-04-21T04:12:46.733+0000] {logging_mixin.py:188} INFO - [2026-04-21T04:12:46.732+0000] {dagbag.py:538} INFO - Filling up the DagBag from /home/airflow/.local/lib/python3.8/site-packages/airflow/example_dags/tutorial_taskflow_api.py
[2026-04-21T04:12:46.741+0000] {processor.py:840} INFO - DAG(s) 'tutorial_taskflow_api' retrieved from /home/airflow/.local/lib/python3.8/site-packages/airflow/example_dags/tutorial_taskflow_api.py
[2026-04-21T04:12:46.767+0000] {logging_mixin.py:188} INFO - [2026-04-21T04:12:46.767+0000] {dag.py:3036} INFO - Sync 1 DAGs
[2026-04-21T04:12:46.781+0000] {logging_mixin.py:188} INFO - [2026-04-21T04:12:46.781+0000] {dag.py:3823} INFO - Setting next_dagrun for tutorial_taskflow_api to None, run_after=None
[2026-04-21T04:12:46.803+0000] {processor.py:183} INFO - Processing /home/airflow/.local/lib/python3.8/site-packages/airflow/example_dags/tutorial_taskflow_api.py took 0.079 seconds
[2026-04-21T04:13:16.945+0000] {processor.py:161} INFO - Started process (PID=3730120) to work on /home/airflow/.local/lib/python3.8/site-packages/airflow/example_dags/tutorial_taskflow_api.py
[2026-04-21T04:13:16.947+0000] {processor.py:830} INFO - Processing file /home/airflow/.local/lib/python3.8/site-packages/airflow/example_dags/tutorial_taskflow_api.py for tasks to queue
[2026-04-21T04:13:16.950+0000] {logging_mixin.py:188} INFO - [2026-04-21T04:13:16.949+0000] {dagbag.py:538} INFO - Filling up the DagBag from /home/airflow/.local/lib/python3.8/site-packages/airflow/example_dags/tutorial_taskflow_api.py
[2026-04-21T04:13:16.958+0000] {processor.py:840} INFO - DAG(s) 'tutorial_taskflow_api' retrieved from /home/airflow/.local/lib/python3.8/site-packages/airflow/example_dags/tutorial_taskflow_api.py
[2026-04-21T04:13:16.982+0000] {logging_mixin.py:188} INFO - [2026-04-21T04:13:16.981+0000] {dag.py:3036} INFO - Sync 1 DAGs
[2026-04-21T04:13:16.995+0000] {logging_mixin.py:188} INFO - [2026-04-21T04:13:16.995+0000] {dag.py:3823} INFO - Setting next_dagrun for tutorial_taskflow_api to None, run_after=None
[2026-04-21T04:13:17.014+0000] {processor.py:183} INFO - Processing /home/airflow/.local/lib/python3.8/site-packages/airflow/example_dags/tutorial_taskflow_api.py took 0.073 seconds
[2026-04-21T04:13:47.522+0000] {processor.py:161} INFO - Started process (PID=3730177) to work on /home/airflow/.local/lib/python3.8/site-packages/airflow/example_dags/tutorial_taskflow_api.py
[2026-04-21T04:13:47.524+0000] {processor.py:830} INFO - Processing file /home/airflow/.local/lib/python3.8/site-packages/airflow/example_dags/tutorial_taskflow_api.py for tasks to queue
[2026-04-21T04:13:47.526+0000] {logging_mixin.py:188} INFO - [2026-04-21T04:13:47.526+0000] {dagbag.py:538} INFO - Filling up the DagBag from /home/airflow/.local/lib/python3.8/site-packages/airflow/example_dags/tutorial_taskflow_api.py
[2026-04-21T04:13:47.535+0000] {processor.py:840} INFO - DAG(s) 'tutorial_taskflow_api' retrieved from /home/airflow/.local/lib/python3.8/site-packages/airflow/example_dags/tutorial_taskflow_api.py
[2026-04-21T04:13:47.560+0000] {logging_mixin.py:188} INFO - [2026-04-21T04:13:47.559+0000] {dag.py:3036} INFO - Sync 1 DAGs
[2026-04-21T04:13:47.574+0000] {logging_mixin.py:188} INFO - [2026-04-21T04:13:47.573+0000] {dag.py:3823} INFO - Setting next_dagrun for tutorial_taskflow_api to None, run_after=None
[2026-04-21T04:13:47.593+0000] {processor.py:183} INFO - Processing /home/airflow/.local/lib/python3.8/site-packages/airflow/example_dags/tutorial_taskflow_api.py took 0.076 seconds
[2026-04-21T04:14:17.739+0000] {processor.py:161} INFO - Started process (PID=3730234) to work on /home/airflow/.local/lib/python3.8/site-packages/airflow/example_dags/tutorial_taskflow_api.py
[2026-04-21T04:14:17.741+0000] {processor.py:830} INFO - Processing file /home/airflow/.local/lib/python3.8/site-packages/airflow/example_dags/tutorial_taskflow_api.py for tasks to queue
[2026-04-21T04:14:17.744+0000] {logging_mixin.py:188} INFO - [2026-04-21T04:14:17.744+0000] {dagbag.py:538} INFO - Filling up the DagBag from /home/airflow/.local/lib/python3.8/site-packages/airflow/example_dags/tutorial_taskflow_api.py
[2026-04-21T04:14:17.756+0000] {processor.py:840} INFO - DAG(s) 'tutorial_taskflow_api' retrieved from /home/airflow/.local/lib/python3.8/site-packages/airflow/example_dags/tutorial_taskflow_api.py
[2026-04-21T04:14:17.782+0000] {logging_mixin.py:188} INFO - [2026-04-21T04:14:17.781+0000] {dag.py:3036} INFO - Sync 1 DAGs
[2026-04-21T04:14:17.797+0000] {logging_mixin.py:188} INFO - [2026-04-21T04:14:17.797+0000] {dag.py:3823} INFO - Setting next_dagrun for tutorial_taskflow_api to None, run_after=None
[2026-04-21T04:14:17.817+0000] {processor.py:183} INFO - Processing /home/airflow/.local/lib/python3.8/site-packages/airflow/example_dags/tutorial_taskflow_api.py took 0.084 seconds
[2026-04-21T04:14:47.992+0000] {processor.py:161} INFO - Started process (PID=3730291) to work on /home/airflow/.local/lib/python3.8/site-packages/airflow/example_dags/tutorial_taskflow_api.py
[2026-04-21T04:14:47.993+0000] {processor.py:830} INFO - Processing file /home/airflow/.local/lib/python3.8/site-packages/airflow/example_dags/tutorial_taskflow_api.py for tasks to queue
[2026-04-21T04:14:47.996+0000] {logging_mixin.py:188} INFO - [2026-04-21T04:14:47.996+0000] {dagbag.py:538} INFO - Filling up the DagBag from /home/airflow/.local/lib/python3.8/site-packages/airflow/example_dags/tutorial_taskflow_api.py
[2026-04-21T04:14:48.005+0000] {processor.py:840} INFO - DAG(s) 'tutorial_taskflow_api' retrieved from /home/airflow/.local/lib/python3.8/site-packages/airflow/example_dags/tutorial_taskflow_api.py
[2026-04-21T04:14:48.030+0000] {logging_mixin.py:188} INFO - [2026-04-21T04:14:48.029+0000] {dag.py:3036} INFO - Sync 1 DAGs
[2026-04-21T04:14:48.044+0000] {logging_mixin.py:188} INFO - [2026-04-21T04:14:48.043+0000] {dag.py:3823} INFO - Setting next_dagrun for tutorial_taskflow_api to None, run_after=None
[2026-04-21T04:14:48.063+0000] {processor.py:183} INFO - Processing /home/airflow/.local/lib/python3.8/site-packages/airflow/example_dags/tutorial_taskflow_api.py took 0.076 seconds
[2026-04-21T04:15:18.304+0000] {processor.py:161} INFO - Started process (PID=3730348) to work on /home/airflow/.local/lib/python3.8/site-packages/airflow/example_dags/tutorial_taskflow_api.py
[2026-04-21T04:15:18.306+0000] {processor.py:830} INFO - Processing file /home/airflow/.local/lib/python3.8/site-packages/airflow/example_dags/tutorial_taskflow_api.py for tasks to queue
[2026-04-21T04:15:18.308+0000] {logging_mixin.py:188} INFO - [2026-04-21T04:15:18.308+0000] {dagbag.py:538} INFO - Filling up the DagBag from /home/airflow/.local/lib/python3.8/site-packages/airflow/example_dags/tutorial_taskflow_api.py
[2026-04-21T04:15:18.316+0000] {processor.py:840} INFO - DAG(s) 'tutorial_taskflow_api' retrieved from /home/airflow/.local/lib/python3.8/site-packages/airflow/example_dags/tutorial_taskflow_api.py
[2026-04-21T04:15:18.343+0000] {logging_mixin.py:188} INFO - [2026-04-21T04:15:18.343+0000] {dag.py:3036} INFO - Sync 1 DAGs
[2026-04-21T04:15:18.358+0000] {logging_mixin.py:188} INFO - [2026-04-21T04:15:18.358+0000] {dag.py:3823} INFO - Setting next_dagrun for tutorial_taskflow_api to None, run_after=None
[2026-04-21T04:15:18.379+0000] {processor.py:183} INFO - Processing /home/airflow/.local/lib/python3.8/site-packages/airflow/example_dags/tutorial_taskflow_api.py took 0.080 seconds
[2026-04-21T04:15:49.322+0000] {processor.py:161} INFO - Started process (PID=3730405) to work on /home/airflow/.local/lib/python3.8/site-packages/airflow/example_dags/tutorial_taskflow_api.py
[2026-04-21T04:15:49.324+0000] {processor.py:830} INFO - Processing file /home/airflow/.local/lib/python3.8/site-packages/airflow/example_dags/tutorial_taskflow_api.py for tasks to queue
[2026-04-21T04:15:49.326+0000] {logging_mixin.py:188} INFO - [2026-04-21T04:15:49.326+0000] {dagbag.py:538} INFO - Filling up the DagBag from /home/airflow/.local/lib/python3.8/site-packages/airflow/example_dags/tutorial_taskflow_api.py
[2026-04-21T04:15:49.335+0000] {processor.py:840} INFO - DAG(s) 'tutorial_taskflow_api' retrieved from /home/airflow/.local/lib/python3.8/site-packages/airflow/example_dags/tutorial_taskflow_api.py
[2026-04-21T04:15:49.359+0000] {logging_mixin.py:188} INFO - [2026-04-21T04:15:49.359+0000] {dag.py:3036} INFO - Sync 1 DAGs
[2026-04-21T04:15:49.373+0000] {logging_mixin.py:188} INFO - [2026-04-21T04:15:49.373+0000] {dag.py:3823} INFO - Setting next_dagrun for tutorial_taskflow_api to None, run_after=None
[2026-04-21T04:15:49.393+0000] {processor.py:183} INFO - Processing /home/airflow/.local/lib/python3.8/site-packages/airflow/example_dags/tutorial_taskflow_api.py took 0.076 seconds
[2026-04-21T04:16:19.891+0000] {processor.py:161} INFO - Started process (PID=3730462) to work on /home/airflow/.local/lib/python3.8/site-packages/airflow/example_dags/tutorial_taskflow_api.py
[2026-04-21T04:16:19.893+0000] {processor.py:830} INFO - Processing file /home/airflow/.local/lib/python3.8/site-packages/airflow/example_dags/tutorial_taskflow_api.py for tasks to queue
[2026-04-21T04:16:19.895+0000] {logging_mixin.py:188} INFO - [2026-04-21T04:16:19.895+0000] {dagbag.py:538} INFO - Filling up the DagBag from /home/airflow/.local/lib/python3.8/site-packages/airflow/example_dags/tutorial_taskflow_api.py
[2026-04-21T04:16:19.904+0000] {processor.py:840} INFO - DAG(s) 'tutorial_taskflow_api' retrieved from /home/airflow/.local/lib/python3.8/site-packages/airflow/example_dags/tutorial_taskflow_api.py
[2026-04-21T04:16:19.929+0000] {logging_mixin.py:188} INFO - [2026-04-21T04:16:19.928+0000] {dag.py:3036} INFO - Sync 1 DAGs
[2026-04-21T04:16:19.943+0000] {logging_mixin.py:188} INFO - [2026-04-21T04:16:19.943+0000] {dag.py:3823} INFO - Setting next_dagrun for tutorial_taskflow_api to None, run_after=None
[2026-04-21T04:16:19.962+0000] {processor.py:183} INFO - Processing /home/airflow/.local/lib/python3.8/site-packages/airflow/example_dags/tutorial_taskflow_api.py took 0.076 seconds
[2026-04-21T04:16:50.234+0000] {processor.py:161} INFO - Started process (PID=3730519) to work on /home/airflow/.local/lib/python3.8/site-packages/airflow/example_dags/tutorial_taskflow_api.py
[2026-04-21T04:16:50.236+0000] {processor.py:830} INFO - Processing file /home/airflow/.local/lib/python3.8/site-packages/airflow/example_dags/tutorial_taskflow_api.py for tasks to queue
[2026-04-21T04:16:50.238+0000] {logging_mixin.py:188} INFO - [2026-04-21T04:16:50.238+0000] {dagbag.py:538} INFO - Filling up the DagBag from /home/airflow/.local/lib/python3.8/site-packages/airflow/example_dags/tutorial_taskflow_api.py
[2026-04-21T04:16:50.247+0000] {processor.py:840} INFO - DAG(s) 'tutorial_taskflow_api' retrieved from /home/airflow/.local/lib/python3.8/site-packages/airflow/example_dags/tutorial_taskflow_api.py
[2026-04-21T04:16:50.271+0000] {logging_mixin.py:188} INFO - [2026-04-21T04:16:50.271+0000] {dag.py:3036} INFO - Sync 1 DAGs
[2026-04-21T04:16:50.285+0000] {logging_mixin.py:188} INFO - [2026-04-21T04:16:50.285+0000] {dag.py:3823} INFO - Setting next_dagrun for tutorial_taskflow_api to None, run_after=None
[2026-04-21T04:16:50.304+0000] {processor.py:183} INFO - Processing /home/airflow/.local/lib/python3.8/site-packages/airflow/example_dags/tutorial_taskflow_api.py took 0.075 seconds
[2026-04-21T04:17:20.434+0000] {processor.py:161} INFO - Started process (PID=3730576) to work on /home/airflow/.local/lib/python3.8/site-packages/airflow/example_dags/tutorial_taskflow_api.py
[2026-04-21T04:17:20.436+0000] {processor.py:830} INFO - Processing file /home/airflow/.local/lib/python3.8/site-packages/airflow/example_dags/tutorial_taskflow_api.py for tasks to queue
[2026-04-21T04:17:20.438+0000] {logging_mixin.py:188} INFO - [2026-04-21T04:17:20.438+0000] {dagbag.py:538} INFO - Filling up the DagBag from /home/airflow/.local/lib/python3.8/site-packages/airflow/example_dags/tutorial_taskflow_api.py
[2026-04-21T04:17:20.447+0000] {processor.py:840} INFO - DAG(s) 'tutorial_taskflow_api' retrieved from /home/airflow/.local/lib/python3.8/site-packages/airflow/example_dags/tutorial_taskflow_api.py
[2026-04-21T04:17:20.472+0000] {logging_mixin.py:188} INFO - [2026-04-21T04:17:20.471+0000] {dag.py:3036} INFO - Sync 1 DAGs
[2026-04-21T04:17:20.486+0000] {logging_mixin.py:188} INFO - [2026-04-21T04:17:20.485+0000] {dag.py:3823} INFO - Setting next_dagrun for tutorial_taskflow_api to None, run_after=None
[2026-04-21T04:17:20.507+0000] {processor.py:183} INFO - Processing /home/airflow/.local/lib/python3.8/site-packages/airflow/example_dags/tutorial_taskflow_api.py took 0.078 seconds
[2026-04-21T04:17:50.742+0000] {processor.py:161} INFO - Started process (PID=3730633) to work on /home/airflow/.local/lib/python3.8/site-packages/airflow/example_dags/tutorial_taskflow_api.py
[2026-04-21T04:17:50.743+0000] {processor.py:830} INFO - Processing file /home/airflow/.local/lib/python3.8/site-packages/airflow/example_dags/tutorial_taskflow_api.py for tasks to queue
[2026-04-21T04:17:50.746+0000] {logging_mixin.py:188} INFO - [2026-04-21T04:17:50.746+0000] {dagbag.py:538} INFO - Filling up the DagBag from /home/airflow/.local/lib/python3.8/site-packages/airflow/example_dags/tutorial_taskflow_api.py
[2026-04-21T04:17:50.756+0000] {processor.py:840} INFO - DAG(s) 'tutorial_taskflow_api' retrieved from /home/airflow/.local/lib/python3.8/site-packages/airflow/example_dags/tutorial_taskflow_api.py
[2026-04-21T04:17:50.781+0000] {logging_mixin.py:188} INFO - [2026-04-21T04:17:50.781+0000] {dag.py:3036} INFO - Sync 1 DAGs
[2026-04-21T04:17:50.796+0000] {logging_mixin.py:188} INFO - [2026-04-21T04:17:50.795+0000] {dag.py:3823} INFO - Setting next_dagrun for tutorial_taskflow_api to None, run_after=None
[2026-04-21T04:17:50.815+0000] {processor.py:183} INFO - Processing /home/airflow/.local/lib/python3.8/site-packages/airflow/example_dags/tutorial_taskflow_api.py took 0.079 seconds
[2026-04-21T04:18:21.007+0000] {processor.py:161} INFO - Started process (PID=3730690) to work on /home/airflow/.local/lib/python3.8/site-packages/airflow/example_dags/tutorial_taskflow_api.py
[2026-04-21T04:18:21.009+0000] {processor.py:830} INFO - Processing file /home/airflow/.local/lib/python3.8/site-packages/airflow/example_dags/tutorial_taskflow_api.py for tasks to queue
[2026-04-21T04:18:21.011+0000] {logging_mixin.py:188} INFO - [2026-04-21T04:18:21.011+0000] {dagbag.py:538} INFO - Filling up the DagBag from /home/airflow/.local/lib/python3.8/site-packages/airflow/example_dags/tutorial_taskflow_api.py
[2026-04-21T04:18:21.020+0000] {processor.py:840} INFO - DAG(s) 'tutorial_taskflow_api' retrieved from /home/airflow/.local/lib/python3.8/site-packages/airflow/example_dags/tutorial_taskflow_api.py
[2026-04-21T04:18:21.050+0000] {logging_mixin.py:188} INFO - [2026-04-21T04:18:21.050+0000] {dag.py:3036} INFO - Sync 1 DAGs
[2026-04-21T04:18:21.068+0000] {logging_mixin.py:188} INFO - [2026-04-21T04:18:21.068+0000] {dag.py:3823} INFO - Setting next_dagrun for tutorial_taskflow_api to None, run_after=None
[2026-04-21T04:18:21.089+0000] {processor.py:183} INFO - Processing /home/airflow/.local/lib/python3.8/site-packages/airflow/example_dags/tutorial_taskflow_api.py took 0.087 seconds
[2026-04-21T04:18:51.222+0000] {processor.py:161} INFO - Started process (PID=3730747) to work on /home/airflow/.local/lib/python3.8/site-packages/airflow/example_dags/tutorial_taskflow_api.py
[2026-04-21T04:18:51.223+0000] {processor.py:830} INFO - Processing file /home/airflow/.local/lib/python3.8/site-packages/airflow/example_dags/tutorial_taskflow_api.py for tasks to queue
[2026-04-21T04:18:51.226+0000] {logging_mixin.py:188} INFO - [2026-04-21T04:18:51.225+0000] {dagbag.py:538} INFO - Filling up the DagBag from /home/airflow/.local/lib/python3.8/site-packages/airflow/example_dags/tutorial_taskflow_api.py
[2026-04-21T04:18:51.234+0000] {processor.py:840} INFO - DAG(s) 'tutorial_taskflow_api' retrieved from /home/airflow/.local/lib/python3.8/site-packages/airflow/example_dags/tutorial_taskflow_api.py
[2026-04-21T04:18:51.259+0000] {logging_mixin.py:188} INFO - [2026-04-21T04:18:51.259+0000] {dag.py:3036} INFO - Sync 1 DAGs
[2026-04-21T04:18:51.273+0000] {logging_mixin.py:188} INFO - [2026-04-21T04:18:51.273+0000] {dag.py:3823} INFO - Setting next_dagrun for tutorial_taskflow_api to None, run_after=None
[2026-04-21T04:18:51.293+0000] {processor.py:183} INFO - Processing /home/airflow/.local/lib/python3.8/site-packages/airflow/example_dags/tutorial_taskflow_api.py took 0.075 seconds
[2026-04-21T04:19:21.356+0000] {processor.py:161} INFO - Started process (PID=3730804) to work on /home/airflow/.local/lib/python3.8/site-packages/airflow/example_dags/tutorial_taskflow_api.py
[2026-04-21T04:19:21.358+0000] {processor.py:830} INFO - Processing file /home/airflow/.local/lib/python3.8/site-packages/airflow/example_dags/tutorial_taskflow_api.py for tasks to queue
[2026-04-21T04:19:21.360+0000] {logging_mixin.py:188} INFO - [2026-04-21T04:19:21.360+0000] {dagbag.py:538} INFO - Filling up the DagBag from /home/airflow/.local/lib/python3.8/site-packages/airflow/example_dags/tutorial_taskflow_api.py
[2026-04-21T04:19:21.369+0000] {processor.py:840} INFO - DAG(s) 'tutorial_taskflow_api' retrieved from /home/airflow/.local/lib/python3.8/site-packages/airflow/example_dags/tutorial_taskflow_api.py
[2026-04-21T04:19:21.396+0000] {logging_mixin.py:188} INFO - [2026-04-21T04:19:21.396+0000] {dag.py:3036} INFO - Sync 1 DAGs
[2026-04-21T04:19:21.410+0000] {logging_mixin.py:188} INFO - [2026-04-21T04:19:21.410+0000] {dag.py:3823} INFO - Setting next_dagrun for tutorial_taskflow_api to None, run_after=None
[2026-04-21T04:19:21.430+0000] {processor.py:183} INFO - Processing /home/airflow/.local/lib/python3.8/site-packages/airflow/example_dags/tutorial_taskflow_api.py took 0.079 seconds
[2026-04-21T04:19:51.640+0000] {processor.py:161} INFO - Started process (PID=3730861) to work on /home/airflow/.local/lib/python3.8/site-packages/airflow/example_dags/tutorial_taskflow_api.py
[2026-04-21T04:19:51.642+0000] {processor.py:830} INFO - Processing file /home/airflow/.local/lib/python3.8/site-packages/airflow/example_dags/tutorial_taskflow_api.py for tasks to queue
[2026-04-21T04:19:51.644+0000] {logging_mixin.py:188} INFO - [2026-04-21T04:19:51.644+0000] {dagbag.py:538} INFO - Filling up the DagBag from /home/airflow/.local/lib/python3.8/site-packages/airflow/example_dags/tutorial_taskflow_api.py
[2026-04-21T04:19:51.654+0000] {processor.py:840} INFO - DAG(s) 'tutorial_taskflow_api' retrieved from /home/airflow/.local/lib/python3.8/site-packages/airflow/example_dags/tutorial_taskflow_api.py
[2026-04-21T04:19:51.679+0000] {logging_mixin.py:188} INFO - [2026-04-21T04:19:51.679+0000] {dag.py:3036} INFO - Sync 1 DAGs
[2026-04-21T04:19:51.694+0000] {logging_mixin.py:188} INFO - [2026-04-21T04:19:51.694+0000] {dag.py:3823} INFO - Setting next_dagrun for tutorial_taskflow_api to None, run_after=None
[2026-04-21T04:19:51.716+0000] {processor.py:183} INFO - Processing /home/airflow/.local/lib/python3.8/site-packages/airflow/example_dags/tutorial_taskflow_api.py took 0.081 seconds
[2026-04-21T04:20:21.892+0000] {processor.py:161} INFO - Started process (PID=3730918) to work on /home/airflow/.local/lib/python3.8/site-packages/airflow/example_dags/tutorial_taskflow_api.py
[2026-04-21T04:20:21.895+0000] {processor.py:830} INFO - Processing file /home/airflow/.local/lib/python3.8/site-packages/airflow/example_dags/tutorial_taskflow_api.py for tasks to queue
[2026-04-21T04:20:21.897+0000] {logging_mixin.py:188} INFO - [2026-04-21T04:20:21.897+0000] {dagbag.py:538} INFO - Filling up the DagBag from /home/airflow/.local/lib/python3.8/site-packages/airflow/example_dags/tutorial_taskflow_api.py
[2026-04-21T04:20:21.906+0000] {processor.py:840} INFO - DAG(s) 'tutorial_taskflow_api' retrieved from /home/airflow/.local/lib/python3.8/site-packages/airflow/example_dags/tutorial_taskflow_api.py
[2026-04-21T04:20:21.931+0000] {logging_mixin.py:188} INFO - [2026-04-21T04:20:21.931+0000] {dag.py:3036} INFO - Sync 1 DAGs
[2026-04-21T04:20:21.946+0000] {logging_mixin.py:188} INFO - [2026-04-21T04:20:21.945+0000] {dag.py:3823} INFO - Setting next_dagrun for tutorial_taskflow_api to None, run_after=None
[2026-04-21T04:20:21.964+0000] {processor.py:183} INFO - Processing /home/airflow/.local/lib/python3.8/site-packages/airflow/example_dags/tutorial_taskflow_api.py took 0.077 seconds
[2026-04-21T04:20:52.020+0000] {processor.py:161} INFO - Started process (PID=3730975) to work on /home/airflow/.local/lib/python3.8/site-packages/airflow/example_dags/tutorial_taskflow_api.py
[2026-04-21T04:20:52.022+0000] {processor.py:830} INFO - Processing file /home/airflow/.local/lib/python3.8/site-packages/airflow/example_dags/tutorial_taskflow_api.py for tasks to queue
[2026-04-21T04:20:52.024+0000] {logging_mixin.py:188} INFO - [2026-04-21T04:20:52.024+0000] {dagbag.py:538} INFO - Filling up the DagBag from /home/airflow/.local/lib/python3.8/site-packages/airflow/example_dags/tutorial_taskflow_api.py
[2026-04-21T04:20:52.033+0000] {processor.py:840} INFO - DAG(s) 'tutorial_taskflow_api' retrieved from /home/airflow/.local/lib/python3.8/site-packages/airflow/example_dags/tutorial_taskflow_api.py
[2026-04-21T04:20:52.057+0000] {logging_mixin.py:188} INFO - [2026-04-21T04:20:52.057+0000] {dag.py:3036} INFO - Sync 1 DAGs
[2026-04-21T04:20:52.071+0000] {logging_mixin.py:188} INFO - [2026-04-21T04:20:52.071+0000] {dag.py:3823} INFO - Setting next_dagrun for tutorial_taskflow_api to None, run_after=None
[2026-04-21T04:20:52.091+0000] {processor.py:183} INFO - Processing /home/airflow/.local/lib/python3.8/site-packages/airflow/example_dags/tutorial_taskflow_api.py took 0.076 seconds
[2026-04-21T04:21:22.516+0000] {processor.py:161} INFO - Started process (PID=3731032) to work on /home/airflow/.local/lib/python3.8/site-packages/airflow/example_dags/tutorial_taskflow_api.py
[2026-04-21T04:21:22.518+0000] {processor.py:830} INFO - Processing file /home/airflow/.local/lib/python3.8/site-packages/airflow/example_dags/tutorial_taskflow_api.py for tasks to queue
[2026-04-21T04:21:22.520+0000] {logging_mixin.py:188} INFO - [2026-04-21T04:21:22.520+0000] {dagbag.py:538} INFO - Filling up the DagBag from /home/airflow/.local/lib/python3.8/site-packages/airflow/example_dags/tutorial_taskflow_api.py
[2026-04-21T04:21:22.529+0000] {processor.py:840} INFO - DAG(s) 'tutorial_taskflow_api' retrieved from /home/airflow/.local/lib/python3.8/site-packages/airflow/example_dags/tutorial_taskflow_api.py
[2026-04-21T04:21:22.555+0000] {logging_mixin.py:188} INFO - [2026-04-21T04:21:22.555+0000] {dag.py:3036} INFO - Sync 1 DAGs
[2026-04-21T04:21:22.569+0000] {logging_mixin.py:188} INFO - [2026-04-21T04:21:22.569+0000] {dag.py:3823} INFO - Setting next_dagrun for tutorial_taskflow_api to None, run_after=None
[2026-04-21T04:21:22.588+0000] {processor.py:183} INFO - Processing /home/airflow/.local/lib/python3.8/site-packages/airflow/example_dags/tutorial_taskflow_api.py took 0.078 seconds
[2026-04-21T04:21:52.761+0000] {processor.py:161} INFO - Started process (PID=3731089) to work on /home/airflow/.local/lib/python3.8/site-packages/airflow/example_dags/tutorial_taskflow_api.py
[2026-04-21T04:21:52.763+0000] {processor.py:830} INFO - Processing file /home/airflow/.local/lib/python3.8/site-packages/airflow/example_dags/tutorial_taskflow_api.py for tasks to queue
[2026-04-21T04:21:52.766+0000] {logging_mixin.py:188} INFO - [2026-04-21T04:21:52.765+0000] {dagbag.py:538} INFO - Filling up the DagBag from /home/airflow/.local/lib/python3.8/site-packages/airflow/example_dags/tutorial_taskflow_api.py
[2026-04-21T04:21:52.774+0000] {processor.py:840} INFO - DAG(s) 'tutorial_taskflow_api' retrieved from /home/airflow/.local/lib/python3.8/site-packages/airflow/example_dags/tutorial_taskflow_api.py
[2026-04-21T04:21:52.799+0000] {logging_mixin.py:188} INFO - [2026-04-21T04:21:52.799+0000] {dag.py:3036} INFO - Sync 1 DAGs
[2026-04-21T04:21:52.814+0000] {logging_mixin.py:188} INFO - [2026-04-21T04:21:52.813+0000] {dag.py:3823} INFO - Setting next_dagrun for tutorial_taskflow_api to None, run_after=None
[2026-04-21T04:21:52.836+0000] {processor.py:183} INFO - Processing /home/airflow/.local/lib/python3.8/site-packages/airflow/example_dags/tutorial_taskflow_api.py took 0.079 seconds
[2026-04-21T04:22:23.168+0000] {processor.py:161} INFO - Started process (PID=3731146) to work on /home/airflow/.local/lib/python3.8/site-packages/airflow/example_dags/tutorial_taskflow_api.py
[2026-04-21T04:22:23.171+0000] {processor.py:830} INFO - Processing file /home/airflow/.local/lib/python3.8/site-packages/airflow/example_dags/tutorial_taskflow_api.py for tasks to queue
[2026-04-21T04:22:23.174+0000] {logging_mixin.py:188} INFO - [2026-04-21T04:22:23.174+0000] {dagbag.py:538} INFO - Filling up the DagBag from /home/airflow/.local/lib/python3.8/site-packages/airflow/example_dags/tutorial_taskflow_api.py
[2026-04-21T04:22:23.183+0000] {processor.py:840} INFO - DAG(s) 'tutorial_taskflow_api' retrieved from /home/airflow/.local/lib/python3.8/site-packages/airflow/example_dags/tutorial_taskflow_api.py
[2026-04-21T04:22:23.207+0000] {logging_mixin.py:188} INFO - [2026-04-21T04:22:23.207+0000] {dag.py:3036} INFO - Sync 1 DAGs
[2026-04-21T04:22:23.221+0000] {logging_mixin.py:188} INFO - [2026-04-21T04:22:23.221+0000] {dag.py:3823} INFO - Setting next_dagrun for tutorial_taskflow_api to None, run_after=None
[2026-04-21T04:22:23.240+0000] {processor.py:183} INFO - Processing /home/airflow/.local/lib/python3.8/site-packages/airflow/example_dags/tutorial_taskflow_api.py took 0.077 seconds
[2026-04-21T04:22:53.316+0000] {processor.py:161} INFO - Started process (PID=3731203) to work on /home/airflow/.local/lib/python3.8/site-packages/airflow/example_dags/tutorial_taskflow_api.py
[2026-04-21T04:22:53.318+0000] {processor.py:830} INFO - Processing file /home/airflow/.local/lib/python3.8/site-packages/airflow/example_dags/tutorial_taskflow_api.py for tasks to queue
[2026-04-21T04:22:53.321+0000] {logging_mixin.py:188} INFO - [2026-04-21T04:22:53.320+0000] {dagbag.py:538} INFO - Filling up the DagBag from /home/airflow/.local/lib/python3.8/site-packages/airflow/example_dags/tutorial_taskflow_api.py
[2026-04-21T04:22:53.330+0000] {processor.py:840} INFO - DAG(s) 'tutorial_taskflow_api' retrieved from /home/airflow/.local/lib/python3.8/site-packages/airflow/example_dags/tutorial_taskflow_api.py
[2026-04-21T04:22:53.354+0000] {logging_mixin.py:188} INFO - [2026-04-21T04:22:53.354+0000] {dag.py:3036} INFO - Sync 1 DAGs
[2026-04-21T04:22:53.369+0000] {logging_mixin.py:188} INFO - [2026-04-21T04:22:53.368+0000] {dag.py:3823} INFO - Setting next_dagrun for tutorial_taskflow_api to None, run_after=None
[2026-04-21T04:22:53.388+0000] {processor.py:183} INFO - Processing /home/airflow/.local/lib/python3.8/site-packages/airflow/example_dags/tutorial_taskflow_api.py took 0.077 seconds
[2026-04-21T04:23:24.060+0000] {processor.py:161} INFO - Started process (PID=3731260) to work on /home/airflow/.local/lib/python3.8/site-packages/airflow/example_dags/tutorial_taskflow_api.py
[2026-04-21T04:23:24.062+0000] {processor.py:830} INFO - Processing file /home/airflow/.local/lib/python3.8/site-packages/airflow/example_dags/tutorial_taskflow_api.py for tasks to queue
[2026-04-21T04:23:24.065+0000] {logging_mixin.py:188} INFO - [2026-04-21T04:23:24.064+0000] {dagbag.py:538} INFO - Filling up the DagBag from /home/airflow/.local/lib/python3.8/site-packages/airflow/example_dags/tutorial_taskflow_api.py
[2026-04-21T04:23:24.074+0000] {processor.py:840} INFO - DAG(s) 'tutorial_taskflow_api' retrieved from /home/airflow/.local/lib/python3.8/site-packages/airflow/example_dags/tutorial_taskflow_api.py
[2026-04-21T04:23:24.099+0000] {logging_mixin.py:188} INFO - [2026-04-21T04:23:24.099+0000] {dag.py:3036} INFO - Sync 1 DAGs
[2026-04-21T04:23:24.113+0000] {logging_mixin.py:188} INFO - [2026-04-21T04:23:24.113+0000] {dag.py:3823} INFO - Setting next_dagrun for tutorial_taskflow_api to None, run_after=None
[2026-04-21T04:23:24.133+0000] {processor.py:183} INFO - Processing /home/airflow/.local/lib/python3.8/site-packages/airflow/example_dags/tutorial_taskflow_api.py took 0.079 seconds
[2026-04-21T04:23:54.453+0000] {processor.py:161} INFO - Started process (PID=3731317) to work on /home/airflow/.local/lib/python3.8/site-packages/airflow/example_dags/tutorial_taskflow_api.py
[2026-04-21T04:23:54.455+0000] {processor.py:830} INFO - Processing file /home/airflow/.local/lib/python3.8/site-packages/airflow/example_dags/tutorial_taskflow_api.py for tasks to queue
[2026-04-21T04:23:54.457+0000] {logging_mixin.py:188} INFO - [2026-04-21T04:23:54.457+0000] {dagbag.py:538} INFO - Filling up the DagBag from /home/airflow/.local/lib/python3.8/site-packages/airflow/example_dags/tutorial_taskflow_api.py
[2026-04-21T04:23:54.465+0000] {processor.py:840} INFO - DAG(s) 'tutorial_taskflow_api' retrieved from /home/airflow/.local/lib/python3.8/site-packages/airflow/example_dags/tutorial_taskflow_api.py
[2026-04-21T04:23:54.490+0000] {logging_mixin.py:188} INFO - [2026-04-21T04:23:54.490+0000] {dag.py:3036} INFO - Sync 1 DAGs
[2026-04-21T04:23:54.503+0000] {logging_mixin.py:188} INFO - [2026-04-21T04:23:54.503+0000] {dag.py:3823} INFO - Setting next_dagrun for tutorial_taskflow_api to None, run_after=None
[2026-04-21T04:23:54.523+0000] {processor.py:183} INFO - Processing /home/airflow/.local/lib/python3.8/site-packages/airflow/example_dags/tutorial_taskflow_api.py took 0.075 seconds
[2026-04-21T04:24:24.686+0000] {processor.py:161} INFO - Started process (PID=3731375) to work on /home/airflow/.local/lib/python3.8/site-packages/airflow/example_dags/tutorial_taskflow_api.py
[2026-04-21T04:24:24.688+0000] {processor.py:830} INFO - Processing file /home/airflow/.local/lib/python3.8/site-packages/airflow/example_dags/tutorial_taskflow_api.py for tasks to queue
[2026-04-21T04:24:24.690+0000] {logging_mixin.py:188} INFO - [2026-04-21T04:24:24.690+0000] {dagbag.py:538} INFO - Filling up the DagBag from /home/airflow/.local/lib/python3.8/site-packages/airflow/example_dags/tutorial_taskflow_api.py
[2026-04-21T04:24:24.699+0000] {processor.py:840} INFO - DAG(s) 'tutorial_taskflow_api' retrieved from /home/airflow/.local/lib/python3.8/site-packages/airflow/example_dags/tutorial_taskflow_api.py
[2026-04-21T04:24:24.724+0000] {logging_mixin.py:188} INFO - [2026-04-21T04:24:24.724+0000] {dag.py:3036} INFO - Sync 1 DAGs
[2026-04-21T04:24:24.738+0000] {logging_mixin.py:188} INFO - [2026-04-21T04:24:24.738+0000] {dag.py:3823} INFO - Setting next_dagrun for tutorial_taskflow_api to None, run_after=None
[2026-04-21T04:24:24.757+0000] {processor.py:183} INFO - Processing /home/airflow/.local/lib/python3.8/site-packages/airflow/example_dags/tutorial_taskflow_api.py took 0.076 seconds
[2026-04-21T04:24:55.062+0000] {processor.py:161} INFO - Started process (PID=3731432) to work on /home/airflow/.local/lib/python3.8/site-packages/airflow/example_dags/tutorial_taskflow_api.py
[2026-04-21T04:24:55.064+0000] {processor.py:830} INFO - Processing file /home/airflow/.local/lib/python3.8/site-packages/airflow/example_dags/tutorial_taskflow_api.py for tasks to queue
[2026-04-21T04:24:55.066+0000] {logging_mixin.py:188} INFO - [2026-04-21T04:24:55.066+0000] {dagbag.py:538} INFO - Filling up the DagBag from /home/airflow/.local/lib/python3.8/site-packages/airflow/example_dags/tutorial_taskflow_api.py
[2026-04-21T04:24:55.075+0000] {processor.py:840} INFO - DAG(s) 'tutorial_taskflow_api' retrieved from /home/airflow/.local/lib/python3.8/site-packages/airflow/example_dags/tutorial_taskflow_api.py
[2026-04-21T04:24:55.106+0000] {logging_mixin.py:188} INFO - [2026-04-21T04:24:55.106+0000] {dag.py:3036} INFO - Sync 1 DAGs
[2026-04-21T04:24:55.120+0000] {logging_mixin.py:188} INFO - [2026-04-21T04:24:55.120+0000] {dag.py:3823} INFO - Setting next_dagrun for tutorial_taskflow_api to None, run_after=None
[2026-04-21T04:24:55.139+0000] {processor.py:183} INFO - Processing /home/airflow/.local/lib/python3.8/site-packages/airflow/example_dags/tutorial_taskflow_api.py took 0.082 seconds
[2026-04-21T04:25:25.524+0000] {processor.py:161} INFO - Started process (PID=3731489) to work on /home/airflow/.local/lib/python3.8/site-packages/airflow/example_dags/tutorial_taskflow_api.py
[2026-04-21T04:25:25.526+0000] {processor.py:830} INFO - Processing file /home/airflow/.local/lib/python3.8/site-packages/airflow/example_dags/tutorial_taskflow_api.py for tasks to queue
[2026-04-21T04:25:25.528+0000] {logging_mixin.py:188} INFO - [2026-04-21T04:25:25.528+0000] {dagbag.py:538} INFO - Filling up the DagBag from /home/airflow/.local/lib/python3.8/site-packages/airflow/example_dags/tutorial_taskflow_api.py
[2026-04-21T04:25:25.537+0000] {processor.py:840} INFO - DAG(s) 'tutorial_taskflow_api' retrieved from /home/airflow/.local/lib/python3.8/site-packages/airflow/example_dags/tutorial_taskflow_api.py
[2026-04-21T04:25:25.561+0000] {logging_mixin.py:188} INFO - [2026-04-21T04:25:25.561+0000] {dag.py:3036} INFO - Sync 1 DAGs
[2026-04-21T04:25:25.575+0000] {logging_mixin.py:188} INFO - [2026-04-21T04:25:25.574+0000] {dag.py:3823} INFO - Setting next_dagrun for tutorial_taskflow_api to None, run_after=None
[2026-04-21T04:25:25.593+0000] {processor.py:183} INFO - Processing /home/airflow/.local/lib/python3.8/site-packages/airflow/example_dags/tutorial_taskflow_api.py took 0.074 seconds
[2026-04-21T04:25:55.770+0000] {processor.py:161} INFO - Started process (PID=3731546) to work on /home/airflow/.local/lib/python3.8/site-packages/airflow/example_dags/tutorial_taskflow_api.py
[2026-04-21T04:25:55.772+0000] {processor.py:830} INFO - Processing file /home/airflow/.local/lib/python3.8/site-packages/airflow/example_dags/tutorial_taskflow_api.py for tasks to queue
[2026-04-21T04:25:55.774+0000] {logging_mixin.py:188} INFO - [2026-04-21T04:25:55.774+0000] {dagbag.py:538} INFO - Filling up the DagBag from /home/airflow/.local/lib/python3.8/site-packages/airflow/example_dags/tutorial_taskflow_api.py
[2026-04-21T04:25:55.783+0000] {processor.py:840} INFO - DAG(s) 'tutorial_taskflow_api' retrieved from /home/airflow/.local/lib/python3.8/site-packages/airflow/example_dags/tutorial_taskflow_api.py
[2026-04-21T04:25:55.809+0000] {logging_mixin.py:188} INFO - [2026-04-21T04:25:55.809+0000] {dag.py:3036} INFO - Sync 1 DAGs
[2026-04-21T04:25:55.824+0000] {logging_mixin.py:188} INFO - [2026-04-21T04:25:55.824+0000] {dag.py:3823} INFO - Setting next_dagrun for tutorial_taskflow_api to None, run_after=None
[2026-04-21T04:25:55.844+0000] {processor.py:183} INFO - Processing /home/airflow/.local/lib/python3.8/site-packages/airflow/example_dags/tutorial_taskflow_api.py took 0.079 seconds
[2026-04-21T04:26:26.059+0000] {processor.py:161} INFO - Started process (PID=3731603) to work on /home/airflow/.local/lib/python3.8/site-packages/airflow/example_dags/tutorial_taskflow_api.py
[2026-04-21T04:26:26.060+0000] {processor.py:830} INFO - Processing file /home/airflow/.local/lib/python3.8/site-packages/airflow/example_dags/tutorial_taskflow_api.py for tasks to queue
[2026-04-21T04:26:26.063+0000] {logging_mixin.py:188} INFO - [2026-04-21T04:26:26.063+0000] {dagbag.py:538} INFO - Filling up the DagBag from /home/airflow/.local/lib/python3.8/site-packages/airflow/example_dags/tutorial_taskflow_api.py
[2026-04-21T04:26:26.072+0000] {processor.py:840} INFO - DAG(s) 'tutorial_taskflow_api' retrieved from /home/airflow/.local/lib/python3.8/site-packages/airflow/example_dags/tutorial_taskflow_api.py
[2026-04-21T04:26:26.098+0000] {logging_mixin.py:188} INFO - [2026-04-21T04:26:26.098+0000] {dag.py:3036} INFO - Sync 1 DAGs
[2026-04-21T04:26:26.112+0000] {logging_mixin.py:188} INFO - [2026-04-21T04:26:26.112+0000] {dag.py:3823} INFO - Setting next_dagrun for tutorial_taskflow_api to None, run_after=None
[2026-04-21T04:26:26.134+0000] {processor.py:183} INFO - Processing /home/airflow/.local/lib/python3.8/site-packages/airflow/example_dags/tutorial_taskflow_api.py took 0.081 seconds
[2026-04-21T04:26:56.892+0000] {processor.py:161} INFO - Started process (PID=3731658) to work on /home/airflow/.local/lib/python3.8/site-packages/airflow/example_dags/tutorial_taskflow_api.py
[2026-04-21T04:26:56.894+0000] {processor.py:830} INFO - Processing file /home/airflow/.local/lib/python3.8/site-packages/airflow/example_dags/tutorial_taskflow_api.py for tasks to queue
[2026-04-21T04:26:56.896+0000] {logging_mixin.py:188} INFO - [2026-04-21T04:26:56.896+0000] {dagbag.py:538} INFO - Filling up the DagBag from /home/airflow/.local/lib/python3.8/site-packages/airflow/example_dags/tutorial_taskflow_api.py
[2026-04-21T04:26:56.905+0000] {processor.py:840} INFO - DAG(s) 'tutorial_taskflow_api' retrieved from /home/airflow/.local/lib/python3.8/site-packages/airflow/example_dags/tutorial_taskflow_api.py
[2026-04-21T04:26:56.930+0000] {logging_mixin.py:188} INFO - [2026-04-21T04:26:56.929+0000] {dag.py:3036} INFO - Sync 1 DAGs
[2026-04-21T04:26:56.945+0000] {logging_mixin.py:188} INFO - [2026-04-21T04:26:56.945+0000] {dag.py:3823} INFO - Setting next_dagrun for tutorial_taskflow_api to None, run_after=None
[2026-04-21T04:26:57.183+0000] {processor.py:183} INFO - Processing /home/airflow/.local/lib/python3.8/site-packages/airflow/example_dags/tutorial_taskflow_api.py took 0.296 seconds
[2026-04-21T04:27:27.590+0000] {processor.py:161} INFO - Started process (PID=3731715) to work on /home/airflow/.local/lib/python3.8/site-packages/airflow/example_dags/tutorial_taskflow_api.py
[2026-04-21T04:27:27.591+0000] {processor.py:830} INFO - Processing file /home/airflow/.local/lib/python3.8/site-packages/airflow/example_dags/tutorial_taskflow_api.py for tasks to queue
[2026-04-21T04:27:27.594+0000] {logging_mixin.py:188} INFO - [2026-04-21T04:27:27.593+0000] {dagbag.py:538} INFO - Filling up the DagBag from /home/airflow/.local/lib/python3.8/site-packages/airflow/example_dags/tutorial_taskflow_api.py
[2026-04-21T04:27:27.602+0000] {processor.py:840} INFO - DAG(s) 'tutorial_taskflow_api' retrieved from /home/airflow/.local/lib/python3.8/site-packages/airflow/example_dags/tutorial_taskflow_api.py
[2026-04-21T04:27:27.627+0000] {logging_mixin.py:188} INFO - [2026-04-21T04:27:27.627+0000] {dag.py:3036} INFO - Sync 1 DAGs
[2026-04-21T04:27:27.641+0000] {logging_mixin.py:188} INFO - [2026-04-21T04:27:27.641+0000] {dag.py:3823} INFO - Setting next_dagrun for tutorial_taskflow_api to None, run_after=None
[2026-04-21T04:27:27.662+0000] {processor.py:183} INFO - Processing /home/airflow/.local/lib/python3.8/site-packages/airflow/example_dags/tutorial_taskflow_api.py took 0.077 seconds
[2026-04-21T04:27:58.641+0000] {processor.py:161} INFO - Started process (PID=3731778) to work on /home/airflow/.local/lib/python3.8/site-packages/airflow/example_dags/tutorial_taskflow_api.py
[2026-04-21T04:27:58.643+0000] {processor.py:830} INFO - Processing file /home/airflow/.local/lib/python3.8/site-packages/airflow/example_dags/tutorial_taskflow_api.py for tasks to queue
[2026-04-21T04:27:58.645+0000] {logging_mixin.py:188} INFO - [2026-04-21T04:27:58.645+0000] {dagbag.py:538} INFO - Filling up the DagBag from /home/airflow/.local/lib/python3.8/site-packages/airflow/example_dags/tutorial_taskflow_api.py
[2026-04-21T04:27:58.653+0000] {processor.py:840} INFO - DAG(s) 'tutorial_taskflow_api' retrieved from /home/airflow/.local/lib/python3.8/site-packages/airflow/example_dags/tutorial_taskflow_api.py
[2026-04-21T04:27:58.677+0000] {logging_mixin.py:188} INFO - [2026-04-21T04:27:58.677+0000] {dag.py:3036} INFO - Sync 1 DAGs
[2026-04-21T04:27:58.691+0000] {logging_mixin.py:188} INFO - [2026-04-21T04:27:58.690+0000] {dag.py:3823} INFO - Setting next_dagrun for tutorial_taskflow_api to None, run_after=None
[2026-04-21T04:27:58.710+0000] {processor.py:183} INFO - Processing /home/airflow/.local/lib/python3.8/site-packages/airflow/example_dags/tutorial_taskflow_api.py took 0.074 seconds
[2026-04-21T04:28:28.817+0000] {processor.py:161} INFO - Started process (PID=3731833) to work on /home/airflow/.local/lib/python3.8/site-packages/airflow/example_dags/tutorial_taskflow_api.py
[2026-04-21T04:28:28.820+0000] {processor.py:830} INFO - Processing file /home/airflow/.local/lib/python3.8/site-packages/airflow/example_dags/tutorial_taskflow_api.py for tasks to queue
[2026-04-21T04:28:28.823+0000] {logging_mixin.py:188} INFO - [2026-04-21T04:28:28.822+0000] {dagbag.py:538} INFO - Filling up the DagBag from /home/airflow/.local/lib/python3.8/site-packages/airflow/example_dags/tutorial_taskflow_api.py
[2026-04-21T04:28:28.831+0000] {processor.py:840} INFO - DAG(s) 'tutorial_taskflow_api' retrieved from /home/airflow/.local/lib/python3.8/site-packages/airflow/example_dags/tutorial_taskflow_api.py
[2026-04-21T04:28:28.855+0000] {logging_mixin.py:188} INFO - [2026-04-21T04:28:28.855+0000] {dag.py:3036} INFO - Sync 1 DAGs
[2026-04-21T04:28:28.869+0000] {logging_mixin.py:188} INFO - [2026-04-21T04:28:28.869+0000] {dag.py:3823} INFO - Setting next_dagrun for tutorial_taskflow_api to None, run_after=None
[2026-04-21T04:28:28.889+0000] {processor.py:183} INFO - Processing /home/airflow/.local/lib/python3.8/site-packages/airflow/example_dags/tutorial_taskflow_api.py took 0.077 seconds
[2026-04-21T04:28:59.292+0000] {processor.py:161} INFO - Started process (PID=3731890) to work on /home/airflow/.local/lib/python3.8/site-packages/airflow/example_dags/tutorial_taskflow_api.py
[2026-04-21T04:28:59.294+0000] {processor.py:830} INFO - Processing file /home/airflow/.local/lib/python3.8/site-packages/airflow/example_dags/tutorial_taskflow_api.py for tasks to queue
[2026-04-21T04:28:59.296+0000] {logging_mixin.py:188} INFO - [2026-04-21T04:28:59.296+0000] {dagbag.py:538} INFO - Filling up the DagBag from /home/airflow/.local/lib/python3.8/site-packages/airflow/example_dags/tutorial_taskflow_api.py
[2026-04-21T04:28:59.305+0000] {processor.py:840} INFO - DAG(s) 'tutorial_taskflow_api' retrieved from /home/airflow/.local/lib/python3.8/site-packages/airflow/example_dags/tutorial_taskflow_api.py
[2026-04-21T04:28:59.331+0000] {logging_mixin.py:188} INFO - [2026-04-21T04:28:59.331+0000] {dag.py:3036} INFO - Sync 1 DAGs
[2026-04-21T04:28:59.345+0000] {logging_mixin.py:188} INFO - [2026-04-21T04:28:59.345+0000] {dag.py:3823} INFO - Setting next_dagrun for tutorial_taskflow_api to None, run_after=None
[2026-04-21T04:28:59.364+0000] {processor.py:183} INFO - Processing /home/airflow/.local/lib/python3.8/site-packages/airflow/example_dags/tutorial_taskflow_api.py took 0.078 seconds
[2026-04-21T04:29:29.652+0000] {processor.py:161} INFO - Started process (PID=3731947) to work on /home/airflow/.local/lib/python3.8/site-packages/airflow/example_dags/tutorial_taskflow_api.py
[2026-04-21T04:29:29.654+0000] {processor.py:830} INFO - Processing file /home/airflow/.local/lib/python3.8/site-packages/airflow/example_dags/tutorial_taskflow_api.py for tasks to queue
[2026-04-21T04:29:29.656+0000] {logging_mixin.py:188} INFO - [2026-04-21T04:29:29.656+0000] {dagbag.py:538} INFO - Filling up the DagBag from /home/airflow/.local/lib/python3.8/site-packages/airflow/example_dags/tutorial_taskflow_api.py
[2026-04-21T04:29:29.665+0000] {processor.py:840} INFO - DAG(s) 'tutorial_taskflow_api' retrieved from /home/airflow/.local/lib/python3.8/site-packages/airflow/example_dags/tutorial_taskflow_api.py
[2026-04-21T04:29:29.690+0000] {logging_mixin.py:188} INFO - [2026-04-21T04:29:29.689+0000] {dag.py:3036} INFO - Sync 1 DAGs
[2026-04-21T04:29:29.704+0000] {logging_mixin.py:188} INFO - [2026-04-21T04:29:29.704+0000] {dag.py:3823} INFO - Setting next_dagrun for tutorial_taskflow_api to None, run_after=None
[2026-04-21T04:29:29.726+0000] {processor.py:183} INFO - Processing /home/airflow/.local/lib/python3.8/site-packages/airflow/example_dags/tutorial_taskflow_api.py took 0.079 seconds
[2026-04-21T04:29:59.902+0000] {processor.py:161} INFO - Started process (PID=3732004) to work on /home/airflow/.local/lib/python3.8/site-packages/airflow/example_dags/tutorial_taskflow_api.py
[2026-04-21T04:29:59.903+0000] {processor.py:830} INFO - Processing file /home/airflow/.local/lib/python3.8/site-packages/airflow/example_dags/tutorial_taskflow_api.py for tasks to queue
[2026-04-21T04:29:59.906+0000] {logging_mixin.py:188} INFO - [2026-04-21T04:29:59.905+0000] {dagbag.py:538} INFO - Filling up the DagBag from /home/airflow/.local/lib/python3.8/site-packages/airflow/example_dags/tutorial_taskflow_api.py
[2026-04-21T04:29:59.914+0000] {processor.py:840} INFO - DAG(s) 'tutorial_taskflow_api' retrieved from /home/airflow/.local/lib/python3.8/site-packages/airflow/example_dags/tutorial_taskflow_api.py
[2026-04-21T04:29:59.939+0000] {logging_mixin.py:188} INFO - [2026-04-21T04:29:59.939+0000] {dag.py:3036} INFO - Sync 1 DAGs
[2026-04-21T04:29:59.954+0000] {logging_mixin.py:188} INFO - [2026-04-21T04:29:59.953+0000] {dag.py:3823} INFO - Setting next_dagrun for tutorial_taskflow_api to None, run_after=None
[2026-04-21T04:29:59.976+0000] {processor.py:183} INFO - Processing /home/airflow/.local/lib/python3.8/site-packages/airflow/example_dags/tutorial_taskflow_api.py took 0.079 seconds
[2026-04-21T04:30:30.092+0000] {processor.py:161} INFO - Started process (PID=3732061) to work on /home/airflow/.local/lib/python3.8/site-packages/airflow/example_dags/tutorial_taskflow_api.py
[2026-04-21T04:30:30.094+0000] {processor.py:830} INFO - Processing file /home/airflow/.local/lib/python3.8/site-packages/airflow/example_dags/tutorial_taskflow_api.py for tasks to queue
[2026-04-21T04:30:30.096+0000] {logging_mixin.py:188} INFO - [2026-04-21T04:30:30.096+0000] {dagbag.py:538} INFO - Filling up the DagBag from /home/airflow/.local/lib/python3.8/site-packages/airflow/example_dags/tutorial_taskflow_api.py
[2026-04-21T04:30:30.104+0000] {processor.py:840} INFO - DAG(s) 'tutorial_taskflow_api' retrieved from /home/airflow/.local/lib/python3.8/site-packages/airflow/example_dags/tutorial_taskflow_api.py
[2026-04-21T04:30:30.129+0000] {logging_mixin.py:188} INFO - [2026-04-21T04:30:30.129+0000] {dag.py:3036} INFO - Sync 1 DAGs
[2026-04-21T04:30:30.143+0000] {logging_mixin.py:188} INFO - [2026-04-21T04:30:30.143+0000] {dag.py:3823} INFO - Setting next_dagrun for tutorial_taskflow_api to None, run_after=None
[2026-04-21T04:30:30.163+0000] {processor.py:183} INFO - Processing /home/airflow/.local/lib/python3.8/site-packages/airflow/example_dags/tutorial_taskflow_api.py took 0.075 seconds
[2026-04-21T04:31:00.380+0000] {processor.py:161} INFO - Started process (PID=3732118) to work on /home/airflow/.local/lib/python3.8/site-packages/airflow/example_dags/tutorial_taskflow_api.py
[2026-04-21T04:31:00.382+0000] {processor.py:830} INFO - Processing file /home/airflow/.local/lib/python3.8/site-packages/airflow/example_dags/tutorial_taskflow_api.py for tasks to queue
[2026-04-21T04:31:00.384+0000] {logging_mixin.py:188} INFO - [2026-04-21T04:31:00.384+0000] {dagbag.py:538} INFO - Filling up the DagBag from /home/airflow/.local/lib/python3.8/site-packages/airflow/example_dags/tutorial_taskflow_api.py
[2026-04-21T04:31:00.393+0000] {processor.py:840} INFO - DAG(s) 'tutorial_taskflow_api' retrieved from /home/airflow/.local/lib/python3.8/site-packages/airflow/example_dags/tutorial_taskflow_api.py
[2026-04-21T04:31:00.418+0000] {logging_mixin.py:188} INFO - [2026-04-21T04:31:00.418+0000] {dag.py:3036} INFO - Sync 1 DAGs
[2026-04-21T04:31:00.433+0000] {logging_mixin.py:188} INFO - [2026-04-21T04:31:00.433+0000] {dag.py:3823} INFO - Setting next_dagrun for tutorial_taskflow_api to None, run_after=None
[2026-04-21T04:31:00.455+0000] {processor.py:183} INFO - Processing /home/airflow/.local/lib/python3.8/site-packages/airflow/example_dags/tutorial_taskflow_api.py took 0.079 seconds
[2026-04-21T04:31:30.524+0000] {processor.py:161} INFO - Started process (PID=3732175) to work on /home/airflow/.local/lib/python3.8/site-packages/airflow/example_dags/tutorial_taskflow_api.py
[2026-04-21T04:31:30.525+0000] {processor.py:830} INFO - Processing file /home/airflow/.local/lib/python3.8/site-packages/airflow/example_dags/tutorial_taskflow_api.py for tasks to queue
[2026-04-21T04:31:30.528+0000] {logging_mixin.py:188} INFO - [2026-04-21T04:31:30.527+0000] {dagbag.py:538} INFO - Filling up the DagBag from /home/airflow/.local/lib/python3.8/site-packages/airflow/example_dags/tutorial_taskflow_api.py
[2026-04-21T04:31:30.536+0000] {processor.py:840} INFO - DAG(s) 'tutorial_taskflow_api' retrieved from /home/airflow/.local/lib/python3.8/site-packages/airflow/example_dags/tutorial_taskflow_api.py
[2026-04-21T04:31:30.561+0000] {logging_mixin.py:188} INFO - [2026-04-21T04:31:30.561+0000] {dag.py:3036} INFO - Sync 1 DAGs
[2026-04-21T04:31:30.576+0000] {logging_mixin.py:188} INFO - [2026-04-21T04:31:30.576+0000] {dag.py:3823} INFO - Setting next_dagrun for tutorial_taskflow_api to None, run_after=None
[2026-04-21T04:31:30.596+0000] {processor.py:183} INFO - Processing /home/airflow/.local/lib/python3.8/site-packages/airflow/example_dags/tutorial_taskflow_api.py took 0.077 seconds
[2026-04-21T04:32:00.746+0000] {processor.py:161} INFO - Started process (PID=3732232) to work on /home/airflow/.local/lib/python3.8/site-packages/airflow/example_dags/tutorial_taskflow_api.py
[2026-04-21T04:32:00.748+0000] {processor.py:830} INFO - Processing file /home/airflow/.local/lib/python3.8/site-packages/airflow/example_dags/tutorial_taskflow_api.py for tasks to queue
[2026-04-21T04:32:00.750+0000] {logging_mixin.py:188} INFO - [2026-04-21T04:32:00.750+0000] {dagbag.py:538} INFO - Filling up the DagBag from /home/airflow/.local/lib/python3.8/site-packages/airflow/example_dags/tutorial_taskflow_api.py
[2026-04-21T04:32:00.758+0000] {processor.py:840} INFO - DAG(s) 'tutorial_taskflow_api' retrieved from /home/airflow/.local/lib/python3.8/site-packages/airflow/example_dags/tutorial_taskflow_api.py
[2026-04-21T04:32:00.785+0000] {logging_mixin.py:188} INFO - [2026-04-21T04:32:00.785+0000] {dag.py:3036} INFO - Sync 1 DAGs
[2026-04-21T04:32:00.800+0000] {logging_mixin.py:188} INFO - [2026-04-21T04:32:00.800+0000] {dag.py:3823} INFO - Setting next_dagrun for tutorial_taskflow_api to None, run_after=None
[2026-04-21T04:32:00.820+0000] {processor.py:183} INFO - Processing /home/airflow/.local/lib/python3.8/site-packages/airflow/example_dags/tutorial_taskflow_api.py took 0.079 seconds
[2026-04-21T04:32:31.502+0000] {processor.py:161} INFO - Started process (PID=3732289) to work on /home/airflow/.local/lib/python3.8/site-packages/airflow/example_dags/tutorial_taskflow_api.py
[2026-04-21T04:32:31.504+0000] {processor.py:830} INFO - Processing file /home/airflow/.local/lib/python3.8/site-packages/airflow/example_dags/tutorial_taskflow_api.py for tasks to queue
[2026-04-21T04:32:31.506+0000] {logging_mixin.py:188} INFO - [2026-04-21T04:32:31.506+0000] {dagbag.py:538} INFO - Filling up the DagBag from /home/airflow/.local/lib/python3.8/site-packages/airflow/example_dags/tutorial_taskflow_api.py
[2026-04-21T04:32:31.515+0000] {processor.py:840} INFO - DAG(s) 'tutorial_taskflow_api' retrieved from /home/airflow/.local/lib/python3.8/site-packages/airflow/example_dags/tutorial_taskflow_api.py
[2026-04-21T04:32:31.541+0000] {logging_mixin.py:188} INFO - [2026-04-21T04:32:31.540+0000] {dag.py:3036} INFO - Sync 1 DAGs
[2026-04-21T04:32:31.555+0000] {logging_mixin.py:188} INFO - [2026-04-21T04:32:31.555+0000] {dag.py:3823} INFO - Setting next_dagrun for tutorial_taskflow_api to None, run_after=None
[2026-04-21T04:32:31.575+0000] {processor.py:183} INFO - Processing /home/airflow/.local/lib/python3.8/site-packages/airflow/example_dags/tutorial_taskflow_api.py took 0.078 seconds
[2026-04-21T04:33:02.291+0000] {processor.py:161} INFO - Started process (PID=3732346) to work on /home/airflow/.local/lib/python3.8/site-packages/airflow/example_dags/tutorial_taskflow_api.py
[2026-04-21T04:33:02.293+0000] {processor.py:830} INFO - Processing file /home/airflow/.local/lib/python3.8/site-packages/airflow/example_dags/tutorial_taskflow_api.py for tasks to queue
[2026-04-21T04:33:02.296+0000] {logging_mixin.py:188} INFO - [2026-04-21T04:33:02.296+0000] {dagbag.py:538} INFO - Filling up the DagBag from /home/airflow/.local/lib/python3.8/site-packages/airflow/example_dags/tutorial_taskflow_api.py
[2026-04-21T04:33:02.304+0000] {processor.py:840} INFO - DAG(s) 'tutorial_taskflow_api' retrieved from /home/airflow/.local/lib/python3.8/site-packages/airflow/example_dags/tutorial_taskflow_api.py
[2026-04-21T04:33:02.329+0000] {logging_mixin.py:188} INFO - [2026-04-21T04:33:02.329+0000] {dag.py:3036} INFO - Sync 1 DAGs
[2026-04-21T04:33:02.343+0000] {logging_mixin.py:188} INFO - [2026-04-21T04:33:02.342+0000] {dag.py:3823} INFO - Setting next_dagrun for tutorial_taskflow_api to None, run_after=None
[2026-04-21T04:33:02.361+0000] {processor.py:183} INFO - Processing /home/airflow/.local/lib/python3.8/site-packages/airflow/example_dags/tutorial_taskflow_api.py took 0.075 seconds
[2026-04-21T04:33:32.470+0000] {processor.py:161} INFO - Started process (PID=3732403) to work on /home/airflow/.local/lib/python3.8/site-packages/airflow/example_dags/tutorial_taskflow_api.py
[2026-04-21T04:33:32.472+0000] {processor.py:830} INFO - Processing file /home/airflow/.local/lib/python3.8/site-packages/airflow/example_dags/tutorial_taskflow_api.py for tasks to queue
[2026-04-21T04:33:32.475+0000] {logging_mixin.py:188} INFO - [2026-04-21T04:33:32.474+0000] {dagbag.py:538} INFO - Filling up the DagBag from /home/airflow/.local/lib/python3.8/site-packages/airflow/example_dags/tutorial_taskflow_api.py
[2026-04-21T04:33:32.483+0000] {processor.py:840} INFO - DAG(s) 'tutorial_taskflow_api' retrieved from /home/airflow/.local/lib/python3.8/site-packages/airflow/example_dags/tutorial_taskflow_api.py
[2026-04-21T04:33:32.508+0000] {logging_mixin.py:188} INFO - [2026-04-21T04:33:32.508+0000] {dag.py:3036} INFO - Sync 1 DAGs
[2026-04-21T04:33:32.523+0000] {logging_mixin.py:188} INFO - [2026-04-21T04:33:32.522+0000] {dag.py:3823} INFO - Setting next_dagrun for tutorial_taskflow_api to None, run_after=None
[2026-04-21T04:33:32.542+0000] {processor.py:183} INFO - Processing /home/airflow/.local/lib/python3.8/site-packages/airflow/example_dags/tutorial_taskflow_api.py took 0.078 seconds
[2026-04-21T04:34:02.672+0000] {processor.py:161} INFO - Started process (PID=3732460) to work on /home/airflow/.local/lib/python3.8/site-packages/airflow/example_dags/tutorial_taskflow_api.py
[2026-04-21T04:34:02.674+0000] {processor.py:830} INFO - Processing file /home/airflow/.local/lib/python3.8/site-packages/airflow/example_dags/tutorial_taskflow_api.py for tasks to queue
[2026-04-21T04:34:02.678+0000] {logging_mixin.py:188} INFO - [2026-04-21T04:34:02.677+0000] {dagbag.py:538} INFO - Filling up the DagBag from /home/airflow/.local/lib/python3.8/site-packages/airflow/example_dags/tutorial_taskflow_api.py
[2026-04-21T04:34:02.686+0000] {processor.py:840} INFO - DAG(s) 'tutorial_taskflow_api' retrieved from /home/airflow/.local/lib/python3.8/site-packages/airflow/example_dags/tutorial_taskflow_api.py
[2026-04-21T04:34:02.711+0000] {logging_mixin.py:188} INFO - [2026-04-21T04:34:02.710+0000] {dag.py:3036} INFO - Sync 1 DAGs
[2026-04-21T04:34:02.724+0000] {logging_mixin.py:188} INFO - [2026-04-21T04:34:02.724+0000] {dag.py:3823} INFO - Setting next_dagrun for tutorial_taskflow_api to None, run_after=None
[2026-04-21T04:34:02.744+0000] {processor.py:183} INFO - Processing /home/airflow/.local/lib/python3.8/site-packages/airflow/example_dags/tutorial_taskflow_api.py took 0.077 seconds
[2026-04-21T04:34:32.972+0000] {processor.py:161} INFO - Started process (PID=3732517) to work on /home/airflow/.local/lib/python3.8/site-packages/airflow/example_dags/tutorial_taskflow_api.py
[2026-04-21T04:34:32.974+0000] {processor.py:830} INFO - Processing file /home/airflow/.local/lib/python3.8/site-packages/airflow/example_dags/tutorial_taskflow_api.py for tasks to queue
[2026-04-21T04:34:32.976+0000] {logging_mixin.py:188} INFO - [2026-04-21T04:34:32.976+0000] {dagbag.py:538} INFO - Filling up the DagBag from /home/airflow/.local/lib/python3.8/site-packages/airflow/example_dags/tutorial_taskflow_api.py
[2026-04-21T04:34:32.985+0000] {processor.py:840} INFO - DAG(s) 'tutorial_taskflow_api' retrieved from /home/airflow/.local/lib/python3.8/site-packages/airflow/example_dags/tutorial_taskflow_api.py
[2026-04-21T04:34:33.010+0000] {logging_mixin.py:188} INFO - [2026-04-21T04:34:33.010+0000] {dag.py:3036} INFO - Sync 1 DAGs
[2026-04-21T04:34:33.024+0000] {logging_mixin.py:188} INFO - [2026-04-21T04:34:33.024+0000] {dag.py:3823} INFO - Setting next_dagrun for tutorial_taskflow_api to None, run_after=None
[2026-04-21T04:34:33.043+0000] {processor.py:183} INFO - Processing /home/airflow/.local/lib/python3.8/site-packages/airflow/example_dags/tutorial_taskflow_api.py took 0.076 seconds
[2026-04-21T04:35:03.511+0000] {processor.py:161} INFO - Started process (PID=3732574) to work on /home/airflow/.local/lib/python3.8/site-packages/airflow/example_dags/tutorial_taskflow_api.py
[2026-04-21T04:35:03.513+0000] {processor.py:830} INFO - Processing file /home/airflow/.local/lib/python3.8/site-packages/airflow/example_dags/tutorial_taskflow_api.py for tasks to queue
[2026-04-21T04:35:03.515+0000] {logging_mixin.py:188} INFO - [2026-04-21T04:35:03.515+0000] {dagbag.py:538} INFO - Filling up the DagBag from /home/airflow/.local/lib/python3.8/site-packages/airflow/example_dags/tutorial_taskflow_api.py
[2026-04-21T04:35:03.523+0000] {processor.py:840} INFO - DAG(s) 'tutorial_taskflow_api' retrieved from /home/airflow/.local/lib/python3.8/site-packages/airflow/example_dags/tutorial_taskflow_api.py
[2026-04-21T04:35:03.553+0000] {logging_mixin.py:188} INFO - [2026-04-21T04:35:03.552+0000] {dag.py:3036} INFO - Sync 1 DAGs
[2026-04-21T04:35:03.568+0000] {logging_mixin.py:188} INFO - [2026-04-21T04:35:03.567+0000] {dag.py:3823} INFO - Setting next_dagrun for tutorial_taskflow_api to None, run_after=None
[2026-04-21T04:35:03.589+0000] {processor.py:183} INFO - Processing /home/airflow/.local/lib/python3.8/site-packages/airflow/example_dags/tutorial_taskflow_api.py took 0.082 seconds
[2026-04-21T04:35:33.672+0000] {processor.py:161} INFO - Started process (PID=3732631) to work on /home/airflow/.local/lib/python3.8/site-packages/airflow/example_dags/tutorial_taskflow_api.py
[2026-04-21T04:35:33.673+0000] {processor.py:830} INFO - Processing file /home/airflow/.local/lib/python3.8/site-packages/airflow/example_dags/tutorial_taskflow_api.py for tasks to queue
[2026-04-21T04:35:33.675+0000] {logging_mixin.py:188} INFO - [2026-04-21T04:35:33.675+0000] {dagbag.py:538} INFO - Filling up the DagBag from /home/airflow/.local/lib/python3.8/site-packages/airflow/example_dags/tutorial_taskflow_api.py
[2026-04-21T04:35:33.683+0000] {processor.py:840} INFO - DAG(s) 'tutorial_taskflow_api' retrieved from /home/airflow/.local/lib/python3.8/site-packages/airflow/example_dags/tutorial_taskflow_api.py
[2026-04-21T04:35:33.707+0000] {logging_mixin.py:188} INFO - [2026-04-21T04:35:33.707+0000] {dag.py:3036} INFO - Sync 1 DAGs
[2026-04-21T04:35:33.721+0000] {logging_mixin.py:188} INFO - [2026-04-21T04:35:33.721+0000] {dag.py:3823} INFO - Setting next_dagrun for tutorial_taskflow_api to None, run_after=None
[2026-04-21T04:35:33.740+0000] {processor.py:183} INFO - Processing /home/airflow/.local/lib/python3.8/site-packages/airflow/example_dags/tutorial_taskflow_api.py took 0.073 seconds
[2026-04-21T04:36:03.884+0000] {processor.py:161} INFO - Started process (PID=3732688) to work on /home/airflow/.local/lib/python3.8/site-packages/airflow/example_dags/tutorial_taskflow_api.py
[2026-04-21T04:36:03.886+0000] {processor.py:830} INFO - Processing file /home/airflow/.local/lib/python3.8/site-packages/airflow/example_dags/tutorial_taskflow_api.py for tasks to queue
[2026-04-21T04:36:03.889+0000] {logging_mixin.py:188} INFO - [2026-04-21T04:36:03.888+0000] {dagbag.py:538} INFO - Filling up the DagBag from /home/airflow/.local/lib/python3.8/site-packages/airflow/example_dags/tutorial_taskflow_api.py
[2026-04-21T04:36:03.899+0000] {processor.py:840} INFO - DAG(s) 'tutorial_taskflow_api' retrieved from /home/airflow/.local/lib/python3.8/site-packages/airflow/example_dags/tutorial_taskflow_api.py
[2026-04-21T04:36:03.925+0000] {logging_mixin.py:188} INFO - [2026-04-21T04:36:03.925+0000] {dag.py:3036} INFO - Sync 1 DAGs
[2026-04-21T04:36:03.940+0000] {logging_mixin.py:188} INFO - [2026-04-21T04:36:03.940+0000] {dag.py:3823} INFO - Setting next_dagrun for tutorial_taskflow_api to None, run_after=None
[2026-04-21T04:36:03.962+0000] {processor.py:183} INFO - Processing /home/airflow/.local/lib/python3.8/site-packages/airflow/example_dags/tutorial_taskflow_api.py took 0.083 seconds
[2026-04-21T04:36:34.052+0000] {processor.py:161} INFO - Started process (PID=3732745) to work on /home/airflow/.local/lib/python3.8/site-packages/airflow/example_dags/tutorial_taskflow_api.py
[2026-04-21T04:36:34.054+0000] {processor.py:830} INFO - Processing file /home/airflow/.local/lib/python3.8/site-packages/airflow/example_dags/tutorial_taskflow_api.py for tasks to queue
[2026-04-21T04:36:34.057+0000] {logging_mixin.py:188} INFO - [2026-04-21T04:36:34.056+0000] {dagbag.py:538} INFO - Filling up the DagBag from /home/airflow/.local/lib/python3.8/site-packages/airflow/example_dags/tutorial_taskflow_api.py
[2026-04-21T04:36:34.065+0000] {processor.py:840} INFO - DAG(s) 'tutorial_taskflow_api' retrieved from /home/airflow/.local/lib/python3.8/site-packages/airflow/example_dags/tutorial_taskflow_api.py
[2026-04-21T04:36:34.089+0000] {logging_mixin.py:188} INFO - [2026-04-21T04:36:34.089+0000] {dag.py:3036} INFO - Sync 1 DAGs
[2026-04-21T04:36:34.103+0000] {logging_mixin.py:188} INFO - [2026-04-21T04:36:34.103+0000] {dag.py:3823} INFO - Setting next_dagrun for tutorial_taskflow_api to None, run_after=None
[2026-04-21T04:36:34.123+0000] {processor.py:183} INFO - Processing /home/airflow/.local/lib/python3.8/site-packages/airflow/example_dags/tutorial_taskflow_api.py took 0.075 seconds
[2026-04-21T04:37:04.817+0000] {processor.py:161} INFO - Started process (PID=3732802) to work on /home/airflow/.local/lib/python3.8/site-packages/airflow/example_dags/tutorial_taskflow_api.py
[2026-04-21T04:37:04.819+0000] {processor.py:830} INFO - Processing file /home/airflow/.local/lib/python3.8/site-packages/airflow/example_dags/tutorial_taskflow_api.py for tasks to queue
[2026-04-21T04:37:04.821+0000] {logging_mixin.py:188} INFO - [2026-04-21T04:37:04.821+0000] {dagbag.py:538} INFO - Filling up the DagBag from /home/airflow/.local/lib/python3.8/site-packages/airflow/example_dags/tutorial_taskflow_api.py
[2026-04-21T04:37:04.829+0000] {processor.py:840} INFO - DAG(s) 'tutorial_taskflow_api' retrieved from /home/airflow/.local/lib/python3.8/site-packages/airflow/example_dags/tutorial_taskflow_api.py
[2026-04-21T04:37:04.854+0000] {logging_mixin.py:188} INFO - [2026-04-21T04:37:04.854+0000] {dag.py:3036} INFO - Sync 1 DAGs
[2026-04-21T04:37:04.872+0000] {logging_mixin.py:188} INFO - [2026-04-21T04:37:04.872+0000] {dag.py:3823} INFO - Setting next_dagrun for tutorial_taskflow_api to None, run_after=None
[2026-04-21T04:37:04.898+0000] {processor.py:183} INFO - Processing /home/airflow/.local/lib/python3.8/site-packages/airflow/example_dags/tutorial_taskflow_api.py took 0.086 seconds
[2026-04-21T04:37:35.571+0000] {processor.py:161} INFO - Started process (PID=3732859) to work on /home/airflow/.local/lib/python3.8/site-packages/airflow/example_dags/tutorial_taskflow_api.py
[2026-04-21T04:37:35.573+0000] {processor.py:830} INFO - Processing file /home/airflow/.local/lib/python3.8/site-packages/airflow/example_dags/tutorial_taskflow_api.py for tasks to queue
[2026-04-21T04:37:35.575+0000] {logging_mixin.py:188} INFO - [2026-04-21T04:37:35.575+0000] {dagbag.py:538} INFO - Filling up the DagBag from /home/airflow/.local/lib/python3.8/site-packages/airflow/example_dags/tutorial_taskflow_api.py
[2026-04-21T04:37:35.583+0000] {processor.py:840} INFO - DAG(s) 'tutorial_taskflow_api' retrieved from /home/airflow/.local/lib/python3.8/site-packages/airflow/example_dags/tutorial_taskflow_api.py
[2026-04-21T04:37:35.608+0000] {logging_mixin.py:188} INFO - [2026-04-21T04:37:35.608+0000] {dag.py:3036} INFO - Sync 1 DAGs
[2026-04-21T04:37:35.622+0000] {logging_mixin.py:188} INFO - [2026-04-21T04:37:35.622+0000] {dag.py:3823} INFO - Setting next_dagrun for tutorial_taskflow_api to None, run_after=None
[2026-04-21T04:37:35.642+0000] {processor.py:183} INFO - Processing /home/airflow/.local/lib/python3.8/site-packages/airflow/example_dags/tutorial_taskflow_api.py took 0.076 seconds
[2026-04-21T04:38:05.768+0000] {processor.py:161} INFO - Started process (PID=3732916) to work on /home/airflow/.local/lib/python3.8/site-packages/airflow/example_dags/tutorial_taskflow_api.py
[2026-04-21T04:38:05.770+0000] {processor.py:830} INFO - Processing file /home/airflow/.local/lib/python3.8/site-packages/airflow/example_dags/tutorial_taskflow_api.py for tasks to queue
[2026-04-21T04:38:05.772+0000] {logging_mixin.py:188} INFO - [2026-04-21T04:38:05.772+0000] {dagbag.py:538} INFO - Filling up the DagBag from /home/airflow/.local/lib/python3.8/site-packages/airflow/example_dags/tutorial_taskflow_api.py
[2026-04-21T04:38:05.780+0000] {processor.py:840} INFO - DAG(s) 'tutorial_taskflow_api' retrieved from /home/airflow/.local/lib/python3.8/site-packages/airflow/example_dags/tutorial_taskflow_api.py
[2026-04-21T04:38:05.805+0000] {logging_mixin.py:188} INFO - [2026-04-21T04:38:05.805+0000] {dag.py:3036} INFO - Sync 1 DAGs
[2026-04-21T04:38:05.819+0000] {logging_mixin.py:188} INFO - [2026-04-21T04:38:05.819+0000] {dag.py:3823} INFO - Setting next_dagrun for tutorial_taskflow_api to None, run_after=None
[2026-04-21T04:38:05.839+0000] {processor.py:183} INFO - Processing /home/airflow/.local/lib/python3.8/site-packages/airflow/example_dags/tutorial_taskflow_api.py took 0.076 seconds
[2026-04-21T04:38:36.749+0000] {processor.py:161} INFO - Started process (PID=3732973) to work on /home/airflow/.local/lib/python3.8/site-packages/airflow/example_dags/tutorial_taskflow_api.py
[2026-04-21T04:38:36.751+0000] {processor.py:830} INFO - Processing file /home/airflow/.local/lib/python3.8/site-packages/airflow/example_dags/tutorial_taskflow_api.py for tasks to queue
[2026-04-21T04:38:36.753+0000] {logging_mixin.py:188} INFO - [2026-04-21T04:38:36.753+0000] {dagbag.py:538} INFO - Filling up the DagBag from /home/airflow/.local/lib/python3.8/site-packages/airflow/example_dags/tutorial_taskflow_api.py
[2026-04-21T04:38:36.761+0000] {processor.py:840} INFO - DAG(s) 'tutorial_taskflow_api' retrieved from /home/airflow/.local/lib/python3.8/site-packages/airflow/example_dags/tutorial_taskflow_api.py
[2026-04-21T04:38:36.786+0000] {logging_mixin.py:188} INFO - [2026-04-21T04:38:36.786+0000] {dag.py:3036} INFO - Sync 1 DAGs
[2026-04-21T04:38:36.801+0000] {logging_mixin.py:188} INFO - [2026-04-21T04:38:36.800+0000] {dag.py:3823} INFO - Setting next_dagrun for tutorial_taskflow_api to None, run_after=None
[2026-04-21T04:38:36.820+0000] {processor.py:183} INFO - Processing /home/airflow/.local/lib/python3.8/site-packages/airflow/example_dags/tutorial_taskflow_api.py took 0.075 seconds
[2026-04-21T04:39:06.908+0000] {processor.py:161} INFO - Started process (PID=3733030) to work on /home/airflow/.local/lib/python3.8/site-packages/airflow/example_dags/tutorial_taskflow_api.py
[2026-04-21T04:39:06.910+0000] {processor.py:830} INFO - Processing file /home/airflow/.local/lib/python3.8/site-packages/airflow/example_dags/tutorial_taskflow_api.py for tasks to queue
[2026-04-21T04:39:06.912+0000] {logging_mixin.py:188} INFO - [2026-04-21T04:39:06.912+0000] {dagbag.py:538} INFO - Filling up the DagBag from /home/airflow/.local/lib/python3.8/site-packages/airflow/example_dags/tutorial_taskflow_api.py
[2026-04-21T04:39:06.920+0000] {processor.py:840} INFO - DAG(s) 'tutorial_taskflow_api' retrieved from /home/airflow/.local/lib/python3.8/site-packages/airflow/example_dags/tutorial_taskflow_api.py
[2026-04-21T04:39:06.946+0000] {logging_mixin.py:188} INFO - [2026-04-21T04:39:06.946+0000] {dag.py:3036} INFO - Sync 1 DAGs
[2026-04-21T04:39:06.960+0000] {logging_mixin.py:188} INFO - [2026-04-21T04:39:06.960+0000] {dag.py:3823} INFO - Setting next_dagrun for tutorial_taskflow_api to None, run_after=None
[2026-04-21T04:39:06.979+0000] {processor.py:183} INFO - Processing /home/airflow/.local/lib/python3.8/site-packages/airflow/example_dags/tutorial_taskflow_api.py took 0.075 seconds
[2026-04-21T04:39:37.030+0000] {processor.py:161} INFO - Started process (PID=3733086) to work on /home/airflow/.local/lib/python3.8/site-packages/airflow/example_dags/tutorial_taskflow_api.py
[2026-04-21T04:39:37.032+0000] {processor.py:830} INFO - Processing file /home/airflow/.local/lib/python3.8/site-packages/airflow/example_dags/tutorial_taskflow_api.py for tasks to queue
[2026-04-21T04:39:37.034+0000] {logging_mixin.py:188} INFO - [2026-04-21T04:39:37.034+0000] {dagbag.py:538} INFO - Filling up the DagBag from /home/airflow/.local/lib/python3.8/site-packages/airflow/example_dags/tutorial_taskflow_api.py
[2026-04-21T04:39:37.043+0000] {processor.py:840} INFO - DAG(s) 'tutorial_taskflow_api' retrieved from /home/airflow/.local/lib/python3.8/site-packages/airflow/example_dags/tutorial_taskflow_api.py
[2026-04-21T04:39:37.069+0000] {logging_mixin.py:188} INFO - [2026-04-21T04:39:37.069+0000] {dag.py:3036} INFO - Sync 1 DAGs
[2026-04-21T04:39:37.084+0000] {logging_mixin.py:188} INFO - [2026-04-21T04:39:37.084+0000] {dag.py:3823} INFO - Setting next_dagrun for tutorial_taskflow_api to None, run_after=None
[2026-04-21T04:39:37.103+0000] {processor.py:183} INFO - Processing /home/airflow/.local/lib/python3.8/site-packages/airflow/example_dags/tutorial_taskflow_api.py took 0.078 seconds
[2026-04-21T04:40:07.444+0000] {processor.py:161} INFO - Started process (PID=3733144) to work on /home/airflow/.local/lib/python3.8/site-packages/airflow/example_dags/tutorial_taskflow_api.py
[2026-04-21T04:40:07.446+0000] {processor.py:830} INFO - Processing file /home/airflow/.local/lib/python3.8/site-packages/airflow/example_dags/tutorial_taskflow_api.py for tasks to queue
[2026-04-21T04:40:07.449+0000] {logging_mixin.py:188} INFO - [2026-04-21T04:40:07.448+0000] {dagbag.py:538} INFO - Filling up the DagBag from /home/airflow/.local/lib/python3.8/site-packages/airflow/example_dags/tutorial_taskflow_api.py
[2026-04-21T04:40:07.457+0000] {processor.py:840} INFO - DAG(s) 'tutorial_taskflow_api' retrieved from /home/airflow/.local/lib/python3.8/site-packages/airflow/example_dags/tutorial_taskflow_api.py
[2026-04-21T04:40:07.481+0000] {logging_mixin.py:188} INFO - [2026-04-21T04:40:07.481+0000] {dag.py:3036} INFO - Sync 1 DAGs
[2026-04-21T04:40:07.495+0000] {logging_mixin.py:188} INFO - [2026-04-21T04:40:07.495+0000] {dag.py:3823} INFO - Setting next_dagrun for tutorial_taskflow_api to None, run_after=None
[2026-04-21T04:40:07.514+0000] {processor.py:183} INFO - Processing /home/airflow/.local/lib/python3.8/site-packages/airflow/example_dags/tutorial_taskflow_api.py took 0.074 seconds
[2026-04-21T04:40:37.795+0000] {processor.py:161} INFO - Started process (PID=3733201) to work on /home/airflow/.local/lib/python3.8/site-packages/airflow/example_dags/tutorial_taskflow_api.py
[2026-04-21T04:40:37.797+0000] {processor.py:830} INFO - Processing file /home/airflow/.local/lib/python3.8/site-packages/airflow/example_dags/tutorial_taskflow_api.py for tasks to queue
[2026-04-21T04:40:37.799+0000] {logging_mixin.py:188} INFO - [2026-04-21T04:40:37.799+0000] {dagbag.py:538} INFO - Filling up the DagBag from /home/airflow/.local/lib/python3.8/site-packages/airflow/example_dags/tutorial_taskflow_api.py
[2026-04-21T04:40:37.808+0000] {processor.py:840} INFO - DAG(s) 'tutorial_taskflow_api' retrieved from /home/airflow/.local/lib/python3.8/site-packages/airflow/example_dags/tutorial_taskflow_api.py
[2026-04-21T04:40:37.832+0000] {logging_mixin.py:188} INFO - [2026-04-21T04:40:37.832+0000] {dag.py:3036} INFO - Sync 1 DAGs
[2026-04-21T04:40:37.846+0000] {logging_mixin.py:188} INFO - [2026-04-21T04:40:37.846+0000] {dag.py:3823} INFO - Setting next_dagrun for tutorial_taskflow_api to None, run_after=None
[2026-04-21T04:40:37.866+0000] {processor.py:183} INFO - Processing /home/airflow/.local/lib/python3.8/site-packages/airflow/example_dags/tutorial_taskflow_api.py took 0.076 seconds
[2026-04-21T04:41:08.543+0000] {processor.py:161} INFO - Started process (PID=3733258) to work on /home/airflow/.local/lib/python3.8/site-packages/airflow/example_dags/tutorial_taskflow_api.py
[2026-04-21T04:41:08.545+0000] {processor.py:830} INFO - Processing file /home/airflow/.local/lib/python3.8/site-packages/airflow/example_dags/tutorial_taskflow_api.py for tasks to queue
[2026-04-21T04:41:08.548+0000] {logging_mixin.py:188} INFO - [2026-04-21T04:41:08.547+0000] {dagbag.py:538} INFO - Filling up the DagBag from /home/airflow/.local/lib/python3.8/site-packages/airflow/example_dags/tutorial_taskflow_api.py
[2026-04-21T04:41:08.556+0000] {processor.py:840} INFO - DAG(s) 'tutorial_taskflow_api' retrieved from /home/airflow/.local/lib/python3.8/site-packages/airflow/example_dags/tutorial_taskflow_api.py
[2026-04-21T04:41:08.581+0000] {logging_mixin.py:188} INFO - [2026-04-21T04:41:08.581+0000] {dag.py:3036} INFO - Sync 1 DAGs
[2026-04-21T04:41:08.595+0000] {logging_mixin.py:188} INFO - [2026-04-21T04:41:08.595+0000] {dag.py:3823} INFO - Setting next_dagrun for tutorial_taskflow_api to None, run_after=None
[2026-04-21T04:41:08.615+0000] {processor.py:183} INFO - Processing /home/airflow/.local/lib/python3.8/site-packages/airflow/example_dags/tutorial_taskflow_api.py took 0.076 seconds
[2026-04-21T04:41:39.175+0000] {processor.py:161} INFO - Started process (PID=3733315) to work on /home/airflow/.local/lib/python3.8/site-packages/airflow/example_dags/tutorial_taskflow_api.py
[2026-04-21T04:41:39.177+0000] {processor.py:830} INFO - Processing file /home/airflow/.local/lib/python3.8/site-packages/airflow/example_dags/tutorial_taskflow_api.py for tasks to queue
[2026-04-21T04:41:39.179+0000] {logging_mixin.py:188} INFO - [2026-04-21T04:41:39.179+0000] {dagbag.py:538} INFO - Filling up the DagBag from /home/airflow/.local/lib/python3.8/site-packages/airflow/example_dags/tutorial_taskflow_api.py
[2026-04-21T04:41:39.188+0000] {processor.py:840} INFO - DAG(s) 'tutorial_taskflow_api' retrieved from /home/airflow/.local/lib/python3.8/site-packages/airflow/example_dags/tutorial_taskflow_api.py
[2026-04-21T04:41:39.214+0000] {logging_mixin.py:188} INFO - [2026-04-21T04:41:39.213+0000] {dag.py:3036} INFO - Sync 1 DAGs
[2026-04-21T04:41:39.230+0000] {logging_mixin.py:188} INFO - [2026-04-21T04:41:39.229+0000] {dag.py:3823} INFO - Setting next_dagrun for tutorial_taskflow_api to None, run_after=None
[2026-04-21T04:41:39.253+0000] {processor.py:183} INFO - Processing /home/airflow/.local/lib/python3.8/site-packages/airflow/example_dags/tutorial_taskflow_api.py took 0.083 seconds
[2026-04-21T04:42:09.949+0000] {processor.py:161} INFO - Started process (PID=3733372) to work on /home/airflow/.local/lib/python3.8/site-packages/airflow/example_dags/tutorial_taskflow_api.py
[2026-04-21T04:42:09.951+0000] {processor.py:830} INFO - Processing file /home/airflow/.local/lib/python3.8/site-packages/airflow/example_dags/tutorial_taskflow_api.py for tasks to queue
[2026-04-21T04:42:09.953+0000] {logging_mixin.py:188} INFO - [2026-04-21T04:42:09.953+0000] {dagbag.py:538} INFO - Filling up the DagBag from /home/airflow/.local/lib/python3.8/site-packages/airflow/example_dags/tutorial_taskflow_api.py
[2026-04-21T04:42:09.962+0000] {processor.py:840} INFO - DAG(s) 'tutorial_taskflow_api' retrieved from /home/airflow/.local/lib/python3.8/site-packages/airflow/example_dags/tutorial_taskflow_api.py
[2026-04-21T04:42:09.986+0000] {logging_mixin.py:188} INFO - [2026-04-21T04:42:09.985+0000] {dag.py:3036} INFO - Sync 1 DAGs
[2026-04-21T04:42:10.000+0000] {logging_mixin.py:188} INFO - [2026-04-21T04:42:10.000+0000] {dag.py:3823} INFO - Setting next_dagrun for tutorial_taskflow_api to None, run_after=None
[2026-04-21T04:42:10.019+0000] {processor.py:183} INFO - Processing /home/airflow/.local/lib/python3.8/site-packages/airflow/example_dags/tutorial_taskflow_api.py took 0.075 seconds
[2026-04-21T04:42:40.103+0000] {processor.py:161} INFO - Started process (PID=3733429) to work on /home/airflow/.local/lib/python3.8/site-packages/airflow/example_dags/tutorial_taskflow_api.py
[2026-04-21T04:42:40.105+0000] {processor.py:830} INFO - Processing file /home/airflow/.local/lib/python3.8/site-packages/airflow/example_dags/tutorial_taskflow_api.py for tasks to queue
[2026-04-21T04:42:40.107+0000] {logging_mixin.py:188} INFO - [2026-04-21T04:42:40.107+0000] {dagbag.py:538} INFO - Filling up the DagBag from /home/airflow/.local/lib/python3.8/site-packages/airflow/example_dags/tutorial_taskflow_api.py
[2026-04-21T04:42:40.116+0000] {processor.py:840} INFO - DAG(s) 'tutorial_taskflow_api' retrieved from /home/airflow/.local/lib/python3.8/site-packages/airflow/example_dags/tutorial_taskflow_api.py
[2026-04-21T04:42:40.140+0000] {logging_mixin.py:188} INFO - [2026-04-21T04:42:40.139+0000] {dag.py:3036} INFO - Sync 1 DAGs
[2026-04-21T04:42:40.154+0000] {logging_mixin.py:188} INFO - [2026-04-21T04:42:40.154+0000] {dag.py:3823} INFO - Setting next_dagrun for tutorial_taskflow_api to None, run_after=None
[2026-04-21T04:42:40.173+0000] {processor.py:183} INFO - Processing /home/airflow/.local/lib/python3.8/site-packages/airflow/example_dags/tutorial_taskflow_api.py took 0.075 seconds
[2026-04-21T04:43:10.243+0000] {processor.py:161} INFO - Started process (PID=3733485) to work on /home/airflow/.local/lib/python3.8/site-packages/airflow/example_dags/tutorial_taskflow_api.py
[2026-04-21T04:43:10.245+0000] {processor.py:830} INFO - Processing file /home/airflow/.local/lib/python3.8/site-packages/airflow/example_dags/tutorial_taskflow_api.py for tasks to queue
[2026-04-21T04:43:10.247+0000] {logging_mixin.py:188} INFO - [2026-04-21T04:43:10.247+0000] {dagbag.py:538} INFO - Filling up the DagBag from /home/airflow/.local/lib/python3.8/site-packages/airflow/example_dags/tutorial_taskflow_api.py
[2026-04-21T04:43:10.256+0000] {processor.py:840} INFO - DAG(s) 'tutorial_taskflow_api' retrieved from /home/airflow/.local/lib/python3.8/site-packages/airflow/example_dags/tutorial_taskflow_api.py
[2026-04-21T04:43:10.279+0000] {logging_mixin.py:188} INFO - [2026-04-21T04:43:10.279+0000] {dag.py:3036} INFO - Sync 1 DAGs
[2026-04-21T04:43:10.293+0000] {logging_mixin.py:188} INFO - [2026-04-21T04:43:10.293+0000] {dag.py:3823} INFO - Setting next_dagrun for tutorial_taskflow_api to None, run_after=None
[2026-04-21T04:43:10.316+0000] {processor.py:183} INFO - Processing /home/airflow/.local/lib/python3.8/site-packages/airflow/example_dags/tutorial_taskflow_api.py took 0.078 seconds
[2026-04-21T04:43:40.622+0000] {processor.py:161} INFO - Started process (PID=3733542) to work on /home/airflow/.local/lib/python3.8/site-packages/airflow/example_dags/tutorial_taskflow_api.py
[2026-04-21T04:43:40.624+0000] {processor.py:830} INFO - Processing file /home/airflow/.local/lib/python3.8/site-packages/airflow/example_dags/tutorial_taskflow_api.py for tasks to queue
[2026-04-21T04:43:40.626+0000] {logging_mixin.py:188} INFO - [2026-04-21T04:43:40.626+0000] {dagbag.py:538} INFO - Filling up the DagBag from /home/airflow/.local/lib/python3.8/site-packages/airflow/example_dags/tutorial_taskflow_api.py
[2026-04-21T04:43:40.635+0000] {processor.py:840} INFO - DAG(s) 'tutorial_taskflow_api' retrieved from /home/airflow/.local/lib/python3.8/site-packages/airflow/example_dags/tutorial_taskflow_api.py
[2026-04-21T04:43:40.660+0000] {logging_mixin.py:188} INFO - [2026-04-21T04:43:40.659+0000] {dag.py:3036} INFO - Sync 1 DAGs
[2026-04-21T04:43:40.674+0000] {logging_mixin.py:188} INFO - [2026-04-21T04:43:40.674+0000] {dag.py:3823} INFO - Setting next_dagrun for tutorial_taskflow_api to None, run_after=None
[2026-04-21T04:43:40.696+0000] {processor.py:183} INFO - Processing /home/airflow/.local/lib/python3.8/site-packages/airflow/example_dags/tutorial_taskflow_api.py took 0.079 seconds
[2026-04-21T04:44:11.012+0000] {processor.py:161} INFO - Started process (PID=3733599) to work on /home/airflow/.local/lib/python3.8/site-packages/airflow/example_dags/tutorial_taskflow_api.py
[2026-04-21T04:44:11.014+0000] {processor.py:830} INFO - Processing file /home/airflow/.local/lib/python3.8/site-packages/airflow/example_dags/tutorial_taskflow_api.py for tasks to queue
[2026-04-21T04:44:11.016+0000] {logging_mixin.py:188} INFO - [2026-04-21T04:44:11.016+0000] {dagbag.py:538} INFO - Filling up the DagBag from /home/airflow/.local/lib/python3.8/site-packages/airflow/example_dags/tutorial_taskflow_api.py
[2026-04-21T04:44:11.025+0000] {processor.py:840} INFO - DAG(s) 'tutorial_taskflow_api' retrieved from /home/airflow/.local/lib/python3.8/site-packages/airflow/example_dags/tutorial_taskflow_api.py
[2026-04-21T04:44:11.050+0000] {logging_mixin.py:188} INFO - [2026-04-21T04:44:11.050+0000] {dag.py:3036} INFO - Sync 1 DAGs
[2026-04-21T04:44:11.065+0000] {logging_mixin.py:188} INFO - [2026-04-21T04:44:11.065+0000] {dag.py:3823} INFO - Setting next_dagrun for tutorial_taskflow_api to None, run_after=None
[2026-04-21T04:44:11.085+0000] {processor.py:183} INFO - Processing /home/airflow/.local/lib/python3.8/site-packages/airflow/example_dags/tutorial_taskflow_api.py took 0.077 seconds
[2026-04-21T04:44:41.554+0000] {processor.py:161} INFO - Started process (PID=3733657) to work on /home/airflow/.local/lib/python3.8/site-packages/airflow/example_dags/tutorial_taskflow_api.py
[2026-04-21T04:44:41.556+0000] {processor.py:830} INFO - Processing file /home/airflow/.local/lib/python3.8/site-packages/airflow/example_dags/tutorial_taskflow_api.py for tasks to queue
[2026-04-21T04:44:41.559+0000] {logging_mixin.py:188} INFO - [2026-04-21T04:44:41.558+0000] {dagbag.py:538} INFO - Filling up the DagBag from /home/airflow/.local/lib/python3.8/site-packages/airflow/example_dags/tutorial_taskflow_api.py
[2026-04-21T04:44:41.567+0000] {processor.py:840} INFO - DAG(s) 'tutorial_taskflow_api' retrieved from /home/airflow/.local/lib/python3.8/site-packages/airflow/example_dags/tutorial_taskflow_api.py
[2026-04-21T04:44:41.591+0000] {logging_mixin.py:188} INFO - [2026-04-21T04:44:41.591+0000] {dag.py:3036} INFO - Sync 1 DAGs
[2026-04-21T04:44:41.605+0000] {logging_mixin.py:188} INFO - [2026-04-21T04:44:41.605+0000] {dag.py:3823} INFO - Setting next_dagrun for tutorial_taskflow_api to None, run_after=None
[2026-04-21T04:44:41.624+0000] {processor.py:183} INFO - Processing /home/airflow/.local/lib/python3.8/site-packages/airflow/example_dags/tutorial_taskflow_api.py took 0.075 seconds
[2026-04-21T04:45:12.012+0000] {processor.py:161} INFO - Started process (PID=3733714) to work on /home/airflow/.local/lib/python3.8/site-packages/airflow/example_dags/tutorial_taskflow_api.py
[2026-04-21T04:45:12.014+0000] {processor.py:830} INFO - Processing file /home/airflow/.local/lib/python3.8/site-packages/airflow/example_dags/tutorial_taskflow_api.py for tasks to queue
[2026-04-21T04:45:12.017+0000] {logging_mixin.py:188} INFO - [2026-04-21T04:45:12.016+0000] {dagbag.py:538} INFO - Filling up the DagBag from /home/airflow/.local/lib/python3.8/site-packages/airflow/example_dags/tutorial_taskflow_api.py
[2026-04-21T04:45:12.026+0000] {processor.py:840} INFO - DAG(s) 'tutorial_taskflow_api' retrieved from /home/airflow/.local/lib/python3.8/site-packages/airflow/example_dags/tutorial_taskflow_api.py
[2026-04-21T04:45:12.050+0000] {logging_mixin.py:188} INFO - [2026-04-21T04:45:12.050+0000] {dag.py:3036} INFO - Sync 1 DAGs
[2026-04-21T04:45:12.065+0000] {logging_mixin.py:188} INFO - [2026-04-21T04:45:12.065+0000] {dag.py:3823} INFO - Setting next_dagrun for tutorial_taskflow_api to None, run_after=None
[2026-04-21T04:45:12.086+0000] {processor.py:183} INFO - Processing /home/airflow/.local/lib/python3.8/site-packages/airflow/example_dags/tutorial_taskflow_api.py took 0.079 seconds
[2026-04-21T04:45:42.236+0000] {processor.py:161} INFO - Started process (PID=3733771) to work on /home/airflow/.local/lib/python3.8/site-packages/airflow/example_dags/tutorial_taskflow_api.py
[2026-04-21T04:45:42.238+0000] {processor.py:830} INFO - Processing file /home/airflow/.local/lib/python3.8/site-packages/airflow/example_dags/tutorial_taskflow_api.py for tasks to queue
[2026-04-21T04:45:42.240+0000] {logging_mixin.py:188} INFO - [2026-04-21T04:45:42.240+0000] {dagbag.py:538} INFO - Filling up the DagBag from /home/airflow/.local/lib/python3.8/site-packages/airflow/example_dags/tutorial_taskflow_api.py
[2026-04-21T04:45:42.249+0000] {processor.py:840} INFO - DAG(s) 'tutorial_taskflow_api' retrieved from /home/airflow/.local/lib/python3.8/site-packages/airflow/example_dags/tutorial_taskflow_api.py
[2026-04-21T04:45:42.276+0000] {logging_mixin.py:188} INFO - [2026-04-21T04:45:42.276+0000] {dag.py:3036} INFO - Sync 1 DAGs
[2026-04-21T04:45:42.291+0000] {logging_mixin.py:188} INFO - [2026-04-21T04:45:42.291+0000] {dag.py:3823} INFO - Setting next_dagrun for tutorial_taskflow_api to None, run_after=None
[2026-04-21T04:45:42.312+0000] {processor.py:183} INFO - Processing /home/airflow/.local/lib/python3.8/site-packages/airflow/example_dags/tutorial_taskflow_api.py took 0.081 seconds
[2026-04-21T04:46:12.374+0000] {processor.py:161} INFO - Started process (PID=3733827) to work on /home/airflow/.local/lib/python3.8/site-packages/airflow/example_dags/tutorial_taskflow_api.py
[2026-04-21T04:46:12.376+0000] {processor.py:830} INFO - Processing file /home/airflow/.local/lib/python3.8/site-packages/airflow/example_dags/tutorial_taskflow_api.py for tasks to queue
[2026-04-21T04:46:12.378+0000] {logging_mixin.py:188} INFO - [2026-04-21T04:46:12.378+0000] {dagbag.py:538} INFO - Filling up the DagBag from /home/airflow/.local/lib/python3.8/site-packages/airflow/example_dags/tutorial_taskflow_api.py
[2026-04-21T04:46:12.387+0000] {processor.py:840} INFO - DAG(s) 'tutorial_taskflow_api' retrieved from /home/airflow/.local/lib/python3.8/site-packages/airflow/example_dags/tutorial_taskflow_api.py
[2026-04-21T04:46:12.412+0000] {logging_mixin.py:188} INFO - [2026-04-21T04:46:12.411+0000] {dag.py:3036} INFO - Sync 1 DAGs
[2026-04-21T04:46:12.426+0000] {logging_mixin.py:188} INFO - [2026-04-21T04:46:12.426+0000] {dag.py:3823} INFO - Setting next_dagrun for tutorial_taskflow_api to None, run_after=None
[2026-04-21T04:46:12.445+0000] {processor.py:183} INFO - Processing /home/airflow/.local/lib/python3.8/site-packages/airflow/example_dags/tutorial_taskflow_api.py took 0.076 seconds
[2026-04-21T04:46:42.764+0000] {processor.py:161} INFO - Started process (PID=3733884) to work on /home/airflow/.local/lib/python3.8/site-packages/airflow/example_dags/tutorial_taskflow_api.py
[2026-04-21T04:46:42.765+0000] {processor.py:830} INFO - Processing file /home/airflow/.local/lib/python3.8/site-packages/airflow/example_dags/tutorial_taskflow_api.py for tasks to queue
[2026-04-21T04:46:42.768+0000] {logging_mixin.py:188} INFO - [2026-04-21T04:46:42.767+0000] {dagbag.py:538} INFO - Filling up the DagBag from /home/airflow/.local/lib/python3.8/site-packages/airflow/example_dags/tutorial_taskflow_api.py
[2026-04-21T04:46:42.776+0000] {processor.py:840} INFO - DAG(s) 'tutorial_taskflow_api' retrieved from /home/airflow/.local/lib/python3.8/site-packages/airflow/example_dags/tutorial_taskflow_api.py
[2026-04-21T04:46:42.802+0000] {logging_mixin.py:188} INFO - [2026-04-21T04:46:42.801+0000] {dag.py:3036} INFO - Sync 1 DAGs
[2026-04-21T04:46:42.816+0000] {logging_mixin.py:188} INFO - [2026-04-21T04:46:42.816+0000] {dag.py:3823} INFO - Setting next_dagrun for tutorial_taskflow_api to None, run_after=None
[2026-04-21T04:46:42.837+0000] {processor.py:183} INFO - Processing /home/airflow/.local/lib/python3.8/site-packages/airflow/example_dags/tutorial_taskflow_api.py took 0.078 seconds
[2026-04-21T04:47:13.393+0000] {processor.py:161} INFO - Started process (PID=3733943) to work on /home/airflow/.local/lib/python3.8/site-packages/airflow/example_dags/tutorial_taskflow_api.py
[2026-04-21T04:47:13.395+0000] {processor.py:830} INFO - Processing file /home/airflow/.local/lib/python3.8/site-packages/airflow/example_dags/tutorial_taskflow_api.py for tasks to queue
[2026-04-21T04:47:13.397+0000] {logging_mixin.py:188} INFO - [2026-04-21T04:47:13.397+0000] {dagbag.py:538} INFO - Filling up the DagBag from /home/airflow/.local/lib/python3.8/site-packages/airflow/example_dags/tutorial_taskflow_api.py
[2026-04-21T04:47:13.406+0000] {processor.py:840} INFO - DAG(s) 'tutorial_taskflow_api' retrieved from /home/airflow/.local/lib/python3.8/site-packages/airflow/example_dags/tutorial_taskflow_api.py
[2026-04-21T04:47:13.431+0000] {logging_mixin.py:188} INFO - [2026-04-21T04:47:13.431+0000] {dag.py:3036} INFO - Sync 1 DAGs
[2026-04-21T04:47:13.445+0000] {logging_mixin.py:188} INFO - [2026-04-21T04:47:13.445+0000] {dag.py:3823} INFO - Setting next_dagrun for tutorial_taskflow_api to None, run_after=None
[2026-04-21T04:47:13.465+0000] {processor.py:183} INFO - Processing /home/airflow/.local/lib/python3.8/site-packages/airflow/example_dags/tutorial_taskflow_api.py took 0.078 seconds
[2026-04-21T04:47:43.514+0000] {processor.py:161} INFO - Started process (PID=3733999) to work on /home/airflow/.local/lib/python3.8/site-packages/airflow/example_dags/tutorial_taskflow_api.py
[2026-04-21T04:47:43.516+0000] {processor.py:830} INFO - Processing file /home/airflow/.local/lib/python3.8/site-packages/airflow/example_dags/tutorial_taskflow_api.py for tasks to queue
[2026-04-21T04:47:43.518+0000] {logging_mixin.py:188} INFO - [2026-04-21T04:47:43.518+0000] {dagbag.py:538} INFO - Filling up the DagBag from /home/airflow/.local/lib/python3.8/site-packages/airflow/example_dags/tutorial_taskflow_api.py
[2026-04-21T04:47:43.527+0000] {processor.py:840} INFO - DAG(s) 'tutorial_taskflow_api' retrieved from /home/airflow/.local/lib/python3.8/site-packages/airflow/example_dags/tutorial_taskflow_api.py
[2026-04-21T04:47:43.551+0000] {logging_mixin.py:188} INFO - [2026-04-21T04:47:43.551+0000] {dag.py:3036} INFO - Sync 1 DAGs
[2026-04-21T04:47:43.565+0000] {logging_mixin.py:188} INFO - [2026-04-21T04:47:43.565+0000] {dag.py:3823} INFO - Setting next_dagrun for tutorial_taskflow_api to None, run_after=None
[2026-04-21T04:47:43.584+0000] {processor.py:183} INFO - Processing /home/airflow/.local/lib/python3.8/site-packages/airflow/example_dags/tutorial_taskflow_api.py took 0.076 seconds
[2026-04-21T04:48:13.625+0000] {processor.py:161} INFO - Started process (PID=3734056) to work on /home/airflow/.local/lib/python3.8/site-packages/airflow/example_dags/tutorial_taskflow_api.py
[2026-04-21T04:48:13.626+0000] {processor.py:830} INFO - Processing file /home/airflow/.local/lib/python3.8/site-packages/airflow/example_dags/tutorial_taskflow_api.py for tasks to queue
[2026-04-21T04:48:13.628+0000] {logging_mixin.py:188} INFO - [2026-04-21T04:48:13.628+0000] {dagbag.py:538} INFO - Filling up the DagBag from /home/airflow/.local/lib/python3.8/site-packages/airflow/example_dags/tutorial_taskflow_api.py
[2026-04-21T04:48:13.636+0000] {processor.py:840} INFO - DAG(s) 'tutorial_taskflow_api' retrieved from /home/airflow/.local/lib/python3.8/site-packages/airflow/example_dags/tutorial_taskflow_api.py
[2026-04-21T04:48:13.665+0000] {logging_mixin.py:188} INFO - [2026-04-21T04:48:13.665+0000] {dag.py:3036} INFO - Sync 1 DAGs
[2026-04-21T04:48:13.683+0000] {logging_mixin.py:188} INFO - [2026-04-21T04:48:13.682+0000] {dag.py:3823} INFO - Setting next_dagrun for tutorial_taskflow_api to None, run_after=None
[2026-04-21T04:48:13.706+0000] {processor.py:183} INFO - Processing /home/airflow/.local/lib/python3.8/site-packages/airflow/example_dags/tutorial_taskflow_api.py took 0.086 seconds
[2026-04-21T04:48:44.323+0000] {processor.py:161} INFO - Started process (PID=3734113) to work on /home/airflow/.local/lib/python3.8/site-packages/airflow/example_dags/tutorial_taskflow_api.py
[2026-04-21T04:48:44.325+0000] {processor.py:830} INFO - Processing file /home/airflow/.local/lib/python3.8/site-packages/airflow/example_dags/tutorial_taskflow_api.py for tasks to queue
[2026-04-21T04:48:44.328+0000] {logging_mixin.py:188} INFO - [2026-04-21T04:48:44.328+0000] {dagbag.py:538} INFO - Filling up the DagBag from /home/airflow/.local/lib/python3.8/site-packages/airflow/example_dags/tutorial_taskflow_api.py
[2026-04-21T04:48:44.337+0000] {processor.py:840} INFO - DAG(s) 'tutorial_taskflow_api' retrieved from /home/airflow/.local/lib/python3.8/site-packages/airflow/example_dags/tutorial_taskflow_api.py
[2026-04-21T04:48:44.363+0000] {logging_mixin.py:188} INFO - [2026-04-21T04:48:44.362+0000] {dag.py:3036} INFO - Sync 1 DAGs
[2026-04-21T04:48:44.378+0000] {logging_mixin.py:188} INFO - [2026-04-21T04:48:44.378+0000] {dag.py:3823} INFO - Setting next_dagrun for tutorial_taskflow_api to None, run_after=None
[2026-04-21T04:48:44.400+0000] {processor.py:183} INFO - Processing /home/airflow/.local/lib/python3.8/site-packages/airflow/example_dags/tutorial_taskflow_api.py took 0.082 seconds
[2026-04-21T04:49:14.634+0000] {processor.py:161} INFO - Started process (PID=3734171) to work on /home/airflow/.local/lib/python3.8/site-packages/airflow/example_dags/tutorial_taskflow_api.py
[2026-04-21T04:49:14.635+0000] {processor.py:830} INFO - Processing file /home/airflow/.local/lib/python3.8/site-packages/airflow/example_dags/tutorial_taskflow_api.py for tasks to queue
[2026-04-21T04:49:14.638+0000] {logging_mixin.py:188} INFO - [2026-04-21T04:49:14.637+0000] {dagbag.py:538} INFO - Filling up the DagBag from /home/airflow/.local/lib/python3.8/site-packages/airflow/example_dags/tutorial_taskflow_api.py
[2026-04-21T04:49:14.646+0000] {processor.py:840} INFO - DAG(s) 'tutorial_taskflow_api' retrieved from /home/airflow/.local/lib/python3.8/site-packages/airflow/example_dags/tutorial_taskflow_api.py
[2026-04-21T04:49:14.672+0000] {logging_mixin.py:188} INFO - [2026-04-21T04:49:14.672+0000] {dag.py:3036} INFO - Sync 1 DAGs
[2026-04-21T04:49:14.686+0000] {logging_mixin.py:188} INFO - [2026-04-21T04:49:14.686+0000] {dag.py:3823} INFO - Setting next_dagrun for tutorial_taskflow_api to None, run_after=None
[2026-04-21T04:49:14.706+0000] {processor.py:183} INFO - Processing /home/airflow/.local/lib/python3.8/site-packages/airflow/example_dags/tutorial_taskflow_api.py took 0.077 seconds
[2026-04-21T04:49:44.938+0000] {processor.py:161} INFO - Started process (PID=3734228) to work on /home/airflow/.local/lib/python3.8/site-packages/airflow/example_dags/tutorial_taskflow_api.py
[2026-04-21T04:49:44.940+0000] {processor.py:830} INFO - Processing file /home/airflow/.local/lib/python3.8/site-packages/airflow/example_dags/tutorial_taskflow_api.py for tasks to queue
[2026-04-21T04:49:44.943+0000] {logging_mixin.py:188} INFO - [2026-04-21T04:49:44.942+0000] {dagbag.py:538} INFO - Filling up the DagBag from /home/airflow/.local/lib/python3.8/site-packages/airflow/example_dags/tutorial_taskflow_api.py
[2026-04-21T04:49:44.954+0000] {processor.py:840} INFO - DAG(s) 'tutorial_taskflow_api' retrieved from /home/airflow/.local/lib/python3.8/site-packages/airflow/example_dags/tutorial_taskflow_api.py
[2026-04-21T04:49:44.981+0000] {logging_mixin.py:188} INFO - [2026-04-21T04:49:44.981+0000] {dag.py:3036} INFO - Sync 1 DAGs
[2026-04-21T04:49:45.002+0000] {logging_mixin.py:188} INFO - [2026-04-21T04:49:45.001+0000] {dag.py:3823} INFO - Setting next_dagrun for tutorial_taskflow_api to None, run_after=None
[2026-04-21T04:49:45.032+0000] {processor.py:183} INFO - Processing /home/airflow/.local/lib/python3.8/site-packages/airflow/example_dags/tutorial_taskflow_api.py took 0.099 seconds
[2026-04-21T04:50:15.135+0000] {processor.py:161} INFO - Started process (PID=3734285) to work on /home/airflow/.local/lib/python3.8/site-packages/airflow/example_dags/tutorial_taskflow_api.py
[2026-04-21T04:50:15.136+0000] {processor.py:830} INFO - Processing file /home/airflow/.local/lib/python3.8/site-packages/airflow/example_dags/tutorial_taskflow_api.py for tasks to queue
[2026-04-21T04:50:15.138+0000] {logging_mixin.py:188} INFO - [2026-04-21T04:50:15.138+0000] {dagbag.py:538} INFO - Filling up the DagBag from /home/airflow/.local/lib/python3.8/site-packages/airflow/example_dags/tutorial_taskflow_api.py
[2026-04-21T04:50:15.147+0000] {processor.py:840} INFO - DAG(s) 'tutorial_taskflow_api' retrieved from /home/airflow/.local/lib/python3.8/site-packages/airflow/example_dags/tutorial_taskflow_api.py
[2026-04-21T04:50:15.173+0000] {logging_mixin.py:188} INFO - [2026-04-21T04:50:15.172+0000] {dag.py:3036} INFO - Sync 1 DAGs
[2026-04-21T04:50:15.188+0000] {logging_mixin.py:188} INFO - [2026-04-21T04:50:15.188+0000] {dag.py:3823} INFO - Setting next_dagrun for tutorial_taskflow_api to None, run_after=None
[2026-04-21T04:50:15.208+0000] {processor.py:183} INFO - Processing /home/airflow/.local/lib/python3.8/site-packages/airflow/example_dags/tutorial_taskflow_api.py took 0.079 seconds
[2026-04-21T04:50:45.440+0000] {processor.py:161} INFO - Started process (PID=3734342) to work on /home/airflow/.local/lib/python3.8/site-packages/airflow/example_dags/tutorial_taskflow_api.py
[2026-04-21T04:50:45.441+0000] {processor.py:830} INFO - Processing file /home/airflow/.local/lib/python3.8/site-packages/airflow/example_dags/tutorial_taskflow_api.py for tasks to queue
[2026-04-21T04:50:45.444+0000] {logging_mixin.py:188} INFO - [2026-04-21T04:50:45.443+0000] {dagbag.py:538} INFO - Filling up the DagBag from /home/airflow/.local/lib/python3.8/site-packages/airflow/example_dags/tutorial_taskflow_api.py
[2026-04-21T04:50:45.452+0000] {processor.py:840} INFO - DAG(s) 'tutorial_taskflow_api' retrieved from /home/airflow/.local/lib/python3.8/site-packages/airflow/example_dags/tutorial_taskflow_api.py
[2026-04-21T04:50:45.478+0000] {logging_mixin.py:188} INFO - [2026-04-21T04:50:45.478+0000] {dag.py:3036} INFO - Sync 1 DAGs
[2026-04-21T04:50:45.493+0000] {logging_mixin.py:188} INFO - [2026-04-21T04:50:45.493+0000] {dag.py:3823} INFO - Setting next_dagrun for tutorial_taskflow_api to None, run_after=None
[2026-04-21T04:50:45.513+0000] {processor.py:183} INFO - Processing /home/airflow/.local/lib/python3.8/site-packages/airflow/example_dags/tutorial_taskflow_api.py took 0.079 seconds
[2026-04-21T04:51:15.619+0000] {processor.py:161} INFO - Started process (PID=3734399) to work on /home/airflow/.local/lib/python3.8/site-packages/airflow/example_dags/tutorial_taskflow_api.py
[2026-04-21T04:51:15.621+0000] {processor.py:830} INFO - Processing file /home/airflow/.local/lib/python3.8/site-packages/airflow/example_dags/tutorial_taskflow_api.py for tasks to queue
[2026-04-21T04:51:15.623+0000] {logging_mixin.py:188} INFO - [2026-04-21T04:51:15.623+0000] {dagbag.py:538} INFO - Filling up the DagBag from /home/airflow/.local/lib/python3.8/site-packages/airflow/example_dags/tutorial_taskflow_api.py
[2026-04-21T04:51:15.631+0000] {processor.py:840} INFO - DAG(s) 'tutorial_taskflow_api' retrieved from /home/airflow/.local/lib/python3.8/site-packages/airflow/example_dags/tutorial_taskflow_api.py
[2026-04-21T04:51:15.658+0000] {logging_mixin.py:188} INFO - [2026-04-21T04:51:15.658+0000] {dag.py:3036} INFO - Sync 1 DAGs
[2026-04-21T04:51:15.673+0000] {logging_mixin.py:188} INFO - [2026-04-21T04:51:15.673+0000] {dag.py:3823} INFO - Setting next_dagrun for tutorial_taskflow_api to None, run_after=None
[2026-04-21T04:51:15.696+0000] {processor.py:183} INFO - Processing /home/airflow/.local/lib/python3.8/site-packages/airflow/example_dags/tutorial_taskflow_api.py took 0.082 seconds
[2026-04-21T04:51:45.867+0000] {processor.py:161} INFO - Started process (PID=3734456) to work on /home/airflow/.local/lib/python3.8/site-packages/airflow/example_dags/tutorial_taskflow_api.py
[2026-04-21T04:51:45.869+0000] {processor.py:830} INFO - Processing file /home/airflow/.local/lib/python3.8/site-packages/airflow/example_dags/tutorial_taskflow_api.py for tasks to queue
[2026-04-21T04:51:45.872+0000] {logging_mixin.py:188} INFO - [2026-04-21T04:51:45.871+0000] {dagbag.py:538} INFO - Filling up the DagBag from /home/airflow/.local/lib/python3.8/site-packages/airflow/example_dags/tutorial_taskflow_api.py
[2026-04-21T04:51:45.881+0000] {processor.py:840} INFO - DAG(s) 'tutorial_taskflow_api' retrieved from /home/airflow/.local/lib/python3.8/site-packages/airflow/example_dags/tutorial_taskflow_api.py
[2026-04-21T04:51:45.907+0000] {logging_mixin.py:188} INFO - [2026-04-21T04:51:45.906+0000] {dag.py:3036} INFO - Sync 1 DAGs
[2026-04-21T04:51:45.923+0000] {logging_mixin.py:188} INFO - [2026-04-21T04:51:45.922+0000] {dag.py:3823} INFO - Setting next_dagrun for tutorial_taskflow_api to None, run_after=None
[2026-04-21T04:51:45.945+0000] {processor.py:183} INFO - Processing /home/airflow/.local/lib/python3.8/site-packages/airflow/example_dags/tutorial_taskflow_api.py took 0.083 seconds
[2026-04-21T04:52:15.977+0000] {processor.py:161} INFO - Started process (PID=3734512) to work on /home/airflow/.local/lib/python3.8/site-packages/airflow/example_dags/tutorial_taskflow_api.py
[2026-04-21T04:52:15.978+0000] {processor.py:830} INFO - Processing file /home/airflow/.local/lib/python3.8/site-packages/airflow/example_dags/tutorial_taskflow_api.py for tasks to queue
[2026-04-21T04:52:15.980+0000] {logging_mixin.py:188} INFO - [2026-04-21T04:52:15.980+0000] {dagbag.py:538} INFO - Filling up the DagBag from /home/airflow/.local/lib/python3.8/site-packages/airflow/example_dags/tutorial_taskflow_api.py
[2026-04-21T04:52:15.989+0000] {processor.py:840} INFO - DAG(s) 'tutorial_taskflow_api' retrieved from /home/airflow/.local/lib/python3.8/site-packages/airflow/example_dags/tutorial_taskflow_api.py
[2026-04-21T04:52:16.013+0000] {logging_mixin.py:188} INFO - [2026-04-21T04:52:16.013+0000] {dag.py:3036} INFO - Sync 1 DAGs
[2026-04-21T04:52:16.028+0000] {logging_mixin.py:188} INFO - [2026-04-21T04:52:16.027+0000] {dag.py:3823} INFO - Setting next_dagrun for tutorial_taskflow_api to None, run_after=None
[2026-04-21T04:52:16.047+0000] {processor.py:183} INFO - Processing /home/airflow/.local/lib/python3.8/site-packages/airflow/example_dags/tutorial_taskflow_api.py took 0.075 seconds
[2026-04-21T04:52:46.346+0000] {processor.py:161} INFO - Started process (PID=3734570) to work on /home/airflow/.local/lib/python3.8/site-packages/airflow/example_dags/tutorial_taskflow_api.py
[2026-04-21T04:52:46.348+0000] {processor.py:830} INFO - Processing file /home/airflow/.local/lib/python3.8/site-packages/airflow/example_dags/tutorial_taskflow_api.py for tasks to queue
[2026-04-21T04:52:46.351+0000] {logging_mixin.py:188} INFO - [2026-04-21T04:52:46.350+0000] {dagbag.py:538} INFO - Filling up the DagBag from /home/airflow/.local/lib/python3.8/site-packages/airflow/example_dags/tutorial_taskflow_api.py
[2026-04-21T04:52:46.359+0000] {processor.py:840} INFO - DAG(s) 'tutorial_taskflow_api' retrieved from /home/airflow/.local/lib/python3.8/site-packages/airflow/example_dags/tutorial_taskflow_api.py
[2026-04-21T04:52:46.384+0000] {logging_mixin.py:188} INFO - [2026-04-21T04:52:46.384+0000] {dag.py:3036} INFO - Sync 1 DAGs
[2026-04-21T04:52:46.399+0000] {logging_mixin.py:188} INFO - [2026-04-21T04:52:46.399+0000] {dag.py:3823} INFO - Setting next_dagrun for tutorial_taskflow_api to None, run_after=None
[2026-04-21T04:52:46.418+0000] {processor.py:183} INFO - Processing /home/airflow/.local/lib/python3.8/site-packages/airflow/example_dags/tutorial_taskflow_api.py took 0.077 seconds
[2026-04-21T04:53:16.546+0000] {processor.py:161} INFO - Started process (PID=3734627) to work on /home/airflow/.local/lib/python3.8/site-packages/airflow/example_dags/tutorial_taskflow_api.py
[2026-04-21T04:53:16.547+0000] {processor.py:830} INFO - Processing file /home/airflow/.local/lib/python3.8/site-packages/airflow/example_dags/tutorial_taskflow_api.py for tasks to queue
[2026-04-21T04:53:16.549+0000] {logging_mixin.py:188} INFO - [2026-04-21T04:53:16.549+0000] {dagbag.py:538} INFO - Filling up the DagBag from /home/airflow/.local/lib/python3.8/site-packages/airflow/example_dags/tutorial_taskflow_api.py
[2026-04-21T04:53:16.557+0000] {processor.py:840} INFO - DAG(s) 'tutorial_taskflow_api' retrieved from /home/airflow/.local/lib/python3.8/site-packages/airflow/example_dags/tutorial_taskflow_api.py
[2026-04-21T04:53:16.583+0000] {logging_mixin.py:188} INFO - [2026-04-21T04:53:16.583+0000] {dag.py:3036} INFO - Sync 1 DAGs
[2026-04-21T04:53:16.598+0000] {logging_mixin.py:188} INFO - [2026-04-21T04:53:16.598+0000] {dag.py:3823} INFO - Setting next_dagrun for tutorial_taskflow_api to None, run_after=None
[2026-04-21T04:53:16.618+0000] {processor.py:183} INFO - Processing /home/airflow/.local/lib/python3.8/site-packages/airflow/example_dags/tutorial_taskflow_api.py took 0.077 seconds
[2026-04-21T04:53:46.899+0000] {processor.py:161} INFO - Started process (PID=3734684) to work on /home/airflow/.local/lib/python3.8/site-packages/airflow/example_dags/tutorial_taskflow_api.py
[2026-04-21T04:53:46.900+0000] {processor.py:830} INFO - Processing file /home/airflow/.local/lib/python3.8/site-packages/airflow/example_dags/tutorial_taskflow_api.py for tasks to queue
[2026-04-21T04:53:46.903+0000] {logging_mixin.py:188} INFO - [2026-04-21T04:53:46.903+0000] {dagbag.py:538} INFO - Filling up the DagBag from /home/airflow/.local/lib/python3.8/site-packages/airflow/example_dags/tutorial_taskflow_api.py
[2026-04-21T04:53:46.911+0000] {processor.py:840} INFO - DAG(s) 'tutorial_taskflow_api' retrieved from /home/airflow/.local/lib/python3.8/site-packages/airflow/example_dags/tutorial_taskflow_api.py
[2026-04-21T04:53:46.936+0000] {logging_mixin.py:188} INFO - [2026-04-21T04:53:46.936+0000] {dag.py:3036} INFO - Sync 1 DAGs
[2026-04-21T04:53:46.951+0000] {logging_mixin.py:188} INFO - [2026-04-21T04:53:46.950+0000] {dag.py:3823} INFO - Setting next_dagrun for tutorial_taskflow_api to None, run_after=None
[2026-04-21T04:53:46.971+0000] {processor.py:183} INFO - Processing /home/airflow/.local/lib/python3.8/site-packages/airflow/example_dags/tutorial_taskflow_api.py took 0.077 seconds
[2026-04-21T04:54:17.320+0000] {processor.py:161} INFO - Started process (PID=3734741) to work on /home/airflow/.local/lib/python3.8/site-packages/airflow/example_dags/tutorial_taskflow_api.py
[2026-04-21T04:54:17.321+0000] {processor.py:830} INFO - Processing file /home/airflow/.local/lib/python3.8/site-packages/airflow/example_dags/tutorial_taskflow_api.py for tasks to queue
[2026-04-21T04:54:17.323+0000] {logging_mixin.py:188} INFO - [2026-04-21T04:54:17.323+0000] {dagbag.py:538} INFO - Filling up the DagBag from /home/airflow/.local/lib/python3.8/site-packages/airflow/example_dags/tutorial_taskflow_api.py
[2026-04-21T04:54:17.332+0000] {processor.py:840} INFO - DAG(s) 'tutorial_taskflow_api' retrieved from /home/airflow/.local/lib/python3.8/site-packages/airflow/example_dags/tutorial_taskflow_api.py
[2026-04-21T04:54:17.357+0000] {logging_mixin.py:188} INFO - [2026-04-21T04:54:17.357+0000] {dag.py:3036} INFO - Sync 1 DAGs
[2026-04-21T04:54:17.371+0000] {logging_mixin.py:188} INFO - [2026-04-21T04:54:17.371+0000] {dag.py:3823} INFO - Setting next_dagrun for tutorial_taskflow_api to None, run_after=None
[2026-04-21T04:54:17.391+0000] {processor.py:183} INFO - Processing /home/airflow/.local/lib/python3.8/site-packages/airflow/example_dags/tutorial_taskflow_api.py took 0.077 seconds
[2026-04-21T04:54:48.098+0000] {processor.py:161} INFO - Started process (PID=3734798) to work on /home/airflow/.local/lib/python3.8/site-packages/airflow/example_dags/tutorial_taskflow_api.py
[2026-04-21T04:54:48.100+0000] {processor.py:830} INFO - Processing file /home/airflow/.local/lib/python3.8/site-packages/airflow/example_dags/tutorial_taskflow_api.py for tasks to queue
[2026-04-21T04:54:48.102+0000] {logging_mixin.py:188} INFO - [2026-04-21T04:54:48.101+0000] {dagbag.py:538} INFO - Filling up the DagBag from /home/airflow/.local/lib/python3.8/site-packages/airflow/example_dags/tutorial_taskflow_api.py
[2026-04-21T04:54:48.110+0000] {processor.py:840} INFO - DAG(s) 'tutorial_taskflow_api' retrieved from /home/airflow/.local/lib/python3.8/site-packages/airflow/example_dags/tutorial_taskflow_api.py
[2026-04-21T04:54:48.135+0000] {logging_mixin.py:188} INFO - [2026-04-21T04:54:48.135+0000] {dag.py:3036} INFO - Sync 1 DAGs
[2026-04-21T04:54:48.149+0000] {logging_mixin.py:188} INFO - [2026-04-21T04:54:48.149+0000] {dag.py:3823} INFO - Setting next_dagrun for tutorial_taskflow_api to None, run_after=None
[2026-04-21T04:54:48.168+0000] {processor.py:183} INFO - Processing /home/airflow/.local/lib/python3.8/site-packages/airflow/example_dags/tutorial_taskflow_api.py took 0.075 seconds
[2026-04-21T04:55:18.731+0000] {processor.py:161} INFO - Started process (PID=3734855) to work on /home/airflow/.local/lib/python3.8/site-packages/airflow/example_dags/tutorial_taskflow_api.py
[2026-04-21T04:55:18.732+0000] {processor.py:830} INFO - Processing file /home/airflow/.local/lib/python3.8/site-packages/airflow/example_dags/tutorial_taskflow_api.py for tasks to queue
[2026-04-21T04:55:18.734+0000] {logging_mixin.py:188} INFO - [2026-04-21T04:55:18.734+0000] {dagbag.py:538} INFO - Filling up the DagBag from /home/airflow/.local/lib/python3.8/site-packages/airflow/example_dags/tutorial_taskflow_api.py
[2026-04-21T04:55:18.742+0000] {processor.py:840} INFO - DAG(s) 'tutorial_taskflow_api' retrieved from /home/airflow/.local/lib/python3.8/site-packages/airflow/example_dags/tutorial_taskflow_api.py
[2026-04-21T04:55:18.767+0000] {logging_mixin.py:188} INFO - [2026-04-21T04:55:18.767+0000] {dag.py:3036} INFO - Sync 1 DAGs
[2026-04-21T04:55:18.781+0000] {logging_mixin.py:188} INFO - [2026-04-21T04:55:18.781+0000] {dag.py:3823} INFO - Setting next_dagrun for tutorial_taskflow_api to None, run_after=None
[2026-04-21T04:55:18.800+0000] {processor.py:183} INFO - Processing /home/airflow/.local/lib/python3.8/site-packages/airflow/example_dags/tutorial_taskflow_api.py took 0.074 seconds
[2026-04-21T04:55:49.397+0000] {processor.py:161} INFO - Started process (PID=3734912) to work on /home/airflow/.local/lib/python3.8/site-packages/airflow/example_dags/tutorial_taskflow_api.py
[2026-04-21T04:55:49.400+0000] {processor.py:830} INFO - Processing file /home/airflow/.local/lib/python3.8/site-packages/airflow/example_dags/tutorial_taskflow_api.py for tasks to queue
[2026-04-21T04:55:49.403+0000] {logging_mixin.py:188} INFO - [2026-04-21T04:55:49.402+0000] {dagbag.py:538} INFO - Filling up the DagBag from /home/airflow/.local/lib/python3.8/site-packages/airflow/example_dags/tutorial_taskflow_api.py
[2026-04-21T04:55:49.415+0000] {processor.py:840} INFO - DAG(s) 'tutorial_taskflow_api' retrieved from /home/airflow/.local/lib/python3.8/site-packages/airflow/example_dags/tutorial_taskflow_api.py
[2026-04-21T04:55:49.447+0000] {logging_mixin.py:188} INFO - [2026-04-21T04:55:49.446+0000] {dag.py:3036} INFO - Sync 1 DAGs
[2026-04-21T04:55:49.468+0000] {logging_mixin.py:188} INFO - [2026-04-21T04:55:49.467+0000] {dag.py:3823} INFO - Setting next_dagrun for tutorial_taskflow_api to None, run_after=None
[2026-04-21T04:55:49.490+0000] {processor.py:183} INFO - Processing /home/airflow/.local/lib/python3.8/site-packages/airflow/example_dags/tutorial_taskflow_api.py took 0.098 seconds
[2026-04-21T04:56:20.024+0000] {processor.py:161} INFO - Started process (PID=3734969) to work on /home/airflow/.local/lib/python3.8/site-packages/airflow/example_dags/tutorial_taskflow_api.py
[2026-04-21T04:56:20.025+0000] {processor.py:830} INFO - Processing file /home/airflow/.local/lib/python3.8/site-packages/airflow/example_dags/tutorial_taskflow_api.py for tasks to queue
[2026-04-21T04:56:20.027+0000] {logging_mixin.py:188} INFO - [2026-04-21T04:56:20.027+0000] {dagbag.py:538} INFO - Filling up the DagBag from /home/airflow/.local/lib/python3.8/site-packages/airflow/example_dags/tutorial_taskflow_api.py
[2026-04-21T04:56:20.036+0000] {processor.py:840} INFO - DAG(s) 'tutorial_taskflow_api' retrieved from /home/airflow/.local/lib/python3.8/site-packages/airflow/example_dags/tutorial_taskflow_api.py
[2026-04-21T04:56:20.061+0000] {logging_mixin.py:188} INFO - [2026-04-21T04:56:20.061+0000] {dag.py:3036} INFO - Sync 1 DAGs
[2026-04-21T04:56:20.075+0000] {logging_mixin.py:188} INFO - [2026-04-21T04:56:20.075+0000] {dag.py:3823} INFO - Setting next_dagrun for tutorial_taskflow_api to None, run_after=None
[2026-04-21T04:56:20.094+0000] {processor.py:183} INFO - Processing /home/airflow/.local/lib/python3.8/site-packages/airflow/example_dags/tutorial_taskflow_api.py took 0.075 seconds
[2026-04-21T04:56:50.164+0000] {processor.py:161} INFO - Started process (PID=3735024) to work on /home/airflow/.local/lib/python3.8/site-packages/airflow/example_dags/tutorial_taskflow_api.py
[2026-04-21T04:56:50.166+0000] {processor.py:830} INFO - Processing file /home/airflow/.local/lib/python3.8/site-packages/airflow/example_dags/tutorial_taskflow_api.py for tasks to queue
[2026-04-21T04:56:50.168+0000] {logging_mixin.py:188} INFO - [2026-04-21T04:56:50.168+0000] {dagbag.py:538} INFO - Filling up the DagBag from /home/airflow/.local/lib/python3.8/site-packages/airflow/example_dags/tutorial_taskflow_api.py
[2026-04-21T04:56:50.178+0000] {processor.py:840} INFO - DAG(s) 'tutorial_taskflow_api' retrieved from /home/airflow/.local/lib/python3.8/site-packages/airflow/example_dags/tutorial_taskflow_api.py
[2026-04-21T04:56:50.205+0000] {logging_mixin.py:188} INFO - [2026-04-21T04:56:50.204+0000] {dag.py:3036} INFO - Sync 1 DAGs
[2026-04-21T04:56:50.219+0000] {logging_mixin.py:188} INFO - [2026-04-21T04:56:50.219+0000] {dag.py:3823} INFO - Setting next_dagrun for tutorial_taskflow_api to None, run_after=None
[2026-04-21T04:56:50.239+0000] {processor.py:183} INFO - Processing /home/airflow/.local/lib/python3.8/site-packages/airflow/example_dags/tutorial_taskflow_api.py took 0.081 seconds
[2026-04-21T04:57:20.347+0000] {processor.py:161} INFO - Started process (PID=3735081) to work on /home/airflow/.local/lib/python3.8/site-packages/airflow/example_dags/tutorial_taskflow_api.py
[2026-04-21T04:57:20.348+0000] {processor.py:830} INFO - Processing file /home/airflow/.local/lib/python3.8/site-packages/airflow/example_dags/tutorial_taskflow_api.py for tasks to queue
[2026-04-21T04:57:20.350+0000] {logging_mixin.py:188} INFO - [2026-04-21T04:57:20.350+0000] {dagbag.py:538} INFO - Filling up the DagBag from /home/airflow/.local/lib/python3.8/site-packages/airflow/example_dags/tutorial_taskflow_api.py
[2026-04-21T04:57:20.358+0000] {processor.py:840} INFO - DAG(s) 'tutorial_taskflow_api' retrieved from /home/airflow/.local/lib/python3.8/site-packages/airflow/example_dags/tutorial_taskflow_api.py
[2026-04-21T04:57:20.383+0000] {logging_mixin.py:188} INFO - [2026-04-21T04:57:20.383+0000] {dag.py:3036} INFO - Sync 1 DAGs
[2026-04-21T04:57:20.397+0000] {logging_mixin.py:188} INFO - [2026-04-21T04:57:20.397+0000] {dag.py:3823} INFO - Setting next_dagrun for tutorial_taskflow_api to None, run_after=None
[2026-04-21T04:57:20.417+0000] {processor.py:183} INFO - Processing /home/airflow/.local/lib/python3.8/site-packages/airflow/example_dags/tutorial_taskflow_api.py took 0.075 seconds
[2026-04-21T04:57:51.356+0000] {processor.py:161} INFO - Started process (PID=3735138) to work on /home/airflow/.local/lib/python3.8/site-packages/airflow/example_dags/tutorial_taskflow_api.py
[2026-04-21T04:57:51.358+0000] {processor.py:830} INFO - Processing file /home/airflow/.local/lib/python3.8/site-packages/airflow/example_dags/tutorial_taskflow_api.py for tasks to queue
[2026-04-21T04:57:51.361+0000] {logging_mixin.py:188} INFO - [2026-04-21T04:57:51.360+0000] {dagbag.py:538} INFO - Filling up the DagBag from /home/airflow/.local/lib/python3.8/site-packages/airflow/example_dags/tutorial_taskflow_api.py
[2026-04-21T04:57:51.370+0000] {processor.py:840} INFO - DAG(s) 'tutorial_taskflow_api' retrieved from /home/airflow/.local/lib/python3.8/site-packages/airflow/example_dags/tutorial_taskflow_api.py
[2026-04-21T04:57:51.395+0000] {logging_mixin.py:188} INFO - [2026-04-21T04:57:51.394+0000] {dag.py:3036} INFO - Sync 1 DAGs
[2026-04-21T04:57:51.409+0000] {logging_mixin.py:188} INFO - [2026-04-21T04:57:51.409+0000] {dag.py:3823} INFO - Setting next_dagrun for tutorial_taskflow_api to None, run_after=None
[2026-04-21T04:57:51.429+0000] {processor.py:183} INFO - Processing /home/airflow/.local/lib/python3.8/site-packages/airflow/example_dags/tutorial_taskflow_api.py took 0.078 seconds
[2026-04-21T04:58:21.576+0000] {processor.py:161} INFO - Started process (PID=3735196) to work on /home/airflow/.local/lib/python3.8/site-packages/airflow/example_dags/tutorial_taskflow_api.py
[2026-04-21T04:58:21.577+0000] {processor.py:830} INFO - Processing file /home/airflow/.local/lib/python3.8/site-packages/airflow/example_dags/tutorial_taskflow_api.py for tasks to queue
[2026-04-21T04:58:21.579+0000] {logging_mixin.py:188} INFO - [2026-04-21T04:58:21.579+0000] {dagbag.py:538} INFO - Filling up the DagBag from /home/airflow/.local/lib/python3.8/site-packages/airflow/example_dags/tutorial_taskflow_api.py
[2026-04-21T04:58:21.587+0000] {processor.py:840} INFO - DAG(s) 'tutorial_taskflow_api' retrieved from /home/airflow/.local/lib/python3.8/site-packages/airflow/example_dags/tutorial_taskflow_api.py
[2026-04-21T04:58:21.612+0000] {logging_mixin.py:188} INFO - [2026-04-21T04:58:21.612+0000] {dag.py:3036} INFO - Sync 1 DAGs
[2026-04-21T04:58:21.626+0000] {logging_mixin.py:188} INFO - [2026-04-21T04:58:21.626+0000] {dag.py:3823} INFO - Setting next_dagrun for tutorial_taskflow_api to None, run_after=None
[2026-04-21T04:58:21.646+0000] {processor.py:183} INFO - Processing /home/airflow/.local/lib/python3.8/site-packages/airflow/example_dags/tutorial_taskflow_api.py took 0.075 seconds
[2026-04-21T04:58:51.692+0000] {processor.py:161} INFO - Started process (PID=3735251) to work on /home/airflow/.local/lib/python3.8/site-packages/airflow/example_dags/tutorial_taskflow_api.py
[2026-04-21T04:58:51.693+0000] {processor.py:830} INFO - Processing file /home/airflow/.local/lib/python3.8/site-packages/airflow/example_dags/tutorial_taskflow_api.py for tasks to queue
[2026-04-21T04:58:51.696+0000] {logging_mixin.py:188} INFO - [2026-04-21T04:58:51.695+0000] {dagbag.py:538} INFO - Filling up the DagBag from /home/airflow/.local/lib/python3.8/site-packages/airflow/example_dags/tutorial_taskflow_api.py
[2026-04-21T04:58:51.704+0000] {processor.py:840} INFO - DAG(s) 'tutorial_taskflow_api' retrieved from /home/airflow/.local/lib/python3.8/site-packages/airflow/example_dags/tutorial_taskflow_api.py
[2026-04-21T04:58:51.729+0000] {logging_mixin.py:188} INFO - [2026-04-21T04:58:51.729+0000] {dag.py:3036} INFO - Sync 1 DAGs
[2026-04-21T04:58:51.743+0000] {logging_mixin.py:188} INFO - [2026-04-21T04:58:51.743+0000] {dag.py:3823} INFO - Setting next_dagrun for tutorial_taskflow_api to None, run_after=None
[2026-04-21T04:58:51.763+0000] {processor.py:183} INFO - Processing /home/airflow/.local/lib/python3.8/site-packages/airflow/example_dags/tutorial_taskflow_api.py took 0.076 seconds
[2026-04-21T04:59:21.847+0000] {processor.py:161} INFO - Started process (PID=3735307) to work on /home/airflow/.local/lib/python3.8/site-packages/airflow/example_dags/tutorial_taskflow_api.py
[2026-04-21T04:59:21.849+0000] {processor.py:830} INFO - Processing file /home/airflow/.local/lib/python3.8/site-packages/airflow/example_dags/tutorial_taskflow_api.py for tasks to queue
[2026-04-21T04:59:21.852+0000] {logging_mixin.py:188} INFO - [2026-04-21T04:59:21.851+0000] {dagbag.py:538} INFO - Filling up the DagBag from /home/airflow/.local/lib/python3.8/site-packages/airflow/example_dags/tutorial_taskflow_api.py
[2026-04-21T04:59:21.860+0000] {processor.py:840} INFO - DAG(s) 'tutorial_taskflow_api' retrieved from /home/airflow/.local/lib/python3.8/site-packages/airflow/example_dags/tutorial_taskflow_api.py
[2026-04-21T04:59:21.885+0000] {logging_mixin.py:188} INFO - [2026-04-21T04:59:21.884+0000] {dag.py:3036} INFO - Sync 1 DAGs
[2026-04-21T04:59:21.898+0000] {logging_mixin.py:188} INFO - [2026-04-21T04:59:21.898+0000] {dag.py:3823} INFO - Setting next_dagrun for tutorial_taskflow_api to None, run_after=None
[2026-04-21T04:59:21.917+0000] {processor.py:183} INFO - Processing /home/airflow/.local/lib/python3.8/site-packages/airflow/example_dags/tutorial_taskflow_api.py took 0.075 seconds
[2026-04-21T04:59:52.218+0000] {processor.py:161} INFO - Started process (PID=3735365) to work on /home/airflow/.local/lib/python3.8/site-packages/airflow/example_dags/tutorial_taskflow_api.py
[2026-04-21T04:59:52.220+0000] {processor.py:830} INFO - Processing file /home/airflow/.local/lib/python3.8/site-packages/airflow/example_dags/tutorial_taskflow_api.py for tasks to queue
[2026-04-21T04:59:52.222+0000] {logging_mixin.py:188} INFO - [2026-04-21T04:59:52.221+0000] {dagbag.py:538} INFO - Filling up the DagBag from /home/airflow/.local/lib/python3.8/site-packages/airflow/example_dags/tutorial_taskflow_api.py
[2026-04-21T04:59:52.230+0000] {processor.py:840} INFO - DAG(s) 'tutorial_taskflow_api' retrieved from /home/airflow/.local/lib/python3.8/site-packages/airflow/example_dags/tutorial_taskflow_api.py
[2026-04-21T04:59:52.255+0000] {logging_mixin.py:188} INFO - [2026-04-21T04:59:52.255+0000] {dag.py:3036} INFO - Sync 1 DAGs
[2026-04-21T04:59:52.269+0000] {logging_mixin.py:188} INFO - [2026-04-21T04:59:52.269+0000] {dag.py:3823} INFO - Setting next_dagrun for tutorial_taskflow_api to None, run_after=None
[2026-04-21T04:59:52.288+0000] {processor.py:183} INFO - Processing /home/airflow/.local/lib/python3.8/site-packages/airflow/example_dags/tutorial_taskflow_api.py took 0.075 seconds
[2026-04-21T05:00:22.468+0000] {processor.py:161} INFO - Started process (PID=3735422) to work on /home/airflow/.local/lib/python3.8/site-packages/airflow/example_dags/tutorial_taskflow_api.py
[2026-04-21T05:00:22.470+0000] {processor.py:830} INFO - Processing file /home/airflow/.local/lib/python3.8/site-packages/airflow/example_dags/tutorial_taskflow_api.py for tasks to queue
[2026-04-21T05:00:22.473+0000] {logging_mixin.py:188} INFO - [2026-04-21T05:00:22.472+0000] {dagbag.py:538} INFO - Filling up the DagBag from /home/airflow/.local/lib/python3.8/site-packages/airflow/example_dags/tutorial_taskflow_api.py
[2026-04-21T05:00:22.481+0000] {processor.py:840} INFO - DAG(s) 'tutorial_taskflow_api' retrieved from /home/airflow/.local/lib/python3.8/site-packages/airflow/example_dags/tutorial_taskflow_api.py
[2026-04-21T05:00:22.519+0000] {logging_mixin.py:188} INFO - [2026-04-21T05:00:22.519+0000] {dag.py:3036} INFO - Sync 1 DAGs
[2026-04-21T05:00:22.533+0000] {logging_mixin.py:188} INFO - [2026-04-21T05:00:22.533+0000] {dag.py:3823} INFO - Setting next_dagrun for tutorial_taskflow_api to None, run_after=None
[2026-04-21T05:00:22.552+0000] {processor.py:183} INFO - Processing /home/airflow/.local/lib/python3.8/site-packages/airflow/example_dags/tutorial_taskflow_api.py took 0.089 seconds
[2026-04-21T05:00:52.787+0000] {processor.py:161} INFO - Started process (PID=3735479) to work on /home/airflow/.local/lib/python3.8/site-packages/airflow/example_dags/tutorial_taskflow_api.py
[2026-04-21T05:00:52.789+0000] {processor.py:830} INFO - Processing file /home/airflow/.local/lib/python3.8/site-packages/airflow/example_dags/tutorial_taskflow_api.py for tasks to queue
[2026-04-21T05:00:52.792+0000] {logging_mixin.py:188} INFO - [2026-04-21T05:00:52.791+0000] {dagbag.py:538} INFO - Filling up the DagBag from /home/airflow/.local/lib/python3.8/site-packages/airflow/example_dags/tutorial_taskflow_api.py
[2026-04-21T05:00:52.800+0000] {processor.py:840} INFO - DAG(s) 'tutorial_taskflow_api' retrieved from /home/airflow/.local/lib/python3.8/site-packages/airflow/example_dags/tutorial_taskflow_api.py
[2026-04-21T05:00:52.825+0000] {logging_mixin.py:188} INFO - [2026-04-21T05:00:52.825+0000] {dag.py:3036} INFO - Sync 1 DAGs
[2026-04-21T05:00:52.839+0000] {logging_mixin.py:188} INFO - [2026-04-21T05:00:52.839+0000] {dag.py:3823} INFO - Setting next_dagrun for tutorial_taskflow_api to None, run_after=None
[2026-04-21T05:00:52.858+0000] {processor.py:183} INFO - Processing /home/airflow/.local/lib/python3.8/site-packages/airflow/example_dags/tutorial_taskflow_api.py took 0.076 seconds
[2026-04-21T05:01:22.970+0000] {processor.py:161} INFO - Started process (PID=3735536) to work on /home/airflow/.local/lib/python3.8/site-packages/airflow/example_dags/tutorial_taskflow_api.py
[2026-04-21T05:01:22.972+0000] {processor.py:830} INFO - Processing file /home/airflow/.local/lib/python3.8/site-packages/airflow/example_dags/tutorial_taskflow_api.py for tasks to queue
[2026-04-21T05:01:22.974+0000] {logging_mixin.py:188} INFO - [2026-04-21T05:01:22.974+0000] {dagbag.py:538} INFO - Filling up the DagBag from /home/airflow/.local/lib/python3.8/site-packages/airflow/example_dags/tutorial_taskflow_api.py
[2026-04-21T05:01:22.982+0000] {processor.py:840} INFO - DAG(s) 'tutorial_taskflow_api' retrieved from /home/airflow/.local/lib/python3.8/site-packages/airflow/example_dags/tutorial_taskflow_api.py
[2026-04-21T05:01:23.006+0000] {logging_mixin.py:188} INFO - [2026-04-21T05:01:23.006+0000] {dag.py:3036} INFO - Sync 1 DAGs
[2026-04-21T05:01:23.020+0000] {logging_mixin.py:188} INFO - [2026-04-21T05:01:23.019+0000] {dag.py:3823} INFO - Setting next_dagrun for tutorial_taskflow_api to None, run_after=None
[2026-04-21T05:01:23.039+0000] {processor.py:183} INFO - Processing /home/airflow/.local/lib/python3.8/site-packages/airflow/example_dags/tutorial_taskflow_api.py took 0.074 seconds
[2026-04-21T05:01:53.315+0000] {processor.py:161} INFO - Started process (PID=3735593) to work on /home/airflow/.local/lib/python3.8/site-packages/airflow/example_dags/tutorial_taskflow_api.py
[2026-04-21T05:01:53.317+0000] {processor.py:830} INFO - Processing file /home/airflow/.local/lib/python3.8/site-packages/airflow/example_dags/tutorial_taskflow_api.py for tasks to queue
[2026-04-21T05:01:53.320+0000] {logging_mixin.py:188} INFO - [2026-04-21T05:01:53.319+0000] {dagbag.py:538} INFO - Filling up the DagBag from /home/airflow/.local/lib/python3.8/site-packages/airflow/example_dags/tutorial_taskflow_api.py
[2026-04-21T05:01:53.328+0000] {processor.py:840} INFO - DAG(s) 'tutorial_taskflow_api' retrieved from /home/airflow/.local/lib/python3.8/site-packages/airflow/example_dags/tutorial_taskflow_api.py
[2026-04-21T05:01:53.353+0000] {logging_mixin.py:188} INFO - [2026-04-21T05:01:53.353+0000] {dag.py:3036} INFO - Sync 1 DAGs
[2026-04-21T05:01:53.367+0000] {logging_mixin.py:188} INFO - [2026-04-21T05:01:53.367+0000] {dag.py:3823} INFO - Setting next_dagrun for tutorial_taskflow_api to None, run_after=None
[2026-04-21T05:01:53.386+0000] {processor.py:183} INFO - Processing /home/airflow/.local/lib/python3.8/site-packages/airflow/example_dags/tutorial_taskflow_api.py took 0.076 seconds
[2026-04-21T05:02:23.591+0000] {processor.py:161} INFO - Started process (PID=3735650) to work on /home/airflow/.local/lib/python3.8/site-packages/airflow/example_dags/tutorial_taskflow_api.py
[2026-04-21T05:02:23.593+0000] {processor.py:830} INFO - Processing file /home/airflow/.local/lib/python3.8/site-packages/airflow/example_dags/tutorial_taskflow_api.py for tasks to queue
[2026-04-21T05:02:23.595+0000] {logging_mixin.py:188} INFO - [2026-04-21T05:02:23.595+0000] {dagbag.py:538} INFO - Filling up the DagBag from /home/airflow/.local/lib/python3.8/site-packages/airflow/example_dags/tutorial_taskflow_api.py
[2026-04-21T05:02:23.603+0000] {processor.py:840} INFO - DAG(s) 'tutorial_taskflow_api' retrieved from /home/airflow/.local/lib/python3.8/site-packages/airflow/example_dags/tutorial_taskflow_api.py
[2026-04-21T05:02:23.628+0000] {logging_mixin.py:188} INFO - [2026-04-21T05:02:23.628+0000] {dag.py:3036} INFO - Sync 1 DAGs
[2026-04-21T05:02:23.642+0000] {logging_mixin.py:188} INFO - [2026-04-21T05:02:23.642+0000] {dag.py:3823} INFO - Setting next_dagrun for tutorial_taskflow_api to None, run_after=None
[2026-04-21T05:02:23.663+0000] {processor.py:183} INFO - Processing /home/airflow/.local/lib/python3.8/site-packages/airflow/example_dags/tutorial_taskflow_api.py took 0.077 seconds
[2026-04-21T05:02:53.900+0000] {processor.py:161} INFO - Started process (PID=3735707) to work on /home/airflow/.local/lib/python3.8/site-packages/airflow/example_dags/tutorial_taskflow_api.py
[2026-04-21T05:02:53.902+0000] {processor.py:830} INFO - Processing file /home/airflow/.local/lib/python3.8/site-packages/airflow/example_dags/tutorial_taskflow_api.py for tasks to queue
[2026-04-21T05:02:53.904+0000] {logging_mixin.py:188} INFO - [2026-04-21T05:02:53.904+0000] {dagbag.py:538} INFO - Filling up the DagBag from /home/airflow/.local/lib/python3.8/site-packages/airflow/example_dags/tutorial_taskflow_api.py
[2026-04-21T05:02:53.912+0000] {processor.py:840} INFO - DAG(s) 'tutorial_taskflow_api' retrieved from /home/airflow/.local/lib/python3.8/site-packages/airflow/example_dags/tutorial_taskflow_api.py
[2026-04-21T05:02:53.937+0000] {logging_mixin.py:188} INFO - [2026-04-21T05:02:53.937+0000] {dag.py:3036} INFO - Sync 1 DAGs
[2026-04-21T05:02:53.951+0000] {logging_mixin.py:188} INFO - [2026-04-21T05:02:53.951+0000] {dag.py:3823} INFO - Setting next_dagrun for tutorial_taskflow_api to None, run_after=None
[2026-04-21T05:02:53.970+0000] {processor.py:183} INFO - Processing /home/airflow/.local/lib/python3.8/site-packages/airflow/example_dags/tutorial_taskflow_api.py took 0.075 seconds
[2026-04-21T05:03:24.115+0000] {processor.py:161} INFO - Started process (PID=3735764) to work on /home/airflow/.local/lib/python3.8/site-packages/airflow/example_dags/tutorial_taskflow_api.py
[2026-04-21T05:03:24.117+0000] {processor.py:830} INFO - Processing file /home/airflow/.local/lib/python3.8/site-packages/airflow/example_dags/tutorial_taskflow_api.py for tasks to queue
[2026-04-21T05:03:24.119+0000] {logging_mixin.py:188} INFO - [2026-04-21T05:03:24.119+0000] {dagbag.py:538} INFO - Filling up the DagBag from /home/airflow/.local/lib/python3.8/site-packages/airflow/example_dags/tutorial_taskflow_api.py
[2026-04-21T05:03:24.128+0000] {processor.py:840} INFO - DAG(s) 'tutorial_taskflow_api' retrieved from /home/airflow/.local/lib/python3.8/site-packages/airflow/example_dags/tutorial_taskflow_api.py
[2026-04-21T05:03:24.152+0000] {logging_mixin.py:188} INFO - [2026-04-21T05:03:24.152+0000] {dag.py:3036} INFO - Sync 1 DAGs
[2026-04-21T05:03:24.166+0000] {logging_mixin.py:188} INFO - [2026-04-21T05:03:24.165+0000] {dag.py:3823} INFO - Setting next_dagrun for tutorial_taskflow_api to None, run_after=None
[2026-04-21T05:03:24.184+0000] {processor.py:183} INFO - Processing /home/airflow/.local/lib/python3.8/site-packages/airflow/example_dags/tutorial_taskflow_api.py took 0.073 seconds
[2026-04-21T05:03:54.991+0000] {processor.py:161} INFO - Started process (PID=3735821) to work on /home/airflow/.local/lib/python3.8/site-packages/airflow/example_dags/tutorial_taskflow_api.py
[2026-04-21T05:03:54.993+0000] {processor.py:830} INFO - Processing file /home/airflow/.local/lib/python3.8/site-packages/airflow/example_dags/tutorial_taskflow_api.py for tasks to queue
[2026-04-21T05:03:54.996+0000] {logging_mixin.py:188} INFO - [2026-04-21T05:03:54.995+0000] {dagbag.py:538} INFO - Filling up the DagBag from /home/airflow/.local/lib/python3.8/site-packages/airflow/example_dags/tutorial_taskflow_api.py
[2026-04-21T05:03:55.004+0000] {processor.py:840} INFO - DAG(s) 'tutorial_taskflow_api' retrieved from /home/airflow/.local/lib/python3.8/site-packages/airflow/example_dags/tutorial_taskflow_api.py
[2026-04-21T05:03:55.031+0000] {logging_mixin.py:188} INFO - [2026-04-21T05:03:55.030+0000] {dag.py:3036} INFO - Sync 1 DAGs
[2026-04-21T05:03:55.045+0000] {logging_mixin.py:188} INFO - [2026-04-21T05:03:55.044+0000] {dag.py:3823} INFO - Setting next_dagrun for tutorial_taskflow_api to None, run_after=None
[2026-04-21T05:03:55.064+0000] {processor.py:183} INFO - Processing /home/airflow/.local/lib/python3.8/site-packages/airflow/example_dags/tutorial_taskflow_api.py took 0.078 seconds
[2026-04-21T05:04:25.493+0000] {processor.py:161} INFO - Started process (PID=3735878) to work on /home/airflow/.local/lib/python3.8/site-packages/airflow/example_dags/tutorial_taskflow_api.py
[2026-04-21T05:04:25.495+0000] {processor.py:830} INFO - Processing file /home/airflow/.local/lib/python3.8/site-packages/airflow/example_dags/tutorial_taskflow_api.py for tasks to queue
[2026-04-21T05:04:25.497+0000] {logging_mixin.py:188} INFO - [2026-04-21T05:04:25.497+0000] {dagbag.py:538} INFO - Filling up the DagBag from /home/airflow/.local/lib/python3.8/site-packages/airflow/example_dags/tutorial_taskflow_api.py
[2026-04-21T05:04:25.505+0000] {processor.py:840} INFO - DAG(s) 'tutorial_taskflow_api' retrieved from /home/airflow/.local/lib/python3.8/site-packages/airflow/example_dags/tutorial_taskflow_api.py
[2026-04-21T05:04:25.530+0000] {logging_mixin.py:188} INFO - [2026-04-21T05:04:25.530+0000] {dag.py:3036} INFO - Sync 1 DAGs
[2026-04-21T05:04:25.545+0000] {logging_mixin.py:188} INFO - [2026-04-21T05:04:25.544+0000] {dag.py:3823} INFO - Setting next_dagrun for tutorial_taskflow_api to None, run_after=None
[2026-04-21T05:04:25.564+0000] {processor.py:183} INFO - Processing /home/airflow/.local/lib/python3.8/site-packages/airflow/example_dags/tutorial_taskflow_api.py took 0.076 seconds
[2026-04-21T05:04:56.321+0000] {processor.py:161} INFO - Started process (PID=3735935) to work on /home/airflow/.local/lib/python3.8/site-packages/airflow/example_dags/tutorial_taskflow_api.py
[2026-04-21T05:04:56.323+0000] {processor.py:830} INFO - Processing file /home/airflow/.local/lib/python3.8/site-packages/airflow/example_dags/tutorial_taskflow_api.py for tasks to queue
[2026-04-21T05:04:56.325+0000] {logging_mixin.py:188} INFO - [2026-04-21T05:04:56.325+0000] {dagbag.py:538} INFO - Filling up the DagBag from /home/airflow/.local/lib/python3.8/site-packages/airflow/example_dags/tutorial_taskflow_api.py
[2026-04-21T05:04:56.333+0000] {processor.py:840} INFO - DAG(s) 'tutorial_taskflow_api' retrieved from /home/airflow/.local/lib/python3.8/site-packages/airflow/example_dags/tutorial_taskflow_api.py
[2026-04-21T05:04:56.358+0000] {logging_mixin.py:188} INFO - [2026-04-21T05:04:56.358+0000] {dag.py:3036} INFO - Sync 1 DAGs
[2026-04-21T05:04:56.374+0000] {logging_mixin.py:188} INFO - [2026-04-21T05:04:56.373+0000] {dag.py:3823} INFO - Setting next_dagrun for tutorial_taskflow_api to None, run_after=None
[2026-04-21T05:04:56.394+0000] {processor.py:183} INFO - Processing /home/airflow/.local/lib/python3.8/site-packages/airflow/example_dags/tutorial_taskflow_api.py took 0.077 seconds
[2026-04-21T05:05:26.931+0000] {processor.py:161} INFO - Started process (PID=3735992) to work on /home/airflow/.local/lib/python3.8/site-packages/airflow/example_dags/tutorial_taskflow_api.py
[2026-04-21T05:05:26.933+0000] {processor.py:830} INFO - Processing file /home/airflow/.local/lib/python3.8/site-packages/airflow/example_dags/tutorial_taskflow_api.py for tasks to queue
[2026-04-21T05:05:26.935+0000] {logging_mixin.py:188} INFO - [2026-04-21T05:05:26.935+0000] {dagbag.py:538} INFO - Filling up the DagBag from /home/airflow/.local/lib/python3.8/site-packages/airflow/example_dags/tutorial_taskflow_api.py
[2026-04-21T05:05:26.943+0000] {processor.py:840} INFO - DAG(s) 'tutorial_taskflow_api' retrieved from /home/airflow/.local/lib/python3.8/site-packages/airflow/example_dags/tutorial_taskflow_api.py
[2026-04-21T05:05:26.968+0000] {logging_mixin.py:188} INFO - [2026-04-21T05:05:26.968+0000] {dag.py:3036} INFO - Sync 1 DAGs
[2026-04-21T05:05:26.982+0000] {logging_mixin.py:188} INFO - [2026-04-21T05:05:26.981+0000] {dag.py:3823} INFO - Setting next_dagrun for tutorial_taskflow_api to None, run_after=None
[2026-04-21T05:05:27.001+0000] {processor.py:183} INFO - Processing /home/airflow/.local/lib/python3.8/site-packages/airflow/example_dags/tutorial_taskflow_api.py took 0.075 seconds
[2026-04-21T05:05:57.403+0000] {processor.py:161} INFO - Started process (PID=3736049) to work on /home/airflow/.local/lib/python3.8/site-packages/airflow/example_dags/tutorial_taskflow_api.py
[2026-04-21T05:05:57.404+0000] {processor.py:830} INFO - Processing file /home/airflow/.local/lib/python3.8/site-packages/airflow/example_dags/tutorial_taskflow_api.py for tasks to queue
[2026-04-21T05:05:57.407+0000] {logging_mixin.py:188} INFO - [2026-04-21T05:05:57.406+0000] {dagbag.py:538} INFO - Filling up the DagBag from /home/airflow/.local/lib/python3.8/site-packages/airflow/example_dags/tutorial_taskflow_api.py
[2026-04-21T05:05:57.414+0000] {processor.py:840} INFO - DAG(s) 'tutorial_taskflow_api' retrieved from /home/airflow/.local/lib/python3.8/site-packages/airflow/example_dags/tutorial_taskflow_api.py
[2026-04-21T05:05:57.440+0000] {logging_mixin.py:188} INFO - [2026-04-21T05:05:57.440+0000] {dag.py:3036} INFO - Sync 1 DAGs
[2026-04-21T05:05:57.454+0000] {logging_mixin.py:188} INFO - [2026-04-21T05:05:57.454+0000] {dag.py:3823} INFO - Setting next_dagrun for tutorial_taskflow_api to None, run_after=None
[2026-04-21T05:05:57.475+0000] {processor.py:183} INFO - Processing /home/airflow/.local/lib/python3.8/site-packages/airflow/example_dags/tutorial_taskflow_api.py took 0.076 seconds
[2026-04-21T05:06:27.655+0000] {processor.py:161} INFO - Started process (PID=3736106) to work on /home/airflow/.local/lib/python3.8/site-packages/airflow/example_dags/tutorial_taskflow_api.py
[2026-04-21T05:06:27.657+0000] {processor.py:830} INFO - Processing file /home/airflow/.local/lib/python3.8/site-packages/airflow/example_dags/tutorial_taskflow_api.py for tasks to queue
[2026-04-21T05:06:27.660+0000] {logging_mixin.py:188} INFO - [2026-04-21T05:06:27.659+0000] {dagbag.py:538} INFO - Filling up the DagBag from /home/airflow/.local/lib/python3.8/site-packages/airflow/example_dags/tutorial_taskflow_api.py
[2026-04-21T05:06:27.668+0000] {processor.py:840} INFO - DAG(s) 'tutorial_taskflow_api' retrieved from /home/airflow/.local/lib/python3.8/site-packages/airflow/example_dags/tutorial_taskflow_api.py
[2026-04-21T05:06:27.693+0000] {logging_mixin.py:188} INFO - [2026-04-21T05:06:27.693+0000] {dag.py:3036} INFO - Sync 1 DAGs
[2026-04-21T05:06:27.707+0000] {logging_mixin.py:188} INFO - [2026-04-21T05:06:27.707+0000] {dag.py:3823} INFO - Setting next_dagrun for tutorial_taskflow_api to None, run_after=None
[2026-04-21T05:06:27.726+0000] {processor.py:183} INFO - Processing /home/airflow/.local/lib/python3.8/site-packages/airflow/example_dags/tutorial_taskflow_api.py took 0.076 seconds
[2026-04-21T05:06:58.287+0000] {processor.py:161} INFO - Started process (PID=3736163) to work on /home/airflow/.local/lib/python3.8/site-packages/airflow/example_dags/tutorial_taskflow_api.py
[2026-04-21T05:06:58.289+0000] {processor.py:830} INFO - Processing file /home/airflow/.local/lib/python3.8/site-packages/airflow/example_dags/tutorial_taskflow_api.py for tasks to queue
[2026-04-21T05:06:58.291+0000] {logging_mixin.py:188} INFO - [2026-04-21T05:06:58.291+0000] {dagbag.py:538} INFO - Filling up the DagBag from /home/airflow/.local/lib/python3.8/site-packages/airflow/example_dags/tutorial_taskflow_api.py
[2026-04-21T05:06:58.300+0000] {processor.py:840} INFO - DAG(s) 'tutorial_taskflow_api' retrieved from /home/airflow/.local/lib/python3.8/site-packages/airflow/example_dags/tutorial_taskflow_api.py
[2026-04-21T05:06:58.324+0000] {logging_mixin.py:188} INFO - [2026-04-21T05:06:58.324+0000] {dag.py:3036} INFO - Sync 1 DAGs
[2026-04-21T05:06:58.338+0000] {logging_mixin.py:188} INFO - [2026-04-21T05:06:58.338+0000] {dag.py:3823} INFO - Setting next_dagrun for tutorial_taskflow_api to None, run_after=None
[2026-04-21T05:06:58.358+0000] {processor.py:183} INFO - Processing /home/airflow/.local/lib/python3.8/site-packages/airflow/example_dags/tutorial_taskflow_api.py took 0.075 seconds
[2026-04-21T05:07:28.481+0000] {processor.py:161} INFO - Started process (PID=3736220) to work on /home/airflow/.local/lib/python3.8/site-packages/airflow/example_dags/tutorial_taskflow_api.py
[2026-04-21T05:07:28.483+0000] {processor.py:830} INFO - Processing file /home/airflow/.local/lib/python3.8/site-packages/airflow/example_dags/tutorial_taskflow_api.py for tasks to queue
[2026-04-21T05:07:28.485+0000] {logging_mixin.py:188} INFO - [2026-04-21T05:07:28.485+0000] {dagbag.py:538} INFO - Filling up the DagBag from /home/airflow/.local/lib/python3.8/site-packages/airflow/example_dags/tutorial_taskflow_api.py
[2026-04-21T05:07:28.494+0000] {processor.py:840} INFO - DAG(s) 'tutorial_taskflow_api' retrieved from /home/airflow/.local/lib/python3.8/site-packages/airflow/example_dags/tutorial_taskflow_api.py
[2026-04-21T05:07:28.519+0000] {logging_mixin.py:188} INFO - [2026-04-21T05:07:28.519+0000] {dag.py:3036} INFO - Sync 1 DAGs
[2026-04-21T05:07:28.533+0000] {logging_mixin.py:188} INFO - [2026-04-21T05:07:28.533+0000] {dag.py:3823} INFO - Setting next_dagrun for tutorial_taskflow_api to None, run_after=None
[2026-04-21T05:07:28.553+0000] {processor.py:183} INFO - Processing /home/airflow/.local/lib/python3.8/site-packages/airflow/example_dags/tutorial_taskflow_api.py took 0.077 seconds
[2026-04-21T05:07:58.748+0000] {processor.py:161} INFO - Started process (PID=3736277) to work on /home/airflow/.local/lib/python3.8/site-packages/airflow/example_dags/tutorial_taskflow_api.py
[2026-04-21T05:07:58.749+0000] {processor.py:830} INFO - Processing file /home/airflow/.local/lib/python3.8/site-packages/airflow/example_dags/tutorial_taskflow_api.py for tasks to queue
[2026-04-21T05:07:58.752+0000] {logging_mixin.py:188} INFO - [2026-04-21T05:07:58.751+0000] {dagbag.py:538} INFO - Filling up the DagBag from /home/airflow/.local/lib/python3.8/site-packages/airflow/example_dags/tutorial_taskflow_api.py
[2026-04-21T05:07:58.760+0000] {processor.py:840} INFO - DAG(s) 'tutorial_taskflow_api' retrieved from /home/airflow/.local/lib/python3.8/site-packages/airflow/example_dags/tutorial_taskflow_api.py
[2026-04-21T05:07:58.784+0000] {logging_mixin.py:188} INFO - [2026-04-21T05:07:58.784+0000] {dag.py:3036} INFO - Sync 1 DAGs
[2026-04-21T05:07:58.798+0000] {logging_mixin.py:188} INFO - [2026-04-21T05:07:58.798+0000] {dag.py:3823} INFO - Setting next_dagrun for tutorial_taskflow_api to None, run_after=None
[2026-04-21T05:07:58.817+0000] {processor.py:183} INFO - Processing /home/airflow/.local/lib/python3.8/site-packages/airflow/example_dags/tutorial_taskflow_api.py took 0.074 seconds
[2026-04-21T05:08:29.091+0000] {processor.py:161} INFO - Started process (PID=3736334) to work on /home/airflow/.local/lib/python3.8/site-packages/airflow/example_dags/tutorial_taskflow_api.py
[2026-04-21T05:08:29.093+0000] {processor.py:830} INFO - Processing file /home/airflow/.local/lib/python3.8/site-packages/airflow/example_dags/tutorial_taskflow_api.py for tasks to queue
[2026-04-21T05:08:29.095+0000] {logging_mixin.py:188} INFO - [2026-04-21T05:08:29.095+0000] {dagbag.py:538} INFO - Filling up the DagBag from /home/airflow/.local/lib/python3.8/site-packages/airflow/example_dags/tutorial_taskflow_api.py
[2026-04-21T05:08:29.104+0000] {processor.py:840} INFO - DAG(s) 'tutorial_taskflow_api' retrieved from /home/airflow/.local/lib/python3.8/site-packages/airflow/example_dags/tutorial_taskflow_api.py
[2026-04-21T05:08:29.130+0000] {logging_mixin.py:188} INFO - [2026-04-21T05:08:29.129+0000] {dag.py:3036} INFO - Sync 1 DAGs
[2026-04-21T05:08:29.149+0000] {logging_mixin.py:188} INFO - [2026-04-21T05:08:29.148+0000] {dag.py:3823} INFO - Setting next_dagrun for tutorial_taskflow_api to None, run_after=None
[2026-04-21T05:08:29.171+0000] {processor.py:183} INFO - Processing /home/airflow/.local/lib/python3.8/site-packages/airflow/example_dags/tutorial_taskflow_api.py took 0.085 seconds
[2026-04-21T05:08:59.293+0000] {processor.py:161} INFO - Started process (PID=3736391) to work on /home/airflow/.local/lib/python3.8/site-packages/airflow/example_dags/tutorial_taskflow_api.py
[2026-04-21T05:08:59.295+0000] {processor.py:830} INFO - Processing file /home/airflow/.local/lib/python3.8/site-packages/airflow/example_dags/tutorial_taskflow_api.py for tasks to queue
[2026-04-21T05:08:59.297+0000] {logging_mixin.py:188} INFO - [2026-04-21T05:08:59.297+0000] {dagbag.py:538} INFO - Filling up the DagBag from /home/airflow/.local/lib/python3.8/site-packages/airflow/example_dags/tutorial_taskflow_api.py
[2026-04-21T05:08:59.305+0000] {processor.py:840} INFO - DAG(s) 'tutorial_taskflow_api' retrieved from /home/airflow/.local/lib/python3.8/site-packages/airflow/example_dags/tutorial_taskflow_api.py
[2026-04-21T05:08:59.331+0000] {logging_mixin.py:188} INFO - [2026-04-21T05:08:59.330+0000] {dag.py:3036} INFO - Sync 1 DAGs
[2026-04-21T05:08:59.345+0000] {logging_mixin.py:188} INFO - [2026-04-21T05:08:59.345+0000] {dag.py:3823} INFO - Setting next_dagrun for tutorial_taskflow_api to None, run_after=None
[2026-04-21T05:08:59.364+0000] {processor.py:183} INFO - Processing /home/airflow/.local/lib/python3.8/site-packages/airflow/example_dags/tutorial_taskflow_api.py took 0.075 seconds
[2026-04-21T05:09:29.473+0000] {processor.py:161} INFO - Started process (PID=3736448) to work on /home/airflow/.local/lib/python3.8/site-packages/airflow/example_dags/tutorial_taskflow_api.py
[2026-04-21T05:09:29.475+0000] {processor.py:830} INFO - Processing file /home/airflow/.local/lib/python3.8/site-packages/airflow/example_dags/tutorial_taskflow_api.py for tasks to queue
[2026-04-21T05:09:29.478+0000] {logging_mixin.py:188} INFO - [2026-04-21T05:09:29.477+0000] {dagbag.py:538} INFO - Filling up the DagBag from /home/airflow/.local/lib/python3.8/site-packages/airflow/example_dags/tutorial_taskflow_api.py
[2026-04-21T05:09:29.486+0000] {processor.py:840} INFO - DAG(s) 'tutorial_taskflow_api' retrieved from /home/airflow/.local/lib/python3.8/site-packages/airflow/example_dags/tutorial_taskflow_api.py
[2026-04-21T05:09:29.511+0000] {logging_mixin.py:188} INFO - [2026-04-21T05:09:29.511+0000] {dag.py:3036} INFO - Sync 1 DAGs
[2026-04-21T05:09:29.526+0000] {logging_mixin.py:188} INFO - [2026-04-21T05:09:29.526+0000] {dag.py:3823} INFO - Setting next_dagrun for tutorial_taskflow_api to None, run_after=None
[2026-04-21T05:09:29.546+0000] {processor.py:183} INFO - Processing /home/airflow/.local/lib/python3.8/site-packages/airflow/example_dags/tutorial_taskflow_api.py took 0.078 seconds
[2026-04-21T05:09:59.726+0000] {processor.py:161} INFO - Started process (PID=3736505) to work on /home/airflow/.local/lib/python3.8/site-packages/airflow/example_dags/tutorial_taskflow_api.py
[2026-04-21T05:09:59.728+0000] {processor.py:830} INFO - Processing file /home/airflow/.local/lib/python3.8/site-packages/airflow/example_dags/tutorial_taskflow_api.py for tasks to queue
[2026-04-21T05:09:59.730+0000] {logging_mixin.py:188} INFO - [2026-04-21T05:09:59.730+0000] {dagbag.py:538} INFO - Filling up the DagBag from /home/airflow/.local/lib/python3.8/site-packages/airflow/example_dags/tutorial_taskflow_api.py
[2026-04-21T05:09:59.738+0000] {processor.py:840} INFO - DAG(s) 'tutorial_taskflow_api' retrieved from /home/airflow/.local/lib/python3.8/site-packages/airflow/example_dags/tutorial_taskflow_api.py
[2026-04-21T05:09:59.763+0000] {logging_mixin.py:188} INFO - [2026-04-21T05:09:59.763+0000] {dag.py:3036} INFO - Sync 1 DAGs
[2026-04-21T05:09:59.778+0000] {logging_mixin.py:188} INFO - [2026-04-21T05:09:59.778+0000] {dag.py:3823} INFO - Setting next_dagrun for tutorial_taskflow_api to None, run_after=None
[2026-04-21T05:09:59.799+0000] {processor.py:183} INFO - Processing /home/airflow/.local/lib/python3.8/site-packages/airflow/example_dags/tutorial_taskflow_api.py took 0.078 seconds
[2026-04-21T05:10:30.004+0000] {processor.py:161} INFO - Started process (PID=3736562) to work on /home/airflow/.local/lib/python3.8/site-packages/airflow/example_dags/tutorial_taskflow_api.py
[2026-04-21T05:10:30.006+0000] {processor.py:830} INFO - Processing file /home/airflow/.local/lib/python3.8/site-packages/airflow/example_dags/tutorial_taskflow_api.py for tasks to queue
[2026-04-21T05:10:30.008+0000] {logging_mixin.py:188} INFO - [2026-04-21T05:10:30.008+0000] {dagbag.py:538} INFO - Filling up the DagBag from /home/airflow/.local/lib/python3.8/site-packages/airflow/example_dags/tutorial_taskflow_api.py
[2026-04-21T05:10:30.017+0000] {processor.py:840} INFO - DAG(s) 'tutorial_taskflow_api' retrieved from /home/airflow/.local/lib/python3.8/site-packages/airflow/example_dags/tutorial_taskflow_api.py
[2026-04-21T05:10:30.045+0000] {logging_mixin.py:188} INFO - [2026-04-21T05:10:30.044+0000] {dag.py:3036} INFO - Sync 1 DAGs
[2026-04-21T05:10:30.060+0000] {logging_mixin.py:188} INFO - [2026-04-21T05:10:30.059+0000] {dag.py:3823} INFO - Setting next_dagrun for tutorial_taskflow_api to None, run_after=None
[2026-04-21T05:10:30.079+0000] {processor.py:183} INFO - Processing /home/airflow/.local/lib/python3.8/site-packages/airflow/example_dags/tutorial_taskflow_api.py took 0.080 seconds
[2026-04-21T05:11:00.202+0000] {processor.py:161} INFO - Started process (PID=3736619) to work on /home/airflow/.local/lib/python3.8/site-packages/airflow/example_dags/tutorial_taskflow_api.py
[2026-04-21T05:11:00.204+0000] {processor.py:830} INFO - Processing file /home/airflow/.local/lib/python3.8/site-packages/airflow/example_dags/tutorial_taskflow_api.py for tasks to queue
[2026-04-21T05:11:00.206+0000] {logging_mixin.py:188} INFO - [2026-04-21T05:11:00.206+0000] {dagbag.py:538} INFO - Filling up the DagBag from /home/airflow/.local/lib/python3.8/site-packages/airflow/example_dags/tutorial_taskflow_api.py
[2026-04-21T05:11:00.214+0000] {processor.py:840} INFO - DAG(s) 'tutorial_taskflow_api' retrieved from /home/airflow/.local/lib/python3.8/site-packages/airflow/example_dags/tutorial_taskflow_api.py
[2026-04-21T05:11:00.240+0000] {logging_mixin.py:188} INFO - [2026-04-21T05:11:00.239+0000] {dag.py:3036} INFO - Sync 1 DAGs
[2026-04-21T05:11:00.255+0000] {logging_mixin.py:188} INFO - [2026-04-21T05:11:00.255+0000] {dag.py:3823} INFO - Setting next_dagrun for tutorial_taskflow_api to None, run_after=None
[2026-04-21T05:11:00.282+0000] {processor.py:183} INFO - Processing /home/airflow/.local/lib/python3.8/site-packages/airflow/example_dags/tutorial_taskflow_api.py took 0.085 seconds
[2026-04-21T05:11:30.425+0000] {processor.py:161} INFO - Started process (PID=3736676) to work on /home/airflow/.local/lib/python3.8/site-packages/airflow/example_dags/tutorial_taskflow_api.py
[2026-04-21T05:11:30.427+0000] {processor.py:830} INFO - Processing file /home/airflow/.local/lib/python3.8/site-packages/airflow/example_dags/tutorial_taskflow_api.py for tasks to queue
[2026-04-21T05:11:30.430+0000] {logging_mixin.py:188} INFO - [2026-04-21T05:11:30.430+0000] {dagbag.py:538} INFO - Filling up the DagBag from /home/airflow/.local/lib/python3.8/site-packages/airflow/example_dags/tutorial_taskflow_api.py
[2026-04-21T05:11:30.438+0000] {processor.py:840} INFO - DAG(s) 'tutorial_taskflow_api' retrieved from /home/airflow/.local/lib/python3.8/site-packages/airflow/example_dags/tutorial_taskflow_api.py
[2026-04-21T05:11:30.468+0000] {logging_mixin.py:188} INFO - [2026-04-21T05:11:30.467+0000] {dag.py:3036} INFO - Sync 1 DAGs
[2026-04-21T05:11:30.482+0000] {logging_mixin.py:188} INFO - [2026-04-21T05:11:30.482+0000] {dag.py:3823} INFO - Setting next_dagrun for tutorial_taskflow_api to None, run_after=None
[2026-04-21T05:11:30.503+0000] {processor.py:183} INFO - Processing /home/airflow/.local/lib/python3.8/site-packages/airflow/example_dags/tutorial_taskflow_api.py took 0.083 seconds
[2026-04-21T05:12:00.650+0000] {processor.py:161} INFO - Started process (PID=3736733) to work on /home/airflow/.local/lib/python3.8/site-packages/airflow/example_dags/tutorial_taskflow_api.py
[2026-04-21T05:12:00.652+0000] {processor.py:830} INFO - Processing file /home/airflow/.local/lib/python3.8/site-packages/airflow/example_dags/tutorial_taskflow_api.py for tasks to queue
[2026-04-21T05:12:00.655+0000] {logging_mixin.py:188} INFO - [2026-04-21T05:12:00.654+0000] {dagbag.py:538} INFO - Filling up the DagBag from /home/airflow/.local/lib/python3.8/site-packages/airflow/example_dags/tutorial_taskflow_api.py
[2026-04-21T05:12:00.663+0000] {processor.py:840} INFO - DAG(s) 'tutorial_taskflow_api' retrieved from /home/airflow/.local/lib/python3.8/site-packages/airflow/example_dags/tutorial_taskflow_api.py
[2026-04-21T05:12:00.687+0000] {logging_mixin.py:188} INFO - [2026-04-21T05:12:00.687+0000] {dag.py:3036} INFO - Sync 1 DAGs
[2026-04-21T05:12:00.701+0000] {logging_mixin.py:188} INFO - [2026-04-21T05:12:00.701+0000] {dag.py:3823} INFO - Setting next_dagrun for tutorial_taskflow_api to None, run_after=None
[2026-04-21T05:12:00.720+0000] {processor.py:183} INFO - Processing /home/airflow/.local/lib/python3.8/site-packages/airflow/example_dags/tutorial_taskflow_api.py took 0.074 seconds
[2026-04-21T05:12:31.012+0000] {processor.py:161} INFO - Started process (PID=3736790) to work on /home/airflow/.local/lib/python3.8/site-packages/airflow/example_dags/tutorial_taskflow_api.py
[2026-04-21T05:12:31.014+0000] {processor.py:830} INFO - Processing file /home/airflow/.local/lib/python3.8/site-packages/airflow/example_dags/tutorial_taskflow_api.py for tasks to queue
[2026-04-21T05:12:31.016+0000] {logging_mixin.py:188} INFO - [2026-04-21T05:12:31.016+0000] {dagbag.py:538} INFO - Filling up the DagBag from /home/airflow/.local/lib/python3.8/site-packages/airflow/example_dags/tutorial_taskflow_api.py
[2026-04-21T05:12:31.024+0000] {processor.py:840} INFO - DAG(s) 'tutorial_taskflow_api' retrieved from /home/airflow/.local/lib/python3.8/site-packages/airflow/example_dags/tutorial_taskflow_api.py
[2026-04-21T05:12:31.051+0000] {logging_mixin.py:188} INFO - [2026-04-21T05:12:31.051+0000] {dag.py:3036} INFO - Sync 1 DAGs
[2026-04-21T05:12:31.065+0000] {logging_mixin.py:188} INFO - [2026-04-21T05:12:31.065+0000] {dag.py:3823} INFO - Setting next_dagrun for tutorial_taskflow_api to None, run_after=None
[2026-04-21T05:12:31.085+0000] {processor.py:183} INFO - Processing /home/airflow/.local/lib/python3.8/site-packages/airflow/example_dags/tutorial_taskflow_api.py took 0.078 seconds
[2026-04-21T05:13:01.278+0000] {processor.py:161} INFO - Started process (PID=3736847) to work on /home/airflow/.local/lib/python3.8/site-packages/airflow/example_dags/tutorial_taskflow_api.py
[2026-04-21T05:13:01.279+0000] {processor.py:830} INFO - Processing file /home/airflow/.local/lib/python3.8/site-packages/airflow/example_dags/tutorial_taskflow_api.py for tasks to queue
[2026-04-21T05:13:01.282+0000] {logging_mixin.py:188} INFO - [2026-04-21T05:13:01.281+0000] {dagbag.py:538} INFO - Filling up the DagBag from /home/airflow/.local/lib/python3.8/site-packages/airflow/example_dags/tutorial_taskflow_api.py
[2026-04-21T05:13:01.290+0000] {processor.py:840} INFO - DAG(s) 'tutorial_taskflow_api' retrieved from /home/airflow/.local/lib/python3.8/site-packages/airflow/example_dags/tutorial_taskflow_api.py
[2026-04-21T05:13:01.315+0000] {logging_mixin.py:188} INFO - [2026-04-21T05:13:01.314+0000] {dag.py:3036} INFO - Sync 1 DAGs
[2026-04-21T05:13:01.328+0000] {logging_mixin.py:188} INFO - [2026-04-21T05:13:01.328+0000] {dag.py:3823} INFO - Setting next_dagrun for tutorial_taskflow_api to None, run_after=None
[2026-04-21T05:13:01.350+0000] {processor.py:183} INFO - Processing /home/airflow/.local/lib/python3.8/site-packages/airflow/example_dags/tutorial_taskflow_api.py took 0.077 seconds
[2026-04-21T05:13:31.545+0000] {processor.py:161} INFO - Started process (PID=3736904) to work on /home/airflow/.local/lib/python3.8/site-packages/airflow/example_dags/tutorial_taskflow_api.py
[2026-04-21T05:13:31.547+0000] {processor.py:830} INFO - Processing file /home/airflow/.local/lib/python3.8/site-packages/airflow/example_dags/tutorial_taskflow_api.py for tasks to queue
[2026-04-21T05:13:31.550+0000] {logging_mixin.py:188} INFO - [2026-04-21T05:13:31.549+0000] {dagbag.py:538} INFO - Filling up the DagBag from /home/airflow/.local/lib/python3.8/site-packages/airflow/example_dags/tutorial_taskflow_api.py
[2026-04-21T05:13:31.558+0000] {processor.py:840} INFO - DAG(s) 'tutorial_taskflow_api' retrieved from /home/airflow/.local/lib/python3.8/site-packages/airflow/example_dags/tutorial_taskflow_api.py
[2026-04-21T05:13:31.584+0000] {logging_mixin.py:188} INFO - [2026-04-21T05:13:31.583+0000] {dag.py:3036} INFO - Sync 1 DAGs
[2026-04-21T05:13:31.597+0000] {logging_mixin.py:188} INFO - [2026-04-21T05:13:31.597+0000] {dag.py:3823} INFO - Setting next_dagrun for tutorial_taskflow_api to None, run_after=None
[2026-04-21T05:13:31.616+0000] {processor.py:183} INFO - Processing /home/airflow/.local/lib/python3.8/site-packages/airflow/example_dags/tutorial_taskflow_api.py took 0.076 seconds
[2026-04-21T05:14:01.876+0000] {processor.py:161} INFO - Started process (PID=3736961) to work on /home/airflow/.local/lib/python3.8/site-packages/airflow/example_dags/tutorial_taskflow_api.py
[2026-04-21T05:14:01.878+0000] {processor.py:830} INFO - Processing file /home/airflow/.local/lib/python3.8/site-packages/airflow/example_dags/tutorial_taskflow_api.py for tasks to queue
[2026-04-21T05:14:01.880+0000] {logging_mixin.py:188} INFO - [2026-04-21T05:14:01.880+0000] {dagbag.py:538} INFO - Filling up the DagBag from /home/airflow/.local/lib/python3.8/site-packages/airflow/example_dags/tutorial_taskflow_api.py
[2026-04-21T05:14:01.889+0000] {processor.py:840} INFO - DAG(s) 'tutorial_taskflow_api' retrieved from /home/airflow/.local/lib/python3.8/site-packages/airflow/example_dags/tutorial_taskflow_api.py
[2026-04-21T05:14:01.915+0000] {logging_mixin.py:188} INFO - [2026-04-21T05:14:01.915+0000] {dag.py:3036} INFO - Sync 1 DAGs
[2026-04-21T05:14:01.929+0000] {logging_mixin.py:188} INFO - [2026-04-21T05:14:01.929+0000] {dag.py:3823} INFO - Setting next_dagrun for tutorial_taskflow_api to None, run_after=None
[2026-04-21T05:14:01.951+0000] {processor.py:183} INFO - Processing /home/airflow/.local/lib/python3.8/site-packages/airflow/example_dags/tutorial_taskflow_api.py took 0.080 seconds
[2026-04-21T05:14:32.184+0000] {processor.py:161} INFO - Started process (PID=3737018) to work on /home/airflow/.local/lib/python3.8/site-packages/airflow/example_dags/tutorial_taskflow_api.py
[2026-04-21T05:14:32.186+0000] {processor.py:830} INFO - Processing file /home/airflow/.local/lib/python3.8/site-packages/airflow/example_dags/tutorial_taskflow_api.py for tasks to queue
[2026-04-21T05:14:32.188+0000] {logging_mixin.py:188} INFO - [2026-04-21T05:14:32.188+0000] {dagbag.py:538} INFO - Filling up the DagBag from /home/airflow/.local/lib/python3.8/site-packages/airflow/example_dags/tutorial_taskflow_api.py
[2026-04-21T05:14:32.197+0000] {processor.py:840} INFO - DAG(s) 'tutorial_taskflow_api' retrieved from /home/airflow/.local/lib/python3.8/site-packages/airflow/example_dags/tutorial_taskflow_api.py
[2026-04-21T05:14:32.225+0000] {logging_mixin.py:188} INFO - [2026-04-21T05:14:32.224+0000] {dag.py:3036} INFO - Sync 1 DAGs
[2026-04-21T05:14:32.241+0000] {logging_mixin.py:188} INFO - [2026-04-21T05:14:32.241+0000] {dag.py:3823} INFO - Setting next_dagrun for tutorial_taskflow_api to None, run_after=None
[2026-04-21T05:14:32.262+0000] {processor.py:183} INFO - Processing /home/airflow/.local/lib/python3.8/site-packages/airflow/example_dags/tutorial_taskflow_api.py took 0.083 seconds
[2026-04-21T05:15:02.527+0000] {processor.py:161} INFO - Started process (PID=3737075) to work on /home/airflow/.local/lib/python3.8/site-packages/airflow/example_dags/tutorial_taskflow_api.py
[2026-04-21T05:15:02.529+0000] {processor.py:830} INFO - Processing file /home/airflow/.local/lib/python3.8/site-packages/airflow/example_dags/tutorial_taskflow_api.py for tasks to queue
[2026-04-21T05:15:02.531+0000] {logging_mixin.py:188} INFO - [2026-04-21T05:15:02.531+0000] {dagbag.py:538} INFO - Filling up the DagBag from /home/airflow/.local/lib/python3.8/site-packages/airflow/example_dags/tutorial_taskflow_api.py
[2026-04-21T05:15:02.540+0000] {processor.py:840} INFO - DAG(s) 'tutorial_taskflow_api' retrieved from /home/airflow/.local/lib/python3.8/site-packages/airflow/example_dags/tutorial_taskflow_api.py
[2026-04-21T05:15:02.565+0000] {logging_mixin.py:188} INFO - [2026-04-21T05:15:02.565+0000] {dag.py:3036} INFO - Sync 1 DAGs
[2026-04-21T05:15:02.579+0000] {logging_mixin.py:188} INFO - [2026-04-21T05:15:02.578+0000] {dag.py:3823} INFO - Setting next_dagrun for tutorial_taskflow_api to None, run_after=None
[2026-04-21T05:15:02.597+0000] {processor.py:183} INFO - Processing /home/airflow/.local/lib/python3.8/site-packages/airflow/example_dags/tutorial_taskflow_api.py took 0.075 seconds
[2026-04-21T05:15:32.797+0000] {processor.py:161} INFO - Started process (PID=3737132) to work on /home/airflow/.local/lib/python3.8/site-packages/airflow/example_dags/tutorial_taskflow_api.py
[2026-04-21T05:15:32.798+0000] {processor.py:830} INFO - Processing file /home/airflow/.local/lib/python3.8/site-packages/airflow/example_dags/tutorial_taskflow_api.py for tasks to queue
[2026-04-21T05:15:32.801+0000] {logging_mixin.py:188} INFO - [2026-04-21T05:15:32.801+0000] {dagbag.py:538} INFO - Filling up the DagBag from /home/airflow/.local/lib/python3.8/site-packages/airflow/example_dags/tutorial_taskflow_api.py
[2026-04-21T05:15:32.810+0000] {processor.py:840} INFO - DAG(s) 'tutorial_taskflow_api' retrieved from /home/airflow/.local/lib/python3.8/site-packages/airflow/example_dags/tutorial_taskflow_api.py
[2026-04-21T05:15:32.835+0000] {logging_mixin.py:188} INFO - [2026-04-21T05:15:32.835+0000] {dag.py:3036} INFO - Sync 1 DAGs
[2026-04-21T05:15:32.849+0000] {logging_mixin.py:188} INFO - [2026-04-21T05:15:32.848+0000] {dag.py:3823} INFO - Setting next_dagrun for tutorial_taskflow_api to None, run_after=None
[2026-04-21T05:15:32.869+0000] {processor.py:183} INFO - Processing /home/airflow/.local/lib/python3.8/site-packages/airflow/example_dags/tutorial_taskflow_api.py took 0.077 seconds
[2026-04-21T05:16:03.344+0000] {processor.py:161} INFO - Started process (PID=3737189) to work on /home/airflow/.local/lib/python3.8/site-packages/airflow/example_dags/tutorial_taskflow_api.py
[2026-04-21T05:16:03.346+0000] {processor.py:830} INFO - Processing file /home/airflow/.local/lib/python3.8/site-packages/airflow/example_dags/tutorial_taskflow_api.py for tasks to queue
[2026-04-21T05:16:03.349+0000] {logging_mixin.py:188} INFO - [2026-04-21T05:16:03.348+0000] {dagbag.py:538} INFO - Filling up the DagBag from /home/airflow/.local/lib/python3.8/site-packages/airflow/example_dags/tutorial_taskflow_api.py
[2026-04-21T05:16:03.357+0000] {processor.py:840} INFO - DAG(s) 'tutorial_taskflow_api' retrieved from /home/airflow/.local/lib/python3.8/site-packages/airflow/example_dags/tutorial_taskflow_api.py
[2026-04-21T05:16:03.384+0000] {logging_mixin.py:188} INFO - [2026-04-21T05:16:03.384+0000] {dag.py:3036} INFO - Sync 1 DAGs
[2026-04-21T05:16:03.400+0000] {logging_mixin.py:188} INFO - [2026-04-21T05:16:03.400+0000] {dag.py:3823} INFO - Setting next_dagrun for tutorial_taskflow_api to None, run_after=None
[2026-04-21T05:16:03.422+0000] {processor.py:183} INFO - Processing /home/airflow/.local/lib/python3.8/site-packages/airflow/example_dags/tutorial_taskflow_api.py took 0.083 seconds
[2026-04-21T05:16:33.495+0000] {processor.py:161} INFO - Started process (PID=3737244) to work on /home/airflow/.local/lib/python3.8/site-packages/airflow/example_dags/tutorial_taskflow_api.py
[2026-04-21T05:16:33.498+0000] {processor.py:830} INFO - Processing file /home/airflow/.local/lib/python3.8/site-packages/airflow/example_dags/tutorial_taskflow_api.py for tasks to queue
[2026-04-21T05:16:33.501+0000] {logging_mixin.py:188} INFO - [2026-04-21T05:16:33.501+0000] {dagbag.py:538} INFO - Filling up the DagBag from /home/airflow/.local/lib/python3.8/site-packages/airflow/example_dags/tutorial_taskflow_api.py
[2026-04-21T05:16:33.512+0000] {processor.py:840} INFO - DAG(s) 'tutorial_taskflow_api' retrieved from /home/airflow/.local/lib/python3.8/site-packages/airflow/example_dags/tutorial_taskflow_api.py
[2026-04-21T05:16:33.544+0000] {logging_mixin.py:188} INFO - [2026-04-21T05:16:33.544+0000] {dag.py:3036} INFO - Sync 1 DAGs
[2026-04-21T05:16:33.567+0000] {logging_mixin.py:188} INFO - [2026-04-21T05:16:33.567+0000] {dag.py:3823} INFO - Setting next_dagrun for tutorial_taskflow_api to None, run_after=None
[2026-04-21T05:16:33.590+0000] {processor.py:183} INFO - Processing /home/airflow/.local/lib/python3.8/site-packages/airflow/example_dags/tutorial_taskflow_api.py took 0.101 seconds
[2026-04-21T05:17:04.248+0000] {processor.py:161} INFO - Started process (PID=3737307) to work on /home/airflow/.local/lib/python3.8/site-packages/airflow/example_dags/tutorial_taskflow_api.py
[2026-04-21T05:17:04.250+0000] {processor.py:830} INFO - Processing file /home/airflow/.local/lib/python3.8/site-packages/airflow/example_dags/tutorial_taskflow_api.py for tasks to queue
[2026-04-21T05:17:04.252+0000] {logging_mixin.py:188} INFO - [2026-04-21T05:17:04.252+0000] {dagbag.py:538} INFO - Filling up the DagBag from /home/airflow/.local/lib/python3.8/site-packages/airflow/example_dags/tutorial_taskflow_api.py
[2026-04-21T05:17:04.261+0000] {processor.py:840} INFO - DAG(s) 'tutorial_taskflow_api' retrieved from /home/airflow/.local/lib/python3.8/site-packages/airflow/example_dags/tutorial_taskflow_api.py
[2026-04-21T05:17:04.286+0000] {logging_mixin.py:188} INFO - [2026-04-21T05:17:04.286+0000] {dag.py:3036} INFO - Sync 1 DAGs
[2026-04-21T05:17:04.301+0000] {logging_mixin.py:188} INFO - [2026-04-21T05:17:04.301+0000] {dag.py:3823} INFO - Setting next_dagrun for tutorial_taskflow_api to None, run_after=None
[2026-04-21T05:17:04.323+0000] {processor.py:183} INFO - Processing /home/airflow/.local/lib/python3.8/site-packages/airflow/example_dags/tutorial_taskflow_api.py took 0.079 seconds
[2026-04-21T05:17:34.412+0000] {processor.py:161} INFO - Started process (PID=3737362) to work on /home/airflow/.local/lib/python3.8/site-packages/airflow/example_dags/tutorial_taskflow_api.py
[2026-04-21T05:17:34.415+0000] {processor.py:830} INFO - Processing file /home/airflow/.local/lib/python3.8/site-packages/airflow/example_dags/tutorial_taskflow_api.py for tasks to queue
[2026-04-21T05:17:34.418+0000] {logging_mixin.py:188} INFO - [2026-04-21T05:17:34.417+0000] {dagbag.py:538} INFO - Filling up the DagBag from /home/airflow/.local/lib/python3.8/site-packages/airflow/example_dags/tutorial_taskflow_api.py
[2026-04-21T05:17:34.429+0000] {processor.py:840} INFO - DAG(s) 'tutorial_taskflow_api' retrieved from /home/airflow/.local/lib/python3.8/site-packages/airflow/example_dags/tutorial_taskflow_api.py
[2026-04-21T05:17:34.462+0000] {logging_mixin.py:188} INFO - [2026-04-21T05:17:34.461+0000] {dag.py:3036} INFO - Sync 1 DAGs
[2026-04-21T05:17:34.480+0000] {logging_mixin.py:188} INFO - [2026-04-21T05:17:34.480+0000] {dag.py:3823} INFO - Setting next_dagrun for tutorial_taskflow_api to None, run_after=None
[2026-04-21T05:17:34.499+0000] {processor.py:183} INFO - Processing /home/airflow/.local/lib/python3.8/site-packages/airflow/example_dags/tutorial_taskflow_api.py took 0.093 seconds
[2026-04-21T05:18:04.650+0000] {processor.py:161} INFO - Started process (PID=3737419) to work on /home/airflow/.local/lib/python3.8/site-packages/airflow/example_dags/tutorial_taskflow_api.py
[2026-04-21T05:18:04.652+0000] {processor.py:830} INFO - Processing file /home/airflow/.local/lib/python3.8/site-packages/airflow/example_dags/tutorial_taskflow_api.py for tasks to queue
[2026-04-21T05:18:04.655+0000] {logging_mixin.py:188} INFO - [2026-04-21T05:18:04.654+0000] {dagbag.py:538} INFO - Filling up the DagBag from /home/airflow/.local/lib/python3.8/site-packages/airflow/example_dags/tutorial_taskflow_api.py
[2026-04-21T05:18:04.663+0000] {processor.py:840} INFO - DAG(s) 'tutorial_taskflow_api' retrieved from /home/airflow/.local/lib/python3.8/site-packages/airflow/example_dags/tutorial_taskflow_api.py
[2026-04-21T05:18:04.689+0000] {logging_mixin.py:188} INFO - [2026-04-21T05:18:04.689+0000] {dag.py:3036} INFO - Sync 1 DAGs
[2026-04-21T05:18:04.703+0000] {logging_mixin.py:188} INFO - [2026-04-21T05:18:04.703+0000] {dag.py:3823} INFO - Setting next_dagrun for tutorial_taskflow_api to None, run_after=None
[2026-04-21T05:18:04.723+0000] {processor.py:183} INFO - Processing /home/airflow/.local/lib/python3.8/site-packages/airflow/example_dags/tutorial_taskflow_api.py took 0.078 seconds
[2026-04-21T05:18:34.925+0000] {processor.py:161} INFO - Started process (PID=3737476) to work on /home/airflow/.local/lib/python3.8/site-packages/airflow/example_dags/tutorial_taskflow_api.py
[2026-04-21T05:18:34.927+0000] {processor.py:830} INFO - Processing file /home/airflow/.local/lib/python3.8/site-packages/airflow/example_dags/tutorial_taskflow_api.py for tasks to queue
[2026-04-21T05:18:34.930+0000] {logging_mixin.py:188} INFO - [2026-04-21T05:18:34.929+0000] {dagbag.py:538} INFO - Filling up the DagBag from /home/airflow/.local/lib/python3.8/site-packages/airflow/example_dags/tutorial_taskflow_api.py
[2026-04-21T05:18:34.938+0000] {processor.py:840} INFO - DAG(s) 'tutorial_taskflow_api' retrieved from /home/airflow/.local/lib/python3.8/site-packages/airflow/example_dags/tutorial_taskflow_api.py
[2026-04-21T05:18:34.963+0000] {logging_mixin.py:188} INFO - [2026-04-21T05:18:34.963+0000] {dag.py:3036} INFO - Sync 1 DAGs
[2026-04-21T05:18:34.978+0000] {logging_mixin.py:188} INFO - [2026-04-21T05:18:34.977+0000] {dag.py:3823} INFO - Setting next_dagrun for tutorial_taskflow_api to None, run_after=None
[2026-04-21T05:18:34.997+0000] {processor.py:183} INFO - Processing /home/airflow/.local/lib/python3.8/site-packages/airflow/example_dags/tutorial_taskflow_api.py took 0.077 seconds
[2026-04-21T05:19:05.192+0000] {processor.py:161} INFO - Started process (PID=3737533) to work on /home/airflow/.local/lib/python3.8/site-packages/airflow/example_dags/tutorial_taskflow_api.py
[2026-04-21T05:19:05.194+0000] {processor.py:830} INFO - Processing file /home/airflow/.local/lib/python3.8/site-packages/airflow/example_dags/tutorial_taskflow_api.py for tasks to queue
[2026-04-21T05:19:05.196+0000] {logging_mixin.py:188} INFO - [2026-04-21T05:19:05.196+0000] {dagbag.py:538} INFO - Filling up the DagBag from /home/airflow/.local/lib/python3.8/site-packages/airflow/example_dags/tutorial_taskflow_api.py
[2026-04-21T05:19:05.205+0000] {processor.py:840} INFO - DAG(s) 'tutorial_taskflow_api' retrieved from /home/airflow/.local/lib/python3.8/site-packages/airflow/example_dags/tutorial_taskflow_api.py
[2026-04-21T05:19:05.232+0000] {logging_mixin.py:188} INFO - [2026-04-21T05:19:05.232+0000] {dag.py:3036} INFO - Sync 1 DAGs
[2026-04-21T05:19:05.246+0000] {logging_mixin.py:188} INFO - [2026-04-21T05:19:05.246+0000] {dag.py:3823} INFO - Setting next_dagrun for tutorial_taskflow_api to None, run_after=None
[2026-04-21T05:19:05.266+0000] {processor.py:183} INFO - Processing /home/airflow/.local/lib/python3.8/site-packages/airflow/example_dags/tutorial_taskflow_api.py took 0.079 seconds
[2026-04-21T05:19:35.459+0000] {processor.py:161} INFO - Started process (PID=3737590) to work on /home/airflow/.local/lib/python3.8/site-packages/airflow/example_dags/tutorial_taskflow_api.py
[2026-04-21T05:19:35.461+0000] {processor.py:830} INFO - Processing file /home/airflow/.local/lib/python3.8/site-packages/airflow/example_dags/tutorial_taskflow_api.py for tasks to queue
[2026-04-21T05:19:35.463+0000] {logging_mixin.py:188} INFO - [2026-04-21T05:19:35.463+0000] {dagbag.py:538} INFO - Filling up the DagBag from /home/airflow/.local/lib/python3.8/site-packages/airflow/example_dags/tutorial_taskflow_api.py
[2026-04-21T05:19:35.471+0000] {processor.py:840} INFO - DAG(s) 'tutorial_taskflow_api' retrieved from /home/airflow/.local/lib/python3.8/site-packages/airflow/example_dags/tutorial_taskflow_api.py
[2026-04-21T05:19:35.497+0000] {logging_mixin.py:188} INFO - [2026-04-21T05:19:35.497+0000] {dag.py:3036} INFO - Sync 1 DAGs
[2026-04-21T05:19:35.512+0000] {logging_mixin.py:188} INFO - [2026-04-21T05:19:35.512+0000] {dag.py:3823} INFO - Setting next_dagrun for tutorial_taskflow_api to None, run_after=None
[2026-04-21T05:19:35.541+0000] {processor.py:183} INFO - Processing /home/airflow/.local/lib/python3.8/site-packages/airflow/example_dags/tutorial_taskflow_api.py took 0.087 seconds
[2026-04-21T05:20:05.733+0000] {processor.py:161} INFO - Started process (PID=3737647) to work on /home/airflow/.local/lib/python3.8/site-packages/airflow/example_dags/tutorial_taskflow_api.py
[2026-04-21T05:20:05.735+0000] {processor.py:830} INFO - Processing file /home/airflow/.local/lib/python3.8/site-packages/airflow/example_dags/tutorial_taskflow_api.py for tasks to queue
[2026-04-21T05:20:05.737+0000] {logging_mixin.py:188} INFO - [2026-04-21T05:20:05.737+0000] {dagbag.py:538} INFO - Filling up the DagBag from /home/airflow/.local/lib/python3.8/site-packages/airflow/example_dags/tutorial_taskflow_api.py
[2026-04-21T05:20:05.745+0000] {processor.py:840} INFO - DAG(s) 'tutorial_taskflow_api' retrieved from /home/airflow/.local/lib/python3.8/site-packages/airflow/example_dags/tutorial_taskflow_api.py
[2026-04-21T05:20:05.769+0000] {logging_mixin.py:188} INFO - [2026-04-21T05:20:05.769+0000] {dag.py:3036} INFO - Sync 1 DAGs
[2026-04-21T05:20:05.783+0000] {logging_mixin.py:188} INFO - [2026-04-21T05:20:05.783+0000] {dag.py:3823} INFO - Setting next_dagrun for tutorial_taskflow_api to None, run_after=None
[2026-04-21T05:20:05.802+0000] {processor.py:183} INFO - Processing /home/airflow/.local/lib/python3.8/site-packages/airflow/example_dags/tutorial_taskflow_api.py took 0.074 seconds
[2026-04-21T05:20:36.165+0000] {processor.py:161} INFO - Started process (PID=3737704) to work on /home/airflow/.local/lib/python3.8/site-packages/airflow/example_dags/tutorial_taskflow_api.py
[2026-04-21T05:20:36.167+0000] {processor.py:830} INFO - Processing file /home/airflow/.local/lib/python3.8/site-packages/airflow/example_dags/tutorial_taskflow_api.py for tasks to queue
[2026-04-21T05:20:36.169+0000] {logging_mixin.py:188} INFO - [2026-04-21T05:20:36.169+0000] {dagbag.py:538} INFO - Filling up the DagBag from /home/airflow/.local/lib/python3.8/site-packages/airflow/example_dags/tutorial_taskflow_api.py
[2026-04-21T05:20:36.178+0000] {processor.py:840} INFO - DAG(s) 'tutorial_taskflow_api' retrieved from /home/airflow/.local/lib/python3.8/site-packages/airflow/example_dags/tutorial_taskflow_api.py
[2026-04-21T05:20:36.203+0000] {logging_mixin.py:188} INFO - [2026-04-21T05:20:36.203+0000] {dag.py:3036} INFO - Sync 1 DAGs
[2026-04-21T05:20:36.218+0000] {logging_mixin.py:188} INFO - [2026-04-21T05:20:36.218+0000] {dag.py:3823} INFO - Setting next_dagrun for tutorial_taskflow_api to None, run_after=None
[2026-04-21T05:20:36.239+0000] {processor.py:183} INFO - Processing /home/airflow/.local/lib/python3.8/site-packages/airflow/example_dags/tutorial_taskflow_api.py took 0.079 seconds
[2026-04-21T05:21:06.526+0000] {processor.py:161} INFO - Started process (PID=3737761) to work on /home/airflow/.local/lib/python3.8/site-packages/airflow/example_dags/tutorial_taskflow_api.py
[2026-04-21T05:21:06.527+0000] {processor.py:830} INFO - Processing file /home/airflow/.local/lib/python3.8/site-packages/airflow/example_dags/tutorial_taskflow_api.py for tasks to queue
[2026-04-21T05:21:06.530+0000] {logging_mixin.py:188} INFO - [2026-04-21T05:21:06.529+0000] {dagbag.py:538} INFO - Filling up the DagBag from /home/airflow/.local/lib/python3.8/site-packages/airflow/example_dags/tutorial_taskflow_api.py
[2026-04-21T05:21:06.538+0000] {processor.py:840} INFO - DAG(s) 'tutorial_taskflow_api' retrieved from /home/airflow/.local/lib/python3.8/site-packages/airflow/example_dags/tutorial_taskflow_api.py
[2026-04-21T05:21:06.563+0000] {logging_mixin.py:188} INFO - [2026-04-21T05:21:06.562+0000] {dag.py:3036} INFO - Sync 1 DAGs
[2026-04-21T05:21:06.577+0000] {logging_mixin.py:188} INFO - [2026-04-21T05:21:06.577+0000] {dag.py:3823} INFO - Setting next_dagrun for tutorial_taskflow_api to None, run_after=None
[2026-04-21T05:21:06.604+0000] {processor.py:183} INFO - Processing /home/airflow/.local/lib/python3.8/site-packages/airflow/example_dags/tutorial_taskflow_api.py took 0.083 seconds
[2026-04-21T05:21:36.910+0000] {processor.py:161} INFO - Started process (PID=3737818) to work on /home/airflow/.local/lib/python3.8/site-packages/airflow/example_dags/tutorial_taskflow_api.py
[2026-04-21T05:21:36.912+0000] {processor.py:830} INFO - Processing file /home/airflow/.local/lib/python3.8/site-packages/airflow/example_dags/tutorial_taskflow_api.py for tasks to queue
[2026-04-21T05:21:36.914+0000] {logging_mixin.py:188} INFO - [2026-04-21T05:21:36.914+0000] {dagbag.py:538} INFO - Filling up the DagBag from /home/airflow/.local/lib/python3.8/site-packages/airflow/example_dags/tutorial_taskflow_api.py
[2026-04-21T05:21:36.922+0000] {processor.py:840} INFO - DAG(s) 'tutorial_taskflow_api' retrieved from /home/airflow/.local/lib/python3.8/site-packages/airflow/example_dags/tutorial_taskflow_api.py
[2026-04-21T05:21:36.955+0000] {logging_mixin.py:188} INFO - [2026-04-21T05:21:36.954+0000] {dag.py:3036} INFO - Sync 1 DAGs
[2026-04-21T05:21:36.976+0000] {logging_mixin.py:188} INFO - [2026-04-21T05:21:36.976+0000] {dag.py:3823} INFO - Setting next_dagrun for tutorial_taskflow_api to None, run_after=None
[2026-04-21T05:21:37.003+0000] {processor.py:183} INFO - Processing /home/airflow/.local/lib/python3.8/site-packages/airflow/example_dags/tutorial_taskflow_api.py took 0.098 seconds
[2026-04-21T05:22:07.376+0000] {processor.py:161} INFO - Started process (PID=3737876) to work on /home/airflow/.local/lib/python3.8/site-packages/airflow/example_dags/tutorial_taskflow_api.py
[2026-04-21T05:22:07.378+0000] {processor.py:830} INFO - Processing file /home/airflow/.local/lib/python3.8/site-packages/airflow/example_dags/tutorial_taskflow_api.py for tasks to queue
[2026-04-21T05:22:07.381+0000] {logging_mixin.py:188} INFO - [2026-04-21T05:22:07.381+0000] {dagbag.py:538} INFO - Filling up the DagBag from /home/airflow/.local/lib/python3.8/site-packages/airflow/example_dags/tutorial_taskflow_api.py
[2026-04-21T05:22:07.390+0000] {processor.py:840} INFO - DAG(s) 'tutorial_taskflow_api' retrieved from /home/airflow/.local/lib/python3.8/site-packages/airflow/example_dags/tutorial_taskflow_api.py
[2026-04-21T05:22:07.415+0000] {logging_mixin.py:188} INFO - [2026-04-21T05:22:07.415+0000] {dag.py:3036} INFO - Sync 1 DAGs
[2026-04-21T05:22:07.429+0000] {logging_mixin.py:188} INFO - [2026-04-21T05:22:07.429+0000] {dag.py:3823} INFO - Setting next_dagrun for tutorial_taskflow_api to None, run_after=None
[2026-04-21T05:22:07.448+0000] {processor.py:183} INFO - Processing /home/airflow/.local/lib/python3.8/site-packages/airflow/example_dags/tutorial_taskflow_api.py took 0.077 seconds
[2026-04-21T05:22:37.901+0000] {processor.py:161} INFO - Started process (PID=3737933) to work on /home/airflow/.local/lib/python3.8/site-packages/airflow/example_dags/tutorial_taskflow_api.py
[2026-04-21T05:22:37.903+0000] {processor.py:830} INFO - Processing file /home/airflow/.local/lib/python3.8/site-packages/airflow/example_dags/tutorial_taskflow_api.py for tasks to queue
[2026-04-21T05:22:37.905+0000] {logging_mixin.py:188} INFO - [2026-04-21T05:22:37.905+0000] {dagbag.py:538} INFO - Filling up the DagBag from /home/airflow/.local/lib/python3.8/site-packages/airflow/example_dags/tutorial_taskflow_api.py
[2026-04-21T05:22:37.913+0000] {processor.py:840} INFO - DAG(s) 'tutorial_taskflow_api' retrieved from /home/airflow/.local/lib/python3.8/site-packages/airflow/example_dags/tutorial_taskflow_api.py
[2026-04-21T05:22:37.938+0000] {logging_mixin.py:188} INFO - [2026-04-21T05:22:37.938+0000] {dag.py:3036} INFO - Sync 1 DAGs
[2026-04-21T05:22:37.953+0000] {logging_mixin.py:188} INFO - [2026-04-21T05:22:37.953+0000] {dag.py:3823} INFO - Setting next_dagrun for tutorial_taskflow_api to None, run_after=None
[2026-04-21T05:22:37.972+0000] {processor.py:183} INFO - Processing /home/airflow/.local/lib/python3.8/site-packages/airflow/example_dags/tutorial_taskflow_api.py took 0.076 seconds
[2026-04-21T05:23:08.067+0000] {processor.py:161} INFO - Started process (PID=3737990) to work on /home/airflow/.local/lib/python3.8/site-packages/airflow/example_dags/tutorial_taskflow_api.py
[2026-04-21T05:23:08.068+0000] {processor.py:830} INFO - Processing file /home/airflow/.local/lib/python3.8/site-packages/airflow/example_dags/tutorial_taskflow_api.py for tasks to queue
[2026-04-21T05:23:08.071+0000] {logging_mixin.py:188} INFO - [2026-04-21T05:23:08.070+0000] {dagbag.py:538} INFO - Filling up the DagBag from /home/airflow/.local/lib/python3.8/site-packages/airflow/example_dags/tutorial_taskflow_api.py
[2026-04-21T05:23:08.079+0000] {processor.py:840} INFO - DAG(s) 'tutorial_taskflow_api' retrieved from /home/airflow/.local/lib/python3.8/site-packages/airflow/example_dags/tutorial_taskflow_api.py
[2026-04-21T05:23:08.104+0000] {logging_mixin.py:188} INFO - [2026-04-21T05:23:08.103+0000] {dag.py:3036} INFO - Sync 1 DAGs
[2026-04-21T05:23:08.118+0000] {logging_mixin.py:188} INFO - [2026-04-21T05:23:08.118+0000] {dag.py:3823} INFO - Setting next_dagrun for tutorial_taskflow_api to None, run_after=None
[2026-04-21T05:23:08.142+0000] {processor.py:183} INFO - Processing /home/airflow/.local/lib/python3.8/site-packages/airflow/example_dags/tutorial_taskflow_api.py took 0.080 seconds
[2026-04-21T05:23:38.759+0000] {processor.py:161} INFO - Started process (PID=3738047) to work on /home/airflow/.local/lib/python3.8/site-packages/airflow/example_dags/tutorial_taskflow_api.py
[2026-04-21T05:23:38.761+0000] {processor.py:830} INFO - Processing file /home/airflow/.local/lib/python3.8/site-packages/airflow/example_dags/tutorial_taskflow_api.py for tasks to queue
[2026-04-21T05:23:38.763+0000] {logging_mixin.py:188} INFO - [2026-04-21T05:23:38.763+0000] {dagbag.py:538} INFO - Filling up the DagBag from /home/airflow/.local/lib/python3.8/site-packages/airflow/example_dags/tutorial_taskflow_api.py
[2026-04-21T05:23:38.772+0000] {processor.py:840} INFO - DAG(s) 'tutorial_taskflow_api' retrieved from /home/airflow/.local/lib/python3.8/site-packages/airflow/example_dags/tutorial_taskflow_api.py
[2026-04-21T05:23:38.796+0000] {logging_mixin.py:188} INFO - [2026-04-21T05:23:38.796+0000] {dag.py:3036} INFO - Sync 1 DAGs
[2026-04-21T05:23:38.810+0000] {logging_mixin.py:188} INFO - [2026-04-21T05:23:38.810+0000] {dag.py:3823} INFO - Setting next_dagrun for tutorial_taskflow_api to None, run_after=None
[2026-04-21T05:23:38.829+0000] {processor.py:183} INFO - Processing /home/airflow/.local/lib/python3.8/site-packages/airflow/example_dags/tutorial_taskflow_api.py took 0.075 seconds
[2026-04-21T05:24:09.584+0000] {processor.py:161} INFO - Started process (PID=3738104) to work on /home/airflow/.local/lib/python3.8/site-packages/airflow/example_dags/tutorial_taskflow_api.py
[2026-04-21T05:24:09.586+0000] {processor.py:830} INFO - Processing file /home/airflow/.local/lib/python3.8/site-packages/airflow/example_dags/tutorial_taskflow_api.py for tasks to queue
[2026-04-21T05:24:09.589+0000] {logging_mixin.py:188} INFO - [2026-04-21T05:24:09.588+0000] {dagbag.py:538} INFO - Filling up the DagBag from /home/airflow/.local/lib/python3.8/site-packages/airflow/example_dags/tutorial_taskflow_api.py
[2026-04-21T05:24:09.597+0000] {processor.py:840} INFO - DAG(s) 'tutorial_taskflow_api' retrieved from /home/airflow/.local/lib/python3.8/site-packages/airflow/example_dags/tutorial_taskflow_api.py
[2026-04-21T05:24:09.623+0000] {logging_mixin.py:188} INFO - [2026-04-21T05:24:09.622+0000] {dag.py:3036} INFO - Sync 1 DAGs
[2026-04-21T05:24:09.637+0000] {logging_mixin.py:188} INFO - [2026-04-21T05:24:09.637+0000] {dag.py:3823} INFO - Setting next_dagrun for tutorial_taskflow_api to None, run_after=None
[2026-04-21T05:24:09.856+0000] {processor.py:183} INFO - Processing /home/airflow/.local/lib/python3.8/site-packages/airflow/example_dags/tutorial_taskflow_api.py took 0.277 seconds
[2026-04-21T05:24:40.007+0000] {processor.py:161} INFO - Started process (PID=3738161) to work on /home/airflow/.local/lib/python3.8/site-packages/airflow/example_dags/tutorial_taskflow_api.py
[2026-04-21T05:24:40.009+0000] {processor.py:830} INFO - Processing file /home/airflow/.local/lib/python3.8/site-packages/airflow/example_dags/tutorial_taskflow_api.py for tasks to queue
[2026-04-21T05:24:40.011+0000] {logging_mixin.py:188} INFO - [2026-04-21T05:24:40.011+0000] {dagbag.py:538} INFO - Filling up the DagBag from /home/airflow/.local/lib/python3.8/site-packages/airflow/example_dags/tutorial_taskflow_api.py
[2026-04-21T05:24:40.019+0000] {processor.py:840} INFO - DAG(s) 'tutorial_taskflow_api' retrieved from /home/airflow/.local/lib/python3.8/site-packages/airflow/example_dags/tutorial_taskflow_api.py
[2026-04-21T05:24:40.044+0000] {logging_mixin.py:188} INFO - [2026-04-21T05:24:40.044+0000] {dag.py:3036} INFO - Sync 1 DAGs
[2026-04-21T05:24:40.058+0000] {logging_mixin.py:188} INFO - [2026-04-21T05:24:40.058+0000] {dag.py:3823} INFO - Setting next_dagrun for tutorial_taskflow_api to None, run_after=None
[2026-04-21T05:24:40.078+0000] {processor.py:183} INFO - Processing /home/airflow/.local/lib/python3.8/site-packages/airflow/example_dags/tutorial_taskflow_api.py took 0.076 seconds
[2026-04-21T05:25:10.506+0000] {processor.py:161} INFO - Started process (PID=3738219) to work on /home/airflow/.local/lib/python3.8/site-packages/airflow/example_dags/tutorial_taskflow_api.py
[2026-04-21T05:25:10.508+0000] {processor.py:830} INFO - Processing file /home/airflow/.local/lib/python3.8/site-packages/airflow/example_dags/tutorial_taskflow_api.py for tasks to queue
[2026-04-21T05:25:10.510+0000] {logging_mixin.py:188} INFO - [2026-04-21T05:25:10.510+0000] {dagbag.py:538} INFO - Filling up the DagBag from /home/airflow/.local/lib/python3.8/site-packages/airflow/example_dags/tutorial_taskflow_api.py
[2026-04-21T05:25:10.519+0000] {processor.py:840} INFO - DAG(s) 'tutorial_taskflow_api' retrieved from /home/airflow/.local/lib/python3.8/site-packages/airflow/example_dags/tutorial_taskflow_api.py
[2026-04-21T05:25:10.544+0000] {logging_mixin.py:188} INFO - [2026-04-21T05:25:10.544+0000] {dag.py:3036} INFO - Sync 1 DAGs
[2026-04-21T05:25:10.558+0000] {logging_mixin.py:188} INFO - [2026-04-21T05:25:10.558+0000] {dag.py:3823} INFO - Setting next_dagrun for tutorial_taskflow_api to None, run_after=None
[2026-04-21T05:25:10.578+0000] {processor.py:183} INFO - Processing /home/airflow/.local/lib/python3.8/site-packages/airflow/example_dags/tutorial_taskflow_api.py took 0.077 seconds
[2026-04-21T05:25:40.977+0000] {processor.py:161} INFO - Started process (PID=3738276) to work on /home/airflow/.local/lib/python3.8/site-packages/airflow/example_dags/tutorial_taskflow_api.py
[2026-04-21T05:25:40.978+0000] {processor.py:830} INFO - Processing file /home/airflow/.local/lib/python3.8/site-packages/airflow/example_dags/tutorial_taskflow_api.py for tasks to queue
[2026-04-21T05:25:40.981+0000] {logging_mixin.py:188} INFO - [2026-04-21T05:25:40.980+0000] {dagbag.py:538} INFO - Filling up the DagBag from /home/airflow/.local/lib/python3.8/site-packages/airflow/example_dags/tutorial_taskflow_api.py
[2026-04-21T05:25:40.990+0000] {processor.py:840} INFO - DAG(s) 'tutorial_taskflow_api' retrieved from /home/airflow/.local/lib/python3.8/site-packages/airflow/example_dags/tutorial_taskflow_api.py
[2026-04-21T05:25:41.014+0000] {logging_mixin.py:188} INFO - [2026-04-21T05:25:41.014+0000] {dag.py:3036} INFO - Sync 1 DAGs
[2026-04-21T05:25:41.029+0000] {logging_mixin.py:188} INFO - [2026-04-21T05:25:41.028+0000] {dag.py:3823} INFO - Setting next_dagrun for tutorial_taskflow_api to None, run_after=None
[2026-04-21T05:25:41.047+0000] {processor.py:183} INFO - Processing /home/airflow/.local/lib/python3.8/site-packages/airflow/example_dags/tutorial_taskflow_api.py took 0.076 seconds
[2026-04-21T05:26:11.552+0000] {processor.py:161} INFO - Started process (PID=3738333) to work on /home/airflow/.local/lib/python3.8/site-packages/airflow/example_dags/tutorial_taskflow_api.py
[2026-04-21T05:26:11.554+0000] {processor.py:830} INFO - Processing file /home/airflow/.local/lib/python3.8/site-packages/airflow/example_dags/tutorial_taskflow_api.py for tasks to queue
[2026-04-21T05:26:11.556+0000] {logging_mixin.py:188} INFO - [2026-04-21T05:26:11.556+0000] {dagbag.py:538} INFO - Filling up the DagBag from /home/airflow/.local/lib/python3.8/site-packages/airflow/example_dags/tutorial_taskflow_api.py
[2026-04-21T05:26:11.565+0000] {processor.py:840} INFO - DAG(s) 'tutorial_taskflow_api' retrieved from /home/airflow/.local/lib/python3.8/site-packages/airflow/example_dags/tutorial_taskflow_api.py
[2026-04-21T05:26:11.589+0000] {logging_mixin.py:188} INFO - [2026-04-21T05:26:11.589+0000] {dag.py:3036} INFO - Sync 1 DAGs
[2026-04-21T05:26:11.603+0000] {logging_mixin.py:188} INFO - [2026-04-21T05:26:11.603+0000] {dag.py:3823} INFO - Setting next_dagrun for tutorial_taskflow_api to None, run_after=None
[2026-04-21T05:26:11.837+0000] {processor.py:183} INFO - Processing /home/airflow/.local/lib/python3.8/site-packages/airflow/example_dags/tutorial_taskflow_api.py took 0.290 seconds
[2026-04-21T05:26:42.720+0000] {processor.py:161} INFO - Started process (PID=3738390) to work on /home/airflow/.local/lib/python3.8/site-packages/airflow/example_dags/tutorial_taskflow_api.py
[2026-04-21T05:26:42.723+0000] {processor.py:830} INFO - Processing file /home/airflow/.local/lib/python3.8/site-packages/airflow/example_dags/tutorial_taskflow_api.py for tasks to queue
[2026-04-21T05:26:42.725+0000] {logging_mixin.py:188} INFO - [2026-04-21T05:26:42.725+0000] {dagbag.py:538} INFO - Filling up the DagBag from /home/airflow/.local/lib/python3.8/site-packages/airflow/example_dags/tutorial_taskflow_api.py
[2026-04-21T05:26:42.734+0000] {processor.py:840} INFO - DAG(s) 'tutorial_taskflow_api' retrieved from /home/airflow/.local/lib/python3.8/site-packages/airflow/example_dags/tutorial_taskflow_api.py
[2026-04-21T05:26:42.759+0000] {logging_mixin.py:188} INFO - [2026-04-21T05:26:42.758+0000] {dag.py:3036} INFO - Sync 1 DAGs
[2026-04-21T05:26:42.773+0000] {logging_mixin.py:188} INFO - [2026-04-21T05:26:42.773+0000] {dag.py:3823} INFO - Setting next_dagrun for tutorial_taskflow_api to None, run_after=None
[2026-04-21T05:26:42.793+0000] {processor.py:183} INFO - Processing /home/airflow/.local/lib/python3.8/site-packages/airflow/example_dags/tutorial_taskflow_api.py took 0.078 seconds
[2026-04-21T05:27:13.064+0000] {processor.py:161} INFO - Started process (PID=3738447) to work on /home/airflow/.local/lib/python3.8/site-packages/airflow/example_dags/tutorial_taskflow_api.py
[2026-04-21T05:27:13.066+0000] {processor.py:830} INFO - Processing file /home/airflow/.local/lib/python3.8/site-packages/airflow/example_dags/tutorial_taskflow_api.py for tasks to queue
[2026-04-21T05:27:13.069+0000] {logging_mixin.py:188} INFO - [2026-04-21T05:27:13.068+0000] {dagbag.py:538} INFO - Filling up the DagBag from /home/airflow/.local/lib/python3.8/site-packages/airflow/example_dags/tutorial_taskflow_api.py
[2026-04-21T05:27:13.079+0000] {processor.py:840} INFO - DAG(s) 'tutorial_taskflow_api' retrieved from /home/airflow/.local/lib/python3.8/site-packages/airflow/example_dags/tutorial_taskflow_api.py
[2026-04-21T05:27:13.103+0000] {logging_mixin.py:188} INFO - [2026-04-21T05:27:13.103+0000] {dag.py:3036} INFO - Sync 1 DAGs
[2026-04-21T05:27:13.118+0000] {logging_mixin.py:188} INFO - [2026-04-21T05:27:13.117+0000] {dag.py:3823} INFO - Setting next_dagrun for tutorial_taskflow_api to None, run_after=None
[2026-04-21T05:27:13.141+0000] {processor.py:183} INFO - Processing /home/airflow/.local/lib/python3.8/site-packages/airflow/example_dags/tutorial_taskflow_api.py took 0.082 seconds
[2026-04-21T05:27:43.241+0000] {processor.py:161} INFO - Started process (PID=3738504) to work on /home/airflow/.local/lib/python3.8/site-packages/airflow/example_dags/tutorial_taskflow_api.py
[2026-04-21T05:27:43.243+0000] {processor.py:830} INFO - Processing file /home/airflow/.local/lib/python3.8/site-packages/airflow/example_dags/tutorial_taskflow_api.py for tasks to queue
[2026-04-21T05:27:43.245+0000] {logging_mixin.py:188} INFO - [2026-04-21T05:27:43.245+0000] {dagbag.py:538} INFO - Filling up the DagBag from /home/airflow/.local/lib/python3.8/site-packages/airflow/example_dags/tutorial_taskflow_api.py
[2026-04-21T05:27:43.254+0000] {processor.py:840} INFO - DAG(s) 'tutorial_taskflow_api' retrieved from /home/airflow/.local/lib/python3.8/site-packages/airflow/example_dags/tutorial_taskflow_api.py
[2026-04-21T05:27:43.280+0000] {logging_mixin.py:188} INFO - [2026-04-21T05:27:43.279+0000] {dag.py:3036} INFO - Sync 1 DAGs
[2026-04-21T05:27:43.296+0000] {logging_mixin.py:188} INFO - [2026-04-21T05:27:43.295+0000] {dag.py:3823} INFO - Setting next_dagrun for tutorial_taskflow_api to None, run_after=None
[2026-04-21T05:27:43.318+0000] {processor.py:183} INFO - Processing /home/airflow/.local/lib/python3.8/site-packages/airflow/example_dags/tutorial_taskflow_api.py took 0.082 seconds
[2026-04-21T05:28:13.748+0000] {processor.py:161} INFO - Started process (PID=3738561) to work on /home/airflow/.local/lib/python3.8/site-packages/airflow/example_dags/tutorial_taskflow_api.py
[2026-04-21T05:28:13.751+0000] {processor.py:830} INFO - Processing file /home/airflow/.local/lib/python3.8/site-packages/airflow/example_dags/tutorial_taskflow_api.py for tasks to queue
[2026-04-21T05:28:13.753+0000] {logging_mixin.py:188} INFO - [2026-04-21T05:28:13.753+0000] {dagbag.py:538} INFO - Filling up the DagBag from /home/airflow/.local/lib/python3.8/site-packages/airflow/example_dags/tutorial_taskflow_api.py
[2026-04-21T05:28:13.762+0000] {processor.py:840} INFO - DAG(s) 'tutorial_taskflow_api' retrieved from /home/airflow/.local/lib/python3.8/site-packages/airflow/example_dags/tutorial_taskflow_api.py
[2026-04-21T05:28:13.789+0000] {logging_mixin.py:188} INFO - [2026-04-21T05:28:13.789+0000] {dag.py:3036} INFO - Sync 1 DAGs
[2026-04-21T05:28:13.808+0000] {logging_mixin.py:188} INFO - [2026-04-21T05:28:13.808+0000] {dag.py:3823} INFO - Setting next_dagrun for tutorial_taskflow_api to None, run_after=None
[2026-04-21T05:28:13.839+0000] {processor.py:183} INFO - Processing /home/airflow/.local/lib/python3.8/site-packages/airflow/example_dags/tutorial_taskflow_api.py took 0.096 seconds
[2026-04-21T05:28:44.263+0000] {processor.py:161} INFO - Started process (PID=3738618) to work on /home/airflow/.local/lib/python3.8/site-packages/airflow/example_dags/tutorial_taskflow_api.py
[2026-04-21T05:28:44.265+0000] {processor.py:830} INFO - Processing file /home/airflow/.local/lib/python3.8/site-packages/airflow/example_dags/tutorial_taskflow_api.py for tasks to queue
[2026-04-21T05:28:44.268+0000] {logging_mixin.py:188} INFO - [2026-04-21T05:28:44.267+0000] {dagbag.py:538} INFO - Filling up the DagBag from /home/airflow/.local/lib/python3.8/site-packages/airflow/example_dags/tutorial_taskflow_api.py
[2026-04-21T05:28:44.276+0000] {processor.py:840} INFO - DAG(s) 'tutorial_taskflow_api' retrieved from /home/airflow/.local/lib/python3.8/site-packages/airflow/example_dags/tutorial_taskflow_api.py
[2026-04-21T05:28:44.302+0000] {logging_mixin.py:188} INFO - [2026-04-21T05:28:44.302+0000] {dag.py:3036} INFO - Sync 1 DAGs
[2026-04-21T05:28:44.317+0000] {logging_mixin.py:188} INFO - [2026-04-21T05:28:44.317+0000] {dag.py:3823} INFO - Setting next_dagrun for tutorial_taskflow_api to None, run_after=None
[2026-04-21T05:28:44.338+0000] {processor.py:183} INFO - Processing /home/airflow/.local/lib/python3.8/site-packages/airflow/example_dags/tutorial_taskflow_api.py took 0.079 seconds
[2026-04-21T05:29:14.643+0000] {processor.py:161} INFO - Started process (PID=3738675) to work on /home/airflow/.local/lib/python3.8/site-packages/airflow/example_dags/tutorial_taskflow_api.py
[2026-04-21T05:29:14.646+0000] {processor.py:830} INFO - Processing file /home/airflow/.local/lib/python3.8/site-packages/airflow/example_dags/tutorial_taskflow_api.py for tasks to queue
[2026-04-21T05:29:14.648+0000] {logging_mixin.py:188} INFO - [2026-04-21T05:29:14.648+0000] {dagbag.py:538} INFO - Filling up the DagBag from /home/airflow/.local/lib/python3.8/site-packages/airflow/example_dags/tutorial_taskflow_api.py
[2026-04-21T05:29:14.657+0000] {processor.py:840} INFO - DAG(s) 'tutorial_taskflow_api' retrieved from /home/airflow/.local/lib/python3.8/site-packages/airflow/example_dags/tutorial_taskflow_api.py
[2026-04-21T05:29:14.685+0000] {logging_mixin.py:188} INFO - [2026-04-21T05:29:14.685+0000] {dag.py:3036} INFO - Sync 1 DAGs
[2026-04-21T05:29:14.700+0000] {logging_mixin.py:188} INFO - [2026-04-21T05:29:14.700+0000] {dag.py:3823} INFO - Setting next_dagrun for tutorial_taskflow_api to None, run_after=None
[2026-04-21T05:29:14.721+0000] {processor.py:183} INFO - Processing /home/airflow/.local/lib/python3.8/site-packages/airflow/example_dags/tutorial_taskflow_api.py took 0.082 seconds
[2026-04-21T05:29:44.832+0000] {processor.py:161} INFO - Started process (PID=3738732) to work on /home/airflow/.local/lib/python3.8/site-packages/airflow/example_dags/tutorial_taskflow_api.py
[2026-04-21T05:29:44.834+0000] {processor.py:830} INFO - Processing file /home/airflow/.local/lib/python3.8/site-packages/airflow/example_dags/tutorial_taskflow_api.py for tasks to queue
[2026-04-21T05:29:44.836+0000] {logging_mixin.py:188} INFO - [2026-04-21T05:29:44.836+0000] {dagbag.py:538} INFO - Filling up the DagBag from /home/airflow/.local/lib/python3.8/site-packages/airflow/example_dags/tutorial_taskflow_api.py
[2026-04-21T05:29:44.845+0000] {processor.py:840} INFO - DAG(s) 'tutorial_taskflow_api' retrieved from /home/airflow/.local/lib/python3.8/site-packages/airflow/example_dags/tutorial_taskflow_api.py
[2026-04-21T05:29:44.871+0000] {logging_mixin.py:188} INFO - [2026-04-21T05:29:44.871+0000] {dag.py:3036} INFO - Sync 1 DAGs
[2026-04-21T05:29:44.886+0000] {logging_mixin.py:188} INFO - [2026-04-21T05:29:44.885+0000] {dag.py:3823} INFO - Setting next_dagrun for tutorial_taskflow_api to None, run_after=None
[2026-04-21T05:29:44.907+0000] {processor.py:183} INFO - Processing /home/airflow/.local/lib/python3.8/site-packages/airflow/example_dags/tutorial_taskflow_api.py took 0.080 seconds
[2026-04-21T05:30:15.055+0000] {processor.py:161} INFO - Started process (PID=3738789) to work on /home/airflow/.local/lib/python3.8/site-packages/airflow/example_dags/tutorial_taskflow_api.py
[2026-04-21T05:30:15.058+0000] {processor.py:830} INFO - Processing file /home/airflow/.local/lib/python3.8/site-packages/airflow/example_dags/tutorial_taskflow_api.py for tasks to queue
[2026-04-21T05:30:15.060+0000] {logging_mixin.py:188} INFO - [2026-04-21T05:30:15.060+0000] {dagbag.py:538} INFO - Filling up the DagBag from /home/airflow/.local/lib/python3.8/site-packages/airflow/example_dags/tutorial_taskflow_api.py
[2026-04-21T05:30:15.069+0000] {processor.py:840} INFO - DAG(s) 'tutorial_taskflow_api' retrieved from /home/airflow/.local/lib/python3.8/site-packages/airflow/example_dags/tutorial_taskflow_api.py
[2026-04-21T05:30:15.094+0000] {logging_mixin.py:188} INFO - [2026-04-21T05:30:15.093+0000] {dag.py:3036} INFO - Sync 1 DAGs
[2026-04-21T05:30:15.108+0000] {logging_mixin.py:188} INFO - [2026-04-21T05:30:15.108+0000] {dag.py:3823} INFO - Setting next_dagrun for tutorial_taskflow_api to None, run_after=None
[2026-04-21T05:30:15.128+0000] {processor.py:183} INFO - Processing /home/airflow/.local/lib/python3.8/site-packages/airflow/example_dags/tutorial_taskflow_api.py took 0.077 seconds
[2026-04-21T05:30:45.788+0000] {processor.py:161} INFO - Started process (PID=3738846) to work on /home/airflow/.local/lib/python3.8/site-packages/airflow/example_dags/tutorial_taskflow_api.py
[2026-04-21T05:30:45.790+0000] {processor.py:830} INFO - Processing file /home/airflow/.local/lib/python3.8/site-packages/airflow/example_dags/tutorial_taskflow_api.py for tasks to queue
[2026-04-21T05:30:45.793+0000] {logging_mixin.py:188} INFO - [2026-04-21T05:30:45.792+0000] {dagbag.py:538} INFO - Filling up the DagBag from /home/airflow/.local/lib/python3.8/site-packages/airflow/example_dags/tutorial_taskflow_api.py
[2026-04-21T05:30:45.802+0000] {processor.py:840} INFO - DAG(s) 'tutorial_taskflow_api' retrieved from /home/airflow/.local/lib/python3.8/site-packages/airflow/example_dags/tutorial_taskflow_api.py
[2026-04-21T05:30:45.826+0000] {logging_mixin.py:188} INFO - [2026-04-21T05:30:45.826+0000] {dag.py:3036} INFO - Sync 1 DAGs
[2026-04-21T05:30:45.841+0000] {logging_mixin.py:188} INFO - [2026-04-21T05:30:45.840+0000] {dag.py:3823} INFO - Setting next_dagrun for tutorial_taskflow_api to None, run_after=None
[2026-04-21T05:30:45.860+0000] {processor.py:183} INFO - Processing /home/airflow/.local/lib/python3.8/site-packages/airflow/example_dags/tutorial_taskflow_api.py took 0.077 seconds
[2026-04-21T05:31:16.396+0000] {processor.py:161} INFO - Started process (PID=3738903) to work on /home/airflow/.local/lib/python3.8/site-packages/airflow/example_dags/tutorial_taskflow_api.py
[2026-04-21T05:31:16.398+0000] {processor.py:830} INFO - Processing file /home/airflow/.local/lib/python3.8/site-packages/airflow/example_dags/tutorial_taskflow_api.py for tasks to queue
[2026-04-21T05:31:16.400+0000] {logging_mixin.py:188} INFO - [2026-04-21T05:31:16.400+0000] {dagbag.py:538} INFO - Filling up the DagBag from /home/airflow/.local/lib/python3.8/site-packages/airflow/example_dags/tutorial_taskflow_api.py
[2026-04-21T05:31:16.409+0000] {processor.py:840} INFO - DAG(s) 'tutorial_taskflow_api' retrieved from /home/airflow/.local/lib/python3.8/site-packages/airflow/example_dags/tutorial_taskflow_api.py
[2026-04-21T05:31:16.435+0000] {logging_mixin.py:188} INFO - [2026-04-21T05:31:16.435+0000] {dag.py:3036} INFO - Sync 1 DAGs
[2026-04-21T05:31:16.450+0000] {logging_mixin.py:188} INFO - [2026-04-21T05:31:16.450+0000] {dag.py:3823} INFO - Setting next_dagrun for tutorial_taskflow_api to None, run_after=None
[2026-04-21T05:31:16.470+0000] {processor.py:183} INFO - Processing /home/airflow/.local/lib/python3.8/site-packages/airflow/example_dags/tutorial_taskflow_api.py took 0.079 seconds
[2026-04-21T05:31:47.179+0000] {processor.py:161} INFO - Started process (PID=3738960) to work on /home/airflow/.local/lib/python3.8/site-packages/airflow/example_dags/tutorial_taskflow_api.py
[2026-04-21T05:31:47.181+0000] {processor.py:830} INFO - Processing file /home/airflow/.local/lib/python3.8/site-packages/airflow/example_dags/tutorial_taskflow_api.py for tasks to queue
[2026-04-21T05:31:47.183+0000] {logging_mixin.py:188} INFO - [2026-04-21T05:31:47.183+0000] {dagbag.py:538} INFO - Filling up the DagBag from /home/airflow/.local/lib/python3.8/site-packages/airflow/example_dags/tutorial_taskflow_api.py
[2026-04-21T05:31:47.192+0000] {processor.py:840} INFO - DAG(s) 'tutorial_taskflow_api' retrieved from /home/airflow/.local/lib/python3.8/site-packages/airflow/example_dags/tutorial_taskflow_api.py
[2026-04-21T05:31:47.217+0000] {logging_mixin.py:188} INFO - [2026-04-21T05:31:47.217+0000] {dag.py:3036} INFO - Sync 1 DAGs
[2026-04-21T05:31:47.231+0000] {logging_mixin.py:188} INFO - [2026-04-21T05:31:47.231+0000] {dag.py:3823} INFO - Setting next_dagrun for tutorial_taskflow_api to None, run_after=None
[2026-04-21T05:31:47.250+0000] {processor.py:183} INFO - Processing /home/airflow/.local/lib/python3.8/site-packages/airflow/example_dags/tutorial_taskflow_api.py took 0.076 seconds
[2026-04-21T05:32:17.886+0000] {processor.py:161} INFO - Started process (PID=3739017) to work on /home/airflow/.local/lib/python3.8/site-packages/airflow/example_dags/tutorial_taskflow_api.py
[2026-04-21T05:32:17.888+0000] {processor.py:830} INFO - Processing file /home/airflow/.local/lib/python3.8/site-packages/airflow/example_dags/tutorial_taskflow_api.py for tasks to queue
[2026-04-21T05:32:17.891+0000] {logging_mixin.py:188} INFO - [2026-04-21T05:32:17.890+0000] {dagbag.py:538} INFO - Filling up the DagBag from /home/airflow/.local/lib/python3.8/site-packages/airflow/example_dags/tutorial_taskflow_api.py
[2026-04-21T05:32:17.900+0000] {processor.py:840} INFO - DAG(s) 'tutorial_taskflow_api' retrieved from /home/airflow/.local/lib/python3.8/site-packages/airflow/example_dags/tutorial_taskflow_api.py
[2026-04-21T05:32:17.924+0000] {logging_mixin.py:188} INFO - [2026-04-21T05:32:17.924+0000] {dag.py:3036} INFO - Sync 1 DAGs
[2026-04-21T05:32:17.938+0000] {logging_mixin.py:188} INFO - [2026-04-21T05:32:17.938+0000] {dag.py:3823} INFO - Setting next_dagrun for tutorial_taskflow_api to None, run_after=None
[2026-04-21T05:32:17.958+0000] {processor.py:183} INFO - Processing /home/airflow/.local/lib/python3.8/site-packages/airflow/example_dags/tutorial_taskflow_api.py took 0.077 seconds
[2026-04-21T05:32:48.630+0000] {processor.py:161} INFO - Started process (PID=3739074) to work on /home/airflow/.local/lib/python3.8/site-packages/airflow/example_dags/tutorial_taskflow_api.py
[2026-04-21T05:32:48.632+0000] {processor.py:830} INFO - Processing file /home/airflow/.local/lib/python3.8/site-packages/airflow/example_dags/tutorial_taskflow_api.py for tasks to queue
[2026-04-21T05:32:48.634+0000] {logging_mixin.py:188} INFO - [2026-04-21T05:32:48.634+0000] {dagbag.py:538} INFO - Filling up the DagBag from /home/airflow/.local/lib/python3.8/site-packages/airflow/example_dags/tutorial_taskflow_api.py
[2026-04-21T05:32:48.643+0000] {processor.py:840} INFO - DAG(s) 'tutorial_taskflow_api' retrieved from /home/airflow/.local/lib/python3.8/site-packages/airflow/example_dags/tutorial_taskflow_api.py
[2026-04-21T05:32:48.668+0000] {logging_mixin.py:188} INFO - [2026-04-21T05:32:48.667+0000] {dag.py:3036} INFO - Sync 1 DAGs
[2026-04-21T05:32:48.682+0000] {logging_mixin.py:188} INFO - [2026-04-21T05:32:48.682+0000] {dag.py:3823} INFO - Setting next_dagrun for tutorial_taskflow_api to None, run_after=None
[2026-04-21T05:32:48.701+0000] {processor.py:183} INFO - Processing /home/airflow/.local/lib/python3.8/site-packages/airflow/example_dags/tutorial_taskflow_api.py took 0.076 seconds
[2026-04-21T05:33:18.767+0000] {processor.py:161} INFO - Started process (PID=3739131) to work on /home/airflow/.local/lib/python3.8/site-packages/airflow/example_dags/tutorial_taskflow_api.py
[2026-04-21T05:33:18.769+0000] {processor.py:830} INFO - Processing file /home/airflow/.local/lib/python3.8/site-packages/airflow/example_dags/tutorial_taskflow_api.py for tasks to queue
[2026-04-21T05:33:18.771+0000] {logging_mixin.py:188} INFO - [2026-04-21T05:33:18.771+0000] {dagbag.py:538} INFO - Filling up the DagBag from /home/airflow/.local/lib/python3.8/site-packages/airflow/example_dags/tutorial_taskflow_api.py
[2026-04-21T05:33:18.781+0000] {processor.py:840} INFO - DAG(s) 'tutorial_taskflow_api' retrieved from /home/airflow/.local/lib/python3.8/site-packages/airflow/example_dags/tutorial_taskflow_api.py
[2026-04-21T05:33:18.805+0000] {logging_mixin.py:188} INFO - [2026-04-21T05:33:18.805+0000] {dag.py:3036} INFO - Sync 1 DAGs
[2026-04-21T05:33:18.819+0000] {logging_mixin.py:188} INFO - [2026-04-21T05:33:18.819+0000] {dag.py:3823} INFO - Setting next_dagrun for tutorial_taskflow_api to None, run_after=None
[2026-04-21T05:33:18.841+0000] {processor.py:183} INFO - Processing /home/airflow/.local/lib/python3.8/site-packages/airflow/example_dags/tutorial_taskflow_api.py took 0.079 seconds
[2026-04-21T05:33:48.982+0000] {processor.py:161} INFO - Started process (PID=3739187) to work on /home/airflow/.local/lib/python3.8/site-packages/airflow/example_dags/tutorial_taskflow_api.py
[2026-04-21T05:33:48.984+0000] {processor.py:830} INFO - Processing file /home/airflow/.local/lib/python3.8/site-packages/airflow/example_dags/tutorial_taskflow_api.py for tasks to queue
[2026-04-21T05:33:48.987+0000] {logging_mixin.py:188} INFO - [2026-04-21T05:33:48.986+0000] {dagbag.py:538} INFO - Filling up the DagBag from /home/airflow/.local/lib/python3.8/site-packages/airflow/example_dags/tutorial_taskflow_api.py
[2026-04-21T05:33:48.995+0000] {processor.py:840} INFO - DAG(s) 'tutorial_taskflow_api' retrieved from /home/airflow/.local/lib/python3.8/site-packages/airflow/example_dags/tutorial_taskflow_api.py
[2026-04-21T05:33:49.019+0000] {logging_mixin.py:188} INFO - [2026-04-21T05:33:49.019+0000] {dag.py:3036} INFO - Sync 1 DAGs
[2026-04-21T05:33:49.032+0000] {logging_mixin.py:188} INFO - [2026-04-21T05:33:49.032+0000] {dag.py:3823} INFO - Setting next_dagrun for tutorial_taskflow_api to None, run_after=None
[2026-04-21T05:33:49.051+0000] {processor.py:183} INFO - Processing /home/airflow/.local/lib/python3.8/site-packages/airflow/example_dags/tutorial_taskflow_api.py took 0.074 seconds
[2026-04-21T05:34:19.356+0000] {processor.py:161} INFO - Started process (PID=3739244) to work on /home/airflow/.local/lib/python3.8/site-packages/airflow/example_dags/tutorial_taskflow_api.py
[2026-04-21T05:34:19.358+0000] {processor.py:830} INFO - Processing file /home/airflow/.local/lib/python3.8/site-packages/airflow/example_dags/tutorial_taskflow_api.py for tasks to queue
[2026-04-21T05:34:19.360+0000] {logging_mixin.py:188} INFO - [2026-04-21T05:34:19.360+0000] {dagbag.py:538} INFO - Filling up the DagBag from /home/airflow/.local/lib/python3.8/site-packages/airflow/example_dags/tutorial_taskflow_api.py
[2026-04-21T05:34:19.369+0000] {processor.py:840} INFO - DAG(s) 'tutorial_taskflow_api' retrieved from /home/airflow/.local/lib/python3.8/site-packages/airflow/example_dags/tutorial_taskflow_api.py
[2026-04-21T05:34:19.392+0000] {logging_mixin.py:188} INFO - [2026-04-21T05:34:19.392+0000] {dag.py:3036} INFO - Sync 1 DAGs
[2026-04-21T05:34:19.406+0000] {logging_mixin.py:188} INFO - [2026-04-21T05:34:19.406+0000] {dag.py:3823} INFO - Setting next_dagrun for tutorial_taskflow_api to None, run_after=None
[2026-04-21T05:34:19.425+0000] {processor.py:183} INFO - Processing /home/airflow/.local/lib/python3.8/site-packages/airflow/example_dags/tutorial_taskflow_api.py took 0.075 seconds
[2026-04-21T05:34:50.193+0000] {processor.py:161} INFO - Started process (PID=3739302) to work on /home/airflow/.local/lib/python3.8/site-packages/airflow/example_dags/tutorial_taskflow_api.py
[2026-04-21T05:34:50.195+0000] {processor.py:830} INFO - Processing file /home/airflow/.local/lib/python3.8/site-packages/airflow/example_dags/tutorial_taskflow_api.py for tasks to queue
[2026-04-21T05:34:50.197+0000] {logging_mixin.py:188} INFO - [2026-04-21T05:34:50.197+0000] {dagbag.py:538} INFO - Filling up the DagBag from /home/airflow/.local/lib/python3.8/site-packages/airflow/example_dags/tutorial_taskflow_api.py
[2026-04-21T05:34:50.205+0000] {processor.py:840} INFO - DAG(s) 'tutorial_taskflow_api' retrieved from /home/airflow/.local/lib/python3.8/site-packages/airflow/example_dags/tutorial_taskflow_api.py
[2026-04-21T05:34:50.229+0000] {logging_mixin.py:188} INFO - [2026-04-21T05:34:50.229+0000] {dag.py:3036} INFO - Sync 1 DAGs
[2026-04-21T05:34:50.244+0000] {logging_mixin.py:188} INFO - [2026-04-21T05:34:50.244+0000] {dag.py:3823} INFO - Setting next_dagrun for tutorial_taskflow_api to None, run_after=None
[2026-04-21T05:34:50.263+0000] {processor.py:183} INFO - Processing /home/airflow/.local/lib/python3.8/site-packages/airflow/example_dags/tutorial_taskflow_api.py took 0.074 seconds
[2026-04-21T05:35:20.340+0000] {processor.py:161} INFO - Started process (PID=3739360) to work on /home/airflow/.local/lib/python3.8/site-packages/airflow/example_dags/tutorial_taskflow_api.py
[2026-04-21T05:35:20.342+0000] {processor.py:830} INFO - Processing file /home/airflow/.local/lib/python3.8/site-packages/airflow/example_dags/tutorial_taskflow_api.py for tasks to queue
[2026-04-21T05:35:20.344+0000] {logging_mixin.py:188} INFO - [2026-04-21T05:35:20.344+0000] {dagbag.py:538} INFO - Filling up the DagBag from /home/airflow/.local/lib/python3.8/site-packages/airflow/example_dags/tutorial_taskflow_api.py
[2026-04-21T05:35:20.353+0000] {processor.py:840} INFO - DAG(s) 'tutorial_taskflow_api' retrieved from /home/airflow/.local/lib/python3.8/site-packages/airflow/example_dags/tutorial_taskflow_api.py
[2026-04-21T05:35:20.377+0000] {logging_mixin.py:188} INFO - [2026-04-21T05:35:20.376+0000] {dag.py:3036} INFO - Sync 1 DAGs
[2026-04-21T05:35:20.390+0000] {logging_mixin.py:188} INFO - [2026-04-21T05:35:20.390+0000] {dag.py:3823} INFO - Setting next_dagrun for tutorial_taskflow_api to None, run_after=None
[2026-04-21T05:35:20.413+0000] {processor.py:183} INFO - Processing /home/airflow/.local/lib/python3.8/site-packages/airflow/example_dags/tutorial_taskflow_api.py took 0.078 seconds
[2026-04-21T05:35:50.505+0000] {processor.py:161} INFO - Started process (PID=3739416) to work on /home/airflow/.local/lib/python3.8/site-packages/airflow/example_dags/tutorial_taskflow_api.py
[2026-04-21T05:35:50.507+0000] {processor.py:830} INFO - Processing file /home/airflow/.local/lib/python3.8/site-packages/airflow/example_dags/tutorial_taskflow_api.py for tasks to queue
[2026-04-21T05:35:50.509+0000] {logging_mixin.py:188} INFO - [2026-04-21T05:35:50.509+0000] {dagbag.py:538} INFO - Filling up the DagBag from /home/airflow/.local/lib/python3.8/site-packages/airflow/example_dags/tutorial_taskflow_api.py
[2026-04-21T05:35:50.518+0000] {processor.py:840} INFO - DAG(s) 'tutorial_taskflow_api' retrieved from /home/airflow/.local/lib/python3.8/site-packages/airflow/example_dags/tutorial_taskflow_api.py
[2026-04-21T05:35:50.542+0000] {logging_mixin.py:188} INFO - [2026-04-21T05:35:50.541+0000] {dag.py:3036} INFO - Sync 1 DAGs
[2026-04-21T05:35:50.556+0000] {logging_mixin.py:188} INFO - [2026-04-21T05:35:50.555+0000] {dag.py:3823} INFO - Setting next_dagrun for tutorial_taskflow_api to None, run_after=None
[2026-04-21T05:35:50.576+0000] {processor.py:183} INFO - Processing /home/airflow/.local/lib/python3.8/site-packages/airflow/example_dags/tutorial_taskflow_api.py took 0.076 seconds
[2026-04-21T05:36:20.692+0000] {processor.py:161} INFO - Started process (PID=3739473) to work on /home/airflow/.local/lib/python3.8/site-packages/airflow/example_dags/tutorial_taskflow_api.py
[2026-04-21T05:36:20.694+0000] {processor.py:830} INFO - Processing file /home/airflow/.local/lib/python3.8/site-packages/airflow/example_dags/tutorial_taskflow_api.py for tasks to queue
[2026-04-21T05:36:20.697+0000] {logging_mixin.py:188} INFO - [2026-04-21T05:36:20.696+0000] {dagbag.py:538} INFO - Filling up the DagBag from /home/airflow/.local/lib/python3.8/site-packages/airflow/example_dags/tutorial_taskflow_api.py
[2026-04-21T05:36:20.705+0000] {processor.py:840} INFO - DAG(s) 'tutorial_taskflow_api' retrieved from /home/airflow/.local/lib/python3.8/site-packages/airflow/example_dags/tutorial_taskflow_api.py
[2026-04-21T05:36:20.729+0000] {logging_mixin.py:188} INFO - [2026-04-21T05:36:20.729+0000] {dag.py:3036} INFO - Sync 1 DAGs
[2026-04-21T05:36:20.743+0000] {logging_mixin.py:188} INFO - [2026-04-21T05:36:20.742+0000] {dag.py:3823} INFO - Setting next_dagrun for tutorial_taskflow_api to None, run_after=None
[2026-04-21T05:36:20.762+0000] {processor.py:183} INFO - Processing /home/airflow/.local/lib/python3.8/site-packages/airflow/example_dags/tutorial_taskflow_api.py took 0.074 seconds
[2026-04-21T05:36:51.042+0000] {processor.py:161} INFO - Started process (PID=3739530) to work on /home/airflow/.local/lib/python3.8/site-packages/airflow/example_dags/tutorial_taskflow_api.py
[2026-04-21T05:36:51.044+0000] {processor.py:830} INFO - Processing file /home/airflow/.local/lib/python3.8/site-packages/airflow/example_dags/tutorial_taskflow_api.py for tasks to queue
[2026-04-21T05:36:51.047+0000] {logging_mixin.py:188} INFO - [2026-04-21T05:36:51.046+0000] {dagbag.py:538} INFO - Filling up the DagBag from /home/airflow/.local/lib/python3.8/site-packages/airflow/example_dags/tutorial_taskflow_api.py
[2026-04-21T05:36:51.055+0000] {processor.py:840} INFO - DAG(s) 'tutorial_taskflow_api' retrieved from /home/airflow/.local/lib/python3.8/site-packages/airflow/example_dags/tutorial_taskflow_api.py
[2026-04-21T05:36:51.078+0000] {logging_mixin.py:188} INFO - [2026-04-21T05:36:51.078+0000] {dag.py:3036} INFO - Sync 1 DAGs
[2026-04-21T05:36:51.092+0000] {logging_mixin.py:188} INFO - [2026-04-21T05:36:51.092+0000] {dag.py:3823} INFO - Setting next_dagrun for tutorial_taskflow_api to None, run_after=None
[2026-04-21T05:36:51.111+0000] {processor.py:183} INFO - Processing /home/airflow/.local/lib/python3.8/site-packages/airflow/example_dags/tutorial_taskflow_api.py took 0.073 seconds
[2026-04-21T05:37:21.280+0000] {processor.py:161} INFO - Started process (PID=3739587) to work on /home/airflow/.local/lib/python3.8/site-packages/airflow/example_dags/tutorial_taskflow_api.py
[2026-04-21T05:37:21.282+0000] {processor.py:830} INFO - Processing file /home/airflow/.local/lib/python3.8/site-packages/airflow/example_dags/tutorial_taskflow_api.py for tasks to queue
[2026-04-21T05:37:21.285+0000] {logging_mixin.py:188} INFO - [2026-04-21T05:37:21.285+0000] {dagbag.py:538} INFO - Filling up the DagBag from /home/airflow/.local/lib/python3.8/site-packages/airflow/example_dags/tutorial_taskflow_api.py
[2026-04-21T05:37:21.294+0000] {processor.py:840} INFO - DAG(s) 'tutorial_taskflow_api' retrieved from /home/airflow/.local/lib/python3.8/site-packages/airflow/example_dags/tutorial_taskflow_api.py
[2026-04-21T05:37:21.317+0000] {logging_mixin.py:188} INFO - [2026-04-21T05:37:21.317+0000] {dag.py:3036} INFO - Sync 1 DAGs
[2026-04-21T05:37:21.332+0000] {logging_mixin.py:188} INFO - [2026-04-21T05:37:21.331+0000] {dag.py:3823} INFO - Setting next_dagrun for tutorial_taskflow_api to None, run_after=None
[2026-04-21T05:37:21.351+0000] {processor.py:183} INFO - Processing /home/airflow/.local/lib/python3.8/site-packages/airflow/example_dags/tutorial_taskflow_api.py took 0.075 seconds
[2026-04-21T05:37:51.524+0000] {processor.py:161} INFO - Started process (PID=3739644) to work on /home/airflow/.local/lib/python3.8/site-packages/airflow/example_dags/tutorial_taskflow_api.py
[2026-04-21T05:37:51.526+0000] {processor.py:830} INFO - Processing file /home/airflow/.local/lib/python3.8/site-packages/airflow/example_dags/tutorial_taskflow_api.py for tasks to queue
[2026-04-21T05:37:51.529+0000] {logging_mixin.py:188} INFO - [2026-04-21T05:37:51.528+0000] {dagbag.py:538} INFO - Filling up the DagBag from /home/airflow/.local/lib/python3.8/site-packages/airflow/example_dags/tutorial_taskflow_api.py
[2026-04-21T05:37:51.537+0000] {processor.py:840} INFO - DAG(s) 'tutorial_taskflow_api' retrieved from /home/airflow/.local/lib/python3.8/site-packages/airflow/example_dags/tutorial_taskflow_api.py
[2026-04-21T05:37:51.564+0000] {logging_mixin.py:188} INFO - [2026-04-21T05:37:51.563+0000] {dag.py:3036} INFO - Sync 1 DAGs
[2026-04-21T05:37:51.578+0000] {logging_mixin.py:188} INFO - [2026-04-21T05:37:51.577+0000] {dag.py:3823} INFO - Setting next_dagrun for tutorial_taskflow_api to None, run_after=None
[2026-04-21T05:37:51.598+0000] {processor.py:183} INFO - Processing /home/airflow/.local/lib/python3.8/site-packages/airflow/example_dags/tutorial_taskflow_api.py took 0.080 seconds
[2026-04-21T05:38:21.646+0000] {processor.py:161} INFO - Started process (PID=3739701) to work on /home/airflow/.local/lib/python3.8/site-packages/airflow/example_dags/tutorial_taskflow_api.py
[2026-04-21T05:38:21.648+0000] {processor.py:830} INFO - Processing file /home/airflow/.local/lib/python3.8/site-packages/airflow/example_dags/tutorial_taskflow_api.py for tasks to queue
[2026-04-21T05:38:21.650+0000] {logging_mixin.py:188} INFO - [2026-04-21T05:38:21.650+0000] {dagbag.py:538} INFO - Filling up the DagBag from /home/airflow/.local/lib/python3.8/site-packages/airflow/example_dags/tutorial_taskflow_api.py
[2026-04-21T05:38:21.659+0000] {processor.py:840} INFO - DAG(s) 'tutorial_taskflow_api' retrieved from /home/airflow/.local/lib/python3.8/site-packages/airflow/example_dags/tutorial_taskflow_api.py
[2026-04-21T05:38:21.682+0000] {logging_mixin.py:188} INFO - [2026-04-21T05:38:21.682+0000] {dag.py:3036} INFO - Sync 1 DAGs
[2026-04-21T05:38:21.696+0000] {logging_mixin.py:188} INFO - [2026-04-21T05:38:21.695+0000] {dag.py:3823} INFO - Setting next_dagrun for tutorial_taskflow_api to None, run_after=None
[2026-04-21T05:38:21.714+0000] {processor.py:183} INFO - Processing /home/airflow/.local/lib/python3.8/site-packages/airflow/example_dags/tutorial_taskflow_api.py took 0.073 seconds
[2026-04-21T05:38:51.813+0000] {processor.py:161} INFO - Started process (PID=3739758) to work on /home/airflow/.local/lib/python3.8/site-packages/airflow/example_dags/tutorial_taskflow_api.py
[2026-04-21T05:38:51.814+0000] {processor.py:830} INFO - Processing file /home/airflow/.local/lib/python3.8/site-packages/airflow/example_dags/tutorial_taskflow_api.py for tasks to queue
[2026-04-21T05:38:51.817+0000] {logging_mixin.py:188} INFO - [2026-04-21T05:38:51.816+0000] {dagbag.py:538} INFO - Filling up the DagBag from /home/airflow/.local/lib/python3.8/site-packages/airflow/example_dags/tutorial_taskflow_api.py
[2026-04-21T05:38:51.825+0000] {processor.py:840} INFO - DAG(s) 'tutorial_taskflow_api' retrieved from /home/airflow/.local/lib/python3.8/site-packages/airflow/example_dags/tutorial_taskflow_api.py
[2026-04-21T05:38:51.848+0000] {logging_mixin.py:188} INFO - [2026-04-21T05:38:51.848+0000] {dag.py:3036} INFO - Sync 1 DAGs
[2026-04-21T05:38:51.867+0000] {logging_mixin.py:188} INFO - [2026-04-21T05:38:51.867+0000] {dag.py:3823} INFO - Setting next_dagrun for tutorial_taskflow_api to None, run_after=None
[2026-04-21T05:38:51.886+0000] {processor.py:183} INFO - Processing /home/airflow/.local/lib/python3.8/site-packages/airflow/example_dags/tutorial_taskflow_api.py took 0.078 seconds
[2026-04-21T05:39:22.058+0000] {processor.py:161} INFO - Started process (PID=3739815) to work on /home/airflow/.local/lib/python3.8/site-packages/airflow/example_dags/tutorial_taskflow_api.py
[2026-04-21T05:39:22.060+0000] {processor.py:830} INFO - Processing file /home/airflow/.local/lib/python3.8/site-packages/airflow/example_dags/tutorial_taskflow_api.py for tasks to queue
[2026-04-21T05:39:22.062+0000] {logging_mixin.py:188} INFO - [2026-04-21T05:39:22.062+0000] {dagbag.py:538} INFO - Filling up the DagBag from /home/airflow/.local/lib/python3.8/site-packages/airflow/example_dags/tutorial_taskflow_api.py
[2026-04-21T05:39:22.071+0000] {processor.py:840} INFO - DAG(s) 'tutorial_taskflow_api' retrieved from /home/airflow/.local/lib/python3.8/site-packages/airflow/example_dags/tutorial_taskflow_api.py
[2026-04-21T05:39:22.094+0000] {logging_mixin.py:188} INFO - [2026-04-21T05:39:22.094+0000] {dag.py:3036} INFO - Sync 1 DAGs
[2026-04-21T05:39:22.109+0000] {logging_mixin.py:188} INFO - [2026-04-21T05:39:22.108+0000] {dag.py:3823} INFO - Setting next_dagrun for tutorial_taskflow_api to None, run_after=None
[2026-04-21T05:39:22.128+0000] {processor.py:183} INFO - Processing /home/airflow/.local/lib/python3.8/site-packages/airflow/example_dags/tutorial_taskflow_api.py took 0.075 seconds
[2026-04-21T05:39:52.434+0000] {processor.py:161} INFO - Started process (PID=3739872) to work on /home/airflow/.local/lib/python3.8/site-packages/airflow/example_dags/tutorial_taskflow_api.py
[2026-04-21T05:39:52.437+0000] {processor.py:830} INFO - Processing file /home/airflow/.local/lib/python3.8/site-packages/airflow/example_dags/tutorial_taskflow_api.py for tasks to queue
[2026-04-21T05:39:52.439+0000] {logging_mixin.py:188} INFO - [2026-04-21T05:39:52.439+0000] {dagbag.py:538} INFO - Filling up the DagBag from /home/airflow/.local/lib/python3.8/site-packages/airflow/example_dags/tutorial_taskflow_api.py
[2026-04-21T05:39:52.448+0000] {processor.py:840} INFO - DAG(s) 'tutorial_taskflow_api' retrieved from /home/airflow/.local/lib/python3.8/site-packages/airflow/example_dags/tutorial_taskflow_api.py
[2026-04-21T05:39:52.471+0000] {logging_mixin.py:188} INFO - [2026-04-21T05:39:52.471+0000] {dag.py:3036} INFO - Sync 1 DAGs
[2026-04-21T05:39:52.485+0000] {logging_mixin.py:188} INFO - [2026-04-21T05:39:52.485+0000] {dag.py:3823} INFO - Setting next_dagrun for tutorial_taskflow_api to None, run_after=None
[2026-04-21T05:39:52.505+0000] {processor.py:183} INFO - Processing /home/airflow/.local/lib/python3.8/site-packages/airflow/example_dags/tutorial_taskflow_api.py took 0.075 seconds
[2026-04-21T05:40:23.134+0000] {processor.py:161} INFO - Started process (PID=3739929) to work on /home/airflow/.local/lib/python3.8/site-packages/airflow/example_dags/tutorial_taskflow_api.py
[2026-04-21T05:40:23.136+0000] {processor.py:830} INFO - Processing file /home/airflow/.local/lib/python3.8/site-packages/airflow/example_dags/tutorial_taskflow_api.py for tasks to queue
[2026-04-21T05:40:23.139+0000] {logging_mixin.py:188} INFO - [2026-04-21T05:40:23.138+0000] {dagbag.py:538} INFO - Filling up the DagBag from /home/airflow/.local/lib/python3.8/site-packages/airflow/example_dags/tutorial_taskflow_api.py
[2026-04-21T05:40:23.147+0000] {processor.py:840} INFO - DAG(s) 'tutorial_taskflow_api' retrieved from /home/airflow/.local/lib/python3.8/site-packages/airflow/example_dags/tutorial_taskflow_api.py
[2026-04-21T05:40:23.170+0000] {logging_mixin.py:188} INFO - [2026-04-21T05:40:23.169+0000] {dag.py:3036} INFO - Sync 1 DAGs
[2026-04-21T05:40:23.183+0000] {logging_mixin.py:188} INFO - [2026-04-21T05:40:23.183+0000] {dag.py:3823} INFO - Setting next_dagrun for tutorial_taskflow_api to None, run_after=None
[2026-04-21T05:40:23.202+0000] {processor.py:183} INFO - Processing /home/airflow/.local/lib/python3.8/site-packages/airflow/example_dags/tutorial_taskflow_api.py took 0.072 seconds
[2026-04-21T05:40:53.279+0000] {processor.py:161} INFO - Started process (PID=3739986) to work on /home/airflow/.local/lib/python3.8/site-packages/airflow/example_dags/tutorial_taskflow_api.py
[2026-04-21T05:40:53.281+0000] {processor.py:830} INFO - Processing file /home/airflow/.local/lib/python3.8/site-packages/airflow/example_dags/tutorial_taskflow_api.py for tasks to queue
[2026-04-21T05:40:53.283+0000] {logging_mixin.py:188} INFO - [2026-04-21T05:40:53.283+0000] {dagbag.py:538} INFO - Filling up the DagBag from /home/airflow/.local/lib/python3.8/site-packages/airflow/example_dags/tutorial_taskflow_api.py
[2026-04-21T05:40:53.292+0000] {processor.py:840} INFO - DAG(s) 'tutorial_taskflow_api' retrieved from /home/airflow/.local/lib/python3.8/site-packages/airflow/example_dags/tutorial_taskflow_api.py
[2026-04-21T05:40:53.315+0000] {logging_mixin.py:188} INFO - [2026-04-21T05:40:53.315+0000] {dag.py:3036} INFO - Sync 1 DAGs
[2026-04-21T05:40:53.329+0000] {logging_mixin.py:188} INFO - [2026-04-21T05:40:53.329+0000] {dag.py:3823} INFO - Setting next_dagrun for tutorial_taskflow_api to None, run_after=None
[2026-04-21T05:40:53.348+0000] {processor.py:183} INFO - Processing /home/airflow/.local/lib/python3.8/site-packages/airflow/example_dags/tutorial_taskflow_api.py took 0.074 seconds
[2026-04-21T05:41:23.719+0000] {processor.py:161} INFO - Started process (PID=3740043) to work on /home/airflow/.local/lib/python3.8/site-packages/airflow/example_dags/tutorial_taskflow_api.py
[2026-04-21T05:41:23.721+0000] {processor.py:830} INFO - Processing file /home/airflow/.local/lib/python3.8/site-packages/airflow/example_dags/tutorial_taskflow_api.py for tasks to queue
[2026-04-21T05:41:23.723+0000] {logging_mixin.py:188} INFO - [2026-04-21T05:41:23.723+0000] {dagbag.py:538} INFO - Filling up the DagBag from /home/airflow/.local/lib/python3.8/site-packages/airflow/example_dags/tutorial_taskflow_api.py
[2026-04-21T05:41:23.732+0000] {processor.py:840} INFO - DAG(s) 'tutorial_taskflow_api' retrieved from /home/airflow/.local/lib/python3.8/site-packages/airflow/example_dags/tutorial_taskflow_api.py
[2026-04-21T05:41:23.755+0000] {logging_mixin.py:188} INFO - [2026-04-21T05:41:23.754+0000] {dag.py:3036} INFO - Sync 1 DAGs
[2026-04-21T05:41:23.768+0000] {logging_mixin.py:188} INFO - [2026-04-21T05:41:23.768+0000] {dag.py:3823} INFO - Setting next_dagrun for tutorial_taskflow_api to None, run_after=None
[2026-04-21T05:41:23.787+0000] {processor.py:183} INFO - Processing /home/airflow/.local/lib/python3.8/site-packages/airflow/example_dags/tutorial_taskflow_api.py took 0.073 seconds
[2026-04-21T05:41:54.098+0000] {processor.py:161} INFO - Started process (PID=3740100) to work on /home/airflow/.local/lib/python3.8/site-packages/airflow/example_dags/tutorial_taskflow_api.py
[2026-04-21T05:41:54.100+0000] {processor.py:830} INFO - Processing file /home/airflow/.local/lib/python3.8/site-packages/airflow/example_dags/tutorial_taskflow_api.py for tasks to queue
[2026-04-21T05:41:54.102+0000] {logging_mixin.py:188} INFO - [2026-04-21T05:41:54.102+0000] {dagbag.py:538} INFO - Filling up the DagBag from /home/airflow/.local/lib/python3.8/site-packages/airflow/example_dags/tutorial_taskflow_api.py
[2026-04-21T05:41:54.111+0000] {processor.py:840} INFO - DAG(s) 'tutorial_taskflow_api' retrieved from /home/airflow/.local/lib/python3.8/site-packages/airflow/example_dags/tutorial_taskflow_api.py
[2026-04-21T05:41:54.134+0000] {logging_mixin.py:188} INFO - [2026-04-21T05:41:54.134+0000] {dag.py:3036} INFO - Sync 1 DAGs
[2026-04-21T05:41:54.149+0000] {logging_mixin.py:188} INFO - [2026-04-21T05:41:54.149+0000] {dag.py:3823} INFO - Setting next_dagrun for tutorial_taskflow_api to None, run_after=None
[2026-04-21T05:41:54.169+0000] {processor.py:183} INFO - Processing /home/airflow/.local/lib/python3.8/site-packages/airflow/example_dags/tutorial_taskflow_api.py took 0.077 seconds
[2026-04-21T05:42:24.706+0000] {processor.py:161} INFO - Started process (PID=3740155) to work on /home/airflow/.local/lib/python3.8/site-packages/airflow/example_dags/tutorial_taskflow_api.py
[2026-04-21T05:42:24.708+0000] {processor.py:830} INFO - Processing file /home/airflow/.local/lib/python3.8/site-packages/airflow/example_dags/tutorial_taskflow_api.py for tasks to queue
[2026-04-21T05:42:24.710+0000] {logging_mixin.py:188} INFO - [2026-04-21T05:42:24.710+0000] {dagbag.py:538} INFO - Filling up the DagBag from /home/airflow/.local/lib/python3.8/site-packages/airflow/example_dags/tutorial_taskflow_api.py
[2026-04-21T05:42:24.719+0000] {processor.py:840} INFO - DAG(s) 'tutorial_taskflow_api' retrieved from /home/airflow/.local/lib/python3.8/site-packages/airflow/example_dags/tutorial_taskflow_api.py
[2026-04-21T05:42:24.743+0000] {logging_mixin.py:188} INFO - [2026-04-21T05:42:24.743+0000] {dag.py:3036} INFO - Sync 1 DAGs
[2026-04-21T05:42:24.757+0000] {logging_mixin.py:188} INFO - [2026-04-21T05:42:24.757+0000] {dag.py:3823} INFO - Setting next_dagrun for tutorial_taskflow_api to None, run_after=None
[2026-04-21T05:42:24.776+0000] {processor.py:183} INFO - Processing /home/airflow/.local/lib/python3.8/site-packages/airflow/example_dags/tutorial_taskflow_api.py took 0.074 seconds
[2026-04-21T05:42:55.391+0000] {processor.py:161} INFO - Started process (PID=3740212) to work on /home/airflow/.local/lib/python3.8/site-packages/airflow/example_dags/tutorial_taskflow_api.py
[2026-04-21T05:42:55.393+0000] {processor.py:830} INFO - Processing file /home/airflow/.local/lib/python3.8/site-packages/airflow/example_dags/tutorial_taskflow_api.py for tasks to queue
[2026-04-21T05:42:55.395+0000] {logging_mixin.py:188} INFO - [2026-04-21T05:42:55.395+0000] {dagbag.py:538} INFO - Filling up the DagBag from /home/airflow/.local/lib/python3.8/site-packages/airflow/example_dags/tutorial_taskflow_api.py
[2026-04-21T05:42:55.419+0000] {processor.py:840} INFO - DAG(s) 'tutorial_taskflow_api' retrieved from /home/airflow/.local/lib/python3.8/site-packages/airflow/example_dags/tutorial_taskflow_api.py
[2026-04-21T05:42:55.443+0000] {logging_mixin.py:188} INFO - [2026-04-21T05:42:55.443+0000] {dag.py:3036} INFO - Sync 1 DAGs
[2026-04-21T05:42:55.459+0000] {logging_mixin.py:188} INFO - [2026-04-21T05:42:55.458+0000] {dag.py:3823} INFO - Setting next_dagrun for tutorial_taskflow_api to None, run_after=None
[2026-04-21T05:42:55.479+0000] {processor.py:183} INFO - Processing /home/airflow/.local/lib/python3.8/site-packages/airflow/example_dags/tutorial_taskflow_api.py took 0.092 seconds
[2026-04-21T05:43:26.052+0000] {processor.py:161} INFO - Started process (PID=3740269) to work on /home/airflow/.local/lib/python3.8/site-packages/airflow/example_dags/tutorial_taskflow_api.py
[2026-04-21T05:43:26.054+0000] {processor.py:830} INFO - Processing file /home/airflow/.local/lib/python3.8/site-packages/airflow/example_dags/tutorial_taskflow_api.py for tasks to queue
[2026-04-21T05:43:26.057+0000] {logging_mixin.py:188} INFO - [2026-04-21T05:43:26.056+0000] {dagbag.py:538} INFO - Filling up the DagBag from /home/airflow/.local/lib/python3.8/site-packages/airflow/example_dags/tutorial_taskflow_api.py
[2026-04-21T05:43:26.065+0000] {processor.py:840} INFO - DAG(s) 'tutorial_taskflow_api' retrieved from /home/airflow/.local/lib/python3.8/site-packages/airflow/example_dags/tutorial_taskflow_api.py
[2026-04-21T05:43:26.089+0000] {logging_mixin.py:188} INFO - [2026-04-21T05:43:26.089+0000] {dag.py:3036} INFO - Sync 1 DAGs
[2026-04-21T05:43:26.103+0000] {logging_mixin.py:188} INFO - [2026-04-21T05:43:26.103+0000] {dag.py:3823} INFO - Setting next_dagrun for tutorial_taskflow_api to None, run_after=None
[2026-04-21T05:43:26.122+0000] {processor.py:183} INFO - Processing /home/airflow/.local/lib/python3.8/site-packages/airflow/example_dags/tutorial_taskflow_api.py took 0.074 seconds
[2026-04-21T05:43:56.705+0000] {processor.py:161} INFO - Started process (PID=3740326) to work on /home/airflow/.local/lib/python3.8/site-packages/airflow/example_dags/tutorial_taskflow_api.py
[2026-04-21T05:43:56.708+0000] {processor.py:830} INFO - Processing file /home/airflow/.local/lib/python3.8/site-packages/airflow/example_dags/tutorial_taskflow_api.py for tasks to queue
[2026-04-21T05:43:56.711+0000] {logging_mixin.py:188} INFO - [2026-04-21T05:43:56.710+0000] {dagbag.py:538} INFO - Filling up the DagBag from /home/airflow/.local/lib/python3.8/site-packages/airflow/example_dags/tutorial_taskflow_api.py
[2026-04-21T05:43:56.720+0000] {processor.py:840} INFO - DAG(s) 'tutorial_taskflow_api' retrieved from /home/airflow/.local/lib/python3.8/site-packages/airflow/example_dags/tutorial_taskflow_api.py
[2026-04-21T05:43:56.759+0000] {logging_mixin.py:188} INFO - [2026-04-21T05:43:56.759+0000] {dag.py:3036} INFO - Sync 1 DAGs
[2026-04-21T05:43:56.777+0000] {logging_mixin.py:188} INFO - [2026-04-21T05:43:56.776+0000] {dag.py:3823} INFO - Setting next_dagrun for tutorial_taskflow_api to None, run_after=None
[2026-04-21T05:43:56.798+0000] {processor.py:183} INFO - Processing /home/airflow/.local/lib/python3.8/site-packages/airflow/example_dags/tutorial_taskflow_api.py took 0.104 seconds
[2026-04-21T05:44:27.331+0000] {processor.py:161} INFO - Started process (PID=3740383) to work on /home/airflow/.local/lib/python3.8/site-packages/airflow/example_dags/tutorial_taskflow_api.py
[2026-04-21T05:44:27.333+0000] {processor.py:830} INFO - Processing file /home/airflow/.local/lib/python3.8/site-packages/airflow/example_dags/tutorial_taskflow_api.py for tasks to queue
[2026-04-21T05:44:27.336+0000] {logging_mixin.py:188} INFO - [2026-04-21T05:44:27.336+0000] {dagbag.py:538} INFO - Filling up the DagBag from /home/airflow/.local/lib/python3.8/site-packages/airflow/example_dags/tutorial_taskflow_api.py
[2026-04-21T05:44:27.347+0000] {processor.py:840} INFO - DAG(s) 'tutorial_taskflow_api' retrieved from /home/airflow/.local/lib/python3.8/site-packages/airflow/example_dags/tutorial_taskflow_api.py
[2026-04-21T05:44:27.378+0000] {logging_mixin.py:188} INFO - [2026-04-21T05:44:27.377+0000] {dag.py:3036} INFO - Sync 1 DAGs
[2026-04-21T05:44:27.397+0000] {logging_mixin.py:188} INFO - [2026-04-21T05:44:27.397+0000] {dag.py:3823} INFO - Setting next_dagrun for tutorial_taskflow_api to None, run_after=None
[2026-04-21T05:44:27.423+0000] {processor.py:183} INFO - Processing /home/airflow/.local/lib/python3.8/site-packages/airflow/example_dags/tutorial_taskflow_api.py took 0.099 seconds
[2026-04-21T05:44:57.990+0000] {processor.py:161} INFO - Started process (PID=3740440) to work on /home/airflow/.local/lib/python3.8/site-packages/airflow/example_dags/tutorial_taskflow_api.py
[2026-04-21T05:44:57.992+0000] {processor.py:830} INFO - Processing file /home/airflow/.local/lib/python3.8/site-packages/airflow/example_dags/tutorial_taskflow_api.py for tasks to queue
[2026-04-21T05:44:57.994+0000] {logging_mixin.py:188} INFO - [2026-04-21T05:44:57.994+0000] {dagbag.py:538} INFO - Filling up the DagBag from /home/airflow/.local/lib/python3.8/site-packages/airflow/example_dags/tutorial_taskflow_api.py
[2026-04-21T05:44:58.013+0000] {processor.py:840} INFO - DAG(s) 'tutorial_taskflow_api' retrieved from /home/airflow/.local/lib/python3.8/site-packages/airflow/example_dags/tutorial_taskflow_api.py
[2026-04-21T05:44:58.037+0000] {logging_mixin.py:188} INFO - [2026-04-21T05:44:58.037+0000] {dag.py:3036} INFO - Sync 1 DAGs
[2026-04-21T05:44:58.051+0000] {logging_mixin.py:188} INFO - [2026-04-21T05:44:58.051+0000] {dag.py:3823} INFO - Setting next_dagrun for tutorial_taskflow_api to None, run_after=None
[2026-04-21T05:44:58.071+0000] {processor.py:183} INFO - Processing /home/airflow/.local/lib/python3.8/site-packages/airflow/example_dags/tutorial_taskflow_api.py took 0.086 seconds
[2026-04-21T05:45:28.647+0000] {processor.py:161} INFO - Started process (PID=3740497) to work on /home/airflow/.local/lib/python3.8/site-packages/airflow/example_dags/tutorial_taskflow_api.py
[2026-04-21T05:45:28.649+0000] {processor.py:830} INFO - Processing file /home/airflow/.local/lib/python3.8/site-packages/airflow/example_dags/tutorial_taskflow_api.py for tasks to queue
[2026-04-21T05:45:28.651+0000] {logging_mixin.py:188} INFO - [2026-04-21T05:45:28.651+0000] {dagbag.py:538} INFO - Filling up the DagBag from /home/airflow/.local/lib/python3.8/site-packages/airflow/example_dags/tutorial_taskflow_api.py
[2026-04-21T05:45:28.660+0000] {processor.py:840} INFO - DAG(s) 'tutorial_taskflow_api' retrieved from /home/airflow/.local/lib/python3.8/site-packages/airflow/example_dags/tutorial_taskflow_api.py
[2026-04-21T05:45:28.684+0000] {logging_mixin.py:188} INFO - [2026-04-21T05:45:28.684+0000] {dag.py:3036} INFO - Sync 1 DAGs
[2026-04-21T05:45:28.698+0000] {logging_mixin.py:188} INFO - [2026-04-21T05:45:28.698+0000] {dag.py:3823} INFO - Setting next_dagrun for tutorial_taskflow_api to None, run_after=None
[2026-04-21T05:45:28.720+0000] {processor.py:183} INFO - Processing /home/airflow/.local/lib/python3.8/site-packages/airflow/example_dags/tutorial_taskflow_api.py took 0.078 seconds
[2026-04-21T05:45:59.297+0000] {processor.py:161} INFO - Started process (PID=3740554) to work on /home/airflow/.local/lib/python3.8/site-packages/airflow/example_dags/tutorial_taskflow_api.py
[2026-04-21T05:45:59.298+0000] {processor.py:830} INFO - Processing file /home/airflow/.local/lib/python3.8/site-packages/airflow/example_dags/tutorial_taskflow_api.py for tasks to queue
[2026-04-21T05:45:59.301+0000] {logging_mixin.py:188} INFO - [2026-04-21T05:45:59.300+0000] {dagbag.py:538} INFO - Filling up the DagBag from /home/airflow/.local/lib/python3.8/site-packages/airflow/example_dags/tutorial_taskflow_api.py
[2026-04-21T05:45:59.309+0000] {processor.py:840} INFO - DAG(s) 'tutorial_taskflow_api' retrieved from /home/airflow/.local/lib/python3.8/site-packages/airflow/example_dags/tutorial_taskflow_api.py
[2026-04-21T05:45:59.333+0000] {logging_mixin.py:188} INFO - [2026-04-21T05:45:59.333+0000] {dag.py:3036} INFO - Sync 1 DAGs
[2026-04-21T05:45:59.347+0000] {logging_mixin.py:188} INFO - [2026-04-21T05:45:59.347+0000] {dag.py:3823} INFO - Setting next_dagrun for tutorial_taskflow_api to None, run_after=None
[2026-04-21T05:45:59.366+0000] {processor.py:183} INFO - Processing /home/airflow/.local/lib/python3.8/site-packages/airflow/example_dags/tutorial_taskflow_api.py took 0.075 seconds
[2026-04-21T05:46:30.090+0000] {processor.py:161} INFO - Started process (PID=3740611) to work on /home/airflow/.local/lib/python3.8/site-packages/airflow/example_dags/tutorial_taskflow_api.py
[2026-04-21T05:46:30.092+0000] {processor.py:830} INFO - Processing file /home/airflow/.local/lib/python3.8/site-packages/airflow/example_dags/tutorial_taskflow_api.py for tasks to queue
[2026-04-21T05:46:30.094+0000] {logging_mixin.py:188} INFO - [2026-04-21T05:46:30.094+0000] {dagbag.py:538} INFO - Filling up the DagBag from /home/airflow/.local/lib/python3.8/site-packages/airflow/example_dags/tutorial_taskflow_api.py
[2026-04-21T05:46:30.103+0000] {processor.py:840} INFO - DAG(s) 'tutorial_taskflow_api' retrieved from /home/airflow/.local/lib/python3.8/site-packages/airflow/example_dags/tutorial_taskflow_api.py
[2026-04-21T05:46:30.127+0000] {logging_mixin.py:188} INFO - [2026-04-21T05:46:30.127+0000] {dag.py:3036} INFO - Sync 1 DAGs
[2026-04-21T05:46:30.141+0000] {logging_mixin.py:188} INFO - [2026-04-21T05:46:30.141+0000] {dag.py:3823} INFO - Setting next_dagrun for tutorial_taskflow_api to None, run_after=None
[2026-04-21T05:46:30.160+0000] {processor.py:183} INFO - Processing /home/airflow/.local/lib/python3.8/site-packages/airflow/example_dags/tutorial_taskflow_api.py took 0.075 seconds
[2026-04-21T05:47:00.350+0000] {processor.py:161} INFO - Started process (PID=3740666) to work on /home/airflow/.local/lib/python3.8/site-packages/airflow/example_dags/tutorial_taskflow_api.py
[2026-04-21T05:47:00.352+0000] {processor.py:830} INFO - Processing file /home/airflow/.local/lib/python3.8/site-packages/airflow/example_dags/tutorial_taskflow_api.py for tasks to queue
[2026-04-21T05:47:00.354+0000] {logging_mixin.py:188} INFO - [2026-04-21T05:47:00.354+0000] {dagbag.py:538} INFO - Filling up the DagBag from /home/airflow/.local/lib/python3.8/site-packages/airflow/example_dags/tutorial_taskflow_api.py
[2026-04-21T05:47:00.364+0000] {processor.py:840} INFO - DAG(s) 'tutorial_taskflow_api' retrieved from /home/airflow/.local/lib/python3.8/site-packages/airflow/example_dags/tutorial_taskflow_api.py
[2026-04-21T05:47:00.387+0000] {logging_mixin.py:188} INFO - [2026-04-21T05:47:00.387+0000] {dag.py:3036} INFO - Sync 1 DAGs
[2026-04-21T05:47:00.402+0000] {logging_mixin.py:188} INFO - [2026-04-21T05:47:00.401+0000] {dag.py:3823} INFO - Setting next_dagrun for tutorial_taskflow_api to None, run_after=None
[2026-04-21T05:47:00.421+0000] {processor.py:183} INFO - Processing /home/airflow/.local/lib/python3.8/site-packages/airflow/example_dags/tutorial_taskflow_api.py took 0.076 seconds
[2026-04-21T05:47:30.579+0000] {processor.py:161} INFO - Started process (PID=3740723) to work on /home/airflow/.local/lib/python3.8/site-packages/airflow/example_dags/tutorial_taskflow_api.py
[2026-04-21T05:47:30.581+0000] {processor.py:830} INFO - Processing file /home/airflow/.local/lib/python3.8/site-packages/airflow/example_dags/tutorial_taskflow_api.py for tasks to queue
[2026-04-21T05:47:30.584+0000] {logging_mixin.py:188} INFO - [2026-04-21T05:47:30.584+0000] {dagbag.py:538} INFO - Filling up the DagBag from /home/airflow/.local/lib/python3.8/site-packages/airflow/example_dags/tutorial_taskflow_api.py
[2026-04-21T05:47:30.594+0000] {processor.py:840} INFO - DAG(s) 'tutorial_taskflow_api' retrieved from /home/airflow/.local/lib/python3.8/site-packages/airflow/example_dags/tutorial_taskflow_api.py
[2026-04-21T05:47:30.617+0000] {logging_mixin.py:188} INFO - [2026-04-21T05:47:30.617+0000] {dag.py:3036} INFO - Sync 1 DAGs
[2026-04-21T05:47:30.631+0000] {logging_mixin.py:188} INFO - [2026-04-21T05:47:30.631+0000] {dag.py:3823} INFO - Setting next_dagrun for tutorial_taskflow_api to None, run_after=None
[2026-04-21T05:47:30.651+0000] {processor.py:183} INFO - Processing /home/airflow/.local/lib/python3.8/site-packages/airflow/example_dags/tutorial_taskflow_api.py took 0.077 seconds
[2026-04-21T05:48:00.795+0000] {processor.py:161} INFO - Started process (PID=3740780) to work on /home/airflow/.local/lib/python3.8/site-packages/airflow/example_dags/tutorial_taskflow_api.py
[2026-04-21T05:48:00.797+0000] {processor.py:830} INFO - Processing file /home/airflow/.local/lib/python3.8/site-packages/airflow/example_dags/tutorial_taskflow_api.py for tasks to queue
[2026-04-21T05:48:00.800+0000] {logging_mixin.py:188} INFO - [2026-04-21T05:48:00.799+0000] {dagbag.py:538} INFO - Filling up the DagBag from /home/airflow/.local/lib/python3.8/site-packages/airflow/example_dags/tutorial_taskflow_api.py
[2026-04-21T05:48:00.808+0000] {processor.py:840} INFO - DAG(s) 'tutorial_taskflow_api' retrieved from /home/airflow/.local/lib/python3.8/site-packages/airflow/example_dags/tutorial_taskflow_api.py
[2026-04-21T05:48:00.832+0000] {logging_mixin.py:188} INFO - [2026-04-21T05:48:00.832+0000] {dag.py:3036} INFO - Sync 1 DAGs
[2026-04-21T05:48:00.846+0000] {logging_mixin.py:188} INFO - [2026-04-21T05:48:00.845+0000] {dag.py:3823} INFO - Setting next_dagrun for tutorial_taskflow_api to None, run_after=None
[2026-04-21T05:48:00.864+0000] {processor.py:183} INFO - Processing /home/airflow/.local/lib/python3.8/site-packages/airflow/example_dags/tutorial_taskflow_api.py took 0.073 seconds
[2026-04-21T05:48:31.113+0000] {processor.py:161} INFO - Started process (PID=3740837) to work on /home/airflow/.local/lib/python3.8/site-packages/airflow/example_dags/tutorial_taskflow_api.py
[2026-04-21T05:48:31.115+0000] {processor.py:830} INFO - Processing file /home/airflow/.local/lib/python3.8/site-packages/airflow/example_dags/tutorial_taskflow_api.py for tasks to queue
[2026-04-21T05:48:31.117+0000] {logging_mixin.py:188} INFO - [2026-04-21T05:48:31.117+0000] {dagbag.py:538} INFO - Filling up the DagBag from /home/airflow/.local/lib/python3.8/site-packages/airflow/example_dags/tutorial_taskflow_api.py
[2026-04-21T05:48:31.126+0000] {processor.py:840} INFO - DAG(s) 'tutorial_taskflow_api' retrieved from /home/airflow/.local/lib/python3.8/site-packages/airflow/example_dags/tutorial_taskflow_api.py
[2026-04-21T05:48:31.149+0000] {logging_mixin.py:188} INFO - [2026-04-21T05:48:31.148+0000] {dag.py:3036} INFO - Sync 1 DAGs
[2026-04-21T05:48:31.162+0000] {logging_mixin.py:188} INFO - [2026-04-21T05:48:31.162+0000] {dag.py:3823} INFO - Setting next_dagrun for tutorial_taskflow_api to None, run_after=None
[2026-04-21T05:48:31.180+0000] {processor.py:183} INFO - Processing /home/airflow/.local/lib/python3.8/site-packages/airflow/example_dags/tutorial_taskflow_api.py took 0.072 seconds
[2026-04-21T05:49:01.347+0000] {processor.py:161} INFO - Started process (PID=3740894) to work on /home/airflow/.local/lib/python3.8/site-packages/airflow/example_dags/tutorial_taskflow_api.py
[2026-04-21T05:49:01.349+0000] {processor.py:830} INFO - Processing file /home/airflow/.local/lib/python3.8/site-packages/airflow/example_dags/tutorial_taskflow_api.py for tasks to queue
[2026-04-21T05:49:01.351+0000] {logging_mixin.py:188} INFO - [2026-04-21T05:49:01.351+0000] {dagbag.py:538} INFO - Filling up the DagBag from /home/airflow/.local/lib/python3.8/site-packages/airflow/example_dags/tutorial_taskflow_api.py
[2026-04-21T05:49:01.360+0000] {processor.py:840} INFO - DAG(s) 'tutorial_taskflow_api' retrieved from /home/airflow/.local/lib/python3.8/site-packages/airflow/example_dags/tutorial_taskflow_api.py
[2026-04-21T05:49:01.384+0000] {logging_mixin.py:188} INFO - [2026-04-21T05:49:01.384+0000] {dag.py:3036} INFO - Sync 1 DAGs
[2026-04-21T05:49:01.400+0000] {logging_mixin.py:188} INFO - [2026-04-21T05:49:01.400+0000] {dag.py:3823} INFO - Setting next_dagrun for tutorial_taskflow_api to None, run_after=None
[2026-04-21T05:49:01.420+0000] {processor.py:183} INFO - Processing /home/airflow/.local/lib/python3.8/site-packages/airflow/example_dags/tutorial_taskflow_api.py took 0.078 seconds
[2026-04-21T05:49:31.550+0000] {processor.py:161} INFO - Started process (PID=3740951) to work on /home/airflow/.local/lib/python3.8/site-packages/airflow/example_dags/tutorial_taskflow_api.py
[2026-04-21T05:49:31.552+0000] {processor.py:830} INFO - Processing file /home/airflow/.local/lib/python3.8/site-packages/airflow/example_dags/tutorial_taskflow_api.py for tasks to queue
[2026-04-21T05:49:31.554+0000] {logging_mixin.py:188} INFO - [2026-04-21T05:49:31.554+0000] {dagbag.py:538} INFO - Filling up the DagBag from /home/airflow/.local/lib/python3.8/site-packages/airflow/example_dags/tutorial_taskflow_api.py
[2026-04-21T05:49:31.563+0000] {processor.py:840} INFO - DAG(s) 'tutorial_taskflow_api' retrieved from /home/airflow/.local/lib/python3.8/site-packages/airflow/example_dags/tutorial_taskflow_api.py
[2026-04-21T05:49:31.586+0000] {logging_mixin.py:188} INFO - [2026-04-21T05:49:31.586+0000] {dag.py:3036} INFO - Sync 1 DAGs
[2026-04-21T05:49:31.600+0000] {logging_mixin.py:188} INFO - [2026-04-21T05:49:31.600+0000] {dag.py:3823} INFO - Setting next_dagrun for tutorial_taskflow_api to None, run_after=None
[2026-04-21T05:49:31.619+0000] {processor.py:183} INFO - Processing /home/airflow/.local/lib/python3.8/site-packages/airflow/example_dags/tutorial_taskflow_api.py took 0.074 seconds
[2026-04-21T05:50:02.513+0000] {processor.py:161} INFO - Started process (PID=3741008) to work on /home/airflow/.local/lib/python3.8/site-packages/airflow/example_dags/tutorial_taskflow_api.py
[2026-04-21T05:50:02.515+0000] {processor.py:830} INFO - Processing file /home/airflow/.local/lib/python3.8/site-packages/airflow/example_dags/tutorial_taskflow_api.py for tasks to queue
[2026-04-21T05:50:02.518+0000] {logging_mixin.py:188} INFO - [2026-04-21T05:50:02.517+0000] {dagbag.py:538} INFO - Filling up the DagBag from /home/airflow/.local/lib/python3.8/site-packages/airflow/example_dags/tutorial_taskflow_api.py
[2026-04-21T05:50:02.527+0000] {processor.py:840} INFO - DAG(s) 'tutorial_taskflow_api' retrieved from /home/airflow/.local/lib/python3.8/site-packages/airflow/example_dags/tutorial_taskflow_api.py
[2026-04-21T05:50:02.550+0000] {logging_mixin.py:188} INFO - [2026-04-21T05:50:02.550+0000] {dag.py:3036} INFO - Sync 1 DAGs
[2026-04-21T05:50:02.565+0000] {logging_mixin.py:188} INFO - [2026-04-21T05:50:02.564+0000] {dag.py:3823} INFO - Setting next_dagrun for tutorial_taskflow_api to None, run_after=None
[2026-04-21T05:50:02.584+0000] {processor.py:183} INFO - Processing /home/airflow/.local/lib/python3.8/site-packages/airflow/example_dags/tutorial_taskflow_api.py took 0.076 seconds
[2026-04-21T05:50:32.818+0000] {processor.py:161} INFO - Started process (PID=3741065) to work on /home/airflow/.local/lib/python3.8/site-packages/airflow/example_dags/tutorial_taskflow_api.py
[2026-04-21T05:50:32.820+0000] {processor.py:830} INFO - Processing file /home/airflow/.local/lib/python3.8/site-packages/airflow/example_dags/tutorial_taskflow_api.py for tasks to queue
[2026-04-21T05:50:32.822+0000] {logging_mixin.py:188} INFO - [2026-04-21T05:50:32.822+0000] {dagbag.py:538} INFO - Filling up the DagBag from /home/airflow/.local/lib/python3.8/site-packages/airflow/example_dags/tutorial_taskflow_api.py
[2026-04-21T05:50:32.831+0000] {processor.py:840} INFO - DAG(s) 'tutorial_taskflow_api' retrieved from /home/airflow/.local/lib/python3.8/site-packages/airflow/example_dags/tutorial_taskflow_api.py
[2026-04-21T05:50:32.853+0000] {logging_mixin.py:188} INFO - [2026-04-21T05:50:32.853+0000] {dag.py:3036} INFO - Sync 1 DAGs
[2026-04-21T05:50:32.867+0000] {logging_mixin.py:188} INFO - [2026-04-21T05:50:32.867+0000] {dag.py:3823} INFO - Setting next_dagrun for tutorial_taskflow_api to None, run_after=None
[2026-04-21T05:50:32.886+0000] {processor.py:183} INFO - Processing /home/airflow/.local/lib/python3.8/site-packages/airflow/example_dags/tutorial_taskflow_api.py took 0.073 seconds
[2026-04-21T05:51:03.018+0000] {processor.py:161} INFO - Started process (PID=3741122) to work on /home/airflow/.local/lib/python3.8/site-packages/airflow/example_dags/tutorial_taskflow_api.py
[2026-04-21T05:51:03.020+0000] {processor.py:830} INFO - Processing file /home/airflow/.local/lib/python3.8/site-packages/airflow/example_dags/tutorial_taskflow_api.py for tasks to queue
[2026-04-21T05:51:03.022+0000] {logging_mixin.py:188} INFO - [2026-04-21T05:51:03.022+0000] {dagbag.py:538} INFO - Filling up the DagBag from /home/airflow/.local/lib/python3.8/site-packages/airflow/example_dags/tutorial_taskflow_api.py
[2026-04-21T05:51:03.031+0000] {processor.py:840} INFO - DAG(s) 'tutorial_taskflow_api' retrieved from /home/airflow/.local/lib/python3.8/site-packages/airflow/example_dags/tutorial_taskflow_api.py
[2026-04-21T05:51:03.054+0000] {logging_mixin.py:188} INFO - [2026-04-21T05:51:03.054+0000] {dag.py:3036} INFO - Sync 1 DAGs
[2026-04-21T05:51:03.068+0000] {logging_mixin.py:188} INFO - [2026-04-21T05:51:03.068+0000] {dag.py:3823} INFO - Setting next_dagrun for tutorial_taskflow_api to None, run_after=None
[2026-04-21T05:51:03.086+0000] {processor.py:183} INFO - Processing /home/airflow/.local/lib/python3.8/site-packages/airflow/example_dags/tutorial_taskflow_api.py took 0.073 seconds
[2026-04-21T05:51:33.191+0000] {processor.py:161} INFO - Started process (PID=3741179) to work on /home/airflow/.local/lib/python3.8/site-packages/airflow/example_dags/tutorial_taskflow_api.py
[2026-04-21T05:51:33.193+0000] {processor.py:830} INFO - Processing file /home/airflow/.local/lib/python3.8/site-packages/airflow/example_dags/tutorial_taskflow_api.py for tasks to queue
[2026-04-21T05:51:33.195+0000] {logging_mixin.py:188} INFO - [2026-04-21T05:51:33.195+0000] {dagbag.py:538} INFO - Filling up the DagBag from /home/airflow/.local/lib/python3.8/site-packages/airflow/example_dags/tutorial_taskflow_api.py
[2026-04-21T05:51:33.204+0000] {processor.py:840} INFO - DAG(s) 'tutorial_taskflow_api' retrieved from /home/airflow/.local/lib/python3.8/site-packages/airflow/example_dags/tutorial_taskflow_api.py
[2026-04-21T05:51:33.228+0000] {logging_mixin.py:188} INFO - [2026-04-21T05:51:33.227+0000] {dag.py:3036} INFO - Sync 1 DAGs
[2026-04-21T05:51:33.242+0000] {logging_mixin.py:188} INFO - [2026-04-21T05:51:33.242+0000] {dag.py:3823} INFO - Setting next_dagrun for tutorial_taskflow_api to None, run_after=None
[2026-04-21T05:51:33.262+0000] {processor.py:183} INFO - Processing /home/airflow/.local/lib/python3.8/site-packages/airflow/example_dags/tutorial_taskflow_api.py took 0.076 seconds
[2026-04-21T05:52:03.352+0000] {processor.py:161} INFO - Started process (PID=3741236) to work on /home/airflow/.local/lib/python3.8/site-packages/airflow/example_dags/tutorial_taskflow_api.py
[2026-04-21T05:52:03.354+0000] {processor.py:830} INFO - Processing file /home/airflow/.local/lib/python3.8/site-packages/airflow/example_dags/tutorial_taskflow_api.py for tasks to queue
[2026-04-21T05:52:03.356+0000] {logging_mixin.py:188} INFO - [2026-04-21T05:52:03.356+0000] {dagbag.py:538} INFO - Filling up the DagBag from /home/airflow/.local/lib/python3.8/site-packages/airflow/example_dags/tutorial_taskflow_api.py
[2026-04-21T05:52:03.365+0000] {processor.py:840} INFO - DAG(s) 'tutorial_taskflow_api' retrieved from /home/airflow/.local/lib/python3.8/site-packages/airflow/example_dags/tutorial_taskflow_api.py
[2026-04-21T05:52:03.389+0000] {logging_mixin.py:188} INFO - [2026-04-21T05:52:03.388+0000] {dag.py:3036} INFO - Sync 1 DAGs
[2026-04-21T05:52:03.403+0000] {logging_mixin.py:188} INFO - [2026-04-21T05:52:03.402+0000] {dag.py:3823} INFO - Setting next_dagrun for tutorial_taskflow_api to None, run_after=None
[2026-04-21T05:52:03.422+0000] {processor.py:183} INFO - Processing /home/airflow/.local/lib/python3.8/site-packages/airflow/example_dags/tutorial_taskflow_api.py took 0.075 seconds
[2026-04-21T05:52:33.683+0000] {processor.py:161} INFO - Started process (PID=3741293) to work on /home/airflow/.local/lib/python3.8/site-packages/airflow/example_dags/tutorial_taskflow_api.py
[2026-04-21T05:52:33.685+0000] {processor.py:830} INFO - Processing file /home/airflow/.local/lib/python3.8/site-packages/airflow/example_dags/tutorial_taskflow_api.py for tasks to queue
[2026-04-21T05:52:33.688+0000] {logging_mixin.py:188} INFO - [2026-04-21T05:52:33.687+0000] {dagbag.py:538} INFO - Filling up the DagBag from /home/airflow/.local/lib/python3.8/site-packages/airflow/example_dags/tutorial_taskflow_api.py
[2026-04-21T05:52:33.696+0000] {processor.py:840} INFO - DAG(s) 'tutorial_taskflow_api' retrieved from /home/airflow/.local/lib/python3.8/site-packages/airflow/example_dags/tutorial_taskflow_api.py
[2026-04-21T05:52:33.719+0000] {logging_mixin.py:188} INFO - [2026-04-21T05:52:33.719+0000] {dag.py:3036} INFO - Sync 1 DAGs
[2026-04-21T05:52:33.733+0000] {logging_mixin.py:188} INFO - [2026-04-21T05:52:33.733+0000] {dag.py:3823} INFO - Setting next_dagrun for tutorial_taskflow_api to None, run_after=None
[2026-04-21T05:52:33.752+0000] {processor.py:183} INFO - Processing /home/airflow/.local/lib/python3.8/site-packages/airflow/example_dags/tutorial_taskflow_api.py took 0.074 seconds
[2026-04-21T05:53:04.019+0000] {processor.py:161} INFO - Started process (PID=3741350) to work on /home/airflow/.local/lib/python3.8/site-packages/airflow/example_dags/tutorial_taskflow_api.py
[2026-04-21T05:53:04.021+0000] {processor.py:830} INFO - Processing file /home/airflow/.local/lib/python3.8/site-packages/airflow/example_dags/tutorial_taskflow_api.py for tasks to queue
[2026-04-21T05:53:04.023+0000] {logging_mixin.py:188} INFO - [2026-04-21T05:53:04.023+0000] {dagbag.py:538} INFO - Filling up the DagBag from /home/airflow/.local/lib/python3.8/site-packages/airflow/example_dags/tutorial_taskflow_api.py
[2026-04-21T05:53:04.032+0000] {processor.py:840} INFO - DAG(s) 'tutorial_taskflow_api' retrieved from /home/airflow/.local/lib/python3.8/site-packages/airflow/example_dags/tutorial_taskflow_api.py
[2026-04-21T05:53:04.055+0000] {logging_mixin.py:188} INFO - [2026-04-21T05:53:04.055+0000] {dag.py:3036} INFO - Sync 1 DAGs
[2026-04-21T05:53:04.069+0000] {logging_mixin.py:188} INFO - [2026-04-21T05:53:04.069+0000] {dag.py:3823} INFO - Setting next_dagrun for tutorial_taskflow_api to None, run_after=None
[2026-04-21T05:53:04.090+0000] {processor.py:183} INFO - Processing /home/airflow/.local/lib/python3.8/site-packages/airflow/example_dags/tutorial_taskflow_api.py took 0.076 seconds
[2026-04-21T05:53:34.386+0000] {processor.py:161} INFO - Started process (PID=3741407) to work on /home/airflow/.local/lib/python3.8/site-packages/airflow/example_dags/tutorial_taskflow_api.py
[2026-04-21T05:53:34.388+0000] {processor.py:830} INFO - Processing file /home/airflow/.local/lib/python3.8/site-packages/airflow/example_dags/tutorial_taskflow_api.py for tasks to queue
[2026-04-21T05:53:34.391+0000] {logging_mixin.py:188} INFO - [2026-04-21T05:53:34.390+0000] {dagbag.py:538} INFO - Filling up the DagBag from /home/airflow/.local/lib/python3.8/site-packages/airflow/example_dags/tutorial_taskflow_api.py
[2026-04-21T05:53:34.400+0000] {processor.py:840} INFO - DAG(s) 'tutorial_taskflow_api' retrieved from /home/airflow/.local/lib/python3.8/site-packages/airflow/example_dags/tutorial_taskflow_api.py
[2026-04-21T05:53:34.423+0000] {logging_mixin.py:188} INFO - [2026-04-21T05:53:34.423+0000] {dag.py:3036} INFO - Sync 1 DAGs
[2026-04-21T05:53:34.439+0000] {logging_mixin.py:188} INFO - [2026-04-21T05:53:34.439+0000] {dag.py:3823} INFO - Setting next_dagrun for tutorial_taskflow_api to None, run_after=None
[2026-04-21T05:53:34.459+0000] {processor.py:183} INFO - Processing /home/airflow/.local/lib/python3.8/site-packages/airflow/example_dags/tutorial_taskflow_api.py took 0.078 seconds
[2026-04-21T05:54:04.605+0000] {processor.py:161} INFO - Started process (PID=3741464) to work on /home/airflow/.local/lib/python3.8/site-packages/airflow/example_dags/tutorial_taskflow_api.py
[2026-04-21T05:54:04.607+0000] {processor.py:830} INFO - Processing file /home/airflow/.local/lib/python3.8/site-packages/airflow/example_dags/tutorial_taskflow_api.py for tasks to queue
[2026-04-21T05:54:04.610+0000] {logging_mixin.py:188} INFO - [2026-04-21T05:54:04.610+0000] {dagbag.py:538} INFO - Filling up the DagBag from /home/airflow/.local/lib/python3.8/site-packages/airflow/example_dags/tutorial_taskflow_api.py
[2026-04-21T05:54:04.620+0000] {processor.py:840} INFO - DAG(s) 'tutorial_taskflow_api' retrieved from /home/airflow/.local/lib/python3.8/site-packages/airflow/example_dags/tutorial_taskflow_api.py
[2026-04-21T05:54:04.645+0000] {logging_mixin.py:188} INFO - [2026-04-21T05:54:04.645+0000] {dag.py:3036} INFO - Sync 1 DAGs
[2026-04-21T05:54:04.660+0000] {logging_mixin.py:188} INFO - [2026-04-21T05:54:04.659+0000] {dag.py:3823} INFO - Setting next_dagrun for tutorial_taskflow_api to None, run_after=None
[2026-04-21T05:54:04.679+0000] {processor.py:183} INFO - Processing /home/airflow/.local/lib/python3.8/site-packages/airflow/example_dags/tutorial_taskflow_api.py took 0.079 seconds
[2026-04-21T05:54:34.894+0000] {processor.py:161} INFO - Started process (PID=3741522) to work on /home/airflow/.local/lib/python3.8/site-packages/airflow/example_dags/tutorial_taskflow_api.py
[2026-04-21T05:54:34.896+0000] {processor.py:830} INFO - Processing file /home/airflow/.local/lib/python3.8/site-packages/airflow/example_dags/tutorial_taskflow_api.py for tasks to queue
[2026-04-21T05:54:34.899+0000] {logging_mixin.py:188} INFO - [2026-04-21T05:54:34.898+0000] {dagbag.py:538} INFO - Filling up the DagBag from /home/airflow/.local/lib/python3.8/site-packages/airflow/example_dags/tutorial_taskflow_api.py
[2026-04-21T05:54:34.907+0000] {processor.py:840} INFO - DAG(s) 'tutorial_taskflow_api' retrieved from /home/airflow/.local/lib/python3.8/site-packages/airflow/example_dags/tutorial_taskflow_api.py
[2026-04-21T05:54:34.931+0000] {logging_mixin.py:188} INFO - [2026-04-21T05:54:34.931+0000] {dag.py:3036} INFO - Sync 1 DAGs
[2026-04-21T05:54:34.945+0000] {logging_mixin.py:188} INFO - [2026-04-21T05:54:34.944+0000] {dag.py:3823} INFO - Setting next_dagrun for tutorial_taskflow_api to None, run_after=None
[2026-04-21T05:54:34.964+0000] {processor.py:183} INFO - Processing /home/airflow/.local/lib/python3.8/site-packages/airflow/example_dags/tutorial_taskflow_api.py took 0.075 seconds
[2026-04-21T05:55:05.334+0000] {processor.py:161} INFO - Started process (PID=3741579) to work on /home/airflow/.local/lib/python3.8/site-packages/airflow/example_dags/tutorial_taskflow_api.py
[2026-04-21T05:55:05.336+0000] {processor.py:830} INFO - Processing file /home/airflow/.local/lib/python3.8/site-packages/airflow/example_dags/tutorial_taskflow_api.py for tasks to queue
[2026-04-21T05:55:05.339+0000] {logging_mixin.py:188} INFO - [2026-04-21T05:55:05.338+0000] {dagbag.py:538} INFO - Filling up the DagBag from /home/airflow/.local/lib/python3.8/site-packages/airflow/example_dags/tutorial_taskflow_api.py
[2026-04-21T05:55:05.347+0000] {processor.py:840} INFO - DAG(s) 'tutorial_taskflow_api' retrieved from /home/airflow/.local/lib/python3.8/site-packages/airflow/example_dags/tutorial_taskflow_api.py
[2026-04-21T05:55:05.371+0000] {logging_mixin.py:188} INFO - [2026-04-21T05:55:05.371+0000] {dag.py:3036} INFO - Sync 1 DAGs
[2026-04-21T05:55:05.385+0000] {logging_mixin.py:188} INFO - [2026-04-21T05:55:05.385+0000] {dag.py:3823} INFO - Setting next_dagrun for tutorial_taskflow_api to None, run_after=None
[2026-04-21T05:55:05.405+0000] {processor.py:183} INFO - Processing /home/airflow/.local/lib/python3.8/site-packages/airflow/example_dags/tutorial_taskflow_api.py took 0.075 seconds
[2026-04-21T05:55:35.564+0000] {processor.py:161} INFO - Started process (PID=3741636) to work on /home/airflow/.local/lib/python3.8/site-packages/airflow/example_dags/tutorial_taskflow_api.py
[2026-04-21T05:55:35.565+0000] {processor.py:830} INFO - Processing file /home/airflow/.local/lib/python3.8/site-packages/airflow/example_dags/tutorial_taskflow_api.py for tasks to queue
[2026-04-21T05:55:35.568+0000] {logging_mixin.py:188} INFO - [2026-04-21T05:55:35.567+0000] {dagbag.py:538} INFO - Filling up the DagBag from /home/airflow/.local/lib/python3.8/site-packages/airflow/example_dags/tutorial_taskflow_api.py
[2026-04-21T05:55:35.576+0000] {processor.py:840} INFO - DAG(s) 'tutorial_taskflow_api' retrieved from /home/airflow/.local/lib/python3.8/site-packages/airflow/example_dags/tutorial_taskflow_api.py
[2026-04-21T05:55:35.599+0000] {logging_mixin.py:188} INFO - [2026-04-21T05:55:35.599+0000] {dag.py:3036} INFO - Sync 1 DAGs
[2026-04-21T05:55:35.613+0000] {logging_mixin.py:188} INFO - [2026-04-21T05:55:35.613+0000] {dag.py:3823} INFO - Setting next_dagrun for tutorial_taskflow_api to None, run_after=None
[2026-04-21T05:55:35.632+0000] {processor.py:183} INFO - Processing /home/airflow/.local/lib/python3.8/site-packages/airflow/example_dags/tutorial_taskflow_api.py took 0.073 seconds
[2026-04-21T05:56:06.167+0000] {processor.py:161} INFO - Started process (PID=3741693) to work on /home/airflow/.local/lib/python3.8/site-packages/airflow/example_dags/tutorial_taskflow_api.py
[2026-04-21T05:56:06.168+0000] {processor.py:830} INFO - Processing file /home/airflow/.local/lib/python3.8/site-packages/airflow/example_dags/tutorial_taskflow_api.py for tasks to queue
[2026-04-21T05:56:06.171+0000] {logging_mixin.py:188} INFO - [2026-04-21T05:56:06.170+0000] {dagbag.py:538} INFO - Filling up the DagBag from /home/airflow/.local/lib/python3.8/site-packages/airflow/example_dags/tutorial_taskflow_api.py
[2026-04-21T05:56:06.180+0000] {processor.py:840} INFO - DAG(s) 'tutorial_taskflow_api' retrieved from /home/airflow/.local/lib/python3.8/site-packages/airflow/example_dags/tutorial_taskflow_api.py
[2026-04-21T05:56:06.204+0000] {logging_mixin.py:188} INFO - [2026-04-21T05:56:06.203+0000] {dag.py:3036} INFO - Sync 1 DAGs
[2026-04-21T05:56:06.218+0000] {logging_mixin.py:188} INFO - [2026-04-21T05:56:06.218+0000] {dag.py:3823} INFO - Setting next_dagrun for tutorial_taskflow_api to None, run_after=None
[2026-04-21T05:56:06.238+0000] {processor.py:183} INFO - Processing /home/airflow/.local/lib/python3.8/site-packages/airflow/example_dags/tutorial_taskflow_api.py took 0.076 seconds
[2026-04-21T05:56:36.372+0000] {processor.py:161} INFO - Started process (PID=3741750) to work on /home/airflow/.local/lib/python3.8/site-packages/airflow/example_dags/tutorial_taskflow_api.py
[2026-04-21T05:56:36.374+0000] {processor.py:830} INFO - Processing file /home/airflow/.local/lib/python3.8/site-packages/airflow/example_dags/tutorial_taskflow_api.py for tasks to queue
[2026-04-21T05:56:36.376+0000] {logging_mixin.py:188} INFO - [2026-04-21T05:56:36.376+0000] {dagbag.py:538} INFO - Filling up the DagBag from /home/airflow/.local/lib/python3.8/site-packages/airflow/example_dags/tutorial_taskflow_api.py
[2026-04-21T05:56:36.385+0000] {processor.py:840} INFO - DAG(s) 'tutorial_taskflow_api' retrieved from /home/airflow/.local/lib/python3.8/site-packages/airflow/example_dags/tutorial_taskflow_api.py
[2026-04-21T05:56:36.409+0000] {logging_mixin.py:188} INFO - [2026-04-21T05:56:36.409+0000] {dag.py:3036} INFO - Sync 1 DAGs
[2026-04-21T05:56:36.423+0000] {logging_mixin.py:188} INFO - [2026-04-21T05:56:36.423+0000] {dag.py:3823} INFO - Setting next_dagrun for tutorial_taskflow_api to None, run_after=None
[2026-04-21T05:56:36.443+0000] {processor.py:183} INFO - Processing /home/airflow/.local/lib/python3.8/site-packages/airflow/example_dags/tutorial_taskflow_api.py took 0.075 seconds
[2026-04-21T05:57:06.596+0000] {processor.py:161} INFO - Started process (PID=3741807) to work on /home/airflow/.local/lib/python3.8/site-packages/airflow/example_dags/tutorial_taskflow_api.py
[2026-04-21T05:57:06.598+0000] {processor.py:830} INFO - Processing file /home/airflow/.local/lib/python3.8/site-packages/airflow/example_dags/tutorial_taskflow_api.py for tasks to queue
[2026-04-21T05:57:06.600+0000] {logging_mixin.py:188} INFO - [2026-04-21T05:57:06.600+0000] {dagbag.py:538} INFO - Filling up the DagBag from /home/airflow/.local/lib/python3.8/site-packages/airflow/example_dags/tutorial_taskflow_api.py
[2026-04-21T05:57:06.609+0000] {processor.py:840} INFO - DAG(s) 'tutorial_taskflow_api' retrieved from /home/airflow/.local/lib/python3.8/site-packages/airflow/example_dags/tutorial_taskflow_api.py
[2026-04-21T05:57:06.632+0000] {logging_mixin.py:188} INFO - [2026-04-21T05:57:06.631+0000] {dag.py:3036} INFO - Sync 1 DAGs
[2026-04-21T05:57:06.645+0000] {logging_mixin.py:188} INFO - [2026-04-21T05:57:06.645+0000] {dag.py:3823} INFO - Setting next_dagrun for tutorial_taskflow_api to None, run_after=None
[2026-04-21T05:57:06.664+0000] {processor.py:183} INFO - Processing /home/airflow/.local/lib/python3.8/site-packages/airflow/example_dags/tutorial_taskflow_api.py took 0.073 seconds
[2026-04-21T05:57:37.428+0000] {processor.py:161} INFO - Started process (PID=3741864) to work on /home/airflow/.local/lib/python3.8/site-packages/airflow/example_dags/tutorial_taskflow_api.py
[2026-04-21T05:57:37.430+0000] {processor.py:830} INFO - Processing file /home/airflow/.local/lib/python3.8/site-packages/airflow/example_dags/tutorial_taskflow_api.py for tasks to queue
[2026-04-21T05:57:37.432+0000] {logging_mixin.py:188} INFO - [2026-04-21T05:57:37.432+0000] {dagbag.py:538} INFO - Filling up the DagBag from /home/airflow/.local/lib/python3.8/site-packages/airflow/example_dags/tutorial_taskflow_api.py
[2026-04-21T05:57:37.441+0000] {processor.py:840} INFO - DAG(s) 'tutorial_taskflow_api' retrieved from /home/airflow/.local/lib/python3.8/site-packages/airflow/example_dags/tutorial_taskflow_api.py
[2026-04-21T05:57:37.465+0000] {logging_mixin.py:188} INFO - [2026-04-21T05:57:37.464+0000] {dag.py:3036} INFO - Sync 1 DAGs
[2026-04-21T05:57:37.479+0000] {logging_mixin.py:188} INFO - [2026-04-21T05:57:37.479+0000] {dag.py:3823} INFO - Setting next_dagrun for tutorial_taskflow_api to None, run_after=None
[2026-04-21T05:57:37.499+0000] {processor.py:183} INFO - Processing /home/airflow/.local/lib/python3.8/site-packages/airflow/example_dags/tutorial_taskflow_api.py took 0.076 seconds
[2026-04-21T05:58:07.615+0000] {processor.py:161} INFO - Started process (PID=3741921) to work on /home/airflow/.local/lib/python3.8/site-packages/airflow/example_dags/tutorial_taskflow_api.py
[2026-04-21T05:58:07.617+0000] {processor.py:830} INFO - Processing file /home/airflow/.local/lib/python3.8/site-packages/airflow/example_dags/tutorial_taskflow_api.py for tasks to queue
[2026-04-21T05:58:07.620+0000] {logging_mixin.py:188} INFO - [2026-04-21T05:58:07.619+0000] {dagbag.py:538} INFO - Filling up the DagBag from /home/airflow/.local/lib/python3.8/site-packages/airflow/example_dags/tutorial_taskflow_api.py
[2026-04-21T05:58:07.628+0000] {processor.py:840} INFO - DAG(s) 'tutorial_taskflow_api' retrieved from /home/airflow/.local/lib/python3.8/site-packages/airflow/example_dags/tutorial_taskflow_api.py
[2026-04-21T05:58:07.652+0000] {logging_mixin.py:188} INFO - [2026-04-21T05:58:07.652+0000] {dag.py:3036} INFO - Sync 1 DAGs
[2026-04-21T05:58:07.667+0000] {logging_mixin.py:188} INFO - [2026-04-21T05:58:07.666+0000] {dag.py:3823} INFO - Setting next_dagrun for tutorial_taskflow_api to None, run_after=None
[2026-04-21T05:58:07.687+0000] {processor.py:183} INFO - Processing /home/airflow/.local/lib/python3.8/site-packages/airflow/example_dags/tutorial_taskflow_api.py took 0.076 seconds
[2026-04-21T05:58:38.079+0000] {processor.py:161} INFO - Started process (PID=3741978) to work on /home/airflow/.local/lib/python3.8/site-packages/airflow/example_dags/tutorial_taskflow_api.py
[2026-04-21T05:58:38.081+0000] {processor.py:830} INFO - Processing file /home/airflow/.local/lib/python3.8/site-packages/airflow/example_dags/tutorial_taskflow_api.py for tasks to queue
[2026-04-21T05:58:38.083+0000] {logging_mixin.py:188} INFO - [2026-04-21T05:58:38.083+0000] {dagbag.py:538} INFO - Filling up the DagBag from /home/airflow/.local/lib/python3.8/site-packages/airflow/example_dags/tutorial_taskflow_api.py
[2026-04-21T05:58:38.092+0000] {processor.py:840} INFO - DAG(s) 'tutorial_taskflow_api' retrieved from /home/airflow/.local/lib/python3.8/site-packages/airflow/example_dags/tutorial_taskflow_api.py
[2026-04-21T05:58:38.117+0000] {logging_mixin.py:188} INFO - [2026-04-21T05:58:38.117+0000] {dag.py:3036} INFO - Sync 1 DAGs
[2026-04-21T05:58:38.131+0000] {logging_mixin.py:188} INFO - [2026-04-21T05:58:38.131+0000] {dag.py:3823} INFO - Setting next_dagrun for tutorial_taskflow_api to None, run_after=None
[2026-04-21T05:58:38.150+0000] {processor.py:183} INFO - Processing /home/airflow/.local/lib/python3.8/site-packages/airflow/example_dags/tutorial_taskflow_api.py took 0.076 seconds
[2026-04-21T05:59:08.501+0000] {processor.py:161} INFO - Started process (PID=3742035) to work on /home/airflow/.local/lib/python3.8/site-packages/airflow/example_dags/tutorial_taskflow_api.py
[2026-04-21T05:59:08.503+0000] {processor.py:830} INFO - Processing file /home/airflow/.local/lib/python3.8/site-packages/airflow/example_dags/tutorial_taskflow_api.py for tasks to queue
[2026-04-21T05:59:08.506+0000] {logging_mixin.py:188} INFO - [2026-04-21T05:59:08.505+0000] {dagbag.py:538} INFO - Filling up the DagBag from /home/airflow/.local/lib/python3.8/site-packages/airflow/example_dags/tutorial_taskflow_api.py
[2026-04-21T05:59:08.514+0000] {processor.py:840} INFO - DAG(s) 'tutorial_taskflow_api' retrieved from /home/airflow/.local/lib/python3.8/site-packages/airflow/example_dags/tutorial_taskflow_api.py
[2026-04-21T05:59:08.537+0000] {logging_mixin.py:188} INFO - [2026-04-21T05:59:08.537+0000] {dag.py:3036} INFO - Sync 1 DAGs
[2026-04-21T05:59:08.551+0000] {logging_mixin.py:188} INFO - [2026-04-21T05:59:08.551+0000] {dag.py:3823} INFO - Setting next_dagrun for tutorial_taskflow_api to None, run_after=None
[2026-04-21T05:59:08.571+0000] {processor.py:183} INFO - Processing /home/airflow/.local/lib/python3.8/site-packages/airflow/example_dags/tutorial_taskflow_api.py took 0.075 seconds
[2026-04-21T05:59:38.949+0000] {processor.py:161} INFO - Started process (PID=3742092) to work on /home/airflow/.local/lib/python3.8/site-packages/airflow/example_dags/tutorial_taskflow_api.py
[2026-04-21T05:59:38.950+0000] {processor.py:830} INFO - Processing file /home/airflow/.local/lib/python3.8/site-packages/airflow/example_dags/tutorial_taskflow_api.py for tasks to queue
[2026-04-21T05:59:38.953+0000] {logging_mixin.py:188} INFO - [2026-04-21T05:59:38.952+0000] {dagbag.py:538} INFO - Filling up the DagBag from /home/airflow/.local/lib/python3.8/site-packages/airflow/example_dags/tutorial_taskflow_api.py
[2026-04-21T05:59:38.961+0000] {processor.py:840} INFO - DAG(s) 'tutorial_taskflow_api' retrieved from /home/airflow/.local/lib/python3.8/site-packages/airflow/example_dags/tutorial_taskflow_api.py
[2026-04-21T05:59:38.985+0000] {logging_mixin.py:188} INFO - [2026-04-21T05:59:38.985+0000] {dag.py:3036} INFO - Sync 1 DAGs
[2026-04-21T05:59:38.999+0000] {logging_mixin.py:188} INFO - [2026-04-21T05:59:38.999+0000] {dag.py:3823} INFO - Setting next_dagrun for tutorial_taskflow_api to None, run_after=None
[2026-04-21T05:59:39.018+0000] {processor.py:183} INFO - Processing /home/airflow/.local/lib/python3.8/site-packages/airflow/example_dags/tutorial_taskflow_api.py took 0.074 seconds
[2026-04-21T06:00:09.200+0000] {processor.py:161} INFO - Started process (PID=3742155) to work on /home/airflow/.local/lib/python3.8/site-packages/airflow/example_dags/tutorial_taskflow_api.py
[2026-04-21T06:00:09.202+0000] {processor.py:830} INFO - Processing file /home/airflow/.local/lib/python3.8/site-packages/airflow/example_dags/tutorial_taskflow_api.py for tasks to queue
[2026-04-21T06:00:09.204+0000] {logging_mixin.py:188} INFO - [2026-04-21T06:00:09.204+0000] {dagbag.py:538} INFO - Filling up the DagBag from /home/airflow/.local/lib/python3.8/site-packages/airflow/example_dags/tutorial_taskflow_api.py
[2026-04-21T06:00:09.213+0000] {processor.py:840} INFO - DAG(s) 'tutorial_taskflow_api' retrieved from /home/airflow/.local/lib/python3.8/site-packages/airflow/example_dags/tutorial_taskflow_api.py
[2026-04-21T06:00:09.236+0000] {logging_mixin.py:188} INFO - [2026-04-21T06:00:09.236+0000] {dag.py:3036} INFO - Sync 1 DAGs
[2026-04-21T06:00:09.249+0000] {logging_mixin.py:188} INFO - [2026-04-21T06:00:09.249+0000] {dag.py:3823} INFO - Setting next_dagrun for tutorial_taskflow_api to None, run_after=None
[2026-04-21T06:00:09.269+0000] {processor.py:183} INFO - Processing /home/airflow/.local/lib/python3.8/site-packages/airflow/example_dags/tutorial_taskflow_api.py took 0.075 seconds
[2026-04-21T06:00:39.353+0000] {processor.py:161} INFO - Started process (PID=3742212) to work on /home/airflow/.local/lib/python3.8/site-packages/airflow/example_dags/tutorial_taskflow_api.py
[2026-04-21T06:00:39.354+0000] {processor.py:830} INFO - Processing file /home/airflow/.local/lib/python3.8/site-packages/airflow/example_dags/tutorial_taskflow_api.py for tasks to queue
[2026-04-21T06:00:39.357+0000] {logging_mixin.py:188} INFO - [2026-04-21T06:00:39.356+0000] {dagbag.py:538} INFO - Filling up the DagBag from /home/airflow/.local/lib/python3.8/site-packages/airflow/example_dags/tutorial_taskflow_api.py
[2026-04-21T06:00:39.366+0000] {processor.py:840} INFO - DAG(s) 'tutorial_taskflow_api' retrieved from /home/airflow/.local/lib/python3.8/site-packages/airflow/example_dags/tutorial_taskflow_api.py
[2026-04-21T06:00:39.389+0000] {logging_mixin.py:188} INFO - [2026-04-21T06:00:39.388+0000] {dag.py:3036} INFO - Sync 1 DAGs
[2026-04-21T06:00:39.402+0000] {logging_mixin.py:188} INFO - [2026-04-21T06:00:39.402+0000] {dag.py:3823} INFO - Setting next_dagrun for tutorial_taskflow_api to None, run_after=None
[2026-04-21T06:00:39.421+0000] {processor.py:183} INFO - Processing /home/airflow/.local/lib/python3.8/site-packages/airflow/example_dags/tutorial_taskflow_api.py took 0.073 seconds
[2026-04-21T06:01:09.552+0000] {processor.py:161} INFO - Started process (PID=3742269) to work on /home/airflow/.local/lib/python3.8/site-packages/airflow/example_dags/tutorial_taskflow_api.py
[2026-04-21T06:01:09.554+0000] {processor.py:830} INFO - Processing file /home/airflow/.local/lib/python3.8/site-packages/airflow/example_dags/tutorial_taskflow_api.py for tasks to queue
[2026-04-21T06:01:09.557+0000] {logging_mixin.py:188} INFO - [2026-04-21T06:01:09.556+0000] {dagbag.py:538} INFO - Filling up the DagBag from /home/airflow/.local/lib/python3.8/site-packages/airflow/example_dags/tutorial_taskflow_api.py
[2026-04-21T06:01:09.565+0000] {processor.py:840} INFO - DAG(s) 'tutorial_taskflow_api' retrieved from /home/airflow/.local/lib/python3.8/site-packages/airflow/example_dags/tutorial_taskflow_api.py
[2026-04-21T06:01:09.589+0000] {logging_mixin.py:188} INFO - [2026-04-21T06:01:09.588+0000] {dag.py:3036} INFO - Sync 1 DAGs
[2026-04-21T06:01:09.602+0000] {logging_mixin.py:188} INFO - [2026-04-21T06:01:09.602+0000] {dag.py:3823} INFO - Setting next_dagrun for tutorial_taskflow_api to None, run_after=None
[2026-04-21T06:01:09.621+0000] {processor.py:183} INFO - Processing /home/airflow/.local/lib/python3.8/site-packages/airflow/example_dags/tutorial_taskflow_api.py took 0.074 seconds
[2026-04-21T06:01:39.769+0000] {processor.py:161} INFO - Started process (PID=3742326) to work on /home/airflow/.local/lib/python3.8/site-packages/airflow/example_dags/tutorial_taskflow_api.py
[2026-04-21T06:01:39.771+0000] {processor.py:830} INFO - Processing file /home/airflow/.local/lib/python3.8/site-packages/airflow/example_dags/tutorial_taskflow_api.py for tasks to queue
[2026-04-21T06:01:39.774+0000] {logging_mixin.py:188} INFO - [2026-04-21T06:01:39.773+0000] {dagbag.py:538} INFO - Filling up the DagBag from /home/airflow/.local/lib/python3.8/site-packages/airflow/example_dags/tutorial_taskflow_api.py
[2026-04-21T06:01:39.782+0000] {processor.py:840} INFO - DAG(s) 'tutorial_taskflow_api' retrieved from /home/airflow/.local/lib/python3.8/site-packages/airflow/example_dags/tutorial_taskflow_api.py
[2026-04-21T06:01:39.806+0000] {logging_mixin.py:188} INFO - [2026-04-21T06:01:39.805+0000] {dag.py:3036} INFO - Sync 1 DAGs
[2026-04-21T06:01:39.820+0000] {logging_mixin.py:188} INFO - [2026-04-21T06:01:39.820+0000] {dag.py:3823} INFO - Setting next_dagrun for tutorial_taskflow_api to None, run_after=None
[2026-04-21T06:01:39.839+0000] {processor.py:183} INFO - Processing /home/airflow/.local/lib/python3.8/site-packages/airflow/example_dags/tutorial_taskflow_api.py took 0.074 seconds
[2026-04-21T06:02:10.133+0000] {processor.py:161} INFO - Started process (PID=3742383) to work on /home/airflow/.local/lib/python3.8/site-packages/airflow/example_dags/tutorial_taskflow_api.py
[2026-04-21T06:02:10.137+0000] {processor.py:830} INFO - Processing file /home/airflow/.local/lib/python3.8/site-packages/airflow/example_dags/tutorial_taskflow_api.py for tasks to queue
[2026-04-21T06:02:10.139+0000] {logging_mixin.py:188} INFO - [2026-04-21T06:02:10.139+0000] {dagbag.py:538} INFO - Filling up the DagBag from /home/airflow/.local/lib/python3.8/site-packages/airflow/example_dags/tutorial_taskflow_api.py
[2026-04-21T06:02:10.148+0000] {processor.py:840} INFO - DAG(s) 'tutorial_taskflow_api' retrieved from /home/airflow/.local/lib/python3.8/site-packages/airflow/example_dags/tutorial_taskflow_api.py
[2026-04-21T06:02:10.171+0000] {logging_mixin.py:188} INFO - [2026-04-21T06:02:10.171+0000] {dag.py:3036} INFO - Sync 1 DAGs
[2026-04-21T06:02:10.185+0000] {logging_mixin.py:188} INFO - [2026-04-21T06:02:10.185+0000] {dag.py:3823} INFO - Setting next_dagrun for tutorial_taskflow_api to None, run_after=None
[2026-04-21T06:02:10.205+0000] {processor.py:183} INFO - Processing /home/airflow/.local/lib/python3.8/site-packages/airflow/example_dags/tutorial_taskflow_api.py took 0.077 seconds
[2026-04-21T06:02:40.755+0000] {processor.py:161} INFO - Started process (PID=3742440) to work on /home/airflow/.local/lib/python3.8/site-packages/airflow/example_dags/tutorial_taskflow_api.py
[2026-04-21T06:02:40.758+0000] {processor.py:830} INFO - Processing file /home/airflow/.local/lib/python3.8/site-packages/airflow/example_dags/tutorial_taskflow_api.py for tasks to queue
[2026-04-21T06:02:40.761+0000] {logging_mixin.py:188} INFO - [2026-04-21T06:02:40.761+0000] {dagbag.py:538} INFO - Filling up the DagBag from /home/airflow/.local/lib/python3.8/site-packages/airflow/example_dags/tutorial_taskflow_api.py
[2026-04-21T06:02:40.772+0000] {processor.py:840} INFO - DAG(s) 'tutorial_taskflow_api' retrieved from /home/airflow/.local/lib/python3.8/site-packages/airflow/example_dags/tutorial_taskflow_api.py
[2026-04-21T06:02:40.797+0000] {logging_mixin.py:188} INFO - [2026-04-21T06:02:40.796+0000] {dag.py:3036} INFO - Sync 1 DAGs
[2026-04-21T06:02:40.811+0000] {logging_mixin.py:188} INFO - [2026-04-21T06:02:40.811+0000] {dag.py:3823} INFO - Setting next_dagrun for tutorial_taskflow_api to None, run_after=None
[2026-04-21T06:02:40.836+0000] {processor.py:183} INFO - Processing /home/airflow/.local/lib/python3.8/site-packages/airflow/example_dags/tutorial_taskflow_api.py took 0.087 seconds
[2026-04-21T06:03:11.184+0000] {processor.py:161} INFO - Started process (PID=3742497) to work on /home/airflow/.local/lib/python3.8/site-packages/airflow/example_dags/tutorial_taskflow_api.py
[2026-04-21T06:03:11.186+0000] {processor.py:830} INFO - Processing file /home/airflow/.local/lib/python3.8/site-packages/airflow/example_dags/tutorial_taskflow_api.py for tasks to queue
[2026-04-21T06:03:11.188+0000] {logging_mixin.py:188} INFO - [2026-04-21T06:03:11.188+0000] {dagbag.py:538} INFO - Filling up the DagBag from /home/airflow/.local/lib/python3.8/site-packages/airflow/example_dags/tutorial_taskflow_api.py
[2026-04-21T06:03:11.196+0000] {processor.py:840} INFO - DAG(s) 'tutorial_taskflow_api' retrieved from /home/airflow/.local/lib/python3.8/site-packages/airflow/example_dags/tutorial_taskflow_api.py
[2026-04-21T06:03:11.219+0000] {logging_mixin.py:188} INFO - [2026-04-21T06:03:11.219+0000] {dag.py:3036} INFO - Sync 1 DAGs
[2026-04-21T06:03:11.233+0000] {logging_mixin.py:188} INFO - [2026-04-21T06:03:11.233+0000] {dag.py:3823} INFO - Setting next_dagrun for tutorial_taskflow_api to None, run_after=None
[2026-04-21T06:03:11.252+0000] {processor.py:183} INFO - Processing /home/airflow/.local/lib/python3.8/site-packages/airflow/example_dags/tutorial_taskflow_api.py took 0.073 seconds
[2026-04-21T06:03:41.785+0000] {processor.py:161} INFO - Started process (PID=3742554) to work on /home/airflow/.local/lib/python3.8/site-packages/airflow/example_dags/tutorial_taskflow_api.py
[2026-04-21T06:03:41.787+0000] {processor.py:830} INFO - Processing file /home/airflow/.local/lib/python3.8/site-packages/airflow/example_dags/tutorial_taskflow_api.py for tasks to queue
[2026-04-21T06:03:41.790+0000] {logging_mixin.py:188} INFO - [2026-04-21T06:03:41.789+0000] {dagbag.py:538} INFO - Filling up the DagBag from /home/airflow/.local/lib/python3.8/site-packages/airflow/example_dags/tutorial_taskflow_api.py
[2026-04-21T06:03:41.798+0000] {processor.py:840} INFO - DAG(s) 'tutorial_taskflow_api' retrieved from /home/airflow/.local/lib/python3.8/site-packages/airflow/example_dags/tutorial_taskflow_api.py
[2026-04-21T06:03:41.821+0000] {logging_mixin.py:188} INFO - [2026-04-21T06:03:41.821+0000] {dag.py:3036} INFO - Sync 1 DAGs
[2026-04-21T06:03:41.835+0000] {logging_mixin.py:188} INFO - [2026-04-21T06:03:41.835+0000] {dag.py:3823} INFO - Setting next_dagrun for tutorial_taskflow_api to None, run_after=None
[2026-04-21T06:03:41.853+0000] {processor.py:183} INFO - Processing /home/airflow/.local/lib/python3.8/site-packages/airflow/example_dags/tutorial_taskflow_api.py took 0.073 seconds
[2026-04-21T06:04:12.089+0000] {processor.py:161} INFO - Started process (PID=3742611) to work on /home/airflow/.local/lib/python3.8/site-packages/airflow/example_dags/tutorial_taskflow_api.py
[2026-04-21T06:04:12.092+0000] {processor.py:830} INFO - Processing file /home/airflow/.local/lib/python3.8/site-packages/airflow/example_dags/tutorial_taskflow_api.py for tasks to queue
[2026-04-21T06:04:12.094+0000] {logging_mixin.py:188} INFO - [2026-04-21T06:04:12.094+0000] {dagbag.py:538} INFO - Filling up the DagBag from /home/airflow/.local/lib/python3.8/site-packages/airflow/example_dags/tutorial_taskflow_api.py
[2026-04-21T06:04:12.103+0000] {processor.py:840} INFO - DAG(s) 'tutorial_taskflow_api' retrieved from /home/airflow/.local/lib/python3.8/site-packages/airflow/example_dags/tutorial_taskflow_api.py
[2026-04-21T06:04:12.127+0000] {logging_mixin.py:188} INFO - [2026-04-21T06:04:12.127+0000] {dag.py:3036} INFO - Sync 1 DAGs
[2026-04-21T06:04:12.140+0000] {logging_mixin.py:188} INFO - [2026-04-21T06:04:12.140+0000] {dag.py:3823} INFO - Setting next_dagrun for tutorial_taskflow_api to None, run_after=None
[2026-04-21T06:04:12.160+0000] {processor.py:183} INFO - Processing /home/airflow/.local/lib/python3.8/site-packages/airflow/example_dags/tutorial_taskflow_api.py took 0.075 seconds
[2026-04-21T06:04:42.441+0000] {processor.py:161} INFO - Started process (PID=3742668) to work on /home/airflow/.local/lib/python3.8/site-packages/airflow/example_dags/tutorial_taskflow_api.py
[2026-04-21T06:04:42.443+0000] {processor.py:830} INFO - Processing file /home/airflow/.local/lib/python3.8/site-packages/airflow/example_dags/tutorial_taskflow_api.py for tasks to queue
[2026-04-21T06:04:42.445+0000] {logging_mixin.py:188} INFO - [2026-04-21T06:04:42.445+0000] {dagbag.py:538} INFO - Filling up the DagBag from /home/airflow/.local/lib/python3.8/site-packages/airflow/example_dags/tutorial_taskflow_api.py
[2026-04-21T06:04:42.456+0000] {processor.py:840} INFO - DAG(s) 'tutorial_taskflow_api' retrieved from /home/airflow/.local/lib/python3.8/site-packages/airflow/example_dags/tutorial_taskflow_api.py
[2026-04-21T06:04:42.485+0000] {logging_mixin.py:188} INFO - [2026-04-21T06:04:42.484+0000] {dag.py:3036} INFO - Sync 1 DAGs
[2026-04-21T06:04:42.505+0000] {logging_mixin.py:188} INFO - [2026-04-21T06:04:42.505+0000] {dag.py:3823} INFO - Setting next_dagrun for tutorial_taskflow_api to None, run_after=None
[2026-04-21T06:04:42.528+0000] {processor.py:183} INFO - Processing /home/airflow/.local/lib/python3.8/site-packages/airflow/example_dags/tutorial_taskflow_api.py took 0.092 seconds
