game_id,date,team,opponent,home_away,status,result,score_team,score_opp,ballpark,cancellation_reason
20160401HTNC0_KIA,2016-04-01,KIA,NC,A,Final,Loss,4.0,5.0,마산,
20160401HTNC0_NC,2016-04-01,NC,KIA,H,Final,Win,5.0,4.0,마산,
20160401HHLG0_한화,2016-04-01,한화,LG,A,Final,Loss,4.0,5.0,잠실,
20160401HHLG0_LG,2016-04-01,LG,한화,H,Final,Win,5.0,4.0,잠실,
20160401OBSS0_두산,2016-04-01,두산,삼성,A,Final,Win,5.0,1.0,대구,
20160401OBSS0_삼성,2016-04-01,삼성,두산,H,Final,Loss,1.0,5.0,대구,
20160401KTSK0_KT,2016-04-01,KT,SK,A,Final,Win,8.0,4.0,문학,
20160401KTSK0_SK,2016-04-01,SK,KT,H,Final,Loss,4.0,8.0,문학,
20160401LTWO0_롯데,2016-04-01,롯데,넥센,A,Final,Win,2.0,1.0,고척,
20160401LTWO0_넥센,2016-04-01,넥센,롯데,H,Final,Loss,1.0,2.0,고척,
20160402LTWO0_롯데,2016-04-02,롯데,넥센,A,Final,Loss,3.0,5.0,고척,
20160402LTWO0_넥센,2016-04-02,넥센,롯데,H,Final,Win,5.0,3.0,고척,
20160402HTNC0_KIA,2016-04-02,KIA,NC,A,Final,Win,4.0,3.0,마산,
20160402HTNC0_NC,2016-04-02,NC,KIA,H,Final,Loss,3.0,4.0,마산,
20160402HHLG0_한화,2016-04-02,한화,LG,A,Final,Loss,7.0,8.0,잠실,
20160402HHLG0_LG,2016-04-02,LG,한화,H,Final,Win,8.0,7.0,잠실,
20160402OBSS0_두산,2016-04-02,두산,삼성,A,Final,Loss,6.0,10.0,대구,
20160402OBSS0_삼성,2016-04-02,삼성,두산,H,Final,Win,10.0,6.0,대구,
20160402KTSK0_KT,2016-04-02,KT,SK,A,Final,Loss,3.0,4.0,문학,
20160402KTSK0_SK,2016-04-02,SK,KT,H,Final,Win,4.0,3.0,문학,
20160403KTSK0_KT,2016-04-03,KT,SK,A,Final,Win,5.0,4.0,문학,
20160403KTSK0_SK,2016-04-03,SK,KT,H,Final,Loss,4.0,5.0,문학,
20160403LTWO0_롯데,2016-04-03,롯데,넥센,A,Final,Loss,5.0,6.0,고척,
20160403LTWO0_넥센,2016-04-03,넥센,롯데,H,Final,Win,6.0,5.0,고척,
20160405WOHH0_넥센,2016-04-05,넥센,한화,A,Final,Loss,5.0,9.0,한밭,
20160405WOHH0_한화,2016-04-05,한화,넥센,H,Final,Win,9.0,5.0,한밭,
20160405NCOB0_NC,2016-04-05,NC,두산,A,Final,Loss,2.0,6.0,잠실,
20160405NCOB0_두산,2016-04-05,두산,NC,H,Final,Win,6.0,2.0,잠실,
20160405SKLT0_SK,2016-04-05,SK,롯데,A,Final,Loss,1.0,2.0,사직,
20160405SKLT0_롯데,2016-04-05,롯데,SK,H,Final,Win,2.0,1.0,사직,
20160405LGHT0_LG,2016-04-05,LG,KIA,A,Final,Loss,1.0,4.0,광주,
20160405LGHT0_KIA,2016-04-05,KIA,LG,H,Final,Win,4.0,1.0,광주,
20160405SSKT0_삼성,2016-04-05,삼성,KT,A,Final,Loss,3.0,8.0,수원,
20160405SSKT0_KT,2016-04-05,KT,삼성,H,Final,Win,8.0,3.0,수원,
20160406WOHH0_넥센,2016-04-06,넥센,한화,A,Final,Win,6.0,4.0,한밭,
20160406WOHH0_한화,2016-04-06,한화,넥센,H,Final,Loss,4.0,6.0,한밭,
20160406NCOB0_NC,2016-04-06,NC,두산,A,Final,Loss,0.0,2.0,잠실,
20160406NCOB0_두산,2016-04-06,두산,NC,H,Final,Win,2.0,0.0,잠실,
20160406SKLT0_SK,2016-04-06,SK,롯데,A,Final,Loss,1.0,11.0,사직,
20160406SKLT0_롯데,2016-04-06,롯데,SK,H,Final,Win,11.0,1.0,사직,
20160406SSKT0_삼성,2016-04-06,삼성,KT,A,Final,Win,11.0,6.0,수원,
20160406SSKT0_KT,2016-04-06,KT,삼성,H,Final,Loss,6.0,11.0,수원,
20160407WOHH0_넥센,2016-04-07,넥센,한화,A,Final,Win,7.0,3.0,한밭,
20160407WOHH0_한화,2016-04-07,한화,넥센,H,Final,Loss,3.0,7.0,한밭,
20160407NCOB0_NC,2016-04-07,NC,두산,A,Final,Win,8.0,2.0,잠실,
20160407NCOB0_두산,2016-04-07,두산,NC,H,Final,Loss,2.0,8.0,잠실,
20160407SKLT0_SK,2016-04-07,SK,롯데,A,Final,Win,8.0,3.0,사직,
20160407SKLT0_롯데,2016-04-07,롯데,SK,H,Final,Loss,3.0,8.0,사직,
20160407LGHT0_LG,2016-04-07,LG,KIA,A,Final,Win,8.0,4.0,광주,
20160407LGHT0_KIA,2016-04-07,KIA,LG,H,Final,Loss,4.0,8.0,광주,
20160407SSKT0_삼성,2016-04-07,삼성,KT,A,Final,Win,3.0,1.0,수원,
20160407SSKT0_KT,2016-04-07,KT,삼성,H,Final,Loss,1.0,3.0,수원,
20160408HHNC0_한화,2016-04-08,한화,NC,A,Final,Loss,4.0,5.0,마산,
20160408HHNC0_NC,2016-04-08,NC,한화,H,Final,Win,5.0,4.0,마산,
20160408WOOB0_넥센,2016-04-08,넥센,두산,A,Final,Loss,4.0,6.0,잠실,
20160408WOOB0_두산,2016-04-08,두산,넥센,H,Final,Win,6.0,4.0,잠실,
20160408SSLT0_삼성,2016-04-08,삼성,롯데,A,Final,Win,7.0,3.0,사직,
20160408SSLT0_롯데,2016-04-08,롯데,삼성,H,Final,Loss,3.0,7.0,사직,
20160408LGSK0_LG,2016-04-08,LG,SK,A,Final,Loss,2.0,3.0,문학,
20160408LGSK0_SK,2016-04-08,SK,LG,H,Final,Win,3.0,2.0,문학,
20160408HTKT0_KIA,2016-04-08,KIA,KT,A,Final,Loss,0.0,4.0,수원,
20160408HTKT0_KT,2016-04-08,KT,KIA,H,Final,Win,4.0,0.0,수원,
20160409SSLT0_삼성,2016-04-09,삼성,롯데,A,Final,Loss,4.0,7.0,사직,
20160409SSLT0_롯데,2016-04-09,롯데,삼성,H,Final,Win,7.0,4.0,사직,
20160409HHNC0_한화,2016-04-09,한화,NC,A,Final,Loss,1.0,10.0,마산,
20160409HHNC0_NC,2016-04-09,NC,한화,H,Final,Win,10.0,1.0,마산,
20160409LGSK0_LG,2016-04-09,LG,SK,A,Final,Loss,3.0,4.0,문학,
20160409LGSK0_SK,2016-04-09,SK,LG,H,Final,Win,4.0,3.0,문학,
20160409HTKT0_KIA,2016-04-09,KIA,KT,A,Final,Win,6.0,3.0,수원,
20160409HTKT0_KT,2016-04-09,KT,KIA,H,Final,Loss,3.0,6.0,수원,
20160410HHNC0_한화,2016-04-10,한화,NC,A,Final,Win,2.0,1.0,마산,
20160410HHNC0_NC,2016-04-10,NC,한화,H,Final,Loss,1.0,2.0,마산,
20160410WOOB0_넥센,2016-04-10,넥센,두산,A,Final,Win,5.0,4.0,잠실,
20160410WOOB0_두산,2016-04-10,두산,넥센,H,Final,Loss,4.0,5.0,잠실,
20160410SSLT0_삼성,2016-04-10,삼성,롯데,A,Final,Loss,1.0,5.0,사직,
20160410SSLT0_롯데,2016-04-10,롯데,삼성,H,Final,Win,5.0,1.0,사직,
20160410HTKT0_KIA,2016-04-10,KIA,KT,A,Final,Loss,6.0,9.0,수원,
20160410HTKT0_KT,2016-04-10,KT,KIA,H,Final,Win,9.0,6.0,수원,
20160410LGSK0_LG,2016-04-10,LG,SK,A,Final,Loss,6.0,7.0,문학,
20160410LGSK0_SK,2016-04-10,SK,LG,H,Final,Win,7.0,6.0,문학,
20160412OBHH0_두산,2016-04-12,두산,한화,A,Final,Win,8.0,2.0,한밭,
20160412OBHH0_한화,2016-04-12,한화,두산,H,Final,Loss,2.0,8.0,한밭,
20160412LTLG0_롯데,2016-04-12,롯데,LG,A,Final,Loss,11.0,12.0,잠실,
20160412LTLG0_LG,2016-04-12,LG,롯데,H,Final,Win,12.0,11.0,잠실,
20160412NCSS0_NC,2016-04-12,NC,삼성,A,Final,Loss,5.0,16.0,대구,
20160412NCSS0_삼성,2016-04-12,삼성,NC,H,Final,Win,16.0,5.0,대구,
20160412HTSK0_KIA,2016-04-12,KIA,SK,A,Final,Win,7.0,6.0,문학,
20160412HTSK0_SK,2016-04-12,SK,KIA,H,Final,Loss,6.0,7.0,문학,
20160412KTWO0_KT,2016-04-12,KT,넥센,A,Final,Loss,2.0,5.0,고척,
20160412KTWO0_넥센,2016-04-12,넥센,KT,H,Final,Win,5.0,2.0,고척,
20160413OBHH0_두산,2016-04-13,두산,한화,A,Final,Win,7.0,3.0,한밭,
20160413OBHH0_한화,2016-04-13,한화,두산,H,Final,Loss,3.0,7.0,한밭,
20160413LTLG0_롯데,2016-04-13,롯데,LG,A,Final,Loss,3.0,5.0,잠실,
20160413LTLG0_LG,2016-04-13,LG,롯데,H,Final,Win,5.0,3.0,잠실,
20160413NCSS0_NC,2016-04-13,NC,삼성,A,Final,Win,7.0,2.0,대구,
20160413NCSS0_삼성,2016-04-13,삼성,NC,H,Final,Loss,2.0,7.0,대구,
20160413HTSK0_KIA,2016-04-13,KIA,SK,A,Final,Loss,0.0,2.0,문학,
20160413HTSK0_SK,2016-04-13,SK,KIA,H,Final,Win,2.0,0.0,문학,
20160413KTWO0_KT,2016-04-13,KT,넥센,A,Final,Win,7.0,6.0,고척,
20160413KTWO0_넥센,2016-04-13,넥센,KT,H,Final,Loss,6.0,7.0,고척,
20160414OBHH0_두산,2016-04-14,두산,한화,A,Final,Win,17.0,2.0,한밭,
20160414OBHH0_한화,2016-04-14,한화,두산,H,Final,Loss,2.0,17.0,한밭,
20160414LTLG0_롯데,2016-04-14,롯데,LG,A,Final,Win,9.0,0.0,잠실,
20160414LTLG0_LG,2016-04-14,LG,롯데,H,Final,Loss,0.0,9.0,잠실,
20160414NCSS0_NC,2016-04-14,NC,삼성,A,Final,Loss,5.0,7.0,대구,
20160414NCSS0_삼성,2016-04-14,삼성,NC,H,Final,Win,7.0,5.0,대구,
20160414HTSK0_KIA,2016-04-14,KIA,SK,A,Final,Loss,6.0,7.0,문학,
20160414HTSK0_SK,2016-04-14,SK,KIA,H,Final,Win,7.0,6.0,문학,
20160414KTWO0_KT,2016-04-14,KT,넥센,A,Final,Win,5.0,4.0,고척,
20160414KTWO0_넥센,2016-04-14,넥센,KT,H,Final,Loss,4.0,5.0,고척,
20160415LGHH0_LG,2016-04-15,LG,한화,A,Final,Win,18.0,2.0,한밭,
20160415LGHH0_한화,2016-04-15,한화,LG,H,Final,Loss,2.0,18.0,한밭,
20160415LTNC0_롯데,2016-04-15,롯데,NC,A,Final,Loss,0.0,3.0,마산,
20160415LTNC0_NC,2016-04-15,NC,롯데,H,Final,Win,3.0,0.0,마산,
20160415SSOB0_삼성,2016-04-15,삼성,두산,A,Final,Loss,2.0,7.0,잠실,
20160415SSOB0_두산,2016-04-15,두산,삼성,H,Final,Win,7.0,2.0,잠실,
20160415WOHT0_넥센,2016-04-15,넥센,KIA,A,Final,Loss,6.0,11.0,광주,
20160415WOHT0_KIA,2016-04-15,KIA,넥센,H,Final,Win,11.0,6.0,광주,
20160415SKKT0_SK,2016-04-15,SK,KT,A,Final,Win,7.0,3.0,수원,
20160415SKKT0_KT,2016-04-15,KT,SK,H,Final,Loss,3.0,7.0,수원,
20160417LTNC0_롯데,2016-04-17,롯데,NC,A,Final,Win,8.0,5.0,마산,
20160417LTNC0_NC,2016-04-17,NC,롯데,H,Final,Loss,5.0,8.0,마산,
20160417SSOB0_삼성,2016-04-17,삼성,두산,A,Final,Loss,2.0,6.0,잠실,
20160417SSOB0_두산,2016-04-17,두산,삼성,H,Final,Win,6.0,2.0,잠실,
20160417WOHT0_넥센,2016-04-17,넥센,KIA,A,Final,Win,2.0,1.0,광주,
20160417WOHT0_KIA,2016-04-17,KIA,넥센,H,Final,Loss,1.0,2.0,광주,
20160417SKKT0_SK,2016-04-17,SK,KT,A,Final,Win,10.0,6.0,수원,
20160417SKKT0_KT,2016-04-17,KT,SK,H,Final,Loss,6.0,10.0,수원,
20160417LGHH0_LG,2016-04-17,LG,한화,A,Final,Win,6.0,4.0,한밭,
20160417LGHH0_한화,2016-04-17,한화,LG,H,Final,Loss,4.0,6.0,한밭,
20160419NCLG0_NC,2016-04-19,NC,LG,A,Final,Win,8.0,1.0,잠실,
20160419NCLG0_LG,2016-04-19,LG,NC,H,Final,Loss,1.0,8.0,잠실,
20160419HHLT0_한화,2016-04-19,한화,롯데,A,Final,Loss,3.0,4.0,사직,
20160419HHLT0_롯데,2016-04-19,롯데,한화,H,Final,Win,4.0,3.0,사직,
20160419WOSK0_넥센,2016-04-19,넥센,SK,A,Final,Win,3.0,1.0,문학,
20160419WOSK0_SK,2016-04-19,SK,넥센,H,Final,Loss,1.0,3.0,문학,
20160419SSHT0_삼성,2016-04-19,삼성,KIA,A,Final,Loss,2.0,7.0,광주,
20160419SSHT0_KIA,2016-04-19,KIA,삼성,H,Final,Win,7.0,2.0,광주,
20160419OBKT0_두산,2016-04-19,두산,KT,A,Final,Win,3.0,2.0,수원,
20160419OBKT0_KT,2016-04-19,KT,두산,H,Final,Loss,2.0,3.0,수원,
20160420NCLG0_NC,2016-04-20,NC,LG,A,Final,Loss,3.0,6.0,잠실,
20160420NCLG0_LG,2016-04-20,LG,NC,H,Final,Win,6.0,3.0,잠실,
20160420HHLT0_한화,2016-04-20,한화,롯데,A,Final,Loss,4.0,10.0,사직,
20160420HHLT0_롯데,2016-04-20,롯데,한화,H,Final,Win,10.0,4.0,사직,
20160420WOSK0_넥센,2016-04-20,넥센,SK,A,Final,Loss,1.0,9.0,문학,
20160420WOSK0_SK,2016-04-20,SK,넥센,H,Final,Win,9.0,1.0,문학,
20160420SSHT0_삼성,2016-04-20,삼성,KIA,A,Final,Win,2.0,1.0,광주,
20160420SSHT0_KIA,2016-04-20,KIA,삼성,H,Final,Loss,1.0,2.0,광주,
20160420OBKT0_두산,2016-04-20,두산,KT,A,Final,Win,13.0,4.0,수원,
20160420OBKT0_KT,2016-04-20,KT,두산,H,Final,Loss,4.0,13.0,수원,
20160421NCLG0_NC,2016-04-21,NC,LG,A,Final,Win,8.0,5.0,잠실,
20160421NCLG0_LG,2016-04-21,LG,NC,H,Final,Loss,5.0,8.0,잠실,
20160421HHLT0_한화,2016-04-21,한화,롯데,A,Final,Win,9.0,5.0,사직,
20160421HHLT0_롯데,2016-04-21,롯데,한화,H,Final,Loss,5.0,9.0,사직,
20160421WOSK0_넥센,2016-04-21,넥센,SK,A,Final,Loss,2.0,3.0,문학,
20160421WOSK0_SK,2016-04-21,SK,넥센,H,Final,Win,3.0,2.0,문학,
20160421SSHT0_삼성,2016-04-21,삼성,KIA,A,Final,Win,8.0,1.0,광주,
20160421SSHT0_KIA,2016-04-21,KIA,삼성,H,Final,Loss,1.0,8.0,광주,
20160421OBKT0_두산,2016-04-21,두산,KT,A,Final,Loss,3.0,8.0,수원,
20160421OBKT0_KT,2016-04-21,KT,두산,H,Final,Win,8.0,3.0,수원,
20160422HHOB0_한화,2016-04-22,한화,두산,A,Final,Loss,2.0,8.0,잠실,
20160422HHOB0_두산,2016-04-22,두산,한화,H,Final,Win,8.0,2.0,잠실,
20160422KTSS0_KT,2016-04-22,KT,삼성,A,Final,Win,13.0,3.0,대구,
20160422KTSS0_삼성,2016-04-22,삼성,KT,H,Final,Loss,3.0,13.0,대구,
20160422HTLT0_KIA,2016-04-22,KIA,롯데,A,Final,Loss,5.0,7.0,사직,
20160422HTLT0_롯데,2016-04-22,롯데,KIA,H,Final,Win,7.0,5.0,사직,
20160422NCSK0_NC,2016-04-22,NC,SK,A,Final,Win,6.0,5.0,문학,
20160422NCSK0_SK,2016-04-22,SK,NC,H,Final,Loss,5.0,6.0,문학,
20160422LGWO0_LG,2016-04-22,LG,넥센,A,Final,Loss,2.0,10.0,고척,
20160422LGWO0_넥센,2016-04-22,넥센,LG,H,Final,Win,10.0,2.0,고척,
20160423HHOB0_한화,2016-04-23,한화,두산,A,Final,Loss,2.0,3.0,잠실,
20160423HHOB0_두산,2016-04-23,두산,한화,H,Final,Win,3.0,2.0,잠실,
20160423KTSS0_KT,2016-04-23,KT,삼성,A,Final,Win,11.0,6.0,대구,
20160423KTSS0_삼성,2016-04-23,삼성,KT,H,Final,Loss,6.0,11.0,대구,
20160423HTLT0_KIA,2016-04-23,KIA,롯데,A,Final,Win,16.0,10.0,사직,
20160423HTLT0_롯데,2016-04-23,롯데,KIA,H,Final,Loss,10.0,16.0,사직,
20160423NCSK0_NC,2016-04-23,NC,SK,A,Final,Loss,2.0,8.0,문학,
20160423NCSK0_SK,2016-04-23,SK,NC,H,Final,Win,8.0,2.0,문학,
20160423LGWO0_LG,2016-04-23,LG,넥센,A,Final,Loss,2.0,14.0,고척,
20160423LGWO0_넥센,2016-04-23,넥센,LG,H,Final,Win,14.0,2.0,고척,
20160424KTSS0_KT,2016-04-24,KT,삼성,A,Final,Loss,0.0,6.0,대구,
20160424KTSS0_삼성,2016-04-24,삼성,KT,H,Final,Win,6.0,0.0,대구,
20160424HTLT0_KIA,2016-04-24,KIA,롯데,A,Final,Win,11.0,4.0,사직,
20160424HTLT0_롯데,2016-04-24,롯데,KIA,H,Final,Loss,4.0,11.0,사직,
20160424NCSK0_NC,2016-04-24,NC,SK,A,Final,Loss,2.0,3.0,문학,
20160424NCSK0_SK,2016-04-24,SK,NC,H,Final,Win,3.0,2.0,문학,
20160424LGWO0_LG,2016-04-24,LG,넥센,A,Final,Win,5.0,3.0,고척,
20160424LGWO0_넥센,2016-04-24,넥센,LG,H,Final,Loss,3.0,5.0,고척,
20160424HHOB0_한화,2016-04-24,한화,두산,A,Final,Loss,1.0,5.0,잠실,
20160424HHOB0_두산,2016-04-24,두산,한화,H,Final,Win,5.0,1.0,잠실,
20160426HTHH0_KIA,2016-04-26,KIA,한화,A,Final,Loss,2.0,4.0,한밭,
20160426HTHH0_한화,2016-04-26,한화,KIA,H,Final,Win,4.0,2.0,한밭,
20160426WONC0_넥센,2016-04-26,넥센,NC,A,Final,Loss,3.0,4.0,마산,
20160426WONC0_NC,2016-04-26,NC,넥센,H,Final,Win,4.0,3.0,마산,
20160426SKOB0_SK,2016-04-26,SK,두산,A,Final,Loss,3.0,4.0,잠실,
20160426SKOB0_두산,2016-04-26,두산,SK,H,Final,Win,4.0,3.0,잠실,
20160426LGSS0_LG,2016-04-26,LG,삼성,A,Final,Win,2.0,0.0,대구,
20160426LGSS0_삼성,2016-04-26,삼성,LG,H,Final,Loss,0.0,2.0,대구,
20160426LTKT0_롯데,2016-04-26,롯데,KT,A,Final,Loss,1.0,2.0,수원,
20160426LTKT0_KT,2016-04-26,KT,롯데,H,Final,Win,2.0,1.0,수원,
20160427SKOB0_SK,2016-04-27,SK,두산,A,Final,Win,3.0,1.0,잠실,
20160427SKOB0_두산,2016-04-27,두산,SK,H,Final,Loss,1.0,3.0,잠실,
20160427LTKT0_롯데,2016-04-27,롯데,KT,A,Final,Win,4.0,0.0,수원,
20160427LTKT0_KT,2016-04-27,KT,롯데,H,Final,Loss,0.0,4.0,수원,
20160428HTHH0_KIA,2016-04-28,KIA,한화,A,Final,Loss,2.0,3.0,한밭,
20160428HTHH0_한화,2016-04-28,한화,KIA,H,Final,Win,3.0,2.0,한밭,
20160428WONC0_넥센,2016-04-28,넥센,NC,A,Final,Win,4.0,2.0,마산,
20160428WONC0_NC,2016-04-28,NC,넥센,H,Final,Loss,2.0,4.0,마산,
20160428SKOB0_SK,2016-04-28,SK,두산,A,Final,Loss,1.0,4.0,잠실,
20160428SKOB0_두산,2016-04-28,두산,SK,H,Final,Win,4.0,1.0,잠실,
20160428LGSS0_LG,2016-04-28,LG,삼성,A,Final,Loss,7.0,9.0,대구,
20160428LGSS0_삼성,2016-04-28,삼성,LG,H,Final,Win,9.0,7.0,대구,
20160428LTKT0_롯데,2016-04-28,롯데,KT,A,Final,Win,8.0,3.0,수원,
20160428LTKT0_KT,2016-04-28,KT,롯데,H,Final,Loss,3.0,8.0,수원,
20160429SSHH0_삼성,2016-04-29,삼성,한화,A,Final,Loss,5.0,10.0,한밭,
20160429SSHH0_한화,2016-04-29,한화,삼성,H,Final,Win,10.0,5.0,한밭,
20160429KTLG0_KT,2016-04-29,KT,LG,A,Final,Loss,3.0,4.0,잠실,
20160429KTLG0_LG,2016-04-29,LG,KT,H,Final,Win,4.0,3.0,잠실,
20160429NCLT0_NC,2016-04-29,NC,롯데,A,Final,Win,6.0,3.0,사직,
20160429NCLT0_롯데,2016-04-29,롯데,NC,H,Final,Loss,3.0,6.0,사직,
20160429OBHT0_두산,2016-04-29,두산,KIA,A,Final,Loss,1.0,4.0,광주,
20160429OBHT0_KIA,2016-04-29,KIA,두산,H,Final,Win,4.0,1.0,광주,
20160429SKWO0_SK,2016-04-29,SK,넥센,A,Final,Win,4.0,3.0,고척,
20160429SKWO0_넥센,2016-04-29,넥센,SK,H,Final,Loss,3.0,4.0,고척,
20160430SSHH0_삼성,2016-04-30,삼성,한화,A,Final,Win,6.0,3.0,한밭,
20160430SSHH0_한화,2016-04-30,한화,삼성,H,Final,Loss,3.0,6.0,한밭,
20160430KTLG0_KT,2016-04-30,KT,LG,A,Final,Win,3.0,2.0,잠실,
20160430KTLG0_LG,2016-04-30,LG,KT,H,Final,Loss,2.0,3.0,잠실,
20160430NCLT0_NC,2016-04-30,NC,롯데,A,Final,Win,8.0,1.0,사직,
20160430NCLT0_롯데,2016-04-30,롯데,NC,H,Final,Loss,1.0,8.0,사직,
20160430OBHT0_두산,2016-04-30,두산,KIA,A,Final,Win,7.0,5.0,광주,
20160430OBHT0_KIA,2016-04-30,KIA,두산,H,Final,Loss,5.0,7.0,광주,
20160430SKWO0_SK,2016-04-30,SK,넥센,A,Final,Win,5.0,1.0,고척,
20160430SKWO0_넥센,2016-04-30,넥센,SK,H,Final,Loss,1.0,5.0,고척,
20160501SSHH0_삼성,2016-05-01,삼성,한화,A,Final,Loss,8.0,9.0,한밭,
20160501SSHH0_한화,2016-05-01,한화,삼성,H,Final,Win,9.0,8.0,한밭,
20160501KTLG0_KT,2016-05-01,KT,LG,A,Final,Loss,2.0,4.0,잠실,
20160501KTLG0_LG,2016-05-01,LG,KT,H,Final,Win,4.0,2.0,잠실,
20160501NCLT0_NC,2016-05-01,NC,롯데,A,Final,Win,5.0,2.0,사직,
20160501NCLT0_롯데,2016-05-01,롯데,NC,H,Final,Loss,2.0,5.0,사직,
20160501SKWO0_SK,2016-05-01,SK,넥센,A,Final,Loss,1.0,11.0,고척,
20160501SKWO0_넥센,2016-05-01,넥센,SK,H,Final,Win,11.0,1.0,고척,
20160501OBHT0_두산,2016-05-01,두산,KIA,A,Final,Win,4.0,1.0,광주,
20160501OBHT0_KIA,2016-05-01,KIA,두산,H,Final,Loss,1.0,4.0,광주,
20160503WOSS0_넥센,2016-05-03,넥센,삼성,A,Final,Win,5.0,0.0,대구,
20160503WOSS0_삼성,2016-05-03,삼성,넥센,H,Final,Loss,0.0,5.0,대구,
20160503HHSK0_한화,2016-05-03,한화,SK,A,Final,Win,7.0,2.0,문학,
20160503HHSK0_SK,2016-05-03,SK,한화,H,Final,Loss,2.0,7.0,문학,
20160503LTHT0_롯데,2016-05-03,롯데,KIA,A,Final,Loss,2.0,3.0,광주,
20160503LTHT0_KIA,2016-05-03,KIA,롯데,H,Final,Win,3.0,2.0,광주,
20160504OBLG0_두산,2016-05-04,두산,LG,A,Final,Win,17.0,1.0,잠실,
20160504OBLG0_LG,2016-05-04,LG,두산,H,Final,Loss,1.0,17.0,잠실,
20160504WOSS0_넥센,2016-05-04,넥센,삼성,A,Final,Win,6.0,3.0,대구,
20160504WOSS0_삼성,2016-05-04,삼성,넥센,H,Final,Loss,3.0,6.0,대구,
20160504HHSK0_한화,2016-05-04,한화,SK,A,Final,Loss,1.0,5.0,문학,
20160504HHSK0_SK,2016-05-04,SK,한화,H,Final,Win,5.0,1.0,문학,
20160504LTHT0_롯데,2016-05-04,롯데,KIA,A,Final,Loss,2.0,3.0,광주,
20160504LTHT0_KIA,2016-05-04,KIA,롯데,H,Final,Win,3.0,2.0,광주,
20160504NCKT0_NC,2016-05-04,NC,KT,A,Final,Win,8.0,6.0,수원,
20160504NCKT0_KT,2016-05-04,KT,NC,H,Final,Loss,6.0,8.0,수원,
20160505OBLG0_두산,2016-05-05,두산,LG,A,Final,Loss,7.0,8.0,잠실,
20160505OBLG0_LG,2016-05-05,LG,두산,H,Final,Win,8.0,7.0,잠실,
20160505WOSS0_넥센,2016-05-05,넥센,삼성,A,Final,Loss,2.0,5.0,대구,
20160505WOSS0_삼성,2016-05-05,삼성,넥센,H,Final,Win,5.0,2.0,대구,
20160505HHSK0_한화,2016-05-05,한화,SK,A,Final,Loss,6.0,19.0,문학,
20160505HHSK0_SK,2016-05-05,SK,한화,H,Final,Win,19.0,6.0,문학,
20160505LTHT0_롯데,2016-05-05,롯데,KIA,A,Final,Loss,1.0,17.0,광주,
20160505LTHT0_KIA,2016-05-05,KIA,롯데,H,Final,Win,17.0,1.0,광주,
20160505NCKT0_NC,2016-05-05,NC,KT,A,Final,Win,15.0,2.0,수원,
20160505NCKT0_KT,2016-05-05,KT,NC,H,Final,Loss,2.0,15.0,수원,
20160506LGNC0_LG,2016-05-06,LG,NC,A,Final,Loss,2.0,13.0,마산,
20160506LGNC0_NC,2016-05-06,NC,LG,H,Final,Win,13.0,2.0,마산,
20160506LTOB0_롯데,2016-05-06,롯데,두산,A,Final,Win,7.0,0.0,잠실,
20160506LTOB0_두산,2016-05-06,두산,롯데,H,Final,Loss,0.0,7.0,잠실,
20160506SKSS0_SK,2016-05-06,SK,삼성,A,Final,Loss,4.0,5.0,대구,
20160506SKSS0_삼성,2016-05-06,삼성,SK,H,Final,Win,5.0,4.0,대구,
20160506HHKT0_한화,2016-05-06,한화,KT,A,Final,Loss,3.0,10.0,수원,
20160506HHKT0_KT,2016-05-06,KT,한화,H,Final,Win,10.0,3.0,수원,
20160506HTWO0_KIA,2016-05-06,KIA,넥센,A,Final,Loss,6.0,15.0,고척,
20160506HTWO0_넥센,2016-05-06,넥센,KIA,H,Final,Win,15.0,6.0,고척,
20160507LGNC0_LG,2016-05-07,LG,NC,A,Final,Loss,1.0,4.0,마산,
20160507LGNC0_NC,2016-05-07,NC,LG,H,Final,Win,4.0,1.0,마산,
20160507LTOB0_롯데,2016-05-07,롯데,두산,A,Final,Win,5.0,0.0,잠실,
20160507LTOB0_두산,2016-05-07,두산,롯데,H,Final,Loss,0.0,5.0,잠실,
20160507SKSS0_SK,2016-05-07,SK,삼성,A,Final,Win,6.0,3.0,대구,
20160507SKSS0_삼성,2016-05-07,삼성,SK,H,Final,Loss,3.0,6.0,대구,
20160507HHKT0_한화,2016-05-07,한화,KT,A,Final,Loss,10.0,17.0,수원,
20160507HHKT0_KT,2016-05-07,KT,한화,H,Final,Win,17.0,10.0,수원,
20160507HTWO0_KIA,2016-05-07,KIA,넥센,A,Final,Loss,3.0,4.0,고척,
20160507HTWO0_넥센,2016-05-07,넥센,KIA,H,Final,Win,4.0,3.0,고척,
20160508LGNC0_LG,2016-05-08,LG,NC,A,Final,Loss,5.0,11.0,마산,
20160508LGNC0_NC,2016-05-08,NC,LG,H,Final,Win,11.0,5.0,마산,
20160508LTOB0_롯데,2016-05-08,롯데,두산,A,Final,Win,17.0,11.0,잠실,
20160508LTOB0_두산,2016-05-08,두산,롯데,H,Final,Loss,11.0,17.0,잠실,
20160508SKSS0_SK,2016-05-08,SK,삼성,A,Final,Loss,7.0,8.0,대구,
20160508SKSS0_삼성,2016-05-08,삼성,SK,H,Final,Win,8.0,7.0,대구,
20160508HHKT0_한화,2016-05-08,한화,KT,A,Final,Loss,4.0,7.0,수원,
20160508HHKT0_KT,2016-05-08,KT,한화,H,Final,Win,7.0,4.0,수원,
20160508HTWO0_KIA,2016-05-08,KIA,넥센,A,Final,Loss,6.0,7.0,고척,
20160508HTWO0_넥센,2016-05-08,넥센,KIA,H,Final,Win,7.0,6.0,고척,
20160510SSLG0_삼성,2016-05-10,삼성,LG,A,Final,Win,9.0,3.0,잠실,
20160510SSLG0_LG,2016-05-10,LG,삼성,H,Final,Loss,3.0,9.0,잠실,
20160510OBSK0_두산,2016-05-10,두산,SK,A,Final,Win,11.0,7.0,문학,
20160510OBSK0_SK,2016-05-10,SK,두산,H,Final,Loss,7.0,11.0,문학,
20160511NCHH0_NC,2016-05-11,NC,한화,A,Final,Loss,5.0,6.0,한밭,
20160511NCHH0_한화,2016-05-11,한화,NC,H,Final,Win,6.0,5.0,한밭,
20160511SSLG0_삼성,2016-05-11,삼성,LG,A,Final,Loss,2.0,16.0,잠실,
20160511SSLG0_LG,2016-05-11,LG,삼성,H,Final,Win,16.0,2.0,잠실,
20160511WOLT0_넥센,2016-05-11,넥센,롯데,A,Final,Win,16.0,2.0,사직,
20160511WOLT0_롯데,2016-05-11,롯데,넥센,H,Final,Loss,2.0,16.0,사직,
20160511OBSK0_두산,2016-05-11,두산,SK,A,Final,Win,7.0,3.0,문학,
20160511OBSK0_SK,2016-05-11,SK,두산,H,Final,Loss,3.0,7.0,문학,
20160511KTHT0_KT,2016-05-11,KT,KIA,A,Final,Loss,3.0,8.0,광주,
20160511KTHT0_KIA,2016-05-11,KIA,KT,H,Final,Win,8.0,3.0,광주,
20160512NCHH0_NC,2016-05-12,NC,한화,A,Final,Win,12.0,1.0,한밭,
20160512NCHH0_한화,2016-05-12,한화,NC,H,Final,Loss,1.0,12.0,한밭,
20160512SSLG0_삼성,2016-05-12,삼성,LG,A,Final,Win,7.0,5.0,잠실,
20160512SSLG0_LG,2016-05-12,LG,삼성,H,Final,Loss,5.0,7.0,잠실,
20160512WOLT0_넥센,2016-05-12,넥센,롯데,A,Final,Loss,1.0,8.0,사직,
20160512WOLT0_롯데,2016-05-12,롯데,넥센,H,Final,Win,8.0,1.0,사직,
20160512OBSK0_두산,2016-05-12,두산,SK,A,Final,Loss,2.0,5.0,문학,
20160512OBSK0_SK,2016-05-12,SK,두산,H,Final,Win,5.0,2.0,문학,
20160512KTHT0_KT,2016-05-12,KT,KIA,A,Final,Loss,6.0,10.0,광주,
20160512KTHT0_KIA,2016-05-12,KIA,KT,H,Final,Win,10.0,6.0,광주,
20160513KTNC0_KT,2016-05-13,KT,NC,A,Final,Win,5.0,4.0,마산,
20160513KTNC0_NC,2016-05-13,NC,KT,H,Final,Loss,4.0,5.0,마산,
20160513SKLG0_SK,2016-05-13,SK,LG,A,Final,Loss,1.0,2.0,잠실,
20160513SKLG0_LG,2016-05-13,LG,SK,H,Final,Win,2.0,1.0,잠실,
20160513LTSS0_롯데,2016-05-13,롯데,삼성,A,Final,Win,14.0,8.0,대구,
20160513LTSS0_삼성,2016-05-13,삼성,롯데,H,Final,Loss,8.0,14.0,대구,
20160513HHHT0_한화,2016-05-13,한화,KIA,A,Final,Loss,2.0,4.0,광주,
20160513HHHT0_KIA,2016-05-13,KIA,한화,H,Final,Win,4.0,2.0,광주,
20160513OBWO0_두산,2016-05-13,두산,넥센,A,Final,Win,8.0,4.0,고척,
20160513OBWO0_넥센,2016-05-13,넥센,두산,H,Final,Loss,4.0,8.0,고척,
20160514KTNC0_KT,2016-05-14,KT,NC,A,Final,Win,6.0,3.0,마산,
20160514KTNC0_NC,2016-05-14,NC,KT,H,Final,Loss,3.0,6.0,마산,
20160514SKLG0_SK,2016-05-14,SK,LG,A,Final,Loss,3.0,12.0,잠실,
20160514SKLG0_LG,2016-05-14,LG,SK,H,Final,Win,12.0,3.0,잠실,
20160514LTSS0_롯데,2016-05-14,롯데,삼성,A,Final,Loss,4.0,10.0,대구,
20160514LTSS0_삼성,2016-05-14,삼성,롯데,H,Final,Win,10.0,4.0,대구,
20160514HHHT0_한화,2016-05-14,한화,KIA,A,Final,Loss,0.0,8.0,광주,
20160514HHHT0_KIA,2016-05-14,KIA,한화,H,Final,Win,8.0,0.0,광주,
20160514OBWO0_두산,2016-05-14,두산,넥센,A,Final,Win,12.0,2.0,고척,
20160514OBWO0_넥센,2016-05-14,넥센,두산,H,Final,Loss,2.0,12.0,고척,
20160515HHHT0_한화,2016-05-15,한화,KIA,A,Final,Loss,7.0,8.0,광주,
20160515HHHT0_KIA,2016-05-15,KIA,한화,H,Final,Win,8.0,7.0,광주,
20160515OBWO0_두산,2016-05-15,두산,넥센,A,Final,Win,5.0,3.0,고척,
20160515OBWO0_넥센,2016-05-15,넥센,두산,H,Final,Loss,3.0,5.0,고척,
20160515LTSS0_롯데,2016-05-15,롯데,삼성,A,Final,Win,8.0,3.0,대구,
20160515LTSS0_삼성,2016-05-15,삼성,롯데,H,Final,Loss,3.0,8.0,대구,
20160517HTOB0_KIA,2016-05-17,KIA,두산,A,Final,Loss,3.0,4.0,잠실,
20160517HTOB0_두산,2016-05-17,두산,KIA,H,Final,Win,4.0,3.0,잠실,
20160517LTSK0_롯데,2016-05-17,롯데,SK,A,Final,Loss,3.0,7.0,문학,
20160517LTSK0_SK,2016-05-17,SK,롯데,H,Final,Win,7.0,3.0,문학,
20160517LGKT0_LG,2016-05-17,LG,KT,A,Final,Win,9.0,7.0,수원,
20160517LGKT0_KT,2016-05-17,KT,LG,H,Final,Loss,7.0,9.0,수원,
20160517NCWO0_NC,2016-05-17,NC,넥센,A,Final,Loss,3.0,5.0,고척,
20160517NCWO0_넥센,2016-05-17,넥센,NC,H,Final,Win,5.0,3.0,고척,
20160517HHSS0_한화,2016-05-17,한화,삼성,A,Final,Loss,4.0,5.0,포항,
20160517HHSS0_삼성,2016-05-17,삼성,한화,H,Final,Win,5.0,4.0,포항,
20160518HTOB0_KIA,2016-05-18,KIA,두산,A,Final,Loss,5.0,15.0,잠실,
20160518HTOB0_두산,2016-05-18,두산,KIA,H,Final,Win,15.0,5.0,잠실,
20160518LTSK0_롯데,2016-05-18,롯데,SK,A,Final,Loss,3.0,5.0,문학,
20160518LTSK0_SK,2016-05-18,SK,롯데,H,Final,Win,5.0,3.0,문학,
20160518LGKT0_LG,2016-05-18,LG,KT,A,Final,Win,6.0,2.0,수원,
20160518LGKT0_KT,2016-05-18,KT,LG,H,Final,Loss,2.0,6.0,수원,
20160518NCWO0_NC,2016-05-18,NC,넥센,A,Final,Loss,6.0,9.0,고척,
20160518NCWO0_넥센,2016-05-18,넥센,NC,H,Final,Win,9.0,6.0,고척,
20160518HHSS0_한화,2016-05-18,한화,삼성,A,Final,Loss,2.0,13.0,포항,
20160518HHSS0_삼성,2016-05-18,삼성,한화,H,Final,Win,13.0,2.0,포항,
20160519HTOB0_KIA,2016-05-19,KIA,두산,A,Final,Loss,3.0,8.0,잠실,
20160519HTOB0_두산,2016-05-19,두산,KIA,H,Final,Win,8.0,3.0,잠실,
20160519LTSK0_롯데,2016-05-19,롯데,SK,A,Final,Win,4.0,3.0,문학,
20160519LTSK0_SK,2016-05-19,SK,롯데,H,Final,Loss,3.0,4.0,문학,
20160519LGKT0_LG,2016-05-19,LG,KT,A,Final,Win,4.0,0.0,수원,
20160519LGKT0_KT,2016-05-19,KT,LG,H,Final,Loss,0.0,4.0,수원,
20160519NCWO0_NC,2016-05-19,NC,넥센,A,Final,Win,6.0,2.0,고척,
20160519NCWO0_넥센,2016-05-19,넥센,NC,H,Final,Loss,2.0,6.0,고척,
20160519HHSS0_한화,2016-05-19,한화,삼성,A,Final,Win,9.0,6.0,포항,
20160519HHSS0_삼성,2016-05-19,삼성,한화,H,Final,Loss,6.0,9.0,포항,
20160520KTHH0_KT,2016-05-20,KT,한화,A,Final,Loss,2.0,11.0,한밭,
20160520KTHH0_한화,2016-05-20,한화,KT,H,Final,Win,11.0,2.0,한밭,
20160520SSNC0_삼성,2016-05-20,삼성,NC,A,Final,Win,12.0,2.0,마산,
20160520SSNC0_NC,2016-05-20,NC,삼성,H,Final,Loss,2.0,12.0,마산,
20160520WOLG0_넥센,2016-05-20,넥센,LG,A,Final,Loss,3.0,4.0,잠실,
20160520WOLG0_LG,2016-05-20,LG,넥센,H,Final,Win,4.0,3.0,잠실,
20160520OBLT0_두산,2016-05-20,두산,롯데,A,Final,Win,19.0,5.0,사직,
20160520OBLT0_롯데,2016-05-20,롯데,두산,H,Final,Loss,5.0,19.0,사직,
20160520SKHT0_SK,2016-05-20,SK,KIA,A,Final,Loss,4.0,5.0,광주,
20160520SKHT0_KIA,2016-05-20,KIA,SK,H,Final,Win,5.0,4.0,광주,
20160521SSNC0_삼성,2016-05-21,삼성,NC,A,Final,Loss,2.0,10.0,마산,
20160521SSNC0_NC,2016-05-21,NC,삼성,H,Final,Win,10.0,2.0,마산,
20160521WOLG0_넥센,2016-05-21,넥센,LG,A,Final,Win,7.0,5.0,잠실,
20160521WOLG0_LG,2016-05-21,LG,넥센,H,Final,Loss,5.0,7.0,잠실,
20160521OBLT0_두산,2016-05-21,두산,롯데,A,Final,Win,6.0,4.0,사직,
20160521OBLT0_롯데,2016-05-21,롯데,두산,H,Final,Loss,4.0,6.0,사직,
20160521SKHT0_SK,2016-05-21,SK,KIA,A,Final,Win,8.0,7.0,광주,
20160521SKHT0_KIA,2016-05-21,KIA,SK,H,Final,Loss,7.0,8.0,광주,
20160522KTHH0_KT,2016-05-22,KT,한화,A,Final,Win,18.0,7.0,한밭,
20160522KTHH0_한화,2016-05-22,한화,KT,H,Final,Loss,7.0,18.0,한밭,
20160522SSNC0_삼성,2016-05-22,삼성,NC,A,Final,Loss,8.0,9.0,마산,
20160522SSNC0_NC,2016-05-22,NC,삼성,H,Final,Win,9.0,8.0,마산,
20160522OBLT0_두산,2016-05-22,두산,롯데,A,Final,Loss,4.0,10.0,사직,
20160522OBLT0_롯데,2016-05-22,롯데,두산,H,Final,Win,10.0,4.0,사직,
20160522SKHT0_SK,2016-05-22,SK,KIA,A,Final,Loss,4.0,7.0,광주,
20160522SKHT0_KIA,2016-05-22,KIA,SK,H,Final,Win,7.0,4.0,광주,
20160522WOLG0_넥센,2016-05-22,넥센,LG,A,Final,Loss,4.0,5.0,잠실,
20160522WOLG0_LG,2016-05-22,LG,넥센,H,Final,Win,5.0,4.0,잠실,
20160524KTOB0_KT,2016-05-24,KT,두산,A,Final,Loss,5.0,8.0,잠실,
20160524KTOB0_두산,2016-05-24,두산,KT,H,Final,Win,8.0,5.0,잠실,
20160524HTSS0_KIA,2016-05-24,KIA,삼성,A,Final,Win,4.0,2.0,대구,
20160524HTSS0_삼성,2016-05-24,삼성,KIA,H,Final,Loss,2.0,4.0,대구,
20160524HHWO0_한화,2016-05-24,한화,넥센,A,Final,Loss,1.0,2.0,고척,
20160524HHWO0_넥센,2016-05-24,넥센,한화,H,Final,Win,2.0,1.0,고척,
20160525SKNC0_SK,2016-05-25,SK,NC,A,Final,Loss,0.0,5.0,마산,
20160525SKNC0_NC,2016-05-25,NC,SK,H,Final,Win,5.0,0.0,마산,
20160525KTOB0_KT,2016-05-25,KT,두산,A,Final,Loss,10.0,13.0,잠실,
20160525KTOB0_두산,2016-05-25,두산,KT,H,Final,Win,13.0,10.0,잠실,
20160525HTSS0_KIA,2016-05-25,KIA,삼성,A,Final,Loss,3.0,6.0,대구,
20160525HTSS0_삼성,2016-05-25,삼성,KIA,H,Final,Win,6.0,3.0,대구,
20160525HHWO0_한화,2016-05-25,한화,넥센,A,Final,Loss,8.0,9.0,고척,
20160525HHWO0_넥센,2016-05-25,넥센,한화,H,Final,Win,9.0,8.0,고척,
20160525LGLT0_LG,2016-05-25,LG,롯데,A,Final,Loss,1.0,2.0,울산,
20160525LGLT0_롯데,2016-05-25,롯데,LG,H,Final,Win,2.0,1.0,울산,
20160526SKNC0_SK,2016-05-26,SK,NC,A,Final,Win,9.0,6.0,마산,
20160526SKNC0_NC,2016-05-26,NC,SK,H,Final,Loss,6.0,9.0,마산,
20160526KTOB0_KT,2016-05-26,KT,두산,A,Final,Loss,3.0,6.0,잠실,
20160526KTOB0_두산,2016-05-26,두산,KT,H,Final,Win,6.0,3.0,잠실,
20160526HTSS0_KIA,2016-05-26,KIA,삼성,A,Final,Win,9.0,2.0,대구,
20160526HTSS0_삼성,2016-05-26,삼성,KIA,H,Final,Loss,2.0,9.0,대구,
20160526HHWO0_한화,2016-05-26,한화,넥센,A,Final,Win,7.0,6.0,고척,
20160526HHWO0_넥센,2016-05-26,넥센,한화,H,Final,Loss,6.0,7.0,고척,
20160526LGLT0_LG,2016-05-26,LG,롯데,A,Final,Loss,4.0,7.0,울산,
20160526LGLT0_롯데,2016-05-26,롯데,LG,H,Final,Win,7.0,4.0,울산,
20160527LTHH0_롯데,2016-05-27,롯데,한화,A,Final,Loss,7.0,11.0,한밭,
20160527LTHH0_한화,2016-05-27,한화,롯데,H,Final,Win,11.0,7.0,한밭,
20160527LGOB0_LG,2016-05-27,LG,두산,A,Final,Loss,1.0,5.0,잠실,
20160527LGOB0_두산,2016-05-27,두산,LG,H,Final,Win,5.0,1.0,잠실,
20160527SSSK0_삼성,2016-05-27,삼성,SK,A,Final,Loss,2.0,8.0,문학,
20160527SSSK0_SK,2016-05-27,SK,삼성,H,Final,Win,8.0,2.0,문학,
20160527NCHT0_NC,2016-05-27,NC,KIA,A,Final,Win,13.0,7.0,광주,
20160527NCHT0_KIA,2016-05-27,KIA,NC,H,Final,Loss,7.0,13.0,광주,
20160527WOKT0_넥센,2016-05-27,넥센,KT,A,Final,Loss,0.0,8.0,수원,
20160527WOKT0_KT,2016-05-27,KT,넥센,H,Final,Win,8.0,0.0,수원,
20160528LTHH0_롯데,2016-05-28,롯데,한화,A,Final,Loss,6.0,9.0,한밭,
20160528LTHH0_한화,2016-05-28,한화,롯데,H,Final,Win,9.0,6.0,한밭,
20160528LGOB0_LG,2016-05-28,LG,두산,A,Final,Loss,2.0,3.0,잠실,
20160528LGOB0_두산,2016-05-28,두산,LG,H,Final,Win,3.0,2.0,잠실,
20160528SSSK0_삼성,2016-05-28,삼성,SK,A,Final,Win,15.0,1.0,문학,
20160528SSSK0_SK,2016-05-28,SK,삼성,H,Final,Loss,1.0,15.0,문학,
20160528NCHT0_NC,2016-05-28,NC,KIA,A,Final,Win,13.0,5.0,광주,
20160528NCHT0_KIA,2016-05-28,KIA,NC,H,Final,Loss,5.0,13.0,광주,
20160528WOKT0_넥센,2016-05-28,넥센,KT,A,Final,Win,3.0,1.0,수원,
20160528WOKT0_KT,2016-05-28,KT,넥센,H,Final,Loss,1.0,3.0,수원,
20160529LGOB0_LG,2016-05-29,LG,두산,A,Final,Win,16.0,8.0,잠실,
20160529LGOB0_두산,2016-05-29,두산,LG,H,Final,Loss,8.0,16.0,잠실,
20160529SSSK0_삼성,2016-05-29,삼성,SK,A,Final,Win,9.0,6.0,문학,
20160529SSSK0_SK,2016-05-29,SK,삼성,H,Final,Loss,6.0,9.0,문학,
20160529NCHT0_NC,2016-05-29,NC,KIA,A,Final,Win,9.0,8.0,광주,
20160529NCHT0_KIA,2016-05-29,KIA,NC,H,Final,Loss,8.0,9.0,광주,
20160529WOKT0_넥센,2016-05-29,넥센,KT,A,Final,Win,5.0,2.0,수원,
20160529WOKT0_KT,2016-05-29,KT,넥센,H,Final,Loss,2.0,5.0,수원,
20160529LTHH0_롯데,2016-05-29,롯데,한화,A,Final,Loss,2.0,9.0,한밭,
20160529LTHH0_한화,2016-05-29,한화,롯데,H,Final,Win,9.0,2.0,한밭,
20160531OBNC0_두산,2016-05-31,두산,NC,A,Final,Win,6.0,5.0,마산,
20160531OBNC0_NC,2016-05-31,NC,두산,H,Final,Loss,5.0,6.0,마산,
20160531SKHH0_SK,2016-05-31,SK,한화,A,Final,Loss,4.0,8.0,한밭,
20160531SKHH0_한화,2016-05-31,한화,SK,H,Final,Win,8.0,4.0,한밭,
20160531KTLT0_KT,2016-05-31,KT,롯데,A,Final,Loss,5.0,9.0,사직,
20160531KTLT0_롯데,2016-05-31,롯데,KT,H,Final,Win,9.0,5.0,사직,
20160531SSWO0_삼성,2016-05-31,삼성,넥센,A,Final,Win,4.0,1.0,고척,
20160531SSWO0_넥센,2016-05-31,넥센,삼성,H,Final,Loss,1.0,4.0,고척,
20160601OBNC0_두산,2016-06-01,두산,NC,A,Final,Loss,1.0,5.0,마산,
20160601OBNC0_NC,2016-06-01,NC,두산,H,Final,Win,5.0,1.0,마산,
20160601SKHH0_SK,2016-06-01,SK,한화,A,Final,Win,7.0,2.0,한밭,
20160601SKHH0_한화,2016-06-01,한화,SK,H,Final,Loss,2.0,7.0,한밭,
20160601HTLG0_KIA,2016-06-01,KIA,LG,A,Final,Win,5.0,1.0,잠실,
20160601HTLG0_LG,2016-06-01,LG,KIA,H,Final,Loss,1.0,5.0,잠실,
20160601KTLT0_KT,2016-06-01,KT,롯데,A,Final,Loss,0.0,2.0,사직,
20160601KTLT0_롯데,2016-06-01,롯데,KT,H,Final,Win,2.0,0.0,사직,
20160601SSWO0_삼성,2016-06-01,삼성,넥센,A,Final,Loss,4.0,6.0,고척,
20160601SSWO0_넥센,2016-06-01,넥센,삼성,H,Final,Win,6.0,4.0,고척,
20160602OBNC0_두산,2016-06-02,두산,NC,A,Final,Loss,3.0,4.0,마산,
20160602OBNC0_NC,2016-06-02,NC,두산,H,Final,Win,4.0,3.0,마산,
20160602SKHH0_SK,2016-06-02,SK,한화,A,Final,Loss,1.0,4.0,한밭,
20160602SKHH0_한화,2016-06-02,한화,SK,H,Final,Win,4.0,1.0,한밭,
20160602HTLG0_KIA,2016-06-02,KIA,LG,A,Final,Loss,1.0,9.0,잠실,
20160602HTLG0_LG,2016-06-02,LG,KIA,H,Final,Win,9.0,1.0,잠실,
20160602KTLT0_KT,2016-06-02,KT,롯데,A,Final,Win,2.0,1.0,사직,
20160602KTLT0_롯데,2016-06-02,롯데,KT,H,Final,Loss,1.0,2.0,사직,
20160602SSWO0_삼성,2016-06-02,삼성,넥센,A,Final,Win,14.0,6.0,고척,
20160602SSWO0_넥센,2016-06-02,넥센,삼성,H,Final,Loss,6.0,14.0,고척,
20160603SKOB0_SK,2016-06-03,SK,두산,A,Final,Loss,1.0,4.0,잠실,
20160603SKOB0_두산,2016-06-03,두산,SK,H,Final,Win,4.0,1.0,잠실,
20160603HHSS0_한화,2016-06-03,한화,삼성,A,Final,Win,4.0,3.0,대구,
20160603HHSS0_삼성,2016-06-03,삼성,한화,H,Final,Loss,3.0,4.0,대구,
20160603NCLT0_NC,2016-06-03,NC,롯데,A,Final,Win,5.0,3.0,사직,
20160603NCLT0_롯데,2016-06-03,롯데,NC,H,Final,Loss,3.0,5.0,사직,
20160603WOHT0_넥센,2016-06-03,넥센,KIA,A,Final,Win,9.0,1.0,광주,
20160603WOHT0_KIA,2016-06-03,KIA,넥센,H,Final,Loss,1.0,9.0,광주,
20160603LGKT0_LG,2016-06-03,LG,KT,A,Final,Loss,2.0,3.0,수원,
20160603LGKT0_KT,2016-06-03,KT,LG,H,Final,Win,3.0,2.0,수원,
20160604SKOB0_SK,2016-06-04,SK,두산,A,Final,Loss,6.0,7.0,잠실,
20160604SKOB0_두산,2016-06-04,두산,SK,H,Final,Win,7.0,6.0,잠실,
20160604HHSS0_한화,2016-06-04,한화,삼성,A,Final,Win,8.0,7.0,대구,
20160604HHSS0_삼성,2016-06-04,삼성,한화,H,Final,Loss,7.0,8.0,대구,
20160604LGKT0_LG,2016-06-04,LG,KT,A,Final,Win,13.0,4.0,수원,
20160604LGKT0_KT,2016-06-04,KT,LG,H,Final,Loss,4.0,13.0,수원,
20160605SKOB0_SK,2016-06-05,SK,두산,A,Final,Loss,0.0,7.0,잠실,
20160605SKOB0_두산,2016-06-05,두산,SK,H,Final,Win,7.0,0.0,잠실,
20160605HHSS0_한화,2016-06-05,한화,삼성,A,Final,Win,6.0,5.0,대구,
20160605HHSS0_삼성,2016-06-05,삼성,한화,H,Final,Loss,5.0,6.0,대구,
20160605NCLT0_NC,2016-06-05,NC,롯데,A,Final,Win,14.0,7.0,사직,
20160605NCLT0_롯데,2016-06-05,롯데,NC,H,Final,Loss,7.0,14.0,사직,
20160605WOHT0_넥센,2016-06-05,넥센,KIA,A,Final,Win,4.0,3.0,광주,
20160605WOHT0_KIA,2016-06-05,KIA,넥센,H,Final,Loss,3.0,4.0,광주,
20160605LGKT0_LG,2016-06-05,LG,KT,A,Final,Loss,2.0,10.0,수원,
20160605LGKT0_KT,2016-06-05,KT,LG,H,Final,Win,10.0,2.0,수원,
20160607HTHH0_KIA,2016-06-07,KIA,한화,A,Final,Loss,3.0,5.0,한밭,
20160607HTHH0_한화,2016-06-07,한화,KIA,H,Final,Win,5.0,3.0,한밭,
20160607WONC0_넥센,2016-06-07,넥센,NC,A,Final,Loss,1.0,5.0,마산,
20160607WONC0_NC,2016-06-07,NC,넥센,H,Final,Win,5.0,1.0,마산,
20160607SSLG0_삼성,2016-06-07,삼성,LG,A,Final,Win,8.0,5.0,잠실,
20160607SSLG0_LG,2016-06-07,LG,삼성,H,Final,Loss,5.0,8.0,잠실,
20160607LTSK0_롯데,2016-06-07,롯데,SK,A,Final,Win,9.0,6.0,문학,
20160607LTSK0_SK,2016-06-07,SK,롯데,H,Final,Loss,6.0,9.0,문학,
20160607OBKT0_두산,2016-06-07,두산,KT,A,Final,Win,9.0,1.0,수원,
20160607OBKT0_KT,2016-06-07,KT,두산,H,Final,Loss,1.0,9.0,수원,
20160608HTHH0_KIA,2016-06-08,KIA,한화,A,Final,Loss,3.0,5.0,한밭,
20160608HTHH0_한화,2016-06-08,한화,KIA,H,Final,Win,5.0,3.0,한밭,
20160608WONC0_넥센,2016-06-08,넥센,NC,A,Final,Loss,3.0,7.0,마산,
20160608WONC0_NC,2016-06-08,NC,넥센,H,Final,Win,7.0,3.0,마산,
20160608SSLG0_삼성,2016-06-08,삼성,LG,A,Final,Loss,6.0,12.0,잠실,
20160608SSLG0_LG,2016-06-08,LG,삼성,H,Final,Win,12.0,6.0,잠실,
20160608LTSK0_롯데,2016-06-08,롯데,SK,A,Final,Win,3.0,2.0,문학,
20160608LTSK0_SK,2016-06-08,SK,롯데,H,Final,Loss,2.0,3.0,문학,
20160608OBKT0_두산,2016-06-08,두산,KT,A,Final,Loss,4.0,5.0,수원,
20160608OBKT0_KT,2016-06-08,KT,두산,H,Final,Win,5.0,4.0,수원,
20160609HTHH0_KIA,2016-06-09,KIA,한화,A,Final,Win,12.0,1.0,한밭,
20160609HTHH0_한화,2016-06-09,한화,KIA,H,Final,Loss,1.0,12.0,한밭,
20160609WONC0_넥센,2016-06-09,넥센,NC,A,Final,Loss,4.0,16.0,마산,
20160609WONC0_NC,2016-06-09,NC,넥센,H,Final,Win,16.0,4.0,마산,
20160609SSLG0_삼성,2016-06-09,삼성,LG,A,Final,Loss,4.0,10.0,잠실,
20160609SSLG0_LG,2016-06-09,LG,삼성,H,Final,Win,10.0,4.0,잠실,
20160609LTSK0_롯데,2016-06-09,롯데,SK,A,Final,Loss,5.0,6.0,문학,
20160609LTSK0_SK,2016-06-09,SK,롯데,H,Final,Win,6.0,5.0,문학,
20160609OBKT0_두산,2016-06-09,두산,KT,A,Final,Win,7.0,4.0,수원,
20160609OBKT0_KT,2016-06-09,KT,두산,H,Final,Loss,4.0,7.0,수원,
20160610LGHH0_LG,2016-06-10,LG,한화,A,Final,Loss,1.0,2.0,한밭,
20160610LGHH0_한화,2016-06-10,한화,LG,H,Final,Win,2.0,1.0,한밭,
20160610LTOB0_롯데,2016-06-10,롯데,두산,A,Final,Loss,3.0,5.0,잠실,
20160610LTOB0_두산,2016-06-10,두산,롯데,H,Final,Win,5.0,3.0,잠실,
20160610NCSK0_NC,2016-06-10,NC,SK,A,Final,Win,6.0,2.0,문학,
20160610NCSK0_SK,2016-06-10,SK,NC,H,Final,Loss,2.0,6.0,문학,
20160610SSHT0_삼성,2016-06-10,삼성,KIA,A,Final,Loss,0.0,4.0,광주,
20160610SSHT0_KIA,2016-06-10,KIA,삼성,H,Final,Win,4.0,0.0,광주,
20160610KTWO0_KT,2016-06-10,KT,넥센,A,Final,Win,6.0,4.0,고척,
20160610KTWO0_넥센,2016-06-10,넥센,KT,H,Final,Loss,4.0,6.0,고척,
20160611LGHH0_LG,2016-06-11,LG,한화,A,Final,Win,5.0,3.0,한밭,
20160611LGHH0_한화,2016-06-11,한화,LG,H,Final,Loss,3.0,5.0,한밭,
20160611LTOB0_롯데,2016-06-11,롯데,두산,A,Final,Win,10.0,8.0,잠실,
20160611LTOB0_두산,2016-06-11,두산,롯데,H,Final,Loss,8.0,10.0,잠실,
20160611NCSK0_NC,2016-06-11,NC,SK,A,Final,Win,7.0,6.0,문학,
20160611NCSK0_SK,2016-06-11,SK,NC,H,Final,Loss,6.0,7.0,문학,
20160611SSHT0_삼성,2016-06-11,삼성,KIA,A,Final,Win,5.0,4.0,광주,
20160611SSHT0_KIA,2016-06-11,KIA,삼성,H,Final,Loss,4.0,5.0,광주,
20160611KTWO0_KT,2016-06-11,KT,넥센,A,Final,Loss,2.0,3.0,고척,
20160611KTWO0_넥센,2016-06-11,넥센,KT,H,Final,Win,3.0,2.0,고척,
20160612LGHH0_LG,2016-06-12,LG,한화,A,Final,Loss,5.0,6.0,한밭,
20160612LGHH0_한화,2016-06-12,한화,LG,H,Final,Win,6.0,5.0,한밭,
20160612LTOB0_롯데,2016-06-12,롯데,두산,A,Final,Loss,4.0,5.0,잠실,
20160612LTOB0_두산,2016-06-12,두산,롯데,H,Final,Win,5.0,4.0,잠실,
20160612NCSK0_NC,2016-06-12,NC,SK,A,Final,Win,11.0,8.0,문학,
20160612NCSK0_SK,2016-06-12,SK,NC,H,Final,Loss,8.0,11.0,문학,
20160612SSHT0_삼성,2016-06-12,삼성,KIA,A,Final,Win,10.0,7.0,광주,
20160612SSHT0_KIA,2016-06-12,KIA,삼성,H,Final,Loss,7.0,10.0,광주,
20160612KTWO0_KT,2016-06-12,KT,넥센,A,Final,Loss,1.0,11.0,고척,
20160612KTWO0_넥센,2016-06-12,넥센,KT,H,Final,Win,11.0,1.0,고척,
20160614NCLG0_NC,2016-06-14,NC,LG,A,Final,Win,10.0,7.0,잠실,
20160614NCLG0_LG,2016-06-14,LG,NC,H,Final,Loss,7.0,10.0,잠실,
20160614SKSS0_SK,2016-06-14,SK,삼성,A,Final,Win,4.0,1.0,대구,
20160614SKSS0_삼성,2016-06-14,삼성,SK,H,Final,Loss,1.0,4.0,대구,
20160614OBHT0_두산,2016-06-14,두산,KIA,A,Final,Win,8.0,6.0,광주,
20160614OBHT0_KIA,2016-06-14,KIA,두산,H,Final,Loss,6.0,8.0,광주,
20160614HHKT0_한화,2016-06-14,한화,KT,A,Final,Loss,3.0,5.0,수원,
20160614HHKT0_KT,2016-06-14,KT,한화,H,Final,Win,5.0,3.0,수원,
20160614LTWO0_롯데,2016-06-14,롯데,넥센,A,Final,Loss,6.0,9.0,고척,
20160614LTWO0_넥센,2016-06-14,넥센,롯데,H,Final,Win,9.0,6.0,고척,
20160615SKSS0_SK,2016-06-15,SK,삼성,A,Final,Win,13.0,3.0,대구,
20160615SKSS0_삼성,2016-06-15,삼성,SK,H,Final,Loss,3.0,13.0,대구,
20160615OBHT0_두산,2016-06-15,두산,KIA,A,Final,Win,7.0,4.0,광주,
20160615OBHT0_KIA,2016-06-15,KIA,두산,H,Final,Loss,4.0,7.0,광주,
20160615LTWO0_롯데,2016-06-15,롯데,넥센,A,Final,Win,11.0,6.0,고척,
20160615LTWO0_넥센,2016-06-15,넥센,롯데,H,Final,Loss,6.0,11.0,고척,
20160616NCLG0_NC,2016-06-16,NC,LG,A,Final,Win,3.0,0.0,잠실,
20160616NCLG0_LG,2016-06-16,LG,NC,H,Final,Loss,0.0,3.0,잠실,
20160616SKSS0_SK,2016-06-16,SK,삼성,A,Final,Win,11.0,3.0,대구,
20160616SKSS0_삼성,2016-06-16,삼성,SK,H,Final,Loss,3.0,11.0,대구,
20160616OBHT0_두산,2016-06-16,두산,KIA,A,Final,Win,13.0,4.0,광주,
20160616OBHT0_KIA,2016-06-16,KIA,두산,H,Final,Loss,4.0,13.0,광주,
20160616HHKT0_한화,2016-06-16,한화,KT,A,Final,Loss,4.0,7.0,수원,
20160616HHKT0_KT,2016-06-16,KT,한화,H,Final,Win,7.0,4.0,수원,
20160616LTWO0_롯데,2016-06-16,롯데,넥센,A,Final,Loss,7.0,10.0,고척,
20160616LTWO0_넥센,2016-06-16,넥센,롯데,H,Final,Win,10.0,7.0,고척,
20160617HTLG0_KIA,2016-06-17,KIA,LG,A,Final,Win,6.0,3.0,잠실,
20160617HTLG0_LG,2016-06-17,LG,KIA,H,Final,Loss,3.0,6.0,잠실,
20160617OBSS0_두산,2016-06-17,두산,삼성,A,Final,Loss,2.0,5.0,대구,
20160617OBSS0_삼성,2016-06-17,삼성,두산,H,Final,Win,5.0,2.0,대구,
20160617SKLT0_SK,2016-06-17,SK,롯데,A,Final,Win,12.0,1.0,사직,
20160617SKLT0_롯데,2016-06-17,롯데,SK,H,Final,Loss,1.0,12.0,사직,
20160617NCKT0_NC,2016-06-17,NC,KT,A,Final,Win,11.0,1.0,수원,
20160617NCKT0_KT,2016-06-17,KT,NC,H,Final,Loss,1.0,11.0,수원,
20160617WOHH0_넥센,2016-06-17,넥센,한화,A,Final,Loss,5.0,8.0,청주,
20160617WOHH0_한화,2016-06-17,한화,넥센,H,Final,Win,8.0,5.0,청주,
20160618HTLG0_KIA,2016-06-18,KIA,LG,A,Final,Loss,1.0,7.0,잠실,
20160618HTLG0_LG,2016-06-18,LG,KIA,H,Final,Win,7.0,1.0,잠실,
20160618OBSS0_두산,2016-06-18,두산,삼성,A,Final,Win,6.0,5.0,대구,
20160618OBSS0_삼성,2016-06-18,삼성,두산,H,Final,Loss,5.0,6.0,대구,
20160618SKLT0_SK,2016-06-18,SK,롯데,A,Final,Win,4.0,0.0,사직,
20160618SKLT0_롯데,2016-06-18,롯데,SK,H,Final,Loss,0.0,4.0,사직,
20160618NCKT0_NC,2016-06-18,NC,KT,A,Final,Win,7.0,3.0,수원,
20160618NCKT0_KT,2016-06-18,KT,NC,H,Final,Loss,3.0,7.0,수원,
20160618WOHH0_넥센,2016-06-18,넥센,한화,A,Final,Win,11.0,6.0,청주,
20160618WOHH0_한화,2016-06-18,한화,넥센,H,Final,Loss,6.0,11.0,청주,
20160619HTLG0_KIA,2016-06-19,KIA,LG,A,Final,Win,9.0,5.0,잠실,
20160619HTLG0_LG,2016-06-19,LG,KIA,H,Final,Loss,5.0,9.0,잠실,
20160619OBSS0_두산,2016-06-19,두산,삼성,A,Final,Win,3.0,1.0,대구,
20160619OBSS0_삼성,2016-06-19,삼성,두산,H,Final,Loss,1.0,3.0,대구,
20160619SKLT0_SK,2016-06-19,SK,롯데,A,Final,Loss,3.0,10.0,사직,
20160619SKLT0_롯데,2016-06-19,롯데,SK,H,Final,Win,10.0,3.0,사직,
20160619NCKT0_NC,2016-06-19,NC,KT,A,Final,Win,15.0,7.0,수원,
20160619NCKT0_KT,2016-06-19,KT,NC,H,Final,Loss,7.0,15.0,수원,
20160619WOHH0_넥센,2016-06-19,넥센,한화,A,Final,Win,11.0,6.0,청주,
20160619WOHH0_한화,2016-06-19,한화,넥센,H,Final,Loss,6.0,11.0,청주,
20160621HHNC0_한화,2016-06-21,한화,NC,A,Final,Win,8.0,2.0,마산,
20160621HHNC0_NC,2016-06-21,NC,한화,H,Final,Loss,2.0,8.0,마산,
20160621KTOB0_KT,2016-06-21,KT,두산,A,Final,Loss,1.0,12.0,잠실,
20160621KTOB0_두산,2016-06-21,두산,KT,H,Final,Win,12.0,1.0,잠실,
20160621LGSK0_LG,2016-06-21,LG,SK,A,Final,Win,9.0,5.0,문학,
20160621LGSK0_SK,2016-06-21,SK,LG,H,Final,Loss,5.0,9.0,문학,
20160621LTHT0_롯데,2016-06-21,롯데,KIA,A,Final,Loss,6.0,9.0,광주,
20160621LTHT0_KIA,2016-06-21,KIA,롯데,H,Final,Win,9.0,6.0,광주,
20160621SSWO0_삼성,2016-06-21,삼성,넥센,A,Final,Loss,8.0,12.0,고척,
20160621SSWO0_넥센,2016-06-21,넥센,삼성,H,Final,Win,12.0,8.0,고척,
20160622LGSK0_LG,2016-06-22,LG,SK,A,Final,Loss,2.0,10.0,문학,
20160622LGSK0_SK,2016-06-22,SK,LG,H,Final,Win,10.0,2.0,문학,
20160622LTHT0_롯데,2016-06-22,롯데,KIA,A,Final,Win,18.0,5.0,광주,
20160622LTHT0_KIA,2016-06-22,KIA,롯데,H,Final,Loss,5.0,18.0,광주,
20160622SSWO0_삼성,2016-06-22,삼성,넥센,A,Final,Loss,1.0,4.0,고척,
20160622SSWO0_넥센,2016-06-22,넥센,삼성,H,Final,Win,4.0,1.0,고척,
20160623KTOB0_KT,2016-06-23,KT,두산,A,Final,Win,9.0,4.0,잠실,
20160623KTOB0_두산,2016-06-23,두산,KT,H,Final,Loss,4.0,9.0,잠실,
20160623LGSK0_LG,2016-06-23,LG,SK,A,Final,Loss,2.0,10.0,문학,
20160623LGSK0_SK,2016-06-23,SK,LG,H,Final,Win,10.0,2.0,문학,
20160623LTHT0_롯데,2016-06-23,롯데,KIA,A,Final,Loss,2.0,6.0,광주,
20160623LTHT0_KIA,2016-06-23,KIA,롯데,H,Final,Win,6.0,2.0,광주,
20160623SSWO0_삼성,2016-06-23,삼성,넥센,A,Final,Win,4.0,0.0,고척,
20160623SSWO0_넥센,2016-06-23,넥센,삼성,H,Final,Loss,0.0,4.0,고척,
20160624HTNC0_KIA,2016-06-24,KIA,NC,A,Final,Win,6.0,2.0,마산,
20160624HTNC0_NC,2016-06-24,NC,KIA,H,Final,Loss,2.0,6.0,마산,
20160624LTHH0_롯데,2016-06-24,롯데,한화,A,Final,Win,4.0,2.0,한밭,
20160624LTHH0_한화,2016-06-24,한화,롯데,H,Final,Loss,2.0,4.0,한밭,
20160624WOLG0_넥센,2016-06-24,넥센,LG,A,Final,Loss,7.0,9.0,잠실,
20160624WOLG0_LG,2016-06-24,LG,넥센,H,Final,Win,9.0,7.0,잠실,
20160624KTSS0_KT,2016-06-24,KT,삼성,A,Final,Win,5.0,4.0,대구,
20160624KTSS0_삼성,2016-06-24,삼성,KT,H,Final,Loss,4.0,5.0,대구,
20160624OBSK0_두산,2016-06-24,두산,SK,A,Final,Loss,3.0,5.0,문학,
20160624OBSK0_SK,2016-06-24,SK,두산,H,Final,Win,5.0,3.0,문학,
20160625HTNC0_KIA,2016-06-25,KIA,NC,A,Final,Win,9.0,0.0,마산,
20160625HTNC0_NC,2016-06-25,NC,KIA,H,Final,Loss,0.0,9.0,마산,
20160625LTHH0_롯데,2016-06-25,롯데,한화,A,Final,Loss,1.0,8.0,한밭,
20160625LTHH0_한화,2016-06-25,한화,롯데,H,Final,Win,8.0,1.0,한밭,
20160625WOLG0_넥센,2016-06-25,넥센,LG,A,Final,Win,8.0,6.0,잠실,
20160625WOLG0_LG,2016-06-25,LG,넥센,H,Final,Loss,6.0,8.0,잠실,
20160625KTSS0_KT,2016-06-25,KT,삼성,A,Final,Win,13.0,8.0,대구,
20160625KTSS0_삼성,2016-06-25,삼성,KT,H,Final,Loss,8.0,13.0,대구,
20160625OBSK0_두산,2016-06-25,두산,SK,A,Final,Win,8.0,6.0,문학,
20160625OBSK0_SK,2016-06-25,SK,두산,H,Final,Loss,6.0,8.0,문학,
20160626HTNC0_KIA,2016-06-26,KIA,NC,A,Final,Win,15.0,4.0,마산,
20160626HTNC0_NC,2016-06-26,NC,KIA,H,Final,Loss,4.0,15.0,마산,
20160626LTHH0_롯데,2016-06-26,롯데,한화,A,Final,Win,12.0,4.0,한밭,
20160626LTHH0_한화,2016-06-26,한화,롯데,H,Final,Loss,4.0,12.0,한밭,
20160626WOLG0_넥센,2016-06-26,넥센,LG,A,Final,Loss,1.0,2.0,잠실,
20160626WOLG0_LG,2016-06-26,LG,넥센,H,Final,Win,2.0,1.0,잠실,
20160626KTSS0_KT,2016-06-26,KT,삼성,A,Final,Loss,8.0,11.0,대구,
20160626KTSS0_삼성,2016-06-26,삼성,KT,H,Final,Win,11.0,8.0,대구,
20160626OBSK0_두산,2016-06-26,두산,SK,A,Final,Loss,5.0,6.0,문학,
20160626OBSK0_SK,2016-06-26,SK,두산,H,Final,Win,6.0,5.0,문학,
20160628NCOB0_NC,2016-06-28,NC,두산,A,Final,Loss,3.0,12.0,잠실,
20160628NCOB0_두산,2016-06-28,두산,NC,H,Final,Win,12.0,3.0,잠실,
20160628SSLT0_삼성,2016-06-28,삼성,롯데,A,Final,Loss,4.0,7.0,사직,
20160628SSLT0_롯데,2016-06-28,롯데,삼성,H,Final,Win,7.0,4.0,사직,
20160628LGHT0_LG,2016-06-28,LG,KIA,A,Final,Loss,2.0,11.0,광주,
20160628LGHT0_KIA,2016-06-28,KIA,LG,H,Final,Win,11.0,2.0,광주,
20160628SKKT0_SK,2016-06-28,SK,KT,A,Final,Win,11.0,1.0,수원,
20160628SKKT0_KT,2016-06-28,KT,SK,H,Final,Loss,1.0,11.0,수원,
20160628HHWO0_한화,2016-06-28,한화,넥센,A,Final,Win,13.0,3.0,고척,
20160628HHWO0_넥센,2016-06-28,넥센,한화,H,Final,Loss,3.0,13.0,고척,
20160629NCOB0_NC,2016-06-29,NC,두산,A,Final,Win,10.0,4.0,잠실,
20160629NCOB0_두산,2016-06-29,두산,NC,H,Final,Loss,4.0,10.0,잠실,
20160629SSLT0_삼성,2016-06-29,삼성,롯데,A,Final,Loss,4.0,5.0,사직,
20160629SSLT0_롯데,2016-06-29,롯데,삼성,H,Final,Win,5.0,4.0,사직,
20160629LGHT0_LG,2016-06-29,LG,KIA,A,Final,Loss,4.0,5.0,광주,
20160629LGHT0_KIA,2016-06-29,KIA,LG,H,Final,Win,5.0,4.0,광주,
20160629SKKT0_SK,2016-06-29,SK,KT,A,Final,Win,7.0,4.0,수원,
20160629SKKT0_KT,2016-06-29,KT,SK,H,Final,Loss,4.0,7.0,수원,
20160629HHWO0_한화,2016-06-29,한화,넥센,A,Final,Loss,4.0,7.0,고척,
20160629HHWO0_넥센,2016-06-29,넥센,한화,H,Final,Win,7.0,4.0,고척,
20160630NCOB0_NC,2016-06-30,NC,두산,A,Final,Loss,0.0,4.0,잠실,
20160630NCOB0_두산,2016-06-30,두산,NC,H,Final,Win,4.0,0.0,잠실,
20160630SSLT0_삼성,2016-06-30,삼성,롯데,A,Final,Loss,6.0,7.0,사직,
20160630SSLT0_롯데,2016-06-30,롯데,삼성,H,Final,Win,7.0,6.0,사직,
20160630LGHT0_LG,2016-06-30,LG,KIA,A,Final,Win,10.0,9.0,광주,
20160630LGHT0_KIA,2016-06-30,KIA,LG,H,Final,Loss,9.0,10.0,광주,
20160630SKKT0_SK,2016-06-30,SK,KT,A,Final,Loss,5.0,10.0,수원,
20160630SKKT0_KT,2016-06-30,KT,SK,H,Final,Win,10.0,5.0,수원,
20160630HHWO0_한화,2016-06-30,한화,넥센,A,Final,Loss,5.0,11.0,고척,
20160630HHWO0_넥센,2016-06-30,넥센,한화,H,Final,Win,11.0,5.0,고척,
20160701HTWO0_KIA,2016-07-01,KIA,넥센,A,Final,Loss,7.0,10.0,고척,
20160701HTWO0_넥센,2016-07-01,넥센,KIA,H,Final,Win,10.0,7.0,고척,
20160702OBHH0_두산,2016-07-02,두산,한화,A,Final,Win,4.0,1.0,한밭,
20160702OBHH0_한화,2016-07-02,한화,두산,H,Final,Loss,1.0,4.0,한밭,
20160702SKLG0_SK,2016-07-02,SK,LG,A,Final,Win,4.0,2.0,잠실,
20160702SKLG0_LG,2016-07-02,LG,SK,H,Final,Loss,2.0,4.0,잠실,
20160702HTWO0_KIA,2016-07-02,KIA,넥센,A,Final,Loss,5.0,8.0,고척,
20160702HTWO0_넥센,2016-07-02,넥센,KIA,H,Final,Win,8.0,5.0,고척,
20160703SKLG0_SK,2016-07-03,SK,LG,A,Final,Win,9.0,7.0,잠실,
20160703SKLG0_LG,2016-07-03,LG,SK,H,Final,Loss,7.0,9.0,잠실,
20160703HTWO0_KIA,2016-07-03,KIA,넥센,A,Final,Loss,6.0,7.0,고척,
20160703HTWO0_넥센,2016-07-03,넥센,KIA,H,Final,Win,7.0,6.0,고척,
20160705LGSS0_LG,2016-07-05,LG,삼성,A,Final,Loss,3.0,7.0,대구,
20160705LGSS0_삼성,2016-07-05,삼성,LG,H,Final,Win,7.0,3.0,대구,
20160706LTNC0_롯데,2016-07-06,롯데,NC,A,Final,Loss,3.0,12.0,마산,
20160706LTNC0_NC,2016-07-06,NC,롯데,H,Final,Win,12.0,3.0,마산,
20160706WOOB0_넥센,2016-07-06,넥센,두산,A,Final,Win,6.0,5.0,잠실,
20160706WOOB0_두산,2016-07-06,두산,넥센,H,Final,Loss,5.0,6.0,잠실,
20160706HHSK0_한화,2016-07-06,한화,SK,A,Final,Win,13.0,2.0,문학,
20160706HHSK0_SK,2016-07-06,SK,한화,H,Final,Loss,2.0,13.0,문학,
20160706HTKT0_KIA,2016-07-06,KIA,KT,A,Final,Win,7.0,0.0,수원,
20160706HTKT0_KT,2016-07-06,KT,KIA,H,Final,Loss,0.0,7.0,수원,
20160707LTNC0_롯데,2016-07-07,롯데,NC,A,Final,Loss,4.0,8.0,마산,
20160707LTNC0_NC,2016-07-07,NC,롯데,H,Final,Win,8.0,4.0,마산,
20160707WOOB0_넥센,2016-07-07,넥센,두산,A,Final,Loss,1.0,4.0,잠실,
20160707WOOB0_두산,2016-07-07,두산,넥센,H,Final,Win,4.0,1.0,잠실,
20160707LGSS0_LG,2016-07-07,LG,삼성,A,Final,Loss,11.0,12.0,대구,
20160707LGSS0_삼성,2016-07-07,삼성,LG,H,Final,Win,12.0,11.0,대구,
20160707HHSK0_한화,2016-07-07,한화,SK,A,Final,Win,14.0,4.0,문학,
20160707HHSK0_SK,2016-07-07,SK,한화,H,Final,Loss,4.0,14.0,문학,
20160707HTKT0_KIA,2016-07-07,KIA,KT,A,Final,Win,5.0,2.0,수원,
20160707HTKT0_KT,2016-07-07,KT,KIA,H,Final,Loss,2.0,5.0,수원,
20160708SSHH0_삼성,2016-07-08,삼성,한화,A,Final,Loss,3.0,6.0,한밭,
20160708SSHH0_한화,2016-07-08,한화,삼성,H,Final,Win,6.0,3.0,한밭,
20160708HTOB0_KIA,2016-07-08,KIA,두산,A,Final,Win,12.0,6.0,잠실,
20160708HTOB0_두산,2016-07-08,두산,KIA,H,Final,Loss,6.0,12.0,잠실,
20160708LGLT0_LG,2016-07-08,LG,롯데,A,Final,Loss,5.0,8.0,사직,
20160708LGLT0_롯데,2016-07-08,롯데,LG,H,Final,Win,8.0,5.0,사직,
20160708KTSK0_KT,2016-07-08,KT,SK,A,Final,Loss,3.0,8.0,문학,
20160708KTSK0_SK,2016-07-08,SK,KT,H,Final,Win,8.0,3.0,문학,
20160708NCWO0_NC,2016-07-08,NC,넥센,A,Final,Win,11.0,9.0,고척,
20160708NCWO0_넥센,2016-07-08,넥센,NC,H,Final,Loss,9.0,11.0,고척,
20160709HTOB0_KIA,2016-07-09,KIA,두산,A,Final,Loss,6.0,7.0,잠실,
20160709HTOB0_두산,2016-07-09,두산,KIA,H,Final,Win,7.0,6.0,잠실,
20160709LGLT0_LG,2016-07-09,LG,롯데,A,Final,Loss,12.0,13.0,사직,
20160709LGLT0_롯데,2016-07-09,롯데,LG,H,Final,Win,13.0,12.0,사직,
20160709KTSK0_KT,2016-07-09,KT,SK,A,Final,Win,8.0,6.0,문학,
20160709KTSK0_SK,2016-07-09,SK,KT,H,Final,Loss,6.0,8.0,문학,
20160709NCWO0_NC,2016-07-09,NC,넥센,A,Final,Loss,4.0,7.0,고척,
20160709NCWO0_넥센,2016-07-09,넥센,NC,H,Final,Win,7.0,4.0,고척,
20160710SSHH0_삼성,2016-07-10,삼성,한화,A,Final,Loss,6.0,10.0,한밭,
20160710SSHH0_한화,2016-07-10,한화,삼성,H,Final,Win,10.0,6.0,한밭,
20160710HTOB0_KIA,2016-07-10,KIA,두산,A,Final,Win,13.0,3.0,잠실,
20160710HTOB0_두산,2016-07-10,두산,KIA,H,Final,Loss,3.0,13.0,잠실,
20160710LGLT0_LG,2016-07-10,LG,롯데,A,Final,Win,6.0,0.0,사직,
20160710LGLT0_롯데,2016-07-10,롯데,LG,H,Final,Loss,0.0,6.0,사직,
20160710KTSK0_KT,2016-07-10,KT,SK,A,Final,Win,7.0,6.0,문학,
20160710KTSK0_SK,2016-07-10,SK,KT,H,Final,Loss,6.0,7.0,문학,
20160710NCWO0_NC,2016-07-10,NC,넥센,A,Final,Loss,7.0,9.0,고척,
20160710NCWO0_넥센,2016-07-10,넥센,NC,H,Final,Win,9.0,7.0,고척,
20160712OBNC0_두산,2016-07-12,두산,NC,A,Final,Win,9.0,5.0,마산,
20160712OBNC0_NC,2016-07-12,NC,두산,H,Final,Loss,5.0,9.0,마산,
20160712HHLG0_한화,2016-07-12,한화,LG,A,Final,Loss,4.0,5.0,잠실,
20160712HHLG0_LG,2016-07-12,LG,한화,H,Final,Win,5.0,4.0,잠실,
20160712SKHT0_SK,2016-07-12,SK,KIA,A,Final,Win,7.0,3.0,광주,
20160712SKHT0_KIA,2016-07-12,KIA,SK,H,Final,Loss,3.0,7.0,광주,
20160712WOKT0_넥센,2016-07-12,넥센,KT,A,Final,Win,7.0,5.0,수원,
20160712WOKT0_KT,2016-07-12,KT,넥센,H,Final,Loss,5.0,7.0,수원,
20160712LTSS0_롯데,2016-07-12,롯데,삼성,A,Final,Loss,4.0,8.0,포항,
20160712LTSS0_삼성,2016-07-12,삼성,롯데,H,Final,Win,8.0,4.0,포항,
20160713OBNC0_두산,2016-07-13,두산,NC,A,Final,Loss,2.0,6.0,마산,
20160713OBNC0_NC,2016-07-13,NC,두산,H,Final,Win,6.0,2.0,마산,
20160713HHLG0_한화,2016-07-13,한화,LG,A,Final,Win,7.0,5.0,잠실,
20160713HHLG0_LG,2016-07-13,LG,한화,H,Final,Loss,5.0,7.0,잠실,
20160713SKHT0_SK,2016-07-13,SK,KIA,A,Final,Loss,3.0,4.0,광주,
20160713SKHT0_KIA,2016-07-13,KIA,SK,H,Final,Win,4.0,3.0,광주,
20160713WOKT0_넥센,2016-07-13,넥센,KT,A,Final,Win,11.0,8.0,수원,
20160713WOKT0_KT,2016-07-13,KT,넥센,H,Final,Loss,8.0,11.0,수원,
20160713LTSS0_롯데,2016-07-13,롯데,삼성,A,Final,Win,13.0,12.0,포항,
20160713LTSS0_삼성,2016-07-13,삼성,롯데,H,Final,Loss,12.0,13.0,포항,
20160714OBNC0_두산,2016-07-14,두산,NC,A,Final,Loss,3.0,4.0,마산,
20160714OBNC0_NC,2016-07-14,NC,두산,H,Final,Win,4.0,3.0,마산,
20160714HHLG0_한화,2016-07-14,한화,LG,A,Final,Win,7.0,4.0,잠실,
20160714HHLG0_LG,2016-07-14,LG,한화,H,Final,Loss,4.0,7.0,잠실,
20160714SKHT0_SK,2016-07-14,SK,KIA,A,Final,Win,11.0,4.0,광주,
20160714SKHT0_KIA,2016-07-14,KIA,SK,H,Final,Loss,4.0,11.0,광주,
20160714WOKT0_넥센,2016-07-14,넥센,KT,A,Final,Win,10.0,5.0,수원,
20160714WOKT0_KT,2016-07-14,KT,넥센,H,Final,Loss,5.0,10.0,수원,
20160714LTSS0_롯데,2016-07-14,롯데,삼성,A,Final,Win,4.0,2.0,포항,
20160714LTSS0_삼성,2016-07-14,삼성,롯데,H,Final,Loss,2.0,4.0,포항,
20160719KTHH0_KT,2016-07-19,KT,한화,A,Final,Loss,7.0,17.0,한밭,
20160719KTHH0_한화,2016-07-19,한화,KT,H,Final,Win,17.0,7.0,한밭,
20160719SKNC0_SK,2016-07-19,SK,NC,A,Final,Win,5.0,4.0,마산,
20160719SKNC0_NC,2016-07-19,NC,SK,H,Final,Loss,4.0,5.0,마산,
20160719SSOB0_삼성,2016-07-19,삼성,두산,A,Final,Loss,1.0,3.0,잠실,
20160719SSOB0_두산,2016-07-19,두산,삼성,H,Final,Win,3.0,1.0,잠실,
20160719HTLT0_KIA,2016-07-19,KIA,롯데,A,Final,Win,6.0,1.0,사직,
20160719HTLT0_롯데,2016-07-19,롯데,KIA,H,Final,Loss,1.0,6.0,사직,
20160719LGWO0_LG,2016-07-19,LG,넥센,A,Final,Win,12.0,6.0,고척,
20160719LGWO0_넥센,2016-07-19,넥센,LG,H,Final,Loss,6.0,12.0,고척,
20160720KTHH0_KT,2016-07-20,KT,한화,A,Final,Win,4.0,1.0,한밭,
20160720KTHH0_한화,2016-07-20,한화,KT,H,Final,Loss,1.0,4.0,한밭,
20160720SKNC0_SK,2016-07-20,SK,NC,A,Final,Loss,2.0,4.0,마산,
20160720SKNC0_NC,2016-07-20,NC,SK,H,Final,Win,4.0,2.0,마산,
20160720SSOB0_삼성,2016-07-20,삼성,두산,A,Final,Win,5.0,4.0,잠실,
20160720SSOB0_두산,2016-07-20,두산,삼성,H,Final,Loss,4.0,5.0,잠실,
20160720HTLT0_KIA,2016-07-20,KIA,롯데,A,Final,Loss,6.0,9.0,사직,
20160720HTLT0_롯데,2016-07-20,롯데,KIA,H,Final,Win,9.0,6.0,사직,
20160720LGWO0_LG,2016-07-20,LG,넥센,A,Final,Loss,3.0,7.0,고척,
20160720LGWO0_넥센,2016-07-20,넥센,LG,H,Final,Win,7.0,3.0,고척,
20160721KTHH0_KT,2016-07-21,KT,한화,A,Final,Loss,1.0,8.0,한밭,
20160721KTHH0_한화,2016-07-21,한화,KT,H,Final,Win,8.0,1.0,한밭,
20160721SKNC0_SK,2016-07-21,SK,NC,A,Final,Loss,4.0,7.0,마산,
20160721SKNC0_NC,2016-07-21,NC,SK,H,Final,Win,7.0,4.0,마산,
20160721SSOB0_삼성,2016-07-21,삼성,두산,A,Final,Win,6.0,3.0,잠실,
20160721SSOB0_두산,2016-07-21,두산,삼성,H,Final,Loss,3.0,6.0,잠실,
20160721HTLT0_KIA,2016-07-21,KIA,롯데,A,Final,Loss,1.0,10.0,사직,
20160721HTLT0_롯데,2016-07-21,롯데,KIA,H,Final,Win,10.0,1.0,사직,
20160721LGWO0_LG,2016-07-21,LG,넥센,A,Final,Loss,4.0,7.0,고척,
20160721LGWO0_넥센,2016-07-21,넥센,LG,H,Final,Win,7.0,4.0,고척,
20160722OBLG0_두산,2016-07-22,두산,LG,A,Final,Win,14.0,3.0,잠실,
20160722OBLG0_LG,2016-07-22,LG,두산,H,Final,Loss,3.0,14.0,잠실,
20160722HHLT0_한화,2016-07-22,한화,롯데,A,Final,Loss,2.0,10.0,사직,
20160722HHLT0_롯데,2016-07-22,롯데,한화,H,Final,Win,10.0,2.0,사직,
20160722WOSK0_넥센,2016-07-22,넥센,SK,A,Final,Loss,6.0,7.0,문학,
20160722WOSK0_SK,2016-07-22,SK,넥센,H,Final,Win,7.0,6.0,문학,
20160722NCHT0_NC,2016-07-22,NC,KIA,A,Final,Loss,4.0,9.0,광주,
20160722NCHT0_KIA,2016-07-22,KIA,NC,H,Final,Win,9.0,4.0,광주,
20160722SSKT0_삼성,2016-07-22,삼성,KT,A,Final,Loss,6.0,7.0,수원,
20160722SSKT0_KT,2016-07-22,KT,삼성,H,Final,Win,7.0,6.0,수원,
20160723OBLG0_두산,2016-07-23,두산,LG,A,Final,Loss,7.0,9.0,잠실,
20160723OBLG0_LG,2016-07-23,LG,두산,H,Final,Win,9.0,7.0,잠실,
20160723HHLT0_한화,2016-07-23,한화,롯데,A,Final,Loss,6.0,7.0,사직,
20160723HHLT0_롯데,2016-07-23,롯데,한화,H,Final,Win,7.0,6.0,사직,
20160723WOSK0_넥센,2016-07-23,넥센,SK,A,Final,Win,10.0,2.0,문학,
20160723WOSK0_SK,2016-07-23,SK,넥센,H,Final,Loss,2.0,10.0,문학,
20160723NCHT0_NC,2016-07-23,NC,KIA,A,Final,Win,5.0,0.0,광주,
20160723NCHT0_KIA,2016-07-23,KIA,NC,H,Final,Loss,0.0,5.0,광주,
20160723SSKT0_삼성,2016-07-23,삼성,KT,A,Final,Win,12.0,2.0,수원,
20160723SSKT0_KT,2016-07-23,KT,삼성,H,Final,Loss,2.0,12.0,수원,
20160724OBLG0_두산,2016-07-24,두산,LG,A,Final,Win,3.0,2.0,잠실,
20160724OBLG0_LG,2016-07-24,LG,두산,H,Final,Loss,2.0,3.0,잠실,
20160724HHLT0_한화,2016-07-24,한화,롯데,A,Final,Win,8.0,1.0,사직,
20160724HHLT0_롯데,2016-07-24,롯데,한화,H,Final,Loss,1.0,8.0,사직,
20160724WOSK0_넥센,2016-07-24,넥센,SK,A,Final,Loss,3.0,4.0,문학,
20160724WOSK0_SK,2016-07-24,SK,넥센,H,Final,Win,4.0,3.0,문학,
20160724NCHT0_NC,2016-07-24,NC,KIA,A,Final,Win,8.0,2.0,광주,
20160724NCHT0_KIA,2016-07-24,KIA,NC,H,Final,Loss,2.0,8.0,광주,
20160724SSKT0_삼성,2016-07-24,삼성,KT,A,Final,Loss,1.0,2.0,수원,
20160724SSKT0_KT,2016-07-24,KT,삼성,H,Final,Win,2.0,1.0,수원,
20160726SKHH0_SK,2016-07-26,SK,한화,A,Final,Win,9.0,4.0,한밭,
20160726SKHH0_한화,2016-07-26,한화,SK,H,Final,Loss,4.0,9.0,한밭,
20160726LTLG0_롯데,2016-07-26,롯데,LG,A,Final,Win,12.0,10.0,잠실,
20160726LTLG0_LG,2016-07-26,LG,롯데,H,Final,Loss,10.0,12.0,잠실,
20160726NCSS0_NC,2016-07-26,NC,삼성,A,Final,Win,5.0,4.0,대구,
20160726NCSS0_삼성,2016-07-26,삼성,NC,H,Final,Loss,4.0,5.0,대구,
20160726KTHT0_KT,2016-07-26,KT,KIA,A,Final,Loss,0.0,13.0,광주,
20160726KTHT0_KIA,2016-07-26,KIA,KT,H,Final,Win,13.0,0.0,광주,
20160726OBWO0_두산,2016-07-26,두산,넥센,A,Final,Win,7.0,1.0,고척,
20160726OBWO0_넥센,2016-07-26,넥센,두산,H,Final,Loss,1.0,7.0,고척,
20160727SKHH0_SK,2016-07-27,SK,한화,A,Final,Loss,0.0,8.0,한밭,
20160727SKHH0_한화,2016-07-27,한화,SK,H,Final,Win,8.0,0.0,한밭,
20160727LTLG0_롯데,2016-07-27,롯데,LG,A,Final,Loss,1.0,7.0,잠실,
20160727LTLG0_LG,2016-07-27,LG,롯데,H,Final,Win,7.0,1.0,잠실,
20160727NCSS0_NC,2016-07-27,NC,삼성,A,Final,Loss,6.0,10.0,대구,
20160727NCSS0_삼성,2016-07-27,삼성,NC,H,Final,Win,10.0,6.0,대구,
20160727KTHT0_KT,2016-07-27,KT,KIA,A,Final,Loss,3.0,8.0,광주,
20160727KTHT0_KIA,2016-07-27,KIA,KT,H,Final,Win,8.0,3.0,광주,
20160727OBWO0_두산,2016-07-27,두산,넥센,A,Final,Loss,4.0,9.0,고척,
20160727OBWO0_넥센,2016-07-27,넥센,두산,H,Final,Win,9.0,4.0,고척,
20160728SKHH0_SK,2016-07-28,SK,한화,A,Final,Loss,8.0,12.0,한밭,
20160728SKHH0_한화,2016-07-28,한화,SK,H,Final,Win,12.0,8.0,한밭,
20160728LTLG0_롯데,2016-07-28,롯데,LG,A,Final,Loss,2.0,5.0,잠실,
20160728LTLG0_LG,2016-07-28,LG,롯데,H,Final,Win,5.0,2.0,잠실,
20160728NCSS0_NC,2016-07-28,NC,삼성,A,Final,Win,9.0,5.0,대구,
20160728NCSS0_삼성,2016-07-28,삼성,NC,H,Final,Loss,5.0,9.0,대구,
20160728KTHT0_KT,2016-07-28,KT,KIA,A,Final,Loss,3.0,9.0,광주,
20160728KTHT0_KIA,2016-07-28,KIA,KT,H,Final,Win,9.0,3.0,광주,
20160728OBWO0_두산,2016-07-28,두산,넥센,A,Final,Loss,1.0,12.0,고척,
20160728OBWO0_넥센,2016-07-28,넥센,두산,H,Final,Win,12.0,1.0,고척,
20160729LGNC0_LG,2016-07-29,LG,NC,A,Final,Win,2.0,1.0,마산,
20160729LGNC0_NC,2016-07-29,NC,LG,H,Final,Loss,1.0,2.0,마산,
20160729HHOB0_한화,2016-07-29,한화,두산,A,Final,Win,9.0,8.0,잠실,
20160729HHOB0_두산,2016-07-29,두산,한화,H,Final,Loss,8.0,9.0,잠실,
20160729WOSS0_넥센,2016-07-29,넥센,삼성,A,Final,Loss,5.0,6.0,대구,
20160729WOSS0_삼성,2016-07-29,삼성,넥센,H,Final,Win,6.0,5.0,대구,
20160729HTSK0_KIA,2016-07-29,KIA,SK,A,Final,Win,14.0,8.0,문학,
20160729HTSK0_SK,2016-07-29,SK,KIA,H,Final,Loss,8.0,14.0,문학,
20160729LTKT0_롯데,2016-07-29,롯데,KT,A,Final,Loss,11.0,12.0,수원,
20160729LTKT0_KT,2016-07-29,KT,롯데,H,Final,Win,12.0,11.0,수원,
20160730LGNC0_LG,2016-07-30,LG,NC,A,Final,Win,13.0,5.0,마산,
20160730LGNC0_NC,2016-07-30,NC,LG,H,Final,Loss,5.0,13.0,마산,
20160730HHOB0_한화,2016-07-30,한화,두산,A,Final,Win,10.0,9.0,잠실,
20160730HHOB0_두산,2016-07-30,두산,한화,H,Final,Loss,9.0,10.0,잠실,
20160730HTSK0_KIA,2016-07-30,KIA,SK,A,Final,Win,2.0,1.0,문학,
20160730HTSK0_SK,2016-07-30,SK,KIA,H,Final,Loss,1.0,2.0,문학,
20160730LTKT0_롯데,2016-07-30,롯데,KT,A,Final,Loss,3.0,4.0,수원,
20160730LTKT0_KT,2016-07-30,KT,롯데,H,Final,Win,4.0,3.0,수원,
20160731LGNC0_LG,2016-07-31,LG,NC,A,Final,Loss,8.0,10.0,마산,
20160731LGNC0_NC,2016-07-31,NC,LG,H,Final,Win,10.0,8.0,마산,
20160731HHOB0_한화,2016-07-31,한화,두산,A,Final,Loss,4.0,10.0,잠실,
20160731HHOB0_두산,2016-07-31,두산,한화,H,Final,Win,10.0,4.0,잠실,
20160731HTSK0_KIA,2016-07-31,KIA,SK,A,Final,Win,6.0,5.0,문학,
20160731HTSK0_SK,2016-07-31,SK,KIA,H,Final,Loss,5.0,6.0,문학,
20160731LTKT0_롯데,2016-07-31,롯데,KT,A,Final,Loss,2.0,3.0,수원,
20160731LTKT0_KT,2016-07-31,KT,롯데,H,Final,Win,3.0,2.0,수원,
20160802LGOB0_LG,2016-08-02,LG,두산,A,Final,Loss,1.0,12.0,잠실,
20160802LGOB0_두산,2016-08-02,두산,LG,H,Final,Win,12.0,1.0,잠실,
20160802HHHT0_한화,2016-08-02,한화,KIA,A,Final,Loss,9.0,10.0,광주,
20160802HHHT0_KIA,2016-08-02,KIA,한화,H,Final,Win,10.0,9.0,광주,
20160803LGOB0_LG,2016-08-03,LG,두산,A,Final,Win,7.0,5.0,잠실,
20160803LGOB0_두산,2016-08-03,두산,LG,H,Final,Loss,5.0,7.0,잠실,
20160803WOLT0_넥센,2016-08-03,넥센,롯데,A,Final,Loss,5.0,6.0,사직,
20160803WOLT0_롯데,2016-08-03,롯데,넥센,H,Final,Win,6.0,5.0,사직,
20160803SSSK0_삼성,2016-08-03,삼성,SK,A,Final,Loss,4.0,8.0,문학,
20160803SSSK0_SK,2016-08-03,SK,삼성,H,Final,Win,8.0,4.0,문학,
20160803HHHT0_한화,2016-08-03,한화,KIA,A,Final,Win,8.0,1.0,광주,
20160803HHHT0_KIA,2016-08-03,KIA,한화,H,Final,Loss,1.0,8.0,광주,
20160804KTNC0_KT,2016-08-04,KT,NC,A,Final,Loss,2.0,9.0,마산,
20160804KTNC0_NC,2016-08-04,NC,KT,H,Final,Win,9.0,2.0,마산,
20160804LGOB0_LG,2016-08-04,LG,두산,A,Final,Win,6.0,5.0,잠실,
20160804LGOB0_두산,2016-08-04,두산,LG,H,Final,Loss,5.0,6.0,잠실,
20160804WOLT0_넥센,2016-08-04,넥센,롯데,A,Final,Win,5.0,4.0,사직,
20160804WOLT0_롯데,2016-08-04,롯데,넥센,H,Final,Loss,4.0,5.0,사직,
20160804SSSK0_삼성,2016-08-04,삼성,SK,A,Final,Win,6.0,5.0,문학,
20160804SSSK0_SK,2016-08-04,SK,삼성,H,Final,Loss,5.0,6.0,문학,
20160804HHHT0_한화,2016-08-04,한화,KIA,A,Final,Loss,5.0,7.0,광주,
20160804HHHT0_KIA,2016-08-04,KIA,한화,H,Final,Win,7.0,5.0,광주,
20160805NCHH0_NC,2016-08-05,NC,한화,A,Final,Loss,4.0,14.0,한밭,
20160805NCHH0_한화,2016-08-05,한화,NC,H,Final,Win,14.0,4.0,한밭,
20160805KTLG0_KT,2016-08-05,KT,LG,A,Final,Loss,1.0,12.0,잠실,
20160805KTLG0_LG,2016-08-05,LG,KT,H,Final,Win,12.0,1.0,잠실,
20160805HTSS0_KIA,2016-08-05,KIA,삼성,A,Final,Loss,5.0,8.0,대구,
20160805HTSS0_삼성,2016-08-05,삼성,KIA,H,Final,Win,8.0,5.0,대구,
20160805OBLT0_두산,2016-08-05,두산,롯데,A,Final,Loss,2.0,5.0,사직,
20160805OBLT0_롯데,2016-08-05,롯데,두산,H,Final,Win,5.0,2.0,사직,
20160805SKWO0_SK,2016-08-05,SK,넥센,A,Final,Win,7.0,5.0,고척,
20160805SKWO0_넥센,2016-08-05,넥센,SK,H,Final,Loss,5.0,7.0,고척,
20160806NCHH0_NC,2016-08-06,NC,한화,A,Final,Win,11.0,3.0,한밭,
20160806NCHH0_한화,2016-08-06,한화,NC,H,Final,Loss,3.0,11.0,한밭,
20160806KTLG0_KT,2016-08-06,KT,LG,A,Final,Loss,1.0,4.0,잠실,
20160806KTLG0_LG,2016-08-06,LG,KT,H,Final,Win,4.0,1.0,잠실,
20160806HTSS0_KIA,2016-08-06,KIA,삼성,A,Final,Win,13.0,6.0,대구,
20160806HTSS0_삼성,2016-08-06,삼성,KIA,H,Final,Loss,6.0,13.0,대구,
20160806OBLT0_두산,2016-08-06,두산,롯데,A,Final,Loss,1.0,11.0,사직,
20160806OBLT0_롯데,2016-08-06,롯데,두산,H,Final,Win,11.0,1.0,사직,
20160806SKWO0_SK,2016-08-06,SK,넥센,A,Final,Win,7.0,6.0,고척,
20160806SKWO0_넥센,2016-08-06,넥센,SK,H,Final,Loss,6.0,7.0,고척,
20160807NCHH0_NC,2016-08-07,NC,한화,A,Final,Loss,3.0,8.0,한밭,
20160807NCHH0_한화,2016-08-07,한화,NC,H,Final,Win,8.0,3.0,한밭,
20160807KTLG0_KT,2016-08-07,KT,LG,A,Final,Loss,4.0,10.0,잠실,
20160807KTLG0_LG,2016-08-07,LG,KT,H,Final,Win,10.0,4.0,잠실,
20160807HTSS0_KIA,2016-08-07,KIA,삼성,A,Final,Loss,7.0,11.0,대구,
20160807HTSS0_삼성,2016-08-07,삼성,KIA,H,Final,Win,11.0,7.0,대구,
20160807OBLT0_두산,2016-08-07,두산,롯데,A,Final,Win,12.0,7.0,사직,
20160807OBLT0_롯데,2016-08-07,롯데,두산,H,Final,Loss,7.0,12.0,사직,
20160807SKWO0_SK,2016-08-07,SK,넥센,A,Final,Loss,1.0,4.0,고척,
20160807SKWO0_넥센,2016-08-07,넥센,SK,H,Final,Win,4.0,1.0,고척,
20160809LTNC0_롯데,2016-08-09,롯데,NC,A,Final,Loss,0.0,13.0,마산,
20160809LTNC0_NC,2016-08-09,NC,롯데,H,Final,Win,13.0,0.0,마산,
20160809SSHH0_삼성,2016-08-09,삼성,한화,A,Final,Loss,6.0,9.0,한밭,
20160809SSHH0_한화,2016-08-09,한화,삼성,H,Final,Win,9.0,6.0,한밭,
20160809HTOB0_KIA,2016-08-09,KIA,두산,A,Final,Loss,4.0,11.0,잠실,
20160809HTOB0_두산,2016-08-09,두산,KIA,H,Final,Win,11.0,4.0,잠실,
20160809LGSK0_LG,2016-08-09,LG,SK,A,Final,Win,9.0,4.0,문학,
20160809LGSK0_SK,2016-08-09,SK,LG,H,Final,Loss,4.0,9.0,문학,
20160809WOKT0_넥센,2016-08-09,넥센,KT,A,Final,Win,6.0,2.0,수원,
20160809WOKT0_KT,2016-08-09,KT,넥센,H,Final,Loss,2.0,6.0,수원,
20160810LTNC0_롯데,2016-08-10,롯데,NC,A,Final,Loss,5.0,7.0,마산,
20160810LTNC0_NC,2016-08-10,NC,롯데,H,Final,Win,7.0,5.0,마산,
20160810SSHH0_삼성,2016-08-10,삼성,한화,A,Final,Win,16.0,7.0,한밭,
20160810SSHH0_한화,2016-08-10,한화,삼성,H,Final,Loss,7.0,16.0,한밭,
20160810HTOB0_KIA,2016-08-10,KIA,두산,A,Final,Win,12.0,4.0,잠실,
20160810HTOB0_두산,2016-08-10,두산,KIA,H,Final,Loss,4.0,12.0,잠실,
20160810LGSK0_LG,2016-08-10,LG,SK,A,Final,Win,5.0,3.0,문학,
20160810LGSK0_SK,2016-08-10,SK,LG,H,Final,Loss,3.0,5.0,문학,
20160810WOKT0_넥센,2016-08-10,넥센,KT,A,Final,Win,5.0,1.0,수원,
20160810WOKT0_KT,2016-08-10,KT,넥센,H,Final,Loss,1.0,5.0,수원,
20160811NCLG0_NC,2016-08-11,NC,LG,A,Final,Loss,2.0,4.0,잠실,
20160811NCLG0_LG,2016-08-11,LG,NC,H,Final,Win,4.0,2.0,잠실,
20160811OBSS0_두산,2016-08-11,두산,삼성,A,Final,Win,6.0,1.0,대구,
20160811OBSS0_삼성,2016-08-11,삼성,두산,H,Final,Loss,1.0,6.0,대구,
20160811KTSK0_KT,2016-08-11,KT,SK,A,Final,Loss,3.0,10.0,문학,
20160811KTSK0_SK,2016-08-11,SK,KT,H,Final,Win,10.0,3.0,문학,
20160811HTWO0_KIA,2016-08-11,KIA,넥센,A,Final,Loss,7.0,8.0,고척,
20160811HTWO0_넥센,2016-08-11,넥센,KIA,H,Final,Win,8.0,7.0,고척,
20160811HHLT0_한화,2016-08-11,한화,롯데,A,Final,Win,3.0,2.0,울산,
20160811HHLT0_롯데,2016-08-11,롯데,한화,H,Final,Loss,2.0,3.0,울산,
20160812NCLG0_NC,2016-08-12,NC,LG,A,Final,Loss,5.0,6.0,잠실,
20160812NCLG0_LG,2016-08-12,LG,NC,H,Final,Win,6.0,5.0,잠실,
20160812OBSS0_두산,2016-08-12,두산,삼성,A,Final,Win,8.0,7.0,대구,
20160812OBSS0_삼성,2016-08-12,삼성,두산,H,Final,Loss,7.0,8.0,대구,
20160812KTSK0_KT,2016-08-12,KT,SK,A,Final,Loss,5.0,9.0,문학,
20160812KTSK0_SK,2016-08-12,SK,KT,H,Final,Win,9.0,5.0,문학,
20160812HTWO0_KIA,2016-08-12,KIA,넥센,A,Final,Win,8.0,2.0,고척,
20160812HTWO0_넥센,2016-08-12,넥센,KIA,H,Final,Loss,2.0,8.0,고척,
20160812HHLT0_한화,2016-08-12,한화,롯데,A,Final,Loss,3.0,4.0,울산,
20160812HHLT0_롯데,2016-08-12,롯데,한화,H,Final,Win,4.0,3.0,울산,
20160813KTNC0_KT,2016-08-13,KT,NC,A,Final,Loss,2.0,3.0,마산,
20160813KTNC0_NC,2016-08-13,NC,KT,H,Final,Win,3.0,2.0,마산,
20160813WOOB0_넥센,2016-08-13,넥센,두산,A,Final,Loss,0.0,8.0,잠실,
20160813WOOB0_두산,2016-08-13,두산,넥센,H,Final,Win,8.0,0.0,잠실,
20160813LGSS0_LG,2016-08-13,LG,삼성,A,Final,Loss,5.0,8.0,대구,
20160813LGSS0_삼성,2016-08-13,삼성,LG,H,Final,Win,8.0,5.0,대구,
20160813LTSK0_롯데,2016-08-13,롯데,SK,A,Final,Loss,3.0,4.0,문학,
20160813LTSK0_SK,2016-08-13,SK,롯데,H,Final,Win,4.0,3.0,문학,
20160813HHHT0_한화,2016-08-13,한화,KIA,A,Final,Loss,4.0,6.0,광주,
20160813HHHT0_KIA,2016-08-13,KIA,한화,H,Final,Win,6.0,4.0,광주,
20160814KTNC0_KT,2016-08-14,KT,NC,A,Final,Win,6.0,5.0,마산,
20160814KTNC0_NC,2016-08-14,NC,KT,H,Final,Loss,5.0,6.0,마산,
20160814WOOB0_넥센,2016-08-14,넥센,두산,A,Final,Loss,1.0,6.0,잠실,
20160814WOOB0_두산,2016-08-14,두산,넥센,H,Final,Win,6.0,1.0,잠실,
20160814LGSS0_LG,2016-08-14,LG,삼성,A,Final,Loss,2.0,6.0,대구,
20160814LGSS0_삼성,2016-08-14,삼성,LG,H,Final,Win,6.0,2.0,대구,
20160814LTSK0_롯데,2016-08-14,롯데,SK,A,Final,Loss,5.0,6.0,문학,
20160814LTSK0_SK,2016-08-14,SK,롯데,H,Final,Win,6.0,5.0,문학,
20160814HHHT0_한화,2016-08-14,한화,KIA,A,Final,Win,3.0,2.0,광주,
20160814HHHT0_KIA,2016-08-14,KIA,한화,H,Final,Loss,2.0,3.0,광주,
20160816SSNC0_삼성,2016-08-16,삼성,NC,A,Final,Win,12.0,5.0,마산,
20160816SSNC0_NC,2016-08-16,NC,삼성,H,Final,Loss,5.0,12.0,마산,
20160816SKLG0_SK,2016-08-16,SK,LG,A,Final,Loss,4.0,11.0,잠실,
20160816SKLG0_LG,2016-08-16,LG,SK,H,Final,Win,11.0,4.0,잠실,
20160816KTHT0_KT,2016-08-16,KT,KIA,A,Final,Win,7.0,4.0,광주,
20160816KTHT0_KIA,2016-08-16,KIA,KT,H,Final,Loss,4.0,7.0,광주,
20160816LTWO0_롯데,2016-08-16,롯데,넥센,A,Final,Loss,1.0,8.0,고척,
20160816LTWO0_넥센,2016-08-16,넥센,롯데,H,Final,Win,8.0,1.0,고척,
20160816OBHH0_두산,2016-08-16,두산,한화,A,Final,Win,13.0,3.0,청주,
20160816OBHH0_한화,2016-08-16,한화,두산,H,Final,Loss,3.0,13.0,청주,
20160817SSNC0_삼성,2016-08-17,삼성,NC,A,Final,Loss,5.0,9.0,마산,
20160817SSNC0_NC,2016-08-17,NC,삼성,H,Final,Win,9.0,5.0,마산,
20160817SKLG0_SK,2016-08-17,SK,LG,A,Final,Win,10.0,6.0,잠실,
20160817SKLG0_LG,2016-08-17,LG,SK,H,Final,Loss,6.0,10.0,잠실,
20160817LTWO0_롯데,2016-08-17,롯데,넥센,A,Final,Loss,0.0,7.0,고척,
20160817LTWO0_넥센,2016-08-17,넥센,롯데,H,Final,Win,7.0,0.0,고척,
20160817OBHH0_두산,2016-08-17,두산,한화,A,Final,Win,7.0,4.0,청주,
20160817OBHH0_한화,2016-08-17,한화,두산,H,Final,Loss,4.0,7.0,청주,
20160818HHLG0_한화,2016-08-18,한화,LG,A,Final,Win,8.0,5.0,잠실,
20160818HHLG0_LG,2016-08-18,LG,한화,H,Final,Loss,5.0,8.0,잠실,
20160818HTLT0_KIA,2016-08-18,KIA,롯데,A,Final,Loss,3.0,4.0,사직,
20160818HTLT0_롯데,2016-08-18,롯데,KIA,H,Final,Win,4.0,3.0,사직,
20160818OBSK0_두산,2016-08-18,두산,SK,A,Final,Win,9.0,5.0,문학,
20160818OBSK0_SK,2016-08-18,SK,두산,H,Final,Loss,5.0,9.0,문학,
20160818SSKT0_삼성,2016-08-18,삼성,KT,A,Final,Win,13.0,5.0,수원,
20160818SSKT0_KT,2016-08-18,KT,삼성,H,Final,Loss,5.0,13.0,수원,
20160818NCWO0_NC,2016-08-18,NC,넥센,A,Final,Loss,4.0,6.0,고척,
20160818NCWO0_넥센,2016-08-18,넥센,NC,H,Final,Win,6.0,4.0,고척,
20160819HHLG0_한화,2016-08-19,한화,LG,A,Final,Loss,2.0,3.0,잠실,
20160819HHLG0_LG,2016-08-19,LG,한화,H,Final,Win,3.0,2.0,잠실,
20160819HTLT0_KIA,2016-08-19,KIA,롯데,A,Final,Win,10.0,9.0,사직,
20160819HTLT0_롯데,2016-08-19,롯데,KIA,H,Final,Loss,9.0,10.0,사직,
20160819OBSK0_두산,2016-08-19,두산,SK,A,Final,Win,8.0,3.0,문학,
20160819OBSK0_SK,2016-08-19,SK,두산,H,Final,Loss,3.0,8.0,문학,
20160819SSKT0_삼성,2016-08-19,삼성,KT,A,Final,Win,13.0,6.0,수원,
20160819SSKT0_KT,2016-08-19,KT,삼성,H,Final,Loss,6.0,13.0,수원,
20160819NCWO0_NC,2016-08-19,NC,넥센,A,Final,Win,7.0,0.0,고척,
20160819NCWO0_넥센,2016-08-19,넥센,NC,H,Final,Loss,0.0,7.0,고척,
20160820NCOB0_NC,2016-08-20,NC,두산,A,Final,Loss,3.0,13.0,잠실,
20160820NCOB0_두산,2016-08-20,두산,NC,H,Final,Win,13.0,3.0,잠실,
20160820SKLT0_SK,2016-08-20,SK,롯데,A,Final,Win,3.0,2.0,사직,
20160820SKLT0_롯데,2016-08-20,롯데,SK,H,Final,Loss,2.0,3.0,사직,
20160820LGHT0_LG,2016-08-20,LG,KIA,A,Final,Loss,2.0,3.0,광주,
20160820LGHT0_KIA,2016-08-20,KIA,LG,H,Final,Win,3.0,2.0,광주,
20160820HHKT0_한화,2016-08-20,한화,KT,A,Final,Loss,9.0,10.0,수원,
20160820HHKT0_KT,2016-08-20,KT,한화,H,Final,Win,10.0,9.0,수원,
20160820SSWO0_삼성,2016-08-20,삼성,넥센,A,Final,Loss,5.0,6.0,고척,
20160820SSWO0_넥센,2016-08-20,넥센,삼성,H,Final,Win,6.0,5.0,고척,
20160821NCOB0_NC,2016-08-21,NC,두산,A,Final,Win,9.0,4.0,잠실,
20160821NCOB0_두산,2016-08-21,두산,NC,H,Final,Loss,4.0,9.0,잠실,
20160821SKLT0_SK,2016-08-21,SK,롯데,A,Final,Loss,3.0,4.0,사직,
20160821SKLT0_롯데,2016-08-21,롯데,SK,H,Final,Win,4.0,3.0,사직,
20160821LGHT0_LG,2016-08-21,LG,KIA,A,Final,Win,9.0,8.0,광주,
20160821LGHT0_KIA,2016-08-21,KIA,LG,H,Final,Loss,8.0,9.0,광주,
20160821HHKT0_한화,2016-08-21,한화,KT,A,Final,Win,12.0,6.0,수원,
20160821HHKT0_KT,2016-08-21,KT,한화,H,Final,Loss,6.0,12.0,수원,
20160821SSWO0_삼성,2016-08-21,삼성,넥센,A,Final,Loss,0.0,2.0,고척,
20160821SSWO0_넥센,2016-08-21,넥센,삼성,H,Final,Win,2.0,0.0,고척,
20160823HTNC0_KIA,2016-08-23,KIA,NC,A,Final,Loss,1.0,12.0,마산,
20160823HTNC0_NC,2016-08-23,NC,KIA,H,Final,Win,12.0,1.0,마산,
20160823LGOB0_LG,2016-08-23,LG,두산,A,Final,Win,6.0,5.0,잠실,
20160823LGOB0_두산,2016-08-23,두산,LG,H,Final,Loss,5.0,6.0,잠실,
20160823SKSS0_SK,2016-08-23,SK,삼성,A,Final,Loss,8.0,9.0,대구,
20160823SKSS0_삼성,2016-08-23,삼성,SK,H,Final,Win,9.0,8.0,대구,
20160823KTLT0_KT,2016-08-23,KT,롯데,A,Final,Loss,4.0,8.0,울산,
20160823KTLT0_롯데,2016-08-23,롯데,KT,H,Final,Win,8.0,4.0,울산,
20160824HTNC0_KIA,2016-08-24,KIA,NC,A,Final,Win,6.0,3.0,마산,
20160824HTNC0_NC,2016-08-24,NC,KIA,H,Final,Loss,3.0,6.0,마산,
20160824WOHH0_넥센,2016-08-24,넥센,한화,A,Final,Win,12.0,6.0,한밭,
20160824WOHH0_한화,2016-08-24,한화,넥센,H,Final,Loss,6.0,12.0,한밭,
20160824LGOB0_LG,2016-08-24,LG,두산,A,Final,Loss,6.0,18.0,잠실,
20160824LGOB0_두산,2016-08-24,두산,LG,H,Final,Win,18.0,6.0,잠실,
20160824SKSS0_SK,2016-08-24,SK,삼성,A,Final,Win,4.0,3.0,대구,
20160824SKSS0_삼성,2016-08-24,삼성,SK,H,Final,Loss,3.0,4.0,대구,
20160824KTLT0_KT,2016-08-24,KT,롯데,A,Final,Win,5.0,2.0,울산,
20160824KTLT0_롯데,2016-08-24,롯데,KT,H,Final,Loss,2.0,5.0,울산,
20160825NCHH0_NC,2016-08-25,NC,한화,A,Final,Win,13.0,1.0,한밭,
20160825NCHH0_한화,2016-08-25,한화,NC,H,Final,Loss,1.0,13.0,한밭,
20160825SSHT0_삼성,2016-08-25,삼성,KIA,A,Final,Loss,4.0,6.0,광주,
20160825SSHT0_KIA,2016-08-25,KIA,삼성,H,Final,Win,6.0,4.0,광주,
20160825SKKT0_SK,2016-08-25,SK,KT,A,Final,Win,1.0,0.0,수원,
20160825SKKT0_KT,2016-08-25,KT,SK,H,Final,Loss,0.0,1.0,수원,
20160825LGWO0_LG,2016-08-25,LG,넥센,A,Final,Win,9.0,4.0,고척,
20160825LGWO0_넥센,2016-08-25,넥센,LG,H,Final,Loss,4.0,9.0,고척,
20160826NCHH0_NC,2016-08-26,NC,한화,A,Final,Loss,4.0,7.0,한밭,
20160826NCHH0_한화,2016-08-26,한화,NC,H,Final,Win,7.0,4.0,한밭,
20160826LTOB0_롯데,2016-08-26,롯데,두산,A,Final,Loss,4.0,11.0,잠실,
20160826LTOB0_두산,2016-08-26,두산,롯데,H,Final,Win,11.0,4.0,잠실,
20160826SKKT0_SK,2016-08-26,SK,KT,A,Final,Loss,1.0,5.0,수원,
20160826SKKT0_KT,2016-08-26,KT,SK,H,Final,Win,5.0,1.0,수원,
20160826LGWO0_LG,2016-08-26,LG,넥센,A,Final,Win,3.0,2.0,고척,
20160826LGWO0_넥센,2016-08-26,넥센,LG,H,Final,Loss,2.0,3.0,고척,
20160827WONC0_넥센,2016-08-27,넥센,NC,A,Final,Win,7.0,6.0,마산,
20160827WONC0_NC,2016-08-27,NC,넥센,H,Final,Loss,6.0,7.0,마산,
20160827KTLG0_KT,2016-08-27,KT,LG,A,Final,Loss,2.0,4.0,잠실,
20160827KTLG0_LG,2016-08-27,LG,KT,H,Final,Win,4.0,2.0,잠실,
20160827LTSS0_롯데,2016-08-27,롯데,삼성,A,Final,Loss,0.0,13.0,대구,
20160827LTSS0_삼성,2016-08-27,삼성,롯데,H,Final,Win,13.0,0.0,대구,
20160827HHSK0_한화,2016-08-27,한화,SK,A,Final,Win,12.0,4.0,문학,
20160827HHSK0_SK,2016-08-27,SK,한화,H,Final,Loss,4.0,12.0,문학,
20160827OBHT0_두산,2016-08-27,두산,KIA,A,Final,Loss,3.0,5.0,광주,
20160827OBHT0_KIA,2016-08-27,KIA,두산,H,Final,Win,5.0,3.0,광주,
20160828KTLG0_KT,2016-08-28,KT,LG,A,Final,Win,11.0,4.0,잠실,
20160828KTLG0_LG,2016-08-28,LG,KT,H,Final,Loss,4.0,11.0,잠실,
20160828HHSK0_한화,2016-08-28,한화,SK,A,Final,Win,9.0,1.0,문학,
20160828HHSK0_SK,2016-08-28,SK,한화,H,Final,Loss,1.0,9.0,문학,
20160828OBHT0_두산,2016-08-28,두산,KIA,A,Final,Win,9.0,0.0,광주,
20160828OBHT0_KIA,2016-08-28,KIA,두산,H,Final,Loss,0.0,9.0,광주,
20160830HHOB0_한화,2016-08-30,한화,두산,A,Final,Loss,4.0,11.0,잠실,
20160830HHOB0_두산,2016-08-30,두산,한화,H,Final,Win,11.0,4.0,잠실,
20160830WOSS0_넥센,2016-08-30,넥센,삼성,A,Final,Loss,1.0,8.0,대구,
20160830WOSS0_삼성,2016-08-30,삼성,넥센,H,Final,Win,8.0,1.0,대구,
20160830LGLT0_LG,2016-08-30,LG,롯데,A,Final,Loss,4.0,8.0,사직,
20160830LGLT0_롯데,2016-08-30,롯데,LG,H,Final,Win,8.0,4.0,사직,
20160830SKHT0_SK,2016-08-30,SK,KIA,A,Final,Win,9.0,3.0,광주,
20160830SKHT0_KIA,2016-08-30,KIA,SK,H,Final,Loss,3.0,9.0,광주,
20160830NCKT0_NC,2016-08-30,NC,KT,A,Final,Win,5.0,3.0,수원,
20160830NCKT0_KT,2016-08-30,KT,NC,H,Final,Loss,3.0,5.0,수원,
20160831WOSS0_넥센,2016-08-31,넥센,삼성,A,Final,Win,15.0,6.0,대구,
20160831WOSS0_삼성,2016-08-31,삼성,넥센,H,Final,Loss,6.0,15.0,대구,
20160831LGLT0_LG,2016-08-31,LG,롯데,A,Final,Loss,1.0,9.0,사직,
20160831LGLT0_롯데,2016-08-31,롯데,LG,H,Final,Win,9.0,1.0,사직,
20160831SKHT0_SK,2016-08-31,SK,KIA,A,Final,Loss,5.0,7.0,광주,
20160831SKHT0_KIA,2016-08-31,KIA,SK,H,Final,Win,7.0,5.0,광주,
20160831NCKT0_NC,2016-08-31,NC,KT,A,Final,Win,11.0,0.0,수원,
20160831NCKT0_KT,2016-08-31,KT,NC,H,Final,Loss,0.0,11.0,수원,
20160901LGHH0_LG,2016-09-01,LG,한화,A,Final,Win,7.0,2.0,한밭,
20160901LGHH0_한화,2016-09-01,한화,LG,H,Final,Loss,2.0,7.0,한밭,
20160901KTOB0_KT,2016-09-01,KT,두산,A,Final,Loss,0.0,1.0,잠실,
20160901KTOB0_두산,2016-09-01,두산,KT,H,Final,Win,1.0,0.0,잠실,
20160901HTSS0_KIA,2016-09-01,KIA,삼성,A,Final,Win,16.0,8.0,대구,
20160901HTSS0_삼성,2016-09-01,삼성,KIA,H,Final,Loss,8.0,16.0,대구,
20160901NCLT0_NC,2016-09-01,NC,롯데,A,Final,Win,4.0,2.0,사직,
20160901NCLT0_롯데,2016-09-01,롯데,NC,H,Final,Loss,2.0,4.0,사직,
20160901SKWO0_SK,2016-09-01,SK,넥센,A,Final,Loss,2.0,8.0,고척,
20160901SKWO0_넥센,2016-09-01,넥센,SK,H,Final,Win,8.0,2.0,고척,
20160902LGHH0_LG,2016-09-02,LG,한화,A,Final,Loss,6.0,11.0,한밭,
20160902LGHH0_한화,2016-09-02,한화,LG,H,Final,Win,11.0,6.0,한밭,
20160902KTOB0_KT,2016-09-02,KT,두산,A,Final,Loss,5.0,6.0,잠실,
20160902KTOB0_두산,2016-09-02,두산,KT,H,Final,Win,6.0,5.0,잠실,
20160902SKWO0_SK,2016-09-02,SK,넥센,A,Final,Loss,9.0,10.0,고척,
20160902SKWO0_넥센,2016-09-02,넥센,SK,H,Final,Win,10.0,9.0,고척,
20160903SKNC0_SK,2016-09-03,SK,NC,A,Final,Win,10.0,7.0,마산,
20160903SKNC0_NC,2016-09-03,NC,SK,H,Final,Loss,7.0,10.0,마산,
20160903SSOB0_삼성,2016-09-03,삼성,두산,A,Final,Win,5.0,3.0,잠실,
20160903SSOB0_두산,2016-09-03,두산,삼성,H,Final,Loss,3.0,5.0,잠실,
20160903LTHT0_롯데,2016-09-03,롯데,KIA,A,Final,Win,2.0,1.0,광주,
20160903LTHT0_KIA,2016-09-03,KIA,롯데,H,Final,Loss,1.0,2.0,광주,
20160903LGKT0_LG,2016-09-03,LG,KT,A,Final,Loss,3.0,6.0,수원,
20160903LGKT0_KT,2016-09-03,KT,LG,H,Final,Win,6.0,3.0,수원,
20160903HHWO0_한화,2016-09-03,한화,넥센,A,Final,Win,13.0,11.0,고척,
20160903HHWO0_넥센,2016-09-03,넥센,한화,H,Final,Loss,11.0,13.0,고척,
20160904SSOB0_삼성,2016-09-04,삼성,두산,A,Final,Loss,5.0,7.0,잠실,
20160904SSOB0_두산,2016-09-04,두산,삼성,H,Final,Win,7.0,5.0,잠실,
20160904LTHT0_롯데,2016-09-04,롯데,KIA,A,Final,Loss,3.0,4.0,광주,
20160904LTHT0_KIA,2016-09-04,KIA,롯데,H,Final,Win,4.0,3.0,광주,
20160904LGKT0_LG,2016-09-04,LG,KT,A,Final,Loss,3.0,4.0,수원,
20160904LGKT0_KT,2016-09-04,KT,LG,H,Final,Win,4.0,3.0,수원,
20160904HHWO0_한화,2016-09-04,한화,넥센,A,Final,Loss,5.0,7.0,고척,
20160904HHWO0_넥센,2016-09-04,넥센,한화,H,Final,Win,7.0,5.0,고척,
20160904SKNC0_SK,2016-09-04,SK,NC,A,Final,Win,9.0,4.0,마산,
20160904SKNC0_NC,2016-09-04,NC,SK,H,Final,Loss,4.0,9.0,마산,
20160906HHNC0_한화,2016-09-06,한화,NC,A,Final,Loss,6.0,7.0,마산,
20160906HHNC0_NC,2016-09-06,NC,한화,H,Final,Win,7.0,6.0,마산,
20160906WOLG0_넥센,2016-09-06,넥센,LG,A,Final,Loss,2.0,5.0,잠실,
20160906WOLG0_LG,2016-09-06,LG,넥센,H,Final,Win,5.0,2.0,잠실,
20160906KTSS0_KT,2016-09-06,KT,삼성,A,Final,Loss,6.0,11.0,대구,
20160906KTSS0_삼성,2016-09-06,삼성,KT,H,Final,Win,11.0,6.0,대구,
20160906OBLT0_두산,2016-09-06,두산,롯데,A,Final,Loss,7.0,9.0,사직,
20160906OBLT0_롯데,2016-09-06,롯데,두산,H,Final,Win,9.0,7.0,사직,
20160906HTSK0_KIA,2016-09-06,KIA,SK,A,Final,Loss,0.0,2.0,문학,
20160906HTSK0_SK,2016-09-06,SK,KIA,H,Final,Win,2.0,0.0,문학,
20160907HHNC0_한화,2016-09-07,한화,NC,A,Final,Loss,0.0,1.0,마산,
20160907HHNC0_NC,2016-09-07,NC,한화,H,Final,Win,1.0,0.0,마산,
20160907WOLG0_넥센,2016-09-07,넥센,LG,A,Final,Loss,0.0,11.0,잠실,
20160907WOLG0_LG,2016-09-07,LG,넥센,H,Final,Win,11.0,0.0,잠실,
20160907KTSS0_KT,2016-09-07,KT,삼성,A,Final,Win,13.0,9.0,대구,
20160907KTSS0_삼성,2016-09-07,삼성,KT,H,Final,Loss,9.0,13.0,대구,
20160907OBLT0_두산,2016-09-07,두산,롯데,A,Final,Win,10.0,5.0,사직,
20160907OBLT0_롯데,2016-09-07,롯데,두산,H,Final,Loss,5.0,10.0,사직,
20160907HTSK0_KIA,2016-09-07,KIA,SK,A,Final,Loss,3.0,11.0,문학,
20160907HTSK0_SK,2016-09-07,SK,KIA,H,Final,Win,11.0,3.0,문학,
20160908KTHH0_KT,2016-09-08,KT,한화,A,Final,Loss,3.0,4.0,한밭,
20160908KTHH0_한화,2016-09-08,한화,KT,H,Final,Win,4.0,3.0,한밭,
20160908OBLG0_두산,2016-09-08,두산,LG,A,Final,Win,4.0,2.0,잠실,
20160908OBLG0_LG,2016-09-08,LG,두산,H,Final,Loss,2.0,4.0,잠실,
20160908SSLT0_삼성,2016-09-08,삼성,롯데,A,Final,Loss,4.0,5.0,사직,
20160908SSLT0_롯데,2016-09-08,롯데,삼성,H,Final,Win,5.0,4.0,사직,
20160908WOSK0_넥센,2016-09-08,넥센,SK,A,Final,Loss,3.0,12.0,문학,
20160908WOSK0_SK,2016-09-08,SK,넥센,H,Final,Win,12.0,3.0,문학,
20160908NCHT0_NC,2016-09-08,NC,KIA,A,Final,Loss,4.0,7.0,광주,
20160908NCHT0_KIA,2016-09-08,KIA,NC,H,Final,Win,7.0,4.0,광주,
20160909KTHH0_KT,2016-09-09,KT,한화,A,Final,Loss,1.0,2.0,한밭,
20160909KTHH0_한화,2016-09-09,한화,KT,H,Final,Win,2.0,1.0,한밭,
20160909OBLG0_두산,2016-09-09,두산,LG,A,Final,Loss,4.0,10.0,잠실,
20160909OBLG0_LG,2016-09-09,LG,두산,H,Final,Win,10.0,4.0,잠실,
20160909SSLT0_삼성,2016-09-09,삼성,롯데,A,Final,Win,7.0,5.0,사직,
20160909SSLT0_롯데,2016-09-09,롯데,삼성,H,Final,Loss,5.0,7.0,사직,
20160909WOSK0_넥센,2016-09-09,넥센,SK,A,Final,Loss,1.0,4.0,문학,
20160909WOSK0_SK,2016-09-09,SK,넥센,H,Final,Win,4.0,1.0,문학,
20160909NCHT0_NC,2016-09-09,NC,KIA,A,Final,Win,8.0,7.0,광주,
20160909NCHT0_KIA,2016-09-09,KIA,NC,H,Final,Loss,7.0,8.0,광주,
20160910SKHH0_SK,2016-09-10,SK,한화,A,Final,Loss,0.0,14.0,한밭,
20160910SKHH0_한화,2016-09-10,한화,SK,H,Final,Win,14.0,0.0,한밭,
20160910LTLG0_롯데,2016-09-10,롯데,LG,A,Final,Loss,6.0,9.0,잠실,
20160910LTLG0_LG,2016-09-10,LG,롯데,H,Final,Win,9.0,6.0,잠실,
20160910NCSS0_NC,2016-09-10,NC,삼성,A,Final,Loss,1.0,4.0,대구,
20160910NCSS0_삼성,2016-09-10,삼성,NC,H,Final,Win,4.0,1.0,대구,
20160910HTKT0_KIA,2016-09-10,KIA,KT,A,Final,Loss,6.0,9.0,수원,
20160910HTKT0_KT,2016-09-10,KT,KIA,H,Final,Win,9.0,6.0,수원,
20160910OBWO0_두산,2016-09-10,두산,넥센,A,Final,Loss,1.0,9.0,고척,
20160910OBWO0_넥센,2016-09-10,넥센,두산,H,Final,Win,9.0,1.0,고척,
20160911SKHH0_SK,2016-09-11,SK,한화,A,Final,Loss,6.0,7.0,한밭,
20160911SKHH0_한화,2016-09-11,한화,SK,H,Final,Win,7.0,6.0,한밭,
20160911LTLG0_롯데,2016-09-11,롯데,LG,A,Final,Loss,8.0,12.0,잠실,
20160911LTLG0_LG,2016-09-11,LG,롯데,H,Final,Win,12.0,8.0,잠실,
20160911NCSS0_NC,2016-09-11,NC,삼성,A,Final,Loss,0.0,2.0,대구,
20160911NCSS0_삼성,2016-09-11,삼성,NC,H,Final,Win,2.0,0.0,대구,
20160911OBWO0_두산,2016-09-11,두산,넥센,A,Final,Win,5.0,2.0,고척,
20160911OBWO0_넥센,2016-09-11,넥센,두산,H,Final,Loss,2.0,5.0,고척,
20160911HTKT0_KIA,2016-09-11,KIA,KT,A,Final,Win,4.0,2.0,수원,
20160911HTKT0_KT,2016-09-11,KT,KIA,H,Final,Loss,2.0,4.0,수원,
20160913LGNC0_LG,2016-09-13,LG,NC,A,Final,Win,4.0,3.0,마산,
20160913LGNC0_NC,2016-09-13,NC,LG,H,Final,Loss,3.0,4.0,마산,
20160913SKOB0_SK,2016-09-13,SK,두산,A,Final,Loss,2.0,5.0,잠실,
20160913SKOB0_두산,2016-09-13,두산,SK,H,Final,Win,5.0,2.0,잠실,
20160913HHSS0_한화,2016-09-13,한화,삼성,A,Final,Win,7.0,6.0,대구,
20160913HHSS0_삼성,2016-09-13,삼성,한화,H,Final,Loss,6.0,7.0,대구,
20160913WOHT0_넥센,2016-09-13,넥센,KIA,A,Final,Loss,2.0,3.0,광주,
20160913WOHT0_KIA,2016-09-13,KIA,넥센,H,Final,Win,3.0,2.0,광주,
20160913LTKT0_롯데,2016-09-13,롯데,KT,A,Final,Win,9.0,2.0,수원,
20160913LTKT0_KT,2016-09-13,KT,롯데,H,Final,Loss,2.0,9.0,수원,
20160914LGNC0_LG,2016-09-14,LG,NC,A,Final,Loss,4.0,8.0,마산,
20160914LGNC0_NC,2016-09-14,NC,LG,H,Final,Win,8.0,4.0,마산,
20160914SKOB0_SK,2016-09-14,SK,두산,A,Final,Loss,0.0,6.0,잠실,
20160914SKOB0_두산,2016-09-14,두산,SK,H,Final,Win,6.0,0.0,잠실,
20160914HHSS0_한화,2016-09-14,한화,삼성,A,Final,Loss,6.0,9.0,대구,
20160914HHSS0_삼성,2016-09-14,삼성,한화,H,Final,Win,9.0,6.0,대구,
20160914WOHT0_넥센,2016-09-14,넥센,KIA,A,Final,Win,7.0,3.0,광주,
20160914WOHT0_KIA,2016-09-14,KIA,넥센,H,Final,Loss,3.0,7.0,광주,
20160914LTKT0_롯데,2016-09-14,롯데,KT,A,Final,Win,8.0,7.0,수원,
20160914LTKT0_KT,2016-09-14,KT,롯데,H,Final,Loss,7.0,8.0,수원,
20160915LTHH0_롯데,2016-09-15,롯데,한화,A,Final,Loss,6.0,7.0,한밭,
20160915LTHH0_한화,2016-09-15,한화,롯데,H,Final,Win,7.0,6.0,한밭,
20160915OBNC0_두산,2016-09-15,두산,NC,A,Final,Win,4.0,3.0,마산,
20160915OBNC0_NC,2016-09-15,NC,두산,H,Final,Loss,3.0,4.0,마산,
20160915HTLG0_KIA,2016-09-15,KIA,LG,A,Final,Loss,3.0,5.0,잠실,
20160915HTLG0_LG,2016-09-15,LG,KIA,H,Final,Win,5.0,3.0,잠실,
20160915SSSK0_삼성,2016-09-15,삼성,SK,A,Final,Win,9.0,5.0,문학,
20160915SSSK0_SK,2016-09-15,SK,삼성,H,Final,Loss,5.0,9.0,문학,
20160915KTWO0_KT,2016-09-15,KT,넥센,A,Final,Loss,6.0,10.0,고척,
20160915KTWO0_넥센,2016-09-15,넥센,KT,H,Final,Win,10.0,6.0,고척,
20160916LTHH0_롯데,2016-09-16,롯데,한화,A,Final,Win,8.0,6.0,한밭,
20160916LTHH0_한화,2016-09-16,한화,롯데,H,Final,Loss,6.0,8.0,한밭,
20160916OBNC0_두산,2016-09-16,두산,NC,A,Final,Win,5.0,3.0,마산,
20160916OBNC0_NC,2016-09-16,NC,두산,H,Final,Loss,3.0,5.0,마산,
20160916HTLG0_KIA,2016-09-16,KIA,LG,A,Final,Loss,1.0,3.0,잠실,
20160916HTLG0_LG,2016-09-16,LG,KIA,H,Final,Win,3.0,1.0,잠실,
20160916SSSK0_삼성,2016-09-16,삼성,SK,A,Final,Win,13.0,10.0,문학,
20160916SSSK0_SK,2016-09-16,SK,삼성,H,Final,Loss,10.0,13.0,문학,
20160916KTWO0_KT,2016-09-16,KT,넥센,A,Final,Loss,0.0,5.0,고척,
20160916KTWO0_넥센,2016-09-16,넥센,KT,H,Final,Win,5.0,0.0,고척,
20160917SSLG0_삼성,2016-09-17,삼성,LG,A,Final,Loss,2.0,3.0,잠실,
20160917SSLG0_LG,2016-09-17,LG,삼성,H,Final,Win,3.0,2.0,잠실,
20160917NCSK0_NC,2016-09-17,NC,SK,A,Final,Win,4.0,3.0,문학,
20160917NCSK0_SK,2016-09-17,SK,NC,H,Final,Loss,3.0,4.0,문학,
20160917OBKT0_두산,2016-09-17,두산,KT,A,Final,Win,11.0,4.0,수원,
20160917OBKT0_KT,2016-09-17,KT,두산,H,Final,Loss,4.0,11.0,수원,
20160918HTHH0_KIA,2016-09-18,KIA,한화,A,Final,Win,3.0,1.0,한밭,
20160918HTHH0_한화,2016-09-18,한화,KIA,H,Final,Loss,1.0,3.0,한밭,
20160918SSLG0_삼성,2016-09-18,삼성,LG,A,Final,Loss,0.0,5.0,잠실,
20160918SSLG0_LG,2016-09-18,LG,삼성,H,Final,Win,5.0,0.0,잠실,
20160918NCSK0_NC,2016-09-18,NC,SK,A,Final,Win,13.0,7.0,문학,
20160918NCSK0_SK,2016-09-18,SK,NC,H,Final,Loss,7.0,13.0,문학,
20160918OBKT0_두산,2016-09-18,두산,KT,A,Final,Win,11.0,1.0,수원,
20160918OBKT0_KT,2016-09-18,KT,두산,H,Final,Loss,1.0,11.0,수원,
20160918WOLT0_넥센,2016-09-18,넥센,롯데,A,Final,Loss,6.0,13.0,사직,
20160918WOLT0_롯데,2016-09-18,롯데,넥센,H,Final,Win,13.0,6.0,사직,
20160919HTHH0_KIA,2016-09-19,KIA,한화,A,Final,Win,4.0,2.0,한밭,
20160919HTHH0_한화,2016-09-19,한화,KIA,H,Final,Loss,2.0,4.0,한밭,
20160919WOLT0_넥센,2016-09-19,넥센,롯데,A,Final,Win,11.0,1.0,사직,
20160919WOLT0_롯데,2016-09-19,롯데,넥센,H,Final,Loss,1.0,11.0,사직,
20160920LGHH0_LG,2016-09-20,LG,한화,A,Final,Win,11.0,3.0,한밭,
20160920LGHH0_한화,2016-09-20,한화,LG,H,Final,Loss,3.0,11.0,한밭,
20160920SSOB0_삼성,2016-09-20,삼성,두산,A,Final,Loss,4.0,6.0,잠실,
20160920SSOB0_두산,2016-09-20,두산,삼성,H,Final,Win,6.0,4.0,잠실,
20160920WOHT0_넥센,2016-09-20,넥센,KIA,A,Final,Loss,3.0,4.0,광주,
20160920WOHT0_KIA,2016-09-20,KIA,넥센,H,Final,Win,4.0,3.0,광주,
20160920NCKT0_NC,2016-09-20,NC,KT,A,Final,Loss,2.0,6.0,수원,
20160920NCKT0_KT,2016-09-20,KT,NC,H,Final,Win,6.0,2.0,수원,
20160921LTSS0_롯데,2016-09-21,롯데,삼성,A,Final,Win,10.0,9.0,대구,
20160921LTSS0_삼성,2016-09-21,삼성,롯데,H,Final,Loss,9.0,10.0,대구,
20160921WOHT0_넥센,2016-09-21,넥센,KIA,A,Final,Loss,2.0,5.0,광주,
20160921WOHT0_KIA,2016-09-21,KIA,넥센,H,Final,Win,5.0,2.0,광주,
20160922NCHH0_NC,2016-09-22,NC,한화,A,Final,Win,7.0,2.0,한밭,
20160922NCHH0_한화,2016-09-22,한화,NC,H,Final,Loss,2.0,7.0,한밭,
20160922KTOB0_KT,2016-09-22,KT,두산,A,Final,Loss,2.0,9.0,잠실,
20160922KTOB0_두산,2016-09-22,두산,KT,H,Final,Win,9.0,2.0,잠실,
20160923HTNC0_KIA,2016-09-23,KIA,NC,A,Final,Loss,7.0,11.0,마산,
20160923HTNC0_NC,2016-09-23,NC,KIA,H,Final,Win,11.0,7.0,마산,
20160923OBSS0_두산,2016-09-23,두산,삼성,A,Final,Loss,3.0,4.0,대구,
20160923OBSS0_삼성,2016-09-23,삼성,두산,H,Final,Win,4.0,3.0,대구,
20160923SKKT0_SK,2016-09-23,SK,KT,A,Final,Loss,1.0,2.0,수원,
20160923SKKT0_KT,2016-09-23,KT,SK,H,Final,Win,2.0,1.0,수원,
20160924LTNC0_롯데,2016-09-24,롯데,NC,A,Final,Loss,1.0,3.0,마산,
20160924LTNC0_NC,2016-09-24,NC,롯데,H,Final,Win,3.0,1.0,마산,
20160924HHLG0_한화,2016-09-24,한화,LG,A,Final,Win,12.0,7.0,잠실,
20160924HHLG0_LG,2016-09-24,LG,한화,H,Final,Loss,7.0,12.0,잠실,
20160924WOSS0_넥센,2016-09-24,넥센,삼성,A,Final,Loss,9.0,13.0,대구,
20160924WOSS0_삼성,2016-09-24,삼성,넥센,H,Final,Win,13.0,9.0,대구,
20160925LTNC0_롯데,2016-09-25,롯데,NC,A,Final,Loss,0.0,1.0,마산,
20160925LTNC0_NC,2016-09-25,NC,롯데,H,Final,Win,1.0,0.0,마산,
20160925WOSS0_넥센,2016-09-25,넥센,삼성,A,Final,Loss,5.0,7.0,대구,
20160925WOSS0_삼성,2016-09-25,삼성,넥센,H,Final,Win,7.0,5.0,대구,
20160925HHSK0_한화,2016-09-25,한화,SK,A,Final,Loss,4.0,9.0,문학,
20160925HHSK0_SK,2016-09-25,SK,한화,H,Final,Win,9.0,4.0,문학,
20160925HTKT0_KIA,2016-09-25,KIA,KT,A,Final,Loss,7.0,8.0,수원,
20160925HTKT0_KT,2016-09-25,KT,KIA,H,Final,Win,8.0,7.0,수원,
20160927OBHH0_두산,2016-09-27,두산,한화,A,Final,Loss,8.0,9.0,한밭,
20160927OBHH0_한화,2016-09-27,한화,두산,H,Final,Win,9.0,8.0,한밭,
20160927SSNC0_삼성,2016-09-27,삼성,NC,A,Final,Win,5.0,3.0,마산,
20160927SSNC0_NC,2016-09-27,NC,삼성,H,Final,Loss,3.0,5.0,마산,
20160927KTLT0_KT,2016-09-27,KT,롯데,A,Final,Loss,7.0,9.0,사직,
20160927KTLT0_롯데,2016-09-27,롯데,KT,H,Final,Win,9.0,7.0,사직,
20160927LGHT0_LG,2016-09-27,LG,KIA,A,Final,Win,6.0,1.0,광주,
20160927LGHT0_KIA,2016-09-27,KIA,LG,H,Final,Loss,1.0,6.0,광주,
20160928OBHH0_두산,2016-09-28,두산,한화,A,Final,Win,12.0,3.0,한밭,
20160928OBHH0_한화,2016-09-28,한화,두산,H,Final,Loss,3.0,12.0,한밭,
20160929SSNC1_삼성,2016-09-29,삼성,NC,A,Final,Loss,5.0,10.0,마산,
20160929SSNC1_NC,2016-09-29,NC,삼성,H,Final,Win,10.0,5.0,마산,
20160929SSNC2_삼성,2016-09-29,삼성,NC,A,Final,Loss,4.0,5.0,마산,
20160929SSNC2_NC,2016-09-29,NC,삼성,H,Final,Win,5.0,4.0,마산,
20160929WOOB0_넥센,2016-09-29,넥센,두산,A,Final,Win,9.0,1.0,잠실,
20160929WOOB0_두산,2016-09-29,두산,넥센,H,Final,Loss,1.0,9.0,잠실,
20160929KTLT0_KT,2016-09-29,KT,롯데,A,Final,Loss,7.0,9.0,사직,
20160929KTLT0_롯데,2016-09-29,롯데,KT,H,Final,Win,9.0,7.0,사직,
20160930HHNC0_한화,2016-09-30,한화,NC,A,Final,Win,7.0,1.0,마산,
20160930HHNC0_NC,2016-09-30,NC,한화,H,Final,Loss,1.0,7.0,마산,
20160930SKLG0_SK,2016-09-30,SK,LG,A,Final,Win,5.0,3.0,잠실,
20160930SKLG0_LG,2016-09-30,LG,SK,H,Final,Loss,3.0,5.0,잠실,
20160930KTLT0_KT,2016-09-30,KT,롯데,A,Final,Loss,4.0,5.0,사직,
20160930KTLT0_롯데,2016-09-30,롯데,KT,H,Final,Win,5.0,4.0,사직,
20161001SKLG0_SK,2016-10-01,SK,LG,A,Final,Win,5.0,0.0,잠실,
20161001SKLG0_LG,2016-10-01,LG,SK,H,Final,Loss,0.0,5.0,잠실,
20161001NCLT0_NC,2016-10-01,NC,롯데,A,Final,Win,8.0,0.0,사직,
20161001NCLT0_롯데,2016-10-01,롯데,NC,H,Final,Loss,0.0,8.0,사직,
20161002WOHH0_넥센,2016-10-02,넥센,한화,A,Final,Win,4.0,1.0,한밭,
20161002WOHH0_한화,2016-10-02,한화,넥센,H,Final,Loss,1.0,4.0,한밭,
20161002NCLT0_NC,2016-10-02,NC,롯데,A,Final,Win,11.0,6.0,사직,
20161002NCLT0_롯데,2016-10-02,롯데,NC,H,Final,Loss,6.0,11.0,사직,
20161002KTHT0_KT,2016-10-02,KT,KIA,A,Final,Loss,1.0,3.0,광주,
20161002KTHT0_KIA,2016-10-02,KIA,KT,H,Final,Win,3.0,1.0,광주,
20161003HHOB0_한화,2016-10-03,한화,두산,A,Final,Win,13.0,5.0,잠실,
20161003HHOB0_두산,2016-10-03,두산,한화,H,Final,Loss,5.0,13.0,잠실,
20161003LGSS0_LG,2016-10-03,LG,삼성,A,Final,Win,10.0,3.0,대구,
20161003LGSS0_삼성,2016-10-03,삼성,LG,H,Final,Loss,3.0,10.0,대구,
20161003KTHT0_KT,2016-10-03,KT,KIA,A,Final,Loss,6.0,9.0,광주,
20161003KTHT0_KIA,2016-10-03,KIA,KT,H,Final,Win,9.0,6.0,광주,
20161004WONC0_넥센,2016-10-04,넥센,NC,A,Final,Win,3.0,1.0,마산,
20161004WONC0_NC,2016-10-04,NC,넥센,H,Final,Loss,1.0,3.0,마산,
20161004LTOB0_롯데,2016-10-04,롯데,두산,A,Final,Loss,5.0,6.0,잠실,
20161004LTOB0_두산,2016-10-04,두산,롯데,H,Final,Win,6.0,5.0,잠실,
20161004LGSS0_LG,2016-10-04,LG,삼성,A,Final,Loss,4.0,5.0,대구,
20161004LGSS0_삼성,2016-10-04,삼성,LG,H,Final,Win,5.0,4.0,대구,
20161005WONC0_넥센,2016-10-05,넥센,NC,A,Final,Loss,4.0,8.0,마산,
20161005WONC0_NC,2016-10-05,NC,넥센,H,Final,Win,8.0,4.0,마산,
20161005HTSS0_KIA,2016-10-05,KIA,삼성,A,Final,Win,4.0,2.0,대구,
20161005HTSS0_삼성,2016-10-05,삼성,KIA,H,Final,Loss,2.0,4.0,대구,
20161005HHKT0_한화,2016-10-05,한화,KT,A,Final,Win,7.0,2.0,수원,
20161005HHKT0_KT,2016-10-05,KT,한화,H,Final,Loss,2.0,7.0,수원,
20161006SKNC0_SK,2016-10-06,SK,NC,A,Final,Loss,2.0,4.0,마산,
20161006SKNC0_NC,2016-10-06,NC,SK,H,Final,Win,4.0,2.0,마산,
20161006LGLT0_LG,2016-10-06,LG,롯데,A,Final,Win,4.0,1.0,사직,
20161006LGLT0_롯데,2016-10-06,롯데,LG,H,Final,Loss,1.0,4.0,사직,
20161006SSHT0_삼성,2016-10-06,삼성,KIA,A,Final,Win,4.0,3.0,광주,
20161006SSHT0_KIA,2016-10-06,KIA,삼성,H,Final,Loss,3.0,4.0,광주,
20161007KTNC0_KT,2016-10-07,KT,NC,A,Final,Win,6.0,2.0,마산,
20161007KTNC0_NC,2016-10-07,NC,KT,H,Final,Loss,2.0,6.0,마산,
20161007WOLT0_넥센,2016-10-07,넥센,롯데,A,Final,Loss,4.0,5.0,사직,
20161007WOLT0_롯데,2016-10-07,롯데,넥센,H,Final,Win,5.0,4.0,사직,
20161008HTHH0_KIA,2016-10-08,KIA,한화,A,Final,Loss,5.0,6.0,한밭,
20161008HTHH0_한화,2016-10-08,한화,KIA,H,Final,Win,6.0,5.0,한밭,
20161008OBLG0_두산,2016-10-08,두산,LG,A,Final,Win,11.0,1.0,잠실,
20161008OBLG0_LG,2016-10-08,LG,두산,H,Final,Loss,1.0,11.0,잠실,
20161008SSSK0_삼성,2016-10-08,삼성,SK,A,Final,Loss,6.0,7.0,문학,
20161008SSSK0_SK,2016-10-08,SK,삼성,H,Final,Win,7.0,6.0,문학,
20161009KTNC0_KT,2016-10-09,KT,NC,A,Final,Win,7.0,4.0,마산,
20161009KTNC0_NC,2016-10-09,NC,KT,H,Final,Loss,4.0,7.0,마산,
20161009WOLT0_넥센,2016-10-09,넥센,롯데,A,Final,Loss,5.0,8.0,사직,
20161009WOLT0_롯데,2016-10-09,롯데,넥센,H,Final,Win,8.0,5.0,사직,
20170331LTNC0_롯데,2017-03-31,롯데,NC,A,Final,Loss,5.0,6.0,마산,
20170331LTNC0_NC,2017-03-31,NC,롯데,H,Final,Win,6.0,5.0,마산,
20170331HHOB0_한화,2017-03-31,한화,두산,A,Final,Loss,0.0,3.0,잠실,
20170331HHOB0_두산,2017-03-31,두산,한화,H,Final,Win,3.0,0.0,잠실,
20170331HTSS0_KIA,2017-03-31,KIA,삼성,A,Final,Win,7.0,2.0,대구,
20170331HTSS0_삼성,2017-03-31,삼성,KIA,H,Final,Loss,2.0,7.0,대구,
20170331KTSK0_KT,2017-03-31,KT,SK,A,Final,Win,3.0,2.0,문학,
20170331KTSK0_SK,2017-03-31,SK,KT,H,Final,Loss,2.0,3.0,문학,
20170331LGWO0_LG,2017-03-31,LG,넥센,A,Final,Win,2.0,1.0,고척,
20170331LGWO0_넥센,2017-03-31,넥센,LG,H,Final,Loss,1.0,2.0,고척,
20170401HHOB0_한화,2017-04-01,한화,두산,A,Final,Win,6.0,5.0,잠실,
20170401HHOB0_두산,2017-04-01,두산,한화,H,Final,Loss,5.0,6.0,잠실,
20170401HTSS0_KIA,2017-04-01,KIA,삼성,A,Final,Win,9.0,7.0,대구,
20170401HTSS0_삼성,2017-04-01,삼성,KIA,H,Final,Loss,7.0,9.0,대구,
20170401LGWO0_LG,2017-04-01,LG,넥센,A,Final,Win,8.0,3.0,고척,
20170401LGWO0_넥센,2017-04-01,넥센,LG,H,Final,Loss,3.0,8.0,고척,
20170401LTNC0_롯데,2017-04-01,롯데,NC,A,Final,Win,3.0,0.0,마산,
20170401LTNC0_NC,2017-04-01,NC,롯데,H,Final,Loss,0.0,3.0,마산,
20170401KTSK0_KT,2017-04-01,KT,SK,A,Final,Win,2.0,0.0,문학,
20170401KTSK0_SK,2017-04-01,SK,KT,H,Final,Loss,0.0,2.0,문학,
20170402LTNC0_롯데,2017-04-02,롯데,NC,A,Final,Win,12.0,4.0,마산,
20170402LTNC0_NC,2017-04-02,NC,롯데,H,Final,Loss,4.0,12.0,마산,
20170402HHOB0_한화,2017-04-02,한화,두산,A,Final,Loss,4.0,5.0,잠실,
20170402HHOB0_두산,2017-04-02,두산,한화,H,Final,Win,5.0,4.0,잠실,
20170402HTSS0_KIA,2017-04-02,KIA,삼성,A,Final,Loss,3.0,16.0,대구,
20170402HTSS0_삼성,2017-04-02,삼성,KIA,H,Final,Win,16.0,3.0,대구,
20170402KTSK0_KT,2017-04-02,KT,SK,A,Final,Win,8.0,1.0,문학,
20170402KTSK0_SK,2017-04-02,SK,KT,H,Final,Loss,1.0,8.0,문학,
20170402LGWO0_LG,2017-04-02,LG,넥센,A,Final,Win,9.0,2.0,고척,
20170402LGWO0_넥센,2017-04-02,넥센,LG,H,Final,Loss,2.0,9.0,고척,
20170404NCHH0_NC,2017-04-04,NC,한화,A,Final,Loss,0.0,6.0,한밭,
20170404NCHH0_한화,2017-04-04,한화,NC,H,Final,Win,6.0,0.0,한밭,
20170404SSLG0_삼성,2017-04-04,삼성,LG,A,Final,Loss,0.0,11.0,잠실,
20170404SSLG0_LG,2017-04-04,LG,삼성,H,Final,Win,11.0,0.0,잠실,
20170404WOLT0_넥센,2017-04-04,넥센,롯데,A,Final,Loss,2.0,5.0,사직,
20170404WOLT0_롯데,2017-04-04,롯데,넥센,H,Final,Win,5.0,2.0,사직,
20170404SKHT0_SK,2017-04-04,SK,KIA,A,Final,Loss,1.0,6.0,광주,
20170404SKHT0_KIA,2017-04-04,KIA,SK,H,Final,Win,6.0,1.0,광주,
20170404OBKT0_두산,2017-04-04,두산,KT,A,Final,Win,2.0,0.0,수원,
20170404OBKT0_KT,2017-04-04,KT,두산,H,Final,Loss,0.0,2.0,수원,
20170406NCHH0_NC,2017-04-06,NC,한화,A,Final,Win,5.0,2.0,한밭,
20170406NCHH0_한화,2017-04-06,한화,NC,H,Final,Loss,2.0,5.0,한밭,
20170406SSLG0_삼성,2017-04-06,삼성,LG,A,Final,Loss,0.0,4.0,잠실,
20170406SSLG0_LG,2017-04-06,LG,삼성,H,Final,Win,4.0,0.0,잠실,
20170406WOLT0_넥센,2017-04-06,넥센,롯데,A,Final,Loss,3.0,12.0,사직,
20170406WOLT0_롯데,2017-04-06,롯데,넥센,H,Final,Win,12.0,3.0,사직,
20170406SKHT0_SK,2017-04-06,SK,KIA,A,Final,Loss,4.0,6.0,광주,
20170406SKHT0_KIA,2017-04-06,KIA,SK,H,Final,Win,6.0,4.0,광주,
20170406OBKT0_두산,2017-04-06,두산,KT,A,Final,Loss,1.0,5.0,수원,
20170406OBKT0_KT,2017-04-06,KT,두산,H,Final,Win,5.0,1.0,수원,
20170407WOOB0_넥센,2017-04-07,넥센,두산,A,Final,Win,7.0,3.0,잠실,
20170407WOOB0_두산,2017-04-07,두산,넥센,H,Final,Loss,3.0,7.0,잠실,
20170407LGLT0_LG,2017-04-07,LG,롯데,A,Final,Win,6.0,4.0,사직,
20170407LGLT0_롯데,2017-04-07,롯데,LG,H,Final,Loss,4.0,6.0,사직,
20170407NCSK0_NC,2017-04-07,NC,SK,A,Final,Win,5.0,3.0,문학,
20170407NCSK0_SK,2017-04-07,SK,NC,H,Final,Loss,3.0,5.0,문학,
20170407HHHT0_한화,2017-04-07,한화,KIA,A,Final,Loss,2.0,4.0,광주,
20170407HHHT0_KIA,2017-04-07,KIA,한화,H,Final,Win,4.0,2.0,광주,
20170407SSKT0_삼성,2017-04-07,삼성,KT,A,Final,Loss,2.0,3.0,수원,
20170407SSKT0_KT,2017-04-07,KT,삼성,H,Final,Win,3.0,2.0,수원,
20170408WOOB0_넥센,2017-04-08,넥센,두산,A,Final,Win,13.0,10.0,잠실,
20170408WOOB0_두산,2017-04-08,두산,넥센,H,Final,Loss,10.0,13.0,잠실,
20170408LGLT0_LG,2017-04-08,LG,롯데,A,Final,Loss,6.0,8.0,사직,
20170408LGLT0_롯데,2017-04-08,롯데,LG,H,Final,Win,8.0,6.0,사직,
20170408NCSK0_NC,2017-04-08,NC,SK,A,Final,Loss,2.0,9.0,문학,
20170408NCSK0_SK,2017-04-08,SK,NC,H,Final,Win,9.0,2.0,문학,
20170408HHHT0_한화,2017-04-08,한화,KIA,A,Final,Win,4.0,3.0,광주,
20170408HHHT0_KIA,2017-04-08,KIA,한화,H,Final,Loss,3.0,4.0,광주,
20170408SSKT0_삼성,2017-04-08,삼성,KT,A,Final,Loss,0.0,1.0,수원,
20170408SSKT0_KT,2017-04-08,KT,삼성,H,Final,Win,1.0,0.0,수원,
20170409WOOB0_넥센,2017-04-09,넥센,두산,A,Final,Win,13.0,2.0,잠실,
20170409WOOB0_두산,2017-04-09,두산,넥센,H,Final,Loss,2.0,13.0,잠실,
20170409LGLT0_LG,2017-04-09,LG,롯데,A,Final,Loss,1.0,7.0,사직,
20170409LGLT0_롯데,2017-04-09,롯데,LG,H,Final,Win,7.0,1.0,사직,
20170409NCSK0_NC,2017-04-09,NC,SK,A,Final,Loss,5.0,8.0,문학,
20170409NCSK0_SK,2017-04-09,SK,NC,H,Final,Win,8.0,5.0,문학,
20170409HHHT0_한화,2017-04-09,한화,KIA,A,Final,Loss,2.0,3.0,광주,
20170409HHHT0_KIA,2017-04-09,KIA,한화,H,Final,Win,3.0,2.0,광주,
20170409SSKT0_삼성,2017-04-09,삼성,KT,A,Final,Loss,0.0,3.0,수원,
20170409SSKT0_KT,2017-04-09,KT,삼성,H,Final,Win,3.0,0.0,수원,
20170411LGNC0_LG,2017-04-11,LG,NC,A,Final,Loss,3.0,4.0,마산,
20170411LGNC0_NC,2017-04-11,NC,LG,H,Final,Win,4.0,3.0,마산,
20170411HTOB0_KIA,2017-04-11,KIA,두산,A,Final,Loss,4.0,16.0,잠실,
20170411HTOB0_두산,2017-04-11,두산,KIA,H,Final,Win,16.0,4.0,잠실,
20170411HHSS0_한화,2017-04-11,한화,삼성,A,Final,Win,11.0,8.0,대구,
20170411HHSS0_삼성,2017-04-11,삼성,한화,H,Final,Loss,8.0,11.0,대구,
20170411LTSK0_롯데,2017-04-11,롯데,SK,A,Final,Win,6.0,4.0,문학,
20170411LTSK0_SK,2017-04-11,SK,롯데,H,Final,Loss,4.0,6.0,문학,
20170411KTWO0_KT,2017-04-11,KT,넥센,A,Final,Loss,2.0,12.0,고척,
20170411KTWO0_넥센,2017-04-11,넥센,KT,H,Final,Win,12.0,2.0,고척,
20170412LGNC0_LG,2017-04-12,LG,NC,A,Final,Loss,0.0,5.0,마산,
20170412LGNC0_NC,2017-04-12,NC,LG,H,Final,Win,5.0,0.0,마산,
20170412HTOB0_KIA,2017-04-12,KIA,두산,A,Final,Win,8.0,4.0,잠실,
20170412HTOB0_두산,2017-04-12,두산,KIA,H,Final,Loss,4.0,8.0,잠실,
20170412HHSS0_한화,2017-04-12,한화,삼성,A,Final,Win,5.0,3.0,대구,
20170412HHSS0_삼성,2017-04-12,삼성,한화,H,Final,Loss,3.0,5.0,대구,
20170412LTSK0_롯데,2017-04-12,롯데,SK,A,Final,Loss,1.0,2.0,문학,
20170412LTSK0_SK,2017-04-12,SK,롯데,H,Final,Win,2.0,1.0,문학,
20170412KTWO0_KT,2017-04-12,KT,넥센,A,Final,Loss,3.0,5.0,고척,
20170412KTWO0_넥센,2017-04-12,넥센,KT,H,Final,Win,5.0,3.0,고척,
20170413LGNC0_LG,2017-04-13,LG,NC,A,Final,Loss,1.0,3.0,마산,
20170413LGNC0_NC,2017-04-13,NC,LG,H,Final,Win,3.0,1.0,마산,
20170413HTOB0_KIA,2017-04-13,KIA,두산,A,Final,Win,4.0,3.0,잠실,
20170413HTOB0_두산,2017-04-13,두산,KIA,H,Final,Loss,3.0,4.0,잠실,
20170413HHSS0_한화,2017-04-13,한화,삼성,A,Final,Loss,1.0,5.0,대구,
20170413HHSS0_삼성,2017-04-13,삼성,한화,H,Final,Win,5.0,1.0,대구,
20170413LTSK0_롯데,2017-04-13,롯데,SK,A,Final,Loss,10.0,11.0,문학,
20170413LTSK0_SK,2017-04-13,SK,롯데,H,Final,Win,11.0,10.0,문학,
20170413KTWO0_KT,2017-04-13,KT,넥센,A,Final,Win,7.0,6.0,고척,
20170413KTWO0_넥센,2017-04-13,넥센,KT,H,Final,Loss,6.0,7.0,고척,
20170414OBNC0_두산,2017-04-14,두산,NC,A,Final,Win,10.0,6.0,마산,
20170414OBNC0_NC,2017-04-14,NC,두산,H,Final,Loss,6.0,10.0,마산,
20170414SKHH0_SK,2017-04-14,SK,한화,A,Final,Win,6.0,2.0,한밭,
20170414SKHH0_한화,2017-04-14,한화,SK,H,Final,Loss,2.0,6.0,한밭,
20170414KTLG0_KT,2017-04-14,KT,LG,A,Final,Loss,2.0,5.0,잠실,
20170414KTLG0_LG,2017-04-14,LG,KT,H,Final,Win,5.0,2.0,잠실,
20170414SSLT0_삼성,2017-04-14,삼성,롯데,A,Final,Loss,6.0,9.0,사직,
20170414SSLT0_롯데,2017-04-14,롯데,삼성,H,Final,Win,9.0,6.0,사직,
20170414WOHT0_넥센,2017-04-14,넥센,KIA,A,Final,Loss,2.0,3.0,광주,
20170414WOHT0_KIA,2017-04-14,KIA,넥센,H,Final,Win,3.0,2.0,광주,
20170415OBNC0_두산,2017-04-15,두산,NC,A,Final,Win,11.0,2.0,마산,
20170415OBNC0_NC,2017-04-15,NC,두산,H,Final,Loss,2.0,11.0,마산,
20170415SKHH0_SK,2017-04-15,SK,한화,A,Final,Win,12.0,4.0,한밭,
20170415SKHH0_한화,2017-04-15,한화,SK,H,Final,Loss,4.0,12.0,한밭,
20170415KTLG0_KT,2017-04-15,KT,LG,A,Final,Win,1.0,0.0,잠실,
20170415KTLG0_LG,2017-04-15,LG,KT,H,Final,Loss,0.0,1.0,잠실,
20170415SSLT0_삼성,2017-04-15,삼성,롯데,A,Final,Loss,4.0,6.0,사직,
20170415SSLT0_롯데,2017-04-15,롯데,삼성,H,Final,Win,6.0,4.0,사직,
20170415WOHT0_넥센,2017-04-15,넥센,KIA,A,Final,Loss,2.0,5.0,광주,
20170415WOHT0_KIA,2017-04-15,KIA,넥센,H,Final,Win,5.0,2.0,광주,
20170416OBNC0_두산,2017-04-16,두산,NC,A,Final,Loss,0.0,4.0,마산,
20170416OBNC0_NC,2017-04-16,NC,두산,H,Final,Win,4.0,0.0,마산,
20170416SKHH0_SK,2017-04-16,SK,한화,A,Final,Win,10.0,1.0,한밭,
20170416SKHH0_한화,2017-04-16,한화,SK,H,Final,Loss,1.0,10.0,한밭,
20170416KTLG0_KT,2017-04-16,KT,LG,A,Final,Loss,5.0,12.0,잠실,
20170416KTLG0_LG,2017-04-16,LG,KT,H,Final,Win,12.0,5.0,잠실,
20170416SSLT0_삼성,2017-04-16,삼성,롯데,A,Final,Win,3.0,0.0,사직,
20170416SSLT0_롯데,2017-04-16,롯데,삼성,H,Final,Loss,0.0,3.0,사직,
20170416WOHT0_넥센,2017-04-16,넥센,KIA,A,Final,Loss,6.0,7.0,광주,
20170416WOHT0_KIA,2017-04-16,KIA,넥센,H,Final,Win,7.0,6.0,광주,
20170418LGHH0_LG,2017-04-18,LG,한화,A,Final,Loss,2.0,3.0,한밭,
20170418LGHH0_한화,2017-04-18,한화,LG,H,Final,Win,3.0,2.0,한밭,
20170418NCLT0_NC,2017-04-18,NC,롯데,A,Final,Win,8.0,3.0,사직,
20170418NCLT0_롯데,2017-04-18,롯데,NC,H,Final,Loss,3.0,8.0,사직,
20170418WOSK0_넥센,2017-04-18,넥센,SK,A,Final,Loss,4.0,7.0,문학,
20170418WOSK0_SK,2017-04-18,SK,넥센,H,Final,Win,7.0,4.0,문학,
20170418HTKT0_KIA,2017-04-18,KIA,KT,A,Final,Win,5.0,0.0,수원,
20170418HTKT0_KT,2017-04-18,KT,KIA,H,Final,Loss,0.0,5.0,수원,
20170419LGHH0_LG,2017-04-19,LG,한화,A,Final,Loss,0.0,3.0,한밭,
20170419LGHH0_한화,2017-04-19,한화,LG,H,Final,Win,3.0,0.0,한밭,
20170419SSOB0_삼성,2017-04-19,삼성,두산,A,Final,Loss,1.0,2.0,잠실,
20170419SSOB0_두산,2017-04-19,두산,삼성,H,Final,Win,2.0,1.0,잠실,
20170419NCLT0_NC,2017-04-19,NC,롯데,A,Final,Win,8.0,2.0,사직,
20170419NCLT0_롯데,2017-04-19,롯데,NC,H,Final,Loss,2.0,8.0,사직,
20170419WOSK0_넥센,2017-04-19,넥센,SK,A,Final,Loss,3.0,5.0,문학,
20170419WOSK0_SK,2017-04-19,SK,넥센,H,Final,Win,5.0,3.0,문학,
20170419HTKT0_KIA,2017-04-19,KIA,KT,A,Final,Loss,1.0,3.0,수원,
20170419HTKT0_KT,2017-04-19,KT,KIA,H,Final,Win,3.0,1.0,수원,
20170420LGHH0_LG,2017-04-20,LG,한화,A,Final,Win,4.0,3.0,한밭,
20170420LGHH0_한화,2017-04-20,한화,LG,H,Final,Loss,3.0,4.0,한밭,
20170420SSOB0_삼성,2017-04-20,삼성,두산,A,Final,Loss,2.0,4.0,잠실,
20170420SSOB0_두산,2017-04-20,두산,삼성,H,Final,Win,4.0,2.0,잠실,
20170420NCLT0_NC,2017-04-20,NC,롯데,A,Final,Win,5.0,4.0,사직,
20170420NCLT0_롯데,2017-04-20,롯데,NC,H,Final,Loss,4.0,5.0,사직,
20170420WOSK0_넥센,2017-04-20,넥센,SK,A,Final,Win,5.0,3.0,문학,
20170420WOSK0_SK,2017-04-20,SK,넥센,H,Final,Loss,3.0,5.0,문학,
20170420HTKT0_KIA,2017-04-20,KIA,KT,A,Final,Win,9.0,2.0,수원,
20170420HTKT0_KT,2017-04-20,KT,KIA,H,Final,Loss,2.0,9.0,수원,
20170421HTLG0_KIA,2017-04-21,KIA,LG,A,Final,Loss,2.0,6.0,잠실,
20170421HTLG0_LG,2017-04-21,LG,KIA,H,Final,Win,6.0,2.0,잠실,
20170421OBSK0_두산,2017-04-21,두산,SK,A,Final,Loss,4.0,9.0,문학,
20170421OBSK0_SK,2017-04-21,SK,두산,H,Final,Win,9.0,4.0,문학,
20170421HHKT0_한화,2017-04-21,한화,KT,A,Final,Win,7.0,2.0,수원,
20170421HHKT0_KT,2017-04-21,KT,한화,H,Final,Loss,2.0,7.0,수원,
20170421LTWO0_롯데,2017-04-21,롯데,넥센,A,Final,Loss,1.0,4.0,고척,
20170421LTWO0_넥센,2017-04-21,넥센,롯데,H,Final,Win,4.0,1.0,고척,
20170422HTLG0_KIA,2017-04-22,KIA,LG,A,Final,Win,5.0,4.0,잠실,
20170422HTLG0_LG,2017-04-22,LG,KIA,H,Final,Loss,4.0,5.0,잠실,
20170422NCSS0_NC,2017-04-22,NC,삼성,A,Final,Win,14.0,6.0,대구,
20170422NCSS0_삼성,2017-04-22,삼성,NC,H,Final,Loss,6.0,14.0,대구,
20170422OBSK0_두산,2017-04-22,두산,SK,A,Final,Loss,4.0,8.0,문학,
20170422OBSK0_SK,2017-04-22,SK,두산,H,Final,Win,8.0,4.0,문학,
20170422HHKT0_한화,2017-04-22,한화,KT,A,Final,Loss,9.0,11.0,수원,
20170422HHKT0_KT,2017-04-22,KT,한화,H,Final,Win,11.0,9.0,수원,
20170422LTWO0_롯데,2017-04-22,롯데,넥센,A,Final,Win,3.0,2.0,고척,
20170422LTWO0_넥센,2017-04-22,넥센,롯데,H,Final,Loss,2.0,3.0,고척,
20170423HTLG0_KIA,2017-04-23,KIA,LG,A,Final,Loss,1.0,7.0,잠실,
20170423HTLG0_LG,2017-04-23,LG,KIA,H,Final,Win,7.0,1.0,잠실,
20170423NCSS0_NC,2017-04-23,NC,삼성,A,Final,Win,6.0,3.0,대구,
20170423NCSS0_삼성,2017-04-23,삼성,NC,H,Final,Loss,3.0,6.0,대구,
20170423OBSK0_두산,2017-04-23,두산,SK,A,Final,Win,8.0,4.0,문학,
20170423OBSK0_SK,2017-04-23,SK,두산,H,Final,Loss,4.0,8.0,문학,
20170423HHKT0_한화,2017-04-23,한화,KT,A,Final,Win,14.0,1.0,수원,
20170423HHKT0_KT,2017-04-23,KT,한화,H,Final,Loss,1.0,14.0,수원,
20170423LTWO0_롯데,2017-04-23,롯데,넥센,A,Final,Loss,5.0,6.0,고척,
20170423LTWO0_넥센,2017-04-23,넥센,롯데,H,Final,Win,6.0,5.0,고척,
20170425KTNC0_KT,2017-04-25,KT,NC,A,Final,Loss,1.0,2.0,마산,
20170425KTNC0_NC,2017-04-25,NC,KT,H,Final,Win,2.0,1.0,마산,
20170425SKLG0_SK,2017-04-25,SK,LG,A,Final,Win,8.0,3.0,잠실,
20170425SKLG0_LG,2017-04-25,LG,SK,H,Final,Loss,3.0,8.0,잠실,
20170425HHLT0_한화,2017-04-25,한화,롯데,A,Final,Loss,2.0,4.0,사직,
20170425HHLT0_롯데,2017-04-25,롯데,한화,H,Final,Win,4.0,2.0,사직,
20170425SSHT0_삼성,2017-04-25,삼성,KIA,A,Final,Loss,3.0,11.0,광주,
20170425SSHT0_KIA,2017-04-25,KIA,삼성,H,Final,Win,11.0,3.0,광주,
20170425OBWO0_두산,2017-04-25,두산,넥센,A,Final,Loss,9.0,13.0,고척,
20170425OBWO0_넥센,2017-04-25,넥센,두산,H,Final,Win,13.0,9.0,고척,
20170426KTNC0_KT,2017-04-26,KT,NC,A,Final,Loss,4.0,11.0,마산,
20170426KTNC0_NC,2017-04-26,NC,KT,H,Final,Win,11.0,4.0,마산,
20170426SKLG0_SK,2017-04-26,SK,LG,A,Final,Loss,0.0,9.0,잠실,
20170426SKLG0_LG,2017-04-26,LG,SK,H,Final,Win,9.0,0.0,잠실,
20170426HHLT0_한화,2017-04-26,한화,롯데,A,Final,Loss,2.0,8.0,사직,
20170426HHLT0_롯데,2017-04-26,롯데,한화,H,Final,Win,8.0,2.0,사직,
20170426SSHT0_삼성,2017-04-26,삼성,KIA,A,Final,Loss,0.0,7.0,광주,
20170426SSHT0_KIA,2017-04-26,KIA,삼성,H,Final,Win,7.0,0.0,광주,
20170426OBWO0_두산,2017-04-26,두산,넥센,A,Final,Win,4.0,3.0,고척,
20170426OBWO0_넥센,2017-04-26,넥센,두산,H,Final,Loss,3.0,4.0,고척,
20170427KTNC0_KT,2017-04-27,KT,NC,A,Final,Loss,0.0,3.0,마산,
20170427KTNC0_NC,2017-04-27,NC,KT,H,Final,Win,3.0,0.0,마산,
20170427SKLG0_SK,2017-04-27,SK,LG,A,Final,Loss,2.0,4.0,잠실,
20170427SKLG0_LG,2017-04-27,LG,SK,H,Final,Win,4.0,2.0,잠실,
20170427HHLT0_한화,2017-04-27,한화,롯데,A,Final,Win,6.0,1.0,사직,
20170427HHLT0_롯데,2017-04-27,롯데,한화,H,Final,Loss,1.0,6.0,사직,
20170427SSHT0_삼성,2017-04-27,삼성,KIA,A,Final,Loss,9.0,16.0,광주,
20170427SSHT0_KIA,2017-04-27,KIA,삼성,H,Final,Win,16.0,9.0,광주,
20170427OBWO0_두산,2017-04-27,두산,넥센,A,Final,Loss,3.0,7.0,고척,
20170427OBWO0_넥센,2017-04-27,넥센,두산,H,Final,Win,7.0,3.0,고척,
20170428WOHH0_넥센,2017-04-28,넥센,한화,A,Final,Win,13.0,2.0,한밭,
20170428WOHH0_한화,2017-04-28,한화,넥센,H,Final,Loss,2.0,13.0,한밭,
20170428LTOB0_롯데,2017-04-28,롯데,두산,A,Final,Loss,0.0,2.0,잠실,
20170428LTOB0_두산,2017-04-28,두산,롯데,H,Final,Win,2.0,0.0,잠실,
20170428SKSS0_SK,2017-04-28,SK,삼성,A,Final,Win,7.0,5.0,대구,
20170428SKSS0_삼성,2017-04-28,삼성,SK,H,Final,Loss,5.0,7.0,대구,
20170428NCHT0_NC,2017-04-28,NC,KIA,A,Final,Loss,3.0,9.0,광주,
20170428NCHT0_KIA,2017-04-28,KIA,NC,H,Final,Win,9.0,3.0,광주,
20170428LGKT0_LG,2017-04-28,LG,KT,A,Final,Win,2.0,1.0,수원,
20170428LGKT0_KT,2017-04-28,KT,LG,H,Final,Loss,1.0,2.0,수원,
20170429WOHH0_넥센,2017-04-29,넥센,한화,A,Final,Win,7.0,3.0,한밭,
20170429WOHH0_한화,2017-04-29,한화,넥센,H,Final,Loss,3.0,7.0,한밭,
20170429LTOB0_롯데,2017-04-29,롯데,두산,A,Final,Loss,3.0,5.0,잠실,
20170429LTOB0_두산,2017-04-29,두산,롯데,H,Final,Win,5.0,3.0,잠실,
20170429SKSS0_SK,2017-04-29,SK,삼성,A,Final,Loss,5.0,12.0,대구,
20170429SKSS0_삼성,2017-04-29,삼성,SK,H,Final,Win,12.0,5.0,대구,
20170429NCHT0_NC,2017-04-29,NC,KIA,A,Final,Win,8.0,6.0,광주,
20170429NCHT0_KIA,2017-04-29,KIA,NC,H,Final,Loss,6.0,8.0,광주,
20170429LGKT0_LG,2017-04-29,LG,KT,A,Final,Loss,0.0,6.0,수원,
20170429LGKT0_KT,2017-04-29,KT,LG,H,Final,Win,6.0,0.0,수원,
20170430WOHH0_넥센,2017-04-30,넥센,한화,A,Final,Win,5.0,4.0,한밭,
20170430WOHH0_한화,2017-04-30,한화,넥센,H,Final,Loss,4.0,5.0,한밭,
20170430LTOB0_롯데,2017-04-30,롯데,두산,A,Final,Win,6.0,0.0,잠실,
20170430LTOB0_두산,2017-04-30,두산,롯데,H,Final,Loss,0.0,6.0,잠실,
20170430SKSS0_SK,2017-04-30,SK,삼성,A,Final,Win,13.0,2.0,대구,
20170430SKSS0_삼성,2017-04-30,삼성,SK,H,Final,Loss,2.0,13.0,대구,
20170430NCHT0_NC,2017-04-30,NC,KIA,A,Final,Win,12.0,1.0,광주,
20170430NCHT0_KIA,2017-04-30,KIA,NC,H,Final,Loss,1.0,12.0,광주,
20170430LGKT0_LG,2017-04-30,LG,KT,A,Final,Win,7.0,5.0,수원,
20170430LGKT0_KT,2017-04-30,KT,LG,H,Final,Loss,5.0,7.0,수원,
20170502NCLG0_NC,2017-05-02,NC,LG,A,Final,Win,2.0,1.0,잠실,
20170502NCLG0_LG,2017-05-02,LG,NC,H,Final,Loss,1.0,2.0,잠실,
20170502OBSS0_두산,2017-05-02,두산,삼성,A,Final,Loss,5.0,6.0,대구,
20170502OBSS0_삼성,2017-05-02,삼성,두산,H,Final,Win,6.0,5.0,대구,
20170502HHSK0_한화,2017-05-02,한화,SK,A,Final,Win,6.0,5.0,문학,
20170502HHSK0_SK,2017-05-02,SK,한화,H,Final,Loss,5.0,6.0,문학,
20170502LTKT0_롯데,2017-05-02,롯데,KT,A,Final,Win,9.0,0.0,수원,
20170502LTKT0_KT,2017-05-02,KT,롯데,H,Final,Loss,0.0,9.0,수원,
20170502HTWO0_KIA,2017-05-02,KIA,넥센,A,Final,Win,9.0,3.0,고척,
20170502HTWO0_넥센,2017-05-02,넥센,KIA,H,Final,Loss,3.0,9.0,고척,
20170503NCLG0_NC,2017-05-03,NC,LG,A,Final,Loss,0.0,13.0,잠실,
20170503NCLG0_LG,2017-05-03,LG,NC,H,Final,Win,13.0,0.0,잠실,
20170503OBSS0_두산,2017-05-03,두산,삼성,A,Final,Win,10.0,4.0,대구,
20170503OBSS0_삼성,2017-05-03,삼성,두산,H,Final,Loss,4.0,10.0,대구,
20170503HHSK0_한화,2017-05-03,한화,SK,A,Final,Win,9.0,8.0,문학,
20170503HHSK0_SK,2017-05-03,SK,한화,H,Final,Loss,8.0,9.0,문학,
20170503LTKT0_롯데,2017-05-03,롯데,KT,A,Final,Loss,2.0,8.0,수원,
20170503LTKT0_KT,2017-05-03,KT,롯데,H,Final,Win,8.0,2.0,수원,
20170503HTWO0_KIA,2017-05-03,KIA,넥센,A,Final,Win,2.0,1.0,고척,
20170503HTWO0_넥센,2017-05-03,넥센,KIA,H,Final,Loss,1.0,2.0,고척,
20170504NCLG0_NC,2017-05-04,NC,LG,A,Final,Loss,3.0,4.0,잠실,
20170504NCLG0_LG,2017-05-04,LG,NC,H,Final,Win,4.0,3.0,잠실,
20170504OBSS0_두산,2017-05-04,두산,삼성,A,Final,Win,17.0,2.0,대구,
20170504OBSS0_삼성,2017-05-04,삼성,두산,H,Final,Loss,2.0,17.0,대구,
20170504HHSK0_한화,2017-05-04,한화,SK,A,Final,Loss,2.0,6.0,문학,
20170504HHSK0_SK,2017-05-04,SK,한화,H,Final,Win,6.0,2.0,문학,
20170504LTKT0_롯데,2017-05-04,롯데,KT,A,Final,Win,3.0,2.0,수원,
20170504LTKT0_KT,2017-05-04,KT,롯데,H,Final,Loss,2.0,3.0,수원,
20170504HTWO0_KIA,2017-05-04,KIA,넥센,A,Final,Loss,1.0,9.0,고척,
20170504HTWO0_넥센,2017-05-04,넥센,KIA,H,Final,Win,9.0,1.0,고척,
20170505KTHH0_KT,2017-05-05,KT,한화,A,Final,Loss,1.0,13.0,한밭,
20170505KTHH0_한화,2017-05-05,한화,KT,H,Final,Win,13.0,1.0,한밭,
20170505SSNC0_삼성,2017-05-05,삼성,NC,A,Final,Loss,2.0,7.0,마산,
20170505SSNC0_NC,2017-05-05,NC,삼성,H,Final,Win,7.0,2.0,마산,
20170505LGOB0_LG,2017-05-05,LG,두산,A,Final,Win,3.0,1.0,잠실,
20170505LGOB0_두산,2017-05-05,두산,LG,H,Final,Loss,1.0,3.0,잠실,
20170505HTLT0_KIA,2017-05-05,KIA,롯데,A,Final,Win,5.0,3.0,사직,
20170505HTLT0_롯데,2017-05-05,롯데,KIA,H,Final,Loss,3.0,5.0,사직,
20170505SKWO0_SK,2017-05-05,SK,넥센,A,Final,Loss,3.0,5.0,고척,
20170505SKWO0_넥센,2017-05-05,넥센,SK,H,Final,Win,5.0,3.0,고척,
20170506KTHH0_KT,2017-05-06,KT,한화,A,Final,Loss,3.0,5.0,한밭,
20170506KTHH0_한화,2017-05-06,한화,KT,H,Final,Win,5.0,3.0,한밭,
20170506SSNC0_삼성,2017-05-06,삼성,NC,A,Final,Win,12.0,1.0,마산,
20170506SSNC0_NC,2017-05-06,NC,삼성,H,Final,Loss,1.0,12.0,마산,
20170506LGOB0_LG,2017-05-06,LG,두산,A,Final,Win,7.0,5.0,잠실,
20170506LGOB0_두산,2017-05-06,두산,LG,H,Final,Loss,5.0,7.0,잠실,
20170506HTLT0_KIA,2017-05-06,KIA,롯데,A,Final,Win,3.0,0.0,사직,
20170506HTLT0_롯데,2017-05-06,롯데,KIA,H,Final,Loss,0.0,3.0,사직,
20170506SKWO0_SK,2017-05-06,SK,넥센,A,Final,Win,13.0,5.0,고척,
20170506SKWO0_넥센,2017-05-06,넥센,SK,H,Final,Loss,5.0,13.0,고척,
20170507KTHH0_KT,2017-05-07,KT,한화,A,Final,Win,10.0,0.0,한밭,
20170507KTHH0_한화,2017-05-07,한화,KT,H,Final,Loss,0.0,10.0,한밭,
20170507SSNC0_삼성,2017-05-07,삼성,NC,A,Final,Loss,3.0,13.0,마산,
20170507SSNC0_NC,2017-05-07,NC,삼성,H,Final,Win,13.0,3.0,마산,
20170507LGOB0_LG,2017-05-07,LG,두산,A,Final,Win,10.0,4.0,잠실,
20170507LGOB0_두산,2017-05-07,두산,LG,H,Final,Loss,4.0,10.0,잠실,
20170507HTLT0_KIA,2017-05-07,KIA,롯데,A,Final,Win,5.0,3.0,사직,
20170507HTLT0_롯데,2017-05-07,롯데,KIA,H,Final,Loss,3.0,5.0,사직,
20170509KTHT0_KT,2017-05-09,KT,KIA,A,Final,Loss,4.0,9.0,광주,
20170509KTHT0_KIA,2017-05-09,KIA,KT,H,Final,Win,9.0,4.0,광주,
20170510LTHH0_롯데,2017-05-10,롯데,한화,A,Final,Win,8.0,1.0,한밭,
20170510LTHH0_한화,2017-05-10,한화,롯데,H,Final,Loss,1.0,8.0,한밭,
20170510WONC0_넥센,2017-05-10,넥센,NC,A,Final,Loss,0.0,3.0,마산,
20170510WONC0_NC,2017-05-10,NC,넥센,H,Final,Win,3.0,0.0,마산,
20170510SKOB0_SK,2017-05-10,SK,두산,A,Final,Loss,0.0,6.0,잠실,
20170510SKOB0_두산,2017-05-10,두산,SK,H,Final,Win,6.0,0.0,잠실,
20170510LGSS0_LG,2017-05-10,LG,삼성,A,Final,Win,6.0,1.0,대구,
20170510LGSS0_삼성,2017-05-10,삼성,LG,H,Final,Loss,1.0,6.0,대구,
20170510KTHT0_KT,2017-05-10,KT,KIA,A,Final,Win,3.0,0.0,광주,
20170510KTHT0_KIA,2017-05-10,KIA,KT,H,Final,Loss,0.0,3.0,광주,
20170511LTHH0_롯데,2017-05-11,롯데,한화,A,Final,Loss,1.0,2.0,한밭,
20170511LTHH0_한화,2017-05-11,한화,롯데,H,Final,Win,2.0,1.0,한밭,
20170511WONC0_넥센,2017-05-11,넥센,NC,A,Final,Win,2.0,1.0,마산,
20170511WONC0_NC,2017-05-11,NC,넥센,H,Final,Loss,1.0,2.0,마산,
20170511SKOB0_SK,2017-05-11,SK,두산,A,Final,Loss,0.0,7.0,잠실,
20170511SKOB0_두산,2017-05-11,두산,SK,H,Final,Win,7.0,0.0,잠실,
20170511LGSS0_LG,2017-05-11,LG,삼성,A,Final,Win,8.0,5.0,대구,
20170511LGSS0_삼성,2017-05-11,삼성,LG,H,Final,Loss,5.0,8.0,대구,
20170511KTHT0_KT,2017-05-11,KT,KIA,A,Final,Win,4.0,2.0,광주,
20170511KTHT0_KIA,2017-05-11,KIA,KT,H,Final,Loss,2.0,4.0,광주,
20170512HHLG0_한화,2017-05-12,한화,LG,A,Final,Win,5.0,3.0,잠실,
20170512HHLG0_LG,2017-05-12,LG,한화,H,Final,Loss,3.0,5.0,잠실,
20170512WOSS0_넥센,2017-05-12,넥센,삼성,A,Final,Loss,1.0,4.0,대구,
20170512WOSS0_삼성,2017-05-12,삼성,넥센,H,Final,Win,4.0,1.0,대구,
20170512HTSK0_KIA,2017-05-12,KIA,SK,A,Final,Loss,2.0,8.0,문학,
20170512HTSK0_SK,2017-05-12,SK,KIA,H,Final,Win,8.0,2.0,문학,
20170512NCKT0_NC,2017-05-12,NC,KT,A,Final,Win,8.0,5.0,수원,
20170512NCKT0_KT,2017-05-12,KT,NC,H,Final,Loss,5.0,8.0,수원,
20170513HHLG0_한화,2017-05-13,한화,LG,A,Final,Win,10.0,0.0,잠실,
20170513HHLG0_LG,2017-05-13,LG,한화,H,Final,Loss,0.0,10.0,잠실,
20170513WOSS0_넥센,2017-05-13,넥센,삼성,A,Final,Win,5.0,4.0,대구,
20170513WOSS0_삼성,2017-05-13,삼성,넥센,H,Final,Loss,4.0,5.0,대구,
20170513OBLT0_두산,2017-05-13,두산,롯데,A,Final,Win,9.0,4.0,사직,
20170513OBLT0_롯데,2017-05-13,롯데,두산,H,Final,Loss,4.0,9.0,사직,
20170513HTSK0_KIA,2017-05-13,KIA,SK,A,Final,Win,5.0,3.0,문학,
20170513HTSK0_SK,2017-05-13,SK,KIA,H,Final,Loss,3.0,5.0,문학,
20170513NCKT0_NC,2017-05-13,NC,KT,A,Final,Loss,2.0,5.0,수원,
20170513NCKT0_KT,2017-05-13,KT,NC,H,Final,Win,5.0,2.0,수원,
20170514HHLG0_한화,2017-05-14,한화,LG,A,Final,Loss,1.0,4.0,잠실,
20170514HHLG0_LG,2017-05-14,LG,한화,H,Final,Win,4.0,1.0,잠실,
20170514WOSS0_넥센,2017-05-14,넥센,삼성,A,Final,Win,5.0,4.0,대구,
20170514WOSS0_삼성,2017-05-14,삼성,넥센,H,Final,Loss,4.0,5.0,대구,
20170514OBLT0_두산,2017-05-14,두산,롯데,A,Final,Win,15.0,1.0,사직,
20170514OBLT0_롯데,2017-05-14,롯데,두산,H,Final,Loss,1.0,15.0,사직,
20170514HTSK0_KIA,2017-05-14,KIA,SK,A,Final,Loss,3.0,4.0,문학,
20170514HTSK0_SK,2017-05-14,SK,KIA,H,Final,Win,4.0,3.0,문학,
20170514NCKT0_NC,2017-05-14,NC,KT,A,Final,Loss,5.0,10.0,수원,
20170514NCKT0_KT,2017-05-14,KT,NC,H,Final,Win,10.0,5.0,수원,
20170516NCOB0_NC,2017-05-16,NC,두산,A,Final,Win,2.0,1.0,잠실,
20170516NCOB0_두산,2017-05-16,두산,NC,H,Final,Loss,1.0,2.0,잠실,
20170516KTLT0_KT,2017-05-16,KT,롯데,A,Final,Loss,0.0,6.0,사직,
20170516KTLT0_롯데,2017-05-16,롯데,KT,H,Final,Win,6.0,0.0,사직,
20170516SSSK0_삼성,2017-05-16,삼성,SK,A,Final,Win,8.0,2.0,문학,
20170516SSSK0_SK,2017-05-16,SK,삼성,H,Final,Loss,2.0,8.0,문학,
20170516LGHT0_LG,2017-05-16,LG,KIA,A,Final,Loss,2.0,3.0,광주,
20170516LGHT0_KIA,2017-05-16,KIA,LG,H,Final,Win,3.0,2.0,광주,
20170516HHWO0_한화,2017-05-16,한화,넥센,A,Final,Loss,1.0,2.0,고척,
20170516HHWO0_넥센,2017-05-16,넥센,한화,H,Final,Win,2.0,1.0,고척,
20170517NCOB0_NC,2017-05-17,NC,두산,A,Final,Win,2.0,1.0,잠실,
20170517NCOB0_두산,2017-05-17,두산,NC,H,Final,Loss,1.0,2.0,잠실,
20170517KTLT0_KT,2017-05-17,KT,롯데,A,Final,Loss,4.0,9.0,사직,
20170517KTLT0_롯데,2017-05-17,롯데,KT,H,Final,Win,9.0,4.0,사직,
20170517SSSK0_삼성,2017-05-17,삼성,SK,A,Final,Win,5.0,2.0,문학,
20170517SSSK0_SK,2017-05-17,SK,삼성,H,Final,Loss,2.0,5.0,문학,
20170517LGHT0_LG,2017-05-17,LG,KIA,A,Final,Loss,3.0,8.0,광주,
20170517LGHT0_KIA,2017-05-17,KIA,LG,H,Final,Win,8.0,3.0,광주,
20170517HHWO0_한화,2017-05-17,한화,넥센,A,Final,Win,8.0,4.0,고척,
20170517HHWO0_넥센,2017-05-17,넥센,한화,H,Final,Loss,4.0,8.0,고척,
20170518NCOB0_NC,2017-05-18,NC,두산,A,Final,Loss,4.0,7.0,잠실,
20170518NCOB0_두산,2017-05-18,두산,NC,H,Final,Win,7.0,4.0,잠실,
20170518KTLT0_KT,2017-05-18,KT,롯데,A,Final,Loss,4.0,11.0,사직,
20170518KTLT0_롯데,2017-05-18,롯데,KT,H,Final,Win,11.0,4.0,사직,
20170518SSSK0_삼성,2017-05-18,삼성,SK,A,Final,Loss,1.0,4.0,문학,
20170518SSSK0_SK,2017-05-18,SK,삼성,H,Final,Win,4.0,1.0,문학,
20170518LGHT0_LG,2017-05-18,LG,KIA,A,Final,Loss,4.0,9.0,광주,
20170518LGHT0_KIA,2017-05-18,KIA,LG,H,Final,Win,9.0,4.0,광주,
20170518HHWO0_한화,2017-05-18,한화,넥센,A,Final,Loss,6.0,8.0,고척,
20170518HHWO0_넥센,2017-05-18,넥센,한화,H,Final,Win,8.0,6.0,고척,
20170519SKNC0_SK,2017-05-19,SK,NC,A,Final,Win,11.0,1.0,마산,
20170519SKNC0_NC,2017-05-19,NC,SK,H,Final,Loss,1.0,11.0,마산,
20170519SSHH0_삼성,2017-05-19,삼성,한화,A,Final,Win,6.0,2.0,한밭,
20170519SSHH0_한화,2017-05-19,한화,삼성,H,Final,Loss,2.0,6.0,한밭,
20170519LTLG0_롯데,2017-05-19,롯데,LG,A,Final,Win,9.0,4.0,잠실,
20170519LTLG0_LG,2017-05-19,LG,롯데,H,Final,Loss,4.0,9.0,잠실,
20170519OBHT0_두산,2017-05-19,두산,KIA,A,Final,Win,7.0,6.0,광주,
20170519OBHT0_KIA,2017-05-19,KIA,두산,H,Final,Loss,6.0,7.0,광주,
20170519WOKT0_넥센,2017-05-19,넥센,KT,A,Final,Win,4.0,3.0,수원,
20170519WOKT0_KT,2017-05-19,KT,넥센,H,Final,Loss,3.0,4.0,수원,
20170520SKNC0_SK,2017-05-20,SK,NC,A,Final,Loss,0.0,1.0,마산,
20170520SKNC0_NC,2017-05-20,NC,SK,H,Final,Win,1.0,0.0,마산,
20170520SSHH0_삼성,2017-05-20,삼성,한화,A,Final,Win,9.0,8.0,한밭,
20170520SSHH0_한화,2017-05-20,한화,삼성,H,Final,Loss,8.0,9.0,한밭,
20170520LTLG0_롯데,2017-05-20,롯데,LG,A,Final,Loss,2.0,3.0,잠실,
20170520LTLG0_LG,2017-05-20,LG,롯데,H,Final,Win,3.0,2.0,잠실,
20170520OBHT0_두산,2017-05-20,두산,KIA,A,Final,Win,6.0,0.0,광주,
20170520OBHT0_KIA,2017-05-20,KIA,두산,H,Final,Loss,0.0,6.0,광주,
20170520WOKT0_넥센,2017-05-20,넥센,KT,A,Final,Win,11.0,3.0,수원,
20170520WOKT0_KT,2017-05-20,KT,넥센,H,Final,Loss,3.0,11.0,수원,
20170521SKNC0_SK,2017-05-21,SK,NC,A,Final,Win,9.0,4.0,마산,
20170521SKNC0_NC,2017-05-21,NC,SK,H,Final,Loss,4.0,9.0,마산,
20170521SSHH0_삼성,2017-05-21,삼성,한화,A,Final,Win,8.0,7.0,한밭,
20170521SSHH0_한화,2017-05-21,한화,삼성,H,Final,Loss,7.0,8.0,한밭,
20170521LTLG0_롯데,2017-05-21,롯데,LG,A,Final,Loss,3.0,4.0,잠실,
20170521LTLG0_LG,2017-05-21,LG,롯데,H,Final,Win,4.0,3.0,잠실,
20170521OBHT0_두산,2017-05-21,두산,KIA,A,Final,Win,7.0,3.0,광주,
20170521OBHT0_KIA,2017-05-21,KIA,두산,H,Final,Loss,3.0,7.0,광주,
20170521WOKT0_넥센,2017-05-21,넥센,KT,A,Final,Loss,4.0,13.0,수원,
20170521WOKT0_KT,2017-05-21,KT,넥센,H,Final,Win,13.0,4.0,수원,
20170523HTHH0_KIA,2017-05-23,KIA,한화,A,Final,Win,13.0,8.0,한밭,
20170523HTHH0_한화,2017-05-23,한화,KIA,H,Final,Loss,8.0,13.0,한밭,
20170523KTSS0_KT,2017-05-23,KT,삼성,A,Final,Win,12.0,3.0,대구,
20170523KTSS0_삼성,2017-05-23,삼성,KT,H,Final,Loss,3.0,12.0,대구,
20170523SKLT0_SK,2017-05-23,SK,롯데,A,Final,Loss,6.0,7.0,사직,
20170523SKLT0_롯데,2017-05-23,롯데,SK,H,Final,Win,7.0,6.0,사직,
20170523NCWO0_NC,2017-05-23,NC,넥센,A,Final,Win,15.0,4.0,고척,
20170523NCWO0_넥센,2017-05-23,넥센,NC,H,Final,Loss,4.0,15.0,고척,
20170524HTHH0_KIA,2017-05-24,KIA,한화,A,Final,Win,9.0,3.0,한밭,
20170524HTHH0_한화,2017-05-24,한화,KIA,H,Final,Loss,3.0,9.0,한밭,
20170524OBLG0_두산,2017-05-24,두산,LG,A,Final,Win,2.0,1.0,잠실,
20170524OBLG0_LG,2017-05-24,LG,두산,H,Final,Loss,1.0,2.0,잠실,
20170524KTSS0_KT,2017-05-24,KT,삼성,A,Final,Win,9.0,8.0,대구,
20170524KTSS0_삼성,2017-05-24,삼성,KT,H,Final,Loss,8.0,9.0,대구,
20170524SKLT0_SK,2017-05-24,SK,롯데,A,Final,Loss,5.0,7.0,사직,
20170524SKLT0_롯데,2017-05-24,롯데,SK,H,Final,Win,7.0,5.0,사직,
20170524NCWO0_NC,2017-05-24,NC,넥센,A,Final,Win,5.0,4.0,고척,
20170524NCWO0_넥센,2017-05-24,넥센,NC,H,Final,Loss,4.0,5.0,고척,
20170525HTHH0_KIA,2017-05-25,KIA,한화,A,Final,Win,6.0,4.0,한밭,
20170525HTHH0_한화,2017-05-25,한화,KIA,H,Final,Loss,4.0,6.0,한밭,
20170525OBLG0_두산,2017-05-25,두산,LG,A,Final,Win,9.0,7.0,잠실,
20170525OBLG0_LG,2017-05-25,LG,두산,H,Final,Loss,7.0,9.0,잠실,
20170525KTSS0_KT,2017-05-25,KT,삼성,A,Final,Loss,4.0,6.0,대구,
20170525KTSS0_삼성,2017-05-25,삼성,KT,H,Final,Win,6.0,4.0,대구,
20170525SKLT0_SK,2017-05-25,SK,롯데,A,Final,Loss,6.0,17.0,사직,
20170525SKLT0_롯데,2017-05-25,롯데,SK,H,Final,Win,17.0,6.0,사직,
20170525NCWO0_NC,2017-05-25,NC,넥센,A,Final,Win,13.0,3.0,고척,
20170525NCWO0_넥센,2017-05-25,넥센,NC,H,Final,Loss,3.0,13.0,고척,
20170526HHNC0_한화,2017-05-26,한화,NC,A,Final,Loss,3.0,5.0,마산,
20170526HHNC0_NC,2017-05-26,NC,한화,H,Final,Win,5.0,3.0,마산,
20170526KTOB0_KT,2017-05-26,KT,두산,A,Final,Win,5.0,3.0,잠실,
20170526KTOB0_두산,2017-05-26,두산,KT,H,Final,Loss,3.0,5.0,잠실,
20170526LGSK0_LG,2017-05-26,LG,SK,A,Final,Loss,1.0,6.0,문학,
20170526LGSK0_SK,2017-05-26,SK,LG,H,Final,Win,6.0,1.0,문학,
20170526LTHT0_롯데,2017-05-26,롯데,KIA,A,Final,Win,8.0,2.0,광주,
20170526LTHT0_KIA,2017-05-26,KIA,롯데,H,Final,Loss,2.0,8.0,광주,
20170526SSWO0_삼성,2017-05-26,삼성,넥센,A,Final,Loss,3.0,18.0,고척,
20170526SSWO0_넥센,2017-05-26,넥센,삼성,H,Final,Win,18.0,3.0,고척,
20170527HHNC0_한화,2017-05-27,한화,NC,A,Final,Win,6.0,1.0,마산,
20170527HHNC0_NC,2017-05-27,NC,한화,H,Final,Loss,1.0,6.0,마산,
20170527KTOB0_KT,2017-05-27,KT,두산,A,Final,Loss,4.0,10.0,잠실,
20170527KTOB0_두산,2017-05-27,두산,KT,H,Final,Win,10.0,4.0,잠실,
20170527LGSK0_LG,2017-05-27,LG,SK,A,Final,Loss,3.0,4.0,문학,
20170527LGSK0_SK,2017-05-27,SK,LG,H,Final,Win,4.0,3.0,문학,
20170527LTHT0_롯데,2017-05-27,롯데,KIA,A,Final,Loss,7.0,15.0,광주,
20170527LTHT0_KIA,2017-05-27,KIA,롯데,H,Final,Win,15.0,7.0,광주,
20170527SSWO0_삼성,2017-05-27,삼성,넥센,A,Final,Loss,4.0,7.0,고척,
20170527SSWO0_넥센,2017-05-27,넥센,삼성,H,Final,Win,7.0,4.0,고척,
20170528HHNC0_한화,2017-05-28,한화,NC,A,Final,Win,8.0,1.0,마산,
20170528HHNC0_NC,2017-05-28,NC,한화,H,Final,Loss,1.0,8.0,마산,
20170528KTOB0_KT,2017-05-28,KT,두산,A,Final,Loss,5.0,9.0,잠실,
20170528KTOB0_두산,2017-05-28,두산,KT,H,Final,Win,9.0,5.0,잠실,
20170528LGSK0_LG,2017-05-28,LG,SK,A,Final,Loss,2.0,5.0,문학,
20170528LGSK0_SK,2017-05-28,SK,LG,H,Final,Win,5.0,2.0,문학,
20170528LTHT0_롯데,2017-05-28,롯데,KIA,A,Final,Loss,4.0,8.0,광주,
20170528LTHT0_KIA,2017-05-28,KIA,롯데,H,Final,Win,8.0,4.0,광주,
20170528SSWO0_삼성,2017-05-28,삼성,넥센,A,Final,Win,3.0,2.0,고척,
20170528SSWO0_넥센,2017-05-28,넥센,삼성,H,Final,Loss,2.0,3.0,고척,
20170530HTNC0_KIA,2017-05-30,KIA,NC,A,Final,Win,9.0,7.0,마산,
20170530HTNC0_NC,2017-05-30,NC,KIA,H,Final,Loss,7.0,9.0,마산,
20170530OBHH0_두산,2017-05-30,두산,한화,A,Final,Loss,2.0,5.0,한밭,
20170530OBHH0_한화,2017-05-30,한화,두산,H,Final,Win,5.0,2.0,한밭,
20170530WOLG0_넥센,2017-05-30,넥센,LG,A,Final,Win,3.0,1.0,잠실,
20170530WOLG0_LG,2017-05-30,LG,넥센,H,Final,Loss,1.0,3.0,잠실,
20170530LTSS0_롯데,2017-05-30,롯데,삼성,A,Final,Win,1.0,0.0,대구,
20170530LTSS0_삼성,2017-05-30,삼성,롯데,H,Final,Loss,0.0,1.0,대구,
20170530SKKT0_SK,2017-05-30,SK,KT,A,Final,Win,8.0,3.0,수원,
20170530SKKT0_KT,2017-05-30,KT,SK,H,Final,Loss,3.0,8.0,수원,
20170531HTNC0_KIA,2017-05-31,KIA,NC,A,Final,Win,10.0,2.0,마산,
20170531HTNC0_NC,2017-05-31,NC,KIA,H,Final,Loss,2.0,10.0,마산,
20170531OBHH0_두산,2017-05-31,두산,한화,A,Final,Loss,1.0,3.0,한밭,
20170531OBHH0_한화,2017-05-31,한화,두산,H,Final,Win,3.0,1.0,한밭,
20170531WOLG0_넥센,2017-05-31,넥센,LG,A,Final,Loss,2.0,5.0,잠실,
20170531WOLG0_LG,2017-05-31,LG,넥센,H,Final,Win,5.0,2.0,잠실,
20170531LTSS0_롯데,2017-05-31,롯데,삼성,A,Final,Loss,4.0,11.0,대구,
20170531LTSS0_삼성,2017-05-31,삼성,롯데,H,Final,Win,11.0,4.0,대구,
20170531SKKT0_SK,2017-05-31,SK,KT,A,Final,Win,8.0,2.0,수원,
20170531SKKT0_KT,2017-05-31,KT,SK,H,Final,Loss,2.0,8.0,수원,
20170601HTNC0_KIA,2017-06-01,KIA,NC,A,Final,Loss,7.0,8.0,마산,
20170601HTNC0_NC,2017-06-01,NC,KIA,H,Final,Win,8.0,7.0,마산,
20170601OBHH0_두산,2017-06-01,두산,한화,A,Final,Win,8.0,6.0,한밭,
20170601OBHH0_한화,2017-06-01,한화,두산,H,Final,Loss,6.0,8.0,한밭,
20170601WOLG0_넥센,2017-06-01,넥센,LG,A,Final,Loss,1.0,6.0,잠실,
20170601WOLG0_LG,2017-06-01,LG,넥센,H,Final,Win,6.0,1.0,잠실,
20170601LTSS0_롯데,2017-06-01,롯데,삼성,A,Final,Loss,2.0,13.0,대구,
20170601LTSS0_삼성,2017-06-01,삼성,롯데,H,Final,Win,13.0,2.0,대구,
20170601SKKT0_SK,2017-06-01,SK,KT,A,Final,Win,10.0,4.0,수원,
20170601SKKT0_KT,2017-06-01,KT,SK,H,Final,Loss,4.0,10.0,수원,
20170602SKHH0_SK,2017-06-02,SK,한화,A,Final,Loss,4.0,5.0,한밭,
20170602SKHH0_한화,2017-06-02,한화,SK,H,Final,Win,5.0,4.0,한밭,
20170602NCLG0_NC,2017-06-02,NC,LG,A,Final,Win,4.0,1.0,잠실,
20170602NCLG0_LG,2017-06-02,LG,NC,H,Final,Loss,1.0,4.0,잠실,
20170602HTSS0_KIA,2017-06-02,KIA,삼성,A,Final,Loss,1.0,5.0,대구,
20170602HTSS0_삼성,2017-06-02,삼성,KIA,H,Final,Win,5.0,1.0,대구,
20170602KTLT0_KT,2017-06-02,KT,롯데,A,Final,Win,11.0,8.0,사직,
20170602KTLT0_롯데,2017-06-02,롯데,KT,H,Final,Loss,8.0,11.0,사직,
20170602OBWO0_두산,2017-06-02,두산,넥센,A,Final,Win,15.0,4.0,고척,
20170602OBWO0_넥센,2017-06-02,넥센,두산,H,Final,Loss,4.0,15.0,고척,
20170603SKHH0_SK,2017-06-03,SK,한화,A,Final,Win,5.0,2.0,한밭,
20170603SKHH0_한화,2017-06-03,한화,SK,H,Final,Loss,2.0,5.0,한밭,
20170603NCLG0_NC,2017-06-03,NC,LG,A,Final,Win,4.0,3.0,잠실,
20170603NCLG0_LG,2017-06-03,LG,NC,H,Final,Loss,3.0,4.0,잠실,
20170603HTSS0_KIA,2017-06-03,KIA,삼성,A,Final,Loss,5.0,6.0,대구,
20170603HTSS0_삼성,2017-06-03,삼성,KIA,H,Final,Win,6.0,5.0,대구,
20170603KTLT0_KT,2017-06-03,KT,롯데,A,Final,Win,10.0,1.0,사직,
20170603KTLT0_롯데,2017-06-03,롯데,KT,H,Final,Loss,1.0,10.0,사직,
20170603OBWO0_두산,2017-06-03,두산,넥센,A,Final,Loss,5.0,8.0,고척,
20170603OBWO0_넥센,2017-06-03,넥센,두산,H,Final,Win,8.0,5.0,고척,
20170604SKHH0_SK,2017-06-04,SK,한화,A,Final,Win,7.0,4.0,한밭,
20170604SKHH0_한화,2017-06-04,한화,SK,H,Final,Loss,4.0,7.0,한밭,
20170604NCLG0_NC,2017-06-04,NC,LG,A,Final,Win,6.0,5.0,잠실,
20170604NCLG0_LG,2017-06-04,LG,NC,H,Final,Loss,5.0,6.0,잠실,
20170604HTSS0_KIA,2017-06-04,KIA,삼성,A,Final,Win,13.0,3.0,대구,
20170604HTSS0_삼성,2017-06-04,삼성,KIA,H,Final,Loss,3.0,13.0,대구,
20170604KTLT0_KT,2017-06-04,KT,롯데,A,Final,Loss,8.0,14.0,사직,
20170604KTLT0_롯데,2017-06-04,롯데,KT,H,Final,Win,14.0,8.0,사직,
20170604OBWO0_두산,2017-06-04,두산,넥센,A,Final,Win,6.0,1.0,고척,
20170604OBWO0_넥센,2017-06-04,넥센,두산,H,Final,Loss,1.0,6.0,고척,
20170606SSOB0_삼성,2017-06-06,삼성,두산,A,Final,Win,12.0,10.0,잠실,
20170606SSOB0_두산,2017-06-06,두산,삼성,H,Final,Loss,10.0,12.0,잠실,
20170606WOSK0_넥센,2017-06-06,넥센,SK,A,Final,Loss,5.0,6.0,문학,
20170606WOSK0_SK,2017-06-06,SK,넥센,H,Final,Win,6.0,5.0,문학,
20170606LTNC0_롯데,2017-06-06,롯데,NC,A,Final,Win,5.0,4.0,마산,
20170606LTNC0_NC,2017-06-06,NC,롯데,H,Final,Loss,4.0,5.0,마산,
20170607LTNC0_롯데,2017-06-07,롯데,NC,A,Final,Loss,4.0,12.0,마산,
20170607LTNC0_NC,2017-06-07,NC,롯데,H,Final,Win,12.0,4.0,마산,
20170607SSOB0_삼성,2017-06-07,삼성,두산,A,Final,Loss,7.0,9.0,잠실,
20170607SSOB0_두산,2017-06-07,두산,삼성,H,Final,Win,9.0,7.0,잠실,
20170607WOSK0_넥센,2017-06-07,넥센,SK,A,Final,Win,6.0,2.0,문학,
20170607WOSK0_SK,2017-06-07,SK,넥센,H,Final,Loss,2.0,6.0,문학,
20170607HHHT0_한화,2017-06-07,한화,KIA,A,Final,Loss,0.0,7.0,광주,
20170607HHHT0_KIA,2017-06-07,KIA,한화,H,Final,Win,7.0,0.0,광주,
20170607LGKT0_LG,2017-06-07,LG,KT,A,Final,Win,11.0,7.0,수원,
20170607LGKT0_KT,2017-06-07,KT,LG,H,Final,Loss,7.0,11.0,수원,
20170608LTNC0_롯데,2017-06-08,롯데,NC,A,Final,Loss,0.0,16.0,마산,
20170608LTNC0_NC,2017-06-08,NC,롯데,H,Final,Win,16.0,0.0,마산,
20170608SSOB0_삼성,2017-06-08,삼성,두산,A,Final,Loss,3.0,4.0,잠실,
20170608SSOB0_두산,2017-06-08,두산,삼성,H,Final,Win,4.0,3.0,잠실,
20170608WOSK0_넥센,2017-06-08,넥센,SK,A,Final,Win,6.0,2.0,문학,
20170608WOSK0_SK,2017-06-08,SK,넥센,H,Final,Loss,2.0,6.0,문학,
20170608HHHT0_한화,2017-06-08,한화,KIA,A,Final,Loss,4.0,8.0,광주,
20170608HHHT0_KIA,2017-06-08,KIA,한화,H,Final,Win,8.0,4.0,광주,
20170608LGKT0_LG,2017-06-08,LG,KT,A,Final,Win,5.0,4.0,수원,
20170608LGKT0_KT,2017-06-08,KT,LG,H,Final,Loss,4.0,5.0,수원,
20170609KTNC0_KT,2017-06-09,KT,NC,A,Final,Loss,5.0,6.0,마산,
20170609KTNC0_NC,2017-06-09,NC,KT,H,Final,Win,6.0,5.0,마산,
20170609SSHH0_삼성,2017-06-09,삼성,한화,A,Final,Win,8.0,5.0,한밭,
20170609SSHH0_한화,2017-06-09,한화,삼성,H,Final,Loss,5.0,8.0,한밭,
20170609SKLG0_SK,2017-06-09,SK,LG,A,Final,Loss,1.0,3.0,잠실,
20170609SKLG0_LG,2017-06-09,LG,SK,H,Final,Win,3.0,1.0,잠실,
20170609WOHT0_넥센,2017-06-09,넥센,KIA,A,Final,Win,7.0,5.0,광주,
20170609WOHT0_KIA,2017-06-09,KIA,넥센,H,Final,Loss,5.0,7.0,광주,
20170609OBLT0_두산,2017-06-09,두산,롯데,A,Final,Win,4.0,0.0,울산,
20170609OBLT0_롯데,2017-06-09,롯데,두산,H,Final,Loss,0.0,4.0,울산,
20170610KTNC0_KT,2017-06-10,KT,NC,A,Final,Loss,1.0,4.0,마산,
20170610KTNC0_NC,2017-06-10,NC,KT,H,Final,Win,4.0,1.0,마산,
20170610SSHH0_삼성,2017-06-10,삼성,한화,A,Final,Loss,2.0,10.0,한밭,
20170610SSHH0_한화,2017-06-10,한화,삼성,H,Final,Win,10.0,2.0,한밭,
20170610SKLG0_SK,2017-06-10,SK,LG,A,Final,Win,4.0,3.0,잠실,
20170610SKLG0_LG,2017-06-10,LG,SK,H,Final,Loss,3.0,4.0,잠실,
20170610WOHT0_넥센,2017-06-10,넥센,KIA,A,Final,Win,8.0,4.0,광주,
20170610WOHT0_KIA,2017-06-10,KIA,넥센,H,Final,Loss,4.0,8.0,광주,
20170610OBLT0_두산,2017-06-10,두산,롯데,A,Final,Loss,6.0,7.0,울산,
20170610OBLT0_롯데,2017-06-10,롯데,두산,H,Final,Win,7.0,6.0,울산,
20170611KTNC0_KT,2017-06-11,KT,NC,A,Final,Loss,0.0,5.0,마산,
20170611KTNC0_NC,2017-06-11,NC,KT,H,Final,Win,5.0,0.0,마산,
20170611SSHH0_삼성,2017-06-11,삼성,한화,A,Final,Win,7.0,4.0,한밭,
20170611SSHH0_한화,2017-06-11,한화,삼성,H,Final,Loss,4.0,7.0,한밭,
20170611SKLG0_SK,2017-06-11,SK,LG,A,Final,Loss,1.0,19.0,잠실,
20170611SKLG0_LG,2017-06-11,LG,SK,H,Final,Win,19.0,1.0,잠실,
20170611WOHT0_넥센,2017-06-11,넥센,KIA,A,Final,Loss,2.0,6.0,광주,
20170611WOHT0_KIA,2017-06-11,KIA,넥센,H,Final,Win,6.0,2.0,광주,
20170611OBLT0_두산,2017-06-11,두산,롯데,A,Final,Loss,4.0,7.0,울산,
20170611OBLT0_롯데,2017-06-11,롯데,두산,H,Final,Win,7.0,4.0,울산,
20170613LGOB0_LG,2017-06-13,LG,두산,A,Final,Loss,4.0,7.0,잠실,
20170613LGOB0_두산,2017-06-13,두산,LG,H,Final,Win,7.0,4.0,잠실,
20170613HTLT0_KIA,2017-06-13,KIA,롯데,A,Final,Win,10.0,7.0,사직,
20170613HTLT0_롯데,2017-06-13,롯데,KIA,H,Final,Loss,7.0,10.0,사직,
20170613HHSK0_한화,2017-06-13,한화,SK,A,Final,Win,11.0,8.0,문학,
20170613HHSK0_SK,2017-06-13,SK,한화,H,Final,Loss,8.0,11.0,문학,
20170613NCWO0_NC,2017-06-13,NC,넥센,A,Final,Win,14.0,5.0,고척,
20170613NCWO0_넥센,2017-06-13,넥센,NC,H,Final,Loss,5.0,14.0,고척,
20170613KTSS0_KT,2017-06-13,KT,삼성,A,Final,Loss,0.0,4.0,포항,
20170613KTSS0_삼성,2017-06-13,삼성,KT,H,Final,Win,4.0,0.0,포항,
20170614LGOB0_LG,2017-06-14,LG,두산,A,Final,Win,5.0,1.0,잠실,
20170614LGOB0_두산,2017-06-14,두산,LG,H,Final,Loss,1.0,5.0,잠실,
20170614HTLT0_KIA,2017-06-14,KIA,롯데,A,Final,Win,6.0,3.0,사직,
20170614HTLT0_롯데,2017-06-14,롯데,KIA,H,Final,Loss,3.0,6.0,사직,
20170614HHSK0_한화,2017-06-14,한화,SK,A,Final,Loss,3.0,6.0,문학,
20170614HHSK0_SK,2017-06-14,SK,한화,H,Final,Win,6.0,3.0,문학,
20170614NCWO0_NC,2017-06-14,NC,넥센,A,Final,Loss,4.0,8.0,고척,
20170614NCWO0_넥센,2017-06-14,넥센,NC,H,Final,Win,8.0,4.0,고척,
20170614KTSS0_KT,2017-06-14,KT,삼성,A,Final,Win,7.0,5.0,포항,
20170614KTSS0_삼성,2017-06-14,삼성,KT,H,Final,Loss,5.0,7.0,포항,
20170615LGOB0_LG,2017-06-15,LG,두산,A,Final,Win,12.0,6.0,잠실,
20170615LGOB0_두산,2017-06-15,두산,LG,H,Final,Loss,6.0,12.0,잠실,
20170615HTLT0_KIA,2017-06-15,KIA,롯데,A,Final,Win,7.0,5.0,사직,
20170615HTLT0_롯데,2017-06-15,롯데,KIA,H,Final,Loss,5.0,7.0,사직,
20170615HHSK0_한화,2017-06-15,한화,SK,A,Final,Loss,3.0,4.0,문학,
20170615HHSK0_SK,2017-06-15,SK,한화,H,Final,Win,4.0,3.0,문학,
20170615NCWO0_NC,2017-06-15,NC,넥센,A,Final,Win,9.0,8.0,고척,
20170615NCWO0_넥센,2017-06-15,넥센,NC,H,Final,Loss,8.0,9.0,고척,
20170615KTSS0_KT,2017-06-15,KT,삼성,A,Final,Loss,2.0,6.0,포항,
20170615KTSS0_삼성,2017-06-15,삼성,KT,H,Final,Win,6.0,2.0,포항,
20170616NCOB0_NC,2017-06-16,NC,두산,A,Final,Win,11.0,5.0,잠실,
20170616NCOB0_두산,2017-06-16,두산,NC,H,Final,Loss,5.0,11.0,잠실,
20170616SKSS0_SK,2017-06-16,SK,삼성,A,Final,Win,2.0,1.0,대구,
20170616SKSS0_삼성,2017-06-16,삼성,SK,H,Final,Loss,1.0,2.0,대구,
20170616LGHT0_LG,2017-06-16,LG,KIA,A,Final,Win,9.0,8.0,광주,
20170616LGHT0_KIA,2017-06-16,KIA,LG,H,Final,Loss,8.0,9.0,광주,
20170616HHKT0_한화,2017-06-16,한화,KT,A,Final,Win,15.0,14.0,수원,
20170616HHKT0_KT,2017-06-16,KT,한화,H,Final,Loss,14.0,15.0,수원,
20170616LTWO0_롯데,2017-06-16,롯데,넥센,A,Final,Loss,1.0,2.0,고척,
20170616LTWO0_넥센,2017-06-16,넥센,롯데,H,Final,Win,2.0,1.0,고척,
20170617NCOB0_NC,2017-06-17,NC,두산,A,Final,Loss,4.0,14.0,잠실,
20170617NCOB0_두산,2017-06-17,두산,NC,H,Final,Win,14.0,4.0,잠실,
20170617SKSS0_SK,2017-06-17,SK,삼성,A,Final,Win,14.0,10.0,대구,
20170617SKSS0_삼성,2017-06-17,삼성,SK,H,Final,Loss,10.0,14.0,대구,
20170617LGHT0_LG,2017-06-17,LG,KIA,A,Final,Loss,3.0,4.0,광주,
20170617LGHT0_KIA,2017-06-17,KIA,LG,H,Final,Win,4.0,3.0,광주,
20170617HHKT0_한화,2017-06-17,한화,KT,A,Final,Win,9.0,1.0,수원,
20170617HHKT0_KT,2017-06-17,KT,한화,H,Final,Loss,1.0,9.0,수원,
20170617LTWO0_롯데,2017-06-17,롯데,넥센,A,Final,Loss,2.0,8.0,고척,
20170617LTWO0_넥센,2017-06-17,넥센,롯데,H,Final,Win,8.0,2.0,고척,
20170618NCOB0_NC,2017-06-18,NC,두산,A,Final,Loss,11.0,13.0,잠실,
20170618NCOB0_두산,2017-06-18,두산,NC,H,Final,Win,13.0,11.0,잠실,
20170618SKSS0_SK,2017-06-18,SK,삼성,A,Final,Loss,5.0,7.0,대구,
20170618SKSS0_삼성,2017-06-18,삼성,SK,H,Final,Win,7.0,5.0,대구,
20170618LGHT0_LG,2017-06-18,LG,KIA,A,Final,Win,16.0,8.0,광주,
20170618LGHT0_KIA,2017-06-18,KIA,LG,H,Final,Loss,8.0,16.0,광주,
20170618HHKT0_한화,2017-06-18,한화,KT,A,Final,Win,13.0,5.0,수원,
20170618HHKT0_KT,2017-06-18,KT,한화,H,Final,Loss,5.0,13.0,수원,
20170618LTWO0_롯데,2017-06-18,롯데,넥센,A,Final,Loss,3.0,14.0,고척,
20170618LTWO0_넥센,2017-06-18,넥센,롯데,H,Final,Win,14.0,3.0,고척,
20170620WOHH0_넥센,2017-06-20,넥센,한화,A,Final,Loss,5.0,6.0,한밭,
20170620WOHH0_한화,2017-06-20,한화,넥센,H,Final,Win,6.0,5.0,한밭,
20170620SSLG0_삼성,2017-06-20,삼성,LG,A,Final,Loss,3.0,5.0,잠실,
20170620SSLG0_LG,2017-06-20,LG,삼성,H,Final,Win,5.0,3.0,잠실,
20170620NCSK0_NC,2017-06-20,NC,SK,A,Final,Loss,1.0,7.0,문학,
20170620NCSK0_SK,2017-06-20,SK,NC,H,Final,Win,7.0,1.0,문학,
20170620LTKT0_롯데,2017-06-20,롯데,KT,A,Final,Win,10.0,2.0,수원,
20170620LTKT0_KT,2017-06-20,KT,롯데,H,Final,Loss,2.0,10.0,수원,
20170621WOHH0_넥센,2017-06-21,넥센,한화,A,Final,Win,6.0,5.0,한밭,
20170621WOHH0_한화,2017-06-21,한화,넥센,H,Final,Loss,5.0,6.0,한밭,
20170621SSLG0_삼성,2017-06-21,삼성,LG,A,Final,Win,10.0,3.0,잠실,
20170621SSLG0_LG,2017-06-21,LG,삼성,H,Final,Loss,3.0,10.0,잠실,
20170621NCSK0_NC,2017-06-21,NC,SK,A,Final,Win,2.0,1.0,문학,
20170621NCSK0_SK,2017-06-21,SK,NC,H,Final,Loss,1.0,2.0,문학,
20170621OBHT0_두산,2017-06-21,두산,KIA,A,Final,Loss,8.0,20.0,광주,
20170621OBHT0_KIA,2017-06-21,KIA,두산,H,Final,Win,20.0,8.0,광주,
20170621LTKT0_롯데,2017-06-21,롯데,KT,A,Final,Win,10.0,4.0,수원,
20170621LTKT0_KT,2017-06-21,KT,롯데,H,Final,Loss,4.0,10.0,수원,
20170622WOHH0_넥센,2017-06-22,넥센,한화,A,Final,Loss,12.0,13.0,한밭,
20170622WOHH0_한화,2017-06-22,한화,넥센,H,Final,Win,13.0,12.0,한밭,
20170622SSLG0_삼성,2017-06-22,삼성,LG,A,Final,Win,5.0,1.0,잠실,
20170622SSLG0_LG,2017-06-22,LG,삼성,H,Final,Loss,1.0,5.0,잠실,
20170622NCSK0_NC,2017-06-22,NC,SK,A,Final,Loss,6.0,13.0,문학,
20170622NCSK0_SK,2017-06-22,SK,NC,H,Final,Win,13.0,6.0,문학,
20170622OBHT0_두산,2017-06-22,두산,KIA,A,Final,Loss,5.0,11.0,광주,
20170622OBHT0_KIA,2017-06-22,KIA,두산,H,Final,Win,11.0,5.0,광주,
20170622LTKT0_롯데,2017-06-22,롯데,KT,A,Final,Loss,3.0,10.0,수원,
20170622LTKT0_KT,2017-06-22,KT,롯데,H,Final,Win,10.0,3.0,수원,
20170623HTNC0_KIA,2017-06-23,KIA,NC,A,Final,Loss,1.0,4.0,마산,
20170623HTNC0_NC,2017-06-23,NC,KIA,H,Final,Win,4.0,1.0,마산,
20170623LTOB0_롯데,2017-06-23,롯데,두산,A,Final,Loss,1.0,9.0,잠실,
20170623LTOB0_두산,2017-06-23,두산,롯데,H,Final,Win,9.0,1.0,잠실,
20170623HHSS0_한화,2017-06-23,한화,삼성,A,Final,Loss,3.0,5.0,대구,
20170623HHSS0_삼성,2017-06-23,삼성,한화,H,Final,Win,5.0,3.0,대구,
20170623KTSK0_KT,2017-06-23,KT,SK,A,Final,Loss,2.0,4.0,문학,
20170623KTSK0_SK,2017-06-23,SK,KT,H,Final,Win,4.0,2.0,문학,
20170623LGWO0_LG,2017-06-23,LG,넥센,A,Final,Loss,3.0,8.0,고척,
20170623LGWO0_넥센,2017-06-23,넥센,LG,H,Final,Win,8.0,3.0,고척,
20170624HTNC0_KIA,2017-06-24,KIA,NC,A,Final,Loss,1.0,6.0,마산,
20170624HTNC0_NC,2017-06-24,NC,KIA,H,Final,Win,6.0,1.0,마산,
20170624LTOB0_롯데,2017-06-24,롯데,두산,A,Final,Win,8.0,4.0,잠실,
20170624LTOB0_두산,2017-06-24,두산,롯데,H,Final,Loss,4.0,8.0,잠실,
20170624HHSS0_한화,2017-06-24,한화,삼성,A,Final,Loss,2.0,8.0,대구,
20170624HHSS0_삼성,2017-06-24,삼성,한화,H,Final,Win,8.0,2.0,대구,
20170624KTSK0_KT,2017-06-24,KT,SK,A,Final,Loss,1.0,2.0,문학,
20170624KTSK0_SK,2017-06-24,SK,KT,H,Final,Win,2.0,1.0,문학,
20170624LGWO0_LG,2017-06-24,LG,넥센,A,Final,Win,8.0,2.0,고척,
20170624LGWO0_넥센,2017-06-24,넥센,LG,H,Final,Loss,2.0,8.0,고척,
20170625HTNC0_KIA,2017-06-25,KIA,NC,A,Final,Loss,6.0,9.0,마산,
20170625HTNC0_NC,2017-06-25,NC,KIA,H,Final,Win,9.0,6.0,마산,
20170625LTOB0_롯데,2017-06-25,롯데,두산,A,Final,Win,4.0,2.0,잠실,
20170625LTOB0_두산,2017-06-25,두산,롯데,H,Final,Loss,2.0,4.0,잠실,
20170625KTSK0_KT,2017-06-25,KT,SK,A,Final,Loss,6.0,7.0,문학,
20170625KTSK0_SK,2017-06-25,SK,KT,H,Final,Win,7.0,6.0,문학,
20170625LGWO0_LG,2017-06-25,LG,넥센,A,Final,Loss,2.0,4.0,고척,
20170625LGWO0_넥센,2017-06-25,넥센,LG,H,Final,Win,4.0,2.0,고척,
20170627WONC0_넥센,2017-06-27,넥센,NC,A,Final,Loss,2.0,7.0,마산,
20170627WONC0_NC,2017-06-27,NC,넥센,H,Final,Win,7.0,2.0,마산,
20170627SKOB0_SK,2017-06-27,SK,두산,A,Final,Win,5.0,1.0,잠실,
20170627SKOB0_두산,2017-06-27,두산,SK,H,Final,Loss,1.0,5.0,잠실,
20170627LGLT0_LG,2017-06-27,LG,롯데,A,Final,Loss,10.0,11.0,사직,
20170627LGLT0_롯데,2017-06-27,롯데,LG,H,Final,Win,11.0,10.0,사직,
20170627SSHT0_삼성,2017-06-27,삼성,KIA,A,Final,Loss,4.0,11.0,광주,
20170627SSHT0_KIA,2017-06-27,KIA,삼성,H,Final,Win,11.0,4.0,광주,
20170627KTHH0_KT,2017-06-27,KT,한화,A,Final,Loss,1.0,4.0,청주,
20170627KTHH0_한화,2017-06-27,한화,KT,H,Final,Win,4.0,1.0,청주,
20170628WONC0_넥센,2017-06-28,넥센,NC,A,Final,Loss,3.0,9.0,마산,
20170628WONC0_NC,2017-06-28,NC,넥센,H,Final,Win,9.0,3.0,마산,
20170628SKOB0_SK,2017-06-28,SK,두산,A,Final,Win,3.0,0.0,잠실,
20170628SKOB0_두산,2017-06-28,두산,SK,H,Final,Loss,0.0,3.0,잠실,
20170628SSHT0_삼성,2017-06-28,삼성,KIA,A,Final,Loss,4.0,13.0,광주,
20170628SSHT0_KIA,2017-06-28,KIA,삼성,H,Final,Win,13.0,4.0,광주,
20170628KTHH0_KT,2017-06-28,KT,한화,A,Final,Win,5.0,4.0,청주,
20170628KTHH0_한화,2017-06-28,한화,KT,H,Final,Loss,4.0,5.0,청주,
20170629SKOB0_SK,2017-06-29,SK,두산,A,Final,Loss,3.0,6.0,잠실,
20170629SKOB0_두산,2017-06-29,두산,SK,H,Final,Win,6.0,3.0,잠실,
20170629SSHT0_삼성,2017-06-29,삼성,KIA,A,Final,Loss,1.0,22.0,광주,
20170629SSHT0_KIA,2017-06-29,KIA,삼성,H,Final,Win,22.0,1.0,광주,
20170629KTHH0_KT,2017-06-29,KT,한화,A,Final,Loss,5.0,8.0,청주,
20170629KTHH0_한화,2017-06-29,한화,KT,H,Final,Win,8.0,5.0,청주,
20170630OBHH0_두산,2017-06-30,두산,한화,A,Final,Loss,8.0,13.0,한밭,
20170630OBHH0_한화,2017-06-30,한화,두산,H,Final,Win,13.0,8.0,한밭,
20170630HTLG0_KIA,2017-06-30,KIA,LG,A,Final,Win,10.0,6.0,잠실,
20170630HTLG0_LG,2017-06-30,LG,KIA,H,Final,Loss,6.0,10.0,잠실,
20170630NCLT0_NC,2017-06-30,NC,롯데,A,Final,Loss,0.0,9.0,사직,
20170630NCLT0_롯데,2017-06-30,롯데,NC,H,Final,Win,9.0,0.0,사직,
20170630SSSK0_삼성,2017-06-30,삼성,SK,A,Final,Loss,5.0,7.0,문학,
20170630SSSK0_SK,2017-06-30,SK,삼성,H,Final,Win,7.0,5.0,문학,
20170630WOKT0_넥센,2017-06-30,넥센,KT,A,Final,Win,9.0,5.0,수원,
20170630WOKT0_KT,2017-06-30,KT,넥센,H,Final,Loss,5.0,9.0,수원,
20170701OBHH0_두산,2017-07-01,두산,한화,A,Final,Loss,3.0,9.0,한밭,
20170701OBHH0_한화,2017-07-01,한화,두산,H,Final,Win,9.0,3.0,한밭,
20170701HTLG0_KIA,2017-07-01,KIA,LG,A,Final,Win,10.0,4.0,잠실,
20170701HTLG0_LG,2017-07-01,LG,KIA,H,Final,Loss,4.0,10.0,잠실,
20170701NCLT0_NC,2017-07-01,NC,롯데,A,Final,Loss,5.0,9.0,사직,
20170701NCLT0_롯데,2017-07-01,롯데,NC,H,Final,Win,9.0,5.0,사직,
20170701SSSK0_삼성,2017-07-01,삼성,SK,A,Final,Win,7.0,4.0,문학,
20170701SSSK0_SK,2017-07-01,SK,삼성,H,Final,Loss,4.0,7.0,문학,
20170702HTLG0_KIA,2017-07-02,KIA,LG,A,Final,Win,13.0,4.0,잠실,
20170702HTLG0_LG,2017-07-02,LG,KIA,H,Final,Loss,4.0,13.0,잠실,
20170702NCLT0_NC,2017-07-02,NC,롯데,A,Final,Loss,1.0,2.0,사직,
20170702NCLT0_롯데,2017-07-02,롯데,NC,H,Final,Win,2.0,1.0,사직,
20170702SSSK0_삼성,2017-07-02,삼성,SK,A,Final,Loss,5.0,6.0,문학,
20170702SSSK0_SK,2017-07-02,SK,삼성,H,Final,Win,6.0,5.0,문학,
20170702WOKT0_넥센,2017-07-02,넥센,KT,A,Final,Win,5.0,1.0,수원,
20170702WOKT0_KT,2017-07-02,KT,넥센,H,Final,Loss,1.0,5.0,수원,
20170704KTOB0_KT,2017-07-04,KT,두산,A,Final,Loss,1.0,8.0,잠실,
20170704KTOB0_두산,2017-07-04,두산,KT,H,Final,Win,8.0,1.0,잠실,
20170704HTSK0_KIA,2017-07-04,KIA,SK,A,Final,Win,15.0,6.0,문학,
20170704HTSK0_SK,2017-07-04,SK,KIA,H,Final,Loss,6.0,15.0,문학,
20170704HHWO0_한화,2017-07-04,한화,넥센,A,Final,Loss,5.0,7.0,고척,
20170704HHWO0_넥센,2017-07-04,넥센,한화,H,Final,Win,7.0,5.0,고척,
20170704LTSS0_롯데,2017-07-04,롯데,삼성,A,Final,Loss,2.0,4.0,포항,
20170704LTSS0_삼성,2017-07-04,삼성,롯데,H,Final,Win,4.0,2.0,포항,
20170705LGNC0_LG,2017-07-05,LG,NC,A,Final,Win,12.0,5.0,마산,
20170705LGNC0_NC,2017-07-05,NC,LG,H,Final,Loss,5.0,12.0,마산,
20170705KTOB0_KT,2017-07-05,KT,두산,A,Final,Loss,1.0,3.0,잠실,
20170705KTOB0_두산,2017-07-05,두산,KT,H,Final,Win,3.0,1.0,잠실,
20170705HTSK0_KIA,2017-07-05,KIA,SK,A,Final,Loss,17.0,18.0,문학,
20170705HTSK0_SK,2017-07-05,SK,KIA,H,Final,Win,18.0,17.0,문학,
20170705HHWO0_한화,2017-07-05,한화,넥센,A,Final,Loss,7.0,12.0,고척,
20170705HHWO0_넥센,2017-07-05,넥센,한화,H,Final,Win,12.0,7.0,고척,
20170705LTSS0_롯데,2017-07-05,롯데,삼성,A,Final,Loss,5.0,6.0,포항,
20170705LTSS0_삼성,2017-07-05,삼성,롯데,H,Final,Win,6.0,5.0,포항,
20170706HTSK0_KIA,2017-07-06,KIA,SK,A,Final,Win,5.0,3.0,문학,
20170706HTSK0_SK,2017-07-06,SK,KIA,H,Final,Loss,3.0,5.0,문학,
20170706HHWO0_한화,2017-07-06,한화,넥센,A,Final,Loss,6.0,13.0,고척,
20170706HHWO0_넥센,2017-07-06,넥센,한화,H,Final,Win,13.0,6.0,고척,
20170706LTSS0_롯데,2017-07-06,롯데,삼성,A,Final,Win,4.0,2.0,포항,
20170706LTSS0_삼성,2017-07-06,삼성,롯데,H,Final,Loss,2.0,4.0,포항,
20170707OBNC0_두산,2017-07-07,두산,NC,A,Final,Win,6.0,1.0,마산,
20170707OBNC0_NC,2017-07-07,NC,두산,H,Final,Loss,1.0,6.0,마산,
20170707WOSS0_넥센,2017-07-07,넥센,삼성,A,Final,Win,9.0,2.0,대구,
20170707WOSS0_삼성,2017-07-07,삼성,넥센,H,Final,Loss,2.0,9.0,대구,
20170707SKLT0_SK,2017-07-07,SK,롯데,A,Final,Win,6.0,5.0,사직,
20170707SKLT0_롯데,2017-07-07,롯데,SK,H,Final,Loss,5.0,6.0,사직,
20170708HHLG0_한화,2017-07-08,한화,LG,A,Final,Win,6.0,3.0,잠실,
20170708HHLG0_LG,2017-07-08,LG,한화,H,Final,Loss,3.0,6.0,잠실,
20170708WOSS0_넥센,2017-07-08,넥센,삼성,A,Final,Win,10.0,8.0,대구,
20170708WOSS0_삼성,2017-07-08,삼성,넥센,H,Final,Loss,8.0,10.0,대구,
20170708SKLT0_SK,2017-07-08,SK,롯데,A,Final,Loss,4.0,6.0,사직,
20170708SKLT0_롯데,2017-07-08,롯데,SK,H,Final,Win,6.0,4.0,사직,
20170708HTKT0_KIA,2017-07-08,KIA,KT,A,Final,Win,20.0,8.0,수원,
20170708HTKT0_KT,2017-07-08,KT,KIA,H,Final,Loss,8.0,20.0,수원,
20170709OBNC0_두산,2017-07-09,두산,NC,A,Final,Loss,4.0,9.0,마산,
20170709OBNC0_NC,2017-07-09,NC,두산,H,Final,Win,9.0,4.0,마산,
20170709HHLG0_한화,2017-07-09,한화,LG,A,Final,Loss,2.0,3.0,잠실,
20170709HHLG0_LG,2017-07-09,LG,한화,H,Final,Win,3.0,2.0,잠실,
20170709WOSS0_넥센,2017-07-09,넥센,삼성,A,Final,Loss,2.0,7.0,대구,
20170709WOSS0_삼성,2017-07-09,삼성,넥센,H,Final,Win,7.0,2.0,대구,
20170709SKLT0_SK,2017-07-09,SK,롯데,A,Final,Win,6.0,0.0,사직,
20170709SKLT0_롯데,2017-07-09,롯데,SK,H,Final,Loss,0.0,6.0,사직,
20170711LTHH0_롯데,2017-07-11,롯데,한화,A,Final,Win,5.0,4.0,한밭,
20170711LTHH0_한화,2017-07-11,한화,롯데,H,Final,Loss,4.0,5.0,한밭,
20170711WOOB0_넥센,2017-07-11,넥센,두산,A,Final,Win,5.0,1.0,잠실,
20170711WOOB0_두산,2017-07-11,두산,넥센,H,Final,Loss,1.0,5.0,잠실,
20170711LGSK0_LG,2017-07-11,LG,SK,A,Final,Loss,1.0,6.0,문학,
20170711LGSK0_SK,2017-07-11,SK,LG,H,Final,Win,6.0,1.0,문학,
20170711NCHT0_NC,2017-07-11,NC,KIA,A,Final,Loss,4.0,7.0,광주,
20170711NCHT0_KIA,2017-07-11,KIA,NC,H,Final,Win,7.0,4.0,광주,
20170711SSKT0_삼성,2017-07-11,삼성,KT,A,Final,Win,4.0,2.0,수원,
20170711SSKT0_KT,2017-07-11,KT,삼성,H,Final,Loss,2.0,4.0,수원,
20170712LTHH0_롯데,2017-07-12,롯데,한화,A,Final,Win,8.0,4.0,한밭,
20170712LTHH0_한화,2017-07-12,한화,롯데,H,Final,Loss,4.0,8.0,한밭,
20170712WOOB0_넥센,2017-07-12,넥센,두산,A,Final,Loss,3.0,4.0,잠실,
20170712WOOB0_두산,2017-07-12,두산,넥센,H,Final,Win,4.0,3.0,잠실,
20170712LGSK0_LG,2017-07-12,LG,SK,A,Final,Win,12.0,6.0,문학,
20170712LGSK0_SK,2017-07-12,SK,LG,H,Final,Loss,6.0,12.0,문학,
20170712NCHT0_NC,2017-07-12,NC,KIA,A,Final,Loss,6.0,7.0,광주,
20170712NCHT0_KIA,2017-07-12,KIA,NC,H,Final,Win,7.0,6.0,광주,
20170712SSKT0_삼성,2017-07-12,삼성,KT,A,Final,Win,11.0,3.0,수원,
20170712SSKT0_KT,2017-07-12,KT,삼성,H,Final,Loss,3.0,11.0,수원,
20170713LTHH0_롯데,2017-07-13,롯데,한화,A,Final,Loss,4.0,6.0,한밭,
20170713LTHH0_한화,2017-07-13,한화,롯데,H,Final,Win,6.0,4.0,한밭,
20170713WOOB0_넥센,2017-07-13,넥센,두산,A,Final,Loss,4.0,8.0,잠실,
20170713WOOB0_두산,2017-07-13,두산,넥센,H,Final,Win,8.0,4.0,잠실,
20170713LGSK0_LG,2017-07-13,LG,SK,A,Final,Win,9.0,1.0,문학,
20170713LGSK0_SK,2017-07-13,SK,LG,H,Final,Loss,1.0,9.0,문학,
20170713NCHT0_NC,2017-07-13,NC,KIA,A,Final,Loss,1.0,7.0,광주,
20170713NCHT0_KIA,2017-07-13,KIA,NC,H,Final,Win,7.0,1.0,광주,
20170713SSKT0_삼성,2017-07-13,삼성,KT,A,Final,Loss,8.0,9.0,수원,
20170713SSKT0_KT,2017-07-13,KT,삼성,H,Final,Win,9.0,8.0,수원,
20170718KTLG0_KT,2017-07-18,KT,LG,A,Final,Loss,2.0,3.0,잠실,
20170718KTLG0_LG,2017-07-18,LG,KT,H,Final,Win,3.0,2.0,잠실,
20170718OBSK0_두산,2017-07-18,두산,SK,A,Final,Win,6.0,4.0,문학,
20170718OBSK0_SK,2017-07-18,SK,두산,H,Final,Loss,4.0,6.0,문학,
20170718HTWO0_KIA,2017-07-18,KIA,넥센,A,Final,Win,4.0,3.0,고척,
20170718HTWO0_넥센,2017-07-18,넥센,KIA,H,Final,Loss,3.0,4.0,고척,
20170718SSLT0_삼성,2017-07-18,삼성,롯데,A,Final,Loss,2.0,5.0,울산,
20170718SSLT0_롯데,2017-07-18,롯데,삼성,H,Final,Win,5.0,2.0,울산,
20170718NCHH0_NC,2017-07-18,NC,한화,A,Final,Win,7.0,4.0,청주,
20170718NCHH0_한화,2017-07-18,한화,NC,H,Final,Loss,4.0,7.0,청주,
20170719KTLG0_KT,2017-07-19,KT,LG,A,Final,Loss,2.0,4.0,잠실,
20170719KTLG0_LG,2017-07-19,LG,KT,H,Final,Win,4.0,2.0,잠실,
20170719OBSK0_두산,2017-07-19,두산,SK,A,Final,Loss,8.0,12.0,문학,
20170719OBSK0_SK,2017-07-19,SK,두산,H,Final,Win,12.0,8.0,문학,
20170719HTWO0_KIA,2017-07-19,KIA,넥센,A,Final,Loss,2.0,4.0,고척,
20170719HTWO0_넥센,2017-07-19,넥센,KIA,H,Final,Win,4.0,2.0,고척,
20170719SSLT0_삼성,2017-07-19,삼성,롯데,A,Final,Win,3.0,0.0,울산,
20170719SSLT0_롯데,2017-07-19,롯데,삼성,H,Final,Loss,0.0,3.0,울산,
20170719NCHH0_NC,2017-07-19,NC,한화,A,Final,Win,13.0,9.0,청주,
20170719NCHH0_한화,2017-07-19,한화,NC,H,Final,Loss,9.0,13.0,청주,
20170720KTLG0_KT,2017-07-20,KT,LG,A,Final,Loss,9.0,10.0,잠실,
20170720KTLG0_LG,2017-07-20,LG,KT,H,Final,Win,10.0,9.0,잠실,
20170720OBSK0_두산,2017-07-20,두산,SK,A,Final,Win,14.0,2.0,문학,
20170720OBSK0_SK,2017-07-20,SK,두산,H,Final,Loss,2.0,14.0,문학,
20170720HTWO0_KIA,2017-07-20,KIA,넥센,A,Final,Win,8.0,7.0,고척,
20170720HTWO0_넥센,2017-07-20,넥센,KIA,H,Final,Loss,7.0,8.0,고척,
20170720NCHH0_NC,2017-07-20,NC,한화,A,Final,Win,7.0,4.0,청주,
20170720NCHH0_한화,2017-07-20,한화,NC,H,Final,Loss,4.0,7.0,청주,
20170721SKNC0_SK,2017-07-21,SK,NC,A,Final,Loss,6.0,10.0,마산,
20170721SKNC0_NC,2017-07-21,NC,SK,H,Final,Win,10.0,6.0,마산,
20170721HHOB0_한화,2017-07-21,한화,두산,A,Final,Loss,6.0,9.0,잠실,
20170721HHOB0_두산,2017-07-21,두산,한화,H,Final,Win,9.0,6.0,잠실,
20170721LGSS0_LG,2017-07-21,LG,삼성,A,Final,Win,10.0,4.0,대구,
20170721LGSS0_삼성,2017-07-21,삼성,LG,H,Final,Loss,4.0,10.0,대구,
20170721LTHT0_롯데,2017-07-21,롯데,KIA,A,Final,Win,4.0,3.0,광주,
20170721LTHT0_KIA,2017-07-21,KIA,롯데,H,Final,Loss,3.0,4.0,광주,
20170721KTWO0_KT,2017-07-21,KT,넥센,A,Final,Loss,0.0,2.0,고척,
20170721KTWO0_넥센,2017-07-21,넥센,KT,H,Final,Win,2.0,0.0,고척,
20170722SKNC0_SK,2017-07-22,SK,NC,A,Final,Loss,2.0,8.0,마산,
20170722SKNC0_NC,2017-07-22,NC,SK,H,Final,Win,8.0,2.0,마산,
20170722HHOB0_한화,2017-07-22,한화,두산,A,Final,Loss,1.0,17.0,잠실,
20170722HHOB0_두산,2017-07-22,두산,한화,H,Final,Win,17.0,1.0,잠실,
20170722LTHT0_롯데,2017-07-22,롯데,KIA,A,Final,Win,1.0,0.0,광주,
20170722LTHT0_KIA,2017-07-22,KIA,롯데,H,Final,Loss,0.0,1.0,광주,
20170722KTWO0_KT,2017-07-22,KT,넥센,A,Final,Win,8.0,3.0,고척,
20170722KTWO0_넥센,2017-07-22,넥센,KT,H,Final,Loss,3.0,8.0,고척,
20170723SKNC0_SK,2017-07-23,SK,NC,A,Final,Loss,1.0,8.0,마산,
20170723SKNC0_NC,2017-07-23,NC,SK,H,Final,Win,8.0,1.0,마산,
20170723HHOB0_한화,2017-07-23,한화,두산,A,Final,Loss,7.0,8.0,잠실,
20170723HHOB0_두산,2017-07-23,두산,한화,H,Final,Win,8.0,7.0,잠실,
20170723LGSS0_LG,2017-07-23,LG,삼성,A,Final,Loss,6.0,10.0,대구,
20170723LGSS0_삼성,2017-07-23,삼성,LG,H,Final,Win,10.0,6.0,대구,
20170723LTHT0_롯데,2017-07-23,롯데,KIA,A,Final,Win,3.0,1.0,광주,
20170723LTHT0_KIA,2017-07-23,KIA,롯데,H,Final,Loss,1.0,3.0,광주,
20170723KTWO0_KT,2017-07-23,KT,넥센,A,Final,Loss,4.0,7.0,고척,
20170723KTWO0_넥센,2017-07-23,넥센,KT,H,Final,Win,7.0,4.0,고척,
20170725WOLG0_넥센,2017-07-25,넥센,LG,A,Final,Win,6.0,0.0,잠실,
20170725WOLG0_LG,2017-07-25,LG,넥센,H,Final,Loss,0.0,6.0,잠실,
20170725NCSS0_NC,2017-07-25,NC,삼성,A,Final,Loss,1.0,3.0,대구,
20170725NCSS0_삼성,2017-07-25,삼성,NC,H,Final,Win,3.0,1.0,대구,
20170725SKHT0_SK,2017-07-25,SK,KIA,A,Final,Loss,10.0,11.0,광주,
20170725SKHT0_KIA,2017-07-25,KIA,SK,H,Final,Win,11.0,10.0,광주,
20170725OBKT0_두산,2017-07-25,두산,KT,A,Final,Win,6.0,5.0,수원,
20170725OBKT0_KT,2017-07-25,KT,두산,H,Final,Loss,5.0,6.0,수원,
20170726WOLG0_넥센,2017-07-26,넥센,LG,A,Final,Loss,3.0,4.0,잠실,
20170726WOLG0_LG,2017-07-26,LG,넥센,H,Final,Win,4.0,3.0,잠실,
20170726NCSS0_NC,2017-07-26,NC,삼성,A,Final,Loss,1.0,5.0,대구,
20170726NCSS0_삼성,2017-07-26,삼성,NC,H,Final,Win,5.0,1.0,대구,
20170726HHLT0_한화,2017-07-26,한화,롯데,A,Final,Loss,8.0,9.0,사직,
20170726HHLT0_롯데,2017-07-26,롯데,한화,H,Final,Win,9.0,8.0,사직,
20170726SKHT0_SK,2017-07-26,SK,KIA,A,Final,Loss,7.0,8.0,광주,
20170726SKHT0_KIA,2017-07-26,KIA,SK,H,Final,Win,8.0,7.0,광주,
20170726OBKT0_두산,2017-07-26,두산,KT,A,Final,Win,7.0,3.0,수원,
20170726OBKT0_KT,2017-07-26,KT,두산,H,Final,Loss,3.0,7.0,수원,
20170727WOLG0_넥센,2017-07-27,넥센,LG,A,Final,Loss,3.0,4.0,잠실,
20170727WOLG0_LG,2017-07-27,LG,넥센,H,Final,Win,4.0,3.0,잠실,
20170727NCSS0_NC,2017-07-27,NC,삼성,A,Final,Win,7.0,0.0,대구,
20170727NCSS0_삼성,2017-07-27,삼성,NC,H,Final,Loss,0.0,7.0,대구,
20170727HHLT0_한화,2017-07-27,한화,롯데,A,Final,Win,6.0,3.0,사직,
20170727HHLT0_롯데,2017-07-27,롯데,한화,H,Final,Loss,3.0,6.0,사직,
20170727SKHT0_SK,2017-07-27,SK,KIA,A,Final,Loss,1.0,9.0,광주,
20170727SKHT0_KIA,2017-07-27,KIA,SK,H,Final,Win,9.0,1.0,광주,
20170727OBKT0_두산,2017-07-27,두산,KT,A,Final,Win,5.0,3.0,수원,
20170727OBKT0_KT,2017-07-27,KT,두산,H,Final,Loss,3.0,5.0,수원,
20170728LGHH0_LG,2017-07-28,LG,한화,A,Final,Loss,3.0,4.0,한밭,
20170728LGHH0_한화,2017-07-28,한화,LG,H,Final,Win,4.0,3.0,한밭,
20170728LTSK0_롯데,2017-07-28,롯데,SK,A,Final,Loss,7.0,8.0,문학,
20170728LTSK0_SK,2017-07-28,SK,롯데,H,Final,Win,8.0,7.0,문학,
20170728NCKT0_NC,2017-07-28,NC,KT,A,Final,Win,5.0,4.0,수원,
20170728NCKT0_KT,2017-07-28,KT,NC,H,Final,Loss,4.0,5.0,수원,
20170728SSWO0_삼성,2017-07-28,삼성,넥센,A,Final,Win,9.0,2.0,고척,
20170728SSWO0_넥센,2017-07-28,넥센,삼성,H,Final,Loss,2.0,9.0,고척,
20170729LGHH0_LG,2017-07-29,LG,한화,A,Final,Win,12.0,2.0,한밭,
20170729LGHH0_한화,2017-07-29,한화,LG,H,Final,Loss,2.0,12.0,한밭,
20170729HTOB0_KIA,2017-07-29,KIA,두산,A,Final,Win,2.0,1.0,잠실,
20170729HTOB0_두산,2017-07-29,두산,KIA,H,Final,Loss,1.0,2.0,잠실,
20170729LTSK0_롯데,2017-07-29,롯데,SK,A,Final,Loss,1.0,4.0,문학,
20170729LTSK0_SK,2017-07-29,SK,롯데,H,Final,Win,4.0,1.0,문학,
20170729NCKT0_NC,2017-07-29,NC,KT,A,Final,Loss,3.0,4.0,수원,
20170729NCKT0_KT,2017-07-29,KT,NC,H,Final,Win,4.0,3.0,수원,
20170729SSWO0_삼성,2017-07-29,삼성,넥센,A,Final,Loss,1.0,14.0,고척,
20170729SSWO0_넥센,2017-07-29,넥센,삼성,H,Final,Win,14.0,1.0,고척,
20170730LGHH0_LG,2017-07-30,LG,한화,A,Final,Win,9.0,3.0,한밭,
20170730LGHH0_한화,2017-07-30,한화,LG,H,Final,Loss,3.0,9.0,한밭,
20170730HTOB0_KIA,2017-07-30,KIA,두산,A,Final,Loss,4.0,6.0,잠실,
20170730HTOB0_두산,2017-07-30,두산,KIA,H,Final,Win,6.0,4.0,잠실,
20170730LTSK0_롯데,2017-07-30,롯데,SK,A,Final,Win,3.0,2.0,문학,
20170730LTSK0_SK,2017-07-30,SK,롯데,H,Final,Loss,2.0,3.0,문학,
20170730NCKT0_NC,2017-07-30,NC,KT,A,Final,Win,8.0,3.0,수원,
20170730NCKT0_KT,2017-07-30,KT,NC,H,Final,Loss,3.0,8.0,수원,
20170730SSWO0_삼성,2017-07-30,삼성,넥센,A,Final,Loss,4.0,9.0,고척,
20170730SSWO0_넥센,2017-07-30,넥센,삼성,H,Final,Win,9.0,4.0,고척,
20170801HHNC0_한화,2017-08-01,한화,NC,A,Final,Loss,6.0,7.0,마산,
20170801HHNC0_NC,2017-08-01,NC,한화,H,Final,Win,7.0,6.0,마산,
20170801LTLG0_롯데,2017-08-01,롯데,LG,A,Final,Loss,0.0,2.0,잠실,
20170801LTLG0_LG,2017-08-01,LG,롯데,H,Final,Win,2.0,0.0,잠실,
20170801OBSS0_두산,2017-08-01,두산,삼성,A,Final,Win,12.0,5.0,대구,
20170801OBSS0_삼성,2017-08-01,삼성,두산,H,Final,Loss,5.0,12.0,대구,
20170801KTHT0_KT,2017-08-01,KT,KIA,A,Final,Win,15.0,7.0,광주,
20170801KTHT0_KIA,2017-08-01,KIA,KT,H,Final,Loss,7.0,15.0,광주,
20170801SKWO0_SK,2017-08-01,SK,넥센,A,Final,Loss,0.0,3.0,고척,
20170801SKWO0_넥센,2017-08-01,넥센,SK,H,Final,Win,3.0,0.0,고척,
20170802HHNC0_한화,2017-08-02,한화,NC,A,Final,Win,6.0,2.0,마산,
20170802HHNC0_NC,2017-08-02,NC,한화,H,Final,Loss,2.0,6.0,마산,
20170802LTLG0_롯데,2017-08-02,롯데,LG,A,Final,Loss,4.0,5.0,잠실,
20170802LTLG0_LG,2017-08-02,LG,롯데,H,Final,Win,5.0,4.0,잠실,
20170802OBSS0_두산,2017-08-02,두산,삼성,A,Final,Win,5.0,2.0,대구,
20170802OBSS0_삼성,2017-08-02,삼성,두산,H,Final,Loss,2.0,5.0,대구,
20170802SKWO0_SK,2017-08-02,SK,넥센,A,Final,Loss,4.0,5.0,고척,
20170802SKWO0_넥센,2017-08-02,넥센,SK,H,Final,Win,5.0,4.0,고척,
20170803HHNC0_한화,2017-08-03,한화,NC,A,Final,Loss,2.0,10.0,마산,
20170803HHNC0_NC,2017-08-03,NC,한화,H,Final,Win,10.0,2.0,마산,
20170803LTLG0_롯데,2017-08-03,롯데,LG,A,Final,Loss,6.0,9.0,잠실,
20170803LTLG0_LG,2017-08-03,LG,롯데,H,Final,Win,9.0,6.0,잠실,
20170803OBSS0_두산,2017-08-03,두산,삼성,A,Final,Win,14.0,4.0,대구,
20170803OBSS0_삼성,2017-08-03,삼성,두산,H,Final,Loss,4.0,14.0,대구,
20170803KTHT0_KT,2017-08-03,KT,KIA,A,Final,Loss,3.0,9.0,광주,
20170803KTHT0_KIA,2017-08-03,KIA,KT,H,Final,Win,9.0,3.0,광주,
20170803SKWO0_SK,2017-08-03,SK,넥센,A,Final,Loss,3.0,11.0,고척,
20170803SKWO0_넥센,2017-08-03,넥센,SK,H,Final,Win,11.0,3.0,고척,
20170804HTHH0_KIA,2017-08-04,KIA,한화,A,Final,Loss,3.0,7.0,한밭,
20170804HTHH0_한화,2017-08-04,한화,KIA,H,Final,Win,7.0,3.0,한밭,
20170804SSNC0_삼성,2017-08-04,삼성,NC,A,Final,Win,4.0,3.0,마산,
20170804SSNC0_NC,2017-08-04,NC,삼성,H,Final,Loss,3.0,4.0,마산,
20170804OBLG0_두산,2017-08-04,두산,LG,A,Final,Win,11.0,4.0,잠실,
20170804OBLG0_LG,2017-08-04,LG,두산,H,Final,Loss,4.0,11.0,잠실,
20170804WOLT0_넥센,2017-08-04,넥센,롯데,A,Final,Loss,8.0,10.0,사직,
20170804WOLT0_롯데,2017-08-04,롯데,넥센,H,Final,Win,10.0,8.0,사직,
20170804SKKT0_SK,2017-08-04,SK,KT,A,Final,Win,6.0,5.0,수원,
20170804SKKT0_KT,2017-08-04,KT,SK,H,Final,Loss,5.0,6.0,수원,
20170805HTHH0_KIA,2017-08-05,KIA,한화,A,Final,Win,7.0,1.0,한밭,
20170805HTHH0_한화,2017-08-05,한화,KIA,H,Final,Loss,1.0,7.0,한밭,
20170805SSNC0_삼성,2017-08-05,삼성,NC,A,Final,Win,9.0,3.0,마산,
20170805SSNC0_NC,2017-08-05,NC,삼성,H,Final,Loss,3.0,9.0,마산,
20170805OBLG0_두산,2017-08-05,두산,LG,A,Final,Win,2.0,1.0,잠실,
20170805OBLG0_LG,2017-08-05,LG,두산,H,Final,Loss,1.0,2.0,잠실,
20170805WOLT0_넥센,2017-08-05,넥센,롯데,A,Final,Loss,4.0,5.0,사직,
20170805WOLT0_롯데,2017-08-05,롯데,넥센,H,Final,Win,5.0,4.0,사직,
20170805SKKT0_SK,2017-08-05,SK,KT,A,Final,Loss,3.0,4.0,수원,
20170805SKKT0_KT,2017-08-05,KT,SK,H,Final,Win,4.0,3.0,수원,
20170806SSNC0_삼성,2017-08-06,삼성,NC,A,Final,Loss,1.0,4.0,마산,
20170806SSNC0_NC,2017-08-06,NC,삼성,H,Final,Win,4.0,1.0,마산,
20170806OBLG0_두산,2017-08-06,두산,LG,A,Final,Win,10.0,3.0,잠실,
20170806OBLG0_LG,2017-08-06,LG,두산,H,Final,Loss,3.0,10.0,잠실,
20170806WOLT0_넥센,2017-08-06,넥센,롯데,A,Final,Loss,4.0,6.0,사직,
20170806WOLT0_롯데,2017-08-06,롯데,넥센,H,Final,Win,6.0,4.0,사직,
20170806SKKT0_SK,2017-08-06,SK,KT,A,Final,Loss,3.0,6.0,수원,
20170806SKKT0_KT,2017-08-06,KT,SK,H,Final,Win,6.0,3.0,수원,
20170808HHOB0_한화,2017-08-08,한화,두산,A,Final,Loss,1.0,8.0,잠실,
20170808HHOB0_두산,2017-08-08,두산,한화,H,Final,Win,8.0,1.0,잠실,
20170808LGSS0_LG,2017-08-08,LG,삼성,A,Final,Win,10.0,8.0,대구,
20170808LGSS0_삼성,2017-08-08,삼성,LG,H,Final,Loss,8.0,10.0,대구,
20170808KTLT0_KT,2017-08-08,KT,롯데,A,Final,Loss,4.0,5.0,사직,
20170808KTLT0_롯데,2017-08-08,롯데,KT,H,Final,Win,5.0,4.0,사직,
20170808NCSK0_NC,2017-08-08,NC,SK,A,Final,Loss,0.0,4.0,문학,
20170808NCSK0_SK,2017-08-08,SK,NC,H,Final,Win,4.0,0.0,문학,
20170808WOHT0_넥센,2017-08-08,넥센,KIA,A,Final,Win,5.0,3.0,광주,
20170808WOHT0_KIA,2017-08-08,KIA,넥센,H,Final,Loss,3.0,5.0,광주,
20170809HHOB0_한화,2017-08-09,한화,두산,A,Final,Win,12.0,6.0,잠실,
20170809HHOB0_두산,2017-08-09,두산,한화,H,Final,Loss,6.0,12.0,잠실,
20170809LGSS0_LG,2017-08-09,LG,삼성,A,Final,Loss,4.0,7.0,대구,
20170809LGSS0_삼성,2017-08-09,삼성,LG,H,Final,Win,7.0,4.0,대구,
20170809KTLT0_KT,2017-08-09,KT,롯데,A,Final,Loss,6.0,7.0,사직,
20170809KTLT0_롯데,2017-08-09,롯데,KT,H,Final,Win,7.0,6.0,사직,
20170809NCSK0_NC,2017-08-09,NC,SK,A,Final,Win,10.0,5.0,문학,
20170809NCSK0_SK,2017-08-09,SK,NC,H,Final,Loss,5.0,10.0,문학,
20170809WOHT0_넥센,2017-08-09,넥센,KIA,A,Final,Loss,1.0,10.0,광주,
20170809WOHT0_KIA,2017-08-09,KIA,넥센,H,Final,Win,10.0,1.0,광주,
20170810LTNC0_롯데,2017-08-10,롯데,NC,A,Final,Loss,2.0,3.0,마산,
20170810LTNC0_NC,2017-08-10,NC,롯데,H,Final,Win,3.0,2.0,마산,
20170810SKLG0_SK,2017-08-10,SK,LG,A,Final,Win,2.0,1.0,잠실,
20170810SKLG0_LG,2017-08-10,LG,SK,H,Final,Loss,1.0,2.0,잠실,
20170810OBWO0_두산,2017-08-10,두산,넥센,A,Final,Win,7.0,4.0,고척,
20170810OBWO0_넥센,2017-08-10,넥센,두산,H,Final,Loss,4.0,7.0,고척,
20170811LTNC0_롯데,2017-08-11,롯데,NC,A,Final,Win,5.0,3.0,마산,
20170811LTNC0_NC,2017-08-11,NC,롯데,H,Final,Loss,3.0,5.0,마산,
20170811SSHH0_삼성,2017-08-11,삼성,한화,A,Final,Loss,3.0,8.0,한밭,
20170811SSHH0_한화,2017-08-11,한화,삼성,H,Final,Win,8.0,3.0,한밭,
20170811SKLG0_SK,2017-08-11,SK,LG,A,Final,Loss,2.0,6.0,잠실,
20170811SKLG0_LG,2017-08-11,LG,SK,H,Final,Win,6.0,2.0,잠실,
20170811HTKT0_KIA,2017-08-11,KIA,KT,A,Final,Loss,8.0,9.0,수원,
20170811HTKT0_KT,2017-08-11,KT,KIA,H,Final,Win,9.0,8.0,수원,
20170811OBWO0_두산,2017-08-11,두산,넥센,A,Final,Loss,3.0,6.0,고척,
20170811OBWO0_넥센,2017-08-11,넥센,두산,H,Final,Win,6.0,3.0,고척,
20170812NCOB0_NC,2017-08-12,NC,두산,A,Final,Loss,0.0,3.0,잠실,
20170812NCOB0_두산,2017-08-12,두산,NC,H,Final,Win,3.0,0.0,잠실,
20170812LTSS0_롯데,2017-08-12,롯데,삼성,A,Final,Loss,7.0,13.0,대구,
20170812LTSS0_삼성,2017-08-12,삼성,롯데,H,Final,Win,13.0,7.0,대구,
20170812KTSK0_KT,2017-08-12,KT,SK,A,Final,Loss,3.0,8.0,문학,
20170812KTSK0_SK,2017-08-12,SK,KT,H,Final,Win,8.0,3.0,문학,
20170812LGHT0_LG,2017-08-12,LG,KIA,A,Final,Loss,10.0,11.0,광주,
20170812LGHT0_KIA,2017-08-12,KIA,LG,H,Final,Win,11.0,10.0,광주,
20170812HHWO0_한화,2017-08-12,한화,넥센,A,Final,Win,6.0,1.0,고척,
20170812HHWO0_넥센,2017-08-12,넥센,한화,H,Final,Loss,1.0,6.0,고척,
20170813NCOB0_NC,2017-08-13,NC,두산,A,Final,Loss,1.0,2.0,잠실,
20170813NCOB0_두산,2017-08-13,두산,NC,H,Final,Win,2.0,1.0,잠실,
20170813LTSS0_롯데,2017-08-13,롯데,삼성,A,Final,Win,9.0,7.0,대구,
20170813LTSS0_삼성,2017-08-13,삼성,롯데,H,Final,Loss,7.0,9.0,대구,
20170813KTSK0_KT,2017-08-13,KT,SK,A,Final,Win,11.0,3.0,문학,
20170813KTSK0_SK,2017-08-13,SK,KT,H,Final,Loss,3.0,11.0,문학,
20170813HHWO0_한화,2017-08-13,한화,넥센,A,Final,Loss,1.0,9.0,고척,
20170813HHWO0_넥센,2017-08-13,넥센,한화,H,Final,Win,9.0,1.0,고척,
20170815OBLT0_두산,2017-08-15,두산,롯데,A,Final,Loss,6.0,8.0,사직,
20170815OBLT0_롯데,2017-08-15,롯데,두산,H,Final,Win,8.0,6.0,사직,
20170815NCHT0_NC,2017-08-15,NC,KIA,A,Final,Loss,2.0,4.0,광주,
20170815NCHT0_KIA,2017-08-15,KIA,NC,H,Final,Win,4.0,2.0,광주,
20170816SKHH0_SK,2017-08-16,SK,한화,A,Final,Loss,5.0,8.0,한밭,
20170816SKHH0_한화,2017-08-16,한화,SK,H,Final,Win,8.0,5.0,한밭,
20170816KTLG0_KT,2017-08-16,KT,LG,A,Final,Loss,1.0,2.0,잠실,
20170816KTLG0_LG,2017-08-16,LG,KT,H,Final,Win,2.0,1.0,잠실,
20170816WOSS0_넥센,2017-08-16,넥센,삼성,A,Final,Win,6.0,5.0,대구,
20170816WOSS0_삼성,2017-08-16,삼성,넥센,H,Final,Loss,5.0,6.0,대구,
20170816OBLT0_두산,2017-08-16,두산,롯데,A,Final,Loss,2.0,4.0,사직,
20170816OBLT0_롯데,2017-08-16,롯데,두산,H,Final,Win,4.0,2.0,사직,
20170816NCHT0_NC,2017-08-16,NC,KIA,A,Final,Loss,3.0,4.0,광주,
20170816NCHT0_KIA,2017-08-16,KIA,NC,H,Final,Win,4.0,3.0,광주,
20170817HHNC0_한화,2017-08-17,한화,NC,A,Final,Loss,1.0,3.0,마산,
20170817HHNC0_NC,2017-08-17,NC,한화,H,Final,Win,3.0,1.0,마산,
20170817HTOB0_KIA,2017-08-17,KIA,두산,A,Final,Loss,1.0,4.0,잠실,
20170817HTOB0_두산,2017-08-17,두산,KIA,H,Final,Win,4.0,1.0,잠실,
20170817LGSK0_LG,2017-08-17,LG,SK,A,Final,Loss,1.0,6.0,문학,
20170817LGSK0_SK,2017-08-17,SK,LG,H,Final,Win,6.0,1.0,문학,
20170817SSKT0_삼성,2017-08-17,삼성,KT,A,Final,Win,6.0,4.0,수원,
20170817SSKT0_KT,2017-08-17,KT,삼성,H,Final,Loss,4.0,6.0,수원,
20170817LTWO0_롯데,2017-08-17,롯데,넥센,A,Final,Win,5.0,3.0,고척,
20170817LTWO0_넥센,2017-08-17,넥센,롯데,H,Final,Loss,3.0,5.0,고척,
20170818HHNC0_한화,2017-08-18,한화,NC,A,Final,Win,14.0,9.0,마산,
20170818HHNC0_NC,2017-08-18,NC,한화,H,Final,Loss,9.0,14.0,마산,
20170818HTOB0_KIA,2017-08-18,KIA,두산,A,Final,Loss,1.0,2.0,잠실,
20170818HTOB0_두산,2017-08-18,두산,KIA,H,Final,Win,2.0,1.0,잠실,
20170818LGSK0_LG,2017-08-18,LG,SK,A,Final,Loss,2.0,8.0,문학,
20170818LGSK0_SK,2017-08-18,SK,LG,H,Final,Win,8.0,2.0,문학,
20170818SSKT0_삼성,2017-08-18,삼성,KT,A,Final,Win,5.0,1.0,수원,
20170818SSKT0_KT,2017-08-18,KT,삼성,H,Final,Loss,1.0,5.0,수원,
20170818LTWO0_롯데,2017-08-18,롯데,넥센,A,Final,Win,8.0,5.0,고척,
20170818LTWO0_넥센,2017-08-18,넥센,롯데,H,Final,Loss,5.0,8.0,고척,
20170819LTHH0_롯데,2017-08-19,롯데,한화,A,Final,Loss,0.0,2.0,한밭,
20170819LTHH0_한화,2017-08-19,한화,롯데,H,Final,Win,2.0,0.0,한밭,
20170819SSLG0_삼성,2017-08-19,삼성,LG,A,Final,Loss,4.0,6.0,잠실,
20170819SSLG0_LG,2017-08-19,LG,삼성,H,Final,Win,6.0,4.0,잠실,
20170819SKHT0_SK,2017-08-19,SK,KIA,A,Final,Win,13.0,1.0,광주,
20170819SKHT0_KIA,2017-08-19,KIA,SK,H,Final,Loss,1.0,13.0,광주,
20170819OBKT0_두산,2017-08-19,두산,KT,A,Final,Win,10.0,4.0,수원,
20170819OBKT0_KT,2017-08-19,KT,두산,H,Final,Loss,4.0,10.0,수원,
20170819NCWO0_NC,2017-08-19,NC,넥센,A,Final,Loss,3.0,4.0,고척,
20170819NCWO0_넥센,2017-08-19,넥센,NC,H,Final,Win,4.0,3.0,고척,
20170820LTHH0_롯데,2017-08-20,롯데,한화,A,Final,Win,4.0,3.0,한밭,
20170820LTHH0_한화,2017-08-20,한화,롯데,H,Final,Loss,3.0,4.0,한밭,
20170820OBKT0_두산,2017-08-20,두산,KT,A,Final,Loss,1.0,2.0,수원,
20170820OBKT0_KT,2017-08-20,KT,두산,H,Final,Win,2.0,1.0,수원,
20170820NCWO0_NC,2017-08-20,NC,넥센,A,Final,Win,4.0,3.0,고척,
20170820NCWO0_넥센,2017-08-20,넥센,NC,H,Final,Loss,3.0,4.0,고척,
20170822NCLG0_NC,2017-08-22,NC,LG,A,Final,Win,4.0,3.0,잠실,
20170822NCLG0_LG,2017-08-22,LG,NC,H,Final,Loss,3.0,4.0,잠실,
20170822OBSK0_두산,2017-08-22,두산,SK,A,Final,Win,10.0,6.0,문학,
20170822OBSK0_SK,2017-08-22,SK,두산,H,Final,Loss,6.0,10.0,문학,
20170822LTHT0_롯데,2017-08-22,롯데,KIA,A,Final,Win,7.0,3.0,광주,
20170822LTHT0_KIA,2017-08-22,KIA,롯데,H,Final,Loss,3.0,7.0,광주,
20170822HHKT0_한화,2017-08-22,한화,KT,A,Final,Win,3.0,2.0,수원,
20170822HHKT0_KT,2017-08-22,KT,한화,H,Final,Loss,2.0,3.0,수원,
20170822SSWO0_삼성,2017-08-22,삼성,넥센,A,Final,Loss,5.0,11.0,고척,
20170822SSWO0_넥센,2017-08-22,넥센,삼성,H,Final,Win,11.0,5.0,고척,
20170823NCLG0_NC,2017-08-23,NC,LG,A,Final,Loss,3.0,9.0,잠실,
20170823NCLG0_LG,2017-08-23,LG,NC,H,Final,Win,9.0,3.0,잠실,
20170823OBSK0_두산,2017-08-23,두산,SK,A,Final,Win,4.0,1.0,문학,
20170823OBSK0_SK,2017-08-23,SK,두산,H,Final,Loss,1.0,4.0,문학,
20170823LTHT0_롯데,2017-08-23,롯데,KIA,A,Final,Win,7.0,5.0,광주,
20170823LTHT0_KIA,2017-08-23,KIA,롯데,H,Final,Loss,5.0,7.0,광주,
20170823HHKT0_한화,2017-08-23,한화,KT,A,Final,Win,10.0,9.0,수원,
20170823HHKT0_KT,2017-08-23,KT,한화,H,Final,Loss,9.0,10.0,수원,
20170823SSWO0_삼성,2017-08-23,삼성,넥센,A,Final,Loss,1.0,5.0,고척,
20170823SSWO0_넥센,2017-08-23,넥센,삼성,H,Final,Win,5.0,1.0,고척,
20170824KTNC0_KT,2017-08-24,KT,NC,A,Final,Loss,1.0,7.0,마산,
20170824KTNC0_NC,2017-08-24,NC,KT,H,Final,Win,7.0,1.0,마산,
20170824WOOB0_넥센,2017-08-24,넥센,두산,A,Final,Loss,5.0,6.0,잠실,
20170824WOOB0_두산,2017-08-24,두산,넥센,H,Final,Win,6.0,5.0,잠실,
20170824SKSS0_SK,2017-08-24,SK,삼성,A,Final,Win,9.0,7.0,대구,
20170824SKSS0_삼성,2017-08-24,삼성,SK,H,Final,Loss,7.0,9.0,대구,
20170824LGLT0_LG,2017-08-24,LG,롯데,A,Final,Loss,0.0,11.0,사직,
20170824LGLT0_롯데,2017-08-24,롯데,LG,H,Final,Win,11.0,0.0,사직,
20170825HTHH0_KIA,2017-08-25,KIA,한화,A,Final,Loss,3.0,6.0,한밭,
20170825HTHH0_한화,2017-08-25,한화,KIA,H,Final,Win,6.0,3.0,한밭,
20170825KTNC0_KT,2017-08-25,KT,NC,A,Final,Loss,5.0,7.0,마산,
20170825KTNC0_NC,2017-08-25,NC,KT,H,Final,Win,7.0,5.0,마산,
20170825WOOB0_넥센,2017-08-25,넥센,두산,A,Final,Loss,3.0,4.0,잠실,
20170825WOOB0_두산,2017-08-25,두산,넥센,H,Final,Win,4.0,3.0,잠실,
20170825SKSS0_SK,2017-08-25,SK,삼성,A,Final,Win,7.0,5.0,대구,
20170825SKSS0_삼성,2017-08-25,삼성,SK,H,Final,Loss,5.0,7.0,대구,
20170825LGLT0_LG,2017-08-25,LG,롯데,A,Final,Loss,2.0,8.0,사직,
20170825LGLT0_롯데,2017-08-25,롯데,LG,H,Final,Win,8.0,2.0,사직,
20170826HTNC0_KIA,2017-08-26,KIA,NC,A,Final,Win,8.0,7.0,마산,
20170826HTNC0_NC,2017-08-26,NC,KIA,H,Final,Loss,7.0,8.0,마산,
20170826LGOB0_LG,2017-08-26,LG,두산,A,Final,Loss,4.0,5.0,잠실,
20170826LGOB0_두산,2017-08-26,두산,LG,H,Final,Win,5.0,4.0,잠실,
20170826KTSS0_KT,2017-08-26,KT,삼성,A,Final,Loss,8.0,14.0,대구,
20170826KTSS0_삼성,2017-08-26,삼성,KT,H,Final,Win,14.0,8.0,대구,
20170826WOLT0_넥센,2017-08-26,넥센,롯데,A,Final,Loss,1.0,6.0,사직,
20170826WOLT0_롯데,2017-08-26,롯데,넥센,H,Final,Win,6.0,1.0,사직,
20170826HHSK0_한화,2017-08-26,한화,SK,A,Final,Loss,1.0,2.0,문학,
20170826HHSK0_SK,2017-08-26,SK,한화,H,Final,Win,2.0,1.0,문학,
20170827HTNC0_KIA,2017-08-27,KIA,NC,A,Final,Loss,4.0,5.0,마산,
20170827HTNC0_NC,2017-08-27,NC,KIA,H,Final,Win,5.0,4.0,마산,
20170827KTSS0_KT,2017-08-27,KT,삼성,A,Final,Win,3.0,2.0,대구,
20170827KTSS0_삼성,2017-08-27,삼성,KT,H,Final,Loss,2.0,3.0,대구,
20170827WOLT0_넥센,2017-08-27,넥센,롯데,A,Final,Win,9.0,8.0,사직,
20170827WOLT0_롯데,2017-08-27,롯데,넥센,H,Final,Loss,8.0,9.0,사직,
20170827HHSK0_한화,2017-08-27,한화,SK,A,Final,Loss,2.0,4.0,문학,
20170827HHSK0_SK,2017-08-27,SK,한화,H,Final,Win,4.0,2.0,문학,
20170829LGHH0_LG,2017-08-29,LG,한화,A,Final,Loss,4.0,8.0,한밭,
20170829LGHH0_한화,2017-08-29,한화,LG,H,Final,Win,8.0,4.0,한밭,
20170829LTOB0_롯데,2017-08-29,롯데,두산,A,Final,Loss,5.0,7.0,잠실,
20170829LTOB0_두산,2017-08-29,두산,롯데,H,Final,Win,7.0,5.0,잠실,
20170829HTSS0_KIA,2017-08-29,KIA,삼성,A,Final,Win,10.0,9.0,대구,
20170829HTSS0_삼성,2017-08-29,삼성,KIA,H,Final,Loss,9.0,10.0,대구,
20170829NCKT0_NC,2017-08-29,NC,KT,A,Final,Win,13.0,2.0,수원,
20170829NCKT0_KT,2017-08-29,KT,NC,H,Final,Loss,2.0,13.0,수원,
20170829SKWO0_SK,2017-08-29,SK,넥센,A,Final,Loss,4.0,8.0,고척,
20170829SKWO0_넥센,2017-08-29,넥센,SK,H,Final,Win,8.0,4.0,고척,
20170830LGHH0_LG,2017-08-30,LG,한화,A,Final,Win,6.0,5.0,한밭,
20170830LGHH0_한화,2017-08-30,한화,LG,H,Final,Loss,5.0,6.0,한밭,
20170830LTOB0_롯데,2017-08-30,롯데,두산,A,Final,Win,5.0,2.0,잠실,
20170830LTOB0_두산,2017-08-30,두산,롯데,H,Final,Loss,2.0,5.0,잠실,
20170830HTSS0_KIA,2017-08-30,KIA,삼성,A,Final,Win,5.0,1.0,대구,
20170830HTSS0_삼성,2017-08-30,삼성,KIA,H,Final,Loss,1.0,5.0,대구,
20170830NCKT0_NC,2017-08-30,NC,KT,A,Final,Loss,5.0,9.0,수원,
20170830NCKT0_KT,2017-08-30,KT,NC,H,Final,Win,9.0,5.0,수원,
20170830SKWO0_SK,2017-08-30,SK,넥센,A,Final,Loss,0.0,10.0,고척,
20170830SKWO0_넥센,2017-08-30,넥센,SK,H,Final,Win,10.0,0.0,고척,
20170831KTHH0_KT,2017-08-31,KT,한화,A,Final,Loss,1.0,10.0,한밭,
20170831KTHH0_한화,2017-08-31,한화,KT,H,Final,Win,10.0,1.0,한밭,
20170831WOLG0_넥센,2017-08-31,넥센,LG,A,Final,Win,5.0,3.0,잠실,
20170831WOLG0_LG,2017-08-31,LG,넥센,H,Final,Loss,3.0,5.0,잠실,
20170831NCLT0_NC,2017-08-31,NC,롯데,A,Final,Loss,5.0,8.0,사직,
20170831NCLT0_롯데,2017-08-31,롯데,NC,H,Final,Win,8.0,5.0,사직,
20170831SSSK0_삼성,2017-08-31,삼성,SK,A,Final,Loss,4.0,5.0,문학,
20170831SSSK0_SK,2017-08-31,SK,삼성,H,Final,Win,5.0,4.0,문학,
20170831OBHT0_두산,2017-08-31,두산,KIA,A,Final,Loss,4.0,9.0,광주,
20170831OBHT0_KIA,2017-08-31,KIA,두산,H,Final,Win,9.0,4.0,광주,
20170901KTHH0_KT,2017-09-01,KT,한화,A,Final,Win,6.0,1.0,한밭,
20170901KTHH0_한화,2017-09-01,한화,KT,H,Final,Loss,1.0,6.0,한밭,
20170901WOLG0_넥센,2017-09-01,넥센,LG,A,Final,Loss,2.0,6.0,잠실,
20170901WOLG0_LG,2017-09-01,LG,넥센,H,Final,Win,6.0,2.0,잠실,
20170901NCLT0_NC,2017-09-01,NC,롯데,A,Final,Loss,1.0,6.0,사직,
20170901NCLT0_롯데,2017-09-01,롯데,NC,H,Final,Win,6.0,1.0,사직,
20170901SSSK0_삼성,2017-09-01,삼성,SK,A,Final,Loss,7.0,8.0,문학,
20170901SSSK0_SK,2017-09-01,SK,삼성,H,Final,Win,8.0,7.0,문학,
20170901OBHT0_두산,2017-09-01,두산,KIA,A,Final,Loss,3.0,5.0,광주,
20170901OBHT0_KIA,2017-09-01,KIA,두산,H,Final,Win,5.0,3.0,광주,
20170902LGNC0_LG,2017-09-02,LG,NC,A,Final,Loss,0.0,6.0,마산,
20170902LGNC0_NC,2017-09-02,NC,LG,H,Final,Win,6.0,0.0,마산,
20170902SSOB0_삼성,2017-09-02,삼성,두산,A,Final,Win,3.0,2.0,잠실,
20170902SSOB0_두산,2017-09-02,두산,삼성,H,Final,Loss,2.0,3.0,잠실,
20170902HHLT0_한화,2017-09-02,한화,롯데,A,Final,Loss,0.0,9.0,사직,
20170902HHLT0_롯데,2017-09-02,롯데,한화,H,Final,Win,9.0,0.0,사직,
20170902SKKT0_SK,2017-09-02,SK,KT,A,Final,Win,15.0,7.0,수원,
20170902SKKT0_KT,2017-09-02,KT,SK,H,Final,Loss,7.0,15.0,수원,
20170902HTWO0_KIA,2017-09-02,KIA,넥센,A,Final,Win,7.0,4.0,고척,
20170902HTWO0_넥센,2017-09-02,넥센,KIA,H,Final,Loss,4.0,7.0,고척,
20170903LGNC0_LG,2017-09-03,LG,NC,A,Final,Loss,0.0,5.0,마산,
20170903LGNC0_NC,2017-09-03,NC,LG,H,Final,Win,5.0,0.0,마산,
20170903SSOB0_삼성,2017-09-03,삼성,두산,A,Final,Loss,1.0,7.0,잠실,
20170903SSOB0_두산,2017-09-03,두산,삼성,H,Final,Win,7.0,1.0,잠실,
20170903HHLT0_한화,2017-09-03,한화,롯데,A,Final,Loss,2.0,7.0,사직,
20170903HHLT0_롯데,2017-09-03,롯데,한화,H,Final,Win,7.0,2.0,사직,
20170903SKKT0_SK,2017-09-03,SK,KT,A,Final,Loss,5.0,13.0,수원,
20170903SKKT0_KT,2017-09-03,KT,SK,H,Final,Win,13.0,5.0,수원,
20170903HTWO0_KIA,2017-09-03,KIA,넥센,A,Final,Loss,7.0,8.0,고척,
20170903HTWO0_넥센,2017-09-03,넥센,KIA,H,Final,Win,8.0,7.0,고척,
20170905OBHH0_두산,2017-09-05,두산,한화,A,Final,Loss,4.0,6.0,한밭,
20170905OBHH0_한화,2017-09-05,한화,두산,H,Final,Win,6.0,4.0,한밭,
20170905HTLG0_KIA,2017-09-05,KIA,LG,A,Final,Loss,3.0,4.0,잠실,
20170905HTLG0_LG,2017-09-05,LG,KIA,H,Final,Win,4.0,3.0,잠실,
20170905NCSS0_NC,2017-09-05,NC,삼성,A,Final,Loss,3.0,9.0,대구,
20170905NCSS0_삼성,2017-09-05,삼성,NC,H,Final,Win,9.0,3.0,대구,
20170905LTSK0_롯데,2017-09-05,롯데,SK,A,Final,Loss,2.0,6.0,문학,
20170905LTSK0_SK,2017-09-05,SK,롯데,H,Final,Win,6.0,2.0,문학,
20170905WOKT0_넥센,2017-09-05,넥센,KT,A,Final,Loss,1.0,5.0,수원,
20170905WOKT0_KT,2017-09-05,KT,넥센,H,Final,Win,5.0,1.0,수원,
20170906OBHH0_두산,2017-09-06,두산,한화,A,Final,Win,13.0,9.0,한밭,
20170906OBHH0_한화,2017-09-06,한화,두산,H,Final,Loss,9.0,13.0,한밭,
20170906HTLG0_KIA,2017-09-06,KIA,LG,A,Final,Loss,0.0,6.0,잠실,
20170906HTLG0_LG,2017-09-06,LG,KIA,H,Final,Win,6.0,0.0,잠실,
20170906WOKT0_넥센,2017-09-06,넥센,KT,A,Final,Loss,4.0,5.0,수원,
20170906WOKT0_KT,2017-09-06,KT,넥센,H,Final,Win,5.0,4.0,수원,
20170907SKNC0_SK,2017-09-07,SK,NC,A,Final,Loss,3.0,4.0,마산,
20170907SKNC0_NC,2017-09-07,NC,SK,H,Final,Win,4.0,3.0,마산,
20170907KTOB0_KT,2017-09-07,KT,두산,A,Final,Win,7.0,3.0,잠실,
20170907KTOB0_두산,2017-09-07,두산,KT,H,Final,Loss,3.0,7.0,잠실,
20170907SSLT0_삼성,2017-09-07,삼성,롯데,A,Final,Win,6.0,5.0,사직,
20170907SSLT0_롯데,2017-09-07,롯데,삼성,H,Final,Loss,5.0,6.0,사직,
20170907HHHT0_한화,2017-09-07,한화,KIA,A,Final,Win,11.0,2.0,광주,
20170907HHHT0_KIA,2017-09-07,KIA,한화,H,Final,Loss,2.0,11.0,광주,
20170908SKNC0_SK,2017-09-08,SK,NC,A,Final,Loss,2.0,4.0,마산,
20170908SKNC0_NC,2017-09-08,NC,SK,H,Final,Win,4.0,2.0,마산,
20170908KTOB0_KT,2017-09-08,KT,두산,A,Final,Loss,2.0,3.0,잠실,
20170908KTOB0_두산,2017-09-08,두산,KT,H,Final,Win,3.0,2.0,잠실,
20170908SSLT0_삼성,2017-09-08,삼성,롯데,A,Final,Loss,5.0,6.0,사직,
20170908SSLT0_롯데,2017-09-08,롯데,삼성,H,Final,Win,6.0,5.0,사직,
20170908HHHT0_한화,2017-09-08,한화,KIA,A,Final,Loss,5.0,9.0,광주,
20170908HHHT0_KIA,2017-09-08,KIA,한화,H,Final,Win,9.0,5.0,광주,
20170908LGWO0_LG,2017-09-08,LG,넥센,A,Final,Win,10.0,9.0,고척,
20170908LGWO0_넥센,2017-09-08,넥센,LG,H,Final,Loss,9.0,10.0,고척,
20170909NCHH0_NC,2017-09-09,NC,한화,A,Final,Loss,3.0,6.0,한밭,
20170909NCHH0_한화,2017-09-09,한화,NC,H,Final,Win,6.0,3.0,한밭,
20170909OBLG0_두산,2017-09-09,두산,LG,A,Final,Loss,3.0,4.0,잠실,
20170909OBLG0_LG,2017-09-09,LG,두산,H,Final,Win,4.0,3.0,잠실,
20170909WOSK0_넥센,2017-09-09,넥센,SK,A,Final,Loss,1.0,2.0,문학,
20170909WOSK0_SK,2017-09-09,SK,넥센,H,Final,Win,2.0,1.0,문학,
20170909SSHT0_삼성,2017-09-09,삼성,KIA,A,Final,Loss,5.0,6.0,광주,
20170909SSHT0_KIA,2017-09-09,KIA,삼성,H,Final,Win,6.0,5.0,광주,
20170909LTKT0_롯데,2017-09-09,롯데,KT,A,Final,Loss,2.0,3.0,수원,
20170909LTKT0_KT,2017-09-09,KT,롯데,H,Final,Win,3.0,2.0,수원,
20170910NCHH0_NC,2017-09-10,NC,한화,A,Final,Win,11.0,5.0,한밭,
20170910NCHH0_한화,2017-09-10,한화,NC,H,Final,Loss,5.0,11.0,한밭,
20170910OBLG0_두산,2017-09-10,두산,LG,A,Final,Win,5.0,1.0,잠실,
20170910OBLG0_LG,2017-09-10,LG,두산,H,Final,Loss,1.0,5.0,잠실,
20170910WOSK0_넥센,2017-09-10,넥센,SK,A,Final,Loss,8.0,17.0,문학,
20170910WOSK0_SK,2017-09-10,SK,넥센,H,Final,Win,17.0,8.0,문학,
20170910SSHT0_삼성,2017-09-10,삼성,KIA,A,Final,Win,9.0,6.0,광주,
20170910SSHT0_KIA,2017-09-10,KIA,삼성,H,Final,Loss,6.0,9.0,광주,
20170910LTKT0_롯데,2017-09-10,롯데,KT,A,Final,Win,7.0,5.0,수원,
20170910LTKT0_KT,2017-09-10,KT,롯데,H,Final,Loss,5.0,7.0,수원,
20170912OBNC0_두산,2017-09-12,두산,NC,A,Final,Win,14.0,13.0,마산,
20170912OBNC0_NC,2017-09-12,NC,두산,H,Final,Loss,13.0,14.0,마산,
20170912LTLG0_롯데,2017-09-12,롯데,LG,A,Final,Win,2.0,1.0,잠실,
20170912LTLG0_LG,2017-09-12,LG,롯데,H,Final,Loss,1.0,2.0,잠실,
20170912HHSS0_한화,2017-09-12,한화,삼성,A,Final,Win,6.0,2.0,대구,
20170912HHSS0_삼성,2017-09-12,삼성,한화,H,Final,Loss,2.0,6.0,대구,
20170912HTSK0_KIA,2017-09-12,KIA,SK,A,Final,Win,6.0,2.0,문학,
20170912HTSK0_SK,2017-09-12,SK,KIA,H,Final,Loss,2.0,6.0,문학,
20170912KTWO0_KT,2017-09-12,KT,넥센,A,Final,Win,3.0,2.0,고척,
20170912KTWO0_넥센,2017-09-12,넥센,KT,H,Final,Loss,2.0,3.0,고척,
20170913OBNC0_두산,2017-09-13,두산,NC,A,Final,Win,13.0,3.0,마산,
20170913OBNC0_NC,2017-09-13,NC,두산,H,Final,Loss,3.0,13.0,마산,
20170913LTLG0_롯데,2017-09-13,롯데,LG,A,Final,Loss,1.0,3.0,잠실,
20170913LTLG0_LG,2017-09-13,LG,롯데,H,Final,Win,3.0,1.0,잠실,
20170913HHSS0_한화,2017-09-13,한화,삼성,A,Final,Loss,5.0,13.0,대구,
20170913HHSS0_삼성,2017-09-13,삼성,한화,H,Final,Win,13.0,5.0,대구,
20170913HTSK0_KIA,2017-09-13,KIA,SK,A,Final,Loss,10.0,15.0,문학,
20170913HTSK0_SK,2017-09-13,SK,KIA,H,Final,Win,15.0,10.0,문학,
20170913KTWO0_KT,2017-09-13,KT,넥센,A,Final,Loss,0.0,8.0,고척,
20170913KTWO0_넥센,2017-09-13,넥센,KT,H,Final,Win,8.0,0.0,고척,
20170914WOHH0_넥센,2017-09-14,넥센,한화,A,Final,Loss,2.0,10.0,한밭,
20170914WOHH0_한화,2017-09-14,한화,넥센,H,Final,Win,10.0,2.0,한밭,
20170914SKOB0_SK,2017-09-14,SK,두산,A,Final,Win,8.0,6.0,잠실,
20170914SKOB0_두산,2017-09-14,두산,SK,H,Final,Loss,6.0,8.0,잠실,
20170914HTLT0_KIA,2017-09-14,KIA,롯데,A,Final,Win,11.0,2.0,사직,
20170914HTLT0_롯데,2017-09-14,롯데,KIA,H,Final,Loss,2.0,11.0,사직,
20170914LGKT0_LG,2017-09-14,LG,KT,A,Final,Loss,11.0,12.0,수원,
20170914LGKT0_KT,2017-09-14,KT,LG,H,Final,Win,12.0,11.0,수원,
20170915SSNC0_삼성,2017-09-15,삼성,NC,A,Final,Win,11.0,3.0,마산,
20170915SSNC0_NC,2017-09-15,NC,삼성,H,Final,Loss,3.0,11.0,마산,
20170915WOHH0_넥센,2017-09-15,넥센,한화,A,Final,Loss,4.0,6.0,한밭,
20170915WOHH0_한화,2017-09-15,한화,넥센,H,Final,Win,6.0,4.0,한밭,
20170915SKOB0_SK,2017-09-15,SK,두산,A,Final,Win,5.0,0.0,잠실,
20170915SKOB0_두산,2017-09-15,두산,SK,H,Final,Loss,0.0,5.0,잠실,
20170915HTLT0_KIA,2017-09-15,KIA,롯데,A,Final,Loss,3.0,4.0,사직,
20170915HTLT0_롯데,2017-09-15,롯데,KIA,H,Final,Win,4.0,3.0,사직,
20170915LGKT0_LG,2017-09-15,LG,KT,A,Final,Loss,4.0,5.0,수원,
20170915LGKT0_KT,2017-09-15,KT,LG,H,Final,Win,5.0,4.0,수원,
20170916WONC0_넥센,2017-09-16,넥센,NC,A,Final,Loss,14.0,15.0,마산,
20170916WONC0_NC,2017-09-16,NC,넥센,H,Final,Win,15.0,14.0,마산,
20170916HHLG0_한화,2017-09-16,한화,LG,A,Final,Win,3.0,1.0,잠실,
20170916HHLG0_LG,2017-09-16,LG,한화,H,Final,Loss,1.0,3.0,잠실,
20170916OBSS0_두산,2017-09-16,두산,삼성,A,Final,Win,9.0,5.0,대구,
20170916OBSS0_삼성,2017-09-16,삼성,두산,H,Final,Loss,5.0,9.0,대구,
20170916SKLT0_SK,2017-09-16,SK,롯데,A,Final,Loss,1.0,6.0,사직,
20170916SKLT0_롯데,2017-09-16,롯데,SK,H,Final,Win,6.0,1.0,사직,
20170916KTHT0_KT,2017-09-16,KT,KIA,A,Final,Loss,3.0,17.0,광주,
20170916KTHT0_KIA,2017-09-16,KIA,KT,H,Final,Win,17.0,3.0,광주,
20170917WONC0_넥센,2017-09-17,넥센,NC,A,Final,Win,14.0,6.0,마산,
20170917WONC0_NC,2017-09-17,NC,넥센,H,Final,Loss,6.0,14.0,마산,
20170917HHLG0_한화,2017-09-17,한화,LG,A,Final,Loss,1.0,8.0,잠실,
20170917HHLG0_LG,2017-09-17,LG,한화,H,Final,Win,8.0,1.0,잠실,
20170917OBSS0_두산,2017-09-17,두산,삼성,A,Final,Win,21.0,8.0,대구,
20170917OBSS0_삼성,2017-09-17,삼성,두산,H,Final,Loss,8.0,21.0,대구,
20170917SKLT0_SK,2017-09-17,SK,롯데,A,Final,Loss,5.0,9.0,사직,
20170917SKLT0_롯데,2017-09-17,롯데,SK,H,Final,Win,9.0,5.0,사직,
20170917KTHT0_KT,2017-09-17,KT,KIA,A,Final,Loss,3.0,4.0,광주,
20170917KTHT0_KIA,2017-09-17,KIA,KT,H,Final,Win,4.0,3.0,광주,
20170919KTLG0_KT,2017-09-19,KT,LG,A,Final,Win,15.0,7.0,잠실,
20170919KTLG0_LG,2017-09-19,LG,KT,H,Final,Loss,7.0,15.0,잠실,
20170919OBLT0_두산,2017-09-19,두산,롯데,A,Final,Win,8.0,3.0,사직,
20170919OBLT0_롯데,2017-09-19,롯데,두산,H,Final,Loss,3.0,8.0,사직,
20170919SKHT0_SK,2017-09-19,SK,KIA,A,Final,Win,7.0,4.0,광주,
20170919SKHT0_KIA,2017-09-19,KIA,SK,H,Final,Loss,4.0,7.0,광주,
20170920OBNC0_두산,2017-09-20,두산,NC,A,Final,Win,3.0,2.0,마산,
20170920OBNC0_NC,2017-09-20,NC,두산,H,Final,Loss,2.0,3.0,마산,
20170920HHLG0_한화,2017-09-20,한화,LG,A,Final,Win,2.0,1.0,잠실,
20170920HHLG0_LG,2017-09-20,LG,한화,H,Final,Loss,1.0,2.0,잠실,
20170920SKHT0_SK,2017-09-20,SK,KIA,A,Final,Win,4.0,3.0,광주,
20170920SKHT0_KIA,2017-09-20,KIA,SK,H,Final,Loss,3.0,4.0,광주,
20170921LGSS0_LG,2017-09-21,LG,삼성,A,Final,Loss,4.0,8.0,대구,
20170921LGSS0_삼성,2017-09-21,삼성,LG,H,Final,Win,8.0,4.0,대구,
20170921WOKT0_넥센,2017-09-21,넥센,KT,A,Final,Win,5.0,3.0,수원,
20170921WOKT0_KT,2017-09-21,KT,넥센,H,Final,Loss,3.0,5.0,수원,
20170922LTHH0_롯데,2017-09-22,롯데,한화,A,Final,Win,2.0,0.0,한밭,
20170922LTHH0_한화,2017-09-22,한화,롯데,H,Final,Loss,0.0,2.0,한밭,
20170922LGSS0_LG,2017-09-22,LG,삼성,A,Final,Win,8.0,4.0,대구,
20170922LGSS0_삼성,2017-09-22,삼성,LG,H,Final,Loss,4.0,8.0,대구,
20170922OBHT0_두산,2017-09-22,두산,KIA,A,Final,Win,6.0,0.0,광주,
20170922OBHT0_KIA,2017-09-22,KIA,두산,H,Final,Loss,0.0,6.0,광주,
20170923LGNC0_LG,2017-09-23,LG,NC,A,Final,Win,11.0,9.0,마산,
20170923LGNC0_NC,2017-09-23,NC,LG,H,Final,Loss,9.0,11.0,마산,
20170923SSHH0_삼성,2017-09-23,삼성,한화,A,Final,Loss,7.0,8.0,한밭,
20170923SSHH0_한화,2017-09-23,한화,삼성,H,Final,Win,8.0,7.0,한밭,
20170923WOLT0_넥센,2017-09-23,넥센,롯데,A,Final,Loss,2.0,7.0,사직,
20170923WOLT0_롯데,2017-09-23,롯데,넥센,H,Final,Win,7.0,2.0,사직,
20170923KTHT0_KT,2017-09-23,KT,KIA,A,Final,Loss,3.0,8.0,광주,
20170923KTHT0_KIA,2017-09-23,KIA,KT,H,Final,Win,8.0,3.0,광주,
20170924LGNC0_LG,2017-09-24,LG,NC,A,Final,Loss,3.0,4.0,마산,
20170924LGNC0_NC,2017-09-24,NC,LG,H,Final,Win,4.0,3.0,마산,
20170924KTOB0_KT,2017-09-24,KT,두산,A,Final,Loss,4.0,6.0,잠실,
20170924KTOB0_두산,2017-09-24,두산,KT,H,Final,Win,6.0,4.0,잠실,
20170924HHHT0_한화,2017-09-24,한화,KIA,A,Final,Win,5.0,0.0,광주,
20170924HHHT0_KIA,2017-09-24,KIA,한화,H,Final,Loss,0.0,5.0,광주,
20170926HHLT0_한화,2017-09-26,한화,롯데,A,Final,Loss,8.0,11.0,사직,
20170926HHLT0_롯데,2017-09-26,롯데,한화,H,Final,Win,11.0,8.0,사직,
20170926LGHT0_LG,2017-09-26,LG,KIA,A,Final,Loss,0.0,6.0,광주,
20170926LGHT0_KIA,2017-09-26,KIA,LG,H,Final,Win,6.0,0.0,광주,
20170927NCSS0_NC,2017-09-27,NC,삼성,A,Final,Win,11.0,1.0,대구,
20170927NCSS0_삼성,2017-09-27,삼성,NC,H,Final,Loss,1.0,11.0,대구,
20170927OBKT0_두산,2017-09-27,두산,KT,A,Final,Loss,2.0,3.0,수원,
20170927OBKT0_KT,2017-09-27,KT,두산,H,Final,Win,3.0,2.0,수원,
20170928HTHH0_KIA,2017-09-28,KIA,한화,A,Final,Win,7.0,4.0,한밭,
20170928HTHH0_한화,2017-09-28,한화,KIA,H,Final,Loss,4.0,7.0,한밭,
20170928LGKT0_LG,2017-09-28,LG,KT,A,Final,Win,15.0,6.0,수원,
20170928LGKT0_KT,2017-09-28,KT,LG,H,Final,Loss,6.0,15.0,수원,
20170929HTHH0_KIA,2017-09-29,KIA,한화,A,Final,Win,7.0,2.0,한밭,
20170929HTHH0_한화,2017-09-29,한화,KIA,H,Final,Loss,2.0,7.0,한밭,
20170929WONC0_넥센,2017-09-29,넥센,NC,A,Final,Loss,4.0,8.0,마산,
20170929WONC0_NC,2017-09-29,NC,넥센,H,Final,Win,8.0,4.0,마산,
20170929OBLG0_두산,2017-09-29,두산,LG,A,Final,Win,5.0,3.0,잠실,
20170929OBLG0_LG,2017-09-29,LG,두산,H,Final,Loss,3.0,5.0,잠실,
20170929LTSK0_롯데,2017-09-29,롯데,SK,A,Final,Win,7.0,2.0,문학,
20170929LTSK0_SK,2017-09-29,SK,롯데,H,Final,Loss,2.0,7.0,문학,
20170930SKHH0_SK,2017-09-30,SK,한화,A,Final,Win,4.0,1.0,한밭,
20170930SKHH0_한화,2017-09-30,한화,SK,H,Final,Loss,1.0,4.0,한밭,
20170930WONC0_넥센,2017-09-30,넥센,NC,A,Final,Loss,4.0,11.0,마산,
20170930WONC0_NC,2017-09-30,NC,넥센,H,Final,Win,11.0,4.0,마산,
20170930SSLG0_삼성,2017-09-30,삼성,LG,A,Final,Loss,3.0,4.0,잠실,
20170930SSLG0_LG,2017-09-30,LG,삼성,H,Final,Win,4.0,3.0,잠실,
20171001OBHH0_두산,2017-10-01,두산,한화,A,Final,Win,6.0,4.0,한밭,
20171001OBHH0_한화,2017-10-01,한화,두산,H,Final,Loss,4.0,6.0,한밭,
20171001SSLG0_삼성,2017-10-01,삼성,LG,A,Final,Win,10.0,3.0,잠실,
20171001SSLG0_LG,2017-10-01,LG,삼성,H,Final,Loss,3.0,10.0,잠실,
20171001HTKT0_KIA,2017-10-01,KIA,KT,A,Final,Loss,2.0,20.0,수원,
20171001HTKT0_KT,2017-10-01,KT,KIA,H,Final,Win,20.0,2.0,수원,
20171002HTKT0_KIA,2017-10-02,KIA,KT,A,Final,Win,5.0,3.0,수원,
20171002HTKT0_KT,2017-10-02,KT,KIA,H,Final,Loss,3.0,5.0,수원,
20171003SKOB0_SK,2017-10-03,SK,두산,A,Final,Win,3.0,2.0,잠실,
20171003SKOB0_두산,2017-10-03,두산,SK,H,Final,Loss,2.0,3.0,잠실,
20171003HTKT0_KIA,2017-10-03,KIA,KT,A,Final,Win,10.0,2.0,수원,
20171003HTKT0_KT,2017-10-03,KT,KIA,H,Final,Loss,2.0,10.0,수원,
20171003LGLT0_LG,2017-10-03,LG,롯데,A,Final,Loss,2.0,4.0,사직,
20171003LGLT0_롯데,2017-10-03,롯데,LG,H,Final,Win,4.0,2.0,사직,
20171003WOSS0_넥센,2017-10-03,넥센,삼성,A,Final,Loss,9.0,10.0,대구,
20171003WOSS0_삼성,2017-10-03,삼성,넥센,H,Final,Win,10.0,9.0,대구,
20180324LGNC0_LG,2018-03-24,LG,NC,A,Final,Loss,2.0,4.0,마산,
20180324LGNC0_NC,2018-03-24,NC,LG,H,Final,Win,4.0,2.0,마산,
20180324SSOB0_삼성,2018-03-24,삼성,두산,A,Final,Win,6.0,3.0,잠실,
20180324SSOB0_두산,2018-03-24,두산,삼성,H,Final,Loss,3.0,6.0,잠실,
20180324LTSK0_롯데,2018-03-24,롯데,SK,A,Final,Loss,5.0,6.0,문학,
20180324LTSK0_SK,2018-03-24,SK,롯데,H,Final,Win,6.0,5.0,문학,
20180324KTHT0_KT,2018-03-24,KT,KIA,A,Final,Win,5.0,4.0,광주,
20180324KTHT0_KIA,2018-03-24,KIA,KT,H,Final,Loss,4.0,5.0,광주,
20180324HHWO0_한화,2018-03-24,한화,넥센,A,Final,Loss,3.0,6.0,고척,
20180324HHWO0_넥센,2018-03-24,넥센,한화,H,Final,Win,6.0,3.0,고척,
20180325LGNC0_LG,2018-03-25,LG,NC,A,Final,Loss,1.0,7.0,마산,
20180325LGNC0_NC,2018-03-25,NC,LG,H,Final,Win,7.0,1.0,마산,
20180325SSOB0_삼성,2018-03-25,삼성,두산,A,Final,Loss,4.0,5.0,잠실,
20180325SSOB0_두산,2018-03-25,두산,삼성,H,Final,Win,5.0,4.0,잠실,
20180325LTSK0_롯데,2018-03-25,롯데,SK,A,Final,Loss,0.0,5.0,문학,
20180325LTSK0_SK,2018-03-25,SK,롯데,H,Final,Win,5.0,0.0,문학,
20180325KTHT0_KT,2018-03-25,KT,KIA,A,Final,Loss,1.0,14.0,광주,
20180325KTHT0_KIA,2018-03-25,KIA,KT,H,Final,Win,14.0,1.0,광주,
20180325HHWO0_한화,2018-03-25,한화,넥센,A,Final,Win,4.0,1.0,고척,
20180325HHWO0_넥센,2018-03-25,넥센,한화,H,Final,Loss,1.0,4.0,고척,
20180327HHNC0_한화,2018-03-27,한화,NC,A,Final,Loss,6.0,9.0,마산,
20180327HHNC0_NC,2018-03-27,NC,한화,H,Final,Win,9.0,6.0,마산,
20180327LTOB0_롯데,2018-03-27,롯데,두산,A,Final,Loss,0.0,5.0,잠실,
20180327LTOB0_두산,2018-03-27,두산,롯데,H,Final,Win,5.0,0.0,잠실,
20180327KTSK0_KT,2018-03-27,KT,SK,A,Final,Loss,5.0,8.0,문학,
20180327KTSK0_SK,2018-03-27,SK,KT,H,Final,Win,8.0,5.0,문학,
20180327SSHT0_삼성,2018-03-27,삼성,KIA,A,Final,Loss,0.0,17.0,광주,
20180327SSHT0_KIA,2018-03-27,KIA,삼성,H,Final,Win,17.0,0.0,광주,
20180327LGWO0_LG,2018-03-27,LG,넥센,A,Final,Loss,4.0,5.0,고척,
20180327LGWO0_넥센,2018-03-27,넥센,LG,H,Final,Win,5.0,4.0,고척,
20180328HHNC0_한화,2018-03-28,한화,NC,A,Final,Win,6.0,2.0,마산,
20180328HHNC0_NC,2018-03-28,NC,한화,H,Final,Loss,2.0,6.0,마산,
20180328LTOB0_롯데,2018-03-28,롯데,두산,A,Final,Loss,5.0,6.0,잠실,
20180328LTOB0_두산,2018-03-28,두산,롯데,H,Final,Win,6.0,5.0,잠실,
20180328KTSK0_KT,2018-03-28,KT,SK,A,Final,Win,8.0,5.0,문학,
20180328KTSK0_SK,2018-03-28,SK,KT,H,Final,Loss,5.0,8.0,문학,
20180328SSHT0_삼성,2018-03-28,삼성,KIA,A,Final,Win,6.0,0.0,광주,
20180328SSHT0_KIA,2018-03-28,KIA,삼성,H,Final,Loss,0.0,6.0,광주,
20180328LGWO0_LG,2018-03-28,LG,넥센,A,Final,Win,9.0,3.0,고척,
20180328LGWO0_넥센,2018-03-28,넥센,LG,H,Final,Loss,3.0,9.0,고척,
20180329HHNC0_한화,2018-03-29,한화,NC,A,Final,Loss,1.0,4.0,마산,
20180329HHNC0_NC,2018-03-29,NC,한화,H,Final,Win,4.0,1.0,마산,
20180329LTOB0_롯데,2018-03-29,롯데,두산,A,Final,Loss,1.0,4.0,잠실,
20180329LTOB0_두산,2018-03-29,두산,롯데,H,Final,Win,4.0,1.0,잠실,
20180329KTSK0_KT,2018-03-29,KT,SK,A,Final,Win,7.0,1.0,문학,
20180329KTSK0_SK,2018-03-29,SK,KT,H,Final,Loss,1.0,7.0,문학,
20180329SSHT0_삼성,2018-03-29,삼성,KIA,A,Final,Loss,0.0,7.0,광주,
20180329SSHT0_KIA,2018-03-29,KIA,삼성,H,Final,Win,7.0,0.0,광주,
20180329LGWO0_LG,2018-03-29,LG,넥센,A,Final,Loss,4.0,9.0,고척,
20180329LGWO0_넥센,2018-03-29,넥센,LG,H,Final,Win,9.0,4.0,고척,
20180330SKHH0_SK,2018-03-30,SK,한화,A,Final,Win,8.0,4.0,한밭,
20180330SKHH0_한화,2018-03-30,한화,SK,H,Final,Loss,4.0,8.0,한밭,
20180330HTLG0_KIA,2018-03-30,KIA,LG,A,Final,Win,4.0,3.0,잠실,
20180330HTLG0_LG,2018-03-30,LG,KIA,H,Final,Loss,3.0,4.0,잠실,
20180330WOSS0_넥센,2018-03-30,넥센,삼성,A,Final,Win,10.0,8.0,대구,
20180330WOSS0_삼성,2018-03-30,삼성,넥센,H,Final,Loss,8.0,10.0,대구,
20180330NCLT0_NC,2018-03-30,NC,롯데,A,Final,Win,7.0,5.0,사직,
20180330NCLT0_롯데,2018-03-30,롯데,NC,H,Final,Loss,5.0,7.0,사직,
20180330OBKT0_두산,2018-03-30,두산,KT,A,Final,Win,6.0,2.0,수원,
20180330OBKT0_KT,2018-03-30,KT,두산,H,Final,Loss,2.0,6.0,수원,
20180331SKHH0_SK,2018-03-31,SK,한화,A,Final,Win,12.0,1.0,한밭,
20180331SKHH0_한화,2018-03-31,한화,SK,H,Final,Loss,1.0,12.0,한밭,
20180331HTLG0_KIA,2018-03-31,KIA,LG,A,Final,Loss,4.0,6.0,잠실,
20180331HTLG0_LG,2018-03-31,LG,KIA,H,Final,Win,6.0,4.0,잠실,
20180331WOSS0_넥센,2018-03-31,넥센,삼성,A,Final,Win,4.0,2.0,대구,
20180331WOSS0_삼성,2018-03-31,삼성,넥센,H,Final,Loss,2.0,4.0,대구,
20180331NCLT0_NC,2018-03-31,NC,롯데,A,Final,Win,10.0,5.0,사직,
20180331NCLT0_롯데,2018-03-31,롯데,NC,H,Final,Loss,5.0,10.0,사직,
20180331OBKT0_두산,2018-03-31,두산,KT,A,Final,Loss,8.0,20.0,수원,
20180331OBKT0_KT,2018-03-31,KT,두산,H,Final,Win,20.0,8.0,수원,
20180401SKHH0_SK,2018-04-01,SK,한화,A,Final,Win,13.0,1.0,한밭,
20180401SKHH0_한화,2018-04-01,한화,SK,H,Final,Loss,1.0,13.0,한밭,
20180401HTLG0_KIA,2018-04-01,KIA,LG,A,Final,Loss,5.0,6.0,잠실,
20180401HTLG0_LG,2018-04-01,LG,KIA,H,Final,Win,6.0,5.0,잠실,
20180401WOSS0_넥센,2018-04-01,넥센,삼성,A,Final,Loss,5.0,6.0,대구,
20180401WOSS0_삼성,2018-04-01,삼성,넥센,H,Final,Win,6.0,5.0,대구,
20180401NCLT0_NC,2018-04-01,NC,롯데,A,Final,Loss,2.0,3.0,사직,
20180401NCLT0_롯데,2018-04-01,롯데,NC,H,Final,Win,3.0,2.0,사직,
20180401OBKT0_두산,2018-04-01,두산,KT,A,Final,Loss,4.0,9.0,수원,
20180401OBKT0_KT,2018-04-01,KT,두산,H,Final,Win,9.0,4.0,수원,
20180403LTHH0_롯데,2018-04-03,롯데,한화,A,Final,Loss,11.0,17.0,한밭,
20180403LTHH0_한화,2018-04-03,한화,롯데,H,Final,Win,17.0,11.0,한밭,
20180403SSNC0_삼성,2018-04-03,삼성,NC,A,Final,Loss,3.0,4.0,마산,
20180403SSNC0_NC,2018-04-03,NC,삼성,H,Final,Win,4.0,3.0,마산,
20180403LGOB0_LG,2018-04-03,LG,두산,A,Final,Loss,4.0,5.0,잠실,
20180403LGOB0_두산,2018-04-03,두산,LG,H,Final,Win,5.0,4.0,잠실,
20180403HTSK0_KIA,2018-04-03,KIA,SK,A,Final,Loss,3.0,13.0,문학,
20180403HTSK0_SK,2018-04-03,SK,KIA,H,Final,Win,13.0,3.0,문학,
20180403KTWO0_KT,2018-04-03,KT,넥센,A,Final,Win,7.0,1.0,고척,
20180403KTWO0_넥센,2018-04-03,넥센,KT,H,Final,Loss,1.0,7.0,고척,
20180404LTHH0_롯데,2018-04-04,롯데,한화,A,Final,Loss,6.0,7.0,한밭,
20180404LTHH0_한화,2018-04-04,한화,롯데,H,Final,Win,7.0,6.0,한밭,
20180404SSNC0_삼성,2018-04-04,삼성,NC,A,Final,Loss,1.0,4.0,마산,
20180404SSNC0_NC,2018-04-04,NC,삼성,H,Final,Win,4.0,1.0,마산,
20180404LGOB0_LG,2018-04-04,LG,두산,A,Final,Loss,3.0,6.0,잠실,
20180404LGOB0_두산,2018-04-04,두산,LG,H,Final,Win,6.0,3.0,잠실,
20180404HTSK0_KIA,2018-04-04,KIA,SK,A,Final,Win,9.0,6.0,문학,
20180404HTSK0_SK,2018-04-04,SK,KIA,H,Final,Loss,6.0,9.0,문학,
20180404KTWO0_KT,2018-04-04,KT,넥센,A,Final,Loss,2.0,10.0,고척,
20180404KTWO0_넥센,2018-04-04,넥센,KT,H,Final,Win,10.0,2.0,고척,
20180405SSNC0_삼성,2018-04-05,삼성,NC,A,Final,Win,4.0,1.0,마산,
20180405SSNC0_NC,2018-04-05,NC,삼성,H,Final,Loss,1.0,4.0,마산,
20180405KTWO0_KT,2018-04-05,KT,넥센,A,Final,Loss,3.0,4.0,고척,
20180405KTWO0_넥센,2018-04-05,넥센,KT,H,Final,Win,4.0,3.0,고척,
20180406LGLT0_LG,2018-04-06,LG,롯데,A,Final,Win,14.0,6.0,사직,
20180406LGLT0_롯데,2018-04-06,롯데,LG,H,Final,Loss,6.0,14.0,사직,
20180406WOHT0_넥센,2018-04-06,넥센,KIA,A,Final,Loss,5.0,11.0,광주,
20180406WOHT0_KIA,2018-04-06,KIA,넥센,H,Final,Win,11.0,5.0,광주,
20180407NCOB0_NC,2018-04-07,NC,두산,A,Final,Loss,3.0,6.0,잠실,
20180407NCOB0_두산,2018-04-07,두산,NC,H,Final,Win,6.0,3.0,잠실,
20180407LGLT0_LG,2018-04-07,LG,롯데,A,Final,Loss,2.0,7.0,사직,
20180407LGLT0_롯데,2018-04-07,롯데,LG,H,Final,Win,7.0,2.0,사직,
20180407SSSK0_삼성,2018-04-07,삼성,SK,A,Final,Loss,3.0,4.0,문학,
20180407SSSK0_SK,2018-04-07,SK,삼성,H,Final,Win,4.0,3.0,문학,
20180407WOHT0_넥센,2018-04-07,넥센,KIA,A,Final,Loss,1.0,5.0,광주,
20180407WOHT0_KIA,2018-04-07,KIA,넥센,H,Final,Win,5.0,1.0,광주,
20180407HHKT0_한화,2018-04-07,한화,KT,A,Final,Loss,2.0,10.0,수원,
20180407HHKT0_KT,2018-04-07,KT,한화,H,Final,Win,10.0,2.0,수원,
20180408NCOB0_NC,2018-04-08,NC,두산,A,Final,Loss,10.0,11.0,잠실,
20180408NCOB0_두산,2018-04-08,두산,NC,H,Final,Win,11.0,10.0,잠실,
20180408LGLT0_LG,2018-04-08,LG,롯데,A,Final,Win,4.0,2.0,사직,
20180408LGLT0_롯데,2018-04-08,롯데,LG,H,Final,Loss,2.0,4.0,사직,
20180408SSSK0_삼성,2018-04-08,삼성,SK,A,Final,Win,12.0,4.0,문학,
20180408SSSK0_SK,2018-04-08,SK,삼성,H,Final,Loss,4.0,12.0,문학,
20180408WOHT0_넥센,2018-04-08,넥센,KIA,A,Final,Loss,3.0,4.0,광주,
20180408WOHT0_KIA,2018-04-08,KIA,넥센,H,Final,Win,4.0,3.0,광주,
20180408HHKT0_한화,2018-04-08,한화,KT,A,Final,Win,12.0,8.0,수원,
20180408HHKT0_KT,2018-04-08,KT,한화,H,Final,Loss,8.0,12.0,수원,
20180410HTHH0_KIA,2018-04-10,KIA,한화,A,Final,Loss,3.0,4.0,한밭,
20180410HTHH0_한화,2018-04-10,한화,KIA,H,Final,Win,4.0,3.0,한밭,
20180410KTNC0_KT,2018-04-10,KT,NC,A,Final,Win,5.0,4.0,마산,
20180410KTNC0_NC,2018-04-10,NC,KT,H,Final,Loss,4.0,5.0,마산,
20180410SKLG0_SK,2018-04-10,SK,LG,A,Final,Win,4.0,1.0,잠실,
20180410SKLG0_LG,2018-04-10,LG,SK,H,Final,Loss,1.0,4.0,잠실,
20180410OBSS0_두산,2018-04-10,두산,삼성,A,Final,Win,8.0,1.0,대구,
20180410OBSS0_삼성,2018-04-10,삼성,두산,H,Final,Loss,1.0,8.0,대구,
20180410WOLT0_넥센,2018-04-10,넥센,롯데,A,Final,Loss,3.0,4.0,울산,
20180410WOLT0_롯데,2018-04-10,롯데,넥센,H,Final,Win,4.0,3.0,울산,
20180411HTHH0_KIA,2018-04-11,KIA,한화,A,Final,Loss,4.0,6.0,한밭,
20180411HTHH0_한화,2018-04-11,한화,KIA,H,Final,Win,6.0,4.0,한밭,
20180411KTNC0_KT,2018-04-11,KT,NC,A,Final,Win,12.0,4.0,마산,
20180411KTNC0_NC,2018-04-11,NC,KT,H,Final,Loss,4.0,12.0,마산,
20180411SKLG0_SK,2018-04-11,SK,LG,A,Final,Loss,0.0,3.0,잠실,
20180411SKLG0_LG,2018-04-11,LG,SK,H,Final,Win,3.0,0.0,잠실,
20180411OBSS0_두산,2018-04-11,두산,삼성,A,Final,Win,7.0,6.0,대구,
20180411OBSS0_삼성,2018-04-11,삼성,두산,H,Final,Loss,6.0,7.0,대구,
20180411WOLT0_넥센,2018-04-11,넥센,롯데,A,Final,Loss,0.0,12.0,울산,
20180411WOLT0_롯데,2018-04-11,롯데,넥센,H,Final,Win,12.0,0.0,울산,
20180412HTHH0_KIA,2018-04-12,KIA,한화,A,Final,Loss,4.0,15.0,한밭,
20180412HTHH0_한화,2018-04-12,한화,KIA,H,Final,Win,15.0,4.0,한밭,
20180412KTNC0_KT,2018-04-12,KT,NC,A,Final,Win,7.0,2.0,마산,
20180412KTNC0_NC,2018-04-12,NC,KT,H,Final,Loss,2.0,7.0,마산,
20180412SKLG0_SK,2018-04-12,SK,LG,A,Final,Loss,4.0,5.0,잠실,
20180412SKLG0_LG,2018-04-12,LG,SK,H,Final,Win,5.0,4.0,잠실,
20180412OBSS0_두산,2018-04-12,두산,삼성,A,Final,Win,9.0,3.0,대구,
20180412OBSS0_삼성,2018-04-12,삼성,두산,H,Final,Loss,3.0,9.0,대구,
20180412WOLT0_넥센,2018-04-12,넥센,롯데,A,Final,Win,5.0,3.0,울산,
20180412WOLT0_롯데,2018-04-12,롯데,넥센,H,Final,Loss,3.0,5.0,울산,
20180413SSHH0_삼성,2018-04-13,삼성,한화,A,Final,Win,4.0,2.0,한밭,
20180413SSHH0_한화,2018-04-13,한화,삼성,H,Final,Loss,2.0,4.0,한밭,
20180413KTLG0_KT,2018-04-13,KT,LG,A,Final,Loss,1.0,3.0,잠실,
20180413KTLG0_LG,2018-04-13,LG,KT,H,Final,Win,3.0,1.0,잠실,
20180413NCSK0_NC,2018-04-13,NC,SK,A,Final,Loss,2.0,4.0,문학,
20180413NCSK0_SK,2018-04-13,SK,NC,H,Final,Win,4.0,2.0,문학,
20180413LTHT0_롯데,2018-04-13,롯데,KIA,A,Final,Win,8.0,4.0,광주,
20180413LTHT0_KIA,2018-04-13,KIA,롯데,H,Final,Loss,4.0,8.0,광주,
20180413OBWO0_두산,2018-04-13,두산,넥센,A,Final,Win,12.0,0.0,고척,
20180413OBWO0_넥센,2018-04-13,넥센,두산,H,Final,Loss,0.0,12.0,고척,
20180414SSHH0_삼성,2018-04-14,삼성,한화,A,Final,Loss,2.0,14.0,한밭,
20180414SSHH0_한화,2018-04-14,한화,삼성,H,Final,Win,14.0,2.0,한밭,
20180414KTLG0_KT,2018-04-14,KT,LG,A,Final,Loss,0.0,8.0,잠실,
20180414KTLG0_LG,2018-04-14,LG,KT,H,Final,Win,8.0,0.0,잠실,
20180414NCSK0_NC,2018-04-14,NC,SK,A,Final,Loss,0.0,7.0,문학,
20180414NCSK0_SK,2018-04-14,SK,NC,H,Final,Win,7.0,0.0,문학,
20180414OBWO0_두산,2018-04-14,두산,넥센,A,Final,Loss,6.0,7.0,고척,
20180414OBWO0_넥센,2018-04-14,넥센,두산,H,Final,Win,7.0,6.0,고척,
20180415SSHH0_삼성,2018-04-15,삼성,한화,A,Final,Loss,4.0,7.0,한밭,
20180415SSHH0_한화,2018-04-15,한화,삼성,H,Final,Win,7.0,4.0,한밭,
20180415KTLG0_KT,2018-04-15,KT,LG,A,Final,Loss,8.0,11.0,잠실,
20180415KTLG0_LG,2018-04-15,LG,KT,H,Final,Win,11.0,8.0,잠실,
20180415NCSK0_NC,2018-04-15,NC,SK,A,Final,Loss,2.0,3.0,문학,
20180415NCSK0_SK,2018-04-15,SK,NC,H,Final,Win,3.0,2.0,문학,
20180415OBWO0_두산,2018-04-15,두산,넥센,A,Final,Win,3.0,2.0,고척,
20180415OBWO0_넥센,2018-04-15,넥센,두산,H,Final,Loss,2.0,3.0,고척,
20180417HHOB0_한화,2018-04-17,한화,두산,A,Final,Win,5.0,2.0,잠실,
20180417HHOB0_두산,2018-04-17,두산,한화,H,Final,Loss,2.0,5.0,잠실,
20180417SSLT0_삼성,2018-04-17,삼성,롯데,A,Final,Win,11.0,6.0,사직,
20180417SSLT0_롯데,2018-04-17,롯데,삼성,H,Final,Loss,6.0,11.0,사직,
20180417LGHT0_LG,2018-04-17,LG,KIA,A,Final,Loss,4.0,5.0,광주,
20180417LGHT0_KIA,2018-04-17,KIA,LG,H,Final,Win,5.0,4.0,광주,
20180417SKKT0_SK,2018-04-17,SK,KT,A,Final,Win,9.0,5.0,수원,
20180417SKKT0_KT,2018-04-17,KT,SK,H,Final,Loss,5.0,9.0,수원,
20180417NCWO0_NC,2018-04-17,NC,넥센,A,Final,Win,3.0,2.0,고척,
20180417NCWO0_넥센,2018-04-17,넥센,NC,H,Final,Loss,2.0,3.0,고척,
20180418HHOB0_한화,2018-04-18,한화,두산,A,Final,Loss,4.0,5.0,잠실,
20180418HHOB0_두산,2018-04-18,두산,한화,H,Final,Win,5.0,4.0,잠실,
20180418SSLT0_삼성,2018-04-18,삼성,롯데,A,Final,Loss,7.0,9.0,사직,
20180418SSLT0_롯데,2018-04-18,롯데,삼성,H,Final,Win,9.0,7.0,사직,
20180418LGHT0_LG,2018-04-18,LG,KIA,A,Final,Loss,3.0,4.0,광주,
20180418LGHT0_KIA,2018-04-18,KIA,LG,H,Final,Win,4.0,3.0,광주,
20180418SKKT0_SK,2018-04-18,SK,KT,A,Final,Win,8.0,3.0,수원,
20180418SKKT0_KT,2018-04-18,KT,SK,H,Final,Loss,3.0,8.0,수원,
20180418NCWO0_NC,2018-04-18,NC,넥센,A,Final,Win,1.0,0.0,고척,
20180418NCWO0_넥센,2018-04-18,넥센,NC,H,Final,Loss,0.0,1.0,고척,
20180419HHOB0_한화,2018-04-19,한화,두산,A,Final,Loss,2.0,5.0,잠실,
20180419HHOB0_두산,2018-04-19,두산,한화,H,Final,Win,5.0,2.0,잠실,
20180419SSLT0_삼성,2018-04-19,삼성,롯데,A,Final,Win,6.0,0.0,사직,
20180419SSLT0_롯데,2018-04-19,롯데,삼성,H,Final,Loss,0.0,6.0,사직,
20180419LGHT0_LG,2018-04-19,LG,KIA,A,Final,Loss,4.0,8.0,광주,
20180419LGHT0_KIA,2018-04-19,KIA,LG,H,Final,Win,8.0,4.0,광주,
20180419SKKT0_SK,2018-04-19,SK,KT,A,Final,Win,6.0,5.0,수원,
20180419SKKT0_KT,2018-04-19,KT,SK,H,Final,Loss,5.0,6.0,수원,
20180419NCWO0_NC,2018-04-19,NC,넥센,A,Final,Loss,3.0,6.0,고척,
20180419NCWO0_넥센,2018-04-19,넥센,NC,H,Final,Win,6.0,3.0,고척,
20180420LGNC0_LG,2018-04-20,LG,NC,A,Final,Win,9.0,4.0,마산,
20180420LGNC0_NC,2018-04-20,NC,LG,H,Final,Loss,4.0,9.0,마산,
20180420WOHH0_넥센,2018-04-20,넥센,한화,A,Final,Win,6.0,1.0,한밭,
20180420WOHH0_한화,2018-04-20,한화,넥센,H,Final,Loss,1.0,6.0,한밭,
20180420HTOB0_KIA,2018-04-20,KIA,두산,A,Final,Loss,4.0,6.0,잠실,
20180420HTOB0_두산,2018-04-20,두산,KIA,H,Final,Win,6.0,4.0,잠실,
20180420KTSS0_KT,2018-04-20,KT,삼성,A,Final,Win,5.0,4.0,대구,
20180420KTSS0_삼성,2018-04-20,삼성,KT,H,Final,Loss,4.0,5.0,대구,
20180420SKLT0_SK,2018-04-20,SK,롯데,A,Final,Loss,5.0,10.0,사직,
20180420SKLT0_롯데,2018-04-20,롯데,SK,H,Final,Win,10.0,5.0,사직,
20180421LGNC0_LG,2018-04-21,LG,NC,A,Final,Win,6.0,3.0,마산,
20180421LGNC0_NC,2018-04-21,NC,LG,H,Final,Loss,3.0,6.0,마산,
20180421WOHH0_넥센,2018-04-21,넥센,한화,A,Final,Win,4.0,3.0,한밭,
20180421WOHH0_한화,2018-04-21,한화,넥센,H,Final,Loss,3.0,4.0,한밭,
20180421HTOB0_KIA,2018-04-21,KIA,두산,A,Final,Loss,5.0,10.0,잠실,
20180421HTOB0_두산,2018-04-21,두산,KIA,H,Final,Win,10.0,5.0,잠실,
20180421KTSS0_KT,2018-04-21,KT,삼성,A,Final,Loss,1.0,4.0,대구,
20180421KTSS0_삼성,2018-04-21,삼성,KT,H,Final,Win,4.0,1.0,대구,
20180421SKLT0_SK,2018-04-21,SK,롯데,A,Final,Loss,3.0,4.0,사직,
20180421SKLT0_롯데,2018-04-21,롯데,SK,H,Final,Win,4.0,3.0,사직,
20180422LGNC0_LG,2018-04-22,LG,NC,A,Final,Win,5.0,4.0,마산,
20180422LGNC0_NC,2018-04-22,NC,LG,H,Final,Loss,4.0,5.0,마산,
20180422WOHH0_넥센,2018-04-22,넥센,한화,A,Final,Win,10.0,1.0,한밭,
20180422WOHH0_한화,2018-04-22,한화,넥센,H,Final,Loss,1.0,10.0,한밭,
20180422HTOB0_KIA,2018-04-22,KIA,두산,A,Final,Win,14.0,4.0,잠실,
20180422HTOB0_두산,2018-04-22,두산,KIA,H,Final,Loss,4.0,14.0,잠실,
20180422KTSS0_KT,2018-04-22,KT,삼성,A,Final,Win,6.0,4.0,대구,
20180422KTSS0_삼성,2018-04-22,삼성,KT,H,Final,Loss,4.0,6.0,대구,
20180422SKLT0_SK,2018-04-22,SK,롯데,A,Final,Win,10.0,4.0,사직,
20180422SKLT0_롯데,2018-04-22,롯데,SK,H,Final,Loss,4.0,10.0,사직,
20180424WOLG0_넥센,2018-04-24,넥센,LG,A,Final,Loss,2.0,8.0,잠실,
20180424WOLG0_LG,2018-04-24,LG,넥센,H,Final,Win,8.0,2.0,잠실,
20180424NCSS0_NC,2018-04-24,NC,삼성,A,Final,Loss,2.0,7.0,대구,
20180424NCSS0_삼성,2018-04-24,삼성,NC,H,Final,Win,7.0,2.0,대구,
20180424OBSK0_두산,2018-04-24,두산,SK,A,Final,Win,10.0,9.0,문학,
20180424OBSK0_SK,2018-04-24,SK,두산,H,Final,Loss,9.0,10.0,문학,
20180424LTKT0_롯데,2018-04-24,롯데,KT,A,Final,Win,14.0,8.0,수원,
20180424LTKT0_KT,2018-04-24,KT,롯데,H,Final,Loss,8.0,14.0,수원,
20180425WOLG0_넥센,2018-04-25,넥센,LG,A,Final,Loss,1.0,2.0,잠실,
20180425WOLG0_LG,2018-04-25,LG,넥센,H,Final,Win,2.0,1.0,잠실,
20180425NCSS0_NC,2018-04-25,NC,삼성,A,Final,Win,9.0,2.0,대구,
20180425NCSS0_삼성,2018-04-25,삼성,NC,H,Final,Loss,2.0,9.0,대구,
20180425OBSK0_두산,2018-04-25,두산,SK,A,Final,Loss,6.0,7.0,문학,
20180425OBSK0_SK,2018-04-25,SK,두산,H,Final,Win,7.0,6.0,문학,
20180425HHHT0_한화,2018-04-25,한화,KIA,A,Final,Win,3.0,2.0,광주,
20180425HHHT0_KIA,2018-04-25,KIA,한화,H,Final,Loss,2.0,3.0,광주,
20180425LTKT0_롯데,2018-04-25,롯데,KT,A,Final,Win,5.0,4.0,수원,
20180425LTKT0_KT,2018-04-25,KT,롯데,H,Final,Loss,4.0,5.0,수원,
20180426WOLG0_넥센,2018-04-26,넥센,LG,A,Final,Loss,1.0,11.0,잠실,
20180426WOLG0_LG,2018-04-26,LG,넥센,H,Final,Win,11.0,1.0,잠실,
20180426NCSS0_NC,2018-04-26,NC,삼성,A,Final,Win,5.0,2.0,대구,
20180426NCSS0_삼성,2018-04-26,삼성,NC,H,Final,Loss,2.0,5.0,대구,
20180426OBSK0_두산,2018-04-26,두산,SK,A,Final,Loss,4.0,5.0,문학,
20180426OBSK0_SK,2018-04-26,SK,두산,H,Final,Win,5.0,4.0,문학,
20180426HHHT0_한화,2018-04-26,한화,KIA,A,Final,Win,3.0,1.0,광주,
20180426HHHT0_KIA,2018-04-26,KIA,한화,H,Final,Loss,1.0,3.0,광주,
20180426LTKT0_롯데,2018-04-26,롯데,KT,A,Final,Loss,2.0,5.0,수원,
20180426LTKT0_KT,2018-04-26,KT,롯데,H,Final,Win,5.0,2.0,수원,
20180427OBNC0_두산,2018-04-27,두산,NC,A,Final,Win,6.0,2.0,마산,
20180427OBNC0_NC,2018-04-27,NC,두산,H,Final,Loss,2.0,6.0,마산,
20180427SSLG0_삼성,2018-04-27,삼성,LG,A,Final,Loss,2.0,9.0,잠실,
20180427SSLG0_LG,2018-04-27,LG,삼성,H,Final,Win,9.0,2.0,잠실,
20180427HHLT0_한화,2018-04-27,한화,롯데,A,Final,Loss,3.0,5.0,사직,
20180427HHLT0_롯데,2018-04-27,롯데,한화,H,Final,Win,5.0,3.0,사직,
20180427HTKT0_KIA,2018-04-27,KIA,KT,A,Final,Win,8.0,3.0,수원,
20180427HTKT0_KT,2018-04-27,KT,KIA,H,Final,Loss,3.0,8.0,수원,
20180427SKWO0_SK,2018-04-27,SK,넥센,A,Final,Win,8.0,3.0,고척,
20180427SKWO0_넥센,2018-04-27,넥센,SK,H,Final,Loss,3.0,8.0,고척,
20180428OBNC0_두산,2018-04-28,두산,NC,A,Final,Loss,1.0,5.0,마산,
20180428OBNC0_NC,2018-04-28,NC,두산,H,Final,Win,5.0,1.0,마산,
20180428SSLG0_삼성,2018-04-28,삼성,LG,A,Final,Loss,4.0,6.0,잠실,
20180428SSLG0_LG,2018-04-28,LG,삼성,H,Final,Win,6.0,4.0,잠실,
20180428HHLT0_한화,2018-04-28,한화,롯데,A,Final,Win,4.0,2.0,사직,
20180428HHLT0_롯데,2018-04-28,롯데,한화,H,Final,Loss,2.0,4.0,사직,
20180428HTKT0_KIA,2018-04-28,KIA,KT,A,Final,Loss,2.0,9.0,수원,
20180428HTKT0_KT,2018-04-28,KT,KIA,H,Final,Win,9.0,2.0,수원,
20180428SKWO0_SK,2018-04-28,SK,넥센,A,Final,Win,6.0,4.0,고척,
20180428SKWO0_넥센,2018-04-28,넥센,SK,H,Final,Loss,4.0,6.0,고척,
20180429OBNC0_두산,2018-04-29,두산,NC,A,Final,Win,7.0,1.0,마산,
20180429OBNC0_NC,2018-04-29,NC,두산,H,Final,Loss,1.0,7.0,마산,
20180429SSLG0_삼성,2018-04-29,삼성,LG,A,Final,Win,8.0,7.0,잠실,
20180429SSLG0_LG,2018-04-29,LG,삼성,H,Final,Loss,7.0,8.0,잠실,
20180429HHLT0_한화,2018-04-29,한화,롯데,A,Final,Loss,3.0,4.0,사직,
20180429HHLT0_롯데,2018-04-29,롯데,한화,H,Final,Win,4.0,3.0,사직,
20180429HTKT0_KIA,2018-04-29,KIA,KT,A,Final,Loss,3.0,5.0,수원,
20180429HTKT0_KT,2018-04-29,KT,KIA,H,Final,Win,5.0,3.0,수원,
20180429SKWO0_SK,2018-04-29,SK,넥센,A,Final,Loss,5.0,8.0,고척,
20180429SKWO0_넥센,2018-04-29,넥센,SK,H,Final,Win,8.0,5.0,고척,
20180501LGHH0_LG,2018-05-01,LG,한화,A,Final,Loss,5.0,6.0,한밭,
20180501LGHH0_한화,2018-05-01,한화,LG,H,Final,Win,6.0,5.0,한밭,
20180501WONC0_넥센,2018-05-01,넥센,NC,A,Final,Win,13.0,4.0,마산,
20180501WONC0_NC,2018-05-01,NC,넥센,H,Final,Loss,4.0,13.0,마산,
20180501KTOB0_KT,2018-05-01,KT,두산,A,Final,Loss,2.0,4.0,잠실,
20180501KTOB0_두산,2018-05-01,두산,KT,H,Final,Win,4.0,2.0,잠실,
20180501SKSS0_SK,2018-05-01,SK,삼성,A,Final,Win,12.0,3.0,대구,
20180501SKSS0_삼성,2018-05-01,삼성,SK,H,Final,Loss,3.0,12.0,대구,
20180501HTLT0_KIA,2018-05-01,KIA,롯데,A,Final,Loss,0.0,4.0,사직,
20180501HTLT0_롯데,2018-05-01,롯데,KIA,H,Final,Win,4.0,0.0,사직,
20180502LGHH0_LG,2018-05-02,LG,한화,A,Final,Loss,3.0,4.0,한밭,
20180502LGHH0_한화,2018-05-02,한화,LG,H,Final,Win,4.0,3.0,한밭,
20180502WONC0_넥센,2018-05-02,넥센,NC,A,Final,Loss,8.0,13.0,마산,
20180502WONC0_NC,2018-05-02,NC,넥센,H,Final,Win,13.0,8.0,마산,
20180502SKSS0_SK,2018-05-02,SK,삼성,A,Final,Win,7.0,4.0,대구,
20180502SKSS0_삼성,2018-05-02,삼성,SK,H,Final,Loss,4.0,7.0,대구,
20180502HTLT0_KIA,2018-05-02,KIA,롯데,A,Final,Win,12.0,6.0,사직,
20180502HTLT0_롯데,2018-05-02,롯데,KIA,H,Final,Loss,6.0,12.0,사직,
20180503LGHH0_LG,2018-05-03,LG,한화,A,Final,Loss,3.0,7.0,한밭,
20180503LGHH0_한화,2018-05-03,한화,LG,H,Final,Win,7.0,3.0,한밭,
20180503WONC0_넥센,2018-05-03,넥센,NC,A,Final,Win,13.0,9.0,마산,
20180503WONC0_NC,2018-05-03,NC,넥센,H,Final,Loss,9.0,13.0,마산,
20180503KTOB0_KT,2018-05-03,KT,두산,A,Final,Win,3.0,2.0,잠실,
20180503KTOB0_두산,2018-05-03,두산,KT,H,Final,Loss,2.0,3.0,잠실,
20180503SKSS0_SK,2018-05-03,SK,삼성,A,Final,Loss,4.0,8.0,대구,
20180503SKSS0_삼성,2018-05-03,삼성,SK,H,Final,Win,8.0,4.0,대구,
20180503HTLT0_KIA,2018-05-03,KIA,롯데,A,Final,Loss,4.0,5.0,사직,
20180503HTLT0_롯데,2018-05-03,롯데,KIA,H,Final,Win,5.0,4.0,사직,
20180504OBLG0_두산,2018-05-04,두산,LG,A,Final,Win,11.0,8.0,잠실,
20180504OBLG0_LG,2018-05-04,LG,두산,H,Final,Loss,8.0,11.0,잠실,
20180504HHSS0_한화,2018-05-04,한화,삼성,A,Final,Win,9.0,6.0,대구,
20180504HHSS0_삼성,2018-05-04,삼성,한화,H,Final,Loss,6.0,9.0,대구,
20180504LTSK0_롯데,2018-05-04,롯데,SK,A,Final,Loss,4.0,5.0,문학,
20180504LTSK0_SK,2018-05-04,SK,롯데,H,Final,Win,5.0,4.0,문학,
20180504NCHT0_NC,2018-05-04,NC,KIA,A,Final,Win,6.0,5.0,광주,
20180504NCHT0_KIA,2018-05-04,KIA,NC,H,Final,Loss,5.0,6.0,광주,
20180504WOKT0_넥센,2018-05-04,넥센,KT,A,Final,Win,11.0,1.0,수원,
20180504WOKT0_KT,2018-05-04,KT,넥센,H,Final,Loss,1.0,11.0,수원,
20180505OBLG0_두산,2018-05-05,두산,LG,A,Final,Win,3.0,0.0,잠실,
20180505OBLG0_LG,2018-05-05,LG,두산,H,Final,Loss,0.0,3.0,잠실,
20180505HHSS0_한화,2018-05-05,한화,삼성,A,Final,Loss,3.0,8.0,대구,
20180505HHSS0_삼성,2018-05-05,삼성,한화,H,Final,Win,8.0,3.0,대구,
20180505LTSK0_롯데,2018-05-05,롯데,SK,A,Final,Win,8.0,1.0,문학,
20180505LTSK0_SK,2018-05-05,SK,롯데,H,Final,Loss,1.0,8.0,문학,
20180505NCHT0_NC,2018-05-05,NC,KIA,A,Final,Loss,4.0,12.0,광주,
20180505NCHT0_KIA,2018-05-05,KIA,NC,H,Final,Win,12.0,4.0,광주,
20180505WOKT0_넥센,2018-05-05,넥센,KT,A,Final,Win,10.0,1.0,수원,
20180505WOKT0_KT,2018-05-05,KT,넥센,H,Final,Loss,1.0,10.0,수원,
20180506OBLG0_두산,2018-05-06,두산,LG,A,Final,Win,13.0,5.0,잠실,
20180506OBLG0_LG,2018-05-06,LG,두산,H,Final,Loss,5.0,13.0,잠실,
20180506NCHT0_NC,2018-05-06,NC,KIA,A,Final,Loss,3.0,11.0,광주,
20180506NCHT0_KIA,2018-05-06,KIA,NC,H,Final,Win,11.0,3.0,광주,
20180508SKNC0_SK,2018-05-08,SK,NC,A,Final,Loss,0.0,9.0,마산,
20180508SKNC0_NC,2018-05-08,NC,SK,H,Final,Win,9.0,0.0,마산,
20180508LTLG0_롯데,2018-05-08,롯데,LG,A,Final,Win,4.0,2.0,잠실,
20180508LTLG0_LG,2018-05-08,LG,롯데,H,Final,Loss,2.0,4.0,잠실,
20180508OBHT0_두산,2018-05-08,두산,KIA,A,Final,Loss,0.0,10.0,광주,
20180508OBHT0_KIA,2018-05-08,KIA,두산,H,Final,Win,10.0,0.0,광주,
20180508SSKT0_삼성,2018-05-08,삼성,KT,A,Final,Win,9.0,4.0,수원,
20180508SSKT0_KT,2018-05-08,KT,삼성,H,Final,Loss,4.0,9.0,수원,
20180508HHWO0_한화,2018-05-08,한화,넥센,A,Final,Win,10.0,9.0,고척,
20180508HHWO0_넥센,2018-05-08,넥센,한화,H,Final,Loss,9.0,10.0,고척,
20180509SKNC0_SK,2018-05-09,SK,NC,A,Final,Win,6.0,5.0,마산,
20180509SKNC0_NC,2018-05-09,NC,SK,H,Final,Loss,5.0,6.0,마산,
20180509LTLG0_롯데,2018-05-09,롯데,LG,A,Final,Loss,2.0,3.0,잠실,
20180509LTLG0_LG,2018-05-09,LG,롯데,H,Final,Win,3.0,2.0,잠실,
20180509OBHT0_두산,2018-05-09,두산,KIA,A,Final,Win,13.0,7.0,광주,
20180509OBHT0_KIA,2018-05-09,KIA,두산,H,Final,Loss,7.0,13.0,광주,
20180509SSKT0_삼성,2018-05-09,삼성,KT,A,Final,Win,5.0,4.0,수원,
20180509SSKT0_KT,2018-05-09,KT,삼성,H,Final,Loss,4.0,5.0,수원,
20180509HHWO0_한화,2018-05-09,한화,넥센,A,Final,Win,4.0,1.0,고척,
20180509HHWO0_넥센,2018-05-09,넥센,한화,H,Final,Loss,1.0,4.0,고척,
20180510SKNC0_SK,2018-05-10,SK,NC,A,Final,Win,6.0,2.0,마산,
20180510SKNC0_NC,2018-05-10,NC,SK,H,Final,Loss,2.0,6.0,마산,
20180510LTLG0_롯데,2018-05-10,롯데,LG,A,Final,Win,7.0,2.0,잠실,
20180510LTLG0_LG,2018-05-10,LG,롯데,H,Final,Loss,2.0,7.0,잠실,
20180510OBHT0_두산,2018-05-10,두산,KIA,A,Final,Loss,5.0,6.0,광주,
20180510OBHT0_KIA,2018-05-10,KIA,두산,H,Final,Win,6.0,5.0,광주,
20180510SSKT0_삼성,2018-05-10,삼성,KT,A,Final,Loss,4.0,5.0,수원,
20180510SSKT0_KT,2018-05-10,KT,삼성,H,Final,Win,5.0,4.0,수원,
20180510HHWO0_한화,2018-05-10,한화,넥센,A,Final,Win,3.0,1.0,고척,
20180510HHWO0_넥센,2018-05-10,넥센,한화,H,Final,Loss,1.0,3.0,고척,
20180511NCHH0_NC,2018-05-11,NC,한화,A,Final,Win,4.0,2.0,한밭,
20180511NCHH0_한화,2018-05-11,한화,NC,H,Final,Loss,2.0,4.0,한밭,
20180511WOOB0_넥센,2018-05-11,넥센,두산,A,Final,Win,10.0,5.0,잠실,
20180511WOOB0_두산,2018-05-11,두산,넥센,H,Final,Loss,5.0,10.0,잠실,
20180511HTSS0_KIA,2018-05-11,KIA,삼성,A,Final,Loss,3.0,8.0,대구,
20180511HTSS0_삼성,2018-05-11,삼성,KIA,H,Final,Win,8.0,3.0,대구,
20180511KTLT0_KT,2018-05-11,KT,롯데,A,Final,Loss,2.0,6.0,사직,
20180511KTLT0_롯데,2018-05-11,롯데,KT,H,Final,Win,6.0,2.0,사직,
20180511LGSK0_LG,2018-05-11,LG,SK,A,Final,Win,14.0,9.0,문학,
20180511LGSK0_SK,2018-05-11,SK,LG,H,Final,Loss,9.0,14.0,문학,
20180513NCHH0_NC,2018-05-13,NC,한화,A,Final,Loss,0.0,4.0,한밭,
20180513NCHH0_한화,2018-05-13,한화,NC,H,Final,Win,4.0,0.0,한밭,
20180513WOOB0_넥센,2018-05-13,넥센,두산,A,Final,Win,2.0,1.0,잠실,
20180513WOOB0_두산,2018-05-13,두산,넥센,H,Final,Loss,1.0,2.0,잠실,
20180513HTSS0_KIA,2018-05-13,KIA,삼성,A,Final,Win,8.0,7.0,대구,
20180513HTSS0_삼성,2018-05-13,삼성,KIA,H,Final,Loss,7.0,8.0,대구,
20180513KTLT0_KT,2018-05-13,KT,롯데,A,Final,Loss,1.0,3.0,사직,
20180513KTLT0_롯데,2018-05-13,롯데,KT,H,Final,Win,3.0,1.0,사직,
20180513LGSK0_LG,2018-05-13,LG,SK,A,Final,Loss,0.0,10.0,문학,
20180513LGSK0_SK,2018-05-13,SK,LG,H,Final,Win,10.0,0.0,문학,
20180515KTHH0_KT,2018-05-15,KT,한화,A,Final,Win,3.0,0.0,한밭,
20180515KTHH0_한화,2018-05-15,한화,KT,H,Final,Loss,0.0,3.0,한밭,
20180515LTNC0_롯데,2018-05-15,롯데,NC,A,Final,Win,5.0,3.0,마산,
20180515LTNC0_NC,2018-05-15,NC,롯데,H,Final,Loss,3.0,5.0,마산,
20180515SKOB0_SK,2018-05-15,SK,두산,A,Final,Loss,4.0,6.0,잠실,
20180515SKOB0_두산,2018-05-15,두산,SK,H,Final,Win,6.0,4.0,잠실,
20180515HTWO0_KIA,2018-05-15,KIA,넥센,A,Final,Win,2.0,1.0,고척,
20180515HTWO0_넥센,2018-05-15,넥센,KIA,H,Final,Loss,1.0,2.0,고척,
20180515LGSS0_LG,2018-05-15,LG,삼성,A,Final,Loss,2.0,4.0,포항,
20180515LGSS0_삼성,2018-05-15,삼성,LG,H,Final,Win,4.0,2.0,포항,
20180516KTHH0_KT,2018-05-16,KT,한화,A,Final,Loss,4.0,5.0,한밭,
20180516KTHH0_한화,2018-05-16,한화,KT,H,Final,Win,5.0,4.0,한밭,
20180516SKOB0_SK,2018-05-16,SK,두산,A,Final,Loss,3.0,5.0,잠실,
20180516SKOB0_두산,2018-05-16,두산,SK,H,Final,Win,5.0,3.0,잠실,
20180516HTWO0_KIA,2018-05-16,KIA,넥센,A,Final,Loss,7.0,8.0,고척,
20180516HTWO0_넥센,2018-05-16,넥센,KIA,H,Final,Win,8.0,7.0,고척,
20180516LGSS0_LG,2018-05-16,LG,삼성,A,Final,Win,8.0,7.0,포항,
20180516LGSS0_삼성,2018-05-16,삼성,LG,H,Final,Loss,7.0,8.0,포항,
20180517KTHH0_KT,2018-05-17,KT,한화,A,Final,Loss,3.0,5.0,한밭,
20180517KTHH0_한화,2018-05-17,한화,KT,H,Final,Win,5.0,3.0,한밭,
20180517LTNC0_롯데,2018-05-17,롯데,NC,A,Final,Win,7.0,0.0,마산,
20180517LTNC0_NC,2018-05-17,NC,롯데,H,Final,Loss,0.0,7.0,마산,
20180517HTWO0_KIA,2018-05-17,KIA,넥센,A,Final,Loss,2.0,8.0,고척,
20180517HTWO0_넥센,2018-05-17,넥센,KIA,H,Final,Win,8.0,2.0,고척,
20180517LGSS0_LG,2018-05-17,LG,삼성,A,Final,Win,8.0,5.0,포항,
20180517LGSS0_삼성,2018-05-17,삼성,LG,H,Final,Loss,5.0,8.0,포항,
20180518HHLG0_한화,2018-05-18,한화,LG,A,Final,Win,4.0,3.0,잠실,
20180518HHLG0_LG,2018-05-18,LG,한화,H,Final,Loss,3.0,4.0,잠실,
20180518OBLT0_두산,2018-05-18,두산,롯데,A,Final,Win,7.0,1.0,사직,
20180518OBLT0_롯데,2018-05-18,롯데,두산,H,Final,Loss,1.0,7.0,사직,
20180518SKHT0_SK,2018-05-18,SK,KIA,A,Final,Loss,1.0,5.0,광주,
20180518SKHT0_KIA,2018-05-18,KIA,SK,H,Final,Win,5.0,1.0,광주,
20180518NCKT0_NC,2018-05-18,NC,KT,A,Final,Win,6.0,1.0,수원,
20180518NCKT0_KT,2018-05-18,KT,NC,H,Final,Loss,1.0,6.0,수원,
20180518SSWO0_삼성,2018-05-18,삼성,넥센,A,Final,Win,5.0,0.0,고척,
20180518SSWO0_넥센,2018-05-18,넥센,삼성,H,Final,Loss,0.0,5.0,고척,
20180519HHLG0_한화,2018-05-19,한화,LG,A,Final,Win,2.0,1.0,잠실,
20180519HHLG0_LG,2018-05-19,LG,한화,H,Final,Loss,1.0,2.0,잠실,
20180519OBLT0_두산,2018-05-19,두산,롯데,A,Final,Loss,2.0,15.0,사직,
20180519OBLT0_롯데,2018-05-19,롯데,두산,H,Final,Win,15.0,2.0,사직,
20180519SKHT0_SK,2018-05-19,SK,KIA,A,Final,Loss,1.0,2.0,광주,
20180519SKHT0_KIA,2018-05-19,KIA,SK,H,Final,Win,2.0,1.0,광주,
20180519NCKT0_NC,2018-05-19,NC,KT,A,Final,Loss,2.0,3.0,수원,
20180519NCKT0_KT,2018-05-19,KT,NC,H,Final,Win,3.0,2.0,수원,
20180519SSWO0_삼성,2018-05-19,삼성,넥센,A,Final,Loss,3.0,6.0,고척,
20180519SSWO0_넥센,2018-05-19,넥센,삼성,H,Final,Win,6.0,3.0,고척,
20180520HHLG0_한화,2018-05-20,한화,LG,A,Final,Loss,2.0,6.0,잠실,
20180520HHLG0_LG,2018-05-20,LG,한화,H,Final,Win,6.0,2.0,잠실,
20180520OBLT0_두산,2018-05-20,두산,롯데,A,Final,Win,7.0,6.0,사직,
20180520OBLT0_롯데,2018-05-20,롯데,두산,H,Final,Loss,6.0,7.0,사직,
20180520SKHT0_SK,2018-05-20,SK,KIA,A,Final,Loss,3.0,8.0,광주,
20180520SKHT0_KIA,2018-05-20,KIA,SK,H,Final,Win,8.0,3.0,광주,
20180520NCKT0_NC,2018-05-20,NC,KT,A,Final,Loss,3.0,18.0,수원,
20180520NCKT0_KT,2018-05-20,KT,NC,H,Final,Win,18.0,3.0,수원,
20180520SSWO0_삼성,2018-05-20,삼성,넥센,A,Final,Win,4.0,3.0,고척,
20180520SSWO0_넥센,2018-05-20,넥센,삼성,H,Final,Loss,3.0,4.0,고척,
20180522OBHH0_두산,2018-05-22,두산,한화,A,Final,Loss,7.0,8.0,한밭,
20180522OBHH0_한화,2018-05-22,한화,두산,H,Final,Win,8.0,7.0,한밭,
20180522NCLG0_NC,2018-05-22,NC,LG,A,Final,Loss,1.0,6.0,잠실,
20180522NCLG0_LG,2018-05-22,LG,NC,H,Final,Win,6.0,1.0,잠실,
20180522LTSS0_롯데,2018-05-22,롯데,삼성,A,Final,Loss,4.0,10.0,대구,
20180522LTSS0_삼성,2018-05-22,삼성,롯데,H,Final,Win,10.0,4.0,대구,
20180522WOSK0_넥센,2018-05-22,넥센,SK,A,Final,Win,10.0,4.0,문학,
20180522WOSK0_SK,2018-05-22,SK,넥센,H,Final,Loss,4.0,10.0,문학,
20180522KTHT0_KT,2018-05-22,KT,KIA,A,Final,Loss,5.0,8.0,광주,
20180522KTHT0_KIA,2018-05-22,KIA,KT,H,Final,Win,8.0,5.0,광주,
20180523OBHH0_두산,2018-05-23,두산,한화,A,Final,Loss,3.0,5.0,한밭,
20180523OBHH0_한화,2018-05-23,한화,두산,H,Final,Win,5.0,3.0,한밭,
20180523NCLG0_NC,2018-05-23,NC,LG,A,Final,Loss,2.0,12.0,잠실,
20180523NCLG0_LG,2018-05-23,LG,NC,H,Final,Win,12.0,2.0,잠실,
20180523LTSS0_롯데,2018-05-23,롯데,삼성,A,Final,Loss,4.0,6.0,대구,
20180523LTSS0_삼성,2018-05-23,삼성,롯데,H,Final,Win,6.0,4.0,대구,
20180523WOSK0_넥센,2018-05-23,넥센,SK,A,Final,Loss,2.0,13.0,문학,
20180523WOSK0_SK,2018-05-23,SK,넥센,H,Final,Win,13.0,2.0,문학,
20180523KTHT0_KT,2018-05-23,KT,KIA,A,Final,Win,9.0,8.0,광주,
20180523KTHT0_KIA,2018-05-23,KIA,KT,H,Final,Loss,8.0,9.0,광주,
20180524OBHH0_두산,2018-05-24,두산,한화,A,Final,Win,7.0,1.0,한밭,
20180524OBHH0_한화,2018-05-24,한화,두산,H,Final,Loss,1.0,7.0,한밭,
20180524NCLG0_NC,2018-05-24,NC,LG,A,Final,Loss,0.0,4.0,잠실,
20180524NCLG0_LG,2018-05-24,LG,NC,H,Final,Win,4.0,0.0,잠실,
20180524LTSS0_롯데,2018-05-24,롯데,삼성,A,Final,Loss,2.0,9.0,대구,
20180524LTSS0_삼성,2018-05-24,삼성,롯데,H,Final,Win,9.0,2.0,대구,
20180524WOSK0_넥센,2018-05-24,넥센,SK,A,Final,Loss,1.0,3.0,문학,
20180524WOSK0_SK,2018-05-24,SK,넥센,H,Final,Win,3.0,1.0,문학,
20180524KTHT0_KT,2018-05-24,KT,KIA,A,Final,Win,13.0,1.0,광주,
20180524KTHT0_KIA,2018-05-24,KIA,KT,H,Final,Loss,1.0,13.0,광주,
20180525HTNC0_KIA,2018-05-25,KIA,NC,A,Final,Win,14.0,2.0,마산,
20180525HTNC0_NC,2018-05-25,NC,KIA,H,Final,Loss,2.0,14.0,마산,
20180525SSOB0_삼성,2018-05-25,삼성,두산,A,Final,Win,6.0,1.0,잠실,
20180525SSOB0_두산,2018-05-25,두산,삼성,H,Final,Loss,1.0,6.0,잠실,
20180525HHSK0_한화,2018-05-25,한화,SK,A,Final,Loss,1.0,5.0,문학,
20180525HHSK0_SK,2018-05-25,SK,한화,H,Final,Win,5.0,1.0,문학,
20180525LGKT0_LG,2018-05-25,LG,KT,A,Final,Loss,7.0,13.0,수원,
20180525LGKT0_KT,2018-05-25,KT,LG,H,Final,Win,13.0,7.0,수원,
20180525LTWO0_롯데,2018-05-25,롯데,넥센,A,Final,Loss,2.0,13.0,고척,
20180525LTWO0_넥센,2018-05-25,넥센,롯데,H,Final,Win,13.0,2.0,고척,
20180526HTNC0_KIA,2018-05-26,KIA,NC,A,Final,Loss,0.0,5.0,마산,
20180526HTNC0_NC,2018-05-26,NC,KIA,H,Final,Win,5.0,0.0,마산,
20180526SSOB0_삼성,2018-05-26,삼성,두산,A,Final,Loss,1.0,6.0,잠실,
20180526SSOB0_두산,2018-05-26,두산,삼성,H,Final,Win,6.0,1.0,잠실,
20180526HHSK0_한화,2018-05-26,한화,SK,A,Final,Loss,2.0,7.0,문학,
20180526HHSK0_SK,2018-05-26,SK,한화,H,Final,Win,7.0,2.0,문학,
20180526LGKT0_LG,2018-05-26,LG,KT,A,Final,Win,5.0,0.0,수원,
20180526LGKT0_KT,2018-05-26,KT,LG,H,Final,Loss,0.0,5.0,수원,
20180526LTWO0_롯데,2018-05-26,롯데,넥센,A,Final,Loss,2.0,3.0,고척,
20180526LTWO0_넥센,2018-05-26,넥센,롯데,H,Final,Win,3.0,2.0,고척,
20180527HTNC0_KIA,2018-05-27,KIA,NC,A,Final,Win,12.0,1.0,마산,
20180527HTNC0_NC,2018-05-27,NC,KIA,H,Final,Loss,1.0,12.0,마산,
20180527SSOB0_삼성,2018-05-27,삼성,두산,A,Final,Loss,2.0,8.0,잠실,
20180527SSOB0_두산,2018-05-27,두산,삼성,H,Final,Win,8.0,2.0,잠실,
20180527HHSK0_한화,2018-05-27,한화,SK,A,Final,Win,7.0,5.0,문학,
20180527HHSK0_SK,2018-05-27,SK,한화,H,Final,Loss,5.0,7.0,문학,
20180527LGKT0_LG,2018-05-27,LG,KT,A,Final,Loss,7.0,8.0,수원,
20180527LGKT0_KT,2018-05-27,KT,LG,H,Final,Win,8.0,7.0,수원,
20180527LTWO0_롯데,2018-05-27,롯데,넥센,A,Final,Win,6.0,4.0,고척,
20180527LTWO0_넥센,2018-05-27,넥센,롯데,H,Final,Loss,4.0,6.0,고척,
20180529NCHH0_NC,2018-05-29,NC,한화,A,Final,Loss,2.0,7.0,한밭,
20180529NCHH0_한화,2018-05-29,한화,NC,H,Final,Win,7.0,2.0,한밭,
20180529KTSS0_KT,2018-05-29,KT,삼성,A,Final,Win,14.0,4.0,대구,
20180529KTSS0_삼성,2018-05-29,삼성,KT,H,Final,Loss,4.0,14.0,대구,
20180529LGLT0_LG,2018-05-29,LG,롯데,A,Final,Win,5.0,3.0,사직,
20180529LGLT0_롯데,2018-05-29,롯데,LG,H,Final,Loss,3.0,5.0,사직,
20180529WOHT0_넥센,2018-05-29,넥센,KIA,A,Final,Win,12.0,8.0,광주,
20180529WOHT0_KIA,2018-05-29,KIA,넥센,H,Final,Loss,8.0,12.0,광주,
20180530NCHH0_NC,2018-05-30,NC,한화,A,Final,Loss,4.0,10.0,한밭,
20180530NCHH0_한화,2018-05-30,한화,NC,H,Final,Win,10.0,4.0,한밭,
20180530SKOB0_SK,2018-05-30,SK,두산,A,Final,Loss,3.0,11.0,잠실,
20180530SKOB0_두산,2018-05-30,두산,SK,H,Final,Win,11.0,3.0,잠실,
20180530KTSS0_KT,2018-05-30,KT,삼성,A,Final,Loss,3.0,4.0,대구,
20180530KTSS0_삼성,2018-05-30,삼성,KT,H,Final,Win,4.0,3.0,대구,
20180530LGLT0_LG,2018-05-30,LG,롯데,A,Final,Win,15.0,5.0,사직,
20180530LGLT0_롯데,2018-05-30,롯데,LG,H,Final,Loss,5.0,15.0,사직,
20180530WOHT0_넥센,2018-05-30,넥센,KIA,A,Final,Win,6.0,1.0,광주,
20180530WOHT0_KIA,2018-05-30,KIA,넥센,H,Final,Loss,1.0,6.0,광주,
20180531NCHH0_NC,2018-05-31,NC,한화,A,Final,Win,5.0,4.0,한밭,
20180531NCHH0_한화,2018-05-31,한화,NC,H,Final,Loss,4.0,5.0,한밭,
20180531SKOB0_SK,2018-05-31,SK,두산,A,Final,Loss,4.0,6.0,잠실,
20180531SKOB0_두산,2018-05-31,두산,SK,H,Final,Win,6.0,4.0,잠실,
20180531KTSS0_KT,2018-05-31,KT,삼성,A,Final,Loss,0.0,6.0,대구,
20180531KTSS0_삼성,2018-05-31,삼성,KT,H,Final,Win,6.0,0.0,대구,
20180531LGLT0_LG,2018-05-31,LG,롯데,A,Final,Win,11.0,10.0,사직,
20180531LGLT0_롯데,2018-05-31,롯데,LG,H,Final,Loss,10.0,11.0,사직,
20180531WOHT0_넥센,2018-05-31,넥센,KIA,A,Final,Loss,0.0,5.0,광주,
20180531WOHT0_KIA,2018-05-31,KIA,넥센,H,Final,Win,5.0,0.0,광주,
20180601SSNC0_삼성,2018-06-01,삼성,NC,A,Final,Win,5.0,3.0,마산,
20180601SSNC0_NC,2018-06-01,NC,삼성,H,Final,Loss,3.0,5.0,마산,
20180601WOLG0_넥센,2018-06-01,넥센,LG,A,Final,Loss,1.0,3.0,잠실,
20180601WOLG0_LG,2018-06-01,LG,넥센,H,Final,Win,3.0,1.0,잠실,
20180601HHLT0_한화,2018-06-01,한화,롯데,A,Final,Win,13.0,6.0,사직,
20180601HHLT0_롯데,2018-06-01,롯데,한화,H,Final,Loss,6.0,13.0,사직,
20180601KTSK0_KT,2018-06-01,KT,SK,A,Final,Loss,1.0,8.0,문학,
20180601KTSK0_SK,2018-06-01,SK,KT,H,Final,Win,8.0,1.0,문학,
20180601OBHT0_두산,2018-06-01,두산,KIA,A,Final,Win,5.0,3.0,광주,
20180601OBHT0_KIA,2018-06-01,KIA,두산,H,Final,Loss,3.0,5.0,광주,
20180602SSNC0_삼성,2018-06-02,삼성,NC,A,Final,Win,6.0,4.0,마산,
20180602SSNC0_NC,2018-06-02,NC,삼성,H,Final,Loss,4.0,6.0,마산,
20180602WOLG0_넥센,2018-06-02,넥센,LG,A,Final,Loss,6.0,10.0,잠실,
20180602WOLG0_LG,2018-06-02,LG,넥센,H,Final,Win,10.0,6.0,잠실,
20180602HHLT0_한화,2018-06-02,한화,롯데,A,Final,Win,3.0,2.0,사직,
20180602HHLT0_롯데,2018-06-02,롯데,한화,H,Final,Loss,2.0,3.0,사직,
20180602KTSK0_KT,2018-06-02,KT,SK,A,Final,Loss,1.0,6.0,문학,
20180602KTSK0_SK,2018-06-02,SK,KT,H,Final,Win,6.0,1.0,문학,
20180602OBHT0_두산,2018-06-02,두산,KIA,A,Final,Win,10.0,0.0,광주,
20180602OBHT0_KIA,2018-06-02,KIA,두산,H,Final,Loss,0.0,10.0,광주,
20180603SSNC0_삼성,2018-06-03,삼성,NC,A,Final,Win,8.0,7.0,마산,
20180603SSNC0_NC,2018-06-03,NC,삼성,H,Final,Loss,7.0,8.0,마산,
20180603WOLG0_넥센,2018-06-03,넥센,LG,A,Final,Loss,0.0,8.0,잠실,
20180603WOLG0_LG,2018-06-03,LG,넥센,H,Final,Win,8.0,0.0,잠실,
20180603HHLT0_한화,2018-06-03,한화,롯데,A,Final,Loss,0.0,6.0,사직,
20180603HHLT0_롯데,2018-06-03,롯데,한화,H,Final,Win,6.0,0.0,사직,
20180603KTSK0_KT,2018-06-03,KT,SK,A,Final,Win,6.0,3.0,문학,
20180603KTSK0_SK,2018-06-03,SK,KT,H,Final,Loss,3.0,6.0,문학,
20180603OBHT0_두산,2018-06-03,두산,KIA,A,Final,Loss,11.0,12.0,광주,
20180603OBHT0_KIA,2018-06-03,KIA,두산,H,Final,Win,12.0,11.0,광주,
20180605LTNC0_롯데,2018-06-05,롯데,NC,A,Final,Win,12.0,6.0,마산,
20180605LTNC0_NC,2018-06-05,NC,롯데,H,Final,Loss,6.0,12.0,마산,
20180605HHLG0_한화,2018-06-05,한화,LG,A,Final,Loss,3.0,7.0,잠실,
20180605HHLG0_LG,2018-06-05,LG,한화,H,Final,Win,7.0,3.0,잠실,
20180605SSSK0_삼성,2018-06-05,삼성,SK,A,Final,Loss,2.0,6.0,문학,
20180605SSSK0_SK,2018-06-05,SK,삼성,H,Final,Win,6.0,2.0,문학,
20180605HTKT0_KIA,2018-06-05,KIA,KT,A,Final,Win,11.0,2.0,수원,
20180605HTKT0_KT,2018-06-05,KT,KIA,H,Final,Loss,2.0,11.0,수원,
20180605OBWO0_두산,2018-06-05,두산,넥센,A,Final,Loss,6.0,13.0,고척,
20180605OBWO0_넥센,2018-06-05,넥센,두산,H,Final,Win,13.0,6.0,고척,
20180606HHLG0_한화,2018-06-06,한화,LG,A,Final,Win,5.0,1.0,잠실,
20180606HHLG0_LG,2018-06-06,LG,한화,H,Final,Loss,1.0,5.0,잠실,
20180606HTKT0_KIA,2018-06-06,KIA,KT,A,Final,Win,5.0,2.0,수원,
20180606HTKT0_KT,2018-06-06,KT,KIA,H,Final,Loss,2.0,5.0,수원,
20180606OBWO0_두산,2018-06-06,두산,넥센,A,Final,Win,7.0,3.0,고척,
20180606OBWO0_넥센,2018-06-06,넥센,두산,H,Final,Loss,3.0,7.0,고척,
20180606LTNC0_롯데,2018-06-06,롯데,NC,A,Final,Win,10.0,5.0,마산,
20180606LTNC0_NC,2018-06-06,NC,롯데,H,Final,Loss,5.0,10.0,마산,
20180606SSSK0_삼성,2018-06-06,삼성,SK,A,Final,Loss,2.0,7.0,문학,
20180606SSSK0_SK,2018-06-06,SK,삼성,H,Final,Win,7.0,2.0,문학,
20180607LTNC0_롯데,2018-06-07,롯데,NC,A,Final,Loss,4.0,5.0,마산,
20180607LTNC0_NC,2018-06-07,NC,롯데,H,Final,Win,5.0,4.0,마산,
20180607HHLG0_한화,2018-06-07,한화,LG,A,Final,Loss,5.0,6.0,잠실,
20180607HHLG0_LG,2018-06-07,LG,한화,H,Final,Win,6.0,5.0,잠실,
20180607SSSK0_삼성,2018-06-07,삼성,SK,A,Final,Win,6.0,2.0,문학,
20180607SSSK0_SK,2018-06-07,SK,삼성,H,Final,Loss,2.0,6.0,문학,
20180607HTKT0_KIA,2018-06-07,KIA,KT,A,Final,Win,2.0,1.0,수원,
20180607HTKT0_KT,2018-06-07,KT,KIA,H,Final,Loss,1.0,2.0,수원,
20180607OBWO0_두산,2018-06-07,두산,넥센,A,Final,Win,3.0,0.0,고척,
20180607OBWO0_넥센,2018-06-07,넥센,두산,H,Final,Loss,0.0,3.0,고척,
20180608SKHH0_SK,2018-06-08,SK,한화,A,Final,Loss,5.0,7.0,한밭,
20180608SKHH0_한화,2018-06-08,한화,SK,H,Final,Win,7.0,5.0,한밭,
20180608NCOB0_NC,2018-06-08,NC,두산,A,Final,Loss,1.0,6.0,잠실,
20180608NCOB0_두산,2018-06-08,두산,NC,H,Final,Win,6.0,1.0,잠실,
20180608LGSS0_LG,2018-06-08,LG,삼성,A,Final,Win,9.0,5.0,대구,
20180608LGSS0_삼성,2018-06-08,삼성,LG,H,Final,Loss,5.0,9.0,대구,
20180608HTLT0_KIA,2018-06-08,KIA,롯데,A,Final,Loss,6.0,9.0,사직,
20180608HTLT0_롯데,2018-06-08,롯데,KIA,H,Final,Win,9.0,6.0,사직,
20180608WOKT0_넥센,2018-06-08,넥센,KT,A,Final,Win,11.0,5.0,수원,
20180608WOKT0_KT,2018-06-08,KT,넥센,H,Final,Loss,5.0,11.0,수원,
20180609SKHH0_SK,2018-06-09,SK,한화,A,Final,Win,4.0,2.0,한밭,
20180609SKHH0_한화,2018-06-09,한화,SK,H,Final,Loss,2.0,4.0,한밭,
20180609NCOB0_NC,2018-06-09,NC,두산,A,Final,Loss,0.0,3.0,잠실,
20180609NCOB0_두산,2018-06-09,두산,NC,H,Final,Win,3.0,0.0,잠실,
20180609LGSS0_LG,2018-06-09,LG,삼성,A,Final,Win,6.0,0.0,대구,
20180609LGSS0_삼성,2018-06-09,삼성,LG,H,Final,Loss,0.0,6.0,대구,
20180609HTLT0_KIA,2018-06-09,KIA,롯데,A,Final,Win,7.0,5.0,사직,
20180609HTLT0_롯데,2018-06-09,롯데,KIA,H,Final,Loss,5.0,7.0,사직,
20180609WOKT0_넥센,2018-06-09,넥센,KT,A,Final,Loss,2.0,5.0,수원,
20180609WOKT0_KT,2018-06-09,KT,넥센,H,Final,Win,5.0,2.0,수원,
20180610SKHH0_SK,2018-06-10,SK,한화,A,Final,Loss,3.0,4.0,한밭,
20180610SKHH0_한화,2018-06-10,한화,SK,H,Final,Win,4.0,3.0,한밭,
20180610NCOB0_NC,2018-06-10,NC,두산,A,Final,Loss,3.0,6.0,잠실,
20180610NCOB0_두산,2018-06-10,두산,NC,H,Final,Win,6.0,3.0,잠실,
20180610LGSS0_LG,2018-06-10,LG,삼성,A,Final,Loss,3.0,12.0,대구,
20180610LGSS0_삼성,2018-06-10,삼성,LG,H,Final,Win,12.0,3.0,대구,
20180610WOKT0_넥센,2018-06-10,넥센,KT,A,Final,Win,6.0,1.0,수원,
20180610WOKT0_KT,2018-06-10,KT,넥센,H,Final,Loss,1.0,6.0,수원,
20180612LGNC0_LG,2018-06-12,LG,NC,A,Final,Loss,4.0,8.0,마산,
20180612LGNC0_NC,2018-06-12,NC,LG,H,Final,Win,8.0,4.0,마산,
20180612KTOB0_KT,2018-06-12,KT,두산,A,Final,Loss,2.0,3.0,잠실,
20180612KTOB0_두산,2018-06-12,두산,KT,H,Final,Win,3.0,2.0,잠실,
20180612SSLT0_삼성,2018-06-12,삼성,롯데,A,Final,Win,4.0,2.0,사직,
20180612SSLT0_롯데,2018-06-12,롯데,삼성,H,Final,Loss,2.0,4.0,사직,
20180612SKHT0_SK,2018-06-12,SK,KIA,A,Final,Loss,0.0,4.0,광주,
20180612SKHT0_KIA,2018-06-12,KIA,SK,H,Final,Win,4.0,0.0,광주,
20180612HHWO0_한화,2018-06-12,한화,넥센,A,Final,Win,6.0,2.0,고척,
20180612HHWO0_넥센,2018-06-12,넥센,한화,H,Final,Loss,2.0,6.0,고척,
20180613LGNC0_LG,2018-06-13,LG,NC,A,Final,Loss,3.0,6.0,마산,
20180613LGNC0_NC,2018-06-13,NC,LG,H,Final,Win,6.0,3.0,마산,
20180613KTOB0_KT,2018-06-13,KT,두산,A,Final,Loss,4.0,6.0,잠실,
20180613KTOB0_두산,2018-06-13,두산,KT,H,Final,Win,6.0,4.0,잠실,
20180613SSLT0_삼성,2018-06-13,삼성,롯데,A,Final,Loss,9.0,10.0,사직,
20180613SSLT0_롯데,2018-06-13,롯데,삼성,H,Final,Win,10.0,9.0,사직,
20180613SKHT0_SK,2018-06-13,SK,KIA,A,Final,Win,5.0,4.0,광주,
20180613SKHT0_KIA,2018-06-13,KIA,SK,H,Final,Loss,4.0,5.0,광주,
20180613HHWO0_한화,2018-06-13,한화,넥센,A,Final,Loss,2.0,4.0,고척,
20180613HHWO0_넥센,2018-06-13,넥센,한화,H,Final,Win,4.0,2.0,고척,
20180614LGNC0_LG,2018-06-14,LG,NC,A,Final,Loss,7.0,11.0,마산,
20180614LGNC0_NC,2018-06-14,NC,LG,H,Final,Win,11.0,7.0,마산,
20180614KTOB0_KT,2018-06-14,KT,두산,A,Final,Loss,8.0,9.0,잠실,
20180614KTOB0_두산,2018-06-14,두산,KT,H,Final,Win,9.0,8.0,잠실,
20180614SSLT0_삼성,2018-06-14,삼성,롯데,A,Final,Win,11.0,9.0,사직,
20180614SSLT0_롯데,2018-06-14,롯데,삼성,H,Final,Loss,9.0,11.0,사직,
20180614SKHT0_SK,2018-06-14,SK,KIA,A,Final,Win,9.0,2.0,광주,
20180614SKHT0_KIA,2018-06-14,KIA,SK,H,Final,Loss,2.0,9.0,광주,
20180614HHWO0_한화,2018-06-14,한화,넥센,A,Final,Win,9.0,8.0,고척,
20180614HHWO0_넥센,2018-06-14,넥센,한화,H,Final,Loss,8.0,9.0,고척,
20180615KTNC0_KT,2018-06-15,KT,NC,A,Final,Loss,4.0,5.0,마산,
20180615KTNC0_NC,2018-06-15,NC,KT,H,Final,Win,5.0,4.0,마산,
20180615OBHH0_두산,2018-06-15,두산,한화,A,Final,Win,13.0,4.0,한밭,
20180615OBHH0_한화,2018-06-15,한화,두산,H,Final,Loss,4.0,13.0,한밭,
20180615HTLG0_KIA,2018-06-15,KIA,LG,A,Final,Loss,3.0,4.0,잠실,
20180615HTLG0_LG,2018-06-15,LG,KIA,H,Final,Win,4.0,3.0,잠실,
20180615LTSK0_롯데,2018-06-15,롯데,SK,A,Final,Win,14.0,6.0,문학,
20180615LTSK0_SK,2018-06-15,SK,롯데,H,Final,Loss,6.0,14.0,문학,
20180615SSWO0_삼성,2018-06-15,삼성,넥센,A,Final,Loss,2.0,9.0,고척,
20180615SSWO0_넥센,2018-06-15,넥센,삼성,H,Final,Win,9.0,2.0,고척,
20180616KTNC0_KT,2018-06-16,KT,NC,A,Final,Loss,1.0,5.0,마산,
20180616KTNC0_NC,2018-06-16,NC,KT,H,Final,Win,5.0,1.0,마산,
20180616OBHH0_두산,2018-06-16,두산,한화,A,Final,Win,8.0,3.0,한밭,
20180616OBHH0_한화,2018-06-16,한화,두산,H,Final,Loss,3.0,8.0,한밭,
20180616HTLG0_KIA,2018-06-16,KIA,LG,A,Final,Loss,3.0,4.0,잠실,
20180616HTLG0_LG,2018-06-16,LG,KIA,H,Final,Win,4.0,3.0,잠실,
20180616LTSK0_롯데,2018-06-16,롯데,SK,A,Final,Win,9.0,3.0,문학,
20180616LTSK0_SK,2018-06-16,SK,롯데,H,Final,Loss,3.0,9.0,문학,
20180616SSWO0_삼성,2018-06-16,삼성,넥센,A,Final,Loss,1.0,9.0,고척,
20180616SSWO0_넥센,2018-06-16,넥센,삼성,H,Final,Win,9.0,1.0,고척,
20180617KTNC0_KT,2018-06-17,KT,NC,A,Final,Win,5.0,4.0,마산,
20180617KTNC0_NC,2018-06-17,NC,KT,H,Final,Loss,4.0,5.0,마산,
20180617OBHH0_두산,2018-06-17,두산,한화,A,Final,Loss,6.0,11.0,한밭,
20180617OBHH0_한화,2018-06-17,한화,두산,H,Final,Win,11.0,6.0,한밭,
20180617HTLG0_KIA,2018-06-17,KIA,LG,A,Final,Loss,6.0,9.0,잠실,
20180617HTLG0_LG,2018-06-17,LG,KIA,H,Final,Win,9.0,6.0,잠실,
20180617LTSK0_롯데,2018-06-17,롯데,SK,A,Final,Win,13.0,7.0,문학,
20180617LTSK0_SK,2018-06-17,SK,롯데,H,Final,Loss,7.0,13.0,문학,
20180617SSWO0_삼성,2018-06-17,삼성,넥센,A,Final,Loss,8.0,12.0,고척,
20180617SSWO0_넥센,2018-06-17,넥센,삼성,H,Final,Win,12.0,8.0,고척,
20180619WOOB0_넥센,2018-06-19,넥센,두산,A,Final,Win,6.0,5.0,잠실,
20180619WOOB0_두산,2018-06-19,두산,넥센,H,Final,Loss,5.0,6.0,잠실,
20180619LTKT0_롯데,2018-06-19,롯데,KT,A,Final,Win,9.0,7.0,수원,
20180619LTKT0_KT,2018-06-19,KT,롯데,H,Final,Loss,7.0,9.0,수원,
20180619LGHH0_LG,2018-06-19,LG,한화,A,Final,Win,4.0,0.0,청주,
20180619LGHH0_한화,2018-06-19,한화,LG,H,Final,Loss,0.0,4.0,청주,
20180620WOOB0_넥센,2018-06-20,넥센,두산,A,Final,Win,8.0,5.0,잠실,
20180620WOOB0_두산,2018-06-20,두산,넥센,H,Final,Loss,5.0,8.0,잠실,
20180620SKSS0_SK,2018-06-20,SK,삼성,A,Final,Loss,4.0,6.0,대구,
20180620SKSS0_삼성,2018-06-20,삼성,SK,H,Final,Win,6.0,4.0,대구,
20180620NCHT0_NC,2018-06-20,NC,KIA,A,Final,Loss,5.0,6.0,광주,
20180620NCHT0_KIA,2018-06-20,KIA,NC,H,Final,Win,6.0,5.0,광주,
20180620LTKT0_롯데,2018-06-20,롯데,KT,A,Final,Win,11.0,4.0,수원,
20180620LTKT0_KT,2018-06-20,KT,롯데,H,Final,Loss,4.0,11.0,수원,
20180620LGHH0_LG,2018-06-20,LG,한화,A,Final,Loss,7.0,11.0,청주,
20180620LGHH0_한화,2018-06-20,한화,LG,H,Final,Win,11.0,7.0,청주,
20180621WOOB0_넥센,2018-06-21,넥센,두산,A,Final,Loss,3.0,9.0,잠실,
20180621WOOB0_두산,2018-06-21,두산,넥센,H,Final,Win,9.0,3.0,잠실,
20180621SKSS0_SK,2018-06-21,SK,삼성,A,Final,Win,5.0,1.0,대구,
20180621SKSS0_삼성,2018-06-21,삼성,SK,H,Final,Loss,1.0,5.0,대구,
20180621NCHT0_NC,2018-06-21,NC,KIA,A,Final,Win,7.0,4.0,광주,
20180621NCHT0_KIA,2018-06-21,KIA,NC,H,Final,Loss,4.0,7.0,광주,
20180621LGHH0_LG,2018-06-21,LG,한화,A,Final,Loss,6.0,9.0,청주,
20180621LGHH0_한화,2018-06-21,한화,LG,H,Final,Win,9.0,6.0,청주,
20180622HHNC0_한화,2018-06-22,한화,NC,A,Final,Win,5.0,0.0,마산,
20180622HHNC0_NC,2018-06-22,NC,한화,H,Final,Loss,0.0,5.0,마산,
20180622LTLG0_롯데,2018-06-22,롯데,LG,A,Final,Loss,1.0,2.0,잠실,
20180622LTLG0_LG,2018-06-22,LG,롯데,H,Final,Win,2.0,1.0,잠실,
20180622OBSS0_두산,2018-06-22,두산,삼성,A,Final,Loss,14.0,16.0,대구,
20180622OBSS0_삼성,2018-06-22,삼성,두산,H,Final,Win,16.0,14.0,대구,
20180622SKKT0_SK,2018-06-22,SK,KT,A,Final,Win,13.0,9.0,수원,
20180622SKKT0_KT,2018-06-22,KT,SK,H,Final,Loss,9.0,13.0,수원,
20180622HTWO0_KIA,2018-06-22,KIA,넥센,A,Final,Win,8.0,5.0,고척,
20180622HTWO0_넥센,2018-06-22,넥센,KIA,H,Final,Loss,5.0,8.0,고척,
20180623HHNC0_한화,2018-06-23,한화,NC,A,Final,Win,8.0,1.0,마산,
20180623HHNC0_NC,2018-06-23,NC,한화,H,Final,Loss,1.0,8.0,마산,
20180623LTLG0_롯데,2018-06-23,롯데,LG,A,Final,Loss,8.0,18.0,잠실,
20180623LTLG0_LG,2018-06-23,LG,롯데,H,Final,Win,18.0,8.0,잠실,
20180623OBSS0_두산,2018-06-23,두산,삼성,A,Final,Win,11.0,4.0,대구,
20180623OBSS0_삼성,2018-06-23,삼성,두산,H,Final,Loss,4.0,11.0,대구,
20180623SKKT0_SK,2018-06-23,SK,KT,A,Final,Win,7.0,4.0,수원,
20180623SKKT0_KT,2018-06-23,KT,SK,H,Final,Loss,4.0,7.0,수원,
20180623HTWO0_KIA,2018-06-23,KIA,넥센,A,Final,Loss,4.0,9.0,고척,
20180623HTWO0_넥센,2018-06-23,넥센,KIA,H,Final,Win,9.0,4.0,고척,
20180624HHNC0_한화,2018-06-24,한화,NC,A,Final,Win,5.0,3.0,마산,
20180624HHNC0_NC,2018-06-24,NC,한화,H,Final,Loss,3.0,5.0,마산,
20180624OBSS0_두산,2018-06-24,두산,삼성,A,Final,Win,12.0,7.0,대구,
20180624OBSS0_삼성,2018-06-24,삼성,두산,H,Final,Loss,7.0,12.0,대구,
20180624SKKT0_SK,2018-06-24,SK,KT,A,Final,Loss,0.0,4.0,수원,
20180624SKKT0_KT,2018-06-24,KT,SK,H,Final,Win,4.0,0.0,수원,
20180624HTWO0_KIA,2018-06-24,KIA,넥센,A,Final,Win,14.0,10.0,고척,
20180624HTWO0_넥센,2018-06-24,넥센,KIA,H,Final,Loss,10.0,14.0,고척,
20180626OBNC0_두산,2018-06-26,두산,NC,A,Final,Loss,4.0,5.0,마산,
20180626OBNC0_NC,2018-06-26,NC,두산,H,Final,Win,5.0,4.0,마산,
20180626SSHH0_삼성,2018-06-26,삼성,한화,A,Final,Win,13.0,2.0,한밭,
20180626SSHH0_한화,2018-06-26,한화,삼성,H,Final,Loss,2.0,13.0,한밭,
20180626WOLT0_넥센,2018-06-26,넥센,롯데,A,Final,Win,9.0,3.0,사직,
20180626WOLT0_롯데,2018-06-26,롯데,넥센,H,Final,Loss,3.0,9.0,사직,
20180627OBNC0_두산,2018-06-27,두산,NC,A,Final,Win,6.0,3.0,마산,
20180627OBNC0_NC,2018-06-27,NC,두산,H,Final,Loss,3.0,6.0,마산,
20180627SSHH0_삼성,2018-06-27,삼성,한화,A,Final,Loss,0.0,4.0,한밭,
20180627SSHH0_한화,2018-06-27,한화,삼성,H,Final,Win,4.0,0.0,한밭,
20180627KTLG0_KT,2018-06-27,KT,LG,A,Final,Loss,2.0,7.0,잠실,
20180627KTLG0_LG,2018-06-27,LG,KT,H,Final,Win,7.0,2.0,잠실,
20180627WOLT0_넥센,2018-06-27,넥센,롯데,A,Final,Loss,8.0,9.0,사직,
20180627WOLT0_롯데,2018-06-27,롯데,넥센,H,Final,Win,9.0,8.0,사직,
20180627HTSK0_KIA,2018-06-27,KIA,SK,A,Final,Loss,2.0,3.0,문학,
20180627HTSK0_SK,2018-06-27,SK,KIA,H,Final,Win,3.0,2.0,문학,
20180628OBNC0_두산,2018-06-28,두산,NC,A,Final,Win,9.0,0.0,마산,
20180628OBNC0_NC,2018-06-28,NC,두산,H,Final,Loss,0.0,9.0,마산,
20180628SSHH0_삼성,2018-06-28,삼성,한화,A,Final,Loss,3.0,8.0,한밭,
20180628SSHH0_한화,2018-06-28,한화,삼성,H,Final,Win,8.0,3.0,한밭,
20180628WOLT0_넥센,2018-06-28,넥센,롯데,A,Final,Loss,6.0,8.0,사직,
20180628WOLT0_롯데,2018-06-28,롯데,넥센,H,Final,Win,8.0,6.0,사직,
20180629LTHH0_롯데,2018-06-29,롯데,한화,A,Final,Loss,2.0,5.0,한밭,
20180629LTHH0_한화,2018-06-29,한화,롯데,H,Final,Win,5.0,2.0,한밭,
20180629HTOB0_KIA,2018-06-29,KIA,두산,A,Final,Win,7.0,4.0,잠실,
20180629HTOB0_두산,2018-06-29,두산,KIA,H,Final,Loss,4.0,7.0,잠실,
20180629WOSS0_넥센,2018-06-29,넥센,삼성,A,Final,Win,8.0,7.0,대구,
20180629WOSS0_삼성,2018-06-29,삼성,넥센,H,Final,Loss,7.0,8.0,대구,
20180629LGSK0_LG,2018-06-29,LG,SK,A,Final,Loss,1.0,10.0,문학,
20180629LGSK0_SK,2018-06-29,SK,LG,H,Final,Win,10.0,1.0,문학,
20180629NCKT0_NC,2018-06-29,NC,KT,A,Final,Loss,3.0,7.0,수원,
20180629NCKT0_KT,2018-06-29,KT,NC,H,Final,Win,7.0,3.0,수원,
20180630LTHH0_롯데,2018-06-30,롯데,한화,A,Final,Loss,5.0,6.0,한밭,
20180630LTHH0_한화,2018-06-30,한화,롯데,H,Final,Win,6.0,5.0,한밭,
20180630HTOB0_KIA,2018-06-30,KIA,두산,A,Final,Loss,2.0,12.0,잠실,
20180630HTOB0_두산,2018-06-30,두산,KIA,H,Final,Win,12.0,2.0,잠실,
20180630LGSK0_LG,2018-06-30,LG,SK,A,Final,Loss,3.0,6.0,문학,
20180630LGSK0_SK,2018-06-30,SK,LG,H,Final,Win,6.0,3.0,문학,
20180630NCKT0_NC,2018-06-30,NC,KT,A,Final,Loss,0.0,1.0,수원,
20180630NCKT0_KT,2018-06-30,KT,NC,H,Final,Win,1.0,0.0,수원,
20180701WOSS0_넥센,2018-07-01,넥센,삼성,A,Final,Win,3.0,1.0,대구,
20180701WOSS0_삼성,2018-07-01,삼성,넥센,H,Final,Loss,1.0,3.0,대구,
20180703NCLG0_NC,2018-07-03,NC,LG,A,Final,Win,13.0,6.0,잠실,
20180703NCLG0_LG,2018-07-03,LG,NC,H,Final,Loss,6.0,13.0,잠실,
20180703HHHT0_한화,2018-07-03,한화,KIA,A,Final,Loss,2.0,9.0,광주,
20180703HHHT0_KIA,2018-07-03,KIA,한화,H,Final,Win,9.0,2.0,광주,
20180703SKWO0_SK,2018-07-03,SK,넥센,A,Final,Win,9.0,3.0,고척,
20180703SKWO0_넥센,2018-07-03,넥센,SK,H,Final,Loss,3.0,9.0,고척,
20180704NCLG0_NC,2018-07-04,NC,LG,A,Final,Loss,3.0,13.0,잠실,
20180704NCLG0_LG,2018-07-04,LG,NC,H,Final,Win,13.0,3.0,잠실,
20180704OBLT0_두산,2018-07-04,두산,롯데,A,Final,Win,7.0,4.0,사직,
20180704OBLT0_롯데,2018-07-04,롯데,두산,H,Final,Loss,4.0,7.0,사직,
20180704HHHT0_한화,2018-07-04,한화,KIA,A,Final,Loss,4.0,6.0,광주,
20180704HHHT0_KIA,2018-07-04,KIA,한화,H,Final,Win,6.0,4.0,광주,
20180704SSKT0_삼성,2018-07-04,삼성,KT,A,Final,Loss,5.0,6.0,수원,
20180704SSKT0_KT,2018-07-04,KT,삼성,H,Final,Win,6.0,5.0,수원,
20180704SKWO0_SK,2018-07-04,SK,넥센,A,Final,Loss,6.0,7.0,고척,
20180704SKWO0_넥센,2018-07-04,넥센,SK,H,Final,Win,7.0,6.0,고척,
20180705NCLG0_NC,2018-07-05,NC,LG,A,Final,Win,5.0,3.0,잠실,
20180705NCLG0_LG,2018-07-05,LG,NC,H,Final,Loss,3.0,5.0,잠실,
20180705OBLT0_두산,2018-07-05,두산,롯데,A,Final,Win,9.0,2.0,사직,
20180705OBLT0_롯데,2018-07-05,롯데,두산,H,Final,Loss,2.0,9.0,사직,
20180705HHHT0_한화,2018-07-05,한화,KIA,A,Final,Win,8.0,2.0,광주,
20180705HHHT0_KIA,2018-07-05,KIA,한화,H,Final,Loss,2.0,8.0,광주,
20180705SKWO0_SK,2018-07-05,SK,넥센,A,Final,Loss,2.0,3.0,고척,
20180705SKWO0_넥센,2018-07-05,넥센,SK,H,Final,Win,3.0,2.0,고척,
20180706SSOB0_삼성,2018-07-06,삼성,두산,A,Final,Loss,6.0,13.0,잠실,
20180706SSOB0_두산,2018-07-06,두산,삼성,H,Final,Win,13.0,6.0,잠실,
20180706KTLT0_KT,2018-07-06,KT,롯데,A,Final,Loss,9.0,11.0,사직,
20180706KTLT0_롯데,2018-07-06,롯데,KT,H,Final,Win,11.0,9.0,사직,
20180706HHSK0_한화,2018-07-06,한화,SK,A,Final,Loss,0.0,6.0,문학,
20180706HHSK0_SK,2018-07-06,SK,한화,H,Final,Win,6.0,0.0,문학,
20180706LGHT0_LG,2018-07-06,LG,KIA,A,Final,Loss,4.0,13.0,광주,
20180706LGHT0_KIA,2018-07-06,KIA,LG,H,Final,Win,13.0,4.0,광주,
20180706NCWO0_NC,2018-07-06,NC,넥센,A,Final,Loss,2.0,6.0,고척,
20180706NCWO0_넥센,2018-07-06,넥센,NC,H,Final,Win,6.0,2.0,고척,
20180707SSOB0_삼성,2018-07-07,삼성,두산,A,Final,Loss,3.0,8.0,잠실,
20180707SSOB0_두산,2018-07-07,두산,삼성,H,Final,Win,8.0,3.0,잠실,
20180707KTLT0_KT,2018-07-07,KT,롯데,A,Final,Win,9.0,1.0,사직,
20180707KTLT0_롯데,2018-07-07,롯데,KT,H,Final,Loss,1.0,9.0,사직,
20180707HHSK0_한화,2018-07-07,한화,SK,A,Final,Loss,4.0,5.0,문학,
20180707HHSK0_SK,2018-07-07,SK,한화,H,Final,Win,5.0,4.0,문학,
20180707LGHT0_LG,2018-07-07,LG,KIA,A,Final,Win,13.0,10.0,광주,
20180707LGHT0_KIA,2018-07-07,KIA,LG,H,Final,Loss,10.0,13.0,광주,
20180707NCWO0_NC,2018-07-07,NC,넥센,A,Final,Loss,4.0,6.0,고척,
20180707NCWO0_넥센,2018-07-07,넥센,NC,H,Final,Win,6.0,4.0,고척,
20180708SSOB0_삼성,2018-07-08,삼성,두산,A,Final,Win,11.0,1.0,잠실,
20180708SSOB0_두산,2018-07-08,두산,삼성,H,Final,Loss,1.0,11.0,잠실,
20180708KTLT0_KT,2018-07-08,KT,롯데,A,Final,Loss,5.0,10.0,사직,
20180708KTLT0_롯데,2018-07-08,롯데,KT,H,Final,Win,10.0,5.0,사직,
20180708HHSK0_한화,2018-07-08,한화,SK,A,Final,Win,5.0,2.0,문학,
20180708HHSK0_SK,2018-07-08,SK,한화,H,Final,Loss,2.0,5.0,문학,
20180708LGHT0_LG,2018-07-08,LG,KIA,A,Final,Win,8.0,1.0,광주,
20180708LGHT0_KIA,2018-07-08,KIA,LG,H,Final,Loss,1.0,8.0,광주,
20180708NCWO0_NC,2018-07-08,NC,넥센,A,Final,Win,2.0,1.0,고척,
20180708NCWO0_넥센,2018-07-08,넥센,NC,H,Final,Loss,1.0,2.0,고척,
20180710HTNC0_KIA,2018-07-10,KIA,NC,A,Final,Loss,6.0,8.0,마산,
20180710HTNC0_NC,2018-07-10,NC,KIA,H,Final,Win,8.0,6.0,마산,
20180710WOHH0_넥센,2018-07-10,넥센,한화,A,Final,Loss,1.0,4.0,한밭,
20180710WOHH0_한화,2018-07-10,한화,넥센,H,Final,Win,4.0,1.0,한밭,
20180710SKLG0_SK,2018-07-10,SK,LG,A,Final,Win,10.0,3.0,잠실,
20180710SKLG0_LG,2018-07-10,LG,SK,H,Final,Loss,3.0,10.0,잠실,
20180710OBKT0_두산,2018-07-10,두산,KT,A,Final,Loss,1.0,9.0,수원,
20180710OBKT0_KT,2018-07-10,KT,두산,H,Final,Win,9.0,1.0,수원,
20180710LTSS0_롯데,2018-07-10,롯데,삼성,A,Final,Loss,3.0,6.0,포항,
20180710LTSS0_삼성,2018-07-10,삼성,롯데,H,Final,Win,6.0,3.0,포항,
20180711HTNC0_KIA,2018-07-11,KIA,NC,A,Final,Loss,1.0,5.0,마산,
20180711HTNC0_NC,2018-07-11,NC,KIA,H,Final,Win,5.0,1.0,마산,
20180711WOHH0_넥센,2018-07-11,넥센,한화,A,Final,Win,22.0,8.0,한밭,
20180711WOHH0_한화,2018-07-11,한화,넥센,H,Final,Loss,8.0,22.0,한밭,
20180711SKLG0_SK,2018-07-11,SK,LG,A,Final,Loss,1.0,3.0,잠실,
20180711SKLG0_LG,2018-07-11,LG,SK,H,Final,Win,3.0,1.0,잠실,
20180711OBKT0_두산,2018-07-11,두산,KT,A,Final,Win,6.0,0.0,수원,
20180711OBKT0_KT,2018-07-11,KT,두산,H,Final,Loss,0.0,6.0,수원,
20180711LTSS0_롯데,2018-07-11,롯데,삼성,A,Final,Loss,2.0,4.0,포항,
20180711LTSS0_삼성,2018-07-11,삼성,롯데,H,Final,Win,4.0,2.0,포항,
20180712HTNC0_KIA,2018-07-12,KIA,NC,A,Final,Loss,3.0,4.0,마산,
20180712HTNC0_NC,2018-07-12,NC,KIA,H,Final,Win,4.0,3.0,마산,
20180712WOHH0_넥센,2018-07-12,넥센,한화,A,Final,Loss,1.0,4.0,한밭,
20180712WOHH0_한화,2018-07-12,한화,넥센,H,Final,Win,4.0,1.0,한밭,
20180712SKLG0_SK,2018-07-12,SK,LG,A,Final,Win,7.0,4.0,잠실,
20180712SKLG0_LG,2018-07-12,LG,SK,H,Final,Loss,4.0,7.0,잠실,
20180712OBKT0_두산,2018-07-12,두산,KT,A,Final,Loss,4.0,11.0,수원,
20180712OBKT0_KT,2018-07-12,KT,두산,H,Final,Win,11.0,4.0,수원,
20180712LTSS0_롯데,2018-07-12,롯데,삼성,A,Final,Loss,4.0,8.0,포항,
20180712LTSS0_삼성,2018-07-12,삼성,롯데,H,Final,Win,8.0,4.0,포항,
20180717LTOB0_롯데,2018-07-17,롯데,두산,A,Final,Win,12.0,6.0,잠실,
20180717LTOB0_두산,2018-07-17,두산,롯데,H,Final,Loss,6.0,12.0,잠실,
20180717NCSK0_NC,2018-07-17,NC,SK,A,Final,Loss,4.0,10.0,문학,
20180717NCSK0_SK,2018-07-17,SK,NC,H,Final,Win,10.0,4.0,문학,
20180717SSHT0_삼성,2018-07-17,삼성,KIA,A,Final,Loss,3.0,6.0,광주,
20180717SSHT0_KIA,2018-07-17,KIA,삼성,H,Final,Win,6.0,3.0,광주,
20180717HHKT0_한화,2018-07-17,한화,KT,A,Final,Win,8.0,1.0,수원,
20180717HHKT0_KT,2018-07-17,KT,한화,H,Final,Loss,1.0,8.0,수원,
20180717LGWO0_LG,2018-07-17,LG,넥센,A,Final,Win,9.0,3.0,고척,
20180717LGWO0_넥센,2018-07-17,넥센,LG,H,Final,Loss,3.0,9.0,고척,
20180718LTOB0_롯데,2018-07-18,롯데,두산,A,Final,Loss,4.0,5.0,잠실,
20180718LTOB0_두산,2018-07-18,두산,롯데,H,Final,Win,5.0,4.0,잠실,
20180718NCSK0_NC,2018-07-18,NC,SK,A,Final,Win,4.0,3.0,문학,
20180718NCSK0_SK,2018-07-18,SK,NC,H,Final,Loss,3.0,4.0,문학,
20180718SSHT0_삼성,2018-07-18,삼성,KIA,A,Final,Win,7.0,1.0,광주,
20180718SSHT0_KIA,2018-07-18,KIA,삼성,H,Final,Loss,1.0,7.0,광주,
20180718HHKT0_한화,2018-07-18,한화,KT,A,Final,Loss,2.0,4.0,수원,
20180718HHKT0_KT,2018-07-18,KT,한화,H,Final,Win,4.0,2.0,수원,
20180718LGWO0_LG,2018-07-18,LG,넥센,A,Final,Win,8.0,7.0,고척,
20180718LGWO0_넥센,2018-07-18,넥센,LG,H,Final,Loss,7.0,8.0,고척,
20180719LTOB0_롯데,2018-07-19,롯데,두산,A,Final,Loss,1.0,7.0,잠실,
20180719LTOB0_두산,2018-07-19,두산,롯데,H,Final,Win,7.0,1.0,잠실,
20180719NCSK0_NC,2018-07-19,NC,SK,A,Final,Loss,0.0,3.0,문학,
20180719NCSK0_SK,2018-07-19,SK,NC,H,Final,Win,3.0,0.0,문학,
20180719SSHT0_삼성,2018-07-19,삼성,KIA,A,Final,Win,6.0,2.0,광주,
20180719SSHT0_KIA,2018-07-19,KIA,삼성,H,Final,Loss,2.0,6.0,광주,
20180719HHKT0_한화,2018-07-19,한화,KT,A,Final,Loss,7.0,8.0,수원,
20180719HHKT0_KT,2018-07-19,KT,한화,H,Final,Win,8.0,7.0,수원,
20180719LGWO0_LG,2018-07-19,LG,넥센,A,Final,Win,8.0,3.0,고척,
20180719LGWO0_넥센,2018-07-19,넥센,LG,H,Final,Loss,3.0,8.0,고척,
20180720WONC0_넥센,2018-07-20,넥센,NC,A,Final,Loss,8.0,10.0,마산,
20180720WONC0_NC,2018-07-20,NC,넥센,H,Final,Win,10.0,8.0,마산,
20180720OBLG0_두산,2018-07-20,두산,LG,A,Final,Win,5.0,4.0,잠실,
20180720OBLG0_LG,2018-07-20,LG,두산,H,Final,Loss,4.0,5.0,잠실,
20180720HHSS0_한화,2018-07-20,한화,삼성,A,Final,Win,1.0,0.0,대구,
20180720HHSS0_삼성,2018-07-20,삼성,한화,H,Final,Loss,0.0,1.0,대구,
20180720SKLT0_SK,2018-07-20,SK,롯데,A,Final,Win,6.0,2.0,사직,
20180720SKLT0_롯데,2018-07-20,롯데,SK,H,Final,Loss,2.0,6.0,사직,
20180720KTHT0_KT,2018-07-20,KT,KIA,A,Final,Loss,4.0,6.0,광주,
20180720KTHT0_KIA,2018-07-20,KIA,KT,H,Final,Win,6.0,4.0,광주,
20180721WONC0_넥센,2018-07-21,넥센,NC,A,Final,Win,6.0,3.0,마산,
20180721WONC0_NC,2018-07-21,NC,넥센,H,Final,Loss,3.0,6.0,마산,
20180721OBLG0_두산,2018-07-21,두산,LG,A,Final,Win,17.0,10.0,잠실,
20180721OBLG0_LG,2018-07-21,LG,두산,H,Final,Loss,10.0,17.0,잠실,
20180721HHSS0_한화,2018-07-21,한화,삼성,A,Final,Loss,3.0,4.0,대구,
20180721HHSS0_삼성,2018-07-21,삼성,한화,H,Final,Win,4.0,3.0,대구,
20180721SKLT0_SK,2018-07-21,SK,롯데,A,Final,Win,4.0,3.0,사직,
20180721SKLT0_롯데,2018-07-21,롯데,SK,H,Final,Loss,3.0,4.0,사직,
20180721KTHT0_KT,2018-07-21,KT,KIA,A,Final,Loss,2.0,8.0,광주,
20180721KTHT0_KIA,2018-07-21,KIA,KT,H,Final,Win,8.0,2.0,광주,
20180722WONC0_넥센,2018-07-22,넥센,NC,A,Final,Win,6.0,3.0,마산,
20180722WONC0_NC,2018-07-22,NC,넥센,H,Final,Loss,3.0,6.0,마산,
20180722OBLG0_두산,2018-07-22,두산,LG,A,Final,Win,6.0,1.0,잠실,
20180722OBLG0_LG,2018-07-22,LG,두산,H,Final,Loss,1.0,6.0,잠실,
20180722HHSS0_한화,2018-07-22,한화,삼성,A,Final,Loss,4.0,5.0,대구,
20180722HHSS0_삼성,2018-07-22,삼성,한화,H,Final,Win,5.0,4.0,대구,
20180722SKLT0_SK,2018-07-22,SK,롯데,A,Final,Loss,4.0,12.0,사직,
20180722SKLT0_롯데,2018-07-22,롯데,SK,H,Final,Win,12.0,4.0,사직,
20180722KTHT0_KT,2018-07-22,KT,KIA,A,Final,Win,6.0,5.0,광주,
20180722KTHT0_KIA,2018-07-22,KIA,KT,H,Final,Loss,5.0,6.0,광주,
20180724HTHH0_KIA,2018-07-24,KIA,한화,A,Final,Loss,0.0,5.0,한밭,
20180724HTHH0_한화,2018-07-24,한화,KIA,H,Final,Win,5.0,0.0,한밭,
20180724SSLG0_삼성,2018-07-24,삼성,LG,A,Final,Win,11.0,1.0,잠실,
20180724SSLG0_LG,2018-07-24,LG,삼성,H,Final,Loss,1.0,11.0,잠실,
20180724NCLT0_NC,2018-07-24,NC,롯데,A,Final,Win,3.0,2.0,사직,
20180724NCLT0_롯데,2018-07-24,롯데,NC,H,Final,Loss,2.0,3.0,사직,
20180724OBSK0_두산,2018-07-24,두산,SK,A,Final,Loss,1.0,3.0,문학,
20180724OBSK0_SK,2018-07-24,SK,두산,H,Final,Win,3.0,1.0,문학,
20180724KTWO0_KT,2018-07-24,KT,넥센,A,Final,Win,9.0,6.0,고척,
20180724KTWO0_넥센,2018-07-24,넥센,KT,H,Final,Loss,6.0,9.0,고척,
20180725HTHH0_KIA,2018-07-25,KIA,한화,A,Final,Win,11.0,3.0,한밭,
20180725HTHH0_한화,2018-07-25,한화,KIA,H,Final,Loss,3.0,11.0,한밭,
20180725SSLG0_삼성,2018-07-25,삼성,LG,A,Final,Win,1.0,0.0,잠실,
20180725SSLG0_LG,2018-07-25,LG,삼성,H,Final,Loss,0.0,1.0,잠실,
20180725NCLT0_NC,2018-07-25,NC,롯데,A,Final,Win,9.0,6.0,사직,
20180725NCLT0_롯데,2018-07-25,롯데,NC,H,Final,Loss,6.0,9.0,사직,
20180725OBSK0_두산,2018-07-25,두산,SK,A,Final,Loss,5.0,11.0,문학,
20180725OBSK0_SK,2018-07-25,SK,두산,H,Final,Win,11.0,5.0,문학,
20180725KTWO0_KT,2018-07-25,KT,넥센,A,Final,Loss,3.0,7.0,고척,
20180725KTWO0_넥센,2018-07-25,넥센,KT,H,Final,Win,7.0,3.0,고척,
20180726HTHH0_KIA,2018-07-26,KIA,한화,A,Final,Loss,3.0,6.0,한밭,
20180726HTHH0_한화,2018-07-26,한화,KIA,H,Final,Win,6.0,3.0,한밭,
20180726SSLG0_삼성,2018-07-26,삼성,LG,A,Final,Loss,5.0,7.0,잠실,
20180726SSLG0_LG,2018-07-26,LG,삼성,H,Final,Win,7.0,5.0,잠실,
20180726NCLT0_NC,2018-07-26,NC,롯데,A,Final,Loss,1.0,13.0,사직,
20180726NCLT0_롯데,2018-07-26,롯데,NC,H,Final,Win,13.0,1.0,사직,
20180726OBSK0_두산,2018-07-26,두산,SK,A,Final,Loss,3.0,8.0,문학,
20180726OBSK0_SK,2018-07-26,SK,두산,H,Final,Win,8.0,3.0,문학,
20180726KTWO0_KT,2018-07-26,KT,넥센,A,Final,Win,7.0,4.0,고척,
20180726KTWO0_넥센,2018-07-26,넥센,KT,H,Final,Loss,4.0,7.0,고척,
20180727SKNC0_SK,2018-07-27,SK,NC,A,Final,Loss,0.0,1.0,마산,
20180727SKNC0_NC,2018-07-27,NC,SK,H,Final,Win,1.0,0.0,마산,
20180727HHOB0_한화,2018-07-27,한화,두산,A,Final,Win,16.0,7.0,잠실,
20180727HHOB0_두산,2018-07-27,두산,한화,H,Final,Loss,7.0,16.0,잠실,
20180727HTSS0_KIA,2018-07-27,KIA,삼성,A,Final,Loss,10.0,11.0,대구,
20180727HTSS0_삼성,2018-07-27,삼성,KIA,H,Final,Win,11.0,10.0,대구,
20180727LGKT0_LG,2018-07-27,LG,KT,A,Final,Loss,7.0,9.0,수원,
20180727LGKT0_KT,2018-07-27,KT,LG,H,Final,Win,9.0,7.0,수원,
20180727LTWO0_롯데,2018-07-27,롯데,넥센,A,Final,Win,9.0,2.0,고척,
20180727LTWO0_넥센,2018-07-27,넥센,롯데,H,Final,Loss,2.0,9.0,고척,
20180728SKNC0_SK,2018-07-28,SK,NC,A,Final,Win,7.0,3.0,마산,
20180728SKNC0_NC,2018-07-28,NC,SK,H,Final,Loss,3.0,7.0,마산,
20180728HHOB0_한화,2018-07-28,한화,두산,A,Final,Loss,6.0,13.0,잠실,
20180728HHOB0_두산,2018-07-28,두산,한화,H,Final,Win,13.0,6.0,잠실,
20180728HTSS0_KIA,2018-07-28,KIA,삼성,A,Final,Loss,2.0,3.0,대구,
20180728HTSS0_삼성,2018-07-28,삼성,KIA,H,Final,Win,3.0,2.0,대구,
20180728LGKT0_LG,2018-07-28,LG,KT,A,Final,Loss,10.0,11.0,수원,
20180728LGKT0_KT,2018-07-28,KT,LG,H,Final,Win,11.0,10.0,수원,
20180728LTWO0_롯데,2018-07-28,롯데,넥센,A,Final,Win,11.0,7.0,고척,
20180728LTWO0_넥센,2018-07-28,넥센,롯데,H,Final,Loss,7.0,11.0,고척,
20180729SKNC0_SK,2018-07-29,SK,NC,A,Final,Loss,3.0,4.0,마산,
20180729SKNC0_NC,2018-07-29,NC,SK,H,Final,Win,4.0,3.0,마산,
20180729HHOB0_한화,2018-07-29,한화,두산,A,Final,Loss,1.0,3.0,잠실,
20180729HHOB0_두산,2018-07-29,두산,한화,H,Final,Win,3.0,1.0,잠실,
20180729HTSS0_KIA,2018-07-29,KIA,삼성,A,Final,Loss,1.0,13.0,대구,
20180729HTSS0_삼성,2018-07-29,삼성,KIA,H,Final,Win,13.0,1.0,대구,
20180729LGKT0_LG,2018-07-29,LG,KT,A,Final,Win,7.0,4.0,수원,
20180729LGKT0_KT,2018-07-29,KT,LG,H,Final,Loss,4.0,7.0,수원,
20180729LTWO0_롯데,2018-07-29,롯데,넥센,A,Final,Win,4.0,3.0,고척,
20180729LTWO0_넥센,2018-07-29,넥센,롯데,H,Final,Loss,3.0,4.0,고척,
20180731KTHH0_KT,2018-07-31,KT,한화,A,Final,Win,5.0,4.0,한밭,
20180731KTHH0_한화,2018-07-31,한화,KT,H,Final,Loss,4.0,5.0,한밭,
20180731LGOB0_LG,2018-07-31,LG,두산,A,Final,Loss,2.0,6.0,잠실,
20180731LGOB0_두산,2018-07-31,두산,LG,H,Final,Win,6.0,2.0,잠실,
20180731WOSK0_넥센,2018-07-31,넥센,SK,A,Final,Win,3.0,1.0,문학,
20180731WOSK0_SK,2018-07-31,SK,넥센,H,Final,Loss,1.0,3.0,문학,
20180731LTHT0_롯데,2018-07-31,롯데,KIA,A,Final,Loss,1.0,4.0,광주,
20180731LTHT0_KIA,2018-07-31,KIA,롯데,H,Final,Win,4.0,1.0,광주,
20180801KTHH0_KT,2018-08-01,KT,한화,A,Final,Loss,3.0,4.0,한밭,
20180801KTHH0_한화,2018-08-01,한화,KT,H,Final,Win,4.0,3.0,한밭,
20180801LGOB0_LG,2018-08-01,LG,두산,A,Final,Loss,8.0,14.0,잠실,
20180801LGOB0_두산,2018-08-01,두산,LG,H,Final,Win,14.0,8.0,잠실,
20180801NCSS0_NC,2018-08-01,NC,삼성,A,Final,Win,9.0,5.0,대구,
20180801NCSS0_삼성,2018-08-01,삼성,NC,H,Final,Loss,5.0,9.0,대구,
20180801WOSK0_넥센,2018-08-01,넥센,SK,A,Final,Loss,8.0,14.0,문학,
20180801WOSK0_SK,2018-08-01,SK,넥센,H,Final,Win,14.0,8.0,문학,
20180801LTHT0_롯데,2018-08-01,롯데,KIA,A,Final,Loss,1.0,8.0,광주,
20180801LTHT0_KIA,2018-08-01,KIA,롯데,H,Final,Win,8.0,1.0,광주,
20180802KTHH0_KT,2018-08-02,KT,한화,A,Final,Loss,3.0,5.0,한밭,
20180802KTHH0_한화,2018-08-02,한화,KT,H,Final,Win,5.0,3.0,한밭,
20180802LGOB0_LG,2018-08-02,LG,두산,A,Final,Loss,5.0,6.0,잠실,
20180802LGOB0_두산,2018-08-02,두산,LG,H,Final,Win,6.0,5.0,잠실,
20180802NCSS0_NC,2018-08-02,NC,삼성,A,Final,Loss,2.0,3.0,대구,
20180802NCSS0_삼성,2018-08-02,삼성,NC,H,Final,Win,3.0,2.0,대구,
20180802WOSK0_넥센,2018-08-02,넥센,SK,A,Final,Win,4.0,3.0,문학,
20180802WOSK0_SK,2018-08-02,SK,넥센,H,Final,Loss,3.0,4.0,문학,
20180802LTHT0_롯데,2018-08-02,롯데,KIA,A,Final,Win,9.0,6.0,광주,
20180802LTHT0_KIA,2018-08-02,KIA,롯데,H,Final,Loss,6.0,9.0,광주,
20180804NCHH0_NC,2018-08-04,NC,한화,A,Final,Win,7.0,5.0,한밭,
20180804NCHH0_한화,2018-08-04,한화,NC,H,Final,Loss,5.0,7.0,한밭,
20180804SKLG0_SK,2018-08-04,SK,LG,A,Final,Win,9.0,2.0,잠실,
20180804SKLG0_LG,2018-08-04,LG,SK,H,Final,Loss,2.0,9.0,잠실,
20180804SSLT0_삼성,2018-08-04,삼성,롯데,A,Final,Loss,4.0,5.0,사직,
20180804SSLT0_롯데,2018-08-04,롯데,삼성,H,Final,Win,5.0,4.0,사직,
20180804OBHT0_두산,2018-08-04,두산,KIA,A,Final,Loss,5.0,13.0,광주,
20180804OBHT0_KIA,2018-08-04,KIA,두산,H,Final,Win,13.0,5.0,광주,
20180804WOKT0_넥센,2018-08-04,넥센,KT,A,Final,Win,3.0,1.0,수원,
20180804WOKT0_KT,2018-08-04,KT,넥센,H,Final,Loss,1.0,3.0,수원,
20180805NCHH0_NC,2018-08-05,NC,한화,A,Final,Win,10.0,8.0,한밭,
20180805NCHH0_한화,2018-08-05,한화,NC,H,Final,Loss,8.0,10.0,한밭,
20180805SKLG0_SK,2018-08-05,SK,LG,A,Final,Win,12.0,3.0,잠실,
20180805SKLG0_LG,2018-08-05,LG,SK,H,Final,Loss,3.0,12.0,잠실,
20180805SSLT0_삼성,2018-08-05,삼성,롯데,A,Final,Win,8.0,2.0,사직,
20180805SSLT0_롯데,2018-08-05,롯데,삼성,H,Final,Loss,2.0,8.0,사직,
20180805OBHT0_두산,2018-08-05,두산,KIA,A,Final,Loss,3.0,6.0,광주,
20180805OBHT0_KIA,2018-08-05,KIA,두산,H,Final,Win,6.0,3.0,광주,
20180805WOKT0_넥센,2018-08-05,넥센,KT,A,Final,Win,20.0,2.0,수원,
20180805WOKT0_KT,2018-08-05,KT,넥센,H,Final,Loss,2.0,20.0,수원,
20180807KTNC0_KT,2018-08-07,KT,NC,A,Final,Win,12.0,10.0,마산,
20180807KTNC0_NC,2018-08-07,NC,KT,H,Final,Loss,10.0,12.0,마산,
20180807HHOB0_한화,2018-08-07,한화,두산,A,Final,Loss,4.0,6.0,잠실,
20180807HHOB0_두산,2018-08-07,두산,한화,H,Final,Win,6.0,4.0,잠실,
20180807SSSK0_삼성,2018-08-07,삼성,SK,A,Final,Win,10.0,8.0,문학,
20180807SSSK0_SK,2018-08-07,SK,삼성,H,Final,Loss,8.0,10.0,문학,
20180807HTWO0_KIA,2018-08-07,KIA,넥센,A,Final,Loss,1.0,9.0,고척,
20180807HTWO0_넥센,2018-08-07,넥센,KIA,H,Final,Win,9.0,1.0,고척,
20180807LGLT0_LG,2018-08-07,LG,롯데,A,Final,Loss,3.0,4.0,울산,
20180807LGLT0_롯데,2018-08-07,롯데,LG,H,Final,Win,4.0,3.0,울산,
20180808KTNC0_KT,2018-08-08,KT,NC,A,Final,Loss,3.0,7.0,마산,
20180808KTNC0_NC,2018-08-08,NC,KT,H,Final,Win,7.0,3.0,마산,
20180808HHOB0_한화,2018-08-08,한화,두산,A,Final,Win,8.0,2.0,잠실,
20180808HHOB0_두산,2018-08-08,두산,한화,H,Final,Loss,2.0,8.0,잠실,
20180808SSSK0_삼성,2018-08-08,삼성,SK,A,Final,Loss,0.0,12.0,문학,
20180808SSSK0_SK,2018-08-08,SK,삼성,H,Final,Win,12.0,0.0,문학,
20180808HTWO0_KIA,2018-08-08,KIA,넥센,A,Final,Loss,6.0,7.0,고척,
20180808HTWO0_넥센,2018-08-08,넥센,KIA,H,Final,Win,7.0,6.0,고척,
20180808LGLT0_LG,2018-08-08,LG,롯데,A,Final,Loss,1.0,2.0,울산,
20180808LGLT0_롯데,2018-08-08,롯데,LG,H,Final,Win,2.0,1.0,울산,
20180809SKNC0_SK,2018-08-09,SK,NC,A,Final,Loss,3.0,6.0,마산,
20180809SKNC0_NC,2018-08-09,NC,SK,H,Final,Win,6.0,3.0,마산,
20180809SSLG0_삼성,2018-08-09,삼성,LG,A,Final,Win,9.0,6.0,잠실,
20180809SSLG0_LG,2018-08-09,LG,삼성,H,Final,Loss,6.0,9.0,잠실,
20180809LTHT0_롯데,2018-08-09,롯데,KIA,A,Final,Win,11.0,4.0,광주,
20180809LTHT0_KIA,2018-08-09,KIA,롯데,H,Final,Loss,4.0,11.0,광주,
20180809OBKT0_두산,2018-08-09,두산,KT,A,Final,Win,4.0,2.0,수원,
20180809OBKT0_KT,2018-08-09,KT,두산,H,Final,Loss,2.0,4.0,수원,
20180809WOHH0_넥센,2018-08-09,넥센,한화,A,Final,Win,16.0,5.0,청주,
20180809WOHH0_한화,2018-08-09,한화,넥센,H,Final,Loss,5.0,16.0,청주,
20180810SKNC0_SK,2018-08-10,SK,NC,A,Final,Win,12.0,8.0,마산,
20180810SKNC0_NC,2018-08-10,NC,SK,H,Final,Loss,8.0,12.0,마산,
20180810SSLG0_삼성,2018-08-10,삼성,LG,A,Final,Loss,10.0,12.0,잠실,
20180810SSLG0_LG,2018-08-10,LG,삼성,H,Final,Win,12.0,10.0,잠실,
20180810OBKT0_두산,2018-08-10,두산,KT,A,Final,Loss,1.0,7.0,수원,
20180810OBKT0_KT,2018-08-10,KT,두산,H,Final,Win,7.0,1.0,수원,
20180810WOHH0_넥센,2018-08-10,넥센,한화,A,Final,Win,9.0,4.0,청주,
20180810WOHH0_한화,2018-08-10,한화,넥센,H,Final,Loss,4.0,9.0,청주,
20180811KTHH0_KT,2018-08-11,KT,한화,A,Final,Loss,3.0,5.0,한밭,
20180811KTHH0_한화,2018-08-11,한화,KT,H,Final,Win,5.0,3.0,한밭,
20180811LTOB0_롯데,2018-08-11,롯데,두산,A,Final,Loss,2.0,5.0,잠실,
20180811LTOB0_두산,2018-08-11,두산,롯데,H,Final,Win,5.0,2.0,잠실,
20180811NCSS0_NC,2018-08-11,NC,삼성,A,Final,Win,7.0,1.0,대구,
20180811NCSS0_삼성,2018-08-11,삼성,NC,H,Final,Loss,1.0,7.0,대구,
20180811HTSK0_KIA,2018-08-11,KIA,SK,A,Final,Win,18.0,4.0,문학,
20180811HTSK0_SK,2018-08-11,SK,KIA,H,Final,Loss,4.0,18.0,문학,
20180811LGWO0_LG,2018-08-11,LG,넥센,A,Final,Loss,8.0,13.0,고척,
20180811LGWO0_넥센,2018-08-11,넥센,LG,H,Final,Win,13.0,8.0,고척,
20180812KTHH0_KT,2018-08-12,KT,한화,A,Final,Loss,4.0,5.0,한밭,
20180812KTHH0_한화,2018-08-12,한화,KT,H,Final,Win,5.0,4.0,한밭,
20180812LTOB0_롯데,2018-08-12,롯데,두산,A,Final,Win,12.0,11.0,잠실,
20180812LTOB0_두산,2018-08-12,두산,롯데,H,Final,Loss,11.0,12.0,잠실,
20180812NCSS0_NC,2018-08-12,NC,삼성,A,Final,Loss,2.0,9.0,대구,
20180812NCSS0_삼성,2018-08-12,삼성,NC,H,Final,Win,9.0,2.0,대구,
20180812HTSK0_KIA,2018-08-12,KIA,SK,A,Final,Win,21.0,8.0,문학,
20180812HTSK0_SK,2018-08-12,SK,KIA,H,Final,Loss,8.0,21.0,문학,
20180812LGWO0_LG,2018-08-12,LG,넥센,A,Final,Loss,3.0,11.0,고척,
20180812LGWO0_넥센,2018-08-12,넥센,LG,H,Final,Win,11.0,3.0,고척,
20180814SKOB0_SK,2018-08-14,SK,두산,A,Final,Loss,3.0,6.0,잠실,
20180814SKOB0_두산,2018-08-14,두산,SK,H,Final,Win,6.0,3.0,잠실,
20180814WOSS0_넥센,2018-08-14,넥센,삼성,A,Final,Win,11.0,10.0,대구,
20180814WOSS0_삼성,2018-08-14,삼성,넥센,H,Final,Loss,10.0,11.0,대구,
20180814HHLT0_한화,2018-08-14,한화,롯데,A,Final,Loss,4.0,9.0,사직,
20180814HHLT0_롯데,2018-08-14,롯데,한화,H,Final,Win,9.0,4.0,사직,
20180814LGHT0_LG,2018-08-14,LG,KIA,A,Final,Loss,8.0,14.0,광주,
20180814LGHT0_KIA,2018-08-14,KIA,LG,H,Final,Win,14.0,8.0,광주,
20180814NCKT0_NC,2018-08-14,NC,KT,A,Final,Loss,0.0,10.0,수원,
20180814NCKT0_KT,2018-08-14,KT,NC,H,Final,Win,10.0,0.0,수원,
20180815SKOB0_SK,2018-08-15,SK,두산,A,Final,Win,12.0,2.0,잠실,
20180815SKOB0_두산,2018-08-15,두산,SK,H,Final,Loss,2.0,12.0,잠실,
20180815WOSS0_넥센,2018-08-15,넥센,삼성,A,Final,Win,3.0,2.0,대구,
20180815WOSS0_삼성,2018-08-15,삼성,넥센,H,Final,Loss,2.0,3.0,대구,
20180815LGHT0_LG,2018-08-15,LG,KIA,A,Final,Win,13.0,4.0,광주,
20180815LGHT0_KIA,2018-08-15,KIA,LG,H,Final,Loss,4.0,13.0,광주,
20180815NCKT0_NC,2018-08-15,NC,KT,A,Final,Win,13.0,9.0,수원,
20180815NCKT0_KT,2018-08-15,KT,NC,H,Final,Loss,9.0,13.0,수원,
20180816WOOB0_넥센,2018-08-16,넥센,두산,A,Final,Loss,2.0,8.0,잠실,
20180816WOOB0_두산,2018-08-16,두산,넥센,H,Final,Win,8.0,2.0,잠실,
20180816HHSS0_한화,2018-08-16,한화,삼성,A,Final,Loss,2.0,5.0,대구,
20180816HHSS0_삼성,2018-08-16,삼성,한화,H,Final,Win,5.0,2.0,대구,
20180816HTLT0_KIA,2018-08-16,KIA,롯데,A,Final,Loss,6.0,8.0,사직,
20180816HTLT0_롯데,2018-08-16,롯데,KIA,H,Final,Win,8.0,6.0,사직,
20180816LGSK0_LG,2018-08-16,LG,SK,A,Final,Win,14.0,3.0,문학,
20180816LGSK0_SK,2018-08-16,SK,LG,H,Final,Loss,3.0,14.0,문학,
20180816NCKT0_NC,2018-08-16,NC,KT,A,Final,Loss,3.0,5.0,수원,
20180816NCKT0_KT,2018-08-16,KT,NC,H,Final,Win,5.0,3.0,수원,
20180904LTHH0_롯데,2018-09-04,롯데,한화,A,Final,Loss,4.0,6.0,한밭,
20180904LTHH0_한화,2018-09-04,한화,롯데,H,Final,Win,6.0,4.0,한밭,
20180904SSNC0_삼성,2018-09-04,삼성,NC,A,Final,Win,5.0,3.0,마산,
20180904SSNC0_NC,2018-09-04,NC,삼성,H,Final,Loss,3.0,5.0,마산,
20180904HTOB0_KIA,2018-09-04,KIA,두산,A,Final,Win,10.0,5.0,잠실,
20180904HTOB0_두산,2018-09-04,두산,KIA,H,Final,Loss,5.0,10.0,잠실,
20180904WOSK0_넥센,2018-09-04,넥센,SK,A,Final,Win,7.0,3.0,문학,
20180904WOSK0_SK,2018-09-04,SK,넥센,H,Final,Loss,3.0,7.0,문학,
20180904LGKT0_LG,2018-09-04,LG,KT,A,Final,Loss,3.0,4.0,수원,
20180904LGKT0_KT,2018-09-04,KT,LG,H,Final,Win,4.0,3.0,수원,
20180905LTHH0_롯데,2018-09-05,롯데,한화,A,Final,Loss,5.0,11.0,한밭,
20180905LTHH0_한화,2018-09-05,한화,롯데,H,Final,Win,11.0,5.0,한밭,
20180905SSNC0_삼성,2018-09-05,삼성,NC,A,Final,Win,5.0,3.0,마산,
20180905SSNC0_NC,2018-09-05,NC,삼성,H,Final,Loss,3.0,5.0,마산,
20180905HTOB0_KIA,2018-09-05,KIA,두산,A,Final,Loss,1.0,14.0,잠실,
20180905HTOB0_두산,2018-09-05,두산,KIA,H,Final,Win,14.0,1.0,잠실,
20180905WOSK0_넥센,2018-09-05,넥센,SK,A,Final,Loss,11.0,12.0,문학,
20180905WOSK0_SK,2018-09-05,SK,넥센,H,Final,Win,12.0,11.0,문학,
20180905LGKT0_LG,2018-09-05,LG,KT,A,Final,Win,4.0,3.0,수원,
20180905LGKT0_KT,2018-09-05,KT,LG,H,Final,Loss,3.0,4.0,수원,
20180906NCLG0_NC,2018-09-06,NC,LG,A,Final,Loss,3.0,6.0,잠실,
20180906NCLG0_LG,2018-09-06,LG,NC,H,Final,Win,6.0,3.0,잠실,
20180906OBSS0_두산,2018-09-06,두산,삼성,A,Final,Win,6.0,2.0,대구,
20180906OBSS0_삼성,2018-09-06,삼성,두산,H,Final,Loss,2.0,6.0,대구,
20180906WOHT0_넥센,2018-09-06,넥센,KIA,A,Final,Loss,2.0,7.0,광주,
20180906WOHT0_KIA,2018-09-06,KIA,넥센,H,Final,Win,7.0,2.0,광주,
20180906HHKT0_한화,2018-09-06,한화,KT,A,Final,Win,9.0,2.0,수원,
20180906HHKT0_KT,2018-09-06,KT,한화,H,Final,Loss,2.0,9.0,수원,
20180906SKLT0_SK,2018-09-06,SK,롯데,A,Final,Loss,0.0,10.0,울산,
20180906SKLT0_롯데,2018-09-06,롯데,SK,H,Final,Win,10.0,0.0,울산,
20180907NCLG0_NC,2018-09-07,NC,LG,A,Final,Win,11.0,1.0,잠실,
20180907NCLG0_LG,2018-09-07,LG,NC,H,Final,Loss,1.0,11.0,잠실,
20180907OBSS0_두산,2018-09-07,두산,삼성,A,Final,Win,7.0,2.0,대구,
20180907OBSS0_삼성,2018-09-07,삼성,두산,H,Final,Loss,2.0,7.0,대구,
20180907WOHT0_넥센,2018-09-07,넥센,KIA,A,Final,Loss,5.0,7.0,광주,
20180907WOHT0_KIA,2018-09-07,KIA,넥센,H,Final,Win,7.0,5.0,광주,
20180907HHKT0_한화,2018-09-07,한화,KT,A,Final,Loss,4.0,12.0,수원,
20180907HHKT0_KT,2018-09-07,KT,한화,H,Final,Win,12.0,4.0,수원,
20180907SKLT0_SK,2018-09-07,SK,롯데,A,Final,Win,3.0,0.0,울산,
20180907SKLT0_롯데,2018-09-07,롯데,SK,H,Final,Loss,0.0,3.0,울산,
20180908LTNC0_롯데,2018-09-08,롯데,NC,A,Final,Loss,1.0,7.0,마산,
20180908LTNC0_NC,2018-09-08,NC,롯데,H,Final,Win,7.0,1.0,마산,
20180908HHLG0_한화,2018-09-08,한화,LG,A,Final,Loss,1.0,5.0,잠실,
20180908HHLG0_LG,2018-09-08,LG,한화,H,Final,Win,5.0,1.0,잠실,
20180908OBSK0_두산,2018-09-08,두산,SK,A,Final,Win,3.0,0.0,문학,
20180908OBSK0_SK,2018-09-08,SK,두산,H,Final,Loss,0.0,3.0,문학,
20180908SSHT0_삼성,2018-09-08,삼성,KIA,A,Final,Loss,4.0,12.0,광주,
20180908SSHT0_KIA,2018-09-08,KIA,삼성,H,Final,Win,12.0,4.0,광주,
20180908KTWO0_KT,2018-09-08,KT,넥센,A,Final,Win,12.0,6.0,고척,
20180908KTWO0_넥센,2018-09-08,넥센,KT,H,Final,Loss,6.0,12.0,고척,
20180909LTNC0_롯데,2018-09-09,롯데,NC,A,Final,Loss,3.0,11.0,마산,
20180909LTNC0_NC,2018-09-09,NC,롯데,H,Final,Win,11.0,3.0,마산,
20180909HHLG0_한화,2018-09-09,한화,LG,A,Final,Loss,5.0,8.0,잠실,
20180909HHLG0_LG,2018-09-09,LG,한화,H,Final,Win,8.0,5.0,잠실,
20180909OBSK0_두산,2018-09-09,두산,SK,A,Final,Loss,2.0,14.0,문학,
20180909OBSK0_SK,2018-09-09,SK,두산,H,Final,Win,14.0,2.0,문학,
20180909SSHT0_삼성,2018-09-09,삼성,KIA,A,Final,Win,6.0,5.0,광주,
20180909SSHT0_KIA,2018-09-09,KIA,삼성,H,Final,Loss,5.0,6.0,광주,
20180909KTWO0_KT,2018-09-09,KT,넥센,A,Final,Loss,4.0,6.0,고척,
20180909KTWO0_넥센,2018-09-09,넥센,KT,H,Final,Win,6.0,4.0,고척,
20180911HTNC0_KIA,2018-09-11,KIA,NC,A,Final,Loss,7.0,10.0,마산,
20180911HTNC0_NC,2018-09-11,NC,KIA,H,Final,Win,10.0,7.0,마산,
20180911WOLG0_넥센,2018-09-11,넥센,LG,A,Final,Win,3.0,1.0,잠실,
20180911WOLG0_LG,2018-09-11,LG,넥센,H,Final,Loss,1.0,3.0,잠실,
20180911HHSS0_한화,2018-09-11,한화,삼성,A,Final,Win,8.0,7.0,대구,
20180911HHSS0_삼성,2018-09-11,삼성,한화,H,Final,Loss,7.0,8.0,대구,
20180911OBLT0_두산,2018-09-11,두산,롯데,A,Final,Win,17.0,4.0,사직,
20180911OBLT0_롯데,2018-09-11,롯데,두산,H,Final,Loss,4.0,17.0,사직,
20180911KTSK0_KT,2018-09-11,KT,SK,A,Final,Loss,3.0,4.0,문학,
20180911KTSK0_SK,2018-09-11,SK,KT,H,Final,Win,4.0,3.0,문학,
20180912HTNC0_KIA,2018-09-12,KIA,NC,A,Final,Loss,4.0,5.0,마산,
20180912HTNC0_NC,2018-09-12,NC,KIA,H,Final,Win,5.0,4.0,마산,
20180912WOLG0_넥센,2018-09-12,넥센,LG,A,Final,Loss,4.0,5.0,잠실,
20180912WOLG0_LG,2018-09-12,LG,넥센,H,Final,Win,5.0,4.0,잠실,
20180912HHSS0_한화,2018-09-12,한화,삼성,A,Final,Win,7.0,3.0,대구,
20180912HHSS0_삼성,2018-09-12,삼성,한화,H,Final,Loss,3.0,7.0,대구,
20180912OBLT0_두산,2018-09-12,두산,롯데,A,Final,Win,13.0,9.0,사직,
20180912OBLT0_롯데,2018-09-12,롯데,두산,H,Final,Loss,9.0,13.0,사직,
20180912KTSK0_KT,2018-09-12,KT,SK,A,Final,Loss,3.0,8.0,문학,
20180912KTSK0_SK,2018-09-12,SK,KT,H,Final,Win,8.0,3.0,문학,
20180913KTOB0_KT,2018-09-13,KT,두산,A,Final,Loss,3.0,10.0,잠실,
20180913KTOB0_두산,2018-09-13,두산,KT,H,Final,Win,10.0,3.0,잠실,
20180913LGSS0_LG,2018-09-13,LG,삼성,A,Final,Win,6.0,5.0,대구,
20180913LGSS0_삼성,2018-09-13,삼성,LG,H,Final,Loss,5.0,6.0,대구,
20180913SKHH0_SK,2018-09-13,SK,한화,A,Final,Win,2.0,1.0,청주,
20180913SKHH0_한화,2018-09-13,한화,SK,H,Final,Loss,1.0,2.0,청주,
20180914WONC0_넥센,2018-09-14,넥센,NC,A,Final,Loss,3.0,7.0,마산,
20180914WONC0_NC,2018-09-14,NC,넥센,H,Final,Win,7.0,3.0,마산,
20180914KTOB0_KT,2018-09-14,KT,두산,A,Final,Loss,2.0,7.0,잠실,
20180914KTOB0_두산,2018-09-14,두산,KT,H,Final,Win,7.0,2.0,잠실,
20180914LGSS0_LG,2018-09-14,LG,삼성,A,Final,Loss,1.0,6.0,대구,
20180914LGSS0_삼성,2018-09-14,삼성,LG,H,Final,Win,6.0,1.0,대구,
20180914HTLT0_KIA,2018-09-14,KIA,롯데,A,Final,Win,9.0,5.0,사직,
20180914HTLT0_롯데,2018-09-14,롯데,KIA,H,Final,Loss,5.0,9.0,사직,
20180914SKHH0_SK,2018-09-14,SK,한화,A,Final,Win,7.0,5.0,청주,
20180914SKHH0_한화,2018-09-14,한화,SK,H,Final,Loss,5.0,7.0,청주,
20180915LGHH0_LG,2018-09-15,LG,한화,A,Final,Win,12.0,4.0,한밭,
20180915LGHH0_한화,2018-09-15,한화,LG,H,Final,Loss,4.0,12.0,한밭,
20180915NCOB0_NC,2018-09-15,NC,두산,A,Final,Win,13.0,7.0,잠실,
20180915NCOB0_두산,2018-09-15,두산,NC,H,Final,Loss,7.0,13.0,잠실,
20180915WOLT0_넥센,2018-09-15,넥센,롯데,A,Final,Win,6.0,5.0,사직,
20180915WOLT0_롯데,2018-09-15,롯데,넥센,H,Final,Loss,5.0,6.0,사직,
20180915SKHT0_SK,2018-09-15,SK,KIA,A,Final,Loss,2.0,4.0,광주,
20180915SKHT0_KIA,2018-09-15,KIA,SK,H,Final,Win,4.0,2.0,광주,
20180915SSKT0_삼성,2018-09-15,삼성,KT,A,Final,Win,7.0,5.0,수원,
20180915SSKT0_KT,2018-09-15,KT,삼성,H,Final,Loss,5.0,7.0,수원,
20180916LGHH0_LG,2018-09-16,LG,한화,A,Final,Loss,1.0,5.0,한밭,
20180916LGHH0_한화,2018-09-16,한화,LG,H,Final,Win,5.0,1.0,한밭,
20180916NCOB0_NC,2018-09-16,NC,두산,A,Final,Loss,1.0,5.0,잠실,
20180916NCOB0_두산,2018-09-16,두산,NC,H,Final,Win,5.0,1.0,잠실,
20180916WOLT0_넥센,2018-09-16,넥센,롯데,A,Final,Win,2.0,0.0,사직,
20180916WOLT0_롯데,2018-09-16,롯데,넥센,H,Final,Loss,0.0,2.0,사직,
20180916SKHT0_SK,2018-09-16,SK,KIA,A,Final,Loss,6.0,7.0,광주,
20180916SKHT0_KIA,2018-09-16,KIA,SK,H,Final,Win,7.0,6.0,광주,
20180916SSKT0_삼성,2018-09-16,삼성,KT,A,Final,Loss,2.0,4.0,수원,
20180916SSKT0_KT,2018-09-16,KT,삼성,H,Final,Win,4.0,2.0,수원,
20180918HHNC0_한화,2018-09-18,한화,NC,A,Final,Loss,3.0,10.0,마산,
20180918HHNC0_NC,2018-09-18,NC,한화,H,Final,Win,10.0,3.0,마산,
20180918LTLG0_롯데,2018-09-18,롯데,LG,A,Final,Win,4.0,1.0,잠실,
20180918LTLG0_LG,2018-09-18,LG,롯데,H,Final,Loss,1.0,4.0,잠실,
20180918HTSS0_KIA,2018-09-18,KIA,삼성,A,Final,Win,18.0,3.0,대구,
20180918HTSS0_삼성,2018-09-18,삼성,KIA,H,Final,Loss,3.0,18.0,대구,
20180918SKKT0_SK,2018-09-18,SK,KT,A,Final,Loss,5.0,9.0,수원,
20180918SKKT0_KT,2018-09-18,KT,SK,H,Final,Win,9.0,5.0,수원,
20180918OBWO0_두산,2018-09-18,두산,넥센,A,Final,Loss,7.0,10.0,고척,
20180918OBWO0_넥센,2018-09-18,넥센,두산,H,Final,Win,10.0,7.0,고척,
20180919HHNC0_한화,2018-09-19,한화,NC,A,Final,Win,7.0,4.0,마산,
20180919HHNC0_NC,2018-09-19,NC,한화,H,Final,Loss,4.0,7.0,마산,
20180919LTLG0_롯데,2018-09-19,롯데,LG,A,Final,Win,15.0,11.0,잠실,
20180919LTLG0_LG,2018-09-19,LG,롯데,H,Final,Loss,11.0,15.0,잠실,
20180919HTSS0_KIA,2018-09-19,KIA,삼성,A,Final,Loss,8.0,9.0,대구,
20180919HTSS0_삼성,2018-09-19,삼성,KIA,H,Final,Win,9.0,8.0,대구,
20180919SKKT0_SK,2018-09-19,SK,KT,A,Final,Win,18.0,8.0,수원,
20180919SKKT0_KT,2018-09-19,KT,SK,H,Final,Loss,8.0,18.0,수원,
20180919OBWO0_두산,2018-09-19,두산,넥센,A,Final,Loss,4.0,5.0,고척,
20180919OBWO0_넥센,2018-09-19,넥센,두산,H,Final,Win,5.0,4.0,고척,
20180920OBLG0_두산,2018-09-20,두산,LG,A,Final,Win,9.0,3.0,잠실,
20180920OBLG0_LG,2018-09-20,LG,두산,H,Final,Loss,3.0,9.0,잠실,
20180920KTLT0_KT,2018-09-20,KT,롯데,A,Final,Loss,10.0,11.0,사직,
20180920KTLT0_롯데,2018-09-20,롯데,KT,H,Final,Win,11.0,10.0,사직,
20180920HHSK0_한화,2018-09-20,한화,SK,A,Final,Win,8.0,2.0,문학,
20180920HHSK0_SK,2018-09-20,SK,한화,H,Final,Loss,2.0,8.0,문학,
20180920NCHT0_NC,2018-09-20,NC,KIA,A,Final,Loss,6.0,7.0,광주,
20180920NCHT0_KIA,2018-09-20,KIA,NC,H,Final,Win,7.0,6.0,광주,
20180920SSWO0_삼성,2018-09-20,삼성,넥센,A,Final,Loss,2.0,3.0,고척,
20180920SSWO0_넥센,2018-09-20,넥센,삼성,H,Final,Win,3.0,2.0,고척,
20180921OBLG0_두산,2018-09-21,두산,LG,A,Final,Win,10.0,3.0,잠실,
20180921OBLG0_LG,2018-09-21,LG,두산,H,Final,Loss,3.0,10.0,잠실,
20180921HHSK0_한화,2018-09-21,한화,SK,A,Final,Loss,4.0,5.0,문학,
20180921HHSK0_SK,2018-09-21,SK,한화,H,Final,Win,5.0,4.0,문학,
20180921NCHT0_NC,2018-09-21,NC,KIA,A,Final,Loss,4.0,6.0,광주,
20180921NCHT0_KIA,2018-09-21,KIA,NC,H,Final,Win,6.0,4.0,광주,
20180921SSWO0_삼성,2018-09-21,삼성,넥센,A,Final,Win,10.0,3.0,고척,
20180921SSWO0_넥센,2018-09-21,넥센,삼성,H,Final,Loss,3.0,10.0,고척,
20180922HTHH0_KIA,2018-09-22,KIA,한화,A,Final,Win,11.0,5.0,한밭,
20180922HTHH0_한화,2018-09-22,한화,KIA,H,Final,Loss,5.0,11.0,한밭,
20180922OBNC0_두산,2018-09-22,두산,NC,A,Final,Win,13.0,10.0,마산,
20180922OBNC0_NC,2018-09-22,NC,두산,H,Final,Loss,10.0,13.0,마산,
20180922KTLG0_KT,2018-09-22,KT,LG,A,Final,Win,6.0,1.0,잠실,
20180922KTLG0_LG,2018-09-22,LG,KT,H,Final,Loss,1.0,6.0,잠실,
20180922LTSS0_롯데,2018-09-22,롯데,삼성,A,Final,Win,5.0,2.0,대구,
20180922LTSS0_삼성,2018-09-22,삼성,롯데,H,Final,Loss,2.0,5.0,대구,
20180922SKWO0_SK,2018-09-22,SK,넥센,A,Final,Loss,2.0,8.0,고척,
20180922SKWO0_넥센,2018-09-22,넥센,SK,H,Final,Win,8.0,2.0,고척,
20180923HTHH0_KIA,2018-09-23,KIA,한화,A,Final,Loss,6.0,8.0,한밭,
20180923HTHH0_한화,2018-09-23,한화,KIA,H,Final,Win,8.0,6.0,한밭,
20180923OBNC0_두산,2018-09-23,두산,NC,A,Final,Loss,3.0,4.0,마산,
20180923OBNC0_NC,2018-09-23,NC,두산,H,Final,Win,4.0,3.0,마산,
20180923KTLG0_KT,2018-09-23,KT,LG,A,Final,Loss,4.0,5.0,잠실,
20180923KTLG0_LG,2018-09-23,LG,KT,H,Final,Win,5.0,4.0,잠실,
20180923LTSS0_롯데,2018-09-23,롯데,삼성,A,Final,Loss,2.0,5.0,대구,
20180923LTSS0_삼성,2018-09-23,삼성,롯데,H,Final,Win,5.0,2.0,대구,
20180923SKWO0_SK,2018-09-23,SK,넥센,A,Final,Loss,0.0,4.0,고척,
20180923SKWO0_넥센,2018-09-23,넥센,SK,H,Final,Win,4.0,0.0,고척,
20180925SSHH0_삼성,2018-09-25,삼성,한화,A,Final,Win,8.0,1.0,한밭,
20180925SSHH0_한화,2018-09-25,한화,삼성,H,Final,Loss,1.0,8.0,한밭,
20180925WOOB0_넥센,2018-09-25,넥센,두산,A,Final,Loss,2.0,13.0,잠실,
20180925WOOB0_두산,2018-09-25,두산,넥센,H,Final,Win,13.0,2.0,잠실,
20180925NCLT0_NC,2018-09-25,NC,롯데,A,Final,Loss,7.0,8.0,사직,
20180925NCLT0_롯데,2018-09-25,롯데,NC,H,Final,Win,8.0,7.0,사직,
20180925LGSK0_LG,2018-09-25,LG,SK,A,Final,Loss,7.0,16.0,문학,
20180925LGSK0_SK,2018-09-25,SK,LG,H,Final,Win,16.0,7.0,문학,
20180925HTKT0_KIA,2018-09-25,KIA,KT,A,Final,Win,9.0,7.0,수원,
20180925HTKT0_KT,2018-09-25,KT,KIA,H,Final,Loss,7.0,9.0,수원,
20180926SSHH0_삼성,2018-09-26,삼성,한화,A,Final,Loss,4.0,8.0,한밭,
20180926SSHH0_한화,2018-09-26,한화,삼성,H,Final,Win,8.0,4.0,한밭,
20180926WOOB0_넥센,2018-09-26,넥센,두산,A,Final,Loss,8.0,9.0,잠실,
20180926WOOB0_두산,2018-09-26,두산,넥센,H,Final,Win,9.0,8.0,잠실,
20180926NCLT0_NC,2018-09-26,NC,롯데,A,Final,Loss,7.0,10.0,사직,
20180926NCLT0_롯데,2018-09-26,롯데,NC,H,Final,Win,10.0,7.0,사직,
20180926LGSK0_LG,2018-09-26,LG,SK,A,Final,Loss,2.0,5.0,문학,
20180926LGSK0_SK,2018-09-26,SK,LG,H,Final,Win,5.0,2.0,문학,
20180926HTKT0_KIA,2018-09-26,KIA,KT,A,Final,Loss,2.0,9.0,수원,
20180926HTKT0_KT,2018-09-26,KT,KIA,H,Final,Win,9.0,2.0,수원,
20180927OBHH0_두산,2018-09-27,두산,한화,A,Final,Loss,6.0,9.0,한밭,
20180927OBHH0_한화,2018-09-27,한화,두산,H,Final,Win,9.0,6.0,한밭,
20180927HTLG0_KIA,2018-09-27,KIA,LG,A,Final,Loss,1.0,9.0,잠실,
20180927HTLG0_LG,2018-09-27,LG,KIA,H,Final,Win,9.0,1.0,잠실,
20180927KTSS0_KT,2018-09-27,KT,삼성,A,Final,Loss,6.0,7.0,대구,
20180927KTSS0_삼성,2018-09-27,삼성,KT,H,Final,Win,7.0,6.0,대구,
20180927NCSK0_NC,2018-09-27,NC,SK,A,Final,Loss,4.0,11.0,문학,
20180927NCSK0_SK,2018-09-27,SK,NC,H,Final,Win,11.0,4.0,문학,
20180927LTWO0_롯데,2018-09-27,롯데,넥센,A,Final,Win,8.0,6.0,고척,
20180927LTWO0_넥센,2018-09-27,넥센,롯데,H,Final,Loss,6.0,8.0,고척,
20180928OBHH0_두산,2018-09-28,두산,한화,A,Final,Loss,4.0,5.0,한밭,
20180928OBHH0_한화,2018-09-28,한화,두산,H,Final,Win,5.0,4.0,한밭,
20180928HTLG0_KIA,2018-09-28,KIA,LG,A,Final,Win,6.0,2.0,잠실,
20180928HTLG0_LG,2018-09-28,LG,KIA,H,Final,Loss,2.0,6.0,잠실,
20180928NCSK0_NC,2018-09-28,NC,SK,A,Final,Loss,2.0,6.0,문학,
20180928NCSK0_SK,2018-09-28,SK,NC,H,Final,Win,6.0,2.0,문학,
20180928LTWO0_롯데,2018-09-28,롯데,넥센,A,Final,Loss,8.0,9.0,고척,
20180928LTWO0_넥센,2018-09-28,넥센,롯데,H,Final,Win,9.0,8.0,고척,
20180929LGOB0_LG,2018-09-29,LG,두산,A,Final,Loss,8.0,9.0,잠실,
20180929LGOB0_두산,2018-09-29,두산,LG,H,Final,Win,9.0,8.0,잠실,
20180929SKSS0_SK,2018-09-29,SK,삼성,A,Final,Loss,3.0,9.0,대구,
20180929SKSS0_삼성,2018-09-29,삼성,SK,H,Final,Win,9.0,3.0,대구,
20180929HHHT0_한화,2018-09-29,한화,KIA,A,Final,Loss,3.0,4.0,광주,
20180929HHHT0_KIA,2018-09-29,KIA,한화,H,Final,Win,4.0,3.0,광주,
20180929LTKT0_롯데,2018-09-29,롯데,KT,A,Final,Win,8.0,3.0,수원,
20180929LTKT0_KT,2018-09-29,KT,롯데,H,Final,Loss,3.0,8.0,수원,
20180929NCWO0_NC,2018-09-29,NC,넥센,A,Final,Loss,5.0,6.0,고척,
20180929NCWO0_넥센,2018-09-29,넥센,NC,H,Final,Win,6.0,5.0,고척,
20180930LGOB0_LG,2018-09-30,LG,두산,A,Final,Loss,1.0,7.0,잠실,
20180930LGOB0_두산,2018-09-30,두산,LG,H,Final,Win,7.0,1.0,잠실,
20180930SKSS0_SK,2018-09-30,SK,삼성,A,Final,Win,8.0,4.0,대구,
20180930SKSS0_삼성,2018-09-30,삼성,SK,H,Final,Loss,4.0,8.0,대구,
20180930HHHT0_한화,2018-09-30,한화,KIA,A,Final,Loss,4.0,6.0,광주,
20180930HHHT0_KIA,2018-09-30,KIA,한화,H,Final,Win,6.0,4.0,광주,
20180930LTKT0_롯데,2018-09-30,롯데,KT,A,Final,Win,8.0,7.0,수원,
20180930LTKT0_KT,2018-09-30,KT,롯데,H,Final,Loss,7.0,8.0,수원,
20180930NCWO0_NC,2018-09-30,NC,넥센,A,Final,Loss,2.0,8.0,고척,
20180930NCWO0_넥센,2018-09-30,넥센,NC,H,Final,Win,8.0,2.0,고척,
20181002KTLG0_KT,2018-10-02,KT,LG,A,Final,Loss,6.0,10.0,잠실,
20181002KTLG0_LG,2018-10-02,LG,KT,H,Final,Win,10.0,6.0,잠실,
20181002LTSK0_롯데,2018-10-02,롯데,SK,A,Final,Win,8.0,6.0,문학,
20181002LTSK0_SK,2018-10-02,SK,롯데,H,Final,Loss,6.0,8.0,문학,
20181002NCHT0_NC,2018-10-02,NC,KIA,A,Final,Win,6.0,5.0,광주,
20181002NCHT0_KIA,2018-10-02,KIA,NC,H,Final,Loss,5.0,6.0,광주,
20181003LTHH0_롯데,2018-10-03,롯데,한화,A,Final,Loss,6.0,7.0,한밭,
20181003LTHH0_한화,2018-10-03,한화,롯데,H,Final,Win,7.0,6.0,한밭,
20181003KTLG0_KT,2018-10-03,KT,LG,A,Final,Win,4.0,3.0,잠실,
20181003KTLG0_LG,2018-10-03,LG,KT,H,Final,Loss,3.0,4.0,잠실,
20181003HTSS0_KIA,2018-10-03,KIA,삼성,A,Final,Loss,5.0,20.0,대구,
20181003HTSS0_삼성,2018-10-03,삼성,KIA,H,Final,Win,20.0,5.0,대구,
20181004LTHH0_롯데,2018-10-04,롯데,한화,A,Final,Win,7.0,2.0,한밭,
20181004LTHH0_한화,2018-10-04,한화,롯데,H,Final,Loss,2.0,7.0,한밭,
20181004HTSK0_KIA,2018-10-04,KIA,SK,A,Final,Win,7.0,3.0,문학,
20181004HTSK0_SK,2018-10-04,SK,KIA,H,Final,Loss,3.0,7.0,문학,
20181006HTSK1_KIA,2018-10-06,KIA,SK,A,Final,Win,8.0,4.0,문학,
20181006HTSK1_SK,2018-10-06,SK,KIA,H,Final,Loss,4.0,8.0,문학,
20181006WONC0_넥센,2018-10-06,넥센,NC,A,Final,Loss,5.0,6.0,마산,
20181006WONC0_NC,2018-10-06,NC,넥센,H,Final,Win,6.0,5.0,마산,
20181006LGOB0_LG,2018-10-06,LG,두산,A,Final,Win,3.0,1.0,잠실,
20181006LGOB0_두산,2018-10-06,두산,LG,H,Final,Loss,1.0,3.0,잠실,
20181006HHLT0_한화,2018-10-06,한화,롯데,A,Final,Loss,5.0,8.0,사직,
20181006HHLT0_롯데,2018-10-06,롯데,한화,H,Final,Win,8.0,5.0,사직,
20181006SSKT0_삼성,2018-10-06,삼성,KT,A,Final,Loss,1.0,6.0,수원,
20181006SSKT0_KT,2018-10-06,KT,삼성,H,Final,Win,6.0,1.0,수원,
20181006HTSK2_KIA,2018-10-06,KIA,SK,A,Final,Loss,5.0,7.0,문학,
20181006HTSK2_SK,2018-10-06,SK,KIA,H,Final,Win,7.0,5.0,문학,
20181007LTNC0_롯데,2018-10-07,롯데,NC,A,Final,Win,8.0,2.0,마산,
20181007LTNC0_NC,2018-10-07,NC,롯데,H,Final,Loss,2.0,8.0,마산,
20181007HTOB0_KIA,2018-10-07,KIA,두산,A,Final,Loss,4.0,7.0,잠실,
20181007HTOB0_두산,2018-10-07,두산,KIA,H,Final,Win,7.0,4.0,잠실,
20181009HTLT0_KIA,2018-10-09,KIA,롯데,A,Final,Loss,10.0,11.0,사직,
20181009HTLT0_롯데,2018-10-09,롯데,KIA,H,Final,Win,11.0,10.0,사직,
20181009SSSK0_삼성,2018-10-09,삼성,SK,A,Final,Win,8.0,4.0,문학,
20181009SSSK0_SK,2018-10-09,SK,삼성,H,Final,Loss,4.0,8.0,문학,
20181009HHKT0_한화,2018-10-09,한화,KT,A,Final,Win,10.0,6.0,수원,
20181009HHKT0_KT,2018-10-09,KT,한화,H,Final,Loss,6.0,10.0,수원,
20181010KTLT1_KT,2018-10-10,KT,롯데,A,Final,Win,10.0,1.0,사직,
20181010KTLT1_롯데,2018-10-10,롯데,KT,H,Final,Loss,1.0,10.0,사직,
20181010KTLT2_KT,2018-10-10,KT,롯데,A,Final,Win,7.0,0.0,사직,
20181010KTLT2_롯데,2018-10-10,롯데,KT,H,Final,Loss,0.0,7.0,사직,
20181010SKOB0_SK,2018-10-10,SK,두산,A,Final,Win,12.0,5.0,잠실,
20181010SKOB0_두산,2018-10-10,두산,SK,H,Final,Loss,5.0,12.0,잠실,
20181010HHHT0_한화,2018-10-10,한화,KIA,A,Final,Loss,1.0,6.0,광주,
20181010HHHT0_KIA,2018-10-10,KIA,한화,H,Final,Win,6.0,1.0,광주,
20181011SKOB0_SK,2018-10-11,SK,두산,A,Final,Loss,3.0,8.0,잠실,
20181011SKOB0_두산,2018-10-11,두산,SK,H,Final,Win,8.0,3.0,잠실,
20181011LTHT0_롯데,2018-10-11,롯데,KIA,A,Final,Win,4.0,0.0,광주,
20181011LTHT0_KIA,2018-10-11,KIA,롯데,H,Final,Loss,0.0,4.0,광주,
20181012NCOB0_NC,2018-10-12,NC,두산,A,Final,Loss,2.0,13.0,잠실,
20181012NCOB0_두산,2018-10-12,두산,NC,H,Final,Win,13.0,2.0,잠실,
20181012LTHT0_롯데,2018-10-12,롯데,KIA,A,Final,Loss,4.0,6.0,광주,
20181012LTHT0_KIA,2018-10-12,KIA,롯데,H,Final,Win,6.0,4.0,광주,
20181012WOKT0_넥센,2018-10-12,넥센,KT,A,Final,Win,10.0,5.0,수원,
20181012WOKT0_KT,2018-10-12,KT,넥센,H,Final,Loss,5.0,10.0,수원,
20181013NCHH0_NC,2018-10-13,NC,한화,A,Final,Loss,8.0,10.0,한밭,
20181013NCHH0_한화,2018-10-13,한화,NC,H,Final,Win,10.0,8.0,한밭,
20181013KTOB0_KT,2018-10-13,KT,두산,A,Final,Win,4.0,3.0,잠실,
20181013KTOB0_두산,2018-10-13,두산,KT,H,Final,Loss,3.0,4.0,잠실,
20181013WOSS0_넥센,2018-10-13,넥센,삼성,A,Final,Loss,5.0,12.0,대구,
20181013WOSS0_삼성,2018-10-13,삼성,넥센,H,Final,Win,12.0,5.0,대구,
20181013LGSK0_LG,2018-10-13,LG,SK,A,Final,Win,3.0,2.0,문학,
20181013LGSK0_SK,2018-10-13,SK,LG,H,Final,Loss,2.0,3.0,문학,
20181013LTHT0_롯데,2018-10-13,롯데,KIA,A,Final,Win,5.0,1.0,광주,
20181013LTHT0_KIA,2018-10-13,KIA,롯데,H,Final,Loss,1.0,5.0,광주,
20181014OBLT0_두산,2018-10-14,두산,롯데,A,Final,Win,5.0,1.0,사직,
20181014OBLT0_롯데,2018-10-14,롯데,두산,H,Final,Loss,1.0,5.0,사직,
20190323HHOB0_한화,2019-03-23,한화,두산,A,Final,Loss,4.0,5.0,잠실,
20190323HHOB0_두산,2019-03-23,두산,한화,H,Final,Win,5.0,4.0,잠실,
20190323WOLT0_키움,2019-03-23,키움,롯데,A,Final,Win,7.0,4.0,사직,
20190323WOLT0_롯데,2019-03-23,롯데,키움,H,Final,Loss,4.0,7.0,사직,
20190323KTSK0_KT,2019-03-23,KT,SK,A,Final,Loss,4.0,7.0,문학,
20190323KTSK0_SK,2019-03-23,SK,KT,H,Final,Win,7.0,4.0,문학,
20190323LGHT0_LG,2019-03-23,LG,KIA,A,Final,Win,2.0,0.0,광주,
20190323LGHT0_KIA,2019-03-23,KIA,LG,H,Final,Loss,0.0,2.0,광주,
20190323SSNC0_삼성,2019-03-23,삼성,NC,A,Final,Loss,0.0,7.0,창원,
20190323SSNC0_NC,2019-03-23,NC,삼성,H,Final,Win,7.0,0.0,창원,
20190324HHOB0_한화,2019-03-24,한화,두산,A,Final,Win,11.0,1.0,잠실,
20190324HHOB0_두산,2019-03-24,두산,한화,H,Final,Loss,1.0,11.0,잠실,
20190324WOLT0_키움,2019-03-24,키움,롯데,A,Final,Loss,2.0,6.0,사직,
20190324WOLT0_롯데,2019-03-24,롯데,키움,H,Final,Win,6.0,2.0,사직,
20190324KTSK0_KT,2019-03-24,KT,SK,A,Final,Loss,3.0,6.0,문학,
20190324KTSK0_SK,2019-03-24,SK,KT,H,Final,Win,6.0,3.0,문학,
20190324LGHT0_LG,2019-03-24,LG,KIA,A,Final,Win,9.0,3.0,광주,
20190324LGHT0_KIA,2019-03-24,KIA,LG,H,Final,Loss,3.0,9.0,광주,
20190324SSNC0_삼성,2019-03-24,삼성,NC,A,Final,Win,4.0,3.0,창원,
20190324SSNC0_NC,2019-03-24,NC,삼성,H,Final,Loss,3.0,4.0,창원,
20190326WOOB0_키움,2019-03-26,키움,두산,A,Final,Loss,2.0,7.0,잠실,
20190326WOOB0_두산,2019-03-26,두산,키움,H,Final,Win,7.0,2.0,잠실,
20190326SSLT0_삼성,2019-03-26,삼성,롯데,A,Final,Loss,2.0,7.0,사직,
20190326SSLT0_롯데,2019-03-26,롯데,삼성,H,Final,Win,7.0,2.0,사직,
20190326LGSK0_LG,2019-03-26,LG,SK,A,Final,Win,6.0,3.0,문학,
20190326LGSK0_SK,2019-03-26,SK,LG,H,Final,Loss,3.0,6.0,문학,
20190326HHHT0_한화,2019-03-26,한화,KIA,A,Final,Win,13.0,7.0,광주,
20190326HHHT0_KIA,2019-03-26,KIA,한화,H,Final,Loss,7.0,13.0,광주,
20190326KTNC0_KT,2019-03-26,KT,NC,A,Final,Loss,8.0,9.0,창원,
20190326KTNC0_NC,2019-03-26,NC,KT,H,Final,Win,9.0,8.0,창원,
20190327WOOB0_키움,2019-03-27,키움,두산,A,Final,Loss,2.0,3.0,잠실,
20190327WOOB0_두산,2019-03-27,두산,키움,H,Final,Win,3.0,2.0,잠실,
20190327SSLT0_삼성,2019-03-27,삼성,롯데,A,Final,Win,23.0,4.0,사직,
20190327SSLT0_롯데,2019-03-27,롯데,삼성,H,Final,Loss,4.0,23.0,사직,
20190327LGSK0_LG,2019-03-27,LG,SK,A,Final,Loss,1.0,2.0,문학,
20190327LGSK0_SK,2019-03-27,SK,LG,H,Final,Win,2.0,1.0,문학,
20190327HHHT0_한화,2019-03-27,한화,KIA,A,Final,Loss,4.0,9.0,광주,
20190327HHHT0_KIA,2019-03-27,KIA,한화,H,Final,Win,9.0,4.0,광주,
20190327KTNC0_KT,2019-03-27,KT,NC,A,Final,Loss,1.0,4.0,창원,
20190327KTNC0_NC,2019-03-27,NC,KT,H,Final,Win,4.0,1.0,창원,
20190328WOOB0_키움,2019-03-28,키움,두산,A,Final,Win,5.0,4.0,잠실,
20190328WOOB0_두산,2019-03-28,두산,키움,H,Final,Loss,4.0,5.0,잠실,
20190328SSLT0_삼성,2019-03-28,삼성,롯데,A,Final,Win,12.0,7.0,사직,
20190328SSLT0_롯데,2019-03-28,롯데,삼성,H,Final,Loss,7.0,12.0,사직,
20190328LGSK0_LG,2019-03-28,LG,SK,A,Final,Loss,1.0,3.0,문학,
20190328LGSK0_SK,2019-03-28,SK,LG,H,Final,Win,3.0,1.0,문학,
20190328HHHT0_한화,2019-03-28,한화,KIA,A,Final,Loss,4.0,6.0,광주,
20190328HHHT0_KIA,2019-03-28,KIA,한화,H,Final,Win,6.0,4.0,광주,
20190328KTNC0_KT,2019-03-28,KT,NC,A,Final,Loss,2.0,6.0,창원,
20190328KTNC0_NC,2019-03-28,NC,KT,H,Final,Win,6.0,2.0,창원,
20190329NCHH0_NC,2019-03-29,NC,한화,A,Final,Loss,0.0,9.0,한밭,
20190329NCHH0_한화,2019-03-29,한화,NC,H,Final,Win,9.0,0.0,한밭,
20190329LTLG0_롯데,2019-03-29,롯데,LG,A,Final,Loss,1.0,2.0,잠실,
20190329LTLG0_LG,2019-03-29,LG,롯데,H,Final,Win,2.0,1.0,잠실,
20190329OBSS0_두산,2019-03-29,두산,삼성,A,Final,Win,3.0,2.0,대구,
20190329OBSS0_삼성,2019-03-29,삼성,두산,H,Final,Loss,2.0,3.0,대구,
20190329HTKT0_KIA,2019-03-29,KIA,KT,A,Final,Loss,3.0,6.0,수원,
20190329HTKT0_KT,2019-03-29,KT,KIA,H,Final,Win,6.0,3.0,수원,
20190329SKWO0_SK,2019-03-29,SK,키움,A,Final,Win,5.0,2.0,고척,
20190329SKWO0_키움,2019-03-29,키움,SK,H,Final,Loss,2.0,5.0,고척,
20190330NCHH0_NC,2019-03-30,NC,한화,A,Final,Loss,5.0,13.0,한밭,
20190330NCHH0_한화,2019-03-30,한화,NC,H,Final,Win,13.0,5.0,한밭,
20190330LTLG0_롯데,2019-03-30,롯데,LG,A,Final,Win,7.0,1.0,잠실,
20190330LTLG0_LG,2019-03-30,LG,롯데,H,Final,Loss,1.0,7.0,잠실,
20190330OBSS0_두산,2019-03-30,두산,삼성,A,Final,Win,4.0,2.0,대구,
20190330OBSS0_삼성,2019-03-30,삼성,두산,H,Final,Loss,2.0,4.0,대구,
20190330HTKT0_KIA,2019-03-30,KIA,KT,A,Final,Loss,2.0,6.0,수원,
20190330HTKT0_KT,2019-03-30,KT,KIA,H,Final,Win,6.0,2.0,수원,
20190330SKWO0_SK,2019-03-30,SK,키움,A,Final,Loss,1.0,3.0,고척,
20190330SKWO0_키움,2019-03-30,키움,SK,H,Final,Win,3.0,1.0,고척,
20190331NCHH0_NC,2019-03-31,NC,한화,A,Final,Win,6.0,3.0,한밭,
20190331NCHH0_한화,2019-03-31,한화,NC,H,Final,Loss,3.0,6.0,한밭,
20190331LTLG0_롯데,2019-03-31,롯데,LG,A,Final,Loss,5.0,6.0,잠실,
20190331LTLG0_LG,2019-03-31,LG,롯데,H,Final,Win,6.0,5.0,잠실,
20190331OBSS0_두산,2019-03-31,두산,삼성,A,Final,Win,9.0,4.0,대구,
20190331OBSS0_삼성,2019-03-31,삼성,두산,H,Final,Loss,4.0,9.0,대구,
20190331HTKT0_KIA,2019-03-31,KIA,KT,A,Final,Win,4.0,2.0,수원,
20190331HTKT0_KT,2019-03-31,KT,KIA,H,Final,Loss,2.0,4.0,수원,
20190331SKWO0_SK,2019-03-31,SK,키움,A,Final,Win,8.0,7.0,고척,
20190331SKWO0_키움,2019-03-31,키움,SK,H,Final,Loss,7.0,8.0,고척,
20190402LGHH0_LG,2019-04-02,LG,한화,A,Final,Loss,2.0,6.0,한밭,
20190402LGHH0_한화,2019-04-02,한화,LG,H,Final,Win,6.0,2.0,한밭,
20190402KTOB0_KT,2019-04-02,KT,두산,A,Final,Loss,0.0,9.0,잠실,
20190402KTOB0_두산,2019-04-02,두산,KT,H,Final,Win,9.0,0.0,잠실,
20190402HTSS0_KIA,2019-04-02,KIA,삼성,A,Final,Win,4.0,1.0,대구,
20190402HTSS0_삼성,2019-04-02,삼성,KIA,H,Final,Loss,1.0,4.0,대구,
20190402LTSK0_롯데,2019-04-02,롯데,SK,A,Final,Win,5.0,0.0,문학,
20190402LTSK0_SK,2019-04-02,SK,롯데,H,Final,Loss,0.0,5.0,문학,
20190402WONC0_키움,2019-04-02,키움,NC,A,Final,Win,8.0,6.0,창원,
20190402WONC0_NC,2019-04-02,NC,키움,H,Final,Loss,6.0,8.0,창원,
20190403LGHH0_LG,2019-04-03,LG,한화,A,Final,Win,7.0,0.0,한밭,
20190403LGHH0_한화,2019-04-03,한화,LG,H,Final,Loss,0.0,7.0,한밭,
20190403KTOB0_KT,2019-04-03,KT,두산,A,Final,Loss,1.0,5.0,잠실,
20190403KTOB0_두산,2019-04-03,두산,KT,H,Final,Win,5.0,1.0,잠실,
20190403HTSS0_KIA,2019-04-03,KIA,삼성,A,Final,Loss,3.0,6.0,대구,
20190403HTSS0_삼성,2019-04-03,삼성,KIA,H,Final,Win,6.0,3.0,대구,
20190403LTSK0_롯데,2019-04-03,롯데,SK,A,Final,Win,3.0,1.0,문학,
20190403LTSK0_SK,2019-04-03,SK,롯데,H,Final,Loss,1.0,3.0,문학,
20190403WONC0_키움,2019-04-03,키움,NC,A,Final,Loss,1.0,9.0,창원,
20190403WONC0_NC,2019-04-03,NC,키움,H,Final,Win,9.0,1.0,창원,
20190404LGHH0_LG,2019-04-04,LG,한화,A,Final,Loss,1.0,2.0,한밭,
20190404LGHH0_한화,2019-04-04,한화,LG,H,Final,Win,2.0,1.0,한밭,
20190404KTOB0_KT,2019-04-04,KT,두산,A,Final,Loss,4.0,5.0,잠실,
20190404KTOB0_두산,2019-04-04,두산,KT,H,Final,Win,5.0,4.0,잠실,
20190404HTSS0_KIA,2019-04-04,KIA,삼성,A,Final,Loss,7.0,12.0,대구,
20190404HTSS0_삼성,2019-04-04,삼성,KIA,H,Final,Win,12.0,7.0,대구,
20190404LTSK0_롯데,2019-04-04,롯데,SK,A,Final,Loss,6.0,7.0,문학,
20190404LTSK0_SK,2019-04-04,SK,롯데,H,Final,Win,7.0,6.0,문학,
20190404WONC0_키움,2019-04-04,키움,NC,A,Final,Win,6.0,5.0,창원,
20190404WONC0_NC,2019-04-04,NC,키움,H,Final,Loss,5.0,6.0,창원,
20190405NCOB0_NC,2019-04-05,NC,두산,A,Final,Win,7.0,3.0,잠실,
20190405NCOB0_두산,2019-04-05,두산,NC,H,Final,Loss,3.0,7.0,잠실,
20190405HHLT0_한화,2019-04-05,한화,롯데,A,Final,Loss,2.0,5.0,사직,
20190405HHLT0_롯데,2019-04-05,롯데,한화,H,Final,Win,5.0,2.0,사직,
20190405SSSK0_삼성,2019-04-05,삼성,SK,A,Final,Loss,0.0,3.0,문학,
20190405SSSK0_SK,2019-04-05,SK,삼성,H,Final,Win,3.0,0.0,문학,
20190405WOHT0_키움,2019-04-05,키움,KIA,A,Final,Loss,4.0,6.0,광주,
20190405WOHT0_KIA,2019-04-05,KIA,키움,H,Final,Win,6.0,4.0,광주,
20190405LGKT0_LG,2019-04-05,LG,KT,A,Final,Win,13.0,0.0,수원,
20190405LGKT0_KT,2019-04-05,KT,LG,H,Final,Loss,0.0,13.0,수원,
20190406NCOB0_NC,2019-04-06,NC,두산,A,Final,Win,6.0,5.0,잠실,
20190406NCOB0_두산,2019-04-06,두산,NC,H,Final,Loss,5.0,6.0,잠실,
20190406HHLT0_한화,2019-04-06,한화,롯데,A,Final,Loss,7.0,9.0,사직,
20190406HHLT0_롯데,2019-04-06,롯데,한화,H,Final,Win,9.0,7.0,사직,
20190406SSSK0_삼성,2019-04-06,삼성,SK,A,Final,Loss,1.0,2.0,문학,
20190406SSSK0_SK,2019-04-06,SK,삼성,H,Final,Win,2.0,1.0,문학,
20190406WOHT0_키움,2019-04-06,키움,KIA,A,Final,Win,14.0,4.0,광주,
20190406WOHT0_KIA,2019-04-06,KIA,키움,H,Final,Loss,4.0,14.0,광주,
20190406LGKT0_LG,2019-04-06,LG,KT,A,Final,Loss,1.0,2.0,수원,
20190406LGKT0_KT,2019-04-06,KT,LG,H,Final,Win,2.0,1.0,수원,
20190407NCOB0_NC,2019-04-07,NC,두산,A,Final,Win,5.0,3.0,잠실,
20190407NCOB0_두산,2019-04-07,두산,NC,H,Final,Loss,3.0,5.0,잠실,
20190407HHLT0_한화,2019-04-07,한화,롯데,A,Final,Win,16.0,1.0,사직,
20190407HHLT0_롯데,2019-04-07,롯데,한화,H,Final,Loss,1.0,16.0,사직,
20190407SSSK0_삼성,2019-04-07,삼성,SK,A,Final,Loss,2.0,3.0,문학,
20190407SSSK0_SK,2019-04-07,SK,삼성,H,Final,Win,3.0,2.0,문학,
20190407LGKT0_LG,2019-04-07,LG,KT,A,Final,Loss,3.0,4.0,수원,
20190407LGKT0_KT,2019-04-07,KT,LG,H,Final,Win,4.0,3.0,수원,
20190409KTWO0_KT,2019-04-09,KT,키움,A,Final,Loss,3.0,7.0,고척,
20190409KTWO0_키움,2019-04-09,키움,KT,H,Final,Win,7.0,3.0,고척,
20190410SKHH0_SK,2019-04-10,SK,한화,A,Final,Win,8.0,3.0,한밭,
20190410SKHH0_한화,2019-04-10,한화,SK,H,Final,Loss,3.0,8.0,한밭,
20190410SSLG0_삼성,2019-04-10,삼성,LG,A,Final,Win,6.0,5.0,잠실,
20190410SSLG0_LG,2019-04-10,LG,삼성,H,Final,Loss,5.0,6.0,잠실,
20190410OBLT0_두산,2019-04-10,두산,롯데,A,Final,Win,3.0,1.0,사직,
20190410OBLT0_롯데,2019-04-10,롯데,두산,H,Final,Loss,1.0,3.0,사직,
20190410NCHT0_NC,2019-04-10,NC,KIA,A,Final,Loss,1.0,2.0,광주,
20190410NCHT0_KIA,2019-04-10,KIA,NC,H,Final,Win,2.0,1.0,광주,
20190410KTWO0_KT,2019-04-10,KT,키움,A,Final,Loss,2.0,4.0,고척,
20190410KTWO0_키움,2019-04-10,키움,KT,H,Final,Win,4.0,2.0,고척,
20190411SKHH0_SK,2019-04-11,SK,한화,A,Final,Win,1.0,0.0,한밭,
20190411SKHH0_한화,2019-04-11,한화,SK,H,Final,Loss,0.0,1.0,한밭,
20190411SSLG0_삼성,2019-04-11,삼성,LG,A,Final,Loss,2.0,5.0,잠실,
20190411SSLG0_LG,2019-04-11,LG,삼성,H,Final,Win,5.0,2.0,잠실,
20190411OBLT0_두산,2019-04-11,두산,롯데,A,Final,Win,5.0,1.0,사직,
20190411OBLT0_롯데,2019-04-11,롯데,두산,H,Final,Loss,1.0,5.0,사직,
20190411NCHT0_NC,2019-04-11,NC,KIA,A,Final,Win,4.0,2.0,광주,
20190411NCHT0_KIA,2019-04-11,KIA,NC,H,Final,Loss,2.0,4.0,광주,
20190411KTWO0_KT,2019-04-11,KT,키움,A,Final,Win,8.0,1.0,고척,
20190411KTWO0_키움,2019-04-11,키움,KT,H,Final,Loss,1.0,8.0,고척,
20190412OBLG0_두산,2019-04-12,두산,LG,A,Final,Loss,0.0,3.0,잠실,
20190412OBLG0_LG,2019-04-12,LG,두산,H,Final,Win,3.0,0.0,잠실,
20190412KTSS0_KT,2019-04-12,KT,삼성,A,Final,Loss,0.0,5.0,대구,
20190412KTSS0_삼성,2019-04-12,삼성,KT,H,Final,Win,5.0,0.0,대구,
20190412HHWO0_한화,2019-04-12,한화,키움,A,Final,Loss,3.0,5.0,고척,
20190412HHWO0_키움,2019-04-12,키움,한화,H,Final,Win,5.0,3.0,고척,
20190412LTNC0_롯데,2019-04-12,롯데,NC,A,Final,Loss,1.0,2.0,창원,
20190412LTNC0_NC,2019-04-12,NC,롯데,H,Final,Win,2.0,1.0,창원,
20190413OBLG0_두산,2019-04-13,두산,LG,A,Final,Loss,2.0,5.0,잠실,
20190413OBLG0_LG,2019-04-13,LG,두산,H,Final,Win,5.0,2.0,잠실,
20190413KTSS0_KT,2019-04-13,KT,삼성,A,Final,Win,5.0,3.0,대구,
20190413KTSS0_삼성,2019-04-13,삼성,KT,H,Final,Loss,3.0,5.0,대구,
20190413HTSK0_KIA,2019-04-13,KIA,SK,A,Final,Win,6.0,4.0,문학,
20190413HTSK0_SK,2019-04-13,SK,KIA,H,Final,Loss,4.0,6.0,문학,
20190413LTNC0_롯데,2019-04-13,롯데,NC,A,Final,Loss,5.0,7.0,창원,
20190413LTNC0_NC,2019-04-13,NC,롯데,H,Final,Win,7.0,5.0,창원,
20190413HHWO0_한화,2019-04-13,한화,키움,A,Final,Loss,3.0,5.0,고척,
20190413HHWO0_키움,2019-04-13,키움,한화,H,Final,Win,5.0,3.0,고척,
20190414OBLG0_두산,2019-04-14,두산,LG,A,Final,Win,8.0,0.0,잠실,
20190414OBLG0_LG,2019-04-14,LG,두산,H,Final,Loss,0.0,8.0,잠실,
20190414KTSS0_KT,2019-04-14,KT,삼성,A,Final,Loss,12.0,14.0,대구,
20190414KTSS0_삼성,2019-04-14,삼성,KT,H,Final,Win,14.0,12.0,대구,
20190414HTSK0_KIA,2019-04-14,KIA,SK,A,Final,Win,4.0,2.0,문학,
20190414HTSK0_SK,2019-04-14,SK,KIA,H,Final,Loss,2.0,4.0,문학,
20190414LTNC0_롯데,2019-04-14,롯데,NC,A,Final,Loss,1.0,8.0,창원,
20190414LTNC0_NC,2019-04-14,NC,롯데,H,Final,Win,8.0,1.0,창원,
20190414HHWO0_한화,2019-04-14,한화,키움,A,Final,Win,3.0,2.0,고척,
20190414HHWO0_키움,2019-04-14,키움,한화,H,Final,Loss,2.0,3.0,고척,
20190416SKOB0_SK,2019-04-16,SK,두산,A,Final,Loss,3.0,8.0,잠실,
20190416SKOB0_두산,2019-04-16,두산,SK,H,Final,Win,8.0,3.0,잠실,
20190416HTLT0_KIA,2019-04-16,KIA,롯데,A,Final,Loss,9.0,10.0,사직,
20190416HTLT0_롯데,2019-04-16,롯데,KIA,H,Final,Win,10.0,9.0,사직,
20190416HHKT0_한화,2019-04-16,한화,KT,A,Final,Loss,2.0,4.0,수원,
20190416HHKT0_KT,2019-04-16,KT,한화,H,Final,Win,4.0,2.0,수원,
20190416LGNC0_LG,2019-04-16,LG,NC,A,Final,Win,7.0,2.0,창원,
20190416LGNC0_NC,2019-04-16,NC,LG,H,Final,Loss,2.0,7.0,창원,
20190416WOSS0_키움,2019-04-16,키움,삼성,A,Final,Win,4.0,0.0,포항,
20190416WOSS0_삼성,2019-04-16,삼성,키움,H,Final,Loss,0.0,4.0,포항,
20190417SKOB0_SK,2019-04-17,SK,두산,A,Final,Loss,3.0,12.0,잠실,
20190417SKOB0_두산,2019-04-17,두산,SK,H,Final,Win,12.0,3.0,잠실,
20190417HTLT0_KIA,2019-04-17,KIA,롯데,A,Final,Loss,6.0,8.0,사직,
20190417HTLT0_롯데,2019-04-17,롯데,KIA,H,Final,Win,8.0,6.0,사직,
20190417HHKT0_한화,2019-04-17,한화,KT,A,Final,Win,8.0,5.0,수원,
20190417HHKT0_KT,2019-04-17,KT,한화,H,Final,Loss,5.0,8.0,수원,
20190417LGNC0_LG,2019-04-17,LG,NC,A,Final,Win,4.0,2.0,창원,
20190417LGNC0_NC,2019-04-17,NC,LG,H,Final,Loss,2.0,4.0,창원,
20190417WOSS0_키움,2019-04-17,키움,삼성,A,Final,Win,5.0,3.0,포항,
20190417WOSS0_삼성,2019-04-17,삼성,키움,H,Final,Loss,3.0,5.0,포항,
20190418SKOB0_SK,2019-04-18,SK,두산,A,Final,Win,4.0,3.0,잠실,
20190418SKOB0_두산,2019-04-18,두산,SK,H,Final,Loss,3.0,4.0,잠실,
20190418HTLT0_KIA,2019-04-18,KIA,롯데,A,Final,Loss,9.0,10.0,사직,
20190418HTLT0_롯데,2019-04-18,롯데,KIA,H,Final,Win,10.0,9.0,사직,
20190418HHKT0_한화,2019-04-18,한화,KT,A,Final,Loss,5.0,6.0,수원,
20190418HHKT0_KT,2019-04-18,KT,한화,H,Final,Win,6.0,5.0,수원,
20190418LGNC0_LG,2019-04-18,LG,NC,A,Final,Win,6.0,1.0,창원,
20190418LGNC0_NC,2019-04-18,NC,LG,H,Final,Loss,1.0,6.0,창원,
20190418WOSS0_키움,2019-04-18,키움,삼성,A,Final,Loss,4.0,5.0,포항,
20190418WOSS0_삼성,2019-04-18,삼성,키움,H,Final,Win,5.0,4.0,포항,
20190419SSHH0_삼성,2019-04-19,삼성,한화,A,Final,Loss,3.0,4.0,한밭,
20190419SSHH0_한화,2019-04-19,한화,삼성,H,Final,Win,4.0,3.0,한밭,
20190419WOLG0_키움,2019-04-19,키움,LG,A,Final,Win,13.0,3.0,잠실,
20190419WOLG0_LG,2019-04-19,LG,키움,H,Final,Loss,3.0,13.0,잠실,
20190419KTLT0_KT,2019-04-19,KT,롯데,A,Final,Win,6.0,5.0,사직,
20190419KTLT0_롯데,2019-04-19,롯데,KT,H,Final,Loss,5.0,6.0,사직,
20190419NCSK0_NC,2019-04-19,NC,SK,A,Final,Win,14.0,11.0,문학,
20190419NCSK0_SK,2019-04-19,SK,NC,H,Final,Loss,11.0,14.0,문학,
20190419OBHT0_두산,2019-04-19,두산,KIA,A,Final,Win,8.0,6.0,광주,
20190419OBHT0_KIA,2019-04-19,KIA,두산,H,Final,Loss,6.0,8.0,광주,
20190420SSHH0_삼성,2019-04-20,삼성,한화,A,Final,Loss,5.0,12.0,한밭,
20190420SSHH0_한화,2019-04-20,한화,삼성,H,Final,Win,12.0,5.0,한밭,
20190420WOLG0_키움,2019-04-20,키움,LG,A,Final,Win,7.0,3.0,잠실,
20190420WOLG0_LG,2019-04-20,LG,키움,H,Final,Loss,3.0,7.0,잠실,
20190420KTLT0_KT,2019-04-20,KT,롯데,A,Final,Loss,4.0,5.0,사직,
20190420KTLT0_롯데,2019-04-20,롯데,KT,H,Final,Win,5.0,4.0,사직,
20190420NCSK0_NC,2019-04-20,NC,SK,A,Final,Loss,4.0,10.0,문학,
20190420NCSK0_SK,2019-04-20,SK,NC,H,Final,Win,10.0,4.0,문학,
20190420OBHT0_두산,2019-04-20,두산,KIA,A,Final,Win,10.0,1.0,광주,
20190420OBHT0_KIA,2019-04-20,KIA,두산,H,Final,Loss,1.0,10.0,광주,
20190421SSHH0_삼성,2019-04-21,삼성,한화,A,Final,Win,16.0,0.0,한밭,
20190421SSHH0_한화,2019-04-21,한화,삼성,H,Final,Loss,0.0,16.0,한밭,
20190421WOLG0_키움,2019-04-21,키움,LG,A,Final,Loss,3.0,5.0,잠실,
20190421WOLG0_LG,2019-04-21,LG,키움,H,Final,Win,5.0,3.0,잠실,
20190421KTLT0_KT,2019-04-21,KT,롯데,A,Final,Win,6.0,3.0,사직,
20190421KTLT0_롯데,2019-04-21,롯데,KT,H,Final,Loss,3.0,6.0,사직,
20190421NCSK0_NC,2019-04-21,NC,SK,A,Final,Loss,1.0,4.0,문학,
20190421NCSK0_SK,2019-04-21,SK,NC,H,Final,Win,4.0,1.0,문학,
20190421OBHT0_두산,2019-04-21,두산,KIA,A,Final,Win,9.0,2.0,광주,
20190421OBHT0_KIA,2019-04-21,KIA,두산,H,Final,Loss,2.0,9.0,광주,
20190423HTLG0_KIA,2019-04-23,KIA,LG,A,Final,Loss,2.0,9.0,잠실,
20190423HTLG0_LG,2019-04-23,LG,KIA,H,Final,Win,9.0,2.0,잠실,
20190423NCKT0_NC,2019-04-23,NC,KT,A,Final,Win,4.0,3.0,수원,
20190423NCKT0_KT,2019-04-23,KT,NC,H,Final,Loss,3.0,4.0,수원,
20190423OBWO0_두산,2019-04-23,두산,키움,A,Final,Win,9.0,3.0,고척,
20190423OBWO0_키움,2019-04-23,키움,두산,H,Final,Loss,3.0,9.0,고척,
20190424LTHH0_롯데,2019-04-24,롯데,한화,A,Final,Loss,4.0,5.0,한밭,
20190424LTHH0_한화,2019-04-24,한화,롯데,H,Final,Win,5.0,4.0,한밭,
20190424HTLG0_KIA,2019-04-24,KIA,LG,A,Final,Loss,3.0,10.0,잠실,
20190424HTLG0_LG,2019-04-24,LG,KIA,H,Final,Win,10.0,3.0,잠실,
20190424SKSS0_SK,2019-04-24,SK,삼성,A,Final,Win,9.0,8.0,대구,
20190424SKSS0_삼성,2019-04-24,삼성,SK,H,Final,Loss,8.0,9.0,대구,
20190424NCKT0_NC,2019-04-24,NC,KT,A,Final,Win,10.0,2.0,수원,
20190424NCKT0_KT,2019-04-24,KT,NC,H,Final,Loss,2.0,10.0,수원,
20190424OBWO0_두산,2019-04-24,두산,키움,A,Final,Loss,3.0,8.0,고척,
20190424OBWO0_키움,2019-04-24,키움,두산,H,Final,Win,8.0,3.0,고척,
20190425SKSS0_SK,2019-04-25,SK,삼성,A,Final,Win,4.0,3.0,대구,
20190425SKSS0_삼성,2019-04-25,삼성,SK,H,Final,Loss,3.0,4.0,대구,
20190425OBWO0_두산,2019-04-25,두산,키움,A,Final,Loss,6.0,9.0,고척,
20190425OBWO0_키움,2019-04-25,키움,두산,H,Final,Win,9.0,6.0,고척,
20190426LTOB0_롯데,2019-04-26,롯데,두산,A,Final,Loss,8.0,11.0,잠실,
20190426LTOB0_두산,2019-04-26,두산,롯데,H,Final,Win,11.0,8.0,잠실,
20190426SKKT0_SK,2019-04-26,SK,KT,A,Final,Win,2.0,0.0,수원,
20190426SKKT0_KT,2019-04-26,KT,SK,H,Final,Loss,0.0,2.0,수원,
20190426HTWO0_KIA,2019-04-26,KIA,키움,A,Final,Loss,4.0,8.0,고척,
20190426HTWO0_키움,2019-04-26,키움,KIA,H,Final,Win,8.0,4.0,고척,
20190427LTOB0_롯데,2019-04-27,롯데,두산,A,Final,Loss,0.0,7.0,잠실,
20190427LTOB0_두산,2019-04-27,두산,롯데,H,Final,Win,7.0,0.0,잠실,
20190427LGSS0_LG,2019-04-27,LG,삼성,A,Final,Win,8.0,0.0,대구,
20190427LGSS0_삼성,2019-04-27,삼성,LG,H,Final,Loss,0.0,8.0,대구,
20190427SKKT0_SK,2019-04-27,SK,KT,A,Final,Win,2.0,1.0,수원,
20190427SKKT0_KT,2019-04-27,KT,SK,H,Final,Loss,1.0,2.0,수원,
20190427HHNC0_한화,2019-04-27,한화,NC,A,Final,Loss,1.0,15.0,창원,
20190427HHNC0_NC,2019-04-27,NC,한화,H,Final,Win,15.0,1.0,창원,
20190427HTWO0_KIA,2019-04-27,KIA,키움,A,Final,Win,6.0,4.0,고척,
20190427HTWO0_키움,2019-04-27,키움,KIA,H,Final,Loss,4.0,6.0,고척,
20190428LTOB0_롯데,2019-04-28,롯데,두산,A,Final,Loss,2.0,9.0,잠실,
20190428LTOB0_두산,2019-04-28,두산,롯데,H,Final,Win,9.0,2.0,잠실,
20190428LGSS0_LG,2019-04-28,LG,삼성,A,Final,Win,2.0,1.0,대구,
20190428LGSS0_삼성,2019-04-28,삼성,LG,H,Final,Loss,1.0,2.0,대구,
20190428SKKT0_SK,2019-04-28,SK,KT,A,Final,Win,3.0,0.0,수원,
20190428SKKT0_KT,2019-04-28,KT,SK,H,Final,Loss,0.0,3.0,수원,
20190428HHNC0_한화,2019-04-28,한화,NC,A,Final,Loss,4.0,10.0,창원,
20190428HHNC0_NC,2019-04-28,NC,한화,H,Final,Win,10.0,4.0,창원,
20190428HTWO0_KIA,2019-04-28,KIA,키움,A,Final,Loss,5.0,13.0,고척,
20190428HTWO0_키움,2019-04-28,키움,KIA,H,Final,Win,13.0,5.0,고척,
20190430OBHH0_두산,2019-04-30,두산,한화,A,Final,Loss,1.0,2.0,한밭,
20190430OBHH0_한화,2019-04-30,한화,두산,H,Final,Win,2.0,1.0,한밭,
20190430KTLG0_KT,2019-04-30,KT,LG,A,Final,Loss,9.0,10.0,잠실,
20190430KTLG0_LG,2019-04-30,LG,KT,H,Final,Win,10.0,9.0,잠실,
20190430NCLT0_NC,2019-04-30,NC,롯데,A,Final,Loss,1.0,6.0,사직,
20190430NCLT0_롯데,2019-04-30,롯데,NC,H,Final,Win,6.0,1.0,사직,
20190430WOSK0_키움,2019-04-30,키움,SK,A,Final,Win,15.0,5.0,문학,
20190430WOSK0_SK,2019-04-30,SK,키움,H,Final,Loss,5.0,15.0,문학,
20190430SSHT0_삼성,2019-04-30,삼성,KIA,A,Final,Loss,0.0,8.0,광주,
20190430SSHT0_KIA,2019-04-30,KIA,삼성,H,Final,Win,8.0,0.0,광주,
20190501OBHH0_두산,2019-05-01,두산,한화,A,Final,Loss,1.0,4.0,한밭,
20190501OBHH0_한화,2019-05-01,한화,두산,H,Final,Win,4.0,1.0,한밭,
20190501KTLG0_KT,2019-05-01,KT,LG,A,Final,Loss,2.0,3.0,잠실,
20190501KTLG0_LG,2019-05-01,LG,KT,H,Final,Win,3.0,2.0,잠실,
20190501NCLT0_NC,2019-05-01,NC,롯데,A,Final,Win,9.0,5.0,사직,
20190501NCLT0_롯데,2019-05-01,롯데,NC,H,Final,Loss,5.0,9.0,사직,
20190501WOSK0_키움,2019-05-01,키움,SK,A,Final,Loss,0.0,2.0,문학,
20190501WOSK0_SK,2019-05-01,SK,키움,H,Final,Win,2.0,0.0,문학,
20190501SSHT0_삼성,2019-05-01,삼성,KIA,A,Final,Win,10.0,2.0,광주,
20190501SSHT0_KIA,2019-05-01,KIA,삼성,H,Final,Loss,2.0,10.0,광주,
20190502OBHH0_두산,2019-05-02,두산,한화,A,Final,Win,5.0,4.0,한밭,
20190502OBHH0_한화,2019-05-02,한화,두산,H,Final,Loss,4.0,5.0,한밭,
20190502KTLG0_KT,2019-05-02,KT,LG,A,Final,Loss,4.0,5.0,잠실,
20190502KTLG0_LG,2019-05-02,LG,KT,H,Final,Win,5.0,4.0,잠실,
20190502NCLT0_NC,2019-05-02,NC,롯데,A,Final,Win,7.0,6.0,사직,
20190502NCLT0_롯데,2019-05-02,롯데,NC,H,Final,Loss,6.0,7.0,사직,
20190502WOSK0_키움,2019-05-02,키움,SK,A,Final,Win,10.0,8.0,문학,
20190502WOSK0_SK,2019-05-02,SK,키움,H,Final,Loss,8.0,10.0,문학,
20190502SSHT0_삼성,2019-05-02,삼성,KIA,A,Final,Loss,1.0,8.0,광주,
20190502SSHT0_KIA,2019-05-02,KIA,삼성,H,Final,Win,8.0,1.0,광주,
20190503KTHH0_KT,2019-05-03,KT,한화,A,Final,Win,5.0,4.0,한밭,
20190503KTHH0_한화,2019-05-03,한화,KT,H,Final,Loss,4.0,5.0,한밭,
20190503LGOB0_LG,2019-05-03,LG,두산,A,Final,Loss,2.0,7.0,잠실,
20190503LGOB0_두산,2019-05-03,두산,LG,H,Final,Win,7.0,2.0,잠실,
20190503SKLT0_SK,2019-05-03,SK,롯데,A,Final,Win,11.0,7.0,사직,
20190503SKLT0_롯데,2019-05-03,롯데,SK,H,Final,Loss,7.0,11.0,사직,
20190503SSWO0_삼성,2019-05-03,삼성,키움,A,Final,Loss,3.0,8.0,고척,
20190503SSWO0_키움,2019-05-03,키움,삼성,H,Final,Win,8.0,3.0,고척,
20190503HTNC0_KIA,2019-05-03,KIA,NC,A,Final,Win,8.0,4.0,창원,
20190503HTNC0_NC,2019-05-03,NC,KIA,H,Final,Loss,4.0,8.0,창원,
20190504LGOB0_LG,2019-05-04,LG,두산,A,Final,Loss,2.0,3.0,잠실,
20190504LGOB0_두산,2019-05-04,두산,LG,H,Final,Win,3.0,2.0,잠실,
20190504SKLT0_SK,2019-05-04,SK,롯데,A,Final,Win,10.0,4.0,사직,
20190504SKLT0_롯데,2019-05-04,롯데,SK,H,Final,Loss,4.0,10.0,사직,
20190504SSWO0_삼성,2019-05-04,삼성,키움,A,Final,Win,3.0,1.0,고척,
20190504SSWO0_키움,2019-05-04,키움,삼성,H,Final,Loss,1.0,3.0,고척,
20190504KTHH0_KT,2019-05-04,KT,한화,A,Final,Loss,9.0,10.0,한밭,
20190504KTHH0_한화,2019-05-04,한화,KT,H,Final,Win,10.0,9.0,한밭,
20190504HTNC0_KIA,2019-05-04,KIA,NC,A,Final,Loss,1.0,4.0,창원,
20190504HTNC0_NC,2019-05-04,NC,KIA,H,Final,Win,4.0,1.0,창원,
20190505KTHH0_KT,2019-05-05,KT,한화,A,Final,Loss,4.0,6.0,한밭,
20190505KTHH0_한화,2019-05-05,한화,KT,H,Final,Win,6.0,4.0,한밭,
20190505LGOB0_LG,2019-05-05,LG,두산,A,Final,Loss,2.0,11.0,잠실,
20190505LGOB0_두산,2019-05-05,두산,LG,H,Final,Win,11.0,2.0,잠실,
20190505SKLT0_SK,2019-05-05,SK,롯데,A,Final,Win,4.0,3.0,사직,
20190505SKLT0_롯데,2019-05-05,롯데,SK,H,Final,Loss,3.0,4.0,사직,
20190505HTNC0_KIA,2019-05-05,KIA,NC,A,Final,Loss,3.0,10.0,창원,
20190505HTNC0_NC,2019-05-05,NC,KIA,H,Final,Win,10.0,3.0,창원,
20190505SSWO0_삼성,2019-05-05,삼성,키움,A,Final,Loss,2.0,12.0,고척,
20190505SSWO0_키움,2019-05-05,키움,삼성,H,Final,Win,12.0,2.0,고척,
20190507HTOB0_KIA,2019-05-07,KIA,두산,A,Final,Loss,3.0,4.0,잠실,
20190507HTOB0_두산,2019-05-07,두산,KIA,H,Final,Win,4.0,3.0,잠실,
20190507NCSS0_NC,2019-05-07,NC,삼성,A,Final,Loss,3.0,6.0,대구,
20190507NCSS0_삼성,2019-05-07,삼성,NC,H,Final,Win,6.0,3.0,대구,
20190507HHSK0_한화,2019-05-07,한화,SK,A,Final,Loss,2.0,11.0,문학,
20190507HHSK0_SK,2019-05-07,SK,한화,H,Final,Win,11.0,2.0,문학,
20190507LTKT0_롯데,2019-05-07,롯데,KT,A,Final,Loss,2.0,7.0,수원,
20190507LTKT0_KT,2019-05-07,KT,롯데,H,Final,Win,7.0,2.0,수원,
20190507LGWO0_LG,2019-05-07,LG,키움,A,Final,Win,12.0,10.0,고척,
20190507LGWO0_키움,2019-05-07,키움,LG,H,Final,Loss,10.0,12.0,고척,
20190508HTOB0_KIA,2019-05-08,KIA,두산,A,Final,Loss,0.0,1.0,잠실,
20190508HTOB0_두산,2019-05-08,두산,KIA,H,Final,Win,1.0,0.0,잠실,
20190508NCSS0_NC,2019-05-08,NC,삼성,A,Final,Loss,0.0,2.0,대구,
20190508NCSS0_삼성,2019-05-08,삼성,NC,H,Final,Win,2.0,0.0,대구,
20190508HHSK0_한화,2019-05-08,한화,SK,A,Final,Loss,2.0,17.0,문학,
20190508HHSK0_SK,2019-05-08,SK,한화,H,Final,Win,17.0,2.0,문학,
20190508LTKT0_롯데,2019-05-08,롯데,KT,A,Final,Loss,4.0,5.0,수원,
20190508LTKT0_KT,2019-05-08,KT,롯데,H,Final,Win,5.0,4.0,수원,
20190508LGWO0_LG,2019-05-08,LG,키움,A,Final,Loss,0.0,6.0,고척,
20190508LGWO0_키움,2019-05-08,키움,LG,H,Final,Win,6.0,0.0,고척,
20190509HTOB0_KIA,2019-05-09,KIA,두산,A,Final,Win,5.0,3.0,잠실,
20190509HTOB0_두산,2019-05-09,두산,KIA,H,Final,Loss,3.0,5.0,잠실,
20190509NCSS0_NC,2019-05-09,NC,삼성,A,Final,Loss,4.0,6.0,대구,
20190509NCSS0_삼성,2019-05-09,삼성,NC,H,Final,Win,6.0,4.0,대구,
20190509HHSK0_한화,2019-05-09,한화,SK,A,Final,Win,6.0,1.0,문학,
20190509HHSK0_SK,2019-05-09,SK,한화,H,Final,Loss,1.0,6.0,문학,
20190509LTKT0_롯데,2019-05-09,롯데,KT,A,Final,Win,13.0,6.0,수원,
20190509LTKT0_KT,2019-05-09,KT,롯데,H,Final,Loss,6.0,13.0,수원,
20190509LGWO0_LG,2019-05-09,LG,키움,A,Final,Loss,1.0,2.0,고척,
20190509LGWO0_키움,2019-05-09,키움,LG,H,Final,Win,2.0,1.0,고척,
20190510HHLG0_한화,2019-05-10,한화,LG,A,Final,Win,5.0,2.0,잠실,
20190510HHLG0_LG,2019-05-10,LG,한화,H,Final,Loss,2.0,5.0,잠실,
20190510LTSS0_롯데,2019-05-10,롯데,삼성,A,Final,Win,12.0,5.0,대구,
20190510LTSS0_삼성,2019-05-10,삼성,롯데,H,Final,Loss,5.0,12.0,대구,
20190510SKHT0_SK,2019-05-10,SK,KIA,A,Final,Win,4.0,1.0,광주,
20190510SKHT0_KIA,2019-05-10,KIA,SK,H,Final,Loss,1.0,4.0,광주,
20190510WOKT0_키움,2019-05-10,키움,KT,A,Final,Loss,6.0,7.0,수원,
20190510WOKT0_KT,2019-05-10,KT,키움,H,Final,Win,7.0,6.0,수원,
20190510OBNC0_두산,2019-05-10,두산,NC,A,Final,Loss,11.0,12.0,창원,
20190510OBNC0_NC,2019-05-10,NC,두산,H,Final,Win,12.0,11.0,창원,
20190511HHLG0_한화,2019-05-11,한화,LG,A,Final,Loss,4.0,6.0,잠실,
20190511HHLG0_LG,2019-05-11,LG,한화,H,Final,Win,6.0,4.0,잠실,
20190511LTSS0_롯데,2019-05-11,롯데,삼성,A,Final,Loss,2.0,9.0,대구,
20190511LTSS0_삼성,2019-05-11,삼성,롯데,H,Final,Win,9.0,2.0,대구,
20190511SKHT0_SK,2019-05-11,SK,KIA,A,Final,Win,10.0,3.0,광주,
20190511SKHT0_KIA,2019-05-11,KIA,SK,H,Final,Loss,3.0,10.0,광주,
20190511WOKT0_키움,2019-05-11,키움,KT,A,Final,Win,6.0,2.0,수원,
20190511WOKT0_KT,2019-05-11,KT,키움,H,Final,Loss,2.0,6.0,수원,
20190511OBNC0_두산,2019-05-11,두산,NC,A,Final,Win,12.0,0.0,창원,
20190511OBNC0_NC,2019-05-11,NC,두산,H,Final,Loss,0.0,12.0,창원,
20190512HHLG0_한화,2019-05-12,한화,LG,A,Final,Loss,0.0,2.0,잠실,
20190512HHLG0_LG,2019-05-12,LG,한화,H,Final,Win,2.0,0.0,잠실,
20190512LTSS0_롯데,2019-05-12,롯데,삼성,A,Final,Win,10.0,9.0,대구,
20190512LTSS0_삼성,2019-05-12,삼성,롯데,H,Final,Loss,9.0,10.0,대구,
20190512SKHT0_SK,2019-05-12,SK,KIA,A,Final,Win,4.0,3.0,광주,
20190512SKHT0_KIA,2019-05-12,KIA,SK,H,Final,Loss,3.0,4.0,광주,
20190512WOKT0_키움,2019-05-12,키움,KT,A,Final,Loss,3.0,9.0,수원,
20190512WOKT0_KT,2019-05-12,KT,키움,H,Final,Win,9.0,3.0,수원,
20190512OBNC0_두산,2019-05-12,두산,NC,A,Final,Win,3.0,2.0,창원,
20190512OBNC0_NC,2019-05-12,NC,두산,H,Final,Loss,2.0,3.0,창원,
20190514WOHH0_키움,2019-05-14,키움,한화,A,Final,Loss,3.0,7.0,한밭,
20190514WOHH0_한화,2019-05-14,한화,키움,H,Final,Win,7.0,3.0,한밭,
20190514SSOB0_삼성,2019-05-14,삼성,두산,A,Final,Win,4.0,3.0,잠실,
20190514SSOB0_두산,2019-05-14,두산,삼성,H,Final,Loss,3.0,4.0,잠실,
20190514LGLT0_LG,2019-05-14,LG,롯데,A,Final,Loss,0.0,4.0,사직,
20190514LGLT0_롯데,2019-05-14,롯데,LG,H,Final,Win,4.0,0.0,사직,
20190514KTHT0_KT,2019-05-14,KT,KIA,A,Final,Win,6.0,1.0,광주,
20190514KTHT0_KIA,2019-05-14,KIA,KT,H,Final,Loss,1.0,6.0,광주,
20190514SKNC0_SK,2019-05-14,SK,NC,A,Final,Loss,2.0,8.0,창원,
20190514SKNC0_NC,2019-05-14,NC,SK,H,Final,Win,8.0,2.0,창원,
20190515WOHH0_키움,2019-05-15,키움,한화,A,Final,Loss,4.0,5.0,한밭,
20190515WOHH0_한화,2019-05-15,한화,키움,H,Final,Win,5.0,4.0,한밭,
20190515SSOB0_삼성,2019-05-15,삼성,두산,A,Final,Loss,1.0,3.0,잠실,
20190515SSOB0_두산,2019-05-15,두산,삼성,H,Final,Win,3.0,1.0,잠실,
20190515LGLT0_LG,2019-05-15,LG,롯데,A,Final,Loss,4.0,8.0,사직,
20190515LGLT0_롯데,2019-05-15,롯데,LG,H,Final,Win,8.0,4.0,사직,
20190515KTHT0_KT,2019-05-15,KT,KIA,A,Final,Win,7.0,4.0,광주,
20190515KTHT0_KIA,2019-05-15,KIA,KT,H,Final,Loss,4.0,7.0,광주,
20190515SKNC0_SK,2019-05-15,SK,NC,A,Final,Win,7.0,3.0,창원,
20190515SKNC0_NC,2019-05-15,NC,SK,H,Final,Loss,3.0,7.0,창원,
20190516WOHH0_키움,2019-05-16,키움,한화,A,Final,Loss,6.0,15.0,한밭,
20190516WOHH0_한화,2019-05-16,한화,키움,H,Final,Win,15.0,6.0,한밭,
20190516SSOB0_삼성,2019-05-16,삼성,두산,A,Final,Loss,1.0,4.0,잠실,
20190516SSOB0_두산,2019-05-16,두산,삼성,H,Final,Win,4.0,1.0,잠실,
20190516LGLT0_LG,2019-05-16,LG,롯데,A,Final,Win,3.0,2.0,사직,
20190516LGLT0_롯데,2019-05-16,롯데,LG,H,Final,Loss,2.0,3.0,사직,
20190516KTHT0_KT,2019-05-16,KT,KIA,A,Final,Win,6.0,3.0,광주,
20190516KTHT0_KIA,2019-05-16,KIA,KT,H,Final,Loss,3.0,6.0,광주,
20190516SKNC0_SK,2019-05-16,SK,NC,A,Final,Loss,2.0,5.0,창원,
20190516SKNC0_NC,2019-05-16,NC,SK,H,Final,Win,5.0,2.0,창원,
20190517HTHH0_KIA,2019-05-17,KIA,한화,A,Final,Win,5.0,2.0,한밭,
20190517HTHH0_한화,2019-05-17,한화,KIA,H,Final,Loss,2.0,5.0,한밭,
20190517NCLG0_NC,2019-05-17,NC,LG,A,Final,Win,13.0,2.0,잠실,
20190517NCLG0_LG,2019-05-17,LG,NC,H,Final,Loss,2.0,13.0,잠실,
20190517OBSK0_두산,2019-05-17,두산,SK,A,Final,Win,3.0,1.0,문학,
20190517OBSK0_SK,2019-05-17,SK,두산,H,Final,Loss,1.0,3.0,문학,
20190517SSKT0_삼성,2019-05-17,삼성,KT,A,Final,Win,14.0,3.0,수원,
20190517SSKT0_KT,2019-05-17,KT,삼성,H,Final,Loss,3.0,14.0,수원,
20190517LTWO0_롯데,2019-05-17,롯데,키움,A,Final,Loss,0.0,7.0,고척,
20190517LTWO0_키움,2019-05-17,키움,롯데,H,Final,Win,7.0,0.0,고척,
20190518HTHH0_KIA,2019-05-18,KIA,한화,A,Final,Loss,2.0,5.0,한밭,
20190518HTHH0_한화,2019-05-18,한화,KIA,H,Final,Win,5.0,2.0,한밭,
20190518NCLG0_NC,2019-05-18,NC,LG,A,Final,Win,9.0,3.0,잠실,
20190518NCLG0_LG,2019-05-18,LG,NC,H,Final,Loss,3.0,9.0,잠실,
20190518OBSK0_두산,2019-05-18,두산,SK,A,Final,Win,10.0,5.0,문학,
20190518OBSK0_SK,2019-05-18,SK,두산,H,Final,Loss,5.0,10.0,문학,
20190518SSKT0_삼성,2019-05-18,삼성,KT,A,Final,Loss,0.0,2.0,수원,
20190518SSKT0_KT,2019-05-18,KT,삼성,H,Final,Win,2.0,0.0,수원,
20190518LTWO0_롯데,2019-05-18,롯데,키움,A,Final,Loss,1.0,13.0,고척,
20190518LTWO0_키움,2019-05-18,키움,롯데,H,Final,Win,13.0,1.0,고척,
20190519HTHH0_KIA,2019-05-19,KIA,한화,A,Final,Win,5.0,0.0,한밭,
20190519HTHH0_한화,2019-05-19,한화,KIA,H,Final,Loss,0.0,5.0,한밭,
20190519LTWO0_롯데,2019-05-19,롯데,키움,A,Final,Loss,3.0,9.0,고척,
20190519LTWO0_키움,2019-05-19,키움,롯데,H,Final,Win,9.0,3.0,고척,
20190521SKLG0_SK,2019-05-21,SK,LG,A,Final,Win,4.0,2.0,잠실,
20190521SKLG0_LG,2019-05-21,LG,SK,H,Final,Loss,2.0,4.0,잠실,
20190521HHSS0_한화,2019-05-21,한화,삼성,A,Final,Loss,3.0,9.0,대구,
20190521HHSS0_삼성,2019-05-21,삼성,한화,H,Final,Win,9.0,3.0,대구,
20190521LTHT0_롯데,2019-05-21,롯데,KIA,A,Final,Loss,6.0,10.0,광주,
20190521LTHT0_KIA,2019-05-21,KIA,롯데,H,Final,Win,10.0,6.0,광주,
20190521OBKT0_두산,2019-05-21,두산,KT,A,Final,Loss,7.0,12.0,수원,
20190521OBKT0_KT,2019-05-21,KT,두산,H,Final,Win,12.0,7.0,수원,
20190521NCWO0_NC,2019-05-21,NC,키움,A,Final,Win,3.0,1.0,고척,
20190521NCWO0_키움,2019-05-21,키움,NC,H,Final,Loss,1.0,3.0,고척,
20190522SKLG0_SK,2019-05-22,SK,LG,A,Final,Win,2.0,0.0,잠실,
20190522SKLG0_LG,2019-05-22,LG,SK,H,Final,Loss,0.0,2.0,잠실,
20190522HHSS0_한화,2019-05-22,한화,삼성,A,Final,Loss,5.0,6.0,대구,
20190522HHSS0_삼성,2019-05-22,삼성,한화,H,Final,Win,6.0,5.0,대구,
20190522LTHT0_롯데,2019-05-22,롯데,KIA,A,Final,Loss,5.0,6.0,광주,
20190522LTHT0_KIA,2019-05-22,KIA,롯데,H,Final,Win,6.0,5.0,광주,
20190522OBKT0_두산,2019-05-22,두산,KT,A,Final,Loss,1.0,3.0,수원,
20190522OBKT0_KT,2019-05-22,KT,두산,H,Final,Win,3.0,1.0,수원,
20190522NCWO0_NC,2019-05-22,NC,키움,A,Final,Loss,2.0,4.0,고척,
20190522NCWO0_키움,2019-05-22,키움,NC,H,Final,Win,4.0,2.0,고척,
20190523SKLG0_SK,2019-05-23,SK,LG,A,Final,Loss,1.0,2.0,잠실,
20190523SKLG0_LG,2019-05-23,LG,SK,H,Final,Win,2.0,1.0,잠실,
20190523HHSS0_한화,2019-05-23,한화,삼성,A,Final,Loss,1.0,2.0,대구,
20190523HHSS0_삼성,2019-05-23,삼성,한화,H,Final,Win,2.0,1.0,대구,
20190523LTHT0_롯데,2019-05-23,롯데,KIA,A,Final,Loss,1.0,3.0,광주,
20190523LTHT0_KIA,2019-05-23,KIA,롯데,H,Final,Win,3.0,1.0,광주,
20190523OBKT0_두산,2019-05-23,두산,KT,A,Final,Loss,2.0,3.0,수원,
20190523OBKT0_KT,2019-05-23,KT,두산,H,Final,Win,3.0,2.0,수원,
20190523NCWO0_NC,2019-05-23,NC,키움,A,Final,Win,4.0,2.0,고척,
20190523NCWO0_키움,2019-05-23,키움,NC,H,Final,Loss,2.0,4.0,고척,
20190524HHOB0_한화,2019-05-24,한화,두산,A,Final,Win,4.0,3.0,잠실,
20190524HHOB0_두산,2019-05-24,두산,한화,H,Final,Loss,3.0,4.0,잠실,
20190524WOSS0_키움,2019-05-24,키움,삼성,A,Final,Win,10.0,5.0,대구,
20190524WOSS0_삼성,2019-05-24,삼성,키움,H,Final,Loss,5.0,10.0,대구,
20190524LGLT0_LG,2019-05-24,LG,롯데,A,Final,Loss,5.0,8.0,사직,
20190524LGLT0_롯데,2019-05-24,롯데,LG,H,Final,Win,8.0,5.0,사직,
20190524KTHT0_KT,2019-05-24,KT,KIA,A,Final,Loss,5.0,7.0,광주,
20190524KTHT0_KIA,2019-05-24,KIA,KT,H,Final,Win,7.0,5.0,광주,
20190524SKNC0_SK,2019-05-24,SK,NC,A,Final,Win,4.0,2.0,창원,
20190524SKNC0_NC,2019-05-24,NC,SK,H,Final,Loss,2.0,4.0,창원,
20190525HHOB0_한화,2019-05-25,한화,두산,A,Final,Loss,4.0,7.0,잠실,
20190525HHOB0_두산,2019-05-25,두산,한화,H,Final,Win,7.0,4.0,잠실,
20190525WOSS0_키움,2019-05-25,키움,삼성,A,Final,Loss,9.0,10.0,대구,
20190525WOSS0_삼성,2019-05-25,삼성,키움,H,Final,Win,10.0,9.0,대구,
20190525LGLT0_LG,2019-05-25,LG,롯데,A,Final,Win,6.0,5.0,사직,
20190525LGLT0_롯데,2019-05-25,롯데,LG,H,Final,Loss,5.0,6.0,사직,
20190525KTHT0_KT,2019-05-25,KT,KIA,A,Final,Loss,3.0,10.0,광주,
20190525KTHT0_KIA,2019-05-25,KIA,KT,H,Final,Win,10.0,3.0,광주,
20190525SKNC0_SK,2019-05-25,SK,NC,A,Final,Loss,7.0,10.0,창원,
20190525SKNC0_NC,2019-05-25,NC,SK,H,Final,Win,10.0,7.0,창원,
20190526HHOB0_한화,2019-05-26,한화,두산,A,Final,Loss,1.0,2.0,잠실,
20190526HHOB0_두산,2019-05-26,두산,한화,H,Final,Win,2.0,1.0,잠실,
20190526WOSS0_키움,2019-05-26,키움,삼성,A,Final,Loss,3.0,4.0,대구,
20190526WOSS0_삼성,2019-05-26,삼성,키움,H,Final,Win,4.0,3.0,대구,
20190526LGLT0_LG,2019-05-26,LG,롯데,A,Final,Win,11.0,2.0,사직,
20190526LGLT0_롯데,2019-05-26,롯데,LG,H,Final,Loss,2.0,11.0,사직,
20190526KTHT0_KT,2019-05-26,KT,KIA,A,Final,Loss,5.0,17.0,광주,
20190526KTHT0_KIA,2019-05-26,KIA,KT,H,Final,Win,17.0,5.0,광주,
20190526SKNC0_SK,2019-05-26,SK,NC,A,Final,Win,2.0,1.0,창원,
20190526SKNC0_NC,2019-05-26,NC,SK,H,Final,Loss,1.0,2.0,창원,
20190528HTHH0_KIA,2019-05-28,KIA,한화,A,Final,Loss,0.0,2.0,한밭,
20190528HTHH0_한화,2019-05-28,한화,KIA,H,Final,Win,2.0,0.0,한밭,
20190528SSOB0_삼성,2019-05-28,삼성,두산,A,Final,Loss,1.0,4.0,잠실,
20190528SSOB0_두산,2019-05-28,두산,삼성,H,Final,Win,4.0,1.0,잠실,
20190528KTSK0_KT,2019-05-28,KT,SK,A,Final,Loss,0.0,1.0,문학,
20190528KTSK0_SK,2019-05-28,SK,KT,H,Final,Win,1.0,0.0,문학,
20190528LTNC0_롯데,2019-05-28,롯데,NC,A,Final,Win,9.0,4.0,창원,
20190528LTNC0_NC,2019-05-28,NC,롯데,H,Final,Loss,4.0,9.0,창원,
20190528LGWO0_LG,2019-05-28,LG,키움,A,Final,Loss,0.0,5.0,고척,
20190528LGWO0_키움,2019-05-28,키움,LG,H,Final,Win,5.0,0.0,고척,
20190529HTHH0_KIA,2019-05-29,KIA,한화,A,Final,Win,3.0,1.0,한밭,
20190529HTHH0_한화,2019-05-29,한화,KIA,H,Final,Loss,1.0,3.0,한밭,
20190529SSOB0_삼성,2019-05-29,삼성,두산,A,Final,Loss,2.0,3.0,잠실,
20190529SSOB0_두산,2019-05-29,두산,삼성,H,Final,Win,3.0,2.0,잠실,
20190529KTSK0_KT,2019-05-29,KT,SK,A,Final,Win,8.0,6.0,문학,
20190529KTSK0_SK,2019-05-29,SK,KT,H,Final,Loss,6.0,8.0,문학,
20190529LTNC0_롯데,2019-05-29,롯데,NC,A,Final,Loss,6.0,8.0,창원,
20190529LTNC0_NC,2019-05-29,NC,롯데,H,Final,Win,8.0,6.0,창원,
20190529LGWO0_LG,2019-05-29,LG,키움,A,Final,Win,4.0,2.0,고척,
20190529LGWO0_키움,2019-05-29,키움,LG,H,Final,Loss,2.0,4.0,고척,
20190530HTHH0_KIA,2019-05-30,KIA,한화,A,Final,Win,3.0,2.0,한밭,
20190530HTHH0_한화,2019-05-30,한화,KIA,H,Final,Loss,2.0,3.0,한밭,
20190530SSOB0_삼성,2019-05-30,삼성,두산,A,Final,Win,2.0,1.0,잠실,
20190530SSOB0_두산,2019-05-30,두산,삼성,H,Final,Loss,1.0,2.0,잠실,
20190530KTSK0_KT,2019-05-30,KT,SK,A,Final,Loss,2.0,3.0,문학,
20190530KTSK0_SK,2019-05-30,SK,KT,H,Final,Win,3.0,2.0,문학,
20190530LTNC0_롯데,2019-05-30,롯데,NC,A,Final,Win,10.0,2.0,창원,
20190530LTNC0_NC,2019-05-30,NC,롯데,H,Final,Loss,2.0,10.0,창원,
20190530LGWO0_LG,2019-05-30,LG,키움,A,Final,Win,6.0,3.0,고척,
20190530LGWO0_키움,2019-05-30,키움,LG,H,Final,Loss,3.0,6.0,고척,
20190531NCLG0_NC,2019-05-31,NC,LG,A,Final,Loss,2.0,3.0,잠실,
20190531NCLG0_LG,2019-05-31,LG,NC,H,Final,Win,3.0,2.0,잠실,
20190531SSLT0_삼성,2019-05-31,삼성,롯데,A,Final,Loss,1.0,6.0,사직,
20190531SSLT0_롯데,2019-05-31,롯데,삼성,H,Final,Win,6.0,1.0,사직,
20190531HHSK0_한화,2019-05-31,한화,SK,A,Final,Loss,1.0,2.0,문학,
20190531HHSK0_SK,2019-05-31,SK,한화,H,Final,Win,2.0,1.0,문학,
20190531WOHT0_키움,2019-05-31,키움,KIA,A,Final,Loss,2.0,3.0,광주,
20190531WOHT0_KIA,2019-05-31,KIA,키움,H,Final,Win,3.0,2.0,광주,
20190531OBKT0_두산,2019-05-31,두산,KT,A,Final,Loss,2.0,3.0,수원,
20190531OBKT0_KT,2019-05-31,KT,두산,H,Final,Win,3.0,2.0,수원,
20190601NCLG0_NC,2019-06-01,NC,LG,A,Final,Loss,1.0,5.0,잠실,
20190601NCLG0_LG,2019-06-01,LG,NC,H,Final,Win,5.0,1.0,잠실,
20190601SSLT0_삼성,2019-06-01,삼성,롯데,A,Final,Loss,2.0,5.0,사직,
20190601SSLT0_롯데,2019-06-01,롯데,삼성,H,Final,Win,5.0,2.0,사직,
20190601HHSK0_한화,2019-06-01,한화,SK,A,Final,Win,6.0,0.0,문학,
20190601HHSK0_SK,2019-06-01,SK,한화,H,Final,Loss,0.0,6.0,문학,
20190601WOHT0_키움,2019-06-01,키움,KIA,A,Final,Win,4.0,0.0,광주,
20190601WOHT0_KIA,2019-06-01,KIA,키움,H,Final,Loss,0.0,4.0,광주,
20190601OBKT0_두산,2019-06-01,두산,KT,A,Final,Loss,3.0,13.0,수원,
20190601OBKT0_KT,2019-06-01,KT,두산,H,Final,Win,13.0,3.0,수원,
20190602NCLG0_NC,2019-06-02,NC,LG,A,Final,Win,4.0,1.0,잠실,
20190602NCLG0_LG,2019-06-02,LG,NC,H,Final,Loss,1.0,4.0,잠실,
20190602SSLT0_삼성,2019-06-02,삼성,롯데,A,Final,Win,8.0,3.0,사직,
20190602SSLT0_롯데,2019-06-02,롯데,삼성,H,Final,Loss,3.0,8.0,사직,
20190602HHSK0_한화,2019-06-02,한화,SK,A,Final,Loss,2.0,5.0,문학,
20190602HHSK0_SK,2019-06-02,SK,한화,H,Final,Win,5.0,2.0,문학,
20190602WOHT0_키움,2019-06-02,키움,KIA,A,Final,Win,6.0,5.0,광주,
20190602WOHT0_KIA,2019-06-02,KIA,키움,H,Final,Loss,5.0,6.0,광주,
20190602OBKT0_두산,2019-06-02,두산,KT,A,Final,Win,7.0,4.0,수원,
20190602OBKT0_KT,2019-06-02,KT,두산,H,Final,Loss,4.0,7.0,수원,
20190604KTLG0_KT,2019-06-04,KT,LG,A,Final,Loss,4.0,8.0,잠실,
20190604KTLG0_LG,2019-06-04,LG,KT,H,Final,Win,8.0,4.0,잠실,
20190604NCSS0_NC,2019-06-04,NC,삼성,A,Final,Loss,1.0,3.0,대구,
20190604NCSS0_삼성,2019-06-04,삼성,NC,H,Final,Win,3.0,1.0,대구,
20190604OBHT0_두산,2019-06-04,두산,KIA,A,Final,Win,7.0,2.0,광주,
20190604OBHT0_KIA,2019-06-04,KIA,두산,H,Final,Loss,2.0,7.0,광주,
20190604SKWO0_SK,2019-06-04,SK,키움,A,Final,Win,2.0,1.0,고척,
20190604SKWO0_키움,2019-06-04,키움,SK,H,Final,Loss,1.0,2.0,고척,
20190604HHLT0_한화,2019-06-04,한화,롯데,A,Final,Loss,2.0,3.0,울산,
20190604HHLT0_롯데,2019-06-04,롯데,한화,H,Final,Win,3.0,2.0,울산,
20190605KTLG0_KT,2019-06-05,KT,LG,A,Final,Loss,2.0,9.0,잠실,
20190605KTLG0_LG,2019-06-05,LG,KT,H,Final,Win,9.0,2.0,잠실,
20190605NCSS0_NC,2019-06-05,NC,삼성,A,Final,Loss,3.0,4.0,대구,
20190605NCSS0_삼성,2019-06-05,삼성,NC,H,Final,Win,4.0,3.0,대구,
20190605OBHT0_두산,2019-06-05,두산,KIA,A,Final,Win,5.0,4.0,광주,
20190605OBHT0_KIA,2019-06-05,KIA,두산,H,Final,Loss,4.0,5.0,광주,
20190605SKWO0_SK,2019-06-05,SK,키움,A,Final,Win,6.0,2.0,고척,
20190605SKWO0_키움,2019-06-05,키움,SK,H,Final,Loss,2.0,6.0,고척,
20190605HHLT0_한화,2019-06-05,한화,롯데,A,Final,Win,6.0,3.0,울산,
20190605HHLT0_롯데,2019-06-05,롯데,한화,H,Final,Loss,3.0,6.0,울산,
20190606KTLG0_KT,2019-06-06,KT,LG,A,Final,Loss,7.0,8.0,잠실,
20190606KTLG0_LG,2019-06-06,LG,KT,H,Final,Win,8.0,7.0,잠실,
20190606OBHT0_두산,2019-06-06,두산,KIA,A,Final,Loss,3.0,12.0,광주,
20190606OBHT0_KIA,2019-06-06,KIA,두산,H,Final,Win,12.0,3.0,광주,
20190606HHLT0_한화,2019-06-06,한화,롯데,A,Final,Win,4.0,3.0,울산,
20190606HHLT0_롯데,2019-06-06,롯데,한화,H,Final,Loss,3.0,4.0,울산,
20190606NCSS0_NC,2019-06-06,NC,삼성,A,Final,Loss,0.0,6.0,대구,
20190606NCSS0_삼성,2019-06-06,삼성,NC,H,Final,Win,6.0,0.0,대구,
20190606SKWO0_SK,2019-06-06,SK,키움,A,Final,Loss,2.0,6.0,고척,
20190606SKWO0_키움,2019-06-06,키움,SK,H,Final,Win,6.0,2.0,고척,
20190607LGHH0_LG,2019-06-07,LG,한화,A,Final,Loss,2.0,3.0,한밭,
20190607LGHH0_한화,2019-06-07,한화,LG,H,Final,Win,3.0,2.0,한밭,
20190607WOOB0_키움,2019-06-07,키움,두산,A,Final,Loss,1.0,7.0,잠실,
20190607WOOB0_두산,2019-06-07,두산,키움,H,Final,Win,7.0,1.0,잠실,
20190607SSSK0_삼성,2019-06-07,삼성,SK,A,Final,Loss,2.0,4.0,문학,
20190607SSSK0_SK,2019-06-07,SK,삼성,H,Final,Win,4.0,2.0,문학,
20190607LTKT0_롯데,2019-06-07,롯데,KT,A,Final,Loss,1.0,2.0,수원,
20190607LTKT0_KT,2019-06-07,KT,롯데,H,Final,Win,2.0,1.0,수원,
20190607HTNC0_KIA,2019-06-07,KIA,NC,A,Final,Loss,1.0,2.0,창원,
20190607HTNC0_NC,2019-06-07,NC,KIA,H,Final,Win,2.0,1.0,창원,
20190608LGHH0_LG,2019-06-08,LG,한화,A,Final,Win,3.0,2.0,한밭,
20190608LGHH0_한화,2019-06-08,한화,LG,H,Final,Loss,2.0,3.0,한밭,
20190608WOOB0_키움,2019-06-08,키움,두산,A,Final,Win,5.0,4.0,잠실,
20190608WOOB0_두산,2019-06-08,두산,키움,H,Final,Loss,4.0,5.0,잠실,
20190608SSSK0_삼성,2019-06-08,삼성,SK,A,Final,Loss,0.0,8.0,문학,
20190608SSSK0_SK,2019-06-08,SK,삼성,H,Final,Win,8.0,0.0,문학,
20190608LTKT0_롯데,2019-06-08,롯데,KT,A,Final,Loss,2.0,6.0,수원,
20190608LTKT0_KT,2019-06-08,KT,롯데,H,Final,Win,6.0,2.0,수원,
20190608HTNC0_KIA,2019-06-08,KIA,NC,A,Final,Loss,4.0,5.0,창원,
20190608HTNC0_NC,2019-06-08,NC,KIA,H,Final,Win,5.0,4.0,창원,
20190609LGHH0_LG,2019-06-09,LG,한화,A,Final,Win,3.0,1.0,한밭,
20190609LGHH0_한화,2019-06-09,한화,LG,H,Final,Loss,1.0,3.0,한밭,
20190609WOOB0_키움,2019-06-09,키움,두산,A,Final,Win,4.0,0.0,잠실,
20190609WOOB0_두산,2019-06-09,두산,키움,H,Final,Loss,0.0,4.0,잠실,
20190609SSSK0_삼성,2019-06-09,삼성,SK,A,Final,Win,9.0,0.0,문학,
20190609SSSK0_SK,2019-06-09,SK,삼성,H,Final,Loss,0.0,9.0,문학,
20190609LTKT0_롯데,2019-06-09,롯데,KT,A,Final,Loss,0.0,2.0,수원,
20190609LTKT0_KT,2019-06-09,KT,롯데,H,Final,Win,2.0,0.0,수원,
20190609HTNC0_KIA,2019-06-09,KIA,NC,A,Final,Loss,3.0,4.0,창원,
20190609HTNC0_NC,2019-06-09,NC,KIA,H,Final,Win,4.0,3.0,창원,
20190611OBHH0_두산,2019-06-11,두산,한화,A,Final,Loss,1.0,4.0,한밭,
20190611OBHH0_한화,2019-06-11,한화,두산,H,Final,Win,4.0,1.0,한밭,
20190611SSHT0_삼성,2019-06-11,삼성,KIA,A,Final,Loss,1.0,7.0,광주,
20190611SSHT0_KIA,2019-06-11,KIA,삼성,H,Final,Win,7.0,1.0,광주,
20190611SKKT0_SK,2019-06-11,SK,KT,A,Final,Win,13.0,1.0,수원,
20190611SKKT0_KT,2019-06-11,KT,SK,H,Final,Loss,1.0,13.0,수원,
20190611WONC0_키움,2019-06-11,키움,NC,A,Final,Win,9.0,8.0,창원,
20190611WONC0_NC,2019-06-11,NC,키움,H,Final,Loss,8.0,9.0,창원,
20190612OBHH0_두산,2019-06-12,두산,한화,A,Final,Win,9.0,6.0,한밭,
20190612OBHH0_한화,2019-06-12,한화,두산,H,Final,Loss,6.0,9.0,한밭,
20190612LTLG0_롯데,2019-06-12,롯데,LG,A,Final,Loss,3.0,4.0,잠실,
20190612LTLG0_LG,2019-06-12,LG,롯데,H,Final,Win,4.0,3.0,잠실,
20190612SSHT0_삼성,2019-06-12,삼성,KIA,A,Final,Loss,3.0,7.0,광주,
20190612SSHT0_KIA,2019-06-12,KIA,삼성,H,Final,Win,7.0,3.0,광주,
20190612SKKT0_SK,2019-06-12,SK,KT,A,Final,Win,6.0,3.0,수원,
20190612SKKT0_KT,2019-06-12,KT,SK,H,Final,Loss,3.0,6.0,수원,
20190612WONC0_키움,2019-06-12,키움,NC,A,Final,Win,5.0,4.0,창원,
20190612WONC0_NC,2019-06-12,NC,키움,H,Final,Loss,4.0,5.0,창원,
20190613OBHH0_두산,2019-06-13,두산,한화,A,Final,Win,7.0,2.0,한밭,
20190613OBHH0_한화,2019-06-13,한화,두산,H,Final,Loss,2.0,7.0,한밭,
20190613LTLG0_롯데,2019-06-13,롯데,LG,A,Final,Loss,3.0,4.0,잠실,
20190613LTLG0_LG,2019-06-13,LG,롯데,H,Final,Win,4.0,3.0,잠실,
20190613SSHT0_삼성,2019-06-13,삼성,KIA,A,Final,Loss,2.0,3.0,광주,
20190613SSHT0_KIA,2019-06-13,KIA,삼성,H,Final,Win,3.0,2.0,광주,
20190613SKKT0_SK,2019-06-13,SK,KT,A,Final,Loss,1.0,5.0,수원,
20190613SKKT0_KT,2019-06-13,KT,SK,H,Final,Win,5.0,1.0,수원,
20190613WONC0_키움,2019-06-13,키움,NC,A,Final,Loss,1.0,3.0,창원,
20190613WONC0_NC,2019-06-13,NC,키움,H,Final,Win,3.0,1.0,창원,
20190614LGOB0_LG,2019-06-14,LG,두산,A,Final,Loss,4.0,7.0,잠실,
20190614LGOB0_두산,2019-06-14,두산,LG,H,Final,Win,7.0,4.0,잠실,
20190614KTSS0_KT,2019-06-14,KT,삼성,A,Final,Loss,4.0,7.0,대구,
20190614KTSS0_삼성,2019-06-14,삼성,KT,H,Final,Win,7.0,4.0,대구,
20190614NCSK0_NC,2019-06-14,NC,SK,A,Final,Loss,3.0,7.0,문학,
20190614NCSK0_SK,2019-06-14,SK,NC,H,Final,Win,7.0,3.0,문학,
20190614HHWO0_한화,2019-06-14,한화,키움,A,Final,Loss,7.0,8.0,고척,
20190614HHWO0_키움,2019-06-14,키움,한화,H,Final,Win,8.0,7.0,고척,
20190615LGOB0_LG,2019-06-15,LG,두산,A,Final,Win,4.0,3.0,잠실,
20190615LGOB0_두산,2019-06-15,두산,LG,H,Final,Loss,3.0,4.0,잠실,
20190615KTSS0_KT,2019-06-15,KT,삼성,A,Final,Win,10.0,7.0,대구,
20190615KTSS0_삼성,2019-06-15,삼성,KT,H,Final,Loss,7.0,10.0,대구,
20190615HTLT0_KIA,2019-06-15,KIA,롯데,A,Final,Loss,0.0,7.0,사직,
20190615HTLT0_롯데,2019-06-15,롯데,KIA,H,Final,Win,7.0,0.0,사직,
20190615NCSK0_NC,2019-06-15,NC,SK,A,Final,Loss,0.0,4.0,문학,
20190615NCSK0_SK,2019-06-15,SK,NC,H,Final,Win,4.0,0.0,문학,
20190615HHWO0_한화,2019-06-15,한화,키움,A,Final,Loss,3.0,8.0,고척,
20190615HHWO0_키움,2019-06-15,키움,한화,H,Final,Win,8.0,3.0,고척,
20190616LGOB0_LG,2019-06-16,LG,두산,A,Final,Loss,3.0,5.0,잠실,
20190616LGOB0_두산,2019-06-16,두산,LG,H,Final,Win,5.0,3.0,잠실,
20190616KTSS0_KT,2019-06-16,KT,삼성,A,Final,Win,3.0,1.0,대구,
20190616KTSS0_삼성,2019-06-16,삼성,KT,H,Final,Loss,1.0,3.0,대구,
20190616HTLT0_KIA,2019-06-16,KIA,롯데,A,Final,Loss,5.0,10.0,사직,
20190616HTLT0_롯데,2019-06-16,롯데,KIA,H,Final,Win,10.0,5.0,사직,
20190616NCSK0_NC,2019-06-16,NC,SK,A,Final,Loss,2.0,9.0,문학,
20190616NCSK0_SK,2019-06-16,SK,NC,H,Final,Win,9.0,2.0,문학,
20190616HHWO0_한화,2019-06-16,한화,키움,A,Final,Loss,6.0,9.0,고척,
20190616HHWO0_키움,2019-06-16,키움,한화,H,Final,Win,9.0,6.0,고척,
20190618LTHH0_롯데,2019-06-18,롯데,한화,A,Final,Win,11.0,3.0,한밭,
20190618LTHH0_한화,2019-06-18,한화,롯데,H,Final,Loss,3.0,11.0,한밭,
20190618NCOB0_NC,2019-06-18,NC,두산,A,Final,Loss,7.0,10.0,잠실,
20190618NCOB0_두산,2019-06-18,두산,NC,H,Final,Win,10.0,7.0,잠실,
20190618LGSS0_LG,2019-06-18,LG,삼성,A,Final,Loss,5.0,12.0,대구,
20190618LGSS0_삼성,2019-06-18,삼성,LG,H,Final,Win,12.0,5.0,대구,
20190618SKHT0_SK,2019-06-18,SK,KIA,A,Final,Loss,2.0,4.0,광주,
20190618SKHT0_KIA,2019-06-18,KIA,SK,H,Final,Win,4.0,2.0,광주,
20190618KTWO0_KT,2019-06-18,KT,키움,A,Final,Loss,2.0,3.0,고척,
20190618KTWO0_키움,2019-06-18,키움,KT,H,Final,Win,3.0,2.0,고척,
20190619LTHH0_롯데,2019-06-19,롯데,한화,A,Final,Win,7.0,5.0,한밭,
20190619LTHH0_한화,2019-06-19,한화,롯데,H,Final,Loss,5.0,7.0,한밭,
20190619NCOB0_NC,2019-06-19,NC,두산,A,Final,Loss,0.0,1.0,잠실,
20190619NCOB0_두산,2019-06-19,두산,NC,H,Final,Win,1.0,0.0,잠실,
20190619LGSS0_LG,2019-06-19,LG,삼성,A,Final,Win,9.0,6.0,대구,
20190619LGSS0_삼성,2019-06-19,삼성,LG,H,Final,Loss,6.0,9.0,대구,
20190619SKHT0_SK,2019-06-19,SK,KIA,A,Final,Win,7.0,1.0,광주,
20190619SKHT0_KIA,2019-06-19,KIA,SK,H,Final,Loss,1.0,7.0,광주,
20190619KTWO0_KT,2019-06-19,KT,키움,A,Final,Loss,2.0,8.0,고척,
20190619KTWO0_키움,2019-06-19,키움,KT,H,Final,Win,8.0,2.0,고척,
20190620LTHH0_롯데,2019-06-20,롯데,한화,A,Final,Loss,7.0,10.0,한밭,
20190620LTHH0_한화,2019-06-20,한화,롯데,H,Final,Win,10.0,7.0,한밭,
20190620NCOB0_NC,2019-06-20,NC,두산,A,Final,Loss,2.0,14.0,잠실,
20190620NCOB0_두산,2019-06-20,두산,NC,H,Final,Win,14.0,2.0,잠실,
20190620LGSS0_LG,2019-06-20,LG,삼성,A,Final,Win,11.0,3.0,대구,
20190620LGSS0_삼성,2019-06-20,삼성,LG,H,Final,Loss,3.0,11.0,대구,
20190620SKHT0_SK,2019-06-20,SK,KIA,A,Final,Loss,5.0,8.0,광주,
20190620SKHT0_KIA,2019-06-20,KIA,SK,H,Final,Win,8.0,5.0,광주,
20190620KTWO0_KT,2019-06-20,KT,키움,A,Final,Loss,1.0,3.0,고척,
20190620KTWO0_키움,2019-06-20,키움,KT,H,Final,Win,3.0,1.0,고척,
20190621SSHH0_삼성,2019-06-21,삼성,한화,A,Final,Win,5.0,2.0,한밭,
20190621SSHH0_한화,2019-06-21,한화,삼성,H,Final,Loss,2.0,5.0,한밭,
20190621HTLG0_KIA,2019-06-21,KIA,LG,A,Final,Loss,8.0,9.0,잠실,
20190621HTLG0_LG,2019-06-21,LG,KIA,H,Final,Win,9.0,8.0,잠실,
20190621OBSK0_두산,2019-06-21,두산,SK,A,Final,Loss,1.0,14.0,문학,
20190621OBSK0_SK,2019-06-21,SK,두산,H,Final,Win,14.0,1.0,문학,
20190621NCKT0_NC,2019-06-21,NC,KT,A,Final,Loss,0.0,5.0,수원,
20190621NCKT0_KT,2019-06-21,KT,NC,H,Final,Win,5.0,0.0,수원,
20190621WOLT0_키움,2019-06-21,키움,롯데,A,Final,Win,7.0,4.0,사직,
20190621WOLT0_롯데,2019-06-21,롯데,키움,H,Final,Loss,4.0,7.0,사직,
20190622SSHH0_삼성,2019-06-22,삼성,한화,A,Final,Loss,0.0,5.0,한밭,
20190622SSHH0_한화,2019-06-22,한화,삼성,H,Final,Win,5.0,0.0,한밭,
20190622HTLG0_KIA,2019-06-22,KIA,LG,A,Final,Win,3.0,2.0,잠실,
20190622HTLG0_LG,2019-06-22,LG,KIA,H,Final,Loss,2.0,3.0,잠실,
20190622WOLT0_키움,2019-06-22,키움,롯데,A,Final,Loss,1.0,4.0,사직,
20190622WOLT0_롯데,2019-06-22,롯데,키움,H,Final,Win,4.0,1.0,사직,
20190622OBSK0_두산,2019-06-22,두산,SK,A,Final,Loss,0.0,3.0,문학,
20190622OBSK0_SK,2019-06-22,SK,두산,H,Final,Win,3.0,0.0,문학,
20190622NCKT0_NC,2019-06-22,NC,KT,A,Final,Win,7.0,6.0,수원,
20190622NCKT0_KT,2019-06-22,KT,NC,H,Final,Loss,6.0,7.0,수원,
20190623SSHH0_삼성,2019-06-23,삼성,한화,A,Final,Win,10.0,5.0,한밭,
20190623SSHH0_한화,2019-06-23,한화,삼성,H,Final,Loss,5.0,10.0,한밭,
20190623HTLG0_KIA,2019-06-23,KIA,LG,A,Final,Win,7.0,0.0,잠실,
20190623HTLG0_LG,2019-06-23,LG,KIA,H,Final,Loss,0.0,7.0,잠실,
20190623WOLT0_키움,2019-06-23,키움,롯데,A,Final,Loss,1.0,2.0,사직,
20190623WOLT0_롯데,2019-06-23,롯데,키움,H,Final,Win,2.0,1.0,사직,
20190623OBSK0_두산,2019-06-23,두산,SK,A,Final,Loss,2.0,3.0,문학,
20190623OBSK0_SK,2019-06-23,SK,두산,H,Final,Win,3.0,2.0,문학,
20190623NCKT0_NC,2019-06-23,NC,KT,A,Final,Loss,2.0,4.0,수원,
20190623NCKT0_KT,2019-06-23,KT,NC,H,Final,Win,4.0,2.0,수원,
20190625SKLG0_SK,2019-06-25,SK,LG,A,Final,Win,8.0,3.0,잠실,
20190625SKLG0_LG,2019-06-25,LG,SK,H,Final,Loss,3.0,8.0,잠실,
20190625HHNC0_한화,2019-06-25,한화,NC,A,Final,Win,14.0,3.0,창원,
20190625HHNC0_NC,2019-06-25,NC,한화,H,Final,Loss,3.0,14.0,창원,
20190625HTWO0_KIA,2019-06-25,KIA,키움,A,Final,Loss,3.0,7.0,고척,
20190625HTWO0_키움,2019-06-25,키움,KIA,H,Final,Win,7.0,3.0,고척,
20190625OBSS0_두산,2019-06-25,두산,삼성,A,Final,Loss,2.0,11.0,포항,
20190625OBSS0_삼성,2019-06-25,삼성,두산,H,Final,Win,11.0,2.0,포항,
20190626SKLG0_SK,2019-06-26,SK,LG,A,Final,Win,7.0,4.0,잠실,
20190626SKLG0_LG,2019-06-26,LG,SK,H,Final,Loss,4.0,7.0,잠실,
20190626HTWO0_KIA,2019-06-26,KIA,키움,A,Final,Win,13.0,6.0,고척,
20190626HTWO0_키움,2019-06-26,키움,KIA,H,Final,Loss,6.0,13.0,고척,
20190627SKLG0_SK,2019-06-27,SK,LG,A,Final,Loss,4.0,6.0,잠실,
20190627SKLG0_LG,2019-06-27,LG,SK,H,Final,Win,6.0,4.0,잠실,
20190627KTLT0_KT,2019-06-27,KT,롯데,A,Final,Win,10.0,2.0,사직,
20190627KTLT0_롯데,2019-06-27,롯데,KT,H,Final,Loss,2.0,10.0,사직,
20190627HHNC0_한화,2019-06-27,한화,NC,A,Final,Loss,5.0,10.0,창원,
20190627HHNC0_NC,2019-06-27,NC,한화,H,Final,Win,10.0,5.0,창원,
20190627HTWO0_KIA,2019-06-27,KIA,키움,A,Final,Loss,2.0,8.0,고척,
20190627HTWO0_키움,2019-06-27,키움,KIA,H,Final,Win,8.0,2.0,고척,
20190627OBSS0_두산,2019-06-27,두산,삼성,A,Final,Win,9.0,1.0,포항,
20190627OBSS0_삼성,2019-06-27,삼성,두산,H,Final,Loss,1.0,9.0,포항,
20190628WOHH0_키움,2019-06-28,키움,한화,A,Final,Win,6.0,5.0,한밭,
20190628WOHH0_한화,2019-06-28,한화,키움,H,Final,Loss,5.0,6.0,한밭,
20190628LTOB0_롯데,2019-06-28,롯데,두산,A,Final,Loss,2.0,3.0,잠실,
20190628LTOB0_두산,2019-06-28,두산,롯데,H,Final,Win,3.0,2.0,잠실,
20190628SKSS0_SK,2019-06-28,SK,삼성,A,Final,Loss,3.0,9.0,대구,
20190628SKSS0_삼성,2019-06-28,삼성,SK,H,Final,Win,9.0,3.0,대구,
20190628HTKT0_KIA,2019-06-28,KIA,KT,A,Final,Loss,1.0,9.0,수원,
20190628HTKT0_KT,2019-06-28,KT,KIA,H,Final,Win,9.0,1.0,수원,
20190628LGNC0_LG,2019-06-28,LG,NC,A,Final,Win,6.0,2.0,창원,
20190628LGNC0_NC,2019-06-28,NC,LG,H,Final,Loss,2.0,6.0,창원,
20190629LTOB0_롯데,2019-06-29,롯데,두산,A,Final,Win,4.0,0.0,잠실,
20190629LTOB0_두산,2019-06-29,두산,롯데,H,Final,Loss,0.0,4.0,잠실,
20190629HTKT0_KIA,2019-06-29,KIA,KT,A,Final,Loss,3.0,5.0,수원,
20190629HTKT0_KT,2019-06-29,KT,KIA,H,Final,Win,5.0,3.0,수원,
20190630WOHH0_키움,2019-06-30,키움,한화,A,Final,Win,6.0,4.0,한밭,
20190630WOHH0_한화,2019-06-30,한화,키움,H,Final,Loss,4.0,6.0,한밭,
20190630LTOB0_롯데,2019-06-30,롯데,두산,A,Final,Win,4.0,0.0,잠실,
20190630LTOB0_두산,2019-06-30,두산,롯데,H,Final,Loss,0.0,4.0,잠실,
20190630SKSS0_SK,2019-06-30,SK,삼성,A,Final,Win,14.0,7.0,대구,
20190630SKSS0_삼성,2019-06-30,삼성,SK,H,Final,Loss,7.0,14.0,대구,
20190630HTKT0_KIA,2019-06-30,KIA,KT,A,Final,Loss,3.0,4.0,수원,
20190630HTKT0_KT,2019-06-30,KT,KIA,H,Final,Win,4.0,3.0,수원,
20190630LGNC0_LG,2019-06-30,LG,NC,A,Final,Loss,1.0,9.0,창원,
20190630LGNC0_NC,2019-06-30,NC,LG,H,Final,Win,9.0,1.0,창원,
20190702HHLG0_한화,2019-07-02,한화,LG,A,Final,Loss,2.0,9.0,잠실,
20190702HHLG0_LG,2019-07-02,LG,한화,H,Final,Win,9.0,2.0,잠실,
20190702LTSK0_롯데,2019-07-02,롯데,SK,A,Final,Loss,1.0,10.0,문학,
20190702LTSK0_SK,2019-07-02,SK,롯데,H,Final,Win,10.0,1.0,문학,
20190702NCHT0_NC,2019-07-02,NC,KIA,A,Final,Loss,3.0,5.0,광주,
20190702NCHT0_KIA,2019-07-02,KIA,NC,H,Final,Win,5.0,3.0,광주,
20190702SSKT0_삼성,2019-07-02,삼성,KT,A,Final,Loss,3.0,5.0,수원,
20190702SSKT0_KT,2019-07-02,KT,삼성,H,Final,Win,5.0,3.0,수원,
20190702OBWO0_두산,2019-07-02,두산,키움,A,Final,Loss,3.0,6.0,고척,
20190702OBWO0_키움,2019-07-02,키움,두산,H,Final,Win,6.0,3.0,고척,
20190703HHLG0_한화,2019-07-03,한화,LG,A,Final,Loss,1.0,6.0,잠실,
20190703HHLG0_LG,2019-07-03,LG,한화,H,Final,Win,6.0,1.0,잠실,
20190703LTSK0_롯데,2019-07-03,롯데,SK,A,Final,Loss,5.0,8.0,문학,
20190703LTSK0_SK,2019-07-03,SK,롯데,H,Final,Win,8.0,5.0,문학,
20190703NCHT0_NC,2019-07-03,NC,KIA,A,Final,Win,8.0,4.0,광주,
20190703NCHT0_KIA,2019-07-03,KIA,NC,H,Final,Loss,4.0,8.0,광주,
20190703SSKT0_삼성,2019-07-03,삼성,KT,A,Final,Loss,0.0,3.0,수원,
20190703SSKT0_KT,2019-07-03,KT,삼성,H,Final,Win,3.0,0.0,수원,
20190703OBWO0_두산,2019-07-03,두산,키움,A,Final,Win,3.0,1.0,고척,
20190703OBWO0_키움,2019-07-03,키움,두산,H,Final,Loss,1.0,3.0,고척,
20190704HHLG0_한화,2019-07-04,한화,LG,A,Final,Loss,3.0,4.0,잠실,
20190704HHLG0_LG,2019-07-04,LG,한화,H,Final,Win,4.0,3.0,잠실,
20190704LTSK0_롯데,2019-07-04,롯데,SK,A,Final,Loss,7.0,9.0,문학,
20190704LTSK0_SK,2019-07-04,SK,롯데,H,Final,Win,9.0,7.0,문학,
20190704NCHT0_NC,2019-07-04,NC,KIA,A,Final,Win,9.0,3.0,광주,
20190704NCHT0_KIA,2019-07-04,KIA,NC,H,Final,Loss,3.0,9.0,광주,
20190704SSKT0_삼성,2019-07-04,삼성,KT,A,Final,Loss,3.0,5.0,수원,
20190704SSKT0_KT,2019-07-04,KT,삼성,H,Final,Win,5.0,3.0,수원,
20190704OBWO0_두산,2019-07-04,두산,키움,A,Final,Win,4.0,1.0,고척,
20190704OBWO0_키움,2019-07-04,키움,두산,H,Final,Loss,1.0,4.0,고척,
20190705KTHH0_KT,2019-07-05,KT,한화,A,Final,Win,10.0,3.0,한밭,
20190705KTHH0_한화,2019-07-05,한화,KT,H,Final,Loss,3.0,10.0,한밭,
20190705SKOB0_SK,2019-07-05,SK,두산,A,Final,Win,8.0,6.0,잠실,
20190705SKOB0_두산,2019-07-05,두산,SK,H,Final,Loss,6.0,8.0,잠실,
20190705LGHT0_LG,2019-07-05,LG,KIA,A,Final,Loss,1.0,6.0,광주,
20190705LGHT0_KIA,2019-07-05,KIA,LG,H,Final,Win,6.0,1.0,광주,
20190705LTWO0_롯데,2019-07-05,롯데,키움,A,Final,Loss,1.0,14.0,고척,
20190705LTWO0_키움,2019-07-05,키움,롯데,H,Final,Win,14.0,1.0,고척,
20190705SSNC0_삼성,2019-07-05,삼성,NC,A,Final,Loss,3.0,7.0,창원,
20190705SSNC0_NC,2019-07-05,NC,삼성,H,Final,Win,7.0,3.0,창원,
20190706KTHH0_KT,2019-07-06,KT,한화,A,Final,Loss,8.0,9.0,한밭,
20190706KTHH0_한화,2019-07-06,한화,KT,H,Final,Win,9.0,8.0,한밭,
20190706SKOB0_SK,2019-07-06,SK,두산,A,Final,Win,4.0,2.0,잠실,
20190706SKOB0_두산,2019-07-06,두산,SK,H,Final,Loss,2.0,4.0,잠실,
20190706LGHT0_LG,2019-07-06,LG,KIA,A,Final,Loss,0.0,7.0,광주,
20190706LGHT0_KIA,2019-07-06,KIA,LG,H,Final,Win,7.0,0.0,광주,
20190706LTWO0_롯데,2019-07-06,롯데,키움,A,Final,Loss,4.0,6.0,고척,
20190706LTWO0_키움,2019-07-06,키움,롯데,H,Final,Win,6.0,4.0,고척,
20190707KTHH0_KT,2019-07-07,KT,한화,A,Final,Win,4.0,3.0,한밭,
20190707KTHH0_한화,2019-07-07,한화,KT,H,Final,Loss,3.0,4.0,한밭,
20190707SKOB0_SK,2019-07-07,SK,두산,A,Final,Loss,4.0,5.0,잠실,
20190707SKOB0_두산,2019-07-07,두산,SK,H,Final,Win,5.0,4.0,잠실,
20190707LGHT0_LG,2019-07-07,LG,KIA,A,Final,Win,10.0,9.0,광주,
20190707LGHT0_KIA,2019-07-07,KIA,LG,H,Final,Loss,9.0,10.0,광주,
20190707SSNC0_삼성,2019-07-07,삼성,NC,A,Final,Win,4.0,2.0,창원,
20190707SSNC0_NC,2019-07-07,NC,삼성,H,Final,Loss,2.0,4.0,창원,
20190707LTWO0_롯데,2019-07-07,롯데,키움,A,Final,Loss,2.0,5.0,고척,
20190707LTWO0_키움,2019-07-07,키움,롯데,H,Final,Win,5.0,2.0,고척,
20190709SKHH0_SK,2019-07-09,SK,한화,A,Final,Loss,0.0,1.0,한밭,
20190709SKHH0_한화,2019-07-09,한화,SK,H,Final,Win,1.0,0.0,한밭,
20190709OBLG0_두산,2019-07-09,두산,LG,A,Final,Win,11.0,4.0,잠실,
20190709OBLG0_LG,2019-07-09,LG,두산,H,Final,Loss,4.0,11.0,잠실,
20190709HTSS0_KIA,2019-07-09,KIA,삼성,A,Final,Loss,2.0,3.0,대구,
20190709HTSS0_삼성,2019-07-09,삼성,KIA,H,Final,Win,3.0,2.0,대구,
20190709NCLT0_NC,2019-07-09,NC,롯데,A,Final,Loss,1.0,4.0,사직,
20190709NCLT0_롯데,2019-07-09,롯데,NC,H,Final,Win,4.0,1.0,사직,
20190709WOKT0_키움,2019-07-09,키움,KT,A,Final,Win,12.0,3.0,수원,
20190709WOKT0_KT,2019-07-09,KT,키움,H,Final,Loss,3.0,12.0,수원,
20190711SKHH0_SK,2019-07-11,SK,한화,A,Final,Win,5.0,1.0,한밭,
20190711SKHH0_한화,2019-07-11,한화,SK,H,Final,Loss,1.0,5.0,한밭,
20190711OBLG0_두산,2019-07-11,두산,LG,A,Final,Win,8.0,4.0,잠실,
20190711OBLG0_LG,2019-07-11,LG,두산,H,Final,Loss,4.0,8.0,잠실,
20190711HTSS0_KIA,2019-07-11,KIA,삼성,A,Final,Loss,2.0,4.0,대구,
20190711HTSS0_삼성,2019-07-11,삼성,KIA,H,Final,Win,4.0,2.0,대구,
20190711NCLT0_NC,2019-07-11,NC,롯데,A,Final,Win,4.0,0.0,사직,
20190711NCLT0_롯데,2019-07-11,롯데,NC,H,Final,Loss,0.0,4.0,사직,
20190711WOKT0_키움,2019-07-11,키움,KT,A,Final,Win,4.0,2.0,수원,
20190711WOKT0_KT,2019-07-11,KT,키움,H,Final,Loss,2.0,4.0,수원,
20190712SSLG0_삼성,2019-07-12,삼성,LG,A,Final,Win,6.0,3.0,잠실,
20190712SSLG0_LG,2019-07-12,LG,삼성,H,Final,Loss,3.0,6.0,잠실,
20190712WOSK0_키움,2019-07-12,키움,SK,A,Final,Win,6.0,2.0,문학,
20190712WOSK0_SK,2019-07-12,SK,키움,H,Final,Loss,2.0,6.0,문학,
20190712HHHT0_한화,2019-07-12,한화,KIA,A,Final,Loss,0.0,5.0,광주,
20190712HHHT0_KIA,2019-07-12,KIA,한화,H,Final,Win,5.0,0.0,광주,
20190712OBLT0_두산,2019-07-12,두산,롯데,A,Final,Loss,1.0,2.0,사직,
20190712OBLT0_롯데,2019-07-12,롯데,두산,H,Final,Win,2.0,1.0,사직,
20190712KTNC0_KT,2019-07-12,KT,NC,A,Final,Loss,8.0,9.0,창원,
20190712KTNC0_NC,2019-07-12,NC,KT,H,Final,Win,9.0,8.0,창원,
20190713SSLG0_삼성,2019-07-13,삼성,LG,A,Final,Loss,3.0,5.0,잠실,
20190713SSLG0_LG,2019-07-13,LG,삼성,H,Final,Win,5.0,3.0,잠실,
20190713OBLT0_두산,2019-07-13,두산,롯데,A,Final,Win,4.0,3.0,사직,
20190713OBLT0_롯데,2019-07-13,롯데,두산,H,Final,Loss,3.0,4.0,사직,
20190713WOSK0_키움,2019-07-13,키움,SK,A,Final,Loss,2.0,4.0,문학,
20190713WOSK0_SK,2019-07-13,SK,키움,H,Final,Win,4.0,2.0,문학,
20190713HHHT0_한화,2019-07-13,한화,KIA,A,Final,Win,10.0,5.0,광주,
20190713HHHT0_KIA,2019-07-13,KIA,한화,H,Final,Loss,5.0,10.0,광주,
20190713KTNC0_KT,2019-07-13,KT,NC,A,Final,Win,13.0,3.0,창원,
20190713KTNC0_NC,2019-07-13,NC,KT,H,Final,Loss,3.0,13.0,창원,
20190714SSLG0_삼성,2019-07-14,삼성,LG,A,Final,Loss,0.0,2.0,잠실,
20190714SSLG0_LG,2019-07-14,LG,삼성,H,Final,Win,2.0,0.0,잠실,
20190714OBLT0_두산,2019-07-14,두산,롯데,A,Final,Win,8.0,2.0,사직,
20190714OBLT0_롯데,2019-07-14,롯데,두산,H,Final,Loss,2.0,8.0,사직,
20190714WOSK0_키움,2019-07-14,키움,SK,A,Final,Loss,3.0,4.0,문학,
20190714WOSK0_SK,2019-07-14,SK,키움,H,Final,Win,4.0,3.0,문학,
20190714HHHT0_한화,2019-07-14,한화,KIA,A,Final,Loss,7.0,10.0,광주,
20190714HHHT0_KIA,2019-07-14,KIA,한화,H,Final,Win,10.0,7.0,광주,
20190714KTNC0_KT,2019-07-14,KT,NC,A,Final,Win,4.0,1.0,창원,
20190714KTNC0_NC,2019-07-14,NC,KT,H,Final,Loss,1.0,4.0,창원,
20190716KTOB0_KT,2019-07-16,KT,두산,A,Final,Win,7.0,2.0,잠실,
20190716KTOB0_두산,2019-07-16,두산,KT,H,Final,Loss,2.0,7.0,잠실,
20190716LGSK0_LG,2019-07-16,LG,SK,A,Final,Loss,4.0,10.0,문학,
20190716LGSK0_SK,2019-07-16,SK,LG,H,Final,Win,10.0,4.0,문학,
20190716SSWO0_삼성,2019-07-16,삼성,키움,A,Final,Loss,0.0,6.0,고척,
20190716SSWO0_키움,2019-07-16,키움,삼성,H,Final,Win,6.0,0.0,고척,
20190716NCHH0_NC,2019-07-16,NC,한화,A,Final,Win,3.0,2.0,청주,
20190716NCHH0_한화,2019-07-16,한화,NC,H,Final,Loss,2.0,3.0,청주,
20190717KTOB0_KT,2019-07-17,KT,두산,A,Final,Win,6.0,4.0,잠실,
20190717KTOB0_두산,2019-07-17,두산,KT,H,Final,Loss,4.0,6.0,잠실,
20190717LGSK0_LG,2019-07-17,LG,SK,A,Final,Loss,2.0,8.0,문학,
20190717LGSK0_SK,2019-07-17,SK,LG,H,Final,Win,8.0,2.0,문학,
20190717LTHT0_롯데,2019-07-17,롯데,KIA,A,Final,Loss,1.0,3.0,광주,
20190717LTHT0_KIA,2019-07-17,KIA,롯데,H,Final,Win,3.0,1.0,광주,
20190717SSWO0_삼성,2019-07-17,삼성,키움,A,Final,Loss,6.0,10.0,고척,
20190717SSWO0_키움,2019-07-17,키움,삼성,H,Final,Win,10.0,6.0,고척,
20190717NCHH0_NC,2019-07-17,NC,한화,A,Final,Win,14.0,1.0,청주,
20190717NCHH0_한화,2019-07-17,한화,NC,H,Final,Loss,1.0,14.0,청주,
20190718KTOB0_KT,2019-07-18,KT,두산,A,Final,Win,7.0,4.0,잠실,
20190718KTOB0_두산,2019-07-18,두산,KT,H,Final,Loss,4.0,7.0,잠실,
20190718LGSK0_LG,2019-07-18,LG,SK,A,Final,Win,12.0,5.0,문학,
20190718LGSK0_SK,2019-07-18,SK,LG,H,Final,Loss,5.0,12.0,문학,
20190718LTHT0_롯데,2019-07-18,롯데,KIA,A,Final,Win,6.0,3.0,광주,
20190718LTHT0_KIA,2019-07-18,KIA,롯데,H,Final,Loss,3.0,6.0,광주,
20190718SSWO0_삼성,2019-07-18,삼성,키움,A,Final,Loss,1.0,5.0,고척,
20190718SSWO0_키움,2019-07-18,키움,삼성,H,Final,Win,5.0,1.0,고척,
20190718NCHH0_NC,2019-07-18,NC,한화,A,Final,Win,7.0,4.0,청주,
20190718NCHH0_한화,2019-07-18,한화,NC,H,Final,Loss,4.0,7.0,청주,
20190726HHSS0_한화,2019-07-26,한화,삼성,A,Final,Loss,8.0,9.0,대구,
20190726HHSS0_삼성,2019-07-26,삼성,한화,H,Final,Win,9.0,8.0,대구,
20190726NCWO0_NC,2019-07-26,NC,키움,A,Final,Loss,4.0,5.0,고척,
20190726NCWO0_키움,2019-07-26,키움,NC,H,Final,Win,5.0,4.0,고척,
20190726SKLT0_SK,2019-07-26,SK,롯데,A,Final,Win,8.0,6.0,사직,
20190726SKLT0_롯데,2019-07-26,롯데,SK,H,Final,Loss,6.0,8.0,사직,
20190727HTOB0_KIA,2019-07-27,KIA,두산,A,Final,Loss,1.0,12.0,잠실,
20190727HTOB0_두산,2019-07-27,두산,KIA,H,Final,Win,12.0,1.0,잠실,
20190727HHSS0_한화,2019-07-27,한화,삼성,A,Final,Loss,6.0,7.0,대구,
20190727HHSS0_삼성,2019-07-27,삼성,한화,H,Final,Win,7.0,6.0,대구,
20190727SKLT0_SK,2019-07-27,SK,롯데,A,Final,Win,4.0,0.0,사직,
20190727SKLT0_롯데,2019-07-27,롯데,SK,H,Final,Loss,0.0,4.0,사직,
20190727LGKT0_LG,2019-07-27,LG,KT,A,Final,Win,5.0,2.0,수원,
20190727LGKT0_KT,2019-07-27,KT,LG,H,Final,Loss,2.0,5.0,수원,
20190727NCWO0_NC,2019-07-27,NC,키움,A,Final,Loss,1.0,4.0,고척,
20190727NCWO0_키움,2019-07-27,키움,NC,H,Final,Win,4.0,1.0,고척,
20190728HHSS0_한화,2019-07-28,한화,삼성,A,Final,Loss,6.0,13.0,대구,
20190728HHSS0_삼성,2019-07-28,삼성,한화,H,Final,Win,13.0,6.0,대구,
20190728SKLT0_SK,2019-07-28,SK,롯데,A,Final,Win,3.0,0.0,사직,
20190728SKLT0_롯데,2019-07-28,롯데,SK,H,Final,Loss,0.0,3.0,사직,
20190728LGKT0_LG,2019-07-28,LG,KT,A,Final,Win,10.0,1.0,수원,
20190728LGKT0_KT,2019-07-28,KT,LG,H,Final,Loss,1.0,10.0,수원,
20190728NCWO0_NC,2019-07-28,NC,키움,A,Final,Win,11.0,0.0,고척,
20190728NCWO0_키움,2019-07-28,키움,NC,H,Final,Loss,0.0,11.0,고척,
20190730WOLG0_키움,2019-07-30,키움,LG,A,Final,Win,4.0,2.0,잠실,
20190730WOLG0_LG,2019-07-30,LG,키움,H,Final,Loss,2.0,4.0,잠실,
20190730LTSS0_롯데,2019-07-30,롯데,삼성,A,Final,Loss,2.0,5.0,대구,
20190730LTSS0_삼성,2019-07-30,삼성,롯데,H,Final,Win,5.0,2.0,대구,
20190730HTSK0_KIA,2019-07-30,KIA,SK,A,Final,Win,2.0,0.0,문학,
20190730HTSK0_SK,2019-07-30,SK,KIA,H,Final,Loss,0.0,2.0,문학,
20190730HHKT0_한화,2019-07-30,한화,KT,A,Final,Loss,2.0,3.0,수원,
20190730HHKT0_KT,2019-07-30,KT,한화,H,Final,Win,3.0,2.0,수원,
20190730OBNC0_두산,2019-07-30,두산,NC,A,Final,Win,9.0,1.0,창원,
20190730OBNC0_NC,2019-07-30,NC,두산,H,Final,Loss,1.0,9.0,창원,
20190731WOLG0_키움,2019-07-31,키움,LG,A,Final,Win,8.0,0.0,잠실,
20190731WOLG0_LG,2019-07-31,LG,키움,H,Final,Loss,0.0,8.0,잠실,
20190731LTSS0_롯데,2019-07-31,롯데,삼성,A,Final,Win,8.0,4.0,대구,
20190731LTSS0_삼성,2019-07-31,삼성,롯데,H,Final,Loss,4.0,8.0,대구,
20190731HTSK0_KIA,2019-07-31,KIA,SK,A,Final,Win,6.0,2.0,문학,
20190731HTSK0_SK,2019-07-31,SK,KIA,H,Final,Loss,2.0,6.0,문학,
20190731HHKT0_한화,2019-07-31,한화,KT,A,Final,Win,5.0,2.0,수원,
20190731HHKT0_KT,2019-07-31,KT,한화,H,Final,Loss,2.0,5.0,수원,
20190731OBNC0_두산,2019-07-31,두산,NC,A,Final,Loss,4.0,8.0,창원,
20190731OBNC0_NC,2019-07-31,NC,두산,H,Final,Win,8.0,4.0,창원,
20190801WOLG0_키움,2019-08-01,키움,LG,A,Final,Loss,5.0,11.0,잠실,
20190801WOLG0_LG,2019-08-01,LG,키움,H,Final,Win,11.0,5.0,잠실,
20190801LTSS0_롯데,2019-08-01,롯데,삼성,A,Final,Win,9.0,4.0,대구,
20190801LTSS0_삼성,2019-08-01,삼성,롯데,H,Final,Loss,4.0,9.0,대구,
20190801HTSK0_KIA,2019-08-01,KIA,SK,A,Final,Loss,1.0,10.0,문학,
20190801HTSK0_SK,2019-08-01,SK,KIA,H,Final,Win,10.0,1.0,문학,
20190801HHKT0_한화,2019-08-01,한화,KT,A,Final,Win,3.0,1.0,수원,
20190801HHKT0_KT,2019-08-01,KT,한화,H,Final,Loss,1.0,3.0,수원,
20190801OBNC0_두산,2019-08-01,두산,NC,A,Final,Win,3.0,2.0,창원,
20190801OBNC0_NC,2019-08-01,NC,두산,H,Final,Loss,2.0,3.0,창원,
20190803SKHH0_SK,2019-08-03,SK,한화,A,Final,Win,3.0,0.0,한밭,
20190803SKHH0_한화,2019-08-03,한화,SK,H,Final,Loss,0.0,3.0,한밭,
20190803SSLG0_삼성,2019-08-03,삼성,LG,A,Final,Loss,10.0,13.0,잠실,
20190803SSLG0_LG,2019-08-03,LG,삼성,H,Final,Win,13.0,10.0,잠실,
20190803OBLT0_두산,2019-08-03,두산,롯데,A,Final,Loss,1.0,2.0,사직,
20190803OBLT0_롯데,2019-08-03,롯데,두산,H,Final,Win,2.0,1.0,사직,
20190803NCHT0_NC,2019-08-03,NC,KIA,A,Final,Loss,1.0,5.0,광주,
20190803NCHT0_KIA,2019-08-03,KIA,NC,H,Final,Win,5.0,1.0,광주,
20190803KTWO0_KT,2019-08-03,KT,키움,A,Final,Win,7.0,1.0,고척,
20190803KTWO0_키움,2019-08-03,키움,KT,H,Final,Loss,1.0,7.0,고척,
20190804SKHH0_SK,2019-08-04,SK,한화,A,Final,Loss,2.0,8.0,한밭,
20190804SKHH0_한화,2019-08-04,한화,SK,H,Final,Win,8.0,2.0,한밭,
20190804SSLG0_삼성,2019-08-04,삼성,LG,A,Final,Win,2.0,1.0,잠실,
20190804SSLG0_LG,2019-08-04,LG,삼성,H,Final,Loss,1.0,2.0,잠실,
20190804NCHT0_NC,2019-08-04,NC,KIA,A,Final,Loss,0.0,1.0,광주,
20190804NCHT0_KIA,2019-08-04,KIA,NC,H,Final,Win,1.0,0.0,광주,
20190804KTWO0_KT,2019-08-04,KT,키움,A,Final,Win,5.0,3.0,고척,
20190804KTWO0_키움,2019-08-04,키움,KT,H,Final,Loss,3.0,5.0,고척,
20190804OBLT0_두산,2019-08-04,두산,롯데,A,Final,Loss,4.0,9.0,사직,
20190804OBLT0_롯데,2019-08-04,롯데,두산,H,Final,Win,9.0,4.0,사직,
20190806HHOB0_한화,2019-08-06,한화,두산,A,Final,Loss,3.0,8.0,잠실,
20190806HHOB0_두산,2019-08-06,두산,한화,H,Final,Win,8.0,3.0,잠실,
20190806KTSK0_KT,2019-08-06,KT,SK,A,Final,Win,3.0,0.0,문학,
20190806KTSK0_SK,2019-08-06,SK,KT,H,Final,Loss,0.0,3.0,문학,
20190806LGHT0_LG,2019-08-06,LG,KIA,A,Final,Win,17.0,4.0,광주,
20190806LGHT0_KIA,2019-08-06,KIA,LG,H,Final,Loss,4.0,17.0,광주,
20190807HHOB0_한화,2019-08-07,한화,두산,A,Final,Win,7.0,5.0,잠실,
20190807HHOB0_두산,2019-08-07,두산,한화,H,Final,Loss,5.0,7.0,잠실,
20190807KTSK0_KT,2019-08-07,KT,SK,A,Final,Loss,2.0,5.0,문학,
20190807KTSK0_SK,2019-08-07,SK,KT,H,Final,Win,5.0,2.0,문학,
20190807LGHT0_LG,2019-08-07,LG,KIA,A,Final,Loss,5.0,10.0,광주,
20190807LGHT0_KIA,2019-08-07,KIA,LG,H,Final,Win,10.0,5.0,광주,
20190807SSNC0_삼성,2019-08-07,삼성,NC,A,Final,Loss,1.0,2.0,창원,
20190807SSNC0_NC,2019-08-07,NC,삼성,H,Final,Win,2.0,1.0,창원,
20190807WOLT0_키움,2019-08-07,키움,롯데,A,Final,Win,16.0,4.0,울산,
20190807WOLT0_롯데,2019-08-07,롯데,키움,H,Final,Loss,4.0,16.0,울산,
20190808KTOB0_KT,2019-08-08,KT,두산,A,Final,Loss,2.0,7.0,잠실,
20190808KTOB0_두산,2019-08-08,두산,KT,H,Final,Win,7.0,2.0,잠실,
20190808LTSS0_롯데,2019-08-08,롯데,삼성,A,Final,Win,8.0,0.0,대구,
20190808LTSS0_삼성,2019-08-08,삼성,롯데,H,Final,Loss,0.0,8.0,대구,
20190808HHHT0_한화,2019-08-08,한화,KIA,A,Final,Loss,2.0,5.0,광주,
20190808HHHT0_KIA,2019-08-08,KIA,한화,H,Final,Win,5.0,2.0,광주,
20190808LGNC0_LG,2019-08-08,LG,NC,A,Final,Loss,2.0,13.0,창원,
20190808LGNC0_NC,2019-08-08,NC,LG,H,Final,Win,13.0,2.0,창원,
20190808SKWO0_SK,2019-08-08,SK,키움,A,Final,Win,6.0,1.0,고척,
20190808SKWO0_키움,2019-08-08,키움,SK,H,Final,Loss,1.0,6.0,고척,
20190809KTOB0_KT,2019-08-09,KT,두산,A,Final,Loss,1.0,3.0,잠실,
20190809KTOB0_두산,2019-08-09,두산,KT,H,Final,Win,3.0,1.0,잠실,
20190809LTSS0_롯데,2019-08-09,롯데,삼성,A,Final,Win,6.0,3.0,대구,
20190809LTSS0_삼성,2019-08-09,삼성,롯데,H,Final,Loss,3.0,6.0,대구,
20190809HHHT0_한화,2019-08-09,한화,KIA,A,Final,Loss,4.0,10.0,광주,
20190809HHHT0_KIA,2019-08-09,KIA,한화,H,Final,Win,10.0,4.0,광주,
20190809SKWO0_SK,2019-08-09,SK,키움,A,Final,Loss,4.0,5.0,고척,
20190809SKWO0_키움,2019-08-09,키움,SK,H,Final,Win,5.0,4.0,고척,
20190809LGNC0_LG,2019-08-09,LG,NC,A,Final,Win,5.0,2.0,창원,
20190809LGNC0_NC,2019-08-09,NC,LG,H,Final,Loss,2.0,5.0,창원,
20190810SKLG0_SK,2019-08-10,SK,LG,A,Final,Win,2.0,0.0,잠실,
20190810SKLG0_LG,2019-08-10,LG,SK,H,Final,Loss,0.0,2.0,잠실,
20190810HTSS0_KIA,2019-08-10,KIA,삼성,A,Final,Win,7.0,2.0,대구,
20190810HTSS0_삼성,2019-08-10,삼성,KIA,H,Final,Loss,2.0,7.0,대구,
20190810HHKT0_한화,2019-08-10,한화,KT,A,Final,Loss,4.0,5.0,수원,
20190810HHKT0_KT,2019-08-10,KT,한화,H,Final,Win,5.0,4.0,수원,
20190810LTNC0_롯데,2019-08-10,롯데,NC,A,Final,Loss,4.0,7.0,창원,
20190810LTNC0_NC,2019-08-10,NC,롯데,H,Final,Win,7.0,4.0,창원,
20190810OBWO0_두산,2019-08-10,두산,키움,A,Final,Loss,2.0,10.0,고척,
20190810OBWO0_키움,2019-08-10,키움,두산,H,Final,Win,10.0,2.0,고척,
20190811SKLG0_SK,2019-08-11,SK,LG,A,Final,Loss,3.0,4.0,잠실,
20190811SKLG0_LG,2019-08-11,LG,SK,H,Final,Win,4.0,3.0,잠실,
20190811HTSS0_KIA,2019-08-11,KIA,삼성,A,Final,Loss,4.0,5.0,대구,
20190811HTSS0_삼성,2019-08-11,삼성,KIA,H,Final,Win,5.0,4.0,대구,
20190811HHKT0_한화,2019-08-11,한화,KT,A,Final,Win,6.0,4.0,수원,
20190811HHKT0_KT,2019-08-11,KT,한화,H,Final,Loss,4.0,6.0,수원,
20190811LTNC0_롯데,2019-08-11,롯데,NC,A,Final,Loss,1.0,9.0,창원,
20190811LTNC0_NC,2019-08-11,NC,롯데,H,Final,Win,9.0,1.0,창원,
20190811OBWO0_두산,2019-08-11,두산,키움,A,Final,Win,12.0,7.0,고척,
20190811OBWO0_키움,2019-08-11,키움,두산,H,Final,Loss,7.0,12.0,고척,
20190813NCHH0_NC,2019-08-13,NC,한화,A,Final,Win,10.0,2.0,한밭,
20190813NCHH0_한화,2019-08-13,한화,NC,H,Final,Loss,2.0,10.0,한밭,
20190813WOLG0_키움,2019-08-13,키움,LG,A,Final,Loss,7.0,8.0,잠실,
20190813WOLG0_LG,2019-08-13,LG,키움,H,Final,Win,8.0,7.0,잠실,
20190813KTLT0_KT,2019-08-13,KT,롯데,A,Final,Loss,5.0,6.0,사직,
20190813KTLT0_롯데,2019-08-13,롯데,KT,H,Final,Win,6.0,5.0,사직,
20190813SSSK0_삼성,2019-08-13,삼성,SK,A,Final,Loss,1.0,4.0,문학,
20190813SSSK0_SK,2019-08-13,SK,삼성,H,Final,Win,4.0,1.0,문학,
20190813OBHT0_두산,2019-08-13,두산,KIA,A,Final,Win,5.0,2.0,광주,
20190813OBHT0_KIA,2019-08-13,KIA,두산,H,Final,Loss,2.0,5.0,광주,
20190814NCHH0_NC,2019-08-14,NC,한화,A,Final,Loss,3.0,9.0,한밭,
20190814NCHH0_한화,2019-08-14,한화,NC,H,Final,Win,9.0,3.0,한밭,
20190814WOLG0_키움,2019-08-14,키움,LG,A,Final,Win,14.0,0.0,잠실,
20190814WOLG0_LG,2019-08-14,LG,키움,H,Final,Loss,0.0,14.0,잠실,
20190814KTLT0_KT,2019-08-14,KT,롯데,A,Final,Win,6.0,0.0,사직,
20190814KTLT0_롯데,2019-08-14,롯데,KT,H,Final,Loss,0.0,6.0,사직,
20190814OBHT0_두산,2019-08-14,두산,KIA,A,Final,Loss,1.0,4.0,광주,
20190814OBHT0_KIA,2019-08-14,KIA,두산,H,Final,Win,4.0,1.0,광주,
20190815SKHT0_SK,2019-08-15,SK,KIA,A,Final,Win,7.0,6.0,광주,
20190815SKHT0_KIA,2019-08-15,KIA,SK,H,Final,Loss,6.0,7.0,광주,
20190815NCWO0_NC,2019-08-15,NC,키움,A,Final,Loss,3.0,4.0,고척,
20190815NCWO0_키움,2019-08-15,키움,NC,H,Final,Win,4.0,3.0,고척,
20190815HHLT0_한화,2019-08-15,한화,롯데,A,Final,Loss,5.0,11.0,사직,
20190815HHLT0_롯데,2019-08-15,롯데,한화,H,Final,Win,11.0,5.0,사직,
20190816LGOB0_LG,2019-08-16,LG,두산,A,Final,Loss,4.0,7.0,잠실,
20190816LGOB0_두산,2019-08-16,두산,LG,H,Final,Win,7.0,4.0,잠실,
20190816HHLT0_한화,2019-08-16,한화,롯데,A,Final,Win,2.0,1.0,사직,
20190816HHLT0_롯데,2019-08-16,롯데,한화,H,Final,Loss,1.0,2.0,사직,
20190816SKHT0_SK,2019-08-16,SK,KIA,A,Final,Loss,0.0,1.0,광주,
20190816SKHT0_KIA,2019-08-16,KIA,SK,H,Final,Win,1.0,0.0,광주,
20190816SSKT0_삼성,2019-08-16,삼성,KT,A,Final,Loss,1.0,9.0,수원,
20190816SSKT0_KT,2019-08-16,KT,삼성,H,Final,Win,9.0,1.0,수원,
20190816NCWO0_NC,2019-08-16,NC,키움,A,Final,Loss,4.0,6.0,고척,
20190816NCWO0_키움,2019-08-16,키움,NC,H,Final,Win,6.0,4.0,고척,
20190817LTOB0_롯데,2019-08-17,롯데,두산,A,Final,Loss,2.0,9.0,잠실,
20190817LTOB0_두산,2019-08-17,두산,롯데,H,Final,Win,9.0,2.0,잠실,
20190817LGSS0_LG,2019-08-17,LG,삼성,A,Final,Loss,2.0,7.0,대구,
20190817LGSS0_삼성,2019-08-17,삼성,LG,H,Final,Win,7.0,2.0,대구,
20190817KTHT0_KT,2019-08-17,KT,KIA,A,Final,Win,4.0,3.0,광주,
20190817KTHT0_KIA,2019-08-17,KIA,KT,H,Final,Loss,3.0,4.0,광주,
20190817SKNC0_SK,2019-08-17,SK,NC,A,Final,Loss,0.0,9.0,창원,
20190817SKNC0_NC,2019-08-17,NC,SK,H,Final,Win,9.0,0.0,창원,
20190817HHWO0_한화,2019-08-17,한화,키움,A,Final,Win,8.0,4.0,고척,
20190817HHWO0_키움,2019-08-17,키움,한화,H,Final,Loss,4.0,8.0,고척,
20190818LTOB0_롯데,2019-08-18,롯데,두산,A,Final,Loss,3.0,11.0,잠실,
20190818LTOB0_두산,2019-08-18,두산,롯데,H,Final,Win,11.0,3.0,잠실,
20190818LGSS0_LG,2019-08-18,LG,삼성,A,Final,Win,8.0,1.0,대구,
20190818LGSS0_삼성,2019-08-18,삼성,LG,H,Final,Loss,1.0,8.0,대구,
20190818KTHT0_KT,2019-08-18,KT,KIA,A,Final,Win,2.0,1.0,광주,
20190818KTHT0_KIA,2019-08-18,KIA,KT,H,Final,Loss,1.0,2.0,광주,
20190818SKNC0_SK,2019-08-18,SK,NC,A,Final,Loss,4.0,7.0,창원,
20190818SKNC0_NC,2019-08-18,NC,SK,H,Final,Win,7.0,4.0,창원,
20190818HHWO0_한화,2019-08-18,한화,키움,A,Final,Win,5.0,4.0,고척,
20190818HHWO0_키움,2019-08-18,키움,한화,H,Final,Loss,4.0,5.0,고척,
20190820SSHH0_삼성,2019-08-20,삼성,한화,A,Final,Win,5.0,0.0,한밭,
20190820SSHH0_한화,2019-08-20,한화,삼성,H,Final,Loss,0.0,5.0,한밭,
20190820HTLG0_KIA,2019-08-20,KIA,LG,A,Final,Loss,3.0,15.0,잠실,
20190820HTLG0_LG,2019-08-20,LG,KIA,H,Final,Win,15.0,3.0,잠실,
20190820LTSK0_롯데,2019-08-20,롯데,SK,A,Final,Loss,0.0,5.0,문학,
20190820LTSK0_SK,2019-08-20,SK,롯데,H,Final,Win,5.0,0.0,문학,
20190820WOKT0_키움,2019-08-20,키움,KT,A,Final,Loss,0.0,6.0,수원,
20190820WOKT0_KT,2019-08-20,KT,키움,H,Final,Win,6.0,0.0,수원,
20190820OBNC0_두산,2019-08-20,두산,NC,A,Final,Loss,2.0,3.0,창원,
20190820OBNC0_NC,2019-08-20,NC,두산,H,Final,Win,3.0,2.0,창원,
20190821HTLG0_KIA,2019-08-21,KIA,LG,A,Final,Loss,4.0,6.0,잠실,
20190821HTLG0_LG,2019-08-21,LG,KIA,H,Final,Win,6.0,4.0,잠실,
20190821LTSK0_롯데,2019-08-21,롯데,SK,A,Final,Loss,4.0,5.0,문학,
20190821LTSK0_SK,2019-08-21,SK,롯데,H,Final,Win,5.0,4.0,문학,
20190821WOKT0_키움,2019-08-21,키움,KT,A,Final,Win,8.0,1.0,수원,
20190821WOKT0_KT,2019-08-21,KT,키움,H,Final,Loss,1.0,8.0,수원,
20190822NCLG0_NC,2019-08-22,NC,LG,A,Final,Win,5.0,2.0,잠실,
20190822NCLG0_LG,2019-08-22,LG,NC,H,Final,Loss,2.0,5.0,잠실,
20190822OBSS0_두산,2019-08-22,두산,삼성,A,Final,Win,13.0,1.0,대구,
20190822OBSS0_삼성,2019-08-22,삼성,두산,H,Final,Loss,1.0,13.0,대구,
20190822HHSK0_한화,2019-08-22,한화,SK,A,Final,Loss,6.0,8.0,문학,
20190822HHSK0_SK,2019-08-22,SK,한화,H,Final,Win,8.0,6.0,문학,
20190822LTKT0_롯데,2019-08-22,롯데,KT,A,Final,Loss,2.0,4.0,수원,
20190822LTKT0_KT,2019-08-22,KT,롯데,H,Final,Win,4.0,2.0,수원,
20190823NCLG0_NC,2019-08-23,NC,LG,A,Final,Loss,2.0,8.0,잠실,
20190823NCLG0_LG,2019-08-23,LG,NC,H,Final,Win,8.0,2.0,잠실,
20190823OBSS0_두산,2019-08-23,두산,삼성,A,Final,Win,8.0,4.0,대구,
20190823OBSS0_삼성,2019-08-23,삼성,두산,H,Final,Loss,4.0,8.0,대구,
20190823HHSK0_한화,2019-08-23,한화,SK,A,Final,Loss,2.0,6.0,문학,
20190823HHSK0_SK,2019-08-23,SK,한화,H,Final,Win,6.0,2.0,문학,
20190823HTWO0_KIA,2019-08-23,KIA,키움,A,Final,Loss,0.0,6.0,고척,
20190823HTWO0_키움,2019-08-23,키움,KIA,H,Final,Win,6.0,0.0,고척,
20190824OBHH0_두산,2019-08-24,두산,한화,A,Final,Win,13.0,3.0,한밭,
20190824OBHH0_한화,2019-08-24,한화,두산,H,Final,Loss,3.0,13.0,한밭,
20190824KTLG0_KT,2019-08-24,KT,LG,A,Final,Loss,8.0,12.0,잠실,
20190824KTLG0_LG,2019-08-24,LG,KT,H,Final,Win,12.0,8.0,잠실,
20190824WOSS0_키움,2019-08-24,키움,삼성,A,Final,Loss,1.0,2.0,대구,
20190824WOSS0_삼성,2019-08-24,삼성,키움,H,Final,Win,2.0,1.0,대구,
20190824NCLT0_NC,2019-08-24,NC,롯데,A,Final,Win,8.0,3.0,사직,
20190824NCLT0_롯데,2019-08-24,롯데,NC,H,Final,Loss,3.0,8.0,사직,
20190824HTSK0_KIA,2019-08-24,KIA,SK,A,Final,Loss,3.0,4.0,문학,
20190824HTSK0_SK,2019-08-24,SK,KIA,H,Final,Win,4.0,3.0,문학,
20190825OBHH0_두산,2019-08-25,두산,한화,A,Final,Win,3.0,2.0,한밭,
20190825OBHH0_한화,2019-08-25,한화,두산,H,Final,Loss,2.0,3.0,한밭,
20190825KTLG0_KT,2019-08-25,KT,LG,A,Final,Win,7.0,3.0,잠실,
20190825KTLG0_LG,2019-08-25,LG,KT,H,Final,Loss,3.0,7.0,잠실,
20190825WOSS0_키움,2019-08-25,키움,삼성,A,Final,Win,21.0,8.0,대구,
20190825WOSS0_삼성,2019-08-25,삼성,키움,H,Final,Loss,8.0,21.0,대구,
20190825HTSK0_KIA,2019-08-25,KIA,SK,A,Final,Win,4.0,2.0,문학,
20190825HTSK0_SK,2019-08-25,SK,KIA,H,Final,Loss,2.0,4.0,문학,
20190825NCLT0_NC,2019-08-25,NC,롯데,A,Final,Loss,4.0,5.0,사직,
20190825NCLT0_롯데,2019-08-25,롯데,NC,H,Final,Win,5.0,4.0,사직,
20190827SKOB0_SK,2019-08-27,SK,두산,A,Final,Loss,2.0,4.0,잠실,
20190827SKOB0_두산,2019-08-27,두산,SK,H,Final,Win,4.0,2.0,잠실,
20190827SSHT0_삼성,2019-08-27,삼성,KIA,A,Final,Win,10.0,1.0,광주,
20190827SSHT0_KIA,2019-08-27,KIA,삼성,H,Final,Loss,1.0,10.0,광주,
20190827KTNC0_KT,2019-08-27,KT,NC,A,Final,Loss,3.0,4.0,창원,
20190827KTNC0_NC,2019-08-27,NC,KT,H,Final,Win,4.0,3.0,창원,
20190827LGLT0_LG,2019-08-27,LG,롯데,A,Final,Win,2.0,1.0,울산,
20190827LGLT0_롯데,2019-08-27,롯데,LG,H,Final,Loss,1.0,2.0,울산,
20190827WOHH0_키움,2019-08-27,키움,한화,A,Final,Win,15.0,0.0,청주,
20190827WOHH0_한화,2019-08-27,한화,키움,H,Final,Loss,0.0,15.0,청주,
20190828SKOB0_SK,2019-08-28,SK,두산,A,Final,Loss,2.0,4.0,잠실,
20190828SKOB0_두산,2019-08-28,두산,SK,H,Final,Win,4.0,2.0,잠실,
20190828SSHT0_삼성,2019-08-28,삼성,KIA,A,Final,Loss,1.0,5.0,광주,
20190828SSHT0_KIA,2019-08-28,KIA,삼성,H,Final,Win,5.0,1.0,광주,
20190828KTNC0_KT,2019-08-28,KT,NC,A,Final,Win,8.0,2.0,창원,
20190828KTNC0_NC,2019-08-28,NC,KT,H,Final,Loss,2.0,8.0,창원,
20190828LGLT0_LG,2019-08-28,LG,롯데,A,Final,Loss,3.0,4.0,울산,
20190828LGLT0_롯데,2019-08-28,롯데,LG,H,Final,Win,4.0,3.0,울산,
20190828WOHH0_키움,2019-08-28,키움,한화,A,Final,Loss,1.0,2.0,청주,
20190828WOHH0_한화,2019-08-28,한화,키움,H,Final,Win,2.0,1.0,청주,
20190829SKSS0_SK,2019-08-29,SK,삼성,A,Final,Loss,4.0,5.0,대구,
20190829SKSS0_삼성,2019-08-29,삼성,SK,H,Final,Win,5.0,4.0,대구,
20190829OBKT0_두산,2019-08-29,두산,KT,A,Final,Loss,8.0,11.0,수원,
20190829OBKT0_KT,2019-08-29,KT,두산,H,Final,Win,11.0,8.0,수원,
20190829HTNC0_KIA,2019-08-29,KIA,NC,A,Final,Loss,3.0,4.0,창원,
20190829HTNC0_NC,2019-08-29,NC,KIA,H,Final,Win,4.0,3.0,창원,
20190829LTWO0_롯데,2019-08-29,롯데,키움,A,Final,Loss,0.0,4.0,고척,
20190829LTWO0_키움,2019-08-29,키움,롯데,H,Final,Win,4.0,0.0,고척,
20190830HHLG0_한화,2019-08-30,한화,LG,A,Final,Win,1.0,0.0,잠실,
20190830HHLG0_LG,2019-08-30,LG,한화,H,Final,Loss,0.0,1.0,잠실,
20190830SKSS0_SK,2019-08-30,SK,삼성,A,Final,Win,2.0,0.0,대구,
20190830SKSS0_삼성,2019-08-30,삼성,SK,H,Final,Loss,0.0,2.0,대구,
20190830OBKT0_두산,2019-08-30,두산,KT,A,Final,Win,3.0,1.0,수원,
20190830OBKT0_KT,2019-08-30,KT,두산,H,Final,Loss,1.0,3.0,수원,
20190830LTWO0_롯데,2019-08-30,롯데,키움,A,Final,Loss,2.0,5.0,고척,
20190830LTWO0_키움,2019-08-30,키움,롯데,H,Final,Win,5.0,2.0,고척,
20190830HTNC0_KIA,2019-08-30,KIA,NC,A,Final,Win,8.0,2.0,창원,
20190830HTNC0_NC,2019-08-30,NC,KIA,H,Final,Loss,2.0,8.0,창원,
20190831KTHH0_KT,2019-08-31,KT,한화,A,Final,Win,6.0,1.0,한밭,
20190831KTHH0_한화,2019-08-31,한화,KT,H,Final,Loss,1.0,6.0,한밭,
20190831SSOB0_삼성,2019-08-31,삼성,두산,A,Final,Loss,3.0,5.0,잠실,
20190831SSOB0_두산,2019-08-31,두산,삼성,H,Final,Win,5.0,3.0,잠실,
20190831LGSK0_LG,2019-08-31,LG,SK,A,Final,Win,6.0,4.0,문학,
20190831LGSK0_SK,2019-08-31,SK,LG,H,Final,Loss,4.0,6.0,문학,
20190831LTHT0_롯데,2019-08-31,롯데,KIA,A,Final,Loss,2.0,4.0,광주,
20190831LTHT0_KIA,2019-08-31,KIA,롯데,H,Final,Win,4.0,2.0,광주,
20190831WONC0_키움,2019-08-31,키움,NC,A,Final,Win,9.0,3.0,창원,
20190831WONC0_NC,2019-08-31,NC,키움,H,Final,Loss,3.0,9.0,창원,
20190901KTHH0_KT,2019-09-01,KT,한화,A,Final,Loss,1.0,6.0,한밭,
20190901KTHH0_한화,2019-09-01,한화,KT,H,Final,Win,6.0,1.0,한밭,
20190901SSOB0_삼성,2019-09-01,삼성,두산,A,Final,Loss,1.0,4.0,잠실,
20190901SSOB0_두산,2019-09-01,두산,삼성,H,Final,Win,4.0,1.0,잠실,
20190901LGSK0_LG,2019-09-01,LG,SK,A,Final,Loss,6.0,9.0,문학,
20190901LGSK0_SK,2019-09-01,SK,LG,H,Final,Win,9.0,6.0,문학,
20190901LTHT0_롯데,2019-09-01,롯데,KIA,A,Final,Loss,2.0,4.0,광주,
20190901LTHT0_KIA,2019-09-01,KIA,롯데,H,Final,Win,4.0,2.0,광주,
20190901WONC0_키움,2019-09-01,키움,NC,A,Final,Loss,2.0,4.0,창원,
20190901WONC0_NC,2019-09-01,NC,키움,H,Final,Win,4.0,2.0,창원,
20190903HTHH0_KIA,2019-09-03,KIA,한화,A,Final,Win,6.0,5.0,한밭,
20190903HTHH0_한화,2019-09-03,한화,KIA,H,Final,Loss,5.0,6.0,한밭,
20190903WOOB0_키움,2019-09-03,키움,두산,A,Final,Win,5.0,2.0,잠실,
20190903WOOB0_두산,2019-09-03,두산,키움,H,Final,Loss,2.0,5.0,잠실,
20190903SSLT0_삼성,2019-09-03,삼성,롯데,A,Final,Win,5.0,4.0,사직,
20190903SSLT0_롯데,2019-09-03,롯데,삼성,H,Final,Loss,4.0,5.0,사직,
20190903NCSK0_NC,2019-09-03,NC,SK,A,Final,Loss,1.0,8.0,문학,
20190903NCSK0_SK,2019-09-03,SK,NC,H,Final,Win,8.0,1.0,문학,
20190903LGKT0_LG,2019-09-03,LG,KT,A,Final,Win,5.0,0.0,수원,
20190903LGKT0_KT,2019-09-03,KT,LG,H,Final,Loss,0.0,5.0,수원,
20190904HTHH0_KIA,2019-09-04,KIA,한화,A,Final,Win,1.0,0.0,한밭,
20190904HTHH0_한화,2019-09-04,한화,KIA,H,Final,Loss,0.0,1.0,한밭,
20190904SSLT0_삼성,2019-09-04,삼성,롯데,A,Final,Win,8.0,0.0,사직,
20190904SSLT0_롯데,2019-09-04,롯데,삼성,H,Final,Loss,0.0,8.0,사직,
20190905HHNC0_한화,2019-09-05,한화,NC,A,Final,Win,3.0,0.0,창원,
20190905HHNC0_NC,2019-09-05,NC,한화,H,Final,Loss,0.0,3.0,창원,
20190905SSWO0_삼성,2019-09-05,삼성,키움,A,Final,Win,4.0,0.0,고척,
20190905SSWO0_키움,2019-09-05,키움,삼성,H,Final,Loss,0.0,4.0,고척,
20190906LTLG0_롯데,2019-09-06,롯데,LG,A,Final,Loss,2.0,5.0,잠실,
20190906LTLG0_LG,2019-09-06,LG,롯데,H,Final,Win,5.0,2.0,잠실,
20190906HTKT0_KIA,2019-09-06,KIA,KT,A,Final,Loss,2.0,5.0,수원,
20190906HTKT0_KT,2019-09-06,KT,KIA,H,Final,Win,5.0,2.0,수원,
20190906SSWO0_삼성,2019-09-06,삼성,키움,A,Final,Loss,1.0,6.0,고척,
20190906SSWO0_키움,2019-09-06,키움,삼성,H,Final,Win,6.0,1.0,고척,
20190906HHNC0_한화,2019-09-06,한화,NC,A,Final,Loss,0.0,4.0,창원,
20190906HHNC0_NC,2019-09-06,NC,한화,H,Final,Win,4.0,0.0,창원,
20190907LTHH0_롯데,2019-09-07,롯데,한화,A,Final,Loss,1.0,5.0,한밭,
20190907LTHH0_한화,2019-09-07,한화,롯데,H,Final,Win,5.0,1.0,한밭,
20190907NCSS0_NC,2019-09-07,NC,삼성,A,Final,Win,8.0,2.0,대구,
20190907NCSS0_삼성,2019-09-07,삼성,NC,H,Final,Loss,2.0,8.0,대구,
20190907WOHT0_키움,2019-09-07,키움,KIA,A,Final,Win,7.0,3.0,광주,
20190907WOHT0_KIA,2019-09-07,KIA,키움,H,Final,Loss,3.0,7.0,광주,
20190908LTHH0_롯데,2019-09-08,롯데,한화,A,Final,Win,12.0,0.0,한밭,
20190908LTHH0_한화,2019-09-08,한화,롯데,H,Final,Loss,0.0,12.0,한밭,
20190908OBLG0_두산,2019-09-08,두산,LG,A,Final,Loss,1.0,2.0,잠실,
20190908OBLG0_LG,2019-09-08,LG,두산,H,Final,Win,2.0,1.0,잠실,
20190908NCSS0_NC,2019-09-08,NC,삼성,A,Final,Loss,4.0,9.0,대구,
20190908NCSS0_삼성,2019-09-08,삼성,NC,H,Final,Win,9.0,4.0,대구,
20190908WOHT0_키움,2019-09-08,키움,KIA,A,Final,Win,13.0,3.0,광주,
20190908WOHT0_KIA,2019-09-08,KIA,키움,H,Final,Loss,3.0,13.0,광주,
20190908SKKT0_SK,2019-09-08,SK,KT,A,Final,Loss,0.0,5.0,수원,
20190908SKKT0_KT,2019-09-08,KT,SK,H,Final,Win,5.0,0.0,수원,
20190910KTSS0_KT,2019-09-10,KT,삼성,A,Final,Loss,2.0,3.0,대구,
20190910KTSS0_삼성,2019-09-10,삼성,KT,H,Final,Win,3.0,2.0,대구,
20190910HTLT0_KIA,2019-09-10,KIA,롯데,A,Final,Loss,4.0,8.0,사직,
20190910HTLT0_롯데,2019-09-10,롯데,KIA,H,Final,Win,8.0,4.0,사직,
20190910LGHH0_LG,2019-09-10,LG,한화,A,Final,Win,5.0,2.0,청주,
20190910LGHH0_한화,2019-09-10,한화,LG,H,Final,Loss,2.0,5.0,청주,
20190911NCOB0_NC,2019-09-11,NC,두산,A,Final,Win,4.0,0.0,잠실,
20190911NCOB0_두산,2019-09-11,두산,NC,H,Final,Loss,0.0,4.0,잠실,
20190911KTSS0_KT,2019-09-11,KT,삼성,A,Final,Loss,8.0,11.0,대구,
20190911KTSS0_삼성,2019-09-11,삼성,KT,H,Final,Win,11.0,8.0,대구,
20190911HTLT0_KIA,2019-09-11,KIA,롯데,A,Final,Win,4.0,0.0,사직,
20190911HTLT0_롯데,2019-09-11,롯데,KIA,H,Final,Loss,0.0,4.0,사직,
20190911WOSK0_키움,2019-09-11,키움,SK,A,Final,Win,4.0,2.0,문학,
20190911WOSK0_SK,2019-09-11,SK,키움,H,Final,Loss,2.0,4.0,문학,
20190911LGHH0_LG,2019-09-11,LG,한화,A,Final,Loss,5.0,9.0,청주,
20190911LGHH0_한화,2019-09-11,한화,LG,H,Final,Win,9.0,5.0,청주,
20190912HTOB0_KIA,2019-09-12,KIA,두산,A,Final,Loss,0.0,5.0,잠실,
20190912HTOB0_두산,2019-09-12,두산,KIA,H,Final,Win,5.0,0.0,잠실,
20190912SKLT0_SK,2019-09-12,SK,롯데,A,Final,Win,2.0,1.0,사직,
20190912SKLT0_롯데,2019-09-12,롯데,SK,H,Final,Loss,1.0,2.0,사직,
20190912NCKT0_NC,2019-09-12,NC,KT,A,Final,Win,7.0,4.0,수원,
20190912NCKT0_KT,2019-09-12,KT,NC,H,Final,Loss,4.0,7.0,수원,
20190912LGWO0_LG,2019-09-12,LG,키움,A,Final,Loss,2.0,3.0,고척,
20190912LGWO0_키움,2019-09-12,키움,LG,H,Final,Win,3.0,2.0,고척,
20190913HTOB0_KIA,2019-09-13,KIA,두산,A,Final,Loss,2.0,6.0,잠실,
20190913HTOB0_두산,2019-09-13,두산,KIA,H,Final,Win,6.0,2.0,잠실,
20190913HHSS0_한화,2019-09-13,한화,삼성,A,Final,Win,5.0,4.0,대구,
20190913HHSS0_삼성,2019-09-13,삼성,한화,H,Final,Loss,4.0,5.0,대구,
20190913SKLT0_SK,2019-09-13,SK,롯데,A,Final,Loss,0.0,1.0,사직,
20190913SKLT0_롯데,2019-09-13,롯데,SK,H,Final,Win,1.0,0.0,사직,
20190913NCKT0_NC,2019-09-13,NC,KT,A,Final,Win,5.0,2.0,수원,
20190913NCKT0_KT,2019-09-13,KT,NC,H,Final,Loss,2.0,5.0,수원,
20190913LGWO0_LG,2019-09-13,LG,키움,A,Final,Win,4.0,1.0,고척,
20190913LGWO0_키움,2019-09-13,키움,LG,H,Final,Loss,1.0,4.0,고척,
20190914LTHH0_롯데,2019-09-14,롯데,한화,A,Final,Loss,2.0,5.0,한밭,
20190914LTHH0_한화,2019-09-14,한화,롯데,H,Final,Win,5.0,2.0,한밭,
20190914HTLG0_KIA,2019-09-14,KIA,LG,A,Final,Loss,2.0,7.0,잠실,
20190914HTLG0_LG,2019-09-14,LG,KIA,H,Final,Win,7.0,2.0,잠실,
20190914OBSK0_두산,2019-09-14,두산,SK,A,Final,Loss,6.0,7.0,문학,
20190914OBSK0_SK,2019-09-14,SK,두산,H,Final,Win,7.0,6.0,문학,
20190914WOKT0_키움,2019-09-14,키움,KT,A,Final,Loss,2.0,3.0,수원,
20190914WOKT0_KT,2019-09-14,KT,키움,H,Final,Win,3.0,2.0,수원,
20190914SSNC0_삼성,2019-09-14,삼성,NC,A,Final,Loss,1.0,7.0,창원,
20190914SSNC0_NC,2019-09-14,NC,삼성,H,Final,Win,7.0,1.0,창원,
20190915LTHH0_롯데,2019-09-15,롯데,한화,A,Final,Win,7.0,1.0,한밭,
20190915LTHH0_한화,2019-09-15,한화,롯데,H,Final,Loss,1.0,7.0,한밭,
20190915OBLG0_두산,2019-09-15,두산,LG,A,Final,Loss,4.0,10.0,잠실,
20190915OBLG0_LG,2019-09-15,LG,두산,H,Final,Win,10.0,4.0,잠실,
20190915KTSK0_KT,2019-09-15,KT,SK,A,Final,Win,8.0,6.0,문학,
20190915KTSK0_SK,2019-09-15,SK,KT,H,Final,Loss,6.0,8.0,문학,
20190915SSNC0_삼성,2019-09-15,삼성,NC,A,Final,Loss,1.0,6.0,창원,
20190915SSNC0_NC,2019-09-15,NC,삼성,H,Final,Win,6.0,1.0,창원,
20190916WOOB0_키움,2019-09-16,키움,두산,A,Final,Win,6.0,3.0,잠실,
20190916WOOB0_두산,2019-09-16,두산,키움,H,Final,Loss,3.0,6.0,잠실,
20190916HHSS0_한화,2019-09-16,한화,삼성,A,Final,Win,11.0,1.0,대구,
20190916HHSS0_삼성,2019-09-16,삼성,한화,H,Final,Loss,1.0,11.0,대구,
20190916LGKT0_LG,2019-09-16,LG,KT,A,Final,Win,4.0,2.0,수원,
20190916LGKT0_KT,2019-09-16,KT,LG,H,Final,Loss,2.0,4.0,수원,
20190917WOHH0_키움,2019-09-17,키움,한화,A,Final,Loss,0.0,1.0,한밭,
20190917WOHH0_한화,2019-09-17,한화,키움,H,Final,Win,1.0,0.0,한밭,
20190917NCHT0_NC,2019-09-17,NC,KIA,A,Final,Loss,2.0,3.0,광주,
20190917NCHT0_KIA,2019-09-17,KIA,NC,H,Final,Win,3.0,2.0,광주,
20190918NCSK0_NC,2019-09-18,NC,SK,A,Final,Win,6.0,0.0,문학,
20190918NCSK0_SK,2019-09-18,SK,NC,H,Final,Loss,0.0,6.0,문학,
20190918LTHT0_롯데,2019-09-18,롯데,KIA,A,Final,Loss,5.0,6.0,광주,
20190918LTHT0_KIA,2019-09-18,KIA,롯데,H,Final,Win,6.0,5.0,광주,
20190918LGSS0_LG,2019-09-18,LG,삼성,A,Final,Win,4.0,3.0,포항,
20190918LGSS0_삼성,2019-09-18,삼성,LG,H,Final,Loss,3.0,4.0,포항,
20190919OBSK1_두산,2019-09-19,두산,SK,A,Final,Win,6.0,4.0,문학,
20190919OBSK1_SK,2019-09-19,SK,두산,H,Final,Loss,4.0,6.0,문학,
20190919HTSS0_KIA,2019-09-19,KIA,삼성,A,Final,Loss,2.0,12.0,대구,
20190919HTSS0_삼성,2019-09-19,삼성,KIA,H,Final,Win,12.0,2.0,대구,
20190919LGNC0_LG,2019-09-19,LG,NC,A,Final,Loss,3.0,5.0,창원,
20190919LGNC0_NC,2019-09-19,NC,LG,H,Final,Win,5.0,3.0,창원,
20190919OBSK2_두산,2019-09-19,두산,SK,A,Final,Win,7.0,3.0,문학,
20190919OBSK2_SK,2019-09-19,SK,두산,H,Final,Loss,3.0,7.0,문학,
20190920SSHH0_삼성,2019-09-20,삼성,한화,A,Final,Loss,3.0,5.0,한밭,
20190920SSHH0_한화,2019-09-20,한화,삼성,H,Final,Win,5.0,3.0,한밭,
20190920HTOB0_KIA,2019-09-20,KIA,두산,A,Final,Loss,2.0,6.0,잠실,
20190920HTOB0_두산,2019-09-20,두산,KIA,H,Final,Win,6.0,2.0,잠실,
20190920KTLT0_KT,2019-09-20,KT,롯데,A,Final,Win,7.0,0.0,사직,
20190920KTLT0_롯데,2019-09-20,롯데,KT,H,Final,Loss,0.0,7.0,사직,
20190920WOSK0_키움,2019-09-20,키움,SK,A,Final,Win,5.0,1.0,문학,
20190920WOSK0_SK,2019-09-20,SK,키움,H,Final,Loss,1.0,5.0,문학,
20190921HTOB0_KIA,2019-09-21,KIA,두산,A,Final,Loss,3.0,5.0,잠실,
20190921HTOB0_두산,2019-09-21,두산,KIA,H,Final,Win,5.0,3.0,잠실,
20190921SSKT0_삼성,2019-09-21,삼성,KT,A,Final,Win,6.0,3.0,수원,
20190921SSKT0_KT,2019-09-21,KT,삼성,H,Final,Loss,3.0,6.0,수원,
20190922LGOB0_LG,2019-09-22,LG,두산,A,Final,Win,6.0,3.0,잠실,
20190922LGOB0_두산,2019-09-22,두산,LG,H,Final,Loss,3.0,6.0,잠실,
20190923HHLG0_한화,2019-09-23,한화,LG,A,Final,Win,9.0,1.0,잠실,
20190923HHLG0_LG,2019-09-23,LG,한화,H,Final,Loss,1.0,9.0,잠실,
20190923NCLT0_NC,2019-09-23,NC,롯데,A,Final,Win,6.0,1.0,사직,
20190923NCLT0_롯데,2019-09-23,롯데,NC,H,Final,Loss,1.0,6.0,사직,
20190923HTKT0_KIA,2019-09-23,KIA,KT,A,Final,Loss,1.0,2.0,수원,
20190923HTKT0_KT,2019-09-23,KT,KIA,H,Final,Win,2.0,1.0,수원,
20190924SSLG0_삼성,2019-09-24,삼성,LG,A,Final,Win,4.0,2.0,잠실,
20190924SSLG0_LG,2019-09-24,LG,삼성,H,Final,Loss,2.0,4.0,잠실,
20190924WOHT0_키움,2019-09-24,키움,KIA,A,Final,Loss,0.0,5.0,광주,
20190924WOHT0_KIA,2019-09-24,KIA,키움,H,Final,Win,5.0,0.0,광주,
20190924SKKT0_SK,2019-09-24,SK,KT,A,Final,Loss,3.0,7.0,수원,
20190924SKKT0_KT,2019-09-24,KT,SK,H,Final,Win,7.0,3.0,수원,
20190925OBLT0_두산,2019-09-25,두산,롯데,A,Final,Win,7.0,0.0,사직,
20190925OBLT0_롯데,2019-09-25,롯데,두산,H,Final,Loss,0.0,7.0,사직,
20190925SSSK0_삼성,2019-09-25,삼성,SK,A,Final,Loss,0.0,1.0,문학,
20190925SSSK0_SK,2019-09-25,SK,삼성,H,Final,Win,1.0,0.0,문학,
20190925HHNC0_한화,2019-09-25,한화,NC,A,Final,Win,3.0,2.0,창원,
20190925HHNC0_NC,2019-09-25,NC,한화,H,Final,Loss,2.0,3.0,창원,
20190926OBSS0_두산,2019-09-26,두산,삼성,A,Final,Win,11.0,0.0,대구,
20190926OBSS0_삼성,2019-09-26,삼성,두산,H,Final,Loss,0.0,11.0,대구,
20190926HTLT0_KIA,2019-09-26,KIA,롯데,A,Final,Win,3.0,1.0,사직,
20190926HTLT0_롯데,2019-09-26,롯데,KIA,H,Final,Loss,1.0,3.0,사직,
20190926LGKT0_LG,2019-09-26,LG,KT,A,Final,Win,4.0,3.0,수원,
20190926LGKT0_KT,2019-09-26,KT,LG,H,Final,Loss,3.0,4.0,수원,
20190926HHNC0_한화,2019-09-26,한화,NC,A,Final,Win,4.0,2.0,창원,
20190926HHNC0_NC,2019-09-26,NC,한화,H,Final,Loss,2.0,4.0,창원,
20190927NCLG0_NC,2019-09-27,NC,LG,A,Final,Win,3.0,0.0,잠실,
20190927NCLG0_LG,2019-09-27,LG,NC,H,Final,Loss,0.0,3.0,잠실,
20190927SKSS0_SK,2019-09-27,SK,삼성,A,Final,Win,4.0,0.0,대구,
20190927SKSS0_삼성,2019-09-27,삼성,SK,H,Final,Loss,0.0,4.0,대구,
20190928HHOB0_한화,2019-09-28,한화,두산,A,Final,Loss,6.0,7.0,잠실,
20190928HHOB0_두산,2019-09-28,두산,한화,H,Final,Win,7.0,6.0,잠실,
20190928SKSS0_SK,2019-09-28,SK,삼성,A,Final,Loss,7.0,9.0,대구,
20190928SKSS0_삼성,2019-09-28,삼성,SK,H,Final,Win,9.0,7.0,대구,
20190928LGHT0_LG,2019-09-28,LG,KIA,A,Final,Loss,1.0,7.0,광주,
20190928LGHT0_KIA,2019-09-28,KIA,LG,H,Final,Win,7.0,1.0,광주,
20190928NCKT0_NC,2019-09-28,NC,KT,A,Final,Loss,2.0,5.0,수원,
20190928NCKT0_KT,2019-09-28,KT,NC,H,Final,Win,5.0,2.0,수원,
20190929SKHH0_SK,2019-09-29,SK,한화,A,Final,Win,2.0,0.0,한밭,
20190929SKHH0_한화,2019-09-29,한화,SK,H,Final,Loss,0.0,2.0,한밭,
20190929OBLG0_두산,2019-09-29,두산,LG,A,Final,Win,3.0,0.0,잠실,
20190929OBLG0_LG,2019-09-29,LG,두산,H,Final,Loss,0.0,3.0,잠실,
20190929WOLT0_키움,2019-09-29,키움,롯데,A,Final,Win,4.0,1.0,사직,
20190929WOLT0_롯데,2019-09-29,롯데,키움,H,Final,Loss,1.0,4.0,사직,
20190929SSKT0_삼성,2019-09-29,삼성,KT,A,Final,Loss,0.0,7.0,수원,
20190929SSKT0_KT,2019-09-29,KT,삼성,H,Final,Win,7.0,0.0,수원,
20190930SKHH0_SK,2019-09-30,SK,한화,A,Final,Win,6.0,2.0,한밭,
20190930SKHH0_한화,2019-09-30,한화,SK,H,Final,Loss,2.0,6.0,한밭,
20190930LTLG0_롯데,2019-09-30,롯데,LG,A,Final,Loss,0.0,2.0,잠실,
20190930LTLG0_LG,2019-09-30,LG,롯데,H,Final,Win,2.0,0.0,잠실,
20191001NCOB0_NC,2019-10-01,NC,두산,A,Final,Loss,5.0,6.0,잠실,
20191001NCOB0_두산,2019-10-01,두산,NC,H,Final,Win,6.0,5.0,잠실,
20191001WOLT0_키움,2019-10-01,키움,롯데,A,Final,Win,3.0,1.0,사직,
20191001WOLT0_롯데,2019-10-01,롯데,키움,H,Final,Loss,1.0,3.0,사직,
20200505OBLG0_두산,2020-05-05,두산,LG,A,Final,Loss,2.0,8.0,잠실,
20200505OBLG0_LG,2020-05-05,LG,두산,H,Final,Win,8.0,2.0,잠실,
20200505NCSS0_NC,2020-05-05,NC,삼성,A,Final,Win,4.0,0.0,대구,
20200505NCSS0_삼성,2020-05-05,삼성,NC,H,Final,Loss,0.0,4.0,대구,
20200505HHSK0_한화,2020-05-05,한화,SK,A,Final,Win,3.0,0.0,문학,
20200505HHSK0_SK,2020-05-05,SK,한화,H,Final,Loss,0.0,3.0,문학,
20200505WOHT0_키움,2020-05-05,키움,KIA,A,Final,Win,11.0,2.0,광주,
20200505WOHT0_KIA,2020-05-05,KIA,키움,H,Final,Loss,2.0,11.0,광주,
20200505LTKT0_롯데,2020-05-05,롯데,KT,A,Final,Win,7.0,2.0,수원,
20200505LTKT0_KT,2020-05-05,KT,롯데,H,Final,Loss,2.0,7.0,수원,
20200506OBLG0_두산,2020-05-06,두산,LG,A,Final,Win,5.0,2.0,잠실,
20200506OBLG0_LG,2020-05-06,LG,두산,H,Final,Loss,2.0,5.0,잠실,
20200506NCSS0_NC,2020-05-06,NC,삼성,A,Final,Win,4.0,3.0,대구,
20200506NCSS0_삼성,2020-05-06,삼성,NC,H,Final,Loss,3.0,4.0,대구,
20200506HHSK0_한화,2020-05-06,한화,SK,A,Final,Loss,2.0,5.0,문학,
20200506HHSK0_SK,2020-05-06,SK,한화,H,Final,Win,5.0,2.0,문학,
20200506WOHT0_키움,2020-05-06,키움,KIA,A,Final,Win,3.0,2.0,광주,
20200506WOHT0_KIA,2020-05-06,KIA,키움,H,Final,Loss,2.0,3.0,광주,
20200506LTKT0_롯데,2020-05-06,롯데,KT,A,Final,Win,9.0,4.0,수원,
20200506LTKT0_KT,2020-05-06,KT,롯데,H,Final,Loss,4.0,9.0,수원,
20200507OBLG0_두산,2020-05-07,두산,LG,A,Final,Win,9.0,3.0,잠실,
20200507OBLG0_LG,2020-05-07,LG,두산,H,Final,Loss,3.0,9.0,잠실,
20200507NCSS0_NC,2020-05-07,NC,삼성,A,Final,Win,8.0,2.0,대구,
20200507NCSS0_삼성,2020-05-07,삼성,NC,H,Final,Loss,2.0,8.0,대구,
20200507HHSK0_한화,2020-05-07,한화,SK,A,Final,Win,8.0,4.0,문학,
20200507HHSK0_SK,2020-05-07,SK,한화,H,Final,Loss,4.0,8.0,문학,
20200507WOHT0_키움,2020-05-07,키움,KIA,A,Final,Loss,5.0,8.0,광주,
20200507WOHT0_KIA,2020-05-07,KIA,키움,H,Final,Win,8.0,5.0,광주,
20200507LTKT0_롯데,2020-05-07,롯데,KT,A,Final,Win,7.0,3.0,수원,
20200507LTKT0_KT,2020-05-07,KT,롯데,H,Final,Loss,3.0,7.0,수원,
20200508KTOB0_KT,2020-05-08,KT,두산,A,Final,Win,12.0,3.0,잠실,
20200508KTOB0_두산,2020-05-08,두산,KT,H,Final,Loss,3.0,12.0,잠실,
20200508HTSS0_KIA,2020-05-08,KIA,삼성,A,Final,Loss,0.0,5.0,대구,
20200508HTSS0_삼성,2020-05-08,삼성,KIA,H,Final,Win,5.0,0.0,대구,
20200508SKLT0_SK,2020-05-08,SK,롯데,A,Final,Loss,8.0,9.0,사직,
20200508SKLT0_롯데,2020-05-08,롯데,SK,H,Final,Win,9.0,8.0,사직,
20200508LGNC0_LG,2020-05-08,LG,NC,A,Final,Loss,5.0,13.0,창원,
20200508LGNC0_NC,2020-05-08,NC,LG,H,Final,Win,13.0,5.0,창원,
20200508HHWO0_한화,2020-05-08,한화,키움,A,Final,Loss,3.0,5.0,고척,
20200508HHWO0_키움,2020-05-08,키움,한화,H,Final,Win,5.0,3.0,고척,
20200509HTSS0_KIA,2020-05-09,KIA,삼성,A,Final,Loss,2.0,14.0,대구,
20200509HTSS0_삼성,2020-05-09,삼성,KIA,H,Final,Win,14.0,2.0,대구,
20200509HHWO0_한화,2020-05-09,한화,키움,A,Final,Loss,3.0,5.0,고척,
20200509HHWO0_키움,2020-05-09,키움,한화,H,Final,Win,5.0,3.0,고척,
20200510KTOB0_KT,2020-05-10,KT,두산,A,Final,Loss,12.0,13.0,잠실,
20200510KTOB0_두산,2020-05-10,두산,KT,H,Final,Win,13.0,12.0,잠실,
20200510HTSS0_KIA,2020-05-10,KIA,삼성,A,Final,Win,12.0,3.0,대구,
20200510HTSS0_삼성,2020-05-10,삼성,KIA,H,Final,Loss,3.0,12.0,대구,
20200510SKLT0_SK,2020-05-10,SK,롯데,A,Final,Loss,0.0,4.0,사직,
20200510SKLT0_롯데,2020-05-10,롯데,SK,H,Final,Win,4.0,0.0,사직,
20200510LGNC0_LG,2020-05-10,LG,NC,A,Final,Win,10.0,8.0,창원,
20200510LGNC0_NC,2020-05-10,NC,LG,H,Final,Loss,8.0,10.0,창원,
20200510HHWO0_한화,2020-05-10,한화,키움,A,Final,Loss,3.0,6.0,고척,
20200510HHWO0_키움,2020-05-10,키움,한화,H,Final,Win,6.0,3.0,고척,
20200512HTHH0_KIA,2020-05-12,KIA,한화,A,Final,Win,2.0,1.0,한밭,
20200512HTHH0_한화,2020-05-12,한화,KIA,H,Final,Loss,1.0,2.0,한밭,
20200512SKLG0_SK,2020-05-12,SK,LG,A,Final,Loss,5.0,9.0,잠실,
20200512SKLG0_LG,2020-05-12,LG,SK,H,Final,Win,9.0,5.0,잠실,
20200512OBLT0_두산,2020-05-12,두산,롯데,A,Final,Win,11.0,6.0,사직,
20200512OBLT0_롯데,2020-05-12,롯데,두산,H,Final,Loss,6.0,11.0,사직,
20200512KTNC0_KT,2020-05-12,KT,NC,A,Final,Loss,6.0,7.0,창원,
20200512KTNC0_NC,2020-05-12,NC,KT,H,Final,Win,7.0,6.0,창원,
20200512SSWO0_삼성,2020-05-12,삼성,키움,A,Final,Loss,2.0,3.0,고척,
20200512SSWO0_키움,2020-05-12,키움,삼성,H,Final,Win,3.0,2.0,고척,
20200513HTHH0_KIA,2020-05-13,KIA,한화,A,Final,Win,4.0,3.0,한밭,
20200513HTHH0_한화,2020-05-13,한화,KIA,H,Final,Loss,3.0,4.0,한밭,
20200513SKLG0_SK,2020-05-13,SK,LG,A,Final,Loss,2.0,14.0,잠실,
20200513SKLG0_LG,2020-05-13,LG,SK,H,Final,Win,14.0,2.0,잠실,
20200513OBLT0_두산,2020-05-13,두산,롯데,A,Final,Loss,9.0,10.0,사직,
20200513OBLT0_롯데,2020-05-13,롯데,두산,H,Final,Win,10.0,9.0,사직,
20200513KTNC0_KT,2020-05-13,KT,NC,A,Final,Loss,4.0,5.0,창원,
20200513KTNC0_NC,2020-05-13,NC,KT,H,Final,Win,5.0,4.0,창원,
20200513SSWO0_삼성,2020-05-13,삼성,키움,A,Final,Win,5.0,0.0,고척,
20200513SSWO0_키움,2020-05-13,키움,삼성,H,Final,Loss,0.0,5.0,고척,
20200514HTHH0_KIA,2020-05-14,KIA,한화,A,Final,Loss,1.0,4.0,한밭,
20200514HTHH0_한화,2020-05-14,한화,KIA,H,Final,Win,4.0,1.0,한밭,
20200514SKLG0_SK,2020-05-14,SK,LG,A,Final,Loss,2.0,3.0,잠실,
20200514SKLG0_LG,2020-05-14,LG,SK,H,Final,Win,3.0,2.0,잠실,
20200514OBLT0_두산,2020-05-14,두산,롯데,A,Final,Win,7.0,4.0,사직,
20200514OBLT0_롯데,2020-05-14,롯데,두산,H,Final,Loss,4.0,7.0,사직,
20200514KTNC0_KT,2020-05-14,KT,NC,A,Final,Loss,0.0,1.0,창원,
20200514KTNC0_NC,2020-05-14,NC,KT,H,Final,Win,1.0,0.0,창원,
20200514SSWO0_삼성,2020-05-14,삼성,키움,A,Final,Win,8.0,5.0,고척,
20200514SSWO0_키움,2020-05-14,키움,삼성,H,Final,Loss,5.0,8.0,고척,
20200515LTHH0_롯데,2020-05-15,롯데,한화,A,Final,Loss,1.0,2.0,한밭,
20200515LTHH0_한화,2020-05-15,한화,롯데,H,Final,Win,2.0,1.0,한밭,
20200515NCSK0_NC,2020-05-15,NC,SK,A,Final,Win,6.0,2.0,문학,
20200515NCSK0_SK,2020-05-15,SK,NC,H,Final,Loss,2.0,6.0,문학,
20200515OBHT0_두산,2020-05-15,두산,KIA,A,Final,Win,13.0,4.0,광주,
20200515OBHT0_KIA,2020-05-15,KIA,두산,H,Final,Loss,4.0,13.0,광주,
20200515SSKT0_삼성,2020-05-15,삼성,KT,A,Final,Loss,6.0,14.0,수원,
20200515SSKT0_KT,2020-05-15,KT,삼성,H,Final,Win,14.0,6.0,수원,
20200516LTHH0_롯데,2020-05-16,롯데,한화,A,Final,Win,5.0,1.0,한밭,
20200516LTHH0_한화,2020-05-16,한화,롯데,H,Final,Loss,1.0,5.0,한밭,
20200516WOLG1_키움,2020-05-16,키움,LG,A,Final,Loss,1.0,3.0,잠실,
20200516WOLG1_LG,2020-05-16,LG,키움,H,Final,Win,3.0,1.0,잠실,
20200516NCSK0_NC,2020-05-16,NC,SK,A,Final,Win,2.0,1.0,문학,
20200516NCSK0_SK,2020-05-16,SK,NC,H,Final,Loss,1.0,2.0,문학,
20200516OBHT0_두산,2020-05-16,두산,KIA,A,Final,Loss,4.0,13.0,광주,
20200516OBHT0_KIA,2020-05-16,KIA,두산,H,Final,Win,13.0,4.0,광주,
20200516SSKT0_삼성,2020-05-16,삼성,KT,A,Final,Loss,4.0,10.0,수원,
20200516SSKT0_KT,2020-05-16,KT,삼성,H,Final,Win,10.0,4.0,수원,
20200516WOLG2_키움,2020-05-16,키움,LG,A,Final,Loss,3.0,5.0,잠실,
20200516WOLG2_LG,2020-05-16,LG,키움,H,Final,Win,5.0,3.0,잠실,
20200517LTHH0_롯데,2020-05-17,롯데,한화,A,Final,Loss,4.0,5.0,한밭,
20200517LTHH0_한화,2020-05-17,한화,롯데,H,Final,Win,5.0,4.0,한밭,
20200517WOLG0_키움,2020-05-17,키움,LG,A,Final,Win,9.0,4.0,잠실,
20200517WOLG0_LG,2020-05-17,LG,키움,H,Final,Loss,4.0,9.0,잠실,
20200517NCSK0_NC,2020-05-17,NC,SK,A,Final,Win,11.0,5.0,문학,
20200517NCSK0_SK,2020-05-17,SK,NC,H,Final,Loss,5.0,11.0,문학,
20200517OBHT0_두산,2020-05-17,두산,KIA,A,Final,Win,6.0,4.0,광주,
20200517OBHT0_KIA,2020-05-17,KIA,두산,H,Final,Loss,4.0,6.0,광주,
20200517SSKT0_삼성,2020-05-17,삼성,KT,A,Final,Loss,2.0,9.0,수원,
20200517SSKT0_KT,2020-05-17,KT,삼성,H,Final,Win,9.0,2.0,수원,
20200519NCOB0_NC,2020-05-19,NC,두산,A,Final,Win,5.0,4.0,잠실,
20200519NCOB0_두산,2020-05-19,두산,NC,H,Final,Loss,4.0,5.0,잠실,
20200519LGSS0_LG,2020-05-19,LG,삼성,A,Final,Win,10.0,6.0,대구,
20200519LGSS0_삼성,2020-05-19,삼성,LG,H,Final,Loss,6.0,10.0,대구,
20200519LTHT0_롯데,2020-05-19,롯데,KIA,A,Final,Loss,2.0,9.0,광주,
20200519LTHT0_KIA,2020-05-19,KIA,롯데,H,Final,Win,9.0,2.0,광주,
20200519HHKT0_한화,2020-05-19,한화,KT,A,Final,Loss,11.0,13.0,수원,
20200519HHKT0_KT,2020-05-19,KT,한화,H,Final,Win,13.0,11.0,수원,
20200519SKWO0_SK,2020-05-19,SK,키움,A,Final,Loss,6.0,11.0,고척,
20200519SKWO0_키움,2020-05-19,키움,SK,H,Final,Win,11.0,6.0,고척,
20200520NCOB0_NC,2020-05-20,NC,두산,A,Final,Loss,1.0,2.0,잠실,
20200520NCOB0_두산,2020-05-20,두산,NC,H,Final,Win,2.0,1.0,잠실,
20200520LGSS0_LG,2020-05-20,LG,삼성,A,Final,Loss,1.0,3.0,대구,
20200520LGSS0_삼성,2020-05-20,삼성,LG,H,Final,Win,3.0,1.0,대구,
20200520LTHT0_롯데,2020-05-20,롯데,KIA,A,Final,Loss,0.0,6.0,광주,
20200520LTHT0_KIA,2020-05-20,KIA,롯데,H,Final,Win,6.0,0.0,광주,
20200520HHKT0_한화,2020-05-20,한화,KT,A,Final,Loss,1.0,8.0,수원,
20200520HHKT0_KT,2020-05-20,KT,한화,H,Final,Win,8.0,1.0,수원,
20200520SKWO0_SK,2020-05-20,SK,키움,A,Final,Win,5.0,3.0,고척,
20200520SKWO0_키움,2020-05-20,키움,SK,H,Final,Loss,3.0,5.0,고척,
20200521NCOB0_NC,2020-05-21,NC,두산,A,Final,Win,12.0,6.0,잠실,
20200521NCOB0_두산,2020-05-21,두산,NC,H,Final,Loss,6.0,12.0,잠실,
20200521LGSS0_LG,2020-05-21,LG,삼성,A,Final,Win,2.0,0.0,대구,
20200521LGSS0_삼성,2020-05-21,삼성,LG,H,Final,Loss,0.0,2.0,대구,
20200521LTHT0_롯데,2020-05-21,롯데,KIA,A,Final,Loss,1.0,6.0,광주,
20200521LTHT0_KIA,2020-05-21,KIA,롯데,H,Final,Win,6.0,1.0,광주,
20200521HHKT0_한화,2020-05-21,한화,KT,A,Final,Win,9.0,4.0,수원,
20200521HHKT0_KT,2020-05-21,KT,한화,H,Final,Loss,4.0,9.0,수원,
20200521SKWO0_SK,2020-05-21,SK,키움,A,Final,Loss,8.0,9.0,고척,
20200521SKWO0_키움,2020-05-21,키움,SK,H,Final,Win,9.0,8.0,고척,
20200522KTLG0_KT,2020-05-22,KT,LG,A,Final,Loss,5.0,6.0,잠실,
20200522KTLG0_LG,2020-05-22,LG,KT,H,Final,Win,6.0,5.0,잠실,
20200522OBSS0_두산,2020-05-22,두산,삼성,A,Final,Win,12.0,7.0,대구,
20200522OBSS0_삼성,2020-05-22,삼성,두산,H,Final,Loss,7.0,12.0,대구,
20200522WOLT0_키움,2020-05-22,키움,롯데,A,Final,Loss,7.0,9.0,사직,
20200522WOLT0_롯데,2020-05-22,롯데,키움,H,Final,Win,9.0,7.0,사직,
20200522HTSK0_KIA,2020-05-22,KIA,SK,A,Final,Win,2.0,1.0,문학,
20200522HTSK0_SK,2020-05-22,SK,KIA,H,Final,Loss,1.0,2.0,문학,
20200522HHNC0_한화,2020-05-22,한화,NC,A,Final,Win,5.0,3.0,창원,
20200522HHNC0_NC,2020-05-22,NC,한화,H,Final,Loss,3.0,5.0,창원,
20200523KTLG0_KT,2020-05-23,KT,LG,A,Final,Win,6.0,2.0,잠실,
20200523KTLG0_LG,2020-05-23,LG,KT,H,Final,Loss,2.0,6.0,잠실,
20200523OBSS0_두산,2020-05-23,두산,삼성,A,Final,Win,10.0,6.0,대구,
20200523OBSS0_삼성,2020-05-23,삼성,두산,H,Final,Loss,6.0,10.0,대구,
20200523WOLT0_키움,2020-05-23,키움,롯데,A,Final,Win,12.0,4.0,사직,
20200523WOLT0_롯데,2020-05-23,롯데,키움,H,Final,Loss,4.0,12.0,사직,
20200523HTSK0_KIA,2020-05-23,KIA,SK,A,Final,Win,8.0,3.0,문학,
20200523HTSK0_SK,2020-05-23,SK,KIA,H,Final,Loss,3.0,8.0,문학,
20200523HHNC0_한화,2020-05-23,한화,NC,A,Final,Loss,0.0,3.0,창원,
20200523HHNC0_NC,2020-05-23,NC,한화,H,Final,Win,3.0,0.0,창원,
20200524KTLG0_KT,2020-05-24,KT,LG,A,Final,Loss,7.0,9.0,잠실,
20200524KTLG0_LG,2020-05-24,LG,KT,H,Final,Win,9.0,7.0,잠실,
20200524OBSS0_두산,2020-05-24,두산,삼성,A,Final,Loss,0.0,13.0,대구,
20200524OBSS0_삼성,2020-05-24,삼성,두산,H,Final,Win,13.0,0.0,대구,
20200524WOLT0_키움,2020-05-24,키움,롯데,A,Final,Loss,0.0,2.0,사직,
20200524WOLT0_롯데,2020-05-24,롯데,키움,H,Final,Win,2.0,0.0,사직,
20200524HTSK0_KIA,2020-05-24,KIA,SK,A,Final,Loss,3.0,4.0,문학,
20200524HTSK0_SK,2020-05-24,SK,KIA,H,Final,Win,4.0,3.0,문학,
20200524HHNC0_한화,2020-05-24,한화,NC,A,Final,Loss,5.0,10.0,창원,
20200524HHNC0_NC,2020-05-24,NC,한화,H,Final,Win,10.0,5.0,창원,
20200526LGHH0_LG,2020-05-26,LG,한화,A,Final,Win,3.0,0.0,한밭,
20200526LGHH0_한화,2020-05-26,한화,LG,H,Final,Loss,0.0,3.0,한밭,
20200526SKOB0_SK,2020-05-26,SK,두산,A,Final,Loss,4.0,6.0,잠실,
20200526SKOB0_두산,2020-05-26,두산,SK,H,Final,Win,6.0,4.0,잠실,
20200526SSLT0_삼성,2020-05-26,삼성,롯데,A,Final,Loss,0.0,1.0,사직,
20200526SSLT0_롯데,2020-05-26,롯데,삼성,H,Final,Win,1.0,0.0,사직,
20200526HTKT0_KIA,2020-05-26,KIA,KT,A,Final,Win,4.0,1.0,수원,
20200526HTKT0_KT,2020-05-26,KT,KIA,H,Final,Loss,1.0,4.0,수원,
20200526WONC0_키움,2020-05-26,키움,NC,A,Final,Loss,2.0,7.0,창원,
20200526WONC0_NC,2020-05-26,NC,키움,H,Final,Win,7.0,2.0,창원,
20200527LGHH0_LG,2020-05-27,LG,한화,A,Final,Win,15.0,4.0,한밭,
20200527LGHH0_한화,2020-05-27,한화,LG,H,Final,Loss,4.0,15.0,한밭,
20200527SKOB0_SK,2020-05-27,SK,두산,A,Final,Loss,2.0,4.0,잠실,
20200527SKOB0_두산,2020-05-27,두산,SK,H,Final,Win,4.0,2.0,잠실,
20200527SSLT0_삼성,2020-05-27,삼성,롯데,A,Final,Win,11.0,1.0,사직,
20200527SSLT0_롯데,2020-05-27,롯데,삼성,H,Final,Loss,1.0,11.0,사직,
20200527HTKT0_KIA,2020-05-27,KIA,KT,A,Final,Loss,0.0,5.0,수원,
20200527HTKT0_KT,2020-05-27,KT,KIA,H,Final,Win,5.0,0.0,수원,
20200527WONC0_키움,2020-05-27,키움,NC,A,Final,Loss,3.0,10.0,창원,
20200527WONC0_NC,2020-05-27,NC,키움,H,Final,Win,10.0,3.0,창원,
20200528LGHH0_LG,2020-05-28,LG,한화,A,Final,Win,3.0,0.0,한밭,
20200528LGHH0_한화,2020-05-28,한화,LG,H,Final,Loss,0.0,3.0,한밭,
20200528SKOB0_SK,2020-05-28,SK,두산,A,Final,Win,6.0,1.0,잠실,
20200528SKOB0_두산,2020-05-28,두산,SK,H,Final,Loss,1.0,6.0,잠실,
20200528SSLT0_삼성,2020-05-28,삼성,롯데,A,Final,Win,3.0,1.0,사직,
20200528SSLT0_롯데,2020-05-28,롯데,삼성,H,Final,Loss,1.0,3.0,사직,
20200528HTKT0_KIA,2020-05-28,KIA,KT,A,Final,Loss,5.0,6.0,수원,
20200528HTKT0_KT,2020-05-28,KT,KIA,H,Final,Win,6.0,5.0,수원,
20200528WONC0_키움,2020-05-28,키움,NC,A,Final,Loss,6.0,9.0,창원,
20200528WONC0_NC,2020-05-28,NC,키움,H,Final,Win,9.0,6.0,창원,
20200529LTOB0_롯데,2020-05-29,롯데,두산,A,Final,Loss,2.0,4.0,잠실,
20200529LTOB0_두산,2020-05-29,두산,롯데,H,Final,Win,4.0,2.0,잠실,
20200529NCSS0_NC,2020-05-29,NC,삼성,A,Final,Loss,4.0,5.0,대구,
20200529NCSS0_삼성,2020-05-29,삼성,NC,H,Final,Win,5.0,4.0,대구,
20200529HHSK0_한화,2020-05-29,한화,SK,A,Final,Loss,6.0,8.0,문학,
20200529HHSK0_SK,2020-05-29,SK,한화,H,Final,Win,8.0,6.0,문학,
20200529LGHT0_LG,2020-05-29,LG,KIA,A,Final,Win,6.0,2.0,광주,
20200529LGHT0_KIA,2020-05-29,KIA,LG,H,Final,Loss,2.0,6.0,광주,
20200529KTWO0_KT,2020-05-29,KT,키움,A,Final,Loss,1.0,5.0,고척,
20200529KTWO0_키움,2020-05-29,키움,KT,H,Final,Win,5.0,1.0,고척,
20200530LGHT0_LG,2020-05-30,LG,KIA,A,Final,Loss,6.0,10.0,광주,
20200530LGHT0_KIA,2020-05-30,KIA,LG,H,Final,Win,10.0,6.0,광주,
20200530LTOB0_롯데,2020-05-30,롯데,두산,A,Final,Loss,4.0,5.0,잠실,
20200530LTOB0_두산,2020-05-30,두산,롯데,H,Final,Win,5.0,4.0,잠실,
20200530NCSS0_NC,2020-05-30,NC,삼성,A,Final,Loss,1.0,9.0,대구,
20200530NCSS0_삼성,2020-05-30,삼성,NC,H,Final,Win,9.0,1.0,대구,
20200530HHSK0_한화,2020-05-30,한화,SK,A,Final,Loss,3.0,9.0,문학,
20200530HHSK0_SK,2020-05-30,SK,한화,H,Final,Win,9.0,3.0,문학,
20200530KTWO0_KT,2020-05-30,KT,키움,A,Final,Loss,3.0,14.0,고척,
20200530KTWO0_키움,2020-05-30,키움,KT,H,Final,Win,14.0,3.0,고척,
20200531LTOB0_롯데,2020-05-31,롯데,두산,A,Final,Win,8.0,3.0,잠실,
20200531LTOB0_두산,2020-05-31,두산,롯데,H,Final,Loss,3.0,8.0,잠실,
20200531NCSS0_NC,2020-05-31,NC,삼성,A,Final,Win,18.0,7.0,대구,
20200531NCSS0_삼성,2020-05-31,삼성,NC,H,Final,Loss,7.0,18.0,대구,
20200531HHSK0_한화,2020-05-31,한화,SK,A,Final,Loss,4.0,6.0,문학,
20200531HHSK0_SK,2020-05-31,SK,한화,H,Final,Win,6.0,4.0,문학,
20200531LGHT0_LG,2020-05-31,LG,KIA,A,Final,Win,13.0,5.0,광주,
20200531LGHT0_KIA,2020-05-31,KIA,LG,H,Final,Loss,5.0,13.0,광주,
20200531KTWO0_KT,2020-05-31,KT,키움,A,Final,Win,12.0,8.0,고척,
20200531KTWO0_키움,2020-05-31,키움,KT,H,Final,Loss,8.0,12.0,고척,
20200602WOHH0_키움,2020-06-02,키움,한화,A,Final,Win,15.0,3.0,한밭,
20200602WOHH0_한화,2020-06-02,한화,키움,H,Final,Loss,3.0,15.0,한밭,
20200602SSLG0_삼성,2020-06-02,삼성,LG,A,Final,Win,2.0,0.0,잠실,
20200602SSLG0_LG,2020-06-02,LG,삼성,H,Final,Loss,0.0,2.0,잠실,
20200602LTHT0_롯데,2020-06-02,롯데,KIA,A,Final,Loss,2.0,7.0,광주,
20200602LTHT0_KIA,2020-06-02,KIA,롯데,H,Final,Win,7.0,2.0,광주,
20200602OBKT0_두산,2020-06-02,두산,KT,A,Final,Win,11.0,8.0,수원,
20200602OBKT0_KT,2020-06-02,KT,두산,H,Final,Loss,8.0,11.0,수원,
20200602SKNC0_SK,2020-06-02,SK,NC,A,Final,Win,8.0,2.0,창원,
20200602SKNC0_NC,2020-06-02,NC,SK,H,Final,Loss,2.0,8.0,창원,
20200603WOHH0_키움,2020-06-03,키움,한화,A,Final,Win,6.0,2.0,한밭,
20200603WOHH0_한화,2020-06-03,한화,키움,H,Final,Loss,2.0,6.0,한밭,
20200603SSLG0_삼성,2020-06-03,삼성,LG,A,Final,Win,12.0,6.0,잠실,
20200603SSLG0_LG,2020-06-03,LG,삼성,H,Final,Loss,6.0,12.0,잠실,
20200603LTHT0_롯데,2020-06-03,롯데,KIA,A,Final,Loss,2.0,11.0,광주,
20200603LTHT0_KIA,2020-06-03,KIA,롯데,H,Final,Win,11.0,2.0,광주,
20200603OBKT0_두산,2020-06-03,두산,KT,A,Final,Loss,2.0,7.0,수원,
20200603OBKT0_KT,2020-06-03,KT,두산,H,Final,Win,7.0,2.0,수원,
20200603SKNC0_SK,2020-06-03,SK,NC,A,Final,Loss,6.0,8.0,창원,
20200603SKNC0_NC,2020-06-03,NC,SK,H,Final,Win,8.0,6.0,창원,
20200604WOHH0_키움,2020-06-04,키움,한화,A,Final,Win,7.0,3.0,한밭,
20200604WOHH0_한화,2020-06-04,한화,키움,H,Final,Loss,3.0,7.0,한밭,
20200604SSLG0_삼성,2020-06-04,삼성,LG,A,Final,Loss,0.0,11.0,잠실,
20200604SSLG0_LG,2020-06-04,LG,삼성,H,Final,Win,11.0,0.0,잠실,
20200604LTHT0_롯데,2020-06-04,롯데,KIA,A,Final,Loss,3.0,7.0,광주,
20200604LTHT0_KIA,2020-06-04,KIA,롯데,H,Final,Win,7.0,3.0,광주,
20200604OBKT0_두산,2020-06-04,두산,KT,A,Final,Win,14.0,8.0,수원,
20200604OBKT0_KT,2020-06-04,KT,두산,H,Final,Loss,8.0,14.0,수원,
20200604SKNC0_SK,2020-06-04,SK,NC,A,Final,Loss,0.0,10.0,창원,
20200604SKNC0_NC,2020-06-04,NC,SK,H,Final,Win,10.0,0.0,창원,
20200605NCHH0_NC,2020-06-05,NC,한화,A,Final,Win,13.0,2.0,한밭,
20200605NCHH0_한화,2020-06-05,한화,NC,H,Final,Loss,2.0,13.0,한밭,
20200605HTOB0_KIA,2020-06-05,KIA,두산,A,Final,Loss,1.0,5.0,잠실,
20200605HTOB0_두산,2020-06-05,두산,KIA,H,Final,Win,5.0,1.0,잠실,
20200605KTLT0_KT,2020-06-05,KT,롯데,A,Final,Loss,4.0,6.0,사직,
20200605KTLT0_롯데,2020-06-05,롯데,KT,H,Final,Win,6.0,4.0,사직,
20200605SSSK0_삼성,2020-06-05,삼성,SK,A,Final,Loss,1.0,4.0,문학,
20200605SSSK0_SK,2020-06-05,SK,삼성,H,Final,Win,4.0,1.0,문학,
20200605LGWO0_LG,2020-06-05,LG,키움,A,Final,Loss,3.0,6.0,고척,
20200605LGWO0_키움,2020-06-05,키움,LG,H,Final,Win,6.0,3.0,고척,
20200606NCHH0_NC,2020-06-06,NC,한화,A,Final,Win,14.0,2.0,한밭,
20200606NCHH0_한화,2020-06-06,한화,NC,H,Final,Loss,2.0,14.0,한밭,
20200606HTOB0_KIA,2020-06-06,KIA,두산,A,Final,Loss,3.0,4.0,잠실,
20200606HTOB0_두산,2020-06-06,두산,KIA,H,Final,Win,4.0,3.0,잠실,
20200606KTLT0_KT,2020-06-06,KT,롯데,A,Final,Loss,0.0,1.0,사직,
20200606KTLT0_롯데,2020-06-06,롯데,KT,H,Final,Win,1.0,0.0,사직,
20200606SSSK0_삼성,2020-06-06,삼성,SK,A,Final,Loss,4.0,6.0,문학,
20200606SSSK0_SK,2020-06-06,SK,삼성,H,Final,Win,6.0,4.0,문학,
20200606LGWO0_LG,2020-06-06,LG,키움,A,Final,Loss,4.0,5.0,고척,
20200606LGWO0_키움,2020-06-06,키움,LG,H,Final,Win,5.0,4.0,고척,
20200607NCHH0_NC,2020-06-07,NC,한화,A,Final,Win,8.0,2.0,한밭,
20200607NCHH0_한화,2020-06-07,한화,NC,H,Final,Loss,2.0,8.0,한밭,
20200607HTOB0_KIA,2020-06-07,KIA,두산,A,Final,Loss,2.0,3.0,잠실,
20200607HTOB0_두산,2020-06-07,두산,KIA,H,Final,Win,3.0,2.0,잠실,
20200607KTLT0_KT,2020-06-07,KT,롯데,A,Final,Loss,2.0,5.0,사직,
20200607KTLT0_롯데,2020-06-07,롯데,KT,H,Final,Win,5.0,2.0,사직,
20200607SSSK0_삼성,2020-06-07,삼성,SK,A,Final,Win,3.0,0.0,문학,
20200607SSSK0_SK,2020-06-07,SK,삼성,H,Final,Loss,0.0,3.0,문학,
20200607LGWO0_LG,2020-06-07,LG,키움,A,Final,Win,8.0,1.0,고척,
20200607LGWO0_키움,2020-06-07,키움,LG,H,Final,Loss,1.0,8.0,고척,
20200609SKLG0_SK,2020-06-09,SK,LG,A,Final,Win,5.0,3.0,잠실,
20200609SKLG0_LG,2020-06-09,LG,SK,H,Final,Loss,3.0,5.0,잠실,
20200609WOSS0_키움,2020-06-09,키움,삼성,A,Final,Win,5.0,3.0,대구,
20200609WOSS0_삼성,2020-06-09,삼성,키움,H,Final,Loss,3.0,5.0,대구,
20200609HHLT0_한화,2020-06-09,한화,롯데,A,Final,Loss,3.0,9.0,사직,
20200609HHLT0_롯데,2020-06-09,롯데,한화,H,Final,Win,9.0,3.0,사직,
20200609HTKT0_KIA,2020-06-09,KIA,KT,A,Final,Win,3.0,2.0,수원,
20200609HTKT0_KT,2020-06-09,KT,KIA,H,Final,Loss,2.0,3.0,수원,
20200609OBNC0_두산,2020-06-09,두산,NC,A,Final,Loss,8.0,12.0,창원,
20200609OBNC0_NC,2020-06-09,NC,두산,H,Final,Win,12.0,8.0,창원,
20200610WOSS0_키움,2020-06-10,키움,삼성,A,Final,Loss,1.0,4.0,대구,
20200610WOSS0_삼성,2020-06-10,삼성,키움,H,Final,Win,4.0,1.0,대구,
20200610HHLT0_한화,2020-06-10,한화,롯데,A,Final,Loss,2.0,12.0,사직,
20200610HHLT0_롯데,2020-06-10,롯데,한화,H,Final,Win,12.0,2.0,사직,
20200610HTKT0_KIA,2020-06-10,KIA,KT,A,Final,Win,10.0,0.0,수원,
20200610HTKT0_KT,2020-06-10,KT,KIA,H,Final,Loss,0.0,10.0,수원,
20200610OBNC0_두산,2020-06-10,두산,NC,A,Final,Win,9.0,1.0,창원,
20200610OBNC0_NC,2020-06-10,NC,두산,H,Final,Loss,1.0,9.0,창원,
20200611SKLG1_SK,2020-06-11,SK,LG,A,Final,Loss,1.0,3.0,잠실,
20200611SKLG1_LG,2020-06-11,LG,SK,H,Final,Win,3.0,1.0,잠실,
20200611SKLG2_SK,2020-06-11,SK,LG,A,Final,Loss,3.0,4.0,잠실,
20200611SKLG2_LG,2020-06-11,LG,SK,H,Final,Win,4.0,3.0,잠실,
20200611WOSS0_키움,2020-06-11,키움,삼성,A,Final,Loss,3.0,6.0,대구,
20200611WOSS0_삼성,2020-06-11,삼성,키움,H,Final,Win,6.0,3.0,대구,
20200611HHLT0_한화,2020-06-11,한화,롯데,A,Final,Loss,0.0,5.0,사직,
20200611HHLT0_롯데,2020-06-11,롯데,한화,H,Final,Win,5.0,0.0,사직,
20200611HTKT0_KIA,2020-06-11,KIA,KT,A,Final,Loss,8.0,13.0,수원,
20200611HTKT0_KT,2020-06-11,KT,KIA,H,Final,Win,13.0,8.0,수원,
20200611OBNC0_두산,2020-06-11,두산,NC,A,Final,Loss,5.0,7.0,창원,
20200611OBNC0_NC,2020-06-11,NC,두산,H,Final,Win,7.0,5.0,창원,
20200612OBHH0_두산,2020-06-12,두산,한화,A,Final,Win,5.0,2.0,한밭,
20200612OBHH0_한화,2020-06-12,한화,두산,H,Final,Loss,2.0,5.0,한밭,
20200612LTLG0_롯데,2020-06-12,롯데,LG,A,Final,Loss,2.0,3.0,잠실,
20200612LTLG0_LG,2020-06-12,LG,롯데,H,Final,Win,3.0,2.0,잠실,
20200612HTSK0_KIA,2020-06-12,KIA,SK,A,Final,Win,6.0,3.0,문학,
20200612HTSK0_SK,2020-06-12,SK,KIA,H,Final,Loss,3.0,6.0,문학,
20200612WONC0_키움,2020-06-12,키움,NC,A,Final,Win,3.0,2.0,창원,
20200612WONC0_NC,2020-06-12,NC,키움,H,Final,Loss,2.0,3.0,창원,
20200613KTSS1_KT,2020-06-13,KT,삼성,A,Final,Loss,3.0,5.0,대구,
20200613KTSS1_삼성,2020-06-13,삼성,KT,H,Final,Win,5.0,3.0,대구,
20200613OBHH0_두산,2020-06-13,두산,한화,A,Final,Loss,6.0,7.0,한밭,
20200613OBHH0_한화,2020-06-13,한화,두산,H,Final,Win,7.0,6.0,한밭,
20200613LTLG0_롯데,2020-06-13,롯데,LG,A,Final,Win,7.0,6.0,잠실,
20200613LTLG0_LG,2020-06-13,LG,롯데,H,Final,Loss,6.0,7.0,잠실,
20200613HTSK0_KIA,2020-06-13,KIA,SK,A,Final,Win,2.0,1.0,문학,
20200613HTSK0_SK,2020-06-13,SK,KIA,H,Final,Loss,1.0,2.0,문학,
20200613WONC0_키움,2020-06-13,키움,NC,A,Final,Win,18.0,5.0,창원,
20200613WONC0_NC,2020-06-13,NC,키움,H,Final,Loss,5.0,18.0,창원,
20200613KTSS2_KT,2020-06-13,KT,삼성,A,Final,Win,7.0,4.0,대구,
20200613KTSS2_삼성,2020-06-13,삼성,KT,H,Final,Loss,4.0,7.0,대구,
20200614OBHH0_두산,2020-06-14,두산,한화,A,Final,Loss,2.0,3.0,한밭,
20200614OBHH0_한화,2020-06-14,한화,두산,H,Final,Win,3.0,2.0,한밭,
20200614LTLG0_롯데,2020-06-14,롯데,LG,A,Final,Loss,6.0,10.0,잠실,
20200614LTLG0_LG,2020-06-14,LG,롯데,H,Final,Win,10.0,6.0,잠실,
20200614KTSS0_KT,2020-06-14,KT,삼성,A,Final,Loss,0.0,12.0,대구,
20200614KTSS0_삼성,2020-06-14,삼성,KT,H,Final,Win,12.0,0.0,대구,
20200614HTSK0_KIA,2020-06-14,KIA,SK,A,Final,Loss,3.0,4.0,문학,
20200614HTSK0_SK,2020-06-14,SK,KIA,H,Final,Win,4.0,3.0,문학,
20200614WONC0_키움,2020-06-14,키움,NC,A,Final,Loss,5.0,9.0,창원,
20200614WONC0_NC,2020-06-14,NC,키움,H,Final,Win,9.0,5.0,창원,
20200616LGHH0_LG,2020-06-16,LG,한화,A,Final,Win,9.0,5.0,한밭,
20200616LGHH0_한화,2020-06-16,한화,LG,H,Final,Loss,5.0,9.0,한밭,
20200616SSOB0_삼성,2020-06-16,삼성,두산,A,Final,Win,4.0,3.0,잠실,
20200616SSOB0_두산,2020-06-16,두산,삼성,H,Final,Loss,3.0,4.0,잠실,
20200616KTSK0_KT,2020-06-16,KT,SK,A,Final,Win,6.0,5.0,문학,
20200616KTSK0_SK,2020-06-16,SK,KT,H,Final,Loss,5.0,6.0,문학,
20200616NCHT0_NC,2020-06-16,NC,KIA,A,Final,Loss,4.0,7.0,광주,
20200616NCHT0_KIA,2020-06-16,KIA,NC,H,Final,Win,7.0,4.0,광주,
20200616LTWO0_롯데,2020-06-16,롯데,키움,A,Final,Win,7.0,5.0,고척,
20200616LTWO0_키움,2020-06-16,키움,롯데,H,Final,Loss,5.0,7.0,고척,
20200617LGHH0_LG,2020-06-17,LG,한화,A,Final,Win,7.0,1.0,한밭,
20200617LGHH0_한화,2020-06-17,한화,LG,H,Final,Loss,1.0,7.0,한밭,
20200617SSOB0_삼성,2020-06-17,삼성,두산,A,Final,Win,6.0,3.0,잠실,
20200617SSOB0_두산,2020-06-17,두산,삼성,H,Final,Loss,3.0,6.0,잠실,
20200617KTSK0_KT,2020-06-17,KT,SK,A,Final,Win,6.0,4.0,문학,
20200617KTSK0_SK,2020-06-17,SK,KT,H,Final,Loss,4.0,6.0,문학,
20200617NCHT0_NC,2020-06-17,NC,KIA,A,Final,Loss,6.0,7.0,광주,
20200617NCHT0_KIA,2020-06-17,KIA,NC,H,Final,Win,7.0,6.0,광주,
20200617LTWO0_롯데,2020-06-17,롯데,키움,A,Final,Loss,3.0,4.0,고척,
20200617LTWO0_키움,2020-06-17,키움,롯데,H,Final,Win,4.0,3.0,고척,
20200618LGHH0_LG,2020-06-18,LG,한화,A,Final,Win,9.0,7.0,한밭,
20200618LGHH0_한화,2020-06-18,한화,LG,H,Final,Loss,7.0,9.0,한밭,
20200618SSOB0_삼성,2020-06-18,삼성,두산,A,Final,Loss,3.0,7.0,잠실,
20200618SSOB0_두산,2020-06-18,두산,삼성,H,Final,Win,7.0,3.0,잠실,
20200618KTSK0_KT,2020-06-18,KT,SK,A,Final,Win,5.0,3.0,문학,
20200618KTSK0_SK,2020-06-18,SK,KT,H,Final,Loss,3.0,5.0,문학,
20200618LTWO0_롯데,2020-06-18,롯데,키움,A,Final,Loss,2.0,3.0,고척,
20200618LTWO0_키움,2020-06-18,키움,롯데,H,Final,Win,3.0,2.0,고척,
20200619OBLG0_두산,2020-06-19,두산,LG,A,Final,Win,18.0,10.0,잠실,
20200619OBLG0_LG,2020-06-19,LG,두산,H,Final,Loss,10.0,18.0,잠실,
20200619SSHT0_삼성,2020-06-19,삼성,KIA,A,Final,Loss,4.0,5.0,광주,
20200619SSHT0_KIA,2020-06-19,KIA,삼성,H,Final,Win,5.0,4.0,광주,
20200619LTKT0_롯데,2020-06-19,롯데,KT,A,Final,Loss,8.0,9.0,수원,
20200619LTKT0_KT,2020-06-19,KT,롯데,H,Final,Win,9.0,8.0,수원,
20200619HHNC0_한화,2020-06-19,한화,NC,A,Final,Loss,1.0,3.0,창원,
20200619HHNC0_NC,2020-06-19,NC,한화,H,Final,Win,3.0,1.0,창원,
20200619SKWO0_SK,2020-06-19,SK,키움,A,Final,Loss,1.0,2.0,고척,
20200619SKWO0_키움,2020-06-19,키움,SK,H,Final,Win,2.0,1.0,고척,
20200620OBLG0_두산,2020-06-20,두산,LG,A,Final,Win,8.0,2.0,잠실,
20200620OBLG0_LG,2020-06-20,LG,두산,H,Final,Loss,2.0,8.0,잠실,
20200620SSHT0_삼성,2020-06-20,삼성,KIA,A,Final,Loss,3.0,6.0,광주,
20200620SSHT0_KIA,2020-06-20,KIA,삼성,H,Final,Win,6.0,3.0,광주,
20200620LTKT0_롯데,2020-06-20,롯데,KT,A,Final,Win,8.0,0.0,수원,
20200620LTKT0_KT,2020-06-20,KT,롯데,H,Final,Loss,0.0,8.0,수원,
20200620HHNC0_한화,2020-06-20,한화,NC,A,Final,Win,4.0,3.0,창원,
20200620HHNC0_NC,2020-06-20,NC,한화,H,Final,Loss,3.0,4.0,창원,
20200620SKWO0_SK,2020-06-20,SK,키움,A,Final,Loss,3.0,9.0,고척,
20200620SKWO0_키움,2020-06-20,키움,SK,H,Final,Win,9.0,3.0,고척,
20200621OBLG0_두산,2020-06-21,두산,LG,A,Final,Win,3.0,1.0,잠실,
20200621OBLG0_LG,2020-06-21,LG,두산,H,Final,Loss,1.0,3.0,잠실,
20200621SSHT0_삼성,2020-06-21,삼성,KIA,A,Final,Win,12.0,5.0,광주,
20200621SSHT0_KIA,2020-06-21,KIA,삼성,H,Final,Loss,5.0,12.0,광주,
20200621LTKT0_롯데,2020-06-21,롯데,KT,A,Final,Loss,2.0,3.0,수원,
20200621LTKT0_KT,2020-06-21,KT,롯데,H,Final,Win,3.0,2.0,수원,
20200621HHNC0_한화,2020-06-21,한화,NC,A,Final,Loss,7.0,9.0,창원,
20200621HHNC0_NC,2020-06-21,NC,한화,H,Final,Win,9.0,7.0,창원,
20200621SKWO0_SK,2020-06-21,SK,키움,A,Final,Loss,2.0,7.0,고척,
20200621SKWO0_키움,2020-06-21,키움,SK,H,Final,Win,7.0,2.0,고척,
20200623WOLG0_키움,2020-06-23,키움,LG,A,Final,Win,8.0,3.0,잠실,
20200623WOLG0_LG,2020-06-23,LG,키움,H,Final,Loss,3.0,8.0,잠실,
20200623HHSS0_한화,2020-06-23,한화,삼성,A,Final,Loss,4.0,11.0,대구,
20200623HHSS0_삼성,2020-06-23,삼성,한화,H,Final,Win,11.0,4.0,대구,
20200623HTLT0_KIA,2020-06-23,KIA,롯데,A,Final,Loss,3.0,4.0,사직,
20200623HTLT0_롯데,2020-06-23,롯데,KIA,H,Final,Win,4.0,3.0,사직,
20200623OBSK0_두산,2020-06-23,두산,SK,A,Final,Win,9.0,2.0,문학,
20200623OBSK0_SK,2020-06-23,SK,두산,H,Final,Loss,2.0,9.0,문학,
20200623NCKT0_NC,2020-06-23,NC,KT,A,Final,Win,4.0,3.0,수원,
20200623NCKT0_KT,2020-06-23,KT,NC,H,Final,Loss,3.0,4.0,수원,
20200624HHSS0_한화,2020-06-24,한화,삼성,A,Final,Loss,2.0,3.0,대구,
20200624HHSS0_삼성,2020-06-24,삼성,한화,H,Final,Win,3.0,2.0,대구,
20200625WOLG1_키움,2020-06-25,키움,LG,A,Final,Win,5.0,2.0,잠실,
20200625WOLG1_LG,2020-06-25,LG,키움,H,Final,Loss,2.0,5.0,잠실,
20200625OBSK1_두산,2020-06-25,두산,SK,A,Final,Win,14.0,6.0,문학,
20200625OBSK1_SK,2020-06-25,SK,두산,H,Final,Loss,6.0,14.0,문학,
20200625NCKT1_NC,2020-06-25,NC,KT,A,Final,Win,3.0,1.0,수원,
20200625NCKT1_KT,2020-06-25,KT,NC,H,Final,Loss,1.0,3.0,수원,
20200625WOLG2_키움,2020-06-25,키움,LG,A,Final,Win,8.0,5.0,잠실,
20200625WOLG2_LG,2020-06-25,LG,키움,H,Final,Loss,5.0,8.0,잠실,
20200625OBSK2_두산,2020-06-25,두산,SK,A,Final,Loss,0.0,7.0,문학,
20200625OBSK2_SK,2020-06-25,SK,두산,H,Final,Win,7.0,0.0,문학,
20200625NCKT2_NC,2020-06-25,NC,KT,A,Final,Loss,6.0,19.0,수원,
20200625NCKT2_KT,2020-06-25,KT,NC,H,Final,Win,19.0,6.0,수원,
20200625HHSS0_한화,2020-06-25,한화,삼성,A,Final,Win,9.0,2.0,대구,
20200625HHSS0_삼성,2020-06-25,삼성,한화,H,Final,Loss,2.0,9.0,대구,
20200626KTHH0_KT,2020-06-26,KT,한화,A,Final,Loss,4.0,7.0,한밭,
20200626KTHH0_한화,2020-06-26,한화,KT,H,Final,Win,7.0,4.0,한밭,
20200626NCOB0_NC,2020-06-26,NC,두산,A,Final,Win,9.0,3.0,잠실,
20200626NCOB0_두산,2020-06-26,두산,NC,H,Final,Loss,3.0,9.0,잠실,
20200626SSLT0_삼성,2020-06-26,삼성,롯데,A,Final,Win,6.0,4.0,사직,
20200626SSLT0_롯데,2020-06-26,롯데,삼성,H,Final,Loss,4.0,6.0,사직,
20200626LGSK0_LG,2020-06-26,LG,SK,A,Final,Loss,0.0,7.0,문학,
20200626LGSK0_SK,2020-06-26,SK,LG,H,Final,Win,7.0,0.0,문학,
20200626HTWO0_KIA,2020-06-26,KIA,키움,A,Final,Win,8.0,6.0,고척,
20200626HTWO0_키움,2020-06-26,키움,KIA,H,Final,Loss,6.0,8.0,고척,
20200627KTHH0_KT,2020-06-27,KT,한화,A,Final,Win,7.0,2.0,한밭,
20200627KTHH0_한화,2020-06-27,한화,KT,H,Final,Loss,2.0,7.0,한밭,
20200627NCOB0_NC,2020-06-27,NC,두산,A,Final,Loss,3.0,12.0,잠실,
20200627NCOB0_두산,2020-06-27,두산,NC,H,Final,Win,12.0,3.0,잠실,
20200627SSLT0_삼성,2020-06-27,삼성,롯데,A,Final,Win,6.0,1.0,사직,
20200627SSLT0_롯데,2020-06-27,롯데,삼성,H,Final,Loss,1.0,6.0,사직,
20200627LGSK0_LG,2020-06-27,LG,SK,A,Final,Win,3.0,0.0,문학,
20200627LGSK0_SK,2020-06-27,SK,LG,H,Final,Loss,0.0,3.0,문학,
20200627HTWO0_KIA,2020-06-27,KIA,키움,A,Final,Loss,0.0,2.0,고척,
20200627HTWO0_키움,2020-06-27,키움,KIA,H,Final,Win,2.0,0.0,고척,
20200628KTHH0_KT,2020-06-28,KT,한화,A,Final,Win,8.0,4.0,한밭,
20200628KTHH0_한화,2020-06-28,한화,KT,H,Final,Loss,4.0,8.0,한밭,
20200628NCOB0_NC,2020-06-28,NC,두산,A,Final,Win,5.0,0.0,잠실,
20200628NCOB0_두산,2020-06-28,두산,NC,H,Final,Loss,0.0,5.0,잠실,
20200628SSLT0_삼성,2020-06-28,삼성,롯데,A,Final,Loss,3.0,7.0,사직,
20200628SSLT0_롯데,2020-06-28,롯데,삼성,H,Final,Win,7.0,3.0,사직,
20200628LGSK0_LG,2020-06-28,LG,SK,A,Final,Win,4.0,0.0,문학,
20200628LGSK0_SK,2020-06-28,SK,LG,H,Final,Loss,0.0,4.0,문학,
20200628HTWO0_KIA,2020-06-28,KIA,키움,A,Final,Loss,0.0,1.0,고척,
20200628HTWO0_키움,2020-06-28,키움,KIA,H,Final,Win,1.0,0.0,고척,
20200630KTLG0_KT,2020-06-30,KT,LG,A,Final,Loss,3.0,4.0,잠실,
20200630KTLG0_LG,2020-06-30,LG,KT,H,Final,Win,4.0,3.0,잠실,
20200630SKSS0_SK,2020-06-30,SK,삼성,A,Final,Loss,1.0,4.0,대구,
20200630SKSS0_삼성,2020-06-30,삼성,SK,H,Final,Win,4.0,1.0,대구,
20200630LTNC0_롯데,2020-06-30,롯데,NC,A,Final,Win,10.0,8.0,창원,
20200630LTNC0_NC,2020-06-30,NC,롯데,H,Final,Loss,8.0,10.0,창원,
20200630OBWO0_두산,2020-06-30,두산,키움,A,Final,Loss,2.0,11.0,고척,
20200630OBWO0_키움,2020-06-30,키움,두산,H,Final,Win,11.0,2.0,고척,
20200701KTLG0_KT,2020-07-01,KT,LG,A,Final,Win,11.0,5.0,잠실,
20200701KTLG0_LG,2020-07-01,LG,KT,H,Final,Loss,5.0,11.0,잠실,
20200701SKSS0_SK,2020-07-01,SK,삼성,A,Final,Loss,1.0,7.0,대구,
20200701SKSS0_삼성,2020-07-01,삼성,SK,H,Final,Win,7.0,1.0,대구,
20200701HHHT0_한화,2020-07-01,한화,KIA,A,Final,Loss,3.0,4.0,광주,
20200701HHHT0_KIA,2020-07-01,KIA,한화,H,Final,Win,4.0,3.0,광주,
20200701LTNC0_롯데,2020-07-01,롯데,NC,A,Final,Loss,2.0,6.0,창원,
20200701LTNC0_NC,2020-07-01,NC,롯데,H,Final,Win,6.0,2.0,창원,
20200701OBWO0_두산,2020-07-01,두산,키움,A,Final,Win,14.0,5.0,고척,
20200701OBWO0_키움,2020-07-01,키움,두산,H,Final,Loss,5.0,14.0,고척,
20200702KTLG0_KT,2020-07-02,KT,LG,A,Final,Win,4.0,3.0,잠실,
20200702KTLG0_LG,2020-07-02,LG,KT,H,Final,Loss,3.0,4.0,잠실,
20200702SKSS0_SK,2020-07-02,SK,삼성,A,Final,Loss,2.0,6.0,대구,
20200702SKSS0_삼성,2020-07-02,삼성,SK,H,Final,Win,6.0,2.0,대구,
20200702HHHT0_한화,2020-07-02,한화,KIA,A,Final,Loss,1.0,7.0,광주,
20200702HHHT0_KIA,2020-07-02,KIA,한화,H,Final,Win,7.0,1.0,광주,
20200702LTNC0_롯데,2020-07-02,롯데,NC,A,Final,Loss,7.0,9.0,창원,
20200702LTNC0_NC,2020-07-02,NC,롯데,H,Final,Win,9.0,7.0,창원,
20200702OBWO0_두산,2020-07-02,두산,키움,A,Final,Loss,7.0,10.0,고척,
20200702OBWO0_키움,2020-07-02,키움,두산,H,Final,Win,10.0,7.0,고척,
20200703HHOB0_한화,2020-07-03,한화,두산,A,Final,Loss,1.0,2.0,잠실,
20200703HHOB0_두산,2020-07-03,두산,한화,H,Final,Win,2.0,1.0,잠실,
20200703LGSS0_LG,2020-07-03,LG,삼성,A,Final,Loss,7.0,9.0,대구,
20200703LGSS0_삼성,2020-07-03,삼성,LG,H,Final,Win,9.0,7.0,대구,
20200703SKLT0_SK,2020-07-03,SK,롯데,A,Final,Win,7.0,4.0,사직,
20200703SKLT0_롯데,2020-07-03,롯데,SK,H,Final,Loss,4.0,7.0,사직,
20200703WOKT0_키움,2020-07-03,키움,KT,A,Final,Loss,2.0,3.0,수원,
20200703WOKT0_KT,2020-07-03,KT,키움,H,Final,Win,3.0,2.0,수원,
20200703HTNC0_KIA,2020-07-03,KIA,NC,A,Final,Win,8.0,2.0,창원,
20200703HTNC0_NC,2020-07-03,NC,KIA,H,Final,Loss,2.0,8.0,창원,
20200704HHOB0_한화,2020-07-04,한화,두산,A,Final,Win,6.0,2.0,잠실,
20200704HHOB0_두산,2020-07-04,두산,한화,H,Final,Loss,2.0,6.0,잠실,
20200704LGSS0_LG,2020-07-04,LG,삼성,A,Final,Loss,6.0,7.0,대구,
20200704LGSS0_삼성,2020-07-04,삼성,LG,H,Final,Win,7.0,6.0,대구,
20200704SKLT0_SK,2020-07-04,SK,롯데,A,Final,Loss,4.0,10.0,사직,
20200704SKLT0_롯데,2020-07-04,롯데,SK,H,Final,Win,10.0,4.0,사직,
20200704WOKT0_키움,2020-07-04,키움,KT,A,Final,Win,10.0,6.0,수원,
20200704WOKT0_KT,2020-07-04,KT,키움,H,Final,Loss,6.0,10.0,수원,
20200704HTNC0_KIA,2020-07-04,KIA,NC,A,Final,Loss,2.0,9.0,창원,
20200704HTNC0_NC,2020-07-04,NC,KIA,H,Final,Win,9.0,2.0,창원,
20200705HHOB0_한화,2020-07-05,한화,두산,A,Final,Loss,4.0,7.0,잠실,
20200705HHOB0_두산,2020-07-05,두산,한화,H,Final,Win,7.0,4.0,잠실,
20200705LGSS0_LG,2020-07-05,LG,삼성,A,Final,Win,7.0,3.0,대구,
20200705LGSS0_삼성,2020-07-05,삼성,LG,H,Final,Loss,3.0,7.0,대구,
20200705SKLT0_SK,2020-07-05,SK,롯데,A,Final,Win,6.0,3.0,사직,
20200705SKLT0_롯데,2020-07-05,롯데,SK,H,Final,Loss,3.0,6.0,사직,
20200705WOKT0_키움,2020-07-05,키움,KT,A,Final,Loss,5.0,10.0,수원,
20200705WOKT0_KT,2020-07-05,KT,키움,H,Final,Win,10.0,5.0,수원,
20200705HTNC0_KIA,2020-07-05,KIA,NC,A,Final,Loss,6.0,7.0,창원,
20200705HTNC0_NC,2020-07-05,NC,KIA,H,Final,Win,7.0,6.0,창원,
20200707LTHH0_롯데,2020-07-07,롯데,한화,A,Final,Loss,6.0,7.0,한밭,
20200707LTHH0_한화,2020-07-07,한화,롯데,H,Final,Win,7.0,6.0,한밭,
20200707LGOB0_LG,2020-07-07,LG,두산,A,Final,Loss,6.0,9.0,잠실,
20200707LGOB0_두산,2020-07-07,두산,LG,H,Final,Win,9.0,6.0,잠실,
20200707NCSK0_NC,2020-07-07,NC,SK,A,Final,Win,5.0,4.0,문학,
20200707NCSK0_SK,2020-07-07,SK,NC,H,Final,Loss,4.0,5.0,문학,
20200707KTHT0_KT,2020-07-07,KT,KIA,A,Final,Win,8.0,2.0,광주,
20200707KTHT0_KIA,2020-07-07,KIA,KT,H,Final,Loss,2.0,8.0,광주,
20200707SSWO0_삼성,2020-07-07,삼성,키움,A,Final,Win,13.0,2.0,고척,
20200707SSWO0_키움,2020-07-07,키움,삼성,H,Final,Loss,2.0,13.0,고척,
20200708LTHH0_롯데,2020-07-08,롯데,한화,A,Final,Win,6.0,2.0,한밭,
20200708LTHH0_한화,2020-07-08,한화,롯데,H,Final,Loss,2.0,6.0,한밭,
20200708LGOB0_LG,2020-07-08,LG,두산,A,Final,Win,8.0,5.0,잠실,
20200708LGOB0_두산,2020-07-08,두산,LG,H,Final,Loss,5.0,8.0,잠실,
20200708NCSK0_NC,2020-07-08,NC,SK,A,Final,Loss,2.0,3.0,문학,
20200708NCSK0_SK,2020-07-08,SK,NC,H,Final,Win,3.0,2.0,문학,
20200708KTHT0_KT,2020-07-08,KT,KIA,A,Final,Win,7.0,4.0,광주,
20200708KTHT0_KIA,2020-07-08,KIA,KT,H,Final,Loss,4.0,7.0,광주,
20200708SSWO0_삼성,2020-07-08,삼성,키움,A,Final,Loss,6.0,7.0,고척,
20200708SSWO0_키움,2020-07-08,키움,삼성,H,Final,Win,7.0,6.0,고척,
20200709LTHH0_롯데,2020-07-09,롯데,한화,A,Final,Win,5.0,3.0,한밭,
20200709LTHH0_한화,2020-07-09,한화,롯데,H,Final,Loss,3.0,5.0,한밭,
20200709LGOB0_LG,2020-07-09,LG,두산,A,Final,Loss,0.0,6.0,잠실,
20200709LGOB0_두산,2020-07-09,두산,LG,H,Final,Win,6.0,0.0,잠실,
20200709NCSK0_NC,2020-07-09,NC,SK,A,Final,Win,8.0,2.0,문학,
20200709NCSK0_SK,2020-07-09,SK,NC,H,Final,Loss,2.0,8.0,문학,
20200709KTHT0_KT,2020-07-09,KT,KIA,A,Final,Loss,4.0,10.0,광주,
20200709KTHT0_KIA,2020-07-09,KIA,KT,H,Final,Win,10.0,4.0,광주,
20200709SSWO0_삼성,2020-07-09,삼성,키움,A,Final,Loss,2.0,4.0,고척,
20200709SSWO0_키움,2020-07-09,키움,삼성,H,Final,Win,4.0,2.0,고척,
20200710SKHH0_SK,2020-07-10,SK,한화,A,Final,Loss,5.0,6.0,한밭,
20200710SKHH0_한화,2020-07-10,한화,SK,H,Final,Win,6.0,5.0,한밭,
20200710NCLG0_NC,2020-07-10,NC,LG,A,Final,Win,12.0,2.0,잠실,
20200710NCLG0_LG,2020-07-10,LG,NC,H,Final,Loss,2.0,12.0,잠실,
20200710OBLT0_두산,2020-07-10,두산,롯데,A,Final,Win,10.0,5.0,사직,
20200710OBLT0_롯데,2020-07-10,롯데,두산,H,Final,Loss,5.0,10.0,사직,
20200710WOHT0_키움,2020-07-10,키움,KIA,A,Final,Loss,8.0,9.0,광주,
20200710WOHT0_KIA,2020-07-10,KIA,키움,H,Final,Win,9.0,8.0,광주,
20200710SSKT0_삼성,2020-07-10,삼성,KT,A,Final,Loss,3.0,8.0,수원,
20200710SSKT0_KT,2020-07-10,KT,삼성,H,Final,Win,8.0,3.0,수원,
20200711SKHH0_SK,2020-07-11,SK,한화,A,Final,Win,5.0,3.0,한밭,
20200711SKHH0_한화,2020-07-11,한화,SK,H,Final,Loss,3.0,5.0,한밭,
20200711OBLT0_두산,2020-07-11,두산,롯데,A,Final,Loss,4.0,5.0,사직,
20200711OBLT0_롯데,2020-07-11,롯데,두산,H,Final,Win,5.0,4.0,사직,
20200711WOHT0_키움,2020-07-11,키움,KIA,A,Final,Loss,3.0,8.0,광주,
20200711WOHT0_KIA,2020-07-11,KIA,키움,H,Final,Win,8.0,3.0,광주,
20200711SSKT0_삼성,2020-07-11,삼성,KT,A,Final,Loss,7.0,10.0,수원,
20200711SSKT0_KT,2020-07-11,KT,삼성,H,Final,Win,10.0,7.0,수원,
20200713SKHH0_SK,2020-07-13,SK,한화,A,Final,Loss,2.0,4.0,한밭,
20200713SKHH0_한화,2020-07-13,한화,SK,H,Final,Win,4.0,2.0,한밭,
20200713WOHT0_키움,2020-07-13,키움,KIA,A,Final,Loss,3.0,13.0,광주,
20200713WOHT0_KIA,2020-07-13,KIA,키움,H,Final,Win,13.0,3.0,광주,
20200714SKOB0_SK,2020-07-14,SK,두산,A,Final,Win,12.0,7.0,잠실,
20200714SKOB0_두산,2020-07-14,두산,SK,H,Final,Loss,7.0,12.0,잠실,
20200714HTSS0_KIA,2020-07-14,KIA,삼성,A,Final,Loss,0.0,5.0,대구,
20200714HTSS0_삼성,2020-07-14,삼성,KIA,H,Final,Win,5.0,0.0,대구,
20200714LGLT0_LG,2020-07-14,LG,롯데,A,Final,Loss,0.0,5.0,사직,
20200714LGLT0_롯데,2020-07-14,롯데,LG,H,Final,Win,5.0,0.0,사직,
20200714HHKT0_한화,2020-07-14,한화,KT,A,Final,Loss,2.0,7.0,수원,
20200714HHKT0_KT,2020-07-14,KT,한화,H,Final,Win,7.0,2.0,수원,
20200714NCWO0_NC,2020-07-14,NC,키움,A,Final,Loss,1.0,5.0,고척,
20200714NCWO0_키움,2020-07-14,키움,NC,H,Final,Win,5.0,1.0,고척,
20200715SKOB0_SK,2020-07-15,SK,두산,A,Final,Loss,2.0,7.0,잠실,
20200715SKOB0_두산,2020-07-15,두산,SK,H,Final,Win,7.0,2.0,잠실,
20200715HTSS0_KIA,2020-07-15,KIA,삼성,A,Final,Win,5.0,2.0,대구,
20200715HTSS0_삼성,2020-07-15,삼성,KIA,H,Final,Loss,2.0,5.0,대구,
20200715LGLT0_LG,2020-07-15,LG,롯데,A,Final,Win,9.0,3.0,사직,
20200715LGLT0_롯데,2020-07-15,롯데,LG,H,Final,Loss,3.0,9.0,사직,
20200715HHKT0_한화,2020-07-15,한화,KT,A,Final,Win,7.0,3.0,수원,
20200715HHKT0_KT,2020-07-15,KT,한화,H,Final,Loss,3.0,7.0,수원,
20200715NCWO0_NC,2020-07-15,NC,키움,A,Final,Loss,4.0,7.0,고척,
20200715NCWO0_키움,2020-07-15,키움,NC,H,Final,Win,7.0,4.0,고척,
20200716SKOB0_SK,2020-07-16,SK,두산,A,Final,Loss,2.0,4.0,잠실,
20200716SKOB0_두산,2020-07-16,두산,SK,H,Final,Win,4.0,2.0,잠실,
20200716HTSS0_KIA,2020-07-16,KIA,삼성,A,Final,Loss,7.0,8.0,대구,
20200716HTSS0_삼성,2020-07-16,삼성,KIA,H,Final,Win,8.0,7.0,대구,
20200716LGLT0_LG,2020-07-16,LG,롯데,A,Final,Loss,10.0,15.0,사직,
20200716LGLT0_롯데,2020-07-16,롯데,LG,H,Final,Win,15.0,10.0,사직,
20200716HHKT0_한화,2020-07-16,한화,KT,A,Final,Loss,1.0,4.0,수원,
20200716HHKT0_KT,2020-07-16,KT,한화,H,Final,Win,4.0,1.0,수원,
20200716NCWO0_NC,2020-07-16,NC,키움,A,Final,Win,9.0,1.0,고척,
20200716NCWO0_키움,2020-07-16,키움,NC,H,Final,Loss,1.0,9.0,고척,
20200717HHLG0_한화,2020-07-17,한화,LG,A,Final,Loss,0.0,8.0,잠실,
20200717HHLG0_LG,2020-07-17,LG,한화,H,Final,Win,8.0,0.0,잠실,
20200717LTSS0_롯데,2020-07-17,롯데,삼성,A,Final,Loss,10.0,15.0,대구,
20200717LTSS0_삼성,2020-07-17,삼성,롯데,H,Final,Win,15.0,10.0,대구,
20200717WOSK0_키움,2020-07-17,키움,SK,A,Final,Loss,9.0,12.0,문학,
20200717WOSK0_SK,2020-07-17,SK,키움,H,Final,Win,12.0,9.0,문학,
20200717OBHT0_두산,2020-07-17,두산,KIA,A,Final,Loss,2.0,4.0,광주,
20200717OBHT0_KIA,2020-07-17,KIA,두산,H,Final,Win,4.0,2.0,광주,
20200718HHLG0_한화,2020-07-18,한화,LG,A,Final,Loss,1.0,3.0,잠실,
20200718HHLG0_LG,2020-07-18,LG,한화,H,Final,Win,3.0,1.0,잠실,
20200718LTSS0_롯데,2020-07-18,롯데,삼성,A,Final,Loss,2.0,5.0,대구,
20200718LTSS0_삼성,2020-07-18,삼성,롯데,H,Final,Win,5.0,2.0,대구,
20200718WOSK0_키움,2020-07-18,키움,SK,A,Final,Win,4.0,1.0,문학,
20200718WOSK0_SK,2020-07-18,SK,키움,H,Final,Loss,1.0,4.0,문학,
20200718OBHT0_두산,2020-07-18,두산,KIA,A,Final,Win,6.0,0.0,광주,
20200718OBHT0_KIA,2020-07-18,KIA,두산,H,Final,Loss,0.0,6.0,광주,
20200718KTNC0_KT,2020-07-18,KT,NC,A,Final,Loss,1.0,6.0,창원,
20200718KTNC0_NC,2020-07-18,NC,KT,H,Final,Win,6.0,1.0,창원,
20200719HHLG0_한화,2020-07-19,한화,LG,A,Final,Loss,2.0,6.0,잠실,
20200719HHLG0_LG,2020-07-19,LG,한화,H,Final,Win,6.0,2.0,잠실,
20200719LTSS0_롯데,2020-07-19,롯데,삼성,A,Final,Win,2.0,1.0,대구,
20200719LTSS0_삼성,2020-07-19,삼성,롯데,H,Final,Loss,1.0,2.0,대구,
20200719WOSK0_키움,2020-07-19,키움,SK,A,Final,Loss,3.0,4.0,문학,
20200719WOSK0_SK,2020-07-19,SK,키움,H,Final,Win,4.0,3.0,문학,
20200719OBHT0_두산,2020-07-19,두산,KIA,A,Final,Win,8.0,4.0,광주,
20200719OBHT0_KIA,2020-07-19,KIA,두산,H,Final,Loss,4.0,8.0,광주,
20200719KTNC0_KT,2020-07-19,KT,NC,A,Final,Loss,2.0,8.0,창원,
20200719KTNC0_NC,2020-07-19,NC,KT,H,Final,Win,8.0,2.0,창원,
20200721HTHH0_KIA,2020-07-21,KIA,한화,A,Final,Win,10.0,2.0,한밭,
20200721HTHH0_한화,2020-07-21,한화,KIA,H,Final,Loss,2.0,10.0,한밭,
20200721WOOB0_키움,2020-07-21,키움,두산,A,Final,Loss,1.0,6.0,잠실,
20200721WOOB0_두산,2020-07-21,두산,키움,H,Final,Win,6.0,1.0,잠실,
20200721LTSK0_롯데,2020-07-21,롯데,SK,A,Final,Loss,7.0,8.0,문학,
20200721LTSK0_SK,2020-07-21,SK,롯데,H,Final,Win,8.0,7.0,문학,
20200721LGKT0_LG,2020-07-21,LG,KT,A,Final,Loss,9.0,10.0,수원,
20200721LGKT0_KT,2020-07-21,KT,LG,H,Final,Win,10.0,9.0,수원,
20200721SSNC0_삼성,2020-07-21,삼성,NC,A,Final,Loss,5.0,6.0,창원,
20200721SSNC0_NC,2020-07-21,NC,삼성,H,Final,Win,6.0,5.0,창원,
20200722HTHH0_KIA,2020-07-22,KIA,한화,A,Final,Win,2.0,1.0,한밭,
20200722HTHH0_한화,2020-07-22,한화,KIA,H,Final,Loss,1.0,2.0,한밭,
20200724SKHH0_SK,2020-07-24,SK,한화,A,Final,Win,7.0,4.0,한밭,
20200724SKHH0_한화,2020-07-24,한화,SK,H,Final,Loss,4.0,7.0,한밭,
20200724LGOB0_LG,2020-07-24,LG,두산,A,Final,Win,8.0,1.0,잠실,
20200724LGOB0_두산,2020-07-24,두산,LG,H,Final,Loss,1.0,8.0,잠실,
20200724NCKT0_NC,2020-07-24,NC,KT,A,Final,Win,3.0,2.0,수원,
20200724NCKT0_KT,2020-07-24,KT,NC,H,Final,Loss,2.0,3.0,수원,
20200724LTWO0_롯데,2020-07-24,롯데,키움,A,Final,Win,4.0,2.0,고척,
20200724LTWO0_키움,2020-07-24,키움,롯데,H,Final,Loss,2.0,4.0,고척,
20200725LGOB0_LG,2020-07-25,LG,두산,A,Final,Loss,3.0,7.0,잠실,
20200725LGOB0_두산,2020-07-25,두산,LG,H,Final,Win,7.0,3.0,잠실,
20200725SSHT0_삼성,2020-07-25,삼성,KIA,A,Final,Loss,2.0,8.0,광주,
20200725SSHT0_KIA,2020-07-25,KIA,삼성,H,Final,Win,8.0,2.0,광주,
20200725NCKT0_NC,2020-07-25,NC,KT,A,Final,Loss,2.0,6.0,수원,
20200725NCKT0_KT,2020-07-25,KT,NC,H,Final,Win,6.0,2.0,수원,
20200725LTWO0_롯데,2020-07-25,롯데,키움,A,Final,Win,6.0,3.0,고척,
20200725LTWO0_키움,2020-07-25,키움,롯데,H,Final,Loss,3.0,6.0,고척,
20200726SKHH0_SK,2020-07-26,SK,한화,A,Final,Win,7.0,4.0,한밭,
20200726SKHH0_한화,2020-07-26,한화,SK,H,Final,Loss,4.0,7.0,한밭,
20200726LGOB0_LG,2020-07-26,LG,두산,A,Final,Win,4.0,3.0,잠실,
20200726LGOB0_두산,2020-07-26,두산,LG,H,Final,Loss,3.0,4.0,잠실,
20200726SSHT0_삼성,2020-07-26,삼성,KIA,A,Final,Loss,5.0,8.0,광주,
20200726SSHT0_KIA,2020-07-26,KIA,삼성,H,Final,Win,8.0,5.0,광주,
20200726NCKT0_NC,2020-07-26,NC,KT,A,Final,Loss,4.0,5.0,수원,
20200726NCKT0_KT,2020-07-26,KT,NC,H,Final,Win,5.0,4.0,수원,
20200726LTWO0_롯데,2020-07-26,롯데,키움,A,Final,Loss,1.0,8.0,고척,
20200726LTWO0_키움,2020-07-26,키움,롯데,H,Final,Win,8.0,1.0,고척,
20200728WOOB0_키움,2020-07-28,키움,두산,A,Final,Win,6.0,2.0,잠실,
20200728WOOB0_두산,2020-07-28,두산,키움,H,Final,Loss,2.0,6.0,잠실,
20200728NCLT0_NC,2020-07-28,NC,롯데,A,Final,Loss,9.0,11.0,사직,
20200728NCLT0_롯데,2020-07-28,롯데,NC,H,Final,Win,11.0,9.0,사직,
20200728LGSK0_LG,2020-07-28,LG,SK,A,Final,Win,24.0,7.0,문학,
20200728LGSK0_SK,2020-07-28,SK,LG,H,Final,Loss,7.0,24.0,문학,
20200729HHSS0_한화,2020-07-29,한화,삼성,A,Final,Win,12.0,7.0,대구,
20200729HHSS0_삼성,2020-07-29,삼성,한화,H,Final,Loss,7.0,12.0,대구,
20200729LGSK0_LG,2020-07-29,LG,SK,A,Final,Win,11.0,6.0,문학,
20200729LGSK0_SK,2020-07-29,SK,LG,H,Final,Loss,6.0,11.0,문학,
20200730WOOB0_키움,2020-07-30,키움,두산,A,Final,Win,8.0,5.0,잠실,
20200730WOOB0_두산,2020-07-30,두산,키움,H,Final,Loss,5.0,8.0,잠실,
20200730HHSS0_한화,2020-07-30,한화,삼성,A,Final,Loss,1.0,2.0,대구,
20200730HHSS0_삼성,2020-07-30,삼성,한화,H,Final,Win,2.0,1.0,대구,
20200730LGSK0_LG,2020-07-30,LG,SK,A,Final,Win,9.0,1.0,문학,
20200730LGSK0_SK,2020-07-30,SK,LG,H,Final,Loss,1.0,9.0,문학,
20200730KTHT0_KT,2020-07-30,KT,KIA,A,Final,Win,4.0,1.0,광주,
20200730KTHT0_KIA,2020-07-30,KIA,KT,H,Final,Loss,1.0,4.0,광주,
20200731HHLG0_한화,2020-07-31,한화,LG,A,Final,Win,2.0,1.0,잠실,
20200731HHLG0_LG,2020-07-31,LG,한화,H,Final,Loss,1.0,2.0,잠실,
20200731WOSS0_키움,2020-07-31,키움,삼성,A,Final,Win,10.0,3.0,대구,
20200731WOSS0_삼성,2020-07-31,삼성,키움,H,Final,Loss,3.0,10.0,대구,
20200731HTLT0_KIA,2020-07-31,KIA,롯데,A,Final,Win,3.0,2.0,사직,
20200731HTLT0_롯데,2020-07-31,롯데,KIA,H,Final,Loss,2.0,3.0,사직,
20200731SKKT0_SK,2020-07-31,SK,KT,A,Final,Loss,1.0,11.0,수원,
20200731SKKT0_KT,2020-07-31,KT,SK,H,Final,Win,11.0,1.0,수원,
20200731OBNC0_두산,2020-07-31,두산,NC,A,Final,Loss,7.0,10.0,창원,
20200731OBNC0_NC,2020-07-31,NC,두산,H,Final,Win,10.0,7.0,창원,
20200801HHLG0_한화,2020-08-01,한화,LG,A,Final,Loss,6.0,9.0,잠실,
20200801HHLG0_LG,2020-08-01,LG,한화,H,Final,Win,9.0,6.0,잠실,
20200801WOSS0_키움,2020-08-01,키움,삼성,A,Final,Win,22.0,7.0,대구,
20200801WOSS0_삼성,2020-08-01,삼성,키움,H,Final,Loss,7.0,22.0,대구,
20200801HTLT0_KIA,2020-08-01,KIA,롯데,A,Final,Loss,3.0,7.0,사직,
20200801HTLT0_롯데,2020-08-01,롯데,KIA,H,Final,Win,7.0,3.0,사직,
20200801SKKT0_SK,2020-08-01,SK,KT,A,Final,Loss,0.0,11.0,수원,
20200801SKKT0_KT,2020-08-01,KT,SK,H,Final,Win,11.0,0.0,수원,
20200801OBNC0_두산,2020-08-01,두산,NC,A,Final,Win,12.0,10.0,창원,
20200801OBNC0_NC,2020-08-01,NC,두산,H,Final,Loss,10.0,12.0,창원,
20200802WOSS0_키움,2020-08-02,키움,삼성,A,Final,Win,4.0,2.0,대구,
20200802WOSS0_삼성,2020-08-02,삼성,키움,H,Final,Loss,2.0,4.0,대구,
20200802HTLT0_KIA,2020-08-02,KIA,롯데,A,Final,Loss,0.0,8.0,사직,
20200802HTLT0_롯데,2020-08-02,롯데,KIA,H,Final,Win,8.0,0.0,사직,
20200802OBNC0_두산,2020-08-02,두산,NC,A,Final,Win,7.0,4.0,창원,
20200802OBNC0_NC,2020-08-02,NC,두산,H,Final,Loss,4.0,7.0,창원,
20200804SSOB0_삼성,2020-08-04,삼성,두산,A,Final,Win,6.0,3.0,잠실,
20200804SSOB0_두산,2020-08-04,두산,삼성,H,Final,Loss,3.0,6.0,잠실,
20200804LTSK0_롯데,2020-08-04,롯데,SK,A,Final,Win,8.0,0.0,문학,
20200804LTSK0_SK,2020-08-04,SK,롯데,H,Final,Loss,0.0,8.0,문학,
20200804LGHT0_LG,2020-08-04,LG,KIA,A,Final,Win,15.0,5.0,광주,
20200804LGHT0_KIA,2020-08-04,KIA,LG,H,Final,Loss,5.0,15.0,광주,
20200804KTWO0_KT,2020-08-04,KT,키움,A,Final,Win,4.0,2.0,고척,
20200804KTWO0_키움,2020-08-04,키움,KT,H,Final,Loss,2.0,4.0,고척,
20200805NCHH0_NC,2020-08-05,NC,한화,A,Final,Loss,5.0,8.0,한밭,
20200805NCHH0_한화,2020-08-05,한화,NC,H,Final,Win,8.0,5.0,한밭,
20200805LGHT0_LG,2020-08-05,LG,KIA,A,Final,Win,6.0,4.0,광주,
20200805LGHT0_KIA,2020-08-05,KIA,LG,H,Final,Loss,4.0,6.0,광주,
20200805KTWO0_KT,2020-08-05,KT,키움,A,Final,Loss,3.0,12.0,고척,
20200805KTWO0_키움,2020-08-05,키움,KT,H,Final,Win,12.0,3.0,고척,
20200806NCHH0_NC,2020-08-06,NC,한화,A,Final,Win,4.0,1.0,한밭,
20200806NCHH0_한화,2020-08-06,한화,NC,H,Final,Loss,1.0,4.0,한밭,
20200806SSOB0_삼성,2020-08-06,삼성,두산,A,Final,Loss,2.0,5.0,잠실,
20200806SSOB0_두산,2020-08-06,두산,삼성,H,Final,Win,5.0,2.0,잠실,
20200806LTSK0_롯데,2020-08-06,롯데,SK,A,Final,Win,8.0,2.0,문학,
20200806LTSK0_SK,2020-08-06,SK,롯데,H,Final,Loss,2.0,8.0,문학,
20200806LGHT0_LG,2020-08-06,LG,KIA,A,Final,Loss,1.0,13.0,광주,
20200806LGHT0_KIA,2020-08-06,KIA,LG,H,Final,Win,13.0,1.0,광주,
20200806KTWO0_KT,2020-08-06,KT,키움,A,Final,Loss,2.0,3.0,고척,
20200806KTWO0_키움,2020-08-06,키움,KT,H,Final,Win,3.0,2.0,고척,
20200807LTOB0_롯데,2020-08-07,롯데,두산,A,Final,Win,8.0,4.0,잠실,
20200807LTOB0_두산,2020-08-07,두산,롯데,H,Final,Loss,4.0,8.0,잠실,
20200807SSSK0_삼성,2020-08-07,삼성,SK,A,Final,Win,2.0,0.0,문학,
20200807SSSK0_SK,2020-08-07,SK,삼성,H,Final,Loss,0.0,2.0,문학,
20200807LGWO0_LG,2020-08-07,LG,키움,A,Final,Win,5.0,2.0,고척,
20200807LGWO0_키움,2020-08-07,키움,LG,H,Final,Loss,2.0,5.0,고척,
20200808SSSK0_삼성,2020-08-08,삼성,SK,A,Final,Loss,2.0,4.0,문학,
20200808SSSK0_SK,2020-08-08,SK,삼성,H,Final,Win,4.0,2.0,문학,
20200808NCHT0_NC,2020-08-08,NC,KIA,A,Final,Loss,2.0,3.0,광주,
20200808NCHT0_KIA,2020-08-08,KIA,NC,H,Final,Win,3.0,2.0,광주,
20200808LGWO0_LG,2020-08-08,LG,키움,A,Final,Loss,1.0,5.0,고척,
20200808LGWO0_키움,2020-08-08,키움,LG,H,Final,Win,5.0,1.0,고척,
20200809KTHH0_KT,2020-08-09,KT,한화,A,Final,Win,6.0,3.0,한밭,
20200809KTHH0_한화,2020-08-09,한화,KT,H,Final,Loss,3.0,6.0,한밭,
20200809NCHT0_NC,2020-08-09,NC,KIA,A,Final,Win,8.0,1.0,광주,
20200809NCHT0_KIA,2020-08-09,KIA,NC,H,Final,Loss,1.0,8.0,광주,
20200809LGWO0_LG,2020-08-09,LG,키움,A,Final,Loss,1.0,2.0,고척,
20200809LGWO0_키움,2020-08-09,키움,LG,H,Final,Win,2.0,1.0,고척,
20200811HTLG0_KIA,2020-08-11,KIA,LG,A,Final,Win,8.0,4.0,잠실,
20200811HTLG0_LG,2020-08-11,LG,KIA,H,Final,Loss,4.0,8.0,잠실,
20200811OBSS0_두산,2020-08-11,두산,삼성,A,Final,Win,6.0,1.0,대구,
20200811OBSS0_삼성,2020-08-11,삼성,두산,H,Final,Loss,1.0,6.0,대구,
20200811SKKT0_SK,2020-08-11,SK,KT,A,Final,Loss,1.0,6.0,수원,
20200811SKKT0_KT,2020-08-11,KT,SK,H,Final,Win,6.0,1.0,수원,
20200811HHWO0_한화,2020-08-11,한화,키움,A,Final,Win,7.0,5.0,고척,
20200811HHWO0_키움,2020-08-11,키움,한화,H,Final,Loss,5.0,7.0,고척,
20200812HTLG0_KIA,2020-08-12,KIA,LG,A,Final,Loss,0.0,8.0,잠실,
20200812HTLG0_LG,2020-08-12,LG,KIA,H,Final,Win,8.0,0.0,잠실,
20200812OBSS0_두산,2020-08-12,두산,삼성,A,Final,Win,15.0,8.0,대구,
20200812OBSS0_삼성,2020-08-12,삼성,두산,H,Final,Loss,8.0,15.0,대구,
20200812NCLT0_NC,2020-08-12,NC,롯데,A,Final,Loss,4.0,8.0,사직,
20200812NCLT0_롯데,2020-08-12,롯데,NC,H,Final,Win,8.0,4.0,사직,
20200812SKKT0_SK,2020-08-12,SK,KT,A,Final,Win,11.0,2.0,수원,
20200812SKKT0_KT,2020-08-12,KT,SK,H,Final,Loss,2.0,11.0,수원,
20200812HHWO0_한화,2020-08-12,한화,키움,A,Final,Loss,2.0,3.0,고척,
20200812HHWO0_키움,2020-08-12,키움,한화,H,Final,Win,3.0,2.0,고척,
20200813HTLG0_KIA,2020-08-13,KIA,LG,A,Final,Loss,2.0,4.0,잠실,
20200813HTLG0_LG,2020-08-13,LG,KIA,H,Final,Win,4.0,2.0,잠실,
20200813OBSS0_두산,2020-08-13,두산,삼성,A,Final,Loss,2.0,3.0,대구,
20200813OBSS0_삼성,2020-08-13,삼성,두산,H,Final,Win,3.0,2.0,대구,
20200813NCLT0_NC,2020-08-13,NC,롯데,A,Final,Win,9.0,2.0,사직,
20200813NCLT0_롯데,2020-08-13,롯데,NC,H,Final,Loss,2.0,9.0,사직,
20200813SKKT0_SK,2020-08-13,SK,KT,A,Final,Win,10.0,6.0,수원,
20200813SKKT0_KT,2020-08-13,KT,SK,H,Final,Loss,6.0,10.0,수원,
20200813HHWO0_한화,2020-08-13,한화,키움,A,Final,Loss,3.0,6.0,고척,
20200813HHWO0_키움,2020-08-13,키움,한화,H,Final,Win,6.0,3.0,고척,
20200814SSHH0_삼성,2020-08-14,삼성,한화,A,Final,Win,10.0,1.0,한밭,
20200814SSHH0_한화,2020-08-14,한화,삼성,H,Final,Loss,1.0,10.0,한밭,
20200814KTOB0_KT,2020-08-14,KT,두산,A,Final,Win,5.0,3.0,잠실,
20200814KTOB0_두산,2020-08-14,두산,KT,H,Final,Loss,3.0,5.0,잠실,
20200814WOLT0_키움,2020-08-14,키움,롯데,A,Final,Loss,1.0,5.0,사직,
20200814WOLT0_롯데,2020-08-14,롯데,키움,H,Final,Win,5.0,1.0,사직,
20200814SKHT0_SK,2020-08-14,SK,KIA,A,Final,Loss,6.0,7.0,광주,
20200814SKHT0_KIA,2020-08-14,KIA,SK,H,Final,Win,7.0,6.0,광주,
20200814LGNC0_LG,2020-08-14,LG,NC,A,Final,Win,10.0,4.0,창원,
20200814LGNC0_NC,2020-08-14,NC,LG,H,Final,Loss,4.0,10.0,창원,
20200815SSHH0_삼성,2020-08-15,삼성,한화,A,Final,Win,2.0,0.0,한밭,
20200815SSHH0_한화,2020-08-15,한화,삼성,H,Final,Loss,0.0,2.0,한밭,
20200815KTOB0_KT,2020-08-15,KT,두산,A,Final,Loss,5.0,7.0,잠실,
20200815KTOB0_두산,2020-08-15,두산,KT,H,Final,Win,7.0,5.0,잠실,
20200815WOLT0_키움,2020-08-15,키움,롯데,A,Final,Win,3.0,1.0,사직,
20200815WOLT0_롯데,2020-08-15,롯데,키움,H,Final,Loss,1.0,3.0,사직,
20200815SKHT0_SK,2020-08-15,SK,KIA,A,Final,Loss,3.0,10.0,광주,
20200815SKHT0_KIA,2020-08-15,KIA,SK,H,Final,Win,10.0,3.0,광주,
20200815LGNC0_LG,2020-08-15,LG,NC,A,Final,Win,13.0,4.0,창원,
20200815LGNC0_NC,2020-08-15,NC,LG,H,Final,Loss,4.0,13.0,창원,
20200816SSHH0_삼성,2020-08-16,삼성,한화,A,Final,Loss,2.0,3.0,한밭,
20200816SSHH0_한화,2020-08-16,한화,삼성,H,Final,Win,3.0,2.0,한밭,
20200816KTOB0_KT,2020-08-16,KT,두산,A,Final,Win,4.0,1.0,잠실,
20200816KTOB0_두산,2020-08-16,두산,KT,H,Final,Loss,1.0,4.0,잠실,
20200816WOLT0_키움,2020-08-16,키움,롯데,A,Final,Win,6.0,3.0,사직,
20200816WOLT0_롯데,2020-08-16,롯데,키움,H,Final,Loss,3.0,6.0,사직,
20200816SKHT0_SK,2020-08-16,SK,KIA,A,Final,Loss,5.0,8.0,광주,
20200816SKHT0_KIA,2020-08-16,KIA,SK,H,Final,Win,8.0,5.0,광주,
20200816LGNC0_LG,2020-08-16,LG,NC,A,Final,Win,6.0,5.0,창원,
20200816LGNC0_NC,2020-08-16,NC,LG,H,Final,Loss,5.0,6.0,창원,
20200818HTLG0_KIA,2020-08-18,KIA,LG,A,Final,Loss,5.0,6.0,잠실,
20200818HTLG0_LG,2020-08-18,LG,KIA,H,Final,Win,6.0,5.0,잠실,
20200818KTSS0_KT,2020-08-18,KT,삼성,A,Final,Win,6.0,3.0,대구,
20200818KTSS0_삼성,2020-08-18,삼성,KT,H,Final,Loss,3.0,6.0,대구,
20200818OBLT0_두산,2020-08-18,두산,롯데,A,Final,Win,9.0,2.0,사직,
20200818OBLT0_롯데,2020-08-18,롯데,두산,H,Final,Loss,2.0,9.0,사직,
20200818HHSK0_한화,2020-08-18,한화,SK,A,Final,Loss,3.0,9.0,문학,
20200818HHSK0_SK,2020-08-18,SK,한화,H,Final,Win,9.0,3.0,문학,
20200818WONC0_키움,2020-08-18,키움,NC,A,Final,Loss,1.0,5.0,창원,
20200818WONC0_NC,2020-08-18,NC,키움,H,Final,Win,5.0,1.0,창원,
20200819HTLG0_KIA,2020-08-19,KIA,LG,A,Final,Loss,1.0,10.0,잠실,
20200819HTLG0_LG,2020-08-19,LG,KIA,H,Final,Win,10.0,1.0,잠실,
20200819KTSS0_KT,2020-08-19,KT,삼성,A,Final,Win,6.0,4.0,대구,
20200819KTSS0_삼성,2020-08-19,삼성,KT,H,Final,Loss,4.0,6.0,대구,
20200819OBLT0_두산,2020-08-19,두산,롯데,A,Final,Loss,3.0,7.0,사직,
20200819OBLT0_롯데,2020-08-19,롯데,두산,H,Final,Win,7.0,3.0,사직,
20200819HHSK0_한화,2020-08-19,한화,SK,A,Final,Loss,6.0,26.0,문학,
20200819HHSK0_SK,2020-08-19,SK,한화,H,Final,Win,26.0,6.0,문학,
20200819WONC0_키움,2020-08-19,키움,NC,A,Final,Win,6.0,4.0,창원,
20200819WONC0_NC,2020-08-19,NC,키움,H,Final,Loss,4.0,6.0,창원,
20200820KTHH0_KT,2020-08-20,KT,한화,A,Final,Win,3.0,0.0,한밭,
20200820KTHH0_한화,2020-08-20,한화,KT,H,Final,Loss,0.0,3.0,한밭,
20200820LTOB0_롯데,2020-08-20,롯데,두산,A,Final,Win,6.0,5.0,잠실,
20200820LTOB0_두산,2020-08-20,두산,롯데,H,Final,Loss,5.0,6.0,잠실,
20200820SSSK0_삼성,2020-08-20,삼성,SK,A,Final,Win,8.0,3.0,문학,
20200820SSSK0_SK,2020-08-20,SK,삼성,H,Final,Loss,3.0,8.0,문학,
20200820NCHT0_NC,2020-08-20,NC,KIA,A,Final,Win,14.0,2.0,광주,
20200820NCHT0_KIA,2020-08-20,KIA,NC,H,Final,Loss,2.0,14.0,광주,
20200820LGWO0_LG,2020-08-20,LG,키움,A,Final,Loss,5.0,6.0,고척,
20200820LGWO0_키움,2020-08-20,키움,LG,H,Final,Win,6.0,5.0,고척,
20200821KTHH0_KT,2020-08-21,KT,한화,A,Final,Loss,1.0,5.0,한밭,
20200821KTHH0_한화,2020-08-21,한화,KT,H,Final,Win,5.0,1.0,한밭,
20200821LTOB0_롯데,2020-08-21,롯데,두산,A,Final,Loss,0.0,1.0,잠실,
20200821LTOB0_두산,2020-08-21,두산,롯데,H,Final,Win,1.0,0.0,잠실,
20200821SSSK0_삼성,2020-08-21,삼성,SK,A,Final,Loss,6.0,8.0,문학,
20200821SSSK0_SK,2020-08-21,SK,삼성,H,Final,Win,8.0,6.0,문학,
20200821NCHT0_NC,2020-08-21,NC,KIA,A,Final,Win,10.0,4.0,광주,
20200821NCHT0_KIA,2020-08-21,KIA,NC,H,Final,Loss,4.0,10.0,광주,
20200821LGWO0_LG,2020-08-21,LG,키움,A,Final,Win,7.0,3.0,고척,
20200821LGWO0_키움,2020-08-21,키움,LG,H,Final,Loss,3.0,7.0,고척,
20200822LTSS0_롯데,2020-08-22,롯데,삼성,A,Final,Win,5.0,3.0,대구,
20200822LTSS0_삼성,2020-08-22,삼성,롯데,H,Final,Loss,3.0,5.0,대구,
20200822OBSK0_두산,2020-08-22,두산,SK,A,Final,Win,8.0,1.0,문학,
20200822OBSK0_SK,2020-08-22,SK,두산,H,Final,Loss,1.0,8.0,문학,
20200822HTWO0_KIA,2020-08-22,KIA,키움,A,Final,Loss,3.0,4.0,고척,
20200822HTWO0_키움,2020-08-22,키움,KIA,H,Final,Win,4.0,3.0,고척,
20200823HHLG0_한화,2020-08-23,한화,LG,A,Final,Win,4.0,3.0,잠실,
20200823HHLG0_LG,2020-08-23,LG,한화,H,Final,Loss,3.0,4.0,잠실,
20200823LTSS0_롯데,2020-08-23,롯데,삼성,A,Final,Win,11.0,0.0,대구,
20200823LTSS0_삼성,2020-08-23,삼성,롯데,H,Final,Loss,0.0,11.0,대구,
20200823OBSK0_두산,2020-08-23,두산,SK,A,Final,Win,8.0,1.0,문학,
20200823OBSK0_SK,2020-08-23,SK,두산,H,Final,Loss,1.0,8.0,문학,
20200823NCKT0_NC,2020-08-23,NC,KT,A,Final,Loss,1.0,10.0,수원,
20200823NCKT0_KT,2020-08-23,KT,NC,H,Final,Win,10.0,1.0,수원,
20200823HTWO0_KIA,2020-08-23,KIA,키움,A,Final,Win,8.0,7.0,고척,
20200823HTWO0_키움,2020-08-23,키움,KIA,H,Final,Loss,7.0,8.0,고척,
20200824HHLG0_한화,2020-08-24,한화,LG,A,Final,Win,6.0,3.0,잠실,
20200824HHLG0_LG,2020-08-24,LG,한화,H,Final,Loss,3.0,6.0,잠실,
20200824NCKT0_NC,2020-08-24,NC,KT,A,Final,Loss,1.0,8.0,수원,
20200824NCKT0_KT,2020-08-24,KT,NC,H,Final,Win,8.0,1.0,수원,
20200825HTOB0_KIA,2020-08-25,KIA,두산,A,Final,Loss,8.0,10.0,잠실,
20200825HTOB0_두산,2020-08-25,두산,KIA,H,Final,Win,10.0,8.0,잠실,
20200825LGSS0_LG,2020-08-25,LG,삼성,A,Final,Loss,3.0,4.0,대구,
20200825LGSS0_삼성,2020-08-25,삼성,LG,H,Final,Win,4.0,3.0,대구,
20200825SKLT0_SK,2020-08-25,SK,롯데,A,Final,Win,10.0,8.0,사직,
20200825SKLT0_롯데,2020-08-25,롯데,SK,H,Final,Loss,8.0,10.0,사직,
20200825WOKT0_키움,2020-08-25,키움,KT,A,Final,Win,4.0,1.0,수원,
20200825WOKT0_KT,2020-08-25,KT,키움,H,Final,Loss,1.0,4.0,수원,
20200825HHNC0_한화,2020-08-25,한화,NC,A,Final,Loss,3.0,11.0,창원,
20200825HHNC0_NC,2020-08-25,NC,한화,H,Final,Win,11.0,3.0,창원,
20200826HTOB0_KIA,2020-08-26,KIA,두산,A,Final,Win,7.0,5.0,잠실,
20200826HTOB0_두산,2020-08-26,두산,KIA,H,Final,Loss,5.0,7.0,잠실,
20200826LGSS0_LG,2020-08-26,LG,삼성,A,Final,Win,8.0,5.0,대구,
20200826LGSS0_삼성,2020-08-26,삼성,LG,H,Final,Loss,5.0,8.0,대구,
20200826SKLT0_SK,2020-08-26,SK,롯데,A,Final,Loss,1.0,3.0,사직,
20200826SKLT0_롯데,2020-08-26,롯데,SK,H,Final,Win,3.0,1.0,사직,
20200826WOKT0_키움,2020-08-26,키움,KT,A,Final,Loss,5.0,6.0,수원,
20200826WOKT0_KT,2020-08-26,KT,키움,H,Final,Win,6.0,5.0,수원,
20200826HHNC0_한화,2020-08-26,한화,NC,A,Final,Loss,5.0,9.0,창원,
20200826HHNC0_NC,2020-08-26,NC,한화,H,Final,Win,9.0,5.0,창원,
20200827SSHH0_삼성,2020-08-27,삼성,한화,A,Final,Loss,0.0,7.0,한밭,
20200827SSHH0_한화,2020-08-27,한화,삼성,H,Final,Win,7.0,0.0,한밭,
20200827KTLG0_KT,2020-08-27,KT,LG,A,Final,Loss,0.0,2.0,잠실,
20200827KTLG0_LG,2020-08-27,LG,KT,H,Final,Win,2.0,0.0,잠실,
20200827WOLT0_키움,2020-08-27,키움,롯데,A,Final,Win,11.0,6.0,사직,
20200827WOLT0_롯데,2020-08-27,롯데,키움,H,Final,Loss,6.0,11.0,사직,
20200827HTSK0_KIA,2020-08-27,KIA,SK,A,Final,Loss,4.0,10.0,문학,
20200827HTSK0_SK,2020-08-27,SK,KIA,H,Final,Win,10.0,4.0,문학,
20200827OBNC0_두산,2020-08-27,두산,NC,A,Final,Loss,2.0,8.0,창원,
20200827OBNC0_NC,2020-08-27,NC,두산,H,Final,Win,8.0,2.0,창원,
20200828KTLG0_KT,2020-08-28,KT,LG,A,Final,Loss,5.0,6.0,잠실,
20200828KTLG0_LG,2020-08-28,LG,KT,H,Final,Win,6.0,5.0,잠실,
20200828WOLT0_키움,2020-08-28,키움,롯데,A,Final,Win,8.0,4.0,사직,
20200828WOLT0_롯데,2020-08-28,롯데,키움,H,Final,Loss,4.0,8.0,사직,
20200828HTSK0_KIA,2020-08-28,KIA,SK,A,Final,Win,11.0,8.0,문학,
20200828HTSK0_SK,2020-08-28,SK,KIA,H,Final,Loss,8.0,11.0,문학,
20200828OBNC0_두산,2020-08-28,두산,NC,A,Final,Win,11.0,4.0,창원,
20200828OBNC0_NC,2020-08-28,NC,두산,H,Final,Loss,4.0,11.0,창원,
20200829HHLT0_한화,2020-08-29,한화,롯데,A,Final,Loss,7.0,9.0,사직,
20200829HHLT0_롯데,2020-08-29,롯데,한화,H,Final,Win,9.0,7.0,사직,
20200829SKNC0_SK,2020-08-29,SK,NC,A,Final,Loss,5.0,9.0,창원,
20200829SKNC0_NC,2020-08-29,NC,SK,H,Final,Win,9.0,5.0,창원,
20200829SSWO0_삼성,2020-08-29,삼성,키움,A,Final,Win,5.0,4.0,고척,
20200829SSWO0_키움,2020-08-29,키움,삼성,H,Final,Loss,4.0,5.0,고척,
20200830KTHT1_KT,2020-08-30,KT,KIA,A,Final,Win,8.0,5.0,광주,
20200830KTHT1_KIA,2020-08-30,KIA,KT,H,Final,Loss,5.0,8.0,광주,
20200830OBLG0_두산,2020-08-30,두산,LG,A,Final,Loss,1.0,4.0,잠실,
20200830OBLG0_LG,2020-08-30,LG,두산,H,Final,Win,4.0,1.0,잠실,
20200830HHLT0_한화,2020-08-30,한화,롯데,A,Final,Loss,2.0,6.0,사직,
20200830HHLT0_롯데,2020-08-30,롯데,한화,H,Final,Win,6.0,2.0,사직,
20200830SKNC0_SK,2020-08-30,SK,NC,A,Final,Loss,4.0,7.0,창원,
20200830SKNC0_NC,2020-08-30,NC,SK,H,Final,Win,7.0,4.0,창원,
20200830SSWO0_삼성,2020-08-30,삼성,키움,A,Final,Loss,2.0,3.0,고척,
20200830SSWO0_키움,2020-08-30,키움,삼성,H,Final,Win,3.0,2.0,고척,
20200830KTHT2_KT,2020-08-30,KT,KIA,A,Final,Loss,5.0,7.0,광주,
20200830KTHT2_KIA,2020-08-30,KIA,KT,H,Final,Win,7.0,5.0,광주,
20200901HHOB0_한화,2020-09-01,한화,두산,A,Final,Loss,0.0,4.0,잠실,
20200901HHOB0_두산,2020-09-01,두산,한화,H,Final,Win,4.0,0.0,잠실,
20200901LGSK0_LG,2020-09-01,LG,SK,A,Final,Win,13.0,5.0,문학,
20200901LGSK0_SK,2020-09-01,SK,LG,H,Final,Loss,5.0,13.0,문학,
20200901SSHT0_삼성,2020-09-01,삼성,KIA,A,Final,Loss,0.0,6.0,광주,
20200901SSHT0_KIA,2020-09-01,KIA,삼성,H,Final,Win,6.0,0.0,광주,
20200901LTKT0_롯데,2020-09-01,롯데,KT,A,Final,Loss,2.0,11.0,수원,
20200901LTKT0_KT,2020-09-01,KT,롯데,H,Final,Win,11.0,2.0,수원,
20200901NCWO0_NC,2020-09-01,NC,키움,A,Final,Win,5.0,2.0,고척,
20200901NCWO0_키움,2020-09-01,키움,NC,H,Final,Loss,2.0,5.0,고척,
20200902NCWO0_NC,2020-09-02,NC,키움,A,Final,Loss,4.0,6.0,고척,
20200902NCWO0_키움,2020-09-02,키움,NC,H,Final,Win,6.0,4.0,고척,
20200903WOHH0_키움,2020-09-03,키움,한화,A,Final,Win,6.0,5.0,한밭,
20200903WOHH0_한화,2020-09-03,한화,키움,H,Final,Loss,5.0,6.0,한밭,
20200903NCLG0_NC,2020-09-03,NC,LG,A,Final,Loss,5.0,6.0,잠실,
20200903NCLG0_LG,2020-09-03,LG,NC,H,Final,Win,6.0,5.0,잠실,
20200903OBSS0_두산,2020-09-03,두산,삼성,A,Final,Loss,10.0,11.0,대구,
20200903OBSS0_삼성,2020-09-03,삼성,두산,H,Final,Win,11.0,10.0,대구,
20200903HTLT0_KIA,2020-09-03,KIA,롯데,A,Final,Win,4.0,3.0,사직,
20200903HTLT0_롯데,2020-09-03,롯데,KIA,H,Final,Loss,3.0,4.0,사직,
20200903SKKT0_SK,2020-09-03,SK,KT,A,Final,Loss,2.0,6.0,수원,
20200903SKKT0_KT,2020-09-03,KT,SK,H,Final,Win,6.0,2.0,수원,
20200904HTLT2_KIA,2020-09-04,KIA,롯데,A,Final,Win,6.0,3.0,사직,
20200904HTLT2_롯데,2020-09-04,롯데,KIA,H,Final,Loss,3.0,6.0,사직,
20200904SKKT2_SK,2020-09-04,SK,KT,A,Final,Loss,2.0,10.0,수원,
20200904SKKT2_KT,2020-09-04,KT,SK,H,Final,Win,10.0,2.0,수원,
20200904HTLT2_KIA,2020-09-04,KIA,롯데,A,Final,Loss,7.0,9.0,사직,
20200904HTLT2_롯데,2020-09-04,롯데,KIA,H,Final,Win,9.0,7.0,사직,
20200904SKKT2_SK,2020-09-04,SK,KT,A,Final,Loss,5.0,7.0,수원,
20200904SKKT2_KT,2020-09-04,KT,SK,H,Final,Win,7.0,5.0,수원,
20200904WOHH0_키움,2020-09-04,키움,한화,A,Final,Loss,1.0,7.0,한밭,
20200904WOHH0_한화,2020-09-04,한화,키움,H,Final,Win,7.0,1.0,한밭,
20200904OBSS0_두산,2020-09-04,두산,삼성,A,Final,Loss,5.0,12.0,대구,
20200904OBSS0_삼성,2020-09-04,삼성,두산,H,Final,Win,12.0,5.0,대구,
20200905HTHH0_KIA,2020-09-05,KIA,한화,A,Final,Win,5.0,4.0,한밭,
20200905HTHH0_한화,2020-09-05,한화,KIA,H,Final,Loss,4.0,5.0,한밭,
20200905SKOB0_SK,2020-09-05,SK,두산,A,Final,Loss,1.0,5.0,잠실,
20200905SKOB0_두산,2020-09-05,두산,SK,H,Final,Win,5.0,1.0,잠실,
20200905KTWO0_KT,2020-09-05,KT,키움,A,Final,Win,8.0,1.0,고척,
20200905KTWO0_키움,2020-09-05,키움,KT,H,Final,Loss,1.0,8.0,고척,
20200906HTHH0_KIA,2020-09-06,KIA,한화,A,Final,Win,8.0,4.0,한밭,
20200906HTHH0_한화,2020-09-06,한화,KIA,H,Final,Loss,4.0,8.0,한밭,
20200906SKOB0_SK,2020-09-06,SK,두산,A,Final,Loss,0.0,10.0,잠실,
20200906SKOB0_두산,2020-09-06,두산,SK,H,Final,Win,10.0,0.0,잠실,
20200906LGLT0_LG,2020-09-06,LG,롯데,A,Final,Win,7.0,1.0,사직,
20200906LGLT0_롯데,2020-09-06,롯데,LG,H,Final,Loss,1.0,7.0,사직,
20200906KTWO0_KT,2020-09-06,KT,키움,A,Final,Win,8.0,7.0,고척,
20200906KTWO0_키움,2020-09-06,키움,KT,H,Final,Loss,7.0,8.0,고척,
20200906NCSS1_NC,2020-09-06,NC,삼성,A,Final,Loss,3.0,5.0,대구,
20200906NCSS1_삼성,2020-09-06,삼성,NC,H,Final,Win,5.0,3.0,대구,
20200907LGLT0_LG,2020-09-07,LG,롯데,A,Final,Loss,6.0,12.0,사직,
20200907LGLT0_롯데,2020-09-07,롯데,LG,H,Final,Win,12.0,6.0,사직,
20200908KTOB0_KT,2020-09-08,KT,두산,A,Final,Loss,0.0,8.0,잠실,
20200908KTOB0_두산,2020-09-08,두산,KT,H,Final,Win,8.0,0.0,잠실,
20200908HHSS0_한화,2020-09-08,한화,삼성,A,Final,Win,4.0,2.0,대구,
20200908HHSS0_삼성,2020-09-08,삼성,한화,H,Final,Loss,2.0,4.0,대구,
20200908WOSK0_키움,2020-09-08,키움,SK,A,Final,Win,16.0,15.0,문학,
20200908WOSK0_SK,2020-09-08,SK,키움,H,Final,Loss,15.0,16.0,문학,
20200908LGHT0_LG,2020-09-08,LG,KIA,A,Final,Loss,2.0,3.0,광주,
20200908LGHT0_KIA,2020-09-08,KIA,LG,H,Final,Win,3.0,2.0,광주,
20200908LTNC0_롯데,2020-09-08,롯데,NC,A,Final,Loss,2.0,14.0,창원,
20200908LTNC0_NC,2020-09-08,NC,롯데,H,Final,Win,14.0,2.0,창원,
20200909HHSS2_한화,2020-09-09,한화,삼성,A,Final,Win,7.0,0.0,대구,
20200909HHSS2_삼성,2020-09-09,삼성,한화,H,Final,Loss,0.0,7.0,대구,
20200909KTOB0_KT,2020-09-09,KT,두산,A,Final,Win,4.0,2.0,잠실,
20200909KTOB0_두산,2020-09-09,두산,KT,H,Final,Loss,2.0,4.0,잠실,
20200909WOSK0_키움,2020-09-09,키움,SK,A,Final,Win,13.0,4.0,문학,
20200909WOSK0_SK,2020-09-09,SK,키움,H,Final,Loss,4.0,13.0,문학,
20200909LTNC0_롯데,2020-09-09,롯데,NC,A,Final,Win,7.0,5.0,창원,
20200909LTNC0_NC,2020-09-09,NC,롯데,H,Final,Loss,5.0,7.0,창원,
20200910SKHH0_SK,2020-09-10,SK,한화,A,Final,Win,5.0,1.0,한밭,
20200910SKHH0_한화,2020-09-10,한화,SK,H,Final,Loss,1.0,5.0,한밭,
20200910WOLG0_키움,2020-09-10,키움,LG,A,Final,Loss,1.0,6.0,잠실,
20200910WOLG0_LG,2020-09-10,LG,키움,H,Final,Win,6.0,1.0,잠실,
20200910SSLT0_삼성,2020-09-10,삼성,롯데,A,Final,Loss,8.0,13.0,사직,
20200910SSLT0_롯데,2020-09-10,롯데,삼성,H,Final,Win,13.0,8.0,사직,
20200910OBHT0_두산,2020-09-10,두산,KIA,A,Final,Win,5.0,4.0,광주,
20200910OBHT0_KIA,2020-09-10,KIA,두산,H,Final,Loss,4.0,5.0,광주,
20200910KTNC0_KT,2020-09-10,KT,NC,A,Final,Loss,8.0,13.0,창원,
20200910KTNC0_NC,2020-09-10,NC,KT,H,Final,Win,13.0,8.0,창원,
20200911SKHH0_SK,2020-09-11,SK,한화,A,Final,Win,4.0,3.0,한밭,
20200911SKHH0_한화,2020-09-11,한화,SK,H,Final,Loss,3.0,4.0,한밭,
20200911WOLG0_키움,2020-09-11,키움,LG,A,Final,Win,8.0,2.0,잠실,
20200911WOLG0_LG,2020-09-11,LG,키움,H,Final,Loss,2.0,8.0,잠실,
20200911SSLT0_삼성,2020-09-11,삼성,롯데,A,Final,Loss,4.0,12.0,사직,
20200911SSLT0_롯데,2020-09-11,롯데,삼성,H,Final,Win,12.0,4.0,사직,
20200911KTNC0_KT,2020-09-11,KT,NC,A,Final,Loss,1.0,9.0,창원,
20200911KTNC0_NC,2020-09-11,NC,KT,H,Final,Win,9.0,1.0,창원,
20200912SSLG0_삼성,2020-09-12,삼성,LG,A,Final,Win,5.0,1.0,잠실,
20200912SSLG0_LG,2020-09-12,LG,삼성,H,Final,Loss,1.0,5.0,잠실,
20200912LTSK0_롯데,2020-09-12,롯데,SK,A,Final,Loss,1.0,2.0,문학,
20200912LTSK0_SK,2020-09-12,SK,롯데,H,Final,Win,2.0,1.0,문학,
20200912HHKT0_한화,2020-09-12,한화,KT,A,Final,Loss,2.0,5.0,수원,
20200912HHKT0_KT,2020-09-12,KT,한화,H,Final,Win,5.0,2.0,수원,
20200912HTNC0_KIA,2020-09-12,KIA,NC,A,Final,Win,11.0,3.0,창원,
20200912HTNC0_NC,2020-09-12,NC,KIA,H,Final,Loss,3.0,11.0,창원,
20200912OBWO0_두산,2020-09-12,두산,키움,A,Final,Loss,0.0,2.0,고척,
20200912OBWO0_키움,2020-09-12,키움,두산,H,Final,Win,2.0,0.0,고척,
20200913SSLG0_삼성,2020-09-13,삼성,LG,A,Final,Win,11.0,0.0,잠실,
20200913SSLG0_LG,2020-09-13,LG,삼성,H,Final,Loss,0.0,11.0,잠실,
20200913LTSK0_롯데,2020-09-13,롯데,SK,A,Final,Loss,1.0,3.0,문학,
20200913LTSK0_SK,2020-09-13,SK,롯데,H,Final,Win,3.0,1.0,문학,
20200913HHKT0_한화,2020-09-13,한화,KT,A,Final,Loss,4.0,5.0,수원,
20200913HHKT0_KT,2020-09-13,KT,한화,H,Final,Win,5.0,4.0,수원,
20200913HTNC0_KIA,2020-09-13,KIA,NC,A,Final,Win,4.0,3.0,창원,
20200913HTNC0_NC,2020-09-13,NC,KIA,H,Final,Loss,3.0,4.0,창원,
20200915LGHH0_LG,2020-09-15,LG,한화,A,Final,Loss,5.0,6.0,한밭,
20200915LGHH0_한화,2020-09-15,한화,LG,H,Final,Win,6.0,5.0,한밭,
20200915NCOB0_NC,2020-09-15,NC,두산,A,Final,Loss,3.0,7.0,잠실,
20200915NCOB0_두산,2020-09-15,두산,NC,H,Final,Win,7.0,3.0,잠실,
20200915SKHT0_SK,2020-09-15,SK,KIA,A,Final,Win,16.0,1.0,광주,
20200915SKHT0_KIA,2020-09-15,KIA,SK,H,Final,Loss,1.0,16.0,광주,
20200915SSKT0_삼성,2020-09-15,삼성,KT,A,Final,Win,7.0,0.0,수원,
20200915SSKT0_KT,2020-09-15,KT,삼성,H,Final,Loss,0.0,7.0,수원,
20200915LTWO0_롯데,2020-09-15,롯데,키움,A,Final,Win,8.0,5.0,고척,
20200915LTWO0_키움,2020-09-15,키움,롯데,H,Final,Loss,5.0,8.0,고척,
20200916LGHH0_LG,2020-09-16,LG,한화,A,Final,Win,11.0,5.0,한밭,
20200916LGHH0_한화,2020-09-16,한화,LG,H,Final,Loss,5.0,11.0,한밭,
20200916NCOB0_NC,2020-09-16,NC,두산,A,Final,Win,5.0,3.0,잠실,
20200916NCOB0_두산,2020-09-16,두산,NC,H,Final,Loss,3.0,5.0,잠실,
20200916SKHT0_SK,2020-09-16,SK,KIA,A,Final,Win,7.0,6.0,광주,
20200916SKHT0_KIA,2020-09-16,KIA,SK,H,Final,Loss,6.0,7.0,광주,
20200916SSKT0_삼성,2020-09-16,삼성,KT,A,Final,Loss,6.0,11.0,수원,
20200916SSKT0_KT,2020-09-16,KT,삼성,H,Final,Win,11.0,6.0,수원,
20200916LTWO0_롯데,2020-09-16,롯데,키움,A,Final,Win,8.0,2.0,고척,
20200916LTWO0_키움,2020-09-16,키움,롯데,H,Final,Loss,2.0,8.0,고척,
20200917LTLG0_롯데,2020-09-17,롯데,LG,A,Final,Loss,1.0,9.0,잠실,
20200917LTLG0_LG,2020-09-17,LG,롯데,H,Final,Win,9.0,1.0,잠실,
20200917HTSS0_KIA,2020-09-17,KIA,삼성,A,Final,Win,12.0,2.0,대구,
20200917HTSS0_삼성,2020-09-17,삼성,KIA,H,Final,Loss,2.0,12.0,대구,
20200917NCSK0_NC,2020-09-17,NC,SK,A,Final,Win,3.0,0.0,문학,
20200917NCSK0_SK,2020-09-17,SK,NC,H,Final,Loss,0.0,3.0,문학,
20200917OBKT0_두산,2020-09-17,두산,KT,A,Final,Loss,0.0,3.0,수원,
20200917OBKT0_KT,2020-09-17,KT,두산,H,Final,Win,3.0,0.0,수원,
20200917HHWO0_한화,2020-09-17,한화,키움,A,Final,Loss,2.0,5.0,고척,
20200917HHWO0_키움,2020-09-17,키움,한화,H,Final,Win,5.0,2.0,고척,
20200918LTLG0_롯데,2020-09-18,롯데,LG,A,Final,Win,5.0,3.0,잠실,
20200918LTLG0_LG,2020-09-18,LG,롯데,H,Final,Loss,3.0,5.0,잠실,
20200918HTSS0_KIA,2020-09-18,KIA,삼성,A,Final,Win,13.0,5.0,대구,
20200918HTSS0_삼성,2020-09-18,삼성,KIA,H,Final,Loss,5.0,13.0,대구,
20200918NCSK0_NC,2020-09-18,NC,SK,A,Final,Win,9.0,5.0,문학,
20200918NCSK0_SK,2020-09-18,SK,NC,H,Final,Loss,5.0,9.0,문학,
20200918OBKT0_두산,2020-09-18,두산,KT,A,Final,Loss,4.0,5.0,수원,
20200918OBKT0_KT,2020-09-18,KT,두산,H,Final,Win,5.0,4.0,수원,
20200918HHWO0_한화,2020-09-18,한화,키움,A,Final,Win,2.0,0.0,고척,
20200918HHWO0_키움,2020-09-18,키움,한화,H,Final,Loss,0.0,2.0,고척,
20200919LGOB0_LG,2020-09-19,LG,두산,A,Final,Win,9.0,6.0,잠실,
20200919LGOB0_두산,2020-09-19,두산,LG,H,Final,Loss,6.0,9.0,잠실,
20200919WOSS0_키움,2020-09-19,키움,삼성,A,Final,Win,8.0,7.0,대구,
20200919WOSS0_삼성,2020-09-19,삼성,키움,H,Final,Loss,7.0,8.0,대구,
20200919NCLT0_NC,2020-09-19,NC,롯데,A,Final,Loss,1.0,5.0,사직,
20200919NCLT0_롯데,2020-09-19,롯데,NC,H,Final,Win,5.0,1.0,사직,
20200919KTSK0_KT,2020-09-19,KT,SK,A,Final,Win,5.0,0.0,문학,
20200919KTSK0_SK,2020-09-19,SK,KT,H,Final,Loss,0.0,5.0,문학,
20200919HHHT0_한화,2020-09-19,한화,KIA,A,Final,Loss,0.0,8.0,광주,
20200919HHHT0_KIA,2020-09-19,KIA,한화,H,Final,Win,8.0,0.0,광주,
20200920LGOB0_LG,2020-09-20,LG,두산,A,Final,Loss,5.0,6.0,잠실,
20200920LGOB0_두산,2020-09-20,두산,LG,H,Final,Win,6.0,5.0,잠실,
20200920WOSS0_키움,2020-09-20,키움,삼성,A,Final,Loss,6.0,14.0,대구,
20200920WOSS0_삼성,2020-09-20,삼성,키움,H,Final,Win,14.0,6.0,대구,
20200920KTSK0_KT,2020-09-20,KT,SK,A,Final,Win,10.0,2.0,문학,
20200920KTSK0_SK,2020-09-20,SK,KT,H,Final,Loss,2.0,10.0,문학,
20200920HHHT0_한화,2020-09-20,한화,KIA,A,Final,Win,11.0,3.0,광주,
20200920HHHT0_KIA,2020-09-20,KIA,한화,H,Final,Loss,3.0,11.0,광주,
20200920NCLT1_NC,2020-09-20,NC,롯데,A,Final,Win,7.0,2.0,사직,
20200920NCLT1_롯데,2020-09-20,롯데,NC,H,Final,Loss,2.0,7.0,사직,
20200920NCLT2_NC,2020-09-20,NC,롯데,A,Final,Win,6.0,2.0,사직,
20200920NCLT2_롯데,2020-09-20,롯데,NC,H,Final,Loss,2.0,6.0,사직,
20200922OBHH0_두산,2020-09-22,두산,한화,A,Final,Loss,1.0,5.0,한밭,
20200922OBHH0_한화,2020-09-22,한화,두산,H,Final,Win,5.0,1.0,한밭,
20200922SKLG0_SK,2020-09-22,SK,LG,A,Final,Loss,2.0,7.0,잠실,
20200922SKLG0_LG,2020-09-22,LG,SK,H,Final,Win,7.0,2.0,잠실,
20200922KTLT0_KT,2020-09-22,KT,롯데,A,Final,Loss,0.0,8.0,사직,
20200922KTLT0_롯데,2020-09-22,롯데,KT,H,Final,Win,8.0,0.0,사직,
20200922WOHT0_키움,2020-09-22,키움,KIA,A,Final,Win,2.0,0.0,광주,
20200922WOHT0_KIA,2020-09-22,KIA,키움,H,Final,Loss,0.0,2.0,광주,
20200922SSNC0_삼성,2020-09-22,삼성,NC,A,Final,Loss,2.0,3.0,창원,
20200922SSNC0_NC,2020-09-22,NC,삼성,H,Final,Win,3.0,2.0,창원,
20200923OBHH0_두산,2020-09-23,두산,한화,A,Final,Loss,5.0,6.0,한밭,
20200923OBHH0_한화,2020-09-23,한화,두산,H,Final,Win,6.0,5.0,한밭,
20200923SKLG0_SK,2020-09-23,SK,LG,A,Final,Loss,2.0,6.0,잠실,
20200923SKLG0_LG,2020-09-23,LG,SK,H,Final,Win,6.0,2.0,잠실,
20200923KTLT0_KT,2020-09-23,KT,롯데,A,Final,Win,10.0,5.0,사직,
20200923KTLT0_롯데,2020-09-23,롯데,KT,H,Final,Loss,5.0,10.0,사직,
20200923WOHT0_키움,2020-09-23,키움,KIA,A,Final,Win,13.0,1.0,광주,
20200923WOHT0_KIA,2020-09-23,KIA,키움,H,Final,Loss,1.0,13.0,광주,
20200923SSNC0_삼성,2020-09-23,삼성,NC,A,Final,Loss,7.0,8.0,창원,
20200923SSNC0_NC,2020-09-23,NC,삼성,H,Final,Win,8.0,7.0,창원,
20200924LTHH0_롯데,2020-09-24,롯데,한화,A,Final,Loss,4.0,7.0,한밭,
20200924LTHH0_한화,2020-09-24,한화,롯데,H,Final,Win,7.0,4.0,한밭,
20200924SSOB0_삼성,2020-09-24,삼성,두산,A,Final,Loss,0.0,1.0,잠실,
20200924SSOB0_두산,2020-09-24,두산,삼성,H,Final,Win,1.0,0.0,잠실,
20200924HTKT0_KIA,2020-09-24,KIA,KT,A,Final,Win,5.0,3.0,수원,
20200924HTKT0_KT,2020-09-24,KT,KIA,H,Final,Loss,3.0,5.0,수원,
20200924LGNC0_LG,2020-09-24,LG,NC,A,Final,Loss,8.0,12.0,창원,
20200924LGNC0_NC,2020-09-24,NC,LG,H,Final,Win,12.0,8.0,창원,
20200924SKWO0_SK,2020-09-24,SK,키움,A,Final,Loss,1.0,6.0,고척,
20200924SKWO0_키움,2020-09-24,키움,SK,H,Final,Win,6.0,1.0,고척,
20200925LTHH0_롯데,2020-09-25,롯데,한화,A,Final,Loss,5.0,6.0,한밭,
20200925LTHH0_한화,2020-09-25,한화,롯데,H,Final,Win,6.0,5.0,한밭,
20200925SSOB0_삼성,2020-09-25,삼성,두산,A,Final,Win,4.0,3.0,잠실,
20200925SSOB0_두산,2020-09-25,두산,삼성,H,Final,Loss,3.0,4.0,잠실,
20200925HTKT0_KIA,2020-09-25,KIA,KT,A,Final,Loss,3.0,7.0,수원,
20200925HTKT0_KT,2020-09-25,KT,KIA,H,Final,Win,7.0,3.0,수원,
20200925LGNC0_LG,2020-09-25,LG,NC,A,Final,Loss,1.0,7.0,창원,
20200925LGNC0_NC,2020-09-25,NC,LG,H,Final,Win,7.0,1.0,창원,
20200925SKWO0_SK,2020-09-25,SK,키움,A,Final,Win,8.0,6.0,고척,
20200925SKWO0_키움,2020-09-25,키움,SK,H,Final,Loss,6.0,8.0,고척,
20200926NCHH0_NC,2020-09-26,NC,한화,A,Final,Win,13.0,1.0,한밭,
20200926NCHH0_한화,2020-09-26,한화,NC,H,Final,Loss,1.0,13.0,한밭,
20200926WOOB0_키움,2020-09-26,키움,두산,A,Final,Loss,0.0,4.0,잠실,
20200926WOOB0_두산,2020-09-26,두산,키움,H,Final,Win,4.0,0.0,잠실,
20200926SKSS0_SK,2020-09-26,SK,삼성,A,Final,Loss,2.0,8.0,대구,
20200926SKSS0_삼성,2020-09-26,삼성,SK,H,Final,Win,8.0,2.0,대구,
20200926LTHT0_롯데,2020-09-26,롯데,KIA,A,Final,Win,16.0,3.0,광주,
20200926LTHT0_KIA,2020-09-26,KIA,롯데,H,Final,Loss,3.0,16.0,광주,
20200926LGKT0_LG,2020-09-26,LG,KT,A,Final,Win,3.0,1.0,수원,
20200926LGKT0_KT,2020-09-26,KT,LG,H,Final,Loss,1.0,3.0,수원,
20200927NCHH0_NC,2020-09-27,NC,한화,A,Final,Win,5.0,4.0,한밭,
20200927NCHH0_한화,2020-09-27,한화,NC,H,Final,Loss,4.0,5.0,한밭,
20200927SKSS0_SK,2020-09-27,SK,삼성,A,Final,Win,12.0,1.0,대구,
20200927SKSS0_삼성,2020-09-27,삼성,SK,H,Final,Loss,1.0,12.0,대구,
20200927LTHT0_롯데,2020-09-27,롯데,KIA,A,Final,Loss,1.0,2.0,광주,
20200927LTHT0_KIA,2020-09-27,KIA,롯데,H,Final,Win,2.0,1.0,광주,
20200927LGKT0_LG,2020-09-27,LG,KT,A,Final,Loss,4.0,5.0,수원,
20200927LGKT0_KT,2020-09-27,KT,LG,H,Final,Win,5.0,4.0,수원,
20200927WOOB1_키움,2020-09-27,키움,두산,A,Final,Win,7.0,3.0,잠실,
20200927WOOB1_두산,2020-09-27,두산,키움,H,Final,Loss,3.0,7.0,잠실,
20200927WOOB2_키움,2020-09-27,키움,두산,A,Final,Loss,1.0,6.0,잠실,
20200927WOOB2_두산,2020-09-27,두산,키움,H,Final,Win,6.0,1.0,잠실,
20200929OBHH0_두산,2020-09-29,두산,한화,A,Final,Win,7.0,3.0,한밭,
20200929OBHH0_한화,2020-09-29,한화,두산,H,Final,Loss,3.0,7.0,한밭,
20200929LTLG0_롯데,2020-09-29,롯데,LG,A,Final,Win,8.0,5.0,잠실,
20200929LTLG0_LG,2020-09-29,LG,롯데,H,Final,Loss,5.0,8.0,잠실,
20200929KTSS0_KT,2020-09-29,KT,삼성,A,Final,Win,4.0,1.0,대구,
20200929KTSS0_삼성,2020-09-29,삼성,KT,H,Final,Loss,1.0,4.0,대구,
20200929SKNC0_SK,2020-09-29,SK,NC,A,Final,Loss,0.0,3.0,창원,
20200929SKNC0_NC,2020-09-29,NC,SK,H,Final,Win,3.0,0.0,창원,
20200929HTWO0_KIA,2020-09-29,KIA,키움,A,Final,Win,10.0,6.0,고척,
20200929HTWO0_키움,2020-09-29,키움,KIA,H,Final,Loss,6.0,10.0,고척,
20200930OBHH0_두산,2020-09-30,두산,한화,A,Final,Loss,0.0,10.0,한밭,
20200930OBHH0_한화,2020-09-30,한화,두산,H,Final,Win,10.0,0.0,한밭,
20200930LTLG0_롯데,2020-09-30,롯데,LG,A,Final,Loss,3.0,5.0,잠실,
20200930LTLG0_LG,2020-09-30,LG,롯데,H,Final,Win,5.0,3.0,잠실,
20200930KTSS0_KT,2020-09-30,KT,삼성,A,Final,Win,5.0,3.0,대구,
20200930KTSS0_삼성,2020-09-30,삼성,KT,H,Final,Loss,3.0,5.0,대구,
20200930SKNC0_SK,2020-09-30,SK,NC,A,Final,Loss,3.0,12.0,창원,
20200930SKNC0_NC,2020-09-30,NC,SK,H,Final,Win,12.0,3.0,창원,
20200930HTWO0_KIA,2020-09-30,KIA,키움,A,Final,Win,3.0,2.0,고척,
20200930HTWO0_키움,2020-09-30,키움,KIA,H,Final,Loss,2.0,3.0,고척,
20201001OBHH0_두산,2020-10-01,두산,한화,A,Final,Loss,4.0,12.0,한밭,
20201001OBHH0_한화,2020-10-01,한화,두산,H,Final,Win,12.0,4.0,한밭,
20201001LTLG0_롯데,2020-10-01,롯데,LG,A,Final,Win,3.0,2.0,잠실,
20201001LTLG0_LG,2020-10-01,LG,롯데,H,Final,Loss,2.0,3.0,잠실,
20201001KTSS0_KT,2020-10-01,KT,삼성,A,Final,Loss,6.0,7.0,대구,
20201001KTSS0_삼성,2020-10-01,삼성,KT,H,Final,Win,7.0,6.0,대구,
20201001SKNC0_SK,2020-10-01,SK,NC,A,Final,Loss,2.0,10.0,창원,
20201001SKNC0_NC,2020-10-01,NC,SK,H,Final,Win,10.0,2.0,창원,
20201001HTWO0_KIA,2020-10-01,KIA,키움,A,Final,Win,3.0,1.0,고척,
20201001HTWO0_키움,2020-10-01,키움,KIA,H,Final,Loss,1.0,3.0,고척,
20201002HTOB0_KIA,2020-10-02,KIA,두산,A,Final,Loss,3.0,14.0,잠실,
20201002HTOB0_두산,2020-10-02,두산,KIA,H,Final,Win,14.0,3.0,잠실,
20201002HHLT0_한화,2020-10-02,한화,롯데,A,Final,Loss,1.0,4.0,사직,
20201002HHLT0_롯데,2020-10-02,롯데,한화,H,Final,Win,4.0,1.0,사직,
20201002WOSK0_키움,2020-10-02,키움,SK,A,Final,Win,12.0,5.0,문학,
20201002WOSK0_SK,2020-10-02,SK,키움,H,Final,Loss,5.0,12.0,문학,
20201002LGKT0_LG,2020-10-02,LG,KT,A,Final,Loss,2.0,5.0,수원,
20201002LGKT0_KT,2020-10-02,KT,LG,H,Final,Win,5.0,2.0,수원,
20201002SSNC0_삼성,2020-10-02,삼성,NC,A,Final,Win,8.0,2.0,창원,
20201002SSNC0_NC,2020-10-02,NC,삼성,H,Final,Loss,2.0,8.0,창원,
20201003HTOB0_KIA,2020-10-03,KIA,두산,A,Final,Loss,2.0,7.0,잠실,
20201003HTOB0_두산,2020-10-03,두산,KIA,H,Final,Win,7.0,2.0,잠실,
20201003HHLT0_한화,2020-10-03,한화,롯데,A,Final,Loss,0.0,10.0,사직,
20201003HHLT0_롯데,2020-10-03,롯데,한화,H,Final,Win,10.0,0.0,사직,
20201003WOSK0_키움,2020-10-03,키움,SK,A,Final,Loss,3.0,9.0,문학,
20201003WOSK0_SK,2020-10-03,SK,키움,H,Final,Win,9.0,3.0,문학,
20201003LGKT2_LG,2020-10-03,LG,KT,A,Final,Win,7.0,2.0,수원,
20201003LGKT2_KT,2020-10-03,KT,LG,H,Final,Loss,2.0,7.0,수원,
20201003LGKT2_LG,2020-10-03,LG,KT,A,Final,Loss,2.0,12.0,수원,
20201003LGKT2_KT,2020-10-03,KT,LG,H,Final,Win,12.0,2.0,수원,
20201003SSNC2_삼성,2020-10-03,삼성,NC,A,Final,Loss,2.0,12.0,창원,
20201003SSNC2_NC,2020-10-03,NC,삼성,H,Final,Win,12.0,2.0,창원,
20201004HTOB0_KIA,2020-10-04,KIA,두산,A,Final,Loss,1.0,7.0,잠실,
20201004HTOB0_두산,2020-10-04,두산,KIA,H,Final,Win,7.0,1.0,잠실,
20201004HHLT0_한화,2020-10-04,한화,롯데,A,Final,Loss,5.0,14.0,사직,
20201004HHLT0_롯데,2020-10-04,롯데,한화,H,Final,Win,14.0,5.0,사직,
20201004WOSK0_키움,2020-10-04,키움,SK,A,Final,Loss,0.0,6.0,문학,
20201004WOSK0_SK,2020-10-04,SK,키움,H,Final,Win,6.0,0.0,문학,
20201004LGKT0_LG,2020-10-04,LG,KT,A,Final,Win,13.0,8.0,수원,
20201004LGKT0_KT,2020-10-04,KT,LG,H,Final,Loss,8.0,13.0,수원,
20201004SSNC0_삼성,2020-10-04,삼성,NC,A,Final,Loss,1.0,4.0,창원,
20201004SSNC0_NC,2020-10-04,NC,삼성,H,Final,Win,4.0,1.0,창원,
20201006SSLG0_삼성,2020-10-06,삼성,LG,A,Final,Win,3.0,2.0,잠실,
20201006SSLG0_LG,2020-10-06,LG,삼성,H,Final,Loss,2.0,3.0,잠실,
20201006KTLT0_KT,2020-10-06,KT,롯데,A,Final,Loss,9.0,10.0,사직,
20201006KTLT0_롯데,2020-10-06,롯데,KT,H,Final,Win,10.0,9.0,사직,
20201006OBSK0_두산,2020-10-06,두산,SK,A,Final,Win,9.0,4.0,문학,
20201006OBSK0_SK,2020-10-06,SK,두산,H,Final,Loss,4.0,9.0,문학,
20201006HHHT0_한화,2020-10-06,한화,KIA,A,Final,Win,3.0,2.0,광주,
20201006HHHT0_KIA,2020-10-06,KIA,한화,H,Final,Loss,2.0,3.0,광주,
20201006NCWO0_NC,2020-10-06,NC,키움,A,Final,Loss,1.0,2.0,고척,
20201006NCWO0_키움,2020-10-06,키움,NC,H,Final,Win,2.0,1.0,고척,
20201007HHHT1_한화,2020-10-07,한화,KIA,A,Final,Loss,4.0,6.0,광주,
20201007HHHT1_KIA,2020-10-07,KIA,한화,H,Final,Win,6.0,4.0,광주,
20201007HHHT2_한화,2020-10-07,한화,KIA,A,Final,Win,5.0,0.0,광주,
20201007HHHT2_KIA,2020-10-07,KIA,한화,H,Final,Loss,0.0,5.0,광주,
20201007SSLG0_삼성,2020-10-07,삼성,LG,A,Final,Loss,1.0,3.0,잠실,
20201007SSLG0_LG,2020-10-07,LG,삼성,H,Final,Win,3.0,1.0,잠실,
20201007KTLT0_KT,2020-10-07,KT,롯데,A,Final,Win,9.0,6.0,사직,
20201007KTLT0_롯데,2020-10-07,롯데,KT,H,Final,Loss,6.0,9.0,사직,
20201007OBSK0_두산,2020-10-07,두산,SK,A,Final,Loss,4.0,5.0,문학,
20201007OBSK0_SK,2020-10-07,SK,두산,H,Final,Win,5.0,4.0,문학,
20201007NCWO0_NC,2020-10-07,NC,키움,A,Final,Win,4.0,3.0,고척,
20201007NCWO0_키움,2020-10-07,키움,NC,H,Final,Loss,3.0,4.0,고척,
20201008SSLG0_삼성,2020-10-08,삼성,LG,A,Final,Loss,0.0,1.0,잠실,
20201008SSLG0_LG,2020-10-08,LG,삼성,H,Final,Win,1.0,0.0,잠실,
20201008KTLT0_KT,2020-10-08,KT,롯데,A,Final,Win,6.0,5.0,사직,
20201008KTLT0_롯데,2020-10-08,롯데,KT,H,Final,Loss,5.0,6.0,사직,
20201008OBSK0_두산,2020-10-08,두산,SK,A,Final,Win,10.0,0.0,문학,
20201008OBSK0_SK,2020-10-08,SK,두산,H,Final,Loss,0.0,10.0,문학,
20201008HHHT0_한화,2020-10-08,한화,KIA,A,Final,Win,13.0,6.0,광주,
20201008HHHT0_KIA,2020-10-08,KIA,한화,H,Final,Loss,6.0,13.0,광주,
20201008NCWO0_NC,2020-10-08,NC,키움,A,Final,Loss,7.0,10.0,고척,
20201008NCWO0_키움,2020-10-08,키움,NC,H,Final,Win,10.0,7.0,고척,
20201009WOHH0_키움,2020-10-09,키움,한화,A,Final,Loss,6.0,7.0,한밭,
20201009WOHH0_한화,2020-10-09,한화,키움,H,Final,Win,7.0,6.0,한밭,
20201009NCLG0_NC,2020-10-09,NC,LG,A,Final,Loss,0.0,4.0,잠실,
20201009NCLG0_LG,2020-10-09,LG,NC,H,Final,Win,4.0,0.0,잠실,
20201009LTSS0_롯데,2020-10-09,롯데,삼성,A,Final,Loss,3.0,7.0,대구,
20201009LTSS0_삼성,2020-10-09,삼성,롯데,H,Final,Win,7.0,3.0,대구,
20201009SKHT0_SK,2020-10-09,SK,KIA,A,Final,Loss,3.0,5.0,광주,
20201009SKHT0_KIA,2020-10-09,KIA,SK,H,Final,Win,5.0,3.0,광주,
20201009OBKT0_두산,2020-10-09,두산,KT,A,Final,Win,4.0,0.0,수원,
20201009OBKT0_KT,2020-10-09,KT,두산,H,Final,Loss,0.0,4.0,수원,
20201010NCLG1_NC,2020-10-10,NC,LG,A,Final,Loss,0.0,5.0,잠실,
20201010NCLG1_LG,2020-10-10,LG,NC,H,Final,Win,5.0,0.0,잠실,
20201010WOHH0_키움,2020-10-10,키움,한화,A,Final,Win,3.0,0.0,한밭,
20201010WOHH0_한화,2020-10-10,한화,키움,H,Final,Loss,0.0,3.0,한밭,
20201010LTSS0_롯데,2020-10-10,롯데,삼성,A,Final,Win,1.0,0.0,대구,
20201010LTSS0_삼성,2020-10-10,삼성,롯데,H,Final,Loss,0.0,1.0,대구,
20201010SKHT0_SK,2020-10-10,SK,KIA,A,Final,Win,2.0,1.0,광주,
20201010SKHT0_KIA,2020-10-10,KIA,SK,H,Final,Loss,1.0,2.0,광주,
20201010OBKT0_두산,2020-10-10,두산,KT,A,Final,Win,13.0,8.0,수원,
20201010OBKT0_KT,2020-10-10,KT,두산,H,Final,Loss,8.0,13.0,수원,
20201010NCLG2_NC,2020-10-10,NC,LG,A,Final,Loss,5.0,9.0,잠실,
20201010NCLG2_LG,2020-10-10,LG,NC,H,Final,Win,9.0,5.0,잠실,
20201011WOHH0_키움,2020-10-11,키움,한화,A,Final,Loss,3.0,9.0,한밭,
20201011WOHH0_한화,2020-10-11,한화,키움,H,Final,Win,9.0,3.0,한밭,
20201011NCLG0_NC,2020-10-11,NC,LG,A,Final,Loss,3.0,7.0,잠실,
20201011NCLG0_LG,2020-10-11,LG,NC,H,Final,Win,7.0,3.0,잠실,
20201011LTSS0_롯데,2020-10-11,롯데,삼성,A,Final,Loss,4.0,8.0,대구,
20201011LTSS0_삼성,2020-10-11,삼성,롯데,H,Final,Win,8.0,4.0,대구,
20201011SKHT0_SK,2020-10-11,SK,KIA,A,Final,Win,9.0,5.0,광주,
20201011SKHT0_KIA,2020-10-11,KIA,SK,H,Final,Loss,5.0,9.0,광주,
20201011OBKT0_두산,2020-10-11,두산,KT,A,Final,Loss,4.0,5.0,수원,
20201011OBKT0_KT,2020-10-11,KT,두산,H,Final,Win,5.0,4.0,수원,
20201013HHOB0_한화,2020-10-13,한화,두산,A,Final,Loss,0.0,5.0,잠실,
20201013HHOB0_두산,2020-10-13,두산,한화,H,Final,Win,5.0,0.0,잠실,
20201013SKSS0_SK,2020-10-13,SK,삼성,A,Final,Win,7.0,3.0,대구,
20201013SKSS0_삼성,2020-10-13,삼성,SK,H,Final,Loss,3.0,7.0,대구,
20201013LGLT0_LG,2020-10-13,LG,롯데,A,Final,Loss,2.0,17.0,사직,
20201013LGLT0_롯데,2020-10-13,롯데,LG,H,Final,Win,17.0,2.0,사직,
20201013WOKT0_키움,2020-10-13,키움,KT,A,Final,Loss,3.0,7.0,수원,
20201013WOKT0_KT,2020-10-13,KT,키움,H,Final,Win,7.0,3.0,수원,
20201013HTNC0_KIA,2020-10-13,KIA,NC,A,Final,Win,11.0,9.0,창원,
20201013HTNC0_NC,2020-10-13,NC,KIA,H,Final,Loss,9.0,11.0,창원,
20201014HHOB0_한화,2020-10-14,한화,두산,A,Final,Loss,1.0,2.0,잠실,
20201014HHOB0_두산,2020-10-14,두산,한화,H,Final,Win,2.0,1.0,잠실,
20201014SKSS0_SK,2020-10-14,SK,삼성,A,Final,Loss,1.0,2.0,대구,
20201014SKSS0_삼성,2020-10-14,삼성,SK,H,Final,Win,2.0,1.0,대구,
20201014LGLT0_LG,2020-10-14,LG,롯데,A,Final,Loss,0.0,3.0,사직,
20201014LGLT0_롯데,2020-10-14,롯데,LG,H,Final,Win,3.0,0.0,사직,
20201014WOKT0_키움,2020-10-14,키움,KT,A,Final,Win,5.0,3.0,수원,
20201014WOKT0_KT,2020-10-14,KT,키움,H,Final,Loss,3.0,5.0,수원,
20201014HTNC0_KIA,2020-10-14,KIA,NC,A,Final,Loss,3.0,8.0,창원,
20201014HTNC0_NC,2020-10-14,NC,KIA,H,Final,Win,8.0,3.0,창원,
20201015HHOB0_한화,2020-10-15,한화,두산,A,Final,Loss,3.0,16.0,잠실,
20201015HHOB0_두산,2020-10-15,두산,한화,H,Final,Win,16.0,3.0,잠실,
20201015SKSS0_SK,2020-10-15,SK,삼성,A,Final,Win,10.0,3.0,대구,
20201015SKSS0_삼성,2020-10-15,삼성,SK,H,Final,Loss,3.0,10.0,대구,
20201015LGLT0_LG,2020-10-15,LG,롯데,A,Final,Win,6.0,2.0,사직,
20201015LGLT0_롯데,2020-10-15,롯데,LG,H,Final,Loss,2.0,6.0,사직,
20201015WOKT0_키움,2020-10-15,키움,KT,A,Final,Win,4.0,0.0,수원,
20201015WOKT0_KT,2020-10-15,KT,키움,H,Final,Loss,0.0,4.0,수원,
20201015HTNC0_KIA,2020-10-15,KIA,NC,A,Final,Win,12.0,11.0,창원,
20201015HTNC0_NC,2020-10-15,NC,KIA,H,Final,Loss,11.0,12.0,창원,
20201016SSHH0_삼성,2020-10-16,삼성,한화,A,Final,Win,6.0,2.0,한밭,
20201016SSHH0_한화,2020-10-16,한화,삼성,H,Final,Loss,2.0,6.0,한밭,
20201016HTLG0_KIA,2020-10-16,KIA,LG,A,Final,Loss,0.0,9.0,잠실,
20201016HTLG0_LG,2020-10-16,LG,KIA,H,Final,Win,9.0,0.0,잠실,
20201016KTSK0_KT,2020-10-16,KT,SK,A,Final,Loss,1.0,7.0,문학,
20201016KTSK0_SK,2020-10-16,SK,KT,H,Final,Win,7.0,1.0,문학,
20201016LTNC0_롯데,2020-10-16,롯데,NC,A,Final,Loss,5.0,6.0,창원,
20201016LTNC0_NC,2020-10-16,NC,롯데,H,Final,Win,6.0,5.0,창원,
20201016OBWO0_두산,2020-10-16,두산,키움,A,Final,Loss,4.0,7.0,고척,
20201016OBWO0_키움,2020-10-16,키움,두산,H,Final,Win,7.0,4.0,고척,
20201017HTLG0_KIA,2020-10-17,KIA,LG,A,Final,Loss,8.0,11.0,잠실,
20201017HTLG0_LG,2020-10-17,LG,KIA,H,Final,Win,11.0,8.0,잠실,
20201017KTSK0_KT,2020-10-17,KT,SK,A,Final,Win,6.0,4.0,문학,
20201017KTSK0_SK,2020-10-17,SK,KT,H,Final,Loss,4.0,6.0,문학,
20201017LTNC0_롯데,2020-10-17,롯데,NC,A,Final,Loss,3.0,4.0,창원,
20201017LTNC0_NC,2020-10-17,NC,롯데,H,Final,Win,4.0,3.0,창원,
20201017OBWO0_두산,2020-10-17,두산,키움,A,Final,Loss,3.0,5.0,고척,
20201017OBWO0_키움,2020-10-17,키움,두산,H,Final,Win,5.0,3.0,고척,
20201017SSHH2_삼성,2020-10-17,삼성,한화,A,Final,Win,4.0,2.0,한밭,
20201017SSHH2_한화,2020-10-17,한화,삼성,H,Final,Loss,2.0,4.0,한밭,
20201018SSHH0_삼성,2020-10-18,삼성,한화,A,Final,Win,5.0,4.0,한밭,
20201018SSHH0_한화,2020-10-18,한화,삼성,H,Final,Loss,4.0,5.0,한밭,
20201018HTLG0_KIA,2020-10-18,KIA,LG,A,Final,Win,4.0,0.0,잠실,
20201018HTLG0_LG,2020-10-18,LG,KIA,H,Final,Loss,0.0,4.0,잠실,
20201018KTSK0_KT,2020-10-18,KT,SK,A,Final,Win,7.0,5.0,문학,
20201018KTSK0_SK,2020-10-18,SK,KT,H,Final,Loss,5.0,7.0,문학,
20201018LTNC0_롯데,2020-10-18,롯데,NC,A,Final,Win,9.0,2.0,창원,
20201018LTNC0_NC,2020-10-18,NC,롯데,H,Final,Loss,2.0,9.0,창원,
20201018OBWO0_두산,2020-10-18,두산,키움,A,Final,Win,8.0,2.0,고척,
20201018OBWO0_키움,2020-10-18,키움,두산,H,Final,Loss,2.0,8.0,고척,
20201020OBLT0_두산,2020-10-20,두산,롯데,A,Final,Win,6.0,1.0,사직,
20201020OBLT0_롯데,2020-10-20,롯데,두산,H,Final,Loss,1.0,6.0,사직,
20201020SSSK0_삼성,2020-10-20,삼성,SK,A,Final,Win,12.0,2.0,문학,
20201020SSSK0_SK,2020-10-20,SK,삼성,H,Final,Loss,2.0,12.0,문학,
20201020NCHT0_NC,2020-10-20,NC,KIA,A,Final,Win,13.0,3.0,광주,
20201020NCHT0_KIA,2020-10-20,KIA,NC,H,Final,Loss,3.0,13.0,광주,
20201020LGKT0_LG,2020-10-20,LG,KT,A,Final,Win,7.0,6.0,수원,
20201020LGKT0_KT,2020-10-20,KT,LG,H,Final,Loss,6.0,7.0,수원,
20201021LTSK0_롯데,2020-10-21,롯데,SK,A,Final,Loss,3.0,11.0,문학,
20201021LTSK0_SK,2020-10-21,SK,롯데,H,Final,Win,11.0,3.0,문학,
20201021SSKT0_삼성,2020-10-21,삼성,KT,A,Final,Loss,1.0,2.0,수원,
20201021SSKT0_KT,2020-10-21,KT,삼성,H,Final,Win,2.0,1.0,수원,
20201022HTHH0_KIA,2020-10-22,KIA,한화,A,Final,Win,10.0,4.0,한밭,
20201022HTHH0_한화,2020-10-22,한화,KIA,H,Final,Loss,4.0,10.0,한밭,
20201022KTOB0_KT,2020-10-22,KT,두산,A,Final,Win,17.0,5.0,잠실,
20201022KTOB0_두산,2020-10-22,두산,KT,H,Final,Loss,5.0,17.0,잠실,
20201022LTSK0_롯데,2020-10-22,롯데,SK,A,Final,Loss,8.0,9.0,문학,
20201022LTSK0_SK,2020-10-22,SK,롯데,H,Final,Win,9.0,8.0,문학,
20201023NCHH0_NC,2020-10-23,NC,한화,A,Final,Loss,6.0,11.0,한밭,
20201023NCHH0_한화,2020-10-23,한화,NC,H,Final,Win,11.0,6.0,한밭,
20201023WOOB0_키움,2020-10-23,키움,두산,A,Final,Win,6.0,2.0,잠실,
20201023WOOB0_두산,2020-10-23,두산,키움,H,Final,Loss,2.0,6.0,잠실,
20201023LTSK0_롯데,2020-10-23,롯데,SK,A,Final,Win,3.0,0.0,문학,
20201023LTSK0_SK,2020-10-23,SK,롯데,H,Final,Loss,0.0,3.0,문학,
20201023LGHT0_LG,2020-10-23,LG,KIA,A,Final,Win,8.0,4.0,광주,
20201023LGHT0_KIA,2020-10-23,KIA,LG,H,Final,Loss,4.0,8.0,광주,
20201024LTOB0_롯데,2020-10-24,롯데,두산,A,Final,Loss,1.0,2.0,잠실,
20201024LTOB0_두산,2020-10-24,두산,롯데,H,Final,Win,2.0,1.0,잠실,
20201024SSHT0_삼성,2020-10-24,삼성,KIA,A,Final,Win,11.0,7.0,광주,
20201024SSHT0_KIA,2020-10-24,KIA,삼성,H,Final,Loss,7.0,11.0,광주,
20201025SSHT0_삼성,2020-10-25,삼성,KIA,A,Final,Loss,1.0,10.0,광주,
20201025SSHT0_KIA,2020-10-25,KIA,삼성,H,Final,Win,10.0,1.0,광주,
20201025LTKT0_롯데,2020-10-25,롯데,KT,A,Final,Loss,5.0,10.0,수원,
20201025LTKT0_KT,2020-10-25,KT,롯데,H,Final,Win,10.0,5.0,수원,
20201027HHOB0_한화,2020-10-27,한화,두산,A,Final,Loss,0.0,3.0,잠실,
20201027HHOB0_두산,2020-10-27,두산,한화,H,Final,Win,3.0,0.0,잠실,
20201027SKLT0_SK,2020-10-27,SK,롯데,A,Final,Loss,0.0,1.0,사직,
20201027SKLT0_롯데,2020-10-27,롯데,SK,H,Final,Win,1.0,0.0,사직,
20201027KTHT0_KT,2020-10-27,KT,KIA,A,Final,Win,7.0,6.0,광주,
20201027KTHT0_KIA,2020-10-27,KIA,KT,H,Final,Loss,6.0,7.0,광주,
20201027SSNC0_삼성,2020-10-27,삼성,NC,A,Final,Win,12.0,2.0,창원,
20201027SSNC0_NC,2020-10-27,NC,삼성,H,Final,Loss,2.0,12.0,창원,
20201028HHLG0_한화,2020-10-28,한화,LG,A,Final,Win,7.0,6.0,잠실,
20201028HHLG0_LG,2020-10-28,LG,한화,H,Final,Loss,6.0,7.0,잠실,
20201028NCLT0_NC,2020-10-28,NC,롯데,A,Final,Win,7.0,1.0,사직,
20201028NCLT0_롯데,2020-10-28,롯데,NC,H,Final,Loss,1.0,7.0,사직,
20201028KTHT0_KT,2020-10-28,KT,KIA,A,Final,Loss,3.0,4.0,광주,
20201028KTHT0_KIA,2020-10-28,KIA,KT,H,Final,Win,4.0,3.0,광주,
20201029KTHH0_KT,2020-10-29,KT,한화,A,Final,Win,12.0,1.0,한밭,
20201029KTHH0_한화,2020-10-29,한화,KT,H,Final,Loss,1.0,12.0,한밭,
20201029NCLT0_NC,2020-10-29,NC,롯데,A,Final,Win,11.0,4.0,사직,
20201029NCLT0_롯데,2020-10-29,롯데,NC,H,Final,Loss,4.0,11.0,사직,
20201029OBHT0_두산,2020-10-29,두산,KIA,A,Final,Win,9.0,2.0,광주,
20201029OBHT0_KIA,2020-10-29,KIA,두산,H,Final,Loss,2.0,9.0,광주,
20201030KTHH0_KT,2020-10-30,KT,한화,A,Final,Loss,3.0,4.0,한밭,
20201030KTHH0_한화,2020-10-30,한화,KT,H,Final,Win,4.0,3.0,한밭,
20201030WOOB0_키움,2020-10-30,키움,두산,A,Final,Loss,0.0,2.0,잠실,
20201030WOOB0_두산,2020-10-30,두산,키움,H,Final,Win,2.0,0.0,잠실,
20201030HTLT0_KIA,2020-10-30,KIA,롯데,A,Final,Loss,2.0,13.0,사직,
20201030HTLT0_롯데,2020-10-30,롯데,KIA,H,Final,Win,13.0,2.0,사직,
20201030LGSK0_LG,2020-10-30,LG,SK,A,Final,Loss,2.0,3.0,문학,
20201030LGSK0_SK,2020-10-30,SK,LG,H,Final,Win,3.0,2.0,문학,
20201031NCHT0_NC,2020-10-31,NC,KIA,A,Final,Loss,3.0,4.0,광주,
20201031NCHT0_KIA,2020-10-31,KIA,NC,H,Final,Win,4.0,3.0,광주,
20210403SSWO0_삼성,2021-04-03,삼성,키움,A,Final,Loss,1.0,6.0,고척,
20210403SSWO0_키움,2021-04-03,키움,삼성,H,Final,Win,6.0,1.0,고척,
20210404HTOB0_KIA,2021-04-04,KIA,두산,A,Final,Loss,1.0,4.0,잠실,
20210404HTOB0_두산,2021-04-04,두산,KIA,H,Final,Win,4.0,1.0,잠실,
20210404LTSK0_롯데,2021-04-04,롯데,SSG,A,Final,Loss,3.0,5.0,문학,
20210404LTSK0_SSG,2021-04-04,SSG,롯데,H,Final,Win,5.0,3.0,문학,
20210404HHKT0_한화,2021-04-04,한화,KT,A,Final,Loss,2.0,3.0,수원,
20210404HHKT0_KT,2021-04-04,KT,한화,H,Final,Win,3.0,2.0,수원,
20210404LGNC0_LG,2021-04-04,LG,NC,A,Final,Win,2.0,1.0,창원,
20210404LGNC0_NC,2021-04-04,NC,LG,H,Final,Loss,1.0,2.0,창원,
20210404SSWO0_삼성,2021-04-04,삼성,키움,A,Final,Loss,4.0,7.0,고척,
20210404SSWO0_키움,2021-04-04,키움,삼성,H,Final,Win,7.0,4.0,고척,
20210406SSOB0_삼성,2021-04-06,삼성,두산,A,Final,Loss,3.0,6.0,잠실,
20210406SSOB0_두산,2021-04-06,두산,삼성,H,Final,Win,6.0,3.0,잠실,
20210406HHSK0_한화,2021-04-06,한화,SSG,A,Final,Loss,1.0,2.0,문학,
20210406HHSK0_SSG,2021-04-06,SSG,한화,H,Final,Win,2.0,1.0,문학,
20210406LGKT0_LG,2021-04-06,LG,KT,A,Final,Win,3.0,2.0,수원,
20210406LGKT0_KT,2021-04-06,KT,LG,H,Final,Loss,2.0,3.0,수원,
20210406LTNC0_롯데,2021-04-06,롯데,NC,A,Final,Win,10.0,5.0,창원,
20210406LTNC0_NC,2021-04-06,NC,롯데,H,Final,Loss,5.0,10.0,창원,
20210406HTWO0_KIA,2021-04-06,KIA,키움,A,Final,Win,5.0,4.0,고척,
20210406HTWO0_키움,2021-04-06,키움,KIA,H,Final,Loss,4.0,5.0,고척,
20210407SSOB0_삼성,2021-04-07,삼성,두산,A,Final,Loss,0.0,1.0,잠실,
20210407SSOB0_두산,2021-04-07,두산,삼성,H,Final,Win,1.0,0.0,잠실,
20210407HHSK0_한화,2021-04-07,한화,SSG,A,Final,Win,17.0,0.0,문학,
20210407HHSK0_SSG,2021-04-07,SSG,한화,H,Final,Loss,0.0,17.0,문학,
20210407LGKT0_LG,2021-04-07,LG,KT,A,Final,Loss,3.0,7.0,수원,
20210407LGKT0_KT,2021-04-07,KT,LG,H,Final,Win,7.0,3.0,수원,
20210407LTNC0_롯데,2021-04-07,롯데,NC,A,Final,Loss,6.0,10.0,창원,
20210407LTNC0_NC,2021-04-07,NC,롯데,H,Final,Win,10.0,6.0,창원,
20210407HTWO0_KIA,2021-04-07,KIA,키움,A,Final,Win,8.0,7.0,고척,
20210407HTWO0_키움,2021-04-07,키움,KIA,H,Final,Loss,7.0,8.0,고척,
20210408SSOB0_삼성,2021-04-08,삼성,두산,A,Final,Win,6.0,1.0,잠실,
20210408SSOB0_두산,2021-04-08,두산,삼성,H,Final,Loss,1.0,6.0,잠실,
20210408HHSK0_한화,2021-04-08,한화,SSG,A,Final,Loss,4.0,6.0,문학,
20210408HHSK0_SSG,2021-04-08,SSG,한화,H,Final,Win,6.0,4.0,문학,
20210408LGKT0_LG,2021-04-08,LG,KT,A,Final,Win,7.0,3.0,수원,
20210408LGKT0_KT,2021-04-08,KT,LG,H,Final,Loss,3.0,7.0,수원,
20210408LTNC0_롯데,2021-04-08,롯데,NC,A,Final,Win,8.0,4.0,창원,
20210408LTNC0_NC,2021-04-08,NC,롯데,H,Final,Loss,4.0,8.0,창원,
20210408HTWO0_KIA,2021-04-08,KIA,키움,A,Final,Win,5.0,3.0,고척,
20210408HTWO0_키움,2021-04-08,키움,KIA,H,Final,Loss,3.0,5.0,고척,
20210409OBHH0_두산,2021-04-09,두산,한화,A,Final,Loss,0.0,7.0,한밭,
20210409OBHH0_한화,2021-04-09,한화,두산,H,Final,Win,7.0,0.0,한밭,
20210409SKLG0_SSG,2021-04-09,SSG,LG,A,Final,Loss,5.0,9.0,잠실,
20210409SKLG0_LG,2021-04-09,LG,SSG,H,Final,Win,9.0,5.0,잠실,
20210409KTSS0_KT,2021-04-09,KT,삼성,A,Final,Loss,5.0,7.0,대구,
20210409KTSS0_삼성,2021-04-09,삼성,KT,H,Final,Win,7.0,5.0,대구,
20210409WOLT0_키움,2021-04-09,키움,롯데,A,Final,Win,7.0,2.0,사직,
20210409WOLT0_롯데,2021-04-09,롯데,키움,H,Final,Loss,2.0,7.0,사직,
20210409NCHT0_NC,2021-04-09,NC,KIA,A,Final,Win,10.0,6.0,광주,
20210409NCHT0_KIA,2021-04-09,KIA,NC,H,Final,Loss,6.0,10.0,광주,
20210410SKLG0_SSG,2021-04-10,SSG,LG,A,Final,Win,4.0,3.0,잠실,
20210410SKLG0_LG,2021-04-10,LG,SSG,H,Final,Loss,3.0,4.0,잠실,
20210410KTSS0_KT,2021-04-10,KT,삼성,A,Final,Loss,6.0,7.0,대구,
20210410KTSS0_삼성,2021-04-10,삼성,KT,H,Final,Win,7.0,6.0,대구,
20210410OBHH0_두산,2021-04-10,두산,한화,A,Final,Win,18.0,1.0,한밭,
20210410OBHH0_한화,2021-04-10,한화,두산,H,Final,Loss,1.0,18.0,한밭,
20210410WOLT0_키움,2021-04-10,키움,롯데,A,Final,Loss,0.0,13.0,사직,
20210410WOLT0_롯데,2021-04-10,롯데,키움,H,Final,Win,13.0,0.0,사직,
20210410NCHT0_NC,2021-04-10,NC,KIA,A,Final,Win,9.0,2.0,광주,
20210410NCHT0_KIA,2021-04-10,KIA,NC,H,Final,Loss,2.0,9.0,광주,
20210411OBHH0_두산,2021-04-11,두산,한화,A,Final,Loss,2.0,3.0,한밭,
20210411OBHH0_한화,2021-04-11,한화,두산,H,Final,Win,3.0,2.0,한밭,
20210411SKLG0_SSG,2021-04-11,SSG,LG,A,Final,Loss,0.0,1.0,잠실,
20210411SKLG0_LG,2021-04-11,LG,SSG,H,Final,Win,1.0,0.0,잠실,
20210411KTSS0_KT,2021-04-11,KT,삼성,A,Final,Loss,2.0,4.0,대구,
20210411KTSS0_삼성,2021-04-11,삼성,KT,H,Final,Win,4.0,2.0,대구,
20210411WOLT0_키움,2021-04-11,키움,롯데,A,Final,Win,3.0,2.0,사직,
20210411WOLT0_롯데,2021-04-11,롯데,키움,H,Final,Loss,2.0,3.0,사직,
20210411NCHT0_NC,2021-04-11,NC,KIA,A,Final,Win,7.0,3.0,광주,
20210411NCHT0_KIA,2021-04-11,KIA,NC,H,Final,Loss,3.0,7.0,광주,
20210413KTOB0_KT,2021-04-13,KT,두산,A,Final,Win,8.0,7.0,잠실,
20210413KTOB0_두산,2021-04-13,두산,KT,H,Final,Loss,7.0,8.0,잠실,
20210413HHSS0_한화,2021-04-13,한화,삼성,A,Final,Loss,3.0,4.0,대구,
20210413HHSS0_삼성,2021-04-13,삼성,한화,H,Final,Win,4.0,3.0,대구,
20210413NCSK0_NC,2021-04-13,NC,SSG,A,Final,Win,4.0,2.0,문학,
20210413NCSK0_SSG,2021-04-13,SSG,NC,H,Final,Loss,2.0,4.0,문학,
20210413LTHT0_롯데,2021-04-13,롯데,KIA,A,Final,Win,8.0,0.0,광주,
20210413LTHT0_KIA,2021-04-13,KIA,롯데,H,Final,Loss,0.0,8.0,광주,
20210413LGWO0_LG,2021-04-13,LG,키움,A,Final,Loss,2.0,8.0,고척,
20210413LGWO0_키움,2021-04-13,키움,LG,H,Final,Win,8.0,2.0,고척,
20210414KTOB0_KT,2021-04-14,KT,두산,A,Final,Loss,1.0,3.0,잠실,
20210414KTOB0_두산,2021-04-14,두산,KT,H,Final,Win,3.0,1.0,잠실,
20210414HHSS0_한화,2021-04-14,한화,삼성,A,Final,Win,6.0,2.0,대구,
20210414HHSS0_삼성,2021-04-14,삼성,한화,H,Final,Loss,2.0,6.0,대구,
20210414NCSK0_NC,2021-04-14,NC,SSG,A,Final,Win,3.0,0.0,문학,
20210414NCSK0_SSG,2021-04-14,SSG,NC,H,Final,Loss,0.0,3.0,문학,
20210414LTHT0_롯데,2021-04-14,롯데,KIA,A,Final,Loss,2.0,3.0,광주,
20210414LTHT0_KIA,2021-04-14,KIA,롯데,H,Final,Win,3.0,2.0,광주,
20210414LGWO0_LG,2021-04-14,LG,키움,A,Final,Win,13.0,2.0,고척,
20210414LGWO0_키움,2021-04-14,키움,LG,H,Final,Loss,2.0,13.0,고척,
20210415KTOB0_KT,2021-04-15,KT,두산,A,Final,Win,8.0,3.0,잠실,
20210415KTOB0_두산,2021-04-15,두산,KT,H,Final,Loss,3.0,8.0,잠실,
20210415HHSS0_한화,2021-04-15,한화,삼성,A,Final,Loss,0.0,4.0,대구,
20210415HHSS0_삼성,2021-04-15,삼성,한화,H,Final,Win,4.0,0.0,대구,
20210415NCSK0_NC,2021-04-15,NC,SSG,A,Final,Loss,3.0,9.0,문학,
20210415NCSK0_SSG,2021-04-15,SSG,NC,H,Final,Win,9.0,3.0,문학,
20210415LTHT0_롯데,2021-04-15,롯데,KIA,A,Final,Loss,5.0,10.0,광주,
20210415LTHT0_KIA,2021-04-15,KIA,롯데,H,Final,Win,10.0,5.0,광주,
20210415LGWO0_LG,2021-04-15,LG,키움,A,Final,Win,6.0,4.0,고척,
20210415LGWO0_키움,2021-04-15,키움,LG,H,Final,Loss,4.0,6.0,고척,
20210416OBLG0_두산,2021-04-16,두산,LG,A,Final,Loss,0.0,1.0,잠실,
20210416OBLG0_LG,2021-04-16,LG,두산,H,Final,Win,1.0,0.0,잠실,
20210416SSLT0_삼성,2021-04-16,삼성,롯데,A,Final,Loss,3.0,9.0,사직,
20210416SSLT0_롯데,2021-04-16,롯데,삼성,H,Final,Win,9.0,3.0,사직,
20210416HTSK0_KIA,2021-04-16,KIA,SSG,A,Final,Win,11.0,6.0,문학,
20210416HTSK0_SSG,2021-04-16,SSG,KIA,H,Final,Loss,6.0,11.0,문학,
20210416WOKT0_키움,2021-04-16,키움,KT,A,Final,Loss,4.0,8.0,수원,
20210416WOKT0_KT,2021-04-16,KT,키움,H,Final,Win,8.0,4.0,수원,
20210416HHNC0_한화,2021-04-16,한화,NC,A,Final,Loss,1.0,9.0,창원,
20210416HHNC0_NC,2021-04-16,NC,한화,H,Final,Win,9.0,1.0,창원,
20210417HTSK0_KIA,2021-04-17,KIA,SSG,A,Final,Loss,3.0,4.0,문학,
20210417HTSK0_SSG,2021-04-17,SSG,KIA,H,Final,Win,4.0,3.0,문학,
20210417OBLG0_두산,2021-04-17,두산,LG,A,Final,Win,3.0,1.0,잠실,
20210417OBLG0_LG,2021-04-17,LG,두산,H,Final,Loss,1.0,3.0,잠실,
20210417SSLT0_삼성,2021-04-17,삼성,롯데,A,Final,Win,12.0,0.0,사직,
20210417SSLT0_롯데,2021-04-17,롯데,삼성,H,Final,Loss,0.0,12.0,사직,
20210417WOKT0_키움,2021-04-17,키움,KT,A,Final,Loss,5.0,8.0,수원,
20210417WOKT0_KT,2021-04-17,KT,키움,H,Final,Win,8.0,5.0,수원,
20210417HHNC0_한화,2021-04-17,한화,NC,A,Final,Loss,4.0,14.0,창원,
20210417HHNC0_NC,2021-04-17,NC,한화,H,Final,Win,14.0,4.0,창원,
20210418OBLG0_두산,2021-04-18,두산,LG,A,Final,Win,9.0,1.0,잠실,
20210418OBLG0_LG,2021-04-18,LG,두산,H,Final,Loss,1.0,9.0,잠실,
20210418SSLT0_삼성,2021-04-18,삼성,롯데,A,Final,Win,7.0,0.0,사직,
20210418SSLT0_롯데,2021-04-18,롯데,삼성,H,Final,Loss,0.0,7.0,사직,
20210418HTSK0_KIA,2021-04-18,KIA,SSG,A,Final,Loss,2.0,4.0,문학,
20210418HTSK0_SSG,2021-04-18,SSG,KIA,H,Final,Win,4.0,2.0,문학,
20210418WOKT0_키움,2021-04-18,키움,KT,A,Final,Loss,2.0,10.0,수원,
20210418WOKT0_KT,2021-04-18,KT,키움,H,Final,Win,10.0,2.0,수원,
20210418HHNC0_한화,2021-04-18,한화,NC,A,Final,Win,11.0,3.0,창원,
20210418HHNC0_NC,2021-04-18,NC,한화,H,Final,Loss,3.0,11.0,창원,
20210420WOHH0_키움,2021-04-20,키움,한화,A,Final,Loss,3.0,7.0,한밭,
20210420WOHH0_한화,2021-04-20,한화,키움,H,Final,Win,7.0,3.0,한밭,
20210420HTLG0_KIA,2021-04-20,KIA,LG,A,Final,Win,6.0,3.0,잠실,
20210420HTLG0_LG,2021-04-20,LG,KIA,H,Final,Loss,3.0,6.0,잠실,
20210420SKSS0_SSG,2021-04-20,SSG,삼성,A,Final,Win,10.0,7.0,대구,
20210420SKSS0_삼성,2021-04-20,삼성,SSG,H,Final,Loss,7.0,10.0,대구,
20210420OBLT0_두산,2021-04-20,두산,롯데,A,Final,Loss,5.0,10.0,사직,
20210420OBLT0_롯데,2021-04-20,롯데,두산,H,Final,Win,10.0,5.0,사직,
20210420KTNC0_KT,2021-04-20,KT,NC,A,Final,Win,5.0,2.0,창원,
20210420KTNC0_NC,2021-04-20,NC,KT,H,Final,Loss,2.0,5.0,창원,
20210421WOHH0_키움,2021-04-21,키움,한화,A,Final,Loss,3.0,4.0,한밭,
20210421WOHH0_한화,2021-04-21,한화,키움,H,Final,Win,4.0,3.0,한밭,
20210421HTLG0_KIA,2021-04-21,KIA,LG,A,Final,Loss,3.0,7.0,잠실,
20210421HTLG0_LG,2021-04-21,LG,KIA,H,Final,Win,7.0,3.0,잠실,
20210421SKSS0_SSG,2021-04-21,SSG,삼성,A,Final,Loss,4.0,14.0,대구,
20210421SKSS0_삼성,2021-04-21,삼성,SSG,H,Final,Win,14.0,4.0,대구,
20210421OBLT0_두산,2021-04-21,두산,롯데,A,Final,Loss,9.0,10.0,사직,
20210421OBLT0_롯데,2021-04-21,롯데,두산,H,Final,Win,10.0,9.0,사직,
20210421KTNC0_KT,2021-04-21,KT,NC,A,Final,Loss,3.0,4.0,창원,
20210421KTNC0_NC,2021-04-21,NC,KT,H,Final,Win,4.0,3.0,창원,
20210422WOHH0_키움,2021-04-22,키움,한화,A,Final,Win,8.0,3.0,한밭,
20210422WOHH0_한화,2021-04-22,한화,키움,H,Final,Loss,3.0,8.0,한밭,
20210422HTLG0_KIA,2021-04-22,KIA,LG,A,Final,Win,3.0,2.0,잠실,
20210422HTLG0_LG,2021-04-22,LG,KIA,H,Final,Loss,2.0,3.0,잠실,
20210422SKSS0_SSG,2021-04-22,SSG,삼성,A,Final,Win,11.0,6.0,대구,
20210422SKSS0_삼성,2021-04-22,삼성,SSG,H,Final,Loss,6.0,11.0,대구,
20210422OBLT0_두산,2021-04-22,두산,롯데,A,Final,Win,13.0,1.0,사직,
20210422OBLT0_롯데,2021-04-22,롯데,두산,H,Final,Loss,1.0,13.0,사직,
20210422KTNC0_KT,2021-04-22,KT,NC,A,Final,Win,11.0,5.0,창원,
20210422KTNC0_NC,2021-04-22,NC,KT,H,Final,Loss,5.0,11.0,창원,
20210423LGHH0_LG,2021-04-23,LG,한화,A,Final,Win,2.0,1.0,한밭,
20210423LGHH0_한화,2021-04-23,한화,LG,H,Final,Loss,1.0,2.0,한밭,
20210423NCOB0_NC,2021-04-23,NC,두산,A,Final,Loss,1.0,5.0,잠실,
20210423NCOB0_두산,2021-04-23,두산,NC,H,Final,Win,5.0,1.0,잠실,
20210423SSHT0_삼성,2021-04-23,삼성,KIA,A,Final,Loss,1.0,4.0,광주,
20210423SSHT0_KIA,2021-04-23,KIA,삼성,H,Final,Win,4.0,1.0,광주,
20210423LTKT0_롯데,2021-04-23,롯데,KT,A,Final,Win,10.0,5.0,수원,
20210423LTKT0_KT,2021-04-23,KT,롯데,H,Final,Loss,5.0,10.0,수원,
20210423SKWO0_SSG,2021-04-23,SSG,키움,A,Final,Win,9.0,5.0,고척,
20210423SKWO0_키움,2021-04-23,키움,SSG,H,Final,Loss,5.0,9.0,고척,
20210424LGHH0_LG,2021-04-24,LG,한화,A,Final,Loss,5.0,19.0,한밭,
20210424LGHH0_한화,2021-04-24,한화,LG,H,Final,Win,19.0,5.0,한밭,
20210424SKWO0_SSG,2021-04-24,SSG,키움,A,Final,Win,5.0,4.0,고척,
20210424SKWO0_키움,2021-04-24,키움,SSG,H,Final,Loss,4.0,5.0,고척,
20210424NCOB0_NC,2021-04-24,NC,두산,A,Final,Loss,6.0,9.0,잠실,
20210424NCOB0_두산,2021-04-24,두산,NC,H,Final,Win,9.0,6.0,잠실,
20210424SSHT0_삼성,2021-04-24,삼성,KIA,A,Final,Win,8.0,4.0,광주,
20210424SSHT0_KIA,2021-04-24,KIA,삼성,H,Final,Loss,4.0,8.0,광주,
20210424LTKT0_롯데,2021-04-24,롯데,KT,A,Final,Win,4.0,2.0,수원,
20210424LTKT0_KT,2021-04-24,KT,롯데,H,Final,Loss,2.0,4.0,수원,
20210425LGHH0_LG,2021-04-25,LG,한화,A,Final,Win,8.0,0.0,한밭,
20210425LGHH0_한화,2021-04-25,한화,LG,H,Final,Loss,0.0,8.0,한밭,
20210425NCOB0_NC,2021-04-25,NC,두산,A,Final,Win,10.0,0.0,잠실,
20210425NCOB0_두산,2021-04-25,두산,NC,H,Final,Loss,0.0,10.0,잠실,
20210425SSHT0_삼성,2021-04-25,삼성,KIA,A,Final,Win,3.0,2.0,광주,
20210425SSHT0_KIA,2021-04-25,KIA,삼성,H,Final,Loss,2.0,3.0,광주,
20210425LTKT0_롯데,2021-04-25,롯데,KT,A,Final,Loss,5.0,6.0,수원,
20210425LTKT0_KT,2021-04-25,KT,롯데,H,Final,Win,6.0,5.0,수원,
20210425SKWO0_SSG,2021-04-25,SSG,키움,A,Final,Loss,3.0,4.0,고척,
20210425SKWO0_키움,2021-04-25,키움,SSG,H,Final,Win,4.0,3.0,고척,
20210427LTLG0_롯데,2021-04-27,롯데,LG,A,Final,Loss,0.0,4.0,잠실,
20210427LTLG0_LG,2021-04-27,LG,롯데,H,Final,Win,4.0,0.0,잠실,
20210427NCSS0_NC,2021-04-27,NC,삼성,A,Final,Loss,0.0,9.0,대구,
20210427NCSS0_삼성,2021-04-27,삼성,NC,H,Final,Win,9.0,0.0,대구,
20210427KTSK0_KT,2021-04-27,KT,SSG,A,Final,Win,14.0,5.0,문학,
20210427KTSK0_SSG,2021-04-27,SSG,KT,H,Final,Loss,5.0,14.0,문학,
20210427HHHT0_한화,2021-04-27,한화,KIA,A,Final,Loss,3.0,4.0,광주,
20210427HHHT0_KIA,2021-04-27,KIA,한화,H,Final,Win,4.0,3.0,광주,
20210427OBWO0_두산,2021-04-27,두산,키움,A,Final,Loss,4.0,5.0,고척,
20210427OBWO0_키움,2021-04-27,키움,두산,H,Final,Win,5.0,4.0,고척,
20210428LTLG0_롯데,2021-04-28,롯데,LG,A,Final,Win,3.0,0.0,잠실,
20210428LTLG0_LG,2021-04-28,LG,롯데,H,Final,Loss,0.0,3.0,잠실,
20210428NCSS0_NC,2021-04-28,NC,삼성,A,Final,Loss,3.0,4.0,대구,
20210428NCSS0_삼성,2021-04-28,삼성,NC,H,Final,Win,4.0,3.0,대구,
20210428KTSK0_KT,2021-04-28,KT,SSG,A,Final,Loss,2.0,4.0,문학,
20210428KTSK0_SSG,2021-04-28,SSG,KT,H,Final,Win,4.0,2.0,문학,
20210428HHHT0_한화,2021-04-28,한화,KIA,A,Final,Loss,0.0,4.0,광주,
20210428HHHT0_KIA,2021-04-28,KIA,한화,H,Final,Win,4.0,0.0,광주,
20210428OBWO0_두산,2021-04-28,두산,키움,A,Final,Loss,4.0,5.0,고척,
20210428OBWO0_키움,2021-04-28,키움,두산,H,Final,Win,5.0,4.0,고척,
20210429LTLG0_롯데,2021-04-29,롯데,LG,A,Final,Loss,2.0,3.0,잠실,
20210429LTLG0_LG,2021-04-29,LG,롯데,H,Final,Win,3.0,2.0,잠실,
20210429NCSS0_NC,2021-04-29,NC,삼성,A,Final,Win,9.0,0.0,대구,
20210429NCSS0_삼성,2021-04-29,삼성,NC,H,Final,Loss,0.0,9.0,대구,
20210429KTSK0_KT,2021-04-29,KT,SSG,A,Final,Win,6.0,1.0,문학,
20210429KTSK0_SSG,2021-04-29,SSG,KT,H,Final,Loss,1.0,6.0,문학,
20210429HHHT0_한화,2021-04-29,한화,KIA,A,Final,Loss,2.0,3.0,광주,
20210429HHHT0_KIA,2021-04-29,KIA,한화,H,Final,Win,3.0,2.0,광주,
20210429OBWO0_두산,2021-04-29,두산,키움,A,Final,Win,15.0,4.0,고척,
20210429OBWO0_키움,2021-04-29,키움,두산,H,Final,Loss,4.0,15.0,고척,
20210430SKOB0_SSG,2021-04-30,SSG,두산,A,Final,Loss,4.0,9.0,잠실,
20210430SKOB0_두산,2021-04-30,두산,SSG,H,Final,Win,9.0,4.0,잠실,
20210430LGSS0_LG,2021-04-30,LG,삼성,A,Final,Loss,0.0,4.0,대구,
20210430LGSS0_삼성,2021-04-30,삼성,LG,H,Final,Win,4.0,0.0,대구,
20210430HHLT0_한화,2021-04-30,한화,롯데,A,Final,Win,11.0,7.0,사직,
20210430HHLT0_롯데,2021-04-30,롯데,한화,H,Final,Loss,7.0,11.0,사직,
20210430HTKT0_KIA,2021-04-30,KIA,KT,A,Final,Loss,3.0,15.0,수원,
20210430HTKT0_KT,2021-04-30,KT,KIA,H,Final,Win,15.0,3.0,수원,
20210430WONC0_키움,2021-04-30,키움,NC,A,Final,Win,4.0,3.0,창원,
20210430WONC0_NC,2021-04-30,NC,키움,H,Final,Loss,3.0,4.0,창원,
20210501SKOB0_SSG,2021-05-01,SSG,두산,A,Final,Win,5.0,2.0,잠실,
20210501SKOB0_두산,2021-05-01,두산,SSG,H,Final,Loss,2.0,5.0,잠실,
20210501LGSS0_LG,2021-05-01,LG,삼성,A,Final,Loss,2.0,8.0,대구,
20210501LGSS0_삼성,2021-05-01,삼성,LG,H,Final,Win,8.0,2.0,대구,
20210501HHLT0_한화,2021-05-01,한화,롯데,A,Final,Win,11.0,3.0,사직,
20210501HHLT0_롯데,2021-05-01,롯데,한화,H,Final,Loss,3.0,11.0,사직,
20210501HTKT0_KIA,2021-05-01,KIA,KT,A,Final,Loss,0.0,3.0,수원,
20210501HTKT0_KT,2021-05-01,KT,KIA,H,Final,Win,3.0,0.0,수원,
20210501WONC0_키움,2021-05-01,키움,NC,A,Final,Win,13.0,9.0,창원,
20210501WONC0_NC,2021-05-01,NC,키움,H,Final,Loss,9.0,13.0,창원,
20210502SKOB0_SSG,2021-05-02,SSG,두산,A,Final,Loss,5.0,8.0,잠실,
20210502SKOB0_두산,2021-05-02,두산,SSG,H,Final,Win,8.0,5.0,잠실,
20210502LGSS0_LG,2021-05-02,LG,삼성,A,Final,Loss,4.0,6.0,대구,
20210502LGSS0_삼성,2021-05-02,삼성,LG,H,Final,Win,6.0,4.0,대구,
20210502HHLT0_한화,2021-05-02,한화,롯데,A,Final,Win,5.0,4.0,사직,
20210502HHLT0_롯데,2021-05-02,롯데,한화,H,Final,Loss,4.0,5.0,사직,
20210502HTKT0_KIA,2021-05-02,KIA,KT,A,Final,Loss,2.0,9.0,수원,
20210502HTKT0_KT,2021-05-02,KT,KIA,H,Final,Win,9.0,2.0,수원,
20210502WONC0_키움,2021-05-02,키움,NC,A,Final,Loss,0.0,5.0,창원,
20210502WONC0_NC,2021-05-02,NC,키움,H,Final,Win,5.0,0.0,창원,
20210505SSHH0_삼성,2021-05-05,삼성,한화,A,Final,Win,4.0,1.0,한밭,
20210505SSHH0_한화,2021-05-05,한화,삼성,H,Final,Loss,1.0,4.0,한밭,
20210505LGOB0_LG,2021-05-05,LG,두산,A,Final,Win,7.0,4.0,잠실,
20210505LGOB0_두산,2021-05-05,두산,LG,H,Final,Loss,4.0,7.0,잠실,
20210505HTLT0_KIA,2021-05-05,KIA,롯데,A,Final,Win,8.0,5.0,사직,
20210505HTLT0_롯데,2021-05-05,롯데,KIA,H,Final,Loss,5.0,8.0,사직,
20210505SKNC0_SSG,2021-05-05,SSG,NC,A,Final,Win,13.0,12.0,창원,
20210505SKNC0_NC,2021-05-05,NC,SSG,H,Final,Loss,12.0,13.0,창원,
20210505KTWO0_KT,2021-05-05,KT,키움,A,Final,Loss,0.0,14.0,고척,
20210505KTWO0_키움,2021-05-05,키움,KT,H,Final,Win,14.0,0.0,고척,
20210506SSHH0_삼성,2021-05-06,삼성,한화,A,Final,Loss,5.0,6.0,한밭,
20210506SSHH0_한화,2021-05-06,한화,삼성,H,Final,Win,6.0,5.0,한밭,
20210506LGOB0_LG,2021-05-06,LG,두산,A,Final,Win,7.0,2.0,잠실,
20210506LGOB0_두산,2021-05-06,두산,LG,H,Final,Loss,2.0,7.0,잠실,
20210506HTLT0_KIA,2021-05-06,KIA,롯데,A,Final,Loss,9.0,17.0,사직,
20210506HTLT0_롯데,2021-05-06,롯데,KIA,H,Final,Win,17.0,9.0,사직,
20210506SKNC0_SSG,2021-05-06,SSG,NC,A,Final,Loss,1.0,7.0,창원,
20210506SKNC0_NC,2021-05-06,NC,SSG,H,Final,Win,7.0,1.0,창원,
20210506KTWO0_KT,2021-05-06,KT,키움,A,Final,Loss,4.0,6.0,고척,
20210506KTWO0_키움,2021-05-06,키움,KT,H,Final,Win,6.0,4.0,고척,
20210507LTSS0_롯데,2021-05-07,롯데,삼성,A,Final,Loss,1.0,4.0,대구,
20210507LTSS0_삼성,2021-05-07,삼성,롯데,H,Final,Win,4.0,1.0,대구,
20210508HHLG0_한화,2021-05-08,한화,LG,A,Final,Loss,2.0,11.0,잠실,
20210508HHLG0_LG,2021-05-08,LG,한화,H,Final,Win,11.0,2.0,잠실,
20210508LTSS0_롯데,2021-05-08,롯데,삼성,A,Final,Win,9.0,8.0,대구,
20210508LTSS0_삼성,2021-05-08,삼성,롯데,H,Final,Loss,8.0,9.0,대구,
20210508WOSK0_키움,2021-05-08,키움,SSG,A,Final,Win,9.0,2.0,문학,
20210508WOSK0_SSG,2021-05-08,SSG,키움,H,Final,Loss,2.0,9.0,문학,
20210508OBHT0_두산,2021-05-08,두산,KIA,A,Final,Win,11.0,5.0,광주,
20210508OBHT0_KIA,2021-05-08,KIA,두산,H,Final,Loss,5.0,11.0,광주,
20210508NCKT0_NC,2021-05-08,NC,KT,A,Final,Win,5.0,4.0,수원,
20210508NCKT0_KT,2021-05-08,KT,NC,H,Final,Loss,4.0,5.0,수원,
20210509LTSS0_롯데,2021-05-09,롯데,삼성,A,Final,Loss,6.0,8.0,대구,
20210509LTSS0_삼성,2021-05-09,삼성,롯데,H,Final,Win,8.0,6.0,대구,
20210509HHLG1_한화,2021-05-09,한화,LG,A,Final,Loss,1.0,11.0,잠실,
20210509HHLG1_LG,2021-05-09,LG,한화,H,Final,Win,11.0,1.0,잠실,
20210509WOSK1_키움,2021-05-09,키움,SSG,A,Final,Loss,1.0,4.0,문학,
20210509WOSK1_SSG,2021-05-09,SSG,키움,H,Final,Win,4.0,1.0,문학,
20210509OBHT1_두산,2021-05-09,두산,KIA,A,Final,Win,5.0,3.0,광주,
20210509OBHT1_KIA,2021-05-09,KIA,두산,H,Final,Loss,3.0,5.0,광주,
20210509NCKT1_NC,2021-05-09,NC,KT,A,Final,Win,16.0,11.0,수원,
20210509NCKT1_KT,2021-05-09,KT,NC,H,Final,Loss,11.0,16.0,수원,
20210509HHLG2_한화,2021-05-09,한화,LG,A,Final,Win,5.0,4.0,잠실,
20210509HHLG2_LG,2021-05-09,LG,한화,H,Final,Loss,4.0,5.0,잠실,
20210509WOSK2_키움,2021-05-09,키움,SSG,A,Final,Loss,3.0,4.0,문학,
20210509WOSK2_SSG,2021-05-09,SSG,키움,H,Final,Win,4.0,3.0,문학,
20210509OBHT2_두산,2021-05-09,두산,KIA,A,Final,Win,9.0,0.0,광주,
20210509OBHT2_KIA,2021-05-09,KIA,두산,H,Final,Loss,0.0,9.0,광주,
20210509NCKT2_NC,2021-05-09,NC,KT,A,Final,Loss,5.0,9.0,수원,
20210509NCKT2_KT,2021-05-09,KT,NC,H,Final,Win,9.0,5.0,수원,
20210511NCHH0_NC,2021-05-11,NC,한화,A,Final,Win,7.0,2.0,한밭,
20210511NCHH0_한화,2021-05-11,한화,NC,H,Final,Loss,2.0,7.0,한밭,
20210511WOOB0_키움,2021-05-11,키움,두산,A,Final,Loss,2.0,3.0,잠실,
20210511WOOB0_두산,2021-05-11,두산,키움,H,Final,Win,3.0,2.0,잠실,
20210511SKLT0_SSG,2021-05-11,SSG,롯데,A,Final,Win,7.0,6.0,사직,
20210511SKLT0_롯데,2021-05-11,롯데,SSG,H,Final,Loss,6.0,7.0,사직,
20210511LGHT0_LG,2021-05-11,LG,KIA,A,Final,Loss,1.0,7.0,광주,
20210511LGHT0_KIA,2021-05-11,KIA,LG,H,Final,Win,7.0,1.0,광주,
20210511SSKT0_삼성,2021-05-11,삼성,KT,A,Final,Loss,6.0,9.0,수원,
20210511SSKT0_KT,2021-05-11,KT,삼성,H,Final,Win,9.0,6.0,수원,
20210512NCHH0_NC,2021-05-12,NC,한화,A,Final,Win,6.0,3.0,한밭,
20210512NCHH0_한화,2021-05-12,한화,NC,H,Final,Loss,3.0,6.0,한밭,
20210512WOOB0_키움,2021-05-12,키움,두산,A,Final,Win,3.0,0.0,잠실,
20210512WOOB0_두산,2021-05-12,두산,키움,H,Final,Loss,0.0,3.0,잠실,
20210512SKLT0_SSG,2021-05-12,SSG,롯데,A,Final,Win,9.0,2.0,사직,
20210512SKLT0_롯데,2021-05-12,롯데,SSG,H,Final,Loss,2.0,9.0,사직,
20210512LGHT0_LG,2021-05-12,LG,KIA,A,Final,Loss,3.0,5.0,광주,
20210512LGHT0_KIA,2021-05-12,KIA,LG,H,Final,Win,5.0,3.0,광주,
20210512SSKT0_삼성,2021-05-12,삼성,KT,A,Final,Win,7.0,5.0,수원,
20210512SSKT0_KT,2021-05-12,KT,삼성,H,Final,Loss,5.0,7.0,수원,
20210513NCHH0_NC,2021-05-13,NC,한화,A,Final,Win,4.0,2.0,한밭,
20210513NCHH0_한화,2021-05-13,한화,NC,H,Final,Loss,2.0,4.0,한밭,
20210513WOOB0_키움,2021-05-13,키움,두산,A,Final,Win,14.0,13.0,잠실,
20210513WOOB0_두산,2021-05-13,두산,키움,H,Final,Loss,13.0,14.0,잠실,
20210513SKLT0_SSG,2021-05-13,SSG,롯데,A,Final,Loss,4.0,5.0,사직,
20210513SKLT0_롯데,2021-05-13,롯데,SSG,H,Final,Win,5.0,4.0,사직,
20210513LGHT0_LG,2021-05-13,LG,KIA,A,Final,Win,8.0,3.0,광주,
20210513LGHT0_KIA,2021-05-13,KIA,LG,H,Final,Loss,3.0,8.0,광주,
20210513SSKT0_삼성,2021-05-13,삼성,KT,A,Final,Win,4.0,0.0,수원,
20210513SSKT0_KT,2021-05-13,KT,삼성,H,Final,Loss,0.0,4.0,수원,
20210514SSLG0_삼성,2021-05-14,삼성,LG,A,Final,Loss,3.0,4.0,잠실,
20210514SSLG0_LG,2021-05-14,LG,삼성,H,Final,Win,4.0,3.0,잠실,
20210514KTLT0_KT,2021-05-14,KT,롯데,A,Final,Win,9.0,1.0,사직,
20210514KTLT0_롯데,2021-05-14,롯데,KT,H,Final,Loss,1.0,9.0,사직,
20210514OBSK0_두산,2021-05-14,두산,SSG,A,Final,Win,6.0,3.0,문학,
20210514OBSK0_SSG,2021-05-14,SSG,두산,H,Final,Loss,3.0,6.0,문학,
20210514HHWO0_한화,2021-05-14,한화,키움,A,Final,Win,6.0,1.0,고척,
20210514HHWO0_키움,2021-05-14,키움,한화,H,Final,Loss,1.0,6.0,고척,
20210514HTNC0_KIA,2021-05-14,KIA,NC,A,Final,Loss,2.0,5.0,창원,
20210514HTNC0_NC,2021-05-14,NC,KIA,H,Final,Win,5.0,2.0,창원,
20210515HTNC0_KIA,2021-05-15,KIA,NC,A,Final,Loss,3.0,7.0,창원,
20210515HTNC0_NC,2021-05-15,NC,KIA,H,Final,Win,7.0,3.0,창원,
20210515HHWO0_한화,2021-05-15,한화,키움,A,Final,Loss,1.0,15.0,고척,
20210515HHWO0_키움,2021-05-15,키움,한화,H,Final,Win,15.0,1.0,고척,
20210515SSLG0_삼성,2021-05-15,삼성,LG,A,Final,Loss,4.0,14.0,잠실,
20210515SSLG0_LG,2021-05-15,LG,삼성,H,Final,Win,14.0,4.0,잠실,
20210515KTLT0_KT,2021-05-15,KT,롯데,A,Final,Win,5.0,4.0,사직,
20210515KTLT0_롯데,2021-05-15,롯데,KT,H,Final,Loss,4.0,5.0,사직,
20210516HHWO0_한화,2021-05-16,한화,키움,A,Final,Loss,1.0,5.0,고척,
20210516HHWO0_키움,2021-05-16,키움,한화,H,Final,Win,5.0,1.0,고척,
20210517SSLG0_삼성,2021-05-17,삼성,LG,A,Final,Win,3.0,1.0,잠실,
20210517SSLG0_LG,2021-05-17,LG,삼성,H,Final,Loss,1.0,3.0,잠실,
20210517OBSK0_두산,2021-05-17,두산,SSG,A,Final,Win,8.0,3.0,문학,
20210517OBSK0_SSG,2021-05-17,SSG,두산,H,Final,Loss,3.0,8.0,문학,
20210518LTHH0_롯데,2021-05-18,롯데,한화,A,Final,Win,4.0,3.0,한밭,
20210518LTHH0_한화,2021-05-18,한화,롯데,H,Final,Loss,3.0,4.0,한밭,
20210518NCLG0_NC,2021-05-18,NC,LG,A,Final,Loss,0.0,1.0,잠실,
20210518NCLG0_LG,2021-05-18,LG,NC,H,Final,Win,1.0,0.0,잠실,
20210518WOSS0_키움,2021-05-18,키움,삼성,A,Final,Win,15.0,3.0,대구,
20210518WOSS0_삼성,2021-05-18,삼성,키움,H,Final,Loss,3.0,15.0,대구,
20210518SKHT0_SSG,2021-05-18,SSG,KIA,A,Final,Win,7.0,5.0,광주,
20210518SKHT0_KIA,2021-05-18,KIA,SSG,H,Final,Loss,5.0,7.0,광주,
20210518OBKT0_두산,2021-05-18,두산,KT,A,Final,Loss,0.0,1.0,수원,
20210518OBKT0_KT,2021-05-18,KT,두산,H,Final,Win,1.0,0.0,수원,
20210519LTHH0_롯데,2021-05-19,롯데,한화,A,Final,Loss,2.0,12.0,한밭,
20210519LTHH0_한화,2021-05-19,한화,롯데,H,Final,Win,12.0,2.0,한밭,
20210519NCLG0_NC,2021-05-19,NC,LG,A,Final,Loss,5.0,6.0,잠실,
20210519NCLG0_LG,2021-05-19,LG,NC,H,Final,Win,6.0,5.0,잠실,
20210519WOSS0_키움,2021-05-19,키움,삼성,A,Final,Win,9.0,2.0,대구,
20210519WOSS0_삼성,2021-05-19,삼성,키움,H,Final,Loss,2.0,9.0,대구,
20210519SKHT0_SSG,2021-05-19,SSG,KIA,A,Final,Win,11.0,5.0,광주,
20210519SKHT0_KIA,2021-05-19,KIA,SSG,H,Final,Loss,5.0,11.0,광주,
20210519OBKT0_두산,2021-05-19,두산,KT,A,Final,Loss,5.0,6.0,수원,
20210519OBKT0_KT,2021-05-19,KT,두산,H,Final,Win,6.0,5.0,수원,
20210520NCLG0_NC,2021-05-20,NC,LG,A,Final,Win,11.0,1.0,잠실,
20210520NCLG0_LG,2021-05-20,LG,NC,H,Final,Loss,1.0,11.0,잠실,
20210521KTHH0_KT,2021-05-21,KT,한화,A,Final,Loss,0.0,4.0,한밭,
20210521KTHH0_한화,2021-05-21,한화,KT,H,Final,Win,4.0,0.0,한밭,
20210521LTOB0_롯데,2021-05-21,롯데,두산,A,Final,Win,9.0,1.0,잠실,
20210521LTOB0_두산,2021-05-21,두산,롯데,H,Final,Loss,1.0,9.0,잠실,
20210521HTSS0_KIA,2021-05-21,KIA,삼성,A,Final,Loss,3.0,5.0,대구,
20210521HTSS0_삼성,2021-05-21,삼성,KIA,H,Final,Win,5.0,3.0,대구,
20210521LGSK0_LG,2021-05-21,LG,SSG,A,Final,Loss,5.0,6.0,문학,
20210521LGSK0_SSG,2021-05-21,SSG,LG,H,Final,Win,6.0,5.0,문학,
20210521NCWO0_NC,2021-05-21,NC,키움,A,Final,Loss,0.0,2.0,고척,
20210521NCWO0_키움,2021-05-21,키움,NC,H,Final,Win,2.0,0.0,고척,
20210522KTHH0_KT,2021-05-22,KT,한화,A,Final,Loss,0.0,5.0,한밭,
20210522KTHH0_한화,2021-05-22,한화,KT,H,Final,Win,5.0,0.0,한밭,
20210522LTOB0_롯데,2021-05-22,롯데,두산,A,Final,Loss,3.0,4.0,잠실,
20210522LTOB0_두산,2021-05-22,두산,롯데,H,Final,Win,4.0,3.0,잠실,
20210522HTSS0_KIA,2021-05-22,KIA,삼성,A,Final,Win,9.0,4.0,대구,
20210522HTSS0_삼성,2021-05-22,삼성,KIA,H,Final,Loss,4.0,9.0,대구,
20210522LGSK0_LG,2021-05-22,LG,SSG,A,Final,Loss,3.0,8.0,문학,
20210522LGSK0_SSG,2021-05-22,SSG,LG,H,Final,Win,8.0,3.0,문학,
20210522NCWO0_NC,2021-05-22,NC,키움,A,Final,Loss,6.0,13.0,고척,
20210522NCWO0_키움,2021-05-22,키움,NC,H,Final,Win,13.0,6.0,고척,
20210523KTHH0_KT,2021-05-23,KT,한화,A,Final,Win,8.0,1.0,한밭,
20210523KTHH0_한화,2021-05-23,한화,KT,H,Final,Loss,1.0,8.0,한밭,
20210523LTOB0_롯데,2021-05-23,롯데,두산,A,Final,Loss,0.0,4.0,잠실,
20210523LTOB0_두산,2021-05-23,두산,롯데,H,Final,Win,4.0,0.0,잠실,
20210523HTSS0_KIA,2021-05-23,KIA,삼성,A,Final,Loss,5.0,7.0,대구,
20210523HTSS0_삼성,2021-05-23,삼성,KIA,H,Final,Win,7.0,5.0,대구,
20210523LGSK0_LG,2021-05-23,LG,SSG,A,Final,Loss,0.0,8.0,문학,
20210523LGSK0_SSG,2021-05-23,SSG,LG,H,Final,Win,8.0,0.0,문학,
20210523NCWO0_NC,2021-05-23,NC,키움,A,Final,Loss,4.0,7.0,고척,
20210523NCWO0_키움,2021-05-23,키움,NC,H,Final,Win,7.0,4.0,고척,
20210526HHOB0_한화,2021-05-26,한화,두산,A,Final,Loss,3.0,9.0,잠실,
20210526HHOB0_두산,2021-05-26,두산,한화,H,Final,Win,9.0,3.0,잠실,
20210526LGLT0_LG,2021-05-26,LG,롯데,A,Final,Win,5.0,3.0,사직,
20210526LGLT0_롯데,2021-05-26,롯데,LG,H,Final,Loss,3.0,5.0,사직,
20210526WOHT0_키움,2021-05-26,키움,KIA,A,Final,Loss,2.0,3.0,광주,
20210526WOHT0_KIA,2021-05-26,KIA,키움,H,Final,Win,3.0,2.0,광주,
20210526SKKT0_SSG,2021-05-26,SSG,KT,A,Final,Win,9.0,5.0,수원,
20210526SKKT0_KT,2021-05-26,KT,SSG,H,Final,Loss,5.0,9.0,수원,
20210526SSNC0_삼성,2021-05-26,삼성,NC,A,Final,Win,7.0,1.0,창원,
20210526SSNC0_NC,2021-05-26,NC,삼성,H,Final,Loss,1.0,7.0,창원,
20210527HHOB0_한화,2021-05-27,한화,두산,A,Final,Win,3.0,0.0,잠실,
20210527HHOB0_두산,2021-05-27,두산,한화,H,Final,Loss,0.0,3.0,잠실,
20210527LGLT0_LG,2021-05-27,LG,롯데,A,Final,Win,8.0,1.0,사직,
20210527LGLT0_롯데,2021-05-27,롯데,LG,H,Final,Loss,1.0,8.0,사직,
20210527WOHT0_키움,2021-05-27,키움,KIA,A,Final,Loss,4.0,5.0,광주,
20210527WOHT0_KIA,2021-05-27,KIA,키움,H,Final,Win,5.0,4.0,광주,
20210527SKKT0_SSG,2021-05-27,SSG,KT,A,Final,Loss,5.0,6.0,수원,
20210527SKKT0_KT,2021-05-27,KT,SSG,H,Final,Win,6.0,5.0,수원,
20210527SSNC0_삼성,2021-05-27,삼성,NC,A,Final,Loss,3.0,6.0,창원,
20210527SSNC0_NC,2021-05-27,NC,삼성,H,Final,Win,6.0,3.0,창원,
20210528SKHH0_SSG,2021-05-28,SSG,한화,A,Final,Win,12.0,3.0,한밭,
20210528SKHH0_한화,2021-05-28,한화,SSG,H,Final,Loss,3.0,12.0,한밭,
20210528WOLG0_키움,2021-05-28,키움,LG,A,Final,Loss,1.0,3.0,잠실,
20210528WOLG0_LG,2021-05-28,LG,키움,H,Final,Win,3.0,1.0,잠실,
20210528OBSS0_두산,2021-05-28,두산,삼성,A,Final,Win,9.0,4.0,대구,
20210528OBSS0_삼성,2021-05-28,삼성,두산,H,Final,Loss,4.0,9.0,대구,
20210528KTHT0_KT,2021-05-28,KT,KIA,A,Final,Loss,6.0,7.0,광주,
20210528KTHT0_KIA,2021-05-28,KIA,KT,H,Final,Win,7.0,6.0,광주,
20210529SKHH0_SSG,2021-05-29,SSG,한화,A,Final,Win,6.0,2.0,한밭,
20210529SKHH0_한화,2021-05-29,한화,SSG,H,Final,Loss,2.0,6.0,한밭,
20210529WOLG0_키움,2021-05-29,키움,LG,A,Final,Win,7.0,2.0,잠실,
20210529WOLG0_LG,2021-05-29,LG,키움,H,Final,Loss,2.0,7.0,잠실,
20210529OBSS0_두산,2021-05-29,두산,삼성,A,Final,Loss,4.0,16.0,대구,
20210529OBSS0_삼성,2021-05-29,삼성,두산,H,Final,Win,16.0,4.0,대구,
20210529KTHT0_KT,2021-05-29,KT,KIA,A,Final,Win,7.0,5.0,광주,
20210529KTHT0_KIA,2021-05-29,KIA,KT,H,Final,Loss,5.0,7.0,광주,
20210529NCLT2_NC,2021-05-29,NC,롯데,A,Final,Win,6.0,2.0,사직,
20210529NCLT2_롯데,2021-05-29,롯데,NC,H,Final,Loss,2.0,6.0,사직,
20210530SKHH0_SSG,2021-05-30,SSG,한화,A,Final,Win,5.0,1.0,한밭,
20210530SKHH0_한화,2021-05-30,한화,SSG,H,Final,Loss,1.0,5.0,한밭,
20210530WOLG0_키움,2021-05-30,키움,LG,A,Final,Loss,2.0,8.0,잠실,
20210530WOLG0_LG,2021-05-30,LG,키움,H,Final,Win,8.0,2.0,잠실,
20210530OBSS0_두산,2021-05-30,두산,삼성,A,Final,Win,4.0,2.0,대구,
20210530OBSS0_삼성,2021-05-30,삼성,두산,H,Final,Loss,2.0,4.0,대구,
20210530NCLT0_NC,2021-05-30,NC,롯데,A,Final,Win,5.0,4.0,사직,
20210530NCLT0_롯데,2021-05-30,롯데,NC,H,Final,Loss,4.0,5.0,사직,
20210530KTHT0_KT,2021-05-30,KT,KIA,A,Final,Win,4.0,3.0,광주,
20210530KTHT0_KIA,2021-05-30,KIA,KT,H,Final,Loss,3.0,4.0,광주,
20210601HTHH0_KIA,2021-06-01,KIA,한화,A,Final,Loss,1.0,9.0,한밭,
20210601HTHH0_한화,2021-06-01,한화,KIA,H,Final,Win,9.0,1.0,한밭,
20210601KTLG0_KT,2021-06-01,KT,LG,A,Final,Win,8.0,1.0,잠실,
20210601KTLG0_LG,2021-06-01,LG,KT,H,Final,Loss,1.0,8.0,잠실,
20210601SSSK0_삼성,2021-06-01,삼성,SSG,A,Final,Loss,0.0,1.0,문학,
20210601SSSK0_SSG,2021-06-01,SSG,삼성,H,Final,Win,1.0,0.0,문학,
20210601OBNC0_두산,2021-06-01,두산,NC,A,Final,Win,4.0,3.0,창원,
20210601OBNC0_NC,2021-06-01,NC,두산,H,Final,Loss,3.0,4.0,창원,
20210601LTWO0_롯데,2021-06-01,롯데,키움,A,Final,Win,3.0,0.0,고척,
20210601LTWO0_키움,2021-06-01,키움,롯데,H,Final,Loss,0.0,3.0,고척,
20210602HTHH0_KIA,2021-06-02,KIA,한화,A,Final,Win,5.0,3.0,한밭,
20210602HTHH0_한화,2021-06-02,한화,KIA,H,Final,Loss,3.0,5.0,한밭,
20210602KTLG0_KT,2021-06-02,KT,LG,A,Final,Loss,5.0,6.0,잠실,
20210602KTLG0_LG,2021-06-02,LG,KT,H,Final,Win,6.0,5.0,잠실,
20210602SSSK0_삼성,2021-06-02,삼성,SSG,A,Final,Win,8.0,7.0,문학,
20210602SSSK0_SSG,2021-06-02,SSG,삼성,H,Final,Loss,7.0,8.0,문학,
20210602OBNC0_두산,2021-06-02,두산,NC,A,Final,Loss,5.0,9.0,창원,
20210602OBNC0_NC,2021-06-02,NC,두산,H,Final,Win,9.0,5.0,창원,
20210602LTWO0_롯데,2021-06-02,롯데,키움,A,Final,Win,4.0,2.0,고척,
20210602LTWO0_키움,2021-06-02,키움,롯데,H,Final,Loss,2.0,4.0,고척,
20210603LTWO0_롯데,2021-06-03,롯데,키움,A,Final,Loss,4.0,9.0,고척,
20210603LTWO0_키움,2021-06-03,키움,롯데,H,Final,Win,9.0,4.0,고척,
20210604SKOB0_SSG,2021-06-04,SSG,두산,A,Final,Loss,2.0,3.0,잠실,
20210604SKOB0_두산,2021-06-04,두산,SSG,H,Final,Win,3.0,2.0,잠실,
20210604LGHT0_LG,2021-06-04,LG,KIA,A,Final,Loss,3.0,4.0,광주,
20210604LGHT0_KIA,2021-06-04,KIA,LG,H,Final,Win,4.0,3.0,광주,
20210604LTKT0_롯데,2021-06-04,롯데,KT,A,Final,Win,15.0,0.0,수원,
20210604LTKT0_KT,2021-06-04,KT,롯데,H,Final,Loss,0.0,15.0,수원,
20210604SSWO0_삼성,2021-06-04,삼성,키움,A,Final,Win,6.0,3.0,고척,
20210604SSWO0_키움,2021-06-04,키움,삼성,H,Final,Loss,3.0,6.0,고척,
20210604HHNC0_한화,2021-06-04,한화,NC,A,Final,Loss,3.0,6.0,창원,
20210604HHNC0_NC,2021-06-04,NC,한화,H,Final,Win,6.0,3.0,창원,
20210605SKOB0_SSG,2021-06-05,SSG,두산,A,Final,Loss,5.0,8.0,잠실,
20210605SKOB0_두산,2021-06-05,두산,SSG,H,Final,Win,8.0,5.0,잠실,
20210605LGHT0_LG,2021-06-05,LG,KIA,A,Final,Win,8.0,2.0,광주,
20210605LGHT0_KIA,2021-06-05,KIA,LG,H,Final,Loss,2.0,8.0,광주,
20210605LTKT0_롯데,2021-06-05,롯데,KT,A,Final,Loss,1.0,8.0,수원,
20210605LTKT0_KT,2021-06-05,KT,롯데,H,Final,Win,8.0,1.0,수원,
20210605HHNC0_한화,2021-06-05,한화,NC,A,Final,Loss,1.0,6.0,창원,
20210605HHNC0_NC,2021-06-05,NC,한화,H,Final,Win,6.0,1.0,창원,
20210605SSWO0_삼성,2021-06-05,삼성,키움,A,Final,Loss,2.0,6.0,고척,
20210605SSWO0_키움,2021-06-05,키움,삼성,H,Final,Win,6.0,2.0,고척,
20210606SKOB0_SSG,2021-06-06,SSG,두산,A,Final,Win,4.0,1.0,잠실,
20210606SKOB0_두산,2021-06-06,두산,SSG,H,Final,Loss,1.0,4.0,잠실,
20210606LGHT0_LG,2021-06-06,LG,KIA,A,Final,Win,10.0,0.0,광주,
20210606LGHT0_KIA,2021-06-06,KIA,LG,H,Final,Loss,0.0,10.0,광주,
20210606LTKT0_롯데,2021-06-06,롯데,KT,A,Final,Win,8.0,7.0,수원,
20210606LTKT0_KT,2021-06-06,KT,롯데,H,Final,Loss,7.0,8.0,수원,
20210606HHNC0_한화,2021-06-06,한화,NC,A,Final,Win,13.0,10.0,창원,
20210606HHNC0_NC,2021-06-06,NC,한화,H,Final,Loss,10.0,13.0,창원,
20210606SSWO0_삼성,2021-06-06,삼성,키움,A,Final,Win,3.0,1.0,고척,
20210606SSWO0_키움,2021-06-06,키움,삼성,H,Final,Loss,1.0,3.0,고척,
20210608WOHH0_키움,2021-06-08,키움,한화,A,Final,Loss,2.0,4.0,한밭,
20210608WOHH0_한화,2021-06-08,한화,키움,H,Final,Win,4.0,2.0,한밭,
20210608NCLG0_NC,2021-06-08,NC,LG,A,Final,Loss,1.0,2.0,잠실,
20210608NCLG0_LG,2021-06-08,LG,NC,H,Final,Win,2.0,1.0,잠실,
20210608HTSS0_KIA,2021-06-08,KIA,삼성,A,Final,Loss,0.0,7.0,대구,
20210608HTSS0_삼성,2021-06-08,삼성,KIA,H,Final,Win,7.0,0.0,대구,
20210608OBLT0_두산,2021-06-08,두산,롯데,A,Final,Loss,9.0,18.0,사직,
20210608OBLT0_롯데,2021-06-08,롯데,두산,H,Final,Win,18.0,9.0,사직,
20210608KTSK0_KT,2021-06-08,KT,SSG,A,Final,Win,4.0,2.0,문학,
20210608KTSK0_SSG,2021-06-08,SSG,KT,H,Final,Loss,2.0,4.0,문학,
20210609WOHH0_키움,2021-06-09,키움,한화,A,Final,Win,6.0,2.0,한밭,
20210609WOHH0_한화,2021-06-09,한화,키움,H,Final,Loss,2.0,6.0,한밭,
20210609NCLG0_NC,2021-06-09,NC,LG,A,Final,Loss,3.0,6.0,잠실,
20210609NCLG0_LG,2021-06-09,LG,NC,H,Final,Win,6.0,3.0,잠실,
20210609HTSS0_KIA,2021-06-09,KIA,삼성,A,Final,Win,7.0,5.0,대구,
20210609HTSS0_삼성,2021-06-09,삼성,KIA,H,Final,Loss,5.0,7.0,대구,
20210609OBLT0_두산,2021-06-09,두산,롯데,A,Final,Win,14.0,8.0,사직,
20210609OBLT0_롯데,2021-06-09,롯데,두산,H,Final,Loss,8.0,14.0,사직,
20210609KTSK0_KT,2021-06-09,KT,SSG,A,Final,Win,7.0,3.0,문학,
20210609KTSK0_SSG,2021-06-09,SSG,KT,H,Final,Loss,3.0,7.0,문학,
20210610WOHH0_키움,2021-06-10,키움,한화,A,Final,Loss,0.0,1.0,한밭,
20210610WOHH0_한화,2021-06-10,한화,키움,H,Final,Win,1.0,0.0,한밭,
20210610NCLG0_NC,2021-06-10,NC,LG,A,Final,Win,6.0,0.0,잠실,
20210610NCLG0_LG,2021-06-10,LG,NC,H,Final,Loss,0.0,6.0,잠실,
20210610HTSS0_KIA,2021-06-10,KIA,삼성,A,Final,Loss,2.0,4.0,대구,
20210610HTSS0_삼성,2021-06-10,삼성,KIA,H,Final,Win,4.0,2.0,대구,
20210610OBLT0_두산,2021-06-10,두산,롯데,A,Final,Loss,4.0,5.0,사직,
20210610OBLT0_롯데,2021-06-10,롯데,두산,H,Final,Win,5.0,4.0,사직,
20210611OBLG0_두산,2021-06-11,두산,LG,A,Final,Loss,1.0,3.0,잠실,
20210611OBLG0_LG,2021-06-11,LG,두산,H,Final,Win,3.0,1.0,잠실,
20210611NCSS0_NC,2021-06-11,NC,삼성,A,Final,Win,5.0,4.0,대구,
20210611NCSS0_삼성,2021-06-11,삼성,NC,H,Final,Loss,4.0,5.0,대구,
20210611WOSK0_키움,2021-06-11,키움,SSG,A,Final,Loss,6.0,8.0,문학,
20210611WOSK0_SSG,2021-06-11,SSG,키움,H,Final,Win,8.0,6.0,문학,
20210611HHKT0_한화,2021-06-11,한화,KT,A,Final,Loss,5.0,6.0,수원,
20210611HHKT0_KT,2021-06-11,KT,한화,H,Final,Win,6.0,5.0,수원,
20210612OBLG0_두산,2021-06-12,두산,LG,A,Final,Win,8.0,3.0,잠실,
20210612OBLG0_LG,2021-06-12,LG,두산,H,Final,Loss,3.0,8.0,잠실,
20210612NCSS0_NC,2021-06-12,NC,삼성,A,Final,Loss,1.0,4.0,대구,
20210612NCSS0_삼성,2021-06-12,삼성,NC,H,Final,Win,4.0,1.0,대구,
20210612WOSK0_키움,2021-06-12,키움,SSG,A,Final,Loss,4.0,5.0,문학,
20210612WOSK0_SSG,2021-06-12,SSG,키움,H,Final,Win,5.0,4.0,문학,
20210612HHKT0_한화,2021-06-12,한화,KT,A,Final,Loss,2.0,7.0,수원,
20210612HHKT0_KT,2021-06-12,KT,한화,H,Final,Win,7.0,2.0,수원,
20210613HTLT1_KIA,2021-06-13,KIA,롯데,A,Final,Loss,6.0,8.0,사직,
20210613HTLT1_롯데,2021-06-13,롯데,KIA,H,Final,Win,8.0,6.0,사직,
20210613OBLG0_두산,2021-06-13,두산,LG,A,Final,Loss,0.0,2.0,잠실,
20210613OBLG0_LG,2021-06-13,LG,두산,H,Final,Win,2.0,0.0,잠실,
20210613NCSS0_NC,2021-06-13,NC,삼성,A,Final,Loss,3.0,5.0,대구,
20210613NCSS0_삼성,2021-06-13,삼성,NC,H,Final,Win,5.0,3.0,대구,
20210613WOSK0_키움,2021-06-13,키움,SSG,A,Final,Win,7.0,3.0,문학,
20210613WOSK0_SSG,2021-06-13,SSG,키움,H,Final,Loss,3.0,7.0,문학,
20210613HHKT0_한화,2021-06-13,한화,KT,A,Final,Loss,3.0,6.0,수원,
20210613HHKT0_KT,2021-06-13,KT,한화,H,Final,Win,6.0,3.0,수원,
20210613HTLT2_KIA,2021-06-13,KIA,롯데,A,Final,Win,6.0,3.0,사직,
20210613HTLT2_롯데,2021-06-13,롯데,KIA,H,Final,Loss,3.0,6.0,사직,
20210615LTHH0_롯데,2021-06-15,롯데,한화,A,Final,Loss,2.0,3.0,한밭,
20210615LTHH0_한화,2021-06-15,한화,롯데,H,Final,Win,3.0,2.0,한밭,
20210615SSOB0_삼성,2021-06-15,삼성,두산,A,Final,Win,8.0,6.0,잠실,
20210615SSOB0_두산,2021-06-15,두산,삼성,H,Final,Loss,6.0,8.0,잠실,
20210615LGWO0_LG,2021-06-15,LG,키움,A,Final,Win,4.0,2.0,고척,
20210615LGWO0_키움,2021-06-15,키움,LG,H,Final,Loss,2.0,4.0,고척,
20210616LTHH1_롯데,2021-06-16,롯데,한화,A,Final,Loss,4.0,9.0,한밭,
20210616LTHH1_한화,2021-06-16,한화,롯데,H,Final,Win,9.0,4.0,한밭,
20210616SKHT1_SSG,2021-06-16,SSG,KIA,A,Final,Win,10.0,1.0,광주,
20210616SKHT1_KIA,2021-06-16,KIA,SSG,H,Final,Loss,1.0,10.0,광주,
20210616LTHH2_롯데,2021-06-16,롯데,한화,A,Final,Loss,3.0,4.0,한밭,
20210616LTHH2_한화,2021-06-16,한화,롯데,H,Final,Win,4.0,3.0,한밭,
20210616SKHT2_SSG,2021-06-16,SSG,KIA,A,Final,Loss,0.0,2.0,광주,
20210616SKHT2_KIA,2021-06-16,KIA,SSG,H,Final,Win,2.0,0.0,광주,
20210616SSOB0_삼성,2021-06-16,삼성,두산,A,Final,Win,5.0,3.0,잠실,
20210616SSOB0_두산,2021-06-16,두산,삼성,H,Final,Loss,3.0,5.0,잠실,
20210616KTNC0_KT,2021-06-16,KT,NC,A,Final,Win,7.0,3.0,창원,
20210616KTNC0_NC,2021-06-16,NC,KT,H,Final,Loss,3.0,7.0,창원,
20210616LGWO0_LG,2021-06-16,LG,키움,A,Final,Loss,3.0,6.0,고척,
20210616LGWO0_키움,2021-06-16,키움,LG,H,Final,Win,6.0,3.0,고척,
20210617LTHH0_롯데,2021-06-17,롯데,한화,A,Final,Win,9.0,2.0,한밭,
20210617LTHH0_한화,2021-06-17,한화,롯데,H,Final,Loss,2.0,9.0,한밭,
20210617SSOB0_삼성,2021-06-17,삼성,두산,A,Final,Loss,2.0,6.0,잠실,
20210617SSOB0_두산,2021-06-17,두산,삼성,H,Final,Win,6.0,2.0,잠실,
20210617SKHT0_SSG,2021-06-17,SSG,KIA,A,Final,Win,6.0,3.0,광주,
20210617SKHT0_KIA,2021-06-17,KIA,SSG,H,Final,Loss,3.0,6.0,광주,
20210617KTNC0_KT,2021-06-17,KT,NC,A,Final,Loss,1.0,9.0,창원,
20210617KTNC0_NC,2021-06-17,NC,KT,H,Final,Win,9.0,1.0,창원,
20210617LGWO0_LG,2021-06-17,LG,키움,A,Final,Win,6.0,5.0,고척,
20210617LGWO0_키움,2021-06-17,키움,LG,H,Final,Loss,5.0,6.0,고척,
20210618SKHH0_SSG,2021-06-18,SSG,한화,A,Final,Loss,3.0,4.0,한밭,
20210618SKHH0_한화,2021-06-18,한화,SSG,H,Final,Win,4.0,3.0,한밭,
20210618HTLG0_KIA,2021-06-18,KIA,LG,A,Final,Loss,0.0,5.0,잠실,
20210618HTLG0_LG,2021-06-18,LG,KIA,H,Final,Win,5.0,0.0,잠실,
20210618SSLT0_삼성,2021-06-18,삼성,롯데,A,Final,Loss,4.0,7.0,사직,
20210618SSLT0_롯데,2021-06-18,롯데,삼성,H,Final,Win,7.0,4.0,사직,
20210618OBKT0_두산,2021-06-18,두산,KT,A,Final,Win,11.0,3.0,수원,
20210618OBKT0_KT,2021-06-18,KT,두산,H,Final,Loss,3.0,11.0,수원,
20210618WONC0_키움,2021-06-18,키움,NC,A,Final,Loss,0.0,5.0,창원,
20210618WONC0_NC,2021-06-18,NC,키움,H,Final,Win,5.0,0.0,창원,
20210619OBKT1_두산,2021-06-19,두산,KT,A,Final,Win,9.0,3.0,수원,
20210619OBKT1_KT,2021-06-19,KT,두산,H,Final,Loss,3.0,9.0,수원,
20210619SKHH0_SSG,2021-06-19,SSG,한화,A,Final,Win,7.0,5.0,한밭,
20210619SKHH0_한화,2021-06-19,한화,SSG,H,Final,Loss,5.0,7.0,한밭,
20210619HTLG0_KIA,2021-06-19,KIA,LG,A,Final,Loss,2.0,7.0,잠실,
20210619HTLG0_LG,2021-06-19,LG,KIA,H,Final,Win,7.0,2.0,잠실,
20210619SSLT0_삼성,2021-06-19,삼성,롯데,A,Final,Win,9.0,1.0,사직,
20210619SSLT0_롯데,2021-06-19,롯데,삼성,H,Final,Loss,1.0,9.0,사직,
20210619WONC0_키움,2021-06-19,키움,NC,A,Final,Win,12.0,7.0,창원,
20210619WONC0_NC,2021-06-19,NC,키움,H,Final,Loss,7.0,12.0,창원,
20210619OBKT2_두산,2021-06-19,두산,KT,A,Final,Loss,3.0,4.0,수원,
20210619OBKT2_KT,2021-06-19,KT,두산,H,Final,Win,4.0,3.0,수원,
20210620SKHH0_SSG,2021-06-20,SSG,한화,A,Final,Win,4.0,3.0,한밭,
20210620SKHH0_한화,2021-06-20,한화,SSG,H,Final,Loss,3.0,4.0,한밭,
20210620HTLG0_KIA,2021-06-20,KIA,LG,A,Final,Loss,0.0,6.0,잠실,
20210620HTLG0_LG,2021-06-20,LG,KIA,H,Final,Win,6.0,0.0,잠실,
20210620SSLT0_삼성,2021-06-20,삼성,롯데,A,Final,Loss,7.0,8.0,사직,
20210620SSLT0_롯데,2021-06-20,롯데,삼성,H,Final,Win,8.0,7.0,사직,
20210620OBKT0_두산,2021-06-20,두산,KT,A,Final,Loss,1.0,4.0,수원,
20210620OBKT0_KT,2021-06-20,KT,두산,H,Final,Win,4.0,1.0,수원,
20210620WONC0_키움,2021-06-20,키움,NC,A,Final,Win,8.0,4.0,창원,
20210620WONC0_NC,2021-06-20,NC,키움,H,Final,Loss,4.0,8.0,창원,
20210622WOOB0_키움,2021-06-22,키움,두산,A,Final,Loss,3.0,10.0,잠실,
20210622WOOB0_두산,2021-06-22,두산,키움,H,Final,Win,10.0,3.0,잠실,
20210622HHSS0_한화,2021-06-22,한화,삼성,A,Final,Loss,0.0,9.0,대구,
20210622HHSS0_삼성,2021-06-22,삼성,한화,H,Final,Win,9.0,0.0,대구,
20210622NCLT0_NC,2021-06-22,NC,롯데,A,Final,Win,5.0,2.0,사직,
20210622NCLT0_롯데,2021-06-22,롯데,NC,H,Final,Loss,2.0,5.0,사직,
20210622LGSK0_LG,2021-06-22,LG,SSG,A,Final,Win,14.0,1.0,문학,
20210622LGSK0_SSG,2021-06-22,SSG,LG,H,Final,Loss,1.0,14.0,문학,
20210622HTKT0_KIA,2021-06-22,KIA,KT,A,Final,Loss,3.0,6.0,수원,
20210622HTKT0_KT,2021-06-22,KT,KIA,H,Final,Win,6.0,3.0,수원,
20210623WOOB0_키움,2021-06-23,키움,두산,A,Final,Win,4.0,3.0,잠실,
20210623WOOB0_두산,2021-06-23,두산,키움,H,Final,Loss,3.0,4.0,잠실,
20210623HHSS0_한화,2021-06-23,한화,삼성,A,Final,Loss,0.0,3.0,대구,
20210623HHSS0_삼성,2021-06-23,삼성,한화,H,Final,Win,3.0,0.0,대구,
20210623NCLT0_NC,2021-06-23,NC,롯데,A,Final,Loss,7.0,13.0,사직,
20210623NCLT0_롯데,2021-06-23,롯데,NC,H,Final,Win,13.0,7.0,사직,
20210623LGSK0_LG,2021-06-23,LG,SSG,A,Final,Loss,4.0,7.0,문학,
20210623LGSK0_SSG,2021-06-23,SSG,LG,H,Final,Win,7.0,4.0,문학,
20210623HTKT0_KIA,2021-06-23,KIA,KT,A,Final,Win,2.0,1.0,수원,
20210623HTKT0_KT,2021-06-23,KT,KIA,H,Final,Loss,1.0,2.0,수원,
20210624WOOB0_키움,2021-06-24,키움,두산,A,Final,Win,2.0,1.0,잠실,
20210624WOOB0_두산,2021-06-24,두산,키움,H,Final,Loss,1.0,2.0,잠실,
20210624HHSS0_한화,2021-06-24,한화,삼성,A,Final,Loss,2.0,3.0,대구,
20210624HHSS0_삼성,2021-06-24,삼성,한화,H,Final,Win,3.0,2.0,대구,
20210624NCLT0_NC,2021-06-24,NC,롯데,A,Final,Win,6.0,4.0,사직,
20210624NCLT0_롯데,2021-06-24,롯데,NC,H,Final,Loss,4.0,6.0,사직,
20210624LGSK0_LG,2021-06-24,LG,SSG,A,Final,Loss,5.0,8.0,문학,
20210624LGSK0_SSG,2021-06-24,SSG,LG,H,Final,Win,8.0,5.0,문학,
20210624HTKT0_KIA,2021-06-24,KIA,KT,A,Final,Loss,3.0,6.0,수원,
20210624HTKT0_KT,2021-06-24,KT,KIA,H,Final,Win,6.0,3.0,수원,
20210625KTHH0_KT,2021-06-25,KT,한화,A,Final,Win,2.0,0.0,한밭,
20210625KTHH0_한화,2021-06-25,한화,KT,H,Final,Loss,0.0,2.0,한밭,
20210625LTOB0_롯데,2021-06-25,롯데,두산,A,Final,Win,9.0,1.0,잠실,
20210625LTOB0_두산,2021-06-25,두산,롯데,H,Final,Loss,1.0,9.0,잠실,
20210625HTWO0_KIA,2021-06-25,KIA,키움,A,Final,Loss,5.0,14.0,고척,
20210625HTWO0_키움,2021-06-25,키움,KIA,H,Final,Win,14.0,5.0,고척,
20210625SKNC0_SSG,2021-06-25,SSG,NC,A,Final,Loss,10.0,11.0,창원,
20210625SKNC0_NC,2021-06-25,NC,SSG,H,Final,Win,11.0,10.0,창원,
20210626LGSS2_LG,2021-06-26,LG,삼성,A,Final,Win,10.0,5.0,대구,
20210626LGSS2_삼성,2021-06-26,삼성,LG,H,Final,Loss,5.0,10.0,대구,
20210626KTHH0_KT,2021-06-26,KT,한화,A,Final,Win,11.0,2.0,한밭,
20210626KTHH0_한화,2021-06-26,한화,KT,H,Final,Loss,2.0,11.0,한밭,
20210626LTOB0_롯데,2021-06-26,롯데,두산,A,Final,Win,4.0,3.0,잠실,
20210626LTOB0_두산,2021-06-26,두산,롯데,H,Final,Loss,3.0,4.0,잠실,
20210626HTWO0_KIA,2021-06-26,KIA,키움,A,Final,Loss,1.0,6.0,고척,
20210626HTWO0_키움,2021-06-26,키움,KIA,H,Final,Win,6.0,1.0,고척,
20210626LGSS2_LG,2021-06-26,LG,삼성,A,Final,Loss,7.0,10.0,대구,
20210626LGSS2_삼성,2021-06-26,삼성,LG,H,Final,Win,10.0,7.0,대구,
20210627KTHH0_KT,2021-06-27,KT,한화,A,Final,Win,11.0,1.0,한밭,
20210627KTHH0_한화,2021-06-27,한화,KT,H,Final,Loss,1.0,11.0,한밭,
20210627LTOB0_롯데,2021-06-27,롯데,두산,A,Final,Win,7.0,6.0,잠실,
20210627LTOB0_두산,2021-06-27,두산,롯데,H,Final,Loss,6.0,7.0,잠실,
20210627LGSS0_LG,2021-06-27,LG,삼성,A,Final,Win,9.0,5.0,대구,
20210627LGSS0_삼성,2021-06-27,삼성,LG,H,Final,Loss,5.0,9.0,대구,
20210627SKNC0_SSG,2021-06-27,SSG,NC,A,Final,Loss,3.0,4.0,창원,
20210627SKNC0_NC,2021-06-27,NC,SSG,H,Final,Win,4.0,3.0,창원,
20210627HTWO0_KIA,2021-06-27,KIA,키움,A,Final,Loss,4.0,5.0,고척,
20210627HTWO0_키움,2021-06-27,키움,KIA,H,Final,Win,5.0,4.0,고척,
20210629SSSK0_삼성,2021-06-29,삼성,SSG,A,Final,Loss,3.0,10.0,문학,
20210629SSSK0_SSG,2021-06-29,SSG,삼성,H,Final,Win,10.0,3.0,문학,
20210629NCHT0_NC,2021-06-29,NC,KIA,A,Final,Win,7.0,3.0,광주,
20210629NCHT0_KIA,2021-06-29,KIA,NC,H,Final,Loss,3.0,7.0,광주,
20210629LTWO0_롯데,2021-06-29,롯데,키움,A,Final,Win,13.0,5.0,고척,
20210629LTWO0_키움,2021-06-29,키움,롯데,H,Final,Loss,5.0,13.0,고척,
20210630SSSK2_삼성,2021-06-30,삼성,SSG,A,Final,Loss,4.0,8.0,문학,
20210630SSSK2_SSG,2021-06-30,SSG,삼성,H,Final,Win,8.0,4.0,문학,
20210630OBHH0_두산,2021-06-30,두산,한화,A,Final,Win,8.0,6.0,한밭,
20210630OBHH0_한화,2021-06-30,한화,두산,H,Final,Loss,6.0,8.0,한밭,
20210630LTWO0_롯데,2021-06-30,롯데,키움,A,Final,Loss,5.0,6.0,고척,
20210630LTWO0_키움,2021-06-30,키움,롯데,H,Final,Win,6.0,5.0,고척,
20210701OBHH0_두산,2021-07-01,두산,한화,A,Final,Win,10.0,3.0,한밭,
20210701OBHH0_한화,2021-07-01,한화,두산,H,Final,Loss,3.0,10.0,한밭,
20210701KTLG0_KT,2021-07-01,KT,LG,A,Final,Win,6.0,1.0,잠실,
20210701KTLG0_LG,2021-07-01,LG,KT,H,Final,Loss,1.0,6.0,잠실,
20210701SSSK0_삼성,2021-07-01,삼성,SSG,A,Final,Win,8.0,7.0,문학,
20210701SSSK0_SSG,2021-07-01,SSG,삼성,H,Final,Loss,7.0,8.0,문학,
20210701NCHT0_NC,2021-07-01,NC,KIA,A,Final,Loss,3.0,6.0,광주,
20210701NCHT0_KIA,2021-07-01,KIA,NC,H,Final,Win,6.0,3.0,광주,
20210701LTWO0_롯데,2021-07-01,롯데,키움,A,Final,Loss,1.0,13.0,고척,
20210701LTWO0_키움,2021-07-01,키움,롯데,H,Final,Win,13.0,1.0,고척,
20210702HHLG0_한화,2021-07-02,한화,LG,A,Final,Win,5.0,3.0,잠실,
20210702HHLG0_LG,2021-07-02,LG,한화,H,Final,Loss,3.0,5.0,잠실,
20210702LTSK0_롯데,2021-07-02,롯데,SSG,A,Final,Win,6.0,5.0,문학,
20210702LTSK0_SSG,2021-07-02,SSG,롯데,H,Final,Loss,5.0,6.0,문학,
20210702OBHT0_두산,2021-07-02,두산,KIA,A,Final,Loss,3.0,8.0,광주,
20210702OBHT0_KIA,2021-07-02,KIA,두산,H,Final,Win,8.0,3.0,광주,
20210702WOKT0_키움,2021-07-02,키움,KT,A,Final,Loss,1.0,4.0,수원,
20210702WOKT0_KT,2021-07-02,KT,키움,H,Final,Win,4.0,1.0,수원,
20210702SSNC0_삼성,2021-07-02,삼성,NC,A,Final,Win,5.0,2.0,창원,
20210702SSNC0_NC,2021-07-02,NC,삼성,H,Final,Loss,2.0,5.0,창원,
20210704HHLG0_한화,2021-07-04,한화,LG,A,Final,Loss,0.0,5.0,잠실,
20210704HHLG0_LG,2021-07-04,LG,한화,H,Final,Win,5.0,0.0,잠실,
20210704LTSK0_롯데,2021-07-04,롯데,SSG,A,Final,Win,6.0,4.0,문학,
20210704LTSK0_SSG,2021-07-04,SSG,롯데,H,Final,Loss,4.0,6.0,문학,
20210704OBHT0_두산,2021-07-04,두산,KIA,A,Final,Loss,3.0,7.0,광주,
20210704OBHT0_KIA,2021-07-04,KIA,두산,H,Final,Win,7.0,3.0,광주,
20210704WOKT0_키움,2021-07-04,키움,KT,A,Final,Loss,3.0,12.0,수원,
20210704WOKT0_KT,2021-07-04,KT,키움,H,Final,Win,12.0,3.0,수원,
20210704SSNC0_삼성,2021-07-04,삼성,NC,A,Final,Win,5.0,0.0,창원,
20210704SSNC0_NC,2021-07-04,NC,삼성,H,Final,Loss,0.0,5.0,창원,
20210705HHLG0_한화,2021-07-05,한화,LG,A,Final,Loss,6.0,7.0,잠실,
20210705HHLG0_LG,2021-07-05,LG,한화,H,Final,Win,7.0,6.0,잠실,
20210705LTSK0_롯데,2021-07-05,롯데,SSG,A,Final,Loss,4.0,10.0,문학,
20210705LTSK0_SSG,2021-07-05,SSG,롯데,H,Final,Win,10.0,4.0,문학,
20210705WOKT0_키움,2021-07-05,키움,KT,A,Final,Win,15.0,5.0,수원,
20210705WOKT0_KT,2021-07-05,KT,키움,H,Final,Loss,5.0,15.0,수원,
20210706NCOB0_NC,2021-07-06,NC,두산,A,Final,Win,7.0,3.0,잠실,
20210706NCOB0_두산,2021-07-06,두산,NC,H,Final,Loss,3.0,7.0,잠실,
20210706SKWO0_SSG,2021-07-06,SSG,키움,A,Final,Loss,0.0,4.0,고척,
20210706SKWO0_키움,2021-07-06,키움,SSG,H,Final,Win,4.0,0.0,고척,
20210707HTHH0_KIA,2021-07-07,KIA,한화,A,Final,Win,4.0,1.0,한밭,
20210707HTHH0_한화,2021-07-07,한화,KIA,H,Final,Loss,1.0,4.0,한밭,
20210707NCOB0_NC,2021-07-07,NC,두산,A,Final,Loss,2.0,4.0,잠실,
20210707NCOB0_두산,2021-07-07,두산,NC,H,Final,Win,4.0,2.0,잠실,
20210707SKWO0_SSG,2021-07-07,SSG,키움,A,Final,Loss,2.0,8.0,고척,
20210707SKWO0_키움,2021-07-07,키움,SSG,H,Final,Win,8.0,2.0,고척,
20210708KTSS0_KT,2021-07-08,KT,삼성,A,Final,Win,3.0,2.0,대구,
20210708KTSS0_삼성,2021-07-08,삼성,KT,H,Final,Loss,2.0,3.0,대구,
20210708SKWO0_SSG,2021-07-08,SSG,키움,A,Final,Win,9.0,3.0,고척,
20210708SKWO0_키움,2021-07-08,키움,SSG,H,Final,Loss,3.0,9.0,고척,
20210709LTSS0_롯데,2021-07-09,롯데,삼성,A,Final,Win,9.0,5.0,대구,
20210709LTSS0_삼성,2021-07-09,삼성,롯데,H,Final,Loss,5.0,9.0,대구,
20210709HHSK0_한화,2021-07-09,한화,SSG,A,Final,Win,9.0,3.0,문학,
20210709HHSK0_SSG,2021-07-09,SSG,한화,H,Final,Loss,3.0,9.0,문학,
20210709KTHT0_KT,2021-07-09,KT,KIA,A,Final,Loss,4.0,10.0,광주,
20210709KTHT0_KIA,2021-07-09,KIA,KT,H,Final,Win,10.0,4.0,광주,
20210710LTSS0_롯데,2021-07-10,롯데,삼성,A,Final,Loss,2.0,3.0,대구,
20210710LTSS0_삼성,2021-07-10,삼성,롯데,H,Final,Win,3.0,2.0,대구,
20210710HHSK0_한화,2021-07-10,한화,SSG,A,Final,Win,3.0,1.0,문학,
20210710HHSK0_SSG,2021-07-10,SSG,한화,H,Final,Loss,1.0,3.0,문학,
20210711LTSS0_롯데,2021-07-11,롯데,삼성,A,Final,Loss,0.0,11.0,대구,
20210711LTSS0_삼성,2021-07-11,삼성,롯데,H,Final,Win,11.0,0.0,대구,
20210711HHSK0_한화,2021-07-11,한화,SSG,A,Final,Loss,2.0,8.0,문학,
20210711HHSK0_SSG,2021-07-11,SSG,한화,H,Final,Win,8.0,2.0,문학,
20210711KTHT0_KT,2021-07-11,KT,KIA,A,Final,Loss,0.0,2.0,광주,
20210711KTHT0_KIA,2021-07-11,KIA,KT,H,Final,Win,2.0,0.0,광주,
20210810SKLG0_SSG,2021-08-10,SSG,LG,A,Final,Loss,0.0,4.0,잠실,
20210810SKLG0_LG,2021-08-10,LG,SSG,H,Final,Win,4.0,0.0,잠실,
20210810HHHT0_한화,2021-08-10,한화,KIA,A,Final,Loss,1.0,4.0,광주,
20210810HHHT0_KIA,2021-08-10,KIA,한화,H,Final,Win,4.0,1.0,광주,
20210810LTNC0_롯데,2021-08-10,롯데,NC,A,Final,Win,5.0,2.0,창원,
20210810LTNC0_NC,2021-08-10,NC,롯데,H,Final,Loss,2.0,5.0,창원,
20210810KTWO0_KT,2021-08-10,KT,키움,A,Final,Loss,1.0,3.0,고척,
20210810KTWO0_키움,2021-08-10,키움,KT,H,Final,Win,3.0,1.0,고척,
20210811SKLG0_SSG,2021-08-11,SSG,LG,A,Final,Loss,5.0,12.0,잠실,
20210811SKLG0_LG,2021-08-11,LG,SSG,H,Final,Win,12.0,5.0,잠실,
20210811OBSS0_두산,2021-08-11,두산,삼성,A,Final,Win,8.0,6.0,대구,
20210811OBSS0_삼성,2021-08-11,삼성,두산,H,Final,Loss,6.0,8.0,대구,
20210811LTNC0_롯데,2021-08-11,롯데,NC,A,Final,Win,5.0,4.0,창원,
20210811LTNC0_NC,2021-08-11,NC,롯데,H,Final,Loss,4.0,5.0,창원,
20210811KTWO0_KT,2021-08-11,KT,키움,A,Final,Loss,1.0,4.0,고척,
20210811KTWO0_키움,2021-08-11,키움,KT,H,Final,Win,4.0,1.0,고척,
20210812OBSS0_두산,2021-08-12,두산,삼성,A,Final,Loss,2.0,9.0,대구,
20210812OBSS0_삼성,2021-08-12,삼성,두산,H,Final,Win,9.0,2.0,대구,
20210812LTNC0_롯데,2021-08-12,롯데,NC,A,Final,Loss,4.0,5.0,창원,
20210812LTNC0_NC,2021-08-12,NC,롯데,H,Final,Win,5.0,4.0,창원,
20210812KTWO0_KT,2021-08-12,KT,키움,A,Final,Loss,4.0,6.0,고척,
20210812KTWO0_키움,2021-08-12,키움,KT,H,Final,Win,6.0,4.0,고척,
20210813NCHH0_NC,2021-08-13,NC,한화,A,Final,Win,5.0,1.0,한밭,
20210813NCHH0_한화,2021-08-13,한화,NC,H,Final,Loss,1.0,5.0,한밭,
20210813LTLG0_롯데,2021-08-13,롯데,LG,A,Final,Win,2.0,0.0,잠실,
20210813LTLG0_LG,2021-08-13,LG,롯데,H,Final,Loss,0.0,2.0,잠실,
20210813HTSK0_KIA,2021-08-13,KIA,SSG,A,Final,Win,8.0,1.0,문학,
20210813HTSK0_SSG,2021-08-13,SSG,KIA,H,Final,Loss,1.0,8.0,문학,
20210813SSKT0_삼성,2021-08-13,삼성,KT,A,Final,Loss,6.0,7.0,수원,
20210813SSKT0_KT,2021-08-13,KT,삼성,H,Final,Win,7.0,6.0,수원,
20210813OBWO0_두산,2021-08-13,두산,키움,A,Final,Win,16.0,9.0,고척,
20210813OBWO0_키움,2021-08-13,키움,두산,H,Final,Loss,9.0,16.0,고척,
20210814LTLG0_롯데,2021-08-14,롯데,LG,A,Final,Win,4.0,3.0,잠실,
20210814LTLG0_LG,2021-08-14,LG,롯데,H,Final,Loss,3.0,4.0,잠실,
20210814SSKT0_삼성,2021-08-14,삼성,KT,A,Final,Loss,4.0,8.0,수원,
20210814SSKT0_KT,2021-08-14,KT,삼성,H,Final,Win,8.0,4.0,수원,
20210814OBWO0_두산,2021-08-14,두산,키움,A,Final,Loss,1.0,5.0,고척,
20210814OBWO0_키움,2021-08-14,키움,두산,H,Final,Win,5.0,1.0,고척,
20210815LTLG0_롯데,2021-08-15,롯데,LG,A,Final,Loss,1.0,7.0,잠실,
20210815LTLG0_LG,2021-08-15,LG,롯데,H,Final,Win,7.0,1.0,잠실,
20210815HTSK0_KIA,2021-08-15,KIA,SSG,A,Final,Loss,5.0,10.0,문학,
20210815HTSK0_SSG,2021-08-15,SSG,KIA,H,Final,Win,10.0,5.0,문학,
20210815SSKT0_삼성,2021-08-15,삼성,KT,A,Final,Loss,4.0,6.0,수원,
20210815SSKT0_KT,2021-08-15,KT,삼성,H,Final,Win,6.0,4.0,수원,
20210815OBWO0_두산,2021-08-15,두산,키움,A,Final,Loss,1.0,8.0,고척,
20210815OBWO0_키움,2021-08-15,키움,두산,H,Final,Win,8.0,1.0,고척,
20210817SSHH0_삼성,2021-08-17,삼성,한화,A,Final,Loss,2.0,4.0,한밭,
20210817SSHH0_한화,2021-08-17,한화,삼성,H,Final,Win,4.0,2.0,한밭,
20210817WOLT0_키움,2021-08-17,키움,롯데,A,Final,Loss,0.0,1.0,사직,
20210817WOLT0_롯데,2021-08-17,롯데,키움,H,Final,Win,1.0,0.0,사직,
20210818SSHH0_삼성,2021-08-18,삼성,한화,A,Final,Win,6.0,2.0,한밭,
20210818SSHH0_한화,2021-08-18,한화,삼성,H,Final,Loss,2.0,6.0,한밭,
20210818HTOB0_KIA,2021-08-18,KIA,두산,A,Final,Win,7.0,3.0,잠실,
20210818HTOB0_두산,2021-08-18,두산,KIA,H,Final,Loss,3.0,7.0,잠실,
20210818WOLT0_키움,2021-08-18,키움,롯데,A,Final,Loss,0.0,3.0,사직,
20210818WOLT0_롯데,2021-08-18,롯데,키움,H,Final,Win,3.0,0.0,사직,
20210818NCSK0_NC,2021-08-18,NC,SSG,A,Final,Loss,1.0,6.0,문학,
20210818NCSK0_SSG,2021-08-18,SSG,NC,H,Final,Win,6.0,1.0,문학,
20210818LGKT0_LG,2021-08-18,LG,KT,A,Final,Loss,1.0,8.0,수원,
20210818LGKT0_KT,2021-08-18,KT,LG,H,Final,Win,8.0,1.0,수원,
20210819SSHH0_삼성,2021-08-19,삼성,한화,A,Final,Win,11.0,3.0,한밭,
20210819SSHH0_한화,2021-08-19,한화,삼성,H,Final,Loss,3.0,11.0,한밭,
20210819NCSK0_NC,2021-08-19,NC,SSG,A,Final,Win,8.0,5.0,문학,
20210819NCSK0_SSG,2021-08-19,SSG,NC,H,Final,Loss,5.0,8.0,문학,
20210819LGKT0_LG,2021-08-19,LG,KT,A,Final,Win,1.0,0.0,수원,
20210819LGKT0_KT,2021-08-19,KT,LG,H,Final,Loss,0.0,1.0,수원,
20210820HHOB0_한화,2021-08-20,한화,두산,A,Final,Loss,1.0,9.0,잠실,
20210820HHOB0_두산,2021-08-20,두산,한화,H,Final,Win,9.0,1.0,잠실,
20210820SKSS0_SSG,2021-08-20,SSG,삼성,A,Final,Loss,2.0,3.0,대구,
20210820SKSS0_삼성,2021-08-20,삼성,SSG,H,Final,Win,3.0,2.0,대구,
20210820KTLT0_KT,2021-08-20,KT,롯데,A,Final,Win,5.0,4.0,사직,
20210820KTLT0_롯데,2021-08-20,롯데,KT,H,Final,Loss,4.0,5.0,사직,
20210820WOHT0_키움,2021-08-20,키움,KIA,A,Final,Loss,2.0,3.0,광주,
20210820WOHT0_KIA,2021-08-20,KIA,키움,H,Final,Win,3.0,2.0,광주,
20210820LGNC0_LG,2021-08-20,LG,NC,A,Final,Loss,3.0,8.0,창원,
20210820LGNC0_NC,2021-08-20,NC,LG,H,Final,Win,8.0,3.0,창원,
20210821HHOB0_한화,2021-08-21,한화,두산,A,Final,Win,3.0,1.0,잠실,
20210821HHOB0_두산,2021-08-21,두산,한화,H,Final,Loss,1.0,3.0,잠실,
20210822HHOB0_한화,2021-08-22,한화,두산,A,Final,Win,11.0,3.0,잠실,
20210822HHOB0_두산,2021-08-22,두산,한화,H,Final,Loss,3.0,11.0,잠실,
20210822KTLT0_KT,2021-08-22,KT,롯데,A,Final,Win,3.0,1.0,사직,
20210822KTLT0_롯데,2021-08-22,롯데,KT,H,Final,Loss,1.0,3.0,사직,
20210822WOHT0_키움,2021-08-22,키움,KIA,A,Final,Win,6.0,1.0,광주,
20210822WOHT0_KIA,2021-08-22,KIA,키움,H,Final,Loss,1.0,6.0,광주,
20210822LGNC0_LG,2021-08-22,LG,NC,A,Final,Loss,3.0,4.0,창원,
20210822LGNC0_NC,2021-08-22,NC,LG,H,Final,Win,4.0,3.0,창원,
20210823KTLT0_KT,2021-08-23,KT,롯데,A,Final,Loss,2.0,6.0,사직,
20210823KTLT0_롯데,2021-08-23,롯데,KT,H,Final,Win,6.0,2.0,사직,
20210824HHOB0_한화,2021-08-24,한화,두산,A,Final,Loss,8.0,11.0,잠실,
20210824HHOB0_두산,2021-08-24,두산,한화,H,Final,Win,11.0,8.0,잠실,
20210824SKSS0_SSG,2021-08-24,SSG,삼성,A,Final,Loss,8.0,9.0,대구,
20210824SKSS0_삼성,2021-08-24,삼성,SSG,H,Final,Win,9.0,8.0,대구,
20210824WOHT0_키움,2021-08-24,키움,KIA,A,Final,Win,8.0,2.0,광주,
20210824WOHT0_KIA,2021-08-24,KIA,키움,H,Final,Loss,2.0,8.0,광주,
20210825LTHT0_롯데,2021-08-25,롯데,KIA,A,Final,Loss,6.0,11.0,광주,
20210825LTHT0_KIA,2021-08-25,KIA,롯데,H,Final,Win,11.0,6.0,광주,
20210825SKKT0_SSG,2021-08-25,SSG,KT,A,Final,Loss,1.0,7.0,수원,
20210825SKKT0_KT,2021-08-25,KT,SSG,H,Final,Win,7.0,1.0,수원,
20210825HHWO0_한화,2021-08-25,한화,키움,A,Final,Win,7.0,2.0,고척,
20210825HHWO0_키움,2021-08-25,키움,한화,H,Final,Loss,2.0,7.0,고척,
20210826OBNC2_두산,2021-08-26,두산,NC,A,Final,Win,7.0,0.0,창원,
20210826OBNC2_NC,2021-08-26,NC,두산,H,Final,Loss,0.0,7.0,창원,
20210826OBNC2_두산,2021-08-26,두산,NC,A,Final,Win,5.0,3.0,창원,
20210826OBNC2_NC,2021-08-26,NC,두산,H,Final,Loss,3.0,5.0,창원,
20210826SSLG0_삼성,2021-08-26,삼성,LG,A,Final,Loss,3.0,4.0,잠실,
20210826SSLG0_LG,2021-08-26,LG,삼성,H,Final,Win,4.0,3.0,잠실,
20210826SKKT0_SSG,2021-08-26,SSG,KT,A,Final,Loss,5.0,10.0,수원,
20210826SKKT0_KT,2021-08-26,KT,SSG,H,Final,Win,10.0,5.0,수원,
20210827SSLG0_삼성,2021-08-27,삼성,LG,A,Final,Loss,1.0,3.0,잠실,
20210827SSLG0_LG,2021-08-27,LG,삼성,H,Final,Win,3.0,1.0,잠실,
20210827SKKT0_SSG,2021-08-27,SSG,KT,A,Final,Loss,4.0,6.0,수원,
20210827SKKT0_KT,2021-08-27,KT,SSG,H,Final,Win,6.0,4.0,수원,
20210827HHWO0_한화,2021-08-27,한화,키움,A,Final,Loss,3.0,4.0,고척,
20210827HHWO0_키움,2021-08-27,키움,한화,H,Final,Win,4.0,3.0,고척,
20210827OBNC0_두산,2021-08-27,두산,NC,A,Final,Loss,2.0,4.0,창원,
20210827OBNC0_NC,2021-08-27,NC,두산,H,Final,Win,4.0,2.0,창원,
20210828NCHH0_NC,2021-08-28,NC,한화,A,Final,Loss,1.0,9.0,한밭,
20210828NCHH0_한화,2021-08-28,한화,NC,H,Final,Win,9.0,1.0,한밭,
20210828WOLG0_키움,2021-08-28,키움,LG,A,Final,Loss,2.0,3.0,잠실,
20210828WOLG0_LG,2021-08-28,LG,키움,H,Final,Win,3.0,2.0,잠실,
20210828HTSK0_KIA,2021-08-28,KIA,SSG,A,Final,Loss,4.0,12.0,문학,
20210828HTSK0_SSG,2021-08-28,SSG,KIA,H,Final,Win,12.0,4.0,문학,
20210828SSKT0_삼성,2021-08-28,삼성,KT,A,Final,Win,6.0,5.0,수원,
20210828SSKT0_KT,2021-08-28,KT,삼성,H,Final,Loss,5.0,6.0,수원,
20210829NCHH0_NC,2021-08-29,NC,한화,A,Final,Loss,2.0,3.0,한밭,
20210829NCHH0_한화,2021-08-29,한화,NC,H,Final,Win,3.0,2.0,한밭,
20210829WOLG0_키움,2021-08-29,키움,LG,A,Final,Loss,2.0,11.0,잠실,
20210829WOLG0_LG,2021-08-29,LG,키움,H,Final,Win,11.0,2.0,잠실,
20210829OBLT0_두산,2021-08-29,두산,롯데,A,Final,Loss,2.0,4.0,사직,
20210829OBLT0_롯데,2021-08-29,롯데,두산,H,Final,Win,4.0,2.0,사직,
20210829HTSK0_KIA,2021-08-29,KIA,SSG,A,Final,Loss,0.0,9.0,문학,
20210829HTSK0_SSG,2021-08-29,SSG,KIA,H,Final,Win,9.0,0.0,문학,
20210829SSKT0_삼성,2021-08-29,삼성,KT,A,Final,Loss,3.0,8.0,수원,
20210829SSKT0_KT,2021-08-29,KT,삼성,H,Final,Win,8.0,3.0,수원,
20210831KTHH0_KT,2021-08-31,KT,한화,A,Final,Loss,2.0,5.0,한밭,
20210831KTHH0_한화,2021-08-31,한화,KT,H,Final,Win,5.0,2.0,한밭,
20210831WOSS0_키움,2021-08-31,키움,삼성,A,Final,Loss,2.0,3.0,대구,
20210831WOSS0_삼성,2021-08-31,삼성,키움,H,Final,Win,3.0,2.0,대구,
20210831LGLT0_LG,2021-08-31,LG,롯데,A,Final,Win,9.0,4.0,사직,
20210831LGLT0_롯데,2021-08-31,롯데,LG,H,Final,Loss,4.0,9.0,사직,
20210901HTOB1_KIA,2021-09-01,KIA,두산,A,Final,Loss,0.0,5.0,잠실,
20210901HTOB1_두산,2021-09-01,두산,KIA,H,Final,Win,5.0,0.0,잠실,
20210901WOSS1_키움,2021-09-01,키움,삼성,A,Final,Loss,1.0,7.0,대구,
20210901WOSS1_삼성,2021-09-01,삼성,키움,H,Final,Win,7.0,1.0,대구,
20210901NCSK1_NC,2021-09-01,NC,SSG,A,Final,Win,9.0,2.0,문학,
20210901NCSK1_SSG,2021-09-01,SSG,NC,H,Final,Loss,2.0,9.0,문학,
20210901HTOB2_KIA,2021-09-01,KIA,두산,A,Final,Win,3.0,2.0,잠실,
20210901HTOB2_두산,2021-09-01,두산,KIA,H,Final,Loss,2.0,3.0,잠실,
20210901NCSK2_NC,2021-09-01,NC,SSG,A,Final,Loss,4.0,9.0,문학,
20210901NCSK2_SSG,2021-09-01,SSG,NC,H,Final,Win,9.0,4.0,문학,
20210901KTHH0_KT,2021-09-01,KT,한화,A,Final,Win,8.0,3.0,한밭,
20210901KTHH0_한화,2021-09-01,한화,KT,H,Final,Loss,3.0,8.0,한밭,
20210902NCLG0_NC,2021-09-02,NC,LG,A,Final,Loss,0.0,5.0,잠실,
20210902NCLG0_LG,2021-09-02,LG,NC,H,Final,Win,5.0,0.0,잠실,
20210902OBSK0_두산,2021-09-02,두산,SSG,A,Final,Loss,1.0,10.0,문학,
20210902OBSK0_SSG,2021-09-02,SSG,두산,H,Final,Win,10.0,1.0,문학,
20210902SSHT0_삼성,2021-09-02,삼성,KIA,A,Final,Win,5.0,1.0,광주,
20210902SSHT0_KIA,2021-09-02,KIA,삼성,H,Final,Loss,1.0,5.0,광주,
20210902KTWO0_KT,2021-09-02,KT,키움,A,Final,Loss,0.0,1.0,고척,
20210902KTWO0_키움,2021-09-02,키움,KT,H,Final,Win,1.0,0.0,고척,
20210903HHLT1_한화,2021-09-03,한화,롯데,A,Final,Loss,3.0,6.0,사직,
20210903HHLT1_롯데,2021-09-03,롯데,한화,H,Final,Win,6.0,3.0,사직,
20210903HHLT2_한화,2021-09-03,한화,롯데,A,Final,Loss,0.0,2.0,사직,
20210903HHLT2_롯데,2021-09-03,롯데,한화,H,Final,Win,2.0,0.0,사직,
20210903NCLG0_NC,2021-09-03,NC,LG,A,Final,Win,5.0,2.0,잠실,
20210903NCLG0_LG,2021-09-03,LG,NC,H,Final,Loss,2.0,5.0,잠실,
20210903OBSK0_두산,2021-09-03,두산,SSG,A,Final,Loss,1.0,3.0,문학,
20210903OBSK0_SSG,2021-09-03,SSG,두산,H,Final,Win,3.0,1.0,문학,
20210903SSHT0_삼성,2021-09-03,삼성,KIA,A,Final,Win,9.0,3.0,광주,
20210903SSHT0_KIA,2021-09-03,KIA,삼성,H,Final,Loss,3.0,9.0,광주,
20210903KTWO0_KT,2021-09-03,KT,키움,A,Final,Win,11.0,1.0,고척,
20210903KTWO0_키움,2021-09-03,키움,KT,H,Final,Loss,1.0,11.0,고척,
20210904HTHH0_KIA,2021-09-04,KIA,한화,A,Final,Loss,2.0,6.0,한밭,
20210904HTHH0_한화,2021-09-04,한화,KIA,H,Final,Win,6.0,2.0,한밭,
20210904KTLG0_KT,2021-09-04,KT,LG,A,Final,Win,11.0,1.0,잠실,
20210904KTLG0_LG,2021-09-04,LG,KT,H,Final,Loss,1.0,11.0,잠실,
20210904OBSS0_두산,2021-09-04,두산,삼성,A,Final,Loss,4.0,11.0,대구,
20210904OBSS0_삼성,2021-09-04,삼성,두산,H,Final,Win,11.0,4.0,대구,
20210904LTNC0_롯데,2021-09-04,롯데,NC,A,Final,Win,8.0,2.0,창원,
20210904LTNC0_NC,2021-09-04,NC,롯데,H,Final,Loss,2.0,8.0,창원,
20210904SKWO0_SSG,2021-09-04,SSG,키움,A,Final,Loss,2.0,9.0,고척,
20210904SKWO0_키움,2021-09-04,키움,SSG,H,Final,Win,9.0,2.0,고척,
20210905KTLG0_KT,2021-09-05,KT,LG,A,Final,Win,11.0,0.0,잠실,
20210905KTLG0_LG,2021-09-05,LG,KT,H,Final,Loss,0.0,11.0,잠실,
20210905OBSS0_두산,2021-09-05,두산,삼성,A,Final,Win,6.0,5.0,대구,
20210905OBSS0_삼성,2021-09-05,삼성,두산,H,Final,Loss,5.0,6.0,대구,
20210905LTNC0_롯데,2021-09-05,롯데,NC,A,Final,Loss,3.0,9.0,창원,
20210905LTNC0_NC,2021-09-05,NC,롯데,H,Final,Win,9.0,3.0,창원,
20210905SKWO0_SSG,2021-09-05,SSG,키움,A,Final,Loss,8.0,10.0,고척,
20210905SKWO0_키움,2021-09-05,키움,SSG,H,Final,Win,10.0,8.0,고척,
20210907LTSS0_롯데,2021-09-07,롯데,삼성,A,Final,Win,4.0,2.0,대구,
20210907LTSS0_삼성,2021-09-07,삼성,롯데,H,Final,Loss,2.0,4.0,대구,
20210907HHNC0_한화,2021-09-07,한화,NC,A,Final,Loss,4.0,16.0,창원,
20210907HHNC0_NC,2021-09-07,NC,한화,H,Final,Win,16.0,4.0,창원,
20210908WOOB0_키움,2021-09-08,키움,두산,A,Final,Loss,1.0,7.0,잠실,
20210908WOOB0_두산,2021-09-08,두산,키움,H,Final,Win,7.0,1.0,잠실,
20210908LTSS0_롯데,2021-09-08,롯데,삼성,A,Final,Win,5.0,4.0,대구,
20210908LTSS0_삼성,2021-09-08,삼성,롯데,H,Final,Loss,4.0,5.0,대구,
20210908LGSK0_LG,2021-09-08,LG,SSG,A,Final,Loss,3.0,5.0,문학,
20210908LGSK0_SSG,2021-09-08,SSG,LG,H,Final,Win,5.0,3.0,문학,
20210908HHNC0_한화,2021-09-08,한화,NC,A,Final,Win,3.0,1.0,창원,
20210908HHNC0_NC,2021-09-08,NC,한화,H,Final,Loss,1.0,3.0,창원,
20210909HHLG0_한화,2021-09-09,한화,LG,A,Final,Loss,1.0,8.0,잠실,
20210909HHLG0_LG,2021-09-09,LG,한화,H,Final,Win,8.0,1.0,잠실,
20210909KTSS0_KT,2021-09-09,KT,삼성,A,Final,Loss,7.0,8.0,대구,
20210909KTSS0_삼성,2021-09-09,삼성,KT,H,Final,Win,8.0,7.0,대구,
20210909SKLT0_SSG,2021-09-09,SSG,롯데,A,Final,Win,9.0,2.0,사직,
20210909SKLT0_롯데,2021-09-09,롯데,SSG,H,Final,Loss,2.0,9.0,사직,
20210909OBNC0_두산,2021-09-09,두산,NC,A,Final,Win,6.0,2.0,창원,
20210909OBNC0_NC,2021-09-09,NC,두산,H,Final,Loss,2.0,6.0,창원,
20210909HTWO0_KIA,2021-09-09,KIA,키움,A,Final,Loss,3.0,5.0,고척,
20210909HTWO0_키움,2021-09-09,키움,KIA,H,Final,Win,5.0,3.0,고척,
20210910HHLG0_한화,2021-09-10,한화,LG,A,Final,Loss,0.0,2.0,잠실,
20210910HHLG0_LG,2021-09-10,LG,한화,H,Final,Win,2.0,0.0,잠실,
20210910SKLT0_SSG,2021-09-10,SSG,롯데,A,Final,Loss,3.0,4.0,사직,
20210910SKLT0_롯데,2021-09-10,롯데,SSG,H,Final,Win,4.0,3.0,사직,
20210910HTWO0_KIA,2021-09-10,KIA,키움,A,Final,Loss,3.0,4.0,고척,
20210910HTWO0_키움,2021-09-10,키움,KIA,H,Final,Win,4.0,3.0,고척,
20210910OBNC0_두산,2021-09-10,두산,NC,A,Final,Win,8.0,1.0,창원,
20210910OBNC0_NC,2021-09-10,NC,두산,H,Final,Loss,1.0,8.0,창원,
20210911SSHH0_삼성,2021-09-11,삼성,한화,A,Final,Win,5.0,4.0,한밭,
20210911SSHH0_한화,2021-09-11,한화,삼성,H,Final,Loss,4.0,5.0,한밭,
20210911WOLT0_키움,2021-09-11,키움,롯데,A,Final,Win,13.0,7.0,사직,
20210911WOLT0_롯데,2021-09-11,롯데,키움,H,Final,Loss,7.0,13.0,사직,
20210911NCHT0_NC,2021-09-11,NC,KIA,A,Final,Loss,3.0,5.0,광주,
20210911NCHT0_KIA,2021-09-11,KIA,NC,H,Final,Win,5.0,3.0,광주,
20210912LGOB2_LG,2021-09-12,LG,두산,A,Final,Loss,5.0,8.0,잠실,
20210912LGOB2_두산,2021-09-12,두산,LG,H,Final,Win,8.0,5.0,잠실,
20210912WOLT2_키움,2021-09-12,키움,롯데,A,Final,Win,8.0,3.0,사직,
20210912WOLT2_롯데,2021-09-12,롯데,키움,H,Final,Loss,3.0,8.0,사직,
20210912NCHT2_NC,2021-09-12,NC,KIA,A,Final,Win,8.0,2.0,광주,
20210912NCHT2_KIA,2021-09-12,KIA,NC,H,Final,Loss,2.0,8.0,광주,
20210912SKKT2_SSG,2021-09-12,SSG,KT,A,Final,Loss,0.0,10.0,수원,
20210912SKKT2_KT,2021-09-12,KT,SSG,H,Final,Win,10.0,0.0,수원,
20210912LGOB2_LG,2021-09-12,LG,두산,A,Final,Loss,5.0,8.0,잠실,
20210912LGOB2_두산,2021-09-12,두산,LG,H,Final,Win,8.0,5.0,잠실,
20210912WOLT2_키움,2021-09-12,키움,롯데,A,Final,Loss,2.0,3.0,사직,
20210912WOLT2_롯데,2021-09-12,롯데,키움,H,Final,Win,3.0,2.0,사직,
20210912NCHT2_NC,2021-09-12,NC,KIA,A,Final,Win,3.0,0.0,광주,
20210912NCHT2_KIA,2021-09-12,KIA,NC,H,Final,Loss,0.0,3.0,광주,
20210912SKKT2_SSG,2021-09-12,SSG,KT,A,Final,Loss,2.0,3.0,수원,
20210912SKKT2_KT,2021-09-12,KT,SSG,H,Final,Win,3.0,2.0,수원,
20210914KTOB0_KT,2021-09-14,KT,두산,A,Final,Win,4.0,3.0,잠실,
20210914KTOB0_두산,2021-09-14,두산,KT,H,Final,Loss,3.0,4.0,잠실,
20210914HHSK0_한화,2021-09-14,한화,SSG,A,Final,Win,11.0,5.0,문학,
20210914HHSK0_SSG,2021-09-14,SSG,한화,H,Final,Loss,5.0,11.0,문학,
20210914LTHT0_롯데,2021-09-14,롯데,KIA,A,Final,Win,8.0,7.0,광주,
20210914LTHT0_KIA,2021-09-14,KIA,롯데,H,Final,Loss,7.0,8.0,광주,
20210914WONC0_키움,2021-09-14,키움,NC,A,Final,Loss,8.0,10.0,창원,
20210914WONC0_NC,2021-09-14,NC,키움,H,Final,Win,10.0,8.0,창원,
20210915LTHT1_롯데,2021-09-15,롯데,KIA,A,Final,Win,6.0,3.0,광주,
20210915LTHT1_KIA,2021-09-15,KIA,롯데,H,Final,Loss,3.0,6.0,광주,
20210915LTHT2_롯데,2021-09-15,롯데,KIA,A,Final,Loss,3.0,5.0,광주,
20210915LTHT2_KIA,2021-09-15,KIA,롯데,H,Final,Win,5.0,3.0,광주,
20210915KTOB0_KT,2021-09-15,KT,두산,A,Final,Loss,2.0,6.0,잠실,
20210915KTOB0_두산,2021-09-15,두산,KT,H,Final,Win,6.0,2.0,잠실,
20210915LGSS0_LG,2021-09-15,LG,삼성,A,Final,Win,5.0,2.0,대구,
20210915LGSS0_삼성,2021-09-15,삼성,LG,H,Final,Loss,2.0,5.0,대구,
20210915HHSK0_한화,2021-09-15,한화,SSG,A,Final,Loss,6.0,9.0,문학,
20210915HHSK0_SSG,2021-09-15,SSG,한화,H,Final,Win,9.0,6.0,문학,
20210915WONC0_키움,2021-09-15,키움,NC,A,Final,Loss,2.0,13.0,창원,
20210915WONC0_NC,2021-09-15,NC,키움,H,Final,Win,13.0,2.0,창원,
20210916HTSS0_KIA,2021-09-16,KIA,삼성,A,Final,Win,6.0,5.0,대구,
20210916HTSS0_삼성,2021-09-16,삼성,KIA,H,Final,Loss,5.0,6.0,대구,
20210916LTKT0_롯데,2021-09-16,롯데,KT,A,Final,Loss,4.0,7.0,수원,
20210916LTKT0_KT,2021-09-16,KT,롯데,H,Final,Win,7.0,4.0,수원,
20210916LGNC0_LG,2021-09-16,LG,NC,A,Final,Loss,0.0,2.0,창원,
20210916LGNC0_NC,2021-09-16,NC,LG,H,Final,Win,2.0,0.0,창원,
20210917SKOB0_SSG,2021-09-17,SSG,두산,A,Final,Loss,2.0,7.0,잠실,
20210917SKOB0_두산,2021-09-17,두산,SSG,H,Final,Win,7.0,2.0,잠실,
20210917HTSS0_KIA,2021-09-17,KIA,삼성,A,Final,Loss,3.0,6.0,대구,
20210917HTSS0_삼성,2021-09-17,삼성,KIA,H,Final,Win,6.0,3.0,대구,
20210917LTKT0_롯데,2021-09-17,롯데,KT,A,Final,Win,2.0,0.0,수원,
20210917LTKT0_KT,2021-09-17,KT,롯데,H,Final,Loss,0.0,2.0,수원,
20210917LGNC0_LG,2021-09-17,LG,NC,A,Final,Loss,4.0,6.0,창원,
20210917LGNC0_NC,2021-09-17,NC,LG,H,Final,Win,6.0,4.0,창원,
20210917HHWO0_한화,2021-09-17,한화,키움,A,Final,Win,15.0,5.0,고척,
20210917HHWO0_키움,2021-09-17,키움,한화,H,Final,Loss,5.0,15.0,고척,
20210918LTHH0_롯데,2021-09-18,롯데,한화,A,Final,Loss,2.0,13.0,한밭,
20210918LTHH0_한화,2021-09-18,한화,롯데,H,Final,Win,13.0,2.0,한밭,
20210918HTLG0_KIA,2021-09-18,KIA,LG,A,Final,Win,9.0,6.0,잠실,
20210918HTLG0_LG,2021-09-18,LG,KIA,H,Final,Loss,6.0,9.0,잠실,
20210918SSSK0_삼성,2021-09-18,삼성,SSG,A,Final,Win,9.0,4.0,문학,
20210918SSSK0_SSG,2021-09-18,SSG,삼성,H,Final,Loss,4.0,9.0,문학,
20210918KTNC0_KT,2021-09-18,KT,NC,A,Final,Win,8.0,1.0,창원,
20210918KTNC0_NC,2021-09-18,NC,KT,H,Final,Loss,1.0,8.0,창원,
20210919LTHH0_롯데,2021-09-19,롯데,한화,A,Final,Win,3.0,1.0,한밭,
20210919LTHH0_한화,2021-09-19,한화,롯데,H,Final,Loss,1.0,3.0,한밭,
20210919HTLG0_KIA,2021-09-19,KIA,LG,A,Final,Loss,3.0,4.0,잠실,
20210919HTLG0_LG,2021-09-19,LG,KIA,H,Final,Win,4.0,3.0,잠실,
20210919KTNC0_KT,2021-09-19,KT,NC,A,Final,Win,8.0,2.0,창원,
20210919KTNC0_NC,2021-09-19,NC,KT,H,Final,Loss,2.0,8.0,창원,
20210919OBWO0_두산,2021-09-19,두산,키움,A,Final,Win,6.0,0.0,고척,
20210919OBWO0_키움,2021-09-19,키움,두산,H,Final,Loss,0.0,6.0,고척,
20210921LGHH0_LG,2021-09-21,LG,한화,A,Final,Loss,6.0,15.0,한밭,
20210921LGHH0_한화,2021-09-21,한화,LG,H,Final,Win,15.0,6.0,한밭,
20210921NCOB0_NC,2021-09-21,NC,두산,A,Final,Loss,2.0,12.0,잠실,
20210921NCOB0_두산,2021-09-21,두산,NC,H,Final,Win,12.0,2.0,잠실,
20210921SSLT0_삼성,2021-09-21,삼성,롯데,A,Final,Win,11.0,9.0,사직,
20210921SSLT0_롯데,2021-09-21,롯데,삼성,H,Final,Loss,9.0,11.0,사직,
20210921WOSK0_키움,2021-09-21,키움,SSG,A,Final,Loss,10.0,13.0,문학,
20210921WOSK0_SSG,2021-09-21,SSG,키움,H,Final,Win,13.0,10.0,문학,
20210921KTHT0_KT,2021-09-21,KT,KIA,A,Final,Win,11.0,5.0,광주,
20210921KTHT0_KIA,2021-09-21,KIA,KT,H,Final,Loss,5.0,11.0,광주,
20210922LGHH0_LG,2021-09-22,LG,한화,A,Final,Win,12.0,3.0,한밭,
20210922LGHH0_한화,2021-09-22,한화,LG,H,Final,Loss,3.0,12.0,한밭,
20210922NCOB0_NC,2021-09-22,NC,두산,A,Final,Loss,0.0,8.0,잠실,
20210922NCOB0_두산,2021-09-22,두산,NC,H,Final,Win,8.0,0.0,잠실,
20210922SSLT0_삼성,2021-09-22,삼성,롯데,A,Final,Loss,8.0,17.0,사직,
20210922SSLT0_롯데,2021-09-22,롯데,삼성,H,Final,Win,17.0,8.0,사직,
20210922KTHT0_KT,2021-09-22,KT,KIA,A,Final,Loss,2.0,7.0,광주,
20210922KTHT0_KIA,2021-09-22,KIA,KT,H,Final,Win,7.0,2.0,광주,
20210923SSLG0_삼성,2021-09-23,삼성,LG,A,Final,Win,7.0,4.0,잠실,
20210923SSLG0_LG,2021-09-23,LG,삼성,H,Final,Loss,4.0,7.0,잠실,
20210923LTSK0_롯데,2021-09-23,롯데,SSG,A,Final,Loss,8.0,9.0,문학,
20210923LTSK0_SSG,2021-09-23,SSG,롯데,H,Final,Win,9.0,8.0,문학,
20210923OBHT0_두산,2021-09-23,두산,KIA,A,Final,Win,3.0,1.0,광주,
20210923OBHT0_KIA,2021-09-23,KIA,두산,H,Final,Loss,1.0,3.0,광주,
20210923HHKT0_한화,2021-09-23,한화,KT,A,Final,Loss,1.0,3.0,수원,
20210923HHKT0_KT,2021-09-23,KT,한화,H,Final,Win,3.0,1.0,수원,
20210923NCWO0_NC,2021-09-23,NC,키움,A,Final,Loss,1.0,4.0,고척,
20210923NCWO0_키움,2021-09-23,키움,NC,H,Final,Win,4.0,1.0,고척,
20210924LTSK2_롯데,2021-09-24,롯데,SSG,A,Final,Loss,4.0,9.0,문학,
20210924LTSK2_SSG,2021-09-24,SSG,롯데,H,Final,Win,9.0,4.0,문학,
20210924SSLG0_삼성,2021-09-24,삼성,LG,A,Final,Loss,3.0,11.0,잠실,
20210924SSLG0_LG,2021-09-24,LG,삼성,H,Final,Win,11.0,3.0,잠실,
20210924OBHT0_두산,2021-09-24,두산,KIA,A,Final,Win,8.0,2.0,광주,
20210924OBHT0_KIA,2021-09-24,KIA,두산,H,Final,Loss,2.0,8.0,광주,
20210924HHKT0_한화,2021-09-24,한화,KT,A,Final,Win,4.0,1.0,수원,
20210924HHKT0_KT,2021-09-24,KT,한화,H,Final,Loss,1.0,4.0,수원,
20210924NCWO0_NC,2021-09-24,NC,키움,A,Final,Loss,2.0,3.0,고척,
20210924NCWO0_키움,2021-09-24,키움,NC,H,Final,Win,3.0,2.0,고척,
20210925HHOB0_한화,2021-09-25,한화,두산,A,Final,Win,5.0,1.0,잠실,
20210925HHOB0_두산,2021-09-25,두산,한화,H,Final,Loss,1.0,5.0,잠실,
20210925NCSS0_NC,2021-09-25,NC,삼성,A,Final,Loss,0.0,1.0,대구,
20210925NCSS0_삼성,2021-09-25,삼성,NC,H,Final,Win,1.0,0.0,대구,
20210925SKHT0_SSG,2021-09-25,SSG,KIA,A,Final,Loss,1.0,7.0,광주,
20210925SKHT0_KIA,2021-09-25,KIA,SSG,H,Final,Win,7.0,1.0,광주,
20210925LTWO0_롯데,2021-09-25,롯데,키움,A,Final,Win,12.0,6.0,고척,
20210925LTWO0_키움,2021-09-25,키움,롯데,H,Final,Loss,6.0,12.0,고척,
20210926HHOB0_한화,2021-09-26,한화,두산,A,Final,Loss,3.0,5.0,잠실,
20210926HHOB0_두산,2021-09-26,두산,한화,H,Final,Win,5.0,3.0,잠실,
20210926NCSS0_NC,2021-09-26,NC,삼성,A,Final,Loss,0.0,1.0,대구,
20210926NCSS0_삼성,2021-09-26,삼성,NC,H,Final,Win,1.0,0.0,대구,
20210926SKHT0_SSG,2021-09-26,SSG,KIA,A,Final,Loss,5.0,6.0,광주,
20210926SKHT0_KIA,2021-09-26,KIA,SSG,H,Final,Win,6.0,5.0,광주,
20210926LGKT0_LG,2021-09-26,LG,KT,A,Final,Win,4.0,0.0,수원,
20210926LGKT0_KT,2021-09-26,KT,LG,H,Final,Loss,0.0,4.0,수원,
20210926LTWO0_롯데,2021-09-26,롯데,키움,A,Final,Loss,2.0,11.0,고척,
20210926LTWO0_키움,2021-09-26,키움,롯데,H,Final,Win,11.0,2.0,고척,
20210928LTLG0_롯데,2021-09-28,롯데,LG,A,Final,Loss,2.0,5.0,잠실,
20210928LTLG0_LG,2021-09-28,LG,롯데,H,Final,Win,5.0,2.0,잠실,
20210928SKSS0_SSG,2021-09-28,SSG,삼성,A,Final,Win,7.0,2.0,대구,
20210928SKSS0_삼성,2021-09-28,삼성,SSG,H,Final,Loss,2.0,7.0,대구,
20210928OBKT0_두산,2021-09-28,두산,KT,A,Final,Loss,1.0,5.0,수원,
20210928OBKT0_KT,2021-09-28,KT,두산,H,Final,Win,5.0,1.0,수원,
20210928HTNC0_KIA,2021-09-28,KIA,NC,A,Final,Loss,9.0,10.0,창원,
20210928HTNC0_NC,2021-09-28,NC,KIA,H,Final,Win,10.0,9.0,창원,
20210929HTNC1_KIA,2021-09-29,KIA,NC,A,Final,Loss,1.0,4.0,창원,
20210929HTNC1_NC,2021-09-29,NC,KIA,H,Final,Win,4.0,1.0,창원,
20210929OBKT0_두산,2021-09-29,두산,KT,A,Final,Win,8.0,3.0,수원,
20210929OBKT0_KT,2021-09-29,KT,두산,H,Final,Loss,3.0,8.0,수원,
20210930OBLG0_두산,2021-09-30,두산,LG,A,Final,Loss,4.0,12.0,잠실,
20210930OBLG0_LG,2021-09-30,LG,두산,H,Final,Win,12.0,4.0,잠실,
20210930HHSS0_한화,2021-09-30,한화,삼성,A,Final,Loss,2.0,6.0,대구,
20210930HHSS0_삼성,2021-09-30,삼성,한화,H,Final,Win,6.0,2.0,대구,
20210930KTLT0_KT,2021-09-30,KT,롯데,A,Final,Loss,4.0,8.0,사직,
20210930KTLT0_롯데,2021-09-30,롯데,KT,H,Final,Win,8.0,4.0,사직,
20210930WOHT0_키움,2021-09-30,키움,KIA,A,Final,Win,2.0,0.0,광주,
20210930WOHT0_KIA,2021-09-30,KIA,키움,H,Final,Loss,0.0,2.0,광주,
20210930SKNC0_SSG,2021-09-30,SSG,NC,A,Final,Loss,2.0,6.0,창원,
20210930SKNC0_NC,2021-09-30,NC,SSG,H,Final,Win,6.0,2.0,창원,
20211001KTLT2_KT,2021-10-01,KT,롯데,A,Final,Loss,3.0,4.0,사직,
20211001KTLT2_롯데,2021-10-01,롯데,KT,H,Final,Win,4.0,3.0,사직,
20211001KTLT2_KT,2021-10-01,KT,롯데,A,Final,Loss,2.0,3.0,사직,
20211001KTLT2_롯데,2021-10-01,롯데,KT,H,Final,Win,3.0,2.0,사직,
20211001OBLG0_두산,2021-10-01,두산,LG,A,Final,Win,2.0,0.0,잠실,
20211001OBLG0_LG,2021-10-01,LG,두산,H,Final,Loss,0.0,2.0,잠실,
20211001HHSS0_한화,2021-10-01,한화,삼성,A,Final,Win,8.0,2.0,대구,
20211001HHSS0_삼성,2021-10-01,삼성,한화,H,Final,Loss,2.0,8.0,대구,
20211001WOHT0_키움,2021-10-01,키움,KIA,A,Final,Loss,0.0,6.0,광주,
20211001WOHT0_KIA,2021-10-01,KIA,키움,H,Final,Win,6.0,0.0,광주,
20211002SSOB0_삼성,2021-10-02,삼성,두산,A,Final,Loss,0.0,6.0,잠실,
20211002SSOB0_두산,2021-10-02,두산,삼성,H,Final,Win,6.0,0.0,잠실,
20211002LGWO0_LG,2021-10-02,LG,키움,A,Final,Win,10.0,3.0,고척,
20211002LGWO0_키움,2021-10-02,키움,LG,H,Final,Loss,3.0,10.0,고척,
20211003SSOB0_삼성,2021-10-03,삼성,두산,A,Final,Win,13.0,9.0,잠실,
20211003SSOB0_두산,2021-10-03,두산,삼성,H,Final,Loss,9.0,13.0,잠실,
20211003NCLT0_NC,2021-10-03,NC,롯데,A,Final,Loss,7.0,11.0,사직,
20211003NCLT0_롯데,2021-10-03,롯데,NC,H,Final,Win,11.0,7.0,사직,
20211003KTSK0_KT,2021-10-03,KT,SSG,A,Final,Win,8.0,6.0,문학,
20211003KTSK0_SSG,2021-10-03,SSG,KT,H,Final,Loss,6.0,8.0,문학,
20211003HHHT0_한화,2021-10-03,한화,KIA,A,Final,Loss,6.0,9.0,광주,
20211003HHHT0_KIA,2021-10-03,KIA,한화,H,Final,Win,9.0,6.0,광주,
20211005OBHH0_두산,2021-10-05,두산,한화,A,Final,Loss,3.0,4.0,한밭,
20211005OBHH0_한화,2021-10-05,한화,두산,H,Final,Win,4.0,3.0,한밭,
20211005SKLG0_SSG,2021-10-05,SSG,LG,A,Final,Win,8.0,0.0,잠실,
20211005SKLG0_LG,2021-10-05,LG,SSG,H,Final,Loss,0.0,8.0,잠실,
20211005HTLT0_KIA,2021-10-05,KIA,롯데,A,Final,Loss,3.0,13.0,사직,
20211005HTLT0_롯데,2021-10-05,롯데,KIA,H,Final,Win,13.0,3.0,사직,
20211005SSWO0_삼성,2021-10-05,삼성,키움,A,Final,Loss,2.0,8.0,고척,
20211005SSWO0_키움,2021-10-05,키움,삼성,H,Final,Win,8.0,2.0,고척,
20211006SKLG1_SSG,2021-10-06,SSG,LG,A,Final,Loss,1.0,4.0,잠실,
20211006SKLG1_LG,2021-10-06,LG,SSG,H,Final,Win,4.0,1.0,잠실,
20211006SKLG2_SSG,2021-10-06,SSG,LG,A,Final,Win,11.0,3.0,잠실,
20211006SKLG2_LG,2021-10-06,LG,SSG,H,Final,Loss,3.0,11.0,잠실,
20211006OBHH0_두산,2021-10-06,두산,한화,A,Final,Win,4.0,3.0,한밭,
20211006OBHH0_한화,2021-10-06,한화,두산,H,Final,Loss,3.0,4.0,한밭,
20211006HTLT0_KIA,2021-10-06,KIA,롯데,A,Final,Win,4.0,2.0,사직,
20211006HTLT0_롯데,2021-10-06,롯데,KIA,H,Final,Loss,2.0,4.0,사직,
20211006NCKT0_NC,2021-10-06,NC,KT,A,Final,Win,4.0,2.0,수원,
20211006NCKT0_KT,2021-10-06,KT,NC,H,Final,Loss,2.0,4.0,수원,
20211006SSWO0_삼성,2021-10-06,삼성,키움,A,Final,Win,9.0,3.0,고척,
20211006SSWO0_키움,2021-10-06,키움,삼성,H,Final,Loss,3.0,9.0,고척,
20211007SKHH0_SSG,2021-10-07,SSG,한화,A,Final,Loss,3.0,4.0,한밭,
20211007SKHH0_한화,2021-10-07,한화,SSG,H,Final,Win,4.0,3.0,한밭,
20211007LTOB0_롯데,2021-10-07,롯데,두산,A,Final,Win,7.0,2.0,잠실,
20211007LTOB0_두산,2021-10-07,두산,롯데,H,Final,Loss,2.0,7.0,잠실,
20211007LGHT0_LG,2021-10-07,LG,KIA,A,Final,Win,8.0,1.0,광주,
20211007LGHT0_KIA,2021-10-07,KIA,LG,H,Final,Loss,1.0,8.0,광주,
20211007WOKT0_키움,2021-10-07,키움,KT,A,Final,Loss,2.0,9.0,수원,
20211007WOKT0_KT,2021-10-07,KT,키움,H,Final,Win,9.0,2.0,수원,
20211007SSNC0_삼성,2021-10-07,삼성,NC,A,Final,Win,5.0,4.0,창원,
20211007SSNC0_NC,2021-10-07,NC,삼성,H,Final,Loss,4.0,5.0,창원,
20211008SKHH0_SSG,2021-10-08,SSG,한화,A,Final,Win,7.0,3.0,한밭,
20211008SKHH0_한화,2021-10-08,한화,SSG,H,Final,Loss,3.0,7.0,한밭,
20211008LTOB0_롯데,2021-10-08,롯데,두산,A,Final,Loss,5.0,14.0,잠실,
20211008LTOB0_두산,2021-10-08,두산,롯데,H,Final,Win,14.0,5.0,잠실,
20211008SSNC0_삼성,2021-10-08,삼성,NC,A,Final,Loss,0.0,6.0,창원,
20211008SSNC0_NC,2021-10-08,NC,삼성,H,Final,Win,6.0,0.0,창원,
20211009HTHH0_KIA,2021-10-09,KIA,한화,A,Final,Win,6.0,4.0,한밭,
20211009HTHH0_한화,2021-10-09,한화,KIA,H,Final,Loss,4.0,6.0,한밭,
20211009KTLG0_KT,2021-10-09,KT,LG,A,Final,Loss,1.0,6.0,잠실,
20211009KTLG0_LG,2021-10-09,LG,KT,H,Final,Win,6.0,1.0,잠실,
20211009LTSK0_롯데,2021-10-09,롯데,SSG,A,Final,Loss,0.0,2.0,문학,
20211009LTSK0_SSG,2021-10-09,SSG,롯데,H,Final,Win,2.0,0.0,문학,
20211010OBNC0_두산,2021-10-10,두산,NC,A,Final,Loss,1.0,5.0,창원,
20211010OBNC0_NC,2021-10-10,NC,두산,H,Final,Win,5.0,1.0,창원,
20211010HTHH1_KIA,2021-10-10,KIA,한화,A,Final,Win,3.0,1.0,한밭,
20211010HTHH1_한화,2021-10-10,한화,KIA,H,Final,Loss,1.0,3.0,한밭,
20211010HTHH2_KIA,2021-10-10,KIA,한화,A,Final,Win,5.0,0.0,한밭,
20211010HTHH2_한화,2021-10-10,한화,KIA,H,Final,Loss,0.0,5.0,한밭,
20211011KTLG0_KT,2021-10-11,KT,LG,A,Final,Win,4.0,2.0,잠실,
20211011KTLG0_LG,2021-10-11,LG,KT,H,Final,Loss,2.0,4.0,잠실,
20211012KTOB0_KT,2021-10-12,KT,두산,A,Final,Loss,1.0,4.0,잠실,
20211012KTOB0_두산,2021-10-12,두산,KT,H,Final,Win,4.0,1.0,잠실,
20211012SSHT0_삼성,2021-10-12,삼성,KIA,A,Final,Win,2.0,1.0,광주,
20211012SSHT0_KIA,2021-10-12,KIA,삼성,H,Final,Loss,1.0,2.0,광주,
20211012NCWO0_NC,2021-10-12,NC,키움,A,Final,Loss,2.0,13.0,고척,
20211012NCWO0_키움,2021-10-12,키움,NC,H,Final,Win,13.0,2.0,고척,
20211013KTOB0_KT,2021-10-13,KT,두산,A,Final,Loss,3.0,5.0,잠실,
20211013KTOB0_두산,2021-10-13,두산,KT,H,Final,Win,5.0,3.0,잠실,
20211013SSHT0_삼성,2021-10-13,삼성,KIA,A,Final,Win,5.0,3.0,광주,
20211013SSHT0_KIA,2021-10-13,KIA,삼성,H,Final,Loss,3.0,5.0,광주,
20211013NCWO0_NC,2021-10-13,NC,키움,A,Final,Loss,2.0,8.0,고척,
20211013NCWO0_키움,2021-10-13,키움,NC,H,Final,Win,8.0,2.0,고척,
20211014KTOB0_KT,2021-10-14,KT,두산,A,Final,Win,6.0,2.0,잠실,
20211014KTOB0_두산,2021-10-14,두산,KT,H,Final,Loss,2.0,6.0,잠실,
20211014LGLT0_LG,2021-10-14,LG,롯데,A,Final,Win,13.0,3.0,사직,
20211014LGLT0_롯데,2021-10-14,롯데,LG,H,Final,Loss,3.0,13.0,사직,
20211014SSHT0_삼성,2021-10-14,삼성,KIA,A,Final,Loss,2.0,5.0,광주,
20211014SSHT0_KIA,2021-10-14,KIA,삼성,H,Final,Win,5.0,2.0,광주,
20211014NCWO0_NC,2021-10-14,NC,키움,A,Final,Win,8.0,4.0,고척,
20211014NCWO0_키움,2021-10-14,키움,NC,H,Final,Loss,4.0,8.0,고척,
20211015NCOB0_NC,2021-10-15,NC,두산,A,Final,Win,5.0,0.0,잠실,
20211015NCOB0_두산,2021-10-15,두산,NC,H,Final,Loss,0.0,5.0,잠실,
20211015WOSS0_키움,2021-10-15,키움,삼성,A,Final,Win,2.0,0.0,대구,
20211015WOSS0_삼성,2021-10-15,삼성,키움,H,Final,Loss,0.0,2.0,대구,
20211015LGLT0_LG,2021-10-15,LG,롯데,A,Final,Loss,2.0,4.0,사직,
20211015LGLT0_롯데,2021-10-15,롯데,LG,H,Final,Win,4.0,2.0,사직,
20211016WOSS1_키움,2021-10-16,키움,삼성,A,Final,Loss,5.0,7.0,대구,
20211016WOSS1_삼성,2021-10-16,삼성,키움,H,Final,Win,7.0,5.0,대구,
20211016HTOB0_KIA,2021-10-16,KIA,두산,A,Final,Win,6.0,4.0,잠실,
20211016HTOB0_두산,2021-10-16,두산,KIA,H,Final,Loss,4.0,6.0,잠실,
20211016SKLT0_SSG,2021-10-16,SSG,롯데,A,Final,Win,8.0,4.0,사직,
20211016SKLT0_롯데,2021-10-16,롯데,SSG,H,Final,Loss,4.0,8.0,사직,
20211016HHKT0_한화,2021-10-16,한화,KT,A,Final,Loss,2.0,11.0,수원,
20211016HHKT0_KT,2021-10-16,KT,한화,H,Final,Win,11.0,2.0,수원,
20211016LGNC0_LG,2021-10-16,LG,NC,A,Final,Loss,1.0,2.0,창원,
20211016LGNC0_NC,2021-10-16,NC,LG,H,Final,Win,2.0,1.0,창원,
20211016WOSS2_키움,2021-10-16,키움,삼성,A,Final,Loss,4.0,5.0,대구,
20211016WOSS2_삼성,2021-10-16,삼성,키움,H,Final,Win,5.0,4.0,대구,
20211017WOSS0_키움,2021-10-17,키움,삼성,A,Final,Loss,3.0,6.0,대구,
20211017WOSS0_삼성,2021-10-17,삼성,키움,H,Final,Win,6.0,3.0,대구,
20211017HHKT0_한화,2021-10-17,한화,KT,A,Final,Win,2.0,1.0,수원,
20211017HHKT0_KT,2021-10-17,KT,한화,H,Final,Loss,1.0,2.0,수원,
20211017SKLT2_SSG,2021-10-17,SSG,롯데,A,Final,Win,14.0,4.0,사직,
20211017SKLT2_롯데,2021-10-17,롯데,SSG,H,Final,Loss,4.0,14.0,사직,
20211017LGNC2_LG,2021-10-17,LG,NC,A,Final,Win,11.0,1.0,창원,
20211017LGNC2_NC,2021-10-17,NC,LG,H,Final,Loss,1.0,11.0,창원,
20211017HTOB2_KIA,2021-10-17,KIA,두산,A,Final,Loss,2.0,5.0,잠실,
20211017HTOB2_두산,2021-10-17,두산,KIA,H,Final,Win,5.0,2.0,잠실,
20211017SKLT2_SSG,2021-10-17,SSG,롯데,A,Final,Loss,0.0,3.0,사직,
20211017SKLT2_롯데,2021-10-17,롯데,SSG,H,Final,Win,3.0,0.0,사직,
20211017LGNC2_LG,2021-10-17,LG,NC,A,Final,Win,1.0,0.0,창원,
20211017LGNC2_NC,2021-10-17,NC,LG,H,Final,Loss,0.0,1.0,창원,
20211019WOLG0_키움,2021-10-19,키움,LG,A,Final,Win,5.0,4.0,잠실,
20211019WOLG0_LG,2021-10-19,LG,키움,H,Final,Loss,4.0,5.0,잠실,
20211019OBSS0_두산,2021-10-19,두산,삼성,A,Final,Win,5.0,0.0,대구,
20211019OBSS0_삼성,2021-10-19,삼성,두산,H,Final,Loss,0.0,5.0,대구,
20211019SKHT0_SSG,2021-10-19,SSG,KIA,A,Final,Loss,4.0,5.0,광주,
20211019SKHT0_KIA,2021-10-19,KIA,SSG,H,Final,Win,5.0,4.0,광주,
20211019KTNC0_KT,2021-10-19,KT,NC,A,Final,Loss,2.0,4.0,창원,
20211019KTNC0_NC,2021-10-19,NC,KT,H,Final,Win,4.0,2.0,창원,
20211020WOLG0_키움,2021-10-20,키움,LG,A,Final,Win,6.0,5.0,잠실,
20211020WOLG0_LG,2021-10-20,LG,키움,H,Final,Loss,5.0,6.0,잠실,
20211020KTHT0_KT,2021-10-20,KT,KIA,A,Final,Loss,0.0,3.0,광주,
20211020KTHT0_KIA,2021-10-20,KIA,KT,H,Final,Win,3.0,0.0,광주,
20211021OBSK0_두산,2021-10-21,두산,SSG,A,Final,Loss,1.0,7.0,문학,
20211021OBSK0_SSG,2021-10-21,SSG,두산,H,Final,Win,7.0,1.0,문학,
20211021HHHT0_한화,2021-10-21,한화,KIA,A,Final,Win,13.0,2.0,광주,
20211021HHHT0_KIA,2021-10-21,KIA,한화,H,Final,Loss,2.0,13.0,광주,
20211022KTSS0_KT,2021-10-22,KT,삼성,A,Final,Loss,2.0,4.0,대구,
20211022KTSS0_삼성,2021-10-22,삼성,KT,H,Final,Win,4.0,2.0,대구,
20211022HHLT0_한화,2021-10-22,한화,롯데,A,Final,Loss,0.0,1.0,사직,
20211022HHLT0_롯데,2021-10-22,롯데,한화,H,Final,Win,1.0,0.0,사직,
20211022OBSK0_두산,2021-10-22,두산,SSG,A,Final,Loss,6.0,12.0,문학,
20211022OBSK0_SSG,2021-10-22,SSG,두산,H,Final,Win,12.0,6.0,문학,
20211022HTNC0_KIA,2021-10-22,KIA,NC,A,Final,Win,5.0,3.0,창원,
20211022HTNC0_NC,2021-10-22,NC,KIA,H,Final,Loss,3.0,5.0,창원,
20211023HTNC2_KIA,2021-10-23,KIA,NC,A,Final,Win,7.0,4.0,창원,
20211023HTNC2_NC,2021-10-23,NC,KIA,H,Final,Loss,4.0,7.0,창원,
20211023KTSS0_KT,2021-10-23,KT,삼성,A,Final,Loss,0.0,4.0,대구,
20211023KTSS0_삼성,2021-10-23,삼성,KT,H,Final,Win,4.0,0.0,대구,
20211023HTNC2_KIA,2021-10-23,KIA,NC,A,Final,Loss,2.0,5.0,창원,
20211023HTNC2_NC,2021-10-23,NC,KIA,H,Final,Win,5.0,2.0,창원,
20211024HHLT0_한화,2021-10-24,한화,롯데,A,Final,Loss,2.0,3.0,사직,
20211024HHLT0_롯데,2021-10-24,롯데,한화,H,Final,Win,3.0,2.0,사직,
20211024WOKT0_키움,2021-10-24,키움,KT,A,Final,Loss,1.0,7.0,수원,
20211024WOKT0_KT,2021-10-24,KT,키움,H,Final,Win,7.0,1.0,수원,
20211024HTNC0_KIA,2021-10-24,KIA,NC,A,Final,Loss,1.0,4.0,창원,
20211024HTNC0_NC,2021-10-24,NC,KIA,H,Final,Win,4.0,1.0,창원,
20211024LGOB2_LG,2021-10-24,LG,두산,A,Final,Loss,4.0,5.0,잠실,
20211024LGOB2_두산,2021-10-24,두산,LG,H,Final,Win,5.0,4.0,잠실,
20211025WOHH0_키움,2021-10-25,키움,한화,A,Final,Win,9.0,4.0,한밭,
20211025WOHH0_한화,2021-10-25,한화,키움,H,Final,Loss,4.0,9.0,한밭,
20211026LGHH0_LG,2021-10-26,LG,한화,A,Final,Win,4.0,0.0,한밭,
20211026LGHH0_한화,2021-10-26,한화,LG,H,Final,Loss,0.0,4.0,한밭,
20211026WOOB0_키움,2021-10-26,키움,두산,A,Final,Loss,2.0,7.0,잠실,
20211026WOOB0_두산,2021-10-26,두산,키움,H,Final,Win,7.0,2.0,잠실,
20211026SKNC0_SSG,2021-10-26,SSG,NC,A,Final,Win,7.0,5.0,창원,
20211026SKNC0_NC,2021-10-26,NC,SSG,H,Final,Loss,5.0,7.0,창원,
20211027LGHH0_LG,2021-10-27,LG,한화,A,Final,Win,9.0,1.0,한밭,
20211027LGHH0_한화,2021-10-27,한화,LG,H,Final,Loss,1.0,9.0,한밭,
20211027HTLT0_KIA,2021-10-27,KIA,롯데,A,Final,Win,3.0,2.0,사직,
20211027HTLT0_롯데,2021-10-27,롯데,KIA,H,Final,Loss,2.0,3.0,사직,
20211027OBSK0_두산,2021-10-27,두산,SSG,A,Final,Win,8.0,5.0,문학,
20211027OBSK0_SSG,2021-10-27,SSG,두산,H,Final,Loss,5.0,8.0,문학,
20211027NCKT0_NC,2021-10-27,NC,KT,A,Final,Win,9.0,6.0,수원,
20211027NCKT0_KT,2021-10-27,KT,NC,H,Final,Loss,6.0,9.0,수원,
20211027SSWO0_삼성,2021-10-27,삼성,키움,A,Final,Loss,3.0,8.0,고척,
20211027SSWO0_키움,2021-10-27,키움,삼성,H,Final,Win,8.0,3.0,고척,
20211028NCKT2_NC,2021-10-28,NC,KT,A,Final,Loss,2.0,5.0,수원,
20211028NCKT2_KT,2021-10-28,KT,NC,H,Final,Win,5.0,2.0,수원,
20211028HTLT0_KIA,2021-10-28,KIA,롯데,A,Final,Win,5.0,3.0,사직,
20211028HTLT0_롯데,2021-10-28,롯데,KIA,H,Final,Loss,3.0,5.0,사직,
20211028OBSK0_두산,2021-10-28,두산,SSG,A,Final,Loss,3.0,4.0,문학,
20211028OBSK0_SSG,2021-10-28,SSG,두산,H,Final,Win,4.0,3.0,문학,
20211029LGLT0_LG,2021-10-29,LG,롯데,A,Final,Win,4.0,1.0,사직,
20211029LGLT0_롯데,2021-10-29,롯데,LG,H,Final,Loss,1.0,4.0,사직,
20211029OBHT0_두산,2021-10-29,두산,KIA,A,Final,Win,11.0,5.0,광주,
20211029OBHT0_KIA,2021-10-29,KIA,두산,H,Final,Loss,5.0,11.0,광주,
20211029KTWO0_KT,2021-10-29,KT,키움,A,Final,Loss,2.0,4.0,고척,
20211029KTWO0_키움,2021-10-29,키움,KT,H,Final,Win,4.0,2.0,고척,
20211029SSNC0_삼성,2021-10-29,삼성,NC,A,Final,Loss,1.0,3.0,창원,
20211029SSNC0_NC,2021-10-29,NC,삼성,H,Final,Win,3.0,1.0,창원,
20211030OBHH0_두산,2021-10-30,두산,한화,A,Final,Win,5.0,3.0,한밭,
20211030OBHH0_한화,2021-10-30,한화,두산,H,Final,Loss,3.0,5.0,한밭,
20211030LGLT0_LG,2021-10-30,LG,롯데,A,Final,Loss,2.0,4.0,사직,
20211030LGLT0_롯데,2021-10-30,롯데,LG,H,Final,Win,4.0,2.0,사직,
20211030KTSK0_KT,2021-10-30,KT,SSG,A,Final,Win,8.0,3.0,문학,
20211030KTSK0_SSG,2021-10-30,SSG,KT,H,Final,Loss,3.0,8.0,문학,
20211030WOHT0_키움,2021-10-30,키움,KIA,A,Final,Win,6.0,1.0,광주,
20211030WOHT0_KIA,2021-10-30,KIA,키움,H,Final,Loss,1.0,6.0,광주,
20211030SSNC0_삼성,2021-10-30,삼성,NC,A,Final,Win,11.0,5.0,창원,
20211030SSNC0_NC,2021-10-30,NC,삼성,H,Final,Loss,5.0,11.0,창원,
20220402HHOB0_한화,2022-04-02,한화,두산,A,Final,Loss,4.0,6.0,잠실,
20220402HHOB0_두산,2022-04-02,두산,한화,H,Final,Win,6.0,4.0,잠실,
20220402LGHT0_LG,2022-04-02,LG,KIA,A,Final,Win,9.0,0.0,광주,
20220402LGHT0_KIA,2022-04-02,KIA,LG,H,Final,Loss,0.0,9.0,광주,
20220402SSKT0_삼성,2022-04-02,삼성,KT,A,Final,Loss,1.0,4.0,수원,
20220402SSKT0_KT,2022-04-02,KT,삼성,H,Final,Win,4.0,1.0,수원,
20220402SKNC0_SSG,2022-04-02,SSG,NC,A,Final,Win,4.0,0.0,창원,
20220402SKNC0_NC,2022-04-02,NC,SSG,H,Final,Loss,0.0,4.0,창원,
20220402LTWO0_롯데,2022-04-02,롯데,키움,A,Final,Win,7.0,2.0,고척,
20220402LTWO0_키움,2022-04-02,키움,롯데,H,Final,Loss,2.0,7.0,고척,
20220403HHOB0_한화,2022-04-03,한화,두산,A,Final,Loss,0.0,1.0,잠실,
20220403HHOB0_두산,2022-04-03,두산,한화,H,Final,Win,1.0,0.0,잠실,
20220403LGHT0_LG,2022-04-03,LG,KIA,A,Final,Win,3.0,2.0,광주,
20220403LGHT0_KIA,2022-04-03,KIA,LG,H,Final,Loss,2.0,3.0,광주,
20220403SSKT0_삼성,2022-04-03,삼성,KT,A,Final,Win,6.0,5.0,수원,
20220403SSKT0_KT,2022-04-03,KT,삼성,H,Final,Loss,5.0,6.0,수원,
20220403SKNC0_SSG,2022-04-03,SSG,NC,A,Final,Win,4.0,1.0,창원,
20220403SKNC0_NC,2022-04-03,NC,SSG,H,Final,Loss,1.0,4.0,창원,
20220403LTWO0_롯데,2022-04-03,롯데,키움,A,Final,Loss,3.0,4.0,고척,
20220403LTWO0_키움,2022-04-03,키움,롯데,H,Final,Win,4.0,3.0,고척,
20220405SSOB0_삼성,2022-04-05,삼성,두산,A,Final,Win,6.0,5.0,잠실,
20220405SSOB0_두산,2022-04-05,두산,삼성,H,Final,Loss,5.0,6.0,잠실,
20220405HHHT0_한화,2022-04-05,한화,KIA,A,Final,Loss,3.0,4.0,광주,
20220405HHHT0_KIA,2022-04-05,KIA,한화,H,Final,Win,4.0,3.0,광주,
20220405SKKT0_SSG,2022-04-05,SSG,KT,A,Final,Win,8.0,5.0,수원,
20220405SKKT0_KT,2022-04-05,KT,SSG,H,Final,Loss,5.0,8.0,수원,
20220405LTNC0_롯데,2022-04-05,롯데,NC,A,Final,Win,5.0,1.0,창원,
20220405LTNC0_NC,2022-04-05,NC,롯데,H,Final,Loss,1.0,5.0,창원,
20220405LGWO0_LG,2022-04-05,LG,키움,A,Final,Win,8.0,4.0,고척,
20220405LGWO0_키움,2022-04-05,키움,LG,H,Final,Loss,4.0,8.0,고척,
20220406SSOB0_삼성,2022-04-06,삼성,두산,A,Final,Win,7.0,1.0,잠실,
20220406SSOB0_두산,2022-04-06,두산,삼성,H,Final,Loss,1.0,7.0,잠실,
20220406HHHT0_한화,2022-04-06,한화,KIA,A,Final,Loss,4.0,7.0,광주,
20220406HHHT0_KIA,2022-04-06,KIA,한화,H,Final,Win,7.0,4.0,광주,
20220406SKKT0_SSG,2022-04-06,SSG,KT,A,Final,Win,3.0,0.0,수원,
20220406SKKT0_KT,2022-04-06,KT,SSG,H,Final,Loss,0.0,3.0,수원,
20220406LTNC0_롯데,2022-04-06,롯데,NC,A,Final,Loss,0.0,5.0,창원,
20220406LTNC0_NC,2022-04-06,NC,롯데,H,Final,Win,5.0,0.0,창원,
20220406LGWO0_LG,2022-04-06,LG,키움,A,Final,Win,2.0,1.0,고척,
20220406LGWO0_키움,2022-04-06,키움,LG,H,Final,Loss,1.0,2.0,고척,
20220407SSOB0_삼성,2022-04-07,삼성,두산,A,Final,Loss,5.0,6.0,잠실,
20220407SSOB0_두산,2022-04-07,두산,삼성,H,Final,Win,6.0,5.0,잠실,
20220407HHHT0_한화,2022-04-07,한화,KIA,A,Final,Loss,2.0,6.0,광주,
20220407HHHT0_KIA,2022-04-07,KIA,한화,H,Final,Win,6.0,2.0,광주,
20220407SKKT0_SSG,2022-04-07,SSG,KT,A,Final,Win,4.0,3.0,수원,
20220407SKKT0_KT,2022-04-07,KT,SSG,H,Final,Loss,3.0,4.0,수원,
20220407LTNC0_롯데,2022-04-07,롯데,NC,A,Final,Win,2.0,1.0,창원,
20220407LTNC0_NC,2022-04-07,NC,롯데,H,Final,Loss,1.0,2.0,창원,
20220407LGWO0_LG,2022-04-07,LG,키움,A,Final,Win,6.0,0.0,고척,
20220407LGWO0_키움,2022-04-07,키움,LG,H,Final,Loss,0.0,6.0,고척,
20220408KTHH0_KT,2022-04-08,KT,한화,A,Final,Win,4.0,2.0,한밭,
20220408KTHH0_한화,2022-04-08,한화,KT,H,Final,Loss,2.0,4.0,한밭,
20220408NCLG0_NC,2022-04-08,NC,LG,A,Final,Win,4.0,1.0,잠실,
20220408NCLG0_LG,2022-04-08,LG,NC,H,Final,Loss,1.0,4.0,잠실,
20220408WOSS0_키움,2022-04-08,키움,삼성,A,Final,Win,1.0,0.0,대구,
20220408WOSS0_삼성,2022-04-08,삼성,키움,H,Final,Loss,0.0,1.0,대구,
20220408OBLT0_두산,2022-04-08,두산,롯데,A,Final,Win,6.0,1.0,사직,
20220408OBLT0_롯데,2022-04-08,롯데,두산,H,Final,Loss,1.0,6.0,사직,
20220408HTSK0_KIA,2022-04-08,KIA,SSG,A,Final,Loss,0.0,3.0,문학,
20220408HTSK0_SSG,2022-04-08,SSG,KIA,H,Final,Win,3.0,0.0,문학,
20220409KTHH0_KT,2022-04-09,KT,한화,A,Final,Loss,1.0,7.0,한밭,
20220409KTHH0_한화,2022-04-09,한화,KT,H,Final,Win,7.0,1.0,한밭,
20220409NCLG0_NC,2022-04-09,NC,LG,A,Final,Loss,6.0,7.0,잠실,
20220409NCLG0_LG,2022-04-09,LG,NC,H,Final,Win,7.0,6.0,잠실,
20220409WOSS0_키움,2022-04-09,키움,삼성,A,Final,Win,3.0,0.0,대구,
20220409WOSS0_삼성,2022-04-09,삼성,키움,H,Final,Loss,0.0,3.0,대구,
20220409OBLT0_두산,2022-04-09,두산,롯데,A,Final,Loss,4.0,5.0,사직,
20220409OBLT0_롯데,2022-04-09,롯데,두산,H,Final,Win,5.0,4.0,사직,
20220409HTSK0_KIA,2022-04-09,KIA,SSG,A,Final,Loss,5.0,9.0,문학,
20220409HTSK0_SSG,2022-04-09,SSG,KIA,H,Final,Win,9.0,5.0,문학,
20220410KTHH0_KT,2022-04-10,KT,한화,A,Final,Loss,4.0,6.0,한밭,
20220410KTHH0_한화,2022-04-10,한화,KT,H,Final,Win,6.0,4.0,한밭,
20220410NCLG0_NC,2022-04-10,NC,LG,A,Final,Loss,3.0,5.0,잠실,
20220410NCLG0_LG,2022-04-10,LG,NC,H,Final,Win,5.0,3.0,잠실,
20220410WOSS0_키움,2022-04-10,키움,삼성,A,Final,Win,6.0,5.0,대구,
20220410WOSS0_삼성,2022-04-10,삼성,키움,H,Final,Loss,5.0,6.0,대구,
20220410OBLT0_두산,2022-04-10,두산,롯데,A,Final,Win,4.0,3.0,사직,
20220410OBLT0_롯데,2022-04-10,롯데,두산,H,Final,Loss,3.0,4.0,사직,
20220410HTSK0_KIA,2022-04-10,KIA,SSG,A,Final,Loss,2.0,11.0,문학,
20220410HTSK0_SSG,2022-04-10,SSG,KIA,H,Final,Win,11.0,2.0,문학,
20220412SKLG0_SSG,2022-04-12,SSG,LG,A,Final,Win,4.0,1.0,잠실,
20220412SKLG0_LG,2022-04-12,LG,SSG,H,Final,Loss,1.0,4.0,잠실,
20220412HHSS0_한화,2022-04-12,한화,삼성,A,Final,Loss,0.0,2.0,대구,
20220412HHSS0_삼성,2022-04-12,삼성,한화,H,Final,Win,2.0,0.0,대구,
20220412LTHT0_롯데,2022-04-12,롯데,KIA,A,Final,Loss,5.0,6.0,광주,
20220412LTHT0_KIA,2022-04-12,KIA,롯데,H,Final,Win,6.0,5.0,광주,
20220412OBKT0_두산,2022-04-12,두산,KT,A,Final,Win,3.0,1.0,수원,
20220412OBKT0_KT,2022-04-12,KT,두산,H,Final,Loss,1.0,3.0,수원,
20220412NCWO0_NC,2022-04-12,NC,키움,A,Final,Loss,0.0,10.0,고척,
20220412NCWO0_키움,2022-04-12,키움,NC,H,Final,Win,10.0,0.0,고척,
20220413SKLG0_SSG,2022-04-13,SSG,LG,A,Final,Win,4.0,2.0,잠실,
20220413SKLG0_LG,2022-04-13,LG,SSG,H,Final,Loss,2.0,4.0,잠실,
20220413HHSS0_한화,2022-04-13,한화,삼성,A,Final,Loss,1.0,12.0,대구,
20220413HHSS0_삼성,2022-04-13,삼성,한화,H,Final,Win,12.0,1.0,대구,
20220413NCWO0_NC,2022-04-13,NC,키움,A,Final,Loss,4.0,5.0,고척,
20220413NCWO0_키움,2022-04-13,키움,NC,H,Final,Win,5.0,4.0,고척,
20220414SKLG0_SSG,2022-04-14,SSG,LG,A,Final,Loss,1.0,5.0,잠실,
20220414SKLG0_LG,2022-04-14,LG,SSG,H,Final,Win,5.0,1.0,잠실,
20220414HHSS0_한화,2022-04-14,한화,삼성,A,Final,Loss,3.0,8.0,대구,
20220414HHSS0_삼성,2022-04-14,삼성,한화,H,Final,Win,8.0,3.0,대구,
20220414LTHT0_롯데,2022-04-14,롯데,KIA,A,Final,Win,3.0,2.0,광주,
20220414LTHT0_KIA,2022-04-14,KIA,롯데,H,Final,Loss,2.0,3.0,광주,
20220414OBKT0_두산,2022-04-14,두산,KT,A,Final,Win,5.0,4.0,수원,
20220414OBKT0_KT,2022-04-14,KT,두산,H,Final,Loss,4.0,5.0,수원,
20220414NCWO0_NC,2022-04-14,NC,키움,A,Final,Loss,0.0,1.0,고척,
20220414NCWO0_키움,2022-04-14,키움,NC,H,Final,Win,1.0,0.0,고척,
20220415LGHH0_LG,2022-04-15,LG,한화,A,Final,Loss,3.0,7.0,한밭,
20220415LGHH0_한화,2022-04-15,한화,LG,H,Final,Win,7.0,3.0,한밭,
20220415WOOB0_키움,2022-04-15,키움,두산,A,Final,Win,4.0,2.0,잠실,
20220415WOOB0_두산,2022-04-15,두산,키움,H,Final,Loss,2.0,4.0,잠실,
20220415KTLT0_KT,2022-04-15,KT,롯데,A,Final,Loss,7.0,9.0,사직,
20220415KTLT0_롯데,2022-04-15,롯데,KT,H,Final,Win,9.0,7.0,사직,
20220415SSSK0_삼성,2022-04-15,삼성,SSG,A,Final,Loss,0.0,5.0,문학,
20220415SSSK0_SSG,2022-04-15,SSG,삼성,H,Final,Win,5.0,0.0,문학,
20220415HTNC0_KIA,2022-04-15,KIA,NC,A,Final,Loss,0.0,5.0,창원,
20220415HTNC0_NC,2022-04-15,NC,KIA,H,Final,Win,5.0,0.0,창원,
20220416SSSK0_삼성,2022-04-16,삼성,SSG,A,Final,Loss,2.0,6.0,문학,
20220416SSSK0_SSG,2022-04-16,SSG,삼성,H,Final,Win,6.0,2.0,문학,
20220416LGHH0_LG,2022-04-16,LG,한화,A,Final,Win,6.0,2.0,한밭,
20220416LGHH0_한화,2022-04-16,한화,LG,H,Final,Loss,2.0,6.0,한밭,
20220416WOOB0_키움,2022-04-16,키움,두산,A,Final,Loss,1.0,4.0,잠실,
20220416WOOB0_두산,2022-04-16,두산,키움,H,Final,Win,4.0,1.0,잠실,
20220416KTLT0_KT,2022-04-16,KT,롯데,A,Final,Win,8.0,0.0,사직,
20220416KTLT0_롯데,2022-04-16,롯데,KT,H,Final,Loss,0.0,8.0,사직,
20220416HTNC0_KIA,2022-04-16,KIA,NC,A,Final,Win,14.0,0.0,창원,
20220416HTNC0_NC,2022-04-16,NC,KIA,H,Final,Loss,0.0,14.0,창원,
20220417LGHH0_LG,2022-04-17,LG,한화,A,Final,Win,8.0,7.0,한밭,
20220417LGHH0_한화,2022-04-17,한화,LG,H,Final,Loss,7.0,8.0,한밭,
20220417WOOB0_키움,2022-04-17,키움,두산,A,Final,Win,6.0,2.0,잠실,
20220417WOOB0_두산,2022-04-17,두산,키움,H,Final,Loss,2.0,6.0,잠실,
20220417KTLT0_KT,2022-04-17,KT,롯데,A,Final,Loss,0.0,3.0,사직,
20220417KTLT0_롯데,2022-04-17,롯데,KT,H,Final,Win,3.0,0.0,사직,
20220417SSSK0_삼성,2022-04-17,삼성,SSG,A,Final,Loss,5.0,7.0,문학,
20220417SSSK0_SSG,2022-04-17,SSG,삼성,H,Final,Win,7.0,5.0,문학,
20220417HTNC0_KIA,2022-04-17,KIA,NC,A,Final,Win,4.0,3.0,창원,
20220417HTNC0_NC,2022-04-17,NC,KIA,H,Final,Loss,3.0,4.0,창원,
20220419KTLG0_KT,2022-04-19,KT,LG,A,Final,Win,5.0,0.0,잠실,
20220419KTLG0_LG,2022-04-19,LG,KT,H,Final,Loss,0.0,5.0,잠실,
20220419HHLT0_한화,2022-04-19,한화,롯데,A,Final,Win,6.0,2.0,사직,
20220419HHLT0_롯데,2022-04-19,롯데,한화,H,Final,Loss,2.0,6.0,사직,
20220419WOSK0_키움,2022-04-19,키움,SSG,A,Final,Win,8.0,5.0,문학,
20220419WOSK0_SSG,2022-04-19,SSG,키움,H,Final,Loss,5.0,8.0,문학,
20220419OBHT0_두산,2022-04-19,두산,KIA,A,Final,Loss,3.0,6.0,광주,
20220419OBHT0_KIA,2022-04-19,KIA,두산,H,Final,Win,6.0,3.0,광주,
20220419SSNC0_삼성,2022-04-19,삼성,NC,A,Final,Loss,8.0,11.0,창원,
20220419SSNC0_NC,2022-04-19,NC,삼성,H,Final,Win,11.0,8.0,창원,
20220420KTLG0_KT,2022-04-20,KT,LG,A,Final,Win,5.0,3.0,잠실,
20220420KTLG0_LG,2022-04-20,LG,KT,H,Final,Loss,3.0,5.0,잠실,
20220420HHLT0_한화,2022-04-20,한화,롯데,A,Final,Loss,0.0,7.0,사직,
20220420HHLT0_롯데,2022-04-20,롯데,한화,H,Final,Win,7.0,0.0,사직,
20220420WOSK0_키움,2022-04-20,키움,SSG,A,Final,Loss,1.0,6.0,문학,
20220420WOSK0_SSG,2022-04-20,SSG,키움,H,Final,Win,6.0,1.0,문학,
20220420OBHT0_두산,2022-04-20,두산,KIA,A,Final,Win,4.0,3.0,광주,
20220420OBHT0_KIA,2022-04-20,KIA,두산,H,Final,Loss,3.0,4.0,광주,
20220420SSNC0_삼성,2022-04-20,삼성,NC,A,Final,Loss,0.0,3.0,창원,
20220420SSNC0_NC,2022-04-20,NC,삼성,H,Final,Win,3.0,0.0,창원,
20220421KTLG0_KT,2022-04-21,KT,LG,A,Final,Win,6.0,2.0,잠실,
20220421KTLG0_LG,2022-04-21,LG,KT,H,Final,Loss,2.0,6.0,잠실,
20220421HHLT0_한화,2022-04-21,한화,롯데,A,Final,Win,7.0,6.0,사직,
20220421HHLT0_롯데,2022-04-21,롯데,한화,H,Final,Loss,6.0,7.0,사직,
20220421WOSK0_키움,2022-04-21,키움,SSG,A,Final,Loss,2.0,4.0,문학,
20220421WOSK0_SSG,2022-04-21,SSG,키움,H,Final,Win,4.0,2.0,문학,
20220421OBHT0_두산,2022-04-21,두산,KIA,A,Final,Win,2.0,1.0,광주,
20220421OBHT0_KIA,2022-04-21,KIA,두산,H,Final,Loss,1.0,2.0,광주,
20220421SSNC0_삼성,2022-04-21,삼성,NC,A,Final,Win,10.0,3.0,창원,
20220421SSNC0_NC,2022-04-21,NC,삼성,H,Final,Loss,3.0,10.0,창원,
20220422SKHH0_SSG,2022-04-22,SSG,한화,A,Final,Loss,0.0,2.0,한밭,
20220422SKHH0_한화,2022-04-22,한화,SSG,H,Final,Win,2.0,0.0,한밭,
20220422LGOB0_LG,2022-04-22,LG,두산,A,Final,Win,5.0,1.0,잠실,
20220422LGOB0_두산,2022-04-22,두산,LG,H,Final,Loss,1.0,5.0,잠실,
20220422LTSS0_롯데,2022-04-22,롯데,삼성,A,Final,Win,8.0,2.0,대구,
20220422LTSS0_삼성,2022-04-22,삼성,롯데,H,Final,Loss,2.0,8.0,대구,
20220422NCKT0_NC,2022-04-22,NC,KT,A,Final,Loss,3.0,4.0,수원,
20220422NCKT0_KT,2022-04-22,KT,NC,H,Final,Win,4.0,3.0,수원,
20220422HTWO0_KIA,2022-04-22,KIA,키움,A,Final,Win,5.0,4.0,고척,
20220422HTWO0_키움,2022-04-22,키움,KIA,H,Final,Loss,4.0,5.0,고척,
20220423HTWO0_KIA,2022-04-23,KIA,키움,A,Final,Loss,1.0,3.0,고척,
20220423HTWO0_키움,2022-04-23,키움,KIA,H,Final,Win,3.0,1.0,고척,
20220423SKHH0_SSG,2022-04-23,SSG,한화,A,Final,Loss,2.0,9.0,한밭,
20220423SKHH0_한화,2022-04-23,한화,SSG,H,Final,Win,9.0,2.0,한밭,
20220423LGOB0_LG,2022-04-23,LG,두산,A,Final,Loss,2.0,4.0,잠실,
20220423LGOB0_두산,2022-04-23,두산,LG,H,Final,Win,4.0,2.0,잠실,
20220423LTSS0_롯데,2022-04-23,롯데,삼성,A,Final,Win,4.0,2.0,대구,
20220423LTSS0_삼성,2022-04-23,삼성,롯데,H,Final,Loss,2.0,4.0,대구,
20220423NCKT0_NC,2022-04-23,NC,KT,A,Final,Loss,3.0,4.0,수원,
20220423NCKT0_KT,2022-04-23,KT,NC,H,Final,Win,4.0,3.0,수원,
20220424SKHH0_SSG,2022-04-24,SSG,한화,A,Final,Win,3.0,1.0,한밭,
20220424SKHH0_한화,2022-04-24,한화,SSG,H,Final,Loss,1.0,3.0,한밭,
20220424LGOB0_LG,2022-04-24,LG,두산,A,Final,Win,5.0,0.0,잠실,
20220424LGOB0_두산,2022-04-24,두산,LG,H,Final,Loss,0.0,5.0,잠실,
20220424LTSS0_롯데,2022-04-24,롯데,삼성,A,Final,Win,7.0,4.0,대구,
20220424LTSS0_삼성,2022-04-24,삼성,롯데,H,Final,Loss,4.0,7.0,대구,
20220424NCKT0_NC,2022-04-24,NC,KT,A,Final,Win,2.0,1.0,수원,
20220424NCKT0_KT,2022-04-24,KT,NC,H,Final,Loss,1.0,2.0,수원,
20220424HTWO0_KIA,2022-04-24,KIA,키움,A,Final,Win,14.0,2.0,고척,
20220424HTWO0_키움,2022-04-24,키움,KIA,H,Final,Loss,2.0,14.0,고척,
20220426WOHH0_키움,2022-04-26,키움,한화,A,Final,Loss,2.0,5.0,한밭,
20220426WOHH0_한화,2022-04-26,한화,키움,H,Final,Win,5.0,2.0,한밭,
20220426NCOB0_NC,2022-04-26,NC,두산,A,Final,Loss,4.0,8.0,잠실,
20220426NCOB0_두산,2022-04-26,두산,NC,H,Final,Win,8.0,4.0,잠실,
20220426LGSS0_LG,2022-04-26,LG,삼성,A,Final,Loss,4.0,7.0,대구,
20220426LGSS0_삼성,2022-04-26,삼성,LG,H,Final,Win,7.0,4.0,대구,
20220426SKLT0_SSG,2022-04-26,SSG,롯데,A,Final,Win,8.0,1.0,사직,
20220426SKLT0_롯데,2022-04-26,롯데,SSG,H,Final,Loss,1.0,8.0,사직,
20220426HTKT0_KIA,2022-04-26,KIA,KT,A,Final,Win,10.0,5.0,수원,
20220426HTKT0_KT,2022-04-26,KT,KIA,H,Final,Loss,5.0,10.0,수원,
20220427WOHH0_키움,2022-04-27,키움,한화,A,Final,Win,7.0,0.0,한밭,
20220427WOHH0_한화,2022-04-27,한화,키움,H,Final,Loss,0.0,7.0,한밭,
20220427NCOB0_NC,2022-04-27,NC,두산,A,Final,Loss,5.0,6.0,잠실,
20220427NCOB0_두산,2022-04-27,두산,NC,H,Final,Win,6.0,5.0,잠실,
20220427LGSS0_LG,2022-04-27,LG,삼성,A,Final,Win,7.0,0.0,대구,
20220427LGSS0_삼성,2022-04-27,삼성,LG,H,Final,Loss,0.0,7.0,대구,
20220427HTKT0_KIA,2022-04-27,KIA,KT,A,Final,Loss,1.0,3.0,수원,
20220427HTKT0_KT,2022-04-27,KT,KIA,H,Final,Win,3.0,1.0,수원,
20220428WOHH0_키움,2022-04-28,키움,한화,A,Final,Win,3.0,1.0,한밭,
20220428WOHH0_한화,2022-04-28,한화,키움,H,Final,Loss,1.0,3.0,한밭,
20220428NCOB0_NC,2022-04-28,NC,두산,A,Final,Win,9.0,5.0,잠실,
20220428NCOB0_두산,2022-04-28,두산,NC,H,Final,Loss,5.0,9.0,잠실,
20220428LGSS0_LG,2022-04-28,LG,삼성,A,Final,Win,6.0,4.0,대구,
20220428LGSS0_삼성,2022-04-28,삼성,LG,H,Final,Loss,4.0,6.0,대구,
20220428SKLT0_SSG,2022-04-28,SSG,롯데,A,Final,Loss,1.0,4.0,사직,
20220428SKLT0_롯데,2022-04-28,롯데,SSG,H,Final,Win,4.0,1.0,사직,
20220428HTKT0_KIA,2022-04-28,KIA,KT,A,Final,Loss,3.0,5.0,수원,
20220428HTKT0_KT,2022-04-28,KT,KIA,H,Final,Win,5.0,3.0,수원,
20220429LTLG0_롯데,2022-04-29,롯데,LG,A,Final,Win,9.0,4.0,잠실,
20220429LTLG0_LG,2022-04-29,LG,롯데,H,Final,Loss,4.0,9.0,잠실,
20220429OBSK0_두산,2022-04-29,두산,SSG,A,Final,Loss,7.0,8.0,문학,
20220429OBSK0_SSG,2022-04-29,SSG,두산,H,Final,Win,8.0,7.0,문학,
20220429SSHT0_삼성,2022-04-29,삼성,KIA,A,Final,Win,4.0,3.0,광주,
20220429SSHT0_KIA,2022-04-29,KIA,삼성,H,Final,Loss,3.0,4.0,광주,
20220429HHNC0_한화,2022-04-29,한화,NC,A,Final,Loss,4.0,9.0,창원,
20220429HHNC0_NC,2022-04-29,NC,한화,H,Final,Win,9.0,4.0,창원,
20220429KTWO0_KT,2022-04-29,KT,키움,A,Final,Win,6.0,4.0,고척,
20220429KTWO0_키움,2022-04-29,키움,KT,H,Final,Loss,4.0,6.0,고척,
20220430SSHT0_삼성,2022-04-30,삼성,KIA,A,Final,Win,5.0,4.0,광주,
20220430SSHT0_KIA,2022-04-30,KIA,삼성,H,Final,Loss,4.0,5.0,광주,
20220430LTLG0_롯데,2022-04-30,롯데,LG,A,Final,Win,3.0,1.0,잠실,
20220430LTLG0_LG,2022-04-30,LG,롯데,H,Final,Loss,1.0,3.0,잠실,
20220430OBSK0_두산,2022-04-30,두산,SSG,A,Final,Loss,1.0,2.0,문학,
20220430OBSK0_SSG,2022-04-30,SSG,두산,H,Final,Win,2.0,1.0,문학,
20220430HHNC0_한화,2022-04-30,한화,NC,A,Final,Win,2.0,0.0,창원,
20220430HHNC0_NC,2022-04-30,NC,한화,H,Final,Loss,0.0,2.0,창원,
20220430KTWO0_KT,2022-04-30,KT,키움,A,Final,Loss,1.0,4.0,고척,
20220430KTWO0_키움,2022-04-30,키움,KT,H,Final,Win,4.0,1.0,고척,
20220501LTLG0_롯데,2022-05-01,롯데,LG,A,Final,Win,4.0,0.0,잠실,
20220501LTLG0_LG,2022-05-01,LG,롯데,H,Final,Loss,0.0,4.0,잠실,
20220501OBSK0_두산,2022-05-01,두산,SSG,A,Final,Win,9.0,0.0,문학,
20220501OBSK0_SSG,2022-05-01,SSG,두산,H,Final,Loss,0.0,9.0,문학,
20220501SSHT0_삼성,2022-05-01,삼성,KIA,A,Final,Win,6.0,3.0,광주,
20220501SSHT0_KIA,2022-05-01,KIA,삼성,H,Final,Loss,3.0,6.0,광주,
20220501HHNC0_한화,2022-05-01,한화,NC,A,Final,Win,2.0,1.0,창원,
20220501HHNC0_NC,2022-05-01,NC,한화,H,Final,Loss,1.0,2.0,창원,
20220501KTWO0_KT,2022-05-01,KT,키움,A,Final,Loss,3.0,9.0,고척,
20220501KTWO0_키움,2022-05-01,키움,KT,H,Final,Win,9.0,3.0,고척,
20220503OBLG0_두산,2022-05-03,두산,LG,A,Final,Loss,3.0,4.0,잠실,
20220503OBLG0_LG,2022-05-03,LG,두산,H,Final,Win,4.0,3.0,잠실,
20220503NCSS0_NC,2022-05-03,NC,삼성,A,Final,Win,10.0,6.0,대구,
20220503NCSS0_삼성,2022-05-03,삼성,NC,H,Final,Loss,6.0,10.0,대구,
20220503HHSK0_한화,2022-05-03,한화,SSG,A,Final,Loss,2.0,4.0,문학,
20220503HHSK0_SSG,2022-05-03,SSG,한화,H,Final,Win,4.0,2.0,문학,
20220503WOHT0_키움,2022-05-03,키움,KIA,A,Final,Win,7.0,1.0,광주,
20220503WOHT0_KIA,2022-05-03,KIA,키움,H,Final,Loss,1.0,7.0,광주,
20220503LTKT0_롯데,2022-05-03,롯데,KT,A,Final,Loss,5.0,10.0,수원,
20220503LTKT0_KT,2022-05-03,KT,롯데,H,Final,Win,10.0,5.0,수원,
20220504OBLG0_두산,2022-05-04,두산,LG,A,Final,Win,5.0,2.0,잠실,
20220504OBLG0_LG,2022-05-04,LG,두산,H,Final,Loss,2.0,5.0,잠실,
20220504NCSS0_NC,2022-05-04,NC,삼성,A,Final,Loss,5.0,11.0,대구,
20220504NCSS0_삼성,2022-05-04,삼성,NC,H,Final,Win,11.0,5.0,대구,
20220504HHSK0_한화,2022-05-04,한화,SSG,A,Final,Win,8.0,5.0,문학,
20220504HHSK0_SSG,2022-05-04,SSG,한화,H,Final,Loss,5.0,8.0,문학,
20220504WOHT0_키움,2022-05-04,키움,KIA,A,Final,Loss,3.0,4.0,광주,
20220504WOHT0_KIA,2022-05-04,KIA,키움,H,Final,Win,4.0,3.0,광주,
20220504LTKT0_롯데,2022-05-04,롯데,KT,A,Final,Win,5.0,0.0,수원,
20220504LTKT0_KT,2022-05-04,KT,롯데,H,Final,Loss,0.0,5.0,수원,
20220505OBLG0_두산,2022-05-05,두산,LG,A,Final,Win,9.0,4.0,잠실,
20220505OBLG0_LG,2022-05-05,LG,두산,H,Final,Loss,4.0,9.0,잠실,
20220505NCSS0_NC,2022-05-05,NC,삼성,A,Final,Loss,2.0,5.0,대구,
20220505NCSS0_삼성,2022-05-05,삼성,NC,H,Final,Win,5.0,2.0,대구,
20220505HHSK0_한화,2022-05-05,한화,SSG,A,Final,Loss,4.0,14.0,문학,
20220505HHSK0_SSG,2022-05-05,SSG,한화,H,Final,Win,14.0,4.0,문학,
20220505WOHT0_키움,2022-05-05,키움,KIA,A,Final,Loss,1.0,10.0,광주,
20220505WOHT0_KIA,2022-05-05,KIA,키움,H,Final,Win,10.0,1.0,광주,
20220505LTKT0_롯데,2022-05-05,롯데,KT,A,Final,Loss,2.0,8.0,수원,
20220505LTKT0_KT,2022-05-05,KT,롯데,H,Final,Win,8.0,2.0,수원,
20220506HTHH0_KIA,2022-05-06,KIA,한화,A,Final,Win,13.0,2.0,한밭,
20220506HTHH0_한화,2022-05-06,한화,KIA,H,Final,Loss,2.0,13.0,한밭,
20220506KTOB0_KT,2022-05-06,KT,두산,A,Final,Win,6.0,0.0,잠실,
20220506KTOB0_두산,2022-05-06,두산,KT,H,Final,Loss,0.0,6.0,잠실,
20220506SSLT0_삼성,2022-05-06,삼성,롯데,A,Final,Win,5.0,0.0,사직,
20220506SSLT0_롯데,2022-05-06,롯데,삼성,H,Final,Loss,0.0,5.0,사직,
20220506LGNC0_LG,2022-05-06,LG,NC,A,Final,Win,15.0,8.0,창원,
20220506LGNC0_NC,2022-05-06,NC,LG,H,Final,Loss,8.0,15.0,창원,
20220506SKWO0_SSG,2022-05-06,SSG,키움,A,Final,Loss,2.0,9.0,고척,
20220506SKWO0_키움,2022-05-06,키움,SSG,H,Final,Win,9.0,2.0,고척,
20220507HTHH0_KIA,2022-05-07,KIA,한화,A,Final,Win,5.0,4.0,한밭,
20220507HTHH0_한화,2022-05-07,한화,KIA,H,Final,Loss,4.0,5.0,한밭,
20220507KTOB0_KT,2022-05-07,KT,두산,A,Final,Loss,8.0,11.0,잠실,
20220507KTOB0_두산,2022-05-07,두산,KT,H,Final,Win,11.0,8.0,잠실,
20220507SSLT0_삼성,2022-05-07,삼성,롯데,A,Final,Win,4.0,1.0,사직,
20220507SSLT0_롯데,2022-05-07,롯데,삼성,H,Final,Loss,1.0,4.0,사직,
20220507LGNC0_LG,2022-05-07,LG,NC,A,Final,Win,6.0,3.0,창원,
20220507LGNC0_NC,2022-05-07,NC,LG,H,Final,Loss,3.0,6.0,창원,
20220507SKWO0_SSG,2022-05-07,SSG,키움,A,Final,Win,3.0,0.0,고척,
20220507SKWO0_키움,2022-05-07,키움,SSG,H,Final,Loss,0.0,3.0,고척,
20220508HTHH0_KIA,2022-05-08,KIA,한화,A,Final,Win,7.0,6.0,한밭,
20220508HTHH0_한화,2022-05-08,한화,KIA,H,Final,Loss,6.0,7.0,한밭,
20220508KTOB0_KT,2022-05-08,KT,두산,A,Final,Win,5.0,0.0,잠실,
20220508KTOB0_두산,2022-05-08,두산,KT,H,Final,Loss,0.0,5.0,잠실,
20220508SSLT0_삼성,2022-05-08,삼성,롯데,A,Final,Win,4.0,2.0,사직,
20220508SSLT0_롯데,2022-05-08,롯데,삼성,H,Final,Loss,2.0,4.0,사직,
20220508LGNC0_LG,2022-05-08,LG,NC,A,Final,Win,3.0,2.0,창원,
20220508LGNC0_NC,2022-05-08,NC,LG,H,Final,Loss,2.0,3.0,창원,
20220508SKWO0_SSG,2022-05-08,SSG,키움,A,Final,Win,6.0,2.0,고척,
20220508SKWO0_키움,2022-05-08,키움,SSG,H,Final,Loss,2.0,6.0,고척,
20220510HHLG0_한화,2022-05-10,한화,LG,A,Final,Loss,1.0,9.0,잠실,
20220510HHLG0_LG,2022-05-10,LG,한화,H,Final,Win,9.0,1.0,잠실,
20220510SKSS0_SSG,2022-05-10,SSG,삼성,A,Final,Win,3.0,1.0,대구,
20220510SKSS0_삼성,2022-05-10,삼성,SSG,H,Final,Loss,1.0,3.0,대구,
20220510NCLT0_NC,2022-05-10,NC,롯데,A,Final,Loss,0.0,7.0,사직,
20220510NCLT0_롯데,2022-05-10,롯데,NC,H,Final,Win,7.0,0.0,사직,
20220510KTHT0_KT,2022-05-10,KT,KIA,A,Final,Loss,0.0,1.0,광주,
20220510KTHT0_KIA,2022-05-10,KIA,KT,H,Final,Win,1.0,0.0,광주,
20220510OBWO0_두산,2022-05-10,두산,키움,A,Final,Win,9.0,0.0,고척,
20220510OBWO0_키움,2022-05-10,키움,두산,H,Final,Loss,0.0,9.0,고척,
20220511HHLG0_한화,2022-05-11,한화,LG,A,Final,Loss,2.0,5.0,잠실,
20220511HHLG0_LG,2022-05-11,LG,한화,H,Final,Win,5.0,2.0,잠실,
20220511SKSS0_SSG,2022-05-11,SSG,삼성,A,Final,Loss,5.0,6.0,대구,
20220511SKSS0_삼성,2022-05-11,삼성,SSG,H,Final,Win,6.0,5.0,대구,
20220511NCLT0_NC,2022-05-11,NC,롯데,A,Final,Loss,5.0,6.0,사직,
20220511NCLT0_롯데,2022-05-11,롯데,NC,H,Final,Win,6.0,5.0,사직,
20220511KTHT0_KT,2022-05-11,KT,KIA,A,Final,Win,10.0,5.0,광주,
20220511KTHT0_KIA,2022-05-11,KIA,KT,H,Final,Loss,5.0,10.0,광주,
20220511OBWO0_두산,2022-05-11,두산,키움,A,Final,Win,5.0,1.0,고척,
20220511OBWO0_키움,2022-05-11,키움,두산,H,Final,Loss,1.0,5.0,고척,
20220512HHLG0_한화,2022-05-12,한화,LG,A,Final,Loss,7.0,11.0,잠실,
20220512HHLG0_LG,2022-05-12,LG,한화,H,Final,Win,11.0,7.0,잠실,
20220512SKSS0_SSG,2022-05-12,SSG,삼성,A,Final,Loss,2.0,4.0,대구,
20220512SKSS0_삼성,2022-05-12,삼성,SSG,H,Final,Win,4.0,2.0,대구,
20220512NCLT0_NC,2022-05-12,NC,롯데,A,Final,Win,4.0,2.0,사직,
20220512NCLT0_롯데,2022-05-12,롯데,NC,H,Final,Loss,2.0,4.0,사직,
20220512KTHT0_KT,2022-05-12,KT,KIA,A,Final,Loss,4.0,5.0,광주,
20220512KTHT0_KIA,2022-05-12,KIA,KT,H,Final,Win,5.0,4.0,광주,
20220512OBWO0_두산,2022-05-12,두산,키움,A,Final,Win,3.0,2.0,고척,
20220512OBWO0_키움,2022-05-12,키움,두산,H,Final,Loss,2.0,3.0,고척,
20220513LTHH0_롯데,2022-05-13,롯데,한화,A,Final,Win,8.0,1.0,한밭,
20220513LTHH0_한화,2022-05-13,한화,롯데,H,Final,Loss,1.0,8.0,한밭,
20220513HTLG0_KIA,2022-05-13,KIA,LG,A,Final,Win,10.0,1.0,잠실,
20220513HTLG0_LG,2022-05-13,LG,KIA,H,Final,Loss,1.0,10.0,잠실,
20220513NCSK0_NC,2022-05-13,NC,SSG,A,Final,Win,6.0,2.0,문학,
20220513NCSK0_SSG,2022-05-13,SSG,NC,H,Final,Loss,2.0,6.0,문학,
20220513WOKT0_키움,2022-05-13,키움,KT,A,Final,Win,7.0,5.0,수원,
20220513WOKT0_KT,2022-05-13,KT,키움,H,Final,Loss,5.0,7.0,수원,
20220514LTHH0_롯데,2022-05-14,롯데,한화,A,Final,Win,8.0,5.0,한밭,
20220514LTHH0_한화,2022-05-14,한화,롯데,H,Final,Loss,5.0,8.0,한밭,
20220514HTLG0_KIA,2022-05-14,KIA,LG,A,Final,Loss,3.0,5.0,잠실,
20220514HTLG0_LG,2022-05-14,LG,KIA,H,Final,Win,5.0,3.0,잠실,
20220514OBSS0_두산,2022-05-14,두산,삼성,A,Final,Loss,0.0,4.0,대구,
20220514OBSS0_삼성,2022-05-14,삼성,두산,H,Final,Win,4.0,0.0,대구,
20220514NCSK0_NC,2022-05-14,NC,SSG,A,Final,Loss,1.0,2.0,문학,
20220514NCSK0_SSG,2022-05-14,SSG,NC,H,Final,Win,2.0,1.0,문학,
20220514WOKT0_키움,2022-05-14,키움,KT,A,Final,Win,3.0,0.0,수원,
20220514WOKT0_KT,2022-05-14,KT,키움,H,Final,Loss,0.0,3.0,수원,
20220515LTHH0_롯데,2022-05-15,롯데,한화,A,Final,Loss,4.0,8.0,한밭,
20220515LTHH0_한화,2022-05-15,한화,롯데,H,Final,Win,8.0,4.0,한밭,
20220515HTLG0_KIA,2022-05-15,KIA,LG,A,Final,Loss,3.0,6.0,잠실,
20220515HTLG0_LG,2022-05-15,LG,KIA,H,Final,Win,6.0,3.0,잠실,
20220515OBSS0_두산,2022-05-15,두산,삼성,A,Final,Loss,3.0,4.0,대구,
20220515OBSS0_삼성,2022-05-15,삼성,두산,H,Final,Win,4.0,3.0,대구,
20220515NCSK0_NC,2022-05-15,NC,SSG,A,Final,Win,8.0,7.0,문학,
20220515NCSK0_SSG,2022-05-15,SSG,NC,H,Final,Loss,7.0,8.0,문학,
20220515WOKT0_키움,2022-05-15,키움,KT,A,Final,Win,5.0,1.0,수원,
20220515WOKT0_KT,2022-05-15,KT,키움,H,Final,Loss,1.0,5.0,수원,
20220517SSHH0_삼성,2022-05-17,삼성,한화,A,Final,Loss,3.0,4.0,한밭,
20220517SSHH0_한화,2022-05-17,한화,삼성,H,Final,Win,4.0,3.0,한밭,
20220517HTLT0_KIA,2022-05-17,KIA,롯데,A,Final,Win,4.0,3.0,사직,
20220517HTLT0_롯데,2022-05-17,롯데,KIA,H,Final,Loss,3.0,4.0,사직,
20220517LGKT0_LG,2022-05-17,LG,KT,A,Final,Loss,2.0,3.0,수원,
20220517LGKT0_KT,2022-05-17,KT,LG,H,Final,Win,3.0,2.0,수원,
20220517WONC0_키움,2022-05-17,키움,NC,A,Final,Win,11.0,4.0,창원,
20220517WONC0_NC,2022-05-17,NC,키움,H,Final,Loss,4.0,11.0,창원,
20220518SSHH0_삼성,2022-05-18,삼성,한화,A,Final,Win,5.0,3.0,한밭,
20220518SSHH0_한화,2022-05-18,한화,삼성,H,Final,Loss,3.0,5.0,한밭,
20220518SKOB0_SSG,2022-05-18,SSG,두산,A,Final,Win,5.0,2.0,잠실,
20220518SKOB0_두산,2022-05-18,두산,SSG,H,Final,Loss,2.0,5.0,잠실,
20220518HTLT0_KIA,2022-05-18,KIA,롯데,A,Final,Win,15.0,7.0,사직,
20220518HTLT0_롯데,2022-05-18,롯데,KIA,H,Final,Loss,7.0,15.0,사직,
20220518LGKT0_LG,2022-05-18,LG,KT,A,Final,Win,9.0,1.0,수원,
20220518LGKT0_KT,2022-05-18,KT,LG,H,Final,Loss,1.0,9.0,수원,
20220518WONC0_키움,2022-05-18,키움,NC,A,Final,Loss,3.0,15.0,창원,
20220518WONC0_NC,2022-05-18,NC,키움,H,Final,Win,15.0,3.0,창원,
20220519SSHH0_삼성,2022-05-19,삼성,한화,A,Final,Win,2.0,1.0,한밭,
20220519SSHH0_한화,2022-05-19,한화,삼성,H,Final,Loss,1.0,2.0,한밭,
20220519SKOB0_SSG,2022-05-19,SSG,두산,A,Final,Win,9.0,3.0,잠실,
20220519SKOB0_두산,2022-05-19,두산,SSG,H,Final,Loss,3.0,9.0,잠실,
20220519HTLT0_KIA,2022-05-19,KIA,롯데,A,Final,Win,4.0,2.0,사직,
20220519HTLT0_롯데,2022-05-19,롯데,KIA,H,Final,Loss,2.0,4.0,사직,
20220519LGKT0_LG,2022-05-19,LG,KT,A,Final,Win,7.0,3.0,수원,
20220519LGKT0_KT,2022-05-19,KT,LG,H,Final,Loss,3.0,7.0,수원,
20220519WONC0_키움,2022-05-19,키움,NC,A,Final,Win,3.0,1.0,창원,
20220519WONC0_NC,2022-05-19,NC,키움,H,Final,Loss,1.0,3.0,창원,
20220520LTOB0_롯데,2022-05-20,롯데,두산,A,Final,Win,4.0,0.0,잠실,
20220520LTOB0_두산,2022-05-20,두산,롯데,H,Final,Loss,0.0,4.0,잠실,
20220520KTSS0_KT,2022-05-20,KT,삼성,A,Final,Win,5.0,1.0,대구,
20220520KTSS0_삼성,2022-05-20,삼성,KT,H,Final,Loss,1.0,5.0,대구,
20220520LGSK0_LG,2022-05-20,LG,SSG,A,Final,Loss,4.0,5.0,문학,
20220520LGSK0_SSG,2022-05-20,SSG,LG,H,Final,Win,5.0,4.0,문학,
20220520NCHT0_NC,2022-05-20,NC,KIA,A,Final,Loss,3.0,5.0,광주,
20220520NCHT0_KIA,2022-05-20,KIA,NC,H,Final,Win,5.0,3.0,광주,
20220520HHWO0_한화,2022-05-20,한화,키움,A,Final,Loss,3.0,4.0,고척,
20220520HHWO0_키움,2022-05-20,키움,한화,H,Final,Win,4.0,3.0,고척,
20220521LTOB0_롯데,2022-05-21,롯데,두산,A,Final,Loss,4.0,12.0,잠실,
20220521LTOB0_두산,2022-05-21,두산,롯데,H,Final,Win,12.0,4.0,잠실,
20220521KTSS0_KT,2022-05-21,KT,삼성,A,Final,Win,5.0,2.0,대구,
20220521KTSS0_삼성,2022-05-21,삼성,KT,H,Final,Loss,2.0,5.0,대구,
20220521LGSK0_LG,2022-05-21,LG,SSG,A,Final,Win,4.0,3.0,문학,
20220521LGSK0_SSG,2022-05-21,SSG,LG,H,Final,Loss,3.0,4.0,문학,
20220521NCHT0_NC,2022-05-21,NC,KIA,A,Final,Win,7.0,4.0,광주,
20220521NCHT0_KIA,2022-05-21,KIA,NC,H,Final,Loss,4.0,7.0,광주,
20220521HHWO0_한화,2022-05-21,한화,키움,A,Final,Loss,2.0,11.0,고척,
20220521HHWO0_키움,2022-05-21,키움,한화,H,Final,Win,11.0,2.0,고척,
20220522LTOB0_롯데,2022-05-22,롯데,두산,A,Final,Win,5.0,4.0,잠실,
20220522LTOB0_두산,2022-05-22,두산,롯데,H,Final,Loss,4.0,5.0,잠실,
20220522KTSS0_KT,2022-05-22,KT,삼성,A,Final,Loss,3.0,4.0,대구,
20220522KTSS0_삼성,2022-05-22,삼성,KT,H,Final,Win,4.0,3.0,대구,
20220522LGSK0_LG,2022-05-22,LG,SSG,A,Final,Loss,1.0,3.0,문학,
20220522LGSK0_SSG,2022-05-22,SSG,LG,H,Final,Win,3.0,1.0,문학,
20220522NCHT0_NC,2022-05-22,NC,KIA,A,Final,Loss,6.0,8.0,광주,
20220522NCHT0_KIA,2022-05-22,KIA,NC,H,Final,Win,8.0,6.0,광주,
20220522HHWO0_한화,2022-05-22,한화,키움,A,Final,Win,6.0,5.0,고척,
20220522HHWO0_키움,2022-05-22,키움,한화,H,Final,Loss,5.0,6.0,고척,
20220524OBHH0_두산,2022-05-24,두산,한화,A,Final,Loss,3.0,6.0,한밭,
20220524OBHH0_한화,2022-05-24,한화,두산,H,Final,Win,6.0,3.0,한밭,
20220524WOLG0_키움,2022-05-24,키움,LG,A,Final,Win,6.0,4.0,잠실,
20220524WOLG0_LG,2022-05-24,LG,키움,H,Final,Loss,4.0,6.0,잠실,
20220524HTSS0_KIA,2022-05-24,KIA,삼성,A,Final,Win,4.0,3.0,대구,
20220524HTSS0_삼성,2022-05-24,삼성,KIA,H,Final,Loss,3.0,4.0,대구,
20220524LTSK0_롯데,2022-05-24,롯데,SSG,A,Final,Loss,2.0,3.0,문학,
20220524LTSK0_SSG,2022-05-24,SSG,롯데,H,Final,Win,3.0,2.0,문학,
20220524KTNC0_KT,2022-05-24,KT,NC,A,Final,Loss,2.0,3.0,창원,
20220524KTNC0_NC,2022-05-24,NC,KT,H,Final,Win,3.0,2.0,창원,
20220525OBHH0_두산,2022-05-25,두산,한화,A,Final,Loss,1.0,14.0,한밭,
20220525OBHH0_한화,2022-05-25,한화,두산,H,Final,Win,14.0,1.0,한밭,
20220525WOLG0_키움,2022-05-25,키움,LG,A,Final,Win,10.0,5.0,잠실,
20220525WOLG0_LG,2022-05-25,LG,키움,H,Final,Loss,5.0,10.0,잠실,
20220525HTSS0_KIA,2022-05-25,KIA,삼성,A,Final,Win,11.0,5.0,대구,
20220525HTSS0_삼성,2022-05-25,삼성,KIA,H,Final,Loss,5.0,11.0,대구,
20220525LTSK0_롯데,2022-05-25,롯데,SSG,A,Final,Loss,1.0,9.0,문학,
20220525LTSK0_SSG,2022-05-25,SSG,롯데,H,Final,Win,9.0,1.0,문학,
20220525KTNC0_KT,2022-05-25,KT,NC,A,Final,Win,3.0,2.0,창원,
20220525KTNC0_NC,2022-05-25,NC,KT,H,Final,Loss,2.0,3.0,창원,
20220526OBHH0_두산,2022-05-26,두산,한화,A,Final,Win,24.0,3.0,한밭,
20220526OBHH0_한화,2022-05-26,한화,두산,H,Final,Loss,3.0,24.0,한밭,
20220526WOLG0_키움,2022-05-26,키움,LG,A,Final,Win,12.0,5.0,잠실,
20220526WOLG0_LG,2022-05-26,LG,키움,H,Final,Loss,5.0,12.0,잠실,
20220526HTSS0_KIA,2022-05-26,KIA,삼성,A,Final,Win,9.0,7.0,대구,
20220526HTSS0_삼성,2022-05-26,삼성,KIA,H,Final,Loss,7.0,9.0,대구,
20220526LTSK0_롯데,2022-05-26,롯데,SSG,A,Final,Loss,5.0,6.0,문학,
20220526LTSK0_SSG,2022-05-26,SSG,롯데,H,Final,Win,6.0,5.0,문학,
20220526KTNC0_KT,2022-05-26,KT,NC,A,Final,Win,2.0,1.0,창원,
20220526KTNC0_NC,2022-05-26,NC,KT,H,Final,Loss,1.0,2.0,창원,
20220527SSLG0_삼성,2022-05-27,삼성,LG,A,Final,Loss,0.0,5.0,잠실,
20220527SSLG0_LG,2022-05-27,LG,삼성,H,Final,Win,5.0,0.0,잠실,
20220527WOLT0_키움,2022-05-27,키움,롯데,A,Final,Win,8.0,0.0,사직,
20220527WOLT0_롯데,2022-05-27,롯데,키움,H,Final,Loss,0.0,8.0,사직,
20220527SKHT0_SSG,2022-05-27,SSG,KIA,A,Final,Win,8.0,1.0,광주,
20220527SKHT0_KIA,2022-05-27,KIA,SSG,H,Final,Loss,1.0,8.0,광주,
20220527HHKT0_한화,2022-05-27,한화,KT,A,Final,Win,4.0,0.0,수원,
20220527HHKT0_KT,2022-05-27,KT,한화,H,Final,Loss,0.0,4.0,수원,
20220527OBNC0_두산,2022-05-27,두산,NC,A,Final,Win,6.0,1.0,창원,
20220527OBNC0_NC,2022-05-27,NC,두산,H,Final,Loss,1.0,6.0,창원,
20220528WOLT0_키움,2022-05-28,키움,롯데,A,Final,Win,6.0,3.0,사직,
20220528WOLT0_롯데,2022-05-28,롯데,키움,H,Final,Loss,3.0,6.0,사직,
20220528SKHT0_SSG,2022-05-28,SSG,KIA,A,Final,Loss,3.0,9.0,광주,
20220528SKHT0_KIA,2022-05-28,KIA,SSG,H,Final,Win,9.0,3.0,광주,
20220528SSLG0_삼성,2022-05-28,삼성,LG,A,Final,Loss,4.0,9.0,잠실,
20220528SSLG0_LG,2022-05-28,LG,삼성,H,Final,Win,9.0,4.0,잠실,
20220528HHKT0_한화,2022-05-28,한화,KT,A,Final,Win,9.0,8.0,수원,
20220528HHKT0_KT,2022-05-28,KT,한화,H,Final,Loss,8.0,9.0,수원,
20220528OBNC0_두산,2022-05-28,두산,NC,A,Final,Loss,0.0,5.0,창원,
20220528OBNC0_NC,2022-05-28,NC,두산,H,Final,Win,5.0,0.0,창원,
20220529SSLG0_삼성,2022-05-29,삼성,LG,A,Final,Win,8.0,4.0,잠실,
20220529SSLG0_LG,2022-05-29,LG,삼성,H,Final,Loss,4.0,8.0,잠실,
20220529WOLT0_키움,2022-05-29,키움,롯데,A,Final,Win,4.0,0.0,사직,
20220529WOLT0_롯데,2022-05-29,롯데,키움,H,Final,Loss,0.0,4.0,사직,
20220529SKHT0_SSG,2022-05-29,SSG,KIA,A,Final,Win,9.0,7.0,광주,
20220529SKHT0_KIA,2022-05-29,KIA,SSG,H,Final,Loss,7.0,9.0,광주,
20220529HHKT0_한화,2022-05-29,한화,KT,A,Final,Win,12.0,4.0,수원,
20220529HHKT0_KT,2022-05-29,KT,한화,H,Final,Loss,4.0,12.0,수원,
20220529OBNC0_두산,2022-05-29,두산,NC,A,Final,Win,1.0,0.0,창원,
20220529OBNC0_NC,2022-05-29,NC,두산,H,Final,Loss,0.0,1.0,창원,
20220531NCHH0_NC,2022-05-31,NC,한화,A,Final,Win,10.0,5.0,한밭,
20220531NCHH0_한화,2022-05-31,한화,NC,H,Final,Loss,5.0,10.0,한밭,
20220531HTOB0_KIA,2022-05-31,KIA,두산,A,Final,Win,13.0,10.0,잠실,
20220531HTOB0_두산,2022-05-31,두산,KIA,H,Final,Loss,10.0,13.0,잠실,
20220531LGLT0_LG,2022-05-31,LG,롯데,A,Final,Loss,5.0,7.0,사직,
20220531LGLT0_롯데,2022-05-31,롯데,LG,H,Final,Win,7.0,5.0,사직,
20220531KTSK0_KT,2022-05-31,KT,SSG,A,Final,Win,2.0,1.0,문학,
20220531KTSK0_SSG,2022-05-31,SSG,KT,H,Final,Loss,1.0,2.0,문학,
20220531SSWO0_삼성,2022-05-31,삼성,키움,A,Final,Loss,2.0,3.0,고척,
20220531SSWO0_키움,2022-05-31,키움,삼성,H,Final,Win,3.0,2.0,고척,
20220601NCHH0_NC,2022-06-01,NC,한화,A,Final,Loss,0.0,3.0,한밭,
20220601NCHH0_한화,2022-06-01,한화,NC,H,Final,Win,3.0,0.0,한밭,
20220601HTOB0_KIA,2022-06-01,KIA,두산,A,Final,Win,7.0,3.0,잠실,
20220601HTOB0_두산,2022-06-01,두산,KIA,H,Final,Loss,3.0,7.0,잠실,
20220601LGLT0_LG,2022-06-01,LG,롯데,A,Final,Win,14.0,5.0,사직,
20220601LGLT0_롯데,2022-06-01,롯데,LG,H,Final,Loss,5.0,14.0,사직,
20220601KTSK0_KT,2022-06-01,KT,SSG,A,Final,Loss,1.0,2.0,문학,
20220601KTSK0_SSG,2022-06-01,SSG,KT,H,Final,Win,2.0,1.0,문학,
20220601SSWO0_삼성,2022-06-01,삼성,키움,A,Final,Win,4.0,2.0,고척,
20220601SSWO0_키움,2022-06-01,키움,삼성,H,Final,Loss,2.0,4.0,고척,
20220602NCHH0_NC,2022-06-02,NC,한화,A,Final,Win,4.0,3.0,한밭,
20220602NCHH0_한화,2022-06-02,한화,NC,H,Final,Loss,3.0,4.0,한밭,
20220602HTOB0_KIA,2022-06-02,KIA,두산,A,Final,Win,4.0,3.0,잠실,
20220602HTOB0_두산,2022-06-02,두산,KIA,H,Final,Loss,3.0,4.0,잠실,
20220602KTSK0_KT,2022-06-02,KT,SSG,A,Final,Win,14.0,1.0,문학,
20220602KTSK0_SSG,2022-06-02,SSG,KT,H,Final,Loss,1.0,14.0,문학,
20220602SSWO0_삼성,2022-06-02,삼성,키움,A,Final,Loss,5.0,6.0,고척,
20220602SSWO0_키움,2022-06-02,키움,삼성,H,Final,Win,6.0,5.0,고척,
20220603WOHH0_키움,2022-06-03,키움,한화,A,Final,Loss,2.0,14.0,한밭,
20220603WOHH0_한화,2022-06-03,한화,키움,H,Final,Win,14.0,2.0,한밭,
20220603SKLG0_SSG,2022-06-03,SSG,LG,A,Final,Loss,1.0,7.0,잠실,
20220603SKLG0_LG,2022-06-03,LG,SSG,H,Final,Win,7.0,1.0,잠실,
20220603OBSS0_두산,2022-06-03,두산,삼성,A,Final,Loss,5.0,8.0,대구,
20220603OBSS0_삼성,2022-06-03,삼성,두산,H,Final,Win,8.0,5.0,대구,
20220603HTKT0_KIA,2022-06-03,KIA,KT,A,Final,Loss,2.0,5.0,수원,
20220603HTKT0_KT,2022-06-03,KT,KIA,H,Final,Win,5.0,2.0,수원,
20220603LTNC0_롯데,2022-06-03,롯데,NC,A,Final,Loss,1.0,5.0,창원,
20220603LTNC0_NC,2022-06-03,NC,롯데,H,Final,Win,5.0,1.0,창원,
20220604WOHH0_키움,2022-06-04,키움,한화,A,Final,Win,4.0,3.0,한밭,
20220604WOHH0_한화,2022-06-04,한화,키움,H,Final,Loss,3.0,4.0,한밭,
20220604SKLG0_SSG,2022-06-04,SSG,LG,A,Final,Loss,2.0,6.0,잠실,
20220604SKLG0_LG,2022-06-04,LG,SSG,H,Final,Win,6.0,2.0,잠실,
20220604OBSS0_두산,2022-06-04,두산,삼성,A,Final,Win,16.0,8.0,대구,
20220604OBSS0_삼성,2022-06-04,삼성,두산,H,Final,Loss,8.0,16.0,대구,
20220604HTKT0_KIA,2022-06-04,KIA,KT,A,Final,Loss,3.0,4.0,수원,
20220604HTKT0_KT,2022-06-04,KT,KIA,H,Final,Win,4.0,3.0,수원,
20220604LTNC0_롯데,2022-06-04,롯데,NC,A,Final,Win,3.0,2.0,창원,
20220604LTNC0_NC,2022-06-04,NC,롯데,H,Final,Loss,2.0,3.0,창원,
20220605SKLG0_SSG,2022-06-05,SSG,LG,A,Final,Win,2.0,0.0,잠실,
20220605SKLG0_LG,2022-06-05,LG,SSG,H,Final,Loss,0.0,2.0,잠실,
20220607HHOB0_한화,2022-06-07,한화,두산,A,Final,Loss,1.0,3.0,잠실,
20220607HHOB0_두산,2022-06-07,두산,한화,H,Final,Win,3.0,1.0,잠실,
20220607SSLT0_삼성,2022-06-07,삼성,롯데,A,Final,Win,7.0,4.0,사직,
20220607SSLT0_롯데,2022-06-07,롯데,삼성,H,Final,Loss,4.0,7.0,사직,
20220607SKNC0_SSG,2022-06-07,SSG,NC,A,Final,Loss,2.0,6.0,창원,
20220607SKNC0_NC,2022-06-07,NC,SSG,H,Final,Win,6.0,2.0,창원,
20220607KTWO0_KT,2022-06-07,KT,키움,A,Final,Loss,0.0,3.0,고척,
20220607KTWO0_키움,2022-06-07,키움,KT,H,Final,Win,3.0,0.0,고척,
20220608HHOB0_한화,2022-06-08,한화,두산,A,Final,Win,5.0,1.0,잠실,
20220608HHOB0_두산,2022-06-08,두산,한화,H,Final,Loss,1.0,5.0,잠실,
20220608SSLT0_삼성,2022-06-08,삼성,롯데,A,Final,Win,4.0,2.0,사직,
20220608SSLT0_롯데,2022-06-08,롯데,삼성,H,Final,Loss,2.0,4.0,사직,
20220608LGHT0_LG,2022-06-08,LG,KIA,A,Final,Win,11.0,7.0,광주,
20220608LGHT0_KIA,2022-06-08,KIA,LG,H,Final,Loss,7.0,11.0,광주,
20220609HHOB0_한화,2022-06-09,한화,두산,A,Final,Loss,7.0,16.0,잠실,
20220609HHOB0_두산,2022-06-09,두산,한화,H,Final,Win,16.0,7.0,잠실,
20220609SSLT0_삼성,2022-06-09,삼성,롯데,A,Final,Loss,6.0,7.0,사직,
20220609SSLT0_롯데,2022-06-09,롯데,삼성,H,Final,Win,7.0,6.0,사직,
20220609LGHT0_LG,2022-06-09,LG,KIA,A,Final,Loss,1.0,5.0,광주,
20220609LGHT0_KIA,2022-06-09,KIA,LG,H,Final,Win,5.0,1.0,광주,
20220609SKNC0_SSG,2022-06-09,SSG,NC,A,Final,Loss,4.0,5.0,창원,
20220609SKNC0_NC,2022-06-09,NC,SSG,H,Final,Win,5.0,4.0,창원,
20220609KTWO0_KT,2022-06-09,KT,키움,A,Final,Win,7.0,1.0,고척,
20220609KTWO0_키움,2022-06-09,키움,KT,H,Final,Loss,1.0,7.0,고척,
20220610OBLG0_두산,2022-06-10,두산,LG,A,Final,Loss,7.0,10.0,잠실,
20220610OBLG0_LG,2022-06-10,LG,두산,H,Final,Win,10.0,7.0,잠실,
20220610NCSS0_NC,2022-06-10,NC,삼성,A,Final,Win,9.0,1.0,대구,
20220610NCSS0_삼성,2022-06-10,삼성,NC,H,Final,Loss,1.0,9.0,대구,
20220610KTLT0_KT,2022-06-10,KT,롯데,A,Final,Win,9.0,4.0,사직,
20220610KTLT0_롯데,2022-06-10,롯데,KT,H,Final,Loss,4.0,9.0,사직,
20220610HHSK0_한화,2022-06-10,한화,SSG,A,Final,Loss,2.0,9.0,문학,
20220610HHSK0_SSG,2022-06-10,SSG,한화,H,Final,Win,9.0,2.0,문학,
20220610WOHT0_키움,2022-06-10,키움,KIA,A,Final,Win,10.0,6.0,광주,
20220610WOHT0_KIA,2022-06-10,KIA,키움,H,Final,Loss,6.0,10.0,광주,
20220611OBLG0_두산,2022-06-11,두산,LG,A,Final,Win,5.0,4.0,잠실,
20220611OBLG0_LG,2022-06-11,LG,두산,H,Final,Loss,4.0,5.0,잠실,
20220611NCSS0_NC,2022-06-11,NC,삼성,A,Final,Win,4.0,1.0,대구,
20220611NCSS0_삼성,2022-06-11,삼성,NC,H,Final,Loss,1.0,4.0,대구,
20220611KTLT0_KT,2022-06-11,KT,롯데,A,Final,Win,4.0,0.0,사직,
20220611KTLT0_롯데,2022-06-11,롯데,KT,H,Final,Loss,0.0,4.0,사직,
20220611HHSK0_한화,2022-06-11,한화,SSG,A,Final,Loss,2.0,4.0,문학,
20220611HHSK0_SSG,2022-06-11,SSG,한화,H,Final,Win,4.0,2.0,문학,
20220611WOHT0_키움,2022-06-11,키움,KIA,A,Final,Loss,2.0,5.0,광주,
20220611WOHT0_KIA,2022-06-11,KIA,키움,H,Final,Win,5.0,2.0,광주,
20220612OBLG0_두산,2022-06-12,두산,LG,A,Final,Loss,6.0,9.0,잠실,
20220612OBLG0_LG,2022-06-12,LG,두산,H,Final,Win,9.0,6.0,잠실,
20220612NCSS0_NC,2022-06-12,NC,삼성,A,Final,Loss,2.0,4.0,대구,
20220612NCSS0_삼성,2022-06-12,삼성,NC,H,Final,Win,4.0,2.0,대구,
20220612KTLT0_KT,2022-06-12,KT,롯데,A,Final,Loss,0.0,13.0,사직,
20220612KTLT0_롯데,2022-06-12,롯데,KT,H,Final,Win,13.0,0.0,사직,
20220612HHSK0_한화,2022-06-12,한화,SSG,A,Final,Loss,11.0,13.0,문학,
20220612HHSK0_SSG,2022-06-12,SSG,한화,H,Final,Win,13.0,11.0,문학,
20220612WOHT0_키움,2022-06-12,키움,KIA,A,Final,Win,10.0,8.0,광주,
20220612WOHT0_KIA,2022-06-12,KIA,키움,H,Final,Loss,8.0,10.0,광주,
20220614SSLG0_삼성,2022-06-14,삼성,LG,A,Final,Loss,0.0,7.0,잠실,
20220614SSLG0_LG,2022-06-14,LG,삼성,H,Final,Win,7.0,0.0,잠실,
20220614SKKT0_SSG,2022-06-14,SSG,KT,A,Final,Loss,4.0,5.0,수원,
20220614SKKT0_KT,2022-06-14,KT,SSG,H,Final,Win,5.0,4.0,수원,
20220614OBWO0_두산,2022-06-14,두산,키움,A,Final,Loss,0.0,2.0,고척,
20220614OBWO0_키움,2022-06-14,키움,두산,H,Final,Win,2.0,0.0,고척,
20220615LTHH0_롯데,2022-06-15,롯데,한화,A,Final,Win,11.0,5.0,한밭,
20220615LTHH0_한화,2022-06-15,한화,롯데,H,Final,Loss,5.0,11.0,한밭,
20220615SSLG0_삼성,2022-06-15,삼성,LG,A,Final,Win,6.0,3.0,잠실,
20220615SSLG0_LG,2022-06-15,LG,삼성,H,Final,Loss,3.0,6.0,잠실,
20220615SKKT0_SSG,2022-06-15,SSG,KT,A,Final,Loss,3.0,6.0,수원,
20220615SKKT0_KT,2022-06-15,KT,SSG,H,Final,Win,6.0,3.0,수원,
20220615HTNC0_KIA,2022-06-15,KIA,NC,A,Final,Loss,2.0,7.0,창원,
20220615HTNC0_NC,2022-06-15,NC,KIA,H,Final,Win,7.0,2.0,창원,
20220615OBWO0_두산,2022-06-15,두산,키움,A,Final,Win,4.0,3.0,고척,
20220615OBWO0_키움,2022-06-15,키움,두산,H,Final,Loss,3.0,4.0,고척,
20220616LTHH0_롯데,2022-06-16,롯데,한화,A,Final,Win,3.0,0.0,한밭,
20220616LTHH0_한화,2022-06-16,한화,롯데,H,Final,Loss,0.0,3.0,한밭,
20220616SSLG0_삼성,2022-06-16,삼성,LG,A,Final,Loss,1.0,2.0,잠실,
20220616SSLG0_LG,2022-06-16,LG,삼성,H,Final,Win,2.0,1.0,잠실,
20220616SKKT0_SSG,2022-06-16,SSG,KT,A,Final,Win,6.0,0.0,수원,
20220616SKKT0_KT,2022-06-16,KT,SSG,H,Final,Loss,0.0,6.0,수원,
20220616HTNC0_KIA,2022-06-16,KIA,NC,A,Final,Win,4.0,2.0,창원,
20220616HTNC0_NC,2022-06-16,NC,KIA,H,Final,Loss,2.0,4.0,창원,
20220616OBWO0_두산,2022-06-16,두산,키움,A,Final,Loss,2.0,6.0,고척,
20220616OBWO0_키움,2022-06-16,키움,두산,H,Final,Win,6.0,2.0,고척,
20220617KTOB0_KT,2022-06-17,KT,두산,A,Final,Win,4.0,2.0,잠실,
20220617KTOB0_두산,2022-06-17,두산,KT,H,Final,Loss,2.0,4.0,잠실,
20220617SKLT0_SSG,2022-06-17,SSG,롯데,A,Final,Win,6.0,2.0,사직,
20220617SKLT0_롯데,2022-06-17,롯데,SSG,H,Final,Loss,2.0,6.0,사직,
20220617SSHT0_삼성,2022-06-17,삼성,KIA,A,Final,Loss,3.0,5.0,광주,
20220617SSHT0_KIA,2022-06-17,KIA,삼성,H,Final,Win,5.0,3.0,광주,
20220617LGWO0_LG,2022-06-17,LG,키움,A,Final,Win,4.0,2.0,고척,
20220617LGWO0_키움,2022-06-17,키움,LG,H,Final,Loss,2.0,4.0,고척,
20220618LGWO0_LG,2022-06-18,LG,키움,A,Final,Loss,0.0,2.0,고척,
20220618LGWO0_키움,2022-06-18,키움,LG,H,Final,Win,2.0,0.0,고척,
20220618KTOB0_KT,2022-06-18,KT,두산,A,Final,Loss,0.0,5.0,잠실,
20220618KTOB0_두산,2022-06-18,두산,KT,H,Final,Win,5.0,0.0,잠실,
20220618SKLT0_SSG,2022-06-18,SSG,롯데,A,Final,Win,10.0,5.0,사직,
20220618SKLT0_롯데,2022-06-18,롯데,SSG,H,Final,Loss,5.0,10.0,사직,
20220618SSHT0_삼성,2022-06-18,삼성,KIA,A,Final,Win,6.0,2.0,광주,
20220618SSHT0_KIA,2022-06-18,KIA,삼성,H,Final,Loss,2.0,6.0,광주,
20220618HHNC0_한화,2022-06-18,한화,NC,A,Final,Loss,2.0,3.0,창원,
20220618HHNC0_NC,2022-06-18,NC,한화,H,Final,Win,3.0,2.0,창원,
20220619LGWO0_LG,2022-06-19,LG,키움,A,Final,Win,4.0,2.0,고척,
20220619LGWO0_키움,2022-06-19,키움,LG,H,Final,Loss,2.0,4.0,고척,
20220619KTOB0_KT,2022-06-19,KT,두산,A,Final,Win,7.0,1.0,잠실,
20220619KTOB0_두산,2022-06-19,두산,KT,H,Final,Loss,1.0,7.0,잠실,
20220619SKLT0_SSG,2022-06-19,SSG,롯데,A,Final,Loss,4.0,7.0,사직,
20220619SKLT0_롯데,2022-06-19,롯데,SSG,H,Final,Win,7.0,4.0,사직,
20220619SSHT0_삼성,2022-06-19,삼성,KIA,A,Final,Win,7.0,3.0,광주,
20220619SSHT0_KIA,2022-06-19,KIA,삼성,H,Final,Loss,3.0,7.0,광주,
20220619HHNC0_한화,2022-06-19,한화,NC,A,Final,Loss,3.0,6.0,창원,
20220619HHNC0_NC,2022-06-19,NC,한화,H,Final,Win,6.0,3.0,창원,
20220621HHLG0_한화,2022-06-21,한화,LG,A,Final,Loss,4.0,10.0,잠실,
20220621HHLG0_LG,2022-06-21,LG,한화,H,Final,Win,10.0,4.0,잠실,
20220621WOSS0_키움,2022-06-21,키움,삼성,A,Final,Win,4.0,3.0,대구,
20220621WOSS0_삼성,2022-06-21,삼성,키움,H,Final,Loss,3.0,4.0,대구,
20220621OBSK0_두산,2022-06-21,두산,SSG,A,Final,Win,16.0,2.0,문학,
20220621OBSK0_SSG,2022-06-21,SSG,두산,H,Final,Loss,2.0,16.0,문학,
20220621LTHT0_롯데,2022-06-21,롯데,KIA,A,Final,Loss,5.0,6.0,광주,
20220621LTHT0_KIA,2022-06-21,KIA,롯데,H,Final,Win,6.0,5.0,광주,
20220621NCKT0_NC,2022-06-21,NC,KT,A,Final,Loss,1.0,8.0,수원,
20220621NCKT0_KT,2022-06-21,KT,NC,H,Final,Win,8.0,1.0,수원,
20220622HHLG0_한화,2022-06-22,한화,LG,A,Final,Loss,5.0,6.0,잠실,
20220622HHLG0_LG,2022-06-22,LG,한화,H,Final,Win,6.0,5.0,잠실,
20220622WOSS0_키움,2022-06-22,키움,삼성,A,Final,Win,6.0,0.0,대구,
20220622WOSS0_삼성,2022-06-22,삼성,키움,H,Final,Loss,0.0,6.0,대구,
20220622OBSK0_두산,2022-06-22,두산,SSG,A,Final,Loss,5.0,6.0,문학,
20220622OBSK0_SSG,2022-06-22,SSG,두산,H,Final,Win,6.0,5.0,문학,
20220622LTHT0_롯데,2022-06-22,롯데,KIA,A,Final,Win,7.0,5.0,광주,
20220622LTHT0_KIA,2022-06-22,KIA,롯데,H,Final,Loss,5.0,7.0,광주,
20220622NCKT0_NC,2022-06-22,NC,KT,A,Final,Win,11.0,0.0,수원,
20220622NCKT0_KT,2022-06-22,KT,NC,H,Final,Loss,0.0,11.0,수원,
20220623WOSS0_키움,2022-06-23,키움,삼성,A,Final,Win,6.0,1.0,대구,
20220623WOSS0_삼성,2022-06-23,삼성,키움,H,Final,Loss,1.0,6.0,대구,
20220623LTHT0_롯데,2022-06-23,롯데,KIA,A,Final,Loss,4.0,7.0,광주,
20220623LTHT0_KIA,2022-06-23,KIA,롯데,H,Final,Win,7.0,4.0,광주,
20220624SSHH0_삼성,2022-06-24,삼성,한화,A,Final,Loss,0.0,3.0,한밭,
20220624SSHH0_한화,2022-06-24,한화,삼성,H,Final,Win,3.0,0.0,한밭,
20220624HTOB0_KIA,2022-06-24,KIA,두산,A,Final,Win,4.0,3.0,잠실,
20220624HTOB0_두산,2022-06-24,두산,KIA,H,Final,Loss,3.0,4.0,잠실,
20220624WOLT0_키움,2022-06-24,키움,롯데,A,Final,Loss,1.0,5.0,사직,
20220624WOLT0_롯데,2022-06-24,롯데,키움,H,Final,Win,5.0,1.0,사직,
20220624NCSK0_NC,2022-06-24,NC,SSG,A,Final,Loss,2.0,14.0,문학,
20220624NCSK0_SSG,2022-06-24,SSG,NC,H,Final,Win,14.0,2.0,문학,
20220624LGKT0_LG,2022-06-24,LG,KT,A,Final,Loss,6.0,9.0,수원,
20220624LGKT0_KT,2022-06-24,KT,LG,H,Final,Win,9.0,6.0,수원,
20220625SSHH0_삼성,2022-06-25,삼성,한화,A,Final,Win,5.0,2.0,한밭,
20220625SSHH0_한화,2022-06-25,한화,삼성,H,Final,Loss,2.0,5.0,한밭,
20220625HTOB0_KIA,2022-06-25,KIA,두산,A,Final,Win,8.0,6.0,잠실,
20220625HTOB0_두산,2022-06-25,두산,KIA,H,Final,Loss,6.0,8.0,잠실,
20220625WOLT0_키움,2022-06-25,키움,롯데,A,Final,Win,13.0,5.0,사직,
20220625WOLT0_롯데,2022-06-25,롯데,키움,H,Final,Loss,5.0,13.0,사직,
20220625NCSK0_NC,2022-06-25,NC,SSG,A,Final,Loss,1.0,8.0,문학,
20220625NCSK0_SSG,2022-06-25,SSG,NC,H,Final,Win,8.0,1.0,문학,
20220625LGKT0_LG,2022-06-25,LG,KT,A,Final,Win,7.0,2.0,수원,
20220625LGKT0_KT,2022-06-25,KT,LG,H,Final,Loss,2.0,7.0,수원,
20220626SSHH0_삼성,2022-06-26,삼성,한화,A,Final,Win,6.0,2.0,한밭,
20220626SSHH0_한화,2022-06-26,한화,삼성,H,Final,Loss,2.0,6.0,한밭,
20220626HTOB0_KIA,2022-06-26,KIA,두산,A,Final,Loss,4.0,8.0,잠실,
20220626HTOB0_두산,2022-06-26,두산,KIA,H,Final,Win,8.0,4.0,잠실,
20220626WOLT0_키움,2022-06-26,키움,롯데,A,Final,Win,9.0,4.0,사직,
20220626WOLT0_롯데,2022-06-26,롯데,키움,H,Final,Loss,4.0,9.0,사직,
20220626NCSK0_NC,2022-06-26,NC,SSG,A,Final,Loss,3.0,7.0,문학,
20220626NCSK0_SSG,2022-06-26,SSG,NC,H,Final,Win,7.0,3.0,문학,
20220626LGKT0_LG,2022-06-26,LG,KT,A,Final,Win,3.0,1.0,수원,
20220626LGKT0_KT,2022-06-26,KT,LG,H,Final,Loss,1.0,3.0,수원,
20220628SKHH0_SSG,2022-06-28,SSG,한화,A,Final,Loss,3.0,6.0,한밭,
20220628SKHH0_한화,2022-06-28,한화,SSG,H,Final,Win,6.0,3.0,한밭,
20220628NCLG0_NC,2022-06-28,NC,LG,A,Final,Loss,0.0,5.0,잠실,
20220628NCLG0_LG,2022-06-28,LG,NC,H,Final,Win,5.0,0.0,잠실,
20220628KTSS0_KT,2022-06-28,KT,삼성,A,Final,Win,14.0,4.0,대구,
20220628KTSS0_삼성,2022-06-28,삼성,KT,H,Final,Loss,4.0,14.0,대구,
20220628HTWO0_KIA,2022-06-28,KIA,키움,A,Final,Loss,2.0,5.0,고척,
20220628HTWO0_키움,2022-06-28,키움,KIA,H,Final,Win,5.0,2.0,고척,
20220629SKHH0_SSG,2022-06-29,SSG,한화,A,Final,Win,8.0,3.0,한밭,
20220629SKHH0_한화,2022-06-29,한화,SSG,H,Final,Loss,3.0,8.0,한밭,
20220629KTSS0_KT,2022-06-29,KT,삼성,A,Final,Loss,2.0,8.0,대구,
20220629KTSS0_삼성,2022-06-29,삼성,KT,H,Final,Win,8.0,2.0,대구,
20220629HTWO0_KIA,2022-06-29,KIA,키움,A,Final,Loss,0.0,1.0,고척,
20220629HTWO0_키움,2022-06-29,키움,KIA,H,Final,Win,1.0,0.0,고척,
20220630KTSS0_KT,2022-06-30,KT,삼성,A,Final,Win,13.0,2.0,대구,
20220630KTSS0_삼성,2022-06-30,삼성,KT,H,Final,Loss,2.0,13.0,대구,
20220630OBLT0_두산,2022-06-30,두산,롯데,A,Final,Loss,1.0,5.0,사직,
20220630OBLT0_롯데,2022-06-30,롯데,두산,H,Final,Win,5.0,1.0,사직,
20220630HTWO0_KIA,2022-06-30,KIA,키움,A,Final,Loss,4.0,5.0,고척,
20220630HTWO0_키움,2022-06-30,키움,KIA,H,Final,Win,5.0,4.0,고척,
20220701LTLG0_롯데,2022-07-01,롯데,LG,A,Final,Loss,1.0,2.0,잠실,
20220701LTLG0_LG,2022-07-01,LG,롯데,H,Final,Win,2.0,1.0,잠실,
20220701HTSK0_KIA,2022-07-01,KIA,SSG,A,Final,Loss,6.0,7.0,문학,
20220701HTSK0_SSG,2022-07-01,SSG,KIA,H,Final,Win,7.0,6.0,문학,
20220701OBKT0_두산,2022-07-01,두산,KT,A,Final,Loss,7.0,11.0,수원,
20220701OBKT0_KT,2022-07-01,KT,두산,H,Final,Win,11.0,7.0,수원,
20220701HHWO0_한화,2022-07-01,한화,키움,A,Final,Loss,5.0,7.0,고척,
20220701HHWO0_키움,2022-07-01,키움,한화,H,Final,Win,7.0,5.0,고척,
20220702HHWO0_한화,2022-07-02,한화,키움,A,Final,Loss,0.0,3.0,고척,
20220702HHWO0_키움,2022-07-02,키움,한화,H,Final,Win,3.0,0.0,고척,
20220702LTLG0_롯데,2022-07-02,롯데,LG,A,Final,Win,8.0,1.0,잠실,
20220702LTLG0_LG,2022-07-02,LG,롯데,H,Final,Loss,1.0,8.0,잠실,
20220702HTSK0_KIA,2022-07-02,KIA,SSG,A,Final,Loss,1.0,2.0,문학,
20220702HTSK0_SSG,2022-07-02,SSG,KIA,H,Final,Win,2.0,1.0,문학,
20220702OBKT0_두산,2022-07-02,두산,KT,A,Final,Loss,3.0,8.0,수원,
20220702OBKT0_KT,2022-07-02,KT,두산,H,Final,Win,8.0,3.0,수원,
20220702SSNC0_삼성,2022-07-02,삼성,NC,A,Final,Loss,1.0,17.0,창원,
20220702SSNC0_NC,2022-07-02,NC,삼성,H,Final,Win,17.0,1.0,창원,
20220703HHWO0_한화,2022-07-03,한화,키움,A,Final,Loss,1.0,2.0,고척,
20220703HHWO0_키움,2022-07-03,키움,한화,H,Final,Win,2.0,1.0,고척,
20220703LTLG0_롯데,2022-07-03,롯데,LG,A,Final,Loss,1.0,4.0,잠실,
20220703LTLG0_LG,2022-07-03,LG,롯데,H,Final,Win,4.0,1.0,잠실,
20220703HTSK0_KIA,2022-07-03,KIA,SSG,A,Final,Loss,2.0,3.0,문학,
20220703HTSK0_SSG,2022-07-03,SSG,KIA,H,Final,Win,3.0,2.0,문학,
20220703OBKT0_두산,2022-07-03,두산,KT,A,Final,Loss,0.0,6.0,수원,
20220703OBKT0_KT,2022-07-03,KT,두산,H,Final,Win,6.0,0.0,수원,
20220703SSNC0_삼성,2022-07-03,삼성,NC,A,Final,Loss,6.0,11.0,창원,
20220703SSNC0_NC,2022-07-03,NC,삼성,H,Final,Win,11.0,6.0,창원,
20220705NCHH0_NC,2022-07-05,NC,한화,A,Final,Win,1.0,0.0,한밭,
20220705NCHH0_한화,2022-07-05,한화,NC,H,Final,Loss,0.0,1.0,한밭,
20220705WOOB0_키움,2022-07-05,키움,두산,A,Final,Win,4.0,3.0,잠실,
20220705WOOB0_두산,2022-07-05,두산,키움,H,Final,Loss,3.0,4.0,잠실,
20220705LGSS0_LG,2022-07-05,LG,삼성,A,Final,Win,4.0,1.0,대구,
20220705LGSS0_삼성,2022-07-05,삼성,LG,H,Final,Loss,1.0,4.0,대구,
20220705LTSK0_롯데,2022-07-05,롯데,SSG,A,Final,Loss,3.0,4.0,문학,
20220705LTSK0_SSG,2022-07-05,SSG,롯데,H,Final,Win,4.0,3.0,문학,
20220706NCHH0_NC,2022-07-06,NC,한화,A,Final,Win,4.0,3.0,한밭,
20220706NCHH0_한화,2022-07-06,한화,NC,H,Final,Loss,3.0,4.0,한밭,
20220706WOOB0_키움,2022-07-06,키움,두산,A,Final,Loss,2.0,5.0,잠실,
20220706WOOB0_두산,2022-07-06,두산,키움,H,Final,Win,5.0,2.0,잠실,
20220706LGSS0_LG,2022-07-06,LG,삼성,A,Final,Win,10.0,9.0,대구,
20220706LGSS0_삼성,2022-07-06,삼성,LG,H,Final,Loss,9.0,10.0,대구,
20220706LTSK0_롯데,2022-07-06,롯데,SSG,A,Final,Win,12.0,5.0,문학,
20220706LTSK0_SSG,2022-07-06,SSG,롯데,H,Final,Loss,5.0,12.0,문학,
20220706KTHT0_KT,2022-07-06,KT,KIA,A,Final,Win,8.0,1.0,광주,
20220706KTHT0_KIA,2022-07-06,KIA,KT,H,Final,Loss,1.0,8.0,광주,
20220707NCHH0_NC,2022-07-07,NC,한화,A,Final,Loss,11.0,12.0,한밭,
20220707NCHH0_한화,2022-07-07,한화,NC,H,Final,Win,12.0,11.0,한밭,
20220707WOOB0_키움,2022-07-07,키움,두산,A,Final,Loss,2.0,4.0,잠실,
20220707WOOB0_두산,2022-07-07,두산,키움,H,Final,Win,4.0,2.0,잠실,
20220707LGSS0_LG,2022-07-07,LG,삼성,A,Final,Win,11.0,9.0,대구,
20220707LGSS0_삼성,2022-07-07,삼성,LG,H,Final,Loss,9.0,11.0,대구,
20220707LTSK0_롯데,2022-07-07,롯데,SSG,A,Final,Loss,1.0,8.0,문학,
20220707LTSK0_SSG,2022-07-07,SSG,롯데,H,Final,Win,8.0,1.0,문학,
20220708LGOB0_LG,2022-07-08,LG,두산,A,Final,Win,11.0,4.0,잠실,
20220708LGOB0_두산,2022-07-08,두산,LG,H,Final,Loss,4.0,11.0,잠실,
20220708SKSS0_SSG,2022-07-08,SSG,삼성,A,Final,Win,9.0,8.0,대구,
20220708SKSS0_삼성,2022-07-08,삼성,SSG,H,Final,Loss,8.0,9.0,대구,
20220708HHHT0_한화,2022-07-08,한화,KIA,A,Final,Loss,3.0,5.0,광주,
20220708HHHT0_KIA,2022-07-08,KIA,한화,H,Final,Win,5.0,3.0,광주,
20220708LTKT0_롯데,2022-07-08,롯데,KT,A,Final,Loss,3.0,6.0,수원,
20220708LTKT0_KT,2022-07-08,KT,롯데,H,Final,Win,6.0,3.0,수원,
20220708NCWO0_NC,2022-07-08,NC,키움,A,Final,Loss,2.0,3.0,고척,
20220708NCWO0_키움,2022-07-08,키움,NC,H,Final,Win,3.0,2.0,고척,
20220709NCWO0_NC,2022-07-09,NC,키움,A,Final,Loss,1.0,10.0,고척,
20220709NCWO0_키움,2022-07-09,키움,NC,H,Final,Win,10.0,1.0,고척,
20220709LGOB0_LG,2022-07-09,LG,두산,A,Final,Win,8.0,6.0,잠실,
20220709LGOB0_두산,2022-07-09,두산,LG,H,Final,Loss,6.0,8.0,잠실,
20220709SKSS0_SSG,2022-07-09,SSG,삼성,A,Final,Win,13.0,10.0,대구,
20220709SKSS0_삼성,2022-07-09,삼성,SSG,H,Final,Loss,10.0,13.0,대구,
20220709HHHT0_한화,2022-07-09,한화,KIA,A,Final,Loss,5.0,6.0,광주,
20220709HHHT0_KIA,2022-07-09,KIA,한화,H,Final,Win,6.0,5.0,광주,
20220709LTKT0_롯데,2022-07-09,롯데,KT,A,Final,Loss,1.0,3.0,수원,
20220709LTKT0_KT,2022-07-09,KT,롯데,H,Final,Win,3.0,1.0,수원,
20220710NCWO0_NC,2022-07-10,NC,키움,A,Final,Loss,0.0,2.0,고척,
20220710NCWO0_키움,2022-07-10,키움,NC,H,Final,Win,2.0,0.0,고척,
20220710LGOB0_LG,2022-07-10,LG,두산,A,Final,Win,9.0,0.0,잠실,
20220710LGOB0_두산,2022-07-10,두산,LG,H,Final,Loss,0.0,9.0,잠실,
20220710SKSS0_SSG,2022-07-10,SSG,삼성,A,Final,Win,7.0,2.0,대구,
20220710SKSS0_삼성,2022-07-10,삼성,SSG,H,Final,Loss,2.0,7.0,대구,
20220710HHHT0_한화,2022-07-10,한화,KIA,A,Final,Loss,3.0,6.0,광주,
20220710HHHT0_KIA,2022-07-10,KIA,한화,H,Final,Win,6.0,3.0,광주,
20220710LTKT0_롯데,2022-07-10,롯데,KT,A,Final,Win,9.0,1.0,수원,
20220710LTKT0_KT,2022-07-10,KT,롯데,H,Final,Loss,1.0,9.0,수원,
20220712HTLG0_KIA,2022-07-12,KIA,LG,A,Final,Win,7.0,1.0,잠실,
20220712HTLG0_LG,2022-07-12,LG,KIA,H,Final,Loss,1.0,7.0,잠실,
20220712HHLT0_한화,2022-07-12,한화,롯데,A,Final,Loss,2.0,3.0,사직,
20220712HHLT0_롯데,2022-07-12,롯데,한화,H,Final,Win,3.0,2.0,사직,
20220712WOSK0_키움,2022-07-12,키움,SSG,A,Final,Loss,3.0,7.0,문학,
20220712WOSK0_SSG,2022-07-12,SSG,키움,H,Final,Win,7.0,3.0,문학,
20220712SSKT0_삼성,2022-07-12,삼성,KT,A,Final,Loss,3.0,4.0,수원,
20220712SSKT0_KT,2022-07-12,KT,삼성,H,Final,Win,4.0,3.0,수원,
20220712OBNC0_두산,2022-07-12,두산,NC,A,Final,Win,11.0,7.0,창원,
20220712OBNC0_NC,2022-07-12,NC,두산,H,Final,Loss,7.0,11.0,창원,
20220713HHLT0_한화,2022-07-13,한화,롯데,A,Final,Loss,0.0,2.0,사직,
20220713HHLT0_롯데,2022-07-13,롯데,한화,H,Final,Win,2.0,0.0,사직,
20220713OBNC0_두산,2022-07-13,두산,NC,A,Final,Loss,1.0,4.0,창원,
20220713OBNC0_NC,2022-07-13,NC,두산,H,Final,Win,4.0,1.0,창원,
20220714HTLG0_KIA,2022-07-14,KIA,LG,A,Final,Loss,2.0,6.0,잠실,
20220714HTLG0_LG,2022-07-14,LG,KIA,H,Final,Win,6.0,2.0,잠실,
20220714HHLT0_한화,2022-07-14,한화,롯데,A,Final,Loss,7.0,10.0,사직,
20220714HHLT0_롯데,2022-07-14,롯데,한화,H,Final,Win,10.0,7.0,사직,
20220714WOSK0_키움,2022-07-14,키움,SSG,A,Final,Loss,1.0,4.0,문학,
20220714WOSK0_SSG,2022-07-14,SSG,키움,H,Final,Win,4.0,1.0,문학,
20220714SSKT0_삼성,2022-07-14,삼성,KT,A,Final,Loss,0.0,1.0,수원,
20220714SSKT0_KT,2022-07-14,KT,삼성,H,Final,Win,1.0,0.0,수원,
20220714OBNC0_두산,2022-07-14,두산,NC,A,Final,Win,11.0,3.0,창원,
20220714OBNC0_NC,2022-07-14,NC,두산,H,Final,Loss,3.0,11.0,창원,
20220722KTHH0_KT,2022-07-22,KT,한화,A,Final,Loss,0.0,8.0,한밭,
20220722KTHH0_한화,2022-07-22,한화,KT,H,Final,Win,8.0,0.0,한밭,
20220722SKOB0_SSG,2022-07-22,SSG,두산,A,Final,Win,1.0,0.0,잠실,
20220722SKOB0_두산,2022-07-22,두산,SSG,H,Final,Loss,0.0,1.0,잠실,
20220722HTLT0_KIA,2022-07-22,KIA,롯데,A,Final,Win,5.0,2.0,사직,
20220722HTLT0_롯데,2022-07-22,롯데,KIA,H,Final,Loss,2.0,5.0,사직,
20220722LGNC0_LG,2022-07-22,LG,NC,A,Final,Loss,4.0,5.0,창원,
20220722LGNC0_NC,2022-07-22,NC,LG,H,Final,Win,5.0,4.0,창원,
20220722SSWO0_삼성,2022-07-22,삼성,키움,A,Final,Loss,2.0,3.0,고척,
20220722SSWO0_키움,2022-07-22,키움,삼성,H,Final,Win,3.0,2.0,고척,
20220723SSWO0_삼성,2022-07-23,삼성,키움,A,Final,Loss,0.0,6.0,고척,
20220723SSWO0_키움,2022-07-23,키움,삼성,H,Final,Win,6.0,0.0,고척,
20220723KTHH0_KT,2022-07-23,KT,한화,A,Final,Win,5.0,3.0,한밭,
20220723KTHH0_한화,2022-07-23,한화,KT,H,Final,Loss,3.0,5.0,한밭,
20220723HTLT0_KIA,2022-07-23,KIA,롯데,A,Final,Win,9.0,3.0,사직,
20220723HTLT0_롯데,2022-07-23,롯데,KIA,H,Final,Loss,3.0,9.0,사직,
20220723LGNC0_LG,2022-07-23,LG,NC,A,Final,Win,11.0,5.0,창원,
20220723LGNC0_NC,2022-07-23,NC,LG,H,Final,Loss,5.0,11.0,창원,
20220724SSWO0_삼성,2022-07-24,삼성,키움,A,Final,Win,8.0,0.0,고척,
20220724SSWO0_키움,2022-07-24,키움,삼성,H,Final,Loss,0.0,8.0,고척,
20220724KTHH0_KT,2022-07-24,KT,한화,A,Final,Win,3.0,1.0,한밭,
20220724KTHH0_한화,2022-07-24,한화,KT,H,Final,Loss,1.0,3.0,한밭,
20220724SKOB0_SSG,2022-07-24,SSG,두산,A,Final,Win,5.0,4.0,잠실,
20220724SKOB0_두산,2022-07-24,두산,SSG,H,Final,Loss,4.0,5.0,잠실,
20220724HTLT0_KIA,2022-07-24,KIA,롯데,A,Final,Win,23.0,0.0,사직,
20220724HTLT0_롯데,2022-07-24,롯데,KIA,H,Final,Loss,0.0,23.0,사직,
20220724LGNC0_LG,2022-07-24,LG,NC,A,Final,Loss,1.0,6.0,창원,
20220724LGNC0_NC,2022-07-24,NC,LG,H,Final,Win,6.0,1.0,창원,
20220726LTOB0_롯데,2022-07-26,롯데,두산,A,Final,Loss,1.0,6.0,잠실,
20220726LTOB0_두산,2022-07-26,두산,롯데,H,Final,Win,6.0,1.0,잠실,
20220726LGSK0_LG,2022-07-26,LG,SSG,A,Final,Win,9.0,0.0,문학,
20220726LGSK0_SSG,2022-07-26,SSG,LG,H,Final,Loss,0.0,9.0,문학,
20220726NCHT0_NC,2022-07-26,NC,KIA,A,Final,Win,9.0,1.0,광주,
20220726NCHT0_KIA,2022-07-26,KIA,NC,H,Final,Loss,1.0,9.0,광주,
20220726WOKT0_키움,2022-07-26,키움,KT,A,Final,Win,8.0,7.0,수원,
20220726WOKT0_KT,2022-07-26,KT,키움,H,Final,Loss,7.0,8.0,수원,
20220726HHSS0_한화,2022-07-26,한화,삼성,A,Final,Win,4.0,2.0,포항,
20220726HHSS0_삼성,2022-07-26,삼성,한화,H,Final,Loss,2.0,4.0,포항,
20220727LTOB0_롯데,2022-07-27,롯데,두산,A,Final,Loss,5.0,6.0,잠실,
20220727LTOB0_두산,2022-07-27,두산,롯데,H,Final,Win,6.0,5.0,잠실,
20220727LGSK0_LG,2022-07-27,LG,SSG,A,Final,Loss,3.0,6.0,문학,
20220727LGSK0_SSG,2022-07-27,SSG,LG,H,Final,Win,6.0,3.0,문학,
20220727NCHT0_NC,2022-07-27,NC,KIA,A,Final,Loss,5.0,9.0,광주,
20220727NCHT0_KIA,2022-07-27,KIA,NC,H,Final,Win,9.0,5.0,광주,
20220727WOKT0_키움,2022-07-27,키움,KT,A,Final,Loss,4.0,5.0,수원,
20220727WOKT0_KT,2022-07-27,KT,키움,H,Final,Win,5.0,4.0,수원,
20220727HHSS0_한화,2022-07-27,한화,삼성,A,Final,Loss,10.0,11.0,포항,
20220727HHSS0_삼성,2022-07-27,삼성,한화,H,Final,Win,11.0,10.0,포항,
20220728LTOB0_롯데,2022-07-28,롯데,두산,A,Final,Loss,5.0,8.0,잠실,
20220728LTOB0_두산,2022-07-28,두산,롯데,H,Final,Win,8.0,5.0,잠실,
20220728LGSK0_LG,2022-07-28,LG,SSG,A,Final,Loss,4.0,5.0,문학,
20220728LGSK0_SSG,2022-07-28,SSG,LG,H,Final,Win,5.0,4.0,문학,
20220728NCHT0_NC,2022-07-28,NC,KIA,A,Final,Win,6.0,2.0,광주,
20220728NCHT0_KIA,2022-07-28,KIA,NC,H,Final,Loss,2.0,6.0,광주,
20220728WOKT0_키움,2022-07-28,키움,KT,A,Final,Loss,2.0,8.0,수원,
20220728WOKT0_KT,2022-07-28,KT,키움,H,Final,Win,8.0,2.0,수원,
20220729OBHH0_두산,2022-07-29,두산,한화,A,Final,Win,7.0,3.0,한밭,
20220729OBHH0_한화,2022-07-29,한화,두산,H,Final,Loss,3.0,7.0,한밭,
20220729KTLG0_KT,2022-07-29,KT,LG,A,Final,Win,5.0,4.0,잠실,
20220729KTLG0_LG,2022-07-29,LG,KT,H,Final,Loss,4.0,5.0,잠실,
20220729LTSS0_롯데,2022-07-29,롯데,삼성,A,Final,Loss,7.0,8.0,대구,
20220729LTSS0_삼성,2022-07-29,삼성,롯데,H,Final,Win,8.0,7.0,대구,
20220729SKHT0_SSG,2022-07-29,SSG,KIA,A,Final,Loss,2.0,11.0,광주,
20220729SKHT0_KIA,2022-07-29,KIA,SSG,H,Final,Win,11.0,2.0,광주,
20220729WONC0_키움,2022-07-29,키움,NC,A,Final,Loss,3.0,5.0,창원,
20220729WONC0_NC,2022-07-29,NC,키움,H,Final,Win,5.0,3.0,창원,
20220730OBHH0_두산,2022-07-30,두산,한화,A,Final,Loss,1.0,11.0,한밭,
20220730OBHH0_한화,2022-07-30,한화,두산,H,Final,Win,11.0,1.0,한밭,
20220730KTLG0_KT,2022-07-30,KT,LG,A,Final,Loss,7.0,8.0,잠실,
20220730KTLG0_LG,2022-07-30,LG,KT,H,Final,Win,8.0,7.0,잠실,
20220730LTSS0_롯데,2022-07-30,롯데,삼성,A,Final,Win,9.0,8.0,대구,
20220730LTSS0_삼성,2022-07-30,삼성,롯데,H,Final,Loss,8.0,9.0,대구,
20220730SKHT0_SSG,2022-07-30,SSG,KIA,A,Final,Win,7.0,5.0,광주,
20220730SKHT0_KIA,2022-07-30,KIA,SSG,H,Final,Loss,5.0,7.0,광주,
20220731SKHT0_SSG,2022-07-31,SSG,KIA,A,Final,Win,3.0,2.0,광주,
20220731SKHT0_KIA,2022-07-31,KIA,SSG,H,Final,Loss,2.0,3.0,광주,
20220802HTHH0_KIA,2022-08-02,KIA,한화,A,Final,Loss,4.0,5.0,한밭,
20220802HTHH0_한화,2022-08-02,한화,KIA,H,Final,Win,5.0,4.0,한밭,
20220802LGLT0_LG,2022-08-02,LG,롯데,A,Final,Loss,3.0,4.0,사직,
20220802LGLT0_롯데,2022-08-02,롯데,LG,H,Final,Win,4.0,3.0,사직,
20220802SKWO0_SSG,2022-08-02,SSG,키움,A,Final,Win,7.0,5.0,고척,
20220802SKWO0_키움,2022-08-02,키움,SSG,H,Final,Loss,5.0,7.0,고척,
20220803HTHH0_KIA,2022-08-03,KIA,한화,A,Final,Win,6.0,3.0,한밭,
20220803HTHH0_한화,2022-08-03,한화,KIA,H,Final,Loss,3.0,6.0,한밭,
20220803SSOB0_삼성,2022-08-03,삼성,두산,A,Final,Loss,1.0,3.0,잠실,
20220803SSOB0_두산,2022-08-03,두산,삼성,H,Final,Win,3.0,1.0,잠실,
20220803LGLT0_LG,2022-08-03,LG,롯데,A,Final,Win,4.0,1.0,사직,
20220803LGLT0_롯데,2022-08-03,롯데,LG,H,Final,Loss,1.0,4.0,사직,
20220803KTNC0_KT,2022-08-03,KT,NC,A,Final,Win,15.0,2.0,창원,
20220803KTNC0_NC,2022-08-03,NC,KT,H,Final,Loss,2.0,15.0,창원,
20220803SKWO0_SSG,2022-08-03,SSG,키움,A,Final,Loss,2.0,3.0,고척,
20220803SKWO0_키움,2022-08-03,키움,SSG,H,Final,Win,3.0,2.0,고척,
20220804HTHH0_KIA,2022-08-04,KIA,한화,A,Final,Loss,1.0,4.0,한밭,
20220804HTHH0_한화,2022-08-04,한화,KIA,H,Final,Win,4.0,1.0,한밭,
20220804SSOB0_삼성,2022-08-04,삼성,두산,A,Final,Win,9.0,2.0,잠실,
20220804SSOB0_두산,2022-08-04,두산,삼성,H,Final,Loss,2.0,9.0,잠실,
20220804LGLT0_LG,2022-08-04,LG,롯데,A,Final,Win,12.0,2.0,사직,
20220804LGLT0_롯데,2022-08-04,롯데,LG,H,Final,Loss,2.0,12.0,사직,
20220804KTNC0_KT,2022-08-04,KT,NC,A,Final,Loss,3.0,4.0,창원,
20220804KTNC0_NC,2022-08-04,NC,KT,H,Final,Win,4.0,3.0,창원,
20220804SKWO0_SSG,2022-08-04,SSG,키움,A,Final,Win,6.0,5.0,고척,
20220804SKWO0_키움,2022-08-04,키움,SSG,H,Final,Loss,5.0,6.0,고척,
20220805WOLG0_키움,2022-08-05,키움,LG,A,Final,Win,8.0,7.0,잠실,
20220805WOLG0_LG,2022-08-05,LG,키움,H,Final,Loss,7.0,8.0,잠실,
20220805NCLT0_NC,2022-08-05,NC,롯데,A,Final,Loss,2.0,7.0,사직,
20220805NCLT0_롯데,2022-08-05,롯데,NC,H,Final,Win,7.0,2.0,사직,
20220805SSSK0_삼성,2022-08-05,삼성,SSG,A,Final,Win,3.0,1.0,문학,
20220805SSSK0_SSG,2022-08-05,SSG,삼성,H,Final,Loss,1.0,3.0,문학,
20220805OBHT0_두산,2022-08-05,두산,KIA,A,Final,Win,5.0,3.0,광주,
20220805OBHT0_KIA,2022-08-05,KIA,두산,H,Final,Loss,3.0,5.0,광주,
20220805HHKT0_한화,2022-08-05,한화,KT,A,Final,Loss,1.0,5.0,수원,
20220805HHKT0_KT,2022-08-05,KT,한화,H,Final,Win,5.0,1.0,수원,
20220806WOLG0_키움,2022-08-06,키움,LG,A,Final,Loss,3.0,12.0,잠실,
20220806WOLG0_LG,2022-08-06,LG,키움,H,Final,Win,12.0,3.0,잠실,
20220806NCLT0_NC,2022-08-06,NC,롯데,A,Final,Win,10.0,1.0,사직,
20220806NCLT0_롯데,2022-08-06,롯데,NC,H,Final,Loss,1.0,10.0,사직,
20220806SSSK0_삼성,2022-08-06,삼성,SSG,A,Final,Loss,6.0,7.0,문학,
20220806SSSK0_SSG,2022-08-06,SSG,삼성,H,Final,Win,7.0,6.0,문학,
20220806OBHT0_두산,2022-08-06,두산,KIA,A,Final,Win,7.0,4.0,광주,
20220806OBHT0_KIA,2022-08-06,KIA,두산,H,Final,Loss,4.0,7.0,광주,
20220806HHKT0_한화,2022-08-06,한화,KT,A,Final,Loss,2.0,4.0,수원,
20220806HHKT0_KT,2022-08-06,KT,한화,H,Final,Win,4.0,2.0,수원,
20220807WOLG0_키움,2022-08-07,키움,LG,A,Final,Loss,0.0,5.0,잠실,
20220807WOLG0_LG,2022-08-07,LG,키움,H,Final,Win,5.0,0.0,잠실,
20220807NCLT0_NC,2022-08-07,NC,롯데,A,Final,Win,14.0,0.0,사직,
20220807NCLT0_롯데,2022-08-07,롯데,NC,H,Final,Loss,0.0,14.0,사직,
20220807SSSK0_삼성,2022-08-07,삼성,SSG,A,Final,Loss,6.0,7.0,문학,
20220807SSSK0_SSG,2022-08-07,SSG,삼성,H,Final,Win,7.0,6.0,문학,
20220807OBHT0_두산,2022-08-07,두산,KIA,A,Final,Loss,4.0,5.0,광주,
20220807OBHT0_KIA,2022-08-07,KIA,두산,H,Final,Win,5.0,4.0,광주,
20220807HHKT0_한화,2022-08-07,한화,KT,A,Final,Win,6.0,5.0,수원,
20220807HHKT0_KT,2022-08-07,KT,한화,H,Final,Loss,5.0,6.0,수원,
20220810NCOB0_NC,2022-08-10,NC,두산,A,Final,Win,11.0,0.0,잠실,
20220810NCOB0_두산,2022-08-10,두산,NC,H,Final,Loss,0.0,11.0,잠실,
20220810HTSS0_KIA,2022-08-10,KIA,삼성,A,Final,Loss,2.0,3.0,대구,
20220810HTSS0_삼성,2022-08-10,삼성,KIA,H,Final,Win,3.0,2.0,대구,
20220810KTSK0_KT,2022-08-10,KT,SSG,A,Final,Loss,2.0,4.0,문학,
20220810KTSK0_SSG,2022-08-10,SSG,KT,H,Final,Win,4.0,2.0,문학,
20220810LTWO0_롯데,2022-08-10,롯데,키움,A,Final,Win,4.0,3.0,고척,
20220810LTWO0_키움,2022-08-10,키움,롯데,H,Final,Loss,3.0,4.0,고척,
20220811NCOB0_NC,2022-08-11,NC,두산,A,Final,Win,3.0,2.0,잠실,
20220811NCOB0_두산,2022-08-11,두산,NC,H,Final,Loss,2.0,3.0,잠실,
20220811KTSK0_KT,2022-08-11,KT,SSG,A,Final,Loss,2.0,4.0,문학,
20220811KTSK0_SSG,2022-08-11,SSG,KT,H,Final,Win,4.0,2.0,문학,
20220811LTWO0_롯데,2022-08-11,롯데,키움,A,Final,Win,3.0,0.0,고척,
20220811LTWO0_키움,2022-08-11,키움,롯데,H,Final,Loss,0.0,3.0,고척,
20220812LGHH0_LG,2022-08-12,LG,한화,A,Final,Win,6.0,5.0,한밭,
20220812LGHH0_한화,2022-08-12,한화,LG,H,Final,Loss,5.0,6.0,한밭,
20220812NCOB0_NC,2022-08-12,NC,두산,A,Final,Loss,1.0,7.0,잠실,
20220812NCOB0_두산,2022-08-12,두산,NC,H,Final,Win,7.0,1.0,잠실,
20220812HTSS0_KIA,2022-08-12,KIA,삼성,A,Final,Loss,6.0,7.0,대구,
20220812HTSS0_삼성,2022-08-12,삼성,KIA,H,Final,Win,7.0,6.0,대구,
20220812KTSK0_KT,2022-08-12,KT,SSG,A,Final,Win,9.0,5.0,문학,
20220812KTSK0_SSG,2022-08-12,SSG,KT,H,Final,Loss,5.0,9.0,문학,
20220812LTWO0_롯데,2022-08-12,롯데,키움,A,Final,Win,4.0,1.0,고척,
20220812LTWO0_키움,2022-08-12,키움,롯데,H,Final,Loss,1.0,4.0,고척,
20220813WOHH0_키움,2022-08-13,키움,한화,A,Final,Win,8.0,6.0,한밭,
20220813WOHH0_한화,2022-08-13,한화,키움,H,Final,Loss,6.0,8.0,한밭,
20220813SKOB0_SSG,2022-08-13,SSG,두산,A,Final,Win,8.0,2.0,잠실,
20220813SKOB0_두산,2022-08-13,두산,SSG,H,Final,Loss,2.0,8.0,잠실,
20220813LTHT0_롯데,2022-08-13,롯데,KIA,A,Final,Loss,0.0,9.0,광주,
20220813LTHT0_KIA,2022-08-13,KIA,롯데,H,Final,Win,9.0,0.0,광주,
20220813SSKT0_삼성,2022-08-13,삼성,KT,A,Final,Loss,1.0,8.0,수원,
20220813SSKT0_KT,2022-08-13,KT,삼성,H,Final,Win,8.0,1.0,수원,
20220814WOHH0_키움,2022-08-14,키움,한화,A,Final,Win,12.0,8.0,한밭,
20220814WOHH0_한화,2022-08-14,한화,키움,H,Final,Loss,8.0,12.0,한밭,
20220814SKOB0_SSG,2022-08-14,SSG,두산,A,Final,Win,5.0,4.0,잠실,
20220814SKOB0_두산,2022-08-14,두산,SSG,H,Final,Loss,4.0,5.0,잠실,
20220814LTHT0_롯데,2022-08-14,롯데,KIA,A,Final,Win,5.0,1.0,광주,
20220814LTHT0_KIA,2022-08-14,KIA,롯데,H,Final,Loss,1.0,5.0,광주,
20220814SSKT0_삼성,2022-08-14,삼성,KT,A,Final,Loss,2.0,3.0,수원,
20220814SSKT0_KT,2022-08-14,KT,삼성,H,Final,Win,3.0,2.0,수원,
20220814LGNC0_LG,2022-08-14,LG,NC,A,Final,Loss,2.0,6.0,창원,
20220814LGNC0_NC,2022-08-14,NC,LG,H,Final,Win,6.0,2.0,창원,
20220816SSLG0_삼성,2022-08-16,삼성,LG,A,Final,Loss,3.0,6.0,잠실,
20220816SSLG0_LG,2022-08-16,LG,삼성,H,Final,Win,6.0,3.0,잠실,
20220816WOKT0_키움,2022-08-16,키움,KT,A,Final,Loss,4.0,5.0,수원,
20220816WOKT0_KT,2022-08-16,KT,키움,H,Final,Win,5.0,4.0,수원,
20220817SSLG0_삼성,2022-08-17,삼성,LG,A,Final,Loss,7.0,11.0,잠실,
20220817SSLG0_LG,2022-08-17,LG,삼성,H,Final,Win,11.0,7.0,잠실,
20220817OBLT0_두산,2022-08-17,두산,롯데,A,Final,Loss,6.0,8.0,사직,
20220817OBLT0_롯데,2022-08-17,롯데,두산,H,Final,Win,8.0,6.0,사직,
20220817SKHT0_SSG,2022-08-17,SSG,KIA,A,Final,Loss,3.0,4.0,광주,
20220817SKHT0_KIA,2022-08-17,KIA,SSG,H,Final,Win,4.0,3.0,광주,
20220817WOKT0_키움,2022-08-17,키움,KT,A,Final,Loss,2.0,3.0,수원,
20220817WOKT0_KT,2022-08-17,KT,키움,H,Final,Win,3.0,2.0,수원,
20220817HHNC0_한화,2022-08-17,한화,NC,A,Final,Loss,4.0,6.0,창원,
20220817HHNC0_NC,2022-08-17,NC,한화,H,Final,Win,6.0,4.0,창원,
20220818SSHH0_삼성,2022-08-18,삼성,한화,A,Final,Win,7.0,4.0,한밭,
20220818SSHH0_한화,2022-08-18,한화,삼성,H,Final,Loss,4.0,7.0,한밭,
20220818WOOB0_키움,2022-08-18,키움,두산,A,Final,Loss,2.0,10.0,잠실,
20220818WOOB0_두산,2022-08-18,두산,키움,H,Final,Win,10.0,2.0,잠실,
20220818KTLT0_KT,2022-08-18,KT,롯데,A,Final,Loss,0.0,1.0,사직,
20220818KTLT0_롯데,2022-08-18,롯데,KT,H,Final,Win,1.0,0.0,사직,
20220818LGSK0_LG,2022-08-18,LG,SSG,A,Final,Win,8.0,4.0,문학,
20220818LGSK0_SSG,2022-08-18,SSG,LG,H,Final,Loss,4.0,8.0,문학,
20220818NCHT0_NC,2022-08-18,NC,KIA,A,Final,Win,14.0,8.0,광주,
20220818NCHT0_KIA,2022-08-18,KIA,NC,H,Final,Loss,8.0,14.0,광주,
20220819SSHH0_삼성,2022-08-19,삼성,한화,A,Final,Win,9.0,5.0,한밭,
20220819SSHH0_한화,2022-08-19,한화,삼성,H,Final,Loss,5.0,9.0,한밭,
20220819KTLT0_KT,2022-08-19,KT,롯데,A,Final,Win,4.0,3.0,사직,
20220819KTLT0_롯데,2022-08-19,롯데,KT,H,Final,Loss,3.0,4.0,사직,
20220819NCHT0_NC,2022-08-19,NC,KIA,A,Final,Loss,9.0,12.0,광주,
20220819NCHT0_KIA,2022-08-19,KIA,NC,H,Final,Win,12.0,9.0,광주,
20220820SKWO0_SSG,2022-08-20,SSG,키움,A,Final,Win,14.0,7.0,고척,
20220820SKWO0_키움,2022-08-20,키움,SSG,H,Final,Loss,7.0,14.0,고척,
20220820OBLG0_두산,2022-08-20,두산,LG,A,Final,Loss,1.0,6.0,잠실,
20220820OBLG0_LG,2022-08-20,LG,두산,H,Final,Win,6.0,1.0,잠실,
20220820HHLT0_한화,2022-08-20,한화,롯데,A,Final,Win,5.0,3.0,사직,
20220820HHLT0_롯데,2022-08-20,롯데,한화,H,Final,Loss,3.0,5.0,사직,
20220820HTKT0_KIA,2022-08-20,KIA,KT,A,Final,Win,5.0,2.0,수원,
20220820HTKT0_KT,2022-08-20,KT,KIA,H,Final,Loss,2.0,5.0,수원,
20220821SKWO0_SSG,2022-08-21,SSG,키움,A,Final,Win,6.0,1.0,고척,
20220821SKWO0_키움,2022-08-21,키움,SSG,H,Final,Loss,1.0,6.0,고척,
20220821OBLG0_두산,2022-08-21,두산,LG,A,Final,Win,4.0,2.0,잠실,
20220821OBLG0_LG,2022-08-21,LG,두산,H,Final,Loss,2.0,4.0,잠실,
20220821NCSS0_NC,2022-08-21,NC,삼성,A,Final,Win,6.0,2.0,대구,
20220821NCSS0_삼성,2022-08-21,삼성,NC,H,Final,Loss,2.0,6.0,대구,
20220821HHLT0_한화,2022-08-21,한화,롯데,A,Final,Loss,1.0,8.0,사직,
20220821HHLT0_롯데,2022-08-21,롯데,한화,H,Final,Win,8.0,1.0,사직,
20220821HTKT0_KIA,2022-08-21,KIA,KT,A,Final,Loss,3.0,11.0,수원,
20220821HTKT0_KT,2022-08-21,KT,KIA,H,Final,Win,11.0,3.0,수원,
20220823LGHH0_LG,2022-08-23,LG,한화,A,Final,Loss,4.0,6.0,한밭,
20220823LGHH0_한화,2022-08-23,한화,LG,H,Final,Win,6.0,4.0,한밭,
20220823KTOB0_KT,2022-08-23,KT,두산,A,Final,Win,2.0,1.0,잠실,
20220823KTOB0_두산,2022-08-23,두산,KT,H,Final,Loss,1.0,2.0,잠실,
20220823SSSK0_삼성,2022-08-23,삼성,SSG,A,Final,Loss,3.0,7.0,문학,
20220823SSSK0_SSG,2022-08-23,SSG,삼성,H,Final,Win,7.0,3.0,문학,
20220823LTNC0_롯데,2022-08-23,롯데,NC,A,Final,Win,9.0,3.0,창원,
20220823LTNC0_NC,2022-08-23,NC,롯데,H,Final,Loss,3.0,9.0,창원,
20220823HTWO0_KIA,2022-08-23,KIA,키움,A,Final,Win,12.0,3.0,고척,
20220823HTWO0_키움,2022-08-23,키움,KIA,H,Final,Loss,3.0,12.0,고척,
20220824LGHH0_LG,2022-08-24,LG,한화,A,Final,Win,9.0,2.0,한밭,
20220824LGHH0_한화,2022-08-24,한화,LG,H,Final,Loss,2.0,9.0,한밭,
20220824KTOB0_KT,2022-08-24,KT,두산,A,Final,Win,5.0,1.0,잠실,
20220824KTOB0_두산,2022-08-24,두산,KT,H,Final,Loss,1.0,5.0,잠실,
20220824SSSK0_삼성,2022-08-24,삼성,SSG,A,Final,Loss,2.0,4.0,문학,
20220824SSSK0_SSG,2022-08-24,SSG,삼성,H,Final,Win,4.0,2.0,문학,
20220824LTNC0_롯데,2022-08-24,롯데,NC,A,Final,Win,2.0,1.0,창원,
20220824LTNC0_NC,2022-08-24,NC,롯데,H,Final,Loss,1.0,2.0,창원,
20220824HTWO0_KIA,2022-08-24,KIA,키움,A,Final,Loss,10.0,11.0,고척,
20220824HTWO0_키움,2022-08-24,키움,KIA,H,Final,Win,11.0,10.0,고척,
20220825OBHH0_두산,2022-08-25,두산,한화,A,Final,Loss,0.0,4.0,한밭,
20220825OBHH0_한화,2022-08-25,한화,두산,H,Final,Win,4.0,0.0,한밭,
20220825HTLG0_KIA,2022-08-25,KIA,LG,A,Final,Win,1.0,0.0,잠실,
20220825HTLG0_LG,2022-08-25,LG,KIA,H,Final,Loss,0.0,1.0,잠실,
20220825SSLT0_삼성,2022-08-25,삼성,롯데,A,Final,Win,9.0,5.0,사직,
20220825SSLT0_롯데,2022-08-25,롯데,삼성,H,Final,Loss,5.0,9.0,사직,
20220825SKKT0_SSG,2022-08-25,SSG,KT,A,Final,Loss,4.0,5.0,수원,
20220825SKKT0_KT,2022-08-25,KT,SSG,H,Final,Win,5.0,4.0,수원,
20220825WONC0_키움,2022-08-25,키움,NC,A,Final,Win,10.0,9.0,창원,
20220825WONC0_NC,2022-08-25,NC,키움,H,Final,Loss,9.0,10.0,창원,
20220826OBHH0_두산,2022-08-26,두산,한화,A,Final,Loss,1.0,2.0,한밭,
20220826OBHH0_한화,2022-08-26,한화,두산,H,Final,Win,2.0,1.0,한밭,
20220826HTLG0_KIA,2022-08-26,KIA,LG,A,Final,Loss,1.0,3.0,잠실,
20220826HTLG0_LG,2022-08-26,LG,KIA,H,Final,Win,3.0,1.0,잠실,
20220826SSLT0_삼성,2022-08-26,삼성,롯데,A,Final,Loss,3.0,8.0,사직,
20220826SSLT0_롯데,2022-08-26,롯데,삼성,H,Final,Win,8.0,3.0,사직,
20220826SKKT0_SSG,2022-08-26,SSG,KT,A,Final,Loss,3.0,12.0,수원,
20220826SKKT0_KT,2022-08-26,KT,SSG,H,Final,Win,12.0,3.0,수원,
20220826WONC0_키움,2022-08-26,키움,NC,A,Final,Win,6.0,3.0,창원,
20220826WONC0_NC,2022-08-26,NC,키움,H,Final,Loss,3.0,6.0,창원,
20220827WOLG0_키움,2022-08-27,키움,LG,A,Final,Loss,0.0,1.0,잠실,
20220827WOLG0_LG,2022-08-27,LG,키움,H,Final,Win,1.0,0.0,잠실,
20220827HHSS0_한화,2022-08-27,한화,삼성,A,Final,Loss,4.0,7.0,대구,
20220827HHSS0_삼성,2022-08-27,삼성,한화,H,Final,Win,7.0,4.0,대구,
20220827LTSK0_롯데,2022-08-27,롯데,SSG,A,Final,Loss,0.0,10.0,문학,
20220827LTSK0_SSG,2022-08-27,SSG,롯데,H,Final,Win,10.0,0.0,문학,
20220827OBHT0_두산,2022-08-27,두산,KIA,A,Final,Win,2.0,1.0,광주,
20220827OBHT0_KIA,2022-08-27,KIA,두산,H,Final,Loss,1.0,2.0,광주,
20220827KTNC0_KT,2022-08-27,KT,NC,A,Final,Loss,2.0,9.0,창원,
20220827KTNC0_NC,2022-08-27,NC,KT,H,Final,Win,9.0,2.0,창원,
20220828WOLG0_키움,2022-08-28,키움,LG,A,Final,Loss,0.0,7.0,잠실,
20220828WOLG0_LG,2022-08-28,LG,키움,H,Final,Win,7.0,0.0,잠실,
20220828HHSS0_한화,2022-08-28,한화,삼성,A,Final,Loss,4.0,5.0,대구,
20220828HHSS0_삼성,2022-08-28,삼성,한화,H,Final,Win,5.0,4.0,대구,
20220828LTSK0_롯데,2022-08-28,롯데,SSG,A,Final,Win,4.0,2.0,문학,
20220828LTSK0_SSG,2022-08-28,SSG,롯데,H,Final,Loss,2.0,4.0,문학,
20220828OBHT0_두산,2022-08-28,두산,KIA,A,Final,Loss,6.0,11.0,광주,
20220828OBHT0_KIA,2022-08-28,KIA,두산,H,Final,Win,11.0,6.0,광주,
20220828KTNC0_KT,2022-08-28,KT,NC,A,Final,Loss,0.0,5.0,창원,
20220828KTNC0_NC,2022-08-28,NC,KT,H,Final,Win,5.0,0.0,창원,
20220830LTWO0_롯데,2022-08-30,롯데,키움,A,Final,Loss,5.0,6.0,고척,
20220830LTWO0_키움,2022-08-30,키움,롯데,H,Final,Win,6.0,5.0,고척,
20220831HTHH0_KIA,2022-08-31,KIA,한화,A,Final,Win,4.0,3.0,한밭,
20220831HTHH0_한화,2022-08-31,한화,KIA,H,Final,Loss,3.0,4.0,한밭,
20220831NCLG0_NC,2022-08-31,NC,LG,A,Final,Loss,3.0,5.0,잠실,
20220831NCLG0_LG,2022-08-31,LG,NC,H,Final,Win,5.0,3.0,잠실,
20220831SKSS0_SSG,2022-08-31,SSG,삼성,A,Final,Loss,1.0,2.0,대구,
20220831SKSS0_삼성,2022-08-31,삼성,SSG,H,Final,Win,2.0,1.0,대구,
20220831OBKT0_두산,2022-08-31,두산,KT,A,Final,Loss,2.0,5.0,수원,
20220831OBKT0_KT,2022-08-31,KT,두산,H,Final,Win,5.0,2.0,수원,
20220831LTWO0_롯데,2022-08-31,롯데,키움,A,Final,Loss,4.0,5.0,고척,
20220831LTWO0_키움,2022-08-31,키움,롯데,H,Final,Win,5.0,4.0,고척,
20220901LTOB0_롯데,2022-09-01,롯데,두산,A,Final,Loss,1.0,2.0,잠실,
20220901LTOB0_두산,2022-09-01,두산,롯데,H,Final,Win,2.0,1.0,잠실,
20220901NCSK0_NC,2022-09-01,NC,SSG,A,Final,Win,3.0,2.0,문학,
20220901NCSK0_SSG,2022-09-01,SSG,NC,H,Final,Loss,2.0,3.0,문학,
20220901SSHT0_삼성,2022-09-01,삼성,KIA,A,Final,Win,4.0,1.0,광주,
20220901SSHT0_KIA,2022-09-01,KIA,삼성,H,Final,Loss,1.0,4.0,광주,
20220901LGKT0_LG,2022-09-01,LG,KT,A,Final,Win,3.0,1.0,수원,
20220901LGKT0_KT,2022-09-01,KT,LG,H,Final,Loss,1.0,3.0,수원,
20220901HHWO0_한화,2022-09-01,한화,키움,A,Final,Loss,1.0,7.0,고척,
20220901HHWO0_키움,2022-09-01,키움,한화,H,Final,Win,7.0,1.0,고척,
20220902LTOB0_롯데,2022-09-02,롯데,두산,A,Final,Win,16.0,4.0,잠실,
20220902LTOB0_두산,2022-09-02,두산,롯데,H,Final,Loss,4.0,16.0,잠실,
20220902NCSK0_NC,2022-09-02,NC,SSG,A,Final,Loss,3.0,5.0,문학,
20220902NCSK0_SSG,2022-09-02,SSG,NC,H,Final,Win,5.0,3.0,문학,
20220902SSHT0_삼성,2022-09-02,삼성,KIA,A,Final,Loss,3.0,8.0,광주,
20220902SSHT0_KIA,2022-09-02,KIA,삼성,H,Final,Win,8.0,3.0,광주,
20220902LGKT0_LG,2022-09-02,LG,KT,A,Final,Win,2.0,1.0,수원,
20220902LGKT0_KT,2022-09-02,KT,LG,H,Final,Loss,1.0,2.0,수원,
20220902HHWO0_한화,2022-09-02,한화,키움,A,Final,Loss,0.0,4.0,고척,
20220902HHWO0_키움,2022-09-02,키움,한화,H,Final,Win,4.0,0.0,고척,
20220903NCHH0_NC,2022-09-03,NC,한화,A,Final,Loss,3.0,7.0,한밭,
20220903NCHH0_한화,2022-09-03,한화,NC,H,Final,Win,7.0,3.0,한밭,
20220903SSOB0_삼성,2022-09-03,삼성,두산,A,Final,Win,4.0,1.0,잠실,
20220903SSOB0_두산,2022-09-03,두산,삼성,H,Final,Loss,1.0,4.0,잠실,
20220903WOSK0_키움,2022-09-03,키움,SSG,A,Final,Win,2.0,1.0,문학,
20220903WOSK0_SSG,2022-09-03,SSG,키움,H,Final,Loss,1.0,2.0,문학,
20220903KTHT0_KT,2022-09-03,KT,KIA,A,Final,Win,5.0,1.0,광주,
20220903KTHT0_KIA,2022-09-03,KIA,KT,H,Final,Loss,1.0,5.0,광주,
20220904NCHH0_NC,2022-09-04,NC,한화,A,Final,Loss,1.0,10.0,한밭,
20220904NCHH0_한화,2022-09-04,한화,NC,H,Final,Win,10.0,1.0,한밭,
20220904LGLT0_LG,2022-09-04,LG,롯데,A,Final,Win,14.0,1.0,사직,
20220904LGLT0_롯데,2022-09-04,롯데,LG,H,Final,Loss,1.0,14.0,사직,
20220904KTHT0_KT,2022-09-04,KT,KIA,A,Final,Win,6.0,2.0,광주,
20220904KTHT0_KIA,2022-09-04,KIA,KT,H,Final,Loss,2.0,6.0,광주,
20220906SKLG0_SSG,2022-09-06,SSG,LG,A,Final,Win,8.0,6.0,잠실,
20220906SKLG0_LG,2022-09-06,LG,SSG,H,Final,Loss,6.0,8.0,잠실,
20220906WOSS0_키움,2022-09-06,키움,삼성,A,Final,Loss,4.0,11.0,대구,
20220906WOSS0_삼성,2022-09-06,삼성,키움,H,Final,Win,11.0,4.0,대구,
20220906HHKT0_한화,2022-09-06,한화,KT,A,Final,Loss,5.0,8.0,수원,
20220906HHKT0_KT,2022-09-06,KT,한화,H,Final,Win,8.0,5.0,수원,
20220906OBNC0_두산,2022-09-06,두산,NC,A,Final,Loss,3.0,4.0,창원,
20220906OBNC0_NC,2022-09-06,NC,두산,H,Final,Win,4.0,3.0,창원,
20220906HTLT0_KIA,2022-09-06,KIA,롯데,A,Final,Loss,3.0,6.0,울산,
20220906HTLT0_롯데,2022-09-06,롯데,KIA,H,Final,Win,6.0,3.0,울산,
20220907WOSS0_키움,2022-09-07,키움,삼성,A,Final,Loss,1.0,2.0,대구,
20220907WOSS0_삼성,2022-09-07,삼성,키움,H,Final,Win,2.0,1.0,대구,
20220907HHKT0_한화,2022-09-07,한화,KT,A,Final,Loss,2.0,4.0,수원,
20220907HHKT0_KT,2022-09-07,KT,한화,H,Final,Win,4.0,2.0,수원,
20220907OBNC0_두산,2022-09-07,두산,NC,A,Final,Loss,5.0,16.0,창원,
20220907OBNC0_NC,2022-09-07,NC,두산,H,Final,Win,16.0,5.0,창원,
20220907HTLT0_KIA,2022-09-07,KIA,롯데,A,Final,Win,12.0,6.0,울산,
20220907HTLT0_롯데,2022-09-07,롯데,KIA,H,Final,Loss,6.0,12.0,울산,
20220908HHOB0_한화,2022-09-08,한화,두산,A,Final,Win,5.0,4.0,잠실,
20220908HHOB0_두산,2022-09-08,두산,한화,H,Final,Loss,4.0,5.0,잠실,
20220908LTSS0_롯데,2022-09-08,롯데,삼성,A,Final,Win,2.0,1.0,대구,
20220908LTSS0_삼성,2022-09-08,삼성,롯데,H,Final,Loss,1.0,2.0,대구,
20220908HTSK0_KIA,2022-09-08,KIA,SSG,A,Final,Win,9.0,4.0,문학,
20220908HTSK0_SSG,2022-09-08,SSG,KIA,H,Final,Loss,4.0,9.0,문학,
20220908NCKT0_NC,2022-09-08,NC,KT,A,Final,Win,8.0,3.0,수원,
20220908NCKT0_KT,2022-09-08,KT,NC,H,Final,Loss,3.0,8.0,수원,
20220908LGWO0_LG,2022-09-08,LG,키움,A,Final,Loss,2.0,3.0,고척,
20220908LGWO0_키움,2022-09-08,키움,LG,H,Final,Win,3.0,2.0,고척,
20220909HHOB0_한화,2022-09-09,한화,두산,A,Final,Loss,0.0,11.0,잠실,
20220909HHOB0_두산,2022-09-09,두산,한화,H,Final,Win,11.0,0.0,잠실,
20220909LTSS0_롯데,2022-09-09,롯데,삼성,A,Final,Loss,0.0,4.0,대구,
20220909LTSS0_삼성,2022-09-09,삼성,롯데,H,Final,Win,4.0,0.0,대구,
20220909HTSK0_KIA,2022-09-09,KIA,SSG,A,Final,Win,16.0,9.0,문학,
20220909HTSK0_SSG,2022-09-09,SSG,KIA,H,Final,Loss,9.0,16.0,문학,
20220909NCKT0_NC,2022-09-09,NC,KT,A,Final,Win,17.0,1.0,수원,
20220909NCKT0_KT,2022-09-09,KT,NC,H,Final,Loss,1.0,17.0,수원,
20220909LGWO0_LG,2022-09-09,LG,키움,A,Final,Win,6.0,3.0,고척,
20220909LGWO0_키움,2022-09-09,키움,LG,H,Final,Loss,3.0,6.0,고척,
20220910HTOB0_KIA,2022-09-10,KIA,두산,A,Final,Win,3.0,0.0,잠실,
20220910HTOB0_두산,2022-09-10,두산,KIA,H,Final,Loss,0.0,3.0,잠실,
20220910SKHH0_SSG,2022-09-10,SSG,한화,A,Final,Loss,0.0,5.0,한밭,
20220910SKHH0_한화,2022-09-10,한화,SSG,H,Final,Win,5.0,0.0,한밭,
20220910LGSS0_LG,2022-09-10,LG,삼성,A,Final,Win,10.0,1.0,대구,
20220910LGSS0_삼성,2022-09-10,삼성,LG,H,Final,Loss,1.0,10.0,대구,
20220910NCLT0_NC,2022-09-10,NC,롯데,A,Final,Win,6.0,3.0,사직,
20220910NCLT0_롯데,2022-09-10,롯데,NC,H,Final,Loss,3.0,6.0,사직,
20220910KTWO0_KT,2022-09-10,KT,키움,A,Final,Win,2.0,1.0,고척,
20220910KTWO0_키움,2022-09-10,키움,KT,H,Final,Loss,1.0,2.0,고척,
20220911SKHH0_SSG,2022-09-11,SSG,한화,A,Final,Win,12.0,1.0,한밭,
20220911SKHH0_한화,2022-09-11,한화,SSG,H,Final,Loss,1.0,12.0,한밭,
20220911HTOB0_KIA,2022-09-11,KIA,두산,A,Final,Loss,3.0,6.0,잠실,
20220911HTOB0_두산,2022-09-11,두산,KIA,H,Final,Win,6.0,3.0,잠실,
20220911LGSS0_LG,2022-09-11,LG,삼성,A,Final,Loss,1.0,3.0,대구,
20220911LGSS0_삼성,2022-09-11,삼성,LG,H,Final,Win,3.0,1.0,대구,
20220911NCLT0_NC,2022-09-11,NC,롯데,A,Final,Win,11.0,6.0,사직,
20220911NCLT0_롯데,2022-09-11,롯데,NC,H,Final,Loss,6.0,11.0,사직,
20220911KTWO0_KT,2022-09-11,KT,키움,A,Final,Loss,0.0,5.0,고척,
20220911KTWO0_키움,2022-09-11,키움,KT,H,Final,Win,5.0,0.0,고척,
20220913KTHH0_KT,2022-09-13,KT,한화,A,Final,Win,5.0,2.0,한밭,
20220913KTHH0_한화,2022-09-13,한화,KT,H,Final,Loss,2.0,5.0,한밭,
20220913LGOB0_LG,2022-09-13,LG,두산,A,Final,Win,5.0,0.0,잠실,
20220913LGOB0_두산,2022-09-13,두산,LG,H,Final,Loss,0.0,5.0,잠실,
20220913SKLT0_SSG,2022-09-13,SSG,롯데,A,Final,Loss,8.0,9.0,사직,
20220913SKLT0_롯데,2022-09-13,롯데,SSG,H,Final,Win,9.0,8.0,사직,
20220913WOHT0_키움,2022-09-13,키움,KIA,A,Final,Win,4.0,1.0,광주,
20220913WOHT0_KIA,2022-09-13,KIA,키움,H,Final,Loss,1.0,4.0,광주,
20220913SSNC0_삼성,2022-09-13,삼성,NC,A,Final,Win,3.0,1.0,창원,
20220913SSNC0_NC,2022-09-13,NC,삼성,H,Final,Loss,1.0,3.0,창원,
20220914KTHH0_KT,2022-09-14,KT,한화,A,Final,Loss,1.0,4.0,한밭,
20220914KTHH0_한화,2022-09-14,한화,KT,H,Final,Win,4.0,1.0,한밭,
20220914LGOB0_LG,2022-09-14,LG,두산,A,Final,Loss,0.0,5.0,잠실,
20220914LGOB0_두산,2022-09-14,두산,LG,H,Final,Win,5.0,0.0,잠실,
20220914SKLT0_SSG,2022-09-14,SSG,롯데,A,Final,Win,3.0,1.0,사직,
20220914SKLT0_롯데,2022-09-14,롯데,SSG,H,Final,Loss,1.0,3.0,사직,
20220914WOHT0_키움,2022-09-14,키움,KIA,A,Final,Win,2.0,0.0,광주,
20220914WOHT0_KIA,2022-09-14,KIA,키움,H,Final,Loss,0.0,2.0,광주,
20220914SSNC0_삼성,2022-09-14,삼성,NC,A,Final,Loss,2.0,7.0,창원,
20220914SSNC0_NC,2022-09-14,NC,삼성,H,Final,Win,7.0,2.0,창원,
20220915KTLG0_KT,2022-09-15,KT,LG,A,Final,Loss,0.0,2.0,잠실,
20220915KTLG0_LG,2022-09-15,LG,KT,H,Final,Win,2.0,0.0,잠실,
20220915OBSS0_두산,2022-09-15,두산,삼성,A,Final,Loss,3.0,13.0,대구,
20220915OBSS0_삼성,2022-09-15,삼성,두산,H,Final,Win,13.0,3.0,대구,
20220915WOLT0_키움,2022-09-15,키움,롯데,A,Final,Loss,2.0,4.0,사직,
20220915WOLT0_롯데,2022-09-15,롯데,키움,H,Final,Win,4.0,2.0,사직,
20220915HHHT0_한화,2022-09-15,한화,KIA,A,Final,Win,2.0,1.0,광주,
20220915HHHT0_KIA,2022-09-15,KIA,한화,H,Final,Loss,1.0,2.0,광주,
20220915SKNC0_SSG,2022-09-15,SSG,NC,A,Final,Loss,0.0,6.0,창원,
20220915SKNC0_NC,2022-09-15,NC,SSG,H,Final,Win,6.0,0.0,창원,
20220916OBSS0_두산,2022-09-16,두산,삼성,A,Final,Win,13.0,11.0,대구,
20220916OBSS0_삼성,2022-09-16,삼성,두산,H,Final,Loss,11.0,13.0,대구,
20220916WOLT0_키움,2022-09-16,키움,롯데,A,Final,Win,12.0,10.0,사직,
20220916WOLT0_롯데,2022-09-16,롯데,키움,H,Final,Loss,10.0,12.0,사직,
20220916HHHT0_한화,2022-09-16,한화,KIA,A,Final,Win,7.0,6.0,광주,
20220916HHHT0_KIA,2022-09-16,KIA,한화,H,Final,Loss,6.0,7.0,광주,
20220916SKNC0_SSG,2022-09-16,SSG,NC,A,Final,Win,10.0,0.0,창원,
20220916SKNC0_NC,2022-09-16,NC,SSG,H,Final,Loss,0.0,10.0,창원,
20220917HHLG0_한화,2022-09-17,한화,LG,A,Final,Loss,1.0,4.0,잠실,
20220917HHLG0_LG,2022-09-17,LG,한화,H,Final,Win,4.0,1.0,잠실,
20220917HTSS0_KIA,2022-09-17,KIA,삼성,A,Final,Loss,1.0,10.0,대구,
20220917HTSS0_삼성,2022-09-17,삼성,KIA,H,Final,Win,10.0,1.0,대구,
20220917OBSK0_두산,2022-09-17,두산,SSG,A,Final,Win,4.0,1.0,문학,
20220917OBSK0_SSG,2022-09-17,SSG,두산,H,Final,Loss,1.0,4.0,문학,
20220917LTKT0_롯데,2022-09-17,롯데,KT,A,Final,Win,2.0,0.0,수원,
20220917LTKT0_KT,2022-09-17,KT,롯데,H,Final,Loss,0.0,2.0,수원,
20220917NCWO0_NC,2022-09-17,NC,키움,A,Final,Loss,3.0,10.0,고척,
20220917NCWO0_키움,2022-09-17,키움,NC,H,Final,Win,10.0,3.0,고척,
20220918HHLG0_한화,2022-09-18,한화,LG,A,Final,Win,5.0,1.0,잠실,
20220918HHLG0_LG,2022-09-18,LG,한화,H,Final,Loss,1.0,5.0,잠실,
20220918HTSS0_KIA,2022-09-18,KIA,삼성,A,Final,Loss,6.0,9.0,대구,
20220918HTSS0_삼성,2022-09-18,삼성,KIA,H,Final,Win,9.0,6.0,대구,
20220918OBSK0_두산,2022-09-18,두산,SSG,A,Final,Loss,13.0,14.0,문학,
20220918OBSK0_SSG,2022-09-18,SSG,두산,H,Final,Win,14.0,13.0,문학,
20220918LTKT0_롯데,2022-09-18,롯데,KT,A,Final,Loss,3.0,6.0,수원,
20220918LTKT0_KT,2022-09-18,KT,롯데,H,Final,Win,6.0,3.0,수원,
20220918NCWO0_NC,2022-09-18,NC,키움,A,Final,Win,5.0,1.0,고척,
20220918NCWO0_키움,2022-09-18,키움,NC,H,Final,Loss,1.0,5.0,고척,
20220920LTHH0_롯데,2022-09-20,롯데,한화,A,Final,Win,8.0,6.0,한밭,
20220920LTHH0_한화,2022-09-20,한화,롯데,H,Final,Loss,6.0,8.0,한밭,
20220920NCOB0_NC,2022-09-20,NC,두산,A,Final,Loss,2.0,8.0,잠실,
20220920NCOB0_두산,2022-09-20,두산,NC,H,Final,Win,8.0,2.0,잠실,
20220920KTSK0_KT,2022-09-20,KT,SSG,A,Final,Loss,2.0,4.0,문학,
20220920KTSK0_SSG,2022-09-20,SSG,KT,H,Final,Win,4.0,2.0,문학,
20220920LGHT0_LG,2022-09-20,LG,KIA,A,Final,Win,11.0,1.0,광주,
20220920LGHT0_KIA,2022-09-20,KIA,LG,H,Final,Loss,1.0,11.0,광주,
20220920SSWO0_삼성,2022-09-20,삼성,키움,A,Final,Win,10.0,2.0,고척,
20220920SSWO0_키움,2022-09-20,키움,삼성,H,Final,Loss,2.0,10.0,고척,
20220921LTHH0_롯데,2022-09-21,롯데,한화,A,Final,Win,9.0,0.0,한밭,
20220921LTHH0_한화,2022-09-21,한화,롯데,H,Final,Loss,0.0,9.0,한밭,
20220921NCOB0_NC,2022-09-21,NC,두산,A,Final,Win,5.0,1.0,잠실,
20220921NCOB0_두산,2022-09-21,두산,NC,H,Final,Loss,1.0,5.0,잠실,
20220921KTSK0_KT,2022-09-21,KT,SSG,A,Final,Win,4.0,3.0,문학,
20220921KTSK0_SSG,2022-09-21,SSG,KT,H,Final,Loss,3.0,4.0,문학,
20220921LGHT0_LG,2022-09-21,LG,KIA,A,Final,Win,11.0,2.0,광주,
20220921LGHT0_KIA,2022-09-21,KIA,LG,H,Final,Loss,2.0,11.0,광주,
20220921SSWO0_삼성,2022-09-21,삼성,키움,A,Final,Loss,4.0,5.0,고척,
20220921SSWO0_키움,2022-09-21,키움,삼성,H,Final,Win,5.0,4.0,고척,
20220922LTLG0_롯데,2022-09-22,롯데,LG,A,Final,Win,7.0,1.0,잠실,
20220922LTLG0_LG,2022-09-22,LG,롯데,H,Final,Loss,1.0,7.0,잠실,
20220922KTSS0_KT,2022-09-22,KT,삼성,A,Final,Win,9.0,7.0,대구,
20220922KTSS0_삼성,2022-09-22,삼성,KT,H,Final,Loss,7.0,9.0,대구,
20220922HHSK0_한화,2022-09-22,한화,SSG,A,Final,Loss,1.0,10.0,문학,
20220922HHSK0_SSG,2022-09-22,SSG,한화,H,Final,Win,10.0,1.0,문학,
20220922HTNC0_KIA,2022-09-22,KIA,NC,A,Final,Win,3.0,1.0,창원,
20220922HTNC0_NC,2022-09-22,NC,KIA,H,Final,Loss,1.0,3.0,창원,
20220922OBWO0_두산,2022-09-22,두산,키움,A,Final,Win,5.0,2.0,고척,
20220922OBWO0_키움,2022-09-22,키움,두산,H,Final,Loss,2.0,5.0,고척,
20220923LTLG0_롯데,2022-09-23,롯데,LG,A,Final,Loss,0.0,1.0,잠실,
20220923LTLG0_LG,2022-09-23,LG,롯데,H,Final,Win,1.0,0.0,잠실,
20220923KTSS0_KT,2022-09-23,KT,삼성,A,Final,Loss,3.0,5.0,대구,
20220923KTSS0_삼성,2022-09-23,삼성,KT,H,Final,Win,5.0,3.0,대구,
20220923HHSK0_한화,2022-09-23,한화,SSG,A,Final,Loss,4.0,5.0,문학,
20220923HHSK0_SSG,2022-09-23,SSG,한화,H,Final,Win,5.0,4.0,문학,
20220923HTNC0_KIA,2022-09-23,KIA,NC,A,Final,Loss,2.0,5.0,창원,
20220923HTNC0_NC,2022-09-23,NC,KIA,H,Final,Win,5.0,2.0,창원,
20220923OBWO0_두산,2022-09-23,두산,키움,A,Final,Loss,1.0,5.0,고척,
20220923OBWO0_키움,2022-09-23,키움,두산,H,Final,Win,5.0,1.0,고척,
20220924HHLG0_한화,2022-09-24,한화,LG,A,Final,Win,2.0,0.0,잠실,
20220924HHLG0_LG,2022-09-24,LG,한화,H,Final,Loss,0.0,2.0,잠실,
20220924OBSK0_두산,2022-09-24,두산,SSG,A,Final,Loss,5.0,14.0,문학,
20220924OBSK0_SSG,2022-09-24,SSG,두산,H,Final,Win,14.0,5.0,문학,
20220924HTNC0_KIA,2022-09-24,KIA,NC,A,Final,Win,3.0,0.0,창원,
20220924HTNC0_NC,2022-09-24,NC,KIA,H,Final,Loss,0.0,3.0,창원,
20220924LTWO0_롯데,2022-09-24,롯데,키움,A,Final,Loss,5.0,9.0,고척,
20220924LTWO0_키움,2022-09-24,키움,롯데,H,Final,Win,9.0,5.0,고척,
20220925HHOB0_한화,2022-09-25,한화,두산,A,Final,Loss,3.0,5.0,잠실,
20220925HHOB0_두산,2022-09-25,두산,한화,H,Final,Win,5.0,3.0,잠실,
20220925HTSS0_KIA,2022-09-25,KIA,삼성,A,Final,Win,4.0,3.0,대구,
20220925HTSS0_삼성,2022-09-25,삼성,KIA,H,Final,Loss,3.0,4.0,대구,
20220925LGSK0_LG,2022-09-25,LG,SSG,A,Final,Win,6.0,2.0,문학,
20220925LGSK0_SSG,2022-09-25,SSG,LG,H,Final,Loss,2.0,6.0,문학,
20220925KTNC0_KT,2022-09-25,KT,NC,A,Final,Win,9.0,1.0,창원,
20220925KTNC0_NC,2022-09-25,NC,KT,H,Final,Loss,1.0,9.0,창원,
20220927LGHH0_LG,2022-09-27,LG,한화,A,Final,Win,1.0,0.0,한밭,
20220927LGHH0_한화,2022-09-27,한화,LG,H,Final,Loss,0.0,1.0,한밭,
20220927OBKT0_두산,2022-09-27,두산,KT,A,Final,Loss,4.0,5.0,수원,
20220927OBKT0_KT,2022-09-27,KT,두산,H,Final,Win,5.0,4.0,수원,
20220927WONC0_키움,2022-09-27,키움,NC,A,Final,Loss,5.0,6.0,창원,
20220927WONC0_NC,2022-09-27,NC,키움,H,Final,Win,6.0,5.0,창원,
20220928LGHH0_LG,2022-09-28,LG,한화,A,Final,Win,4.0,1.0,한밭,
20220928LGHH0_한화,2022-09-28,한화,LG,H,Final,Loss,1.0,4.0,한밭,
20220928OBKT0_두산,2022-09-28,두산,KT,A,Final,Loss,0.0,8.0,수원,
20220928OBKT0_KT,2022-09-28,KT,두산,H,Final,Win,8.0,0.0,수원,
20220928SSNC0_삼성,2022-09-28,삼성,NC,A,Final,Loss,3.0,4.0,창원,
20220928SSNC0_NC,2022-09-28,NC,삼성,H,Final,Win,4.0,3.0,창원,
20220929OBHH0_두산,2022-09-29,두산,한화,A,Final,Win,6.0,5.0,한밭,
20220929OBHH0_한화,2022-09-29,한화,두산,H,Final,Loss,5.0,6.0,한밭,
20220929KTLG0_KT,2022-09-29,KT,LG,A,Final,Win,5.0,3.0,잠실,
20220929KTLG0_LG,2022-09-29,LG,KT,H,Final,Loss,3.0,5.0,잠실,
20220929NCSS0_NC,2022-09-29,NC,삼성,A,Final,Loss,0.0,3.0,대구,
20220929NCSS0_삼성,2022-09-29,삼성,NC,H,Final,Win,3.0,0.0,대구,
20220929WOSK0_키움,2022-09-29,키움,SSG,A,Final,Win,14.0,9.0,문학,
20220929WOSK0_SSG,2022-09-29,SSG,키움,H,Final,Loss,9.0,14.0,문학,
20220929LTHT0_롯데,2022-09-29,롯데,KIA,A,Final,Loss,4.0,5.0,광주,
20220929LTHT0_KIA,2022-09-29,KIA,롯데,H,Final,Win,5.0,4.0,광주,
20220930LTHH0_롯데,2022-09-30,롯데,한화,A,Final,Win,6.0,5.0,한밭,
20220930LTHH0_한화,2022-09-30,한화,롯데,H,Final,Loss,5.0,6.0,한밭,
20220930NCLG0_NC,2022-09-30,NC,LG,A,Final,Loss,1.0,2.0,잠실,
20220930NCLG0_LG,2022-09-30,LG,NC,H,Final,Win,2.0,1.0,잠실,
20220930OBSS0_두산,2022-09-30,두산,삼성,A,Final,Loss,3.0,11.0,대구,
20220930OBSS0_삼성,2022-09-30,삼성,두산,H,Final,Win,11.0,3.0,대구,
20220930WOSK0_키움,2022-09-30,키움,SSG,A,Final,Loss,3.0,7.0,문학,
20220930WOSK0_SSG,2022-09-30,SSG,키움,H,Final,Win,7.0,3.0,문학,
20221001NCLG0_NC,2022-10-01,NC,LG,A,Final,Win,2.0,1.0,잠실,
20221001NCLG0_LG,2022-10-01,LG,NC,H,Final,Loss,1.0,2.0,잠실,
20221001OBSS0_두산,2022-10-01,두산,삼성,A,Final,Loss,3.0,4.0,대구,
20221001OBSS0_삼성,2022-10-01,삼성,두산,H,Final,Win,4.0,3.0,대구,
20221001SKHT0_SSG,2022-10-01,SSG,KIA,A,Final,Win,3.0,2.0,광주,
20221001SKHT0_KIA,2022-10-01,KIA,SSG,H,Final,Loss,2.0,3.0,광주,
20221002HTHH0_KIA,2022-10-02,KIA,한화,A,Final,Win,10.0,1.0,한밭,
20221002HTHH0_한화,2022-10-02,한화,KIA,H,Final,Loss,1.0,10.0,한밭,
20221002NCLG0_NC,2022-10-02,NC,LG,A,Final,Win,2.0,0.0,잠실,
20221002NCLG0_LG,2022-10-02,LG,NC,H,Final,Loss,0.0,2.0,잠실,
20221002OBLT0_두산,2022-10-02,두산,롯데,A,Final,Loss,1.0,3.0,사직,
20221002OBLT0_롯데,2022-10-02,롯데,두산,H,Final,Win,3.0,1.0,사직,
20221003SKHH0_SSG,2022-10-03,SSG,한화,A,Final,Loss,4.0,7.0,한밭,
20221003SKHH0_한화,2022-10-03,한화,SSG,H,Final,Win,7.0,4.0,한밭,
20221003OBLT0_두산,2022-10-03,두산,롯데,A,Final,Win,9.0,3.0,사직,
20221003OBLT0_롯데,2022-10-03,롯데,두산,H,Final,Loss,3.0,9.0,사직,
20221004HTLG0_KIA,2022-10-04,KIA,LG,A,Final,Win,8.0,3.0,잠실,
20221004HTLG0_LG,2022-10-04,LG,KIA,H,Final,Loss,3.0,8.0,잠실,
20221004SSKT0_삼성,2022-10-04,삼성,KT,A,Final,Loss,3.0,7.0,수원,
20221004SSKT0_KT,2022-10-04,KT,삼성,H,Final,Win,7.0,3.0,수원,
20221005SKOB0_SSG,2022-10-05,SSG,두산,A,Final,Loss,2.0,5.0,잠실,
20221005SKOB0_두산,2022-10-05,두산,SSG,H,Final,Win,5.0,2.0,잠실,
20221005LGHT0_LG,2022-10-05,LG,KIA,A,Final,Win,10.0,2.0,광주,
20221005LGHT0_KIA,2022-10-05,KIA,LG,H,Final,Loss,2.0,10.0,광주,
20221005SSKT0_삼성,2022-10-05,삼성,KT,A,Final,Win,7.0,4.0,수원,
20221005SSKT0_KT,2022-10-05,KT,삼성,H,Final,Loss,4.0,7.0,수원,
20221005LTNC0_롯데,2022-10-05,롯데,NC,A,Final,Loss,3.0,7.0,창원,
20221005LTNC0_NC,2022-10-05,NC,롯데,H,Final,Win,7.0,3.0,창원,
20221006WOHH0_키움,2022-10-06,키움,한화,A,Final,Loss,2.0,3.0,한밭,
20221006WOHH0_한화,2022-10-06,한화,키움,H,Final,Win,3.0,2.0,한밭,
20221006SSOB0_삼성,2022-10-06,삼성,두산,A,Final,Loss,4.0,5.0,잠실,
20221006SSOB0_두산,2022-10-06,두산,삼성,H,Final,Win,5.0,4.0,잠실,
20221006LGHT0_LG,2022-10-06,LG,KIA,A,Final,Loss,3.0,4.0,광주,
20221006LGHT0_KIA,2022-10-06,KIA,LG,H,Final,Win,4.0,3.0,광주,
20221006SKNC0_SSG,2022-10-06,SSG,NC,A,Final,Loss,1.0,6.0,창원,
20221006SKNC0_NC,2022-10-06,NC,SSG,H,Final,Win,6.0,1.0,창원,
20221007SSOB0_삼성,2022-10-07,삼성,두산,A,Final,Win,8.0,2.0,잠실,
20221007SSOB0_두산,2022-10-07,두산,삼성,H,Final,Loss,2.0,8.0,잠실,
20221007KTHT0_KT,2022-10-07,KT,KIA,A,Final,Loss,1.0,11.0,광주,
20221007KTHT0_KIA,2022-10-07,KIA,KT,H,Final,Win,11.0,1.0,광주,
20221007LGNC0_LG,2022-10-07,LG,NC,A,Final,Win,7.0,2.0,창원,
20221007LGNC0_NC,2022-10-07,NC,LG,H,Final,Loss,2.0,7.0,창원,
20221008WOOB0_키움,2022-10-08,키움,두산,A,Final,Win,5.0,1.0,잠실,
20221008WOOB0_두산,2022-10-08,두산,키움,H,Final,Loss,1.0,5.0,잠실,
20221008SKSS0_SSG,2022-10-08,SSG,삼성,A,Final,Loss,1.0,6.0,대구,
20221008SKSS0_삼성,2022-10-08,삼성,SSG,H,Final,Win,6.0,1.0,대구,
20221008LGLT0_LG,2022-10-08,LG,롯데,A,Final,Loss,2.0,3.0,사직,
20221008LGLT0_롯데,2022-10-08,롯데,LG,H,Final,Win,3.0,2.0,사직,
20221008KTHT0_KT,2022-10-08,KT,KIA,A,Final,Win,7.0,2.0,광주,
20221008KTHT0_KIA,2022-10-08,KIA,KT,H,Final,Loss,2.0,7.0,광주,
20221008HHNC0_한화,2022-10-08,한화,NC,A,Final,Loss,5.0,6.0,창원,
20221008HHNC0_NC,2022-10-08,NC,한화,H,Final,Win,6.0,5.0,창원,
20221010NCKT0_NC,2022-10-10,NC,KT,A,Final,Loss,2.0,5.0,수원,
20221010NCKT0_KT,2022-10-10,KT,NC,H,Final,Win,5.0,2.0,수원,
20221011KTLG0_KT,2022-10-11,KT,LG,A,Final,Loss,5.0,6.0,잠실,
20221011KTLG0_LG,2022-10-11,LG,KT,H,Final,Win,6.0,5.0,잠실,
20230401LTOB0_롯데,2023-04-01,롯데,두산,A,Final,Loss,10.0,12.0,잠실,
20230401LTOB0_두산,2023-04-01,두산,롯데,H,Final,Win,12.0,10.0,잠실,
20230401NCSS0_NC,2023-04-01,NC,삼성,A,Final,Win,8.0,0.0,대구,
20230401NCSS0_삼성,2023-04-01,삼성,NC,H,Final,Loss,0.0,8.0,대구,
20230401HTSK0_KIA,2023-04-01,KIA,SSG,A,Final,Loss,1.0,4.0,문학,
20230401HTSK0_SSG,2023-04-01,SSG,KIA,H,Final,Win,4.0,1.0,문학,
20230401LGKT0_LG,2023-04-01,LG,KT,A,Final,Loss,6.0,11.0,수원,
20230401LGKT0_KT,2023-04-01,KT,LG,H,Final,Win,11.0,6.0,수원,
20230401HHWO0_한화,2023-04-01,한화,키움,A,Final,Loss,2.0,3.0,고척,
20230401HHWO0_키움,2023-04-01,키움,한화,H,Final,Win,3.0,2.0,고척,
20230402LTOB0_롯데,2023-04-02,롯데,두산,A,Final,Win,2.0,0.0,잠실,
20230402LTOB0_두산,2023-04-02,두산,롯데,H,Final,Loss,0.0,2.0,잠실,
20230402NCSS0_NC,2023-04-02,NC,삼성,A,Final,Loss,6.0,8.0,대구,
20230402NCSS0_삼성,2023-04-02,삼성,NC,H,Final,Win,8.0,6.0,대구,
20230402HTSK0_KIA,2023-04-02,KIA,SSG,A,Final,Win,9.0,5.0,문학,
20230402HTSK0_SSG,2023-04-02,SSG,KIA,H,Final,Loss,5.0,9.0,문학,
20230402LGKT0_LG,2023-04-02,LG,KT,A,Final,Win,10.0,9.0,수원,
20230402LGKT0_KT,2023-04-02,KT,LG,H,Final,Loss,9.0,10.0,수원,
20230402HHWO0_한화,2023-04-02,한화,키움,A,Final,Loss,6.0,7.0,고척,
20230402HHWO0_키움,2023-04-02,키움,한화,H,Final,Win,7.0,6.0,고척,
20230404NCOB0_NC,2023-04-04,NC,두산,A,Final,Loss,0.0,1.0,잠실,
20230404NCOB0_두산,2023-04-04,두산,NC,H,Final,Win,1.0,0.0,잠실,
20230404HHSS0_한화,2023-04-04,한화,삼성,A,Final,Loss,6.0,7.0,대구,
20230404HHSS0_삼성,2023-04-04,삼성,한화,H,Final,Win,7.0,6.0,대구,
20230404LTSK0_롯데,2023-04-04,롯데,SSG,A,Final,Loss,1.0,3.0,문학,
20230404LTSK0_SSG,2023-04-04,SSG,롯데,H,Final,Win,3.0,1.0,문학,
20230404LGWO0_LG,2023-04-04,LG,키움,A,Final,Win,7.0,1.0,고척,
20230404LGWO0_키움,2023-04-04,키움,LG,H,Final,Loss,1.0,7.0,고척,
20230405NCOB0_NC,2023-04-05,NC,두산,A,Final,Win,9.0,3.0,잠실,
20230405NCOB0_두산,2023-04-05,두산,NC,H,Final,Loss,3.0,9.0,잠실,
20230405LGWO0_LG,2023-04-05,LG,키움,A,Final,Loss,1.0,2.0,고척,
20230405LGWO0_키움,2023-04-05,키움,LG,H,Final,Win,2.0,1.0,고척,
20230406NCOB0_NC,2023-04-06,NC,두산,A,Final,Loss,2.0,6.0,잠실,
20230406NCOB0_두산,2023-04-06,두산,NC,H,Final,Win,6.0,2.0,잠실,
20230406HHSS0_한화,2023-04-06,한화,삼성,A,Final,Win,8.0,1.0,대구,
20230406HHSS0_삼성,2023-04-06,삼성,한화,H,Final,Loss,1.0,8.0,대구,
20230406LGWO0_LG,2023-04-06,LG,키움,A,Final,Win,5.0,0.0,고척,
20230406LGWO0_키움,2023-04-06,키움,LG,H,Final,Loss,0.0,5.0,고척,
20230407SKHH0_SSG,2023-04-07,SSG,한화,A,Final,Win,7.0,3.0,한밭,
20230407SKHH0_한화,2023-04-07,한화,SSG,H,Final,Loss,3.0,7.0,한밭,
20230407SSLG0_삼성,2023-04-07,삼성,LG,A,Final,Loss,2.0,7.0,잠실,
20230407SSLG0_LG,2023-04-07,LG,삼성,H,Final,Win,7.0,2.0,잠실,
20230407KTLT0_KT,2023-04-07,KT,롯데,A,Final,Win,7.0,1.0,사직,
20230407KTLT0_롯데,2023-04-07,롯데,KT,H,Final,Loss,1.0,7.0,사직,
20230407OBHT0_두산,2023-04-07,두산,KIA,A,Final,Win,4.0,1.0,광주,
20230407OBHT0_KIA,2023-04-07,KIA,두산,H,Final,Loss,1.0,4.0,광주,
20230407WONC0_키움,2023-04-07,키움,NC,A,Final,Loss,0.0,2.0,창원,
20230407WONC0_NC,2023-04-07,NC,키움,H,Final,Win,2.0,0.0,창원,
20230408SKHH0_SSG,2023-04-08,SSG,한화,A,Final,Win,7.0,5.0,한밭,
20230408SKHH0_한화,2023-04-08,한화,SSG,H,Final,Loss,5.0,7.0,한밭,
20230408SSLG0_삼성,2023-04-08,삼성,LG,A,Final,Loss,1.0,2.0,잠실,
20230408SSLG0_LG,2023-04-08,LG,삼성,H,Final,Win,2.0,1.0,잠실,
20230408KTLT0_KT,2023-04-08,KT,롯데,A,Final,Win,7.0,3.0,사직,
20230408KTLT0_롯데,2023-04-08,롯데,KT,H,Final,Loss,3.0,7.0,사직,
20230408OBHT0_두산,2023-04-08,두산,KIA,A,Final,Loss,6.0,7.0,광주,
20230408OBHT0_KIA,2023-04-08,KIA,두산,H,Final,Win,7.0,6.0,광주,
20230408WONC0_키움,2023-04-08,키움,NC,A,Final,Loss,5.0,11.0,창원,
20230408WONC0_NC,2023-04-08,NC,키움,H,Final,Win,11.0,5.0,창원,
20230409SKHH0_SSG,2023-04-09,SSG,한화,A,Final,Win,3.0,0.0,한밭,
20230409SKHH0_한화,2023-04-09,한화,SSG,H,Final,Loss,0.0,3.0,한밭,
20230409SSLG0_삼성,2023-04-09,삼성,LG,A,Final,Loss,2.0,3.0,잠실,
20230409SSLG0_LG,2023-04-09,LG,삼성,H,Final,Win,3.0,2.0,잠실,
20230409KTLT0_KT,2023-04-09,KT,롯데,A,Final,Loss,3.0,5.0,사직,
20230409KTLT0_롯데,2023-04-09,롯데,KT,H,Final,Win,5.0,3.0,사직,
20230409OBHT0_두산,2023-04-09,두산,KIA,A,Final,Win,3.0,2.0,광주,
20230409OBHT0_KIA,2023-04-09,KIA,두산,H,Final,Loss,2.0,3.0,광주,
20230409WONC0_키움,2023-04-09,키움,NC,A,Final,Loss,1.0,6.0,창원,
20230409WONC0_NC,2023-04-09,NC,키움,H,Final,Win,6.0,1.0,창원,
20230411WOOB0_키움,2023-04-11,키움,두산,A,Final,Loss,4.0,6.0,잠실,
20230411WOOB0_두산,2023-04-11,두산,키움,H,Final,Win,6.0,4.0,잠실,
20230411SKSS0_SSG,2023-04-11,SSG,삼성,A,Final,Win,5.0,4.0,대구,
20230411SKSS0_삼성,2023-04-11,삼성,SSG,H,Final,Loss,4.0,5.0,대구,
20230411LGLT0_LG,2023-04-11,LG,롯데,A,Final,Loss,5.0,6.0,사직,
20230411LGLT0_롯데,2023-04-11,롯데,LG,H,Final,Win,6.0,5.0,사직,
20230411HHHT0_한화,2023-04-11,한화,KIA,A,Final,Win,5.0,4.0,광주,
20230411HHHT0_KIA,2023-04-11,KIA,한화,H,Final,Loss,4.0,5.0,광주,
20230411KTNC0_KT,2023-04-11,KT,NC,A,Final,Loss,0.0,1.0,창원,
20230411KTNC0_NC,2023-04-11,NC,KT,H,Final,Win,1.0,0.0,창원,
20230412SKSS0_SSG,2023-04-12,SSG,삼성,A,Final,Win,3.0,0.0,대구,
20230412SKSS0_삼성,2023-04-12,삼성,SSG,H,Final,Loss,0.0,3.0,대구,
20230412LGLT0_LG,2023-04-12,LG,롯데,A,Final,Win,12.0,8.0,사직,
20230412LGLT0_롯데,2023-04-12,롯데,LG,H,Final,Loss,8.0,12.0,사직,
20230412HHHT0_한화,2023-04-12,한화,KIA,A,Final,Loss,0.0,2.0,광주,
20230412HHHT0_KIA,2023-04-12,KIA,한화,H,Final,Win,2.0,0.0,광주,
20230412KTNC0_KT,2023-04-12,KT,NC,A,Final,Loss,1.0,5.0,창원,
20230412KTNC0_NC,2023-04-12,NC,KT,H,Final,Win,5.0,1.0,창원,
20230413WOOB0_키움,2023-04-13,키움,두산,A,Final,Win,9.0,2.0,잠실,
20230413WOOB0_두산,2023-04-13,두산,키움,H,Final,Loss,2.0,9.0,잠실,
20230413SKSS0_SSG,2023-04-13,SSG,삼성,A,Final,Loss,9.0,11.0,대구,
20230413SKSS0_삼성,2023-04-13,삼성,SSG,H,Final,Win,11.0,9.0,대구,
20230413LGLT0_LG,2023-04-13,LG,롯데,A,Final,Loss,7.0,8.0,사직,
20230413LGLT0_롯데,2023-04-13,롯데,LG,H,Final,Win,8.0,7.0,사직,
20230413HHHT0_한화,2023-04-13,한화,KIA,A,Final,Win,5.0,1.0,광주,
20230413HHHT0_KIA,2023-04-13,KIA,한화,H,Final,Loss,1.0,5.0,광주,
20230413KTNC0_KT,2023-04-13,KT,NC,A,Final,Win,10.0,3.0,창원,
20230413KTNC0_NC,2023-04-13,NC,KT,H,Final,Loss,3.0,10.0,창원,
20230414OBLG0_두산,2023-04-14,두산,LG,A,Final,Loss,4.0,13.0,잠실,
20230414OBLG0_LG,2023-04-14,LG,두산,H,Final,Win,13.0,4.0,잠실,
20230414LTSS0_롯데,2023-04-14,롯데,삼성,A,Final,Loss,7.0,9.0,대구,
20230414LTSS0_삼성,2023-04-14,삼성,롯데,H,Final,Win,9.0,7.0,대구,
20230414NCSK0_NC,2023-04-14,NC,SSG,A,Final,Loss,1.0,2.0,문학,
20230414NCSK0_SSG,2023-04-14,SSG,NC,H,Final,Win,2.0,1.0,문학,
20230414HTWO0_KIA,2023-04-14,KIA,키움,A,Final,Loss,2.0,9.0,고척,
20230414HTWO0_키움,2023-04-14,키움,KIA,H,Final,Win,9.0,2.0,고척,
20230415OBLG0_두산,2023-04-15,두산,LG,A,Final,Loss,1.0,3.0,잠실,
20230415OBLG0_LG,2023-04-15,LG,두산,H,Final,Win,3.0,1.0,잠실,
20230415LTSS0_롯데,2023-04-15,롯데,삼성,A,Final,Win,9.0,5.0,대구,
20230415LTSS0_삼성,2023-04-15,삼성,롯데,H,Final,Loss,5.0,9.0,대구,
20230415NCSK0_NC,2023-04-15,NC,SSG,A,Final,Win,1.0,0.0,문학,
20230415NCSK0_SSG,2023-04-15,SSG,NC,H,Final,Loss,0.0,1.0,문학,
20230415HHKT0_한화,2023-04-15,한화,KT,A,Final,Win,7.0,2.0,수원,
20230415HHKT0_KT,2023-04-15,KT,한화,H,Final,Loss,2.0,7.0,수원,
20230415HTWO0_KIA,2023-04-15,KIA,키움,A,Final,Loss,1.0,6.0,고척,
20230415HTWO0_키움,2023-04-15,키움,KIA,H,Final,Win,6.0,1.0,고척,
20230416OBLG0_두산,2023-04-16,두산,LG,A,Final,Win,10.0,5.0,잠실,
20230416OBLG0_LG,2023-04-16,LG,두산,H,Final,Loss,5.0,10.0,잠실,
20230416LTSS0_롯데,2023-04-16,롯데,삼성,A,Final,Loss,1.0,9.0,대구,
20230416LTSS0_삼성,2023-04-16,삼성,롯데,H,Final,Win,9.0,1.0,대구,
20230416NCSK0_NC,2023-04-16,NC,SSG,A,Final,Win,10.0,5.0,문학,
20230416NCSK0_SSG,2023-04-16,SSG,NC,H,Final,Loss,5.0,10.0,문학,
20230416HHKT0_한화,2023-04-16,한화,KT,A,Final,Loss,2.0,14.0,수원,
20230416HHKT0_KT,2023-04-16,KT,한화,H,Final,Win,14.0,2.0,수원,
20230416HTWO0_KIA,2023-04-16,KIA,키움,A,Final,Loss,0.0,2.0,고척,
20230416HTWO0_키움,2023-04-16,키움,KIA,H,Final,Win,2.0,0.0,고척,
20230418OBHH0_두산,2023-04-18,두산,한화,A,Final,Win,2.0,0.0,한밭,
20230418OBHH0_한화,2023-04-18,한화,두산,H,Final,Loss,0.0,2.0,한밭,
20230418NCLG0_NC,2023-04-18,NC,LG,A,Final,Win,6.0,4.0,잠실,
20230418NCLG0_LG,2023-04-18,LG,NC,H,Final,Loss,4.0,6.0,잠실,
20230418HTLT0_KIA,2023-04-18,KIA,롯데,A,Final,Loss,5.0,7.0,사직,
20230418HTLT0_롯데,2023-04-18,롯데,KIA,H,Final,Win,7.0,5.0,사직,
20230418SKKT0_SSG,2023-04-18,SSG,KT,A,Final,Loss,2.0,4.0,수원,
20230418SKKT0_KT,2023-04-18,KT,SSG,H,Final,Win,4.0,2.0,수원,
20230418SSWO0_삼성,2023-04-18,삼성,키움,A,Final,Win,6.0,4.0,고척,
20230418SSWO0_키움,2023-04-18,키움,삼성,H,Final,Loss,4.0,6.0,고척,
20230419OBHH0_두산,2023-04-19,두산,한화,A,Final,Loss,6.0,7.0,한밭,
20230419OBHH0_한화,2023-04-19,한화,두산,H,Final,Win,7.0,6.0,한밭,
20230419NCLG0_NC,2023-04-19,NC,LG,A,Final,Loss,5.0,7.0,잠실,
20230419NCLG0_LG,2023-04-19,LG,NC,H,Final,Win,7.0,5.0,잠실,
20230419HTLT0_KIA,2023-04-19,KIA,롯데,A,Final,Win,6.0,0.0,사직,
20230419HTLT0_롯데,2023-04-19,롯데,KIA,H,Final,Loss,0.0,6.0,사직,
20230419SKKT0_SSG,2023-04-19,SSG,KT,A,Final,Loss,2.0,5.0,수원,
20230419SKKT0_KT,2023-04-19,KT,SSG,H,Final,Win,5.0,2.0,수원,
20230419SSWO0_삼성,2023-04-19,삼성,키움,A,Final,Win,9.0,5.0,고척,
20230419SSWO0_키움,2023-04-19,키움,삼성,H,Final,Loss,5.0,9.0,고척,
20230420OBHH0_두산,2023-04-20,두산,한화,A,Final,Win,5.0,1.0,한밭,
20230420OBHH0_한화,2023-04-20,한화,두산,H,Final,Loss,1.0,5.0,한밭,
20230420NCLG0_NC,2023-04-20,NC,LG,A,Final,Loss,4.0,9.0,잠실,
20230420NCLG0_LG,2023-04-20,LG,NC,H,Final,Win,9.0,4.0,잠실,
20230420HTLT0_KIA,2023-04-20,KIA,롯데,A,Final,Loss,3.0,5.0,사직,
20230420HTLT0_롯데,2023-04-20,롯데,KIA,H,Final,Win,5.0,3.0,사직,
20230420SKKT0_SSG,2023-04-20,SSG,KT,A,Final,Win,8.0,5.0,수원,
20230420SKKT0_KT,2023-04-20,KT,SSG,H,Final,Loss,5.0,8.0,수원,
20230420SSWO0_삼성,2023-04-20,삼성,키움,A,Final,Loss,1.0,6.0,고척,
20230420SSWO0_키움,2023-04-20,키움,삼성,H,Final,Win,6.0,1.0,고척,
20230421LGHH0_LG,2023-04-21,LG,한화,A,Final,Win,4.0,2.0,한밭,
20230421LGHH0_한화,2023-04-21,한화,LG,H,Final,Loss,2.0,4.0,한밭,
20230421KTOB0_KT,2023-04-21,KT,두산,A,Final,Loss,6.0,10.0,잠실,
20230421KTOB0_두산,2023-04-21,두산,KT,H,Final,Win,10.0,6.0,잠실,
20230421WOSK0_키움,2023-04-21,키움,SSG,A,Final,Loss,1.0,3.0,문학,
20230421WOSK0_SSG,2023-04-21,SSG,키움,H,Final,Win,3.0,1.0,문학,
20230421SSHT0_삼성,2023-04-21,삼성,KIA,A,Final,Loss,4.0,5.0,광주,
20230421SSHT0_KIA,2023-04-21,KIA,삼성,H,Final,Win,5.0,4.0,광주,
20230421LTNC0_롯데,2023-04-21,롯데,NC,A,Final,Win,3.0,2.0,창원,
20230421LTNC0_NC,2023-04-21,NC,롯데,H,Final,Loss,2.0,3.0,창원,
20230422LGHH0_LG,2023-04-22,LG,한화,A,Final,Win,3.0,0.0,한밭,
20230422LGHH0_한화,2023-04-22,한화,LG,H,Final,Loss,0.0,3.0,한밭,
20230422KTOB0_KT,2023-04-22,KT,두산,A,Final,Loss,1.0,5.0,잠실,
20230422KTOB0_두산,2023-04-22,두산,KT,H,Final,Win,5.0,1.0,잠실,
20230422WOSK0_키움,2023-04-22,키움,SSG,A,Final,Loss,2.0,3.0,문학,
20230422WOSK0_SSG,2023-04-22,SSG,키움,H,Final,Win,3.0,2.0,문학,
20230422SSHT0_삼성,2023-04-22,삼성,KIA,A,Final,Loss,2.0,6.0,광주,
20230422SSHT0_KIA,2023-04-22,KIA,삼성,H,Final,Win,6.0,2.0,광주,
20230422LTNC0_롯데,2023-04-22,롯데,NC,A,Final,Win,10.0,6.0,창원,
20230422LTNC0_NC,2023-04-22,NC,롯데,H,Final,Loss,6.0,10.0,창원,
20230423LGHH0_LG,2023-04-23,LG,한화,A,Final,Loss,6.0,7.0,한밭,
20230423LGHH0_한화,2023-04-23,한화,LG,H,Final,Win,7.0,6.0,한밭,
20230423WOSK0_키움,2023-04-23,키움,SSG,A,Final,Loss,7.0,9.0,문학,
20230423WOSK0_SSG,2023-04-23,SSG,키움,H,Final,Win,9.0,7.0,문학,
20230423SSHT0_삼성,2023-04-23,삼성,KIA,A,Final,Loss,3.0,5.0,광주,
20230423SSHT0_KIA,2023-04-23,KIA,삼성,H,Final,Win,5.0,3.0,광주,
20230423LTNC0_롯데,2023-04-23,롯데,NC,A,Final,Win,5.0,3.0,창원,
20230423LTNC0_NC,2023-04-23,NC,롯데,H,Final,Loss,3.0,5.0,창원,
20230425SKLG0_SSG,2023-04-25,SSG,LG,A,Final,Loss,4.0,5.0,잠실,
20230425SKLG0_LG,2023-04-25,LG,SSG,H,Final,Win,5.0,4.0,잠실,
20230425NCHT0_NC,2023-04-25,NC,KIA,A,Final,Win,6.0,0.0,광주,
20230425NCHT0_KIA,2023-04-25,KIA,NC,H,Final,Loss,0.0,6.0,광주,
20230425KTWO0_KT,2023-04-25,KT,키움,A,Final,Loss,0.0,1.0,고척,
20230425KTWO0_키움,2023-04-25,키움,KT,H,Final,Win,1.0,0.0,고척,
20230426SKLG0_SSG,2023-04-26,SSG,LG,A,Final,Win,5.0,3.0,잠실,
20230426SKLG0_LG,2023-04-26,LG,SSG,H,Final,Loss,3.0,5.0,잠실,
20230426OBSS0_두산,2023-04-26,두산,삼성,A,Final,Loss,0.0,1.0,대구,
20230426OBSS0_삼성,2023-04-26,삼성,두산,H,Final,Win,1.0,0.0,대구,
20230426HHLT0_한화,2023-04-26,한화,롯데,A,Final,Loss,1.0,8.0,사직,
20230426HHLT0_롯데,2023-04-26,롯데,한화,H,Final,Win,8.0,1.0,사직,
20230426NCHT0_NC,2023-04-26,NC,KIA,A,Final,Loss,0.0,6.0,광주,
20230426NCHT0_KIA,2023-04-26,KIA,NC,H,Final,Win,6.0,0.0,광주,
20230426KTWO0_KT,2023-04-26,KT,키움,A,Final,Loss,2.0,13.0,고척,
20230426KTWO0_키움,2023-04-26,키움,KT,H,Final,Win,13.0,2.0,고척,
20230427SKLG0_SSG,2023-04-27,SSG,LG,A,Final,Loss,3.0,6.0,잠실,
20230427SKLG0_LG,2023-04-27,LG,SSG,H,Final,Win,6.0,3.0,잠실,
20230427OBSS0_두산,2023-04-27,두산,삼성,A,Final,Loss,6.0,7.0,대구,
20230427OBSS0_삼성,2023-04-27,삼성,두산,H,Final,Win,7.0,6.0,대구,
20230427HHLT0_한화,2023-04-27,한화,롯데,A,Final,Loss,0.0,3.0,사직,
20230427HHLT0_롯데,2023-04-27,롯데,한화,H,Final,Win,3.0,0.0,사직,
20230427NCHT0_NC,2023-04-27,NC,KIA,A,Final,Loss,0.0,5.0,광주,
20230427NCHT0_KIA,2023-04-27,KIA,NC,H,Final,Win,5.0,0.0,광주,
20230427KTWO0_KT,2023-04-27,KT,키움,A,Final,Loss,1.0,3.0,고척,
20230427KTWO0_키움,2023-04-27,키움,KT,H,Final,Win,3.0,1.0,고척,
20230428NCHH0_NC,2023-04-28,NC,한화,A,Final,Win,6.0,4.0,한밭,
20230428NCHH0_한화,2023-04-28,한화,NC,H,Final,Loss,4.0,6.0,한밭,
20230428HTLG0_KIA,2023-04-28,KIA,LG,A,Final,Win,4.0,3.0,잠실,
20230428HTLG0_LG,2023-04-28,LG,KIA,H,Final,Loss,3.0,4.0,잠실,
20230428WOLT0_키움,2023-04-28,키움,롯데,A,Final,Loss,2.0,5.0,사직,
20230428WOLT0_롯데,2023-04-28,롯데,키움,H,Final,Win,5.0,2.0,사직,
20230428OBSK0_두산,2023-04-28,두산,SSG,A,Final,Loss,1.0,4.0,문학,
20230428OBSK0_SSG,2023-04-28,SSG,두산,H,Final,Win,4.0,1.0,문학,
20230428SSKT0_삼성,2023-04-28,삼성,KT,A,Final,Win,10.0,9.0,수원,
20230428SSKT0_KT,2023-04-28,KT,삼성,H,Final,Loss,9.0,10.0,수원,
20230429NCHH0_NC,2023-04-29,NC,한화,A,Final,Win,3.0,2.0,한밭,
20230429NCHH0_한화,2023-04-29,한화,NC,H,Final,Loss,2.0,3.0,한밭,
20230429HTLG0_KIA,2023-04-29,KIA,LG,A,Final,Win,6.0,3.0,잠실,
20230429HTLG0_LG,2023-04-29,LG,KIA,H,Final,Loss,3.0,6.0,잠실,
20230429OBSK0_두산,2023-04-29,두산,SSG,A,Final,Loss,4.0,10.0,문학,
20230429OBSK0_SSG,2023-04-29,SSG,두산,H,Final,Win,10.0,4.0,문학,
20230429SSKT0_삼성,2023-04-29,삼성,KT,A,Final,Win,3.0,2.0,수원,
20230429SSKT0_KT,2023-04-29,KT,삼성,H,Final,Loss,2.0,3.0,수원,
20230430NCHH0_NC,2023-04-30,NC,한화,A,Final,Win,4.0,1.0,한밭,
20230430NCHH0_한화,2023-04-30,한화,NC,H,Final,Loss,1.0,4.0,한밭,
20230430HTLG0_KIA,2023-04-30,KIA,LG,A,Final,Win,12.0,8.0,잠실,
20230430HTLG0_LG,2023-04-30,LG,KIA,H,Final,Loss,8.0,12.0,잠실,
20230430WOLT0_키움,2023-04-30,키움,롯데,A,Final,Loss,3.0,5.0,사직,
20230430WOLT0_롯데,2023-04-30,롯데,키움,H,Final,Win,5.0,3.0,사직,
20230430OBSK0_두산,2023-04-30,두산,SSG,A,Final,Win,2.0,0.0,문학,
20230430OBSK0_SSG,2023-04-30,SSG,두산,H,Final,Loss,0.0,2.0,문학,
20230430SSKT0_삼성,2023-04-30,삼성,KT,A,Final,Win,1.0,0.0,수원,
20230430SSKT0_KT,2023-04-30,KT,삼성,H,Final,Loss,0.0,1.0,수원,
20230502HHOB0_한화,2023-05-02,한화,두산,A,Final,Loss,0.0,3.0,잠실,
20230502HHOB0_두산,2023-05-02,두산,한화,H,Final,Win,3.0,0.0,잠실,
20230502WOSS0_키움,2023-05-02,키움,삼성,A,Final,Win,4.0,0.0,대구,
20230502WOSS0_삼성,2023-05-02,삼성,키움,H,Final,Loss,0.0,4.0,대구,
20230502KTSK0_KT,2023-05-02,KT,SSG,A,Final,Win,11.0,4.0,문학,
20230502KTSK0_SSG,2023-05-02,SSG,KT,H,Final,Loss,4.0,11.0,문학,
20230502LTHT0_롯데,2023-05-02,롯데,KIA,A,Final,Win,7.0,4.0,광주,
20230502LTHT0_KIA,2023-05-02,KIA,롯데,H,Final,Loss,4.0,7.0,광주,
20230502LGNC0_LG,2023-05-02,LG,NC,A,Final,Win,5.0,3.0,창원,
20230502LGNC0_NC,2023-05-02,NC,LG,H,Final,Loss,3.0,5.0,창원,
20230503HHOB0_한화,2023-05-03,한화,두산,A,Final,Win,8.0,3.0,잠실,
20230503HHOB0_두산,2023-05-03,두산,한화,H,Final,Loss,3.0,8.0,잠실,
20230503WOSS0_키움,2023-05-03,키움,삼성,A,Final,Win,4.0,1.0,대구,
20230503WOSS0_삼성,2023-05-03,삼성,키움,H,Final,Loss,1.0,4.0,대구,
20230503KTSK0_KT,2023-05-03,KT,SSG,A,Final,Loss,3.0,5.0,문학,
20230503KTSK0_SSG,2023-05-03,SSG,KT,H,Final,Win,5.0,3.0,문학,
20230503LTHT0_롯데,2023-05-03,롯데,KIA,A,Final,Loss,2.0,10.0,광주,
20230503LTHT0_KIA,2023-05-03,KIA,롯데,H,Final,Win,10.0,2.0,광주,
20230503LGNC0_LG,2023-05-03,LG,NC,A,Final,Win,2.0,1.0,창원,
20230503LGNC0_NC,2023-05-03,NC,LG,H,Final,Loss,1.0,2.0,창원,
20230504HHOB0_한화,2023-05-04,한화,두산,A,Final,Win,10.0,3.0,잠실,
20230504HHOB0_두산,2023-05-04,두산,한화,H,Final,Loss,3.0,10.0,잠실,
20230504WOSS0_키움,2023-05-04,키움,삼성,A,Final,Loss,1.0,14.0,대구,
20230504WOSS0_삼성,2023-05-04,삼성,키움,H,Final,Win,14.0,1.0,대구,
20230504KTSK0_KT,2023-05-04,KT,SSG,A,Final,Loss,2.0,10.0,문학,
20230504KTSK0_SSG,2023-05-04,SSG,KT,H,Final,Win,10.0,2.0,문학,
20230505SKWO0_SSG,2023-05-05,SSG,키움,A,Final,Win,3.0,1.0,고척,
20230505SKWO0_키움,2023-05-05,키움,SSG,H,Final,Loss,1.0,3.0,고척,
20230506SKWO0_SSG,2023-05-06,SSG,키움,A,Final,Win,2.0,1.0,고척,
20230506SKWO0_키움,2023-05-06,키움,SSG,H,Final,Loss,1.0,2.0,고척,
20230507KTHH0_KT,2023-05-07,KT,한화,A,Final,Loss,2.0,6.0,한밭,
20230507KTHH0_한화,2023-05-07,한화,KT,H,Final,Win,6.0,2.0,한밭,
20230507LGOB0_LG,2023-05-07,LG,두산,A,Final,Win,11.0,1.0,잠실,
20230507LGOB0_두산,2023-05-07,두산,LG,H,Final,Loss,1.0,11.0,잠실,
20230507SKWO0_SSG,2023-05-07,SSG,키움,A,Final,Win,7.0,6.0,고척,
20230507SKWO0_키움,2023-05-07,키움,SSG,H,Final,Loss,6.0,7.0,고척,
20230509SSHH0_삼성,2023-05-09,삼성,한화,A,Final,Win,9.0,1.0,한밭,
20230509SSHH0_한화,2023-05-09,한화,삼성,H,Final,Loss,1.0,9.0,한밭,
20230509WOLG0_키움,2023-05-09,키움,LG,A,Final,Loss,4.0,5.0,잠실,
20230509WOLG0_LG,2023-05-09,LG,키움,H,Final,Win,5.0,4.0,잠실,
20230509OBLT0_두산,2023-05-09,두산,롯데,A,Final,Win,5.0,2.0,사직,
20230509OBLT0_롯데,2023-05-09,롯데,두산,H,Final,Loss,2.0,5.0,사직,
20230509SKHT0_SSG,2023-05-09,SSG,KIA,A,Final,Loss,0.0,3.0,광주,
20230509SKHT0_KIA,2023-05-09,KIA,SSG,H,Final,Win,3.0,0.0,광주,
20230509NCKT0_NC,2023-05-09,NC,KT,A,Final,Win,16.0,4.0,수원,
20230509NCKT0_KT,2023-05-09,KT,NC,H,Final,Loss,4.0,16.0,수원,
20230510SSHH0_삼성,2023-05-10,삼성,한화,A,Final,Loss,1.0,5.0,한밭,
20230510SSHH0_한화,2023-05-10,한화,삼성,H,Final,Win,5.0,1.0,한밭,
20230510WOLG0_키움,2023-05-10,키움,LG,A,Final,Win,11.0,1.0,잠실,
20230510WOLG0_LG,2023-05-10,LG,키움,H,Final,Loss,1.0,11.0,잠실,
20230510OBLT0_두산,2023-05-10,두산,롯데,A,Final,Loss,0.0,3.0,사직,
20230510OBLT0_롯데,2023-05-10,롯데,두산,H,Final,Win,3.0,0.0,사직,
20230510SKHT0_SSG,2023-05-10,SSG,KIA,A,Final,Win,5.0,3.0,광주,
20230510SKHT0_KIA,2023-05-10,KIA,SSG,H,Final,Loss,3.0,5.0,광주,
20230510NCKT0_NC,2023-05-10,NC,KT,A,Final,Win,8.0,7.0,수원,
20230510NCKT0_KT,2023-05-10,KT,NC,H,Final,Loss,7.0,8.0,수원,
20230511SSHH0_삼성,2023-05-11,삼성,한화,A,Final,Loss,0.0,4.0,한밭,
20230511SSHH0_한화,2023-05-11,한화,삼성,H,Final,Win,4.0,0.0,한밭,
20230511WOLG0_키움,2023-05-11,키움,LG,A,Final,Loss,0.0,1.0,잠실,
20230511WOLG0_LG,2023-05-11,LG,키움,H,Final,Win,1.0,0.0,잠실,
20230511OBLT0_두산,2023-05-11,두산,롯데,A,Final,Loss,6.0,7.0,사직,
20230511OBLT0_롯데,2023-05-11,롯데,두산,H,Final,Win,7.0,6.0,사직,
20230511SKHT0_SSG,2023-05-11,SSG,KIA,A,Final,Win,5.0,3.0,광주,
20230511SKHT0_KIA,2023-05-11,KIA,SSG,H,Final,Loss,3.0,5.0,광주,
20230511NCKT0_NC,2023-05-11,NC,KT,A,Final,Win,4.0,1.0,수원,
20230511NCKT0_KT,2023-05-11,KT,NC,H,Final,Loss,1.0,4.0,수원,
20230512HTOB0_KIA,2023-05-12,KIA,두산,A,Final,Loss,1.0,6.0,잠실,
20230512HTOB0_두산,2023-05-12,두산,KIA,H,Final,Win,6.0,1.0,잠실,
20230512LGSS0_LG,2023-05-12,LG,삼성,A,Final,Loss,0.0,4.0,대구,
20230512LGSS0_삼성,2023-05-12,삼성,LG,H,Final,Win,4.0,0.0,대구,
20230512HHSK0_한화,2023-05-12,한화,SSG,A,Final,Win,5.0,2.0,문학,
20230512HHSK0_SSG,2023-05-12,SSG,한화,H,Final,Loss,2.0,5.0,문학,
20230512LTKT0_롯데,2023-05-12,롯데,KT,A,Final,Loss,1.0,2.0,수원,
20230512LTKT0_KT,2023-05-12,KT,롯데,H,Final,Win,2.0,1.0,수원,
20230512NCWO0_NC,2023-05-12,NC,키움,A,Final,Loss,4.0,7.0,고척,
20230512NCWO0_키움,2023-05-12,키움,NC,H,Final,Win,7.0,4.0,고척,
20230513HTOB0_KIA,2023-05-13,KIA,두산,A,Final,Loss,1.0,5.0,잠실,
20230513HTOB0_두산,2023-05-13,두산,KIA,H,Final,Win,5.0,1.0,잠실,
20230513LGSS0_LG,2023-05-13,LG,삼성,A,Final,Win,7.0,4.0,대구,
20230513LGSS0_삼성,2023-05-13,삼성,LG,H,Final,Loss,4.0,7.0,대구,
20230513HHSK0_한화,2023-05-13,한화,SSG,A,Final,Loss,5.0,8.0,문학,
20230513HHSK0_SSG,2023-05-13,SSG,한화,H,Final,Win,8.0,5.0,문학,
20230513LTKT0_롯데,2023-05-13,롯데,KT,A,Final,Win,5.0,0.0,수원,
20230513LTKT0_KT,2023-05-13,KT,롯데,H,Final,Loss,0.0,5.0,수원,
20230513NCWO0_NC,2023-05-13,NC,키움,A,Final,Loss,2.0,9.0,고척,
20230513NCWO0_키움,2023-05-13,키움,NC,H,Final,Win,9.0,2.0,고척,
20230514HTOB0_KIA,2023-05-14,KIA,두산,A,Final,Loss,4.0,8.0,잠실,
20230514HTOB0_두산,2023-05-14,두산,KIA,H,Final,Win,8.0,4.0,잠실,
20230514LGSS0_LG,2023-05-14,LG,삼성,A,Final,Win,8.0,5.0,대구,
20230514LGSS0_삼성,2023-05-14,삼성,LG,H,Final,Loss,5.0,8.0,대구,
20230514LTKT0_롯데,2023-05-14,롯데,KT,A,Final,Win,8.0,3.0,수원,
20230514LTKT0_KT,2023-05-14,KT,롯데,H,Final,Loss,3.0,8.0,수원,
20230514NCWO0_NC,2023-05-14,NC,키움,A,Final,Win,6.0,4.0,고척,
20230514NCWO0_키움,2023-05-14,키움,NC,H,Final,Loss,4.0,6.0,고척,
20230516LTHH0_롯데,2023-05-16,롯데,한화,A,Final,Win,3.0,1.0,한밭,
20230516LTHH0_한화,2023-05-16,한화,롯데,H,Final,Loss,1.0,3.0,한밭,
20230516KTLG0_KT,2023-05-16,KT,LG,A,Final,Win,12.0,7.0,잠실,
20230516KTLG0_LG,2023-05-16,LG,KT,H,Final,Loss,7.0,12.0,잠실,
20230516HTSS0_KIA,2023-05-16,KIA,삼성,A,Final,Win,8.0,2.0,대구,
20230516HTSS0_삼성,2023-05-16,삼성,KIA,H,Final,Loss,2.0,8.0,대구,
20230516SKNC0_SSG,2023-05-16,SSG,NC,A,Final,Loss,3.0,5.0,창원,
20230516SKNC0_NC,2023-05-16,NC,SSG,H,Final,Win,5.0,3.0,창원,
20230516OBWO0_두산,2023-05-16,두산,키움,A,Final,Win,4.0,1.0,고척,
20230516OBWO0_키움,2023-05-16,키움,두산,H,Final,Loss,1.0,4.0,고척,
20230517LTHH0_롯데,2023-05-17,롯데,한화,A,Final,Loss,1.0,2.0,한밭,
20230517LTHH0_한화,2023-05-17,한화,롯데,H,Final,Win,2.0,1.0,한밭,
20230517KTLG0_KT,2023-05-17,KT,LG,A,Final,Loss,3.0,7.0,잠실,
20230517KTLG0_LG,2023-05-17,LG,KT,H,Final,Win,7.0,3.0,잠실,
20230517HTSS0_KIA,2023-05-17,KIA,삼성,A,Final,Win,7.0,6.0,대구,
20230517HTSS0_삼성,2023-05-17,삼성,KIA,H,Final,Loss,6.0,7.0,대구,
20230517SKNC0_SSG,2023-05-17,SSG,NC,A,Final,Win,4.0,0.0,창원,
20230517SKNC0_NC,2023-05-17,NC,SSG,H,Final,Loss,0.0,4.0,창원,
20230517OBWO0_두산,2023-05-17,두산,키움,A,Final,Win,9.0,6.0,고척,
20230517OBWO0_키움,2023-05-17,키움,두산,H,Final,Loss,6.0,9.0,고척,
20230518LTHH0_롯데,2023-05-18,롯데,한화,A,Final,Win,7.0,3.0,한밭,
20230518LTHH0_한화,2023-05-18,한화,롯데,H,Final,Loss,3.0,7.0,한밭,
20230518KTLG0_KT,2023-05-18,KT,LG,A,Final,Loss,5.0,9.0,잠실,
20230518KTLG0_LG,2023-05-18,LG,KT,H,Final,Win,9.0,5.0,잠실,
20230518OBWO0_두산,2023-05-18,두산,키움,A,Final,Loss,3.0,7.0,고척,
20230518OBWO0_키움,2023-05-18,키움,두산,H,Final,Win,7.0,3.0,고척,
20230519HHLG0_한화,2023-05-19,한화,LG,A,Final,Loss,1.0,3.0,잠실,
20230519HHLG0_LG,2023-05-19,LG,한화,H,Final,Win,3.0,1.0,잠실,
20230519SKLT0_SSG,2023-05-19,SSG,롯데,A,Final,Loss,5.0,7.0,사직,
20230519SKLT0_롯데,2023-05-19,롯데,SSG,H,Final,Win,7.0,5.0,사직,
20230519WOHT0_키움,2023-05-19,키움,KIA,A,Final,Loss,1.0,10.0,광주,
20230519WOHT0_KIA,2023-05-19,KIA,키움,H,Final,Win,10.0,1.0,광주,
20230519OBKT0_두산,2023-05-19,두산,KT,A,Final,Loss,1.0,6.0,수원,
20230519OBKT0_KT,2023-05-19,KT,두산,H,Final,Win,6.0,1.0,수원,
20230519SSNC0_삼성,2023-05-19,삼성,NC,A,Final,Win,5.0,4.0,창원,
20230519SSNC0_NC,2023-05-19,NC,삼성,H,Final,Loss,4.0,5.0,창원,
20230520SKLT0_SSG,2023-05-20,SSG,롯데,A,Final,Win,5.0,0.0,사직,
20230520SKLT0_롯데,2023-05-20,롯데,SSG,H,Final,Loss,0.0,5.0,사직,
20230520WOHT0_키움,2023-05-20,키움,KIA,A,Final,Loss,2.0,3.0,광주,
20230520WOHT0_KIA,2023-05-20,KIA,키움,H,Final,Win,3.0,2.0,광주,
20230520OBKT0_두산,2023-05-20,두산,KT,A,Final,Win,6.0,0.0,수원,
20230520OBKT0_KT,2023-05-20,KT,두산,H,Final,Loss,0.0,6.0,수원,
20230520SSNC0_삼성,2023-05-20,삼성,NC,A,Final,Loss,3.0,14.0,창원,
20230520SSNC0_NC,2023-05-20,NC,삼성,H,Final,Win,14.0,3.0,창원,
20230521HHLG0_한화,2023-05-21,한화,LG,A,Final,Loss,1.0,4.0,잠실,
20230521HHLG0_LG,2023-05-21,LG,한화,H,Final,Win,4.0,1.0,잠실,
20230521SKLT0_SSG,2023-05-21,SSG,롯데,A,Final,Win,6.0,3.0,사직,
20230521SKLT0_롯데,2023-05-21,롯데,SSG,H,Final,Loss,3.0,6.0,사직,
20230521WOHT0_키움,2023-05-21,키움,KIA,A,Final,Win,1.0,0.0,광주,
20230521WOHT0_KIA,2023-05-21,KIA,키움,H,Final,Loss,0.0,1.0,광주,
20230521OBKT0_두산,2023-05-21,두산,KT,A,Final,Loss,3.0,7.0,수원,
20230521OBKT0_KT,2023-05-21,KT,두산,H,Final,Win,7.0,3.0,수원,
20230521SSNC0_삼성,2023-05-21,삼성,NC,A,Final,Win,2.0,1.0,창원,
20230521SSNC0_NC,2023-05-21,NC,삼성,H,Final,Loss,1.0,2.0,창원,
20230523HTHH0_KIA,2023-05-23,KIA,한화,A,Final,Loss,5.0,9.0,한밭,
20230523HTHH0_한화,2023-05-23,한화,KIA,H,Final,Win,9.0,5.0,한밭,
20230523SSOB0_삼성,2023-05-23,삼성,두산,A,Final,Loss,5.0,7.0,잠실,
20230523SSOB0_두산,2023-05-23,두산,삼성,H,Final,Win,7.0,5.0,잠실,
20230523NCLT0_NC,2023-05-23,NC,롯데,A,Final,Loss,0.0,2.0,사직,
20230523NCLT0_롯데,2023-05-23,롯데,NC,H,Final,Win,2.0,0.0,사직,
20230523LGSK0_LG,2023-05-23,LG,SSG,A,Final,Win,9.0,1.0,문학,
20230523LGSK0_SSG,2023-05-23,SSG,LG,H,Final,Loss,1.0,9.0,문학,
20230523WOKT0_키움,2023-05-23,키움,KT,A,Final,Win,3.0,1.0,수원,
20230523WOKT0_KT,2023-05-23,KT,키움,H,Final,Loss,1.0,3.0,수원,
20230524HTHH0_KIA,2023-05-24,KIA,한화,A,Final,Win,4.0,2.0,한밭,
20230524HTHH0_한화,2023-05-24,한화,KIA,H,Final,Loss,2.0,4.0,한밭,
20230524SSOB0_삼성,2023-05-24,삼성,두산,A,Final,Win,6.0,1.0,잠실,
20230524SSOB0_두산,2023-05-24,두산,삼성,H,Final,Loss,1.0,6.0,잠실,
20230524NCLT0_NC,2023-05-24,NC,롯데,A,Final,Win,3.0,1.0,사직,
20230524NCLT0_롯데,2023-05-24,롯데,NC,H,Final,Loss,1.0,3.0,사직,
20230524LGSK0_LG,2023-05-24,LG,SSG,A,Final,Loss,3.0,5.0,문학,
20230524LGSK0_SSG,2023-05-24,SSG,LG,H,Final,Win,5.0,3.0,문학,
20230524WOKT0_키움,2023-05-24,키움,KT,A,Final,Loss,1.0,4.0,수원,
20230524WOKT0_KT,2023-05-24,KT,키움,H,Final,Win,4.0,1.0,수원,
20230525HTHH0_KIA,2023-05-25,KIA,한화,A,Final,Loss,3.0,4.0,한밭,
20230525HTHH0_한화,2023-05-25,한화,KIA,H,Final,Win,4.0,3.0,한밭,
20230525SSOB0_삼성,2023-05-25,삼성,두산,A,Final,Loss,3.0,4.0,잠실,
20230525SSOB0_두산,2023-05-25,두산,삼성,H,Final,Win,4.0,3.0,잠실,
20230525NCLT0_NC,2023-05-25,NC,롯데,A,Final,Loss,1.0,11.0,사직,
20230525NCLT0_롯데,2023-05-25,롯데,NC,H,Final,Win,11.0,1.0,사직,
20230525LGSK0_LG,2023-05-25,LG,SSG,A,Final,Win,8.0,3.0,문학,
20230525LGSK0_SSG,2023-05-25,SSG,LG,H,Final,Loss,3.0,8.0,문학,
20230525WOKT0_키움,2023-05-25,키움,KT,A,Final,Loss,0.0,3.0,수원,
20230525WOKT0_KT,2023-05-25,KT,키움,H,Final,Win,3.0,0.0,수원,
20230526SKOB0_SSG,2023-05-26,SSG,두산,A,Final,Win,14.0,3.0,잠실,
20230526SKOB0_두산,2023-05-26,두산,SSG,H,Final,Loss,3.0,14.0,잠실,
20230526KTSS0_KT,2023-05-26,KT,삼성,A,Final,Win,4.0,1.0,대구,
20230526KTSS0_삼성,2023-05-26,삼성,KT,H,Final,Loss,1.0,4.0,대구,
20230526LGHT0_LG,2023-05-26,LG,KIA,A,Final,Win,5.0,3.0,광주,
20230526LGHT0_KIA,2023-05-26,KIA,LG,H,Final,Loss,3.0,5.0,광주,
20230526HHNC0_한화,2023-05-26,한화,NC,A,Final,Loss,0.0,11.0,창원,
20230526HHNC0_NC,2023-05-26,NC,한화,H,Final,Win,11.0,0.0,창원,
20230526LTWO0_롯데,2023-05-26,롯데,키움,A,Final,Win,2.0,0.0,고척,
20230526LTWO0_키움,2023-05-26,키움,롯데,H,Final,Loss,0.0,2.0,고척,
20230527KTSS0_KT,2023-05-27,KT,삼성,A,Final,Win,5.0,2.0,대구,
20230527KTSS0_삼성,2023-05-27,삼성,KT,H,Final,Loss,2.0,5.0,대구,
20230527LGHT0_LG,2023-05-27,LG,KIA,A,Final,Loss,3.0,6.0,광주,
20230527LGHT0_KIA,2023-05-27,KIA,LG,H,Final,Win,6.0,3.0,광주,
20230527HHNC0_한화,2023-05-27,한화,NC,A,Final,Win,5.0,0.0,창원,
20230527HHNC0_NC,2023-05-27,NC,한화,H,Final,Loss,0.0,5.0,창원,
20230527LTWO0_롯데,2023-05-27,롯데,키움,A,Final,Win,6.0,5.0,고척,
20230527LTWO0_키움,2023-05-27,키움,롯데,H,Final,Loss,5.0,6.0,고척,
20230528KTSS0_KT,2023-05-28,KT,삼성,A,Final,Loss,4.0,6.0,대구,
20230528KTSS0_삼성,2023-05-28,삼성,KT,H,Final,Win,6.0,4.0,대구,
20230528LGHT0_LG,2023-05-28,LG,KIA,A,Final,Win,7.0,1.0,광주,
20230528LGHT0_KIA,2023-05-28,KIA,LG,H,Final,Loss,1.0,7.0,광주,
20230528LTWO0_롯데,2023-05-28,롯데,키움,A,Final,Loss,5.0,7.0,고척,
20230528LTWO0_키움,2023-05-28,키움,롯데,H,Final,Win,7.0,5.0,고척,
20230530WOHH0_키움,2023-05-30,키움,한화,A,Final,Loss,1.0,7.0,한밭,
20230530WOHH0_한화,2023-05-30,한화,키움,H,Final,Win,7.0,1.0,한밭,
20230530LTLG0_롯데,2023-05-30,롯데,LG,A,Final,Loss,1.0,3.0,잠실,
20230530LTLG0_LG,2023-05-30,LG,롯데,H,Final,Win,3.0,1.0,잠실,
20230530SSSK0_삼성,2023-05-30,삼성,SSG,A,Final,Loss,2.0,3.0,문학,
20230530SSSK0_SSG,2023-05-30,SSG,삼성,H,Final,Win,3.0,2.0,문학,
20230530KTHT0_KT,2023-05-30,KT,KIA,A,Final,Loss,1.0,6.0,광주,
20230530KTHT0_KIA,2023-05-30,KIA,KT,H,Final,Win,6.0,1.0,광주,
20230530OBNC0_두산,2023-05-30,두산,NC,A,Final,Loss,0.0,5.0,창원,
20230530OBNC0_NC,2023-05-30,NC,두산,H,Final,Win,5.0,0.0,창원,
20230531WOHH0_키움,2023-05-31,키움,한화,A,Final,Win,15.0,3.0,한밭,
20230531WOHH0_한화,2023-05-31,한화,키움,H,Final,Loss,3.0,15.0,한밭,
20230531LTLG0_롯데,2023-05-31,롯데,LG,A,Final,Win,7.0,1.0,잠실,
20230531LTLG0_LG,2023-05-31,LG,롯데,H,Final,Loss,1.0,7.0,잠실,
20230531SSSK0_삼성,2023-05-31,삼성,SSG,A,Final,Win,3.0,2.0,문학,
20230531SSSK0_SSG,2023-05-31,SSG,삼성,H,Final,Loss,2.0,3.0,문학,
20230531KTHT0_KT,2023-05-31,KT,KIA,A,Final,Loss,1.0,7.0,광주,
20230531KTHT0_KIA,2023-05-31,KIA,KT,H,Final,Win,7.0,1.0,광주,
20230531OBNC0_두산,2023-05-31,두산,NC,A,Final,Win,3.0,2.0,창원,
20230531OBNC0_NC,2023-05-31,NC,두산,H,Final,Loss,2.0,3.0,창원,
20230601WOHH0_키움,2023-06-01,키움,한화,A,Final,Loss,3.0,7.0,한밭,
20230601WOHH0_한화,2023-06-01,한화,키움,H,Final,Win,7.0,3.0,한밭,
20230601LTLG0_롯데,2023-06-01,롯데,LG,A,Final,Loss,1.0,6.0,잠실,
20230601LTLG0_LG,2023-06-01,LG,롯데,H,Final,Win,6.0,1.0,잠실,
20230601SSSK0_삼성,2023-06-01,삼성,SSG,A,Final,Loss,2.0,14.0,문학,
20230601SSSK0_SSG,2023-06-01,SSG,삼성,H,Final,Win,14.0,2.0,문학,
20230602SSHH0_삼성,2023-06-02,삼성,한화,A,Final,Win,8.0,7.0,한밭,
20230602SSHH0_한화,2023-06-02,한화,삼성,H,Final,Loss,7.0,8.0,한밭,
20230602NCLG0_NC,2023-06-02,NC,LG,A,Final,Win,9.0,2.0,잠실,
20230602NCLG0_LG,2023-06-02,LG,NC,H,Final,Loss,2.0,9.0,잠실,
20230602HTLT0_KIA,2023-06-02,KIA,롯데,A,Final,Loss,2.0,14.0,사직,
20230602HTLT0_롯데,2023-06-02,롯데,KIA,H,Final,Win,14.0,2.0,사직,
20230602WOSK0_키움,2023-06-02,키움,SSG,A,Final,Loss,2.0,3.0,문학,
20230602WOSK0_SSG,2023-06-02,SSG,키움,H,Final,Win,3.0,2.0,문학,
20230602OBKT0_두산,2023-06-02,두산,KT,A,Final,Win,10.0,1.0,수원,
20230602OBKT0_KT,2023-06-02,KT,두산,H,Final,Loss,1.0,10.0,수원,
20230603SSHH0_삼성,2023-06-03,삼성,한화,A,Final,Win,7.0,2.0,한밭,
20230603SSHH0_한화,2023-06-03,한화,삼성,H,Final,Loss,2.0,7.0,한밭,
20230603NCLG0_NC,2023-06-03,NC,LG,A,Final,Win,7.0,3.0,잠실,
20230603NCLG0_LG,2023-06-03,LG,NC,H,Final,Loss,3.0,7.0,잠실,
20230603HTLT0_KIA,2023-06-03,KIA,롯데,A,Final,Loss,5.0,6.0,사직,
20230603HTLT0_롯데,2023-06-03,롯데,KIA,H,Final,Win,6.0,5.0,사직,
20230603WOSK0_키움,2023-06-03,키움,SSG,A,Final,Loss,1.0,2.0,문학,
20230603WOSK0_SSG,2023-06-03,SSG,키움,H,Final,Win,2.0,1.0,문학,
20230603OBKT0_두산,2023-06-03,두산,KT,A,Final,Loss,3.0,13.0,수원,
20230603OBKT0_KT,2023-06-03,KT,두산,H,Final,Win,13.0,3.0,수원,
20230604HTLT0_KIA,2023-06-04,KIA,롯데,A,Final,Win,6.0,0.0,사직,
20230604HTLT0_롯데,2023-06-04,롯데,KIA,H,Final,Loss,0.0,6.0,사직,
20230604SSHH0_삼성,2023-06-04,삼성,한화,A,Final,Loss,5.0,10.0,한밭,
20230604SSHH0_한화,2023-06-04,한화,삼성,H,Final,Win,10.0,5.0,한밭,
20230604NCLG0_NC,2023-06-04,NC,LG,A,Final,Win,3.0,1.0,잠실,
20230604NCLG0_LG,2023-06-04,LG,NC,H,Final,Loss,1.0,3.0,잠실,
20230604WOSK0_키움,2023-06-04,키움,SSG,A,Final,Win,4.0,3.0,문학,
20230604WOSK0_SSG,2023-06-04,SSG,키움,H,Final,Loss,3.0,4.0,문학,
20230604OBKT0_두산,2023-06-04,두산,KT,A,Final,Loss,2.0,5.0,수원,
20230604OBKT0_KT,2023-06-04,KT,두산,H,Final,Win,5.0,2.0,수원,
20230606HHOB0_한화,2023-06-06,한화,두산,A,Final,Loss,1.0,4.0,잠실,
20230606HHOB0_두산,2023-06-06,두산,한화,H,Final,Win,4.0,1.0,잠실,
20230606SKHT0_SSG,2023-06-06,SSG,KIA,A,Final,Win,2.0,1.0,광주,
20230606SKHT0_KIA,2023-06-06,KIA,SSG,H,Final,Loss,1.0,2.0,광주,
20230606LGWO0_LG,2023-06-06,LG,키움,A,Final,Win,9.0,1.0,고척,
20230606LGWO0_키움,2023-06-06,키움,LG,H,Final,Loss,1.0,9.0,고척,
20230606NCSS0_NC,2023-06-06,NC,삼성,A,Final,Loss,6.0,9.0,대구,
20230606NCSS0_삼성,2023-06-06,삼성,NC,H,Final,Win,9.0,6.0,대구,
20230606KTLT0_KT,2023-06-06,KT,롯데,A,Final,Win,4.0,1.0,사직,
20230606KTLT0_롯데,2023-06-06,롯데,KT,H,Final,Loss,1.0,4.0,사직,
20230607HHOB0_한화,2023-06-07,한화,두산,A,Final,Loss,3.0,6.0,잠실,
20230607HHOB0_두산,2023-06-07,두산,한화,H,Final,Win,6.0,3.0,잠실,
20230607NCSS0_NC,2023-06-07,NC,삼성,A,Final,Win,4.0,0.0,대구,
20230607NCSS0_삼성,2023-06-07,삼성,NC,H,Final,Loss,0.0,4.0,대구,
20230607KTLT0_KT,2023-06-07,KT,롯데,A,Final,Win,3.0,2.0,사직,
20230607KTLT0_롯데,2023-06-07,롯데,KT,H,Final,Loss,2.0,3.0,사직,
20230607SKHT0_SSG,2023-06-07,SSG,KIA,A,Final,Win,9.0,8.0,광주,
20230607SKHT0_KIA,2023-06-07,KIA,SSG,H,Final,Loss,8.0,9.0,광주,
20230608HHOB0_한화,2023-06-08,한화,두산,A,Final,Loss,1.0,2.0,잠실,
20230608HHOB0_두산,2023-06-08,두산,한화,H,Final,Win,2.0,1.0,잠실,
20230608NCSS0_NC,2023-06-08,NC,삼성,A,Final,Win,7.0,1.0,대구,
20230608NCSS0_삼성,2023-06-08,삼성,NC,H,Final,Loss,1.0,7.0,대구,
20230608KTLT0_KT,2023-06-08,KT,롯데,A,Final,Win,7.0,6.0,사직,
20230608KTLT0_롯데,2023-06-08,롯데,KT,H,Final,Loss,6.0,7.0,사직,
20230608SKHT0_SSG,2023-06-08,SSG,KIA,A,Final,Win,5.0,4.0,광주,
20230608SKHT0_KIA,2023-06-08,KIA,SSG,H,Final,Loss,4.0,5.0,광주,
20230608LGWO0_LG,2023-06-08,LG,키움,A,Final,Loss,0.0,13.0,고척,
20230608LGWO0_키움,2023-06-08,키움,LG,H,Final,Win,13.0,0.0,고척,
20230609LGHH0_LG,2023-06-09,LG,한화,A,Final,Loss,5.0,6.0,한밭,
20230609LGHH0_한화,2023-06-09,한화,LG,H,Final,Win,6.0,5.0,한밭,
20230609HTOB0_KIA,2023-06-09,KIA,두산,A,Final,Win,7.0,3.0,잠실,
20230609HTOB0_두산,2023-06-09,두산,KIA,H,Final,Loss,3.0,7.0,잠실,
20230609LTSS0_롯데,2023-06-09,롯데,삼성,A,Final,Win,5.0,1.0,대구,
20230609LTSS0_삼성,2023-06-09,삼성,롯데,H,Final,Loss,1.0,5.0,대구,
20230609WOKT0_키움,2023-06-09,키움,KT,A,Final,Loss,2.0,3.0,수원,
20230609WOKT0_KT,2023-06-09,KT,키움,H,Final,Win,3.0,2.0,수원,
20230609SKNC0_SSG,2023-06-09,SSG,NC,A,Final,Loss,2.0,5.0,창원,
20230609SKNC0_NC,2023-06-09,NC,SSG,H,Final,Win,5.0,2.0,창원,
20230610LGHH0_LG,2023-06-10,LG,한화,A,Final,Loss,0.0,7.0,한밭,
20230610LGHH0_한화,2023-06-10,한화,LG,H,Final,Win,7.0,0.0,한밭,
20230610HTOB0_KIA,2023-06-10,KIA,두산,A,Final,Win,6.0,3.0,잠실,
20230610HTOB0_두산,2023-06-10,두산,KIA,H,Final,Loss,3.0,6.0,잠실,
20230610LTSS0_롯데,2023-06-10,롯데,삼성,A,Final,Loss,7.0,9.0,대구,
20230610LTSS0_삼성,2023-06-10,삼성,롯데,H,Final,Win,9.0,7.0,대구,
20230610WOKT0_키움,2023-06-10,키움,KT,A,Final,Win,5.0,2.0,수원,
20230610WOKT0_KT,2023-06-10,KT,키움,H,Final,Loss,2.0,5.0,수원,
20230610SKNC0_SSG,2023-06-10,SSG,NC,A,Final,Loss,0.0,7.0,창원,
20230610SKNC0_NC,2023-06-10,NC,SSG,H,Final,Win,7.0,0.0,창원,
20230611LGHH0_LG,2023-06-11,LG,한화,A,Final,Win,13.0,7.0,한밭,
20230611LGHH0_한화,2023-06-11,한화,LG,H,Final,Loss,7.0,13.0,한밭,
20230611HTOB0_KIA,2023-06-11,KIA,두산,A,Final,Loss,2.0,3.0,잠실,
20230611HTOB0_두산,2023-06-11,두산,KIA,H,Final,Win,3.0,2.0,잠실,
20230611LTSS0_롯데,2023-06-11,롯데,삼성,A,Final,Loss,4.0,6.0,대구,
20230611LTSS0_삼성,2023-06-11,삼성,롯데,H,Final,Win,6.0,4.0,대구,
20230611WOKT0_키움,2023-06-11,키움,KT,A,Final,Win,14.0,5.0,수원,
20230611WOKT0_KT,2023-06-11,KT,키움,H,Final,Loss,5.0,14.0,수원,
20230611SKNC0_SSG,2023-06-11,SSG,NC,A,Final,Loss,4.0,8.0,창원,
20230611SKNC0_NC,2023-06-11,NC,SSG,H,Final,Win,8.0,4.0,창원,
20230613SSLG0_삼성,2023-06-13,삼성,LG,A,Final,Loss,1.0,2.0,잠실,
20230613SSLG0_LG,2023-06-13,LG,삼성,H,Final,Win,2.0,1.0,잠실,
20230613HHLT0_한화,2023-06-13,한화,롯데,A,Final,Loss,5.0,7.0,사직,
20230613HHLT0_롯데,2023-06-13,롯데,한화,H,Final,Win,7.0,5.0,사직,
20230613KTSK0_KT,2023-06-13,KT,SSG,A,Final,Loss,1.0,8.0,문학,
20230613KTSK0_SSG,2023-06-13,SSG,KT,H,Final,Win,8.0,1.0,문학,
20230613OBNC0_두산,2023-06-13,두산,NC,A,Final,Win,11.0,4.0,창원,
20230613OBNC0_NC,2023-06-13,NC,두산,H,Final,Loss,4.0,11.0,창원,
20230613HTWO0_KIA,2023-06-13,KIA,키움,A,Final,Loss,0.0,1.0,고척,
20230613HTWO0_키움,2023-06-13,키움,KIA,H,Final,Win,1.0,0.0,고척,
20230614SSLG0_삼성,2023-06-14,삼성,LG,A,Final,Loss,2.0,3.0,잠실,
20230614SSLG0_LG,2023-06-14,LG,삼성,H,Final,Win,3.0,2.0,잠실,
20230614HHLT0_한화,2023-06-14,한화,롯데,A,Final,Win,8.0,4.0,사직,
20230614HHLT0_롯데,2023-06-14,롯데,한화,H,Final,Loss,4.0,8.0,사직,
20230614KTSK0_KT,2023-06-14,KT,SSG,A,Final,Win,14.0,4.0,문학,
20230614KTSK0_SSG,2023-06-14,SSG,KT,H,Final,Loss,4.0,14.0,문학,
20230614OBNC0_두산,2023-06-14,두산,NC,A,Final,Loss,4.0,5.0,창원,
20230614OBNC0_NC,2023-06-14,NC,두산,H,Final,Win,5.0,4.0,창원,
20230614HTWO0_KIA,2023-06-14,KIA,키움,A,Final,Loss,1.0,2.0,고척,
20230614HTWO0_키움,2023-06-14,키움,KIA,H,Final,Win,2.0,1.0,고척,
20230615SSLG0_삼성,2023-06-15,삼성,LG,A,Final,Loss,3.0,9.0,잠실,
20230615SSLG0_LG,2023-06-15,LG,삼성,H,Final,Win,9.0,3.0,잠실,
20230615HHLT0_한화,2023-06-15,한화,롯데,A,Final,Win,5.0,4.0,사직,
20230615HHLT0_롯데,2023-06-15,롯데,한화,H,Final,Loss,4.0,5.0,사직,
20230615KTSK0_KT,2023-06-15,KT,SSG,A,Final,Win,7.0,3.0,문학,
20230615KTSK0_SSG,2023-06-15,SSG,KT,H,Final,Loss,3.0,7.0,문학,
20230615OBNC0_두산,2023-06-15,두산,NC,A,Final,Loss,3.0,10.0,창원,
20230615OBNC0_NC,2023-06-15,NC,두산,H,Final,Win,10.0,3.0,창원,
20230615HTWO0_KIA,2023-06-15,KIA,키움,A,Final,Win,8.0,4.0,고척,
20230615HTWO0_키움,2023-06-15,키움,KIA,H,Final,Loss,4.0,8.0,고척,
20230616OBLG0_두산,2023-06-16,두산,LG,A,Final,Loss,4.0,7.0,잠실,
20230616OBLG0_LG,2023-06-16,LG,두산,H,Final,Win,7.0,4.0,잠실,
20230616LTSK0_롯데,2023-06-16,롯데,SSG,A,Final,Loss,1.0,12.0,문학,
20230616LTSK0_SSG,2023-06-16,SSG,롯데,H,Final,Win,12.0,1.0,문학,
20230616NCHT0_NC,2023-06-16,NC,KIA,A,Final,Loss,11.0,13.0,광주,
20230616NCHT0_KIA,2023-06-16,KIA,NC,H,Final,Win,13.0,11.0,광주,
20230616SSKT0_삼성,2023-06-16,삼성,KT,A,Final,Loss,6.0,7.0,수원,
20230616SSKT0_KT,2023-06-16,KT,삼성,H,Final,Win,7.0,6.0,수원,
20230617WOHH0_키움,2023-06-17,키움,한화,A,Final,Win,9.0,6.0,한밭,
20230617WOHH0_한화,2023-06-17,한화,키움,H,Final,Loss,6.0,9.0,한밭,
20230617OBLG0_두산,2023-06-17,두산,LG,A,Final,Win,7.0,4.0,잠실,
20230617OBLG0_LG,2023-06-17,LG,두산,H,Final,Loss,4.0,7.0,잠실,
20230617LTSK0_롯데,2023-06-17,롯데,SSG,A,Final,Loss,5.0,8.0,문학,
20230617LTSK0_SSG,2023-06-17,SSG,롯데,H,Final,Win,8.0,5.0,문학,
20230617NCHT0_NC,2023-06-17,NC,KIA,A,Final,Win,10.0,7.0,광주,
20230617NCHT0_KIA,2023-06-17,KIA,NC,H,Final,Loss,7.0,10.0,광주,
20230617SSKT0_삼성,2023-06-17,삼성,KT,A,Final,Loss,5.0,6.0,수원,
20230617SSKT0_KT,2023-06-17,KT,삼성,H,Final,Win,6.0,5.0,수원,
20230618WOHH0_키움,2023-06-18,키움,한화,A,Final,Win,6.0,5.0,한밭,
20230618WOHH0_한화,2023-06-18,한화,키움,H,Final,Loss,5.0,6.0,한밭,
20230618OBLG0_두산,2023-06-18,두산,LG,A,Final,Loss,3.0,15.0,잠실,
20230618OBLG0_LG,2023-06-18,LG,두산,H,Final,Win,15.0,3.0,잠실,
20230618LTSK0_롯데,2023-06-18,롯데,SSG,A,Final,Win,7.0,2.0,문학,
20230618LTSK0_SSG,2023-06-18,SSG,롯데,H,Final,Loss,2.0,7.0,문학,
20230618SSKT0_삼성,2023-06-18,삼성,KT,A,Final,Win,7.0,5.0,수원,
20230618SSKT0_KT,2023-06-18,KT,삼성,H,Final,Loss,5.0,7.0,수원,
20230620HTHH0_KIA,2023-06-20,KIA,한화,A,Final,Win,6.0,4.0,한밭,
20230620HTHH0_한화,2023-06-20,한화,KIA,H,Final,Loss,4.0,6.0,한밭,
20230620SKOB0_SSG,2023-06-20,SSG,두산,A,Final,Win,6.0,1.0,잠실,
20230620SKOB0_두산,2023-06-20,두산,SSG,H,Final,Loss,1.0,6.0,잠실,
20230620WOSS0_키움,2023-06-20,키움,삼성,A,Final,Win,7.0,2.0,대구,
20230620WOSS0_삼성,2023-06-20,삼성,키움,H,Final,Loss,2.0,7.0,대구,
20230620LTKT0_롯데,2023-06-20,롯데,KT,A,Final,Loss,2.0,5.0,수원,
20230620LTKT0_KT,2023-06-20,KT,롯데,H,Final,Win,5.0,2.0,수원,
20230620LGNC0_LG,2023-06-20,LG,NC,A,Final,Loss,4.0,8.0,창원,
20230620LGNC0_NC,2023-06-20,NC,LG,H,Final,Win,8.0,4.0,창원,
20230621HTHH0_KIA,2023-06-21,KIA,한화,A,Final,Loss,4.0,7.0,한밭,
20230621HTHH0_한화,2023-06-21,한화,KIA,H,Final,Win,7.0,4.0,한밭,
20230621SKOB0_SSG,2023-06-21,SSG,두산,A,Final,Win,3.0,1.0,잠실,
20230621SKOB0_두산,2023-06-21,두산,SSG,H,Final,Loss,1.0,3.0,잠실,
20230621WOSS0_키움,2023-06-21,키움,삼성,A,Final,Win,2.0,0.0,대구,
20230621WOSS0_삼성,2023-06-21,삼성,키움,H,Final,Loss,0.0,2.0,대구,
20230621LTKT0_롯데,2023-06-21,롯데,KT,A,Final,Loss,2.0,8.0,수원,
20230621LTKT0_KT,2023-06-21,KT,롯데,H,Final,Win,8.0,2.0,수원,
20230621LGNC0_LG,2023-06-21,LG,NC,A,Final,Win,9.0,3.0,창원,
20230621LGNC0_NC,2023-06-21,NC,LG,H,Final,Loss,3.0,9.0,창원,
20230622HTHH0_KIA,2023-06-22,KIA,한화,A,Final,Loss,0.0,1.0,한밭,
20230622HTHH0_한화,2023-06-22,한화,KIA,H,Final,Win,1.0,0.0,한밭,
20230622SKOB0_SSG,2023-06-22,SSG,두산,A,Final,Win,5.0,3.0,잠실,
20230622SKOB0_두산,2023-06-22,두산,SSG,H,Final,Loss,3.0,5.0,잠실,
20230622WOSS0_키움,2023-06-22,키움,삼성,A,Final,Win,2.0,1.0,대구,
20230622WOSS0_삼성,2023-06-22,삼성,키움,H,Final,Loss,1.0,2.0,대구,
20230622LTKT0_롯데,2023-06-22,롯데,KT,A,Final,Loss,2.0,4.0,수원,
20230622LTKT0_KT,2023-06-22,KT,롯데,H,Final,Win,4.0,2.0,수원,
20230622LGNC0_LG,2023-06-22,LG,NC,A,Final,Win,4.0,3.0,창원,
20230622LGNC0_NC,2023-06-22,NC,LG,H,Final,Loss,3.0,4.0,창원,
20230623LTLG0_롯데,2023-06-23,롯데,LG,A,Final,Win,2.0,1.0,잠실,
20230623LTLG0_LG,2023-06-23,LG,롯데,H,Final,Loss,1.0,2.0,잠실,
20230623SSSK0_삼성,2023-06-23,삼성,SSG,A,Final,Loss,0.0,6.0,문학,
20230623SSSK0_SSG,2023-06-23,SSG,삼성,H,Final,Win,6.0,0.0,문학,
20230623KTHT0_KT,2023-06-23,KT,KIA,A,Final,Win,10.0,3.0,광주,
20230623KTHT0_KIA,2023-06-23,KIA,KT,H,Final,Loss,3.0,10.0,광주,
20230623HHNC0_한화,2023-06-23,한화,NC,A,Final,Win,6.0,2.0,창원,
20230623HHNC0_NC,2023-06-23,NC,한화,H,Final,Loss,2.0,6.0,창원,
20230623OBWO0_두산,2023-06-23,두산,키움,A,Final,Win,2.0,1.0,고척,
20230623OBWO0_키움,2023-06-23,키움,두산,H,Final,Loss,1.0,2.0,고척,
20230624LTLG0_롯데,2023-06-24,롯데,LG,A,Final,Loss,1.0,9.0,잠실,
20230624LTLG0_LG,2023-06-24,LG,롯데,H,Final,Win,9.0,1.0,잠실,
20230624SSSK0_삼성,2023-06-24,삼성,SSG,A,Final,Loss,10.0,13.0,문학,
20230624SSSK0_SSG,2023-06-24,SSG,삼성,H,Final,Win,13.0,10.0,문학,
20230624KTHT0_KT,2023-06-24,KT,KIA,A,Final,Loss,1.0,4.0,광주,
20230624KTHT0_KIA,2023-06-24,KIA,KT,H,Final,Win,4.0,1.0,광주,
20230624HHNC0_한화,2023-06-24,한화,NC,A,Final,Win,7.0,1.0,창원,
20230624HHNC0_NC,2023-06-24,NC,한화,H,Final,Loss,1.0,7.0,창원,
20230624OBWO0_두산,2023-06-24,두산,키움,A,Final,Loss,2.0,4.0,고척,
20230624OBWO0_키움,2023-06-24,키움,두산,H,Final,Win,4.0,2.0,고척,
20230625OBWO0_두산,2023-06-25,두산,키움,A,Final,Win,17.0,2.0,고척,
20230625OBWO0_키움,2023-06-25,키움,두산,H,Final,Loss,2.0,17.0,고척,
20230625LTLG0_롯데,2023-06-25,롯데,LG,A,Final,Loss,3.0,7.0,잠실,
20230625LTLG0_LG,2023-06-25,LG,롯데,H,Final,Win,7.0,3.0,잠실,
20230625SSSK0_삼성,2023-06-25,삼성,SSG,A,Final,Win,5.0,2.0,문학,
20230625SSSK0_SSG,2023-06-25,SSG,삼성,H,Final,Loss,2.0,5.0,문학,
20230627KTHH0_KT,2023-06-27,KT,한화,A,Final,Loss,1.0,4.0,한밭,
20230627KTHH0_한화,2023-06-27,한화,KT,H,Final,Win,4.0,1.0,한밭,
20230627NCOB0_NC,2023-06-27,NC,두산,A,Final,Loss,2.0,3.0,잠실,
20230627NCOB0_두산,2023-06-27,두산,NC,H,Final,Win,3.0,2.0,잠실,
20230627SSLT0_삼성,2023-06-27,삼성,롯데,A,Final,Loss,3.0,5.0,사직,
20230627SSLT0_롯데,2023-06-27,롯데,삼성,H,Final,Win,5.0,3.0,사직,
20230627LGSK0_LG,2023-06-27,LG,SSG,A,Final,Win,14.0,0.0,문학,
20230627LGSK0_SSG,2023-06-27,SSG,LG,H,Final,Loss,0.0,14.0,문학,
20230627WOHT0_키움,2023-06-27,키움,KIA,A,Final,Win,8.0,1.0,광주,
20230627WOHT0_KIA,2023-06-27,KIA,키움,H,Final,Loss,1.0,8.0,광주,
20230628KTHH0_KT,2023-06-28,KT,한화,A,Final,Loss,4.0,6.0,한밭,
20230628KTHH0_한화,2023-06-28,한화,KT,H,Final,Win,6.0,4.0,한밭,
20230628NCOB0_NC,2023-06-28,NC,두산,A,Final,Win,4.0,1.0,잠실,
20230628NCOB0_두산,2023-06-28,두산,NC,H,Final,Loss,1.0,4.0,잠실,
20230628SSLT0_삼성,2023-06-28,삼성,롯데,A,Final,Loss,6.0,9.0,사직,
20230628SSLT0_롯데,2023-06-28,롯데,삼성,H,Final,Win,9.0,6.0,사직,
20230628LGSK0_LG,2023-06-28,LG,SSG,A,Final,Win,8.0,6.0,문학,
20230628LGSK0_SSG,2023-06-28,SSG,LG,H,Final,Loss,6.0,8.0,문학,
20230628WOHT0_키움,2023-06-28,키움,KIA,A,Final,Win,7.0,5.0,광주,
20230628WOHT0_KIA,2023-06-28,KIA,키움,H,Final,Loss,5.0,7.0,광주,
20230630HTLG0_KIA,2023-06-30,KIA,LG,A,Final,Loss,4.0,5.0,잠실,
20230630HTLG0_LG,2023-06-30,LG,KIA,H,Final,Win,5.0,4.0,잠실,
20230630HHSS0_한화,2023-06-30,한화,삼성,A,Final,Win,6.0,1.0,대구,
20230630HHSS0_삼성,2023-06-30,삼성,한화,H,Final,Loss,1.0,6.0,대구,
20230630NCKT0_NC,2023-06-30,NC,KT,A,Final,Loss,2.0,3.0,수원,
20230630NCKT0_KT,2023-06-30,KT,NC,H,Final,Win,3.0,2.0,수원,
20230630SKWO0_SSG,2023-06-30,SSG,키움,A,Final,Win,7.0,3.0,고척,
20230630SKWO0_키움,2023-06-30,키움,SSG,H,Final,Loss,3.0,7.0,고척,
20230630OBLT0_두산,2023-06-30,두산,롯데,A,Final,Loss,0.0,1.0,울산,
20230630OBLT0_롯데,2023-06-30,롯데,두산,H,Final,Win,1.0,0.0,울산,
20230701HTLG0_KIA,2023-07-01,KIA,LG,A,Final,Win,5.0,3.0,잠실,
20230701HTLG0_LG,2023-07-01,LG,KIA,H,Final,Loss,3.0,5.0,잠실,
20230701HHSS0_한화,2023-07-01,한화,삼성,A,Final,Win,10.0,4.0,대구,
20230701HHSS0_삼성,2023-07-01,삼성,한화,H,Final,Loss,4.0,10.0,대구,
20230701NCKT0_NC,2023-07-01,NC,KT,A,Final,Loss,6.0,7.0,수원,
20230701NCKT0_KT,2023-07-01,KT,NC,H,Final,Win,7.0,6.0,수원,
20230701SKWO0_SSG,2023-07-01,SSG,키움,A,Final,Loss,3.0,6.0,고척,
20230701SKWO0_키움,2023-07-01,키움,SSG,H,Final,Win,6.0,3.0,고척,
20230701OBLT0_두산,2023-07-01,두산,롯데,A,Final,Win,2.0,1.0,울산,
20230701OBLT0_롯데,2023-07-01,롯데,두산,H,Final,Loss,1.0,2.0,울산,
20230702SKWO0_SSG,2023-07-02,SSG,키움,A,Final,Win,9.0,5.0,고척,
20230702SKWO0_키움,2023-07-02,키움,SSG,H,Final,Loss,5.0,9.0,고척,
20230702HTLG0_KIA,2023-07-02,KIA,LG,A,Final,Loss,1.0,3.0,잠실,
20230702HTLG0_LG,2023-07-02,LG,KIA,H,Final,Win,3.0,1.0,잠실,
20230702HHSS0_한화,2023-07-02,한화,삼성,A,Final,Loss,1.0,2.0,대구,
20230702HHSS0_삼성,2023-07-02,삼성,한화,H,Final,Win,2.0,1.0,대구,
20230702NCKT0_NC,2023-07-02,NC,KT,A,Final,Loss,0.0,5.0,수원,
20230702NCKT0_KT,2023-07-02,KT,NC,H,Final,Win,5.0,0.0,수원,
20230702OBLT0_두산,2023-07-02,두산,롯데,A,Final,Win,4.0,2.0,울산,
20230702OBLT0_롯데,2023-07-02,롯데,두산,H,Final,Loss,2.0,4.0,울산,
20230704NCWO0_NC,2023-07-04,NC,키움,A,Final,Loss,4.0,8.0,고척,
20230704NCWO0_키움,2023-07-04,키움,NC,H,Final,Win,8.0,4.0,고척,
20230704OBSS0_두산,2023-07-04,두산,삼성,A,Final,Win,5.0,3.0,포항,
20230704OBSS0_삼성,2023-07-04,삼성,두산,H,Final,Loss,3.0,5.0,포항,
20230705LTHH0_롯데,2023-07-05,롯데,한화,A,Final,Loss,3.0,5.0,한밭,
20230705LTHH0_한화,2023-07-05,한화,롯데,H,Final,Win,5.0,3.0,한밭,
20230705KTLG0_KT,2023-07-05,KT,LG,A,Final,Win,8.0,4.0,잠실,
20230705KTLG0_LG,2023-07-05,LG,KT,H,Final,Loss,4.0,8.0,잠실,
20230705HTSK0_KIA,2023-07-05,KIA,SSG,A,Final,Win,17.0,3.0,문학,
20230705HTSK0_SSG,2023-07-05,SSG,KIA,H,Final,Loss,3.0,17.0,문학,
20230705NCWO0_NC,2023-07-05,NC,키움,A,Final,Loss,0.0,2.0,고척,
20230705NCWO0_키움,2023-07-05,키움,NC,H,Final,Win,2.0,0.0,고척,
20230705OBSS0_두산,2023-07-05,두산,삼성,A,Final,Win,7.0,4.0,포항,
20230705OBSS0_삼성,2023-07-05,삼성,두산,H,Final,Loss,4.0,7.0,포항,
20230706LTHH0_롯데,2023-07-06,롯데,한화,A,Final,Win,4.0,3.0,한밭,
20230706LTHH0_한화,2023-07-06,한화,롯데,H,Final,Loss,3.0,4.0,한밭,
20230706KTLG0_KT,2023-07-06,KT,LG,A,Final,Loss,7.0,8.0,잠실,
20230706KTLG0_LG,2023-07-06,LG,KT,H,Final,Win,8.0,7.0,잠실,
20230706HTSK0_KIA,2023-07-06,KIA,SSG,A,Final,Win,7.0,6.0,문학,
20230706HTSK0_SSG,2023-07-06,SSG,KIA,H,Final,Loss,6.0,7.0,문학,
20230706NCWO0_NC,2023-07-06,NC,키움,A,Final,Win,5.0,4.0,고척,
20230706NCWO0_키움,2023-07-06,키움,NC,H,Final,Loss,4.0,5.0,고척,
20230706OBSS0_두산,2023-07-06,두산,삼성,A,Final,Win,5.0,1.0,포항,
20230706OBSS0_삼성,2023-07-06,삼성,두산,H,Final,Loss,1.0,5.0,포항,
20230707WOOB0_키움,2023-07-07,키움,두산,A,Final,Loss,0.0,10.0,잠실,
20230707WOOB0_두산,2023-07-07,두산,키움,H,Final,Win,10.0,0.0,잠실,
20230707HTKT0_KIA,2023-07-07,KIA,KT,A,Final,Win,6.0,2.0,수원,
20230707HTKT0_KT,2023-07-07,KT,KIA,H,Final,Loss,2.0,6.0,수원,
20230708SKHH0_SSG,2023-07-08,SSG,한화,A,Final,Win,9.0,7.0,한밭,
20230708SKHH0_한화,2023-07-08,한화,SSG,H,Final,Loss,7.0,9.0,한밭,
20230708WOOB0_키움,2023-07-08,키움,두산,A,Final,Loss,2.0,5.0,잠실,
20230708WOOB0_두산,2023-07-08,두산,키움,H,Final,Win,5.0,2.0,잠실,
20230708LGLT0_LG,2023-07-08,LG,롯데,A,Final,Win,12.0,3.0,사직,
20230708LGLT0_롯데,2023-07-08,롯데,LG,H,Final,Loss,3.0,12.0,사직,
20230708HTKT0_KIA,2023-07-08,KIA,KT,A,Final,Win,7.0,0.0,수원,
20230708HTKT0_KT,2023-07-08,KT,KIA,H,Final,Loss,0.0,7.0,수원,
20230708SSNC0_삼성,2023-07-08,삼성,NC,A,Final,Win,8.0,0.0,창원,
20230708SSNC0_NC,2023-07-08,NC,삼성,H,Final,Loss,0.0,8.0,창원,
20230709SKHH0_SSG,2023-07-09,SSG,한화,A,Final,Loss,0.0,7.0,한밭,
20230709SKHH0_한화,2023-07-09,한화,SSG,H,Final,Win,7.0,0.0,한밭,
20230709WOOB0_키움,2023-07-09,키움,두산,A,Final,Loss,2.0,9.0,잠실,
20230709WOOB0_두산,2023-07-09,두산,키움,H,Final,Win,9.0,2.0,잠실,
20230709LGLT0_LG,2023-07-09,LG,롯데,A,Final,Loss,4.0,7.0,사직,
20230709LGLT0_롯데,2023-07-09,롯데,LG,H,Final,Win,7.0,4.0,사직,
20230709HTKT0_KIA,2023-07-09,KIA,KT,A,Final,Win,5.0,1.0,수원,
20230709HTKT0_KT,2023-07-09,KT,KIA,H,Final,Loss,1.0,5.0,수원,
20230709SSNC0_삼성,2023-07-09,삼성,NC,A,Final,Win,7.0,0.0,창원,
20230709SSNC0_NC,2023-07-09,NC,삼성,H,Final,Loss,0.0,7.0,창원,
20230711KTWO0_KT,2023-07-11,KT,키움,A,Final,Win,4.0,2.0,고척,
20230711KTWO0_키움,2023-07-11,키움,KT,H,Final,Loss,2.0,4.0,고척,
20230712HHLG0_한화,2023-07-12,한화,LG,A,Final,Win,2.0,1.0,잠실,
20230712HHLG0_LG,2023-07-12,LG,한화,H,Final,Loss,1.0,2.0,잠실,
20230712OBSK0_두산,2023-07-12,두산,SSG,A,Final,Win,4.0,1.0,문학,
20230712OBSK0_SSG,2023-07-12,SSG,두산,H,Final,Loss,1.0,4.0,문학,
20230712SSHT0_삼성,2023-07-12,삼성,KIA,A,Final,Loss,2.0,3.0,광주,
20230712SSHT0_KIA,2023-07-12,KIA,삼성,H,Final,Win,3.0,2.0,광주,
20230712LTNC0_롯데,2023-07-12,롯데,NC,A,Final,Loss,2.0,11.0,창원,
20230712LTNC0_NC,2023-07-12,NC,롯데,H,Final,Win,11.0,2.0,창원,
20230712KTWO0_KT,2023-07-12,KT,키움,A,Final,Win,4.0,3.0,고척,
20230712KTWO0_키움,2023-07-12,키움,KT,H,Final,Loss,3.0,4.0,고척,
20230713SSHT0_삼성,2023-07-13,삼성,KIA,A,Final,Win,4.0,1.0,광주,
20230713SSHT0_KIA,2023-07-13,KIA,삼성,H,Final,Loss,1.0,4.0,광주,
20230713LTNC0_롯데,2023-07-13,롯데,NC,A,Final,Loss,3.0,13.0,창원,
20230713LTNC0_NC,2023-07-13,NC,롯데,H,Final,Win,13.0,3.0,창원,
20230713KTWO0_KT,2023-07-13,KT,키움,A,Final,Win,9.0,0.0,고척,
20230713KTWO0_키움,2023-07-13,키움,KT,H,Final,Loss,0.0,9.0,고척,
20230721NCHH0_NC,2023-07-21,NC,한화,A,Final,Win,9.0,3.0,한밭,
20230721NCHH0_한화,2023-07-21,한화,NC,H,Final,Loss,3.0,9.0,한밭,
20230721SKLG0_SSG,2023-07-21,SSG,LG,A,Final,Win,6.0,4.0,잠실,
20230721SKLG0_LG,2023-07-21,LG,SSG,H,Final,Loss,4.0,6.0,잠실,
20230721KTSS0_KT,2023-07-21,KT,삼성,A,Final,Win,7.0,2.0,대구,
20230721KTSS0_삼성,2023-07-21,삼성,KT,H,Final,Loss,2.0,7.0,대구,
20230721WOLT0_키움,2023-07-21,키움,롯데,A,Final,Loss,0.0,2.0,사직,
20230721WOLT0_롯데,2023-07-21,롯데,키움,H,Final,Win,2.0,0.0,사직,
20230721OBHT0_두산,2023-07-21,두산,KIA,A,Final,Win,5.0,2.0,광주,
20230721OBHT0_KIA,2023-07-21,KIA,두산,H,Final,Loss,2.0,5.0,광주,
20230722NCHH0_NC,2023-07-22,NC,한화,A,Final,Win,7.0,5.0,한밭,
20230722NCHH0_한화,2023-07-22,한화,NC,H,Final,Loss,5.0,7.0,한밭,
20230722KTSS0_KT,2023-07-22,KT,삼성,A,Final,Loss,2.0,5.0,대구,
20230722KTSS0_삼성,2023-07-22,삼성,KT,H,Final,Win,5.0,2.0,대구,
20230722WOLT0_키움,2023-07-22,키움,롯데,A,Final,Win,5.0,3.0,사직,
20230722WOLT0_롯데,2023-07-22,롯데,키움,H,Final,Loss,3.0,5.0,사직,
20230723KTSS0_KT,2023-07-23,KT,삼성,A,Final,Win,8.0,7.0,대구,
20230723KTSS0_삼성,2023-07-23,삼성,KT,H,Final,Loss,7.0,8.0,대구,
20230723WOLT0_키움,2023-07-23,키움,롯데,A,Final,Win,7.0,6.0,사직,
20230723WOLT0_롯데,2023-07-23,롯데,키움,H,Final,Loss,6.0,7.0,사직,
20230725LTOB0_롯데,2023-07-25,롯데,두산,A,Final,Loss,5.0,8.0,잠실,
20230725LTOB0_두산,2023-07-25,두산,롯데,H,Final,Win,8.0,5.0,잠실,
20230725SKSS0_SSG,2023-07-25,SSG,삼성,A,Final,Loss,1.0,5.0,대구,
20230725SKSS0_삼성,2023-07-25,삼성,SSG,H,Final,Win,5.0,1.0,대구,
20230725LGKT0_LG,2023-07-25,LG,KT,A,Final,Loss,1.0,4.0,수원,
20230725LGKT0_KT,2023-07-25,KT,LG,H,Final,Win,4.0,1.0,수원,
20230725HTNC0_KIA,2023-07-25,KIA,NC,A,Final,Loss,3.0,5.0,창원,
20230725HTNC0_NC,2023-07-25,NC,KIA,H,Final,Win,5.0,3.0,창원,
20230725HHWO0_한화,2023-07-25,한화,키움,A,Final,Win,16.0,6.0,고척,
20230725HHWO0_키움,2023-07-25,키움,한화,H,Final,Loss,6.0,16.0,고척,
20230726LTOB0_롯데,2023-07-26,롯데,두산,A,Final,Win,7.0,2.0,잠실,
20230726LTOB0_두산,2023-07-26,두산,롯데,H,Final,Loss,2.0,7.0,잠실,
20230726SKSS0_SSG,2023-07-26,SSG,삼성,A,Final,Win,8.0,7.0,대구,
20230726SKSS0_삼성,2023-07-26,삼성,SSG,H,Final,Loss,7.0,8.0,대구,
20230726LGKT0_LG,2023-07-26,LG,KT,A,Final,Loss,3.0,4.0,수원,
20230726LGKT0_KT,2023-07-26,KT,LG,H,Final,Win,4.0,3.0,수원,
20230726HTNC0_KIA,2023-07-26,KIA,NC,A,Final,Win,13.0,3.0,창원,
20230726HTNC0_NC,2023-07-26,NC,KIA,H,Final,Loss,3.0,13.0,창원,
20230726HHWO0_한화,2023-07-26,한화,키움,A,Final,Win,5.0,4.0,고척,
20230726HHWO0_키움,2023-07-26,키움,한화,H,Final,Loss,4.0,5.0,고척,
20230727LTOB0_롯데,2023-07-27,롯데,두산,A,Final,Win,9.0,1.0,잠실,
20230727LTOB0_두산,2023-07-27,두산,롯데,H,Final,Loss,1.0,9.0,잠실,
20230727SKSS0_SSG,2023-07-27,SSG,삼성,A,Final,Loss,5.0,6.0,대구,
20230727SKSS0_삼성,2023-07-27,삼성,SSG,H,Final,Win,6.0,5.0,대구,
20230727LGKT0_LG,2023-07-27,LG,KT,A,Final,Win,9.0,6.0,수원,
20230727LGKT0_KT,2023-07-27,KT,LG,H,Final,Loss,6.0,9.0,수원,
20230727HTNC0_KIA,2023-07-27,KIA,NC,A,Final,Loss,0.0,4.0,창원,
20230727HTNC0_NC,2023-07-27,NC,KIA,H,Final,Win,4.0,0.0,창원,
20230727HHWO0_한화,2023-07-27,한화,키움,A,Final,Loss,0.0,2.0,고척,
20230727HHWO0_키움,2023-07-27,키움,한화,H,Final,Win,2.0,0.0,고척,
20230728LGOB0_LG,2023-07-28,LG,두산,A,Final,Win,9.0,2.0,잠실,
20230728LGOB0_두산,2023-07-28,두산,LG,H,Final,Loss,2.0,9.0,잠실,
20230728HHSK0_한화,2023-07-28,한화,SSG,A,Final,Win,4.0,3.0,문학,
20230728HHSK0_SSG,2023-07-28,SSG,한화,H,Final,Loss,3.0,4.0,문학,
20230728LTHT0_롯데,2023-07-28,롯데,KIA,A,Final,Loss,5.0,6.0,광주,
20230728LTHT0_KIA,2023-07-28,KIA,롯데,H,Final,Win,6.0,5.0,광주,
20230728KTNC0_KT,2023-07-28,KT,NC,A,Final,Win,10.0,2.0,창원,
20230728KTNC0_NC,2023-07-28,NC,KT,H,Final,Loss,2.0,10.0,창원,
20230729LGOB0_LG,2023-07-29,LG,두산,A,Final,Win,7.0,6.0,잠실,
20230729LGOB0_두산,2023-07-29,두산,LG,H,Final,Loss,6.0,7.0,잠실,
20230729HHSK0_한화,2023-07-29,한화,SSG,A,Final,Loss,3.0,6.0,문학,
20230729HHSK0_SSG,2023-07-29,SSG,한화,H,Final,Win,6.0,3.0,문학,
20230729LTHT0_롯데,2023-07-29,롯데,KIA,A,Final,Loss,1.0,4.0,광주,
20230729LTHT0_KIA,2023-07-29,KIA,롯데,H,Final,Win,4.0,1.0,광주,
20230729KTNC0_KT,2023-07-29,KT,NC,A,Final,Win,8.0,2.0,창원,
20230729KTNC0_NC,2023-07-29,NC,KT,H,Final,Loss,2.0,8.0,창원,
20230729SSWO0_삼성,2023-07-29,삼성,키움,A,Final,Win,7.0,2.0,고척,
20230729SSWO0_키움,2023-07-29,키움,삼성,H,Final,Loss,2.0,7.0,고척,
20230730SSWO0_삼성,2023-07-30,삼성,키움,A,Final,Win,10.0,6.0,고척,
20230730SSWO0_키움,2023-07-30,키움,삼성,H,Final,Loss,6.0,10.0,고척,
20230730LGOB0_LG,2023-07-30,LG,두산,A,Final,Win,10.0,0.0,잠실,
20230730LGOB0_두산,2023-07-30,두산,LG,H,Final,Loss,0.0,10.0,잠실,
20230730HHSK0_한화,2023-07-30,한화,SSG,A,Final,Loss,1.0,6.0,문학,
20230730HHSK0_SSG,2023-07-30,SSG,한화,H,Final,Win,6.0,1.0,문학,
20230730LTHT0_롯데,2023-07-30,롯데,KIA,A,Final,Loss,3.0,6.0,광주,
20230730LTHT0_KIA,2023-07-30,KIA,롯데,H,Final,Win,6.0,3.0,광주,
20230730KTNC0_KT,2023-07-30,KT,NC,A,Final,Win,5.0,2.0,창원,
20230730KTNC0_NC,2023-07-30,NC,KT,H,Final,Loss,2.0,5.0,창원,
20230801OBHH0_두산,2023-08-01,두산,한화,A,Final,Win,8.0,3.0,한밭,
20230801OBHH0_한화,2023-08-01,한화,두산,H,Final,Loss,3.0,8.0,한밭,
20230801WOLG0_키움,2023-08-01,키움,LG,A,Final,Loss,2.0,4.0,잠실,
20230801WOLG0_LG,2023-08-01,LG,키움,H,Final,Win,4.0,2.0,잠실,
20230801NCLT0_NC,2023-08-01,NC,롯데,A,Final,Win,6.0,3.0,사직,
20230801NCLT0_롯데,2023-08-01,롯데,NC,H,Final,Loss,3.0,6.0,사직,
20230801SKKT0_SSG,2023-08-01,SSG,KT,A,Final,Loss,0.0,8.0,수원,
20230801SKKT0_KT,2023-08-01,KT,SSG,H,Final,Win,8.0,0.0,수원,
20230801HTSS0_KIA,2023-08-01,KIA,삼성,A,Final,Win,11.0,8.0,포항,
20230801HTSS0_삼성,2023-08-01,삼성,KIA,H,Final,Loss,8.0,11.0,포항,
20230802OBHH0_두산,2023-08-02,두산,한화,A,Final,Win,4.0,1.0,한밭,
20230802OBHH0_한화,2023-08-02,한화,두산,H,Final,Loss,1.0,4.0,한밭,
20230802WOLG0_키움,2023-08-02,키움,LG,A,Final,Loss,3.0,6.0,잠실,
20230802WOLG0_LG,2023-08-02,LG,키움,H,Final,Win,6.0,3.0,잠실,
20230802NCLT0_NC,2023-08-02,NC,롯데,A,Final,Loss,3.0,6.0,사직,
20230802NCLT0_롯데,2023-08-02,롯데,NC,H,Final,Win,6.0,3.0,사직,
20230802SKKT0_SSG,2023-08-02,SSG,KT,A,Final,Loss,0.0,1.0,수원,
20230802SKKT0_KT,2023-08-02,KT,SSG,H,Final,Win,1.0,0.0,수원,
20230802HTSS0_KIA,2023-08-02,KIA,삼성,A,Final,Loss,6.0,7.0,포항,
20230802HTSS0_삼성,2023-08-02,삼성,KIA,H,Final,Win,7.0,6.0,포항,
20230803OBHH0_두산,2023-08-03,두산,한화,A,Final,Loss,2.0,5.0,한밭,
20230803OBHH0_한화,2023-08-03,한화,두산,H,Final,Win,5.0,2.0,한밭,
20230803WOLG0_키움,2023-08-03,키움,LG,A,Final,Loss,4.0,5.0,잠실,
20230803WOLG0_LG,2023-08-03,LG,키움,H,Final,Win,5.0,4.0,잠실,
20230803NCLT0_NC,2023-08-03,NC,롯데,A,Final,Win,8.0,1.0,사직,
20230803NCLT0_롯데,2023-08-03,롯데,NC,H,Final,Loss,1.0,8.0,사직,
20230803SKKT0_SSG,2023-08-03,SSG,KT,A,Final,Loss,1.0,3.0,수원,
20230803SKKT0_KT,2023-08-03,KT,SSG,H,Final,Win,3.0,1.0,수원,
20230803HTSS0_KIA,2023-08-03,KIA,삼성,A,Final,Win,12.0,8.0,포항,
20230803HTSS0_삼성,2023-08-03,삼성,KIA,H,Final,Loss,8.0,12.0,포항,
20230804KTOB0_KT,2023-08-04,KT,두산,A,Final,Win,4.0,3.0,잠실,
20230804KTOB0_두산,2023-08-04,두산,KT,H,Final,Loss,3.0,4.0,잠실,
20230804LGSS0_LG,2023-08-04,LG,삼성,A,Final,Loss,4.0,5.0,대구,
20230804LGSS0_삼성,2023-08-04,삼성,LG,H,Final,Win,5.0,4.0,대구,
20230804SKLT0_SSG,2023-08-04,SSG,롯데,A,Final,Win,4.0,1.0,사직,
20230804SKLT0_롯데,2023-08-04,롯데,SSG,H,Final,Loss,1.0,4.0,사직,
20230804HHHT0_한화,2023-08-04,한화,KIA,A,Final,Loss,3.0,9.0,광주,
20230804HHHT0_KIA,2023-08-04,KIA,한화,H,Final,Win,9.0,3.0,광주,
20230804WONC0_키움,2023-08-04,키움,NC,A,Final,Loss,2.0,4.0,창원,
20230804WONC0_NC,2023-08-04,NC,키움,H,Final,Win,4.0,2.0,창원,
20230805KTOB0_KT,2023-08-05,KT,두산,A,Final,Loss,4.0,7.0,잠실,
20230805KTOB0_두산,2023-08-05,두산,KT,H,Final,Win,7.0,4.0,잠실,
20230805LGSS0_LG,2023-08-05,LG,삼성,A,Final,Loss,3.0,6.0,대구,
20230805LGSS0_삼성,2023-08-05,삼성,LG,H,Final,Win,6.0,3.0,대구,
20230805SKLT0_SSG,2023-08-05,SSG,롯데,A,Final,Win,9.0,6.0,사직,
20230805SKLT0_롯데,2023-08-05,롯데,SSG,H,Final,Loss,6.0,9.0,사직,
20230805HHHT0_한화,2023-08-05,한화,KIA,A,Final,Loss,3.0,9.0,광주,
20230805HHHT0_KIA,2023-08-05,KIA,한화,H,Final,Win,9.0,3.0,광주,
20230805WONC0_키움,2023-08-05,키움,NC,A,Final,Loss,3.0,4.0,창원,
20230805WONC0_NC,2023-08-05,NC,키움,H,Final,Win,4.0,3.0,창원,
20230806KTOB0_KT,2023-08-06,KT,두산,A,Final,Win,3.0,1.0,잠실,
20230806KTOB0_두산,2023-08-06,두산,KT,H,Final,Loss,1.0,3.0,잠실,
20230806LGSS0_LG,2023-08-06,LG,삼성,A,Final,Win,7.0,4.0,대구,
20230806LGSS0_삼성,2023-08-06,삼성,LG,H,Final,Loss,4.0,7.0,대구,
20230806SKLT0_SSG,2023-08-06,SSG,롯데,A,Final,Loss,0.0,1.0,사직,
20230806SKLT0_롯데,2023-08-06,롯데,SSG,H,Final,Win,1.0,0.0,사직,
20230806WONC0_키움,2023-08-06,키움,NC,A,Final,Loss,7.0,12.0,창원,
20230806WONC0_NC,2023-08-06,NC,키움,H,Final,Win,12.0,7.0,창원,
20230808SSOB0_삼성,2023-08-08,삼성,두산,A,Final,Loss,3.0,5.0,잠실,
20230808SSOB0_두산,2023-08-08,두산,삼성,H,Final,Win,5.0,3.0,잠실,
20230808NCSK0_NC,2023-08-08,NC,SSG,A,Final,Win,2.0,0.0,문학,
20230808NCSK0_SSG,2023-08-08,SSG,NC,H,Final,Loss,0.0,2.0,문학,
20230808HHKT0_한화,2023-08-08,한화,KT,A,Final,Loss,2.0,7.0,수원,
20230808HHKT0_KT,2023-08-08,KT,한화,H,Final,Win,7.0,2.0,수원,
20230808LTWO0_롯데,2023-08-08,롯데,키움,A,Final,Win,3.0,1.0,고척,
20230808LTWO0_키움,2023-08-08,키움,롯데,H,Final,Loss,1.0,3.0,고척,
20230809SSOB0_삼성,2023-08-09,삼성,두산,A,Final,Win,6.0,4.0,잠실,
20230809SSOB0_두산,2023-08-09,두산,삼성,H,Final,Loss,4.0,6.0,잠실,
20230809NCSK0_NC,2023-08-09,NC,SSG,A,Final,Loss,1.0,2.0,문학,
20230809NCSK0_SSG,2023-08-09,SSG,NC,H,Final,Win,2.0,1.0,문학,
20230809LGHT0_LG,2023-08-09,LG,KIA,A,Final,Win,6.0,2.0,광주,
20230809LGHT0_KIA,2023-08-09,KIA,LG,H,Final,Loss,2.0,6.0,광주,
20230809HHKT0_한화,2023-08-09,한화,KT,A,Final,Loss,6.0,12.0,수원,
20230809HHKT0_KT,2023-08-09,KT,한화,H,Final,Win,12.0,6.0,수원,
20230809LTWO0_롯데,2023-08-09,롯데,키움,A,Final,Loss,8.0,10.0,고척,
20230809LTWO0_키움,2023-08-09,키움,롯데,H,Final,Win,10.0,8.0,고척,
20230810LTWO0_롯데,2023-08-10,롯데,키움,A,Final,Win,12.0,8.0,고척,
20230810LTWO0_키움,2023-08-10,키움,롯데,H,Final,Loss,8.0,12.0,고척,
20230811OBHH0_두산,2023-08-11,두산,한화,A,Final,Win,11.0,4.0,한밭,
20230811OBHH0_한화,2023-08-11,한화,두산,H,Final,Loss,4.0,11.0,한밭,
20230811WOLG0_키움,2023-08-11,키움,LG,A,Final,Loss,3.0,5.0,잠실,
20230811WOLG0_LG,2023-08-11,LG,키움,H,Final,Win,5.0,3.0,잠실,
20230811HTLT0_KIA,2023-08-11,KIA,롯데,A,Final,Loss,1.0,7.0,사직,
20230811HTLT0_롯데,2023-08-11,롯데,KIA,H,Final,Win,7.0,1.0,사직,
20230811SSSK0_삼성,2023-08-11,삼성,SSG,A,Final,Win,5.0,4.0,문학,
20230811SSSK0_SSG,2023-08-11,SSG,삼성,H,Final,Loss,4.0,5.0,문학,
20230811NCKT0_NC,2023-08-11,NC,KT,A,Final,Win,7.0,3.0,수원,
20230811NCKT0_KT,2023-08-11,KT,NC,H,Final,Loss,3.0,7.0,수원,
20230812OBHH0_두산,2023-08-12,두산,한화,A,Final,Loss,1.0,6.0,한밭,
20230812OBHH0_한화,2023-08-12,한화,두산,H,Final,Win,6.0,1.0,한밭,
20230812WOLG0_키움,2023-08-12,키움,LG,A,Final,Loss,4.0,8.0,잠실,
20230812WOLG0_LG,2023-08-12,LG,키움,H,Final,Win,8.0,4.0,잠실,
20230812HTLT0_KIA,2023-08-12,KIA,롯데,A,Final,Win,13.0,5.0,사직,
20230812HTLT0_롯데,2023-08-12,롯데,KIA,H,Final,Loss,5.0,13.0,사직,
20230812SSSK0_삼성,2023-08-12,삼성,SSG,A,Final,Loss,2.0,3.0,문학,
20230812SSSK0_SSG,2023-08-12,SSG,삼성,H,Final,Win,3.0,2.0,문학,
20230812NCKT0_NC,2023-08-12,NC,KT,A,Final,Loss,3.0,4.0,수원,
20230812NCKT0_KT,2023-08-12,KT,NC,H,Final,Win,4.0,3.0,수원,
20230813OBHH0_두산,2023-08-13,두산,한화,A,Final,Loss,3.0,8.0,한밭,
20230813OBHH0_한화,2023-08-13,한화,두산,H,Final,Win,8.0,3.0,한밭,
20230813WOLG0_키움,2023-08-13,키움,LG,A,Final,Loss,8.0,17.0,잠실,
20230813WOLG0_LG,2023-08-13,LG,키움,H,Final,Win,17.0,8.0,잠실,
20230813HTLT0_KIA,2023-08-13,KIA,롯데,A,Final,Loss,1.0,6.0,사직,
20230813HTLT0_롯데,2023-08-13,롯데,KIA,H,Final,Win,6.0,1.0,사직,
20230813SSSK0_삼성,2023-08-13,삼성,SSG,A,Final,Loss,0.0,4.0,문학,
20230813SSSK0_SSG,2023-08-13,SSG,삼성,H,Final,Win,4.0,0.0,문학,
20230813NCKT0_NC,2023-08-13,NC,KT,A,Final,Loss,0.0,4.0,수원,
20230813NCKT0_KT,2023-08-13,KT,NC,H,Final,Win,4.0,0.0,수원,
20230815KTOB0_KT,2023-08-15,KT,두산,A,Final,Win,1.0,0.0,잠실,
20230815KTOB0_두산,2023-08-15,두산,KT,H,Final,Loss,0.0,1.0,잠실,
20230815LGSS0_LG,2023-08-15,LG,삼성,A,Final,Loss,5.0,6.0,대구,
20230815LGSS0_삼성,2023-08-15,삼성,LG,H,Final,Win,6.0,5.0,대구,
20230815SKLT0_SSG,2023-08-15,SSG,롯데,A,Final,Loss,6.0,10.0,사직,
20230815SKLT0_롯데,2023-08-15,롯데,SSG,H,Final,Win,10.0,6.0,사직,
20230815WOHT0_키움,2023-08-15,키움,KIA,A,Final,Win,9.0,6.0,광주,
20230815WOHT0_KIA,2023-08-15,KIA,키움,H,Final,Loss,6.0,9.0,광주,
20230816KTOB0_KT,2023-08-16,KT,두산,A,Final,Win,5.0,2.0,잠실,
20230816KTOB0_두산,2023-08-16,두산,KT,H,Final,Loss,2.0,5.0,잠실,
20230816LGSS0_LG,2023-08-16,LG,삼성,A,Final,Win,6.0,3.0,대구,
20230816LGSS0_삼성,2023-08-16,삼성,LG,H,Final,Loss,3.0,6.0,대구,
20230816SKLT0_SSG,2023-08-16,SSG,롯데,A,Final,Loss,4.0,7.0,사직,
20230816SKLT0_롯데,2023-08-16,롯데,SSG,H,Final,Win,7.0,4.0,사직,
20230816WOHT0_키움,2023-08-16,키움,KIA,A,Final,Loss,3.0,11.0,광주,
20230816WOHT0_KIA,2023-08-16,KIA,키움,H,Final,Win,11.0,3.0,광주,
20230816HHNC0_한화,2023-08-16,한화,NC,A,Final,Win,4.0,3.0,창원,
20230816HHNC0_NC,2023-08-16,NC,한화,H,Final,Loss,3.0,4.0,창원,
20230817KTOB0_KT,2023-08-17,KT,두산,A,Final,Win,9.0,8.0,잠실,
20230817KTOB0_두산,2023-08-17,두산,KT,H,Final,Loss,8.0,9.0,잠실,
20230817LGSS0_LG,2023-08-17,LG,삼성,A,Final,Loss,2.0,4.0,대구,
20230817LGSS0_삼성,2023-08-17,삼성,LG,H,Final,Win,4.0,2.0,대구,
20230817SKLT0_SSG,2023-08-17,SSG,롯데,A,Final,Loss,4.0,15.0,사직,
20230817SKLT0_롯데,2023-08-17,롯데,SSG,H,Final,Win,15.0,4.0,사직,
20230817WOHT0_키움,2023-08-17,키움,KIA,A,Final,Loss,4.0,8.0,광주,
20230817WOHT0_KIA,2023-08-17,KIA,키움,H,Final,Win,8.0,4.0,광주,
20230817HHNC0_한화,2023-08-17,한화,NC,A,Final,Loss,9.0,10.0,창원,
20230817HHNC0_NC,2023-08-17,NC,한화,H,Final,Win,10.0,9.0,창원,
20230818KTHH0_KT,2023-08-18,KT,한화,A,Final,Loss,6.0,11.0,한밭,
20230818KTHH0_한화,2023-08-18,한화,KT,H,Final,Win,11.0,6.0,한밭,
20230818HTSS0_KIA,2023-08-18,KIA,삼성,A,Final,Loss,2.0,12.0,대구,
20230818HTSS0_삼성,2023-08-18,삼성,KIA,H,Final,Win,12.0,2.0,대구,
20230818LGSK0_LG,2023-08-18,LG,SSG,A,Final,Win,8.0,4.0,문학,
20230818LGSK0_SSG,2023-08-18,SSG,LG,H,Final,Loss,4.0,8.0,문학,
20230818LTWO0_롯데,2023-08-18,롯데,키움,A,Final,Loss,4.0,5.0,고척,
20230818LTWO0_키움,2023-08-18,키움,롯데,H,Final,Win,5.0,4.0,고척,
20230819LTWO0_롯데,2023-08-19,롯데,키움,A,Final,Loss,2.0,5.0,고척,
20230819LTWO0_키움,2023-08-19,키움,롯데,H,Final,Win,5.0,2.0,고척,
20230819KTHH0_KT,2023-08-19,KT,한화,A,Final,Win,5.0,4.0,한밭,
20230819KTHH0_한화,2023-08-19,한화,KT,H,Final,Loss,4.0,5.0,한밭,
20230819NCOB0_NC,2023-08-19,NC,두산,A,Final,Loss,1.0,4.0,잠실,
20230819NCOB0_두산,2023-08-19,두산,NC,H,Final,Win,4.0,1.0,잠실,
20230819HTSS0_KIA,2023-08-19,KIA,삼성,A,Final,Win,6.0,5.0,대구,
20230819HTSS0_삼성,2023-08-19,삼성,KIA,H,Final,Loss,5.0,6.0,대구,
20230819LGSK0_LG,2023-08-19,LG,SSG,A,Final,Win,11.0,2.0,문학,
20230819LGSK0_SSG,2023-08-19,SSG,LG,H,Final,Loss,2.0,11.0,문학,
20230820LTWO0_롯데,2023-08-20,롯데,키움,A,Final,Loss,6.0,7.0,고척,
20230820LTWO0_키움,2023-08-20,키움,롯데,H,Final,Win,7.0,6.0,고척,
20230820KTHH0_KT,2023-08-20,KT,한화,A,Final,Win,3.0,0.0,한밭,
20230820KTHH0_한화,2023-08-20,한화,KT,H,Final,Loss,0.0,3.0,한밭,
20230820NCOB0_NC,2023-08-20,NC,두산,A,Final,Win,12.0,5.0,잠실,
20230820NCOB0_두산,2023-08-20,두산,NC,H,Final,Loss,5.0,12.0,잠실,
20230820HTSS0_KIA,2023-08-20,KIA,삼성,A,Final,Loss,4.0,6.0,대구,
20230820HTSS0_삼성,2023-08-20,삼성,KIA,H,Final,Win,6.0,4.0,대구,
20230820LGSK0_LG,2023-08-20,LG,SSG,A,Final,Loss,1.0,2.0,문학,
20230820LGSK0_SSG,2023-08-20,SSG,LG,H,Final,Win,2.0,1.0,문학,
20230822SSHH0_삼성,2023-08-22,삼성,한화,A,Final,Win,5.0,3.0,한밭,
20230822SSHH0_한화,2023-08-22,한화,삼성,H,Final,Loss,3.0,5.0,한밭,
20230822HTKT0_KIA,2023-08-22,KIA,KT,A,Final,Loss,4.0,8.0,수원,
20230822HTKT0_KT,2023-08-22,KT,KIA,H,Final,Win,8.0,4.0,수원,
20230822OBWO0_두산,2023-08-22,두산,키움,A,Final,Win,6.0,1.0,고척,
20230822OBWO0_키움,2023-08-22,키움,두산,H,Final,Loss,1.0,6.0,고척,
20230823OBWO0_두산,2023-08-23,두산,키움,A,Final,Win,11.0,4.0,고척,
20230823OBWO0_키움,2023-08-23,키움,두산,H,Final,Loss,4.0,11.0,고척,
20230824LTLG0_롯데,2023-08-24,롯데,LG,A,Final,Loss,1.0,3.0,잠실,
20230824LTLG0_LG,2023-08-24,LG,롯데,H,Final,Win,3.0,1.0,잠실,
20230824NCSK0_NC,2023-08-24,NC,SSG,A,Final,Loss,4.0,7.0,문학,
20230824NCSK0_SSG,2023-08-24,SSG,NC,H,Final,Win,7.0,4.0,문학,
20230824HTKT0_KIA,2023-08-24,KIA,KT,A,Final,Win,7.0,3.0,수원,
20230824HTKT0_KT,2023-08-24,KT,KIA,H,Final,Loss,3.0,7.0,수원,
20230824OBWO0_두산,2023-08-24,두산,키움,A,Final,Win,8.0,6.0,고척,
20230824OBWO0_키움,2023-08-24,키움,두산,H,Final,Loss,6.0,8.0,고척,
20230825SKOB0_SSG,2023-08-25,SSG,두산,A,Final,Loss,1.0,10.0,잠실,
20230825SKOB0_두산,2023-08-25,두산,SSG,H,Final,Win,10.0,1.0,잠실,
20230825WOSS0_키움,2023-08-25,키움,삼성,A,Final,Win,7.0,4.0,대구,
20230825WOSS0_삼성,2023-08-25,삼성,키움,H,Final,Loss,4.0,7.0,대구,
20230825KTLT0_KT,2023-08-25,KT,롯데,A,Final,Win,3.0,1.0,사직,
20230825KTLT0_롯데,2023-08-25,롯데,KT,H,Final,Loss,1.0,3.0,사직,
20230825HHHT0_한화,2023-08-25,한화,KIA,A,Final,Loss,1.0,4.0,광주,
20230825HHHT0_KIA,2023-08-25,KIA,한화,H,Final,Win,4.0,1.0,광주,
20230825LGNC0_LG,2023-08-25,LG,NC,A,Final,Loss,1.0,14.0,창원,
20230825LGNC0_NC,2023-08-25,NC,LG,H,Final,Win,14.0,1.0,창원,
20230826SKOB0_SSG,2023-08-26,SSG,두산,A,Final,Win,7.0,5.0,잠실,
20230826SKOB0_두산,2023-08-26,두산,SSG,H,Final,Loss,5.0,7.0,잠실,
20230826WOSS0_키움,2023-08-26,키움,삼성,A,Final,Loss,5.0,6.0,대구,
20230826WOSS0_삼성,2023-08-26,삼성,키움,H,Final,Win,6.0,5.0,대구,
20230826KTLT0_KT,2023-08-26,KT,롯데,A,Final,Win,8.0,6.0,사직,
20230826KTLT0_롯데,2023-08-26,롯데,KT,H,Final,Loss,6.0,8.0,사직,
20230826HHHT0_한화,2023-08-26,한화,KIA,A,Final,Loss,4.0,12.0,광주,
20230826HHHT0_KIA,2023-08-26,KIA,한화,H,Final,Win,12.0,4.0,광주,
20230826LGNC0_LG,2023-08-26,LG,NC,A,Final,Loss,5.0,7.0,창원,
20230826LGNC0_NC,2023-08-26,NC,LG,H,Final,Win,7.0,5.0,창원,
20230827SKOB0_SSG,2023-08-27,SSG,두산,A,Final,Win,8.0,5.0,잠실,
20230827SKOB0_두산,2023-08-27,두산,SSG,H,Final,Loss,5.0,8.0,잠실,
20230827WOSS0_키움,2023-08-27,키움,삼성,A,Final,Loss,6.0,8.0,대구,
20230827WOSS0_삼성,2023-08-27,삼성,키움,H,Final,Win,8.0,6.0,대구,
20230827KTLT0_KT,2023-08-27,KT,롯데,A,Final,Win,2.0,1.0,사직,
20230827KTLT0_롯데,2023-08-27,롯데,KT,H,Final,Loss,1.0,2.0,사직,
20230827HHHT0_한화,2023-08-27,한화,KIA,A,Final,Loss,2.0,5.0,광주,
20230827HHHT0_KIA,2023-08-27,KIA,한화,H,Final,Win,5.0,2.0,광주,
20230827LGNC0_LG,2023-08-27,LG,NC,A,Final,Loss,3.0,5.0,창원,
20230827LGNC0_NC,2023-08-27,NC,LG,H,Final,Win,5.0,3.0,창원,
20230830WOSK0_키움,2023-08-30,키움,SSG,A,Final,Loss,7.0,11.0,문학,
20230830WOSK0_SSG,2023-08-30,SSG,키움,H,Final,Win,11.0,7.0,문학,
20230831LTHH0_롯데,2023-08-31,롯데,한화,A,Final,Win,5.0,2.0,한밭,
20230831LTHH0_한화,2023-08-31,한화,롯데,H,Final,Loss,2.0,5.0,한밭,
20230831OBLG0_두산,2023-08-31,두산,LG,A,Final,Loss,2.0,3.0,잠실,
20230831OBLG0_LG,2023-08-31,LG,두산,H,Final,Win,3.0,2.0,잠실,
20230831WOSK0_키움,2023-08-31,키움,SSG,A,Final,Win,8.0,3.0,문학,
20230831WOSK0_SSG,2023-08-31,SSG,키움,H,Final,Loss,3.0,8.0,문학,
20230831NCHT0_NC,2023-08-31,NC,KIA,A,Final,Loss,3.0,13.0,광주,
20230831NCHT0_KIA,2023-08-31,KIA,NC,H,Final,Win,13.0,3.0,광주,
20230831SSKT0_삼성,2023-08-31,삼성,KT,A,Final,Loss,4.0,6.0,수원,
20230831SSKT0_KT,2023-08-31,KT,삼성,H,Final,Win,6.0,4.0,수원,
20230901HHLG0_한화,2023-09-01,한화,LG,A,Final,Loss,0.0,10.0,잠실,
20230901HHLG0_LG,2023-09-01,LG,한화,H,Final,Win,10.0,0.0,잠실,
20230901NCSS0_NC,2023-09-01,NC,삼성,A,Final,Win,10.0,0.0,대구,
20230901NCSS0_삼성,2023-09-01,삼성,NC,H,Final,Loss,0.0,10.0,대구,
20230901HTSK0_KIA,2023-09-01,KIA,SSG,A,Final,Win,10.0,2.0,문학,
20230901HTSK0_SSG,2023-09-01,SSG,KIA,H,Final,Loss,2.0,10.0,문학,
20230901KTWO0_KT,2023-09-01,KT,키움,A,Final,Loss,2.0,6.0,고척,
20230901KTWO0_키움,2023-09-01,키움,KT,H,Final,Win,6.0,2.0,고척,
20230902HHLG0_한화,2023-09-02,한화,LG,A,Final,Win,5.0,3.0,잠실,
20230902HHLG0_LG,2023-09-02,LG,한화,H,Final,Loss,3.0,5.0,잠실,
20230902NCSS0_NC,2023-09-02,NC,삼성,A,Final,Win,5.0,1.0,대구,
20230902NCSS0_삼성,2023-09-02,삼성,NC,H,Final,Loss,1.0,5.0,대구,
20230902HTSK0_KIA,2023-09-02,KIA,SSG,A,Final,Win,12.0,4.0,문학,
20230902HTSK0_SSG,2023-09-02,SSG,KIA,H,Final,Loss,4.0,12.0,문학,
20230902KTWO0_KT,2023-09-02,KT,키움,A,Final,Loss,0.0,3.0,고척,
20230902KTWO0_키움,2023-09-02,키움,KT,H,Final,Win,3.0,0.0,고척,
20230903HHLG0_한화,2023-09-03,한화,LG,A,Final,Win,5.0,3.0,잠실,
20230903HHLG0_LG,2023-09-03,LG,한화,H,Final,Loss,3.0,5.0,잠실,
20230903NCSS0_NC,2023-09-03,NC,삼성,A,Final,Loss,1.0,6.0,대구,
20230903NCSS0_삼성,2023-09-03,삼성,NC,H,Final,Win,6.0,1.0,대구,
20230903OBLT0_두산,2023-09-03,두산,롯데,A,Final,Win,2.0,0.0,사직,
20230903OBLT0_롯데,2023-09-03,롯데,두산,H,Final,Loss,0.0,2.0,사직,
20230903HTSK0_KIA,2023-09-03,KIA,SSG,A,Final,Win,8.0,6.0,문학,
20230903HTSK0_SSG,2023-09-03,SSG,KIA,H,Final,Loss,6.0,8.0,문학,
20230903KTWO0_KT,2023-09-03,KT,키움,A,Final,Loss,0.0,7.0,고척,
20230903KTWO0_키움,2023-09-03,키움,KT,H,Final,Win,7.0,0.0,고척,
20230904OBLT0_두산,2023-09-04,두산,롯데,A,Final,Loss,3.0,4.0,사직,
20230904OBLT0_롯데,2023-09-04,롯데,두산,H,Final,Win,4.0,3.0,사직,
20230905SKHH0_SSG,2023-09-05,SSG,한화,A,Final,Win,11.0,6.0,한밭,
20230905SKHH0_한화,2023-09-05,한화,SSG,H,Final,Loss,6.0,11.0,한밭,
20230905LGKT0_LG,2023-09-05,LG,KT,A,Final,Win,5.0,4.0,수원,
20230905LGKT0_KT,2023-09-05,KT,LG,H,Final,Loss,4.0,5.0,수원,
20230905WONC0_키움,2023-09-05,키움,NC,A,Final,Loss,1.0,2.0,창원,
20230905WONC0_NC,2023-09-05,NC,키움,H,Final,Win,2.0,1.0,창원,
20230905SSLT0_삼성,2023-09-05,삼성,롯데,A,Final,Loss,3.0,10.0,울산,
20230905SSLT0_롯데,2023-09-05,롯데,삼성,H,Final,Win,10.0,3.0,울산,
20230906SKHH0_SSG,2023-09-06,SSG,한화,A,Final,Loss,5.0,6.0,한밭,
20230906SKHH0_한화,2023-09-06,한화,SSG,H,Final,Win,6.0,5.0,한밭,
20230906HTOB0_KIA,2023-09-06,KIA,두산,A,Final,Win,7.0,1.0,잠실,
20230906HTOB0_두산,2023-09-06,두산,KIA,H,Final,Loss,1.0,7.0,잠실,
20230906LGKT0_LG,2023-09-06,LG,KT,A,Final,Loss,3.0,4.0,수원,
20230906LGKT0_KT,2023-09-06,KT,LG,H,Final,Win,4.0,3.0,수원,
20230906WONC0_키움,2023-09-06,키움,NC,A,Final,Loss,2.0,8.0,창원,
20230906WONC0_NC,2023-09-06,NC,키움,H,Final,Win,8.0,2.0,창원,
20230906SSLT0_삼성,2023-09-06,삼성,롯데,A,Final,Win,7.0,2.0,울산,
20230906SSLT0_롯데,2023-09-06,롯데,삼성,H,Final,Loss,2.0,7.0,울산,
20230907SKHH0_SSG,2023-09-07,SSG,한화,A,Final,Loss,3.0,4.0,한밭,
20230907SKHH0_한화,2023-09-07,한화,SSG,H,Final,Win,4.0,3.0,한밭,
20230907HTOB0_KIA,2023-09-07,KIA,두산,A,Final,Loss,0.0,3.0,잠실,
20230907HTOB0_두산,2023-09-07,두산,KIA,H,Final,Win,3.0,0.0,잠실,
20230907LGKT0_LG,2023-09-07,LG,KT,A,Final,Win,11.0,4.0,수원,
20230907LGKT0_KT,2023-09-07,KT,LG,H,Final,Loss,4.0,11.0,수원,
20230907WONC0_키움,2023-09-07,키움,NC,A,Final,Loss,1.0,6.0,창원,
20230907WONC0_NC,2023-09-07,NC,키움,H,Final,Win,6.0,1.0,창원,
20230907SSLT0_삼성,2023-09-07,삼성,롯데,A,Final,Loss,1.0,2.0,울산,
20230907SSLT0_롯데,2023-09-07,롯데,삼성,H,Final,Win,2.0,1.0,울산,
20230908SSOB0_삼성,2023-09-08,삼성,두산,A,Final,Loss,7.0,8.0,잠실,
20230908SSOB0_두산,2023-09-08,두산,삼성,H,Final,Win,8.0,7.0,잠실,
20230908LGHT0_LG,2023-09-08,LG,KIA,A,Final,Win,12.0,2.0,광주,
20230908LGHT0_KIA,2023-09-08,KIA,LG,H,Final,Loss,2.0,12.0,광주,
20230908SKKT0_SSG,2023-09-08,SSG,KT,A,Final,Loss,7.0,16.0,수원,
20230908SKKT0_KT,2023-09-08,KT,SSG,H,Final,Win,16.0,7.0,수원,
20230908LTNC0_롯데,2023-09-08,롯데,NC,A,Final,Loss,3.0,4.0,창원,
20230908LTNC0_NC,2023-09-08,NC,롯데,H,Final,Win,4.0,3.0,창원,
20230908HHWO0_한화,2023-09-08,한화,키움,A,Final,Win,6.0,5.0,고척,
20230908HHWO0_키움,2023-09-08,키움,한화,H,Final,Loss,5.0,6.0,고척,
20230909SSOB2_삼성,2023-09-09,삼성,두산,A,Final,Win,5.0,1.0,잠실,
20230909SSOB2_두산,2023-09-09,두산,삼성,H,Final,Loss,1.0,5.0,잠실,
20230909LGHT2_LG,2023-09-09,LG,KIA,A,Final,Loss,6.0,7.0,광주,
20230909LGHT2_KIA,2023-09-09,KIA,LG,H,Final,Win,7.0,6.0,광주,
20230909LTNC2_롯데,2023-09-09,롯데,NC,A,Final,Win,5.0,2.0,창원,
20230909LTNC2_NC,2023-09-09,NC,롯데,H,Final,Loss,2.0,5.0,창원,
20230909HHWO2_한화,2023-09-09,한화,키움,A,Final,Win,11.0,2.0,고척,
20230909HHWO2_키움,2023-09-09,키움,한화,H,Final,Loss,2.0,11.0,고척,
20230909SSOB2_삼성,2023-09-09,삼성,두산,A,Final,Loss,0.0,4.0,잠실,
20230909SSOB2_두산,2023-09-09,두산,삼성,H,Final,Win,4.0,0.0,잠실,
20230909LGHT2_LG,2023-09-09,LG,KIA,A,Final,Loss,7.0,12.0,광주,
20230909LGHT2_KIA,2023-09-09,KIA,LG,H,Final,Win,12.0,7.0,광주,
20230909LTNC2_롯데,2023-09-09,롯데,NC,A,Final,Loss,5.0,6.0,창원,
20230909LTNC2_NC,2023-09-09,NC,롯데,H,Final,Win,6.0,5.0,창원,
20230909HHWO2_한화,2023-09-09,한화,키움,A,Final,Win,3.0,1.0,고척,
20230909HHWO2_키움,2023-09-09,키움,한화,H,Final,Loss,1.0,3.0,고척,
20230910SSOB0_삼성,2023-09-10,삼성,두산,A,Final,Loss,2.0,8.0,잠실,
20230910SSOB0_두산,2023-09-10,두산,삼성,H,Final,Win,8.0,2.0,잠실,
20230910LGHT0_LG,2023-09-10,LG,KIA,A,Final,Loss,7.0,8.0,광주,
20230910LGHT0_KIA,2023-09-10,KIA,LG,H,Final,Win,8.0,7.0,광주,
20230910SKKT0_SSG,2023-09-10,SSG,KT,A,Final,Win,6.0,5.0,수원,
20230910SKKT0_KT,2023-09-10,KT,SSG,H,Final,Loss,5.0,6.0,수원,
20230910LTNC0_롯데,2023-09-10,롯데,NC,A,Final,Loss,1.0,3.0,창원,
20230910LTNC0_NC,2023-09-10,NC,롯데,H,Final,Win,3.0,1.0,창원,
20230910HHWO0_한화,2023-09-10,한화,키움,A,Final,Win,9.0,8.0,고척,
20230910HHWO0_키움,2023-09-10,키움,한화,H,Final,Loss,8.0,9.0,고척,
20230912HHOB0_한화,2023-09-12,한화,두산,A,Final,Loss,3.0,8.0,잠실,
20230912HHOB0_두산,2023-09-12,두산,한화,H,Final,Win,8.0,3.0,잠실,
20230912HTSS0_KIA,2023-09-12,KIA,삼성,A,Final,Loss,9.0,10.0,대구,
20230912HTSS0_삼성,2023-09-12,삼성,KIA,H,Final,Win,10.0,9.0,대구,
20230912NCLT0_NC,2023-09-12,NC,롯데,A,Final,Win,4.0,3.0,사직,
20230912NCLT0_롯데,2023-09-12,롯데,NC,H,Final,Loss,3.0,4.0,사직,
20230912KTSK0_KT,2023-09-12,KT,SSG,A,Final,Win,3.0,0.0,문학,
20230912KTSK0_SSG,2023-09-12,SSG,KT,H,Final,Loss,0.0,3.0,문학,
20230913LTHT0_롯데,2023-09-13,롯데,KIA,A,Final,Win,3.0,1.0,광주,
20230913LTHT0_KIA,2023-09-13,KIA,롯데,H,Final,Loss,1.0,3.0,광주,
20230913KTNC0_KT,2023-09-13,KT,NC,A,Final,Win,6.0,2.0,창원,
20230913KTNC0_NC,2023-09-13,NC,KT,H,Final,Loss,2.0,6.0,창원,
20230914SKOB0_SSG,2023-09-14,SSG,두산,A,Final,Loss,2.0,3.0,잠실,
20230914SKOB0_두산,2023-09-14,두산,SSG,H,Final,Win,3.0,2.0,잠실,
20230914KTSS0_KT,2023-09-14,KT,삼성,A,Final,Loss,4.0,10.0,대구,
20230914KTSS0_삼성,2023-09-14,삼성,KT,H,Final,Win,10.0,4.0,대구,
20230915LGHH0_LG,2023-09-15,LG,한화,A,Final,Win,4.0,3.0,한밭,
20230915LGHH0_한화,2023-09-15,한화,LG,H,Final,Loss,3.0,4.0,한밭,
20230915WOLT0_키움,2023-09-15,키움,롯데,A,Final,Loss,4.0,5.0,사직,
20230915WOLT0_롯데,2023-09-15,롯데,키움,H,Final,Win,5.0,4.0,사직,
20230915OBHT0_두산,2023-09-15,두산,KIA,A,Final,Win,8.0,6.0,광주,
20230915OBHT0_KIA,2023-09-15,KIA,두산,H,Final,Loss,6.0,8.0,광주,
20230915SSNC0_삼성,2023-09-15,삼성,NC,A,Final,Loss,1.0,8.0,창원,
20230915SSNC0_NC,2023-09-15,NC,삼성,H,Final,Win,8.0,1.0,창원,
20230916SKLG0_SSG,2023-09-16,SSG,LG,A,Final,Loss,4.0,10.0,잠실,
20230916SKLG0_LG,2023-09-16,LG,SSG,H,Final,Win,10.0,4.0,잠실,
20230917LTSS0_롯데,2023-09-17,롯데,삼성,A,Final,Win,7.0,4.0,대구,
20230917LTSS0_삼성,2023-09-17,삼성,롯데,H,Final,Loss,4.0,7.0,대구,
20230917OBHT0_두산,2023-09-17,두산,KIA,A,Final,Win,8.0,3.0,광주,
20230917OBHT0_KIA,2023-09-17,KIA,두산,H,Final,Loss,3.0,8.0,광주,
20230917KTHH1_KT,2023-09-17,KT,한화,A,Final,Win,7.0,0.0,한밭,
20230917KTHH1_한화,2023-09-17,한화,KT,H,Final,Loss,0.0,7.0,한밭,
20230917SKLG1_SSG,2023-09-17,SSG,LG,A,Final,Loss,3.0,8.0,잠실,
20230917SKLG1_LG,2023-09-17,LG,SSG,H,Final,Win,8.0,3.0,잠실,
20230917KTHH2_KT,2023-09-17,KT,한화,A,Final,Win,3.0,1.0,한밭,
20230917KTHH2_한화,2023-09-17,한화,KT,H,Final,Loss,1.0,3.0,한밭,
20230917SKLG2_SSG,2023-09-17,SSG,LG,A,Final,Loss,5.0,9.0,잠실,
20230917SKLG2_LG,2023-09-17,LG,SSG,H,Final,Win,9.0,5.0,잠실,
20230918KTHH0_KT,2023-09-18,KT,한화,A,Final,Loss,2.0,6.0,한밭,
20230918KTHH0_한화,2023-09-18,한화,KT,H,Final,Win,6.0,2.0,한밭,
20230918OBHT0_두산,2023-09-18,두산,KIA,A,Final,Win,8.0,4.0,광주,
20230918OBHT0_KIA,2023-09-18,KIA,두산,H,Final,Loss,4.0,8.0,광주,
20230919SKHH0_SSG,2023-09-19,SSG,한화,A,Final,Win,5.0,3.0,한밭,
20230919SKHH0_한화,2023-09-19,한화,SSG,H,Final,Loss,3.0,5.0,한밭,
20230919NCOB0_NC,2023-09-19,NC,두산,A,Final,Win,2.0,1.0,잠실,
20230919NCOB0_두산,2023-09-19,두산,NC,H,Final,Loss,1.0,2.0,잠실,
20230919WOLT0_키움,2023-09-19,키움,롯데,A,Final,Win,6.0,3.0,사직,
20230919WOLT0_롯데,2023-09-19,롯데,키움,H,Final,Loss,3.0,6.0,사직,
20230919LGHT0_LG,2023-09-19,LG,KIA,A,Final,Win,4.0,3.0,광주,
20230919LGHT0_KIA,2023-09-19,KIA,LG,H,Final,Loss,3.0,4.0,광주,
20230919SSKT0_삼성,2023-09-19,삼성,KT,A,Final,Loss,1.0,7.0,수원,
20230919SSKT0_KT,2023-09-19,KT,삼성,H,Final,Win,7.0,1.0,수원,
20230921HTHH0_KIA,2023-09-21,KIA,한화,A,Final,Loss,8.0,14.0,한밭,
20230921HTHH0_한화,2023-09-21,한화,KIA,H,Final,Win,14.0,8.0,한밭,
20230921OBSS0_두산,2023-09-21,두산,삼성,A,Final,Win,5.0,1.0,대구,
20230921OBSS0_삼성,2023-09-21,삼성,두산,H,Final,Loss,1.0,5.0,대구,
20230921LGSK0_LG,2023-09-21,LG,SSG,A,Final,Win,2.0,1.0,문학,
20230921LGSK0_SSG,2023-09-21,SSG,LG,H,Final,Loss,1.0,2.0,문학,
20230921LTKT0_롯데,2023-09-21,롯데,KT,A,Final,Loss,0.0,5.0,수원,
20230921LTKT0_KT,2023-09-21,KT,롯데,H,Final,Win,5.0,0.0,수원,
20230921NCWO0_NC,2023-09-21,NC,키움,A,Final,Loss,1.0,5.0,고척,
20230921NCWO0_키움,2023-09-21,키움,NC,H,Final,Win,5.0,1.0,고척,
20230922WOHH0_키움,2023-09-22,키움,한화,A,Final,Win,11.0,6.0,한밭,
20230922WOHH0_한화,2023-09-22,한화,키움,H,Final,Loss,6.0,11.0,한밭,
20230922NCLG0_NC,2023-09-22,NC,LG,A,Final,Win,5.0,4.0,잠실,
20230922NCLG0_LG,2023-09-22,LG,NC,H,Final,Loss,4.0,5.0,잠실,
20230922OBSS0_두산,2023-09-22,두산,삼성,A,Final,Win,3.0,1.0,대구,
20230922OBSS0_삼성,2023-09-22,삼성,두산,H,Final,Loss,1.0,3.0,대구,
20230922LTSK0_롯데,2023-09-22,롯데,SSG,A,Final,Win,5.0,2.0,문학,
20230922LTSK0_SSG,2023-09-22,SSG,롯데,H,Final,Loss,2.0,5.0,문학,
20230922KTHT0_KT,2023-09-22,KT,KIA,A,Final,Loss,1.0,2.0,광주,
20230922KTHT0_KIA,2023-09-22,KIA,KT,H,Final,Win,2.0,1.0,광주,
20230923HHLG0_한화,2023-09-23,한화,LG,A,Final,Loss,1.0,3.0,잠실,
20230923HHLG0_LG,2023-09-23,LG,한화,H,Final,Win,3.0,1.0,잠실,
20230923LTSK0_롯데,2023-09-23,롯데,SSG,A,Final,Loss,2.0,4.0,문학,
20230923LTSK0_SSG,2023-09-23,SSG,롯데,H,Final,Win,4.0,2.0,문학,
20230923KTHT0_KT,2023-09-23,KT,KIA,A,Final,Win,4.0,1.0,광주,
20230923KTHT0_KIA,2023-09-23,KIA,KT,H,Final,Loss,1.0,4.0,광주,
20230923OBNC0_두산,2023-09-23,두산,NC,A,Final,Win,3.0,1.0,창원,
20230923OBNC0_NC,2023-09-23,NC,두산,H,Final,Loss,1.0,3.0,창원,
20230924HHLG0_한화,2023-09-24,한화,LG,A,Final,Loss,1.0,5.0,잠실,
20230924HHLG0_LG,2023-09-24,LG,한화,H,Final,Win,5.0,1.0,잠실,
20230924LTSK0_롯데,2023-09-24,롯데,SSG,A,Final,Win,8.0,1.0,문학,
20230924LTSK0_SSG,2023-09-24,SSG,롯데,H,Final,Loss,1.0,8.0,문학,
20230924KTHT0_KT,2023-09-24,KT,KIA,A,Final,Win,3.0,2.0,광주,
20230924KTHT0_KIA,2023-09-24,KIA,KT,H,Final,Loss,2.0,3.0,광주,
20230924OBNC0_두산,2023-09-24,두산,NC,A,Final,Loss,5.0,6.0,창원,
20230924OBNC0_NC,2023-09-24,NC,두산,H,Final,Win,6.0,5.0,창원,
20230926HTNC0_KIA,2023-09-26,KIA,NC,A,Final,Win,6.0,4.0,창원,
20230926HTNC0_NC,2023-09-26,NC,KIA,H,Final,Loss,4.0,6.0,창원,
20230927SSHH2_삼성,2023-09-27,삼성,한화,A,Final,Win,11.0,3.0,한밭,
20230927SSHH2_한화,2023-09-27,한화,삼성,H,Final,Loss,3.0,11.0,한밭,
20230927KTLG2_KT,2023-09-27,KT,LG,A,Final,Loss,0.0,4.0,잠실,
20230927KTLG2_LG,2023-09-27,LG,KT,H,Final,Win,4.0,0.0,잠실,
20230927HTNC2_KIA,2023-09-27,KIA,NC,A,Final,Loss,0.0,7.0,창원,
20230927HTNC2_NC,2023-09-27,NC,KIA,H,Final,Win,7.0,0.0,창원,
20230927SSHH2_삼성,2023-09-27,삼성,한화,A,Final,Loss,0.0,4.0,한밭,
20230927SSHH2_한화,2023-09-27,한화,삼성,H,Final,Win,4.0,0.0,한밭,
20230927KTLG2_KT,2023-09-27,KT,LG,A,Final,Loss,0.0,3.0,잠실,
20230927KTLG2_LG,2023-09-27,LG,KT,H,Final,Win,3.0,0.0,잠실,
20230927OBSK2_두산,2023-09-27,두산,SSG,A,Final,Loss,3.0,6.0,문학,
20230927OBSK2_SSG,2023-09-27,SSG,두산,H,Final,Win,6.0,3.0,문학,
20230927HTNC2_KIA,2023-09-27,KIA,NC,A,Final,Win,6.0,1.0,창원,
20230927HTNC2_NC,2023-09-27,NC,KIA,H,Final,Loss,1.0,6.0,창원,
20230928SSLG0_삼성,2023-09-28,삼성,LG,A,Final,Win,11.0,1.0,잠실,
20230928SSLG0_LG,2023-09-28,LG,삼성,H,Final,Loss,1.0,11.0,잠실,
20230928HHLT0_한화,2023-09-28,한화,롯데,A,Final,Loss,0.0,3.0,사직,
20230928HHLT0_롯데,2023-09-28,롯데,한화,H,Final,Win,3.0,0.0,사직,
20230928HTNC0_KIA,2023-09-28,KIA,NC,A,Final,Loss,3.0,18.0,창원,
20230928HTNC0_NC,2023-09-28,NC,KIA,H,Final,Win,18.0,3.0,창원,
20230928SKWO0_SSG,2023-09-28,SSG,키움,A,Final,Loss,2.0,4.0,고척,
20230928SKWO0_키움,2023-09-28,키움,SSG,H,Final,Win,4.0,2.0,고척,
20230929LGOB0_LG,2023-09-29,LG,두산,A,Final,Loss,3.0,4.0,잠실,
20230929LGOB0_두산,2023-09-29,두산,LG,H,Final,Win,4.0,3.0,잠실,
20230929HHLT0_한화,2023-09-29,한화,롯데,A,Final,Loss,1.0,9.0,사직,
20230929HHLT0_롯데,2023-09-29,롯데,한화,H,Final,Win,9.0,1.0,사직,
20230929HTWO0_KIA,2023-09-29,KIA,키움,A,Final,Win,13.0,5.0,고척,
20230929HTWO0_키움,2023-09-29,키움,KIA,H,Final,Loss,5.0,13.0,고척,
20230930LGOB0_LG,2023-09-30,LG,두산,A,Final,Loss,1.0,3.0,잠실,
20230930LGOB0_두산,2023-09-30,두산,LG,H,Final,Win,3.0,1.0,잠실,
20230930NCSS0_NC,2023-09-30,NC,삼성,A,Final,Loss,1.0,3.0,대구,
20230930NCSS0_삼성,2023-09-30,삼성,NC,H,Final,Win,3.0,1.0,대구,
20230930HTSK0_KIA,2023-09-30,KIA,SSG,A,Final,Loss,3.0,4.0,문학,
20230930HTSK0_SSG,2023-09-30,SSG,KIA,H,Final,Win,4.0,3.0,문학,
20231001NCHH0_NC,2023-10-01,NC,한화,A,Final,Loss,3.0,4.0,한밭,
20231001NCHH0_한화,2023-10-01,한화,NC,H,Final,Win,4.0,3.0,한밭,
20231001LGOB0_LG,2023-10-01,LG,두산,A,Final,Win,7.0,4.0,잠실,
20231001LGOB0_두산,2023-10-01,두산,LG,H,Final,Loss,4.0,7.0,잠실,
20231001SSLT0_삼성,2023-10-01,삼성,롯데,A,Final,Loss,5.0,8.0,사직,
20231001SSLT0_롯데,2023-10-01,롯데,삼성,H,Final,Win,8.0,5.0,사직,
20231001HTSK0_KIA,2023-10-01,KIA,SSG,A,Final,Loss,5.0,6.0,문학,
20231001HTSK0_SSG,2023-10-01,SSG,KIA,H,Final,Win,6.0,5.0,문학,
20231001WOKT0_키움,2023-10-01,키움,KT,A,Final,Loss,3.0,6.0,수원,
20231001WOKT0_KT,2023-10-01,KT,키움,H,Final,Win,6.0,3.0,수원,
20231002NCHH0_NC,2023-10-02,NC,한화,A,Final,Loss,0.0,10.0,한밭,
20231002NCHH0_한화,2023-10-02,한화,NC,H,Final,Win,10.0,0.0,한밭,
20231002WOOB0_키움,2023-10-02,키움,두산,A,Final,Loss,2.0,7.0,잠실,
20231002WOOB0_두산,2023-10-02,두산,키움,H,Final,Win,7.0,2.0,잠실,
20231002LGKT0_LG,2023-10-02,LG,KT,A,Final,Win,5.0,4.0,수원,
20231002LGKT0_KT,2023-10-02,KT,LG,H,Final,Loss,4.0,5.0,수원,
20231002SSLT1_삼성,2023-10-02,삼성,롯데,A,Final,Win,9.0,8.0,사직,
20231002SSLT1_롯데,2023-10-02,롯데,삼성,H,Final,Loss,8.0,9.0,사직,
20231002SSLT2_삼성,2023-10-02,삼성,롯데,A,Final,Win,8.0,6.0,사직,
20231002SSLT2_롯데,2023-10-02,롯데,삼성,H,Final,Loss,6.0,8.0,사직,
20231003WOOB0_키움,2023-10-03,키움,두산,A,Final,Win,6.0,5.0,잠실,
20231003WOOB0_두산,2023-10-03,두산,키움,H,Final,Loss,5.0,6.0,잠실,
20231003SSLT0_삼성,2023-10-03,삼성,롯데,A,Final,Loss,4.0,10.0,사직,
20231003SSLT0_롯데,2023-10-03,롯데,삼성,H,Final,Win,10.0,4.0,사직,
20231003NCSK0_NC,2023-10-03,NC,SSG,A,Final,Loss,7.0,9.0,문학,
20231003NCSK0_SSG,2023-10-03,SSG,NC,H,Final,Win,9.0,7.0,문학,
20231003HTKT0_KIA,2023-10-03,KIA,KT,A,Final,Win,3.0,1.0,수원,
20231003HTKT0_KT,2023-10-03,KT,KIA,H,Final,Loss,1.0,3.0,수원,
20231004HTKT1_KIA,2023-10-04,KIA,KT,A,Final,Win,10.0,2.0,수원,
20231004HTKT1_KT,2023-10-04,KT,KIA,H,Final,Loss,2.0,10.0,수원,
20231004HTKT2_KIA,2023-10-04,KIA,KT,A,Final,Loss,2.0,3.0,수원,
20231004HTKT2_KT,2023-10-04,KT,KIA,H,Final,Win,3.0,2.0,수원,
20231004HHSS0_한화,2023-10-04,한화,삼성,A,Final,Win,11.0,7.0,대구,
20231004HHSS0_삼성,2023-10-04,삼성,한화,H,Final,Loss,7.0,11.0,대구,
20231004LGLT0_LG,2023-10-04,LG,롯데,A,Final,Win,7.0,6.0,사직,
20231004LGLT0_롯데,2023-10-04,롯데,LG,H,Final,Loss,6.0,7.0,사직,
20231004NCSK0_NC,2023-10-04,NC,SSG,A,Final,Loss,5.0,10.0,문학,
20231004NCSK0_SSG,2023-10-04,SSG,NC,H,Final,Win,10.0,5.0,문학,
20231005HHSS0_한화,2023-10-05,한화,삼성,A,Final,Loss,1.0,3.0,대구,
20231005HHSS0_삼성,2023-10-05,삼성,한화,H,Final,Win,3.0,1.0,대구,
20231005LGLT0_LG,2023-10-05,LG,롯데,A,Final,Win,5.0,3.0,사직,
20231005LGLT0_롯데,2023-10-05,롯데,LG,H,Final,Loss,3.0,5.0,사직,
20231005NCSK0_NC,2023-10-05,NC,SSG,A,Final,Loss,3.0,4.0,문학,
20231005NCSK0_SSG,2023-10-05,SSG,NC,H,Final,Win,4.0,3.0,문학,
20231005HTKT0_KIA,2023-10-05,KIA,KT,A,Final,Loss,3.0,5.0,수원,
20231005HTKT0_KT,2023-10-05,KT,KIA,H,Final,Win,5.0,3.0,수원,
20231006HTLG0_KIA,2023-10-06,KIA,LG,A,Final,Win,3.0,2.0,잠실,
20231006HTLG0_LG,2023-10-06,LG,KIA,H,Final,Loss,2.0,3.0,잠실,
20231006HHSK0_한화,2023-10-06,한화,SSG,A,Final,Loss,2.0,7.0,문학,
20231006HHSK0_SSG,2023-10-06,SSG,한화,H,Final,Win,7.0,2.0,문학,
20231006SSKT0_삼성,2023-10-06,삼성,KT,A,Final,Win,6.0,2.0,수원,
20231006SSKT0_KT,2023-10-06,KT,삼성,H,Final,Loss,2.0,6.0,수원,
20231007LTOB0_롯데,2023-10-07,롯데,두산,A,Final,Win,6.0,3.0,잠실,
20231007LTOB0_두산,2023-10-07,두산,롯데,H,Final,Loss,3.0,6.0,잠실,
20231007HHKT0_한화,2023-10-07,한화,KT,A,Final,Loss,0.0,17.0,수원,
20231007HHKT0_KT,2023-10-07,KT,한화,H,Final,Win,17.0,0.0,수원,
20231007SKNC0_SSG,2023-10-07,SSG,NC,A,Final,Loss,2.0,3.0,창원,
20231007SKNC0_NC,2023-10-07,NC,SSG,H,Final,Win,3.0,2.0,창원,
20231007LGWO0_LG,2023-10-07,LG,키움,A,Final,Loss,1.0,7.0,고척,
20231007LGWO0_키움,2023-10-07,키움,LG,H,Final,Win,7.0,1.0,고척,
20231008LTOB0_롯데,2023-10-08,롯데,두산,A,Final,Loss,1.0,2.0,잠실,
20231008LTOB0_두산,2023-10-08,두산,롯데,H,Final,Win,2.0,1.0,잠실,
20231008SSHT0_삼성,2023-10-08,삼성,KIA,A,Final,Loss,1.0,2.0,광주,
20231008SSHT0_KIA,2023-10-08,KIA,삼성,H,Final,Win,2.0,1.0,광주,
20231008HHKT0_한화,2023-10-08,한화,KT,A,Final,Loss,2.0,9.0,수원,
20231008HHKT0_KT,2023-10-08,KT,한화,H,Final,Win,9.0,2.0,수원,
20231008SKNC0_SSG,2023-10-08,SSG,NC,A,Final,Win,10.0,8.0,창원,
20231008SKNC0_NC,2023-10-08,NC,SSG,H,Final,Loss,8.0,10.0,창원,
20231009LTLG0_롯데,2023-10-09,롯데,LG,A,Final,Win,8.0,1.0,잠실,
20231009LTLG0_LG,2023-10-09,LG,롯데,H,Final,Loss,1.0,8.0,잠실,
20231009SSHT0_삼성,2023-10-09,삼성,KIA,A,Final,Loss,1.0,3.0,광주,
20231009SSHT0_KIA,2023-10-09,KIA,삼성,H,Final,Win,3.0,1.0,광주,
20231009HHNC0_한화,2023-10-09,한화,NC,A,Final,Loss,6.0,11.0,창원,
20231009HHNC0_NC,2023-10-09,NC,한화,H,Final,Win,11.0,6.0,창원,
20231010LTLG0_롯데,2023-10-10,롯데,LG,A,Final,Loss,0.0,7.0,잠실,
20231010LTLG0_LG,2023-10-10,LG,롯데,H,Final,Win,7.0,0.0,잠실,
20231010SKHT0_SSG,2023-10-10,SSG,KIA,A,Final,Win,6.0,5.0,광주,
20231010SKHT0_KIA,2023-10-10,KIA,SSG,H,Final,Loss,5.0,6.0,광주,
20231010OBKT0_두산,2023-10-10,두산,KT,A,Final,Loss,4.0,5.0,수원,
20231010OBKT0_KT,2023-10-10,KT,두산,H,Final,Win,5.0,4.0,수원,
20231010HHNC0_한화,2023-10-10,한화,NC,A,Final,Loss,0.0,2.0,창원,
20231010HHNC0_NC,2023-10-10,NC,한화,H,Final,Win,2.0,0.0,창원,
20231010SSWO0_삼성,2023-10-10,삼성,키움,A,Final,Loss,3.0,5.0,고척,
20231010SSWO0_키움,2023-10-10,키움,삼성,H,Final,Win,5.0,3.0,고척,
20231011OBLT0_두산,2023-10-11,두산,롯데,A,Final,Loss,3.0,14.0,사직,
20231011OBLT0_롯데,2023-10-11,롯데,두산,H,Final,Win,14.0,3.0,사직,
20231011WOHT0_키움,2023-10-11,키움,KIA,A,Final,Loss,0.0,11.0,광주,
20231011WOHT0_KIA,2023-10-11,KIA,키움,H,Final,Win,11.0,0.0,광주,
20231012NCOB0_NC,2023-10-12,NC,두산,A,Final,Loss,1.0,11.0,잠실,
20231012NCOB0_두산,2023-10-12,두산,NC,H,Final,Win,11.0,1.0,잠실,
20231012LTHT0_롯데,2023-10-12,롯데,KIA,A,Final,Loss,5.0,6.0,광주,
20231012LTHT0_KIA,2023-10-12,KIA,롯데,H,Final,Win,6.0,5.0,광주,
20231013HTOB0_KIA,2023-10-13,KIA,두산,A,Final,Loss,1.0,3.0,잠실,
20231013HTOB0_두산,2023-10-13,두산,KIA,H,Final,Win,3.0,1.0,잠실,
20231013WOSK0_키움,2023-10-13,키움,SSG,A,Final,Loss,2.0,3.0,문학,
20231013WOSK0_SSG,2023-10-13,SSG,키움,H,Final,Win,3.0,2.0,문학,
20231013LGNC0_LG,2023-10-13,LG,NC,A,Final,Loss,4.0,8.0,창원,
20231013LGNC0_NC,2023-10-13,NC,LG,H,Final,Win,8.0,4.0,창원,
20231014LTHH0_롯데,2023-10-14,롯데,한화,A,Final,Loss,0.0,8.0,한밭,
20231014LTHH0_한화,2023-10-14,한화,롯데,H,Final,Win,8.0,0.0,한밭,
20231014OBLG0_두산,2023-10-14,두산,LG,A,Final,Win,3.0,2.0,잠실,
20231014OBLG0_LG,2023-10-14,LG,두산,H,Final,Loss,2.0,3.0,잠실,
20231014SKSS0_SSG,2023-10-14,SSG,삼성,A,Final,Loss,3.0,5.0,대구,
20231014SKSS0_삼성,2023-10-14,삼성,SSG,H,Final,Win,5.0,3.0,대구,
20231015LTHH0_롯데,2023-10-15,롯데,한화,A,Final,Loss,4.0,7.0,한밭,
20231015LTHH0_한화,2023-10-15,한화,롯데,H,Final,Win,7.0,4.0,한밭,
20231015OBLG0_두산,2023-10-15,두산,LG,A,Final,Loss,2.0,5.0,잠실,
20231015OBLG0_LG,2023-10-15,LG,두산,H,Final,Win,5.0,2.0,잠실,
20231015SSNC0_삼성,2023-10-15,삼성,NC,A,Final,Loss,3.0,5.0,창원,
20231015SSNC0_NC,2023-10-15,NC,삼성,H,Final,Win,5.0,3.0,창원,
20231016LTHH0_롯데,2023-10-16,롯데,한화,A,Final,Win,7.0,2.0,한밭,
20231016LTHH0_한화,2023-10-16,한화,롯데,H,Final,Loss,2.0,7.0,한밭,
20231016SKOB0_SSG,2023-10-16,SSG,두산,A,Final,Win,3.0,2.0,잠실,
20231016SKOB0_두산,2023-10-16,두산,SSG,H,Final,Loss,2.0,3.0,잠실,
20231016NCHT0_NC,2023-10-16,NC,KIA,A,Final,Loss,2.0,4.0,광주,
20231016NCHT0_KIA,2023-10-16,KIA,NC,H,Final,Win,4.0,2.0,광주,
20231017OBSK0_두산,2023-10-17,두산,SSG,A,Final,Loss,0.0,5.0,문학,
20231017OBSK0_SSG,2023-10-17,SSG,두산,H,Final,Win,5.0,0.0,문학,
20231017NCHT0_NC,2023-10-17,NC,KIA,A,Final,Loss,1.0,7.0,광주,
20231017NCHT0_KIA,2023-10-17,KIA,NC,H,Final,Win,7.0,1.0,광주,
20240323HHLG0_한화,2024-03-23,한화,LG,A,Final,Loss,2.0,8.0,잠실,
20240323HHLG0_LG,2024-03-23,LG,한화,H,Final,Win,8.0,2.0,잠실,
20240323LTSK0_롯데,2024-03-23,롯데,SSG,A,Final,Loss,3.0,5.0,문학,
20240323LTSK0_SSG,2024-03-23,SSG,롯데,H,Final,Win,5.0,3.0,문학,
20240323WOHT0_키움,2024-03-23,키움,KIA,A,Final,Loss,5.0,7.0,광주,
20240323WOHT0_KIA,2024-03-23,KIA,키움,H,Final,Win,7.0,5.0,광주,
20240323SSKT0_삼성,2024-03-23,삼성,KT,A,Final,Win,6.0,2.0,수원,
20240323SSKT0_KT,2024-03-23,KT,삼성,H,Final,Loss,2.0,6.0,수원,
20240323OBNC0_두산,2024-03-23,두산,NC,A,Final,Loss,3.0,4.0,창원,
20240323OBNC0_NC,2024-03-23,NC,두산,H,Final,Win,4.0,3.0,창원,
20240324HHLG0_한화,2024-03-24,한화,LG,A,Final,Win,8.0,4.0,잠실,
20240324HHLG0_LG,2024-03-24,LG,한화,H,Final,Loss,4.0,8.0,잠실,
20240324LTSK0_롯데,2024-03-24,롯데,SSG,A,Final,Loss,6.0,7.0,문학,
20240324LTSK0_SSG,2024-03-24,SSG,롯데,H,Final,Win,7.0,6.0,문학,
20240324SSKT0_삼성,2024-03-24,삼성,KT,A,Final,Win,11.0,8.0,수원,
20240324SSKT0_KT,2024-03-24,KT,삼성,H,Final,Loss,8.0,11.0,수원,
20240324OBNC0_두산,2024-03-24,두산,NC,A,Final,Win,6.0,3.0,창원,
20240324OBNC0_NC,2024-03-24,NC,두산,H,Final,Loss,3.0,6.0,창원,
20240326SSLG0_삼성,2024-03-26,삼성,LG,A,Final,Loss,3.0,4.0,잠실,
20240326SSLG0_LG,2024-03-26,LG,삼성,H,Final,Win,4.0,3.0,잠실,
20240326HHSK0_한화,2024-03-26,한화,SSG,A,Final,Win,6.0,0.0,문학,
20240326HHSK0_SSG,2024-03-26,SSG,한화,H,Final,Loss,0.0,6.0,문학,
20240326LTHT0_롯데,2024-03-26,롯데,KIA,A,Final,Loss,1.0,2.0,광주,
20240326LTHT0_KIA,2024-03-26,KIA,롯데,H,Final,Win,2.0,1.0,광주,
20240326OBKT0_두산,2024-03-26,두산,KT,A,Final,Win,8.0,5.0,수원,
20240326OBKT0_KT,2024-03-26,KT,두산,H,Final,Loss,5.0,8.0,수원,
20240326WONC0_키움,2024-03-26,키움,NC,A,Final,Loss,5.0,10.0,창원,
20240326WONC0_NC,2024-03-26,NC,키움,H,Final,Win,10.0,5.0,창원,
20240327HHSK0_한화,2024-03-27,한화,SSG,A,Final,Win,3.0,1.0,문학,
20240327HHSK0_SSG,2024-03-27,SSG,한화,H,Final,Loss,1.0,3.0,문학,
20240327LTHT0_롯데,2024-03-27,롯데,KIA,A,Final,Loss,2.0,8.0,광주,
20240327LTHT0_KIA,2024-03-27,KIA,롯데,H,Final,Win,8.0,2.0,광주,
20240327OBKT0_두산,2024-03-27,두산,KT,A,Final,Win,11.0,8.0,수원,
20240327OBKT0_KT,2024-03-27,KT,두산,H,Final,Loss,8.0,11.0,수원,
20240327WONC0_키움,2024-03-27,키움,NC,A,Final,Loss,2.0,6.0,창원,
20240327WONC0_NC,2024-03-27,NC,키움,H,Final,Win,6.0,2.0,창원,
20240328SSLG0_삼성,2024-03-28,삼성,LG,A,Final,Loss,1.0,18.0,잠실,
20240328SSLG0_LG,2024-03-28,LG,삼성,H,Final,Win,18.0,1.0,잠실,
20240328HHSK0_한화,2024-03-28,한화,SSG,A,Final,Win,10.0,6.0,문학,
20240328HHSK0_SSG,2024-03-28,SSG,한화,H,Final,Loss,6.0,10.0,문학,
20240328OBKT0_두산,2024-03-28,두산,KT,A,Final,Loss,7.0,8.0,수원,
20240328OBKT0_KT,2024-03-28,KT,두산,H,Final,Win,8.0,7.0,수원,
20240329KTHH0_KT,2024-03-29,KT,한화,A,Final,Loss,2.0,3.0,한밭,
20240329KTHH0_한화,2024-03-29,한화,KT,H,Final,Win,3.0,2.0,한밭,
20240329HTOB0_KIA,2024-03-29,KIA,두산,A,Final,Win,4.0,2.0,잠실,
20240329HTOB0_두산,2024-03-29,두산,KIA,H,Final,Loss,2.0,4.0,잠실,
20240329SKSS0_SSG,2024-03-29,SSG,삼성,A,Final,Win,6.0,4.0,대구,
20240329SKSS0_삼성,2024-03-29,삼성,SSG,H,Final,Loss,4.0,6.0,대구,
20240329NCLT0_NC,2024-03-29,NC,롯데,A,Final,Loss,1.0,3.0,사직,
20240329NCLT0_롯데,2024-03-29,롯데,NC,H,Final,Win,3.0,1.0,사직,
20240329LGWO0_LG,2024-03-29,LG,키움,A,Final,Win,3.0,0.0,고척,
20240329LGWO0_키움,2024-03-29,키움,LG,H,Final,Loss,0.0,3.0,고척,
20240330KTHH0_KT,2024-03-30,KT,한화,A,Final,Loss,5.0,8.0,한밭,
20240330KTHH0_한화,2024-03-30,한화,KT,H,Final,Win,8.0,5.0,한밭,
20240330HTOB0_KIA,2024-03-30,KIA,두산,A,Final,Loss,0.0,8.0,잠실,
20240330HTOB0_두산,2024-03-30,두산,KIA,H,Final,Win,8.0,0.0,잠실,
20240330SKSS0_SSG,2024-03-30,SSG,삼성,A,Final,Win,9.0,6.0,대구,
20240330SKSS0_삼성,2024-03-30,삼성,SSG,H,Final,Loss,6.0,9.0,대구,
20240330NCLT0_NC,2024-03-30,NC,롯데,A,Final,Win,8.0,0.0,사직,
20240330NCLT0_롯데,2024-03-30,롯데,NC,H,Final,Loss,0.0,8.0,사직,
20240330LGWO0_LG,2024-03-30,LG,키움,A,Final,Loss,3.0,8.0,고척,
20240330LGWO0_키움,2024-03-30,키움,LG,H,Final,Win,8.0,3.0,고척,
20240331KTHH0_KT,2024-03-31,KT,한화,A,Final,Loss,3.0,14.0,한밭,
20240331KTHH0_한화,2024-03-31,한화,KT,H,Final,Win,14.0,3.0,한밭,
20240331HTOB0_KIA,2024-03-31,KIA,두산,A,Final,Win,9.0,3.0,잠실,
20240331HTOB0_두산,2024-03-31,두산,KIA,H,Final,Loss,3.0,9.0,잠실,
20240331SKSS0_SSG,2024-03-31,SSG,삼성,A,Final,Win,4.0,3.0,대구,
20240331SKSS0_삼성,2024-03-31,삼성,SSG,H,Final,Loss,3.0,4.0,대구,
20240331NCLT0_NC,2024-03-31,NC,롯데,A,Final,Win,8.0,7.0,사직,
20240331NCLT0_롯데,2024-03-31,롯데,NC,H,Final,Loss,7.0,8.0,사직,
20240331LGWO0_LG,2024-03-31,LG,키움,A,Final,Loss,4.0,8.0,고척,
20240331LGWO0_키움,2024-03-31,키움,LG,H,Final,Win,8.0,4.0,고척,
20240402LTHH0_롯데,2024-04-02,롯데,한화,A,Final,Win,1.0,0.0,한밭,
20240402LTHH0_한화,2024-04-02,한화,롯데,H,Final,Loss,0.0,1.0,한밭,
20240402NCLG0_NC,2024-04-02,NC,LG,A,Final,Win,7.0,5.0,잠실,
20240402NCLG0_LG,2024-04-02,LG,NC,H,Final,Loss,5.0,7.0,잠실,
20240402WOSS0_키움,2024-04-02,키움,삼성,A,Final,Win,8.0,3.0,대구,
20240402WOSS0_삼성,2024-04-02,삼성,키움,H,Final,Loss,3.0,8.0,대구,
20240402OBSK0_두산,2024-04-02,두산,SSG,A,Final,Loss,6.0,13.0,문학,
20240402OBSK0_SSG,2024-04-02,SSG,두산,H,Final,Win,13.0,6.0,문학,
20240402HTKT0_KIA,2024-04-02,KIA,KT,A,Final,Loss,6.0,10.0,수원,
20240402HTKT0_KT,2024-04-02,KT,KIA,H,Final,Win,10.0,6.0,수원,
20240403NCLG0_NC,2024-04-03,NC,LG,A,Final,Loss,0.0,5.0,잠실,
20240403NCLG0_LG,2024-04-03,LG,NC,H,Final,Win,5.0,0.0,잠실,
20240403OBSK0_두산,2024-04-03,두산,SSG,A,Final,Loss,3.0,5.0,문학,
20240403OBSK0_SSG,2024-04-03,SSG,두산,H,Final,Win,5.0,3.0,문학,
20240403HTKT0_KIA,2024-04-03,KIA,KT,A,Final,Win,5.0,1.0,수원,
20240403HTKT0_KT,2024-04-03,KT,KIA,H,Final,Loss,1.0,5.0,수원,
20240404LTHH0_롯데,2024-04-04,롯데,한화,A,Final,Loss,5.0,6.0,한밭,
20240404LTHH0_한화,2024-04-04,한화,롯데,H,Final,Win,6.0,5.0,한밭,
20240404NCLG0_NC,2024-04-04,NC,LG,A,Final,Loss,7.0,8.0,잠실,
20240404NCLG0_LG,2024-04-04,LG,NC,H,Final,Win,8.0,7.0,잠실,
20240404WOSS0_키움,2024-04-04,키움,삼성,A,Final,Win,10.0,1.0,대구,
20240404WOSS0_삼성,2024-04-04,삼성,키움,H,Final,Loss,1.0,10.0,대구,
20240404OBSK0_두산,2024-04-04,두산,SSG,A,Final,Loss,2.0,3.0,문학,
20240404OBSK0_SSG,2024-04-04,SSG,두산,H,Final,Win,3.0,2.0,문학,
20240404HTKT0_KIA,2024-04-04,KIA,KT,A,Final,Win,6.0,3.0,수원,
20240404HTKT0_KT,2024-04-04,KT,KIA,H,Final,Loss,3.0,6.0,수원,
20240405KTLG0_KT,2024-04-05,KT,LG,A,Final,Win,8.0,7.0,잠실,
20240405KTLG0_LG,2024-04-05,LG,KT,H,Final,Loss,7.0,8.0,잠실,
20240405OBLT0_두산,2024-04-05,두산,롯데,A,Final,Win,4.0,3.0,사직,
20240405OBLT0_롯데,2024-04-05,롯데,두산,H,Final,Loss,3.0,4.0,사직,
20240405SSHT0_삼성,2024-04-05,삼성,KIA,A,Final,Loss,2.0,5.0,광주,
20240405SSHT0_KIA,2024-04-05,KIA,삼성,H,Final,Win,5.0,2.0,광주,
20240405SKNC0_SSG,2024-04-05,SSG,NC,A,Final,Loss,0.0,5.0,창원,
20240405SKNC0_NC,2024-04-05,NC,SSG,H,Final,Win,5.0,0.0,창원,
20240405HHWO0_한화,2024-04-05,한화,키움,A,Final,Loss,7.0,11.0,고척,
20240405HHWO0_키움,2024-04-05,키움,한화,H,Final,Win,11.0,7.0,고척,
20240406KTLG0_KT,2024-04-06,KT,LG,A,Final,Loss,4.0,8.0,잠실,
20240406KTLG0_LG,2024-04-06,LG,KT,H,Final,Win,8.0,4.0,잠실,
20240406OBLT0_두산,2024-04-06,두산,롯데,A,Final,Loss,1.0,8.0,사직,
20240406OBLT0_롯데,2024-04-06,롯데,두산,H,Final,Win,8.0,1.0,사직,
20240406SSHT0_삼성,2024-04-06,삼성,KIA,A,Final,Win,7.0,4.0,광주,
20240406SSHT0_KIA,2024-04-06,KIA,삼성,H,Final,Loss,4.0,7.0,광주,
20240406SKNC0_SSG,2024-04-06,SSG,NC,A,Final,Loss,3.0,16.0,창원,
20240406SKNC0_NC,2024-04-06,NC,SSG,H,Final,Win,16.0,3.0,창원,
20240406HHWO0_한화,2024-04-06,한화,키움,A,Final,Loss,6.0,7.0,고척,
20240406HHWO0_키움,2024-04-06,키움,한화,H,Final,Win,7.0,6.0,고척,
20240407KTLG0_KT,2024-04-07,KT,LG,A,Final,Loss,7.0,16.0,잠실,
20240407KTLG0_LG,2024-04-07,LG,KT,H,Final,Win,16.0,7.0,잠실,
20240407OBLT0_두산,2024-04-07,두산,롯데,A,Final,Loss,6.0,7.0,사직,
20240407OBLT0_롯데,2024-04-07,롯데,두산,H,Final,Win,7.0,6.0,사직,
20240407SSHT0_삼성,2024-04-07,삼성,KIA,A,Final,Win,7.0,3.0,광주,
20240407SSHT0_KIA,2024-04-07,KIA,삼성,H,Final,Loss,3.0,7.0,광주,
20240407SKNC0_SSG,2024-04-07,SSG,NC,A,Final,Loss,1.0,10.0,창원,
20240407SKNC0_NC,2024-04-07,NC,SSG,H,Final,Win,10.0,1.0,창원,
20240407HHWO0_한화,2024-04-07,한화,키움,A,Final,Loss,3.0,4.0,고척,
20240407HHWO0_키움,2024-04-07,키움,한화,H,Final,Win,4.0,3.0,고척,
20240409HHOB0_한화,2024-04-09,한화,두산,A,Final,Loss,3.0,5.0,잠실,
20240409HHOB0_두산,2024-04-09,두산,한화,H,Final,Win,5.0,3.0,잠실,
20240409SSLT0_삼성,2024-04-09,삼성,롯데,A,Final,Win,8.0,1.0,사직,
20240409SSLT0_롯데,2024-04-09,롯데,삼성,H,Final,Loss,1.0,8.0,사직,
20240409WOSK0_키움,2024-04-09,키움,SSG,A,Final,Loss,5.0,8.0,문학,
20240409WOSK0_SSG,2024-04-09,SSG,키움,H,Final,Win,8.0,5.0,문학,
20240409LGHT0_LG,2024-04-09,LG,KIA,A,Final,Loss,2.0,7.0,광주,
20240409LGHT0_KIA,2024-04-09,KIA,LG,H,Final,Win,7.0,2.0,광주,
20240409KTNC0_KT,2024-04-09,KT,NC,A,Final,Win,6.0,1.0,창원,
20240409KTNC0_NC,2024-04-09,NC,KT,H,Final,Loss,1.0,6.0,창원,
20240410HHOB0_한화,2024-04-10,한화,두산,A,Final,Loss,4.0,7.0,잠실,
20240410HHOB0_두산,2024-04-10,두산,한화,H,Final,Win,7.0,4.0,잠실,
20240410SSLT0_삼성,2024-04-10,삼성,롯데,A,Final,Win,10.0,7.0,사직,
20240410SSLT0_롯데,2024-04-10,롯데,삼성,H,Final,Loss,7.0,10.0,사직,
20240410WOSK0_키움,2024-04-10,키움,SSG,A,Final,Loss,4.0,8.0,문학,
20240410WOSK0_SSG,2024-04-10,SSG,키움,H,Final,Win,8.0,4.0,문학,
20240410LGHT0_LG,2024-04-10,LG,KIA,A,Final,Loss,4.0,5.0,광주,
20240410LGHT0_KIA,2024-04-10,KIA,LG,H,Final,Win,5.0,4.0,광주,
20240410KTNC0_KT,2024-04-10,KT,NC,A,Final,Loss,2.0,3.0,창원,
20240410KTNC0_NC,2024-04-10,NC,KT,H,Final,Win,3.0,2.0,창원,
20240411HHOB0_한화,2024-04-11,한화,두산,A,Final,Win,3.0,0.0,잠실,
20240411HHOB0_두산,2024-04-11,두산,한화,H,Final,Loss,0.0,3.0,잠실,
20240411SSLT0_삼성,2024-04-11,삼성,롯데,A,Final,Win,4.0,0.0,사직,
20240411SSLT0_롯데,2024-04-11,롯데,삼성,H,Final,Loss,0.0,4.0,사직,
20240411WOSK0_키움,2024-04-11,키움,SSG,A,Final,Win,5.0,2.0,문학,
20240411WOSK0_SSG,2024-04-11,SSG,키움,H,Final,Loss,2.0,5.0,문학,
20240411LGHT0_LG,2024-04-11,LG,KIA,A,Final,Loss,4.0,8.0,광주,
20240411LGHT0_KIA,2024-04-11,KIA,LG,H,Final,Win,8.0,4.0,광주,
20240411KTNC0_KT,2024-04-11,KT,NC,A,Final,Loss,7.0,8.0,창원,
20240411KTNC0_NC,2024-04-11,NC,KT,H,Final,Win,8.0,7.0,창원,
20240412HTHH0_KIA,2024-04-12,KIA,한화,A,Final,Win,8.0,4.0,한밭,
20240412HTHH0_한화,2024-04-12,한화,KIA,H,Final,Loss,4.0,8.0,한밭,
20240412LGOB0_LG,2024-04-12,LG,두산,A,Final,Win,2.0,1.0,잠실,
20240412LGOB0_두산,2024-04-12,두산,LG,H,Final,Loss,1.0,2.0,잠실,
20240412NCSS0_NC,2024-04-12,NC,삼성,A,Final,Win,8.0,3.0,대구,
20240412NCSS0_삼성,2024-04-12,삼성,NC,H,Final,Loss,3.0,8.0,대구,
20240412SKKT0_SSG,2024-04-12,SSG,KT,A,Final,Loss,3.0,8.0,수원,
20240412SKKT0_KT,2024-04-12,KT,SSG,H,Final,Win,8.0,3.0,수원,
20240412LTWO0_롯데,2024-04-12,롯데,키움,A,Final,Loss,4.0,9.0,고척,
20240412LTWO0_키움,2024-04-12,키움,롯데,H,Final,Win,9.0,4.0,고척,
20240413HTHH0_KIA,2024-04-13,KIA,한화,A,Final,Win,11.0,9.0,한밭,
20240413HTHH0_한화,2024-04-13,한화,KIA,H,Final,Loss,9.0,11.0,한밭,
20240413LGOB0_LG,2024-04-13,LG,두산,A,Final,Loss,2.0,5.0,잠실,
20240413LGOB0_두산,2024-04-13,두산,LG,H,Final,Win,5.0,2.0,잠실,
20240413NCSS0_NC,2024-04-13,NC,삼성,A,Final,Win,4.0,3.0,대구,
20240413NCSS0_삼성,2024-04-13,삼성,NC,H,Final,Loss,3.0,4.0,대구,
20240413SKKT0_SSG,2024-04-13,SSG,KT,A,Final,Win,11.0,8.0,수원,
20240413SKKT0_KT,2024-04-13,KT,SSG,H,Final,Loss,8.0,11.0,수원,
20240413LTWO0_롯데,2024-04-13,롯데,키움,A,Final,Loss,1.0,8.0,고척,
20240413LTWO0_키움,2024-04-13,키움,롯데,H,Final,Win,8.0,1.0,고척,
20240414HTHH0_KIA,2024-04-14,KIA,한화,A,Final,Win,5.0,2.0,한밭,
20240414HTHH0_한화,2024-04-14,한화,KIA,H,Final,Loss,2.0,5.0,한밭,
20240414LGOB0_LG,2024-04-14,LG,두산,A,Final,Loss,5.0,9.0,잠실,
20240414LGOB0_두산,2024-04-14,두산,LG,H,Final,Win,9.0,5.0,잠실,
20240414NCSS0_NC,2024-04-14,NC,삼성,A,Final,Loss,5.0,12.0,대구,
20240414NCSS0_삼성,2024-04-14,삼성,NC,H,Final,Win,12.0,5.0,대구,
20240414SKKT0_SSG,2024-04-14,SSG,KT,A,Final,Win,8.0,1.0,수원,
20240414SKKT0_KT,2024-04-14,KT,SSG,H,Final,Loss,1.0,8.0,수원,
20240414LTWO0_롯데,2024-04-14,롯데,키움,A,Final,Loss,5.0,7.0,고척,
20240414LTWO0_키움,2024-04-14,키움,롯데,H,Final,Win,7.0,5.0,고척,
20240416LTLG0_롯데,2024-04-16,롯데,LG,A,Final,Loss,2.0,7.0,잠실,
20240416LTLG0_LG,2024-04-16,LG,롯데,H,Final,Win,7.0,2.0,잠실,
20240416OBSS0_두산,2024-04-16,두산,삼성,A,Final,Loss,5.0,7.0,대구,
20240416OBSS0_삼성,2024-04-16,삼성,두산,H,Final,Win,7.0,5.0,대구,
20240416HTSK0_KIA,2024-04-16,KIA,SSG,A,Final,Loss,4.0,6.0,문학,
20240416HTSK0_SSG,2024-04-16,SSG,KIA,H,Final,Win,6.0,4.0,문학,
20240416HHNC0_한화,2024-04-16,한화,NC,A,Final,Win,7.0,4.0,창원,
20240416HHNC0_NC,2024-04-16,NC,한화,H,Final,Loss,4.0,7.0,창원,
20240416KTWO0_KT,2024-04-16,KT,키움,A,Final,Loss,3.0,6.0,고척,
20240416KTWO0_키움,2024-04-16,키움,KT,H,Final,Win,6.0,3.0,고척,
20240417LTLG0_롯데,2024-04-17,롯데,LG,A,Final,Loss,5.0,6.0,잠실,
20240417LTLG0_LG,2024-04-17,LG,롯데,H,Final,Win,6.0,5.0,잠실,
20240417OBSS0_두산,2024-04-17,두산,삼성,A,Final,Loss,2.0,9.0,대구,
20240417OBSS0_삼성,2024-04-17,삼성,두산,H,Final,Win,9.0,2.0,대구,
20240417HTSK0_KIA,2024-04-17,KIA,SSG,A,Final,Win,11.0,3.0,문학,
20240417HTSK0_SSG,2024-04-17,SSG,KIA,H,Final,Loss,3.0,11.0,문학,
20240417HHNC0_한화,2024-04-17,한화,NC,A,Final,Loss,3.0,4.0,창원,
20240417HHNC0_NC,2024-04-17,NC,한화,H,Final,Win,4.0,3.0,창원,
20240417KTWO0_KT,2024-04-17,KT,키움,A,Final,Win,6.0,4.0,고척,
20240417KTWO0_키움,2024-04-17,키움,KT,H,Final,Loss,4.0,6.0,고척,
20240418LTLG0_롯데,2024-04-18,롯데,LG,A,Final,Win,9.0,2.0,잠실,
20240418LTLG0_LG,2024-04-18,LG,롯데,H,Final,Loss,2.0,9.0,잠실,
20240418OBSS0_두산,2024-04-18,두산,삼성,A,Final,Loss,2.0,5.0,대구,
20240418OBSS0_삼성,2024-04-18,삼성,두산,H,Final,Win,5.0,2.0,대구,
20240418HTSK0_KIA,2024-04-18,KIA,SSG,A,Final,Loss,5.0,7.0,문학,
20240418HTSK0_SSG,2024-04-18,SSG,KIA,H,Final,Win,7.0,5.0,문학,
20240418KTWO0_KT,2024-04-18,KT,키움,A,Final,Win,3.0,0.0,고척,
20240418KTWO0_키움,2024-04-18,키움,KT,H,Final,Loss,0.0,3.0,고척,
20240419SSHH0_삼성,2024-04-19,삼성,한화,A,Final,Loss,1.0,6.0,한밭,
20240419SSHH0_한화,2024-04-19,한화,삼성,H,Final,Win,6.0,1.0,한밭,
20240419WOOB0_키움,2024-04-19,키움,두산,A,Final,Loss,8.0,19.0,잠실,
20240419WOOB0_두산,2024-04-19,두산,키움,H,Final,Win,19.0,8.0,잠실,
20240419KTLT0_KT,2024-04-19,KT,롯데,A,Final,Loss,3.0,4.0,사직,
20240419KTLT0_롯데,2024-04-19,롯데,KT,H,Final,Win,4.0,3.0,사직,
20240419LGSK0_LG,2024-04-19,LG,SSG,A,Final,Win,4.0,1.0,문학,
20240419LGSK0_SSG,2024-04-19,SSG,LG,H,Final,Loss,1.0,4.0,문학,
20240419NCHT0_NC,2024-04-19,NC,KIA,A,Final,Loss,3.0,4.0,광주,
20240419NCHT0_KIA,2024-04-19,KIA,NC,H,Final,Win,4.0,3.0,광주,
20240420SSHH0_삼성,2024-04-20,삼성,한화,A,Final,Win,1.0,0.0,한밭,
20240420SSHH0_한화,2024-04-20,한화,삼성,H,Final,Loss,0.0,1.0,한밭,
20240420NCHT0_NC,2024-04-20,NC,KIA,A,Final,Loss,2.0,9.0,광주,
20240420NCHT0_KIA,2024-04-20,KIA,NC,H,Final,Win,9.0,2.0,광주,
20240421SSHH0_삼성,2024-04-21,삼성,한화,A,Final,Win,5.0,3.0,한밭,
20240421SSHH0_한화,2024-04-21,한화,삼성,H,Final,Loss,3.0,5.0,한밭,
20240421NCHT0_NC,2024-04-21,NC,KIA,A,Final,Win,15.0,4.0,광주,
20240421NCHT0_KIA,2024-04-21,KIA,NC,H,Final,Loss,4.0,15.0,광주,
20240421WOOB2_키움,2024-04-21,키움,두산,A,Final,Win,8.0,4.0,잠실,
20240421WOOB2_두산,2024-04-21,두산,키움,H,Final,Loss,4.0,8.0,잠실,
20240421LGSK2_LG,2024-04-21,LG,SSG,A,Final,Win,10.0,8.0,문학,
20240421LGSK2_SSG,2024-04-21,SSG,LG,H,Final,Loss,8.0,10.0,문학,
20240421WOOB2_키움,2024-04-21,키움,두산,A,Final,Loss,1.0,2.0,잠실,
20240421WOOB2_두산,2024-04-21,두산,키움,H,Final,Win,2.0,1.0,잠실,
20240421KTLT2_KT,2024-04-21,KT,롯데,A,Final,Loss,5.0,7.0,사직,
20240421KTLT2_롯데,2024-04-21,롯데,KT,H,Final,Win,7.0,5.0,사직,
20240423NCOB0_NC,2024-04-23,NC,두산,A,Final,Loss,3.0,4.0,잠실,
20240423NCOB0_두산,2024-04-23,두산,NC,H,Final,Win,4.0,3.0,잠실,
20240423LGSS0_LG,2024-04-23,LG,삼성,A,Final,Loss,3.0,7.0,대구,
20240423LGSS0_삼성,2024-04-23,삼성,LG,H,Final,Win,7.0,3.0,대구,
20240423HHKT0_한화,2024-04-23,한화,KT,A,Final,Loss,6.0,9.0,수원,
20240423HHKT0_KT,2024-04-23,KT,한화,H,Final,Win,9.0,6.0,수원,
20240423HTWO0_KIA,2024-04-23,KIA,키움,A,Final,Win,5.0,2.0,고척,
20240423HTWO0_키움,2024-04-23,키움,KIA,H,Final,Loss,2.0,5.0,고척,
20240424NCOB0_NC,2024-04-24,NC,두산,A,Final,Win,3.0,1.0,잠실,
20240424NCOB0_두산,2024-04-24,두산,NC,H,Final,Loss,1.0,3.0,잠실,
20240424LGSS0_LG,2024-04-24,LG,삼성,A,Final,Loss,0.0,6.0,대구,
20240424LGSS0_삼성,2024-04-24,삼성,LG,H,Final,Win,6.0,0.0,대구,
20240424SKLT0_SSG,2024-04-24,SSG,롯데,A,Final,Win,12.0,7.0,사직,
20240424SKLT0_롯데,2024-04-24,롯데,SSG,H,Final,Loss,7.0,12.0,사직,
20240424HHKT0_한화,2024-04-24,한화,KT,A,Final,Loss,1.0,7.0,수원,
20240424HHKT0_KT,2024-04-24,KT,한화,H,Final,Win,7.0,1.0,수원,
20240424HTWO0_KIA,2024-04-24,KIA,키움,A,Final,Win,6.0,4.0,고척,
20240424HTWO0_키움,2024-04-24,키움,KIA,H,Final,Loss,4.0,6.0,고척,
20240425NCOB0_NC,2024-04-25,NC,두산,A,Final,Loss,3.0,7.0,잠실,
20240425NCOB0_두산,2024-04-25,두산,NC,H,Final,Win,7.0,3.0,잠실,
20240425LGSS0_LG,2024-04-25,LG,삼성,A,Final,Win,8.0,2.0,대구,
20240425LGSS0_삼성,2024-04-25,삼성,LG,H,Final,Loss,2.0,8.0,대구,
20240425SKLT0_SSG,2024-04-25,SSG,롯데,A,Final,Loss,3.0,6.0,사직,
20240425SKLT0_롯데,2024-04-25,롯데,SSG,H,Final,Win,6.0,3.0,사직,
20240425HHKT0_한화,2024-04-25,한화,KT,A,Final,Loss,0.0,9.0,수원,
20240425HHKT0_KT,2024-04-25,KT,한화,H,Final,Win,9.0,0.0,수원,
20240425HTWO0_KIA,2024-04-25,KIA,키움,A,Final,Win,13.0,2.0,고척,
20240425HTWO0_키움,2024-04-25,키움,KIA,H,Final,Loss,2.0,13.0,고척,
20240426OBHH0_두산,2024-04-26,두산,한화,A,Final,Win,10.0,5.0,한밭,
20240426OBHH0_한화,2024-04-26,한화,두산,H,Final,Loss,5.0,10.0,한밭,
20240426HTLG0_KIA,2024-04-26,KIA,LG,A,Final,Loss,6.0,7.0,잠실,
20240426HTLG0_LG,2024-04-26,LG,KIA,H,Final,Win,7.0,6.0,잠실,
20240426KTSK0_KT,2024-04-26,KT,SSG,A,Final,Loss,2.0,5.0,문학,
20240426KTSK0_SSG,2024-04-26,SSG,KT,H,Final,Win,5.0,2.0,문학,
20240426LTNC0_롯데,2024-04-26,롯데,NC,A,Final,Loss,0.0,4.0,창원,
20240426LTNC0_NC,2024-04-26,NC,롯데,H,Final,Win,4.0,0.0,창원,
20240426SSWO0_삼성,2024-04-26,삼성,키움,A,Final,Win,3.0,0.0,고척,
20240426SSWO0_키움,2024-04-26,키움,삼성,H,Final,Loss,0.0,3.0,고척,
20240427HTLG0_KIA,2024-04-27,KIA,LG,A,Final,Loss,3.0,6.0,잠실,
20240427HTLG0_LG,2024-04-27,LG,KIA,H,Final,Win,6.0,3.0,잠실,
20240427OBHH0_두산,2024-04-27,두산,한화,A,Final,Loss,5.0,10.0,한밭,
20240427OBHH0_한화,2024-04-27,한화,두산,H,Final,Win,10.0,5.0,한밭,
20240427KTSK0_KT,2024-04-27,KT,SSG,A,Final,Win,5.0,2.0,문학,
20240427KTSK0_SSG,2024-04-27,SSG,KT,H,Final,Loss,2.0,5.0,문학,
20240427LTNC0_롯데,2024-04-27,롯데,NC,A,Final,Loss,0.0,2.0,창원,
20240427LTNC0_NC,2024-04-27,NC,롯데,H,Final,Win,2.0,0.0,창원,
20240427SSWO0_삼성,2024-04-27,삼성,키움,A,Final,Win,11.0,0.0,고척,
20240427SSWO0_키움,2024-04-27,키움,삼성,H,Final,Loss,0.0,11.0,고척,
20240428OBHH0_두산,2024-04-28,두산,한화,A,Final,Win,17.0,8.0,한밭,
20240428OBHH0_한화,2024-04-28,한화,두산,H,Final,Loss,8.0,17.0,한밭,
20240428HTLG0_KIA,2024-04-28,KIA,LG,A,Final,Win,10.0,7.0,잠실,
20240428HTLG0_LG,2024-04-28,LG,KIA,H,Final,Loss,7.0,10.0,잠실,
20240428KTSK0_KT,2024-04-28,KT,SSG,A,Final,Loss,6.0,11.0,문학,
20240428KTSK0_SSG,2024-04-28,SSG,KT,H,Final,Win,11.0,6.0,문학,
20240428LTNC0_롯데,2024-04-28,롯데,NC,A,Final,Loss,3.0,5.0,창원,
20240428LTNC0_NC,2024-04-28,NC,롯데,H,Final,Win,5.0,3.0,창원,
20240428SSWO0_삼성,2024-04-28,삼성,키움,A,Final,Win,11.0,6.0,고척,
20240428SSWO0_키움,2024-04-28,키움,삼성,H,Final,Loss,6.0,11.0,고척,
20240430SKHH0_SSG,2024-04-30,SSG,한화,A,Final,Loss,2.0,8.0,한밭,
20240430SKHH0_한화,2024-04-30,한화,SSG,H,Final,Win,8.0,2.0,한밭,
20240430SSOB0_삼성,2024-04-30,삼성,두산,A,Final,Loss,0.0,4.0,잠실,
20240430SSOB0_두산,2024-04-30,두산,삼성,H,Final,Win,4.0,0.0,잠실,
20240430WOLT0_키움,2024-04-30,키움,롯데,A,Final,Win,9.0,7.0,사직,
20240430WOLT0_롯데,2024-04-30,롯데,키움,H,Final,Loss,7.0,9.0,사직,
20240430KTHT0_KT,2024-04-30,KT,KIA,A,Final,Win,11.0,4.0,광주,
20240430KTHT0_KIA,2024-04-30,KIA,KT,H,Final,Loss,4.0,11.0,광주,
20240430LGNC0_LG,2024-04-30,LG,NC,A,Final,Loss,0.0,8.0,창원,
20240430LGNC0_NC,2024-04-30,NC,LG,H,Final,Win,8.0,0.0,창원,
20240501SKHH0_SSG,2024-05-01,SSG,한화,A,Final,Win,8.0,7.0,한밭,
20240501SKHH0_한화,2024-05-01,한화,SSG,H,Final,Loss,7.0,8.0,한밭,
20240501SSOB0_삼성,2024-05-01,삼성,두산,A,Final,Win,9.0,2.0,잠실,
20240501SSOB0_두산,2024-05-01,두산,삼성,H,Final,Loss,2.0,9.0,잠실,
20240501WOLT0_키움,2024-05-01,키움,롯데,A,Final,Win,6.0,3.0,사직,
20240501WOLT0_롯데,2024-05-01,롯데,키움,H,Final,Loss,3.0,6.0,사직,
20240501KTHT0_KT,2024-05-01,KT,KIA,A,Final,Loss,1.0,9.0,광주,
20240501KTHT0_KIA,2024-05-01,KIA,KT,H,Final,Win,9.0,1.0,광주,
20240501LGNC0_LG,2024-05-01,LG,NC,A,Final,Win,10.0,1.0,창원,
20240501LGNC0_NC,2024-05-01,NC,LG,H,Final,Loss,1.0,10.0,창원,
20240502SKHH0_SSG,2024-05-02,SSG,한화,A,Final,Win,4.0,3.0,한밭,
20240502SKHH0_한화,2024-05-02,한화,SSG,H,Final,Loss,3.0,4.0,한밭,
20240502SSOB0_삼성,2024-05-02,삼성,두산,A,Final,Win,4.0,2.0,잠실,
20240502SSOB0_두산,2024-05-02,두산,삼성,H,Final,Loss,2.0,4.0,잠실,
20240502WOLT0_키움,2024-05-02,키움,롯데,A,Final,Loss,5.0,6.0,사직,
20240502WOLT0_롯데,2024-05-02,롯데,키움,H,Final,Win,6.0,5.0,사직,
20240502KTHT0_KT,2024-05-02,KT,KIA,A,Final,Win,12.0,5.0,광주,
20240502KTHT0_KIA,2024-05-02,KIA,KT,H,Final,Loss,5.0,12.0,광주,
20240502LGNC0_LG,2024-05-02,LG,NC,A,Final,Win,5.0,4.0,창원,
20240502LGNC0_NC,2024-05-02,NC,LG,H,Final,Loss,4.0,5.0,창원,
20240503OBLG0_두산,2024-05-03,두산,LG,A,Final,Win,6.0,4.0,잠실,
20240503OBLG0_LG,2024-05-03,LG,두산,H,Final,Loss,4.0,6.0,잠실,
20240503LTSS0_롯데,2024-05-03,롯데,삼성,A,Final,Win,8.0,7.0,대구,
20240503LTSS0_삼성,2024-05-03,삼성,롯데,H,Final,Loss,7.0,8.0,대구,
20240503NCSK0_NC,2024-05-03,NC,SSG,A,Final,Win,19.0,5.0,문학,
20240503NCSK0_SSG,2024-05-03,SSG,NC,H,Final,Loss,5.0,19.0,문학,
20240503HHHT0_한화,2024-05-03,한화,KIA,A,Final,Win,4.0,2.0,광주,
20240503HHHT0_KIA,2024-05-03,KIA,한화,H,Final,Loss,2.0,4.0,광주,
20240503WOKT0_키움,2024-05-03,키움,KT,A,Final,Loss,1.0,2.0,수원,
20240503WOKT0_KT,2024-05-03,KT,키움,H,Final,Win,2.0,1.0,수원,
20240504OBLG0_두산,2024-05-04,두산,LG,A,Final,Win,3.0,2.0,잠실,
20240504OBLG0_LG,2024-05-04,LG,두산,H,Final,Loss,2.0,3.0,잠실,
20240504LTSS0_롯데,2024-05-04,롯데,삼성,A,Final,Win,9.0,2.0,대구,
20240504LTSS0_삼성,2024-05-04,삼성,롯데,H,Final,Loss,2.0,9.0,대구,
20240504NCSK0_NC,2024-05-04,NC,SSG,A,Final,Win,8.0,6.0,문학,
20240504NCSK0_SSG,2024-05-04,SSG,NC,H,Final,Loss,6.0,8.0,문학,
20240504HHHT0_한화,2024-05-04,한화,KIA,A,Final,Loss,2.0,10.0,광주,
20240504HHHT0_KIA,2024-05-04,KIA,한화,H,Final,Win,10.0,2.0,광주,
20240504WOKT0_키움,2024-05-04,키움,KT,A,Final,Loss,2.0,6.0,수원,
20240504WOKT0_KT,2024-05-04,KT,키움,H,Final,Win,6.0,2.0,수원,
20240507SKLG0_SSG,2024-05-07,SSG,LG,A,Final,Win,4.0,2.0,잠실,
20240507SKLG0_LG,2024-05-07,LG,SSG,H,Final,Loss,2.0,4.0,잠실,
20240507OBWO0_두산,2024-05-07,두산,키움,A,Final,Win,13.0,4.0,고척,
20240507OBWO0_키움,2024-05-07,키움,두산,H,Final,Loss,4.0,13.0,고척,
20240508SKLG0_SSG,2024-05-08,SSG,LG,A,Final,Loss,5.0,8.0,잠실,
20240508SKLG0_LG,2024-05-08,LG,SSG,H,Final,Win,8.0,5.0,잠실,
20240508HTSS0_KIA,2024-05-08,KIA,삼성,A,Final,Win,4.0,2.0,대구,
20240508HTSS0_삼성,2024-05-08,삼성,KIA,H,Final,Loss,2.0,4.0,대구,
20240508HHLT0_한화,2024-05-08,한화,롯데,A,Final,Loss,1.0,6.0,사직,
20240508HHLT0_롯데,2024-05-08,롯데,한화,H,Final,Win,6.0,1.0,사직,
20240508NCKT0_NC,2024-05-08,NC,KT,A,Final,Loss,6.0,7.0,수원,
20240508NCKT0_KT,2024-05-08,KT,NC,H,Final,Win,7.0,6.0,수원,
20240508OBWO0_두산,2024-05-08,두산,키움,A,Final,Win,6.0,1.0,고척,
20240508OBWO0_키움,2024-05-08,키움,두산,H,Final,Loss,1.0,6.0,고척,
20240509SKLG0_SSG,2024-05-09,SSG,LG,A,Final,Loss,1.0,3.0,잠실,
20240509SKLG0_LG,2024-05-09,LG,SSG,H,Final,Win,3.0,1.0,잠실,
20240509HTSS0_KIA,2024-05-09,KIA,삼성,A,Final,Loss,2.0,5.0,대구,
20240509HTSS0_삼성,2024-05-09,삼성,KIA,H,Final,Win,5.0,2.0,대구,
20240509HHLT0_한화,2024-05-09,한화,롯데,A,Final,Loss,5.0,18.0,사직,
20240509HHLT0_롯데,2024-05-09,롯데,한화,H,Final,Win,18.0,5.0,사직,
20240509NCKT0_NC,2024-05-09,NC,KT,A,Final,Loss,2.0,6.0,수원,
20240509NCKT0_KT,2024-05-09,KT,NC,H,Final,Win,6.0,2.0,수원,
20240509OBWO0_두산,2024-05-09,두산,키움,A,Final,Win,5.0,2.0,고척,
20240509OBWO0_키움,2024-05-09,키움,두산,H,Final,Loss,2.0,5.0,고척,
20240510WOHH0_키움,2024-05-10,키움,한화,A,Final,Loss,4.0,5.0,한밭,
20240510WOHH0_한화,2024-05-10,한화,키움,H,Final,Win,5.0,4.0,한밭,
20240510KTOB0_KT,2024-05-10,KT,두산,A,Final,Loss,3.0,7.0,잠실,
20240510KTOB0_두산,2024-05-10,두산,KT,H,Final,Win,7.0,3.0,잠실,
20240510LGLT0_LG,2024-05-10,LG,롯데,A,Final,Win,9.0,1.0,사직,
20240510LGLT0_롯데,2024-05-10,롯데,LG,H,Final,Loss,1.0,9.0,사직,
20240510SKHT0_SSG,2024-05-10,SSG,KIA,A,Final,Win,4.0,2.0,광주,
20240510SKHT0_KIA,2024-05-10,KIA,SSG,H,Final,Loss,2.0,4.0,광주,
20240510SSNC0_삼성,2024-05-10,삼성,NC,A,Final,Loss,3.0,10.0,창원,
20240510SSNC0_NC,2024-05-10,NC,삼성,H,Final,Win,10.0,3.0,창원,
20240511WOHH0_키움,2024-05-11,키움,한화,A,Final,Win,7.0,1.0,한밭,
20240511WOHH0_한화,2024-05-11,한화,키움,H,Final,Loss,1.0,7.0,한밭,
20240511LGLT0_LG,2024-05-11,LG,롯데,A,Final,Win,2.0,1.0,사직,
20240511LGLT0_롯데,2024-05-11,롯데,LG,H,Final,Loss,1.0,2.0,사직,
20240511SSNC0_삼성,2024-05-11,삼성,NC,A,Final,Win,3.0,2.0,창원,
20240511SSNC0_NC,2024-05-11,NC,삼성,H,Final,Loss,2.0,3.0,창원,
20240512WOHH0_키움,2024-05-12,키움,한화,A,Final,Loss,3.0,8.0,한밭,
20240512WOHH0_한화,2024-05-12,한화,키움,H,Final,Win,8.0,3.0,한밭,
20240512LGLT0_LG,2024-05-12,LG,롯데,A,Final,Win,6.0,4.0,사직,
20240512LGLT0_롯데,2024-05-12,롯데,LG,H,Final,Loss,4.0,6.0,사직,
20240512SSNC0_삼성,2024-05-12,삼성,NC,A,Final,Win,7.0,2.0,창원,
20240512SSNC0_NC,2024-05-12,NC,삼성,H,Final,Loss,2.0,7.0,창원,
20240512KTOB1_KT,2024-05-12,KT,두산,A,Final,Loss,4.0,12.0,잠실,
20240512KTOB1_두산,2024-05-12,두산,KT,H,Final,Win,12.0,4.0,잠실,
20240512SKHT1_SSG,2024-05-12,SSG,KIA,A,Final,Loss,2.0,3.0,광주,
20240512SKHT1_KIA,2024-05-12,KIA,SSG,H,Final,Win,3.0,2.0,광주,
20240512KTOB2_KT,2024-05-12,KT,두산,A,Final,Loss,4.0,8.0,잠실,
20240512KTOB2_두산,2024-05-12,두산,KT,H,Final,Win,8.0,4.0,잠실,
20240512SKHT2_SSG,2024-05-12,SSG,KIA,A,Final,Win,10.0,6.0,광주,
20240512SKHT2_KIA,2024-05-12,KIA,SSG,H,Final,Loss,6.0,10.0,광주,
20240514WOLG0_키움,2024-05-14,키움,LG,A,Final,Win,5.0,0.0,잠실,
20240514WOLG0_LG,2024-05-14,LG,키움,H,Final,Loss,0.0,5.0,잠실,
20240514SSSK0_삼성,2024-05-14,삼성,SSG,A,Final,Loss,2.0,9.0,문학,
20240514SSSK0_SSG,2024-05-14,SSG,삼성,H,Final,Win,9.0,2.0,문학,
20240514OBHT0_두산,2024-05-14,두산,KIA,A,Final,Win,8.0,5.0,광주,
20240514OBHT0_KIA,2024-05-14,KIA,두산,H,Final,Loss,5.0,8.0,광주,
20240514LTKT0_롯데,2024-05-14,롯데,KT,A,Final,Loss,4.0,7.0,수원,
20240514LTKT0_KT,2024-05-14,KT,롯데,H,Final,Win,7.0,4.0,수원,
20240515NCHH0_NC,2024-05-15,NC,한화,A,Final,Win,16.0,1.0,한밭,
20240515NCHH0_한화,2024-05-15,한화,NC,H,Final,Loss,1.0,16.0,한밭,
20240515OBHT0_두산,2024-05-15,두산,KIA,A,Final,Loss,4.0,8.0,광주,
20240515OBHT0_KIA,2024-05-15,KIA,두산,H,Final,Win,8.0,4.0,광주,
20240516NCHH0_NC,2024-05-16,NC,한화,A,Final,Win,4.0,3.0,한밭,
20240516NCHH0_한화,2024-05-16,한화,NC,H,Final,Loss,3.0,4.0,한밭,
20240516WOLG0_키움,2024-05-16,키움,LG,A,Final,Win,6.0,5.0,잠실,
20240516WOLG0_LG,2024-05-16,LG,키움,H,Final,Loss,5.0,6.0,잠실,
20240516SSSK0_삼성,2024-05-16,삼성,SSG,A,Final,Win,12.0,4.0,문학,
20240516SSSK0_SSG,2024-05-16,SSG,삼성,H,Final,Loss,4.0,12.0,문학,
20240516LTKT0_롯데,2024-05-16,롯데,KT,A,Final,Win,2.0,0.0,수원,
20240516LTKT0_KT,2024-05-16,KT,롯데,H,Final,Loss,0.0,2.0,수원,
20240517LTOB0_롯데,2024-05-17,롯데,두산,A,Final,Win,5.0,1.0,잠실,
20240517LTOB0_두산,2024-05-17,두산,롯데,H,Final,Loss,1.0,5.0,잠실,
20240517HHSS0_한화,2024-05-17,한화,삼성,A,Final,Loss,5.0,7.0,대구,
20240517HHSS0_삼성,2024-05-17,삼성,한화,H,Final,Win,7.0,5.0,대구,
20240517LGKT0_LG,2024-05-17,LG,KT,A,Final,Win,13.0,5.0,수원,
20240517LGKT0_KT,2024-05-17,KT,LG,H,Final,Loss,5.0,13.0,수원,
20240517HTNC0_KIA,2024-05-17,KIA,NC,A,Final,Win,7.0,4.0,창원,
20240517HTNC0_NC,2024-05-17,NC,KIA,H,Final,Loss,4.0,7.0,창원,
20240517SKWO0_SSG,2024-05-17,SSG,키움,A,Final,Win,5.0,4.0,고척,
20240517SKWO0_키움,2024-05-17,키움,SSG,H,Final,Loss,4.0,5.0,고척,
20240518LTOB0_롯데,2024-05-18,롯데,두산,A,Final,Loss,3.0,8.0,잠실,
20240518LTOB0_두산,2024-05-18,두산,롯데,H,Final,Win,8.0,3.0,잠실,
20240518HHSS0_한화,2024-05-18,한화,삼성,A,Final,Loss,8.0,9.0,대구,
20240518HHSS0_삼성,2024-05-18,삼성,한화,H,Final,Win,9.0,8.0,대구,
20240518LGKT0_LG,2024-05-18,LG,KT,A,Final,Win,7.0,6.0,수원,
20240518LGKT0_KT,2024-05-18,KT,LG,H,Final,Loss,6.0,7.0,수원,
20240518HTNC0_KIA,2024-05-18,KIA,NC,A,Final,Win,7.0,2.0,창원,
20240518HTNC0_NC,2024-05-18,NC,KIA,H,Final,Loss,2.0,7.0,창원,
20240518SKWO0_SSG,2024-05-18,SSG,키움,A,Final,Win,3.0,0.0,고척,
20240518SKWO0_키움,2024-05-18,키움,SSG,H,Final,Loss,0.0,3.0,고척,
20240519HHSS0_한화,2024-05-19,한화,삼성,A,Final,Win,12.0,2.0,대구,
20240519HHSS0_삼성,2024-05-19,삼성,한화,H,Final,Loss,2.0,12.0,대구,
20240519LGKT0_LG,2024-05-19,LG,KT,A,Final,Loss,4.0,10.0,수원,
20240519LGKT0_KT,2024-05-19,KT,LG,H,Final,Win,10.0,4.0,수원,
20240519HTNC0_KIA,2024-05-19,KIA,NC,A,Final,Win,2.0,1.0,창원,
20240519HTNC0_NC,2024-05-19,NC,KIA,H,Final,Loss,1.0,2.0,창원,
20240519SKWO0_SSG,2024-05-19,SSG,키움,A,Final,Loss,3.0,10.0,고척,
20240519SKWO0_키움,2024-05-19,키움,SSG,H,Final,Win,10.0,3.0,고척,
20240521LGHH0_LG,2024-05-21,LG,한화,A,Final,Loss,4.0,8.0,한밭,
20240521LGHH0_한화,2024-05-21,한화,LG,H,Final,Win,8.0,4.0,한밭,
20240521SKOB0_SSG,2024-05-21,SSG,두산,A,Final,Loss,6.0,8.0,잠실,
20240521SKOB0_두산,2024-05-21,두산,SSG,H,Final,Win,8.0,6.0,잠실,
20240521KTSS0_KT,2024-05-21,KT,삼성,A,Final,Win,8.0,5.0,대구,
20240521KTSS0_삼성,2024-05-21,삼성,KT,H,Final,Loss,5.0,8.0,대구,
20240521HTLT0_KIA,2024-05-21,KIA,롯데,A,Final,Loss,1.0,6.0,사직,
20240521HTLT0_롯데,2024-05-21,롯데,KIA,H,Final,Win,6.0,1.0,사직,
20240521NCWO0_NC,2024-05-21,NC,키움,A,Final,Win,5.0,3.0,고척,
20240521NCWO0_키움,2024-05-21,키움,NC,H,Final,Loss,3.0,5.0,고척,
20240522LGHH0_LG,2024-05-22,LG,한화,A,Final,Loss,5.0,7.0,한밭,
20240522LGHH0_한화,2024-05-22,한화,LG,H,Final,Win,7.0,5.0,한밭,
20240522SKOB0_SSG,2024-05-22,SSG,두산,A,Final,Loss,1.0,3.0,잠실,
20240522SKOB0_두산,2024-05-22,두산,SSG,H,Final,Win,3.0,1.0,잠실,
20240522KTSS0_KT,2024-05-22,KT,삼성,A,Final,Loss,1.0,3.0,대구,
20240522KTSS0_삼성,2024-05-22,삼성,KT,H,Final,Win,3.0,1.0,대구,
20240522HTLT0_KIA,2024-05-22,KIA,롯데,A,Final,Loss,2.0,4.0,사직,
20240522HTLT0_롯데,2024-05-22,롯데,KIA,H,Final,Win,4.0,2.0,사직,
20240522NCWO0_NC,2024-05-22,NC,키움,A,Final,Win,4.0,3.0,고척,
20240522NCWO0_키움,2024-05-22,키움,NC,H,Final,Loss,3.0,4.0,고척,
20240523LGHH0_LG,2024-05-23,LG,한화,A,Final,Win,8.0,4.0,한밭,
20240523LGHH0_한화,2024-05-23,한화,LG,H,Final,Loss,4.0,8.0,한밭,
20240523SKOB0_SSG,2024-05-23,SSG,두산,A,Final,Loss,3.0,10.0,잠실,
20240523SKOB0_두산,2024-05-23,두산,SSG,H,Final,Win,10.0,3.0,잠실,
20240523KTSS0_KT,2024-05-23,KT,삼성,A,Final,Win,9.0,2.0,대구,
20240523KTSS0_삼성,2024-05-23,삼성,KT,H,Final,Loss,2.0,9.0,대구,
20240523HTLT0_KIA,2024-05-23,KIA,롯데,A,Final,Loss,6.0,10.0,사직,
20240523HTLT0_롯데,2024-05-23,롯데,KIA,H,Final,Win,10.0,6.0,사직,
20240523NCWO0_NC,2024-05-23,NC,키움,A,Final,Loss,4.0,6.0,고척,
20240523NCWO0_키움,2024-05-23,키움,NC,H,Final,Win,6.0,4.0,고척,
20240524NCLG0_NC,2024-05-24,NC,LG,A,Final,Loss,4.0,11.0,잠실,
20240524NCLG0_LG,2024-05-24,LG,NC,H,Final,Win,11.0,4.0,잠실,
20240524SSLT0_삼성,2024-05-24,삼성,롯데,A,Final,Win,11.0,5.0,사직,
20240524SSLT0_롯데,2024-05-24,롯데,삼성,H,Final,Loss,5.0,11.0,사직,
20240524HHSK0_한화,2024-05-24,한화,SSG,A,Final,Win,7.0,5.0,문학,
20240524HHSK0_SSG,2024-05-24,SSG,한화,H,Final,Loss,5.0,7.0,문학,
20240524OBHT0_두산,2024-05-24,두산,KIA,A,Final,Win,7.0,5.0,광주,
20240524OBHT0_KIA,2024-05-24,KIA,두산,H,Final,Loss,5.0,7.0,광주,
20240524WOKT0_키움,2024-05-24,키움,KT,A,Final,Loss,4.0,5.0,수원,
20240524WOKT0_KT,2024-05-24,KT,키움,H,Final,Win,5.0,4.0,수원,
20240525NCLG0_NC,2024-05-25,NC,LG,A,Final,Loss,6.0,10.0,잠실,
20240525NCLG0_LG,2024-05-25,LG,NC,H,Final,Win,10.0,6.0,잠실,
20240525OBHT0_두산,2024-05-25,두산,KIA,A,Final,Loss,2.0,6.0,광주,
20240525OBHT0_KIA,2024-05-25,KIA,두산,H,Final,Win,6.0,2.0,광주,
20240525SSLT0_삼성,2024-05-25,삼성,롯데,A,Final,Loss,6.0,7.0,사직,
20240525SSLT0_롯데,2024-05-25,롯데,삼성,H,Final,Win,7.0,6.0,사직,
20240525HHSK0_한화,2024-05-25,한화,SSG,A,Final,Win,4.0,2.0,문학,
20240525HHSK0_SSG,2024-05-25,SSG,한화,H,Final,Loss,2.0,4.0,문학,
20240525WOKT0_키움,2024-05-25,키움,KT,A,Final,Loss,2.0,5.0,수원,
20240525WOKT0_KT,2024-05-25,KT,키움,H,Final,Win,5.0,2.0,수원,
20240526NCLG0_NC,2024-05-26,NC,LG,A,Final,Loss,3.0,6.0,잠실,
20240526NCLG0_LG,2024-05-26,LG,NC,H,Final,Win,6.0,3.0,잠실,
20240526SSLT0_삼성,2024-05-26,삼성,롯데,A,Final,Loss,1.0,9.0,사직,
20240526SSLT0_롯데,2024-05-26,롯데,삼성,H,Final,Win,9.0,1.0,사직,
20240526OBHT0_두산,2024-05-26,두산,KIA,A,Final,Loss,2.0,5.0,광주,
20240526OBHT0_KIA,2024-05-26,KIA,두산,H,Final,Win,5.0,2.0,광주,
20240528LTHH0_롯데,2024-05-28,롯데,한화,A,Final,Loss,3.0,12.0,한밭,
20240528LTHH0_한화,2024-05-28,한화,롯데,H,Final,Win,12.0,3.0,한밭,
20240528KTOB0_KT,2024-05-28,KT,두산,A,Final,Win,12.0,3.0,잠실,
20240528KTOB0_두산,2024-05-28,두산,KT,H,Final,Loss,3.0,12.0,잠실,
20240528WOSS0_키움,2024-05-28,키움,삼성,A,Final,Win,4.0,3.0,대구,
20240528WOSS0_삼성,2024-05-28,삼성,키움,H,Final,Loss,3.0,4.0,대구,
20240528LGSK0_LG,2024-05-28,LG,SSG,A,Final,Win,7.0,5.0,문학,
20240528LGSK0_SSG,2024-05-28,SSG,LG,H,Final,Loss,5.0,7.0,문학,
20240528HTNC0_KIA,2024-05-28,KIA,NC,A,Final,Win,11.0,8.0,창원,
20240528HTNC0_NC,2024-05-28,NC,KIA,H,Final,Loss,8.0,11.0,창원,
20240529LTHH0_롯데,2024-05-29,롯데,한화,A,Final,Loss,0.0,3.0,한밭,
20240529LTHH0_한화,2024-05-29,한화,롯데,H,Final,Win,3.0,0.0,한밭,
20240529KTOB0_KT,2024-05-29,KT,두산,A,Final,Loss,6.0,12.0,잠실,
20240529KTOB0_두산,2024-05-29,두산,KT,H,Final,Win,12.0,6.0,잠실,
20240529WOSS0_키움,2024-05-29,키움,삼성,A,Final,Win,11.0,5.0,대구,
20240529WOSS0_삼성,2024-05-29,삼성,키움,H,Final,Loss,5.0,11.0,대구,
20240529LGSK0_LG,2024-05-29,LG,SSG,A,Final,Win,13.0,4.0,문학,
20240529LGSK0_SSG,2024-05-29,SSG,LG,H,Final,Loss,4.0,13.0,문학,
20240529HTNC0_KIA,2024-05-29,KIA,NC,A,Final,Win,6.0,3.0,창원,
20240529HTNC0_NC,2024-05-29,NC,KIA,H,Final,Loss,3.0,6.0,창원,
20240530LTHH0_롯데,2024-05-30,롯데,한화,A,Final,Loss,0.0,15.0,한밭,
20240530LTHH0_한화,2024-05-30,한화,롯데,H,Final,Win,15.0,0.0,한밭,
20240530KTOB0_KT,2024-05-30,KT,두산,A,Final,Loss,1.0,6.0,잠실,
20240530KTOB0_두산,2024-05-30,두산,KT,H,Final,Win,6.0,1.0,잠실,
20240530WOSS0_키움,2024-05-30,키움,삼성,A,Final,Loss,2.0,4.0,대구,
20240530WOSS0_삼성,2024-05-30,삼성,키움,H,Final,Win,4.0,2.0,대구,
20240530LGSK0_LG,2024-05-30,LG,SSG,A,Final,Loss,2.0,8.0,문학,
20240530LGSK0_SSG,2024-05-30,SSG,LG,H,Final,Win,8.0,2.0,문학,
20240530HTNC0_KIA,2024-05-30,KIA,NC,A,Final,Win,11.0,2.0,창원,
20240530HTNC0_NC,2024-05-30,NC,KIA,H,Final,Loss,2.0,11.0,창원,
20240531LGOB0_LG,2024-05-31,LG,두산,A,Final,Win,6.0,3.0,잠실,
20240531LGOB0_두산,2024-05-31,두산,LG,H,Final,Loss,3.0,6.0,잠실,
20240531HHSS0_한화,2024-05-31,한화,삼성,A,Final,Loss,6.0,8.0,대구,
20240531HHSS0_삼성,2024-05-31,삼성,한화,H,Final,Win,8.0,6.0,대구,
20240531NCLT0_NC,2024-05-31,NC,롯데,A,Final,Loss,5.0,13.0,사직,
20240531NCLT0_롯데,2024-05-31,롯데,NC,H,Final,Win,13.0,5.0,사직,
20240531KTHT0_KT,2024-05-31,KT,KIA,A,Final,Win,8.0,5.0,광주,
20240531KTHT0_KIA,2024-05-31,KIA,KT,H,Final,Loss,5.0,8.0,광주,
20240531SKWO0_SSG,2024-05-31,SSG,키움,A,Final,Win,4.0,2.0,고척,
20240531SKWO0_키움,2024-05-31,키움,SSG,H,Final,Loss,2.0,4.0,고척,
20240601LGOB0_LG,2024-06-01,LG,두산,A,Final,Win,8.0,5.0,잠실,
20240601LGOB0_두산,2024-06-01,두산,LG,H,Final,Loss,5.0,8.0,잠실,
20240601HHSS0_한화,2024-06-01,한화,삼성,A,Final,Loss,4.0,6.0,대구,
20240601HHSS0_삼성,2024-06-01,삼성,한화,H,Final,Win,6.0,4.0,대구,
20240601NCLT0_NC,2024-06-01,NC,롯데,A,Final,Win,4.0,2.0,사직,
20240601NCLT0_롯데,2024-06-01,롯데,NC,H,Final,Loss,2.0,4.0,사직,
20240601KTHT0_KT,2024-06-01,KT,KIA,A,Final,Loss,2.0,4.0,광주,
20240601KTHT0_KIA,2024-06-01,KIA,KT,H,Final,Win,4.0,2.0,광주,
20240601SKWO0_SSG,2024-06-01,SSG,키움,A,Final,Win,9.0,0.0,고척,
20240601SKWO0_키움,2024-06-01,키움,SSG,H,Final,Loss,0.0,9.0,고척,
20240602LGOB0_LG,2024-06-02,LG,두산,A,Final,Win,9.0,1.0,잠실,
20240602LGOB0_두산,2024-06-02,두산,LG,H,Final,Loss,1.0,9.0,잠실,
20240602SKWO0_SSG,2024-06-02,SSG,키움,A,Final,Win,6.0,2.0,고척,
20240602SKWO0_키움,2024-06-02,키움,SSG,H,Final,Loss,2.0,6.0,고척,
20240602HHSS0_한화,2024-06-02,한화,삼성,A,Final,Loss,0.0,1.0,대구,
20240602HHSS0_삼성,2024-06-02,삼성,한화,H,Final,Win,1.0,0.0,대구,
20240602NCLT0_NC,2024-06-02,NC,롯데,A,Final,Loss,4.0,13.0,사직,
20240602NCLT0_롯데,2024-06-02,롯데,NC,H,Final,Win,13.0,4.0,사직,
20240602KTHT0_KT,2024-06-02,KT,KIA,A,Final,Win,11.0,3.0,광주,
20240602KTHT0_KIA,2024-06-02,KIA,KT,H,Final,Loss,3.0,11.0,광주,
20240604WOLG0_키움,2024-06-04,키움,LG,A,Final,Win,11.0,3.0,잠실,
20240604WOLG0_LG,2024-06-04,LG,키움,H,Final,Loss,3.0,11.0,잠실,
20240604SSSK0_삼성,2024-06-04,삼성,SSG,A,Final,Win,3.0,1.0,문학,
20240604SSSK0_SSG,2024-06-04,SSG,삼성,H,Final,Loss,1.0,3.0,문학,
20240604LTHT0_롯데,2024-06-04,롯데,KIA,A,Final,Win,6.0,0.0,광주,
20240604LTHT0_KIA,2024-06-04,KIA,롯데,H,Final,Loss,0.0,6.0,광주,
20240604HHKT0_한화,2024-06-04,한화,KT,A,Final,Win,8.0,2.0,수원,
20240604HHKT0_KT,2024-06-04,KT,한화,H,Final,Loss,2.0,8.0,수원,
20240604OBNC0_두산,2024-06-04,두산,NC,A,Final,Win,4.0,1.0,창원,
20240604OBNC0_NC,2024-06-04,NC,두산,H,Final,Loss,1.0,4.0,창원,
20240605WOLG0_키움,2024-06-05,키움,LG,A,Final,Loss,2.0,4.0,잠실,
20240605WOLG0_LG,2024-06-05,LG,키움,H,Final,Win,4.0,2.0,잠실,
20240605SSSK0_삼성,2024-06-05,삼성,SSG,A,Final,Loss,3.0,7.0,문학,
20240605SSSK0_SSG,2024-06-05,SSG,삼성,H,Final,Win,7.0,3.0,문학,
20240605LTHT0_롯데,2024-06-05,롯데,KIA,A,Final,Win,9.0,3.0,광주,
20240605LTHT0_KIA,2024-06-05,KIA,롯데,H,Final,Loss,3.0,9.0,광주,
20240605HHKT0_한화,2024-06-05,한화,KT,A,Final,Win,12.0,2.0,수원,
20240605HHKT0_KT,2024-06-05,KT,한화,H,Final,Loss,2.0,12.0,수원,
20240605OBNC0_두산,2024-06-05,두산,NC,A,Final,Win,4.0,3.0,창원,
20240605OBNC0_NC,2024-06-05,NC,두산,H,Final,Loss,3.0,4.0,창원,
20240606SSSK0_삼성,2024-06-06,삼성,SSG,A,Final,Loss,0.0,4.0,문학,
20240606SSSK0_SSG,2024-06-06,SSG,삼성,H,Final,Win,4.0,0.0,문학,
20240606LTHT0_롯데,2024-06-06,롯데,KIA,A,Final,Loss,4.0,5.0,광주,
20240606LTHT0_KIA,2024-06-06,KIA,롯데,H,Final,Win,5.0,4.0,광주,
20240606WOLG0_키움,2024-06-06,키움,LG,A,Final,Loss,4.0,8.0,잠실,
20240606WOLG0_LG,2024-06-06,LG,키움,H,Final,Win,8.0,4.0,잠실,
20240606HHKT0_한화,2024-06-06,한화,KT,A,Final,Win,6.0,0.0,수원,
20240606HHKT0_KT,2024-06-06,KT,한화,H,Final,Loss,0.0,6.0,수원,
20240606OBNC0_두산,2024-06-06,두산,NC,A,Final,Win,8.0,4.0,창원,
20240606OBNC0_NC,2024-06-06,NC,두산,H,Final,Loss,4.0,8.0,창원,
20240607NCHH0_NC,2024-06-07,NC,한화,A,Final,Win,6.0,2.0,한밭,
20240607NCHH0_한화,2024-06-07,한화,NC,H,Final,Loss,2.0,6.0,한밭,
20240607HTOB0_KIA,2024-06-07,KIA,두산,A,Final,Loss,5.0,6.0,잠실,
20240607HTOB0_두산,2024-06-07,두산,KIA,H,Final,Win,6.0,5.0,잠실,
20240607SKLT0_SSG,2024-06-07,SSG,롯데,A,Final,Loss,7.0,11.0,사직,
20240607SKLT0_롯데,2024-06-07,롯데,SSG,H,Final,Win,11.0,7.0,사직,
20240607LGKT0_LG,2024-06-07,LG,KT,A,Final,Win,8.0,7.0,수원,
20240607LGKT0_KT,2024-06-07,KT,LG,H,Final,Loss,7.0,8.0,수원,
20240607SSWO0_삼성,2024-06-07,삼성,키움,A,Final,Loss,5.0,7.0,고척,
20240607SSWO0_키움,2024-06-07,키움,삼성,H,Final,Win,7.0,5.0,고척,
20240608NCHH0_NC,2024-06-08,NC,한화,A,Final,Win,4.0,2.0,한밭,
20240608NCHH0_한화,2024-06-08,한화,NC,H,Final,Loss,2.0,4.0,한밭,
20240608HTOB0_KIA,2024-06-08,KIA,두산,A,Final,Loss,8.0,9.0,잠실,
20240608HTOB0_두산,2024-06-08,두산,KIA,H,Final,Win,9.0,8.0,잠실,
20240608LGKT0_LG,2024-06-08,LG,KT,A,Final,Win,8.0,2.0,수원,
20240608LGKT0_KT,2024-06-08,KT,LG,H,Final,Loss,2.0,8.0,수원,
20240608SSWO0_삼성,2024-06-08,삼성,키움,A,Final,Loss,3.0,10.0,고척,
20240608SSWO0_키움,2024-06-08,키움,삼성,H,Final,Win,10.0,3.0,고척,
20240609SSWO0_삼성,2024-06-09,삼성,키움,A,Final,Win,7.0,1.0,고척,
20240609SSWO0_키움,2024-06-09,키움,삼성,H,Final,Loss,1.0,7.0,고척,
20240609SKLT2_SSG,2024-06-09,SSG,롯데,A,Final,Win,5.0,1.0,사직,
20240609SKLT2_롯데,2024-06-09,롯데,SSG,H,Final,Loss,1.0,5.0,사직,
20240609HTOB0_KIA,2024-06-09,KIA,두산,A,Final,Win,8.0,2.0,잠실,
20240609HTOB0_두산,2024-06-09,두산,KIA,H,Final,Loss,2.0,8.0,잠실,
20240609LGKT0_LG,2024-06-09,LG,KT,A,Final,Loss,2.0,11.0,수원,
20240609LGKT0_KT,2024-06-09,KT,LG,H,Final,Win,11.0,2.0,수원,
20240609SKLT2_SSG,2024-06-09,SSG,롯데,A,Final,Loss,3.0,5.0,사직,
20240609SKLT2_롯데,2024-06-09,롯데,SSG,H,Final,Win,5.0,3.0,사직,
20240611HHOB0_한화,2024-06-11,한화,두산,A,Final,Win,6.0,1.0,잠실,
20240611HHOB0_두산,2024-06-11,두산,한화,H,Final,Loss,1.0,6.0,잠실,
20240611LGSS0_LG,2024-06-11,LG,삼성,A,Final,Loss,4.0,6.0,대구,
20240611LGSS0_삼성,2024-06-11,삼성,LG,H,Final,Win,6.0,4.0,대구,
20240611WOLT0_키움,2024-06-11,키움,롯데,A,Final,Win,5.0,2.0,사직,
20240611WOLT0_롯데,2024-06-11,롯데,키움,H,Final,Loss,2.0,5.0,사직,
20240611HTSK0_KIA,2024-06-11,KIA,SSG,A,Final,Loss,6.0,7.0,문학,
20240611HTSK0_SSG,2024-06-11,SSG,KIA,H,Final,Win,7.0,6.0,문학,
20240611KTNC0_KT,2024-06-11,KT,NC,A,Final,Loss,6.0,8.0,창원,
20240611KTNC0_NC,2024-06-11,NC,KT,H,Final,Win,8.0,6.0,창원,
20240612HHOB0_한화,2024-06-12,한화,두산,A,Final,Win,4.0,3.0,잠실,
20240612HHOB0_두산,2024-06-12,두산,한화,H,Final,Loss,3.0,4.0,잠실,
20240612LGSS0_LG,2024-06-12,LG,삼성,A,Final,Loss,4.0,5.0,대구,
20240612LGSS0_삼성,2024-06-12,삼성,LG,H,Final,Win,5.0,4.0,대구,
20240612WOLT0_키움,2024-06-12,키움,롯데,A,Final,Loss,2.0,9.0,사직,
20240612WOLT0_롯데,2024-06-12,롯데,키움,H,Final,Win,9.0,2.0,사직,
20240612HTSK0_KIA,2024-06-12,KIA,SSG,A,Final,Win,13.0,7.0,문학,
20240612HTSK0_SSG,2024-06-12,SSG,KIA,H,Final,Loss,7.0,13.0,문학,
20240612KTNC0_KT,2024-06-12,KT,NC,A,Final,Win,11.0,8.0,창원,
20240612KTNC0_NC,2024-06-12,NC,KT,H,Final,Loss,8.0,11.0,창원,
20240613HHOB0_한화,2024-06-13,한화,두산,A,Final,Loss,6.0,9.0,잠실,
20240613HHOB0_두산,2024-06-13,두산,한화,H,Final,Win,9.0,6.0,잠실,
20240613LGSS0_LG,2024-06-13,LG,삼성,A,Final,Loss,3.0,6.0,대구,
20240613LGSS0_삼성,2024-06-13,삼성,LG,H,Final,Win,6.0,3.0,대구,
20240613WOLT0_키움,2024-06-13,키움,롯데,A,Final,Loss,10.0,18.0,사직,
20240613WOLT0_롯데,2024-06-13,롯데,키움,H,Final,Win,18.0,10.0,사직,
20240613HTSK0_KIA,2024-06-13,KIA,SSG,A,Final,Loss,1.0,7.0,문학,
20240613HTSK0_SSG,2024-06-13,SSG,KIA,H,Final,Win,7.0,1.0,문학,
20240613KTNC0_KT,2024-06-13,KT,NC,A,Final,Loss,3.0,5.0,창원,
20240613KTNC0_NC,2024-06-13,NC,KT,H,Final,Win,5.0,3.0,창원,
20240614SKHH0_SSG,2024-06-14,SSG,한화,A,Final,Win,11.0,4.0,한밭,
20240614SKHH0_한화,2024-06-14,한화,SSG,H,Final,Loss,4.0,11.0,한밭,
20240614LTLG0_롯데,2024-06-14,롯데,LG,A,Final,Loss,3.0,5.0,잠실,
20240614LTLG0_LG,2024-06-14,LG,롯데,H,Final,Win,5.0,3.0,잠실,
20240614HTKT0_KIA,2024-06-14,KIA,KT,A,Final,Win,11.0,1.0,수원,
20240614HTKT0_KT,2024-06-14,KT,KIA,H,Final,Loss,1.0,11.0,수원,
20240614SSNC0_삼성,2024-06-14,삼성,NC,A,Final,Win,7.0,4.0,창원,
20240614SSNC0_NC,2024-06-14,NC,삼성,H,Final,Loss,4.0,7.0,창원,
20240614OBWO0_두산,2024-06-14,두산,키움,A,Final,Win,6.0,4.0,고척,
20240614OBWO0_키움,2024-06-14,키움,두산,H,Final,Loss,4.0,6.0,고척,
20240615SKHH0_SSG,2024-06-15,SSG,한화,A,Final,Win,9.0,1.0,한밭,
20240615SKHH0_한화,2024-06-15,한화,SSG,H,Final,Loss,1.0,9.0,한밭,
20240615LTLG0_롯데,2024-06-15,롯데,LG,A,Final,Win,9.0,8.0,잠실,
20240615LTLG0_LG,2024-06-15,LG,롯데,H,Final,Loss,8.0,9.0,잠실,
20240615HTKT0_KIA,2024-06-15,KIA,KT,A,Final,Win,2.0,1.0,수원,
20240615HTKT0_KT,2024-06-15,KT,KIA,H,Final,Loss,1.0,2.0,수원,
20240615SSNC0_삼성,2024-06-15,삼성,NC,A,Final,Loss,4.0,6.0,창원,
20240615SSNC0_NC,2024-06-15,NC,삼성,H,Final,Win,6.0,4.0,창원,
20240615OBWO0_두산,2024-06-15,두산,키움,A,Final,Win,4.0,1.0,고척,
20240615OBWO0_키움,2024-06-15,키움,두산,H,Final,Loss,1.0,4.0,고척,
20240616OBWO0_두산,2024-06-16,두산,키움,A,Final,Loss,2.0,8.0,고척,
20240616OBWO0_키움,2024-06-16,키움,두산,H,Final,Win,8.0,2.0,고척,
20240616SKHH0_SSG,2024-06-16,SSG,한화,A,Final,Loss,1.0,4.0,한밭,
20240616SKHH0_한화,2024-06-16,한화,SSG,H,Final,Win,4.0,1.0,한밭,
20240616LTLG0_롯데,2024-06-16,롯데,LG,A,Final,Loss,8.0,9.0,잠실,
20240616LTLG0_LG,2024-06-16,LG,롯데,H,Final,Win,9.0,8.0,잠실,
20240616HTKT0_KIA,2024-06-16,KIA,KT,A,Final,Win,3.0,1.0,수원,
20240616HTKT0_KT,2024-06-16,KT,KIA,H,Final,Loss,1.0,3.0,수원,
20240616SSNC0_삼성,2024-06-16,삼성,NC,A,Final,Loss,4.0,5.0,창원,
20240616SSNC0_NC,2024-06-16,NC,삼성,H,Final,Win,5.0,4.0,창원,
20240618NCOB0_NC,2024-06-18,NC,두산,A,Final,Loss,2.0,6.0,잠실,
20240618NCOB0_두산,2024-06-18,두산,NC,H,Final,Win,6.0,2.0,잠실,
20240618SKSS0_SSG,2024-06-18,SSG,삼성,A,Final,Win,8.0,3.0,대구,
20240618SKSS0_삼성,2024-06-18,삼성,SSG,H,Final,Loss,3.0,8.0,대구,
20240618LGHT0_LG,2024-06-18,LG,KIA,A,Final,Loss,4.0,11.0,광주,
20240618LGHT0_KIA,2024-06-18,KIA,LG,H,Final,Win,11.0,4.0,광주,
20240618LTKT0_롯데,2024-06-18,롯데,KT,A,Final,Loss,4.0,6.0,수원,
20240618LTKT0_KT,2024-06-18,KT,롯데,H,Final,Win,6.0,4.0,수원,
20240618WOHH0_키움,2024-06-18,키움,한화,A,Final,Loss,0.0,3.0,청주,
20240618WOHH0_한화,2024-06-18,한화,키움,H,Final,Win,3.0,0.0,청주,
20240619NCOB0_NC,2024-06-19,NC,두산,A,Final,Win,7.0,5.0,잠실,
20240619NCOB0_두산,2024-06-19,두산,NC,H,Final,Loss,5.0,7.0,잠실,
20240619SKSS0_SSG,2024-06-19,SSG,삼성,A,Final,Loss,2.0,13.0,대구,
20240619SKSS0_삼성,2024-06-19,삼성,SSG,H,Final,Win,13.0,2.0,대구,
20240619LGHT0_LG,2024-06-19,LG,KIA,A,Final,Win,7.0,5.0,광주,
20240619LGHT0_KIA,2024-06-19,KIA,LG,H,Final,Loss,5.0,7.0,광주,
20240619LTKT0_롯데,2024-06-19,롯데,KT,A,Final,Win,13.0,5.0,수원,
20240619LTKT0_KT,2024-06-19,KT,롯데,H,Final,Loss,5.0,13.0,수원,
20240619WOHH0_키움,2024-06-19,키움,한화,A,Final,Loss,11.0,14.0,청주,
20240619WOHH0_한화,2024-06-19,한화,키움,H,Final,Win,14.0,11.0,청주,
20240620NCOB0_NC,2024-06-20,NC,두산,A,Final,Loss,0.0,2.0,잠실,
20240620NCOB0_두산,2024-06-20,두산,NC,H,Final,Win,2.0,0.0,잠실,
20240620SKSS0_SSG,2024-06-20,SSG,삼성,A,Final,Loss,0.0,4.0,대구,
20240620SKSS0_삼성,2024-06-20,삼성,SSG,H,Final,Win,4.0,0.0,대구,
20240620LGHT0_LG,2024-06-20,LG,KIA,A,Final,Loss,5.0,6.0,광주,
20240620LGHT0_KIA,2024-06-20,KIA,LG,H,Final,Win,6.0,5.0,광주,
20240620LTKT0_롯데,2024-06-20,롯데,KT,A,Final,Loss,6.0,7.0,수원,
20240620LTKT0_KT,2024-06-20,KT,롯데,H,Final,Win,7.0,6.0,수원,
20240620WOHH0_키움,2024-06-20,키움,한화,A,Final,Win,7.0,0.0,청주,
20240620WOHH0_한화,2024-06-20,한화,키움,H,Final,Loss,0.0,7.0,청주,
20240621KTLG0_KT,2024-06-21,KT,LG,A,Final,Win,3.0,2.0,잠실,
20240621KTLG0_LG,2024-06-21,LG,KT,H,Final,Loss,2.0,3.0,잠실,
20240621OBSS0_두산,2024-06-21,두산,삼성,A,Final,Loss,4.0,7.0,대구,
20240621OBSS0_삼성,2024-06-21,삼성,두산,H,Final,Win,7.0,4.0,대구,
20240621NCSK0_NC,2024-06-21,NC,SSG,A,Final,Win,3.0,2.0,문학,
20240621NCSK0_SSG,2024-06-21,SSG,NC,H,Final,Loss,2.0,3.0,문학,
20240621HHHT0_한화,2024-06-21,한화,KIA,A,Final,Loss,3.0,8.0,광주,
20240621HHHT0_KIA,2024-06-21,KIA,한화,H,Final,Win,8.0,3.0,광주,
20240621LTWO0_롯데,2024-06-21,롯데,키움,A,Final,Loss,2.0,5.0,고척,
20240621LTWO0_키움,2024-06-21,키움,롯데,H,Final,Win,5.0,2.0,고척,
20240622NCSK0_NC,2024-06-22,NC,SSG,A,Final,Loss,4.0,12.0,문학,
20240622NCSK0_SSG,2024-06-22,SSG,NC,H,Final,Win,12.0,4.0,문학,
20240622LTWO0_롯데,2024-06-22,롯데,키움,A,Final,Win,6.0,1.0,고척,
20240622LTWO0_키움,2024-06-22,키움,롯데,H,Final,Loss,1.0,6.0,고척,
20240623LTWO0_롯데,2024-06-23,롯데,키움,A,Final,Win,10.0,2.0,고척,
20240623LTWO0_키움,2024-06-23,키움,롯데,H,Final,Loss,2.0,10.0,고척,
20240623KTLG1_KT,2024-06-23,KT,LG,A,Final,Loss,2.0,7.0,잠실,
20240623KTLG1_LG,2024-06-23,LG,KT,H,Final,Win,7.0,2.0,잠실,
20240623OBSS1_두산,2024-06-23,두산,삼성,A,Final,Loss,4.0,7.0,대구,
20240623OBSS1_삼성,2024-06-23,삼성,두산,H,Final,Win,7.0,4.0,대구,
20240623HHHT1_한화,2024-06-23,한화,KIA,A,Final,Win,9.0,8.0,광주,
20240623HHHT1_KIA,2024-06-23,KIA,한화,H,Final,Loss,8.0,9.0,광주,
20240623NCSK0_NC,2024-06-23,NC,SSG,A,Final,Win,18.0,6.0,문학,
20240623NCSK0_SSG,2024-06-23,SSG,NC,H,Final,Loss,6.0,18.0,문학,
20240623KTLG2_KT,2024-06-23,KT,LG,A,Final,Win,4.0,3.0,잠실,
20240623KTLG2_LG,2024-06-23,LG,KT,H,Final,Loss,3.0,4.0,잠실,
20240623OBSS2_두산,2024-06-23,두산,삼성,A,Final,Loss,4.0,10.0,대구,
20240623OBSS2_삼성,2024-06-23,삼성,두산,H,Final,Win,10.0,4.0,대구,
20240623HHHT2_한화,2024-06-23,한화,KIA,A,Final,Loss,1.0,4.0,광주,
20240623HHHT2_KIA,2024-06-23,KIA,한화,H,Final,Win,4.0,1.0,광주,
20240625OBHH0_두산,2024-06-25,두산,한화,A,Final,Loss,4.0,5.0,한밭,
20240625OBHH0_한화,2024-06-25,한화,두산,H,Final,Win,5.0,4.0,한밭,
20240625SSLG0_삼성,2024-06-25,삼성,LG,A,Final,Loss,0.0,4.0,잠실,
20240625SSLG0_LG,2024-06-25,LG,삼성,H,Final,Win,4.0,0.0,잠실,
20240625KTSK0_KT,2024-06-25,KT,SSG,A,Final,Win,6.0,1.0,문학,
20240625KTSK0_SSG,2024-06-25,SSG,KT,H,Final,Loss,1.0,6.0,문학,
20240625NCWO0_NC,2024-06-25,NC,키움,A,Final,Loss,5.0,6.0,고척,
20240625NCWO0_키움,2024-06-25,키움,NC,H,Final,Win,6.0,5.0,고척,
20240626OBHH0_두산,2024-06-26,두산,한화,A,Final,Win,15.0,8.0,한밭,
20240626OBHH0_한화,2024-06-26,한화,두산,H,Final,Loss,8.0,15.0,한밭,
20240626SSLG0_삼성,2024-06-26,삼성,LG,A,Final,Loss,1.0,2.0,잠실,
20240626SSLG0_LG,2024-06-26,LG,삼성,H,Final,Win,2.0,1.0,잠실,
20240626HTLT0_KIA,2024-06-26,KIA,롯데,A,Final,Loss,4.0,6.0,사직,
20240626HTLT0_롯데,2024-06-26,롯데,KIA,H,Final,Win,6.0,4.0,사직,
20240626KTSK0_KT,2024-06-26,KT,SSG,A,Final,Loss,5.0,10.0,문학,
20240626KTSK0_SSG,2024-06-26,SSG,KT,H,Final,Win,10.0,5.0,문학,
20240626NCWO0_NC,2024-06-26,NC,키움,A,Final,Loss,7.0,10.0,고척,
20240626NCWO0_키움,2024-06-26,키움,NC,H,Final,Win,10.0,7.0,고척,
20240627OBHH0_두산,2024-06-27,두산,한화,A,Final,Loss,3.0,8.0,한밭,
20240627OBHH0_한화,2024-06-27,한화,두산,H,Final,Win,8.0,3.0,한밭,
20240627SSLG0_삼성,2024-06-27,삼성,LG,A,Final,Win,2.0,1.0,잠실,
20240627SSLG0_LG,2024-06-27,LG,삼성,H,Final,Loss,1.0,2.0,잠실,
20240627HTLT0_KIA,2024-06-27,KIA,롯데,A,Final,Loss,2.0,11.0,사직,
20240627HTLT0_롯데,2024-06-27,롯데,KIA,H,Final,Win,11.0,2.0,사직,
20240627KTSK0_KT,2024-06-27,KT,SSG,A,Final,Win,16.0,8.0,문학,
20240627KTSK0_SSG,2024-06-27,SSG,KT,H,Final,Loss,8.0,16.0,문학,
20240627NCWO0_NC,2024-06-27,NC,키움,A,Final,Loss,7.0,9.0,고척,
20240627NCWO0_키움,2024-06-27,키움,NC,H,Final,Win,9.0,7.0,고척,
20240628SKOB0_SSG,2024-06-28,SSG,두산,A,Final,Loss,0.0,10.0,잠실,
20240628SKOB0_두산,2024-06-28,두산,SSG,H,Final,Win,10.0,0.0,잠실,
20240628HHLT0_한화,2024-06-28,한화,롯데,A,Final,Loss,4.0,6.0,사직,
20240628HHLT0_롯데,2024-06-28,롯데,한화,H,Final,Win,6.0,4.0,사직,
20240628WOHT0_키움,2024-06-28,키움,KIA,A,Final,Win,17.0,6.0,광주,
20240628WOHT0_KIA,2024-06-28,KIA,키움,H,Final,Loss,6.0,17.0,광주,
20240628SSKT0_삼성,2024-06-28,삼성,KT,A,Final,Loss,4.0,5.0,수원,
20240628SSKT0_KT,2024-06-28,KT,삼성,H,Final,Win,5.0,4.0,수원,
20240628LGNC0_LG,2024-06-28,LG,NC,A,Final,Loss,2.0,8.0,창원,
20240628LGNC0_NC,2024-06-28,NC,LG,H,Final,Win,8.0,2.0,창원,
20240629SKOB0_SSG,2024-06-29,SSG,두산,A,Final,Win,6.0,0.0,잠실,
20240629SKOB0_두산,2024-06-29,두산,SSG,H,Final,Loss,0.0,6.0,잠실,
20240630SKOB0_SSG,2024-06-30,SSG,두산,A,Final,Win,3.0,1.0,잠실,
20240630SKOB0_두산,2024-06-30,두산,SSG,H,Final,Loss,1.0,3.0,잠실,
20240630SSKT2_삼성,2024-06-30,삼성,KT,A,Final,Loss,1.0,2.0,수원,
20240630SSKT2_KT,2024-06-30,KT,삼성,H,Final,Win,2.0,1.0,수원,
20240702KTHH0_KT,2024-07-02,KT,한화,A,Final,Win,6.0,5.0,한밭,
20240702KTHH0_한화,2024-07-02,한화,KT,H,Final,Loss,5.0,6.0,한밭,
20240702HTSS0_KIA,2024-07-02,KIA,삼성,A,Final,Win,9.0,5.0,대구,
20240702HTSS0_삼성,2024-07-02,삼성,KIA,H,Final,Loss,5.0,9.0,대구,
20240702LGWO0_LG,2024-07-02,LG,키움,A,Final,Loss,2.0,4.0,고척,
20240702LGWO0_키움,2024-07-02,키움,LG,H,Final,Win,4.0,2.0,고척,
20240703KTHH0_KT,2024-07-03,KT,한화,A,Final,Win,3.0,2.0,한밭,
20240703KTHH0_한화,2024-07-03,한화,KT,H,Final,Loss,2.0,3.0,한밭,
20240703LTOB0_롯데,2024-07-03,롯데,두산,A,Final,Loss,8.0,13.0,잠실,
20240703LTOB0_두산,2024-07-03,두산,롯데,H,Final,Win,13.0,8.0,잠실,
20240703HTSS0_KIA,2024-07-03,KIA,삼성,A,Final,Win,6.0,4.0,대구,
20240703HTSS0_삼성,2024-07-03,삼성,KIA,H,Final,Loss,4.0,6.0,대구,
20240703SKNC0_SSG,2024-07-03,SSG,NC,A,Final,Loss,1.0,4.0,창원,
20240703SKNC0_NC,2024-07-03,NC,SSG,H,Final,Win,4.0,1.0,창원,
20240703LGWO0_LG,2024-07-03,LG,키움,A,Final,Loss,1.0,4.0,고척,
20240703LGWO0_키움,2024-07-03,키움,LG,H,Final,Win,4.0,1.0,고척,
20240704KTHH0_KT,2024-07-04,KT,한화,A,Final,Loss,5.0,13.0,한밭,
20240704KTHH0_한화,2024-07-04,한화,KT,H,Final,Win,13.0,5.0,한밭,
20240704LTOB0_롯데,2024-07-04,롯데,두산,A,Final,Loss,3.0,6.0,잠실,
20240704LTOB0_두산,2024-07-04,두산,롯데,H,Final,Win,6.0,3.0,잠실,
20240704HTSS0_KIA,2024-07-04,KIA,삼성,A,Final,Win,8.0,3.0,대구,
20240704HTSS0_삼성,2024-07-04,삼성,KIA,H,Final,Loss,3.0,8.0,대구,
20240704SKNC0_SSG,2024-07-04,SSG,NC,A,Final,Loss,0.0,2.0,창원,
20240704SKNC0_NC,2024-07-04,NC,SSG,H,Final,Win,2.0,0.0,창원,
20240704LGWO0_LG,2024-07-04,LG,키움,A,Final,Win,3.0,2.0,고척,
20240704LGWO0_키움,2024-07-04,키움,LG,H,Final,Loss,2.0,3.0,고척,
20240709HTLG0_KIA,2024-07-09,KIA,LG,A,Final,Win,11.0,4.0,잠실,
20240709HTLG0_LG,2024-07-09,LG,KIA,H,Final,Loss,4.0,11.0,잠실,
20240709LTSK0_롯데,2024-07-09,롯데,SSG,A,Final,Loss,4.0,7.0,문학,
20240709LTSK0_SSG,2024-07-09,SSG,롯데,H,Final,Win,7.0,4.0,문학,
20240709HHWO0_한화,2024-07-09,한화,키움,A,Final,Loss,3.0,5.0,고척,
20240709HHWO0_키움,2024-07-09,키움,한화,H,Final,Win,5.0,3.0,고척,
20240710HTLG0_KIA,2024-07-10,KIA,LG,A,Final,Win,5.0,2.0,잠실,
20240710HTLG0_LG,2024-07-10,LG,KIA,H,Final,Loss,2.0,5.0,잠실,
20240710NCSS0_NC,2024-07-10,NC,삼성,A,Final,Loss,6.0,15.0,대구,
20240710NCSS0_삼성,2024-07-10,삼성,NC,H,Final,Win,15.0,6.0,대구,
20240710LTSK0_롯데,2024-07-10,롯데,SSG,A,Final,Win,6.0,1.0,문학,
20240710LTSK0_SSG,2024-07-10,SSG,롯데,H,Final,Loss,1.0,6.0,문학,
20240710OBKT0_두산,2024-07-10,두산,KT,A,Final,Loss,6.0,7.0,수원,
20240710OBKT0_KT,2024-07-10,KT,두산,H,Final,Win,7.0,6.0,수원,
20240710HHWO0_한화,2024-07-10,한화,키움,A,Final,Win,7.0,0.0,고척,
20240710HHWO0_키움,2024-07-10,키움,한화,H,Final,Loss,0.0,7.0,고척,
20240711HTLG0_KIA,2024-07-11,KIA,LG,A,Final,Win,4.0,2.0,잠실,
20240711HTLG0_LG,2024-07-11,LG,KIA,H,Final,Loss,2.0,4.0,잠실,
20240711NCSS0_NC,2024-07-11,NC,삼성,A,Final,Loss,4.0,6.0,대구,
20240711NCSS0_삼성,2024-07-11,삼성,NC,H,Final,Win,6.0,4.0,대구,
20240711LTSK0_롯데,2024-07-11,롯데,SSG,A,Final,Loss,4.0,5.0,문학,
20240711LTSK0_SSG,2024-07-11,SSG,롯데,H,Final,Win,5.0,4.0,문학,
20240711OBKT0_두산,2024-07-11,두산,KT,A,Final,Win,12.0,1.0,수원,
20240711OBKT0_KT,2024-07-11,KT,두산,H,Final,Loss,1.0,12.0,수원,
20240711HHWO0_한화,2024-07-11,한화,키움,A,Final,Loss,4.0,5.0,고척,
20240711HHWO0_키움,2024-07-11,키움,한화,H,Final,Win,5.0,4.0,고척,
20240712LGHH0_LG,2024-07-12,LG,한화,A,Final,Loss,0.0,6.0,한밭,
20240712LGHH0_한화,2024-07-12,한화,LG,H,Final,Win,6.0,0.0,한밭,
20240712SSOB0_삼성,2024-07-12,삼성,두산,A,Final,Win,9.0,5.0,잠실,
20240712SSOB0_두산,2024-07-12,두산,삼성,H,Final,Loss,5.0,9.0,잠실,
20240712KTLT0_KT,2024-07-12,KT,롯데,A,Final,Win,5.0,4.0,사직,
20240712KTLT0_롯데,2024-07-12,롯데,KT,H,Final,Loss,4.0,5.0,사직,
20240712SKHT0_SSG,2024-07-12,SSG,KIA,A,Final,Win,14.0,6.0,광주,
20240712SKHT0_KIA,2024-07-12,KIA,SSG,H,Final,Loss,6.0,14.0,광주,
20240712WONC0_키움,2024-07-12,키움,NC,A,Final,Loss,2.0,9.0,창원,
20240712WONC0_NC,2024-07-12,NC,키움,H,Final,Win,9.0,2.0,창원,
20240713LGHH0_LG,2024-07-13,LG,한화,A,Final,Win,7.0,3.0,한밭,
20240713LGHH0_한화,2024-07-13,한화,LG,H,Final,Loss,3.0,7.0,한밭,
20240713SSOB0_삼성,2024-07-13,삼성,두산,A,Final,Loss,4.0,8.0,잠실,
20240713SSOB0_두산,2024-07-13,두산,삼성,H,Final,Win,8.0,4.0,잠실,
20240713KTLT0_KT,2024-07-13,KT,롯데,A,Final,Win,6.0,3.0,사직,
20240713KTLT0_롯데,2024-07-13,롯데,KT,H,Final,Loss,3.0,6.0,사직,
20240713SKHT0_SSG,2024-07-13,SSG,KIA,A,Final,Win,15.0,9.0,광주,
20240713SKHT0_KIA,2024-07-13,KIA,SSG,H,Final,Loss,9.0,15.0,광주,
20240713WONC0_키움,2024-07-13,키움,NC,A,Final,Loss,5.0,11.0,창원,
20240713WONC0_NC,2024-07-13,NC,키움,H,Final,Win,11.0,5.0,창원,
20240714LGHH0_LG,2024-07-14,LG,한화,A,Final,Win,8.0,4.0,한밭,
20240714LGHH0_한화,2024-07-14,한화,LG,H,Final,Loss,4.0,8.0,한밭,
20240714SSOB0_삼성,2024-07-14,삼성,두산,A,Final,Win,6.0,2.0,잠실,
20240714SSOB0_두산,2024-07-14,두산,삼성,H,Final,Loss,2.0,6.0,잠실,
20240714SKHT0_SSG,2024-07-14,SSG,KIA,A,Final,Loss,4.0,13.0,광주,
20240714SKHT0_KIA,2024-07-14,KIA,SSG,H,Final,Win,13.0,4.0,광주,
20240716KTWO0_KT,2024-07-16,KT,키움,A,Final,Win,4.0,3.0,고척,
20240716KTWO0_키움,2024-07-16,키움,KT,H,Final,Loss,3.0,4.0,고척,
20240716OBLT0_두산,2024-07-16,두산,롯데,A,Final,Loss,0.0,4.0,울산,
20240716OBLT0_롯데,2024-07-16,롯데,두산,H,Final,Win,4.0,0.0,울산,
20240717SKLG0_SSG,2024-07-17,SSG,LG,A,Final,Loss,9.0,12.0,잠실,
20240717SKLG0_LG,2024-07-17,LG,SSG,H,Final,Win,12.0,9.0,잠실,
20240717SSHT0_삼성,2024-07-17,삼성,KIA,A,Final,Loss,5.0,10.0,광주,
20240717SSHT0_KIA,2024-07-17,KIA,삼성,H,Final,Win,10.0,5.0,광주,
20240717HHNC0_한화,2024-07-17,한화,NC,A,Final,Loss,1.0,5.0,창원,
20240717HHNC0_NC,2024-07-17,NC,한화,H,Final,Win,5.0,1.0,창원,
20240717KTWO0_KT,2024-07-17,KT,키움,A,Final,Win,9.0,2.0,고척,
20240717KTWO0_키움,2024-07-17,키움,KT,H,Final,Loss,2.0,9.0,고척,
20240717OBLT0_두산,2024-07-17,두산,롯데,A,Final,Loss,2.0,6.0,울산,
20240717OBLT0_롯데,2024-07-17,롯데,두산,H,Final,Win,6.0,2.0,울산,
20240718SSHT0_삼성,2024-07-18,삼성,KIA,A,Final,Loss,4.0,10.0,광주,
20240718SSHT0_KIA,2024-07-18,KIA,삼성,H,Final,Win,10.0,4.0,광주,
20240718HHNC0_한화,2024-07-18,한화,NC,A,Final,Loss,3.0,4.0,창원,
20240718HHNC0_NC,2024-07-18,NC,한화,H,Final,Win,4.0,3.0,창원,
20240718KTWO0_KT,2024-07-18,KT,키움,A,Final,Win,12.0,8.0,고척,
20240718KTWO0_키움,2024-07-18,키움,KT,H,Final,Loss,8.0,12.0,고척,
20240718OBLT0_두산,2024-07-18,두산,롯데,A,Final,Win,3.0,2.0,울산,
20240718OBLT0_롯데,2024-07-18,롯데,두산,H,Final,Loss,2.0,3.0,울산,
20240719HTHH0_KIA,2024-07-19,KIA,한화,A,Final,Win,7.0,3.0,한밭,
20240719HTHH0_한화,2024-07-19,한화,KIA,H,Final,Loss,3.0,7.0,한밭,
20240719OBLG0_두산,2024-07-19,두산,LG,A,Final,Loss,7.0,16.0,잠실,
20240719OBLG0_LG,2024-07-19,LG,두산,H,Final,Win,16.0,7.0,잠실,
20240719LTSS0_롯데,2024-07-19,롯데,삼성,A,Final,Win,10.0,6.0,대구,
20240719LTSS0_삼성,2024-07-19,삼성,롯데,H,Final,Loss,6.0,10.0,대구,
20240719WOSK0_키움,2024-07-19,키움,SSG,A,Final,Loss,3.0,9.0,문학,
20240719WOSK0_SSG,2024-07-19,SSG,키움,H,Final,Win,9.0,3.0,문학,
20240719NCKT0_NC,2024-07-19,NC,KT,A,Final,Loss,0.0,6.0,수원,
20240719NCKT0_KT,2024-07-19,KT,NC,H,Final,Win,6.0,0.0,수원,
20240720HTHH0_KIA,2024-07-20,KIA,한화,A,Final,Win,8.0,4.0,한밭,
20240720HTHH0_한화,2024-07-20,한화,KIA,H,Final,Loss,4.0,8.0,한밭,
20240720LTSS0_롯데,2024-07-20,롯데,삼성,A,Final,Loss,4.0,21.0,대구,
20240720LTSS0_삼성,2024-07-20,삼성,롯데,H,Final,Win,21.0,4.0,대구,
20240721HTHH0_KIA,2024-07-21,KIA,한화,A,Final,Win,8.0,7.0,한밭,
20240721HTHH0_한화,2024-07-21,한화,KIA,H,Final,Loss,7.0,8.0,한밭,
20240721OBLG0_두산,2024-07-21,두산,LG,A,Final,Loss,3.0,6.0,잠실,
20240721OBLG0_LG,2024-07-21,LG,두산,H,Final,Win,6.0,3.0,잠실,
20240721LTSS0_롯데,2024-07-21,롯데,삼성,A,Final,Loss,5.0,6.0,대구,
20240721LTSS0_삼성,2024-07-21,삼성,롯데,H,Final,Win,6.0,5.0,대구,
20240721WOSK0_키움,2024-07-21,키움,SSG,A,Final,Win,7.0,2.0,문학,
20240721WOSK0_SSG,2024-07-21,SSG,키움,H,Final,Loss,2.0,7.0,문학,
20240721NCKT0_NC,2024-07-21,NC,KT,A,Final,Win,8.0,2.0,수원,
20240721NCKT0_KT,2024-07-21,KT,NC,H,Final,Loss,2.0,8.0,수원,
20240723SSHH0_삼성,2024-07-23,삼성,한화,A,Final,Loss,5.0,6.0,한밭,
20240723SSHH0_한화,2024-07-23,한화,삼성,H,Final,Win,6.0,5.0,한밭,
20240723WOOB0_키움,2024-07-23,키움,두산,A,Final,Loss,3.0,6.0,잠실,
20240723WOOB0_두산,2024-07-23,두산,키움,H,Final,Win,6.0,3.0,잠실,
20240723LGLT0_LG,2024-07-23,LG,롯데,A,Final,Win,2.0,1.0,사직,
20240723LGLT0_롯데,2024-07-23,롯데,LG,H,Final,Loss,1.0,2.0,사직,
20240723NCHT0_NC,2024-07-23,NC,KIA,A,Final,Loss,1.0,8.0,광주,
20240723NCHT0_KIA,2024-07-23,KIA,NC,H,Final,Win,8.0,1.0,광주,
20240724SSHH0_삼성,2024-07-24,삼성,한화,A,Final,Loss,2.0,3.0,한밭,
20240724SSHH0_한화,2024-07-24,한화,삼성,H,Final,Win,3.0,2.0,한밭,
20240724WOOB0_키움,2024-07-24,키움,두산,A,Final,Loss,4.0,7.0,잠실,
20240724WOOB0_두산,2024-07-24,두산,키움,H,Final,Win,7.0,4.0,잠실,
20240724NCHT0_NC,2024-07-24,NC,KIA,A,Final,Loss,0.0,7.0,광주,
20240724NCHT0_KIA,2024-07-24,KIA,NC,H,Final,Win,7.0,0.0,광주,
20240724SKKT0_SSG,2024-07-24,SSG,KT,A,Final,Loss,3.0,5.0,수원,
20240724SKKT0_KT,2024-07-24,KT,SSG,H,Final,Win,5.0,3.0,수원,
20240725WOOB0_키움,2024-07-25,키움,두산,A,Final,Win,6.0,1.0,잠실,
20240725WOOB0_두산,2024-07-25,두산,키움,H,Final,Loss,1.0,6.0,잠실,
20240725LGLT0_LG,2024-07-25,LG,롯데,A,Final,Win,9.0,6.0,사직,
20240725LGLT0_롯데,2024-07-25,롯데,LG,H,Final,Loss,6.0,9.0,사직,
20240725NCHT0_NC,2024-07-25,NC,KIA,A,Final,Win,7.0,4.0,광주,
20240725NCHT0_KIA,2024-07-25,KIA,NC,H,Final,Loss,4.0,7.0,광주,
20240725SKKT0_SSG,2024-07-25,SSG,KT,A,Final,Loss,2.0,4.0,수원,
20240725SKKT0_KT,2024-07-25,KT,SSG,H,Final,Win,4.0,2.0,수원,
20240726KTSS0_KT,2024-07-26,KT,삼성,A,Final,Win,4.0,1.0,대구,
20240726KTSS0_삼성,2024-07-26,삼성,KT,H,Final,Loss,1.0,4.0,대구,
20240726OBSK0_두산,2024-07-26,두산,SSG,A,Final,Loss,1.0,6.0,문학,
20240726OBSK0_SSG,2024-07-26,SSG,두산,H,Final,Win,6.0,1.0,문학,
20240726LTNC0_롯데,2024-07-26,롯데,NC,A,Final,Loss,2.0,9.0,창원,
20240726LTNC0_NC,2024-07-26,NC,롯데,H,Final,Win,9.0,2.0,창원,
20240726HTWO0_KIA,2024-07-26,KIA,키움,A,Final,Loss,4.0,5.0,고척,
20240726HTWO0_키움,2024-07-26,키움,KIA,H,Final,Win,5.0,4.0,고척,
20240727KTSS0_KT,2024-07-27,KT,삼성,A,Final,Loss,2.0,3.0,대구,
20240727KTSS0_삼성,2024-07-27,삼성,KT,H,Final,Win,3.0,2.0,대구,
20240727OBSK0_두산,2024-07-27,두산,SSG,A,Final,Loss,3.0,4.0,문학,
20240727OBSK0_SSG,2024-07-27,SSG,두산,H,Final,Win,4.0,3.0,문학,
20240727LTNC0_롯데,2024-07-27,롯데,NC,A,Final,Win,9.0,2.0,창원,
20240727LTNC0_NC,2024-07-27,NC,롯데,H,Final,Loss,2.0,9.0,창원,
20240727HTWO0_KIA,2024-07-27,KIA,키움,A,Final,Loss,5.0,6.0,고척,
20240727HTWO0_키움,2024-07-27,키움,KIA,H,Final,Win,6.0,5.0,고척,
20240728HTWO0_KIA,2024-07-28,KIA,키움,A,Final,Win,4.0,3.0,고척,
20240728HTWO0_키움,2024-07-28,키움,KIA,H,Final,Loss,3.0,4.0,고척,
20240728HHLG0_한화,2024-07-28,한화,LG,A,Final,Win,9.0,6.0,잠실,
20240728HHLG0_LG,2024-07-28,LG,한화,H,Final,Loss,6.0,9.0,잠실,
20240728KTSS0_KT,2024-07-28,KT,삼성,A,Final,Win,4.0,3.0,대구,
20240728KTSS0_삼성,2024-07-28,삼성,KT,H,Final,Loss,3.0,4.0,대구,
20240728OBSK0_두산,2024-07-28,두산,SSG,A,Final,Loss,0.0,3.0,문학,
20240728OBSK0_SSG,2024-07-28,SSG,두산,H,Final,Win,3.0,0.0,문학,
20240728LTNC0_롯데,2024-07-28,롯데,NC,A,Final,Win,10.0,6.0,창원,
20240728LTNC0_NC,2024-07-28,NC,롯데,H,Final,Loss,6.0,10.0,창원,
20240730SSLG0_삼성,2024-07-30,삼성,LG,A,Final,Win,7.0,1.0,잠실,
20240730SSLG0_LG,2024-07-30,LG,삼성,H,Final,Loss,1.0,7.0,잠실,
20240730LTSK0_롯데,2024-07-30,롯데,SSG,A,Final,Loss,5.0,11.0,문학,
20240730LTSK0_SSG,2024-07-30,SSG,롯데,H,Final,Win,11.0,5.0,문학,
20240730OBHT0_두산,2024-07-30,두산,KIA,A,Final,Win,12.0,7.0,광주,
20240730OBHT0_KIA,2024-07-30,KIA,두산,H,Final,Loss,7.0,12.0,광주,
20240730HHKT0_한화,2024-07-30,한화,KT,A,Final,Win,6.0,4.0,수원,
20240730HHKT0_KT,2024-07-30,KT,한화,H,Final,Loss,4.0,6.0,수원,
20240730NCWO0_NC,2024-07-30,NC,키움,A,Final,Loss,2.0,6.0,고척,
20240730NCWO0_키움,2024-07-30,키움,NC,H,Final,Win,6.0,2.0,고척,
20240731SSLG0_삼성,2024-07-31,삼성,LG,A,Final,Loss,5.0,11.0,잠실,
20240731SSLG0_LG,2024-07-31,LG,삼성,H,Final,Win,11.0,5.0,잠실,
20240731LTSK0_롯데,2024-07-31,롯데,SSG,A,Final,Loss,11.0,12.0,문학,
20240731LTSK0_SSG,2024-07-31,SSG,롯데,H,Final,Win,12.0,11.0,문학,
20240731OBHT0_두산,2024-07-31,두산,KIA,A,Final,Win,30.0,6.0,광주,
20240731OBHT0_KIA,2024-07-31,KIA,두산,H,Final,Loss,6.0,30.0,광주,
20240731HHKT0_한화,2024-07-31,한화,KT,A,Final,Win,18.0,7.0,수원,
20240731HHKT0_KT,2024-07-31,KT,한화,H,Final,Loss,7.0,18.0,수원,
20240731NCWO0_NC,2024-07-31,NC,키움,A,Final,Win,9.0,0.0,고척,
20240731NCWO0_키움,2024-07-31,키움,NC,H,Final,Loss,0.0,9.0,고척,
20240801SSLG0_삼성,2024-08-01,삼성,LG,A,Final,Win,7.0,0.0,잠실,
20240801SSLG0_LG,2024-08-01,LG,삼성,H,Final,Loss,0.0,7.0,잠실,
20240801LTSK0_롯데,2024-08-01,롯데,SSG,A,Final,Win,4.0,2.0,문학,
20240801LTSK0_SSG,2024-08-01,SSG,롯데,H,Final,Loss,2.0,4.0,문학,
20240801OBHT0_두산,2024-08-01,두산,KIA,A,Final,Win,1.0,0.0,광주,
20240801OBHT0_KIA,2024-08-01,KIA,두산,H,Final,Loss,0.0,1.0,광주,
20240801HHKT0_한화,2024-08-01,한화,KT,A,Final,Win,14.0,8.0,수원,
20240801HHKT0_KT,2024-08-01,KT,한화,H,Final,Loss,8.0,14.0,수원,
20240801NCWO0_NC,2024-08-01,NC,키움,A,Final,Loss,9.0,14.0,고척,
20240801NCWO0_키움,2024-08-01,키움,NC,H,Final,Win,14.0,9.0,고척,
20240802HTHH0_KIA,2024-08-02,KIA,한화,A,Final,Loss,3.0,10.0,한밭,
20240802HTHH0_한화,2024-08-02,한화,KIA,H,Final,Win,10.0,3.0,한밭,
20240802WOOB0_키움,2024-08-02,키움,두산,A,Final,Win,6.0,4.0,잠실,
20240802WOOB0_두산,2024-08-02,두산,키움,H,Final,Loss,4.0,6.0,잠실,
20240802SKSS0_SSG,2024-08-02,SSG,삼성,A,Final,Loss,3.0,4.0,대구,
20240802SKSS0_삼성,2024-08-02,삼성,SSG,H,Final,Win,4.0,3.0,대구,
20240802KTNC0_KT,2024-08-02,KT,NC,A,Final,Win,9.0,7.0,창원,
20240802KTNC0_NC,2024-08-02,NC,KT,H,Final,Loss,7.0,9.0,창원,
20240803HTHH0_KIA,2024-08-03,KIA,한화,A,Final,Win,7.0,3.0,한밭,
20240803HTHH0_한화,2024-08-03,한화,KIA,H,Final,Loss,3.0,7.0,한밭,
20240803WOOB0_키움,2024-08-03,키움,두산,A,Final,Win,15.0,5.0,잠실,
20240803WOOB0_두산,2024-08-03,두산,키움,H,Final,Loss,5.0,15.0,잠실,
20240803SKSS0_SSG,2024-08-03,SSG,삼성,A,Final,Loss,4.0,12.0,대구,
20240803SKSS0_삼성,2024-08-03,삼성,SSG,H,Final,Win,12.0,4.0,대구,
20240803LGLT0_LG,2024-08-03,LG,롯데,A,Final,Loss,3.0,8.0,울산,
20240803LGLT0_롯데,2024-08-03,롯데,LG,H,Final,Win,8.0,3.0,울산,
20240804SKSS0_SSG,2024-08-04,SSG,삼성,A,Final,Loss,3.0,8.0,대구,
20240804SKSS0_삼성,2024-08-04,삼성,SSG,H,Final,Win,8.0,3.0,대구,
20240804KTNC0_KT,2024-08-04,KT,NC,A,Final,Loss,5.0,15.0,창원,
20240804KTNC0_NC,2024-08-04,NC,KT,H,Final,Win,15.0,5.0,창원,
20240806LGOB0_LG,2024-08-06,LG,두산,A,Final,Loss,6.0,7.0,잠실,
20240806LGOB0_두산,2024-08-06,두산,LG,H,Final,Win,7.0,6.0,잠실,
20240806HHSS0_한화,2024-08-06,한화,삼성,A,Final,Win,8.0,5.0,대구,
20240806HHSS0_삼성,2024-08-06,삼성,한화,H,Final,Loss,5.0,8.0,대구,
20240806NCLT0_NC,2024-08-06,NC,롯데,A,Final,Loss,5.0,6.0,사직,
20240806NCLT0_롯데,2024-08-06,롯데,NC,H,Final,Win,6.0,5.0,사직,
20240806KTHT0_KT,2024-08-06,KT,KIA,A,Final,Loss,0.0,2.0,광주,
20240806KTHT0_KIA,2024-08-06,KIA,KT,H,Final,Win,2.0,0.0,광주,
20240806SKWO0_SSG,2024-08-06,SSG,키움,A,Final,Win,6.0,2.0,고척,
20240806SKWO0_키움,2024-08-06,키움,SSG,H,Final,Loss,2.0,6.0,고척,
20240807LGOB0_LG,2024-08-07,LG,두산,A,Final,Loss,4.0,8.0,잠실,
20240807LGOB0_두산,2024-08-07,두산,LG,H,Final,Win,8.0,4.0,잠실,
20240807HHSS0_한화,2024-08-07,한화,삼성,A,Final,Loss,6.0,10.0,대구,
20240807HHSS0_삼성,2024-08-07,삼성,한화,H,Final,Win,10.0,6.0,대구,
20240807NCLT0_NC,2024-08-07,NC,롯데,A,Final,Loss,7.0,14.0,사직,
20240807NCLT0_롯데,2024-08-07,롯데,NC,H,Final,Win,14.0,7.0,사직,
20240807KTHT0_KT,2024-08-07,KT,KIA,A,Final,Win,13.0,2.0,광주,
20240807KTHT0_KIA,2024-08-07,KIA,KT,H,Final,Loss,2.0,13.0,광주,
20240807SKWO0_SSG,2024-08-07,SSG,키움,A,Final,Win,6.0,2.0,고척,
20240807SKWO0_키움,2024-08-07,키움,SSG,H,Final,Loss,2.0,6.0,고척,
20240808LGOB0_LG,2024-08-08,LG,두산,A,Final,Win,10.0,3.0,잠실,
20240808LGOB0_두산,2024-08-08,두산,LG,H,Final,Loss,3.0,10.0,잠실,
20240808HHSS0_한화,2024-08-08,한화,삼성,A,Final,Win,6.0,4.0,대구,
20240808HHSS0_삼성,2024-08-08,삼성,한화,H,Final,Loss,4.0,6.0,대구,
20240808KTHT0_KT,2024-08-08,KT,KIA,A,Final,Win,1.0,0.0,광주,
20240808KTHT0_KIA,2024-08-08,KIA,KT,H,Final,Loss,0.0,1.0,광주,
20240808SKWO0_SSG,2024-08-08,SSG,키움,A,Final,Loss,0.0,3.0,고척,
20240808SKWO0_키움,2024-08-08,키움,SSG,H,Final,Win,3.0,0.0,고척,
20240809WOHH0_키움,2024-08-09,키움,한화,A,Final,Loss,5.0,7.0,한밭,
20240809WOHH0_한화,2024-08-09,한화,키움,H,Final,Win,7.0,5.0,한밭,
20240809NCLG0_NC,2024-08-09,NC,LG,A,Final,Loss,9.0,10.0,잠실,
20240809NCLG0_LG,2024-08-09,LG,NC,H,Final,Win,10.0,9.0,잠실,
20240809OBSK0_두산,2024-08-09,두산,SSG,A,Final,Win,13.0,11.0,문학,
20240809OBSK0_SSG,2024-08-09,SSG,두산,H,Final,Loss,11.0,13.0,문학,
20240809SSHT0_삼성,2024-08-09,삼성,KIA,A,Final,Loss,8.0,9.0,광주,
20240809SSHT0_KIA,2024-08-09,KIA,삼성,H,Final,Win,9.0,8.0,광주,
20240809LTKT0_롯데,2024-08-09,롯데,KT,A,Final,Loss,6.0,10.0,수원,
20240809LTKT0_KT,2024-08-09,KT,롯데,H,Final,Win,10.0,6.0,수원,
20240810WOHH0_키움,2024-08-10,키움,한화,A,Final,Win,3.0,1.0,한밭,
20240810WOHH0_한화,2024-08-10,한화,키움,H,Final,Loss,1.0,3.0,한밭,
20240810NCLG0_NC,2024-08-10,NC,LG,A,Final,Loss,3.0,9.0,잠실,
20240810NCLG0_LG,2024-08-10,LG,NC,H,Final,Win,9.0,3.0,잠실,
20240810OBSK0_두산,2024-08-10,두산,SSG,A,Final,Win,10.0,6.0,문학,
20240810OBSK0_SSG,2024-08-10,SSG,두산,H,Final,Loss,6.0,10.0,문학,
20240810LTKT0_롯데,2024-08-10,롯데,KT,A,Final,Win,2.0,0.0,수원,
20240810LTKT0_KT,2024-08-10,KT,롯데,H,Final,Loss,0.0,2.0,수원,
20240811WOHH0_키움,2024-08-11,키움,한화,A,Final,Win,7.0,3.0,한밭,
20240811WOHH0_한화,2024-08-11,한화,키움,H,Final,Loss,3.0,7.0,한밭,
20240811NCLG0_NC,2024-08-11,NC,LG,A,Final,Loss,3.0,4.0,잠실,
20240811NCLG0_LG,2024-08-11,LG,NC,H,Final,Win,4.0,3.0,잠실,
20240811OBSK0_두산,2024-08-11,두산,SSG,A,Final,Loss,9.0,11.0,문학,
20240811OBSK0_SSG,2024-08-11,SSG,두산,H,Final,Win,11.0,9.0,문학,
20240811SSHT0_삼성,2024-08-11,삼성,KIA,A,Final,Win,5.0,4.0,광주,
20240811SSHT0_KIA,2024-08-11,KIA,삼성,H,Final,Loss,4.0,5.0,광주,
20240811LTKT0_롯데,2024-08-11,롯데,KT,A,Final,Win,9.0,7.0,수원,
20240811LTKT0_KT,2024-08-11,KT,롯데,H,Final,Loss,7.0,9.0,수원,
20240813LGHH0_LG,2024-08-13,LG,한화,A,Final,Win,3.0,2.0,한밭,
20240813LGHH0_한화,2024-08-13,한화,LG,H,Final,Loss,2.0,3.0,한밭,
20240813KTSS0_KT,2024-08-13,KT,삼성,A,Final,Loss,2.0,7.0,대구,
20240813KTSS0_삼성,2024-08-13,삼성,KT,H,Final,Win,7.0,2.0,대구,
20240813SKNC0_SSG,2024-08-13,SSG,NC,A,Final,Win,2.0,0.0,창원,
20240813SKNC0_NC,2024-08-13,NC,SSG,H,Final,Loss,0.0,2.0,창원,
20240813HTWO0_KIA,2024-08-13,KIA,키움,A,Final,Win,2.0,0.0,고척,
20240813HTWO0_키움,2024-08-13,키움,KIA,H,Final,Loss,0.0,2.0,고척,
20240814LGHH0_LG,2024-08-14,LG,한화,A,Final,Loss,5.0,9.0,한밭,
20240814LGHH0_한화,2024-08-14,한화,LG,H,Final,Win,9.0,5.0,한밭,
20240814LTOB0_롯데,2024-08-14,롯데,두산,A,Final,Win,12.0,2.0,잠실,
20240814LTOB0_두산,2024-08-14,두산,롯데,H,Final,Loss,2.0,12.0,잠실,
20240814KTSS0_KT,2024-08-14,KT,삼성,A,Final,Loss,1.0,3.0,대구,
20240814KTSS0_삼성,2024-08-14,삼성,KT,H,Final,Win,3.0,1.0,대구,
20240814HTWO0_KIA,2024-08-14,KIA,키움,A,Final,Loss,1.0,2.0,고척,
20240814HTWO0_키움,2024-08-14,키움,KIA,H,Final,Win,2.0,1.0,고척,
20240815HTWO0_KIA,2024-08-15,KIA,키움,A,Final,Win,12.0,1.0,고척,
20240815HTWO0_키움,2024-08-15,키움,KIA,H,Final,Loss,1.0,12.0,고척,
20240815LGHH0_LG,2024-08-15,LG,한화,A,Final,Win,17.0,3.0,한밭,
20240815LGHH0_한화,2024-08-15,한화,LG,H,Final,Loss,3.0,17.0,한밭,
20240815LTOB0_롯데,2024-08-15,롯데,두산,A,Final,Loss,3.0,4.0,잠실,
20240815LTOB0_두산,2024-08-15,두산,롯데,H,Final,Win,4.0,3.0,잠실,
20240815KTSS0_KT,2024-08-15,KT,삼성,A,Final,Win,5.0,3.0,대구,
20240815KTSS0_삼성,2024-08-15,삼성,KT,H,Final,Loss,3.0,5.0,대구,
20240815SKNC0_SSG,2024-08-15,SSG,NC,A,Final,Win,10.0,5.0,창원,
20240815SKNC0_NC,2024-08-15,NC,SSG,H,Final,Loss,5.0,10.0,창원,
20240816HTLG0_KIA,2024-08-16,KIA,LG,A,Final,Win,3.0,2.0,잠실,
20240816HTLG0_LG,2024-08-16,LG,KIA,H,Final,Loss,2.0,3.0,잠실,
20240816WOLT0_키움,2024-08-16,키움,롯데,A,Final,Loss,0.0,4.0,사직,
20240816WOLT0_롯데,2024-08-16,롯데,키움,H,Final,Win,4.0,0.0,사직,
20240816HHSK0_한화,2024-08-16,한화,SSG,A,Final,Win,2.0,1.0,문학,
20240816HHSK0_SSG,2024-08-16,SSG,한화,H,Final,Loss,1.0,2.0,문학,
20240816OBKT0_두산,2024-08-16,두산,KT,A,Final,Win,5.0,0.0,수원,
20240816OBKT0_KT,2024-08-16,KT,두산,H,Final,Loss,0.0,5.0,수원,
20240816SSNC0_삼성,2024-08-16,삼성,NC,A,Final,Win,7.0,3.0,창원,
20240816SSNC0_NC,2024-08-16,NC,삼성,H,Final,Loss,3.0,7.0,창원,
20240817HTLG0_KIA,2024-08-17,KIA,LG,A,Final,Win,14.0,4.0,잠실,
20240817HTLG0_LG,2024-08-17,LG,KIA,H,Final,Loss,4.0,14.0,잠실,
20240817WOLT0_키움,2024-08-17,키움,롯데,A,Final,Win,8.0,7.0,사직,
20240817WOLT0_롯데,2024-08-17,롯데,키움,H,Final,Loss,7.0,8.0,사직,
20240817HHSK0_한화,2024-08-17,한화,SSG,A,Final,Win,8.0,5.0,문학,
20240817HHSK0_SSG,2024-08-17,SSG,한화,H,Final,Loss,5.0,8.0,문학,
20240817OBKT0_두산,2024-08-17,두산,KT,A,Final,Win,3.0,2.0,수원,
20240817OBKT0_KT,2024-08-17,KT,두산,H,Final,Loss,2.0,3.0,수원,
20240817SSNC0_삼성,2024-08-17,삼성,NC,A,Final,Win,5.0,4.0,창원,
20240817SSNC0_NC,2024-08-17,NC,삼성,H,Final,Loss,4.0,5.0,창원,
20240818HTLG0_KIA,2024-08-18,KIA,LG,A,Final,Win,4.0,0.0,잠실,
20240818HTLG0_LG,2024-08-18,LG,KIA,H,Final,Loss,0.0,4.0,잠실,
20240818WOLT0_키움,2024-08-18,키움,롯데,A,Final,Loss,4.0,5.0,사직,
20240818WOLT0_롯데,2024-08-18,롯데,키움,H,Final,Win,5.0,4.0,사직,
20240818HHSK0_한화,2024-08-18,한화,SSG,A,Final,Win,7.0,1.0,문학,
20240818HHSK0_SSG,2024-08-18,SSG,한화,H,Final,Loss,1.0,7.0,문학,
20240818OBKT0_두산,2024-08-18,두산,KT,A,Final,Loss,4.0,5.0,수원,
20240818OBKT0_KT,2024-08-18,KT,두산,H,Final,Win,5.0,4.0,수원,
20240818SSNC0_삼성,2024-08-18,삼성,NC,A,Final,Win,5.0,3.0,창원,
20240818SSNC0_NC,2024-08-18,NC,삼성,H,Final,Loss,3.0,5.0,창원,
20240820SKLG0_SSG,2024-08-20,SSG,LG,A,Final,Loss,3.0,4.0,잠실,
20240820SKLG0_LG,2024-08-20,LG,SSG,H,Final,Win,4.0,3.0,잠실,
20240820WOKT0_키움,2024-08-20,키움,KT,A,Final,Win,3.0,2.0,수원,
20240820WOKT0_KT,2024-08-20,KT,키움,H,Final,Loss,2.0,3.0,수원,
20240820OBSS0_두산,2024-08-20,두산,삼성,A,Final,Loss,0.0,3.0,포항,
20240820OBSS0_삼성,2024-08-20,삼성,두산,H,Final,Win,3.0,0.0,포항,
20240820NCHH0_NC,2024-08-20,NC,한화,A,Final,Loss,2.0,3.0,청주,
20240820NCHH0_한화,2024-08-20,한화,NC,H,Final,Win,3.0,2.0,청주,
20240821SKLG0_SSG,2024-08-21,SSG,LG,A,Final,Win,5.0,1.0,잠실,
20240821SKLG0_LG,2024-08-21,LG,SSG,H,Final,Loss,1.0,5.0,잠실,
20240821LTHT0_롯데,2024-08-21,롯데,KIA,A,Final,Loss,5.0,6.0,광주,
20240821LTHT0_KIA,2024-08-21,KIA,롯데,H,Final,Win,6.0,5.0,광주,
20240821WOKT0_키움,2024-08-21,키움,KT,A,Final,Loss,0.0,5.0,수원,
20240821WOKT0_KT,2024-08-21,KT,키움,H,Final,Win,5.0,0.0,수원,
20240821OBSS0_두산,2024-08-21,두산,삼성,A,Final,Win,5.0,2.0,포항,
20240821OBSS0_삼성,2024-08-21,삼성,두산,H,Final,Loss,2.0,5.0,포항,
20240821NCHH0_NC,2024-08-21,NC,한화,A,Final,Win,8.0,2.0,청주,
20240821NCHH0_한화,2024-08-21,한화,NC,H,Final,Loss,2.0,8.0,청주,
20240822SKLG0_SSG,2024-08-22,SSG,LG,A,Final,Loss,3.0,13.0,잠실,
20240822SKLG0_LG,2024-08-22,LG,SSG,H,Final,Win,13.0,3.0,잠실,
20240822LTHT0_롯데,2024-08-22,롯데,KIA,A,Final,Loss,4.0,6.0,광주,
20240822LTHT0_KIA,2024-08-22,KIA,롯데,H,Final,Win,6.0,4.0,광주,
20240822WOKT0_키움,2024-08-22,키움,KT,A,Final,Loss,2.0,3.0,수원,
20240822WOKT0_KT,2024-08-22,KT,키움,H,Final,Win,3.0,2.0,수원,
20240823HHOB0_한화,2024-08-23,한화,두산,A,Final,Win,7.0,4.0,잠실,
20240823HHOB0_두산,2024-08-23,두산,한화,H,Final,Loss,4.0,7.0,잠실,
20240823LTSS0_롯데,2024-08-23,롯데,삼성,A,Final,Loss,3.0,5.0,대구,
20240823LTSS0_삼성,2024-08-23,삼성,롯데,H,Final,Win,5.0,3.0,대구,
20240823KTSK0_KT,2024-08-23,KT,SSG,A,Final,Win,11.0,6.0,문학,
20240823KTSK0_SSG,2024-08-23,SSG,KT,H,Final,Loss,6.0,11.0,문학,
20240823HTNC0_KIA,2024-08-23,KIA,NC,A,Final,Loss,4.0,17.0,창원,
20240823HTNC0_NC,2024-08-23,NC,KIA,H,Final,Win,17.0,4.0,창원,
20240823LGWO0_LG,2024-08-23,LG,키움,A,Final,Loss,3.0,9.0,고척,
20240823LGWO0_키움,2024-08-23,키움,LG,H,Final,Win,9.0,3.0,고척,
20240824HHOB0_한화,2024-08-24,한화,두산,A,Final,Win,7.0,6.0,잠실,
20240824HHOB0_두산,2024-08-24,두산,한화,H,Final,Loss,6.0,7.0,잠실,
20240824LTSS0_롯데,2024-08-24,롯데,삼성,A,Final,Win,11.0,3.0,대구,
20240824LTSS0_삼성,2024-08-24,삼성,롯데,H,Final,Loss,3.0,11.0,대구,
20240824KTSK0_KT,2024-08-24,KT,SSG,A,Final,Win,9.0,3.0,문학,
20240824KTSK0_SSG,2024-08-24,SSG,KT,H,Final,Loss,3.0,9.0,문학,
20240824HTNC0_KIA,2024-08-24,KIA,NC,A,Final,Win,2.0,0.0,창원,
20240824HTNC0_NC,2024-08-24,NC,KIA,H,Final,Loss,0.0,2.0,창원,
20240824LGWO0_LG,2024-08-24,LG,키움,A,Final,Win,7.0,0.0,고척,
20240824LGWO0_키움,2024-08-24,키움,LG,H,Final,Loss,0.0,7.0,고척,
20240825LGWO0_LG,2024-08-25,LG,키움,A,Final,Loss,4.0,6.0,고척,
20240825LGWO0_키움,2024-08-25,키움,LG,H,Final,Win,6.0,4.0,고척,
20240825HHOB0_한화,2024-08-25,한화,두산,A,Final,Win,3.0,1.0,잠실,
20240825HHOB0_두산,2024-08-25,두산,한화,H,Final,Loss,1.0,3.0,잠실,
20240825LTSS0_롯데,2024-08-25,롯데,삼성,A,Final,Loss,5.0,10.0,대구,
20240825LTSS0_삼성,2024-08-25,삼성,롯데,H,Final,Win,10.0,5.0,대구,
20240825KTSK0_KT,2024-08-25,KT,SSG,A,Final,Loss,3.0,4.0,문학,
20240825KTSK0_SSG,2024-08-25,SSG,KT,H,Final,Win,4.0,3.0,문학,
20240825HTNC0_KIA,2024-08-25,KIA,NC,A,Final,Loss,2.0,8.0,창원,
20240825HTNC0_NC,2024-08-25,NC,KIA,H,Final,Win,8.0,2.0,창원,
20240827KTLG0_KT,2024-08-27,KT,LG,A,Final,Loss,1.0,6.0,잠실,
20240827KTLG0_LG,2024-08-27,LG,KT,H,Final,Win,6.0,1.0,잠실,
20240827HHLT0_한화,2024-08-27,한화,롯데,A,Final,Loss,1.0,3.0,사직,
20240827HHLT0_롯데,2024-08-27,롯데,한화,H,Final,Win,3.0,1.0,사직,
20240827SKHT0_SSG,2024-08-27,SSG,KIA,A,Final,Loss,4.0,10.0,광주,
20240827SKHT0_KIA,2024-08-27,KIA,SSG,H,Final,Win,10.0,4.0,광주,
20240827OBNC0_두산,2024-08-27,두산,NC,A,Final,Win,13.0,7.0,창원,
20240827OBNC0_NC,2024-08-27,NC,두산,H,Final,Loss,7.0,13.0,창원,
20240827SSWO0_삼성,2024-08-27,삼성,키움,A,Final,Win,1.0,0.0,고척,
20240827SSWO0_키움,2024-08-27,키움,삼성,H,Final,Loss,0.0,1.0,고척,
20240828KTLG0_KT,2024-08-28,KT,LG,A,Final,Win,8.0,4.0,잠실,
20240828KTLG0_LG,2024-08-28,LG,KT,H,Final,Loss,4.0,8.0,잠실,
20240828HHLT0_한화,2024-08-28,한화,롯데,A,Final,Win,7.0,0.0,사직,
20240828HHLT0_롯데,2024-08-28,롯데,한화,H,Final,Loss,0.0,7.0,사직,
20240828SKHT0_SSG,2024-08-28,SSG,KIA,A,Final,Loss,6.0,7.0,광주,
20240828SKHT0_KIA,2024-08-28,KIA,SSG,H,Final,Win,7.0,6.0,광주,
20240828OBNC0_두산,2024-08-28,두산,NC,A,Final,Win,8.0,1.0,창원,
20240828OBNC0_NC,2024-08-28,NC,두산,H,Final,Loss,1.0,8.0,창원,
20240828SSWO0_삼성,2024-08-28,삼성,키움,A,Final,Win,9.0,5.0,고척,
20240828SSWO0_키움,2024-08-28,키움,삼성,H,Final,Loss,5.0,9.0,고척,
20240829KTLG0_KT,2024-08-29,KT,LG,A,Final,Win,8.0,7.0,잠실,
20240829KTLG0_LG,2024-08-29,LG,KT,H,Final,Loss,7.0,8.0,잠실,
20240829HHLT0_한화,2024-08-29,한화,롯데,A,Final,Loss,11.0,14.0,사직,
20240829HHLT0_롯데,2024-08-29,롯데,한화,H,Final,Win,14.0,11.0,사직,
20240829SKHT0_SSG,2024-08-29,SSG,KIA,A,Final,Win,10.0,4.0,광주,
20240829SKHT0_KIA,2024-08-29,KIA,SSG,H,Final,Loss,4.0,10.0,광주,
20240829OBNC0_두산,2024-08-29,두산,NC,A,Final,Loss,2.0,10.0,창원,
20240829OBNC0_NC,2024-08-29,NC,두산,H,Final,Win,10.0,2.0,창원,
20240829SSWO0_삼성,2024-08-29,삼성,키움,A,Final,Win,1.0,0.0,고척,
20240829SSWO0_키움,2024-08-29,키움,삼성,H,Final,Loss,0.0,1.0,고척,
20240830LGKT0_LG,2024-08-30,LG,KT,A,Final,Win,11.0,7.0,수원,
20240830LGKT0_KT,2024-08-30,KT,LG,H,Final,Loss,7.0,11.0,수원,
20240830LTWO0_롯데,2024-08-30,롯데,키움,A,Final,Win,8.0,2.0,고척,
20240830LTWO0_키움,2024-08-30,키움,롯데,H,Final,Loss,2.0,8.0,고척,
20240831KTHH0_KT,2024-08-31,KT,한화,A,Final,Win,6.0,2.0,한밭,
20240831KTHH0_한화,2024-08-31,한화,KT,H,Final,Loss,2.0,6.0,한밭,
20240831LTOB0_롯데,2024-08-31,롯데,두산,A,Final,Win,7.0,4.0,잠실,
20240831LTOB0_두산,2024-08-31,두산,롯데,H,Final,Loss,4.0,7.0,잠실,
20240831HTSS0_KIA,2024-08-31,KIA,삼성,A,Final,Win,15.0,13.0,대구,
20240831HTSS0_삼성,2024-08-31,삼성,KIA,H,Final,Loss,13.0,15.0,대구,
20240831NCSK0_NC,2024-08-31,NC,SSG,A,Final,Win,7.0,2.0,문학,
20240831NCSK0_SSG,2024-08-31,SSG,NC,H,Final,Loss,2.0,7.0,문학,
20240901LTOB0_롯데,2024-09-01,롯데,두산,A,Final,Win,4.0,3.0,잠실,
20240901LTOB0_두산,2024-09-01,두산,롯데,H,Final,Loss,3.0,4.0,잠실,
20240901HTSS0_KIA,2024-09-01,KIA,삼성,A,Final,Win,6.0,5.0,대구,
20240901HTSS0_삼성,2024-09-01,삼성,KIA,H,Final,Loss,5.0,6.0,대구,
20240901NCSK0_NC,2024-09-01,NC,SSG,A,Final,Win,8.0,2.0,문학,
20240901NCSK0_SSG,2024-09-01,SSG,NC,H,Final,Loss,2.0,8.0,문학,
20240903OBHH0_두산,2024-09-03,두산,한화,A,Final,Loss,1.0,7.0,한밭,
20240903OBHH0_한화,2024-09-03,한화,두산,H,Final,Win,7.0,1.0,한밭,
20240903LTSS0_롯데,2024-09-03,롯데,삼성,A,Final,Loss,1.0,5.0,대구,
20240903LTSS0_삼성,2024-09-03,삼성,롯데,H,Final,Win,5.0,1.0,대구,
20240903LGHT0_LG,2024-09-03,LG,KIA,A,Final,Loss,5.0,7.0,광주,
20240903LGHT0_KIA,2024-09-03,KIA,LG,H,Final,Win,7.0,5.0,광주,
20240903WONC0_키움,2024-09-03,키움,NC,A,Final,Loss,5.0,11.0,창원,
20240903WONC0_NC,2024-09-03,NC,키움,H,Final,Win,11.0,5.0,창원,
20240904SKLG0_SSG,2024-09-04,SSG,LG,A,Final,Loss,0.0,5.0,잠실,
20240904SKLG0_LG,2024-09-04,LG,SSG,H,Final,Win,5.0,0.0,잠실,
20240904OBSS0_두산,2024-09-04,두산,삼성,A,Final,Loss,3.0,7.0,대구,
20240904OBSS0_삼성,2024-09-04,삼성,두산,H,Final,Win,7.0,3.0,대구,
20240904KTLT0_KT,2024-09-04,KT,롯데,A,Final,Loss,5.0,7.0,사직,
20240904KTLT0_롯데,2024-09-04,롯데,KT,H,Final,Win,7.0,5.0,사직,
20240904HHHT0_한화,2024-09-04,한화,KIA,A,Final,Win,5.0,4.0,광주,
20240904HHHT0_KIA,2024-09-04,KIA,한화,H,Final,Loss,4.0,5.0,광주,
20240904WONC0_키움,2024-09-04,키움,NC,A,Final,Loss,6.0,13.0,창원,
20240904WONC0_NC,2024-09-04,NC,키움,H,Final,Win,13.0,6.0,창원,
20240905SKLG0_SSG,2024-09-05,SSG,LG,A,Final,Win,4.0,2.0,잠실,
20240905SKLG0_LG,2024-09-05,LG,SSG,H,Final,Loss,2.0,4.0,잠실,
20240905KTLT0_KT,2024-09-05,KT,롯데,A,Final,Win,12.0,2.0,사직,
20240905KTLT0_롯데,2024-09-05,롯데,KT,H,Final,Loss,2.0,12.0,사직,
20240905HHHT0_한화,2024-09-05,한화,KIA,A,Final,Loss,3.0,4.0,광주,
20240905HHHT0_KIA,2024-09-05,KIA,한화,H,Final,Win,4.0,3.0,광주,
20240905WONC0_키움,2024-09-05,키움,NC,A,Final,Win,12.0,7.0,창원,
20240905WONC0_NC,2024-09-05,NC,키움,H,Final,Loss,7.0,12.0,창원,
20240906HHLG0_한화,2024-09-06,한화,LG,A,Final,Win,3.0,1.0,잠실,
20240906HHLG0_LG,2024-09-06,LG,한화,H,Final,Loss,1.0,3.0,잠실,
20240906SSLT0_삼성,2024-09-06,삼성,롯데,A,Final,Win,7.0,2.0,사직,
20240906SSLT0_롯데,2024-09-06,롯데,삼성,H,Final,Loss,2.0,7.0,사직,
20240906WOHT0_키움,2024-09-06,키움,KIA,A,Final,Loss,0.0,14.0,광주,
20240906WOHT0_KIA,2024-09-06,KIA,키움,H,Final,Win,14.0,0.0,광주,
20240906KTNC0_KT,2024-09-06,KT,NC,A,Final,Win,9.0,3.0,창원,
20240906KTNC0_NC,2024-09-06,NC,KT,H,Final,Loss,3.0,9.0,창원,
20240907HHLG0_한화,2024-09-07,한화,LG,A,Final,Loss,3.0,9.0,잠실,
20240907HHLG0_LG,2024-09-07,LG,한화,H,Final,Win,9.0,3.0,잠실,
20240907NCSS0_NC,2024-09-07,NC,삼성,A,Final,Win,9.0,1.0,대구,
20240907NCSS0_삼성,2024-09-07,삼성,NC,H,Final,Loss,1.0,9.0,대구,
20240907WOHT0_키움,2024-09-07,키움,KIA,A,Final,Loss,2.0,6.0,광주,
20240907WOHT0_KIA,2024-09-07,KIA,키움,H,Final,Win,6.0,2.0,광주,
20240907OBKT0_두산,2024-09-07,두산,KT,A,Final,Win,12.0,2.0,수원,
20240907OBKT0_KT,2024-09-07,KT,두산,H,Final,Loss,2.0,12.0,수원,
20240908HHLG0_한화,2024-09-08,한화,LG,A,Final,Loss,3.0,14.0,잠실,
20240908HHLG0_LG,2024-09-08,LG,한화,H,Final,Win,14.0,3.0,잠실,
20240908NCSS0_NC,2024-09-08,NC,삼성,A,Final,Loss,2.0,10.0,대구,
20240908NCSS0_삼성,2024-09-08,삼성,NC,H,Final,Win,10.0,2.0,대구,
20240908SKLT0_SSG,2024-09-08,SSG,롯데,A,Final,Win,11.0,6.0,사직,
20240908SKLT0_롯데,2024-09-08,롯데,SSG,H,Final,Loss,6.0,11.0,사직,
20240908WOHT0_키움,2024-09-08,키움,KIA,A,Final,Loss,2.0,5.0,광주,
20240908WOHT0_KIA,2024-09-08,KIA,키움,H,Final,Win,5.0,2.0,광주,
20240910LTLG0_롯데,2024-09-10,롯데,LG,A,Final,Win,2.0,1.0,잠실,
20240910LTLG0_LG,2024-09-10,LG,롯데,H,Final,Loss,1.0,2.0,잠실,
20240910HHSK0_한화,2024-09-10,한화,SSG,A,Final,Loss,0.0,5.0,문학,
20240910HHSK0_SSG,2024-09-10,SSG,한화,H,Final,Win,5.0,0.0,문학,
20240910NCKT0_NC,2024-09-10,NC,KT,A,Final,Loss,8.0,11.0,수원,
20240910NCKT0_KT,2024-09-10,KT,NC,H,Final,Win,11.0,8.0,수원,
20240910OBWO0_두산,2024-09-10,두산,키움,A,Final,Loss,1.0,7.0,고척,
20240910OBWO0_키움,2024-09-10,키움,두산,H,Final,Win,7.0,1.0,고척,
20240911SSHH0_삼성,2024-09-11,삼성,한화,A,Final,Win,10.0,1.0,한밭,
20240911SSHH0_한화,2024-09-11,한화,삼성,H,Final,Loss,1.0,10.0,한밭,
20240911WOLG0_키움,2024-09-11,키움,LG,A,Final,Win,9.0,5.0,잠실,
20240911WOLG0_LG,2024-09-11,LG,키움,H,Final,Loss,5.0,9.0,잠실,
20240911LTSK0_롯데,2024-09-11,롯데,SSG,A,Final,Win,10.0,2.0,문학,
20240911LTSK0_SSG,2024-09-11,SSG,롯데,H,Final,Loss,2.0,10.0,문학,
20240911NCKT0_NC,2024-09-11,NC,KT,A,Final,Loss,1.0,2.0,수원,
20240911NCKT0_KT,2024-09-11,KT,NC,H,Final,Win,2.0,1.0,수원,
20240912SSHH0_삼성,2024-09-12,삼성,한화,A,Final,Win,7.0,1.0,한밭,
20240912SSHH0_한화,2024-09-12,한화,삼성,H,Final,Loss,1.0,7.0,한밭,
20240912LTHT0_롯데,2024-09-12,롯데,KIA,A,Final,Loss,0.0,10.0,광주,
20240912LTHT0_KIA,2024-09-12,KIA,롯데,H,Final,Win,10.0,0.0,광주,
20240912NCKT0_NC,2024-09-12,NC,KT,A,Final,Loss,4.0,10.0,수원,
20240912NCKT0_KT,2024-09-12,KT,NC,H,Final,Win,10.0,4.0,수원,
20240913HHLT0_한화,2024-09-13,한화,롯데,A,Final,Win,8.0,4.0,사직,
20240913HHLT0_롯데,2024-09-13,롯데,한화,H,Final,Loss,4.0,8.0,사직,
20240914HHLT0_한화,2024-09-14,한화,롯데,A,Final,Loss,9.0,12.0,사직,
20240914HHLT0_롯데,2024-09-14,롯데,한화,H,Final,Win,12.0,9.0,사직,
20240914SSSK0_삼성,2024-09-14,삼성,SSG,A,Final,Loss,9.0,11.0,문학,
20240914SSSK0_SSG,2024-09-14,SSG,삼성,H,Final,Win,11.0,9.0,문학,
20240914KTOB0_KT,2024-09-14,KT,두산,A,Final,Loss,1.0,2.0,잠실,
20240914KTOB0_두산,2024-09-14,두산,KT,H,Final,Win,2.0,1.0,잠실,
20240914WOHT0_키움,2024-09-14,키움,KIA,A,Final,Loss,2.0,3.0,광주,
20240914WOHT0_KIA,2024-09-14,KIA,키움,H,Final,Win,3.0,2.0,광주,
20240914LGNC0_LG,2024-09-14,LG,NC,A,Final,Win,10.0,7.0,창원,
20240914LGNC0_NC,2024-09-14,NC,LG,H,Final,Loss,7.0,10.0,창원,
20240915HHLT0_한화,2024-09-15,한화,롯데,A,Final,Loss,9.0,16.0,사직,
20240915HHLT0_롯데,2024-09-15,롯데,한화,H,Final,Win,16.0,9.0,사직,
20240915SSSK0_삼성,2024-09-15,삼성,SSG,A,Final,Loss,9.0,14.0,문학,
20240915SSSK0_SSG,2024-09-15,SSG,삼성,H,Final,Win,14.0,9.0,문학,
20240915WOHT0_키움,2024-09-15,키움,KIA,A,Final,Win,10.0,5.0,광주,
20240915WOHT0_KIA,2024-09-15,KIA,키움,H,Final,Loss,5.0,10.0,광주,
20240915LGNC0_LG,2024-09-15,LG,NC,A,Final,Loss,1.0,4.0,창원,
20240915LGNC0_NC,2024-09-15,NC,LG,H,Final,Win,4.0,1.0,창원,
20240916WOOB0_키움,2024-09-16,키움,두산,A,Final,Loss,4.0,5.0,잠실,
20240916WOOB0_두산,2024-09-16,두산,키움,H,Final,Win,5.0,4.0,잠실,
20240916HTKT0_KIA,2024-09-16,KIA,KT,A,Final,Win,11.0,5.0,수원,
20240916HTKT0_KT,2024-09-16,KT,KIA,H,Final,Loss,5.0,11.0,수원,
20240917SSOB0_삼성,2024-09-17,삼성,두산,A,Final,Loss,4.0,8.0,잠실,
20240917SSOB0_두산,2024-09-17,두산,삼성,H,Final,Win,8.0,4.0,잠실,
20240917LGLT0_LG,2024-09-17,LG,롯데,A,Final,Loss,3.0,7.0,사직,
20240917LGLT0_롯데,2024-09-17,롯데,LG,H,Final,Win,7.0,3.0,사직,
20240917HTSK0_KIA,2024-09-17,KIA,SSG,A,Final,Loss,0.0,2.0,문학,
20240917HTSK0_SSG,2024-09-17,SSG,KIA,H,Final,Win,2.0,0.0,문학,
20240917HHNC0_한화,2024-09-17,한화,NC,A,Final,Win,4.0,1.0,창원,
20240917HHNC0_NC,2024-09-17,NC,한화,H,Final,Loss,1.0,4.0,창원,
20240917KTWO0_KT,2024-09-17,KT,키움,A,Final,Win,4.0,2.0,고척,
20240917KTWO0_키움,2024-09-17,키움,KT,H,Final,Loss,2.0,4.0,고척,
20240918LGLT0_LG,2024-09-18,LG,롯데,A,Final,Win,5.0,3.0,사직,
20240918LGLT0_롯데,2024-09-18,롯데,LG,H,Final,Loss,3.0,5.0,사직,
20240918SSKT0_삼성,2024-09-18,삼성,KT,A,Final,Win,8.0,6.0,수원,
20240918SSKT0_KT,2024-09-18,KT,삼성,H,Final,Loss,6.0,8.0,수원,
20240918HHNC0_한화,2024-09-18,한화,NC,A,Final,Loss,2.0,5.0,창원,
20240918HHNC0_NC,2024-09-18,NC,한화,H,Final,Win,5.0,2.0,창원,
20240919HTOB0_KIA,2024-09-19,KIA,두산,A,Final,Loss,4.0,9.0,잠실,
20240919HTOB0_두산,2024-09-19,두산,KIA,H,Final,Win,9.0,4.0,잠실,
20240919LGLT0_LG,2024-09-19,LG,롯데,A,Final,Win,7.0,4.0,사직,
20240919LGLT0_롯데,2024-09-19,롯데,LG,H,Final,Loss,4.0,7.0,사직,
20240919WOSK0_키움,2024-09-19,키움,SSG,A,Final,Loss,6.0,8.0,문학,
20240919WOSK0_SSG,2024-09-19,SSG,키움,H,Final,Win,8.0,6.0,문학,
20240919SSKT0_삼성,2024-09-19,삼성,KT,A,Final,Loss,5.0,12.0,수원,
20240919SSKT0_KT,2024-09-19,KT,삼성,H,Final,Win,12.0,5.0,수원,
20240919HHNC0_한화,2024-09-19,한화,NC,A,Final,Win,7.0,6.0,창원,
20240919HHNC0_NC,2024-09-19,NC,한화,H,Final,Loss,6.0,7.0,창원,
20240921OBLG1_두산,2024-09-21,두산,LG,A,Final,Win,14.0,7.0,잠실,
20240921OBLG1_LG,2024-09-21,LG,두산,H,Final,Loss,7.0,14.0,잠실,
20240921SKKT0_SSG,2024-09-21,SSG,KT,A,Final,Win,4.0,1.0,수원,
20240921SKKT0_KT,2024-09-21,KT,SSG,H,Final,Loss,1.0,4.0,수원,
20240921OBLG2_두산,2024-09-21,두산,LG,A,Final,Loss,0.0,2.0,잠실,
20240921OBLG2_LG,2024-09-21,LG,두산,H,Final,Win,2.0,0.0,잠실,
20240922LTHH0_롯데,2024-09-22,롯데,한화,A,Final,Loss,4.0,8.0,한밭,
20240922LTHH0_한화,2024-09-22,한화,롯데,H,Final,Win,8.0,4.0,한밭,
20240922OBLG0_두산,2024-09-22,두산,LG,A,Final,Loss,5.0,9.0,잠실,
20240922OBLG0_LG,2024-09-22,LG,두산,H,Final,Win,9.0,5.0,잠실,
20240922WOSS0_키움,2024-09-22,키움,삼성,A,Final,Loss,8.0,9.0,대구,
20240922WOSS0_삼성,2024-09-22,삼성,키움,H,Final,Win,9.0,8.0,대구,
20240922SKKT0_SSG,2024-09-22,SSG,KT,A,Final,Win,6.0,2.0,수원,
20240922SKKT0_KT,2024-09-22,KT,SSG,H,Final,Loss,2.0,6.0,수원,
20240923LTHH0_롯데,2024-09-23,롯데,한화,A,Final,Win,3.0,2.0,한밭,
20240923LTHH0_한화,2024-09-23,한화,롯데,H,Final,Loss,2.0,3.0,한밭,
20240923SKOB0_SSG,2024-09-23,SSG,두산,A,Final,Loss,4.0,8.0,잠실,
20240923SKOB0_두산,2024-09-23,두산,SSG,H,Final,Win,8.0,4.0,잠실,
20240923SSHT0_삼성,2024-09-23,삼성,KIA,A,Final,Loss,3.0,5.0,광주,
20240923SSHT0_KIA,2024-09-23,KIA,삼성,H,Final,Win,5.0,3.0,광주,
20240924NCOB0_NC,2024-09-24,NC,두산,A,Final,Loss,5.0,10.0,잠실,
20240924NCOB0_두산,2024-09-24,두산,NC,H,Final,Win,10.0,5.0,잠실,
20240924LGSK0_LG,2024-09-24,LG,SSG,A,Final,Win,14.0,5.0,문학,
20240924LGSK0_SSG,2024-09-24,SSG,LG,H,Final,Loss,5.0,14.0,문학,
20240924SSHT0_삼성,2024-09-24,삼성,KIA,A,Final,Loss,1.0,7.0,광주,
20240924SSHT0_KIA,2024-09-24,KIA,삼성,H,Final,Win,7.0,1.0,광주,
20240924LTKT0_롯데,2024-09-24,롯데,KT,A,Final,Loss,1.0,5.0,수원,
20240924LTKT0_KT,2024-09-24,KT,롯데,H,Final,Win,5.0,1.0,수원,
20240924HHWO0_한화,2024-09-24,한화,키움,A,Final,Loss,4.0,5.0,고척,
20240924HHWO0_키움,2024-09-24,키움,한화,H,Final,Win,5.0,4.0,고척,
20240925HHLG0_한화,2024-09-25,한화,LG,A,Final,Win,4.0,2.0,잠실,
20240925HHLG0_LG,2024-09-25,LG,한화,H,Final,Loss,2.0,4.0,잠실,
20240925WOSS0_키움,2024-09-25,키움,삼성,A,Final,Loss,3.0,6.0,대구,
20240925WOSS0_삼성,2024-09-25,삼성,키움,H,Final,Win,6.0,3.0,대구,
20240925LTHT0_롯데,2024-09-25,롯데,KIA,A,Final,Win,5.0,2.0,광주,
20240925LTHT0_KIA,2024-09-25,KIA,롯데,H,Final,Loss,2.0,5.0,광주,
20240925SKNC0_SSG,2024-09-25,SSG,NC,A,Final,Win,8.0,2.0,창원,
20240925SKNC0_NC,2024-09-25,NC,SSG,H,Final,Loss,2.0,8.0,창원,
20240926WOLG0_키움,2024-09-26,키움,LG,A,Final,Loss,3.0,6.0,잠실,
20240926WOLG0_LG,2024-09-26,LG,키움,H,Final,Win,6.0,3.0,잠실,
20240926OBLT0_두산,2024-09-26,두산,롯데,A,Final,Win,4.0,3.0,사직,
20240926OBLT0_롯데,2024-09-26,롯데,두산,H,Final,Loss,3.0,4.0,사직,
20240926SKNC0_SSG,2024-09-26,SSG,NC,A,Final,Win,10.0,1.0,창원,
20240926SKNC0_NC,2024-09-26,NC,SSG,H,Final,Loss,1.0,10.0,창원,
20240927HTHH0_KIA,2024-09-27,KIA,한화,A,Final,Loss,0.0,8.0,한밭,
20240927HTHH0_한화,2024-09-27,한화,KIA,H,Final,Win,8.0,0.0,한밭,
20240927NCLT0_NC,2024-09-27,NC,롯데,A,Final,Loss,6.0,13.0,사직,
20240927NCLT0_롯데,2024-09-27,롯데,NC,H,Final,Win,13.0,6.0,사직,
20240927WOKT0_키움,2024-09-27,키움,KT,A,Final,Loss,7.0,8.0,수원,
20240927WOKT0_KT,2024-09-27,KT,키움,H,Final,Win,8.0,7.0,수원,
20240928SKHH0_SSG,2024-09-28,SSG,한화,A,Final,Win,6.0,2.0,한밭,
20240928SKHH0_한화,2024-09-28,한화,SSG,H,Final,Loss,2.0,6.0,한밭,
20240928LGSS0_LG,2024-09-28,LG,삼성,A,Final,Win,11.0,4.0,대구,
20240928LGSS0_삼성,2024-09-28,삼성,LG,H,Final,Loss,4.0,11.0,대구,
20240928HTLT0_KIA,2024-09-28,KIA,롯데,A,Final,Win,12.0,8.0,사직,
20240928HTLT0_롯데,2024-09-28,롯데,KIA,H,Final,Loss,8.0,12.0,사직,
20240928WOKT0_키움,2024-09-28,키움,KT,A,Final,Loss,7.0,10.0,수원,
20240928WOKT0_KT,2024-09-28,KT,키움,H,Final,Win,10.0,7.0,수원,
20240928OBNC0_두산,2024-09-28,두산,NC,A,Final,Win,4.0,3.0,창원,
20240928OBNC0_NC,2024-09-28,NC,두산,H,Final,Loss,3.0,4.0,창원,
20240929NCHH0_NC,2024-09-29,NC,한화,A,Final,Win,7.0,2.0,한밭,
20240929NCHH0_한화,2024-09-29,한화,NC,H,Final,Loss,2.0,7.0,한밭,
20240930WOSK0_키움,2024-09-30,키움,SSG,A,Final,Loss,2.0,7.0,문학,
20240930WOSK0_SSG,2024-09-30,SSG,키움,H,Final,Win,7.0,2.0,문학,
20240930NCHT0_NC,2024-09-30,NC,KIA,A,Final,Loss,5.0,10.0,광주,
20240930NCHT0_KIA,2024-09-30,KIA,NC,H,Final,Win,10.0,5.0,광주,
20241001LTNC0_롯데,2024-10-01,롯데,NC,A,Final,Win,5.0,1.0,창원,
20241001LTNC0_NC,2024-10-01,NC,롯데,H,Final,Loss,1.0,5.0,창원,
20250322LTLG0_롯데,2025-03-22,롯데,LG,A,Final,Loss,2.0,12.0,잠실,
20250322LTLG0_LG,2025-03-22,LG,롯데,H,Final,Win,12.0,2.0,잠실,
20250322WOSS0_키움,2025-03-22,키움,삼성,A,Final,Loss,5.0,13.0,대구,
20250322WOSS0_삼성,2025-03-22,삼성,키움,H,Final,Win,13.0,5.0,대구,
20250322OBSK0_두산,2025-03-22,두산,SSG,A,Final,Loss,5.0,6.0,문학,
20250322OBSK0_SSG,2025-03-22,SSG,두산,H,Final,Win,6.0,5.0,문학,
20250322NCHT0_NC,2025-03-22,NC,KIA,A,Final,Loss,2.0,9.0,광주,
20250322NCHT0_KIA,2025-03-22,KIA,NC,H,Final,Win,9.0,2.0,광주,
20250322HHKT0_한화,2025-03-22,한화,KT,A,Final,Win,4.0,3.0,수원,
20250322HHKT0_KT,2025-03-22,KT,한화,H,Final,Loss,3.0,4.0,수원,
20250323LTLG0_롯데,2025-03-23,롯데,LG,A,Final,Loss,2.0,10.0,잠실,
20250323LTLG0_LG,2025-03-23,LG,롯데,H,Final,Win,10.0,2.0,잠실,
20250323WOSS0_키움,2025-03-23,키움,삼성,A,Final,Loss,7.0,11.0,대구,
20250323WOSS0_삼성,2025-03-23,삼성,키움,H,Final,Win,11.0,7.0,대구,
20250323OBSK0_두산,2025-03-23,두산,SSG,A,Final,Loss,2.0,5.0,문학,
20250323OBSK0_SSG,2025-03-23,SSG,두산,H,Final,Win,5.0,2.0,문학,
20250323NCHT0_NC,2025-03-23,NC,KIA,A,Final,Win,5.0,4.0,광주,
20250323NCHT0_KIA,2025-03-23,KIA,NC,H,Final,Loss,4.0,5.0,광주,
20250323HHKT0_한화,2025-03-23,한화,KT,A,Final,Loss,4.0,5.0,수원,
20250323HHKT0_KT,2025-03-23,KT,한화,H,Final,Win,5.0,4.0,수원,
20250325HHLG0_한화,2025-03-25,한화,LG,A,Final,Loss,0.0,5.0,잠실,
20250325HHLG0_LG,2025-03-25,LG,한화,H,Final,Win,5.0,0.0,잠실,
20250325NCSS0_NC,2025-03-25,NC,삼성,A,Final,Loss,5.0,14.0,대구,
20250325NCSS0_삼성,2025-03-25,삼성,NC,H,Final,Win,14.0,5.0,대구,
20250325LTSK0_롯데,2025-03-25,롯데,SSG,A,Final,Win,3.0,2.0,문학,
20250325LTSK0_SSG,2025-03-25,SSG,롯데,H,Final,Loss,2.0,3.0,문학,
20250325WOHT0_키움,2025-03-25,키움,KIA,A,Final,Loss,6.0,11.0,광주,
20250325WOHT0_KIA,2025-03-25,KIA,키움,H,Final,Win,11.0,6.0,광주,
20250325OBKT0_두산,2025-03-25,두산,KT,A,Final,Loss,3.0,8.0,수원,
20250325OBKT0_KT,2025-03-25,KT,두산,H,Final,Win,8.0,3.0,수원,
20250326HHLG0_한화,2025-03-26,한화,LG,A,Final,Loss,0.0,4.0,잠실,
20250326HHLG0_LG,2025-03-26,LG,한화,H,Final,Win,4.0,0.0,잠실,
20250326NCSS0_NC,2025-03-26,NC,삼성,A,Final,Win,8.0,6.0,대구,
20250326NCSS0_삼성,2025-03-26,삼성,NC,H,Final,Loss,6.0,8.0,대구,
20250326LTSK0_롯데,2025-03-26,롯데,SSG,A,Final,Loss,1.0,3.0,문학,
20250326LTSK0_SSG,2025-03-26,SSG,롯데,H,Final,Win,3.0,1.0,문학,
20250326WOHT0_키움,2025-03-26,키움,KIA,A,Final,Win,17.0,10.0,광주,
20250326WOHT0_KIA,2025-03-26,KIA,키움,H,Final,Loss,10.0,17.0,광주,
20250326OBKT0_두산,2025-03-26,두산,KT,A,Final,Win,3.0,2.0,수원,
20250326OBKT0_KT,2025-03-26,KT,두산,H,Final,Loss,2.0,3.0,수원,
20250327HHLG0_한화,2025-03-27,한화,LG,A,Final,Loss,1.0,2.0,잠실,
20250327HHLG0_LG,2025-03-27,LG,한화,H,Final,Win,2.0,1.0,잠실,
20250327NCSS0_NC,2025-03-27,NC,삼성,A,Final,Win,11.0,5.0,대구,
20250327NCSS0_삼성,2025-03-27,삼성,NC,H,Final,Loss,5.0,11.0,대구,
20250327LTSK0_롯데,2025-03-27,롯데,SSG,A,Final,Loss,2.0,5.0,문학,
20250327LTSK0_SSG,2025-03-27,SSG,롯데,H,Final,Win,5.0,2.0,문학,
20250327WOHT0_키움,2025-03-27,키움,KIA,A,Final,Win,5.0,3.0,광주,
20250327WOHT0_KIA,2025-03-27,KIA,키움,H,Final,Loss,3.0,5.0,광주,
20250327OBKT0_두산,2025-03-27,두산,KT,A,Final,Loss,3.0,4.0,수원,
20250327OBKT0_KT,2025-03-27,KT,두산,H,Final,Win,4.0,3.0,수원,
20250328SSOB0_삼성,2025-03-28,삼성,두산,A,Final,Loss,0.0,2.0,잠실,
20250328SSOB0_두산,2025-03-28,두산,삼성,H,Final,Win,2.0,0.0,잠실,
20250328KTLT0_KT,2025-03-28,KT,롯데,A,Final,Win,2.0,0.0,사직,
20250328KTLT0_롯데,2025-03-28,롯데,KT,H,Final,Loss,0.0,2.0,사직,
20250328LGNC0_LG,2025-03-28,LG,NC,A,Final,Win,8.0,4.0,창원,
20250328LGNC0_NC,2025-03-28,NC,LG,H,Final,Loss,4.0,8.0,창원,
20250328HTHH0_KIA,2025-03-28,KIA,한화,A,Final,Loss,2.0,7.0,대전,
20250328HTHH0_한화,2025-03-28,한화,KIA,H,Final,Win,7.0,2.0,대전,
20250328SKWO0_SSG,2025-03-28,SSG,키움,A,Final,Loss,3.0,9.0,고척,
20250328SKWO0_키움,2025-03-28,키움,SSG,H,Final,Win,9.0,3.0,고척,
20250329HTHH0_KIA,2025-03-29,KIA,한화,A,Final,Loss,4.0,5.0,대전,
20250329HTHH0_한화,2025-03-29,한화,KIA,H,Final,Win,5.0,4.0,대전,
20250329SKWO0_SSG,2025-03-29,SSG,키움,A,Final,Loss,1.0,3.0,고척,
20250329SKWO0_키움,2025-03-29,키움,SSG,H,Final,Win,3.0,1.0,고척,
20250329SSOB0_삼성,2025-03-29,삼성,두산,A,Final,Win,13.0,2.0,잠실,
20250329SSOB0_두산,2025-03-29,두산,삼성,H,Final,Loss,2.0,13.0,잠실,
20250329KTLT0_KT,2025-03-29,KT,롯데,A,Final,Loss,1.0,3.0,사직,
20250329KTLT0_롯데,2025-03-29,롯데,KT,H,Final,Win,3.0,1.0,사직,
20250329LGNC0_LG,2025-03-29,LG,NC,A,Final,Win,14.0,4.0,창원,
20250329LGNC0_NC,2025-03-29,NC,LG,H,Final,Loss,4.0,14.0,창원,
20250330SSOB0_삼성,2025-03-30,삼성,두산,A,Final,Win,3.0,2.0,잠실,
20250330SSOB0_두산,2025-03-30,두산,삼성,H,Final,Loss,2.0,3.0,잠실,
20250330HTHH0_KIA,2025-03-30,KIA,한화,A,Final,Win,5.0,3.0,대전,
20250330HTHH0_한화,2025-03-30,한화,KIA,H,Final,Loss,3.0,5.0,대전,
20250330SKWO0_SSG,2025-03-30,SSG,키움,A,Final,Win,8.0,2.0,고척,
20250330SKWO0_키움,2025-03-30,키움,SSG,H,Final,Loss,2.0,8.0,고척,
20250402WOOB0_키움,2025-04-02,키움,두산,A,Final,Loss,3.0,5.0,잠실,
20250402WOOB0_두산,2025-04-02,두산,키움,H,Final,Win,5.0,3.0,잠실,
20250402SSHT0_삼성,2025-04-02,삼성,KIA,A,Final,Win,4.0,2.0,광주,
20250402SSHT0_KIA,2025-04-02,KIA,삼성,H,Final,Loss,2.0,4.0,광주,
20250402LGKT0_LG,2025-04-02,LG,KT,A,Final,Loss,5.0,9.0,수원,
20250402LGKT0_KT,2025-04-02,KT,LG,H,Final,Win,9.0,5.0,수원,
20250402LTHH0_롯데,2025-04-02,롯데,한화,A,Final,Win,6.0,2.0,대전,
20250402LTHH0_한화,2025-04-02,한화,롯데,H,Final,Loss,2.0,6.0,대전,
20250403WOOB0_키움,2025-04-03,키움,두산,A,Final,Loss,1.0,6.0,잠실,
20250403WOOB0_두산,2025-04-03,두산,키움,H,Final,Win,6.0,1.0,잠실,
20250403SSHT0_삼성,2025-04-03,삼성,KIA,A,Final,Loss,1.0,3.0,광주,
20250403SSHT0_KIA,2025-04-03,KIA,삼성,H,Final,Win,3.0,1.0,광주,
20250403LGKT0_LG,2025-04-03,LG,KT,A,Final,Win,5.0,1.0,수원,
20250403LGKT0_KT,2025-04-03,KT,LG,H,Final,Loss,1.0,5.0,수원,
20250403LTHH0_롯데,2025-04-03,롯데,한화,A,Final,Win,4.0,2.0,대전,
20250403LTHH0_한화,2025-04-03,한화,롯데,H,Final,Loss,2.0,4.0,대전,
20250404HTLG0_KIA,2025-04-04,KIA,LG,A,Final,Loss,2.0,8.0,잠실,
20250404HTLG0_LG,2025-04-04,LG,KIA,H,Final,Win,8.0,2.0,잠실,
20250404HHSS0_한화,2025-04-04,한화,삼성,A,Final,Loss,0.0,5.0,대구,
20250404HHSS0_삼성,2025-04-04,삼성,한화,H,Final,Win,5.0,0.0,대구,
20250404OBLT0_두산,2025-04-04,두산,롯데,A,Final,Win,15.0,3.0,사직,
20250404OBLT0_롯데,2025-04-04,롯데,두산,H,Final,Loss,3.0,15.0,사직,
20250404KTSK0_KT,2025-04-04,KT,SSG,A,Final,Loss,2.0,3.0,문학,
20250404KTSK0_SSG,2025-04-04,SSG,KT,H,Final,Win,3.0,2.0,문학,
20250404NCWO0_NC,2025-04-04,NC,키움,A,Final,Loss,1.0,5.0,고척,
20250404NCWO0_키움,2025-04-04,키움,NC,H,Final,Win,5.0,1.0,고척,
20250405HHSS0_한화,2025-04-05,한화,삼성,A,Final,Win,7.0,6.0,대구,
20250405HHSS0_삼성,2025-04-05,삼성,한화,H,Final,Loss,6.0,7.0,대구,
20250405OBLT0_두산,2025-04-05,두산,롯데,A,Final,Loss,1.0,6.0,사직,
20250405OBLT0_롯데,2025-04-05,롯데,두산,H,Final,Win,6.0,1.0,사직,
20250405NCWO0_NC,2025-04-05,NC,키움,A,Final,Win,7.0,5.0,고척,
20250405NCWO0_키움,2025-04-05,키움,NC,H,Final,Loss,5.0,7.0,고척,
20250406HTLG0_KIA,2025-04-06,KIA,LG,A,Final,Loss,1.0,5.0,잠실,
20250406HTLG0_LG,2025-04-06,LG,KIA,H,Final,Win,5.0,1.0,잠실,
20250406HHSS0_한화,2025-04-06,한화,삼성,A,Final,Loss,0.0,10.0,대구,
20250406HHSS0_삼성,2025-04-06,삼성,한화,H,Final,Win,10.0,0.0,대구,
20250406OBLT0_두산,2025-04-06,두산,롯데,A,Final,Win,15.0,12.0,사직,
20250406OBLT0_롯데,2025-04-06,롯데,두산,H,Final,Loss,12.0,15.0,사직,
20250406KTSK0_KT,2025-04-06,KT,SSG,A,Final,Loss,0.0,1.0,문학,
20250406KTSK0_SSG,2025-04-06,SSG,KT,H,Final,Win,1.0,0.0,문학,
20250406NCWO0_NC,2025-04-06,NC,키움,A,Final,Win,8.0,2.0,고척,
20250406NCWO0_키움,2025-04-06,키움,NC,H,Final,Loss,2.0,8.0,고척,
20250408HHOB0_한화,2025-04-08,한화,두산,A,Final,Loss,5.0,6.0,잠실,
20250408HHOB0_두산,2025-04-08,두산,한화,H,Final,Win,6.0,5.0,잠실,
20250408SKSS0_SSG,2025-04-08,SSG,삼성,A,Final,Loss,3.0,7.0,대구,
20250408SKSS0_삼성,2025-04-08,삼성,SSG,H,Final,Win,7.0,3.0,대구,
20250408HTLT0_KIA,2025-04-08,KIA,롯데,A,Final,Win,5.0,4.0,사직,
20250408HTLT0_롯데,2025-04-08,롯데,KIA,H,Final,Loss,4.0,5.0,사직,
20250408NCKT0_NC,2025-04-08,NC,KT,A,Final,Loss,2.0,3.0,수원,
20250408NCKT0_KT,2025-04-08,KT,NC,H,Final,Win,3.0,2.0,수원,
20250408LGWO0_LG,2025-04-08,LG,키움,A,Final,Win,13.0,1.0,고척,
20250408LGWO0_키움,2025-04-08,키움,LG,H,Final,Loss,1.0,13.0,고척,
20250409HHOB0_한화,2025-04-09,한화,두산,A,Final,Win,5.0,4.0,잠실,
20250409HHOB0_두산,2025-04-09,두산,한화,H,Final,Loss,4.0,5.0,잠실,
20250409SKSS0_SSG,2025-04-09,SSG,삼성,A,Final,Win,3.0,1.0,대구,
20250409SKSS0_삼성,2025-04-09,삼성,SSG,H,Final,Loss,1.0,3.0,대구,
20250409HTLT0_KIA,2025-04-09,KIA,롯데,A,Final,Win,3.0,1.0,사직,
20250409HTLT0_롯데,2025-04-09,롯데,KIA,H,Final,Loss,1.0,3.0,사직,
20250409NCKT0_NC,2025-04-09,NC,KT,A,Final,Loss,1.0,4.0,수원,
20250409NCKT0_KT,2025-04-09,KT,NC,H,Final,Win,4.0,1.0,수원,
20250409LGWO0_LG,2025-04-09,LG,키움,A,Final,Loss,0.0,4.0,고척,
20250409LGWO0_키움,2025-04-09,키움,LG,H,Final,Win,4.0,0.0,고척,
20250410HHOB0_한화,2025-04-10,한화,두산,A,Final,Win,7.0,2.0,잠실,
20250410HHOB0_두산,2025-04-10,두산,한화,H,Final,Loss,2.0,7.0,잠실,
20250410SKSS0_SSG,2025-04-10,SSG,삼성,A,Final,Loss,2.0,3.0,대구,
20250410SKSS0_삼성,2025-04-10,삼성,SSG,H,Final,Win,3.0,2.0,대구,
20250410HTLT0_KIA,2025-04-10,KIA,롯데,A,Final,Loss,3.0,8.0,사직,
20250410HTLT0_롯데,2025-04-10,롯데,KIA,H,Final,Win,8.0,3.0,사직,
20250410NCKT0_NC,2025-04-10,NC,KT,A,Final,Win,7.0,0.0,수원,
20250410NCKT0_KT,2025-04-10,KT,NC,H,Final,Loss,0.0,7.0,수원,
20250410LGWO0_LG,2025-04-10,LG,키움,A,Final,Win,7.0,3.0,고척,
20250410LGWO0_키움,2025-04-10,키움,LG,H,Final,Loss,3.0,7.0,고척,
20250411OBLG0_두산,2025-04-11,두산,LG,A,Final,Loss,2.0,5.0,잠실,
20250411OBLG0_LG,2025-04-11,LG,두산,H,Final,Win,5.0,2.0,잠실,
20250411LTNC0_롯데,2025-04-11,롯데,NC,A,Final,Win,7.0,5.0,사직,
20250411LTNC0_NC,2025-04-11,NC,롯데,H,Final,Loss,5.0,7.0,사직,
20250411SKHT0_SSG,2025-04-11,SSG,KIA,A,Final,Win,9.0,3.0,광주,
20250411SKHT0_KIA,2025-04-11,KIA,SSG,H,Final,Loss,3.0,9.0,광주,
20250411SSKT0_삼성,2025-04-11,삼성,KT,A,Final,Loss,3.0,5.0,수원,
20250411SSKT0_KT,2025-04-11,KT,삼성,H,Final,Win,5.0,3.0,수원,
20250411WOHH0_키움,2025-04-11,키움,한화,A,Final,Loss,2.0,12.0,대전,
20250411WOHH0_한화,2025-04-11,한화,키움,H,Final,Win,12.0,2.0,대전,
20250412OBLG0_두산,2025-04-12,두산,LG,A,Final,Loss,0.0,4.0,잠실,
20250412OBLG0_LG,2025-04-12,LG,두산,H,Final,Win,4.0,0.0,잠실,
20250412LTNC0_롯데,2025-04-12,롯데,NC,A,Final,Win,2.0,0.0,사직,
20250412LTNC0_NC,2025-04-12,NC,롯데,H,Final,Loss,0.0,2.0,사직,
20250412WOHH0_키움,2025-04-12,키움,한화,A,Final,Win,6.0,2.0,대전,
20250412WOHH0_한화,2025-04-12,한화,키움,H,Final,Loss,2.0,6.0,대전,
20250413OBLG0_두산,2025-04-13,두산,LG,A,Final,Win,9.0,2.0,잠실,
20250413OBLG0_LG,2025-04-13,LG,두산,H,Final,Loss,2.0,9.0,잠실,
20250413LTNC0_롯데,2025-04-13,롯데,NC,A,Final,Loss,6.0,9.0,사직,
20250413LTNC0_NC,2025-04-13,NC,롯데,H,Final,Win,9.0,6.0,사직,
20250413SKHT0_SSG,2025-04-13,SSG,KIA,A,Final,Loss,5.0,11.0,광주,
20250413SKHT0_KIA,2025-04-13,KIA,SSG,H,Final,Win,11.0,5.0,광주,
20250413SSKT0_삼성,2025-04-13,삼성,KT,A,Final,Loss,5.0,6.0,수원,
20250413SSKT0_KT,2025-04-13,KT,삼성,H,Final,Win,6.0,5.0,수원,
20250413WOHH0_키움,2025-04-13,키움,한화,A,Final,Loss,1.0,7.0,대전,
20250413WOHH0_한화,2025-04-13,한화,키움,H,Final,Win,7.0,1.0,대전,
20250415SSLG0_삼성,2025-04-15,삼성,LG,A,Final,Loss,0.0,3.0,잠실,
20250415SSLG0_LG,2025-04-15,LG,삼성,H,Final,Win,3.0,0.0,잠실,
20250415WOLT0_키움,2025-04-15,키움,롯데,A,Final,Loss,6.0,8.0,사직,
20250415WOLT0_롯데,2025-04-15,롯데,키움,H,Final,Win,8.0,6.0,사직,
20250415HHSK0_한화,2025-04-15,한화,SSG,A,Final,Win,2.0,0.0,문학,
20250415HHSK0_SSG,2025-04-15,SSG,한화,H,Final,Loss,0.0,2.0,문학,
20250415KTHT0_KT,2025-04-15,KT,KIA,A,Final,Loss,0.0,1.0,광주,
20250415KTHT0_KIA,2025-04-15,KIA,KT,H,Final,Win,1.0,0.0,광주,
20250416SSLG0_삼성,2025-04-16,삼성,LG,A,Final,Loss,2.0,12.0,잠실,
20250416SSLG0_LG,2025-04-16,LG,삼성,H,Final,Win,12.0,2.0,잠실,
20250416WOLT0_키움,2025-04-16,키움,롯데,A,Final,Loss,4.0,6.0,사직,
20250416WOLT0_롯데,2025-04-16,롯데,키움,H,Final,Win,6.0,4.0,사직,
20250416HHSK0_한화,2025-04-16,한화,SSG,A,Final,Win,10.0,4.0,문학,
20250416HHSK0_SSG,2025-04-16,SSG,한화,H,Final,Loss,4.0,10.0,문학,
20250416KTHT0_KT,2025-04-16,KT,KIA,A,Final,Win,3.0,0.0,광주,
20250416KTHT0_KIA,2025-04-16,KIA,KT,H,Final,Loss,0.0,3.0,광주,
20250417SSLG0_삼성,2025-04-17,삼성,LG,A,Final,Win,6.0,3.0,잠실,
20250417SSLG0_LG,2025-04-17,LG,삼성,H,Final,Loss,3.0,6.0,잠실,
20250417WOLT0_키움,2025-04-17,키움,롯데,A,Final,Loss,1.0,7.0,사직,
20250417WOLT0_롯데,2025-04-17,롯데,키움,H,Final,Win,7.0,1.0,사직,
20250417HHSK0_한화,2025-04-17,한화,SSG,A,Final,Win,4.0,2.0,문학,
20250417HHSK0_SSG,2025-04-17,SSG,한화,H,Final,Loss,2.0,4.0,문학,
20250417KTHT0_KT,2025-04-17,KT,KIA,A,Final,Loss,4.0,5.0,광주,
20250417KTHT0_KIA,2025-04-17,KIA,KT,H,Final,Win,5.0,4.0,광주,
20250418HTOB0_KIA,2025-04-18,KIA,두산,A,Final,Loss,1.0,7.0,잠실,
20250418HTOB0_두산,2025-04-18,두산,KIA,H,Final,Win,7.0,1.0,잠실,
20250418LTSS0_롯데,2025-04-18,롯데,삼성,A,Final,Win,8.0,1.0,대구,
20250418LTSS0_삼성,2025-04-18,삼성,롯데,H,Final,Loss,1.0,8.0,대구,
20250418LGSK0_LG,2025-04-18,LG,SSG,A,Final,Win,5.0,1.0,문학,
20250418LGSK0_SSG,2025-04-18,SSG,LG,H,Final,Loss,1.0,5.0,문학,
20250418NCHH0_NC,2025-04-18,NC,한화,A,Final,Loss,4.0,12.0,대전,
20250418NCHH0_한화,2025-04-18,한화,NC,H,Final,Win,12.0,4.0,대전,
20250418KTWO0_KT,2025-04-18,KT,키움,A,Final,Loss,3.0,4.0,고척,
20250418KTWO0_키움,2025-04-18,키움,KT,H,Final,Win,4.0,3.0,고척,
20250419HTOB0_KIA,2025-04-19,KIA,두산,A,Final,Win,8.0,4.0,잠실,
20250419HTOB0_두산,2025-04-19,두산,KIA,H,Final,Loss,4.0,8.0,잠실,
20250419LGSK0_LG,2025-04-19,LG,SSG,A,Final,Win,11.0,4.0,문학,
20250419LGSK0_SSG,2025-04-19,SSG,LG,H,Final,Loss,4.0,11.0,문학,
20250419LTSS0_롯데,2025-04-19,롯데,삼성,A,Final,Loss,3.0,10.0,대구,
20250419LTSS0_삼성,2025-04-19,삼성,롯데,H,Final,Win,10.0,3.0,대구,
20250419NCHH0_NC,2025-04-19,NC,한화,A,Final,Loss,2.0,7.0,대전,
20250419NCHH0_한화,2025-04-19,한화,NC,H,Final,Win,7.0,2.0,대전,
20250419KTWO0_KT,2025-04-19,KT,키움,A,Final,Win,11.0,1.0,고척,
20250419KTWO0_키움,2025-04-19,키움,KT,H,Final,Loss,1.0,11.0,고척,
20250420HTOB0_KIA,2025-04-20,KIA,두산,A,Final,Win,6.0,2.0,잠실,
20250420HTOB0_두산,2025-04-20,두산,KIA,H,Final,Loss,2.0,6.0,잠실,
20250420LTSS0_롯데,2025-04-20,롯데,삼성,A,Final,Win,4.0,3.0,대구,
20250420LTSS0_삼성,2025-04-20,삼성,롯데,H,Final,Loss,3.0,4.0,대구,
20250420LGSK0_LG,2025-04-20,LG,SSG,A,Final,Loss,3.0,9.0,문학,
20250420LGSK0_SSG,2025-04-20,SSG,LG,H,Final,Win,9.0,3.0,문학,
20250420NCHH0_NC,2025-04-20,NC,한화,A,Final,Loss,1.0,7.0,대전,
20250420NCHH0_한화,2025-04-20,한화,NC,H,Final,Win,7.0,1.0,대전,
20250420KTWO0_KT,2025-04-20,KT,키움,A,Final,Win,5.0,0.0,고척,
20250420KTWO0_키움,2025-04-20,키움,KT,H,Final,Loss,0.0,5.0,고척,
20250422NCLG0_NC,2025-04-22,NC,LG,A,Final,Win,6.0,5.0,잠실,
20250422NCLG0_LG,2025-04-22,LG,NC,H,Final,Loss,5.0,6.0,잠실,
20250422SKKT0_SSG,2025-04-22,SSG,KT,A,Final,Loss,3.0,9.0,수원,
20250422SKKT0_KT,2025-04-22,KT,SSG,H,Final,Win,9.0,3.0,수원,
20250422OBWO0_두산,2025-04-22,두산,키움,A,Final,Loss,4.0,5.0,고척,
20250422OBWO0_키움,2025-04-22,키움,두산,H,Final,Win,5.0,4.0,고척,
20250423NCLG0_NC,2025-04-23,NC,LG,A,Final,Loss,0.0,3.0,잠실,
20250423NCLG0_LG,2025-04-23,LG,NC,H,Final,Win,3.0,0.0,잠실,
20250423HTSS0_KIA,2025-04-23,KIA,삼성,A,Final,Loss,2.0,7.0,대구,
20250423HTSS0_삼성,2025-04-23,삼성,KIA,H,Final,Win,7.0,2.0,대구,
20250423HHLT0_한화,2025-04-23,한화,롯데,A,Final,Win,6.0,4.0,사직,
20250423HHLT0_롯데,2025-04-23,롯데,한화,H,Final,Loss,4.0,6.0,사직,
20250423SKKT0_SSG,2025-04-23,SSG,KT,A,Final,Win,11.0,5.0,수원,
20250423SKKT0_KT,2025-04-23,KT,SSG,H,Final,Loss,5.0,11.0,수원,
20250423OBWO0_두산,2025-04-23,두산,키움,A,Final,Win,8.0,2.0,고척,
20250423OBWO0_키움,2025-04-23,키움,두산,H,Final,Loss,2.0,8.0,고척,
20250424NCLG0_NC,2025-04-24,NC,LG,A,Final,Win,3.0,1.0,잠실,
20250424NCLG0_LG,2025-04-24,LG,NC,H,Final,Loss,1.0,3.0,잠실,
20250424HTSS0_KIA,2025-04-24,KIA,삼성,A,Final,Loss,5.0,17.0,대구,
20250424HTSS0_삼성,2025-04-24,삼성,KIA,H,Final,Win,17.0,5.0,대구,
20250424HHLT0_한화,2025-04-24,한화,롯데,A,Final,Loss,3.0,5.0,사직,
20250424HHLT0_롯데,2025-04-24,롯데,한화,H,Final,Win,5.0,3.0,사직,
20250424SKKT0_SSG,2025-04-24,SSG,KT,A,Final,Win,6.0,5.0,수원,
20250424SKKT0_KT,2025-04-24,KT,SSG,H,Final,Loss,5.0,6.0,수원,
20250424OBWO0_두산,2025-04-24,두산,키움,A,Final,Win,9.0,3.0,고척,
20250424OBWO0_키움,2025-04-24,키움,두산,H,Final,Loss,3.0,9.0,고척,
20250425LTOB0_롯데,2025-04-25,롯데,두산,A,Final,Win,8.0,2.0,잠실,
20250425LTOB0_두산,2025-04-25,두산,롯데,H,Final,Loss,2.0,8.0,잠실,
20250425NCSS0_NC,2025-04-25,NC,삼성,A,Final,Loss,6.0,10.0,대구,
20250425NCSS0_삼성,2025-04-25,삼성,NC,H,Final,Win,10.0,6.0,대구,
20250425WOSK0_키움,2025-04-25,키움,SSG,A,Final,Loss,3.0,4.0,문학,
20250425WOSK0_SSG,2025-04-25,SSG,키움,H,Final,Win,4.0,3.0,문학,
20250425LGHT0_LG,2025-04-25,LG,KIA,A,Final,Win,6.0,5.0,광주,
20250425LGHT0_KIA,2025-04-25,KIA,LG,H,Final,Loss,5.0,6.0,광주,
20250425KTHH0_KT,2025-04-25,KT,한화,A,Final,Win,2.0,1.0,대전,
20250425KTHH0_한화,2025-04-25,한화,KT,H,Final,Loss,1.0,2.0,대전,
20250426LTOB0_롯데,2025-04-26,롯데,두산,A,Final,Win,7.0,4.0,잠실,
20250426LTOB0_두산,2025-04-26,두산,롯데,H,Final,Loss,4.0,7.0,잠실,
20250426LGHT0_LG,2025-04-26,LG,KIA,A,Final,Loss,4.0,8.0,광주,
20250426LGHT0_KIA,2025-04-26,KIA,LG,H,Final,Win,8.0,4.0,광주,
20250426NCSS0_NC,2025-04-26,NC,삼성,A,Final,Loss,1.0,9.0,대구,
20250426NCSS0_삼성,2025-04-26,삼성,NC,H,Final,Win,9.0,1.0,대구,
20250426WOSK0_키움,2025-04-26,키움,SSG,A,Final,Win,2.0,1.0,문학,
20250426WOSK0_SSG,2025-04-26,SSG,키움,H,Final,Loss,1.0,2.0,문학,
20250426KTHH0_KT,2025-04-26,KT,한화,A,Final,Loss,1.0,2.0,대전,
20250426KTHH0_한화,2025-04-26,한화,KT,H,Final,Win,2.0,1.0,대전,
20250427LTOB0_롯데,2025-04-27,롯데,두산,A,Final,Loss,4.0,13.0,잠실,
20250427LTOB0_두산,2025-04-27,두산,롯데,H,Final,Win,13.0,4.0,잠실,
20250427NCSS0_NC,2025-04-27,NC,삼성,A,Final,Loss,4.0,8.0,대구,
20250427NCSS0_삼성,2025-04-27,삼성,NC,H,Final,Win,8.0,4.0,대구,
20250427WOSK0_키움,2025-04-27,키움,SSG,A,Final,Win,7.0,3.0,문학,
20250427WOSK0_SSG,2025-04-27,SSG,키움,H,Final,Loss,3.0,7.0,문학,
20250427LGHT0_LG,2025-04-27,LG,KIA,A,Final,Loss,2.0,3.0,광주,
20250427LGHT0_KIA,2025-04-27,KIA,LG,H,Final,Win,3.0,2.0,광주,
20250427KTHH0_KT,2025-04-27,KT,한화,A,Final,Loss,3.0,4.0,대전,
20250427KTHH0_한화,2025-04-27,한화,KT,H,Final,Win,4.0,3.0,대전,
20250429KTOB0_KT,2025-04-29,KT,두산,A,Final,Win,3.0,2.0,잠실,
20250429KTOB0_두산,2025-04-29,두산,KT,H,Final,Loss,2.0,3.0,잠실,
20250429SSSK0_삼성,2025-04-29,삼성,SSG,A,Final,Win,3.0,1.0,문학,
20250429SSSK0_SSG,2025-04-29,SSG,삼성,H,Final,Loss,1.0,3.0,문학,
20250429NCHT0_NC,2025-04-29,NC,KIA,A,Final,Loss,3.0,13.0,광주,
20250429NCHT0_KIA,2025-04-29,KIA,NC,H,Final,Win,13.0,3.0,광주,
20250429LGHH0_LG,2025-04-29,LG,한화,A,Final,Loss,2.0,3.0,대전,
20250429LGHH0_한화,2025-04-29,한화,LG,H,Final,Win,3.0,2.0,대전,
20250429LTWO0_롯데,2025-04-29,롯데,키움,A,Final,Win,9.0,3.0,고척,
20250429LTWO0_키움,2025-04-29,키움,롯데,H,Final,Loss,3.0,9.0,고척,
20250430KTOB0_KT,2025-04-30,KT,두산,A,Final,Win,8.0,3.0,잠실,
20250430KTOB0_두산,2025-04-30,두산,KT,H,Final,Loss,3.0,8.0,잠실,
20250430NCHT0_NC,2025-04-30,NC,KIA,A,Final,Win,7.0,0.0,광주,
20250430NCHT0_KIA,2025-04-30,KIA,NC,H,Final,Loss,0.0,7.0,광주,
20250430LGHH0_LG,2025-04-30,LG,한화,A,Final,Loss,2.0,5.0,대전,
20250430LGHH0_한화,2025-04-30,한화,LG,H,Final,Win,5.0,2.0,대전,
20250430LTWO0_롯데,2025-04-30,롯데,키움,A,Final,Win,10.0,9.0,고척,
20250430LTWO0_키움,2025-04-30,키움,롯데,H,Final,Loss,9.0,10.0,고척,
20250501SSSK0_삼성,2025-05-01,삼성,SSG,A,Final,Loss,1.0,4.0,문학,
20250501SSSK0_SSG,2025-05-01,SSG,삼성,H,Final,Win,4.0,1.0,문학,
20250501LTWO0_롯데,2025-05-01,롯데,키움,A,Final,Win,5.0,0.0,고척,
20250501LTWO0_키움,2025-05-01,키움,롯데,H,Final,Loss,0.0,5.0,고척,
20250502SKLG0_SSG,2025-05-02,SSG,LG,A,Final,Win,2.0,1.0,잠실,
20250502SKLG0_LG,2025-05-02,LG,SSG,H,Final,Loss,1.0,2.0,잠실,
20250502OBSS0_두산,2025-05-02,두산,삼성,A,Final,Loss,2.0,6.0,대구,
20250502OBSS0_삼성,2025-05-02,삼성,두산,H,Final,Win,6.0,2.0,대구,
20250502NCLT0_NC,2025-05-02,NC,롯데,A,Final,Loss,3.0,4.0,사직,
20250502NCLT0_롯데,2025-05-02,롯데,NC,H,Final,Win,4.0,3.0,사직,
20250502HHHT0_한화,2025-05-02,한화,KIA,A,Final,Win,3.0,2.0,광주,
20250502HHHT0_KIA,2025-05-02,KIA,한화,H,Final,Loss,2.0,3.0,광주,
20250502WOKT0_키움,2025-05-02,키움,KT,A,Final,Win,5.0,3.0,수원,
20250502WOKT0_KT,2025-05-02,KT,키움,H,Final,Loss,3.0,5.0,수원,
20250503SKLG0_SSG,2025-05-03,SSG,LG,A,Final,Loss,1.0,4.0,잠실,
20250503SKLG0_LG,2025-05-03,LG,SSG,H,Final,Win,4.0,1.0,잠실,
20250503OBSS0_두산,2025-05-03,두산,삼성,A,Final,Win,6.0,1.0,대구,
20250503OBSS0_삼성,2025-05-03,삼성,두산,H,Final,Loss,1.0,6.0,대구,
20250503NCLT0_NC,2025-05-03,NC,롯데,A,Final,Win,13.0,4.0,사직,
20250503NCLT0_롯데,2025-05-03,롯데,NC,H,Final,Loss,4.0,13.0,사직,
20250503WOKT0_키움,2025-05-03,키움,KT,A,Final,Loss,0.0,9.0,수원,
20250503WOKT0_KT,2025-05-03,KT,키움,H,Final,Win,9.0,0.0,수원,
20250504SKLG0_SSG,2025-05-04,SSG,LG,A,Final,Loss,4.0,12.0,잠실,
20250504SKLG0_LG,2025-05-04,LG,SSG,H,Final,Win,12.0,4.0,잠실,
20250504OBSS0_두산,2025-05-04,두산,삼성,A,Final,Win,11.0,6.0,대구,
20250504OBSS0_삼성,2025-05-04,삼성,두산,H,Final,Loss,6.0,11.0,대구,
20250504NCLT0_NC,2025-05-04,NC,롯데,A,Final,Win,9.0,6.0,사직,
20250504NCLT0_롯데,2025-05-04,롯데,NC,H,Final,Loss,6.0,9.0,사직,
20250504HHHT0_한화,2025-05-04,한화,KIA,A,Final,Win,3.0,1.0,광주,
20250504HHHT0_KIA,2025-05-04,KIA,한화,H,Final,Loss,1.0,3.0,광주,
20250504WOKT0_키움,2025-05-04,키움,KT,A,Final,Loss,4.0,5.0,수원,
20250504WOKT0_KT,2025-05-04,KT,키움,H,Final,Win,5.0,4.0,수원,
20250505LGOB0_LG,2025-05-05,LG,두산,A,Final,Loss,2.0,5.0,잠실,
20250505LGOB0_두산,2025-05-05,두산,LG,H,Final,Win,5.0,2.0,잠실,
20250505SKLT0_SSG,2025-05-05,SSG,롯데,A,Final,Win,7.0,1.0,사직,
20250505SKLT0_롯데,2025-05-05,롯데,SSG,H,Final,Loss,1.0,7.0,사직,
20250505NCKT0_NC,2025-05-05,NC,KT,A,Final,Win,6.0,2.0,수원,
20250505NCKT0_KT,2025-05-05,KT,NC,H,Final,Loss,2.0,6.0,수원,
20250505SSHH0_삼성,2025-05-05,삼성,한화,A,Final,Loss,1.0,3.0,대전,
20250505SSHH0_한화,2025-05-05,한화,삼성,H,Final,Win,3.0,1.0,대전,
20250505HTWO0_KIA,2025-05-05,KIA,키움,A,Final,Win,13.0,1.0,고척,
20250505HTWO0_키움,2025-05-05,키움,KIA,H,Final,Loss,1.0,13.0,고척,
20250506LGOB0_LG,2025-05-06,LG,두산,A,Final,Win,5.0,1.0,잠실,
20250506LGOB0_두산,2025-05-06,두산,LG,H,Final,Loss,1.0,5.0,잠실,
20250506SKLT0_SSG,2025-05-06,SSG,롯데,A,Final,Loss,0.0,6.0,사직,
20250506SKLT0_롯데,2025-05-06,롯데,SSG,H,Final,Win,6.0,0.0,사직,
20250506NCKT0_NC,2025-05-06,NC,KT,A,Final,Win,6.0,3.0,수원,
20250506NCKT0_KT,2025-05-06,KT,NC,H,Final,Loss,3.0,6.0,수원,
20250506SSHH0_삼성,2025-05-06,삼성,한화,A,Final,Loss,1.0,3.0,대전,
20250506SSHH0_한화,2025-05-06,한화,삼성,H,Final,Win,3.0,1.0,대전,
20250506HTWO0_KIA,2025-05-06,KIA,키움,A,Final,Win,5.0,3.0,고척,
20250506HTWO0_키움,2025-05-06,키움,KIA,H,Final,Loss,3.0,5.0,고척,
20250507LGOB0_LG,2025-05-07,LG,두산,A,Final,Loss,2.0,5.0,잠실,
20250507LGOB0_두산,2025-05-07,두산,LG,H,Final,Win,5.0,2.0,잠실,
20250507SKLT0_SSG,2025-05-07,SSG,롯데,A,Final,Loss,2.0,6.0,사직,
20250507SKLT0_롯데,2025-05-07,롯데,SSG,H,Final,Win,6.0,2.0,사직,
20250507NCKT0_NC,2025-05-07,NC,KT,A,Final,Win,12.0,2.0,수원,
20250507NCKT0_KT,2025-05-07,KT,NC,H,Final,Loss,2.0,12.0,수원,
20250507SSHH0_삼성,2025-05-07,삼성,한화,A,Final,Loss,6.0,10.0,대전,
20250507SSHH0_한화,2025-05-07,한화,삼성,H,Final,Win,10.0,6.0,대전,
20250507HTWO0_KIA,2025-05-07,KIA,키움,A,Final,Loss,10.0,11.0,고척,
20250507HTWO0_키움,2025-05-07,키움,KIA,H,Final,Win,11.0,10.0,고척,
20250509HHWO0_한화,2025-05-09,한화,키움,A,Final,Win,7.0,5.0,고척,
20250509HHWO0_키움,2025-05-09,키움,한화,H,Final,Loss,5.0,7.0,고척,
20250510HHWO0_한화,2025-05-10,한화,키움,A,Final,Win,9.0,1.0,고척,
20250510HHWO0_키움,2025-05-10,키움,한화,H,Final,Loss,1.0,9.0,고척,
20250510LGSS2_LG,2025-05-10,LG,삼성,A,Final,Win,5.0,4.0,대구,
20250510LGSS2_삼성,2025-05-10,삼성,LG,H,Final,Loss,4.0,5.0,대구,
20250510LGSS2_LG,2025-05-10,LG,삼성,A,Final,Win,4.0,1.0,대구,
20250510LGSS2_삼성,2025-05-10,삼성,LG,H,Final,Loss,1.0,4.0,대구,
20250511LGSS0_LG,2025-05-11,LG,삼성,A,Final,Win,7.0,4.0,대구,
20250511LGSS0_삼성,2025-05-11,삼성,LG,H,Final,Loss,4.0,7.0,대구,
20250511HHWO0_한화,2025-05-11,한화,키움,A,Final,Win,8.0,0.0,고척,
20250511HHWO0_키움,2025-05-11,키움,한화,H,Final,Loss,0.0,8.0,고척,
20250511NCOB2_NC,2025-05-11,NC,두산,A,Final,Win,11.0,5.0,잠실,
20250511NCOB2_두산,2025-05-11,두산,NC,H,Final,Loss,5.0,11.0,잠실,
20250511HTSK2_KIA,2025-05-11,KIA,SSG,A,Final,Loss,4.0,8.0,문학,
20250511HTSK2_SSG,2025-05-11,SSG,KIA,H,Final,Win,8.0,4.0,문학,
20250511LTKT2_롯데,2025-05-11,롯데,KT,A,Final,Win,6.0,1.0,수원,
20250511LTKT2_KT,2025-05-11,KT,롯데,H,Final,Loss,1.0,6.0,수원,
20250511NCOB2_NC,2025-05-11,NC,두산,A,Final,Win,5.0,2.0,잠실,
20250511NCOB2_두산,2025-05-11,두산,NC,H,Final,Loss,2.0,5.0,잠실,
20250511HTSK2_KIA,2025-05-11,KIA,SSG,A,Final,Loss,1.0,5.0,문학,
20250511HTSK2_SSG,2025-05-11,SSG,KIA,H,Final,Win,5.0,1.0,문학,
20250513WOLG0_키움,2025-05-13,키움,LG,A,Final,Loss,6.0,9.0,잠실,
20250513WOLG0_LG,2025-05-13,LG,키움,H,Final,Win,9.0,6.0,잠실,
20250513NCSK0_NC,2025-05-13,NC,SSG,A,Final,Loss,3.0,6.0,문학,
20250513NCSK0_SSG,2025-05-13,SSG,NC,H,Final,Win,6.0,3.0,문학,
20250513LTHT0_롯데,2025-05-13,롯데,KIA,A,Final,Loss,1.0,4.0,광주,
20250513LTHT0_KIA,2025-05-13,KIA,롯데,H,Final,Win,4.0,1.0,광주,
20250513OBHH0_두산,2025-05-13,두산,한화,A,Final,Win,4.0,3.0,대전,
20250513OBHH0_한화,2025-05-13,한화,두산,H,Final,Loss,3.0,4.0,대전,
20250513KTSS0_KT,2025-05-13,KT,삼성,A,Final,Loss,3.0,5.0,포항,
20250513KTSS0_삼성,2025-05-13,삼성,KT,H,Final,Win,5.0,3.0,포항,
20250514WOLG0_키움,2025-05-14,키움,LG,A,Final,Loss,0.0,12.0,잠실,
20250514WOLG0_LG,2025-05-14,LG,키움,H,Final,Win,12.0,0.0,잠실,
20250514NCSK0_NC,2025-05-14,NC,SSG,A,Final,Win,6.0,3.0,문학,
20250514NCSK0_SSG,2025-05-14,SSG,NC,H,Final,Loss,3.0,6.0,문학,
20250514LTHT0_롯데,2025-05-14,롯데,KIA,A,Final,Win,4.0,0.0,광주,
20250514LTHT0_KIA,2025-05-14,KIA,롯데,H,Final,Loss,0.0,4.0,광주,
20250514OBHH0_두산,2025-05-14,두산,한화,A,Final,Win,7.0,1.0,대전,
20250514OBHH0_한화,2025-05-14,한화,두산,H,Final,Loss,1.0,7.0,대전,
20250514KTSS0_KT,2025-05-14,KT,삼성,A,Final,Win,3.0,2.0,포항,
20250514KTSS0_삼성,2025-05-14,삼성,KT,H,Final,Loss,2.0,3.0,포항,
20250515WOLG0_키움,2025-05-15,키움,LG,A,Final,Loss,2.0,6.0,잠실,
20250515WOLG0_LG,2025-05-15,LG,키움,H,Final,Win,6.0,2.0,잠실,
20250515NCSK0_NC,2025-05-15,NC,SSG,A,Final,Loss,0.0,4.0,문학,
20250515NCSK0_SSG,2025-05-15,SSG,NC,H,Final,Win,4.0,0.0,문학,
20250515LTHT0_롯데,2025-05-15,롯데,KIA,A,Final,Loss,6.0,7.0,광주,
20250515LTHT0_KIA,2025-05-15,KIA,롯데,H,Final,Win,7.0,6.0,광주,
20250515OBHH0_두산,2025-05-15,두산,한화,A,Final,Win,8.0,2.0,대전,
20250515OBHH0_한화,2025-05-15,한화,두산,H,Final,Loss,2.0,8.0,대전,
20250515KTSS0_KT,2025-05-15,KT,삼성,A,Final,Loss,0.0,13.0,포항,
20250515KTSS0_삼성,2025-05-15,삼성,KT,H,Final,Win,13.0,0.0,포항,
20250517KTLG1_KT,2025-05-17,KT,LG,A,Final,Win,12.0,4.0,잠실,
20250517KTLG1_LG,2025-05-17,LG,KT,H,Final,Loss,4.0,12.0,잠실,
20250517SSLT1_삼성,2025-05-17,삼성,롯데,A,Final,Loss,5.0,7.0,사직,
20250517SSLT1_롯데,2025-05-17,롯데,삼성,H,Final,Win,7.0,5.0,사직,
20250517OBHT1_두산,2025-05-17,두산,KIA,A,Final,Loss,2.0,5.0,광주,
20250517OBHT1_KIA,2025-05-17,KIA,두산,H,Final,Win,5.0,2.0,광주,
20250517SKHH1_SSG,2025-05-17,SSG,한화,A,Final,Loss,0.0,1.0,대전,
20250517SKHH1_한화,2025-05-17,한화,SSG,H,Final,Win,1.0,0.0,대전,
20250517WONC1_키움,2025-05-17,키움,NC,A,Final,Loss,2.0,3.0,울산,
20250517WONC1_NC,2025-05-17,NC,키움,H,Final,Win,3.0,2.0,울산,
20250517KTLG2_KT,2025-05-17,KT,LG,A,Final,Win,7.0,6.0,잠실,
20250517KTLG2_LG,2025-05-17,LG,KT,H,Final,Loss,6.0,7.0,잠실,
20250517SSLT2_삼성,2025-05-17,삼성,롯데,A,Final,Loss,7.0,8.0,사직,
20250517SSLT2_롯데,2025-05-17,롯데,삼성,H,Final,Win,8.0,7.0,사직,
20250517OBHT2_두산,2025-05-17,두산,KIA,A,Final,Loss,1.0,4.0,광주,
20250517OBHT2_KIA,2025-05-17,KIA,두산,H,Final,Win,4.0,1.0,광주,
20250517SKHH2_SSG,2025-05-17,SSG,한화,A,Final,Win,5.0,2.0,대전,
20250517SKHH2_한화,2025-05-17,한화,SSG,H,Final,Loss,2.0,5.0,대전,
20250517WONC2_키움,2025-05-17,키움,NC,A,Final,Win,3.0,2.0,울산,
20250517WONC2_NC,2025-05-17,NC,키움,H,Final,Loss,2.0,3.0,울산,
20250518KTLG0_KT,2025-05-18,KT,LG,A,Final,Loss,1.0,5.0,잠실,
20250518KTLG0_LG,2025-05-18,LG,KT,H,Final,Win,5.0,1.0,잠실,
20250518SSLT0_삼성,2025-05-18,삼성,롯데,A,Final,Loss,3.0,6.0,사직,
20250518SSLT0_롯데,2025-05-18,롯데,삼성,H,Final,Win,6.0,3.0,사직,
20250518OBHT0_두산,2025-05-18,두산,KIA,A,Final,Loss,4.0,5.0,광주,
20250518OBHT0_KIA,2025-05-18,KIA,두산,H,Final,Win,5.0,4.0,광주,
20250518SKHH0_SSG,2025-05-18,SSG,한화,A,Final,Win,7.0,3.0,대전,
20250518SKHH0_한화,2025-05-18,한화,SSG,H,Final,Loss,3.0,7.0,대전,
20250518WONC0_키움,2025-05-18,키움,NC,A,Final,Loss,0.0,5.0,울산,
20250518WONC0_NC,2025-05-18,NC,키움,H,Final,Win,5.0,0.0,울산,
20250520SKOB0_SSG,2025-05-20,SSG,두산,A,Final,Win,5.0,3.0,잠실,
20250520SKOB0_두산,2025-05-20,두산,SSG,H,Final,Loss,3.0,5.0,잠실,
20250520LGLT0_LG,2025-05-20,LG,롯데,A,Final,Win,17.0,9.0,사직,
20250520LGLT0_롯데,2025-05-20,롯데,LG,H,Final,Loss,9.0,17.0,사직,
20250520HTKT0_KIA,2025-05-20,KIA,KT,A,Final,Loss,3.0,5.0,수원,
20250520HTKT0_KT,2025-05-20,KT,KIA,H,Final,Win,5.0,3.0,수원,
20250520SSWO0_삼성,2025-05-20,삼성,키움,A,Final,Win,6.0,3.0,고척,
20250520SSWO0_키움,2025-05-20,키움,삼성,H,Final,Loss,3.0,6.0,고척,
20250520HHNC0_한화,2025-05-20,한화,NC,A,Final,Win,4.0,1.0,울산,
20250520HHNC0_NC,2025-05-20,NC,한화,H,Final,Loss,1.0,4.0,울산,
20250521SKOB0_SSG,2025-05-21,SSG,두산,A,Final,Win,9.0,1.0,잠실,
20250521SKOB0_두산,2025-05-21,두산,SSG,H,Final,Loss,1.0,9.0,잠실,
20250521HTKT0_KIA,2025-05-21,KIA,KT,A,Final,Loss,1.0,3.0,수원,
20250521HTKT0_KT,2025-05-21,KT,KIA,H,Final,Win,3.0,1.0,수원,
20250521SSWO0_삼성,2025-05-21,삼성,키움,A,Final,Win,6.0,1.0,고척,
20250521SSWO0_키움,2025-05-21,키움,삼성,H,Final,Loss,1.0,6.0,고척,
20250521HHNC0_한화,2025-05-21,한화,NC,A,Final,Loss,2.0,5.0,울산,
20250521HHNC0_NC,2025-05-21,NC,한화,H,Final,Win,5.0,2.0,울산,
20250522SKOB0_SSG,2025-05-22,SSG,두산,A,Final,Loss,5.0,6.0,잠실,
20250522SKOB0_두산,2025-05-22,두산,SSG,H,Final,Win,6.0,5.0,잠실,
20250522LGLT0_LG,2025-05-22,LG,롯데,A,Final,Loss,4.0,11.0,사직,
20250522LGLT0_롯데,2025-05-22,롯데,LG,H,Final,Win,11.0,4.0,사직,
20250522HTKT0_KIA,2025-05-22,KIA,KT,A,Final,Win,8.0,3.0,수원,
20250522HTKT0_KT,2025-05-22,KT,KIA,H,Final,Loss,3.0,8.0,수원,
20250522SSWO0_삼성,2025-05-22,삼성,키움,A,Final,Win,2.0,0.0,고척,
20250522SSWO0_키움,2025-05-22,키움,삼성,H,Final,Loss,0.0,2.0,고척,
20250522HHNC0_한화,2025-05-22,한화,NC,A,Final,Loss,3.0,4.0,울산,
20250522HHNC0_NC,2025-05-22,NC,한화,H,Final,Win,4.0,3.0,울산,
20250523HTSS0_KIA,2025-05-23,KIA,삼성,A,Final,Win,7.0,6.0,대구,
20250523HTSS0_삼성,2025-05-23,삼성,KIA,H,Final,Loss,6.0,7.0,대구,
20250523LGSK0_LG,2025-05-23,LG,SSG,A,Final,Win,3.0,2.0,문학,
20250523LGSK0_SSG,2025-05-23,SSG,LG,H,Final,Loss,2.0,3.0,문학,
20250523LTHH0_롯데,2025-05-23,롯데,한화,A,Final,Loss,2.0,4.0,대전,
20250523LTHH0_한화,2025-05-23,한화,롯데,H,Final,Win,4.0,2.0,대전,
20250523KTWO0_KT,2025-05-23,KT,키움,A,Final,Win,7.0,5.0,고척,
20250523KTWO0_키움,2025-05-23,키움,KT,H,Final,Loss,5.0,7.0,고척,
20250524LTHH0_롯데,2025-05-24,롯데,한화,A,Final,Win,8.0,6.0,대전,
20250524LTHH0_한화,2025-05-24,한화,롯데,H,Final,Loss,6.0,8.0,대전,
20250524KTWO0_KT,2025-05-24,KT,키움,A,Final,Win,10.0,4.0,고척,
20250524KTWO0_키움,2025-05-24,키움,KT,H,Final,Loss,4.0,10.0,고척,
20250524NCOB0_NC,2025-05-24,NC,두산,A,Final,Win,5.0,1.0,잠실,
20250524NCOB0_두산,2025-05-24,두산,NC,H,Final,Loss,1.0,5.0,잠실,
20250524HTSS0_KIA,2025-05-24,KIA,삼성,A,Final,Loss,4.0,8.0,대구,
20250524HTSS0_삼성,2025-05-24,삼성,KIA,H,Final,Win,8.0,4.0,대구,
20250524LGSK0_LG,2025-05-24,LG,SSG,A,Final,Loss,4.0,5.0,문학,
20250524LGSK0_SSG,2025-05-24,SSG,LG,H,Final,Win,5.0,4.0,문학,
20250525NCOB0_NC,2025-05-25,NC,두산,A,Final,Loss,3.0,5.0,잠실,
20250525NCOB0_두산,2025-05-25,두산,NC,H,Final,Win,5.0,3.0,잠실,
20250525HTSS0_KIA,2025-05-25,KIA,삼성,A,Final,Loss,2.0,3.0,대구,
20250525HTSS0_삼성,2025-05-25,삼성,KIA,H,Final,Win,3.0,2.0,대구,
20250525LGSK0_LG,2025-05-25,LG,SSG,A,Final,Win,9.0,3.0,문학,
20250525LGSK0_SSG,2025-05-25,SSG,LG,H,Final,Loss,3.0,9.0,문학,
20250525LTHH0_롯데,2025-05-25,롯데,한화,A,Final,Loss,7.0,8.0,대전,
20250525LTHH0_한화,2025-05-25,한화,롯데,H,Final,Win,8.0,7.0,대전,
20250525KTWO0_KT,2025-05-25,KT,키움,A,Final,Win,2.0,0.0,고척,
20250525KTWO0_키움,2025-05-25,키움,KT,H,Final,Loss,0.0,2.0,고척,
20250527HHLG0_한화,2025-05-27,한화,LG,A,Final,Loss,1.0,2.0,잠실,
20250527HHLG0_LG,2025-05-27,LG,한화,H,Final,Win,2.0,1.0,잠실,
20250527LTSS0_롯데,2025-05-27,롯데,삼성,A,Final,Loss,3.0,7.0,대구,
20250527LTSS0_삼성,2025-05-27,삼성,롯데,H,Final,Win,7.0,3.0,대구,
20250527WOHT0_키움,2025-05-27,키움,KIA,A,Final,Loss,5.0,7.0,광주,
20250527WOHT0_KIA,2025-05-27,KIA,키움,H,Final,Win,7.0,5.0,광주,
20250527OBKT0_두산,2025-05-27,두산,KT,A,Final,Loss,1.0,2.0,수원,
20250527OBKT0_KT,2025-05-27,KT,두산,H,Final,Win,2.0,1.0,수원,
20250528HHLG0_한화,2025-05-28,한화,LG,A,Final,Win,6.0,5.0,잠실,
20250528HHLG0_LG,2025-05-28,LG,한화,H,Final,Loss,5.0,6.0,잠실,
20250528NCSK0_NC,2025-05-28,NC,SSG,A,Final,Loss,5.0,13.0,문학,
20250528NCSK0_SSG,2025-05-28,SSG,NC,H,Final,Win,13.0,5.0,문학,
20250528WOHT0_키움,2025-05-28,키움,KIA,A,Final,Loss,7.0,13.0,광주,
20250528WOHT0_KIA,2025-05-28,KIA,키움,H,Final,Win,13.0,7.0,광주,
20250528OBKT0_두산,2025-05-28,두산,KT,A,Final,Win,12.0,3.0,수원,
20250528OBKT0_KT,2025-05-28,KT,두산,H,Final,Loss,3.0,12.0,수원,
20250529HHLG0_한화,2025-05-29,한화,LG,A,Final,Loss,1.0,3.0,잠실,
20250529HHLG0_LG,2025-05-29,LG,한화,H,Final,Win,3.0,1.0,잠실,
20250529LTSS0_롯데,2025-05-29,롯데,삼성,A,Final,Loss,3.0,9.0,대구,
20250529LTSS0_삼성,2025-05-29,삼성,롯데,H,Final,Win,9.0,3.0,대구,
20250529NCSK0_NC,2025-05-29,NC,SSG,A,Final,Loss,5.0,6.0,문학,
20250529NCSK0_SSG,2025-05-29,SSG,NC,H,Final,Win,6.0,5.0,문학,
20250529OBKT0_두산,2025-05-29,두산,KT,A,Final,Loss,2.0,12.0,수원,
20250529OBKT0_KT,2025-05-29,KT,두산,H,Final,Win,12.0,2.0,수원,
20250530SSLG0_삼성,2025-05-30,삼성,LG,A,Final,Win,4.0,3.0,잠실,
20250530SSLG0_LG,2025-05-30,LG,삼성,H,Final,Loss,3.0,4.0,잠실,
20250530SKLT0_SSG,2025-05-30,SSG,롯데,A,Final,Loss,5.0,6.0,사직,
20250530SKLT0_롯데,2025-05-30,롯데,SSG,H,Final,Win,6.0,5.0,사직,
20250530HTKT0_KIA,2025-05-30,KIA,KT,A,Final,Loss,1.0,3.0,수원,
20250530HTKT0_KT,2025-05-30,KT,KIA,H,Final,Win,3.0,1.0,수원,
20250530HHNC0_한화,2025-05-30,한화,NC,A,Final,Win,7.0,1.0,창원,
20250530HHNC0_NC,2025-05-30,NC,한화,H,Final,Loss,1.0,7.0,창원,
20250530OBWO0_두산,2025-05-30,두산,키움,A,Final,Win,9.0,4.0,고척,
20250530OBWO0_키움,2025-05-30,키움,두산,H,Final,Loss,4.0,9.0,고척,
20250531HTKT0_KIA,2025-05-31,KIA,KT,A,Final,Loss,1.0,5.0,수원,
20250531HTKT0_KT,2025-05-31,KT,KIA,H,Final,Win,5.0,1.0,수원,
20250531HHNC0_한화,2025-05-31,한화,NC,A,Final,Win,9.0,6.0,창원,
20250531HHNC0_NC,2025-05-31,NC,한화,H,Final,Loss,6.0,9.0,창원,
20250531SSLG0_삼성,2025-05-31,삼성,LG,A,Final,Win,4.0,2.0,잠실,
20250531SSLG0_LG,2025-05-31,LG,삼성,H,Final,Loss,2.0,4.0,잠실,
20250531SKLT0_SSG,2025-05-31,SSG,롯데,A,Final,Win,4.0,1.0,사직,
20250531SKLT0_롯데,2025-05-31,롯데,SSG,H,Final,Loss,1.0,4.0,사직,
20250531OBWO0_두산,2025-05-31,두산,키움,A,Final,Loss,0.0,1.0,고척,
20250531OBWO0_키움,2025-05-31,키움,두산,H,Final,Win,1.0,0.0,고척,
20250601OBWO0_두산,2025-06-01,두산,키움,A,Final,Loss,0.0,1.0,고척,
20250601OBWO0_키움,2025-06-01,키움,두산,H,Final,Win,1.0,0.0,고척,
20250601SSLG0_삼성,2025-06-01,삼성,LG,A,Final,Win,6.0,4.0,잠실,
20250601SSLG0_LG,2025-06-01,LG,삼성,H,Final,Loss,4.0,6.0,잠실,
20250601SKLT0_SSG,2025-06-01,SSG,롯데,A,Final,Win,4.0,3.0,사직,
20250601SKLT0_롯데,2025-06-01,롯데,SSG,H,Final,Loss,3.0,4.0,사직,
20250601HTKT0_KIA,2025-06-01,KIA,KT,A,Final,Win,5.0,3.0,수원,
20250601HTKT0_KT,2025-06-01,KT,KIA,H,Final,Loss,3.0,5.0,수원,
20250601HHNC0_한화,2025-06-01,한화,NC,A,Final,Loss,5.0,16.0,창원,
20250601HHNC0_NC,2025-06-01,NC,한화,H,Final,Win,16.0,5.0,창원,
20250603LGNC0_LG,2025-06-03,LG,NC,A,Final,Win,15.0,0.0,창원,
20250603LGNC0_NC,2025-06-03,NC,LG,H,Final,Loss,0.0,15.0,창원,
20250603KTHH0_KT,2025-06-03,KT,한화,A,Final,Loss,1.0,10.0,대전,
20250603KTHH0_한화,2025-06-03,한화,KT,H,Final,Win,10.0,1.0,대전,
20250603HTOB0_KIA,2025-06-03,KIA,두산,A,Final,Win,11.0,3.0,잠실,
20250603HTOB0_두산,2025-06-03,두산,KIA,H,Final,Loss,3.0,11.0,잠실,
20250603WOLT0_키움,2025-06-03,키움,롯데,A,Final,Loss,0.0,8.0,사직,
20250603WOLT0_롯데,2025-06-03,롯데,키움,H,Final,Win,8.0,0.0,사직,
20250603SSSK0_삼성,2025-06-03,삼성,SSG,A,Final,Loss,4.0,6.0,문학,
20250603SSSK0_SSG,2025-06-03,SSG,삼성,H,Final,Win,6.0,4.0,문학,
20250604HTOB0_KIA,2025-06-04,KIA,두산,A,Final,Win,8.0,3.0,잠실,
20250604HTOB0_두산,2025-06-04,두산,KIA,H,Final,Loss,3.0,8.0,잠실,
20250604WOLT0_키움,2025-06-04,키움,롯데,A,Final,Win,9.0,6.0,사직,
20250604WOLT0_롯데,2025-06-04,롯데,키움,H,Final,Loss,6.0,9.0,사직,
20250604SSSK0_삼성,2025-06-04,삼성,SSG,A,Final,Loss,1.0,4.0,문학,
20250604SSSK0_SSG,2025-06-04,SSG,삼성,H,Final,Win,4.0,1.0,문학,
20250604LGNC0_LG,2025-06-04,LG,NC,A,Final,Loss,5.0,6.0,창원,
20250604LGNC0_NC,2025-06-04,NC,LG,H,Final,Win,6.0,5.0,창원,
20250604KTHH0_KT,2025-06-04,KT,한화,A,Final,Loss,3.0,4.0,대전,
20250604KTHH0_한화,2025-06-04,한화,KT,H,Final,Win,4.0,3.0,대전,
20250605HTOB0_KIA,2025-06-05,KIA,두산,A,Final,Loss,1.0,2.0,잠실,
20250605HTOB0_두산,2025-06-05,두산,KIA,H,Final,Win,2.0,1.0,잠실,
20250605WOLT0_키움,2025-06-05,키움,롯데,A,Final,Win,10.0,5.0,사직,
20250605WOLT0_롯데,2025-06-05,롯데,키움,H,Final,Loss,5.0,10.0,사직,
20250605SSSK0_삼성,2025-06-05,삼성,SSG,A,Final,Win,3.0,1.0,문학,
20250605SSSK0_SSG,2025-06-05,SSG,삼성,H,Final,Loss,1.0,3.0,문학,
20250605LGNC0_LG,2025-06-05,LG,NC,A,Final,Win,3.0,1.0,창원,
20250605LGNC0_NC,2025-06-05,NC,LG,H,Final,Loss,1.0,3.0,창원,
20250605KTHH0_KT,2025-06-05,KT,한화,A,Final,Win,7.0,0.0,대전,
20250605KTHH0_한화,2025-06-05,한화,KT,H,Final,Loss,0.0,7.0,대전,
20250606LTOB0_롯데,2025-06-06,롯데,두산,A,Final,Loss,2.0,5.0,잠실,
20250606LTOB0_두산,2025-06-06,두산,롯데,H,Final,Win,5.0,2.0,잠실,
20250606NCSS0_NC,2025-06-06,NC,삼성,A,Final,Loss,3.0,7.0,대구,
20250606NCSS0_삼성,2025-06-06,삼성,NC,H,Final,Win,7.0,3.0,대구,
20250606HHHT0_한화,2025-06-06,한화,KIA,A,Final,Loss,2.0,3.0,광주,
20250606HHHT0_KIA,2025-06-06,KIA,한화,H,Final,Win,3.0,2.0,광주,
20250606SKKT0_SSG,2025-06-06,SSG,KT,A,Final,Loss,3.0,10.0,수원,
20250606SKKT0_KT,2025-06-06,KT,SSG,H,Final,Win,10.0,3.0,수원,
20250606LGWO0_LG,2025-06-06,LG,키움,A,Final,Loss,1.0,2.0,고척,
20250606LGWO0_키움,2025-06-06,키움,LG,H,Final,Win,2.0,1.0,고척,
20250607LTOB0_롯데,2025-06-07,롯데,두산,A,Final,Win,9.0,4.0,잠실,
20250607LTOB0_두산,2025-06-07,두산,롯데,H,Final,Loss,4.0,9.0,잠실,
20250607NCSS0_NC,2025-06-07,NC,삼성,A,Final,Win,11.0,7.0,대구,
20250607NCSS0_삼성,2025-06-07,삼성,NC,H,Final,Loss,7.0,11.0,대구,
20250607HHHT0_한화,2025-06-07,한화,KIA,A,Final,Win,3.0,2.0,광주,
20250607HHHT0_KIA,2025-06-07,KIA,한화,H,Final,Loss,2.0,3.0,광주,
20250607SKKT0_SSG,2025-06-07,SSG,KT,A,Final,Loss,2.0,3.0,수원,
20250607SKKT0_KT,2025-06-07,KT,SSG,H,Final,Win,3.0,2.0,수원,
20250607LGWO0_LG,2025-06-07,LG,키움,A,Final,Loss,1.0,4.0,고척,
20250607LGWO0_키움,2025-06-07,키움,LG,H,Final,Win,4.0,1.0,고척,
20250608LGWO0_LG,2025-06-08,LG,키움,A,Final,Win,7.0,2.0,고척,
20250608LGWO0_키움,2025-06-08,키움,LG,H,Final,Loss,2.0,7.0,고척,
20250608LTOB0_롯데,2025-06-08,롯데,두산,A,Final,Win,4.0,2.0,잠실,
20250608LTOB0_두산,2025-06-08,두산,롯데,H,Final,Loss,2.0,4.0,잠실,
20250608NCSS0_NC,2025-06-08,NC,삼성,A,Final,Loss,0.0,1.0,대구,
20250608NCSS0_삼성,2025-06-08,삼성,NC,H,Final,Win,1.0,0.0,대구,
20250608HHHT0_한화,2025-06-08,한화,KIA,A,Final,Loss,6.0,7.0,광주,
20250608HHHT0_KIA,2025-06-08,KIA,한화,H,Final,Win,7.0,6.0,광주,
20250608SKKT0_SSG,2025-06-08,SSG,KT,A,Final,Win,3.0,2.0,수원,
20250608SKKT0_KT,2025-06-08,KT,SSG,H,Final,Loss,2.0,3.0,수원,
20250610SKLG0_SSG,2025-06-10,SSG,LG,A,Final,Win,6.0,2.0,잠실,
20250610SKLG0_LG,2025-06-10,LG,SSG,H,Final,Loss,2.0,6.0,잠실,
20250610SSHT0_삼성,2025-06-10,삼성,KIA,A,Final,Win,8.0,0.0,광주,
20250610SSHT0_KIA,2025-06-10,KIA,삼성,H,Final,Loss,0.0,8.0,광주,
20250610LTKT0_롯데,2025-06-10,롯데,KT,A,Final,Loss,3.0,12.0,수원,
20250610LTKT0_KT,2025-06-10,KT,롯데,H,Final,Win,12.0,3.0,수원,
20250610OBHH0_두산,2025-06-10,두산,한화,A,Final,Loss,2.0,6.0,대전,
20250610OBHH0_한화,2025-06-10,한화,두산,H,Final,Win,6.0,2.0,대전,
20250611SKLG0_SSG,2025-06-11,SSG,LG,A,Final,Loss,4.0,6.0,잠실,
20250611SKLG0_LG,2025-06-11,LG,SSG,H,Final,Win,6.0,4.0,잠실,
20250611SSHT0_삼성,2025-06-11,삼성,KIA,A,Final,Loss,3.0,6.0,광주,
20250611SSHT0_KIA,2025-06-11,KIA,삼성,H,Final,Win,6.0,3.0,광주,
20250611LTKT0_롯데,2025-06-11,롯데,KT,A,Final,Win,4.0,3.0,수원,
20250611LTKT0_KT,2025-06-11,KT,롯데,H,Final,Loss,3.0,4.0,수원,
20250611OBHH0_두산,2025-06-11,두산,한화,A,Final,Loss,1.0,9.0,대전,
20250611OBHH0_한화,2025-06-11,한화,두산,H,Final,Win,9.0,1.0,대전,
20250611NCWO0_NC,2025-06-11,NC,키움,A,Final,Win,7.0,1.0,고척,
20250611NCWO0_키움,2025-06-11,키움,NC,H,Final,Loss,1.0,7.0,고척,
20250612SKLG0_SSG,2025-06-12,SSG,LG,A,Final,Loss,6.0,8.0,잠실,
20250612SKLG0_LG,2025-06-12,LG,SSG,H,Final,Win,8.0,6.0,잠실,
20250612SSHT0_삼성,2025-06-12,삼성,KIA,A,Final,Win,2.0,1.0,광주,
20250612SSHT0_KIA,2025-06-12,KIA,삼성,H,Final,Loss,1.0,2.0,광주,
20250612LTKT0_롯데,2025-06-12,롯데,KT,A,Final,Win,12.0,7.0,수원,
20250612LTKT0_KT,2025-06-12,KT,롯데,H,Final,Loss,7.0,12.0,수원,
20250612OBHH0_두산,2025-06-12,두산,한화,A,Final,Loss,2.0,3.0,대전,
20250612OBHH0_한화,2025-06-12,한화,두산,H,Final,Win,3.0,2.0,대전,
20250612NCWO0_NC,2025-06-12,NC,키움,A,Final,Win,8.0,6.0,고척,
20250612NCWO0_키움,2025-06-12,키움,NC,H,Final,Loss,6.0,8.0,고척,
20250613HTNC0_KIA,2025-06-13,KIA,NC,A,Final,Loss,1.0,4.0,창원,
20250613HTNC0_NC,2025-06-13,NC,KIA,H,Final,Win,4.0,1.0,창원,
20250614WOOB0_키움,2025-06-14,키움,두산,A,Final,Loss,1.0,4.0,잠실,
20250614WOOB0_두산,2025-06-14,두산,키움,H,Final,Win,4.0,1.0,잠실,
20250614KTSS0_KT,2025-06-14,KT,삼성,A,Final,Win,10.0,3.0,대구,
20250614KTSS0_삼성,2025-06-14,삼성,KT,H,Final,Loss,3.0,10.0,대구,
20250614LTSK0_롯데,2025-06-14,롯데,SSG,A,Final,Win,4.0,2.0,문학,
20250614LTSK0_SSG,2025-06-14,SSG,롯데,H,Final,Loss,2.0,4.0,문학,
20250614HTNC0_KIA,2025-06-14,KIA,NC,A,Final,Win,9.0,8.0,창원,
20250614HTNC0_NC,2025-06-14,NC,KIA,H,Final,Loss,8.0,9.0,창원,
20250615WOOB0_키움,2025-06-15,키움,두산,A,Final,Loss,2.0,3.0,잠실,
20250615WOOB0_두산,2025-06-15,두산,키움,H,Final,Win,3.0,2.0,잠실,
20250615KTSS0_KT,2025-06-15,KT,삼성,A,Final,Win,16.0,4.0,대구,
20250615KTSS0_삼성,2025-06-15,삼성,KT,H,Final,Loss,4.0,16.0,대구,
20250615LTSK0_롯데,2025-06-15,롯데,SSG,A,Final,Loss,0.0,1.0,문학,
20250615LTSK0_SSG,2025-06-15,SSG,롯데,H,Final,Win,1.0,0.0,문학,
20250615HTNC0_KIA,2025-06-15,KIA,NC,A,Final,Win,4.0,2.0,창원,
20250615HTNC0_NC,2025-06-15,NC,KIA,H,Final,Loss,2.0,4.0,창원,
20250615LGHH0_LG,2025-06-15,LG,한화,A,Final,Loss,5.0,10.0,대전,
20250615LGHH0_한화,2025-06-15,한화,LG,H,Final,Win,10.0,5.0,대전,
20250617NCLG0_NC,2025-06-17,NC,LG,A,Final,Win,6.0,2.0,잠실,
20250617NCLG0_LG,2025-06-17,LG,NC,H,Final,Loss,2.0,6.0,잠실,
20250617OBSS0_두산,2025-06-17,두산,삼성,A,Final,Loss,1.0,12.0,대구,
20250617OBSS0_삼성,2025-06-17,삼성,두산,H,Final,Win,12.0,1.0,대구,
20250617HHLT0_한화,2025-06-17,한화,롯데,A,Final,Win,6.0,0.0,사직,
20250617HHLT0_롯데,2025-06-17,롯데,한화,H,Final,Loss,0.0,6.0,사직,
20250617KTHT0_KT,2025-06-17,KT,KIA,A,Final,Loss,3.0,10.0,광주,
20250617KTHT0_KIA,2025-06-17,KIA,KT,H,Final,Win,10.0,3.0,광주,
20250617SKWO0_SSG,2025-06-17,SSG,키움,A,Final,Win,11.0,1.0,고척,
20250617SKWO0_키움,2025-06-17,키움,SSG,H,Final,Loss,1.0,11.0,고척,
20250618NCLG0_NC,2025-06-18,NC,LG,A,Final,Loss,8.0,9.0,잠실,
20250618NCLG0_LG,2025-06-18,LG,NC,H,Final,Win,9.0,8.0,잠실,
20250618OBSS0_두산,2025-06-18,두산,삼성,A,Final,Loss,3.0,6.0,대구,
20250618OBSS0_삼성,2025-06-18,삼성,두산,H,Final,Win,6.0,3.0,대구,
20250618HHLT0_한화,2025-06-18,한화,롯데,A,Final,Loss,3.0,6.0,사직,
20250618HHLT0_롯데,2025-06-18,롯데,한화,H,Final,Win,6.0,3.0,사직,
20250618KTHT0_KT,2025-06-18,KT,KIA,A,Final,Loss,3.0,5.0,광주,
20250618KTHT0_KIA,2025-06-18,KIA,KT,H,Final,Win,5.0,3.0,광주,
20250618SKWO0_SSG,2025-06-18,SSG,키움,A,Final,Loss,2.0,3.0,고척,
20250618SKWO0_키움,2025-06-18,키움,SSG,H,Final,Win,3.0,2.0,고척,
20250619NCLG0_NC,2025-06-19,NC,LG,A,Final,Win,3.0,0.0,잠실,
20250619NCLG0_LG,2025-06-19,LG,NC,H,Final,Loss,0.0,3.0,잠실,
20250619OBSS0_두산,2025-06-19,두산,삼성,A,Final,Win,9.0,8.0,대구,
20250619OBSS0_삼성,2025-06-19,삼성,두산,H,Final,Loss,8.0,9.0,대구,
20250619HHLT0_한화,2025-06-19,한화,롯데,A,Final,Loss,3.0,4.0,사직,
20250619HHLT0_롯데,2025-06-19,롯데,한화,H,Final,Win,4.0,3.0,사직,
20250619KTHT0_KT,2025-06-19,KT,KIA,A,Final,Loss,0.0,5.0,광주,
20250619KTHT0_KIA,2025-06-19,KIA,KT,H,Final,Win,5.0,0.0,광주,
20250619SKWO0_SSG,2025-06-19,SSG,키움,A,Final,Win,4.0,2.0,고척,
20250619SKWO0_키움,2025-06-19,키움,SSG,H,Final,Loss,2.0,4.0,고척,
20250620SSLT0_삼성,2025-06-20,삼성,롯데,A,Final,Loss,1.0,3.0,사직,
20250620SSLT0_롯데,2025-06-20,롯데,삼성,H,Final,Win,3.0,1.0,사직,
20250621OBLG0_두산,2025-06-21,두산,LG,A,Final,Win,6.0,5.0,잠실,
20250621OBLG0_LG,2025-06-21,LG,두산,H,Final,Loss,5.0,6.0,잠실,
20250621NCKT0_NC,2025-06-21,NC,KT,A,Final,Loss,5.0,7.0,수원,
20250621NCKT0_KT,2025-06-21,KT,NC,H,Final,Win,7.0,5.0,수원,
20250622OBLG0_두산,2025-06-22,두산,LG,A,Final,Loss,5.0,13.0,잠실,
20250622OBLG0_LG,2025-06-22,LG,두산,H,Final,Win,13.0,5.0,잠실,
20250622SSLT0_삼성,2025-06-22,삼성,롯데,A,Final,Loss,6.0,9.0,사직,
20250622SSLT0_롯데,2025-06-22,롯데,삼성,H,Final,Win,9.0,6.0,사직,
20250622HTSK0_KIA,2025-06-22,KIA,SSG,A,Final,Win,5.0,4.0,문학,
20250622HTSK0_SSG,2025-06-22,SSG,KIA,H,Final,Loss,4.0,5.0,문학,
20250622NCKT0_NC,2025-06-22,NC,KT,A,Final,Win,2.0,0.0,수원,
20250622NCKT0_KT,2025-06-22,KT,NC,H,Final,Loss,0.0,2.0,수원,
20250622WOHH0_키움,2025-06-22,키움,한화,A,Final,Loss,4.0,10.0,대전,
20250622WOHH0_한화,2025-06-22,한화,키움,H,Final,Win,10.0,4.0,대전,
20250624SKOB0_SSG,2025-06-24,SSG,두산,A,Final,Loss,0.0,5.0,잠실,
20250624SKOB0_두산,2025-06-24,두산,SSG,H,Final,Win,5.0,0.0,잠실,
20250624LGKT0_LG,2025-06-24,LG,KT,A,Final,Loss,0.0,5.0,수원,
20250624LGKT0_KT,2025-06-24,KT,LG,H,Final,Win,5.0,0.0,수원,
20250624HTWO0_KIA,2025-06-24,KIA,키움,A,Final,Loss,6.0,9.0,고척,
20250624HTWO0_키움,2025-06-24,키움,KIA,H,Final,Win,9.0,6.0,고척,
20250625HHSS0_한화,2025-06-25,한화,삼성,A,Final,Loss,2.0,7.0,대구,
20250625HHSS0_삼성,2025-06-25,삼성,한화,H,Final,Win,7.0,2.0,대구,
20250625LTNC0_롯데,2025-06-25,롯데,NC,A,Final,Loss,2.0,7.0,창원,
20250625LTNC0_NC,2025-06-25,NC,롯데,H,Final,Win,7.0,2.0,창원,
20250625HTWO0_KIA,2025-06-25,KIA,키움,A,Final,Win,6.0,3.0,고척,
20250625HTWO0_키움,2025-06-25,키움,KIA,H,Final,Loss,3.0,6.0,고척,
20250626SKOB0_SSG,2025-06-26,SSG,두산,A,Final,Win,4.0,1.0,잠실,
20250626SKOB0_두산,2025-06-26,두산,SSG,H,Final,Loss,1.0,4.0,잠실,
20250626HHSS0_한화,2025-06-26,한화,삼성,A,Final,Win,3.0,1.0,대구,
20250626HHSS0_삼성,2025-06-26,삼성,한화,H,Final,Loss,1.0,3.0,대구,
20250626LGKT0_LG,2025-06-26,LG,KT,A,Final,Win,4.0,3.0,수원,
20250626LGKT0_KT,2025-06-26,KT,LG,H,Final,Loss,3.0,4.0,수원,
20250626LTNC0_롯데,2025-06-26,롯데,NC,A,Final,Win,7.0,6.0,창원,
20250626LTNC0_NC,2025-06-26,NC,롯데,H,Final,Loss,6.0,7.0,창원,
20250627HTLG0_KIA,2025-06-27,KIA,LG,A,Final,Loss,3.0,4.0,잠실,
20250627HTLG0_LG,2025-06-27,LG,KIA,H,Final,Win,4.0,3.0,잠실,
20250627KTLT0_KT,2025-06-27,KT,롯데,A,Final,Win,11.0,8.0,사직,
20250627KTLT0_롯데,2025-06-27,롯데,KT,H,Final,Loss,8.0,11.0,사직,
20250627HHSK0_한화,2025-06-27,한화,SSG,A,Final,Loss,6.0,8.0,문학,
20250627HHSK0_SSG,2025-06-27,SSG,한화,H,Final,Win,8.0,6.0,문학,
20250627OBNC0_두산,2025-06-27,두산,NC,A,Final,Loss,9.0,10.0,창원,
20250627OBNC0_NC,2025-06-27,NC,두산,H,Final,Win,10.0,9.0,창원,
20250627SSWO0_삼성,2025-06-27,삼성,키움,A,Final,Loss,4.0,5.0,고척,
20250627SSWO0_키움,2025-06-27,키움,삼성,H,Final,Win,5.0,4.0,고척,
20250628HTLG0_KIA,2025-06-28,KIA,LG,A,Final,Win,9.0,8.0,잠실,
20250628HTLG0_LG,2025-06-28,LG,KIA,H,Final,Loss,8.0,9.0,잠실,
20250628KTLT0_KT,2025-06-28,KT,롯데,A,Final,Win,4.0,0.0,사직,
20250628KTLT0_롯데,2025-06-28,롯데,KT,H,Final,Loss,0.0,4.0,사직,
20250628HHSK0_한화,2025-06-28,한화,SSG,A,Final,Win,5.0,2.0,문학,
20250628HHSK0_SSG,2025-06-28,SSG,한화,H,Final,Loss,2.0,5.0,문학,
20250628OBNC0_두산,2025-06-28,두산,NC,A,Final,Loss,1.0,3.0,창원,
20250628OBNC0_NC,2025-06-28,NC,두산,H,Final,Win,3.0,1.0,창원,
20250628SSWO0_삼성,2025-06-28,삼성,키움,A,Final,Loss,0.0,9.0,고척,
20250628SSWO0_키움,2025-06-28,키움,삼성,H,Final,Win,9.0,0.0,고척,
20250629SSWO0_삼성,2025-06-29,삼성,키움,A,Final,Loss,7.0,10.0,고척,
20250629SSWO0_키움,2025-06-29,키움,삼성,H,Final,Win,10.0,7.0,고척,
20250629HTLG0_KIA,2025-06-29,KIA,LG,A,Final,Win,12.0,2.0,잠실,
20250629HTLG0_LG,2025-06-29,LG,KIA,H,Final,Loss,2.0,12.0,잠실,
20250629KTLT0_KT,2025-06-29,KT,롯데,A,Final,Loss,5.0,10.0,사직,
20250629KTLT0_롯데,2025-06-29,롯데,KT,H,Final,Win,10.0,5.0,사직,
20250629HHSK0_한화,2025-06-29,한화,SSG,A,Final,Loss,0.0,2.0,문학,
20250629HHSK0_SSG,2025-06-29,SSG,한화,H,Final,Win,2.0,0.0,문학,
20250629OBNC0_두산,2025-06-29,두산,NC,A,Final,Win,7.0,3.0,창원,
20250629OBNC0_NC,2025-06-29,NC,두산,H,Final,Loss,3.0,7.0,창원,
20250701SSOB0_삼성,2025-07-01,삼성,두산,A,Final,Win,4.0,1.0,잠실,
20250701SSOB0_두산,2025-07-01,두산,삼성,H,Final,Loss,1.0,4.0,잠실,
20250701LGLT0_LG,2025-07-01,LG,롯데,A,Final,Win,3.0,2.0,사직,
20250701LGLT0_롯데,2025-07-01,롯데,LG,H,Final,Loss,2.0,3.0,사직,
20250701SKHT0_SSG,2025-07-01,SSG,KIA,A,Final,Loss,2.0,3.0,광주,
20250701SKHT0_KIA,2025-07-01,KIA,SSG,H,Final,Win,3.0,2.0,광주,
20250701WOKT0_키움,2025-07-01,키움,KT,A,Final,Win,7.0,3.0,수원,
20250701WOKT0_KT,2025-07-01,KT,키움,H,Final,Loss,3.0,7.0,수원,
20250701NCHH0_NC,2025-07-01,NC,한화,A,Final,Loss,4.0,8.0,대전,
20250701NCHH0_한화,2025-07-01,한화,NC,H,Final,Win,8.0,4.0,대전,
20250702SSOB0_삼성,2025-07-02,삼성,두산,A,Final,Loss,0.0,5.0,잠실,
20250702SSOB0_두산,2025-07-02,두산,삼성,H,Final,Win,5.0,0.0,잠실,
20250702LGLT0_LG,2025-07-02,LG,롯데,A,Final,Loss,2.0,5.0,사직,
20250702LGLT0_롯데,2025-07-02,롯데,LG,H,Final,Win,5.0,2.0,사직,
20250702SKHT0_SSG,2025-07-02,SSG,KIA,A,Final,Win,8.0,5.0,광주,
20250702SKHT0_KIA,2025-07-02,KIA,SSG,H,Final,Loss,5.0,8.0,광주,
20250702WOKT0_키움,2025-07-02,키움,KT,A,Final,Loss,2.0,4.0,수원,
20250702WOKT0_KT,2025-07-02,KT,키움,H,Final,Win,4.0,2.0,수원,
20250702NCHH0_NC,2025-07-02,NC,한화,A,Final,Win,2.0,0.0,대전,
20250702NCHH0_한화,2025-07-02,한화,NC,H,Final,Loss,0.0,2.0,대전,
20250703SSOB0_삼성,2025-07-03,삼성,두산,A,Final,Win,6.0,4.0,잠실,
20250703SSOB0_두산,2025-07-03,두산,삼성,H,Final,Loss,4.0,6.0,잠실,
20250703LGLT0_LG,2025-07-03,LG,롯데,A,Final,Loss,0.0,2.0,사직,
20250703LGLT0_롯데,2025-07-03,롯데,LG,H,Final,Win,2.0,0.0,사직,
20250703SKHT0_SSG,2025-07-03,SSG,KIA,A,Final,Loss,2.0,3.0,광주,
20250703SKHT0_KIA,2025-07-03,KIA,SSG,H,Final,Win,3.0,2.0,광주,
20250703WOKT0_키움,2025-07-03,키움,KT,A,Final,Loss,2.0,6.0,수원,
20250703WOKT0_KT,2025-07-03,KT,키움,H,Final,Win,6.0,2.0,수원,
20250704KTOB0_KT,2025-07-04,KT,두산,A,Final,Win,6.0,3.0,잠실,
20250704KTOB0_두산,2025-07-04,두산,KT,H,Final,Loss,3.0,6.0,잠실,
20250704LGSS0_LG,2025-07-04,LG,삼성,A,Final,Loss,1.0,4.0,대구,
20250704LGSS0_삼성,2025-07-04,삼성,LG,H,Final,Win,4.0,1.0,대구,
20250704LTHT0_롯데,2025-07-04,롯데,KIA,A,Final,Loss,5.0,7.0,광주,
20250704LTHT0_KIA,2025-07-04,KIA,롯데,H,Final,Win,7.0,5.0,광주,
20250704SKNC0_SSG,2025-07-04,SSG,NC,A,Final,Win,4.0,0.0,창원,
20250704SKNC0_NC,2025-07-04,NC,SSG,H,Final,Loss,0.0,4.0,창원,
20250704HHWO0_한화,2025-07-04,한화,키움,A,Final,Win,2.0,1.0,고척,
20250704HHWO0_키움,2025-07-04,키움,한화,H,Final,Loss,1.0,2.0,고척,
20250705KTOB0_KT,2025-07-05,KT,두산,A,Final,Loss,2.0,6.0,잠실,
20250705KTOB0_두산,2025-07-05,두산,KT,H,Final,Win,6.0,2.0,잠실,
20250705LGSS0_LG,2025-07-05,LG,삼성,A,Final,Loss,6.0,7.0,대구,
20250705LGSS0_삼성,2025-07-05,삼성,LG,H,Final,Win,7.0,6.0,대구,
20250705LTHT0_롯데,2025-07-05,롯데,KIA,A,Final,Loss,0.0,13.0,광주,
20250705LTHT0_KIA,2025-07-05,KIA,롯데,H,Final,Win,13.0,0.0,광주,
20250705SKNC0_SSG,2025-07-05,SSG,NC,A,Final,Win,6.0,1.0,창원,
20250705SKNC0_NC,2025-07-05,NC,SSG,H,Final,Loss,1.0,6.0,창원,
20250705HHWO0_한화,2025-07-05,한화,키움,A,Final,Win,6.0,4.0,고척,
20250705HHWO0_키움,2025-07-05,키움,한화,H,Final,Loss,4.0,6.0,고척,
20250706HHWO0_한화,2025-07-06,한화,키움,A,Final,Win,10.0,1.0,고척,
20250706HHWO0_키움,2025-07-06,키움,한화,H,Final,Loss,1.0,10.0,고척,
20250706KTOB0_KT,2025-07-06,KT,두산,A,Final,Loss,7.0,8.0,잠실,
20250706KTOB0_두산,2025-07-06,두산,KT,H,Final,Win,8.0,7.0,잠실,
20250706LGSS0_LG,2025-07-06,LG,삼성,A,Final,Win,4.0,2.0,대구,
20250706LGSS0_삼성,2025-07-06,삼성,LG,H,Final,Loss,2.0,4.0,대구,
20250706LTHT0_롯데,2025-07-06,롯데,KIA,A,Final,Win,5.0,2.0,광주,
20250706LTHT0_KIA,2025-07-06,KIA,롯데,H,Final,Loss,2.0,5.0,광주,
20250706SKNC0_SSG,2025-07-06,SSG,NC,A,Final,Loss,2.0,3.0,창원,
20250706SKNC0_NC,2025-07-06,NC,SSG,H,Final,Win,3.0,2.0,창원,
20250708WOLG0_키움,2025-07-08,키움,LG,A,Final,Loss,3.0,4.0,잠실,
20250708WOLG0_LG,2025-07-08,LG,키움,H,Final,Win,4.0,3.0,잠실,
20250708OBLT0_두산,2025-07-08,두산,롯데,A,Final,Win,8.0,5.0,사직,
20250708OBLT0_롯데,2025-07-08,롯데,두산,H,Final,Loss,5.0,8.0,사직,
20250708KTSK0_KT,2025-07-08,KT,SSG,A,Final,Loss,1.0,7.0,문학,
20250708KTSK0_SSG,2025-07-08,SSG,KT,H,Final,Win,7.0,1.0,문학,
20250708SSNC0_삼성,2025-07-08,삼성,NC,A,Final,Loss,9.0,10.0,창원,
20250708SSNC0_NC,2025-07-08,NC,삼성,H,Final,Win,10.0,9.0,창원,
20250708HTHH0_KIA,2025-07-08,KIA,한화,A,Final,Loss,8.0,14.0,대전,
20250708HTHH0_한화,2025-07-08,한화,KIA,H,Final,Win,14.0,8.0,대전,
20250709WOLG0_키움,2025-07-09,키움,LG,A,Final,Loss,6.0,12.0,잠실,
20250709WOLG0_LG,2025-07-09,LG,키움,H,Final,Win,12.0,6.0,잠실,
20250709OBLT0_두산,2025-07-09,두산,롯데,A,Final,Loss,4.0,5.0,사직,
20250709OBLT0_롯데,2025-07-09,롯데,두산,H,Final,Win,5.0,4.0,사직,
20250709KTSK0_KT,2025-07-09,KT,SSG,A,Final,Win,10.0,3.0,문학,
20250709KTSK0_SSG,2025-07-09,SSG,KT,H,Final,Loss,3.0,10.0,문학,
20250709SSNC0_삼성,2025-07-09,삼성,NC,A,Final,Loss,0.0,3.0,창원,
20250709SSNC0_NC,2025-07-09,NC,삼성,H,Final,Win,3.0,0.0,창원,
20250709HTHH0_KIA,2025-07-09,KIA,한화,A,Final,Loss,4.0,7.0,대전,
20250709HTHH0_한화,2025-07-09,한화,KIA,H,Final,Win,7.0,4.0,대전,
20250710WOLG0_키움,2025-07-10,키움,LG,A,Final,Win,4.0,3.0,잠실,
20250710WOLG0_LG,2025-07-10,LG,키움,H,Final,Loss,3.0,4.0,잠실,
20250710OBLT0_두산,2025-07-10,두산,롯데,A,Final,Win,9.0,0.0,사직,
20250710OBLT0_롯데,2025-07-10,롯데,두산,H,Final,Loss,0.0,9.0,사직,
20250710KTSK0_KT,2025-07-10,KT,SSG,A,Final,Win,4.0,2.0,문학,
20250710KTSK0_SSG,2025-07-10,SSG,KT,H,Final,Loss,2.0,4.0,문학,
20250710SSNC0_삼성,2025-07-10,삼성,NC,A,Final,Loss,5.0,7.0,창원,
20250710SSNC0_NC,2025-07-10,NC,삼성,H,Final,Win,7.0,5.0,창원,
20250710HTHH0_KIA,2025-07-10,KIA,한화,A,Final,Loss,2.0,3.0,대전,
20250710HTHH0_한화,2025-07-10,한화,KIA,H,Final,Win,3.0,2.0,대전,
20250718LTLG0_롯데,2025-07-18,롯데,LG,A,Final,Loss,1.0,2.0,잠실,
20250718LTLG0_LG,2025-07-18,LG,롯데,H,Final,Win,2.0,1.0,잠실,
20250718HHKT0_한화,2025-07-18,한화,KT,A,Final,Win,5.0,0.0,수원,
20250718HHKT0_KT,2025-07-18,KT,한화,H,Final,Loss,0.0,5.0,수원,
20250719LTLG0_롯데,2025-07-19,롯데,LG,A,Final,Win,6.0,1.0,잠실,
20250719LTLG0_LG,2025-07-19,LG,롯데,H,Final,Loss,1.0,6.0,잠실,
20250719OBSK0_두산,2025-07-19,두산,SSG,A,Final,Win,5.0,0.0,문학,
20250719OBSK0_SSG,2025-07-19,SSG,두산,H,Final,Loss,0.0,5.0,문학,
20250719HHKT0_한화,2025-07-19,한화,KT,A,Final,Win,6.0,5.0,수원,
20250719HHKT0_KT,2025-07-19,KT,한화,H,Final,Loss,5.0,6.0,수원,
20250720LTLG0_롯데,2025-07-20,롯데,LG,A,Final,Loss,2.0,3.0,잠실,
20250720LTLG0_LG,2025-07-20,LG,롯데,H,Final,Win,3.0,2.0,잠실,
20250720WOSS0_키움,2025-07-20,키움,삼성,A,Final,Loss,10.0,15.0,대구,
20250720WOSS0_삼성,2025-07-20,삼성,키움,H,Final,Win,15.0,10.0,대구,
20250720OBSK0_두산,2025-07-20,두산,SSG,A,Final,Win,2.0,1.0,문학,
20250720OBSK0_SSG,2025-07-20,SSG,두산,H,Final,Loss,1.0,2.0,문학,
20250720NCHT0_NC,2025-07-20,NC,KIA,A,Final,Loss,2.0,3.0,광주,
20250720NCHT0_KIA,2025-07-20,KIA,NC,H,Final,Win,3.0,2.0,광주,
20250720HHKT0_한화,2025-07-20,한화,KT,A,Final,Win,10.0,0.0,수원,
20250720HHKT0_KT,2025-07-20,KT,한화,H,Final,Loss,0.0,10.0,수원,
20250722HHOB0_한화,2025-07-22,한화,두산,A,Final,Win,2.0,1.0,잠실,
20250722HHOB0_두산,2025-07-22,두산,한화,H,Final,Loss,1.0,2.0,잠실,
20250722SKSS0_SSG,2025-07-22,SSG,삼성,A,Final,Loss,5.0,7.0,대구,
20250722SKSS0_삼성,2025-07-22,삼성,SSG,H,Final,Win,7.0,5.0,대구,
20250722LGHT0_LG,2025-07-22,LG,KIA,A,Final,Win,9.0,7.0,광주,
20250722LGHT0_KIA,2025-07-22,KIA,LG,H,Final,Loss,7.0,9.0,광주,
20250722KTNC0_KT,2025-07-22,KT,NC,A,Final,Win,7.0,0.0,창원,
20250722KTNC0_NC,2025-07-22,NC,KT,H,Final,Loss,0.0,7.0,창원,
20250722LTWO0_롯데,2025-07-22,롯데,키움,A,Final,Loss,3.0,6.0,고척,
20250722LTWO0_키움,2025-07-22,키움,롯데,H,Final,Win,6.0,3.0,고척,
20250723HHOB0_한화,2025-07-23,한화,두산,A,Final,Loss,2.0,13.0,잠실,
20250723HHOB0_두산,2025-07-23,두산,한화,H,Final,Win,13.0,2.0,잠실,
20250723SKSS0_SSG,2025-07-23,SSG,삼성,A,Final,Loss,0.0,9.0,대구,
20250723SKSS0_삼성,2025-07-23,삼성,SSG,H,Final,Win,9.0,0.0,대구,
20250723LGHT0_LG,2025-07-23,LG,KIA,A,Final,Win,6.0,5.0,광주,
20250723LGHT0_KIA,2025-07-23,KIA,LG,H,Final,Loss,5.0,6.0,광주,
20250723KTNC0_KT,2025-07-23,KT,NC,A,Final,Win,9.0,2.0,창원,
20250723KTNC0_NC,2025-07-23,NC,KT,H,Final,Loss,2.0,9.0,창원,
20250723LTWO0_롯데,2025-07-23,롯데,키움,A,Final,Win,4.0,1.0,고척,
20250723LTWO0_키움,2025-07-23,키움,롯데,H,Final,Loss,1.0,4.0,고척,
20250724SKSS0_SSG,2025-07-24,SSG,삼성,A,Final,Win,3.0,1.0,대구,
20250724SKSS0_삼성,2025-07-24,삼성,SSG,H,Final,Loss,1.0,3.0,대구,
20250724LGHT0_LG,2025-07-24,LG,KIA,A,Final,Win,8.0,0.0,광주,
20250724LGHT0_KIA,2025-07-24,KIA,LG,H,Final,Loss,0.0,8.0,광주,
20250724KTNC0_KT,2025-07-24,KT,NC,A,Final,Win,5.0,4.0,창원,
20250724KTNC0_NC,2025-07-24,NC,KT,H,Final,Loss,4.0,5.0,창원,
20250724LTWO0_롯데,2025-07-24,롯데,키움,A,Final,Win,4.0,0.0,고척,
20250724LTWO0_키움,2025-07-24,키움,롯데,H,Final,Loss,0.0,4.0,고척,
20250725LGOB0_LG,2025-07-25,LG,두산,A,Final,Win,6.0,5.0,잠실,
20250725LGOB0_두산,2025-07-25,두산,LG,H,Final,Loss,5.0,6.0,잠실,
20250725HTLT0_KIA,2025-07-25,KIA,롯데,A,Final,Loss,4.0,7.0,사직,
20250725HTLT0_롯데,2025-07-25,롯데,KIA,H,Final,Win,7.0,4.0,사직,
20250725SSKT0_삼성,2025-07-25,삼성,KT,A,Final,Loss,5.0,8.0,수원,
20250725SSKT0_KT,2025-07-25,KT,삼성,H,Final,Win,8.0,5.0,수원,
20250725WONC0_키움,2025-07-25,키움,NC,A,Final,Loss,7.0,16.0,창원,
20250725WONC0_NC,2025-07-25,NC,키움,H,Final,Win,16.0,7.0,창원,
20250725SKHH0_SSG,2025-07-25,SSG,한화,A,Final,Loss,0.0,4.0,대전,
20250725SKHH0_한화,2025-07-25,한화,SSG,H,Final,Win,4.0,0.0,대전,
20250726LGOB0_LG,2025-07-26,LG,두산,A,Final,Win,4.0,3.0,잠실,
20250726LGOB0_두산,2025-07-26,두산,LG,H,Final,Loss,3.0,4.0,잠실,
20250726HTLT0_KIA,2025-07-26,KIA,롯데,A,Final,Loss,4.0,9.0,사직,
20250726HTLT0_롯데,2025-07-26,롯데,KIA,H,Final,Win,9.0,4.0,사직,
20250726SSKT0_삼성,2025-07-26,삼성,KT,A,Final,Win,11.0,0.0,수원,
20250726SSKT0_KT,2025-07-26,KT,삼성,H,Final,Loss,0.0,11.0,수원,
20250726WONC0_키움,2025-07-26,키움,NC,A,Final,Loss,6.0,8.0,창원,
20250726WONC0_NC,2025-07-26,NC,키움,H,Final,Win,8.0,6.0,창원,
20250726SKHH0_SSG,2025-07-26,SSG,한화,A,Final,Win,9.0,3.0,대전,
20250726SKHH0_한화,2025-07-26,한화,SSG,H,Final,Loss,3.0,9.0,대전,
20250727LGOB0_LG,2025-07-27,LG,두산,A,Final,Loss,6.0,9.0,잠실,
20250727LGOB0_두산,2025-07-27,두산,LG,H,Final,Win,9.0,6.0,잠실,
20250727HTLT0_KIA,2025-07-27,KIA,롯데,A,Final,Loss,3.0,5.0,사직,
20250727HTLT0_롯데,2025-07-27,롯데,KIA,H,Final,Win,5.0,3.0,사직,
20250727SSKT0_삼성,2025-07-27,삼성,KT,A,Final,Loss,3.0,4.0,수원,
20250727SSKT0_KT,2025-07-27,KT,삼성,H,Final,Win,4.0,3.0,수원,
20250727WONC0_키움,2025-07-27,키움,NC,A,Final,Loss,4.0,12.0,창원,
20250727WONC0_NC,2025-07-27,NC,키움,H,Final,Win,12.0,4.0,창원,
20250727SKHH0_SSG,2025-07-27,SSG,한화,A,Final,Win,3.0,2.0,대전,
20250727SKHH0_한화,2025-07-27,한화,SSG,H,Final,Loss,2.0,3.0,대전,
20250729KTLG0_KT,2025-07-29,KT,LG,A,Final,Loss,2.0,8.0,잠실,
20250729KTLG0_LG,2025-07-29,LG,KT,H,Final,Win,8.0,2.0,잠실,
20250729NCLT0_NC,2025-07-29,NC,롯데,A,Final,Loss,4.0,6.0,사직,
20250729NCLT0_롯데,2025-07-29,롯데,NC,H,Final,Win,6.0,4.0,사직,
20250729WOSK0_키움,2025-07-29,키움,SSG,A,Final,Loss,3.0,9.0,문학,
20250729WOSK0_SSG,2025-07-29,SSG,키움,H,Final,Win,9.0,3.0,문학,
20250729OBHT0_두산,2025-07-29,두산,KIA,A,Final,Win,9.0,6.0,광주,
20250729OBHT0_KIA,2025-07-29,KIA,두산,H,Final,Loss,6.0,9.0,광주,
20250729SSHH0_삼성,2025-07-29,삼성,한화,A,Final,Win,9.0,2.0,대전,
20250729SSHH0_한화,2025-07-29,한화,삼성,H,Final,Loss,2.0,9.0,대전,
20250730KTLG0_KT,2025-07-30,KT,LG,A,Final,Loss,0.0,5.0,잠실,
20250730KTLG0_LG,2025-07-30,LG,KT,H,Final,Win,5.0,0.0,잠실,
20250730NCLT0_NC,2025-07-30,NC,롯데,A,Final,Win,9.0,4.0,사직,
20250730NCLT0_롯데,2025-07-30,롯데,NC,H,Final,Loss,4.0,9.0,사직,
20250730SSHH0_삼성,2025-07-30,삼성,한화,A,Final,Loss,0.0,5.0,대전,
20250730SSHH0_한화,2025-07-30,한화,삼성,H,Final,Win,5.0,0.0,대전,
20250731KTLG0_KT,2025-07-31,KT,LG,A,Final,Loss,0.0,18.0,잠실,
20250731KTLG0_LG,2025-07-31,LG,KT,H,Final,Win,18.0,0.0,잠실,
20250731NCLT0_NC,2025-07-31,NC,롯데,A,Final,Loss,5.0,11.0,사직,
20250731NCLT0_롯데,2025-07-31,롯데,NC,H,Final,Win,11.0,5.0,사직,
20250731WOSK0_키움,2025-07-31,키움,SSG,A,Final,Loss,2.0,4.0,문학,
20250731WOSK0_SSG,2025-07-31,SSG,키움,H,Final,Win,4.0,2.0,문학,
20250731OBHT0_두산,2025-07-31,두산,KIA,A,Final,Loss,2.0,3.0,광주,
20250731OBHT0_KIA,2025-07-31,KIA,두산,H,Final,Win,3.0,2.0,광주,
20250731SSHH0_삼성,2025-07-31,삼성,한화,A,Final,Loss,1.0,7.0,대전,
20250731SSHH0_한화,2025-07-31,한화,삼성,H,Final,Win,7.0,1.0,대전,
20250801SKOB0_SSG,2025-08-01,SSG,두산,A,Final,Win,7.0,2.0,잠실,
20250801SKOB0_두산,2025-08-01,두산,SSG,H,Final,Loss,2.0,7.0,잠실,
20250801LGSS0_LG,2025-08-01,LG,삼성,A,Final,Win,4.0,2.0,대구,
20250801LGSS0_삼성,2025-08-01,삼성,LG,H,Final,Loss,2.0,4.0,대구,
20250801HHHT0_한화,2025-08-01,한화,KIA,A,Final,Loss,2.0,3.0,광주,
20250801HHHT0_KIA,2025-08-01,KIA,한화,H,Final,Win,3.0,2.0,광주,
20250801KTNC0_KT,2025-08-01,KT,NC,A,Final,Loss,3.0,5.0,창원,
20250801KTNC0_NC,2025-08-01,NC,KT,H,Final,Win,5.0,3.0,창원,
20250801LTWO0_롯데,2025-08-01,롯데,키움,A,Final,Loss,0.0,2.0,고척,
20250801LTWO0_키움,2025-08-01,키움,롯데,H,Final,Win,2.0,0.0,고척,
20250802SKOB0_SSG,2025-08-02,SSG,두산,A,Final,Loss,4.0,5.0,잠실,
20250802SKOB0_두산,2025-08-02,두산,SSG,H,Final,Win,5.0,4.0,잠실,
20250802LGSS0_LG,2025-08-02,LG,삼성,A,Final,Win,3.0,2.0,대구,
20250802LGSS0_삼성,2025-08-02,삼성,LG,H,Final,Loss,2.0,3.0,대구,
20250802KTNC0_KT,2025-08-02,KT,NC,A,Final,Loss,6.0,7.0,창원,
20250802KTNC0_NC,2025-08-02,NC,KT,H,Final,Win,7.0,6.0,창원,
20250802LTWO0_롯데,2025-08-02,롯데,키움,A,Final,Win,3.0,2.0,고척,
20250802LTWO0_키움,2025-08-02,키움,롯데,H,Final,Loss,2.0,3.0,고척,
20250803LTWO0_롯데,2025-08-03,롯데,키움,A,Final,Win,9.0,3.0,고척,
20250803LTWO0_키움,2025-08-03,키움,롯데,H,Final,Loss,3.0,9.0,고척,
20250803SKOB0_SSG,2025-08-03,SSG,두산,A,Final,Win,3.0,2.0,잠실,
20250803SKOB0_두산,2025-08-03,두산,SSG,H,Final,Loss,2.0,3.0,잠실,
20250803LGSS0_LG,2025-08-03,LG,삼성,A,Final,Win,6.0,3.0,대구,
20250803LGSS0_삼성,2025-08-03,삼성,LG,H,Final,Loss,3.0,6.0,대구,
20250805OBLG0_두산,2025-08-05,두산,LG,A,Final,Loss,2.0,4.0,잠실,
20250805OBLG0_LG,2025-08-05,LG,두산,H,Final,Win,4.0,2.0,잠실,
20250805HTLT0_KIA,2025-08-05,KIA,롯데,A,Final,Win,2.0,0.0,사직,
20250805HTLT0_롯데,2025-08-05,롯데,KIA,H,Final,Loss,0.0,2.0,사직,
20250805SSSK0_삼성,2025-08-05,삼성,SSG,A,Final,Win,6.0,2.0,문학,
20250805SSSK0_SSG,2025-08-05,SSG,삼성,H,Final,Loss,2.0,6.0,문학,
20250805WONC0_키움,2025-08-05,키움,NC,A,Final,Win,8.0,5.0,창원,
20250805WONC0_NC,2025-08-05,NC,키움,H,Final,Loss,5.0,8.0,창원,
20250805KTHH0_KT,2025-08-05,KT,한화,A,Final,Win,5.0,2.0,대전,
20250805KTHH0_한화,2025-08-05,한화,KT,H,Final,Loss,2.0,5.0,대전,
20250806OBLG0_두산,2025-08-06,두산,LG,A,Final,Win,10.0,8.0,잠실,
20250806OBLG0_LG,2025-08-06,LG,두산,H,Final,Loss,8.0,10.0,잠실,
20250806HTLT0_KIA,2025-08-06,KIA,롯데,A,Final,Loss,1.0,7.0,사직,
20250806HTLT0_롯데,2025-08-06,롯데,KIA,H,Final,Win,7.0,1.0,사직,
20250806SSSK0_삼성,2025-08-06,삼성,SSG,A,Final,Loss,4.0,5.0,문학,
20250806SSSK0_SSG,2025-08-06,SSG,삼성,H,Final,Win,5.0,4.0,문학,
20250806WONC0_키움,2025-08-06,키움,NC,A,Final,Win,9.0,5.0,창원,
20250806WONC0_NC,2025-08-06,NC,키움,H,Final,Loss,5.0,9.0,창원,
20250806KTHH0_KT,2025-08-06,KT,한화,A,Final,Loss,4.0,5.0,대전,
20250806KTHH0_한화,2025-08-06,한화,KT,H,Final,Win,5.0,4.0,대전,
20250807OBLG0_두산,2025-08-07,두산,LG,A,Final,Loss,3.0,4.0,잠실,
20250807OBLG0_LG,2025-08-07,LG,두산,H,Final,Win,4.0,3.0,잠실,
20250807HTLT0_KIA,2025-08-07,KIA,롯데,A,Final,Win,6.0,5.0,사직,
20250807HTLT0_롯데,2025-08-07,롯데,KIA,H,Final,Loss,5.0,6.0,사직,
20250807SSSK0_삼성,2025-08-07,삼성,SSG,A,Final,Win,6.0,1.0,문학,
20250807SSSK0_SSG,2025-08-07,SSG,삼성,H,Final,Loss,1.0,6.0,문학,
20250807WONC0_키움,2025-08-07,키움,NC,A,Final,Win,13.0,12.0,창원,
20250807WONC0_NC,2025-08-07,NC,키움,H,Final,Loss,12.0,13.0,창원,
20250807KTHH0_KT,2025-08-07,KT,한화,A,Final,Win,5.0,4.0,대전,
20250807KTHH0_한화,2025-08-07,한화,KT,H,Final,Loss,4.0,5.0,대전,
20250808HHLG0_한화,2025-08-08,한화,LG,A,Final,Loss,1.0,2.0,잠실,
20250808HHLG0_LG,2025-08-08,LG,한화,H,Final,Win,2.0,1.0,잠실,
20250808SKLT0_SSG,2025-08-08,SSG,롯데,A,Final,Win,1.0,0.0,사직,
20250808SKLT0_롯데,2025-08-08,롯데,SSG,H,Final,Loss,0.0,1.0,사직,
20250808SSKT0_삼성,2025-08-08,삼성,KT,A,Final,Win,8.0,4.0,수원,
20250808SSKT0_KT,2025-08-08,KT,삼성,H,Final,Loss,4.0,8.0,수원,
20250808HTNC0_KIA,2025-08-08,KIA,NC,A,Final,Loss,4.0,5.0,창원,
20250808HTNC0_NC,2025-08-08,NC,KIA,H,Final,Win,5.0,4.0,창원,
20250808OBWO0_두산,2025-08-08,두산,키움,A,Final,Win,9.0,2.0,고척,
20250808OBWO0_키움,2025-08-08,키움,두산,H,Final,Loss,2.0,9.0,고척,
20250809HHLG0_한화,2025-08-09,한화,LG,A,Final,Loss,1.0,8.0,잠실,
20250809HHLG0_LG,2025-08-09,LG,한화,H,Final,Win,8.0,1.0,잠실,
20250809SSKT0_삼성,2025-08-09,삼성,KT,A,Final,Loss,1.0,3.0,수원,
20250809SSKT0_KT,2025-08-09,KT,삼성,H,Final,Win,3.0,1.0,수원,
20250809OBWO0_두산,2025-08-09,두산,키움,A,Final,Win,6.0,4.0,고척,
20250809OBWO0_키움,2025-08-09,키움,두산,H,Final,Loss,4.0,6.0,고척,
20250810OBWO0_두산,2025-08-10,두산,키움,A,Final,Loss,3.0,4.0,고척,
20250810OBWO0_키움,2025-08-10,키움,두산,H,Final,Win,4.0,3.0,고척,
20250810HHLG0_한화,2025-08-10,한화,LG,A,Final,Win,5.0,4.0,잠실,
20250810HHLG0_LG,2025-08-10,LG,한화,H,Final,Loss,4.0,5.0,잠실,
20250810SKLT0_SSG,2025-08-10,SSG,롯데,A,Final,Win,10.0,1.0,사직,
20250810SKLT0_롯데,2025-08-10,롯데,SSG,H,Final,Loss,1.0,10.0,사직,
20250810SSKT0_삼성,2025-08-10,삼성,KT,A,Final,Loss,2.0,9.0,수원,
20250810SSKT0_KT,2025-08-10,KT,삼성,H,Final,Win,9.0,2.0,수원,
20250810HTNC0_KIA,2025-08-10,KIA,NC,A,Final,Loss,12.0,16.0,창원,
20250810HTNC0_NC,2025-08-10,NC,KIA,H,Final,Win,16.0,12.0,창원,
20250812NCOB0_NC,2025-08-12,NC,두산,A,Final,Win,3.0,2.0,잠실,
20250812NCOB0_두산,2025-08-12,두산,NC,H,Final,Loss,2.0,3.0,잠실,
20250812HTSS0_KIA,2025-08-12,KIA,삼성,A,Final,Win,5.0,1.0,대구,
20250812HTSS0_삼성,2025-08-12,삼성,KIA,H,Final,Loss,1.0,5.0,대구,
20250812WOSK0_키움,2025-08-12,키움,SSG,A,Final,Loss,1.0,3.0,문학,
20250812WOSK0_SSG,2025-08-12,SSG,키움,H,Final,Win,3.0,1.0,문학,
20250812LGKT0_LG,2025-08-12,LG,KT,A,Final,Win,11.0,2.0,수원,
20250812LGKT0_KT,2025-08-12,KT,LG,H,Final,Loss,2.0,11.0,수원,
20250812LTHH0_롯데,2025-08-12,롯데,한화,A,Final,Loss,0.0,2.0,대전,
20250812LTHH0_한화,2025-08-12,한화,롯데,H,Final,Win,2.0,0.0,대전,
20250813HTSS0_KIA,2025-08-13,KIA,삼성,A,Final,Win,9.0,1.0,대구,
20250813HTSS0_삼성,2025-08-13,삼성,KIA,H,Final,Loss,1.0,9.0,대구,
20250813LTHH0_롯데,2025-08-13,롯데,한화,A,Final,Loss,0.0,6.0,대전,
20250813LTHH0_한화,2025-08-13,한화,롯데,H,Final,Win,6.0,0.0,대전,
20250814NCOB0_NC,2025-08-14,NC,두산,A,Final,Loss,5.0,6.0,잠실,
20250814NCOB0_두산,2025-08-14,두산,NC,H,Final,Win,6.0,5.0,잠실,
20250814HTSS0_KIA,2025-08-14,KIA,삼성,A,Final,Win,10.0,4.0,대구,
20250814HTSS0_삼성,2025-08-14,삼성,KIA,H,Final,Loss,4.0,10.0,대구,
20250814WOSK0_키움,2025-08-14,키움,SSG,A,Final,Win,2.0,0.0,문학,
20250814WOSK0_SSG,2025-08-14,SSG,키움,H,Final,Loss,0.0,2.0,문학,
20250814LTHH0_롯데,2025-08-14,롯데,한화,A,Final,Loss,4.0,5.0,대전,
20250814LTHH0_한화,2025-08-14,한화,롯데,H,Final,Win,5.0,4.0,대전,
20250815HTOB0_KIA,2025-08-15,KIA,두산,A,Final,Loss,5.0,6.0,잠실,
20250815HTOB0_두산,2025-08-15,두산,KIA,H,Final,Win,6.0,5.0,잠실,
20250815SSLT0_삼성,2025-08-15,삼성,롯데,A,Final,Win,10.0,4.0,사직,
20250815SSLT0_롯데,2025-08-15,롯데,삼성,H,Final,Loss,4.0,10.0,사직,
20250815LGSK0_LG,2025-08-15,LG,SSG,A,Final,Win,5.0,3.0,문학,
20250815LGSK0_SSG,2025-08-15,SSG,LG,H,Final,Loss,3.0,5.0,문학,
20250815HHNC0_한화,2025-08-15,한화,NC,A,Final,Win,9.0,2.0,창원,
20250815HHNC0_NC,2025-08-15,NC,한화,H,Final,Loss,2.0,9.0,창원,
20250815KTWO0_KT,2025-08-15,KT,키움,A,Final,Loss,3.0,7.0,고척,
20250815KTWO0_키움,2025-08-15,키움,KT,H,Final,Win,7.0,3.0,고척,
20250816HTOB0_KIA,2025-08-16,KIA,두산,A,Final,Loss,3.0,4.0,잠실,
20250816HTOB0_두산,2025-08-16,두산,KIA,H,Final,Win,4.0,3.0,잠실,
20250816SSLT0_삼성,2025-08-16,삼성,롯데,A,Final,Win,4.0,1.0,사직,
20250816SSLT0_롯데,2025-08-16,롯데,삼성,H,Final,Loss,1.0,4.0,사직,
20250816LGSK0_LG,2025-08-16,LG,SSG,A,Final,Loss,7.0,10.0,문학,
20250816LGSK0_SSG,2025-08-16,SSG,LG,H,Final,Win,10.0,7.0,문학,
20250816HHNC0_한화,2025-08-16,한화,NC,A,Final,Loss,6.0,9.0,창원,
20250816HHNC0_NC,2025-08-16,NC,한화,H,Final,Win,9.0,6.0,창원,
20250816KTWO0_KT,2025-08-16,KT,키움,A,Final,Loss,3.0,4.0,고척,
20250816KTWO0_키움,2025-08-16,키움,KT,H,Final,Win,4.0,3.0,고척,
20250817KTWO0_KT,2025-08-17,KT,키움,A,Final,Win,5.0,3.0,고척,
20250817KTWO0_키움,2025-08-17,키움,KT,H,Final,Loss,3.0,5.0,고척,
20250817HTOB0_KIA,2025-08-17,KIA,두산,A,Final,Loss,2.0,4.0,잠실,
20250817HTOB0_두산,2025-08-17,두산,KIA,H,Final,Win,4.0,2.0,잠실,
20250817LGSK0_LG,2025-08-17,LG,SSG,A,Final,Win,6.0,1.0,문학,
20250817LGSK0_SSG,2025-08-17,SSG,LG,H,Final,Loss,1.0,6.0,문학,
20250817HHNC0_한화,2025-08-17,한화,NC,A,Final,Loss,4.0,9.0,창원,
20250817HHNC0_NC,2025-08-17,NC,한화,H,Final,Win,9.0,4.0,창원,
20250819LTLG0_롯데,2025-08-19,롯데,LG,A,Final,Loss,2.0,5.0,잠실,
20250819LTLG0_LG,2025-08-19,LG,롯데,H,Final,Win,5.0,2.0,잠실,
20250819WOHT0_키움,2025-08-19,키움,KIA,A,Final,Loss,9.0,12.0,광주,
20250819WOHT0_KIA,2025-08-19,KIA,키움,H,Final,Win,12.0,9.0,광주,
20250819SKKT0_SSG,2025-08-19,SSG,KT,A,Final,Loss,4.0,5.0,수원,
20250819SKKT0_KT,2025-08-19,KT,SSG,H,Final,Win,5.0,4.0,수원,
20250819SSNC0_삼성,2025-08-19,삼성,NC,A,Final,Win,6.0,2.0,창원,
20250819SSNC0_NC,2025-08-19,NC,삼성,H,Final,Loss,2.0,6.0,창원,
20250819OBHH0_두산,2025-08-19,두산,한화,A,Final,Win,6.0,5.0,대전,
20250819OBHH0_한화,2025-08-19,한화,두산,H,Final,Loss,5.0,6.0,대전,
20250820LTLG0_롯데,2025-08-20,롯데,LG,A,Final,Loss,3.0,5.0,잠실,
20250820LTLG0_LG,2025-08-20,LG,롯데,H,Final,Win,5.0,3.0,잠실,
20250820WOHT0_키움,2025-08-20,키움,KIA,A,Final,Win,6.0,1.0,광주,
20250820WOHT0_KIA,2025-08-20,KIA,키움,H,Final,Loss,1.0,6.0,광주,
20250820SKKT0_SSG,2025-08-20,SSG,KT,A,Final,Win,5.0,3.0,수원,
20250820SKKT0_KT,2025-08-20,KT,SSG,H,Final,Loss,3.0,5.0,수원,
20250820SSNC0_삼성,2025-08-20,삼성,NC,A,Final,Win,4.0,3.0,창원,
20250820SSNC0_NC,2025-08-20,NC,삼성,H,Final,Loss,3.0,4.0,창원,
20250820OBHH0_두산,2025-08-20,두산,한화,A,Final,Win,13.0,9.0,대전,
20250820OBHH0_한화,2025-08-20,한화,두산,H,Final,Loss,9.0,13.0,대전,
20250821WOHT0_키움,2025-08-21,키움,KIA,A,Final,Win,11.0,10.0,광주,
20250821WOHT0_KIA,2025-08-21,KIA,키움,H,Final,Loss,10.0,11.0,광주,
20250821SKKT0_SSG,2025-08-21,SSG,KT,A,Final,Win,7.0,1.0,수원,
20250821SKKT0_KT,2025-08-21,KT,SSG,H,Final,Loss,1.0,7.0,수원,
20250821SSNC0_삼성,2025-08-21,삼성,NC,A,Final,Loss,5.0,7.0,창원,
20250821SSNC0_NC,2025-08-21,NC,삼성,H,Final,Win,7.0,5.0,창원,
20250821OBHH0_두산,2025-08-21,두산,한화,A,Final,Win,6.0,3.0,대전,
20250821OBHH0_한화,2025-08-21,한화,두산,H,Final,Loss,3.0,6.0,대전,
20250822KTOB0_KT,2025-08-22,KT,두산,A,Final,Win,13.0,8.0,잠실,
20250822KTOB0_두산,2025-08-22,두산,KT,H,Final,Loss,8.0,13.0,잠실,
20250822WOSS0_키움,2025-08-22,키움,삼성,A,Final,Loss,2.0,8.0,대구,
20250822WOSS0_삼성,2025-08-22,삼성,키움,H,Final,Win,8.0,2.0,대구,
20250822LGHT0_LG,2025-08-22,LG,KIA,A,Final,Win,14.0,2.0,광주,
20250822LGHT0_KIA,2025-08-22,KIA,LG,H,Final,Loss,2.0,14.0,광주,
20250822LTNC0_롯데,2025-08-22,롯데,NC,A,Final,Loss,6.0,7.0,창원,
20250822LTNC0_NC,2025-08-22,NC,롯데,H,Final,Win,7.0,6.0,창원,
20250822SKHH0_SSG,2025-08-22,SSG,한화,A,Final,Win,1.0,0.0,대전,
20250822SKHH0_한화,2025-08-22,한화,SSG,H,Final,Loss,0.0,1.0,대전,
20250823KTOB0_KT,2025-08-23,KT,두산,A,Final,Win,6.0,2.0,잠실,
20250823KTOB0_두산,2025-08-23,두산,KT,H,Final,Loss,2.0,6.0,잠실,
20250823WOSS0_키움,2025-08-23,키움,삼성,A,Final,Loss,8.0,12.0,대구,
20250823WOSS0_삼성,2025-08-23,삼성,키움,H,Final,Win,12.0,8.0,대구,
20250823LGHT0_LG,2025-08-23,LG,KIA,A,Final,Win,6.0,2.0,광주,
20250823LGHT0_KIA,2025-08-23,KIA,LG,H,Final,Loss,2.0,6.0,광주,
20250823LTNC0_롯데,2025-08-23,롯데,NC,A,Final,Loss,1.0,4.0,창원,
20250823LTNC0_NC,2025-08-23,NC,롯데,H,Final,Win,4.0,1.0,창원,
20250823SKHH0_SSG,2025-08-23,SSG,한화,A,Final,Loss,0.0,5.0,대전,
20250823SKHH0_한화,2025-08-23,한화,SSG,H,Final,Win,5.0,0.0,대전,
20250824KTOB0_KT,2025-08-24,KT,두산,A,Final,Win,3.0,2.0,잠실,
20250824KTOB0_두산,2025-08-24,두산,KT,H,Final,Loss,2.0,3.0,잠실,
20250824WOSS0_키움,2025-08-24,키움,삼성,A,Final,Loss,4.0,7.0,대구,
20250824WOSS0_삼성,2025-08-24,삼성,키움,H,Final,Win,7.0,4.0,대구,
20250824LGHT0_LG,2025-08-24,LG,KIA,A,Final,Win,2.0,1.0,광주,
20250824LGHT0_KIA,2025-08-24,KIA,LG,H,Final,Loss,1.0,2.0,광주,
20250824LTNC0_롯데,2025-08-24,롯데,NC,A,Final,Win,17.0,5.0,창원,
20250824LTNC0_NC,2025-08-24,NC,롯데,H,Final,Loss,5.0,17.0,창원,
20250824SKHH0_SSG,2025-08-24,SSG,한화,A,Final,Loss,2.0,5.0,대전,
20250824SKHH0_한화,2025-08-24,한화,SSG,H,Final,Win,5.0,2.0,대전,
20250826SSOB0_삼성,2025-08-26,삼성,두산,A,Final,Win,6.0,2.0,잠실,
20250826SSOB0_두산,2025-08-26,두산,삼성,H,Final,Loss,2.0,6.0,잠실,
20250826KTLT0_KT,2025-08-26,KT,롯데,A,Final,Loss,3.0,4.0,사직,
20250826KTLT0_롯데,2025-08-26,롯데,KT,H,Final,Win,4.0,3.0,사직,
20250826HTSK0_KIA,2025-08-26,KIA,SSG,A,Final,Loss,5.0,9.0,문학,
20250826HTSK0_SSG,2025-08-26,SSG,KIA,H,Final,Win,9.0,5.0,문학,
20250826LGNC0_LG,2025-08-26,LG,NC,A,Final,Loss,7.0,9.0,창원,
20250826LGNC0_NC,2025-08-26,NC,LG,H,Final,Win,9.0,7.0,창원,
20250826HHWO0_한화,2025-08-26,한화,키움,A,Final,Win,3.0,1.0,고척,
20250826HHWO0_키움,2025-08-26,키움,한화,H,Final,Loss,1.0,3.0,고척,
20250827SSOB0_삼성,2025-08-27,삼성,두산,A,Final,Win,14.0,1.0,잠실,
20250827SSOB0_두산,2025-08-27,두산,삼성,H,Final,Loss,1.0,14.0,잠실,
20250827KTLT0_KT,2025-08-27,KT,롯데,A,Final,Win,7.0,2.0,사직,
20250827KTLT0_롯데,2025-08-27,롯데,KT,H,Final,Loss,2.0,7.0,사직,
20250827HTSK0_KIA,2025-08-27,KIA,SSG,A,Final,Win,4.0,2.0,문학,
20250827HTSK0_SSG,2025-08-27,SSG,KIA,H,Final,Loss,2.0,4.0,문학,
20250827LGNC0_LG,2025-08-27,LG,NC,A,Final,Win,10.0,1.0,창원,
20250827LGNC0_NC,2025-08-27,NC,LG,H,Final,Loss,1.0,10.0,창원,
20250827HHWO0_한화,2025-08-27,한화,키움,A,Final,Win,3.0,1.0,고척,
20250827HHWO0_키움,2025-08-27,키움,한화,H,Final,Loss,1.0,3.0,고척,
20250828SSOB0_삼성,2025-08-28,삼성,두산,A,Final,Loss,6.0,7.0,잠실,
20250828SSOB0_두산,2025-08-28,두산,삼성,H,Final,Win,7.0,6.0,잠실,
20250828KTLT0_KT,2025-08-28,KT,롯데,A,Final,Loss,2.0,3.0,사직,
20250828KTLT0_롯데,2025-08-28,롯데,KT,H,Final,Win,3.0,2.0,사직,
20250828HTSK0_KIA,2025-08-28,KIA,SSG,A,Final,Win,10.0,6.0,문학,
20250828HTSK0_SSG,2025-08-28,SSG,KIA,H,Final,Loss,6.0,10.0,문학,
20250828LGNC0_LG,2025-08-28,LG,NC,A,Final,Win,4.0,3.0,창원,
20250828LGNC0_NC,2025-08-28,NC,LG,H,Final,Loss,3.0,4.0,창원,
20250828HHWO0_한화,2025-08-28,한화,키움,A,Final,Win,9.0,3.0,고척,
20250828HHWO0_키움,2025-08-28,키움,한화,H,Final,Loss,3.0,9.0,고척,
20250829WOLG0_키움,2025-08-29,키움,LG,A,Final,Win,3.0,2.0,잠실,
20250829WOLG0_LG,2025-08-29,LG,키움,H,Final,Loss,2.0,3.0,잠실,
20250829OBLT0_두산,2025-08-29,두산,롯데,A,Final,Win,7.0,1.0,사직,
20250829OBLT0_롯데,2025-08-29,롯데,두산,H,Final,Loss,1.0,7.0,사직,
20250829NCSK0_NC,2025-08-29,NC,SSG,A,Final,Loss,0.0,8.0,문학,
20250829NCSK0_SSG,2025-08-29,SSG,NC,H,Final,Win,8.0,0.0,문학,
20250829HTKT0_KIA,2025-08-29,KIA,KT,A,Final,Win,10.0,1.0,수원,
20250829HTKT0_KT,2025-08-29,KT,KIA,H,Final,Loss,1.0,10.0,수원,
20250829SSHH0_삼성,2025-08-29,삼성,한화,A,Final,Win,5.0,3.0,대전,
20250829SSHH0_한화,2025-08-29,한화,삼성,H,Final,Loss,3.0,5.0,대전,
20250830WOLG0_키움,2025-08-30,키움,LG,A,Final,Loss,5.0,6.0,잠실,
20250830WOLG0_LG,2025-08-30,LG,키움,H,Final,Win,6.0,5.0,잠실,
20250830NCSK0_NC,2025-08-30,NC,SSG,A,Final,Win,12.0,2.0,문학,
20250830NCSK0_SSG,2025-08-30,SSG,NC,H,Final,Loss,2.0,12.0,문학,
20250830HTKT0_KIA,2025-08-30,KIA,KT,A,Final,Loss,2.0,8.0,수원,
20250830HTKT0_KT,2025-08-30,KT,KIA,H,Final,Win,8.0,2.0,수원,
20250830SSHH0_삼성,2025-08-30,삼성,한화,A,Final,Win,4.0,0.0,대전,
20250830SSHH0_한화,2025-08-30,한화,삼성,H,Final,Loss,0.0,4.0,대전,
20250831WOLG0_키움,2025-08-31,키움,LG,A,Final,Win,6.0,5.0,잠실,
20250831WOLG0_LG,2025-08-31,LG,키움,H,Final,Loss,5.0,6.0,잠실,
20250831OBLT0_두산,2025-08-31,두산,롯데,A,Final,Loss,1.0,5.0,사직,
20250831OBLT0_롯데,2025-08-31,롯데,두산,H,Final,Win,5.0,1.0,사직,
20250831NCSK0_NC,2025-08-31,NC,SSG,A,Final,Loss,8.0,10.0,문학,
20250831NCSK0_SSG,2025-08-31,SSG,NC,H,Final,Win,10.0,8.0,문학,
20250831HTKT0_KIA,2025-08-31,KIA,KT,A,Final,Loss,6.0,7.0,수원,
20250831HTKT0_KT,2025-08-31,KT,KIA,H,Final,Win,7.0,6.0,수원,
20250831SSHH0_삼성,2025-08-31,삼성,한화,A,Final,Win,5.0,3.0,대전,
20250831SSHH0_한화,2025-08-31,한화,삼성,H,Final,Loss,3.0,5.0,대전,
20250902LTLG0_롯데,2025-09-02,롯데,LG,A,Final,Loss,2.0,3.0,잠실,
20250902LTLG0_LG,2025-09-02,LG,롯데,H,Final,Win,3.0,2.0,잠실,
20250902WOSK0_키움,2025-09-02,키움,SSG,A,Final,Loss,1.0,6.0,문학,
20250902WOSK0_SSG,2025-09-02,SSG,키움,H,Final,Win,6.0,1.0,문학,
20250902NCKT0_NC,2025-09-02,NC,KT,A,Final,Win,9.0,4.0,수원,
20250902NCKT0_KT,2025-09-02,KT,NC,H,Final,Loss,4.0,9.0,수원,
20250902HTHH0_KIA,2025-09-02,KIA,한화,A,Final,Loss,3.0,21.0,대전,
20250902HTHH0_한화,2025-09-02,한화,KIA,H,Final,Win,21.0,3.0,대전,
20250903WOSS0_키움,2025-09-03,키움,삼성,A,Final,Win,4.0,3.0,대구,
20250903WOSS0_삼성,2025-09-03,삼성,키움,H,Final,Loss,3.0,4.0,대구,
20250903SKHT0_SSG,2025-09-03,SSG,KIA,A,Final,Win,2.0,1.0,광주,
20250903SKHT0_KIA,2025-09-03,KIA,SSG,H,Final,Loss,1.0,2.0,광주,
20250903LTKT0_롯데,2025-09-03,롯데,KT,A,Final,Loss,8.0,9.0,수원,
20250903LTKT0_KT,2025-09-03,KT,롯데,H,Final,Win,9.0,8.0,수원,
20250903NCHH0_NC,2025-09-03,NC,한화,A,Final,Loss,5.0,6.0,대전,
20250903NCHH0_한화,2025-09-03,한화,NC,H,Final,Win,6.0,5.0,대전,
20250904LGKT0_LG,2025-09-04,LG,KT,A,Final,Win,10.0,8.0,수원,
20250904LGKT0_KT,2025-09-04,KT,LG,H,Final,Loss,8.0,10.0,수원,
20250904OBNC0_두산,2025-09-04,두산,NC,A,Final,Win,12.0,3.0,창원,
20250904OBNC0_NC,2025-09-04,NC,두산,H,Final,Loss,3.0,12.0,창원,
20250905WOSS0_키움,2025-09-05,키움,삼성,A,Final,Loss,3.0,8.0,대구,
20250905WOSS0_삼성,2025-09-05,삼성,키움,H,Final,Win,8.0,3.0,대구,
20250905LTSK0_롯데,2025-09-05,롯데,SSG,A,Final,Loss,5.0,7.0,문학,
20250905LTSK0_SSG,2025-09-05,SSG,롯데,H,Final,Win,7.0,5.0,문학,
20250905OBNC0_두산,2025-09-05,두산,NC,A,Final,Win,9.0,3.0,창원,
20250905OBNC0_NC,2025-09-05,NC,두산,H,Final,Loss,3.0,9.0,창원,
20250906HHSS0_한화,2025-09-06,한화,삼성,A,Final,Win,7.0,4.0,대구,
20250906HHSS0_삼성,2025-09-06,삼성,한화,H,Final,Loss,4.0,7.0,대구,
20250906HTNC0_KIA,2025-09-06,KIA,NC,A,Final,Win,8.0,4.0,창원,
20250906HTNC0_NC,2025-09-06,NC,KIA,H,Final,Loss,4.0,8.0,창원,
20250907SKLG0_SSG,2025-09-07,SSG,LG,A,Final,Win,7.0,3.0,잠실,
20250907SKLG0_LG,2025-09-07,LG,SSG,H,Final,Loss,3.0,7.0,잠실,
20250907HHSS0_한화,2025-09-07,한화,삼성,A,Final,Loss,3.0,4.0,대구,
20250907HHSS0_삼성,2025-09-07,삼성,한화,H,Final,Win,4.0,3.0,대구,
20250907HTNC0_KIA,2025-09-07,KIA,NC,A,Final,Loss,1.0,2.0,창원,
20250907HTNC0_NC,2025-09-07,NC,KIA,H,Final,Win,2.0,1.0,창원,
20250909HHLT0_한화,2025-09-09,한화,롯데,A,Final,Win,9.0,1.0,사직,
20250909HHLT0_롯데,2025-09-09,롯데,한화,H,Final,Loss,1.0,9.0,사직,
20250909OBKT0_두산,2025-09-09,두산,KT,A,Final,Loss,1.0,8.0,수원,
20250909OBKT0_KT,2025-09-09,KT,두산,H,Final,Win,8.0,1.0,수원,
20250909LGWO0_LG,2025-09-09,LG,키움,A,Final,Loss,2.0,11.0,고척,
20250909LGWO0_키움,2025-09-09,키움,LG,H,Final,Win,11.0,2.0,고척,
20250910LGOB0_LG,2025-09-10,LG,두산,A,Final,Win,8.0,4.0,잠실,
20250910LGOB0_두산,2025-09-10,두산,LG,H,Final,Loss,4.0,8.0,잠실,
20250910HHLT0_한화,2025-09-10,한화,롯데,A,Final,Win,13.0,0.0,사직,
20250910HHLT0_롯데,2025-09-10,롯데,한화,H,Final,Loss,0.0,13.0,사직,
20250910SSHT0_삼성,2025-09-10,삼성,KIA,A,Final,Loss,0.0,4.0,광주,
20250910SSHT0_KIA,2025-09-10,KIA,삼성,H,Final,Win,4.0,0.0,광주,
20250910SKNC0_SSG,2025-09-10,SSG,NC,A,Final,Loss,4.0,5.0,창원,
20250910SKNC0_NC,2025-09-10,NC,SSG,H,Final,Win,5.0,4.0,창원,
20250911KTLG0_KT,2025-09-11,KT,LG,A,Final,Win,6.0,4.0,잠실,
20250911KTLG0_LG,2025-09-11,LG,KT,H,Final,Loss,4.0,6.0,잠실,
20250911SKSS0_SSG,2025-09-11,SSG,삼성,A,Final,Win,8.0,4.0,대구,
20250911SKSS0_삼성,2025-09-11,삼성,SSG,H,Final,Loss,4.0,8.0,대구,
20250911LTHT0_롯데,2025-09-11,롯데,KIA,A,Final,Win,4.0,3.0,광주,
20250911LTHT0_KIA,2025-09-11,KIA,롯데,H,Final,Loss,3.0,4.0,광주,
20250911NCWO0_NC,2025-09-11,NC,키움,A,Final,Loss,1.0,4.0,고척,
20250911NCWO0_키움,2025-09-11,키움,NC,H,Final,Win,4.0,1.0,고척,
20250912OBHT0_두산,2025-09-12,두산,KIA,A,Final,Loss,4.0,5.0,광주,
20250912OBHT0_KIA,2025-09-12,KIA,두산,H,Final,Win,5.0,4.0,광주,
20250913HTLG0_KIA,2025-09-13,KIA,LG,A,Final,Win,6.0,3.0,잠실,
20250913HTLG0_LG,2025-09-13,LG,KIA,H,Final,Loss,3.0,6.0,잠실,
20250913KTSS0_KT,2025-09-13,KT,삼성,A,Final,Win,5.0,3.0,대구,
20250913KTSS0_삼성,2025-09-13,삼성,KT,H,Final,Loss,3.0,5.0,대구,
20250913SKLT0_SSG,2025-09-13,SSG,롯데,A,Final,Loss,11.0,12.0,사직,
20250913SKLT0_롯데,2025-09-13,롯데,SSG,H,Final,Win,12.0,11.0,사직,
20250913OBNC0_두산,2025-09-13,두산,NC,A,Final,Loss,4.0,6.0,창원,
20250913OBNC0_NC,2025-09-13,NC,두산,H,Final,Win,6.0,4.0,창원,
20250913WOHH0_키움,2025-09-13,키움,한화,A,Final,Loss,5.0,10.0,대전,
20250913WOHH0_한화,2025-09-13,한화,키움,H,Final,Win,10.0,5.0,대전,
20250914HTLG0_KIA,2025-09-14,KIA,LG,A,Final,Loss,0.0,14.0,잠실,
20250914HTLG0_LG,2025-09-14,LG,KIA,H,Final,Win,14.0,0.0,잠실,
20250914KTSS0_KT,2025-09-14,KT,삼성,A,Final,Loss,2.0,6.0,대구,
20250914KTSS0_삼성,2025-09-14,삼성,KT,H,Final,Win,6.0,2.0,대구,
20250914OBNC0_두산,2025-09-14,두산,NC,A,Final,Loss,0.0,6.0,창원,
20250914OBNC0_NC,2025-09-14,NC,두산,H,Final,Win,6.0,0.0,창원,
20250914WOHH0_키움,2025-09-14,키움,한화,A,Final,Win,13.0,10.0,대전,
20250914WOHH0_한화,2025-09-14,한화,키움,H,Final,Loss,10.0,13.0,대전,
20250915WOHH0_키움,2025-09-15,키움,한화,A,Final,Loss,6.0,7.0,대전,
20250915WOHH0_한화,2025-09-15,한화,키움,H,Final,Win,7.0,6.0,대전,
20250916WOOB0_키움,2025-09-16,키움,두산,A,Final,Win,4.0,1.0,잠실,
20250916WOOB0_두산,2025-09-16,두산,키움,H,Final,Loss,1.0,4.0,잠실,
20250916LTSS0_롯데,2025-09-16,롯데,삼성,A,Final,Loss,5.0,7.0,대구,
20250916LTSS0_삼성,2025-09-16,삼성,롯데,H,Final,Win,7.0,5.0,대구,
20250916HHHT0_한화,2025-09-16,한화,KIA,A,Final,Win,11.0,1.0,광주,
20250916HHHT0_KIA,2025-09-16,KIA,한화,H,Final,Loss,1.0,11.0,광주,
20250916LGKT0_LG,2025-09-16,LG,KT,A,Final,Win,10.0,6.0,수원,
20250916LGKT0_KT,2025-09-16,KT,LG,H,Final,Loss,6.0,10.0,수원,
20250916SKNC0_SSG,2025-09-16,SSG,NC,A,Final,Win,7.0,3.0,창원,
20250916SKNC0_NC,2025-09-16,NC,SSG,H,Final,Loss,3.0,7.0,창원,
20250917WOOB0_키움,2025-09-17,키움,두산,A,Final,Win,4.0,2.0,잠실,
20250917WOOB0_두산,2025-09-17,두산,키움,H,Final,Loss,2.0,4.0,잠실,
20250917HHHT0_한화,2025-09-17,한화,KIA,A,Final,Win,6.0,2.0,광주,
20250917HHHT0_KIA,2025-09-17,KIA,한화,H,Final,Loss,2.0,6.0,광주,
20250918LGKT1_LG,2025-09-18,LG,KT,A,Final,Win,6.0,2.0,수원,
20250918LGKT1_KT,2025-09-18,KT,LG,H,Final,Loss,2.0,6.0,수원,
20250918LGKT2_LG,2025-09-18,LG,KT,A,Final,Win,14.0,1.0,수원,
20250918LGKT2_KT,2025-09-18,KT,LG,H,Final,Loss,1.0,14.0,수원,
20250918WOOB0_키움,2025-09-18,키움,두산,A,Final,Loss,2.0,3.0,잠실,
20250918WOOB0_두산,2025-09-18,두산,키움,H,Final,Win,3.0,2.0,잠실,
20250918HHHT0_한화,2025-09-18,한화,KIA,A,Final,Win,4.0,3.0,광주,
20250918HHHT0_KIA,2025-09-18,KIA,한화,H,Final,Loss,3.0,4.0,광주,
20250918SSNC0_삼성,2025-09-18,삼성,NC,A,Final,Win,9.0,5.0,창원,
20250918SSNC0_NC,2025-09-18,NC,삼성,H,Final,Loss,5.0,9.0,창원,
20250919LTNC0_롯데,2025-09-19,롯데,NC,A,Final,Win,18.0,2.0,창원,
20250919LTNC0_NC,2025-09-19,NC,롯데,H,Final,Loss,2.0,18.0,창원,
20250920SSLG0_삼성,2025-09-20,삼성,LG,A,Final,Win,14.0,4.0,잠실,
20250920SSLG0_LG,2025-09-20,LG,삼성,H,Final,Loss,4.0,14.0,잠실,
20250920WOLT0_키움,2025-09-20,키움,롯데,A,Final,Win,15.0,5.0,사직,
20250920WOLT0_롯데,2025-09-20,롯데,키움,H,Final,Loss,5.0,15.0,사직,
20250920OBSK0_두산,2025-09-20,두산,SSG,A,Final,Loss,2.0,15.0,문학,
20250920OBSK0_SSG,2025-09-20,SSG,두산,H,Final,Win,15.0,2.0,문학,
20250920NCHT0_NC,2025-09-20,NC,KIA,A,Final,Loss,4.0,5.0,광주,
20250920NCHT0_KIA,2025-09-20,KIA,NC,H,Final,Win,5.0,4.0,광주,
20250920HHKT0_한화,2025-09-20,한화,KT,A,Final,Loss,2.0,4.0,수원,
20250920HHKT0_KT,2025-09-20,KT,한화,H,Final,Win,4.0,2.0,수원,
20250921OBSK0_두산,2025-09-21,두산,SSG,A,Final,Loss,3.0,7.0,문학,
20250921OBSK0_SSG,2025-09-21,SSG,두산,H,Final,Win,7.0,3.0,문학,
20250921NCHT0_NC,2025-09-21,NC,KIA,A,Final,Win,7.0,6.0,광주,
20250921NCHT0_KIA,2025-09-21,KIA,NC,H,Final,Loss,6.0,7.0,광주,
20250921SSKT0_삼성,2025-09-21,삼성,KT,A,Final,Loss,3.0,6.0,수원,
20250921SSKT0_KT,2025-09-21,KT,삼성,H,Final,Win,6.0,3.0,수원,
20250922OBSK0_두산,2025-09-22,두산,SSG,A,Final,Win,9.0,2.0,문학,
20250922OBSK0_SSG,2025-09-22,SSG,두산,H,Final,Loss,2.0,9.0,문학,
20250923OBSS0_두산,2025-09-23,두산,삼성,A,Final,Loss,5.0,7.0,대구,
20250923OBSS0_삼성,2025-09-23,삼성,두산,H,Final,Win,7.0,5.0,대구,
20250923HTSK0_KIA,2025-09-23,KIA,SSG,A,Final,Loss,0.0,5.0,문학,
20250923HTSK0_SSG,2025-09-23,SSG,KIA,H,Final,Win,5.0,0.0,문학,
20250923WOKT0_키움,2025-09-23,키움,KT,A,Final,Loss,0.0,7.0,수원,
20250923WOKT0_KT,2025-09-23,KT,키움,H,Final,Win,7.0,0.0,수원,
20250923NCLT0_NC,2025-09-23,NC,롯데,A,Final,Win,4.0,2.0,울산,
20250923NCLT0_롯데,2025-09-23,롯데,NC,H,Final,Loss,2.0,4.0,울산,
20250924LTSS0_롯데,2025-09-24,롯데,삼성,A,Final,Loss,4.0,9.0,대구,
20250924LTSS0_삼성,2025-09-24,삼성,롯데,H,Final,Win,9.0,4.0,대구,
20250924LGNC0_LG,2025-09-24,LG,NC,A,Final,Loss,5.0,10.0,창원,
20250924LGNC0_NC,2025-09-24,NC,LG,H,Final,Win,10.0,5.0,창원,
20250924HTWO0_KIA,2025-09-24,KIA,키움,A,Final,Win,2.0,0.0,고척,
20250924HTWO0_키움,2025-09-24,키움,KIA,H,Final,Loss,0.0,2.0,고척,
20250925HHOB0_한화,2025-09-25,한화,두산,A,Final,Loss,0.0,7.0,잠실,
20250925HHOB0_두산,2025-09-25,두산,한화,H,Final,Win,7.0,0.0,잠실,
20250925WOSS0_키움,2025-09-25,키움,삼성,A,Final,Loss,3.0,12.0,대구,
20250925WOSS0_삼성,2025-09-25,삼성,키움,H,Final,Win,12.0,3.0,대구,
20250925KTSK0_KT,2025-09-25,KT,SSG,A,Final,Win,10.0,1.0,문학,
20250925KTSK0_SSG,2025-09-25,SSG,KT,H,Final,Loss,1.0,10.0,문학,
20250925LGLT0_LG,2025-09-25,LG,롯데,A,Final,Win,11.0,1.0,울산,
20250925LGLT0_롯데,2025-09-25,롯데,LG,H,Final,Loss,1.0,11.0,울산,
20250926NCOB0_NC,2025-09-26,NC,두산,A,Final,Win,3.0,0.0,잠실,
20250926NCOB0_두산,2025-09-26,두산,NC,H,Final,Loss,0.0,3.0,잠실,
20250926SSLT0_삼성,2025-09-26,삼성,롯데,A,Final,Loss,9.0,10.0,사직,
20250926SSLT0_롯데,2025-09-26,롯데,삼성,H,Final,Win,10.0,9.0,사직,
20250926KTSK0_KT,2025-09-26,KT,SSG,A,Final,Loss,2.0,5.0,문학,
20250926KTSK0_SSG,2025-09-26,SSG,KT,H,Final,Win,5.0,2.0,문학,
20250926LGHH0_LG,2025-09-26,LG,한화,A,Final,Loss,1.0,4.0,대전,
20250926LGHH0_한화,2025-09-26,한화,LG,H,Final,Win,4.0,1.0,대전,
20250927SKOB0_SSG,2025-09-27,SSG,두산,A,Final,Win,6.0,2.0,잠실,
20250927SKOB0_두산,2025-09-27,두산,SSG,H,Final,Loss,2.0,6.0,잠실,
20250927NCHT0_NC,2025-09-27,NC,KIA,A,Final,Win,2.0,1.0,광주,
20250927NCHT0_KIA,2025-09-27,KIA,NC,H,Final,Loss,1.0,2.0,광주,
20250927LGHH0_LG,2025-09-27,LG,한화,A,Final,Win,9.0,2.0,대전,
20250927LGHH0_한화,2025-09-27,한화,LG,H,Final,Loss,2.0,9.0,대전,
20250928LTOB0_롯데,2025-09-28,롯데,두산,A,Final,Loss,2.0,7.0,잠실,
20250928LTOB0_두산,2025-09-28,두산,롯데,H,Final,Win,7.0,2.0,잠실,
20250928SSWO0_삼성,2025-09-28,삼성,키움,A,Final,Win,4.0,2.0,고척,
20250928SSWO0_키움,2025-09-28,키움,삼성,H,Final,Loss,2.0,4.0,고척,
20250929LTSK0_롯데,2025-09-29,롯데,SSG,A,Final,Loss,2.0,4.0,문학,
20250929LTSK0_SSG,2025-09-29,SSG,롯데,H,Final,Win,4.0,2.0,문학,
20250929NCHT0_NC,2025-09-29,NC,KIA,A,Final,Win,13.0,4.0,광주,
20250929NCHT0_KIA,2025-09-29,KIA,NC,H,Final,Loss,4.0,13.0,광주,
20250929LGHH0_LG,2025-09-29,LG,한화,A,Final,Loss,3.0,7.0,대전,
20250929LGHH0_한화,2025-09-29,한화,LG,H,Final,Win,7.0,3.0,대전,
20250930OBLG0_두산,2025-09-30,두산,LG,A,Final,Win,6.0,0.0,잠실,
20250930OBLG0_LG,2025-09-30,LG,두산,H,Final,Loss,0.0,6.0,잠실,
20250930HTSS0_KIA,2025-09-30,KIA,삼성,A,Final,Loss,0.0,5.0,대구,
20250930HTSS0_삼성,2025-09-30,삼성,KIA,H,Final,Win,5.0,0.0,대구,
20250930KTNC0_KT,2025-09-30,KT,NC,A,Final,Loss,4.0,9.0,창원,
20250930KTNC0_NC,2025-09-30,NC,KT,H,Final,Win,9.0,4.0,창원,
20250930LTHH0_롯데,2025-09-30,롯데,한화,A,Final,Loss,0.0,1.0,대전,
20250930LTHH0_한화,2025-09-30,한화,롯데,H,Final,Win,1.0,0.0,대전,
20250930SKWO0_SSG,2025-09-30,SSG,키움,A,Final,Win,4.0,3.0,고척,
20250930SKWO0_키움,2025-09-30,키움,SSG,H,Final,Loss,3.0,4.0,고척,
20251001NCLG0_NC,2025-10-01,NC,LG,A,Final,Win,7.0,3.0,잠실,
20251001NCLG0_LG,2025-10-01,LG,NC,H,Final,Loss,3.0,7.0,잠실,
20251001HHSK0_한화,2025-10-01,한화,SSG,A,Final,Loss,5.0,6.0,문학,
20251001HHSK0_SSG,2025-10-01,SSG,한화,H,Final,Win,6.0,5.0,문학,
20251001KTHT0_KT,2025-10-01,KT,KIA,A,Final,Win,9.0,3.0,광주,
20251001KTHT0_KIA,2025-10-01,KIA,KT,H,Final,Loss,3.0,9.0,광주,
20251002SKHT0_SSG,2025-10-02,SSG,KIA,A,Final,Loss,2.0,7.0,광주,
20251002SKHT0_KIA,2025-10-02,KIA,SSG,H,Final,Win,7.0,2.0,광주,
20251004SSHT0_삼성,2025-10-04,삼성,KIA,A,Final,Loss,8.0,9.0,광주,
20251004SSHT0_KIA,2025-10-04,KIA,삼성,H,Final,Win,9.0,8.0,광주,
20251004SKNC0_SSG,2025-10-04,SSG,NC,A,Final,Loss,1.0,7.0,창원,
20251004SKNC0_NC,2025-10-04,NC,SSG,H,Final,Win,7.0,1.0,창원,
20260328KTLG0_KT,2026-03-28,KT,LG,A,Final,Win,11.0,7.0,잠실,
20260328KTLG0_LG,2026-03-28,LG,KT,H,Final,Loss,7.0,11.0,잠실,
20260328LTSS0_롯데,2026-03-28,롯데,삼성,A,Final,Win,6.0,3.0,대구,
20260328LTSS0_삼성,2026-03-28,삼성,롯데,H,Final,Loss,3.0,6.0,대구,
20260328HTSK0_KIA,2026-03-28,KIA,SSG,A,Final,Loss,6.0,7.0,문학,
20260328HTSK0_SSG,2026-03-28,SSG,KIA,H,Final,Win,7.0,6.0,문학,
20260328OBNC0_두산,2026-03-28,두산,NC,A,Final,Loss,0.0,6.0,창원,
20260328OBNC0_NC,2026-03-28,NC,두산,H,Final,Win,6.0,0.0,창원,
20260328WOHH0_키움,2026-03-28,키움,한화,A,Final,Loss,9.0,10.0,대전,
20260328WOHH0_한화,2026-03-28,한화,키움,H,Final,Win,10.0,9.0,대전,
20260329KTLG0_KT,2026-03-29,KT,LG,A,Final,Win,6.0,5.0,잠실,
20260329KTLG0_LG,2026-03-29,LG,KT,H,Final,Loss,5.0,6.0,잠실,
20260329LTSS0_롯데,2026-03-29,롯데,삼성,A,Final,Win,6.0,2.0,대구,
20260329LTSS0_삼성,2026-03-29,삼성,롯데,H,Final,Loss,2.0,6.0,대구,
20260329HTSK0_KIA,2026-03-29,KIA,SSG,A,Final,Loss,6.0,11.0,문학,
20260329HTSK0_SSG,2026-03-29,SSG,KIA,H,Final,Win,11.0,6.0,문학,
20260329OBNC0_두산,2026-03-29,두산,NC,A,Final,Win,9.0,6.0,창원,
20260329OBNC0_NC,2026-03-29,NC,두산,H,Final,Loss,6.0,9.0,창원,
20260329WOHH0_키움,2026-03-29,키움,한화,A,Final,Loss,4.0,10.0,대전,
20260329WOHH0_한화,2026-03-29,한화,키움,H,Final,Win,10.0,4.0,대전,
20260331HTLG0_KIA,2026-03-31,KIA,LG,A,Final,Win,7.0,2.0,잠실,
20260331HTLG0_LG,2026-03-31,LG,KIA,H,Final,Loss,2.0,7.0,잠실,
20260331WOSK0_키움,2026-03-31,키움,SSG,A,Final,Loss,3.0,9.0,문학,
20260331WOSK0_SSG,2026-03-31,SSG,키움,H,Final,Win,9.0,3.0,문학,
20260331LTNC0_롯데,2026-03-31,롯데,NC,A,Final,Loss,2.0,9.0,창원,
20260331LTNC0_NC,2026-03-31,NC,롯데,H,Final,Win,9.0,2.0,창원,
20260331KTHH0_KT,2026-03-31,KT,한화,A,Final,Win,9.0,4.0,대전,
20260331KTHH0_한화,2026-03-31,한화,KT,H,Final,Loss,4.0,9.0,대전,
20260401HTLG0_KIA,2026-04-01,KIA,LG,A,Final,Loss,2.0,7.0,잠실,
20260401HTLG0_LG,2026-04-01,LG,KIA,H,Final,Win,7.0,2.0,잠실,
20260401OBSS0_두산,2026-04-01,두산,삼성,A,Final,Loss,3.0,13.0,대구,
20260401OBSS0_삼성,2026-04-01,삼성,두산,H,Final,Win,13.0,3.0,대구,
20260401WOSK0_키움,2026-04-01,키움,SSG,A,Final,Win,11.0,2.0,문학,
20260401WOSK0_SSG,2026-04-01,SSG,키움,H,Final,Loss,2.0,11.0,문학,
20260401LTNC0_롯데,2026-04-01,롯데,NC,A,Final,Loss,4.0,5.0,창원,
20260401LTNC0_NC,2026-04-01,NC,롯데,H,Final,Win,5.0,4.0,창원,
20260401KTHH0_KT,2026-04-01,KT,한화,A,Final,Win,14.0,11.0,대전,
20260401KTHH0_한화,2026-04-01,한화,KT,H,Final,Loss,11.0,14.0,대전,
20260402HTLG0_KIA,2026-04-02,KIA,LG,A,Final,Loss,1.0,2.0,잠실,
20260402HTLG0_LG,2026-04-02,LG,KIA,H,Final,Win,2.0,1.0,잠실,
20260402OBSS0_두산,2026-04-02,두산,삼성,A,Final,Loss,2.0,5.0,대구,
20260402OBSS0_삼성,2026-04-02,삼성,두산,H,Final,Win,5.0,2.0,대구,
20260402WOSK0_키움,2026-04-02,키움,SSG,A,Final,Loss,1.0,11.0,문학,
20260402WOSK0_SSG,2026-04-02,SSG,키움,H,Final,Win,11.0,1.0,문학,
20260402LTNC0_롯데,2026-04-02,롯데,NC,A,Final,Loss,4.0,8.0,창원,
20260402LTNC0_NC,2026-04-02,NC,롯데,H,Final,Win,8.0,4.0,창원,
20260402KTHH0_KT,2026-04-02,KT,한화,A,Final,Win,13.0,8.0,대전,
20260402KTHH0_한화,2026-04-02,한화,KT,H,Final,Loss,8.0,13.0,대전,
20260403HHOB0_한화,2026-04-03,한화,두산,A,Final,Win,11.0,6.0,잠실,
20260403HHOB0_두산,2026-04-03,두산,한화,H,Final,Loss,6.0,11.0,잠실,
20260403SKLT0_SSG,2026-04-03,SSG,롯데,A,Final,Win,17.0,2.0,사직,
20260403SKLT0_롯데,2026-04-03,롯데,SSG,H,Final,Loss,2.0,17.0,사직,
20260403NCHT0_NC,2026-04-03,NC,KIA,A,Final,Win,5.0,2.0,광주,
20260403NCHT0_KIA,2026-04-03,KIA,NC,H,Final,Loss,2.0,5.0,광주,
20260403SSKT0_삼성,2026-04-03,삼성,KT,A,Final,Win,2.0,1.0,수원,
20260403SSKT0_KT,2026-04-03,KT,삼성,H,Final,Loss,1.0,2.0,수원,
20260403LGWO0_LG,2026-04-03,LG,키움,A,Final,Loss,2.0,5.0,고척,
20260403LGWO0_키움,2026-04-03,키움,LG,H,Final,Win,5.0,2.0,고척,
20260404HHOB0_한화,2026-04-04,한화,두산,A,Final,Win,9.0,3.0,잠실,
20260404HHOB0_두산,2026-04-04,두산,한화,H,Final,Loss,3.0,9.0,잠실,
20260404SKLT0_SSG,2026-04-04,SSG,롯데,A,Final,Win,7.0,6.0,사직,
20260404SKLT0_롯데,2026-04-04,롯데,SSG,H,Final,Loss,6.0,7.0,사직,
20260404NCHT0_NC,2026-04-04,NC,KIA,A,Final,Win,6.0,0.0,광주,
20260404NCHT0_KIA,2026-04-04,KIA,NC,H,Final,Loss,0.0,6.0,광주,
20260404SSKT0_삼성,2026-04-04,삼성,KT,A,Final,Win,8.0,6.0,수원,
20260404SSKT0_KT,2026-04-04,KT,삼성,H,Final,Loss,6.0,8.0,수원,
20260404LGWO0_LG,2026-04-04,LG,키움,A,Final,Win,6.0,4.0,고척,
20260404LGWO0_키움,2026-04-04,키움,LG,H,Final,Loss,4.0,6.0,고척,
20260405HHOB0_한화,2026-04-05,한화,두산,A,Final,Loss,0.0,8.0,잠실,
20260405HHOB0_두산,2026-04-05,두산,한화,H,Final,Win,8.0,0.0,잠실,
20260405SKLT0_SSG,2026-04-05,SSG,롯데,A,Final,Win,4.0,3.0,사직,
20260405SKLT0_롯데,2026-04-05,롯데,SSG,H,Final,Loss,3.0,4.0,사직,
20260405NCHT0_NC,2026-04-05,NC,KIA,A,Final,Loss,0.0,3.0,광주,
20260405NCHT0_KIA,2026-04-05,KIA,NC,H,Final,Win,3.0,0.0,광주,
20260405SSKT0_삼성,2026-04-05,삼성,KT,A,Final,Loss,0.0,2.0,수원,
20260405SSKT0_KT,2026-04-05,KT,삼성,H,Final,Win,2.0,0.0,수원,
20260405LGWO0_LG,2026-04-05,LG,키움,A,Final,Win,6.0,5.0,고척,
20260405LGWO0_키움,2026-04-05,키움,LG,H,Final,Loss,5.0,6.0,고척,
20260407WOOB0_키움,2026-04-07,키움,두산,A,Final,Win,5.0,2.0,잠실,
20260407WOOB0_두산,2026-04-07,두산,키움,H,Final,Loss,2.0,5.0,잠실,
20260407KTLT0_KT,2026-04-07,KT,롯데,A,Final,Win,7.0,3.0,사직,
20260407KTLT0_롯데,2026-04-07,롯데,KT,H,Final,Loss,3.0,7.0,사직,
20260407HHSK0_한화,2026-04-07,한화,SSG,A,Final,Win,6.0,2.0,문학,
20260407HHSK0_SSG,2026-04-07,SSG,한화,H,Final,Loss,2.0,6.0,문학,
20260407SSHT0_삼성,2026-04-07,삼성,KIA,A,Final,Win,10.0,3.0,광주,
20260407SSHT0_KIA,2026-04-07,KIA,삼성,H,Final,Loss,3.0,10.0,광주,
20260407LGNC0_LG,2026-04-07,LG,NC,A,Final,Win,2.0,0.0,창원,
20260407LGNC0_NC,2026-04-07,NC,LG,H,Final,Loss,0.0,2.0,창원,
20260408WOOB0_키움,2026-04-08,키움,두산,A,Final,Loss,3.0,7.0,잠실,
20260408WOOB0_두산,2026-04-08,두산,키움,H,Final,Win,7.0,3.0,잠실,
20260408KTLT0_KT,2026-04-08,KT,롯데,A,Final,Loss,1.0,6.0,사직,
20260408KTLT0_롯데,2026-04-08,롯데,KT,H,Final,Win,6.0,1.0,사직,
20260408HHSK0_한화,2026-04-08,한화,SSG,A,Final,Win,4.0,3.0,문학,
20260408HHSK0_SSG,2026-04-08,SSG,한화,H,Final,Loss,3.0,4.0,문학,
20260408SSHT0_삼성,2026-04-08,삼성,KIA,A,Final,Loss,5.0,15.0,광주,
20260408SSHT0_KIA,2026-04-08,KIA,삼성,H,Final,Win,15.0,5.0,광주,
20260408LGNC0_LG,2026-04-08,LG,NC,A,Final,Win,5.0,4.0,창원,
20260408LGNC0_NC,2026-04-08,NC,LG,H,Final,Loss,4.0,5.0,창원,
20260410SKLG0_SSG,2026-04-10,SSG,LG,A,Final,Loss,2.0,10.0,잠실,
20260410SKLG0_LG,2026-04-10,LG,SSG,H,Final,Win,10.0,2.0,잠실,
20260410NCSS0_NC,2026-04-10,NC,삼성,A,Final,Loss,5.0,8.0,대구,
20260410NCSS0_삼성,2026-04-10,삼성,NC,H,Final,Win,8.0,5.0,대구,
20260410OBKT0_두산,2026-04-10,두산,KT,A,Final,Win,8.0,7.0,수원,
20260410OBKT0_KT,2026-04-10,KT,두산,H,Final,Loss,7.0,8.0,수원,
20260410HTHH0_KIA,2026-04-10,KIA,한화,A,Final,Win,6.0,5.0,대전,
20260410HTHH0_한화,2026-04-10,한화,KIA,H,Final,Loss,5.0,6.0,대전,
20260410LTWO0_롯데,2026-04-10,롯데,키움,A,Final,Win,3.0,1.0,고척,
20260410LTWO0_키움,2026-04-10,키움,롯데,H,Final,Loss,1.0,3.0,고척,
20260411HTHH0_KIA,2026-04-11,KIA,한화,A,Final,Win,6.0,5.0,대전,
20260411HTHH0_한화,2026-04-11,한화,KIA,H,Final,Loss,5.0,6.0,대전,
20260411SKLG0_SSG,2026-04-11,SSG,LG,A,Final,Loss,3.0,4.0,잠실,
20260411SKLG0_LG,2026-04-11,LG,SSG,H,Final,Win,4.0,3.0,잠실,
20260411NCSS0_NC,2026-04-11,NC,삼성,A,Final,Loss,4.0,5.0,대구,
20260411NCSS0_삼성,2026-04-11,삼성,NC,H,Final,Win,5.0,4.0,대구,
20260411OBKT0_두산,2026-04-11,두산,KT,A,Final,Loss,4.0,6.0,수원,
20260411OBKT0_KT,2026-04-11,KT,두산,H,Final,Win,6.0,4.0,수원,
20260411LTWO0_롯데,2026-04-11,롯데,키움,A,Final,Win,3.0,1.0,고척,
20260411LTWO0_키움,2026-04-11,키움,롯데,H,Final,Loss,1.0,3.0,고척,
20260412SKLG0_SSG,2026-04-12,SSG,LG,A,Final,Loss,1.0,9.0,잠실,
20260412SKLG0_LG,2026-04-12,LG,SSG,H,Final,Win,9.0,1.0,잠실,
20260412NCSS0_NC,2026-04-12,NC,삼성,A,Final,Loss,3.0,9.0,대구,
20260412NCSS0_삼성,2026-04-12,삼성,NC,H,Final,Win,9.0,3.0,대구,
20260412OBKT0_두산,2026-04-12,두산,KT,A,Final,Loss,1.0,6.0,수원,
20260412OBKT0_KT,2026-04-12,KT,두산,H,Final,Win,6.0,1.0,수원,
20260412HTHH0_KIA,2026-04-12,KIA,한화,A,Final,Win,9.0,3.0,대전,
20260412HTHH0_한화,2026-04-12,한화,KIA,H,Final,Loss,3.0,9.0,대전,
20260412LTWO0_롯데,2026-04-12,롯데,키움,A,Final,Loss,0.0,2.0,고척,
20260412LTWO0_키움,2026-04-12,키움,롯데,H,Final,Win,2.0,0.0,고척,
20260414LTLG0_롯데,2026-04-14,롯데,LG,A,Final,Loss,1.0,2.0,잠실,
20260414LTLG0_LG,2026-04-14,LG,롯데,H,Final,Win,2.0,1.0,잠실,
20260414OBSK0_두산,2026-04-14,두산,SSG,A,Final,Win,11.0,3.0,문학,
20260414OBSK0_SSG,2026-04-14,SSG,두산,H,Final,Loss,3.0,11.0,문학,
20260414WOHT0_키움,2026-04-14,키움,KIA,A,Final,Loss,2.0,6.0,광주,
20260414WOHT0_KIA,2026-04-14,KIA,키움,H,Final,Win,6.0,2.0,광주,
20260414KTNC0_KT,2026-04-14,KT,NC,A,Final,Loss,4.0,7.0,창원,
20260414KTNC0_NC,2026-04-14,NC,KT,H,Final,Win,7.0,4.0,창원,
20260414SSHH0_삼성,2026-04-14,삼성,한화,A,Final,Win,6.0,5.0,대전,
20260414SSHH0_한화,2026-04-14,한화,삼성,H,Final,Loss,5.0,6.0,대전,
20260415LTLG0_롯데,2026-04-15,롯데,LG,A,Final,Win,2.0,0.0,잠실,
20260415LTLG0_LG,2026-04-15,LG,롯데,H,Final,Loss,0.0,2.0,잠실,
20260415OBSK0_두산,2026-04-15,두산,SSG,A,Final,Loss,0.0,6.0,문학,
20260415OBSK0_SSG,2026-04-15,SSG,두산,H,Final,Win,6.0,0.0,문학,
20260415WOHT0_키움,2026-04-15,키움,KIA,A,Final,Loss,5.0,7.0,광주,
20260415WOHT0_KIA,2026-04-15,KIA,키움,H,Final,Win,7.0,5.0,광주,
20260415KTNC0_KT,2026-04-15,KT,NC,A,Final,Win,10.0,2.0,창원,
20260415KTNC0_NC,2026-04-15,NC,KT,H,Final,Loss,2.0,10.0,창원,
20260415SSHH0_삼성,2026-04-15,삼성,한화,A,Final,Win,13.0,5.0,대전,
20260415SSHH0_한화,2026-04-15,한화,삼성,H,Final,Loss,5.0,13.0,대전,
20260416LTLG0_롯데,2026-04-16,롯데,LG,A,Final,Loss,4.0,7.0,잠실,
20260416LTLG0_LG,2026-04-16,LG,롯데,H,Final,Win,7.0,4.0,잠실,
20260416OBSK0_두산,2026-04-16,두산,SSG,A,Final,Loss,1.0,2.0,문학,
20260416OBSK0_SSG,2026-04-16,SSG,두산,H,Final,Win,2.0,1.0,문학,
20260416WOHT0_키움,2026-04-16,키움,KIA,A,Final,Loss,1.0,5.0,광주,
20260416WOHT0_KIA,2026-04-16,KIA,키움,H,Final,Win,5.0,1.0,광주,
20260416KTNC0_KT,2026-04-16,KT,NC,A,Final,Win,4.0,3.0,창원,
20260416KTNC0_NC,2026-04-16,NC,KT,H,Final,Loss,3.0,4.0,창원,
20260416SSHH0_삼성,2026-04-16,삼성,한화,A,Final,Win,6.0,1.0,대전,
20260416SSHH0_한화,2026-04-16,한화,삼성,H,Final,Loss,1.0,6.0,대전,
20260417HTOB0_KIA,2026-04-17,KIA,두산,A,Final,Win,7.0,3.0,잠실,
20260417HTOB0_두산,2026-04-17,두산,KIA,H,Final,Loss,3.0,7.0,잠실,
20260417WOKT0_키움,2026-04-17,키움,KT,A,Final,Loss,0.0,5.0,수원,
20260417WOKT0_KT,2026-04-17,KT,키움,H,Final,Win,5.0,0.0,수원,
20260418LGSS0_LG,2026-04-18,LG,삼성,A,Final,Loss,2.0,7.0,대구,
20260418LGSS0_삼성,2026-04-18,삼성,LG,H,Final,Win,7.0,2.0,대구,
20260418HTOB0_KIA,2026-04-18,KIA,두산,A,Final,Loss,4.0,5.0,잠실,
20260418HTOB0_두산,2026-04-18,두산,KIA,H,Final,Win,5.0,4.0,잠실,
20260418HHLT0_한화,2026-04-18,한화,롯데,A,Final,Win,5.0,0.0,사직,
20260418HHLT0_롯데,2026-04-18,롯데,한화,H,Final,Loss,0.0,5.0,사직,
20260418WOKT0_키움,2026-04-18,키움,KT,A,Final,Loss,2.0,4.0,수원,
20260418WOKT0_KT,2026-04-18,KT,키움,H,Final,Win,4.0,2.0,수원,
20260418SKNC0_SSG,2026-04-18,SSG,NC,A,Final,Win,11.0,3.0,창원,
20260418SKNC0_NC,2026-04-18,NC,SSG,H,Final,Loss,3.0,11.0,창원,
20260419HTOB0_KIA,2026-04-19,KIA,두산,A,Final,Loss,3.0,6.0,잠실,
20260419HTOB0_두산,2026-04-19,두산,KIA,H,Final,Win,6.0,3.0,잠실,
20260419LGSS0_LG,2026-04-19,LG,삼성,A,Final,Win,5.0,0.0,대구,
20260419LGSS0_삼성,2026-04-19,삼성,LG,H,Final,Loss,0.0,5.0,대구,
20260419HHLT0_한화,2026-04-19,한화,롯데,A,Final,Win,9.0,1.0,사직,
20260419HHLT0_롯데,2026-04-19,롯데,한화,H,Final,Loss,1.0,9.0,사직,
20260419SKNC0_SSG,2026-04-19,SSG,NC,A,Final,Loss,2.0,9.0,창원,
20260419SKNC0_NC,2026-04-19,NC,SSG,H,Final,Win,9.0,2.0,창원,
20260419WOKT0_키움,2026-04-19,키움,KT,A,Final,Win,3.0,1.0,수원,
20260419WOKT0_KT,2026-04-19,KT,키움,H,Final,Loss,1.0,3.0,수원,
20260421HHLG0_한화,2026-04-21,한화,LG,A,Final,Loss,5.0,6.0,잠실,
20260421HHLG0_LG,2026-04-21,LG,한화,H,Final,Win,6.0,5.0,잠실,
20260421SKSS0_SSG,2026-04-21,SSG,삼성,A,Final,Win,5.0,4.0,대구,
20260421SKSS0_삼성,2026-04-21,삼성,SSG,H,Final,Loss,4.0,5.0,대구,
20260421OBLT0_두산,2026-04-21,두산,롯데,A,Final,Win,6.0,2.0,사직,
20260421OBLT0_롯데,2026-04-21,롯데,두산,H,Final,Loss,2.0,6.0,사직,
20260421HTKT0_KIA,2026-04-21,KIA,KT,A,Final,Loss,5.0,6.0,수원,
20260421HTKT0_KT,2026-04-21,KT,KIA,H,Final,Win,6.0,5.0,수원,
20260421NCWO0_NC,2026-04-21,NC,키움,A,Final,Loss,1.0,2.0,고척,
20260421NCWO0_키움,2026-04-21,키움,NC,H,Final,Win,2.0,1.0,고척,
20260422HHLG0_한화,2026-04-22,한화,LG,A,Final,Loss,0.0,3.0,잠실,
20260422HHLG0_LG,2026-04-22,LG,한화,H,Final,Win,3.0,0.0,잠실,
20260422SKSS0_SSG,2026-04-22,SSG,삼성,A,Final,Win,3.0,2.0,대구,
20260422SKSS0_삼성,2026-04-22,삼성,SSG,H,Final,Loss,2.0,3.0,대구,
20260422OBLT0_두산,2026-04-22,두산,롯데,A,Final,Win,9.0,1.0,사직,
20260422OBLT0_롯데,2026-04-22,롯데,두산,H,Final,Loss,1.0,9.0,사직,
20260422HTKT0_KIA,2026-04-22,KIA,KT,A,Final,Loss,3.0,8.0,수원,
20260422HTKT0_KT,2026-04-22,KT,KIA,H,Final,Win,8.0,3.0,수원,
20260422NCWO0_NC,2026-04-22,NC,키움,A,Final,Loss,0.0,3.0,고척,
20260422NCWO0_키움,2026-04-22,키움,NC,H,Final,Win,3.0,0.0,고척,
20260423HHLG0_한화,2026-04-23,한화,LG,A,Final,Win,8.0,4.0,잠실,
20260423HHLG0_LG,2026-04-23,LG,한화,H,Final,Loss,4.0,8.0,잠실,
20260423SKSS0_SSG,2026-04-23,SSG,삼성,A,Final,Win,8.0,2.0,대구,
20260423SKSS0_삼성,2026-04-23,삼성,SSG,H,Final,Loss,2.0,8.0,대구,
20260423OBLT0_두산,2026-04-23,두산,롯데,A,Final,Loss,1.0,6.0,사직,
20260423OBLT0_롯데,2026-04-23,롯데,두산,H,Final,Win,6.0,1.0,사직,
20260423HTKT0_KIA,2026-04-23,KIA,KT,A,Final,Loss,3.0,8.0,수원,
20260423HTKT0_KT,2026-04-23,KT,KIA,H,Final,Win,8.0,3.0,수원,
20260423NCWO0_NC,2026-04-23,NC,키움,A,Final,Win,12.0,2.0,고척,
20260423NCWO0_키움,2026-04-23,키움,NC,H,Final,Loss,2.0,12.0,고척,
20260424LGOB0_LG,2026-04-24,LG,두산,A,Final,Win,4.0,1.0,잠실,
20260424LGOB0_두산,2026-04-24,두산,LG,H,Final,Loss,1.0,4.0,잠실,
20260424KTSK0_KT,2026-04-24,KT,SSG,A,Final,Loss,0.0,5.0,문학,
20260424KTSK0_SSG,2026-04-24,SSG,KT,H,Final,Win,5.0,0.0,문학,
20260424LTHT0_롯데,2026-04-24,롯데,KIA,A,Final,Loss,0.0,4.0,광주,
20260424LTHT0_KIA,2026-04-24,KIA,롯데,H,Final,Win,4.0,0.0,광주,
20260424NCHH0_NC,2026-04-24,NC,한화,A,Final,Win,7.0,3.0,대전,
20260424NCHH0_한화,2026-04-24,한화,NC,H,Final,Loss,3.0,7.0,대전,
20260424SSWO0_삼성,2026-04-24,삼성,키움,A,Final,Loss,4.0,6.0,고척,
20260424SSWO0_키움,2026-04-24,키움,삼성,H,Final,Win,6.0,4.0,고척,
20260425LGOB0_LG,2026-04-25,LG,두산,A,Final,Win,7.0,5.0,잠실,
20260425LGOB0_두산,2026-04-25,두산,LG,H,Final,Loss,5.0,7.0,잠실,
20260425KTSK0_KT,2026-04-25,KT,SSG,A,Final,Loss,1.0,3.0,문학,
20260425KTSK0_SSG,2026-04-25,SSG,KT,H,Final,Win,3.0,1.0,문학,
20260425LTHT0_롯데,2026-04-25,롯데,KIA,A,Final,Loss,3.0,4.0,광주,
20260425LTHT0_KIA,2026-04-25,KIA,롯데,H,Final,Win,4.0,3.0,광주,
20260425NCHH0_NC,2026-04-25,NC,한화,A,Final,Loss,1.0,8.0,대전,
20260425NCHH0_한화,2026-04-25,한화,NC,H,Final,Win,8.0,1.0,대전,
20260425SSWO0_삼성,2026-04-25,삼성,키움,A,Final,Loss,2.0,4.0,고척,
20260425SSWO0_키움,2026-04-25,키움,삼성,H,Final,Win,4.0,2.0,고척,
20260426LGOB0_LG,2026-04-26,LG,두산,A,Final,Loss,3.0,4.0,잠실,
20260426LGOB0_두산,2026-04-26,두산,LG,H,Final,Win,4.0,3.0,잠실,
20260426KTSK0_KT,2026-04-26,KT,SSG,A,Final,Win,12.0,2.0,문학,
20260426KTSK0_SSG,2026-04-26,SSG,KT,H,Final,Loss,2.0,12.0,문학,
20260426NCHH0_NC,2026-04-26,NC,한화,A,Final,Win,5.0,3.0,대전,
20260426NCHH0_한화,2026-04-26,한화,NC,H,Final,Loss,3.0,5.0,대전,
20260426SSWO0_삼성,2026-04-26,삼성,키움,A,Final,Loss,0.0,2.0,고척,
20260426SSWO0_키움,2026-04-26,키움,삼성,H,Final,Win,2.0,0.0,고척,
20260428SSOB0_삼성,2026-04-28,삼성,두산,A,Final,Win,5.0,4.0,잠실,
20260428SSOB0_두산,2026-04-28,두산,삼성,H,Final,Loss,4.0,5.0,잠실,
20260428WOLT0_키움,2026-04-28,키움,롯데,A,Final,Loss,4.0,5.0,사직,
20260428WOLT0_롯데,2026-04-28,롯데,키움,H,Final,Win,5.0,4.0,사직,
20260428LGKT0_LG,2026-04-28,LG,KT,A,Final,Loss,5.0,6.0,수원,
20260428LGKT0_KT,2026-04-28,KT,LG,H,Final,Win,6.0,5.0,수원,
20260428HTNC0_KIA,2026-04-28,KIA,NC,A,Final,Loss,4.0,5.0,창원,
20260428HTNC0_NC,2026-04-28,NC,KIA,H,Final,Win,5.0,4.0,창원,
20260428SKHH0_SSG,2026-04-28,SSG,한화,A,Final,Loss,6.0,7.0,대전,
20260428SKHH0_한화,2026-04-28,한화,SSG,H,Final,Win,7.0,6.0,대전,
20260429SSOB0_삼성,2026-04-29,삼성,두산,A,Final,Loss,0.0,4.0,잠실,
20260429SSOB0_두산,2026-04-29,두산,삼성,H,Final,Win,4.0,0.0,잠실,
20260429WOLT0_키움,2026-04-29,키움,롯데,A,Final,Win,6.0,5.0,사직,
20260429WOLT0_롯데,2026-04-29,롯데,키움,H,Final,Loss,5.0,6.0,사직,
20260429LGKT0_LG,2026-04-29,LG,KT,A,Final,Loss,4.0,5.0,수원,
20260429LGKT0_KT,2026-04-29,KT,LG,H,Final,Win,5.0,4.0,수원,
20260429HTNC0_KIA,2026-04-29,KIA,NC,A,Final,Win,9.0,4.0,창원,
20260429HTNC0_NC,2026-04-29,NC,KIA,H,Final,Loss,4.0,9.0,창원,
20260429SKHH0_SSG,2026-04-29,SSG,한화,A,Final,Win,6.0,1.0,대전,
20260429SKHH0_한화,2026-04-29,한화,SSG,H,Final,Loss,1.0,6.0,대전,
20260430SSOB0_삼성,2026-04-30,삼성,두산,A,Final,Loss,5.0,8.0,잠실,
20260430SSOB0_두산,2026-04-30,두산,삼성,H,Final,Win,8.0,5.0,잠실,
20260430WOLT0_키움,2026-04-30,키움,롯데,A,Final,Loss,1.0,3.0,사직,
20260430WOLT0_롯데,2026-04-30,롯데,키움,H,Final,Win,3.0,1.0,사직,
20260430LGKT0_LG,2026-04-30,LG,KT,A,Final,Win,6.0,5.0,수원,
20260430LGKT0_KT,2026-04-30,KT,LG,H,Final,Loss,5.0,6.0,수원,
20260430HTNC0_KIA,2026-04-30,KIA,NC,A,Final,Loss,2.0,7.0,창원,
20260430HTNC0_NC,2026-04-30,NC,KIA,H,Final,Win,7.0,2.0,창원,
20260430SKHH0_SSG,2026-04-30,SSG,한화,A,Final,Win,14.0,3.0,대전,
20260430SKHH0_한화,2026-04-30,한화,SSG,H,Final,Loss,3.0,14.0,대전,
20260501NCLG0_NC,2026-05-01,NC,LG,A,Final,Loss,1.0,5.0,잠실,
20260501NCLG0_LG,2026-05-01,LG,NC,H,Final,Win,5.0,1.0,잠실,
20260501HHSS0_한화,2026-05-01,한화,삼성,A,Final,Loss,3.0,4.0,대구,
20260501HHSS0_삼성,2026-05-01,삼성,한화,H,Final,Win,4.0,3.0,대구,
20260501LTSK0_롯데,2026-05-01,롯데,SSG,A,Final,Win,10.0,7.0,문학,
20260501LTSK0_SSG,2026-05-01,SSG,롯데,H,Final,Loss,7.0,10.0,문학,
20260501KTHT0_KT,2026-05-01,KT,KIA,A,Final,Win,4.0,3.0,광주,
20260501KTHT0_KIA,2026-05-01,KIA,KT,H,Final,Loss,3.0,4.0,광주,
20260501OBWO0_두산,2026-05-01,두산,키움,A,Final,Win,16.0,6.0,고척,
20260501OBWO0_키움,2026-05-01,키움,두산,H,Final,Loss,6.0,16.0,고척,
20260502LTSK0_롯데,2026-05-02,롯데,SSG,A,Final,Win,7.0,5.0,문학,
20260502LTSK0_SSG,2026-05-02,SSG,롯데,H,Final,Loss,5.0,7.0,문학,
20260502NCLG0_NC,2026-05-02,NC,LG,A,Final,Loss,5.0,13.0,잠실,
20260502NCLG0_LG,2026-05-02,LG,NC,H,Final,Win,13.0,5.0,잠실,
20260502HHSS0_한화,2026-05-02,한화,삼성,A,Final,Win,13.0,3.0,대구,
20260502HHSS0_삼성,2026-05-02,삼성,한화,H,Final,Loss,3.0,13.0,대구,
20260502KTHT0_KT,2026-05-02,KT,KIA,A,Final,Loss,0.0,6.0,광주,
20260502KTHT0_KIA,2026-05-02,KIA,KT,H,Final,Win,6.0,0.0,광주,
20260502OBWO0_두산,2026-05-02,두산,키움,A,Final,Loss,2.0,4.0,고척,
20260502OBWO0_키움,2026-05-02,키움,두산,H,Final,Win,4.0,2.0,고척,
20260503NCLG0_NC,2026-05-03,NC,LG,A,Final,Win,10.0,3.0,잠실,
20260503NCLG0_LG,2026-05-03,LG,NC,H,Final,Loss,3.0,10.0,잠실,
20260503HHSS0_한화,2026-05-03,한화,삼성,A,Final,Loss,6.0,7.0,대구,
20260503HHSS0_삼성,2026-05-03,삼성,한화,H,Final,Win,7.0,6.0,대구,
20260503LTSK0_롯데,2026-05-03,롯데,SSG,A,Final,Win,5.0,2.0,문학,
20260503LTSK0_SSG,2026-05-03,SSG,롯데,H,Final,Loss,2.0,5.0,문학,
20260503KTHT0_KT,2026-05-03,KT,KIA,A,Final,Win,6.0,4.0,광주,
20260503KTHT0_KIA,2026-05-03,KIA,KT,H,Final,Loss,4.0,6.0,광주,
20260503OBWO0_두산,2026-05-03,두산,키움,A,Final,Win,14.0,3.0,고척,
20260503OBWO0_키움,2026-05-03,키움,두산,H,Final,Loss,3.0,14.0,고척,
20260505OBLG0_두산,2026-05-05,두산,LG,A,Final,Loss,1.0,2.0,잠실,
20260505OBLG0_LG,2026-05-05,LG,두산,H,Final,Win,2.0,1.0,잠실,
20260505WOSS0_키움,2026-05-05,키움,삼성,A,Final,Loss,1.0,11.0,대구,
20260505WOSS0_삼성,2026-05-05,삼성,키움,H,Final,Win,11.0,1.0,대구,
20260505HHHT0_한화,2026-05-05,한화,KIA,A,Final,Loss,7.0,12.0,광주,
20260505HHHT0_KIA,2026-05-05,KIA,한화,H,Final,Win,12.0,7.0,광주,
20260505LTKT0_롯데,2026-05-05,롯데,KT,A,Final,Loss,4.0,5.0,수원,
20260505LTKT0_KT,2026-05-05,KT,롯데,H,Final,Win,5.0,4.0,수원,
20260506OBLG0_두산,2026-05-06,두산,LG,A,Final,Loss,1.0,6.0,잠실,
20260506OBLG0_LG,2026-05-06,LG,두산,H,Final,Win,6.0,1.0,잠실,
20260506WOSS0_키움,2026-05-06,키움,삼성,A,Final,Loss,1.0,2.0,대구,
20260506WOSS0_삼성,2026-05-06,삼성,키움,H,Final,Win,2.0,1.0,대구,
20260506NCSK0_NC,2026-05-06,NC,SSG,A,Final,Loss,6.0,7.0,문학,
20260506NCSK0_SSG,2026-05-06,SSG,NC,H,Final,Win,7.0,6.0,문학,
20260506HHHT0_한화,2026-05-06,한화,KIA,A,Final,Win,7.0,2.0,광주,
20260506HHHT0_KIA,2026-05-06,KIA,한화,H,Final,Loss,2.0,7.0,광주,
20260506LTKT0_롯데,2026-05-06,롯데,KT,A,Final,Win,8.0,1.0,수원,
20260506LTKT0_KT,2026-05-06,KT,롯데,H,Final,Loss,1.0,8.0,수원,
20260507OBLG0_두산,2026-05-07,두산,LG,A,Final,Win,3.0,2.0,잠실,
20260507OBLG0_LG,2026-05-07,LG,두산,H,Final,Loss,2.0,3.0,잠실,
20260507WOSS0_키움,2026-05-07,키움,삼성,A,Final,Loss,0.0,6.0,대구,
20260507WOSS0_삼성,2026-05-07,삼성,키움,H,Final,Win,6.0,0.0,대구,
20260507NCSK0_NC,2026-05-07,NC,SSG,A,Final,Win,10.0,5.0,문학,
20260507NCSK0_SSG,2026-05-07,SSG,NC,H,Final,Loss,5.0,10.0,문학,
20260507HHHT0_한화,2026-05-07,한화,KIA,A,Final,Win,11.0,8.0,광주,
20260507HHHT0_KIA,2026-05-07,KIA,한화,H,Final,Loss,8.0,11.0,광주,
20260508SKOB0_SSG,2026-05-08,SSG,두산,A,Final,Win,4.0,1.0,잠실,
20260508SKOB0_두산,2026-05-08,두산,SSG,H,Final,Loss,1.0,4.0,잠실,
20260508HTLT0_KIA,2026-05-08,KIA,롯데,A,Final,Win,8.0,2.0,사직,
20260508HTLT0_롯데,2026-05-08,롯데,KIA,H,Final,Loss,2.0,8.0,사직,
20260508SSNC0_삼성,2026-05-08,삼성,NC,A,Final,Win,4.0,3.0,창원,
20260508SSNC0_NC,2026-05-08,NC,삼성,H,Final,Loss,3.0,4.0,창원,
20260508LGHH0_LG,2026-05-08,LG,한화,A,Final,Win,9.0,8.0,대전,
20260508LGHH0_한화,2026-05-08,한화,LG,H,Final,Loss,8.0,9.0,대전,
20260508KTWO0_KT,2026-05-08,KT,키움,A,Final,Win,8.0,0.0,고척,
20260508KTWO0_키움,2026-05-08,키움,KT,H,Final,Loss,0.0,8.0,고척,
20260509LGHH0_LG,2026-05-09,LG,한화,A,Final,Loss,3.0,11.0,대전,
20260509LGHH0_한화,2026-05-09,한화,LG,H,Final,Win,11.0,3.0,대전,
20260509SKOB0_SSG,2026-05-09,SSG,두산,A,Final,Loss,4.0,9.0,잠실,
20260509SKOB0_두산,2026-05-09,두산,SSG,H,Final,Win,9.0,4.0,잠실,
20260509HTLT0_KIA,2026-05-09,KIA,롯데,A,Final,Win,3.0,1.0,사직,
20260509HTLT0_롯데,2026-05-09,롯데,KIA,H,Final,Loss,1.0,3.0,사직,
20260509SSNC0_삼성,2026-05-09,삼성,NC,A,Final,Win,5.0,4.0,창원,
20260509SSNC0_NC,2026-05-09,NC,삼성,H,Final,Loss,4.0,5.0,창원,
20260510SKOB0_SSG,2026-05-10,SSG,두산,A,Final,Loss,1.0,3.0,잠실,
20260510SKOB0_두산,2026-05-10,두산,SSG,H,Final,Win,3.0,1.0,잠실,
20260510HTLT0_KIA,2026-05-10,KIA,롯데,A,Final,Loss,3.0,7.0,사직,
20260510HTLT0_롯데,2026-05-10,롯데,KIA,H,Final,Win,7.0,3.0,사직,
20260510SSNC0_삼성,2026-05-10,삼성,NC,A,Final,Win,11.0,1.0,창원,
20260510SSNC0_NC,2026-05-10,NC,삼성,H,Final,Loss,1.0,11.0,창원,
20260510LGHH0_LG,2026-05-10,LG,한화,A,Final,Loss,3.0,9.0,대전,
20260510LGHH0_한화,2026-05-10,한화,LG,H,Final,Win,9.0,3.0,대전,
20260510KTWO0_KT,2026-05-10,KT,키움,A,Final,Loss,1.0,5.0,고척,
20260510KTWO0_키움,2026-05-10,키움,KT,H,Final,Win,5.0,1.0,고척,
20260512SSLG0_삼성,2026-05-12,삼성,LG,A,Final,Win,9.0,1.0,잠실,
20260512SSLG0_LG,2026-05-12,LG,삼성,H,Final,Loss,1.0,9.0,잠실,
20260512NCLT0_NC,2026-05-12,NC,롯데,A,Final,Win,8.0,1.0,사직,
20260512NCLT0_롯데,2026-05-12,롯데,NC,H,Final,Loss,1.0,8.0,사직,
20260512OBHT0_두산,2026-05-12,두산,KIA,A,Final,Win,5.0,1.0,광주,
20260512OBHT0_KIA,2026-05-12,KIA,두산,H,Final,Loss,1.0,5.0,광주,
20260512SKKT0_SSG,2026-05-12,SSG,KT,A,Final,Win,5.0,1.0,수원,
20260512SKKT0_KT,2026-05-12,KT,SSG,H,Final,Loss,1.0,5.0,수원,
20260512HHWO0_한화,2026-05-12,한화,키움,A,Final,Win,11.0,5.0,고척,
20260512HHWO0_키움,2026-05-12,키움,한화,H,Final,Loss,5.0,11.0,고척,
20260513SSLG0_삼성,2026-05-13,삼성,LG,A,Final,Loss,3.0,5.0,잠실,
20260513SSLG0_LG,2026-05-13,LG,삼성,H,Final,Win,5.0,3.0,잠실,
20260513NCLT0_NC,2026-05-13,NC,롯데,A,Final,Loss,5.0,10.0,사직,
20260513NCLT0_롯데,2026-05-13,롯데,NC,H,Final,Win,10.0,5.0,사직,
20260513OBHT0_두산,2026-05-13,두산,KIA,A,Final,Loss,2.0,9.0,광주,
20260513OBHT0_KIA,2026-05-13,KIA,두산,H,Final,Win,9.0,2.0,광주,
20260513SKKT0_SSG,2026-05-13,SSG,KT,A,Final,Loss,4.0,18.0,수원,
20260513SKKT0_KT,2026-05-13,KT,SSG,H,Final,Win,18.0,4.0,수원,
20260513HHWO0_한화,2026-05-13,한화,키움,A,Final,Loss,2.0,3.0,고척,
20260513HHWO0_키움,2026-05-13,키움,한화,H,Final,Win,3.0,2.0,고척,
20260514SSLG0_삼성,2026-05-14,삼성,LG,A,Final,Win,9.0,5.0,잠실,
20260514SSLG0_LG,2026-05-14,LG,삼성,H,Final,Loss,5.0,9.0,잠실,
20260514NCLT0_NC,2026-05-14,NC,롯데,A,Final,Win,5.0,4.0,사직,
20260514NCLT0_롯데,2026-05-14,롯데,NC,H,Final,Loss,4.0,5.0,사직,
20260514OBHT0_두산,2026-05-14,두산,KIA,A,Final,Loss,3.0,5.0,광주,
20260514OBHT0_KIA,2026-05-14,KIA,두산,H,Final,Win,5.0,3.0,광주,
20260514SKKT0_SSG,2026-05-14,SSG,KT,A,Final,Win,16.0,10.0,수원,
20260514SKKT0_KT,2026-05-14,KT,SSG,H,Final,Loss,10.0,16.0,수원,
20260514HHWO0_한화,2026-05-14,한화,키움,A,Final,Win,10.0,1.0,고척,
20260514HHWO0_키움,2026-05-14,키움,한화,H,Final,Loss,1.0,10.0,고척,
20260515LTOB0_롯데,2026-05-15,롯데,두산,A,Final,Win,6.0,5.0,잠실,
20260515LTOB0_두산,2026-05-15,두산,롯데,H,Final,Loss,5.0,6.0,잠실,
20260515HTSS0_KIA,2026-05-15,KIA,삼성,A,Final,Win,5.0,4.0,대구,
20260515HTSS0_삼성,2026-05-15,삼성,KIA,H,Final,Loss,4.0,5.0,대구,
20260515LGSK0_LG,2026-05-15,LG,SSG,A,Final,Win,8.0,7.0,문학,
20260515LGSK0_SSG,2026-05-15,SSG,LG,H,Final,Loss,7.0,8.0,문학,
20260515HHKT0_한화,2026-05-15,한화,KT,A,Final,Win,5.0,3.0,수원,
20260515HHKT0_KT,2026-05-15,KT,한화,H,Final,Loss,3.0,5.0,수원,
20260515WONC0_키움,2026-05-15,키움,NC,A,Final,Win,4.0,1.0,창원,
20260515WONC0_NC,2026-05-15,NC,키움,H,Final,Loss,1.0,4.0,창원,
20260516HHKT0_한화,2026-05-16,한화,KT,A,Final,Win,10.0,5.0,수원,
20260516HHKT0_KT,2026-05-16,KT,한화,H,Final,Loss,5.0,10.0,수원,
20260516LTOB0_롯데,2026-05-16,롯데,두산,A,Final,Loss,9.0,10.0,잠실,
20260516LTOB0_두산,2026-05-16,두산,롯데,H,Final,Win,10.0,9.0,잠실,
20260516HTSS0_KIA,2026-05-16,KIA,삼성,A,Final,Loss,2.0,5.0,대구,
20260516HTSS0_삼성,2026-05-16,삼성,KIA,H,Final,Win,5.0,2.0,대구,
20260516LGSK0_LG,2026-05-16,LG,SSG,A,Final,Loss,3.0,4.0,문학,
20260516LGSK0_SSG,2026-05-16,SSG,LG,H,Final,Win,4.0,3.0,문학,
20260516WONC0_키움,2026-05-16,키움,NC,A,Final,Loss,2.0,9.0,창원,
20260516WONC0_NC,2026-05-16,NC,키움,H,Final,Win,9.0,2.0,창원,
20260517LTOB0_롯데,2026-05-17,롯데,두산,A,Final,Loss,4.0,8.0,잠실,
20260517LTOB0_두산,2026-05-17,두산,롯데,H,Final,Win,8.0,4.0,잠실,
20260517HTSS0_KIA,2026-05-17,KIA,삼성,A,Final,Win,16.0,7.0,대구,
20260517HTSS0_삼성,2026-05-17,삼성,KIA,H,Final,Loss,7.0,16.0,대구,
20260517LGSK0_LG,2026-05-17,LG,SSG,A,Final,Win,6.0,4.0,문학,
20260517LGSK0_SSG,2026-05-17,SSG,LG,H,Final,Loss,4.0,6.0,문학,
20260517HHKT0_한화,2026-05-17,한화,KT,A,Final,Loss,7.0,8.0,수원,
20260517HHKT0_KT,2026-05-17,KT,한화,H,Final,Win,8.0,7.0,수원,
20260517WONC0_키움,2026-05-17,키움,NC,A,Final,Win,3.0,2.0,창원,
20260517WONC0_NC,2026-05-17,NC,키움,H,Final,Loss,2.0,3.0,창원,
20260519NCOB0_NC,2026-05-19,NC,두산,A,Final,Loss,3.0,9.0,잠실,
20260519NCOB0_두산,2026-05-19,두산,NC,H,Final,Win,9.0,3.0,잠실,
20260519LGHT0_LG,2026-05-19,LG,KIA,A,Final,Loss,0.0,14.0,광주,
20260519LGHT0_KIA,2026-05-19,KIA,LG,H,Final,Win,14.0,0.0,광주,
20260519LTHH0_롯데,2026-05-19,롯데,한화,A,Final,Win,6.0,4.0,대전,
20260519LTHH0_한화,2026-05-19,한화,롯데,H,Final,Loss,4.0,6.0,대전,
20260519SKWO0_SSG,2026-05-19,SSG,키움,A,Final,Loss,6.0,7.0,고척,
20260519SKWO0_키움,2026-05-19,키움,SSG,H,Final,Win,7.0,6.0,고척,
20260519KTSS0_KT,2026-05-19,KT,삼성,A,Final,Loss,2.0,10.0,포항,
20260519KTSS0_삼성,2026-05-19,삼성,KT,H,Final,Win,10.0,2.0,포항,
20260520SKWO0_SSG,2026-05-20,SSG,키움,A,Final,Loss,5.0,6.0,고척,
20260520SKWO0_키움,2026-05-20,키움,SSG,H,Final,Win,6.0,5.0,고척,
20260521NCOB0_NC,2026-05-21,NC,두산,A,Final,Loss,0.0,1.0,잠실,
20260521NCOB0_두산,2026-05-21,두산,NC,H,Final,Win,1.0,0.0,잠실,
20260521LGHT0_LG,2026-05-21,LG,KIA,A,Final,Win,5.0,3.0,광주,
20260521LGHT0_KIA,2026-05-21,KIA,LG,H,Final,Loss,3.0,5.0,광주,
20260521LTHH0_롯데,2026-05-21,롯데,한화,A,Final,Win,8.0,2.0,대전,
20260521LTHH0_한화,2026-05-21,한화,롯데,H,Final,Loss,2.0,8.0,대전,
20260521SKWO0_SSG,2026-05-21,SSG,키움,A,Final,Loss,0.0,6.0,고척,
20260521SKWO0_키움,2026-05-21,키움,SSG,H,Final,Win,6.0,0.0,고척,
20260521KTSS0_KT,2026-05-21,KT,삼성,A,Final,Loss,5.0,8.0,포항,
20260521KTSS0_삼성,2026-05-21,삼성,KT,H,Final,Win,8.0,5.0,포항,
20260522WOLG0_키움,2026-05-22,키움,LG,A,Final,Win,7.0,0.0,잠실,
20260522WOLG0_LG,2026-05-22,LG,키움,H,Final,Loss,0.0,7.0,잠실,
20260522SSLT0_삼성,2026-05-22,삼성,롯데,A,Final,Win,7.0,5.0,사직,
20260522SSLT0_롯데,2026-05-22,롯데,삼성,H,Final,Loss,5.0,7.0,사직,
20260522SKHT0_SSG,2026-05-22,SSG,KIA,A,Final,Loss,2.0,5.0,광주,
20260522SKHT0_KIA,2026-05-22,KIA,SSG,H,Final,Win,5.0,2.0,광주,
20260522NCKT0_NC,2026-05-22,NC,KT,A,Final,Loss,4.0,7.0,수원,
20260522NCKT0_KT,2026-05-22,KT,NC,H,Final,Win,7.0,4.0,수원,
20260522OBHH0_두산,2026-05-22,두산,한화,A,Final,Loss,3.0,5.0,대전,
20260522OBHH0_한화,2026-05-22,한화,두산,H,Final,Win,5.0,3.0,대전,
20260523WOLG0_키움,2026-05-23,키움,LG,A,Final,Loss,2.0,5.0,잠실,
20260523WOLG0_LG,2026-05-23,LG,키움,H,Final,Win,5.0,2.0,잠실,
20260523SSLT0_삼성,2026-05-23,삼성,롯데,A,Final,Loss,5.0,7.0,사직,
20260523SSLT0_롯데,2026-05-23,롯데,삼성,H,Final,Win,7.0,5.0,사직,
20260523SKHT0_SSG,2026-05-23,SSG,KIA,A,Final,Loss,4.0,5.0,광주,
20260523SKHT0_KIA,2026-05-23,KIA,SSG,H,Final,Win,5.0,4.0,광주,
20260523NCKT0_NC,2026-05-23,NC,KT,A,Final,Loss,5.0,10.0,수원,
20260523NCKT0_KT,2026-05-23,KT,NC,H,Final,Win,10.0,5.0,수원,
20260523OBHH0_두산,2026-05-23,두산,한화,A,Final,Loss,2.0,5.0,대전,
20260523OBHH0_한화,2026-05-23,한화,두산,H,Final,Win,5.0,2.0,대전,
20260524WOLG0_키움,2026-05-24,키움,LG,A,Final,Loss,4.0,6.0,잠실,
20260524WOLG0_LG,2026-05-24,LG,키움,H,Final,Win,6.0,4.0,잠실,
20260524SSLT0_삼성,2026-05-24,삼성,롯데,A,Final,Win,10.0,0.0,사직,
20260524SSLT0_롯데,2026-05-24,롯데,삼성,H,Final,Loss,0.0,10.0,사직,
20260524SKHT0_SSG,2026-05-24,SSG,KIA,A,Final,Loss,2.0,3.0,광주,
20260524SKHT0_KIA,2026-05-24,KIA,SSG,H,Final,Win,3.0,2.0,광주,
20260524NCKT0_NC,2026-05-24,NC,KT,A,Final,Win,8.0,5.0,수원,
20260524NCKT0_KT,2026-05-24,KT,NC,H,Final,Loss,5.0,8.0,수원,
20260524OBHH0_두산,2026-05-24,두산,한화,A,Final,Loss,2.0,5.0,대전,
20260524OBHH0_한화,2026-05-24,한화,두산,H,Final,Win,5.0,2.0,대전,
20260526KTOB0_KT,2026-05-26,KT,두산,A,Final,Win,6.0,0.0,잠실,
20260526KTOB0_두산,2026-05-26,두산,KT,H,Final,Loss,0.0,6.0,잠실,
20260526LGLT0_LG,2026-05-26,LG,롯데,A,Final,Win,2.0,1.0,사직,
20260526LGLT0_롯데,2026-05-26,롯데,LG,H,Final,Loss,1.0,2.0,사직,
20260526HTWO0_KIA,2026-05-26,KIA,키움,A,Final,Win,5.0,2.0,고척,
20260526HTWO0_키움,2026-05-26,키움,KIA,H,Final,Loss,2.0,5.0,고척,
20260527KTOB0_KT,2026-05-27,KT,두산,A,Final,Loss,0.0,5.0,잠실,
20260527KTOB0_두산,2026-05-27,두산,KT,H,Final,Win,5.0,0.0,잠실,
20260527LGLT0_LG,2026-05-27,LG,롯데,A,Final,Win,8.0,6.0,사직,
20260527LGLT0_롯데,2026-05-27,롯데,LG,H,Final,Loss,6.0,8.0,사직,
20260527SSSK0_삼성,2026-05-27,삼성,SSG,A,Final,Win,4.0,1.0,문학,
20260527SSSK0_SSG,2026-05-27,SSG,삼성,H,Final,Loss,1.0,4.0,문학,
20260527HHNC0_한화,2026-05-27,한화,NC,A,Final,Loss,4.0,6.0,창원,
20260527HHNC0_NC,2026-05-27,NC,한화,H,Final,Win,6.0,4.0,창원,
20260527HTWO0_KIA,2026-05-27,KIA,키움,A,Final,Win,9.0,2.0,고척,
20260527HTWO0_키움,2026-05-27,키움,KIA,H,Final,Loss,2.0,9.0,고척,
20260528KTOB0_KT,2026-05-28,KT,두산,A,Final,Win,11.0,3.0,잠실,
20260528KTOB0_두산,2026-05-28,두산,KT,H,Final,Loss,3.0,11.0,잠실,
20260528LGLT0_LG,2026-05-28,LG,롯데,A,Final,Loss,5.0,8.0,사직,
20260528LGLT0_롯데,2026-05-28,롯데,LG,H,Final,Win,8.0,5.0,사직,
20260528SSSK0_삼성,2026-05-28,삼성,SSG,A,Final,Win,10.0,1.0,문학,
20260528SSSK0_SSG,2026-05-28,SSG,삼성,H,Final,Loss,1.0,10.0,문학,
20260528HHNC0_한화,2026-05-28,한화,NC,A,Final,Win,18.0,7.0,창원,
20260528HHNC0_NC,2026-05-28,NC,한화,H,Final,Loss,7.0,18.0,창원,
20260528HTWO0_KIA,2026-05-28,KIA,키움,A,Final,Win,5.0,0.0,고척,
20260528HTWO0_키움,2026-05-28,키움,KIA,H,Final,Loss,0.0,5.0,고척,
20260529HTLG0_KIA,2026-05-29,KIA,LG,A,Final,Loss,2.0,12.0,잠실,
20260529HTLG0_LG,2026-05-29,LG,KIA,H,Final,Win,12.0,2.0,잠실,
20260529OBSS0_두산,2026-05-29,두산,삼성,A,Final,Win,9.0,7.0,대구,
20260529OBSS0_삼성,2026-05-29,삼성,두산,H,Final,Loss,7.0,9.0,대구,
20260529LTNC0_롯데,2026-05-29,롯데,NC,A,Final,Win,6.0,2.0,창원,
20260529LTNC0_NC,2026-05-29,NC,롯데,H,Final,Loss,2.0,6.0,창원,
20260529SKHH0_SSG,2026-05-29,SSG,한화,A,Final,Loss,3.0,4.0,대전,
20260529SKHH0_한화,2026-05-29,한화,SSG,H,Final,Win,4.0,3.0,대전,
20260529KTWO0_KT,2026-05-29,KT,키움,A,Final,Win,7.0,1.0,고척,
20260529KTWO0_키움,2026-05-29,키움,KT,H,Final,Loss,1.0,7.0,고척,
20260530OBSS0_두산,2026-05-30,두산,삼성,A,Final,Win,8.0,7.0,대구,
20260530OBSS0_삼성,2026-05-30,삼성,두산,H,Final,Loss,7.0,8.0,대구,
20260530HTLG0_KIA,2026-05-30,KIA,LG,A,Final,Loss,1.0,3.0,잠실,
20260530HTLG0_LG,2026-05-30,LG,KIA,H,Final,Win,3.0,1.0,잠실,
20260530LTNC0_롯데,2026-05-30,롯데,NC,A,Final,Loss,2.0,6.0,창원,
20260530LTNC0_NC,2026-05-30,NC,롯데,H,Final,Win,6.0,2.0,창원,
20260530SKHH0_SSG,2026-05-30,SSG,한화,A,Final,Loss,10.0,13.0,대전,
20260530SKHH0_한화,2026-05-30,한화,SSG,H,Final,Win,13.0,10.0,대전,
20260530KTWO0_KT,2026-05-30,KT,키움,A,Final,Win,8.0,7.0,고척,
20260530KTWO0_키움,2026-05-30,키움,KT,H,Final,Loss,7.0,8.0,고척,
20260531HTLG0_KIA,2026-05-31,KIA,LG,A,Final,Loss,3.0,5.0,잠실,
20260531HTLG0_LG,2026-05-31,LG,KIA,H,Final,Win,5.0,3.0,잠실,
20260531OBSS0_두산,2026-05-31,두산,삼성,A,Final,Loss,4.0,9.0,대구,
20260531OBSS0_삼성,2026-05-31,삼성,두산,H,Final,Win,9.0,4.0,대구,
20260531LTNC0_롯데,2026-05-31,롯데,NC,A,Final,Loss,2.0,8.0,창원,
20260531LTNC0_NC,2026-05-31,NC,롯데,H,Final,Win,8.0,2.0,창원,
20260531SKHH0_SSG,2026-05-31,SSG,한화,A,Final,Loss,2.0,6.0,대전,
20260531SKHH0_한화,2026-05-31,한화,SSG,H,Final,Win,6.0,2.0,대전,
20260531KTWO0_KT,2026-05-31,KT,키움,A,Final,Win,5.0,1.0,고척,
20260531KTWO0_키움,2026-05-31,키움,KT,H,Final,Loss,1.0,5.0,고척,
20260602HHOB0_한화,2026-06-02,한화,두산,A,Final,Loss,3.0,5.0,잠실,
20260602HHOB0_두산,2026-06-02,두산,한화,H,Final,Win,5.0,3.0,잠실,
20260602NCSS0_NC,2026-06-02,NC,삼성,A,Final,Loss,7.0,8.0,대구,
20260602NCSS0_삼성,2026-06-02,삼성,NC,H,Final,Win,8.0,7.0,대구,
20260602WOSK0_키움,2026-06-02,키움,SSG,A,Final,Win,12.0,6.0,문학,
20260602WOSK0_SSG,2026-06-02,SSG,키움,H,Final,Loss,6.0,12.0,문학,
20260602LTHT0_롯데,2026-06-02,롯데,KIA,A,Final,Loss,4.0,5.0,광주,
20260602LTHT0_KIA,2026-06-02,KIA,롯데,H,Final,Win,5.0,4.0,광주,
20260602LGKT0_LG,2026-06-02,LG,KT,A,Final,Win,10.0,1.0,수원,
20260602LGKT0_KT,2026-06-02,KT,LG,H,Final,Loss,1.0,10.0,수원,
20260603NCSS0_NC,2026-06-03,NC,삼성,A,Final,Win,6.0,4.0,대구,
20260603NCSS0_삼성,2026-06-03,삼성,NC,H,Final,Loss,4.0,6.0,대구,
20260603WOSK0_키움,2026-06-03,키움,SSG,A,Final,Loss,4.0,5.0,문학,
20260603WOSK0_SSG,2026-06-03,SSG,키움,H,Final,Win,5.0,4.0,문학,
20260603LTHT0_롯데,2026-06-03,롯데,KIA,A,Final,Win,8.0,3.0,광주,
20260603LTHT0_KIA,2026-06-03,KIA,롯데,H,Final,Loss,3.0,8.0,광주,
20260603LGKT0_LG,2026-06-03,LG,KT,A,Final,Loss,6.0,7.0,수원,
20260603LGKT0_KT,2026-06-03,KT,LG,H,Final,Win,7.0,6.0,수원,
20260604HHOB0_한화,2026-06-04,한화,두산,A,Final,Loss,1.0,3.0,잠실,
20260604HHOB0_두산,2026-06-04,두산,한화,H,Final,Win,3.0,1.0,잠실,
20260604NCSS0_NC,2026-06-04,NC,삼성,A,Final,Win,6.0,3.0,대구,
20260604NCSS0_삼성,2026-06-04,삼성,NC,H,Final,Loss,3.0,6.0,대구,
20260604WOSK0_키움,2026-06-04,키움,SSG,A,Final,Loss,6.0,7.0,문학,
20260604WOSK0_SSG,2026-06-04,SSG,키움,H,Final,Win,7.0,6.0,문학,
20260604LTHT0_롯데,2026-06-04,롯데,KIA,A,Final,Loss,0.0,10.0,광주,
20260604LTHT0_KIA,2026-06-04,KIA,롯데,H,Final,Win,10.0,0.0,광주,
20260604LGKT0_LG,2026-06-04,LG,KT,A,Final,Win,7.0,5.0,수원,
20260604LGKT0_KT,2026-06-04,KT,LG,H,Final,Loss,5.0,7.0,수원,
20260605WOOB0_키움,2026-06-05,키움,두산,A,Final,Loss,3.0,4.0,잠실,
20260605WOOB0_두산,2026-06-05,두산,키움,H,Final,Win,4.0,3.0,잠실,
20260605HHLT0_한화,2026-06-05,한화,롯데,A,Final,Win,9.0,2.0,사직,
20260605HHLT0_롯데,2026-06-05,롯데,한화,H,Final,Loss,2.0,9.0,사직,
20260605KTSK0_KT,2026-06-05,KT,SSG,A,Final,Loss,5.0,6.0,문학,
20260605KTSK0_SSG,2026-06-05,SSG,KT,H,Final,Win,6.0,5.0,문학,
20260605SSHT0_삼성,2026-06-05,삼성,KIA,A,Final,Loss,2.0,5.0,광주,
20260605SSHT0_KIA,2026-06-05,KIA,삼성,H,Final,Win,5.0,2.0,광주,
20260605LGNC0_LG,2026-06-05,LG,NC,A,Final,Win,5.0,4.0,창원,
20260605LGNC0_NC,2026-06-05,NC,LG,H,Final,Loss,4.0,5.0,창원,
20260606KTSK0_KT,2026-06-06,KT,SSG,A,Final,Win,7.0,3.0,문학,
20260606KTSK0_SSG,2026-06-06,SSG,KT,H,Final,Loss,3.0,7.0,문학,
20260606WOOB0_키움,2026-06-06,키움,두산,A,Final,Loss,1.0,9.0,잠실,
20260606WOOB0_두산,2026-06-06,두산,키움,H,Final,Win,9.0,1.0,잠실,
20260606HHLT0_한화,2026-06-06,한화,롯데,A,Final,Win,7.0,2.0,사직,
20260606HHLT0_롯데,2026-06-06,롯데,한화,H,Final,Loss,2.0,7.0,사직,
20260606SSHT0_삼성,2026-06-06,삼성,KIA,A,Final,Win,3.0,2.0,광주,
20260606SSHT0_KIA,2026-06-06,KIA,삼성,H,Final,Loss,2.0,3.0,광주,
20260606LGNC0_LG,2026-06-06,LG,NC,A,Final,Loss,5.0,8.0,창원,
20260606LGNC0_NC,2026-06-06,NC,LG,H,Final,Win,8.0,5.0,창원,
20260607WOOB0_키움,2026-06-07,키움,두산,A,Final,Win,4.0,1.0,잠실,
20260607WOOB0_두산,2026-06-07,두산,키움,H,Final,Loss,1.0,4.0,잠실,
20260607HHLT0_한화,2026-06-07,한화,롯데,A,Final,Win,9.0,8.0,사직,
20260607HHLT0_롯데,2026-06-07,롯데,한화,H,Final,Loss,8.0,9.0,사직,
20260607KTSK0_KT,2026-06-07,KT,SSG,A,Final,Loss,0.0,7.0,문학,
20260607KTSK0_SSG,2026-06-07,SSG,KT,H,Final,Win,7.0,0.0,문학,
20260607SSHT0_삼성,2026-06-07,삼성,KIA,A,Final,Loss,6.0,7.0,광주,
20260607SSHT0_KIA,2026-06-07,KIA,삼성,H,Final,Win,7.0,6.0,광주,
20260607LGNC0_LG,2026-06-07,LG,NC,A,Final,Loss,6.0,7.0,창원,
20260607LGNC0_NC,2026-06-07,NC,LG,H,Final,Win,7.0,6.0,창원,
20260609SKLG0_SSG,2026-06-09,SSG,LG,A,Final,Loss,2.0,8.0,잠실,
20260609SKLG0_LG,2026-06-09,LG,SSG,H,Final,Win,8.0,2.0,잠실,
20260609OBLT0_두산,2026-06-09,두산,롯데,A,Final,Win,6.0,5.0,사직,
20260609OBLT0_롯데,2026-06-09,롯데,두산,H,Final,Loss,5.0,6.0,사직,
20260609SSKT0_삼성,2026-06-09,삼성,KT,A,Final,Loss,2.0,5.0,수원,
20260609SSKT0_KT,2026-06-09,KT,삼성,H,Final,Win,5.0,2.0,수원,
20260609HTHH0_KIA,2026-06-09,KIA,한화,A,Final,Win,6.0,4.0,대전,
20260609HTHH0_한화,2026-06-09,한화,KIA,H,Final,Loss,4.0,6.0,대전,
20260609NCWO0_NC,2026-06-09,NC,키움,A,Final,Loss,6.0,7.0,고척,
20260609NCWO0_키움,2026-06-09,키움,NC,H,Final,Win,7.0,6.0,고척,
20260610SKLG0_SSG,2026-06-10,SSG,LG,A,Final,Loss,6.0,8.0,잠실,
20260610SKLG0_LG,2026-06-10,LG,SSG,H,Final,Win,8.0,6.0,잠실,
20260610OBLT0_두산,2026-06-10,두산,롯데,A,Final,Loss,1.0,3.0,사직,
20260610OBLT0_롯데,2026-06-10,롯데,두산,H,Final,Win,3.0,1.0,사직,
20260610SSKT0_삼성,2026-06-10,삼성,KT,A,Final,Loss,3.0,4.0,수원,
20260610SSKT0_KT,2026-06-10,KT,삼성,H,Final,Win,4.0,3.0,수원,
20260610HTHH0_KIA,2026-06-10,KIA,한화,A,Final,Loss,3.0,4.0,대전,
20260610HTHH0_한화,2026-06-10,한화,KIA,H,Final,Win,4.0,3.0,대전,
20260610NCWO0_NC,2026-06-10,NC,키움,A,Final,Win,4.0,2.0,고척,
20260610NCWO0_키움,2026-06-10,키움,NC,H,Final,Loss,2.0,4.0,고척,
20260611SKLG0_SSG,2026-06-11,SSG,LG,A,Final,Loss,1.0,15.0,잠실,
20260611SKLG0_LG,2026-06-11,LG,SSG,H,Final,Win,15.0,1.0,잠실,
20260611OBLT0_두산,2026-06-11,두산,롯데,A,Final,Win,12.0,7.0,사직,
20260611OBLT0_롯데,2026-06-11,롯데,두산,H,Final,Loss,7.0,12.0,사직,
20260611SSKT0_삼성,2026-06-11,삼성,KT,A,Final,Win,8.0,1.0,수원,
20260611SSKT0_KT,2026-06-11,KT,삼성,H,Final,Loss,1.0,8.0,수원,
20260611HTHH0_KIA,2026-06-11,KIA,한화,A,Final,Loss,1.0,5.0,대전,
20260611HTHH0_한화,2026-06-11,한화,KIA,H,Final,Win,5.0,1.0,대전,
20260611NCWO0_NC,2026-06-11,NC,키움,A,Final,Win,3.0,2.0,고척,
20260611NCWO0_키움,2026-06-11,키움,NC,H,Final,Loss,2.0,3.0,고척,
20260612LTLG0_롯데,2026-06-12,롯데,LG,A,Final,Win,16.0,5.0,잠실,
20260612LTLG0_LG,2026-06-12,LG,롯데,H,Final,Loss,5.0,16.0,잠실,
20260612SKSS0_SSG,2026-06-12,SSG,삼성,A,Final,Win,5.0,3.0,대구,
20260612SKSS0_삼성,2026-06-12,삼성,SSG,H,Final,Loss,3.0,5.0,대구,
20260612OBHT0_두산,2026-06-12,두산,KIA,A,Final,Win,4.0,2.0,광주,
20260612OBHT0_KIA,2026-06-12,KIA,두산,H,Final,Loss,2.0,4.0,광주,
20260612NCKT0_NC,2026-06-12,NC,KT,A,Final,Loss,2.0,3.0,수원,
20260612NCKT0_KT,2026-06-12,KT,NC,H,Final,Win,3.0,2.0,수원,
20260612HHWO0_한화,2026-06-12,한화,키움,A,Final,Loss,3.0,4.0,고척,
20260612HHWO0_키움,2026-06-12,키움,한화,H,Final,Win,4.0,3.0,고척,
20260613LTLG0_롯데,2026-06-13,롯데,LG,A,Final,Loss,3.0,5.0,잠실,
20260613LTLG0_LG,2026-06-13,LG,롯데,H,Final,Win,5.0,3.0,잠실,
20260613SKSS0_SSG,2026-06-13,SSG,삼성,A,Final,Loss,6.0,7.0,대구,
20260613SKSS0_삼성,2026-06-13,삼성,SSG,H,Final,Win,7.0,6.0,대구,
20260613OBHT0_두산,2026-06-13,두산,KIA,A,Final,Loss,1.0,2.0,광주,
20260613OBHT0_KIA,2026-06-13,KIA,두산,H,Final,Win,2.0,1.0,광주,
20260613NCKT0_NC,2026-06-13,NC,KT,A,Final,Loss,9.0,11.0,수원,
20260613NCKT0_KT,2026-06-13,KT,NC,H,Final,Win,11.0,9.0,수원,
20260613HHWO0_한화,2026-06-13,한화,키움,A,Final,Loss,1.0,3.0,고척,
20260613HHWO0_키움,2026-06-13,키움,한화,H,Final,Win,3.0,1.0,고척,
20260614HHWO0_한화,2026-06-14,한화,키움,A,Final,Loss,2.0,3.0,고척,
20260614HHWO0_키움,2026-06-14,키움,한화,H,Final,Win,3.0,2.0,고척,
20260614LTLG0_롯데,2026-06-14,롯데,LG,A,Final,Loss,1.0,6.0,잠실,
20260614LTLG0_LG,2026-06-14,LG,롯데,H,Final,Win,6.0,1.0,잠실,
20260614SKSS0_SSG,2026-06-14,SSG,삼성,A,Final,Loss,8.0,10.0,대구,
20260614SKSS0_삼성,2026-06-14,삼성,SSG,H,Final,Win,10.0,8.0,대구,
20260614OBHT0_두산,2026-06-14,두산,KIA,A,Final,Win,8.0,1.0,광주,
20260614OBHT0_KIA,2026-06-14,KIA,두산,H,Final,Loss,1.0,8.0,광주,
20260616KTOB0_KT,2026-06-16,KT,두산,A,Final,Win,6.0,2.0,잠실,
20260616KTOB0_두산,2026-06-16,두산,KT,H,Final,Loss,2.0,6.0,잠실,
20260616WOSS0_키움,2026-06-16,키움,삼성,A,Final,Loss,1.0,4.0,대구,
20260616WOSS0_삼성,2026-06-16,삼성,키움,H,Final,Win,4.0,1.0,대구,
20260616LTSK0_롯데,2026-06-16,롯데,SSG,A,Final,Win,10.0,6.0,문학,
20260616LTSK0_SSG,2026-06-16,SSG,롯데,H,Final,Loss,6.0,10.0,문학,
20260616LGHT0_LG,2026-06-16,LG,KIA,A,Final,Win,8.0,2.0,광주,
20260616LGHT0_KIA,2026-06-16,KIA,LG,H,Final,Loss,2.0,8.0,광주,
20260616HHNC0_한화,2026-06-16,한화,NC,A,Final,Loss,5.0,6.0,창원,
20260616HHNC0_NC,2026-06-16,NC,한화,H,Final,Win,6.0,5.0,창원,
20260617KTOB0_KT,2026-06-17,KT,두산,A,Final,Win,8.0,1.0,잠실,
20260617KTOB0_두산,2026-06-17,두산,KT,H,Final,Loss,1.0,8.0,잠실,
20260617WOSS0_키움,2026-06-17,키움,삼성,A,Final,Loss,0.0,1.0,대구,
20260617WOSS0_삼성,2026-06-17,삼성,키움,H,Final,Win,1.0,0.0,대구,
20260617LTSK0_롯데,2026-06-17,롯데,SSG,A,Final,Win,2.0,1.0,문학,
20260617LTSK0_SSG,2026-06-17,SSG,롯데,H,Final,Loss,1.0,2.0,문학,
20260617LGHT0_LG,2026-06-17,LG,KIA,A,Final,Loss,4.0,5.0,광주,
20260617LGHT0_KIA,2026-06-17,KIA,LG,H,Final,Win,5.0,4.0,광주,
20260617HHNC0_한화,2026-06-17,한화,NC,A,Final,Loss,4.0,5.0,창원,
20260617HHNC0_NC,2026-06-17,NC,한화,H,Final,Win,5.0,4.0,창원,
20260618KTOB0_KT,2026-06-18,KT,두산,A,Final,Loss,1.0,2.0,잠실,
20260618KTOB0_두산,2026-06-18,두산,KT,H,Final,Win,2.0,1.0,잠실,
20260618WOSS0_키움,2026-06-18,키움,삼성,A,Final,Loss,3.0,4.0,대구,
20260618WOSS0_삼성,2026-06-18,삼성,키움,H,Final,Win,4.0,3.0,대구,
20260618LGHT0_LG,2026-06-18,LG,KIA,A,Final,Loss,2.0,4.0,광주,
20260618LGHT0_KIA,2026-06-18,KIA,LG,H,Final,Win,4.0,2.0,광주,
20260618HHNC0_한화,2026-06-18,한화,NC,A,Final,Loss,0.0,6.0,창원,
20260618HHNC0_NC,2026-06-18,NC,한화,H,Final,Win,6.0,0.0,창원,
20260619OBLG0_두산,2026-06-19,두산,LG,A,Final,Loss,2.0,3.0,잠실,
20260619OBLG0_LG,2026-06-19,LG,두산,H,Final,Win,3.0,2.0,잠실,
20260619HTKT0_KIA,2026-06-19,KIA,KT,A,Final,Win,11.0,3.0,수원,
20260619HTKT0_KT,2026-06-19,KT,KIA,H,Final,Loss,3.0,11.0,수원,
20260619SKNC0_SSG,2026-06-19,SSG,NC,A,Final,Loss,3.0,9.0,창원,
20260619SKNC0_NC,2026-06-19,NC,SSG,H,Final,Win,9.0,3.0,창원,
20260619LTWO0_롯데,2026-06-19,롯데,키움,A,Final,Win,2.0,1.0,고척,
20260619LTWO0_키움,2026-06-19,키움,롯데,H,Final,Loss,1.0,2.0,고척,
20260620OBLG0_두산,2026-06-20,두산,LG,A,Final,Loss,2.0,4.0,잠실,
20260620OBLG0_LG,2026-06-20,LG,두산,H,Final,Win,4.0,2.0,잠실,
20260620HTKT0_KIA,2026-06-20,KIA,KT,A,Final,Loss,9.0,10.0,수원,
20260620HTKT0_KT,2026-06-20,KT,KIA,H,Final,Win,10.0,9.0,수원,
20260620SKNC0_SSG,2026-06-20,SSG,NC,A,Final,Win,12.0,5.0,창원,
20260620SKNC0_NC,2026-06-20,NC,SSG,H,Final,Loss,5.0,12.0,창원,
20260620SSHH0_삼성,2026-06-20,삼성,한화,A,Final,Loss,4.0,10.0,대전,
20260620SSHH0_한화,2026-06-20,한화,삼성,H,Final,Win,10.0,4.0,대전,
20260620LTWO0_롯데,2026-06-20,롯데,키움,A,Final,Win,7.0,1.0,고척,
20260620LTWO0_키움,2026-06-20,키움,롯데,H,Final,Loss,1.0,7.0,고척,
20260621LTWO0_롯데,2026-06-21,롯데,키움,A,Final,Win,6.0,3.0,고척,
20260621LTWO0_키움,2026-06-21,키움,롯데,H,Final,Loss,3.0,6.0,고척,
20260621OBLG0_두산,2026-06-21,두산,LG,A,Final,Loss,3.0,9.0,잠실,
20260621OBLG0_LG,2026-06-21,LG,두산,H,Final,Win,9.0,3.0,잠실,
20260621HTKT0_KIA,2026-06-21,KIA,KT,A,Final,Win,11.0,5.0,수원,
20260621HTKT0_KT,2026-06-21,KT,KIA,H,Final,Loss,5.0,11.0,수원,
20260621SKNC0_SSG,2026-06-21,SSG,NC,A,Final,Win,7.0,3.0,창원,
20260621SKNC0_NC,2026-06-21,NC,SSG,H,Final,Loss,3.0,7.0,창원,
20260621SSHH0_삼성,2026-06-21,삼성,한화,A,Final,Win,3.0,1.0,대전,
20260621SSHH0_한화,2026-06-21,한화,삼성,H,Final,Loss,1.0,3.0,대전,
20260623SSLG0_삼성,2026-06-23,삼성,LG,A,Final,Loss,3.0,4.0,잠실,
20260623SSLG0_LG,2026-06-23,LG,삼성,H,Final,Win,4.0,3.0,잠실,
20260623NCLT0_NC,2026-06-23,NC,롯데,A,Final,Loss,2.0,3.0,사직,
20260623NCLT0_롯데,2026-06-23,롯데,NC,H,Final,Win,3.0,2.0,사직,
20260623SKKT0_SSG,2026-06-23,SSG,KT,A,Final,Loss,2.0,13.0,수원,
20260623SKKT0_KT,2026-06-23,KT,SSG,H,Final,Win,13.0,2.0,수원,
20260623OBHH0_두산,2026-06-23,두산,한화,A,Final,Loss,2.0,3.0,대전,
20260623OBHH0_한화,2026-06-23,한화,두산,H,Final,Win,3.0,2.0,대전,
20260623HTWO0_KIA,2026-06-23,KIA,키움,A,Final,Win,7.0,3.0,고척,
20260623HTWO0_키움,2026-06-23,키움,KIA,H,Final,Loss,3.0,7.0,고척,
20260624SSLG0_삼성,2026-06-24,삼성,LG,A,Final,Loss,0.0,2.0,잠실,
20260624SSLG0_LG,2026-06-24,LG,삼성,H,Final,Win,2.0,0.0,잠실,
20260624NCLT0_NC,2026-06-24,NC,롯데,A,Final,Loss,3.0,5.0,사직,
20260624NCLT0_롯데,2026-06-24,롯데,NC,H,Final,Win,5.0,3.0,사직,
20260624SKKT0_SSG,2026-06-24,SSG,KT,A,Final,Win,5.0,4.0,수원,
20260624SKKT0_KT,2026-06-24,KT,SSG,H,Final,Loss,4.0,5.0,수원,
20260624OBHH0_두산,2026-06-24,두산,한화,A,Final,Win,7.0,2.0,대전,
20260624OBHH0_한화,2026-06-24,한화,두산,H,Final,Loss,2.0,7.0,대전,
20260624HTWO0_KIA,2026-06-24,KIA,키움,A,Final,Win,10.0,3.0,고척,
20260624HTWO0_키움,2026-06-24,키움,KIA,H,Final,Loss,3.0,10.0,고척,
20260625SSLG0_삼성,2026-06-25,삼성,LG,A,Final,Win,13.0,6.0,잠실,
20260625SSLG0_LG,2026-06-25,LG,삼성,H,Final,Loss,6.0,13.0,잠실,
20260625NCLT0_NC,2026-06-25,NC,롯데,A,Final,Win,8.0,2.0,사직,
20260625NCLT0_롯데,2026-06-25,롯데,NC,H,Final,Loss,2.0,8.0,사직,
20260625SKKT0_SSG,2026-06-25,SSG,KT,A,Final,Loss,7.0,12.0,수원,
20260625SKKT0_KT,2026-06-25,KT,SSG,H,Final,Win,12.0,7.0,수원,
20260625OBHH0_두산,2026-06-25,두산,한화,A,Final,Win,5.0,3.0,대전,
20260625OBHH0_한화,2026-06-25,한화,두산,H,Final,Loss,3.0,5.0,대전,
20260625HTWO0_KIA,2026-06-25,KIA,키움,A,Final,Win,9.0,4.0,고척,
20260625HTWO0_키움,2026-06-25,키움,KIA,H,Final,Loss,4.0,9.0,고척,
20260626HTOB0_KIA,2026-06-26,KIA,두산,A,Final,Loss,2.0,3.0,잠실,
20260626HTOB0_두산,2026-06-26,두산,KIA,H,Final,Win,3.0,2.0,잠실,
20260626KTSS0_KT,2026-06-26,KT,삼성,A,Final,Loss,1.0,9.0,대구,
20260626KTSS0_삼성,2026-06-26,삼성,KT,H,Final,Win,9.0,1.0,대구,
20260626LGLT0_LG,2026-06-26,LG,롯데,A,Final,Loss,2.0,3.0,사직,
20260626LGLT0_롯데,2026-06-26,롯데,LG,H,Final,Win,3.0,2.0,사직,
20260626HHSK0_한화,2026-06-26,한화,SSG,A,Final,Win,9.0,2.0,문학,
20260626HHSK0_SSG,2026-06-26,SSG,한화,H,Final,Loss,2.0,9.0,문학,
20260626WONC0_키움,2026-06-26,키움,NC,A,Final,Loss,4.0,11.0,창원,
20260626WONC0_NC,2026-06-26,NC,키움,H,Final,Win,11.0,4.0,창원,
20260627HTOB0_KIA,2026-06-27,KIA,두산,A,Final,Loss,1.0,8.0,잠실,
20260627HTOB0_두산,2026-06-27,두산,KIA,H,Final,Win,8.0,1.0,잠실,
20260627KTSS0_KT,2026-06-27,KT,삼성,A,Final,Loss,3.0,4.0,대구,
20260627KTSS0_삼성,2026-06-27,삼성,KT,H,Final,Win,4.0,3.0,대구,
20260627LGLT0_LG,2026-06-27,LG,롯데,A,Final,Win,8.0,7.0,사직,
20260627LGLT0_롯데,2026-06-27,롯데,LG,H,Final,Loss,7.0,8.0,사직,
20260627HHSK0_한화,2026-06-27,한화,SSG,A,Final,Win,8.0,1.0,문학,
20260627HHSK0_SSG,2026-06-27,SSG,한화,H,Final,Loss,1.0,8.0,문학,
20260627WONC0_키움,2026-06-27,키움,NC,A,Final,Win,3.0,1.0,창원,
20260627WONC0_NC,2026-06-27,NC,키움,H,Final,Loss,1.0,3.0,창원,
20260628HTOB0_KIA,2026-06-28,KIA,두산,A,Final,Win,12.0,1.0,잠실,
20260628HTOB0_두산,2026-06-28,두산,KIA,H,Final,Loss,1.0,12.0,잠실,
20260628KTSS0_KT,2026-06-28,KT,삼성,A,Final,Loss,4.0,7.0,대구,
20260628KTSS0_삼성,2026-06-28,삼성,KT,H,Final,Win,7.0,4.0,대구,
20260628LGLT0_LG,2026-06-28,LG,롯데,A,Final,Loss,9.0,11.0,사직,
20260628LGLT0_롯데,2026-06-28,롯데,LG,H,Final,Win,11.0,9.0,사직,
20260628HHSK0_한화,2026-06-28,한화,SSG,A,Final,Win,6.0,3.0,문학,
20260628HHSK0_SSG,2026-06-28,SSG,한화,H,Final,Loss,3.0,6.0,문학,
20260628WONC0_키움,2026-06-28,키움,NC,A,Final,Loss,2.0,9.0,창원,
20260628WONC0_NC,2026-06-28,NC,키움,H,Final,Win,9.0,2.0,창원,
20260630LTOB0_롯데,2026-06-30,롯데,두산,A,Final,Loss,0.0,5.0,잠실,
20260630LTOB0_두산,2026-06-30,두산,롯데,H,Final,Win,5.0,0.0,잠실,
20260630SKHT0_SSG,2026-06-30,SSG,KIA,A,Final,Loss,3.0,10.0,광주,
20260630SKHT0_KIA,2026-06-30,KIA,SSG,H,Final,Win,10.0,3.0,광주,
20260630SSNC0_삼성,2026-06-30,삼성,NC,A,Final,Win,13.0,7.0,창원,
20260630SSNC0_NC,2026-06-30,NC,삼성,H,Final,Loss,7.0,13.0,창원,
20260630LGWO0_LG,2026-06-30,LG,키움,A,Final,Loss,0.0,6.0,고척,
20260630LGWO0_키움,2026-06-30,키움,LG,H,Final,Win,6.0,0.0,고척,
20260701LTOB0_롯데,2026-07-01,롯데,두산,A,Final,Win,5.0,2.0,잠실,
20260701LTOB0_두산,2026-07-01,두산,롯데,H,Final,Loss,2.0,5.0,잠실,
20260701SSNC0_삼성,2026-07-01,삼성,NC,A,Final,Loss,5.0,10.0,창원,
20260701SSNC0_NC,2026-07-01,NC,삼성,H,Final,Win,10.0,5.0,창원,
20260701KTHH0_KT,2026-07-01,KT,한화,A,Final,Win,7.0,4.0,대전,
20260701KTHH0_한화,2026-07-01,한화,KT,H,Final,Loss,4.0,7.0,대전,
20260701LGWO0_LG,2026-07-01,LG,키움,A,Final,Win,10.0,4.0,고척,
20260701LGWO0_키움,2026-07-01,키움,LG,H,Final,Loss,4.0,10.0,고척,
20260702LTOB0_롯데,2026-07-02,롯데,두산,A,Final,Loss,3.0,8.0,잠실,
20260702LTOB0_두산,2026-07-02,두산,롯데,H,Final,Win,8.0,3.0,잠실,
20260702SKHT0_SSG,2026-07-02,SSG,KIA,A,Final,Loss,7.0,8.0,광주,
20260702SKHT0_KIA,2026-07-02,KIA,SSG,H,Final,Win,8.0,7.0,광주,
20260702SSNC0_삼성,2026-07-02,삼성,NC,A,Final,Win,6.0,1.0,창원,
20260702SSNC0_NC,2026-07-02,NC,삼성,H,Final,Loss,1.0,6.0,창원,
20260702KTHH0_KT,2026-07-02,KT,한화,A,Final,Loss,3.0,14.0,대전,
20260702KTHH0_한화,2026-07-02,한화,KT,H,Final,Win,14.0,3.0,대전,
20260702LGWO0_LG,2026-07-02,LG,키움,A,Final,Win,7.0,5.0,고척,
20260702LGWO0_키움,2026-07-02,키움,LG,H,Final,Loss,5.0,7.0,고척,
20260703HHLG0_한화,2026-07-03,한화,LG,A,Final,Win,8.0,1.0,잠실,
20260703HHLG0_LG,2026-07-03,LG,한화,H,Final,Loss,1.0,8.0,잠실,
20260703SSSK0_삼성,2026-07-03,삼성,SSG,A,Final,Win,6.0,4.0,문학,
20260703SSSK0_SSG,2026-07-03,SSG,삼성,H,Final,Loss,4.0,6.0,문학,
20260703NCHT0_NC,2026-07-03,NC,KIA,A,Final,Win,11.0,3.0,광주,
20260703NCHT0_KIA,2026-07-03,KIA,NC,H,Final,Loss,3.0,11.0,광주,
20260703LTKT0_롯데,2026-07-03,롯데,KT,A,Final,Win,4.0,0.0,수원,
20260703LTKT0_KT,2026-07-03,KT,롯데,H,Final,Loss,0.0,4.0,수원,
20260703OBWO0_두산,2026-07-03,두산,키움,A,Final,Loss,5.0,6.0,고척,
20260703OBWO0_키움,2026-07-03,키움,두산,H,Final,Win,6.0,5.0,고척,
20260704HHLG0_한화,2026-07-04,한화,LG,A,Final,Loss,3.0,5.0,잠실,
20260704HHLG0_LG,2026-07-04,LG,한화,H,Final,Win,5.0,3.0,잠실,
20260704SSSK0_삼성,2026-07-04,삼성,SSG,A,Final,Win,13.0,7.0,문학,
20260704SSSK0_SSG,2026-07-04,SSG,삼성,H,Final,Loss,7.0,13.0,문학,
20260704NCHT0_NC,2026-07-04,NC,KIA,A,Final,Win,5.0,4.0,광주,
20260704NCHT0_KIA,2026-07-04,KIA,NC,H,Final,Loss,4.0,5.0,광주,
20260704LTKT0_롯데,2026-07-04,롯데,KT,A,Final,Win,4.0,1.0,수원,
20260704LTKT0_KT,2026-07-04,KT,롯데,H,Final,Loss,1.0,4.0,수원,
20260704OBWO0_두산,2026-07-04,두산,키움,A,Final,Win,8.0,5.0,고척,
20260704OBWO0_키움,2026-07-04,키움,두산,H,Final,Loss,5.0,8.0,고척,
20260705OBWO0_두산,2026-07-05,두산,키움,A,Final,Win,8.0,1.0,고척,
20260705OBWO0_키움,2026-07-05,키움,두산,H,Final,Loss,1.0,8.0,고척,
20260705SSSK0_삼성,2026-07-05,삼성,SSG,A,Final,Win,13.0,3.0,문학,
20260705SSSK0_SSG,2026-07-05,SSG,삼성,H,Final,Loss,3.0,13.0,문학,
20260705LTKT0_롯데,2026-07-05,롯데,KT,A,Final,Loss,2.0,4.0,수원,
20260705LTKT0_KT,2026-07-05,KT,롯데,H,Final,Win,4.0,2.0,수원,
20260707SKOB0_SSG,2026-07-07,SSG,두산,A,Final,Win,4.0,2.0,잠실,
20260707SKOB0_두산,2026-07-07,두산,SSG,H,Final,Loss,2.0,4.0,잠실,
20260707LGSS0_LG,2026-07-07,LG,삼성,A,Final,Loss,2.0,9.0,대구,
20260707LGSS0_삼성,2026-07-07,삼성,LG,H,Final,Win,9.0,2.0,대구,
20260707HTLT0_KIA,2026-07-07,KIA,롯데,A,Final,Loss,2.0,10.0,사직,
20260707HTLT0_롯데,2026-07-07,롯데,KIA,H,Final,Win,10.0,2.0,사직,
20260707WOKT0_키움,2026-07-07,키움,KT,A,Final,Loss,0.0,3.0,수원,
20260707WOKT0_KT,2026-07-07,KT,키움,H,Final,Win,3.0,0.0,수원,
20260707NCHH0_NC,2026-07-07,NC,한화,A,Final,Win,9.0,6.0,대전,
20260707NCHH0_한화,2026-07-07,한화,NC,H,Final,Loss,6.0,9.0,대전,
20260708SKOB0_SSG,2026-07-08,SSG,두산,A,Final,Loss,3.0,7.0,잠실,
20260708SKOB0_두산,2026-07-08,두산,SSG,H,Final,Win,7.0,3.0,잠실,
20260708LGSS0_LG,2026-07-08,LG,삼성,A,Final,Win,8.0,2.0,대구,
20260708LGSS0_삼성,2026-07-08,삼성,LG,H,Final,Loss,2.0,8.0,대구,
20260708HTLT0_KIA,2026-07-08,KIA,롯데,A,Final,Loss,3.0,11.0,사직,
20260708HTLT0_롯데,2026-07-08,롯데,KIA,H,Final,Win,11.0,3.0,사직,
20260708WOKT0_키움,2026-07-08,키움,KT,A,Final,Loss,3.0,7.0,수원,
20260708WOKT0_KT,2026-07-08,KT,키움,H,Final,Win,7.0,3.0,수원,
20260709SKOB0_SSG,2026-07-09,SSG,두산,A,Final,Loss,0.0,7.0,잠실,
20260709SKOB0_두산,2026-07-09,두산,SSG,H,Final,Win,7.0,0.0,잠실,
20260709LGSS0_LG,2026-07-09,LG,삼성,A,Final,Loss,5.0,6.0,대구,
20260709LGSS0_삼성,2026-07-09,삼성,LG,H,Final,Win,6.0,5.0,대구,
20260709HTLT0_KIA,2026-07-09,KIA,롯데,A,Final,Win,5.0,2.0,사직,
20260709HTLT0_롯데,2026-07-09,롯데,KIA,H,Final,Loss,2.0,5.0,사직,
20260709NCHH0_NC,2026-07-09,NC,한화,A,Final,Loss,4.0,6.0,대전,
20260709NCHH0_한화,2026-07-09,한화,NC,H,Final,Win,6.0,4.0,대전,
20260716KTLG0_KT,2026-07-16,KT,LG,A,Final,Win,4.0,3.0,잠실,
20260716KTLG0_LG,2026-07-16,LG,KT,H,Final,Loss,3.0,4.0,잠실,
20260716LTSS0_롯데,2026-07-16,롯데,삼성,A,Final,Loss,1.0,4.0,대구,
20260716LTSS0_삼성,2026-07-16,삼성,롯데,H,Final,Win,4.0,1.0,대구,
20260716HTSK0_KIA,2026-07-16,KIA,SSG,A,Final,Loss,0.0,6.0,문학,
20260716HTSK0_SSG,2026-07-16,SSG,KIA,H,Final,Win,6.0,0.0,문학,
20260716OBNC0_두산,2026-07-16,두산,NC,A,Final,Loss,2.0,4.0,창원,
20260716OBNC0_NC,2026-07-16,NC,두산,H,Final,Win,4.0,2.0,창원,
20260716WOHH0_키움,2026-07-16,키움,한화,A,Final,Win,14.0,5.0,대전,
20260716WOHH0_한화,2026-07-16,한화,키움,H,Final,Loss,5.0,14.0,대전,
20260717KTLG0_KT,2026-07-17,KT,LG,A,Final,Win,6.0,1.0,잠실,
20260717KTLG0_LG,2026-07-17,LG,KT,H,Final,Loss,1.0,6.0,잠실,
20260717HTSK0_KIA,2026-07-17,KIA,SSG,A,Final,Win,6.0,3.0,문학,
20260717HTSK0_SSG,2026-07-17,SSG,KIA,H,Final,Loss,3.0,6.0,문학,
20260717OBNC0_두산,2026-07-17,두산,NC,A,Final,Win,4.0,2.0,창원,
20260717OBNC0_NC,2026-07-17,NC,두산,H,Final,Loss,2.0,4.0,창원,
20260717WOHH0_키움,2026-07-17,키움,한화,A,Final,Win,7.0,6.0,대전,
20260717WOHH0_한화,2026-07-17,한화,키움,H,Final,Loss,6.0,7.0,대전,
20260718KTLG0_KT,2026-07-18,KT,LG,A,Final,Win,8.0,2.0,잠실,
20260718KTLG0_LG,2026-07-18,LG,KT,H,Final,Loss,2.0,8.0,잠실,
20260718LTSS0_롯데,2026-07-18,롯데,삼성,A,Final,Loss,0.0,5.0,대구,
20260718LTSS0_삼성,2026-07-18,삼성,롯데,H,Final,Win,5.0,0.0,대구,
20260718HTSK0_KIA,2026-07-18,KIA,SSG,A,Final,Win,12.0,2.0,문학,
20260718HTSK0_SSG,2026-07-18,SSG,KIA,H,Final,Loss,2.0,12.0,문학,
20260718OBNC0_두산,2026-07-18,두산,NC,A,Final,Win,12.0,9.0,창원,
20260718OBNC0_NC,2026-07-18,NC,두산,H,Final,Loss,9.0,12.0,창원,
20260718WOHH0_키움,2026-07-18,키움,한화,A,Final,Win,4.0,2.0,대전,
20260718WOHH0_한화,2026-07-18,한화,키움,H,Final,Loss,2.0,4.0,대전,
20260719KTLG0_KT,2026-07-19,KT,LG,A,Final,Win,4.0,1.0,잠실,
20260719KTLG0_LG,2026-07-19,LG,KT,H,Final,Loss,1.0,4.0,잠실,
20260719LTSS0_롯데,2026-07-19,롯데,삼성,A,Final,Win,11.0,8.0,대구,
20260719LTSS0_삼성,2026-07-19,삼성,롯데,H,Final,Loss,8.0,11.0,대구,
20260719HTSK0_KIA,2026-07-19,KIA,SSG,A,Final,Win,9.0,5.0,문학,
20260719HTSK0_SSG,2026-07-19,SSG,KIA,H,Final,Loss,5.0,9.0,문학,
20260719OBNC0_두산,2026-07-19,두산,NC,A,Final,Win,10.0,3.0,창원,
20260719OBNC0_NC,2026-07-19,NC,두산,H,Final,Loss,3.0,10.0,창원,
20260721NCLG0_NC,2026-07-21,NC,LG,A,Final,Win,7.0,5.0,잠실,
20260721NCLG0_LG,2026-07-21,LG,NC,H,Final,Loss,5.0,7.0,잠실,
20260721SKLT0_SSG,2026-07-21,SSG,롯데,A,Final,Loss,2.0,6.0,사직,
20260721SKLT0_롯데,2026-07-21,롯데,SSG,H,Final,Win,6.0,2.0,사직,
20260721HHHT0_한화,2026-07-21,한화,KIA,A,Final,Loss,3.0,7.0,광주,
20260721HHHT0_KIA,2026-07-21,KIA,한화,H,Final,Win,7.0,3.0,광주,
20260721SSWO0_삼성,2026-07-21,삼성,키움,A,Final,Win,8.0,6.0,고척,
20260721SSWO0_키움,2026-07-21,키움,삼성,H,Final,Loss,6.0,8.0,고척,
20260722SKLT0_SSG,2026-07-22,SSG,롯데,A,Final,Win,7.0,3.0,사직,
20260722SKLT0_롯데,2026-07-22,롯데,SSG,H,Final,Loss,3.0,7.0,사직,
20260722HHHT0_한화,2026-07-22,한화,KIA,A,Final,Win,7.0,3.0,광주,
20260722HHHT0_KIA,2026-07-22,KIA,한화,H,Final,Loss,3.0,7.0,광주,
20260722SSWO0_삼성,2026-07-22,삼성,키움,A,Final,Loss,1.0,3.0,고척,
20260722SSWO0_키움,2026-07-22,키움,삼성,H,Final,Win,3.0,1.0,고척,
20260723NCLG0_NC,2026-07-23,NC,LG,A,Final,Win,7.0,5.0,잠실,
20260723NCLG0_LG,2026-07-23,LG,NC,H,Final,Loss,5.0,7.0,잠실,
20260723SKLT0_SSG,2026-07-23,SSG,롯데,A,Final,Win,5.0,2.0,사직,
20260723SKLT0_롯데,2026-07-23,롯데,SSG,H,Final,Loss,2.0,5.0,사직,
20260723HHHT0_한화,2026-07-23,한화,KIA,A,Final,Win,9.0,3.0,광주,
20260723HHHT0_KIA,2026-07-23,KIA,한화,H,Final,Loss,3.0,9.0,광주,
20260723SSWO0_삼성,2026-07-23,삼성,키움,A,Final,Win,3.0,1.0,고척,
20260723SSWO0_키움,2026-07-23,키움,삼성,H,Final,Loss,1.0,3.0,고척,
20260724SSOB0_삼성,2026-07-24,삼성,두산,A,Final,Win,15.0,4.0,잠실,
20260724SSOB0_두산,2026-07-24,두산,삼성,H,Final,Loss,4.0,15.0,잠실,
20260724KTLT0_KT,2026-07-24,KT,롯데,A,Final,Win,5.0,4.0,사직,
20260724KTLT0_롯데,2026-07-24,롯데,KT,H,Final,Loss,4.0,5.0,사직,
20260724NCSK0_NC,2026-07-24,NC,SSG,A,Final,Loss,3.0,7.0,문학,
20260724NCSK0_SSG,2026-07-24,SSG,NC,H,Final,Win,7.0,3.0,문학,
20260724WOHT0_키움,2026-07-24,키움,KIA,A,Final,Win,8.0,5.0,광주,
20260724WOHT0_KIA,2026-07-24,KIA,키움,H,Final,Loss,5.0,8.0,광주,
20260724LGHH0_LG,2026-07-24,LG,한화,A,Final,Loss,4.0,8.0,대전,
20260724LGHH0_한화,2026-07-24,한화,LG,H,Final,Win,8.0,4.0,대전,
20260725SSOB0_삼성,2026-07-25,삼성,두산,A,Final,Win,4.0,1.0,잠실,
20260725SSOB0_두산,2026-07-25,두산,삼성,H,Final,Loss,1.0,4.0,잠실,
20260725KTLT0_KT,2026-07-25,KT,롯데,A,Final,Win,6.0,1.0,사직,
20260725KTLT0_롯데,2026-07-25,롯데,KT,H,Final,Loss,1.0,6.0,사직,
20260725NCSK0_NC,2026-07-25,NC,SSG,A,Final,Loss,4.0,10.0,문학,
20260725NCSK0_SSG,2026-07-25,SSG,NC,H,Final,Win,10.0,4.0,문학,
20260725WOHT0_키움,2026-07-25,키움,KIA,A,Final,Loss,5.0,9.0,광주,
20260725WOHT0_KIA,2026-07-25,KIA,키움,H,Final,Win,9.0,5.0,광주,
20260725LGHH0_LG,2026-07-25,LG,한화,A,Final,Win,15.0,11.0,대전,
20260725LGHH0_한화,2026-07-25,한화,LG,H,Final,Loss,11.0,15.0,대전,
20260726SSOB0_삼성,2026-07-26,삼성,두산,A,Final,Loss,0.0,7.0,잠실,
20260726SSOB0_두산,2026-07-26,두산,삼성,H,Final,Win,7.0,0.0,잠실,
20260726KTLT0_KT,2026-07-26,KT,롯데,A,Final,Loss,1.0,15.0,사직,
20260726KTLT0_롯데,2026-07-26,롯데,KT,H,Final,Win,15.0,1.0,사직,
20260726WOHT0_키움,2026-07-26,키움,KIA,A,Final,Win,8.0,3.0,광주,
20260726WOHT0_KIA,2026-07-26,KIA,키움,H,Final,Loss,3.0,8.0,광주,
20260726LGHH0_LG,2026-07-26,LG,한화,A,Final,Loss,4.0,14.0,대전,
20260726LGHH0_한화,2026-07-26,한화,LG,H,Final,Win,14.0,4.0,대전,
20260728WOLG0_키움,2026-07-28,키움,LG,A,Final,Loss,3.0,5.0,잠실,
20260728WOLG0_LG,2026-07-28,LG,키움,H,Final,Win,5.0,3.0,잠실,
20260728HTSS0_KIA,2026-07-28,KIA,삼성,A,Final,Loss,5.0,12.0,대구,
20260728HTSS0_삼성,2026-07-28,삼성,KIA,H,Final,Win,12.0,5.0,대구,
20260728OBSK0_두산,2026-07-28,두산,SSG,A,Final,Win,2.0,1.0,문학,
20260728OBSK0_SSG,2026-07-28,SSG,두산,H,Final,Loss,1.0,2.0,문학,
20260728KTNC0_KT,2026-07-28,KT,NC,A,Final,Win,10.0,0.0,창원,
20260728KTNC0_NC,2026-07-28,NC,KT,H,Final,Loss,0.0,10.0,창원,
20260728LTHH0_롯데,2026-07-28,롯데,한화,A,Final,Win,9.0,3.0,대전,
20260728LTHH0_한화,2026-07-28,한화,롯데,H,Final,Loss,3.0,9.0,대전,
20260729WOLG0_키움,2026-07-29,키움,LG,A,Final,Win,18.0,11.0,잠실,
20260729WOLG0_LG,2026-07-29,LG,키움,H,Final,Loss,11.0,18.0,잠실,
20260729HTSS0_KIA,2026-07-29,KIA,삼성,A,Final,Win,9.0,4.0,대구,
20260729HTSS0_삼성,2026-07-29,삼성,KIA,H,Final,Loss,4.0,9.0,대구,
20260729OBSK0_두산,2026-07-29,두산,SSG,A,Final,Loss,2.0,6.0,문학,
20260729OBSK0_SSG,2026-07-29,SSG,두산,H,Final,Win,6.0,2.0,문학,
20260729KTNC0_KT,2026-07-29,KT,NC,A,Final,Win,10.0,3.0,창원,
20260729KTNC0_NC,2026-07-29,NC,KT,H,Final,Loss,3.0,10.0,창원,
20260729LTHH0_롯데,2026-07-29,롯데,한화,A,Final,Loss,3.0,5.0,대전,
20260729LTHH0_한화,2026-07-29,한화,롯데,H,Final,Win,5.0,3.0,대전,
20260730WOLG0_키움,2026-07-30,키움,LG,A,Final,Loss,3.0,5.0,잠실,
20260730WOLG0_LG,2026-07-30,LG,키움,H,Final,Win,5.0,3.0,잠실,
20260730HTSS0_KIA,2026-07-30,KIA,삼성,A,Final,Win,12.0,3.0,대구,
20260730HTSS0_삼성,2026-07-30,삼성,KIA,H,Final,Loss,3.0,12.0,대구,
20260730OBSK0_두산,2026-07-30,두산,SSG,A,Final,Win,5.0,3.0,문학,
20260730OBSK0_SSG,2026-07-30,SSG,두산,H,Final,Loss,3.0,5.0,문학,
20260730KTNC0_KT,2026-07-30,KT,NC,A,Final,Win,10.0,2.0,창원,
20260730KTNC0_NC,2026-07-30,NC,KT,H,Final,Loss,2.0,10.0,창원,
20260730LTHH0_롯데,2026-07-30,롯데,한화,A,Final,Loss,2.0,3.0,대전,
20260730LTHH0_한화,2026-07-30,한화,롯데,H,Final,Win,3.0,2.0,대전,
20260731LGOB0_LG,2026-07-31,LG,두산,A,Final,Loss,2.0,4.0,잠실,
20260731LGOB0_두산,2026-07-31,두산,LG,H,Final,Win,4.0,2.0,잠실,
20260731SSLT0_삼성,2026-07-31,삼성,롯데,A,Final,Win,9.0,7.0,사직,
20260731SSLT0_롯데,2026-07-31,롯데,삼성,H,Final,Loss,7.0,9.0,사직,
20260731HHKT0_한화,2026-07-31,한화,KT,A,Final,Loss,3.0,5.0,수원,
20260731HHKT0_KT,2026-07-31,KT,한화,H,Final,Win,5.0,3.0,수원,
20260731HTNC0_KIA,2026-07-31,KIA,NC,A,Final,Loss,4.0,10.0,창원,
20260731HTNC0_NC,2026-07-31,NC,KIA,H,Final,Win,10.0,4.0,창원,
20260731SKWO0_SSG,2026-07-31,SSG,키움,A,Final,Loss,7.0,12.0,고척,
20260731SKWO0_키움,2026-07-31,키움,SSG,H,Final,Win,12.0,7.0,고척,
20260801HHKT0_한화,2026-08-01,한화,KT,A,Final,Loss,4.0,7.0,수원,
20260801HHKT0_KT,2026-08-01,KT,한화,H,Final,Win,7.0,4.0,수원,
20260801SKWO0_SSG,2026-08-01,SSG,키움,A,Final,Win,10.0,2.0,고척,
20260801SKWO0_키움,2026-08-01,키움,SSG,H,Final,Loss,2.0,10.0,고척,
20260802SKWO0_SSG,2026-08-02,SSG,키움,A,Final,Loss,3.0,5.0,고척,
20260802SKWO0_키움,2026-08-02,키움,SSG,H,Final,Win,5.0,3.0,고척,
20260802LGOB0_LG,2026-08-02,LG,두산,A,Final,Loss,3.0,8.0,잠실,
20260802LGOB0_두산,2026-08-02,두산,LG,H,Final,Win,8.0,3.0,잠실,
20260802SSLT0_삼성,2026-08-02,삼성,롯데,A,Final,Loss,7.0,10.0,사직,
20260802SSLT0_롯데,2026-08-02,롯데,삼성,H,Final,Win,10.0,7.0,사직,
20260802HHKT0_한화,2026-08-02,한화,KT,A,Final,Loss,1.0,12.0,수원,
20260802HHKT0_KT,2026-08-02,KT,한화,H,Final,Win,12.0,1.0,수원,
20260804HHSS0_한화,2026-08-04,한화,삼성,A,Final,Win,4.0,1.0,대구,
20260804HHSS0_삼성,2026-08-04,삼성,한화,H,Final,Loss,1.0,4.0,대구,
20260804WOLT0_키움,2026-08-04,키움,롯데,A,Final,Loss,2.0,3.0,사직,
20260804WOLT0_롯데,2026-08-04,롯데,키움,H,Final,Win,3.0,2.0,사직,
20260804LGSK0_LG,2026-08-04,LG,SSG,A,Final,Loss,8.0,10.0,문학,
20260804LGSK0_SSG,2026-08-04,SSG,LG,H,Final,Win,10.0,8.0,문학,
20260811HHOB0_한화,2026-08-11,한화,두산,A,Final,Loss,3.0,6.0,잠실,
20260811HHOB0_두산,2026-08-11,두산,한화,H,Final,Win,6.0,3.0,잠실,
20260811LTSK0_롯데,2026-08-11,롯데,SSG,A,Final,Loss,4.0,8.0,문학,
20260811LTSK0_SSG,2026-08-11,SSG,롯데,H,Final,Win,8.0,4.0,문학,
20260811SSHT0_삼성,2026-08-11,삼성,KIA,A,Final,Loss,1.0,3.0,광주,
20260811SSHT0_KIA,2026-08-11,KIA,삼성,H,Final,Win,3.0,1.0,광주,
20260811KTNC0_KT,2026-08-11,KT,NC,A,Final,Win,7.0,3.0,창원,
20260811KTNC0_NC,2026-08-11,NC,KT,H,Final,Loss,3.0,7.0,창원,
20260811LGWO0_LG,2026-08-11,LG,키움,A,Final,Win,8.0,3.0,고척,
20260811LGWO0_키움,2026-08-11,키움,LG,H,Final,Loss,3.0,8.0,고척,
20260812HHOB0_한화,2026-08-12,한화,두산,A,Final,Win,4.0,3.0,잠실,
20260812HHOB0_두산,2026-08-12,두산,한화,H,Final,Loss,3.0,4.0,잠실,
20260812LTSK0_롯데,2026-08-12,롯데,SSG,A,Final,Loss,1.0,9.0,문학,
20260812LTSK0_SSG,2026-08-12,SSG,롯데,H,Final,Win,9.0,1.0,문학,
20260812SSHT0_삼성,2026-08-12,삼성,KIA,A,Final,Loss,2.0,7.0,광주,
20260812SSHT0_KIA,2026-08-12,KIA,삼성,H,Final,Win,7.0,2.0,광주,
20260812KTNC0_KT,2026-08-12,KT,NC,A,Final,Loss,0.0,3.0,창원,
20260812KTNC0_NC,2026-08-12,NC,KT,H,Final,Win,3.0,0.0,창원,
20260812LGWO0_LG,2026-08-12,LG,키움,A,Final,Loss,3.0,4.0,고척,
20260812LGWO0_키움,2026-08-12,키움,LG,H,Final,Win,4.0,3.0,고척,
20260813HHOB0_한화,2026-08-13,한화,두산,A,Final,Loss,6.0,9.0,잠실,
20260813HHOB0_두산,2026-08-13,두산,한화,H,Final,Win,9.0,6.0,잠실,
20260813LTSK0_롯데,2026-08-13,롯데,SSG,A,Final,Win,11.0,0.0,문학,
20260813LTSK0_SSG,2026-08-13,SSG,롯데,H,Final,Loss,0.0,11.0,문학,
20260813SSHT0_삼성,2026-08-13,삼성,KIA,A,Final,Win,9.0,8.0,광주,
20260813SSHT0_KIA,2026-08-13,KIA,삼성,H,Final,Loss,8.0,9.0,광주,
20260813KTNC0_KT,2026-08-13,KT,NC,A,Final,Loss,5.0,6.0,창원,
20260813KTNC0_NC,2026-08-13,NC,KT,H,Final,Win,6.0,5.0,창원,
20260813LGWO0_LG,2026-08-13,LG,키움,A,Final,Win,13.0,6.0,고척,
20260813LGWO0_키움,2026-08-13,키움,LG,H,Final,Loss,6.0,13.0,고척,
20260814SKLG0_SSG,2026-08-14,SSG,LG,A,Final,Win,5.0,3.0,잠실,
20260814SKLG0_LG,2026-08-14,LG,SSG,H,Final,Loss,3.0,5.0,잠실,
20260814HHSS0_한화,2026-08-14,한화,삼성,A,Final,Loss,5.0,8.0,대구,
20260814HHSS0_삼성,2026-08-14,삼성,한화,H,Final,Win,8.0,5.0,대구,
20260814NCLT0_NC,2026-08-14,NC,롯데,A,Final,Win,9.0,8.0,사직,
20260814NCLT0_롯데,2026-08-14,롯데,NC,H,Final,Loss,8.0,9.0,사직,
20260814OBHT0_두산,2026-08-14,두산,KIA,A,Final,Win,10.0,4.0,광주,
20260814OBHT0_KIA,2026-08-14,KIA,두산,H,Final,Loss,4.0,10.0,광주,
20260814WOKT0_키움,2026-08-14,키움,KT,A,Final,Loss,3.0,8.0,수원,
20260814WOKT0_KT,2026-08-14,KT,키움,H,Final,Win,8.0,3.0,수원,
20260815SKLG0_SSG,2026-08-15,SSG,LG,A,Final,Loss,1.0,4.0,잠실,
20260815SKLG0_LG,2026-08-15,LG,SSG,H,Final,Win,4.0,1.0,잠실,
20260815HHSS0_한화,2026-08-15,한화,삼성,A,Final,Loss,6.0,11.0,대구,
20260815HHSS0_삼성,2026-08-15,삼성,한화,H,Final,Win,11.0,6.0,대구,
20260815NCLT0_NC,2026-08-15,NC,롯데,A,Final,Loss,5.0,8.0,사직,
20260815NCLT0_롯데,2026-08-15,롯데,NC,H,Final,Win,8.0,5.0,사직,
20260815OBHT0_두산,2026-08-15,두산,KIA,A,Final,Loss,1.0,6.0,광주,
20260815OBHT0_KIA,2026-08-15,KIA,두산,H,Final,Win,6.0,1.0,광주,
20260815WOKT0_키움,2026-08-15,키움,KT,A,Final,Win,10.0,5.0,수원,
20260815WOKT0_KT,2026-08-15,KT,키움,H,Final,Loss,5.0,10.0,수원,
20260816SKLG0_SSG,2026-08-16,SSG,LG,A,Final,Win,6.0,0.0,잠실,
20260816SKLG0_LG,2026-08-16,LG,SSG,H,Final,Loss,0.0,6.0,잠실,
20260816OBHT0_두산,2026-08-16,두산,KIA,A,Final,Loss,1.0,2.0,광주,
20260816OBHT0_KIA,2026-08-16,KIA,두산,H,Final,Win,2.0,1.0,광주,
20260816WOKT0_키움,2026-08-16,키움,KT,A,Final,Loss,2.0,6.0,수원,
20260816WOKT0_KT,2026-08-16,KT,키움,H,Final,Win,6.0,2.0,수원,
20260818KTLG0_KT,2026-08-18,KT,LG,A,Final,Loss,1.0,9.0,잠실,
20260818KTLG0_LG,2026-08-18,LG,KT,H,Final,Win,9.0,1.0,잠실,
20260818SKSS0_SSG,2026-08-18,SSG,삼성,A,Final,Win,5.0,4.0,대구,
20260818SKSS0_삼성,2026-08-18,삼성,SSG,H,Final,Loss,4.0,5.0,대구,
20260818WOLT0_키움,2026-08-18,키움,롯데,A,Final,Loss,10.0,15.0,사직,
20260818WOLT0_롯데,2026-08-18,롯데,키움,H,Final,Win,15.0,10.0,사직,
20260818OBNC0_두산,2026-08-18,두산,NC,A,Final,Win,6.0,4.0,창원,
20260818OBNC0_NC,2026-08-18,NC,두산,H,Final,Loss,4.0,6.0,창원,
20260818HTHH0_KIA,2026-08-18,KIA,한화,A,Final,Win,4.0,3.0,대전,
20260818HTHH0_한화,2026-08-18,한화,KIA,H,Final,Loss,3.0,4.0,대전,
20260819KTLG0_KT,2026-08-19,KT,LG,A,Final,Loss,0.0,1.0,잠실,
20260819KTLG0_LG,2026-08-19,LG,KT,H,Final,Win,1.0,0.0,잠실,
20260819SKSS0_SSG,2026-08-19,SSG,삼성,A,Final,Loss,4.0,18.0,대구,
20260819SKSS0_삼성,2026-08-19,삼성,SSG,H,Final,Win,18.0,4.0,대구,
20260819WOLT0_키움,2026-08-19,키움,롯데,A,Final,Loss,4.0,5.0,사직,
20260819WOLT0_롯데,2026-08-19,롯데,키움,H,Final,Win,5.0,4.0,사직,
20260819OBNC0_두산,2026-08-19,두산,NC,A,Final,Win,8.0,2.0,창원,
20260819OBNC0_NC,2026-08-19,NC,두산,H,Final,Loss,2.0,8.0,창원,
20260819HTHH0_KIA,2026-08-19,KIA,한화,A,Final,Win,6.0,3.0,대전,
20260819HTHH0_한화,2026-08-19,한화,KIA,H,Final,Loss,3.0,6.0,대전,
20260820KTLG0_KT,2026-08-20,KT,LG,A,Final,Win,16.0,4.0,잠실,
20260820KTLG0_LG,2026-08-20,LG,KT,H,Final,Loss,4.0,16.0,잠실,
20260820SKSS0_SSG,2026-08-20,SSG,삼성,A,Final,Win,6.0,4.0,대구,
20260820SKSS0_삼성,2026-08-20,삼성,SSG,H,Final,Loss,4.0,6.0,대구,
20260820WOLT0_키움,2026-08-20,키움,롯데,A,Final,Loss,1.0,7.0,사직,
20260820WOLT0_롯데,2026-08-20,롯데,키움,H,Final,Win,7.0,1.0,사직,
20260820OBNC0_두산,2026-08-20,두산,NC,A,Final,Loss,4.0,5.0,창원,
20260820OBNC0_NC,2026-08-20,NC,두산,H,Final,Win,5.0,4.0,창원,
20260820HTHH0_KIA,2026-08-20,KIA,한화,A,Final,Win,10.0,6.0,대전,
20260820HTHH0_한화,2026-08-20,한화,KIA,H,Final,Loss,6.0,10.0,대전,
20260821LTOB0_롯데,2026-08-21,롯데,두산,A,Final,Win,11.0,4.0,잠실,
20260821LTOB0_두산,2026-08-21,두산,롯데,H,Final,Loss,4.0,11.0,잠실,
20260821SSNC0_삼성,2026-08-21,삼성,NC,A,Final,Loss,2.0,3.0,창원,
20260821SSNC0_NC,2026-08-21,NC,삼성,H,Final,Win,3.0,2.0,창원,
20260821LGHH0_LG,2026-08-21,LG,한화,A,Final,Loss,11.0,15.0,대전,
20260821LGHH0_한화,2026-08-21,한화,LG,H,Final,Win,15.0,11.0,대전,
20260821HTWO0_KIA,2026-08-21,KIA,키움,A,Final,Win,11.0,1.0,고척,
20260821HTWO0_키움,2026-08-21,키움,KIA,H,Final,Loss,1.0,11.0,고척,
20260822HTWO0_KIA,2026-08-22,KIA,키움,A,Final,Loss,1.0,3.0,고척,
20260822HTWO0_키움,2026-08-22,키움,KIA,H,Final,Win,3.0,1.0,고척,
20260822SSNC0_삼성,2026-08-22,삼성,NC,A,Final,Win,8.0,6.0,창원,
20260822SSNC0_NC,2026-08-22,NC,삼성,H,Final,Loss,6.0,8.0,창원,
20260823HTWO0_KIA,2026-08-23,KIA,키움,A,Final,Loss,7.0,8.0,고척,
20260823HTWO0_키움,2026-08-23,키움,KIA,H,Final,Win,8.0,7.0,고척,
20260823LTOB0_롯데,2026-08-23,롯데,두산,A,Final,Loss,1.0,3.0,잠실,
20260823LTOB0_두산,2026-08-23,두산,롯데,H,Final,Win,3.0,1.0,잠실,
20260823KTSK0_KT,2026-08-23,KT,SSG,A,Final,Win,3.0,1.0,문학,
20260823KTSK0_SSG,2026-08-23,SSG,KT,H,Final,Loss,1.0,3.0,문학,
20260823SSNC0_삼성,2026-08-23,삼성,NC,A,Final,Win,2.0,1.0,창원,
20260823SSNC0_NC,2026-08-23,NC,삼성,H,Final,Loss,1.0,2.0,창원,
20260823LGHH0_LG,2026-08-23,LG,한화,A,Final,Win,12.0,3.0,대전,
20260823LGHH0_한화,2026-08-23,한화,LG,H,Final,Loss,3.0,12.0,대전,
20260825NCLG0_NC,2026-08-25,NC,LG,A,Final,Loss,4.0,5.0,잠실,
20260825NCLG0_LG,2026-08-25,LG,NC,H,Final,Win,5.0,4.0,잠실,
20260825HHSK0_한화,2026-08-25,한화,SSG,A,Final,Loss,1.0,7.0,문학,
20260825HHSK0_SSG,2026-08-25,SSG,한화,H,Final,Win,7.0,1.0,문학,
20260825LTHT0_롯데,2026-08-25,롯데,KIA,A,Final,Loss,5.0,8.0,광주,
20260825LTHT0_KIA,2026-08-25,KIA,롯데,H,Final,Win,8.0,5.0,광주,
20260825OBKT0_두산,2026-08-25,두산,KT,A,Final,Win,3.0,1.0,수원,
20260825OBKT0_KT,2026-08-25,KT,두산,H,Final,Loss,1.0,3.0,수원,
20260826NCLG0_NC,2026-08-26,NC,LG,A,Final,Loss,0.0,8.0,잠실,
20260826NCLG0_LG,2026-08-26,LG,NC,H,Final,Win,8.0,0.0,잠실,
20260826HHSK0_한화,2026-08-26,한화,SSG,A,Final,Loss,1.0,6.0,문학,
20260826HHSK0_SSG,2026-08-26,SSG,한화,H,Final,Win,6.0,1.0,문학,
20260826LTHT0_롯데,2026-08-26,롯데,KIA,A,Final,Loss,11.0,16.0,광주,
20260826LTHT0_KIA,2026-08-26,KIA,롯데,H,Final,Win,16.0,11.0,광주,
20260826OBKT0_두산,2026-08-26,두산,KT,A,Final,Loss,4.0,5.0,수원,
20260826OBKT0_KT,2026-08-26,KT,두산,H,Final,Win,5.0,4.0,수원,
20260826SSWO0_삼성,2026-08-26,삼성,키움,A,Final,Win,12.0,2.0,고척,
20260826SSWO0_키움,2026-08-26,키움,삼성,H,Final,Loss,2.0,12.0,고척,
20260827NCLG0_NC,2026-08-27,NC,LG,A,Final,Win,13.0,3.0,잠실,
20260827NCLG0_LG,2026-08-27,LG,NC,H,Final,Loss,3.0,13.0,잠실,
20260827HHSK0_한화,2026-08-27,한화,SSG,A,Final,Loss,6.0,13.0,문학,
20260827HHSK0_SSG,2026-08-27,SSG,한화,H,Final,Win,13.0,6.0,문학,
20260827OBKT0_두산,2026-08-27,두산,KT,A,Final,Loss,4.0,5.0,수원,
20260827OBKT0_KT,2026-08-27,KT,두산,H,Final,Win,5.0,4.0,수원,
20260827SSWO0_삼성,2026-08-27,삼성,키움,A,Final,Win,15.0,2.0,고척,
20260827SSWO0_키움,2026-08-27,키움,삼성,H,Final,Loss,2.0,15.0,고척,
20260829WOOB0_키움,2026-08-29,키움,두산,A,Final,Loss,2.0,7.0,잠실,
20260829WOOB0_두산,2026-08-29,두산,키움,H,Final,Win,7.0,2.0,잠실,
20260829KTSS0_KT,2026-08-29,KT,삼성,A,Final,Loss,2.0,4.0,대구,
20260829KTSS0_삼성,2026-08-29,삼성,KT,H,Final,Win,4.0,2.0,대구,
20260829LGLT0_LG,2026-08-29,LG,롯데,A,Final,Win,8.0,3.0,사직,
20260829LGLT0_롯데,2026-08-29,롯데,LG,H,Final,Loss,3.0,8.0,사직,
20260829SKHT0_SSG,2026-08-29,SSG,KIA,A,Final,Loss,1.0,2.0,광주,
20260829SKHT0_KIA,2026-08-29,KIA,SSG,H,Final,Win,2.0,1.0,광주,
20260829NCHH0_NC,2026-08-29,NC,한화,A,Final,Win,11.0,4.0,대전,
20260829NCHH0_한화,2026-08-29,한화,NC,H,Final,Loss,4.0,11.0,대전,
20260830WOOB0_키움,2026-08-30,키움,두산,A,Final,Loss,1.0,15.0,잠실,
20260830WOOB0_두산,2026-08-30,두산,키움,H,Final,Win,15.0,1.0,잠실,
20260830NCHH0_NC,2026-08-30,NC,한화,A,Final,Win,10.0,7.0,대전,
20260830NCHH0_한화,2026-08-30,한화,NC,H,Final,Loss,7.0,10.0,대전,
20260901LGOB0_LG,2026-09-01,LG,두산,A,Final,Win,3.0,1.0,잠실,
20260901LGOB0_두산,2026-09-01,두산,LG,H,Final,Loss,1.0,3.0,잠실,
20260901LTSS0_롯데,2026-09-01,롯데,삼성,A,Final,Loss,0.0,3.0,대구,
20260901LTSS0_삼성,2026-09-01,삼성,롯데,H,Final,Win,3.0,0.0,대구,
20260901HHKT0_한화,2026-09-01,한화,KT,A,Final,Loss,1.0,6.0,수원,
20260901HHKT0_KT,2026-09-01,KT,한화,H,Final,Win,6.0,1.0,수원,
20260901HTNC0_KIA,2026-09-01,KIA,NC,A,Final,Loss,2.0,7.0,창원,
20260901HTNC0_NC,2026-09-01,NC,KIA,H,Final,Win,7.0,2.0,창원,
20260901SKWO0_SSG,2026-09-01,SSG,키움,A,Final,Win,4.0,0.0,고척,
20260901SKWO0_키움,2026-09-01,키움,SSG,H,Final,Loss,0.0,4.0,고척,
20260902LGOB0_LG,2026-09-02,LG,두산,A,Final,Win,5.0,1.0,잠실,
20260902LGOB0_두산,2026-09-02,두산,LG,H,Final,Loss,1.0,5.0,잠실,
20260902LTSS0_롯데,2026-09-02,롯데,삼성,A,Final,Loss,5.0,8.0,대구,
20260902LTSS0_삼성,2026-09-02,삼성,롯데,H,Final,Win,8.0,5.0,대구,
20260902HHKT0_한화,2026-09-02,한화,KT,A,Final,Loss,6.0,9.0,수원,
20260902HHKT0_KT,2026-09-02,KT,한화,H,Final,Win,9.0,6.0,수원,
20260902HTNC0_KIA,2026-09-02,KIA,NC,A,Final,Loss,2.0,3.0,창원,
20260902HTNC0_NC,2026-09-02,NC,KIA,H,Final,Win,3.0,2.0,창원,
20260902SKWO0_SSG,2026-09-02,SSG,키움,A,Final,Win,9.0,6.0,고척,
20260902SKWO0_키움,2026-09-02,키움,SSG,H,Final,Loss,6.0,9.0,고척,
20260903LGOB0_LG,2026-09-03,LG,두산,A,Final,Win,1.0,0.0,잠실,
20260903LGOB0_두산,2026-09-03,두산,LG,H,Final,Loss,0.0,1.0,잠실,
20260903LTSS0_롯데,2026-09-03,롯데,삼성,A,Final,Win,3.0,2.0,대구,
20260903LTSS0_삼성,2026-09-03,삼성,롯데,H,Final,Loss,2.0,3.0,대구,
20260903HHKT0_한화,2026-09-03,한화,KT,A,Final,Loss,11.0,13.0,수원,
20260903HHKT0_KT,2026-09-03,KT,한화,H,Final,Win,13.0,11.0,수원,
20260903SKWO0_SSG,2026-09-03,SSG,키움,A,Final,Loss,2.0,3.0,고척,
20260903SKWO0_키움,2026-09-03,키움,SSG,H,Final,Win,3.0,2.0,고척,
