game_date,season,home_team,away_team,opponent,is_home,evaluation_mode,segment_name,display_segment_name,included_in_best_segment,prediction_cutoff_type,predicted_winner,predicted_probability,actual_winner,correct,production_predicted_winner,production_predicted_probability,kt_challenger_predicted_winner,kt_challenger_probability,model_agrees_with_production,feature_set,data_available_before_cutoff,leakage_audit_passed,interpretation
2024-08-07,2024,KIA,KT,KIA,False,holdout,current_season_2026,holdout_current_season_2026,False,before_first_pitch,KIA,0.559,KT,False,,,KIA,0.440569,,kt_without_false_signal_features,True,True,Not included in current best selected-pick segment.
2024-08-08,2024,KIA,KT,KIA,False,holdout,current_season_2026,holdout_current_season_2026,False,before_first_pitch,KIA,0.602,KT,False,,,KIA,0.397816,,kt_without_false_signal_features,True,True,Not included in current best selected-pick segment.
2024-08-09,2024,KT,롯데,롯데,True,holdout,current_season_2026,holdout_current_season_2026,False,before_first_pitch,롯데,0.625,KT,False,,,롯데,0.374758,,kt_without_false_signal_features,True,True,Not included in current best selected-pick segment.
2024-08-10,2024,KT,롯데,롯데,True,holdout,current_season_2026,holdout_current_season_2026,False,before_first_pitch,롯데,0.61,롯데,True,,,롯데,0.39014,,kt_without_false_signal_features,True,True,Not included in current best selected-pick segment.
2024-08-11,2024,KT,롯데,롯데,True,holdout,current_season_2026,holdout_current_season_2026,False,before_first_pitch,롯데,0.57,롯데,True,,,롯데,0.430454,,kt_without_false_signal_features,True,True,Not included in current best selected-pick segment.
2024-08-13,2024,삼성,KT,삼성,False,holdout,current_season_2026,holdout_current_season_2026,False,before_first_pitch,삼성,0.541,삼성,True,,,삼성,0.459247,,kt_without_false_signal_features,True,True,Not included in current best selected-pick segment.
2024-08-14,2024,삼성,KT,삼성,False,holdout,current_season_2026,holdout_current_season_2026,False,before_first_pitch,삼성,0.553,삼성,True,,,삼성,0.447155,,kt_without_false_signal_features,True,True,Not included in current best selected-pick segment.
2024-08-15,2024,삼성,KT,삼성,False,holdout,current_season_2026,holdout_current_season_2026,False,before_first_pitch,삼성,0.501,KT,False,,,삼성,0.499264,,kt_without_false_signal_features,True,True,Not included in current best selected-pick segment.
2024-08-16,2024,KT,두산,두산,True,holdout,current_season_2026,holdout_current_season_2026,False,before_first_pitch,두산,0.516,두산,True,,,두산,0.483558,,kt_without_false_signal_features,True,True,Not included in current best selected-pick segment.
2024-08-17,2024,KT,두산,두산,True,holdout,current_season_2026,holdout_current_season_2026,False,before_first_pitch,KT,0.602,두산,False,KT,0.534,KT,0.60187,True,kt_without_false_signal_features,True,True,Not included in current best selected-pick segment.
2024-08-18,2024,KT,두산,두산,True,holdout,current_season_2026,holdout_current_season_2026,False,before_first_pitch,KT,0.585,KT,True,두산,0.51,KT,0.58527,False,kt_without_false_signal_features,True,True,Not included in current best selected-pick segment.
2024-08-20,2024,KT,키움,키움,True,holdout,current_season_2026,holdout_current_season_2026,False,before_first_pitch,KT,0.505,키움,False,KT,0.561,KT,0.505269,True,kt_without_false_signal_features,True,True,Not included in current best selected-pick segment.
2024-08-21,2024,KT,키움,키움,True,holdout,current_season_2026,holdout_current_season_2026,False,before_first_pitch,KT,0.536,KT,True,KT,0.534,KT,0.536235,True,kt_without_false_signal_features,True,True,Not included in current best selected-pick segment.
2024-08-22,2024,KT,키움,키움,True,holdout,current_season_2026,holdout_current_season_2026,False,before_first_pitch,KT,0.503,KT,True,KT,0.548,KT,0.502615,True,kt_without_false_signal_features,True,True,Not included in current best selected-pick segment.
2024-08-23,2024,SSG,KT,SSG,False,holdout,current_season_2026,holdout_current_season_2026,False,before_first_pitch,SSG,0.51,KT,False,KT,0.527,SSG,0.490184,False,kt_without_false_signal_features,True,True,Not included in current best selected-pick segment.
2024-08-24,2024,SSG,KT,SSG,False,holdout,current_season_2026,holdout_current_season_2026,False,before_first_pitch,KT,0.548,KT,True,KT,0.538,KT,0.547702,True,kt_without_false_signal_features,True,True,Not included in current best selected-pick segment.
2024-08-25,2024,SSG,KT,SSG,False,holdout,current_season_2026,holdout_current_season_2026,False,before_first_pitch,KT,0.569,SSG,False,KT,0.54,KT,0.56931,True,kt_without_false_signal_features,True,True,Not included in current best selected-pick segment.
2024-08-27,2024,LG,KT,LG,False,holdout,current_season_2026,holdout_current_season_2026,False,before_first_pitch,KT,0.548,LG,False,LG,0.501,KT,0.547736,False,kt_without_false_signal_features,True,True,Not included in current best selected-pick segment.
2024-08-28,2024,LG,KT,LG,False,holdout,current_season_2026,holdout_current_season_2026,False,before_first_pitch,KT,0.562,KT,True,LG,0.517,KT,0.562185,False,kt_without_false_signal_features,True,True,Not included in current best selected-pick segment.
2024-08-29,2024,LG,KT,LG,False,holdout,current_season_2026,holdout_current_season_2026,False,before_first_pitch,KT,0.559,KT,True,KT,0.526,KT,0.559258,True,kt_without_false_signal_features,True,True,Not included in current best selected-pick segment.
2024-08-30,2024,KT,LG,LG,True,holdout,current_season_2026,holdout_current_season_2026,False,before_first_pitch,KT,0.589,LG,False,KT,0.558,KT,0.58892,True,kt_without_false_signal_features,True,True,Not included in current best selected-pick segment.
2024-08-31,2024,한화,KT,한화,False,holdout,current_season_2026,holdout_current_season_2026,False,before_first_pitch,KT,0.535,KT,True,한화,0.548,KT,0.53494,False,kt_without_false_signal_features,True,True,Not included in current best selected-pick segment.
2024-09-04,2024,롯데,KT,롯데,False,holdout,current_season_2026,holdout_current_season_2026,False,before_first_pitch,KT,0.559,롯데,False,롯데,0.527,KT,0.558641,False,kt_without_false_signal_features,True,True,Not included in current best selected-pick segment.
2024-09-05,2024,롯데,KT,롯데,False,holdout,current_season_2026,holdout_current_season_2026,False,before_first_pitch,롯데,0.528,KT,False,롯데,0.549,롯데,0.471945,True,kt_without_false_signal_features,True,True,Not included in current best selected-pick segment.
2024-09-06,2024,NC,KT,NC,False,holdout,current_season_2026,holdout_current_season_2026,False,before_first_pitch,NC,0.51,KT,False,KT,0.505,NC,0.489666,False,kt_without_false_signal_features,True,True,Not included in current best selected-pick segment.
2024-09-07,2024,KT,두산,두산,True,holdout,current_season_2026,holdout_current_season_2026,False,before_first_pitch,KT,0.573,두산,False,KT,0.558,KT,0.573389,True,kt_without_false_signal_features,True,True,Not included in current best selected-pick segment.
2024-09-10,2024,KT,NC,NC,True,holdout,current_season_2026,holdout_current_season_2026,False,before_first_pitch,KT,0.544,KT,True,KT,0.564,KT,0.543721,True,kt_without_false_signal_features,True,True,Not included in current best selected-pick segment.
2024-09-11,2024,KT,NC,NC,True,holdout,current_season_2026,holdout_current_season_2026,False,before_first_pitch,KT,0.546,KT,True,KT,0.556,KT,0.545859,True,kt_without_false_signal_features,True,True,Not included in current best selected-pick segment.
2024-09-12,2024,KT,NC,NC,True,holdout,current_season_2026,holdout_current_season_2026,False,before_first_pitch,KT,0.552,KT,True,KT,0.566,KT,0.552169,True,kt_without_false_signal_features,True,True,Not included in current best selected-pick segment.
2024-09-14,2024,두산,KT,두산,False,holdout,current_season_2026,holdout_current_season_2026,False,before_first_pitch,두산,0.519,두산,True,KT,0.525,두산,0.480662,False,kt_without_false_signal_features,True,True,Not included in current best selected-pick segment.
2024-09-16,2024,KT,KIA,KIA,True,holdout,current_season_2026,holdout_current_season_2026,False,before_first_pitch,KT,0.52,KIA,False,KIA,0.527,KT,0.51997,False,kt_without_false_signal_features,True,True,Not included in current best selected-pick segment.
2024-09-17,2024,키움,KT,키움,False,holdout,current_season_2026,holdout_current_season_2026,False,before_first_pitch,KT,0.531,KT,True,KT,0.558,KT,0.530692,True,kt_without_false_signal_features,True,True,Not included in current best selected-pick segment.
2024-09-18,2024,KT,삼성,삼성,True,holdout,current_season_2026,holdout_current_season_2026,False,before_first_pitch,KT,0.546,삼성,False,KT,0.52,KT,0.546289,True,kt_without_false_signal_features,True,True,Not included in current best selected-pick segment.
2024-09-19,2024,KT,삼성,삼성,True,holdout,current_season_2026,holdout_current_season_2026,False,before_first_pitch,KT,0.553,KT,True,삼성,0.522,KT,0.553174,False,kt_without_false_signal_features,True,True,Not included in current best selected-pick segment.
2024-09-21,2024,KT,SSG,SSG,True,holdout,current_season_2026,holdout_current_season_2026,False,before_first_pitch,KT,0.54,SSG,False,KT,0.564,KT,0.539714,True,kt_without_false_signal_features,True,True,Not included in current best selected-pick segment.
2024-09-22,2024,KT,SSG,SSG,True,holdout,current_season_2026,holdout_current_season_2026,False,before_first_pitch,SSG,0.53,SSG,True,KT,0.551,SSG,0.470085,False,kt_without_false_signal_features,True,True,Not included in current best selected-pick segment.
2024-09-24,2024,KT,롯데,롯데,True,holdout,current_season_2026,holdout_current_season_2026,False,before_first_pitch,KT,0.555,KT,True,KT,0.519,KT,0.555053,True,kt_without_false_signal_features,True,True,Not included in current best selected-pick segment.
2024-09-27,2024,KT,키움,키움,True,holdout,current_season_2026,holdout_current_season_2026,False,before_first_pitch,KT,0.569,KT,True,KT,0.556,KT,0.569343,True,kt_without_false_signal_features,True,True,Not included in current best selected-pick segment.
2024-09-28,2024,KT,키움,키움,True,holdout,current_season_2026,holdout_current_season_2026,False,before_first_pitch,KT,0.548,KT,True,KT,0.554,KT,0.548472,True,kt_without_false_signal_features,True,True,Not included in current best selected-pick segment.
2025-03-22,2025,KT,한화,한화,True,holdout,current_season_2026,holdout_current_season_2026,False,before_first_pitch,KT,0.556,한화,False,KT,0.568,KT,0.556467,True,kt_without_false_signal_features,True,True,Not included in current best selected-pick segment.
2025-03-23,2025,KT,한화,한화,True,holdout,current_season_2026,holdout_current_season_2026,False,before_first_pitch,한화,0.603,KT,False,KT,0.509,한화,0.397485,False,kt_without_false_signal_features,True,True,Not included in current best selected-pick segment.
2025-03-25,2025,KT,두산,두산,True,holdout,current_season_2026,holdout_current_season_2026,False,before_first_pitch,KT,0.579,KT,True,KT,0.518,KT,0.578915,True,kt_without_false_signal_features,True,True,Not included in current best selected-pick segment.
2025-03-26,2025,KT,두산,두산,True,holdout,current_season_2026,holdout_current_season_2026,False,before_first_pitch,KT,0.587,두산,False,KT,0.542,KT,0.586501,True,kt_without_false_signal_features,True,True,Not included in current best selected-pick segment.
2025-03-27,2025,KT,두산,두산,True,holdout,current_season_2026,holdout_current_season_2026,False,before_first_pitch,KT,0.565,KT,True,KT,0.542,KT,0.564828,True,kt_without_false_signal_features,True,True,Not included in current best selected-pick segment.
2025-03-28,2025,롯데,KT,롯데,False,holdout,current_season_2026,holdout_current_season_2026,False,before_first_pitch,KT,0.579,KT,True,KT,0.528,KT,0.578817,True,kt_without_false_signal_features,True,True,Not included in current best selected-pick segment.
2025-03-29,2025,롯데,KT,롯데,False,holdout,current_season_2026,holdout_current_season_2026,False,before_first_pitch,KT,0.54,롯데,False,KT,0.572,KT,0.540097,True,kt_without_false_signal_features,True,True,Not included in current best selected-pick segment.
2025-04-02,2025,KT,LG,LG,True,holdout,current_season_2026,holdout_current_season_2026,False,before_first_pitch,LG,0.546,KT,False,LG,0.546,LG,0.454072,True,kt_without_false_signal_features,True,True,Not included in current best selected-pick segment.
2025-04-03,2025,KT,LG,LG,True,holdout,current_season_2026,holdout_current_season_2026,False,before_first_pitch,KT,0.54,LG,False,KT,0.517,KT,0.54039,True,kt_without_false_signal_features,True,True,Not included in current best selected-pick segment.
2025-04-04,2025,SSG,KT,SSG,False,holdout,current_season_2026,holdout_current_season_2026,False,before_first_pitch,KT,0.517,SSG,False,SSG,0.516,KT,0.51696,False,kt_without_false_signal_features,True,True,Not included in current best selected-pick segment.
2025-04-06,2025,SSG,KT,SSG,False,holdout,current_season_2026,holdout_current_season_2026,False,before_first_pitch,KT,0.523,SSG,False,SSG,0.531,KT,0.522893,False,kt_without_false_signal_features,True,True,Not included in current best selected-pick segment.
2025-04-08,2025,KT,NC,NC,True,holdout,current_season_2026,holdout_current_season_2026,False,before_first_pitch,KT,0.514,KT,True,KT,0.581,KT,0.514266,True,kt_without_false_signal_features,True,True,Not included in current best selected-pick segment.
2025-04-09,2025,KT,NC,NC,True,holdout,current_season_2026,holdout_current_season_2026,False,before_first_pitch,KT,0.505,KT,True,KT,0.579,KT,0.505158,True,kt_without_false_signal_features,True,True,Not included in current best selected-pick segment.
2025-04-10,2025,KT,NC,NC,True,holdout,current_season_2026,holdout_current_season_2026,False,before_first_pitch,KT,0.502,NC,False,KT,0.581,KT,0.501633,True,kt_without_false_signal_features,True,True,Not included in current best selected-pick segment.
2025-04-11,2025,KT,삼성,삼성,True,holdout,current_season_2026,holdout_current_season_2026,False,before_first_pitch,KT,0.536,KT,True,KT,0.514,KT,0.536042,True,kt_without_false_signal_features,True,True,Not included in current best selected-pick segment.
2025-04-13,2025,KT,삼성,삼성,True,holdout,current_season_2026,holdout_current_season_2026,False,before_first_pitch,KT,0.51,KT,True,KT,0.532,KT,0.510028,True,kt_without_false_signal_features,True,True,Not included in current best selected-pick segment.
2025-04-15,2025,KIA,KT,KIA,False,holdout,current_season_2026,holdout_current_season_2026,False,before_first_pitch,KIA,0.517,KIA,True,KIA,0.507,KIA,0.482861,True,kt_without_false_signal_features,True,True,Not included in current best selected-pick segment.
2025-04-16,2025,KIA,KT,KIA,False,holdout,current_season_2026,holdout_current_season_2026,False,before_first_pitch,KIA,0.542,KT,False,KIA,0.538,KIA,0.458416,True,kt_without_false_signal_features,True,True,Not included in current best selected-pick segment.
2025-04-17,2025,KIA,KT,KIA,False,holdout,current_season_2026,holdout_current_season_2026,False,before_first_pitch,KT,0.51,KIA,False,KIA,0.502,KT,0.509985,False,kt_without_false_signal_features,True,True,Not included in current best selected-pick segment.
2025-04-18,2025,키움,KT,키움,False,holdout,current_season_2026,holdout_current_season_2026,False,before_first_pitch,KT,0.553,키움,False,KT,0.546,KT,0.552512,True,kt_without_false_signal_features,True,True,Not included in current best selected-pick segment.
2025-04-19,2025,키움,KT,키움,False,holdout,current_season_2026,holdout_current_season_2026,False,before_first_pitch,KT,0.524,KT,True,KT,0.545,KT,0.524225,True,kt_without_false_signal_features,True,True,Not included in current best selected-pick segment.
2025-04-20,2025,키움,KT,키움,False,holdout,current_season_2026,holdout_current_season_2026,False,before_first_pitch,KT,0.553,KT,True,KT,0.543,KT,0.553358,True,kt_without_false_signal_features,True,True,Not included in current best selected-pick segment.
2025-04-22,2025,KT,SSG,SSG,True,holdout,current_season_2026,holdout_current_season_2026,False,before_first_pitch,KT,0.608,KT,True,KT,0.526,KT,0.608345,True,kt_without_false_signal_features,True,True,Not included in current best selected-pick segment.
2025-04-23,2025,KT,SSG,SSG,True,holdout,current_season_2026,holdout_current_season_2026,False,before_first_pitch,KT,0.612,SSG,False,KT,0.542,KT,0.611836,True,kt_without_false_signal_features,True,True,Not included in current best selected-pick segment.
2025-04-24,2025,KT,SSG,SSG,True,holdout,current_season_2026,holdout_current_season_2026,False,before_first_pitch,KT,0.588,SSG,False,KT,0.533,KT,0.588298,True,kt_without_false_signal_features,True,True,Not included in current best selected-pick segment.
2025-04-25,2025,한화,KT,한화,False,holdout,current_season_2026,holdout_current_season_2026,False,before_first_pitch,KT,0.512,KT,True,한화,0.526,KT,0.512031,False,kt_without_false_signal_features,True,True,Not included in current best selected-pick segment.
2025-04-26,2025,한화,KT,한화,False,holdout,current_season_2026,holdout_current_season_2026,False,before_first_pitch,KT,0.579,한화,False,KT,0.527,KT,0.578538,True,kt_without_false_signal_features,True,True,Not included in current best selected-pick segment.
2025-04-27,2025,한화,KT,한화,False,holdout,current_season_2026,holdout_current_season_2026,False,before_first_pitch,KT,0.556,한화,False,한화,0.531,KT,0.555729,False,kt_without_false_signal_features,True,True,Not included in current best selected-pick segment.
2025-04-29,2025,두산,KT,두산,False,holdout,current_season_2026,holdout_current_season_2026,False,before_first_pitch,KT,0.563,KT,True,두산,0.527,KT,0.562511,False,kt_without_false_signal_features,True,True,Not included in current best selected-pick segment.
2025-04-30,2025,두산,KT,두산,False,holdout,current_season_2026,holdout_current_season_2026,False,before_first_pitch,KT,0.536,KT,True,두산,0.5,KT,0.536125,False,kt_without_false_signal_features,True,True,Not included in current best selected-pick segment.
2025-05-02,2025,KT,키움,키움,True,holdout,current_season_2026,holdout_current_season_2026,False,before_first_pitch,KT,0.593,키움,False,KT,0.569,KT,0.592861,True,kt_without_false_signal_features,True,True,Not included in current best selected-pick segment.
2025-05-03,2025,KT,키움,키움,True,holdout,current_season_2026,holdout_current_season_2026,False,before_first_pitch,KT,0.572,KT,True,KT,0.553,KT,0.572383,True,kt_without_false_signal_features,True,True,Not included in current best selected-pick segment.
2025-05-04,2025,KT,키움,키움,True,holdout,current_season_2026,holdout_current_season_2026,False,before_first_pitch,KT,0.593,KT,True,KT,0.569,KT,0.592529,True,kt_without_false_signal_features,True,True,Not included in current best selected-pick segment.
2025-05-05,2025,KT,NC,NC,True,holdout,current_season_2026,holdout_current_season_2026,False,before_first_pitch,KT,0.559,NC,False,KT,0.579,KT,0.558756,True,kt_without_false_signal_features,True,True,Not included in current best selected-pick segment.
2025-05-06,2025,KT,NC,NC,True,holdout,current_season_2026,holdout_current_season_2026,False,before_first_pitch,KT,0.572,NC,False,KT,0.578,KT,0.572033,True,kt_without_false_signal_features,True,True,Not included in current best selected-pick segment.
2025-05-07,2025,KT,NC,NC,True,holdout,current_season_2026,holdout_current_season_2026,False,before_first_pitch,KT,0.566,NC,False,KT,0.556,KT,0.56608,True,kt_without_false_signal_features,True,True,Not included in current best selected-pick segment.
2025-05-11,2025,KT,롯데,롯데,True,holdout,current_season_2026,holdout_current_season_2026,False,before_first_pitch,KT,0.555,롯데,False,롯데,0.544,KT,0.555027,False,kt_without_false_signal_features,True,True,Not included in current best selected-pick segment.
2025-05-13,2025,삼성,KT,삼성,False,holdout,current_season_2026,holdout_current_season_2026,False,before_first_pitch,KT,0.501,삼성,False,삼성,0.547,KT,0.501255,False,kt_without_false_signal_features,True,True,Not included in current best selected-pick segment.
2025-05-14,2025,삼성,KT,삼성,False,holdout,current_season_2026,holdout_current_season_2026,False,before_first_pitch,삼성,0.512,KT,False,삼성,0.559,삼성,0.488192,True,kt_without_false_signal_features,True,True,Not included in current best selected-pick segment.
2025-05-15,2025,삼성,KT,삼성,False,holdout,current_season_2026,holdout_current_season_2026,False,before_first_pitch,삼성,0.522,삼성,True,삼성,0.537,삼성,0.47752,True,kt_without_false_signal_features,True,True,Not included in current best selected-pick segment.
2025-05-17,2025,LG,KT,LG,False,holdout,current_season_2026,holdout_current_season_2026,False,before_first_pitch,LG,0.638,KT,False,LG,0.563,LG,0.361904,True,kt_without_false_signal_features,True,True,Not included in current best selected-pick segment.
2025-05-17,2025,LG,KT,LG,False,holdout,current_season_2026,holdout_current_season_2026,False,before_first_pitch,LG,0.695,KT,False,LG,0.529,LG,0.30539,True,kt_without_false_signal_features,True,True,Not included in current best selected-pick segment.
2025-05-18,2025,LG,KT,LG,False,holdout,current_season_2026,holdout_current_season_2026,False,before_first_pitch,LG,0.534,LG,True,LG,0.54,LG,0.465543,True,kt_without_false_signal_features,True,True,Not included in current best selected-pick segment.
2025-05-20,2025,KT,KIA,KIA,True,holdout,current_season_2026,holdout_current_season_2026,False,before_first_pitch,KIA,0.528,KT,False,KIA,0.513,KIA,0.471956,True,kt_without_false_signal_features,True,True,Not included in current best selected-pick segment.
2025-05-21,2025,KT,KIA,KIA,True,holdout,current_season_2026,holdout_current_season_2026,False,before_first_pitch,KT,0.541,KT,True,KIA,0.504,KT,0.541089,False,kt_without_false_signal_features,True,True,Not included in current best selected-pick segment.
2025-05-22,2025,KT,KIA,KIA,True,holdout,current_season_2026,holdout_current_season_2026,False,before_first_pitch,KT,0.571,KIA,False,KT,0.509,KT,0.570552,True,kt_without_false_signal_features,True,True,Not included in current best selected-pick segment.
2025-05-23,2025,키움,KT,키움,False,holdout,current_season_2026,holdout_current_season_2026,False,before_first_pitch,KT,0.588,KT,True,KT,0.569,KT,0.58808,True,kt_without_false_signal_features,True,True,Not included in current best selected-pick segment.
2025-05-24,2025,키움,KT,키움,False,holdout,current_season_2026,holdout_current_season_2026,False,before_first_pitch,KT,0.626,KT,True,KT,0.562,KT,0.626352,True,kt_without_false_signal_features,True,True,Not included in current best selected-pick segment.
2025-05-25,2025,키움,KT,키움,False,holdout,current_season_2026,holdout_current_season_2026,False,before_first_pitch,KT,0.568,KT,True,KT,0.574,KT,0.567769,True,kt_without_false_signal_features,True,True,Not included in current best selected-pick segment.
2025-05-27,2025,KT,두산,두산,True,holdout,current_season_2026,holdout_current_season_2026,False,before_first_pitch,KT,0.569,KT,True,KT,0.549,KT,0.569379,True,kt_without_false_signal_features,True,True,Not included in current best selected-pick segment.
2025-05-28,2025,KT,두산,두산,True,holdout,current_season_2026,holdout_current_season_2026,False,before_first_pitch,KT,0.584,두산,False,KT,0.525,KT,0.583992,True,kt_without_false_signal_features,True,True,Not included in current best selected-pick segment.
2025-05-29,2025,KT,두산,두산,True,holdout,current_season_2026,holdout_current_season_2026,False,before_first_pitch,KT,0.584,KT,True,KT,0.504,KT,0.583698,True,kt_without_false_signal_features,True,True,Not included in current best selected-pick segment.
2025-05-30,2025,KT,KIA,KIA,True,holdout,current_season_2026,holdout_current_season_2026,False,before_first_pitch,KT,0.58,KT,True,KT,0.519,KT,0.580105,True,kt_without_false_signal_features,True,True,Not included in current best selected-pick segment.
2025-05-31,2025,KT,KIA,KIA,True,holdout,current_season_2026,holdout_current_season_2026,False,before_first_pitch,KT,0.583,KT,True,KT,0.539,KT,0.582782,True,kt_without_false_signal_features,True,True,Not included in current best selected-pick segment.
2025-06-01,2025,KT,KIA,KIA,True,holdout,current_season_2026,holdout_current_season_2026,False,before_first_pitch,KT,0.598,KIA,False,KT,0.507,KT,0.598443,True,kt_without_false_signal_features,True,True,Not included in current best selected-pick segment.
2025-06-03,2025,한화,KT,한화,False,holdout,current_season_2026,holdout_current_season_2026,False,before_first_pitch,KT,0.531,한화,False,한화,0.556,KT,0.530967,False,kt_without_false_signal_features,True,True,Not included in current best selected-pick segment.
2025-06-04,2025,한화,KT,한화,False,holdout,current_season_2026,holdout_current_season_2026,False,before_first_pitch,KT,0.545,한화,False,한화,0.563,KT,0.545071,False,kt_without_false_signal_features,True,True,Not included in current best selected-pick segment.
2025-06-05,2025,한화,KT,한화,False,holdout,current_season_2026,holdout_current_season_2026,False,before_first_pitch,KT,0.551,KT,True,한화,0.579,KT,0.551194,False,kt_without_false_signal_features,True,True,Not included in current best selected-pick segment.
2025-06-06,2025,KT,SSG,SSG,True,holdout,current_season_2026,holdout_current_season_2026,False,before_first_pitch,KT,0.607,KT,True,KT,0.511,KT,0.607372,True,kt_without_false_signal_features,True,True,Not included in current best selected-pick segment.
2025-06-07,2025,KT,SSG,SSG,True,holdout,current_season_2026,holdout_current_season_2026,False,before_first_pitch,KT,0.582,KT,True,KT,0.529,KT,0.58214,True,kt_without_false_signal_features,True,True,Not included in current best selected-pick segment.
2025-06-08,2025,KT,SSG,SSG,True,holdout,current_season_2026,holdout_current_season_2026,False,before_first_pitch,KT,0.576,SSG,False,KT,0.542,KT,0.576128,True,kt_without_false_signal_features,True,True,Not included in current best selected-pick segment.
2025-06-10,2025,KT,롯데,롯데,True,holdout,current_season_2026,holdout_current_season_2026,False,before_first_pitch,KT,0.582,KT,True,KT,0.559,KT,0.581824,True,kt_without_false_signal_features,True,True,Not included in current best selected-pick segment.
2025-06-11,2025,KT,롯데,롯데,True,holdout,current_season_2026,holdout_current_season_2026,False,before_first_pitch,KT,0.573,롯데,False,KT,0.561,KT,0.572506,True,kt_without_false_signal_features,True,True,Not included in current best selected-pick segment.
2025-06-12,2025,KT,롯데,롯데,True,holdout,current_season_2026,holdout_current_season_2026,False,before_first_pitch,KT,0.577,롯데,False,KT,0.56,KT,0.576562,True,kt_without_false_signal_features,True,True,Not included in current best selected-pick segment.
2025-06-14,2025,삼성,KT,삼성,False,holdout,current_season_2026,holdout_current_season_2026,False,before_first_pitch,KT,0.534,KT,True,삼성,0.545,KT,0.533678,False,kt_without_false_signal_features,True,True,Not included in current best selected-pick segment.
2025-06-15,2025,삼성,KT,삼성,False,holdout,current_season_2026,holdout_current_season_2026,False,before_first_pitch,KT,0.53,KT,True,삼성,0.537,KT,0.529706,False,kt_without_false_signal_features,True,True,Not included in current best selected-pick segment.
2025-06-17,2025,KIA,KT,KIA,False,holdout,current_season_2026,holdout_current_season_2026,False,before_first_pitch,KT,0.522,KIA,False,KIA,0.531,KT,0.52199,False,kt_without_false_signal_features,True,True,Not included in current best selected-pick segment.
2025-06-18,2025,KIA,KT,KIA,False,holdout,current_season_2026,holdout_current_season_2026,False,before_first_pitch,KT,0.508,KIA,False,KIA,0.54,KT,0.508217,False,kt_without_false_signal_features,True,True,Not included in current best selected-pick segment.
2025-06-19,2025,KIA,KT,KIA,False,holdout,current_season_2026,holdout_current_season_2026,False,before_first_pitch,KT,0.52,KIA,False,KIA,0.558,KT,0.51987,False,kt_without_false_signal_features,True,True,Not included in current best selected-pick segment.
2025-06-21,2025,KT,NC,NC,True,holdout,current_season_2026,holdout_current_season_2026,False,before_first_pitch,KT,0.551,KT,True,KT,0.555,KT,0.550967,True,kt_without_false_signal_features,True,True,Not included in current best selected-pick segment.
2025-06-22,2025,KT,NC,NC,True,holdout,current_season_2026,holdout_current_season_2026,False,before_first_pitch,KT,0.542,NC,False,KT,0.571,KT,0.541578,True,kt_without_false_signal_features,True,True,Not included in current best selected-pick segment.
2025-06-24,2025,KT,LG,LG,True,holdout,current_season_2026,holdout_current_season_2026,False,before_first_pitch,KT,0.51,KT,True,KT,0.537,KT,0.510172,True,kt_without_false_signal_features,True,True,Not included in current best selected-pick segment.
2025-06-26,2025,KT,LG,LG,True,holdout,current_season_2026,holdout_current_season_2026,False,before_first_pitch,KT,0.547,LG,False,KT,0.547,KT,0.546698,True,kt_without_false_signal_features,True,True,Not included in current best selected-pick segment.
2025-06-27,2025,롯데,KT,롯데,False,holdout,current_season_2026,holdout_current_season_2026,False,before_first_pitch,KT,0.524,KT,True,롯데,0.56,KT,0.523888,False,kt_without_false_signal_features,True,True,Not included in current best selected-pick segment.
2025-06-28,2025,롯데,KT,롯데,False,holdout,current_season_2026,holdout_current_season_2026,False,before_first_pitch,KT,0.544,KT,True,롯데,0.547,KT,0.543691,False,kt_without_false_signal_features,True,True,Not included in current best selected-pick segment.
2025-06-29,2025,롯데,KT,롯데,False,holdout,current_season_2026,holdout_current_season_2026,False,before_first_pitch,KT,0.544,롯데,False,롯데,0.516,KT,0.5442,False,kt_without_false_signal_features,True,True,Not included in current best selected-pick segment.
2025-07-01,2025,KT,키움,키움,True,holdout,current_season_2026,holdout_current_season_2026,False,before_first_pitch,KT,0.519,키움,False,KT,0.573,KT,0.519025,True,kt_without_false_signal_features,True,True,Not included in current best selected-pick segment.
2025-07-02,2025,KT,키움,키움,True,holdout,current_season_2026,holdout_current_season_2026,False,before_first_pitch,KT,0.534,KT,True,KT,0.578,KT,0.533612,True,kt_without_false_signal_features,True,True,Not included in current best selected-pick segment.
2025-07-03,2025,KT,키움,키움,True,holdout,current_season_2026,holdout_current_season_2026,False,before_first_pitch,KT,0.579,KT,True,KT,0.572,KT,0.579474,True,kt_without_false_signal_features,True,True,Not included in current best selected-pick segment.
2025-07-04,2025,두산,KT,두산,False,holdout,current_season_2026,holdout_current_season_2026,False,before_first_pitch,KT,0.562,KT,True,KT,0.523,KT,0.5622,True,kt_without_false_signal_features,True,True,Not included in current best selected-pick segment.
2025-07-05,2025,두산,KT,두산,False,holdout,current_season_2026,holdout_current_season_2026,False,before_first_pitch,KT,0.544,두산,False,KT,0.523,KT,0.544029,True,kt_without_false_signal_features,True,True,Not included in current best selected-pick segment.
2025-07-06,2025,두산,KT,두산,False,holdout,current_season_2026,holdout_current_season_2026,False,before_first_pitch,KT,0.546,두산,False,KT,0.51,KT,0.546312,True,kt_without_false_signal_features,True,True,Not included in current best selected-pick segment.
2025-07-08,2025,SSG,KT,SSG,False,holdout,current_season_2026,holdout_current_season_2026,False,before_first_pitch,KT,0.569,SSG,False,SSG,0.53,KT,0.568895,False,kt_without_false_signal_features,True,True,Not included in current best selected-pick segment.
2025-07-09,2025,SSG,KT,SSG,False,holdout,current_season_2026,holdout_current_season_2026,False,before_first_pitch,SSG,0.515,KT,False,SSG,0.547,SSG,0.485314,True,kt_without_false_signal_features,True,True,Not included in current best selected-pick segment.
2025-07-10,2025,SSG,KT,SSG,False,holdout,current_season_2026,holdout_current_season_2026,False,before_first_pitch,KT,0.571,KT,True,SSG,0.53,KT,0.571037,False,kt_without_false_signal_features,True,True,Not included in current best selected-pick segment.
2025-07-18,2025,KT,한화,한화,True,holdout,current_season_2026,holdout_current_season_2026,False,before_first_pitch,한화,0.539,한화,True,한화,0.564,한화,0.4615,True,kt_without_false_signal_features,True,True,Not included in current best selected-pick segment.
2025-07-19,2025,KT,한화,한화,True,holdout,current_season_2026,holdout_current_season_2026,False,before_first_pitch,한화,0.543,한화,True,한화,0.547,한화,0.456997,True,kt_without_false_signal_features,True,True,Not included in current best selected-pick segment.
2025-07-20,2025,KT,한화,한화,True,holdout,current_season_2026,holdout_current_season_2026,False,before_first_pitch,한화,0.531,한화,True,한화,0.538,한화,0.468668,True,kt_without_false_signal_features,True,True,Not included in current best selected-pick segment.
2025-07-22,2025,NC,KT,NC,False,holdout,current_season_2026,holdout_current_season_2026,False,before_first_pitch,KT,0.51,KT,True,NC,0.53,KT,0.51033,False,kt_without_false_signal_features,True,True,Not included in current best selected-pick segment.
2025-07-23,2025,NC,KT,NC,False,holdout,current_season_2026,holdout_current_season_2026,False,before_first_pitch,KT,0.509,KT,True,NC,0.501,KT,0.509338,False,kt_without_false_signal_features,True,True,Not included in current best selected-pick segment.
2025-07-24,2025,NC,KT,NC,False,holdout,current_season_2026,holdout_current_season_2026,False,before_first_pitch,KT,0.505,KT,True,KT,0.535,KT,0.504746,True,kt_without_false_signal_features,True,True,Not included in current best selected-pick segment.
2025-07-25,2025,KT,삼성,삼성,True,holdout,current_season_2026,holdout_current_season_2026,False,before_first_pitch,KT,0.573,KT,True,KT,0.55,KT,0.573026,True,kt_without_false_signal_features,True,True,Not included in current best selected-pick segment.
2025-07-26,2025,KT,삼성,삼성,True,holdout,current_season_2026,holdout_current_season_2026,False,before_first_pitch,KT,0.585,삼성,False,KT,0.551,KT,0.584825,True,kt_without_false_signal_features,True,True,Not included in current best selected-pick segment.
2025-07-27,2025,KT,삼성,삼성,True,holdout,current_season_2026,holdout_current_season_2026,False,before_first_pitch,KT,0.593,KT,True,KT,0.55,KT,0.593181,True,kt_without_false_signal_features,True,True,Not included in current best selected-pick segment.
2025-07-29,2025,LG,KT,LG,False,holdout,current_season_2026,holdout_current_season_2026,False,before_first_pitch,KT,0.501,LG,False,LG,0.518,KT,0.501071,False,kt_without_false_signal_features,True,True,Not included in current best selected-pick segment.
2025-07-30,2025,LG,KT,LG,False,holdout,current_season_2026,holdout_current_season_2026,False,before_first_pitch,KT,0.522,LG,False,LG,0.537,KT,0.521689,False,kt_without_false_signal_features,True,True,Not included in current best selected-pick segment.
2025-07-31,2025,LG,KT,LG,False,holdout,current_season_2026,holdout_current_season_2026,False,before_first_pitch,KT,0.526,LG,False,LG,0.569,KT,0.526248,False,kt_without_false_signal_features,True,True,Not included in current best selected-pick segment.
2025-08-01,2025,NC,KT,NC,False,holdout,current_season_2026,holdout_current_season_2026,False,before_first_pitch,KT,0.539,NC,False,KT,0.507,KT,0.539433,True,kt_without_false_signal_features,True,True,Not included in current best selected-pick segment.
2025-08-02,2025,NC,KT,NC,False,holdout,current_season_2026,holdout_current_season_2026,False,before_first_pitch,NC,0.517,NC,True,NC,0.535,NC,0.48347,True,kt_without_false_signal_features,True,True,Not included in current best selected-pick segment.
2025-08-05,2025,한화,KT,한화,False,holdout,current_season_2026,holdout_current_season_2026,False,before_first_pitch,한화,0.555,KT,False,한화,0.569,한화,0.445425,True,kt_without_false_signal_features,True,True,Not included in current best selected-pick segment.
2025-08-06,2025,한화,KT,한화,False,holdout,current_season_2026,holdout_current_season_2026,False,before_first_pitch,한화,0.65,한화,True,한화,0.578,한화,0.350426,True,kt_without_false_signal_features,True,True,Not included in current best selected-pick segment.
2025-08-07,2025,한화,KT,한화,False,holdout,current_season_2026,holdout_current_season_2026,False,before_first_pitch,한화,0.652,KT,False,한화,0.578,한화,0.348374,True,kt_without_false_signal_features,True,True,Not included in current best selected-pick segment.
2025-08-08,2025,KT,삼성,삼성,True,holdout,current_season_2026,holdout_current_season_2026,False,before_first_pitch,삼성,0.598,삼성,True,KT,0.549,삼성,0.401997,False,kt_without_false_signal_features,True,True,Not included in current best selected-pick segment.
2025-08-09,2025,KT,삼성,삼성,True,holdout,current_season_2026,holdout_current_season_2026,False,before_first_pitch,삼성,0.615,KT,False,KT,0.543,삼성,0.385304,False,kt_without_false_signal_features,True,True,Not included in current best selected-pick segment.
2025-08-10,2025,KT,삼성,삼성,True,holdout,current_season_2026,holdout_current_season_2026,False,before_first_pitch,삼성,0.56,KT,False,KT,0.548,삼성,0.440299,False,kt_without_false_signal_features,True,True,Not included in current best selected-pick segment.
2025-08-12,2025,KT,LG,LG,True,holdout,current_season_2026,holdout_current_season_2026,False,before_first_pitch,LG,0.521,LG,True,LG,0.518,LG,0.478618,True,kt_without_false_signal_features,True,True,Not included in current best selected-pick segment.
2025-08-15,2025,키움,KT,키움,False,holdout,current_season_2026,holdout_current_season_2026,False,before_first_pitch,키움,0.544,키움,True,KT,0.531,키움,0.455787,False,kt_without_false_signal_features,True,True,Not included in current best selected-pick segment.
2025-08-16,2025,키움,KT,키움,False,holdout,current_season_2026,holdout_current_season_2026,False,before_first_pitch,KT,0.506,키움,False,KT,0.521,KT,0.506094,True,kt_without_false_signal_features,True,True,Not included in current best selected-pick segment.
2025-08-17,2025,키움,KT,키움,False,holdout,current_season_2026,holdout_current_season_2026,False,before_first_pitch,키움,0.501,KT,False,KT,0.506,키움,0.499012,False,kt_without_false_signal_features,True,True,Not included in current best selected-pick segment.
2025-08-19,2025,KT,SSG,SSG,True,holdout,current_season_2026,holdout_current_season_2026,False,before_first_pitch,KT,0.566,KT,True,SSG,0.521,KT,0.565736,False,kt_without_false_signal_features,True,True,Not included in current best selected-pick segment.
2025-08-20,2025,KT,SSG,SSG,True,holdout,current_season_2026,holdout_current_season_2026,False,before_first_pitch,KT,0.569,SSG,False,KT,0.503,KT,0.56859,True,kt_without_false_signal_features,True,True,Not included in current best selected-pick segment.
2025-08-21,2025,KT,SSG,SSG,True,holdout,current_season_2026,holdout_current_season_2026,False,before_first_pitch,KT,0.533,SSG,False,SSG,0.503,KT,0.532585,False,kt_without_false_signal_features,True,True,Not included in current best selected-pick segment.
2025-08-22,2025,두산,KT,두산,False,holdout,current_season_2026,holdout_current_season_2026,False,before_first_pitch,두산,0.549,KT,False,두산,0.553,두산,0.451402,True,kt_without_false_signal_features,True,True,Not included in current best selected-pick segment.
2025-08-23,2025,두산,KT,두산,False,holdout,current_season_2026,holdout_current_season_2026,False,before_first_pitch,KT,0.522,KT,True,두산,0.545,KT,0.522039,False,kt_without_false_signal_features,True,True,Not included in current best selected-pick segment.
2025-08-24,2025,두산,KT,두산,False,holdout,current_season_2026,holdout_current_season_2026,False,before_first_pitch,KT,0.508,KT,True,두산,0.543,KT,0.507927,False,kt_without_false_signal_features,True,True,Not included in current best selected-pick segment.
2025-08-26,2025,롯데,KT,롯데,False,holdout,current_season_2026,holdout_current_season_2026,False,before_first_pitch,롯데,0.501,롯데,True,KT,0.522,롯데,0.498564,False,kt_without_false_signal_features,True,True,Not included in current best selected-pick segment.
2025-08-27,2025,롯데,KT,롯데,False,holdout,current_season_2026,holdout_current_season_2026,False,before_first_pitch,KT,0.529,KT,True,KT,0.506,KT,0.528507,True,kt_without_false_signal_features,True,True,Not included in current best selected-pick segment.
2025-08-28,2025,롯데,KT,롯데,False,holdout,current_season_2026,holdout_current_season_2026,False,before_first_pitch,KT,0.554,롯데,False,롯데,0.512,KT,0.553802,False,kt_without_false_signal_features,True,True,Not included in current best selected-pick segment.
2025-08-29,2025,KT,KIA,KIA,True,holdout,current_season_2026,holdout_current_season_2026,False,before_first_pitch,KT,0.576,KIA,False,KT,0.538,KT,0.576422,True,kt_without_false_signal_features,True,True,Not included in current best selected-pick segment.
2025-08-30,2025,KT,KIA,KIA,True,holdout,current_season_2026,holdout_current_season_2026,False,before_first_pitch,KT,0.522,KT,True,KT,0.503,KT,0.521986,True,kt_without_false_signal_features,True,True,Not included in current best selected-pick segment.
2025-08-31,2025,KT,KIA,KIA,True,holdout,current_season_2026,holdout_current_season_2026,False,before_first_pitch,KT,0.564,KT,True,KT,0.52,KT,0.564003,True,kt_without_false_signal_features,True,True,Not included in current best selected-pick segment.
2025-09-02,2025,KT,NC,NC,True,holdout,current_season_2026,holdout_current_season_2026,False,before_first_pitch,KT,0.587,NC,False,KT,0.551,KT,0.586875,True,kt_without_false_signal_features,True,True,Not included in current best selected-pick segment.
2025-09-03,2025,KT,롯데,롯데,True,holdout,current_season_2026,holdout_current_season_2026,False,before_first_pitch,KT,0.557,KT,True,KT,0.552,KT,0.557384,True,kt_without_false_signal_features,True,True,Not included in current best selected-pick segment.
2025-09-04,2025,KT,LG,LG,True,holdout,current_season_2026,holdout_current_season_2026,False,before_first_pitch,KT,0.51,LG,False,LG,0.572,KT,0.510131,False,kt_without_false_signal_features,True,True,Not included in current best selected-pick segment.
2025-09-09,2025,KT,두산,두산,True,holdout,current_season_2026,holdout_current_season_2026,False,before_first_pitch,KT,0.515,KT,True,KT,0.52,KT,0.515292,True,kt_without_false_signal_features,True,True,Not included in current best selected-pick segment.
2025-09-11,2025,LG,KT,LG,False,holdout,current_season_2026,holdout_current_season_2026,False,before_first_pitch,LG,0.505,KT,False,LG,0.561,LG,0.494886,True,kt_without_false_signal_features,True,True,Not included in current best selected-pick segment.
2025-09-13,2025,삼성,KT,삼성,False,holdout,current_season_2026,holdout_current_season_2026,False,before_first_pitch,KT,0.541,KT,True,KT,0.507,KT,0.540823,True,kt_without_false_signal_features,True,True,Not included in current best selected-pick segment.
2025-09-14,2025,삼성,KT,삼성,False,holdout,current_season_2026,holdout_current_season_2026,False,before_first_pitch,KT,0.539,삼성,False,KT,0.505,KT,0.538602,True,kt_without_false_signal_features,True,True,Not included in current best selected-pick segment.
2025-09-16,2025,KT,LG,LG,True,holdout,current_season_2026,holdout_current_season_2026,False,before_first_pitch,KT,0.558,LG,False,KT,0.505,KT,0.557525,True,kt_without_false_signal_features,True,True,Not included in current best selected-pick segment.
2025-09-18,2025,KT,LG,LG,True,holdout,current_season_2026,holdout_current_season_2026,False,before_first_pitch,KT,0.513,LG,False,LG,0.518,KT,0.51348,False,kt_without_false_signal_features,True,True,Not included in current best selected-pick segment.
2025-09-18,2025,KT,LG,LG,True,holdout,current_season_2026,holdout_current_season_2026,False,before_first_pitch,KT,0.506,LG,False,LG,0.523,KT,0.505567,False,kt_without_false_signal_features,True,True,Not included in current best selected-pick segment.
2025-09-20,2025,KT,한화,한화,True,holdout,current_season_2026,holdout_current_season_2026,False,before_first_pitch,한화,0.646,KT,False,한화,0.544,한화,0.354096,True,kt_without_false_signal_features,True,True,Not included in current best selected-pick segment.
2025-09-21,2025,KT,삼성,삼성,True,holdout,current_season_2026,holdout_current_season_2026,False,before_first_pitch,KT,0.52,KT,True,삼성,0.528,KT,0.519775,False,kt_without_false_signal_features,True,True,Not included in current best selected-pick segment.
2025-09-23,2025,KT,키움,키움,True,holdout,current_season_2026,holdout_current_season_2026,False,before_first_pitch,KT,0.57,KT,True,KT,0.563,KT,0.57046,True,kt_without_false_signal_features,True,True,Not included in current best selected-pick segment.
2025-09-25,2025,SSG,KT,SSG,False,holdout,current_season_2026,holdout_current_season_2026,False,before_first_pitch,KT,0.537,KT,True,SSG,0.533,KT,0.536713,False,kt_without_false_signal_features,True,True,Not included in current best selected-pick segment.
2025-09-26,2025,SSG,KT,SSG,False,holdout,current_season_2026,holdout_current_season_2026,False,before_first_pitch,KT,0.554,SSG,False,SSG,0.513,KT,0.554123,False,kt_without_false_signal_features,True,True,Not included in current best selected-pick segment.
2025-09-30,2025,NC,KT,NC,False,holdout,current_season_2026,holdout_current_season_2026,False,before_first_pitch,NC,0.515,NC,True,KT,0.505,NC,0.484769,False,kt_without_false_signal_features,True,True,Not included in current best selected-pick segment.
2025-10-01,2025,KIA,KT,KIA,False,holdout,current_season_2026,holdout_current_season_2026,False,before_first_pitch,KT,0.521,KT,True,KT,0.561,KT,0.521112,True,kt_without_false_signal_features,True,True,Not included in current best selected-pick segment.
2026-03-28,2026,LG,KT,LG,False,holdout,current_season_2026,holdout_current_season_2026,False,before_first_pitch,KT,0.546,KT,True,LG,0.538,KT,0.545955,False,kt_without_false_signal_features,True,True,Not included in current best selected-pick segment.
2026-03-29,2026,LG,KT,LG,False,holdout,current_season_2026,holdout_current_season_2026,False,before_first_pitch,LG,0.617,KT,False,LG,0.52,LG,0.383156,True,kt_without_false_signal_features,True,True,Not included in current best selected-pick segment.
2026-03-31,2026,한화,KT,한화,False,holdout,current_season_2026,holdout_current_season_2026,False,before_first_pitch,한화,0.646,KT,False,한화,0.557,한화,0.354408,True,kt_without_false_signal_features,True,True,Not included in current best selected-pick segment.
2026-04-01,2026,한화,KT,한화,False,holdout,current_season_2026,holdout_current_season_2026,False,before_first_pitch,한화,0.612,KT,False,한화,0.553,한화,0.388281,True,kt_without_false_signal_features,True,True,Not included in current best selected-pick segment.
2026-04-02,2026,한화,KT,한화,False,holdout,current_season_2026,holdout_current_season_2026,False,before_first_pitch,한화,0.571,KT,False,한화,0.52,한화,0.428786,True,kt_without_false_signal_features,True,True,Not included in current best selected-pick segment.
2026-04-03,2026,KT,삼성,삼성,True,holdout,current_season_2026,holdout_current_season_2026,False,before_first_pitch,삼성,0.574,삼성,True,KT,0.525,삼성,0.425796,False,kt_without_false_signal_features,True,True,Not included in current best selected-pick segment.
2026-04-04,2026,KT,삼성,삼성,True,holdout,current_season_2026,holdout_current_season_2026,False,before_first_pitch,KT,0.519,삼성,False,KT,0.55,KT,0.519433,True,kt_without_false_signal_features,True,True,Not included in current best selected-pick segment.
2026-04-05,2026,KT,삼성,삼성,True,holdout,current_season_2026,holdout_current_season_2026,False,before_first_pitch,KT,0.515,KT,True,KT,0.507,KT,0.514905,True,kt_without_false_signal_features,True,True,Not included in current best selected-pick segment.
2026-04-07,2026,롯데,KT,롯데,False,holdout,current_season_2026,holdout_current_season_2026,False,before_first_pitch,KT,0.544,KT,True,KT,0.545,KT,0.544193,True,kt_without_false_signal_features,True,True,Not included in current best selected-pick segment.
2026-04-08,2026,롯데,KT,롯데,False,holdout,current_season_2026,holdout_current_season_2026,False,before_first_pitch,KT,0.563,롯데,False,KT,0.541,KT,0.563195,True,kt_without_false_signal_features,True,True,Not included in current best selected-pick segment.
2026-04-10,2026,KT,두산,두산,True,holdout,current_season_2026,holdout_current_season_2026,False,before_first_pitch,KT,0.547,두산,False,KT,0.581,KT,0.547362,True,kt_without_false_signal_features,True,True,Not included in current best selected-pick segment.
2026-04-11,2026,KT,두산,두산,True,holdout,current_season_2026,holdout_current_season_2026,False,before_first_pitch,KT,0.534,KT,True,KT,0.582,KT,0.534136,True,kt_without_false_signal_features,True,True,Not included in current best selected-pick segment.
2026-04-12,2026,KT,두산,두산,True,holdout,current_season_2026,holdout_current_season_2026,False,before_first_pitch,KT,0.544,KT,True,KT,0.577,KT,0.544386,True,kt_without_false_signal_features,True,True,Not included in current best selected-pick segment.
2026-04-14,2026,NC,KT,NC,False,holdout,current_season_2026,holdout_current_season_2026,False,before_first_pitch,KT,0.567,NC,False,KT,0.51,KT,0.56672,True,kt_without_false_signal_features,True,True,Not included in current best selected-pick segment.
2026-04-15,2026,NC,KT,NC,False,holdout,current_season_2026,holdout_current_season_2026,False,before_first_pitch,KT,0.528,KT,True,KT,0.51,KT,0.528229,True,kt_without_false_signal_features,True,True,Not included in current best selected-pick segment.
2026-04-16,2026,NC,KT,NC,False,holdout,current_season_2026,holdout_current_season_2026,False,before_first_pitch,KT,0.548,KT,True,KT,0.521,KT,0.548113,True,kt_without_false_signal_features,True,True,Not included in current best selected-pick segment.
2026-04-17,2026,KT,키움,키움,True,holdout,current_season_2026,holdout_current_season_2026,False,before_first_pitch,KT,0.571,KT,True,KT,0.557,KT,0.570576,True,kt_without_false_signal_features,True,True,Not included in current best selected-pick segment.
2026-04-18,2026,KT,키움,키움,True,holdout,current_season_2026,holdout_current_season_2026,False,before_first_pitch,KT,0.588,KT,True,KT,0.58,KT,0.588144,True,kt_without_false_signal_features,True,True,Not included in current best selected-pick segment.
2026-04-19,2026,KT,키움,키움,True,holdout,current_season_2026,holdout_current_season_2026,False,before_first_pitch,KT,0.629,키움,False,KT,0.579,KT,0.629335,True,kt_without_false_signal_features,True,True,Not included in current best selected-pick segment.
2026-04-21,2026,KT,KIA,KIA,True,holdout,current_season_2026,holdout_current_season_2026,False,before_first_pitch,KT,0.583,KT,True,KT,0.55,KT,0.58294,True,kt_without_false_signal_features,True,True,Not included in current best selected-pick segment.
2026-04-22,2026,KT,KIA,KIA,True,holdout,current_season_2026,holdout_current_season_2026,False,before_first_pitch,KT,0.551,KT,True,KT,0.556,KT,0.551042,True,kt_without_false_signal_features,True,True,Not included in current best selected-pick segment.
2026-04-23,2026,KT,KIA,KIA,True,holdout,current_season_2026,holdout_current_season_2026,False,before_first_pitch,KT,0.58,KT,True,KT,0.564,KT,0.58047,True,kt_without_false_signal_features,True,True,Not included in current best selected-pick segment.
2026-04-24,2026,SSG,KT,SSG,False,holdout,current_season_2026,holdout_current_season_2026,False,before_first_pitch,KT,0.551,SSG,False,SSG,0.524,KT,0.55122,False,kt_without_false_signal_features,True,True,Not included in current best selected-pick segment.
2026-04-25,2026,SSG,KT,SSG,False,holdout,current_season_2026,holdout_current_season_2026,False,before_first_pitch,KT,0.563,SSG,False,SSG,0.545,KT,0.562696,False,kt_without_false_signal_features,True,True,Not included in current best selected-pick segment.
2026-04-26,2026,SSG,KT,SSG,False,holdout,current_season_2026,holdout_current_season_2026,False,before_first_pitch,KT,0.52,KT,True,SSG,0.54,KT,0.519548,False,kt_without_false_signal_features,True,True,Not included in current best selected-pick segment.
2026-04-28,2026,KT,LG,LG,True,holdout,current_season_2026,holdout_current_season_2026,False,before_first_pitch,KT,0.589,KT,True,KT,0.519,KT,0.588732,True,kt_without_false_signal_features,True,True,Not included in current best selected-pick segment.
2026-04-29,2026,KT,LG,LG,True,holdout,current_season_2026,holdout_current_season_2026,False,before_first_pitch,KT,0.59,KT,True,KT,0.555,KT,0.589685,True,kt_without_false_signal_features,True,True,Not included in current best selected-pick segment.
2026-04-30,2026,KT,LG,LG,True,holdout,current_season_2026,holdout_current_season_2026,False,before_first_pitch,KT,0.575,LG,False,KT,0.561,KT,0.574758,True,kt_without_false_signal_features,True,True,Not included in current best selected-pick segment.
2026-05-01,2026,KIA,KT,KIA,False,holdout,current_season_2026,holdout_current_season_2026,False,before_first_pitch,KT,0.531,KT,True,KT,0.558,KT,0.531259,True,kt_without_false_signal_features,True,True,Not included in current best selected-pick segment.
2026-05-02,2026,KIA,KT,KIA,False,holdout,current_season_2026,holdout_current_season_2026,False,before_first_pitch,KT,0.562,KIA,False,KT,0.521,KT,0.561923,True,kt_without_false_signal_features,True,True,Not included in current best selected-pick segment.
2026-05-03,2026,KIA,KT,KIA,False,holdout,current_season_2026,holdout_current_season_2026,False,before_first_pitch,KT,0.543,KT,True,KT,0.523,KT,0.542762,True,kt_without_false_signal_features,True,True,Not included in current best selected-pick segment.
2026-05-05,2026,KT,롯데,롯데,True,holdout,current_season_2026,holdout_current_season_2026,False,before_first_pitch,KT,0.575,KT,True,KT,0.56,KT,0.574991,True,kt_without_false_signal_features,True,True,Not included in current best selected-pick segment.
2026-05-06,2026,KT,롯데,롯데,True,holdout,current_season_2026,holdout_current_season_2026,False,before_first_pitch,KT,0.578,롯데,False,KT,0.557,KT,0.578035,True,kt_without_false_signal_features,True,True,Not included in current best selected-pick segment.
2026-05-08,2026,키움,KT,키움,False,holdout,current_season_2026,holdout_current_season_2026,False,before_first_pitch,KT,0.528,KT,True,KT,0.562,KT,0.528128,True,kt_without_false_signal_features,True,True,Not included in current best selected-pick segment.
2026-05-10,2026,키움,KT,키움,False,holdout,current_season_2026,holdout_current_season_2026,False,before_first_pitch,KT,0.512,키움,False,KT,0.582,KT,0.511968,True,kt_without_false_signal_features,True,True,Not included in current best selected-pick segment.
2026-05-12,2026,KT,SSG,SSG,True,holdout,current_season_2026,holdout_current_season_2026,False,before_first_pitch,KT,0.565,SSG,False,KT,0.565,KT,0.564825,True,kt_without_false_signal_features,True,True,Not included in current best selected-pick segment.
2026-05-13,2026,KT,SSG,SSG,True,holdout,current_season_2026,holdout_current_season_2026,False,before_first_pitch,KT,0.527,KT,True,KT,0.535,KT,0.526896,True,kt_without_false_signal_features,True,True,Not included in current best selected-pick segment.
2026-05-14,2026,KT,SSG,SSG,True,holdout,current_season_2026,holdout_current_season_2026,False,before_first_pitch,KT,0.578,SSG,False,KT,0.559,KT,0.578419,True,kt_without_false_signal_features,True,True,Not included in current best selected-pick segment.
2026-05-15,2026,KT,한화,한화,True,holdout,current_season_2026,holdout_current_season_2026,False,before_first_pitch,한화,0.573,한화,True,KT,0.565,한화,0.427335,False,kt_without_false_signal_features,True,True,Not included in current best selected-pick segment.
2026-05-16,2026,KT,한화,한화,True,holdout,current_season_2026,holdout_current_season_2026,False,before_first_pitch,한화,0.606,한화,True,KT,0.547,한화,0.393885,False,kt_without_false_signal_features,True,True,Not included in current best selected-pick segment.
2026-05-17,2026,KT,한화,한화,True,holdout,current_season_2026,holdout_current_season_2026,False,before_first_pitch,한화,0.591,KT,False,KT,0.53,한화,0.409327,False,kt_without_false_signal_features,True,True,Not included in current best selected-pick segment.
2026-05-19,2026,삼성,KT,삼성,False,holdout,current_season_2026,holdout_current_season_2026,False,before_first_pitch,삼성,0.54,삼성,True,삼성,0.535,삼성,0.460058,True,kt_without_false_signal_features,True,True,Not included in current best selected-pick segment.
2026-05-21,2026,삼성,KT,삼성,False,holdout,current_season_2026,holdout_current_season_2026,False,before_first_pitch,삼성,0.562,삼성,True,삼성,0.533,삼성,0.438109,True,kt_without_false_signal_features,True,True,Not included in current best selected-pick segment.
2026-05-22,2026,KT,NC,NC,True,holdout,current_season_2026,holdout_current_season_2026,False,before_first_pitch,NC,0.541,KT,False,KT,0.587,NC,0.459224,False,kt_without_false_signal_features,True,True,Not included in current best selected-pick segment.
2026-05-23,2026,KT,NC,NC,True,holdout,current_season_2026,holdout_current_season_2026,False,before_first_pitch,NC,0.576,KT,False,KT,0.587,NC,0.423846,False,kt_without_false_signal_features,True,True,Not included in current best selected-pick segment.
2026-05-24,2026,KT,NC,NC,True,holdout,current_season_2026,holdout_current_season_2026,False,before_first_pitch,NC,0.52,NC,True,KT,0.587,NC,0.480405,False,kt_without_false_signal_features,True,True,Not included in current best selected-pick segment.
2026-05-26,2026,두산,KT,두산,False,holdout,current_season_2026,holdout_current_season_2026,False,before_first_pitch,두산,0.611,KT,False,KT,0.508,두산,0.389165,False,kt_without_false_signal_features,True,True,Not included in current best selected-pick segment.
2026-05-27,2026,두산,KT,두산,False,holdout,current_season_2026,holdout_current_season_2026,False,before_first_pitch,두산,0.562,두산,True,KT,0.508,두산,0.437639,False,kt_without_false_signal_features,True,True,Not included in current best selected-pick segment.
2026-05-28,2026,두산,KT,두산,False,holdout,current_season_2026,holdout_current_season_2026,False,before_first_pitch,두산,0.571,KT,False,KT,0.506,두산,0.42942,False,kt_without_false_signal_features,True,True,Not included in current best selected-pick segment.
2026-05-29,2026,키움,KT,키움,False,holdout,current_season_2026,holdout_current_season_2026,False,before_first_pitch,KT,0.586,KT,True,KT,0.56,KT,0.586136,True,kt_without_false_signal_features,True,True,Not included in current best selected-pick segment.
2026-05-30,2026,키움,KT,키움,False,holdout,current_season_2026,holdout_current_season_2026,False,before_first_pitch,KT,0.571,KT,True,KT,0.558,KT,0.570876,True,kt_without_false_signal_features,True,True,Not included in current best selected-pick segment.
2026-05-31,2026,키움,KT,키움,False,holdout,current_season_2026,holdout_current_season_2026,False,before_first_pitch,KT,0.571,KT,True,KT,0.574,KT,0.571441,True,kt_without_false_signal_features,True,True,Not included in current best selected-pick segment.
2026-06-02,2026,KT,LG,LG,True,holdout,current_season_2026,holdout_current_season_2026,False,before_first_pitch,KT,0.561,LG,False,LG,0.522,KT,0.56135,False,kt_without_false_signal_features,True,True,Not included in current best selected-pick segment.
2026-06-03,2026,KT,LG,LG,True,holdout,current_season_2026,holdout_current_season_2026,False,before_first_pitch,KT,0.539,KT,True,KT,0.507,KT,0.539133,True,kt_without_false_signal_features,True,True,Not included in current best selected-pick segment.
2026-06-04,2026,KT,LG,LG,True,holdout,current_season_2026,holdout_current_season_2026,False,before_first_pitch,LG,0.533,LG,True,LG,0.508,LG,0.467355,True,kt_without_false_signal_features,True,True,Not included in current best selected-pick segment.
2026-06-05,2026,SSG,KT,SSG,False,holdout,current_season_2026,holdout_current_season_2026,False,before_first_pitch,SSG,0.502,SSG,True,KT,0.529,SSG,0.497722,False,kt_without_false_signal_features,True,True,Not included in current best selected-pick segment.
2026-06-06,2026,SSG,KT,SSG,False,holdout,current_season_2026,holdout_current_season_2026,False,before_first_pitch,KT,0.517,KT,True,KT,0.526,KT,0.517283,True,kt_without_false_signal_features,True,True,Not included in current best selected-pick segment.
2026-06-07,2026,SSG,KT,SSG,False,holdout,current_season_2026,holdout_current_season_2026,False,before_first_pitch,KT,0.521,SSG,False,KT,0.526,KT,0.520818,True,kt_without_false_signal_features,True,True,Not included in current best selected-pick segment.
2026-06-09,2026,KT,삼성,삼성,True,holdout,current_season_2026,holdout_current_season_2026,False,before_first_pitch,삼성,0.517,KT,False,삼성,0.524,삼성,0.482854,True,kt_without_false_signal_features,True,True,Not included in current best selected-pick segment.
2026-06-10,2026,KT,삼성,삼성,True,holdout,current_season_2026,holdout_current_season_2026,False,before_first_pitch,KT,0.547,KT,True,KT,0.529,KT,0.546893,True,kt_without_false_signal_features,True,True,Not included in current best selected-pick segment.
2026-06-11,2026,KT,삼성,삼성,True,holdout,current_season_2026,holdout_current_season_2026,False,before_first_pitch,KT,0.519,삼성,False,KT,0.544,KT,0.519092,True,kt_without_false_signal_features,True,True,Not included in current best selected-pick segment.
2026-06-12,2026,KT,NC,NC,True,holdout,current_season_2026,holdout_current_season_2026,False,before_first_pitch,KT,0.531,KT,True,KT,0.566,KT,0.531426,True,kt_without_false_signal_features,True,True,Not included in current best selected-pick segment.
2026-06-13,2026,KT,NC,NC,True,holdout,current_season_2026,holdout_current_season_2026,False,before_first_pitch,KT,0.501,KT,True,KT,0.562,KT,0.500523,True,kt_without_false_signal_features,True,True,Not included in current best selected-pick segment.
2026-06-16,2026,두산,KT,두산,False,holdout,current_season_2026,holdout_current_season_2026,False,before_first_pitch,KT,0.501,KT,True,두산,0.503,KT,0.501498,False,kt_without_false_signal_features,True,True,Not included in current best selected-pick segment.
2026-06-17,2026,두산,KT,두산,False,holdout,current_season_2026,holdout_current_season_2026,False,before_first_pitch,KT,0.536,KT,True,KT,0.504,KT,0.535762,True,kt_without_false_signal_features,True,True,Not included in current best selected-pick segment.
2026-06-18,2026,두산,KT,두산,False,holdout,current_season_2026,holdout_current_season_2026,False,before_first_pitch,KT,0.551,두산,False,KT,0.526,KT,0.551077,True,kt_without_false_signal_features,True,True,Not included in current best selected-pick segment.
2026-06-19,2026,KT,KIA,KIA,True,holdout,current_season_2026,holdout_current_season_2026,False,before_first_pitch,KT,0.599,KIA,False,KT,0.529,KT,0.598888,True,kt_without_false_signal_features,True,True,Not included in current best selected-pick segment.
2026-06-20,2026,KT,KIA,KIA,True,holdout,current_season_2026,holdout_current_season_2026,False,before_first_pitch,KT,0.51,KT,True,KT,0.514,KT,0.509793,True,kt_without_false_signal_features,True,True,Not included in current best selected-pick segment.
2026-06-21,2026,KT,KIA,KIA,True,holdout,current_season_2026,holdout_current_season_2026,False,before_first_pitch,KT,0.554,KIA,False,KT,0.528,KT,0.55354,True,kt_without_false_signal_features,True,True,Not included in current best selected-pick segment.
2026-06-23,2026,KT,SSG,SSG,True,holdout,current_season_2026,holdout_current_season_2026,False,before_first_pitch,SSG,0.523,KT,False,KT,0.558,SSG,0.477087,False,kt_without_false_signal_features,True,True,Not included in current best selected-pick segment.
2026-06-24,2026,KT,SSG,SSG,True,holdout,current_season_2026,holdout_current_season_2026,False,before_first_pitch,KT,0.521,SSG,False,KT,0.554,KT,0.520838,True,kt_without_false_signal_features,True,True,Not included in current best selected-pick segment.
2026-06-25,2026,KT,SSG,SSG,True,holdout,current_season_2026,holdout_current_season_2026,False,before_first_pitch,KT,0.529,KT,True,KT,0.554,KT,0.528914,True,kt_without_false_signal_features,True,True,Not included in current best selected-pick segment.
2026-06-26,2026,삼성,KT,삼성,False,holdout,current_season_2026,holdout_current_season_2026,False,before_first_pitch,삼성,0.522,삼성,True,삼성,0.516,삼성,0.478409,True,kt_without_false_signal_features,True,True,Not included in current best selected-pick segment.
2026-06-27,2026,삼성,KT,삼성,False,holdout,current_season_2026,holdout_current_season_2026,False,before_first_pitch,삼성,0.529,삼성,True,삼성,0.547,삼성,0.470953,True,kt_without_false_signal_features,True,True,Not included in current best selected-pick segment.
2026-06-28,2026,삼성,KT,삼성,False,holdout,current_season_2026,holdout_current_season_2026,False,before_first_pitch,KT,0.504,삼성,False,삼성,0.55,KT,0.50447,False,kt_without_false_signal_features,True,True,Not included in current best selected-pick segment.
2026-07-01,2026,한화,KT,한화,False,holdout,current_season_2026,holdout_current_season_2026,False,before_first_pitch,한화,0.586,KT,False,한화,0.511,한화,0.414222,True,kt_without_false_signal_features,True,True,Not included in current best selected-pick segment.
2026-07-02,2026,한화,KT,한화,False,holdout,current_season_2026,holdout_current_season_2026,False,before_first_pitch,한화,0.628,한화,True,KT,0.503,한화,0.371918,False,kt_without_false_signal_features,True,True,Not included in current best selected-pick segment.
2026-07-03,2026,KT,롯데,롯데,True,holdout,current_season_2026,holdout_current_season_2026,False,before_first_pitch,롯데,0.527,롯데,True,KT,0.559,롯데,0.473222,False,kt_without_false_signal_features,True,True,Not included in current best selected-pick segment.
2026-07-04,2026,KT,롯데,롯데,True,holdout,current_season_2026,holdout_current_season_2026,False,before_first_pitch,롯데,0.519,롯데,True,KT,0.542,롯데,0.48051,False,kt_without_false_signal_features,True,True,Not included in current best selected-pick segment.
2026-07-05,2026,KT,롯데,롯데,True,holdout,current_season_2026,holdout_current_season_2026,False,before_first_pitch,KT,0.507,KT,True,롯데,0.5,KT,0.506597,False,kt_without_false_signal_features,True,True,Not included in current best selected-pick segment.
2026-07-07,2026,KT,키움,키움,True,holdout,current_season_2026,holdout_current_season_2026,False,before_first_pitch,KT,0.531,KT,True,KT,0.584,KT,0.530631,True,kt_without_false_signal_features,True,True,Not included in current best selected-pick segment.
2026-07-08,2026,KT,키움,키움,True,holdout,current_season_2026,holdout_current_season_2026,False,before_first_pitch,키움,0.503,KT,False,KT,0.583,키움,0.496562,False,kt_without_false_signal_features,True,True,Not included in current best selected-pick segment.
2026-07-16,2026,LG,KT,LG,False,holdout,current_season_2026,holdout_current_season_2026,False,before_first_pitch,LG,0.529,KT,False,LG,0.553,LG,0.470538,True,kt_without_false_signal_features,True,True,Not included in current best selected-pick segment.
2026-07-17,2026,LG,KT,LG,False,holdout,current_season_2026,holdout_current_season_2026,False,before_first_pitch,KT,0.529,KT,True,LG,0.537,KT,0.529246,False,kt_without_false_signal_features,True,True,Not included in current best selected-pick segment.
2026-07-18,2026,LG,KT,LG,False,holdout,current_season_2026,holdout_current_season_2026,False,before_first_pitch,KT,0.539,KT,True,LG,0.526,KT,0.538566,False,kt_without_false_signal_features,True,True,Not included in current best selected-pick segment.
2026-07-19,2026,LG,KT,LG,False,holdout,current_season_2026,holdout_current_season_2026,False,before_first_pitch,KT,0.546,KT,True,LG,0.503,KT,0.546479,False,kt_without_false_signal_features,True,True,Not included in current best selected-pick segment.
2026-07-24,2026,롯데,KT,롯데,False,holdout,current_season_2026,holdout_current_season_2026,False,before_first_pitch,KT,0.533,KT,True,KT,0.517,KT,0.532606,True,kt_without_false_signal_features,True,True,Not included in current best selected-pick segment.
2026-07-25,2026,롯데,KT,롯데,False,holdout,current_season_2026,holdout_current_season_2026,False,before_first_pitch,KT,0.556,KT,True,KT,0.516,KT,0.555707,True,kt_without_false_signal_features,True,True,Not included in current best selected-pick segment.
2026-07-26,2026,롯데,KT,롯데,False,holdout,current_season_2026,holdout_current_season_2026,False,before_first_pitch,롯데,0.539,롯데,True,KT,0.52,롯데,0.461158,False,kt_without_false_signal_features,True,True,Not included in current best selected-pick segment.
2026-07-28,2026,NC,KT,NC,False,holdout,current_season_2026,holdout_current_season_2026,False,before_first_pitch,KT,0.51,KT,True,KT,0.553,KT,0.509846,True,kt_without_false_signal_features,True,True,Not included in current best selected-pick segment.
2026-07-29,2026,NC,KT,NC,False,holdout,current_season_2026,holdout_current_season_2026,False,before_first_pitch,KT,0.54,KT,True,KT,0.554,KT,0.540224,True,kt_without_false_signal_features,True,True,Not included in current best selected-pick segment.
2026-07-30,2026,NC,KT,NC,False,holdout,current_season_2026,holdout_current_season_2026,False,before_first_pitch,KT,0.522,KT,True,KT,0.552,KT,0.522204,True,kt_without_false_signal_features,True,True,Not included in current best selected-pick segment.
2026-07-31,2026,KT,한화,한화,True,holdout,current_season_2026,holdout_current_season_2026,False,before_first_pitch,KT,0.526,KT,True,KT,0.562,KT,0.526474,True,kt_without_false_signal_features,True,True,Not included in current best selected-pick segment.
2026-08-01,2026,KT,한화,한화,True,holdout,current_season_2026,holdout_current_season_2026,False,before_first_pitch,KT,0.53,KT,True,KT,0.563,KT,0.530478,True,kt_without_false_signal_features,True,True,Not included in current best selected-pick segment.
2026-08-02,2026,KT,한화,한화,True,holdout,current_season_2026,holdout_current_season_2026,False,before_first_pitch,한화,0.508,KT,False,KT,0.571,한화,0.491958,False,kt_without_false_signal_features,True,True,Not included in current best selected-pick segment.
2026-08-11,2026,NC,KT,NC,False,holdout,current_season_2026,holdout_current_season_2026,False,before_first_pitch,NC,0.569,KT,False,KT,0.572,NC,0.430785,False,kt_without_false_signal_features,True,True,Not included in current best selected-pick segment.
2026-08-12,2026,NC,KT,NC,False,holdout,current_season_2026,holdout_current_season_2026,False,before_first_pitch,NC,0.593,NC,True,KT,0.568,NC,0.406985,False,kt_without_false_signal_features,True,True,Not included in current best selected-pick segment.
2026-08-13,2026,NC,KT,NC,False,holdout,current_season_2026,holdout_current_season_2026,False,before_first_pitch,NC,0.521,NC,True,KT,0.536,NC,0.478939,False,kt_without_false_signal_features,True,True,Not included in current best selected-pick segment.
2026-08-14,2026,KT,키움,키움,True,holdout,current_season_2026,holdout_current_season_2026,False,before_first_pitch,KT,0.545,KT,True,KT,0.582,KT,0.544881,True,kt_without_false_signal_features,True,True,Not included in current best selected-pick segment.
2026-08-15,2026,KT,키움,키움,True,holdout,current_season_2026,holdout_current_season_2026,False,before_first_pitch,KT,0.608,키움,False,KT,0.582,KT,0.608458,True,kt_without_false_signal_features,True,True,Not included in current best selected-pick segment.
2026-08-16,2026,KT,키움,키움,True,holdout,current_season_2026,holdout_current_season_2026,False,before_first_pitch,KT,0.595,KT,True,KT,0.556,KT,0.594761,True,kt_without_false_signal_features,True,True,Not included in current best selected-pick segment.
2026-08-18,2026,LG,KT,LG,False,holdout,current_season_2026,holdout_current_season_2026,False,before_first_pitch,KT,0.528,LG,False,KT,0.536,KT,0.527862,True,kt_without_false_signal_features,True,True,Not included in current best selected-pick segment.
2026-08-19,2026,LG,KT,LG,False,holdout,current_season_2026,holdout_current_season_2026,False,before_first_pitch,KT,0.556,LG,False,KT,0.546,KT,0.555719,True,kt_without_false_signal_features,True,True,Not included in current best selected-pick segment.
2026-08-20,2026,LG,KT,LG,False,holdout,current_season_2026,holdout_current_season_2026,False,before_first_pitch,KT,0.552,KT,True,KT,0.536,KT,0.551666,True,kt_without_false_signal_features,True,True,Not included in current best selected-pick segment.
2026-08-23,2026,SSG,KT,SSG,False,holdout,current_season_2026,holdout_current_season_2026,False,before_first_pitch,KT,0.519,KT,True,KT,0.525,KT,0.51869,True,kt_without_false_signal_features,True,True,Not included in current best selected-pick segment.
2026-08-25,2026,KT,두산,두산,True,holdout,current_season_2026,holdout_current_season_2026,False,before_first_pitch,KT,0.544,두산,False,KT,0.532,KT,0.543982,True,kt_without_false_signal_features,True,True,Not included in current best selected-pick segment.
2026-08-26,2026,KT,두산,두산,True,holdout,current_season_2026,holdout_current_season_2026,False,before_first_pitch,KT,0.553,KT,True,KT,0.521,KT,0.553042,True,kt_without_false_signal_features,True,True,Not included in current best selected-pick segment.
2026-08-27,2026,KT,두산,두산,True,holdout,current_season_2026,holdout_current_season_2026,False,before_first_pitch,KT,0.55,KT,True,KT,0.535,KT,0.550463,True,kt_without_false_signal_features,True,True,Not included in current best selected-pick segment.
2026-08-29,2026,삼성,KT,삼성,False,holdout,current_season_2026,holdout_current_season_2026,False,before_first_pitch,삼성,0.536,삼성,True,삼성,0.529,삼성,0.464299,True,kt_without_false_signal_features,True,True,Not included in current best selected-pick segment.
2026-09-01,2026,KT,한화,한화,True,holdout,current_season_2026,holdout_current_season_2026,False,before_first_pitch,KT,0.598,KT,True,KT,0.566,KT,0.598029,True,kt_without_false_signal_features,True,True,Not included in current best selected-pick segment.
2026-09-02,2026,KT,한화,한화,True,holdout,current_season_2026,holdout_current_season_2026,False,before_first_pitch,KT,0.59,KT,True,KT,0.566,KT,0.590457,True,kt_without_false_signal_features,True,True,Not included in current best selected-pick segment.
2026-09-03,2026,KT,한화,한화,True,holdout,current_season_2026,holdout_current_season_2026,False,before_first_pitch,KT,0.609,KT,True,KT,0.576,KT,0.609376,True,kt_without_false_signal_features,True,True,Not included in current best selected-pick segment.
2026-09-04,2026,KIA,KT,KIA,False,holdout,current_season_2026,holdout_current_season_2026,False,before_first_pitch,KT,0.529,KIA,False,KIA,0.506,KT,0.529315,False,kt_without_false_signal_features,True,True,Not included in current best selected-pick segment.
2026-09-05,2026,KIA,KT,KIA,False,holdout,current_season_2026,holdout_current_season_2026,False,before_first_pitch,KT,0.539,KIA,False,KT,0.533,KT,0.539066,True,kt_without_false_signal_features,True,True,Not included in current best selected-pick segment.
2026-09-06,2026,KIA,KT,KIA,False,holdout,current_season_2026,holdout_current_season_2026,False,before_first_pitch,KT,0.552,KIA,False,KT,0.511,KT,0.552253,True,kt_without_false_signal_features,True,True,Not included in current best selected-pick segment.
2026-09-08,2026,KT,SSG,SSG,True,holdout,current_season_2026,holdout_current_season_2026,False,before_first_pitch,KT,0.558,KT,True,KT,0.553,KT,0.558144,True,kt_without_false_signal_features,True,True,Not included in current best selected-pick segment.
2026-09-09,2026,삼성,KT,삼성,False,holdout,current_season_2026,holdout_current_season_2026,False,before_first_pitch,삼성,0.543,KT,False,삼성,0.546,삼성,0.456585,True,kt_without_false_signal_features,True,True,Not included in current best selected-pick segment.
2026-09-10,2026,롯데,KT,롯데,False,holdout,current_season_2026,holdout_current_season_2026,False,before_first_pitch,KT,0.537,KT,True,KT,0.564,KT,0.537473,True,kt_without_false_signal_features,True,True,Not included in current best selected-pick segment.
2026-09-11,2026,롯데,KT,롯데,False,holdout,current_season_2026,holdout_current_season_2026,False,before_first_pitch,KT,0.527,KT,True,KT,0.54,KT,0.527119,True,kt_without_false_signal_features,True,True,Not included in current best selected-pick segment.
2026-09-12,2026,KT,KIA,KIA,True,holdout,current_season_2026,holdout_current_season_2026,False,before_first_pitch,KT,0.583,KT,True,KT,0.549,KT,0.58319,True,kt_without_false_signal_features,True,True,Not included in current best selected-pick segment.
2026-09-13,2026,KT,롯데,롯데,True,holdout,current_season_2026,holdout_current_season_2026,False,before_first_pitch,KT,0.529,KT,True,KT,0.559,KT,0.528792,True,kt_without_false_signal_features,True,True,Not included in current best selected-pick segment.
2026-09-15,2026,한화,KT,한화,False,holdout,current_season_2026,holdout_current_season_2026,False,before_first_pitch,한화,0.54,KT,False,KT,0.566,한화,0.460066,False,kt_without_false_signal_features,True,True,Not included in current best selected-pick segment.
2026-09-18,2026,KT,LG,LG,True,holdout,current_season_2026,holdout_current_season_2026,False,before_first_pitch,KT,0.567,LG,False,KT,0.589,KT,0.566547,True,kt_without_false_signal_features,True,True,Not included in current best selected-pick segment.
2026-09-19,2026,KT,두산,두산,True,holdout,current_season_2026,holdout_current_season_2026,False,before_first_pitch,KT,0.592,KT,True,KT,0.562,KT,0.592327,True,kt_without_false_signal_features,True,True,Not included in current best selected-pick segment.
2026-09-20,2026,KT,두산,두산,True,holdout,current_season_2026,holdout_current_season_2026,False,before_first_pitch,KT,0.56,KT,True,KT,0.565,KT,0.560416,True,kt_without_false_signal_features,True,True,Not included in current best selected-pick segment.
2026-09-22,2026,SSG,KT,SSG,False,holdout,current_season_2026,holdout_current_season_2026,False,before_first_pitch,SSG,0.521,KT,False,KT,0.515,SSG,0.478648,False,kt_without_false_signal_features,True,True,Not included in current best selected-pick segment.
2026-09-23,2026,KT,NC,NC,True,holdout,current_season_2026,holdout_current_season_2026,False,before_first_pitch,NC,0.504,NC,True,KT,0.582,NC,0.496174,False,kt_without_false_signal_features,True,True,Not included in current best selected-pick segment.
2026-09-24,2026,KT,NC,NC,True,holdout,current_season_2026,holdout_current_season_2026,False,before_first_pitch,KT,0.519,KT,True,KT,0.576,KT,0.518567,True,kt_without_false_signal_features,True,True,Not included in current best selected-pick segment.
2026-09-26,2026,KT,키움,키움,True,holdout,current_season_2026,holdout_current_season_2026,False,before_first_pitch,KT,0.615,키움,False,KT,0.567,KT,0.615123,True,kt_without_false_signal_features,True,True,Not included in current best selected-pick segment.
2026-09-27,2026,두산,KT,두산,False,holdout,current_season_2026,holdout_current_season_2026,False,before_first_pitch,KT,0.519,KT,True,KT,0.544,KT,0.518528,True,kt_without_false_signal_features,True,True,Not included in current best selected-pick segment.
2025-08-17,2025,키움,KT,키움,False,rolling,current_season_2026,holdout_current_season_2026,False,before_first_pitch,키움,0.503,KT,False,KT,0.506,키움,0.497389,False,kt_without_false_signal_features,True,True,Not included in current best selected-pick segment.
2025-08-19,2025,KT,SSG,SSG,True,rolling,current_season_2026,holdout_current_season_2026,False,before_first_pitch,KT,0.53,KT,True,SSG,0.521,KT,0.529753,False,kt_without_false_signal_features,True,True,Not included in current best selected-pick segment.
2025-08-20,2025,KT,SSG,SSG,True,rolling,current_season_2026,holdout_current_season_2026,False,before_first_pitch,KT,0.55,SSG,False,KT,0.503,KT,0.549915,True,kt_without_false_signal_features,True,True,Not included in current best selected-pick segment.
2025-08-21,2025,KT,SSG,SSG,True,rolling,current_season_2026,holdout_current_season_2026,False,before_first_pitch,KT,0.539,SSG,False,SSG,0.503,KT,0.538572,False,kt_without_false_signal_features,True,True,Not included in current best selected-pick segment.
2025-08-22,2025,두산,KT,두산,False,rolling,current_season_2026,holdout_current_season_2026,False,before_first_pitch,두산,0.581,KT,False,두산,0.553,두산,0.419084,True,kt_without_false_signal_features,True,True,Not included in current best selected-pick segment.
2025-08-23,2025,두산,KT,두산,False,rolling,current_season_2026,holdout_current_season_2026,False,before_first_pitch,KT,0.516,KT,True,두산,0.545,KT,0.516187,False,kt_without_false_signal_features,True,True,Not included in current best selected-pick segment.
2025-08-24,2025,두산,KT,두산,False,rolling,current_season_2026,holdout_current_season_2026,False,before_first_pitch,KT,0.537,KT,True,두산,0.543,KT,0.536625,False,kt_without_false_signal_features,True,True,Not included in current best selected-pick segment.
2025-08-26,2025,롯데,KT,롯데,False,rolling,current_season_2026,holdout_current_season_2026,False,before_first_pitch,KT,0.543,롯데,False,KT,0.522,KT,0.542761,True,kt_without_false_signal_features,True,True,Not included in current best selected-pick segment.
2025-08-27,2025,롯데,KT,롯데,False,rolling,current_season_2026,holdout_current_season_2026,False,before_first_pitch,KT,0.56,KT,True,KT,0.506,KT,0.560117,True,kt_without_false_signal_features,True,True,Not included in current best selected-pick segment.
2025-08-28,2025,롯데,KT,롯데,False,rolling,current_season_2026,holdout_current_season_2026,False,before_first_pitch,KT,0.556,롯데,False,롯데,0.512,KT,0.555684,False,kt_without_false_signal_features,True,True,Not included in current best selected-pick segment.
2025-08-29,2025,KT,KIA,KIA,True,rolling,current_season_2026,holdout_current_season_2026,False,before_first_pitch,KT,0.561,KIA,False,KT,0.538,KT,0.561463,True,kt_without_false_signal_features,True,True,Not included in current best selected-pick segment.
2025-08-30,2025,KT,KIA,KIA,True,rolling,current_season_2026,holdout_current_season_2026,False,before_first_pitch,KT,0.518,KT,True,KT,0.503,KT,0.517886,True,kt_without_false_signal_features,True,True,Not included in current best selected-pick segment.
2025-08-31,2025,KT,KIA,KIA,True,rolling,current_season_2026,holdout_current_season_2026,False,before_first_pitch,KT,0.563,KT,True,KT,0.52,KT,0.562822,True,kt_without_false_signal_features,True,True,Not included in current best selected-pick segment.
2025-09-02,2025,KT,NC,NC,True,rolling,current_season_2026,holdout_current_season_2026,False,before_first_pitch,KT,0.578,NC,False,KT,0.551,KT,0.577663,True,kt_without_false_signal_features,True,True,Not included in current best selected-pick segment.
2025-09-03,2025,KT,롯데,롯데,True,rolling,current_season_2026,holdout_current_season_2026,False,before_first_pitch,KT,0.561,KT,True,KT,0.552,KT,0.560646,True,kt_without_false_signal_features,True,True,Not included in current best selected-pick segment.
2025-09-04,2025,KT,LG,LG,True,rolling,current_season_2026,holdout_current_season_2026,False,before_first_pitch,KT,0.503,LG,False,LG,0.572,KT,0.502719,False,kt_without_false_signal_features,True,True,Not included in current best selected-pick segment.
2025-09-09,2025,KT,두산,두산,True,rolling,current_season_2026,holdout_current_season_2026,False,before_first_pitch,두산,0.512,KT,False,KT,0.52,두산,0.487762,False,kt_without_false_signal_features,True,True,Not included in current best selected-pick segment.
2025-09-11,2025,LG,KT,LG,False,rolling,current_season_2026,holdout_current_season_2026,False,before_first_pitch,KT,0.523,KT,True,LG,0.561,KT,0.522563,False,kt_without_false_signal_features,True,True,Not included in current best selected-pick segment.
2025-09-13,2025,삼성,KT,삼성,False,rolling,current_season_2026,holdout_current_season_2026,False,before_first_pitch,KT,0.584,KT,True,KT,0.507,KT,0.584086,True,kt_without_false_signal_features,True,True,Not included in current best selected-pick segment.
2025-09-14,2025,삼성,KT,삼성,False,rolling,current_season_2026,holdout_current_season_2026,False,before_first_pitch,KT,0.594,삼성,False,KT,0.505,KT,0.593559,True,kt_without_false_signal_features,True,True,Not included in current best selected-pick segment.
2025-09-16,2025,KT,LG,LG,True,rolling,current_season_2026,holdout_current_season_2026,False,before_first_pitch,KT,0.557,LG,False,KT,0.505,KT,0.556913,True,kt_without_false_signal_features,True,True,Not included in current best selected-pick segment.
2025-09-18,2025,KT,LG,LG,True,rolling,current_season_2026,holdout_current_season_2026,False,before_first_pitch,KT,0.527,LG,False,LG,0.518,KT,0.527162,False,kt_without_false_signal_features,True,True,Not included in current best selected-pick segment.
2025-09-18,2025,KT,LG,LG,True,rolling,current_season_2026,holdout_current_season_2026,False,before_first_pitch,KT,0.509,LG,False,LG,0.523,KT,0.509091,False,kt_without_false_signal_features,True,True,Not included in current best selected-pick segment.
2025-09-20,2025,KT,한화,한화,True,rolling,current_season_2026,holdout_current_season_2026,False,before_first_pitch,한화,0.64,KT,False,한화,0.544,한화,0.360292,True,kt_without_false_signal_features,True,True,Not included in current best selected-pick segment.
2025-09-21,2025,KT,삼성,삼성,True,rolling,current_season_2026,holdout_current_season_2026,False,before_first_pitch,삼성,0.522,KT,False,삼성,0.528,삼성,0.478379,True,kt_without_false_signal_features,True,True,Not included in current best selected-pick segment.
2025-09-23,2025,KT,키움,키움,True,rolling,current_season_2026,holdout_current_season_2026,False,before_first_pitch,KT,0.581,KT,True,KT,0.563,KT,0.581248,True,kt_without_false_signal_features,True,True,Not included in current best selected-pick segment.
2025-09-25,2025,SSG,KT,SSG,False,rolling,current_season_2026,holdout_current_season_2026,False,before_first_pitch,KT,0.504,KT,True,SSG,0.533,KT,0.503931,False,kt_without_false_signal_features,True,True,Not included in current best selected-pick segment.
2025-09-26,2025,SSG,KT,SSG,False,rolling,current_season_2026,holdout_current_season_2026,False,before_first_pitch,KT,0.551,SSG,False,SSG,0.513,KT,0.551078,False,kt_without_false_signal_features,True,True,Not included in current best selected-pick segment.
2025-09-30,2025,NC,KT,NC,False,rolling,current_season_2026,holdout_current_season_2026,False,before_first_pitch,KT,0.506,NC,False,KT,0.505,KT,0.5062,True,kt_without_false_signal_features,True,True,Not included in current best selected-pick segment.
2025-10-01,2025,KIA,KT,KIA,False,rolling,current_season_2026,holdout_current_season_2026,False,before_first_pitch,KT,0.547,KT,True,KT,0.561,KT,0.54665,True,kt_without_false_signal_features,True,True,Not included in current best selected-pick segment.
2026-03-28,2026,LG,KT,LG,False,rolling,current_season_2026,holdout_current_season_2026,False,before_first_pitch,KT,0.542,KT,True,LG,0.538,KT,0.541711,False,kt_without_false_signal_features,True,True,Not included in current best selected-pick segment.
2026-03-29,2026,LG,KT,LG,False,rolling,current_season_2026,holdout_current_season_2026,False,before_first_pitch,LG,0.543,KT,False,LG,0.52,LG,0.456502,True,kt_without_false_signal_features,True,True,Not included in current best selected-pick segment.
2026-03-31,2026,한화,KT,한화,False,rolling,current_season_2026,holdout_current_season_2026,False,before_first_pitch,한화,0.597,KT,False,한화,0.557,한화,0.402657,True,kt_without_false_signal_features,True,True,Not included in current best selected-pick segment.
2026-04-01,2026,한화,KT,한화,False,rolling,current_season_2026,holdout_current_season_2026,False,before_first_pitch,한화,0.582,KT,False,한화,0.553,한화,0.418113,True,kt_without_false_signal_features,True,True,Not included in current best selected-pick segment.
2026-04-02,2026,한화,KT,한화,False,rolling,current_season_2026,holdout_current_season_2026,False,before_first_pitch,한화,0.518,KT,False,한화,0.52,한화,0.482109,True,kt_without_false_signal_features,True,True,Not included in current best selected-pick segment.
2026-04-03,2026,KT,삼성,삼성,True,rolling,current_season_2026,holdout_current_season_2026,False,before_first_pitch,KT,0.556,삼성,False,KT,0.525,KT,0.555832,True,kt_without_false_signal_features,True,True,Not included in current best selected-pick segment.
2026-04-04,2026,KT,삼성,삼성,True,rolling,current_season_2026,holdout_current_season_2026,False,before_first_pitch,KT,0.553,삼성,False,KT,0.55,KT,0.552761,True,kt_without_false_signal_features,True,True,Not included in current best selected-pick segment.
2026-04-05,2026,KT,삼성,삼성,True,rolling,current_season_2026,holdout_current_season_2026,False,before_first_pitch,KT,0.512,KT,True,KT,0.507,KT,0.511806,True,kt_without_false_signal_features,True,True,Not included in current best selected-pick segment.
2026-04-07,2026,롯데,KT,롯데,False,rolling,current_season_2026,holdout_current_season_2026,False,before_first_pitch,KT,0.558,KT,True,KT,0.545,KT,0.558035,True,kt_without_false_signal_features,True,True,Not included in current best selected-pick segment.
2026-04-08,2026,롯데,KT,롯데,False,rolling,current_season_2026,holdout_current_season_2026,False,before_first_pitch,KT,0.57,롯데,False,KT,0.541,KT,0.569544,True,kt_without_false_signal_features,True,True,Not included in current best selected-pick segment.
2026-04-10,2026,KT,두산,두산,True,rolling,current_season_2026,holdout_current_season_2026,False,before_first_pitch,KT,0.536,두산,False,KT,0.581,KT,0.535839,True,kt_without_false_signal_features,True,True,Not included in current best selected-pick segment.
2026-04-11,2026,KT,두산,두산,True,rolling,current_season_2026,holdout_current_season_2026,False,before_first_pitch,KT,0.502,KT,True,KT,0.582,KT,0.502336,True,kt_without_false_signal_features,True,True,Not included in current best selected-pick segment.
2026-04-12,2026,KT,두산,두산,True,rolling,current_season_2026,holdout_current_season_2026,False,before_first_pitch,두산,0.502,KT,False,KT,0.577,두산,0.498368,False,kt_without_false_signal_features,True,True,Not included in current best selected-pick segment.
2026-04-14,2026,NC,KT,NC,False,rolling,current_season_2026,holdout_current_season_2026,False,before_first_pitch,KT,0.555,NC,False,KT,0.51,KT,0.554792,True,kt_without_false_signal_features,True,True,Not included in current best selected-pick segment.
2026-04-15,2026,NC,KT,NC,False,rolling,current_season_2026,holdout_current_season_2026,False,before_first_pitch,KT,0.515,KT,True,KT,0.51,KT,0.515418,True,kt_without_false_signal_features,True,True,Not included in current best selected-pick segment.
2026-04-16,2026,NC,KT,NC,False,rolling,current_season_2026,holdout_current_season_2026,False,before_first_pitch,KT,0.542,KT,True,KT,0.521,KT,0.541813,True,kt_without_false_signal_features,True,True,Not included in current best selected-pick segment.
2026-04-17,2026,KT,키움,키움,True,rolling,current_season_2026,holdout_current_season_2026,False,before_first_pitch,KT,0.537,KT,True,KT,0.557,KT,0.537269,True,kt_without_false_signal_features,True,True,Not included in current best selected-pick segment.
2026-04-18,2026,KT,키움,키움,True,rolling,current_season_2026,holdout_current_season_2026,False,before_first_pitch,KT,0.551,KT,True,KT,0.58,KT,0.551473,True,kt_without_false_signal_features,True,True,Not included in current best selected-pick segment.
2026-04-19,2026,KT,키움,키움,True,rolling,current_season_2026,holdout_current_season_2026,False,before_first_pitch,KT,0.58,키움,False,KT,0.579,KT,0.580439,True,kt_without_false_signal_features,True,True,Not included in current best selected-pick segment.
2026-04-21,2026,KT,KIA,KIA,True,rolling,current_season_2026,holdout_current_season_2026,False,before_first_pitch,KT,0.51,KT,True,KT,0.55,KT,0.510241,True,kt_without_false_signal_features,True,True,Not included in current best selected-pick segment.
2026-04-22,2026,KT,KIA,KIA,True,rolling,current_season_2026,holdout_current_season_2026,False,before_first_pitch,KT,0.539,KT,True,KT,0.556,KT,0.539212,True,kt_without_false_signal_features,True,True,Not included in current best selected-pick segment.
2026-04-23,2026,KT,KIA,KIA,True,rolling,current_season_2026,holdout_current_season_2026,False,before_first_pitch,KT,0.566,KT,True,KT,0.564,KT,0.566493,True,kt_without_false_signal_features,True,True,Not included in current best selected-pick segment.
2026-04-24,2026,SSG,KT,SSG,False,rolling,current_season_2026,holdout_current_season_2026,False,before_first_pitch,KT,0.53,SSG,False,SSG,0.524,KT,0.530083,False,kt_without_false_signal_features,True,True,Not included in current best selected-pick segment.
2026-04-25,2026,SSG,KT,SSG,False,rolling,current_season_2026,holdout_current_season_2026,False,before_first_pitch,KT,0.529,SSG,False,SSG,0.545,KT,0.529123,False,kt_without_false_signal_features,True,True,Not included in current best selected-pick segment.
2026-04-26,2026,SSG,KT,SSG,False,rolling,current_season_2026,holdout_current_season_2026,False,before_first_pitch,KT,0.519,KT,True,SSG,0.54,KT,0.519193,False,kt_without_false_signal_features,True,True,Not included in current best selected-pick segment.
2026-04-28,2026,KT,LG,LG,True,rolling,current_season_2026,holdout_current_season_2026,False,before_first_pitch,KT,0.572,KT,True,KT,0.519,KT,0.571732,True,kt_without_false_signal_features,True,True,Not included in current best selected-pick segment.
2026-04-29,2026,KT,LG,LG,True,rolling,current_season_2026,holdout_current_season_2026,False,before_first_pitch,KT,0.568,KT,True,KT,0.555,KT,0.567842,True,kt_without_false_signal_features,True,True,Not included in current best selected-pick segment.
2026-04-30,2026,KT,LG,LG,True,rolling,current_season_2026,holdout_current_season_2026,False,before_first_pitch,KT,0.545,LG,False,KT,0.561,KT,0.544622,True,kt_without_false_signal_features,True,True,Not included in current best selected-pick segment.
2026-05-01,2026,KIA,KT,KIA,False,rolling,current_season_2026,holdout_current_season_2026,False,before_first_pitch,KT,0.552,KT,True,KT,0.558,KT,0.55188,True,kt_without_false_signal_features,True,True,Not included in current best selected-pick segment.
2026-05-02,2026,KIA,KT,KIA,False,rolling,current_season_2026,holdout_current_season_2026,False,before_first_pitch,KT,0.545,KIA,False,KT,0.521,KT,0.544848,True,kt_without_false_signal_features,True,True,Not included in current best selected-pick segment.
2026-05-03,2026,KIA,KT,KIA,False,rolling,current_season_2026,holdout_current_season_2026,False,before_first_pitch,KT,0.537,KT,True,KT,0.523,KT,0.537017,True,kt_without_false_signal_features,True,True,Not included in current best selected-pick segment.
2026-05-05,2026,KT,롯데,롯데,True,rolling,current_season_2026,holdout_current_season_2026,False,before_first_pitch,KT,0.541,KT,True,KT,0.56,KT,0.540944,True,kt_without_false_signal_features,True,True,Not included in current best selected-pick segment.
2026-05-06,2026,KT,롯데,롯데,True,rolling,current_season_2026,holdout_current_season_2026,False,before_first_pitch,KT,0.547,롯데,False,KT,0.557,KT,0.547258,True,kt_without_false_signal_features,True,True,Not included in current best selected-pick segment.
2026-05-08,2026,키움,KT,키움,False,rolling,current_season_2026,holdout_current_season_2026,False,before_first_pitch,KT,0.574,KT,True,KT,0.562,KT,0.574391,True,kt_without_false_signal_features,True,True,Not included in current best selected-pick segment.
2026-05-10,2026,키움,KT,키움,False,rolling,current_season_2026,holdout_current_season_2026,False,before_first_pitch,KT,0.559,키움,False,KT,0.582,KT,0.558975,True,kt_without_false_signal_features,True,True,Not included in current best selected-pick segment.
2026-05-12,2026,KT,SSG,SSG,True,rolling,current_season_2026,holdout_current_season_2026,False,before_first_pitch,KT,0.555,SSG,False,KT,0.565,KT,0.555377,True,kt_without_false_signal_features,True,True,Not included in current best selected-pick segment.
2026-05-13,2026,KT,SSG,SSG,True,rolling,current_season_2026,holdout_current_season_2026,False,before_first_pitch,KT,0.526,KT,True,KT,0.535,KT,0.525851,True,kt_without_false_signal_features,True,True,Not included in current best selected-pick segment.
2026-05-14,2026,KT,SSG,SSG,True,rolling,current_season_2026,holdout_current_season_2026,False,before_first_pitch,KT,0.561,SSG,False,KT,0.559,KT,0.560545,True,kt_without_false_signal_features,True,True,Not included in current best selected-pick segment.
2026-05-15,2026,KT,한화,한화,True,rolling,current_season_2026,holdout_current_season_2026,False,before_first_pitch,한화,0.558,한화,True,KT,0.565,한화,0.44209,False,kt_without_false_signal_features,True,True,Not included in current best selected-pick segment.
2026-05-16,2026,KT,한화,한화,True,rolling,current_season_2026,holdout_current_season_2026,False,before_first_pitch,한화,0.573,한화,True,KT,0.547,한화,0.427362,False,kt_without_false_signal_features,True,True,Not included in current best selected-pick segment.
2026-05-17,2026,KT,한화,한화,True,rolling,current_season_2026,holdout_current_season_2026,False,before_first_pitch,한화,0.634,KT,False,KT,0.53,한화,0.365794,False,kt_without_false_signal_features,True,True,Not included in current best selected-pick segment.
2026-05-19,2026,삼성,KT,삼성,False,rolling,current_season_2026,holdout_current_season_2026,False,before_first_pitch,삼성,0.54,삼성,True,삼성,0.535,삼성,0.459798,True,kt_without_false_signal_features,True,True,Not included in current best selected-pick segment.
2026-05-21,2026,삼성,KT,삼성,False,rolling,current_season_2026,holdout_current_season_2026,False,before_first_pitch,삼성,0.55,삼성,True,삼성,0.533,삼성,0.449658,True,kt_without_false_signal_features,True,True,Not included in current best selected-pick segment.
2026-05-22,2026,KT,NC,NC,True,rolling,current_season_2026,holdout_current_season_2026,False,before_first_pitch,NC,0.565,KT,False,KT,0.587,NC,0.434683,False,kt_without_false_signal_features,True,True,Not included in current best selected-pick segment.
2026-05-23,2026,KT,NC,NC,True,rolling,current_season_2026,holdout_current_season_2026,False,before_first_pitch,NC,0.566,KT,False,KT,0.587,NC,0.433812,False,kt_without_false_signal_features,True,True,Not included in current best selected-pick segment.
2026-05-24,2026,KT,NC,NC,True,rolling,current_season_2026,holdout_current_season_2026,False,before_first_pitch,NC,0.506,NC,True,KT,0.587,NC,0.493614,False,kt_without_false_signal_features,True,True,Not included in current best selected-pick segment.
2026-05-26,2026,두산,KT,두산,False,rolling,current_season_2026,holdout_current_season_2026,False,before_first_pitch,두산,0.593,KT,False,KT,0.508,두산,0.406523,False,kt_without_false_signal_features,True,True,Not included in current best selected-pick segment.
2026-05-27,2026,두산,KT,두산,False,rolling,current_season_2026,holdout_current_season_2026,False,before_first_pitch,두산,0.54,두산,True,KT,0.508,두산,0.460195,False,kt_without_false_signal_features,True,True,Not included in current best selected-pick segment.
2026-05-28,2026,두산,KT,두산,False,rolling,current_season_2026,holdout_current_season_2026,False,before_first_pitch,두산,0.578,KT,False,KT,0.506,두산,0.421602,False,kt_without_false_signal_features,True,True,Not included in current best selected-pick segment.
2026-05-29,2026,키움,KT,키움,False,rolling,current_season_2026,holdout_current_season_2026,False,before_first_pitch,KT,0.571,KT,True,KT,0.56,KT,0.571425,True,kt_without_false_signal_features,True,True,Not included in current best selected-pick segment.
2026-05-30,2026,키움,KT,키움,False,rolling,current_season_2026,holdout_current_season_2026,False,before_first_pitch,KT,0.558,KT,True,KT,0.558,KT,0.557675,True,kt_without_false_signal_features,True,True,Not included in current best selected-pick segment.
2026-05-31,2026,키움,KT,키움,False,rolling,current_season_2026,holdout_current_season_2026,False,before_first_pitch,KT,0.565,KT,True,KT,0.574,KT,0.564611,True,kt_without_false_signal_features,True,True,Not included in current best selected-pick segment.
2026-06-02,2026,KT,LG,LG,True,rolling,current_season_2026,holdout_current_season_2026,False,before_first_pitch,KT,0.524,LG,False,LG,0.522,KT,0.524458,False,kt_without_false_signal_features,True,True,Not included in current best selected-pick segment.
2026-06-03,2026,KT,LG,LG,True,rolling,current_season_2026,holdout_current_season_2026,False,before_first_pitch,LG,0.508,KT,False,KT,0.507,LG,0.491827,False,kt_without_false_signal_features,True,True,Not included in current best selected-pick segment.
2026-06-04,2026,KT,LG,LG,True,rolling,current_season_2026,holdout_current_season_2026,False,before_first_pitch,LG,0.555,LG,True,LG,0.508,LG,0.444936,True,kt_without_false_signal_features,True,True,Not included in current best selected-pick segment.
2026-06-05,2026,SSG,KT,SSG,False,rolling,current_season_2026,holdout_current_season_2026,False,before_first_pitch,KT,0.503,SSG,False,KT,0.529,KT,0.503437,True,kt_without_false_signal_features,True,True,Not included in current best selected-pick segment.
2026-06-06,2026,SSG,KT,SSG,False,rolling,current_season_2026,holdout_current_season_2026,False,before_first_pitch,KT,0.521,KT,True,KT,0.526,KT,0.520803,True,kt_without_false_signal_features,True,True,Not included in current best selected-pick segment.
2026-06-07,2026,SSG,KT,SSG,False,rolling,current_season_2026,holdout_current_season_2026,False,before_first_pitch,KT,0.521,SSG,False,KT,0.526,KT,0.520699,True,kt_without_false_signal_features,True,True,Not included in current best selected-pick segment.
2026-06-09,2026,KT,삼성,삼성,True,rolling,current_season_2026,holdout_current_season_2026,False,before_first_pitch,KT,0.514,KT,True,삼성,0.524,KT,0.513727,False,kt_without_false_signal_features,True,True,Not included in current best selected-pick segment.
2026-06-10,2026,KT,삼성,삼성,True,rolling,current_season_2026,holdout_current_season_2026,False,before_first_pitch,KT,0.526,KT,True,KT,0.529,KT,0.525631,True,kt_without_false_signal_features,True,True,Not included in current best selected-pick segment.
2026-06-11,2026,KT,삼성,삼성,True,rolling,current_season_2026,holdout_current_season_2026,False,before_first_pitch,KT,0.529,삼성,False,KT,0.544,KT,0.529232,True,kt_without_false_signal_features,True,True,Not included in current best selected-pick segment.
2026-06-12,2026,KT,NC,NC,True,rolling,current_season_2026,holdout_current_season_2026,False,before_first_pitch,KT,0.507,KT,True,KT,0.566,KT,0.507408,True,kt_without_false_signal_features,True,True,Not included in current best selected-pick segment.
2026-06-13,2026,KT,NC,NC,True,rolling,current_season_2026,holdout_current_season_2026,False,before_first_pitch,KT,0.507,KT,True,KT,0.562,KT,0.506857,True,kt_without_false_signal_features,True,True,Not included in current best selected-pick segment.
2026-06-16,2026,두산,KT,두산,False,rolling,current_season_2026,holdout_current_season_2026,False,before_first_pitch,KT,0.529,KT,True,두산,0.503,KT,0.529133,False,kt_without_false_signal_features,True,True,Not included in current best selected-pick segment.
2026-06-17,2026,두산,KT,두산,False,rolling,current_season_2026,holdout_current_season_2026,False,before_first_pitch,KT,0.539,KT,True,KT,0.504,KT,0.539423,True,kt_without_false_signal_features,True,True,Not included in current best selected-pick segment.
2026-06-18,2026,두산,KT,두산,False,rolling,current_season_2026,holdout_current_season_2026,False,before_first_pitch,KT,0.555,두산,False,KT,0.526,KT,0.555152,True,kt_without_false_signal_features,True,True,Not included in current best selected-pick segment.
2026-06-19,2026,KT,KIA,KIA,True,rolling,current_season_2026,holdout_current_season_2026,False,before_first_pitch,KT,0.567,KIA,False,KT,0.529,KT,0.56673,True,kt_without_false_signal_features,True,True,Not included in current best selected-pick segment.
2026-06-20,2026,KT,KIA,KIA,True,rolling,current_season_2026,holdout_current_season_2026,False,before_first_pitch,KT,0.523,KT,True,KT,0.514,KT,0.522957,True,kt_without_false_signal_features,True,True,Not included in current best selected-pick segment.
2026-06-21,2026,KT,KIA,KIA,True,rolling,current_season_2026,holdout_current_season_2026,False,before_first_pitch,KT,0.55,KIA,False,KT,0.528,KT,0.550029,True,kt_without_false_signal_features,True,True,Not included in current best selected-pick segment.
2026-06-23,2026,KT,SSG,SSG,True,rolling,current_season_2026,holdout_current_season_2026,False,before_first_pitch,SSG,0.515,KT,False,KT,0.558,SSG,0.484724,False,kt_without_false_signal_features,True,True,Not included in current best selected-pick segment.
2026-06-24,2026,KT,SSG,SSG,True,rolling,current_season_2026,holdout_current_season_2026,False,before_first_pitch,KT,0.529,SSG,False,KT,0.554,KT,0.529083,True,kt_without_false_signal_features,True,True,Not included in current best selected-pick segment.
2026-06-25,2026,KT,SSG,SSG,True,rolling,current_season_2026,holdout_current_season_2026,False,before_first_pitch,KT,0.538,KT,True,KT,0.554,KT,0.538348,True,kt_without_false_signal_features,True,True,Not included in current best selected-pick segment.
2026-06-26,2026,삼성,KT,삼성,False,rolling,current_season_2026,holdout_current_season_2026,False,before_first_pitch,KT,0.525,삼성,False,삼성,0.516,KT,0.525235,False,kt_without_false_signal_features,True,True,Not included in current best selected-pick segment.
2026-06-27,2026,삼성,KT,삼성,False,rolling,current_season_2026,holdout_current_season_2026,False,before_first_pitch,KT,0.514,삼성,False,삼성,0.547,KT,0.513983,False,kt_without_false_signal_features,True,True,Not included in current best selected-pick segment.
2026-06-28,2026,삼성,KT,삼성,False,rolling,current_season_2026,holdout_current_season_2026,False,before_first_pitch,삼성,0.503,삼성,True,삼성,0.55,삼성,0.496523,True,kt_without_false_signal_features,True,True,Not included in current best selected-pick segment.
2026-07-01,2026,한화,KT,한화,False,rolling,current_season_2026,holdout_current_season_2026,False,before_first_pitch,한화,0.589,KT,False,한화,0.511,한화,0.411276,True,kt_without_false_signal_features,True,True,Not included in current best selected-pick segment.
2026-07-02,2026,한화,KT,한화,False,rolling,current_season_2026,holdout_current_season_2026,False,before_first_pitch,한화,0.604,한화,True,KT,0.503,한화,0.396242,False,kt_without_false_signal_features,True,True,Not included in current best selected-pick segment.
2026-07-03,2026,KT,롯데,롯데,True,rolling,current_season_2026,holdout_current_season_2026,False,before_first_pitch,롯데,0.52,롯데,True,KT,0.559,롯데,0.480025,False,kt_without_false_signal_features,True,True,Not included in current best selected-pick segment.
2026-07-04,2026,KT,롯데,롯데,True,rolling,current_season_2026,holdout_current_season_2026,False,before_first_pitch,롯데,0.516,롯데,True,KT,0.542,롯데,0.484072,False,kt_without_false_signal_features,True,True,Not included in current best selected-pick segment.
2026-07-05,2026,KT,롯데,롯데,True,rolling,current_season_2026,holdout_current_season_2026,False,before_first_pitch,롯데,0.535,KT,False,롯데,0.5,롯데,0.465288,True,kt_without_false_signal_features,True,True,Not included in current best selected-pick segment.
2026-07-07,2026,KT,키움,키움,True,rolling,current_season_2026,holdout_current_season_2026,False,before_first_pitch,키움,0.52,KT,False,KT,0.584,키움,0.480456,False,kt_without_false_signal_features,True,True,Not included in current best selected-pick segment.
2026-07-08,2026,KT,키움,키움,True,rolling,current_season_2026,holdout_current_season_2026,False,before_first_pitch,KT,0.513,KT,True,KT,0.583,KT,0.513391,True,kt_without_false_signal_features,True,True,Not included in current best selected-pick segment.
2026-07-16,2026,LG,KT,LG,False,rolling,current_season_2026,holdout_current_season_2026,False,before_first_pitch,LG,0.522,KT,False,LG,0.553,LG,0.47814,True,kt_without_false_signal_features,True,True,Not included in current best selected-pick segment.
2026-07-17,2026,LG,KT,LG,False,rolling,current_season_2026,holdout_current_season_2026,False,before_first_pitch,LG,0.501,KT,False,LG,0.537,LG,0.498694,True,kt_without_false_signal_features,True,True,Not included in current best selected-pick segment.
2026-07-18,2026,LG,KT,LG,False,rolling,current_season_2026,holdout_current_season_2026,False,before_first_pitch,KT,0.549,KT,True,LG,0.526,KT,0.549371,False,kt_without_false_signal_features,True,True,Not included in current best selected-pick segment.
2026-07-19,2026,LG,KT,LG,False,rolling,current_season_2026,holdout_current_season_2026,False,before_first_pitch,KT,0.559,KT,True,LG,0.503,KT,0.559036,False,kt_without_false_signal_features,True,True,Not included in current best selected-pick segment.
2026-07-24,2026,롯데,KT,롯데,False,rolling,current_season_2026,holdout_current_season_2026,False,before_first_pitch,KT,0.559,KT,True,KT,0.517,KT,0.558755,True,kt_without_false_signal_features,True,True,Not included in current best selected-pick segment.
2026-07-25,2026,롯데,KT,롯데,False,rolling,current_season_2026,holdout_current_season_2026,False,before_first_pitch,KT,0.565,KT,True,KT,0.516,KT,0.56493,True,kt_without_false_signal_features,True,True,Not included in current best selected-pick segment.
2026-07-26,2026,롯데,KT,롯데,False,rolling,current_season_2026,holdout_current_season_2026,False,before_first_pitch,KT,0.556,롯데,False,KT,0.52,KT,0.555921,True,kt_without_false_signal_features,True,True,Not included in current best selected-pick segment.
2026-07-28,2026,NC,KT,NC,False,rolling,current_season_2026,holdout_current_season_2026,False,before_first_pitch,KT,0.519,KT,True,KT,0.553,KT,0.518533,True,kt_without_false_signal_features,True,True,Not included in current best selected-pick segment.
2026-07-29,2026,NC,KT,NC,False,rolling,current_season_2026,holdout_current_season_2026,False,before_first_pitch,KT,0.526,KT,True,KT,0.554,KT,0.525872,True,kt_without_false_signal_features,True,True,Not included in current best selected-pick segment.
2026-07-30,2026,NC,KT,NC,False,rolling,current_season_2026,holdout_current_season_2026,False,before_first_pitch,KT,0.537,KT,True,KT,0.552,KT,0.536533,True,kt_without_false_signal_features,True,True,Not included in current best selected-pick segment.
2026-07-31,2026,KT,한화,한화,True,rolling,current_season_2026,holdout_current_season_2026,False,before_first_pitch,KT,0.528,KT,True,KT,0.562,KT,0.527728,True,kt_without_false_signal_features,True,True,Not included in current best selected-pick segment.
2026-08-01,2026,KT,한화,한화,True,rolling,current_season_2026,holdout_current_season_2026,False,before_first_pitch,KT,0.519,KT,True,KT,0.563,KT,0.519009,True,kt_without_false_signal_features,True,True,Not included in current best selected-pick segment.
2026-08-02,2026,KT,한화,한화,True,rolling,current_season_2026,holdout_current_season_2026,False,before_first_pitch,KT,0.537,KT,True,KT,0.571,KT,0.536805,True,kt_without_false_signal_features,True,True,Not included in current best selected-pick segment.
2026-08-11,2026,NC,KT,NC,False,rolling,current_season_2026,holdout_current_season_2026,False,before_first_pitch,KT,0.511,KT,True,KT,0.572,KT,0.511003,True,kt_without_false_signal_features,True,True,Not included in current best selected-pick segment.
2026-08-12,2026,NC,KT,NC,False,rolling,current_season_2026,holdout_current_season_2026,False,before_first_pitch,KT,0.533,NC,False,KT,0.568,KT,0.532753,True,kt_without_false_signal_features,True,True,Not included in current best selected-pick segment.
2026-08-13,2026,NC,KT,NC,False,rolling,current_season_2026,holdout_current_season_2026,False,before_first_pitch,KT,0.511,NC,False,KT,0.536,KT,0.511292,True,kt_without_false_signal_features,True,True,Not included in current best selected-pick segment.
2026-08-14,2026,KT,키움,키움,True,rolling,current_season_2026,holdout_current_season_2026,False,before_first_pitch,KT,0.526,KT,True,KT,0.582,KT,0.525921,True,kt_without_false_signal_features,True,True,Not included in current best selected-pick segment.
2026-08-15,2026,KT,키움,키움,True,rolling,current_season_2026,holdout_current_season_2026,False,before_first_pitch,KT,0.549,키움,False,KT,0.582,KT,0.54882,True,kt_without_false_signal_features,True,True,Not included in current best selected-pick segment.
2026-08-16,2026,KT,키움,키움,True,rolling,current_season_2026,holdout_current_season_2026,False,before_first_pitch,KT,0.527,KT,True,KT,0.556,KT,0.52696,True,kt_without_false_signal_features,True,True,Not included in current best selected-pick segment.
2026-08-18,2026,LG,KT,LG,False,rolling,current_season_2026,holdout_current_season_2026,False,before_first_pitch,KT,0.516,LG,False,KT,0.536,KT,0.516357,True,kt_without_false_signal_features,True,True,Not included in current best selected-pick segment.
2026-08-19,2026,LG,KT,LG,False,rolling,current_season_2026,holdout_current_season_2026,False,before_first_pitch,KT,0.532,LG,False,KT,0.546,KT,0.532153,True,kt_without_false_signal_features,True,True,Not included in current best selected-pick segment.
2026-08-20,2026,LG,KT,LG,False,rolling,current_season_2026,holdout_current_season_2026,False,before_first_pitch,KT,0.522,KT,True,KT,0.536,KT,0.522233,True,kt_without_false_signal_features,True,True,Not included in current best selected-pick segment.
2026-08-23,2026,SSG,KT,SSG,False,rolling,current_season_2026,holdout_current_season_2026,False,before_first_pitch,KT,0.501,KT,True,KT,0.525,KT,0.501336,True,kt_without_false_signal_features,True,True,Not included in current best selected-pick segment.
2026-08-25,2026,KT,두산,두산,True,rolling,current_season_2026,holdout_current_season_2026,False,before_first_pitch,KT,0.522,두산,False,KT,0.532,KT,0.521891,True,kt_without_false_signal_features,True,True,Not included in current best selected-pick segment.
2026-08-26,2026,KT,두산,두산,True,rolling,current_season_2026,holdout_current_season_2026,False,before_first_pitch,KT,0.528,KT,True,KT,0.521,KT,0.528226,True,kt_without_false_signal_features,True,True,Not included in current best selected-pick segment.
2026-08-27,2026,KT,두산,두산,True,rolling,current_season_2026,holdout_current_season_2026,False,before_first_pitch,KT,0.536,KT,True,KT,0.535,KT,0.536265,True,kt_without_false_signal_features,True,True,Not included in current best selected-pick segment.
2026-08-29,2026,삼성,KT,삼성,False,rolling,current_season_2026,holdout_current_season_2026,False,before_first_pitch,삼성,0.532,삼성,True,삼성,0.529,삼성,0.467954,True,kt_without_false_signal_features,True,True,Not included in current best selected-pick segment.
2026-09-01,2026,KT,한화,한화,True,rolling,current_season_2026,holdout_current_season_2026,False,before_first_pitch,KT,0.586,KT,True,KT,0.566,KT,0.586035,True,kt_without_false_signal_features,True,True,Not included in current best selected-pick segment.
2026-09-02,2026,KT,한화,한화,True,rolling,current_season_2026,holdout_current_season_2026,False,before_first_pitch,KT,0.598,KT,True,KT,0.566,KT,0.598249,True,kt_without_false_signal_features,True,True,Not included in current best selected-pick segment.
2026-09-03,2026,KT,한화,한화,True,rolling,current_season_2026,holdout_current_season_2026,False,before_first_pitch,KT,0.627,KT,True,KT,0.576,KT,0.627492,True,kt_without_false_signal_features,True,True,Not included in current best selected-pick segment.
2026-09-04,2026,KIA,KT,KIA,False,rolling,current_season_2026,holdout_current_season_2026,False,before_first_pitch,KT,0.57,KIA,False,KIA,0.506,KT,0.569865,False,kt_without_false_signal_features,True,True,Not included in current best selected-pick segment.
2026-09-05,2026,KIA,KT,KIA,False,rolling,current_season_2026,holdout_current_season_2026,False,before_first_pitch,KT,0.54,KIA,False,KT,0.533,KT,0.539624,True,kt_without_false_signal_features,True,True,Not included in current best selected-pick segment.
2026-09-06,2026,KIA,KT,KIA,False,rolling,current_season_2026,holdout_current_season_2026,False,before_first_pitch,KT,0.543,KIA,False,KT,0.511,KT,0.54323,True,kt_without_false_signal_features,True,True,Not included in current best selected-pick segment.
2026-09-08,2026,KT,SSG,SSG,True,rolling,current_season_2026,holdout_current_season_2026,False,before_first_pitch,SSG,0.521,KT,False,KT,0.553,SSG,0.478842,False,kt_without_false_signal_features,True,True,Not included in current best selected-pick segment.
2026-09-09,2026,삼성,KT,삼성,False,rolling,current_season_2026,holdout_current_season_2026,False,before_first_pitch,삼성,0.562,KT,False,삼성,0.546,삼성,0.43832,True,kt_without_false_signal_features,True,True,Not included in current best selected-pick segment.
2026-09-10,2026,롯데,KT,롯데,False,rolling,current_season_2026,holdout_current_season_2026,False,before_first_pitch,KT,0.58,KT,True,KT,0.564,KT,0.580337,True,kt_without_false_signal_features,True,True,Not included in current best selected-pick segment.
2026-09-11,2026,롯데,KT,롯데,False,rolling,current_season_2026,holdout_current_season_2026,False,before_first_pitch,KT,0.547,KT,True,KT,0.54,KT,0.547228,True,kt_without_false_signal_features,True,True,Not included in current best selected-pick segment.
2026-09-12,2026,KT,KIA,KIA,True,rolling,current_season_2026,holdout_current_season_2026,False,before_first_pitch,KT,0.524,KT,True,KT,0.549,KT,0.523708,True,kt_without_false_signal_features,True,True,Not included in current best selected-pick segment.
2026-09-13,2026,KT,롯데,롯데,True,rolling,current_season_2026,holdout_current_season_2026,False,before_first_pitch,KT,0.524,KT,True,KT,0.559,KT,0.524423,True,kt_without_false_signal_features,True,True,Not included in current best selected-pick segment.
2026-09-15,2026,한화,KT,한화,False,rolling,current_season_2026,holdout_current_season_2026,False,before_first_pitch,한화,0.504,KT,False,KT,0.566,한화,0.496059,False,kt_without_false_signal_features,True,True,Not included in current best selected-pick segment.
2026-09-18,2026,KT,LG,LG,True,rolling,current_season_2026,holdout_current_season_2026,False,before_first_pitch,KT,0.585,LG,False,KT,0.589,KT,0.584887,True,kt_without_false_signal_features,True,True,Not included in current best selected-pick segment.
2026-09-19,2026,KT,두산,두산,True,rolling,current_season_2026,holdout_current_season_2026,False,before_first_pitch,KT,0.543,KT,True,KT,0.562,KT,0.543082,True,kt_without_false_signal_features,True,True,Not included in current best selected-pick segment.
2026-09-20,2026,KT,두산,두산,True,rolling,current_season_2026,holdout_current_season_2026,False,before_first_pitch,KT,0.551,KT,True,KT,0.565,KT,0.550659,True,kt_without_false_signal_features,True,True,Not included in current best selected-pick segment.
2026-09-22,2026,SSG,KT,SSG,False,rolling,current_season_2026,holdout_current_season_2026,False,before_first_pitch,KT,0.506,KT,True,KT,0.515,KT,0.505539,True,kt_without_false_signal_features,True,True,Not included in current best selected-pick segment.
2026-09-23,2026,KT,NC,NC,True,rolling,current_season_2026,holdout_current_season_2026,False,before_first_pitch,KT,0.537,NC,False,KT,0.582,KT,0.537055,True,kt_without_false_signal_features,True,True,Not included in current best selected-pick segment.
2026-09-24,2026,KT,NC,NC,True,rolling,current_season_2026,holdout_current_season_2026,False,before_first_pitch,KT,0.52,KT,True,KT,0.576,KT,0.519947,True,kt_without_false_signal_features,True,True,Not included in current best selected-pick segment.
2026-09-26,2026,KT,키움,키움,True,rolling,current_season_2026,holdout_current_season_2026,False,before_first_pitch,KT,0.583,키움,False,KT,0.567,KT,0.5827,True,kt_without_false_signal_features,True,True,Not included in current best selected-pick segment.
2026-09-27,2026,두산,KT,두산,False,rolling,current_season_2026,holdout_current_season_2026,False,before_first_pitch,KT,0.53,KT,True,KT,0.544,KT,0.530016,True,kt_without_false_signal_features,True,True,Not included in current best selected-pick segment.
