date,game_id,away_team,home_team,production_pick,challenger_pick,logistic_pick,gradient_boosting_pick,random_forest_pick,extra_trees_pick,ensemble_pick,model_agreement_count,model_disagreement_count,consensus_strength,actual_winner,consensus_result,interpretation
2024-06-30,20240630SSKT2,삼성,KT,KT,삼성,KT,KT,KT,KT,KT,6,1,strong_consensus,KT,correct,4개 이상 모델 일치
2024-06-30,20240630LGNC1,LG,NC,LG,LG,LG,LG,LG,NC,LG,6,1,strong_consensus,LG,correct,4개 이상 모델 일치
2024-06-30,20240630SKOB0,SSG,두산,두산,두산,두산,두산,두산,두산,두산,7,0,strong_consensus,SSG,miss,4개 이상 모델 일치
2024-07-02,20240702HTSS0,KIA,삼성,삼성,삼성,삼성,삼성,삼성,삼성,삼성,7,0,strong_consensus,KIA,miss,4개 이상 모델 일치
2024-07-02,20240702KTHH0,KT,한화,KT,KT,KT,KT,KT,KT,KT,7,0,strong_consensus,KT,correct,4개 이상 모델 일치
2024-07-02,20240702LGWO0,LG,키움,LG,LG,LG,LG,키움,키움,LG,5,2,strong_consensus,키움,miss,4개 이상 모델 일치
2024-07-03,20240703HTSS0,KIA,삼성,삼성,삼성,삼성,삼성,KIA,삼성,삼성,6,1,strong_consensus,KIA,miss,4개 이상 모델 일치
2024-07-03,20240703KTHH0,KT,한화,KT,KT,KT,KT,KT,KT,KT,7,0,strong_consensus,KT,correct,4개 이상 모델 일치
2024-07-03,20240703LGWO0,LG,키움,키움,키움,LG,키움,LG,키움,키움,5,2,strong_consensus,키움,correct,4개 이상 모델 일치
2024-07-03,20240703SKNC0,SSG,NC,NC,SSG,NC,NC,NC,NC,NC,6,1,strong_consensus,NC,correct,4개 이상 모델 일치
2024-07-03,20240703LTOB0,롯데,두산,롯데,롯데,두산,롯데,롯데,롯데,롯데,6,1,strong_consensus,두산,miss,4개 이상 모델 일치
2024-07-04,20240704HTSS0,KIA,삼성,삼성,삼성,삼성,삼성,KIA,삼성,삼성,6,1,strong_consensus,KIA,miss,4개 이상 모델 일치
2024-07-04,20240704KTHH0,KT,한화,KT,한화,KT,KT,KT,KT,KT,6,1,strong_consensus,한화,miss,4개 이상 모델 일치
2024-07-04,20240704LGWO0,LG,키움,키움,키움,키움,LG,키움,키움,키움,6,1,strong_consensus,LG,miss,4개 이상 모델 일치
2024-07-04,20240704SKNC0,SSG,NC,NC,NC,NC,NC,NC,NC,NC,7,0,strong_consensus,NC,correct,4개 이상 모델 일치
2024-07-04,20240704LTOB0,롯데,두산,두산,두산,두산,두산,두산,두산,두산,7,0,strong_consensus,두산,correct,4개 이상 모델 일치
2024-07-09,20240709HTLG0,KIA,LG,KIA,KIA,LG,LG,KIA,LG,KIA,4,3,strong_consensus,KIA,correct,4개 이상 모델 일치
2024-07-09,20240709LTSK0,롯데,SSG,SSG,SSG,SSG,롯데,롯데,롯데,SSG,4,3,strong_consensus,SSG,correct,4개 이상 모델 일치
2024-07-09,20240709HHWO0,한화,키움,키움,키움,키움,키움,키움,키움,키움,7,0,strong_consensus,키움,correct,4개 이상 모델 일치
2024-07-10,20240710HTLG0,KIA,LG,LG,KIA,LG,LG,KIA,KIA,LG,4,3,strong_consensus,KIA,miss,4개 이상 모델 일치
2024-07-10,20240710OBKT0,두산,KT,두산,KT,두산,KT,두산,KT,두산,4,3,strong_consensus,KT,miss,4개 이상 모델 일치
2024-07-10,20240710NCSS0,NC,삼성,삼성,삼성,삼성,삼성,삼성,NC,삼성,6,1,strong_consensus,삼성,correct,4개 이상 모델 일치
2024-07-10,20240710LTSK0,롯데,SSG,SSG,SSG,SSG,SSG,SSG,SSG,SSG,7,0,strong_consensus,롯데,miss,4개 이상 모델 일치
2024-07-10,20240710HHWO0,한화,키움,키움,키움,키움,키움,키움,키움,키움,7,0,strong_consensus,한화,miss,4개 이상 모델 일치
2024-07-11,20240711HTLG0,KIA,LG,KIA,KIA,KIA,KIA,KIA,KIA,KIA,7,0,strong_consensus,KIA,correct,4개 이상 모델 일치
2024-07-11,20240711OBKT0,두산,KT,두산,두산,KT,KT,KT,KT,KT,4,3,strong_consensus,두산,miss,4개 이상 모델 일치
2024-07-11,20240711NCSS0,NC,삼성,삼성,삼성,삼성,삼성,삼성,삼성,삼성,7,0,strong_consensus,삼성,correct,4개 이상 모델 일치
2024-07-11,20240711LTSK0,롯데,SSG,SSG,SSG,SSG,롯데,SSG,SSG,SSG,6,1,strong_consensus,SSG,correct,4개 이상 모델 일치
2024-07-11,20240711HHWO0,한화,키움,키움,키움,한화,키움,키움,키움,키움,6,1,strong_consensus,키움,correct,4개 이상 모델 일치
2024-07-12,20240712SKHT0,SSG,KIA,KIA,KIA,KIA,KIA,KIA,KIA,KIA,7,0,strong_consensus,SSG,miss,4개 이상 모델 일치
2024-07-12,20240712KTLT0,KT,롯데,롯데,KT,롯데,롯데,롯데,롯데,롯데,6,1,strong_consensus,KT,miss,4개 이상 모델 일치
2024-07-12,20240712LGHH0,LG,한화,LG,한화,한화,한화,LG,한화,한화,4,3,strong_consensus,한화,correct,4개 이상 모델 일치
2024-07-12,20240712WONC0,키움,NC,NC,NC,NC,NC,NC,NC,NC,7,0,strong_consensus,NC,correct,4개 이상 모델 일치
2024-07-12,20240712SSOB0,삼성,두산,두산,두산,두산,두산,두산,두산,두산,7,0,strong_consensus,삼성,miss,4개 이상 모델 일치
2024-07-13,20240713SKHT0,SSG,KIA,KIA,KIA,KIA,KIA,KIA,KIA,KIA,7,0,strong_consensus,SSG,miss,4개 이상 모델 일치
2024-07-13,20240713KTLT0,KT,롯데,롯데,롯데,롯데,롯데,KT,롯데,롯데,6,1,strong_consensus,KT,miss,4개 이상 모델 일치
2024-07-13,20240713LGHH0,LG,한화,한화,한화,한화,한화,한화,한화,한화,7,0,strong_consensus,LG,miss,4개 이상 모델 일치
2024-07-13,20240713WONC0,키움,NC,NC,NC,NC,NC,NC,NC,NC,7,0,strong_consensus,NC,correct,4개 이상 모델 일치
2024-07-13,20240713SSOB0,삼성,두산,삼성,삼성,삼성,삼성,삼성,두산,삼성,6,1,strong_consensus,두산,miss,4개 이상 모델 일치
2024-07-14,20240714SKHT0,SSG,KIA,KIA,KIA,KIA,KIA,KIA,KIA,KIA,7,0,strong_consensus,KIA,correct,4개 이상 모델 일치
2024-07-14,20240714LGHH0,LG,한화,LG,LG,한화,LG,LG,한화,LG,5,2,strong_consensus,LG,correct,4개 이상 모델 일치
2024-07-14,20240714SSOB0,삼성,두산,두산,두산,두산,두산,두산,두산,두산,7,0,strong_consensus,삼성,miss,4개 이상 모델 일치
2024-07-16,20240716KTWO0,KT,키움,키움,KT,KT,KT,KT,키움,KT,5,2,strong_consensus,KT,correct,4개 이상 모델 일치
2024-07-16,20240716OBLT0,두산,롯데,롯데,롯데,롯데,롯데,두산,롯데,롯데,6,1,strong_consensus,롯데,correct,4개 이상 모델 일치
2024-07-17,20240717SSHT0,삼성,KIA,KIA,KIA,KIA,KIA,KIA,KIA,KIA,7,0,strong_consensus,KIA,correct,4개 이상 모델 일치
2024-07-17,20240717KTWO0,KT,키움,KT,KT,키움,KT,KT,KT,KT,6,1,strong_consensus,KT,correct,4개 이상 모델 일치
2024-07-17,20240717SKLG0,SSG,LG,LG,LG,LG,LG,LG,SSG,LG,6,1,strong_consensus,LG,correct,4개 이상 모델 일치
2024-07-17,20240717HHNC0,한화,NC,NC,NC,한화,NC,한화,NC,NC,5,2,strong_consensus,NC,correct,4개 이상 모델 일치
2024-07-17,20240717OBLT0,두산,롯데,두산,두산,두산,두산,두산,롯데,두산,6,1,strong_consensus,롯데,miss,4개 이상 모델 일치
2024-07-18,20240718SSHT0,삼성,KIA,KIA,KIA,KIA,KIA,KIA,KIA,KIA,7,0,strong_consensus,KIA,correct,4개 이상 모델 일치
2024-07-18,20240718KTWO0,KT,키움,키움,KT,KT,KT,KT,KT,KT,6,1,strong_consensus,KT,correct,4개 이상 모델 일치
2024-07-18,20240718HHNC0,한화,NC,NC,NC,한화,NC,NC,NC,NC,6,1,strong_consensus,NC,correct,4개 이상 모델 일치
2024-07-18,20240718OBLT0,두산,롯데,롯데,롯데,롯데,롯데,롯데,롯데,롯데,7,0,strong_consensus,두산,miss,4개 이상 모델 일치
2024-07-19,20240719HTHH0,KIA,한화,한화,KIA,KIA,KIA,KIA,KIA,KIA,6,1,strong_consensus,KIA,correct,4개 이상 모델 일치
2024-07-19,20240719NCKT0,NC,KT,KT,KT,KT,KT,KT,KT,KT,7,0,strong_consensus,KT,correct,4개 이상 모델 일치
2024-07-19,20240719OBLG0,두산,LG,LG,LG,LG,LG,LG,LG,LG,7,0,strong_consensus,LG,correct,4개 이상 모델 일치
2024-07-19,20240719WOSK0,키움,SSG,SSG,SSG,SSG,SSG,SSG,SSG,SSG,7,0,strong_consensus,SSG,correct,4개 이상 모델 일치
2024-07-19,20240719LTSS0,롯데,삼성,삼성,삼성,삼성,삼성,삼성,삼성,삼성,7,0,strong_consensus,롯데,miss,4개 이상 모델 일치
2024-07-20,20240720HTHH0,KIA,한화,KIA,KIA,KIA,KIA,KIA,KIA,KIA,7,0,strong_consensus,KIA,correct,4개 이상 모델 일치
2024-07-20,20240720LTSS0,롯데,삼성,삼성,삼성,삼성,삼성,삼성,삼성,삼성,7,0,strong_consensus,삼성,correct,4개 이상 모델 일치
2024-07-21,20240721HTHH0,KIA,한화,KIA,KIA,KIA,KIA,KIA,KIA,KIA,7,0,strong_consensus,KIA,correct,4개 이상 모델 일치
2024-07-21,20240721NCKT0,NC,KT,KT,KT,KT,KT,KT,KT,KT,7,0,strong_consensus,NC,miss,4개 이상 모델 일치
2024-07-21,20240721OBLG0,두산,LG,LG,LG,LG,LG,LG,LG,LG,7,0,strong_consensus,LG,correct,4개 이상 모델 일치
2024-07-21,20240721WOSK0,키움,SSG,SSG,SSG,SSG,SSG,SSG,SSG,SSG,7,0,strong_consensus,키움,miss,4개 이상 모델 일치
2024-07-21,20240721LTSS0,롯데,삼성,삼성,삼성,삼성,삼성,삼성,삼성,삼성,7,0,strong_consensus,삼성,correct,4개 이상 모델 일치
2024-07-23,20240723NCHT0,NC,KIA,KIA,KIA,KIA,KIA,KIA,KIA,KIA,7,0,strong_consensus,KIA,correct,4개 이상 모델 일치
2024-07-23,20240723LGLT0,LG,롯데,롯데,롯데,롯데,롯데,LG,LG,롯데,5,2,strong_consensus,LG,miss,4개 이상 모델 일치
2024-07-23,20240723WOOB0,키움,두산,두산,두산,두산,두산,두산,두산,두산,7,0,strong_consensus,두산,correct,4개 이상 모델 일치
2024-07-23,20240723SSHH0,삼성,한화,삼성,삼성,삼성,삼성,삼성,삼성,삼성,7,0,strong_consensus,한화,miss,4개 이상 모델 일치
2024-07-24,20240724NCHT0,NC,KIA,KIA,KIA,KIA,KIA,KIA,KIA,KIA,7,0,strong_consensus,KIA,correct,4개 이상 모델 일치
2024-07-24,20240724SKKT0,SSG,KT,KT,KT,KT,KT,KT,KT,KT,7,0,strong_consensus,KT,correct,4개 이상 모델 일치
2024-07-24,20240724WOOB0,키움,두산,두산,두산,두산,두산,두산,두산,두산,7,0,strong_consensus,두산,correct,4개 이상 모델 일치
2024-07-24,20240724SSHH0,삼성,한화,한화,삼성,한화,삼성,삼성,삼성,삼성,5,2,strong_consensus,한화,miss,4개 이상 모델 일치
2024-07-25,20240725NCHT0,NC,KIA,KIA,KIA,KIA,KIA,KIA,KIA,KIA,7,0,strong_consensus,NC,miss,4개 이상 모델 일치
2024-07-25,20240725SKKT0,SSG,KT,KT,KT,KT,KT,KT,KT,KT,7,0,strong_consensus,KT,correct,4개 이상 모델 일치
2024-07-25,20240725LGLT0,LG,롯데,LG,LG,LG,LG,LG,LG,LG,7,0,strong_consensus,LG,correct,4개 이상 모델 일치
2024-07-25,20240725WOOB0,키움,두산,두산,두산,두산,두산,두산,두산,두산,7,0,strong_consensus,키움,miss,4개 이상 모델 일치
2024-07-26,20240726HTWO0,KIA,키움,KIA,KIA,KIA,KIA,KIA,KIA,KIA,7,0,strong_consensus,키움,miss,4개 이상 모델 일치
2024-07-26,20240726KTSS0,KT,삼성,삼성,삼성,삼성,KT,삼성,삼성,삼성,6,1,strong_consensus,KT,miss,4개 이상 모델 일치
2024-07-26,20240726LTNC0,롯데,NC,NC,NC,NC,NC,NC,NC,NC,7,0,strong_consensus,NC,correct,4개 이상 모델 일치
2024-07-26,20240726OBSK0,두산,SSG,두산,SSG,SSG,SSG,두산,SSG,SSG,5,2,strong_consensus,SSG,correct,4개 이상 모델 일치
2024-07-27,20240727HTWO0,KIA,키움,KIA,KIA,KIA,KIA,KIA,KIA,KIA,7,0,strong_consensus,키움,miss,4개 이상 모델 일치
2024-07-27,20240727KTSS0,KT,삼성,삼성,삼성,KT,KT,KT,KT,KT,4,3,strong_consensus,삼성,miss,4개 이상 모델 일치
2024-07-27,20240727LTNC0,롯데,NC,NC,NC,NC,NC,NC,NC,NC,7,0,strong_consensus,롯데,miss,4개 이상 모델 일치
2024-07-27,20240727OBSK0,두산,SSG,SSG,SSG,SSG,SSG,SSG,SSG,SSG,7,0,strong_consensus,SSG,correct,4개 이상 모델 일치
2024-07-28,20240728HTWO0,KIA,키움,KIA,KIA,KIA,KIA,KIA,KIA,KIA,7,0,strong_consensus,KIA,correct,4개 이상 모델 일치
2024-07-28,20240728KTSS0,KT,삼성,삼성,KT,KT,삼성,KT,삼성,삼성,4,3,strong_consensus,KT,miss,4개 이상 모델 일치
2024-07-28,20240728HHLG0,한화,LG,LG,LG,LG,LG,LG,LG,LG,7,0,strong_consensus,한화,miss,4개 이상 모델 일치
2024-07-28,20240728LTNC0,롯데,NC,NC,NC,NC,NC,NC,NC,NC,7,0,strong_consensus,롯데,miss,4개 이상 모델 일치
2024-07-28,20240728OBSK0,두산,SSG,SSG,SSG,SSG,SSG,SSG,SSG,SSG,7,0,strong_consensus,SSG,correct,4개 이상 모델 일치
2024-07-30,20240730OBHT0,두산,KIA,KIA,KIA,KIA,KIA,KIA,KIA,KIA,7,0,strong_consensus,두산,miss,4개 이상 모델 일치
2024-07-30,20240730HHKT0,한화,KT,KT,KT,KT,KT,KT,KT,KT,7,0,strong_consensus,한화,miss,4개 이상 모델 일치
2024-07-30,20240730SSLG0,삼성,LG,LG,LG,LG,LG,LG,LG,LG,7,0,strong_consensus,삼성,miss,4개 이상 모델 일치
2024-07-30,20240730NCWO0,NC,키움,키움,NC,키움,NC,NC,키움,NC,4,3,strong_consensus,키움,miss,4개 이상 모델 일치
2024-07-30,20240730LTSK0,롯데,SSG,SSG,SSG,SSG,SSG,SSG,SSG,SSG,7,0,strong_consensus,SSG,correct,4개 이상 모델 일치
2024-07-31,20240731OBHT0,두산,KIA,KIA,KIA,KIA,KIA,KIA,KIA,KIA,7,0,strong_consensus,두산,miss,4개 이상 모델 일치
2024-07-31,20240731HHKT0,한화,KT,KT,KT,KT,KT,KT,KT,KT,7,0,strong_consensus,한화,miss,4개 이상 모델 일치
2024-07-31,20240731SSLG0,삼성,LG,LG,LG,LG,LG,LG,LG,LG,7,0,strong_consensus,LG,correct,4개 이상 모델 일치
2024-07-31,20240731NCWO0,NC,키움,키움,키움,키움,키움,키움,키움,키움,7,0,strong_consensus,NC,miss,4개 이상 모델 일치
2024-07-31,20240731LTSK0,롯데,SSG,SSG,SSG,SSG,SSG,SSG,SSG,SSG,7,0,strong_consensus,SSG,correct,4개 이상 모델 일치
2024-08-01,20240801OBHT0,두산,KIA,KIA,KIA,KIA,KIA,KIA,KIA,KIA,7,0,strong_consensus,두산,miss,4개 이상 모델 일치
2024-08-01,20240801HHKT0,한화,KT,KT,KT,KT,KT,KT,KT,KT,7,0,strong_consensus,한화,miss,4개 이상 모델 일치
2024-08-01,20240801SSLG0,삼성,LG,LG,LG,LG,LG,LG,LG,LG,7,0,strong_consensus,삼성,miss,4개 이상 모델 일치
2024-08-01,20240801NCWO0,NC,키움,키움,NC,NC,NC,NC,키움,NC,5,2,strong_consensus,키움,miss,4개 이상 모델 일치
2024-08-01,20240801LTSK0,롯데,SSG,SSG,SSG,SSG,SSG,SSG,SSG,SSG,7,0,strong_consensus,롯데,miss,4개 이상 모델 일치
2024-08-02,20240802HTHH0,KIA,한화,KIA,KIA,한화,KIA,한화,한화,한화,4,3,strong_consensus,한화,correct,4개 이상 모델 일치
2024-08-02,20240802KTNC0,KT,NC,KT,KT,NC,KT,KT,NC,KT,5,2,strong_consensus,KT,correct,4개 이상 모델 일치
2024-08-02,20240802SKSS0,SSG,삼성,SSG,SSG,삼성,SSG,삼성,삼성,SSG,4,3,strong_consensus,삼성,miss,4개 이상 모델 일치
2024-08-02,20240802WOOB0,키움,두산,두산,두산,두산,두산,두산,두산,두산,7,0,strong_consensus,키움,miss,4개 이상 모델 일치
2024-08-03,20240803HTHH0,KIA,한화,KIA,KIA,한화,한화,한화,한화,한화,5,2,strong_consensus,KIA,miss,4개 이상 모델 일치
2024-08-03,20240803LGLT0,LG,롯데,롯데,롯데,롯데,롯데,LG,LG,롯데,5,2,strong_consensus,롯데,correct,4개 이상 모델 일치
2024-08-03,20240803SKSS0,SSG,삼성,삼성,SSG,삼성,삼성,삼성,삼성,삼성,6,1,strong_consensus,삼성,correct,4개 이상 모델 일치
2024-08-03,20240803WOOB0,키움,두산,두산,두산,두산,두산,두산,두산,두산,7,0,strong_consensus,키움,miss,4개 이상 모델 일치
2024-08-04,20240804KTNC0,KT,NC,NC,NC,KT,KT,KT,KT,KT,5,2,strong_consensus,NC,miss,4개 이상 모델 일치
2024-08-04,20240804SKSS0,SSG,삼성,삼성,삼성,삼성,삼성,삼성,삼성,삼성,7,0,strong_consensus,삼성,correct,4개 이상 모델 일치
2024-08-06,20240806KTHT0,KT,KIA,KIA,KIA,KIA,KIA,KIA,KIA,KIA,7,0,strong_consensus,KIA,correct,4개 이상 모델 일치
2024-08-06,20240806LGOB0,LG,두산,LG,LG,두산,LG,LG,두산,LG,5,2,strong_consensus,두산,miss,4개 이상 모델 일치
2024-08-06,20240806NCLT0,NC,롯데,NC,NC,롯데,롯데,롯데,롯데,롯데,5,2,strong_consensus,롯데,correct,4개 이상 모델 일치
2024-08-06,20240806SKWO0,SSG,키움,키움,키움,키움,키움,키움,키움,키움,7,0,strong_consensus,SSG,miss,4개 이상 모델 일치
2024-08-06,20240806HHSS0,한화,삼성,삼성,삼성,삼성,삼성,삼성,삼성,삼성,7,0,strong_consensus,한화,miss,4개 이상 모델 일치
2024-08-07,20240807KTHT0,KT,KIA,KIA,KIA,KIA,KIA,KIA,KIA,KIA,7,0,strong_consensus,KT,miss,4개 이상 모델 일치
2024-08-07,20240807LGOB0,LG,두산,LG,LG,두산,LG,LG,두산,LG,5,2,strong_consensus,두산,miss,4개 이상 모델 일치
2024-08-07,20240807NCLT0,NC,롯데,롯데,NC,롯데,롯데,롯데,롯데,롯데,6,1,strong_consensus,롯데,correct,4개 이상 모델 일치
2024-08-07,20240807SKWO0,SSG,키움,SSG,SSG,키움,키움,키움,키움,키움,4,3,strong_consensus,SSG,miss,4개 이상 모델 일치
2024-08-07,20240807HHSS0,한화,삼성,삼성,삼성,삼성,삼성,삼성,삼성,삼성,7,0,strong_consensus,삼성,correct,4개 이상 모델 일치
2024-08-08,20240808KTHT0,KT,KIA,KIA,KIA,KIA,KIA,KIA,KIA,KIA,7,0,strong_consensus,KT,miss,4개 이상 모델 일치
2024-08-08,20240808LGOB0,LG,두산,두산,두산,두산,두산,두산,두산,두산,7,0,strong_consensus,LG,miss,4개 이상 모델 일치
2024-08-08,20240808SKWO0,SSG,키움,SSG,SSG,키움,SSG,SSG,키움,SSG,5,2,strong_consensus,키움,miss,4개 이상 모델 일치
2024-08-08,20240808HHSS0,한화,삼성,삼성,삼성,삼성,삼성,삼성,삼성,삼성,7,0,strong_consensus,한화,miss,4개 이상 모델 일치
2024-08-09,20240809SSHT0,삼성,KIA,KIA,KIA,KIA,KIA,KIA,KIA,KIA,7,0,strong_consensus,KIA,correct,4개 이상 모델 일치
2024-08-09,20240809LTKT0,롯데,KT,KT,KT,KT,KT,KT,KT,KT,7,0,strong_consensus,KT,correct,4개 이상 모델 일치
2024-08-09,20240809NCLG0,NC,LG,LG,LG,LG,LG,LG,LG,LG,7,0,strong_consensus,LG,correct,4개 이상 모델 일치
2024-08-09,20240809OBSK0,두산,SSG,SSG,SSG,SSG,SSG,SSG,SSG,SSG,7,0,strong_consensus,두산,miss,4개 이상 모델 일치
2024-08-09,20240809WOHH0,키움,한화,한화,한화,한화,한화,한화,한화,한화,7,0,strong_consensus,한화,correct,4개 이상 모델 일치
2024-08-10,20240810LTKT0,롯데,KT,KT,KT,KT,KT,KT,KT,KT,7,0,strong_consensus,롯데,miss,4개 이상 모델 일치
2024-08-10,20240810NCLG0,NC,LG,LG,LG,LG,LG,LG,LG,LG,7,0,strong_consensus,LG,correct,4개 이상 모델 일치
2024-08-10,20240810OBSK0,두산,SSG,SSG,SSG,SSG,SSG,두산,SSG,SSG,6,1,strong_consensus,두산,miss,4개 이상 모델 일치
2024-08-10,20240810WOHH0,키움,한화,한화,한화,한화,한화,한화,한화,한화,7,0,strong_consensus,키움,miss,4개 이상 모델 일치
2024-08-11,20240811SSHT0,삼성,KIA,KIA,KIA,KIA,KIA,KIA,KIA,KIA,7,0,strong_consensus,삼성,miss,4개 이상 모델 일치
2024-08-11,20240811LTKT0,롯데,KT,KT,KT,KT,KT,KT,KT,KT,7,0,strong_consensus,롯데,miss,4개 이상 모델 일치
2024-08-11,20240811NCLG0,NC,LG,LG,LG,LG,LG,LG,LG,LG,7,0,strong_consensus,LG,correct,4개 이상 모델 일치
2024-08-11,20240811OBSK0,두산,SSG,SSG,SSG,SSG,두산,두산,두산,SSG,4,3,strong_consensus,SSG,correct,4개 이상 모델 일치
2024-08-11,20240811WOHH0,키움,한화,한화,한화,한화,한화,한화,한화,한화,7,0,strong_consensus,키움,miss,4개 이상 모델 일치
2024-08-13,20240813HTWO0,KIA,키움,키움,KIA,키움,키움,키움,키움,키움,6,1,strong_consensus,KIA,miss,4개 이상 모델 일치
2024-08-13,20240813KTSS0,KT,삼성,삼성,삼성,삼성,삼성,삼성,삼성,삼성,7,0,strong_consensus,삼성,correct,4개 이상 모델 일치
2024-08-13,20240813LGHH0,LG,한화,한화,한화,한화,한화,한화,한화,한화,7,0,strong_consensus,LG,miss,4개 이상 모델 일치
2024-08-13,20240813SKNC0,SSG,NC,SSG,NC,NC,SSG,SSG,SSG,SSG,5,2,strong_consensus,SSG,correct,4개 이상 모델 일치
2024-08-14,20240814HTWO0,KIA,키움,KIA,KIA,키움,키움,키움,키움,키움,5,2,strong_consensus,키움,correct,4개 이상 모델 일치
2024-08-14,20240814KTSS0,KT,삼성,삼성,삼성,삼성,삼성,삼성,삼성,삼성,7,0,strong_consensus,삼성,correct,4개 이상 모델 일치
2024-08-14,20240814LGHH0,LG,한화,한화,한화,한화,한화,한화,한화,한화,7,0,strong_consensus,한화,correct,4개 이상 모델 일치
2024-08-14,20240814LTOB0,롯데,두산,두산,두산,두산,두산,두산,두산,두산,7,0,strong_consensus,롯데,miss,4개 이상 모델 일치
2024-08-15,20240815HTWO0,KIA,키움,키움,KIA,키움,키움,키움,키움,키움,6,1,strong_consensus,KIA,miss,4개 이상 모델 일치
2024-08-15,20240815KTSS0,KT,삼성,삼성,삼성,삼성,삼성,삼성,삼성,삼성,7,0,strong_consensus,KT,miss,4개 이상 모델 일치
2024-08-15,20240815LGHH0,LG,한화,한화,한화,한화,한화,한화,한화,한화,7,0,strong_consensus,LG,miss,4개 이상 모델 일치
2024-08-15,20240815SKNC0,SSG,NC,SSG,NC,NC,SSG,SSG,SSG,SSG,5,2,strong_consensus,SSG,correct,4개 이상 모델 일치
2024-08-15,20240815LTOB0,롯데,두산,두산,두산,롯데,롯데,롯데,롯데,롯데,4,3,strong_consensus,두산,miss,4개 이상 모델 일치
2024-08-16,20240816HTLG0,KIA,LG,LG,LG,LG,LG,LG,LG,LG,7,0,strong_consensus,KIA,miss,4개 이상 모델 일치
2024-08-16,20240816OBKT0,두산,KT,KT,KT,KT,KT,KT,KT,KT,7,0,strong_consensus,두산,miss,4개 이상 모델 일치
2024-08-16,20240816SSNC0,삼성,NC,삼성,삼성,삼성,삼성,삼성,삼성,삼성,7,0,strong_consensus,삼성,correct,4개 이상 모델 일치
2024-08-16,20240816HHSK0,한화,SSG,SSG,SSG,SSG,SSG,SSG,SSG,SSG,7,0,strong_consensus,한화,miss,4개 이상 모델 일치
2024-08-16,20240816WOLT0,키움,롯데,롯데,롯데,롯데,롯데,롯데,롯데,롯데,7,0,strong_consensus,롯데,correct,4개 이상 모델 일치
2024-08-17,20240817HTLG0,KIA,LG,LG,LG,LG,LG,LG,LG,LG,7,0,strong_consensus,KIA,miss,4개 이상 모델 일치
2024-08-17,20240817OBKT0,두산,KT,KT,KT,KT,KT,KT,KT,KT,7,0,strong_consensus,두산,miss,4개 이상 모델 일치
2024-08-17,20240817SSNC0,삼성,NC,삼성,삼성,삼성,삼성,삼성,삼성,삼성,7,0,strong_consensus,삼성,correct,4개 이상 모델 일치
2024-08-17,20240817HHSK0,한화,SSG,SSG,SSG,SSG,SSG,SSG,SSG,SSG,7,0,strong_consensus,한화,miss,4개 이상 모델 일치
2024-08-17,20240817WOLT0,키움,롯데,롯데,롯데,롯데,롯데,롯데,롯데,롯데,7,0,strong_consensus,키움,miss,4개 이상 모델 일치
2024-08-18,20240818HTLG0,KIA,LG,LG,LG,LG,LG,KIA,LG,LG,6,1,strong_consensus,KIA,miss,4개 이상 모델 일치
2024-08-18,20240818OBKT0,두산,KT,두산,두산,KT,두산,두산,KT,두산,5,2,strong_consensus,KT,miss,4개 이상 모델 일치
2024-08-18,20240818SSNC0,삼성,NC,삼성,삼성,삼성,삼성,삼성,삼성,삼성,7,0,strong_consensus,삼성,correct,4개 이상 모델 일치
2024-08-18,20240818HHSK0,한화,SSG,SSG,SSG,SSG,SSG,SSG,SSG,SSG,7,0,strong_consensus,한화,miss,4개 이상 모델 일치
2024-08-18,20240818WOLT0,키움,롯데,롯데,롯데,롯데,롯데,롯데,롯데,롯데,7,0,strong_consensus,롯데,correct,4개 이상 모델 일치
2024-08-20,20240820WOKT0,키움,KT,KT,KT,KT,KT,KT,KT,KT,7,0,strong_consensus,키움,miss,4개 이상 모델 일치
2024-08-20,20240820SKLG0,SSG,LG,LG,LG,LG,LG,LG,LG,LG,7,0,strong_consensus,LG,correct,4개 이상 모델 일치
2024-08-20,20240820NCHH0,NC,한화,한화,한화,한화,한화,한화,한화,한화,7,0,strong_consensus,한화,correct,4개 이상 모델 일치
2024-08-20,20240820OBSS0,두산,삼성,삼성,삼성,삼성,삼성,삼성,삼성,삼성,7,0,strong_consensus,삼성,correct,4개 이상 모델 일치
2024-08-21,20240821LTHT0,롯데,KIA,KIA,KIA,KIA,KIA,KIA,KIA,KIA,7,0,strong_consensus,KIA,correct,4개 이상 모델 일치
2024-08-21,20240821WOKT0,키움,KT,KT,KT,KT,KT,KT,KT,KT,7,0,strong_consensus,KT,correct,4개 이상 모델 일치
2024-08-21,20240821SKLG0,SSG,LG,LG,LG,LG,LG,LG,LG,LG,7,0,strong_consensus,SSG,miss,4개 이상 모델 일치
2024-08-21,20240821NCHH0,NC,한화,한화,한화,한화,한화,한화,한화,한화,7,0,strong_consensus,NC,miss,4개 이상 모델 일치
2024-08-21,20240821OBSS0,두산,삼성,삼성,삼성,삼성,삼성,삼성,삼성,삼성,7,0,strong_consensus,두산,miss,4개 이상 모델 일치
2024-08-22,20240822LTHT0,롯데,KIA,KIA,KIA,KIA,KIA,KIA,KIA,KIA,7,0,strong_consensus,KIA,correct,4개 이상 모델 일치
2024-08-22,20240822WOKT0,키움,KT,KT,KT,KT,KT,KT,KT,KT,7,0,strong_consensus,KT,correct,4개 이상 모델 일치
2024-08-22,20240822SKLG0,SSG,LG,LG,LG,LG,LG,LG,LG,LG,7,0,strong_consensus,LG,correct,4개 이상 모델 일치
2024-08-23,20240823HTNC0,KIA,NC,NC,KIA,KIA,KIA,KIA,KIA,KIA,6,1,strong_consensus,NC,miss,4개 이상 모델 일치
2024-08-23,20240823KTSK0,KT,SSG,KT,KT,SSG,KT,KT,SSG,KT,5,2,strong_consensus,KT,correct,4개 이상 모델 일치
2024-08-23,20240823LGWO0,LG,키움,LG,LG,키움,LG,LG,키움,LG,5,2,strong_consensus,키움,miss,4개 이상 모델 일치
2024-08-23,20240823HHOB0,한화,두산,두산,두산,두산,두산,두산,두산,두산,7,0,strong_consensus,한화,miss,4개 이상 모델 일치
2024-08-23,20240823LTSS0,롯데,삼성,삼성,삼성,삼성,삼성,삼성,삼성,삼성,7,0,strong_consensus,삼성,correct,4개 이상 모델 일치
2024-08-24,20240824HTNC0,KIA,NC,NC,KIA,KIA,KIA,KIA,KIA,KIA,6,1,strong_consensus,KIA,correct,4개 이상 모델 일치
2024-08-24,20240824KTSK0,KT,SSG,SSG,KT,SSG,KT,KT,KT,KT,5,2,strong_consensus,KT,correct,4개 이상 모델 일치
2024-08-24,20240824LGWO0,LG,키움,키움,LG,키움,키움,키움,키움,키움,6,1,strong_consensus,LG,miss,4개 이상 모델 일치
2024-08-24,20240824HHOB0,한화,두산,두산,두산,두산,한화,한화,두산,두산,5,2,strong_consensus,한화,miss,4개 이상 모델 일치
2024-08-24,20240824LTSS0,롯데,삼성,삼성,삼성,삼성,삼성,삼성,삼성,삼성,7,0,strong_consensus,롯데,miss,4개 이상 모델 일치
2024-08-25,20240825HTNC0,KIA,NC,NC,KIA,KIA,KIA,KIA,KIA,KIA,6,1,strong_consensus,NC,miss,4개 이상 모델 일치
2024-08-25,20240825KTSK0,KT,SSG,SSG,KT,KT,KT,KT,KT,KT,6,1,strong_consensus,SSG,miss,4개 이상 모델 일치
2024-08-25,20240825LGWO0,LG,키움,키움,LG,LG,LG,LG,키움,LG,5,2,strong_consensus,키움,miss,4개 이상 모델 일치
2024-08-25,20240825HHOB0,한화,두산,두산,두산,두산,한화,한화,한화,두산,4,3,strong_consensus,한화,miss,4개 이상 모델 일치
2024-08-25,20240825LTSS0,롯데,삼성,삼성,삼성,삼성,삼성,삼성,삼성,삼성,7,0,strong_consensus,삼성,correct,4개 이상 모델 일치
2024-08-27,20240827SKHT0,SSG,KIA,KIA,KIA,KIA,KIA,KIA,KIA,KIA,7,0,strong_consensus,KIA,correct,4개 이상 모델 일치
2024-08-27,20240827KTLG0,KT,LG,LG,KT,LG,LG,KT,KT,LG,4,3,strong_consensus,LG,correct,4개 이상 모델 일치
2024-08-27,20240827OBNC0,두산,NC,두산,두산,NC,NC,두산,NC,두산,4,3,strong_consensus,두산,correct,4개 이상 모델 일치
2024-08-27,20240827HHLT0,한화,롯데,롯데,롯데,롯데,한화,한화,한화,롯데,4,3,strong_consensus,롯데,correct,4개 이상 모델 일치
2024-08-27,20240827SSWO0,삼성,키움,삼성,삼성,삼성,삼성,삼성,삼성,삼성,7,0,strong_consensus,삼성,correct,4개 이상 모델 일치
2024-08-28,20240828SKHT0,SSG,KIA,KIA,KIA,KIA,KIA,KIA,KIA,KIA,7,0,strong_consensus,KIA,correct,4개 이상 모델 일치
2024-08-28,20240828KTLG0,KT,LG,LG,KT,LG,LG,LG,LG,LG,6,1,strong_consensus,KT,miss,4개 이상 모델 일치
2024-08-28,20240828OBNC0,두산,NC,두산,두산,NC,두산,두산,NC,두산,5,2,strong_consensus,두산,correct,4개 이상 모델 일치
2024-08-28,20240828HHLT0,한화,롯데,한화,한화,롯데,한화,한화,롯데,한화,5,2,strong_consensus,한화,correct,4개 이상 모델 일치
2024-08-28,20240828SSWO0,삼성,키움,삼성,삼성,삼성,삼성,삼성,삼성,삼성,7,0,strong_consensus,삼성,correct,4개 이상 모델 일치
2024-08-29,20240829SKHT0,SSG,KIA,KIA,KIA,KIA,KIA,KIA,KIA,KIA,7,0,strong_consensus,SSG,miss,4개 이상 모델 일치
2024-08-29,20240829KTLG0,KT,LG,LG,KT,LG,KT,KT,LG,LG,4,3,strong_consensus,KT,miss,4개 이상 모델 일치
2024-08-29,20240829OBNC0,두산,NC,두산,두산,두산,NC,두산,두산,두산,6,1,strong_consensus,NC,miss,4개 이상 모델 일치
2024-08-29,20240829HHLT0,한화,롯데,한화,한화,한화,한화,한화,한화,한화,7,0,strong_consensus,롯데,miss,4개 이상 모델 일치
2024-08-29,20240829SSWO0,삼성,키움,키움,삼성,삼성,삼성,삼성,삼성,삼성,6,1,strong_consensus,삼성,correct,4개 이상 모델 일치
2024-08-30,20240830LGKT0,LG,KT,KT,KT,KT,KT,KT,KT,KT,7,0,strong_consensus,LG,miss,4개 이상 모델 일치
2024-08-30,20240830LTWO0,롯데,키움,롯데,롯데,키움,롯데,롯데,키움,롯데,5,2,strong_consensus,롯데,correct,4개 이상 모델 일치
2024-08-31,20240831HTSS0,KIA,삼성,삼성,삼성,삼성,삼성,삼성,삼성,삼성,7,0,strong_consensus,KIA,miss,4개 이상 모델 일치
2024-08-31,20240831KTHH0,KT,한화,KT,한화,한화,한화,한화,한화,한화,6,1,strong_consensus,KT,miss,4개 이상 모델 일치
2024-08-31,20240831NCSK0,NC,SSG,SSG,SSG,SSG,SSG,SSG,SSG,SSG,7,0,strong_consensus,NC,miss,4개 이상 모델 일치
2024-08-31,20240831LTOB0,롯데,두산,두산,두산,두산,두산,두산,두산,두산,7,0,strong_consensus,롯데,miss,4개 이상 모델 일치
2024-09-01,20240901HTSS0,KIA,삼성,삼성,삼성,삼성,삼성,삼성,삼성,삼성,7,0,strong_consensus,KIA,miss,4개 이상 모델 일치
2024-09-01,20240901NCSK0,NC,SSG,SSG,SSG,SSG,SSG,SSG,SSG,SSG,7,0,strong_consensus,NC,miss,4개 이상 모델 일치
2024-09-01,20240901LTOB0,롯데,두산,두산,롯데,두산,롯데,롯데,두산,두산,4,3,strong_consensus,롯데,miss,4개 이상 모델 일치
2024-09-03,20240903LGHT0,LG,KIA,KIA,KIA,KIA,KIA,KIA,KIA,KIA,7,0,strong_consensus,KIA,correct,4개 이상 모델 일치
2024-09-03,20240903WONC0,키움,NC,NC,NC,NC,NC,NC,NC,NC,7,0,strong_consensus,NC,correct,4개 이상 모델 일치
2024-09-03,20240903OBHH0,두산,한화,한화,한화,한화,한화,한화,한화,한화,7,0,strong_consensus,한화,correct,4개 이상 모델 일치
2024-09-03,20240903LTSS0,롯데,삼성,삼성,삼성,삼성,삼성,삼성,삼성,삼성,7,0,strong_consensus,삼성,correct,4개 이상 모델 일치
2024-09-04,20240904HHHT0,한화,KIA,KIA,KIA,KIA,KIA,KIA,KIA,KIA,7,0,strong_consensus,한화,miss,4개 이상 모델 일치
2024-09-04,20240904KTLT0,KT,롯데,롯데,롯데,롯데,롯데,롯데,롯데,롯데,7,0,strong_consensus,롯데,correct,4개 이상 모델 일치
2024-09-04,20240904SKLG0,SSG,LG,LG,LG,LG,LG,LG,LG,LG,7,0,strong_consensus,LG,correct,4개 이상 모델 일치
2024-09-04,20240904WONC0,키움,NC,NC,NC,NC,NC,NC,NC,NC,7,0,strong_consensus,NC,correct,4개 이상 모델 일치
2024-09-04,20240904OBSS0,두산,삼성,삼성,삼성,삼성,삼성,삼성,삼성,삼성,7,0,strong_consensus,삼성,correct,4개 이상 모델 일치
2024-09-05,20240905HHHT0,한화,KIA,KIA,KIA,KIA,KIA,KIA,KIA,KIA,7,0,strong_consensus,KIA,correct,4개 이상 모델 일치
2024-09-05,20240905KTLT0,KT,롯데,롯데,롯데,롯데,롯데,롯데,롯데,롯데,7,0,strong_consensus,KT,miss,4개 이상 모델 일치
2024-09-05,20240905SKLG0,SSG,LG,LG,LG,LG,LG,LG,LG,LG,7,0,strong_consensus,SSG,miss,4개 이상 모델 일치
2024-09-05,20240905WONC0,키움,NC,NC,NC,NC,NC,NC,NC,NC,7,0,strong_consensus,키움,miss,4개 이상 모델 일치
2024-09-06,20240906WOHT0,키움,KIA,KIA,KIA,KIA,KIA,KIA,KIA,KIA,7,0,strong_consensus,KIA,correct,4개 이상 모델 일치
2024-09-06,20240906KTNC0,KT,NC,NC,NC,NC,KT,NC,NC,NC,6,1,strong_consensus,KT,miss,4개 이상 모델 일치
2024-09-06,20240906HHLG0,한화,LG,LG,한화,LG,한화,한화,LG,한화,4,3,strong_consensus,한화,correct,4개 이상 모델 일치
2024-09-06,20240906SSLT0,삼성,롯데,삼성,삼성,삼성,삼성,삼성,롯데,삼성,6,1,strong_consensus,삼성,correct,4개 이상 모델 일치
2024-09-07,20240907WOHT0,키움,KIA,KIA,KIA,KIA,KIA,KIA,KIA,KIA,7,0,strong_consensus,KIA,correct,4개 이상 모델 일치
2024-09-07,20240907OBKT0,두산,KT,KT,KT,KT,KT,KT,KT,KT,7,0,strong_consensus,두산,miss,4개 이상 모델 일치
2024-09-07,20240907HHLG0,한화,LG,LG,한화,LG,LG,한화,LG,LG,5,2,strong_consensus,LG,correct,4개 이상 모델 일치
2024-09-07,20240907NCSS0,NC,삼성,삼성,삼성,삼성,삼성,삼성,삼성,삼성,7,0,strong_consensus,NC,miss,4개 이상 모델 일치
2024-09-08,20240908WOHT0,키움,KIA,KIA,KIA,KIA,KIA,KIA,KIA,KIA,7,0,strong_consensus,KIA,correct,4개 이상 모델 일치
2024-09-08,20240908HHLG0,한화,LG,한화,한화,LG,한화,한화,LG,한화,5,2,strong_consensus,LG,miss,4개 이상 모델 일치
2024-09-08,20240908NCSS0,NC,삼성,삼성,삼성,삼성,삼성,삼성,삼성,삼성,7,0,strong_consensus,삼성,correct,4개 이상 모델 일치
2024-09-08,20240908SKLT0,SSG,롯데,롯데,롯데,롯데,롯데,롯데,롯데,롯데,7,0,strong_consensus,SSG,miss,4개 이상 모델 일치
2024-09-10,20240910NCKT0,NC,KT,KT,KT,KT,KT,KT,KT,KT,7,0,strong_consensus,KT,correct,4개 이상 모델 일치
2024-09-10,20240910LTLG0,롯데,LG,롯데,롯데,LG,LG,LG,LG,LG,5,2,strong_consensus,롯데,miss,4개 이상 모델 일치
2024-09-10,20240910HHSK0,한화,SSG,한화,한화,한화,한화,한화,SSG,한화,6,1,strong_consensus,SSG,miss,4개 이상 모델 일치
2024-09-10,20240910OBWO0,두산,키움,키움,키움,두산,키움,두산,두산,키움,4,3,strong_consensus,키움,correct,4개 이상 모델 일치
2024-09-11,20240911NCKT0,NC,KT,KT,KT,KT,KT,KT,KT,KT,7,0,strong_consensus,KT,correct,4개 이상 모델 일치
2024-09-11,20240911WOLG0,키움,LG,LG,LG,LG,LG,LG,LG,LG,7,0,strong_consensus,키움,miss,4개 이상 모델 일치
2024-09-11,20240911LTSK0,롯데,SSG,SSG,롯데,SSG,롯데,롯데,SSG,SSG,4,3,strong_consensus,롯데,miss,4개 이상 모델 일치
2024-09-11,20240911SSHH0,삼성,한화,삼성,삼성,삼성,삼성,삼성,삼성,삼성,7,0,strong_consensus,삼성,correct,4개 이상 모델 일치
2024-09-12,20240912LTHT0,롯데,KIA,KIA,KIA,KIA,KIA,KIA,KIA,KIA,7,0,strong_consensus,KIA,correct,4개 이상 모델 일치
2024-09-12,20240912NCKT0,NC,KT,KT,KT,KT,KT,KT,KT,KT,7,0,strong_consensus,KT,correct,4개 이상 모델 일치
2024-09-12,20240912SSHH0,삼성,한화,삼성,삼성,삼성,삼성,삼성,삼성,삼성,7,0,strong_consensus,삼성,correct,4개 이상 모델 일치
2024-09-13,20240913HHLT0,한화,롯데,롯데,롯데,롯데,롯데,롯데,롯데,롯데,7,0,strong_consensus,한화,miss,4개 이상 모델 일치
2024-09-14,20240914WOHT0,키움,KIA,KIA,KIA,KIA,KIA,KIA,KIA,KIA,7,0,strong_consensus,KIA,correct,4개 이상 모델 일치
2024-09-14,20240914KTOB0,KT,두산,두산,두산,KT,KT,KT,KT,KT,4,3,strong_consensus,두산,miss,4개 이상 모델 일치
2024-09-14,20240914LGNC0,LG,NC,LG,LG,LG,LG,LG,NC,LG,6,1,strong_consensus,LG,correct,4개 이상 모델 일치
2024-09-14,20240914SSSK0,삼성,SSG,SSG,삼성,삼성,삼성,삼성,삼성,삼성,6,1,strong_consensus,SSG,miss,4개 이상 모델 일치
2024-09-14,20240914HHLT0,한화,롯데,롯데,롯데,롯데,롯데,롯데,롯데,롯데,7,0,strong_consensus,롯데,correct,4개 이상 모델 일치
2024-09-15,20240915WOHT0,키움,KIA,KIA,KIA,KIA,KIA,KIA,KIA,KIA,7,0,strong_consensus,키움,miss,4개 이상 모델 일치
2024-09-15,20240915LGNC0,LG,NC,LG,LG,LG,LG,LG,LG,LG,7,0,strong_consensus,NC,miss,4개 이상 모델 일치
2024-09-15,20240915SSSK0,삼성,SSG,삼성,삼성,삼성,삼성,SSG,SSG,삼성,5,2,strong_consensus,SSG,miss,4개 이상 모델 일치
2024-09-15,20240915HHLT0,한화,롯데,롯데,롯데,롯데,롯데,롯데,롯데,롯데,7,0,strong_consensus,롯데,correct,4개 이상 모델 일치
2024-09-16,20240916HTKT0,KIA,KT,KIA,KIA,KIA,KIA,KIA,KT,KIA,6,1,strong_consensus,KIA,correct,4개 이상 모델 일치
2024-09-16,20240916WOOB0,키움,두산,두산,두산,두산,두산,두산,두산,두산,7,0,strong_consensus,두산,correct,4개 이상 모델 일치
2024-09-17,20240917HTSK0,KIA,SSG,SSG,SSG,KIA,SSG,KIA,SSG,SSG,4,3,strong_consensus,SSG,correct,4개 이상 모델 일치
2024-09-17,20240917KTWO0,KT,키움,KT,KT,KT,KT,KT,KT,KT,7,0,strong_consensus,KT,correct,4개 이상 모델 일치
2024-09-17,20240917LGLT0,LG,롯데,롯데,롯데,롯데,롯데,롯데,롯데,롯데,7,0,strong_consensus,롯데,correct,4개 이상 모델 일치
2024-09-17,20240917HHNC0,한화,NC,한화,한화,한화,한화,한화,NC,한화,6,1,strong_consensus,한화,correct,4개 이상 모델 일치
2024-09-17,20240917SSOB0,삼성,두산,삼성,삼성,삼성,삼성,삼성,삼성,삼성,7,0,strong_consensus,두산,miss,4개 이상 모델 일치
2024-09-18,20240918SSKT0,삼성,KT,삼성,KT,KT,KT,KT,KT,KT,6,1,strong_consensus,삼성,miss,4개 이상 모델 일치
2024-09-18,20240918LGLT0,LG,롯데,롯데,롯데,롯데,롯데,롯데,롯데,롯데,7,0,strong_consensus,LG,miss,4개 이상 모델 일치
2024-09-18,20240918HHNC0,한화,NC,한화,한화,한화,한화,한화,NC,한화,6,1,strong_consensus,NC,miss,4개 이상 모델 일치
2024-09-19,20240919HTOB0,KIA,두산,KIA,KIA,KIA,KIA,KIA,KIA,KIA,7,0,strong_consensus,두산,miss,4개 이상 모델 일치
2024-09-19,20240919SSKT0,삼성,KT,삼성,삼성,삼성,삼성,삼성,KT,삼성,6,1,strong_consensus,KT,miss,4개 이상 모델 일치
2024-09-19,20240919LGLT0,LG,롯데,롯데,롯데,롯데,롯데,롯데,롯데,롯데,7,0,strong_consensus,LG,miss,4개 이상 모델 일치
2024-09-19,20240919HHNC0,한화,NC,한화,한화,한화,한화,한화,NC,한화,6,1,strong_consensus,한화,correct,4개 이상 모델 일치
2024-09-19,20240919WOSK0,키움,SSG,SSG,SSG,SSG,SSG,SSG,SSG,SSG,7,0,strong_consensus,SSG,correct,4개 이상 모델 일치
2024-09-21,20240921SKKT0,SSG,KT,KT,KT,KT,KT,KT,KT,KT,7,0,strong_consensus,SSG,miss,4개 이상 모델 일치
2024-09-21,20240921OBLG2,두산,LG,LG,LG,LG,LG,LG,LG,LG,7,0,strong_consensus,LG,correct,4개 이상 모델 일치
2024-09-22,20240922SKKT0,SSG,KT,KT,KT,KT,KT,KT,KT,KT,7,0,strong_consensus,SSG,miss,4개 이상 모델 일치
2024-09-22,20240922OBLG0,두산,LG,LG,LG,LG,LG,LG,LG,LG,7,0,strong_consensus,LG,correct,4개 이상 모델 일치
2024-09-22,20240922LTHH0,롯데,한화,롯데,한화,한화,한화,롯데,롯데,롯데,4,3,strong_consensus,한화,miss,4개 이상 모델 일치
2024-09-22,20240922WOSS0,키움,삼성,삼성,삼성,삼성,삼성,삼성,삼성,삼성,7,0,strong_consensus,삼성,correct,4개 이상 모델 일치
2024-09-23,20240923SSHT0,삼성,KIA,KIA,KIA,KIA,KIA,KIA,KIA,KIA,7,0,strong_consensus,KIA,correct,4개 이상 모델 일치
2024-09-23,20240923SKOB0,SSG,두산,두산,두산,두산,두산,두산,두산,두산,7,0,strong_consensus,두산,correct,4개 이상 모델 일치
2024-09-23,20240923LTHH0,롯데,한화,롯데,롯데,한화,한화,한화,한화,한화,5,2,strong_consensus,롯데,miss,4개 이상 모델 일치
2024-09-24,20240924SSHT0,삼성,KIA,KIA,KIA,KIA,KIA,KIA,KIA,KIA,7,0,strong_consensus,KIA,correct,4개 이상 모델 일치
2024-09-24,20240924LTKT0,롯데,KT,KT,KT,KT,KT,KT,KT,KT,7,0,strong_consensus,KT,correct,4개 이상 모델 일치
2024-09-24,20240924LGSK0,LG,SSG,SSG,SSG,SSG,SSG,SSG,SSG,SSG,7,0,strong_consensus,LG,miss,4개 이상 모델 일치
2024-09-24,20240924NCOB0,NC,두산,두산,두산,두산,두산,두산,두산,두산,7,0,strong_consensus,두산,correct,4개 이상 모델 일치
2024-09-24,20240924HHWO0,한화,키움,한화,한화,키움,키움,한화,키움,키움,4,3,strong_consensus,키움,correct,4개 이상 모델 일치
2024-09-25,20240925LTHT0,롯데,KIA,KIA,KIA,KIA,KIA,KIA,KIA,KIA,7,0,strong_consensus,롯데,miss,4개 이상 모델 일치
2024-09-25,20240925HHLG0,한화,LG,LG,LG,LG,LG,LG,LG,LG,7,0,strong_consensus,한화,miss,4개 이상 모델 일치
2024-09-25,20240925SKNC0,SSG,NC,SSG,SSG,NC,SSG,SSG,SSG,SSG,6,1,strong_consensus,SSG,correct,4개 이상 모델 일치
2024-09-25,20240925WOSS0,키움,삼성,삼성,삼성,삼성,삼성,삼성,삼성,삼성,7,0,strong_consensus,삼성,correct,4개 이상 모델 일치
2024-09-26,20240926WOLG0,키움,LG,LG,LG,LG,LG,LG,LG,LG,7,0,strong_consensus,LG,correct,4개 이상 모델 일치
2024-09-26,20240926SKNC0,SSG,NC,SSG,SSG,SSG,SSG,SSG,SSG,SSG,7,0,strong_consensus,SSG,correct,4개 이상 모델 일치
2024-09-26,20240926OBLT0,두산,롯데,롯데,롯데,롯데,롯데,롯데,롯데,롯데,7,0,strong_consensus,두산,miss,4개 이상 모델 일치
2024-09-27,20240927HTHH0,KIA,한화,한화,KIA,KIA,KIA,KIA,한화,KIA,5,2,strong_consensus,한화,miss,4개 이상 모델 일치
2024-09-27,20240927WOKT0,키움,KT,KT,KT,KT,KT,KT,KT,KT,7,0,strong_consensus,KT,correct,4개 이상 모델 일치
2024-09-27,20240927NCLT0,NC,롯데,롯데,롯데,롯데,롯데,롯데,롯데,롯데,7,0,strong_consensus,롯데,correct,4개 이상 모델 일치
2024-09-28,20240928HTLT0,KIA,롯데,KIA,KIA,KIA,KIA,KIA,롯데,KIA,6,1,strong_consensus,KIA,correct,4개 이상 모델 일치
2024-09-28,20240928WOKT0,키움,KT,KT,KT,KT,KT,KT,KT,KT,7,0,strong_consensus,KT,correct,4개 이상 모델 일치
2024-09-28,20240928LGSS0,LG,삼성,삼성,삼성,삼성,삼성,삼성,삼성,삼성,7,0,strong_consensus,LG,miss,4개 이상 모델 일치
2024-09-28,20240928OBNC0,두산,NC,두산,두산,두산,두산,두산,두산,두산,7,0,strong_consensus,두산,correct,4개 이상 모델 일치
2024-09-28,20240928SKHH0,SSG,한화,SSG,한화,한화,한화,한화,한화,한화,6,1,strong_consensus,SSG,miss,4개 이상 모델 일치
2024-09-29,20240929NCHH0,NC,한화,한화,한화,한화,한화,한화,한화,한화,7,0,strong_consensus,NC,miss,4개 이상 모델 일치
2024-09-30,20240930NCHT0,NC,KIA,KIA,KIA,KIA,KIA,KIA,KIA,KIA,7,0,strong_consensus,KIA,correct,4개 이상 모델 일치
2024-09-30,20240930WOSK0,키움,SSG,SSG,SSG,SSG,SSG,SSG,SSG,SSG,7,0,strong_consensus,SSG,correct,4개 이상 모델 일치
2024-10-01,20241001LTNC0,롯데,NC,롯데,롯데,롯데,롯데,롯데,롯데,롯데,7,0,strong_consensus,롯데,correct,4개 이상 모델 일치
2025-03-22,20250322NCHT0,NC,KIA,KIA,KIA,KIA,KIA,KIA,KIA,KIA,7,0,strong_consensus,KIA,correct,4개 이상 모델 일치
2025-03-22,20250322HHKT0,한화,KT,KT,KT,KT,KT,KT,KT,KT,7,0,strong_consensus,한화,miss,4개 이상 모델 일치
2025-03-22,20250322LTLG0,롯데,LG,LG,LG,LG,LG,LG,LG,LG,7,0,strong_consensus,LG,correct,4개 이상 모델 일치
2025-03-22,20250322OBSK0,두산,SSG,SSG,SSG,SSG,SSG,SSG,SSG,SSG,7,0,strong_consensus,SSG,correct,4개 이상 모델 일치
2025-03-22,20250322WOSS0,키움,삼성,삼성,삼성,삼성,삼성,삼성,삼성,삼성,7,0,strong_consensus,삼성,correct,4개 이상 모델 일치
2025-03-23,20250323NCHT0,NC,KIA,KIA,KIA,KIA,KIA,KIA,KIA,KIA,7,0,strong_consensus,NC,miss,4개 이상 모델 일치
2025-03-23,20250323HHKT0,한화,KT,KT,KT,KT,한화,한화,한화,KT,4,3,strong_consensus,KT,correct,4개 이상 모델 일치
2025-03-23,20250323LTLG0,롯데,LG,LG,LG,LG,LG,LG,LG,LG,7,0,strong_consensus,LG,correct,4개 이상 모델 일치
2025-03-23,20250323OBSK0,두산,SSG,SSG,SSG,SSG,SSG,SSG,SSG,SSG,7,0,strong_consensus,SSG,correct,4개 이상 모델 일치
2025-03-23,20250323WOSS0,키움,삼성,삼성,삼성,삼성,삼성,삼성,삼성,삼성,7,0,strong_consensus,삼성,correct,4개 이상 모델 일치
2025-03-25,20250325WOHT0,키움,KIA,KIA,KIA,KIA,KIA,KIA,KIA,KIA,7,0,strong_consensus,KIA,correct,4개 이상 모델 일치
2025-03-25,20250325OBKT0,두산,KT,두산,KT,KT,KT,KT,KT,KT,6,1,strong_consensus,KT,correct,4개 이상 모델 일치
2025-03-25,20250325HHLG0,한화,LG,LG,LG,LG,LG,LG,LG,LG,7,0,strong_consensus,LG,correct,4개 이상 모델 일치
2025-03-25,20250325NCSS0,NC,삼성,삼성,삼성,삼성,삼성,삼성,삼성,삼성,7,0,strong_consensus,삼성,correct,4개 이상 모델 일치
2025-03-25,20250325LTSK0,롯데,SSG,SSG,SSG,SSG,SSG,SSG,SSG,SSG,7,0,strong_consensus,롯데,miss,4개 이상 모델 일치
2025-03-26,20250326WOHT0,키움,KIA,KIA,KIA,KIA,KIA,KIA,KIA,KIA,7,0,strong_consensus,키움,miss,4개 이상 모델 일치
2025-03-26,20250326OBKT0,두산,KT,KT,KT,KT,KT,KT,KT,KT,7,0,strong_consensus,두산,miss,4개 이상 모델 일치
2025-03-26,20250326HHLG0,한화,LG,LG,LG,LG,LG,LG,LG,LG,7,0,strong_consensus,LG,correct,4개 이상 모델 일치
2025-03-26,20250326NCSS0,NC,삼성,삼성,삼성,삼성,삼성,삼성,삼성,삼성,7,0,strong_consensus,NC,miss,4개 이상 모델 일치
2025-03-26,20250326LTSK0,롯데,SSG,SSG,SSG,SSG,SSG,SSG,SSG,SSG,7,0,strong_consensus,SSG,correct,4개 이상 모델 일치
2025-03-27,20250327WOHT0,키움,KIA,KIA,KIA,KIA,KIA,KIA,KIA,KIA,7,0,strong_consensus,키움,miss,4개 이상 모델 일치
2025-03-27,20250327OBKT0,두산,KT,KT,KT,KT,KT,KT,KT,KT,7,0,strong_consensus,KT,correct,4개 이상 모델 일치
2025-03-27,20250327HHLG0,한화,LG,LG,LG,LG,LG,LG,LG,LG,7,0,strong_consensus,LG,correct,4개 이상 모델 일치
2025-03-27,20250327NCSS0,NC,삼성,삼성,삼성,삼성,삼성,삼성,삼성,삼성,7,0,strong_consensus,NC,miss,4개 이상 모델 일치
2025-03-27,20250327LTSK0,롯데,SSG,SSG,SSG,SSG,SSG,SSG,SSG,SSG,7,0,strong_consensus,SSG,correct,4개 이상 모델 일치
2025-03-28,20250328HTHH0,KIA,한화,KIA,KIA,KIA,KIA,KIA,KIA,KIA,7,0,strong_consensus,한화,miss,4개 이상 모델 일치
2025-03-28,20250328KTLT0,KT,롯데,KT,롯데,KT,KT,KT,KT,KT,6,1,strong_consensus,KT,correct,4개 이상 모델 일치
2025-03-28,20250328LGNC0,LG,NC,LG,LG,LG,LG,LG,LG,LG,7,0,strong_consensus,LG,correct,4개 이상 모델 일치
2025-03-28,20250328SKWO0,SSG,키움,SSG,SSG,SSG,SSG,SSG,SSG,SSG,7,0,strong_consensus,키움,miss,4개 이상 모델 일치
2025-03-28,20250328SSOB0,삼성,두산,두산,삼성,삼성,삼성,삼성,삼성,삼성,6,1,strong_consensus,두산,miss,4개 이상 모델 일치
2025-03-29,20250329HTHH0,KIA,한화,KIA,KIA,KIA,KIA,KIA,KIA,KIA,7,0,strong_consensus,한화,miss,4개 이상 모델 일치
2025-03-29,20250329KTLT0,KT,롯데,KT,KT,롯데,KT,KT,KT,KT,6,1,strong_consensus,롯데,miss,4개 이상 모델 일치
2025-03-29,20250329LGNC0,LG,NC,LG,LG,LG,LG,LG,LG,LG,7,0,strong_consensus,LG,correct,4개 이상 모델 일치
2025-03-29,20250329SKWO0,SSG,키움,SSG,SSG,키움,SSG,SSG,키움,SSG,5,2,strong_consensus,키움,miss,4개 이상 모델 일치
2025-03-29,20250329SSOB0,삼성,두산,두산,두산,삼성,두산,두산,두산,두산,6,1,strong_consensus,삼성,miss,4개 이상 모델 일치
2025-03-30,20250330HTHH0,KIA,한화,KIA,KIA,KIA,KIA,KIA,한화,KIA,6,1,strong_consensus,KIA,correct,4개 이상 모델 일치
2025-03-30,20250330SKWO0,SSG,키움,SSG,SSG,SSG,SSG,SSG,키움,SSG,6,1,strong_consensus,SSG,correct,4개 이상 모델 일치
2025-03-30,20250330SSOB0,삼성,두산,두산,삼성,삼성,삼성,삼성,삼성,삼성,6,1,strong_consensus,삼성,correct,4개 이상 모델 일치
2025-04-02,20250402SSHT0,삼성,KIA,KIA,KIA,KIA,KIA,KIA,삼성,KIA,6,1,strong_consensus,삼성,miss,4개 이상 모델 일치
2025-04-02,20250402LGKT0,LG,KT,LG,LG,LG,LG,LG,LG,LG,7,0,strong_consensus,KT,miss,4개 이상 모델 일치
2025-04-02,20250402WOOB0,키움,두산,두산,두산,두산,두산,키움,키움,두산,5,2,strong_consensus,두산,correct,4개 이상 모델 일치
2025-04-02,20250402LTHH0,롯데,한화,롯데,롯데,한화,한화,한화,한화,한화,5,2,strong_consensus,롯데,miss,4개 이상 모델 일치
2025-04-03,20250403SSHT0,삼성,KIA,KIA,KIA,KIA,KIA,KIA,삼성,KIA,6,1,strong_consensus,KIA,correct,4개 이상 모델 일치
2025-04-03,20250403LGKT0,LG,KT,LG,LG,LG,KT,LG,KT,LG,5,2,strong_consensus,LG,correct,4개 이상 모델 일치
2025-04-03,20250403WOOB0,키움,두산,두산,두산,두산,두산,두산,두산,두산,7,0,strong_consensus,두산,correct,4개 이상 모델 일치
2025-04-03,20250403LTHH0,롯데,한화,롯데,한화,한화,롯데,롯데,한화,한화,4,3,strong_consensus,롯데,miss,4개 이상 모델 일치
2025-04-04,20250404HTLG0,KIA,LG,LG,LG,KIA,LG,LG,LG,LG,6,1,strong_consensus,LG,correct,4개 이상 모델 일치
2025-04-04,20250404KTSK0,KT,SSG,SSG,SSG,SSG,SSG,SSG,SSG,SSG,7,0,strong_consensus,SSG,correct,4개 이상 모델 일치
2025-04-04,20250404NCWO0,NC,키움,키움,키움,키움,키움,키움,키움,키움,7,0,strong_consensus,키움,correct,4개 이상 모델 일치
2025-04-04,20250404OBLT0,두산,롯데,두산,두산,롯데,롯데,롯데,롯데,롯데,4,3,strong_consensus,두산,miss,4개 이상 모델 일치
2025-04-04,20250404HHSS0,한화,삼성,삼성,삼성,삼성,삼성,삼성,삼성,삼성,7,0,strong_consensus,삼성,correct,4개 이상 모델 일치
2025-04-05,20250405NCWO0,NC,키움,NC,키움,키움,키움,키움,키움,키움,6,1,strong_consensus,NC,miss,4개 이상 모델 일치
2025-04-05,20250405OBLT0,두산,롯데,두산,두산,두산,두산,두산,롯데,두산,6,1,strong_consensus,롯데,miss,4개 이상 모델 일치
2025-04-05,20250405HHSS0,한화,삼성,삼성,삼성,삼성,삼성,삼성,삼성,삼성,7,0,strong_consensus,한화,miss,4개 이상 모델 일치
2025-04-06,20250406HTLG0,KIA,LG,LG,LG,LG,LG,LG,LG,LG,7,0,strong_consensus,LG,correct,4개 이상 모델 일치
2025-04-06,20250406KTSK0,KT,SSG,KT,KT,KT,SSG,KT,SSG,KT,5,2,strong_consensus,SSG,miss,4개 이상 모델 일치
2025-04-06,20250406NCWO0,NC,키움,키움,키움,키움,키움,키움,키움,키움,7,0,strong_consensus,NC,miss,4개 이상 모델 일치
2025-04-06,20250406OBLT0,두산,롯데,두산,두산,롯데,롯데,롯데,롯데,롯데,4,3,strong_consensus,두산,miss,4개 이상 모델 일치
2025-04-06,20250406HHSS0,한화,삼성,삼성,삼성,삼성,삼성,삼성,삼성,삼성,7,0,strong_consensus,삼성,correct,4개 이상 모델 일치
2025-04-08,20250408HTLT0,KIA,롯데,KIA,KIA,롯데,KIA,KIA,롯데,KIA,5,2,strong_consensus,KIA,correct,4개 이상 모델 일치
2025-04-08,20250408NCKT0,NC,KT,KT,KT,KT,KT,KT,KT,KT,7,0,strong_consensus,KT,correct,4개 이상 모델 일치
2025-04-08,20250408LGWO0,LG,키움,LG,LG,LG,LG,LG,LG,LG,7,0,strong_consensus,LG,correct,4개 이상 모델 일치
2025-04-08,20250408SKSS0,SSG,삼성,SSG,삼성,SSG,SSG,SSG,삼성,SSG,5,2,strong_consensus,삼성,miss,4개 이상 모델 일치
2025-04-08,20250408HHOB0,한화,두산,두산,두산,두산,두산,두산,두산,두산,7,0,strong_consensus,두산,correct,4개 이상 모델 일치
2025-04-09,20250409HTLT0,KIA,롯데,KIA,KIA,KIA,KIA,KIA,롯데,KIA,6,1,strong_consensus,KIA,correct,4개 이상 모델 일치
2025-04-09,20250409NCKT0,NC,KT,KT,KT,KT,KT,KT,KT,KT,7,0,strong_consensus,KT,correct,4개 이상 모델 일치
2025-04-09,20250409LGWO0,LG,키움,LG,LG,LG,LG,LG,LG,LG,7,0,strong_consensus,키움,miss,4개 이상 모델 일치
2025-04-09,20250409SKSS0,SSG,삼성,SSG,삼성,SSG,삼성,삼성,삼성,삼성,5,2,strong_consensus,SSG,miss,4개 이상 모델 일치
2025-04-09,20250409HHOB0,한화,두산,두산,두산,두산,두산,두산,두산,두산,7,0,strong_consensus,한화,miss,4개 이상 모델 일치
2025-04-10,20250410HTLT0,KIA,롯데,KIA,KIA,KIA,롯데,KIA,롯데,KIA,5,2,strong_consensus,롯데,miss,4개 이상 모델 일치
2025-04-10,20250410NCKT0,NC,KT,KT,KT,KT,KT,KT,KT,KT,7,0,strong_consensus,NC,miss,4개 이상 모델 일치
2025-04-10,20250410LGWO0,LG,키움,LG,LG,LG,LG,LG,LG,LG,7,0,strong_consensus,LG,correct,4개 이상 모델 일치
2025-04-10,20250410SKSS0,SSG,삼성,SSG,삼성,SSG,삼성,삼성,삼성,삼성,5,2,strong_consensus,삼성,correct,4개 이상 모델 일치
2025-04-10,20250410HHOB0,한화,두산,두산,두산,두산,두산,두산,두산,두산,7,0,strong_consensus,한화,miss,4개 이상 모델 일치
2025-04-11,20250411SKHT0,SSG,KIA,SSG,SSG,KIA,SSG,SSG,KIA,SSG,4,3,strong_consensus,SSG,correct,4개 이상 모델 일치
2025-04-11,20250411SSKT0,삼성,KT,KT,삼성,삼성,삼성,삼성,KT,삼성,5,2,strong_consensus,KT,miss,4개 이상 모델 일치
2025-04-11,20250411OBLG0,두산,LG,LG,LG,LG,LG,LG,LG,LG,7,0,strong_consensus,LG,correct,4개 이상 모델 일치
2025-04-11,20250411LTNC0,롯데,NC,NC,롯데,NC,NC,NC,NC,NC,6,1,strong_consensus,롯데,miss,4개 이상 모델 일치
2025-04-11,20250411WOHH0,키움,한화,한화,한화,한화,한화,한화,한화,한화,7,0,strong_consensus,한화,correct,4개 이상 모델 일치
2025-04-12,20250412OBLG0,두산,LG,LG,LG,LG,LG,LG,LG,LG,7,0,strong_consensus,LG,correct,4개 이상 모델 일치
2025-04-12,20250412LTNC0,롯데,NC,롯데,롯데,NC,롯데,롯데,NC,롯데,5,2,strong_consensus,롯데,correct,4개 이상 모델 일치
2025-04-12,20250412WOHH0,키움,한화,한화,한화,한화,한화,한화,한화,한화,7,0,strong_consensus,키움,miss,4개 이상 모델 일치
2025-04-13,20250413SKHT0,SSG,KIA,KIA,SSG,KIA,SSG,SSG,SSG,SSG,4,3,strong_consensus,KIA,miss,4개 이상 모델 일치
2025-04-13,20250413SSKT0,삼성,KT,KT,KT,KT,KT,삼성,KT,KT,6,1,strong_consensus,KT,correct,4개 이상 모델 일치
2025-04-13,20250413OBLG0,두산,LG,LG,LG,LG,LG,LG,LG,LG,7,0,strong_consensus,두산,miss,4개 이상 모델 일치
2025-04-13,20250413LTNC0,롯데,NC,롯데,롯데,NC,롯데,롯데,롯데,롯데,6,1,strong_consensus,NC,miss,4개 이상 모델 일치
2025-04-13,20250413WOHH0,키움,한화,한화,한화,한화,한화,한화,한화,한화,7,0,strong_consensus,한화,correct,4개 이상 모델 일치
2025-04-15,20250415KTHT0,KT,KIA,KT,KT,KT,KIA,KT,KIA,KT,5,2,strong_consensus,KIA,miss,4개 이상 모델 일치
2025-04-15,20250415SSLG0,삼성,LG,LG,LG,LG,LG,LG,LG,LG,7,0,strong_consensus,LG,correct,4개 이상 모델 일치
2025-04-15,20250415HHSK0,한화,SSG,SSG,SSG,SSG,SSG,SSG,SSG,SSG,7,0,strong_consensus,한화,miss,4개 이상 모델 일치
2025-04-15,20250415WOLT0,키움,롯데,롯데,롯데,롯데,롯데,롯데,롯데,롯데,7,0,strong_consensus,롯데,correct,4개 이상 모델 일치
2025-04-16,20250416KTHT0,KT,KIA,KIA,KIA,KT,KIA,KIA,KIA,KIA,6,1,strong_consensus,KT,miss,4개 이상 모델 일치
2025-04-16,20250416SSLG0,삼성,LG,LG,LG,LG,LG,LG,LG,LG,7,0,strong_consensus,LG,correct,4개 이상 모델 일치
2025-04-16,20250416HHSK0,한화,SSG,SSG,한화,SSG,SSG,SSG,SSG,SSG,6,1,strong_consensus,한화,miss,4개 이상 모델 일치
2025-04-16,20250416WOLT0,키움,롯데,롯데,롯데,롯데,롯데,롯데,롯데,롯데,7,0,strong_consensus,롯데,correct,4개 이상 모델 일치
2025-04-17,20250417KTHT0,KT,KIA,KT,KT,KT,KIA,KT,KIA,KT,5,2,strong_consensus,KIA,miss,4개 이상 모델 일치
2025-04-17,20250417SSLG0,삼성,LG,LG,LG,LG,LG,LG,LG,LG,7,0,strong_consensus,삼성,miss,4개 이상 모델 일치
2025-04-17,20250417HHSK0,한화,SSG,한화,SSG,SSG,SSG,한화,한화,SSG,4,3,strong_consensus,한화,miss,4개 이상 모델 일치
2025-04-17,20250417WOLT0,키움,롯데,롯데,롯데,롯데,롯데,롯데,롯데,롯데,7,0,strong_consensus,롯데,correct,4개 이상 모델 일치
2025-04-18,20250418HTOB0,KIA,두산,두산,두산,두산,두산,KIA,두산,두산,6,1,strong_consensus,두산,correct,4개 이상 모델 일치
2025-04-18,20250418KTWO0,KT,키움,KT,KT,KT,KT,KT,KT,KT,7,0,strong_consensus,키움,miss,4개 이상 모델 일치
2025-04-18,20250418LGSK0,LG,SSG,LG,LG,SSG,LG,LG,LG,LG,6,1,strong_consensus,LG,correct,4개 이상 모델 일치
2025-04-18,20250418NCHH0,NC,한화,한화,한화,한화,한화,한화,한화,한화,7,0,strong_consensus,한화,correct,4개 이상 모델 일치
2025-04-18,20250418LTSS0,롯데,삼성,삼성,삼성,삼성,삼성,삼성,삼성,삼성,7,0,strong_consensus,롯데,miss,4개 이상 모델 일치
2025-04-19,20250419HTOB0,KIA,두산,두산,두산,두산,두산,두산,두산,두산,7,0,strong_consensus,KIA,miss,4개 이상 모델 일치
2025-04-19,20250419KTWO0,KT,키움,KT,KT,KT,KT,KT,KT,KT,7,0,strong_consensus,KT,correct,4개 이상 모델 일치
2025-04-19,20250419LGSK0,LG,SSG,LG,LG,SSG,LG,LG,LG,LG,6,1,strong_consensus,LG,correct,4개 이상 모델 일치
2025-04-19,20250419NCHH0,NC,한화,한화,한화,한화,한화,한화,한화,한화,7,0,strong_consensus,한화,correct,4개 이상 모델 일치
2025-04-19,20250419LTSS0,롯데,삼성,롯데,롯데,롯데,삼성,롯데,롯데,롯데,6,1,strong_consensus,삼성,miss,4개 이상 모델 일치
2025-04-20,20250420HTOB0,KIA,두산,두산,두산,두산,KIA,두산,두산,두산,6,1,strong_consensus,KIA,miss,4개 이상 모델 일치
2025-04-20,20250420KTWO0,KT,키움,KT,KT,KT,KT,KT,KT,KT,7,0,strong_consensus,KT,correct,4개 이상 모델 일치
2025-04-20,20250420LGSK0,LG,SSG,SSG,LG,SSG,LG,LG,LG,LG,5,2,strong_consensus,SSG,miss,4개 이상 모델 일치
2025-04-20,20250420NCHH0,NC,한화,한화,한화,한화,한화,한화,한화,한화,7,0,strong_consensus,한화,correct,4개 이상 모델 일치
2025-04-20,20250420LTSS0,롯데,삼성,삼성,삼성,삼성,삼성,롯데,삼성,삼성,6,1,strong_consensus,롯데,miss,4개 이상 모델 일치
2025-04-22,20250422SKKT0,SSG,KT,KT,KT,SSG,SSG,KT,KT,KT,5,2,strong_consensus,KT,correct,4개 이상 모델 일치
2025-04-22,20250422NCLG0,NC,LG,LG,LG,LG,LG,LG,LG,LG,7,0,strong_consensus,NC,miss,4개 이상 모델 일치
2025-04-22,20250422OBWO0,두산,키움,두산,두산,두산,두산,두산,두산,두산,7,0,strong_consensus,키움,miss,4개 이상 모델 일치
2025-04-23,20250423HTSS0,KIA,삼성,KIA,KIA,KIA,KIA,KIA,KIA,KIA,7,0,strong_consensus,삼성,miss,4개 이상 모델 일치
2025-04-23,20250423SKKT0,SSG,KT,KT,KT,KT,KT,KT,KT,KT,7,0,strong_consensus,SSG,miss,4개 이상 모델 일치
2025-04-23,20250423NCLG0,NC,LG,LG,LG,LG,LG,LG,LG,LG,7,0,strong_consensus,LG,correct,4개 이상 모델 일치
2025-04-23,20250423OBWO0,두산,키움,두산,두산,키움,두산,두산,두산,두산,6,1,strong_consensus,두산,correct,4개 이상 모델 일치
2025-04-23,20250423HHLT0,한화,롯데,한화,한화,한화,한화,한화,한화,한화,7,0,strong_consensus,한화,correct,4개 이상 모델 일치
2025-04-24,20250424HTSS0,KIA,삼성,KIA,KIA,KIA,KIA,KIA,삼성,KIA,6,1,strong_consensus,삼성,miss,4개 이상 모델 일치
2025-04-24,20250424SKKT0,SSG,KT,KT,KT,KT,KT,KT,KT,KT,7,0,strong_consensus,SSG,miss,4개 이상 모델 일치
2025-04-24,20250424NCLG0,NC,LG,LG,LG,LG,LG,LG,LG,LG,7,0,strong_consensus,NC,miss,4개 이상 모델 일치
2025-04-24,20250424OBWO0,두산,키움,두산,두산,두산,두산,두산,두산,두산,7,0,strong_consensus,두산,correct,4개 이상 모델 일치
2025-04-24,20250424HHLT0,한화,롯데,한화,한화,한화,한화,한화,롯데,한화,6,1,strong_consensus,롯데,miss,4개 이상 모델 일치
2025-04-25,20250425LGHT0,LG,KIA,LG,LG,KIA,LG,LG,KIA,LG,5,2,strong_consensus,LG,correct,4개 이상 모델 일치
2025-04-25,20250425KTHH0,KT,한화,한화,한화,KT,한화,한화,한화,한화,6,1,strong_consensus,KT,miss,4개 이상 모델 일치
2025-04-25,20250425NCSS0,NC,삼성,삼성,삼성,삼성,삼성,삼성,삼성,삼성,7,0,strong_consensus,삼성,correct,4개 이상 모델 일치
2025-04-25,20250425WOSK0,키움,SSG,SSG,SSG,SSG,SSG,SSG,SSG,SSG,7,0,strong_consensus,SSG,correct,4개 이상 모델 일치
2025-04-25,20250425LTOB0,롯데,두산,롯데,롯데,두산,두산,롯데,두산,두산,4,3,strong_consensus,롯데,miss,4개 이상 모델 일치
2025-04-26,20250426LGHT0,LG,KIA,LG,LG,LG,LG,LG,LG,LG,7,0,strong_consensus,KIA,miss,4개 이상 모델 일치
2025-04-26,20250426KTHH0,KT,한화,KT,한화,KT,KT,KT,한화,KT,5,2,strong_consensus,한화,miss,4개 이상 모델 일치
2025-04-26,20250426NCSS0,NC,삼성,삼성,삼성,삼성,삼성,삼성,삼성,삼성,7,0,strong_consensus,삼성,correct,4개 이상 모델 일치
2025-04-26,20250426WOSK0,키움,SSG,SSG,SSG,SSG,SSG,SSG,SSG,SSG,7,0,strong_consensus,키움,miss,4개 이상 모델 일치
2025-04-26,20250426LTOB0,롯데,두산,롯데,롯데,두산,두산,롯데,두산,두산,4,3,strong_consensus,롯데,miss,4개 이상 모델 일치
2025-04-27,20250427LGHT0,LG,KIA,LG,LG,LG,LG,LG,KIA,LG,6,1,strong_consensus,KIA,miss,4개 이상 모델 일치
2025-04-27,20250427KTHH0,KT,한화,한화,한화,KT,한화,한화,한화,한화,6,1,strong_consensus,한화,correct,4개 이상 모델 일치
2025-04-27,20250427NCSS0,NC,삼성,삼성,삼성,삼성,삼성,삼성,삼성,삼성,7,0,strong_consensus,삼성,correct,4개 이상 모델 일치
2025-04-27,20250427WOSK0,키움,SSG,SSG,SSG,SSG,SSG,SSG,SSG,SSG,7,0,strong_consensus,키움,miss,4개 이상 모델 일치
2025-04-27,20250427LTOB0,롯데,두산,롯데,두산,두산,두산,롯데,롯데,두산,4,3,strong_consensus,두산,correct,4개 이상 모델 일치
2025-04-29,20250429NCHT0,NC,KIA,KIA,KIA,KIA,KIA,KIA,KIA,KIA,7,0,strong_consensus,KIA,correct,4개 이상 모델 일치
2025-04-29,20250429KTOB0,KT,두산,두산,두산,두산,두산,두산,두산,두산,7,0,strong_consensus,KT,miss,4개 이상 모델 일치
2025-04-29,20250429LGHH0,LG,한화,LG,한화,한화,LG,한화,한화,한화,5,2,strong_consensus,한화,correct,4개 이상 모델 일치
2025-04-29,20250429SSSK0,삼성,SSG,SSG,삼성,SSG,삼성,삼성,삼성,삼성,5,2,strong_consensus,삼성,correct,4개 이상 모델 일치
2025-04-29,20250429LTWO0,롯데,키움,롯데,롯데,롯데,롯데,롯데,롯데,롯데,7,0,strong_consensus,롯데,correct,4개 이상 모델 일치
2025-04-30,20250430NCHT0,NC,KIA,KIA,KIA,KIA,KIA,KIA,KIA,KIA,7,0,strong_consensus,NC,miss,4개 이상 모델 일치
2025-04-30,20250430KTOB0,KT,두산,KT,두산,두산,두산,두산,두산,두산,6,1,strong_consensus,KT,miss,4개 이상 모델 일치
2025-04-30,20250430LGHH0,LG,한화,LG,한화,한화,한화,한화,한화,한화,6,1,strong_consensus,한화,correct,4개 이상 모델 일치
2025-04-30,20250430LTWO0,롯데,키움,롯데,롯데,롯데,롯데,롯데,롯데,롯데,7,0,strong_consensus,롯데,correct,4개 이상 모델 일치
2025-05-01,20250501SSSK0,삼성,SSG,삼성,삼성,삼성,삼성,삼성,삼성,삼성,7,0,strong_consensus,SSG,miss,4개 이상 모델 일치
2025-05-01,20250501LTWO0,롯데,키움,롯데,롯데,롯데,롯데,롯데,롯데,롯데,7,0,strong_consensus,롯데,correct,4개 이상 모델 일치
2025-05-02,20250502HHHT0,한화,KIA,KIA,한화,KIA,KIA,KIA,KIA,KIA,6,1,strong_consensus,한화,miss,4개 이상 모델 일치
2025-05-02,20250502WOKT0,키움,KT,KT,KT,KT,KT,KT,KT,KT,7,0,strong_consensus,키움,miss,4개 이상 모델 일치
2025-05-02,20250502SKLG0,SSG,LG,LG,LG,LG,LG,LG,LG,LG,7,0,strong_consensus,SSG,miss,4개 이상 모델 일치
2025-05-02,20250502NCLT0,NC,롯데,롯데,롯데,롯데,롯데,롯데,롯데,롯데,7,0,strong_consensus,롯데,correct,4개 이상 모델 일치
2025-05-02,20250502OBSS0,두산,삼성,삼성,삼성,삼성,삼성,삼성,삼성,삼성,7,0,strong_consensus,삼성,correct,4개 이상 모델 일치
2025-05-03,20250503WOKT0,키움,KT,KT,KT,KT,KT,KT,KT,KT,7,0,strong_consensus,KT,correct,4개 이상 모델 일치
2025-05-03,20250503SKLG0,SSG,LG,SSG,LG,LG,LG,LG,SSG,LG,5,2,strong_consensus,LG,correct,4개 이상 모델 일치
2025-05-03,20250503NCLT0,NC,롯데,롯데,롯데,롯데,롯데,롯데,롯데,롯데,7,0,strong_consensus,NC,miss,4개 이상 모델 일치
2025-05-03,20250503OBSS0,두산,삼성,삼성,삼성,삼성,삼성,삼성,삼성,삼성,7,0,strong_consensus,두산,miss,4개 이상 모델 일치
2025-05-04,20250504HHHT0,한화,KIA,KIA,KIA,KIA,KIA,KIA,KIA,KIA,7,0,strong_consensus,한화,miss,4개 이상 모델 일치
2025-05-04,20250504WOKT0,키움,KT,KT,KT,KT,KT,KT,KT,KT,7,0,strong_consensus,KT,correct,4개 이상 모델 일치
2025-05-04,20250504SKLG0,SSG,LG,LG,LG,LG,LG,LG,LG,LG,7,0,strong_consensus,LG,correct,4개 이상 모델 일치
2025-05-04,20250504NCLT0,NC,롯데,롯데,롯데,롯데,롯데,롯데,롯데,롯데,7,0,strong_consensus,NC,miss,4개 이상 모델 일치
2025-05-04,20250504OBSS0,두산,삼성,삼성,삼성,삼성,삼성,삼성,삼성,삼성,7,0,strong_consensus,두산,miss,4개 이상 모델 일치
2025-05-05,20250505HTWO0,KIA,키움,KIA,KIA,KIA,KIA,KIA,KIA,KIA,7,0,strong_consensus,KIA,correct,4개 이상 모델 일치
2025-05-05,20250505NCKT0,NC,KT,KT,KT,KT,KT,KT,KT,KT,7,0,strong_consensus,NC,miss,4개 이상 모델 일치
2025-05-05,20250505LGOB0,LG,두산,LG,LG,LG,LG,LG,두산,LG,6,1,strong_consensus,두산,miss,4개 이상 모델 일치
2025-05-05,20250505SKLT0,SSG,롯데,롯데,롯데,롯데,롯데,롯데,롯데,롯데,7,0,strong_consensus,SSG,miss,4개 이상 모델 일치
2025-05-05,20250505SSHH0,삼성,한화,한화,한화,한화,한화,한화,한화,한화,7,0,strong_consensus,한화,correct,4개 이상 모델 일치
2025-05-06,20250506HTWO0,KIA,키움,KIA,KIA,KIA,KIA,KIA,KIA,KIA,7,0,strong_consensus,KIA,correct,4개 이상 모델 일치
2025-05-06,20250506NCKT0,NC,KT,KT,KT,KT,KT,KT,KT,KT,7,0,strong_consensus,NC,miss,4개 이상 모델 일치
2025-05-06,20250506LGOB0,LG,두산,LG,LG,LG,LG,LG,두산,LG,6,1,strong_consensus,LG,correct,4개 이상 모델 일치
2025-05-06,20250506SKLT0,SSG,롯데,롯데,롯데,롯데,롯데,롯데,롯데,롯데,7,0,strong_consensus,롯데,correct,4개 이상 모델 일치
2025-05-06,20250506SSHH0,삼성,한화,삼성,한화,한화,한화,한화,한화,한화,6,1,strong_consensus,한화,correct,4개 이상 모델 일치
2025-05-07,20250507HTWO0,KIA,키움,KIA,KIA,KIA,KIA,KIA,KIA,KIA,7,0,strong_consensus,키움,miss,4개 이상 모델 일치
2025-05-07,20250507NCKT0,NC,KT,KT,KT,KT,KT,KT,KT,KT,7,0,strong_consensus,NC,miss,4개 이상 모델 일치
2025-05-07,20250507LGOB0,LG,두산,LG,LG,LG,LG,LG,두산,LG,6,1,strong_consensus,두산,miss,4개 이상 모델 일치
2025-05-07,20250507SKLT0,SSG,롯데,롯데,롯데,롯데,롯데,롯데,롯데,롯데,7,0,strong_consensus,롯데,correct,4개 이상 모델 일치
2025-05-07,20250507SSHH0,삼성,한화,한화,한화,한화,한화,한화,한화,한화,7,0,strong_consensus,한화,correct,4개 이상 모델 일치
2025-05-09,20250509HHWO0,한화,키움,한화,한화,한화,한화,한화,한화,한화,7,0,strong_consensus,한화,correct,4개 이상 모델 일치
2025-05-10,20250510HTSK1,KIA,SSG,KIA,KIA,KIA,KIA,KIA,KIA,KIA,7,0,strong_consensus,KIA,correct,4개 이상 모델 일치
2025-05-10,20250510LTKT1,롯데,KT,롯데,롯데,롯데,롯데,롯데,롯데,롯데,7,0,strong_consensus,롯데,correct,4개 이상 모델 일치
2025-05-10,20250510LGSS2,LG,삼성,삼성,삼성,삼성,삼성,LG,삼성,삼성,6,1,strong_consensus,LG,miss,4개 이상 모델 일치
2025-05-10,20250510HHWO0,한화,키움,키움,한화,한화,한화,한화,한화,한화,6,1,strong_consensus,한화,correct,4개 이상 모델 일치
2025-05-11,20250511HTSK2,KIA,SSG,SSG,SSG,SSG,SSG,KIA,SSG,SSG,6,1,strong_consensus,SSG,correct,4개 이상 모델 일치
2025-05-11,20250511LTKT2,롯데,KT,롯데,롯데,롯데,롯데,롯데,롯데,롯데,7,0,strong_consensus,롯데,correct,4개 이상 모델 일치
2025-05-11,20250511LGSS0,LG,삼성,LG,LG,LG,LG,LG,LG,LG,7,0,strong_consensus,LG,correct,4개 이상 모델 일치
2025-05-11,20250511NCOB2,NC,두산,두산,두산,두산,NC,두산,두산,두산,6,1,strong_consensus,NC,miss,4개 이상 모델 일치
2025-05-11,20250511HHWO0,한화,키움,키움,한화,한화,한화,한화,한화,한화,6,1,strong_consensus,한화,correct,4개 이상 모델 일치
2025-05-13,20250513LTHT0,롯데,KIA,롯데,롯데,롯데,롯데,롯데,롯데,롯데,7,0,strong_consensus,KIA,miss,4개 이상 모델 일치
2025-05-13,20250513KTSS0,KT,삼성,삼성,삼성,삼성,삼성,KT,KT,삼성,5,2,strong_consensus,삼성,correct,4개 이상 모델 일치
2025-05-13,20250513WOLG0,키움,LG,LG,LG,LG,LG,LG,LG,LG,7,0,strong_consensus,LG,correct,4개 이상 모델 일치
2025-05-13,20250513NCSK0,NC,SSG,SSG,SSG,SSG,SSG,SSG,NC,SSG,6,1,strong_consensus,SSG,correct,4개 이상 모델 일치
2025-05-13,20250513OBHH0,두산,한화,두산,한화,한화,한화,한화,한화,한화,6,1,strong_consensus,두산,miss,4개 이상 모델 일치
2025-05-14,20250514LTHT0,롯데,KIA,롯데,롯데,KIA,KIA,KIA,KIA,KIA,4,3,strong_consensus,롯데,miss,4개 이상 모델 일치
2025-05-14,20250514KTSS0,KT,삼성,삼성,삼성,삼성,삼성,삼성,삼성,삼성,7,0,strong_consensus,KT,miss,4개 이상 모델 일치
2025-05-14,20250514WOLG0,키움,LG,LG,LG,LG,LG,LG,LG,LG,7,0,strong_consensus,LG,correct,4개 이상 모델 일치
2025-05-14,20250514NCSK0,NC,SSG,SSG,SSG,SSG,SSG,SSG,SSG,SSG,7,0,strong_consensus,NC,miss,4개 이상 모델 일치
2025-05-14,20250514OBHH0,두산,한화,한화,한화,한화,한화,한화,한화,한화,7,0,strong_consensus,두산,miss,4개 이상 모델 일치
2025-05-15,20250515LTHT0,롯데,KIA,롯데,롯데,KIA,KIA,롯데,KIA,KIA,4,3,strong_consensus,KIA,correct,4개 이상 모델 일치
2025-05-15,20250515KTSS0,KT,삼성,삼성,삼성,삼성,삼성,KT,삼성,삼성,6,1,strong_consensus,삼성,correct,4개 이상 모델 일치
2025-05-15,20250515WOLG0,키움,LG,LG,LG,LG,LG,LG,LG,LG,7,0,strong_consensus,LG,correct,4개 이상 모델 일치
2025-05-15,20250515NCSK0,NC,SSG,SSG,SSG,SSG,SSG,SSG,SSG,SSG,7,0,strong_consensus,SSG,correct,4개 이상 모델 일치
2025-05-15,20250515OBHH0,두산,한화,한화,한화,한화,한화,한화,한화,한화,7,0,strong_consensus,두산,miss,4개 이상 모델 일치
2025-05-17,20250517OBHT1,두산,KIA,KIA,KIA,KIA,KIA,두산,KIA,KIA,6,1,strong_consensus,KIA,correct,4개 이상 모델 일치
2025-05-17,20250517OBHT2,두산,KIA,KIA,KIA,KIA,KIA,KIA,KIA,KIA,7,0,strong_consensus,KIA,correct,4개 이상 모델 일치
2025-05-17,20250517KTLG1,KT,LG,LG,LG,LG,LG,LG,LG,LG,7,0,strong_consensus,KT,miss,4개 이상 모델 일치
2025-05-17,20250517KTLG2,KT,LG,LG,LG,LG,LG,LG,LG,LG,7,0,strong_consensus,KT,miss,4개 이상 모델 일치
2025-05-17,20250517WONC1,키움,NC,NC,NC,NC,NC,NC,NC,NC,7,0,strong_consensus,NC,correct,4개 이상 모델 일치
2025-05-17,20250517WONC2,키움,NC,NC,NC,NC,NC,NC,NC,NC,7,0,strong_consensus,키움,miss,4개 이상 모델 일치
2025-05-17,20250517SKHH1,SSG,한화,한화,한화,한화,한화,한화,한화,한화,7,0,strong_consensus,한화,correct,4개 이상 모델 일치
2025-05-17,20250517SKHH2,SSG,한화,한화,한화,한화,한화,한화,한화,한화,7,0,strong_consensus,SSG,miss,4개 이상 모델 일치
2025-05-17,20250517SSLT1,삼성,롯데,롯데,롯데,롯데,롯데,롯데,롯데,롯데,7,0,strong_consensus,롯데,correct,4개 이상 모델 일치
2025-05-17,20250517SSLT2,삼성,롯데,롯데,롯데,롯데,롯데,롯데,롯데,롯데,7,0,strong_consensus,롯데,correct,4개 이상 모델 일치
2025-05-18,20250518OBHT0,두산,KIA,KIA,KIA,KIA,KIA,KIA,KIA,KIA,7,0,strong_consensus,KIA,correct,4개 이상 모델 일치
2025-05-18,20250518KTLG0,KT,LG,LG,LG,LG,LG,LG,LG,LG,7,0,strong_consensus,LG,correct,4개 이상 모델 일치
2025-05-18,20250518WONC0,키움,NC,NC,NC,NC,NC,NC,NC,NC,7,0,strong_consensus,NC,correct,4개 이상 모델 일치
2025-05-18,20250518SKHH0,SSG,한화,한화,한화,한화,한화,한화,한화,한화,7,0,strong_consensus,SSG,miss,4개 이상 모델 일치
2025-05-18,20250518SSLT0,삼성,롯데,롯데,롯데,롯데,롯데,롯데,롯데,롯데,7,0,strong_consensus,롯데,correct,4개 이상 모델 일치
2025-05-20,20250520HTKT0,KIA,KT,KIA,KIA,KIA,KIA,KIA,KIA,KIA,7,0,strong_consensus,KT,miss,4개 이상 모델 일치
2025-05-20,20250520LGLT0,LG,롯데,롯데,롯데,롯데,롯데,롯데,롯데,롯데,7,0,strong_consensus,LG,miss,4개 이상 모델 일치
2025-05-20,20250520HHNC0,한화,NC,NC,한화,한화,한화,한화,NC,한화,5,2,strong_consensus,한화,correct,4개 이상 모델 일치
2025-05-20,20250520SKOB0,SSG,두산,두산,두산,두산,두산,두산,두산,두산,7,0,strong_consensus,SSG,miss,4개 이상 모델 일치
2025-05-20,20250520SSWO0,삼성,키움,삼성,삼성,삼성,삼성,삼성,삼성,삼성,7,0,strong_consensus,삼성,correct,4개 이상 모델 일치
2025-05-21,20250521HTKT0,KIA,KT,KIA,KIA,KIA,KIA,KIA,KT,KIA,6,1,strong_consensus,KT,miss,4개 이상 모델 일치
2025-05-21,20250521HHNC0,한화,NC,NC,NC,NC,한화,한화,NC,NC,4,3,strong_consensus,NC,correct,4개 이상 모델 일치
2025-05-21,20250521SKOB0,SSG,두산,SSG,두산,두산,SSG,SSG,SSG,SSG,5,2,strong_consensus,SSG,correct,4개 이상 모델 일치
2025-05-21,20250521SSWO0,삼성,키움,삼성,삼성,삼성,삼성,삼성,삼성,삼성,7,0,strong_consensus,삼성,correct,4개 이상 모델 일치
2025-05-22,20250522HTKT0,KIA,KT,KIA,KIA,KIA,KIA,KT,KT,KIA,5,2,strong_consensus,KIA,correct,4개 이상 모델 일치
2025-05-22,20250522LGLT0,LG,롯데,롯데,롯데,롯데,롯데,롯데,롯데,롯데,7,0,strong_consensus,롯데,correct,4개 이상 모델 일치
2025-05-22,20250522HHNC0,한화,NC,한화,한화,한화,한화,한화,NC,한화,6,1,strong_consensus,NC,miss,4개 이상 모델 일치
2025-05-22,20250522SKOB0,SSG,두산,SSG,SSG,두산,SSG,SSG,SSG,SSG,6,1,strong_consensus,두산,miss,4개 이상 모델 일치
2025-05-22,20250522SSWO0,삼성,키움,삼성,삼성,삼성,삼성,삼성,삼성,삼성,7,0,strong_consensus,삼성,correct,4개 이상 모델 일치
2025-05-23,20250523HTSS0,KIA,삼성,삼성,KIA,삼성,삼성,삼성,삼성,삼성,6,1,strong_consensus,KIA,miss,4개 이상 모델 일치
2025-05-23,20250523KTWO0,KT,키움,KT,KT,KT,KT,KT,KT,KT,7,0,strong_consensus,KT,correct,4개 이상 모델 일치
2025-05-23,20250523LGSK0,LG,SSG,SSG,LG,SSG,SSG,SSG,SSG,SSG,6,1,strong_consensus,LG,miss,4개 이상 모델 일치
2025-05-23,20250523LTHH0,롯데,한화,롯데,한화,한화,한화,한화,롯데,한화,5,2,strong_consensus,한화,correct,4개 이상 모델 일치
2025-05-24,20250524HTSS0,KIA,삼성,KIA,KIA,KIA,KIA,KIA,삼성,KIA,6,1,strong_consensus,삼성,miss,4개 이상 모델 일치
2025-05-24,20250524KTWO0,KT,키움,KT,KT,KT,KT,KT,KT,KT,7,0,strong_consensus,KT,correct,4개 이상 모델 일치
2025-05-24,20250524LGSK0,LG,SSG,LG,LG,SSG,SSG,SSG,SSG,SSG,5,2,strong_consensus,SSG,correct,4개 이상 모델 일치
2025-05-24,20250524NCOB0,NC,두산,두산,두산,두산,두산,두산,두산,두산,7,0,strong_consensus,NC,miss,4개 이상 모델 일치
2025-05-24,20250524LTHH0,롯데,한화,롯데,한화,한화,롯데,롯데,한화,롯데,4,3,strong_consensus,롯데,correct,4개 이상 모델 일치
2025-05-25,20250525HTSS0,KIA,삼성,KIA,KIA,KIA,KIA,삼성,삼성,KIA,5,2,strong_consensus,삼성,miss,4개 이상 모델 일치
2025-05-25,20250525KTWO0,KT,키움,KT,KT,KT,KT,KT,KT,KT,7,0,strong_consensus,KT,correct,4개 이상 모델 일치
2025-05-25,20250525LGSK0,LG,SSG,SSG,SSG,SSG,SSG,SSG,SSG,SSG,7,0,strong_consensus,LG,miss,4개 이상 모델 일치
2025-05-25,20250525NCOB0,NC,두산,두산,두산,두산,두산,두산,두산,두산,7,0,strong_consensus,두산,correct,4개 이상 모델 일치
2025-05-25,20250525LTHH0,롯데,한화,한화,한화,한화,한화,롯데,한화,한화,6,1,strong_consensus,한화,correct,4개 이상 모델 일치
2025-05-27,20250527WOHT0,키움,KIA,KIA,KIA,KIA,KIA,KIA,KIA,KIA,7,0,strong_consensus,KIA,correct,4개 이상 모델 일치
2025-05-27,20250527OBKT0,두산,KT,KT,KT,KT,KT,KT,KT,KT,7,0,strong_consensus,KT,correct,4개 이상 모델 일치
2025-05-27,20250527HHLG0,한화,LG,한화,한화,LG,한화,LG,LG,한화,4,3,strong_consensus,LG,miss,4개 이상 모델 일치
2025-05-27,20250527LTSS0,롯데,삼성,삼성,롯데,롯데,롯데,롯데,삼성,롯데,5,2,strong_consensus,삼성,miss,4개 이상 모델 일치
2025-05-28,20250528WOHT0,키움,KIA,KIA,KIA,KIA,KIA,KIA,KIA,KIA,7,0,strong_consensus,KIA,correct,4개 이상 모델 일치
2025-05-28,20250528OBKT0,두산,KT,KT,KT,KT,KT,KT,KT,KT,7,0,strong_consensus,두산,miss,4개 이상 모델 일치
2025-05-28,20250528HHLG0,한화,LG,LG,한화,LG,LG,LG,LG,LG,6,1,strong_consensus,한화,miss,4개 이상 모델 일치
2025-05-28,20250528NCSK0,NC,SSG,SSG,SSG,SSG,SSG,SSG,SSG,SSG,7,0,strong_consensus,SSG,correct,4개 이상 모델 일치
2025-05-29,20250529OBKT0,두산,KT,KT,KT,두산,KT,KT,KT,KT,6,1,strong_consensus,KT,correct,4개 이상 모델 일치
2025-05-29,20250529HHLG0,한화,LG,LG,LG,한화,한화,한화,LG,한화,4,3,strong_consensus,LG,miss,4개 이상 모델 일치
2025-05-29,20250529NCSK0,NC,SSG,SSG,SSG,SSG,SSG,SSG,SSG,SSG,7,0,strong_consensus,SSG,correct,4개 이상 모델 일치
2025-05-29,20250529LTSS0,롯데,삼성,롯데,롯데,롯데,롯데,롯데,삼성,롯데,6,1,strong_consensus,삼성,miss,4개 이상 모델 일치
2025-05-30,20250530HTKT0,KIA,KT,KIA,KIA,KIA,KT,KT,KT,KIA,4,3,strong_consensus,KT,miss,4개 이상 모델 일치
2025-05-30,20250530SSLG0,삼성,LG,LG,LG,LG,LG,LG,LG,LG,7,0,strong_consensus,삼성,miss,4개 이상 모델 일치
2025-05-30,20250530HHNC0,한화,NC,NC,한화,NC,한화,한화,NC,한화,4,3,strong_consensus,한화,correct,4개 이상 모델 일치
2025-05-30,20250530SKLT0,SSG,롯데,롯데,롯데,롯데,롯데,롯데,롯데,롯데,7,0,strong_consensus,롯데,correct,4개 이상 모델 일치
2025-05-30,20250530OBWO0,두산,키움,두산,두산,두산,두산,두산,두산,두산,7,0,strong_consensus,두산,correct,4개 이상 모델 일치
2025-05-31,20250531HTKT0,KIA,KT,KT,KIA,KT,KT,KT,KT,KT,6,1,strong_consensus,KT,correct,4개 이상 모델 일치
2025-05-31,20250531SSLG0,삼성,LG,삼성,LG,LG,LG,LG,LG,LG,6,1,strong_consensus,삼성,miss,4개 이상 모델 일치
2025-05-31,20250531HHNC0,한화,NC,NC,한화,NC,한화,한화,한화,한화,5,2,strong_consensus,한화,correct,4개 이상 모델 일치
2025-05-31,20250531SKLT0,SSG,롯데,롯데,롯데,롯데,롯데,롯데,롯데,롯데,7,0,strong_consensus,SSG,miss,4개 이상 모델 일치
2025-05-31,20250531OBWO0,두산,키움,두산,두산,두산,두산,두산,두산,두산,7,0,strong_consensus,키움,miss,4개 이상 모델 일치
2025-06-01,20250601HTKT0,KIA,KT,KT,KT,KT,KT,KT,KT,KT,7,0,strong_consensus,KIA,miss,4개 이상 모델 일치
2025-06-01,20250601SSLG0,삼성,LG,삼성,LG,LG,LG,삼성,LG,LG,5,2,strong_consensus,삼성,miss,4개 이상 모델 일치
2025-06-01,20250601HHNC0,한화,NC,NC,한화,NC,한화,한화,한화,한화,5,2,strong_consensus,NC,miss,4개 이상 모델 일치
2025-06-01,20250601SKLT0,SSG,롯데,롯데,롯데,롯데,롯데,롯데,SSG,롯데,6,1,strong_consensus,SSG,miss,4개 이상 모델 일치
2025-06-01,20250601OBWO0,두산,키움,두산,두산,두산,두산,두산,두산,두산,7,0,strong_consensus,키움,miss,4개 이상 모델 일치
2025-06-03,20250603HTOB0,KIA,두산,KIA,KIA,두산,KIA,KIA,KIA,KIA,6,1,strong_consensus,KIA,correct,4개 이상 모델 일치
2025-06-03,20250603KTHH0,KT,한화,한화,한화,한화,한화,한화,한화,한화,7,0,strong_consensus,한화,correct,4개 이상 모델 일치
2025-06-03,20250603LGNC0,LG,NC,LG,LG,NC,LG,LG,NC,LG,5,2,strong_consensus,LG,correct,4개 이상 모델 일치
2025-06-03,20250603SSSK0,삼성,SSG,SSG,SSG,SSG,SSG,삼성,SSG,SSG,6,1,strong_consensus,SSG,correct,4개 이상 모델 일치
2025-06-03,20250603WOLT0,키움,롯데,롯데,롯데,롯데,롯데,롯데,롯데,롯데,7,0,strong_consensus,롯데,correct,4개 이상 모델 일치
2025-06-04,20250604HTOB0,KIA,두산,KIA,KIA,KIA,KIA,KIA,KIA,KIA,7,0,strong_consensus,KIA,correct,4개 이상 모델 일치
2025-06-04,20250604KTHH0,KT,한화,한화,한화,한화,한화,한화,한화,한화,7,0,strong_consensus,한화,correct,4개 이상 모델 일치
2025-06-04,20250604LGNC0,LG,NC,LG,LG,LG,LG,LG,LG,LG,7,0,strong_consensus,NC,miss,4개 이상 모델 일치
2025-06-04,20250604SSSK0,삼성,SSG,SSG,SSG,SSG,SSG,SSG,SSG,SSG,7,0,strong_consensus,SSG,correct,4개 이상 모델 일치
2025-06-04,20250604WOLT0,키움,롯데,롯데,롯데,롯데,롯데,롯데,롯데,롯데,7,0,strong_consensus,키움,miss,4개 이상 모델 일치
2025-06-05,20250605HTOB0,KIA,두산,KIA,KIA,KIA,KIA,KIA,KIA,KIA,7,0,strong_consensus,두산,miss,4개 이상 모델 일치
2025-06-05,20250605KTHH0,KT,한화,한화,한화,한화,한화,한화,한화,한화,7,0,strong_consensus,KT,miss,4개 이상 모델 일치
2025-06-05,20250605LGNC0,LG,NC,LG,LG,LG,LG,LG,LG,LG,7,0,strong_consensus,LG,correct,4개 이상 모델 일치
2025-06-05,20250605SSSK0,삼성,SSG,SSG,SSG,SSG,SSG,SSG,SSG,SSG,7,0,strong_consensus,삼성,miss,4개 이상 모델 일치
2025-06-05,20250605WOLT0,키움,롯데,롯데,롯데,롯데,롯데,롯데,롯데,롯데,7,0,strong_consensus,키움,miss,4개 이상 모델 일치
2025-06-06,20250606HHHT0,한화,KIA,KIA,KIA,KIA,한화,한화,KIA,KIA,5,2,strong_consensus,KIA,correct,4개 이상 모델 일치
2025-06-06,20250606SKKT0,SSG,KT,SSG,SSG,KT,KT,SSG,KT,SSG,4,3,strong_consensus,KT,miss,4개 이상 모델 일치
2025-06-06,20250606LGWO0,LG,키움,LG,LG,LG,LG,LG,LG,LG,7,0,strong_consensus,키움,miss,4개 이상 모델 일치
2025-06-06,20250606NCSS0,NC,삼성,삼성,삼성,삼성,삼성,삼성,삼성,삼성,7,0,strong_consensus,삼성,correct,4개 이상 모델 일치
2025-06-06,20250606LTOB0,롯데,두산,롯데,롯데,롯데,롯데,롯데,두산,롯데,6,1,strong_consensus,두산,miss,4개 이상 모델 일치
2025-06-07,20250607HHHT0,한화,KIA,KIA,KIA,KIA,KIA,KIA,KIA,KIA,7,0,strong_consensus,한화,miss,4개 이상 모델 일치
2025-06-07,20250607SKKT0,SSG,KT,KT,KT,KT,KT,KT,KT,KT,7,0,strong_consensus,KT,correct,4개 이상 모델 일치
2025-06-07,20250607LGWO0,LG,키움,LG,LG,LG,LG,LG,키움,LG,6,1,strong_consensus,키움,miss,4개 이상 모델 일치
2025-06-07,20250607NCSS0,NC,삼성,삼성,삼성,삼성,삼성,삼성,삼성,삼성,7,0,strong_consensus,NC,miss,4개 이상 모델 일치
2025-06-07,20250607LTOB0,롯데,두산,롯데,두산,롯데,두산,두산,두산,두산,5,2,strong_consensus,롯데,miss,4개 이상 모델 일치
2025-06-08,20250608HHHT0,한화,KIA,KIA,KIA,KIA,한화,한화,KIA,KIA,5,2,strong_consensus,KIA,correct,4개 이상 모델 일치
2025-06-08,20250608SKKT0,SSG,KT,KT,KT,KT,KT,KT,KT,KT,7,0,strong_consensus,SSG,miss,4개 이상 모델 일치
2025-06-08,20250608LGWO0,LG,키움,LG,LG,LG,LG,LG,키움,LG,6,1,strong_consensus,LG,correct,4개 이상 모델 일치
2025-06-08,20250608NCSS0,NC,삼성,삼성,삼성,삼성,삼성,삼성,삼성,삼성,7,0,strong_consensus,삼성,correct,4개 이상 모델 일치
2025-06-08,20250608LTOB0,롯데,두산,롯데,롯데,롯데,롯데,롯데,두산,롯데,6,1,strong_consensus,롯데,correct,4개 이상 모델 일치
2025-06-10,20250610SSHT0,삼성,KIA,KIA,삼성,KIA,삼성,삼성,KIA,KIA,4,3,strong_consensus,삼성,miss,4개 이상 모델 일치
2025-06-10,20250610LTKT0,롯데,KT,KT,KT,KT,KT,KT,KT,KT,7,0,strong_consensus,KT,correct,4개 이상 모델 일치
2025-06-10,20250610SKLG0,SSG,LG,SSG,SSG,LG,SSG,LG,LG,LG,4,3,strong_consensus,SSG,miss,4개 이상 모델 일치
2025-06-10,20250610OBHH0,두산,한화,한화,한화,한화,한화,한화,한화,한화,7,0,strong_consensus,한화,correct,4개 이상 모델 일치
2025-06-11,20250611SSHT0,삼성,KIA,KIA,KIA,KIA,KIA,삼성,KIA,KIA,6,1,strong_consensus,KIA,correct,4개 이상 모델 일치
2025-06-11,20250611LTKT0,롯데,KT,KT,KT,KT,KT,KT,KT,KT,7,0,strong_consensus,롯데,miss,4개 이상 모델 일치
2025-06-11,20250611SKLG0,SSG,LG,SSG,SSG,LG,LG,LG,LG,LG,5,2,strong_consensus,LG,correct,4개 이상 모델 일치
2025-06-11,20250611NCWO0,NC,키움,NC,NC,NC,NC,키움,키움,NC,5,2,strong_consensus,NC,correct,4개 이상 모델 일치
2025-06-11,20250611OBHH0,두산,한화,한화,한화,한화,한화,한화,한화,한화,7,0,strong_consensus,한화,correct,4개 이상 모델 일치
2025-06-12,20250612SSHT0,삼성,KIA,KIA,KIA,KIA,KIA,KIA,KIA,KIA,7,0,strong_consensus,삼성,miss,4개 이상 모델 일치
2025-06-12,20250612LTKT0,롯데,KT,KT,KT,KT,KT,KT,KT,KT,7,0,strong_consensus,롯데,miss,4개 이상 모델 일치
2025-06-12,20250612SKLG0,SSG,LG,SSG,SSG,LG,LG,SSG,LG,LG,4,3,strong_consensus,LG,correct,4개 이상 모델 일치
2025-06-12,20250612NCWO0,NC,키움,NC,NC,NC,NC,키움,키움,NC,5,2,strong_consensus,NC,correct,4개 이상 모델 일치
2025-06-12,20250612OBHH0,두산,한화,한화,한화,한화,한화,한화,한화,한화,7,0,strong_consensus,한화,correct,4개 이상 모델 일치
2025-06-13,20250613HTNC0,KIA,NC,KIA,NC,NC,NC,NC,NC,NC,6,1,strong_consensus,NC,correct,4개 이상 모델 일치
2025-06-14,20250614HTNC0,KIA,NC,NC,KIA,NC,KIA,KIA,NC,KIA,4,3,strong_consensus,KIA,correct,4개 이상 모델 일치
2025-06-14,20250614KTSS0,KT,삼성,삼성,삼성,삼성,삼성,삼성,삼성,삼성,7,0,strong_consensus,KT,miss,4개 이상 모델 일치
2025-06-14,20250614LTSK0,롯데,SSG,SSG,SSG,SSG,SSG,SSG,SSG,SSG,7,0,strong_consensus,롯데,miss,4개 이상 모델 일치
2025-06-14,20250614WOOB0,키움,두산,두산,두산,두산,두산,두산,키움,두산,6,1,strong_consensus,두산,correct,4개 이상 모델 일치
2025-06-15,20250615HTNC0,KIA,NC,KIA,KIA,NC,KIA,KIA,NC,KIA,5,2,strong_consensus,KIA,correct,4개 이상 모델 일치
2025-06-15,20250615KTSS0,KT,삼성,삼성,삼성,삼성,삼성,삼성,삼성,삼성,7,0,strong_consensus,KT,miss,4개 이상 모델 일치
2025-06-15,20250615LGHH0,LG,한화,한화,한화,한화,한화,한화,한화,한화,7,0,strong_consensus,한화,correct,4개 이상 모델 일치
2025-06-15,20250615LTSK0,롯데,SSG,SSG,롯데,SSG,SSG,롯데,SSG,SSG,5,2,strong_consensus,SSG,correct,4개 이상 모델 일치
2025-06-15,20250615WOOB0,키움,두산,두산,두산,두산,두산,두산,두산,두산,7,0,strong_consensus,두산,correct,4개 이상 모델 일치
2025-06-17,20250617KTHT0,KT,KIA,KIA,KIA,KIA,KIA,KIA,KT,KIA,6,1,strong_consensus,KIA,correct,4개 이상 모델 일치
2025-06-17,20250617NCLG0,NC,LG,LG,LG,LG,LG,LG,LG,LG,7,0,strong_consensus,NC,miss,4개 이상 모델 일치
2025-06-17,20250617SKWO0,SSG,키움,SSG,SSG,SSG,SSG,SSG,SSG,SSG,7,0,strong_consensus,SSG,correct,4개 이상 모델 일치
2025-06-17,20250617OBSS0,두산,삼성,삼성,삼성,삼성,삼성,삼성,삼성,삼성,7,0,strong_consensus,삼성,correct,4개 이상 모델 일치
2025-06-17,20250617HHLT0,한화,롯데,롯데,롯데,한화,한화,한화,롯데,롯데,4,3,strong_consensus,한화,miss,4개 이상 모델 일치
2025-06-18,20250618KTHT0,KT,KIA,KIA,KIA,KIA,KIA,KIA,KIA,KIA,7,0,strong_consensus,KIA,correct,4개 이상 모델 일치
2025-06-18,20250618NCLG0,NC,LG,LG,LG,LG,LG,LG,LG,LG,7,0,strong_consensus,LG,correct,4개 이상 모델 일치
2025-06-18,20250618SKWO0,SSG,키움,SSG,SSG,SSG,SSG,SSG,SSG,SSG,7,0,strong_consensus,키움,miss,4개 이상 모델 일치
2025-06-18,20250618OBSS0,두산,삼성,삼성,삼성,삼성,삼성,삼성,삼성,삼성,7,0,strong_consensus,삼성,correct,4개 이상 모델 일치
2025-06-18,20250618HHLT0,한화,롯데,롯데,한화,한화,한화,한화,한화,한화,6,1,strong_consensus,롯데,miss,4개 이상 모델 일치
2025-06-19,20250619KTHT0,KT,KIA,KIA,KIA,KIA,KIA,KIA,KIA,KIA,7,0,strong_consensus,KIA,correct,4개 이상 모델 일치
2025-06-19,20250619NCLG0,NC,LG,LG,LG,LG,LG,LG,LG,LG,7,0,strong_consensus,NC,miss,4개 이상 모델 일치
2025-06-19,20250619SKWO0,SSG,키움,SSG,SSG,SSG,SSG,SSG,SSG,SSG,7,0,strong_consensus,SSG,correct,4개 이상 모델 일치
2025-06-19,20250619OBSS0,두산,삼성,삼성,삼성,삼성,삼성,삼성,삼성,삼성,7,0,strong_consensus,두산,miss,4개 이상 모델 일치
2025-06-19,20250619HHLT0,한화,롯데,롯데,롯데,한화,롯데,한화,롯데,롯데,5,2,strong_consensus,롯데,correct,4개 이상 모델 일치
2025-06-20,20250620SSLT0,삼성,롯데,롯데,롯데,롯데,롯데,롯데,롯데,롯데,7,0,strong_consensus,롯데,correct,4개 이상 모델 일치
2025-06-21,20250621NCKT0,NC,KT,KT,KT,KT,KT,KT,KT,KT,7,0,strong_consensus,KT,correct,4개 이상 모델 일치
2025-06-21,20250621OBLG0,두산,LG,LG,LG,LG,LG,LG,LG,LG,7,0,strong_consensus,두산,miss,4개 이상 모델 일치
2025-06-22,20250622HTSK0,KIA,SSG,KIA,KIA,SSG,SSG,SSG,SSG,SSG,4,3,strong_consensus,KIA,miss,4개 이상 모델 일치
2025-06-22,20250622NCKT0,NC,KT,KT,KT,KT,KT,KT,KT,KT,7,0,strong_consensus,NC,miss,4개 이상 모델 일치
2025-06-22,20250622OBLG0,두산,LG,LG,LG,LG,LG,LG,LG,LG,7,0,strong_consensus,LG,correct,4개 이상 모델 일치
2025-06-22,20250622SSLT0,삼성,롯데,롯데,롯데,롯데,롯데,롯데,롯데,롯데,7,0,strong_consensus,롯데,correct,4개 이상 모델 일치
2025-06-22,20250622WOHH0,키움,한화,한화,한화,한화,한화,한화,한화,한화,7,0,strong_consensus,한화,correct,4개 이상 모델 일치
2025-06-24,20250624HTWO0,KIA,키움,KIA,KIA,KIA,KIA,KIA,KIA,KIA,7,0,strong_consensus,키움,miss,4개 이상 모델 일치
2025-06-24,20250624LGKT0,LG,KT,KT,KT,KT,KT,KT,KT,KT,7,0,strong_consensus,KT,correct,4개 이상 모델 일치
2025-06-24,20250624SKOB0,SSG,두산,SSG,SSG,SSG,SSG,SSG,SSG,SSG,7,0,strong_consensus,두산,miss,4개 이상 모델 일치
2025-06-25,20250625HTWO0,KIA,키움,KIA,KIA,KIA,KIA,KIA,KIA,KIA,7,0,strong_consensus,KIA,correct,4개 이상 모델 일치
2025-06-25,20250625LTNC0,롯데,NC,롯데,롯데,NC,롯데,롯데,NC,롯데,5,2,strong_consensus,NC,miss,4개 이상 모델 일치
2025-06-25,20250625HHSS0,한화,삼성,삼성,한화,삼성,삼성,한화,한화,한화,4,3,strong_consensus,삼성,miss,4개 이상 모델 일치
2025-06-26,20250626LGKT0,LG,KT,KT,KT,KT,KT,KT,KT,KT,7,0,strong_consensus,LG,miss,4개 이상 모델 일치
2025-06-26,20250626LTNC0,롯데,NC,롯데,롯데,NC,롯데,롯데,NC,롯데,5,2,strong_consensus,롯데,correct,4개 이상 모델 일치
2025-06-26,20250626SKOB0,SSG,두산,SSG,SSG,SSG,SSG,SSG,두산,SSG,6,1,strong_consensus,SSG,correct,4개 이상 모델 일치
2025-06-26,20250626HHSS0,한화,삼성,삼성,한화,한화,삼성,한화,삼성,삼성,4,3,strong_consensus,한화,miss,4개 이상 모델 일치
2025-06-27,20250627HTLG0,KIA,LG,KIA,KIA,LG,KIA,KIA,KIA,KIA,6,1,strong_consensus,LG,miss,4개 이상 모델 일치
2025-06-27,20250627KTLT0,KT,롯데,롯데,롯데,롯데,롯데,롯데,롯데,롯데,7,0,strong_consensus,KT,miss,4개 이상 모델 일치
2025-06-27,20250627OBNC0,두산,NC,NC,NC,NC,NC,NC,NC,NC,7,0,strong_consensus,NC,correct,4개 이상 모델 일치
2025-06-27,20250627HHSK0,한화,SSG,SSG,한화,한화,한화,한화,한화,한화,6,1,strong_consensus,SSG,miss,4개 이상 모델 일치
2025-06-27,20250627SSWO0,삼성,키움,삼성,삼성,삼성,삼성,삼성,삼성,삼성,7,0,strong_consensus,키움,miss,4개 이상 모델 일치
2025-06-28,20250628HTLG0,KIA,LG,KIA,KIA,LG,KIA,KIA,LG,KIA,5,2,strong_consensus,KIA,correct,4개 이상 모델 일치
2025-06-28,20250628KTLT0,KT,롯데,롯데,롯데,롯데,롯데,롯데,롯데,롯데,7,0,strong_consensus,KT,miss,4개 이상 모델 일치
2025-06-28,20250628OBNC0,두산,NC,NC,NC,NC,NC,NC,NC,NC,7,0,strong_consensus,NC,correct,4개 이상 모델 일치
2025-06-28,20250628HHSK0,한화,SSG,한화,한화,한화,한화,한화,SSG,한화,6,1,strong_consensus,한화,correct,4개 이상 모델 일치
2025-06-28,20250628SSWO0,삼성,키움,삼성,삼성,삼성,삼성,삼성,삼성,삼성,7,0,strong_consensus,키움,miss,4개 이상 모델 일치
2025-06-29,20250629HTLG0,KIA,LG,KIA,KIA,LG,KIA,KIA,LG,KIA,5,2,strong_consensus,KIA,correct,4개 이상 모델 일치
2025-06-29,20250629KTLT0,KT,롯데,롯데,롯데,롯데,롯데,롯데,롯데,롯데,7,0,strong_consensus,롯데,correct,4개 이상 모델 일치
2025-06-29,20250629OBNC0,두산,NC,NC,NC,NC,NC,NC,NC,NC,7,0,strong_consensus,두산,miss,4개 이상 모델 일치
2025-06-29,20250629HHSK0,한화,SSG,SSG,한화,한화,한화,한화,SSG,한화,5,2,strong_consensus,SSG,miss,4개 이상 모델 일치
2025-06-29,20250629SSWO0,삼성,키움,삼성,삼성,삼성,삼성,삼성,키움,삼성,6,1,strong_consensus,키움,miss,4개 이상 모델 일치
2025-07-01,20250701SKHT0,SSG,KIA,KIA,KIA,KIA,KIA,KIA,KIA,KIA,7,0,strong_consensus,KIA,correct,4개 이상 모델 일치
2025-07-01,20250701WOKT0,키움,KT,KT,KT,KT,KT,KT,KT,KT,7,0,strong_consensus,키움,miss,4개 이상 모델 일치
2025-07-01,20250701LGLT0,LG,롯데,롯데,롯데,롯데,롯데,롯데,롯데,롯데,7,0,strong_consensus,LG,miss,4개 이상 모델 일치
2025-07-01,20250701NCHH0,NC,한화,한화,한화,한화,한화,한화,한화,한화,7,0,strong_consensus,한화,correct,4개 이상 모델 일치
2025-07-01,20250701SSOB0,삼성,두산,삼성,삼성,삼성,삼성,삼성,두산,삼성,6,1,strong_consensus,삼성,correct,4개 이상 모델 일치
2025-07-02,20250702SKHT0,SSG,KIA,KIA,KIA,KIA,KIA,KIA,KIA,KIA,7,0,strong_consensus,SSG,miss,4개 이상 모델 일치
2025-07-02,20250702WOKT0,키움,KT,KT,KT,KT,KT,KT,KT,KT,7,0,strong_consensus,KT,correct,4개 이상 모델 일치
2025-07-02,20250702LGLT0,LG,롯데,롯데,롯데,롯데,롯데,롯데,롯데,롯데,7,0,strong_consensus,롯데,correct,4개 이상 모델 일치
2025-07-02,20250702NCHH0,NC,한화,한화,한화,한화,한화,한화,한화,한화,7,0,strong_consensus,NC,miss,4개 이상 모델 일치
2025-07-02,20250702SSOB0,삼성,두산,삼성,삼성,삼성,삼성,삼성,두산,삼성,6,1,strong_consensus,두산,miss,4개 이상 모델 일치
2025-07-03,20250703SKHT0,SSG,KIA,KIA,KIA,KIA,KIA,KIA,KIA,KIA,7,0,strong_consensus,KIA,correct,4개 이상 모델 일치
2025-07-03,20250703WOKT0,키움,KT,KT,KT,KT,KT,KT,KT,KT,7,0,strong_consensus,KT,correct,4개 이상 모델 일치
2025-07-03,20250703LGLT0,LG,롯데,롯데,롯데,롯데,롯데,롯데,롯데,롯데,7,0,strong_consensus,롯데,correct,4개 이상 모델 일치
2025-07-03,20250703SSOB0,삼성,두산,두산,두산,두산,삼성,삼성,두산,두산,5,2,strong_consensus,삼성,miss,4개 이상 모델 일치
2025-07-04,20250704LTHT0,롯데,KIA,KIA,KIA,KIA,KIA,KIA,KIA,KIA,7,0,strong_consensus,KIA,correct,4개 이상 모델 일치
2025-07-04,20250704KTOB0,KT,두산,KT,KT,KT,KT,KT,KT,KT,7,0,strong_consensus,KT,correct,4개 이상 모델 일치
2025-07-04,20250704LGSS0,LG,삼성,삼성,삼성,삼성,삼성,삼성,삼성,삼성,7,0,strong_consensus,삼성,correct,4개 이상 모델 일치
2025-07-04,20250704SKNC0,SSG,NC,SSG,SSG,NC,SSG,SSG,NC,SSG,5,2,strong_consensus,SSG,correct,4개 이상 모델 일치
2025-07-04,20250704HHWO0,한화,키움,한화,한화,한화,한화,한화,한화,한화,7,0,strong_consensus,한화,correct,4개 이상 모델 일치
2025-07-05,20250705LTHT0,롯데,KIA,KIA,KIA,KIA,KIA,KIA,KIA,KIA,7,0,strong_consensus,KIA,correct,4개 이상 모델 일치
2025-07-05,20250705KTOB0,KT,두산,KT,KT,KT,KT,KT,KT,KT,7,0,strong_consensus,두산,miss,4개 이상 모델 일치
2025-07-05,20250705LGSS0,LG,삼성,삼성,삼성,삼성,삼성,삼성,삼성,삼성,7,0,strong_consensus,삼성,correct,4개 이상 모델 일치
2025-07-05,20250705SKNC0,SSG,NC,SSG,SSG,SSG,SSG,SSG,NC,SSG,6,1,strong_consensus,SSG,correct,4개 이상 모델 일치
2025-07-05,20250705HHWO0,한화,키움,한화,한화,한화,한화,한화,한화,한화,7,0,strong_consensus,한화,correct,4개 이상 모델 일치
2025-07-06,20250706LTHT0,롯데,KIA,KIA,KIA,KIA,KIA,KIA,KIA,KIA,7,0,strong_consensus,롯데,miss,4개 이상 모델 일치
2025-07-06,20250706KTOB0,KT,두산,KT,KT,KT,KT,KT,두산,KT,6,1,strong_consensus,두산,miss,4개 이상 모델 일치
2025-07-06,20250706LGSS0,LG,삼성,삼성,삼성,삼성,삼성,삼성,삼성,삼성,7,0,strong_consensus,LG,miss,4개 이상 모델 일치
2025-07-06,20250706SKNC0,SSG,NC,SSG,SSG,SSG,SSG,SSG,SSG,SSG,7,0,strong_consensus,NC,miss,4개 이상 모델 일치
2025-07-06,20250706HHWO0,한화,키움,한화,한화,한화,한화,한화,한화,한화,7,0,strong_consensus,한화,correct,4개 이상 모델 일치
2025-07-08,20250708HTHH0,KIA,한화,한화,한화,한화,한화,한화,한화,한화,7,0,strong_consensus,한화,correct,4개 이상 모델 일치
2025-07-08,20250708KTSK0,KT,SSG,SSG,SSG,SSG,SSG,SSG,SSG,SSG,7,0,strong_consensus,SSG,correct,4개 이상 모델 일치
2025-07-08,20250708WOLG0,키움,LG,LG,LG,LG,LG,LG,LG,LG,7,0,strong_consensus,LG,correct,4개 이상 모델 일치
2025-07-08,20250708SSNC0,삼성,NC,NC,삼성,NC,삼성,삼성,NC,삼성,4,3,strong_consensus,NC,miss,4개 이상 모델 일치
2025-07-08,20250708OBLT0,두산,롯데,롯데,롯데,롯데,롯데,롯데,롯데,롯데,7,0,strong_consensus,두산,miss,4개 이상 모델 일치
2025-07-09,20250709HTHH0,KIA,한화,한화,한화,한화,한화,한화,한화,한화,7,0,strong_consensus,한화,correct,4개 이상 모델 일치
2025-07-09,20250709KTSK0,KT,SSG,SSG,SSG,SSG,SSG,SSG,SSG,SSG,7,0,strong_consensus,KT,miss,4개 이상 모델 일치
2025-07-09,20250709WOLG0,키움,LG,LG,LG,LG,LG,LG,LG,LG,7,0,strong_consensus,LG,correct,4개 이상 모델 일치
2025-07-09,20250709SSNC0,삼성,NC,NC,NC,NC,NC,NC,NC,NC,7,0,strong_consensus,NC,correct,4개 이상 모델 일치
2025-07-09,20250709OBLT0,두산,롯데,롯데,롯데,롯데,롯데,롯데,롯데,롯데,7,0,strong_consensus,롯데,correct,4개 이상 모델 일치
2025-07-10,20250710HTHH0,KIA,한화,한화,한화,한화,한화,한화,한화,한화,7,0,strong_consensus,한화,correct,4개 이상 모델 일치
2025-07-10,20250710KTSK0,KT,SSG,SSG,SSG,SSG,SSG,SSG,SSG,SSG,7,0,strong_consensus,KT,miss,4개 이상 모델 일치
2025-07-10,20250710WOLG0,키움,LG,LG,LG,LG,LG,LG,LG,LG,7,0,strong_consensus,키움,miss,4개 이상 모델 일치
2025-07-10,20250710SSNC0,삼성,NC,NC,NC,NC,NC,NC,NC,NC,7,0,strong_consensus,NC,correct,4개 이상 모델 일치
2025-07-10,20250710OBLT0,두산,롯데,롯데,롯데,롯데,롯데,롯데,롯데,롯데,7,0,strong_consensus,두산,miss,4개 이상 모델 일치
2025-07-18,20250718HHKT0,한화,KT,한화,한화,한화,한화,한화,한화,한화,7,0,strong_consensus,한화,correct,4개 이상 모델 일치
2025-07-18,20250718LTLG0,롯데,LG,롯데,롯데,LG,롯데,롯데,LG,롯데,4,3,strong_consensus,LG,miss,4개 이상 모델 일치
2025-07-19,20250719HHKT0,한화,KT,한화,한화,한화,한화,한화,한화,한화,7,0,strong_consensus,한화,correct,4개 이상 모델 일치
2025-07-19,20250719LTLG0,롯데,LG,롯데,롯데,LG,LG,롯데,LG,LG,4,3,strong_consensus,롯데,miss,4개 이상 모델 일치
2025-07-19,20250719OBSK0,두산,SSG,SSG,SSG,SSG,SSG,SSG,SSG,SSG,7,0,strong_consensus,두산,miss,4개 이상 모델 일치
2025-07-20,20250720NCHT0,NC,KIA,KIA,KIA,KIA,KIA,KIA,KIA,KIA,7,0,strong_consensus,KIA,correct,4개 이상 모델 일치
2025-07-20,20250720HHKT0,한화,KT,KT,한화,한화,한화,한화,한화,한화,6,1,strong_consensus,한화,correct,4개 이상 모델 일치
2025-07-20,20250720LTLG0,롯데,LG,LG,LG,LG,롯데,롯데,LG,LG,5,2,strong_consensus,LG,correct,4개 이상 모델 일치
2025-07-20,20250720OBSK0,두산,SSG,SSG,SSG,SSG,SSG,SSG,SSG,SSG,7,0,strong_consensus,두산,miss,4개 이상 모델 일치
2025-07-20,20250720WOSS0,키움,삼성,삼성,삼성,삼성,삼성,삼성,삼성,삼성,7,0,strong_consensus,삼성,correct,4개 이상 모델 일치
2025-07-22,20250722LGHT0,LG,KIA,KIA,KIA,KIA,KIA,KIA,KIA,KIA,7,0,strong_consensus,LG,miss,4개 이상 모델 일치
2025-07-22,20250722KTNC0,KT,NC,NC,NC,NC,NC,NC,NC,NC,7,0,strong_consensus,KT,miss,4개 이상 모델 일치
2025-07-22,20250722SKSS0,SSG,삼성,삼성,SSG,삼성,SSG,삼성,삼성,삼성,4,3,strong_consensus,삼성,correct,4개 이상 모델 일치
2025-07-22,20250722HHOB0,한화,두산,두산,두산,한화,두산,한화,두산,두산,5,2,strong_consensus,한화,miss,4개 이상 모델 일치
2025-07-22,20250722LTWO0,롯데,키움,롯데,롯데,롯데,롯데,롯데,롯데,롯데,7,0,strong_consensus,키움,miss,4개 이상 모델 일치
2025-07-23,20250723LGHT0,LG,KIA,KIA,KIA,KIA,KIA,KIA,KIA,KIA,7,0,strong_consensus,LG,miss,4개 이상 모델 일치
2025-07-23,20250723KTNC0,KT,NC,KT,KT,KT,KT,KT,NC,KT,6,1,strong_consensus,KT,correct,4개 이상 모델 일치
2025-07-23,20250723SKSS0,SSG,삼성,삼성,삼성,삼성,삼성,삼성,삼성,삼성,7,0,strong_consensus,삼성,correct,4개 이상 모델 일치
2025-07-23,20250723HHOB0,한화,두산,두산,두산,한화,두산,한화,두산,두산,5,2,strong_consensus,두산,correct,4개 이상 모델 일치
2025-07-23,20250723LTWO0,롯데,키움,롯데,롯데,롯데,롯데,롯데,롯데,롯데,7,0,strong_consensus,롯데,correct,4개 이상 모델 일치
2025-07-24,20250724LGHT0,LG,KIA,KIA,KIA,KIA,KIA,KIA,KIA,KIA,7,0,strong_consensus,LG,miss,4개 이상 모델 일치
2025-07-24,20250724KTNC0,KT,NC,KT,KT,KT,KT,KT,NC,KT,6,1,strong_consensus,KT,correct,4개 이상 모델 일치
2025-07-24,20250724SKSS0,SSG,삼성,삼성,삼성,삼성,삼성,삼성,삼성,삼성,7,0,strong_consensus,SSG,miss,4개 이상 모델 일치
2025-07-24,20250724LTWO0,롯데,키움,롯데,롯데,롯데,롯데,롯데,롯데,롯데,7,0,strong_consensus,롯데,correct,4개 이상 모델 일치
2025-07-25,20250725HTLT0,KIA,롯데,롯데,KIA,롯데,롯데,롯데,롯데,롯데,6,1,strong_consensus,롯데,correct,4개 이상 모델 일치
2025-07-25,20250725SSKT0,삼성,KT,KT,KT,KT,KT,KT,KT,KT,7,0,strong_consensus,KT,correct,4개 이상 모델 일치
2025-07-25,20250725LGOB0,LG,두산,두산,두산,두산,두산,두산,두산,두산,7,0,strong_consensus,LG,miss,4개 이상 모델 일치
2025-07-25,20250725WONC0,키움,NC,NC,NC,NC,NC,NC,NC,NC,7,0,strong_consensus,NC,correct,4개 이상 모델 일치
2025-07-25,20250725SKHH0,SSG,한화,한화,한화,한화,한화,한화,한화,한화,7,0,strong_consensus,한화,correct,4개 이상 모델 일치
2025-07-26,20250726HTLT0,KIA,롯데,롯데,롯데,롯데,롯데,롯데,롯데,롯데,7,0,strong_consensus,롯데,correct,4개 이상 모델 일치
2025-07-26,20250726SSKT0,삼성,KT,KT,KT,KT,KT,KT,KT,KT,7,0,strong_consensus,삼성,miss,4개 이상 모델 일치
2025-07-26,20250726LGOB0,LG,두산,두산,두산,두산,두산,두산,두산,두산,7,0,strong_consensus,LG,miss,4개 이상 모델 일치
2025-07-26,20250726WONC0,키움,NC,NC,NC,NC,NC,NC,NC,NC,7,0,strong_consensus,NC,correct,4개 이상 모델 일치
2025-07-26,20250726SKHH0,SSG,한화,한화,한화,한화,한화,한화,한화,한화,7,0,strong_consensus,SSG,miss,4개 이상 모델 일치
2025-07-27,20250727HTLT0,KIA,롯데,롯데,롯데,롯데,롯데,롯데,롯데,롯데,7,0,strong_consensus,롯데,correct,4개 이상 모델 일치
2025-07-27,20250727SSKT0,삼성,KT,KT,KT,KT,KT,KT,KT,KT,7,0,strong_consensus,KT,correct,4개 이상 모델 일치
2025-07-27,20250727LGOB0,LG,두산,두산,두산,두산,두산,두산,두산,두산,7,0,strong_consensus,두산,correct,4개 이상 모델 일치
2025-07-27,20250727WONC0,키움,NC,NC,NC,NC,NC,NC,NC,NC,7,0,strong_consensus,NC,correct,4개 이상 모델 일치
2025-07-27,20250727SKHH0,SSG,한화,한화,한화,한화,한화,한화,한화,한화,7,0,strong_consensus,SSG,miss,4개 이상 모델 일치
2025-07-29,20250729OBHT0,두산,KIA,KIA,KIA,KIA,KIA,두산,두산,KIA,5,2,strong_consensus,두산,miss,4개 이상 모델 일치
2025-07-29,20250729KTLG0,KT,LG,LG,KT,LG,LG,LG,LG,LG,6,1,strong_consensus,LG,correct,4개 이상 모델 일치
2025-07-29,20250729NCLT0,NC,롯데,롯데,롯데,롯데,롯데,롯데,롯데,롯데,7,0,strong_consensus,롯데,correct,4개 이상 모델 일치
2025-07-29,20250729WOSK0,키움,SSG,SSG,SSG,SSG,SSG,SSG,SSG,SSG,7,0,strong_consensus,SSG,correct,4개 이상 모델 일치
2025-07-29,20250729SSHH0,삼성,한화,한화,한화,한화,한화,한화,한화,한화,7,0,strong_consensus,삼성,miss,4개 이상 모델 일치
2025-07-30,20250730KTLG0,KT,LG,LG,LG,LG,LG,LG,LG,LG,7,0,strong_consensus,LG,correct,4개 이상 모델 일치
2025-07-30,20250730NCLT0,NC,롯데,롯데,롯데,롯데,롯데,롯데,롯데,롯데,7,0,strong_consensus,NC,miss,4개 이상 모델 일치
2025-07-30,20250730SSHH0,삼성,한화,한화,한화,한화,한화,한화,한화,한화,7,0,strong_consensus,한화,correct,4개 이상 모델 일치
2025-07-31,20250731OBHT0,두산,KIA,두산,두산,KIA,두산,두산,두산,두산,6,1,strong_consensus,KIA,miss,4개 이상 모델 일치
2025-07-31,20250731KTLG0,KT,LG,LG,LG,LG,LG,LG,LG,LG,7,0,strong_consensus,LG,correct,4개 이상 모델 일치
2025-07-31,20250731NCLT0,NC,롯데,롯데,롯데,롯데,롯데,롯데,롯데,롯데,7,0,strong_consensus,롯데,correct,4개 이상 모델 일치
2025-07-31,20250731WOSK0,키움,SSG,SSG,SSG,SSG,SSG,SSG,SSG,SSG,7,0,strong_consensus,SSG,correct,4개 이상 모델 일치
2025-07-31,20250731SSHH0,삼성,한화,한화,한화,한화,한화,한화,한화,한화,7,0,strong_consensus,한화,correct,4개 이상 모델 일치
2025-08-01,20250801HHHT0,한화,KIA,한화,한화,한화,한화,한화,한화,한화,7,0,strong_consensus,KIA,miss,4개 이상 모델 일치
2025-08-01,20250801KTNC0,KT,NC,KT,KT,NC,KT,NC,NC,NC,4,3,strong_consensus,NC,correct,4개 이상 모델 일치
2025-08-01,20250801LGSS0,LG,삼성,삼성,LG,LG,LG,LG,LG,LG,6,1,strong_consensus,LG,correct,4개 이상 모델 일치
2025-08-01,20250801SKOB0,SSG,두산,두산,두산,두산,두산,두산,두산,두산,7,0,strong_consensus,SSG,miss,4개 이상 모델 일치
2025-08-01,20250801LTWO0,롯데,키움,롯데,롯데,롯데,롯데,롯데,롯데,롯데,7,0,strong_consensus,키움,miss,4개 이상 모델 일치
2025-08-02,20250802KTNC0,KT,NC,NC,NC,NC,NC,NC,NC,NC,7,0,strong_consensus,NC,correct,4개 이상 모델 일치
2025-08-02,20250802LGSS0,LG,삼성,LG,LG,LG,LG,LG,LG,LG,7,0,strong_consensus,LG,correct,4개 이상 모델 일치
2025-08-02,20250802SKOB0,SSG,두산,두산,두산,두산,두산,두산,두산,두산,7,0,strong_consensus,두산,correct,4개 이상 모델 일치
2025-08-02,20250802LTWO0,롯데,키움,롯데,키움,롯데,롯데,롯데,롯데,롯데,6,1,strong_consensus,롯데,correct,4개 이상 모델 일치
2025-08-03,20250803LGSS0,LG,삼성,LG,LG,LG,LG,LG,LG,LG,7,0,strong_consensus,LG,correct,4개 이상 모델 일치
2025-08-03,20250803SKOB0,SSG,두산,SSG,두산,두산,두산,두산,두산,두산,6,1,strong_consensus,SSG,miss,4개 이상 모델 일치
2025-08-03,20250803LTWO0,롯데,키움,키움,키움,롯데,롯데,롯데,롯데,롯데,5,2,strong_consensus,롯데,correct,4개 이상 모델 일치
2025-08-05,20250805HTLT0,KIA,롯데,롯데,롯데,롯데,롯데,롯데,롯데,롯데,7,0,strong_consensus,KIA,miss,4개 이상 모델 일치
2025-08-05,20250805KTHH0,KT,한화,한화,한화,한화,한화,한화,한화,한화,7,0,strong_consensus,KT,miss,4개 이상 모델 일치
2025-08-05,20250805OBLG0,두산,LG,LG,LG,LG,LG,LG,LG,LG,7,0,strong_consensus,LG,correct,4개 이상 모델 일치
2025-08-05,20250805WONC0,키움,NC,NC,NC,NC,NC,NC,NC,NC,7,0,strong_consensus,키움,miss,4개 이상 모델 일치
2025-08-05,20250805SSSK0,삼성,SSG,SSG,SSG,SSG,SSG,SSG,SSG,SSG,7,0,strong_consensus,삼성,miss,4개 이상 모델 일치
2025-08-06,20250806HTLT0,KIA,롯데,롯데,롯데,롯데,롯데,롯데,롯데,롯데,7,0,strong_consensus,롯데,correct,4개 이상 모델 일치
2025-08-06,20250806KTHH0,KT,한화,한화,한화,한화,한화,한화,한화,한화,7,0,strong_consensus,한화,correct,4개 이상 모델 일치
2025-08-06,20250806OBLG0,두산,LG,LG,LG,LG,LG,LG,LG,LG,7,0,strong_consensus,두산,miss,4개 이상 모델 일치
2025-08-06,20250806WONC0,키움,NC,NC,NC,NC,NC,NC,NC,NC,7,0,strong_consensus,키움,miss,4개 이상 모델 일치
2025-08-06,20250806SSSK0,삼성,SSG,SSG,SSG,SSG,삼성,SSG,SSG,SSG,6,1,strong_consensus,SSG,correct,4개 이상 모델 일치
2025-08-07,20250807HTLT0,KIA,롯데,롯데,롯데,롯데,롯데,롯데,롯데,롯데,7,0,strong_consensus,KIA,miss,4개 이상 모델 일치
2025-08-07,20250807KTHH0,KT,한화,한화,한화,한화,한화,한화,한화,한화,7,0,strong_consensus,KT,miss,4개 이상 모델 일치
2025-08-07,20250807OBLG0,두산,LG,LG,LG,LG,LG,LG,LG,LG,7,0,strong_consensus,LG,correct,4개 이상 모델 일치
2025-08-07,20250807WONC0,키움,NC,NC,NC,NC,NC,NC,NC,NC,7,0,strong_consensus,키움,miss,4개 이상 모델 일치
2025-08-07,20250807SSSK0,삼성,SSG,SSG,SSG,SSG,삼성,SSG,SSG,SSG,6,1,strong_consensus,삼성,miss,4개 이상 모델 일치
2025-08-08,20250808HTNC0,KIA,NC,KIA,KIA,NC,NC,KIA,NC,KIA,4,3,strong_consensus,NC,miss,4개 이상 모델 일치
2025-08-08,20250808SSKT0,삼성,KT,KT,KT,KT,KT,KT,KT,KT,7,0,strong_consensus,삼성,miss,4개 이상 모델 일치
2025-08-08,20250808HHLG0,한화,LG,LG,LG,LG,LG,LG,LG,LG,7,0,strong_consensus,LG,correct,4개 이상 모델 일치
2025-08-08,20250808SKLT0,SSG,롯데,롯데,롯데,롯데,롯데,롯데,롯데,롯데,7,0,strong_consensus,SSG,miss,4개 이상 모델 일치
2025-08-08,20250808OBWO0,두산,키움,두산,두산,두산,두산,두산,키움,두산,6,1,strong_consensus,두산,correct,4개 이상 모델 일치
2025-08-09,20250809SSKT0,삼성,KT,KT,KT,KT,KT,KT,KT,KT,7,0,strong_consensus,KT,correct,4개 이상 모델 일치
2025-08-09,20250809HHLG0,한화,LG,LG,LG,LG,LG,LG,LG,LG,7,0,strong_consensus,LG,correct,4개 이상 모델 일치
2025-08-09,20250809OBWO0,두산,키움,두산,두산,두산,두산,두산,두산,두산,7,0,strong_consensus,두산,correct,4개 이상 모델 일치
2025-08-10,20250810HTNC0,KIA,NC,KIA,KIA,NC,KIA,KIA,NC,KIA,5,2,strong_consensus,NC,miss,4개 이상 모델 일치
2025-08-10,20250810SSKT0,삼성,KT,KT,KT,KT,KT,KT,KT,KT,7,0,strong_consensus,KT,correct,4개 이상 모델 일치
2025-08-10,20250810HHLG0,한화,LG,LG,LG,LG,LG,LG,LG,LG,7,0,strong_consensus,한화,miss,4개 이상 모델 일치
2025-08-10,20250810SKLT0,SSG,롯데,롯데,롯데,롯데,롯데,롯데,롯데,롯데,7,0,strong_consensus,SSG,miss,4개 이상 모델 일치
2025-08-10,20250810OBWO0,두산,키움,키움,두산,두산,두산,두산,두산,두산,6,1,strong_consensus,키움,miss,4개 이상 모델 일치
2025-08-12,20250812HTSS0,KIA,삼성,KIA,KIA,삼성,KIA,KIA,삼성,KIA,5,2,strong_consensus,KIA,correct,4개 이상 모델 일치
2025-08-12,20250812LGKT0,LG,KT,LG,LG,LG,LG,LG,LG,LG,7,0,strong_consensus,LG,correct,4개 이상 모델 일치
2025-08-12,20250812NCOB0,NC,두산,두산,두산,두산,두산,두산,두산,두산,7,0,strong_consensus,NC,miss,4개 이상 모델 일치
2025-08-12,20250812WOSK0,키움,SSG,SSG,SSG,SSG,SSG,SSG,SSG,SSG,7,0,strong_consensus,SSG,correct,4개 이상 모델 일치
2025-08-12,20250812LTHH0,롯데,한화,한화,한화,한화,한화,한화,한화,한화,7,0,strong_consensus,한화,correct,4개 이상 모델 일치
2025-08-13,20250813HTSS0,KIA,삼성,삼성,KIA,KIA,KIA,KIA,삼성,KIA,5,2,strong_consensus,KIA,correct,4개 이상 모델 일치
2025-08-13,20250813LTHH0,롯데,한화,한화,한화,한화,한화,한화,한화,한화,7,0,strong_consensus,한화,correct,4개 이상 모델 일치
2025-08-14,20250814HTSS0,KIA,삼성,KIA,KIA,KIA,KIA,KIA,KIA,KIA,7,0,strong_consensus,KIA,correct,4개 이상 모델 일치
2025-08-14,20250814NCOB0,NC,두산,NC,NC,두산,두산,NC,두산,두산,4,3,strong_consensus,두산,correct,4개 이상 모델 일치
2025-08-14,20250814WOSK0,키움,SSG,SSG,SSG,SSG,SSG,SSG,SSG,SSG,7,0,strong_consensus,키움,miss,4개 이상 모델 일치
2025-08-14,20250814LTHH0,롯데,한화,한화,한화,한화,한화,한화,한화,한화,7,0,strong_consensus,한화,correct,4개 이상 모델 일치
2025-08-15,20250815HTOB0,KIA,두산,KIA,KIA,두산,두산,KIA,두산,두산,4,3,strong_consensus,두산,correct,4개 이상 모델 일치
2025-08-15,20250815KTWO0,KT,키움,KT,KT,KT,KT,KT,키움,KT,6,1,strong_consensus,키움,miss,4개 이상 모델 일치
2025-08-15,20250815LGSK0,LG,SSG,SSG,SSG,LG,LG,SSG,SSG,SSG,5,2,strong_consensus,LG,miss,4개 이상 모델 일치
2025-08-15,20250815HHNC0,한화,NC,한화,한화,한화,한화,한화,NC,한화,6,1,strong_consensus,한화,correct,4개 이상 모델 일치
2025-08-15,20250815SSLT0,삼성,롯데,롯데,롯데,롯데,롯데,롯데,롯데,롯데,7,0,strong_consensus,삼성,miss,4개 이상 모델 일치
2025-08-16,20250816HTOB0,KIA,두산,두산,KIA,두산,두산,두산,두산,두산,6,1,strong_consensus,두산,correct,4개 이상 모델 일치
2025-08-16,20250816KTWO0,KT,키움,KT,KT,KT,KT,KT,키움,KT,6,1,strong_consensus,키움,miss,4개 이상 모델 일치
2025-08-16,20250816LGSK0,LG,SSG,SSG,SSG,LG,SSG,SSG,SSG,SSG,6,1,strong_consensus,SSG,correct,4개 이상 모델 일치
2025-08-16,20250816HHNC0,한화,NC,한화,한화,한화,한화,한화,한화,한화,7,0,strong_consensus,NC,miss,4개 이상 모델 일치
2025-08-16,20250816SSLT0,삼성,롯데,롯데,롯데,롯데,롯데,롯데,롯데,롯데,7,0,strong_consensus,삼성,miss,4개 이상 모델 일치
2025-08-17,20250817HTOB0,KIA,두산,두산,두산,두산,두산,두산,두산,두산,7,0,strong_consensus,두산,correct,4개 이상 모델 일치
2025-08-17,20250817KTWO0,KT,키움,키움,KT,KT,키움,키움,키움,키움,4,3,strong_consensus,KT,miss,4개 이상 모델 일치
2025-08-17,20250817LGSK0,LG,SSG,SSG,LG,LG,LG,SSG,SSG,SSG,4,3,strong_consensus,LG,miss,4개 이상 모델 일치
2025-08-17,20250817HHNC0,한화,NC,한화,한화,한화,한화,한화,NC,한화,6,1,strong_consensus,NC,miss,4개 이상 모델 일치
2025-08-19,20250819WOHT0,키움,KIA,KIA,KIA,KIA,KIA,KIA,KIA,KIA,7,0,strong_consensus,KIA,correct,4개 이상 모델 일치
2025-08-19,20250819SKKT0,SSG,KT,SSG,SSG,KT,SSG,SSG,KT,SSG,5,2,strong_consensus,KT,miss,4개 이상 모델 일치
2025-08-19,20250819LTLG0,롯데,LG,LG,LG,LG,LG,LG,LG,LG,7,0,strong_consensus,LG,correct,4개 이상 모델 일치
2025-08-19,20250819SSNC0,삼성,NC,NC,NC,NC,NC,NC,NC,NC,7,0,strong_consensus,삼성,miss,4개 이상 모델 일치
2025-08-19,20250819OBHH0,두산,한화,한화,한화,한화,한화,한화,한화,한화,7,0,strong_consensus,두산,miss,4개 이상 모델 일치
2025-08-20,20250820WOHT0,키움,KIA,KIA,KIA,KIA,KIA,KIA,KIA,KIA,7,0,strong_consensus,키움,miss,4개 이상 모델 일치
2025-08-20,20250820SKKT0,SSG,KT,KT,SSG,KT,KT,SSG,KT,KT,4,3,strong_consensus,SSG,miss,4개 이상 모델 일치
2025-08-20,20250820LTLG0,롯데,LG,LG,LG,LG,LG,LG,LG,LG,7,0,strong_consensus,LG,correct,4개 이상 모델 일치
2025-08-20,20250820SSNC0,삼성,NC,삼성,NC,NC,NC,NC,NC,NC,6,1,strong_consensus,삼성,miss,4개 이상 모델 일치
2025-08-20,20250820OBHH0,두산,한화,두산,한화,한화,한화,한화,한화,한화,6,1,strong_consensus,두산,miss,4개 이상 모델 일치
2025-08-21,20250821WOHT0,키움,KIA,KIA,KIA,KIA,KIA,KIA,KIA,KIA,7,0,strong_consensus,키움,miss,4개 이상 모델 일치
2025-08-21,20250821SKKT0,SSG,KT,KT,SSG,KT,SSG,SSG,KT,KT,4,3,strong_consensus,SSG,miss,4개 이상 모델 일치
2025-08-21,20250821SSNC0,삼성,NC,NC,NC,NC,NC,NC,NC,NC,7,0,strong_consensus,NC,correct,4개 이상 모델 일치
2025-08-21,20250821OBHH0,두산,한화,두산,두산,한화,한화,한화,한화,한화,5,2,strong_consensus,두산,miss,4개 이상 모델 일치
2025-08-22,20250822LGHT0,LG,KIA,LG,LG,LG,LG,LG,LG,LG,7,0,strong_consensus,LG,correct,4개 이상 모델 일치
2025-08-22,20250822KTOB0,KT,두산,두산,두산,두산,두산,두산,두산,두산,7,0,strong_consensus,KT,miss,4개 이상 모델 일치
2025-08-22,20250822LTNC0,롯데,NC,NC,NC,NC,NC,NC,NC,NC,7,0,strong_consensus,NC,correct,4개 이상 모델 일치
2025-08-22,20250822SKHH0,SSG,한화,한화,한화,한화,한화,한화,한화,한화,7,0,strong_consensus,SSG,miss,4개 이상 모델 일치
2025-08-22,20250822WOSS0,키움,삼성,삼성,삼성,삼성,삼성,삼성,삼성,삼성,7,0,strong_consensus,삼성,correct,4개 이상 모델 일치
2025-08-23,20250823LGHT0,LG,KIA,LG,LG,LG,LG,LG,LG,LG,7,0,strong_consensus,LG,correct,4개 이상 모델 일치
2025-08-23,20250823KTOB0,KT,두산,두산,두산,두산,두산,두산,두산,두산,7,0,strong_consensus,KT,miss,4개 이상 모델 일치
2025-08-23,20250823LTNC0,롯데,NC,NC,NC,NC,NC,NC,NC,NC,7,0,strong_consensus,NC,correct,4개 이상 모델 일치
2025-08-23,20250823SKHH0,SSG,한화,SSG,한화,한화,한화,한화,SSG,한화,5,2,strong_consensus,한화,correct,4개 이상 모델 일치
2025-08-23,20250823WOSS0,키움,삼성,삼성,삼성,삼성,삼성,삼성,삼성,삼성,7,0,strong_consensus,삼성,correct,4개 이상 모델 일치
2025-08-24,20250824LGHT0,LG,KIA,LG,LG,LG,LG,LG,LG,LG,7,0,strong_consensus,LG,correct,4개 이상 모델 일치
2025-08-24,20250824KTOB0,KT,두산,두산,두산,두산,두산,두산,두산,두산,7,0,strong_consensus,KT,miss,4개 이상 모델 일치
2025-08-24,20250824LTNC0,롯데,NC,NC,NC,NC,NC,NC,NC,NC,7,0,strong_consensus,롯데,miss,4개 이상 모델 일치
2025-08-24,20250824SKHH0,SSG,한화,한화,한화,한화,한화,한화,한화,한화,7,0,strong_consensus,한화,correct,4개 이상 모델 일치
2025-08-24,20250824WOSS0,키움,삼성,삼성,삼성,삼성,삼성,삼성,삼성,삼성,7,0,strong_consensus,삼성,correct,4개 이상 모델 일치
2025-08-26,20250826HTSK0,KIA,SSG,SSG,SSG,SSG,SSG,SSG,SSG,SSG,7,0,strong_consensus,SSG,correct,4개 이상 모델 일치
2025-08-26,20250826KTLT0,KT,롯데,롯데,KT,롯데,KT,KT,KT,KT,5,2,strong_consensus,롯데,miss,4개 이상 모델 일치
2025-08-26,20250826LGNC0,LG,NC,LG,LG,LG,LG,LG,LG,LG,7,0,strong_consensus,NC,miss,4개 이상 모델 일치
2025-08-26,20250826SSOB0,삼성,두산,두산,두산,두산,두산,두산,두산,두산,7,0,strong_consensus,삼성,miss,4개 이상 모델 일치
2025-08-26,20250826HHWO0,한화,키움,한화,한화,한화,한화,한화,한화,한화,7,0,strong_consensus,한화,correct,4개 이상 모델 일치
2025-08-27,20250827HTSK0,KIA,SSG,SSG,SSG,SSG,SSG,SSG,SSG,SSG,7,0,strong_consensus,KIA,miss,4개 이상 모델 일치
2025-08-27,20250827KTLT0,KT,롯데,롯데,KT,롯데,롯데,KT,KT,롯데,4,3,strong_consensus,KT,miss,4개 이상 모델 일치
2025-08-27,20250827LGNC0,LG,NC,LG,LG,LG,LG,LG,LG,LG,7,0,strong_consensus,LG,correct,4개 이상 모델 일치
2025-08-27,20250827SSOB0,삼성,두산,삼성,두산,두산,두산,두산,두산,두산,6,1,strong_consensus,삼성,miss,4개 이상 모델 일치
2025-08-27,20250827HHWO0,한화,키움,한화,한화,한화,한화,한화,한화,한화,7,0,strong_consensus,한화,correct,4개 이상 모델 일치
2025-08-28,20250828HTSK0,KIA,SSG,SSG,SSG,SSG,SSG,SSG,SSG,SSG,7,0,strong_consensus,KIA,miss,4개 이상 모델 일치
2025-08-28,20250828KTLT0,KT,롯데,롯데,롯데,롯데,롯데,KT,KT,롯데,5,2,strong_consensus,롯데,correct,4개 이상 모델 일치
2025-08-28,20250828LGNC0,LG,NC,LG,LG,LG,LG,LG,LG,LG,7,0,strong_consensus,LG,correct,4개 이상 모델 일치
2025-08-28,20250828SSOB0,삼성,두산,삼성,삼성,두산,삼성,삼성,삼성,삼성,6,1,strong_consensus,두산,miss,4개 이상 모델 일치
2025-08-28,20250828HHWO0,한화,키움,한화,한화,한화,한화,한화,한화,한화,7,0,strong_consensus,한화,correct,4개 이상 모델 일치
2025-08-29,20250829HTKT0,KIA,KT,KT,KT,KT,KT,KT,KT,KT,7,0,strong_consensus,KIA,miss,4개 이상 모델 일치
2025-08-29,20250829WOLG0,키움,LG,LG,LG,LG,LG,LG,LG,LG,7,0,strong_consensus,키움,miss,4개 이상 모델 일치
2025-08-29,20250829NCSK0,NC,SSG,SSG,SSG,SSG,SSG,SSG,SSG,SSG,7,0,strong_consensus,SSG,correct,4개 이상 모델 일치
2025-08-29,20250829OBLT0,두산,롯데,두산,두산,롯데,두산,두산,롯데,두산,5,2,strong_consensus,두산,correct,4개 이상 모델 일치
2025-08-29,20250829SSHH0,삼성,한화,한화,한화,한화,한화,한화,한화,한화,7,0,strong_consensus,삼성,miss,4개 이상 모델 일치
2025-08-30,20250830HTKT0,KIA,KT,KT,KT,KT,KIA,KIA,KT,KT,5,2,strong_consensus,KT,correct,4개 이상 모델 일치
2025-08-30,20250830WOLG0,키움,LG,LG,LG,LG,LG,LG,LG,LG,7,0,strong_consensus,LG,correct,4개 이상 모델 일치
2025-08-30,20250830NCSK0,NC,SSG,SSG,SSG,SSG,SSG,SSG,SSG,SSG,7,0,strong_consensus,NC,miss,4개 이상 모델 일치
2025-08-30,20250830SSHH0,삼성,한화,한화,한화,한화,한화,한화,한화,한화,7,0,strong_consensus,삼성,miss,4개 이상 모델 일치
2025-08-31,20250831HTKT0,KIA,KT,KT,KT,KT,KT,KT,KT,KT,7,0,strong_consensus,KT,correct,4개 이상 모델 일치
2025-08-31,20250831WOLG0,키움,LG,LG,LG,LG,LG,LG,LG,LG,7,0,strong_consensus,키움,miss,4개 이상 모델 일치
2025-08-31,20250831NCSK0,NC,SSG,SSG,SSG,SSG,SSG,SSG,SSG,SSG,7,0,strong_consensus,SSG,correct,4개 이상 모델 일치
2025-08-31,20250831OBLT0,두산,롯데,두산,두산,롯데,두산,두산,롯데,두산,5,2,strong_consensus,롯데,miss,4개 이상 모델 일치
2025-08-31,20250831SSHH0,삼성,한화,한화,한화,한화,한화,한화,한화,한화,7,0,strong_consensus,삼성,miss,4개 이상 모델 일치
2025-09-02,20250902HTHH0,KIA,한화,한화,한화,한화,한화,한화,한화,한화,7,0,strong_consensus,한화,correct,4개 이상 모델 일치
2025-09-02,20250902NCKT0,NC,KT,KT,KT,KT,KT,KT,KT,KT,7,0,strong_consensus,NC,miss,4개 이상 모델 일치
2025-09-02,20250902LTLG0,롯데,LG,LG,LG,LG,LG,LG,LG,LG,7,0,strong_consensus,LG,correct,4개 이상 모델 일치
2025-09-02,20250902WOSK0,키움,SSG,SSG,SSG,SSG,SSG,SSG,SSG,SSG,7,0,strong_consensus,SSG,correct,4개 이상 모델 일치
2025-09-03,20250903SKHT0,SSG,KIA,SSG,SSG,SSG,SSG,SSG,SSG,SSG,7,0,strong_consensus,SSG,correct,4개 이상 모델 일치
2025-09-03,20250903LTKT0,롯데,KT,KT,KT,KT,KT,KT,KT,KT,7,0,strong_consensus,KT,correct,4개 이상 모델 일치
2025-09-03,20250903NCHH0,NC,한화,한화,한화,한화,한화,한화,한화,한화,7,0,strong_consensus,한화,correct,4개 이상 모델 일치
2025-09-03,20250903WOSS0,키움,삼성,삼성,삼성,삼성,삼성,삼성,삼성,삼성,7,0,strong_consensus,키움,miss,4개 이상 모델 일치
2025-09-04,20250904LGKT0,LG,KT,LG,LG,LG,LG,LG,LG,LG,7,0,strong_consensus,LG,correct,4개 이상 모델 일치
2025-09-04,20250904OBNC0,두산,NC,두산,두산,NC,두산,두산,NC,두산,5,2,strong_consensus,두산,correct,4개 이상 모델 일치
2025-09-05,20250905OBNC0,두산,NC,NC,두산,NC,두산,두산,NC,NC,4,3,strong_consensus,두산,miss,4개 이상 모델 일치
2025-09-05,20250905LTSK0,롯데,SSG,SSG,SSG,SSG,SSG,SSG,SSG,SSG,7,0,strong_consensus,SSG,correct,4개 이상 모델 일치
2025-09-05,20250905WOSS0,키움,삼성,삼성,삼성,삼성,삼성,삼성,삼성,삼성,7,0,strong_consensus,삼성,correct,4개 이상 모델 일치
2025-09-06,20250906HTNC0,KIA,NC,NC,NC,NC,NC,NC,NC,NC,7,0,strong_consensus,KIA,miss,4개 이상 모델 일치
2025-09-06,20250906HHSS0,한화,삼성,삼성,삼성,삼성,삼성,삼성,삼성,삼성,7,0,strong_consensus,한화,miss,4개 이상 모델 일치
2025-09-07,20250907HTNC0,KIA,NC,NC,NC,NC,NC,KIA,KIA,NC,5,2,strong_consensus,NC,correct,4개 이상 모델 일치
2025-09-07,20250907SKLG0,SSG,LG,LG,LG,LG,LG,LG,LG,LG,7,0,strong_consensus,SSG,miss,4개 이상 모델 일치
2025-09-07,20250907HHSS0,한화,삼성,한화,한화,삼성,삼성,삼성,삼성,삼성,5,2,strong_consensus,삼성,correct,4개 이상 모델 일치
2025-09-09,20250909OBKT0,두산,KT,두산,두산,KT,KT,KT,KT,KT,4,3,strong_consensus,KT,correct,4개 이상 모델 일치
2025-09-09,20250909LGWO0,LG,키움,키움,키움,LG,LG,LG,LG,LG,5,2,strong_consensus,키움,miss,4개 이상 모델 일치
2025-09-09,20250909HHLT0,한화,롯데,한화,한화,한화,롯데,한화,한화,한화,6,1,strong_consensus,한화,correct,4개 이상 모델 일치
2025-09-10,20250910SSHT0,삼성,KIA,삼성,삼성,삼성,삼성,삼성,삼성,삼성,7,0,strong_consensus,KIA,miss,4개 이상 모델 일치
2025-09-10,20250910LGOB0,LG,두산,LG,LG,LG,LG,LG,두산,LG,6,1,strong_consensus,LG,correct,4개 이상 모델 일치
2025-09-10,20250910SKNC0,SSG,NC,SSG,SSG,SSG,SSG,SSG,SSG,SSG,7,0,strong_consensus,NC,miss,4개 이상 모델 일치
2025-09-10,20250910HHLT0,한화,롯데,한화,한화,한화,한화,한화,한화,한화,7,0,strong_consensus,한화,correct,4개 이상 모델 일치
2025-09-11,20250911LTHT0,롯데,KIA,KIA,KIA,KIA,KIA,KIA,KIA,KIA,7,0,strong_consensus,롯데,miss,4개 이상 모델 일치
2025-09-11,20250911KTLG0,KT,LG,LG,LG,LG,LG,LG,LG,LG,7,0,strong_consensus,KT,miss,4개 이상 모델 일치
2025-09-11,20250911NCWO0,NC,키움,키움,NC,키움,NC,키움,키움,키움,5,2,strong_consensus,키움,correct,4개 이상 모델 일치
2025-09-11,20250911SKSS0,SSG,삼성,삼성,삼성,삼성,삼성,삼성,삼성,삼성,7,0,strong_consensus,SSG,miss,4개 이상 모델 일치
2025-09-12,20250912OBHT0,두산,KIA,두산,두산,KIA,KIA,두산,KIA,두산,4,3,strong_consensus,KIA,miss,4개 이상 모델 일치
2025-09-13,20250913HTLG0,KIA,LG,LG,LG,LG,LG,LG,LG,LG,7,0,strong_consensus,KIA,miss,4개 이상 모델 일치
2025-09-13,20250913KTSS0,KT,삼성,삼성,삼성,삼성,삼성,KT,삼성,삼성,6,1,strong_consensus,KT,miss,4개 이상 모델 일치
2025-09-13,20250913OBNC0,두산,NC,NC,NC,NC,두산,두산,NC,NC,5,2,strong_consensus,NC,correct,4개 이상 모델 일치
2025-09-13,20250913SKLT0,SSG,롯데,SSG,SSG,SSG,SSG,SSG,SSG,SSG,7,0,strong_consensus,롯데,miss,4개 이상 모델 일치
2025-09-13,20250913WOHH0,키움,한화,한화,한화,한화,한화,한화,한화,한화,7,0,strong_consensus,한화,correct,4개 이상 모델 일치
2025-09-14,20250914HTLG0,KIA,LG,LG,LG,LG,LG,LG,LG,LG,7,0,strong_consensus,LG,correct,4개 이상 모델 일치
2025-09-14,20250914KTSS0,KT,삼성,삼성,삼성,삼성,삼성,KT,삼성,삼성,6,1,strong_consensus,삼성,correct,4개 이상 모델 일치
2025-09-14,20250914OBNC0,두산,NC,NC,NC,NC,NC,두산,NC,NC,6,1,strong_consensus,NC,correct,4개 이상 모델 일치
2025-09-14,20250914WOHH0,키움,한화,한화,한화,한화,한화,한화,한화,한화,7,0,strong_consensus,키움,miss,4개 이상 모델 일치
2025-09-15,20250915WOHH0,키움,한화,한화,한화,한화,한화,한화,한화,한화,7,0,strong_consensus,한화,correct,4개 이상 모델 일치
2025-09-16,20250916HHHT0,한화,KIA,한화,한화,한화,한화,한화,한화,한화,7,0,strong_consensus,한화,correct,4개 이상 모델 일치
2025-09-16,20250916LGKT0,LG,KT,KT,KT,LG,LG,LG,KT,KT,4,3,strong_consensus,LG,miss,4개 이상 모델 일치
2025-09-16,20250916SKNC0,SSG,NC,SSG,SSG,SSG,SSG,SSG,NC,SSG,6,1,strong_consensus,SSG,correct,4개 이상 모델 일치
2025-09-16,20250916WOOB0,키움,두산,두산,두산,두산,두산,두산,두산,두산,7,0,strong_consensus,키움,miss,4개 이상 모델 일치
2025-09-16,20250916LTSS0,롯데,삼성,삼성,삼성,삼성,삼성,삼성,삼성,삼성,7,0,strong_consensus,삼성,correct,4개 이상 모델 일치
2025-09-17,20250917HHHT0,한화,KIA,한화,한화,한화,한화,한화,한화,한화,7,0,strong_consensus,한화,correct,4개 이상 모델 일치
2025-09-17,20250917SKNC1,SSG,NC,NC,NC,NC,NC,SSG,NC,NC,6,1,strong_consensus,NC,correct,4개 이상 모델 일치
2025-09-17,20250917WOOB0,키움,두산,두산,두산,두산,두산,두산,키움,두산,6,1,strong_consensus,키움,miss,4개 이상 모델 일치
2025-09-18,20250918HHHT0,한화,KIA,한화,한화,한화,한화,한화,한화,한화,7,0,strong_consensus,한화,correct,4개 이상 모델 일치
2025-09-18,20250918LGKT1,LG,KT,KT,KT,LG,LG,KT,KT,KT,5,2,strong_consensus,LG,miss,4개 이상 모델 일치
2025-09-18,20250918LGKT2,LG,KT,KT,LG,LG,LG,LG,KT,LG,5,2,strong_consensus,LG,correct,4개 이상 모델 일치
2025-09-18,20250918SSNC0,삼성,NC,삼성,삼성,NC,삼성,삼성,NC,삼성,5,2,strong_consensus,삼성,correct,4개 이상 모델 일치
2025-09-18,20250918WOOB0,키움,두산,두산,두산,두산,두산,두산,키움,두산,6,1,strong_consensus,두산,correct,4개 이상 모델 일치
2025-09-19,20250919LTNC0,롯데,NC,NC,NC,NC,NC,NC,NC,NC,7,0,strong_consensus,롯데,miss,4개 이상 모델 일치
2025-09-20,20250920NCHT0,NC,KIA,NC,NC,KIA,NC,KIA,KIA,NC,4,3,strong_consensus,KIA,miss,4개 이상 모델 일치
2025-09-20,20250920HHKT0,한화,KT,KT,한화,한화,한화,한화,한화,한화,6,1,strong_consensus,KT,miss,4개 이상 모델 일치
2025-09-20,20250920SSLG0,삼성,LG,LG,LG,LG,LG,LG,LG,LG,7,0,strong_consensus,삼성,miss,4개 이상 모델 일치
2025-09-20,20250920OBSK0,두산,SSG,SSG,SSG,SSG,SSG,SSG,SSG,SSG,7,0,strong_consensus,SSG,correct,4개 이상 모델 일치
2025-09-20,20250920WOLT0,키움,롯데,롯데,롯데,롯데,롯데,롯데,롯데,롯데,7,0,strong_consensus,키움,miss,4개 이상 모델 일치
2025-09-21,20250921NCHT0,NC,KIA,NC,NC,KIA,KIA,NC,KIA,NC,4,3,strong_consensus,NC,correct,4개 이상 모델 일치
2025-09-21,20250921SSKT0,삼성,KT,KT,KT,삼성,삼성,삼성,삼성,삼성,5,2,strong_consensus,KT,miss,4개 이상 모델 일치
2025-09-21,20250921OBSK0,두산,SSG,SSG,SSG,SSG,SSG,SSG,SSG,SSG,7,0,strong_consensus,SSG,correct,4개 이상 모델 일치
2025-09-22,20250922OBSK0,두산,SSG,SSG,SSG,SSG,SSG,SSG,SSG,SSG,7,0,strong_consensus,두산,miss,4개 이상 모델 일치
2025-09-23,20250923HTSK0,KIA,SSG,SSG,SSG,SSG,SSG,SSG,SSG,SSG,7,0,strong_consensus,SSG,correct,4개 이상 모델 일치
2025-09-23,20250923WOKT0,키움,KT,KT,KT,KT,KT,KT,KT,KT,7,0,strong_consensus,KT,correct,4개 이상 모델 일치
2025-09-23,20250923NCLT0,NC,롯데,NC,NC,롯데,NC,롯데,롯데,롯데,4,3,strong_consensus,NC,miss,4개 이상 모델 일치
2025-09-23,20250923OBSS0,두산,삼성,삼성,삼성,삼성,삼성,삼성,삼성,삼성,7,0,strong_consensus,삼성,correct,4개 이상 모델 일치
2025-09-24,20250924HTWO0,KIA,키움,키움,키움,키움,키움,키움,키움,키움,7,0,strong_consensus,KIA,miss,4개 이상 모델 일치
2025-09-24,20250924LGNC0,LG,NC,NC,LG,LG,LG,LG,LG,LG,6,1,strong_consensus,NC,miss,4개 이상 모델 일치
2025-09-24,20250924LTSS0,롯데,삼성,삼성,삼성,삼성,삼성,삼성,삼성,삼성,7,0,strong_consensus,삼성,correct,4개 이상 모델 일치
2025-09-25,20250925KTSK0,KT,SSG,SSG,SSG,SSG,SSG,SSG,SSG,SSG,7,0,strong_consensus,KT,miss,4개 이상 모델 일치
2025-09-25,20250925LGLT0,LG,롯데,LG,LG,LG,LG,LG,LG,LG,7,0,strong_consensus,LG,correct,4개 이상 모델 일치
2025-09-25,20250925HHOB0,한화,두산,한화,한화,한화,한화,한화,한화,한화,7,0,strong_consensus,두산,miss,4개 이상 모델 일치
2025-09-25,20250925WOSS0,키움,삼성,삼성,삼성,삼성,삼성,삼성,삼성,삼성,7,0,strong_consensus,삼성,correct,4개 이상 모델 일치
2025-09-26,20250926KTSK0,KT,SSG,SSG,SSG,SSG,SSG,SSG,SSG,SSG,7,0,strong_consensus,SSG,correct,4개 이상 모델 일치
2025-09-26,20250926LGHH0,LG,한화,한화,LG,LG,한화,한화,한화,한화,5,2,strong_consensus,한화,correct,4개 이상 모델 일치
2025-09-26,20250926NCOB0,NC,두산,NC,NC,두산,NC,NC,NC,NC,6,1,strong_consensus,NC,correct,4개 이상 모델 일치
2025-09-26,20250926SSLT0,삼성,롯데,삼성,삼성,삼성,삼성,삼성,삼성,삼성,7,0,strong_consensus,롯데,miss,4개 이상 모델 일치
2025-09-27,20250927NCHT0,NC,KIA,NC,NC,KIA,NC,NC,NC,NC,6,1,strong_consensus,NC,correct,4개 이상 모델 일치
2025-09-27,20250927LGHH0,LG,한화,한화,한화,한화,한화,한화,한화,한화,7,0,strong_consensus,LG,miss,4개 이상 모델 일치
2025-09-27,20250927SKOB0,SSG,두산,SSG,SSG,SSG,SSG,SSG,SSG,SSG,7,0,strong_consensus,SSG,correct,4개 이상 모델 일치
2025-09-28,20250928LTOB0,롯데,두산,두산,두산,두산,두산,두산,두산,두산,7,0,strong_consensus,두산,correct,4개 이상 모델 일치
2025-09-28,20250928SSWO0,삼성,키움,삼성,삼성,삼성,삼성,삼성,삼성,삼성,7,0,strong_consensus,삼성,correct,4개 이상 모델 일치
2025-09-29,20250929NCHT0,NC,KIA,NC,NC,NC,NC,NC,NC,NC,7,0,strong_consensus,NC,correct,4개 이상 모델 일치
2025-09-29,20250929LGHH0,LG,한화,LG,LG,LG,한화,LG,한화,LG,5,2,strong_consensus,한화,miss,4개 이상 모델 일치
2025-09-29,20250929LTSK0,롯데,SSG,SSG,SSG,SSG,SSG,SSG,SSG,SSG,7,0,strong_consensus,SSG,correct,4개 이상 모델 일치
2025-09-30,20250930HTSS0,KIA,삼성,삼성,삼성,삼성,삼성,삼성,삼성,삼성,7,0,strong_consensus,삼성,correct,4개 이상 모델 일치
2025-09-30,20250930KTNC0,KT,NC,KT,KT,NC,NC,NC,NC,NC,4,3,strong_consensus,NC,correct,4개 이상 모델 일치
2025-09-30,20250930OBLG0,두산,LG,LG,LG,LG,LG,LG,LG,LG,7,0,strong_consensus,두산,miss,4개 이상 모델 일치
2025-09-30,20250930SKWO0,SSG,키움,SSG,SSG,SSG,SSG,SSG,SSG,SSG,7,0,strong_consensus,SSG,correct,4개 이상 모델 일치
2025-09-30,20250930LTHH0,롯데,한화,한화,한화,한화,한화,한화,한화,한화,7,0,strong_consensus,한화,correct,4개 이상 모델 일치
2025-10-01,20251001KTHT0,KT,KIA,KT,KT,KT,KT,KT,KT,KT,7,0,strong_consensus,KT,correct,4개 이상 모델 일치
2025-10-01,20251001NCLG0,NC,LG,LG,LG,LG,LG,LG,LG,LG,7,0,strong_consensus,NC,miss,4개 이상 모델 일치
2025-10-01,20251001HHSK0,한화,SSG,SSG,SSG,SSG,SSG,SSG,SSG,SSG,7,0,strong_consensus,SSG,correct,4개 이상 모델 일치
2025-10-02,20251002SKHT0,SSG,KIA,SSG,SSG,SSG,SSG,SSG,SSG,SSG,7,0,strong_consensus,KIA,miss,4개 이상 모델 일치
2025-10-04,20251004SSHT0,삼성,KIA,삼성,삼성,삼성,삼성,삼성,삼성,삼성,7,0,strong_consensus,KIA,miss,4개 이상 모델 일치
2025-10-04,20251004SKNC0,SSG,NC,NC,SSG,NC,NC,NC,NC,NC,6,1,strong_consensus,NC,correct,4개 이상 모델 일치
2026-03-28,20260328HTSK0,KIA,SSG,SSG,SSG,SSG,SSG,SSG,SSG,SSG,7,0,strong_consensus,SSG,correct,4개 이상 모델 일치
2026-03-28,20260328KTLG0,KT,LG,LG,LG,LG,LG,LG,LG,LG,7,0,strong_consensus,KT,miss,4개 이상 모델 일치
2026-03-28,20260328OBNC0,두산,NC,NC,NC,NC,NC,NC,NC,NC,7,0,strong_consensus,NC,correct,4개 이상 모델 일치
2026-03-28,20260328LTSS0,롯데,삼성,삼성,삼성,삼성,삼성,삼성,삼성,삼성,7,0,strong_consensus,롯데,miss,4개 이상 모델 일치
2026-03-28,20260328WOHH0,키움,한화,한화,한화,한화,한화,한화,한화,한화,7,0,strong_consensus,한화,correct,4개 이상 모델 일치
2026-03-29,20260329HTSK0,KIA,SSG,SSG,SSG,SSG,SSG,SSG,SSG,SSG,7,0,strong_consensus,SSG,correct,4개 이상 모델 일치
2026-03-29,20260329KTLG0,KT,LG,LG,KT,KT,LG,KT,KT,KT,5,2,strong_consensus,KT,correct,4개 이상 모델 일치
2026-03-29,20260329OBNC0,두산,NC,NC,NC,NC,NC,NC,NC,NC,7,0,strong_consensus,두산,miss,4개 이상 모델 일치
2026-03-29,20260329LTSS0,롯데,삼성,삼성,삼성,삼성,삼성,롯데,롯데,삼성,5,2,strong_consensus,롯데,miss,4개 이상 모델 일치
2026-03-29,20260329WOHH0,키움,한화,한화,한화,한화,한화,한화,한화,한화,7,0,strong_consensus,한화,correct,4개 이상 모델 일치
2026-03-31,20260331HTLG0,KIA,LG,LG,LG,LG,LG,KIA,LG,LG,6,1,strong_consensus,KIA,miss,4개 이상 모델 일치
2026-03-31,20260331KTHH0,KT,한화,한화,한화,한화,한화,한화,한화,한화,7,0,strong_consensus,KT,miss,4개 이상 모델 일치
2026-03-31,20260331LTNC0,롯데,NC,NC,NC,NC,NC,NC,NC,NC,7,0,strong_consensus,NC,correct,4개 이상 모델 일치
2026-03-31,20260331WOSK0,키움,SSG,SSG,SSG,SSG,SSG,SSG,SSG,SSG,7,0,strong_consensus,SSG,correct,4개 이상 모델 일치
2026-04-01,20260401HTLG0,KIA,LG,LG,LG,KIA,LG,KIA,KIA,LG,4,3,strong_consensus,LG,correct,4개 이상 모델 일치
2026-04-01,20260401KTHH0,KT,한화,한화,한화,한화,한화,한화,한화,한화,7,0,strong_consensus,KT,miss,4개 이상 모델 일치
2026-04-01,20260401LTNC0,롯데,NC,NC,NC,NC,NC,NC,NC,NC,7,0,strong_consensus,NC,correct,4개 이상 모델 일치
2026-04-01,20260401WOSK0,키움,SSG,SSG,SSG,SSG,SSG,SSG,SSG,SSG,7,0,strong_consensus,키움,miss,4개 이상 모델 일치
2026-04-01,20260401OBSS0,두산,삼성,삼성,삼성,삼성,삼성,삼성,두산,삼성,6,1,strong_consensus,삼성,correct,4개 이상 모델 일치
2026-04-02,20260402HTLG0,KIA,LG,LG,LG,LG,LG,KIA,LG,LG,6,1,strong_consensus,LG,correct,4개 이상 모델 일치
2026-04-02,20260402KTHH0,KT,한화,KT,KT,한화,한화,KT,KT,KT,5,2,strong_consensus,KT,correct,4개 이상 모델 일치
2026-04-02,20260402LTNC0,롯데,NC,롯데,NC,NC,NC,NC,NC,NC,6,1,strong_consensus,NC,correct,4개 이상 모델 일치
2026-04-02,20260402WOSK0,키움,SSG,SSG,SSG,SSG,SSG,SSG,SSG,SSG,7,0,strong_consensus,SSG,correct,4개 이상 모델 일치
2026-04-02,20260402OBSS0,두산,삼성,삼성,삼성,삼성,삼성,삼성,삼성,삼성,7,0,strong_consensus,삼성,correct,4개 이상 모델 일치
2026-04-03,20260403NCHT0,NC,KIA,NC,KIA,NC,NC,NC,NC,NC,6,1,strong_consensus,NC,correct,4개 이상 모델 일치
2026-04-03,20260403SSKT0,삼성,KT,KT,KT,KT,KT,KT,KT,KT,7,0,strong_consensus,삼성,miss,4개 이상 모델 일치
2026-04-03,20260403LGWO0,LG,키움,LG,LG,키움,LG,LG,LG,LG,6,1,strong_consensus,키움,miss,4개 이상 모델 일치
2026-04-03,20260403SKLT0,SSG,롯데,롯데,SSG,롯데,SSG,SSG,SSG,SSG,5,2,strong_consensus,SSG,correct,4개 이상 모델 일치
2026-04-03,20260403HHOB0,한화,두산,한화,한화,한화,한화,한화,한화,한화,7,0,strong_consensus,한화,correct,4개 이상 모델 일치
2026-04-04,20260404NCHT0,NC,KIA,NC,NC,NC,NC,NC,NC,NC,7,0,strong_consensus,NC,correct,4개 이상 모델 일치
2026-04-04,20260404SSKT0,삼성,KT,KT,KT,KT,KT,KT,KT,KT,7,0,strong_consensus,삼성,miss,4개 이상 모델 일치
2026-04-04,20260404LGWO0,LG,키움,LG,LG,키움,LG,LG,키움,LG,5,2,strong_consensus,LG,correct,4개 이상 모델 일치
2026-04-04,20260404SKLT0,SSG,롯데,SSG,SSG,SSG,SSG,SSG,SSG,SSG,7,0,strong_consensus,SSG,correct,4개 이상 모델 일치
2026-04-04,20260404HHOB0,한화,두산,한화,한화,한화,한화,한화,한화,한화,7,0,strong_consensus,한화,correct,4개 이상 모델 일치
2026-04-05,20260405NCHT0,NC,KIA,NC,NC,NC,NC,NC,NC,NC,7,0,strong_consensus,KIA,miss,4개 이상 모델 일치
2026-04-05,20260405SSKT0,삼성,KT,KT,삼성,KT,KT,KT,KT,KT,6,1,strong_consensus,KT,correct,4개 이상 모델 일치
2026-04-05,20260405LGWO0,LG,키움,LG,LG,키움,LG,LG,LG,LG,6,1,strong_consensus,LG,correct,4개 이상 모델 일치
2026-04-05,20260405SKLT0,SSG,롯데,롯데,SSG,SSG,SSG,SSG,SSG,SSG,6,1,strong_consensus,SSG,correct,4개 이상 모델 일치
2026-04-05,20260405HHOB0,한화,두산,한화,한화,한화,한화,한화,한화,한화,7,0,strong_consensus,두산,miss,4개 이상 모델 일치
2026-04-07,20260407SSHT0,삼성,KIA,삼성,삼성,KIA,삼성,삼성,삼성,삼성,6,1,strong_consensus,삼성,correct,4개 이상 모델 일치
2026-04-07,20260407KTLT0,KT,롯데,KT,KT,KT,KT,KT,KT,KT,7,0,strong_consensus,KT,correct,4개 이상 모델 일치
2026-04-07,20260407LGNC0,LG,NC,LG,NC,LG,LG,NC,NC,NC,4,3,strong_consensus,LG,miss,4개 이상 모델 일치
2026-04-07,20260407HHSK0,한화,SSG,SSG,SSG,SSG,SSG,SSG,SSG,SSG,7,0,strong_consensus,한화,miss,4개 이상 모델 일치
2026-04-07,20260407WOOB0,키움,두산,두산,두산,두산,두산,키움,두산,두산,6,1,strong_consensus,키움,miss,4개 이상 모델 일치
2026-04-08,20260408SSHT0,삼성,KIA,삼성,삼성,삼성,삼성,삼성,삼성,삼성,7,0,strong_consensus,KIA,miss,4개 이상 모델 일치
2026-04-08,20260408KTLT0,KT,롯데,KT,KT,KT,KT,KT,KT,KT,7,0,strong_consensus,롯데,miss,4개 이상 모델 일치
2026-04-08,20260408LGNC0,LG,NC,LG,LG,LG,NC,NC,NC,NC,4,3,strong_consensus,LG,miss,4개 이상 모델 일치
2026-04-08,20260408HHSK0,한화,SSG,SSG,SSG,SSG,SSG,SSG,SSG,SSG,7,0,strong_consensus,한화,miss,4개 이상 모델 일치
2026-04-08,20260408WOOB0,키움,두산,두산,두산,두산,두산,키움,두산,두산,6,1,strong_consensus,두산,correct,4개 이상 모델 일치
2026-04-10,20260410HTHH0,KIA,한화,한화,한화,한화,한화,한화,한화,한화,7,0,strong_consensus,KIA,miss,4개 이상 모델 일치
2026-04-10,20260410OBKT0,두산,KT,KT,KT,KT,KT,KT,KT,KT,7,0,strong_consensus,두산,miss,4개 이상 모델 일치
2026-04-10,20260410SKLG0,SSG,LG,LG,LG,SSG,LG,SSG,LG,LG,5,2,strong_consensus,LG,correct,4개 이상 모델 일치
2026-04-10,20260410NCSS0,NC,삼성,삼성,삼성,삼성,삼성,삼성,삼성,삼성,7,0,strong_consensus,삼성,correct,4개 이상 모델 일치
2026-04-10,20260410LTWO0,롯데,키움,키움,키움,키움,키움,키움,키움,키움,7,0,strong_consensus,롯데,miss,4개 이상 모델 일치
2026-04-11,20260411HTHH0,KIA,한화,한화,한화,한화,한화,한화,한화,한화,7,0,strong_consensus,KIA,miss,4개 이상 모델 일치
2026-04-11,20260411OBKT0,두산,KT,KT,KT,KT,KT,KT,KT,KT,7,0,strong_consensus,KT,correct,4개 이상 모델 일치
2026-04-11,20260411SKLG0,SSG,LG,LG,LG,SSG,SSG,SSG,LG,SSG,4,3,strong_consensus,LG,miss,4개 이상 모델 일치
2026-04-11,20260411NCSS0,NC,삼성,삼성,삼성,삼성,삼성,삼성,삼성,삼성,7,0,strong_consensus,삼성,correct,4개 이상 모델 일치
2026-04-11,20260411LTWO0,롯데,키움,롯데,롯데,키움,롯데,롯데,키움,롯데,5,2,strong_consensus,롯데,correct,4개 이상 모델 일치
2026-04-12,20260412HTHH0,KIA,한화,한화,한화,한화,한화,한화,한화,한화,7,0,strong_consensus,KIA,miss,4개 이상 모델 일치
2026-04-12,20260412OBKT0,두산,KT,KT,KT,KT,KT,KT,KT,KT,7,0,strong_consensus,KT,correct,4개 이상 모델 일치
2026-04-12,20260412SKLG0,SSG,LG,LG,LG,SSG,SSG,LG,LG,LG,5,2,strong_consensus,LG,correct,4개 이상 모델 일치
2026-04-12,20260412NCSS0,NC,삼성,삼성,삼성,삼성,삼성,삼성,삼성,삼성,7,0,strong_consensus,삼성,correct,4개 이상 모델 일치
2026-04-12,20260412LTWO0,롯데,키움,롯데,롯데,롯데,롯데,롯데,키움,롯데,6,1,strong_consensus,키움,miss,4개 이상 모델 일치
2026-04-14,20260414WOHT0,키움,KIA,KIA,KIA,KIA,KIA,KIA,KIA,KIA,7,0,strong_consensus,KIA,correct,4개 이상 모델 일치
2026-04-14,20260414KTNC0,KT,NC,KT,KT,NC,KT,KT,KT,KT,6,1,strong_consensus,NC,miss,4개 이상 모델 일치
2026-04-14,20260414LTLG0,롯데,LG,LG,LG,LG,LG,LG,LG,LG,7,0,strong_consensus,LG,correct,4개 이상 모델 일치
2026-04-14,20260414OBSK0,두산,SSG,SSG,SSG,SSG,SSG,SSG,SSG,SSG,7,0,strong_consensus,두산,miss,4개 이상 모델 일치
2026-04-14,20260414SSHH0,삼성,한화,삼성,삼성,삼성,삼성,삼성,삼성,삼성,7,0,strong_consensus,삼성,correct,4개 이상 모델 일치
2026-04-15,20260415WOHT0,키움,KIA,KIA,KIA,KIA,KIA,KIA,KIA,KIA,7,0,strong_consensus,KIA,correct,4개 이상 모델 일치
2026-04-15,20260415KTNC0,KT,NC,KT,KT,NC,NC,KT,NC,NC,4,3,strong_consensus,KT,miss,4개 이상 모델 일치
2026-04-15,20260415LTLG0,롯데,LG,LG,LG,LG,LG,LG,LG,LG,7,0,strong_consensus,롯데,miss,4개 이상 모델 일치
2026-04-15,20260415OBSK0,두산,SSG,SSG,SSG,SSG,SSG,SSG,SSG,SSG,7,0,strong_consensus,SSG,correct,4개 이상 모델 일치
2026-04-15,20260415SSHH0,삼성,한화,한화,한화,한화,한화,삼성,삼성,한화,5,2,strong_consensus,삼성,miss,4개 이상 모델 일치
2026-04-16,20260416WOHT0,키움,KIA,KIA,KIA,KIA,KIA,KIA,KIA,KIA,7,0,strong_consensus,KIA,correct,4개 이상 모델 일치
2026-04-16,20260416KTNC0,KT,NC,KT,KT,NC,KT,KT,KT,KT,6,1,strong_consensus,KT,correct,4개 이상 모델 일치
2026-04-16,20260416LTLG0,롯데,LG,LG,LG,LG,LG,LG,LG,LG,7,0,strong_consensus,LG,correct,4개 이상 모델 일치
2026-04-16,20260416OBSK0,두산,SSG,SSG,SSG,SSG,SSG,SSG,SSG,SSG,7,0,strong_consensus,SSG,correct,4개 이상 모델 일치
2026-04-16,20260416SSHH0,삼성,한화,삼성,삼성,삼성,삼성,삼성,삼성,삼성,7,0,strong_consensus,삼성,correct,4개 이상 모델 일치
2026-04-17,20260417HTOB0,KIA,두산,두산,두산,두산,두산,KIA,KIA,두산,5,2,strong_consensus,KIA,miss,4개 이상 모델 일치
2026-04-17,20260417WOKT0,키움,KT,KT,KT,KT,KT,KT,KT,KT,7,0,strong_consensus,KT,correct,4개 이상 모델 일치
2026-04-18,20260418HTOB0,KIA,두산,KIA,KIA,KIA,KIA,KIA,KIA,KIA,7,0,strong_consensus,두산,miss,4개 이상 모델 일치
2026-04-18,20260418WOKT0,키움,KT,KT,KT,KT,KT,KT,KT,KT,7,0,strong_consensus,KT,correct,4개 이상 모델 일치
2026-04-18,20260418LGSS0,LG,삼성,삼성,삼성,삼성,삼성,삼성,삼성,삼성,7,0,strong_consensus,삼성,correct,4개 이상 모델 일치
2026-04-18,20260418SKNC0,SSG,NC,SSG,SSG,SSG,SSG,SSG,SSG,SSG,7,0,strong_consensus,SSG,correct,4개 이상 모델 일치
2026-04-18,20260418HHLT0,한화,롯데,한화,한화,한화,한화,한화,롯데,한화,6,1,strong_consensus,한화,correct,4개 이상 모델 일치
2026-04-19,20260419HTOB0,KIA,두산,두산,KIA,KIA,KIA,KIA,KIA,KIA,6,1,strong_consensus,두산,miss,4개 이상 모델 일치
2026-04-19,20260419WOKT0,키움,KT,KT,KT,KT,KT,KT,KT,KT,7,0,strong_consensus,키움,miss,4개 이상 모델 일치
2026-04-19,20260419LGSS0,LG,삼성,삼성,삼성,삼성,삼성,삼성,삼성,삼성,7,0,strong_consensus,LG,miss,4개 이상 모델 일치
2026-04-19,20260419SKNC0,SSG,NC,SSG,SSG,SSG,SSG,SSG,SSG,SSG,7,0,strong_consensus,NC,miss,4개 이상 모델 일치
2026-04-19,20260419HHLT0,한화,롯데,한화,한화,한화,한화,한화,롯데,한화,6,1,strong_consensus,한화,correct,4개 이상 모델 일치
2026-04-21,20260421HTKT0,KIA,KT,KT,KT,KT,KT,KT,KT,KT,7,0,strong_consensus,KT,correct,4개 이상 모델 일치
2026-04-21,20260421HHLG0,한화,LG,LG,LG,LG,LG,LG,LG,LG,7,0,strong_consensus,LG,correct,4개 이상 모델 일치
2026-04-21,20260421NCWO0,NC,키움,NC,NC,NC,NC,NC,NC,NC,7,0,strong_consensus,키움,miss,4개 이상 모델 일치
2026-04-21,20260421SKSS0,SSG,삼성,삼성,삼성,삼성,삼성,삼성,삼성,삼성,7,0,strong_consensus,SSG,miss,4개 이상 모델 일치
2026-04-21,20260421OBLT0,두산,롯데,두산,두산,롯데,롯데,두산,두산,두산,5,2,strong_consensus,두산,correct,4개 이상 모델 일치
2026-04-22,20260422HTKT0,KIA,KT,KT,KT,KT,KT,KT,KT,KT,7,0,strong_consensus,KT,correct,4개 이상 모델 일치
2026-04-22,20260422HHLG0,한화,LG,LG,LG,LG,LG,LG,LG,LG,7,0,strong_consensus,LG,correct,4개 이상 모델 일치
2026-04-22,20260422NCWO0,NC,키움,NC,NC,키움,NC,키움,키움,NC,4,3,strong_consensus,키움,miss,4개 이상 모델 일치
2026-04-22,20260422SKSS0,SSG,삼성,삼성,삼성,삼성,삼성,삼성,삼성,삼성,7,0,strong_consensus,SSG,miss,4개 이상 모델 일치
2026-04-22,20260422OBLT0,두산,롯데,두산,두산,롯데,두산,두산,두산,두산,6,1,strong_consensus,두산,correct,4개 이상 모델 일치
2026-04-23,20260423HTKT0,KIA,KT,KT,KT,KT,KT,KT,KT,KT,7,0,strong_consensus,KT,correct,4개 이상 모델 일치
2026-04-23,20260423HHLG0,한화,LG,LG,LG,LG,LG,LG,LG,LG,7,0,strong_consensus,한화,miss,4개 이상 모델 일치
2026-04-23,20260423NCWO0,NC,키움,NC,NC,키움,NC,키움,키움,NC,4,3,strong_consensus,NC,correct,4개 이상 모델 일치
2026-04-23,20260423SKSS0,SSG,삼성,삼성,삼성,삼성,삼성,삼성,삼성,삼성,7,0,strong_consensus,SSG,miss,4개 이상 모델 일치
2026-04-23,20260423OBLT0,두산,롯데,두산,두산,두산,두산,두산,두산,두산,7,0,strong_consensus,롯데,miss,4개 이상 모델 일치
2026-04-24,20260424LTHT0,롯데,KIA,KIA,KIA,KIA,KIA,KIA,KIA,KIA,7,0,strong_consensus,KIA,correct,4개 이상 모델 일치
2026-04-24,20260424KTSK0,KT,SSG,KT,KT,SSG,SSG,SSG,SSG,SSG,5,2,strong_consensus,SSG,correct,4개 이상 모델 일치
2026-04-24,20260424LGOB0,LG,두산,LG,두산,LG,LG,두산,두산,LG,4,3,strong_consensus,LG,correct,4개 이상 모델 일치
2026-04-24,20260424NCHH0,NC,한화,한화,한화,한화,한화,한화,한화,한화,7,0,strong_consensus,NC,miss,4개 이상 모델 일치
2026-04-24,20260424SSWO0,삼성,키움,삼성,삼성,삼성,삼성,삼성,삼성,삼성,7,0,strong_consensus,키움,miss,4개 이상 모델 일치
2026-04-25,20260425LTHT0,롯데,KIA,KIA,KIA,KIA,KIA,KIA,KIA,KIA,7,0,strong_consensus,KIA,correct,4개 이상 모델 일치
2026-04-25,20260425KTSK0,KT,SSG,SSG,SSG,SSG,SSG,SSG,SSG,SSG,7,0,strong_consensus,SSG,correct,4개 이상 모델 일치
2026-04-25,20260425LGOB0,LG,두산,LG,LG,LG,LG,LG,두산,LG,6,1,strong_consensus,LG,correct,4개 이상 모델 일치
2026-04-25,20260425NCHH0,NC,한화,한화,한화,한화,한화,한화,한화,한화,7,0,strong_consensus,한화,correct,4개 이상 모델 일치
2026-04-25,20260425SSWO0,삼성,키움,삼성,삼성,삼성,삼성,삼성,삼성,삼성,7,0,strong_consensus,키움,miss,4개 이상 모델 일치
2026-04-26,20260426KTSK0,KT,SSG,SSG,SSG,SSG,SSG,SSG,SSG,SSG,7,0,strong_consensus,KT,miss,4개 이상 모델 일치
2026-04-26,20260426LGOB0,LG,두산,LG,LG,LG,LG,LG,LG,LG,7,0,strong_consensus,두산,miss,4개 이상 모델 일치
2026-04-26,20260426NCHH0,NC,한화,한화,한화,한화,한화,한화,한화,한화,7,0,strong_consensus,NC,miss,4개 이상 모델 일치
2026-04-26,20260426SSWO0,삼성,키움,삼성,삼성,삼성,삼성,삼성,키움,삼성,6,1,strong_consensus,키움,miss,4개 이상 모델 일치
2026-04-28,20260428HTNC0,KIA,NC,NC,NC,NC,NC,NC,NC,NC,7,0,strong_consensus,NC,correct,4개 이상 모델 일치
2026-04-28,20260428LGKT0,LG,KT,KT,KT,KT,KT,KT,KT,KT,7,0,strong_consensus,KT,correct,4개 이상 모델 일치
2026-04-28,20260428SKHH0,SSG,한화,한화,한화,한화,SSG,SSG,SSG,SSG,4,3,strong_consensus,한화,miss,4개 이상 모델 일치
2026-04-28,20260428SSOB0,삼성,두산,삼성,삼성,두산,삼성,삼성,두산,삼성,4,3,strong_consensus,삼성,correct,4개 이상 모델 일치
2026-04-28,20260428WOLT0,키움,롯데,롯데,롯데,롯데,롯데,키움,키움,롯데,5,2,strong_consensus,롯데,correct,4개 이상 모델 일치
2026-04-29,20260429HTNC0,KIA,NC,NC,NC,NC,NC,NC,NC,NC,7,0,strong_consensus,KIA,miss,4개 이상 모델 일치
2026-04-29,20260429LGKT0,LG,KT,KT,KT,KT,KT,KT,KT,KT,7,0,strong_consensus,KT,correct,4개 이상 모델 일치
2026-04-29,20260429SKHH0,SSG,한화,SSG,한화,한화,한화,한화,한화,한화,5,2,strong_consensus,SSG,miss,4개 이상 모델 일치
2026-04-29,20260429SSOB0,삼성,두산,삼성,삼성,두산,삼성,삼성,두산,삼성,5,2,strong_consensus,두산,miss,4개 이상 모델 일치
2026-04-29,20260429WOLT0,키움,롯데,키움,키움,롯데,키움,키움,롯데,키움,5,2,strong_consensus,키움,correct,4개 이상 모델 일치
2026-04-30,20260430HTNC0,KIA,NC,NC,NC,NC,NC,NC,NC,NC,7,0,strong_consensus,NC,correct,4개 이상 모델 일치
2026-04-30,20260430LGKT0,LG,KT,KT,KT,KT,KT,KT,KT,KT,7,0,strong_consensus,LG,miss,4개 이상 모델 일치
2026-04-30,20260430SKHH0,SSG,한화,SSG,SSG,SSG,SSG,SSG,한화,SSG,6,1,strong_consensus,SSG,correct,4개 이상 모델 일치
2026-04-30,20260430SSOB0,삼성,두산,삼성,삼성,두산,삼성,삼성,두산,삼성,5,2,strong_consensus,두산,miss,4개 이상 모델 일치
2026-04-30,20260430WOLT0,키움,롯데,키움,롯데,롯데,롯데,키움,키움,키움,4,3,strong_consensus,롯데,miss,4개 이상 모델 일치
2026-05-01,20260501KTHT0,KT,KIA,KT,KT,KT,KT,KT,KT,KT,7,0,strong_consensus,KT,correct,4개 이상 모델 일치
2026-05-01,20260501NCLG0,NC,LG,LG,LG,LG,LG,LG,LG,LG,7,0,strong_consensus,LG,correct,4개 이상 모델 일치
2026-05-01,20260501LTSK0,롯데,SSG,SSG,SSG,SSG,SSG,SSG,SSG,SSG,7,0,strong_consensus,롯데,miss,4개 이상 모델 일치
2026-05-01,20260501OBWO0,두산,키움,두산,두산,두산,두산,두산,키움,두산,6,1,strong_consensus,두산,correct,4개 이상 모델 일치
2026-05-01,20260501HHSS0,한화,삼성,삼성,삼성,삼성,삼성,삼성,삼성,삼성,7,0,strong_consensus,삼성,correct,4개 이상 모델 일치
2026-05-02,20260502KTHT0,KT,KIA,KIA,KIA,KT,KT,KT,KT,KT,5,2,strong_consensus,KIA,miss,4개 이상 모델 일치
2026-05-02,20260502NCLG0,NC,LG,LG,LG,LG,LG,LG,LG,LG,7,0,strong_consensus,LG,correct,4개 이상 모델 일치
2026-05-02,20260502LTSK0,롯데,SSG,SSG,SSG,SSG,SSG,SSG,SSG,SSG,7,0,strong_consensus,롯데,miss,4개 이상 모델 일치
2026-05-02,20260502OBWO0,두산,키움,두산,두산,두산,두산,두산,두산,두산,7,0,strong_consensus,키움,miss,4개 이상 모델 일치
2026-05-02,20260502HHSS0,한화,삼성,삼성,삼성,삼성,삼성,삼성,삼성,삼성,7,0,strong_consensus,한화,miss,4개 이상 모델 일치
2026-05-03,20260503KTHT0,KT,KIA,KT,KT,KIA,KT,KT,KT,KT,6,1,strong_consensus,KT,correct,4개 이상 모델 일치
2026-05-03,20260503NCLG0,NC,LG,LG,LG,LG,LG,LG,LG,LG,7,0,strong_consensus,NC,miss,4개 이상 모델 일치
2026-05-03,20260503LTSK0,롯데,SSG,SSG,SSG,SSG,SSG,SSG,SSG,SSG,7,0,strong_consensus,롯데,miss,4개 이상 모델 일치
2026-05-03,20260503OBWO0,두산,키움,두산,두산,두산,두산,두산,키움,두산,6,1,strong_consensus,두산,correct,4개 이상 모델 일치
2026-05-03,20260503HHSS0,한화,삼성,삼성,삼성,삼성,삼성,한화,삼성,삼성,6,1,strong_consensus,삼성,correct,4개 이상 모델 일치
2026-05-05,20260505HHHT0,한화,KIA,KIA,한화,KIA,KIA,KIA,KIA,KIA,6,1,strong_consensus,KIA,correct,4개 이상 모델 일치
2026-05-05,20260505LTKT0,롯데,KT,KT,KT,KT,KT,KT,KT,KT,7,0,strong_consensus,KT,correct,4개 이상 모델 일치
2026-05-05,20260505OBLG0,두산,LG,LG,LG,LG,LG,LG,LG,LG,7,0,strong_consensus,LG,correct,4개 이상 모델 일치
2026-05-05,20260505WOSS0,키움,삼성,삼성,삼성,삼성,삼성,삼성,삼성,삼성,7,0,strong_consensus,삼성,correct,4개 이상 모델 일치
2026-05-06,20260506HHHT0,한화,KIA,KIA,KIA,KIA,KIA,KIA,KIA,KIA,7,0,strong_consensus,한화,miss,4개 이상 모델 일치
2026-05-06,20260506LTKT0,롯데,KT,KT,KT,KT,KT,KT,KT,KT,7,0,strong_consensus,롯데,miss,4개 이상 모델 일치
2026-05-06,20260506OBLG0,두산,LG,LG,LG,LG,LG,LG,LG,LG,7,0,strong_consensus,LG,correct,4개 이상 모델 일치
2026-05-06,20260506NCSK0,NC,SSG,SSG,SSG,SSG,SSG,SSG,SSG,SSG,7,0,strong_consensus,SSG,correct,4개 이상 모델 일치
2026-05-06,20260506WOSS0,키움,삼성,삼성,삼성,삼성,삼성,삼성,삼성,삼성,7,0,strong_consensus,삼성,correct,4개 이상 모델 일치
2026-05-07,20260507HHHT0,한화,KIA,한화,한화,KIA,KIA,KIA,KIA,KIA,5,2,strong_consensus,한화,miss,4개 이상 모델 일치
2026-05-07,20260507OBLG0,두산,LG,LG,LG,LG,LG,LG,LG,LG,7,0,strong_consensus,두산,miss,4개 이상 모델 일치
2026-05-07,20260507NCSK0,NC,SSG,SSG,SSG,SSG,SSG,SSG,SSG,SSG,7,0,strong_consensus,NC,miss,4개 이상 모델 일치
2026-05-07,20260507WOSS0,키움,삼성,삼성,삼성,삼성,삼성,삼성,삼성,삼성,7,0,strong_consensus,삼성,correct,4개 이상 모델 일치
2026-05-08,20260508HTLT0,KIA,롯데,롯데,KIA,롯데,롯데,롯데,롯데,롯데,6,1,strong_consensus,KIA,miss,4개 이상 모델 일치
2026-05-08,20260508KTWO0,KT,키움,KT,KT,KT,KT,KT,KT,KT,7,0,strong_consensus,KT,correct,4개 이상 모델 일치
2026-05-08,20260508LGHH0,LG,한화,한화,한화,한화,LG,한화,한화,한화,5,2,strong_consensus,LG,miss,4개 이상 모델 일치
2026-05-08,20260508SSNC0,삼성,NC,삼성,삼성,삼성,삼성,삼성,NC,삼성,6,1,strong_consensus,삼성,correct,4개 이상 모델 일치
2026-05-08,20260508SKOB0,SSG,두산,SSG,두산,SSG,SSG,SSG,두산,SSG,5,2,strong_consensus,SSG,correct,4개 이상 모델 일치
2026-05-09,20260509HTLT0,KIA,롯데,KIA,KIA,롯데,KIA,KIA,롯데,KIA,5,2,strong_consensus,KIA,correct,4개 이상 모델 일치
2026-05-09,20260509LGHH0,LG,한화,LG,LG,LG,LG,LG,LG,LG,7,0,strong_consensus,한화,miss,4개 이상 모델 일치
2026-05-09,20260509SSNC0,삼성,NC,삼성,삼성,삼성,삼성,삼성,NC,삼성,6,1,strong_consensus,삼성,correct,4개 이상 모델 일치
2026-05-09,20260509SKOB0,SSG,두산,SSG,두산,SSG,SSG,SSG,두산,SSG,5,2,strong_consensus,두산,miss,4개 이상 모델 일치
2026-05-10,20260510HTLT0,KIA,롯데,KIA,KIA,KIA,KIA,KIA,롯데,KIA,6,1,strong_consensus,롯데,miss,4개 이상 모델 일치
2026-05-10,20260510KTWO0,KT,키움,KT,KT,KT,KT,KT,KT,KT,7,0,strong_consensus,키움,miss,4개 이상 모델 일치
2026-05-10,20260510LGHH0,LG,한화,LG,LG,한화,한화,한화,한화,한화,4,3,strong_consensus,한화,correct,4개 이상 모델 일치
2026-05-10,20260510SSNC0,삼성,NC,삼성,삼성,삼성,삼성,삼성,NC,삼성,6,1,strong_consensus,삼성,correct,4개 이상 모델 일치
2026-05-10,20260510SKOB0,SSG,두산,두산,SSG,SSG,SSG,SSG,두산,SSG,5,2,strong_consensus,두산,miss,4개 이상 모델 일치
2026-05-12,20260512OBHT0,두산,KIA,두산,두산,KIA,KIA,두산,KIA,두산,4,3,strong_consensus,두산,correct,4개 이상 모델 일치
2026-05-12,20260512SKKT0,SSG,KT,KT,KT,KT,KT,KT,KT,KT,7,0,strong_consensus,SSG,miss,4개 이상 모델 일치
2026-05-12,20260512SSLG0,삼성,LG,LG,LG,LG,LG,삼성,삼성,LG,5,2,strong_consensus,삼성,miss,4개 이상 모델 일치
2026-05-12,20260512NCLT0,NC,롯데,NC,NC,NC,NC,NC,롯데,NC,6,1,strong_consensus,NC,correct,4개 이상 모델 일치
2026-05-12,20260512HHWO0,한화,키움,한화,한화,한화,한화,한화,한화,한화,7,0,strong_consensus,한화,correct,4개 이상 모델 일치
2026-05-13,20260513OBHT0,두산,KIA,두산,두산,KIA,KIA,두산,두산,두산,5,2,strong_consensus,KIA,miss,4개 이상 모델 일치
2026-05-13,20260513SKKT0,SSG,KT,KT,KT,KT,KT,KT,KT,KT,7,0,strong_consensus,KT,correct,4개 이상 모델 일치
2026-05-13,20260513SSLG0,삼성,LG,삼성,삼성,삼성,삼성,삼성,삼성,삼성,7,0,strong_consensus,LG,miss,4개 이상 모델 일치
2026-05-13,20260513NCLT0,NC,롯데,NC,NC,NC,NC,NC,롯데,NC,6,1,strong_consensus,롯데,miss,4개 이상 모델 일치
2026-05-13,20260513HHWO0,한화,키움,한화,한화,한화,한화,한화,한화,한화,7,0,strong_consensus,키움,miss,4개 이상 모델 일치
2026-05-14,20260514OBHT0,두산,KIA,두산,두산,KIA,KIA,KIA,KIA,KIA,5,2,strong_consensus,KIA,correct,4개 이상 모델 일치
2026-05-14,20260514SKKT0,SSG,KT,KT,KT,KT,KT,KT,KT,KT,7,0,strong_consensus,SSG,miss,4개 이상 모델 일치
2026-05-14,20260514SSLG0,삼성,LG,LG,LG,LG,LG,삼성,LG,LG,6,1,strong_consensus,삼성,miss,4개 이상 모델 일치
2026-05-14,20260514NCLT0,NC,롯데,NC,NC,NC,NC,NC,롯데,NC,6,1,strong_consensus,NC,correct,4개 이상 모델 일치
2026-05-14,20260514HHWO0,한화,키움,한화,한화,한화,한화,한화,한화,한화,7,0,strong_consensus,한화,correct,4개 이상 모델 일치
2026-05-15,20260515HTSS0,KIA,삼성,삼성,삼성,삼성,삼성,삼성,삼성,삼성,7,0,strong_consensus,KIA,miss,4개 이상 모델 일치
2026-05-15,20260515HHKT0,한화,KT,한화,KT,KT,KT,KT,KT,KT,6,1,strong_consensus,한화,miss,4개 이상 모델 일치
2026-05-15,20260515LGSK0,LG,SSG,LG,SSG,SSG,SSG,SSG,SSG,SSG,6,1,strong_consensus,LG,miss,4개 이상 모델 일치
2026-05-15,20260515WONC0,키움,NC,NC,NC,NC,NC,NC,NC,NC,7,0,strong_consensus,키움,miss,4개 이상 모델 일치
2026-05-15,20260515LTOB0,롯데,두산,두산,두산,두산,두산,두산,두산,두산,7,0,strong_consensus,롯데,miss,4개 이상 모델 일치
2026-05-16,20260516HTSS0,KIA,삼성,삼성,삼성,삼성,삼성,삼성,삼성,삼성,7,0,strong_consensus,삼성,correct,4개 이상 모델 일치
2026-05-16,20260516HHKT0,한화,KT,KT,KT,KT,KT,KT,한화,KT,6,1,strong_consensus,한화,miss,4개 이상 모델 일치
2026-05-16,20260516LGSK0,LG,SSG,LG,LG,SSG,LG,SSG,SSG,SSG,4,3,strong_consensus,SSG,correct,4개 이상 모델 일치
2026-05-16,20260516WONC0,키움,NC,NC,NC,NC,NC,NC,NC,NC,7,0,strong_consensus,NC,correct,4개 이상 모델 일치
2026-05-16,20260516LTOB0,롯데,두산,두산,두산,두산,두산,두산,두산,두산,7,0,strong_consensus,두산,correct,4개 이상 모델 일치
2026-05-17,20260517HTSS0,KIA,삼성,삼성,삼성,삼성,삼성,삼성,삼성,삼성,7,0,strong_consensus,KIA,miss,4개 이상 모델 일치
2026-05-17,20260517HHKT0,한화,KT,한화,한화,KT,KT,한화,한화,한화,4,3,strong_consensus,KT,miss,4개 이상 모델 일치
2026-05-17,20260517LGSK0,LG,SSG,LG,LG,SSG,SSG,SSG,SSG,SSG,5,2,strong_consensus,LG,miss,4개 이상 모델 일치
2026-05-17,20260517WONC0,키움,NC,NC,NC,NC,NC,NC,NC,NC,7,0,strong_consensus,키움,miss,4개 이상 모델 일치
2026-05-17,20260517LTOB0,롯데,두산,두산,두산,두산,두산,두산,두산,두산,7,0,strong_consensus,두산,correct,4개 이상 모델 일치
2026-05-19,20260519LGHT0,LG,KIA,LG,LG,KIA,LG,LG,KIA,LG,5,2,strong_consensus,KIA,miss,4개 이상 모델 일치
2026-05-19,20260519KTSS0,KT,삼성,삼성,삼성,삼성,삼성,삼성,삼성,삼성,7,0,strong_consensus,삼성,correct,4개 이상 모델 일치
2026-05-19,20260519NCOB0,NC,두산,두산,두산,두산,두산,두산,두산,두산,7,0,strong_consensus,두산,correct,4개 이상 모델 일치
2026-05-19,20260519SKWO0,SSG,키움,SSG,SSG,SSG,SSG,SSG,SSG,SSG,7,0,strong_consensus,키움,miss,4개 이상 모델 일치
2026-05-19,20260519LTHH0,롯데,한화,한화,한화,한화,한화,한화,한화,한화,7,0,strong_consensus,롯데,miss,4개 이상 모델 일치
2026-05-20,20260520SKWO0,SSG,키움,키움,SSG,SSG,SSG,SSG,키움,SSG,5,2,strong_consensus,키움,miss,4개 이상 모델 일치
2026-05-21,20260521LGHT0,LG,KIA,KIA,LG,KIA,LG,KIA,KIA,KIA,5,2,strong_consensus,LG,miss,4개 이상 모델 일치
2026-05-21,20260521KTSS0,KT,삼성,삼성,삼성,삼성,삼성,삼성,삼성,삼성,7,0,strong_consensus,삼성,correct,4개 이상 모델 일치
2026-05-21,20260521NCOB0,NC,두산,두산,두산,두산,두산,두산,두산,두산,7,0,strong_consensus,두산,correct,4개 이상 모델 일치
2026-05-21,20260521SKWO0,SSG,키움,SSG,SSG,SSG,SSG,SSG,키움,SSG,6,1,strong_consensus,키움,miss,4개 이상 모델 일치
2026-05-21,20260521LTHH0,롯데,한화,한화,한화,한화,한화,한화,한화,한화,7,0,strong_consensus,롯데,miss,4개 이상 모델 일치
2026-05-22,20260522SKHT0,SSG,KIA,KIA,KIA,KIA,KIA,KIA,KIA,KIA,7,0,strong_consensus,KIA,correct,4개 이상 모델 일치
2026-05-22,20260522NCKT0,NC,KT,KT,KT,KT,KT,KT,KT,KT,7,0,strong_consensus,KT,correct,4개 이상 모델 일치
2026-05-22,20260522WOLG0,키움,LG,LG,LG,LG,LG,LG,LG,LG,7,0,strong_consensus,키움,miss,4개 이상 모델 일치
2026-05-22,20260522OBHH0,두산,한화,한화,한화,한화,한화,한화,한화,한화,7,0,strong_consensus,한화,correct,4개 이상 모델 일치
2026-05-22,20260522SSLT0,삼성,롯데,삼성,삼성,삼성,롯데,삼성,롯데,삼성,5,2,strong_consensus,삼성,correct,4개 이상 모델 일치
2026-05-23,20260523SKHT0,SSG,KIA,KIA,KIA,KIA,KIA,KIA,KIA,KIA,7,0,strong_consensus,KIA,correct,4개 이상 모델 일치
2026-05-23,20260523NCKT0,NC,KT,KT,KT,KT,KT,KT,KT,KT,7,0,strong_consensus,KT,correct,4개 이상 모델 일치
2026-05-23,20260523WOLG0,키움,LG,LG,LG,LG,LG,LG,LG,LG,7,0,strong_consensus,LG,correct,4개 이상 모델 일치
2026-05-23,20260523OBHH0,두산,한화,한화,한화,한화,한화,한화,한화,한화,7,0,strong_consensus,한화,correct,4개 이상 모델 일치
2026-05-23,20260523SSLT0,삼성,롯데,롯데,롯데,삼성,삼성,삼성,롯데,롯데,4,3,strong_consensus,롯데,correct,4개 이상 모델 일치
2026-05-24,20260524SKHT0,SSG,KIA,KIA,KIA,KIA,KIA,KIA,KIA,KIA,7,0,strong_consensus,KIA,correct,4개 이상 모델 일치
2026-05-24,20260524NCKT0,NC,KT,KT,KT,KT,KT,KT,KT,KT,7,0,strong_consensus,NC,miss,4개 이상 모델 일치
2026-05-24,20260524WOLG0,키움,LG,LG,LG,LG,LG,LG,LG,LG,7,0,strong_consensus,LG,correct,4개 이상 모델 일치
2026-05-24,20260524OBHH0,두산,한화,한화,한화,한화,한화,한화,한화,한화,7,0,strong_consensus,한화,correct,4개 이상 모델 일치
2026-05-24,20260524SSLT0,삼성,롯데,삼성,삼성,삼성,삼성,삼성,롯데,삼성,6,1,strong_consensus,삼성,correct,4개 이상 모델 일치
2026-05-26,20260526HTWO0,KIA,키움,KIA,KIA,키움,키움,키움,키움,키움,5,2,strong_consensus,KIA,miss,4개 이상 모델 일치
2026-05-26,20260526KTOB0,KT,두산,두산,두산,두산,KT,KT,두산,두산,5,2,strong_consensus,KT,miss,4개 이상 모델 일치
2026-05-26,20260526LGLT0,LG,롯데,LG,LG,롯데,LG,롯데,롯데,LG,4,3,strong_consensus,LG,correct,4개 이상 모델 일치
2026-05-27,20260527HTWO0,KIA,키움,KIA,KIA,KIA,KIA,KIA,KIA,KIA,7,0,strong_consensus,KIA,correct,4개 이상 모델 일치
2026-05-27,20260527KTOB0,KT,두산,두산,두산,두산,두산,KT,두산,두산,6,1,strong_consensus,두산,correct,4개 이상 모델 일치
2026-05-27,20260527LGLT0,LG,롯데,LG,LG,LG,LG,LG,LG,LG,7,0,strong_consensus,LG,correct,4개 이상 모델 일치
2026-05-27,20260527HHNC0,한화,NC,한화,한화,한화,한화,한화,한화,한화,7,0,strong_consensus,NC,miss,4개 이상 모델 일치
2026-05-27,20260527SSSK0,삼성,SSG,삼성,삼성,삼성,삼성,삼성,삼성,삼성,7,0,strong_consensus,삼성,correct,4개 이상 모델 일치
2026-05-28,20260528HTWO0,KIA,키움,KIA,KIA,KIA,KIA,KIA,KIA,KIA,7,0,strong_consensus,KIA,correct,4개 이상 모델 일치
2026-05-28,20260528KTOB0,KT,두산,두산,두산,두산,두산,KT,두산,두산,6,1,strong_consensus,KT,miss,4개 이상 모델 일치
2026-05-28,20260528LGLT0,LG,롯데,LG,LG,LG,LG,LG,LG,LG,7,0,strong_consensus,롯데,miss,4개 이상 모델 일치
2026-05-28,20260528HHNC0,한화,NC,한화,한화,한화,한화,한화,한화,한화,7,0,strong_consensus,한화,correct,4개 이상 모델 일치
2026-05-28,20260528SSSK0,삼성,SSG,삼성,삼성,삼성,삼성,삼성,삼성,삼성,7,0,strong_consensus,삼성,correct,4개 이상 모델 일치
2026-05-29,20260529HTLG0,KIA,LG,LG,LG,KIA,LG,LG,LG,LG,6,1,strong_consensus,LG,correct,4개 이상 모델 일치
2026-05-29,20260529KTWO0,KT,키움,KT,KT,KT,KT,KT,KT,KT,7,0,strong_consensus,KT,correct,4개 이상 모델 일치
2026-05-29,20260529LTNC0,롯데,NC,NC,NC,NC,NC,롯데,NC,NC,6,1,strong_consensus,롯데,miss,4개 이상 모델 일치
2026-05-29,20260529SKHH0,SSG,한화,한화,한화,한화,한화,한화,한화,한화,7,0,strong_consensus,한화,correct,4개 이상 모델 일치
2026-05-29,20260529OBSS0,두산,삼성,삼성,삼성,삼성,삼성,삼성,삼성,삼성,7,0,strong_consensus,두산,miss,4개 이상 모델 일치
2026-05-30,20260530HTLG0,KIA,LG,LG,LG,LG,LG,LG,LG,LG,7,0,strong_consensus,LG,correct,4개 이상 모델 일치
2026-05-30,20260530KTWO0,KT,키움,KT,KT,KT,KT,KT,KT,KT,7,0,strong_consensus,KT,correct,4개 이상 모델 일치
2026-05-30,20260530LTNC0,롯데,NC,NC,롯데,NC,롯데,롯데,롯데,롯데,4,3,strong_consensus,NC,miss,4개 이상 모델 일치
2026-05-30,20260530SKHH0,SSG,한화,한화,한화,한화,한화,한화,한화,한화,7,0,strong_consensus,한화,correct,4개 이상 모델 일치
2026-05-30,20260530OBSS0,두산,삼성,삼성,삼성,삼성,삼성,삼성,삼성,삼성,7,0,strong_consensus,두산,miss,4개 이상 모델 일치
2026-05-31,20260531HTLG0,KIA,LG,LG,LG,LG,LG,LG,LG,LG,7,0,strong_consensus,LG,correct,4개 이상 모델 일치
2026-05-31,20260531KTWO0,KT,키움,KT,KT,KT,KT,KT,KT,KT,7,0,strong_consensus,KT,correct,4개 이상 모델 일치
2026-05-31,20260531LTNC0,롯데,NC,NC,NC,NC,NC,롯데,NC,NC,6,1,strong_consensus,NC,correct,4개 이상 모델 일치
2026-05-31,20260531SKHH0,SSG,한화,한화,한화,한화,한화,한화,한화,한화,7,0,strong_consensus,한화,correct,4개 이상 모델 일치
2026-05-31,20260531OBSS0,두산,삼성,삼성,삼성,삼성,삼성,삼성,삼성,삼성,7,0,strong_consensus,삼성,correct,4개 이상 모델 일치
2026-06-02,20260602LTHT0,롯데,KIA,KIA,KIA,KIA,KIA,KIA,KIA,KIA,7,0,strong_consensus,KIA,correct,4개 이상 모델 일치
2026-06-02,20260602LGKT0,LG,KT,KT,LG,KT,KT,KT,KT,KT,6,1,strong_consensus,LG,miss,4개 이상 모델 일치
2026-06-02,20260602NCSS0,NC,삼성,삼성,삼성,삼성,삼성,삼성,삼성,삼성,7,0,strong_consensus,삼성,correct,4개 이상 모델 일치
2026-06-02,20260602WOSK0,키움,SSG,SSG,SSG,SSG,SSG,SSG,SSG,SSG,7,0,strong_consensus,키움,miss,4개 이상 모델 일치
2026-06-02,20260602HHOB0,한화,두산,두산,한화,두산,두산,한화,한화,두산,4,3,strong_consensus,두산,correct,4개 이상 모델 일치
2026-06-03,20260603LTHT0,롯데,KIA,KIA,KIA,KIA,KIA,KIA,KIA,KIA,7,0,strong_consensus,롯데,miss,4개 이상 모델 일치
2026-06-03,20260603LGKT0,LG,KT,KT,KT,LG,KT,KT,KT,KT,6,1,strong_consensus,KT,correct,4개 이상 모델 일치
2026-06-03,20260603NCSS0,NC,삼성,삼성,삼성,삼성,삼성,삼성,삼성,삼성,7,0,strong_consensus,NC,miss,4개 이상 모델 일치
2026-06-03,20260603WOSK0,키움,SSG,키움,키움,SSG,키움,SSG,SSG,SSG,4,3,strong_consensus,SSG,correct,4개 이상 모델 일치
2026-06-04,20260604LTHT0,롯데,KIA,KIA,KIA,KIA,KIA,KIA,KIA,KIA,7,0,strong_consensus,KIA,correct,4개 이상 모델 일치
2026-06-04,20260604LGKT0,LG,KT,LG,LG,LG,KT,KT,KT,LG,4,3,strong_consensus,LG,correct,4개 이상 모델 일치
2026-06-04,20260604NCSS0,NC,삼성,삼성,삼성,삼성,삼성,삼성,삼성,삼성,7,0,strong_consensus,NC,miss,4개 이상 모델 일치
2026-06-04,20260604WOSK0,키움,SSG,키움,SSG,SSG,SSG,SSG,SSG,SSG,6,1,strong_consensus,SSG,correct,4개 이상 모델 일치
2026-06-04,20260604HHOB0,한화,두산,두산,두산,두산,두산,한화,한화,두산,5,2,strong_consensus,두산,correct,4개 이상 모델 일치
2026-06-05,20260605SSHT0,삼성,KIA,KIA,삼성,KIA,삼성,삼성,KIA,삼성,4,3,strong_consensus,KIA,miss,4개 이상 모델 일치
2026-06-05,20260605KTSK0,KT,SSG,KT,KT,KT,KT,KT,KT,KT,7,0,strong_consensus,SSG,miss,4개 이상 모델 일치
2026-06-05,20260605LGNC0,LG,NC,LG,LG,LG,LG,LG,NC,LG,6,1,strong_consensus,LG,correct,4개 이상 모델 일치
2026-06-05,20260605WOOB0,키움,두산,두산,두산,두산,두산,두산,두산,두산,7,0,strong_consensus,두산,correct,4개 이상 모델 일치
2026-06-05,20260605HHLT0,한화,롯데,한화,한화,한화,한화,한화,한화,한화,7,0,strong_consensus,한화,correct,4개 이상 모델 일치
2026-06-06,20260606SSHT0,삼성,KIA,삼성,삼성,KIA,KIA,KIA,KIA,KIA,5,2,strong_consensus,삼성,miss,4개 이상 모델 일치
2026-06-06,20260606KTSK0,KT,SSG,KT,KT,KT,KT,KT,KT,KT,7,0,strong_consensus,KT,correct,4개 이상 모델 일치
2026-06-06,20260606LGNC0,LG,NC,LG,LG,LG,LG,LG,NC,LG,6,1,strong_consensus,NC,miss,4개 이상 모델 일치
2026-06-06,20260606WOOB0,키움,두산,두산,두산,두산,두산,두산,두산,두산,7,0,strong_consensus,두산,correct,4개 이상 모델 일치
2026-06-06,20260606HHLT0,한화,롯데,한화,한화,한화,한화,한화,한화,한화,7,0,strong_consensus,한화,correct,4개 이상 모델 일치
2026-06-07,20260607SSHT0,삼성,KIA,삼성,삼성,KIA,삼성,삼성,KIA,삼성,5,2,strong_consensus,KIA,miss,4개 이상 모델 일치
2026-06-07,20260607KTSK0,KT,SSG,KT,KT,KT,KT,KT,KT,KT,7,0,strong_consensus,SSG,miss,4개 이상 모델 일치
2026-06-07,20260607LGNC0,LG,NC,LG,LG,LG,LG,LG,NC,LG,6,1,strong_consensus,NC,miss,4개 이상 모델 일치
2026-06-07,20260607WOOB0,키움,두산,두산,두산,두산,두산,두산,두산,두산,7,0,strong_consensus,키움,miss,4개 이상 모델 일치
2026-06-07,20260607HHLT0,한화,롯데,한화,한화,한화,한화,한화,한화,한화,7,0,strong_consensus,한화,correct,4개 이상 모델 일치
2026-06-09,20260609HTHH0,KIA,한화,한화,한화,한화,한화,한화,한화,한화,7,0,strong_consensus,KIA,miss,4개 이상 모델 일치
2026-06-09,20260609SSKT0,삼성,KT,삼성,삼성,삼성,삼성,삼성,KT,삼성,6,1,strong_consensus,KT,miss,4개 이상 모델 일치
2026-06-09,20260609SKLG0,SSG,LG,LG,LG,LG,LG,LG,LG,LG,7,0,strong_consensus,LG,correct,4개 이상 모델 일치
2026-06-09,20260609NCWO0,NC,키움,NC,키움,키움,NC,NC,NC,NC,5,2,strong_consensus,키움,miss,4개 이상 모델 일치
2026-06-09,20260609OBLT0,두산,롯데,두산,두산,두산,두산,두산,두산,두산,7,0,strong_consensus,두산,correct,4개 이상 모델 일치
2026-06-10,20260610HTHH0,KIA,한화,KIA,한화,한화,KIA,KIA,한화,KIA,4,3,strong_consensus,한화,miss,4개 이상 모델 일치
2026-06-10,20260610SSKT0,삼성,KT,KT,KT,KT,KT,KT,KT,KT,7,0,strong_consensus,KT,correct,4개 이상 모델 일치
2026-06-10,20260610SKLG0,SSG,LG,LG,LG,LG,LG,LG,LG,LG,7,0,strong_consensus,LG,correct,4개 이상 모델 일치
2026-06-10,20260610NCWO0,NC,키움,NC,NC,키움,NC,NC,NC,NC,6,1,strong_consensus,NC,correct,4개 이상 모델 일치
2026-06-10,20260610OBLT0,두산,롯데,두산,두산,두산,두산,두산,두산,두산,7,0,strong_consensus,롯데,miss,4개 이상 모델 일치
2026-06-11,20260611HTHH0,KIA,한화,KIA,한화,한화,한화,한화,한화,한화,6,1,strong_consensus,한화,correct,4개 이상 모델 일치
2026-06-11,20260611SSKT0,삼성,KT,KT,KT,KT,KT,KT,KT,KT,7,0,strong_consensus,삼성,miss,4개 이상 모델 일치
2026-06-11,20260611SKLG0,SSG,LG,LG,LG,LG,LG,LG,LG,LG,7,0,strong_consensus,LG,correct,4개 이상 모델 일치
2026-06-11,20260611NCWO0,NC,키움,NC,NC,키움,NC,NC,NC,NC,6,1,strong_consensus,NC,correct,4개 이상 모델 일치
2026-06-11,20260611OBLT0,두산,롯데,두산,두산,두산,두산,두산,두산,두산,7,0,strong_consensus,두산,correct,4개 이상 모델 일치
2026-06-12,20260612OBHT0,두산,KIA,KIA,KIA,KIA,KIA,KIA,KIA,KIA,7,0,strong_consensus,두산,miss,4개 이상 모델 일치
2026-06-12,20260612NCKT0,NC,KT,KT,KT,KT,KT,KT,KT,KT,7,0,strong_consensus,KT,correct,4개 이상 모델 일치
2026-06-12,20260612LTLG0,롯데,LG,LG,LG,LG,LG,LG,LG,LG,7,0,strong_consensus,롯데,miss,4개 이상 모델 일치
2026-06-12,20260612SKSS0,SSG,삼성,삼성,삼성,삼성,삼성,삼성,삼성,삼성,7,0,strong_consensus,SSG,miss,4개 이상 모델 일치
2026-06-12,20260612HHWO0,한화,키움,한화,한화,한화,한화,한화,한화,한화,7,0,strong_consensus,키움,miss,4개 이상 모델 일치
2026-06-13,20260613OBHT0,두산,KIA,두산,두산,KIA,KIA,두산,KIA,KIA,4,3,strong_consensus,KIA,correct,4개 이상 모델 일치
2026-06-13,20260613NCKT0,NC,KT,KT,KT,KT,KT,KT,KT,KT,7,0,strong_consensus,KT,correct,4개 이상 모델 일치
2026-06-13,20260613LTLG0,롯데,LG,LG,LG,LG,LG,LG,LG,LG,7,0,strong_consensus,LG,correct,4개 이상 모델 일치
2026-06-13,20260613SKSS0,SSG,삼성,삼성,삼성,삼성,삼성,삼성,삼성,삼성,7,0,strong_consensus,삼성,correct,4개 이상 모델 일치
2026-06-13,20260613HHWO0,한화,키움,한화,한화,한화,한화,한화,한화,한화,7,0,strong_consensus,키움,miss,4개 이상 모델 일치
2026-06-14,20260614OBHT0,두산,KIA,KIA,KIA,KIA,KIA,KIA,KIA,KIA,7,0,strong_consensus,두산,miss,4개 이상 모델 일치
2026-06-14,20260614LTLG0,롯데,LG,LG,LG,LG,LG,LG,LG,LG,7,0,strong_consensus,LG,correct,4개 이상 모델 일치
2026-06-14,20260614SKSS0,SSG,삼성,삼성,삼성,삼성,삼성,삼성,삼성,삼성,7,0,strong_consensus,삼성,correct,4개 이상 모델 일치
2026-06-14,20260614HHWO0,한화,키움,한화,한화,한화,한화,한화,한화,한화,7,0,strong_consensus,키움,miss,4개 이상 모델 일치
2026-06-16,20260616LGHT0,LG,KIA,LG,LG,LG,LG,LG,LG,LG,7,0,strong_consensus,LG,correct,4개 이상 모델 일치
2026-06-16,20260616KTOB0,KT,두산,두산,두산,두산,KT,KT,두산,두산,5,2,strong_consensus,KT,miss,4개 이상 모델 일치
2026-06-16,20260616HHNC0,한화,NC,한화,한화,한화,한화,한화,NC,한화,6,1,strong_consensus,NC,miss,4개 이상 모델 일치
2026-06-16,20260616LTSK0,롯데,SSG,SSG,SSG,SSG,SSG,SSG,SSG,SSG,7,0,strong_consensus,롯데,miss,4개 이상 모델 일치
2026-06-16,20260616WOSS0,키움,삼성,삼성,삼성,삼성,삼성,삼성,삼성,삼성,7,0,strong_consensus,삼성,correct,4개 이상 모델 일치
2026-06-17,20260617LGHT0,LG,KIA,LG,LG,LG,LG,LG,LG,LG,7,0,strong_consensus,KIA,miss,4개 이상 모델 일치
2026-06-17,20260617KTOB0,KT,두산,두산,두산,두산,두산,두산,두산,두산,7,0,strong_consensus,KT,miss,4개 이상 모델 일치
2026-06-17,20260617HHNC0,한화,NC,NC,한화,한화,한화,한화,NC,한화,5,2,strong_consensus,NC,miss,4개 이상 모델 일치
2026-06-17,20260617LTSK0,롯데,SSG,롯데,롯데,롯데,롯데,롯데,SSG,롯데,6,1,strong_consensus,롯데,correct,4개 이상 모델 일치
2026-06-17,20260617WOSS0,키움,삼성,삼성,삼성,삼성,삼성,삼성,삼성,삼성,7,0,strong_consensus,삼성,correct,4개 이상 모델 일치
2026-06-18,20260618LGHT0,LG,KIA,LG,LG,KIA,LG,LG,LG,LG,6,1,strong_consensus,KIA,miss,4개 이상 모델 일치
2026-06-18,20260618KTOB0,KT,두산,KT,KT,KT,KT,KT,두산,KT,6,1,strong_consensus,두산,miss,4개 이상 모델 일치
2026-06-18,20260618HHNC0,한화,NC,NC,NC,한화,NC,NC,NC,NC,6,1,strong_consensus,NC,correct,4개 이상 모델 일치
2026-06-18,20260618WOSS0,키움,삼성,삼성,삼성,삼성,삼성,삼성,삼성,삼성,7,0,strong_consensus,삼성,correct,4개 이상 모델 일치
2026-06-19,20260619HTKT0,KIA,KT,KT,KT,KT,KT,KT,KT,KT,7,0,strong_consensus,KIA,miss,4개 이상 모델 일치
2026-06-19,20260619OBLG0,두산,LG,LG,LG,LG,LG,LG,LG,LG,7,0,strong_consensus,LG,correct,4개 이상 모델 일치
2026-06-19,20260619SKNC0,SSG,NC,NC,NC,NC,NC,NC,NC,NC,7,0,strong_consensus,NC,correct,4개 이상 모델 일치
2026-06-19,20260619LTWO0,롯데,키움,키움,키움,키움,롯데,롯데,키움,키움,4,3,strong_consensus,롯데,miss,4개 이상 모델 일치
2026-06-20,20260620HTKT0,KIA,KT,KT,KT,KT,KT,KT,KT,KT,7,0,strong_consensus,KT,correct,4개 이상 모델 일치
2026-06-20,20260620OBLG0,두산,LG,LG,LG,LG,LG,LG,LG,LG,7,0,strong_consensus,LG,correct,4개 이상 모델 일치
2026-06-20,20260620SKNC0,SSG,NC,NC,NC,NC,NC,NC,NC,NC,7,0,strong_consensus,SSG,miss,4개 이상 모델 일치
2026-06-20,20260620LTWO0,롯데,키움,롯데,롯데,키움,롯데,롯데,키움,롯데,5,2,strong_consensus,롯데,correct,4개 이상 모델 일치
2026-06-20,20260620SSHH0,삼성,한화,삼성,삼성,한화,삼성,삼성,삼성,삼성,6,1,strong_consensus,한화,miss,4개 이상 모델 일치
2026-06-21,20260621HTKT0,KIA,KT,KT,KT,KT,KT,KT,KT,KT,7,0,strong_consensus,KIA,miss,4개 이상 모델 일치
2026-06-21,20260621OBLG0,두산,LG,LG,LG,LG,LG,LG,LG,LG,7,0,strong_consensus,LG,correct,4개 이상 모델 일치
2026-06-21,20260621SKNC0,SSG,NC,NC,NC,NC,NC,NC,NC,NC,7,0,strong_consensus,SSG,miss,4개 이상 모델 일치
2026-06-21,20260621LTWO0,롯데,키움,롯데,키움,롯데,롯데,롯데,롯데,롯데,6,1,strong_consensus,롯데,correct,4개 이상 모델 일치
2026-06-21,20260621SSHH0,삼성,한화,삼성,삼성,한화,한화,삼성,삼성,삼성,4,3,strong_consensus,삼성,correct,4개 이상 모델 일치
2026-06-23,20260623HTWO0,KIA,키움,KIA,KIA,KIA,KIA,KIA,KIA,KIA,7,0,strong_consensus,KIA,correct,4개 이상 모델 일치
2026-06-23,20260623SKKT0,SSG,KT,KT,KT,KT,KT,KT,KT,KT,7,0,strong_consensus,KT,correct,4개 이상 모델 일치
2026-06-23,20260623SSLG0,삼성,LG,LG,LG,LG,LG,LG,LG,LG,7,0,strong_consensus,LG,correct,4개 이상 모델 일치
2026-06-23,20260623NCLT0,NC,롯데,NC,NC,롯데,롯데,롯데,롯데,롯데,5,2,strong_consensus,롯데,correct,4개 이상 모델 일치
2026-06-23,20260623OBHH0,두산,한화,두산,한화,한화,한화,한화,한화,한화,6,1,strong_consensus,한화,correct,4개 이상 모델 일치
2026-06-24,20260624HTWO0,KIA,키움,KIA,KIA,KIA,KIA,KIA,KIA,KIA,7,0,strong_consensus,KIA,correct,4개 이상 모델 일치
2026-06-24,20260624SKKT0,SSG,KT,KT,KT,KT,KT,KT,KT,KT,7,0,strong_consensus,SSG,miss,4개 이상 모델 일치
2026-06-24,20260624SSLG0,삼성,LG,LG,LG,LG,LG,LG,LG,LG,7,0,strong_consensus,LG,correct,4개 이상 모델 일치
2026-06-24,20260624NCLT0,NC,롯데,롯데,NC,롯데,롯데,롯데,롯데,롯데,6,1,strong_consensus,롯데,correct,4개 이상 모델 일치
2026-06-24,20260624OBHH0,두산,한화,두산,한화,한화,한화,한화,한화,한화,6,1,strong_consensus,두산,miss,4개 이상 모델 일치
2026-06-25,20260625HTWO0,KIA,키움,KIA,KIA,KIA,KIA,KIA,KIA,KIA,7,0,strong_consensus,KIA,correct,4개 이상 모델 일치
2026-06-25,20260625SKKT0,SSG,KT,KT,KT,KT,KT,KT,KT,KT,7,0,strong_consensus,KT,correct,4개 이상 모델 일치
2026-06-25,20260625SSLG0,삼성,LG,LG,LG,LG,LG,LG,LG,LG,7,0,strong_consensus,삼성,miss,4개 이상 모델 일치
2026-06-25,20260625NCLT0,NC,롯데,롯데,롯데,롯데,롯데,롯데,롯데,롯데,7,0,strong_consensus,NC,miss,4개 이상 모델 일치
2026-06-25,20260625OBHH0,두산,한화,한화,한화,한화,한화,한화,한화,한화,7,0,strong_consensus,두산,miss,4개 이상 모델 일치
2026-06-26,20260626HTOB0,KIA,두산,두산,KIA,두산,두산,KIA,KIA,두산,4,3,strong_consensus,두산,correct,4개 이상 모델 일치
2026-06-26,20260626KTSS0,KT,삼성,삼성,삼성,삼성,삼성,삼성,삼성,삼성,7,0,strong_consensus,삼성,correct,4개 이상 모델 일치
2026-06-26,20260626LGLT0,LG,롯데,LG,LG,LG,LG,LG,롯데,LG,6,1,strong_consensus,롯데,miss,4개 이상 모델 일치
2026-06-26,20260626WONC0,키움,NC,NC,NC,NC,NC,NC,NC,NC,7,0,strong_consensus,NC,correct,4개 이상 모델 일치
2026-06-26,20260626HHSK0,한화,SSG,한화,한화,SSG,한화,한화,SSG,한화,5,2,strong_consensus,한화,correct,4개 이상 모델 일치
2026-06-27,20260627HTOB0,KIA,두산,KIA,KIA,두산,두산,두산,두산,두산,5,2,strong_consensus,두산,correct,4개 이상 모델 일치
2026-06-27,20260627KTSS0,KT,삼성,삼성,삼성,삼성,삼성,삼성,삼성,삼성,7,0,strong_consensus,삼성,correct,4개 이상 모델 일치
2026-06-27,20260627LGLT0,LG,롯데,LG,LG,LG,LG,LG,롯데,LG,6,1,strong_consensus,LG,correct,4개 이상 모델 일치
2026-06-27,20260627WONC0,키움,NC,NC,NC,NC,NC,NC,NC,NC,7,0,strong_consensus,키움,miss,4개 이상 모델 일치
2026-06-27,20260627HHSK0,한화,SSG,한화,한화,한화,한화,한화,한화,한화,7,0,strong_consensus,한화,correct,4개 이상 모델 일치
2026-06-28,20260628HTOB0,KIA,두산,두산,두산,두산,두산,두산,두산,두산,7,0,strong_consensus,KIA,miss,4개 이상 모델 일치
2026-06-28,20260628KTSS0,KT,삼성,삼성,삼성,삼성,삼성,삼성,삼성,삼성,7,0,strong_consensus,삼성,correct,4개 이상 모델 일치
2026-06-28,20260628LGLT0,LG,롯데,LG,LG,LG,LG,LG,롯데,LG,6,1,strong_consensus,롯데,miss,4개 이상 모델 일치
2026-06-28,20260628WONC0,키움,NC,NC,NC,NC,NC,NC,NC,NC,7,0,strong_consensus,NC,correct,4개 이상 모델 일치
2026-06-28,20260628HHSK0,한화,SSG,한화,한화,한화,한화,한화,한화,한화,7,0,strong_consensus,한화,correct,4개 이상 모델 일치
2026-06-30,20260630SKHT0,SSG,KIA,KIA,KIA,KIA,KIA,KIA,KIA,KIA,7,0,strong_consensus,KIA,correct,4개 이상 모델 일치
2026-06-30,20260630LGWO0,LG,키움,LG,LG,LG,LG,LG,LG,LG,7,0,strong_consensus,키움,miss,4개 이상 모델 일치
2026-06-30,20260630SSNC0,삼성,NC,NC,삼성,삼성,삼성,삼성,NC,삼성,5,2,strong_consensus,삼성,correct,4개 이상 모델 일치
2026-06-30,20260630LTOB0,롯데,두산,두산,두산,두산,두산,두산,두산,두산,7,0,strong_consensus,두산,correct,4개 이상 모델 일치
2026-07-01,20260701KTHH0,KT,한화,KT,KT,한화,한화,한화,한화,한화,5,2,strong_consensus,KT,miss,4개 이상 모델 일치
2026-07-01,20260701LGWO0,LG,키움,LG,LG,LG,LG,LG,LG,LG,7,0,strong_consensus,LG,correct,4개 이상 모델 일치
2026-07-01,20260701SSNC0,삼성,NC,NC,삼성,삼성,삼성,삼성,삼성,삼성,6,1,strong_consensus,NC,miss,4개 이상 모델 일치
2026-07-01,20260701LTOB0,롯데,두산,두산,두산,두산,두산,두산,두산,두산,7,0,strong_consensus,롯데,miss,4개 이상 모델 일치
2026-07-02,20260702SKHT0,SSG,KIA,KIA,KIA,KIA,KIA,KIA,KIA,KIA,7,0,strong_consensus,KIA,correct,4개 이상 모델 일치
2026-07-02,20260702KTHH0,KT,한화,한화,한화,한화,한화,한화,한화,한화,7,0,strong_consensus,한화,correct,4개 이상 모델 일치
2026-07-02,20260702LGWO0,LG,키움,LG,LG,LG,LG,LG,LG,LG,7,0,strong_consensus,LG,correct,4개 이상 모델 일치
2026-07-02,20260702SSNC0,삼성,NC,삼성,삼성,삼성,삼성,삼성,NC,삼성,6,1,strong_consensus,삼성,correct,4개 이상 모델 일치
2026-07-02,20260702LTOB0,롯데,두산,두산,두산,두산,두산,두산,두산,두산,7,0,strong_consensus,두산,correct,4개 이상 모델 일치
2026-07-03,20260703NCHT0,NC,KIA,KIA,KIA,KIA,KIA,KIA,KIA,KIA,7,0,strong_consensus,NC,miss,4개 이상 모델 일치
2026-07-03,20260703LTKT0,롯데,KT,KT,KT,KT,KT,KT,KT,KT,7,0,strong_consensus,롯데,miss,4개 이상 모델 일치
2026-07-03,20260703HHLG0,한화,LG,LG,LG,LG,LG,LG,LG,LG,7,0,strong_consensus,한화,miss,4개 이상 모델 일치
2026-07-03,20260703SSSK0,삼성,SSG,삼성,삼성,삼성,삼성,삼성,삼성,삼성,7,0,strong_consensus,삼성,correct,4개 이상 모델 일치
2026-07-03,20260703OBWO0,두산,키움,두산,두산,두산,두산,두산,두산,두산,7,0,strong_consensus,키움,miss,4개 이상 모델 일치
2026-07-04,20260704NCHT0,NC,KIA,KIA,KIA,KIA,KIA,KIA,KIA,KIA,7,0,strong_consensus,NC,miss,4개 이상 모델 일치
2026-07-04,20260704LTKT0,롯데,KT,KT,KT,KT,KT,KT,KT,KT,7,0,strong_consensus,롯데,miss,4개 이상 모델 일치
2026-07-04,20260704HHLG0,한화,LG,LG,LG,LG,LG,LG,LG,LG,7,0,strong_consensus,LG,correct,4개 이상 모델 일치
2026-07-04,20260704SSSK0,삼성,SSG,삼성,삼성,삼성,삼성,삼성,삼성,삼성,7,0,strong_consensus,삼성,correct,4개 이상 모델 일치
2026-07-04,20260704OBWO0,두산,키움,두산,두산,두산,두산,두산,두산,두산,7,0,strong_consensus,두산,correct,4개 이상 모델 일치
2026-07-05,20260705LTKT0,롯데,KT,KT,KT,KT,KT,롯데,롯데,KT,5,2,strong_consensus,KT,correct,4개 이상 모델 일치
2026-07-05,20260705SSSK0,삼성,SSG,SSG,삼성,삼성,삼성,삼성,삼성,삼성,6,1,strong_consensus,삼성,correct,4개 이상 모델 일치
2026-07-05,20260705OBWO0,두산,키움,두산,두산,두산,두산,두산,두산,두산,7,0,strong_consensus,두산,correct,4개 이상 모델 일치
2026-07-07,20260707HTLT0,KIA,롯데,롯데,KIA,롯데,KIA,KIA,롯데,KIA,4,3,strong_consensus,롯데,miss,4개 이상 모델 일치
2026-07-07,20260707WOKT0,키움,KT,KT,KT,KT,KT,KT,KT,KT,7,0,strong_consensus,KT,correct,4개 이상 모델 일치
2026-07-07,20260707LGSS0,LG,삼성,삼성,삼성,삼성,삼성,삼성,삼성,삼성,7,0,strong_consensus,삼성,correct,4개 이상 모델 일치
2026-07-07,20260707NCHH0,NC,한화,한화,한화,한화,한화,한화,한화,한화,7,0,strong_consensus,NC,miss,4개 이상 모델 일치
2026-07-07,20260707SKOB0,SSG,두산,두산,두산,두산,두산,두산,두산,두산,7,0,strong_consensus,SSG,miss,4개 이상 모델 일치
2026-07-08,20260708HTLT0,KIA,롯데,KIA,KIA,롯데,KIA,KIA,롯데,KIA,5,2,strong_consensus,롯데,miss,4개 이상 모델 일치
2026-07-08,20260708WOKT0,키움,KT,KT,KT,KT,KT,KT,KT,KT,7,0,strong_consensus,KT,correct,4개 이상 모델 일치
2026-07-08,20260708LGSS0,LG,삼성,삼성,삼성,삼성,삼성,삼성,삼성,삼성,7,0,strong_consensus,LG,miss,4개 이상 모델 일치
2026-07-08,20260708SKOB0,SSG,두산,두산,두산,두산,두산,두산,두산,두산,7,0,strong_consensus,두산,correct,4개 이상 모델 일치
2026-07-09,20260709HTLT0,KIA,롯데,롯데,롯데,롯데,롯데,롯데,롯데,롯데,7,0,strong_consensus,KIA,miss,4개 이상 모델 일치
2026-07-09,20260709LGSS0,LG,삼성,삼성,삼성,삼성,삼성,삼성,삼성,삼성,7,0,strong_consensus,삼성,correct,4개 이상 모델 일치
2026-07-09,20260709NCHH0,NC,한화,NC,NC,한화,한화,NC,한화,NC,4,3,strong_consensus,한화,miss,4개 이상 모델 일치
2026-07-09,20260709SKOB0,SSG,두산,두산,두산,두산,두산,두산,두산,두산,7,0,strong_consensus,두산,correct,4개 이상 모델 일치
2026-07-16,20260716HTSK0,KIA,SSG,KIA,KIA,KIA,KIA,KIA,KIA,KIA,7,0,strong_consensus,SSG,miss,4개 이상 모델 일치
2026-07-16,20260716KTLG0,KT,LG,LG,LG,LG,LG,LG,LG,LG,7,0,strong_consensus,KT,miss,4개 이상 모델 일치
2026-07-16,20260716OBNC0,두산,NC,두산,두산,NC,NC,두산,NC,두산,4,3,strong_consensus,NC,miss,4개 이상 모델 일치
2026-07-16,20260716LTSS0,롯데,삼성,삼성,삼성,삼성,삼성,삼성,삼성,삼성,7,0,strong_consensus,삼성,correct,4개 이상 모델 일치
2026-07-16,20260716WOHH0,키움,한화,한화,한화,한화,한화,한화,한화,한화,7,0,strong_consensus,키움,miss,4개 이상 모델 일치
2026-07-17,20260717HTSK0,KIA,SSG,KIA,KIA,KIA,KIA,KIA,KIA,KIA,7,0,strong_consensus,KIA,correct,4개 이상 모델 일치
2026-07-17,20260717KTLG0,KT,LG,LG,LG,LG,LG,LG,LG,LG,7,0,strong_consensus,KT,miss,4개 이상 모델 일치
2026-07-17,20260717OBNC0,두산,NC,두산,NC,NC,NC,NC,NC,NC,6,1,strong_consensus,두산,miss,4개 이상 모델 일치
2026-07-17,20260717WOHH0,키움,한화,한화,한화,한화,한화,한화,한화,한화,7,0,strong_consensus,키움,miss,4개 이상 모델 일치
2026-07-18,20260718HTSK0,KIA,SSG,KIA,KIA,KIA,KIA,KIA,KIA,KIA,7,0,strong_consensus,KIA,correct,4개 이상 모델 일치
2026-07-18,20260718KTLG0,KT,LG,LG,LG,LG,LG,LG,KT,LG,6,1,strong_consensus,KT,miss,4개 이상 모델 일치
2026-07-18,20260718OBNC0,두산,NC,두산,NC,NC,NC,두산,NC,NC,4,3,strong_consensus,두산,miss,4개 이상 모델 일치
2026-07-18,20260718LTSS0,롯데,삼성,삼성,삼성,삼성,삼성,삼성,삼성,삼성,7,0,strong_consensus,삼성,correct,4개 이상 모델 일치
2026-07-18,20260718WOHH0,키움,한화,한화,한화,한화,한화,한화,한화,한화,7,0,strong_consensus,키움,miss,4개 이상 모델 일치
2026-07-19,20260719HTSK0,KIA,SSG,KIA,KIA,KIA,KIA,KIA,KIA,KIA,7,0,strong_consensus,KIA,correct,4개 이상 모델 일치
2026-07-19,20260719KTLG0,KT,LG,KT,KT,LG,LG,KT,KT,KT,5,2,strong_consensus,KT,correct,4개 이상 모델 일치
2026-07-19,20260719OBNC0,두산,NC,두산,두산,NC,NC,두산,두산,두산,5,2,strong_consensus,두산,correct,4개 이상 모델 일치
2026-07-19,20260719LTSS0,롯데,삼성,삼성,삼성,삼성,삼성,삼성,삼성,삼성,7,0,strong_consensus,롯데,miss,4개 이상 모델 일치
2026-07-21,20260721HHHT0,한화,KIA,KIA,KIA,KIA,KIA,KIA,KIA,KIA,7,0,strong_consensus,KIA,correct,4개 이상 모델 일치
2026-07-21,20260721NCLG0,NC,LG,LG,LG,LG,LG,LG,NC,LG,6,1,strong_consensus,NC,miss,4개 이상 모델 일치
2026-07-21,20260721SKLT0,SSG,롯데,롯데,롯데,롯데,롯데,롯데,롯데,롯데,7,0,strong_consensus,롯데,correct,4개 이상 모델 일치
2026-07-21,20260721SSWO0,삼성,키움,삼성,삼성,삼성,삼성,삼성,삼성,삼성,7,0,strong_consensus,삼성,correct,4개 이상 모델 일치
2026-07-22,20260722HHHT0,한화,KIA,KIA,KIA,KIA,KIA,KIA,KIA,KIA,7,0,strong_consensus,한화,miss,4개 이상 모델 일치
2026-07-22,20260722SKLT0,SSG,롯데,롯데,롯데,롯데,롯데,롯데,롯데,롯데,7,0,strong_consensus,SSG,miss,4개 이상 모델 일치
2026-07-22,20260722SSWO0,삼성,키움,삼성,삼성,삼성,삼성,삼성,삼성,삼성,7,0,strong_consensus,키움,miss,4개 이상 모델 일치
2026-07-23,20260723HHHT0,한화,KIA,KIA,KIA,KIA,KIA,KIA,KIA,KIA,7,0,strong_consensus,한화,miss,4개 이상 모델 일치
2026-07-23,20260723NCLG0,NC,LG,LG,LG,LG,LG,NC,NC,LG,5,2,strong_consensus,NC,miss,4개 이상 모델 일치
2026-07-23,20260723SKLT0,SSG,롯데,롯데,롯데,롯데,롯데,롯데,롯데,롯데,7,0,strong_consensus,SSG,miss,4개 이상 모델 일치
2026-07-23,20260723SSWO0,삼성,키움,삼성,삼성,삼성,삼성,삼성,키움,삼성,6,1,strong_consensus,삼성,correct,4개 이상 모델 일치
2026-07-24,20260724WOHT0,키움,KIA,KIA,KIA,KIA,KIA,KIA,KIA,KIA,7,0,strong_consensus,키움,miss,4개 이상 모델 일치
2026-07-24,20260724KTLT0,KT,롯데,KT,KT,롯데,KT,롯데,KT,KT,5,2,strong_consensus,KT,correct,4개 이상 모델 일치
2026-07-24,20260724LGHH0,LG,한화,LG,한화,한화,한화,한화,한화,한화,6,1,strong_consensus,한화,correct,4개 이상 모델 일치
2026-07-24,20260724NCSK0,NC,SSG,NC,NC,NC,NC,NC,NC,NC,7,0,strong_consensus,SSG,miss,4개 이상 모델 일치
2026-07-24,20260724SSOB0,삼성,두산,두산,삼성,두산,삼성,두산,두산,두산,5,2,strong_consensus,삼성,miss,4개 이상 모델 일치
2026-07-25,20260725WOHT0,키움,KIA,KIA,KIA,KIA,KIA,KIA,KIA,KIA,7,0,strong_consensus,KIA,correct,4개 이상 모델 일치
2026-07-25,20260725KTLT0,KT,롯데,KT,롯데,롯데,롯데,롯데,KT,롯데,5,2,strong_consensus,KT,miss,4개 이상 모델 일치
2026-07-25,20260725LGHH0,LG,한화,한화,한화,한화,한화,한화,한화,한화,7,0,strong_consensus,LG,miss,4개 이상 모델 일치
2026-07-25,20260725NCSK0,NC,SSG,NC,NC,SSG,NC,NC,SSG,NC,5,2,strong_consensus,SSG,miss,4개 이상 모델 일치
2026-07-25,20260725SSOB0,삼성,두산,두산,삼성,삼성,삼성,삼성,두산,삼성,5,2,strong_consensus,삼성,correct,4개 이상 모델 일치
2026-07-26,20260726WOHT0,키움,KIA,KIA,KIA,KIA,KIA,KIA,KIA,KIA,7,0,strong_consensus,키움,miss,4개 이상 모델 일치
2026-07-26,20260726KTLT0,KT,롯데,KT,KT,롯데,KT,KT,KT,KT,6,1,strong_consensus,롯데,miss,4개 이상 모델 일치
2026-07-26,20260726LGHH0,LG,한화,LG,한화,한화,한화,한화,한화,한화,6,1,strong_consensus,한화,correct,4개 이상 모델 일치
2026-07-26,20260726SSOB0,삼성,두산,두산,두산,삼성,삼성,삼성,두산,두산,4,3,strong_consensus,두산,correct,4개 이상 모델 일치
