season,date,game_key,ballpark,away_team,home_team,away_actual_runs,away_expected_runs,away_run_error,home_actual_runs,home_expected_runs,home_run_error,run_mae,actual_total_runs,expected_total_runs,total_run_error,total_abs_error,expected_run_diff,actual_run_diff,home_win_probability,predicted_winner,actual_winner,win_correct,favorite_probability_bucket,over_under_pick,actual_over_under_result,over_under_correct,handicap_pick,handicap_correct,season_phase
2024,2024-05-15,20240515NCHH0,한밭,NC,한화,16.0,5.6087,-10.3913,1.0,4.6606,3.6606,7.026,17.0,10.2694,-6.7306,6.7306,-0.9481,-15.0,0.3584,NC,NC,True,60~65%,오버,오버,True,한화 +2.5,0.0,시즌 초반
2024,2024-05-15,20240515OBHT0,광주,두산,KIA,4.0,5.0832,1.0832,8.0,5.6901,-2.3099,1.6966,12.0,10.7733,-1.2267,1.2267,0.6069,4.0,0.6442,KIA,KIA,True,60~65%,오버,오버,True,두산 +2.5,0.0,시즌 초반
2024,2024-05-16,20240516LTKT0,수원,롯데,KT,2.0,5.2805,3.2805,0.0,5.3226,5.3226,4.3015,2.0,10.603,8.603,8.603,0.0421,-2.0,0.5415,KT,롯데,False,50~55%,오버,언더,False,관망,,시즌 초반
2024,2024-05-16,20240516NCHH0,한밭,NC,한화,4.0,5.7857,1.7857,3.0,4.8189,1.8189,1.8023,7.0,10.6046,3.6046,3.6046,-0.9668,-1.0,0.3551,NC,NC,True,60~65%,오버,언더,False,한화 +2.5,1.0,시즌 초반
2024,2024-05-16,20240516SSSK0,문학,삼성,SSG,12.0,5.4081,-6.5919,4.0,4.9596,0.9596,3.7758,16.0,10.3677,-5.6323,5.6323,-0.4485,-8.0,0.4491,삼성,삼성,True,55~60%,오버,오버,True,관망,,시즌 초반
2024,2024-05-16,20240516WOLG0,잠실,키움,LG,6.0,4.7174,-1.2826,5.0,5.2419,0.2419,0.7622,11.0,9.9593,-1.0407,1.0407,0.5245,-1.0,0.6298,LG,키움,False,60~65%,오버,오버,True,키움 +2.5,1.0,시즌 초반
2024,2024-05-17,20240517HHSS0,대구,한화,삼성,5.0,4.4545,-0.5455,7.0,5.5613,-1.4387,0.9921,12.0,10.0158,-1.9842,1.9842,1.1068,2.0,0.7254,삼성,삼성,True,65% 이상,오버,오버,True,한화 +2.5,1.0,시즌 초반
2024,2024-05-17,20240517HTNC0,창원,KIA,NC,7.0,5.1392,-1.8608,4.0,5.1765,1.1765,1.5187,11.0,10.3157,-0.6843,0.6843,0.0373,-3.0,0.5406,NC,KIA,False,50~55%,오버,오버,True,관망,,시즌 초반
2024,2024-05-17,20240517LGKT0,수원,LG,KT,13.0,5.2053,-7.7947,5.0,4.9346,-0.0654,3.93,18.0,10.1399,-7.8601,7.8601,-0.2706,-8.0,0.4825,LG,LG,True,50~55%,오버,오버,True,관망,,시즌 초반
2024,2024-05-17,20240517LTOB0,잠실,롯데,두산,5.0,4.4781,-0.5219,1.0,5.3769,4.3769,2.4494,6.0,9.855,3.855,3.855,0.8989,-4.0,0.693,두산,롯데,False,65% 이상,오버,언더,False,롯데 +2.5,1.0,시즌 초반
2024,2024-05-17,20240517SKWO0,고척,SSG,키움,5.0,5.2606,0.2606,4.0,5.3779,1.3779,0.8192,9.0,10.6385,1.6385,1.6385,0.1173,-1.0,0.5556,키움,SSG,False,55~60%,오버,오버,True,관망,,시즌 초반
2024,2024-05-18,20240518HHSS0,대구,한화,삼성,8.0,4.48,-3.52,9.0,5.4783,-3.5217,3.5209,17.0,9.9582,-7.0418,7.0418,0.9983,1.0,0.7088,삼성,삼성,True,65% 이상,오버,오버,True,한화 +2.5,1.0,시즌 초반
2024,2024-05-18,20240518HTNC0,창원,KIA,NC,7.0,5.049,-1.951,2.0,5.2049,3.2049,2.5779,9.0,10.2539,1.2539,1.2539,0.1559,-5.0,0.5628,NC,KIA,False,55~60%,오버,오버,True,관망,,시즌 초반
2024,2024-05-18,20240518LGKT0,수원,LG,KT,7.0,5.3911,-1.6089,6.0,5.6022,-0.3978,1.0033,13.0,10.9933,-2.0067,2.0067,0.2111,-1.0,0.573,KT,LG,False,55~60%,오버,오버,True,관망,,시즌 초반
2024,2024-05-18,20240518LTOB0,잠실,롯데,두산,3.0,4.5862,1.5862,8.0,5.3153,-2.6847,2.1355,11.0,9.9015,-1.0985,1.0985,0.7291,5.0,0.6651,두산,두산,True,65% 이상,오버,오버,True,롯데 +2.5,0.0,시즌 초반
2024,2024-05-18,20240518SKWO0,고척,SSG,키움,3.0,5.2639,2.2639,0.0,5.2477,5.2477,3.7558,3.0,10.5116,7.5116,7.5116,-0.0162,-3.0,0.5306,키움,SSG,False,50~55%,오버,언더,False,관망,,시즌 초반
2024,2024-05-19,20240519HHSS0,대구,한화,삼성,12.0,5.125,-6.875,2.0,6.5618,4.5618,5.7184,14.0,11.6869,-2.3131,2.3131,1.4368,-10.0,0.7723,삼성,한화,False,65% 이상,오버,오버,True,한화 +2.5,1.0,시즌 초반
2024,2024-05-19,20240519HTNC0,창원,KIA,NC,2.0,5.0408,3.0408,1.0,5.1516,4.1516,3.5962,3.0,10.1925,7.1925,7.1925,0.1108,-1.0,0.5544,NC,KIA,False,55~60%,오버,언더,False,관망,,시즌 초반
2024,2024-05-19,20240519LGKT0,수원,LG,KT,4.0,5.4678,1.4678,10.0,5.3496,-4.6504,3.0591,14.0,10.8174,-3.1826,3.1826,-0.1181,6.0,0.5113,KT,KT,True,50~55%,오버,오버,True,관망,,시즌 초반
2024,2024-05-19,20240519SKWO0,고척,SSG,키움,3.0,5.1926,2.1926,10.0,5.0275,-4.9725,3.5826,13.0,10.2201,-2.7799,2.7799,-0.1651,7.0,0.5024,키움,키움,True,50~55%,오버,오버,True,관망,,시즌 초반
2024,2024-05-21,20240521HTLT0,사직,KIA,롯데,1.0,5.3059,4.3059,6.0,4.5297,-1.4703,2.8881,7.0,9.8356,2.8356,2.8356,-0.7762,5.0,0.3888,KIA,롯데,False,60~65%,오버,언더,False,롯데 +2.5,1.0,시즌 초반
2024,2024-05-21,20240521KTSS0,대구,KT,삼성,8.0,5.3906,-2.6094,5.0,5.8727,0.8727,1.741,13.0,11.2632,-1.7368,1.7368,0.4821,-3.0,0.6223,삼성,KT,False,60~65%,오버,오버,True,관망,,시즌 초반
2024,2024-05-21,20240521LGHH0,한밭,LG,한화,4.0,6.276,2.276,8.0,4.9697,-3.0303,2.6532,12.0,11.2457,-0.7543,0.7543,-1.3063,4.0,0.2987,LG,한화,False,65% 이상,오버,오버,True,한화 +2.5,1.0,시즌 초반
2024,2024-05-21,20240521NCWO0,고척,NC,키움,5.0,5.4252,0.4252,3.0,4.6256,1.6256,1.0254,8.0,10.0508,2.0508,2.0508,-0.7995,-2.0,0.3846,NC,NC,True,60~65%,오버,언더,False,키움 +2.5,1.0,시즌 초반
2024,2024-05-21,20240521SKOB0,잠실,SSG,두산,6.0,4.6843,-1.3157,8.0,5.1961,-2.8039,2.0598,14.0,9.8804,-4.1196,4.1196,0.5118,2.0,0.6275,두산,두산,True,60~65%,오버,오버,True,SSG +2.5,1.0,시즌 초반
2024,2024-05-22,20240522HTLT0,사직,KIA,롯데,2.0,5.4209,3.4209,4.0,4.5362,0.5362,1.9785,6.0,9.9571,3.9571,3.9571,-0.8848,2.0,0.3695,KIA,롯데,False,60~65%,오버,언더,False,롯데 +2.5,1.0,시즌 초반
2024,2024-05-22,20240522KTSS0,대구,KT,삼성,1.0,5.3313,4.3313,3.0,5.9902,2.9902,3.6607,4.0,11.3214,7.3214,7.3214,0.6589,2.0,0.6532,삼성,삼성,True,65% 이상,오버,언더,False,KT +2.5,1.0,시즌 초반
2024,2024-05-22,20240522LGHH0,한밭,LG,한화,5.0,5.5854,0.5854,7.0,4.999,-2.001,1.2932,12.0,10.5843,-1.4157,1.4157,-0.5864,2.0,0.4234,LG,한화,False,55~60%,오버,오버,True,한화 +2.5,1.0,시즌 초반
2024,2024-05-22,20240522NCWO0,고척,NC,키움,4.0,5.4718,1.4718,3.0,4.4523,1.4523,1.4621,7.0,9.9241,2.9241,2.9241,-1.0195,-1.0,0.3461,NC,NC,True,65% 이상,오버,언더,False,키움 +2.5,1.0,시즌 초반
2024,2024-05-22,20240522SKOB0,잠실,SSG,두산,1.0,4.9821,3.9821,3.0,5.9808,2.9808,3.4814,4.0,10.9629,6.9629,6.9629,0.9987,2.0,0.7089,두산,두산,True,65% 이상,오버,언더,False,SSG +2.5,1.0,시즌 초반
2024,2024-05-23,20240523HTLT0,사직,KIA,롯데,6.0,5.492,-0.508,10.0,4.5362,-5.4638,2.9859,16.0,10.0281,-5.9719,5.9719,-0.9558,4.0,0.3571,KIA,롯데,False,60~65%,오버,오버,True,롯데 +2.5,1.0,시즌 초반
2024,2024-05-23,20240523KTSS0,대구,KT,삼성,9.0,5.5839,-3.4161,2.0,6.0583,4.0583,3.7372,11.0,11.6422,0.6422,0.6422,0.4745,-7.0,0.6209,삼성,KT,False,60~65%,오버,오버,True,관망,,시즌 초반
2024,2024-05-23,20240523LGHH0,한밭,LG,한화,8.0,5.715,-2.285,4.0,4.9756,0.9756,1.6303,12.0,10.6906,-1.3094,1.3094,-0.7394,-4.0,0.3954,LG,LG,True,60~65%,오버,오버,True,한화 +2.5,0.0,시즌 초반
2024,2024-05-23,20240523NCWO0,고척,NC,키움,4.0,5.4296,1.4296,6.0,4.4523,-1.5477,1.4887,10.0,9.8819,-0.1181,0.1181,-0.9773,2.0,0.3533,NC,키움,False,60~65%,오버,오버,True,키움 +2.5,1.0,시즌 초반
2024,2024-05-23,20240523SKOB0,잠실,SSG,두산,3.0,5.0091,2.0091,10.0,5.3604,-4.6396,3.3243,13.0,10.3696,-2.6304,2.6304,0.3513,7.0,0.5988,두산,두산,True,55~60%,오버,오버,True,관망,,시즌 초반
2024,2024-05-24,20240524HHSK0,문학,한화,SSG,7.0,5.6586,-1.3414,5.0,5.6316,0.6316,0.9865,12.0,11.2902,-0.7098,0.7098,-0.0269,-2.0,0.5285,SSG,한화,False,50~55%,오버,오버,True,관망,,시즌 초반
2024,2024-05-24,20240524NCLG0,잠실,NC,LG,4.0,5.2785,1.2785,11.0,4.905,-6.095,3.6867,15.0,10.1836,-4.8164,4.8164,-0.3735,7.0,0.4631,NC,LG,False,50~55%,오버,오버,True,관망,,시즌 초반
2024,2024-05-24,20240524OBHT0,광주,두산,KIA,7.0,5.1435,-1.8565,5.0,5.2968,0.2968,1.0767,12.0,10.4403,-1.5597,1.5597,0.1534,-2.0,0.5623,KIA,두산,False,55~60%,오버,오버,True,관망,,시즌 초반
2024,2024-05-24,20240524SSLT0,사직,삼성,롯데,11.0,5.3516,-5.6484,5.0,4.7065,-0.2935,2.971,16.0,10.0581,-5.9419,5.9419,-0.6451,-6.0,0.4126,삼성,삼성,True,55~60%,오버,오버,True,롯데 +2.5,0.0,시즌 초반
2024,2024-05-24,20240524WOKT0,수원,키움,KT,4.0,5.1447,1.1447,5.0,5.4505,0.4505,0.7976,9.0,10.5952,1.5952,1.5952,0.3058,1.0,0.5905,KT,KT,True,55~60%,오버,오버,True,관망,,시즌 초반
2024,2024-05-25,20240525HHSK0,문학,한화,SSG,4.0,5.641,1.641,2.0,5.6404,3.6404,2.6407,6.0,11.2814,5.2814,5.2814,-0.0005,-2.0,0.5335,SSG,한화,False,50~55%,오버,언더,False,관망,,시즌 초반
2024,2024-05-25,20240525NCLG0,잠실,NC,LG,6.0,5.3905,-0.6095,10.0,5.1399,-4.8601,2.7348,16.0,10.5304,-5.4696,5.4696,-0.2505,4.0,0.4863,NC,LG,False,50~55%,오버,오버,True,관망,,시즌 초반
2024,2024-05-25,20240525OBHT0,광주,두산,KIA,2.0,5.3031,3.3031,6.0,6.0869,0.0869,1.695,8.0,11.39,3.39,3.39,0.7838,4.0,0.6742,KIA,KIA,True,65% 이상,오버,언더,False,두산 +2.5,0.0,시즌 초반
2024,2024-05-25,20240525SSLT0,사직,삼성,롯데,6.0,5.3675,-0.6325,7.0,4.6216,-2.3784,1.5054,13.0,9.9891,-3.0109,3.0109,-0.7459,1.0,0.3943,삼성,롯데,False,60~65%,오버,오버,True,롯데 +2.5,1.0,시즌 초반
2024,2024-05-25,20240525WOKT0,수원,키움,KT,2.0,5.1826,3.1826,5.0,5.4146,0.4146,1.7986,7.0,10.5972,3.5972,3.5972,0.2319,3.0,0.5769,KT,KT,True,55~60%,오버,언더,False,관망,,시즌 초반
2024,2024-05-26,20240526NCLG0,잠실,NC,LG,3.0,5.6181,2.6181,6.0,5.1243,-0.8757,1.7469,9.0,10.7424,1.7424,1.7424,-0.4938,3.0,0.4406,NC,LG,False,55~60%,오버,오버,True,관망,,시즌 초반
2024,2024-05-26,20240526OBHT0,광주,두산,KIA,2.0,5.143,3.143,5.0,5.1714,0.1714,1.6572,7.0,10.3144,3.3144,3.3144,0.0285,3.0,0.539,KIA,KIA,True,50~55%,오버,언더,False,관망,,시즌 초반
2024,2024-05-26,20240526SSLT0,사직,삼성,롯데,1.0,5.4188,4.4188,9.0,4.6942,-4.3058,4.3623,10.0,10.1131,0.1131,0.1131,-0.7246,8.0,0.3981,삼성,롯데,False,60~65%,오버,오버,True,롯데 +2.5,1.0,시즌 초반
2024,2024-05-28,20240528HTNC0,창원,KIA,NC,11.0,5.2182,-5.7818,8.0,5.4073,-2.5927,4.1872,19.0,10.6256,-8.3744,8.3744,0.1891,-3.0,0.569,NC,KIA,False,55~60%,오버,오버,True,관망,,시즌 초반
2024,2024-05-28,20240528KTOB0,잠실,KT,두산,12.0,5.1879,-6.8121,3.0,5.1157,2.1157,4.4639,15.0,10.3036,-4.6964,4.6964,-0.0722,-9.0,0.52,두산,KT,False,50~55%,오버,오버,True,관망,,시즌 초반
2024,2024-05-28,20240528LGSK0,문학,LG,SSG,7.0,5.7628,-1.2372,5.0,5.2227,0.2227,0.7299,12.0,10.9854,-1.0146,1.0146,-0.5401,-2.0,0.432,LG,LG,True,55~60%,오버,오버,True,SSG +2.5,1.0,시즌 초반
2024,2024-05-28,20240528LTHH0,한밭,롯데,한화,3.0,5.1526,2.1526,12.0,5.0049,-6.9951,4.5738,15.0,10.1576,-4.8424,4.8424,-0.1477,9.0,0.5057,한화,한화,True,50~55%,오버,오버,True,관망,,시즌 초반
2024,2024-05-28,20240528WOSS0,대구,키움,삼성,4.0,4.6985,0.6985,3.0,5.3487,2.3487,1.5236,7.0,10.0473,3.0473,3.0473,0.6502,-1.0,0.6517,삼성,키움,False,65% 이상,오버,언더,False,키움 +2.5,1.0,시즌 초반
2024,2024-05-29,20240529HTNC0,창원,KIA,NC,6.0,5.349,-0.651,3.0,5.4568,2.4568,1.5539,9.0,10.8058,1.8058,1.8058,0.1078,-3.0,0.5538,NC,KIA,False,55~60%,오버,오버,True,관망,,시즌 초반
2024,2024-05-29,20240529KTOB0,잠실,KT,두산,6.0,5.1234,-0.8766,12.0,5.3603,-6.6397,3.7581,18.0,10.4838,-7.5162,7.5162,0.2369,6.0,0.5778,두산,두산,True,55~60%,오버,오버,True,관망,,시즌 초반
2024,2024-05-29,20240529LGSK0,문학,LG,SSG,13.0,5.6679,-7.3321,4.0,5.2379,1.2379,4.285,17.0,10.9058,-6.0942,6.0942,-0.43,-9.0,0.4525,LG,LG,True,50~55%,오버,오버,True,관망,,시즌 초반
2024,2024-05-29,20240529LTHH0,한밭,롯데,한화,0.0,5.3683,5.3683,3.0,5.181,2.181,3.7747,3.0,10.5494,7.5494,7.5494,-0.1873,3.0,0.4982,롯데,한화,False,50~55%,오버,언더,False,관망,,시즌 초반
2024,2024-05-29,20240529WOSS0,대구,키움,삼성,11.0,4.6374,-6.3626,5.0,5.2574,0.2574,3.31,16.0,9.8948,-6.1052,6.1052,0.6201,-6.0,0.6465,삼성,키움,False,60~65%,오버,오버,True,키움 +2.5,1.0,시즌 초반
2024,2024-05-30,20240530HTNC0,창원,KIA,NC,11.0,5.2948,-5.7052,2.0,5.4012,3.4012,4.5532,13.0,10.696,-2.304,2.304,0.1065,-9.0,0.5536,NC,KIA,False,55~60%,오버,오버,True,관망,,시즌 초반
2024,2024-05-30,20240530KTOB0,잠실,KT,두산,1.0,5.3286,4.3286,6.0,5.6899,-0.3101,2.3193,7.0,11.0185,4.0185,4.0185,0.3614,5.0,0.6006,두산,두산,True,60~65%,오버,언더,False,관망,,시즌 초반
2024,2024-05-30,20240530LGSK0,문학,LG,SSG,2.0,5.967,3.967,8.0,5.2053,-2.7947,3.3809,10.0,11.1724,1.1724,1.1724,-0.7617,6.0,0.3914,LG,SSG,False,60~65%,오버,오버,True,SSG +2.5,1.0,시즌 초반
2024,2024-05-30,20240530LTHH0,한밭,롯데,한화,0.0,4.8499,4.8499,15.0,5.1664,-9.8336,7.3418,15.0,10.0163,-4.9837,4.9837,0.3165,15.0,0.5924,한화,한화,True,55~60%,오버,오버,True,관망,,시즌 초반
2024,2024-05-30,20240530WOSS0,대구,키움,삼성,2.0,5.221,3.221,4.0,5.218,1.218,2.2195,6.0,10.439,4.439,4.439,-0.0029,2.0,0.5331,삼성,삼성,True,50~55%,오버,언더,False,관망,,시즌 초반
2024,2024-05-31,20240531HHSS0,대구,한화,삼성,6.0,4.8996,-1.1004,8.0,4.8939,-3.1061,2.1032,14.0,9.7936,-4.2064,4.2064,-0.0057,2.0,0.5325,삼성,삼성,True,50~55%,오버,오버,True,관망,,시즌 초반
2024,2024-05-31,20240531KTHT0,광주,KT,KIA,8.0,5.1873,-2.8127,5.0,5.2981,0.2981,1.5554,13.0,10.4854,-2.5146,2.5146,0.1109,-3.0,0.5544,KIA,KT,False,55~60%,오버,오버,True,관망,,시즌 초반
2024,2024-05-31,20240531LGOB0,잠실,LG,두산,6.0,5.1713,-0.8287,3.0,5.254,2.254,1.5413,9.0,10.4253,1.4253,1.4253,0.0827,-3.0,0.5491,두산,LG,False,50~55%,오버,오버,True,관망,,시즌 초반
2024,2024-05-31,20240531NCLT0,사직,NC,롯데,5.0,6.1024,1.1024,13.0,4.5174,-8.4826,4.7925,18.0,10.6198,-7.3802,7.3802,-1.585,8.0,0.2565,NC,롯데,False,65% 이상,오버,오버,True,롯데 +2.5,1.0,시즌 초반
2024,2024-05-31,20240531SKWO0,고척,SSG,키움,4.0,5.0002,1.0002,2.0,5.2627,3.2627,2.1315,6.0,10.2629,4.2629,4.2629,0.2625,-2.0,0.5825,키움,SSG,False,55~60%,오버,언더,False,관망,,시즌 초반
2024,2024-06-01,20240601HHSS0,대구,한화,삼성,4.0,5.1327,1.1327,6.0,4.7374,-1.2626,1.1976,10.0,9.8701,-0.1299,0.1299,-0.3953,2.0,0.459,한화,삼성,False,50~55%,오버,오버,True,관망,,시즌 초반
2024,2024-06-01,20240601KTHT0,광주,KT,KIA,2.0,5.1224,3.1224,4.0,5.3955,1.3955,2.259,6.0,10.5179,4.5179,4.5179,0.2731,2.0,0.5845,KIA,KIA,True,55~60%,오버,언더,False,관망,,시즌 초반
2024,2024-06-01,20240601LGOB0,잠실,LG,두산,8.0,5.1566,-2.8434,5.0,5.3474,0.3474,1.5954,13.0,10.5039,-2.4961,2.4961,0.1908,-3.0,0.5693,두산,LG,False,55~60%,오버,오버,True,관망,,시즌 초반
2024,2024-06-01,20240601NCLT0,사직,NC,롯데,4.0,5.967,1.967,2.0,4.9954,2.9954,2.4812,6.0,10.9624,4.9624,4.9624,-0.9716,-2.0,0.3543,NC,NC,True,60~65%,오버,언더,False,롯데 +2.5,1.0,시즌 초반
2024,2024-06-01,20240601SKWO0,고척,SSG,키움,9.0,4.9983,-4.0017,0.0,5.2959,5.2959,4.6488,9.0,10.2942,1.2942,1.2942,0.2977,-9.0,0.589,키움,SSG,False,55~60%,오버,오버,True,관망,,시즌 초반
2024,2024-06-02,20240602HHSS0,대구,한화,삼성,0.0,5.1988,5.1988,1.0,5.224,4.224,4.7114,1.0,10.4228,9.4228,9.4228,0.0252,1.0,0.5384,삼성,삼성,True,50~55%,오버,언더,False,관망,,시즌 초반
2024,2024-06-02,20240602KTHT0,광주,KT,KIA,11.0,5.1609,-5.8391,3.0,5.4236,2.4236,4.1314,14.0,10.5845,-3.4155,3.4155,0.2627,-8.0,0.5826,KIA,KT,False,55~60%,오버,오버,True,관망,,시즌 초반
2024,2024-06-02,20240602LGOB0,잠실,LG,두산,9.0,5.3696,-3.6304,1.0,5.5657,4.5657,4.0981,10.0,10.9353,0.9353,0.9353,0.1961,-8.0,0.5703,두산,LG,False,55~60%,오버,오버,True,관망,,시즌 초반
2024,2024-06-02,20240602NCLT0,사직,NC,롯데,4.0,5.9346,1.9346,13.0,4.5907,-8.4093,5.1719,17.0,10.5253,-6.4747,6.4747,-1.3438,9.0,0.2928,NC,롯데,False,65% 이상,오버,오버,True,롯데 +2.5,1.0,시즌 초반
2024,2024-06-02,20240602SKWO0,고척,SSG,키움,6.0,5.0647,-0.9353,2.0,5.1792,3.1792,2.0572,8.0,10.2439,2.2439,2.2439,0.1145,-4.0,0.5551,키움,SSG,False,55~60%,오버,언더,False,관망,,시즌 초반
2024,2024-06-04,20240604HHKT0,수원,한화,KT,8.0,5.2301,-2.7699,2.0,5.274,3.274,3.022,10.0,10.5041,0.5041,0.5041,0.044,-6.0,0.5419,KT,한화,False,50~55%,오버,오버,True,관망,,시즌 초반
2024,2024-06-04,20240604LTHT0,광주,롯데,KIA,6.0,4.6285,-1.3715,0.0,5.5965,5.5965,3.484,6.0,10.225,4.225,4.225,0.968,-6.0,0.7041,KIA,롯데,False,65% 이상,오버,언더,False,롯데 +2.5,1.0,시즌 초반
2024,2024-06-04,20240604OBNC0,창원,두산,NC,4.0,6.4871,2.4871,1.0,5.81,4.81,3.6485,5.0,12.2971,7.2971,7.2971,-0.6771,-3.0,0.4068,두산,두산,True,55~60%,오버,언더,False,NC +2.5,0.0,시즌 초반
2024,2024-06-04,20240604SSSK0,문학,삼성,SSG,3.0,5.3209,2.3209,1.0,5.1926,4.1926,3.2568,4.0,10.5135,6.5135,6.5135,-0.1284,-2.0,0.5094,SSG,삼성,False,50~55%,오버,언더,False,관망,,시즌 초반
2024,2024-06-04,20240604WOLG0,잠실,키움,LG,11.0,4.5403,-6.4597,3.0,5.6833,2.6833,4.5715,14.0,10.2236,-3.7764,3.7764,1.143,-8.0,0.7309,LG,키움,False,65% 이상,오버,오버,True,키움 +2.5,1.0,시즌 초반
2024,2024-06-05,20240605HHKT0,수원,한화,KT,12.0,5.2731,-6.7269,2.0,5.2258,3.2258,4.9764,14.0,10.4989,-3.5011,3.5011,-0.0473,-10.0,0.5247,KT,한화,False,50~55%,오버,오버,True,관망,,시즌 초반
2024,2024-06-05,20240605LTHT0,광주,롯데,KIA,9.0,4.6479,-4.3521,3.0,5.4619,2.4619,3.407,12.0,10.1097,-1.8903,1.8903,0.814,-6.0,0.6792,KIA,롯데,False,65% 이상,오버,오버,True,롯데 +2.5,1.0,시즌 초반
2024,2024-06-05,20240605OBNC0,창원,두산,NC,4.0,5.9656,1.9656,3.0,5.2916,2.2916,2.1286,7.0,11.2572,4.2572,4.2572,-0.674,-1.0,0.4073,두산,두산,True,55~60%,오버,언더,False,NC +2.5,1.0,시즌 초반
2024,2024-06-05,20240605SSSK0,문학,삼성,SSG,3.0,5.2675,2.2675,7.0,4.9765,-2.0235,2.1455,10.0,10.244,0.244,0.244,-0.2909,4.0,0.4787,삼성,SSG,False,50~55%,오버,오버,True,관망,,시즌 초반
2024,2024-06-05,20240605WOLG0,잠실,키움,LG,2.0,4.9087,2.9087,4.0,5.6223,1.6223,2.2655,6.0,10.531,4.531,4.531,0.7136,2.0,0.6625,LG,LG,True,65% 이상,오버,언더,False,키움 +2.5,1.0,시즌 초반
2024,2024-06-06,20240606HHKT0,수원,한화,KT,6.0,5.2376,-0.7624,0.0,5.3977,5.3977,3.0801,6.0,10.6353,4.6353,4.6353,0.1601,-6.0,0.5636,KT,한화,False,55~60%,오버,언더,False,관망,,시즌 초반
2024,2024-06-06,20240606LTHT0,광주,롯데,KIA,4.0,4.9504,0.9504,5.0,5.7816,0.7816,0.866,9.0,10.732,1.732,1.732,0.8313,1.0,0.6821,KIA,KIA,True,65% 이상,오버,오버,True,롯데 +2.5,1.0,시즌 초반
2024,2024-06-06,20240606OBNC0,창원,두산,NC,8.0,5.6309,-2.3691,4.0,5.3375,1.3375,1.8533,12.0,10.9684,-1.0316,1.0316,-0.2935,-4.0,0.4782,두산,두산,True,50~55%,오버,오버,True,관망,,시즌 초반
2024,2024-06-06,20240606SSSK0,문학,삼성,SSG,0.0,5.2412,5.2412,4.0,4.9127,0.9127,3.0769,4.0,10.1539,6.1539,6.1539,-0.3285,4.0,0.4716,삼성,SSG,False,50~55%,오버,언더,False,관망,,시즌 초반
2024,2024-06-06,20240606WOLG0,잠실,키움,LG,4.0,5.0025,1.0025,8.0,5.6067,-2.3933,1.6979,12.0,10.6092,-1.3908,1.3908,0.6042,4.0,0.6437,LG,LG,True,60~65%,오버,오버,True,키움 +2.5,0.0,시즌 초반
2024,2024-06-07,20240607HTOB0,잠실,KIA,두산,5.0,5.4807,0.4807,6.0,5.5191,-0.4809,0.4808,11.0,10.9998,-0.0002,0.0002,0.0384,1.0,0.5408,두산,두산,True,50~55%,오버,오버,True,관망,,시즌 초반
2024,2024-06-07,20240607LGKT0,수원,LG,KT,8.0,5.6173,-2.3827,7.0,5.0261,-1.9739,2.1783,15.0,10.6435,-4.3565,4.3565,-0.5912,-1.0,0.4225,LG,LG,True,55~60%,오버,오버,True,KT +2.5,1.0,시즌 초반
2024,2024-06-07,20240607NCHH0,한밭,NC,한화,6.0,4.7837,-1.2163,2.0,4.9193,2.9193,2.0678,8.0,9.7029,1.7029,1.7029,0.1356,-4.0,0.559,한화,NC,False,55~60%,오버,언더,False,관망,,시즌 초반
2024,2024-06-07,20240607SKLT0,사직,SSG,롯데,7.0,4.9711,-2.0289,11.0,5.3166,-5.6834,3.8562,18.0,10.2877,-7.7123,7.7123,0.3455,4.0,0.5977,롯데,롯데,True,55~60%,오버,오버,True,관망,,시즌 초반
2024,2024-06-07,20240607SSWO0,고척,삼성,키움,5.0,5.1875,0.1875,7.0,4.6547,-2.3453,1.2664,12.0,9.8422,-2.1578,2.1578,-0.5328,2.0,0.4333,삼성,키움,False,55~60%,오버,오버,True,키움 +2.5,1.0,시즌 초반
2024,2024-06-08,20240608HTOB0,잠실,KIA,두산,8.0,5.563,-2.437,9.0,5.3403,-3.6597,3.0484,17.0,10.9033,-6.0967,6.0967,-0.2227,1.0,0.4916,KIA,두산,False,50~55%,오버,오버,True,관망,,시즌 초반
2024,2024-06-08,20240608LGKT0,수원,LG,KT,8.0,5.6251,-2.3749,2.0,5.2059,3.2059,2.7904,10.0,10.831,0.831,0.831,-0.4192,-6.0,0.4545,LG,LG,True,50~55%,오버,오버,True,관망,,시즌 초반
2024,2024-06-08,20240608NCHH0,한밭,NC,한화,4.0,5.0233,1.0233,2.0,5.1314,3.1314,2.0773,6.0,10.1547,4.1547,4.1547,0.1081,-2.0,0.5539,한화,NC,False,55~60%,오버,언더,False,관망,,시즌 초반
2024,2024-06-08,20240608SSWO0,고척,삼성,키움,3.0,5.1108,2.1108,10.0,4.6689,-5.3311,3.721,13.0,9.7797,-3.2203,3.2203,-0.4419,7.0,0.4503,삼성,키움,False,50~55%,오버,오버,True,관망,,시즌 초반
2024,2024-06-09,20240609HTOB0,잠실,KIA,두산,8.0,5.2565,-2.7435,2.0,5.3846,3.3846,3.0641,10.0,10.6411,0.6411,0.6411,0.1281,-6.0,0.5576,두산,KIA,False,55~60%,오버,오버,True,관망,,시즌 초반
2024,2024-06-09,20240609LGKT0,수원,LG,KT,2.0,5.8571,3.8571,11.0,5.29,-5.71,4.7835,13.0,11.1471,-1.8529,1.8529,-0.5671,9.0,0.427,LG,KT,False,55~60%,오버,오버,True,KT +2.5,1.0,시즌 초반
2024,2024-06-09,20240609SKLT1,사직,SSG,롯데,5.0,5.1466,0.1466,1.0,5.3076,4.3076,2.2271,6.0,10.4542,4.4542,4.4542,0.161,-4.0,0.5638,롯데,SSG,False,55~60%,오버,언더,False,관망,,시즌 초반
2024,2024-06-09,20240609SKLT2,사직,SSG,롯데,3.0,5.1466,2.1466,5.0,5.3076,0.3076,1.2271,8.0,10.4542,2.4542,2.4542,0.161,2.0,0.5638,롯데,롯데,True,55~60%,오버,언더,False,관망,,시즌 초반
2024,2024-06-09,20240609SSWO0,고척,삼성,키움,7.0,5.1888,-1.8112,1.0,4.6799,3.6799,2.7456,8.0,9.8686,1.8686,1.8686,-0.5089,-6.0,0.4378,삼성,삼성,True,55~60%,오버,언더,False,키움 +2.5,0.0,시즌 초반
2024,2024-06-11,20240611HHOB0,잠실,한화,두산,6.0,4.9893,-1.0107,1.0,5.0635,4.0635,2.5371,7.0,10.0528,3.0528,3.0528,0.0742,-5.0,0.5476,두산,한화,False,50~55%,오버,언더,False,관망,,시즌 초반
2024,2024-06-11,20240611HTSK0,문학,KIA,SSG,6.0,5.5342,-0.4658,7.0,4.7156,-2.2844,1.3751,13.0,10.2499,-2.7501,2.7501,-0.8186,1.0,0.3812,KIA,SSG,False,60~65%,오버,오버,True,SSG +2.5,1.0,시즌 초반
2024,2024-06-11,20240611KTNC0,창원,KT,NC,6.0,5.346,-0.654,8.0,5.576,-2.424,1.539,14.0,10.922,-3.078,3.078,0.23,2.0,0.5765,NC,NC,True,55~60%,오버,오버,True,관망,,시즌 초반
2024,2024-06-11,20240611LGSS0,대구,LG,삼성,4.0,5.5223,1.5223,6.0,5.0515,-0.9485,1.2354,10.0,10.5738,0.5738,0.5738,-0.4707,2.0,0.4449,LG,삼성,False,55~60%,오버,오버,True,관망,,시즌 초반
2024,2024-06-11,20240611WOLT0,사직,키움,롯데,5.0,4.6893,-0.3107,2.0,5.1817,3.1817,1.7462,7.0,9.871,2.871,2.871,0.4924,-3.0,0.6241,롯데,키움,False,60~65%,오버,언더,False,관망,,시즌 초반
2024,2024-06-12,20240612HHOB0,잠실,한화,두산,4.0,5.0715,1.0715,3.0,5.3358,2.3358,1.7037,7.0,10.4073,3.4073,3.4073,0.2642,-1.0,0.5828,두산,한화,False,55~60%,오버,언더,False,관망,,시즌 초반
2024,2024-06-12,20240612HTSK0,문학,KIA,SSG,13.0,5.4751,-7.5249,7.0,4.7968,-2.2032,4.864,20.0,10.2719,-9.7281,9.7281,-0.6783,-6.0,0.4065,KIA,KIA,True,55~60%,오버,오버,True,SSG +2.5,0.0,시즌 초반
2024,2024-06-12,20240612KTNC0,창원,KT,NC,11.0,5.471,-5.529,8.0,5.6819,-2.3181,3.9235,19.0,11.1529,-7.8471,7.8471,0.2109,-3.0,0.573,NC,KT,False,55~60%,오버,오버,True,관망,,시즌 초반
2024,2024-06-12,20240612LGSS0,대구,LG,삼성,4.0,5.525,1.525,5.0,5.1932,0.1932,0.8591,9.0,10.7182,1.7182,1.7182,-0.3318,1.0,0.471,LG,삼성,False,50~55%,오버,오버,True,관망,,시즌 초반
2024,2024-06-12,20240612WOLT0,사직,키움,롯데,2.0,4.7573,2.7573,9.0,5.1388,-3.8612,3.3093,11.0,9.8961,-1.1039,1.1039,0.3815,7.0,0.6042,롯데,롯데,True,60~65%,오버,오버,True,관망,,시즌 초반
2024,2024-06-13,20240613HHOB0,잠실,한화,두산,6.0,5.134,-0.866,9.0,5.493,-3.507,2.1865,15.0,10.627,-4.373,4.373,0.3591,3.0,0.6002,두산,두산,True,60~65%,오버,오버,True,관망,,시즌 초반
2024,2024-06-13,20240613HTSK0,문학,KIA,SSG,1.0,5.6097,4.6097,7.0,5.1108,-1.8892,3.2494,8.0,10.7205,2.7205,2.7205,-0.4988,6.0,0.4396,KIA,SSG,False,55~60%,오버,언더,False,관망,,시즌 초반
2024,2024-06-13,20240613KTNC0,창원,KT,NC,3.0,5.5293,2.5293,5.0,5.7516,0.7516,1.6404,8.0,11.2808,3.2808,3.2808,0.2223,2.0,0.5751,NC,NC,True,55~60%,오버,언더,False,관망,,시즌 초반
2024,2024-06-13,20240613LGSS0,대구,LG,삼성,3.0,5.5416,2.5416,6.0,5.1264,-0.8736,1.7076,9.0,10.6679,1.6679,1.6679,-0.4152,3.0,0.4553,LG,삼성,False,50~55%,오버,오버,True,관망,,시즌 초반
2024,2024-06-13,20240613WOLT0,사직,키움,롯데,10.0,4.6917,-5.3083,18.0,5.3322,-12.6678,8.9881,28.0,10.0238,-17.9762,17.9762,0.6405,8.0,0.65,롯데,롯데,True,60~65%,오버,오버,True,키움 +2.5,0.0,시즌 초반
2024,2024-06-14,20240614HTKT0,수원,KIA,KT,11.0,6.1797,-4.8203,1.0,5.4982,4.4982,4.6593,12.0,11.6779,-0.3221,0.3221,-0.6814,-10.0,0.406,KIA,KIA,True,55~60%,오버,오버,True,KT +2.5,0.0,시즌 초반
2024,2024-06-14,20240614LTLG0,잠실,롯데,LG,3.0,5.1046,2.1046,5.0,5.6602,0.6602,1.3824,8.0,10.7649,2.7649,2.7649,0.5556,2.0,0.6353,LG,LG,True,60~65%,오버,언더,False,롯데 +2.5,1.0,시즌 초반
2024,2024-06-14,20240614OBWO0,고척,두산,키움,6.0,6.0916,0.0916,4.0,4.5931,0.5931,0.3423,10.0,10.6847,0.6847,0.6847,-1.4986,-2.0,0.2692,두산,두산,True,65% 이상,오버,오버,True,키움 +2.5,1.0,시즌 초반
2024,2024-06-14,20240614SKHH0,한밭,SSG,한화,11.0,4.8961,-6.1039,4.0,5.209,1.209,3.6565,15.0,10.1051,-4.8949,4.8949,0.3129,-7.0,0.5918,한화,SSG,False,55~60%,오버,오버,True,관망,,시즌 초반
2024,2024-06-14,20240614SSNC0,창원,삼성,NC,7.0,5.3246,-1.6754,4.0,5.1779,1.1779,1.4266,11.0,10.5025,-0.4975,0.4975,-0.1467,-3.0,0.5059,NC,삼성,False,50~55%,오버,오버,True,관망,,시즌 초반
2024,2024-06-15,20240615HTKT0,수원,KIA,KT,2.0,5.644,3.644,1.0,5.4242,4.4242,4.0341,3.0,11.0683,8.0683,8.0683,-0.2198,-1.0,0.4921,KIA,KIA,True,50~55%,오버,언더,False,관망,,시즌 초반
2024,2024-06-15,20240615LTLG0,잠실,롯데,LG,9.0,5.1927,-3.8073,8.0,5.9588,-2.0412,2.9242,17.0,11.1515,-5.8485,5.8485,0.7661,-1.0,0.6713,LG,롯데,False,65% 이상,오버,오버,True,롯데 +2.5,1.0,시즌 초반
2024,2024-06-15,20240615OBWO0,고척,두산,키움,4.0,5.589,1.589,1.0,4.7066,3.7066,2.6478,5.0,10.2956,5.2956,5.2956,-0.8825,-3.0,0.3699,두산,두산,True,60~65%,오버,언더,False,키움 +2.5,0.0,시즌 초반
2024,2024-06-15,20240615SKHH0,한밭,SSG,한화,9.0,4.9336,-4.0664,1.0,5.2418,4.2418,4.1541,10.0,10.1754,0.1754,0.1754,0.3082,-8.0,0.5909,한화,SSG,False,55~60%,오버,오버,True,관망,,시즌 초반
2024,2024-06-15,20240615SSNC0,창원,삼성,NC,4.0,5.4318,1.4318,6.0,5.0323,-0.9677,1.1998,10.0,10.4641,0.4641,0.4641,-0.3995,2.0,0.4582,삼성,NC,False,50~55%,오버,오버,True,관망,,시즌 초반
2024,2024-06-16,20240616HTKT0,수원,KIA,KT,3.0,5.534,2.534,1.0,5.1284,4.1284,3.3312,4.0,10.6624,6.6624,6.6624,-0.4057,-2.0,0.4571,KIA,KIA,True,50~55%,오버,언더,False,관망,,시즌 초반
2024,2024-06-16,20240616LTLG0,잠실,롯데,LG,8.0,5.2109,-2.7891,9.0,5.6125,-3.3875,3.0883,17.0,10.8234,-6.1766,6.1766,0.4015,1.0,0.6079,LG,LG,True,60~65%,오버,오버,True,관망,,시즌 초반
2024,2024-06-16,20240616OBWO0,고척,두산,키움,2.0,5.4555,3.4555,8.0,4.6158,-3.3842,3.4199,10.0,10.0713,0.0713,0.0713,-0.8398,6.0,0.3774,두산,키움,False,60~65%,오버,오버,True,키움 +2.5,1.0,시즌 초반
2024,2024-06-16,20240616SKHH0,한밭,SSG,한화,1.0,5.0961,4.0961,4.0,5.3041,1.3041,2.7001,5.0,10.4003,5.4003,5.4003,0.208,3.0,0.5725,한화,한화,True,55~60%,오버,언더,False,관망,,시즌 초반
2024,2024-06-16,20240616SSNC0,창원,삼성,NC,4.0,5.2786,1.2786,5.0,5.2322,0.2322,0.7554,9.0,10.5108,1.5108,1.5108,-0.0465,1.0,0.5249,NC,NC,True,50~55%,오버,오버,True,관망,,시즌 초반
2024,2024-06-18,20240618LGHT0,광주,LG,KIA,4.0,5.0605,1.0605,11.0,5.2786,-5.7214,3.3909,15.0,10.3391,-4.6609,4.6609,0.2182,7.0,0.5744,KIA,KIA,True,55~60%,오버,오버,True,관망,,시즌 초반
2024,2024-06-18,20240618LTKT0,수원,롯데,KT,4.0,5.7427,1.7427,6.0,5.4502,-0.5498,1.1463,10.0,11.1929,1.1929,1.1929,-0.2925,2.0,0.4784,롯데,KT,False,50~55%,오버,오버,True,관망,,시즌 초반
2024,2024-06-18,20240618NCOB0,잠실,NC,두산,2.0,5.0171,3.0171,6.0,5.3145,-0.6855,1.8513,8.0,10.3315,2.3315,2.3315,0.2974,4.0,0.5889,두산,두산,True,55~60%,오버,언더,False,관망,,시즌 초반
2024,2024-06-18,20240618SKSS0,대구,SSG,삼성,8.0,4.9601,-3.0399,3.0,5.2677,2.2677,2.6538,11.0,10.2278,-0.7722,0.7722,0.3076,-5.0,0.5908,삼성,SSG,False,55~60%,오버,오버,True,관망,,시즌 초반
2024,2024-06-18,20240618WOHH0,청주,키움,한화,0.0,4.706,4.706,3.0,5.8857,2.8857,3.7958,3.0,10.5917,7.5917,7.5917,1.1796,3.0,0.7363,한화,한화,True,65% 이상,오버,언더,False,키움 +2.5,0.0,시즌 초반
2024,2024-06-19,20240619LGHT0,광주,LG,KIA,7.0,5.333,-1.667,5.0,5.3174,0.3174,0.9922,12.0,10.6504,-1.3496,1.3496,-0.0156,-2.0,0.5307,KIA,LG,False,50~55%,오버,오버,True,관망,,시즌 초반
2024,2024-06-19,20240619LTKT0,수원,롯데,KT,13.0,5.7135,-7.2865,5.0,5.5945,0.5945,3.9405,18.0,11.3079,-6.6921,6.6921,-0.119,-8.0,0.5112,KT,롯데,False,50~55%,오버,오버,True,관망,,시즌 초반
2024,2024-06-19,20240619NCOB0,잠실,NC,두산,7.0,5.0401,-1.9599,5.0,5.2283,0.2283,1.0941,12.0,10.2685,-1.7315,1.7315,0.1882,-2.0,0.5688,두산,NC,False,55~60%,오버,오버,True,관망,,시즌 초반
2024,2024-06-19,20240619SKSS0,대구,SSG,삼성,2.0,4.9327,2.9327,13.0,5.1999,-7.8001,5.3664,15.0,10.1327,-4.8673,4.8673,0.2672,11.0,0.5834,삼성,삼성,True,55~60%,오버,오버,True,관망,,시즌 초반
2024,2024-06-19,20240619WOHH0,청주,키움,한화,11.0,4.6718,-6.3282,14.0,5.9784,-8.0216,7.1749,25.0,10.6503,-14.3497,14.3497,1.3066,3.0,0.7545,한화,한화,True,65% 이상,오버,오버,True,키움 +2.5,0.0,시즌 초반
2024,2024-06-20,20240620LGHT0,광주,LG,KIA,5.0,5.333,0.333,6.0,5.3908,-0.6092,0.4711,11.0,10.7239,-0.2761,0.2761,0.0578,1.0,0.5445,KIA,KIA,True,50~55%,오버,오버,True,관망,,시즌 초반
2024,2024-06-20,20240620LTKT0,수원,롯데,KT,6.0,5.8458,-0.1542,7.0,5.4665,-1.5335,0.8438,13.0,11.3123,-1.6877,1.6877,-0.3793,1.0,0.462,롯데,KT,False,50~55%,오버,오버,True,관망,,시즌 초반
2024,2024-06-20,20240620NCOB0,잠실,NC,두산,0.0,5.0466,5.0466,2.0,5.3911,3.3911,4.2188,2.0,10.4376,8.4376,8.4376,0.3445,2.0,0.5975,두산,두산,True,55~60%,오버,언더,False,관망,,시즌 초반
2024,2024-06-20,20240620SKSS0,대구,SSG,삼성,0.0,5.0904,5.0904,4.0,5.309,1.309,3.1997,4.0,10.3994,6.3994,6.3994,0.2186,4.0,0.5744,삼성,삼성,True,55~60%,오버,언더,False,관망,,시즌 초반
2024,2024-06-20,20240620WOHH0,청주,키움,한화,7.0,4.6442,-2.3558,0.0,6.1359,6.1359,4.2459,7.0,10.7801,3.7801,3.7801,1.4917,-7.0,0.7795,한화,키움,False,65% 이상,오버,언더,False,키움 +2.5,1.0,시즌 초반
2024,2024-06-21,20240621HHHT0,광주,한화,KIA,3.0,4.9545,1.9545,8.0,5.3082,-2.6918,2.3231,11.0,10.2627,-0.7373,0.7373,0.3537,5.0,0.5992,KIA,KIA,True,55~60%,오버,오버,True,관망,,시즌 초반
2024,2024-06-21,20240621KTLG0,잠실,KT,LG,3.0,5.2845,2.2845,2.0,5.9104,3.9104,3.0974,5.0,11.1949,6.1949,6.1949,0.6259,-1.0,0.6475,LG,KT,False,60~65%,오버,언더,False,KT +2.5,1.0,시즌 초반
2024,2024-06-21,20240621LTWO0,고척,롯데,키움,2.0,5.9191,3.9191,5.0,4.6625,-0.3375,2.1283,7.0,10.5817,3.5817,3.5817,-1.2566,3.0,0.3067,롯데,키움,False,65% 이상,오버,언더,False,키움 +2.5,1.0,시즌 초반
2024,2024-06-21,20240621NCSK0,문학,NC,SSG,3.0,5.2597,2.2597,2.0,5.0744,3.0744,2.667,5.0,10.334,5.334,5.334,-0.1853,-1.0,0.4986,NC,NC,True,50~55%,오버,언더,False,관망,,시즌 초반
2024,2024-06-21,20240621OBSS0,대구,두산,삼성,4.0,5.127,1.127,7.0,5.1423,-1.8577,1.4923,11.0,10.2693,-0.7307,0.7307,0.0153,3.0,0.5365,삼성,삼성,True,50~55%,오버,오버,True,관망,,시즌 초반
2024,2024-06-22,20240622LTWO0,고척,롯데,키움,6.0,5.7585,-0.2415,1.0,4.9288,3.9288,2.0851,7.0,10.6872,3.6872,3.6872,-0.8297,-5.0,0.3792,롯데,롯데,True,60~65%,오버,언더,False,키움 +2.5,0.0,시즌 초반
2024,2024-06-22,20240622NCSK0,문학,NC,SSG,4.0,5.2891,1.2891,12.0,4.9887,-7.0113,4.1502,16.0,10.2778,-5.7222,5.7222,-0.3004,8.0,0.4769,NC,SSG,False,50~55%,오버,오버,True,관망,,시즌 초반
2024,2024-06-23,20240623HHHT1,광주,한화,KIA,9.0,4.9545,-4.0455,8.0,5.4393,-2.5607,3.3031,17.0,10.3937,-6.6063,6.6063,0.4848,-1.0,0.6228,KIA,한화,False,60~65%,오버,오버,True,관망,,시즌 초반
2024,2024-06-23,20240623HHHT2,광주,한화,KIA,1.0,4.9545,3.9545,4.0,5.4393,1.4393,2.6969,5.0,10.3937,5.3937,5.3937,0.4848,3.0,0.6228,KIA,KIA,True,60~65%,오버,언더,False,관망,,시즌 초반
2024,2024-06-23,20240623KTLG1,잠실,KT,LG,2.0,5.4957,3.4957,7.0,5.9346,-1.0654,2.2805,9.0,11.4303,2.4303,2.4303,0.4389,5.0,0.6146,LG,LG,True,60~65%,오버,오버,True,관망,,시즌 초반
2024,2024-06-23,20240623KTLG2,잠실,KT,LG,4.0,5.4957,1.4957,3.0,5.9346,2.9346,2.2152,7.0,11.4303,4.4303,4.4303,0.4389,-1.0,0.6146,LG,KT,False,60~65%,오버,언더,False,관망,,시즌 초반
2024,2024-06-23,20240623LTWO0,고척,롯데,키움,10.0,6.0385,-3.9615,2.0,4.7602,2.7602,3.3608,12.0,10.7987,-1.2013,1.2013,-1.2784,-8.0,0.3032,롯데,롯데,True,65% 이상,오버,오버,True,키움 +2.5,0.0,시즌 초반
2024,2024-06-23,20240623NCSK0,문학,NC,SSG,18.0,5.2872,-12.7128,6.0,5.2691,-0.7309,6.7218,24.0,10.5563,-13.4437,13.4437,-0.0181,-12.0,0.5302,SSG,NC,False,50~55%,오버,오버,True,관망,,시즌 초반
2024,2024-06-23,20240623OBSS1,대구,두산,삼성,4.0,5.2336,1.2336,7.0,5.1856,-1.8144,1.524,11.0,10.4192,-0.5808,0.5808,-0.048,3.0,0.5246,삼성,삼성,True,50~55%,오버,오버,True,관망,,시즌 초반
2024,2024-06-23,20240623OBSS2,대구,두산,삼성,4.0,5.2336,1.2336,10.0,5.1856,-4.8144,3.024,14.0,10.4192,-3.5808,3.5808,-0.048,6.0,0.5246,삼성,삼성,True,50~55%,오버,오버,True,관망,,시즌 초반
2024,2024-06-25,20240625KTSK0,문학,KT,SSG,6.0,5.5754,-0.4246,1.0,5.625,4.625,2.5248,7.0,11.2004,4.2004,4.2004,0.0496,-5.0,0.5429,SSG,KT,False,50~55%,오버,언더,False,관망,,시즌 중반
2024,2024-06-25,20240625NCWO0,고척,NC,키움,5.0,5.6901,0.6901,6.0,4.6241,-1.3759,1.033,11.0,10.3142,-0.6858,0.6858,-1.0659,1.0,0.3382,NC,키움,False,65% 이상,오버,오버,True,키움 +2.5,1.0,시즌 중반
2024,2024-06-25,20240625OBHH0,한밭,두산,한화,4.0,5.6905,1.6905,5.0,5.0318,0.0318,0.8612,9.0,10.7223,1.7223,1.7223,-0.6587,1.0,0.4101,두산,한화,False,55~60%,오버,오버,True,한화 +2.5,1.0,시즌 중반
2024,2024-06-25,20240625SSLG0,잠실,삼성,LG,0.0,5.3444,5.3444,4.0,5.3386,1.3386,3.3415,4.0,10.683,6.683,6.683,-0.0058,4.0,0.5325,LG,LG,True,50~55%,오버,언더,False,관망,,시즌 중반
2024,2024-06-26,20240626HTLT0,사직,KIA,롯데,4.0,5.2072,1.2072,6.0,4.9059,-1.0941,1.1506,10.0,10.1131,0.1131,0.1131,-0.3013,2.0,0.4767,KIA,롯데,False,50~55%,오버,오버,True,관망,,시즌 중반
2024,2024-06-26,20240626KTSK0,문학,KT,SSG,5.0,5.3418,0.3418,10.0,5.4319,-4.5681,2.4549,15.0,10.7737,-4.2263,4.2263,0.0901,5.0,0.5505,SSG,SSG,True,55~60%,오버,오버,True,관망,,시즌 중반
2024,2024-06-26,20240626NCWO0,고척,NC,키움,7.0,5.457,-1.543,10.0,4.7168,-5.2832,3.4131,17.0,10.1738,-6.8262,6.8262,-0.7402,3.0,0.3953,NC,키움,False,60~65%,오버,오버,True,키움 +2.5,1.0,시즌 중반
2024,2024-06-26,20240626OBHH0,한밭,두산,한화,15.0,5.5763,-9.4237,8.0,5.0318,-2.9682,6.196,23.0,10.608,-12.392,12.392,-0.5445,-7.0,0.4312,두산,두산,True,55~60%,오버,오버,True,한화 +2.5,0.0,시즌 중반
2024,2024-06-26,20240626SSLG0,잠실,삼성,LG,1.0,5.0843,4.0843,2.0,5.3529,3.3529,3.7186,3.0,10.4372,7.4372,7.4372,0.2686,1.0,0.5837,LG,LG,True,55~60%,오버,언더,False,관망,,시즌 중반
2024,2024-06-27,20240627HTLT0,사직,KIA,롯데,2.0,5.2575,3.2575,11.0,5.0012,-5.9988,4.6281,13.0,10.2586,-2.7414,2.7414,-0.2563,9.0,0.4852,KIA,롯데,False,50~55%,오버,오버,True,관망,,시즌 중반
2024,2024-06-27,20240627KTSK0,문학,KT,SSG,16.0,5.4184,-10.5816,8.0,5.4734,-2.5266,6.5541,24.0,10.8918,-13.1082,13.1082,0.0549,-8.0,0.5439,SSG,KT,False,50~55%,오버,오버,True,관망,,시즌 중반
2024,2024-06-27,20240627NCWO0,고척,NC,키움,7.0,5.6276,-1.3724,9.0,4.6951,-4.3049,2.8387,16.0,10.3227,-5.6773,5.6773,-0.9325,2.0,0.3611,NC,키움,False,60~65%,오버,오버,True,키움 +2.5,1.0,시즌 중반
2024,2024-06-27,20240627OBHH0,한밭,두산,한화,3.0,5.9509,2.9509,8.0,5.2174,-2.7826,2.8667,11.0,11.1683,0.1683,0.1683,-0.7334,5.0,0.3965,두산,한화,False,60~65%,오버,오버,True,한화 +2.5,1.0,시즌 중반
2024,2024-06-27,20240627SSLG0,잠실,삼성,LG,2.0,5.0843,3.0843,1.0,5.3368,4.3368,3.7105,3.0,10.4211,7.4211,7.4211,0.2526,-1.0,0.5807,LG,삼성,False,55~60%,오버,언더,False,관망,,시즌 중반
2024,2024-06-28,20240628HHLT0,사직,한화,롯데,4.0,5.0908,1.0908,6.0,5.3986,-0.6014,0.8461,10.0,10.4894,0.4894,0.4894,0.3077,2.0,0.5908,롯데,롯데,True,55~60%,오버,오버,True,관망,,시즌 중반
2024,2024-06-28,20240628LGNC0,창원,LG,NC,2.0,5.2618,3.2618,8.0,5.0394,-2.9606,3.1112,10.0,10.3011,0.3011,0.3011,-0.2224,6.0,0.4916,LG,NC,False,50~55%,오버,오버,True,관망,,시즌 중반
2024,2024-06-28,20240628SKOB0,잠실,SSG,두산,0.0,5.3316,5.3316,10.0,5.9785,-4.0215,4.6765,10.0,11.3101,1.3101,1.3101,0.647,10.0,0.6511,두산,두산,True,65% 이상,오버,오버,True,SSG +2.5,0.0,시즌 중반
2024,2024-06-28,20240628SSKT0,수원,삼성,KT,4.0,5.3232,1.3232,5.0,5.1031,0.1031,0.7131,9.0,10.4263,1.4263,1.4263,-0.2201,1.0,0.4921,삼성,KT,False,50~55%,오버,오버,True,관망,,시즌 중반
2024,2024-06-28,20240628WOHT0,광주,키움,KIA,17.0,4.9128,-12.0872,6.0,5.6871,-0.3129,6.2001,23.0,10.5999,-12.4001,12.4001,0.7744,-11.0,0.6727,KIA,키움,False,65% 이상,오버,오버,True,키움 +2.5,1.0,시즌 중반
2024,2024-06-29,20240629SKOB0,잠실,SSG,두산,6.0,4.9388,-1.0612,0.0,6.1659,6.1659,3.6136,6.0,11.1048,5.1048,5.1048,1.2271,-6.0,0.7432,두산,SSG,False,65% 이상,오버,언더,False,SSG +2.5,1.0,시즌 중반
2024,2024-06-30,20240630LGNC0,창원,LG,NC,9.0,5.2925,-3.7075,6.0,5.2379,-0.7621,2.2348,15.0,10.5304,-4.4696,4.4696,-0.0546,-3.0,0.5233,NC,LG,False,50~55%,오버,오버,True,관망,,시즌 중반
2024,2024-06-30,20240630SKOB0,잠실,SSG,두산,3.0,5.2796,2.2796,1.0,5.7168,4.7168,3.4982,4.0,10.9963,6.9963,6.9963,0.4372,-2.0,0.6143,두산,SSG,False,60~65%,오버,언더,False,관망,,시즌 중반
2024,2024-06-30,20240630SSKT2,수원,삼성,KT,1.0,5.324,4.324,2.0,5.1352,3.1352,3.7296,3.0,10.4592,7.4592,7.4592,-0.1888,1.0,0.498,삼성,KT,False,50~55%,오버,언더,False,관망,,시즌 중반
2024,2024-07-02,20240702HTSS0,대구,KIA,삼성,9.0,5.2442,-3.7558,5.0,4.7014,-0.2986,2.0272,14.0,9.9456,-4.0544,4.0544,-0.5429,-4.0,0.4315,KIA,KIA,True,55~60%,오버,오버,True,삼성 +2.5,0.0,시즌 중반
2024,2024-07-02,20240702KTHH0,한밭,KT,한화,6.0,5.1688,-0.8312,5.0,5.4456,0.4456,0.6384,11.0,10.6144,-0.3856,0.3856,0.2768,-1.0,0.5852,한화,KT,False,55~60%,오버,오버,True,관망,,시즌 중반
2024,2024-07-02,20240702LGWO0,고척,LG,키움,2.0,5.4005,3.4005,4.0,5.0066,1.0066,2.2036,6.0,10.4071,4.4071,4.4071,-0.394,2.0,0.4593,LG,키움,False,50~55%,오버,언더,False,관망,,시즌 중반
2024,2024-07-03,20240703HTSS0,대구,KIA,삼성,6.0,5.2166,-0.7834,4.0,5.1683,1.1683,0.9758,10.0,10.385,0.385,0.385,-0.0483,-2.0,0.5245,삼성,KIA,False,50~55%,오버,오버,True,관망,,시즌 중반
2024,2024-07-03,20240703KTHH0,한밭,KT,한화,3.0,5.3101,2.3101,2.0,5.6299,3.6299,2.97,5.0,10.9399,5.9399,5.9399,0.3198,-1.0,0.593,한화,KT,False,55~60%,오버,언더,False,관망,,시즌 중반
2024,2024-07-03,20240703LGWO0,고척,LG,키움,1.0,5.448,4.448,4.0,4.9151,0.9151,2.6815,5.0,10.363,5.363,5.363,-0.5329,3.0,0.4333,LG,키움,False,55~60%,오버,언더,False,키움 +2.5,1.0,시즌 중반
2024,2024-07-03,20240703LTOB0,잠실,롯데,두산,8.0,4.8495,-3.1505,13.0,4.9814,-8.0186,5.5846,21.0,9.8309,-11.1691,11.1691,0.1319,5.0,0.5583,두산,두산,True,55~60%,오버,오버,True,관망,,시즌 중반
2024,2024-07-03,20240703SKNC0,창원,SSG,NC,1.0,5.258,4.258,4.0,5.6166,1.6166,2.9373,5.0,10.8746,5.8746,5.8746,0.3586,3.0,0.6001,NC,NC,True,60~65%,오버,언더,False,관망,,시즌 중반
2024,2024-07-04,20240704HTSS0,대구,KIA,삼성,8.0,5.2345,-2.7655,3.0,5.2182,2.2182,2.4918,11.0,10.4527,-0.5473,0.5473,-0.0163,-5.0,0.5305,삼성,KIA,False,50~55%,오버,오버,True,관망,,시즌 중반
2024,2024-07-04,20240704KTHH0,한밭,KT,한화,5.0,5.2877,0.2877,13.0,5.3875,-7.6125,3.9501,18.0,10.6752,-7.3248,7.3248,0.0998,8.0,0.5523,한화,한화,True,55~60%,오버,오버,True,관망,,시즌 중반
2024,2024-07-04,20240704LGWO0,고척,LG,키움,3.0,5.3385,2.3385,2.0,4.903,2.903,2.6207,5.0,10.2414,5.2414,5.2414,-0.4355,-1.0,0.4515,LG,LG,True,50~55%,오버,언더,False,관망,,시즌 중반
2024,2024-07-04,20240704LTOB0,잠실,롯데,두산,3.0,5.304,2.304,6.0,5.3262,-0.6738,1.4889,9.0,10.6302,1.6302,1.6302,0.0222,3.0,0.5378,두산,두산,True,50~55%,오버,오버,True,관망,,시즌 중반
2024,2024-07-04,20240704SKNC0,창원,SSG,NC,0.0,5.2646,5.2646,2.0,5.7934,3.7934,4.529,2.0,11.058,9.058,9.058,0.5289,2.0,0.6306,NC,NC,True,60~65%,오버,언더,False,SSG +2.5,1.0,시즌 중반
2024,2024-07-09,20240709HHWO0,고척,한화,키움,3.0,4.9594,1.9594,5.0,5.0674,0.0674,1.0134,8.0,10.0268,2.0268,2.0268,0.108,2.0,0.5539,키움,키움,True,55~60%,오버,언더,False,관망,,시즌 중반
2024,2024-07-09,20240709HTLG0,잠실,KIA,LG,11.0,5.1304,-5.8696,4.0,5.0223,1.0223,3.4459,15.0,10.1528,-4.8472,4.8472,-0.1081,-7.0,0.5132,LG,KIA,False,50~55%,오버,오버,True,관망,,시즌 중반
2024,2024-07-09,20240709LTSK0,문학,롯데,SSG,4.0,5.4815,1.4815,7.0,4.8891,-2.1109,1.7962,11.0,10.3706,-0.6294,0.6294,-0.5924,3.0,0.4223,롯데,SSG,False,55~60%,오버,오버,True,SSG +2.5,1.0,시즌 중반
2024,2024-07-10,20240710HHWO0,고척,한화,키움,7.0,5.1372,-1.8628,0.0,5.3435,5.3435,3.6031,7.0,10.4807,3.4807,3.4807,0.2063,-7.0,0.5721,키움,한화,False,55~60%,오버,언더,False,관망,,시즌 중반
2024,2024-07-10,20240710HTLG0,잠실,KIA,LG,5.0,5.4224,0.4224,2.0,5.3446,3.3446,1.8835,7.0,10.767,3.767,3.767,-0.0778,-3.0,0.5189,LG,KIA,False,50~55%,오버,언더,False,관망,,시즌 중반
2024,2024-07-10,20240710LTSK0,문학,롯데,SSG,6.0,4.9981,-1.0019,1.0,4.9495,3.9495,2.4757,7.0,9.9476,2.9476,2.9476,-0.0485,-5.0,0.5245,SSG,롯데,False,50~55%,오버,언더,False,관망,,시즌 중반
2024,2024-07-10,20240710NCSS0,대구,NC,삼성,6.0,4.6914,-1.3086,15.0,4.932,-10.068,5.6883,21.0,9.6235,-11.3765,11.3765,0.2406,9.0,0.5785,삼성,삼성,True,55~60%,오버,오버,True,관망,,시즌 중반
2024,2024-07-10,20240710OBKT0,수원,두산,KT,6.0,5.3652,-0.6348,7.0,4.7996,-2.2004,1.4176,13.0,10.1648,-2.8352,2.8352,-0.5656,1.0,0.4272,두산,KT,False,55~60%,오버,오버,True,KT +2.5,1.0,시즌 중반
2024,2024-07-11,20240711HHWO0,고척,한화,키움,4.0,5.2249,1.2249,5.0,5.149,0.149,0.6869,9.0,10.3739,1.3739,1.3739,-0.0759,1.0,0.5193,키움,키움,True,50~55%,오버,오버,True,관망,,시즌 중반
2024,2024-07-11,20240711HTLG0,잠실,KIA,LG,4.0,5.2709,1.2709,2.0,5.3916,3.3916,2.3313,6.0,10.6625,4.6625,4.6625,0.1208,-2.0,0.5563,LG,KIA,False,55~60%,오버,언더,False,관망,,시즌 중반
2024,2024-07-11,20240711LTSK0,문학,롯데,SSG,4.0,5.5594,1.5594,5.0,4.9729,-0.0271,0.7933,9.0,10.5323,1.5323,1.5323,-0.5866,1.0,0.4234,롯데,SSG,False,55~60%,오버,오버,True,SSG +2.5,1.0,시즌 중반
2024,2024-07-11,20240711NCSS0,대구,NC,삼성,4.0,4.9424,0.9424,6.0,5.4541,-0.5459,0.7441,10.0,10.3965,0.3965,0.3965,0.5117,2.0,0.6275,삼성,삼성,True,60~65%,오버,오버,True,NC +2.5,1.0,시즌 중반
2024,2024-07-11,20240711OBKT0,수원,두산,KT,12.0,5.6806,-6.3194,1.0,5.1568,4.1568,5.2381,13.0,10.8374,-2.1626,2.1626,-0.5239,-11.0,0.435,두산,두산,True,55~60%,오버,오버,True,KT +2.5,0.0,시즌 중반
2024,2024-07-12,20240712KTLT0,사직,KT,롯데,5.0,5.0454,0.0454,4.0,5.5805,1.5805,0.8129,9.0,10.6258,1.6258,1.6258,0.5351,-1.0,0.6316,롯데,KT,False,60~65%,오버,오버,True,KT +2.5,1.0,시즌 중반
2024,2024-07-12,20240712LGHH0,한밭,LG,한화,0.0,5.4374,5.4374,6.0,4.7537,-1.2463,3.3419,6.0,10.1912,4.1912,4.1912,-0.6837,6.0,0.4055,LG,한화,False,55~60%,오버,언더,False,한화 +2.5,1.0,시즌 중반
2024,2024-07-12,20240712SKHT0,광주,SSG,KIA,14.0,5.2837,-8.7163,6.0,5.5713,-0.4287,4.5725,20.0,10.8551,-9.1449,9.1449,0.2876,-8.0,0.5871,KIA,SSG,False,55~60%,오버,오버,True,관망,,시즌 중반
2024,2024-07-12,20240712SSOB0,잠실,삼성,두산,9.0,5.291,-3.709,5.0,5.1451,0.1451,1.927,14.0,10.4362,-3.5638,3.5638,-0.1459,-4.0,0.5061,두산,삼성,False,50~55%,오버,오버,True,관망,,시즌 중반
2024,2024-07-12,20240712WONC0,창원,키움,NC,2.0,5.0816,3.0816,9.0,5.2192,-3.7808,3.4312,11.0,10.3008,-0.6992,0.6992,0.1376,7.0,0.5594,NC,NC,True,55~60%,오버,오버,True,관망,,시즌 중반
2024,2024-07-13,20240713KTLT0,사직,KT,롯데,6.0,5.063,-0.937,3.0,5.4842,2.4842,1.7106,9.0,10.5472,1.5472,1.5472,0.4212,-3.0,0.6114,롯데,KT,False,60~65%,오버,오버,True,관망,,시즌 중반
2024,2024-07-13,20240713LGHH0,한밭,LG,한화,7.0,5.1126,-1.8874,3.0,4.7855,1.7855,1.8364,10.0,9.8981,-0.1019,0.1019,-0.3271,-4.0,0.4718,LG,LG,True,50~55%,오버,오버,True,관망,,시즌 중반
2024,2024-07-13,20240713SKHT0,광주,SSG,KIA,15.0,5.1595,-9.8405,9.0,5.4201,-3.5799,6.7102,24.0,10.5797,-13.4203,13.4203,0.2606,-6.0,0.5822,KIA,SSG,False,55~60%,오버,오버,True,관망,,시즌 중반
2024,2024-07-13,20240713SSOB0,잠실,삼성,두산,4.0,5.2257,1.2257,8.0,5.1339,-2.8661,2.0459,12.0,10.3596,-1.6404,1.6404,-0.0918,4.0,0.5163,두산,두산,True,50~55%,오버,오버,True,관망,,시즌 중반
2024,2024-07-13,20240713WONC0,창원,키움,NC,5.0,5.1158,0.1158,11.0,5.8906,-5.1094,2.6126,16.0,11.0063,-4.9937,4.9937,0.7748,6.0,0.6727,NC,NC,True,65% 이상,오버,오버,True,키움 +2.5,0.0,시즌 중반
2024,2024-07-14,20240714LGHH0,한밭,LG,한화,8.0,5.0716,-2.9284,4.0,4.8795,0.8795,1.9039,12.0,9.9511,-2.0489,2.0489,-0.1921,-4.0,0.4973,LG,LG,True,50~55%,오버,오버,True,관망,,시즌 중반
2024,2024-07-14,20240714SKHT0,광주,SSG,KIA,4.0,5.1862,1.1862,13.0,5.9927,-7.0073,4.0968,17.0,11.1789,-5.8211,5.8211,0.8065,9.0,0.678,KIA,KIA,True,65% 이상,오버,오버,True,SSG +2.5,0.0,시즌 중반
2024,2024-07-14,20240714SSOB0,잠실,삼성,두산,6.0,5.2113,-0.7887,2.0,5.1595,3.1595,1.9741,8.0,10.3708,2.3708,2.3708,-0.0517,-4.0,0.5239,두산,삼성,False,50~55%,오버,언더,False,관망,,시즌 중반
2024,2024-07-16,20240716KTWO0,고척,KT,키움,4.0,5.1601,1.1601,3.0,5.4915,2.4915,1.8258,7.0,10.6516,3.6516,3.6516,0.3313,-1.0,0.5951,키움,KT,False,55~60%,오버,언더,False,관망,,시즌 중반
2024,2024-07-16,20240716OBLT0,울산,두산,롯데,0.0,4.9488,4.9488,4.0,5.1092,1.1092,3.029,4.0,10.058,6.058,6.058,0.1603,4.0,0.5636,롯데,롯데,True,55~60%,오버,언더,False,관망,,시즌 중반
2024,2024-07-17,20240717HHNC0,창원,한화,NC,1.0,4.9038,3.9038,5.0,4.9727,-0.0273,1.9655,6.0,9.8765,3.8765,3.8765,0.0689,4.0,0.5466,NC,NC,True,50~55%,오버,언더,False,관망,,시즌 중반
2024,2024-07-17,20240717KTWO0,고척,KT,키움,9.0,5.238,-3.762,2.0,5.3534,3.3534,3.5577,11.0,10.5914,-0.4086,0.4086,0.1154,-7.0,0.5552,키움,KT,False,55~60%,오버,오버,True,관망,,시즌 중반
2024,2024-07-17,20240717OBLT0,울산,두산,롯데,2.0,5.2777,3.2777,6.0,5.0308,-0.9692,2.1235,8.0,10.3085,2.3085,2.3085,-0.247,4.0,0.487,두산,롯데,False,50~55%,오버,언더,False,관망,,시즌 중반
2024,2024-07-17,20240717SKLG0,잠실,SSG,LG,9.0,4.8653,-4.1347,12.0,5.2628,-6.7372,5.4359,21.0,10.1281,-10.8719,10.8719,0.3975,3.0,0.6071,LG,LG,True,60~65%,오버,오버,True,관망,,시즌 중반
2024,2024-07-17,20240717SSHT0,광주,삼성,KIA,5.0,5.144,0.144,10.0,4.9877,-5.0123,2.5781,15.0,10.1317,-4.8683,4.8683,-0.1563,5.0,0.5041,KIA,KIA,True,50~55%,오버,오버,True,관망,,시즌 중반
2024,2024-07-18,20240718HHNC0,창원,한화,NC,3.0,5.0538,2.0538,4.0,5.34,1.34,1.6969,7.0,10.3938,3.3938,3.3938,0.2862,1.0,0.5869,NC,NC,True,55~60%,오버,언더,False,관망,,시즌 중반
2024,2024-07-18,20240718KTWO0,고척,KT,키움,12.0,5.1902,-6.8098,8.0,5.3042,-2.6958,4.7528,20.0,10.4944,-9.5056,9.5056,0.114,-4.0,0.555,키움,KT,False,55~60%,오버,오버,True,관망,,시즌 중반
2024,2024-07-18,20240718OBLT0,울산,두산,롯데,3.0,5.3039,2.3039,2.0,5.0308,3.0308,2.6673,5.0,10.3347,5.3347,5.3347,-0.2731,-1.0,0.482,두산,두산,True,50~55%,오버,언더,False,관망,,시즌 중반
2024,2024-07-18,20240718SSHT0,광주,삼성,KIA,4.0,5.2478,1.2478,10.0,5.2855,-4.7145,2.9811,14.0,10.5333,-3.4667,3.4667,0.0377,6.0,0.5407,KIA,KIA,True,50~55%,오버,오버,True,관망,,시즌 중반
2024,2024-07-19,20240719HTHH0,한밭,KIA,한화,7.0,5.5646,-1.4354,3.0,5.1802,2.1802,1.8078,10.0,10.7449,0.7449,0.7449,-0.3844,-4.0,0.4611,KIA,KIA,True,50~55%,오버,오버,True,관망,,시즌 중반
2024,2024-07-19,20240719LTSS0,대구,롯데,삼성,10.0,5.2756,-4.7244,6.0,5.31,-0.69,2.7072,16.0,10.5856,-5.4144,5.4144,0.0344,-4.0,0.5401,삼성,롯데,False,50~55%,오버,오버,True,관망,,시즌 중반
2024,2024-07-19,20240719NCKT0,수원,NC,KT,0.0,5.4208,5.4208,6.0,5.0712,-0.9288,3.1748,6.0,10.492,4.492,4.492,-0.3496,6.0,0.4676,NC,KT,False,50~55%,오버,언더,False,관망,,시즌 중반
2024,2024-07-19,20240719OBLG0,잠실,두산,LG,7.0,5.1114,-1.8886,16.0,5.4164,-10.5836,6.2361,23.0,10.5278,-12.4722,12.4722,0.3051,9.0,0.5903,LG,LG,True,55~60%,오버,오버,True,관망,,시즌 중반
2024,2024-07-19,20240719WOSK0,문학,키움,SSG,3.0,5.4834,2.4834,9.0,5.5981,-3.4019,2.9426,12.0,11.0815,-0.9185,0.9185,0.1147,6.0,0.5551,SSG,SSG,True,55~60%,오버,오버,True,관망,,시즌 중반
2024,2024-07-20,20240720HTHH0,한밭,KIA,한화,8.0,5.9276,-2.0724,4.0,5.3331,1.3331,1.7028,12.0,11.2608,-0.7392,0.7392,-0.5945,-4.0,0.4219,KIA,KIA,True,55~60%,오버,오버,True,한화 +2.5,0.0,시즌 중반
2024,2024-07-20,20240720LTSS0,대구,롯데,삼성,4.0,5.3756,1.3756,21.0,5.1647,-15.8353,8.6054,25.0,10.5403,-14.4597,14.4597,-0.2109,17.0,0.4938,롯데,삼성,False,50~55%,오버,오버,True,관망,,시즌 중반
2024,2024-07-21,20240721HTHH0,한밭,KIA,한화,8.0,5.9955,-2.0045,7.0,5.2753,-1.7247,1.8646,15.0,11.2708,-3.7292,3.7292,-0.7202,-1.0,0.3989,KIA,KIA,True,60~65%,오버,오버,True,한화 +2.5,1.0,시즌 중반
2024,2024-07-21,20240721LTSS0,대구,롯데,삼성,5.0,5.5134,0.5134,6.0,5.5513,-0.4487,0.4811,11.0,11.0647,0.0647,0.0647,0.0379,1.0,0.5407,삼성,삼성,True,50~55%,오버,오버,True,관망,,시즌 중반
2024,2024-07-21,20240721NCKT0,수원,NC,KT,8.0,5.2135,-2.7865,2.0,5.053,3.053,2.9198,10.0,10.2665,0.2665,0.2665,-0.1605,-6.0,0.5033,KT,NC,False,50~55%,오버,오버,True,관망,,시즌 중반
2024,2024-07-21,20240721OBLG0,잠실,두산,LG,3.0,5.9981,2.9981,6.0,5.5469,-0.4531,1.7256,9.0,11.545,2.545,2.545,-0.4511,3.0,0.4486,두산,LG,False,55~60%,오버,오버,True,관망,,시즌 중반
2024,2024-07-21,20240721WOSK0,문학,키움,SSG,7.0,5.5857,-1.4143,2.0,5.5682,3.5682,2.4912,9.0,11.1538,2.1538,2.1538,-0.0175,-5.0,0.5303,SSG,키움,False,50~55%,오버,오버,True,관망,,시즌 중반
2024,2024-07-23,20240723LGLT0,사직,LG,롯데,2.0,5.4841,3.4841,1.0,5.298,4.298,3.8911,3.0,10.7821,7.7821,7.7821,-0.1861,-1.0,0.4985,LG,LG,True,50~55%,오버,언더,False,관망,,시즌 중반
2024,2024-07-23,20240723NCHT0,광주,NC,KIA,1.0,5.1592,4.1592,8.0,5.3294,-2.6706,3.4149,9.0,10.4886,1.4886,1.4886,0.1702,7.0,0.5655,KIA,KIA,True,55~60%,오버,오버,True,관망,,시즌 중반
2024,2024-07-23,20240723SSHH0,한밭,삼성,한화,5.0,5.5813,0.5813,6.0,5.4956,-0.5044,0.5429,11.0,11.0769,0.0769,0.0769,-0.0857,1.0,0.5174,한화,한화,True,50~55%,오버,오버,True,관망,,시즌 중반
2024,2024-07-23,20240723WOOB0,잠실,키움,두산,3.0,5.2554,2.2554,6.0,5.9611,-0.0389,1.1471,9.0,11.2165,2.2165,2.2165,0.7058,3.0,0.6611,두산,두산,True,65% 이상,오버,오버,True,키움 +2.5,0.0,시즌 중반
2024,2024-07-24,20240724NCHT0,광주,NC,KIA,0.0,5.5448,5.5448,7.0,5.4889,-1.5111,3.5279,7.0,11.0338,4.0338,4.0338,-0.0559,7.0,0.5231,KIA,KIA,True,50~55%,오버,언더,False,관망,,시즌 중반
2024,2024-07-24,20240724SKKT0,수원,SSG,KT,3.0,5.5895,2.5895,5.0,5.4504,0.4504,1.52,8.0,11.0399,3.0399,3.0399,-0.1391,2.0,0.5074,KT,KT,True,50~55%,오버,언더,False,관망,,시즌 중반
2024,2024-07-24,20240724SSHH0,한밭,삼성,한화,2.0,5.6388,3.6388,3.0,5.3643,2.3643,3.0016,5.0,11.0031,6.0031,6.0031,-0.2745,1.0,0.4818,삼성,한화,False,50~55%,오버,언더,False,관망,,시즌 중반
2024,2024-07-24,20240724WOOB0,잠실,키움,두산,4.0,5.2186,1.2186,7.0,6.2381,-0.7619,0.9902,11.0,11.4567,0.4567,0.4567,1.0195,3.0,0.7121,두산,두산,True,65% 이상,오버,오버,True,키움 +2.5,0.0,시즌 중반
2024,2024-07-25,20240725LGLT0,사직,LG,롯데,9.0,5.5299,-3.4701,6.0,5.2768,-0.7232,2.0967,15.0,10.8066,-4.1934,4.1934,-0.2531,-3.0,0.4858,LG,LG,True,50~55%,오버,오버,True,관망,,시즌 중반
2024,2024-07-25,20240725NCHT0,광주,NC,KIA,7.0,5.305,-1.695,4.0,5.5493,1.5493,1.6222,11.0,10.8543,-0.1457,0.1457,0.2443,-3.0,0.5792,KIA,NC,False,55~60%,오버,오버,True,관망,,시즌 중반
2024,2024-07-25,20240725SKKT0,수원,SSG,KT,2.0,5.3375,3.3375,4.0,5.4662,1.4662,2.4019,6.0,10.8037,4.8037,4.8037,0.1287,2.0,0.5577,KT,KT,True,55~60%,오버,언더,False,관망,,시즌 중반
2024,2024-07-25,20240725WOOB0,잠실,키움,두산,6.0,5.1712,-0.8288,1.0,6.0847,5.0847,2.9567,7.0,11.2559,4.2559,4.2559,0.9134,-5.0,0.6954,두산,키움,False,65% 이상,오버,언더,False,키움 +2.5,1.0,시즌 중반
2024,2024-07-26,20240726HTWO0,고척,KIA,키움,4.0,6.1179,2.1179,5.0,5.5157,0.5157,1.3168,9.0,11.6337,2.6337,2.6337,-0.6022,1.0,0.4205,KIA,키움,False,55~60%,오버,오버,True,키움 +2.5,1.0,시즌 중반
2024,2024-07-26,20240726KTSS0,대구,KT,삼성,4.0,5.0118,1.0118,1.0,5.3294,4.3294,2.6706,5.0,10.3412,5.3412,5.3412,0.3175,-3.0,0.5926,삼성,KT,False,55~60%,오버,언더,False,관망,,시즌 중반
2024,2024-07-26,20240726LTNC0,창원,롯데,NC,2.0,5.2885,3.2885,9.0,5.3447,-3.6553,3.4719,11.0,10.6331,-0.3669,0.3669,0.0562,7.0,0.5442,NC,NC,True,50~55%,오버,오버,True,관망,,시즌 중반
2024,2024-07-26,20240726OBSK0,문학,두산,SSG,1.0,5.7775,4.7775,6.0,5.231,-0.769,2.7733,7.0,11.0085,4.0085,4.0085,-0.5466,5.0,0.4308,두산,SSG,False,55~60%,오버,언더,False,SSG +2.5,1.0,시즌 중반
2024,2024-07-27,20240727HTWO0,고척,KIA,키움,5.0,6.1641,1.1641,6.0,5.4695,-0.5305,0.8473,11.0,11.6336,0.6336,0.6336,-0.6945,1.0,0.4036,KIA,키움,False,55~60%,오버,오버,True,키움 +2.5,1.0,시즌 중반
2024,2024-07-27,20240727KTSS0,대구,KT,삼성,2.0,4.7916,2.7916,3.0,5.3031,2.3031,2.5474,5.0,10.0948,5.0948,5.0948,0.5115,1.0,0.6275,삼성,삼성,True,60~65%,오버,언더,False,KT +2.5,1.0,시즌 중반
2024,2024-07-27,20240727LTNC0,창원,롯데,NC,9.0,4.9347,-4.0653,2.0,5.5439,3.5439,3.8046,11.0,10.4786,-0.5214,0.5214,0.6093,-7.0,0.6446,NC,롯데,False,60~65%,오버,오버,True,롯데 +2.5,1.0,시즌 중반
2024,2024-07-27,20240727OBSK0,문학,두산,SSG,3.0,5.6191,2.6191,4.0,5.1611,1.1611,1.8901,7.0,10.7802,3.7802,3.7802,-0.458,1.0,0.4473,두산,SSG,False,55~60%,오버,언더,False,관망,,시즌 중반
2024,2024-07-28,20240728HHLG0,잠실,한화,LG,9.0,4.7432,-4.2568,6.0,5.076,-0.924,2.5904,15.0,9.8192,-5.1808,5.1808,0.3328,-3.0,0.5954,LG,한화,False,55~60%,오버,오버,True,관망,,시즌 중반
2024,2024-07-28,20240728HTWO0,고척,KIA,키움,4.0,5.7294,1.7294,3.0,5.2637,2.2637,1.9966,7.0,10.9931,3.9931,3.9931,-0.4657,-1.0,0.4458,KIA,KIA,True,55~60%,오버,언더,False,관망,,시즌 중반
2024,2024-07-28,20240728KTSS0,대구,KT,삼성,4.0,5.024,1.024,3.0,5.2635,2.2635,1.6438,7.0,10.2875,3.2875,3.2875,0.2396,-1.0,0.5783,삼성,KT,False,55~60%,오버,언더,False,관망,,시즌 중반
2024,2024-07-28,20240728LTNC0,창원,롯데,NC,10.0,5.074,-4.926,6.0,5.5357,-0.4643,2.6951,16.0,10.6097,-5.3903,5.3903,0.4617,-4.0,0.6186,NC,롯데,False,60~65%,오버,오버,True,관망,,시즌 중반
2024,2024-07-28,20240728OBSK0,문학,두산,SSG,0.0,5.6005,5.6005,3.0,5.1611,2.1611,3.8808,3.0,10.7615,7.7615,7.7615,-0.4394,3.0,0.4507,두산,SSG,False,50~55%,오버,언더,False,관망,,시즌 중반
2024,2024-07-30,20240730HHKT0,수원,한화,KT,6.0,5.1949,-0.8051,4.0,4.818,0.818,0.8116,10.0,10.0129,0.0129,0.0129,-0.3769,-2.0,0.4625,한화,한화,True,50~55%,오버,오버,True,관망,,시즌 중반
2024,2024-07-30,20240730LTSK0,문학,롯데,SSG,5.0,5.5592,0.5592,11.0,5.1947,-5.8053,3.1822,16.0,10.7539,-5.2461,5.2461,-0.3644,6.0,0.4648,롯데,SSG,False,50~55%,오버,오버,True,관망,,시즌 중반
2024,2024-07-30,20240730NCWO0,고척,NC,키움,2.0,5.6607,3.6607,6.0,5.0099,-0.9901,2.3254,8.0,10.6707,2.6707,2.6707,-0.6508,4.0,0.4116,NC,키움,False,55~60%,오버,언더,False,키움 +2.5,1.0,시즌 중반
2024,2024-07-30,20240730OBHT0,광주,두산,KIA,12.0,5.1652,-6.8348,7.0,5.4531,-1.5469,4.1909,19.0,10.6182,-8.3818,8.3818,0.2879,-5.0,0.5872,KIA,두산,False,55~60%,오버,오버,True,관망,,시즌 중반
2024,2024-07-30,20240730SSLG0,잠실,삼성,LG,7.0,5.3475,-1.6525,1.0,5.3032,4.3032,2.9779,8.0,10.6507,2.6507,2.6507,-0.0443,-6.0,0.5253,LG,삼성,False,50~55%,오버,언더,False,관망,,시즌 중반
2024,2024-07-31,20240731HHKT0,수원,한화,KT,18.0,5.2526,-12.7474,7.0,5.1086,-1.8914,7.3194,25.0,10.3611,-14.6389,14.6389,-0.144,-11.0,0.5064,KT,한화,False,50~55%,오버,오버,True,관망,,시즌 중반
2024,2024-07-31,20240731LTSK0,문학,롯데,SSG,11.0,4.7916,-6.2084,12.0,5.3043,-6.6957,6.452,23.0,10.096,-12.904,12.904,0.5127,1.0,0.6277,SSG,SSG,True,60~65%,오버,오버,True,롯데 +2.5,1.0,시즌 중반
2024,2024-07-31,20240731NCWO0,고척,NC,키움,9.0,5.3094,-3.6906,0.0,5.1027,5.1027,4.3967,9.0,10.4121,1.4121,1.4121,-0.2066,-9.0,0.4946,NC,NC,True,50~55%,오버,오버,True,관망,,시즌 중반
2024,2024-07-31,20240731OBHT0,광주,두산,KIA,30.0,5.0669,-24.9331,6.0,5.6633,-0.3367,12.6349,36.0,10.7302,-25.2698,25.2698,0.5965,-24.0,0.6424,KIA,두산,False,60~65%,오버,오버,True,두산 +2.5,1.0,시즌 중반
2024,2024-07-31,20240731SSLG0,잠실,삼성,LG,5.0,5.3552,0.3552,11.0,5.0686,-5.9314,3.1433,16.0,10.4238,-5.5762,5.5762,-0.2867,6.0,0.4795,삼성,LG,False,50~55%,오버,오버,True,관망,,시즌 중반
2024,2024-08-01,20240801HHKT0,수원,한화,KT,14.0,5.3374,-8.6626,8.0,5.3246,-2.6754,5.669,22.0,10.662,-11.338,11.338,-0.0128,-6.0,0.5312,KT,한화,False,50~55%,오버,오버,True,관망,,시즌 중반
2024,2024-08-01,20240801LTSK0,문학,롯데,SSG,4.0,5.1683,1.1683,2.0,5.2438,3.2438,2.206,6.0,10.4121,4.4121,4.4121,0.0755,-2.0,0.5478,SSG,롯데,False,50~55%,오버,언더,False,관망,,시즌 중반
2024,2024-08-01,20240801NCWO0,고척,NC,키움,9.0,5.4488,-3.5512,14.0,4.6936,-9.3064,6.4288,23.0,10.1424,-12.8576,12.8576,-0.7553,5.0,0.3926,NC,키움,False,60~65%,오버,오버,True,키움 +2.5,1.0,시즌 중반
2024,2024-08-01,20240801OBHT0,광주,두산,KIA,1.0,5.7354,4.7354,0.0,5.628,5.628,5.1817,1.0,11.3634,10.3634,10.3634,-0.1075,-1.0,0.5133,KIA,두산,False,50~55%,오버,언더,False,관망,,시즌 중반
2024,2024-08-01,20240801SSLG0,잠실,삼성,LG,7.0,5.1857,-1.8143,0.0,5.3724,5.3724,3.5934,7.0,10.5581,3.5581,3.5581,0.1867,-7.0,0.5685,LG,삼성,False,55~60%,오버,언더,False,관망,,시즌 중반
2024,2024-08-02,20240802HTHH0,한밭,KIA,한화,3.0,6.2527,3.2527,10.0,5.8023,-4.1977,3.7252,13.0,12.055,-0.945,0.945,-0.4504,7.0,0.4487,KIA,한화,False,55~60%,오버,오버,True,관망,,시즌 중반
2024,2024-08-02,20240802KTNC0,창원,KT,NC,9.0,5.6772,-3.3228,7.0,5.6852,-1.3148,2.3188,16.0,11.3625,-4.6375,4.6375,0.008,-2.0,0.5351,NC,KT,False,50~55%,오버,오버,True,관망,,시즌 중반
2024,2024-08-02,20240802SKSS0,대구,SSG,삼성,3.0,5.0164,2.0164,4.0,5.2314,1.2314,1.6239,7.0,10.2477,3.2477,3.2477,0.215,1.0,0.5738,삼성,삼성,True,55~60%,오버,언더,False,관망,,시즌 중반
2024,2024-08-02,20240802WOOB0,잠실,키움,두산,6.0,5.0589,-0.9411,4.0,5.5615,1.5615,1.2513,10.0,10.6204,0.6204,0.6204,0.5026,-2.0,0.6259,두산,키움,False,60~65%,오버,오버,True,키움 +2.5,1.0,시즌 중반
2024,2024-08-03,20240803HTHH0,한밭,KIA,한화,7.0,6.2685,-0.7315,3.0,6.2288,3.2288,1.9802,10.0,12.4973,2.4973,2.4973,-0.0396,-4.0,0.5261,한화,KIA,False,50~55%,오버,오버,True,관망,,시즌 중반
2024,2024-08-03,20240803LGLT0,울산,LG,롯데,3.0,5.657,2.657,8.0,5.7252,-2.2748,2.4659,11.0,11.3822,0.3822,0.3822,0.0681,5.0,0.5464,롯데,롯데,True,50~55%,오버,오버,True,관망,,시즌 중반
2024,2024-08-03,20240803SKSS0,대구,SSG,삼성,4.0,4.8751,0.8751,12.0,5.2759,-6.7241,3.7996,16.0,10.151,-5.849,5.849,0.4009,8.0,0.6077,삼성,삼성,True,60~65%,오버,오버,True,관망,,시즌 중반
2024,2024-08-03,20240803WOOB0,잠실,키움,두산,15.0,4.9381,-10.0619,5.0,5.5615,0.5615,5.3117,20.0,10.4997,-9.5003,9.5003,0.6234,-10.0,0.647,두산,키움,False,60~65%,오버,오버,True,키움 +2.5,1.0,시즌 중반
2024,2024-08-04,20240804KTNC0,창원,KT,NC,5.0,5.6238,0.6238,15.0,5.9853,-9.0147,4.8192,20.0,11.6091,-8.3909,8.3909,0.3615,10.0,0.6006,NC,NC,True,60~65%,오버,오버,True,관망,,시즌 중반
2024,2024-08-04,20240804SKSS0,대구,SSG,삼성,3.0,4.9069,1.9069,8.0,5.247,-2.753,2.33,11.0,10.1539,-0.8461,0.8461,0.3401,5.0,0.5967,삼성,삼성,True,55~60%,오버,오버,True,관망,,시즌 중반
2024,2024-08-06,20240806HHSS0,대구,한화,삼성,8.0,5.085,-2.915,5.0,5.0797,0.0797,1.4973,13.0,10.1647,-2.8353,2.8353,-0.0053,-3.0,0.5326,삼성,한화,False,50~55%,오버,오버,True,관망,,시즌 중반
2024,2024-08-06,20240806KTHT0,광주,KT,KIA,0.0,5.5625,5.5625,2.0,6.4323,4.4323,4.9974,2.0,11.9948,9.9948,9.9948,0.8699,2.0,0.6884,KIA,KIA,True,65% 이상,오버,언더,False,KT +2.5,1.0,시즌 중반
2024,2024-08-06,20240806LGOB0,잠실,LG,두산,6.0,5.5359,-0.4641,7.0,5.6214,-1.3786,0.9213,13.0,11.1573,-1.8427,1.8427,0.0854,1.0,0.5496,두산,두산,True,50~55%,오버,오버,True,관망,,시즌 중반
2024,2024-08-06,20240806NCLT0,사직,NC,롯데,5.0,5.3521,0.3521,6.0,5.6419,-0.3581,0.3551,11.0,10.994,-0.006,0.006,0.2898,1.0,0.5875,롯데,롯데,True,55~60%,오버,오버,True,관망,,시즌 중반
2024,2024-08-06,20240806SKWO0,고척,SSG,키움,6.0,4.9316,-1.0684,2.0,5.3725,3.3725,2.2205,8.0,10.3041,2.3041,2.3041,0.4409,-4.0,0.6149,키움,SSG,False,60~65%,오버,언더,False,관망,,시즌 중반
2024,2024-08-07,20240807HHSS0,대구,한화,삼성,6.0,4.9981,-1.0019,10.0,5.2429,-4.7571,2.8795,16.0,10.241,-5.759,5.759,0.2448,4.0,0.5793,삼성,삼성,True,55~60%,오버,오버,True,관망,,시즌 중반
2024,2024-08-07,20240807KTHT0,광주,KT,KIA,13.0,5.5075,-7.4925,2.0,6.4398,4.4398,5.9662,15.0,11.9473,-3.0527,3.0527,0.9324,-11.0,0.6984,KIA,KT,False,65% 이상,오버,오버,True,KT +2.5,1.0,시즌 중반
2024,2024-08-07,20240807LGOB0,잠실,LG,두산,4.0,5.5561,1.5561,8.0,5.5781,-2.4219,1.989,12.0,11.1342,-0.8658,0.8658,0.022,4.0,0.5378,두산,두산,True,50~55%,오버,오버,True,관망,,시즌 중반
2024,2024-08-07,20240807NCLT0,사직,NC,롯데,7.0,5.6944,-1.3056,14.0,5.6807,-8.3193,4.8125,21.0,11.375,-9.625,9.625,-0.0137,7.0,0.531,롯데,롯데,True,50~55%,오버,오버,True,관망,,시즌 중반
2024,2024-08-07,20240807SKWO0,고척,SSG,키움,6.0,5.2736,-0.7264,2.0,5.4962,3.4962,2.1113,8.0,10.7699,2.7699,2.7699,0.2226,-4.0,0.5752,키움,SSG,False,55~60%,오버,언더,False,관망,,시즌 중반
2024,2024-08-08,20240808HHSS0,대구,한화,삼성,6.0,5.0605,-0.9395,4.0,5.6262,1.6262,1.2828,10.0,10.6867,0.6867,0.6867,0.5657,-2.0,0.637,삼성,한화,False,60~65%,오버,오버,True,한화 +2.5,1.0,시즌 중반
2024,2024-08-08,20240808KTHT0,광주,KT,KIA,1.0,5.4998,4.4998,0.0,6.24,6.24,5.3699,1.0,11.7398,10.7398,10.7398,0.7402,-1.0,0.667,KIA,KT,False,65% 이상,오버,언더,False,KT +2.5,1.0,시즌 중반
2024,2024-08-08,20240808LGOB0,잠실,LG,두산,10.0,5.8501,-4.1499,3.0,5.6203,2.6203,3.3851,13.0,11.4704,-1.5296,1.5296,-0.2298,-7.0,0.4902,LG,LG,True,50~55%,오버,오버,True,관망,,시즌 중반
2024,2024-08-08,20240808SKWO0,고척,SSG,키움,0.0,5.2558,5.2558,3.0,5.4725,2.4725,3.8642,3.0,10.7284,7.7284,7.7284,0.2167,3.0,0.5741,키움,키움,True,55~60%,오버,언더,False,관망,,시즌 중반
2024,2024-08-09,20240809LTKT0,수원,롯데,KT,6.0,5.6899,-0.3101,10.0,5.5549,-4.4451,2.3776,16.0,11.2448,-4.7552,4.7552,-0.135,4.0,0.5081,KT,KT,True,50~55%,오버,오버,True,관망,,시즌 중반
2024,2024-08-09,20240809NCLG0,잠실,NC,LG,9.0,5.2684,-3.7316,10.0,5.9834,-4.0166,3.8741,19.0,11.2518,-7.7482,7.7482,0.715,1.0,0.6627,LG,LG,True,65% 이상,오버,오버,True,NC +2.5,1.0,시즌 중반
2024,2024-08-09,20240809OBSK0,문학,두산,SSG,13.0,5.4171,-7.5829,11.0,5.223,-5.777,6.6799,24.0,10.6401,-13.3599,13.3599,-0.1941,-2.0,0.497,두산,두산,True,50~55%,오버,오버,True,관망,,시즌 중반
2024,2024-08-09,20240809SSHT0,광주,삼성,KIA,8.0,5.49,-2.51,9.0,5.8222,-3.1778,2.8439,17.0,11.3123,-5.6877,5.6877,0.3322,1.0,0.5953,KIA,KIA,True,55~60%,오버,오버,True,관망,,시즌 중반
2024,2024-08-09,20240809WOHH0,한밭,키움,한화,5.0,5.428,0.428,7.0,5.4558,-1.5442,0.9861,12.0,10.8838,-1.1162,1.1162,0.0278,2.0,0.5388,한화,한화,True,50~55%,오버,오버,True,관망,,시즌 중반
2024,2024-08-10,20240810LTKT0,수원,롯데,KT,2.0,5.6064,3.6064,0.0,5.8762,5.8762,4.7413,2.0,11.4825,9.4825,9.4825,0.2698,-2.0,0.5839,KT,롯데,False,55~60%,오버,언더,False,관망,,시즌 중반
2024,2024-08-10,20240810NCLG0,잠실,NC,LG,3.0,5.369,2.369,9.0,5.7951,-3.2049,2.7869,12.0,11.1641,-0.8359,0.8359,0.4261,6.0,0.6123,LG,LG,True,60~65%,오버,오버,True,관망,,시즌 중반
2024,2024-08-10,20240810OBSK0,문학,두산,SSG,10.0,5.9685,-4.0315,6.0,5.7211,-0.2789,2.1552,16.0,11.6896,-4.3104,4.3104,-0.2473,-4.0,0.4869,두산,두산,True,50~55%,오버,오버,True,관망,,시즌 중반
2024,2024-08-10,20240810WOHH0,한밭,키움,한화,3.0,5.4488,2.4488,1.0,5.6355,4.6355,3.5422,4.0,11.0843,7.0843,7.0843,0.1868,-2.0,0.5685,한화,키움,False,55~60%,오버,언더,False,관망,,시즌 중반
2024,2024-08-11,20240811LTKT0,수원,롯데,KT,9.0,5.5134,-3.4866,7.0,5.3899,-1.6101,2.5484,16.0,10.9033,-5.0967,5.0967,-0.1235,-2.0,0.5103,KT,롯데,False,50~55%,오버,오버,True,관망,,시즌 중반
2024,2024-08-11,20240811NCLG0,잠실,NC,LG,3.0,5.2021,2.2021,4.0,5.8802,1.8802,2.0411,7.0,11.0823,4.0823,4.0823,0.6781,1.0,0.6564,LG,LG,True,65% 이상,오버,언더,False,NC +2.5,1.0,시즌 중반
2024,2024-08-11,20240811OBSK0,문학,두산,SSG,9.0,5.6607,-3.3393,11.0,5.4157,-5.5843,4.4618,20.0,11.0764,-8.9236,8.9236,-0.2451,2.0,0.4873,두산,SSG,False,50~55%,오버,오버,True,관망,,시즌 중반
2024,2024-08-11,20240811SSHT0,광주,삼성,KIA,5.0,5.5481,0.5481,4.0,6.1936,2.1936,1.3708,9.0,11.7417,2.7417,2.7417,0.6456,-1.0,0.6509,KIA,삼성,False,65% 이상,오버,오버,True,삼성 +2.5,1.0,시즌 중반
2024,2024-08-11,20240811WOHH0,한밭,키움,한화,7.0,5.2253,-1.7747,3.0,5.6083,2.6083,2.1915,10.0,10.8336,0.8336,0.8336,0.3831,-4.0,0.6045,한화,키움,False,60~65%,오버,오버,True,관망,,시즌 중반
2024,2024-08-13,20240813HTWO0,고척,KIA,키움,2.0,5.8852,3.8852,0.0,5.3923,5.3923,4.6387,2.0,11.2775,9.2775,9.2775,-0.4928,-2.0,0.4408,KIA,KIA,True,55~60%,오버,언더,False,관망,,시즌 중반
2024,2024-08-13,20240813KTSS0,대구,KT,삼성,2.0,5.127,3.127,7.0,5.7375,-1.2625,2.1947,9.0,10.8645,1.8645,1.8645,0.6106,5.0,0.6448,삼성,삼성,True,60~65%,오버,오버,True,KT +2.5,0.0,시즌 중반
2024,2024-08-13,20240813LGHH0,한밭,LG,한화,3.0,5.8713,2.8713,2.0,5.3878,3.3878,3.1295,5.0,11.259,6.259,6.259,-0.4835,-1.0,0.4425,LG,LG,True,55~60%,오버,언더,False,관망,,시즌 중반
2024,2024-08-13,20240813SKNC0,창원,SSG,NC,2.0,5.6259,3.6259,0.0,5.7318,5.7318,4.6788,2.0,11.3577,9.3577,9.3577,0.106,-2.0,0.5535,NC,SSG,False,55~60%,오버,언더,False,관망,,시즌 후반
2024,2024-08-14,20240814HTWO0,고척,KIA,키움,1.0,5.6564,4.6564,2.0,5.233,3.233,3.9447,3.0,10.8894,7.8894,7.8894,-0.4234,1.0,0.4537,KIA,키움,False,50~55%,오버,언더,False,관망,,시즌 후반
2024,2024-08-14,20240814KTSS0,대구,KT,삼성,1.0,5.0773,4.0773,3.0,5.4664,2.4664,3.2719,4.0,10.5437,6.5437,6.5437,0.389,2.0,0.6056,삼성,삼성,True,60~65%,오버,언더,False,관망,,시즌 후반
2024,2024-08-14,20240814LGHH0,한밭,LG,한화,5.0,5.6547,0.6547,9.0,5.5827,-3.4173,2.036,14.0,11.2373,-2.7627,2.7627,-0.072,4.0,0.52,한화,한화,True,50~55%,오버,오버,True,관망,,시즌 후반
2024,2024-08-14,20240814LTOB0,잠실,롯데,두산,12.0,5.328,-6.672,2.0,5.9919,3.9919,5.332,14.0,11.3199,-2.6801,2.6801,0.6639,-10.0,0.654,두산,롯데,False,65% 이상,오버,오버,True,롯데 +2.5,1.0,시즌 후반
2024,2024-08-15,20240815HTWO0,고척,KIA,키움,12.0,5.2853,-6.7147,1.0,5.0361,4.0361,5.3754,13.0,10.3214,-2.6786,2.6786,-0.2492,-11.0,0.4865,KIA,KIA,True,50~55%,오버,오버,True,관망,,시즌 후반
2024,2024-08-15,20240815KTSS0,대구,KT,삼성,5.0,5.0393,0.0393,3.0,5.227,2.227,1.1332,8.0,10.2663,2.2663,2.2663,0.1878,-2.0,0.5687,삼성,KT,False,55~60%,오버,언더,False,관망,,시즌 후반
2024,2024-08-15,20240815LGHH0,한밭,LG,한화,17.0,5.3127,-11.6873,3.0,5.2707,2.2707,6.979,20.0,10.5833,-9.4167,9.4167,-0.042,-14.0,0.5257,한화,LG,False,50~55%,오버,오버,True,관망,,시즌 후반
2024,2024-08-15,20240815LTOB0,잠실,롯데,두산,3.0,5.5041,2.5041,4.0,5.7468,1.7468,2.1254,7.0,11.2509,4.2509,4.2509,0.2427,1.0,0.5789,두산,두산,True,55~60%,오버,언더,False,관망,,시즌 후반
2024,2024-08-15,20240815SKNC0,창원,SSG,NC,10.0,5.4658,-4.5342,5.0,5.7613,0.7613,2.6477,15.0,11.2271,-3.7729,3.7729,0.2955,-5.0,0.5886,NC,SSG,False,55~60%,오버,오버,True,관망,,시즌 후반
2024,2024-08-16,20240816HHSK0,문학,한화,SSG,2.0,5.735,3.735,1.0,5.6429,4.6429,4.1889,3.0,11.3778,8.3778,8.3778,-0.0921,-1.0,0.5162,SSG,한화,False,50~55%,오버,언더,False,관망,,시즌 후반
2024,2024-08-16,20240816HTLG0,잠실,KIA,LG,3.0,5.3109,2.3109,2.0,5.2467,3.2467,2.7788,5.0,10.5576,5.5576,5.5576,-0.0642,-1.0,0.5215,LG,KIA,False,50~55%,오버,언더,False,관망,,시즌 후반
2024,2024-08-16,20240816OBKT0,수원,두산,KT,5.0,5.1648,0.1648,0.0,5.2795,5.2795,2.7222,5.0,10.4443,5.4443,5.4443,0.1146,-5.0,0.5551,KT,두산,False,55~60%,오버,언더,False,관망,,시즌 후반
2024,2024-08-16,20240816SSNC0,창원,삼성,NC,7.0,5.434,-1.566,3.0,5.0561,2.0561,1.811,10.0,10.4902,0.4902,0.4902,-0.3779,-4.0,0.4623,삼성,삼성,True,50~55%,오버,오버,True,관망,,시즌 후반
2024,2024-08-16,20240816WOLT0,사직,키움,롯데,0.0,5.0827,5.0827,4.0,5.4682,1.4682,3.2754,4.0,10.5508,6.5508,6.5508,0.3855,4.0,0.605,롯데,롯데,True,60~65%,오버,언더,False,관망,,시즌 후반
2024,2024-08-17,20240817HHSK0,문학,한화,SSG,8.0,5.6971,-2.3029,5.0,5.5171,0.5171,1.41,13.0,11.2142,-1.7858,1.7858,-0.1801,-3.0,0.4996,한화,한화,True,50~55%,오버,오버,True,관망,,시즌 후반
2024,2024-08-17,20240817HTLG0,잠실,KIA,LG,14.0,5.2016,-8.7984,4.0,5.1456,1.1456,4.972,18.0,10.3472,-7.6528,7.6528,-0.0559,-10.0,0.5231,LG,KIA,False,50~55%,오버,오버,True,관망,,시즌 후반
2024,2024-08-17,20240817OBKT0,수원,두산,KT,3.0,5.1437,2.1437,2.0,5.216,3.216,2.6799,5.0,10.3597,5.3597,5.3597,0.0723,-1.0,0.5472,KT,두산,False,50~55%,오버,언더,False,관망,,시즌 후반
2024,2024-08-17,20240817SSNC0,창원,삼성,NC,5.0,5.434,0.434,4.0,5.0561,1.0561,0.7451,9.0,10.4902,1.4902,1.4902,-0.3779,-1.0,0.4623,삼성,삼성,True,50~55%,오버,오버,True,관망,,시즌 후반
2024,2024-08-17,20240817WOLT0,사직,키움,롯데,8.0,4.6209,-3.3791,7.0,5.2982,-1.7018,2.5405,15.0,9.9191,-5.0809,5.0809,0.6773,-1.0,0.6563,롯데,키움,False,65% 이상,오버,오버,True,키움 +2.5,1.0,시즌 후반
2024,2024-08-18,20240818HHSK0,문학,한화,SSG,7.0,5.7135,-1.2865,1.0,5.4899,4.4899,2.8882,8.0,11.2034,3.2034,3.2034,-0.2236,-6.0,0.4914,한화,한화,True,50~55%,오버,언더,False,관망,,시즌 후반
2024,2024-08-18,20240818HTLG0,잠실,KIA,LG,4.0,5.2647,1.2647,0.0,5.0164,5.0164,3.1406,4.0,10.2812,6.2812,6.2812,-0.2483,-4.0,0.4867,KIA,KIA,True,50~55%,오버,언더,False,관망,,시즌 후반
2024,2024-08-18,20240818OBKT0,수원,두산,KT,4.0,5.4784,1.4784,5.0,5.1686,0.1686,0.8235,9.0,10.647,1.647,1.647,-0.3099,1.0,0.4751,두산,KT,False,50~55%,오버,오버,True,관망,,시즌 후반
2024,2024-08-18,20240818SSNC0,창원,삼성,NC,5.0,5.5062,0.5062,3.0,5.0542,2.0542,1.2802,8.0,10.5604,2.5604,2.5604,-0.452,-2.0,0.4484,삼성,삼성,True,55~60%,오버,언더,False,관망,,시즌 후반
2024,2024-08-18,20240818WOLT0,사직,키움,롯데,4.0,5.1049,1.1049,5.0,5.4249,0.4249,0.7649,9.0,10.5298,1.5298,1.5298,0.3199,1.0,0.593,롯데,롯데,True,55~60%,오버,오버,True,관망,,시즌 후반
2024,2024-08-20,20240820NCHH0,청주,NC,한화,2.0,5.2757,3.2757,3.0,5.7022,2.7022,2.989,5.0,10.978,5.978,5.978,0.4265,1.0,0.6123,한화,한화,True,60~65%,오버,언더,False,관망,,시즌 후반
2024,2024-08-20,20240820OBSS0,포항,두산,삼성,0.0,4.967,4.967,3.0,5.2472,2.2472,3.6071,3.0,10.2143,7.2143,7.2143,0.2802,3.0,0.5858,삼성,삼성,True,55~60%,오버,언더,False,관망,,시즌 후반
2024,2024-08-20,20240820SKLG0,잠실,SSG,LG,3.0,4.9819,1.9819,4.0,5.6516,1.6516,1.8167,7.0,10.6335,3.6335,3.6335,0.6696,1.0,0.655,LG,LG,True,65% 이상,오버,언더,False,SSG +2.5,1.0,시즌 후반
2024,2024-08-20,20240820WOKT0,수원,키움,KT,3.0,5.1196,2.1196,2.0,4.8557,2.8557,2.4876,5.0,9.9753,4.9753,4.9753,-0.2639,-1.0,0.4838,키움,키움,True,50~55%,오버,언더,False,관망,,시즌 후반
2024,2024-08-21,20240821LTHT0,광주,롯데,KIA,5.0,4.8681,-0.1319,6.0,5.0013,-0.9987,0.5653,11.0,9.8695,-1.1305,1.1305,0.1332,1.0,0.5586,KIA,KIA,True,55~60%,오버,오버,True,관망,,시즌 후반
2024,2024-08-21,20240821NCHH0,청주,NC,한화,8.0,5.4228,-2.5772,2.0,5.7123,3.7123,3.1448,10.0,11.1351,1.1351,1.1351,0.2895,-6.0,0.5875,한화,NC,False,55~60%,오버,오버,True,관망,,시즌 후반
2024,2024-08-21,20240821OBSS0,포항,두산,삼성,5.0,5.0758,0.0758,2.0,5.3269,3.3269,1.7013,7.0,10.4026,3.4026,3.4026,0.2511,-3.0,0.5804,삼성,두산,False,55~60%,오버,언더,False,관망,,시즌 후반
2024,2024-08-21,20240821SKLG0,잠실,SSG,LG,5.0,5.0006,0.0006,1.0,5.7476,4.7476,2.3741,6.0,10.7482,4.7482,4.7482,0.747,-4.0,0.6681,LG,SSG,False,65% 이상,오버,언더,False,SSG +2.5,1.0,시즌 후반
2024,2024-08-21,20240821WOKT0,수원,키움,KT,0.0,5.1679,5.1679,5.0,4.8557,-0.1443,2.6561,5.0,10.0236,5.0236,5.0236,-0.3122,5.0,0.4747,키움,KT,False,50~55%,오버,언더,False,관망,,시즌 후반
2024,2024-08-22,20240822LTHT0,광주,롯데,KIA,4.0,5.1774,1.1774,6.0,5.2695,-0.7305,0.9539,10.0,10.447,0.447,0.447,0.0921,2.0,0.5509,KIA,KIA,True,55~60%,오버,오버,True,관망,,시즌 후반
2024,2024-08-22,20240822SKLG0,잠실,SSG,LG,3.0,4.9611,1.9611,13.0,5.6396,-7.3604,4.6608,16.0,10.6007,-5.3993,5.3993,0.6784,10.0,0.6565,LG,LG,True,65% 이상,오버,오버,True,SSG +2.5,0.0,시즌 후반
2024,2024-08-22,20240822WOKT0,수원,키움,KT,2.0,4.868,2.868,3.0,4.8557,1.8557,2.3618,5.0,9.7237,4.7237,4.7237,-0.0123,1.0,0.5313,KT,KT,True,50~55%,오버,언더,False,관망,,시즌 후반
2024,2024-08-23,20240823HHOB0,잠실,한화,두산,7.0,5.3671,-1.6329,4.0,5.2528,1.2528,1.4429,11.0,10.6199,-0.3801,0.3801,-0.1143,-3.0,0.5121,두산,한화,False,50~55%,오버,오버,True,관망,,시즌 후반
2024,2024-08-23,20240823HTNC0,창원,KIA,NC,4.0,5.2828,1.2828,17.0,5.3491,-11.6509,6.4669,21.0,10.6319,-10.3681,10.3681,0.0662,13.0,0.5461,NC,NC,True,50~55%,오버,오버,True,관망,,시즌 후반
2024,2024-08-23,20240823KTSK0,문학,KT,SSG,11.0,5.3929,-5.6071,6.0,4.7431,-1.2569,3.432,17.0,10.136,-6.864,6.864,-0.6498,-5.0,0.4117,KT,KT,True,55~60%,오버,오버,True,SSG +2.5,0.0,시즌 후반
2024,2024-08-23,20240823LGWO0,고척,LG,키움,3.0,5.4098,2.4098,9.0,4.582,-4.418,3.4139,12.0,9.9919,-2.0081,2.0081,-0.8278,6.0,0.3796,LG,키움,False,60~65%,오버,오버,True,키움 +2.5,1.0,시즌 후반
2024,2024-08-23,20240823LTSS0,대구,롯데,삼성,3.0,4.9034,1.9034,5.0,5.2438,0.2438,1.0736,8.0,10.1472,2.1472,2.1472,0.3405,2.0,0.5968,삼성,삼성,True,55~60%,오버,언더,False,관망,,시즌 후반
2024,2024-08-24,20240824HHOB0,잠실,한화,두산,7.0,5.2586,-1.7414,6.0,5.3626,-0.6374,1.1894,13.0,10.6212,-2.3788,2.3788,0.104,-1.0,0.5531,두산,한화,False,55~60%,오버,오버,True,관망,,시즌 후반
2024,2024-08-24,20240824HTNC0,창원,KIA,NC,2.0,5.439,3.439,0.0,5.1735,5.1735,4.3063,2.0,10.6126,8.6126,8.6126,-0.2655,-2.0,0.4835,KIA,KIA,True,50~55%,오버,언더,False,관망,,시즌 후반
2024,2024-08-24,20240824KTSK0,문학,KT,SSG,9.0,5.4471,-3.5529,3.0,5.294,2.294,2.9235,12.0,10.7411,-1.2589,1.2589,-0.153,-6.0,0.5047,SSG,KT,False,50~55%,오버,오버,True,관망,,시즌 후반
2024,2024-08-24,20240824LGWO0,고척,LG,키움,7.0,5.3194,-1.6806,0.0,4.6021,4.6021,3.1413,7.0,9.9215,2.9215,2.9215,-0.7173,-7.0,0.3994,LG,LG,True,60~65%,오버,언더,False,키움 +2.5,0.0,시즌 후반
2024,2024-08-24,20240824LTSS0,대구,롯데,삼성,11.0,5.0131,-5.9869,3.0,4.9484,1.9484,3.9676,14.0,9.9614,-4.0386,4.0386,-0.0647,-8.0,0.5214,삼성,롯데,False,50~55%,오버,오버,True,관망,,시즌 후반
2024,2024-08-25,20240825HHOB0,잠실,한화,두산,3.0,5.1089,2.1089,1.0,5.3233,4.3233,3.2161,4.0,10.4321,6.4321,6.4321,0.2144,-2.0,0.5737,두산,한화,False,55~60%,오버,언더,False,관망,,시즌 후반
2024,2024-08-25,20240825HTNC0,창원,KIA,NC,2.0,5.1675,3.1675,8.0,5.2012,-2.7988,2.9832,10.0,10.3687,0.3687,0.3687,0.0336,6.0,0.5399,NC,NC,True,50~55%,오버,오버,True,관망,,시즌 후반
2024,2024-08-25,20240825KTSK0,문학,KT,SSG,3.0,5.4792,2.4792,4.0,5.2793,1.2793,1.8793,7.0,10.7585,3.7585,3.7585,-0.1999,1.0,0.4959,KT,SSG,False,50~55%,오버,언더,False,관망,,시즌 후반
2024,2024-08-25,20240825LGWO0,고척,LG,키움,4.0,5.2831,1.2831,6.0,4.7033,-1.2967,1.2899,10.0,9.9864,-0.0136,0.0136,-0.5797,2.0,0.4246,LG,키움,False,55~60%,오버,오버,True,키움 +2.5,1.0,시즌 후반
2024,2024-08-25,20240825LTSS0,대구,롯데,삼성,5.0,5.0926,0.0926,10.0,5.1244,-4.8756,2.4841,15.0,10.217,-4.783,4.783,0.0319,5.0,0.5396,삼성,삼성,True,50~55%,오버,오버,True,관망,,시즌 후반
2024,2024-08-27,20240827HHLT0,사직,한화,롯데,1.0,5.3001,4.3001,3.0,5.295,2.295,3.2976,4.0,10.5951,6.5951,6.5951,-0.0051,2.0,0.5326,롯데,롯데,True,50~55%,오버,언더,False,관망,,시즌 후반
2024,2024-08-27,20240827KTLG0,잠실,KT,LG,1.0,4.9967,3.9967,6.0,5.3136,-0.6864,2.3416,7.0,10.3103,3.3103,3.3103,0.3169,5.0,0.5925,LG,LG,True,55~60%,오버,언더,False,관망,,시즌 후반
2024,2024-08-27,20240827OBNC0,창원,두산,NC,13.0,5.3951,-7.6049,7.0,5.2342,-1.7658,4.6854,20.0,10.6293,-9.3707,9.3707,-0.1608,-6.0,0.5033,NC,두산,False,50~55%,오버,오버,True,관망,,시즌 후반
2024,2024-08-27,20240827SKHT0,광주,SSG,KIA,4.0,5.0461,1.0461,10.0,5.8609,-4.1391,2.5926,14.0,10.9069,-3.0931,3.0931,0.8148,6.0,0.6794,KIA,KIA,True,65% 이상,오버,오버,True,SSG +2.5,0.0,시즌 후반
2024,2024-08-27,20240827SSWO0,고척,삼성,키움,1.0,5.3373,4.3373,0.0,4.4859,4.4859,4.4116,1.0,9.8233,8.8233,8.8233,-0.8514,-1.0,0.3754,삼성,삼성,True,60~65%,오버,언더,False,키움 +2.5,1.0,시즌 후반
2024,2024-08-28,20240828HHLT0,사직,한화,롯데,7.0,5.1641,-1.8359,0.0,5.316,5.316,3.5759,7.0,10.4801,3.4801,3.4801,0.1519,-7.0,0.562,롯데,한화,False,55~60%,오버,언더,False,관망,,시즌 후반
2024,2024-08-28,20240828KTLG0,잠실,KT,LG,8.0,4.9469,-3.0531,4.0,5.424,1.424,2.2386,12.0,10.3709,-1.6291,1.6291,0.4771,-4.0,0.6214,LG,KT,False,60~65%,오버,오버,True,관망,,시즌 후반
2024,2024-08-28,20240828OBNC0,창원,두산,NC,8.0,5.3945,-2.6055,1.0,5.2292,4.2292,3.4173,9.0,10.6236,1.6236,1.6236,-0.1653,-7.0,0.5024,NC,두산,False,50~55%,오버,오버,True,관망,,시즌 후반
2024,2024-08-28,20240828SKHT0,광주,SSG,KIA,6.0,4.8108,-1.1892,7.0,5.807,-1.193,1.1911,13.0,10.6178,-2.3822,2.3822,0.9963,1.0,0.7085,KIA,KIA,True,65% 이상,오버,오버,True,SSG +2.5,1.0,시즌 후반
2024,2024-08-28,20240828SSWO0,고척,삼성,키움,9.0,5.2483,-3.7517,5.0,4.4912,-0.5088,2.1302,14.0,9.7396,-4.2604,4.2604,-0.7571,-4.0,0.3922,삼성,삼성,True,60~65%,오버,오버,True,키움 +2.5,0.0,시즌 후반
2024,2024-08-29,20240829HHLT0,사직,한화,롯데,11.0,5.1391,-5.8609,14.0,5.2607,-8.7393,7.3001,25.0,10.3997,-14.6003,14.6003,0.1216,3.0,0.5564,롯데,롯데,True,55~60%,오버,오버,True,관망,,시즌 후반
2024,2024-08-29,20240829KTLG0,잠실,KT,LG,8.0,4.9902,-3.0098,7.0,5.3313,-1.6687,2.3393,15.0,10.3215,-4.6785,4.6785,0.3411,-1.0,0.5969,LG,KT,False,55~60%,오버,오버,True,관망,,시즌 후반
2024,2024-08-29,20240829OBNC0,창원,두산,NC,2.0,5.3811,3.3811,10.0,5.0595,-4.9405,4.1608,12.0,10.4406,-1.5594,1.5594,-0.3216,8.0,0.4729,두산,NC,False,50~55%,오버,오버,True,관망,,시즌 후반
2024,2024-08-29,20240829SKHT0,광주,SSG,KIA,10.0,4.9538,-5.0462,4.0,6.1961,2.1961,3.6211,14.0,11.1499,-2.8501,2.8501,1.2423,-6.0,0.7454,KIA,SSG,False,65% 이상,오버,오버,True,SSG +2.5,1.0,시즌 후반
2024,2024-08-29,20240829SSWO0,고척,삼성,키움,1.0,5.3641,4.3641,0.0,4.572,4.572,4.468,1.0,9.9361,8.9361,8.9361,-0.7921,-1.0,0.3859,삼성,삼성,True,60~65%,오버,언더,False,키움 +2.5,1.0,시즌 후반
2024,2024-08-30,20240830LGKT0,수원,LG,KT,11.0,5.3783,-5.6217,7.0,5.0042,-1.9958,3.8087,18.0,10.3825,-7.6175,7.6175,-0.3741,-4.0,0.463,LG,LG,True,50~55%,오버,오버,True,관망,,시즌 후반
2024,2024-08-30,20240830LTWO0,고척,롯데,키움,8.0,5.1476,-2.8524,2.0,4.8452,2.8452,2.8488,10.0,9.9928,-0.0072,0.0072,-0.3024,-6.0,0.4765,롯데,롯데,True,50~55%,오버,오버,True,관망,,시즌 후반
2024,2024-08-31,20240831HTSS0,대구,KIA,삼성,15.0,5.0398,-9.9602,13.0,5.2099,-7.7901,8.8752,28.0,10.2497,-17.7503,17.7503,0.1702,-2.0,0.5655,삼성,KIA,False,55~60%,오버,오버,True,관망,,시즌 후반
2024,2024-08-31,20240831KTHH0,한밭,KT,한화,6.0,4.9602,-1.0398,2.0,5.3866,3.3866,2.2132,8.0,10.3468,2.3468,2.3468,0.4264,-4.0,0.6123,한화,KT,False,60~65%,오버,언더,False,관망,,시즌 후반
2024,2024-08-31,20240831LTOB0,잠실,롯데,두산,7.0,5.005,-1.995,4.0,5.5634,1.5634,1.7792,11.0,10.5685,-0.4315,0.4315,0.5584,-3.0,0.6357,두산,롯데,False,60~65%,오버,오버,True,롯데 +2.5,1.0,시즌 후반
2024,2024-08-31,20240831NCSK0,문학,NC,SSG,7.0,5.6235,-1.3765,2.0,5.1777,3.1777,2.2771,9.0,10.8013,1.8013,1.8013,-0.4458,-5.0,0.4495,NC,NC,True,55~60%,오버,오버,True,관망,,시즌 후반
2024,2024-09-01,20240901HTSS0,대구,KIA,삼성,6.0,5.0887,-0.9113,5.0,5.1878,0.1878,0.5496,11.0,10.2765,-0.7235,0.7235,0.0991,-1.0,0.5522,삼성,KIA,False,55~60%,오버,오버,True,관망,,시즌 후반
2024,2024-09-01,20240901LTOB0,잠실,롯데,두산,4.0,5.2877,1.2877,3.0,5.5262,2.5262,1.9069,7.0,10.8138,3.8138,3.8138,0.2385,-1.0,0.5781,두산,롯데,False,55~60%,오버,언더,False,관망,,시즌 후반
2024,2024-09-01,20240901NCSK0,문학,NC,SSG,8.0,5.4823,-2.5177,2.0,5.1701,3.1701,2.8439,10.0,10.6524,0.6524,0.6524,-0.3123,-6.0,0.4746,NC,NC,True,50~55%,오버,오버,True,관망,,시즌 후반
2024,2024-09-03,20240903LGHT0,광주,LG,KIA,5.0,5.0503,0.0503,7.0,5.2649,-1.7351,0.8927,12.0,10.3152,-1.6848,1.6848,0.2146,2.0,0.5737,KIA,KIA,True,55~60%,오버,오버,True,관망,,시즌 후반
2024,2024-09-03,20240903LTSS0,대구,롯데,삼성,1.0,5.0951,4.0951,5.0,5.2516,0.2516,2.1734,6.0,10.3468,4.3468,4.3468,0.1565,4.0,0.5629,삼성,삼성,True,55~60%,오버,언더,False,관망,,시즌 후반
2024,2024-09-03,20240903OBHH0,한밭,두산,한화,1.0,5.1108,4.1108,7.0,5.2787,-1.7213,2.916,8.0,10.3895,2.3895,2.3895,0.1679,6.0,0.565,한화,한화,True,55~60%,오버,언더,False,관망,,시즌 후반
2024,2024-09-03,20240903WONC0,창원,키움,NC,5.0,4.5021,-0.4979,11.0,5.1037,-5.8963,3.1971,16.0,9.6058,-6.3942,6.3942,0.6016,6.0,0.6433,NC,NC,True,60~65%,오버,오버,True,키움 +2.5,0.0,시즌 후반
2024,2024-09-04,20240904HHHT0,광주,한화,KIA,5.0,5.2406,0.2406,4.0,5.588,1.588,0.9143,9.0,10.8287,1.8287,1.8287,0.3474,-1.0,0.5981,KIA,한화,False,55~60%,오버,오버,True,관망,,시즌 후반
2024,2024-09-04,20240904KTLT0,사직,KT,롯데,5.0,4.9134,-0.0866,7.0,5.1478,-1.8522,0.9694,12.0,10.0612,-1.9388,1.9388,0.2345,2.0,0.5774,롯데,롯데,True,55~60%,오버,오버,True,관망,,시즌 후반
2024,2024-09-04,20240904OBSS0,대구,두산,삼성,3.0,5.3551,2.3551,7.0,5.4242,-1.5758,1.9655,10.0,10.7793,0.7793,0.7793,0.069,4.0,0.5466,삼성,삼성,True,50~55%,오버,오버,True,관망,,시즌 후반
2024,2024-09-04,20240904SKLG0,잠실,SSG,LG,0.0,5.0317,5.0317,5.0,5.5962,0.5962,2.814,5.0,10.628,5.628,5.628,0.5645,5.0,0.6368,LG,LG,True,60~65%,오버,언더,False,SSG +2.5,0.0,시즌 후반
2024,2024-09-04,20240904WONC0,창원,키움,NC,6.0,4.6672,-1.3328,13.0,5.3778,-7.6222,4.4775,19.0,10.045,-8.955,8.955,0.7107,7.0,0.662,NC,NC,True,65% 이상,오버,오버,True,키움 +2.5,0.0,시즌 후반
2024,2024-09-05,20240905HHHT0,광주,한화,KIA,3.0,5.3676,2.3676,4.0,5.3933,1.3933,1.8805,7.0,10.7609,3.7609,3.7609,0.0257,1.0,0.5384,KIA,KIA,True,50~55%,오버,언더,False,관망,,시즌 후반
2024,2024-09-05,20240905KTLT0,사직,KT,롯데,12.0,5.0505,-6.9495,2.0,5.2894,3.2894,5.1195,14.0,10.3399,-3.6601,3.6601,0.2389,-10.0,0.5782,롯데,KT,False,55~60%,오버,오버,True,관망,,시즌 후반
2024,2024-09-05,20240905SKLG0,잠실,SSG,LG,4.0,5.0918,1.0918,2.0,5.7324,3.7324,2.4121,6.0,10.8241,4.8241,4.8241,0.6406,-2.0,0.65,LG,SSG,False,65% 이상,오버,언더,False,SSG +2.5,1.0,시즌 후반
2024,2024-09-05,20240905WONC0,창원,키움,NC,12.0,4.9505,-7.0495,7.0,5.5575,-1.4425,4.246,19.0,10.508,-8.492,8.492,0.607,-5.0,0.6442,NC,키움,False,60~65%,오버,오버,True,키움 +2.5,1.0,시즌 후반
2024,2024-09-06,20240906HHLG0,잠실,한화,LG,3.0,5.1732,2.1732,1.0,5.2415,4.2415,3.2073,4.0,10.4147,6.4147,6.4147,0.0683,-2.0,0.5464,LG,한화,False,50~55%,오버,언더,False,관망,,시즌 후반
2024,2024-09-06,20240906KTNC0,창원,KT,NC,9.0,5.151,-3.849,3.0,5.5883,2.5883,3.2186,12.0,10.7393,-1.2607,1.2607,0.4373,-6.0,0.6143,NC,KT,False,60~65%,오버,오버,True,관망,,시즌 후반
2024,2024-09-06,20240906SSLT0,사직,삼성,롯데,7.0,5.4071,-1.5929,2.0,4.9406,2.9406,2.2668,9.0,10.3477,1.3477,1.3477,-0.4664,-5.0,0.4457,삼성,삼성,True,55~60%,오버,오버,True,관망,,시즌 후반
2024,2024-09-06,20240906WOHT0,광주,키움,KIA,0.0,4.9442,4.9442,14.0,5.899,-8.101,6.5226,14.0,10.8432,-3.1568,3.1568,0.9548,14.0,0.702,KIA,KIA,True,65% 이상,오버,오버,True,키움 +2.5,0.0,시즌 후반
2024,2024-09-07,20240907HHLG0,잠실,한화,LG,3.0,5.0571,2.0571,9.0,5.2433,-3.7567,2.9069,12.0,10.3004,-1.6996,1.6996,0.1862,6.0,0.5684,LG,LG,True,55~60%,오버,오버,True,관망,,시즌 후반
2024,2024-09-07,20240907NCSS0,대구,NC,삼성,9.0,5.2441,-3.7559,1.0,5.5694,4.5694,4.1627,10.0,10.8135,0.8135,0.8135,0.3253,-8.0,0.594,삼성,NC,False,55~60%,오버,오버,True,관망,,시즌 후반
2024,2024-09-07,20240907OBKT0,수원,두산,KT,12.0,5.968,-6.032,2.0,4.9274,2.9274,4.4797,14.0,10.8954,-3.1046,3.1046,-1.0407,-10.0,0.3425,두산,두산,True,65% 이상,오버,오버,True,KT +2.5,0.0,시즌 후반
2024,2024-09-07,20240907WOHT0,광주,키움,KIA,2.0,4.7422,2.7422,6.0,6.0293,0.0293,1.3857,8.0,10.7714,2.7714,2.7714,1.2871,4.0,0.7518,KIA,KIA,True,65% 이상,오버,언더,False,키움 +2.5,0.0,시즌 후반
2024,2024-09-08,20240908HHLG0,잠실,한화,LG,3.0,5.0751,2.0751,14.0,5.2539,-8.7461,5.4106,17.0,10.3289,-6.6711,6.6711,0.1788,11.0,0.5671,LG,LG,True,55~60%,오버,오버,True,관망,,시즌 후반
2024,2024-09-08,20240908NCSS0,대구,NC,삼성,2.0,5.1538,3.1538,10.0,5.3957,-4.6043,3.879,12.0,10.5495,-1.4505,1.4505,0.242,8.0,0.5787,삼성,삼성,True,55~60%,오버,오버,True,관망,,시즌 후반
2024,2024-09-08,20240908SKLT0,사직,SSG,롯데,11.0,5.4231,-5.5769,6.0,5.6021,-0.3979,2.9874,17.0,11.0252,-5.9748,5.9748,0.179,-5.0,0.5671,롯데,SSG,False,55~60%,오버,오버,True,관망,,시즌 후반
2024,2024-09-08,20240908WOHT0,광주,키움,KIA,2.0,4.9924,2.9924,5.0,6.4155,1.4155,2.2039,7.0,11.4079,4.4079,4.4079,1.4231,3.0,0.7704,KIA,KIA,True,65% 이상,오버,언더,False,키움 +2.5,0.0,시즌 후반
2024,2024-09-10,20240910HHSK0,문학,한화,SSG,0.0,5.7529,5.7529,5.0,5.3657,0.3657,3.0593,5.0,11.1186,6.1186,6.1186,-0.3872,5.0,0.4605,한화,SSG,False,50~55%,오버,언더,False,관망,,시즌 후반
2024,2024-09-10,20240910LTLG0,잠실,롯데,LG,2.0,5.1841,3.1841,1.0,5.5437,4.5437,3.8639,3.0,10.7278,7.7278,7.7278,0.3596,-1.0,0.6003,LG,롯데,False,60~65%,오버,언더,False,관망,,시즌 후반
2024,2024-09-10,20240910NCKT0,수원,NC,KT,8.0,5.4638,-2.5362,11.0,5.4736,-5.5264,4.0313,19.0,10.9373,-8.0627,8.0627,0.0098,3.0,0.5355,KT,KT,True,50~55%,오버,오버,True,관망,,시즌 후반
2024,2024-09-10,20240910OBWO0,고척,두산,키움,1.0,5.6488,4.6488,7.0,4.6725,-2.3275,3.4882,8.0,10.3213,2.3213,2.3213,-0.9763,6.0,0.3535,두산,키움,False,60~65%,오버,언더,False,키움 +2.5,1.0,시즌 후반
2024,2024-09-11,20240911LTSK0,문학,롯데,SSG,10.0,5.5263,-4.4737,2.0,5.2312,3.2312,3.8525,12.0,10.7575,-1.2425,1.2425,-0.2951,-8.0,0.4779,롯데,롯데,True,50~55%,오버,오버,True,관망,,시즌 후반
2024,2024-09-11,20240911NCKT0,수원,NC,KT,1.0,5.8606,4.8606,2.0,5.7286,3.7286,4.2946,3.0,11.5893,8.5893,8.5893,-0.132,1.0,0.5087,KT,KT,True,50~55%,오버,언더,False,관망,,시즌 후반
2024,2024-09-11,20240911SSHH0,한밭,삼성,한화,10.0,5.3201,-4.6799,1.0,4.6828,3.6828,4.1813,11.0,10.0028,-0.9972,0.9972,-0.6373,-9.0,0.414,삼성,삼성,True,55~60%,오버,오버,True,한화 +2.5,0.0,시즌 후반
2024,2024-09-11,20240911WOLG0,잠실,키움,LG,9.0,4.6026,-4.3974,5.0,5.6772,0.6772,2.5373,14.0,10.2799,-3.7201,3.7201,1.0746,-4.0,0.7206,LG,키움,False,65% 이상,오버,오버,True,키움 +2.5,1.0,시즌 후반
2024,2024-09-12,20240912LTHT0,광주,롯데,KIA,0.0,4.7149,4.7149,10.0,5.2462,-4.7538,4.7344,10.0,9.9611,-0.0389,0.0389,0.5313,10.0,0.631,KIA,KIA,True,60~65%,오버,오버,True,롯데 +2.5,0.0,시즌 후반
2024,2024-09-12,20240912NCKT0,수원,NC,KT,4.0,5.9557,1.9557,10.0,5.4696,-4.5304,3.2431,14.0,11.4254,-2.5746,2.5746,-0.4861,6.0,0.442,NC,KT,False,55~60%,오버,오버,True,관망,,시즌 후반
2024,2024-09-12,20240912SSHH0,한밭,삼성,한화,7.0,5.5115,-1.4885,1.0,5.1999,4.1999,2.8442,8.0,10.7114,2.7114,2.7114,-0.3116,-6.0,0.4748,삼성,삼성,True,50~55%,오버,언더,False,관망,,시즌 후반
2024,2024-09-13,20240913HHLT0,사직,한화,롯데,8.0,5.7445,-2.2555,4.0,6.0391,2.0391,2.1473,12.0,11.7837,-0.2163,0.2163,0.2946,-4.0,0.5884,롯데,한화,False,55~60%,오버,오버,True,관망,,시즌 후반
2024,2024-09-14,20240914HHLT0,사직,한화,롯데,9.0,5.6104,-3.3896,12.0,5.7775,-6.2225,4.8061,21.0,11.3879,-9.6121,9.6121,0.1671,3.0,0.5649,롯데,롯데,True,55~60%,오버,오버,True,관망,,시즌 후반
2024,2024-09-14,20240914KTOB0,잠실,KT,두산,1.0,4.8061,3.8061,2.0,5.3244,3.3244,3.5653,3.0,10.1305,7.1305,7.1305,0.5183,1.0,0.6287,두산,두산,True,60~65%,오버,언더,False,KT +2.5,1.0,시즌 후반
2024,2024-09-14,20240914LGNC0,창원,LG,NC,10.0,5.4245,-4.5755,7.0,5.1554,-1.8446,3.21,17.0,10.58,-6.42,6.42,-0.2691,-3.0,0.4828,LG,LG,True,50~55%,오버,오버,True,관망,,시즌 후반
2024,2024-09-14,20240914SSSK0,문학,삼성,SSG,9.0,5.2019,-3.7981,11.0,5.0224,-5.9776,4.8878,20.0,10.2243,-9.7757,9.7757,-0.1795,2.0,0.4997,삼성,SSG,False,50~55%,오버,오버,True,관망,,시즌 후반
2024,2024-09-14,20240914WOHT0,광주,키움,KIA,2.0,5.1582,3.1582,3.0,5.8494,2.8494,3.0038,5.0,11.0076,6.0076,6.0076,0.6912,1.0,0.6587,KIA,KIA,True,65% 이상,오버,언더,False,키움 +2.5,1.0,시즌 후반
2024,2024-09-15,20240915HHLT0,사직,한화,롯데,9.0,5.6391,-3.3609,16.0,5.8721,-10.1279,6.7444,25.0,11.5112,-13.4888,13.4888,0.2329,7.0,0.5771,롯데,롯데,True,55~60%,오버,오버,True,관망,,시즌 후반
2024,2024-09-15,20240915LGNC0,창원,LG,NC,1.0,5.5216,4.5216,4.0,5.1995,1.1995,2.8606,5.0,10.7211,5.7211,5.7211,-0.3221,3.0,0.4728,LG,NC,False,50~55%,오버,언더,False,관망,,시즌 후반
2024,2024-09-15,20240915SSSK0,문학,삼성,SSG,9.0,5.4504,-3.5496,14.0,4.9889,-9.0111,6.2804,23.0,10.4393,-12.5607,12.5607,-0.4615,5.0,0.4466,삼성,SSG,False,55~60%,오버,오버,True,관망,,시즌 후반
2024,2024-09-15,20240915WOHT0,광주,키움,KIA,10.0,5.1171,-4.8829,5.0,5.7943,0.7943,2.8386,15.0,10.9115,-4.0885,4.0885,0.6772,-5.0,0.6563,KIA,키움,False,65% 이상,오버,오버,True,키움 +2.5,1.0,시즌 후반
2024,2024-09-16,20240916HTKT0,수원,KIA,KT,11.0,5.5087,-5.4913,5.0,4.9976,-0.0024,2.7468,16.0,10.5063,-5.4937,5.4937,-0.5111,-6.0,0.4374,KIA,KIA,True,55~60%,오버,오버,True,KT +2.5,0.0,시즌 후반
2024,2024-09-16,20240916WOOB0,잠실,키움,두산,4.0,4.5175,0.5175,5.0,5.6494,0.6494,0.5835,9.0,10.167,1.167,1.167,1.1319,1.0,0.7292,두산,두산,True,65% 이상,오버,오버,True,키움 +2.5,1.0,시즌 후반
2024,2024-09-17,20240917HHNC0,창원,한화,NC,4.0,5.6262,1.6262,1.0,5.7118,4.7118,3.169,5.0,11.338,6.338,6.338,0.0855,-3.0,0.5497,NC,한화,False,50~55%,오버,언더,False,관망,,시즌 후반
2024,2024-09-17,20240917HTSK0,문학,KIA,SSG,0.0,5.5389,5.5389,2.0,5.0272,3.0272,4.2831,2.0,10.5662,8.5662,8.5662,-0.5117,2.0,0.4372,KIA,SSG,False,55~60%,오버,언더,False,SSG +2.5,1.0,시즌 후반
2024,2024-09-17,20240917KTWO0,고척,KT,키움,4.0,5.4718,1.4718,2.0,4.9664,2.9664,2.2191,6.0,10.4382,4.4382,4.4382,-0.5055,-2.0,0.4384,KT,KT,True,55~60%,오버,언더,False,키움 +2.5,1.0,시즌 후반
2024,2024-09-17,20240917LGLT0,사직,LG,롯데,3.0,5.3779,2.3779,7.0,4.982,-2.018,2.1979,10.0,10.3599,0.3599,0.3599,-0.3959,4.0,0.4589,LG,롯데,False,50~55%,오버,오버,True,관망,,시즌 후반
2024,2024-09-17,20240917SSOB0,잠실,삼성,두산,4.0,5.3244,1.3244,8.0,5.3295,-2.6705,1.9974,12.0,10.6539,-1.3461,1.3461,0.0052,4.0,0.5346,두산,두산,True,50~55%,오버,오버,True,관망,,시즌 후반
2024,2024-09-18,20240918HHNC0,창원,한화,NC,2.0,5.6623,3.6623,5.0,5.5954,0.5954,2.1289,7.0,11.2578,4.2578,4.2578,-0.0669,3.0,0.521,NC,NC,True,50~55%,오버,언더,False,관망,,시즌 후반
2024,2024-09-18,20240918LGLT0,사직,LG,롯데,5.0,5.4478,0.4478,3.0,5.0367,2.0367,1.2423,8.0,10.4845,2.4845,2.4845,-0.4111,-2.0,0.4561,LG,LG,True,50~55%,오버,언더,False,관망,,시즌 후반
2024,2024-09-18,20240918SSKT0,수원,삼성,KT,8.0,5.5155,-2.4845,6.0,5.0298,-0.9702,1.7274,14.0,10.5453,-3.4547,3.4547,-0.4857,-2.0,0.4421,삼성,삼성,True,55~60%,오버,오버,True,관망,,시즌 후반
2024,2024-09-19,20240919HHNC0,창원,한화,NC,7.0,5.6623,-1.3377,6.0,5.7054,-0.2946,0.8161,13.0,11.3678,-1.6322,1.6322,0.0431,-1.0,0.5417,NC,한화,False,50~55%,오버,오버,True,관망,,시즌 후반
2024,2024-09-19,20240919HTOB0,잠실,KIA,두산,4.0,5.0939,1.0939,9.0,5.5395,-3.4605,2.2772,13.0,10.6334,-2.3666,2.3666,0.4456,5.0,0.6158,두산,두산,True,60~65%,오버,오버,True,관망,,시즌 후반
2024,2024-09-19,20240919LGLT0,사직,LG,롯데,7.0,5.5239,-1.4761,4.0,5.0167,1.0167,1.2464,11.0,10.5406,-0.4594,0.4594,-0.5072,-3.0,0.4381,LG,LG,True,55~60%,오버,오버,True,롯데 +2.5,0.0,시즌 후반
2024,2024-09-19,20240919SSKT0,수원,삼성,KT,5.0,5.6107,0.6107,12.0,5.2802,-6.7198,3.6652,17.0,10.8909,-6.1091,6.1091,-0.3304,7.0,0.4712,삼성,KT,False,50~55%,오버,오버,True,관망,,시즌 후반
2024,2024-09-19,20240919WOSK0,문학,키움,SSG,6.0,5.2371,-0.7629,8.0,5.6123,-2.3877,1.5753,14.0,10.8494,-3.1506,3.1506,0.3752,2.0,0.6031,SSG,SSG,True,60~65%,오버,오버,True,관망,,시즌 후반
2024,2024-09-21,20240921OBLG1,잠실,두산,LG,14.0,5.1076,-8.8924,7.0,5.2515,-1.7485,5.3204,21.0,10.3591,-10.6409,10.6409,0.1439,-7.0,0.5606,LG,두산,False,55~60%,오버,오버,True,관망,,시즌 후반
2024,2024-09-21,20240921OBLG2,잠실,두산,LG,0.0,5.1076,5.1076,2.0,5.2515,3.2515,4.1796,2.0,10.3591,8.3591,8.3591,0.1439,2.0,0.5606,LG,LG,True,55~60%,오버,언더,False,관망,,시즌 후반
2024,2024-09-21,20240921SKKT0,수원,SSG,KT,4.0,5.5678,1.5678,1.0,5.5781,4.5781,3.0729,5.0,11.1459,6.1459,6.1459,0.0103,-3.0,0.5355,KT,SSG,False,50~55%,오버,언더,False,관망,,시즌 후반
2024,2024-09-22,20240922LTHH0,한밭,롯데,한화,4.0,5.7812,1.7812,8.0,5.63,-2.37,2.0756,12.0,11.4111,-0.5889,0.5889,-0.1512,4.0,0.5051,한화,한화,True,50~55%,오버,오버,True,관망,,시즌 후반
2024,2024-09-22,20240922OBLG0,잠실,두산,LG,5.0,5.2619,0.2619,9.0,5.1818,-3.8182,2.04,14.0,10.4437,-3.5563,3.5563,-0.08,4.0,0.5185,LG,LG,True,50~55%,오버,오버,True,관망,,시즌 후반
2024,2024-09-22,20240922SKKT0,수원,SSG,KT,6.0,5.426,-0.574,2.0,5.3231,3.3231,1.9485,8.0,10.7491,2.7491,2.7491,-0.1029,-4.0,0.5142,KT,SSG,False,50~55%,오버,언더,False,관망,,시즌 후반
2024,2024-09-22,20240922WOSS0,대구,키움,삼성,8.0,4.8599,-3.1401,9.0,5.6722,-3.3278,3.234,17.0,10.5321,-6.4679,6.4679,0.8123,1.0,0.679,삼성,삼성,True,65% 이상,오버,오버,True,키움 +2.5,1.0,시즌 후반
2024,2024-09-23,20240923LTHH0,한밭,롯데,한화,3.0,5.8098,2.8098,2.0,5.5902,3.5902,3.2,5.0,11.4001,6.4001,6.4001,-0.2196,-1.0,0.4921,롯데,롯데,True,50~55%,오버,언더,False,관망,,시즌 후반
2024,2024-09-23,20240923SKOB0,잠실,SSG,두산,4.0,4.925,0.925,8.0,5.4347,-2.5653,1.7451,12.0,10.3597,-1.6403,1.6403,0.5097,4.0,0.6272,두산,두산,True,60~65%,오버,오버,True,SSG +2.5,0.0,시즌 후반
2024,2024-09-23,20240923SSHT0,광주,삼성,KIA,3.0,5.4623,2.4623,5.0,5.1353,0.1353,1.2988,8.0,10.5976,2.5976,2.5976,-0.3271,2.0,0.4719,삼성,KIA,False,50~55%,오버,언더,False,관망,,시즌 후반
2024,2024-09-24,20240924HHWO0,고척,한화,키움,4.0,5.3004,1.3004,5.0,5.422,0.422,0.8612,9.0,10.7224,1.7224,1.7224,0.1216,1.0,0.5564,키움,키움,True,55~60%,오버,오버,True,관망,,시즌 후반
2024,2024-09-24,20240924LGSK0,문학,LG,SSG,14.0,5.7325,-8.2675,5.0,4.8459,-0.1541,4.2108,19.0,10.5784,-8.4216,8.4216,-0.8866,-9.0,0.3692,LG,LG,True,60~65%,오버,오버,True,SSG +2.5,0.0,시즌 후반
2024,2024-09-24,20240924LTKT0,수원,롯데,KT,1.0,5.2749,4.2749,5.0,5.4257,0.4257,2.3503,6.0,10.7006,4.7006,4.7006,0.1508,4.0,0.5619,KT,KT,True,55~60%,오버,언더,False,관망,,시즌 후반
2024,2024-09-24,20240924NCOB0,잠실,NC,두산,5.0,5.1291,0.1291,10.0,5.1135,-4.8865,2.5078,15.0,10.2426,-4.7574,4.7574,-0.0155,5.0,0.5307,두산,두산,True,50~55%,오버,오버,True,관망,,시즌 후반
2024,2024-09-24,20240924SSHT0,광주,삼성,KIA,1.0,5.352,4.352,7.0,5.1886,-1.8114,3.0817,8.0,10.5406,2.5406,2.5406,-0.1634,6.0,0.5028,KIA,KIA,True,50~55%,오버,언더,False,관망,,시즌 후반
2024,2024-09-25,20240925HHLG0,잠실,한화,LG,4.0,5.2246,1.2246,2.0,5.7074,3.7074,2.466,6.0,10.932,4.932,4.932,0.4828,-2.0,0.6224,LG,한화,False,60~65%,오버,언더,False,관망,,시즌 후반
2024,2024-09-25,20240925LTHT0,광주,롯데,KIA,5.0,5.1819,0.1819,2.0,5.5728,3.5728,1.8774,7.0,10.7547,3.7547,3.7547,0.3908,-3.0,0.6059,KIA,롯데,False,60~65%,오버,언더,False,관망,,시즌 후반
2024,2024-09-25,20240925SKNC0,창원,SSG,NC,8.0,5.3427,-2.6573,2.0,5.5012,3.5012,3.0793,10.0,10.8439,0.8439,0.8439,0.1585,-6.0,0.5633,NC,SSG,False,55~60%,오버,오버,True,관망,,시즌 후반
2024,2024-09-25,20240925WOSS0,대구,키움,삼성,3.0,4.6208,1.6208,6.0,5.5618,-0.4382,1.0295,9.0,10.1826,1.1826,1.1826,0.9409,3.0,0.6998,삼성,삼성,True,65% 이상,오버,오버,True,키움 +2.5,0.0,시즌 후반
2024,2024-09-26,20240926OBLT0,사직,두산,롯데,4.0,5.4777,1.4777,3.0,5.2969,2.2969,1.8873,7.0,10.7747,3.7747,3.7747,-0.1808,-1.0,0.4995,두산,두산,True,50~55%,오버,언더,False,관망,,시즌 후반
2024,2024-09-26,20240926SKNC0,창원,SSG,NC,10.0,5.2787,-4.7213,1.0,5.6202,4.6202,4.6707,11.0,10.8988,-0.1012,0.1012,0.3415,-9.0,0.597,NC,SSG,False,55~60%,오버,오버,True,관망,,시즌 후반
2024,2024-09-26,20240926WOLG0,잠실,키움,LG,3.0,4.8251,1.8251,6.0,5.5786,-0.4214,1.1232,9.0,10.4037,1.4037,1.4037,0.7535,3.0,0.6692,LG,LG,True,65% 이상,오버,오버,True,키움 +2.5,0.0,시즌 후반
2024,2024-09-27,20240927HTHH0,한밭,KIA,한화,0.0,5.6459,5.6459,8.0,4.9488,-3.0512,4.3486,8.0,10.5946,2.5946,2.5946,-0.6971,8.0,0.4031,KIA,한화,False,55~60%,오버,언더,False,한화 +2.5,1.0,시즌 후반
2024,2024-09-27,20240927NCLT0,사직,NC,롯데,6.0,5.3698,-0.6302,13.0,5.5295,-7.4705,4.0504,19.0,10.8992,-8.1008,8.1008,0.1597,7.0,0.5635,롯데,롯데,True,55~60%,오버,오버,True,관망,,시즌 후반
2024,2024-09-27,20240927WOKT0,수원,키움,KT,7.0,4.7665,-2.2335,8.0,5.3839,-2.6161,2.4248,15.0,10.1504,-4.8496,4.8496,0.6174,1.0,0.646,KT,KT,True,60~65%,오버,오버,True,키움 +2.5,1.0,시즌 후반
2024,2024-09-28,20240928HTLT0,사직,KIA,롯데,12.0,5.6188,-6.3812,8.0,5.0746,-2.9254,4.6533,20.0,10.6934,-9.3066,9.3066,-0.5442,-4.0,0.4312,KIA,KIA,True,55~60%,오버,오버,True,롯데 +2.5,0.0,시즌 후반
2024,2024-09-28,20240928LGSS0,대구,LG,삼성,11.0,4.9692,-6.0308,4.0,5.2481,1.2481,3.6395,15.0,10.2172,-4.7828,4.7828,0.2789,-7.0,0.5855,삼성,LG,False,55~60%,오버,오버,True,관망,,시즌 후반
2024,2024-09-28,20240928OBNC0,창원,두산,NC,4.0,5.4035,1.4035,3.0,5.623,2.623,2.0133,7.0,11.0265,4.0265,4.0265,0.2194,-1.0,0.5746,NC,두산,False,55~60%,오버,언더,False,관망,,시즌 후반
2024,2024-09-28,20240928SKHH0,한밭,SSG,한화,6.0,5.1478,-0.8522,2.0,5.1422,3.1422,1.9972,8.0,10.29,2.29,2.29,-0.0056,-4.0,0.5326,한화,SSG,False,50~55%,오버,언더,False,관망,,시즌 후반
2024,2024-09-28,20240928WOKT0,수원,키움,KT,7.0,5.1836,-1.8164,10.0,5.5713,-4.4287,3.1225,17.0,10.7549,-6.2451,6.2451,0.3877,3.0,0.6054,KT,KT,True,60~65%,오버,오버,True,관망,,시즌 후반
2024,2024-09-29,20240929NCHH0,한밭,NC,한화,7.0,5.3607,-1.6393,2.0,5.3916,3.3916,2.5154,9.0,10.7523,1.7523,1.7523,0.0308,-5.0,0.5394,한화,NC,False,50~55%,오버,오버,True,관망,,시즌 후반
2024,2024-09-30,20240930NCHT0,광주,NC,KIA,5.0,5.1912,0.1912,10.0,5.8487,-4.1513,2.1713,15.0,11.0399,-3.9601,3.9601,0.6575,5.0,0.6529,KIA,KIA,True,65% 이상,오버,오버,True,NC +2.5,0.0,시즌 후반
2024,2024-09-30,20240930WOSK0,문학,키움,SSG,2.0,5.0437,3.0437,7.0,5.4254,-1.5746,2.3091,9.0,10.4691,1.4691,1.4691,0.3817,5.0,0.6043,SSG,SSG,True,60~65%,오버,오버,True,관망,,시즌 후반
2024,2024-10-01,20241001LTNC0,창원,롯데,NC,5.0,5.6024,0.6024,1.0,5.0208,4.0208,2.3116,6.0,10.6232,4.6232,4.6232,-0.5815,-4.0,0.4243,롯데,롯데,True,55~60%,오버,언더,False,NC +2.5,0.0,시즌 후반
2025,2025-03-22,20250322HHKT0,수원,한화,KT,4.0,4.961,0.961,3.0,4.6705,1.6705,1.3157,7.0,9.6315,2.6315,2.6315,-0.2905,-1.0,0.4787,한화,한화,True,50~55%,오버,언더,False,관망,,시즌 초반
2025,2025-03-22,20250322LTLG0,잠실,롯데,LG,2.0,4.6363,2.6363,12.0,4.723,-7.277,4.9566,14.0,9.3593,-4.6407,4.6407,0.0867,10.0,0.5499,LG,LG,True,50~55%,오버,오버,True,관망,,시즌 초반
2025,2025-03-22,20250322NCHT0,광주,NC,KIA,2.0,4.6673,2.6673,9.0,4.7257,-4.2743,3.4708,11.0,9.393,-1.607,1.607,0.0583,7.0,0.5446,KIA,KIA,True,50~55%,오버,오버,True,관망,,시즌 초반
2025,2025-03-22,20250322OBSK0,문학,두산,SSG,5.0,4.7257,-0.2743,6.0,4.7492,-1.2508,0.7626,11.0,9.4749,-1.5251,1.5251,0.0235,1.0,0.538,SSG,SSG,True,50~55%,오버,오버,True,관망,,시즌 초반
2025,2025-03-22,20250322WOSS0,대구,키움,삼성,5.0,4.3206,-0.6794,13.0,4.648,-8.352,4.5157,18.0,8.9686,-9.0314,9.0314,0.3275,8.0,0.5944,삼성,삼성,True,55~60%,오버,오버,True,관망,,시즌 초반
2025,2025-03-23,20250323HHKT0,수원,한화,KT,4.0,4.6581,0.6581,5.0,4.4993,-0.5007,0.5794,9.0,9.1573,0.1573,0.1573,-0.1588,1.0,0.5036,KT,KT,True,50~55%,오버,오버,True,관망,,시즌 초반
2025,2025-03-23,20250323LTLG0,잠실,롯데,LG,2.0,4.4453,2.4453,10.0,5.1133,-4.8867,3.666,12.0,9.5586,-2.4414,2.4414,0.668,8.0,0.6547,LG,LG,True,65% 이상,오버,오버,True,롯데 +2.5,0.0,시즌 초반
2025,2025-03-23,20250323NCHT0,광주,NC,KIA,5.0,4.4453,-0.5547,4.0,4.9626,0.9626,0.7587,9.0,9.4079,0.4079,0.4079,0.5173,-1.0,0.6285,KIA,NC,False,60~65%,오버,오버,True,NC +2.5,1.0,시즌 초반
2025,2025-03-23,20250323OBSK0,문학,두산,SSG,2.0,4.9584,2.9584,5.0,5.0869,0.0869,1.5226,7.0,10.0452,3.0452,3.0452,0.1285,3.0,0.5577,SSG,SSG,True,55~60%,오버,언더,False,관망,,시즌 초반
2025,2025-03-23,20250323WOSS0,대구,키움,삼성,7.0,5.296,-1.704,11.0,5.3579,-5.6421,3.6731,18.0,10.6539,-7.3461,7.3461,0.0619,4.0,0.5452,삼성,삼성,True,50~55%,오버,오버,True,관망,,시즌 초반
2025,2025-03-25,20250325HHLG0,잠실,한화,LG,0.0,4.3081,4.3081,5.0,5.6838,0.6838,2.496,5.0,9.9919,4.9919,4.9919,1.3757,5.0,0.7641,LG,LG,True,65% 이상,오버,언더,False,한화 +2.5,0.0,시즌 초반
2025,2025-03-25,20250325LTSK0,문학,롯데,SSG,3.0,4.3534,1.3534,2.0,5.356,3.356,2.3547,5.0,9.7094,4.7094,4.7094,1.0026,-1.0,0.7095,SSG,롯데,False,65% 이상,오버,언더,False,롯데 +2.5,1.0,시즌 초반
2025,2025-03-25,20250325NCSS0,대구,NC,삼성,5.0,4.8843,-0.1157,14.0,5.5298,-8.4702,4.293,19.0,10.4141,-8.5859,8.5859,0.6456,9.0,0.6509,삼성,삼성,True,65% 이상,오버,오버,True,NC +2.5,0.0,시즌 초반
2025,2025-03-25,20250325OBKT0,수원,두산,KT,3.0,4.5173,1.5173,8.0,5.0049,-2.9951,2.2562,11.0,9.5222,-1.4778,1.4778,0.4876,5.0,0.6233,KT,KT,True,60~65%,오버,오버,True,관망,,시즌 초반
2025,2025-03-25,20250325WOHT0,광주,키움,KIA,6.0,4.898,-1.102,11.0,5.0961,-5.9039,3.503,17.0,9.9941,-7.0059,7.0059,0.198,5.0,0.5706,KIA,KIA,True,55~60%,오버,오버,True,관망,,시즌 초반
2025,2025-03-26,20250326HHLG0,잠실,한화,LG,0.0,4.3415,4.3415,4.0,5.4126,1.4126,2.877,4.0,9.7541,5.7541,5.7541,1.0711,4.0,0.72,LG,LG,True,65% 이상,오버,언더,False,한화 +2.5,0.0,시즌 초반
2025,2025-03-26,20250326LTSK0,문학,롯데,SSG,1.0,4.5372,3.5372,3.0,4.696,1.696,2.6166,4.0,9.2332,5.2332,5.2332,0.1587,2.0,0.5633,SSG,SSG,True,55~60%,오버,언더,False,관망,,시즌 초반
2025,2025-03-26,20250326NCSS0,대구,NC,삼성,8.0,5.0757,-2.9243,6.0,5.8202,-0.1798,1.552,14.0,10.8959,-3.1041,3.1041,0.7444,-2.0,0.6677,삼성,NC,False,65% 이상,오버,오버,True,NC +2.5,1.0,시즌 초반
2025,2025-03-26,20250326OBKT0,수원,두산,KT,3.0,4.4427,1.4427,2.0,5.1556,3.1556,2.2992,5.0,9.5984,4.5984,4.5984,0.7129,-1.0,0.6623,KT,두산,False,65% 이상,오버,언더,False,두산 +2.5,1.0,시즌 초반
2025,2025-03-26,20250326WOHT0,광주,키움,KIA,17.0,5.0194,-11.9806,10.0,5.229,-4.771,8.3758,27.0,10.2484,-16.7516,16.7516,0.2097,-7.0,0.5728,KIA,키움,False,55~60%,오버,오버,True,관망,,시즌 초반
2025,2025-03-27,20250327HHLG0,잠실,한화,LG,1.0,4.3415,3.3415,2.0,5.3212,3.3212,3.3314,3.0,9.6627,6.6627,6.6627,0.9798,1.0,0.7059,LG,LG,True,65% 이상,오버,언더,False,한화 +2.5,1.0,시즌 초반
2025,2025-03-27,20250327LTSK0,문학,롯데,SSG,2.0,4.7262,2.7262,5.0,4.6264,-0.3736,1.5499,7.0,9.3527,2.3527,2.3527,-0.0998,3.0,0.5148,SSG,SSG,True,50~55%,오버,언더,False,관망,,시즌 초반
2025,2025-03-27,20250327NCSS0,대구,NC,삼성,11.0,5.3702,-5.6298,5.0,5.5378,0.5378,3.0838,16.0,10.908,-5.092,5.092,0.1676,-6.0,0.565,삼성,NC,False,55~60%,오버,오버,True,관망,,시즌 초반
2025,2025-03-27,20250327OBKT0,수원,두산,KT,3.0,4.366,1.366,4.0,4.8262,0.8262,1.0961,7.0,9.1922,2.1922,2.1922,0.4602,1.0,0.6184,KT,KT,True,60~65%,오버,언더,False,관망,,시즌 초반
2025,2025-03-27,20250327WOHT0,광주,키움,KIA,5.0,5.7661,0.7661,3.0,6.1172,3.1172,1.9417,8.0,11.8834,3.8834,3.8834,0.3511,-2.0,0.5987,KIA,키움,False,55~60%,오버,언더,False,관망,,시즌 초반
2025,2025-03-28,20250328HTHH0,대전,KIA,한화,2.0,4.8245,2.8245,7.0,4.4643,-2.5357,2.6801,9.0,9.2887,0.2887,0.2887,-0.3602,5.0,0.4656,KIA,한화,False,50~55%,오버,오버,True,관망,,시즌 초반
2025,2025-03-28,20250328KTLT0,사직,KT,롯데,2.0,4.6723,2.6723,0.0,4.3744,4.3744,3.5233,2.0,9.0467,7.0467,7.0467,-0.2979,-2.0,0.4773,KT,KT,True,50~55%,오버,언더,False,관망,,시즌 초반
2025,2025-03-28,20250328LGNC0,창원,LG,NC,8.0,5.0054,-2.9946,4.0,4.7577,0.7577,1.8762,12.0,9.7631,-2.2369,2.2369,-0.2476,-4.0,0.4868,LG,LG,True,50~55%,오버,오버,True,관망,,시즌 초반
2025,2025-03-28,20250328SKWO0,고척,SSG,키움,3.0,4.5,1.5,9.0,5.0803,-3.9197,2.7099,12.0,9.5802,-2.4198,2.4198,0.5803,6.0,0.6396,키움,키움,True,60~65%,오버,오버,True,SSG +2.5,0.0,시즌 초반
2025,2025-03-28,20250328SSOB0,잠실,삼성,두산,0.0,5.3517,5.3517,2.0,4.7279,2.7279,4.0398,2.0,10.0796,8.0796,8.0796,-0.6239,2.0,0.4165,삼성,두산,False,55~60%,오버,언더,False,두산 +2.5,1.0,시즌 초반
2025,2025-03-29,20250329HTHH0,대전,KIA,한화,4.0,4.7222,0.7222,5.0,4.4643,-0.5357,0.629,9.0,9.1865,0.1865,0.1865,-0.2579,1.0,0.4849,KIA,한화,False,50~55%,오버,오버,True,관망,,시즌 초반
2025,2025-03-29,20250329KTLT0,사직,KT,롯데,1.0,4.9337,3.9337,3.0,4.555,1.555,2.7443,4.0,9.4887,5.4887,5.4887,-0.3787,2.0,0.4621,KT,롯데,False,50~55%,오버,언더,False,관망,,시즌 초반
2025,2025-03-29,20250329LGNC0,창원,LG,NC,14.0,4.9911,-9.0089,4.0,4.8353,0.8353,4.9221,18.0,9.8264,-8.1736,8.1736,-0.1558,-10.0,0.5042,NC,LG,False,50~55%,오버,오버,True,관망,,시즌 초반
2025,2025-03-29,20250329SKWO0,고척,SSG,키움,1.0,4.5,3.5,3.0,5.113,2.113,2.8065,4.0,9.613,5.613,5.613,0.6131,2.0,0.6453,키움,키움,True,60~65%,오버,언더,False,SSG +2.5,1.0,시즌 초반
2025,2025-03-29,20250329SSOB0,잠실,삼성,두산,13.0,4.8422,-8.1578,2.0,4.6563,2.6563,5.4071,15.0,9.4986,-5.5014,5.5014,-0.1859,-11.0,0.4985,삼성,삼성,True,50~55%,오버,오버,True,관망,,시즌 초반
2025,2025-03-30,20250330HTHH0,대전,KIA,한화,5.0,4.8964,-0.1036,3.0,4.4653,1.4653,0.7845,8.0,9.3617,1.3617,1.3617,-0.4311,-2.0,0.4523,KIA,KIA,True,50~55%,오버,언더,False,관망,,시즌 초반
2025,2025-03-30,20250330SKWO0,고척,SSG,키움,8.0,4.4643,-3.5357,2.0,5.1704,3.1704,3.353,10.0,9.6346,-0.3654,0.3654,0.7061,-6.0,0.6612,키움,SSG,False,65% 이상,오버,오버,True,SSG +2.5,1.0,시즌 초반
2025,2025-03-30,20250330SSOB0,잠실,삼성,두산,3.0,5.1919,2.1919,2.0,4.7311,2.7311,2.4615,5.0,9.923,4.923,4.923,-0.4609,-1.0,0.4467,삼성,삼성,True,55~60%,오버,언더,False,관망,,시즌 초반
2025,2025-04-02,20250402LGKT0,수원,LG,KT,5.0,4.8204,-0.1796,9.0,4.5485,-4.4515,2.3155,14.0,9.3689,-4.6311,4.6311,-0.2718,4.0,0.4823,LG,KT,False,50~55%,오버,오버,True,관망,,시즌 초반
2025,2025-04-02,20250402LTHH0,대전,롯데,한화,6.0,4.4186,-1.5814,2.0,4.8862,2.8862,2.2338,8.0,9.3048,1.3048,1.3048,0.4676,-4.0,0.6197,한화,롯데,False,60~65%,오버,언더,False,관망,,시즌 초반
2025,2025-04-02,20250402SSHT0,광주,삼성,KIA,4.0,5.2655,1.2655,2.0,4.9148,2.9148,2.0901,6.0,10.1803,4.1803,4.1803,-0.3506,-2.0,0.4674,삼성,삼성,True,50~55%,오버,언더,False,관망,,시즌 초반
2025,2025-04-02,20250402WOOB0,잠실,키움,두산,3.0,4.9574,1.9574,5.0,4.7967,-0.2033,1.0803,8.0,9.7541,1.7541,1.7541,-0.1607,2.0,0.5033,두산,두산,True,50~55%,오버,언더,False,관망,,시즌 초반
2025,2025-04-03,20250403LGKT0,수원,LG,KT,5.0,4.7485,-0.2515,1.0,4.3874,3.3874,1.8194,6.0,9.136,3.136,3.136,-0.3611,-4.0,0.4654,LG,LG,True,50~55%,오버,언더,False,관망,,시즌 초반
2025,2025-04-03,20250403LTHH0,대전,롯데,한화,4.0,4.6851,0.6851,2.0,4.8935,2.8935,1.7893,6.0,9.5786,3.5786,3.5786,0.2083,-2.0,0.5725,한화,롯데,False,55~60%,오버,언더,False,관망,,시즌 초반
2025,2025-04-03,20250403SSHT0,광주,삼성,KIA,1.0,5.1773,4.1773,3.0,5.09,2.09,3.1336,4.0,10.2672,6.2672,6.2672,-0.0873,2.0,0.5171,KIA,KIA,True,50~55%,오버,언더,False,관망,,시즌 초반
2025,2025-04-03,20250403WOOB0,잠실,키움,두산,1.0,5.2033,4.2033,6.0,4.7745,-1.2255,2.7144,7.0,9.9777,2.9777,2.9777,-0.4288,5.0,0.4527,키움,두산,False,50~55%,오버,언더,False,관망,,시즌 초반
2025,2025-04-04,20250404HHSS0,대구,한화,삼성,0.0,4.5388,4.5388,5.0,4.7346,-0.2654,2.4021,5.0,9.2733,4.2733,4.2733,0.1958,5.0,0.5702,삼성,삼성,True,55~60%,오버,언더,False,관망,,시즌 초반
2025,2025-04-04,20250404HTLG0,잠실,KIA,LG,2.0,5.6633,3.6633,8.0,5.0201,-2.9799,3.3216,10.0,10.6834,0.6834,0.6834,-0.6432,6.0,0.4129,KIA,LG,False,55~60%,오버,오버,True,LG +2.5,1.0,시즌 초반
2025,2025-04-04,20250404KTSK0,문학,KT,SSG,2.0,4.5446,2.5446,3.0,4.5464,1.5464,2.0455,5.0,9.091,4.091,4.091,0.0018,1.0,0.5339,SSG,SSG,True,50~55%,오버,언더,False,관망,,시즌 초반
2025,2025-04-04,20250404NCWO0,고척,NC,키움,1.0,5.5189,4.5189,5.0,5.603,0.603,2.561,6.0,11.122,5.122,5.122,0.0841,4.0,0.5494,키움,키움,True,50~55%,오버,언더,False,관망,,시즌 초반
2025,2025-04-04,20250404OBLT0,사직,두산,롯데,15.0,4.6885,-10.3115,3.0,5.054,2.054,6.1827,18.0,9.7425,-8.2575,8.2575,0.3655,-12.0,0.6013,롯데,두산,False,60~65%,오버,오버,True,관망,,시즌 초반
2025,2025-04-05,20250405HHSS0,대구,한화,삼성,7.0,4.3944,-2.6056,6.0,4.6397,-1.3603,1.983,13.0,9.0341,-3.9659,3.9659,0.2453,-1.0,0.5794,삼성,한화,False,55~60%,오버,오버,True,관망,,시즌 초반
2025,2025-04-05,20250405NCWO0,고척,NC,키움,7.0,5.5579,-1.4421,5.0,5.287,0.287,0.8645,12.0,10.8449,-1.1551,1.1551,-0.2709,-2.0,0.4824,NC,NC,True,50~55%,오버,오버,True,관망,,시즌 초반
2025,2025-04-05,20250405OBLT0,사직,두산,롯데,1.0,5.0409,4.0409,6.0,4.4793,-1.5207,2.7808,7.0,9.5203,2.5203,2.5203,-0.5616,5.0,0.428,두산,롯데,False,55~60%,오버,언더,False,롯데 +2.5,1.0,시즌 초반
2025,2025-04-06,20250406HHSS0,대구,한화,삼성,0.0,4.7119,4.7119,10.0,4.7313,-5.2687,4.9903,10.0,9.4431,-0.5569,0.5569,0.0194,10.0,0.5373,삼성,삼성,True,50~55%,오버,오버,True,관망,,시즌 초반
2025,2025-04-06,20250406HTLG0,잠실,KIA,LG,1.0,5.2951,4.2951,5.0,5.0376,0.0376,2.1664,6.0,10.3328,4.3328,4.3328,-0.2575,4.0,0.485,KIA,LG,False,50~55%,오버,언더,False,관망,,시즌 초반
2025,2025-04-06,20250406KTSK0,문학,KT,SSG,0.0,4.4489,4.4489,1.0,4.5528,3.5528,4.0009,1.0,9.0017,8.0017,8.0017,0.1039,1.0,0.5531,SSG,SSG,True,55~60%,오버,언더,False,관망,,시즌 초반
2025,2025-04-06,20250406NCWO0,고척,NC,키움,8.0,5.5889,-2.4111,2.0,5.3111,3.3111,2.8611,10.0,10.9,0.9,0.9,-0.2778,-6.0,0.4812,NC,NC,True,50~55%,오버,오버,True,관망,,시즌 초반
2025,2025-04-06,20250406OBLT0,사직,두산,롯데,15.0,4.8204,-10.1796,12.0,4.4499,-7.5501,8.8649,27.0,9.2703,-17.7297,17.7297,-0.3705,-3.0,0.4637,두산,두산,True,50~55%,오버,오버,True,관망,,시즌 초반
2025,2025-04-08,20250408HHOB0,잠실,한화,두산,5.0,4.6252,-0.3748,6.0,4.9662,-1.0338,0.7043,11.0,9.5914,-1.4086,1.4086,0.341,1.0,0.5969,두산,두산,True,55~60%,오버,오버,True,관망,,시즌 초반
2025,2025-04-08,20250408HTLT0,사직,KIA,롯데,5.0,5.5731,0.5731,4.0,4.6853,0.6853,0.6292,9.0,10.2584,1.2584,1.2584,-0.8878,-1.0,0.3689,KIA,KIA,True,60~65%,오버,오버,True,롯데 +2.5,1.0,시즌 초반
2025,2025-04-08,20250408LGWO0,고척,LG,키움,13.0,5.1512,-7.8488,1.0,5.3383,4.3383,6.0936,14.0,10.4895,-3.5105,3.5105,0.1871,-12.0,0.5686,키움,LG,False,55~60%,오버,오버,True,관망,,시즌 초반
2025,2025-04-08,20250408NCKT0,수원,NC,KT,2.0,4.8008,2.8008,3.0,4.4471,1.4471,2.124,5.0,9.2479,4.2479,4.2479,-0.3538,1.0,0.4668,NC,KT,False,50~55%,오버,언더,False,관망,,시즌 초반
2025,2025-04-08,20250408SKSS0,대구,SSG,삼성,3.0,4.3865,1.3865,7.0,4.7337,-2.2663,1.8264,10.0,9.1202,-0.8798,0.8798,0.3472,4.0,0.598,삼성,삼성,True,55~60%,오버,오버,True,관망,,시즌 초반
2025,2025-04-09,20250409HHOB0,잠실,한화,두산,5.0,4.6258,-0.3742,4.0,4.9109,0.9109,0.6425,9.0,9.5368,0.5368,0.5368,0.2851,-1.0,0.5867,두산,한화,False,55~60%,오버,오버,True,관망,,시즌 초반
2025,2025-04-09,20250409HTLT0,사직,KIA,롯데,3.0,5.6211,2.6211,1.0,4.6999,3.6999,3.1605,4.0,10.321,6.321,6.321,-0.9212,-2.0,0.3631,KIA,KIA,True,60~65%,오버,언더,False,롯데 +2.5,1.0,시즌 초반
2025,2025-04-09,20250409LGWO0,고척,LG,키움,0.0,4.9415,4.9415,4.0,5.0337,1.0337,2.9876,4.0,9.9752,5.9752,5.9752,0.0923,4.0,0.5509,키움,키움,True,55~60%,오버,언더,False,관망,,시즌 초반
2025,2025-04-09,20250409NCKT0,수원,NC,KT,1.0,4.6084,3.6084,4.0,4.4471,0.4471,2.0277,5.0,9.0555,4.0555,4.0555,-0.1614,3.0,0.5031,KT,KT,True,50~55%,오버,언더,False,관망,,시즌 초반
2025,2025-04-09,20250409SKSS0,대구,SSG,삼성,3.0,4.5024,1.5024,1.0,4.7687,3.7687,2.6356,4.0,9.2711,5.2711,5.2711,0.2663,-2.0,0.5832,삼성,SSG,False,55~60%,오버,언더,False,관망,,시즌 초반
2025,2025-04-10,20250410HHOB0,잠실,한화,두산,7.0,4.6258,-2.3742,2.0,5.0018,3.0018,2.688,9.0,9.6276,0.6276,0.6276,0.376,-5.0,0.6032,두산,한화,False,60~65%,오버,오버,True,관망,,시즌 초반
2025,2025-04-10,20250410HTLT0,사직,KIA,롯데,3.0,5.1119,2.1119,8.0,4.5595,-3.4405,2.7762,11.0,9.6714,-1.3286,1.3286,-0.5524,5.0,0.4297,KIA,롯데,False,55~60%,오버,오버,True,롯데 +2.5,1.0,시즌 초반
2025,2025-04-10,20250410LGWO0,고척,LG,키움,7.0,5.0984,-1.9016,3.0,5.1751,2.1751,2.0384,10.0,10.2735,0.2735,0.2735,0.0768,-4.0,0.548,키움,LG,False,50~55%,오버,오버,True,관망,,시즌 초반
2025,2025-04-10,20250410NCKT0,수원,NC,KT,7.0,4.5226,-2.4774,0.0,4.6674,4.6674,3.5724,7.0,9.1901,2.1901,2.1901,0.1448,-7.0,0.5607,KT,NC,False,55~60%,오버,언더,False,관망,,시즌 초반
2025,2025-04-10,20250410SKSS0,대구,SSG,삼성,2.0,4.5163,2.5163,3.0,4.7865,1.7865,2.1514,5.0,9.3028,4.3028,4.3028,0.2702,1.0,0.5839,삼성,삼성,True,55~60%,오버,언더,False,관망,,시즌 초반
2025,2025-04-11,20250411LTNC0,사직,롯데,NC,7.0,5.0896,-1.9104,5.0,5.0544,0.0544,0.9824,12.0,10.1439,-1.8561,1.8561,-0.0352,-2.0,0.527,NC,롯데,False,50~55%,오버,오버,True,관망,,시즌 초반
2025,2025-04-11,20250411OBLG0,잠실,두산,LG,2.0,4.611,2.611,5.0,4.8031,-0.1969,1.404,7.0,9.4141,2.4141,2.4141,0.1921,3.0,0.5695,LG,LG,True,55~60%,오버,언더,False,관망,,시즌 초반
2025,2025-04-11,20250411SKHT0,광주,SSG,KIA,9.0,4.6041,-4.3959,3.0,4.8116,1.8116,3.1037,12.0,9.4157,-2.5843,2.5843,0.2075,-6.0,0.5724,KIA,SSG,False,55~60%,오버,오버,True,관망,,시즌 초반
2025,2025-04-11,20250411SSKT0,수원,삼성,KT,3.0,4.532,1.532,5.0,4.4352,-0.5648,1.0484,8.0,8.9672,0.9672,0.9672,-0.0968,2.0,0.5153,KT,KT,True,50~55%,오버,언더,False,관망,,시즌 초반
2025,2025-04-11,20250411WOHH0,대전,키움,한화,2.0,5.2563,3.2563,12.0,4.8304,-7.1696,5.2129,14.0,10.0867,-3.9133,3.9133,-0.4259,10.0,0.4533,키움,한화,False,50~55%,오버,오버,True,관망,,시즌 초반
2025,2025-04-12,20250412LTNC0,사직,롯데,NC,2.0,5.1047,3.1047,0.0,5.1476,5.1476,4.1261,2.0,10.2523,8.2523,8.2523,0.0429,-2.0,0.5417,NC,롯데,False,50~55%,오버,언더,False,관망,,시즌 초반
2025,2025-04-12,20250412OBLG0,잠실,두산,LG,0.0,4.5332,4.5332,4.0,4.766,0.766,2.6496,4.0,9.2992,5.2992,5.2992,0.2328,4.0,0.5771,LG,LG,True,55~60%,오버,언더,False,관망,,시즌 초반
2025,2025-04-12,20250412WOHH0,대전,키움,한화,6.0,5.3559,-0.6441,2.0,4.9382,2.9382,1.7912,8.0,10.2941,2.2941,2.2941,-0.4176,-4.0,0.4548,키움,키움,True,50~55%,오버,언더,False,관망,,시즌 초반
2025,2025-04-13,20250413LTNC0,사직,롯데,NC,6.0,4.9487,-1.0513,9.0,5.0703,-3.9297,2.4905,15.0,10.0189,-4.9811,4.9811,0.1216,3.0,0.5564,NC,NC,True,55~60%,오버,오버,True,관망,,시즌 초반
2025,2025-04-13,20250413OBLG0,잠실,두산,LG,9.0,4.5016,-4.4984,2.0,4.7388,2.7388,3.6186,11.0,9.2404,-1.7596,1.7596,0.2372,-7.0,0.5779,LG,두산,False,55~60%,오버,오버,True,관망,,시즌 초반
2025,2025-04-13,20250413SKHT0,광주,SSG,KIA,5.0,4.6671,-0.3329,11.0,5.0898,-5.9102,3.1215,16.0,9.757,-6.243,6.243,0.4227,6.0,0.6117,KIA,KIA,True,60~65%,오버,오버,True,관망,,시즌 초반
2025,2025-04-13,20250413SSKT0,수원,삼성,KT,5.0,4.7369,-0.2631,6.0,4.5024,-1.4976,0.8803,11.0,9.2393,-1.7607,1.7607,-0.2345,1.0,0.4893,삼성,KT,False,50~55%,오버,오버,True,관망,,시즌 초반
2025,2025-04-13,20250413WOHH0,대전,키움,한화,1.0,5.4087,4.4087,7.0,5.118,-1.882,3.1453,8.0,10.5267,2.5267,2.5267,-0.2906,6.0,0.4787,키움,한화,False,50~55%,오버,언더,False,관망,,시즌 초반
2025,2025-04-15,20250415HHSK0,문학,한화,SSG,2.0,4.5638,2.5638,0.0,4.9673,4.9673,3.7656,2.0,9.5311,7.5311,7.5311,0.4035,-2.0,0.6082,SSG,한화,False,60~65%,오버,언더,False,관망,,시즌 초반
2025,2025-04-15,20250415KTHT0,광주,KT,KIA,0.0,4.6489,4.6489,1.0,4.7257,3.7257,4.1873,1.0,9.3746,8.3746,8.3746,0.0769,1.0,0.548,KIA,KIA,True,50~55%,오버,언더,False,관망,,시즌 초반
2025,2025-04-15,20250415SSLG0,잠실,삼성,LG,0.0,4.8801,4.8801,3.0,4.8846,1.8846,3.3824,3.0,9.7647,6.7647,6.7647,0.0045,3.0,0.5344,LG,LG,True,50~55%,오버,언더,False,관망,,시즌 초반
2025,2025-04-15,20250415WOLT0,사직,키움,롯데,6.0,5.3385,-0.6615,8.0,5.0902,-2.9098,1.7856,14.0,10.4287,-3.5713,3.5713,-0.2483,2.0,0.4867,키움,롯데,False,50~55%,오버,오버,True,관망,,시즌 초반
2025,2025-04-16,20250416HHSK0,문학,한화,SSG,10.0,4.6063,-5.3937,4.0,4.6413,0.6413,3.0175,14.0,9.2475,-4.7525,4.7525,0.035,-6.0,0.5402,SSG,한화,False,50~55%,오버,오버,True,관망,,시즌 초반
2025,2025-04-16,20250416KTHT0,광주,KT,KIA,3.0,4.7316,1.7316,0.0,4.6053,4.6053,3.1684,3.0,9.3369,6.3369,6.3369,-0.1262,-3.0,0.5098,KIA,KT,False,50~55%,오버,언더,False,관망,,시즌 초반
2025,2025-04-16,20250416SSLG0,잠실,삼성,LG,2.0,4.7011,2.7011,12.0,5.0744,-6.9256,4.8134,14.0,9.7755,-4.2245,4.2245,0.3733,10.0,0.6027,LG,LG,True,60~65%,오버,오버,True,관망,,시즌 초반
2025,2025-04-16,20250416WOLT0,사직,키움,롯데,4.0,5.1969,1.1969,6.0,5.0519,-0.9481,1.0725,10.0,10.2488,0.2488,0.2488,-0.145,2.0,0.5062,롯데,롯데,True,50~55%,오버,오버,True,관망,,시즌 초반
2025,2025-04-17,20250417HHSK0,문학,한화,SSG,4.0,4.6257,0.6257,2.0,4.4258,2.4258,1.5257,6.0,9.0515,3.0515,3.0515,-0.2,-2.0,0.4959,한화,한화,True,50~55%,오버,언더,False,관망,,시즌 초반
2025,2025-04-17,20250417KTHT0,광주,KT,KIA,4.0,4.4647,0.4647,5.0,4.7734,-0.2266,0.3456,9.0,9.238,0.238,0.238,0.3087,1.0,0.591,KIA,KIA,True,55~60%,오버,오버,True,관망,,시즌 초반
2025,2025-04-17,20250417SSLG0,잠실,삼성,LG,6.0,5.0662,-0.9338,3.0,4.8749,1.8749,1.4043,9.0,9.9411,0.9411,0.9411,-0.1913,-3.0,0.4975,삼성,삼성,True,50~55%,오버,오버,True,관망,,시즌 초반
2025,2025-04-17,20250417WOLT0,사직,키움,롯데,1.0,5.1079,4.1079,7.0,5.0489,-1.9511,3.0295,8.0,10.1568,2.1568,2.1568,-0.0591,6.0,0.5225,롯데,롯데,True,50~55%,오버,언더,False,관망,,시즌 초반
2025,2025-04-18,20250418HTOB0,잠실,KIA,두산,1.0,4.2829,3.2829,7.0,5.2117,-1.7883,2.5356,8.0,9.4946,1.4946,1.4946,0.9288,6.0,0.6978,두산,두산,True,65% 이상,오버,언더,False,KIA +2.5,0.0,시즌 초반
2025,2025-04-18,20250418KTWO0,고척,KT,키움,3.0,4.6645,1.6645,4.0,5.092,1.092,1.3782,7.0,9.7565,2.7565,2.7565,0.4275,1.0,0.6125,키움,키움,True,60~65%,오버,언더,False,관망,,시즌 초반
2025,2025-04-18,20250418LGSK0,문학,LG,SSG,5.0,4.7369,-0.2631,1.0,4.2331,3.2331,1.7481,6.0,8.97,2.97,2.97,-0.5037,-4.0,0.4387,LG,LG,True,55~60%,오버,언더,False,SSG +2.5,0.0,시즌 초반
2025,2025-04-18,20250418LTSS0,대구,롯데,삼성,8.0,4.3963,-3.6037,1.0,5.3504,4.3504,3.9771,9.0,9.7467,0.7467,0.7467,0.9541,-7.0,0.7019,삼성,롯데,False,65% 이상,오버,오버,True,롯데 +2.5,1.0,시즌 초반
2025,2025-04-18,20250418NCHH0,대전,NC,한화,4.0,4.5999,0.5999,12.0,5.0071,-6.9929,3.7964,16.0,9.607,-6.393,6.393,0.4071,8.0,0.6089,한화,한화,True,60~65%,오버,오버,True,관망,,시즌 초반
2025,2025-04-19,20250419HTOB0,잠실,KIA,두산,8.0,4.3946,-3.6054,4.0,5.0126,1.0126,2.309,12.0,9.4072,-2.5928,2.5928,0.618,-4.0,0.6461,두산,KIA,False,60~65%,오버,오버,True,KIA +2.5,1.0,시즌 초반
2025,2025-04-19,20250419KTWO0,고척,KT,키움,11.0,4.6645,-6.3355,1.0,4.9877,3.9877,5.1616,12.0,9.6522,-2.3478,2.3478,0.3232,-10.0,0.5936,키움,KT,False,55~60%,오버,오버,True,관망,,시즌 초반
2025,2025-04-19,20250419LGSK0,문학,LG,SSG,11.0,4.9798,-6.0202,4.0,4.2331,0.2331,3.1267,15.0,9.2129,-5.7871,5.7871,-0.7467,-7.0,0.3941,LG,LG,True,60~65%,오버,오버,True,SSG +2.5,0.0,시즌 초반
2025,2025-04-19,20250419LTSS0,대구,롯데,삼성,3.0,4.5527,1.5527,10.0,5.6131,-4.3869,2.9698,13.0,10.1657,-2.8343,2.8343,1.0604,7.0,0.7184,삼성,삼성,True,65% 이상,오버,오버,True,롯데 +2.5,0.0,시즌 초반
2025,2025-04-19,20250419NCHH0,대전,NC,한화,2.0,4.7008,2.7008,7.0,4.93,-2.07,2.3854,9.0,9.6308,0.6308,0.6308,0.2292,5.0,0.5764,한화,한화,True,55~60%,오버,오버,True,관망,,시즌 초반
2025,2025-04-20,20250420HTOB0,잠실,KIA,두산,6.0,4.5672,-1.4328,2.0,4.8033,2.8033,2.1181,8.0,9.3705,1.3705,1.3705,0.2361,-4.0,0.5777,두산,KIA,False,55~60%,오버,언더,False,관망,,시즌 초반
2025,2025-04-20,20250420KTWO0,고척,KT,키움,5.0,4.6793,-0.3207,0.0,5.5178,5.5178,2.9192,5.0,10.1971,5.1971,5.1971,0.8385,-5.0,0.6832,키움,KT,False,65% 이상,오버,언더,False,KT +2.5,1.0,시즌 초반
2025,2025-04-20,20250420LGSK0,문학,LG,SSG,3.0,4.9469,1.9469,9.0,4.2331,-4.7669,3.3569,12.0,9.18,-2.82,2.82,-0.7137,6.0,0.4001,LG,SSG,False,55~60%,오버,오버,True,SSG +2.5,1.0,시즌 초반
2025,2025-04-20,20250420LTSS0,대구,롯데,삼성,4.0,4.4823,0.4823,3.0,5.5125,2.5125,1.4974,7.0,9.9948,2.9948,2.9948,1.0302,-1.0,0.7138,삼성,롯데,False,65% 이상,오버,언더,False,롯데 +2.5,1.0,시즌 초반
2025,2025-04-20,20250420NCHH0,대전,NC,한화,1.0,4.4688,3.4688,7.0,4.8751,-2.1249,2.7968,8.0,9.344,1.344,1.344,0.4063,6.0,0.6087,한화,한화,True,60~65%,오버,언더,False,관망,,시즌 초반
2025,2025-04-22,20250422NCLG0,잠실,NC,LG,6.0,4.383,-1.617,5.0,5.2837,0.2837,0.9503,11.0,9.6667,-1.3333,1.3333,0.9007,-1.0,0.6933,LG,NC,False,65% 이상,오버,오버,True,NC +2.5,1.0,시즌 초반
2025,2025-04-22,20250422OBWO0,고척,두산,키움,4.0,5.6101,1.6101,5.0,5.177,0.177,0.8935,9.0,10.7871,1.7871,1.7871,-0.4332,1.0,0.4519,두산,키움,False,50~55%,오버,오버,True,관망,,시즌 초반
2025,2025-04-22,20250422SKKT0,수원,SSG,KT,3.0,4.6611,1.6611,9.0,4.4939,-4.5061,3.0836,12.0,9.155,-2.845,2.845,-0.1672,6.0,0.5021,KT,KT,True,50~55%,오버,오버,True,관망,,시즌 초반
2025,2025-04-23,20250423HHLT0,사직,한화,롯데,6.0,4.5969,-1.4031,4.0,4.2185,0.2185,0.8108,10.0,8.8153,-1.1847,1.1847,-0.3784,-2.0,0.4622,한화,한화,True,50~55%,관망,오버,False,관망,,시즌 초반
2025,2025-04-23,20250423HTSS0,대구,KIA,삼성,2.0,4.2866,2.2866,7.0,5.2075,-1.7925,2.0396,9.0,9.4941,0.4941,0.4941,0.9209,5.0,0.6966,삼성,삼성,True,65% 이상,오버,오버,True,KIA +2.5,0.0,시즌 초반
2025,2025-04-23,20250423NCLG0,잠실,NC,LG,0.0,4.4713,4.4713,3.0,5.2631,2.2631,3.3672,3.0,9.7344,6.7344,6.7344,0.7918,3.0,0.6756,LG,LG,True,65% 이상,오버,언더,False,NC +2.5,0.0,시즌 초반
2025,2025-04-23,20250423OBWO0,고척,두산,키움,8.0,5.502,-2.498,2.0,5.0667,3.0667,2.7823,10.0,10.5687,0.5687,0.5687,-0.4353,-6.0,0.4515,두산,두산,True,50~55%,오버,오버,True,관망,,시즌 초반
2025,2025-04-23,20250423SKKT0,수원,SSG,KT,11.0,4.5556,-6.4444,5.0,4.5418,-0.4582,3.4513,16.0,9.0973,-6.9027,6.9027,-0.0138,-6.0,0.531,KT,SSG,False,50~55%,오버,오버,True,관망,,시즌 초반
2025,2025-04-24,20250424HHLT0,사직,한화,롯데,3.0,4.6494,1.6494,5.0,4.3827,-0.6173,1.1333,8.0,9.032,1.032,1.032,-0.2667,2.0,0.4832,한화,롯데,False,50~55%,오버,언더,False,관망,,시즌 초반
2025,2025-04-24,20250424HTSS0,대구,KIA,삼성,5.0,4.4526,-0.5474,17.0,5.3234,-11.6766,6.112,22.0,9.7759,-12.2241,12.2241,0.8708,12.0,0.6885,삼성,삼성,True,65% 이상,오버,오버,True,KIA +2.5,0.0,시즌 초반
2025,2025-04-24,20250424NCLG0,잠실,NC,LG,3.0,4.2496,1.2496,1.0,5.2323,4.2323,2.7409,4.0,9.4819,5.4819,5.4819,0.9828,-2.0,0.7064,LG,NC,False,65% 이상,오버,언더,False,NC +2.5,1.0,시즌 초반
2025,2025-04-24,20250424OBWO0,고척,두산,키움,9.0,5.6438,-3.3562,3.0,4.7145,1.7145,2.5353,12.0,10.3582,-1.6418,1.6418,-0.9293,-6.0,0.3617,두산,두산,True,60~65%,오버,오버,True,키움 +2.5,0.0,시즌 초반
2025,2025-04-24,20250424SKKT0,수원,SSG,KT,6.0,4.6291,-1.3709,5.0,4.5735,-0.4265,0.8987,11.0,9.2026,-1.7974,1.7974,-0.0556,-1.0,0.5231,KT,SSG,False,50~55%,오버,오버,True,관망,,시즌 초반
2025,2025-04-25,20250425KTHH0,대전,KT,한화,2.0,4.477,2.477,1.0,4.6144,3.6144,3.0457,3.0,9.0914,6.0914,6.0914,0.1375,-1.0,0.5594,한화,KT,False,55~60%,오버,언더,False,관망,,시즌 초반
2025,2025-04-25,20250425LGHT0,광주,LG,KIA,6.0,5.0012,-0.9988,5.0,4.3666,-0.6334,0.8161,11.0,9.3678,-1.6322,1.6322,-0.6346,-1.0,0.4145,LG,LG,True,55~60%,오버,오버,True,KIA +2.5,1.0,시즌 초반
2025,2025-04-25,20250425LTOB0,잠실,롯데,두산,8.0,4.606,-3.394,2.0,4.8618,2.8618,3.1279,10.0,9.4678,-0.5322,0.5322,0.2557,-6.0,0.5813,두산,롯데,False,55~60%,오버,오버,True,관망,,시즌 초반
2025,2025-04-25,20250425NCSS0,대구,NC,삼성,6.0,4.469,-1.531,10.0,5.0894,-4.9106,3.2208,16.0,9.5584,-6.4416,6.4416,0.6204,4.0,0.6465,삼성,삼성,True,60~65%,오버,오버,True,NC +2.5,0.0,시즌 초반
2025,2025-04-25,20250425WOSK0,문학,키움,SSG,3.0,5.1959,2.1959,4.0,6.1669,2.1669,2.1814,7.0,11.3627,4.3627,4.3627,0.971,1.0,0.7045,SSG,SSG,True,65% 이상,오버,언더,False,키움 +2.5,1.0,시즌 초반
2025,2025-04-26,20250426KTHH0,대전,KT,한화,1.0,4.4576,3.4576,2.0,4.6074,2.6074,3.0325,3.0,9.065,6.065,6.065,0.1497,1.0,0.5617,한화,한화,True,55~60%,오버,언더,False,관망,,시즌 초반
2025,2025-04-26,20250426LGHT0,광주,LG,KIA,4.0,5.0123,1.0123,8.0,4.3666,-3.6334,2.3229,12.0,9.3789,-2.6211,2.6211,-0.6457,4.0,0.4125,LG,KIA,False,55~60%,오버,오버,True,KIA +2.5,1.0,시즌 초반
2025,2025-04-26,20250426LTOB0,잠실,롯데,두산,7.0,4.7317,-2.2683,4.0,4.8296,0.8296,1.549,11.0,9.5613,-1.4387,1.4387,0.098,-3.0,0.552,두산,롯데,False,55~60%,오버,오버,True,관망,,시즌 초반
2025,2025-04-26,20250426NCSS0,대구,NC,삼성,1.0,4.9664,3.9664,9.0,5.117,-3.883,3.9247,10.0,10.0834,0.0834,0.0834,0.1506,8.0,0.5618,삼성,삼성,True,55~60%,오버,오버,True,관망,,시즌 초반
2025,2025-04-26,20250426WOSK0,문학,키움,SSG,2.0,5.149,3.149,1.0,5.6244,4.6244,3.8867,3.0,10.7734,7.7734,7.7734,0.4754,-1.0,0.6211,SSG,키움,False,60~65%,오버,언더,False,관망,,시즌 초반
2025,2025-04-27,20250427KTHH0,대전,KT,한화,3.0,4.4576,1.4576,4.0,4.6532,0.6532,1.0554,7.0,9.1108,2.1108,2.1108,0.1956,1.0,0.5702,한화,한화,True,55~60%,오버,언더,False,관망,,시즌 초반
2025,2025-04-27,20250427LGHT0,광주,LG,KIA,2.0,5.0647,3.0647,3.0,4.3666,1.3666,2.2156,5.0,9.4313,4.4313,4.4313,-0.6981,1.0,0.4029,LG,KIA,False,55~60%,오버,언더,False,KIA +2.5,1.0,시즌 초반
2025,2025-04-27,20250427LTOB0,잠실,롯데,두산,4.0,4.8442,0.8442,13.0,4.6173,-8.3827,4.6135,17.0,9.4615,-7.5385,7.5385,-0.227,9.0,0.4907,롯데,두산,False,50~55%,오버,오버,True,관망,,시즌 초반
2025,2025-04-27,20250427NCSS0,대구,NC,삼성,4.0,4.2858,0.2858,8.0,5.2495,-2.7505,1.5182,12.0,9.5353,-2.4647,2.4647,0.9636,4.0,0.7034,삼성,삼성,True,65% 이상,오버,오버,True,NC +2.5,0.0,시즌 초반
2025,2025-04-27,20250427WOSK0,문학,키움,SSG,7.0,4.7466,-2.2534,3.0,5.6097,2.6097,2.4316,10.0,10.3564,0.3564,0.3564,0.8631,-4.0,0.6873,SSG,키움,False,65% 이상,오버,오버,True,키움 +2.5,1.0,시즌 초반
2025,2025-04-29,20250429KTOB0,잠실,KT,두산,3.0,4.9208,1.9208,2.0,4.4837,2.4837,2.2023,5.0,9.4046,4.4046,4.4046,-0.4371,-1.0,0.4512,KT,KT,True,50~55%,오버,언더,False,관망,,시즌 초반
2025,2025-04-29,20250429LGHH0,대전,LG,한화,2.0,4.7958,2.7958,3.0,4.3712,1.3712,2.0835,5.0,9.167,4.167,4.167,-0.4246,1.0,0.4535,LG,한화,False,50~55%,오버,언더,False,관망,,시즌 초반
2025,2025-04-29,20250429LTWO0,고척,롯데,키움,9.0,5.606,-3.394,3.0,4.6468,1.6468,2.5204,12.0,10.2528,-1.7472,1.7472,-0.9592,-6.0,0.3565,롯데,롯데,True,60~65%,오버,오버,True,키움 +2.5,0.0,시즌 초반
2025,2025-04-29,20250429NCHT0,광주,NC,KIA,3.0,4.5923,1.5923,13.0,5.7504,-7.2496,4.421,16.0,10.3427,-5.6573,5.6573,1.1581,10.0,0.7331,KIA,KIA,True,65% 이상,오버,오버,True,NC +2.5,0.0,시즌 초반
2025,2025-04-29,20250429SSSK0,문학,삼성,SSG,3.0,5.1155,2.1155,1.0,4.4013,3.4013,2.7584,4.0,9.5169,5.5169,5.5169,-0.7142,-2.0,0.4,삼성,삼성,True,60~65%,오버,언더,False,SSG +2.5,1.0,시즌 초반
2025,2025-04-30,20250430KTOB0,잠실,KT,두산,8.0,4.5799,-3.4201,3.0,4.576,1.576,2.498,11.0,9.1559,-1.8441,1.8441,-0.0039,-5.0,0.5329,두산,KT,False,50~55%,오버,오버,True,관망,,시즌 초반
2025,2025-04-30,20250430LGHH0,대전,LG,한화,2.0,4.7564,2.7564,5.0,4.3984,-0.6016,1.679,7.0,9.1548,2.1548,2.1548,-0.358,3.0,0.466,LG,한화,False,50~55%,오버,언더,False,관망,,시즌 초반
2025,2025-04-30,20250430LTWO0,고척,롯데,키움,10.0,5.1214,-4.8786,9.0,4.6615,-4.3385,4.6086,19.0,9.7828,-9.2172,9.2172,-0.4599,-1.0,0.4469,롯데,롯데,True,55~60%,오버,오버,True,관망,,시즌 초반
2025,2025-04-30,20250430NCHT0,광주,NC,KIA,7.0,4.6251,-2.3749,0.0,5.7516,5.7516,4.0632,7.0,10.3767,3.3767,3.3767,1.1265,-7.0,0.7284,KIA,NC,False,65% 이상,오버,언더,False,NC +2.5,1.0,시즌 초반
2025,2025-05-01,20250501LTWO0,고척,롯데,키움,5.0,5.6187,0.6187,0.0,4.4093,4.4093,2.514,5.0,10.028,5.028,5.028,-1.2094,-5.0,0.3143,롯데,롯데,True,65% 이상,오버,언더,False,키움 +2.5,0.0,시즌 초반
2025,2025-05-01,20250501SSSK0,문학,삼성,SSG,1.0,5.494,4.494,4.0,4.4013,0.4013,2.4477,5.0,9.8953,4.8953,4.8953,-1.0927,3.0,0.3336,삼성,SSG,False,65% 이상,오버,언더,False,SSG +2.5,1.0,시즌 초반
2025,2025-05-02,20250502HHHT0,광주,한화,KIA,3.0,4.54,1.54,2.0,4.5137,2.5137,2.0268,5.0,9.0537,4.0537,4.0537,-0.0263,-1.0,0.5287,KIA,한화,False,50~55%,오버,언더,False,관망,,시즌 초반
2025,2025-05-02,20250502NCLT0,사직,NC,롯데,3.0,4.3194,1.3194,4.0,5.6555,1.6555,1.4874,7.0,9.9749,2.9749,2.9749,1.3361,1.0,0.7586,롯데,롯데,True,65% 이상,오버,언더,False,NC +2.5,1.0,시즌 초반
2025,2025-05-02,20250502OBSS0,대구,두산,삼성,2.0,4.8039,2.8039,6.0,5.3073,-0.6927,1.7483,8.0,10.1113,2.1113,2.1113,0.5034,4.0,0.6261,삼성,삼성,True,60~65%,오버,언더,False,두산 +2.5,0.0,시즌 초반
2025,2025-05-02,20250502SKLG0,잠실,SSG,LG,2.0,4.3591,2.3591,1.0,4.9614,3.9614,3.1603,3.0,9.3206,6.3206,6.3206,0.6023,-1.0,0.6434,LG,SSG,False,60~65%,오버,언더,False,SSG +2.5,1.0,시즌 초반
2025,2025-05-02,20250502WOKT0,수원,키움,KT,5.0,4.8098,-0.1902,3.0,4.7738,1.7738,0.982,8.0,9.5836,1.5836,1.5836,-0.036,-2.0,0.5268,KT,키움,False,50~55%,오버,언더,False,관망,,시즌 초반
2025,2025-05-03,20250503NCLT0,사직,NC,롯데,13.0,4.6229,-8.3771,4.0,5.5745,1.5745,4.9758,17.0,10.1974,-6.8026,6.8026,0.9517,-9.0,0.7015,롯데,NC,False,65% 이상,오버,오버,True,NC +2.5,1.0,시즌 초반
2025,2025-05-03,20250503OBSS0,대구,두산,삼성,6.0,4.5236,-1.4764,1.0,5.1968,4.1968,2.8366,7.0,9.7204,2.7204,2.7204,0.6733,-5.0,0.6556,삼성,두산,False,65% 이상,오버,언더,False,두산 +2.5,1.0,시즌 초반
2025,2025-05-03,20250503SKLG0,잠실,SSG,LG,1.0,4.3319,3.3319,4.0,5.0611,1.0611,2.1965,5.0,9.393,4.393,4.393,0.7291,3.0,0.6651,LG,LG,True,65% 이상,오버,언더,False,SSG +2.5,0.0,시즌 초반
2025,2025-05-03,20250503WOKT0,수원,키움,KT,0.0,4.8584,4.8584,9.0,4.8279,-4.1721,4.5153,9.0,9.6863,0.6863,0.6863,-0.0305,9.0,0.5279,KT,KT,True,50~55%,오버,오버,True,관망,,시즌 초반
2025,2025-05-04,20250504HHHT0,광주,한화,KIA,3.0,4.54,1.54,1.0,4.2471,3.2471,2.3935,4.0,8.7871,4.7871,4.7871,-0.2929,-2.0,0.4783,한화,한화,True,50~55%,관망,언더,False,관망,,시즌 초반
2025,2025-05-04,20250504NCLT0,사직,NC,롯데,9.0,4.7012,-4.2988,6.0,5.5977,-0.4023,2.3506,15.0,10.2989,-4.7011,4.7011,0.8965,-3.0,0.6927,롯데,NC,False,65% 이상,오버,오버,True,NC +2.5,1.0,시즌 초반
2025,2025-05-04,20250504OBSS0,대구,두산,삼성,11.0,4.7743,-6.2257,6.0,5.3165,-0.6835,3.4546,17.0,10.0908,-6.9092,6.9092,0.5422,-5.0,0.6329,삼성,두산,False,60~65%,오버,오버,True,두산 +2.5,1.0,시즌 초반
2025,2025-05-04,20250504SKLG0,잠실,SSG,LG,4.0,4.3825,0.3825,12.0,4.7057,-7.2943,3.8384,16.0,9.0883,-6.9117,6.9117,0.3232,8.0,0.5937,LG,LG,True,55~60%,오버,오버,True,관망,,시즌 초반
2025,2025-05-04,20250504WOKT0,수원,키움,KT,4.0,4.5634,0.5634,5.0,4.8638,-0.1362,0.3498,9.0,9.4272,0.4272,0.4272,0.3005,1.0,0.5895,KT,KT,True,55~60%,오버,오버,True,관망,,시즌 초반
2025,2025-05-05,20250505HTWO0,고척,KIA,키움,13.0,5.4936,-7.5064,1.0,4.6826,3.6826,5.5945,14.0,10.1762,-3.8238,3.8238,-0.811,-12.0,0.3826,KIA,KIA,True,60~65%,오버,오버,True,키움 +2.5,0.0,시즌 초반
2025,2025-05-05,20250505LGOB0,잠실,LG,두산,2.0,5.0437,3.0437,5.0,4.529,-0.471,1.7574,7.0,9.5726,2.5726,2.5726,-0.5147,3.0,0.4367,LG,두산,False,55~60%,오버,언더,False,두산 +2.5,1.0,시즌 초반
2025,2025-05-05,20250505NCKT0,수원,NC,KT,6.0,4.7249,-1.2751,2.0,4.8251,2.8251,2.0501,8.0,9.55,1.55,1.55,0.1002,-4.0,0.5524,KT,NC,False,55~60%,오버,언더,False,관망,,시즌 초반
2025,2025-05-05,20250505SKLT0,사직,SSG,롯데,7.0,4.7907,-2.2093,1.0,4.7695,3.7695,2.9894,8.0,9.5602,1.5602,1.5602,-0.0213,-6.0,0.5296,롯데,SSG,False,50~55%,오버,언더,False,관망,,시즌 초반
2025,2025-05-05,20250505SSHH0,대전,삼성,한화,1.0,4.4919,3.4919,3.0,4.4078,1.4078,2.4498,4.0,8.8997,4.8997,4.8997,-0.0841,2.0,0.5178,한화,한화,True,50~55%,관망,언더,False,관망,,시즌 초반
2025,2025-05-06,20250506HTWO0,고척,KIA,키움,5.0,6.0427,1.0427,3.0,4.7266,1.7266,1.3846,8.0,10.7693,2.7693,2.7693,-1.3161,-2.0,0.2972,KIA,KIA,True,65% 이상,오버,언더,False,키움 +2.5,1.0,시즌 초반
2025,2025-05-06,20250506LGOB0,잠실,LG,두산,5.0,4.9752,-0.0248,1.0,4.5813,3.5813,1.803,6.0,9.5565,3.5565,3.5565,-0.3939,-4.0,0.4593,LG,LG,True,50~55%,오버,언더,False,관망,,시즌 초반
2025,2025-05-06,20250506NCKT0,수원,NC,KT,6.0,5.0606,-0.9394,3.0,4.7545,1.7545,1.3469,9.0,9.8151,0.8151,0.8151,-0.3061,-3.0,0.4758,NC,NC,True,50~55%,오버,오버,True,관망,,시즌 초반
2025,2025-05-06,20250506SKLT0,사직,SSG,롯데,0.0,4.6684,4.6684,6.0,4.4971,-1.5029,3.0857,6.0,9.1655,3.1655,3.1655,-0.1713,6.0,0.5013,롯데,롯데,True,50~55%,오버,언더,False,관망,,시즌 초반
2025,2025-05-06,20250506SSHH0,대전,삼성,한화,1.0,4.5264,3.5264,3.0,4.3725,1.3725,2.4494,4.0,8.8989,4.8989,4.8989,-0.154,2.0,0.5045,한화,한화,True,50~55%,관망,언더,False,관망,,시즌 초반
2025,2025-05-07,20250507HTWO0,고척,KIA,키움,10.0,5.9102,-4.0898,11.0,4.8853,-6.1147,5.1023,21.0,10.7955,-10.2045,10.2045,-1.0249,1.0,0.3451,KIA,키움,False,65% 이상,오버,오버,True,키움 +2.5,1.0,시즌 초반
2025,2025-05-07,20250507LGOB0,잠실,LG,두산,2.0,5.3307,3.3307,5.0,4.5446,-0.4554,1.8931,7.0,9.8753,2.8753,2.8753,-0.7861,3.0,0.387,LG,두산,False,60~65%,오버,언더,False,두산 +2.5,1.0,시즌 초반
2025,2025-05-07,20250507NCKT0,수원,NC,KT,12.0,4.5981,-7.4019,2.0,4.8726,2.8726,5.1372,14.0,9.4708,-4.5292,4.5292,0.2745,-10.0,0.5847,KT,NC,False,55~60%,오버,오버,True,관망,,시즌 초반
2025,2025-05-07,20250507SKLT0,사직,SSG,롯데,2.0,4.8646,2.8646,6.0,4.4507,-1.5493,2.2069,8.0,9.3153,1.3153,1.3153,-0.4139,4.0,0.4555,SSG,롯데,False,50~55%,오버,언더,False,관망,,시즌 초반
2025,2025-05-07,20250507SSHH0,대전,삼성,한화,6.0,4.8614,-1.1386,10.0,4.3725,-5.6275,3.3831,16.0,9.2338,-6.7662,6.7662,-0.4889,4.0,0.4415,삼성,한화,False,55~60%,오버,오버,True,관망,,시즌 초반
2025,2025-05-09,20250509HHWO0,고척,한화,키움,7.0,4.6326,-2.3674,5.0,4.1954,-0.8046,1.586,12.0,8.8281,-3.1719,3.1719,-0.4372,-2.0,0.4512,한화,한화,True,50~55%,관망,오버,False,관망,,시즌 초반
2025,2025-05-10,20250510HHWO0,고척,한화,키움,9.0,4.6841,-4.3159,1.0,4.238,3.238,3.777,10.0,8.9221,-1.0779,1.0779,-0.4461,-8.0,0.4495,한화,한화,True,55~60%,오버,오버,True,관망,,시즌 초반
2025,2025-05-10,20250510HTSK0,문학,KIA,SSG,5.0,4.4323,-0.5677,4.0,4.5583,0.5583,0.563,9.0,8.9906,-0.0094,0.0094,0.126,-1.0,0.5572,SSG,KIA,False,55~60%,오버,오버,True,관망,,시즌 초반
2025,2025-05-10,20250510LGSS1,대구,LG,삼성,5.0,4.7568,-0.2432,4.0,4.7454,0.7454,0.4943,9.0,9.5022,0.5022,0.5022,-0.0114,-1.0,0.5315,삼성,LG,False,50~55%,오버,오버,True,관망,,시즌 초반
2025,2025-05-10,20250510LGSS2,대구,LG,삼성,4.0,4.7568,0.7568,1.0,4.7454,3.7454,2.2511,5.0,9.5022,4.5022,4.5022,-0.0114,-3.0,0.5315,삼성,LG,False,50~55%,오버,언더,False,관망,,시즌 초반
2025,2025-05-10,20250510LTKT0,수원,롯데,KT,8.0,4.4247,-3.5753,5.0,5.0432,0.0432,1.8093,13.0,9.4679,-3.5321,3.5321,0.6186,-3.0,0.6462,KT,롯데,False,60~65%,오버,오버,True,롯데 +2.5,1.0,시즌 초반
2025,2025-05-11,20250511HHWO0,고척,한화,키움,8.0,4.7121,-3.2879,0.0,4.2987,4.2987,3.7933,8.0,9.0108,1.0108,1.0108,-0.4134,-8.0,0.4556,한화,한화,True,50~55%,오버,언더,False,관망,,시즌 초반
2025,2025-05-11,20250511HTSK1,문학,KIA,SSG,4.0,4.7214,0.7214,8.0,4.6412,-3.3588,2.0401,12.0,9.3626,-2.6374,2.6374,-0.0802,4.0,0.5185,SSG,SSG,True,50~55%,오버,오버,True,관망,,시즌 초반
2025,2025-05-11,20250511HTSK2,문학,KIA,SSG,1.0,4.7214,3.7214,5.0,4.6412,-0.3588,2.0401,6.0,9.3626,3.3626,3.3626,-0.0802,4.0,0.5185,SSG,SSG,True,50~55%,오버,언더,False,관망,,시즌 초반
2025,2025-05-11,20250511LGSS0,대구,LG,삼성,7.0,4.8734,-2.1266,4.0,4.8969,0.8969,1.5118,11.0,9.7702,-1.2298,1.2298,0.0235,-3.0,0.538,삼성,LG,False,50~55%,오버,오버,True,관망,,시즌 초반
2025,2025-05-11,20250511LTKT1,수원,롯데,KT,6.0,4.5794,-1.4206,1.0,5.4228,4.4228,2.9217,7.0,10.0022,3.0022,3.0022,0.8434,-5.0,0.6841,KT,롯데,False,65% 이상,오버,언더,False,롯데 +2.5,1.0,시즌 초반
2025,2025-05-11,20250511NCOB1,잠실,NC,두산,11.0,4.6487,-6.3513,5.0,4.9125,-0.0875,3.2194,16.0,9.5612,-6.4388,6.4388,0.2638,-6.0,0.5828,두산,NC,False,55~60%,오버,오버,True,관망,,시즌 초반
2025,2025-05-11,20250511NCOB2,잠실,NC,두산,5.0,4.6487,-0.3513,2.0,4.9125,2.9125,1.6319,7.0,9.5612,2.5612,2.5612,0.2638,-3.0,0.5828,두산,NC,False,55~60%,오버,언더,False,관망,,시즌 초반
2025,2025-05-13,20250513KTSS0,포항,KT,삼성,3.0,5.5184,2.5184,5.0,4.9451,-0.0549,1.2867,8.0,10.4635,2.4635,2.4635,-0.5733,2.0,0.4258,KT,삼성,False,55~60%,오버,언더,False,삼성 +2.5,1.0,시즌 초반
2025,2025-05-13,20250513LTHT0,광주,롯데,KIA,1.0,5.1433,4.1433,4.0,4.6794,0.6794,2.4113,5.0,9.8227,4.8227,4.8227,-0.464,3.0,0.4461,롯데,KIA,False,55~60%,오버,언더,False,관망,,시즌 초반
2025,2025-05-13,20250513NCSK0,문학,NC,SSG,3.0,4.9702,1.9702,6.0,4.6978,-1.3022,1.6362,9.0,9.668,0.668,0.668,-0.2724,3.0,0.4822,NC,SSG,False,50~55%,오버,오버,True,관망,,시즌 초반
2025,2025-05-13,20250513OBHH0,대전,두산,한화,4.0,4.3223,0.3223,3.0,4.5298,1.5298,0.926,7.0,8.8521,1.8521,1.8521,0.2075,-1.0,0.5724,한화,두산,False,55~60%,관망,언더,False,관망,,시즌 초반
2025,2025-05-13,20250513WOLG0,잠실,키움,LG,6.0,4.6487,-1.3513,9.0,5.4596,-3.5404,2.4458,15.0,10.1083,-4.8917,4.8917,0.8109,3.0,0.6787,LG,LG,True,65% 이상,오버,오버,True,키움 +2.5,0.0,시즌 초반
2025,2025-05-14,20250514KTSS0,포항,KT,삼성,3.0,5.5226,2.5226,2.0,5.0538,3.0538,2.7882,5.0,10.5765,5.5765,5.5765,-0.4688,-1.0,0.4452,KT,KT,True,55~60%,오버,언더,False,관망,,시즌 초반
2025,2025-05-14,20250514LTHT0,광주,롯데,KIA,4.0,5.1771,1.1771,0.0,4.7028,4.7028,2.9399,4.0,9.8799,5.8799,5.8799,-0.4744,-4.0,0.4442,롯데,롯데,True,55~60%,오버,언더,False,관망,,시즌 초반
2025,2025-05-14,20250514NCSK0,문학,NC,SSG,6.0,4.5166,-1.4834,3.0,4.7434,1.7434,1.6134,9.0,9.2601,0.2601,0.2601,0.2268,-3.0,0.5759,SSG,NC,False,55~60%,오버,오버,True,관망,,시즌 초반
2025,2025-05-14,20250514OBHH0,대전,두산,한화,7.0,4.3223,-2.6777,1.0,4.4915,3.4915,3.0846,8.0,8.8137,0.8137,0.8137,0.1692,-6.0,0.5653,한화,두산,False,55~60%,관망,언더,False,관망,,시즌 초반
2025,2025-05-14,20250514WOLG0,잠실,키움,LG,0.0,4.2756,4.2756,12.0,5.5573,-6.4427,5.3592,12.0,9.8329,-2.1671,2.1671,1.2817,12.0,0.751,LG,LG,True,65% 이상,오버,오버,True,키움 +2.5,0.0,시즌 초반
2025,2025-05-15,20250515KTSS0,포항,KT,삼성,0.0,5.3418,5.3418,13.0,4.7579,-8.2421,6.792,13.0,10.0997,-2.9003,2.9003,-0.5839,13.0,0.4239,KT,삼성,False,55~60%,오버,오버,True,삼성 +2.5,1.0,시즌 초반
2025,2025-05-15,20250515LTHT0,광주,롯데,KIA,6.0,5.1554,-0.8446,7.0,4.6892,-2.3108,1.5777,13.0,9.8446,-3.1554,3.1554,-0.4662,1.0,0.4457,롯데,KIA,False,55~60%,오버,오버,True,관망,,시즌 초반
2025,2025-05-15,20250515NCSK0,문학,NC,SSG,0.0,4.5166,4.5166,4.0,4.699,0.699,2.6078,4.0,9.2156,5.2156,5.2156,0.1823,4.0,0.5677,SSG,SSG,True,55~60%,오버,언더,False,관망,,시즌 초반
2025,2025-05-15,20250515OBHH0,대전,두산,한화,8.0,4.4256,-3.5744,2.0,4.5209,2.5209,3.0477,10.0,8.9465,-1.0535,1.0535,0.0953,-6.0,0.5515,한화,두산,False,55~60%,오버,오버,True,관망,,시즌 초반
2025,2025-05-15,20250515WOLG0,잠실,키움,LG,2.0,4.3534,2.3534,6.0,5.5413,-0.4587,1.4061,8.0,9.8947,1.8947,1.8947,1.1879,4.0,0.7375,LG,LG,True,65% 이상,오버,언더,False,키움 +2.5,0.0,시즌 초반
2025,2025-05-17,20250517KTLG1,잠실,KT,LG,12.0,4.272,-7.728,4.0,5.3741,1.3741,4.5511,16.0,9.6461,-6.3539,6.3539,1.1021,-8.0,0.7247,LG,KT,False,65% 이상,오버,오버,True,KT +2.5,1.0,시즌 초반
2025,2025-05-17,20250517KTLG2,잠실,KT,LG,7.0,4.272,-2.728,6.0,5.3741,-0.6259,1.677,13.0,9.6461,-3.3539,3.3539,1.1021,-1.0,0.7247,LG,KT,False,65% 이상,오버,오버,True,KT +2.5,1.0,시즌 초반
2025,2025-05-17,20250517OBHT1,광주,두산,KIA,2.0,5.1635,3.1635,5.0,4.5382,-0.4618,1.8126,7.0,9.7017,2.7017,2.7017,-0.6252,3.0,0.4162,두산,KIA,False,55~60%,오버,언더,False,KIA +2.5,1.0,시즌 초반
2025,2025-05-17,20250517OBHT2,광주,두산,KIA,1.0,5.1635,4.1635,4.0,4.5382,0.5382,2.3509,5.0,9.7017,4.7017,4.7017,-0.6252,3.0,0.4162,두산,KIA,False,55~60%,오버,언더,False,KIA +2.5,1.0,시즌 초반
2025,2025-05-17,20250517SKHH1,대전,SSG,한화,0.0,4.3666,4.3666,1.0,4.633,3.633,3.9998,1.0,8.9996,7.9996,7.9996,0.2664,1.0,0.5832,한화,한화,True,55~60%,오버,언더,False,관망,,시즌 초반
2025,2025-05-17,20250517SKHH2,대전,SSG,한화,5.0,4.3666,-0.6334,2.0,4.633,2.633,1.6332,7.0,8.9996,1.9996,1.9996,0.2664,-3.0,0.5832,한화,SSG,False,55~60%,오버,언더,False,관망,,시즌 초반
2025,2025-05-17,20250517SSLT1,사직,삼성,롯데,5.0,5.4483,0.4483,7.0,4.6413,-2.3587,1.4035,12.0,10.0896,-1.9104,1.9104,-0.8069,2.0,0.3833,삼성,롯데,False,60~65%,오버,오버,True,롯데 +2.5,1.0,시즌 초반
2025,2025-05-17,20250517SSLT2,사직,삼성,롯데,7.0,5.4483,-1.5517,8.0,4.6413,-3.3587,2.4552,15.0,10.0896,-4.9104,4.9104,-0.8069,1.0,0.3833,삼성,롯데,False,60~65%,오버,오버,True,롯데 +2.5,1.0,시즌 초반
2025,2025-05-17,20250517WONC1,울산,키움,NC,2.0,4.6478,2.6478,3.0,5.3887,2.3887,2.5183,5.0,10.0365,5.0365,5.0365,0.7409,1.0,0.6671,NC,NC,True,65% 이상,오버,언더,False,키움 +2.5,1.0,시즌 초반
2025,2025-05-17,20250517WONC2,울산,키움,NC,3.0,4.6478,1.6478,2.0,5.3887,3.3887,2.5183,5.0,10.0365,5.0365,5.0365,0.7409,-1.0,0.6671,NC,키움,False,65% 이상,오버,언더,False,키움 +2.5,1.0,시즌 초반
2025,2025-05-18,20250518KTLG0,잠실,KT,LG,1.0,4.3827,3.3827,5.0,5.1006,0.1006,1.7416,6.0,9.4833,3.4833,3.4833,0.7179,4.0,0.6632,LG,LG,True,65% 이상,오버,언더,False,KT +2.5,0.0,시즌 초반
2025,2025-05-18,20250518OBHT0,광주,두산,KIA,4.0,4.7843,0.7843,5.0,4.5735,-0.4265,0.6054,9.0,9.3578,0.3578,0.3578,-0.2108,1.0,0.4938,두산,KIA,False,50~55%,오버,오버,True,관망,,시즌 초반
2025,2025-05-18,20250518SKHH0,대전,SSG,한화,7.0,4.3527,-2.6473,3.0,4.7467,1.7467,2.197,10.0,9.0994,-0.9006,0.9006,0.394,-4.0,0.6065,한화,SSG,False,60~65%,오버,오버,True,관망,,시즌 초반
2025,2025-05-18,20250518SSLT0,사직,삼성,롯데,3.0,5.1625,2.1625,6.0,4.8234,-1.1766,1.6695,9.0,9.986,0.986,0.986,-0.3391,3.0,0.4696,삼성,롯데,False,50~55%,오버,오버,True,관망,,시즌 초반
2025,2025-05-18,20250518WONC0,울산,키움,NC,0.0,4.8579,4.8579,5.0,5.3668,0.3668,2.6124,5.0,10.2247,5.2247,5.2247,0.5089,5.0,0.627,NC,NC,True,60~65%,오버,언더,False,키움 +2.5,0.0,시즌 초반
2025,2025-05-20,20250520HHNC0,울산,한화,NC,4.0,4.6079,0.6079,1.0,4.6044,3.6044,2.1061,5.0,9.2123,4.2123,4.2123,-0.0035,-3.0,0.5329,NC,한화,False,50~55%,오버,언더,False,관망,,시즌 초반
2025,2025-05-20,20250520HTKT0,수원,KIA,KT,3.0,4.8245,1.8245,5.0,4.9909,-0.0091,0.9168,8.0,9.8154,1.8154,1.8154,0.1665,2.0,0.5648,KT,KT,True,55~60%,오버,언더,False,관망,,시즌 초반
2025,2025-05-20,20250520LGLT0,사직,LG,롯데,17.0,5.098,-11.902,9.0,4.6726,-4.3274,8.1147,26.0,9.7706,-16.2294,16.2294,-0.4254,-8.0,0.4534,LG,LG,True,50~55%,오버,오버,True,관망,,시즌 초반
2025,2025-05-20,20250520SKOB0,잠실,SSG,두산,5.0,4.5952,-0.4048,3.0,4.7619,1.7619,1.0834,8.0,9.357,1.357,1.357,0.1667,-2.0,0.5648,두산,SSG,False,55~60%,오버,언더,False,관망,,시즌 초반
2025,2025-05-20,20250520SSWO0,고척,삼성,키움,6.0,5.9879,-0.0121,3.0,4.9019,1.9019,0.957,9.0,10.8898,1.8898,1.8898,-1.0859,-3.0,0.3348,삼성,삼성,True,65% 이상,오버,오버,True,키움 +2.5,0.0,시즌 초반
2025,2025-05-21,20250521HHNC0,울산,한화,NC,2.0,4.6465,2.6465,5.0,4.5636,-0.4364,1.5414,7.0,9.2101,2.2101,2.2101,-0.0829,3.0,0.518,NC,NC,True,50~55%,오버,언더,False,관망,,시즌 초반
2025,2025-05-21,20250521HTKT0,수원,KIA,KT,1.0,4.7268,3.7268,3.0,4.7196,1.7196,2.7232,4.0,9.4465,5.4465,5.4465,-0.0072,2.0,0.5323,KT,KT,True,50~55%,오버,언더,False,관망,,시즌 중반
2025,2025-05-21,20250521SKOB0,잠실,SSG,두산,9.0,4.5403,-4.4597,1.0,4.7619,3.7619,4.1108,10.0,9.3022,-0.6978,0.6978,0.2215,-8.0,0.575,두산,SSG,False,55~60%,오버,오버,True,관망,,시즌 중반
2025,2025-05-21,20250521SSWO0,고척,삼성,키움,6.0,5.9251,-0.0749,1.0,4.9019,3.9019,1.9884,7.0,10.827,3.827,3.827,-1.0232,-5.0,0.3454,삼성,삼성,True,65% 이상,오버,언더,False,키움 +2.5,0.0,시즌 중반
2025,2025-05-22,20250522HHNC0,울산,한화,NC,3.0,4.5606,1.5606,4.0,4.5634,0.5634,1.062,7.0,9.124,2.124,2.124,0.0028,1.0,0.5341,NC,NC,True,50~55%,오버,언더,False,관망,,시즌 중반
2025,2025-05-22,20250522HTKT0,수원,KIA,KT,8.0,4.8229,-3.1771,3.0,4.5778,1.5778,2.3775,11.0,9.4007,-1.5993,1.5993,-0.2451,-5.0,0.4873,KIA,KIA,True,50~55%,오버,오버,True,관망,,시즌 중반
2025,2025-05-22,20250522LGLT0,사직,LG,롯데,4.0,5.1437,1.1437,11.0,4.6471,-6.3529,3.7483,15.0,9.7908,-5.2092,5.2092,-0.4966,7.0,0.4401,LG,롯데,False,55~60%,오버,오버,True,관망,,시즌 중반
2025,2025-05-22,20250522SKOB0,잠실,SSG,두산,5.0,4.5265,-0.4735,6.0,4.598,-1.402,0.9378,11.0,9.1245,-1.8755,1.8755,0.0715,1.0,0.547,두산,두산,True,50~55%,오버,오버,True,관망,,시즌 중반
2025,2025-05-22,20250522SSWO0,고척,삼성,키움,2.0,5.7387,3.7387,0.0,4.6969,4.6969,4.2178,2.0,10.4355,8.4355,8.4355,-1.0418,-2.0,0.3423,삼성,삼성,True,65% 이상,오버,언더,False,키움 +2.5,1.0,시즌 중반
2025,2025-05-23,20250523HTSS0,대구,KIA,삼성,7.0,4.3913,-2.6087,6.0,5.3783,-0.6217,1.6152,13.0,9.7696,-3.2304,3.2304,0.987,-1.0,0.707,삼성,KIA,False,65% 이상,오버,오버,True,KIA +2.5,1.0,시즌 중반
2025,2025-05-23,20250523KTWO0,고척,KT,키움,7.0,5.1591,-1.8409,5.0,4.5634,-0.4366,1.1388,12.0,9.7225,-2.2775,2.2775,-0.5957,-2.0,0.4217,KT,KT,True,55~60%,오버,오버,True,키움 +2.5,1.0,시즌 중반
2025,2025-05-23,20250523LGSK0,문학,LG,SSG,3.0,4.8821,1.8821,2.0,4.3756,2.3756,2.1289,5.0,9.2577,4.2577,4.2577,-0.5065,-1.0,0.4382,LG,LG,True,55~60%,오버,언더,False,SSG +2.5,1.0,시즌 중반
2025,2025-05-23,20250523LTHH0,대전,롯데,한화,2.0,4.6202,2.6202,4.0,4.6558,0.6558,1.638,6.0,9.2761,3.2761,3.2761,0.0356,2.0,0.5403,한화,한화,True,50~55%,오버,언더,False,관망,,시즌 중반
2025,2025-05-24,20250524HTSS0,대구,KIA,삼성,4.0,4.5347,0.5347,8.0,5.4434,-2.5566,1.5457,12.0,9.9781,-2.0219,2.0219,0.9086,4.0,0.6946,삼성,삼성,True,65% 이상,오버,오버,True,KIA +2.5,0.0,시즌 중반
2025,2025-05-24,20250524KTWO0,고척,KT,키움,10.0,5.1742,-4.8258,4.0,4.5634,0.5634,2.6946,14.0,9.7375,-4.2625,4.2625,-0.6108,-6.0,0.4189,KT,KT,True,55~60%,오버,오버,True,키움 +2.5,0.0,시즌 중반
2025,2025-05-24,20250524LGSK0,문학,LG,SSG,4.0,4.6814,0.6814,5.0,4.3756,-0.6244,0.6529,9.0,9.057,0.057,0.057,-0.3057,1.0,0.4759,LG,SSG,False,50~55%,오버,오버,True,관망,,시즌 중반
2025,2025-05-24,20250524LTHH0,대전,롯데,한화,8.0,4.4088,-3.5912,6.0,4.6449,-1.3551,2.4732,14.0,9.0537,-4.9463,4.9463,0.236,-2.0,0.5776,한화,롯데,False,55~60%,오버,오버,True,관망,,시즌 중반
2025,2025-05-24,20250524NCOB0,잠실,NC,두산,5.0,4.8146,-0.1854,1.0,4.8129,3.8129,1.9992,6.0,9.6275,3.6275,3.6275,-0.0017,-4.0,0.5333,두산,NC,False,50~55%,오버,언더,False,관망,,시즌 중반
2025,2025-05-25,20250525HTSS0,대구,KIA,삼성,2.0,4.5476,2.5476,3.0,5.3544,2.3544,2.451,5.0,9.902,4.902,4.902,0.8068,1.0,0.678,삼성,삼성,True,65% 이상,오버,언더,False,KIA +2.5,1.0,시즌 중반
2025,2025-05-25,20250525KTWO0,고척,KT,키움,2.0,5.3299,3.3299,0.0,4.5634,4.5634,3.9466,2.0,9.8932,7.8932,7.8932,-0.7665,-2.0,0.3905,KT,KT,True,60~65%,오버,언더,False,키움 +2.5,1.0,시즌 중반
2025,2025-05-25,20250525LGSK0,문학,LG,SSG,9.0,4.8022,-4.1978,3.0,4.3756,1.3756,2.7867,12.0,9.1778,-2.8222,2.8222,-0.4266,-6.0,0.4532,LG,LG,True,50~55%,오버,오버,True,관망,,시즌 중반
2025,2025-05-25,20250525LTHH0,대전,롯데,한화,7.0,4.3233,-2.6767,8.0,4.706,-3.294,2.9854,15.0,9.0293,-5.9707,5.9707,0.3827,1.0,0.6045,한화,한화,True,60~65%,오버,오버,True,관망,,시즌 중반
2025,2025-05-25,20250525NCOB0,잠실,NC,두산,3.0,4.8499,1.8499,5.0,4.7229,-0.2771,1.0635,8.0,9.5728,1.5728,1.5728,-0.1269,2.0,0.5097,두산,두산,True,50~55%,오버,언더,False,관망,,시즌 중반
2025,2025-05-27,20250527HHLG0,잠실,한화,LG,1.0,4.3483,3.3483,2.0,4.9754,2.9754,3.1619,3.0,9.3237,6.3237,6.3237,0.6271,1.0,0.6477,LG,LG,True,60~65%,오버,언더,False,한화 +2.5,1.0,시즌 중반
2025,2025-05-27,20250527LTSS0,대구,롯데,삼성,3.0,4.7481,1.7481,7.0,5.1866,-1.8134,1.7807,10.0,9.9347,-0.0653,0.0653,0.4386,4.0,0.6145,삼성,삼성,True,60~65%,오버,오버,True,관망,,시즌 중반
2025,2025-05-27,20250527OBKT0,수원,두산,KT,1.0,4.9027,3.9027,2.0,4.6882,2.6882,3.2955,3.0,9.5909,6.5909,6.5909,-0.2146,1.0,0.4931,두산,KT,False,50~55%,오버,언더,False,관망,,시즌 중반
2025,2025-05-27,20250527WOHT0,광주,키움,KIA,5.0,4.6673,-0.3327,7.0,5.6657,-1.3343,0.8335,12.0,10.333,-1.667,1.667,0.9984,2.0,0.7088,KIA,KIA,True,65% 이상,오버,오버,True,키움 +2.5,1.0,시즌 중반
2025,2025-05-28,20250528HHLG0,잠실,한화,LG,6.0,4.4533,-1.5467,5.0,4.9842,-0.0158,0.7812,11.0,9.4376,-1.5624,1.5624,0.5309,-1.0,0.6309,LG,한화,False,60~65%,오버,오버,True,한화 +2.5,1.0,시즌 중반
2025,2025-05-28,20250528NCSK0,문학,NC,SSG,5.0,4.5471,-0.4529,13.0,4.5481,-8.4519,4.4524,18.0,9.0952,-8.9048,8.9048,0.001,8.0,0.5338,SSG,SSG,True,50~55%,오버,오버,True,관망,,시즌 중반
2025,2025-05-28,20250528OBKT0,수원,두산,KT,12.0,4.6024,-7.3976,3.0,4.7034,1.7034,4.5505,15.0,9.3058,-5.6942,5.6942,0.101,-9.0,0.5526,KT,두산,False,55~60%,오버,오버,True,관망,,시즌 중반
2025,2025-05-28,20250528WOHT0,광주,키움,KIA,7.0,4.6673,-2.3327,13.0,5.5261,-7.4739,4.9033,20.0,10.1934,-9.8066,9.8066,0.8588,6.0,0.6866,KIA,KIA,True,65% 이상,오버,오버,True,키움 +2.5,0.0,시즌 중반
2025,2025-05-29,20250529HHLG0,잠실,한화,LG,1.0,4.558,3.558,3.0,5.0429,2.0429,2.8004,4.0,9.6008,5.6008,5.6008,0.4849,2.0,0.6228,LG,LG,True,60~65%,오버,언더,False,관망,,시즌 중반
2025,2025-05-29,20250529LTSS0,대구,롯데,삼성,3.0,4.5423,1.5423,9.0,5.2046,-3.7954,2.6689,12.0,9.7469,-2.2531,2.2531,0.6623,6.0,0.6537,삼성,삼성,True,65% 이상,오버,오버,True,롯데 +2.5,0.0,시즌 중반
2025,2025-05-29,20250529NCSK0,문학,NC,SSG,5.0,4.6515,-0.3485,6.0,4.7468,-1.2532,0.8008,11.0,9.3983,-1.6017,1.6017,0.0952,1.0,0.5515,SSG,SSG,True,55~60%,오버,오버,True,관망,,시즌 중반
2025,2025-05-29,20250529OBKT0,수원,두산,KT,2.0,4.6865,2.6865,12.0,4.7964,-7.2036,4.9451,14.0,9.4829,-4.5171,4.5171,0.1098,10.0,0.5542,KT,KT,True,55~60%,오버,오버,True,관망,,시즌 중반
2025,2025-05-30,20250530HHNC0,창원,한화,NC,7.0,4.638,-2.362,1.0,4.6302,3.6302,2.9961,8.0,9.2682,1.2682,1.2682,-0.0077,-6.0,0.5322,NC,한화,False,50~55%,오버,언더,False,관망,,시즌 중반
2025,2025-05-30,20250530HTKT0,수원,KIA,KT,1.0,4.7945,3.7945,3.0,4.5902,1.5902,2.6923,4.0,9.3847,5.3847,5.3847,-0.2043,2.0,0.495,KIA,KT,False,50~55%,오버,언더,False,관망,,시즌 중반
2025,2025-05-30,20250530OBWO0,고척,두산,키움,9.0,5.6996,-3.3004,4.0,4.575,0.575,1.9377,13.0,10.2746,-2.7254,2.7254,-1.1247,-5.0,0.3283,두산,두산,True,65% 이상,오버,오버,True,키움 +2.5,0.0,시즌 중반
2025,2025-05-30,20250530SKLT0,사직,SSG,롯데,5.0,4.9191,-0.0809,6.0,4.609,-1.391,0.736,11.0,9.5281,-1.4719,1.4719,-0.3102,1.0,0.475,SSG,롯데,False,50~55%,오버,오버,True,관망,,시즌 중반
2025,2025-05-30,20250530SSLG0,잠실,삼성,LG,4.0,4.9949,0.9949,3.0,4.9108,1.9108,1.4529,7.0,9.9057,2.9057,2.9057,-0.0841,-1.0,0.5177,LG,삼성,False,50~55%,오버,언더,False,관망,,시즌 중반
2025,2025-05-31,20250531HHNC0,창원,한화,NC,9.0,4.619,-4.381,6.0,4.7574,-1.2426,2.8118,15.0,9.3764,-5.6236,5.6236,0.1384,-3.0,0.5595,NC,한화,False,55~60%,오버,오버,True,관망,,시즌 중반
2025,2025-05-31,20250531HTKT0,수원,KIA,KT,1.0,4.6477,3.6477,5.0,4.7072,-0.2928,1.9703,6.0,9.355,3.355,3.355,0.0595,4.0,0.5448,KT,KT,True,50~55%,오버,언더,False,관망,,시즌 중반
2025,2025-05-31,20250531OBWO0,고척,두산,키움,0.0,5.7704,5.7704,1.0,4.7813,3.7813,4.7758,1.0,10.5517,9.5517,9.5517,-0.9891,1.0,0.3513,두산,키움,False,60~65%,오버,언더,False,키움 +2.5,1.0,시즌 중반
2025,2025-05-31,20250531SKLT0,사직,SSG,롯데,4.0,4.9642,0.9642,1.0,4.5856,3.5856,2.2749,5.0,9.5498,4.5498,4.5498,-0.3786,-3.0,0.4622,SSG,SSG,True,50~55%,오버,언더,False,관망,,시즌 중반
2025,2025-05-31,20250531SSLG0,잠실,삼성,LG,4.0,4.9188,0.9188,2.0,4.8552,2.8552,1.887,6.0,9.774,3.774,3.774,-0.0635,-2.0,0.5216,LG,삼성,False,50~55%,오버,언더,False,관망,,시즌 중반
2025,2025-06-01,20250601HHNC0,창원,한화,NC,5.0,4.7576,-0.2424,16.0,4.5961,-11.4039,5.8231,21.0,9.3537,-11.6463,11.6463,-0.1615,11.0,0.5031,NC,NC,True,50~55%,오버,오버,True,관망,,시즌 중반
2025,2025-06-01,20250601HTKT0,수원,KIA,KT,5.0,4.6521,-0.3479,3.0,4.7771,1.7771,1.0625,8.0,9.4292,1.4292,1.4292,0.125,-2.0,0.557,KT,KIA,False,55~60%,오버,언더,False,관망,,시즌 중반
2025,2025-06-01,20250601OBWO0,고척,두산,키움,0.0,5.9662,5.9662,1.0,4.6741,3.6741,4.8201,1.0,10.6402,9.6402,9.6402,-1.2921,1.0,0.301,두산,키움,False,65% 이상,오버,언더,False,키움 +2.5,1.0,시즌 중반
2025,2025-06-01,20250601SKLT0,사직,SSG,롯데,4.0,4.9934,0.9934,3.0,4.609,1.609,1.3012,7.0,9.6024,2.6024,2.6024,-0.3844,-1.0,0.4611,SSG,SSG,True,50~55%,오버,언더,False,관망,,시즌 중반
2025,2025-06-01,20250601SSLG0,잠실,삼성,LG,6.0,4.8945,-1.1055,4.0,4.8411,0.8411,0.9733,10.0,9.7356,-0.2644,0.2644,-0.0534,-2.0,0.5235,LG,삼성,False,50~55%,오버,오버,True,관망,,시즌 중반
2025,2025-06-03,20250603HTOB0,잠실,KIA,두산,11.0,4.6503,-6.3497,3.0,4.8887,1.8887,4.1192,14.0,9.539,-4.461,4.461,0.2384,-8.0,0.5781,두산,KIA,False,55~60%,오버,오버,True,관망,,시즌 중반
2025,2025-06-03,20250603KTHH0,대전,KT,한화,1.0,4.3778,3.3778,10.0,4.568,-5.432,4.4049,11.0,8.9458,-2.0542,2.0542,0.1902,9.0,0.5692,한화,한화,True,55~60%,오버,오버,True,관망,,시즌 중반
2025,2025-06-03,20250603LGNC0,창원,LG,NC,15.0,5.2869,-9.7131,0.0,4.5987,4.5987,7.1559,15.0,9.8856,-5.1144,5.1144,-0.6883,-15.0,0.4047,LG,LG,True,55~60%,오버,오버,True,NC +2.5,0.0,시즌 중반
2025,2025-06-03,20250603SSSK0,문학,삼성,SSG,4.0,4.7994,0.7994,6.0,4.5393,-1.4607,1.1301,10.0,9.3387,-0.6613,0.6613,-0.2601,2.0,0.4845,삼성,SSG,False,50~55%,오버,오버,True,관망,,시즌 중반
2025,2025-06-03,20250603WOLT0,사직,키움,롯데,0.0,4.5851,4.5851,8.0,6.3148,-1.6852,3.1351,8.0,10.8999,2.8999,2.8999,1.7297,8.0,0.8089,롯데,롯데,True,65% 이상,오버,언더,False,키움 +2.5,0.0,시즌 중반
2025,2025-06-04,20250604HTOB0,잠실,KIA,두산,8.0,5.2135,-2.7865,3.0,4.9641,1.9641,2.3753,11.0,10.1776,-0.8224,0.8224,-0.2495,-5.0,0.4865,KIA,KIA,True,50~55%,오버,오버,True,관망,,시즌 중반
2025,2025-06-04,20250604KTHH0,대전,KT,한화,3.0,4.3874,1.3874,4.0,4.5758,0.5758,0.9816,7.0,8.9632,1.9632,1.9632,0.1884,1.0,0.5688,한화,한화,True,55~60%,오버,언더,False,관망,,시즌 중반
2025,2025-06-04,20250604LGNC0,창원,LG,NC,5.0,5.3183,0.3183,6.0,4.5763,-1.4237,0.871,11.0,9.8947,-1.1053,1.1053,-0.742,1.0,0.395,LG,NC,False,60~65%,오버,오버,True,NC +2.5,1.0,시즌 중반
2025,2025-06-04,20250604SSSK0,문학,삼성,SSG,1.0,4.8808,3.8808,4.0,4.4457,0.4457,2.1632,5.0,9.3264,4.3264,4.3264,-0.4351,3.0,0.4516,삼성,SSG,False,50~55%,오버,언더,False,관망,,시즌 중반
2025,2025-06-04,20250604WOLT0,사직,키움,롯데,9.0,4.5087,-4.4913,6.0,5.495,-0.505,2.4981,15.0,10.0037,-4.9963,4.9963,0.9863,-3.0,0.7069,롯데,키움,False,65% 이상,오버,오버,True,키움 +2.5,1.0,시즌 중반
2025,2025-06-05,20250605HTOB0,잠실,KIA,두산,1.0,4.9918,3.9918,2.0,4.85,2.85,3.4209,3.0,9.8418,6.8418,6.8418,-0.1418,1.0,0.5068,두산,두산,True,50~55%,오버,언더,False,관망,,시즌 중반
2025,2025-06-05,20250605KTHH0,대전,KT,한화,7.0,4.3874,-2.6126,0.0,4.6366,4.6366,3.6246,7.0,9.024,2.024,2.024,0.2491,-7.0,0.5801,한화,KT,False,55~60%,오버,언더,False,관망,,시즌 중반
2025,2025-06-05,20250605LGNC0,창원,LG,NC,3.0,5.425,2.425,1.0,4.6091,3.6091,3.0171,4.0,10.0341,6.0341,6.0341,-0.8159,-2.0,0.3817,LG,LG,True,60~65%,오버,언더,False,NC +2.5,1.0,시즌 중반
2025,2025-06-05,20250605SSSK0,문학,삼성,SSG,3.0,4.808,1.808,1.0,4.426,3.426,2.617,4.0,9.234,5.234,5.234,-0.382,-2.0,0.4615,삼성,삼성,True,50~55%,오버,언더,False,관망,,시즌 중반
2025,2025-06-05,20250605WOLT0,사직,키움,롯데,10.0,4.4706,-5.5294,5.0,5.7989,0.7989,3.1641,15.0,10.2695,-4.7305,4.7305,1.3282,-5.0,0.7575,롯데,키움,False,65% 이상,오버,오버,True,키움 +2.5,1.0,시즌 중반
2025,2025-06-06,20250606HHHT0,광주,한화,KIA,2.0,4.6714,2.6714,3.0,4.4718,1.4718,2.0716,5.0,9.1432,4.1432,4.1432,-0.1996,1.0,0.4959,한화,KIA,False,50~55%,오버,언더,False,관망,,시즌 중반
2025,2025-06-06,20250606LGWO0,고척,LG,키움,1.0,5.5779,4.5779,2.0,4.382,2.382,3.48,3.0,9.9599,6.9599,6.9599,-1.1958,1.0,0.3165,LG,키움,False,65% 이상,오버,언더,False,키움 +2.5,1.0,시즌 중반
2025,2025-06-06,20250606LTOB0,잠실,롯데,두산,2.0,5.0863,3.0863,5.0,4.8148,-0.1852,1.6358,7.0,9.9012,2.9012,2.9012,-0.2715,3.0,0.4823,롯데,두산,False,50~55%,오버,언더,False,관망,,시즌 중반
2025,2025-06-06,20250606NCSS0,대구,NC,삼성,3.0,4.5763,1.5763,7.0,5.1771,-1.8229,1.6996,10.0,9.7534,-0.2466,0.2466,0.6008,4.0,0.6431,삼성,삼성,True,60~65%,오버,오버,True,NC +2.5,0.0,시즌 중반
2025,2025-06-06,20250606SKKT0,수원,SSG,KT,3.0,4.7484,1.7484,10.0,4.619,-5.381,3.5647,13.0,9.3675,-3.6325,3.6325,-0.1294,7.0,0.5092,KT,KT,True,50~55%,오버,오버,True,관망,,시즌 중반
2025,2025-06-07,20250607HHHT0,광주,한화,KIA,3.0,4.5666,1.5666,2.0,4.4852,2.4852,2.0259,5.0,9.0518,4.0518,4.0518,-0.0815,-1.0,0.5183,KIA,한화,False,50~55%,오버,언더,False,관망,,시즌 중반
2025,2025-06-07,20250607LGWO0,고척,LG,키움,1.0,5.7014,4.7014,4.0,4.382,0.382,2.5417,5.0,10.0834,5.0834,5.0834,-1.3193,3.0,0.2967,LG,키움,False,65% 이상,오버,언더,False,키움 +2.5,1.0,시즌 중반
2025,2025-06-07,20250607LTOB0,잠실,롯데,두산,9.0,5.1721,-3.8279,4.0,4.9004,0.9004,2.3642,13.0,10.0726,-2.9274,2.9274,-0.2717,-5.0,0.4823,롯데,롯데,True,50~55%,오버,오버,True,관망,,시즌 중반
2025,2025-06-07,20250607NCSS0,대구,NC,삼성,11.0,4.4291,-6.5709,7.0,5.4148,-1.5852,4.0781,18.0,9.8439,-8.1561,8.1561,0.9857,-4.0,0.7068,삼성,NC,False,65% 이상,오버,오버,True,NC +2.5,1.0,시즌 중반
2025,2025-06-07,20250607SKKT0,수원,SSG,KT,2.0,4.5821,2.5821,3.0,4.8639,1.8639,2.223,5.0,9.446,4.446,4.446,0.2818,1.0,0.5861,KT,KT,True,55~60%,오버,언더,False,관망,,시즌 중반
2025,2025-06-08,20250608HHHT0,광주,한화,KIA,6.0,4.707,-1.293,7.0,4.542,-2.458,1.8755,13.0,9.249,-3.751,3.751,-0.165,1.0,0.5025,KIA,KIA,True,50~55%,오버,오버,True,관망,,시즌 중반
2025,2025-06-08,20250608LGWO0,고척,LG,키움,7.0,5.7014,-1.2986,2.0,4.3895,2.3895,1.844,9.0,10.0908,1.0908,1.0908,-1.3119,-5.0,0.2979,LG,LG,True,65% 이상,오버,오버,True,키움 +2.5,0.0,시즌 중반
2025,2025-06-08,20250608LTOB0,잠실,롯데,두산,4.0,5.1674,1.1674,2.0,4.9884,2.9884,2.0779,6.0,10.1558,4.1558,4.1558,-0.179,-2.0,0.4998,롯데,롯데,True,50~55%,오버,언더,False,관망,,시즌 중반
2025,2025-06-08,20250608NCSS0,대구,NC,삼성,0.0,4.627,4.627,1.0,5.41,4.41,4.5185,1.0,10.0369,9.0369,9.0369,0.783,1.0,0.6741,삼성,삼성,True,65% 이상,오버,언더,False,NC +2.5,1.0,시즌 중반
2025,2025-06-08,20250608SKKT0,수원,SSG,KT,3.0,4.6382,1.6382,2.0,4.6927,2.6927,2.1655,5.0,9.331,4.331,4.331,0.0545,-1.0,0.5438,KT,SSG,False,50~55%,오버,언더,False,관망,,시즌 중반
2025,2025-06-10,20250610LTKT0,수원,롯데,KT,3.0,4.6094,1.6094,12.0,4.5526,-7.4474,4.5284,15.0,9.162,-5.838,5.838,-0.0569,9.0,0.5229,KT,KT,True,50~55%,오버,오버,True,관망,,시즌 중반
2025,2025-06-10,20250610OBHH0,대전,두산,한화,2.0,4.6466,2.6466,6.0,4.9259,-1.0741,1.8604,8.0,9.5725,1.5725,1.5725,0.2793,4.0,0.5856,한화,한화,True,55~60%,오버,언더,False,관망,,시즌 중반
2025,2025-06-10,20250610SKLG0,잠실,SSG,LG,6.0,4.373,-1.627,2.0,4.9553,2.9553,2.2912,8.0,9.3284,1.3284,1.3284,0.5823,-4.0,0.6399,LG,SSG,False,60~65%,오버,언더,False,SSG +2.5,1.0,시즌 중반
2025,2025-06-10,20250610SSHT0,광주,삼성,KIA,8.0,5.2888,-2.7112,0.0,4.3813,4.3813,3.5463,8.0,9.6701,1.6701,1.6701,-0.9075,-8.0,0.3655,삼성,삼성,True,60~65%,오버,언더,False,KIA +2.5,0.0,시즌 중반
2025,2025-06-11,20250611LTKT0,수원,롯데,KT,4.0,4.6094,0.6094,3.0,4.5697,1.5697,1.0896,7.0,9.1792,2.1792,2.1792,-0.0397,-1.0,0.5261,KT,롯데,False,50~55%,오버,언더,False,관망,,시즌 중반
2025,2025-06-11,20250611NCWO0,고척,NC,키움,7.0,5.4071,-1.5929,1.0,4.4565,3.4565,2.5247,8.0,9.8636,1.8636,1.8636,-0.9505,-6.0,0.358,NC,NC,True,60~65%,오버,언더,False,키움 +2.5,0.0,시즌 중반
2025,2025-06-11,20250611OBHH0,대전,두산,한화,1.0,4.5661,3.5661,9.0,4.9023,-4.0977,3.8319,10.0,9.4684,-0.5316,0.5316,0.3361,8.0,0.596,한화,한화,True,55~60%,오버,오버,True,관망,,시즌 중반
2025,2025-06-11,20250611SKLG0,잠실,SSG,LG,4.0,4.3778,0.3778,6.0,4.9386,-1.0614,0.7196,10.0,9.3164,-0.6836,0.6836,0.5608,2.0,0.6362,LG,LG,True,60~65%,오버,오버,True,SSG +2.5,1.0,시즌 중반
2025,2025-06-11,20250611SSHT0,광주,삼성,KIA,3.0,5.2839,2.2839,6.0,4.3627,-1.6373,1.9606,9.0,9.6466,0.6466,0.6466,-0.9213,3.0,0.3631,삼성,KIA,False,60~65%,오버,오버,True,KIA +2.5,1.0,시즌 중반
2025,2025-06-12,20250612LTKT0,수원,롯데,KT,12.0,4.5761,-7.4239,7.0,4.6935,-2.3065,4.8652,19.0,9.2695,-9.7305,9.7305,0.1174,-5.0,0.5556,KT,롯데,False,55~60%,오버,오버,True,관망,,시즌 중반
2025,2025-06-12,20250612NCWO0,고척,NC,키움,8.0,5.6019,-2.3981,6.0,4.6492,-1.3508,1.8745,14.0,10.2511,-3.7489,3.7489,-0.9526,-2.0,0.3576,NC,NC,True,60~65%,오버,오버,True,키움 +2.5,1.0,시즌 중반
2025,2025-06-12,20250612OBHH0,대전,두산,한화,2.0,4.4404,2.4404,3.0,4.8614,1.8614,2.1509,5.0,9.3018,4.3018,4.3018,0.421,1.0,0.6114,한화,한화,True,60~65%,오버,언더,False,관망,,시즌 중반
2025,2025-06-12,20250612SKLG0,잠실,SSG,LG,6.0,4.3778,-1.6222,8.0,4.9386,-3.0614,2.3418,14.0,9.3164,-4.6836,4.6836,0.5608,2.0,0.6362,LG,LG,True,60~65%,오버,오버,True,SSG +2.5,1.0,시즌 중반
2025,2025-06-12,20250612SSHT0,광주,삼성,KIA,2.0,5.497,3.497,1.0,4.3627,3.3627,3.4298,3.0,9.8596,6.8596,6.8596,-1.1343,-1.0,0.3267,삼성,삼성,True,65% 이상,오버,언더,False,KIA +2.5,1.0,시즌 중반
2025,2025-06-13,20250613HTNC0,창원,KIA,NC,1.0,4.9099,3.9099,4.0,4.8599,0.8599,2.3849,5.0,9.7698,4.7698,4.7698,-0.05,3.0,0.5242,NC,NC,True,50~55%,오버,언더,False,관망,,시즌 중반
2025,2025-06-14,20250614HTNC0,창원,KIA,NC,9.0,4.8466,-4.1534,8.0,4.8223,-3.1777,3.6656,17.0,9.6689,-7.3311,7.3311,-0.0243,-1.0,0.529,NC,KIA,False,50~55%,오버,오버,True,관망,,시즌 중반
2025,2025-06-14,20250614KTSS0,대구,KT,삼성,10.0,4.5583,-5.4417,3.0,4.8071,1.8071,3.6244,13.0,9.3654,-3.6346,3.6346,0.2488,-7.0,0.58,삼성,KT,False,55~60%,오버,오버,True,관망,,시즌 중반
2025,2025-06-14,20250614LTSK0,문학,롯데,SSG,4.0,4.5143,0.5143,2.0,4.7663,2.7663,1.6403,6.0,9.2807,3.2807,3.2807,0.252,-2.0,0.5806,SSG,롯데,False,55~60%,오버,언더,False,관망,,시즌 중반
2025,2025-06-14,20250614WOOB0,잠실,키움,두산,1.0,4.6544,3.6544,4.0,6.1835,2.1835,2.9189,5.0,10.8378,5.8378,5.8378,1.5291,3.0,0.7843,두산,두산,True,65% 이상,오버,언더,False,키움 +2.5,0.0,시즌 중반
2025,2025-06-15,20250615HTNC0,창원,KIA,NC,4.0,4.9691,0.9691,2.0,4.8778,2.8778,1.9235,6.0,9.847,3.847,3.847,-0.0913,-2.0,0.5164,NC,KIA,False,50~55%,오버,언더,False,관망,,시즌 중반
2025,2025-06-15,20250615KTSS0,대구,KT,삼성,16.0,4.5664,-11.4336,4.0,4.639,0.639,6.0363,20.0,9.2055,-10.7945,10.7945,0.0726,-12.0,0.5472,삼성,KT,False,50~55%,오버,오버,True,관망,,시즌 중반
2025,2025-06-15,20250615LGHH0,대전,LG,한화,5.0,4.7762,-0.2238,10.0,4.3256,-5.6744,2.9491,15.0,9.1019,-5.8981,5.8981,-0.4506,5.0,0.4487,LG,한화,False,55~60%,오버,오버,True,관망,,시즌 중반
2025,2025-06-15,20250615LTSK0,문학,롯데,SSG,0.0,4.5208,4.5208,1.0,4.837,3.837,4.1789,1.0,9.3578,8.3578,8.3578,0.3162,1.0,0.5924,SSG,SSG,True,55~60%,오버,언더,False,관망,,시즌 중반
2025,2025-06-15,20250615WOOB0,잠실,키움,두산,2.0,4.7166,2.7166,3.0,6.1367,3.1367,2.9267,5.0,10.8533,5.8533,5.8533,1.4201,1.0,0.7701,두산,두산,True,65% 이상,오버,언더,False,키움 +2.5,1.0,시즌 중반
2025,2025-06-17,20250617HHLT0,사직,한화,롯데,6.0,4.5967,-1.4033,0.0,4.5422,4.5422,2.9728,6.0,9.139,3.139,3.139,-0.0545,-6.0,0.5233,롯데,한화,False,50~55%,오버,언더,False,관망,,시즌 중반
2025,2025-06-17,20250617KTHT0,광주,KT,KIA,3.0,4.8828,1.8828,10.0,4.2459,-5.7541,3.8185,13.0,9.1287,-3.8713,3.8713,-0.637,7.0,0.4141,KT,KIA,False,55~60%,오버,오버,True,KIA +2.5,1.0,시즌 중반
2025,2025-06-17,20250617NCLG0,잠실,NC,LG,6.0,4.6323,-1.3677,2.0,5.5225,3.5225,2.4451,8.0,10.1548,2.1548,2.1548,0.8903,-4.0,0.6917,LG,NC,False,65% 이상,오버,언더,False,NC +2.5,1.0,시즌 중반
2025,2025-06-17,20250617OBSS0,대구,두산,삼성,1.0,4.3737,3.3737,12.0,5.5781,-6.4219,4.8978,13.0,9.9518,-3.0482,3.0482,1.2044,11.0,0.7399,삼성,삼성,True,65% 이상,오버,오버,True,두산 +2.5,0.0,시즌 중반
2025,2025-06-17,20250617SKWO0,고척,SSG,키움,11.0,5.6275,-5.3725,1.0,4.572,3.572,4.4723,12.0,10.1995,-1.8005,1.8005,-1.0555,-10.0,0.3399,SSG,SSG,True,65% 이상,오버,오버,True,키움 +2.5,0.0,시즌 중반
2025,2025-06-18,20250618HHLT0,사직,한화,롯데,3.0,4.614,1.614,6.0,4.5675,-1.4325,1.5232,9.0,9.1815,0.1815,0.1815,-0.0464,3.0,0.5249,롯데,롯데,True,50~55%,오버,오버,True,관망,,시즌 중반
2025,2025-06-18,20250618KTHT0,광주,KT,KIA,3.0,4.7448,1.7448,5.0,4.4436,-0.5564,1.1506,8.0,9.1884,1.1884,1.1884,-0.3012,2.0,0.4767,KT,KIA,False,50~55%,오버,언더,False,관망,,시즌 중반
2025,2025-06-18,20250618NCLG0,잠실,NC,LG,8.0,4.6271,-3.3729,9.0,5.6003,-3.3997,3.3863,17.0,10.2274,-6.7726,6.7726,0.9732,1.0,0.7049,LG,LG,True,65% 이상,오버,오버,True,NC +2.5,1.0,시즌 중반
2025,2025-06-18,20250618OBSS0,대구,두산,삼성,3.0,4.2872,1.2872,6.0,5.4591,-0.5409,0.9141,9.0,9.7463,0.7463,0.7463,1.1719,3.0,0.7351,삼성,삼성,True,65% 이상,오버,오버,True,두산 +2.5,0.0,시즌 중반
2025,2025-06-18,20250618SKWO0,고척,SSG,키움,2.0,5.4593,3.4593,3.0,4.572,1.572,2.5157,5.0,10.0313,5.0313,5.0313,-0.8873,1.0,0.369,SSG,키움,False,60~65%,오버,언더,False,키움 +2.5,1.0,시즌 중반
2025,2025-06-19,20250619HHLT0,사직,한화,롯데,3.0,4.9755,1.9755,4.0,4.5461,0.5461,1.2608,7.0,9.5216,2.5216,2.5216,-0.4293,1.0,0.4526,한화,롯데,False,50~55%,오버,언더,False,관망,,시즌 중반
2025,2025-06-19,20250619KTHT0,광주,KT,KIA,0.0,4.7151,4.7151,5.0,4.4639,-0.5361,2.6256,5.0,9.179,4.179,4.179,-0.2512,5.0,0.4862,KT,KIA,False,50~55%,오버,언더,False,관망,,시즌 중반
2025,2025-06-19,20250619NCLG0,잠실,NC,LG,3.0,4.6872,1.6872,0.0,5.569,5.569,3.6281,3.0,10.2562,7.2562,7.2562,0.8818,-3.0,0.6903,LG,NC,False,65% 이상,오버,언더,False,NC +2.5,1.0,시즌 중반
2025,2025-06-19,20250619OBSS0,대구,두산,삼성,9.0,4.2367,-4.7633,8.0,5.3614,-2.6386,3.7009,17.0,9.5981,-7.4019,7.4019,1.1247,-1.0,0.7281,삼성,두산,False,65% 이상,오버,오버,True,두산 +2.5,1.0,시즌 중반
2025,2025-06-19,20250619SKWO0,고척,SSG,키움,4.0,5.4902,1.4902,2.0,4.5338,2.5338,2.012,6.0,10.024,4.024,4.024,-0.9565,-2.0,0.3569,SSG,SSG,True,60~65%,오버,언더,False,키움 +2.5,1.0,시즌 중반
2025,2025-06-20,20250620SSLT0,사직,삼성,롯데,1.0,5.2235,4.2235,3.0,4.8693,1.8693,3.0464,4.0,10.0928,6.0928,6.0928,-0.3542,2.0,0.4667,삼성,롯데,False,50~55%,오버,언더,False,관망,,시즌 중반
2025,2025-06-21,20250621NCKT0,수원,NC,KT,5.0,4.6492,-0.3508,7.0,4.8709,-2.1291,1.2399,12.0,9.5202,-2.4798,2.4798,0.2217,2.0,0.575,KT,KT,True,55~60%,오버,오버,True,관망,,시즌 중반
2025,2025-06-21,20250621OBLG0,잠실,두산,LG,6.0,4.39,-1.61,5.0,5.9326,0.9326,1.2713,11.0,10.3226,-0.6774,0.6774,1.5427,-1.0,0.7861,LG,두산,False,65% 이상,오버,오버,True,두산 +2.5,1.0,시즌 중반
2025,2025-06-22,20250622HTSK0,문학,KIA,SSG,5.0,4.4383,-0.5617,4.0,4.4317,0.4317,0.4967,9.0,8.87,-0.13,0.13,-0.0065,-1.0,0.5324,SSG,KIA,False,50~55%,관망,오버,False,관망,,시즌 중반
2025,2025-06-22,20250622NCKT0,수원,NC,KT,2.0,4.614,2.614,0.0,4.7778,4.7778,3.6959,2.0,9.3918,7.3918,7.3918,0.1638,-2.0,0.5643,KT,NC,False,55~60%,오버,언더,False,관망,,시즌 중반
2025,2025-06-22,20250622OBLG0,잠실,두산,LG,5.0,4.155,-0.845,13.0,6.0124,-6.9876,3.9163,18.0,10.1674,-7.8326,7.8326,1.8575,8.0,0.8234,LG,LG,True,65% 이상,오버,오버,True,두산 +2.5,0.0,시즌 중반
2025,2025-06-22,20250622SSLT0,사직,삼성,롯데,6.0,5.1977,-0.8023,9.0,4.5977,-4.4023,2.6023,15.0,9.7954,-5.2046,5.2046,-0.6,3.0,0.4209,삼성,롯데,False,55~60%,오버,오버,True,롯데 +2.5,1.0,시즌 중반
2025,2025-06-22,20250622WOHH0,대전,키움,한화,4.0,4.246,0.246,10.0,4.8717,-5.1283,2.6872,14.0,9.1178,-4.8822,4.8822,0.6257,6.0,0.6474,한화,한화,True,60~65%,오버,오버,True,키움 +2.5,0.0,시즌 중반
2025,2025-06-24,20250624HTWO0,고척,KIA,키움,6.0,5.521,-0.479,9.0,4.7185,-4.2815,2.3803,15.0,10.2395,-4.7605,4.7605,-0.8025,3.0,0.3841,KIA,키움,False,60~65%,오버,오버,True,키움 +2.5,1.0,시즌 중반
2025,2025-06-24,20250624LGKT0,수원,LG,KT,0.0,5.0605,5.0605,5.0,4.4368,-0.5632,2.8118,5.0,9.4973,4.4973,4.4973,-0.6236,5.0,0.4165,LG,KT,False,55~60%,오버,언더,False,KT +2.5,1.0,시즌 중반
2025,2025-06-24,20250624SKOB0,잠실,SSG,두산,0.0,4.5528,4.5528,5.0,4.5869,-0.4131,2.4829,5.0,9.1397,4.1397,4.1397,0.0341,5.0,0.54,두산,두산,True,50~55%,오버,언더,False,관망,,시즌 중반
2025,2025-06-25,20250625HHSS0,대구,한화,삼성,2.0,4.5612,2.5612,7.0,4.6279,-2.3721,2.4666,9.0,9.1891,0.1891,0.1891,0.0667,5.0,0.5461,삼성,삼성,True,50~55%,오버,오버,True,관망,,시즌 중반
2025,2025-06-25,20250625HTWO0,고척,KIA,키움,6.0,5.4845,-0.5155,3.0,4.7636,1.7636,1.1396,9.0,10.2482,1.2482,1.2482,-0.7209,-3.0,0.3988,KIA,KIA,True,60~65%,오버,오버,True,키움 +2.5,0.0,시즌 중반
2025,2025-06-25,20250625LTNC0,창원,롯데,NC,2.0,4.8966,2.8966,7.0,4.8293,-2.1707,2.5337,9.0,9.7259,0.7259,0.7259,-0.0674,5.0,0.5209,NC,NC,True,50~55%,오버,오버,True,관망,,시즌 중반
2025,2025-06-26,20250626HHSS0,대구,한화,삼성,3.0,4.9241,1.9241,1.0,4.8484,3.8484,2.8863,4.0,9.7725,5.7725,5.7725,-0.0756,-2.0,0.5194,삼성,한화,False,50~55%,오버,언더,False,관망,,시즌 중반
2025,2025-06-26,20250626LGKT0,수원,LG,KT,4.0,4.9308,0.9308,3.0,4.392,1.392,1.1614,7.0,9.3227,2.3227,2.3227,-0.5388,-1.0,0.4322,LG,LG,True,55~60%,오버,언더,False,KT +2.5,1.0,시즌 중반
2025,2025-06-26,20250626LTNC0,창원,롯데,NC,7.0,5.1175,-1.8825,6.0,5.0402,-0.9598,1.4212,13.0,10.1577,-2.8423,2.8423,-0.0774,-1.0,0.519,NC,롯데,False,50~55%,오버,오버,True,관망,,시즌 중반
2025,2025-06-26,20250626SKOB0,잠실,SSG,두산,4.0,4.6607,0.6607,1.0,4.6729,3.6729,2.1668,5.0,9.3336,4.3336,4.3336,0.0122,-3.0,0.5359,두산,SSG,False,50~55%,오버,언더,False,관망,,시즌 중반
2025,2025-06-27,20250627HHSK0,문학,한화,SSG,6.0,4.5739,-1.4261,8.0,4.3713,-3.6287,2.5274,14.0,8.9453,-5.0547,5.0547,-0.2026,2.0,0.4954,한화,SSG,False,50~55%,오버,오버,True,관망,,시즌 중반
2025,2025-06-27,20250627HTLG0,잠실,KIA,LG,3.0,4.4181,1.4181,4.0,5.3744,1.3744,1.3963,7.0,9.7925,2.7925,2.7925,0.9563,1.0,0.7022,LG,LG,True,65% 이상,오버,언더,False,KIA +2.5,1.0,시즌 중반
2025,2025-06-27,20250627KTLT0,사직,KT,롯데,11.0,4.6044,-6.3956,8.0,4.6684,-3.3316,4.8636,19.0,9.2728,-9.7272,9.7272,0.064,-3.0,0.5456,롯데,KT,False,50~55%,오버,오버,True,관망,,시즌 중반
2025,2025-06-27,20250627OBNC0,창원,두산,NC,9.0,4.7223,-4.2777,10.0,5.1592,-4.8408,4.5592,19.0,9.8815,-9.1185,9.1185,0.4369,1.0,0.6142,NC,NC,True,60~65%,오버,오버,True,관망,,시즌 중반
2025,2025-06-27,20250627SSWO0,고척,삼성,키움,4.0,5.7961,1.7961,5.0,4.4132,-0.5868,1.1914,9.0,10.2092,1.2092,1.2092,-1.3829,1.0,0.2868,삼성,키움,False,65% 이상,오버,오버,True,키움 +2.5,1.0,시즌 중반
2025,2025-06-28,20250628HHSK0,문학,한화,SSG,5.0,4.7821,-0.2179,2.0,4.3713,2.3713,1.2946,7.0,9.1534,2.1534,2.1534,-0.4107,-3.0,0.4561,한화,한화,True,50~55%,오버,언더,False,관망,,시즌 중반
2025,2025-06-28,20250628HTLG0,잠실,KIA,LG,9.0,4.4181,-4.5819,8.0,5.4132,-2.5868,3.5844,17.0,9.8313,-7.1687,7.1687,0.9951,-1.0,0.7083,LG,KIA,False,65% 이상,오버,오버,True,KIA +2.5,1.0,시즌 중반
2025,2025-06-28,20250628KTLT0,사직,KT,롯데,4.0,4.8099,0.8099,0.0,4.6361,4.6361,2.723,4.0,9.4461,5.4461,5.4461,-0.1738,-4.0,0.5008,롯데,KT,False,50~55%,오버,언더,False,관망,,시즌 중반
2025,2025-06-28,20250628OBNC0,창원,두산,NC,1.0,4.973,3.973,3.0,5.3699,2.3699,3.1715,4.0,10.3429,6.3429,6.3429,0.3969,2.0,0.607,NC,NC,True,60~65%,오버,언더,False,관망,,시즌 중반
2025,2025-06-28,20250628SSWO0,고척,삼성,키움,0.0,5.551,5.551,9.0,4.4929,-4.5071,5.0291,9.0,10.0439,1.0439,1.0439,-1.0581,9.0,0.3395,삼성,키움,False,65% 이상,오버,오버,True,키움 +2.5,1.0,시즌 중반
2025,2025-06-29,20250629HHSK0,문학,한화,SSG,0.0,4.7067,4.7067,2.0,4.3713,2.3713,3.539,2.0,9.078,7.078,7.078,-0.3353,2.0,0.4703,한화,SSG,False,50~55%,오버,언더,False,관망,,시즌 중반
2025,2025-06-29,20250629HTLG0,잠실,KIA,LG,12.0,4.6676,-7.3324,2.0,5.4653,3.4653,5.3989,14.0,10.1329,-3.8671,3.8671,0.7978,-10.0,0.6765,LG,KIA,False,65% 이상,오버,오버,True,KIA +2.5,1.0,시즌 중반
2025,2025-06-29,20250629KTLT0,사직,KT,롯데,5.0,4.7857,-0.2143,10.0,4.5648,-5.4352,2.8248,15.0,9.3505,-5.6495,5.6495,-0.2209,5.0,0.4919,KT,롯데,False,50~55%,오버,오버,True,관망,,시즌 중반
2025,2025-06-29,20250629OBNC0,창원,두산,NC,7.0,4.7372,-2.2628,3.0,5.4054,2.4054,2.3341,10.0,10.1426,0.1426,0.1426,0.6682,-4.0,0.6547,NC,두산,False,65% 이상,오버,오버,True,두산 +2.5,1.0,시즌 중반
2025,2025-06-29,20250629SSWO0,고척,삼성,키움,7.0,5.4218,-1.5782,10.0,4.7367,-5.2633,3.4207,17.0,10.1585,-6.8415,6.8415,-0.6852,3.0,0.4053,삼성,키움,False,55~60%,오버,오버,True,키움 +2.5,1.0,시즌 중반
2025,2025-07-01,20250701LGLT0,사직,LG,롯데,3.0,5.5269,2.5269,2.0,4.9489,2.9489,2.7379,5.0,10.4757,5.4757,5.4757,-0.578,-1.0,0.425,LG,LG,True,55~60%,오버,언더,False,롯데 +2.5,1.0,시즌 중반
2025,2025-07-01,20250701NCHH0,대전,NC,한화,4.0,4.5396,0.5396,8.0,4.6306,-3.3694,1.9545,12.0,9.1702,-2.8298,2.8298,0.091,4.0,0.5507,한화,한화,True,55~60%,오버,오버,True,관망,,시즌 중반
2025,2025-07-01,20250701SKHT0,광주,SSG,KIA,2.0,4.4432,2.4432,3.0,4.38,1.38,1.9116,5.0,8.8233,3.8233,3.8233,-0.0632,1.0,0.5217,KIA,KIA,True,50~55%,관망,언더,False,관망,,시즌 중반
2025,2025-07-01,20250701SSOB0,잠실,삼성,두산,4.0,5.5724,1.5724,1.0,4.5294,3.5294,2.5509,5.0,10.1018,5.1018,5.1018,-1.0429,-3.0,0.3421,삼성,삼성,True,65% 이상,오버,언더,False,두산 +2.5,0.0,시즌 중반
2025,2025-07-01,20250701WOKT0,수원,키움,KT,7.0,4.3939,-2.6061,3.0,5.7451,2.7451,2.6756,10.0,10.139,0.139,0.139,1.3512,-4.0,0.7607,KT,키움,False,65% 이상,오버,오버,True,키움 +2.5,1.0,시즌 중반
2025,2025-07-02,20250702LGLT0,사직,LG,롯데,2.0,5.1502,3.1502,5.0,4.8576,-0.1424,1.6463,7.0,10.0078,3.0078,3.0078,-0.2925,3.0,0.4784,LG,롯데,False,50~55%,오버,언더,False,관망,,시즌 중반
2025,2025-07-02,20250702NCHH0,대전,NC,한화,2.0,4.5695,2.5695,0.0,4.9389,4.9389,3.7542,2.0,9.5084,7.5084,7.5084,0.3693,-2.0,0.602,한화,NC,False,60~65%,오버,언더,False,관망,,시즌 중반
2025,2025-07-02,20250702SKHT0,광주,SSG,KIA,8.0,4.6125,-3.3875,5.0,4.4123,-0.5877,1.9876,13.0,9.0248,-3.9752,3.9752,-0.2002,-3.0,0.4958,SSG,SSG,True,50~55%,오버,오버,True,관망,,시즌 중반
2025,2025-07-02,20250702SSOB0,잠실,삼성,두산,0.0,5.5981,5.5981,5.0,4.5214,-0.4786,3.0383,5.0,10.1195,5.1195,5.1195,-1.0767,5.0,0.3364,삼성,두산,False,65% 이상,오버,언더,False,두산 +2.5,1.0,시즌 중반
2025,2025-07-02,20250702WOKT0,수원,키움,KT,2.0,4.3871,2.3871,4.0,5.9008,1.9008,2.1439,6.0,10.2878,4.2878,4.2878,1.5137,2.0,0.7823,KT,KT,True,65% 이상,오버,언더,False,키움 +2.5,1.0,시즌 중반
2025,2025-07-03,20250703LGLT0,사직,LG,롯데,0.0,5.4064,5.4064,2.0,4.6085,2.6085,4.0074,2.0,10.0149,8.0149,8.0149,-0.7979,2.0,0.3849,LG,롯데,False,60~65%,오버,언더,False,롯데 +2.5,1.0,시즌 중반
2025,2025-07-03,20250703SKHT0,광주,SSG,KIA,2.0,4.325,2.325,3.0,4.445,1.445,1.885,5.0,8.7701,3.7701,3.7701,0.12,1.0,0.5561,KIA,KIA,True,55~60%,관망,언더,False,관망,,시즌 중반
2025,2025-07-03,20250703SSOB0,잠실,삼성,두산,6.0,5.3325,-0.6675,4.0,4.4749,0.4749,0.5712,10.0,9.8075,-0.1925,0.1925,-0.8576,-2.0,0.3743,삼성,삼성,True,60~65%,오버,오버,True,두산 +2.5,1.0,시즌 중반
2025,2025-07-03,20250703WOKT0,수원,키움,KT,2.0,4.3667,2.3667,6.0,5.825,-0.175,1.2709,8.0,10.1918,2.1918,2.1918,1.4583,4.0,0.7751,KT,KT,True,65% 이상,오버,언더,False,키움 +2.5,0.0,시즌 중반
2025,2025-07-04,20250704HHWO0,고척,한화,키움,2.0,5.5323,3.5323,1.0,4.3558,3.3558,3.4441,3.0,9.8882,6.8882,6.8882,-1.1765,-1.0,0.3197,한화,한화,True,65% 이상,오버,언더,False,키움 +2.5,1.0,시즌 중반
2025,2025-07-04,20250704KTOB0,잠실,KT,두산,6.0,4.9818,-1.0182,3.0,4.3666,1.3666,1.1924,9.0,9.3484,0.3484,0.3484,-0.6153,-3.0,0.4181,KT,KT,True,55~60%,오버,오버,True,두산 +2.5,0.0,시즌 중반
2025,2025-07-04,20250704LGSS0,대구,LG,삼성,1.0,5.1478,4.1478,4.0,4.4455,0.4455,2.2967,5.0,9.5933,4.5933,4.5933,-0.7023,3.0,0.4022,LG,삼성,False,55~60%,오버,언더,False,삼성 +2.5,1.0,시즌 중반
2025,2025-07-04,20250704LTHT0,광주,롯데,KIA,5.0,4.9682,-0.0318,7.0,5.0714,-1.9286,0.9802,12.0,10.0395,-1.9605,1.9605,0.1032,2.0,0.553,KIA,KIA,True,55~60%,오버,오버,True,관망,,시즌 중반
2025,2025-07-04,20250704SKNC0,창원,SSG,NC,4.0,4.4056,0.4056,0.0,4.5182,4.5182,2.4619,4.0,8.9237,4.9237,4.9237,0.1126,-4.0,0.5547,NC,SSG,False,55~60%,오버,언더,False,관망,,시즌 중반
2025,2025-07-05,20250705HHWO0,고척,한화,키움,6.0,5.5272,-0.4728,4.0,4.4744,0.4744,0.4736,10.0,10.0016,0.0016,0.0016,-1.0528,-2.0,0.3404,한화,한화,True,65% 이상,오버,오버,True,키움 +2.5,1.0,시즌 중반
2025,2025-07-05,20250705KTOB0,잠실,KT,두산,2.0,5.1149,3.1149,6.0,4.3666,-1.6334,2.3741,8.0,9.4815,1.4815,1.4815,-0.7483,4.0,0.3938,KT,두산,False,60~65%,오버,언더,False,두산 +2.5,1.0,시즌 중반
2025,2025-07-05,20250705LGSS0,대구,LG,삼성,6.0,4.8112,-1.1888,7.0,4.5846,-2.4154,1.8021,13.0,9.3958,-3.6042,3.6042,-0.2265,1.0,0.4908,LG,삼성,False,50~55%,오버,오버,True,관망,,시즌 중반
2025,2025-07-05,20250705LTHT0,광주,롯데,KIA,0.0,4.976,4.976,13.0,5.109,-7.891,6.4335,13.0,10.085,-2.915,2.915,0.133,13.0,0.5585,KIA,KIA,True,55~60%,오버,오버,True,관망,,시즌 중반
2025,2025-07-05,20250705SKNC0,창원,SSG,NC,6.0,4.5868,-1.4132,1.0,4.5077,3.5077,2.4604,7.0,9.0945,2.0945,2.0945,-0.0791,-5.0,0.5187,NC,SSG,False,50~55%,오버,언더,False,관망,,시즌 중반
2025,2025-07-06,20250706HHWO0,고척,한화,키움,10.0,5.578,-4.422,1.0,4.3558,3.3558,3.8889,11.0,9.9338,-1.0662,1.0662,-1.2221,-9.0,0.3123,한화,한화,True,65% 이상,오버,오버,True,키움 +2.5,0.0,시즌 중반
2025,2025-07-06,20250706KTOB0,잠실,KT,두산,7.0,4.8445,-2.1555,8.0,4.3527,-3.6473,2.9014,15.0,9.1972,-5.8028,5.8028,-0.4918,1.0,0.441,KT,두산,False,55~60%,오버,오버,True,관망,,시즌 중반
2025,2025-07-06,20250706LGSS0,대구,LG,삼성,4.0,4.8441,0.8441,2.0,4.5625,2.5625,1.7033,6.0,9.4065,3.4065,3.4065,-0.2816,-2.0,0.4804,LG,LG,True,50~55%,오버,언더,False,관망,,시즌 중반
2025,2025-07-06,20250706LTHT0,광주,롯데,KIA,5.0,4.9571,-0.0429,2.0,5.2724,3.2724,1.6577,7.0,10.2294,3.2294,3.2294,0.3153,-3.0,0.5922,KIA,롯데,False,55~60%,오버,언더,False,관망,,시즌 중반
2025,2025-07-06,20250706SKNC0,창원,SSG,NC,2.0,4.4723,2.4723,3.0,4.7051,1.7051,2.0887,5.0,9.1775,4.1775,4.1775,0.2328,1.0,0.5771,NC,NC,True,55~60%,오버,언더,False,관망,,시즌 중반
2025,2025-07-08,20250708HTHH0,대전,KIA,한화,8.0,4.4292,-3.5708,14.0,4.5072,-9.4928,6.5318,22.0,8.9364,-13.0636,13.0636,0.0779,6.0,0.5482,한화,한화,True,50~55%,오버,오버,True,관망,,시즌 중반
2025,2025-07-08,20250708KTSK0,문학,KT,SSG,1.0,4.6569,3.6569,7.0,4.4189,-2.5811,3.119,8.0,9.0758,1.0758,1.0758,-0.238,6.0,0.4887,KT,SSG,False,50~55%,오버,언더,False,관망,,시즌 중반
2025,2025-07-08,20250708OBLT0,사직,두산,롯데,8.0,4.9225,-3.0775,5.0,5.1968,0.1968,1.6371,13.0,10.1194,-2.8806,2.8806,0.2743,-3.0,0.5847,롯데,두산,False,55~60%,오버,오버,True,관망,,시즌 중반
2025,2025-07-08,20250708SSNC0,창원,삼성,NC,9.0,5.1082,-3.8918,10.0,4.5546,-5.4454,4.6686,19.0,9.6628,-9.3372,9.3372,-0.5536,1.0,0.4295,삼성,NC,False,55~60%,오버,오버,True,NC +2.5,1.0,시즌 중반
2025,2025-07-08,20250708WOLG0,잠실,키움,LG,3.0,4.3419,1.3419,4.0,5.5223,1.5223,1.4321,7.0,9.8642,2.8642,2.8642,1.1803,1.0,0.7364,LG,LG,True,65% 이상,오버,언더,False,키움 +2.5,1.0,시즌 중반
2025,2025-07-09,20250709HTHH0,대전,KIA,한화,4.0,4.4552,0.4552,7.0,4.6183,-2.3817,1.4185,11.0,9.0734,-1.9266,1.9266,0.1631,3.0,0.5641,한화,한화,True,55~60%,오버,오버,True,관망,,시즌 중반
2025,2025-07-09,20250709KTSK0,문학,KT,SSG,10.0,4.8669,-5.1331,3.0,4.3823,1.3823,3.2577,13.0,9.2492,-3.7508,3.7508,-0.4845,-7.0,0.4423,KT,KT,True,55~60%,오버,오버,True,관망,,시즌 중반
2025,2025-07-09,20250709OBLT0,사직,두산,롯데,4.0,5.0613,1.0613,5.0,5.1549,0.1549,0.6081,9.0,10.2163,1.2163,1.2163,0.0936,1.0,0.5512,롯데,롯데,True,55~60%,오버,오버,True,관망,,시즌 중반
2025,2025-07-09,20250709SSNC0,창원,삼성,NC,0.0,5.2258,5.2258,3.0,5.1146,2.1146,3.6702,3.0,10.3404,7.3404,7.3404,-0.1112,3.0,0.5126,NC,NC,True,50~55%,오버,언더,False,관망,,시즌 중반
2025,2025-07-09,20250709WOLG0,잠실,키움,LG,6.0,4.3419,-1.6581,12.0,5.5924,-6.4076,4.0328,18.0,9.9344,-8.0656,8.0656,1.2505,6.0,0.7466,LG,LG,True,65% 이상,오버,오버,True,키움 +2.5,0.0,시즌 중반
2025,2025-07-10,20250710HTHH0,대전,KIA,한화,2.0,4.5312,2.5312,3.0,4.9137,1.9137,2.2225,5.0,9.445,4.445,4.445,0.3825,1.0,0.6044,한화,한화,True,60~65%,오버,언더,False,관망,,시즌 중반
2025,2025-07-10,20250710KTSK0,문학,KT,SSG,4.0,4.6206,0.6206,2.0,4.3941,2.3941,1.5073,6.0,9.0147,3.0147,3.0147,-0.2265,-2.0,0.4908,KT,KT,True,50~55%,오버,언더,False,관망,,시즌 중반
2025,2025-07-10,20250710OBLT0,사직,두산,롯데,9.0,4.9412,-4.0588,0.0,5.1666,5.1666,4.6127,9.0,10.1077,1.1077,1.1077,0.2254,-9.0,0.5757,롯데,두산,False,55~60%,오버,오버,True,관망,,시즌 중반
2025,2025-07-10,20250710SSNC0,창원,삼성,NC,5.0,5.2862,0.2862,7.0,4.8896,-2.1104,1.1983,12.0,10.1759,-1.8241,1.8241,-0.3966,2.0,0.4588,삼성,NC,False,50~55%,오버,오버,True,관망,,시즌 중반
2025,2025-07-10,20250710WOLG0,잠실,키움,LG,4.0,4.3691,0.3691,3.0,5.5022,2.5022,1.4357,7.0,9.8714,2.8714,2.8714,1.1331,-1.0,0.7294,LG,키움,False,65% 이상,오버,언더,False,키움 +2.5,1.0,시즌 중반
2025,2025-07-18,20250718HHKT0,수원,한화,KT,5.0,4.8406,-0.1594,0.0,4.3587,4.3587,2.259,5.0,9.1993,4.1993,4.1993,-0.4819,-5.0,0.4428,한화,한화,True,55~60%,오버,언더,False,관망,,시즌 중반
2025,2025-07-18,20250718LTLG0,잠실,롯데,LG,1.0,4.4802,3.4802,2.0,4.7674,2.7674,3.1238,3.0,9.2477,6.2477,6.2477,0.2872,1.0,0.5871,LG,LG,True,55~60%,오버,언더,False,관망,,시즌 중반
2025,2025-07-19,20250719HHKT0,수원,한화,KT,6.0,4.989,-1.011,5.0,4.3852,-0.6148,0.8129,11.0,9.3742,-1.6258,1.6258,-0.6038,-1.0,0.4202,한화,한화,True,55~60%,오버,오버,True,KT +2.5,1.0,시즌 중반
2025,2025-07-19,20250719LTLG0,잠실,롯데,LG,6.0,4.3634,-1.6366,1.0,5.0599,4.0599,2.8483,7.0,9.4233,2.4233,2.4233,0.6965,-5.0,0.6596,LG,롯데,False,65% 이상,오버,언더,False,롯데 +2.5,1.0,시즌 중반
2025,2025-07-19,20250719OBSK0,문학,두산,SSG,5.0,4.4148,-0.5852,0.0,4.712,4.712,2.6486,5.0,9.1267,4.1267,4.1267,0.2972,-5.0,0.5889,SSG,두산,False,55~60%,오버,언더,False,관망,,시즌 중반
2025,2025-07-20,20250720HHKT0,수원,한화,KT,10.0,4.5803,-5.4197,0.0,4.4013,4.4013,4.9105,10.0,8.9816,-1.0184,1.0184,-0.179,-10.0,0.4998,한화,한화,True,50~55%,오버,오버,True,관망,,시즌 중반
2025,2025-07-20,20250720LTLG0,잠실,롯데,LG,2.0,4.3689,2.3689,3.0,5.0098,2.0098,2.1893,5.0,9.3787,4.3787,4.3787,0.6409,1.0,0.6501,LG,LG,True,65% 이상,오버,언더,False,롯데 +2.5,1.0,시즌 중반
2025,2025-07-20,20250720NCHT0,광주,NC,KIA,2.0,4.5864,2.5864,3.0,4.6846,1.6846,2.1355,5.0,9.271,4.271,4.271,0.0983,1.0,0.552,KIA,KIA,True,55~60%,오버,언더,False,관망,,시즌 중반
2025,2025-07-20,20250720OBSK0,문학,두산,SSG,2.0,4.572,2.572,1.0,4.7067,3.7067,3.1393,3.0,9.2787,6.2787,6.2787,0.1347,-1.0,0.5589,SSG,두산,False,55~60%,오버,언더,False,관망,,시즌 중반
2025,2025-07-20,20250720WOSS0,대구,키움,삼성,10.0,4.4093,-5.5907,15.0,5.1356,-9.8644,7.7276,25.0,9.5449,-15.4551,15.4551,0.7264,5.0,0.6646,삼성,삼성,True,65% 이상,오버,오버,True,키움 +2.5,0.0,시즌 중반
2025,2025-07-22,20250722HHOB0,잠실,한화,두산,2.0,4.4831,2.4831,1.0,4.4724,3.4724,2.9778,3.0,8.9555,5.9555,5.9555,-0.0107,-1.0,0.5316,두산,한화,False,50~55%,오버,언더,False,관망,,시즌 중반
2025,2025-07-22,20250722KTNC0,창원,KT,NC,7.0,4.8151,-2.1849,0.0,4.3156,4.3156,3.2503,7.0,9.1306,2.1306,2.1306,-0.4995,-7.0,0.4395,KT,KT,True,55~60%,오버,언더,False,관망,,시즌 중반
2025,2025-07-22,20250722LGHT0,광주,LG,KIA,9.0,4.9421,-4.0579,7.0,4.4619,-2.5381,3.298,16.0,9.404,-6.596,6.596,-0.4802,-2.0,0.4431,LG,LG,True,55~60%,오버,오버,True,관망,,시즌 중반
2025,2025-07-22,20250722LTWO0,고척,롯데,키움,3.0,5.65,2.65,6.0,4.629,-1.371,2.0105,9.0,10.279,1.279,1.279,-1.0209,3.0,0.3458,롯데,키움,False,65% 이상,오버,오버,True,키움 +2.5,1.0,시즌 중반
2025,2025-07-22,20250722SKSS0,대구,SSG,삼성,5.0,4.5477,-0.4523,7.0,4.46,-2.54,1.4962,12.0,9.0076,-2.9924,2.9924,-0.0877,2.0,0.5171,삼성,삼성,True,50~55%,오버,오버,True,관망,,시즌 중반
2025,2025-07-23,20250723HHOB0,잠실,한화,두산,2.0,4.7514,2.7514,13.0,4.5276,-8.4724,5.6119,15.0,9.279,-5.721,5.721,-0.2238,11.0,0.4913,한화,두산,False,50~55%,오버,오버,True,관망,,시즌 중반
2025,2025-07-23,20250723KTNC0,창원,KT,NC,9.0,4.7012,-4.2988,2.0,4.2633,2.2633,3.281,11.0,8.9645,-2.0355,2.0355,-0.438,-7.0,0.451,KT,KT,True,50~55%,오버,오버,True,관망,,시즌 중반
2025,2025-07-23,20250723LGHT0,광주,LG,KIA,6.0,5.2642,-0.7358,5.0,4.5672,-0.4328,0.5843,11.0,9.8314,-1.1686,1.1686,-0.697,-1.0,0.4031,LG,LG,True,55~60%,오버,오버,True,KIA +2.5,1.0,시즌 중반
2025,2025-07-23,20250723LTWO0,고척,롯데,키움,4.0,5.7366,1.7366,1.0,4.6161,3.6161,2.6763,5.0,10.3527,5.3527,5.3527,-1.1205,-3.0,0.329,롯데,롯데,True,65% 이상,오버,언더,False,키움 +2.5,0.0,시즌 중반
2025,2025-07-23,20250723SKSS0,대구,SSG,삼성,0.0,4.7841,4.7841,9.0,4.4427,-4.5573,4.6707,9.0,9.2268,0.2268,0.2268,-0.3414,9.0,0.4692,SSG,삼성,False,50~55%,오버,오버,True,관망,,시즌 중반
2025,2025-07-24,20250724KTNC0,창원,KT,NC,5.0,4.943,-0.057,4.0,4.461,0.461,0.259,9.0,9.404,0.404,0.404,-0.4821,-1.0,0.4428,KT,KT,True,55~60%,오버,오버,True,관망,,시즌 중반
2025,2025-07-24,20250724LGHT0,광주,LG,KIA,8.0,5.1157,-2.8843,0.0,4.5672,4.5672,3.7257,8.0,9.6829,1.6829,1.6829,-0.5485,-8.0,0.4304,LG,LG,True,55~60%,오버,언더,False,KIA +2.5,0.0,시즌 중반
2025,2025-07-24,20250724LTWO0,고척,롯데,키움,4.0,5.6809,1.6809,0.0,4.5657,4.5657,3.1233,4.0,10.2466,6.2466,6.2466,-1.1152,-4.0,0.3299,롯데,롯데,True,65% 이상,오버,언더,False,키움 +2.5,0.0,시즌 중반
2025,2025-07-24,20250724SKSS0,대구,SSG,삼성,3.0,4.7885,1.7885,1.0,4.4898,3.4898,2.6391,4.0,9.2783,5.2783,5.2783,-0.2988,-2.0,0.4772,SSG,SSG,True,50~55%,오버,언더,False,관망,,시즌 중반
2025,2025-07-25,20250725HTLT0,사직,KIA,롯데,4.0,4.9145,0.9145,7.0,4.9063,-2.0937,1.5041,11.0,9.8208,-1.1792,1.1792,-0.0082,3.0,0.5321,롯데,롯데,True,50~55%,오버,오버,True,관망,,시즌 중반
2025,2025-07-25,20250725LGOB0,잠실,LG,두산,6.0,5.2458,-0.7542,5.0,4.3733,-0.6267,0.6904,11.0,9.6191,-1.3809,1.3809,-0.8725,-1.0,0.3716,LG,LG,True,60~65%,오버,오버,True,두산 +2.5,1.0,시즌 중반
2025,2025-07-25,20250725SKHH0,대전,SSG,한화,0.0,4.4007,4.4007,4.0,4.7396,0.7396,2.5702,4.0,9.1403,5.1403,5.1403,0.3389,4.0,0.5965,한화,한화,True,55~60%,오버,언더,False,관망,,시즌 중반
2025,2025-07-25,20250725SSKT0,수원,삼성,KT,5.0,4.6276,-0.3724,8.0,4.7553,-3.2447,1.8086,13.0,9.3829,-3.6171,3.6171,0.1277,3.0,0.5576,KT,KT,True,55~60%,오버,오버,True,관망,,시즌 중반
2025,2025-07-25,20250725WONC0,창원,키움,NC,7.0,4.4449,-2.5551,16.0,5.8909,-10.1091,6.3321,23.0,10.3357,-12.6643,12.6643,1.446,9.0,0.7735,NC,NC,True,65% 이상,오버,오버,True,키움 +2.5,0.0,시즌 중반
2025,2025-07-26,20250726HTLT0,사직,KIA,롯데,4.0,4.9394,0.9394,9.0,5.029,-3.971,2.4552,13.0,9.9684,-3.0316,3.0316,0.0896,5.0,0.5504,롯데,롯데,True,55~60%,오버,오버,True,관망,,시즌 중반
2025,2025-07-26,20250726LGOB0,잠실,LG,두산,4.0,5.0587,1.0587,3.0,4.3733,1.3733,1.216,7.0,9.432,2.432,2.432,-0.6854,-1.0,0.4052,LG,LG,True,55~60%,오버,언더,False,두산 +2.5,1.0,시즌 중반
2025,2025-07-26,20250726SKHH0,대전,SSG,한화,9.0,4.4007,-4.5993,3.0,4.8089,1.8089,3.2041,12.0,9.2096,-2.7904,2.7904,0.4081,-6.0,0.609,한화,SSG,False,60~65%,오버,오버,True,관망,,시즌 중반
2025,2025-07-26,20250726SSKT0,수원,삼성,KT,11.0,4.5586,-6.4414,0.0,4.8224,4.8224,5.6319,11.0,9.381,-1.619,1.619,0.2637,-11.0,0.5827,KT,삼성,False,55~60%,오버,오버,True,관망,,시즌 중반
2025,2025-07-26,20250726WONC0,창원,키움,NC,6.0,4.5442,-1.4558,8.0,6.259,-1.741,1.5984,14.0,10.8032,-3.1968,3.1968,1.7149,2.0,0.8071,NC,NC,True,65% 이상,오버,오버,True,키움 +2.5,1.0,시즌 중반
2025,2025-07-27,20250727HTLT0,사직,KIA,롯데,3.0,5.0422,2.0422,5.0,5.1569,0.1569,1.0996,8.0,10.1991,2.1991,2.1991,0.1147,2.0,0.5551,롯데,롯데,True,55~60%,오버,언더,False,관망,,시즌 중반
2025,2025-07-27,20250727LGOB0,잠실,LG,두산,6.0,5.1226,-0.8774,9.0,4.3733,-4.6267,2.752,15.0,9.4959,-5.5041,5.5041,-0.7493,3.0,0.3936,LG,두산,False,60~65%,오버,오버,True,두산 +2.5,1.0,시즌 후반
2025,2025-07-27,20250727SKHH0,대전,SSG,한화,3.0,4.3868,1.3868,2.0,5.0857,3.0857,2.2363,5.0,9.4726,4.4726,4.4726,0.6989,-1.0,0.66,한화,SSG,False,65% 이상,오버,언더,False,SSG +2.5,1.0,시즌 후반
2025,2025-07-27,20250727SSKT0,수원,삼성,KT,3.0,4.6185,1.6185,4.0,4.7944,0.7944,1.2065,7.0,9.4129,2.4129,2.4129,0.1759,1.0,0.5665,KT,KT,True,55~60%,오버,언더,False,관망,,시즌 후반
2025,2025-07-27,20250727WONC0,창원,키움,NC,4.0,4.5767,0.5767,12.0,6.118,-5.882,3.2294,16.0,10.6948,-5.3052,5.3052,1.5413,8.0,0.7859,NC,NC,True,65% 이상,오버,오버,True,키움 +2.5,0.0,시즌 후반
2025,2025-07-29,20250729KTLG0,잠실,KT,LG,2.0,4.3852,2.3852,8.0,4.7432,-3.2568,2.821,10.0,9.1284,-0.8716,0.8716,0.358,6.0,0.6,LG,LG,True,55~60%,오버,오버,True,관망,,시즌 후반
2025,2025-07-29,20250729NCLT0,사직,NC,롯데,4.0,4.8313,0.8313,6.0,5.1058,-0.8942,0.8628,10.0,9.9371,-0.0629,0.0629,0.2744,2.0,0.5847,롯데,롯데,True,55~60%,오버,오버,True,관망,,시즌 후반
2025,2025-07-29,20250729OBHT0,광주,두산,KIA,9.0,4.7151,-4.2849,6.0,4.8925,-1.1075,2.6962,15.0,9.6077,-5.3923,5.3923,0.1774,-3.0,0.5668,KIA,두산,False,55~60%,오버,오버,True,관망,,시즌 후반
2025,2025-07-29,20250729SSHH0,대전,삼성,한화,9.0,4.6483,-4.3517,2.0,4.8533,2.8533,3.6025,11.0,9.5016,-1.4984,1.4984,0.205,-7.0,0.5719,한화,삼성,False,55~60%,오버,오버,True,관망,,시즌 후반
2025,2025-07-29,20250729WOSK0,문학,키움,SSG,3.0,4.5448,1.5448,9.0,5.5327,-3.4673,2.506,12.0,10.0776,-1.9224,1.9224,0.9879,6.0,0.7072,SSG,SSG,True,65% 이상,오버,오버,True,키움 +2.5,0.0,시즌 후반
2025,2025-07-30,20250730KTLG0,잠실,KT,LG,0.0,4.3852,4.3852,5.0,4.773,-0.227,2.3061,5.0,9.1582,4.1582,4.1582,0.3878,5.0,0.6054,LG,LG,True,60~65%,오버,언더,False,관망,,시즌 후반
2025,2025-07-30,20250730NCLT0,사직,NC,롯데,9.0,5.0205,-3.9795,4.0,4.9836,0.9836,2.4815,13.0,10.0041,-2.9959,2.9959,-0.0369,-5.0,0.5267,롯데,NC,False,50~55%,오버,오버,True,관망,,시즌 후반
2025,2025-07-30,20250730SSHH0,대전,삼성,한화,0.0,4.734,4.734,5.0,4.7553,-0.2447,2.4894,5.0,9.4893,4.4893,4.4893,0.0213,5.0,0.5376,한화,한화,True,50~55%,오버,언더,False,관망,,시즌 후반
2025,2025-07-31,20250731KTLG0,잠실,KT,LG,0.0,4.4013,4.4013,18.0,4.773,-13.227,8.8141,18.0,9.1743,-8.8257,8.8257,0.3717,18.0,0.6025,LG,LG,True,60~65%,오버,오버,True,관망,,시즌 후반
2025,2025-07-31,20250731NCLT0,사직,NC,롯데,5.0,4.9758,-0.0242,11.0,5.3022,-5.6978,2.861,16.0,10.2779,-5.7221,5.7221,0.3264,6.0,0.5942,롯데,롯데,True,55~60%,오버,오버,True,관망,,시즌 후반
2025,2025-07-31,20250731OBHT0,광주,두산,KIA,2.0,4.7637,2.7637,3.0,4.9716,1.9716,2.3677,5.0,9.7353,4.7353,4.7353,0.2079,1.0,0.5725,KIA,KIA,True,55~60%,오버,언더,False,관망,,시즌 후반
2025,2025-07-31,20250731SSHH0,대전,삼성,한화,1.0,4.7098,3.7098,7.0,4.5944,-2.4056,3.0577,8.0,9.3043,1.3043,1.3043,-0.1154,6.0,0.5118,한화,한화,True,50~55%,오버,언더,False,관망,,시즌 후반
2025,2025-07-31,20250731WOSK0,문학,키움,SSG,2.0,4.5448,2.5448,4.0,4.8661,0.8661,1.7055,6.0,9.4109,3.4109,3.4109,0.3213,2.0,0.5933,SSG,SSG,True,55~60%,오버,언더,False,관망,,시즌 후반
2025,2025-08-01,20250801HHHT0,광주,한화,KIA,2.0,5.0841,3.0841,3.0,4.451,1.451,2.2675,5.0,9.5351,4.5351,4.5351,-0.633,1.0,0.4148,한화,KIA,False,55~60%,오버,언더,False,KIA +2.5,1.0,시즌 후반
2025,2025-08-01,20250801KTNC0,창원,KT,NC,3.0,5.379,2.379,5.0,5.8022,0.8022,1.5906,8.0,11.1811,3.1811,3.1811,0.4232,2.0,0.6117,NC,NC,True,60~65%,오버,언더,False,관망,,시즌 후반
2025,2025-08-01,20250801LGSS0,대구,LG,삼성,4.0,5.0479,1.0479,2.0,4.4539,2.4539,1.7509,6.0,9.5019,3.5019,3.5019,-0.594,-2.0,0.422,LG,LG,True,55~60%,오버,언더,False,삼성 +2.5,1.0,시즌 후반
2025,2025-08-01,20250801LTWO0,고척,롯데,키움,0.0,5.5871,5.5871,2.0,4.5311,2.5311,4.0591,2.0,10.1181,8.1181,8.1181,-1.056,2.0,0.3398,롯데,키움,False,65% 이상,오버,언더,False,키움 +2.5,1.0,시즌 후반
2025,2025-08-01,20250801SKOB0,잠실,SSG,두산,7.0,4.3981,-2.6019,2.0,4.6606,2.6606,2.6312,9.0,9.0586,0.0586,0.0586,0.2625,-5.0,0.5825,두산,SSG,False,55~60%,오버,오버,True,관망,,시즌 후반
2025,2025-08-02,20250802KTNC0,창원,KT,NC,6.0,5.1022,-0.8978,7.0,5.2414,-1.7586,1.3282,13.0,10.3436,-2.6564,2.6564,0.1392,1.0,0.5597,NC,NC,True,55~60%,오버,오버,True,관망,,시즌 후반
2025,2025-08-02,20250802LGSS0,대구,LG,삼성,3.0,5.0549,2.0549,2.0,4.4539,2.4539,2.2544,5.0,9.5088,4.5088,4.5088,-0.601,-1.0,0.4207,LG,LG,True,55~60%,오버,언더,False,삼성 +2.5,1.0,시즌 후반
2025,2025-08-02,20250802LTWO0,고척,롯데,키움,3.0,5.6254,2.6254,2.0,4.5636,2.5636,2.5945,5.0,10.189,5.189,5.189,-1.0618,-1.0,0.3389,롯데,롯데,True,65% 이상,오버,언더,False,키움 +2.5,1.0,시즌 후반
2025,2025-08-02,20250802SKOB0,잠실,SSG,두산,4.0,4.5972,0.5972,5.0,4.6224,-0.3776,0.4874,9.0,9.2196,0.2196,0.2196,0.0252,1.0,0.5383,두산,두산,True,50~55%,오버,오버,True,관망,,시즌 후반
2025,2025-08-03,20250803LGSS0,대구,LG,삼성,6.0,5.0242,-0.9758,3.0,4.7308,1.7308,1.3533,9.0,9.755,0.755,0.755,-0.2934,-3.0,0.4782,LG,LG,True,50~55%,오버,오버,True,관망,,시즌 후반
2025,2025-08-03,20250803LTWO0,고척,롯데,키움,9.0,5.4529,-3.5471,3.0,4.6297,1.6297,2.5884,12.0,10.0826,-1.9174,1.9174,-0.8232,-6.0,0.3804,롯데,롯데,True,60~65%,오버,오버,True,키움 +2.5,0.0,시즌 후반
2025,2025-08-03,20250803SKOB0,잠실,SSG,두산,3.0,4.5724,1.5724,2.0,4.6733,2.6733,2.1228,5.0,9.2457,4.2457,4.2457,0.1009,-1.0,0.5525,두산,SSG,False,55~60%,오버,언더,False,관망,,시즌 후반
2025,2025-08-05,20250805HTLT0,사직,KIA,롯데,2.0,4.7768,2.7768,0.0,4.8066,4.8066,3.7917,2.0,9.5834,7.5834,7.5834,0.0298,-2.0,0.5392,롯데,KIA,False,50~55%,오버,언더,False,관망,,시즌 후반
2025,2025-08-05,20250805KTHH0,대전,KT,한화,5.0,4.3888,-0.6112,2.0,4.5595,2.5595,1.5854,7.0,8.9483,1.9483,1.9483,0.1708,-3.0,0.5656,한화,KT,False,55~60%,오버,언더,False,관망,,시즌 후반
2025,2025-08-05,20250805OBLG0,잠실,두산,LG,2.0,4.6013,2.6013,4.0,5.1229,1.1229,1.8621,6.0,9.7242,3.7242,3.7242,0.5215,2.0,0.6293,LG,LG,True,60~65%,오버,언더,False,두산 +2.5,1.0,시즌 후반
2025,2025-08-05,20250805SSSK0,문학,삼성,SSG,6.0,4.4099,-1.5901,2.0,4.522,2.522,2.0561,8.0,8.9318,0.9318,0.9318,0.1121,-4.0,0.5546,SSG,삼성,False,55~60%,오버,언더,False,관망,,시즌 후반
2025,2025-08-05,20250805WONC0,창원,키움,NC,8.0,4.4546,-3.5454,5.0,5.6388,0.6388,2.0921,13.0,10.0933,-2.9067,2.9067,1.1842,-3.0,0.737,NC,키움,False,65% 이상,오버,오버,True,키움 +2.5,1.0,시즌 후반
2025,2025-08-06,20250806HTLT0,사직,KIA,롯데,1.0,4.7181,3.7181,7.0,4.9877,-2.0123,2.8652,8.0,9.7058,1.7058,1.7058,0.2696,6.0,0.5838,롯데,롯데,True,55~60%,오버,언더,False,관망,,시즌 후반
2025,2025-08-06,20250806KTHH0,대전,KT,한화,4.0,4.4163,0.4163,5.0,4.8007,-0.1993,0.3078,9.0,9.217,0.217,0.217,0.3843,1.0,0.6048,한화,한화,True,60~65%,오버,오버,True,관망,,시즌 후반
2025,2025-08-06,20250806OBLG0,잠실,두산,LG,10.0,4.4345,-5.5655,8.0,5.0814,-2.9186,4.2421,18.0,9.5159,-8.4841,8.4841,0.647,-2.0,0.6511,LG,두산,False,65% 이상,오버,오버,True,두산 +2.5,1.0,시즌 후반
2025,2025-08-06,20250806SSSK0,문학,삼성,SSG,4.0,4.4378,0.4378,5.0,4.5952,-0.4048,0.4213,9.0,9.033,0.033,0.033,0.1573,1.0,0.5631,SSG,SSG,True,55~60%,오버,오버,True,관망,,시즌 후반
2025,2025-08-06,20250806WONC0,창원,키움,NC,9.0,4.597,-4.403,5.0,5.9316,0.9316,2.6673,14.0,10.5286,-3.4714,3.4714,1.3347,-4.0,0.7584,NC,키움,False,65% 이상,오버,오버,True,키움 +2.5,1.0,시즌 후반
2025,2025-08-07,20250807HTLT0,사직,KIA,롯데,6.0,4.5943,-1.4057,5.0,5.0461,0.0461,0.7259,11.0,9.6404,-1.3596,1.3596,0.4518,-1.0,0.6169,롯데,KIA,False,60~65%,오버,오버,True,관망,,시즌 후반
2025,2025-08-07,20250807KTHH0,대전,KT,한화,5.0,4.4163,-0.5837,4.0,4.5986,0.5986,0.5911,9.0,9.0149,0.0149,0.0149,0.1823,-1.0,0.5677,한화,KT,False,55~60%,오버,오버,True,관망,,시즌 후반
2025,2025-08-07,20250807OBLG0,잠실,두산,LG,3.0,4.3447,1.3447,4.0,5.1338,1.1338,1.2393,7.0,9.4785,2.4785,2.4785,0.7891,1.0,0.6751,LG,LG,True,65% 이상,오버,언더,False,두산 +2.5,1.0,시즌 후반
2025,2025-08-07,20250807SSSK0,문학,삼성,SSG,6.0,4.4378,-1.5622,1.0,4.5952,3.5952,2.5787,7.0,9.033,2.033,2.033,0.1573,-5.0,0.5631,SSG,삼성,False,55~60%,오버,언더,False,관망,,시즌 후반
2025,2025-08-07,20250807WONC0,창원,키움,NC,13.0,4.6325,-8.3675,12.0,5.9316,-6.0684,7.2179,25.0,10.5641,-14.4359,14.4359,1.2992,-1.0,0.7535,NC,키움,False,65% 이상,오버,오버,True,키움 +2.5,1.0,시즌 후반
2025,2025-08-08,20250808HHLG0,잠실,한화,LG,1.0,4.4776,3.4776,2.0,4.6945,2.6945,3.0861,3.0,9.1721,6.1721,6.1721,0.2169,1.0,0.5741,LG,LG,True,55~60%,오버,언더,False,관망,,시즌 후반
2025,2025-08-08,20250808HTNC0,창원,KIA,NC,4.0,4.7254,0.7254,5.0,4.9206,-0.0794,0.4024,9.0,9.646,0.646,0.646,0.1951,1.0,0.5701,NC,NC,True,55~60%,오버,오버,True,관망,,시즌 후반
2025,2025-08-08,20250808OBWO0,고척,두산,키움,9.0,5.8873,-3.1127,2.0,4.7136,2.7136,2.9131,11.0,10.601,-0.399,0.399,-1.1737,-7.0,0.3202,두산,두산,True,65% 이상,오버,오버,True,키움 +2.5,0.0,시즌 후반
2025,2025-08-08,20250808SKLT0,사직,SSG,롯데,1.0,4.5891,3.5891,0.0,4.5522,4.5522,4.0706,1.0,9.1413,8.1413,8.1413,-0.0369,-1.0,0.5267,롯데,SSG,False,50~55%,오버,언더,False,관망,,시즌 후반
2025,2025-08-08,20250808SSKT0,수원,삼성,KT,8.0,5.2179,-2.7821,4.0,4.5642,0.5642,1.6732,12.0,9.7821,-2.2179,2.2179,-0.6537,-4.0,0.411,삼성,삼성,True,55~60%,오버,오버,True,KT +2.5,0.0,시즌 후반
2025,2025-08-09,20250809HHLG0,잠실,한화,LG,1.0,4.29,3.29,8.0,4.6396,-3.3604,3.3252,9.0,8.9297,-0.0703,0.0703,0.3496,7.0,0.5985,LG,LG,True,55~60%,오버,오버,True,관망,,시즌 후반
2025,2025-08-09,20250809OBWO0,고척,두산,키움,6.0,5.8488,-0.1512,4.0,4.7136,0.7136,0.4324,10.0,10.5624,0.5624,0.5624,-1.1352,-2.0,0.3265,두산,두산,True,65% 이상,오버,오버,True,키움 +2.5,1.0,시즌 후반
2025,2025-08-09,20250809SSKT0,수원,삼성,KT,1.0,5.3175,4.3175,3.0,4.5457,1.5457,2.9316,4.0,9.8631,5.8631,5.8631,-0.7718,2.0,0.3896,삼성,KT,False,60~65%,오버,언더,False,KT +2.5,1.0,시즌 후반
2025,2025-08-10,20250810HHLG0,잠실,한화,LG,5.0,4.2906,-0.7094,4.0,4.7223,0.7223,0.7159,9.0,9.0129,0.0129,0.0129,0.4318,-1.0,0.6133,LG,한화,False,60~65%,오버,오버,True,관망,,시즌 후반
2025,2025-08-10,20250810HTNC0,창원,KIA,NC,12.0,4.7719,-7.2281,16.0,4.9529,-11.0471,9.1376,28.0,9.7248,-18.2752,18.2752,0.181,4.0,0.5675,NC,NC,True,55~60%,오버,오버,True,관망,,시즌 후반
2025,2025-08-10,20250810OBWO0,고척,두산,키움,3.0,5.9321,2.9321,4.0,4.7136,0.7136,1.8228,7.0,10.6457,3.6457,3.6457,-1.2184,1.0,0.3129,두산,키움,False,65% 이상,오버,언더,False,키움 +2.5,1.0,시즌 후반
2025,2025-08-10,20250810SKLT0,사직,SSG,롯데,10.0,4.595,-5.405,1.0,4.5006,3.5006,4.4528,11.0,9.0956,-1.9044,1.9044,-0.0944,-9.0,0.5158,롯데,SSG,False,50~55%,오버,오버,True,관망,,시즌 후반
2025,2025-08-10,20250810SSKT0,수원,삼성,KT,2.0,5.2179,3.2179,9.0,4.437,-4.563,3.8904,11.0,9.6549,-1.3451,1.3451,-0.7809,7.0,0.388,삼성,KT,False,60~65%,오버,오버,True,KT +2.5,1.0,시즌 후반
2025,2025-08-12,20250812HTSS0,대구,KIA,삼성,5.0,4.6996,-0.3004,1.0,5.2266,4.2266,2.2635,6.0,9.9262,3.9262,3.9262,0.5271,-4.0,0.6302,삼성,KIA,False,60~65%,오버,언더,False,KIA +2.5,1.0,시즌 후반
2025,2025-08-12,20250812LGKT0,수원,LG,KT,11.0,5.0147,-5.9853,2.0,4.3447,2.3447,4.165,13.0,9.3594,-3.6406,3.6406,-0.67,-9.0,0.408,LG,LG,True,55~60%,오버,오버,True,KT +2.5,0.0,시즌 후반
2025,2025-08-12,20250812LTHH0,대전,롯데,한화,0.0,4.5029,4.5029,2.0,4.7869,2.7869,3.6449,2.0,9.2898,7.2898,7.2898,0.2839,2.0,0.5865,한화,한화,True,55~60%,오버,언더,False,관망,,시즌 후반
2025,2025-08-12,20250812NCOB0,잠실,NC,두산,3.0,5.0473,2.0473,2.0,4.9547,2.9547,2.501,5.0,10.002,5.002,5.002,-0.0926,-1.0,0.5162,두산,NC,False,50~55%,오버,언더,False,관망,,시즌 후반
2025,2025-08-12,20250812WOSK0,문학,키움,SSG,1.0,4.5423,3.5423,3.0,4.8917,1.8917,2.717,4.0,9.434,5.434,5.434,0.3494,2.0,0.5984,SSG,SSG,True,55~60%,오버,언더,False,관망,,시즌 후반
2025,2025-08-13,20250813HTSS0,대구,KIA,삼성,9.0,4.7268,-4.2732,1.0,4.9772,3.9772,4.1252,10.0,9.7039,-0.2961,0.2961,0.2504,-8.0,0.5803,삼성,KIA,False,55~60%,오버,오버,True,관망,,시즌 후반
2025,2025-08-13,20250813LTHH0,대전,롯데,한화,0.0,4.5574,4.5574,6.0,4.5644,-1.4356,2.9965,6.0,9.1218,3.1218,3.1218,0.0069,6.0,0.5349,한화,한화,True,50~55%,오버,언더,False,관망,,시즌 후반
2025,2025-08-14,20250814HTSS0,대구,KIA,삼성,10.0,4.9073,-5.0927,4.0,5.2772,1.2772,3.185,14.0,10.1845,-3.8155,3.8155,0.3699,-6.0,0.6021,삼성,KIA,False,60~65%,오버,오버,True,관망,,시즌 후반
2025,2025-08-14,20250814LTHH0,대전,롯데,한화,4.0,4.5478,0.5478,5.0,4.4976,-0.5024,0.5251,9.0,9.0454,0.0454,0.0454,-0.0503,1.0,0.5241,한화,한화,True,50~55%,오버,오버,True,관망,,시즌 후반
2025,2025-08-14,20250814NCOB0,잠실,NC,두산,5.0,5.0473,0.0473,6.0,4.694,-1.306,0.6767,11.0,9.7413,-1.2587,1.2587,-0.3533,1.0,0.4669,NC,두산,False,50~55%,오버,오버,True,관망,,시즌 후반
2025,2025-08-14,20250814WOSK0,문학,키움,SSG,2.0,4.6526,2.6526,0.0,5.2455,5.2455,3.949,2.0,9.8981,7.8981,7.8981,0.5929,-2.0,0.6418,SSG,키움,False,60~65%,오버,언더,False,키움 +2.5,1.0,시즌 후반
2025,2025-08-15,20250815HHNC0,창원,한화,NC,9.0,4.5282,-4.4718,2.0,4.792,2.792,3.6319,11.0,9.3202,-1.6798,1.6798,0.2639,-7.0,0.5828,NC,한화,False,55~60%,오버,오버,True,관망,,시즌 후반
2025,2025-08-15,20250815HTOB0,잠실,KIA,두산,5.0,4.9944,-0.0056,6.0,4.501,-1.499,0.7523,11.0,9.4954,-1.5046,1.5046,-0.4933,1.0,0.4407,KIA,두산,False,55~60%,오버,오버,True,관망,,시즌 후반
2025,2025-08-15,20250815KTWO0,고척,KT,키움,3.0,5.8871,2.8871,7.0,4.3797,-2.6203,2.7537,10.0,10.2668,0.2668,0.2668,-1.5074,4.0,0.2679,KT,키움,False,65% 이상,오버,오버,True,키움 +2.5,1.0,시즌 후반
2025,2025-08-15,20250815LGSK0,문학,LG,SSG,5.0,4.5644,-0.4356,3.0,4.3117,1.3117,0.8737,8.0,8.8761,0.8761,0.8761,-0.2527,-2.0,0.4859,LG,LG,True,50~55%,관망,언더,False,관망,,시즌 후반
2025,2025-08-15,20250815SSLT0,사직,삼성,롯데,10.0,5.0029,-4.9971,4.0,4.4152,0.4152,2.7061,14.0,9.4182,-4.5818,4.5818,-0.5877,-6.0,0.4232,삼성,삼성,True,55~60%,오버,오버,True,롯데 +2.5,0.0,시즌 후반
2025,2025-08-16,20250816HHNC0,창원,한화,NC,6.0,4.5056,-1.4944,9.0,4.4733,-4.5267,3.0106,15.0,8.9789,-6.0211,6.0211,-0.0324,3.0,0.5275,NC,NC,True,50~55%,오버,오버,True,관망,,시즌 후반
2025,2025-08-16,20250816HTOB0,잠실,KIA,두산,3.0,5.0324,2.0324,4.0,4.8009,0.8009,1.4166,7.0,9.8332,2.8332,2.8332,-0.2315,1.0,0.4899,KIA,두산,False,50~55%,오버,언더,False,관망,,시즌 후반
2025,2025-08-16,20250816KTWO0,고척,KT,키움,3.0,6.4667,3.4667,4.0,4.6556,0.6556,2.0611,7.0,11.1222,4.1222,4.1222,-1.8111,1.0,0.2253,KT,키움,False,65% 이상,오버,언더,False,키움 +2.5,1.0,시즌 후반
2025,2025-08-16,20250816LGSK0,문학,LG,SSG,7.0,4.5644,-2.4356,10.0,4.3721,-5.6279,4.0317,17.0,8.9365,-8.0635,8.0635,-0.1923,3.0,0.4973,LG,SSG,False,50~55%,오버,오버,True,관망,,시즌 후반
2025,2025-08-16,20250816SSLT0,사직,삼성,롯데,4.0,5.4129,1.4129,1.0,4.5441,3.5441,2.4785,5.0,9.9569,4.9569,4.9569,-0.8688,-3.0,0.3723,삼성,삼성,True,60~65%,오버,언더,False,롯데 +2.5,0.0,시즌 후반
2025,2025-08-17,20250817HHNC0,창원,한화,NC,4.0,4.6135,0.6135,9.0,4.5201,-4.4799,2.5467,13.0,9.1337,-3.8663,3.8663,-0.0934,5.0,0.516,NC,NC,True,50~55%,오버,오버,True,관망,,시즌 후반
2025,2025-08-17,20250817HTOB0,잠실,KIA,두산,2.0,4.9307,2.9307,4.0,4.7713,0.7713,1.851,6.0,9.7021,3.7021,3.7021,-0.1594,2.0,0.5035,두산,두산,True,50~55%,오버,언더,False,관망,,시즌 후반
2025,2025-08-17,20250817KTWO0,고척,KT,키움,5.0,5.861,0.861,3.0,4.6284,1.6284,1.2447,8.0,10.4894,2.4894,2.4894,-1.2326,-2.0,0.3106,KT,KT,True,65% 이상,오버,언더,False,키움 +2.5,1.0,시즌 후반
2025,2025-08-17,20250817LGSK0,문학,LG,SSG,6.0,4.7094,-1.2906,1.0,4.3834,3.3834,2.337,7.0,9.0928,2.0928,2.0928,-0.326,-5.0,0.4721,LG,LG,True,50~55%,오버,언더,False,관망,,시즌 후반
2025,2025-08-19,20250819LTLG0,잠실,롯데,LG,2.0,4.2501,2.2501,5.0,5.2693,0.2693,1.2597,7.0,9.5194,2.5194,2.5194,1.0192,3.0,0.7121,LG,LG,True,65% 이상,오버,언더,False,롯데 +2.5,0.0,시즌 후반
2025,2025-08-19,20250819OBHH0,대전,두산,한화,6.0,4.4391,-1.5609,5.0,4.6957,-0.3043,0.9326,11.0,9.1348,-1.8652,1.8652,0.2566,-1.0,0.5814,한화,두산,False,55~60%,오버,오버,True,관망,,시즌 후반
2025,2025-08-19,20250819SKKT0,수원,SSG,KT,4.0,4.7789,0.7789,5.0,4.5912,-0.4088,0.5939,9.0,9.3701,0.3701,0.3701,-0.1877,1.0,0.4982,SSG,KT,False,50~55%,오버,오버,True,관망,,시즌 후반
2025,2025-08-19,20250819SSNC0,창원,삼성,NC,6.0,5.4334,-0.5666,2.0,5.0335,3.0335,1.8001,8.0,10.4669,2.4669,2.4669,-0.3998,-4.0,0.4582,삼성,삼성,True,50~55%,오버,언더,False,관망,,시즌 후반
2025,2025-08-19,20250819WOHT0,광주,키움,KIA,9.0,4.5765,-4.4235,12.0,5.5576,-6.4424,5.4329,21.0,10.1341,-10.8659,10.8659,0.9811,3.0,0.7061,KIA,KIA,True,65% 이상,오버,오버,True,키움 +2.5,0.0,시즌 후반
2025,2025-08-20,20250820LTLG0,잠실,롯데,LG,3.0,4.2482,1.2482,5.0,5.2499,0.2499,0.7491,8.0,9.4981,1.4981,1.4981,1.0017,2.0,0.7093,LG,LG,True,65% 이상,오버,언더,False,롯데 +2.5,1.0,시즌 후반
2025,2025-08-20,20250820OBHH0,대전,두산,한화,13.0,4.4663,-8.5337,9.0,4.6611,-4.3389,6.4363,22.0,9.1274,-12.8726,12.8726,0.1948,-4.0,0.57,한화,두산,False,55~60%,오버,오버,True,관망,,시즌 후반
2025,2025-08-20,20250820SKKT0,수원,SSG,KT,5.0,4.8052,-0.1948,3.0,4.5912,1.5912,0.893,8.0,9.3964,1.3964,1.3964,-0.214,-2.0,0.4932,SSG,SSG,True,50~55%,오버,언더,False,관망,,시즌 후반
2025,2025-08-20,20250820SSNC0,창원,삼성,NC,4.0,5.4142,1.4142,3.0,4.9574,1.9574,1.6858,7.0,10.3716,3.3716,3.3716,-0.4568,-1.0,0.4475,삼성,삼성,True,55~60%,오버,언더,False,관망,,시즌 후반
2025,2025-08-20,20250820WOHT0,광주,키움,KIA,6.0,4.5684,-1.4316,1.0,5.731,4.731,3.0813,7.0,10.2993,3.2993,3.2993,1.1626,-5.0,0.7338,KIA,키움,False,65% 이상,오버,언더,False,키움 +2.5,1.0,시즌 후반
2025,2025-08-21,20250821OBHH0,대전,두산,한화,6.0,4.5799,-1.4201,3.0,4.6802,1.6802,1.5502,9.0,9.2602,0.2602,0.2602,0.1003,-3.0,0.5524,한화,두산,False,55~60%,오버,오버,True,관망,,시즌 후반
2025,2025-08-21,20250821SKKT0,수원,SSG,KT,7.0,4.9043,-2.0957,1.0,4.5955,3.5955,2.8456,8.0,9.4998,1.4998,1.4998,-0.3088,-6.0,0.4753,SSG,SSG,True,50~55%,오버,언더,False,관망,,시즌 후반
2025,2025-08-21,20250821SSNC0,창원,삼성,NC,5.0,5.4028,0.4028,7.0,4.9147,-2.0853,1.2441,12.0,10.3175,-1.6825,1.6825,-0.4882,2.0,0.4416,삼성,NC,False,55~60%,오버,오버,True,관망,,시즌 후반
2025,2025-08-21,20250821WOHT0,광주,키움,KIA,11.0,4.5604,-6.4396,10.0,5.5812,-4.4188,5.4292,21.0,10.1416,-10.8584,10.8584,1.0209,-1.0,0.7123,KIA,키움,False,65% 이상,오버,오버,True,키움 +2.5,1.0,시즌 후반
2025,2025-08-22,20250822KTOB0,잠실,KT,두산,13.0,4.5582,-8.4418,8.0,4.6394,-3.3606,5.9012,21.0,9.1976,-11.8024,11.8024,0.0813,-5.0,0.5489,두산,KT,False,50~55%,오버,오버,True,관망,,시즌 후반
2025,2025-08-22,20250822LGHT0,광주,LG,KIA,14.0,5.0437,-8.9563,2.0,4.5848,2.5848,5.7706,16.0,9.6284,-6.3716,6.3716,-0.4589,-12.0,0.4471,LG,LG,True,55~60%,오버,오버,True,관망,,시즌 후반
2025,2025-08-22,20250822LTNC0,창원,롯데,NC,6.0,4.9598,-1.0402,7.0,5.0369,-1.9631,1.5016,13.0,9.9968,-3.0032,3.0032,0.0771,1.0,0.5481,NC,NC,True,50~55%,오버,오버,True,관망,,시즌 후반
2025,2025-08-22,20250822SKHH0,대전,SSG,한화,1.0,4.4839,3.4839,0.0,5.1477,5.1477,4.3158,1.0,9.6316,8.6316,8.6316,0.6638,-1.0,0.654,한화,SSG,False,65% 이상,오버,언더,False,SSG +2.5,1.0,시즌 후반
2025,2025-08-22,20250822WOSS0,대구,키움,삼성,2.0,4.6367,2.6367,8.0,5.6946,-2.3054,2.471,10.0,10.3312,0.3312,0.3312,1.0579,6.0,0.718,삼성,삼성,True,65% 이상,오버,오버,True,키움 +2.5,0.0,시즌 후반
2025,2025-08-23,20250823KTOB0,잠실,KT,두산,6.0,4.8411,-1.1589,2.0,4.7551,2.7551,1.957,8.0,9.5962,1.5962,1.5962,-0.0859,-4.0,0.5174,두산,KT,False,50~55%,오버,언더,False,관망,,시즌 후반
2025,2025-08-23,20250823LGHT0,광주,LG,KIA,6.0,5.6974,-0.3026,2.0,4.5819,2.5819,1.4422,8.0,10.2793,2.2793,2.2793,-1.1156,-4.0,0.3298,LG,LG,True,65% 이상,오버,언더,False,KIA +2.5,0.0,시즌 후반
2025,2025-08-23,20250823LTNC0,창원,롯데,NC,1.0,4.9128,3.9128,4.0,5.1227,1.1227,2.5178,5.0,10.0355,5.0355,5.0355,0.2098,3.0,0.5728,NC,NC,True,55~60%,오버,언더,False,관망,,시즌 후반
2025,2025-08-23,20250823SKHH0,대전,SSG,한화,0.0,4.4092,4.4092,5.0,4.6707,-0.3293,2.3693,5.0,9.0799,4.0799,4.0799,0.2615,5.0,0.5823,한화,한화,True,55~60%,오버,언더,False,관망,,시즌 후반
2025,2025-08-23,20250823WOSS0,대구,키움,삼성,8.0,4.6749,-3.3251,12.0,5.8152,-6.1848,4.7549,20.0,10.4901,-9.5099,9.5099,1.1402,4.0,0.7305,삼성,삼성,True,65% 이상,오버,오버,True,키움 +2.5,0.0,시즌 후반
2025,2025-08-24,20250824KTOB0,잠실,KT,두산,3.0,4.8411,1.8411,2.0,4.8312,2.8312,2.3361,5.0,9.6722,4.6722,4.6722,-0.0099,-1.0,0.5317,두산,KT,False,50~55%,오버,언더,False,관망,,시즌 후반
2025,2025-08-24,20250824LGHT0,광주,LG,KIA,2.0,5.7023,3.7023,1.0,4.7221,3.7221,3.7122,3.0,10.4244,7.4244,7.4244,-0.9802,-1.0,0.3528,LG,LG,True,60~65%,오버,언더,False,KIA +2.5,1.0,시즌 후반
2025,2025-08-24,20250824LTNC0,창원,롯데,NC,17.0,4.7884,-12.2116,5.0,5.098,0.098,6.1548,22.0,9.8864,-12.1136,12.1136,0.3096,-12.0,0.5912,NC,롯데,False,55~60%,오버,오버,True,관망,,시즌 후반
2025,2025-08-24,20250824SKHH0,대전,SSG,한화,2.0,4.5542,2.5542,5.0,4.545,-0.455,1.5046,7.0,9.0992,2.0992,2.0992,-0.0093,3.0,0.5319,한화,한화,True,50~55%,오버,언더,False,관망,,시즌 후반
2025,2025-08-24,20250824WOSS0,대구,키움,삼성,4.0,4.7136,0.7136,7.0,5.6055,-1.3945,1.0541,11.0,10.3191,-0.6809,0.6809,0.8919,3.0,0.6919,삼성,삼성,True,65% 이상,오버,오버,True,키움 +2.5,0.0,시즌 후반
2025,2025-08-26,20250826HHWO0,고척,한화,키움,3.0,5.9035,2.9035,1.0,4.3451,3.3451,3.1243,4.0,10.2486,6.2486,6.2486,-1.5585,-2.0,0.2604,한화,한화,True,65% 이상,오버,언더,False,키움 +2.5,1.0,시즌 후반
2025,2025-08-26,20250826HTSK0,문학,KIA,SSG,5.0,4.5672,-0.4328,9.0,4.7099,-4.2901,2.3615,14.0,9.2771,-4.7229,4.7229,0.1427,4.0,0.5603,SSG,SSG,True,55~60%,오버,오버,True,관망,,시즌 후반
2025,2025-08-26,20250826KTLT0,사직,KT,롯데,3.0,4.9898,1.9898,4.0,4.8144,0.8144,1.4021,7.0,9.8041,2.8041,2.8041,-0.1754,1.0,0.5005,롯데,롯데,True,50~55%,오버,언더,False,관망,,시즌 후반
2025,2025-08-26,20250826LGNC0,창원,LG,NC,7.0,5.1903,-1.8097,9.0,4.6101,-4.3899,3.0998,16.0,9.8004,-6.1996,6.1996,-0.5801,2.0,0.4246,LG,NC,False,55~60%,오버,오버,True,NC +2.5,1.0,시즌 후반
2025,2025-08-26,20250826SSOB0,잠실,삼성,두산,6.0,5.259,-0.741,2.0,4.6845,2.6845,1.7127,8.0,9.9436,1.9436,1.9436,-0.5745,-4.0,0.4256,삼성,삼성,True,55~60%,오버,언더,False,두산 +2.5,0.0,시즌 후반
2025,2025-08-27,20250827HHWO0,고척,한화,키움,3.0,5.8416,2.8416,1.0,4.4636,3.4636,3.1526,4.0,10.3052,6.3052,6.3052,-1.3779,-2.0,0.2875,한화,한화,True,65% 이상,오버,언더,False,키움 +2.5,1.0,시즌 후반
2025,2025-08-27,20250827HTSK0,문학,KIA,SSG,4.0,4.5877,0.5877,2.0,4.7953,2.7953,1.6915,6.0,9.383,3.383,3.383,0.2076,-2.0,0.5724,SSG,KIA,False,55~60%,오버,언더,False,관망,,시즌 후반
2025,2025-08-27,20250827KTLT0,사직,KT,롯데,7.0,4.9252,-2.0748,2.0,4.657,2.657,2.3659,9.0,9.5822,0.5822,0.5822,-0.2681,-5.0,0.483,KT,KT,True,50~55%,오버,오버,True,관망,,시즌 후반
2025,2025-08-27,20250827LGNC0,창원,LG,NC,10.0,5.2336,-4.7664,1.0,4.5935,3.5935,4.1799,11.0,9.827,-1.173,1.173,-0.6401,-9.0,0.4135,LG,LG,True,55~60%,오버,오버,True,NC +2.5,0.0,시즌 후반
2025,2025-08-27,20250827SSOB0,잠실,삼성,두산,14.0,5.4562,-8.5438,1.0,4.5252,3.5252,6.0345,15.0,9.9813,-5.0187,5.0187,-0.931,-13.0,0.3614,삼성,삼성,True,60~65%,오버,오버,True,두산 +2.5,0.0,시즌 후반
2025,2025-08-28,20250828HHWO0,고척,한화,키움,9.0,5.7581,-3.2419,3.0,4.6507,1.6507,2.4463,12.0,10.4088,-1.5912,1.5912,-1.1073,-6.0,0.3312,한화,한화,True,65% 이상,오버,오버,True,키움 +2.5,0.0,시즌 후반
2025,2025-08-28,20250828HTSK0,문학,KIA,SSG,10.0,4.5877,-5.4123,6.0,4.7953,-1.2047,3.3085,16.0,9.383,-6.617,6.617,0.2076,-4.0,0.5724,SSG,KIA,False,55~60%,오버,오버,True,관망,,시즌 후반
2025,2025-08-28,20250828KTLT0,사직,KT,롯데,2.0,4.8052,2.8052,3.0,4.6271,1.6271,2.2162,5.0,9.4323,4.4323,4.4323,-0.1781,1.0,0.5,KT,롯데,False,50~55%,오버,언더,False,관망,,시즌 후반
2025,2025-08-28,20250828LGNC0,창원,LG,NC,4.0,5.3563,1.3563,3.0,4.5935,1.5935,1.4749,7.0,9.9497,2.9497,2.9497,-0.7628,-1.0,0.3912,LG,LG,True,60~65%,오버,언더,False,NC +2.5,1.0,시즌 후반
2025,2025-08-28,20250828SSOB0,잠실,삼성,두산,6.0,5.3423,-0.6577,7.0,4.6399,-2.3601,1.5089,13.0,9.9822,-3.0178,3.0178,-0.7025,1.0,0.4021,삼성,두산,False,55~60%,오버,오버,True,두산 +2.5,1.0,시즌 후반
2025,2025-08-29,20250829HTKT0,수원,KIA,KT,10.0,4.7549,-5.2451,1.0,4.7534,3.7534,4.4993,11.0,9.5083,-1.4917,1.4917,-0.0015,-9.0,0.5333,KT,KIA,False,50~55%,오버,오버,True,관망,,시즌 후반
2025,2025-08-29,20250829NCSK0,문학,NC,SSG,0.0,4.4764,4.4764,8.0,4.9879,-3.0121,3.7442,8.0,9.4643,1.4643,1.4643,0.5115,8.0,0.6275,SSG,SSG,True,60~65%,오버,언더,False,NC +2.5,0.0,시즌 후반
2025,2025-08-29,20250829OBLT0,사직,두산,롯데,7.0,5.1059,-1.8941,1.0,4.996,3.996,2.945,8.0,10.1019,2.1019,2.1019,-0.1099,-6.0,0.5129,롯데,두산,False,50~55%,오버,언더,False,관망,,시즌 후반
2025,2025-08-29,20250829SSHH0,대전,삼성,한화,5.0,5.2787,0.2787,3.0,4.7055,1.7055,0.9921,8.0,9.9841,1.9841,1.9841,-0.5732,-2.0,0.4258,삼성,삼성,True,55~60%,오버,언더,False,한화 +2.5,1.0,시즌 후반
2025,2025-08-29,20250829WOLG0,잠실,키움,LG,3.0,4.3451,1.3451,2.0,5.4825,3.4825,2.4138,5.0,9.8276,4.8276,4.8276,1.1374,-1.0,0.73,LG,키움,False,65% 이상,오버,언더,False,키움 +2.5,1.0,시즌 후반
2025,2025-08-30,20250830HTKT0,수원,KIA,KT,2.0,5.0668,3.0668,8.0,4.8463,-3.1537,3.1103,10.0,9.9131,-0.0869,0.0869,-0.2205,6.0,0.492,KIA,KT,False,50~55%,오버,오버,True,관망,,시즌 후반
2025,2025-08-30,20250830NCSK0,문학,NC,SSG,12.0,4.5249,-7.4751,2.0,4.9054,2.9054,5.1902,14.0,9.4303,-4.5697,4.5697,0.3805,-10.0,0.604,SSG,NC,False,60~65%,오버,오버,True,관망,,시즌 후반
2025,2025-08-30,20250830SSHH0,대전,삼성,한화,4.0,4.9273,0.9273,0.0,4.6331,4.6331,2.7802,4.0,9.5604,5.5604,5.5604,-0.2942,-4.0,0.478,삼성,삼성,True,50~55%,오버,언더,False,관망,,시즌 후반
2025,2025-08-30,20250830WOLG0,잠실,키움,LG,5.0,4.3451,-0.6549,6.0,5.4145,-0.5855,0.6202,11.0,9.7595,-1.2405,1.2405,1.0694,1.0,0.7198,LG,LG,True,65% 이상,오버,오버,True,키움 +2.5,1.0,시즌 후반
2025,2025-08-31,20250831HTKT0,수원,KIA,KT,6.0,5.0073,-0.9927,7.0,4.8582,-2.1418,1.5672,13.0,9.8656,-3.1344,3.1344,-0.1491,1.0,0.5055,KT,KT,True,50~55%,오버,오버,True,관망,,시즌 후반
2025,2025-08-31,20250831NCSK0,문학,NC,SSG,8.0,4.5036,-3.4964,10.0,4.9879,-5.0121,4.2542,18.0,9.4915,-8.5085,8.5085,0.4843,2.0,0.6227,SSG,SSG,True,60~65%,오버,오버,True,관망,,시즌 후반
2025,2025-08-31,20250831OBLT0,사직,두산,롯데,1.0,5.1508,4.1508,5.0,4.7786,-0.2214,2.1861,6.0,9.9293,3.9293,3.9293,-0.3722,4.0,0.4633,두산,롯데,False,50~55%,오버,언더,False,관망,,시즌 후반
2025,2025-08-31,20250831SSHH0,대전,삼성,한화,5.0,4.4709,-0.5291,3.0,4.5869,1.5869,1.058,8.0,9.0578,1.0578,1.0578,0.116,-2.0,0.5554,한화,삼성,False,55~60%,오버,언더,False,관망,,시즌 후반
2025,2025-08-31,20250831WOLG0,잠실,키움,LG,6.0,4.3451,-1.6549,5.0,5.4631,0.4631,1.059,11.0,9.8082,-1.1918,1.1918,1.1181,-1.0,0.7271,LG,키움,False,65% 이상,오버,오버,True,키움 +2.5,1.0,시즌 후반
2025,2025-09-02,20250902HTHH0,대전,KIA,한화,3.0,4.5127,1.5127,21.0,4.3991,-16.6009,9.0568,24.0,8.9119,-15.0881,15.0881,-0.1136,18.0,0.5122,한화,한화,True,50~55%,오버,오버,True,관망,,시즌 후반
2025,2025-09-02,20250902LTLG0,잠실,롯데,LG,2.0,4.2834,2.2834,3.0,5.4047,2.4047,2.344,5.0,9.688,4.688,4.688,1.1213,1.0,0.7276,LG,LG,True,65% 이상,오버,언더,False,롯데 +2.5,1.0,시즌 후반
2025,2025-09-02,20250902NCKT0,수원,NC,KT,9.0,5.1011,-3.8989,4.0,5.0607,1.0607,2.4798,13.0,10.1618,-2.8382,2.8382,-0.0403,-5.0,0.526,KT,NC,False,50~55%,오버,오버,True,관망,,시즌 후반
2025,2025-09-02,20250902WOSK0,문학,키움,SSG,1.0,4.5119,3.5119,6.0,6.1474,0.1474,1.8296,7.0,10.6593,3.6593,3.6593,1.6355,5.0,0.7976,SSG,SSG,True,65% 이상,오버,언더,False,키움 +2.5,0.0,시즌 후반
2025,2025-09-03,20250903LTKT0,수원,롯데,KT,8.0,4.6895,-3.3105,9.0,4.9483,-4.0517,3.6811,17.0,9.6378,-7.3622,7.3622,0.2588,1.0,0.5818,KT,KT,True,55~60%,오버,오버,True,관망,,시즌 후반
2025,2025-09-03,20250903NCHH0,대전,NC,한화,5.0,4.4587,-0.5413,6.0,4.8497,-1.1503,0.8458,11.0,9.3084,-1.6916,1.6916,0.3909,1.0,0.6059,한화,한화,True,60~65%,오버,오버,True,관망,,시즌 후반
2025,2025-09-03,20250903SKHT0,광주,SSG,KIA,2.0,4.9321,2.9321,1.0,4.568,3.568,3.2501,3.0,9.5001,6.5001,6.5001,-0.3641,-1.0,0.4649,SSG,SSG,True,50~55%,오버,언더,False,관망,,시즌 후반
2025,2025-09-03,20250903WOSS0,대구,키움,삼성,4.0,4.6137,0.6137,3.0,5.4352,2.4352,1.5244,7.0,10.0488,3.0488,3.0488,0.8215,-1.0,0.6805,삼성,키움,False,65% 이상,오버,언더,False,키움 +2.5,1.0,시즌 후반
2025,2025-09-04,20250904LGKT0,수원,LG,KT,10.0,5.1561,-4.8439,8.0,4.3225,-3.6775,4.2607,18.0,9.4786,-8.5214,8.5214,-0.8335,-2.0,0.3785,LG,LG,True,60~65%,오버,오버,True,KT +2.5,1.0,시즌 후반
2025,2025-09-04,20250904OBNC0,창원,두산,NC,12.0,5.1875,-6.8125,3.0,5.3625,2.3625,4.5875,15.0,10.5499,-4.4501,4.4501,0.175,-9.0,0.5664,NC,두산,False,55~60%,오버,오버,True,관망,,시즌 후반
2025,2025-09-05,20250905LTSK0,문학,롯데,SSG,5.0,4.6943,-0.3057,7.0,4.815,-2.185,1.2453,12.0,9.5093,-2.4907,2.4907,0.1207,2.0,0.5562,SSG,SSG,True,55~60%,오버,오버,True,관망,,시즌 후반
2025,2025-09-05,20250905OBNC0,창원,두산,NC,9.0,5.0803,-3.9197,3.0,5.4474,2.4474,3.1836,12.0,10.5277,-1.4723,1.4723,0.3671,-6.0,0.6016,NC,두산,False,60~65%,오버,오버,True,관망,,시즌 후반
2025,2025-09-05,20250905WOSS0,대구,키움,삼성,3.0,4.6866,1.6866,8.0,5.3582,-2.6418,2.1642,11.0,10.0447,-0.9553,0.9553,0.6716,5.0,0.6553,삼성,삼성,True,65% 이상,오버,오버,True,키움 +2.5,0.0,시즌 후반
2025,2025-09-06,20250906HHSS0,대구,한화,삼성,7.0,4.5596,-2.4404,4.0,4.3081,0.3081,1.3743,11.0,8.8677,-2.1323,2.1323,-0.2515,-3.0,0.4861,한화,한화,True,50~55%,관망,오버,False,관망,,시즌 후반
2025,2025-09-06,20250906HTNC0,창원,KIA,NC,8.0,5.8269,-2.1731,4.0,5.0566,1.0566,1.6149,12.0,10.8835,-1.1165,1.1165,-0.7703,-4.0,0.3899,KIA,KIA,True,60~65%,오버,오버,True,NC +2.5,0.0,시즌 후반
2025,2025-09-07,20250907HHSS0,대구,한화,삼성,3.0,4.5207,1.5207,4.0,4.5134,0.5134,1.017,7.0,9.0341,2.0341,2.0341,-0.0074,1.0,0.5322,삼성,삼성,True,50~55%,오버,언더,False,관망,,시즌 후반
2025,2025-09-07,20250907HTNC0,창원,KIA,NC,1.0,5.8162,4.8162,2.0,5.3755,3.3755,4.0959,3.0,11.1918,8.1918,8.1918,-0.4407,1.0,0.4505,KIA,NC,False,50~55%,오버,언더,False,관망,,시즌 후반
2025,2025-09-07,20250907SKLG0,잠실,SSG,LG,7.0,4.306,-2.694,3.0,4.9698,1.9698,2.3319,10.0,9.2759,-0.7241,0.7241,0.6638,-4.0,0.654,LG,SSG,False,65% 이상,오버,오버,True,SSG +2.5,1.0,시즌 후반
2025,2025-09-09,20250909HHLT0,사직,한화,롯데,9.0,4.9174,-4.0826,1.0,4.2901,3.2901,3.6864,10.0,9.2075,-0.7925,0.7925,-0.6272,-8.0,0.4159,한화,한화,True,55~60%,오버,오버,True,롯데 +2.5,0.0,시즌 후반
2025,2025-09-09,20250909LGWO0,고척,LG,키움,2.0,6.1005,4.1005,11.0,4.3961,-6.6039,5.3522,13.0,10.4966,-2.5034,2.5034,-1.7044,9.0,0.2397,LG,키움,False,65% 이상,오버,오버,True,키움 +2.5,1.0,시즌 후반
2025,2025-09-09,20250909OBKT0,수원,두산,KT,1.0,4.2607,3.2607,8.0,4.9469,-3.0531,3.1569,9.0,9.2076,0.2076,0.2076,0.6862,7.0,0.6578,KT,KT,True,65% 이상,오버,오버,True,두산 +2.5,0.0,시즌 후반
2025,2025-09-10,20250910HHLT0,사직,한화,롯데,13.0,4.878,-8.122,0.0,4.3609,4.3609,6.2414,13.0,9.2388,-3.7612,3.7612,-0.5171,-13.0,0.4362,한화,한화,True,55~60%,오버,오버,True,롯데 +2.5,0.0,시즌 후반
2025,2025-09-10,20250910LGOB0,잠실,LG,두산,8.0,5.8466,-2.1534,4.0,4.3996,0.3996,1.2765,12.0,10.2462,-1.7538,1.7538,-1.4471,-4.0,0.2769,LG,LG,True,65% 이상,오버,오버,True,두산 +2.5,0.0,시즌 후반
2025,2025-09-10,20250910SKNC0,창원,SSG,NC,4.0,4.8629,0.8629,5.0,4.5121,-0.4879,0.6754,9.0,9.3751,0.3751,0.3751,-0.3508,1.0,0.4674,SSG,NC,False,50~55%,오버,오버,True,관망,,시즌 후반
2025,2025-09-10,20250910SSHT0,광주,삼성,KIA,0.0,4.9806,4.9806,4.0,4.4671,0.4671,2.7238,4.0,9.4477,5.4477,5.4477,-0.5135,4.0,0.4369,삼성,KIA,False,55~60%,오버,언더,False,KIA +2.5,1.0,시즌 후반
2025,2025-09-11,20250911KTLG0,잠실,KT,LG,6.0,4.3313,-1.6687,4.0,5.6638,1.6638,1.6663,10.0,9.9951,-0.0049,0.0049,1.3326,-2.0,0.7581,LG,KT,False,65% 이상,오버,오버,True,KT +2.5,1.0,시즌 후반
2025,2025-09-11,20250911LTHT0,광주,롯데,KIA,4.0,5.0575,1.0575,3.0,5.785,2.785,1.9212,7.0,10.8424,3.8424,3.8424,0.7275,-1.0,0.6648,KIA,롯데,False,65% 이상,오버,언더,False,롯데 +2.5,1.0,시즌 후반
2025,2025-09-11,20250911NCWO0,고척,NC,키움,1.0,5.7514,4.7514,4.0,4.7482,0.7482,2.7498,5.0,10.4996,5.4996,5.4996,-1.0031,3.0,0.3489,NC,키움,False,65% 이상,오버,언더,False,키움 +2.5,1.0,시즌 후반
2025,2025-09-11,20250911SKSS0,대구,SSG,삼성,8.0,4.5947,-3.4053,4.0,4.5977,0.5977,2.0015,12.0,9.1924,-2.8076,2.8076,0.003,-4.0,0.5342,삼성,SSG,False,50~55%,오버,오버,True,관망,,시즌 후반
2025,2025-09-12,20250912OBHT0,광주,두산,KIA,4.0,5.0378,1.0378,5.0,5.0401,0.0401,0.539,9.0,10.078,1.078,1.078,0.0023,1.0,0.534,KIA,KIA,True,50~55%,오버,오버,True,관망,,시즌 후반
2025,2025-09-13,20250913HTLG0,잠실,KIA,LG,6.0,4.7361,-1.2639,3.0,5.7286,2.7286,1.9963,9.0,10.4647,1.4647,1.4647,0.9925,-3.0,0.7079,LG,KIA,False,65% 이상,오버,오버,True,KIA +2.5,1.0,시즌 후반
2025,2025-09-13,20250913KTSS0,대구,KT,삼성,5.0,4.5398,-0.4602,3.0,5.3745,2.3745,1.4174,8.0,9.9143,1.9143,1.9143,0.8348,-2.0,0.6826,삼성,KT,False,65% 이상,오버,언더,False,KT +2.5,1.0,시즌 후반
2025,2025-09-13,20250913OBNC0,창원,두산,NC,4.0,5.2073,1.2073,6.0,5.2154,-0.7846,0.9959,10.0,10.4227,0.4227,0.4227,0.0081,2.0,0.5351,NC,NC,True,50~55%,오버,오버,True,관망,,시즌 후반
2025,2025-09-13,20250913SKLT0,사직,SSG,롯데,11.0,4.6486,-6.3514,12.0,4.6704,-7.3296,6.8405,23.0,9.319,-13.681,13.681,0.0218,1.0,0.5377,롯데,롯데,True,50~55%,오버,오버,True,관망,,시즌 후반
2025,2025-09-13,20250913WOHH0,대전,키움,한화,5.0,4.1879,-0.8121,10.0,5.5002,-4.4998,2.6559,15.0,9.6881,-5.3119,5.3119,1.3123,5.0,0.7553,한화,한화,True,65% 이상,오버,오버,True,키움 +2.5,0.0,시즌 후반
2025,2025-09-14,20250914HTLG0,잠실,KIA,LG,0.0,4.7361,4.7361,14.0,5.3648,-8.6352,6.6856,14.0,10.1009,-3.8991,3.8991,0.6288,14.0,0.648,LG,LG,True,60~65%,오버,오버,True,KIA +2.5,0.0,시즌 후반
2025,2025-09-14,20250914KTSS0,대구,KT,삼성,2.0,4.4991,2.4991,6.0,5.3887,-0.6113,1.5552,8.0,9.8878,1.8878,1.8878,0.8895,4.0,0.6915,삼성,삼성,True,65% 이상,오버,언더,False,KT +2.5,0.0,시즌 후반
2025,2025-09-14,20250914OBNC0,창원,두산,NC,0.0,5.3237,5.3237,6.0,5.2032,-0.7968,3.0602,6.0,10.5269,4.5269,4.5269,-0.1205,6.0,0.5109,NC,NC,True,50~55%,오버,언더,False,관망,,시즌 후반
2025,2025-09-14,20250914WOHH0,대전,키움,한화,13.0,4.3229,-8.6771,10.0,5.6108,-4.3892,6.5332,23.0,9.9337,-13.0663,13.0663,1.2879,-3.0,0.7519,한화,키움,False,65% 이상,오버,오버,True,키움 +2.5,1.0,시즌 후반
2025,2025-09-15,20250915WOHH0,대전,키움,한화,6.0,4.3477,-1.6523,7.0,5.4498,-1.5502,1.6013,13.0,9.7975,-3.2025,3.2025,1.1021,1.0,0.7247,한화,한화,True,65% 이상,오버,오버,True,키움 +2.5,1.0,시즌 후반
2025,2025-09-16,20250916HHHT0,광주,한화,KIA,11.0,4.9537,-6.0463,1.0,4.5323,3.5323,4.7893,12.0,9.486,-2.514,2.514,-0.4214,-10.0,0.4541,한화,한화,True,50~55%,오버,오버,True,관망,,시즌 후반
2025,2025-09-16,20250916LGKT0,수원,LG,KT,10.0,5.567,-4.433,6.0,4.4903,-1.5097,2.9713,16.0,10.0573,-5.9427,5.9427,-1.0767,-4.0,0.3363,LG,LG,True,65% 이상,오버,오버,True,KT +2.5,0.0,시즌 후반
2025,2025-09-16,20250916LTSS0,대구,롯데,삼성,5.0,4.5452,-0.4548,7.0,5.0073,-1.9927,1.2237,12.0,9.5525,-2.4475,2.4475,0.4621,2.0,0.6187,삼성,삼성,True,60~65%,오버,오버,True,관망,,시즌 후반
2025,2025-09-16,20250916SKNC0,창원,SSG,NC,7.0,5.0611,-1.9389,3.0,4.4489,1.4489,1.6939,10.0,9.51,-0.49,0.49,-0.6122,-4.0,0.4186,SSG,SSG,True,55~60%,오버,오버,True,NC +2.5,0.0,시즌 후반
2025,2025-09-16,20250916WOOB0,잠실,키움,두산,4.0,4.5095,0.5095,1.0,6.1272,5.1272,2.8184,5.0,10.6367,5.6367,5.6367,1.6177,-3.0,0.7954,두산,키움,False,65% 이상,오버,언더,False,키움 +2.5,1.0,시즌 후반
2025,2025-09-17,20250917HHHT0,광주,한화,KIA,6.0,5.0999,-0.9001,2.0,4.4163,2.4163,1.6582,8.0,9.5162,1.5162,1.5162,-0.6836,-4.0,0.4056,한화,한화,True,55~60%,오버,언더,False,KIA +2.5,0.0,시즌 후반
2025,2025-09-17,20250917SKNC0,창원,SSG,NC,0.0,5.0439,5.0439,4.0,4.5953,0.5953,2.8196,4.0,9.6392,5.6392,5.6392,-0.4486,4.0,0.449,SSG,NC,False,55~60%,오버,언더,False,관망,,시즌 후반
2025,2025-09-17,20250917WOOB0,잠실,키움,두산,4.0,4.5857,0.5857,2.0,5.5868,3.5868,2.0862,6.0,10.1724,4.1724,4.1724,1.0011,-2.0,0.7092,두산,키움,False,65% 이상,오버,언더,False,키움 +2.5,1.0,시즌 후반
2025,2025-09-18,20250918HHHT0,광주,한화,KIA,4.0,5.15,1.15,3.0,4.4113,1.4113,1.2807,7.0,9.5613,2.5613,2.5613,-0.7387,-1.0,0.3956,한화,한화,True,60~65%,오버,언더,False,KIA +2.5,1.0,시즌 후반
2025,2025-09-18,20250918LGKT1,수원,LG,KT,6.0,5.6759,-0.3241,2.0,4.4047,2.4047,1.3644,8.0,10.0806,2.0806,2.0806,-1.2713,-4.0,0.3043,LG,LG,True,65% 이상,오버,언더,False,KT +2.5,0.0,시즌 후반
2025,2025-09-18,20250918LGKT2,수원,LG,KT,14.0,5.6759,-8.3241,1.0,4.4047,3.4047,5.8644,15.0,10.0806,-4.9194,4.9194,-1.2713,-13.0,0.3043,LG,LG,True,65% 이상,오버,오버,True,KT +2.5,0.0,시즌 후반
2025,2025-09-18,20250918SSNC0,창원,삼성,NC,9.0,5.2698,-3.7302,5.0,4.5921,-0.4079,2.069,14.0,9.8619,-4.1381,4.1381,-0.6777,-4.0,0.4066,삼성,삼성,True,55~60%,오버,오버,True,NC +2.5,0.0,시즌 후반
2025,2025-09-18,20250918WOOB0,잠실,키움,두산,2.0,4.5252,2.5252,3.0,5.3946,2.3946,2.4599,5.0,9.9198,4.9198,4.9198,0.8694,1.0,0.6883,두산,두산,True,65% 이상,오버,언더,False,키움 +2.5,1.0,시즌 후반
2025,2025-09-19,20250919LTNC0,창원,롯데,NC,18.0,5.2439,-12.7561,2.0,4.9115,2.9115,7.8338,20.0,10.1555,-9.8445,9.8445,-0.3324,-16.0,0.4709,롯데,롯데,True,50~55%,오버,오버,True,관망,,시즌 후반
2025,2025-09-20,20250920HHKT0,수원,한화,KT,2.0,5.1151,3.1151,4.0,4.3225,0.3225,1.7188,6.0,9.4376,3.4376,3.4376,-0.7925,2.0,0.3859,한화,KT,False,60~65%,오버,언더,False,KT +2.5,1.0,시즌 후반
2025,2025-09-20,20250920NCHT0,광주,NC,KIA,4.0,4.9135,0.9135,5.0,5.2919,0.2919,0.6027,9.0,10.2055,1.2055,1.2055,0.3784,1.0,0.6037,KIA,KIA,True,60~65%,오버,오버,True,관망,,시즌 후반
2025,2025-09-20,20250920OBSK0,문학,두산,SSG,2.0,4.5199,2.5199,15.0,4.9256,-10.0744,6.2972,17.0,9.4455,-7.5545,7.5545,0.4057,13.0,0.6086,SSG,SSG,True,60~65%,오버,오버,True,관망,,시즌 후반
2025,2025-09-20,20250920SSLG0,잠실,삼성,LG,14.0,4.7082,-9.2918,4.0,5.247,1.247,5.2694,18.0,9.9552,-8.0448,8.0448,0.5388,-10.0,0.6323,LG,삼성,False,60~65%,오버,오버,True,삼성 +2.5,1.0,시즌 후반
2025,2025-09-20,20250920WOLT0,사직,키움,롯데,15.0,4.5745,-10.4255,5.0,6.2191,1.2191,5.8223,20.0,10.7936,-9.2064,9.2064,1.6447,-10.0,0.7987,롯데,키움,False,65% 이상,오버,오버,True,키움 +2.5,1.0,시즌 후반
2025,2025-09-21,20250921NCHT0,광주,NC,KIA,7.0,5.1586,-1.8414,6.0,5.2516,-0.7484,1.2949,13.0,10.4102,-2.5898,2.5898,0.093,-1.0,0.5511,KIA,NC,False,55~60%,오버,오버,True,관망,,시즌 후반
2025,2025-09-21,20250921OBSK0,문학,두산,SSG,3.0,4.4729,1.4729,7.0,4.8185,-2.1815,1.8272,10.0,9.2914,-0.7086,0.7086,0.3456,4.0,0.5977,SSG,SSG,True,55~60%,오버,오버,True,관망,,시즌 후반
2025,2025-09-21,20250921SSKT0,수원,삼성,KT,3.0,5.3559,2.3559,6.0,4.6548,-1.3452,1.8506,9.0,10.0107,1.0107,1.0107,-0.7012,3.0,0.4024,삼성,KT,False,55~60%,오버,오버,True,KT +2.5,1.0,시즌 후반
2025,2025-09-22,20250922OBSK0,문학,두산,SSG,9.0,4.4729,-4.5271,2.0,4.8185,2.8185,3.6728,11.0,9.2914,-1.7086,1.7086,0.3456,-7.0,0.5977,SSG,두산,False,55~60%,오버,오버,True,관망,,시즌 후반
2025,2025-09-23,20250923HTSK0,문학,KIA,SSG,0.0,4.8307,4.8307,5.0,4.7552,-0.2448,2.5378,5.0,9.5859,4.5859,4.5859,-0.0756,5.0,0.5194,SSG,SSG,True,50~55%,오버,언더,False,관망,,시즌 후반
2025,2025-09-23,20250923NCLT0,울산,NC,롯데,4.0,5.0133,1.0133,2.0,5.4594,3.4594,2.2363,6.0,10.4727,4.4727,4.4727,0.4461,-2.0,0.6158,롯데,NC,False,60~65%,오버,언더,False,관망,,시즌 후반
2025,2025-09-23,20250923OBSS0,대구,두산,삼성,5.0,4.3126,-0.6874,7.0,5.4536,-1.5464,1.1169,12.0,9.7662,-2.2338,2.2338,1.1409,2.0,0.7306,삼성,삼성,True,65% 이상,오버,오버,True,두산 +2.5,1.0,시즌 후반
2025,2025-09-23,20250923WOKT0,수원,키움,KT,0.0,4.4908,4.4908,7.0,5.7308,-1.2692,2.88,7.0,10.2216,3.2216,3.2216,1.2401,7.0,0.7451,KT,KT,True,65% 이상,오버,언더,False,키움 +2.5,0.0,시즌 후반
2025,2025-09-24,20250924HTWO0,고척,KIA,키움,2.0,6.0007,4.0007,0.0,4.5146,4.5146,4.2576,2.0,10.5152,8.5152,8.5152,-1.4861,-2.0,0.2711,KIA,KIA,True,65% 이상,오버,언더,False,키움 +2.5,1.0,시즌 후반
2025,2025-09-24,20250924LGNC0,창원,LG,NC,5.0,5.2991,0.2991,10.0,4.6512,-5.3488,2.824,15.0,9.9503,-5.0497,5.0497,-0.648,5.0,0.4121,LG,NC,False,55~60%,오버,오버,True,NC +2.5,1.0,시즌 후반
2025,2025-09-24,20250924LTSS0,대구,롯데,삼성,4.0,4.5855,0.5855,9.0,5.4192,-3.5808,2.0831,13.0,10.0047,-2.9953,2.9953,0.8337,5.0,0.6825,삼성,삼성,True,65% 이상,오버,오버,True,롯데 +2.5,0.0,시즌 후반
2025,2025-09-25,20250925HHOB0,잠실,한화,두산,0.0,4.7622,4.7622,7.0,4.2692,-2.7308,3.7465,7.0,9.0314,2.0314,2.0314,-0.493,7.0,0.4407,한화,두산,False,55~60%,오버,언더,False,관망,,시즌 후반
2025,2025-09-25,20250925KTSK0,문학,KT,SSG,10.0,4.8448,-5.1552,1.0,4.6767,3.6767,4.416,11.0,9.5215,-1.4785,1.4785,-0.1681,-9.0,0.5019,SSG,KT,False,50~55%,오버,오버,True,관망,,시즌 후반
2025,2025-09-25,20250925LGLT0,울산,LG,롯데,11.0,5.7868,-5.2132,1.0,4.4209,3.4209,4.317,12.0,10.2077,-1.7923,1.7923,-1.3659,-10.0,0.2894,LG,LG,True,65% 이상,오버,오버,True,롯데 +2.5,0.0,시즌 후반
2025,2025-09-25,20250925WOSS0,대구,키움,삼성,3.0,4.627,1.627,12.0,5.5906,-6.4094,4.0182,15.0,10.2176,-4.7824,4.7824,0.9637,9.0,0.7034,삼성,삼성,True,65% 이상,오버,오버,True,키움 +2.5,0.0,시즌 후반
2025,2025-09-26,20250926KTSK0,문학,KT,SSG,2.0,4.6383,2.6383,5.0,4.8254,-0.1746,1.4064,7.0,9.4638,2.4638,2.4638,0.1871,3.0,0.5686,SSG,SSG,True,55~60%,오버,언더,False,관망,,시즌 후반
2025,2025-09-26,20250926LGHH0,대전,LG,한화,1.0,5.1849,4.1849,4.0,4.7087,0.7087,2.4468,5.0,9.8936,4.8936,4.8936,-0.4762,3.0,0.4439,LG,한화,False,55~60%,오버,언더,False,관망,,시즌 후반
2025,2025-09-26,20250926NCOB0,잠실,NC,두산,3.0,5.0838,2.0838,0.0,4.9333,4.9333,3.5086,3.0,10.0171,7.0171,7.0171,-0.1506,-3.0,0.5052,두산,NC,False,50~55%,오버,언더,False,관망,,시즌 후반
2025,2025-09-26,20250926SSLT0,사직,삼성,롯데,9.0,5.5054,-3.4946,10.0,4.523,-5.477,4.4858,19.0,10.0285,-8.9715,8.9715,-0.9824,1.0,0.3524,삼성,롯데,False,60~65%,오버,오버,True,롯데 +2.5,1.0,시즌 후반
2025,2025-09-27,20250927LGHH0,대전,LG,한화,9.0,5.0409,-3.9591,2.0,4.7151,2.7151,3.3371,11.0,9.756,-1.244,1.244,-0.3257,-7.0,0.4721,LG,LG,True,50~55%,오버,오버,True,관망,,시즌 후반
2025,2025-09-27,20250927NCHT0,광주,NC,KIA,2.0,4.8452,2.8452,1.0,4.9938,3.9938,3.4195,3.0,9.8389,6.8389,6.8389,0.1486,-1.0,0.5614,KIA,NC,False,55~60%,오버,언더,False,관망,,시즌 후반
2025,2025-09-27,20250927SKOB0,잠실,SSG,두산,6.0,4.8675,-1.1325,2.0,4.3868,2.3868,1.7597,8.0,9.2543,1.2543,1.2543,-0.4807,-4.0,0.443,SSG,SSG,True,55~60%,오버,언더,False,관망,,시즌 후반
2025,2025-09-28,20250928LTOB0,잠실,롯데,두산,2.0,4.6985,2.6985,7.0,4.6751,-2.3249,2.5117,9.0,9.3736,0.3736,0.3736,-0.0234,5.0,0.5292,두산,두산,True,50~55%,오버,오버,True,관망,,시즌 후반
2025,2025-09-28,20250928SSWO0,고척,삼성,키움,4.0,5.6019,1.6019,2.0,4.6605,2.6605,2.1312,6.0,10.2625,4.2625,4.2625,-0.9414,-2.0,0.3596,삼성,삼성,True,60~65%,오버,언더,False,키움 +2.5,1.0,시즌 후반
2025,2025-09-29,20250929LGHH0,대전,LG,한화,3.0,5.0965,2.0965,7.0,4.6834,-2.3166,2.2065,10.0,9.7799,-0.2201,0.2201,-0.413,4.0,0.4557,LG,한화,False,50~55%,오버,오버,True,관망,,시즌 후반
2025,2025-09-29,20250929LTSK0,문학,롯데,SSG,2.0,4.5271,2.5271,4.0,4.8644,0.8644,1.6957,6.0,9.3914,3.3914,3.3914,0.3373,2.0,0.5962,SSG,SSG,True,55~60%,오버,언더,False,관망,,시즌 후반
2025,2025-09-29,20250929NCHT0,광주,NC,KIA,13.0,5.1173,-7.8827,4.0,4.8403,0.8403,4.3615,17.0,9.9576,-7.0424,7.0424,-0.277,-9.0,0.4813,NC,NC,True,50~55%,오버,오버,True,관망,,시즌 후반
2025,2025-09-30,20250930HTSS0,대구,KIA,삼성,0.0,4.6952,4.6952,5.0,5.3457,0.3457,2.5204,5.0,10.0409,5.0409,5.0409,0.6506,5.0,0.6517,삼성,삼성,True,65% 이상,오버,언더,False,KIA +2.5,0.0,시즌 후반
2025,2025-09-30,20250930KTNC0,창원,KT,NC,4.0,4.8536,0.8536,9.0,5.0038,-3.9962,2.4249,13.0,9.8574,-3.1426,3.1426,0.1502,5.0,0.5617,NC,NC,True,55~60%,오버,오버,True,관망,,시즌 후반
2025,2025-09-30,20250930LTHH0,대전,롯데,한화,0.0,4.3516,4.3516,1.0,5.134,4.134,4.2428,1.0,9.4856,8.4856,8.4856,0.7824,1.0,0.674,한화,한화,True,65% 이상,오버,언더,False,롯데 +2.5,1.0,시즌 후반
2025,2025-09-30,20250930OBLG0,잠실,두산,LG,6.0,4.3759,-1.6241,0.0,5.4227,5.4227,3.5234,6.0,9.7986,3.7986,3.7986,1.0469,-6.0,0.7163,LG,두산,False,65% 이상,오버,언더,False,두산 +2.5,1.0,시즌 후반
2025,2025-09-30,20250930SKWO0,고척,SSG,키움,4.0,5.1917,1.1917,3.0,4.4264,1.4264,1.309,7.0,9.6181,2.6181,2.6181,-0.7652,-1.0,0.3908,SSG,SSG,True,60~65%,오버,언더,False,키움 +2.5,1.0,시즌 후반
2025,2025-10-01,20251001HHSK0,문학,한화,SSG,5.0,4.5964,-0.4036,6.0,4.3578,-1.6422,1.0229,11.0,8.9542,-2.0458,2.0458,-0.2386,1.0,0.4886,한화,SSG,False,50~55%,오버,오버,True,관망,,시즌 후반
2025,2025-10-01,20251001KTHT0,광주,KT,KIA,9.0,4.6852,-4.3148,3.0,4.6618,1.6618,2.9883,12.0,9.347,-2.653,2.653,-0.0234,-6.0,0.5292,KIA,KT,False,50~55%,오버,오버,True,관망,,시즌 후반
2025,2025-10-01,20251001NCLG0,잠실,NC,LG,7.0,4.6927,-2.3073,3.0,5.2338,2.2338,2.2705,10.0,9.9264,-0.0736,0.0736,0.5411,-4.0,0.6327,LG,NC,False,60~65%,오버,오버,True,NC +2.5,1.0,시즌 후반
2025,2025-10-02,20251002SKHT0,광주,SSG,KIA,2.0,4.6451,2.6451,7.0,4.4892,-2.5108,2.5779,9.0,9.1342,0.1342,0.1342,-0.1559,5.0,0.5042,KIA,KIA,True,50~55%,오버,오버,True,관망,,시즌 후반
2025,2025-10-04,20251004SKNC0,창원,SSG,NC,1.0,4.7441,3.7441,7.0,4.4561,-2.5439,3.144,8.0,9.2002,1.2002,1.2002,-0.288,6.0,0.4792,SSG,NC,False,50~55%,오버,언더,False,관망,,시즌 후반
2025,2025-10-04,20251004SSHT0,광주,삼성,KIA,8.0,5.2023,-2.7977,9.0,4.3298,-4.6702,3.734,17.0,9.5321,-7.4679,7.4679,-0.8726,1.0,0.3716,삼성,KIA,False,60~65%,오버,오버,True,KIA +2.5,1.0,시즌 후반
2026,2026-03-28,20260328HTSK0,문학,KIA,SSG,6.0,4.3597,-1.6403,7.0,4.8454,-2.1546,1.8974,13.0,9.2052,-3.7948,3.7948,0.4857,1.0,0.6229,SSG,SSG,True,60~65%,오버,오버,True,관망,,시즌 초반
2026,2026-03-28,20260328KTLG0,잠실,KT,LG,11.0,4.1937,-6.8063,7.0,5.1841,-1.8159,4.3111,18.0,9.3778,-8.6222,8.6222,0.9905,-4.0,0.7076,LG,KT,False,65% 이상,오버,오버,True,KT +2.5,1.0,시즌 초반
2026,2026-03-28,20260328LTSS0,대구,롯데,삼성,6.0,4.3181,-1.6819,3.0,4.8444,1.8444,1.7632,9.0,9.1625,0.1625,0.1625,0.5263,-3.0,0.6301,삼성,롯데,False,60~65%,오버,오버,True,롯데 +2.5,1.0,시즌 초반
2026,2026-03-28,20260328OBNC0,창원,두산,NC,0.0,4.6821,4.6821,6.0,4.6937,-1.3063,2.9942,6.0,9.3758,3.3758,3.3758,0.0116,6.0,0.5358,NC,NC,True,50~55%,오버,언더,False,관망,,시즌 초반
2026,2026-03-28,20260328WOHH0,대전,키움,한화,9.0,4.307,-4.693,10.0,4.6385,-5.3615,5.0273,19.0,8.9454,-10.0546,10.0546,0.3315,1.0,0.5952,한화,한화,True,55~60%,오버,오버,True,관망,,시즌 초반
2026,2026-03-29,20260329HTSK0,문학,KIA,SSG,6.0,5.1674,-0.8326,11.0,5.3184,-5.6816,3.2571,17.0,10.4858,-6.5142,6.5142,0.151,5.0,0.5619,SSG,SSG,True,55~60%,오버,오버,True,관망,,시즌 초반
2026,2026-03-29,20260329KTLG0,잠실,KT,LG,6.0,5.9153,-0.0847,5.0,5.4718,0.4718,0.2783,11.0,11.387,0.387,0.387,-0.4435,-1.0,0.45,KT,KT,True,55~60%,오버,오버,True,관망,,시즌 초반
2026,2026-03-29,20260329LTSS0,대구,롯데,삼성,6.0,5.1047,-0.8953,2.0,4.2496,2.2496,1.5724,8.0,9.3542,1.3542,1.3542,-0.8551,-4.0,0.3747,롯데,롯데,True,60~65%,오버,언더,False,삼성 +2.5,0.0,시즌 초반
2026,2026-03-29,20260329OBNC0,창원,두산,NC,9.0,4.3187,-4.6813,6.0,5.0351,-0.9649,2.8231,15.0,9.3538,-5.6462,5.6462,0.7164,-3.0,0.6629,NC,두산,False,65% 이상,오버,오버,True,두산 +2.5,1.0,시즌 초반
2026,2026-03-29,20260329WOHH0,대전,키움,한화,4.0,5.2263,1.2263,10.0,5.5617,-4.4383,2.8323,14.0,10.7879,-3.2121,3.2121,0.3354,6.0,0.5959,한화,한화,True,55~60%,오버,오버,True,관망,,시즌 초반
2026,2026-03-31,20260331HTLG0,잠실,KIA,LG,7.0,5.2781,-1.7219,2.0,5.8346,3.8346,2.7783,9.0,11.1127,2.1127,2.1127,0.5565,-5.0,0.6354,LG,KIA,False,60~65%,오버,오버,True,KIA +2.5,1.0,시즌 초반
2026,2026-03-31,20260331KTHH0,대전,KT,한화,9.0,4.973,-4.027,4.0,5.4077,1.4077,2.7173,13.0,10.3808,-2.6192,2.6192,0.4347,-5.0,0.6138,한화,KT,False,60~65%,오버,오버,True,관망,,시즌 초반
2026,2026-03-31,20260331LTNC0,창원,롯데,NC,2.0,4.917,2.917,9.0,4.791,-4.209,3.563,11.0,9.708,-1.292,1.292,-0.126,7.0,0.5098,NC,NC,True,50~55%,오버,오버,True,관망,,시즌 초반
2026,2026-03-31,20260331WOSK0,문학,키움,SSG,3.0,5.4519,2.4519,9.0,5.3784,-3.6216,3.0368,12.0,10.8303,-1.1697,1.1697,-0.0735,6.0,0.5197,SSG,SSG,True,50~55%,오버,오버,True,관망,,시즌 초반
2026,2026-04-01,20260401HTLG0,잠실,KIA,LG,2.0,5.611,3.611,7.0,4.866,-2.134,2.8725,9.0,10.4771,1.4771,1.4771,-0.745,5.0,0.3944,KIA,LG,False,60~65%,오버,오버,True,LG +2.5,1.0,시즌 초반
2026,2026-04-01,20260401KTHH0,대전,KT,한화,14.0,5.0389,-8.9611,11.0,5.1945,-5.8055,7.3833,25.0,10.2333,-14.7667,14.7667,0.1556,-3.0,0.5627,한화,KT,False,55~60%,오버,오버,True,관망,,시즌 초반
2026,2026-04-01,20260401LTNC0,창원,롯데,NC,4.0,4.5015,0.5015,5.0,4.9965,-0.0035,0.2525,9.0,9.4979,0.4979,0.4979,0.495,1.0,0.6246,NC,NC,True,60~65%,오버,오버,True,관망,,시즌 초반
2026,2026-04-01,20260401OBSS0,대구,두산,삼성,3.0,5.7571,2.7571,13.0,4.9874,-8.0126,5.3849,16.0,10.7445,-5.2555,5.2555,-0.7697,10.0,0.39,두산,삼성,False,60~65%,오버,오버,True,삼성 +2.5,1.0,시즌 초반
2026,2026-04-01,20260401WOSK0,문학,키움,SSG,11.0,5.574,-5.426,2.0,5.1034,3.1034,4.2647,13.0,10.6774,-2.3226,2.3226,-0.4705,-9.0,0.4449,키움,키움,True,55~60%,오버,오버,True,관망,,시즌 초반
2026,2026-04-02,20260402HTLG0,잠실,KIA,LG,1.0,5.6546,4.6546,2.0,5.7995,3.7995,4.2271,3.0,11.4542,8.4542,8.4542,0.1449,1.0,0.5608,LG,LG,True,55~60%,오버,언더,False,관망,,시즌 초반
2026,2026-04-02,20260402KTHH0,대전,KT,한화,13.0,5.5213,-7.4787,8.0,5.467,-2.533,5.0059,21.0,10.9883,-10.0117,10.0117,-0.0543,-5.0,0.5234,한화,KT,False,50~55%,오버,오버,True,관망,,시즌 초반
2026,2026-04-02,20260402LTNC0,창원,롯데,NC,4.0,4.3827,0.3827,8.0,5.1455,-2.8545,1.6186,12.0,9.5282,-2.4718,2.4718,0.7629,4.0,0.6707,NC,NC,True,65% 이상,오버,오버,True,롯데 +2.5,0.0,시즌 초반
2026,2026-04-02,20260402OBSS0,대구,두산,삼성,2.0,4.7217,2.7217,5.0,5.1825,0.1825,1.4521,7.0,9.9042,2.9042,2.9042,0.4609,3.0,0.6185,삼성,삼성,True,60~65%,오버,언더,False,관망,,시즌 초반
2026,2026-04-02,20260402WOSK0,문학,키움,SSG,1.0,5.1568,4.1568,11.0,5.4537,-5.5463,4.8515,12.0,10.6105,-1.3895,1.3895,0.297,10.0,0.5889,SSG,SSG,True,55~60%,오버,오버,True,관망,,시즌 초반
2026,2026-04-03,20260403HHOB0,잠실,한화,두산,11.0,5.4928,-5.5072,6.0,6.0495,0.0495,2.7783,17.0,11.5423,-5.4577,5.4577,0.5567,-5.0,0.6354,두산,한화,False,60~65%,오버,오버,True,한화 +2.5,1.0,시즌 초반
2026,2026-04-03,20260403LGWO0,고척,LG,키움,2.0,5.0649,3.0649,5.0,5.1723,0.1723,1.6186,7.0,10.2372,3.2372,3.2372,0.1074,3.0,0.5538,키움,키움,True,55~60%,오버,언더,False,관망,,시즌 초반
2026,2026-04-03,20260403NCHT0,광주,NC,KIA,5.0,5.1814,0.1814,2.0,4.383,2.383,1.2822,7.0,9.5644,2.5644,2.5644,-0.7984,-3.0,0.3848,NC,NC,True,60~65%,오버,언더,False,KIA +2.5,0.0,시즌 초반
2026,2026-04-03,20260403SKLT0,사직,SSG,롯데,17.0,5.2695,-11.7305,2.0,4.4279,2.4279,7.0792,19.0,9.6974,-9.3026,9.3026,-0.8416,-15.0,0.3771,SSG,SSG,True,60~65%,오버,오버,True,롯데 +2.5,0.0,시즌 초반
2026,2026-04-03,20260403SSKT0,수원,삼성,KT,2.0,4.8771,2.8771,1.0,5.2355,4.2355,3.5563,3.0,10.1126,7.1126,7.1126,0.3584,-1.0,0.6001,KT,삼성,False,60~65%,오버,언더,False,관망,,시즌 초반
2026,2026-04-04,20260404HHOB0,잠실,한화,두산,9.0,5.3883,-3.6117,3.0,6.0787,3.0787,3.3452,12.0,11.4671,-0.5329,0.5329,0.6904,-6.0,0.6585,두산,한화,False,65% 이상,오버,오버,True,한화 +2.5,1.0,시즌 초반
2026,2026-04-04,20260404LGWO0,고척,LG,키움,6.0,5.0573,-0.9427,4.0,5.2435,1.2435,1.0931,10.0,10.3009,0.3009,0.3009,0.1862,-2.0,0.5684,키움,LG,False,55~60%,오버,오버,True,관망,,시즌 초반
2026,2026-04-04,20260404NCHT0,광주,NC,KIA,6.0,4.9297,-1.0703,0.0,4.3827,4.3827,2.7265,6.0,9.3124,3.3124,3.3124,-0.547,-6.0,0.4307,NC,NC,True,55~60%,오버,언더,False,KIA +2.5,0.0,시즌 초반
2026,2026-04-04,20260404SKLT0,사직,SSG,롯데,7.0,5.1755,-1.8245,6.0,4.8266,-1.1734,1.4989,13.0,10.0021,-2.9979,2.9979,-0.3488,-1.0,0.4677,SSG,SSG,True,50~55%,오버,오버,True,관망,,시즌 초반
2026,2026-04-04,20260404SSKT0,수원,삼성,KT,8.0,4.8797,-3.1203,6.0,5.1364,-0.8636,1.9919,14.0,10.0161,-3.9839,3.9839,0.2567,-2.0,0.5815,KT,삼성,False,55~60%,오버,오버,True,관망,,시즌 초반
2026,2026-04-05,20260405HHOB0,잠실,한화,두산,0.0,5.7051,5.7051,8.0,5.9261,-2.0739,3.8895,8.0,11.6312,3.6312,3.6312,0.221,8.0,0.5749,두산,두산,True,55~60%,오버,언더,False,관망,,시즌 초반
2026,2026-04-05,20260405LGWO0,고척,LG,키움,6.0,4.9609,-1.0391,5.0,5.2351,0.2351,0.6371,11.0,10.1961,-0.8039,0.8039,0.2742,-1.0,0.5847,키움,LG,False,55~60%,오버,오버,True,관망,,시즌 초반
2026,2026-04-05,20260405NCHT0,광주,NC,KIA,0.0,5.3965,5.3965,3.0,4.5437,1.5437,3.4701,3.0,9.9402,6.9402,6.9402,-0.8528,3.0,0.3751,NC,KIA,False,60~65%,오버,언더,False,KIA +2.5,1.0,시즌 초반
2026,2026-04-05,20260405SKLT0,사직,SSG,롯데,4.0,5.1729,1.1729,3.0,4.8266,1.8266,1.4997,7.0,9.9995,2.9995,2.9995,-0.3462,-1.0,0.4682,SSG,SSG,True,50~55%,오버,언더,False,관망,,시즌 초반
2026,2026-04-05,20260405SSKT0,수원,삼성,KT,0.0,4.9025,4.9025,2.0,5.152,3.152,4.0272,2.0,10.0544,8.0544,8.0544,0.2495,2.0,0.5801,KT,KT,True,55~60%,오버,언더,False,관망,,시즌 초반
2026,2026-04-07,20260407HHSK0,문학,한화,SSG,6.0,5.2608,-0.7392,2.0,5.1345,3.1345,1.9369,8.0,10.3953,2.3953,2.3953,-0.1263,-4.0,0.5098,SSG,한화,False,50~55%,오버,언더,False,관망,,시즌 초반
2026,2026-04-07,20260407KTLT0,사직,KT,롯데,7.0,5.2791,-1.7209,3.0,4.8497,1.8497,1.7853,10.0,10.1287,0.1287,0.1287,-0.4294,-4.0,0.4526,KT,KT,True,50~55%,오버,오버,True,관망,,시즌 초반
2026,2026-04-07,20260407LGNC0,창원,LG,NC,2.0,4.4452,2.4452,0.0,5.0445,5.0445,3.7449,2.0,9.4897,7.4897,7.4897,0.5993,-2.0,0.6429,NC,LG,False,60~65%,오버,언더,False,LG +2.5,1.0,시즌 초반
2026,2026-04-07,20260407SSHT0,광주,삼성,KIA,10.0,5.0702,-4.9298,3.0,4.2883,1.2883,3.109,13.0,9.3585,-3.6415,3.6415,-0.7819,-7.0,0.3878,삼성,삼성,True,60~65%,오버,오버,True,KIA +2.5,0.0,시즌 초반
2026,2026-04-07,20260407WOOB0,잠실,키움,두산,5.0,5.7503,0.7503,2.0,5.0076,3.0076,1.879,7.0,10.758,3.758,3.758,-0.7427,-3.0,0.3948,키움,키움,True,60~65%,오버,언더,False,두산 +2.5,0.0,시즌 초반
2026,2026-04-08,20260408HHSK0,문학,한화,SSG,4.0,5.5701,1.5701,3.0,5.0228,2.0228,1.7964,7.0,10.5929,3.5929,3.5929,-0.5473,-1.0,0.4306,한화,한화,True,55~60%,오버,언더,False,SSG +2.5,1.0,시즌 초반
2026,2026-04-08,20260408KTLT0,사직,KT,롯데,1.0,5.2791,4.2791,6.0,4.7417,-1.2583,2.7687,7.0,10.0207,3.0207,3.0207,-0.5374,5.0,0.4325,KT,롯데,False,55~60%,오버,언더,False,롯데 +2.5,1.0,시즌 초반
2026,2026-04-08,20260408LGNC0,창원,LG,NC,5.0,4.3985,-0.6015,4.0,4.9646,0.9646,0.783,9.0,9.3631,0.3631,0.3631,0.5661,-1.0,0.6371,NC,LG,False,60~65%,오버,오버,True,LG +2.5,1.0,시즌 초반
2026,2026-04-08,20260408SSHT0,광주,삼성,KIA,5.0,5.2694,0.2694,15.0,4.39,-10.61,5.4397,20.0,9.6594,-10.3406,10.3406,-0.8794,10.0,0.3704,삼성,KIA,False,60~65%,오버,오버,True,KIA +2.5,1.0,시즌 초반
2026,2026-04-08,20260408WOOB0,잠실,키움,두산,3.0,5.4228,2.4228,7.0,5.3028,-1.6972,2.06,10.0,10.7256,0.7256,0.7256,-0.1199,4.0,0.511,두산,두산,True,50~55%,오버,오버,True,관망,,시즌 초반
2026,2026-04-10,20260410HTHH0,대전,KIA,한화,6.0,4.9434,-1.0566,5.0,5.3578,0.3578,0.7072,11.0,10.3011,-0.6989,0.6989,0.4144,-1.0,0.6102,한화,KIA,False,60~65%,오버,오버,True,관망,,시즌 초반
2026,2026-04-10,20260410LTWO0,고척,롯데,키움,3.0,5.3951,2.3951,1.0,5.5009,4.5009,3.448,4.0,10.896,6.896,6.896,0.1057,-2.0,0.5534,키움,롯데,False,55~60%,오버,언더,False,관망,,시즌 초반
2026,2026-04-10,20260410NCSS0,대구,NC,삼성,5.0,4.7884,-0.2116,8.0,4.6474,-3.3526,1.7821,13.0,9.4358,-3.5642,3.5642,-0.141,3.0,0.507,삼성,삼성,True,50~55%,오버,오버,True,관망,,시즌 초반
2026,2026-04-10,20260410OBKT0,수원,두산,KT,8.0,4.5503,-3.4497,7.0,5.2553,-1.7447,2.5972,15.0,9.8055,-5.1945,5.1945,0.705,-1.0,0.661,KT,두산,False,65% 이상,오버,오버,True,두산 +2.5,1.0,시즌 초반
2026,2026-04-10,20260410SKLG0,잠실,SSG,LG,2.0,5.1943,3.1943,10.0,4.4788,-5.5212,4.3577,12.0,9.6731,-2.3269,2.3269,-0.7155,8.0,0.3998,SSG,LG,False,60~65%,오버,오버,True,LG +2.5,1.0,시즌 초반
2026,2026-04-11,20260411HTHH0,대전,KIA,한화,6.0,4.8829,-1.1171,5.0,5.3243,0.3243,0.7207,11.0,10.2072,-0.7928,0.7928,0.4415,-1.0,0.615,한화,KIA,False,60~65%,오버,오버,True,관망,,시즌 초반
2026,2026-04-11,20260411LTWO0,고척,롯데,키움,3.0,5.1384,2.1384,1.0,5.3568,4.3568,3.2476,4.0,10.4952,6.4952,6.4952,0.2184,-2.0,0.5744,키움,롯데,False,55~60%,오버,언더,False,관망,,시즌 초반
2026,2026-04-11,20260411NCSS0,대구,NC,삼성,4.0,4.9997,0.9997,5.0,4.853,-0.147,0.5734,9.0,9.8528,0.8528,0.8528,-0.1467,1.0,0.5059,삼성,삼성,True,50~55%,오버,오버,True,관망,,시즌 초반
2026,2026-04-11,20260411OBKT0,수원,두산,KT,4.0,5.1402,1.1402,6.0,5.3333,-0.6667,0.9034,10.0,10.4735,0.4735,0.4735,0.1932,2.0,0.5697,KT,KT,True,55~60%,오버,오버,True,관망,,시즌 초반
2026,2026-04-11,20260411SKLG0,잠실,SSG,LG,3.0,4.7969,1.7969,4.0,4.9689,0.9689,1.3829,7.0,9.7658,2.7658,2.7658,0.172,1.0,0.5658,LG,LG,True,55~60%,오버,언더,False,관망,,시즌 초반
2026,2026-04-12,20260412HTHH0,대전,KIA,한화,9.0,4.9469,-4.0531,3.0,5.1958,2.1958,3.1245,12.0,10.1428,-1.8572,1.8572,0.2489,-6.0,0.58,한화,KIA,False,55~60%,오버,오버,True,관망,,시즌 초반
2026,2026-04-12,20260412LTWO0,고척,롯데,키움,0.0,4.9845,4.9845,2.0,4.8613,2.8613,3.9229,2.0,9.8458,7.8458,7.8458,-0.1233,2.0,0.5104,키움,키움,True,50~55%,오버,언더,False,관망,,시즌 초반
2026,2026-04-12,20260412NCSS0,대구,NC,삼성,3.0,4.9572,1.9572,9.0,4.7991,-4.2009,3.0791,12.0,9.7563,-2.2437,2.2437,-0.1581,6.0,0.5038,삼성,삼성,True,50~55%,오버,오버,True,관망,,시즌 초반
2026,2026-04-12,20260412OBKT0,수원,두산,KT,1.0,4.7428,3.7428,6.0,5.3333,-0.6667,2.2047,7.0,10.0761,3.0761,3.0761,0.5905,5.0,0.6413,KT,KT,True,60~65%,오버,언더,False,두산 +2.5,0.0,시즌 초반
2026,2026-04-12,20260412SKLG0,잠실,SSG,LG,1.0,4.7561,3.7561,9.0,4.7558,-4.2442,4.0002,10.0,9.5119,-0.4881,0.4881,-0.0003,8.0,0.5335,LG,LG,True,50~55%,오버,오버,True,관망,,시즌 초반
2026,2026-04-14,20260414KTNC0,창원,KT,NC,4.0,4.821,0.821,7.0,4.7695,-2.2305,1.5258,11.0,9.5905,-1.4095,1.4095,-0.0515,3.0,0.5239,NC,NC,True,50~55%,오버,오버,True,관망,,시즌 초반
2026,2026-04-14,20260414LTLG0,잠실,롯데,LG,1.0,4.2219,3.2219,2.0,4.8936,2.8936,3.0578,3.0,9.1155,6.1155,6.1155,0.6717,1.0,0.6553,LG,LG,True,65% 이상,오버,언더,False,롯데 +2.5,1.0,시즌 초반
2026,2026-04-14,20260414OBSK0,문학,두산,SSG,11.0,4.5745,-6.4255,3.0,5.6994,2.6994,4.5624,14.0,10.2739,-3.7261,3.7261,1.1249,-8.0,0.7282,SSG,두산,False,65% 이상,오버,오버,True,두산 +2.5,1.0,시즌 초반
2026,2026-04-14,20260414SSHH0,대전,삼성,한화,6.0,4.9732,-1.0268,5.0,5.1298,0.1298,0.5783,11.0,10.103,-0.897,0.897,0.1566,-1.0,0.5629,한화,삼성,False,55~60%,오버,오버,True,관망,,시즌 초반
2026,2026-04-14,20260414WOHT0,광주,키움,KIA,2.0,4.5549,2.5549,6.0,5.0808,-0.9192,1.737,8.0,9.6357,1.6357,1.6357,0.526,4.0,0.63,KIA,KIA,True,60~65%,오버,언더,False,키움 +2.5,0.0,시즌 초반
2026,2026-04-15,20260415KTNC0,창원,KT,NC,10.0,4.8396,-5.1604,2.0,4.9298,2.9298,4.0451,12.0,9.7694,-2.2306,2.2306,0.0902,-8.0,0.5505,NC,KT,False,55~60%,오버,오버,True,관망,,시즌 초반
2026,2026-04-15,20260415LTLG0,잠실,롯데,LG,2.0,4.3739,2.3739,0.0,5.177,5.177,3.7754,2.0,9.5509,7.5509,7.5509,0.8032,-2.0,0.6774,LG,롯데,False,65% 이상,오버,언더,False,롯데 +2.5,1.0,시즌 초반
2026,2026-04-15,20260415OBSK0,문학,두산,SSG,0.0,5.2948,5.2948,6.0,5.5116,-0.4884,2.8916,6.0,10.8064,4.8064,4.8064,0.2168,6.0,0.5741,SSG,SSG,True,55~60%,오버,언더,False,관망,,시즌 초반
2026,2026-04-15,20260415SSHH0,대전,삼성,한화,13.0,4.9981,-8.0019,5.0,5.2571,0.2571,4.1295,18.0,10.2552,-7.7448,7.7448,0.259,-8.0,0.5819,한화,삼성,False,55~60%,오버,오버,True,관망,,시즌 초반
2026,2026-04-15,20260415WOHT0,광주,키움,KIA,5.0,4.4595,-0.5405,7.0,5.245,-1.755,1.1478,12.0,9.7045,-2.2955,2.2955,0.7855,2.0,0.6745,KIA,KIA,True,65% 이상,오버,오버,True,키움 +2.5,1.0,시즌 초반
2026,2026-04-16,20260416KTNC0,창원,KT,NC,4.0,5.0576,1.0576,3.0,4.6674,1.6674,1.3625,7.0,9.7249,2.7249,2.7249,-0.3902,-1.0,0.46,KT,KT,True,50~55%,오버,언더,False,관망,,시즌 초반
2026,2026-04-16,20260416LTLG0,잠실,롯데,LG,4.0,4.3373,0.3373,7.0,4.962,-2.038,1.1876,11.0,9.2993,-1.7007,1.7007,0.6248,3.0,0.6473,LG,LG,True,60~65%,오버,오버,True,롯데 +2.5,0.0,시즌 초반
2026,2026-04-16,20260416OBSK0,문학,두산,SSG,1.0,4.7478,3.7478,2.0,5.5412,3.5412,3.6445,3.0,10.289,7.289,7.289,0.7934,1.0,0.6758,SSG,SSG,True,65% 이상,오버,언더,False,두산 +2.5,1.0,시즌 초반
2026,2026-04-16,20260416SSHH0,대전,삼성,한화,6.0,5.3071,-0.6929,1.0,6.1292,5.1292,2.9111,7.0,11.4363,4.4363,4.4363,0.8222,-5.0,0.6806,한화,삼성,False,65% 이상,오버,언더,False,삼성 +2.5,1.0,시즌 중반
2026,2026-04-16,20260416WOHT0,광주,키움,KIA,1.0,4.4633,3.4633,5.0,5.0711,0.0711,1.7672,6.0,9.5345,3.5345,3.5345,0.6078,4.0,0.6443,KIA,KIA,True,60~65%,오버,언더,False,키움 +2.5,0.0,시즌 중반
2026,2026-04-17,20260417HTOB0,잠실,KIA,두산,7.0,5.1961,-1.8039,3.0,4.5208,1.5208,1.6623,10.0,9.7169,-0.2831,0.2831,-0.6753,-4.0,0.4071,KIA,KIA,True,55~60%,오버,오버,True,두산 +2.5,0.0,시즌 중반
2026,2026-04-17,20260417WOKT0,수원,키움,KT,0.0,4.4891,4.4891,5.0,5.0302,0.0302,2.2597,5.0,9.5193,4.5193,4.5193,0.5412,5.0,0.6327,KT,KT,True,60~65%,오버,언더,False,키움 +2.5,0.0,시즌 중반
2026,2026-04-18,20260418HHLT0,사직,한화,롯데,5.0,5.6725,0.6725,0.0,4.4681,4.4681,2.5703,5.0,10.1406,5.1406,5.1406,-1.2044,-5.0,0.3151,한화,한화,True,65% 이상,오버,언더,False,롯데 +2.5,0.0,시즌 중반
2026,2026-04-18,20260418HTOB0,잠실,KIA,두산,4.0,5.5108,1.5108,5.0,4.5161,-0.4839,0.9974,9.0,10.0269,1.0269,1.0269,-0.9947,1.0,0.3503,KIA,두산,False,60~65%,오버,오버,True,두산 +2.5,1.0,시즌 중반
2026,2026-04-18,20260418LGSS0,대구,LG,삼성,2.0,4.6619,2.6619,7.0,5.3104,-1.6896,2.1758,9.0,9.9723,0.9723,0.9723,0.6484,5.0,0.6514,삼성,삼성,True,65% 이상,오버,오버,True,LG +2.5,0.0,시즌 중반
2026,2026-04-18,20260418SKNC0,창원,SSG,NC,11.0,5.1656,-5.8344,3.0,5.2091,2.2091,4.0217,14.0,10.3747,-3.6253,3.6253,0.0434,-8.0,0.5418,NC,SSG,False,50~55%,오버,오버,True,관망,,시즌 중반
2026,2026-04-18,20260418WOKT0,수원,키움,KT,2.0,4.6408,2.6408,4.0,5.0591,1.0591,1.8499,6.0,9.6999,3.6999,3.6999,0.4184,2.0,0.6109,KT,KT,True,60~65%,오버,언더,False,관망,,시즌 중반
2026,2026-04-19,20260419HHLT0,사직,한화,롯데,9.0,5.554,-3.446,1.0,4.6602,3.6602,3.5531,10.0,10.2141,0.2141,0.2141,-0.8938,-8.0,0.3679,한화,한화,True,60~65%,오버,오버,True,롯데 +2.5,0.0,시즌 중반
2026,2026-04-19,20260419HTOB0,잠실,KIA,두산,3.0,5.0819,2.0819,6.0,4.4998,-1.5002,1.7911,9.0,9.5816,0.5816,0.5816,-0.5821,3.0,0.4242,KIA,두산,False,55~60%,오버,오버,True,두산 +2.5,1.0,시즌 중반
2026,2026-04-19,20260419LGSS0,대구,LG,삼성,5.0,4.5053,-0.4947,0.0,5.2963,5.2963,2.8955,5.0,9.8016,4.8016,4.8016,0.791,-5.0,0.6754,삼성,LG,False,65% 이상,오버,언더,False,LG +2.5,1.0,시즌 중반
2026,2026-04-19,20260419SKNC0,창원,SSG,NC,2.0,5.1681,3.1681,9.0,4.9355,-4.0645,3.6163,11.0,10.1035,-0.8965,0.8965,-0.2326,7.0,0.4897,SSG,NC,False,50~55%,오버,오버,True,관망,,시즌 중반
2026,2026-04-19,20260419WOKT0,수원,키움,KT,3.0,4.5719,1.5719,1.0,5.1759,4.1759,2.8739,4.0,9.7478,5.7478,5.7478,0.604,-2.0,0.6437,KT,키움,False,60~65%,오버,언더,False,키움 +2.5,1.0,시즌 중반
2026,2026-04-21,20260421HHLG0,잠실,한화,LG,5.0,4.7709,-0.2291,6.0,4.7142,-1.2858,0.7574,11.0,9.4851,-1.5149,1.5149,-0.0567,1.0,0.5229,LG,LG,True,50~55%,오버,오버,True,관망,,시즌 중반
2026,2026-04-21,20260421HTKT0,수원,KIA,KT,5.0,4.8301,-0.1699,6.0,5.1355,-0.8645,0.5172,11.0,9.9656,-1.0344,1.0344,0.3054,1.0,0.5904,KT,KT,True,55~60%,오버,오버,True,관망,,시즌 중반
2026,2026-04-21,20260421NCWO0,고척,NC,키움,1.0,5.0089,4.0089,2.0,4.2977,2.2977,3.1533,3.0,9.3066,6.3066,6.3066,-0.7111,1.0,0.4006,NC,키움,False,55~60%,오버,언더,False,키움 +2.5,1.0,시즌 중반
2026,2026-04-21,20260421OBLT0,사직,두산,롯데,6.0,4.779,-1.221,2.0,4.761,2.761,1.991,8.0,9.54,1.54,1.54,-0.018,-4.0,0.5302,롯데,두산,False,50~55%,오버,언더,False,관망,,시즌 중반
2026,2026-04-21,20260421SKSS0,대구,SSG,삼성,5.0,4.8965,-0.1035,4.0,5.1621,1.1621,0.6328,9.0,10.0586,1.0586,1.0586,0.2657,-1.0,0.5831,삼성,SSG,False,55~60%,오버,오버,True,관망,,시즌 중반
2026,2026-04-22,20260422HHLG0,잠실,한화,LG,0.0,5.2974,5.2974,3.0,4.7806,1.7806,3.539,3.0,10.0781,7.0781,7.0781,-0.5168,3.0,0.4363,한화,LG,False,55~60%,오버,언더,False,LG +2.5,1.0,시즌 중반
2026,2026-04-22,20260422HTKT0,수원,KIA,KT,3.0,4.7758,1.7758,8.0,5.1793,-2.8207,2.2983,11.0,9.9551,-1.0449,1.0449,0.4034,5.0,0.6082,KT,KT,True,60~65%,오버,오버,True,관망,,시즌 중반
2026,2026-04-22,20260422NCWO0,고척,NC,키움,0.0,4.9558,4.9558,3.0,4.4085,1.4085,3.1822,3.0,9.3643,6.3643,6.3643,-0.5473,3.0,0.4306,NC,키움,False,55~60%,오버,언더,False,키움 +2.5,1.0,시즌 중반
2026,2026-04-22,20260422OBLT0,사직,두산,롯데,9.0,4.7977,-4.2023,1.0,4.8855,3.8855,4.0439,10.0,9.6831,-0.3169,0.3169,0.0878,-8.0,0.5501,롯데,두산,False,55~60%,오버,오버,True,관망,,시즌 중반
2026,2026-04-22,20260422SKSS0,대구,SSG,삼성,3.0,4.9756,1.9756,2.0,5.199,3.199,2.5873,5.0,10.1746,5.1746,5.1746,0.2234,-1.0,0.5753,삼성,SSG,False,55~60%,오버,언더,False,관망,,시즌 중반
2026,2026-04-23,20260423HHLG0,잠실,한화,LG,8.0,5.2298,-2.7702,4.0,4.9023,0.9023,1.8363,12.0,10.1321,-1.8679,1.8679,-0.3275,-4.0,0.4718,한화,한화,True,50~55%,오버,오버,True,관망,,시즌 중반
2026,2026-04-23,20260423HTKT0,수원,KIA,KT,3.0,4.7868,1.7868,8.0,5.3285,-2.6715,2.2291,11.0,10.1153,-0.8847,0.8847,0.5418,5.0,0.6328,KT,KT,True,60~65%,오버,오버,True,KIA +2.5,0.0,시즌 중반
2026,2026-04-23,20260423NCWO0,고척,NC,키움,12.0,4.9928,-7.0072,2.0,4.4334,2.4334,4.7203,14.0,9.4262,-4.5738,4.5738,-0.5594,-10.0,0.4284,NC,NC,True,55~60%,오버,오버,True,키움 +2.5,0.0,시즌 중반
2026,2026-04-23,20260423OBLT0,사직,두산,롯데,1.0,4.7836,3.7836,6.0,4.6829,-1.3171,2.5504,7.0,9.4665,2.4665,2.4665,-0.1008,5.0,0.5146,롯데,롯데,True,50~55%,오버,언더,False,관망,,시즌 중반
2026,2026-04-23,20260423SKSS0,대구,SSG,삼성,8.0,4.9146,-3.0854,2.0,5.1236,3.1236,3.1045,10.0,10.0382,0.0382,0.0382,0.209,-6.0,0.5726,삼성,SSG,False,55~60%,오버,오버,True,관망,,시즌 중반
2026,2026-04-24,20260424KTSK0,문학,KT,SSG,0.0,5.3342,5.3342,5.0,4.841,-0.159,2.7466,5.0,10.1752,5.1752,5.1752,-0.4931,5.0,0.4407,KT,SSG,False,55~60%,오버,언더,False,관망,,시즌 중반
2026,2026-04-24,20260424LGOB0,잠실,LG,두산,4.0,4.7419,0.7419,1.0,4.4445,3.4445,2.0932,5.0,9.1864,4.1864,4.1864,-0.2974,-3.0,0.4774,LG,LG,True,50~55%,오버,언더,False,관망,,시즌 중반
2026,2026-04-24,20260424LTHT0,광주,롯데,KIA,0.0,4.6253,4.6253,4.0,5.3404,1.3404,2.9829,4.0,9.9658,5.9658,5.9658,0.7151,4.0,0.6627,KIA,KIA,True,65% 이상,오버,언더,False,롯데 +2.5,0.0,시즌 중반
2026,2026-04-24,20260424NCHH0,대전,NC,한화,7.0,5.1892,-1.8108,3.0,5.0876,2.0876,1.9492,10.0,10.2768,0.2768,0.2768,-0.1016,-4.0,0.5145,한화,NC,False,50~55%,오버,오버,True,관망,,시즌 중반
2026,2026-04-24,20260424SSWO0,고척,삼성,키움,4.0,5.2851,1.2851,6.0,4.6364,-1.3636,1.3244,10.0,9.9215,-0.0785,0.0785,-0.6487,2.0,0.4119,삼성,키움,False,55~60%,오버,오버,True,키움 +2.5,1.0,시즌 중반
2026,2026-04-25,20260425KTSK0,문학,KT,SSG,1.0,5.0647,4.0647,3.0,4.8157,1.8157,2.9402,4.0,9.8804,5.8804,5.8804,-0.249,2.0,0.4866,KT,SSG,False,50~55%,오버,언더,False,관망,,시즌 중반
2026,2026-04-25,20260425LGOB0,잠실,LG,두산,7.0,4.6809,-2.3191,5.0,4.3666,-0.6334,1.4763,12.0,9.0475,-2.9525,2.9525,-0.3143,-2.0,0.4743,LG,LG,True,50~55%,오버,오버,True,관망,,시즌 중반
2026,2026-04-25,20260425LTHT0,광주,롯데,KIA,3.0,4.2712,1.2712,4.0,5.2596,1.2596,1.2654,7.0,9.5308,2.5308,2.5308,0.9884,1.0,0.7073,KIA,KIA,True,65% 이상,오버,언더,False,롯데 +2.5,1.0,시즌 중반
2026,2026-04-25,20260425NCHH0,대전,NC,한화,1.0,5.1999,4.1999,8.0,5.1128,-2.8872,3.5435,9.0,10.3127,1.3127,1.3127,-0.0871,7.0,0.5172,한화,한화,True,50~55%,오버,오버,True,관망,,시즌 중반
2026,2026-04-25,20260425SSWO0,고척,삼성,키움,2.0,5.3438,3.3438,4.0,4.4116,0.4116,1.8777,6.0,9.7554,3.7554,3.7554,-0.9322,2.0,0.3612,삼성,키움,False,60~65%,오버,언더,False,키움 +2.5,1.0,시즌 중반
2026,2026-04-26,20260426KTSK0,문학,KT,SSG,12.0,5.1686,-6.8314,2.0,4.8922,2.8922,4.8618,14.0,10.0608,-3.9392,3.9392,-0.2764,-10.0,0.4814,KT,KT,True,50~55%,오버,오버,True,관망,,시즌 중반
2026,2026-04-26,20260426LGOB0,잠실,LG,두산,3.0,4.8444,1.8444,4.0,4.3666,0.3666,1.1055,7.0,9.211,2.211,2.211,-0.4779,1.0,0.4436,LG,두산,False,55~60%,오버,언더,False,관망,,시즌 중반
2026,2026-04-26,20260426NCHH0,대전,NC,한화,5.0,5.1558,0.1558,3.0,5.2246,2.2246,1.1902,8.0,10.3804,2.3804,2.3804,0.0688,-2.0,0.5465,한화,NC,False,50~55%,오버,언더,False,관망,,시즌 중반
2026,2026-04-26,20260426SSWO0,고척,삼성,키움,0.0,5.2115,5.2115,2.0,4.6018,2.6018,3.9066,2.0,9.8132,7.8132,7.8132,-0.6097,2.0,0.4191,삼성,키움,False,55~60%,오버,언더,False,키움 +2.5,1.0,시즌 중반
2026,2026-04-28,20260428HTNC0,창원,KIA,NC,4.0,4.6798,0.6798,5.0,4.5378,-0.4622,0.571,9.0,9.2177,0.2177,0.2177,-0.142,1.0,0.5068,NC,NC,True,50~55%,오버,오버,True,관망,,시즌 중반
2026,2026-04-28,20260428LGKT0,수원,LG,KT,5.0,4.3424,-0.6576,6.0,4.7932,-1.2068,0.9322,11.0,9.1356,-1.8644,1.8644,0.4508,1.0,0.6167,KT,KT,True,60~65%,오버,오버,True,관망,,시즌 중반
2026,2026-04-28,20260428SKHH0,대전,SSG,한화,6.0,5.3834,-0.6166,7.0,5.0834,-1.9166,1.2666,13.0,10.4669,-2.5331,2.5331,-0.3,1.0,0.477,SSG,한화,False,50~55%,오버,오버,True,관망,,시즌 중반
2026,2026-04-28,20260428SSOB0,잠실,삼성,두산,5.0,5.2236,0.2236,4.0,4.5175,0.5175,0.3706,9.0,9.7411,0.7411,0.7411,-0.7061,-1.0,0.4015,삼성,삼성,True,55~60%,오버,오버,True,두산 +2.5,1.0,시즌 중반
2026,2026-04-28,20260428WOLT0,사직,키움,롯데,4.0,4.5615,0.5615,5.0,4.679,-0.321,0.4412,9.0,9.2404,0.2404,0.2404,0.1175,1.0,0.5556,롯데,롯데,True,55~60%,오버,오버,True,관망,,시즌 중반
2026,2026-04-29,20260429HTNC0,창원,KIA,NC,9.0,4.6375,-4.3625,4.0,4.8102,0.8102,2.5863,13.0,9.4478,-3.5522,3.5522,0.1727,-5.0,0.5659,NC,KIA,False,55~60%,오버,오버,True,관망,,시즌 중반
2026,2026-04-29,20260429LGKT0,수원,LG,KT,4.0,4.5885,0.5885,5.0,4.8886,-0.1114,0.3499,9.0,9.4771,0.4771,0.4771,0.3002,1.0,0.5894,KT,KT,True,55~60%,오버,오버,True,관망,,시즌 중반
2026,2026-04-29,20260429SKHH0,대전,SSG,한화,6.0,5.3988,-0.6012,1.0,5.1637,4.1637,2.3824,7.0,10.5625,3.5625,3.5625,-0.2351,-5.0,0.4892,SSG,SSG,True,50~55%,오버,언더,False,관망,,시즌 중반
2026,2026-04-29,20260429SSOB0,잠실,삼성,두산,0.0,5.1607,5.1607,4.0,4.5191,0.5191,2.8399,4.0,9.6798,5.6798,5.6798,-0.6416,4.0,0.4132,삼성,두산,False,55~60%,오버,언더,False,두산 +2.5,1.0,시즌 중반
2026,2026-04-29,20260429WOLT0,사직,키움,롯데,6.0,4.8597,-1.1403,5.0,4.6797,-0.3203,0.7303,11.0,9.5393,-1.4607,1.4607,-0.18,-1.0,0.4996,키움,키움,True,50~55%,오버,오버,True,관망,,시즌 중반
2026,2026-04-30,20260430HTNC0,창원,KIA,NC,2.0,4.9698,2.9698,7.0,5.0128,-1.9872,2.4785,9.0,9.9826,0.9826,0.9826,0.043,5.0,0.5417,NC,NC,True,50~55%,오버,오버,True,관망,,시즌 중반
2026,2026-04-30,20260430LGKT0,수원,LG,KT,6.0,4.4778,-1.5222,5.0,4.8606,-0.1394,0.8308,11.0,9.3385,-1.6615,1.6615,0.3828,-1.0,0.6045,KT,LG,False,60~65%,오버,오버,True,관망,,시즌 중반
2026,2026-04-30,20260430SKHH0,대전,SSG,한화,14.0,5.3127,-8.6873,3.0,5.2175,2.2175,5.4524,17.0,10.5301,-6.4699,6.4699,-0.0952,-11.0,0.5157,한화,SSG,False,50~55%,오버,오버,True,관망,,시즌 중반
2026,2026-04-30,20260430SSOB0,잠실,삼성,두산,5.0,5.0185,0.0185,8.0,4.4316,-3.5684,1.7934,13.0,9.4502,-3.5498,3.5498,-0.5869,3.0,0.4233,삼성,두산,False,55~60%,오버,오버,True,두산 +2.5,1.0,시즌 중반
2026,2026-04-30,20260430WOLT0,사직,키움,롯데,1.0,4.5785,3.5785,3.0,4.679,1.679,2.6288,4.0,9.2575,5.2575,5.2575,0.1004,2.0,0.5525,롯데,롯데,True,55~60%,오버,언더,False,관망,,시즌 중반
2026,2026-05-01,20260501HHSS0,대구,한화,삼성,3.0,5.5698,2.5698,4.0,5.1489,1.1489,1.8594,7.0,10.7187,3.7187,3.7187,-0.4209,1.0,0.4542,한화,삼성,False,50~55%,오버,언더,False,관망,,시즌 중반
2026,2026-05-01,20260501KTHT0,광주,KT,KIA,4.0,5.371,1.371,3.0,4.8608,1.8608,1.6159,7.0,10.2318,3.2318,3.2318,-0.5101,-1.0,0.4375,KT,KT,True,55~60%,오버,언더,False,KIA +2.5,1.0,시즌 중반
2026,2026-05-01,20260501LTSK0,문학,롯데,SSG,10.0,4.4381,-5.5619,7.0,5.1864,-1.8136,3.6878,17.0,9.6245,-7.3755,7.3755,0.7483,-3.0,0.6683,SSG,롯데,False,65% 이상,오버,오버,True,롯데 +2.5,1.0,시즌 중반
2026,2026-05-01,20260501NCLG0,잠실,NC,LG,1.0,4.476,3.476,5.0,4.5678,-0.4322,1.9541,6.0,9.0437,3.0437,3.0437,0.0918,4.0,0.5508,LG,LG,True,55~60%,오버,언더,False,관망,,시즌 중반
2026,2026-05-01,20260501OBWO0,고척,두산,키움,16.0,4.8919,-11.1081,6.0,4.6316,-1.3684,6.2382,22.0,9.5235,-12.4765,12.4765,-0.2603,-10.0,0.4844,두산,두산,True,50~55%,오버,오버,True,관망,,시즌 중반
2026,2026-05-02,20260502HHSS0,대구,한화,삼성,13.0,5.5122,-7.4878,3.0,5.3222,2.3222,4.905,16.0,10.8344,-5.1656,5.1656,-0.1901,-10.0,0.4977,한화,한화,True,50~55%,오버,오버,True,관망,,시즌 중반
2026,2026-05-02,20260502KTHT0,광주,KT,KIA,0.0,5.3941,5.3941,6.0,4.785,-1.215,3.3045,6.0,10.179,4.179,4.179,-0.6091,6.0,0.4192,KT,KIA,False,55~60%,오버,언더,False,KIA +2.5,1.0,시즌 중반
2026,2026-05-02,20260502LTSK0,문학,롯데,SSG,7.0,4.1474,-2.8526,5.0,5.4333,0.4333,1.643,12.0,9.5807,-2.4193,2.4193,1.286,-2.0,0.7516,SSG,롯데,False,65% 이상,오버,오버,True,롯데 +2.5,1.0,시즌 중반
2026,2026-05-02,20260502NCLG0,잠실,NC,LG,5.0,4.4982,-0.5018,13.0,4.7271,-8.2729,4.3873,18.0,9.2253,-8.7747,8.7747,0.2288,8.0,0.5763,LG,LG,True,55~60%,오버,오버,True,관망,,시즌 중반
2026,2026-05-02,20260502OBWO0,고척,두산,키움,2.0,5.2883,3.2883,4.0,4.6226,0.6226,1.9554,6.0,9.9109,3.9109,3.9109,-0.6656,2.0,0.4088,두산,키움,False,55~60%,오버,언더,False,키움 +2.5,1.0,시즌 중반
2026,2026-05-03,20260503HHSS0,대구,한화,삼성,6.0,5.3076,-0.6924,7.0,5.2715,-1.7285,1.2105,13.0,10.579,-2.421,2.421,-0.0361,1.0,0.5268,삼성,삼성,True,50~55%,오버,오버,True,관망,,시즌 중반
2026,2026-05-03,20260503KTHT0,광주,KT,KIA,6.0,5.4176,-0.5824,4.0,4.6659,0.6659,0.6241,10.0,10.0835,0.0835,0.0835,-0.7518,-2.0,0.3932,KT,KT,True,60~65%,오버,오버,True,KIA +2.5,1.0,시즌 중반
2026,2026-05-03,20260503LTSK0,문학,롯데,SSG,5.0,4.5222,-0.4778,2.0,5.3977,3.3977,1.9378,7.0,9.9199,2.9199,2.9199,0.8756,-3.0,0.6893,SSG,롯데,False,65% 이상,오버,언더,False,롯데 +2.5,1.0,시즌 중반
2026,2026-05-03,20260503NCLG0,잠실,NC,LG,10.0,4.386,-5.614,3.0,4.9298,1.9298,3.7719,13.0,9.3158,-3.6842,3.6842,0.5437,-7.0,0.6332,LG,NC,False,60~65%,오버,오버,True,NC +2.5,1.0,시즌 중반
2026,2026-05-03,20260503OBWO0,고척,두산,키움,14.0,5.2825,-8.7175,3.0,4.7141,1.7141,5.2158,17.0,9.9966,-7.0034,7.0034,-0.5684,-11.0,0.4267,두산,두산,True,55~60%,오버,오버,True,키움 +2.5,0.0,시즌 중반
2026,2026-05-05,20260505HHHT0,광주,한화,KIA,7.0,5.2483,-1.7517,12.0,5.3363,-6.6637,4.2077,19.0,10.5846,-8.4154,8.4154,0.088,5.0,0.5501,KIA,KIA,True,55~60%,오버,오버,True,관망,,시즌 중반
2026,2026-05-05,20260505LTKT0,수원,롯데,KT,4.0,4.3713,0.3713,5.0,5.4604,0.4604,0.4159,9.0,9.8317,0.8317,0.8317,1.089,1.0,0.7228,KT,KT,True,65% 이상,오버,오버,True,롯데 +2.5,1.0,시즌 중반
2026,2026-05-05,20260505OBLG0,잠실,두산,LG,1.0,5.0515,4.0515,2.0,4.9613,2.9613,3.5064,3.0,10.0128,7.0128,7.0128,-0.0902,1.0,0.5166,LG,LG,True,50~55%,오버,언더,False,관망,,시즌 중반
2026,2026-05-05,20260505WOSS0,대구,키움,삼성,1.0,4.6295,3.6295,11.0,5.9072,-5.0928,4.3611,12.0,10.5368,-1.4632,1.4632,1.2777,10.0,0.7504,삼성,삼성,True,65% 이상,오버,오버,True,키움 +2.5,0.0,시즌 중반
2026,2026-05-06,20260506HHHT0,광주,한화,KIA,7.0,5.3226,-1.6774,2.0,5.3195,3.3195,2.4984,9.0,10.642,1.642,1.642,-0.0031,-5.0,0.533,KIA,한화,False,50~55%,오버,오버,True,관망,,시즌 후반
2026,2026-05-06,20260506LTKT0,수원,롯데,KT,8.0,4.3713,-3.6287,1.0,5.4604,4.4604,4.0445,9.0,9.8317,0.8317,0.8317,1.089,-7.0,0.7228,KT,롯데,False,65% 이상,오버,오버,True,롯데 +2.5,1.0,시즌 후반
2026,2026-05-06,20260506NCSK0,문학,NC,SSG,6.0,4.9714,-1.0286,7.0,4.9597,-2.0403,1.5345,13.0,9.9311,-3.0689,3.0689,-0.0116,1.0,0.5314,SSG,SSG,True,50~55%,오버,오버,True,관망,,시즌 후반
2026,2026-05-06,20260506OBLG0,잠실,두산,LG,1.0,5.0258,4.0258,6.0,4.948,-1.052,2.5389,7.0,9.9738,2.9738,2.9738,-0.0778,5.0,0.5189,LG,LG,True,50~55%,오버,언더,False,관망,,시즌 후반
2026,2026-05-06,20260506WOSS0,대구,키움,삼성,1.0,4.434,3.434,2.0,5.7334,3.7334,3.5837,3.0,10.1674,7.1674,7.1674,1.2994,1.0,0.7535,삼성,삼성,True,65% 이상,오버,언더,False,키움 +2.5,1.0,시즌 후반
2026,2026-05-07,20260507HHHT0,광주,한화,KIA,11.0,5.331,-5.669,8.0,5.2884,-2.7116,4.1903,19.0,10.6194,-8.3806,8.3806,-0.0426,-3.0,0.5256,KIA,한화,False,50~55%,오버,오버,True,관망,,시즌 후반
2026,2026-05-07,20260507NCSK0,문학,NC,SSG,10.0,5.0959,-4.9041,5.0,5.4048,0.4048,2.6545,15.0,10.5006,-4.4994,4.4994,0.3089,-5.0,0.591,SSG,NC,False,55~60%,오버,오버,True,관망,,시즌 후반
2026,2026-05-07,20260507OBLG0,잠실,두산,LG,3.0,4.5223,1.5223,2.0,4.8198,2.8198,2.171,5.0,9.342,4.342,4.342,0.2975,-1.0,0.5889,LG,두산,False,55~60%,오버,언더,False,관망,,시즌 후반
2026,2026-05-07,20260507WOSS0,대구,키움,삼성,0.0,4.318,4.318,6.0,6.0119,0.0119,2.1649,6.0,10.3299,4.3299,4.3299,1.6939,6.0,0.8047,삼성,삼성,True,65% 이상,오버,언더,False,키움 +2.5,0.0,시즌 후반
2026,2026-05-08,20260508HTLT0,사직,KIA,롯데,8.0,5.2879,-2.7121,2.0,4.8295,2.8295,2.7708,10.0,10.1174,0.1174,0.1174,-0.4584,-6.0,0.4472,KIA,KIA,True,55~60%,오버,오버,True,관망,,시즌 후반
2026,2026-05-08,20260508KTWO0,고척,KT,키움,8.0,5.5672,-2.4328,0.0,4.8379,4.8379,3.6353,8.0,10.4051,2.4051,2.4051,-0.7293,-8.0,0.3973,KT,KT,True,60~65%,오버,언더,False,키움 +2.5,0.0,시즌 후반
2026,2026-05-08,20260508LGHH0,대전,LG,한화,9.0,5.1345,-3.8655,8.0,5.104,-2.896,3.3808,17.0,10.2385,-6.7615,6.7615,-0.0305,-1.0,0.5279,한화,LG,False,50~55%,오버,오버,True,관망,,시즌 후반
2026,2026-05-08,20260508SKOB0,잠실,SSG,두산,4.0,5.2903,1.2903,1.0,5.184,4.184,2.7371,5.0,10.4742,5.4742,5.4742,-0.1063,-3.0,0.5136,두산,SSG,False,50~55%,오버,언더,False,관망,,시즌 후반
2026,2026-05-08,20260508SSNC0,창원,삼성,NC,4.0,5.2291,1.2291,3.0,4.6992,1.6992,1.4641,7.0,9.9283,2.9283,2.9283,-0.5298,-1.0,0.4339,삼성,삼성,True,55~60%,오버,언더,False,NC +2.5,1.0,시즌 후반
2026,2026-05-09,20260509HTLT0,사직,KIA,롯데,3.0,5.2414,2.2414,1.0,4.7867,3.7867,3.0141,4.0,10.0281,6.0281,6.0281,-0.4547,-2.0,0.4479,KIA,KIA,True,55~60%,오버,언더,False,관망,,시즌 후반
2026,2026-05-09,20260509LGHH0,대전,LG,한화,3.0,5.3224,2.3224,11.0,5.1273,-5.8727,4.0975,14.0,10.4497,-3.5503,3.5503,-0.1951,8.0,0.4968,LG,한화,False,50~55%,오버,오버,True,관망,,시즌 후반
2026,2026-05-09,20260509SKOB0,잠실,SSG,두산,4.0,5.2411,1.2411,9.0,4.7455,-4.2545,2.7478,13.0,9.9866,-3.0134,3.0134,-0.4956,5.0,0.4403,SSG,두산,False,55~60%,오버,오버,True,관망,,시즌 후반
2026,2026-05-09,20260509SSNC0,창원,삼성,NC,5.0,5.2093,0.2093,4.0,4.6778,0.6778,0.4436,9.0,9.8871,0.8871,0.8871,-0.5314,-1.0,0.4336,삼성,삼성,True,55~60%,오버,오버,True,NC +2.5,1.0,시즌 후반
2026,2026-05-10,20260510HTLT0,사직,KIA,롯데,3.0,5.1686,2.1686,7.0,4.6271,-2.3729,2.2708,10.0,9.7957,-0.2043,0.2043,-0.5415,4.0,0.4317,KIA,롯데,False,55~60%,오버,오버,True,롯데 +2.5,1.0,시즌 후반
2026,2026-05-10,20260510KTWO0,고척,KT,키움,1.0,5.5069,4.5069,5.0,4.2466,-0.7534,2.6302,6.0,9.7535,3.7535,3.7535,-1.2603,4.0,0.3061,KT,키움,False,65% 이상,오버,언더,False,키움 +2.5,1.0,시즌 후반
2026,2026-05-10,20260510LGHH0,대전,LG,한화,3.0,5.1676,2.1676,9.0,5.1603,-3.8397,3.0037,12.0,10.3279,-1.6721,1.6721,-0.0073,6.0,0.5322,한화,한화,True,50~55%,오버,오버,True,관망,,시즌 후반
2026,2026-05-10,20260510SKOB0,잠실,SSG,두산,1.0,5.2903,4.2903,3.0,5.1607,2.1607,3.2255,4.0,10.451,6.451,6.451,-0.1295,2.0,0.5092,두산,두산,True,50~55%,오버,언더,False,관망,,시즌 후반
2026,2026-05-10,20260510SSNC0,창원,삼성,NC,11.0,5.2459,-5.7541,1.0,4.6856,3.6856,4.7199,12.0,9.9315,-2.0685,2.0685,-0.5602,-10.0,0.4282,삼성,삼성,True,55~60%,오버,오버,True,NC +2.5,0.0,시즌 후반
2026,2026-05-12,20260512HHWO0,고척,한화,키움,11.0,5.6178,-5.3822,5.0,5.1506,0.1506,2.7664,16.0,10.7684,-5.2316,5.2316,-0.4672,-6.0,0.4455,한화,한화,True,55~60%,오버,오버,True,관망,,시즌 후반
2026,2026-05-12,20260512NCLT0,사직,NC,롯데,8.0,5.3553,-2.6447,1.0,4.8595,3.8595,3.2521,9.0,10.2148,1.2148,1.2148,-0.4958,-7.0,0.4402,NC,NC,True,55~60%,오버,오버,True,관망,,시즌 후반
2026,2026-05-12,20260512OBHT0,광주,두산,KIA,5.0,4.7527,-0.2473,1.0,4.9087,3.9087,2.078,6.0,9.6614,3.6614,3.6614,0.156,-4.0,0.5628,KIA,두산,False,55~60%,오버,언더,False,관망,,시즌 후반
2026,2026-05-12,20260512SKKT0,수원,SSG,KT,5.0,4.8345,-0.1655,1.0,5.3546,4.3546,2.2601,6.0,10.1891,4.1891,4.1891,0.5201,-4.0,0.629,KT,SSG,False,60~65%,오버,언더,False,SSG +2.5,1.0,시즌 후반
2026,2026-05-12,20260512SSLG0,잠실,삼성,LG,9.0,4.7444,-4.2556,1.0,4.1314,3.1314,3.6935,10.0,8.8758,-1.1242,1.1242,-0.613,-8.0,0.4185,삼성,삼성,True,55~60%,관망,오버,False,LG +2.5,0.0,시즌 후반
2026,2026-05-13,20260513HHWO0,고척,한화,키움,2.0,6.1422,4.1422,3.0,5.1852,2.1852,3.1637,5.0,11.3275,6.3275,6.3275,-0.957,1.0,0.3568,한화,키움,False,60~65%,오버,언더,False,키움 +2.5,1.0,시즌 후반
2026,2026-05-13,20260513NCLT0,사직,NC,롯데,5.0,5.3263,0.3263,10.0,4.806,-5.194,2.7601,15.0,10.1324,-4.8676,4.8676,-0.5203,5.0,0.4356,NC,롯데,False,55~60%,오버,오버,True,롯데 +2.5,1.0,시즌 후반
2026,2026-05-13,20260513OBHT0,광주,두산,KIA,2.0,4.6448,2.6448,9.0,4.9246,-4.0754,3.3601,11.0,9.5694,-1.4306,1.4306,0.2798,7.0,0.5857,KIA,KIA,True,55~60%,오버,오버,True,관망,,시즌 후반
2026,2026-05-13,20260513SKKT0,수원,SSG,KT,4.0,4.8499,0.8499,18.0,5.2537,-12.7463,6.7981,22.0,10.1036,-11.8964,11.8964,0.4037,14.0,0.6083,KT,KT,True,60~65%,오버,오버,True,관망,,시즌 후반
2026,2026-05-13,20260513SSLG0,잠실,삼성,LG,3.0,4.9073,1.9073,5.0,4.4927,-0.5073,1.2073,8.0,9.4,1.4,1.4,-0.4147,2.0,0.4554,삼성,LG,False,50~55%,오버,언더,False,관망,,시즌 후반
2026,2026-05-14,20260514HHWO0,고척,한화,키움,10.0,5.6757,-4.3243,1.0,5.1321,4.1321,4.2282,11.0,10.8078,-0.1922,0.1922,-0.5436,-9.0,0.4313,한화,한화,True,55~60%,오버,오버,True,키움 +2.5,0.0,시즌 후반
2026,2026-05-14,20260514NCLT0,사직,NC,롯데,5.0,5.3615,0.3615,4.0,5.1309,1.1309,0.7462,9.0,10.4924,1.4924,1.4924,-0.2306,-1.0,0.4901,NC,NC,True,50~55%,오버,오버,True,관망,,시즌 후반
2026,2026-05-14,20260514OBHT0,광주,두산,KIA,3.0,4.7809,1.7809,5.0,4.8767,-0.1233,0.9521,8.0,9.6577,1.6577,1.6577,0.0958,2.0,0.5516,KIA,KIA,True,55~60%,오버,언더,False,관망,,시즌 후반
2026,2026-05-14,20260514SKKT0,수원,SSG,KT,16.0,5.2322,-10.7678,10.0,5.4211,-4.5789,7.6733,26.0,10.6533,-15.3467,15.3467,0.1889,-6.0,0.5689,KT,SSG,False,55~60%,오버,오버,True,관망,,시즌 후반
2026,2026-05-14,20260514SSLG0,잠실,삼성,LG,9.0,5.0218,-3.9782,5.0,4.4029,-0.5971,2.2877,14.0,9.4247,-4.5753,4.5753,-0.6189,-4.0,0.4174,삼성,삼성,True,55~60%,오버,오버,True,LG +2.5,0.0,시즌 후반
2026,2026-05-15,20260515HHKT0,수원,한화,KT,5.0,5.5592,0.5592,3.0,5.4456,2.4456,1.5024,8.0,11.0048,3.0048,3.0048,-0.1137,-2.0,0.5122,KT,한화,False,50~55%,오버,언더,False,관망,,시즌 후반
2026,2026-05-15,20260515HTSS0,대구,KIA,삼성,5.0,4.5729,-0.4271,4.0,5.1033,1.1033,0.7652,9.0,9.6762,0.6762,0.6762,0.5303,-1.0,0.6308,삼성,KIA,False,60~65%,오버,오버,True,KIA +2.5,1.0,시즌 후반
2026,2026-05-15,20260515LGSK0,문학,LG,SSG,8.0,5.1833,-2.8167,7.0,5.3587,-1.6413,2.229,15.0,10.542,-4.458,4.458,0.1754,-1.0,0.5664,SSG,LG,False,55~60%,오버,오버,True,관망,,시즌 후반
2026,2026-05-15,20260515LTOB0,잠실,롯데,두산,6.0,4.5237,-1.4763,5.0,5.2526,0.2526,0.8644,11.0,9.7763,-1.2237,1.2237,0.7289,-1.0,0.665,두산,롯데,False,65% 이상,오버,오버,True,롯데 +2.5,1.0,시즌 후반
2026,2026-05-15,20260515WONC0,창원,키움,NC,4.0,4.2159,0.2159,1.0,5.6666,4.6666,2.4413,5.0,9.8825,4.8825,4.8825,1.4507,-3.0,0.7741,NC,키움,False,65% 이상,오버,언더,False,키움 +2.5,1.0,시즌 후반
2026,2026-05-16,20260516HHKT0,수원,한화,KT,10.0,5.289,-4.711,5.0,5.443,0.443,2.577,15.0,10.732,-4.268,4.268,0.154,-5.0,0.5624,KT,한화,False,55~60%,오버,오버,True,관망,,시즌 후반
2026,2026-05-16,20260516HTSS0,대구,KIA,삼성,2.0,4.5513,2.5513,5.0,4.9911,-0.0089,1.2801,7.0,9.5424,2.5424,2.5424,0.4399,3.0,0.6147,삼성,삼성,True,60~65%,오버,언더,False,관망,,시즌 후반
2026,2026-05-16,20260516LGSK0,문학,LG,SSG,3.0,5.1998,2.1998,4.0,5.3075,1.3075,1.7536,7.0,10.5073,3.5073,3.5073,0.1077,1.0,0.5538,SSG,SSG,True,55~60%,오버,언더,False,관망,,시즌 후반
2026,2026-05-16,20260516LTOB0,잠실,롯데,두산,9.0,4.5389,-4.4611,10.0,5.1903,-4.8097,4.6354,19.0,9.7292,-9.2708,9.2708,0.6514,1.0,0.6519,두산,두산,True,65% 이상,오버,오버,True,롯데 +2.5,1.0,시즌 후반
2026,2026-05-16,20260516WONC0,창원,키움,NC,2.0,4.5293,2.5293,9.0,5.542,-3.458,2.9936,11.0,10.0714,-0.9286,0.9286,1.0127,7.0,0.7111,NC,NC,True,65% 이상,오버,오버,True,키움 +2.5,0.0,시즌 후반
2026,2026-05-17,20260517HHKT0,수원,한화,KT,7.0,5.2687,-1.7313,8.0,5.4985,-2.5015,2.1164,15.0,10.7672,-4.2328,4.2328,0.2297,1.0,0.5765,KT,KT,True,55~60%,오버,오버,True,관망,,시즌 후반
2026,2026-05-17,20260517HTSS0,대구,KIA,삼성,16.0,4.5345,-11.4655,7.0,5.0109,-1.9891,6.7273,23.0,9.5454,-13.4546,13.4546,0.4764,-9.0,0.6213,삼성,KIA,False,60~65%,오버,오버,True,관망,,시즌 후반
2026,2026-05-17,20260517LGSK0,문학,LG,SSG,6.0,5.1564,-0.8436,4.0,5.3323,1.3323,1.0879,10.0,10.4887,0.4887,0.4887,0.1758,-2.0,0.5665,SSG,LG,False,55~60%,오버,오버,True,관망,,시즌 후반
2026,2026-05-17,20260517LTOB0,잠실,롯데,두산,4.0,4.5239,0.5239,8.0,5.4423,-2.5577,1.5408,12.0,9.9662,-2.0338,2.0338,0.9184,4.0,0.6962,두산,두산,True,65% 이상,오버,오버,True,롯데 +2.5,0.0,시즌 후반
2026,2026-05-17,20260517WONC0,창원,키움,NC,3.0,4.2199,1.2199,2.0,5.6366,3.6366,2.4282,5.0,9.8565,4.8565,4.8565,1.4168,-1.0,0.7696,NC,키움,False,65% 이상,오버,언더,False,키움 +2.5,1.0,시즌 후반
2026,2026-05-19,20260519KTSS0,포항,KT,삼성,2.0,5.1741,3.1741,10.0,5.4446,-4.5554,3.8647,12.0,10.6187,-1.3813,1.3813,0.2705,8.0,0.584,삼성,삼성,True,55~60%,오버,오버,True,관망,,시즌 후반
2026,2026-05-19,20260519LGHT0,광주,LG,KIA,0.0,5.0172,5.0172,14.0,5.053,-8.947,6.9821,14.0,10.0702,-3.9298,3.9298,0.0358,14.0,0.5403,KIA,KIA,True,50~55%,오버,오버,True,관망,,시즌 후반
2026,2026-05-19,20260519LTHH0,대전,롯데,한화,6.0,5.6539,-0.3461,4.0,5.3273,1.3273,0.8367,10.0,10.9813,0.9813,0.9813,-0.3266,-2.0,0.4719,롯데,롯데,True,50~55%,오버,오버,True,관망,,시즌 후반
2026,2026-05-19,20260519NCOB0,잠실,NC,두산,3.0,5.2042,2.2042,9.0,5.2104,-3.7896,2.9969,12.0,10.4146,-1.5854,1.5854,0.0062,6.0,0.5348,두산,두산,True,50~55%,오버,오버,True,관망,,시즌 후반
2026,2026-05-19,20260519SKWO0,고척,SSG,키움,6.0,5.2708,-0.7292,7.0,4.6545,-2.3455,1.5373,13.0,9.9253,-3.0747,3.0747,-0.6163,1.0,0.4179,SSG,키움,False,55~60%,오버,오버,True,키움 +2.5,1.0,시즌 후반
2026,2026-05-20,20260520SKWO0,고척,SSG,키움,5.0,5.411,0.411,6.0,4.6982,-1.3018,0.8564,11.0,10.1092,-0.8908,0.8908,-0.7128,1.0,0.4002,SSG,키움,False,55~60%,오버,오버,True,키움 +2.5,1.0,시즌 후반
2026,2026-05-21,20260521KTSS0,포항,KT,삼성,5.0,5.5457,0.5457,8.0,5.6974,-2.3026,1.4241,13.0,11.2431,-1.7569,1.7569,0.1517,3.0,0.562,삼성,삼성,True,55~60%,오버,오버,True,관망,,시즌 후반
2026,2026-05-21,20260521LGHT0,광주,LG,KIA,5.0,4.868,-0.132,3.0,5.1426,2.1426,1.1373,8.0,10.0106,2.0106,2.0106,0.2745,-2.0,0.5847,KIA,LG,False,55~60%,오버,언더,False,관망,,시즌 후반
2026,2026-05-21,20260521LTHH0,대전,롯데,한화,8.0,5.3763,-2.6237,2.0,5.4027,3.4027,3.0132,10.0,10.7791,0.7791,0.7791,0.0264,-6.0,0.5386,한화,롯데,False,50~55%,오버,오버,True,관망,,시즌 후반
2026,2026-05-21,20260521NCOB0,잠실,NC,두산,0.0,4.5832,4.5832,1.0,5.1944,4.1944,4.3888,1.0,9.7776,8.7776,8.7776,0.6111,1.0,0.6449,두산,두산,True,60~65%,오버,언더,False,NC +2.5,1.0,시즌 후반
2026,2026-05-21,20260521SKWO0,고척,SSG,키움,0.0,5.4414,5.4414,6.0,4.6182,-1.3818,3.4116,6.0,10.0596,4.0596,4.0596,-0.8232,6.0,0.3804,SSG,키움,False,60~65%,오버,언더,False,키움 +2.5,1.0,시즌 후반
2026,2026-05-22,20260522NCKT0,수원,NC,KT,4.0,4.7498,0.7498,7.0,5.2512,-1.7488,1.2493,11.0,10.001,-0.999,0.999,0.5014,3.0,0.6257,KT,KT,True,60~65%,오버,오버,True,NC +2.5,0.0,시즌 후반
2026,2026-05-22,20260522OBHH0,대전,두산,한화,3.0,5.1989,2.1989,5.0,5.3675,0.3675,1.2832,8.0,10.5664,2.5664,2.5664,0.1686,2.0,0.5652,한화,한화,True,55~60%,오버,언더,False,관망,,시즌 후반
2026,2026-05-22,20260522SKHT0,광주,SSG,KIA,2.0,5.4917,3.4917,5.0,5.4162,0.4162,1.954,7.0,10.908,3.908,3.908,-0.0755,3.0,0.5194,KIA,KIA,True,50~55%,오버,언더,False,관망,,시즌 후반
2026,2026-05-22,20260522SSLT0,사직,삼성,롯데,7.0,5.3927,-1.6073,5.0,4.5484,-0.4516,1.0294,12.0,9.9411,-2.0589,2.0589,-0.8444,-2.0,0.3766,삼성,삼성,True,60~65%,오버,오버,True,롯데 +2.5,1.0,시즌 후반
2026,2026-05-22,20260522WOLG0,잠실,키움,LG,7.0,4.6607,-2.3393,0.0,5.5866,5.5866,3.9629,7.0,10.2474,3.2474,3.2474,0.9259,-7.0,0.6974,LG,키움,False,65% 이상,오버,언더,False,키움 +2.5,1.0,시즌 후반
2026,2026-05-23,20260523NCKT0,수원,NC,KT,5.0,4.9161,-0.0839,10.0,5.2777,-4.7223,2.4031,15.0,10.1938,-4.8062,4.8062,0.3617,5.0,0.6006,KT,KT,True,60~65%,오버,오버,True,관망,,시즌 후반
2026,2026-05-23,20260523OBHH0,대전,두산,한화,2.0,5.1878,3.1878,5.0,5.3345,0.3345,1.7612,7.0,10.5223,3.5223,3.5223,0.1467,3.0,0.5611,한화,한화,True,55~60%,오버,언더,False,관망,,시즌 후반
2026,2026-05-23,20260523SKHT0,광주,SSG,KIA,4.0,5.4518,1.4518,5.0,5.509,0.509,0.9804,9.0,10.9608,1.9608,1.9608,0.0572,1.0,0.5444,KIA,KIA,True,50~55%,오버,오버,True,관망,,시즌 후반
2026,2026-05-23,20260523SSLT0,사직,삼성,롯데,5.0,5.5063,0.5063,7.0,4.5484,-2.4516,1.4789,12.0,10.0546,-1.9454,1.9454,-0.9579,2.0,0.3567,삼성,롯데,False,60~65%,오버,오버,True,롯데 +2.5,1.0,시즌 후반
2026,2026-05-23,20260523WOLG0,잠실,키움,LG,2.0,4.5376,2.5376,5.0,5.4517,0.4517,1.4946,7.0,9.9893,2.9893,2.9893,0.9141,3.0,0.6955,LG,LG,True,65% 이상,오버,언더,False,키움 +2.5,0.0,시즌 후반
2026,2026-05-24,20260524NCKT0,수원,NC,KT,8.0,5.2507,-2.7493,5.0,5.5809,0.5809,1.6651,13.0,10.8317,-2.1683,2.1683,0.3302,-3.0,0.5949,KT,NC,False,55~60%,오버,오버,True,관망,,시즌 후반
2026,2026-05-24,20260524OBHH0,대전,두산,한화,2.0,5.0312,3.0312,5.0,5.3345,0.3345,1.6828,7.0,10.3657,3.3657,3.3657,0.3033,3.0,0.59,한화,한화,True,55~60%,오버,언더,False,관망,,시즌 후반
2026,2026-05-24,20260524SKHT0,광주,SSG,KIA,2.0,5.6136,3.6136,3.0,5.4876,2.4876,3.0506,5.0,11.1011,6.1011,6.1011,-0.126,1.0,0.5098,KIA,KIA,True,50~55%,오버,언더,False,관망,,시즌 후반
2026,2026-05-24,20260524SSLT0,사직,삼성,롯데,10.0,5.658,-4.342,0.0,4.5375,4.5375,4.4397,10.0,10.1955,0.1955,0.1955,-1.1206,-10.0,0.329,삼성,삼성,True,65% 이상,오버,오버,True,롯데 +2.5,0.0,시즌 후반
2026,2026-05-24,20260524WOLG0,잠실,키움,LG,4.0,4.5422,0.5422,6.0,4.9915,-1.0085,0.7754,10.0,9.5337,-0.4663,0.4663,0.4493,2.0,0.6164,LG,LG,True,60~65%,오버,오버,True,관망,,시즌 후반
