[2026-04-21T00:00:24.098+0000] {processor.py:161} INFO - Started process (PID=3701656) to work on /opt/airflow/dags/baseball_etl.py
[2026-04-21T00:00:24.099+0000] {processor.py:830} INFO - Processing file /opt/airflow/dags/baseball_etl.py for tasks to queue
[2026-04-21T00:00:24.101+0000] {logging_mixin.py:188} INFO - [2026-04-21T00:00:24.101+0000] {dagbag.py:538} INFO - Filling up the DagBag from /opt/airflow/dags/baseball_etl.py
[2026-04-21T00:00:24.652+0000] {processor.py:840} INFO - DAG(s) 'baseball_pipeline_v1' retrieved from /opt/airflow/dags/baseball_etl.py
[2026-04-21T00:00:24.669+0000] {logging_mixin.py:188} INFO - [2026-04-21T00:00:24.669+0000] {dag.py:3036} INFO - Sync 1 DAGs
[2026-04-21T00:00:24.693+0000] {logging_mixin.py:188} INFO - [2026-04-21T00:00:24.693+0000] {dag.py:3823} INFO - Setting next_dagrun for baseball_pipeline_v1 to 2026-04-21 00:00:00+00:00, run_after=2026-04-22 00:00:00+00:00
[2026-04-21T00:00:24.711+0000] {processor.py:183} INFO - Processing /opt/airflow/dags/baseball_etl.py took 0.618 seconds
[2026-04-21T00:00:55.010+0000] {processor.py:161} INFO - Started process (PID=3701713) to work on /opt/airflow/dags/baseball_etl.py
[2026-04-21T00:00:55.011+0000] {processor.py:830} INFO - Processing file /opt/airflow/dags/baseball_etl.py for tasks to queue
[2026-04-21T00:00:55.013+0000] {logging_mixin.py:188} INFO - [2026-04-21T00:00:55.013+0000] {dagbag.py:538} INFO - Filling up the DagBag from /opt/airflow/dags/baseball_etl.py
[2026-04-21T00:00:55.543+0000] {processor.py:840} INFO - DAG(s) 'baseball_pipeline_v1' retrieved from /opt/airflow/dags/baseball_etl.py
[2026-04-21T00:00:55.562+0000] {logging_mixin.py:188} INFO - [2026-04-21T00:00:55.562+0000] {dag.py:3036} INFO - Sync 1 DAGs
[2026-04-21T00:00:55.585+0000] {logging_mixin.py:188} INFO - [2026-04-21T00:00:55.585+0000] {dag.py:3823} INFO - Setting next_dagrun for baseball_pipeline_v1 to 2026-04-21 00:00:00+00:00, run_after=2026-04-22 00:00:00+00:00
[2026-04-21T00:00:55.603+0000] {processor.py:183} INFO - Processing /opt/airflow/dags/baseball_etl.py took 0.598 seconds
[2026-04-21T00:01:25.663+0000] {processor.py:161} INFO - Started process (PID=3701770) to work on /opt/airflow/dags/baseball_etl.py
[2026-04-21T00:01:25.664+0000] {processor.py:830} INFO - Processing file /opt/airflow/dags/baseball_etl.py for tasks to queue
[2026-04-21T00:01:25.667+0000] {logging_mixin.py:188} INFO - [2026-04-21T00:01:25.666+0000] {dagbag.py:538} INFO - Filling up the DagBag from /opt/airflow/dags/baseball_etl.py
[2026-04-21T00:01:26.201+0000] {processor.py:840} INFO - DAG(s) 'baseball_pipeline_v1' retrieved from /opt/airflow/dags/baseball_etl.py
[2026-04-21T00:01:26.221+0000] {logging_mixin.py:188} INFO - [2026-04-21T00:01:26.220+0000] {dag.py:3036} INFO - Sync 1 DAGs
[2026-04-21T00:01:26.246+0000] {logging_mixin.py:188} INFO - [2026-04-21T00:01:26.246+0000] {dag.py:3823} INFO - Setting next_dagrun for baseball_pipeline_v1 to 2026-04-21 00:00:00+00:00, run_after=2026-04-22 00:00:00+00:00
[2026-04-21T00:01:26.266+0000] {processor.py:183} INFO - Processing /opt/airflow/dags/baseball_etl.py took 0.608 seconds
[2026-04-21T00:01:56.983+0000] {processor.py:161} INFO - Started process (PID=3701825) to work on /opt/airflow/dags/baseball_etl.py
[2026-04-21T00:01:56.985+0000] {processor.py:830} INFO - Processing file /opt/airflow/dags/baseball_etl.py for tasks to queue
[2026-04-21T00:01:56.988+0000] {logging_mixin.py:188} INFO - [2026-04-21T00:01:56.988+0000] {dagbag.py:538} INFO - Filling up the DagBag from /opt/airflow/dags/baseball_etl.py
[2026-04-21T00:01:57.547+0000] {processor.py:840} INFO - DAG(s) 'baseball_pipeline_v1' retrieved from /opt/airflow/dags/baseball_etl.py
[2026-04-21T00:01:57.565+0000] {logging_mixin.py:188} INFO - [2026-04-21T00:01:57.565+0000] {dag.py:3036} INFO - Sync 1 DAGs
[2026-04-21T00:01:57.589+0000] {logging_mixin.py:188} INFO - [2026-04-21T00:01:57.588+0000] {dag.py:3823} INFO - Setting next_dagrun for baseball_pipeline_v1 to 2026-04-21 00:00:00+00:00, run_after=2026-04-22 00:00:00+00:00
[2026-04-21T00:01:57.606+0000] {processor.py:183} INFO - Processing /opt/airflow/dags/baseball_etl.py took 0.628 seconds
[2026-04-21T00:02:28.539+0000] {processor.py:161} INFO - Started process (PID=3701891) to work on /opt/airflow/dags/baseball_etl.py
[2026-04-21T00:02:28.541+0000] {processor.py:830} INFO - Processing file /opt/airflow/dags/baseball_etl.py for tasks to queue
[2026-04-21T00:02:28.543+0000] {logging_mixin.py:188} INFO - [2026-04-21T00:02:28.543+0000] {dagbag.py:538} INFO - Filling up the DagBag from /opt/airflow/dags/baseball_etl.py
[2026-04-21T00:02:29.087+0000] {processor.py:840} INFO - DAG(s) 'baseball_pipeline_v1' retrieved from /opt/airflow/dags/baseball_etl.py
[2026-04-21T00:02:29.107+0000] {logging_mixin.py:188} INFO - [2026-04-21T00:02:29.107+0000] {dag.py:3036} INFO - Sync 1 DAGs
[2026-04-21T00:02:29.132+0000] {logging_mixin.py:188} INFO - [2026-04-21T00:02:29.132+0000] {dag.py:3823} INFO - Setting next_dagrun for baseball_pipeline_v1 to 2026-04-21 00:00:00+00:00, run_after=2026-04-22 00:00:00+00:00
[2026-04-21T00:02:29.149+0000] {processor.py:183} INFO - Processing /opt/airflow/dags/baseball_etl.py took 0.615 seconds
[2026-04-21T00:02:59.886+0000] {processor.py:161} INFO - Started process (PID=3701948) to work on /opt/airflow/dags/baseball_etl.py
[2026-04-21T00:02:59.887+0000] {processor.py:830} INFO - Processing file /opt/airflow/dags/baseball_etl.py for tasks to queue
[2026-04-21T00:02:59.889+0000] {logging_mixin.py:188} INFO - [2026-04-21T00:02:59.889+0000] {dagbag.py:538} INFO - Filling up the DagBag from /opt/airflow/dags/baseball_etl.py
[2026-04-21T00:03:00.456+0000] {processor.py:840} INFO - DAG(s) 'baseball_pipeline_v1' retrieved from /opt/airflow/dags/baseball_etl.py
[2026-04-21T00:03:00.475+0000] {logging_mixin.py:188} INFO - [2026-04-21T00:03:00.474+0000] {dag.py:3036} INFO - Sync 1 DAGs
[2026-04-21T00:03:00.498+0000] {logging_mixin.py:188} INFO - [2026-04-21T00:03:00.498+0000] {dag.py:3823} INFO - Setting next_dagrun for baseball_pipeline_v1 to 2026-04-21 00:00:00+00:00, run_after=2026-04-22 00:00:00+00:00
[2026-04-21T00:03:00.515+0000] {processor.py:183} INFO - Processing /opt/airflow/dags/baseball_etl.py took 0.634 seconds
[2026-04-21T00:03:31.292+0000] {processor.py:161} INFO - Started process (PID=3702005) to work on /opt/airflow/dags/baseball_etl.py
[2026-04-21T00:03:31.294+0000] {processor.py:830} INFO - Processing file /opt/airflow/dags/baseball_etl.py for tasks to queue
[2026-04-21T00:03:31.297+0000] {logging_mixin.py:188} INFO - [2026-04-21T00:03:31.296+0000] {dagbag.py:538} INFO - Filling up the DagBag from /opt/airflow/dags/baseball_etl.py
[2026-04-21T00:03:31.852+0000] {processor.py:840} INFO - DAG(s) 'baseball_pipeline_v1' retrieved from /opt/airflow/dags/baseball_etl.py
[2026-04-21T00:03:31.869+0000] {logging_mixin.py:188} INFO - [2026-04-21T00:03:31.869+0000] {dag.py:3036} INFO - Sync 1 DAGs
[2026-04-21T00:03:31.893+0000] {logging_mixin.py:188} INFO - [2026-04-21T00:03:31.892+0000] {dag.py:3823} INFO - Setting next_dagrun for baseball_pipeline_v1 to 2026-04-21 00:00:00+00:00, run_after=2026-04-22 00:00:00+00:00
[2026-04-21T00:03:31.909+0000] {processor.py:183} INFO - Processing /opt/airflow/dags/baseball_etl.py took 0.622 seconds
[2026-04-21T00:04:01.944+0000] {processor.py:161} INFO - Started process (PID=3702066) to work on /opt/airflow/dags/baseball_etl.py
[2026-04-21T00:04:01.946+0000] {processor.py:830} INFO - Processing file /opt/airflow/dags/baseball_etl.py for tasks to queue
[2026-04-21T00:04:01.948+0000] {logging_mixin.py:188} INFO - [2026-04-21T00:04:01.948+0000] {dagbag.py:538} INFO - Filling up the DagBag from /opt/airflow/dags/baseball_etl.py
[2026-04-21T00:04:02.504+0000] {processor.py:840} INFO - DAG(s) 'baseball_pipeline_v1' retrieved from /opt/airflow/dags/baseball_etl.py
[2026-04-21T00:04:02.525+0000] {logging_mixin.py:188} INFO - [2026-04-21T00:04:02.525+0000] {dag.py:3036} INFO - Sync 1 DAGs
[2026-04-21T00:04:02.549+0000] {logging_mixin.py:188} INFO - [2026-04-21T00:04:02.549+0000] {dag.py:3823} INFO - Setting next_dagrun for baseball_pipeline_v1 to 2026-04-21 00:00:00+00:00, run_after=2026-04-22 00:00:00+00:00
[2026-04-21T00:04:02.567+0000] {processor.py:183} INFO - Processing /opt/airflow/dags/baseball_etl.py took 0.628 seconds
[2026-04-21T00:04:33.019+0000] {processor.py:161} INFO - Started process (PID=3702124) to work on /opt/airflow/dags/baseball_etl.py
[2026-04-21T00:04:33.022+0000] {processor.py:830} INFO - Processing file /opt/airflow/dags/baseball_etl.py for tasks to queue
[2026-04-21T00:04:33.024+0000] {logging_mixin.py:188} INFO - [2026-04-21T00:04:33.024+0000] {dagbag.py:538} INFO - Filling up the DagBag from /opt/airflow/dags/baseball_etl.py
[2026-04-21T00:04:33.560+0000] {processor.py:840} INFO - DAG(s) 'baseball_pipeline_v1' retrieved from /opt/airflow/dags/baseball_etl.py
[2026-04-21T00:04:33.579+0000] {logging_mixin.py:188} INFO - [2026-04-21T00:04:33.578+0000] {dag.py:3036} INFO - Sync 1 DAGs
[2026-04-21T00:04:33.602+0000] {logging_mixin.py:188} INFO - [2026-04-21T00:04:33.601+0000] {dag.py:3823} INFO - Setting next_dagrun for baseball_pipeline_v1 to 2026-04-21 00:00:00+00:00, run_after=2026-04-22 00:00:00+00:00
[2026-04-21T00:04:33.618+0000] {processor.py:183} INFO - Processing /opt/airflow/dags/baseball_etl.py took 0.604 seconds
[2026-04-21T00:05:03.836+0000] {processor.py:161} INFO - Started process (PID=3702181) to work on /opt/airflow/dags/baseball_etl.py
[2026-04-21T00:05:03.838+0000] {processor.py:830} INFO - Processing file /opt/airflow/dags/baseball_etl.py for tasks to queue
[2026-04-21T00:05:03.840+0000] {logging_mixin.py:188} INFO - [2026-04-21T00:05:03.840+0000] {dagbag.py:538} INFO - Filling up the DagBag from /opt/airflow/dags/baseball_etl.py
[2026-04-21T00:05:04.410+0000] {processor.py:840} INFO - DAG(s) 'baseball_pipeline_v1' retrieved from /opt/airflow/dags/baseball_etl.py
[2026-04-21T00:05:04.429+0000] {logging_mixin.py:188} INFO - [2026-04-21T00:05:04.428+0000] {dag.py:3036} INFO - Sync 1 DAGs
[2026-04-21T00:05:04.454+0000] {logging_mixin.py:188} INFO - [2026-04-21T00:05:04.453+0000] {dag.py:3823} INFO - Setting next_dagrun for baseball_pipeline_v1 to 2026-04-21 00:00:00+00:00, run_after=2026-04-22 00:00:00+00:00
[2026-04-21T00:05:04.471+0000] {processor.py:183} INFO - Processing /opt/airflow/dags/baseball_etl.py took 0.640 seconds
[2026-04-21T00:05:34.519+0000] {processor.py:161} INFO - Started process (PID=3702238) to work on /opt/airflow/dags/baseball_etl.py
[2026-04-21T00:05:34.520+0000] {processor.py:830} INFO - Processing file /opt/airflow/dags/baseball_etl.py for tasks to queue
[2026-04-21T00:05:34.522+0000] {logging_mixin.py:188} INFO - [2026-04-21T00:05:34.522+0000] {dagbag.py:538} INFO - Filling up the DagBag from /opt/airflow/dags/baseball_etl.py
[2026-04-21T00:05:35.055+0000] {processor.py:840} INFO - DAG(s) 'baseball_pipeline_v1' retrieved from /opt/airflow/dags/baseball_etl.py
[2026-04-21T00:05:35.072+0000] {logging_mixin.py:188} INFO - [2026-04-21T00:05:35.072+0000] {dag.py:3036} INFO - Sync 1 DAGs
[2026-04-21T00:05:35.096+0000] {logging_mixin.py:188} INFO - [2026-04-21T00:05:35.096+0000] {dag.py:3823} INFO - Setting next_dagrun for baseball_pipeline_v1 to 2026-04-21 00:00:00+00:00, run_after=2026-04-22 00:00:00+00:00
[2026-04-21T00:05:35.113+0000] {processor.py:183} INFO - Processing /opt/airflow/dags/baseball_etl.py took 0.599 seconds
[2026-04-21T00:06:05.372+0000] {processor.py:161} INFO - Started process (PID=3702295) to work on /opt/airflow/dags/baseball_etl.py
[2026-04-21T00:06:05.374+0000] {processor.py:830} INFO - Processing file /opt/airflow/dags/baseball_etl.py for tasks to queue
[2026-04-21T00:06:05.376+0000] {logging_mixin.py:188} INFO - [2026-04-21T00:06:05.376+0000] {dagbag.py:538} INFO - Filling up the DagBag from /opt/airflow/dags/baseball_etl.py
[2026-04-21T00:06:05.906+0000] {processor.py:840} INFO - DAG(s) 'baseball_pipeline_v1' retrieved from /opt/airflow/dags/baseball_etl.py
[2026-04-21T00:06:05.924+0000] {logging_mixin.py:188} INFO - [2026-04-21T00:06:05.923+0000] {dag.py:3036} INFO - Sync 1 DAGs
[2026-04-21T00:06:05.948+0000] {logging_mixin.py:188} INFO - [2026-04-21T00:06:05.947+0000] {dag.py:3823} INFO - Setting next_dagrun for baseball_pipeline_v1 to 2026-04-21 00:00:00+00:00, run_after=2026-04-22 00:00:00+00:00
[2026-04-21T00:06:05.964+0000] {processor.py:183} INFO - Processing /opt/airflow/dags/baseball_etl.py took 0.598 seconds
[2026-04-21T00:06:36.095+0000] {processor.py:161} INFO - Started process (PID=3702352) to work on /opt/airflow/dags/baseball_etl.py
[2026-04-21T00:06:36.096+0000] {processor.py:830} INFO - Processing file /opt/airflow/dags/baseball_etl.py for tasks to queue
[2026-04-21T00:06:36.099+0000] {logging_mixin.py:188} INFO - [2026-04-21T00:06:36.098+0000] {dagbag.py:538} INFO - Filling up the DagBag from /opt/airflow/dags/baseball_etl.py
[2026-04-21T00:06:36.635+0000] {processor.py:840} INFO - DAG(s) 'baseball_pipeline_v1' retrieved from /opt/airflow/dags/baseball_etl.py
[2026-04-21T00:06:36.653+0000] {logging_mixin.py:188} INFO - [2026-04-21T00:06:36.652+0000] {dag.py:3036} INFO - Sync 1 DAGs
[2026-04-21T00:06:36.677+0000] {logging_mixin.py:188} INFO - [2026-04-21T00:06:36.676+0000] {dag.py:3823} INFO - Setting next_dagrun for baseball_pipeline_v1 to 2026-04-21 00:00:00+00:00, run_after=2026-04-22 00:00:00+00:00
[2026-04-21T00:06:36.693+0000] {processor.py:183} INFO - Processing /opt/airflow/dags/baseball_etl.py took 0.602 seconds
[2026-04-21T00:07:07.703+0000] {processor.py:161} INFO - Started process (PID=3702409) to work on /opt/airflow/dags/baseball_etl.py
[2026-04-21T00:07:07.705+0000] {processor.py:830} INFO - Processing file /opt/airflow/dags/baseball_etl.py for tasks to queue
[2026-04-21T00:07:07.707+0000] {logging_mixin.py:188} INFO - [2026-04-21T00:07:07.707+0000] {dagbag.py:538} INFO - Filling up the DagBag from /opt/airflow/dags/baseball_etl.py
[2026-04-21T00:07:08.247+0000] {processor.py:840} INFO - DAG(s) 'baseball_pipeline_v1' retrieved from /opt/airflow/dags/baseball_etl.py
[2026-04-21T00:07:08.265+0000] {logging_mixin.py:188} INFO - [2026-04-21T00:07:08.265+0000] {dag.py:3036} INFO - Sync 1 DAGs
[2026-04-21T00:07:08.299+0000] {logging_mixin.py:188} INFO - [2026-04-21T00:07:08.298+0000] {dag.py:3823} INFO - Setting next_dagrun for baseball_pipeline_v1 to 2026-04-21 00:00:00+00:00, run_after=2026-04-22 00:00:00+00:00
[2026-04-21T00:07:08.316+0000] {processor.py:183} INFO - Processing /opt/airflow/dags/baseball_etl.py took 0.617 seconds
[2026-04-21T00:07:38.972+0000] {processor.py:161} INFO - Started process (PID=3702466) to work on /opt/airflow/dags/baseball_etl.py
[2026-04-21T00:07:38.973+0000] {processor.py:830} INFO - Processing file /opt/airflow/dags/baseball_etl.py for tasks to queue
[2026-04-21T00:07:38.976+0000] {logging_mixin.py:188} INFO - [2026-04-21T00:07:38.975+0000] {dagbag.py:538} INFO - Filling up the DagBag from /opt/airflow/dags/baseball_etl.py
[2026-04-21T00:07:39.528+0000] {processor.py:840} INFO - DAG(s) 'baseball_pipeline_v1' retrieved from /opt/airflow/dags/baseball_etl.py
[2026-04-21T00:07:39.557+0000] {logging_mixin.py:188} INFO - [2026-04-21T00:07:39.556+0000] {dag.py:3036} INFO - Sync 1 DAGs
[2026-04-21T00:07:39.582+0000] {logging_mixin.py:188} INFO - [2026-04-21T00:07:39.582+0000] {dag.py:3823} INFO - Setting next_dagrun for baseball_pipeline_v1 to 2026-04-21 00:00:00+00:00, run_after=2026-04-22 00:00:00+00:00
[2026-04-21T00:07:39.599+0000] {processor.py:183} INFO - Processing /opt/airflow/dags/baseball_etl.py took 0.632 seconds
[2026-04-21T00:08:10.217+0000] {processor.py:161} INFO - Started process (PID=3702523) to work on /opt/airflow/dags/baseball_etl.py
[2026-04-21T00:08:10.219+0000] {processor.py:830} INFO - Processing file /opt/airflow/dags/baseball_etl.py for tasks to queue
[2026-04-21T00:08:10.221+0000] {logging_mixin.py:188} INFO - [2026-04-21T00:08:10.221+0000] {dagbag.py:538} INFO - Filling up the DagBag from /opt/airflow/dags/baseball_etl.py
[2026-04-21T00:08:10.819+0000] {processor.py:840} INFO - DAG(s) 'baseball_pipeline_v1' retrieved from /opt/airflow/dags/baseball_etl.py
[2026-04-21T00:08:10.839+0000] {logging_mixin.py:188} INFO - [2026-04-21T00:08:10.838+0000] {dag.py:3036} INFO - Sync 1 DAGs
[2026-04-21T00:08:10.864+0000] {logging_mixin.py:188} INFO - [2026-04-21T00:08:10.864+0000] {dag.py:3823} INFO - Setting next_dagrun for baseball_pipeline_v1 to 2026-04-21 00:00:00+00:00, run_after=2026-04-22 00:00:00+00:00
[2026-04-21T00:08:10.883+0000] {processor.py:183} INFO - Processing /opt/airflow/dags/baseball_etl.py took 0.671 seconds
[2026-04-21T00:08:41.526+0000] {processor.py:161} INFO - Started process (PID=3702580) to work on /opt/airflow/dags/baseball_etl.py
[2026-04-21T00:08:41.527+0000] {processor.py:830} INFO - Processing file /opt/airflow/dags/baseball_etl.py for tasks to queue
[2026-04-21T00:08:41.530+0000] {logging_mixin.py:188} INFO - [2026-04-21T00:08:41.529+0000] {dagbag.py:538} INFO - Filling up the DagBag from /opt/airflow/dags/baseball_etl.py
[2026-04-21T00:08:42.085+0000] {processor.py:840} INFO - DAG(s) 'baseball_pipeline_v1' retrieved from /opt/airflow/dags/baseball_etl.py
[2026-04-21T00:08:42.103+0000] {logging_mixin.py:188} INFO - [2026-04-21T00:08:42.103+0000] {dag.py:3036} INFO - Sync 1 DAGs
[2026-04-21T00:08:42.128+0000] {logging_mixin.py:188} INFO - [2026-04-21T00:08:42.128+0000] {dag.py:3823} INFO - Setting next_dagrun for baseball_pipeline_v1 to 2026-04-21 00:00:00+00:00, run_after=2026-04-22 00:00:00+00:00
[2026-04-21T00:08:42.145+0000] {processor.py:183} INFO - Processing /opt/airflow/dags/baseball_etl.py took 0.624 seconds
[2026-04-21T00:09:12.277+0000] {processor.py:161} INFO - Started process (PID=3702641) to work on /opt/airflow/dags/baseball_etl.py
[2026-04-21T00:09:12.279+0000] {processor.py:830} INFO - Processing file /opt/airflow/dags/baseball_etl.py for tasks to queue
[2026-04-21T00:09:12.281+0000] {logging_mixin.py:188} INFO - [2026-04-21T00:09:12.281+0000] {dagbag.py:538} INFO - Filling up the DagBag from /opt/airflow/dags/baseball_etl.py
[2026-04-21T00:09:12.839+0000] {processor.py:840} INFO - DAG(s) 'baseball_pipeline_v1' retrieved from /opt/airflow/dags/baseball_etl.py
[2026-04-21T00:09:12.858+0000] {logging_mixin.py:188} INFO - [2026-04-21T00:09:12.857+0000] {dag.py:3036} INFO - Sync 1 DAGs
[2026-04-21T00:09:12.883+0000] {logging_mixin.py:188} INFO - [2026-04-21T00:09:12.883+0000] {dag.py:3823} INFO - Setting next_dagrun for baseball_pipeline_v1 to 2026-04-21 00:00:00+00:00, run_after=2026-04-22 00:00:00+00:00
[2026-04-21T00:09:12.900+0000] {processor.py:183} INFO - Processing /opt/airflow/dags/baseball_etl.py took 0.628 seconds
[2026-04-21T00:09:43.006+0000] {processor.py:161} INFO - Started process (PID=3702698) to work on /opt/airflow/dags/baseball_etl.py
[2026-04-21T00:09:43.008+0000] {processor.py:830} INFO - Processing file /opt/airflow/dags/baseball_etl.py for tasks to queue
[2026-04-21T00:09:43.010+0000] {logging_mixin.py:188} INFO - [2026-04-21T00:09:43.010+0000] {dagbag.py:538} INFO - Filling up the DagBag from /opt/airflow/dags/baseball_etl.py
[2026-04-21T00:09:43.585+0000] {processor.py:840} INFO - DAG(s) 'baseball_pipeline_v1' retrieved from /opt/airflow/dags/baseball_etl.py
[2026-04-21T00:09:43.604+0000] {logging_mixin.py:188} INFO - [2026-04-21T00:09:43.604+0000] {dag.py:3036} INFO - Sync 1 DAGs
[2026-04-21T00:09:43.629+0000] {logging_mixin.py:188} INFO - [2026-04-21T00:09:43.628+0000] {dag.py:3823} INFO - Setting next_dagrun for baseball_pipeline_v1 to 2026-04-21 00:00:00+00:00, run_after=2026-04-22 00:00:00+00:00
[2026-04-21T00:09:43.648+0000] {processor.py:183} INFO - Processing /opt/airflow/dags/baseball_etl.py took 0.648 seconds
[2026-04-21T00:10:13.849+0000] {processor.py:161} INFO - Started process (PID=3702755) to work on /opt/airflow/dags/baseball_etl.py
[2026-04-21T00:10:13.851+0000] {processor.py:830} INFO - Processing file /opt/airflow/dags/baseball_etl.py for tasks to queue
[2026-04-21T00:10:13.854+0000] {logging_mixin.py:188} INFO - [2026-04-21T00:10:13.853+0000] {dagbag.py:538} INFO - Filling up the DagBag from /opt/airflow/dags/baseball_etl.py
[2026-04-21T00:10:14.372+0000] {processor.py:840} INFO - DAG(s) 'baseball_pipeline_v1' retrieved from /opt/airflow/dags/baseball_etl.py
[2026-04-21T00:10:14.391+0000] {logging_mixin.py:188} INFO - [2026-04-21T00:10:14.390+0000] {dag.py:3036} INFO - Sync 1 DAGs
[2026-04-21T00:10:14.414+0000] {logging_mixin.py:188} INFO - [2026-04-21T00:10:14.414+0000] {dag.py:3823} INFO - Setting next_dagrun for baseball_pipeline_v1 to 2026-04-21 00:00:00+00:00, run_after=2026-04-22 00:00:00+00:00
[2026-04-21T00:10:14.432+0000] {processor.py:183} INFO - Processing /opt/airflow/dags/baseball_etl.py took 0.588 seconds
[2026-04-21T00:10:44.574+0000] {processor.py:161} INFO - Started process (PID=3702812) to work on /opt/airflow/dags/baseball_etl.py
[2026-04-21T00:10:44.575+0000] {processor.py:830} INFO - Processing file /opt/airflow/dags/baseball_etl.py for tasks to queue
[2026-04-21T00:10:44.578+0000] {logging_mixin.py:188} INFO - [2026-04-21T00:10:44.578+0000] {dagbag.py:538} INFO - Filling up the DagBag from /opt/airflow/dags/baseball_etl.py
[2026-04-21T00:10:45.152+0000] {processor.py:840} INFO - DAG(s) 'baseball_pipeline_v1' retrieved from /opt/airflow/dags/baseball_etl.py
[2026-04-21T00:10:45.171+0000] {logging_mixin.py:188} INFO - [2026-04-21T00:10:45.170+0000] {dag.py:3036} INFO - Sync 1 DAGs
[2026-04-21T00:10:45.194+0000] {logging_mixin.py:188} INFO - [2026-04-21T00:10:45.194+0000] {dag.py:3823} INFO - Setting next_dagrun for baseball_pipeline_v1 to 2026-04-21 00:00:00+00:00, run_after=2026-04-22 00:00:00+00:00
[2026-04-21T00:10:45.211+0000] {processor.py:183} INFO - Processing /opt/airflow/dags/baseball_etl.py took 0.643 seconds
[2026-04-21T00:11:16.114+0000] {processor.py:161} INFO - Started process (PID=3702869) to work on /opt/airflow/dags/baseball_etl.py
[2026-04-21T00:11:16.116+0000] {processor.py:830} INFO - Processing file /opt/airflow/dags/baseball_etl.py for tasks to queue
[2026-04-21T00:11:16.118+0000] {logging_mixin.py:188} INFO - [2026-04-21T00:11:16.118+0000] {dagbag.py:538} INFO - Filling up the DagBag from /opt/airflow/dags/baseball_etl.py
[2026-04-21T00:11:16.658+0000] {processor.py:840} INFO - DAG(s) 'baseball_pipeline_v1' retrieved from /opt/airflow/dags/baseball_etl.py
[2026-04-21T00:11:16.676+0000] {logging_mixin.py:188} INFO - [2026-04-21T00:11:16.676+0000] {dag.py:3036} INFO - Sync 1 DAGs
[2026-04-21T00:11:16.703+0000] {logging_mixin.py:188} INFO - [2026-04-21T00:11:16.702+0000] {dag.py:3823} INFO - Setting next_dagrun for baseball_pipeline_v1 to 2026-04-21 00:00:00+00:00, run_after=2026-04-22 00:00:00+00:00
[2026-04-21T00:11:16.721+0000] {processor.py:183} INFO - Processing /opt/airflow/dags/baseball_etl.py took 0.612 seconds
[2026-04-21T00:11:47.334+0000] {processor.py:161} INFO - Started process (PID=3702926) to work on /opt/airflow/dags/baseball_etl.py
[2026-04-21T00:11:47.335+0000] {processor.py:830} INFO - Processing file /opt/airflow/dags/baseball_etl.py for tasks to queue
[2026-04-21T00:11:47.338+0000] {logging_mixin.py:188} INFO - [2026-04-21T00:11:47.337+0000] {dagbag.py:538} INFO - Filling up the DagBag from /opt/airflow/dags/baseball_etl.py
[2026-04-21T00:11:47.869+0000] {processor.py:840} INFO - DAG(s) 'baseball_pipeline_v1' retrieved from /opt/airflow/dags/baseball_etl.py
[2026-04-21T00:11:47.887+0000] {logging_mixin.py:188} INFO - [2026-04-21T00:11:47.886+0000] {dag.py:3036} INFO - Sync 1 DAGs
[2026-04-21T00:11:47.910+0000] {logging_mixin.py:188} INFO - [2026-04-21T00:11:47.910+0000] {dag.py:3823} INFO - Setting next_dagrun for baseball_pipeline_v1 to 2026-04-21 00:00:00+00:00, run_after=2026-04-22 00:00:00+00:00
[2026-04-21T00:11:47.927+0000] {processor.py:183} INFO - Processing /opt/airflow/dags/baseball_etl.py took 0.598 seconds
[2026-04-21T00:12:18.491+0000] {processor.py:161} INFO - Started process (PID=3702985) to work on /opt/airflow/dags/baseball_etl.py
[2026-04-21T00:12:18.494+0000] {processor.py:830} INFO - Processing file /opt/airflow/dags/baseball_etl.py for tasks to queue
[2026-04-21T00:12:18.496+0000] {logging_mixin.py:188} INFO - [2026-04-21T00:12:18.496+0000] {dagbag.py:538} INFO - Filling up the DagBag from /opt/airflow/dags/baseball_etl.py
[2026-04-21T00:12:19.022+0000] {processor.py:840} INFO - DAG(s) 'baseball_pipeline_v1' retrieved from /opt/airflow/dags/baseball_etl.py
[2026-04-21T00:12:19.040+0000] {logging_mixin.py:188} INFO - [2026-04-21T00:12:19.039+0000] {dag.py:3036} INFO - Sync 1 DAGs
[2026-04-21T00:12:19.063+0000] {logging_mixin.py:188} INFO - [2026-04-21T00:12:19.062+0000] {dag.py:3823} INFO - Setting next_dagrun for baseball_pipeline_v1 to 2026-04-21 00:00:00+00:00, run_after=2026-04-22 00:00:00+00:00
[2026-04-21T00:12:19.079+0000] {processor.py:183} INFO - Processing /opt/airflow/dags/baseball_etl.py took 0.593 seconds
[2026-04-21T00:12:49.255+0000] {processor.py:161} INFO - Started process (PID=3703041) to work on /opt/airflow/dags/baseball_etl.py
[2026-04-21T00:12:49.258+0000] {processor.py:830} INFO - Processing file /opt/airflow/dags/baseball_etl.py for tasks to queue
[2026-04-21T00:12:49.262+0000] {logging_mixin.py:188} INFO - [2026-04-21T00:12:49.261+0000] {dagbag.py:538} INFO - Filling up the DagBag from /opt/airflow/dags/baseball_etl.py
[2026-04-21T00:12:49.856+0000] {processor.py:840} INFO - DAG(s) 'baseball_pipeline_v1' retrieved from /opt/airflow/dags/baseball_etl.py
[2026-04-21T00:12:49.875+0000] {logging_mixin.py:188} INFO - [2026-04-21T00:12:49.874+0000] {dag.py:3036} INFO - Sync 1 DAGs
[2026-04-21T00:12:49.899+0000] {logging_mixin.py:188} INFO - [2026-04-21T00:12:49.898+0000] {dag.py:3823} INFO - Setting next_dagrun for baseball_pipeline_v1 to 2026-04-21 00:00:00+00:00, run_after=2026-04-22 00:00:00+00:00
[2026-04-21T00:12:49.916+0000] {processor.py:183} INFO - Processing /opt/airflow/dags/baseball_etl.py took 0.666 seconds
[2026-04-21T00:13:20.551+0000] {processor.py:161} INFO - Started process (PID=3703100) to work on /opt/airflow/dags/baseball_etl.py
[2026-04-21T00:13:20.553+0000] {processor.py:830} INFO - Processing file /opt/airflow/dags/baseball_etl.py for tasks to queue
[2026-04-21T00:13:20.555+0000] {logging_mixin.py:188} INFO - [2026-04-21T00:13:20.555+0000] {dagbag.py:538} INFO - Filling up the DagBag from /opt/airflow/dags/baseball_etl.py
[2026-04-21T00:13:21.104+0000] {processor.py:840} INFO - DAG(s) 'baseball_pipeline_v1' retrieved from /opt/airflow/dags/baseball_etl.py
[2026-04-21T00:13:21.122+0000] {logging_mixin.py:188} INFO - [2026-04-21T00:13:21.121+0000] {dag.py:3036} INFO - Sync 1 DAGs
[2026-04-21T00:13:21.146+0000] {logging_mixin.py:188} INFO - [2026-04-21T00:13:21.146+0000] {dag.py:3823} INFO - Setting next_dagrun for baseball_pipeline_v1 to 2026-04-21 00:00:00+00:00, run_after=2026-04-22 00:00:00+00:00
[2026-04-21T00:13:21.164+0000] {processor.py:183} INFO - Processing /opt/airflow/dags/baseball_etl.py took 0.618 seconds
[2026-04-21T00:13:51.880+0000] {processor.py:161} INFO - Started process (PID=3703157) to work on /opt/airflow/dags/baseball_etl.py
[2026-04-21T00:13:51.882+0000] {processor.py:830} INFO - Processing file /opt/airflow/dags/baseball_etl.py for tasks to queue
[2026-04-21T00:13:51.884+0000] {logging_mixin.py:188} INFO - [2026-04-21T00:13:51.884+0000] {dagbag.py:538} INFO - Filling up the DagBag from /opt/airflow/dags/baseball_etl.py
[2026-04-21T00:13:52.432+0000] {processor.py:840} INFO - DAG(s) 'baseball_pipeline_v1' retrieved from /opt/airflow/dags/baseball_etl.py
[2026-04-21T00:13:52.450+0000] {logging_mixin.py:188} INFO - [2026-04-21T00:13:52.450+0000] {dag.py:3036} INFO - Sync 1 DAGs
[2026-04-21T00:13:52.474+0000] {logging_mixin.py:188} INFO - [2026-04-21T00:13:52.473+0000] {dag.py:3823} INFO - Setting next_dagrun for baseball_pipeline_v1 to 2026-04-21 00:00:00+00:00, run_after=2026-04-22 00:00:00+00:00
[2026-04-21T00:13:52.490+0000] {processor.py:183} INFO - Processing /opt/airflow/dags/baseball_etl.py took 0.615 seconds
[2026-04-21T00:14:23.199+0000] {processor.py:161} INFO - Started process (PID=3703214) to work on /opt/airflow/dags/baseball_etl.py
[2026-04-21T00:14:23.202+0000] {processor.py:830} INFO - Processing file /opt/airflow/dags/baseball_etl.py for tasks to queue
[2026-04-21T00:14:23.204+0000] {logging_mixin.py:188} INFO - [2026-04-21T00:14:23.204+0000] {dagbag.py:538} INFO - Filling up the DagBag from /opt/airflow/dags/baseball_etl.py
[2026-04-21T00:14:23.741+0000] {processor.py:840} INFO - DAG(s) 'baseball_pipeline_v1' retrieved from /opt/airflow/dags/baseball_etl.py
[2026-04-21T00:14:23.760+0000] {logging_mixin.py:188} INFO - [2026-04-21T00:14:23.759+0000] {dag.py:3036} INFO - Sync 1 DAGs
[2026-04-21T00:14:23.791+0000] {logging_mixin.py:188} INFO - [2026-04-21T00:14:23.791+0000] {dag.py:3823} INFO - Setting next_dagrun for baseball_pipeline_v1 to 2026-04-21 00:00:00+00:00, run_after=2026-04-22 00:00:00+00:00
[2026-04-21T00:14:23.809+0000] {processor.py:183} INFO - Processing /opt/airflow/dags/baseball_etl.py took 0.614 seconds
[2026-04-21T00:14:54.361+0000] {processor.py:161} INFO - Started process (PID=3703272) to work on /opt/airflow/dags/baseball_etl.py
[2026-04-21T00:14:54.362+0000] {processor.py:830} INFO - Processing file /opt/airflow/dags/baseball_etl.py for tasks to queue
[2026-04-21T00:14:54.364+0000] {logging_mixin.py:188} INFO - [2026-04-21T00:14:54.364+0000] {dagbag.py:538} INFO - Filling up the DagBag from /opt/airflow/dags/baseball_etl.py
[2026-04-21T00:14:54.913+0000] {processor.py:840} INFO - DAG(s) 'baseball_pipeline_v1' retrieved from /opt/airflow/dags/baseball_etl.py
[2026-04-21T00:14:54.933+0000] {logging_mixin.py:188} INFO - [2026-04-21T00:14:54.932+0000] {dag.py:3036} INFO - Sync 1 DAGs
[2026-04-21T00:14:54.958+0000] {logging_mixin.py:188} INFO - [2026-04-21T00:14:54.958+0000] {dag.py:3823} INFO - Setting next_dagrun for baseball_pipeline_v1 to 2026-04-21 00:00:00+00:00, run_after=2026-04-22 00:00:00+00:00
[2026-04-21T00:14:54.979+0000] {processor.py:183} INFO - Processing /opt/airflow/dags/baseball_etl.py took 0.623 seconds
[2026-04-21T00:15:25.029+0000] {processor.py:161} INFO - Started process (PID=3703333) to work on /opt/airflow/dags/baseball_etl.py
[2026-04-21T00:15:25.031+0000] {processor.py:830} INFO - Processing file /opt/airflow/dags/baseball_etl.py for tasks to queue
[2026-04-21T00:15:25.033+0000] {logging_mixin.py:188} INFO - [2026-04-21T00:15:25.033+0000] {dagbag.py:538} INFO - Filling up the DagBag from /opt/airflow/dags/baseball_etl.py
[2026-04-21T00:15:25.557+0000] {processor.py:840} INFO - DAG(s) 'baseball_pipeline_v1' retrieved from /opt/airflow/dags/baseball_etl.py
[2026-04-21T00:15:25.576+0000] {logging_mixin.py:188} INFO - [2026-04-21T00:15:25.576+0000] {dag.py:3036} INFO - Sync 1 DAGs
[2026-04-21T00:15:25.601+0000] {logging_mixin.py:188} INFO - [2026-04-21T00:15:25.601+0000] {dag.py:3823} INFO - Setting next_dagrun for baseball_pipeline_v1 to 2026-04-21 00:00:00+00:00, run_after=2026-04-22 00:00:00+00:00
[2026-04-21T00:15:25.618+0000] {processor.py:183} INFO - Processing /opt/airflow/dags/baseball_etl.py took 0.594 seconds
[2026-04-21T00:15:56.436+0000] {processor.py:161} INFO - Started process (PID=3703390) to work on /opt/airflow/dags/baseball_etl.py
[2026-04-21T00:15:56.438+0000] {processor.py:830} INFO - Processing file /opt/airflow/dags/baseball_etl.py for tasks to queue
[2026-04-21T00:15:56.441+0000] {logging_mixin.py:188} INFO - [2026-04-21T00:15:56.440+0000] {dagbag.py:538} INFO - Filling up the DagBag from /opt/airflow/dags/baseball_etl.py
[2026-04-21T00:15:56.985+0000] {processor.py:840} INFO - DAG(s) 'baseball_pipeline_v1' retrieved from /opt/airflow/dags/baseball_etl.py
[2026-04-21T00:15:57.004+0000] {logging_mixin.py:188} INFO - [2026-04-21T00:15:57.004+0000] {dag.py:3036} INFO - Sync 1 DAGs
[2026-04-21T00:15:57.031+0000] {logging_mixin.py:188} INFO - [2026-04-21T00:15:57.031+0000] {dag.py:3823} INFO - Setting next_dagrun for baseball_pipeline_v1 to 2026-04-21 00:00:00+00:00, run_after=2026-04-22 00:00:00+00:00
[2026-04-21T00:15:57.053+0000] {processor.py:183} INFO - Processing /opt/airflow/dags/baseball_etl.py took 0.623 seconds
[2026-04-21T00:16:27.161+0000] {processor.py:161} INFO - Started process (PID=3703452) to work on /opt/airflow/dags/baseball_etl.py
[2026-04-21T00:16:27.163+0000] {processor.py:830} INFO - Processing file /opt/airflow/dags/baseball_etl.py for tasks to queue
[2026-04-21T00:16:27.166+0000] {logging_mixin.py:188} INFO - [2026-04-21T00:16:27.165+0000] {dagbag.py:538} INFO - Filling up the DagBag from /opt/airflow/dags/baseball_etl.py
[2026-04-21T00:16:27.675+0000] {processor.py:840} INFO - DAG(s) 'baseball_pipeline_v1' retrieved from /opt/airflow/dags/baseball_etl.py
[2026-04-21T00:16:27.695+0000] {logging_mixin.py:188} INFO - [2026-04-21T00:16:27.695+0000] {dag.py:3036} INFO - Sync 1 DAGs
[2026-04-21T00:16:27.721+0000] {logging_mixin.py:188} INFO - [2026-04-21T00:16:27.721+0000] {dag.py:3823} INFO - Setting next_dagrun for baseball_pipeline_v1 to 2026-04-21 00:00:00+00:00, run_after=2026-04-22 00:00:00+00:00
[2026-04-21T00:16:27.740+0000] {processor.py:183} INFO - Processing /opt/airflow/dags/baseball_etl.py took 0.583 seconds
[2026-04-21T00:16:57.900+0000] {processor.py:161} INFO - Started process (PID=3703512) to work on /opt/airflow/dags/baseball_etl.py
[2026-04-21T00:16:57.901+0000] {processor.py:830} INFO - Processing file /opt/airflow/dags/baseball_etl.py for tasks to queue
[2026-04-21T00:16:57.904+0000] {logging_mixin.py:188} INFO - [2026-04-21T00:16:57.903+0000] {dagbag.py:538} INFO - Filling up the DagBag from /opt/airflow/dags/baseball_etl.py
[2026-04-21T00:16:58.402+0000] {processor.py:840} INFO - DAG(s) 'baseball_pipeline_v1' retrieved from /opt/airflow/dags/baseball_etl.py
[2026-04-21T00:16:58.420+0000] {logging_mixin.py:188} INFO - [2026-04-21T00:16:58.419+0000] {dag.py:3036} INFO - Sync 1 DAGs
[2026-04-21T00:16:58.442+0000] {logging_mixin.py:188} INFO - [2026-04-21T00:16:58.442+0000] {dag.py:3823} INFO - Setting next_dagrun for baseball_pipeline_v1 to 2026-04-21 00:00:00+00:00, run_after=2026-04-22 00:00:00+00:00
[2026-04-21T00:16:58.459+0000] {processor.py:183} INFO - Processing /opt/airflow/dags/baseball_etl.py took 0.563 seconds
[2026-04-21T00:17:28.532+0000] {processor.py:161} INFO - Started process (PID=3703570) to work on /opt/airflow/dags/baseball_etl.py
[2026-04-21T00:17:28.534+0000] {processor.py:830} INFO - Processing file /opt/airflow/dags/baseball_etl.py for tasks to queue
[2026-04-21T00:17:28.537+0000] {logging_mixin.py:188} INFO - [2026-04-21T00:17:28.536+0000] {dagbag.py:538} INFO - Filling up the DagBag from /opt/airflow/dags/baseball_etl.py
[2026-04-21T00:17:29.095+0000] {processor.py:840} INFO - DAG(s) 'baseball_pipeline_v1' retrieved from /opt/airflow/dags/baseball_etl.py
[2026-04-21T00:17:29.114+0000] {logging_mixin.py:188} INFO - [2026-04-21T00:17:29.114+0000] {dag.py:3036} INFO - Sync 1 DAGs
[2026-04-21T00:17:29.138+0000] {logging_mixin.py:188} INFO - [2026-04-21T00:17:29.137+0000] {dag.py:3823} INFO - Setting next_dagrun for baseball_pipeline_v1 to 2026-04-21 00:00:00+00:00, run_after=2026-04-22 00:00:00+00:00
[2026-04-21T00:17:29.156+0000] {processor.py:183} INFO - Processing /opt/airflow/dags/baseball_etl.py took 0.629 seconds
[2026-04-21T00:17:59.904+0000] {processor.py:161} INFO - Started process (PID=3703633) to work on /opt/airflow/dags/baseball_etl.py
[2026-04-21T00:17:59.906+0000] {processor.py:830} INFO - Processing file /opt/airflow/dags/baseball_etl.py for tasks to queue
[2026-04-21T00:17:59.909+0000] {logging_mixin.py:188} INFO - [2026-04-21T00:17:59.908+0000] {dagbag.py:538} INFO - Filling up the DagBag from /opt/airflow/dags/baseball_etl.py
[2026-04-21T00:18:00.455+0000] {processor.py:840} INFO - DAG(s) 'baseball_pipeline_v1' retrieved from /opt/airflow/dags/baseball_etl.py
[2026-04-21T00:18:00.474+0000] {logging_mixin.py:188} INFO - [2026-04-21T00:18:00.473+0000] {dag.py:3036} INFO - Sync 1 DAGs
[2026-04-21T00:18:00.497+0000] {logging_mixin.py:188} INFO - [2026-04-21T00:18:00.497+0000] {dag.py:3823} INFO - Setting next_dagrun for baseball_pipeline_v1 to 2026-04-21 00:00:00+00:00, run_after=2026-04-22 00:00:00+00:00
[2026-04-21T00:18:00.514+0000] {processor.py:183} INFO - Processing /opt/airflow/dags/baseball_etl.py took 0.615 seconds
[2026-04-21T00:18:31.417+0000] {processor.py:161} INFO - Started process (PID=3703692) to work on /opt/airflow/dags/baseball_etl.py
[2026-04-21T00:18:31.419+0000] {processor.py:830} INFO - Processing file /opt/airflow/dags/baseball_etl.py for tasks to queue
[2026-04-21T00:18:31.422+0000] {logging_mixin.py:188} INFO - [2026-04-21T00:18:31.421+0000] {dagbag.py:538} INFO - Filling up the DagBag from /opt/airflow/dags/baseball_etl.py
[2026-04-21T00:18:31.946+0000] {processor.py:840} INFO - DAG(s) 'baseball_pipeline_v1' retrieved from /opt/airflow/dags/baseball_etl.py
[2026-04-21T00:18:31.965+0000] {logging_mixin.py:188} INFO - [2026-04-21T00:18:31.964+0000] {dag.py:3036} INFO - Sync 1 DAGs
[2026-04-21T00:18:31.988+0000] {logging_mixin.py:188} INFO - [2026-04-21T00:18:31.988+0000] {dag.py:3823} INFO - Setting next_dagrun for baseball_pipeline_v1 to 2026-04-21 00:00:00+00:00, run_after=2026-04-22 00:00:00+00:00
[2026-04-21T00:18:32.004+0000] {processor.py:183} INFO - Processing /opt/airflow/dags/baseball_etl.py took 0.591 seconds
[2026-04-21T00:19:02.947+0000] {processor.py:161} INFO - Started process (PID=3703752) to work on /opt/airflow/dags/baseball_etl.py
[2026-04-21T00:19:02.949+0000] {processor.py:830} INFO - Processing file /opt/airflow/dags/baseball_etl.py for tasks to queue
[2026-04-21T00:19:02.953+0000] {logging_mixin.py:188} INFO - [2026-04-21T00:19:02.952+0000] {dagbag.py:538} INFO - Filling up the DagBag from /opt/airflow/dags/baseball_etl.py
[2026-04-21T00:19:03.583+0000] {processor.py:840} INFO - DAG(s) 'baseball_pipeline_v1' retrieved from /opt/airflow/dags/baseball_etl.py
[2026-04-21T00:19:03.602+0000] {logging_mixin.py:188} INFO - [2026-04-21T00:19:03.601+0000] {dag.py:3036} INFO - Sync 1 DAGs
[2026-04-21T00:19:03.628+0000] {logging_mixin.py:188} INFO - [2026-04-21T00:19:03.628+0000] {dag.py:3823} INFO - Setting next_dagrun for baseball_pipeline_v1 to 2026-04-21 00:00:00+00:00, run_after=2026-04-22 00:00:00+00:00
[2026-04-21T00:19:03.647+0000] {processor.py:183} INFO - Processing /opt/airflow/dags/baseball_etl.py took 0.706 seconds
[2026-04-21T00:19:34.161+0000] {processor.py:161} INFO - Started process (PID=3703809) to work on /opt/airflow/dags/baseball_etl.py
[2026-04-21T00:19:34.162+0000] {processor.py:830} INFO - Processing file /opt/airflow/dags/baseball_etl.py for tasks to queue
[2026-04-21T00:19:34.164+0000] {logging_mixin.py:188} INFO - [2026-04-21T00:19:34.164+0000] {dagbag.py:538} INFO - Filling up the DagBag from /opt/airflow/dags/baseball_etl.py
[2026-04-21T00:19:34.716+0000] {processor.py:840} INFO - DAG(s) 'baseball_pipeline_v1' retrieved from /opt/airflow/dags/baseball_etl.py
[2026-04-21T00:19:34.735+0000] {logging_mixin.py:188} INFO - [2026-04-21T00:19:34.734+0000] {dag.py:3036} INFO - Sync 1 DAGs
[2026-04-21T00:19:34.758+0000] {logging_mixin.py:188} INFO - [2026-04-21T00:19:34.758+0000] {dag.py:3823} INFO - Setting next_dagrun for baseball_pipeline_v1 to 2026-04-21 00:00:00+00:00, run_after=2026-04-22 00:00:00+00:00
[2026-04-21T00:19:34.775+0000] {processor.py:183} INFO - Processing /opt/airflow/dags/baseball_etl.py took 0.619 seconds
[2026-04-21T00:20:05.478+0000] {processor.py:161} INFO - Started process (PID=3703866) to work on /opt/airflow/dags/baseball_etl.py
[2026-04-21T00:20:05.480+0000] {processor.py:830} INFO - Processing file /opt/airflow/dags/baseball_etl.py for tasks to queue
[2026-04-21T00:20:05.482+0000] {logging_mixin.py:188} INFO - [2026-04-21T00:20:05.482+0000] {dagbag.py:538} INFO - Filling up the DagBag from /opt/airflow/dags/baseball_etl.py
[2026-04-21T00:20:06.000+0000] {processor.py:840} INFO - DAG(s) 'baseball_pipeline_v1' retrieved from /opt/airflow/dags/baseball_etl.py
[2026-04-21T00:20:06.019+0000] {logging_mixin.py:188} INFO - [2026-04-21T00:20:06.019+0000] {dag.py:3036} INFO - Sync 1 DAGs
[2026-04-21T00:20:06.044+0000] {logging_mixin.py:188} INFO - [2026-04-21T00:20:06.044+0000] {dag.py:3823} INFO - Setting next_dagrun for baseball_pipeline_v1 to 2026-04-21 00:00:00+00:00, run_after=2026-04-22 00:00:00+00:00
[2026-04-21T00:20:06.063+0000] {processor.py:183} INFO - Processing /opt/airflow/dags/baseball_etl.py took 0.590 seconds
[2026-04-21T00:20:36.712+0000] {processor.py:161} INFO - Started process (PID=3703923) to work on /opt/airflow/dags/baseball_etl.py
[2026-04-21T00:20:36.714+0000] {processor.py:830} INFO - Processing file /opt/airflow/dags/baseball_etl.py for tasks to queue
[2026-04-21T00:20:36.717+0000] {logging_mixin.py:188} INFO - [2026-04-21T00:20:36.716+0000] {dagbag.py:538} INFO - Filling up the DagBag from /opt/airflow/dags/baseball_etl.py
[2026-04-21T00:20:37.219+0000] {processor.py:840} INFO - DAG(s) 'baseball_pipeline_v1' retrieved from /opt/airflow/dags/baseball_etl.py
[2026-04-21T00:20:37.238+0000] {logging_mixin.py:188} INFO - [2026-04-21T00:20:37.238+0000] {dag.py:3036} INFO - Sync 1 DAGs
[2026-04-21T00:20:37.262+0000] {logging_mixin.py:188} INFO - [2026-04-21T00:20:37.261+0000] {dag.py:3823} INFO - Setting next_dagrun for baseball_pipeline_v1 to 2026-04-21 00:00:00+00:00, run_after=2026-04-22 00:00:00+00:00
[2026-04-21T00:20:37.278+0000] {processor.py:183} INFO - Processing /opt/airflow/dags/baseball_etl.py took 0.570 seconds
[2026-04-21T00:21:08.099+0000] {processor.py:161} INFO - Started process (PID=3703980) to work on /opt/airflow/dags/baseball_etl.py
[2026-04-21T00:21:08.100+0000] {processor.py:830} INFO - Processing file /opt/airflow/dags/baseball_etl.py for tasks to queue
[2026-04-21T00:21:08.102+0000] {logging_mixin.py:188} INFO - [2026-04-21T00:21:08.102+0000] {dagbag.py:538} INFO - Filling up the DagBag from /opt/airflow/dags/baseball_etl.py
[2026-04-21T00:21:08.615+0000] {processor.py:840} INFO - DAG(s) 'baseball_pipeline_v1' retrieved from /opt/airflow/dags/baseball_etl.py
[2026-04-21T00:21:08.634+0000] {logging_mixin.py:188} INFO - [2026-04-21T00:21:08.633+0000] {dag.py:3036} INFO - Sync 1 DAGs
[2026-04-21T00:21:08.657+0000] {logging_mixin.py:188} INFO - [2026-04-21T00:21:08.657+0000] {dag.py:3823} INFO - Setting next_dagrun for baseball_pipeline_v1 to 2026-04-21 00:00:00+00:00, run_after=2026-04-22 00:00:00+00:00
[2026-04-21T00:21:08.674+0000] {processor.py:183} INFO - Processing /opt/airflow/dags/baseball_etl.py took 0.580 seconds
[2026-04-21T00:21:39.350+0000] {processor.py:161} INFO - Started process (PID=3704038) to work on /opt/airflow/dags/baseball_etl.py
[2026-04-21T00:21:39.352+0000] {processor.py:830} INFO - Processing file /opt/airflow/dags/baseball_etl.py for tasks to queue
[2026-04-21T00:21:39.354+0000] {logging_mixin.py:188} INFO - [2026-04-21T00:21:39.354+0000] {dagbag.py:538} INFO - Filling up the DagBag from /opt/airflow/dags/baseball_etl.py
[2026-04-21T00:21:39.890+0000] {processor.py:840} INFO - DAG(s) 'baseball_pipeline_v1' retrieved from /opt/airflow/dags/baseball_etl.py
[2026-04-21T00:21:39.911+0000] {logging_mixin.py:188} INFO - [2026-04-21T00:21:39.910+0000] {dag.py:3036} INFO - Sync 1 DAGs
[2026-04-21T00:21:39.935+0000] {logging_mixin.py:188} INFO - [2026-04-21T00:21:39.935+0000] {dag.py:3823} INFO - Setting next_dagrun for baseball_pipeline_v1 to 2026-04-21 00:00:00+00:00, run_after=2026-04-22 00:00:00+00:00
[2026-04-21T00:21:39.952+0000] {processor.py:183} INFO - Processing /opt/airflow/dags/baseball_etl.py took 0.607 seconds
[2026-04-21T00:22:10.011+0000] {processor.py:161} INFO - Started process (PID=3704095) to work on /opt/airflow/dags/baseball_etl.py
[2026-04-21T00:22:10.012+0000] {processor.py:830} INFO - Processing file /opt/airflow/dags/baseball_etl.py for tasks to queue
[2026-04-21T00:22:10.015+0000] {logging_mixin.py:188} INFO - [2026-04-21T00:22:10.014+0000] {dagbag.py:538} INFO - Filling up the DagBag from /opt/airflow/dags/baseball_etl.py
[2026-04-21T00:22:10.518+0000] {processor.py:840} INFO - DAG(s) 'baseball_pipeline_v1' retrieved from /opt/airflow/dags/baseball_etl.py
[2026-04-21T00:22:10.538+0000] {logging_mixin.py:188} INFO - [2026-04-21T00:22:10.538+0000] {dag.py:3036} INFO - Sync 1 DAGs
[2026-04-21T00:22:10.562+0000] {logging_mixin.py:188} INFO - [2026-04-21T00:22:10.562+0000] {dag.py:3823} INFO - Setting next_dagrun for baseball_pipeline_v1 to 2026-04-21 00:00:00+00:00, run_after=2026-04-22 00:00:00+00:00
[2026-04-21T00:22:10.579+0000] {processor.py:183} INFO - Processing /opt/airflow/dags/baseball_etl.py took 0.573 seconds
[2026-04-21T00:22:40.640+0000] {processor.py:161} INFO - Started process (PID=3704156) to work on /opt/airflow/dags/baseball_etl.py
[2026-04-21T00:22:40.642+0000] {processor.py:830} INFO - Processing file /opt/airflow/dags/baseball_etl.py for tasks to queue
[2026-04-21T00:22:40.644+0000] {logging_mixin.py:188} INFO - [2026-04-21T00:22:40.644+0000] {dagbag.py:538} INFO - Filling up the DagBag from /opt/airflow/dags/baseball_etl.py
[2026-04-21T00:22:41.179+0000] {processor.py:840} INFO - DAG(s) 'baseball_pipeline_v1' retrieved from /opt/airflow/dags/baseball_etl.py
[2026-04-21T00:22:41.198+0000] {logging_mixin.py:188} INFO - [2026-04-21T00:22:41.197+0000] {dag.py:3036} INFO - Sync 1 DAGs
[2026-04-21T00:22:41.221+0000] {logging_mixin.py:188} INFO - [2026-04-21T00:22:41.221+0000] {dag.py:3823} INFO - Setting next_dagrun for baseball_pipeline_v1 to 2026-04-21 00:00:00+00:00, run_after=2026-04-22 00:00:00+00:00
[2026-04-21T00:22:41.238+0000] {processor.py:183} INFO - Processing /opt/airflow/dags/baseball_etl.py took 0.603 seconds
[2026-04-21T00:23:11.289+0000] {processor.py:161} INFO - Started process (PID=3704217) to work on /opt/airflow/dags/baseball_etl.py
[2026-04-21T00:23:11.290+0000] {processor.py:830} INFO - Processing file /opt/airflow/dags/baseball_etl.py for tasks to queue
[2026-04-21T00:23:11.293+0000] {logging_mixin.py:188} INFO - [2026-04-21T00:23:11.292+0000] {dagbag.py:538} INFO - Filling up the DagBag from /opt/airflow/dags/baseball_etl.py
[2026-04-21T00:23:11.825+0000] {processor.py:840} INFO - DAG(s) 'baseball_pipeline_v1' retrieved from /opt/airflow/dags/baseball_etl.py
[2026-04-21T00:23:11.843+0000] {logging_mixin.py:188} INFO - [2026-04-21T00:23:11.843+0000] {dag.py:3036} INFO - Sync 1 DAGs
[2026-04-21T00:23:11.868+0000] {logging_mixin.py:188} INFO - [2026-04-21T00:23:11.868+0000] {dag.py:3823} INFO - Setting next_dagrun for baseball_pipeline_v1 to 2026-04-21 00:00:00+00:00, run_after=2026-04-22 00:00:00+00:00
[2026-04-21T00:23:11.885+0000] {processor.py:183} INFO - Processing /opt/airflow/dags/baseball_etl.py took 0.601 seconds
[2026-04-21T00:23:42.035+0000] {processor.py:161} INFO - Started process (PID=3704272) to work on /opt/airflow/dags/baseball_etl.py
[2026-04-21T00:23:42.037+0000] {processor.py:830} INFO - Processing file /opt/airflow/dags/baseball_etl.py for tasks to queue
[2026-04-21T00:23:42.040+0000] {logging_mixin.py:188} INFO - [2026-04-21T00:23:42.039+0000] {dagbag.py:538} INFO - Filling up the DagBag from /opt/airflow/dags/baseball_etl.py
[2026-04-21T00:23:42.642+0000] {processor.py:840} INFO - DAG(s) 'baseball_pipeline_v1' retrieved from /opt/airflow/dags/baseball_etl.py
[2026-04-21T00:23:42.661+0000] {logging_mixin.py:188} INFO - [2026-04-21T00:23:42.660+0000] {dag.py:3036} INFO - Sync 1 DAGs
[2026-04-21T00:23:42.686+0000] {logging_mixin.py:188} INFO - [2026-04-21T00:23:42.685+0000] {dag.py:3823} INFO - Setting next_dagrun for baseball_pipeline_v1 to 2026-04-21 00:00:00+00:00, run_after=2026-04-22 00:00:00+00:00
[2026-04-21T00:23:42.703+0000] {processor.py:183} INFO - Processing /opt/airflow/dags/baseball_etl.py took 0.673 seconds
[2026-04-21T00:24:13.392+0000] {processor.py:161} INFO - Started process (PID=3704330) to work on /opt/airflow/dags/baseball_etl.py
[2026-04-21T00:24:13.393+0000] {processor.py:830} INFO - Processing file /opt/airflow/dags/baseball_etl.py for tasks to queue
[2026-04-21T00:24:13.396+0000] {logging_mixin.py:188} INFO - [2026-04-21T00:24:13.395+0000] {dagbag.py:538} INFO - Filling up the DagBag from /opt/airflow/dags/baseball_etl.py
[2026-04-21T00:24:13.933+0000] {processor.py:840} INFO - DAG(s) 'baseball_pipeline_v1' retrieved from /opt/airflow/dags/baseball_etl.py
[2026-04-21T00:24:13.953+0000] {logging_mixin.py:188} INFO - [2026-04-21T00:24:13.952+0000] {dag.py:3036} INFO - Sync 1 DAGs
[2026-04-21T00:24:13.978+0000] {logging_mixin.py:188} INFO - [2026-04-21T00:24:13.978+0000] {dag.py:3823} INFO - Setting next_dagrun for baseball_pipeline_v1 to 2026-04-21 00:00:00+00:00, run_after=2026-04-22 00:00:00+00:00
[2026-04-21T00:24:13.996+0000] {processor.py:183} INFO - Processing /opt/airflow/dags/baseball_etl.py took 0.609 seconds
[2026-04-21T00:24:44.099+0000] {processor.py:161} INFO - Started process (PID=3704388) to work on /opt/airflow/dags/baseball_etl.py
[2026-04-21T00:24:44.101+0000] {processor.py:830} INFO - Processing file /opt/airflow/dags/baseball_etl.py for tasks to queue
[2026-04-21T00:24:44.103+0000] {logging_mixin.py:188} INFO - [2026-04-21T00:24:44.103+0000] {dagbag.py:538} INFO - Filling up the DagBag from /opt/airflow/dags/baseball_etl.py
[2026-04-21T00:24:44.641+0000] {processor.py:840} INFO - DAG(s) 'baseball_pipeline_v1' retrieved from /opt/airflow/dags/baseball_etl.py
[2026-04-21T00:24:44.660+0000] {logging_mixin.py:188} INFO - [2026-04-21T00:24:44.659+0000] {dag.py:3036} INFO - Sync 1 DAGs
[2026-04-21T00:24:44.684+0000] {logging_mixin.py:188} INFO - [2026-04-21T00:24:44.683+0000] {dag.py:3823} INFO - Setting next_dagrun for baseball_pipeline_v1 to 2026-04-21 00:00:00+00:00, run_after=2026-04-22 00:00:00+00:00
[2026-04-21T00:24:44.702+0000] {processor.py:183} INFO - Processing /opt/airflow/dags/baseball_etl.py took 0.608 seconds
[2026-04-21T00:25:15.204+0000] {processor.py:161} INFO - Started process (PID=3704445) to work on /opt/airflow/dags/baseball_etl.py
[2026-04-21T00:25:15.205+0000] {processor.py:830} INFO - Processing file /opt/airflow/dags/baseball_etl.py for tasks to queue
[2026-04-21T00:25:15.208+0000] {logging_mixin.py:188} INFO - [2026-04-21T00:25:15.208+0000] {dagbag.py:538} INFO - Filling up the DagBag from /opt/airflow/dags/baseball_etl.py
[2026-04-21T00:25:15.531+0000] {processor.py:840} INFO - DAG(s) 'baseball_pipeline_v1' retrieved from /opt/airflow/dags/baseball_etl.py
[2026-04-21T00:25:15.555+0000] {logging_mixin.py:188} INFO - [2026-04-21T00:25:15.555+0000] {dag.py:3036} INFO - Sync 1 DAGs
[2026-04-21T00:25:15.581+0000] {logging_mixin.py:188} INFO - [2026-04-21T00:25:15.581+0000] {dag.py:3823} INFO - Setting next_dagrun for baseball_pipeline_v1 to 2026-04-21 00:00:00+00:00, run_after=2026-04-22 00:00:00+00:00
[2026-04-21T00:25:15.600+0000] {processor.py:183} INFO - Processing /opt/airflow/dags/baseball_etl.py took 0.401 seconds
[2026-04-21T00:25:45.714+0000] {processor.py:161} INFO - Started process (PID=3704505) to work on /opt/airflow/dags/baseball_etl.py
[2026-04-21T00:25:45.716+0000] {processor.py:830} INFO - Processing file /opt/airflow/dags/baseball_etl.py for tasks to queue
[2026-04-21T00:25:45.718+0000] {logging_mixin.py:188} INFO - [2026-04-21T00:25:45.718+0000] {dagbag.py:538} INFO - Filling up the DagBag from /opt/airflow/dags/baseball_etl.py
[2026-04-21T00:25:46.037+0000] {processor.py:840} INFO - DAG(s) 'baseball_pipeline_v1' retrieved from /opt/airflow/dags/baseball_etl.py
[2026-04-21T00:25:46.059+0000] {logging_mixin.py:188} INFO - [2026-04-21T00:25:46.058+0000] {dag.py:3036} INFO - Sync 1 DAGs
[2026-04-21T00:25:46.085+0000] {logging_mixin.py:188} INFO - [2026-04-21T00:25:46.085+0000] {dag.py:3823} INFO - Setting next_dagrun for baseball_pipeline_v1 to 2026-04-21 00:00:00+00:00, run_after=2026-04-22 00:00:00+00:00
[2026-04-21T00:25:46.103+0000] {processor.py:183} INFO - Processing /opt/airflow/dags/baseball_etl.py took 0.394 seconds
[2026-04-21T00:26:16.766+0000] {processor.py:161} INFO - Started process (PID=3704562) to work on /opt/airflow/dags/baseball_etl.py
[2026-04-21T00:26:16.767+0000] {processor.py:830} INFO - Processing file /opt/airflow/dags/baseball_etl.py for tasks to queue
[2026-04-21T00:26:16.770+0000] {logging_mixin.py:188} INFO - [2026-04-21T00:26:16.769+0000] {dagbag.py:538} INFO - Filling up the DagBag from /opt/airflow/dags/baseball_etl.py
[2026-04-21T00:26:17.092+0000] {processor.py:840} INFO - DAG(s) 'baseball_pipeline_v1' retrieved from /opt/airflow/dags/baseball_etl.py
[2026-04-21T00:26:17.114+0000] {logging_mixin.py:188} INFO - [2026-04-21T00:26:17.114+0000] {dag.py:3036} INFO - Sync 1 DAGs
[2026-04-21T00:26:17.140+0000] {logging_mixin.py:188} INFO - [2026-04-21T00:26:17.140+0000] {dag.py:3823} INFO - Setting next_dagrun for baseball_pipeline_v1 to 2026-04-21 00:00:00+00:00, run_after=2026-04-22 00:00:00+00:00
[2026-04-21T00:26:17.158+0000] {processor.py:183} INFO - Processing /opt/airflow/dags/baseball_etl.py took 0.397 seconds
[2026-04-21T00:26:47.282+0000] {processor.py:161} INFO - Started process (PID=3704622) to work on /opt/airflow/dags/baseball_etl.py
[2026-04-21T00:26:47.284+0000] {processor.py:830} INFO - Processing file /opt/airflow/dags/baseball_etl.py for tasks to queue
[2026-04-21T00:26:47.286+0000] {logging_mixin.py:188} INFO - [2026-04-21T00:26:47.286+0000] {dagbag.py:538} INFO - Filling up the DagBag from /opt/airflow/dags/baseball_etl.py
[2026-04-21T00:26:47.626+0000] {processor.py:840} INFO - DAG(s) 'baseball_pipeline_v1' retrieved from /opt/airflow/dags/baseball_etl.py
[2026-04-21T00:26:47.652+0000] {logging_mixin.py:188} INFO - [2026-04-21T00:26:47.651+0000] {dag.py:3036} INFO - Sync 1 DAGs
[2026-04-21T00:26:47.682+0000] {logging_mixin.py:188} INFO - [2026-04-21T00:26:47.682+0000] {dag.py:3823} INFO - Setting next_dagrun for baseball_pipeline_v1 to 2026-04-21 00:00:00+00:00, run_after=2026-04-22 00:00:00+00:00
[2026-04-21T00:26:47.701+0000] {processor.py:183} INFO - Processing /opt/airflow/dags/baseball_etl.py took 0.424 seconds
[2026-04-21T00:27:18.314+0000] {processor.py:161} INFO - Started process (PID=3704679) to work on /opt/airflow/dags/baseball_etl.py
[2026-04-21T00:27:18.315+0000] {processor.py:830} INFO - Processing file /opt/airflow/dags/baseball_etl.py for tasks to queue
[2026-04-21T00:27:18.318+0000] {logging_mixin.py:188} INFO - [2026-04-21T00:27:18.317+0000] {dagbag.py:538} INFO - Filling up the DagBag from /opt/airflow/dags/baseball_etl.py
[2026-04-21T00:27:18.637+0000] {processor.py:840} INFO - DAG(s) 'baseball_pipeline_v1' retrieved from /opt/airflow/dags/baseball_etl.py
[2026-04-21T00:27:18.659+0000] {logging_mixin.py:188} INFO - [2026-04-21T00:27:18.658+0000] {dag.py:3036} INFO - Sync 1 DAGs
[2026-04-21T00:27:18.685+0000] {logging_mixin.py:188} INFO - [2026-04-21T00:27:18.685+0000] {dag.py:3823} INFO - Setting next_dagrun for baseball_pipeline_v1 to 2026-04-21 00:00:00+00:00, run_after=2026-04-22 00:00:00+00:00
[2026-04-21T00:27:18.703+0000] {processor.py:183} INFO - Processing /opt/airflow/dags/baseball_etl.py took 0.394 seconds
[2026-04-21T00:27:48.746+0000] {processor.py:161} INFO - Started process (PID=3704737) to work on /opt/airflow/dags/baseball_etl.py
[2026-04-21T00:27:48.748+0000] {processor.py:830} INFO - Processing file /opt/airflow/dags/baseball_etl.py for tasks to queue
[2026-04-21T00:27:48.751+0000] {logging_mixin.py:188} INFO - [2026-04-21T00:27:48.750+0000] {dagbag.py:538} INFO - Filling up the DagBag from /opt/airflow/dags/baseball_etl.py
[2026-04-21T00:27:49.072+0000] {processor.py:840} INFO - DAG(s) 'baseball_pipeline_v1' retrieved from /opt/airflow/dags/baseball_etl.py
[2026-04-21T00:27:49.093+0000] {logging_mixin.py:188} INFO - [2026-04-21T00:27:49.092+0000] {dag.py:3036} INFO - Sync 1 DAGs
[2026-04-21T00:27:49.120+0000] {logging_mixin.py:188} INFO - [2026-04-21T00:27:49.119+0000] {dag.py:3823} INFO - Setting next_dagrun for baseball_pipeline_v1 to 2026-04-21 00:00:00+00:00, run_after=2026-04-22 00:00:00+00:00
[2026-04-21T00:27:49.139+0000] {processor.py:183} INFO - Processing /opt/airflow/dags/baseball_etl.py took 0.397 seconds
[2026-04-21T00:28:20.109+0000] {processor.py:161} INFO - Started process (PID=3704794) to work on /opt/airflow/dags/baseball_etl.py
[2026-04-21T00:28:20.110+0000] {processor.py:830} INFO - Processing file /opt/airflow/dags/baseball_etl.py for tasks to queue
[2026-04-21T00:28:20.112+0000] {logging_mixin.py:188} INFO - [2026-04-21T00:28:20.112+0000] {dagbag.py:538} INFO - Filling up the DagBag from /opt/airflow/dags/baseball_etl.py
[2026-04-21T00:28:20.437+0000] {processor.py:840} INFO - DAG(s) 'baseball_pipeline_v1' retrieved from /opt/airflow/dags/baseball_etl.py
[2026-04-21T00:28:20.458+0000] {logging_mixin.py:188} INFO - [2026-04-21T00:28:20.458+0000] {dag.py:3036} INFO - Sync 1 DAGs
[2026-04-21T00:28:20.485+0000] {logging_mixin.py:188} INFO - [2026-04-21T00:28:20.485+0000] {dag.py:3823} INFO - Setting next_dagrun for baseball_pipeline_v1 to 2026-04-21 00:00:00+00:00, run_after=2026-04-22 00:00:00+00:00
[2026-04-21T00:28:20.504+0000] {processor.py:183} INFO - Processing /opt/airflow/dags/baseball_etl.py took 0.399 seconds
[2026-04-21T00:28:51.482+0000] {processor.py:161} INFO - Started process (PID=3704851) to work on /opt/airflow/dags/baseball_etl.py
[2026-04-21T00:28:51.484+0000] {processor.py:830} INFO - Processing file /opt/airflow/dags/baseball_etl.py for tasks to queue
[2026-04-21T00:28:51.487+0000] {logging_mixin.py:188} INFO - [2026-04-21T00:28:51.486+0000] {dagbag.py:538} INFO - Filling up the DagBag from /opt/airflow/dags/baseball_etl.py
[2026-04-21T00:28:51.816+0000] {processor.py:840} INFO - DAG(s) 'baseball_pipeline_v1' retrieved from /opt/airflow/dags/baseball_etl.py
[2026-04-21T00:28:51.838+0000] {logging_mixin.py:188} INFO - [2026-04-21T00:28:51.837+0000] {dag.py:3036} INFO - Sync 1 DAGs
[2026-04-21T00:28:51.864+0000] {logging_mixin.py:188} INFO - [2026-04-21T00:28:51.864+0000] {dag.py:3823} INFO - Setting next_dagrun for baseball_pipeline_v1 to 2026-04-21 00:00:00+00:00, run_after=2026-04-22 00:00:00+00:00
[2026-04-21T00:28:51.882+0000] {processor.py:183} INFO - Processing /opt/airflow/dags/baseball_etl.py took 0.404 seconds
[2026-04-21T00:29:21.996+0000] {processor.py:161} INFO - Started process (PID=3704910) to work on /opt/airflow/dags/baseball_etl.py
[2026-04-21T00:29:21.997+0000] {processor.py:830} INFO - Processing file /opt/airflow/dags/baseball_etl.py for tasks to queue
[2026-04-21T00:29:22.000+0000] {logging_mixin.py:188} INFO - [2026-04-21T00:29:21.999+0000] {dagbag.py:538} INFO - Filling up the DagBag from /opt/airflow/dags/baseball_etl.py
[2026-04-21T00:29:22.318+0000] {processor.py:840} INFO - DAG(s) 'baseball_pipeline_v1' retrieved from /opt/airflow/dags/baseball_etl.py
[2026-04-21T00:29:22.339+0000] {logging_mixin.py:188} INFO - [2026-04-21T00:29:22.339+0000] {dag.py:3036} INFO - Sync 1 DAGs
[2026-04-21T00:29:22.366+0000] {logging_mixin.py:188} INFO - [2026-04-21T00:29:22.366+0000] {dag.py:3823} INFO - Setting next_dagrun for baseball_pipeline_v1 to 2026-04-21 00:00:00+00:00, run_after=2026-04-22 00:00:00+00:00
[2026-04-21T00:29:22.384+0000] {processor.py:183} INFO - Processing /opt/airflow/dags/baseball_etl.py took 0.392 seconds
[2026-04-21T00:29:53.302+0000] {processor.py:161} INFO - Started process (PID=3704968) to work on /opt/airflow/dags/baseball_etl.py
[2026-04-21T00:29:53.304+0000] {processor.py:830} INFO - Processing file /opt/airflow/dags/baseball_etl.py for tasks to queue
[2026-04-21T00:29:53.306+0000] {logging_mixin.py:188} INFO - [2026-04-21T00:29:53.306+0000] {dagbag.py:538} INFO - Filling up the DagBag from /opt/airflow/dags/baseball_etl.py
[2026-04-21T00:29:53.630+0000] {processor.py:840} INFO - DAG(s) 'baseball_pipeline_v1' retrieved from /opt/airflow/dags/baseball_etl.py
[2026-04-21T00:29:53.652+0000] {logging_mixin.py:188} INFO - [2026-04-21T00:29:53.651+0000] {dag.py:3036} INFO - Sync 1 DAGs
[2026-04-21T00:29:53.679+0000] {logging_mixin.py:188} INFO - [2026-04-21T00:29:53.679+0000] {dag.py:3823} INFO - Setting next_dagrun for baseball_pipeline_v1 to 2026-04-21 00:00:00+00:00, run_after=2026-04-22 00:00:00+00:00
[2026-04-21T00:29:53.697+0000] {processor.py:183} INFO - Processing /opt/airflow/dags/baseball_etl.py took 0.400 seconds
[2026-04-21T00:30:24.309+0000] {processor.py:161} INFO - Started process (PID=3705025) to work on /opt/airflow/dags/baseball_etl.py
[2026-04-21T00:30:24.311+0000] {processor.py:830} INFO - Processing file /opt/airflow/dags/baseball_etl.py for tasks to queue
[2026-04-21T00:30:24.313+0000] {logging_mixin.py:188} INFO - [2026-04-21T00:30:24.313+0000] {dagbag.py:538} INFO - Filling up the DagBag from /opt/airflow/dags/baseball_etl.py
[2026-04-21T00:30:24.684+0000] {processor.py:840} INFO - DAG(s) 'baseball_pipeline_v1' retrieved from /opt/airflow/dags/baseball_etl.py
[2026-04-21T00:30:24.712+0000] {logging_mixin.py:188} INFO - [2026-04-21T00:30:24.711+0000] {dag.py:3036} INFO - Sync 1 DAGs
[2026-04-21T00:30:24.749+0000] {logging_mixin.py:188} INFO - [2026-04-21T00:30:24.748+0000] {dag.py:3823} INFO - Setting next_dagrun for baseball_pipeline_v1 to 2026-04-21 00:00:00+00:00, run_after=2026-04-22 00:00:00+00:00
[2026-04-21T00:30:24.768+0000] {processor.py:183} INFO - Processing /opt/airflow/dags/baseball_etl.py took 0.464 seconds
[2026-04-21T00:30:54.881+0000] {processor.py:161} INFO - Started process (PID=3705085) to work on /opt/airflow/dags/baseball_etl.py
[2026-04-21T00:30:54.882+0000] {processor.py:830} INFO - Processing file /opt/airflow/dags/baseball_etl.py for tasks to queue
[2026-04-21T00:30:54.884+0000] {logging_mixin.py:188} INFO - [2026-04-21T00:30:54.884+0000] {dagbag.py:538} INFO - Filling up the DagBag from /opt/airflow/dags/baseball_etl.py
[2026-04-21T00:30:55.211+0000] {processor.py:840} INFO - DAG(s) 'baseball_pipeline_v1' retrieved from /opt/airflow/dags/baseball_etl.py
[2026-04-21T00:30:55.233+0000] {logging_mixin.py:188} INFO - [2026-04-21T00:30:55.233+0000] {dag.py:3036} INFO - Sync 1 DAGs
[2026-04-21T00:30:55.259+0000] {logging_mixin.py:188} INFO - [2026-04-21T00:30:55.259+0000] {dag.py:3823} INFO - Setting next_dagrun for baseball_pipeline_v1 to 2026-04-21 00:00:00+00:00, run_after=2026-04-22 00:00:00+00:00
[2026-04-21T00:30:55.277+0000] {processor.py:183} INFO - Processing /opt/airflow/dags/baseball_etl.py took 0.401 seconds
[2026-04-21T00:31:26.150+0000] {processor.py:161} INFO - Started process (PID=3705142) to work on /opt/airflow/dags/baseball_etl.py
[2026-04-21T00:31:26.153+0000] {processor.py:830} INFO - Processing file /opt/airflow/dags/baseball_etl.py for tasks to queue
[2026-04-21T00:31:26.155+0000] {logging_mixin.py:188} INFO - [2026-04-21T00:31:26.155+0000] {dagbag.py:538} INFO - Filling up the DagBag from /opt/airflow/dags/baseball_etl.py
[2026-04-21T00:31:26.475+0000] {processor.py:840} INFO - DAG(s) 'baseball_pipeline_v1' retrieved from /opt/airflow/dags/baseball_etl.py
[2026-04-21T00:31:26.497+0000] {logging_mixin.py:188} INFO - [2026-04-21T00:31:26.496+0000] {dag.py:3036} INFO - Sync 1 DAGs
[2026-04-21T00:31:26.523+0000] {logging_mixin.py:188} INFO - [2026-04-21T00:31:26.523+0000] {dag.py:3823} INFO - Setting next_dagrun for baseball_pipeline_v1 to 2026-04-21 00:00:00+00:00, run_after=2026-04-22 00:00:00+00:00
[2026-04-21T00:31:26.540+0000] {processor.py:183} INFO - Processing /opt/airflow/dags/baseball_etl.py took 0.395 seconds
[2026-04-21T00:31:56.759+0000] {processor.py:161} INFO - Started process (PID=3705200) to work on /opt/airflow/dags/baseball_etl.py
[2026-04-21T00:31:56.762+0000] {processor.py:830} INFO - Processing file /opt/airflow/dags/baseball_etl.py for tasks to queue
[2026-04-21T00:31:56.764+0000] {logging_mixin.py:188} INFO - [2026-04-21T00:31:56.764+0000] {dagbag.py:538} INFO - Filling up the DagBag from /opt/airflow/dags/baseball_etl.py
[2026-04-21T00:31:57.100+0000] {processor.py:840} INFO - DAG(s) 'baseball_pipeline_v1' retrieved from /opt/airflow/dags/baseball_etl.py
[2026-04-21T00:31:57.121+0000] {logging_mixin.py:188} INFO - [2026-04-21T00:31:57.120+0000] {dag.py:3036} INFO - Sync 1 DAGs
[2026-04-21T00:31:57.149+0000] {logging_mixin.py:188} INFO - [2026-04-21T00:31:57.148+0000] {dag.py:3823} INFO - Setting next_dagrun for baseball_pipeline_v1 to 2026-04-21 00:00:00+00:00, run_after=2026-04-22 00:00:00+00:00
[2026-04-21T00:31:57.167+0000] {processor.py:183} INFO - Processing /opt/airflow/dags/baseball_etl.py took 0.413 seconds
[2026-04-21T00:32:27.659+0000] {processor.py:161} INFO - Started process (PID=3705256) to work on /opt/airflow/dags/baseball_etl.py
[2026-04-21T00:32:27.661+0000] {processor.py:830} INFO - Processing file /opt/airflow/dags/baseball_etl.py for tasks to queue
[2026-04-21T00:32:27.663+0000] {logging_mixin.py:188} INFO - [2026-04-21T00:32:27.663+0000] {dagbag.py:538} INFO - Filling up the DagBag from /opt/airflow/dags/baseball_etl.py
[2026-04-21T00:32:27.993+0000] {processor.py:840} INFO - DAG(s) 'baseball_pipeline_v1' retrieved from /opt/airflow/dags/baseball_etl.py
[2026-04-21T00:32:28.014+0000] {logging_mixin.py:188} INFO - [2026-04-21T00:32:28.013+0000] {dag.py:3036} INFO - Sync 1 DAGs
[2026-04-21T00:32:28.041+0000] {logging_mixin.py:188} INFO - [2026-04-21T00:32:28.041+0000] {dag.py:3823} INFO - Setting next_dagrun for baseball_pipeline_v1 to 2026-04-21 00:00:00+00:00, run_after=2026-04-22 00:00:00+00:00
[2026-04-21T00:32:28.059+0000] {processor.py:183} INFO - Processing /opt/airflow/dags/baseball_etl.py took 0.406 seconds
[2026-04-21T00:32:58.824+0000] {processor.py:161} INFO - Started process (PID=3705313) to work on /opt/airflow/dags/baseball_etl.py
[2026-04-21T00:32:58.827+0000] {processor.py:830} INFO - Processing file /opt/airflow/dags/baseball_etl.py for tasks to queue
[2026-04-21T00:32:58.829+0000] {logging_mixin.py:188} INFO - [2026-04-21T00:32:58.829+0000] {dagbag.py:538} INFO - Filling up the DagBag from /opt/airflow/dags/baseball_etl.py
[2026-04-21T00:32:59.163+0000] {processor.py:840} INFO - DAG(s) 'baseball_pipeline_v1' retrieved from /opt/airflow/dags/baseball_etl.py
[2026-04-21T00:32:59.187+0000] {logging_mixin.py:188} INFO - [2026-04-21T00:32:59.186+0000] {dag.py:3036} INFO - Sync 1 DAGs
[2026-04-21T00:32:59.215+0000] {logging_mixin.py:188} INFO - [2026-04-21T00:32:59.215+0000] {dag.py:3823} INFO - Setting next_dagrun for baseball_pipeline_v1 to 2026-04-21 00:00:00+00:00, run_after=2026-04-22 00:00:00+00:00
[2026-04-21T00:32:59.235+0000] {processor.py:183} INFO - Processing /opt/airflow/dags/baseball_etl.py took 0.416 seconds
[2026-04-21T00:33:29.481+0000] {processor.py:161} INFO - Started process (PID=3705371) to work on /opt/airflow/dags/baseball_etl.py
[2026-04-21T00:33:29.482+0000] {processor.py:830} INFO - Processing file /opt/airflow/dags/baseball_etl.py for tasks to queue
[2026-04-21T00:33:29.485+0000] {logging_mixin.py:188} INFO - [2026-04-21T00:33:29.484+0000] {dagbag.py:538} INFO - Filling up the DagBag from /opt/airflow/dags/baseball_etl.py
[2026-04-21T00:33:29.810+0000] {processor.py:840} INFO - DAG(s) 'baseball_pipeline_v1' retrieved from /opt/airflow/dags/baseball_etl.py
[2026-04-21T00:33:29.832+0000] {logging_mixin.py:188} INFO - [2026-04-21T00:33:29.832+0000] {dag.py:3036} INFO - Sync 1 DAGs
[2026-04-21T00:33:29.859+0000] {logging_mixin.py:188} INFO - [2026-04-21T00:33:29.858+0000] {dag.py:3823} INFO - Setting next_dagrun for baseball_pipeline_v1 to 2026-04-21 00:00:00+00:00, run_after=2026-04-22 00:00:00+00:00
[2026-04-21T00:33:29.876+0000] {processor.py:183} INFO - Processing /opt/airflow/dags/baseball_etl.py took 0.400 seconds
[2026-04-21T00:34:00.348+0000] {processor.py:161} INFO - Started process (PID=3705427) to work on /opt/airflow/dags/baseball_etl.py
[2026-04-21T00:34:00.350+0000] {processor.py:830} INFO - Processing file /opt/airflow/dags/baseball_etl.py for tasks to queue
[2026-04-21T00:34:00.352+0000] {logging_mixin.py:188} INFO - [2026-04-21T00:34:00.352+0000] {dagbag.py:538} INFO - Filling up the DagBag from /opt/airflow/dags/baseball_etl.py
[2026-04-21T00:34:00.680+0000] {processor.py:840} INFO - DAG(s) 'baseball_pipeline_v1' retrieved from /opt/airflow/dags/baseball_etl.py
[2026-04-21T00:34:00.700+0000] {logging_mixin.py:188} INFO - [2026-04-21T00:34:00.700+0000] {dag.py:3036} INFO - Sync 1 DAGs
[2026-04-21T00:34:00.728+0000] {logging_mixin.py:188} INFO - [2026-04-21T00:34:00.727+0000] {dag.py:3823} INFO - Setting next_dagrun for baseball_pipeline_v1 to 2026-04-21 00:00:00+00:00, run_after=2026-04-22 00:00:00+00:00
[2026-04-21T00:34:00.745+0000] {processor.py:183} INFO - Processing /opt/airflow/dags/baseball_etl.py took 0.402 seconds
[2026-04-21T00:34:31.531+0000] {processor.py:161} INFO - Started process (PID=3705490) to work on /opt/airflow/dags/baseball_etl.py
[2026-04-21T00:34:31.533+0000] {processor.py:830} INFO - Processing file /opt/airflow/dags/baseball_etl.py for tasks to queue
[2026-04-21T00:34:31.535+0000] {logging_mixin.py:188} INFO - [2026-04-21T00:34:31.535+0000] {dagbag.py:538} INFO - Filling up the DagBag from /opt/airflow/dags/baseball_etl.py
[2026-04-21T00:34:31.855+0000] {processor.py:840} INFO - DAG(s) 'baseball_pipeline_v1' retrieved from /opt/airflow/dags/baseball_etl.py
[2026-04-21T00:34:31.877+0000] {logging_mixin.py:188} INFO - [2026-04-21T00:34:31.877+0000] {dag.py:3036} INFO - Sync 1 DAGs
[2026-04-21T00:34:31.904+0000] {logging_mixin.py:188} INFO - [2026-04-21T00:34:31.904+0000] {dag.py:3823} INFO - Setting next_dagrun for baseball_pipeline_v1 to 2026-04-21 00:00:00+00:00, run_after=2026-04-22 00:00:00+00:00
[2026-04-21T00:34:31.925+0000] {processor.py:183} INFO - Processing /opt/airflow/dags/baseball_etl.py took 0.399 seconds
[2026-04-21T00:35:02.177+0000] {processor.py:161} INFO - Started process (PID=3705548) to work on /opt/airflow/dags/baseball_etl.py
[2026-04-21T00:35:02.179+0000] {processor.py:830} INFO - Processing file /opt/airflow/dags/baseball_etl.py for tasks to queue
[2026-04-21T00:35:02.183+0000] {logging_mixin.py:188} INFO - [2026-04-21T00:35:02.182+0000] {dagbag.py:538} INFO - Filling up the DagBag from /opt/airflow/dags/baseball_etl.py
[2026-04-21T00:35:02.572+0000] {processor.py:840} INFO - DAG(s) 'baseball_pipeline_v1' retrieved from /opt/airflow/dags/baseball_etl.py
[2026-04-21T00:35:02.594+0000] {logging_mixin.py:188} INFO - [2026-04-21T00:35:02.594+0000] {dag.py:3036} INFO - Sync 1 DAGs
[2026-04-21T00:35:02.622+0000] {logging_mixin.py:188} INFO - [2026-04-21T00:35:02.622+0000] {dag.py:3823} INFO - Setting next_dagrun for baseball_pipeline_v1 to 2026-04-21 00:00:00+00:00, run_after=2026-04-22 00:00:00+00:00
[2026-04-21T00:35:02.642+0000] {processor.py:183} INFO - Processing /opt/airflow/dags/baseball_etl.py took 0.470 seconds
[2026-04-21T00:35:33.485+0000] {processor.py:161} INFO - Started process (PID=3705606) to work on /opt/airflow/dags/baseball_etl.py
[2026-04-21T00:35:33.487+0000] {processor.py:830} INFO - Processing file /opt/airflow/dags/baseball_etl.py for tasks to queue
[2026-04-21T00:35:33.489+0000] {logging_mixin.py:188} INFO - [2026-04-21T00:35:33.489+0000] {dagbag.py:538} INFO - Filling up the DagBag from /opt/airflow/dags/baseball_etl.py
[2026-04-21T00:35:33.817+0000] {processor.py:840} INFO - DAG(s) 'baseball_pipeline_v1' retrieved from /opt/airflow/dags/baseball_etl.py
[2026-04-21T00:35:33.840+0000] {logging_mixin.py:188} INFO - [2026-04-21T00:35:33.839+0000] {dag.py:3036} INFO - Sync 1 DAGs
[2026-04-21T00:35:33.865+0000] {logging_mixin.py:188} INFO - [2026-04-21T00:35:33.865+0000] {dag.py:3823} INFO - Setting next_dagrun for baseball_pipeline_v1 to 2026-04-21 00:00:00+00:00, run_after=2026-04-22 00:00:00+00:00
[2026-04-21T00:35:33.883+0000] {processor.py:183} INFO - Processing /opt/airflow/dags/baseball_etl.py took 0.404 seconds
[2026-04-21T00:36:03.926+0000] {processor.py:161} INFO - Started process (PID=3705663) to work on /opt/airflow/dags/baseball_etl.py
[2026-04-21T00:36:03.928+0000] {processor.py:830} INFO - Processing file /opt/airflow/dags/baseball_etl.py for tasks to queue
[2026-04-21T00:36:03.931+0000] {logging_mixin.py:188} INFO - [2026-04-21T00:36:03.930+0000] {dagbag.py:538} INFO - Filling up the DagBag from /opt/airflow/dags/baseball_etl.py
[2026-04-21T00:36:04.265+0000] {processor.py:840} INFO - DAG(s) 'baseball_pipeline_v1' retrieved from /opt/airflow/dags/baseball_etl.py
[2026-04-21T00:36:04.290+0000] {logging_mixin.py:188} INFO - [2026-04-21T00:36:04.289+0000] {dag.py:3036} INFO - Sync 1 DAGs
[2026-04-21T00:36:04.319+0000] {logging_mixin.py:188} INFO - [2026-04-21T00:36:04.319+0000] {dag.py:3823} INFO - Setting next_dagrun for baseball_pipeline_v1 to 2026-04-21 00:00:00+00:00, run_after=2026-04-22 00:00:00+00:00
[2026-04-21T00:36:04.339+0000] {processor.py:183} INFO - Processing /opt/airflow/dags/baseball_etl.py took 0.418 seconds
[2026-04-21T00:36:34.967+0000] {processor.py:161} INFO - Started process (PID=3705720) to work on /opt/airflow/dags/baseball_etl.py
[2026-04-21T00:36:34.969+0000] {processor.py:830} INFO - Processing file /opt/airflow/dags/baseball_etl.py for tasks to queue
[2026-04-21T00:36:34.971+0000] {logging_mixin.py:188} INFO - [2026-04-21T00:36:34.971+0000] {dagbag.py:538} INFO - Filling up the DagBag from /opt/airflow/dags/baseball_etl.py
[2026-04-21T00:36:35.294+0000] {processor.py:840} INFO - DAG(s) 'baseball_pipeline_v1' retrieved from /opt/airflow/dags/baseball_etl.py
[2026-04-21T00:36:35.316+0000] {logging_mixin.py:188} INFO - [2026-04-21T00:36:35.315+0000] {dag.py:3036} INFO - Sync 1 DAGs
[2026-04-21T00:36:35.342+0000] {logging_mixin.py:188} INFO - [2026-04-21T00:36:35.342+0000] {dag.py:3823} INFO - Setting next_dagrun for baseball_pipeline_v1 to 2026-04-21 00:00:00+00:00, run_after=2026-04-22 00:00:00+00:00
[2026-04-21T00:36:35.362+0000] {processor.py:183} INFO - Processing /opt/airflow/dags/baseball_etl.py took 0.400 seconds
[2026-04-21T00:37:05.467+0000] {processor.py:161} INFO - Started process (PID=3705780) to work on /opt/airflow/dags/baseball_etl.py
[2026-04-21T00:37:05.470+0000] {processor.py:830} INFO - Processing file /opt/airflow/dags/baseball_etl.py for tasks to queue
[2026-04-21T00:37:05.472+0000] {logging_mixin.py:188} INFO - [2026-04-21T00:37:05.472+0000] {dagbag.py:538} INFO - Filling up the DagBag from /opt/airflow/dags/baseball_etl.py
[2026-04-21T00:37:05.825+0000] {processor.py:840} INFO - DAG(s) 'baseball_pipeline_v1' retrieved from /opt/airflow/dags/baseball_etl.py
[2026-04-21T00:37:05.848+0000] {logging_mixin.py:188} INFO - [2026-04-21T00:37:05.848+0000] {dag.py:3036} INFO - Sync 1 DAGs
[2026-04-21T00:37:05.875+0000] {logging_mixin.py:188} INFO - [2026-04-21T00:37:05.875+0000] {dag.py:3823} INFO - Setting next_dagrun for baseball_pipeline_v1 to 2026-04-21 00:00:00+00:00, run_after=2026-04-22 00:00:00+00:00
[2026-04-21T00:37:05.894+0000] {processor.py:183} INFO - Processing /opt/airflow/dags/baseball_etl.py took 0.431 seconds
[2026-04-21T00:37:36.646+0000] {processor.py:161} INFO - Started process (PID=3705838) to work on /opt/airflow/dags/baseball_etl.py
[2026-04-21T00:37:36.648+0000] {processor.py:830} INFO - Processing file /opt/airflow/dags/baseball_etl.py for tasks to queue
[2026-04-21T00:37:36.650+0000] {logging_mixin.py:188} INFO - [2026-04-21T00:37:36.650+0000] {dagbag.py:538} INFO - Filling up the DagBag from /opt/airflow/dags/baseball_etl.py
[2026-04-21T00:37:36.969+0000] {processor.py:840} INFO - DAG(s) 'baseball_pipeline_v1' retrieved from /opt/airflow/dags/baseball_etl.py
[2026-04-21T00:37:36.992+0000] {logging_mixin.py:188} INFO - [2026-04-21T00:37:36.992+0000] {dag.py:3036} INFO - Sync 1 DAGs
[2026-04-21T00:37:37.019+0000] {logging_mixin.py:188} INFO - [2026-04-21T00:37:37.019+0000] {dag.py:3823} INFO - Setting next_dagrun for baseball_pipeline_v1 to 2026-04-21 00:00:00+00:00, run_after=2026-04-22 00:00:00+00:00
[2026-04-21T00:37:37.037+0000] {processor.py:183} INFO - Processing /opt/airflow/dags/baseball_etl.py took 0.396 seconds
[2026-04-21T00:38:07.937+0000] {processor.py:161} INFO - Started process (PID=3705895) to work on /opt/airflow/dags/baseball_etl.py
[2026-04-21T00:38:07.939+0000] {processor.py:830} INFO - Processing file /opt/airflow/dags/baseball_etl.py for tasks to queue
[2026-04-21T00:38:07.941+0000] {logging_mixin.py:188} INFO - [2026-04-21T00:38:07.941+0000] {dagbag.py:538} INFO - Filling up the DagBag from /opt/airflow/dags/baseball_etl.py
[2026-04-21T00:38:08.260+0000] {processor.py:840} INFO - DAG(s) 'baseball_pipeline_v1' retrieved from /opt/airflow/dags/baseball_etl.py
[2026-04-21T00:38:08.283+0000] {logging_mixin.py:188} INFO - [2026-04-21T00:38:08.282+0000] {dag.py:3036} INFO - Sync 1 DAGs
[2026-04-21T00:38:08.309+0000] {logging_mixin.py:188} INFO - [2026-04-21T00:38:08.309+0000] {dag.py:3823} INFO - Setting next_dagrun for baseball_pipeline_v1 to 2026-04-21 00:00:00+00:00, run_after=2026-04-22 00:00:00+00:00
[2026-04-21T00:38:08.327+0000] {processor.py:183} INFO - Processing /opt/airflow/dags/baseball_etl.py took 0.396 seconds
[2026-04-21T00:38:38.378+0000] {processor.py:161} INFO - Started process (PID=3705954) to work on /opt/airflow/dags/baseball_etl.py
[2026-04-21T00:38:38.380+0000] {processor.py:830} INFO - Processing file /opt/airflow/dags/baseball_etl.py for tasks to queue
[2026-04-21T00:38:38.382+0000] {logging_mixin.py:188} INFO - [2026-04-21T00:38:38.382+0000] {dagbag.py:538} INFO - Filling up the DagBag from /opt/airflow/dags/baseball_etl.py
[2026-04-21T00:38:38.700+0000] {processor.py:840} INFO - DAG(s) 'baseball_pipeline_v1' retrieved from /opt/airflow/dags/baseball_etl.py
[2026-04-21T00:38:38.723+0000] {logging_mixin.py:188} INFO - [2026-04-21T00:38:38.722+0000] {dag.py:3036} INFO - Sync 1 DAGs
[2026-04-21T00:38:38.750+0000] {logging_mixin.py:188} INFO - [2026-04-21T00:38:38.749+0000] {dag.py:3823} INFO - Setting next_dagrun for baseball_pipeline_v1 to 2026-04-21 00:00:00+00:00, run_after=2026-04-22 00:00:00+00:00
[2026-04-21T00:38:38.767+0000] {processor.py:183} INFO - Processing /opt/airflow/dags/baseball_etl.py took 0.394 seconds
[2026-04-21T00:39:09.473+0000] {processor.py:161} INFO - Started process (PID=3706011) to work on /opt/airflow/dags/baseball_etl.py
[2026-04-21T00:39:09.482+0000] {processor.py:830} INFO - Processing file /opt/airflow/dags/baseball_etl.py for tasks to queue
[2026-04-21T00:39:09.486+0000] {logging_mixin.py:188} INFO - [2026-04-21T00:39:09.485+0000] {dagbag.py:538} INFO - Filling up the DagBag from /opt/airflow/dags/baseball_etl.py
[2026-04-21T00:39:09.806+0000] {processor.py:840} INFO - DAG(s) 'baseball_pipeline_v1' retrieved from /opt/airflow/dags/baseball_etl.py
[2026-04-21T00:39:09.826+0000] {logging_mixin.py:188} INFO - [2026-04-21T00:39:09.825+0000] {dag.py:3036} INFO - Sync 1 DAGs
[2026-04-21T00:39:09.852+0000] {logging_mixin.py:188} INFO - [2026-04-21T00:39:09.851+0000] {dag.py:3823} INFO - Setting next_dagrun for baseball_pipeline_v1 to 2026-04-21 00:00:00+00:00, run_after=2026-04-22 00:00:00+00:00
[2026-04-21T00:39:09.871+0000] {processor.py:183} INFO - Processing /opt/airflow/dags/baseball_etl.py took 0.403 seconds
[2026-04-21T00:39:40.623+0000] {processor.py:161} INFO - Started process (PID=3706068) to work on /opt/airflow/dags/baseball_etl.py
[2026-04-21T00:39:40.625+0000] {processor.py:830} INFO - Processing file /opt/airflow/dags/baseball_etl.py for tasks to queue
[2026-04-21T00:39:40.627+0000] {logging_mixin.py:188} INFO - [2026-04-21T00:39:40.627+0000] {dagbag.py:538} INFO - Filling up the DagBag from /opt/airflow/dags/baseball_etl.py
[2026-04-21T00:39:40.950+0000] {processor.py:840} INFO - DAG(s) 'baseball_pipeline_v1' retrieved from /opt/airflow/dags/baseball_etl.py
[2026-04-21T00:39:40.972+0000] {logging_mixin.py:188} INFO - [2026-04-21T00:39:40.971+0000] {dag.py:3036} INFO - Sync 1 DAGs
[2026-04-21T00:39:40.999+0000] {logging_mixin.py:188} INFO - [2026-04-21T00:39:40.998+0000] {dag.py:3823} INFO - Setting next_dagrun for baseball_pipeline_v1 to 2026-04-21 00:00:00+00:00, run_after=2026-04-22 00:00:00+00:00
[2026-04-21T00:39:41.018+0000] {processor.py:183} INFO - Processing /opt/airflow/dags/baseball_etl.py took 0.400 seconds
[2026-04-21T00:40:11.402+0000] {processor.py:161} INFO - Started process (PID=3706127) to work on /opt/airflow/dags/baseball_etl.py
[2026-04-21T00:40:11.404+0000] {processor.py:830} INFO - Processing file /opt/airflow/dags/baseball_etl.py for tasks to queue
[2026-04-21T00:40:11.407+0000] {logging_mixin.py:188} INFO - [2026-04-21T00:40:11.406+0000] {dagbag.py:538} INFO - Filling up the DagBag from /opt/airflow/dags/baseball_etl.py
[2026-04-21T00:40:11.745+0000] {processor.py:840} INFO - DAG(s) 'baseball_pipeline_v1' retrieved from /opt/airflow/dags/baseball_etl.py
[2026-04-21T00:40:11.768+0000] {logging_mixin.py:188} INFO - [2026-04-21T00:40:11.767+0000] {dag.py:3036} INFO - Sync 1 DAGs
[2026-04-21T00:40:11.794+0000] {logging_mixin.py:188} INFO - [2026-04-21T00:40:11.794+0000] {dag.py:3823} INFO - Setting next_dagrun for baseball_pipeline_v1 to 2026-04-21 00:00:00+00:00, run_after=2026-04-22 00:00:00+00:00
[2026-04-21T00:40:11.813+0000] {processor.py:183} INFO - Processing /opt/airflow/dags/baseball_etl.py took 0.416 seconds
[2026-04-21T00:40:41.891+0000] {processor.py:161} INFO - Started process (PID=3706184) to work on /opt/airflow/dags/baseball_etl.py
[2026-04-21T00:40:41.892+0000] {processor.py:830} INFO - Processing file /opt/airflow/dags/baseball_etl.py for tasks to queue
[2026-04-21T00:40:41.894+0000] {logging_mixin.py:188} INFO - [2026-04-21T00:40:41.894+0000] {dagbag.py:538} INFO - Filling up the DagBag from /opt/airflow/dags/baseball_etl.py
[2026-04-21T00:40:42.224+0000] {processor.py:840} INFO - DAG(s) 'baseball_pipeline_v1' retrieved from /opt/airflow/dags/baseball_etl.py
[2026-04-21T00:40:42.247+0000] {logging_mixin.py:188} INFO - [2026-04-21T00:40:42.247+0000] {dag.py:3036} INFO - Sync 1 DAGs
[2026-04-21T00:40:42.278+0000] {logging_mixin.py:188} INFO - [2026-04-21T00:40:42.278+0000] {dag.py:3823} INFO - Setting next_dagrun for baseball_pipeline_v1 to 2026-04-21 00:00:00+00:00, run_after=2026-04-22 00:00:00+00:00
[2026-04-21T00:40:42.299+0000] {processor.py:183} INFO - Processing /opt/airflow/dags/baseball_etl.py took 0.413 seconds
[2026-04-21T00:41:12.368+0000] {processor.py:161} INFO - Started process (PID=3706242) to work on /opt/airflow/dags/baseball_etl.py
[2026-04-21T00:41:12.369+0000] {processor.py:830} INFO - Processing file /opt/airflow/dags/baseball_etl.py for tasks to queue
[2026-04-21T00:41:12.371+0000] {logging_mixin.py:188} INFO - [2026-04-21T00:41:12.371+0000] {dagbag.py:538} INFO - Filling up the DagBag from /opt/airflow/dags/baseball_etl.py
[2026-04-21T00:41:12.686+0000] {processor.py:840} INFO - DAG(s) 'baseball_pipeline_v1' retrieved from /opt/airflow/dags/baseball_etl.py
[2026-04-21T00:41:12.708+0000] {logging_mixin.py:188} INFO - [2026-04-21T00:41:12.708+0000] {dag.py:3036} INFO - Sync 1 DAGs
[2026-04-21T00:41:12.735+0000] {logging_mixin.py:188} INFO - [2026-04-21T00:41:12.735+0000] {dag.py:3823} INFO - Setting next_dagrun for baseball_pipeline_v1 to 2026-04-21 00:00:00+00:00, run_after=2026-04-22 00:00:00+00:00
[2026-04-21T00:41:12.753+0000] {processor.py:183} INFO - Processing /opt/airflow/dags/baseball_etl.py took 0.390 seconds
[2026-04-21T00:41:42.975+0000] {processor.py:161} INFO - Started process (PID=3706296) to work on /opt/airflow/dags/baseball_etl.py
[2026-04-21T00:41:42.977+0000] {processor.py:830} INFO - Processing file /opt/airflow/dags/baseball_etl.py for tasks to queue
[2026-04-21T00:41:42.980+0000] {logging_mixin.py:188} INFO - [2026-04-21T00:41:42.979+0000] {dagbag.py:538} INFO - Filling up the DagBag from /opt/airflow/dags/baseball_etl.py
[2026-04-21T00:41:43.298+0000] {processor.py:840} INFO - DAG(s) 'baseball_pipeline_v1' retrieved from /opt/airflow/dags/baseball_etl.py
[2026-04-21T00:41:43.320+0000] {logging_mixin.py:188} INFO - [2026-04-21T00:41:43.319+0000] {dag.py:3036} INFO - Sync 1 DAGs
[2026-04-21T00:41:43.346+0000] {logging_mixin.py:188} INFO - [2026-04-21T00:41:43.345+0000] {dag.py:3823} INFO - Setting next_dagrun for baseball_pipeline_v1 to 2026-04-21 00:00:00+00:00, run_after=2026-04-22 00:00:00+00:00
[2026-04-21T00:41:43.364+0000] {processor.py:183} INFO - Processing /opt/airflow/dags/baseball_etl.py took 0.394 seconds
[2026-04-21T00:42:13.417+0000] {processor.py:161} INFO - Started process (PID=3706354) to work on /opt/airflow/dags/baseball_etl.py
[2026-04-21T00:42:13.418+0000] {processor.py:830} INFO - Processing file /opt/airflow/dags/baseball_etl.py for tasks to queue
[2026-04-21T00:42:13.420+0000] {logging_mixin.py:188} INFO - [2026-04-21T00:42:13.420+0000] {dagbag.py:538} INFO - Filling up the DagBag from /opt/airflow/dags/baseball_etl.py
[2026-04-21T00:42:13.738+0000] {processor.py:840} INFO - DAG(s) 'baseball_pipeline_v1' retrieved from /opt/airflow/dags/baseball_etl.py
[2026-04-21T00:42:13.761+0000] {logging_mixin.py:188} INFO - [2026-04-21T00:42:13.761+0000] {dag.py:3036} INFO - Sync 1 DAGs
[2026-04-21T00:42:13.787+0000] {logging_mixin.py:188} INFO - [2026-04-21T00:42:13.787+0000] {dag.py:3823} INFO - Setting next_dagrun for baseball_pipeline_v1 to 2026-04-21 00:00:00+00:00, run_after=2026-04-22 00:00:00+00:00
[2026-04-21T00:42:13.805+0000] {processor.py:183} INFO - Processing /opt/airflow/dags/baseball_etl.py took 0.393 seconds
[2026-04-21T00:42:44.559+0000] {processor.py:161} INFO - Started process (PID=3706411) to work on /opt/airflow/dags/baseball_etl.py
[2026-04-21T00:42:44.561+0000] {processor.py:830} INFO - Processing file /opt/airflow/dags/baseball_etl.py for tasks to queue
[2026-04-21T00:42:44.564+0000] {logging_mixin.py:188} INFO - [2026-04-21T00:42:44.563+0000] {dagbag.py:538} INFO - Filling up the DagBag from /opt/airflow/dags/baseball_etl.py
[2026-04-21T00:42:44.889+0000] {processor.py:840} INFO - DAG(s) 'baseball_pipeline_v1' retrieved from /opt/airflow/dags/baseball_etl.py
[2026-04-21T00:42:44.911+0000] {logging_mixin.py:188} INFO - [2026-04-21T00:42:44.911+0000] {dag.py:3036} INFO - Sync 1 DAGs
[2026-04-21T00:42:44.938+0000] {logging_mixin.py:188} INFO - [2026-04-21T00:42:44.938+0000] {dag.py:3823} INFO - Setting next_dagrun for baseball_pipeline_v1 to 2026-04-21 00:00:00+00:00, run_after=2026-04-22 00:00:00+00:00
[2026-04-21T00:42:44.957+0000] {processor.py:183} INFO - Processing /opt/airflow/dags/baseball_etl.py took 0.403 seconds
[2026-04-21T00:43:15.859+0000] {processor.py:161} INFO - Started process (PID=3706470) to work on /opt/airflow/dags/baseball_etl.py
[2026-04-21T00:43:15.861+0000] {processor.py:830} INFO - Processing file /opt/airflow/dags/baseball_etl.py for tasks to queue
[2026-04-21T00:43:15.864+0000] {logging_mixin.py:188} INFO - [2026-04-21T00:43:15.863+0000] {dagbag.py:538} INFO - Filling up the DagBag from /opt/airflow/dags/baseball_etl.py
[2026-04-21T00:43:16.209+0000] {processor.py:840} INFO - DAG(s) 'baseball_pipeline_v1' retrieved from /opt/airflow/dags/baseball_etl.py
[2026-04-21T00:43:16.230+0000] {logging_mixin.py:188} INFO - [2026-04-21T00:43:16.230+0000] {dag.py:3036} INFO - Sync 1 DAGs
[2026-04-21T00:43:16.258+0000] {logging_mixin.py:188} INFO - [2026-04-21T00:43:16.258+0000] {dag.py:3823} INFO - Setting next_dagrun for baseball_pipeline_v1 to 2026-04-21 00:00:00+00:00, run_after=2026-04-22 00:00:00+00:00
[2026-04-21T00:43:16.276+0000] {processor.py:183} INFO - Processing /opt/airflow/dags/baseball_etl.py took 0.422 seconds
[2026-04-21T00:43:46.368+0000] {processor.py:161} INFO - Started process (PID=3706530) to work on /opt/airflow/dags/baseball_etl.py
[2026-04-21T00:43:46.369+0000] {processor.py:830} INFO - Processing file /opt/airflow/dags/baseball_etl.py for tasks to queue
[2026-04-21T00:43:46.371+0000] {logging_mixin.py:188} INFO - [2026-04-21T00:43:46.371+0000] {dagbag.py:538} INFO - Filling up the DagBag from /opt/airflow/dags/baseball_etl.py
[2026-04-21T00:43:46.704+0000] {processor.py:840} INFO - DAG(s) 'baseball_pipeline_v1' retrieved from /opt/airflow/dags/baseball_etl.py
[2026-04-21T00:43:46.725+0000] {logging_mixin.py:188} INFO - [2026-04-21T00:43:46.724+0000] {dag.py:3036} INFO - Sync 1 DAGs
[2026-04-21T00:43:46.750+0000] {logging_mixin.py:188} INFO - [2026-04-21T00:43:46.750+0000] {dag.py:3823} INFO - Setting next_dagrun for baseball_pipeline_v1 to 2026-04-21 00:00:00+00:00, run_after=2026-04-22 00:00:00+00:00
[2026-04-21T00:43:46.770+0000] {processor.py:183} INFO - Processing /opt/airflow/dags/baseball_etl.py took 0.407 seconds
[2026-04-21T00:44:16.897+0000] {processor.py:161} INFO - Started process (PID=3706588) to work on /opt/airflow/dags/baseball_etl.py
[2026-04-21T00:44:16.898+0000] {processor.py:830} INFO - Processing file /opt/airflow/dags/baseball_etl.py for tasks to queue
[2026-04-21T00:44:16.901+0000] {logging_mixin.py:188} INFO - [2026-04-21T00:44:16.900+0000] {dagbag.py:538} INFO - Filling up the DagBag from /opt/airflow/dags/baseball_etl.py
[2026-04-21T00:44:17.223+0000] {processor.py:840} INFO - DAG(s) 'baseball_pipeline_v1' retrieved from /opt/airflow/dags/baseball_etl.py
[2026-04-21T00:44:17.246+0000] {logging_mixin.py:188} INFO - [2026-04-21T00:44:17.245+0000] {dag.py:3036} INFO - Sync 1 DAGs
[2026-04-21T00:44:17.272+0000] {logging_mixin.py:188} INFO - [2026-04-21T00:44:17.272+0000] {dag.py:3823} INFO - Setting next_dagrun for baseball_pipeline_v1 to 2026-04-21 00:00:00+00:00, run_after=2026-04-22 00:00:00+00:00
[2026-04-21T00:44:17.290+0000] {processor.py:183} INFO - Processing /opt/airflow/dags/baseball_etl.py took 0.398 seconds
[2026-04-21T00:44:48.283+0000] {processor.py:161} INFO - Started process (PID=3706645) to work on /opt/airflow/dags/baseball_etl.py
[2026-04-21T00:44:48.285+0000] {processor.py:830} INFO - Processing file /opt/airflow/dags/baseball_etl.py for tasks to queue
[2026-04-21T00:44:48.287+0000] {logging_mixin.py:188} INFO - [2026-04-21T00:44:48.287+0000] {dagbag.py:538} INFO - Filling up the DagBag from /opt/airflow/dags/baseball_etl.py
[2026-04-21T00:44:48.614+0000] {processor.py:840} INFO - DAG(s) 'baseball_pipeline_v1' retrieved from /opt/airflow/dags/baseball_etl.py
[2026-04-21T00:44:48.636+0000] {logging_mixin.py:188} INFO - [2026-04-21T00:44:48.636+0000] {dag.py:3036} INFO - Sync 1 DAGs
[2026-04-21T00:44:48.664+0000] {logging_mixin.py:188} INFO - [2026-04-21T00:44:48.663+0000] {dag.py:3823} INFO - Setting next_dagrun for baseball_pipeline_v1 to 2026-04-21 00:00:00+00:00, run_after=2026-04-22 00:00:00+00:00
[2026-04-21T00:44:48.682+0000] {processor.py:183} INFO - Processing /opt/airflow/dags/baseball_etl.py took 0.404 seconds
[2026-04-21T00:45:18.950+0000] {processor.py:161} INFO - Started process (PID=3706706) to work on /opt/airflow/dags/baseball_etl.py
[2026-04-21T00:45:18.952+0000] {processor.py:830} INFO - Processing file /opt/airflow/dags/baseball_etl.py for tasks to queue
[2026-04-21T00:45:18.954+0000] {logging_mixin.py:188} INFO - [2026-04-21T00:45:18.954+0000] {dagbag.py:538} INFO - Filling up the DagBag from /opt/airflow/dags/baseball_etl.py
[2026-04-21T00:45:19.273+0000] {processor.py:840} INFO - DAG(s) 'baseball_pipeline_v1' retrieved from /opt/airflow/dags/baseball_etl.py
[2026-04-21T00:45:19.295+0000] {logging_mixin.py:188} INFO - [2026-04-21T00:45:19.294+0000] {dag.py:3036} INFO - Sync 1 DAGs
[2026-04-21T00:45:19.321+0000] {logging_mixin.py:188} INFO - [2026-04-21T00:45:19.321+0000] {dag.py:3823} INFO - Setting next_dagrun for baseball_pipeline_v1 to 2026-04-21 00:00:00+00:00, run_after=2026-04-22 00:00:00+00:00
[2026-04-21T00:45:19.340+0000] {processor.py:183} INFO - Processing /opt/airflow/dags/baseball_etl.py took 0.395 seconds
[2026-04-21T00:45:50.203+0000] {processor.py:161} INFO - Started process (PID=3706764) to work on /opt/airflow/dags/baseball_etl.py
[2026-04-21T00:45:50.205+0000] {processor.py:830} INFO - Processing file /opt/airflow/dags/baseball_etl.py for tasks to queue
[2026-04-21T00:45:50.208+0000] {logging_mixin.py:188} INFO - [2026-04-21T00:45:50.207+0000] {dagbag.py:538} INFO - Filling up the DagBag from /opt/airflow/dags/baseball_etl.py
[2026-04-21T00:45:50.541+0000] {processor.py:840} INFO - DAG(s) 'baseball_pipeline_v1' retrieved from /opt/airflow/dags/baseball_etl.py
[2026-04-21T00:45:50.562+0000] {logging_mixin.py:188} INFO - [2026-04-21T00:45:50.561+0000] {dag.py:3036} INFO - Sync 1 DAGs
[2026-04-21T00:45:50.589+0000] {logging_mixin.py:188} INFO - [2026-04-21T00:45:50.589+0000] {dag.py:3823} INFO - Setting next_dagrun for baseball_pipeline_v1 to 2026-04-21 00:00:00+00:00, run_after=2026-04-22 00:00:00+00:00
[2026-04-21T00:45:50.607+0000] {processor.py:183} INFO - Processing /opt/airflow/dags/baseball_etl.py took 0.409 seconds
[2026-04-21T00:46:20.722+0000] {processor.py:161} INFO - Started process (PID=3706824) to work on /opt/airflow/dags/baseball_etl.py
[2026-04-21T00:46:20.723+0000] {processor.py:830} INFO - Processing file /opt/airflow/dags/baseball_etl.py for tasks to queue
[2026-04-21T00:46:20.725+0000] {logging_mixin.py:188} INFO - [2026-04-21T00:46:20.725+0000] {dagbag.py:538} INFO - Filling up the DagBag from /opt/airflow/dags/baseball_etl.py
[2026-04-21T00:46:21.040+0000] {processor.py:840} INFO - DAG(s) 'baseball_pipeline_v1' retrieved from /opt/airflow/dags/baseball_etl.py
[2026-04-21T00:46:21.062+0000] {logging_mixin.py:188} INFO - [2026-04-21T00:46:21.061+0000] {dag.py:3036} INFO - Sync 1 DAGs
[2026-04-21T00:46:21.089+0000] {logging_mixin.py:188} INFO - [2026-04-21T00:46:21.088+0000] {dag.py:3823} INFO - Setting next_dagrun for baseball_pipeline_v1 to 2026-04-21 00:00:00+00:00, run_after=2026-04-22 00:00:00+00:00
[2026-04-21T00:46:21.106+0000] {processor.py:183} INFO - Processing /opt/airflow/dags/baseball_etl.py took 0.389 seconds
[2026-04-21T00:46:52.075+0000] {processor.py:161} INFO - Started process (PID=3706884) to work on /opt/airflow/dags/baseball_etl.py
[2026-04-21T00:46:52.077+0000] {processor.py:830} INFO - Processing file /opt/airflow/dags/baseball_etl.py for tasks to queue
[2026-04-21T00:46:52.079+0000] {logging_mixin.py:188} INFO - [2026-04-21T00:46:52.079+0000] {dagbag.py:538} INFO - Filling up the DagBag from /opt/airflow/dags/baseball_etl.py
[2026-04-21T00:46:52.400+0000] {processor.py:840} INFO - DAG(s) 'baseball_pipeline_v1' retrieved from /opt/airflow/dags/baseball_etl.py
[2026-04-21T00:46:52.422+0000] {logging_mixin.py:188} INFO - [2026-04-21T00:46:52.422+0000] {dag.py:3036} INFO - Sync 1 DAGs
[2026-04-21T00:46:52.449+0000] {logging_mixin.py:188} INFO - [2026-04-21T00:46:52.448+0000] {dag.py:3823} INFO - Setting next_dagrun for baseball_pipeline_v1 to 2026-04-21 00:00:00+00:00, run_after=2026-04-22 00:00:00+00:00
[2026-04-21T00:46:52.467+0000] {processor.py:183} INFO - Processing /opt/airflow/dags/baseball_etl.py took 0.397 seconds
[2026-04-21T00:47:23.316+0000] {processor.py:161} INFO - Started process (PID=3706941) to work on /opt/airflow/dags/baseball_etl.py
[2026-04-21T00:47:23.317+0000] {processor.py:830} INFO - Processing file /opt/airflow/dags/baseball_etl.py for tasks to queue
[2026-04-21T00:47:23.319+0000] {logging_mixin.py:188} INFO - [2026-04-21T00:47:23.319+0000] {dagbag.py:538} INFO - Filling up the DagBag from /opt/airflow/dags/baseball_etl.py
[2026-04-21T00:47:23.648+0000] {processor.py:840} INFO - DAG(s) 'baseball_pipeline_v1' retrieved from /opt/airflow/dags/baseball_etl.py
[2026-04-21T00:47:23.670+0000] {logging_mixin.py:188} INFO - [2026-04-21T00:47:23.669+0000] {dag.py:3036} INFO - Sync 1 DAGs
[2026-04-21T00:47:23.697+0000] {logging_mixin.py:188} INFO - [2026-04-21T00:47:23.696+0000] {dag.py:3823} INFO - Setting next_dagrun for baseball_pipeline_v1 to 2026-04-21 00:00:00+00:00, run_after=2026-04-22 00:00:00+00:00
[2026-04-21T00:47:23.715+0000] {processor.py:183} INFO - Processing /opt/airflow/dags/baseball_etl.py took 0.405 seconds
[2026-04-21T00:47:54.576+0000] {processor.py:161} INFO - Started process (PID=3706998) to work on /opt/airflow/dags/baseball_etl.py
[2026-04-21T00:47:54.578+0000] {processor.py:830} INFO - Processing file /opt/airflow/dags/baseball_etl.py for tasks to queue
[2026-04-21T00:47:54.580+0000] {logging_mixin.py:188} INFO - [2026-04-21T00:47:54.580+0000] {dagbag.py:538} INFO - Filling up the DagBag from /opt/airflow/dags/baseball_etl.py
[2026-04-21T00:47:54.902+0000] {processor.py:840} INFO - DAG(s) 'baseball_pipeline_v1' retrieved from /opt/airflow/dags/baseball_etl.py
[2026-04-21T00:47:54.925+0000] {logging_mixin.py:188} INFO - [2026-04-21T00:47:54.925+0000] {dag.py:3036} INFO - Sync 1 DAGs
[2026-04-21T00:47:54.951+0000] {logging_mixin.py:188} INFO - [2026-04-21T00:47:54.951+0000] {dag.py:3823} INFO - Setting next_dagrun for baseball_pipeline_v1 to 2026-04-21 00:00:00+00:00, run_after=2026-04-22 00:00:00+00:00
[2026-04-21T00:47:54.969+0000] {processor.py:183} INFO - Processing /opt/airflow/dags/baseball_etl.py took 0.398 seconds
[2026-04-21T00:48:25.859+0000] {processor.py:161} INFO - Started process (PID=3707055) to work on /opt/airflow/dags/baseball_etl.py
[2026-04-21T00:48:25.860+0000] {processor.py:830} INFO - Processing file /opt/airflow/dags/baseball_etl.py for tasks to queue
[2026-04-21T00:48:25.863+0000] {logging_mixin.py:188} INFO - [2026-04-21T00:48:25.862+0000] {dagbag.py:538} INFO - Filling up the DagBag from /opt/airflow/dags/baseball_etl.py
[2026-04-21T00:48:26.187+0000] {processor.py:840} INFO - DAG(s) 'baseball_pipeline_v1' retrieved from /opt/airflow/dags/baseball_etl.py
[2026-04-21T00:48:26.209+0000] {logging_mixin.py:188} INFO - [2026-04-21T00:48:26.209+0000] {dag.py:3036} INFO - Sync 1 DAGs
[2026-04-21T00:48:26.237+0000] {logging_mixin.py:188} INFO - [2026-04-21T00:48:26.236+0000] {dag.py:3823} INFO - Setting next_dagrun for baseball_pipeline_v1 to 2026-04-21 00:00:00+00:00, run_after=2026-04-22 00:00:00+00:00
[2026-04-21T00:48:26.255+0000] {processor.py:183} INFO - Processing /opt/airflow/dags/baseball_etl.py took 0.401 seconds
[2026-04-21T00:48:57.153+0000] {processor.py:161} INFO - Started process (PID=3707112) to work on /opt/airflow/dags/baseball_etl.py
[2026-04-21T00:48:57.155+0000] {processor.py:830} INFO - Processing file /opt/airflow/dags/baseball_etl.py for tasks to queue
[2026-04-21T00:48:57.157+0000] {logging_mixin.py:188} INFO - [2026-04-21T00:48:57.157+0000] {dagbag.py:538} INFO - Filling up the DagBag from /opt/airflow/dags/baseball_etl.py
[2026-04-21T00:48:57.482+0000] {processor.py:840} INFO - DAG(s) 'baseball_pipeline_v1' retrieved from /opt/airflow/dags/baseball_etl.py
[2026-04-21T00:48:57.503+0000] {logging_mixin.py:188} INFO - [2026-04-21T00:48:57.503+0000] {dag.py:3036} INFO - Sync 1 DAGs
[2026-04-21T00:48:57.531+0000] {logging_mixin.py:188} INFO - [2026-04-21T00:48:57.531+0000] {dag.py:3823} INFO - Setting next_dagrun for baseball_pipeline_v1 to 2026-04-21 00:00:00+00:00, run_after=2026-04-22 00:00:00+00:00
[2026-04-21T00:48:57.549+0000] {processor.py:183} INFO - Processing /opt/airflow/dags/baseball_etl.py took 0.402 seconds
[2026-04-21T00:49:28.307+0000] {processor.py:161} INFO - Started process (PID=3707169) to work on /opt/airflow/dags/baseball_etl.py
[2026-04-21T00:49:28.308+0000] {processor.py:830} INFO - Processing file /opt/airflow/dags/baseball_etl.py for tasks to queue
[2026-04-21T00:49:28.311+0000] {logging_mixin.py:188} INFO - [2026-04-21T00:49:28.310+0000] {dagbag.py:538} INFO - Filling up the DagBag from /opt/airflow/dags/baseball_etl.py
[2026-04-21T00:49:28.654+0000] {processor.py:840} INFO - DAG(s) 'baseball_pipeline_v1' retrieved from /opt/airflow/dags/baseball_etl.py
[2026-04-21T00:49:28.677+0000] {logging_mixin.py:188} INFO - [2026-04-21T00:49:28.676+0000] {dag.py:3036} INFO - Sync 1 DAGs
[2026-04-21T00:49:28.705+0000] {logging_mixin.py:188} INFO - [2026-04-21T00:49:28.705+0000] {dag.py:3823} INFO - Setting next_dagrun for baseball_pipeline_v1 to 2026-04-21 00:00:00+00:00, run_after=2026-04-22 00:00:00+00:00
[2026-04-21T00:49:28.723+0000] {processor.py:183} INFO - Processing /opt/airflow/dags/baseball_etl.py took 0.421 seconds
[2026-04-21T00:49:58.868+0000] {processor.py:161} INFO - Started process (PID=3707229) to work on /opt/airflow/dags/baseball_etl.py
[2026-04-21T00:49:58.870+0000] {processor.py:830} INFO - Processing file /opt/airflow/dags/baseball_etl.py for tasks to queue
[2026-04-21T00:49:58.872+0000] {logging_mixin.py:188} INFO - [2026-04-21T00:49:58.872+0000] {dagbag.py:538} INFO - Filling up the DagBag from /opt/airflow/dags/baseball_etl.py
[2026-04-21T00:49:59.197+0000] {processor.py:840} INFO - DAG(s) 'baseball_pipeline_v1' retrieved from /opt/airflow/dags/baseball_etl.py
[2026-04-21T00:49:59.220+0000] {logging_mixin.py:188} INFO - [2026-04-21T00:49:59.219+0000] {dag.py:3036} INFO - Sync 1 DAGs
[2026-04-21T00:49:59.247+0000] {logging_mixin.py:188} INFO - [2026-04-21T00:49:59.246+0000] {dag.py:3823} INFO - Setting next_dagrun for baseball_pipeline_v1 to 2026-04-21 00:00:00+00:00, run_after=2026-04-22 00:00:00+00:00
[2026-04-21T00:49:59.266+0000] {processor.py:183} INFO - Processing /opt/airflow/dags/baseball_etl.py took 0.403 seconds
[2026-04-21T00:50:29.376+0000] {processor.py:161} INFO - Started process (PID=3707287) to work on /opt/airflow/dags/baseball_etl.py
[2026-04-21T00:50:29.377+0000] {processor.py:830} INFO - Processing file /opt/airflow/dags/baseball_etl.py for tasks to queue
[2026-04-21T00:50:29.380+0000] {logging_mixin.py:188} INFO - [2026-04-21T00:50:29.379+0000] {dagbag.py:538} INFO - Filling up the DagBag from /opt/airflow/dags/baseball_etl.py
[2026-04-21T00:50:29.701+0000] {processor.py:840} INFO - DAG(s) 'baseball_pipeline_v1' retrieved from /opt/airflow/dags/baseball_etl.py
[2026-04-21T00:50:29.722+0000] {logging_mixin.py:188} INFO - [2026-04-21T00:50:29.722+0000] {dag.py:3036} INFO - Sync 1 DAGs
[2026-04-21T00:50:29.748+0000] {logging_mixin.py:188} INFO - [2026-04-21T00:50:29.748+0000] {dag.py:3823} INFO - Setting next_dagrun for baseball_pipeline_v1 to 2026-04-21 00:00:00+00:00, run_after=2026-04-22 00:00:00+00:00
[2026-04-21T00:50:29.766+0000] {processor.py:183} INFO - Processing /opt/airflow/dags/baseball_etl.py took 0.394 seconds
[2026-04-21T00:50:59.908+0000] {processor.py:161} INFO - Started process (PID=3707347) to work on /opt/airflow/dags/baseball_etl.py
[2026-04-21T00:50:59.910+0000] {processor.py:830} INFO - Processing file /opt/airflow/dags/baseball_etl.py for tasks to queue
[2026-04-21T00:50:59.912+0000] {logging_mixin.py:188} INFO - [2026-04-21T00:50:59.912+0000] {dagbag.py:538} INFO - Filling up the DagBag from /opt/airflow/dags/baseball_etl.py
[2026-04-21T00:51:00.235+0000] {processor.py:840} INFO - DAG(s) 'baseball_pipeline_v1' retrieved from /opt/airflow/dags/baseball_etl.py
[2026-04-21T00:51:00.259+0000] {logging_mixin.py:188} INFO - [2026-04-21T00:51:00.258+0000] {dag.py:3036} INFO - Sync 1 DAGs
[2026-04-21T00:51:00.287+0000] {logging_mixin.py:188} INFO - [2026-04-21T00:51:00.287+0000] {dag.py:3823} INFO - Setting next_dagrun for baseball_pipeline_v1 to 2026-04-21 00:00:00+00:00, run_after=2026-04-22 00:00:00+00:00
[2026-04-21T00:51:00.307+0000] {processor.py:183} INFO - Processing /opt/airflow/dags/baseball_etl.py took 0.404 seconds
[2026-04-21T00:51:31.130+0000] {processor.py:161} INFO - Started process (PID=3707404) to work on /opt/airflow/dags/baseball_etl.py
[2026-04-21T00:51:31.131+0000] {processor.py:830} INFO - Processing file /opt/airflow/dags/baseball_etl.py for tasks to queue
[2026-04-21T00:51:31.134+0000] {logging_mixin.py:188} INFO - [2026-04-21T00:51:31.133+0000] {dagbag.py:538} INFO - Filling up the DagBag from /opt/airflow/dags/baseball_etl.py
[2026-04-21T00:51:31.463+0000] {processor.py:840} INFO - DAG(s) 'baseball_pipeline_v1' retrieved from /opt/airflow/dags/baseball_etl.py
[2026-04-21T00:51:31.484+0000] {logging_mixin.py:188} INFO - [2026-04-21T00:51:31.484+0000] {dag.py:3036} INFO - Sync 1 DAGs
[2026-04-21T00:51:31.511+0000] {logging_mixin.py:188} INFO - [2026-04-21T00:51:31.511+0000] {dag.py:3823} INFO - Setting next_dagrun for baseball_pipeline_v1 to 2026-04-21 00:00:00+00:00, run_after=2026-04-22 00:00:00+00:00
[2026-04-21T00:51:31.529+0000] {processor.py:183} INFO - Processing /opt/airflow/dags/baseball_etl.py took 0.404 seconds
[2026-04-21T00:52:02.423+0000] {processor.py:161} INFO - Started process (PID=3707462) to work on /opt/airflow/dags/baseball_etl.py
[2026-04-21T00:52:02.425+0000] {processor.py:830} INFO - Processing file /opt/airflow/dags/baseball_etl.py for tasks to queue
[2026-04-21T00:52:02.428+0000] {logging_mixin.py:188} INFO - [2026-04-21T00:52:02.427+0000] {dagbag.py:538} INFO - Filling up the DagBag from /opt/airflow/dags/baseball_etl.py
[2026-04-21T00:52:02.756+0000] {processor.py:840} INFO - DAG(s) 'baseball_pipeline_v1' retrieved from /opt/airflow/dags/baseball_etl.py
[2026-04-21T00:52:02.778+0000] {logging_mixin.py:188} INFO - [2026-04-21T00:52:02.778+0000] {dag.py:3036} INFO - Sync 1 DAGs
[2026-04-21T00:52:02.804+0000] {logging_mixin.py:188} INFO - [2026-04-21T00:52:02.804+0000] {dag.py:3823} INFO - Setting next_dagrun for baseball_pipeline_v1 to 2026-04-21 00:00:00+00:00, run_after=2026-04-22 00:00:00+00:00
[2026-04-21T00:52:02.824+0000] {processor.py:183} INFO - Processing /opt/airflow/dags/baseball_etl.py took 0.406 seconds
[2026-04-21T00:52:33.363+0000] {processor.py:161} INFO - Started process (PID=3707525) to work on /opt/airflow/dags/baseball_etl.py
[2026-04-21T00:52:33.364+0000] {processor.py:830} INFO - Processing file /opt/airflow/dags/baseball_etl.py for tasks to queue
[2026-04-21T00:52:33.367+0000] {logging_mixin.py:188} INFO - [2026-04-21T00:52:33.366+0000] {dagbag.py:538} INFO - Filling up the DagBag from /opt/airflow/dags/baseball_etl.py
[2026-04-21T00:52:33.690+0000] {processor.py:840} INFO - DAG(s) 'baseball_pipeline_v1' retrieved from /opt/airflow/dags/baseball_etl.py
[2026-04-21T00:52:33.712+0000] {logging_mixin.py:188} INFO - [2026-04-21T00:52:33.711+0000] {dag.py:3036} INFO - Sync 1 DAGs
[2026-04-21T00:52:33.737+0000] {logging_mixin.py:188} INFO - [2026-04-21T00:52:33.737+0000] {dag.py:3823} INFO - Setting next_dagrun for baseball_pipeline_v1 to 2026-04-21 00:00:00+00:00, run_after=2026-04-22 00:00:00+00:00
[2026-04-21T00:52:33.755+0000] {processor.py:183} INFO - Processing /opt/airflow/dags/baseball_etl.py took 0.397 seconds
[2026-04-21T00:53:04.610+0000] {processor.py:161} INFO - Started process (PID=3707584) to work on /opt/airflow/dags/baseball_etl.py
[2026-04-21T00:53:04.612+0000] {processor.py:830} INFO - Processing file /opt/airflow/dags/baseball_etl.py for tasks to queue
[2026-04-21T00:53:04.615+0000] {logging_mixin.py:188} INFO - [2026-04-21T00:53:04.614+0000] {dagbag.py:538} INFO - Filling up the DagBag from /opt/airflow/dags/baseball_etl.py
[2026-04-21T00:53:04.934+0000] {processor.py:840} INFO - DAG(s) 'baseball_pipeline_v1' retrieved from /opt/airflow/dags/baseball_etl.py
[2026-04-21T00:53:04.958+0000] {logging_mixin.py:188} INFO - [2026-04-21T00:53:04.957+0000] {dag.py:3036} INFO - Sync 1 DAGs
[2026-04-21T00:53:04.984+0000] {logging_mixin.py:188} INFO - [2026-04-21T00:53:04.983+0000] {dag.py:3823} INFO - Setting next_dagrun for baseball_pipeline_v1 to 2026-04-21 00:00:00+00:00, run_after=2026-04-22 00:00:00+00:00
[2026-04-21T00:53:05.001+0000] {processor.py:183} INFO - Processing /opt/airflow/dags/baseball_etl.py took 0.396 seconds
[2026-04-21T00:53:35.750+0000] {processor.py:161} INFO - Started process (PID=3707641) to work on /opt/airflow/dags/baseball_etl.py
[2026-04-21T00:53:35.752+0000] {processor.py:830} INFO - Processing file /opt/airflow/dags/baseball_etl.py for tasks to queue
[2026-04-21T00:53:35.755+0000] {logging_mixin.py:188} INFO - [2026-04-21T00:53:35.754+0000] {dagbag.py:538} INFO - Filling up the DagBag from /opt/airflow/dags/baseball_etl.py
[2026-04-21T00:53:36.073+0000] {processor.py:840} INFO - DAG(s) 'baseball_pipeline_v1' retrieved from /opt/airflow/dags/baseball_etl.py
[2026-04-21T00:53:36.094+0000] {logging_mixin.py:188} INFO - [2026-04-21T00:53:36.093+0000] {dag.py:3036} INFO - Sync 1 DAGs
[2026-04-21T00:53:36.120+0000] {logging_mixin.py:188} INFO - [2026-04-21T00:53:36.120+0000] {dag.py:3823} INFO - Setting next_dagrun for baseball_pipeline_v1 to 2026-04-21 00:00:00+00:00, run_after=2026-04-22 00:00:00+00:00
[2026-04-21T00:53:36.138+0000] {processor.py:183} INFO - Processing /opt/airflow/dags/baseball_etl.py took 0.392 seconds
[2026-04-21T00:54:06.223+0000] {processor.py:161} INFO - Started process (PID=3707700) to work on /opt/airflow/dags/baseball_etl.py
[2026-04-21T00:54:06.225+0000] {processor.py:830} INFO - Processing file /opt/airflow/dags/baseball_etl.py for tasks to queue
[2026-04-21T00:54:06.227+0000] {logging_mixin.py:188} INFO - [2026-04-21T00:54:06.227+0000] {dagbag.py:538} INFO - Filling up the DagBag from /opt/airflow/dags/baseball_etl.py
[2026-04-21T00:54:06.543+0000] {processor.py:840} INFO - DAG(s) 'baseball_pipeline_v1' retrieved from /opt/airflow/dags/baseball_etl.py
[2026-04-21T00:54:06.564+0000] {logging_mixin.py:188} INFO - [2026-04-21T00:54:06.564+0000] {dag.py:3036} INFO - Sync 1 DAGs
[2026-04-21T00:54:06.591+0000] {logging_mixin.py:188} INFO - [2026-04-21T00:54:06.591+0000] {dag.py:3823} INFO - Setting next_dagrun for baseball_pipeline_v1 to 2026-04-21 00:00:00+00:00, run_after=2026-04-22 00:00:00+00:00
[2026-04-21T00:54:06.608+0000] {processor.py:183} INFO - Processing /opt/airflow/dags/baseball_etl.py took 0.390 seconds
[2026-04-21T00:54:36.661+0000] {processor.py:161} INFO - Started process (PID=3707759) to work on /opt/airflow/dags/baseball_etl.py
[2026-04-21T00:54:36.663+0000] {processor.py:830} INFO - Processing file /opt/airflow/dags/baseball_etl.py for tasks to queue
[2026-04-21T00:54:36.665+0000] {logging_mixin.py:188} INFO - [2026-04-21T00:54:36.665+0000] {dagbag.py:538} INFO - Filling up the DagBag from /opt/airflow/dags/baseball_etl.py
[2026-04-21T00:54:36.985+0000] {processor.py:840} INFO - DAG(s) 'baseball_pipeline_v1' retrieved from /opt/airflow/dags/baseball_etl.py
[2026-04-21T00:54:37.006+0000] {logging_mixin.py:188} INFO - [2026-04-21T00:54:37.006+0000] {dag.py:3036} INFO - Sync 1 DAGs
[2026-04-21T00:54:37.032+0000] {logging_mixin.py:188} INFO - [2026-04-21T00:54:37.032+0000] {dag.py:3823} INFO - Setting next_dagrun for baseball_pipeline_v1 to 2026-04-21 00:00:00+00:00, run_after=2026-04-22 00:00:00+00:00
[2026-04-21T00:54:37.049+0000] {processor.py:183} INFO - Processing /opt/airflow/dags/baseball_etl.py took 0.393 seconds
[2026-04-21T00:55:07.144+0000] {processor.py:161} INFO - Started process (PID=3707817) to work on /opt/airflow/dags/baseball_etl.py
[2026-04-21T00:55:07.145+0000] {processor.py:830} INFO - Processing file /opt/airflow/dags/baseball_etl.py for tasks to queue
[2026-04-21T00:55:07.148+0000] {logging_mixin.py:188} INFO - [2026-04-21T00:55:07.147+0000] {dagbag.py:538} INFO - Filling up the DagBag from /opt/airflow/dags/baseball_etl.py
[2026-04-21T00:55:07.468+0000] {processor.py:840} INFO - DAG(s) 'baseball_pipeline_v1' retrieved from /opt/airflow/dags/baseball_etl.py
[2026-04-21T00:55:07.491+0000] {logging_mixin.py:188} INFO - [2026-04-21T00:55:07.490+0000] {dag.py:3036} INFO - Sync 1 DAGs
[2026-04-21T00:55:07.517+0000] {logging_mixin.py:188} INFO - [2026-04-21T00:55:07.516+0000] {dag.py:3823} INFO - Setting next_dagrun for baseball_pipeline_v1 to 2026-04-21 00:00:00+00:00, run_after=2026-04-22 00:00:00+00:00
[2026-04-21T00:55:07.535+0000] {processor.py:183} INFO - Processing /opt/airflow/dags/baseball_etl.py took 0.396 seconds
[2026-04-21T00:55:38.295+0000] {processor.py:161} INFO - Started process (PID=3707874) to work on /opt/airflow/dags/baseball_etl.py
[2026-04-21T00:55:38.297+0000] {processor.py:830} INFO - Processing file /opt/airflow/dags/baseball_etl.py for tasks to queue
[2026-04-21T00:55:38.299+0000] {logging_mixin.py:188} INFO - [2026-04-21T00:55:38.299+0000] {dagbag.py:538} INFO - Filling up the DagBag from /opt/airflow/dags/baseball_etl.py
[2026-04-21T00:55:38.620+0000] {processor.py:840} INFO - DAG(s) 'baseball_pipeline_v1' retrieved from /opt/airflow/dags/baseball_etl.py
[2026-04-21T00:55:38.644+0000] {logging_mixin.py:188} INFO - [2026-04-21T00:55:38.643+0000] {dag.py:3036} INFO - Sync 1 DAGs
[2026-04-21T00:55:38.671+0000] {logging_mixin.py:188} INFO - [2026-04-21T00:55:38.671+0000] {dag.py:3823} INFO - Setting next_dagrun for baseball_pipeline_v1 to 2026-04-21 00:00:00+00:00, run_after=2026-04-22 00:00:00+00:00
[2026-04-21T00:55:38.692+0000] {processor.py:183} INFO - Processing /opt/airflow/dags/baseball_etl.py took 0.402 seconds
[2026-04-21T00:56:09.128+0000] {processor.py:161} INFO - Started process (PID=3707931) to work on /opt/airflow/dags/baseball_etl.py
[2026-04-21T00:56:09.129+0000] {processor.py:830} INFO - Processing file /opt/airflow/dags/baseball_etl.py for tasks to queue
[2026-04-21T00:56:09.132+0000] {logging_mixin.py:188} INFO - [2026-04-21T00:56:09.131+0000] {dagbag.py:538} INFO - Filling up the DagBag from /opt/airflow/dags/baseball_etl.py
[2026-04-21T00:56:09.451+0000] {processor.py:840} INFO - DAG(s) 'baseball_pipeline_v1' retrieved from /opt/airflow/dags/baseball_etl.py
[2026-04-21T00:56:09.472+0000] {logging_mixin.py:188} INFO - [2026-04-21T00:56:09.472+0000] {dag.py:3036} INFO - Sync 1 DAGs
[2026-04-21T00:56:09.499+0000] {logging_mixin.py:188} INFO - [2026-04-21T00:56:09.499+0000] {dag.py:3823} INFO - Setting next_dagrun for baseball_pipeline_v1 to 2026-04-21 00:00:00+00:00, run_after=2026-04-22 00:00:00+00:00
[2026-04-21T00:56:09.517+0000] {processor.py:183} INFO - Processing /opt/airflow/dags/baseball_etl.py took 0.394 seconds
[2026-04-21T00:56:40.054+0000] {processor.py:161} INFO - Started process (PID=3707988) to work on /opt/airflow/dags/baseball_etl.py
[2026-04-21T00:56:40.056+0000] {processor.py:830} INFO - Processing file /opt/airflow/dags/baseball_etl.py for tasks to queue
[2026-04-21T00:56:40.058+0000] {logging_mixin.py:188} INFO - [2026-04-21T00:56:40.058+0000] {dagbag.py:538} INFO - Filling up the DagBag from /opt/airflow/dags/baseball_etl.py
[2026-04-21T00:56:40.379+0000] {processor.py:840} INFO - DAG(s) 'baseball_pipeline_v1' retrieved from /opt/airflow/dags/baseball_etl.py
[2026-04-21T00:56:40.401+0000] {logging_mixin.py:188} INFO - [2026-04-21T00:56:40.400+0000] {dag.py:3036} INFO - Sync 1 DAGs
[2026-04-21T00:56:40.428+0000] {logging_mixin.py:188} INFO - [2026-04-21T00:56:40.427+0000] {dag.py:3823} INFO - Setting next_dagrun for baseball_pipeline_v1 to 2026-04-21 00:00:00+00:00, run_after=2026-04-22 00:00:00+00:00
[2026-04-21T00:56:40.446+0000] {processor.py:183} INFO - Processing /opt/airflow/dags/baseball_etl.py took 0.397 seconds
[2026-04-21T00:57:10.900+0000] {processor.py:161} INFO - Started process (PID=3708045) to work on /opt/airflow/dags/baseball_etl.py
[2026-04-21T00:57:10.902+0000] {processor.py:830} INFO - Processing file /opt/airflow/dags/baseball_etl.py for tasks to queue
[2026-04-21T00:57:10.905+0000] {logging_mixin.py:188} INFO - [2026-04-21T00:57:10.904+0000] {dagbag.py:538} INFO - Filling up the DagBag from /opt/airflow/dags/baseball_etl.py
[2026-04-21T00:57:11.238+0000] {processor.py:840} INFO - DAG(s) 'baseball_pipeline_v1' retrieved from /opt/airflow/dags/baseball_etl.py
[2026-04-21T00:57:11.260+0000] {logging_mixin.py:188} INFO - [2026-04-21T00:57:11.259+0000] {dag.py:3036} INFO - Sync 1 DAGs
[2026-04-21T00:57:11.288+0000] {logging_mixin.py:188} INFO - [2026-04-21T00:57:11.288+0000] {dag.py:3823} INFO - Setting next_dagrun for baseball_pipeline_v1 to 2026-04-21 00:00:00+00:00, run_after=2026-04-22 00:00:00+00:00
[2026-04-21T00:57:11.534+0000] {processor.py:183} INFO - Processing /opt/airflow/dags/baseball_etl.py took 0.639 seconds
[2026-04-21T00:57:42.219+0000] {processor.py:161} INFO - Started process (PID=3708103) to work on /opt/airflow/dags/baseball_etl.py
[2026-04-21T00:57:42.221+0000] {processor.py:830} INFO - Processing file /opt/airflow/dags/baseball_etl.py for tasks to queue
[2026-04-21T00:57:42.223+0000] {logging_mixin.py:188} INFO - [2026-04-21T00:57:42.223+0000] {dagbag.py:538} INFO - Filling up the DagBag from /opt/airflow/dags/baseball_etl.py
[2026-04-21T00:57:42.547+0000] {processor.py:840} INFO - DAG(s) 'baseball_pipeline_v1' retrieved from /opt/airflow/dags/baseball_etl.py
[2026-04-21T00:57:42.571+0000] {logging_mixin.py:188} INFO - [2026-04-21T00:57:42.571+0000] {dag.py:3036} INFO - Sync 1 DAGs
[2026-04-21T00:57:42.602+0000] {logging_mixin.py:188} INFO - [2026-04-21T00:57:42.601+0000] {dag.py:3823} INFO - Setting next_dagrun for baseball_pipeline_v1 to 2026-04-21 00:00:00+00:00, run_after=2026-04-22 00:00:00+00:00
[2026-04-21T00:57:42.620+0000] {processor.py:183} INFO - Processing /opt/airflow/dags/baseball_etl.py took 0.406 seconds
[2026-04-21T00:58:13.468+0000] {processor.py:161} INFO - Started process (PID=3708160) to work on /opt/airflow/dags/baseball_etl.py
[2026-04-21T00:58:13.470+0000] {processor.py:830} INFO - Processing file /opt/airflow/dags/baseball_etl.py for tasks to queue
[2026-04-21T00:58:13.472+0000] {logging_mixin.py:188} INFO - [2026-04-21T00:58:13.472+0000] {dagbag.py:538} INFO - Filling up the DagBag from /opt/airflow/dags/baseball_etl.py
[2026-04-21T00:58:13.838+0000] {processor.py:840} INFO - DAG(s) 'baseball_pipeline_v1' retrieved from /opt/airflow/dags/baseball_etl.py
[2026-04-21T00:58:13.860+0000] {logging_mixin.py:188} INFO - [2026-04-21T00:58:13.859+0000] {dag.py:3036} INFO - Sync 1 DAGs
[2026-04-21T00:58:13.891+0000] {logging_mixin.py:188} INFO - [2026-04-21T00:58:13.890+0000] {dag.py:3823} INFO - Setting next_dagrun for baseball_pipeline_v1 to 2026-04-21 00:00:00+00:00, run_after=2026-04-22 00:00:00+00:00
[2026-04-21T00:58:13.912+0000] {processor.py:183} INFO - Processing /opt/airflow/dags/baseball_etl.py took 0.449 seconds
[2026-04-21T00:58:44.856+0000] {processor.py:161} INFO - Started process (PID=3708218) to work on /opt/airflow/dags/baseball_etl.py
[2026-04-21T00:58:44.858+0000] {processor.py:830} INFO - Processing file /opt/airflow/dags/baseball_etl.py for tasks to queue
[2026-04-21T00:58:44.861+0000] {logging_mixin.py:188} INFO - [2026-04-21T00:58:44.860+0000] {dagbag.py:538} INFO - Filling up the DagBag from /opt/airflow/dags/baseball_etl.py
[2026-04-21T00:58:45.182+0000] {processor.py:840} INFO - DAG(s) 'baseball_pipeline_v1' retrieved from /opt/airflow/dags/baseball_etl.py
[2026-04-21T00:58:45.204+0000] {logging_mixin.py:188} INFO - [2026-04-21T00:58:45.203+0000] {dag.py:3036} INFO - Sync 1 DAGs
[2026-04-21T00:58:45.230+0000] {logging_mixin.py:188} INFO - [2026-04-21T00:58:45.230+0000] {dag.py:3823} INFO - Setting next_dagrun for baseball_pipeline_v1 to 2026-04-21 00:00:00+00:00, run_after=2026-04-22 00:00:00+00:00
[2026-04-21T00:58:45.248+0000] {processor.py:183} INFO - Processing /opt/airflow/dags/baseball_etl.py took 0.397 seconds
[2026-04-21T00:59:16.102+0000] {processor.py:161} INFO - Started process (PID=3708276) to work on /opt/airflow/dags/baseball_etl.py
[2026-04-21T00:59:16.103+0000] {processor.py:830} INFO - Processing file /opt/airflow/dags/baseball_etl.py for tasks to queue
[2026-04-21T00:59:16.105+0000] {logging_mixin.py:188} INFO - [2026-04-21T00:59:16.105+0000] {dagbag.py:538} INFO - Filling up the DagBag from /opt/airflow/dags/baseball_etl.py
[2026-04-21T00:59:16.438+0000] {processor.py:840} INFO - DAG(s) 'baseball_pipeline_v1' retrieved from /opt/airflow/dags/baseball_etl.py
[2026-04-21T00:59:16.460+0000] {logging_mixin.py:188} INFO - [2026-04-21T00:59:16.459+0000] {dag.py:3036} INFO - Sync 1 DAGs
[2026-04-21T00:59:16.486+0000] {logging_mixin.py:188} INFO - [2026-04-21T00:59:16.485+0000] {dag.py:3823} INFO - Setting next_dagrun for baseball_pipeline_v1 to 2026-04-21 00:00:00+00:00, run_after=2026-04-22 00:00:00+00:00
[2026-04-21T00:59:16.504+0000] {processor.py:183} INFO - Processing /opt/airflow/dags/baseball_etl.py took 0.407 seconds
[2026-04-21T00:59:46.532+0000] {processor.py:161} INFO - Started process (PID=3708335) to work on /opt/airflow/dags/baseball_etl.py
[2026-04-21T00:59:46.534+0000] {processor.py:830} INFO - Processing file /opt/airflow/dags/baseball_etl.py for tasks to queue
[2026-04-21T00:59:46.537+0000] {logging_mixin.py:188} INFO - [2026-04-21T00:59:46.536+0000] {dagbag.py:538} INFO - Filling up the DagBag from /opt/airflow/dags/baseball_etl.py
[2026-04-21T00:59:46.854+0000] {processor.py:840} INFO - DAG(s) 'baseball_pipeline_v1' retrieved from /opt/airflow/dags/baseball_etl.py
[2026-04-21T00:59:46.877+0000] {logging_mixin.py:188} INFO - [2026-04-21T00:59:46.876+0000] {dag.py:3036} INFO - Sync 1 DAGs
[2026-04-21T00:59:46.903+0000] {logging_mixin.py:188} INFO - [2026-04-21T00:59:46.902+0000] {dag.py:3823} INFO - Setting next_dagrun for baseball_pipeline_v1 to 2026-04-21 00:00:00+00:00, run_after=2026-04-22 00:00:00+00:00
[2026-04-21T00:59:46.921+0000] {processor.py:183} INFO - Processing /opt/airflow/dags/baseball_etl.py took 0.393 seconds
[2026-04-21T01:00:16.988+0000] {processor.py:161} INFO - Started process (PID=3708393) to work on /opt/airflow/dags/baseball_etl.py
[2026-04-21T01:00:16.989+0000] {processor.py:830} INFO - Processing file /opt/airflow/dags/baseball_etl.py for tasks to queue
[2026-04-21T01:00:16.991+0000] {logging_mixin.py:188} INFO - [2026-04-21T01:00:16.991+0000] {dagbag.py:538} INFO - Filling up the DagBag from /opt/airflow/dags/baseball_etl.py
[2026-04-21T01:00:17.316+0000] {processor.py:840} INFO - DAG(s) 'baseball_pipeline_v1' retrieved from /opt/airflow/dags/baseball_etl.py
[2026-04-21T01:00:17.339+0000] {logging_mixin.py:188} INFO - [2026-04-21T01:00:17.339+0000] {dag.py:3036} INFO - Sync 1 DAGs
[2026-04-21T01:00:17.581+0000] {logging_mixin.py:188} INFO - [2026-04-21T01:00:17.581+0000] {dag.py:3823} INFO - Setting next_dagrun for baseball_pipeline_v1 to 2026-04-21 00:00:00+00:00, run_after=2026-04-22 00:00:00+00:00
[2026-04-21T01:00:17.599+0000] {processor.py:183} INFO - Processing /opt/airflow/dags/baseball_etl.py took 0.616 seconds
[2026-04-21T01:00:48.152+0000] {processor.py:161} INFO - Started process (PID=3708450) to work on /opt/airflow/dags/baseball_etl.py
[2026-04-21T01:00:48.154+0000] {processor.py:830} INFO - Processing file /opt/airflow/dags/baseball_etl.py for tasks to queue
[2026-04-21T01:00:48.156+0000] {logging_mixin.py:188} INFO - [2026-04-21T01:00:48.156+0000] {dagbag.py:538} INFO - Filling up the DagBag from /opt/airflow/dags/baseball_etl.py
[2026-04-21T01:00:48.475+0000] {processor.py:840} INFO - DAG(s) 'baseball_pipeline_v1' retrieved from /opt/airflow/dags/baseball_etl.py
[2026-04-21T01:00:48.498+0000] {logging_mixin.py:188} INFO - [2026-04-21T01:00:48.497+0000] {dag.py:3036} INFO - Sync 1 DAGs
[2026-04-21T01:00:48.723+0000] {logging_mixin.py:188} INFO - [2026-04-21T01:00:48.723+0000] {dag.py:3823} INFO - Setting next_dagrun for baseball_pipeline_v1 to 2026-04-21 00:00:00+00:00, run_after=2026-04-22 00:00:00+00:00
[2026-04-21T01:00:48.742+0000] {processor.py:183} INFO - Processing /opt/airflow/dags/baseball_etl.py took 0.595 seconds
[2026-04-21T01:01:19.037+0000] {processor.py:161} INFO - Started process (PID=3708509) to work on /opt/airflow/dags/baseball_etl.py
[2026-04-21T01:01:19.038+0000] {processor.py:830} INFO - Processing file /opt/airflow/dags/baseball_etl.py for tasks to queue
[2026-04-21T01:01:19.041+0000] {logging_mixin.py:188} INFO - [2026-04-21T01:01:19.040+0000] {dagbag.py:538} INFO - Filling up the DagBag from /opt/airflow/dags/baseball_etl.py
[2026-04-21T01:01:19.361+0000] {processor.py:840} INFO - DAG(s) 'baseball_pipeline_v1' retrieved from /opt/airflow/dags/baseball_etl.py
[2026-04-21T01:01:19.383+0000] {logging_mixin.py:188} INFO - [2026-04-21T01:01:19.383+0000] {dag.py:3036} INFO - Sync 1 DAGs
[2026-04-21T01:01:19.410+0000] {logging_mixin.py:188} INFO - [2026-04-21T01:01:19.410+0000] {dag.py:3823} INFO - Setting next_dagrun for baseball_pipeline_v1 to 2026-04-21 00:00:00+00:00, run_after=2026-04-22 00:00:00+00:00
[2026-04-21T01:01:19.618+0000] {processor.py:183} INFO - Processing /opt/airflow/dags/baseball_etl.py took 0.586 seconds
[2026-04-21T01:01:49.924+0000] {processor.py:161} INFO - Started process (PID=3708564) to work on /opt/airflow/dags/baseball_etl.py
[2026-04-21T01:01:49.926+0000] {processor.py:830} INFO - Processing file /opt/airflow/dags/baseball_etl.py for tasks to queue
[2026-04-21T01:01:49.928+0000] {logging_mixin.py:188} INFO - [2026-04-21T01:01:49.928+0000] {dagbag.py:538} INFO - Filling up the DagBag from /opt/airflow/dags/baseball_etl.py
[2026-04-21T01:01:50.439+0000] {processor.py:840} INFO - DAG(s) 'baseball_pipeline_v1' retrieved from /opt/airflow/dags/baseball_etl.py
[2026-04-21T01:01:50.457+0000] {logging_mixin.py:188} INFO - [2026-04-21T01:01:50.456+0000] {dag.py:3036} INFO - Sync 1 DAGs
[2026-04-21T01:01:50.480+0000] {logging_mixin.py:188} INFO - [2026-04-21T01:01:50.479+0000] {dag.py:3823} INFO - Setting next_dagrun for baseball_pipeline_v1 to 2026-04-21 00:00:00+00:00, run_after=2026-04-22 00:00:00+00:00
[2026-04-21T01:01:50.496+0000] {processor.py:183} INFO - Processing /opt/airflow/dags/baseball_etl.py took 0.577 seconds
[2026-04-21T01:02:21.100+0000] {processor.py:161} INFO - Started process (PID=3708621) to work on /opt/airflow/dags/baseball_etl.py
[2026-04-21T01:02:21.101+0000] {processor.py:830} INFO - Processing file /opt/airflow/dags/baseball_etl.py for tasks to queue
[2026-04-21T01:02:21.104+0000] {logging_mixin.py:188} INFO - [2026-04-21T01:02:21.103+0000] {dagbag.py:538} INFO - Filling up the DagBag from /opt/airflow/dags/baseball_etl.py
[2026-04-21T01:02:21.428+0000] {processor.py:840} INFO - DAG(s) 'baseball_pipeline_v1' retrieved from /opt/airflow/dags/baseball_etl.py
[2026-04-21T01:02:21.458+0000] {logging_mixin.py:188} INFO - [2026-04-21T01:02:21.457+0000] {dag.py:3036} INFO - Sync 1 DAGs
[2026-04-21T01:02:21.701+0000] {logging_mixin.py:188} INFO - [2026-04-21T01:02:21.700+0000] {dag.py:3823} INFO - Setting next_dagrun for baseball_pipeline_v1 to 2026-04-21 00:00:00+00:00, run_after=2026-04-22 00:00:00+00:00
[2026-04-21T01:02:21.718+0000] {processor.py:183} INFO - Processing /opt/airflow/dags/baseball_etl.py took 0.623 seconds
[2026-04-21T01:02:52.349+0000] {processor.py:161} INFO - Started process (PID=3708678) to work on /opt/airflow/dags/baseball_etl.py
[2026-04-21T01:02:52.351+0000] {processor.py:830} INFO - Processing file /opt/airflow/dags/baseball_etl.py for tasks to queue
[2026-04-21T01:02:52.353+0000] {logging_mixin.py:188} INFO - [2026-04-21T01:02:52.353+0000] {dagbag.py:538} INFO - Filling up the DagBag from /opt/airflow/dags/baseball_etl.py
[2026-04-21T01:02:52.675+0000] {processor.py:840} INFO - DAG(s) 'baseball_pipeline_v1' retrieved from /opt/airflow/dags/baseball_etl.py
[2026-04-21T01:02:52.696+0000] {logging_mixin.py:188} INFO - [2026-04-21T01:02:52.695+0000] {dag.py:3036} INFO - Sync 1 DAGs
[2026-04-21T01:02:52.918+0000] {logging_mixin.py:188} INFO - [2026-04-21T01:02:52.917+0000] {dag.py:3823} INFO - Setting next_dagrun for baseball_pipeline_v1 to 2026-04-21 00:00:00+00:00, run_after=2026-04-22 00:00:00+00:00
[2026-04-21T01:02:52.935+0000] {processor.py:183} INFO - Processing /opt/airflow/dags/baseball_etl.py took 0.591 seconds
[2026-04-21T01:03:23.578+0000] {processor.py:161} INFO - Started process (PID=3708735) to work on /opt/airflow/dags/baseball_etl.py
[2026-04-21T01:03:23.580+0000] {processor.py:830} INFO - Processing file /opt/airflow/dags/baseball_etl.py for tasks to queue
[2026-04-21T01:03:23.582+0000] {logging_mixin.py:188} INFO - [2026-04-21T01:03:23.582+0000] {dagbag.py:538} INFO - Filling up the DagBag from /opt/airflow/dags/baseball_etl.py
[2026-04-21T01:03:24.133+0000] {processor.py:840} INFO - DAG(s) 'baseball_pipeline_v1' retrieved from /opt/airflow/dags/baseball_etl.py
[2026-04-21T01:03:24.153+0000] {logging_mixin.py:188} INFO - [2026-04-21T01:03:24.152+0000] {dag.py:3036} INFO - Sync 1 DAGs
[2026-04-21T01:03:24.177+0000] {logging_mixin.py:188} INFO - [2026-04-21T01:03:24.177+0000] {dag.py:3823} INFO - Setting next_dagrun for baseball_pipeline_v1 to 2026-04-21 00:00:00+00:00, run_after=2026-04-22 00:00:00+00:00
[2026-04-21T01:03:24.195+0000] {processor.py:183} INFO - Processing /opt/airflow/dags/baseball_etl.py took 0.622 seconds
[2026-04-21T01:03:54.882+0000] {processor.py:161} INFO - Started process (PID=3708793) to work on /opt/airflow/dags/baseball_etl.py
[2026-04-21T01:03:54.885+0000] {processor.py:830} INFO - Processing file /opt/airflow/dags/baseball_etl.py for tasks to queue
[2026-04-21T01:03:54.887+0000] {logging_mixin.py:188} INFO - [2026-04-21T01:03:54.887+0000] {dagbag.py:538} INFO - Filling up the DagBag from /opt/airflow/dags/baseball_etl.py
[2026-04-21T01:03:55.418+0000] {processor.py:840} INFO - DAG(s) 'baseball_pipeline_v1' retrieved from /opt/airflow/dags/baseball_etl.py
[2026-04-21T01:03:55.436+0000] {logging_mixin.py:188} INFO - [2026-04-21T01:03:55.435+0000] {dag.py:3036} INFO - Sync 1 DAGs
[2026-04-21T01:03:55.459+0000] {logging_mixin.py:188} INFO - [2026-04-21T01:03:55.459+0000] {dag.py:3823} INFO - Setting next_dagrun for baseball_pipeline_v1 to 2026-04-21 00:00:00+00:00, run_after=2026-04-22 00:00:00+00:00
[2026-04-21T01:03:55.476+0000] {processor.py:183} INFO - Processing /opt/airflow/dags/baseball_etl.py took 0.599 seconds
[2026-04-21T01:04:26.062+0000] {processor.py:161} INFO - Started process (PID=3708850) to work on /opt/airflow/dags/baseball_etl.py
[2026-04-21T01:04:26.065+0000] {processor.py:830} INFO - Processing file /opt/airflow/dags/baseball_etl.py for tasks to queue
[2026-04-21T01:04:26.067+0000] {logging_mixin.py:188} INFO - [2026-04-21T01:04:26.067+0000] {dagbag.py:538} INFO - Filling up the DagBag from /opt/airflow/dags/baseball_etl.py
[2026-04-21T01:04:26.583+0000] {processor.py:840} INFO - DAG(s) 'baseball_pipeline_v1' retrieved from /opt/airflow/dags/baseball_etl.py
[2026-04-21T01:04:26.602+0000] {logging_mixin.py:188} INFO - [2026-04-21T01:04:26.602+0000] {dag.py:3036} INFO - Sync 1 DAGs
[2026-04-21T01:04:26.625+0000] {logging_mixin.py:188} INFO - [2026-04-21T01:04:26.625+0000] {dag.py:3823} INFO - Setting next_dagrun for baseball_pipeline_v1 to 2026-04-21 00:00:00+00:00, run_after=2026-04-22 00:00:00+00:00
[2026-04-21T01:04:26.643+0000] {processor.py:183} INFO - Processing /opt/airflow/dags/baseball_etl.py took 0.586 seconds
[2026-04-21T01:04:57.664+0000] {processor.py:161} INFO - Started process (PID=3708911) to work on /opt/airflow/dags/baseball_etl.py
[2026-04-21T01:04:57.666+0000] {processor.py:830} INFO - Processing file /opt/airflow/dags/baseball_etl.py for tasks to queue
[2026-04-21T01:04:57.669+0000] {logging_mixin.py:188} INFO - [2026-04-21T01:04:57.668+0000] {dagbag.py:538} INFO - Filling up the DagBag from /opt/airflow/dags/baseball_etl.py
[2026-04-21T01:04:58.217+0000] {processor.py:840} INFO - DAG(s) 'baseball_pipeline_v1' retrieved from /opt/airflow/dags/baseball_etl.py
[2026-04-21T01:04:58.237+0000] {logging_mixin.py:188} INFO - [2026-04-21T01:04:58.237+0000] {dag.py:3036} INFO - Sync 1 DAGs
[2026-04-21T01:04:58.264+0000] {logging_mixin.py:188} INFO - [2026-04-21T01:04:58.264+0000] {dag.py:3823} INFO - Setting next_dagrun for baseball_pipeline_v1 to 2026-04-21 00:00:00+00:00, run_after=2026-04-22 00:00:00+00:00
[2026-04-21T01:04:58.281+0000] {processor.py:183} INFO - Processing /opt/airflow/dags/baseball_etl.py took 0.622 seconds
[2026-04-21T01:05:29.029+0000] {processor.py:161} INFO - Started process (PID=3708968) to work on /opt/airflow/dags/baseball_etl.py
[2026-04-21T01:05:29.030+0000] {processor.py:830} INFO - Processing file /opt/airflow/dags/baseball_etl.py for tasks to queue
[2026-04-21T01:05:29.032+0000] {logging_mixin.py:188} INFO - [2026-04-21T01:05:29.032+0000] {dagbag.py:538} INFO - Filling up the DagBag from /opt/airflow/dags/baseball_etl.py
[2026-04-21T01:05:29.567+0000] {processor.py:840} INFO - DAG(s) 'baseball_pipeline_v1' retrieved from /opt/airflow/dags/baseball_etl.py
[2026-04-21T01:05:29.586+0000] {logging_mixin.py:188} INFO - [2026-04-21T01:05:29.585+0000] {dag.py:3036} INFO - Sync 1 DAGs
[2026-04-21T01:05:29.611+0000] {logging_mixin.py:188} INFO - [2026-04-21T01:05:29.610+0000] {dag.py:3823} INFO - Setting next_dagrun for baseball_pipeline_v1 to 2026-04-21 00:00:00+00:00, run_after=2026-04-22 00:00:00+00:00
[2026-04-21T01:05:29.628+0000] {processor.py:183} INFO - Processing /opt/airflow/dags/baseball_etl.py took 0.604 seconds
[2026-04-21T01:06:00.438+0000] {processor.py:161} INFO - Started process (PID=3709027) to work on /opt/airflow/dags/baseball_etl.py
[2026-04-21T01:06:00.441+0000] {processor.py:830} INFO - Processing file /opt/airflow/dags/baseball_etl.py for tasks to queue
[2026-04-21T01:06:00.443+0000] {logging_mixin.py:188} INFO - [2026-04-21T01:06:00.443+0000] {dagbag.py:538} INFO - Filling up the DagBag from /opt/airflow/dags/baseball_etl.py
[2026-04-21T01:06:01.012+0000] {processor.py:840} INFO - DAG(s) 'baseball_pipeline_v1' retrieved from /opt/airflow/dags/baseball_etl.py
[2026-04-21T01:06:01.030+0000] {logging_mixin.py:188} INFO - [2026-04-21T01:06:01.030+0000] {dag.py:3036} INFO - Sync 1 DAGs
[2026-04-21T01:06:01.054+0000] {logging_mixin.py:188} INFO - [2026-04-21T01:06:01.053+0000] {dag.py:3823} INFO - Setting next_dagrun for baseball_pipeline_v1 to 2026-04-21 00:00:00+00:00, run_after=2026-04-22 00:00:00+00:00
[2026-04-21T01:06:01.072+0000] {processor.py:183} INFO - Processing /opt/airflow/dags/baseball_etl.py took 0.640 seconds
[2026-04-21T01:06:31.743+0000] {processor.py:161} INFO - Started process (PID=3709084) to work on /opt/airflow/dags/baseball_etl.py
[2026-04-21T01:06:31.744+0000] {processor.py:830} INFO - Processing file /opt/airflow/dags/baseball_etl.py for tasks to queue
[2026-04-21T01:06:31.746+0000] {logging_mixin.py:188} INFO - [2026-04-21T01:06:31.746+0000] {dagbag.py:538} INFO - Filling up the DagBag from /opt/airflow/dags/baseball_etl.py
[2026-04-21T01:06:32.276+0000] {processor.py:840} INFO - DAG(s) 'baseball_pipeline_v1' retrieved from /opt/airflow/dags/baseball_etl.py
[2026-04-21T01:06:32.294+0000] {logging_mixin.py:188} INFO - [2026-04-21T01:06:32.293+0000] {dag.py:3036} INFO - Sync 1 DAGs
[2026-04-21T01:06:32.317+0000] {logging_mixin.py:188} INFO - [2026-04-21T01:06:32.317+0000] {dag.py:3823} INFO - Setting next_dagrun for baseball_pipeline_v1 to 2026-04-21 00:00:00+00:00, run_after=2026-04-22 00:00:00+00:00
[2026-04-21T01:06:32.333+0000] {processor.py:183} INFO - Processing /opt/airflow/dags/baseball_etl.py took 0.595 seconds
[2026-04-21T01:07:03.210+0000] {processor.py:161} INFO - Started process (PID=3709145) to work on /opt/airflow/dags/baseball_etl.py
[2026-04-21T01:07:03.212+0000] {processor.py:830} INFO - Processing file /opt/airflow/dags/baseball_etl.py for tasks to queue
[2026-04-21T01:07:03.215+0000] {logging_mixin.py:188} INFO - [2026-04-21T01:07:03.214+0000] {dagbag.py:538} INFO - Filling up the DagBag from /opt/airflow/dags/baseball_etl.py
[2026-04-21T01:07:03.808+0000] {processor.py:840} INFO - DAG(s) 'baseball_pipeline_v1' retrieved from /opt/airflow/dags/baseball_etl.py
[2026-04-21T01:07:03.830+0000] {logging_mixin.py:188} INFO - [2026-04-21T01:07:03.830+0000] {dag.py:3036} INFO - Sync 1 DAGs
[2026-04-21T01:07:03.856+0000] {logging_mixin.py:188} INFO - [2026-04-21T01:07:03.856+0000] {dag.py:3823} INFO - Setting next_dagrun for baseball_pipeline_v1 to 2026-04-21 00:00:00+00:00, run_after=2026-04-22 00:00:00+00:00
[2026-04-21T01:07:03.875+0000] {processor.py:183} INFO - Processing /opt/airflow/dags/baseball_etl.py took 0.669 seconds
[2026-04-21T01:07:34.686+0000] {processor.py:161} INFO - Started process (PID=3709205) to work on /opt/airflow/dags/baseball_etl.py
[2026-04-21T01:07:34.687+0000] {processor.py:830} INFO - Processing file /opt/airflow/dags/baseball_etl.py for tasks to queue
[2026-04-21T01:07:34.689+0000] {logging_mixin.py:188} INFO - [2026-04-21T01:07:34.689+0000] {dagbag.py:538} INFO - Filling up the DagBag from /opt/airflow/dags/baseball_etl.py
[2026-04-21T01:07:35.234+0000] {processor.py:840} INFO - DAG(s) 'baseball_pipeline_v1' retrieved from /opt/airflow/dags/baseball_etl.py
[2026-04-21T01:07:35.251+0000] {logging_mixin.py:188} INFO - [2026-04-21T01:07:35.251+0000] {dag.py:3036} INFO - Sync 1 DAGs
[2026-04-21T01:07:35.276+0000] {logging_mixin.py:188} INFO - [2026-04-21T01:07:35.276+0000] {dag.py:3823} INFO - Setting next_dagrun for baseball_pipeline_v1 to 2026-04-21 00:00:00+00:00, run_after=2026-04-22 00:00:00+00:00
[2026-04-21T01:07:35.293+0000] {processor.py:183} INFO - Processing /opt/airflow/dags/baseball_etl.py took 0.612 seconds
[2026-04-21T01:08:05.471+0000] {processor.py:161} INFO - Started process (PID=3709272) to work on /opt/airflow/dags/baseball_etl.py
[2026-04-21T01:08:05.472+0000] {processor.py:830} INFO - Processing file /opt/airflow/dags/baseball_etl.py for tasks to queue
[2026-04-21T01:08:05.475+0000] {logging_mixin.py:188} INFO - [2026-04-21T01:08:05.474+0000] {dagbag.py:538} INFO - Filling up the DagBag from /opt/airflow/dags/baseball_etl.py
[2026-04-21T01:08:05.996+0000] {processor.py:840} INFO - DAG(s) 'baseball_pipeline_v1' retrieved from /opt/airflow/dags/baseball_etl.py
[2026-04-21T01:08:06.014+0000] {logging_mixin.py:188} INFO - [2026-04-21T01:08:06.013+0000] {dag.py:3036} INFO - Sync 1 DAGs
[2026-04-21T01:08:06.038+0000] {logging_mixin.py:188} INFO - [2026-04-21T01:08:06.037+0000] {dag.py:3823} INFO - Setting next_dagrun for baseball_pipeline_v1 to 2026-04-21 00:00:00+00:00, run_after=2026-04-22 00:00:00+00:00
[2026-04-21T01:08:06.054+0000] {processor.py:183} INFO - Processing /opt/airflow/dags/baseball_etl.py took 0.588 seconds
[2026-04-21T01:08:36.887+0000] {processor.py:161} INFO - Started process (PID=3709331) to work on /opt/airflow/dags/baseball_etl.py
[2026-04-21T01:08:36.889+0000] {processor.py:830} INFO - Processing file /opt/airflow/dags/baseball_etl.py for tasks to queue
[2026-04-21T01:08:36.891+0000] {logging_mixin.py:188} INFO - [2026-04-21T01:08:36.891+0000] {dagbag.py:538} INFO - Filling up the DagBag from /opt/airflow/dags/baseball_etl.py
[2026-04-21T01:08:37.443+0000] {processor.py:840} INFO - DAG(s) 'baseball_pipeline_v1' retrieved from /opt/airflow/dags/baseball_etl.py
[2026-04-21T01:08:37.462+0000] {logging_mixin.py:188} INFO - [2026-04-21T01:08:37.461+0000] {dag.py:3036} INFO - Sync 1 DAGs
[2026-04-21T01:08:37.488+0000] {logging_mixin.py:188} INFO - [2026-04-21T01:08:37.488+0000] {dag.py:3823} INFO - Setting next_dagrun for baseball_pipeline_v1 to 2026-04-21 00:00:00+00:00, run_after=2026-04-22 00:00:00+00:00
[2026-04-21T01:08:37.508+0000] {processor.py:183} INFO - Processing /opt/airflow/dags/baseball_etl.py took 0.626 seconds
[2026-04-21T01:09:07.779+0000] {processor.py:161} INFO - Started process (PID=3709393) to work on /opt/airflow/dags/baseball_etl.py
[2026-04-21T01:09:07.781+0000] {processor.py:830} INFO - Processing file /opt/airflow/dags/baseball_etl.py for tasks to queue
[2026-04-21T01:09:07.783+0000] {logging_mixin.py:188} INFO - [2026-04-21T01:09:07.783+0000] {dagbag.py:538} INFO - Filling up the DagBag from /opt/airflow/dags/baseball_etl.py
[2026-04-21T01:09:08.295+0000] {processor.py:840} INFO - DAG(s) 'baseball_pipeline_v1' retrieved from /opt/airflow/dags/baseball_etl.py
[2026-04-21T01:09:08.314+0000] {logging_mixin.py:188} INFO - [2026-04-21T01:09:08.313+0000] {dag.py:3036} INFO - Sync 1 DAGs
[2026-04-21T01:09:08.337+0000] {logging_mixin.py:188} INFO - [2026-04-21T01:09:08.337+0000] {dag.py:3823} INFO - Setting next_dagrun for baseball_pipeline_v1 to 2026-04-21 00:00:00+00:00, run_after=2026-04-22 00:00:00+00:00
[2026-04-21T01:09:08.355+0000] {processor.py:183} INFO - Processing /opt/airflow/dags/baseball_etl.py took 0.581 seconds
[2026-04-21T01:09:38.653+0000] {processor.py:161} INFO - Started process (PID=3709451) to work on /opt/airflow/dags/baseball_etl.py
[2026-04-21T01:09:38.654+0000] {processor.py:830} INFO - Processing file /opt/airflow/dags/baseball_etl.py for tasks to queue
[2026-04-21T01:09:38.657+0000] {logging_mixin.py:188} INFO - [2026-04-21T01:09:38.656+0000] {dagbag.py:538} INFO - Filling up the DagBag from /opt/airflow/dags/baseball_etl.py
[2026-04-21T01:09:39.188+0000] {processor.py:840} INFO - DAG(s) 'baseball_pipeline_v1' retrieved from /opt/airflow/dags/baseball_etl.py
[2026-04-21T01:09:39.207+0000] {logging_mixin.py:188} INFO - [2026-04-21T01:09:39.206+0000] {dag.py:3036} INFO - Sync 1 DAGs
[2026-04-21T01:09:39.236+0000] {logging_mixin.py:188} INFO - [2026-04-21T01:09:39.236+0000] {dag.py:3823} INFO - Setting next_dagrun for baseball_pipeline_v1 to 2026-04-21 00:00:00+00:00, run_after=2026-04-22 00:00:00+00:00
[2026-04-21T01:09:39.257+0000] {processor.py:183} INFO - Processing /opt/airflow/dags/baseball_etl.py took 0.609 seconds
[2026-04-21T01:10:10.216+0000] {processor.py:161} INFO - Started process (PID=3709508) to work on /opt/airflow/dags/baseball_etl.py
[2026-04-21T01:10:10.217+0000] {processor.py:830} INFO - Processing file /opt/airflow/dags/baseball_etl.py for tasks to queue
[2026-04-21T01:10:10.219+0000] {logging_mixin.py:188} INFO - [2026-04-21T01:10:10.219+0000] {dagbag.py:538} INFO - Filling up the DagBag from /opt/airflow/dags/baseball_etl.py
[2026-04-21T01:10:10.751+0000] {processor.py:840} INFO - DAG(s) 'baseball_pipeline_v1' retrieved from /opt/airflow/dags/baseball_etl.py
[2026-04-21T01:10:10.772+0000] {logging_mixin.py:188} INFO - [2026-04-21T01:10:10.771+0000] {dag.py:3036} INFO - Sync 1 DAGs
[2026-04-21T01:10:10.798+0000] {logging_mixin.py:188} INFO - [2026-04-21T01:10:10.797+0000] {dag.py:3823} INFO - Setting next_dagrun for baseball_pipeline_v1 to 2026-04-21 00:00:00+00:00, run_after=2026-04-22 00:00:00+00:00
[2026-04-21T01:10:10.818+0000] {processor.py:183} INFO - Processing /opt/airflow/dags/baseball_etl.py took 0.608 seconds
[2026-04-21T01:10:41.332+0000] {processor.py:161} INFO - Started process (PID=3709565) to work on /opt/airflow/dags/baseball_etl.py
[2026-04-21T01:10:41.335+0000] {processor.py:830} INFO - Processing file /opt/airflow/dags/baseball_etl.py for tasks to queue
[2026-04-21T01:10:41.337+0000] {logging_mixin.py:188} INFO - [2026-04-21T01:10:41.337+0000] {dagbag.py:538} INFO - Filling up the DagBag from /opt/airflow/dags/baseball_etl.py
[2026-04-21T01:10:41.915+0000] {processor.py:840} INFO - DAG(s) 'baseball_pipeline_v1' retrieved from /opt/airflow/dags/baseball_etl.py
[2026-04-21T01:10:41.934+0000] {logging_mixin.py:188} INFO - [2026-04-21T01:10:41.933+0000] {dag.py:3036} INFO - Sync 1 DAGs
[2026-04-21T01:10:41.957+0000] {logging_mixin.py:188} INFO - [2026-04-21T01:10:41.957+0000] {dag.py:3823} INFO - Setting next_dagrun for baseball_pipeline_v1 to 2026-04-21 00:00:00+00:00, run_after=2026-04-22 00:00:00+00:00
[2026-04-21T01:10:41.975+0000] {processor.py:183} INFO - Processing /opt/airflow/dags/baseball_etl.py took 0.647 seconds
[2026-04-21T01:11:12.638+0000] {processor.py:161} INFO - Started process (PID=3709622) to work on /opt/airflow/dags/baseball_etl.py
[2026-04-21T01:11:12.639+0000] {processor.py:830} INFO - Processing file /opt/airflow/dags/baseball_etl.py for tasks to queue
[2026-04-21T01:11:12.641+0000] {logging_mixin.py:188} INFO - [2026-04-21T01:11:12.641+0000] {dagbag.py:538} INFO - Filling up the DagBag from /opt/airflow/dags/baseball_etl.py
[2026-04-21T01:11:13.163+0000] {processor.py:840} INFO - DAG(s) 'baseball_pipeline_v1' retrieved from /opt/airflow/dags/baseball_etl.py
[2026-04-21T01:11:13.182+0000] {logging_mixin.py:188} INFO - [2026-04-21T01:11:13.182+0000] {dag.py:3036} INFO - Sync 1 DAGs
[2026-04-21T01:11:13.206+0000] {logging_mixin.py:188} INFO - [2026-04-21T01:11:13.206+0000] {dag.py:3823} INFO - Setting next_dagrun for baseball_pipeline_v1 to 2026-04-21 00:00:00+00:00, run_after=2026-04-22 00:00:00+00:00
[2026-04-21T01:11:13.224+0000] {processor.py:183} INFO - Processing /opt/airflow/dags/baseball_etl.py took 0.591 seconds
[2026-04-21T01:11:43.879+0000] {processor.py:161} INFO - Started process (PID=3709679) to work on /opt/airflow/dags/baseball_etl.py
[2026-04-21T01:11:43.881+0000] {processor.py:830} INFO - Processing file /opt/airflow/dags/baseball_etl.py for tasks to queue
[2026-04-21T01:11:43.883+0000] {logging_mixin.py:188} INFO - [2026-04-21T01:11:43.883+0000] {dagbag.py:538} INFO - Filling up the DagBag from /opt/airflow/dags/baseball_etl.py
[2026-04-21T01:11:44.432+0000] {processor.py:840} INFO - DAG(s) 'baseball_pipeline_v1' retrieved from /opt/airflow/dags/baseball_etl.py
[2026-04-21T01:11:44.452+0000] {logging_mixin.py:188} INFO - [2026-04-21T01:11:44.451+0000] {dag.py:3036} INFO - Sync 1 DAGs
[2026-04-21T01:11:44.477+0000] {logging_mixin.py:188} INFO - [2026-04-21T01:11:44.476+0000] {dag.py:3823} INFO - Setting next_dagrun for baseball_pipeline_v1 to 2026-04-21 00:00:00+00:00, run_after=2026-04-22 00:00:00+00:00
[2026-04-21T01:11:44.495+0000] {processor.py:183} INFO - Processing /opt/airflow/dags/baseball_etl.py took 0.621 seconds
[2026-04-21T01:12:15.158+0000] {processor.py:161} INFO - Started process (PID=3709736) to work on /opt/airflow/dags/baseball_etl.py
[2026-04-21T01:12:15.159+0000] {processor.py:830} INFO - Processing file /opt/airflow/dags/baseball_etl.py for tasks to queue
[2026-04-21T01:12:15.162+0000] {logging_mixin.py:188} INFO - [2026-04-21T01:12:15.161+0000] {dagbag.py:538} INFO - Filling up the DagBag from /opt/airflow/dags/baseball_etl.py
[2026-04-21T01:12:15.678+0000] {processor.py:840} INFO - DAG(s) 'baseball_pipeline_v1' retrieved from /opt/airflow/dags/baseball_etl.py
[2026-04-21T01:12:15.697+0000] {logging_mixin.py:188} INFO - [2026-04-21T01:12:15.696+0000] {dag.py:3036} INFO - Sync 1 DAGs
[2026-04-21T01:12:15.722+0000] {logging_mixin.py:188} INFO - [2026-04-21T01:12:15.721+0000] {dag.py:3823} INFO - Setting next_dagrun for baseball_pipeline_v1 to 2026-04-21 00:00:00+00:00, run_after=2026-04-22 00:00:00+00:00
[2026-04-21T01:12:15.739+0000] {processor.py:183} INFO - Processing /opt/airflow/dags/baseball_etl.py took 0.586 seconds
[2026-04-21T01:12:46.457+0000] {processor.py:161} INFO - Started process (PID=3709793) to work on /opt/airflow/dags/baseball_etl.py
[2026-04-21T01:12:46.459+0000] {processor.py:830} INFO - Processing file /opt/airflow/dags/baseball_etl.py for tasks to queue
[2026-04-21T01:12:46.461+0000] {logging_mixin.py:188} INFO - [2026-04-21T01:12:46.461+0000] {dagbag.py:538} INFO - Filling up the DagBag from /opt/airflow/dags/baseball_etl.py
[2026-04-21T01:12:47.087+0000] {processor.py:840} INFO - DAG(s) 'baseball_pipeline_v1' retrieved from /opt/airflow/dags/baseball_etl.py
[2026-04-21T01:12:47.106+0000] {logging_mixin.py:188} INFO - [2026-04-21T01:12:47.105+0000] {dag.py:3036} INFO - Sync 1 DAGs
[2026-04-21T01:12:47.131+0000] {logging_mixin.py:188} INFO - [2026-04-21T01:12:47.131+0000] {dag.py:3823} INFO - Setting next_dagrun for baseball_pipeline_v1 to 2026-04-21 00:00:00+00:00, run_after=2026-04-22 00:00:00+00:00
[2026-04-21T01:12:47.149+0000] {processor.py:183} INFO - Processing /opt/airflow/dags/baseball_etl.py took 0.697 seconds
[2026-04-21T01:13:17.283+0000] {processor.py:161} INFO - Started process (PID=3709856) to work on /opt/airflow/dags/baseball_etl.py
[2026-04-21T01:13:17.285+0000] {processor.py:830} INFO - Processing file /opt/airflow/dags/baseball_etl.py for tasks to queue
[2026-04-21T01:13:17.287+0000] {logging_mixin.py:188} INFO - [2026-04-21T01:13:17.287+0000] {dagbag.py:538} INFO - Filling up the DagBag from /opt/airflow/dags/baseball_etl.py
[2026-04-21T01:13:17.847+0000] {processor.py:840} INFO - DAG(s) 'baseball_pipeline_v1' retrieved from /opt/airflow/dags/baseball_etl.py
[2026-04-21T01:13:17.867+0000] {logging_mixin.py:188} INFO - [2026-04-21T01:13:17.866+0000] {dag.py:3036} INFO - Sync 1 DAGs
[2026-04-21T01:13:17.890+0000] {logging_mixin.py:188} INFO - [2026-04-21T01:13:17.890+0000] {dag.py:3823} INFO - Setting next_dagrun for baseball_pipeline_v1 to 2026-04-21 00:00:00+00:00, run_after=2026-04-22 00:00:00+00:00
[2026-04-21T01:13:17.907+0000] {processor.py:183} INFO - Processing /opt/airflow/dags/baseball_etl.py took 0.630 seconds
[2026-04-21T01:13:48.606+0000] {processor.py:161} INFO - Started process (PID=3709915) to work on /opt/airflow/dags/baseball_etl.py
[2026-04-21T01:13:48.608+0000] {processor.py:830} INFO - Processing file /opt/airflow/dags/baseball_etl.py for tasks to queue
[2026-04-21T01:13:48.611+0000] {logging_mixin.py:188} INFO - [2026-04-21T01:13:48.610+0000] {dagbag.py:538} INFO - Filling up the DagBag from /opt/airflow/dags/baseball_etl.py
[2026-04-21T01:13:49.163+0000] {processor.py:840} INFO - DAG(s) 'baseball_pipeline_v1' retrieved from /opt/airflow/dags/baseball_etl.py
[2026-04-21T01:13:49.181+0000] {logging_mixin.py:188} INFO - [2026-04-21T01:13:49.181+0000] {dag.py:3036} INFO - Sync 1 DAGs
[2026-04-21T01:13:49.206+0000] {logging_mixin.py:188} INFO - [2026-04-21T01:13:49.206+0000] {dag.py:3823} INFO - Setting next_dagrun for baseball_pipeline_v1 to 2026-04-21 00:00:00+00:00, run_after=2026-04-22 00:00:00+00:00
[2026-04-21T01:13:49.223+0000] {processor.py:183} INFO - Processing /opt/airflow/dags/baseball_etl.py took 0.622 seconds
[2026-04-21T01:14:19.872+0000] {processor.py:161} INFO - Started process (PID=3709974) to work on /opt/airflow/dags/baseball_etl.py
[2026-04-21T01:14:19.879+0000] {processor.py:830} INFO - Processing file /opt/airflow/dags/baseball_etl.py for tasks to queue
[2026-04-21T01:14:19.881+0000] {logging_mixin.py:188} INFO - [2026-04-21T01:14:19.881+0000] {dagbag.py:538} INFO - Filling up the DagBag from /opt/airflow/dags/baseball_etl.py
[2026-04-21T01:14:20.424+0000] {processor.py:840} INFO - DAG(s) 'baseball_pipeline_v1' retrieved from /opt/airflow/dags/baseball_etl.py
[2026-04-21T01:14:20.443+0000] {logging_mixin.py:188} INFO - [2026-04-21T01:14:20.442+0000] {dag.py:3036} INFO - Sync 1 DAGs
[2026-04-21T01:14:20.468+0000] {logging_mixin.py:188} INFO - [2026-04-21T01:14:20.468+0000] {dag.py:3823} INFO - Setting next_dagrun for baseball_pipeline_v1 to 2026-04-21 00:00:00+00:00, run_after=2026-04-22 00:00:00+00:00
[2026-04-21T01:14:20.486+0000] {processor.py:183} INFO - Processing /opt/airflow/dags/baseball_etl.py took 0.619 seconds
[2026-04-21T01:14:51.129+0000] {processor.py:161} INFO - Started process (PID=3710032) to work on /opt/airflow/dags/baseball_etl.py
[2026-04-21T01:14:51.131+0000] {processor.py:830} INFO - Processing file /opt/airflow/dags/baseball_etl.py for tasks to queue
[2026-04-21T01:14:51.134+0000] {logging_mixin.py:188} INFO - [2026-04-21T01:14:51.133+0000] {dagbag.py:538} INFO - Filling up the DagBag from /opt/airflow/dags/baseball_etl.py
[2026-04-21T01:14:51.677+0000] {processor.py:840} INFO - DAG(s) 'baseball_pipeline_v1' retrieved from /opt/airflow/dags/baseball_etl.py
[2026-04-21T01:14:51.695+0000] {logging_mixin.py:188} INFO - [2026-04-21T01:14:51.694+0000] {dag.py:3036} INFO - Sync 1 DAGs
[2026-04-21T01:14:51.720+0000] {logging_mixin.py:188} INFO - [2026-04-21T01:14:51.719+0000] {dag.py:3823} INFO - Setting next_dagrun for baseball_pipeline_v1 to 2026-04-21 00:00:00+00:00, run_after=2026-04-22 00:00:00+00:00
[2026-04-21T01:14:51.736+0000] {processor.py:183} INFO - Processing /opt/airflow/dags/baseball_etl.py took 0.612 seconds
[2026-04-21T01:15:21.869+0000] {processor.py:161} INFO - Started process (PID=3710093) to work on /opt/airflow/dags/baseball_etl.py
[2026-04-21T01:15:21.871+0000] {processor.py:830} INFO - Processing file /opt/airflow/dags/baseball_etl.py for tasks to queue
[2026-04-21T01:15:21.874+0000] {logging_mixin.py:188} INFO - [2026-04-21T01:15:21.873+0000] {dagbag.py:538} INFO - Filling up the DagBag from /opt/airflow/dags/baseball_etl.py
[2026-04-21T01:15:22.426+0000] {processor.py:840} INFO - DAG(s) 'baseball_pipeline_v1' retrieved from /opt/airflow/dags/baseball_etl.py
[2026-04-21T01:15:22.445+0000] {logging_mixin.py:188} INFO - [2026-04-21T01:15:22.445+0000] {dag.py:3036} INFO - Sync 1 DAGs
[2026-04-21T01:15:22.470+0000] {logging_mixin.py:188} INFO - [2026-04-21T01:15:22.470+0000] {dag.py:3823} INFO - Setting next_dagrun for baseball_pipeline_v1 to 2026-04-21 00:00:00+00:00, run_after=2026-04-22 00:00:00+00:00
[2026-04-21T01:15:22.487+0000] {processor.py:183} INFO - Processing /opt/airflow/dags/baseball_etl.py took 0.623 seconds
[2026-04-21T01:15:53.238+0000] {processor.py:161} INFO - Started process (PID=3710151) to work on /opt/airflow/dags/baseball_etl.py
[2026-04-21T01:15:53.240+0000] {processor.py:830} INFO - Processing file /opt/airflow/dags/baseball_etl.py for tasks to queue
[2026-04-21T01:15:53.243+0000] {logging_mixin.py:188} INFO - [2026-04-21T01:15:53.242+0000] {dagbag.py:538} INFO - Filling up the DagBag from /opt/airflow/dags/baseball_etl.py
[2026-04-21T01:15:53.762+0000] {processor.py:840} INFO - DAG(s) 'baseball_pipeline_v1' retrieved from /opt/airflow/dags/baseball_etl.py
[2026-04-21T01:15:53.780+0000] {logging_mixin.py:188} INFO - [2026-04-21T01:15:53.780+0000] {dag.py:3036} INFO - Sync 1 DAGs
[2026-04-21T01:15:53.806+0000] {logging_mixin.py:188} INFO - [2026-04-21T01:15:53.805+0000] {dag.py:3823} INFO - Setting next_dagrun for baseball_pipeline_v1 to 2026-04-21 00:00:00+00:00, run_after=2026-04-22 00:00:00+00:00
[2026-04-21T01:15:53.823+0000] {processor.py:183} INFO - Processing /opt/airflow/dags/baseball_etl.py took 0.590 seconds
[2026-04-21T01:16:24.655+0000] {processor.py:161} INFO - Started process (PID=3710209) to work on /opt/airflow/dags/baseball_etl.py
[2026-04-21T01:16:24.657+0000] {processor.py:830} INFO - Processing file /opt/airflow/dags/baseball_etl.py for tasks to queue
[2026-04-21T01:16:24.660+0000] {logging_mixin.py:188} INFO - [2026-04-21T01:16:24.659+0000] {dagbag.py:538} INFO - Filling up the DagBag from /opt/airflow/dags/baseball_etl.py
[2026-04-21T01:16:25.201+0000] {processor.py:840} INFO - DAG(s) 'baseball_pipeline_v1' retrieved from /opt/airflow/dags/baseball_etl.py
[2026-04-21T01:16:25.220+0000] {logging_mixin.py:188} INFO - [2026-04-21T01:16:25.219+0000] {dag.py:3036} INFO - Sync 1 DAGs
[2026-04-21T01:16:25.244+0000] {logging_mixin.py:188} INFO - [2026-04-21T01:16:25.243+0000] {dag.py:3823} INFO - Setting next_dagrun for baseball_pipeline_v1 to 2026-04-21 00:00:00+00:00, run_after=2026-04-22 00:00:00+00:00
[2026-04-21T01:16:25.263+0000] {processor.py:183} INFO - Processing /opt/airflow/dags/baseball_etl.py took 0.612 seconds
[2026-04-21T01:16:55.896+0000] {processor.py:161} INFO - Started process (PID=3710266) to work on /opt/airflow/dags/baseball_etl.py
[2026-04-21T01:16:55.899+0000] {processor.py:830} INFO - Processing file /opt/airflow/dags/baseball_etl.py for tasks to queue
[2026-04-21T01:16:55.901+0000] {logging_mixin.py:188} INFO - [2026-04-21T01:16:55.901+0000] {dagbag.py:538} INFO - Filling up the DagBag from /opt/airflow/dags/baseball_etl.py
[2026-04-21T01:16:56.437+0000] {processor.py:840} INFO - DAG(s) 'baseball_pipeline_v1' retrieved from /opt/airflow/dags/baseball_etl.py
[2026-04-21T01:16:56.454+0000] {logging_mixin.py:188} INFO - [2026-04-21T01:16:56.454+0000] {dag.py:3036} INFO - Sync 1 DAGs
[2026-04-21T01:16:56.477+0000] {logging_mixin.py:188} INFO - [2026-04-21T01:16:56.477+0000] {dag.py:3823} INFO - Setting next_dagrun for baseball_pipeline_v1 to 2026-04-21 00:00:00+00:00, run_after=2026-04-22 00:00:00+00:00
[2026-04-21T01:16:56.494+0000] {processor.py:183} INFO - Processing /opt/airflow/dags/baseball_etl.py took 0.603 seconds
[2026-04-21T01:17:27.046+0000] {processor.py:161} INFO - Started process (PID=3710324) to work on /opt/airflow/dags/baseball_etl.py
[2026-04-21T01:17:27.049+0000] {processor.py:830} INFO - Processing file /opt/airflow/dags/baseball_etl.py for tasks to queue
[2026-04-21T01:17:27.051+0000] {logging_mixin.py:188} INFO - [2026-04-21T01:17:27.051+0000] {dagbag.py:538} INFO - Filling up the DagBag from /opt/airflow/dags/baseball_etl.py
[2026-04-21T01:17:27.600+0000] {processor.py:840} INFO - DAG(s) 'baseball_pipeline_v1' retrieved from /opt/airflow/dags/baseball_etl.py
[2026-04-21T01:17:27.619+0000] {logging_mixin.py:188} INFO - [2026-04-21T01:17:27.619+0000] {dag.py:3036} INFO - Sync 1 DAGs
[2026-04-21T01:17:27.643+0000] {logging_mixin.py:188} INFO - [2026-04-21T01:17:27.642+0000] {dag.py:3823} INFO - Setting next_dagrun for baseball_pipeline_v1 to 2026-04-21 00:00:00+00:00, run_after=2026-04-22 00:00:00+00:00
[2026-04-21T01:17:27.660+0000] {processor.py:183} INFO - Processing /opt/airflow/dags/baseball_etl.py took 0.618 seconds
[2026-04-21T01:17:58.355+0000] {processor.py:161} INFO - Started process (PID=3710382) to work on /opt/airflow/dags/baseball_etl.py
[2026-04-21T01:17:58.357+0000] {processor.py:830} INFO - Processing file /opt/airflow/dags/baseball_etl.py for tasks to queue
[2026-04-21T01:17:58.359+0000] {logging_mixin.py:188} INFO - [2026-04-21T01:17:58.359+0000] {dagbag.py:538} INFO - Filling up the DagBag from /opt/airflow/dags/baseball_etl.py
[2026-04-21T01:17:58.948+0000] {processor.py:840} INFO - DAG(s) 'baseball_pipeline_v1' retrieved from /opt/airflow/dags/baseball_etl.py
[2026-04-21T01:17:58.972+0000] {logging_mixin.py:188} INFO - [2026-04-21T01:17:58.972+0000] {dag.py:3036} INFO - Sync 1 DAGs
[2026-04-21T01:17:59.008+0000] {logging_mixin.py:188} INFO - [2026-04-21T01:17:59.008+0000] {dag.py:3823} INFO - Setting next_dagrun for baseball_pipeline_v1 to 2026-04-21 00:00:00+00:00, run_after=2026-04-22 00:00:00+00:00
[2026-04-21T01:17:59.031+0000] {processor.py:183} INFO - Processing /opt/airflow/dags/baseball_etl.py took 0.681 seconds
[2026-04-21T01:18:29.968+0000] {processor.py:161} INFO - Started process (PID=3710442) to work on /opt/airflow/dags/baseball_etl.py
[2026-04-21T01:18:29.970+0000] {processor.py:830} INFO - Processing file /opt/airflow/dags/baseball_etl.py for tasks to queue
[2026-04-21T01:18:29.972+0000] {logging_mixin.py:188} INFO - [2026-04-21T01:18:29.972+0000] {dagbag.py:538} INFO - Filling up the DagBag from /opt/airflow/dags/baseball_etl.py
[2026-04-21T01:18:30.509+0000] {processor.py:840} INFO - DAG(s) 'baseball_pipeline_v1' retrieved from /opt/airflow/dags/baseball_etl.py
[2026-04-21T01:18:30.528+0000] {logging_mixin.py:188} INFO - [2026-04-21T01:18:30.528+0000] {dag.py:3036} INFO - Sync 1 DAGs
[2026-04-21T01:18:30.552+0000] {logging_mixin.py:188} INFO - [2026-04-21T01:18:30.552+0000] {dag.py:3823} INFO - Setting next_dagrun for baseball_pipeline_v1 to 2026-04-21 00:00:00+00:00, run_after=2026-04-22 00:00:00+00:00
[2026-04-21T01:18:30.570+0000] {processor.py:183} INFO - Processing /opt/airflow/dags/baseball_etl.py took 0.607 seconds
[2026-04-21T01:19:01.195+0000] {processor.py:161} INFO - Started process (PID=3710499) to work on /opt/airflow/dags/baseball_etl.py
[2026-04-21T01:19:01.197+0000] {processor.py:830} INFO - Processing file /opt/airflow/dags/baseball_etl.py for tasks to queue
[2026-04-21T01:19:01.200+0000] {logging_mixin.py:188} INFO - [2026-04-21T01:19:01.199+0000] {dagbag.py:538} INFO - Filling up the DagBag from /opt/airflow/dags/baseball_etl.py
[2026-04-21T01:19:01.735+0000] {processor.py:840} INFO - DAG(s) 'baseball_pipeline_v1' retrieved from /opt/airflow/dags/baseball_etl.py
[2026-04-21T01:19:01.756+0000] {logging_mixin.py:188} INFO - [2026-04-21T01:19:01.756+0000] {dag.py:3036} INFO - Sync 1 DAGs
[2026-04-21T01:19:01.782+0000] {logging_mixin.py:188} INFO - [2026-04-21T01:19:01.782+0000] {dag.py:3823} INFO - Setting next_dagrun for baseball_pipeline_v1 to 2026-04-21 00:00:00+00:00, run_after=2026-04-22 00:00:00+00:00
[2026-04-21T01:19:01.800+0000] {processor.py:183} INFO - Processing /opt/airflow/dags/baseball_etl.py took 0.610 seconds
[2026-04-21T01:19:32.447+0000] {processor.py:161} INFO - Started process (PID=3710556) to work on /opt/airflow/dags/baseball_etl.py
[2026-04-21T01:19:32.449+0000] {processor.py:830} INFO - Processing file /opt/airflow/dags/baseball_etl.py for tasks to queue
[2026-04-21T01:19:32.451+0000] {logging_mixin.py:188} INFO - [2026-04-21T01:19:32.451+0000] {dagbag.py:538} INFO - Filling up the DagBag from /opt/airflow/dags/baseball_etl.py
[2026-04-21T01:19:32.972+0000] {processor.py:840} INFO - DAG(s) 'baseball_pipeline_v1' retrieved from /opt/airflow/dags/baseball_etl.py
[2026-04-21T01:19:32.990+0000] {logging_mixin.py:188} INFO - [2026-04-21T01:19:32.990+0000] {dag.py:3036} INFO - Sync 1 DAGs
[2026-04-21T01:19:33.015+0000] {logging_mixin.py:188} INFO - [2026-04-21T01:19:33.015+0000] {dag.py:3823} INFO - Setting next_dagrun for baseball_pipeline_v1 to 2026-04-21 00:00:00+00:00, run_after=2026-04-22 00:00:00+00:00
[2026-04-21T01:19:33.032+0000] {processor.py:183} INFO - Processing /opt/airflow/dags/baseball_etl.py took 0.590 seconds
[2026-04-21T01:20:03.728+0000] {processor.py:161} INFO - Started process (PID=3710613) to work on /opt/airflow/dags/baseball_etl.py
[2026-04-21T01:20:03.731+0000] {processor.py:830} INFO - Processing file /opt/airflow/dags/baseball_etl.py for tasks to queue
[2026-04-21T01:20:03.733+0000] {logging_mixin.py:188} INFO - [2026-04-21T01:20:03.733+0000] {dagbag.py:538} INFO - Filling up the DagBag from /opt/airflow/dags/baseball_etl.py
[2026-04-21T01:20:04.345+0000] {processor.py:840} INFO - DAG(s) 'baseball_pipeline_v1' retrieved from /opt/airflow/dags/baseball_etl.py
[2026-04-21T01:20:04.367+0000] {logging_mixin.py:188} INFO - [2026-04-21T01:20:04.367+0000] {dag.py:3036} INFO - Sync 1 DAGs
[2026-04-21T01:20:04.397+0000] {logging_mixin.py:188} INFO - [2026-04-21T01:20:04.397+0000] {dag.py:3823} INFO - Setting next_dagrun for baseball_pipeline_v1 to 2026-04-21 00:00:00+00:00, run_after=2026-04-22 00:00:00+00:00
[2026-04-21T01:20:04.418+0000] {processor.py:183} INFO - Processing /opt/airflow/dags/baseball_etl.py took 0.695 seconds
[2026-04-21T01:20:34.907+0000] {processor.py:161} INFO - Started process (PID=3710672) to work on /opt/airflow/dags/baseball_etl.py
[2026-04-21T01:20:34.909+0000] {processor.py:830} INFO - Processing file /opt/airflow/dags/baseball_etl.py for tasks to queue
[2026-04-21T01:20:34.911+0000] {logging_mixin.py:188} INFO - [2026-04-21T01:20:34.911+0000] {dagbag.py:538} INFO - Filling up the DagBag from /opt/airflow/dags/baseball_etl.py
[2026-04-21T01:20:35.418+0000] {processor.py:840} INFO - DAG(s) 'baseball_pipeline_v1' retrieved from /opt/airflow/dags/baseball_etl.py
[2026-04-21T01:20:35.437+0000] {logging_mixin.py:188} INFO - [2026-04-21T01:20:35.437+0000] {dag.py:3036} INFO - Sync 1 DAGs
[2026-04-21T01:20:35.461+0000] {logging_mixin.py:188} INFO - [2026-04-21T01:20:35.461+0000] {dag.py:3823} INFO - Setting next_dagrun for baseball_pipeline_v1 to 2026-04-21 00:00:00+00:00, run_after=2026-04-22 00:00:00+00:00
[2026-04-21T01:20:35.478+0000] {processor.py:183} INFO - Processing /opt/airflow/dags/baseball_etl.py took 0.576 seconds
[2026-04-21T01:21:05.551+0000] {processor.py:161} INFO - Started process (PID=3710730) to work on /opt/airflow/dags/baseball_etl.py
[2026-04-21T01:21:05.553+0000] {processor.py:830} INFO - Processing file /opt/airflow/dags/baseball_etl.py for tasks to queue
[2026-04-21T01:21:05.556+0000] {logging_mixin.py:188} INFO - [2026-04-21T01:21:05.555+0000] {dagbag.py:538} INFO - Filling up the DagBag from /opt/airflow/dags/baseball_etl.py
[2026-04-21T01:21:06.078+0000] {processor.py:840} INFO - DAG(s) 'baseball_pipeline_v1' retrieved from /opt/airflow/dags/baseball_etl.py
[2026-04-21T01:21:06.098+0000] {logging_mixin.py:188} INFO - [2026-04-21T01:21:06.097+0000] {dag.py:3036} INFO - Sync 1 DAGs
[2026-04-21T01:21:06.123+0000] {logging_mixin.py:188} INFO - [2026-04-21T01:21:06.122+0000] {dag.py:3823} INFO - Setting next_dagrun for baseball_pipeline_v1 to 2026-04-21 00:00:00+00:00, run_after=2026-04-22 00:00:00+00:00
[2026-04-21T01:21:06.141+0000] {processor.py:183} INFO - Processing /opt/airflow/dags/baseball_etl.py took 0.595 seconds
[2026-04-21T01:21:36.818+0000] {processor.py:161} INFO - Started process (PID=3710791) to work on /opt/airflow/dags/baseball_etl.py
[2026-04-21T01:21:36.820+0000] {processor.py:830} INFO - Processing file /opt/airflow/dags/baseball_etl.py for tasks to queue
[2026-04-21T01:21:36.822+0000] {logging_mixin.py:188} INFO - [2026-04-21T01:21:36.822+0000] {dagbag.py:538} INFO - Filling up the DagBag from /opt/airflow/dags/baseball_etl.py
[2026-04-21T01:21:37.353+0000] {processor.py:840} INFO - DAG(s) 'baseball_pipeline_v1' retrieved from /opt/airflow/dags/baseball_etl.py
[2026-04-21T01:21:37.373+0000] {logging_mixin.py:188} INFO - [2026-04-21T01:21:37.373+0000] {dag.py:3036} INFO - Sync 1 DAGs
[2026-04-21T01:21:37.400+0000] {logging_mixin.py:188} INFO - [2026-04-21T01:21:37.400+0000] {dag.py:3823} INFO - Setting next_dagrun for baseball_pipeline_v1 to 2026-04-21 00:00:00+00:00, run_after=2026-04-22 00:00:00+00:00
[2026-04-21T01:21:37.418+0000] {processor.py:183} INFO - Processing /opt/airflow/dags/baseball_etl.py took 0.605 seconds
[2026-04-21T01:22:08.109+0000] {processor.py:161} INFO - Started process (PID=3710848) to work on /opt/airflow/dags/baseball_etl.py
[2026-04-21T01:22:08.112+0000] {processor.py:830} INFO - Processing file /opt/airflow/dags/baseball_etl.py for tasks to queue
[2026-04-21T01:22:08.115+0000] {logging_mixin.py:188} INFO - [2026-04-21T01:22:08.114+0000] {dagbag.py:538} INFO - Filling up the DagBag from /opt/airflow/dags/baseball_etl.py
[2026-04-21T01:22:08.634+0000] {processor.py:840} INFO - DAG(s) 'baseball_pipeline_v1' retrieved from /opt/airflow/dags/baseball_etl.py
[2026-04-21T01:22:08.652+0000] {logging_mixin.py:188} INFO - [2026-04-21T01:22:08.652+0000] {dag.py:3036} INFO - Sync 1 DAGs
[2026-04-21T01:22:08.676+0000] {logging_mixin.py:188} INFO - [2026-04-21T01:22:08.675+0000] {dag.py:3823} INFO - Setting next_dagrun for baseball_pipeline_v1 to 2026-04-21 00:00:00+00:00, run_after=2026-04-22 00:00:00+00:00
[2026-04-21T01:22:08.693+0000] {processor.py:183} INFO - Processing /opt/airflow/dags/baseball_etl.py took 0.589 seconds
[2026-04-21T01:22:38.772+0000] {processor.py:161} INFO - Started process (PID=3710909) to work on /opt/airflow/dags/baseball_etl.py
[2026-04-21T01:22:38.774+0000] {processor.py:830} INFO - Processing file /opt/airflow/dags/baseball_etl.py for tasks to queue
[2026-04-21T01:22:38.776+0000] {logging_mixin.py:188} INFO - [2026-04-21T01:22:38.775+0000] {dagbag.py:538} INFO - Filling up the DagBag from /opt/airflow/dags/baseball_etl.py
[2026-04-21T01:22:39.275+0000] {processor.py:840} INFO - DAG(s) 'baseball_pipeline_v1' retrieved from /opt/airflow/dags/baseball_etl.py
[2026-04-21T01:22:39.297+0000] {logging_mixin.py:188} INFO - [2026-04-21T01:22:39.296+0000] {dag.py:3036} INFO - Sync 1 DAGs
[2026-04-21T01:22:39.320+0000] {logging_mixin.py:188} INFO - [2026-04-21T01:22:39.320+0000] {dag.py:3823} INFO - Setting next_dagrun for baseball_pipeline_v1 to 2026-04-21 00:00:00+00:00, run_after=2026-04-22 00:00:00+00:00
[2026-04-21T01:22:39.336+0000] {processor.py:183} INFO - Processing /opt/airflow/dags/baseball_etl.py took 0.569 seconds
[2026-04-21T01:23:09.374+0000] {processor.py:161} INFO - Started process (PID=3710966) to work on /opt/airflow/dags/baseball_etl.py
[2026-04-21T01:23:09.376+0000] {processor.py:830} INFO - Processing file /opt/airflow/dags/baseball_etl.py for tasks to queue
[2026-04-21T01:23:09.378+0000] {logging_mixin.py:188} INFO - [2026-04-21T01:23:09.377+0000] {dagbag.py:538} INFO - Filling up the DagBag from /opt/airflow/dags/baseball_etl.py
[2026-04-21T01:23:09.892+0000] {processor.py:840} INFO - DAG(s) 'baseball_pipeline_v1' retrieved from /opt/airflow/dags/baseball_etl.py
[2026-04-21T01:23:09.910+0000] {logging_mixin.py:188} INFO - [2026-04-21T01:23:09.910+0000] {dag.py:3036} INFO - Sync 1 DAGs
[2026-04-21T01:23:09.933+0000] {logging_mixin.py:188} INFO - [2026-04-21T01:23:09.933+0000] {dag.py:3823} INFO - Setting next_dagrun for baseball_pipeline_v1 to 2026-04-21 00:00:00+00:00, run_after=2026-04-22 00:00:00+00:00
[2026-04-21T01:23:09.950+0000] {processor.py:183} INFO - Processing /opt/airflow/dags/baseball_etl.py took 0.580 seconds
[2026-04-21T01:23:40.970+0000] {processor.py:161} INFO - Started process (PID=3711023) to work on /opt/airflow/dags/baseball_etl.py
[2026-04-21T01:23:40.973+0000] {processor.py:830} INFO - Processing file /opt/airflow/dags/baseball_etl.py for tasks to queue
[2026-04-21T01:23:40.975+0000] {logging_mixin.py:188} INFO - [2026-04-21T01:23:40.975+0000] {dagbag.py:538} INFO - Filling up the DagBag from /opt/airflow/dags/baseball_etl.py
[2026-04-21T01:23:41.551+0000] {processor.py:840} INFO - DAG(s) 'baseball_pipeline_v1' retrieved from /opt/airflow/dags/baseball_etl.py
[2026-04-21T01:23:41.570+0000] {logging_mixin.py:188} INFO - [2026-04-21T01:23:41.569+0000] {dag.py:3036} INFO - Sync 1 DAGs
[2026-04-21T01:23:41.594+0000] {logging_mixin.py:188} INFO - [2026-04-21T01:23:41.593+0000] {dag.py:3823} INFO - Setting next_dagrun for baseball_pipeline_v1 to 2026-04-21 00:00:00+00:00, run_after=2026-04-22 00:00:00+00:00
[2026-04-21T01:23:41.611+0000] {processor.py:183} INFO - Processing /opt/airflow/dags/baseball_etl.py took 0.645 seconds
[2026-04-21T01:24:12.173+0000] {processor.py:161} INFO - Started process (PID=3711080) to work on /opt/airflow/dags/baseball_etl.py
[2026-04-21T01:24:12.175+0000] {processor.py:830} INFO - Processing file /opt/airflow/dags/baseball_etl.py for tasks to queue
[2026-04-21T01:24:12.178+0000] {logging_mixin.py:188} INFO - [2026-04-21T01:24:12.177+0000] {dagbag.py:538} INFO - Filling up the DagBag from /opt/airflow/dags/baseball_etl.py
[2026-04-21T01:24:12.686+0000] {processor.py:840} INFO - DAG(s) 'baseball_pipeline_v1' retrieved from /opt/airflow/dags/baseball_etl.py
[2026-04-21T01:24:12.704+0000] {logging_mixin.py:188} INFO - [2026-04-21T01:24:12.703+0000] {dag.py:3036} INFO - Sync 1 DAGs
[2026-04-21T01:24:12.728+0000] {logging_mixin.py:188} INFO - [2026-04-21T01:24:12.727+0000] {dag.py:3823} INFO - Setting next_dagrun for baseball_pipeline_v1 to 2026-04-21 00:00:00+00:00, run_after=2026-04-22 00:00:00+00:00
[2026-04-21T01:24:12.744+0000] {processor.py:183} INFO - Processing /opt/airflow/dags/baseball_etl.py took 0.576 seconds
[2026-04-21T01:24:43.587+0000] {processor.py:161} INFO - Started process (PID=3711139) to work on /opt/airflow/dags/baseball_etl.py
[2026-04-21T01:24:43.600+0000] {processor.py:830} INFO - Processing file /opt/airflow/dags/baseball_etl.py for tasks to queue
[2026-04-21T01:24:43.603+0000] {logging_mixin.py:188} INFO - [2026-04-21T01:24:43.602+0000] {dagbag.py:538} INFO - Filling up the DagBag from /opt/airflow/dags/baseball_etl.py
[2026-04-21T01:24:44.107+0000] {processor.py:840} INFO - DAG(s) 'baseball_pipeline_v1' retrieved from /opt/airflow/dags/baseball_etl.py
[2026-04-21T01:24:44.126+0000] {logging_mixin.py:188} INFO - [2026-04-21T01:24:44.126+0000] {dag.py:3036} INFO - Sync 1 DAGs
[2026-04-21T01:24:44.151+0000] {logging_mixin.py:188} INFO - [2026-04-21T01:24:44.150+0000] {dag.py:3823} INFO - Setting next_dagrun for baseball_pipeline_v1 to 2026-04-21 00:00:00+00:00, run_after=2026-04-22 00:00:00+00:00
[2026-04-21T01:24:44.167+0000] {processor.py:183} INFO - Processing /opt/airflow/dags/baseball_etl.py took 0.585 seconds
[2026-04-21T01:25:14.362+0000] {processor.py:161} INFO - Started process (PID=3711196) to work on /opt/airflow/dags/baseball_etl.py
[2026-04-21T01:25:14.363+0000] {processor.py:830} INFO - Processing file /opt/airflow/dags/baseball_etl.py for tasks to queue
[2026-04-21T01:25:14.366+0000] {logging_mixin.py:188} INFO - [2026-04-21T01:25:14.365+0000] {dagbag.py:538} INFO - Filling up the DagBag from /opt/airflow/dags/baseball_etl.py
[2026-04-21T01:25:14.888+0000] {processor.py:840} INFO - DAG(s) 'baseball_pipeline_v1' retrieved from /opt/airflow/dags/baseball_etl.py
[2026-04-21T01:25:14.906+0000] {logging_mixin.py:188} INFO - [2026-04-21T01:25:14.906+0000] {dag.py:3036} INFO - Sync 1 DAGs
[2026-04-21T01:25:14.930+0000] {logging_mixin.py:188} INFO - [2026-04-21T01:25:14.930+0000] {dag.py:3823} INFO - Setting next_dagrun for baseball_pipeline_v1 to 2026-04-21 00:00:00+00:00, run_after=2026-04-22 00:00:00+00:00
[2026-04-21T01:25:14.947+0000] {processor.py:183} INFO - Processing /opt/airflow/dags/baseball_etl.py took 0.590 seconds
[2026-04-21T01:25:45.693+0000] {processor.py:161} INFO - Started process (PID=3711255) to work on /opt/airflow/dags/baseball_etl.py
[2026-04-21T01:25:45.695+0000] {processor.py:830} INFO - Processing file /opt/airflow/dags/baseball_etl.py for tasks to queue
[2026-04-21T01:25:45.698+0000] {logging_mixin.py:188} INFO - [2026-04-21T01:25:45.697+0000] {dagbag.py:538} INFO - Filling up the DagBag from /opt/airflow/dags/baseball_etl.py
[2026-04-21T01:25:46.242+0000] {processor.py:840} INFO - DAG(s) 'baseball_pipeline_v1' retrieved from /opt/airflow/dags/baseball_etl.py
[2026-04-21T01:25:46.261+0000] {logging_mixin.py:188} INFO - [2026-04-21T01:25:46.260+0000] {dag.py:3036} INFO - Sync 1 DAGs
[2026-04-21T01:25:46.284+0000] {logging_mixin.py:188} INFO - [2026-04-21T01:25:46.284+0000] {dag.py:3823} INFO - Setting next_dagrun for baseball_pipeline_v1 to 2026-04-21 00:00:00+00:00, run_after=2026-04-22 00:00:00+00:00
[2026-04-21T01:25:46.302+0000] {processor.py:183} INFO - Processing /opt/airflow/dags/baseball_etl.py took 0.613 seconds
[2026-04-21T01:26:16.403+0000] {processor.py:161} INFO - Started process (PID=3711313) to work on /opt/airflow/dags/baseball_etl.py
[2026-04-21T01:26:16.405+0000] {processor.py:830} INFO - Processing file /opt/airflow/dags/baseball_etl.py for tasks to queue
[2026-04-21T01:26:16.408+0000] {logging_mixin.py:188} INFO - [2026-04-21T01:26:16.407+0000] {dagbag.py:538} INFO - Filling up the DagBag from /opt/airflow/dags/baseball_etl.py
[2026-04-21T01:26:16.937+0000] {processor.py:840} INFO - DAG(s) 'baseball_pipeline_v1' retrieved from /opt/airflow/dags/baseball_etl.py
[2026-04-21T01:26:16.955+0000] {logging_mixin.py:188} INFO - [2026-04-21T01:26:16.955+0000] {dag.py:3036} INFO - Sync 1 DAGs
[2026-04-21T01:26:16.979+0000] {logging_mixin.py:188} INFO - [2026-04-21T01:26:16.979+0000] {dag.py:3823} INFO - Setting next_dagrun for baseball_pipeline_v1 to 2026-04-21 00:00:00+00:00, run_after=2026-04-22 00:00:00+00:00
[2026-04-21T01:26:16.997+0000] {processor.py:183} INFO - Processing /opt/airflow/dags/baseball_etl.py took 0.599 seconds
[2026-04-21T01:26:47.557+0000] {processor.py:161} INFO - Started process (PID=3711370) to work on /opt/airflow/dags/baseball_etl.py
[2026-04-21T01:26:47.560+0000] {processor.py:830} INFO - Processing file /opt/airflow/dags/baseball_etl.py for tasks to queue
[2026-04-21T01:26:47.563+0000] {logging_mixin.py:188} INFO - [2026-04-21T01:26:47.562+0000] {dagbag.py:538} INFO - Filling up the DagBag from /opt/airflow/dags/baseball_etl.py
[2026-04-21T01:26:48.154+0000] {processor.py:840} INFO - DAG(s) 'baseball_pipeline_v1' retrieved from /opt/airflow/dags/baseball_etl.py
[2026-04-21T01:26:48.173+0000] {logging_mixin.py:188} INFO - [2026-04-21T01:26:48.173+0000] {dag.py:3036} INFO - Sync 1 DAGs
[2026-04-21T01:26:48.199+0000] {logging_mixin.py:188} INFO - [2026-04-21T01:26:48.198+0000] {dag.py:3823} INFO - Setting next_dagrun for baseball_pipeline_v1 to 2026-04-21 00:00:00+00:00, run_after=2026-04-22 00:00:00+00:00
[2026-04-21T01:26:48.216+0000] {processor.py:183} INFO - Processing /opt/airflow/dags/baseball_etl.py took 0.665 seconds
[2026-04-21T01:27:18.994+0000] {processor.py:161} INFO - Started process (PID=3711430) to work on /opt/airflow/dags/baseball_etl.py
[2026-04-21T01:27:18.996+0000] {processor.py:830} INFO - Processing file /opt/airflow/dags/baseball_etl.py for tasks to queue
[2026-04-21T01:27:18.998+0000] {logging_mixin.py:188} INFO - [2026-04-21T01:27:18.998+0000] {dagbag.py:538} INFO - Filling up the DagBag from /opt/airflow/dags/baseball_etl.py
[2026-04-21T01:27:19.536+0000] {processor.py:840} INFO - DAG(s) 'baseball_pipeline_v1' retrieved from /opt/airflow/dags/baseball_etl.py
[2026-04-21T01:27:19.558+0000] {logging_mixin.py:188} INFO - [2026-04-21T01:27:19.557+0000] {dag.py:3036} INFO - Sync 1 DAGs
[2026-04-21T01:27:19.583+0000] {logging_mixin.py:188} INFO - [2026-04-21T01:27:19.583+0000] {dag.py:3823} INFO - Setting next_dagrun for baseball_pipeline_v1 to 2026-04-21 00:00:00+00:00, run_after=2026-04-22 00:00:00+00:00
[2026-04-21T01:27:19.601+0000] {processor.py:183} INFO - Processing /opt/airflow/dags/baseball_etl.py took 0.612 seconds
[2026-04-21T01:27:50.214+0000] {processor.py:161} INFO - Started process (PID=3711487) to work on /opt/airflow/dags/baseball_etl.py
[2026-04-21T01:27:50.216+0000] {processor.py:830} INFO - Processing file /opt/airflow/dags/baseball_etl.py for tasks to queue
[2026-04-21T01:27:50.218+0000] {logging_mixin.py:188} INFO - [2026-04-21T01:27:50.218+0000] {dagbag.py:538} INFO - Filling up the DagBag from /opt/airflow/dags/baseball_etl.py
[2026-04-21T01:27:50.818+0000] {processor.py:840} INFO - DAG(s) 'baseball_pipeline_v1' retrieved from /opt/airflow/dags/baseball_etl.py
[2026-04-21T01:27:50.836+0000] {logging_mixin.py:188} INFO - [2026-04-21T01:27:50.836+0000] {dag.py:3036} INFO - Sync 1 DAGs
[2026-04-21T01:27:50.861+0000] {logging_mixin.py:188} INFO - [2026-04-21T01:27:50.861+0000] {dag.py:3823} INFO - Setting next_dagrun for baseball_pipeline_v1 to 2026-04-21 00:00:00+00:00, run_after=2026-04-22 00:00:00+00:00
[2026-04-21T01:27:50.879+0000] {processor.py:183} INFO - Processing /opt/airflow/dags/baseball_etl.py took 0.670 seconds
[2026-04-21T01:28:21.324+0000] {processor.py:161} INFO - Started process (PID=3711548) to work on /opt/airflow/dags/baseball_etl.py
[2026-04-21T01:28:21.326+0000] {processor.py:830} INFO - Processing file /opt/airflow/dags/baseball_etl.py for tasks to queue
[2026-04-21T01:28:21.328+0000] {logging_mixin.py:188} INFO - [2026-04-21T01:28:21.328+0000] {dagbag.py:538} INFO - Filling up the DagBag from /opt/airflow/dags/baseball_etl.py
[2026-04-21T01:28:21.870+0000] {processor.py:840} INFO - DAG(s) 'baseball_pipeline_v1' retrieved from /opt/airflow/dags/baseball_etl.py
[2026-04-21T01:28:21.887+0000] {logging_mixin.py:188} INFO - [2026-04-21T01:28:21.887+0000] {dag.py:3036} INFO - Sync 1 DAGs
[2026-04-21T01:28:21.912+0000] {logging_mixin.py:188} INFO - [2026-04-21T01:28:21.911+0000] {dag.py:3823} INFO - Setting next_dagrun for baseball_pipeline_v1 to 2026-04-21 00:00:00+00:00, run_after=2026-04-22 00:00:00+00:00
[2026-04-21T01:28:21.928+0000] {processor.py:183} INFO - Processing /opt/airflow/dags/baseball_etl.py took 0.610 seconds
[2026-04-21T01:28:52.043+0000] {processor.py:161} INFO - Started process (PID=3711607) to work on /opt/airflow/dags/baseball_etl.py
[2026-04-21T01:28:52.044+0000] {processor.py:830} INFO - Processing file /opt/airflow/dags/baseball_etl.py for tasks to queue
[2026-04-21T01:28:52.047+0000] {logging_mixin.py:188} INFO - [2026-04-21T01:28:52.046+0000] {dagbag.py:538} INFO - Filling up the DagBag from /opt/airflow/dags/baseball_etl.py
[2026-04-21T01:28:52.592+0000] {processor.py:840} INFO - DAG(s) 'baseball_pipeline_v1' retrieved from /opt/airflow/dags/baseball_etl.py
[2026-04-21T01:28:52.610+0000] {logging_mixin.py:188} INFO - [2026-04-21T01:28:52.609+0000] {dag.py:3036} INFO - Sync 1 DAGs
[2026-04-21T01:28:52.635+0000] {logging_mixin.py:188} INFO - [2026-04-21T01:28:52.634+0000] {dag.py:3823} INFO - Setting next_dagrun for baseball_pipeline_v1 to 2026-04-21 00:00:00+00:00, run_after=2026-04-22 00:00:00+00:00
[2026-04-21T01:28:52.652+0000] {processor.py:183} INFO - Processing /opt/airflow/dags/baseball_etl.py took 0.614 seconds
[2026-04-21T01:29:23.341+0000] {processor.py:161} INFO - Started process (PID=3711664) to work on /opt/airflow/dags/baseball_etl.py
[2026-04-21T01:29:23.343+0000] {processor.py:830} INFO - Processing file /opt/airflow/dags/baseball_etl.py for tasks to queue
[2026-04-21T01:29:23.346+0000] {logging_mixin.py:188} INFO - [2026-04-21T01:29:23.345+0000] {dagbag.py:538} INFO - Filling up the DagBag from /opt/airflow/dags/baseball_etl.py
[2026-04-21T01:29:23.888+0000] {processor.py:840} INFO - DAG(s) 'baseball_pipeline_v1' retrieved from /opt/airflow/dags/baseball_etl.py
[2026-04-21T01:29:23.910+0000] {logging_mixin.py:188} INFO - [2026-04-21T01:29:23.908+0000] {dag.py:3036} INFO - Sync 1 DAGs
[2026-04-21T01:29:23.938+0000] {logging_mixin.py:188} INFO - [2026-04-21T01:29:23.937+0000] {dag.py:3823} INFO - Setting next_dagrun for baseball_pipeline_v1 to 2026-04-21 00:00:00+00:00, run_after=2026-04-22 00:00:00+00:00
[2026-04-21T01:29:23.955+0000] {processor.py:183} INFO - Processing /opt/airflow/dags/baseball_etl.py took 0.618 seconds
[2026-04-21T01:29:54.191+0000] {processor.py:161} INFO - Started process (PID=3711721) to work on /opt/airflow/dags/baseball_etl.py
[2026-04-21T01:29:54.193+0000] {processor.py:830} INFO - Processing file /opt/airflow/dags/baseball_etl.py for tasks to queue
[2026-04-21T01:29:54.195+0000] {logging_mixin.py:188} INFO - [2026-04-21T01:29:54.194+0000] {dagbag.py:538} INFO - Filling up the DagBag from /opt/airflow/dags/baseball_etl.py
[2026-04-21T01:29:54.526+0000] {processor.py:840} INFO - DAG(s) 'baseball_pipeline_v1' retrieved from /opt/airflow/dags/baseball_etl.py
[2026-04-21T01:29:54.548+0000] {logging_mixin.py:188} INFO - [2026-04-21T01:29:54.547+0000] {dag.py:3036} INFO - Sync 1 DAGs
[2026-04-21T01:29:54.574+0000] {logging_mixin.py:188} INFO - [2026-04-21T01:29:54.574+0000] {dag.py:3823} INFO - Setting next_dagrun for baseball_pipeline_v1 to 2026-04-21 00:00:00+00:00, run_after=2026-04-22 00:00:00+00:00
[2026-04-21T01:29:54.592+0000] {processor.py:183} INFO - Processing /opt/airflow/dags/baseball_etl.py took 0.406 seconds
[2026-04-21T01:30:25.343+0000] {processor.py:161} INFO - Started process (PID=3711779) to work on /opt/airflow/dags/baseball_etl.py
[2026-04-21T01:30:25.345+0000] {processor.py:830} INFO - Processing file /opt/airflow/dags/baseball_etl.py for tasks to queue
[2026-04-21T01:30:25.347+0000] {logging_mixin.py:188} INFO - [2026-04-21T01:30:25.347+0000] {dagbag.py:538} INFO - Filling up the DagBag from /opt/airflow/dags/baseball_etl.py
[2026-04-21T01:30:25.682+0000] {processor.py:840} INFO - DAG(s) 'baseball_pipeline_v1' retrieved from /opt/airflow/dags/baseball_etl.py
[2026-04-21T01:30:25.702+0000] {logging_mixin.py:188} INFO - [2026-04-21T01:30:25.702+0000] {dag.py:3036} INFO - Sync 1 DAGs
[2026-04-21T01:30:25.730+0000] {logging_mixin.py:188} INFO - [2026-04-21T01:30:25.730+0000] {dag.py:3823} INFO - Setting next_dagrun for baseball_pipeline_v1 to 2026-04-21 00:00:00+00:00, run_after=2026-04-22 00:00:00+00:00
[2026-04-21T01:30:25.748+0000] {processor.py:183} INFO - Processing /opt/airflow/dags/baseball_etl.py took 0.410 seconds
[2026-04-21T01:30:56.290+0000] {processor.py:161} INFO - Started process (PID=3711836) to work on /opt/airflow/dags/baseball_etl.py
[2026-04-21T01:30:56.292+0000] {processor.py:830} INFO - Processing file /opt/airflow/dags/baseball_etl.py for tasks to queue
[2026-04-21T01:30:56.294+0000] {logging_mixin.py:188} INFO - [2026-04-21T01:30:56.294+0000] {dagbag.py:538} INFO - Filling up the DagBag from /opt/airflow/dags/baseball_etl.py
[2026-04-21T01:30:56.622+0000] {processor.py:840} INFO - DAG(s) 'baseball_pipeline_v1' retrieved from /opt/airflow/dags/baseball_etl.py
[2026-04-21T01:30:56.644+0000] {logging_mixin.py:188} INFO - [2026-04-21T01:30:56.643+0000] {dag.py:3036} INFO - Sync 1 DAGs
[2026-04-21T01:30:56.670+0000] {logging_mixin.py:188} INFO - [2026-04-21T01:30:56.669+0000] {dag.py:3823} INFO - Setting next_dagrun for baseball_pipeline_v1 to 2026-04-21 00:00:00+00:00, run_after=2026-04-22 00:00:00+00:00
[2026-04-21T01:30:56.689+0000] {processor.py:183} INFO - Processing /opt/airflow/dags/baseball_etl.py took 0.404 seconds
[2026-04-21T01:31:26.727+0000] {processor.py:161} INFO - Started process (PID=3711896) to work on /opt/airflow/dags/baseball_etl.py
[2026-04-21T01:31:26.729+0000] {processor.py:830} INFO - Processing file /opt/airflow/dags/baseball_etl.py for tasks to queue
[2026-04-21T01:31:26.731+0000] {logging_mixin.py:188} INFO - [2026-04-21T01:31:26.731+0000] {dagbag.py:538} INFO - Filling up the DagBag from /opt/airflow/dags/baseball_etl.py
[2026-04-21T01:31:27.070+0000] {processor.py:840} INFO - DAG(s) 'baseball_pipeline_v1' retrieved from /opt/airflow/dags/baseball_etl.py
[2026-04-21T01:31:27.091+0000] {logging_mixin.py:188} INFO - [2026-04-21T01:31:27.091+0000] {dag.py:3036} INFO - Sync 1 DAGs
[2026-04-21T01:31:27.117+0000] {logging_mixin.py:188} INFO - [2026-04-21T01:31:27.117+0000] {dag.py:3823} INFO - Setting next_dagrun for baseball_pipeline_v1 to 2026-04-21 00:00:00+00:00, run_after=2026-04-22 00:00:00+00:00
[2026-04-21T01:31:27.136+0000] {processor.py:183} INFO - Processing /opt/airflow/dags/baseball_etl.py took 0.414 seconds
[2026-04-21T01:31:57.180+0000] {processor.py:161} INFO - Started process (PID=3711955) to work on /opt/airflow/dags/baseball_etl.py
[2026-04-21T01:31:57.181+0000] {processor.py:830} INFO - Processing file /opt/airflow/dags/baseball_etl.py for tasks to queue
[2026-04-21T01:31:57.184+0000] {logging_mixin.py:188} INFO - [2026-04-21T01:31:57.183+0000] {dagbag.py:538} INFO - Filling up the DagBag from /opt/airflow/dags/baseball_etl.py
[2026-04-21T01:31:57.515+0000] {processor.py:840} INFO - DAG(s) 'baseball_pipeline_v1' retrieved from /opt/airflow/dags/baseball_etl.py
[2026-04-21T01:31:57.538+0000] {logging_mixin.py:188} INFO - [2026-04-21T01:31:57.538+0000] {dag.py:3036} INFO - Sync 1 DAGs
[2026-04-21T01:31:57.564+0000] {logging_mixin.py:188} INFO - [2026-04-21T01:31:57.564+0000] {dag.py:3823} INFO - Setting next_dagrun for baseball_pipeline_v1 to 2026-04-21 00:00:00+00:00, run_after=2026-04-22 00:00:00+00:00
[2026-04-21T01:31:57.583+0000] {processor.py:183} INFO - Processing /opt/airflow/dags/baseball_etl.py took 0.408 seconds
[2026-04-21T01:32:28.566+0000] {processor.py:161} INFO - Started process (PID=3712012) to work on /opt/airflow/dags/baseball_etl.py
[2026-04-21T01:32:28.568+0000] {processor.py:830} INFO - Processing file /opt/airflow/dags/baseball_etl.py for tasks to queue
[2026-04-21T01:32:28.571+0000] {logging_mixin.py:188} INFO - [2026-04-21T01:32:28.570+0000] {dagbag.py:538} INFO - Filling up the DagBag from /opt/airflow/dags/baseball_etl.py
[2026-04-21T01:32:28.909+0000] {processor.py:840} INFO - DAG(s) 'baseball_pipeline_v1' retrieved from /opt/airflow/dags/baseball_etl.py
[2026-04-21T01:32:28.930+0000] {logging_mixin.py:188} INFO - [2026-04-21T01:32:28.929+0000] {dag.py:3036} INFO - Sync 1 DAGs
[2026-04-21T01:32:28.957+0000] {logging_mixin.py:188} INFO - [2026-04-21T01:32:28.956+0000] {dag.py:3823} INFO - Setting next_dagrun for baseball_pipeline_v1 to 2026-04-21 00:00:00+00:00, run_after=2026-04-22 00:00:00+00:00
[2026-04-21T01:32:28.975+0000] {processor.py:183} INFO - Processing /opt/airflow/dags/baseball_etl.py took 0.413 seconds
[2026-04-21T01:32:59.836+0000] {processor.py:161} INFO - Started process (PID=3712069) to work on /opt/airflow/dags/baseball_etl.py
[2026-04-21T01:32:59.838+0000] {processor.py:830} INFO - Processing file /opt/airflow/dags/baseball_etl.py for tasks to queue
[2026-04-21T01:32:59.841+0000] {logging_mixin.py:188} INFO - [2026-04-21T01:32:59.840+0000] {dagbag.py:538} INFO - Filling up the DagBag from /opt/airflow/dags/baseball_etl.py
[2026-04-21T01:33:00.196+0000] {processor.py:840} INFO - DAG(s) 'baseball_pipeline_v1' retrieved from /opt/airflow/dags/baseball_etl.py
[2026-04-21T01:33:00.221+0000] {logging_mixin.py:188} INFO - [2026-04-21T01:33:00.220+0000] {dag.py:3036} INFO - Sync 1 DAGs
[2026-04-21T01:33:00.246+0000] {logging_mixin.py:188} INFO - [2026-04-21T01:33:00.246+0000] {dag.py:3823} INFO - Setting next_dagrun for baseball_pipeline_v1 to 2026-04-21 00:00:00+00:00, run_after=2026-04-22 00:00:00+00:00
[2026-04-21T01:33:00.264+0000] {processor.py:183} INFO - Processing /opt/airflow/dags/baseball_etl.py took 0.433 seconds
[2026-04-21T01:33:31.065+0000] {processor.py:161} INFO - Started process (PID=3712126) to work on /opt/airflow/dags/baseball_etl.py
[2026-04-21T01:33:31.068+0000] {processor.py:830} INFO - Processing file /opt/airflow/dags/baseball_etl.py for tasks to queue
[2026-04-21T01:33:31.070+0000] {logging_mixin.py:188} INFO - [2026-04-21T01:33:31.070+0000] {dagbag.py:538} INFO - Filling up the DagBag from /opt/airflow/dags/baseball_etl.py
[2026-04-21T01:33:31.409+0000] {processor.py:840} INFO - DAG(s) 'baseball_pipeline_v1' retrieved from /opt/airflow/dags/baseball_etl.py
[2026-04-21T01:33:31.429+0000] {logging_mixin.py:188} INFO - [2026-04-21T01:33:31.429+0000] {dag.py:3036} INFO - Sync 1 DAGs
[2026-04-21T01:33:31.464+0000] {logging_mixin.py:188} INFO - [2026-04-21T01:33:31.464+0000] {dag.py:3823} INFO - Setting next_dagrun for baseball_pipeline_v1 to 2026-04-21 00:00:00+00:00, run_after=2026-04-22 00:00:00+00:00
[2026-04-21T01:33:31.493+0000] {processor.py:183} INFO - Processing /opt/airflow/dags/baseball_etl.py took 0.432 seconds
[2026-04-21T01:34:02.325+0000] {processor.py:161} INFO - Started process (PID=3712183) to work on /opt/airflow/dags/baseball_etl.py
[2026-04-21T01:34:02.328+0000] {processor.py:830} INFO - Processing file /opt/airflow/dags/baseball_etl.py for tasks to queue
[2026-04-21T01:34:02.330+0000] {logging_mixin.py:188} INFO - [2026-04-21T01:34:02.330+0000] {dagbag.py:538} INFO - Filling up the DagBag from /opt/airflow/dags/baseball_etl.py
[2026-04-21T01:34:02.664+0000] {processor.py:840} INFO - DAG(s) 'baseball_pipeline_v1' retrieved from /opt/airflow/dags/baseball_etl.py
[2026-04-21T01:34:02.687+0000] {logging_mixin.py:188} INFO - [2026-04-21T01:34:02.687+0000] {dag.py:3036} INFO - Sync 1 DAGs
[2026-04-21T01:34:02.714+0000] {logging_mixin.py:188} INFO - [2026-04-21T01:34:02.713+0000] {dag.py:3823} INFO - Setting next_dagrun for baseball_pipeline_v1 to 2026-04-21 00:00:00+00:00, run_after=2026-04-22 00:00:00+00:00
[2026-04-21T01:34:02.732+0000] {processor.py:183} INFO - Processing /opt/airflow/dags/baseball_etl.py took 0.411 seconds
[2026-04-21T01:34:33.507+0000] {processor.py:161} INFO - Started process (PID=3712240) to work on /opt/airflow/dags/baseball_etl.py
[2026-04-21T01:34:33.509+0000] {processor.py:830} INFO - Processing file /opt/airflow/dags/baseball_etl.py for tasks to queue
[2026-04-21T01:34:33.512+0000] {logging_mixin.py:188} INFO - [2026-04-21T01:34:33.511+0000] {dagbag.py:538} INFO - Filling up the DagBag from /opt/airflow/dags/baseball_etl.py
[2026-04-21T01:34:33.838+0000] {processor.py:840} INFO - DAG(s) 'baseball_pipeline_v1' retrieved from /opt/airflow/dags/baseball_etl.py
[2026-04-21T01:34:33.862+0000] {logging_mixin.py:188} INFO - [2026-04-21T01:34:33.861+0000] {dag.py:3036} INFO - Sync 1 DAGs
[2026-04-21T01:34:33.889+0000] {logging_mixin.py:188} INFO - [2026-04-21T01:34:33.889+0000] {dag.py:3823} INFO - Setting next_dagrun for baseball_pipeline_v1 to 2026-04-21 00:00:00+00:00, run_after=2026-04-22 00:00:00+00:00
[2026-04-21T01:34:33.908+0000] {processor.py:183} INFO - Processing /opt/airflow/dags/baseball_etl.py took 0.405 seconds
[2026-04-21T01:35:04.729+0000] {processor.py:161} INFO - Started process (PID=3712297) to work on /opt/airflow/dags/baseball_etl.py
[2026-04-21T01:35:04.731+0000] {processor.py:830} INFO - Processing file /opt/airflow/dags/baseball_etl.py for tasks to queue
[2026-04-21T01:35:04.734+0000] {logging_mixin.py:188} INFO - [2026-04-21T01:35:04.733+0000] {dagbag.py:538} INFO - Filling up the DagBag from /opt/airflow/dags/baseball_etl.py
[2026-04-21T01:35:05.081+0000] {processor.py:840} INFO - DAG(s) 'baseball_pipeline_v1' retrieved from /opt/airflow/dags/baseball_etl.py
[2026-04-21T01:35:05.102+0000] {logging_mixin.py:188} INFO - [2026-04-21T01:35:05.102+0000] {dag.py:3036} INFO - Sync 1 DAGs
[2026-04-21T01:35:05.132+0000] {logging_mixin.py:188} INFO - [2026-04-21T01:35:05.132+0000] {dag.py:3823} INFO - Setting next_dagrun for baseball_pipeline_v1 to 2026-04-21 00:00:00+00:00, run_after=2026-04-22 00:00:00+00:00
[2026-04-21T01:35:05.152+0000] {processor.py:183} INFO - Processing /opt/airflow/dags/baseball_etl.py took 0.428 seconds
[2026-04-21T01:35:35.906+0000] {processor.py:161} INFO - Started process (PID=3712354) to work on /opt/airflow/dags/baseball_etl.py
[2026-04-21T01:35:35.908+0000] {processor.py:830} INFO - Processing file /opt/airflow/dags/baseball_etl.py for tasks to queue
[2026-04-21T01:35:35.911+0000] {logging_mixin.py:188} INFO - [2026-04-21T01:35:35.910+0000] {dagbag.py:538} INFO - Filling up the DagBag from /opt/airflow/dags/baseball_etl.py
[2026-04-21T01:35:36.237+0000] {processor.py:840} INFO - DAG(s) 'baseball_pipeline_v1' retrieved from /opt/airflow/dags/baseball_etl.py
[2026-04-21T01:35:36.258+0000] {logging_mixin.py:188} INFO - [2026-04-21T01:35:36.258+0000] {dag.py:3036} INFO - Sync 1 DAGs
[2026-04-21T01:35:36.286+0000] {logging_mixin.py:188} INFO - [2026-04-21T01:35:36.285+0000] {dag.py:3823} INFO - Setting next_dagrun for baseball_pipeline_v1 to 2026-04-21 00:00:00+00:00, run_after=2026-04-22 00:00:00+00:00
[2026-04-21T01:35:36.306+0000] {processor.py:183} INFO - Processing /opt/airflow/dags/baseball_etl.py took 0.404 seconds
[2026-04-21T01:36:06.354+0000] {processor.py:161} INFO - Started process (PID=3712413) to work on /opt/airflow/dags/baseball_etl.py
[2026-04-21T01:36:06.356+0000] {processor.py:830} INFO - Processing file /opt/airflow/dags/baseball_etl.py for tasks to queue
[2026-04-21T01:36:06.358+0000] {logging_mixin.py:188} INFO - [2026-04-21T01:36:06.358+0000] {dagbag.py:538} INFO - Filling up the DagBag from /opt/airflow/dags/baseball_etl.py
[2026-04-21T01:36:06.683+0000] {processor.py:840} INFO - DAG(s) 'baseball_pipeline_v1' retrieved from /opt/airflow/dags/baseball_etl.py
[2026-04-21T01:36:06.705+0000] {logging_mixin.py:188} INFO - [2026-04-21T01:36:06.705+0000] {dag.py:3036} INFO - Sync 1 DAGs
[2026-04-21T01:36:06.731+0000] {logging_mixin.py:188} INFO - [2026-04-21T01:36:06.731+0000] {dag.py:3823} INFO - Setting next_dagrun for baseball_pipeline_v1 to 2026-04-21 00:00:00+00:00, run_after=2026-04-22 00:00:00+00:00
[2026-04-21T01:36:06.749+0000] {processor.py:183} INFO - Processing /opt/airflow/dags/baseball_etl.py took 0.400 seconds
[2026-04-21T01:36:37.620+0000] {processor.py:161} INFO - Started process (PID=3712470) to work on /opt/airflow/dags/baseball_etl.py
[2026-04-21T01:36:37.622+0000] {processor.py:830} INFO - Processing file /opt/airflow/dags/baseball_etl.py for tasks to queue
[2026-04-21T01:36:37.624+0000] {logging_mixin.py:188} INFO - [2026-04-21T01:36:37.624+0000] {dagbag.py:538} INFO - Filling up the DagBag from /opt/airflow/dags/baseball_etl.py
[2026-04-21T01:36:38.005+0000] {processor.py:840} INFO - DAG(s) 'baseball_pipeline_v1' retrieved from /opt/airflow/dags/baseball_etl.py
[2026-04-21T01:36:38.026+0000] {logging_mixin.py:188} INFO - [2026-04-21T01:36:38.025+0000] {dag.py:3036} INFO - Sync 1 DAGs
[2026-04-21T01:36:38.053+0000] {logging_mixin.py:188} INFO - [2026-04-21T01:36:38.053+0000] {dag.py:3823} INFO - Setting next_dagrun for baseball_pipeline_v1 to 2026-04-21 00:00:00+00:00, run_after=2026-04-22 00:00:00+00:00
[2026-04-21T01:36:38.072+0000] {processor.py:183} INFO - Processing /opt/airflow/dags/baseball_etl.py took 0.456 seconds
[2026-04-21T01:37:08.192+0000] {processor.py:161} INFO - Started process (PID=3712537) to work on /opt/airflow/dags/baseball_etl.py
[2026-04-21T01:37:08.194+0000] {processor.py:830} INFO - Processing file /opt/airflow/dags/baseball_etl.py for tasks to queue
[2026-04-21T01:37:08.196+0000] {logging_mixin.py:188} INFO - [2026-04-21T01:37:08.196+0000] {dagbag.py:538} INFO - Filling up the DagBag from /opt/airflow/dags/baseball_etl.py
[2026-04-21T01:37:08.526+0000] {processor.py:840} INFO - DAG(s) 'baseball_pipeline_v1' retrieved from /opt/airflow/dags/baseball_etl.py
[2026-04-21T01:37:08.548+0000] {logging_mixin.py:188} INFO - [2026-04-21T01:37:08.548+0000] {dag.py:3036} INFO - Sync 1 DAGs
[2026-04-21T01:37:08.574+0000] {logging_mixin.py:188} INFO - [2026-04-21T01:37:08.574+0000] {dag.py:3823} INFO - Setting next_dagrun for baseball_pipeline_v1 to 2026-04-21 00:00:00+00:00, run_after=2026-04-22 00:00:00+00:00
[2026-04-21T01:37:08.592+0000] {processor.py:183} INFO - Processing /opt/airflow/dags/baseball_etl.py took 0.405 seconds
[2026-04-21T01:37:38.675+0000] {processor.py:161} INFO - Started process (PID=3712597) to work on /opt/airflow/dags/baseball_etl.py
[2026-04-21T01:37:38.676+0000] {processor.py:830} INFO - Processing file /opt/airflow/dags/baseball_etl.py for tasks to queue
[2026-04-21T01:37:38.679+0000] {logging_mixin.py:188} INFO - [2026-04-21T01:37:38.678+0000] {dagbag.py:538} INFO - Filling up the DagBag from /opt/airflow/dags/baseball_etl.py
[2026-04-21T01:37:39.003+0000] {processor.py:840} INFO - DAG(s) 'baseball_pipeline_v1' retrieved from /opt/airflow/dags/baseball_etl.py
[2026-04-21T01:37:39.024+0000] {logging_mixin.py:188} INFO - [2026-04-21T01:37:39.023+0000] {dag.py:3036} INFO - Sync 1 DAGs
[2026-04-21T01:37:39.050+0000] {logging_mixin.py:188} INFO - [2026-04-21T01:37:39.050+0000] {dag.py:3823} INFO - Setting next_dagrun for baseball_pipeline_v1 to 2026-04-21 00:00:00+00:00, run_after=2026-04-22 00:00:00+00:00
[2026-04-21T01:37:39.068+0000] {processor.py:183} INFO - Processing /opt/airflow/dags/baseball_etl.py took 0.398 seconds
[2026-04-21T01:38:09.143+0000] {processor.py:161} INFO - Started process (PID=3712654) to work on /opt/airflow/dags/baseball_etl.py
[2026-04-21T01:38:09.145+0000] {processor.py:830} INFO - Processing file /opt/airflow/dags/baseball_etl.py for tasks to queue
[2026-04-21T01:38:09.147+0000] {logging_mixin.py:188} INFO - [2026-04-21T01:38:09.147+0000] {dagbag.py:538} INFO - Filling up the DagBag from /opt/airflow/dags/baseball_etl.py
[2026-04-21T01:38:09.483+0000] {processor.py:840} INFO - DAG(s) 'baseball_pipeline_v1' retrieved from /opt/airflow/dags/baseball_etl.py
[2026-04-21T01:38:09.506+0000] {logging_mixin.py:188} INFO - [2026-04-21T01:38:09.505+0000] {dag.py:3036} INFO - Sync 1 DAGs
[2026-04-21T01:38:09.538+0000] {logging_mixin.py:188} INFO - [2026-04-21T01:38:09.538+0000] {dag.py:3823} INFO - Setting next_dagrun for baseball_pipeline_v1 to 2026-04-21 00:00:00+00:00, run_after=2026-04-22 00:00:00+00:00
[2026-04-21T01:38:09.556+0000] {processor.py:183} INFO - Processing /opt/airflow/dags/baseball_etl.py took 0.419 seconds
[2026-04-21T01:38:39.615+0000] {processor.py:161} INFO - Started process (PID=3712712) to work on /opt/airflow/dags/baseball_etl.py
[2026-04-21T01:38:39.617+0000] {processor.py:830} INFO - Processing file /opt/airflow/dags/baseball_etl.py for tasks to queue
[2026-04-21T01:38:39.619+0000] {logging_mixin.py:188} INFO - [2026-04-21T01:38:39.618+0000] {dagbag.py:538} INFO - Filling up the DagBag from /opt/airflow/dags/baseball_etl.py
[2026-04-21T01:38:39.939+0000] {processor.py:840} INFO - DAG(s) 'baseball_pipeline_v1' retrieved from /opt/airflow/dags/baseball_etl.py
[2026-04-21T01:38:39.961+0000] {logging_mixin.py:188} INFO - [2026-04-21T01:38:39.960+0000] {dag.py:3036} INFO - Sync 1 DAGs
[2026-04-21T01:38:39.987+0000] {logging_mixin.py:188} INFO - [2026-04-21T01:38:39.987+0000] {dag.py:3823} INFO - Setting next_dagrun for baseball_pipeline_v1 to 2026-04-21 00:00:00+00:00, run_after=2026-04-22 00:00:00+00:00
[2026-04-21T01:38:40.007+0000] {processor.py:183} INFO - Processing /opt/airflow/dags/baseball_etl.py took 0.397 seconds
[2026-04-21T01:39:10.180+0000] {processor.py:161} INFO - Started process (PID=3712769) to work on /opt/airflow/dags/baseball_etl.py
[2026-04-21T01:39:10.182+0000] {processor.py:830} INFO - Processing file /opt/airflow/dags/baseball_etl.py for tasks to queue
[2026-04-21T01:39:10.184+0000] {logging_mixin.py:188} INFO - [2026-04-21T01:39:10.184+0000] {dagbag.py:538} INFO - Filling up the DagBag from /opt/airflow/dags/baseball_etl.py
[2026-04-21T01:39:10.501+0000] {processor.py:840} INFO - DAG(s) 'baseball_pipeline_v1' retrieved from /opt/airflow/dags/baseball_etl.py
[2026-04-21T01:39:10.524+0000] {logging_mixin.py:188} INFO - [2026-04-21T01:39:10.523+0000] {dag.py:3036} INFO - Sync 1 DAGs
[2026-04-21T01:39:10.549+0000] {logging_mixin.py:188} INFO - [2026-04-21T01:39:10.549+0000] {dag.py:3823} INFO - Setting next_dagrun for baseball_pipeline_v1 to 2026-04-21 00:00:00+00:00, run_after=2026-04-22 00:00:00+00:00
[2026-04-21T01:39:10.567+0000] {processor.py:183} INFO - Processing /opt/airflow/dags/baseball_etl.py took 0.392 seconds
[2026-04-21T01:39:40.675+0000] {processor.py:161} INFO - Started process (PID=3712826) to work on /opt/airflow/dags/baseball_etl.py
[2026-04-21T01:39:40.677+0000] {processor.py:830} INFO - Processing file /opt/airflow/dags/baseball_etl.py for tasks to queue
[2026-04-21T01:39:40.680+0000] {logging_mixin.py:188} INFO - [2026-04-21T01:39:40.680+0000] {dagbag.py:538} INFO - Filling up the DagBag from /opt/airflow/dags/baseball_etl.py
[2026-04-21T01:39:41.026+0000] {processor.py:840} INFO - DAG(s) 'baseball_pipeline_v1' retrieved from /opt/airflow/dags/baseball_etl.py
[2026-04-21T01:39:41.049+0000] {logging_mixin.py:188} INFO - [2026-04-21T01:39:41.049+0000] {dag.py:3036} INFO - Sync 1 DAGs
[2026-04-21T01:39:41.079+0000] {logging_mixin.py:188} INFO - [2026-04-21T01:39:41.079+0000] {dag.py:3823} INFO - Setting next_dagrun for baseball_pipeline_v1 to 2026-04-21 00:00:00+00:00, run_after=2026-04-22 00:00:00+00:00
[2026-04-21T01:39:41.099+0000] {processor.py:183} INFO - Processing /opt/airflow/dags/baseball_etl.py took 0.428 seconds
[2026-04-21T01:40:11.234+0000] {processor.py:161} INFO - Started process (PID=3712883) to work on /opt/airflow/dags/baseball_etl.py
[2026-04-21T01:40:11.236+0000] {processor.py:830} INFO - Processing file /opt/airflow/dags/baseball_etl.py for tasks to queue
[2026-04-21T01:40:11.238+0000] {logging_mixin.py:188} INFO - [2026-04-21T01:40:11.238+0000] {dagbag.py:538} INFO - Filling up the DagBag from /opt/airflow/dags/baseball_etl.py
[2026-04-21T01:40:11.566+0000] {processor.py:840} INFO - DAG(s) 'baseball_pipeline_v1' retrieved from /opt/airflow/dags/baseball_etl.py
[2026-04-21T01:40:11.587+0000] {logging_mixin.py:188} INFO - [2026-04-21T01:40:11.586+0000] {dag.py:3036} INFO - Sync 1 DAGs
[2026-04-21T01:40:11.613+0000] {logging_mixin.py:188} INFO - [2026-04-21T01:40:11.612+0000] {dag.py:3823} INFO - Setting next_dagrun for baseball_pipeline_v1 to 2026-04-21 00:00:00+00:00, run_after=2026-04-22 00:00:00+00:00
[2026-04-21T01:40:11.633+0000] {processor.py:183} INFO - Processing /opt/airflow/dags/baseball_etl.py took 0.404 seconds
[2026-04-21T01:40:41.729+0000] {processor.py:161} INFO - Started process (PID=3712942) to work on /opt/airflow/dags/baseball_etl.py
[2026-04-21T01:40:41.731+0000] {processor.py:830} INFO - Processing file /opt/airflow/dags/baseball_etl.py for tasks to queue
[2026-04-21T01:40:41.733+0000] {logging_mixin.py:188} INFO - [2026-04-21T01:40:41.733+0000] {dagbag.py:538} INFO - Filling up the DagBag from /opt/airflow/dags/baseball_etl.py
[2026-04-21T01:40:42.057+0000] {processor.py:840} INFO - DAG(s) 'baseball_pipeline_v1' retrieved from /opt/airflow/dags/baseball_etl.py
[2026-04-21T01:40:42.082+0000] {logging_mixin.py:188} INFO - [2026-04-21T01:40:42.081+0000] {dag.py:3036} INFO - Sync 1 DAGs
[2026-04-21T01:40:42.109+0000] {logging_mixin.py:188} INFO - [2026-04-21T01:40:42.108+0000] {dag.py:3823} INFO - Setting next_dagrun for baseball_pipeline_v1 to 2026-04-21 00:00:00+00:00, run_after=2026-04-22 00:00:00+00:00
[2026-04-21T01:40:42.127+0000] {processor.py:183} INFO - Processing /opt/airflow/dags/baseball_etl.py took 0.404 seconds
[2026-04-21T01:41:12.882+0000] {processor.py:161} INFO - Started process (PID=3712999) to work on /opt/airflow/dags/baseball_etl.py
[2026-04-21T01:41:12.884+0000] {processor.py:830} INFO - Processing file /opt/airflow/dags/baseball_etl.py for tasks to queue
[2026-04-21T01:41:12.887+0000] {logging_mixin.py:188} INFO - [2026-04-21T01:41:12.887+0000] {dagbag.py:538} INFO - Filling up the DagBag from /opt/airflow/dags/baseball_etl.py
[2026-04-21T01:41:13.251+0000] {processor.py:840} INFO - DAG(s) 'baseball_pipeline_v1' retrieved from /opt/airflow/dags/baseball_etl.py
[2026-04-21T01:41:13.274+0000] {logging_mixin.py:188} INFO - [2026-04-21T01:41:13.273+0000] {dag.py:3036} INFO - Sync 1 DAGs
[2026-04-21T01:41:13.302+0000] {logging_mixin.py:188} INFO - [2026-04-21T01:41:13.302+0000] {dag.py:3823} INFO - Setting next_dagrun for baseball_pipeline_v1 to 2026-04-21 00:00:00+00:00, run_after=2026-04-22 00:00:00+00:00
[2026-04-21T01:41:13.322+0000] {processor.py:183} INFO - Processing /opt/airflow/dags/baseball_etl.py took 0.445 seconds
[2026-04-21T01:41:43.505+0000] {processor.py:161} INFO - Started process (PID=3713059) to work on /opt/airflow/dags/baseball_etl.py
[2026-04-21T01:41:43.506+0000] {processor.py:830} INFO - Processing file /opt/airflow/dags/baseball_etl.py for tasks to queue
[2026-04-21T01:41:43.509+0000] {logging_mixin.py:188} INFO - [2026-04-21T01:41:43.509+0000] {dagbag.py:538} INFO - Filling up the DagBag from /opt/airflow/dags/baseball_etl.py
[2026-04-21T01:41:43.849+0000] {processor.py:840} INFO - DAG(s) 'baseball_pipeline_v1' retrieved from /opt/airflow/dags/baseball_etl.py
[2026-04-21T01:41:43.872+0000] {logging_mixin.py:188} INFO - [2026-04-21T01:41:43.872+0000] {dag.py:3036} INFO - Sync 1 DAGs
[2026-04-21T01:41:43.901+0000] {logging_mixin.py:188} INFO - [2026-04-21T01:41:43.901+0000] {dag.py:3823} INFO - Setting next_dagrun for baseball_pipeline_v1 to 2026-04-21 00:00:00+00:00, run_after=2026-04-22 00:00:00+00:00
[2026-04-21T01:41:43.922+0000] {processor.py:183} INFO - Processing /opt/airflow/dags/baseball_etl.py took 0.423 seconds
[2026-04-21T01:42:14.653+0000] {processor.py:161} INFO - Started process (PID=3713116) to work on /opt/airflow/dags/baseball_etl.py
[2026-04-21T01:42:14.655+0000] {processor.py:830} INFO - Processing file /opt/airflow/dags/baseball_etl.py for tasks to queue
[2026-04-21T01:42:14.657+0000] {logging_mixin.py:188} INFO - [2026-04-21T01:42:14.657+0000] {dagbag.py:538} INFO - Filling up the DagBag from /opt/airflow/dags/baseball_etl.py
[2026-04-21T01:42:14.980+0000] {processor.py:840} INFO - DAG(s) 'baseball_pipeline_v1' retrieved from /opt/airflow/dags/baseball_etl.py
[2026-04-21T01:42:15.001+0000] {logging_mixin.py:188} INFO - [2026-04-21T01:42:15.000+0000] {dag.py:3036} INFO - Sync 1 DAGs
[2026-04-21T01:42:15.028+0000] {logging_mixin.py:188} INFO - [2026-04-21T01:42:15.028+0000] {dag.py:3823} INFO - Setting next_dagrun for baseball_pipeline_v1 to 2026-04-21 00:00:00+00:00, run_after=2026-04-22 00:00:00+00:00
[2026-04-21T01:42:15.046+0000] {processor.py:183} INFO - Processing /opt/airflow/dags/baseball_etl.py took 0.398 seconds
[2026-04-21T01:42:46.056+0000] {processor.py:161} INFO - Started process (PID=3713174) to work on /opt/airflow/dags/baseball_etl.py
[2026-04-21T01:42:46.058+0000] {processor.py:830} INFO - Processing file /opt/airflow/dags/baseball_etl.py for tasks to queue
[2026-04-21T01:42:46.060+0000] {logging_mixin.py:188} INFO - [2026-04-21T01:42:46.060+0000] {dagbag.py:538} INFO - Filling up the DagBag from /opt/airflow/dags/baseball_etl.py
[2026-04-21T01:42:46.382+0000] {processor.py:840} INFO - DAG(s) 'baseball_pipeline_v1' retrieved from /opt/airflow/dags/baseball_etl.py
[2026-04-21T01:42:46.406+0000] {logging_mixin.py:188} INFO - [2026-04-21T01:42:46.405+0000] {dag.py:3036} INFO - Sync 1 DAGs
[2026-04-21T01:42:46.437+0000] {logging_mixin.py:188} INFO - [2026-04-21T01:42:46.436+0000] {dag.py:3823} INFO - Setting next_dagrun for baseball_pipeline_v1 to 2026-04-21 00:00:00+00:00, run_after=2026-04-22 00:00:00+00:00
[2026-04-21T01:42:46.455+0000] {processor.py:183} INFO - Processing /opt/airflow/dags/baseball_etl.py took 0.404 seconds
[2026-04-21T01:43:17.348+0000] {processor.py:161} INFO - Started process (PID=3713231) to work on /opt/airflow/dags/baseball_etl.py
[2026-04-21T01:43:17.350+0000] {processor.py:830} INFO - Processing file /opt/airflow/dags/baseball_etl.py for tasks to queue
[2026-04-21T01:43:17.353+0000] {logging_mixin.py:188} INFO - [2026-04-21T01:43:17.352+0000] {dagbag.py:538} INFO - Filling up the DagBag from /opt/airflow/dags/baseball_etl.py
[2026-04-21T01:43:17.677+0000] {processor.py:840} INFO - DAG(s) 'baseball_pipeline_v1' retrieved from /opt/airflow/dags/baseball_etl.py
[2026-04-21T01:43:17.698+0000] {logging_mixin.py:188} INFO - [2026-04-21T01:43:17.697+0000] {dag.py:3036} INFO - Sync 1 DAGs
[2026-04-21T01:43:17.723+0000] {logging_mixin.py:188} INFO - [2026-04-21T01:43:17.723+0000] {dag.py:3823} INFO - Setting next_dagrun for baseball_pipeline_v1 to 2026-04-21 00:00:00+00:00, run_after=2026-04-22 00:00:00+00:00
[2026-04-21T01:43:17.741+0000] {processor.py:183} INFO - Processing /opt/airflow/dags/baseball_etl.py took 0.397 seconds
[2026-04-21T01:43:48.558+0000] {processor.py:161} INFO - Started process (PID=3713289) to work on /opt/airflow/dags/baseball_etl.py
[2026-04-21T01:43:48.560+0000] {processor.py:830} INFO - Processing file /opt/airflow/dags/baseball_etl.py for tasks to queue
[2026-04-21T01:43:48.562+0000] {logging_mixin.py:188} INFO - [2026-04-21T01:43:48.562+0000] {dagbag.py:538} INFO - Filling up the DagBag from /opt/airflow/dags/baseball_etl.py
[2026-04-21T01:43:48.883+0000] {processor.py:840} INFO - DAG(s) 'baseball_pipeline_v1' retrieved from /opt/airflow/dags/baseball_etl.py
[2026-04-21T01:43:48.906+0000] {logging_mixin.py:188} INFO - [2026-04-21T01:43:48.906+0000] {dag.py:3036} INFO - Sync 1 DAGs
[2026-04-21T01:43:48.932+0000] {logging_mixin.py:188} INFO - [2026-04-21T01:43:48.932+0000] {dag.py:3823} INFO - Setting next_dagrun for baseball_pipeline_v1 to 2026-04-21 00:00:00+00:00, run_after=2026-04-22 00:00:00+00:00
[2026-04-21T01:43:48.949+0000] {processor.py:183} INFO - Processing /opt/airflow/dags/baseball_etl.py took 0.396 seconds
[2026-04-21T01:44:19.131+0000] {processor.py:161} INFO - Started process (PID=3713348) to work on /opt/airflow/dags/baseball_etl.py
[2026-04-21T01:44:19.133+0000] {processor.py:830} INFO - Processing file /opt/airflow/dags/baseball_etl.py for tasks to queue
[2026-04-21T01:44:19.135+0000] {logging_mixin.py:188} INFO - [2026-04-21T01:44:19.135+0000] {dagbag.py:538} INFO - Filling up the DagBag from /opt/airflow/dags/baseball_etl.py
[2026-04-21T01:44:19.473+0000] {processor.py:840} INFO - DAG(s) 'baseball_pipeline_v1' retrieved from /opt/airflow/dags/baseball_etl.py
[2026-04-21T01:44:19.495+0000] {logging_mixin.py:188} INFO - [2026-04-21T01:44:19.494+0000] {dag.py:3036} INFO - Sync 1 DAGs
[2026-04-21T01:44:19.523+0000] {logging_mixin.py:188} INFO - [2026-04-21T01:44:19.523+0000] {dag.py:3823} INFO - Setting next_dagrun for baseball_pipeline_v1 to 2026-04-21 00:00:00+00:00, run_after=2026-04-22 00:00:00+00:00
[2026-04-21T01:44:19.542+0000] {processor.py:183} INFO - Processing /opt/airflow/dags/baseball_etl.py took 0.417 seconds
[2026-04-21T01:44:49.584+0000] {processor.py:161} INFO - Started process (PID=3713407) to work on /opt/airflow/dags/baseball_etl.py
[2026-04-21T01:44:49.585+0000] {processor.py:830} INFO - Processing file /opt/airflow/dags/baseball_etl.py for tasks to queue
[2026-04-21T01:44:49.588+0000] {logging_mixin.py:188} INFO - [2026-04-21T01:44:49.587+0000] {dagbag.py:538} INFO - Filling up the DagBag from /opt/airflow/dags/baseball_etl.py
[2026-04-21T01:44:49.912+0000] {processor.py:840} INFO - DAG(s) 'baseball_pipeline_v1' retrieved from /opt/airflow/dags/baseball_etl.py
[2026-04-21T01:44:49.935+0000] {logging_mixin.py:188} INFO - [2026-04-21T01:44:49.935+0000] {dag.py:3036} INFO - Sync 1 DAGs
[2026-04-21T01:44:49.963+0000] {logging_mixin.py:188} INFO - [2026-04-21T01:44:49.962+0000] {dag.py:3823} INFO - Setting next_dagrun for baseball_pipeline_v1 to 2026-04-21 00:00:00+00:00, run_after=2026-04-22 00:00:00+00:00
[2026-04-21T01:44:49.991+0000] {processor.py:183} INFO - Processing /opt/airflow/dags/baseball_etl.py took 0.412 seconds
[2026-04-21T01:45:20.704+0000] {processor.py:161} INFO - Started process (PID=3713464) to work on /opt/airflow/dags/baseball_etl.py
[2026-04-21T01:45:20.706+0000] {processor.py:830} INFO - Processing file /opt/airflow/dags/baseball_etl.py for tasks to queue
[2026-04-21T01:45:20.708+0000] {logging_mixin.py:188} INFO - [2026-04-21T01:45:20.708+0000] {dagbag.py:538} INFO - Filling up the DagBag from /opt/airflow/dags/baseball_etl.py
[2026-04-21T01:45:21.023+0000] {processor.py:840} INFO - DAG(s) 'baseball_pipeline_v1' retrieved from /opt/airflow/dags/baseball_etl.py
[2026-04-21T01:45:21.046+0000] {logging_mixin.py:188} INFO - [2026-04-21T01:45:21.045+0000] {dag.py:3036} INFO - Sync 1 DAGs
[2026-04-21T01:45:21.071+0000] {logging_mixin.py:188} INFO - [2026-04-21T01:45:21.071+0000] {dag.py:3823} INFO - Setting next_dagrun for baseball_pipeline_v1 to 2026-04-21 00:00:00+00:00, run_after=2026-04-22 00:00:00+00:00
[2026-04-21T01:45:21.090+0000] {processor.py:183} INFO - Processing /opt/airflow/dags/baseball_etl.py took 0.391 seconds
[2026-04-21T01:45:51.866+0000] {processor.py:161} INFO - Started process (PID=3713521) to work on /opt/airflow/dags/baseball_etl.py
[2026-04-21T01:45:51.868+0000] {processor.py:830} INFO - Processing file /opt/airflow/dags/baseball_etl.py for tasks to queue
[2026-04-21T01:45:51.871+0000] {logging_mixin.py:188} INFO - [2026-04-21T01:45:51.870+0000] {dagbag.py:538} INFO - Filling up the DagBag from /opt/airflow/dags/baseball_etl.py
[2026-04-21T01:45:52.192+0000] {processor.py:840} INFO - DAG(s) 'baseball_pipeline_v1' retrieved from /opt/airflow/dags/baseball_etl.py
[2026-04-21T01:45:52.213+0000] {logging_mixin.py:188} INFO - [2026-04-21T01:45:52.212+0000] {dag.py:3036} INFO - Sync 1 DAGs
[2026-04-21T01:45:52.239+0000] {logging_mixin.py:188} INFO - [2026-04-21T01:45:52.239+0000] {dag.py:3823} INFO - Setting next_dagrun for baseball_pipeline_v1 to 2026-04-21 00:00:00+00:00, run_after=2026-04-22 00:00:00+00:00
[2026-04-21T01:45:52.257+0000] {processor.py:183} INFO - Processing /opt/airflow/dags/baseball_etl.py took 0.395 seconds
[2026-04-21T01:46:23.128+0000] {processor.py:161} INFO - Started process (PID=3713578) to work on /opt/airflow/dags/baseball_etl.py
[2026-04-21T01:46:23.130+0000] {processor.py:830} INFO - Processing file /opt/airflow/dags/baseball_etl.py for tasks to queue
[2026-04-21T01:46:23.133+0000] {logging_mixin.py:188} INFO - [2026-04-21T01:46:23.132+0000] {dagbag.py:538} INFO - Filling up the DagBag from /opt/airflow/dags/baseball_etl.py
[2026-04-21T01:46:23.452+0000] {processor.py:840} INFO - DAG(s) 'baseball_pipeline_v1' retrieved from /opt/airflow/dags/baseball_etl.py
[2026-04-21T01:46:23.473+0000] {logging_mixin.py:188} INFO - [2026-04-21T01:46:23.473+0000] {dag.py:3036} INFO - Sync 1 DAGs
[2026-04-21T01:46:23.499+0000] {logging_mixin.py:188} INFO - [2026-04-21T01:46:23.499+0000] {dag.py:3823} INFO - Setting next_dagrun for baseball_pipeline_v1 to 2026-04-21 00:00:00+00:00, run_after=2026-04-22 00:00:00+00:00
[2026-04-21T01:46:23.517+0000] {processor.py:183} INFO - Processing /opt/airflow/dags/baseball_etl.py took 0.393 seconds
[2026-04-21T01:46:54.324+0000] {processor.py:161} INFO - Started process (PID=3713635) to work on /opt/airflow/dags/baseball_etl.py
[2026-04-21T01:46:54.326+0000] {processor.py:830} INFO - Processing file /opt/airflow/dags/baseball_etl.py for tasks to queue
[2026-04-21T01:46:54.328+0000] {logging_mixin.py:188} INFO - [2026-04-21T01:46:54.328+0000] {dagbag.py:538} INFO - Filling up the DagBag from /opt/airflow/dags/baseball_etl.py
[2026-04-21T01:46:54.647+0000] {processor.py:840} INFO - DAG(s) 'baseball_pipeline_v1' retrieved from /opt/airflow/dags/baseball_etl.py
[2026-04-21T01:46:54.672+0000] {logging_mixin.py:188} INFO - [2026-04-21T01:46:54.671+0000] {dag.py:3036} INFO - Sync 1 DAGs
[2026-04-21T01:46:54.699+0000] {logging_mixin.py:188} INFO - [2026-04-21T01:46:54.698+0000] {dag.py:3823} INFO - Setting next_dagrun for baseball_pipeline_v1 to 2026-04-21 00:00:00+00:00, run_after=2026-04-22 00:00:00+00:00
[2026-04-21T01:46:54.717+0000] {processor.py:183} INFO - Processing /opt/airflow/dags/baseball_etl.py took 0.398 seconds
[2026-04-21T01:47:25.542+0000] {processor.py:161} INFO - Started process (PID=3713693) to work on /opt/airflow/dags/baseball_etl.py
[2026-04-21T01:47:25.544+0000] {processor.py:830} INFO - Processing file /opt/airflow/dags/baseball_etl.py for tasks to queue
[2026-04-21T01:47:25.547+0000] {logging_mixin.py:188} INFO - [2026-04-21T01:47:25.546+0000] {dagbag.py:538} INFO - Filling up the DagBag from /opt/airflow/dags/baseball_etl.py
[2026-04-21T01:47:25.867+0000] {processor.py:840} INFO - DAG(s) 'baseball_pipeline_v1' retrieved from /opt/airflow/dags/baseball_etl.py
[2026-04-21T01:47:25.888+0000] {logging_mixin.py:188} INFO - [2026-04-21T01:47:25.888+0000] {dag.py:3036} INFO - Sync 1 DAGs
[2026-04-21T01:47:25.916+0000] {logging_mixin.py:188} INFO - [2026-04-21T01:47:25.915+0000] {dag.py:3823} INFO - Setting next_dagrun for baseball_pipeline_v1 to 2026-04-21 00:00:00+00:00, run_after=2026-04-22 00:00:00+00:00
[2026-04-21T01:47:25.934+0000] {processor.py:183} INFO - Processing /opt/airflow/dags/baseball_etl.py took 0.396 seconds
[2026-04-21T01:47:56.805+0000] {processor.py:161} INFO - Started process (PID=3713751) to work on /opt/airflow/dags/baseball_etl.py
[2026-04-21T01:47:56.807+0000] {processor.py:830} INFO - Processing file /opt/airflow/dags/baseball_etl.py for tasks to queue
[2026-04-21T01:47:56.809+0000] {logging_mixin.py:188} INFO - [2026-04-21T01:47:56.809+0000] {dagbag.py:538} INFO - Filling up the DagBag from /opt/airflow/dags/baseball_etl.py
[2026-04-21T01:47:57.127+0000] {processor.py:840} INFO - DAG(s) 'baseball_pipeline_v1' retrieved from /opt/airflow/dags/baseball_etl.py
[2026-04-21T01:47:57.151+0000] {logging_mixin.py:188} INFO - [2026-04-21T01:47:57.151+0000] {dag.py:3036} INFO - Sync 1 DAGs
[2026-04-21T01:47:57.180+0000] {logging_mixin.py:188} INFO - [2026-04-21T01:47:57.180+0000] {dag.py:3823} INFO - Setting next_dagrun for baseball_pipeline_v1 to 2026-04-21 00:00:00+00:00, run_after=2026-04-22 00:00:00+00:00
[2026-04-21T01:47:57.200+0000] {processor.py:183} INFO - Processing /opt/airflow/dags/baseball_etl.py took 0.401 seconds
[2026-04-21T01:48:27.565+0000] {processor.py:161} INFO - Started process (PID=3713810) to work on /opt/airflow/dags/baseball_etl.py
[2026-04-21T01:48:27.567+0000] {processor.py:830} INFO - Processing file /opt/airflow/dags/baseball_etl.py for tasks to queue
[2026-04-21T01:48:27.570+0000] {logging_mixin.py:188} INFO - [2026-04-21T01:48:27.569+0000] {dagbag.py:538} INFO - Filling up the DagBag from /opt/airflow/dags/baseball_etl.py
[2026-04-21T01:48:27.885+0000] {processor.py:840} INFO - DAG(s) 'baseball_pipeline_v1' retrieved from /opt/airflow/dags/baseball_etl.py
[2026-04-21T01:48:27.905+0000] {logging_mixin.py:188} INFO - [2026-04-21T01:48:27.905+0000] {dag.py:3036} INFO - Sync 1 DAGs
[2026-04-21T01:48:27.932+0000] {logging_mixin.py:188} INFO - [2026-04-21T01:48:27.932+0000] {dag.py:3823} INFO - Setting next_dagrun for baseball_pipeline_v1 to 2026-04-21 00:00:00+00:00, run_after=2026-04-22 00:00:00+00:00
[2026-04-21T01:48:27.950+0000] {processor.py:183} INFO - Processing /opt/airflow/dags/baseball_etl.py took 0.390 seconds
[2026-04-21T01:48:58.335+0000] {processor.py:161} INFO - Started process (PID=3713865) to work on /opt/airflow/dags/baseball_etl.py
[2026-04-21T01:48:58.337+0000] {processor.py:830} INFO - Processing file /opt/airflow/dags/baseball_etl.py for tasks to queue
[2026-04-21T01:48:58.339+0000] {logging_mixin.py:188} INFO - [2026-04-21T01:48:58.339+0000] {dagbag.py:538} INFO - Filling up the DagBag from /opt/airflow/dags/baseball_etl.py
[2026-04-21T01:48:58.664+0000] {processor.py:840} INFO - DAG(s) 'baseball_pipeline_v1' retrieved from /opt/airflow/dags/baseball_etl.py
[2026-04-21T01:48:58.686+0000] {logging_mixin.py:188} INFO - [2026-04-21T01:48:58.685+0000] {dag.py:3036} INFO - Sync 1 DAGs
[2026-04-21T01:48:58.712+0000] {logging_mixin.py:188} INFO - [2026-04-21T01:48:58.712+0000] {dag.py:3823} INFO - Setting next_dagrun for baseball_pipeline_v1 to 2026-04-21 00:00:00+00:00, run_after=2026-04-22 00:00:00+00:00
[2026-04-21T01:48:58.730+0000] {processor.py:183} INFO - Processing /opt/airflow/dags/baseball_etl.py took 0.400 seconds
[2026-04-21T01:49:28.857+0000] {processor.py:161} INFO - Started process (PID=3713924) to work on /opt/airflow/dags/baseball_etl.py
[2026-04-21T01:49:28.859+0000] {processor.py:830} INFO - Processing file /opt/airflow/dags/baseball_etl.py for tasks to queue
[2026-04-21T01:49:28.861+0000] {logging_mixin.py:188} INFO - [2026-04-21T01:49:28.861+0000] {dagbag.py:538} INFO - Filling up the DagBag from /opt/airflow/dags/baseball_etl.py
[2026-04-21T01:49:29.214+0000] {processor.py:840} INFO - DAG(s) 'baseball_pipeline_v1' retrieved from /opt/airflow/dags/baseball_etl.py
[2026-04-21T01:49:29.239+0000] {logging_mixin.py:188} INFO - [2026-04-21T01:49:29.239+0000] {dag.py:3036} INFO - Sync 1 DAGs
[2026-04-21T01:49:29.272+0000] {logging_mixin.py:188} INFO - [2026-04-21T01:49:29.272+0000] {dag.py:3823} INFO - Setting next_dagrun for baseball_pipeline_v1 to 2026-04-21 00:00:00+00:00, run_after=2026-04-22 00:00:00+00:00
[2026-04-21T01:49:29.294+0000] {processor.py:183} INFO - Processing /opt/airflow/dags/baseball_etl.py took 0.441 seconds
[2026-04-21T01:49:59.324+0000] {processor.py:161} INFO - Started process (PID=3713982) to work on /opt/airflow/dags/baseball_etl.py
[2026-04-21T01:49:59.336+0000] {processor.py:830} INFO - Processing file /opt/airflow/dags/baseball_etl.py for tasks to queue
[2026-04-21T01:49:59.339+0000] {logging_mixin.py:188} INFO - [2026-04-21T01:49:59.338+0000] {dagbag.py:538} INFO - Filling up the DagBag from /opt/airflow/dags/baseball_etl.py
[2026-04-21T01:49:59.670+0000] {processor.py:840} INFO - DAG(s) 'baseball_pipeline_v1' retrieved from /opt/airflow/dags/baseball_etl.py
[2026-04-21T01:49:59.693+0000] {logging_mixin.py:188} INFO - [2026-04-21T01:49:59.693+0000] {dag.py:3036} INFO - Sync 1 DAGs
[2026-04-21T01:49:59.719+0000] {logging_mixin.py:188} INFO - [2026-04-21T01:49:59.719+0000] {dag.py:3823} INFO - Setting next_dagrun for baseball_pipeline_v1 to 2026-04-21 00:00:00+00:00, run_after=2026-04-22 00:00:00+00:00
[2026-04-21T01:49:59.739+0000] {processor.py:183} INFO - Processing /opt/airflow/dags/baseball_etl.py took 0.420 seconds
[2026-04-21T01:50:29.774+0000] {processor.py:161} INFO - Started process (PID=3714039) to work on /opt/airflow/dags/baseball_etl.py
[2026-04-21T01:50:29.776+0000] {processor.py:830} INFO - Processing file /opt/airflow/dags/baseball_etl.py for tasks to queue
[2026-04-21T01:50:29.778+0000] {logging_mixin.py:188} INFO - [2026-04-21T01:50:29.778+0000] {dagbag.py:538} INFO - Filling up the DagBag from /opt/airflow/dags/baseball_etl.py
[2026-04-21T01:50:30.094+0000] {processor.py:840} INFO - DAG(s) 'baseball_pipeline_v1' retrieved from /opt/airflow/dags/baseball_etl.py
[2026-04-21T01:50:30.116+0000] {logging_mixin.py:188} INFO - [2026-04-21T01:50:30.116+0000] {dag.py:3036} INFO - Sync 1 DAGs
[2026-04-21T01:50:30.143+0000] {logging_mixin.py:188} INFO - [2026-04-21T01:50:30.142+0000] {dag.py:3823} INFO - Setting next_dagrun for baseball_pipeline_v1 to 2026-04-21 00:00:00+00:00, run_after=2026-04-22 00:00:00+00:00
[2026-04-21T01:50:30.160+0000] {processor.py:183} INFO - Processing /opt/airflow/dags/baseball_etl.py took 0.391 seconds
[2026-04-21T01:51:01.150+0000] {processor.py:161} INFO - Started process (PID=3714096) to work on /opt/airflow/dags/baseball_etl.py
[2026-04-21T01:51:01.152+0000] {processor.py:830} INFO - Processing file /opt/airflow/dags/baseball_etl.py for tasks to queue
[2026-04-21T01:51:01.154+0000] {logging_mixin.py:188} INFO - [2026-04-21T01:51:01.154+0000] {dagbag.py:538} INFO - Filling up the DagBag from /opt/airflow/dags/baseball_etl.py
[2026-04-21T01:51:01.489+0000] {processor.py:840} INFO - DAG(s) 'baseball_pipeline_v1' retrieved from /opt/airflow/dags/baseball_etl.py
[2026-04-21T01:51:01.511+0000] {logging_mixin.py:188} INFO - [2026-04-21T01:51:01.511+0000] {dag.py:3036} INFO - Sync 1 DAGs
[2026-04-21T01:51:01.540+0000] {logging_mixin.py:188} INFO - [2026-04-21T01:51:01.539+0000] {dag.py:3823} INFO - Setting next_dagrun for baseball_pipeline_v1 to 2026-04-21 00:00:00+00:00, run_after=2026-04-22 00:00:00+00:00
[2026-04-21T01:51:01.559+0000] {processor.py:183} INFO - Processing /opt/airflow/dags/baseball_etl.py took 0.415 seconds
[2026-04-21T01:51:31.636+0000] {processor.py:161} INFO - Started process (PID=3714156) to work on /opt/airflow/dags/baseball_etl.py
[2026-04-21T01:51:31.638+0000] {processor.py:830} INFO - Processing file /opt/airflow/dags/baseball_etl.py for tasks to queue
[2026-04-21T01:51:31.640+0000] {logging_mixin.py:188} INFO - [2026-04-21T01:51:31.640+0000] {dagbag.py:538} INFO - Filling up the DagBag from /opt/airflow/dags/baseball_etl.py
[2026-04-21T01:51:31.961+0000] {processor.py:840} INFO - DAG(s) 'baseball_pipeline_v1' retrieved from /opt/airflow/dags/baseball_etl.py
[2026-04-21T01:51:31.983+0000] {logging_mixin.py:188} INFO - [2026-04-21T01:51:31.982+0000] {dag.py:3036} INFO - Sync 1 DAGs
[2026-04-21T01:51:32.008+0000] {logging_mixin.py:188} INFO - [2026-04-21T01:51:32.008+0000] {dag.py:3823} INFO - Setting next_dagrun for baseball_pipeline_v1 to 2026-04-21 00:00:00+00:00, run_after=2026-04-22 00:00:00+00:00
[2026-04-21T01:51:32.028+0000] {processor.py:183} INFO - Processing /opt/airflow/dags/baseball_etl.py took 0.397 seconds
[2026-04-21T01:52:02.099+0000] {processor.py:161} INFO - Started process (PID=3714214) to work on /opt/airflow/dags/baseball_etl.py
[2026-04-21T01:52:02.101+0000] {processor.py:830} INFO - Processing file /opt/airflow/dags/baseball_etl.py for tasks to queue
[2026-04-21T01:52:02.104+0000] {logging_mixin.py:188} INFO - [2026-04-21T01:52:02.103+0000] {dagbag.py:538} INFO - Filling up the DagBag from /opt/airflow/dags/baseball_etl.py
[2026-04-21T01:52:02.426+0000] {processor.py:840} INFO - DAG(s) 'baseball_pipeline_v1' retrieved from /opt/airflow/dags/baseball_etl.py
[2026-04-21T01:52:02.449+0000] {logging_mixin.py:188} INFO - [2026-04-21T01:52:02.449+0000] {dag.py:3036} INFO - Sync 1 DAGs
[2026-04-21T01:52:02.478+0000] {logging_mixin.py:188} INFO - [2026-04-21T01:52:02.477+0000] {dag.py:3823} INFO - Setting next_dagrun for baseball_pipeline_v1 to 2026-04-21 00:00:00+00:00, run_after=2026-04-22 00:00:00+00:00
[2026-04-21T01:52:02.497+0000] {processor.py:183} INFO - Processing /opt/airflow/dags/baseball_etl.py took 0.402 seconds
[2026-04-21T01:52:33.186+0000] {processor.py:161} INFO - Started process (PID=3714271) to work on /opt/airflow/dags/baseball_etl.py
[2026-04-21T01:52:33.188+0000] {processor.py:830} INFO - Processing file /opt/airflow/dags/baseball_etl.py for tasks to queue
[2026-04-21T01:52:33.191+0000] {logging_mixin.py:188} INFO - [2026-04-21T01:52:33.190+0000] {dagbag.py:538} INFO - Filling up the DagBag from /opt/airflow/dags/baseball_etl.py
[2026-04-21T01:52:33.511+0000] {processor.py:840} INFO - DAG(s) 'baseball_pipeline_v1' retrieved from /opt/airflow/dags/baseball_etl.py
[2026-04-21T01:52:33.534+0000] {logging_mixin.py:188} INFO - [2026-04-21T01:52:33.534+0000] {dag.py:3036} INFO - Sync 1 DAGs
[2026-04-21T01:52:33.560+0000] {logging_mixin.py:188} INFO - [2026-04-21T01:52:33.560+0000] {dag.py:3823} INFO - Setting next_dagrun for baseball_pipeline_v1 to 2026-04-21 00:00:00+00:00, run_after=2026-04-22 00:00:00+00:00
[2026-04-21T01:52:33.578+0000] {processor.py:183} INFO - Processing /opt/airflow/dags/baseball_etl.py took 0.397 seconds
[2026-04-21T01:53:04.394+0000] {processor.py:161} INFO - Started process (PID=3714328) to work on /opt/airflow/dags/baseball_etl.py
[2026-04-21T01:53:04.396+0000] {processor.py:830} INFO - Processing file /opt/airflow/dags/baseball_etl.py for tasks to queue
[2026-04-21T01:53:04.398+0000] {logging_mixin.py:188} INFO - [2026-04-21T01:53:04.398+0000] {dagbag.py:538} INFO - Filling up the DagBag from /opt/airflow/dags/baseball_etl.py
[2026-04-21T01:53:04.725+0000] {processor.py:840} INFO - DAG(s) 'baseball_pipeline_v1' retrieved from /opt/airflow/dags/baseball_etl.py
[2026-04-21T01:53:04.749+0000] {logging_mixin.py:188} INFO - [2026-04-21T01:53:04.749+0000] {dag.py:3036} INFO - Sync 1 DAGs
[2026-04-21T01:53:04.777+0000] {logging_mixin.py:188} INFO - [2026-04-21T01:53:04.776+0000] {dag.py:3823} INFO - Setting next_dagrun for baseball_pipeline_v1 to 2026-04-21 00:00:00+00:00, run_after=2026-04-22 00:00:00+00:00
[2026-04-21T01:53:04.797+0000] {processor.py:183} INFO - Processing /opt/airflow/dags/baseball_etl.py took 0.408 seconds
[2026-04-21T01:53:35.723+0000] {processor.py:161} INFO - Started process (PID=3714385) to work on /opt/airflow/dags/baseball_etl.py
[2026-04-21T01:53:35.725+0000] {processor.py:830} INFO - Processing file /opt/airflow/dags/baseball_etl.py for tasks to queue
[2026-04-21T01:53:35.728+0000] {logging_mixin.py:188} INFO - [2026-04-21T01:53:35.727+0000] {dagbag.py:538} INFO - Filling up the DagBag from /opt/airflow/dags/baseball_etl.py
[2026-04-21T01:53:36.049+0000] {processor.py:840} INFO - DAG(s) 'baseball_pipeline_v1' retrieved from /opt/airflow/dags/baseball_etl.py
[2026-04-21T01:53:36.070+0000] {logging_mixin.py:188} INFO - [2026-04-21T01:53:36.070+0000] {dag.py:3036} INFO - Sync 1 DAGs
[2026-04-21T01:53:36.098+0000] {logging_mixin.py:188} INFO - [2026-04-21T01:53:36.097+0000] {dag.py:3823} INFO - Setting next_dagrun for baseball_pipeline_v1 to 2026-04-21 00:00:00+00:00, run_after=2026-04-22 00:00:00+00:00
[2026-04-21T01:53:36.118+0000] {processor.py:183} INFO - Processing /opt/airflow/dags/baseball_etl.py took 0.399 seconds
[2026-04-21T01:54:06.955+0000] {processor.py:161} INFO - Started process (PID=3714443) to work on /opt/airflow/dags/baseball_etl.py
[2026-04-21T01:54:06.957+0000] {processor.py:830} INFO - Processing file /opt/airflow/dags/baseball_etl.py for tasks to queue
[2026-04-21T01:54:06.960+0000] {logging_mixin.py:188} INFO - [2026-04-21T01:54:06.959+0000] {dagbag.py:538} INFO - Filling up the DagBag from /opt/airflow/dags/baseball_etl.py
[2026-04-21T01:54:07.279+0000] {processor.py:840} INFO - DAG(s) 'baseball_pipeline_v1' retrieved from /opt/airflow/dags/baseball_etl.py
[2026-04-21T01:54:07.302+0000] {logging_mixin.py:188} INFO - [2026-04-21T01:54:07.301+0000] {dag.py:3036} INFO - Sync 1 DAGs
[2026-04-21T01:54:07.330+0000] {logging_mixin.py:188} INFO - [2026-04-21T01:54:07.330+0000] {dag.py:3823} INFO - Setting next_dagrun for baseball_pipeline_v1 to 2026-04-21 00:00:00+00:00, run_after=2026-04-22 00:00:00+00:00
[2026-04-21T01:54:07.350+0000] {processor.py:183} INFO - Processing /opt/airflow/dags/baseball_etl.py took 0.399 seconds
[2026-04-21T01:54:37.475+0000] {processor.py:161} INFO - Started process (PID=3714503) to work on /opt/airflow/dags/baseball_etl.py
[2026-04-21T01:54:37.477+0000] {processor.py:830} INFO - Processing file /opt/airflow/dags/baseball_etl.py for tasks to queue
[2026-04-21T01:54:37.479+0000] {logging_mixin.py:188} INFO - [2026-04-21T01:54:37.479+0000] {dagbag.py:538} INFO - Filling up the DagBag from /opt/airflow/dags/baseball_etl.py
[2026-04-21T01:54:37.797+0000] {processor.py:840} INFO - DAG(s) 'baseball_pipeline_v1' retrieved from /opt/airflow/dags/baseball_etl.py
[2026-04-21T01:54:37.818+0000] {logging_mixin.py:188} INFO - [2026-04-21T01:54:37.818+0000] {dag.py:3036} INFO - Sync 1 DAGs
[2026-04-21T01:54:37.845+0000] {logging_mixin.py:188} INFO - [2026-04-21T01:54:37.845+0000] {dag.py:3823} INFO - Setting next_dagrun for baseball_pipeline_v1 to 2026-04-21 00:00:00+00:00, run_after=2026-04-22 00:00:00+00:00
[2026-04-21T01:54:37.863+0000] {processor.py:183} INFO - Processing /opt/airflow/dags/baseball_etl.py took 0.393 seconds
[2026-04-21T01:55:07.905+0000] {processor.py:161} INFO - Started process (PID=3714560) to work on /opt/airflow/dags/baseball_etl.py
[2026-04-21T01:55:07.907+0000] {processor.py:830} INFO - Processing file /opt/airflow/dags/baseball_etl.py for tasks to queue
[2026-04-21T01:55:07.910+0000] {logging_mixin.py:188} INFO - [2026-04-21T01:55:07.909+0000] {dagbag.py:538} INFO - Filling up the DagBag from /opt/airflow/dags/baseball_etl.py
[2026-04-21T01:55:08.306+0000] {processor.py:840} INFO - DAG(s) 'baseball_pipeline_v1' retrieved from /opt/airflow/dags/baseball_etl.py
[2026-04-21T01:55:08.328+0000] {logging_mixin.py:188} INFO - [2026-04-21T01:55:08.328+0000] {dag.py:3036} INFO - Sync 1 DAGs
[2026-04-21T01:55:08.356+0000] {logging_mixin.py:188} INFO - [2026-04-21T01:55:08.355+0000] {dag.py:3823} INFO - Setting next_dagrun for baseball_pipeline_v1 to 2026-04-21 00:00:00+00:00, run_after=2026-04-22 00:00:00+00:00
[2026-04-21T01:55:08.375+0000] {processor.py:183} INFO - Processing /opt/airflow/dags/baseball_etl.py took 0.474 seconds
[2026-04-21T01:55:38.418+0000] {processor.py:161} INFO - Started process (PID=3714618) to work on /opt/airflow/dags/baseball_etl.py
[2026-04-21T01:55:38.420+0000] {processor.py:830} INFO - Processing file /opt/airflow/dags/baseball_etl.py for tasks to queue
[2026-04-21T01:55:38.422+0000] {logging_mixin.py:188} INFO - [2026-04-21T01:55:38.421+0000] {dagbag.py:538} INFO - Filling up the DagBag from /opt/airflow/dags/baseball_etl.py
[2026-04-21T01:55:38.739+0000] {processor.py:840} INFO - DAG(s) 'baseball_pipeline_v1' retrieved from /opt/airflow/dags/baseball_etl.py
[2026-04-21T01:55:38.761+0000] {logging_mixin.py:188} INFO - [2026-04-21T01:55:38.760+0000] {dag.py:3036} INFO - Sync 1 DAGs
[2026-04-21T01:55:38.788+0000] {logging_mixin.py:188} INFO - [2026-04-21T01:55:38.787+0000] {dag.py:3823} INFO - Setting next_dagrun for baseball_pipeline_v1 to 2026-04-21 00:00:00+00:00, run_after=2026-04-22 00:00:00+00:00
[2026-04-21T01:55:38.806+0000] {processor.py:183} INFO - Processing /opt/airflow/dags/baseball_etl.py took 0.393 seconds
[2026-04-21T01:56:08.881+0000] {processor.py:161} INFO - Started process (PID=3714675) to work on /opt/airflow/dags/baseball_etl.py
[2026-04-21T01:56:08.883+0000] {processor.py:830} INFO - Processing file /opt/airflow/dags/baseball_etl.py for tasks to queue
[2026-04-21T01:56:08.885+0000] {logging_mixin.py:188} INFO - [2026-04-21T01:56:08.885+0000] {dagbag.py:538} INFO - Filling up the DagBag from /opt/airflow/dags/baseball_etl.py
[2026-04-21T01:56:09.203+0000] {processor.py:840} INFO - DAG(s) 'baseball_pipeline_v1' retrieved from /opt/airflow/dags/baseball_etl.py
[2026-04-21T01:56:09.223+0000] {logging_mixin.py:188} INFO - [2026-04-21T01:56:09.223+0000] {dag.py:3036} INFO - Sync 1 DAGs
[2026-04-21T01:56:09.249+0000] {logging_mixin.py:188} INFO - [2026-04-21T01:56:09.248+0000] {dag.py:3823} INFO - Setting next_dagrun for baseball_pipeline_v1 to 2026-04-21 00:00:00+00:00, run_after=2026-04-22 00:00:00+00:00
[2026-04-21T01:56:09.266+0000] {processor.py:183} INFO - Processing /opt/airflow/dags/baseball_etl.py took 0.390 seconds
[2026-04-21T01:56:39.332+0000] {processor.py:161} INFO - Started process (PID=3714734) to work on /opt/airflow/dags/baseball_etl.py
[2026-04-21T01:56:39.334+0000] {processor.py:830} INFO - Processing file /opt/airflow/dags/baseball_etl.py for tasks to queue
[2026-04-21T01:56:39.336+0000] {logging_mixin.py:188} INFO - [2026-04-21T01:56:39.336+0000] {dagbag.py:538} INFO - Filling up the DagBag from /opt/airflow/dags/baseball_etl.py
[2026-04-21T01:56:39.652+0000] {processor.py:840} INFO - DAG(s) 'baseball_pipeline_v1' retrieved from /opt/airflow/dags/baseball_etl.py
[2026-04-21T01:56:39.675+0000] {logging_mixin.py:188} INFO - [2026-04-21T01:56:39.674+0000] {dag.py:3036} INFO - Sync 1 DAGs
[2026-04-21T01:56:39.701+0000] {logging_mixin.py:188} INFO - [2026-04-21T01:56:39.700+0000] {dag.py:3823} INFO - Setting next_dagrun for baseball_pipeline_v1 to 2026-04-21 00:00:00+00:00, run_after=2026-04-22 00:00:00+00:00
[2026-04-21T01:56:39.719+0000] {processor.py:183} INFO - Processing /opt/airflow/dags/baseball_etl.py took 0.392 seconds
[2026-04-21T01:57:10.667+0000] {processor.py:161} INFO - Started process (PID=3714797) to work on /opt/airflow/dags/baseball_etl.py
[2026-04-21T01:57:10.671+0000] {processor.py:830} INFO - Processing file /opt/airflow/dags/baseball_etl.py for tasks to queue
[2026-04-21T01:57:10.674+0000] {logging_mixin.py:188} INFO - [2026-04-21T01:57:10.674+0000] {dagbag.py:538} INFO - Filling up the DagBag from /opt/airflow/dags/baseball_etl.py
[2026-04-21T01:57:11.000+0000] {processor.py:840} INFO - DAG(s) 'baseball_pipeline_v1' retrieved from /opt/airflow/dags/baseball_etl.py
[2026-04-21T01:57:11.024+0000] {logging_mixin.py:188} INFO - [2026-04-21T01:57:11.023+0000] {dag.py:3036} INFO - Sync 1 DAGs
[2026-04-21T01:57:11.052+0000] {logging_mixin.py:188} INFO - [2026-04-21T01:57:11.051+0000] {dag.py:3823} INFO - Setting next_dagrun for baseball_pipeline_v1 to 2026-04-21 00:00:00+00:00, run_after=2026-04-22 00:00:00+00:00
[2026-04-21T01:57:11.072+0000] {processor.py:183} INFO - Processing /opt/airflow/dags/baseball_etl.py took 0.410 seconds
[2026-04-21T01:57:41.972+0000] {processor.py:161} INFO - Started process (PID=3714856) to work on /opt/airflow/dags/baseball_etl.py
[2026-04-21T01:57:41.974+0000] {processor.py:830} INFO - Processing file /opt/airflow/dags/baseball_etl.py for tasks to queue
[2026-04-21T01:57:41.976+0000] {logging_mixin.py:188} INFO - [2026-04-21T01:57:41.976+0000] {dagbag.py:538} INFO - Filling up the DagBag from /opt/airflow/dags/baseball_etl.py
[2026-04-21T01:57:42.300+0000] {processor.py:840} INFO - DAG(s) 'baseball_pipeline_v1' retrieved from /opt/airflow/dags/baseball_etl.py
[2026-04-21T01:57:42.324+0000] {logging_mixin.py:188} INFO - [2026-04-21T01:57:42.323+0000] {dag.py:3036} INFO - Sync 1 DAGs
[2026-04-21T01:57:42.351+0000] {logging_mixin.py:188} INFO - [2026-04-21T01:57:42.351+0000] {dag.py:3823} INFO - Setting next_dagrun for baseball_pipeline_v1 to 2026-04-21 00:00:00+00:00, run_after=2026-04-22 00:00:00+00:00
[2026-04-21T01:57:42.370+0000] {processor.py:183} INFO - Processing /opt/airflow/dags/baseball_etl.py took 0.404 seconds
[2026-04-21T01:58:13.259+0000] {processor.py:161} INFO - Started process (PID=3714915) to work on /opt/airflow/dags/baseball_etl.py
[2026-04-21T01:58:13.261+0000] {processor.py:830} INFO - Processing file /opt/airflow/dags/baseball_etl.py for tasks to queue
[2026-04-21T01:58:13.263+0000] {logging_mixin.py:188} INFO - [2026-04-21T01:58:13.263+0000] {dagbag.py:538} INFO - Filling up the DagBag from /opt/airflow/dags/baseball_etl.py
[2026-04-21T01:58:13.580+0000] {processor.py:840} INFO - DAG(s) 'baseball_pipeline_v1' retrieved from /opt/airflow/dags/baseball_etl.py
[2026-04-21T01:58:13.602+0000] {logging_mixin.py:188} INFO - [2026-04-21T01:58:13.601+0000] {dag.py:3036} INFO - Sync 1 DAGs
[2026-04-21T01:58:13.628+0000] {logging_mixin.py:188} INFO - [2026-04-21T01:58:13.628+0000] {dag.py:3823} INFO - Setting next_dagrun for baseball_pipeline_v1 to 2026-04-21 00:00:00+00:00, run_after=2026-04-22 00:00:00+00:00
[2026-04-21T01:58:13.646+0000] {processor.py:183} INFO - Processing /opt/airflow/dags/baseball_etl.py took 0.392 seconds
[2026-04-21T01:58:44.521+0000] {processor.py:161} INFO - Started process (PID=3714974) to work on /opt/airflow/dags/baseball_etl.py
[2026-04-21T01:58:44.523+0000] {processor.py:830} INFO - Processing file /opt/airflow/dags/baseball_etl.py for tasks to queue
[2026-04-21T01:58:44.526+0000] {logging_mixin.py:188} INFO - [2026-04-21T01:58:44.525+0000] {dagbag.py:538} INFO - Filling up the DagBag from /opt/airflow/dags/baseball_etl.py
[2026-04-21T01:58:44.919+0000] {processor.py:840} INFO - DAG(s) 'baseball_pipeline_v1' retrieved from /opt/airflow/dags/baseball_etl.py
[2026-04-21T01:58:44.943+0000] {logging_mixin.py:188} INFO - [2026-04-21T01:58:44.942+0000] {dag.py:3036} INFO - Sync 1 DAGs
[2026-04-21T01:58:44.973+0000] {logging_mixin.py:188} INFO - [2026-04-21T01:58:44.973+0000] {dag.py:3823} INFO - Setting next_dagrun for baseball_pipeline_v1 to 2026-04-21 00:00:00+00:00, run_after=2026-04-22 00:00:00+00:00
[2026-04-21T01:58:44.992+0000] {processor.py:183} INFO - Processing /opt/airflow/dags/baseball_etl.py took 0.476 seconds
[2026-04-21T01:59:15.040+0000] {processor.py:161} INFO - Started process (PID=3715034) to work on /opt/airflow/dags/baseball_etl.py
[2026-04-21T01:59:15.042+0000] {processor.py:830} INFO - Processing file /opt/airflow/dags/baseball_etl.py for tasks to queue
[2026-04-21T01:59:15.044+0000] {logging_mixin.py:188} INFO - [2026-04-21T01:59:15.044+0000] {dagbag.py:538} INFO - Filling up the DagBag from /opt/airflow/dags/baseball_etl.py
[2026-04-21T01:59:15.357+0000] {processor.py:840} INFO - DAG(s) 'baseball_pipeline_v1' retrieved from /opt/airflow/dags/baseball_etl.py
[2026-04-21T01:59:15.379+0000] {logging_mixin.py:188} INFO - [2026-04-21T01:59:15.379+0000] {dag.py:3036} INFO - Sync 1 DAGs
[2026-04-21T01:59:15.406+0000] {logging_mixin.py:188} INFO - [2026-04-21T01:59:15.405+0000] {dag.py:3823} INFO - Setting next_dagrun for baseball_pipeline_v1 to 2026-04-21 00:00:00+00:00, run_after=2026-04-22 00:00:00+00:00
[2026-04-21T01:59:15.423+0000] {processor.py:183} INFO - Processing /opt/airflow/dags/baseball_etl.py took 0.388 seconds
[2026-04-21T01:59:46.229+0000] {processor.py:161} INFO - Started process (PID=3715091) to work on /opt/airflow/dags/baseball_etl.py
[2026-04-21T01:59:46.231+0000] {processor.py:830} INFO - Processing file /opt/airflow/dags/baseball_etl.py for tasks to queue
[2026-04-21T01:59:46.233+0000] {logging_mixin.py:188} INFO - [2026-04-21T01:59:46.233+0000] {dagbag.py:538} INFO - Filling up the DagBag from /opt/airflow/dags/baseball_etl.py
[2026-04-21T01:59:46.561+0000] {processor.py:840} INFO - DAG(s) 'baseball_pipeline_v1' retrieved from /opt/airflow/dags/baseball_etl.py
[2026-04-21T01:59:46.588+0000] {logging_mixin.py:188} INFO - [2026-04-21T01:59:46.587+0000] {dag.py:3036} INFO - Sync 1 DAGs
[2026-04-21T01:59:46.851+0000] {logging_mixin.py:188} INFO - [2026-04-21T01:59:46.851+0000] {dag.py:3823} INFO - Setting next_dagrun for baseball_pipeline_v1 to 2026-04-21 00:00:00+00:00, run_after=2026-04-22 00:00:00+00:00
[2026-04-21T01:59:46.869+0000] {processor.py:183} INFO - Processing /opt/airflow/dags/baseball_etl.py took 0.645 seconds
[2026-04-21T02:00:17.426+0000] {processor.py:161} INFO - Started process (PID=3715148) to work on /opt/airflow/dags/baseball_etl.py
[2026-04-21T02:00:17.428+0000] {processor.py:830} INFO - Processing file /opt/airflow/dags/baseball_etl.py for tasks to queue
[2026-04-21T02:00:17.430+0000] {logging_mixin.py:188} INFO - [2026-04-21T02:00:17.430+0000] {dagbag.py:538} INFO - Filling up the DagBag from /opt/airflow/dags/baseball_etl.py
[2026-04-21T02:00:17.751+0000] {processor.py:840} INFO - DAG(s) 'baseball_pipeline_v1' retrieved from /opt/airflow/dags/baseball_etl.py
[2026-04-21T02:00:17.771+0000] {logging_mixin.py:188} INFO - [2026-04-21T02:00:17.771+0000] {dag.py:3036} INFO - Sync 1 DAGs
[2026-04-21T02:00:17.797+0000] {logging_mixin.py:188} INFO - [2026-04-21T02:00:17.796+0000] {dag.py:3823} INFO - Setting next_dagrun for baseball_pipeline_v1 to 2026-04-21 00:00:00+00:00, run_after=2026-04-22 00:00:00+00:00
[2026-04-21T02:00:17.816+0000] {processor.py:183} INFO - Processing /opt/airflow/dags/baseball_etl.py took 0.394 seconds
[2026-04-21T02:00:48.692+0000] {processor.py:161} INFO - Started process (PID=3715205) to work on /opt/airflow/dags/baseball_etl.py
[2026-04-21T02:00:48.694+0000] {processor.py:830} INFO - Processing file /opt/airflow/dags/baseball_etl.py for tasks to queue
[2026-04-21T02:00:48.696+0000] {logging_mixin.py:188} INFO - [2026-04-21T02:00:48.696+0000] {dagbag.py:538} INFO - Filling up the DagBag from /opt/airflow/dags/baseball_etl.py
[2026-04-21T02:00:49.020+0000] {processor.py:840} INFO - DAG(s) 'baseball_pipeline_v1' retrieved from /opt/airflow/dags/baseball_etl.py
[2026-04-21T02:00:49.041+0000] {logging_mixin.py:188} INFO - [2026-04-21T02:00:49.040+0000] {dag.py:3036} INFO - Sync 1 DAGs
[2026-04-21T02:00:49.066+0000] {logging_mixin.py:188} INFO - [2026-04-21T02:00:49.066+0000] {dag.py:3823} INFO - Setting next_dagrun for baseball_pipeline_v1 to 2026-04-21 00:00:00+00:00, run_after=2026-04-22 00:00:00+00:00
[2026-04-21T02:00:49.087+0000] {processor.py:183} INFO - Processing /opt/airflow/dags/baseball_etl.py took 0.400 seconds
[2026-04-21T02:01:19.852+0000] {processor.py:161} INFO - Started process (PID=3715262) to work on /opt/airflow/dags/baseball_etl.py
[2026-04-21T02:01:19.854+0000] {processor.py:830} INFO - Processing file /opt/airflow/dags/baseball_etl.py for tasks to queue
[2026-04-21T02:01:19.856+0000] {logging_mixin.py:188} INFO - [2026-04-21T02:01:19.856+0000] {dagbag.py:538} INFO - Filling up the DagBag from /opt/airflow/dags/baseball_etl.py
[2026-04-21T02:01:20.178+0000] {processor.py:840} INFO - DAG(s) 'baseball_pipeline_v1' retrieved from /opt/airflow/dags/baseball_etl.py
[2026-04-21T02:01:20.203+0000] {logging_mixin.py:188} INFO - [2026-04-21T02:01:20.202+0000] {dag.py:3036} INFO - Sync 1 DAGs
[2026-04-21T02:01:20.230+0000] {logging_mixin.py:188} INFO - [2026-04-21T02:01:20.229+0000] {dag.py:3823} INFO - Setting next_dagrun for baseball_pipeline_v1 to 2026-04-21 00:00:00+00:00, run_after=2026-04-22 00:00:00+00:00
[2026-04-21T02:01:20.248+0000] {processor.py:183} INFO - Processing /opt/airflow/dags/baseball_etl.py took 0.401 seconds
[2026-04-21T02:01:50.626+0000] {processor.py:161} INFO - Started process (PID=3715321) to work on /opt/airflow/dags/baseball_etl.py
[2026-04-21T02:01:50.628+0000] {processor.py:830} INFO - Processing file /opt/airflow/dags/baseball_etl.py for tasks to queue
[2026-04-21T02:01:50.630+0000] {logging_mixin.py:188} INFO - [2026-04-21T02:01:50.630+0000] {dagbag.py:538} INFO - Filling up the DagBag from /opt/airflow/dags/baseball_etl.py
[2026-04-21T02:01:50.973+0000] {processor.py:840} INFO - DAG(s) 'baseball_pipeline_v1' retrieved from /opt/airflow/dags/baseball_etl.py
[2026-04-21T02:01:50.995+0000] {logging_mixin.py:188} INFO - [2026-04-21T02:01:50.994+0000] {dag.py:3036} INFO - Sync 1 DAGs
[2026-04-21T02:01:51.022+0000] {logging_mixin.py:188} INFO - [2026-04-21T02:01:51.021+0000] {dag.py:3823} INFO - Setting next_dagrun for baseball_pipeline_v1 to 2026-04-21 00:00:00+00:00, run_after=2026-04-22 00:00:00+00:00
[2026-04-21T02:01:51.040+0000] {processor.py:183} INFO - Processing /opt/airflow/dags/baseball_etl.py took 0.419 seconds
[2026-04-21T02:02:21.399+0000] {processor.py:161} INFO - Started process (PID=3715376) to work on /opt/airflow/dags/baseball_etl.py
[2026-04-21T02:02:21.401+0000] {processor.py:830} INFO - Processing file /opt/airflow/dags/baseball_etl.py for tasks to queue
[2026-04-21T02:02:21.404+0000] {logging_mixin.py:188} INFO - [2026-04-21T02:02:21.403+0000] {dagbag.py:538} INFO - Filling up the DagBag from /opt/airflow/dags/baseball_etl.py
[2026-04-21T02:02:21.721+0000] {processor.py:840} INFO - DAG(s) 'baseball_pipeline_v1' retrieved from /opt/airflow/dags/baseball_etl.py
[2026-04-21T02:02:21.744+0000] {logging_mixin.py:188} INFO - [2026-04-21T02:02:21.744+0000] {dag.py:3036} INFO - Sync 1 DAGs
[2026-04-21T02:02:21.771+0000] {logging_mixin.py:188} INFO - [2026-04-21T02:02:21.771+0000] {dag.py:3823} INFO - Setting next_dagrun for baseball_pipeline_v1 to 2026-04-21 00:00:00+00:00, run_after=2026-04-22 00:00:00+00:00
[2026-04-21T02:02:21.790+0000] {processor.py:183} INFO - Processing /opt/airflow/dags/baseball_etl.py took 0.395 seconds
[2026-04-21T02:02:52.608+0000] {processor.py:161} INFO - Started process (PID=3715433) to work on /opt/airflow/dags/baseball_etl.py
[2026-04-21T02:02:52.610+0000] {processor.py:830} INFO - Processing file /opt/airflow/dags/baseball_etl.py for tasks to queue
[2026-04-21T02:02:52.612+0000] {logging_mixin.py:188} INFO - [2026-04-21T02:02:52.612+0000] {dagbag.py:538} INFO - Filling up the DagBag from /opt/airflow/dags/baseball_etl.py
[2026-04-21T02:02:52.934+0000] {processor.py:840} INFO - DAG(s) 'baseball_pipeline_v1' retrieved from /opt/airflow/dags/baseball_etl.py
[2026-04-21T02:02:53.163+0000] {logging_mixin.py:188} INFO - [2026-04-21T02:02:53.163+0000] {dag.py:3036} INFO - Sync 1 DAGs
[2026-04-21T02:02:53.188+0000] {logging_mixin.py:188} INFO - [2026-04-21T02:02:53.188+0000] {dag.py:3823} INFO - Setting next_dagrun for baseball_pipeline_v1 to 2026-04-21 00:00:00+00:00, run_after=2026-04-22 00:00:00+00:00
[2026-04-21T02:02:53.205+0000] {processor.py:183} INFO - Processing /opt/airflow/dags/baseball_etl.py took 0.602 seconds
[2026-04-21T02:03:23.984+0000] {processor.py:161} INFO - Started process (PID=3715492) to work on /opt/airflow/dags/baseball_etl.py
[2026-04-21T02:03:23.986+0000] {processor.py:830} INFO - Processing file /opt/airflow/dags/baseball_etl.py for tasks to queue
[2026-04-21T02:03:23.989+0000] {logging_mixin.py:188} INFO - [2026-04-21T02:03:23.988+0000] {dagbag.py:538} INFO - Filling up the DagBag from /opt/airflow/dags/baseball_etl.py
[2026-04-21T02:03:24.312+0000] {processor.py:840} INFO - DAG(s) 'baseball_pipeline_v1' retrieved from /opt/airflow/dags/baseball_etl.py
[2026-04-21T02:03:24.333+0000] {logging_mixin.py:188} INFO - [2026-04-21T02:03:24.332+0000] {dag.py:3036} INFO - Sync 1 DAGs
[2026-04-21T02:03:24.557+0000] {logging_mixin.py:188} INFO - [2026-04-21T02:03:24.557+0000] {dag.py:3823} INFO - Setting next_dagrun for baseball_pipeline_v1 to 2026-04-21 00:00:00+00:00, run_after=2026-04-22 00:00:00+00:00
[2026-04-21T02:03:24.574+0000] {processor.py:183} INFO - Processing /opt/airflow/dags/baseball_etl.py took 0.595 seconds
[2026-04-21T02:03:55.432+0000] {processor.py:161} INFO - Started process (PID=3715553) to work on /opt/airflow/dags/baseball_etl.py
[2026-04-21T02:03:55.434+0000] {processor.py:830} INFO - Processing file /opt/airflow/dags/baseball_etl.py for tasks to queue
[2026-04-21T02:03:55.437+0000] {logging_mixin.py:188} INFO - [2026-04-21T02:03:55.436+0000] {dagbag.py:538} INFO - Filling up the DagBag from /opt/airflow/dags/baseball_etl.py
[2026-04-21T02:03:55.754+0000] {processor.py:840} INFO - DAG(s) 'baseball_pipeline_v1' retrieved from /opt/airflow/dags/baseball_etl.py
[2026-04-21T02:03:55.776+0000] {logging_mixin.py:188} INFO - [2026-04-21T02:03:55.775+0000] {dag.py:3036} INFO - Sync 1 DAGs
[2026-04-21T02:03:56.024+0000] {logging_mixin.py:188} INFO - [2026-04-21T02:03:56.024+0000] {dag.py:3823} INFO - Setting next_dagrun for baseball_pipeline_v1 to 2026-04-21 00:00:00+00:00, run_after=2026-04-22 00:00:00+00:00
[2026-04-21T02:03:56.043+0000] {processor.py:183} INFO - Processing /opt/airflow/dags/baseball_etl.py took 0.615 seconds
[2026-04-21T02:04:26.917+0000] {processor.py:161} INFO - Started process (PID=3715614) to work on /opt/airflow/dags/baseball_etl.py
[2026-04-21T02:04:26.919+0000] {processor.py:830} INFO - Processing file /opt/airflow/dags/baseball_etl.py for tasks to queue
[2026-04-21T02:04:26.921+0000] {logging_mixin.py:188} INFO - [2026-04-21T02:04:26.921+0000] {dagbag.py:538} INFO - Filling up the DagBag from /opt/airflow/dags/baseball_etl.py
[2026-04-21T02:04:27.242+0000] {processor.py:840} INFO - DAG(s) 'baseball_pipeline_v1' retrieved from /opt/airflow/dags/baseball_etl.py
[2026-04-21T02:04:27.264+0000] {logging_mixin.py:188} INFO - [2026-04-21T02:04:27.263+0000] {dag.py:3036} INFO - Sync 1 DAGs
[2026-04-21T02:04:27.504+0000] {logging_mixin.py:188} INFO - [2026-04-21T02:04:27.504+0000] {dag.py:3823} INFO - Setting next_dagrun for baseball_pipeline_v1 to 2026-04-21 00:00:00+00:00, run_after=2026-04-22 00:00:00+00:00
[2026-04-21T02:04:27.523+0000] {processor.py:183} INFO - Processing /opt/airflow/dags/baseball_etl.py took 0.610 seconds
[2026-04-21T02:04:57.561+0000] {processor.py:161} INFO - Started process (PID=3715675) to work on /opt/airflow/dags/baseball_etl.py
[2026-04-21T02:04:57.563+0000] {processor.py:830} INFO - Processing file /opt/airflow/dags/baseball_etl.py for tasks to queue
[2026-04-21T02:04:57.566+0000] {logging_mixin.py:188} INFO - [2026-04-21T02:04:57.565+0000] {dagbag.py:538} INFO - Filling up the DagBag from /opt/airflow/dags/baseball_etl.py
[2026-04-21T02:04:58.108+0000] {processor.py:840} INFO - DAG(s) 'baseball_pipeline_v1' retrieved from /opt/airflow/dags/baseball_etl.py
[2026-04-21T02:04:58.126+0000] {logging_mixin.py:188} INFO - [2026-04-21T02:04:58.125+0000] {dag.py:3036} INFO - Sync 1 DAGs
[2026-04-21T02:04:58.149+0000] {logging_mixin.py:188} INFO - [2026-04-21T02:04:58.149+0000] {dag.py:3823} INFO - Setting next_dagrun for baseball_pipeline_v1 to 2026-04-21 00:00:00+00:00, run_after=2026-04-22 00:00:00+00:00
[2026-04-21T02:04:58.165+0000] {processor.py:183} INFO - Processing /opt/airflow/dags/baseball_etl.py took 0.609 seconds
[2026-04-21T02:05:28.804+0000] {processor.py:161} INFO - Started process (PID=3715734) to work on /opt/airflow/dags/baseball_etl.py
[2026-04-21T02:05:28.807+0000] {processor.py:830} INFO - Processing file /opt/airflow/dags/baseball_etl.py for tasks to queue
[2026-04-21T02:05:28.809+0000] {logging_mixin.py:188} INFO - [2026-04-21T02:05:28.809+0000] {dagbag.py:538} INFO - Filling up the DagBag from /opt/airflow/dags/baseball_etl.py
[2026-04-21T02:05:29.329+0000] {processor.py:840} INFO - DAG(s) 'baseball_pipeline_v1' retrieved from /opt/airflow/dags/baseball_etl.py
[2026-04-21T02:05:29.349+0000] {logging_mixin.py:188} INFO - [2026-04-21T02:05:29.348+0000] {dag.py:3036} INFO - Sync 1 DAGs
[2026-04-21T02:05:29.372+0000] {logging_mixin.py:188} INFO - [2026-04-21T02:05:29.372+0000] {dag.py:3823} INFO - Setting next_dagrun for baseball_pipeline_v1 to 2026-04-21 00:00:00+00:00, run_after=2026-04-22 00:00:00+00:00
[2026-04-21T02:05:29.389+0000] {processor.py:183} INFO - Processing /opt/airflow/dags/baseball_etl.py took 0.590 seconds
[2026-04-21T02:06:00.172+0000] {processor.py:161} INFO - Started process (PID=3715793) to work on /opt/airflow/dags/baseball_etl.py
[2026-04-21T02:06:00.175+0000] {processor.py:830} INFO - Processing file /opt/airflow/dags/baseball_etl.py for tasks to queue
[2026-04-21T02:06:00.177+0000] {logging_mixin.py:188} INFO - [2026-04-21T02:06:00.177+0000] {dagbag.py:538} INFO - Filling up the DagBag from /opt/airflow/dags/baseball_etl.py
[2026-04-21T02:06:00.531+0000] {processor.py:840} INFO - DAG(s) 'baseball_pipeline_v1' retrieved from /opt/airflow/dags/baseball_etl.py
[2026-04-21T02:06:00.554+0000] {logging_mixin.py:188} INFO - [2026-04-21T02:06:00.553+0000] {dag.py:3036} INFO - Sync 1 DAGs
[2026-04-21T02:06:00.823+0000] {logging_mixin.py:188} INFO - [2026-04-21T02:06:00.823+0000] {dag.py:3823} INFO - Setting next_dagrun for baseball_pipeline_v1 to 2026-04-21 00:00:00+00:00, run_after=2026-04-22 00:00:00+00:00
[2026-04-21T02:06:00.842+0000] {processor.py:183} INFO - Processing /opt/airflow/dags/baseball_etl.py took 0.674 seconds
[2026-04-21T02:06:31.393+0000] {processor.py:161} INFO - Started process (PID=3715850) to work on /opt/airflow/dags/baseball_etl.py
[2026-04-21T02:06:31.395+0000] {processor.py:830} INFO - Processing file /opt/airflow/dags/baseball_etl.py for tasks to queue
[2026-04-21T02:06:31.398+0000] {logging_mixin.py:188} INFO - [2026-04-21T02:06:31.397+0000] {dagbag.py:538} INFO - Filling up the DagBag from /opt/airflow/dags/baseball_etl.py
[2026-04-21T02:06:31.923+0000] {processor.py:840} INFO - DAG(s) 'baseball_pipeline_v1' retrieved from /opt/airflow/dags/baseball_etl.py
[2026-04-21T02:06:31.941+0000] {logging_mixin.py:188} INFO - [2026-04-21T02:06:31.940+0000] {dag.py:3036} INFO - Sync 1 DAGs
[2026-04-21T02:06:31.965+0000] {logging_mixin.py:188} INFO - [2026-04-21T02:06:31.964+0000] {dag.py:3823} INFO - Setting next_dagrun for baseball_pipeline_v1 to 2026-04-21 00:00:00+00:00, run_after=2026-04-22 00:00:00+00:00
[2026-04-21T02:06:31.981+0000] {processor.py:183} INFO - Processing /opt/airflow/dags/baseball_etl.py took 0.593 seconds
[2026-04-21T02:07:02.094+0000] {processor.py:161} INFO - Started process (PID=3715909) to work on /opt/airflow/dags/baseball_etl.py
[2026-04-21T02:07:02.096+0000] {processor.py:830} INFO - Processing file /opt/airflow/dags/baseball_etl.py for tasks to queue
[2026-04-21T02:07:02.098+0000] {logging_mixin.py:188} INFO - [2026-04-21T02:07:02.098+0000] {dagbag.py:538} INFO - Filling up the DagBag from /opt/airflow/dags/baseball_etl.py
[2026-04-21T02:07:02.642+0000] {processor.py:840} INFO - DAG(s) 'baseball_pipeline_v1' retrieved from /opt/airflow/dags/baseball_etl.py
[2026-04-21T02:07:02.661+0000] {logging_mixin.py:188} INFO - [2026-04-21T02:07:02.660+0000] {dag.py:3036} INFO - Sync 1 DAGs
[2026-04-21T02:07:02.684+0000] {logging_mixin.py:188} INFO - [2026-04-21T02:07:02.684+0000] {dag.py:3823} INFO - Setting next_dagrun for baseball_pipeline_v1 to 2026-04-21 00:00:00+00:00, run_after=2026-04-22 00:00:00+00:00
[2026-04-21T02:07:02.704+0000] {processor.py:183} INFO - Processing /opt/airflow/dags/baseball_etl.py took 0.614 seconds
[2026-04-21T02:07:32.840+0000] {processor.py:161} INFO - Started process (PID=3715964) to work on /opt/airflow/dags/baseball_etl.py
[2026-04-21T02:07:32.842+0000] {processor.py:830} INFO - Processing file /opt/airflow/dags/baseball_etl.py for tasks to queue
[2026-04-21T02:07:32.845+0000] {logging_mixin.py:188} INFO - [2026-04-21T02:07:32.844+0000] {dagbag.py:538} INFO - Filling up the DagBag from /opt/airflow/dags/baseball_etl.py
[2026-04-21T02:07:33.348+0000] {processor.py:840} INFO - DAG(s) 'baseball_pipeline_v1' retrieved from /opt/airflow/dags/baseball_etl.py
[2026-04-21T02:07:33.366+0000] {logging_mixin.py:188} INFO - [2026-04-21T02:07:33.366+0000] {dag.py:3036} INFO - Sync 1 DAGs
[2026-04-21T02:07:33.389+0000] {logging_mixin.py:188} INFO - [2026-04-21T02:07:33.389+0000] {dag.py:3823} INFO - Setting next_dagrun for baseball_pipeline_v1 to 2026-04-21 00:00:00+00:00, run_after=2026-04-22 00:00:00+00:00
[2026-04-21T02:07:33.411+0000] {processor.py:183} INFO - Processing /opt/airflow/dags/baseball_etl.py took 0.576 seconds
[2026-04-21T02:08:04.123+0000] {processor.py:161} INFO - Started process (PID=3716022) to work on /opt/airflow/dags/baseball_etl.py
[2026-04-21T02:08:04.125+0000] {processor.py:830} INFO - Processing file /opt/airflow/dags/baseball_etl.py for tasks to queue
[2026-04-21T02:08:04.128+0000] {logging_mixin.py:188} INFO - [2026-04-21T02:08:04.127+0000] {dagbag.py:538} INFO - Filling up the DagBag from /opt/airflow/dags/baseball_etl.py
[2026-04-21T02:08:04.682+0000] {processor.py:840} INFO - DAG(s) 'baseball_pipeline_v1' retrieved from /opt/airflow/dags/baseball_etl.py
[2026-04-21T02:08:04.702+0000] {logging_mixin.py:188} INFO - [2026-04-21T02:08:04.701+0000] {dag.py:3036} INFO - Sync 1 DAGs
[2026-04-21T02:08:04.725+0000] {logging_mixin.py:188} INFO - [2026-04-21T02:08:04.725+0000] {dag.py:3823} INFO - Setting next_dagrun for baseball_pipeline_v1 to 2026-04-21 00:00:00+00:00, run_after=2026-04-22 00:00:00+00:00
[2026-04-21T02:08:04.742+0000] {processor.py:183} INFO - Processing /opt/airflow/dags/baseball_etl.py took 0.624 seconds
[2026-04-21T02:08:34.865+0000] {processor.py:161} INFO - Started process (PID=3716080) to work on /opt/airflow/dags/baseball_etl.py
[2026-04-21T02:08:34.867+0000] {processor.py:830} INFO - Processing file /opt/airflow/dags/baseball_etl.py for tasks to queue
[2026-04-21T02:08:34.870+0000] {logging_mixin.py:188} INFO - [2026-04-21T02:08:34.869+0000] {dagbag.py:538} INFO - Filling up the DagBag from /opt/airflow/dags/baseball_etl.py
[2026-04-21T02:08:35.401+0000] {processor.py:840} INFO - DAG(s) 'baseball_pipeline_v1' retrieved from /opt/airflow/dags/baseball_etl.py
[2026-04-21T02:08:35.421+0000] {logging_mixin.py:188} INFO - [2026-04-21T02:08:35.421+0000] {dag.py:3036} INFO - Sync 1 DAGs
[2026-04-21T02:08:35.446+0000] {logging_mixin.py:188} INFO - [2026-04-21T02:08:35.446+0000] {dag.py:3823} INFO - Setting next_dagrun for baseball_pipeline_v1 to 2026-04-21 00:00:00+00:00, run_after=2026-04-22 00:00:00+00:00
[2026-04-21T02:08:35.465+0000] {processor.py:183} INFO - Processing /opt/airflow/dags/baseball_etl.py took 0.604 seconds
[2026-04-21T02:09:05.890+0000] {processor.py:161} INFO - Started process (PID=3716137) to work on /opt/airflow/dags/baseball_etl.py
[2026-04-21T02:09:05.891+0000] {processor.py:830} INFO - Processing file /opt/airflow/dags/baseball_etl.py for tasks to queue
[2026-04-21T02:09:05.894+0000] {logging_mixin.py:188} INFO - [2026-04-21T02:09:05.893+0000] {dagbag.py:538} INFO - Filling up the DagBag from /opt/airflow/dags/baseball_etl.py
[2026-04-21T02:09:06.465+0000] {processor.py:840} INFO - DAG(s) 'baseball_pipeline_v1' retrieved from /opt/airflow/dags/baseball_etl.py
[2026-04-21T02:09:06.483+0000] {logging_mixin.py:188} INFO - [2026-04-21T02:09:06.482+0000] {dag.py:3036} INFO - Sync 1 DAGs
[2026-04-21T02:09:06.507+0000] {logging_mixin.py:188} INFO - [2026-04-21T02:09:06.507+0000] {dag.py:3823} INFO - Setting next_dagrun for baseball_pipeline_v1 to 2026-04-21 00:00:00+00:00, run_after=2026-04-22 00:00:00+00:00
[2026-04-21T02:09:06.524+0000] {processor.py:183} INFO - Processing /opt/airflow/dags/baseball_etl.py took 0.639 seconds
[2026-04-21T02:09:36.585+0000] {processor.py:161} INFO - Started process (PID=3716199) to work on /opt/airflow/dags/baseball_etl.py
[2026-04-21T02:09:36.587+0000] {processor.py:830} INFO - Processing file /opt/airflow/dags/baseball_etl.py for tasks to queue
[2026-04-21T02:09:36.589+0000] {logging_mixin.py:188} INFO - [2026-04-21T02:09:36.589+0000] {dagbag.py:538} INFO - Filling up the DagBag from /opt/airflow/dags/baseball_etl.py
[2026-04-21T02:09:37.120+0000] {processor.py:840} INFO - DAG(s) 'baseball_pipeline_v1' retrieved from /opt/airflow/dags/baseball_etl.py
[2026-04-21T02:09:37.138+0000] {logging_mixin.py:188} INFO - [2026-04-21T02:09:37.137+0000] {dag.py:3036} INFO - Sync 1 DAGs
[2026-04-21T02:09:37.161+0000] {logging_mixin.py:188} INFO - [2026-04-21T02:09:37.160+0000] {dag.py:3823} INFO - Setting next_dagrun for baseball_pipeline_v1 to 2026-04-21 00:00:00+00:00, run_after=2026-04-22 00:00:00+00:00
[2026-04-21T02:09:37.178+0000] {processor.py:183} INFO - Processing /opt/airflow/dags/baseball_etl.py took 0.599 seconds
[2026-04-21T02:10:07.732+0000] {processor.py:161} INFO - Started process (PID=3716256) to work on /opt/airflow/dags/baseball_etl.py
[2026-04-21T02:10:07.734+0000] {processor.py:830} INFO - Processing file /opt/airflow/dags/baseball_etl.py for tasks to queue
[2026-04-21T02:10:07.736+0000] {logging_mixin.py:188} INFO - [2026-04-21T02:10:07.736+0000] {dagbag.py:538} INFO - Filling up the DagBag from /opt/airflow/dags/baseball_etl.py
[2026-04-21T02:10:08.276+0000] {processor.py:840} INFO - DAG(s) 'baseball_pipeline_v1' retrieved from /opt/airflow/dags/baseball_etl.py
[2026-04-21T02:10:08.296+0000] {logging_mixin.py:188} INFO - [2026-04-21T02:10:08.295+0000] {dag.py:3036} INFO - Sync 1 DAGs
[2026-04-21T02:10:08.320+0000] {logging_mixin.py:188} INFO - [2026-04-21T02:10:08.320+0000] {dag.py:3823} INFO - Setting next_dagrun for baseball_pipeline_v1 to 2026-04-21 00:00:00+00:00, run_after=2026-04-22 00:00:00+00:00
[2026-04-21T02:10:08.337+0000] {processor.py:183} INFO - Processing /opt/airflow/dags/baseball_etl.py took 0.610 seconds
[2026-04-21T02:10:39.006+0000] {processor.py:161} INFO - Started process (PID=3716313) to work on /opt/airflow/dags/baseball_etl.py
[2026-04-21T02:10:39.007+0000] {processor.py:830} INFO - Processing file /opt/airflow/dags/baseball_etl.py for tasks to queue
[2026-04-21T02:10:39.010+0000] {logging_mixin.py:188} INFO - [2026-04-21T02:10:39.009+0000] {dagbag.py:538} INFO - Filling up the DagBag from /opt/airflow/dags/baseball_etl.py
[2026-04-21T02:10:39.545+0000] {processor.py:840} INFO - DAG(s) 'baseball_pipeline_v1' retrieved from /opt/airflow/dags/baseball_etl.py
[2026-04-21T02:10:39.562+0000] {logging_mixin.py:188} INFO - [2026-04-21T02:10:39.561+0000] {dag.py:3036} INFO - Sync 1 DAGs
[2026-04-21T02:10:39.589+0000] {logging_mixin.py:188} INFO - [2026-04-21T02:10:39.589+0000] {dag.py:3823} INFO - Setting next_dagrun for baseball_pipeline_v1 to 2026-04-21 00:00:00+00:00, run_after=2026-04-22 00:00:00+00:00
[2026-04-21T02:10:39.606+0000] {processor.py:183} INFO - Processing /opt/airflow/dags/baseball_etl.py took 0.605 seconds
[2026-04-21T02:11:10.278+0000] {processor.py:161} INFO - Started process (PID=3716370) to work on /opt/airflow/dags/baseball_etl.py
[2026-04-21T02:11:10.280+0000] {processor.py:830} INFO - Processing file /opt/airflow/dags/baseball_etl.py for tasks to queue
[2026-04-21T02:11:10.282+0000] {logging_mixin.py:188} INFO - [2026-04-21T02:11:10.282+0000] {dagbag.py:538} INFO - Filling up the DagBag from /opt/airflow/dags/baseball_etl.py
[2026-04-21T02:11:10.797+0000] {processor.py:840} INFO - DAG(s) 'baseball_pipeline_v1' retrieved from /opt/airflow/dags/baseball_etl.py
[2026-04-21T02:11:10.817+0000] {logging_mixin.py:188} INFO - [2026-04-21T02:11:10.816+0000] {dag.py:3036} INFO - Sync 1 DAGs
[2026-04-21T02:11:10.840+0000] {logging_mixin.py:188} INFO - [2026-04-21T02:11:10.840+0000] {dag.py:3823} INFO - Setting next_dagrun for baseball_pipeline_v1 to 2026-04-21 00:00:00+00:00, run_after=2026-04-22 00:00:00+00:00
[2026-04-21T02:11:10.857+0000] {processor.py:183} INFO - Processing /opt/airflow/dags/baseball_etl.py took 0.585 seconds
[2026-04-21T02:11:41.567+0000] {processor.py:161} INFO - Started process (PID=3716427) to work on /opt/airflow/dags/baseball_etl.py
[2026-04-21T02:11:41.570+0000] {processor.py:830} INFO - Processing file /opt/airflow/dags/baseball_etl.py for tasks to queue
[2026-04-21T02:11:41.572+0000] {logging_mixin.py:188} INFO - [2026-04-21T02:11:41.572+0000] {dagbag.py:538} INFO - Filling up the DagBag from /opt/airflow/dags/baseball_etl.py
[2026-04-21T02:11:42.123+0000] {processor.py:840} INFO - DAG(s) 'baseball_pipeline_v1' retrieved from /opt/airflow/dags/baseball_etl.py
[2026-04-21T02:11:42.141+0000] {logging_mixin.py:188} INFO - [2026-04-21T02:11:42.141+0000] {dag.py:3036} INFO - Sync 1 DAGs
[2026-04-21T02:11:42.167+0000] {logging_mixin.py:188} INFO - [2026-04-21T02:11:42.167+0000] {dag.py:3823} INFO - Setting next_dagrun for baseball_pipeline_v1 to 2026-04-21 00:00:00+00:00, run_after=2026-04-22 00:00:00+00:00
[2026-04-21T02:11:42.186+0000] {processor.py:183} INFO - Processing /opt/airflow/dags/baseball_etl.py took 0.623 seconds
[2026-04-21T02:12:12.939+0000] {processor.py:161} INFO - Started process (PID=3716491) to work on /opt/airflow/dags/baseball_etl.py
[2026-04-21T02:12:12.941+0000] {processor.py:830} INFO - Processing file /opt/airflow/dags/baseball_etl.py for tasks to queue
[2026-04-21T02:12:12.944+0000] {logging_mixin.py:188} INFO - [2026-04-21T02:12:12.944+0000] {dagbag.py:538} INFO - Filling up the DagBag from /opt/airflow/dags/baseball_etl.py
[2026-04-21T02:12:13.488+0000] {processor.py:840} INFO - DAG(s) 'baseball_pipeline_v1' retrieved from /opt/airflow/dags/baseball_etl.py
[2026-04-21T02:12:13.507+0000] {logging_mixin.py:188} INFO - [2026-04-21T02:12:13.506+0000] {dag.py:3036} INFO - Sync 1 DAGs
[2026-04-21T02:12:13.532+0000] {logging_mixin.py:188} INFO - [2026-04-21T02:12:13.531+0000] {dag.py:3823} INFO - Setting next_dagrun for baseball_pipeline_v1 to 2026-04-21 00:00:00+00:00, run_after=2026-04-22 00:00:00+00:00
[2026-04-21T02:12:13.549+0000] {processor.py:183} INFO - Processing /opt/airflow/dags/baseball_etl.py took 0.616 seconds
[2026-04-21T02:12:44.221+0000] {processor.py:161} INFO - Started process (PID=3716548) to work on /opt/airflow/dags/baseball_etl.py
[2026-04-21T02:12:44.223+0000] {processor.py:830} INFO - Processing file /opt/airflow/dags/baseball_etl.py for tasks to queue
[2026-04-21T02:12:44.225+0000] {logging_mixin.py:188} INFO - [2026-04-21T02:12:44.225+0000] {dagbag.py:538} INFO - Filling up the DagBag from /opt/airflow/dags/baseball_etl.py
[2026-04-21T02:12:44.772+0000] {processor.py:840} INFO - DAG(s) 'baseball_pipeline_v1' retrieved from /opt/airflow/dags/baseball_etl.py
[2026-04-21T02:12:44.804+0000] {logging_mixin.py:188} INFO - [2026-04-21T02:12:44.804+0000] {dag.py:3036} INFO - Sync 1 DAGs
[2026-04-21T02:12:44.828+0000] {logging_mixin.py:188} INFO - [2026-04-21T02:12:44.827+0000] {dag.py:3823} INFO - Setting next_dagrun for baseball_pipeline_v1 to 2026-04-21 00:00:00+00:00, run_after=2026-04-22 00:00:00+00:00
[2026-04-21T02:12:44.846+0000] {processor.py:183} INFO - Processing /opt/airflow/dags/baseball_etl.py took 0.630 seconds
[2026-04-21T02:13:15.765+0000] {processor.py:161} INFO - Started process (PID=3716609) to work on /opt/airflow/dags/baseball_etl.py
[2026-04-21T02:13:15.767+0000] {processor.py:830} INFO - Processing file /opt/airflow/dags/baseball_etl.py for tasks to queue
[2026-04-21T02:13:15.770+0000] {logging_mixin.py:188} INFO - [2026-04-21T02:13:15.769+0000] {dagbag.py:538} INFO - Filling up the DagBag from /opt/airflow/dags/baseball_etl.py
[2026-04-21T02:13:16.320+0000] {processor.py:840} INFO - DAG(s) 'baseball_pipeline_v1' retrieved from /opt/airflow/dags/baseball_etl.py
[2026-04-21T02:13:16.339+0000] {logging_mixin.py:188} INFO - [2026-04-21T02:13:16.338+0000] {dag.py:3036} INFO - Sync 1 DAGs
[2026-04-21T02:13:16.362+0000] {logging_mixin.py:188} INFO - [2026-04-21T02:13:16.362+0000] {dag.py:3823} INFO - Setting next_dagrun for baseball_pipeline_v1 to 2026-04-21 00:00:00+00:00, run_after=2026-04-22 00:00:00+00:00
[2026-04-21T02:13:16.384+0000] {processor.py:183} INFO - Processing /opt/airflow/dags/baseball_etl.py took 0.624 seconds
[2026-04-21T02:13:47.269+0000] {processor.py:161} INFO - Started process (PID=3716670) to work on /opt/airflow/dags/baseball_etl.py
[2026-04-21T02:13:47.271+0000] {processor.py:830} INFO - Processing file /opt/airflow/dags/baseball_etl.py for tasks to queue
[2026-04-21T02:13:47.273+0000] {logging_mixin.py:188} INFO - [2026-04-21T02:13:47.273+0000] {dagbag.py:538} INFO - Filling up the DagBag from /opt/airflow/dags/baseball_etl.py
[2026-04-21T02:13:47.822+0000] {processor.py:840} INFO - DAG(s) 'baseball_pipeline_v1' retrieved from /opt/airflow/dags/baseball_etl.py
[2026-04-21T02:13:47.842+0000] {logging_mixin.py:188} INFO - [2026-04-21T02:13:47.842+0000] {dag.py:3036} INFO - Sync 1 DAGs
[2026-04-21T02:13:47.866+0000] {logging_mixin.py:188} INFO - [2026-04-21T02:13:47.866+0000] {dag.py:3823} INFO - Setting next_dagrun for baseball_pipeline_v1 to 2026-04-21 00:00:00+00:00, run_after=2026-04-22 00:00:00+00:00
[2026-04-21T02:13:47.883+0000] {processor.py:183} INFO - Processing /opt/airflow/dags/baseball_etl.py took 0.619 seconds
[2026-04-21T02:14:18.602+0000] {processor.py:161} INFO - Started process (PID=3716727) to work on /opt/airflow/dags/baseball_etl.py
[2026-04-21T02:14:18.604+0000] {processor.py:830} INFO - Processing file /opt/airflow/dags/baseball_etl.py for tasks to queue
[2026-04-21T02:14:18.606+0000] {logging_mixin.py:188} INFO - [2026-04-21T02:14:18.606+0000] {dagbag.py:538} INFO - Filling up the DagBag from /opt/airflow/dags/baseball_etl.py
[2026-04-21T02:14:19.154+0000] {processor.py:840} INFO - DAG(s) 'baseball_pipeline_v1' retrieved from /opt/airflow/dags/baseball_etl.py
[2026-04-21T02:14:19.173+0000] {logging_mixin.py:188} INFO - [2026-04-21T02:14:19.173+0000] {dag.py:3036} INFO - Sync 1 DAGs
[2026-04-21T02:14:19.197+0000] {logging_mixin.py:188} INFO - [2026-04-21T02:14:19.197+0000] {dag.py:3823} INFO - Setting next_dagrun for baseball_pipeline_v1 to 2026-04-21 00:00:00+00:00, run_after=2026-04-22 00:00:00+00:00
[2026-04-21T02:14:19.214+0000] {processor.py:183} INFO - Processing /opt/airflow/dags/baseball_etl.py took 0.617 seconds
[2026-04-21T02:14:49.951+0000] {processor.py:161} INFO - Started process (PID=3716784) to work on /opt/airflow/dags/baseball_etl.py
[2026-04-21T02:14:49.954+0000] {processor.py:830} INFO - Processing file /opt/airflow/dags/baseball_etl.py for tasks to queue
[2026-04-21T02:14:49.956+0000] {logging_mixin.py:188} INFO - [2026-04-21T02:14:49.956+0000] {dagbag.py:538} INFO - Filling up the DagBag from /opt/airflow/dags/baseball_etl.py
[2026-04-21T02:14:50.510+0000] {processor.py:840} INFO - DAG(s) 'baseball_pipeline_v1' retrieved from /opt/airflow/dags/baseball_etl.py
[2026-04-21T02:14:50.529+0000] {logging_mixin.py:188} INFO - [2026-04-21T02:14:50.529+0000] {dag.py:3036} INFO - Sync 1 DAGs
[2026-04-21T02:14:50.553+0000] {logging_mixin.py:188} INFO - [2026-04-21T02:14:50.553+0000] {dag.py:3823} INFO - Setting next_dagrun for baseball_pipeline_v1 to 2026-04-21 00:00:00+00:00, run_after=2026-04-22 00:00:00+00:00
[2026-04-21T02:14:50.571+0000] {processor.py:183} INFO - Processing /opt/airflow/dags/baseball_etl.py took 0.625 seconds
[2026-04-21T02:15:21.416+0000] {processor.py:161} INFO - Started process (PID=3716842) to work on /opt/airflow/dags/baseball_etl.py
[2026-04-21T02:15:21.419+0000] {processor.py:830} INFO - Processing file /opt/airflow/dags/baseball_etl.py for tasks to queue
[2026-04-21T02:15:21.421+0000] {logging_mixin.py:188} INFO - [2026-04-21T02:15:21.421+0000] {dagbag.py:538} INFO - Filling up the DagBag from /opt/airflow/dags/baseball_etl.py
[2026-04-21T02:15:21.971+0000] {processor.py:840} INFO - DAG(s) 'baseball_pipeline_v1' retrieved from /opt/airflow/dags/baseball_etl.py
[2026-04-21T02:15:21.989+0000] {logging_mixin.py:188} INFO - [2026-04-21T02:15:21.988+0000] {dag.py:3036} INFO - Sync 1 DAGs
[2026-04-21T02:15:22.014+0000] {logging_mixin.py:188} INFO - [2026-04-21T02:15:22.013+0000] {dag.py:3823} INFO - Setting next_dagrun for baseball_pipeline_v1 to 2026-04-21 00:00:00+00:00, run_after=2026-04-22 00:00:00+00:00
[2026-04-21T02:15:22.031+0000] {processor.py:183} INFO - Processing /opt/airflow/dags/baseball_etl.py took 0.619 seconds
[2026-04-21T02:15:52.175+0000] {processor.py:161} INFO - Started process (PID=3716904) to work on /opt/airflow/dags/baseball_etl.py
[2026-04-21T02:15:52.177+0000] {processor.py:830} INFO - Processing file /opt/airflow/dags/baseball_etl.py for tasks to queue
[2026-04-21T02:15:52.179+0000] {logging_mixin.py:188} INFO - [2026-04-21T02:15:52.179+0000] {dagbag.py:538} INFO - Filling up the DagBag from /opt/airflow/dags/baseball_etl.py
[2026-04-21T02:15:52.696+0000] {processor.py:840} INFO - DAG(s) 'baseball_pipeline_v1' retrieved from /opt/airflow/dags/baseball_etl.py
[2026-04-21T02:15:52.713+0000] {logging_mixin.py:188} INFO - [2026-04-21T02:15:52.713+0000] {dag.py:3036} INFO - Sync 1 DAGs
[2026-04-21T02:15:52.737+0000] {logging_mixin.py:188} INFO - [2026-04-21T02:15:52.737+0000] {dag.py:3823} INFO - Setting next_dagrun for baseball_pipeline_v1 to 2026-04-21 00:00:00+00:00, run_after=2026-04-22 00:00:00+00:00
[2026-04-21T02:15:52.754+0000] {processor.py:183} INFO - Processing /opt/airflow/dags/baseball_etl.py took 0.584 seconds
[2026-04-21T02:16:23.208+0000] {processor.py:161} INFO - Started process (PID=3716961) to work on /opt/airflow/dags/baseball_etl.py
[2026-04-21T02:16:23.210+0000] {processor.py:830} INFO - Processing file /opt/airflow/dags/baseball_etl.py for tasks to queue
[2026-04-21T02:16:23.212+0000] {logging_mixin.py:188} INFO - [2026-04-21T02:16:23.212+0000] {dagbag.py:538} INFO - Filling up the DagBag from /opt/airflow/dags/baseball_etl.py
[2026-04-21T02:16:23.764+0000] {processor.py:840} INFO - DAG(s) 'baseball_pipeline_v1' retrieved from /opt/airflow/dags/baseball_etl.py
[2026-04-21T02:16:23.783+0000] {logging_mixin.py:188} INFO - [2026-04-21T02:16:23.782+0000] {dag.py:3036} INFO - Sync 1 DAGs
[2026-04-21T02:16:23.806+0000] {logging_mixin.py:188} INFO - [2026-04-21T02:16:23.806+0000] {dag.py:3823} INFO - Setting next_dagrun for baseball_pipeline_v1 to 2026-04-21 00:00:00+00:00, run_after=2026-04-22 00:00:00+00:00
[2026-04-21T02:16:23.823+0000] {processor.py:183} INFO - Processing /opt/airflow/dags/baseball_etl.py took 0.621 seconds
[2026-04-21T02:16:54.636+0000] {processor.py:161} INFO - Started process (PID=3717022) to work on /opt/airflow/dags/baseball_etl.py
[2026-04-21T02:16:54.638+0000] {processor.py:830} INFO - Processing file /opt/airflow/dags/baseball_etl.py for tasks to queue
[2026-04-21T02:16:54.641+0000] {logging_mixin.py:188} INFO - [2026-04-21T02:16:54.640+0000] {dagbag.py:538} INFO - Filling up the DagBag from /opt/airflow/dags/baseball_etl.py
[2026-04-21T02:16:55.168+0000] {processor.py:840} INFO - DAG(s) 'baseball_pipeline_v1' retrieved from /opt/airflow/dags/baseball_etl.py
[2026-04-21T02:16:55.186+0000] {logging_mixin.py:188} INFO - [2026-04-21T02:16:55.186+0000] {dag.py:3036} INFO - Sync 1 DAGs
[2026-04-21T02:16:55.209+0000] {logging_mixin.py:188} INFO - [2026-04-21T02:16:55.209+0000] {dag.py:3823} INFO - Setting next_dagrun for baseball_pipeline_v1 to 2026-04-21 00:00:00+00:00, run_after=2026-04-22 00:00:00+00:00
[2026-04-21T02:16:55.227+0000] {processor.py:183} INFO - Processing /opt/airflow/dags/baseball_etl.py took 0.596 seconds
[2026-04-21T02:17:25.922+0000] {processor.py:161} INFO - Started process (PID=3717081) to work on /opt/airflow/dags/baseball_etl.py
[2026-04-21T02:17:25.925+0000] {processor.py:830} INFO - Processing file /opt/airflow/dags/baseball_etl.py for tasks to queue
[2026-04-21T02:17:25.927+0000] {logging_mixin.py:188} INFO - [2026-04-21T02:17:25.927+0000] {dagbag.py:538} INFO - Filling up the DagBag from /opt/airflow/dags/baseball_etl.py
[2026-04-21T02:17:26.466+0000] {processor.py:840} INFO - DAG(s) 'baseball_pipeline_v1' retrieved from /opt/airflow/dags/baseball_etl.py
[2026-04-21T02:17:26.484+0000] {logging_mixin.py:188} INFO - [2026-04-21T02:17:26.484+0000] {dag.py:3036} INFO - Sync 1 DAGs
[2026-04-21T02:17:26.510+0000] {logging_mixin.py:188} INFO - [2026-04-21T02:17:26.510+0000] {dag.py:3823} INFO - Setting next_dagrun for baseball_pipeline_v1 to 2026-04-21 00:00:00+00:00, run_after=2026-04-22 00:00:00+00:00
[2026-04-21T02:17:26.528+0000] {processor.py:183} INFO - Processing /opt/airflow/dags/baseball_etl.py took 0.611 seconds
[2026-04-21T02:17:57.464+0000] {processor.py:161} INFO - Started process (PID=3717141) to work on /opt/airflow/dags/baseball_etl.py
[2026-04-21T02:17:57.467+0000] {processor.py:830} INFO - Processing file /opt/airflow/dags/baseball_etl.py for tasks to queue
[2026-04-21T02:17:57.469+0000] {logging_mixin.py:188} INFO - [2026-04-21T02:17:57.469+0000] {dagbag.py:538} INFO - Filling up the DagBag from /opt/airflow/dags/baseball_etl.py
[2026-04-21T02:17:58.016+0000] {processor.py:840} INFO - DAG(s) 'baseball_pipeline_v1' retrieved from /opt/airflow/dags/baseball_etl.py
[2026-04-21T02:17:58.036+0000] {logging_mixin.py:188} INFO - [2026-04-21T02:17:58.036+0000] {dag.py:3036} INFO - Sync 1 DAGs
[2026-04-21T02:17:58.060+0000] {logging_mixin.py:188} INFO - [2026-04-21T02:17:58.060+0000] {dag.py:3823} INFO - Setting next_dagrun for baseball_pipeline_v1 to 2026-04-21 00:00:00+00:00, run_after=2026-04-22 00:00:00+00:00
[2026-04-21T02:17:58.077+0000] {processor.py:183} INFO - Processing /opt/airflow/dags/baseball_etl.py took 0.618 seconds
[2026-04-21T02:18:28.988+0000] {processor.py:161} INFO - Started process (PID=3717198) to work on /opt/airflow/dags/baseball_etl.py
[2026-04-21T02:18:28.990+0000] {processor.py:830} INFO - Processing file /opt/airflow/dags/baseball_etl.py for tasks to queue
[2026-04-21T02:18:28.993+0000] {logging_mixin.py:188} INFO - [2026-04-21T02:18:28.992+0000] {dagbag.py:538} INFO - Filling up the DagBag from /opt/airflow/dags/baseball_etl.py
[2026-04-21T02:18:29.499+0000] {processor.py:840} INFO - DAG(s) 'baseball_pipeline_v1' retrieved from /opt/airflow/dags/baseball_etl.py
[2026-04-21T02:18:29.520+0000] {logging_mixin.py:188} INFO - [2026-04-21T02:18:29.519+0000] {dag.py:3036} INFO - Sync 1 DAGs
[2026-04-21T02:18:29.549+0000] {logging_mixin.py:188} INFO - [2026-04-21T02:18:29.549+0000] {dag.py:3823} INFO - Setting next_dagrun for baseball_pipeline_v1 to 2026-04-21 00:00:00+00:00, run_after=2026-04-22 00:00:00+00:00
[2026-04-21T02:18:29.567+0000] {processor.py:183} INFO - Processing /opt/airflow/dags/baseball_etl.py took 0.584 seconds
[2026-04-21T02:19:00.311+0000] {processor.py:161} INFO - Started process (PID=3717255) to work on /opt/airflow/dags/baseball_etl.py
[2026-04-21T02:19:00.313+0000] {processor.py:830} INFO - Processing file /opt/airflow/dags/baseball_etl.py for tasks to queue
[2026-04-21T02:19:00.316+0000] {logging_mixin.py:188} INFO - [2026-04-21T02:19:00.315+0000] {dagbag.py:538} INFO - Filling up the DagBag from /opt/airflow/dags/baseball_etl.py
[2026-04-21T02:19:00.843+0000] {processor.py:840} INFO - DAG(s) 'baseball_pipeline_v1' retrieved from /opt/airflow/dags/baseball_etl.py
[2026-04-21T02:19:00.861+0000] {logging_mixin.py:188} INFO - [2026-04-21T02:19:00.861+0000] {dag.py:3036} INFO - Sync 1 DAGs
[2026-04-21T02:19:00.887+0000] {logging_mixin.py:188} INFO - [2026-04-21T02:19:00.887+0000] {dag.py:3823} INFO - Setting next_dagrun for baseball_pipeline_v1 to 2026-04-21 00:00:00+00:00, run_after=2026-04-22 00:00:00+00:00
[2026-04-21T02:19:00.905+0000] {processor.py:183} INFO - Processing /opt/airflow/dags/baseball_etl.py took 0.599 seconds
[2026-04-21T02:19:31.578+0000] {processor.py:161} INFO - Started process (PID=3717312) to work on /opt/airflow/dags/baseball_etl.py
[2026-04-21T02:19:31.580+0000] {processor.py:830} INFO - Processing file /opt/airflow/dags/baseball_etl.py for tasks to queue
[2026-04-21T02:19:31.582+0000] {logging_mixin.py:188} INFO - [2026-04-21T02:19:31.582+0000] {dagbag.py:538} INFO - Filling up the DagBag from /opt/airflow/dags/baseball_etl.py
[2026-04-21T02:19:32.097+0000] {processor.py:840} INFO - DAG(s) 'baseball_pipeline_v1' retrieved from /opt/airflow/dags/baseball_etl.py
[2026-04-21T02:19:32.116+0000] {logging_mixin.py:188} INFO - [2026-04-21T02:19:32.115+0000] {dag.py:3036} INFO - Sync 1 DAGs
[2026-04-21T02:19:32.140+0000] {logging_mixin.py:188} INFO - [2026-04-21T02:19:32.140+0000] {dag.py:3823} INFO - Setting next_dagrun for baseball_pipeline_v1 to 2026-04-21 00:00:00+00:00, run_after=2026-04-22 00:00:00+00:00
[2026-04-21T02:19:32.158+0000] {processor.py:183} INFO - Processing /opt/airflow/dags/baseball_etl.py took 0.585 seconds
[2026-04-21T02:20:02.842+0000] {processor.py:161} INFO - Started process (PID=3717369) to work on /opt/airflow/dags/baseball_etl.py
[2026-04-21T02:20:02.844+0000] {processor.py:830} INFO - Processing file /opt/airflow/dags/baseball_etl.py for tasks to queue
[2026-04-21T02:20:02.847+0000] {logging_mixin.py:188} INFO - [2026-04-21T02:20:02.846+0000] {dagbag.py:538} INFO - Filling up the DagBag from /opt/airflow/dags/baseball_etl.py
[2026-04-21T02:20:03.357+0000] {processor.py:840} INFO - DAG(s) 'baseball_pipeline_v1' retrieved from /opt/airflow/dags/baseball_etl.py
[2026-04-21T02:20:03.375+0000] {logging_mixin.py:188} INFO - [2026-04-21T02:20:03.374+0000] {dag.py:3036} INFO - Sync 1 DAGs
[2026-04-21T02:20:03.400+0000] {logging_mixin.py:188} INFO - [2026-04-21T02:20:03.399+0000] {dag.py:3823} INFO - Setting next_dagrun for baseball_pipeline_v1 to 2026-04-21 00:00:00+00:00, run_after=2026-04-22 00:00:00+00:00
[2026-04-21T02:20:03.416+0000] {processor.py:183} INFO - Processing /opt/airflow/dags/baseball_etl.py took 0.579 seconds
[2026-04-21T02:20:34.045+0000] {processor.py:161} INFO - Started process (PID=3717426) to work on /opt/airflow/dags/baseball_etl.py
[2026-04-21T02:20:34.047+0000] {processor.py:830} INFO - Processing file /opt/airflow/dags/baseball_etl.py for tasks to queue
[2026-04-21T02:20:34.049+0000] {logging_mixin.py:188} INFO - [2026-04-21T02:20:34.049+0000] {dagbag.py:538} INFO - Filling up the DagBag from /opt/airflow/dags/baseball_etl.py
[2026-04-21T02:20:34.559+0000] {processor.py:840} INFO - DAG(s) 'baseball_pipeline_v1' retrieved from /opt/airflow/dags/baseball_etl.py
[2026-04-21T02:20:34.578+0000] {logging_mixin.py:188} INFO - [2026-04-21T02:20:34.577+0000] {dag.py:3036} INFO - Sync 1 DAGs
[2026-04-21T02:20:34.600+0000] {logging_mixin.py:188} INFO - [2026-04-21T02:20:34.600+0000] {dag.py:3823} INFO - Setting next_dagrun for baseball_pipeline_v1 to 2026-04-21 00:00:00+00:00, run_after=2026-04-22 00:00:00+00:00
[2026-04-21T02:20:34.618+0000] {processor.py:183} INFO - Processing /opt/airflow/dags/baseball_etl.py took 0.578 seconds
[2026-04-21T02:21:05.402+0000] {processor.py:161} INFO - Started process (PID=3717485) to work on /opt/airflow/dags/baseball_etl.py
[2026-04-21T02:21:05.404+0000] {processor.py:830} INFO - Processing file /opt/airflow/dags/baseball_etl.py for tasks to queue
[2026-04-21T02:21:05.406+0000] {logging_mixin.py:188} INFO - [2026-04-21T02:21:05.406+0000] {dagbag.py:538} INFO - Filling up the DagBag from /opt/airflow/dags/baseball_etl.py
[2026-04-21T02:21:05.953+0000] {processor.py:840} INFO - DAG(s) 'baseball_pipeline_v1' retrieved from /opt/airflow/dags/baseball_etl.py
[2026-04-21T02:21:05.971+0000] {logging_mixin.py:188} INFO - [2026-04-21T02:21:05.970+0000] {dag.py:3036} INFO - Sync 1 DAGs
[2026-04-21T02:21:05.995+0000] {logging_mixin.py:188} INFO - [2026-04-21T02:21:05.994+0000] {dag.py:3823} INFO - Setting next_dagrun for baseball_pipeline_v1 to 2026-04-21 00:00:00+00:00, run_after=2026-04-22 00:00:00+00:00
[2026-04-21T02:21:06.011+0000] {processor.py:183} INFO - Processing /opt/airflow/dags/baseball_etl.py took 0.614 seconds
[2026-04-21T02:21:36.059+0000] {processor.py:161} INFO - Started process (PID=3717546) to work on /opt/airflow/dags/baseball_etl.py
[2026-04-21T02:21:36.060+0000] {processor.py:830} INFO - Processing file /opt/airflow/dags/baseball_etl.py for tasks to queue
[2026-04-21T02:21:36.063+0000] {logging_mixin.py:188} INFO - [2026-04-21T02:21:36.062+0000] {dagbag.py:538} INFO - Filling up the DagBag from /opt/airflow/dags/baseball_etl.py
[2026-04-21T02:21:36.589+0000] {processor.py:840} INFO - DAG(s) 'baseball_pipeline_v1' retrieved from /opt/airflow/dags/baseball_etl.py
[2026-04-21T02:21:36.607+0000] {logging_mixin.py:188} INFO - [2026-04-21T02:21:36.607+0000] {dag.py:3036} INFO - Sync 1 DAGs
[2026-04-21T02:21:36.631+0000] {logging_mixin.py:188} INFO - [2026-04-21T02:21:36.630+0000] {dag.py:3823} INFO - Setting next_dagrun for baseball_pipeline_v1 to 2026-04-21 00:00:00+00:00, run_after=2026-04-22 00:00:00+00:00
[2026-04-21T02:21:36.651+0000] {processor.py:183} INFO - Processing /opt/airflow/dags/baseball_etl.py took 0.597 seconds
[2026-04-21T02:22:07.333+0000] {processor.py:161} INFO - Started process (PID=3717603) to work on /opt/airflow/dags/baseball_etl.py
[2026-04-21T02:22:07.335+0000] {processor.py:830} INFO - Processing file /opt/airflow/dags/baseball_etl.py for tasks to queue
[2026-04-21T02:22:07.337+0000] {logging_mixin.py:188} INFO - [2026-04-21T02:22:07.337+0000] {dagbag.py:538} INFO - Filling up the DagBag from /opt/airflow/dags/baseball_etl.py
[2026-04-21T02:22:07.872+0000] {processor.py:840} INFO - DAG(s) 'baseball_pipeline_v1' retrieved from /opt/airflow/dags/baseball_etl.py
[2026-04-21T02:22:07.891+0000] {logging_mixin.py:188} INFO - [2026-04-21T02:22:07.891+0000] {dag.py:3036} INFO - Sync 1 DAGs
[2026-04-21T02:22:07.916+0000] {logging_mixin.py:188} INFO - [2026-04-21T02:22:07.916+0000] {dag.py:3823} INFO - Setting next_dagrun for baseball_pipeline_v1 to 2026-04-21 00:00:00+00:00, run_after=2026-04-22 00:00:00+00:00
[2026-04-21T02:22:07.941+0000] {processor.py:183} INFO - Processing /opt/airflow/dags/baseball_etl.py took 0.612 seconds
[2026-04-21T02:22:38.234+0000] {processor.py:161} INFO - Started process (PID=3717664) to work on /opt/airflow/dags/baseball_etl.py
[2026-04-21T02:22:38.236+0000] {processor.py:830} INFO - Processing file /opt/airflow/dags/baseball_etl.py for tasks to queue
[2026-04-21T02:22:38.238+0000] {logging_mixin.py:188} INFO - [2026-04-21T02:22:38.238+0000] {dagbag.py:538} INFO - Filling up the DagBag from /opt/airflow/dags/baseball_etl.py
[2026-04-21T02:22:38.766+0000] {processor.py:840} INFO - DAG(s) 'baseball_pipeline_v1' retrieved from /opt/airflow/dags/baseball_etl.py
[2026-04-21T02:22:38.786+0000] {logging_mixin.py:188} INFO - [2026-04-21T02:22:38.786+0000] {dag.py:3036} INFO - Sync 1 DAGs
[2026-04-21T02:22:38.812+0000] {logging_mixin.py:188} INFO - [2026-04-21T02:22:38.812+0000] {dag.py:3823} INFO - Setting next_dagrun for baseball_pipeline_v1 to 2026-04-21 00:00:00+00:00, run_after=2026-04-22 00:00:00+00:00
[2026-04-21T02:22:38.830+0000] {processor.py:183} INFO - Processing /opt/airflow/dags/baseball_etl.py took 0.600 seconds
[2026-04-21T02:23:09.348+0000] {processor.py:161} INFO - Started process (PID=3717721) to work on /opt/airflow/dags/baseball_etl.py
[2026-04-21T02:23:09.350+0000] {processor.py:830} INFO - Processing file /opt/airflow/dags/baseball_etl.py for tasks to queue
[2026-04-21T02:23:09.352+0000] {logging_mixin.py:188} INFO - [2026-04-21T02:23:09.352+0000] {dagbag.py:538} INFO - Filling up the DagBag from /opt/airflow/dags/baseball_etl.py
[2026-04-21T02:23:09.893+0000] {processor.py:840} INFO - DAG(s) 'baseball_pipeline_v1' retrieved from /opt/airflow/dags/baseball_etl.py
[2026-04-21T02:23:09.912+0000] {logging_mixin.py:188} INFO - [2026-04-21T02:23:09.911+0000] {dag.py:3036} INFO - Sync 1 DAGs
[2026-04-21T02:23:09.937+0000] {logging_mixin.py:188} INFO - [2026-04-21T02:23:09.937+0000] {dag.py:3823} INFO - Setting next_dagrun for baseball_pipeline_v1 to 2026-04-21 00:00:00+00:00, run_after=2026-04-22 00:00:00+00:00
[2026-04-21T02:23:09.955+0000] {processor.py:183} INFO - Processing /opt/airflow/dags/baseball_etl.py took 0.612 seconds
[2026-04-21T02:23:40.048+0000] {processor.py:161} INFO - Started process (PID=3717783) to work on /opt/airflow/dags/baseball_etl.py
[2026-04-21T02:23:40.050+0000] {processor.py:830} INFO - Processing file /opt/airflow/dags/baseball_etl.py for tasks to queue
[2026-04-21T02:23:40.052+0000] {logging_mixin.py:188} INFO - [2026-04-21T02:23:40.052+0000] {dagbag.py:538} INFO - Filling up the DagBag from /opt/airflow/dags/baseball_etl.py
[2026-04-21T02:23:40.600+0000] {processor.py:840} INFO - DAG(s) 'baseball_pipeline_v1' retrieved from /opt/airflow/dags/baseball_etl.py
[2026-04-21T02:23:40.618+0000] {logging_mixin.py:188} INFO - [2026-04-21T02:23:40.618+0000] {dag.py:3036} INFO - Sync 1 DAGs
[2026-04-21T02:23:40.643+0000] {logging_mixin.py:188} INFO - [2026-04-21T02:23:40.643+0000] {dag.py:3823} INFO - Setting next_dagrun for baseball_pipeline_v1 to 2026-04-21 00:00:00+00:00, run_after=2026-04-22 00:00:00+00:00
[2026-04-21T02:23:40.662+0000] {processor.py:183} INFO - Processing /opt/airflow/dags/baseball_etl.py took 0.618 seconds
[2026-04-21T02:24:11.246+0000] {processor.py:161} INFO - Started process (PID=3717841) to work on /opt/airflow/dags/baseball_etl.py
[2026-04-21T02:24:11.248+0000] {processor.py:830} INFO - Processing file /opt/airflow/dags/baseball_etl.py for tasks to queue
[2026-04-21T02:24:11.251+0000] {logging_mixin.py:188} INFO - [2026-04-21T02:24:11.251+0000] {dagbag.py:538} INFO - Filling up the DagBag from /opt/airflow/dags/baseball_etl.py
[2026-04-21T02:24:11.767+0000] {processor.py:840} INFO - DAG(s) 'baseball_pipeline_v1' retrieved from /opt/airflow/dags/baseball_etl.py
[2026-04-21T02:24:11.786+0000] {logging_mixin.py:188} INFO - [2026-04-21T02:24:11.786+0000] {dag.py:3036} INFO - Sync 1 DAGs
[2026-04-21T02:24:11.810+0000] {logging_mixin.py:188} INFO - [2026-04-21T02:24:11.810+0000] {dag.py:3823} INFO - Setting next_dagrun for baseball_pipeline_v1 to 2026-04-21 00:00:00+00:00, run_after=2026-04-22 00:00:00+00:00
[2026-04-21T02:24:11.828+0000] {processor.py:183} INFO - Processing /opt/airflow/dags/baseball_etl.py took 0.587 seconds
[2026-04-21T02:24:42.537+0000] {processor.py:161} INFO - Started process (PID=3717899) to work on /opt/airflow/dags/baseball_etl.py
[2026-04-21T02:24:42.540+0000] {processor.py:830} INFO - Processing file /opt/airflow/dags/baseball_etl.py for tasks to queue
[2026-04-21T02:24:42.542+0000] {logging_mixin.py:188} INFO - [2026-04-21T02:24:42.542+0000] {dagbag.py:538} INFO - Filling up the DagBag from /opt/airflow/dags/baseball_etl.py
[2026-04-21T02:24:43.090+0000] {processor.py:840} INFO - DAG(s) 'baseball_pipeline_v1' retrieved from /opt/airflow/dags/baseball_etl.py
[2026-04-21T02:24:43.112+0000] {logging_mixin.py:188} INFO - [2026-04-21T02:24:43.112+0000] {dag.py:3036} INFO - Sync 1 DAGs
[2026-04-21T02:24:43.138+0000] {logging_mixin.py:188} INFO - [2026-04-21T02:24:43.138+0000] {dag.py:3823} INFO - Setting next_dagrun for baseball_pipeline_v1 to 2026-04-21 00:00:00+00:00, run_after=2026-04-22 00:00:00+00:00
[2026-04-21T02:24:43.156+0000] {processor.py:183} INFO - Processing /opt/airflow/dags/baseball_etl.py took 0.623 seconds
[2026-04-21T02:25:13.787+0000] {processor.py:161} INFO - Started process (PID=3717956) to work on /opt/airflow/dags/baseball_etl.py
[2026-04-21T02:25:13.789+0000] {processor.py:830} INFO - Processing file /opt/airflow/dags/baseball_etl.py for tasks to queue
[2026-04-21T02:25:13.792+0000] {logging_mixin.py:188} INFO - [2026-04-21T02:25:13.792+0000] {dagbag.py:538} INFO - Filling up the DagBag from /opt/airflow/dags/baseball_etl.py
[2026-04-21T02:25:14.394+0000] {processor.py:840} INFO - DAG(s) 'baseball_pipeline_v1' retrieved from /opt/airflow/dags/baseball_etl.py
[2026-04-21T02:25:14.412+0000] {logging_mixin.py:188} INFO - [2026-04-21T02:25:14.412+0000] {dag.py:3036} INFO - Sync 1 DAGs
[2026-04-21T02:25:14.437+0000] {logging_mixin.py:188} INFO - [2026-04-21T02:25:14.436+0000] {dag.py:3823} INFO - Setting next_dagrun for baseball_pipeline_v1 to 2026-04-21 00:00:00+00:00, run_after=2026-04-22 00:00:00+00:00
[2026-04-21T02:25:14.454+0000] {processor.py:183} INFO - Processing /opt/airflow/dags/baseball_etl.py took 0.672 seconds
[2026-04-21T02:25:45.131+0000] {processor.py:161} INFO - Started process (PID=3718020) to work on /opt/airflow/dags/baseball_etl.py
[2026-04-21T02:25:45.133+0000] {processor.py:830} INFO - Processing file /opt/airflow/dags/baseball_etl.py for tasks to queue
[2026-04-21T02:25:45.135+0000] {logging_mixin.py:188} INFO - [2026-04-21T02:25:45.135+0000] {dagbag.py:538} INFO - Filling up the DagBag from /opt/airflow/dags/baseball_etl.py
[2026-04-21T02:25:45.675+0000] {processor.py:840} INFO - DAG(s) 'baseball_pipeline_v1' retrieved from /opt/airflow/dags/baseball_etl.py
[2026-04-21T02:25:45.696+0000] {logging_mixin.py:188} INFO - [2026-04-21T02:25:45.695+0000] {dag.py:3036} INFO - Sync 1 DAGs
[2026-04-21T02:25:45.723+0000] {logging_mixin.py:188} INFO - [2026-04-21T02:25:45.722+0000] {dag.py:3823} INFO - Setting next_dagrun for baseball_pipeline_v1 to 2026-04-21 00:00:00+00:00, run_after=2026-04-22 00:00:00+00:00
[2026-04-21T02:25:45.750+0000] {processor.py:183} INFO - Processing /opt/airflow/dags/baseball_etl.py took 0.624 seconds
[2026-04-21T02:26:16.429+0000] {processor.py:161} INFO - Started process (PID=3718077) to work on /opt/airflow/dags/baseball_etl.py
[2026-04-21T02:26:16.431+0000] {processor.py:830} INFO - Processing file /opt/airflow/dags/baseball_etl.py for tasks to queue
[2026-04-21T02:26:16.435+0000] {logging_mixin.py:188} INFO - [2026-04-21T02:26:16.434+0000] {dagbag.py:538} INFO - Filling up the DagBag from /opt/airflow/dags/baseball_etl.py
[2026-04-21T02:26:17.000+0000] {processor.py:840} INFO - DAG(s) 'baseball_pipeline_v1' retrieved from /opt/airflow/dags/baseball_etl.py
[2026-04-21T02:26:17.018+0000] {logging_mixin.py:188} INFO - [2026-04-21T02:26:17.017+0000] {dag.py:3036} INFO - Sync 1 DAGs
[2026-04-21T02:26:17.041+0000] {logging_mixin.py:188} INFO - [2026-04-21T02:26:17.041+0000] {dag.py:3823} INFO - Setting next_dagrun for baseball_pipeline_v1 to 2026-04-21 00:00:00+00:00, run_after=2026-04-22 00:00:00+00:00
[2026-04-21T02:26:17.058+0000] {processor.py:183} INFO - Processing /opt/airflow/dags/baseball_etl.py took 0.636 seconds
[2026-04-21T02:26:47.243+0000] {processor.py:161} INFO - Started process (PID=3718137) to work on /opt/airflow/dags/baseball_etl.py
[2026-04-21T02:26:47.245+0000] {processor.py:830} INFO - Processing file /opt/airflow/dags/baseball_etl.py for tasks to queue
[2026-04-21T02:26:47.247+0000] {logging_mixin.py:188} INFO - [2026-04-21T02:26:47.247+0000] {dagbag.py:538} INFO - Filling up the DagBag from /opt/airflow/dags/baseball_etl.py
[2026-04-21T02:26:47.796+0000] {processor.py:840} INFO - DAG(s) 'baseball_pipeline_v1' retrieved from /opt/airflow/dags/baseball_etl.py
[2026-04-21T02:26:47.817+0000] {logging_mixin.py:188} INFO - [2026-04-21T02:26:47.817+0000] {dag.py:3036} INFO - Sync 1 DAGs
[2026-04-21T02:26:47.841+0000] {logging_mixin.py:188} INFO - [2026-04-21T02:26:47.841+0000] {dag.py:3823} INFO - Setting next_dagrun for baseball_pipeline_v1 to 2026-04-21 00:00:00+00:00, run_after=2026-04-22 00:00:00+00:00
[2026-04-21T02:26:47.858+0000] {processor.py:183} INFO - Processing /opt/airflow/dags/baseball_etl.py took 0.620 seconds
[2026-04-21T02:27:18.510+0000] {processor.py:161} INFO - Started process (PID=3718195) to work on /opt/airflow/dags/baseball_etl.py
[2026-04-21T02:27:18.512+0000] {processor.py:830} INFO - Processing file /opt/airflow/dags/baseball_etl.py for tasks to queue
[2026-04-21T02:27:18.515+0000] {logging_mixin.py:188} INFO - [2026-04-21T02:27:18.514+0000] {dagbag.py:538} INFO - Filling up the DagBag from /opt/airflow/dags/baseball_etl.py
[2026-04-21T02:27:19.056+0000] {processor.py:840} INFO - DAG(s) 'baseball_pipeline_v1' retrieved from /opt/airflow/dags/baseball_etl.py
[2026-04-21T02:27:19.076+0000] {logging_mixin.py:188} INFO - [2026-04-21T02:27:19.075+0000] {dag.py:3036} INFO - Sync 1 DAGs
[2026-04-21T02:27:19.099+0000] {logging_mixin.py:188} INFO - [2026-04-21T02:27:19.099+0000] {dag.py:3823} INFO - Setting next_dagrun for baseball_pipeline_v1 to 2026-04-21 00:00:00+00:00, run_after=2026-04-22 00:00:00+00:00
[2026-04-21T02:27:19.116+0000] {processor.py:183} INFO - Processing /opt/airflow/dags/baseball_etl.py took 0.611 seconds
[2026-04-21T02:27:49.934+0000] {processor.py:161} INFO - Started process (PID=3718252) to work on /opt/airflow/dags/baseball_etl.py
[2026-04-21T02:27:49.936+0000] {processor.py:830} INFO - Processing file /opt/airflow/dags/baseball_etl.py for tasks to queue
[2026-04-21T02:27:49.939+0000] {logging_mixin.py:188} INFO - [2026-04-21T02:27:49.938+0000] {dagbag.py:538} INFO - Filling up the DagBag from /opt/airflow/dags/baseball_etl.py
[2026-04-21T02:27:50.471+0000] {processor.py:840} INFO - DAG(s) 'baseball_pipeline_v1' retrieved from /opt/airflow/dags/baseball_etl.py
[2026-04-21T02:27:50.490+0000] {logging_mixin.py:188} INFO - [2026-04-21T02:27:50.489+0000] {dag.py:3036} INFO - Sync 1 DAGs
[2026-04-21T02:27:50.513+0000] {logging_mixin.py:188} INFO - [2026-04-21T02:27:50.513+0000] {dag.py:3823} INFO - Setting next_dagrun for baseball_pipeline_v1 to 2026-04-21 00:00:00+00:00, run_after=2026-04-22 00:00:00+00:00
[2026-04-21T02:27:50.530+0000] {processor.py:183} INFO - Processing /opt/airflow/dags/baseball_etl.py took 0.600 seconds
[2026-04-21T02:28:21.377+0000] {processor.py:161} INFO - Started process (PID=3718309) to work on /opt/airflow/dags/baseball_etl.py
[2026-04-21T02:28:21.379+0000] {processor.py:830} INFO - Processing file /opt/airflow/dags/baseball_etl.py for tasks to queue
[2026-04-21T02:28:21.381+0000] {logging_mixin.py:188} INFO - [2026-04-21T02:28:21.381+0000] {dagbag.py:538} INFO - Filling up the DagBag from /opt/airflow/dags/baseball_etl.py
[2026-04-21T02:28:21.907+0000] {processor.py:840} INFO - DAG(s) 'baseball_pipeline_v1' retrieved from /opt/airflow/dags/baseball_etl.py
[2026-04-21T02:28:21.925+0000] {logging_mixin.py:188} INFO - [2026-04-21T02:28:21.925+0000] {dag.py:3036} INFO - Sync 1 DAGs
[2026-04-21T02:28:21.952+0000] {logging_mixin.py:188} INFO - [2026-04-21T02:28:21.952+0000] {dag.py:3823} INFO - Setting next_dagrun for baseball_pipeline_v1 to 2026-04-21 00:00:00+00:00, run_after=2026-04-22 00:00:00+00:00
[2026-04-21T02:28:21.970+0000] {processor.py:183} INFO - Processing /opt/airflow/dags/baseball_etl.py took 0.598 seconds
[2026-04-21T02:28:52.767+0000] {processor.py:161} INFO - Started process (PID=3718366) to work on /opt/airflow/dags/baseball_etl.py
[2026-04-21T02:28:52.770+0000] {processor.py:830} INFO - Processing file /opt/airflow/dags/baseball_etl.py for tasks to queue
[2026-04-21T02:28:52.772+0000] {logging_mixin.py:188} INFO - [2026-04-21T02:28:52.772+0000] {dagbag.py:538} INFO - Filling up the DagBag from /opt/airflow/dags/baseball_etl.py
[2026-04-21T02:28:53.294+0000] {processor.py:840} INFO - DAG(s) 'baseball_pipeline_v1' retrieved from /opt/airflow/dags/baseball_etl.py
[2026-04-21T02:28:53.311+0000] {logging_mixin.py:188} INFO - [2026-04-21T02:28:53.310+0000] {dag.py:3036} INFO - Sync 1 DAGs
[2026-04-21T02:28:53.335+0000] {logging_mixin.py:188} INFO - [2026-04-21T02:28:53.335+0000] {dag.py:3823} INFO - Setting next_dagrun for baseball_pipeline_v1 to 2026-04-21 00:00:00+00:00, run_after=2026-04-22 00:00:00+00:00
[2026-04-21T02:28:53.352+0000] {processor.py:183} INFO - Processing /opt/airflow/dags/baseball_etl.py took 0.590 seconds
[2026-04-21T02:29:24.116+0000] {processor.py:161} INFO - Started process (PID=3718423) to work on /opt/airflow/dags/baseball_etl.py
[2026-04-21T02:29:24.118+0000] {processor.py:830} INFO - Processing file /opt/airflow/dags/baseball_etl.py for tasks to queue
[2026-04-21T02:29:24.120+0000] {logging_mixin.py:188} INFO - [2026-04-21T02:29:24.120+0000] {dagbag.py:538} INFO - Filling up the DagBag from /opt/airflow/dags/baseball_etl.py
[2026-04-21T02:29:24.646+0000] {processor.py:840} INFO - DAG(s) 'baseball_pipeline_v1' retrieved from /opt/airflow/dags/baseball_etl.py
[2026-04-21T02:29:24.665+0000] {logging_mixin.py:188} INFO - [2026-04-21T02:29:24.664+0000] {dag.py:3036} INFO - Sync 1 DAGs
[2026-04-21T02:29:24.688+0000] {logging_mixin.py:188} INFO - [2026-04-21T02:29:24.687+0000] {dag.py:3823} INFO - Setting next_dagrun for baseball_pipeline_v1 to 2026-04-21 00:00:00+00:00, run_after=2026-04-22 00:00:00+00:00
[2026-04-21T02:29:24.705+0000] {processor.py:183} INFO - Processing /opt/airflow/dags/baseball_etl.py took 0.593 seconds
[2026-04-21T02:29:55.688+0000] {processor.py:161} INFO - Started process (PID=3718481) to work on /opt/airflow/dags/baseball_etl.py
[2026-04-21T02:29:55.690+0000] {processor.py:830} INFO - Processing file /opt/airflow/dags/baseball_etl.py for tasks to queue
[2026-04-21T02:29:55.692+0000] {logging_mixin.py:188} INFO - [2026-04-21T02:29:55.692+0000] {dagbag.py:538} INFO - Filling up the DagBag from /opt/airflow/dags/baseball_etl.py
[2026-04-21T02:29:56.218+0000] {processor.py:840} INFO - DAG(s) 'baseball_pipeline_v1' retrieved from /opt/airflow/dags/baseball_etl.py
[2026-04-21T02:29:56.237+0000] {logging_mixin.py:188} INFO - [2026-04-21T02:29:56.236+0000] {dag.py:3036} INFO - Sync 1 DAGs
[2026-04-21T02:29:56.261+0000] {logging_mixin.py:188} INFO - [2026-04-21T02:29:56.260+0000] {dag.py:3823} INFO - Setting next_dagrun for baseball_pipeline_v1 to 2026-04-21 00:00:00+00:00, run_after=2026-04-22 00:00:00+00:00
[2026-04-21T02:29:56.277+0000] {processor.py:183} INFO - Processing /opt/airflow/dags/baseball_etl.py took 0.594 seconds
[2026-04-21T02:30:27.254+0000] {processor.py:161} INFO - Started process (PID=3718538) to work on /opt/airflow/dags/baseball_etl.py
[2026-04-21T02:30:27.257+0000] {processor.py:830} INFO - Processing file /opt/airflow/dags/baseball_etl.py for tasks to queue
[2026-04-21T02:30:27.259+0000] {logging_mixin.py:188} INFO - [2026-04-21T02:30:27.259+0000] {dagbag.py:538} INFO - Filling up the DagBag from /opt/airflow/dags/baseball_etl.py
[2026-04-21T02:30:27.756+0000] {processor.py:840} INFO - DAG(s) 'baseball_pipeline_v1' retrieved from /opt/airflow/dags/baseball_etl.py
[2026-04-21T02:30:27.775+0000] {logging_mixin.py:188} INFO - [2026-04-21T02:30:27.774+0000] {dag.py:3036} INFO - Sync 1 DAGs
[2026-04-21T02:30:27.798+0000] {logging_mixin.py:188} INFO - [2026-04-21T02:30:27.797+0000] {dag.py:3823} INFO - Setting next_dagrun for baseball_pipeline_v1 to 2026-04-21 00:00:00+00:00, run_after=2026-04-22 00:00:00+00:00
[2026-04-21T02:30:27.815+0000] {processor.py:183} INFO - Processing /opt/airflow/dags/baseball_etl.py took 0.565 seconds
[2026-04-21T02:30:57.875+0000] {processor.py:161} INFO - Started process (PID=3718598) to work on /opt/airflow/dags/baseball_etl.py
[2026-04-21T02:30:57.876+0000] {processor.py:830} INFO - Processing file /opt/airflow/dags/baseball_etl.py for tasks to queue
[2026-04-21T02:30:57.879+0000] {logging_mixin.py:188} INFO - [2026-04-21T02:30:57.879+0000] {dagbag.py:538} INFO - Filling up the DagBag from /opt/airflow/dags/baseball_etl.py
[2026-04-21T02:30:58.433+0000] {processor.py:840} INFO - DAG(s) 'baseball_pipeline_v1' retrieved from /opt/airflow/dags/baseball_etl.py
[2026-04-21T02:30:58.452+0000] {logging_mixin.py:188} INFO - [2026-04-21T02:30:58.452+0000] {dag.py:3036} INFO - Sync 1 DAGs
[2026-04-21T02:30:58.477+0000] {logging_mixin.py:188} INFO - [2026-04-21T02:30:58.476+0000] {dag.py:3823} INFO - Setting next_dagrun for baseball_pipeline_v1 to 2026-04-21 00:00:00+00:00, run_after=2026-04-22 00:00:00+00:00
[2026-04-21T02:30:58.494+0000] {processor.py:183} INFO - Processing /opt/airflow/dags/baseball_etl.py took 0.625 seconds
[2026-04-21T02:31:29.384+0000] {processor.py:161} INFO - Started process (PID=3718659) to work on /opt/airflow/dags/baseball_etl.py
[2026-04-21T02:31:29.386+0000] {processor.py:830} INFO - Processing file /opt/airflow/dags/baseball_etl.py for tasks to queue
[2026-04-21T02:31:29.388+0000] {logging_mixin.py:188} INFO - [2026-04-21T02:31:29.388+0000] {dagbag.py:538} INFO - Filling up the DagBag from /opt/airflow/dags/baseball_etl.py
[2026-04-21T02:31:29.912+0000] {processor.py:840} INFO - DAG(s) 'baseball_pipeline_v1' retrieved from /opt/airflow/dags/baseball_etl.py
[2026-04-21T02:31:29.930+0000] {logging_mixin.py:188} INFO - [2026-04-21T02:31:29.930+0000] {dag.py:3036} INFO - Sync 1 DAGs
[2026-04-21T02:31:29.955+0000] {logging_mixin.py:188} INFO - [2026-04-21T02:31:29.955+0000] {dag.py:3823} INFO - Setting next_dagrun for baseball_pipeline_v1 to 2026-04-21 00:00:00+00:00, run_after=2026-04-22 00:00:00+00:00
[2026-04-21T02:31:29.972+0000] {processor.py:183} INFO - Processing /opt/airflow/dags/baseball_etl.py took 0.593 seconds
[2026-04-21T02:32:00.860+0000] {processor.py:161} INFO - Started process (PID=3718717) to work on /opt/airflow/dags/baseball_etl.py
[2026-04-21T02:32:00.863+0000] {processor.py:830} INFO - Processing file /opt/airflow/dags/baseball_etl.py for tasks to queue
[2026-04-21T02:32:00.865+0000] {logging_mixin.py:188} INFO - [2026-04-21T02:32:00.865+0000] {dagbag.py:538} INFO - Filling up the DagBag from /opt/airflow/dags/baseball_etl.py
[2026-04-21T02:32:01.372+0000] {processor.py:840} INFO - DAG(s) 'baseball_pipeline_v1' retrieved from /opt/airflow/dags/baseball_etl.py
[2026-04-21T02:32:01.391+0000] {logging_mixin.py:188} INFO - [2026-04-21T02:32:01.390+0000] {dag.py:3036} INFO - Sync 1 DAGs
[2026-04-21T02:32:01.415+0000] {logging_mixin.py:188} INFO - [2026-04-21T02:32:01.415+0000] {dag.py:3823} INFO - Setting next_dagrun for baseball_pipeline_v1 to 2026-04-21 00:00:00+00:00, run_after=2026-04-22 00:00:00+00:00
[2026-04-21T02:32:01.433+0000] {processor.py:183} INFO - Processing /opt/airflow/dags/baseball_etl.py took 0.578 seconds
[2026-04-21T02:32:31.690+0000] {processor.py:161} INFO - Started process (PID=3718774) to work on /opt/airflow/dags/baseball_etl.py
[2026-04-21T02:32:31.692+0000] {processor.py:830} INFO - Processing file /opt/airflow/dags/baseball_etl.py for tasks to queue
[2026-04-21T02:32:31.694+0000] {logging_mixin.py:188} INFO - [2026-04-21T02:32:31.694+0000] {dagbag.py:538} INFO - Filling up the DagBag from /opt/airflow/dags/baseball_etl.py
[2026-04-21T02:32:32.228+0000] {processor.py:840} INFO - DAG(s) 'baseball_pipeline_v1' retrieved from /opt/airflow/dags/baseball_etl.py
[2026-04-21T02:32:32.248+0000] {logging_mixin.py:188} INFO - [2026-04-21T02:32:32.247+0000] {dag.py:3036} INFO - Sync 1 DAGs
[2026-04-21T02:32:32.273+0000] {logging_mixin.py:188} INFO - [2026-04-21T02:32:32.272+0000] {dag.py:3823} INFO - Setting next_dagrun for baseball_pipeline_v1 to 2026-04-21 00:00:00+00:00, run_after=2026-04-22 00:00:00+00:00
[2026-04-21T02:32:32.289+0000] {processor.py:183} INFO - Processing /opt/airflow/dags/baseball_etl.py took 0.604 seconds
[2026-04-21T02:33:02.789+0000] {processor.py:161} INFO - Started process (PID=3718831) to work on /opt/airflow/dags/baseball_etl.py
[2026-04-21T02:33:02.791+0000] {processor.py:830} INFO - Processing file /opt/airflow/dags/baseball_etl.py for tasks to queue
[2026-04-21T02:33:02.793+0000] {logging_mixin.py:188} INFO - [2026-04-21T02:33:02.793+0000] {dagbag.py:538} INFO - Filling up the DagBag from /opt/airflow/dags/baseball_etl.py
[2026-04-21T02:33:03.323+0000] {processor.py:840} INFO - DAG(s) 'baseball_pipeline_v1' retrieved from /opt/airflow/dags/baseball_etl.py
[2026-04-21T02:33:03.341+0000] {logging_mixin.py:188} INFO - [2026-04-21T02:33:03.341+0000] {dag.py:3036} INFO - Sync 1 DAGs
[2026-04-21T02:33:03.365+0000] {logging_mixin.py:188} INFO - [2026-04-21T02:33:03.365+0000] {dag.py:3823} INFO - Setting next_dagrun for baseball_pipeline_v1 to 2026-04-21 00:00:00+00:00, run_after=2026-04-22 00:00:00+00:00
[2026-04-21T02:33:03.384+0000] {processor.py:183} INFO - Processing /opt/airflow/dags/baseball_etl.py took 0.600 seconds
[2026-04-21T02:33:33.726+0000] {processor.py:161} INFO - Started process (PID=3718888) to work on /opt/airflow/dags/baseball_etl.py
[2026-04-21T02:33:33.728+0000] {processor.py:830} INFO - Processing file /opt/airflow/dags/baseball_etl.py for tasks to queue
[2026-04-21T02:33:33.730+0000] {logging_mixin.py:188} INFO - [2026-04-21T02:33:33.730+0000] {dagbag.py:538} INFO - Filling up the DagBag from /opt/airflow/dags/baseball_etl.py
[2026-04-21T02:33:34.241+0000] {processor.py:840} INFO - DAG(s) 'baseball_pipeline_v1' retrieved from /opt/airflow/dags/baseball_etl.py
[2026-04-21T02:33:34.259+0000] {logging_mixin.py:188} INFO - [2026-04-21T02:33:34.258+0000] {dag.py:3036} INFO - Sync 1 DAGs
[2026-04-21T02:33:34.285+0000] {logging_mixin.py:188} INFO - [2026-04-21T02:33:34.285+0000] {dag.py:3823} INFO - Setting next_dagrun for baseball_pipeline_v1 to 2026-04-21 00:00:00+00:00, run_after=2026-04-22 00:00:00+00:00
[2026-04-21T02:33:34.304+0000] {processor.py:183} INFO - Processing /opt/airflow/dags/baseball_etl.py took 0.582 seconds
[2026-04-21T02:34:04.536+0000] {processor.py:161} INFO - Started process (PID=3718945) to work on /opt/airflow/dags/baseball_etl.py
[2026-04-21T02:34:04.537+0000] {processor.py:830} INFO - Processing file /opt/airflow/dags/baseball_etl.py for tasks to queue
[2026-04-21T02:34:04.540+0000] {logging_mixin.py:188} INFO - [2026-04-21T02:34:04.539+0000] {dagbag.py:538} INFO - Filling up the DagBag from /opt/airflow/dags/baseball_etl.py
[2026-04-21T02:34:05.065+0000] {processor.py:840} INFO - DAG(s) 'baseball_pipeline_v1' retrieved from /opt/airflow/dags/baseball_etl.py
[2026-04-21T02:34:05.084+0000] {logging_mixin.py:188} INFO - [2026-04-21T02:34:05.084+0000] {dag.py:3036} INFO - Sync 1 DAGs
[2026-04-21T02:34:05.108+0000] {logging_mixin.py:188} INFO - [2026-04-21T02:34:05.107+0000] {dag.py:3823} INFO - Setting next_dagrun for baseball_pipeline_v1 to 2026-04-21 00:00:00+00:00, run_after=2026-04-22 00:00:00+00:00
[2026-04-21T02:34:05.125+0000] {processor.py:183} INFO - Processing /opt/airflow/dags/baseball_etl.py took 0.594 seconds
[2026-04-21T02:34:35.700+0000] {processor.py:161} INFO - Started process (PID=3719003) to work on /opt/airflow/dags/baseball_etl.py
[2026-04-21T02:34:35.702+0000] {processor.py:830} INFO - Processing file /opt/airflow/dags/baseball_etl.py for tasks to queue
[2026-04-21T02:34:35.705+0000] {logging_mixin.py:188} INFO - [2026-04-21T02:34:35.704+0000] {dagbag.py:538} INFO - Filling up the DagBag from /opt/airflow/dags/baseball_etl.py
[2026-04-21T02:34:36.238+0000] {processor.py:840} INFO - DAG(s) 'baseball_pipeline_v1' retrieved from /opt/airflow/dags/baseball_etl.py
[2026-04-21T02:34:36.256+0000] {logging_mixin.py:188} INFO - [2026-04-21T02:34:36.256+0000] {dag.py:3036} INFO - Sync 1 DAGs
[2026-04-21T02:34:36.280+0000] {logging_mixin.py:188} INFO - [2026-04-21T02:34:36.280+0000] {dag.py:3823} INFO - Setting next_dagrun for baseball_pipeline_v1 to 2026-04-21 00:00:00+00:00, run_after=2026-04-22 00:00:00+00:00
[2026-04-21T02:34:36.298+0000] {processor.py:183} INFO - Processing /opt/airflow/dags/baseball_etl.py took 0.603 seconds
[2026-04-21T02:35:06.723+0000] {processor.py:161} INFO - Started process (PID=3719060) to work on /opt/airflow/dags/baseball_etl.py
[2026-04-21T02:35:06.725+0000] {processor.py:830} INFO - Processing file /opt/airflow/dags/baseball_etl.py for tasks to queue
[2026-04-21T02:35:06.728+0000] {logging_mixin.py:188} INFO - [2026-04-21T02:35:06.727+0000] {dagbag.py:538} INFO - Filling up the DagBag from /opt/airflow/dags/baseball_etl.py
[2026-04-21T02:35:07.327+0000] {processor.py:840} INFO - DAG(s) 'baseball_pipeline_v1' retrieved from /opt/airflow/dags/baseball_etl.py
[2026-04-21T02:35:07.345+0000] {logging_mixin.py:188} INFO - [2026-04-21T02:35:07.344+0000] {dag.py:3036} INFO - Sync 1 DAGs
[2026-04-21T02:35:07.369+0000] {logging_mixin.py:188} INFO - [2026-04-21T02:35:07.369+0000] {dag.py:3823} INFO - Setting next_dagrun for baseball_pipeline_v1 to 2026-04-21 00:00:00+00:00, run_after=2026-04-22 00:00:00+00:00
[2026-04-21T02:35:07.394+0000] {processor.py:183} INFO - Processing /opt/airflow/dags/baseball_etl.py took 0.676 seconds
[2026-04-21T02:35:37.782+0000] {processor.py:161} INFO - Started process (PID=3719117) to work on /opt/airflow/dags/baseball_etl.py
[2026-04-21T02:35:37.785+0000] {processor.py:830} INFO - Processing file /opt/airflow/dags/baseball_etl.py for tasks to queue
[2026-04-21T02:35:37.787+0000] {logging_mixin.py:188} INFO - [2026-04-21T02:35:37.787+0000] {dagbag.py:538} INFO - Filling up the DagBag from /opt/airflow/dags/baseball_etl.py
[2026-04-21T02:35:38.111+0000] {processor.py:840} INFO - DAG(s) 'baseball_pipeline_v1' retrieved from /opt/airflow/dags/baseball_etl.py
[2026-04-21T02:35:38.132+0000] {logging_mixin.py:188} INFO - [2026-04-21T02:35:38.131+0000] {dag.py:3036} INFO - Sync 1 DAGs
[2026-04-21T02:35:38.160+0000] {logging_mixin.py:188} INFO - [2026-04-21T02:35:38.159+0000] {dag.py:3823} INFO - Setting next_dagrun for baseball_pipeline_v1 to 2026-04-21 00:00:00+00:00, run_after=2026-04-22 00:00:00+00:00
[2026-04-21T02:35:38.179+0000] {processor.py:183} INFO - Processing /opt/airflow/dags/baseball_etl.py took 0.401 seconds
[2026-04-21T02:36:08.217+0000] {processor.py:161} INFO - Started process (PID=3719177) to work on /opt/airflow/dags/baseball_etl.py
[2026-04-21T02:36:08.218+0000] {processor.py:830} INFO - Processing file /opt/airflow/dags/baseball_etl.py for tasks to queue
[2026-04-21T02:36:08.221+0000] {logging_mixin.py:188} INFO - [2026-04-21T02:36:08.220+0000] {dagbag.py:538} INFO - Filling up the DagBag from /opt/airflow/dags/baseball_etl.py
[2026-04-21T02:36:08.542+0000] {processor.py:840} INFO - DAG(s) 'baseball_pipeline_v1' retrieved from /opt/airflow/dags/baseball_etl.py
[2026-04-21T02:36:08.564+0000] {logging_mixin.py:188} INFO - [2026-04-21T02:36:08.564+0000] {dag.py:3036} INFO - Sync 1 DAGs
[2026-04-21T02:36:08.592+0000] {logging_mixin.py:188} INFO - [2026-04-21T02:36:08.591+0000] {dag.py:3823} INFO - Setting next_dagrun for baseball_pipeline_v1 to 2026-04-21 00:00:00+00:00, run_after=2026-04-22 00:00:00+00:00
[2026-04-21T02:36:08.610+0000] {processor.py:183} INFO - Processing /opt/airflow/dags/baseball_etl.py took 0.398 seconds
[2026-04-21T02:36:39.529+0000] {processor.py:161} INFO - Started process (PID=3719234) to work on /opt/airflow/dags/baseball_etl.py
[2026-04-21T02:36:39.531+0000] {processor.py:830} INFO - Processing file /opt/airflow/dags/baseball_etl.py for tasks to queue
[2026-04-21T02:36:39.533+0000] {logging_mixin.py:188} INFO - [2026-04-21T02:36:39.533+0000] {dagbag.py:538} INFO - Filling up the DagBag from /opt/airflow/dags/baseball_etl.py
[2026-04-21T02:36:39.849+0000] {processor.py:840} INFO - DAG(s) 'baseball_pipeline_v1' retrieved from /opt/airflow/dags/baseball_etl.py
[2026-04-21T02:36:39.870+0000] {logging_mixin.py:188} INFO - [2026-04-21T02:36:39.870+0000] {dag.py:3036} INFO - Sync 1 DAGs
[2026-04-21T02:36:39.897+0000] {logging_mixin.py:188} INFO - [2026-04-21T02:36:39.897+0000] {dag.py:3823} INFO - Setting next_dagrun for baseball_pipeline_v1 to 2026-04-21 00:00:00+00:00, run_after=2026-04-22 00:00:00+00:00
[2026-04-21T02:36:39.916+0000] {processor.py:183} INFO - Processing /opt/airflow/dags/baseball_etl.py took 0.391 seconds
[2026-04-21T02:37:09.995+0000] {processor.py:161} INFO - Started process (PID=3719294) to work on /opt/airflow/dags/baseball_etl.py
[2026-04-21T02:37:09.997+0000] {processor.py:830} INFO - Processing file /opt/airflow/dags/baseball_etl.py for tasks to queue
[2026-04-21T02:37:10.000+0000] {logging_mixin.py:188} INFO - [2026-04-21T02:37:09.999+0000] {dagbag.py:538} INFO - Filling up the DagBag from /opt/airflow/dags/baseball_etl.py
[2026-04-21T02:37:10.317+0000] {processor.py:840} INFO - DAG(s) 'baseball_pipeline_v1' retrieved from /opt/airflow/dags/baseball_etl.py
[2026-04-21T02:37:10.338+0000] {logging_mixin.py:188} INFO - [2026-04-21T02:37:10.337+0000] {dag.py:3036} INFO - Sync 1 DAGs
[2026-04-21T02:37:10.365+0000] {logging_mixin.py:188} INFO - [2026-04-21T02:37:10.364+0000] {dag.py:3823} INFO - Setting next_dagrun for baseball_pipeline_v1 to 2026-04-21 00:00:00+00:00, run_after=2026-04-22 00:00:00+00:00
[2026-04-21T02:37:10.382+0000] {processor.py:183} INFO - Processing /opt/airflow/dags/baseball_etl.py took 0.392 seconds
[2026-04-21T02:37:41.316+0000] {processor.py:161} INFO - Started process (PID=3719354) to work on /opt/airflow/dags/baseball_etl.py
[2026-04-21T02:37:41.319+0000] {processor.py:830} INFO - Processing file /opt/airflow/dags/baseball_etl.py for tasks to queue
[2026-04-21T02:37:41.321+0000] {logging_mixin.py:188} INFO - [2026-04-21T02:37:41.321+0000] {dagbag.py:538} INFO - Filling up the DagBag from /opt/airflow/dags/baseball_etl.py
[2026-04-21T02:37:41.677+0000] {processor.py:840} INFO - DAG(s) 'baseball_pipeline_v1' retrieved from /opt/airflow/dags/baseball_etl.py
[2026-04-21T02:37:41.700+0000] {logging_mixin.py:188} INFO - [2026-04-21T02:37:41.699+0000] {dag.py:3036} INFO - Sync 1 DAGs
[2026-04-21T02:37:41.739+0000] {logging_mixin.py:188} INFO - [2026-04-21T02:37:41.739+0000] {dag.py:3823} INFO - Setting next_dagrun for baseball_pipeline_v1 to 2026-04-21 00:00:00+00:00, run_after=2026-04-22 00:00:00+00:00
[2026-04-21T02:37:41.758+0000] {processor.py:183} INFO - Processing /opt/airflow/dags/baseball_etl.py took 0.446 seconds
[2026-04-21T02:38:12.642+0000] {processor.py:161} INFO - Started process (PID=3719413) to work on /opt/airflow/dags/baseball_etl.py
[2026-04-21T02:38:12.644+0000] {processor.py:830} INFO - Processing file /opt/airflow/dags/baseball_etl.py for tasks to queue
[2026-04-21T02:38:12.646+0000] {logging_mixin.py:188} INFO - [2026-04-21T02:38:12.646+0000] {dagbag.py:538} INFO - Filling up the DagBag from /opt/airflow/dags/baseball_etl.py
[2026-04-21T02:38:12.972+0000] {processor.py:840} INFO - DAG(s) 'baseball_pipeline_v1' retrieved from /opt/airflow/dags/baseball_etl.py
[2026-04-21T02:38:12.995+0000] {logging_mixin.py:188} INFO - [2026-04-21T02:38:12.994+0000] {dag.py:3036} INFO - Sync 1 DAGs
[2026-04-21T02:38:13.023+0000] {logging_mixin.py:188} INFO - [2026-04-21T02:38:13.023+0000] {dag.py:3823} INFO - Setting next_dagrun for baseball_pipeline_v1 to 2026-04-21 00:00:00+00:00, run_after=2026-04-22 00:00:00+00:00
[2026-04-21T02:38:13.042+0000] {processor.py:183} INFO - Processing /opt/airflow/dags/baseball_etl.py took 0.405 seconds
[2026-04-21T02:38:43.082+0000] {processor.py:161} INFO - Started process (PID=3719471) to work on /opt/airflow/dags/baseball_etl.py
[2026-04-21T02:38:43.084+0000] {processor.py:830} INFO - Processing file /opt/airflow/dags/baseball_etl.py for tasks to queue
[2026-04-21T02:38:43.086+0000] {logging_mixin.py:188} INFO - [2026-04-21T02:38:43.086+0000] {dagbag.py:538} INFO - Filling up the DagBag from /opt/airflow/dags/baseball_etl.py
[2026-04-21T02:38:43.408+0000] {processor.py:840} INFO - DAG(s) 'baseball_pipeline_v1' retrieved from /opt/airflow/dags/baseball_etl.py
[2026-04-21T02:38:43.433+0000] {logging_mixin.py:188} INFO - [2026-04-21T02:38:43.432+0000] {dag.py:3036} INFO - Sync 1 DAGs
[2026-04-21T02:38:43.464+0000] {logging_mixin.py:188} INFO - [2026-04-21T02:38:43.464+0000] {dag.py:3823} INFO - Setting next_dagrun for baseball_pipeline_v1 to 2026-04-21 00:00:00+00:00, run_after=2026-04-22 00:00:00+00:00
[2026-04-21T02:38:43.484+0000] {processor.py:183} INFO - Processing /opt/airflow/dags/baseball_etl.py took 0.407 seconds
[2026-04-21T02:39:13.591+0000] {processor.py:161} INFO - Started process (PID=3719530) to work on /opt/airflow/dags/baseball_etl.py
[2026-04-21T02:39:13.593+0000] {processor.py:830} INFO - Processing file /opt/airflow/dags/baseball_etl.py for tasks to queue
[2026-04-21T02:39:13.595+0000] {logging_mixin.py:188} INFO - [2026-04-21T02:39:13.595+0000] {dagbag.py:538} INFO - Filling up the DagBag from /opt/airflow/dags/baseball_etl.py
[2026-04-21T02:39:13.924+0000] {processor.py:840} INFO - DAG(s) 'baseball_pipeline_v1' retrieved from /opt/airflow/dags/baseball_etl.py
[2026-04-21T02:39:13.949+0000] {logging_mixin.py:188} INFO - [2026-04-21T02:39:13.948+0000] {dag.py:3036} INFO - Sync 1 DAGs
[2026-04-21T02:39:13.977+0000] {logging_mixin.py:188} INFO - [2026-04-21T02:39:13.977+0000] {dag.py:3823} INFO - Setting next_dagrun for baseball_pipeline_v1 to 2026-04-21 00:00:00+00:00, run_after=2026-04-22 00:00:00+00:00
[2026-04-21T02:39:13.997+0000] {processor.py:183} INFO - Processing /opt/airflow/dags/baseball_etl.py took 0.412 seconds
[2026-04-21T02:39:44.110+0000] {processor.py:161} INFO - Started process (PID=3719587) to work on /opt/airflow/dags/baseball_etl.py
[2026-04-21T02:39:44.113+0000] {processor.py:830} INFO - Processing file /opt/airflow/dags/baseball_etl.py for tasks to queue
[2026-04-21T02:39:44.116+0000] {logging_mixin.py:188} INFO - [2026-04-21T02:39:44.115+0000] {dagbag.py:538} INFO - Filling up the DagBag from /opt/airflow/dags/baseball_etl.py
[2026-04-21T02:39:44.453+0000] {processor.py:840} INFO - DAG(s) 'baseball_pipeline_v1' retrieved from /opt/airflow/dags/baseball_etl.py
[2026-04-21T02:39:44.478+0000] {logging_mixin.py:188} INFO - [2026-04-21T02:39:44.478+0000] {dag.py:3036} INFO - Sync 1 DAGs
[2026-04-21T02:39:44.507+0000] {logging_mixin.py:188} INFO - [2026-04-21T02:39:44.507+0000] {dag.py:3823} INFO - Setting next_dagrun for baseball_pipeline_v1 to 2026-04-21 00:00:00+00:00, run_after=2026-04-22 00:00:00+00:00
[2026-04-21T02:39:44.527+0000] {processor.py:183} INFO - Processing /opt/airflow/dags/baseball_etl.py took 0.423 seconds
[2026-04-21T02:40:15.408+0000] {processor.py:161} INFO - Started process (PID=3719644) to work on /opt/airflow/dags/baseball_etl.py
[2026-04-21T02:40:15.410+0000] {processor.py:830} INFO - Processing file /opt/airflow/dags/baseball_etl.py for tasks to queue
[2026-04-21T02:40:15.413+0000] {logging_mixin.py:188} INFO - [2026-04-21T02:40:15.412+0000] {dagbag.py:538} INFO - Filling up the DagBag from /opt/airflow/dags/baseball_etl.py
[2026-04-21T02:40:15.735+0000] {processor.py:840} INFO - DAG(s) 'baseball_pipeline_v1' retrieved from /opt/airflow/dags/baseball_etl.py
[2026-04-21T02:40:15.756+0000] {logging_mixin.py:188} INFO - [2026-04-21T02:40:15.756+0000] {dag.py:3036} INFO - Sync 1 DAGs
[2026-04-21T02:40:15.783+0000] {logging_mixin.py:188} INFO - [2026-04-21T02:40:15.783+0000] {dag.py:3823} INFO - Setting next_dagrun for baseball_pipeline_v1 to 2026-04-21 00:00:00+00:00, run_after=2026-04-22 00:00:00+00:00
[2026-04-21T02:40:15.801+0000] {processor.py:183} INFO - Processing /opt/airflow/dags/baseball_etl.py took 0.398 seconds
[2026-04-21T02:40:46.393+0000] {processor.py:161} INFO - Started process (PID=3719707) to work on /opt/airflow/dags/baseball_etl.py
[2026-04-21T02:40:46.395+0000] {processor.py:830} INFO - Processing file /opt/airflow/dags/baseball_etl.py for tasks to queue
[2026-04-21T02:40:46.398+0000] {logging_mixin.py:188} INFO - [2026-04-21T02:40:46.397+0000] {dagbag.py:538} INFO - Filling up the DagBag from /opt/airflow/dags/baseball_etl.py
[2026-04-21T02:40:46.743+0000] {processor.py:840} INFO - DAG(s) 'baseball_pipeline_v1' retrieved from /opt/airflow/dags/baseball_etl.py
[2026-04-21T02:40:46.766+0000] {logging_mixin.py:188} INFO - [2026-04-21T02:40:46.765+0000] {dag.py:3036} INFO - Sync 1 DAGs
[2026-04-21T02:40:46.795+0000] {logging_mixin.py:188} INFO - [2026-04-21T02:40:46.795+0000] {dag.py:3823} INFO - Setting next_dagrun for baseball_pipeline_v1 to 2026-04-21 00:00:00+00:00, run_after=2026-04-22 00:00:00+00:00
[2026-04-21T02:40:46.813+0000] {processor.py:183} INFO - Processing /opt/airflow/dags/baseball_etl.py took 0.427 seconds
[2026-04-21T02:41:17.707+0000] {processor.py:161} INFO - Started process (PID=3719764) to work on /opt/airflow/dags/baseball_etl.py
[2026-04-21T02:41:17.709+0000] {processor.py:830} INFO - Processing file /opt/airflow/dags/baseball_etl.py for tasks to queue
[2026-04-21T02:41:17.711+0000] {logging_mixin.py:188} INFO - [2026-04-21T02:41:17.711+0000] {dagbag.py:538} INFO - Filling up the DagBag from /opt/airflow/dags/baseball_etl.py
[2026-04-21T02:41:18.049+0000] {processor.py:840} INFO - DAG(s) 'baseball_pipeline_v1' retrieved from /opt/airflow/dags/baseball_etl.py
[2026-04-21T02:41:18.071+0000] {logging_mixin.py:188} INFO - [2026-04-21T02:41:18.070+0000] {dag.py:3036} INFO - Sync 1 DAGs
[2026-04-21T02:41:18.100+0000] {logging_mixin.py:188} INFO - [2026-04-21T02:41:18.100+0000] {dag.py:3823} INFO - Setting next_dagrun for baseball_pipeline_v1 to 2026-04-21 00:00:00+00:00, run_after=2026-04-22 00:00:00+00:00
[2026-04-21T02:41:18.118+0000] {processor.py:183} INFO - Processing /opt/airflow/dags/baseball_etl.py took 0.416 seconds
[2026-04-21T02:41:48.623+0000] {processor.py:161} INFO - Started process (PID=3719821) to work on /opt/airflow/dags/baseball_etl.py
[2026-04-21T02:41:48.625+0000] {processor.py:830} INFO - Processing file /opt/airflow/dags/baseball_etl.py for tasks to queue
[2026-04-21T02:41:48.628+0000] {logging_mixin.py:188} INFO - [2026-04-21T02:41:48.627+0000] {dagbag.py:538} INFO - Filling up the DagBag from /opt/airflow/dags/baseball_etl.py
[2026-04-21T02:41:48.951+0000] {processor.py:840} INFO - DAG(s) 'baseball_pipeline_v1' retrieved from /opt/airflow/dags/baseball_etl.py
[2026-04-21T02:41:48.973+0000] {logging_mixin.py:188} INFO - [2026-04-21T02:41:48.972+0000] {dag.py:3036} INFO - Sync 1 DAGs
[2026-04-21T02:41:49.001+0000] {logging_mixin.py:188} INFO - [2026-04-21T02:41:49.001+0000] {dag.py:3823} INFO - Setting next_dagrun for baseball_pipeline_v1 to 2026-04-21 00:00:00+00:00, run_after=2026-04-22 00:00:00+00:00
[2026-04-21T02:41:49.019+0000] {processor.py:183} INFO - Processing /opt/airflow/dags/baseball_etl.py took 0.401 seconds
[2026-04-21T02:42:19.626+0000] {processor.py:161} INFO - Started process (PID=3719878) to work on /opt/airflow/dags/baseball_etl.py
[2026-04-21T02:42:19.628+0000] {processor.py:830} INFO - Processing file /opt/airflow/dags/baseball_etl.py for tasks to queue
[2026-04-21T02:42:19.631+0000] {logging_mixin.py:188} INFO - [2026-04-21T02:42:19.630+0000] {dagbag.py:538} INFO - Filling up the DagBag from /opt/airflow/dags/baseball_etl.py
[2026-04-21T02:42:19.950+0000] {processor.py:840} INFO - DAG(s) 'baseball_pipeline_v1' retrieved from /opt/airflow/dags/baseball_etl.py
[2026-04-21T02:42:19.973+0000] {logging_mixin.py:188} INFO - [2026-04-21T02:42:19.972+0000] {dag.py:3036} INFO - Sync 1 DAGs
[2026-04-21T02:42:19.999+0000] {logging_mixin.py:188} INFO - [2026-04-21T02:42:19.999+0000] {dag.py:3823} INFO - Setting next_dagrun for baseball_pipeline_v1 to 2026-04-21 00:00:00+00:00, run_after=2026-04-22 00:00:00+00:00
[2026-04-21T02:42:20.019+0000] {processor.py:183} INFO - Processing /opt/airflow/dags/baseball_etl.py took 0.399 seconds
[2026-04-21T02:42:50.120+0000] {processor.py:161} INFO - Started process (PID=3719935) to work on /opt/airflow/dags/baseball_etl.py
[2026-04-21T02:42:50.122+0000] {processor.py:830} INFO - Processing file /opt/airflow/dags/baseball_etl.py for tasks to queue
[2026-04-21T02:42:50.125+0000] {logging_mixin.py:188} INFO - [2026-04-21T02:42:50.124+0000] {dagbag.py:538} INFO - Filling up the DagBag from /opt/airflow/dags/baseball_etl.py
[2026-04-21T02:42:50.442+0000] {processor.py:840} INFO - DAG(s) 'baseball_pipeline_v1' retrieved from /opt/airflow/dags/baseball_etl.py
[2026-04-21T02:42:50.467+0000] {logging_mixin.py:188} INFO - [2026-04-21T02:42:50.466+0000] {dag.py:3036} INFO - Sync 1 DAGs
[2026-04-21T02:42:50.495+0000] {logging_mixin.py:188} INFO - [2026-04-21T02:42:50.494+0000] {dag.py:3823} INFO - Setting next_dagrun for baseball_pipeline_v1 to 2026-04-21 00:00:00+00:00, run_after=2026-04-22 00:00:00+00:00
[2026-04-21T02:42:50.513+0000] {processor.py:183} INFO - Processing /opt/airflow/dags/baseball_etl.py took 0.398 seconds
[2026-04-21T02:43:21.443+0000] {processor.py:161} INFO - Started process (PID=3719992) to work on /opt/airflow/dags/baseball_etl.py
[2026-04-21T02:43:21.445+0000] {processor.py:830} INFO - Processing file /opt/airflow/dags/baseball_etl.py for tasks to queue
[2026-04-21T02:43:21.448+0000] {logging_mixin.py:188} INFO - [2026-04-21T02:43:21.447+0000] {dagbag.py:538} INFO - Filling up the DagBag from /opt/airflow/dags/baseball_etl.py
[2026-04-21T02:43:21.774+0000] {processor.py:840} INFO - DAG(s) 'baseball_pipeline_v1' retrieved from /opt/airflow/dags/baseball_etl.py
[2026-04-21T02:43:21.795+0000] {logging_mixin.py:188} INFO - [2026-04-21T02:43:21.795+0000] {dag.py:3036} INFO - Sync 1 DAGs
[2026-04-21T02:43:21.822+0000] {logging_mixin.py:188} INFO - [2026-04-21T02:43:21.822+0000] {dag.py:3823} INFO - Setting next_dagrun for baseball_pipeline_v1 to 2026-04-21 00:00:00+00:00, run_after=2026-04-22 00:00:00+00:00
[2026-04-21T02:43:21.840+0000] {processor.py:183} INFO - Processing /opt/airflow/dags/baseball_etl.py took 0.402 seconds
[2026-04-21T02:43:52.620+0000] {processor.py:161} INFO - Started process (PID=3720049) to work on /opt/airflow/dags/baseball_etl.py
[2026-04-21T02:43:52.622+0000] {processor.py:830} INFO - Processing file /opt/airflow/dags/baseball_etl.py for tasks to queue
[2026-04-21T02:43:52.625+0000] {logging_mixin.py:188} INFO - [2026-04-21T02:43:52.624+0000] {dagbag.py:538} INFO - Filling up the DagBag from /opt/airflow/dags/baseball_etl.py
[2026-04-21T02:43:52.957+0000] {processor.py:840} INFO - DAG(s) 'baseball_pipeline_v1' retrieved from /opt/airflow/dags/baseball_etl.py
[2026-04-21T02:43:52.982+0000] {logging_mixin.py:188} INFO - [2026-04-21T02:43:52.981+0000] {dag.py:3036} INFO - Sync 1 DAGs
[2026-04-21T02:43:53.010+0000] {logging_mixin.py:188} INFO - [2026-04-21T02:43:53.010+0000] {dag.py:3823} INFO - Setting next_dagrun for baseball_pipeline_v1 to 2026-04-21 00:00:00+00:00, run_after=2026-04-22 00:00:00+00:00
[2026-04-21T02:43:53.030+0000] {processor.py:183} INFO - Processing /opt/airflow/dags/baseball_etl.py took 0.414 seconds
[2026-04-21T02:44:24.022+0000] {processor.py:161} INFO - Started process (PID=3720108) to work on /opt/airflow/dags/baseball_etl.py
[2026-04-21T02:44:24.024+0000] {processor.py:830} INFO - Processing file /opt/airflow/dags/baseball_etl.py for tasks to queue
[2026-04-21T02:44:24.026+0000] {logging_mixin.py:188} INFO - [2026-04-21T02:44:24.025+0000] {dagbag.py:538} INFO - Filling up the DagBag from /opt/airflow/dags/baseball_etl.py
[2026-04-21T02:44:24.343+0000] {processor.py:840} INFO - DAG(s) 'baseball_pipeline_v1' retrieved from /opt/airflow/dags/baseball_etl.py
[2026-04-21T02:44:24.364+0000] {logging_mixin.py:188} INFO - [2026-04-21T02:44:24.363+0000] {dag.py:3036} INFO - Sync 1 DAGs
[2026-04-21T02:44:24.389+0000] {logging_mixin.py:188} INFO - [2026-04-21T02:44:24.389+0000] {dag.py:3823} INFO - Setting next_dagrun for baseball_pipeline_v1 to 2026-04-21 00:00:00+00:00, run_after=2026-04-22 00:00:00+00:00
[2026-04-21T02:44:24.407+0000] {processor.py:183} INFO - Processing /opt/airflow/dags/baseball_etl.py took 0.390 seconds
[2026-04-21T02:44:54.518+0000] {processor.py:161} INFO - Started process (PID=3720168) to work on /opt/airflow/dags/baseball_etl.py
[2026-04-21T02:44:54.520+0000] {processor.py:830} INFO - Processing file /opt/airflow/dags/baseball_etl.py for tasks to queue
[2026-04-21T02:44:54.522+0000] {logging_mixin.py:188} INFO - [2026-04-21T02:44:54.522+0000] {dagbag.py:538} INFO - Filling up the DagBag from /opt/airflow/dags/baseball_etl.py
[2026-04-21T02:44:54.840+0000] {processor.py:840} INFO - DAG(s) 'baseball_pipeline_v1' retrieved from /opt/airflow/dags/baseball_etl.py
[2026-04-21T02:44:54.861+0000] {logging_mixin.py:188} INFO - [2026-04-21T02:44:54.860+0000] {dag.py:3036} INFO - Sync 1 DAGs
[2026-04-21T02:44:54.886+0000] {logging_mixin.py:188} INFO - [2026-04-21T02:44:54.886+0000] {dag.py:3823} INFO - Setting next_dagrun for baseball_pipeline_v1 to 2026-04-21 00:00:00+00:00, run_after=2026-04-22 00:00:00+00:00
[2026-04-21T02:44:54.905+0000] {processor.py:183} INFO - Processing /opt/airflow/dags/baseball_etl.py took 0.392 seconds
[2026-04-21T02:45:25.890+0000] {processor.py:161} INFO - Started process (PID=3720226) to work on /opt/airflow/dags/baseball_etl.py
[2026-04-21T02:45:25.892+0000] {processor.py:830} INFO - Processing file /opt/airflow/dags/baseball_etl.py for tasks to queue
[2026-04-21T02:45:25.894+0000] {logging_mixin.py:188} INFO - [2026-04-21T02:45:25.894+0000] {dagbag.py:538} INFO - Filling up the DagBag from /opt/airflow/dags/baseball_etl.py
[2026-04-21T02:45:26.216+0000] {processor.py:840} INFO - DAG(s) 'baseball_pipeline_v1' retrieved from /opt/airflow/dags/baseball_etl.py
[2026-04-21T02:45:26.237+0000] {logging_mixin.py:188} INFO - [2026-04-21T02:45:26.236+0000] {dag.py:3036} INFO - Sync 1 DAGs
[2026-04-21T02:45:26.262+0000] {logging_mixin.py:188} INFO - [2026-04-21T02:45:26.262+0000] {dag.py:3823} INFO - Setting next_dagrun for baseball_pipeline_v1 to 2026-04-21 00:00:00+00:00, run_after=2026-04-22 00:00:00+00:00
[2026-04-21T02:45:26.281+0000] {processor.py:183} INFO - Processing /opt/airflow/dags/baseball_etl.py took 0.396 seconds
[2026-04-21T02:45:57.098+0000] {processor.py:161} INFO - Started process (PID=3720283) to work on /opt/airflow/dags/baseball_etl.py
[2026-04-21T02:45:57.100+0000] {processor.py:830} INFO - Processing file /opt/airflow/dags/baseball_etl.py for tasks to queue
[2026-04-21T02:45:57.103+0000] {logging_mixin.py:188} INFO - [2026-04-21T02:45:57.102+0000] {dagbag.py:538} INFO - Filling up the DagBag from /opt/airflow/dags/baseball_etl.py
[2026-04-21T02:45:57.431+0000] {processor.py:840} INFO - DAG(s) 'baseball_pipeline_v1' retrieved from /opt/airflow/dags/baseball_etl.py
[2026-04-21T02:45:57.452+0000] {logging_mixin.py:188} INFO - [2026-04-21T02:45:57.451+0000] {dag.py:3036} INFO - Sync 1 DAGs
[2026-04-21T02:45:57.478+0000] {logging_mixin.py:188} INFO - [2026-04-21T02:45:57.478+0000] {dag.py:3823} INFO - Setting next_dagrun for baseball_pipeline_v1 to 2026-04-21 00:00:00+00:00, run_after=2026-04-22 00:00:00+00:00
[2026-04-21T02:45:57.496+0000] {processor.py:183} INFO - Processing /opt/airflow/dags/baseball_etl.py took 0.403 seconds
[2026-04-21T02:46:27.583+0000] {processor.py:161} INFO - Started process (PID=3720343) to work on /opt/airflow/dags/baseball_etl.py
[2026-04-21T02:46:27.585+0000] {processor.py:830} INFO - Processing file /opt/airflow/dags/baseball_etl.py for tasks to queue
[2026-04-21T02:46:27.587+0000] {logging_mixin.py:188} INFO - [2026-04-21T02:46:27.587+0000] {dagbag.py:538} INFO - Filling up the DagBag from /opt/airflow/dags/baseball_etl.py
[2026-04-21T02:46:27.908+0000] {processor.py:840} INFO - DAG(s) 'baseball_pipeline_v1' retrieved from /opt/airflow/dags/baseball_etl.py
[2026-04-21T02:46:27.929+0000] {logging_mixin.py:188} INFO - [2026-04-21T02:46:27.929+0000] {dag.py:3036} INFO - Sync 1 DAGs
[2026-04-21T02:46:27.955+0000] {logging_mixin.py:188} INFO - [2026-04-21T02:46:27.955+0000] {dag.py:3823} INFO - Setting next_dagrun for baseball_pipeline_v1 to 2026-04-21 00:00:00+00:00, run_after=2026-04-22 00:00:00+00:00
[2026-04-21T02:46:27.973+0000] {processor.py:183} INFO - Processing /opt/airflow/dags/baseball_etl.py took 0.395 seconds
[2026-04-21T02:46:58.943+0000] {processor.py:161} INFO - Started process (PID=3720401) to work on /opt/airflow/dags/baseball_etl.py
[2026-04-21T02:46:58.945+0000] {processor.py:830} INFO - Processing file /opt/airflow/dags/baseball_etl.py for tasks to queue
[2026-04-21T02:46:58.947+0000] {logging_mixin.py:188} INFO - [2026-04-21T02:46:58.947+0000] {dagbag.py:538} INFO - Filling up the DagBag from /opt/airflow/dags/baseball_etl.py
[2026-04-21T02:46:59.291+0000] {processor.py:840} INFO - DAG(s) 'baseball_pipeline_v1' retrieved from /opt/airflow/dags/baseball_etl.py
[2026-04-21T02:46:59.314+0000] {logging_mixin.py:188} INFO - [2026-04-21T02:46:59.313+0000] {dag.py:3036} INFO - Sync 1 DAGs
[2026-04-21T02:46:59.340+0000] {logging_mixin.py:188} INFO - [2026-04-21T02:46:59.340+0000] {dag.py:3823} INFO - Setting next_dagrun for baseball_pipeline_v1 to 2026-04-21 00:00:00+00:00, run_after=2026-04-22 00:00:00+00:00
[2026-04-21T02:46:59.358+0000] {processor.py:183} INFO - Processing /opt/airflow/dags/baseball_etl.py took 0.421 seconds
[2026-04-21T02:47:30.260+0000] {processor.py:161} INFO - Started process (PID=3720459) to work on /opt/airflow/dags/baseball_etl.py
[2026-04-21T02:47:30.265+0000] {processor.py:830} INFO - Processing file /opt/airflow/dags/baseball_etl.py for tasks to queue
[2026-04-21T02:47:30.267+0000] {logging_mixin.py:188} INFO - [2026-04-21T02:47:30.267+0000] {dagbag.py:538} INFO - Filling up the DagBag from /opt/airflow/dags/baseball_etl.py
[2026-04-21T02:47:30.594+0000] {processor.py:840} INFO - DAG(s) 'baseball_pipeline_v1' retrieved from /opt/airflow/dags/baseball_etl.py
[2026-04-21T02:47:30.616+0000] {logging_mixin.py:188} INFO - [2026-04-21T02:47:30.615+0000] {dag.py:3036} INFO - Sync 1 DAGs
[2026-04-21T02:47:30.642+0000] {logging_mixin.py:188} INFO - [2026-04-21T02:47:30.642+0000] {dag.py:3823} INFO - Setting next_dagrun for baseball_pipeline_v1 to 2026-04-21 00:00:00+00:00, run_after=2026-04-22 00:00:00+00:00
[2026-04-21T02:47:30.660+0000] {processor.py:183} INFO - Processing /opt/airflow/dags/baseball_etl.py took 0.406 seconds
[2026-04-21T02:48:00.747+0000] {processor.py:161} INFO - Started process (PID=3720519) to work on /opt/airflow/dags/baseball_etl.py
[2026-04-21T02:48:00.749+0000] {processor.py:830} INFO - Processing file /opt/airflow/dags/baseball_etl.py for tasks to queue
[2026-04-21T02:48:00.752+0000] {logging_mixin.py:188} INFO - [2026-04-21T02:48:00.751+0000] {dagbag.py:538} INFO - Filling up the DagBag from /opt/airflow/dags/baseball_etl.py
[2026-04-21T02:48:01.092+0000] {processor.py:840} INFO - DAG(s) 'baseball_pipeline_v1' retrieved from /opt/airflow/dags/baseball_etl.py
[2026-04-21T02:48:01.116+0000] {logging_mixin.py:188} INFO - [2026-04-21T02:48:01.116+0000] {dag.py:3036} INFO - Sync 1 DAGs
[2026-04-21T02:48:01.144+0000] {logging_mixin.py:188} INFO - [2026-04-21T02:48:01.143+0000] {dag.py:3823} INFO - Setting next_dagrun for baseball_pipeline_v1 to 2026-04-21 00:00:00+00:00, run_after=2026-04-22 00:00:00+00:00
[2026-04-21T02:48:01.163+0000] {processor.py:183} INFO - Processing /opt/airflow/dags/baseball_etl.py took 0.421 seconds
[2026-04-21T02:48:32.059+0000] {processor.py:161} INFO - Started process (PID=3720577) to work on /opt/airflow/dags/baseball_etl.py
[2026-04-21T02:48:32.061+0000] {processor.py:830} INFO - Processing file /opt/airflow/dags/baseball_etl.py for tasks to queue
[2026-04-21T02:48:32.063+0000] {logging_mixin.py:188} INFO - [2026-04-21T02:48:32.063+0000] {dagbag.py:538} INFO - Filling up the DagBag from /opt/airflow/dags/baseball_etl.py
[2026-04-21T02:48:32.385+0000] {processor.py:840} INFO - DAG(s) 'baseball_pipeline_v1' retrieved from /opt/airflow/dags/baseball_etl.py
[2026-04-21T02:48:32.408+0000] {logging_mixin.py:188} INFO - [2026-04-21T02:48:32.407+0000] {dag.py:3036} INFO - Sync 1 DAGs
[2026-04-21T02:48:32.433+0000] {logging_mixin.py:188} INFO - [2026-04-21T02:48:32.433+0000] {dag.py:3823} INFO - Setting next_dagrun for baseball_pipeline_v1 to 2026-04-21 00:00:00+00:00, run_after=2026-04-22 00:00:00+00:00
[2026-04-21T02:48:32.450+0000] {processor.py:183} INFO - Processing /opt/airflow/dags/baseball_etl.py took 0.397 seconds
[2026-04-21T02:49:03.390+0000] {processor.py:161} INFO - Started process (PID=3720635) to work on /opt/airflow/dags/baseball_etl.py
[2026-04-21T02:49:03.392+0000] {processor.py:830} INFO - Processing file /opt/airflow/dags/baseball_etl.py for tasks to queue
[2026-04-21T02:49:03.395+0000] {logging_mixin.py:188} INFO - [2026-04-21T02:49:03.394+0000] {dagbag.py:538} INFO - Filling up the DagBag from /opt/airflow/dags/baseball_etl.py
[2026-04-21T02:49:03.713+0000] {processor.py:840} INFO - DAG(s) 'baseball_pipeline_v1' retrieved from /opt/airflow/dags/baseball_etl.py
[2026-04-21T02:49:03.736+0000] {logging_mixin.py:188} INFO - [2026-04-21T02:49:03.735+0000] {dag.py:3036} INFO - Sync 1 DAGs
[2026-04-21T02:49:03.761+0000] {logging_mixin.py:188} INFO - [2026-04-21T02:49:03.761+0000] {dag.py:3823} INFO - Setting next_dagrun for baseball_pipeline_v1 to 2026-04-21 00:00:00+00:00, run_after=2026-04-22 00:00:00+00:00
[2026-04-21T02:49:03.778+0000] {processor.py:183} INFO - Processing /opt/airflow/dags/baseball_etl.py took 0.393 seconds
[2026-04-21T02:49:34.708+0000] {processor.py:161} INFO - Started process (PID=3720693) to work on /opt/airflow/dags/baseball_etl.py
[2026-04-21T02:49:34.710+0000] {processor.py:830} INFO - Processing file /opt/airflow/dags/baseball_etl.py for tasks to queue
[2026-04-21T02:49:34.712+0000] {logging_mixin.py:188} INFO - [2026-04-21T02:49:34.712+0000] {dagbag.py:538} INFO - Filling up the DagBag from /opt/airflow/dags/baseball_etl.py
[2026-04-21T02:49:35.059+0000] {processor.py:840} INFO - DAG(s) 'baseball_pipeline_v1' retrieved from /opt/airflow/dags/baseball_etl.py
[2026-04-21T02:49:35.081+0000] {logging_mixin.py:188} INFO - [2026-04-21T02:49:35.080+0000] {dag.py:3036} INFO - Sync 1 DAGs
[2026-04-21T02:49:35.107+0000] {logging_mixin.py:188} INFO - [2026-04-21T02:49:35.107+0000] {dag.py:3823} INFO - Setting next_dagrun for baseball_pipeline_v1 to 2026-04-21 00:00:00+00:00, run_after=2026-04-22 00:00:00+00:00
[2026-04-21T02:49:35.127+0000] {processor.py:183} INFO - Processing /opt/airflow/dags/baseball_etl.py took 0.424 seconds
[2026-04-21T02:50:05.336+0000] {processor.py:161} INFO - Started process (PID=3720751) to work on /opt/airflow/dags/baseball_etl.py
[2026-04-21T02:50:05.338+0000] {processor.py:830} INFO - Processing file /opt/airflow/dags/baseball_etl.py for tasks to queue
[2026-04-21T02:50:05.341+0000] {logging_mixin.py:188} INFO - [2026-04-21T02:50:05.340+0000] {dagbag.py:538} INFO - Filling up the DagBag from /opt/airflow/dags/baseball_etl.py
[2026-04-21T02:50:05.660+0000] {processor.py:840} INFO - DAG(s) 'baseball_pipeline_v1' retrieved from /opt/airflow/dags/baseball_etl.py
[2026-04-21T02:50:05.682+0000] {logging_mixin.py:188} INFO - [2026-04-21T02:50:05.682+0000] {dag.py:3036} INFO - Sync 1 DAGs
[2026-04-21T02:50:05.709+0000] {logging_mixin.py:188} INFO - [2026-04-21T02:50:05.709+0000] {dag.py:3823} INFO - Setting next_dagrun for baseball_pipeline_v1 to 2026-04-21 00:00:00+00:00, run_after=2026-04-22 00:00:00+00:00
[2026-04-21T02:50:05.727+0000] {processor.py:183} INFO - Processing /opt/airflow/dags/baseball_etl.py took 0.396 seconds
[2026-04-21T02:50:36.464+0000] {processor.py:161} INFO - Started process (PID=3720809) to work on /opt/airflow/dags/baseball_etl.py
[2026-04-21T02:50:36.465+0000] {processor.py:830} INFO - Processing file /opt/airflow/dags/baseball_etl.py for tasks to queue
[2026-04-21T02:50:36.468+0000] {logging_mixin.py:188} INFO - [2026-04-21T02:50:36.467+0000] {dagbag.py:538} INFO - Filling up the DagBag from /opt/airflow/dags/baseball_etl.py
[2026-04-21T02:50:36.791+0000] {processor.py:840} INFO - DAG(s) 'baseball_pipeline_v1' retrieved from /opt/airflow/dags/baseball_etl.py
[2026-04-21T02:50:36.812+0000] {logging_mixin.py:188} INFO - [2026-04-21T02:50:36.812+0000] {dag.py:3036} INFO - Sync 1 DAGs
[2026-04-21T02:50:36.843+0000] {logging_mixin.py:188} INFO - [2026-04-21T02:50:36.843+0000] {dag.py:3823} INFO - Setting next_dagrun for baseball_pipeline_v1 to 2026-04-21 00:00:00+00:00, run_after=2026-04-22 00:00:00+00:00
[2026-04-21T02:50:36.865+0000] {processor.py:183} INFO - Processing /opt/airflow/dags/baseball_etl.py took 0.407 seconds
[2026-04-21T02:51:07.556+0000] {processor.py:161} INFO - Started process (PID=3720866) to work on /opt/airflow/dags/baseball_etl.py
[2026-04-21T02:51:07.558+0000] {processor.py:830} INFO - Processing file /opt/airflow/dags/baseball_etl.py for tasks to queue
[2026-04-21T02:51:07.561+0000] {logging_mixin.py:188} INFO - [2026-04-21T02:51:07.560+0000] {dagbag.py:538} INFO - Filling up the DagBag from /opt/airflow/dags/baseball_etl.py
[2026-04-21T02:51:07.879+0000] {processor.py:840} INFO - DAG(s) 'baseball_pipeline_v1' retrieved from /opt/airflow/dags/baseball_etl.py
[2026-04-21T02:51:07.902+0000] {logging_mixin.py:188} INFO - [2026-04-21T02:51:07.901+0000] {dag.py:3036} INFO - Sync 1 DAGs
[2026-04-21T02:51:07.928+0000] {logging_mixin.py:188} INFO - [2026-04-21T02:51:07.928+0000] {dag.py:3823} INFO - Setting next_dagrun for baseball_pipeline_v1 to 2026-04-21 00:00:00+00:00, run_after=2026-04-22 00:00:00+00:00
[2026-04-21T02:51:07.946+0000] {processor.py:183} INFO - Processing /opt/airflow/dags/baseball_etl.py took 0.394 seconds
[2026-04-21T02:51:37.978+0000] {processor.py:161} INFO - Started process (PID=3720923) to work on /opt/airflow/dags/baseball_etl.py
[2026-04-21T02:51:37.981+0000] {processor.py:830} INFO - Processing file /opt/airflow/dags/baseball_etl.py for tasks to queue
[2026-04-21T02:51:37.983+0000] {logging_mixin.py:188} INFO - [2026-04-21T02:51:37.983+0000] {dagbag.py:538} INFO - Filling up the DagBag from /opt/airflow/dags/baseball_etl.py
[2026-04-21T02:51:38.306+0000] {processor.py:840} INFO - DAG(s) 'baseball_pipeline_v1' retrieved from /opt/airflow/dags/baseball_etl.py
[2026-04-21T02:51:38.329+0000] {logging_mixin.py:188} INFO - [2026-04-21T02:51:38.328+0000] {dag.py:3036} INFO - Sync 1 DAGs
[2026-04-21T02:51:38.356+0000] {logging_mixin.py:188} INFO - [2026-04-21T02:51:38.356+0000] {dag.py:3823} INFO - Setting next_dagrun for baseball_pipeline_v1 to 2026-04-21 00:00:00+00:00, run_after=2026-04-22 00:00:00+00:00
[2026-04-21T02:51:38.374+0000] {processor.py:183} INFO - Processing /opt/airflow/dags/baseball_etl.py took 0.400 seconds
[2026-04-21T02:52:09.121+0000] {processor.py:161} INFO - Started process (PID=3720980) to work on /opt/airflow/dags/baseball_etl.py
[2026-04-21T02:52:09.123+0000] {processor.py:830} INFO - Processing file /opt/airflow/dags/baseball_etl.py for tasks to queue
[2026-04-21T02:52:09.126+0000] {logging_mixin.py:188} INFO - [2026-04-21T02:52:09.125+0000] {dagbag.py:538} INFO - Filling up the DagBag from /opt/airflow/dags/baseball_etl.py
[2026-04-21T02:52:09.441+0000] {processor.py:840} INFO - DAG(s) 'baseball_pipeline_v1' retrieved from /opt/airflow/dags/baseball_etl.py
[2026-04-21T02:52:09.463+0000] {logging_mixin.py:188} INFO - [2026-04-21T02:52:09.462+0000] {dag.py:3036} INFO - Sync 1 DAGs
[2026-04-21T02:52:09.490+0000] {logging_mixin.py:188} INFO - [2026-04-21T02:52:09.490+0000] {dag.py:3823} INFO - Setting next_dagrun for baseball_pipeline_v1 to 2026-04-21 00:00:00+00:00, run_after=2026-04-22 00:00:00+00:00
[2026-04-21T02:52:09.509+0000] {processor.py:183} INFO - Processing /opt/airflow/dags/baseball_etl.py took 0.392 seconds
[2026-04-21T02:52:39.594+0000] {processor.py:161} INFO - Started process (PID=3721037) to work on /opt/airflow/dags/baseball_etl.py
[2026-04-21T02:52:39.596+0000] {processor.py:830} INFO - Processing file /opt/airflow/dags/baseball_etl.py for tasks to queue
[2026-04-21T02:52:39.599+0000] {logging_mixin.py:188} INFO - [2026-04-21T02:52:39.598+0000] {dagbag.py:538} INFO - Filling up the DagBag from /opt/airflow/dags/baseball_etl.py
[2026-04-21T02:52:39.925+0000] {processor.py:840} INFO - DAG(s) 'baseball_pipeline_v1' retrieved from /opt/airflow/dags/baseball_etl.py
[2026-04-21T02:52:39.947+0000] {logging_mixin.py:188} INFO - [2026-04-21T02:52:39.947+0000] {dag.py:3036} INFO - Sync 1 DAGs
[2026-04-21T02:52:39.977+0000] {logging_mixin.py:188} INFO - [2026-04-21T02:52:39.977+0000] {dag.py:3823} INFO - Setting next_dagrun for baseball_pipeline_v1 to 2026-04-21 00:00:00+00:00, run_after=2026-04-22 00:00:00+00:00
[2026-04-21T02:52:39.997+0000] {processor.py:183} INFO - Processing /opt/airflow/dags/baseball_etl.py took 0.407 seconds
[2026-04-21T02:53:10.550+0000] {processor.py:161} INFO - Started process (PID=3721094) to work on /opt/airflow/dags/baseball_etl.py
[2026-04-21T02:53:10.552+0000] {processor.py:830} INFO - Processing file /opt/airflow/dags/baseball_etl.py for tasks to queue
[2026-04-21T02:53:10.554+0000] {logging_mixin.py:188} INFO - [2026-04-21T02:53:10.554+0000] {dagbag.py:538} INFO - Filling up the DagBag from /opt/airflow/dags/baseball_etl.py
[2026-04-21T02:53:10.871+0000] {processor.py:840} INFO - DAG(s) 'baseball_pipeline_v1' retrieved from /opt/airflow/dags/baseball_etl.py
[2026-04-21T02:53:10.892+0000] {logging_mixin.py:188} INFO - [2026-04-21T02:53:10.892+0000] {dag.py:3036} INFO - Sync 1 DAGs
[2026-04-21T02:53:10.920+0000] {logging_mixin.py:188} INFO - [2026-04-21T02:53:10.919+0000] {dag.py:3823} INFO - Setting next_dagrun for baseball_pipeline_v1 to 2026-04-21 00:00:00+00:00, run_after=2026-04-22 00:00:00+00:00
[2026-04-21T02:53:10.938+0000] {processor.py:183} INFO - Processing /opt/airflow/dags/baseball_etl.py took 0.393 seconds
[2026-04-21T02:53:41.044+0000] {processor.py:161} INFO - Started process (PID=3721153) to work on /opt/airflow/dags/baseball_etl.py
[2026-04-21T02:53:41.046+0000] {processor.py:830} INFO - Processing file /opt/airflow/dags/baseball_etl.py for tasks to queue
[2026-04-21T02:53:41.049+0000] {logging_mixin.py:188} INFO - [2026-04-21T02:53:41.048+0000] {dagbag.py:538} INFO - Filling up the DagBag from /opt/airflow/dags/baseball_etl.py
[2026-04-21T02:53:41.367+0000] {processor.py:840} INFO - DAG(s) 'baseball_pipeline_v1' retrieved from /opt/airflow/dags/baseball_etl.py
[2026-04-21T02:53:41.390+0000] {logging_mixin.py:188} INFO - [2026-04-21T02:53:41.390+0000] {dag.py:3036} INFO - Sync 1 DAGs
[2026-04-21T02:53:41.417+0000] {logging_mixin.py:188} INFO - [2026-04-21T02:53:41.416+0000] {dag.py:3823} INFO - Setting next_dagrun for baseball_pipeline_v1 to 2026-04-21 00:00:00+00:00, run_after=2026-04-22 00:00:00+00:00
[2026-04-21T02:53:41.435+0000] {processor.py:183} INFO - Processing /opt/airflow/dags/baseball_etl.py took 0.396 seconds
[2026-04-21T02:54:12.237+0000] {processor.py:161} INFO - Started process (PID=3721210) to work on /opt/airflow/dags/baseball_etl.py
[2026-04-21T02:54:12.239+0000] {processor.py:830} INFO - Processing file /opt/airflow/dags/baseball_etl.py for tasks to queue
[2026-04-21T02:54:12.241+0000] {logging_mixin.py:188} INFO - [2026-04-21T02:54:12.241+0000] {dagbag.py:538} INFO - Filling up the DagBag from /opt/airflow/dags/baseball_etl.py
[2026-04-21T02:54:12.573+0000] {processor.py:840} INFO - DAG(s) 'baseball_pipeline_v1' retrieved from /opt/airflow/dags/baseball_etl.py
[2026-04-21T02:54:12.597+0000] {logging_mixin.py:188} INFO - [2026-04-21T02:54:12.596+0000] {dag.py:3036} INFO - Sync 1 DAGs
[2026-04-21T02:54:12.624+0000] {logging_mixin.py:188} INFO - [2026-04-21T02:54:12.623+0000] {dag.py:3823} INFO - Setting next_dagrun for baseball_pipeline_v1 to 2026-04-21 00:00:00+00:00, run_after=2026-04-22 00:00:00+00:00
[2026-04-21T02:54:12.643+0000] {processor.py:183} INFO - Processing /opt/airflow/dags/baseball_etl.py took 0.411 seconds
[2026-04-21T02:54:43.630+0000] {processor.py:161} INFO - Started process (PID=3721270) to work on /opt/airflow/dags/baseball_etl.py
[2026-04-21T02:54:43.632+0000] {processor.py:830} INFO - Processing file /opt/airflow/dags/baseball_etl.py for tasks to queue
[2026-04-21T02:54:43.634+0000] {logging_mixin.py:188} INFO - [2026-04-21T02:54:43.634+0000] {dagbag.py:538} INFO - Filling up the DagBag from /opt/airflow/dags/baseball_etl.py
[2026-04-21T02:54:43.964+0000] {processor.py:840} INFO - DAG(s) 'baseball_pipeline_v1' retrieved from /opt/airflow/dags/baseball_etl.py
[2026-04-21T02:54:43.989+0000] {logging_mixin.py:188} INFO - [2026-04-21T02:54:43.988+0000] {dag.py:3036} INFO - Sync 1 DAGs
[2026-04-21T02:54:44.016+0000] {logging_mixin.py:188} INFO - [2026-04-21T02:54:44.016+0000] {dag.py:3823} INFO - Setting next_dagrun for baseball_pipeline_v1 to 2026-04-21 00:00:00+00:00, run_after=2026-04-22 00:00:00+00:00
[2026-04-21T02:54:44.035+0000] {processor.py:183} INFO - Processing /opt/airflow/dags/baseball_etl.py took 0.410 seconds
[2026-04-21T02:55:14.728+0000] {processor.py:161} INFO - Started process (PID=3721327) to work on /opt/airflow/dags/baseball_etl.py
[2026-04-21T02:55:14.730+0000] {processor.py:830} INFO - Processing file /opt/airflow/dags/baseball_etl.py for tasks to queue
[2026-04-21T02:55:14.733+0000] {logging_mixin.py:188} INFO - [2026-04-21T02:55:14.732+0000] {dagbag.py:538} INFO - Filling up the DagBag from /opt/airflow/dags/baseball_etl.py
[2026-04-21T02:55:15.056+0000] {processor.py:840} INFO - DAG(s) 'baseball_pipeline_v1' retrieved from /opt/airflow/dags/baseball_etl.py
[2026-04-21T02:55:15.078+0000] {logging_mixin.py:188} INFO - [2026-04-21T02:55:15.078+0000] {dag.py:3036} INFO - Sync 1 DAGs
[2026-04-21T02:55:15.105+0000] {logging_mixin.py:188} INFO - [2026-04-21T02:55:15.105+0000] {dag.py:3823} INFO - Setting next_dagrun for baseball_pipeline_v1 to 2026-04-21 00:00:00+00:00, run_after=2026-04-22 00:00:00+00:00
[2026-04-21T02:55:15.123+0000] {processor.py:183} INFO - Processing /opt/airflow/dags/baseball_etl.py took 0.400 seconds
[2026-04-21T02:55:46.026+0000] {processor.py:161} INFO - Started process (PID=3721385) to work on /opt/airflow/dags/baseball_etl.py
[2026-04-21T02:55:46.028+0000] {processor.py:830} INFO - Processing file /opt/airflow/dags/baseball_etl.py for tasks to queue
[2026-04-21T02:55:46.031+0000] {logging_mixin.py:188} INFO - [2026-04-21T02:55:46.030+0000] {dagbag.py:538} INFO - Filling up the DagBag from /opt/airflow/dags/baseball_etl.py
[2026-04-21T02:55:46.370+0000] {processor.py:840} INFO - DAG(s) 'baseball_pipeline_v1' retrieved from /opt/airflow/dags/baseball_etl.py
[2026-04-21T02:55:46.392+0000] {logging_mixin.py:188} INFO - [2026-04-21T02:55:46.392+0000] {dag.py:3036} INFO - Sync 1 DAGs
[2026-04-21T02:55:46.421+0000] {logging_mixin.py:188} INFO - [2026-04-21T02:55:46.420+0000] {dag.py:3823} INFO - Setting next_dagrun for baseball_pipeline_v1 to 2026-04-21 00:00:00+00:00, run_after=2026-04-22 00:00:00+00:00
[2026-04-21T02:55:46.439+0000] {processor.py:183} INFO - Processing /opt/airflow/dags/baseball_etl.py took 0.418 seconds
[2026-04-21T02:56:17.308+0000] {processor.py:161} INFO - Started process (PID=3721442) to work on /opt/airflow/dags/baseball_etl.py
[2026-04-21T02:56:17.310+0000] {processor.py:830} INFO - Processing file /opt/airflow/dags/baseball_etl.py for tasks to queue
[2026-04-21T02:56:17.313+0000] {logging_mixin.py:188} INFO - [2026-04-21T02:56:17.312+0000] {dagbag.py:538} INFO - Filling up the DagBag from /opt/airflow/dags/baseball_etl.py
[2026-04-21T02:56:17.698+0000] {processor.py:840} INFO - DAG(s) 'baseball_pipeline_v1' retrieved from /opt/airflow/dags/baseball_etl.py
[2026-04-21T02:56:17.720+0000] {logging_mixin.py:188} INFO - [2026-04-21T02:56:17.719+0000] {dag.py:3036} INFO - Sync 1 DAGs
[2026-04-21T02:56:17.748+0000] {logging_mixin.py:188} INFO - [2026-04-21T02:56:17.747+0000] {dag.py:3823} INFO - Setting next_dagrun for baseball_pipeline_v1 to 2026-04-21 00:00:00+00:00, run_after=2026-04-22 00:00:00+00:00
[2026-04-21T02:56:17.766+0000] {processor.py:183} INFO - Processing /opt/airflow/dags/baseball_etl.py took 0.463 seconds
[2026-04-21T02:56:47.804+0000] {processor.py:161} INFO - Started process (PID=3721508) to work on /opt/airflow/dags/baseball_etl.py
[2026-04-21T02:56:47.806+0000] {processor.py:830} INFO - Processing file /opt/airflow/dags/baseball_etl.py for tasks to queue
[2026-04-21T02:56:47.808+0000] {logging_mixin.py:188} INFO - [2026-04-21T02:56:47.808+0000] {dagbag.py:538} INFO - Filling up the DagBag from /opt/airflow/dags/baseball_etl.py
[2026-04-21T02:56:48.145+0000] {processor.py:840} INFO - DAG(s) 'baseball_pipeline_v1' retrieved from /opt/airflow/dags/baseball_etl.py
[2026-04-21T02:56:48.167+0000] {logging_mixin.py:188} INFO - [2026-04-21T02:56:48.167+0000] {dag.py:3036} INFO - Sync 1 DAGs
[2026-04-21T02:56:48.195+0000] {logging_mixin.py:188} INFO - [2026-04-21T02:56:48.194+0000] {dag.py:3823} INFO - Setting next_dagrun for baseball_pipeline_v1 to 2026-04-21 00:00:00+00:00, run_after=2026-04-22 00:00:00+00:00
[2026-04-21T02:56:48.213+0000] {processor.py:183} INFO - Processing /opt/airflow/dags/baseball_etl.py took 0.414 seconds
[2026-04-21T02:57:18.245+0000] {processor.py:161} INFO - Started process (PID=3721565) to work on /opt/airflow/dags/baseball_etl.py
[2026-04-21T02:57:18.247+0000] {processor.py:830} INFO - Processing file /opt/airflow/dags/baseball_etl.py for tasks to queue
[2026-04-21T02:57:18.249+0000] {logging_mixin.py:188} INFO - [2026-04-21T02:57:18.249+0000] {dagbag.py:538} INFO - Filling up the DagBag from /opt/airflow/dags/baseball_etl.py
[2026-04-21T02:57:18.575+0000] {processor.py:840} INFO - DAG(s) 'baseball_pipeline_v1' retrieved from /opt/airflow/dags/baseball_etl.py
[2026-04-21T02:57:18.597+0000] {logging_mixin.py:188} INFO - [2026-04-21T02:57:18.597+0000] {dag.py:3036} INFO - Sync 1 DAGs
[2026-04-21T02:57:18.624+0000] {logging_mixin.py:188} INFO - [2026-04-21T02:57:18.624+0000] {dag.py:3823} INFO - Setting next_dagrun for baseball_pipeline_v1 to 2026-04-21 00:00:00+00:00, run_after=2026-04-22 00:00:00+00:00
[2026-04-21T02:57:18.643+0000] {processor.py:183} INFO - Processing /opt/airflow/dags/baseball_etl.py took 0.403 seconds
[2026-04-21T02:57:48.749+0000] {processor.py:161} INFO - Started process (PID=3721623) to work on /opt/airflow/dags/baseball_etl.py
[2026-04-21T02:57:48.751+0000] {processor.py:830} INFO - Processing file /opt/airflow/dags/baseball_etl.py for tasks to queue
[2026-04-21T02:57:48.753+0000] {logging_mixin.py:188} INFO - [2026-04-21T02:57:48.753+0000] {dagbag.py:538} INFO - Filling up the DagBag from /opt/airflow/dags/baseball_etl.py
[2026-04-21T02:57:49.081+0000] {processor.py:840} INFO - DAG(s) 'baseball_pipeline_v1' retrieved from /opt/airflow/dags/baseball_etl.py
[2026-04-21T02:57:49.104+0000] {logging_mixin.py:188} INFO - [2026-04-21T02:57:49.103+0000] {dag.py:3036} INFO - Sync 1 DAGs
[2026-04-21T02:57:49.129+0000] {logging_mixin.py:188} INFO - [2026-04-21T02:57:49.129+0000] {dag.py:3823} INFO - Setting next_dagrun for baseball_pipeline_v1 to 2026-04-21 00:00:00+00:00, run_after=2026-04-22 00:00:00+00:00
[2026-04-21T02:57:49.149+0000] {processor.py:183} INFO - Processing /opt/airflow/dags/baseball_etl.py took 0.405 seconds
[2026-04-21T02:58:19.893+0000] {processor.py:161} INFO - Started process (PID=3721680) to work on /opt/airflow/dags/baseball_etl.py
[2026-04-21T02:58:19.895+0000] {processor.py:830} INFO - Processing file /opt/airflow/dags/baseball_etl.py for tasks to queue
[2026-04-21T02:58:19.897+0000] {logging_mixin.py:188} INFO - [2026-04-21T02:58:19.897+0000] {dagbag.py:538} INFO - Filling up the DagBag from /opt/airflow/dags/baseball_etl.py
[2026-04-21T02:58:20.229+0000] {processor.py:840} INFO - DAG(s) 'baseball_pipeline_v1' retrieved from /opt/airflow/dags/baseball_etl.py
[2026-04-21T02:58:20.250+0000] {logging_mixin.py:188} INFO - [2026-04-21T02:58:20.250+0000] {dag.py:3036} INFO - Sync 1 DAGs
[2026-04-21T02:58:20.277+0000] {logging_mixin.py:188} INFO - [2026-04-21T02:58:20.277+0000] {dag.py:3823} INFO - Setting next_dagrun for baseball_pipeline_v1 to 2026-04-21 00:00:00+00:00, run_after=2026-04-22 00:00:00+00:00
[2026-04-21T02:58:20.296+0000] {processor.py:183} INFO - Processing /opt/airflow/dags/baseball_etl.py took 0.408 seconds
[2026-04-21T02:58:50.405+0000] {processor.py:161} INFO - Started process (PID=3721740) to work on /opt/airflow/dags/baseball_etl.py
[2026-04-21T02:58:50.407+0000] {processor.py:830} INFO - Processing file /opt/airflow/dags/baseball_etl.py for tasks to queue
[2026-04-21T02:58:50.409+0000] {logging_mixin.py:188} INFO - [2026-04-21T02:58:50.409+0000] {dagbag.py:538} INFO - Filling up the DagBag from /opt/airflow/dags/baseball_etl.py
[2026-04-21T02:58:50.737+0000] {processor.py:840} INFO - DAG(s) 'baseball_pipeline_v1' retrieved from /opt/airflow/dags/baseball_etl.py
[2026-04-21T02:58:50.758+0000] {logging_mixin.py:188} INFO - [2026-04-21T02:58:50.757+0000] {dag.py:3036} INFO - Sync 1 DAGs
[2026-04-21T02:58:50.784+0000] {logging_mixin.py:188} INFO - [2026-04-21T02:58:50.784+0000] {dag.py:3823} INFO - Setting next_dagrun for baseball_pipeline_v1 to 2026-04-21 00:00:00+00:00, run_after=2026-04-22 00:00:00+00:00
[2026-04-21T02:58:50.802+0000] {processor.py:183} INFO - Processing /opt/airflow/dags/baseball_etl.py took 0.402 seconds
[2026-04-21T02:59:21.672+0000] {processor.py:161} INFO - Started process (PID=3721798) to work on /opt/airflow/dags/baseball_etl.py
[2026-04-21T02:59:21.674+0000] {processor.py:830} INFO - Processing file /opt/airflow/dags/baseball_etl.py for tasks to queue
[2026-04-21T02:59:21.676+0000] {logging_mixin.py:188} INFO - [2026-04-21T02:59:21.676+0000] {dagbag.py:538} INFO - Filling up the DagBag from /opt/airflow/dags/baseball_etl.py
[2026-04-21T02:59:22.007+0000] {processor.py:840} INFO - DAG(s) 'baseball_pipeline_v1' retrieved from /opt/airflow/dags/baseball_etl.py
[2026-04-21T02:59:22.028+0000] {logging_mixin.py:188} INFO - [2026-04-21T02:59:22.027+0000] {dag.py:3036} INFO - Sync 1 DAGs
[2026-04-21T02:59:22.053+0000] {logging_mixin.py:188} INFO - [2026-04-21T02:59:22.053+0000] {dag.py:3823} INFO - Setting next_dagrun for baseball_pipeline_v1 to 2026-04-21 00:00:00+00:00, run_after=2026-04-22 00:00:00+00:00
[2026-04-21T02:59:22.070+0000] {processor.py:183} INFO - Processing /opt/airflow/dags/baseball_etl.py took 0.403 seconds
[2026-04-21T02:59:52.898+0000] {processor.py:161} INFO - Started process (PID=3721857) to work on /opt/airflow/dags/baseball_etl.py
[2026-04-21T02:59:52.900+0000] {processor.py:830} INFO - Processing file /opt/airflow/dags/baseball_etl.py for tasks to queue
[2026-04-21T02:59:52.902+0000] {logging_mixin.py:188} INFO - [2026-04-21T02:59:52.902+0000] {dagbag.py:538} INFO - Filling up the DagBag from /opt/airflow/dags/baseball_etl.py
[2026-04-21T02:59:53.232+0000] {processor.py:840} INFO - DAG(s) 'baseball_pipeline_v1' retrieved from /opt/airflow/dags/baseball_etl.py
[2026-04-21T02:59:53.255+0000] {logging_mixin.py:188} INFO - [2026-04-21T02:59:53.254+0000] {dag.py:3036} INFO - Sync 1 DAGs
[2026-04-21T02:59:53.281+0000] {logging_mixin.py:188} INFO - [2026-04-21T02:59:53.280+0000] {dag.py:3823} INFO - Setting next_dagrun for baseball_pipeline_v1 to 2026-04-21 00:00:00+00:00, run_after=2026-04-22 00:00:00+00:00
[2026-04-21T02:59:53.299+0000] {processor.py:183} INFO - Processing /opt/airflow/dags/baseball_etl.py took 0.406 seconds
[2026-04-21T03:00:24.197+0000] {processor.py:161} INFO - Started process (PID=3721914) to work on /opt/airflow/dags/baseball_etl.py
[2026-04-21T03:00:24.204+0000] {processor.py:830} INFO - Processing file /opt/airflow/dags/baseball_etl.py for tasks to queue
[2026-04-21T03:00:24.207+0000] {logging_mixin.py:188} INFO - [2026-04-21T03:00:24.207+0000] {dagbag.py:538} INFO - Filling up the DagBag from /opt/airflow/dags/baseball_etl.py
[2026-04-21T03:00:24.546+0000] {processor.py:840} INFO - DAG(s) 'baseball_pipeline_v1' retrieved from /opt/airflow/dags/baseball_etl.py
[2026-04-21T03:00:24.570+0000] {logging_mixin.py:188} INFO - [2026-04-21T03:00:24.569+0000] {dag.py:3036} INFO - Sync 1 DAGs
[2026-04-21T03:00:24.598+0000] {logging_mixin.py:188} INFO - [2026-04-21T03:00:24.597+0000] {dag.py:3823} INFO - Setting next_dagrun for baseball_pipeline_v1 to 2026-04-21 00:00:00+00:00, run_after=2026-04-22 00:00:00+00:00
[2026-04-21T03:00:24.617+0000] {processor.py:183} INFO - Processing /opt/airflow/dags/baseball_etl.py took 0.424 seconds
[2026-04-21T03:00:55.350+0000] {processor.py:161} INFO - Started process (PID=3721971) to work on /opt/airflow/dags/baseball_etl.py
[2026-04-21T03:00:55.352+0000] {processor.py:830} INFO - Processing file /opt/airflow/dags/baseball_etl.py for tasks to queue
[2026-04-21T03:00:55.355+0000] {logging_mixin.py:188} INFO - [2026-04-21T03:00:55.354+0000] {dagbag.py:538} INFO - Filling up the DagBag from /opt/airflow/dags/baseball_etl.py
[2026-04-21T03:00:55.686+0000] {processor.py:840} INFO - DAG(s) 'baseball_pipeline_v1' retrieved from /opt/airflow/dags/baseball_etl.py
[2026-04-21T03:00:55.709+0000] {logging_mixin.py:188} INFO - [2026-04-21T03:00:55.708+0000] {dag.py:3036} INFO - Sync 1 DAGs
[2026-04-21T03:00:55.736+0000] {logging_mixin.py:188} INFO - [2026-04-21T03:00:55.736+0000] {dag.py:3823} INFO - Setting next_dagrun for baseball_pipeline_v1 to 2026-04-21 00:00:00+00:00, run_after=2026-04-22 00:00:00+00:00
[2026-04-21T03:00:55.754+0000] {processor.py:183} INFO - Processing /opt/airflow/dags/baseball_etl.py took 0.409 seconds
[2026-04-21T03:01:25.862+0000] {processor.py:161} INFO - Started process (PID=3722031) to work on /opt/airflow/dags/baseball_etl.py
[2026-04-21T03:01:25.863+0000] {processor.py:830} INFO - Processing file /opt/airflow/dags/baseball_etl.py for tasks to queue
[2026-04-21T03:01:25.866+0000] {logging_mixin.py:188} INFO - [2026-04-21T03:01:25.865+0000] {dagbag.py:538} INFO - Filling up the DagBag from /opt/airflow/dags/baseball_etl.py
[2026-04-21T03:01:26.207+0000] {processor.py:840} INFO - DAG(s) 'baseball_pipeline_v1' retrieved from /opt/airflow/dags/baseball_etl.py
[2026-04-21T03:01:26.231+0000] {logging_mixin.py:188} INFO - [2026-04-21T03:01:26.230+0000] {dag.py:3036} INFO - Sync 1 DAGs
[2026-04-21T03:01:26.257+0000] {logging_mixin.py:188} INFO - [2026-04-21T03:01:26.257+0000] {dag.py:3823} INFO - Setting next_dagrun for baseball_pipeline_v1 to 2026-04-21 00:00:00+00:00, run_after=2026-04-22 00:00:00+00:00
[2026-04-21T03:01:26.279+0000] {processor.py:183} INFO - Processing /opt/airflow/dags/baseball_etl.py took 0.422 seconds
[2026-04-21T03:01:56.361+0000] {processor.py:161} INFO - Started process (PID=3722091) to work on /opt/airflow/dags/baseball_etl.py
[2026-04-21T03:01:56.362+0000] {processor.py:830} INFO - Processing file /opt/airflow/dags/baseball_etl.py for tasks to queue
[2026-04-21T03:01:56.365+0000] {logging_mixin.py:188} INFO - [2026-04-21T03:01:56.364+0000] {dagbag.py:538} INFO - Filling up the DagBag from /opt/airflow/dags/baseball_etl.py
[2026-04-21T03:01:56.693+0000] {processor.py:840} INFO - DAG(s) 'baseball_pipeline_v1' retrieved from /opt/airflow/dags/baseball_etl.py
[2026-04-21T03:01:56.715+0000] {logging_mixin.py:188} INFO - [2026-04-21T03:01:56.714+0000] {dag.py:3036} INFO - Sync 1 DAGs
[2026-04-21T03:01:56.741+0000] {logging_mixin.py:188} INFO - [2026-04-21T03:01:56.741+0000] {dag.py:3823} INFO - Setting next_dagrun for baseball_pipeline_v1 to 2026-04-21 00:00:00+00:00, run_after=2026-04-22 00:00:00+00:00
[2026-04-21T03:01:56.759+0000] {processor.py:183} INFO - Processing /opt/airflow/dags/baseball_etl.py took 0.403 seconds
[2026-04-21T03:02:26.806+0000] {processor.py:161} INFO - Started process (PID=3722152) to work on /opt/airflow/dags/baseball_etl.py
[2026-04-21T03:02:26.807+0000] {processor.py:830} INFO - Processing file /opt/airflow/dags/baseball_etl.py for tasks to queue
[2026-04-21T03:02:26.810+0000] {logging_mixin.py:188} INFO - [2026-04-21T03:02:26.809+0000] {dagbag.py:538} INFO - Filling up the DagBag from /opt/airflow/dags/baseball_etl.py
[2026-04-21T03:02:27.133+0000] {processor.py:840} INFO - DAG(s) 'baseball_pipeline_v1' retrieved from /opt/airflow/dags/baseball_etl.py
[2026-04-21T03:02:27.155+0000] {logging_mixin.py:188} INFO - [2026-04-21T03:02:27.155+0000] {dag.py:3036} INFO - Sync 1 DAGs
[2026-04-21T03:02:27.181+0000] {logging_mixin.py:188} INFO - [2026-04-21T03:02:27.181+0000] {dag.py:3823} INFO - Setting next_dagrun for baseball_pipeline_v1 to 2026-04-21 00:00:00+00:00, run_after=2026-04-22 00:00:00+00:00
[2026-04-21T03:02:27.200+0000] {processor.py:183} INFO - Processing /opt/airflow/dags/baseball_etl.py took 0.399 seconds
[2026-04-21T03:02:58.012+0000] {processor.py:161} INFO - Started process (PID=3722209) to work on /opt/airflow/dags/baseball_etl.py
[2026-04-21T03:02:58.014+0000] {processor.py:830} INFO - Processing file /opt/airflow/dags/baseball_etl.py for tasks to queue
[2026-04-21T03:02:58.016+0000] {logging_mixin.py:188} INFO - [2026-04-21T03:02:58.016+0000] {dagbag.py:538} INFO - Filling up the DagBag from /opt/airflow/dags/baseball_etl.py
[2026-04-21T03:02:58.337+0000] {processor.py:840} INFO - DAG(s) 'baseball_pipeline_v1' retrieved from /opt/airflow/dags/baseball_etl.py
[2026-04-21T03:02:58.360+0000] {logging_mixin.py:188} INFO - [2026-04-21T03:02:58.359+0000] {dag.py:3036} INFO - Sync 1 DAGs
[2026-04-21T03:02:58.387+0000] {logging_mixin.py:188} INFO - [2026-04-21T03:02:58.387+0000] {dag.py:3823} INFO - Setting next_dagrun for baseball_pipeline_v1 to 2026-04-21 00:00:00+00:00, run_after=2026-04-22 00:00:00+00:00
[2026-04-21T03:02:58.407+0000] {processor.py:183} INFO - Processing /opt/airflow/dags/baseball_etl.py took 0.400 seconds
[2026-04-21T03:03:29.340+0000] {processor.py:161} INFO - Started process (PID=3722267) to work on /opt/airflow/dags/baseball_etl.py
[2026-04-21T03:03:29.342+0000] {processor.py:830} INFO - Processing file /opt/airflow/dags/baseball_etl.py for tasks to queue
[2026-04-21T03:03:29.344+0000] {logging_mixin.py:188} INFO - [2026-04-21T03:03:29.344+0000] {dagbag.py:538} INFO - Filling up the DagBag from /opt/airflow/dags/baseball_etl.py
[2026-04-21T03:03:29.682+0000] {processor.py:840} INFO - DAG(s) 'baseball_pipeline_v1' retrieved from /opt/airflow/dags/baseball_etl.py
[2026-04-21T03:03:29.703+0000] {logging_mixin.py:188} INFO - [2026-04-21T03:03:29.703+0000] {dag.py:3036} INFO - Sync 1 DAGs
[2026-04-21T03:03:29.730+0000] {logging_mixin.py:188} INFO - [2026-04-21T03:03:29.729+0000] {dag.py:3823} INFO - Setting next_dagrun for baseball_pipeline_v1 to 2026-04-21 00:00:00+00:00, run_after=2026-04-22 00:00:00+00:00
[2026-04-21T03:03:29.751+0000] {processor.py:183} INFO - Processing /opt/airflow/dags/baseball_etl.py took 0.416 seconds
[2026-04-21T03:03:59.927+0000] {processor.py:161} INFO - Started process (PID=3722327) to work on /opt/airflow/dags/baseball_etl.py
[2026-04-21T03:03:59.929+0000] {processor.py:830} INFO - Processing file /opt/airflow/dags/baseball_etl.py for tasks to queue
[2026-04-21T03:03:59.931+0000] {logging_mixin.py:188} INFO - [2026-04-21T03:03:59.931+0000] {dagbag.py:538} INFO - Filling up the DagBag from /opt/airflow/dags/baseball_etl.py
[2026-04-21T03:04:00.256+0000] {processor.py:840} INFO - DAG(s) 'baseball_pipeline_v1' retrieved from /opt/airflow/dags/baseball_etl.py
[2026-04-21T03:04:00.278+0000] {logging_mixin.py:188} INFO - [2026-04-21T03:04:00.277+0000] {dag.py:3036} INFO - Sync 1 DAGs
[2026-04-21T03:04:00.304+0000] {logging_mixin.py:188} INFO - [2026-04-21T03:04:00.304+0000] {dag.py:3823} INFO - Setting next_dagrun for baseball_pipeline_v1 to 2026-04-21 00:00:00+00:00, run_after=2026-04-22 00:00:00+00:00
[2026-04-21T03:04:00.323+0000] {processor.py:183} INFO - Processing /opt/airflow/dags/baseball_etl.py took 0.402 seconds
[2026-04-21T03:04:31.205+0000] {processor.py:161} INFO - Started process (PID=3722385) to work on /opt/airflow/dags/baseball_etl.py
[2026-04-21T03:04:31.207+0000] {processor.py:830} INFO - Processing file /opt/airflow/dags/baseball_etl.py for tasks to queue
[2026-04-21T03:04:31.210+0000] {logging_mixin.py:188} INFO - [2026-04-21T03:04:31.209+0000] {dagbag.py:538} INFO - Filling up the DagBag from /opt/airflow/dags/baseball_etl.py
[2026-04-21T03:04:31.536+0000] {processor.py:840} INFO - DAG(s) 'baseball_pipeline_v1' retrieved from /opt/airflow/dags/baseball_etl.py
[2026-04-21T03:04:31.558+0000] {logging_mixin.py:188} INFO - [2026-04-21T03:04:31.557+0000] {dag.py:3036} INFO - Sync 1 DAGs
[2026-04-21T03:04:31.586+0000] {logging_mixin.py:188} INFO - [2026-04-21T03:04:31.586+0000] {dag.py:3823} INFO - Setting next_dagrun for baseball_pipeline_v1 to 2026-04-21 00:00:00+00:00, run_after=2026-04-22 00:00:00+00:00
[2026-04-21T03:04:31.605+0000] {processor.py:183} INFO - Processing /opt/airflow/dags/baseball_etl.py took 0.405 seconds
[2026-04-21T03:05:02.532+0000] {processor.py:161} INFO - Started process (PID=3722442) to work on /opt/airflow/dags/baseball_etl.py
[2026-04-21T03:05:02.534+0000] {processor.py:830} INFO - Processing file /opt/airflow/dags/baseball_etl.py for tasks to queue
[2026-04-21T03:05:02.537+0000] {logging_mixin.py:188} INFO - [2026-04-21T03:05:02.537+0000] {dagbag.py:538} INFO - Filling up the DagBag from /opt/airflow/dags/baseball_etl.py
[2026-04-21T03:05:02.877+0000] {processor.py:840} INFO - DAG(s) 'baseball_pipeline_v1' retrieved from /opt/airflow/dags/baseball_etl.py
[2026-04-21T03:05:02.899+0000] {logging_mixin.py:188} INFO - [2026-04-21T03:05:02.899+0000] {dag.py:3036} INFO - Sync 1 DAGs
[2026-04-21T03:05:02.927+0000] {logging_mixin.py:188} INFO - [2026-04-21T03:05:02.927+0000] {dag.py:3823} INFO - Setting next_dagrun for baseball_pipeline_v1 to 2026-04-21 00:00:00+00:00, run_after=2026-04-22 00:00:00+00:00
[2026-04-21T03:05:02.946+0000] {processor.py:183} INFO - Processing /opt/airflow/dags/baseball_etl.py took 0.420 seconds
[2026-04-21T03:05:33.863+0000] {processor.py:161} INFO - Started process (PID=3722499) to work on /opt/airflow/dags/baseball_etl.py
[2026-04-21T03:05:33.866+0000] {processor.py:830} INFO - Processing file /opt/airflow/dags/baseball_etl.py for tasks to queue
[2026-04-21T03:05:33.868+0000] {logging_mixin.py:188} INFO - [2026-04-21T03:05:33.868+0000] {dagbag.py:538} INFO - Filling up the DagBag from /opt/airflow/dags/baseball_etl.py
[2026-04-21T03:05:34.388+0000] {processor.py:840} INFO - DAG(s) 'baseball_pipeline_v1' retrieved from /opt/airflow/dags/baseball_etl.py
[2026-04-21T03:05:34.407+0000] {logging_mixin.py:188} INFO - [2026-04-21T03:05:34.406+0000] {dag.py:3036} INFO - Sync 1 DAGs
[2026-04-21T03:05:34.430+0000] {logging_mixin.py:188} INFO - [2026-04-21T03:05:34.430+0000] {dag.py:3823} INFO - Setting next_dagrun for baseball_pipeline_v1 to 2026-04-21 00:00:00+00:00, run_after=2026-04-22 00:00:00+00:00
[2026-04-21T03:05:34.449+0000] {processor.py:183} INFO - Processing /opt/airflow/dags/baseball_etl.py took 0.591 seconds
[2026-04-21T03:06:05.187+0000] {processor.py:161} INFO - Started process (PID=3722556) to work on /opt/airflow/dags/baseball_etl.py
[2026-04-21T03:06:05.189+0000] {processor.py:830} INFO - Processing file /opt/airflow/dags/baseball_etl.py for tasks to queue
[2026-04-21T03:06:05.191+0000] {logging_mixin.py:188} INFO - [2026-04-21T03:06:05.191+0000] {dagbag.py:538} INFO - Filling up the DagBag from /opt/airflow/dags/baseball_etl.py
[2026-04-21T03:06:05.518+0000] {processor.py:840} INFO - DAG(s) 'baseball_pipeline_v1' retrieved from /opt/airflow/dags/baseball_etl.py
[2026-04-21T03:06:05.745+0000] {logging_mixin.py:188} INFO - [2026-04-21T03:06:05.744+0000] {dag.py:3036} INFO - Sync 1 DAGs
[2026-04-21T03:06:05.768+0000] {logging_mixin.py:188} INFO - [2026-04-21T03:06:05.768+0000] {dag.py:3823} INFO - Setting next_dagrun for baseball_pipeline_v1 to 2026-04-21 00:00:00+00:00, run_after=2026-04-22 00:00:00+00:00
[2026-04-21T03:06:05.785+0000] {processor.py:183} INFO - Processing /opt/airflow/dags/baseball_etl.py took 0.603 seconds
[2026-04-21T03:06:36.692+0000] {processor.py:161} INFO - Started process (PID=3722615) to work on /opt/airflow/dags/baseball_etl.py
[2026-04-21T03:06:36.694+0000] {processor.py:830} INFO - Processing file /opt/airflow/dags/baseball_etl.py for tasks to queue
[2026-04-21T03:06:36.696+0000] {logging_mixin.py:188} INFO - [2026-04-21T03:06:36.696+0000] {dagbag.py:538} INFO - Filling up the DagBag from /opt/airflow/dags/baseball_etl.py
[2026-04-21T03:06:37.026+0000] {processor.py:840} INFO - DAG(s) 'baseball_pipeline_v1' retrieved from /opt/airflow/dags/baseball_etl.py
[2026-04-21T03:06:37.269+0000] {logging_mixin.py:188} INFO - [2026-04-21T03:06:37.269+0000] {dag.py:3036} INFO - Sync 1 DAGs
[2026-04-21T03:06:37.293+0000] {logging_mixin.py:188} INFO - [2026-04-21T03:06:37.292+0000] {dag.py:3823} INFO - Setting next_dagrun for baseball_pipeline_v1 to 2026-04-21 00:00:00+00:00, run_after=2026-04-22 00:00:00+00:00
[2026-04-21T03:06:37.310+0000] {processor.py:183} INFO - Processing /opt/airflow/dags/baseball_etl.py took 0.623 seconds
[2026-04-21T03:07:08.148+0000] {processor.py:161} INFO - Started process (PID=3722676) to work on /opt/airflow/dags/baseball_etl.py
[2026-04-21T03:07:08.151+0000] {processor.py:830} INFO - Processing file /opt/airflow/dags/baseball_etl.py for tasks to queue
[2026-04-21T03:07:08.153+0000] {logging_mixin.py:188} INFO - [2026-04-21T03:07:08.153+0000] {dagbag.py:538} INFO - Filling up the DagBag from /opt/airflow/dags/baseball_etl.py
[2026-04-21T03:07:08.668+0000] {processor.py:840} INFO - DAG(s) 'baseball_pipeline_v1' retrieved from /opt/airflow/dags/baseball_etl.py
[2026-04-21T03:07:08.688+0000] {logging_mixin.py:188} INFO - [2026-04-21T03:07:08.687+0000] {dag.py:3036} INFO - Sync 1 DAGs
[2026-04-21T03:07:08.711+0000] {logging_mixin.py:188} INFO - [2026-04-21T03:07:08.711+0000] {dag.py:3823} INFO - Setting next_dagrun for baseball_pipeline_v1 to 2026-04-21 00:00:00+00:00, run_after=2026-04-22 00:00:00+00:00
[2026-04-21T03:07:08.730+0000] {processor.py:183} INFO - Processing /opt/airflow/dags/baseball_etl.py took 0.586 seconds
[2026-04-21T03:07:39.590+0000] {processor.py:161} INFO - Started process (PID=3722733) to work on /opt/airflow/dags/baseball_etl.py
[2026-04-21T03:07:39.593+0000] {processor.py:830} INFO - Processing file /opt/airflow/dags/baseball_etl.py for tasks to queue
[2026-04-21T03:07:39.595+0000] {logging_mixin.py:188} INFO - [2026-04-21T03:07:39.595+0000] {dagbag.py:538} INFO - Filling up the DagBag from /opt/airflow/dags/baseball_etl.py
[2026-04-21T03:07:40.153+0000] {processor.py:840} INFO - DAG(s) 'baseball_pipeline_v1' retrieved from /opt/airflow/dags/baseball_etl.py
[2026-04-21T03:07:40.171+0000] {logging_mixin.py:188} INFO - [2026-04-21T03:07:40.170+0000] {dag.py:3036} INFO - Sync 1 DAGs
[2026-04-21T03:07:40.195+0000] {logging_mixin.py:188} INFO - [2026-04-21T03:07:40.195+0000] {dag.py:3823} INFO - Setting next_dagrun for baseball_pipeline_v1 to 2026-04-21 00:00:00+00:00, run_after=2026-04-22 00:00:00+00:00
[2026-04-21T03:07:40.213+0000] {processor.py:183} INFO - Processing /opt/airflow/dags/baseball_etl.py took 0.627 seconds
[2026-04-21T03:08:10.245+0000] {processor.py:161} INFO - Started process (PID=3722794) to work on /opt/airflow/dags/baseball_etl.py
[2026-04-21T03:08:10.247+0000] {processor.py:830} INFO - Processing file /opt/airflow/dags/baseball_etl.py for tasks to queue
[2026-04-21T03:08:10.250+0000] {logging_mixin.py:188} INFO - [2026-04-21T03:08:10.249+0000] {dagbag.py:538} INFO - Filling up the DagBag from /opt/airflow/dags/baseball_etl.py
[2026-04-21T03:08:10.804+0000] {processor.py:840} INFO - DAG(s) 'baseball_pipeline_v1' retrieved from /opt/airflow/dags/baseball_etl.py
[2026-04-21T03:08:10.824+0000] {logging_mixin.py:188} INFO - [2026-04-21T03:08:10.823+0000] {dag.py:3036} INFO - Sync 1 DAGs
[2026-04-21T03:08:10.847+0000] {logging_mixin.py:188} INFO - [2026-04-21T03:08:10.847+0000] {dag.py:3823} INFO - Setting next_dagrun for baseball_pipeline_v1 to 2026-04-21 00:00:00+00:00, run_after=2026-04-22 00:00:00+00:00
[2026-04-21T03:08:10.864+0000] {processor.py:183} INFO - Processing /opt/airflow/dags/baseball_etl.py took 0.623 seconds
[2026-04-21T03:08:41.307+0000] {processor.py:161} INFO - Started process (PID=3722851) to work on /opt/airflow/dags/baseball_etl.py
[2026-04-21T03:08:41.309+0000] {processor.py:830} INFO - Processing file /opt/airflow/dags/baseball_etl.py for tasks to queue
[2026-04-21T03:08:41.312+0000] {logging_mixin.py:188} INFO - [2026-04-21T03:08:41.311+0000] {dagbag.py:538} INFO - Filling up the DagBag from /opt/airflow/dags/baseball_etl.py
[2026-04-21T03:08:41.876+0000] {processor.py:840} INFO - DAG(s) 'baseball_pipeline_v1' retrieved from /opt/airflow/dags/baseball_etl.py
[2026-04-21T03:08:41.896+0000] {logging_mixin.py:188} INFO - [2026-04-21T03:08:41.896+0000] {dag.py:3036} INFO - Sync 1 DAGs
[2026-04-21T03:08:41.921+0000] {logging_mixin.py:188} INFO - [2026-04-21T03:08:41.921+0000] {dag.py:3823} INFO - Setting next_dagrun for baseball_pipeline_v1 to 2026-04-21 00:00:00+00:00, run_after=2026-04-22 00:00:00+00:00
[2026-04-21T03:08:41.941+0000] {processor.py:183} INFO - Processing /opt/airflow/dags/baseball_etl.py took 0.638 seconds
[2026-04-21T03:09:12.750+0000] {processor.py:161} INFO - Started process (PID=3722909) to work on /opt/airflow/dags/baseball_etl.py
[2026-04-21T03:09:12.752+0000] {processor.py:830} INFO - Processing file /opt/airflow/dags/baseball_etl.py for tasks to queue
[2026-04-21T03:09:12.755+0000] {logging_mixin.py:188} INFO - [2026-04-21T03:09:12.754+0000] {dagbag.py:538} INFO - Filling up the DagBag from /opt/airflow/dags/baseball_etl.py
[2026-04-21T03:09:13.381+0000] {processor.py:840} INFO - DAG(s) 'baseball_pipeline_v1' retrieved from /opt/airflow/dags/baseball_etl.py
[2026-04-21T03:09:13.402+0000] {logging_mixin.py:188} INFO - [2026-04-21T03:09:13.402+0000] {dag.py:3036} INFO - Sync 1 DAGs
[2026-04-21T03:09:13.428+0000] {logging_mixin.py:188} INFO - [2026-04-21T03:09:13.428+0000] {dag.py:3823} INFO - Setting next_dagrun for baseball_pipeline_v1 to 2026-04-21 00:00:00+00:00, run_after=2026-04-22 00:00:00+00:00
[2026-04-21T03:09:13.447+0000] {processor.py:183} INFO - Processing /opt/airflow/dags/baseball_etl.py took 0.702 seconds
[2026-04-21T03:09:44.138+0000] {processor.py:161} INFO - Started process (PID=3722969) to work on /opt/airflow/dags/baseball_etl.py
[2026-04-21T03:09:44.141+0000] {processor.py:830} INFO - Processing file /opt/airflow/dags/baseball_etl.py for tasks to queue
[2026-04-21T03:09:44.144+0000] {logging_mixin.py:188} INFO - [2026-04-21T03:09:44.143+0000] {dagbag.py:538} INFO - Filling up the DagBag from /opt/airflow/dags/baseball_etl.py
[2026-04-21T03:09:44.758+0000] {processor.py:840} INFO - DAG(s) 'baseball_pipeline_v1' retrieved from /opt/airflow/dags/baseball_etl.py
[2026-04-21T03:09:44.780+0000] {logging_mixin.py:188} INFO - [2026-04-21T03:09:44.780+0000] {dag.py:3036} INFO - Sync 1 DAGs
[2026-04-21T03:09:44.806+0000] {logging_mixin.py:188} INFO - [2026-04-21T03:09:44.806+0000] {dag.py:3823} INFO - Setting next_dagrun for baseball_pipeline_v1 to 2026-04-21 00:00:00+00:00, run_after=2026-04-22 00:00:00+00:00
[2026-04-21T03:09:44.825+0000] {processor.py:183} INFO - Processing /opt/airflow/dags/baseball_etl.py took 0.693 seconds
[2026-04-21T03:10:15.654+0000] {processor.py:161} INFO - Started process (PID=3723028) to work on /opt/airflow/dags/baseball_etl.py
[2026-04-21T03:10:15.656+0000] {processor.py:830} INFO - Processing file /opt/airflow/dags/baseball_etl.py for tasks to queue
[2026-04-21T03:10:15.658+0000] {logging_mixin.py:188} INFO - [2026-04-21T03:10:15.658+0000] {dagbag.py:538} INFO - Filling up the DagBag from /opt/airflow/dags/baseball_etl.py
[2026-04-21T03:10:16.205+0000] {processor.py:840} INFO - DAG(s) 'baseball_pipeline_v1' retrieved from /opt/airflow/dags/baseball_etl.py
[2026-04-21T03:10:16.223+0000] {logging_mixin.py:188} INFO - [2026-04-21T03:10:16.223+0000] {dag.py:3036} INFO - Sync 1 DAGs
[2026-04-21T03:10:16.248+0000] {logging_mixin.py:188} INFO - [2026-04-21T03:10:16.248+0000] {dag.py:3823} INFO - Setting next_dagrun for baseball_pipeline_v1 to 2026-04-21 00:00:00+00:00, run_after=2026-04-22 00:00:00+00:00
[2026-04-21T03:10:16.265+0000] {processor.py:183} INFO - Processing /opt/airflow/dags/baseball_etl.py took 0.616 seconds
[2026-04-21T03:10:46.987+0000] {processor.py:161} INFO - Started process (PID=3723086) to work on /opt/airflow/dags/baseball_etl.py
[2026-04-21T03:10:46.989+0000] {processor.py:830} INFO - Processing file /opt/airflow/dags/baseball_etl.py for tasks to queue
[2026-04-21T03:10:46.992+0000] {logging_mixin.py:188} INFO - [2026-04-21T03:10:46.991+0000] {dagbag.py:538} INFO - Filling up the DagBag from /opt/airflow/dags/baseball_etl.py
[2026-04-21T03:10:47.533+0000] {processor.py:840} INFO - DAG(s) 'baseball_pipeline_v1' retrieved from /opt/airflow/dags/baseball_etl.py
[2026-04-21T03:10:47.552+0000] {logging_mixin.py:188} INFO - [2026-04-21T03:10:47.551+0000] {dag.py:3036} INFO - Sync 1 DAGs
[2026-04-21T03:10:47.576+0000] {logging_mixin.py:188} INFO - [2026-04-21T03:10:47.576+0000] {dag.py:3823} INFO - Setting next_dagrun for baseball_pipeline_v1 to 2026-04-21 00:00:00+00:00, run_after=2026-04-22 00:00:00+00:00
[2026-04-21T03:10:47.594+0000] {processor.py:183} INFO - Processing /opt/airflow/dags/baseball_etl.py took 0.611 seconds
[2026-04-21T03:11:18.250+0000] {processor.py:161} INFO - Started process (PID=3723143) to work on /opt/airflow/dags/baseball_etl.py
[2026-04-21T03:11:18.252+0000] {processor.py:830} INFO - Processing file /opt/airflow/dags/baseball_etl.py for tasks to queue
[2026-04-21T03:11:18.254+0000] {logging_mixin.py:188} INFO - [2026-04-21T03:11:18.254+0000] {dagbag.py:538} INFO - Filling up the DagBag from /opt/airflow/dags/baseball_etl.py
[2026-04-21T03:11:18.809+0000] {processor.py:840} INFO - DAG(s) 'baseball_pipeline_v1' retrieved from /opt/airflow/dags/baseball_etl.py
[2026-04-21T03:11:18.827+0000] {logging_mixin.py:188} INFO - [2026-04-21T03:11:18.827+0000] {dag.py:3036} INFO - Sync 1 DAGs
[2026-04-21T03:11:18.852+0000] {logging_mixin.py:188} INFO - [2026-04-21T03:11:18.852+0000] {dag.py:3823} INFO - Setting next_dagrun for baseball_pipeline_v1 to 2026-04-21 00:00:00+00:00, run_after=2026-04-22 00:00:00+00:00
[2026-04-21T03:11:18.870+0000] {processor.py:183} INFO - Processing /opt/airflow/dags/baseball_etl.py took 0.625 seconds
[2026-04-21T03:11:49.402+0000] {processor.py:161} INFO - Started process (PID=3723200) to work on /opt/airflow/dags/baseball_etl.py
[2026-04-21T03:11:49.404+0000] {processor.py:830} INFO - Processing file /opt/airflow/dags/baseball_etl.py for tasks to queue
[2026-04-21T03:11:49.406+0000] {logging_mixin.py:188} INFO - [2026-04-21T03:11:49.406+0000] {dagbag.py:538} INFO - Filling up the DagBag from /opt/airflow/dags/baseball_etl.py
[2026-04-21T03:11:49.946+0000] {processor.py:840} INFO - DAG(s) 'baseball_pipeline_v1' retrieved from /opt/airflow/dags/baseball_etl.py
[2026-04-21T03:11:49.964+0000] {logging_mixin.py:188} INFO - [2026-04-21T03:11:49.964+0000] {dag.py:3036} INFO - Sync 1 DAGs
[2026-04-21T03:11:49.990+0000] {logging_mixin.py:188} INFO - [2026-04-21T03:11:49.989+0000] {dag.py:3823} INFO - Setting next_dagrun for baseball_pipeline_v1 to 2026-04-21 00:00:00+00:00, run_after=2026-04-22 00:00:00+00:00
[2026-04-21T03:11:50.009+0000] {processor.py:183} INFO - Processing /opt/airflow/dags/baseball_etl.py took 0.612 seconds
[2026-04-21T03:12:20.827+0000] {processor.py:161} INFO - Started process (PID=3723263) to work on /opt/airflow/dags/baseball_etl.py
[2026-04-21T03:12:20.830+0000] {processor.py:830} INFO - Processing file /opt/airflow/dags/baseball_etl.py for tasks to queue
[2026-04-21T03:12:20.832+0000] {logging_mixin.py:188} INFO - [2026-04-21T03:12:20.832+0000] {dagbag.py:538} INFO - Filling up the DagBag from /opt/airflow/dags/baseball_etl.py
[2026-04-21T03:12:21.387+0000] {processor.py:840} INFO - DAG(s) 'baseball_pipeline_v1' retrieved from /opt/airflow/dags/baseball_etl.py
[2026-04-21T03:12:21.406+0000] {logging_mixin.py:188} INFO - [2026-04-21T03:12:21.405+0000] {dag.py:3036} INFO - Sync 1 DAGs
[2026-04-21T03:12:21.431+0000] {logging_mixin.py:188} INFO - [2026-04-21T03:12:21.431+0000] {dag.py:3823} INFO - Setting next_dagrun for baseball_pipeline_v1 to 2026-04-21 00:00:00+00:00, run_after=2026-04-22 00:00:00+00:00
[2026-04-21T03:12:21.449+0000] {processor.py:183} INFO - Processing /opt/airflow/dags/baseball_etl.py took 0.627 seconds
[2026-04-21T03:12:52.249+0000] {processor.py:161} INFO - Started process (PID=3723320) to work on /opt/airflow/dags/baseball_etl.py
[2026-04-21T03:12:52.251+0000] {processor.py:830} INFO - Processing file /opt/airflow/dags/baseball_etl.py for tasks to queue
[2026-04-21T03:12:52.254+0000] {logging_mixin.py:188} INFO - [2026-04-21T03:12:52.253+0000] {dagbag.py:538} INFO - Filling up the DagBag from /opt/airflow/dags/baseball_etl.py
[2026-04-21T03:12:52.798+0000] {processor.py:840} INFO - DAG(s) 'baseball_pipeline_v1' retrieved from /opt/airflow/dags/baseball_etl.py
[2026-04-21T03:12:52.816+0000] {logging_mixin.py:188} INFO - [2026-04-21T03:12:52.816+0000] {dag.py:3036} INFO - Sync 1 DAGs
[2026-04-21T03:12:52.841+0000] {logging_mixin.py:188} INFO - [2026-04-21T03:12:52.841+0000] {dag.py:3823} INFO - Setting next_dagrun for baseball_pipeline_v1 to 2026-04-21 00:00:00+00:00, run_after=2026-04-22 00:00:00+00:00
[2026-04-21T03:12:52.858+0000] {processor.py:183} INFO - Processing /opt/airflow/dags/baseball_etl.py took 0.614 seconds
[2026-04-21T03:13:23.819+0000] {processor.py:161} INFO - Started process (PID=3723377) to work on /opt/airflow/dags/baseball_etl.py
[2026-04-21T03:13:23.821+0000] {processor.py:830} INFO - Processing file /opt/airflow/dags/baseball_etl.py for tasks to queue
[2026-04-21T03:13:23.823+0000] {logging_mixin.py:188} INFO - [2026-04-21T03:13:23.823+0000] {dagbag.py:538} INFO - Filling up the DagBag from /opt/airflow/dags/baseball_etl.py
[2026-04-21T03:13:24.362+0000] {processor.py:840} INFO - DAG(s) 'baseball_pipeline_v1' retrieved from /opt/airflow/dags/baseball_etl.py
[2026-04-21T03:13:24.380+0000] {logging_mixin.py:188} INFO - [2026-04-21T03:13:24.379+0000] {dag.py:3036} INFO - Sync 1 DAGs
[2026-04-21T03:13:24.405+0000] {logging_mixin.py:188} INFO - [2026-04-21T03:13:24.405+0000] {dag.py:3823} INFO - Setting next_dagrun for baseball_pipeline_v1 to 2026-04-21 00:00:00+00:00, run_after=2026-04-22 00:00:00+00:00
[2026-04-21T03:13:24.422+0000] {processor.py:183} INFO - Processing /opt/airflow/dags/baseball_etl.py took 0.608 seconds
[2026-04-21T03:13:54.499+0000] {processor.py:161} INFO - Started process (PID=3723437) to work on /opt/airflow/dags/baseball_etl.py
[2026-04-21T03:13:54.501+0000] {processor.py:830} INFO - Processing file /opt/airflow/dags/baseball_etl.py for tasks to queue
[2026-04-21T03:13:54.503+0000] {logging_mixin.py:188} INFO - [2026-04-21T03:13:54.503+0000] {dagbag.py:538} INFO - Filling up the DagBag from /opt/airflow/dags/baseball_etl.py
[2026-04-21T03:13:55.015+0000] {processor.py:840} INFO - DAG(s) 'baseball_pipeline_v1' retrieved from /opt/airflow/dags/baseball_etl.py
[2026-04-21T03:13:55.032+0000] {logging_mixin.py:188} INFO - [2026-04-21T03:13:55.032+0000] {dag.py:3036} INFO - Sync 1 DAGs
[2026-04-21T03:13:55.056+0000] {logging_mixin.py:188} INFO - [2026-04-21T03:13:55.056+0000] {dag.py:3823} INFO - Setting next_dagrun for baseball_pipeline_v1 to 2026-04-21 00:00:00+00:00, run_after=2026-04-22 00:00:00+00:00
[2026-04-21T03:13:55.073+0000] {processor.py:183} INFO - Processing /opt/airflow/dags/baseball_etl.py took 0.578 seconds
[2026-04-21T03:14:25.770+0000] {processor.py:161} INFO - Started process (PID=3723496) to work on /opt/airflow/dags/baseball_etl.py
[2026-04-21T03:14:25.772+0000] {processor.py:830} INFO - Processing file /opt/airflow/dags/baseball_etl.py for tasks to queue
[2026-04-21T03:14:25.775+0000] {logging_mixin.py:188} INFO - [2026-04-21T03:14:25.774+0000] {dagbag.py:538} INFO - Filling up the DagBag from /opt/airflow/dags/baseball_etl.py
[2026-04-21T03:14:26.307+0000] {processor.py:840} INFO - DAG(s) 'baseball_pipeline_v1' retrieved from /opt/airflow/dags/baseball_etl.py
[2026-04-21T03:14:26.325+0000] {logging_mixin.py:188} INFO - [2026-04-21T03:14:26.324+0000] {dag.py:3036} INFO - Sync 1 DAGs
[2026-04-21T03:14:26.351+0000] {logging_mixin.py:188} INFO - [2026-04-21T03:14:26.350+0000] {dag.py:3823} INFO - Setting next_dagrun for baseball_pipeline_v1 to 2026-04-21 00:00:00+00:00, run_after=2026-04-22 00:00:00+00:00
[2026-04-21T03:14:26.368+0000] {processor.py:183} INFO - Processing /opt/airflow/dags/baseball_etl.py took 0.603 seconds
[2026-04-21T03:14:57.096+0000] {processor.py:161} INFO - Started process (PID=3723553) to work on /opt/airflow/dags/baseball_etl.py
[2026-04-21T03:14:57.098+0000] {processor.py:830} INFO - Processing file /opt/airflow/dags/baseball_etl.py for tasks to queue
[2026-04-21T03:14:57.101+0000] {logging_mixin.py:188} INFO - [2026-04-21T03:14:57.100+0000] {dagbag.py:538} INFO - Filling up the DagBag from /opt/airflow/dags/baseball_etl.py
[2026-04-21T03:14:57.648+0000] {processor.py:840} INFO - DAG(s) 'baseball_pipeline_v1' retrieved from /opt/airflow/dags/baseball_etl.py
[2026-04-21T03:14:57.667+0000] {logging_mixin.py:188} INFO - [2026-04-21T03:14:57.666+0000] {dag.py:3036} INFO - Sync 1 DAGs
[2026-04-21T03:14:57.690+0000] {logging_mixin.py:188} INFO - [2026-04-21T03:14:57.689+0000] {dag.py:3823} INFO - Setting next_dagrun for baseball_pipeline_v1 to 2026-04-21 00:00:00+00:00, run_after=2026-04-22 00:00:00+00:00
[2026-04-21T03:14:57.708+0000] {processor.py:183} INFO - Processing /opt/airflow/dags/baseball_etl.py took 0.616 seconds
[2026-04-21T03:15:28.510+0000] {processor.py:161} INFO - Started process (PID=3723611) to work on /opt/airflow/dags/baseball_etl.py
[2026-04-21T03:15:28.513+0000] {processor.py:830} INFO - Processing file /opt/airflow/dags/baseball_etl.py for tasks to queue
[2026-04-21T03:15:28.515+0000] {logging_mixin.py:188} INFO - [2026-04-21T03:15:28.515+0000] {dagbag.py:538} INFO - Filling up the DagBag from /opt/airflow/dags/baseball_etl.py
[2026-04-21T03:15:29.035+0000] {processor.py:840} INFO - DAG(s) 'baseball_pipeline_v1' retrieved from /opt/airflow/dags/baseball_etl.py
[2026-04-21T03:15:29.052+0000] {logging_mixin.py:188} INFO - [2026-04-21T03:15:29.052+0000] {dag.py:3036} INFO - Sync 1 DAGs
[2026-04-21T03:15:29.075+0000] {logging_mixin.py:188} INFO - [2026-04-21T03:15:29.075+0000] {dag.py:3823} INFO - Setting next_dagrun for baseball_pipeline_v1 to 2026-04-21 00:00:00+00:00, run_after=2026-04-22 00:00:00+00:00
[2026-04-21T03:15:29.091+0000] {processor.py:183} INFO - Processing /opt/airflow/dags/baseball_etl.py took 0.586 seconds
[2026-04-21T03:15:59.775+0000] {processor.py:161} INFO - Started process (PID=3723668) to work on /opt/airflow/dags/baseball_etl.py
[2026-04-21T03:15:59.777+0000] {processor.py:830} INFO - Processing file /opt/airflow/dags/baseball_etl.py for tasks to queue
[2026-04-21T03:15:59.780+0000] {logging_mixin.py:188} INFO - [2026-04-21T03:15:59.779+0000] {dagbag.py:538} INFO - Filling up the DagBag from /opt/airflow/dags/baseball_etl.py
[2026-04-21T03:16:00.288+0000] {processor.py:840} INFO - DAG(s) 'baseball_pipeline_v1' retrieved from /opt/airflow/dags/baseball_etl.py
[2026-04-21T03:16:00.306+0000] {logging_mixin.py:188} INFO - [2026-04-21T03:16:00.306+0000] {dag.py:3036} INFO - Sync 1 DAGs
[2026-04-21T03:16:00.330+0000] {logging_mixin.py:188} INFO - [2026-04-21T03:16:00.330+0000] {dag.py:3823} INFO - Setting next_dagrun for baseball_pipeline_v1 to 2026-04-21 00:00:00+00:00, run_after=2026-04-22 00:00:00+00:00
[2026-04-21T03:16:00.347+0000] {processor.py:183} INFO - Processing /opt/airflow/dags/baseball_etl.py took 0.577 seconds
[2026-04-21T03:16:31.208+0000] {processor.py:161} INFO - Started process (PID=3723728) to work on /opt/airflow/dags/baseball_etl.py
[2026-04-21T03:16:31.210+0000] {processor.py:830} INFO - Processing file /opt/airflow/dags/baseball_etl.py for tasks to queue
[2026-04-21T03:16:31.213+0000] {logging_mixin.py:188} INFO - [2026-04-21T03:16:31.212+0000] {dagbag.py:538} INFO - Filling up the DagBag from /opt/airflow/dags/baseball_etl.py
[2026-04-21T03:16:31.727+0000] {processor.py:840} INFO - DAG(s) 'baseball_pipeline_v1' retrieved from /opt/airflow/dags/baseball_etl.py
[2026-04-21T03:16:31.745+0000] {logging_mixin.py:188} INFO - [2026-04-21T03:16:31.744+0000] {dag.py:3036} INFO - Sync 1 DAGs
[2026-04-21T03:16:31.768+0000] {logging_mixin.py:188} INFO - [2026-04-21T03:16:31.768+0000] {dag.py:3823} INFO - Setting next_dagrun for baseball_pipeline_v1 to 2026-04-21 00:00:00+00:00, run_after=2026-04-22 00:00:00+00:00
[2026-04-21T03:16:31.785+0000] {processor.py:183} INFO - Processing /opt/airflow/dags/baseball_etl.py took 0.582 seconds
[2026-04-21T03:17:01.858+0000] {processor.py:161} INFO - Started process (PID=3723789) to work on /opt/airflow/dags/baseball_etl.py
[2026-04-21T03:17:01.860+0000] {processor.py:830} INFO - Processing file /opt/airflow/dags/baseball_etl.py for tasks to queue
[2026-04-21T03:17:01.862+0000] {logging_mixin.py:188} INFO - [2026-04-21T03:17:01.862+0000] {dagbag.py:538} INFO - Filling up the DagBag from /opt/airflow/dags/baseball_etl.py
[2026-04-21T03:17:02.398+0000] {processor.py:840} INFO - DAG(s) 'baseball_pipeline_v1' retrieved from /opt/airflow/dags/baseball_etl.py
[2026-04-21T03:17:02.416+0000] {logging_mixin.py:188} INFO - [2026-04-21T03:17:02.416+0000] {dag.py:3036} INFO - Sync 1 DAGs
[2026-04-21T03:17:02.440+0000] {logging_mixin.py:188} INFO - [2026-04-21T03:17:02.440+0000] {dag.py:3823} INFO - Setting next_dagrun for baseball_pipeline_v1 to 2026-04-21 00:00:00+00:00, run_after=2026-04-22 00:00:00+00:00
[2026-04-21T03:17:02.458+0000] {processor.py:183} INFO - Processing /opt/airflow/dags/baseball_etl.py took 0.605 seconds
[2026-04-21T03:17:33.368+0000] {processor.py:161} INFO - Started process (PID=3723846) to work on /opt/airflow/dags/baseball_etl.py
[2026-04-21T03:17:33.370+0000] {processor.py:830} INFO - Processing file /opt/airflow/dags/baseball_etl.py for tasks to queue
[2026-04-21T03:17:33.372+0000] {logging_mixin.py:188} INFO - [2026-04-21T03:17:33.372+0000] {dagbag.py:538} INFO - Filling up the DagBag from /opt/airflow/dags/baseball_etl.py
[2026-04-21T03:17:33.934+0000] {processor.py:840} INFO - DAG(s) 'baseball_pipeline_v1' retrieved from /opt/airflow/dags/baseball_etl.py
[2026-04-21T03:17:33.953+0000] {logging_mixin.py:188} INFO - [2026-04-21T03:17:33.952+0000] {dag.py:3036} INFO - Sync 1 DAGs
[2026-04-21T03:17:33.978+0000] {logging_mixin.py:188} INFO - [2026-04-21T03:17:33.978+0000] {dag.py:3823} INFO - Setting next_dagrun for baseball_pipeline_v1 to 2026-04-21 00:00:00+00:00, run_after=2026-04-22 00:00:00+00:00
[2026-04-21T03:17:33.997+0000] {processor.py:183} INFO - Processing /opt/airflow/dags/baseball_etl.py took 0.634 seconds
[2026-04-21T03:18:04.913+0000] {processor.py:161} INFO - Started process (PID=3723905) to work on /opt/airflow/dags/baseball_etl.py
[2026-04-21T03:18:04.915+0000] {processor.py:830} INFO - Processing file /opt/airflow/dags/baseball_etl.py for tasks to queue
[2026-04-21T03:18:04.917+0000] {logging_mixin.py:188} INFO - [2026-04-21T03:18:04.917+0000] {dagbag.py:538} INFO - Filling up the DagBag from /opt/airflow/dags/baseball_etl.py
[2026-04-21T03:18:05.445+0000] {processor.py:840} INFO - DAG(s) 'baseball_pipeline_v1' retrieved from /opt/airflow/dags/baseball_etl.py
[2026-04-21T03:18:05.464+0000] {logging_mixin.py:188} INFO - [2026-04-21T03:18:05.463+0000] {dag.py:3036} INFO - Sync 1 DAGs
[2026-04-21T03:18:05.488+0000] {logging_mixin.py:188} INFO - [2026-04-21T03:18:05.488+0000] {dag.py:3823} INFO - Setting next_dagrun for baseball_pipeline_v1 to 2026-04-21 00:00:00+00:00, run_after=2026-04-22 00:00:00+00:00
[2026-04-21T03:18:05.505+0000] {processor.py:183} INFO - Processing /opt/airflow/dags/baseball_etl.py took 0.597 seconds
[2026-04-21T03:18:36.220+0000] {processor.py:161} INFO - Started process (PID=3723962) to work on /opt/airflow/dags/baseball_etl.py
[2026-04-21T03:18:36.222+0000] {processor.py:830} INFO - Processing file /opt/airflow/dags/baseball_etl.py for tasks to queue
[2026-04-21T03:18:36.225+0000] {logging_mixin.py:188} INFO - [2026-04-21T03:18:36.224+0000] {dagbag.py:538} INFO - Filling up the DagBag from /opt/airflow/dags/baseball_etl.py
[2026-04-21T03:18:36.759+0000] {processor.py:840} INFO - DAG(s) 'baseball_pipeline_v1' retrieved from /opt/airflow/dags/baseball_etl.py
[2026-04-21T03:18:36.776+0000] {logging_mixin.py:188} INFO - [2026-04-21T03:18:36.776+0000] {dag.py:3036} INFO - Sync 1 DAGs
[2026-04-21T03:18:36.800+0000] {logging_mixin.py:188} INFO - [2026-04-21T03:18:36.800+0000] {dag.py:3823} INFO - Setting next_dagrun for baseball_pipeline_v1 to 2026-04-21 00:00:00+00:00, run_after=2026-04-22 00:00:00+00:00
[2026-04-21T03:18:36.817+0000] {processor.py:183} INFO - Processing /opt/airflow/dags/baseball_etl.py took 0.601 seconds
[2026-04-21T03:19:07.476+0000] {processor.py:161} INFO - Started process (PID=3724019) to work on /opt/airflow/dags/baseball_etl.py
[2026-04-21T03:19:07.478+0000] {processor.py:830} INFO - Processing file /opt/airflow/dags/baseball_etl.py for tasks to queue
[2026-04-21T03:19:07.480+0000] {logging_mixin.py:188} INFO - [2026-04-21T03:19:07.480+0000] {dagbag.py:538} INFO - Filling up the DagBag from /opt/airflow/dags/baseball_etl.py
[2026-04-21T03:19:08.031+0000] {processor.py:840} INFO - DAG(s) 'baseball_pipeline_v1' retrieved from /opt/airflow/dags/baseball_etl.py
[2026-04-21T03:19:08.050+0000] {logging_mixin.py:188} INFO - [2026-04-21T03:19:08.049+0000] {dag.py:3036} INFO - Sync 1 DAGs
[2026-04-21T03:19:08.074+0000] {logging_mixin.py:188} INFO - [2026-04-21T03:19:08.073+0000] {dag.py:3823} INFO - Setting next_dagrun for baseball_pipeline_v1 to 2026-04-21 00:00:00+00:00, run_after=2026-04-22 00:00:00+00:00
[2026-04-21T03:19:08.091+0000] {processor.py:183} INFO - Processing /opt/airflow/dags/baseball_etl.py took 0.620 seconds
[2026-04-21T03:19:38.165+0000] {processor.py:161} INFO - Started process (PID=3724081) to work on /opt/airflow/dags/baseball_etl.py
[2026-04-21T03:19:38.166+0000] {processor.py:830} INFO - Processing file /opt/airflow/dags/baseball_etl.py for tasks to queue
[2026-04-21T03:19:38.169+0000] {logging_mixin.py:188} INFO - [2026-04-21T03:19:38.168+0000] {dagbag.py:538} INFO - Filling up the DagBag from /opt/airflow/dags/baseball_etl.py
[2026-04-21T03:19:38.714+0000] {processor.py:840} INFO - DAG(s) 'baseball_pipeline_v1' retrieved from /opt/airflow/dags/baseball_etl.py
[2026-04-21T03:19:38.733+0000] {logging_mixin.py:188} INFO - [2026-04-21T03:19:38.733+0000] {dag.py:3036} INFO - Sync 1 DAGs
[2026-04-21T03:19:38.756+0000] {logging_mixin.py:188} INFO - [2026-04-21T03:19:38.756+0000] {dag.py:3823} INFO - Setting next_dagrun for baseball_pipeline_v1 to 2026-04-21 00:00:00+00:00, run_after=2026-04-22 00:00:00+00:00
[2026-04-21T03:19:38.773+0000] {processor.py:183} INFO - Processing /opt/airflow/dags/baseball_etl.py took 0.613 seconds
[2026-04-21T03:20:09.625+0000] {processor.py:161} INFO - Started process (PID=3724142) to work on /opt/airflow/dags/baseball_etl.py
[2026-04-21T03:20:09.627+0000] {processor.py:830} INFO - Processing file /opt/airflow/dags/baseball_etl.py for tasks to queue
[2026-04-21T03:20:09.630+0000] {logging_mixin.py:188} INFO - [2026-04-21T03:20:09.629+0000] {dagbag.py:538} INFO - Filling up the DagBag from /opt/airflow/dags/baseball_etl.py
[2026-04-21T03:20:10.135+0000] {processor.py:840} INFO - DAG(s) 'baseball_pipeline_v1' retrieved from /opt/airflow/dags/baseball_etl.py
[2026-04-21T03:20:10.153+0000] {logging_mixin.py:188} INFO - [2026-04-21T03:20:10.153+0000] {dag.py:3036} INFO - Sync 1 DAGs
[2026-04-21T03:20:10.176+0000] {logging_mixin.py:188} INFO - [2026-04-21T03:20:10.176+0000] {dag.py:3823} INFO - Setting next_dagrun for baseball_pipeline_v1 to 2026-04-21 00:00:00+00:00, run_after=2026-04-22 00:00:00+00:00
[2026-04-21T03:20:10.194+0000] {processor.py:183} INFO - Processing /opt/airflow/dags/baseball_etl.py took 0.574 seconds
[2026-04-21T03:20:40.910+0000] {processor.py:161} INFO - Started process (PID=3724200) to work on /opt/airflow/dags/baseball_etl.py
[2026-04-21T03:20:40.912+0000] {processor.py:830} INFO - Processing file /opt/airflow/dags/baseball_etl.py for tasks to queue
[2026-04-21T03:20:40.915+0000] {logging_mixin.py:188} INFO - [2026-04-21T03:20:40.914+0000] {dagbag.py:538} INFO - Filling up the DagBag from /opt/airflow/dags/baseball_etl.py
[2026-04-21T03:20:41.418+0000] {processor.py:840} INFO - DAG(s) 'baseball_pipeline_v1' retrieved from /opt/airflow/dags/baseball_etl.py
[2026-04-21T03:20:41.436+0000] {logging_mixin.py:188} INFO - [2026-04-21T03:20:41.435+0000] {dag.py:3036} INFO - Sync 1 DAGs
[2026-04-21T03:20:41.459+0000] {logging_mixin.py:188} INFO - [2026-04-21T03:20:41.459+0000] {dag.py:3823} INFO - Setting next_dagrun for baseball_pipeline_v1 to 2026-04-21 00:00:00+00:00, run_after=2026-04-22 00:00:00+00:00
[2026-04-21T03:20:41.476+0000] {processor.py:183} INFO - Processing /opt/airflow/dags/baseball_etl.py took 0.570 seconds
[2026-04-21T03:21:11.736+0000] {processor.py:161} INFO - Started process (PID=3724261) to work on /opt/airflow/dags/baseball_etl.py
[2026-04-21T03:21:11.738+0000] {processor.py:830} INFO - Processing file /opt/airflow/dags/baseball_etl.py for tasks to queue
[2026-04-21T03:21:11.741+0000] {logging_mixin.py:188} INFO - [2026-04-21T03:21:11.740+0000] {dagbag.py:538} INFO - Filling up the DagBag from /opt/airflow/dags/baseball_etl.py
[2026-04-21T03:21:12.273+0000] {processor.py:840} INFO - DAG(s) 'baseball_pipeline_v1' retrieved from /opt/airflow/dags/baseball_etl.py
[2026-04-21T03:21:12.291+0000] {logging_mixin.py:188} INFO - [2026-04-21T03:21:12.291+0000] {dag.py:3036} INFO - Sync 1 DAGs
[2026-04-21T03:21:12.314+0000] {logging_mixin.py:188} INFO - [2026-04-21T03:21:12.314+0000] {dag.py:3823} INFO - Setting next_dagrun for baseball_pipeline_v1 to 2026-04-21 00:00:00+00:00, run_after=2026-04-22 00:00:00+00:00
[2026-04-21T03:21:12.331+0000] {processor.py:183} INFO - Processing /opt/airflow/dags/baseball_etl.py took 0.600 seconds
[2026-04-21T03:21:42.859+0000] {processor.py:161} INFO - Started process (PID=3724318) to work on /opt/airflow/dags/baseball_etl.py
[2026-04-21T03:21:42.861+0000] {processor.py:830} INFO - Processing file /opt/airflow/dags/baseball_etl.py for tasks to queue
[2026-04-21T03:21:42.863+0000] {logging_mixin.py:188} INFO - [2026-04-21T03:21:42.863+0000] {dagbag.py:538} INFO - Filling up the DagBag from /opt/airflow/dags/baseball_etl.py
[2026-04-21T03:21:43.384+0000] {processor.py:840} INFO - DAG(s) 'baseball_pipeline_v1' retrieved from /opt/airflow/dags/baseball_etl.py
[2026-04-21T03:21:43.403+0000] {logging_mixin.py:188} INFO - [2026-04-21T03:21:43.402+0000] {dag.py:3036} INFO - Sync 1 DAGs
[2026-04-21T03:21:43.427+0000] {logging_mixin.py:188} INFO - [2026-04-21T03:21:43.427+0000] {dag.py:3823} INFO - Setting next_dagrun for baseball_pipeline_v1 to 2026-04-21 00:00:00+00:00, run_after=2026-04-22 00:00:00+00:00
[2026-04-21T03:21:43.445+0000] {processor.py:183} INFO - Processing /opt/airflow/dags/baseball_etl.py took 0.591 seconds
[2026-04-21T03:22:13.510+0000] {processor.py:161} INFO - Started process (PID=3724375) to work on /opt/airflow/dags/baseball_etl.py
[2026-04-21T03:22:13.512+0000] {processor.py:830} INFO - Processing file /opt/airflow/dags/baseball_etl.py for tasks to queue
[2026-04-21T03:22:13.514+0000] {logging_mixin.py:188} INFO - [2026-04-21T03:22:13.514+0000] {dagbag.py:538} INFO - Filling up the DagBag from /opt/airflow/dags/baseball_etl.py
[2026-04-21T03:22:14.050+0000] {processor.py:840} INFO - DAG(s) 'baseball_pipeline_v1' retrieved from /opt/airflow/dags/baseball_etl.py
[2026-04-21T03:22:14.069+0000] {logging_mixin.py:188} INFO - [2026-04-21T03:22:14.068+0000] {dag.py:3036} INFO - Sync 1 DAGs
[2026-04-21T03:22:14.092+0000] {logging_mixin.py:188} INFO - [2026-04-21T03:22:14.092+0000] {dag.py:3823} INFO - Setting next_dagrun for baseball_pipeline_v1 to 2026-04-21 00:00:00+00:00, run_after=2026-04-22 00:00:00+00:00
[2026-04-21T03:22:14.110+0000] {processor.py:183} INFO - Processing /opt/airflow/dags/baseball_etl.py took 0.605 seconds
[2026-04-21T03:22:44.162+0000] {processor.py:161} INFO - Started process (PID=3724433) to work on /opt/airflow/dags/baseball_etl.py
[2026-04-21T03:22:44.164+0000] {processor.py:830} INFO - Processing file /opt/airflow/dags/baseball_etl.py for tasks to queue
[2026-04-21T03:22:44.166+0000] {logging_mixin.py:188} INFO - [2026-04-21T03:22:44.166+0000] {dagbag.py:538} INFO - Filling up the DagBag from /opt/airflow/dags/baseball_etl.py
[2026-04-21T03:22:44.739+0000] {processor.py:840} INFO - DAG(s) 'baseball_pipeline_v1' retrieved from /opt/airflow/dags/baseball_etl.py
[2026-04-21T03:22:44.759+0000] {logging_mixin.py:188} INFO - [2026-04-21T03:22:44.759+0000] {dag.py:3036} INFO - Sync 1 DAGs
[2026-04-21T03:22:44.785+0000] {logging_mixin.py:188} INFO - [2026-04-21T03:22:44.785+0000] {dag.py:3823} INFO - Setting next_dagrun for baseball_pipeline_v1 to 2026-04-21 00:00:00+00:00, run_after=2026-04-22 00:00:00+00:00
[2026-04-21T03:22:44.803+0000] {processor.py:183} INFO - Processing /opt/airflow/dags/baseball_etl.py took 0.647 seconds
[2026-04-21T03:23:15.045+0000] {processor.py:161} INFO - Started process (PID=3724489) to work on /opt/airflow/dags/baseball_etl.py
[2026-04-21T03:23:15.048+0000] {processor.py:830} INFO - Processing file /opt/airflow/dags/baseball_etl.py for tasks to queue
[2026-04-21T03:23:15.051+0000] {logging_mixin.py:188} INFO - [2026-04-21T03:23:15.050+0000] {dagbag.py:538} INFO - Filling up the DagBag from /opt/airflow/dags/baseball_etl.py
[2026-04-21T03:23:15.601+0000] {processor.py:840} INFO - DAG(s) 'baseball_pipeline_v1' retrieved from /opt/airflow/dags/baseball_etl.py
[2026-04-21T03:23:15.619+0000] {logging_mixin.py:188} INFO - [2026-04-21T03:23:15.618+0000] {dag.py:3036} INFO - Sync 1 DAGs
[2026-04-21T03:23:15.642+0000] {logging_mixin.py:188} INFO - [2026-04-21T03:23:15.642+0000] {dag.py:3823} INFO - Setting next_dagrun for baseball_pipeline_v1 to 2026-04-21 00:00:00+00:00, run_after=2026-04-22 00:00:00+00:00
[2026-04-21T03:23:15.659+0000] {processor.py:183} INFO - Processing /opt/airflow/dags/baseball_etl.py took 0.621 seconds
[2026-04-21T03:23:45.855+0000] {processor.py:161} INFO - Started process (PID=3724547) to work on /opt/airflow/dags/baseball_etl.py
[2026-04-21T03:23:45.857+0000] {processor.py:830} INFO - Processing file /opt/airflow/dags/baseball_etl.py for tasks to queue
[2026-04-21T03:23:45.860+0000] {logging_mixin.py:188} INFO - [2026-04-21T03:23:45.859+0000] {dagbag.py:538} INFO - Filling up the DagBag from /opt/airflow/dags/baseball_etl.py
[2026-04-21T03:23:46.369+0000] {processor.py:840} INFO - DAG(s) 'baseball_pipeline_v1' retrieved from /opt/airflow/dags/baseball_etl.py
[2026-04-21T03:23:46.387+0000] {logging_mixin.py:188} INFO - [2026-04-21T03:23:46.387+0000] {dag.py:3036} INFO - Sync 1 DAGs
[2026-04-21T03:23:46.413+0000] {logging_mixin.py:188} INFO - [2026-04-21T03:23:46.413+0000] {dag.py:3823} INFO - Setting next_dagrun for baseball_pipeline_v1 to 2026-04-21 00:00:00+00:00, run_after=2026-04-22 00:00:00+00:00
[2026-04-21T03:23:46.431+0000] {processor.py:183} INFO - Processing /opt/airflow/dags/baseball_etl.py took 0.580 seconds
[2026-04-21T03:24:16.578+0000] {processor.py:161} INFO - Started process (PID=3724603) to work on /opt/airflow/dags/baseball_etl.py
[2026-04-21T03:24:16.580+0000] {processor.py:830} INFO - Processing file /opt/airflow/dags/baseball_etl.py for tasks to queue
[2026-04-21T03:24:16.582+0000] {logging_mixin.py:188} INFO - [2026-04-21T03:24:16.582+0000] {dagbag.py:538} INFO - Filling up the DagBag from /opt/airflow/dags/baseball_etl.py
[2026-04-21T03:24:17.162+0000] {processor.py:840} INFO - DAG(s) 'baseball_pipeline_v1' retrieved from /opt/airflow/dags/baseball_etl.py
[2026-04-21T03:24:17.181+0000] {logging_mixin.py:188} INFO - [2026-04-21T03:24:17.180+0000] {dag.py:3036} INFO - Sync 1 DAGs
[2026-04-21T03:24:17.205+0000] {logging_mixin.py:188} INFO - [2026-04-21T03:24:17.205+0000] {dag.py:3823} INFO - Setting next_dagrun for baseball_pipeline_v1 to 2026-04-21 00:00:00+00:00, run_after=2026-04-22 00:00:00+00:00
[2026-04-21T03:24:17.223+0000] {processor.py:183} INFO - Processing /opt/airflow/dags/baseball_etl.py took 0.650 seconds
[2026-04-21T03:24:47.543+0000] {processor.py:161} INFO - Started process (PID=3724661) to work on /opt/airflow/dags/baseball_etl.py
[2026-04-21T03:24:47.545+0000] {processor.py:830} INFO - Processing file /opt/airflow/dags/baseball_etl.py for tasks to queue
[2026-04-21T03:24:47.547+0000] {logging_mixin.py:188} INFO - [2026-04-21T03:24:47.547+0000] {dagbag.py:538} INFO - Filling up the DagBag from /opt/airflow/dags/baseball_etl.py
[2026-04-21T03:24:48.088+0000] {processor.py:840} INFO - DAG(s) 'baseball_pipeline_v1' retrieved from /opt/airflow/dags/baseball_etl.py
[2026-04-21T03:24:48.107+0000] {logging_mixin.py:188} INFO - [2026-04-21T03:24:48.106+0000] {dag.py:3036} INFO - Sync 1 DAGs
[2026-04-21T03:24:48.130+0000] {logging_mixin.py:188} INFO - [2026-04-21T03:24:48.130+0000] {dag.py:3823} INFO - Setting next_dagrun for baseball_pipeline_v1 to 2026-04-21 00:00:00+00:00, run_after=2026-04-22 00:00:00+00:00
[2026-04-21T03:24:48.147+0000] {processor.py:183} INFO - Processing /opt/airflow/dags/baseball_etl.py took 0.609 seconds
[2026-04-21T03:25:18.929+0000] {processor.py:161} INFO - Started process (PID=3724720) to work on /opt/airflow/dags/baseball_etl.py
[2026-04-21T03:25:18.931+0000] {processor.py:830} INFO - Processing file /opt/airflow/dags/baseball_etl.py for tasks to queue
[2026-04-21T03:25:18.933+0000] {logging_mixin.py:188} INFO - [2026-04-21T03:25:18.933+0000] {dagbag.py:538} INFO - Filling up the DagBag from /opt/airflow/dags/baseball_etl.py
[2026-04-21T03:25:19.447+0000] {processor.py:840} INFO - DAG(s) 'baseball_pipeline_v1' retrieved from /opt/airflow/dags/baseball_etl.py
[2026-04-21T03:25:19.465+0000] {logging_mixin.py:188} INFO - [2026-04-21T03:25:19.465+0000] {dag.py:3036} INFO - Sync 1 DAGs
[2026-04-21T03:25:19.489+0000] {logging_mixin.py:188} INFO - [2026-04-21T03:25:19.489+0000] {dag.py:3823} INFO - Setting next_dagrun for baseball_pipeline_v1 to 2026-04-21 00:00:00+00:00, run_after=2026-04-22 00:00:00+00:00
[2026-04-21T03:25:19.506+0000] {processor.py:183} INFO - Processing /opt/airflow/dags/baseball_etl.py took 0.582 seconds
[2026-04-21T03:25:50.164+0000] {processor.py:161} INFO - Started process (PID=3724777) to work on /opt/airflow/dags/baseball_etl.py
[2026-04-21T03:25:50.166+0000] {processor.py:830} INFO - Processing file /opt/airflow/dags/baseball_etl.py for tasks to queue
[2026-04-21T03:25:50.169+0000] {logging_mixin.py:188} INFO - [2026-04-21T03:25:50.168+0000] {dagbag.py:538} INFO - Filling up the DagBag from /opt/airflow/dags/baseball_etl.py
[2026-04-21T03:25:50.706+0000] {processor.py:840} INFO - DAG(s) 'baseball_pipeline_v1' retrieved from /opt/airflow/dags/baseball_etl.py
[2026-04-21T03:25:50.725+0000] {logging_mixin.py:188} INFO - [2026-04-21T03:25:50.725+0000] {dag.py:3036} INFO - Sync 1 DAGs
[2026-04-21T03:25:50.749+0000] {logging_mixin.py:188} INFO - [2026-04-21T03:25:50.749+0000] {dag.py:3823} INFO - Setting next_dagrun for baseball_pipeline_v1 to 2026-04-21 00:00:00+00:00, run_after=2026-04-22 00:00:00+00:00
[2026-04-21T03:25:50.766+0000] {processor.py:183} INFO - Processing /opt/airflow/dags/baseball_etl.py took 0.607 seconds
[2026-04-21T03:26:20.842+0000] {processor.py:161} INFO - Started process (PID=3724838) to work on /opt/airflow/dags/baseball_etl.py
[2026-04-21T03:26:20.844+0000] {processor.py:830} INFO - Processing file /opt/airflow/dags/baseball_etl.py for tasks to queue
[2026-04-21T03:26:20.846+0000] {logging_mixin.py:188} INFO - [2026-04-21T03:26:20.846+0000] {dagbag.py:538} INFO - Filling up the DagBag from /opt/airflow/dags/baseball_etl.py
[2026-04-21T03:26:21.367+0000] {processor.py:840} INFO - DAG(s) 'baseball_pipeline_v1' retrieved from /opt/airflow/dags/baseball_etl.py
[2026-04-21T03:26:21.386+0000] {logging_mixin.py:188} INFO - [2026-04-21T03:26:21.386+0000] {dag.py:3036} INFO - Sync 1 DAGs
[2026-04-21T03:26:21.410+0000] {logging_mixin.py:188} INFO - [2026-04-21T03:26:21.410+0000] {dag.py:3823} INFO - Setting next_dagrun for baseball_pipeline_v1 to 2026-04-21 00:00:00+00:00, run_after=2026-04-22 00:00:00+00:00
[2026-04-21T03:26:21.427+0000] {processor.py:183} INFO - Processing /opt/airflow/dags/baseball_etl.py took 0.590 seconds
[2026-04-21T03:26:52.425+0000] {processor.py:161} INFO - Started process (PID=3724901) to work on /opt/airflow/dags/baseball_etl.py
[2026-04-21T03:26:52.431+0000] {processor.py:830} INFO - Processing file /opt/airflow/dags/baseball_etl.py for tasks to queue
[2026-04-21T03:26:52.433+0000] {logging_mixin.py:188} INFO - [2026-04-21T03:26:52.433+0000] {dagbag.py:538} INFO - Filling up the DagBag from /opt/airflow/dags/baseball_etl.py
[2026-04-21T03:26:52.952+0000] {processor.py:840} INFO - DAG(s) 'baseball_pipeline_v1' retrieved from /opt/airflow/dags/baseball_etl.py
[2026-04-21T03:26:52.971+0000] {logging_mixin.py:188} INFO - [2026-04-21T03:26:52.970+0000] {dag.py:3036} INFO - Sync 1 DAGs
[2026-04-21T03:26:52.995+0000] {logging_mixin.py:188} INFO - [2026-04-21T03:26:52.995+0000] {dag.py:3823} INFO - Setting next_dagrun for baseball_pipeline_v1 to 2026-04-21 00:00:00+00:00, run_after=2026-04-22 00:00:00+00:00
[2026-04-21T03:26:53.012+0000] {processor.py:183} INFO - Processing /opt/airflow/dags/baseball_etl.py took 0.592 seconds
[2026-04-21T03:27:23.588+0000] {processor.py:161} INFO - Started process (PID=3724958) to work on /opt/airflow/dags/baseball_etl.py
[2026-04-21T03:27:23.590+0000] {processor.py:830} INFO - Processing file /opt/airflow/dags/baseball_etl.py for tasks to queue
[2026-04-21T03:27:23.592+0000] {logging_mixin.py:188} INFO - [2026-04-21T03:27:23.592+0000] {dagbag.py:538} INFO - Filling up the DagBag from /opt/airflow/dags/baseball_etl.py
[2026-04-21T03:27:24.124+0000] {processor.py:840} INFO - DAG(s) 'baseball_pipeline_v1' retrieved from /opt/airflow/dags/baseball_etl.py
[2026-04-21T03:27:24.143+0000] {logging_mixin.py:188} INFO - [2026-04-21T03:27:24.143+0000] {dag.py:3036} INFO - Sync 1 DAGs
[2026-04-21T03:27:24.167+0000] {logging_mixin.py:188} INFO - [2026-04-21T03:27:24.167+0000] {dag.py:3823} INFO - Setting next_dagrun for baseball_pipeline_v1 to 2026-04-21 00:00:00+00:00, run_after=2026-04-22 00:00:00+00:00
[2026-04-21T03:27:24.185+0000] {processor.py:183} INFO - Processing /opt/airflow/dags/baseball_etl.py took 0.602 seconds
[2026-04-21T03:27:55.093+0000] {processor.py:161} INFO - Started process (PID=3725019) to work on /opt/airflow/dags/baseball_etl.py
[2026-04-21T03:27:55.095+0000] {processor.py:830} INFO - Processing file /opt/airflow/dags/baseball_etl.py for tasks to queue
[2026-04-21T03:27:55.098+0000] {logging_mixin.py:188} INFO - [2026-04-21T03:27:55.097+0000] {dagbag.py:538} INFO - Filling up the DagBag from /opt/airflow/dags/baseball_etl.py
[2026-04-21T03:27:55.641+0000] {processor.py:840} INFO - DAG(s) 'baseball_pipeline_v1' retrieved from /opt/airflow/dags/baseball_etl.py
[2026-04-21T03:27:55.662+0000] {logging_mixin.py:188} INFO - [2026-04-21T03:27:55.662+0000] {dag.py:3036} INFO - Sync 1 DAGs
[2026-04-21T03:27:55.687+0000] {logging_mixin.py:188} INFO - [2026-04-21T03:27:55.687+0000] {dag.py:3823} INFO - Setting next_dagrun for baseball_pipeline_v1 to 2026-04-21 00:00:00+00:00, run_after=2026-04-22 00:00:00+00:00
[2026-04-21T03:27:55.706+0000] {processor.py:183} INFO - Processing /opt/airflow/dags/baseball_etl.py took 0.618 seconds
[2026-04-21T03:28:26.388+0000] {processor.py:161} INFO - Started process (PID=3725077) to work on /opt/airflow/dags/baseball_etl.py
[2026-04-21T03:28:26.391+0000] {processor.py:830} INFO - Processing file /opt/airflow/dags/baseball_etl.py for tasks to queue
[2026-04-21T03:28:26.394+0000] {logging_mixin.py:188} INFO - [2026-04-21T03:28:26.394+0000] {dagbag.py:538} INFO - Filling up the DagBag from /opt/airflow/dags/baseball_etl.py
[2026-04-21T03:28:26.944+0000] {processor.py:840} INFO - DAG(s) 'baseball_pipeline_v1' retrieved from /opt/airflow/dags/baseball_etl.py
[2026-04-21T03:28:26.965+0000] {logging_mixin.py:188} INFO - [2026-04-21T03:28:26.964+0000] {dag.py:3036} INFO - Sync 1 DAGs
[2026-04-21T03:28:26.991+0000] {logging_mixin.py:188} INFO - [2026-04-21T03:28:26.991+0000] {dag.py:3823} INFO - Setting next_dagrun for baseball_pipeline_v1 to 2026-04-21 00:00:00+00:00, run_after=2026-04-22 00:00:00+00:00
[2026-04-21T03:28:27.009+0000] {processor.py:183} INFO - Processing /opt/airflow/dags/baseball_etl.py took 0.628 seconds
[2026-04-21T03:28:57.814+0000] {processor.py:161} INFO - Started process (PID=3725137) to work on /opt/airflow/dags/baseball_etl.py
[2026-04-21T03:28:57.816+0000] {processor.py:830} INFO - Processing file /opt/airflow/dags/baseball_etl.py for tasks to queue
[2026-04-21T03:28:57.818+0000] {logging_mixin.py:188} INFO - [2026-04-21T03:28:57.818+0000] {dagbag.py:538} INFO - Filling up the DagBag from /opt/airflow/dags/baseball_etl.py
[2026-04-21T03:28:58.337+0000] {processor.py:840} INFO - DAG(s) 'baseball_pipeline_v1' retrieved from /opt/airflow/dags/baseball_etl.py
[2026-04-21T03:28:58.355+0000] {logging_mixin.py:188} INFO - [2026-04-21T03:28:58.354+0000] {dag.py:3036} INFO - Sync 1 DAGs
[2026-04-21T03:28:58.379+0000] {logging_mixin.py:188} INFO - [2026-04-21T03:28:58.379+0000] {dag.py:3823} INFO - Setting next_dagrun for baseball_pipeline_v1 to 2026-04-21 00:00:00+00:00, run_after=2026-04-22 00:00:00+00:00
[2026-04-21T03:28:58.396+0000] {processor.py:183} INFO - Processing /opt/airflow/dags/baseball_etl.py took 0.588 seconds
[2026-04-21T03:29:28.612+0000] {processor.py:161} INFO - Started process (PID=3725194) to work on /opt/airflow/dags/baseball_etl.py
[2026-04-21T03:29:28.614+0000] {processor.py:830} INFO - Processing file /opt/airflow/dags/baseball_etl.py for tasks to queue
[2026-04-21T03:29:28.617+0000] {logging_mixin.py:188} INFO - [2026-04-21T03:29:28.617+0000] {dagbag.py:538} INFO - Filling up the DagBag from /opt/airflow/dags/baseball_etl.py
[2026-04-21T03:29:29.201+0000] {processor.py:840} INFO - DAG(s) 'baseball_pipeline_v1' retrieved from /opt/airflow/dags/baseball_etl.py
[2026-04-21T03:29:29.220+0000] {logging_mixin.py:188} INFO - [2026-04-21T03:29:29.220+0000] {dag.py:3036} INFO - Sync 1 DAGs
[2026-04-21T03:29:29.247+0000] {logging_mixin.py:188} INFO - [2026-04-21T03:29:29.246+0000] {dag.py:3823} INFO - Setting next_dagrun for baseball_pipeline_v1 to 2026-04-21 00:00:00+00:00, run_after=2026-04-22 00:00:00+00:00
[2026-04-21T03:29:29.265+0000] {processor.py:183} INFO - Processing /opt/airflow/dags/baseball_etl.py took 0.659 seconds
[2026-04-21T03:29:59.644+0000] {processor.py:161} INFO - Started process (PID=3725254) to work on /opt/airflow/dags/baseball_etl.py
[2026-04-21T03:29:59.646+0000] {processor.py:830} INFO - Processing file /opt/airflow/dags/baseball_etl.py for tasks to queue
[2026-04-21T03:29:59.649+0000] {logging_mixin.py:188} INFO - [2026-04-21T03:29:59.648+0000] {dagbag.py:538} INFO - Filling up the DagBag from /opt/airflow/dags/baseball_etl.py
[2026-04-21T03:30:00.181+0000] {processor.py:840} INFO - DAG(s) 'baseball_pipeline_v1' retrieved from /opt/airflow/dags/baseball_etl.py
[2026-04-21T03:30:00.199+0000] {logging_mixin.py:188} INFO - [2026-04-21T03:30:00.199+0000] {dag.py:3036} INFO - Sync 1 DAGs
[2026-04-21T03:30:00.224+0000] {logging_mixin.py:188} INFO - [2026-04-21T03:30:00.223+0000] {dag.py:3823} INFO - Setting next_dagrun for baseball_pipeline_v1 to 2026-04-21 00:00:00+00:00, run_after=2026-04-22 00:00:00+00:00
[2026-04-21T03:30:00.241+0000] {processor.py:183} INFO - Processing /opt/airflow/dags/baseball_etl.py took 0.602 seconds
[2026-04-21T03:30:30.317+0000] {processor.py:161} INFO - Started process (PID=3725308) to work on /opt/airflow/dags/baseball_etl.py
[2026-04-21T03:30:30.319+0000] {processor.py:830} INFO - Processing file /opt/airflow/dags/baseball_etl.py for tasks to queue
[2026-04-21T03:30:30.321+0000] {logging_mixin.py:188} INFO - [2026-04-21T03:30:30.321+0000] {dagbag.py:538} INFO - Filling up the DagBag from /opt/airflow/dags/baseball_etl.py
[2026-04-21T03:30:30.851+0000] {processor.py:840} INFO - DAG(s) 'baseball_pipeline_v1' retrieved from /opt/airflow/dags/baseball_etl.py
[2026-04-21T03:30:30.869+0000] {logging_mixin.py:188} INFO - [2026-04-21T03:30:30.868+0000] {dag.py:3036} INFO - Sync 1 DAGs
[2026-04-21T03:30:30.893+0000] {logging_mixin.py:188} INFO - [2026-04-21T03:30:30.893+0000] {dag.py:3823} INFO - Setting next_dagrun for baseball_pipeline_v1 to 2026-04-21 00:00:00+00:00, run_after=2026-04-22 00:00:00+00:00
[2026-04-21T03:30:30.910+0000] {processor.py:183} INFO - Processing /opt/airflow/dags/baseball_etl.py took 0.598 seconds
[2026-04-21T03:31:01.742+0000] {processor.py:161} INFO - Started process (PID=3725366) to work on /opt/airflow/dags/baseball_etl.py
[2026-04-21T03:31:01.744+0000] {processor.py:830} INFO - Processing file /opt/airflow/dags/baseball_etl.py for tasks to queue
[2026-04-21T03:31:01.746+0000] {logging_mixin.py:188} INFO - [2026-04-21T03:31:01.746+0000] {dagbag.py:538} INFO - Filling up the DagBag from /opt/airflow/dags/baseball_etl.py
[2026-04-21T03:31:02.296+0000] {processor.py:840} INFO - DAG(s) 'baseball_pipeline_v1' retrieved from /opt/airflow/dags/baseball_etl.py
[2026-04-21T03:31:02.315+0000] {logging_mixin.py:188} INFO - [2026-04-21T03:31:02.314+0000] {dag.py:3036} INFO - Sync 1 DAGs
[2026-04-21T03:31:02.340+0000] {logging_mixin.py:188} INFO - [2026-04-21T03:31:02.339+0000] {dag.py:3823} INFO - Setting next_dagrun for baseball_pipeline_v1 to 2026-04-21 00:00:00+00:00, run_after=2026-04-22 00:00:00+00:00
[2026-04-21T03:31:02.357+0000] {processor.py:183} INFO - Processing /opt/airflow/dags/baseball_etl.py took 0.620 seconds
[2026-04-21T03:31:33.062+0000] {processor.py:161} INFO - Started process (PID=3725425) to work on /opt/airflow/dags/baseball_etl.py
[2026-04-21T03:31:33.064+0000] {processor.py:830} INFO - Processing file /opt/airflow/dags/baseball_etl.py for tasks to queue
[2026-04-21T03:31:33.067+0000] {logging_mixin.py:188} INFO - [2026-04-21T03:31:33.066+0000] {dagbag.py:538} INFO - Filling up the DagBag from /opt/airflow/dags/baseball_etl.py
[2026-04-21T03:31:33.392+0000] {processor.py:840} INFO - DAG(s) 'baseball_pipeline_v1' retrieved from /opt/airflow/dags/baseball_etl.py
[2026-04-21T03:31:33.415+0000] {logging_mixin.py:188} INFO - [2026-04-21T03:31:33.414+0000] {dag.py:3036} INFO - Sync 1 DAGs
[2026-04-21T03:31:33.441+0000] {logging_mixin.py:188} INFO - [2026-04-21T03:31:33.440+0000] {dag.py:3823} INFO - Setting next_dagrun for baseball_pipeline_v1 to 2026-04-21 00:00:00+00:00, run_after=2026-04-22 00:00:00+00:00
[2026-04-21T03:31:33.460+0000] {processor.py:183} INFO - Processing /opt/airflow/dags/baseball_etl.py took 0.403 seconds
[2026-04-21T03:32:03.960+0000] {processor.py:161} INFO - Started process (PID=3725482) to work on /opt/airflow/dags/baseball_etl.py
[2026-04-21T03:32:03.962+0000] {processor.py:830} INFO - Processing file /opt/airflow/dags/baseball_etl.py for tasks to queue
[2026-04-21T03:32:03.965+0000] {logging_mixin.py:188} INFO - [2026-04-21T03:32:03.964+0000] {dagbag.py:538} INFO - Filling up the DagBag from /opt/airflow/dags/baseball_etl.py
[2026-04-21T03:32:04.302+0000] {processor.py:840} INFO - DAG(s) 'baseball_pipeline_v1' retrieved from /opt/airflow/dags/baseball_etl.py
[2026-04-21T03:32:04.323+0000] {logging_mixin.py:188} INFO - [2026-04-21T03:32:04.322+0000] {dag.py:3036} INFO - Sync 1 DAGs
[2026-04-21T03:32:04.350+0000] {logging_mixin.py:188} INFO - [2026-04-21T03:32:04.349+0000] {dag.py:3823} INFO - Setting next_dagrun for baseball_pipeline_v1 to 2026-04-21 00:00:00+00:00, run_after=2026-04-22 00:00:00+00:00
[2026-04-21T03:32:04.369+0000] {processor.py:183} INFO - Processing /opt/airflow/dags/baseball_etl.py took 0.414 seconds
[2026-04-21T03:32:34.868+0000] {processor.py:161} INFO - Started process (PID=3725539) to work on /opt/airflow/dags/baseball_etl.py
[2026-04-21T03:32:34.871+0000] {processor.py:830} INFO - Processing file /opt/airflow/dags/baseball_etl.py for tasks to queue
[2026-04-21T03:32:34.873+0000] {logging_mixin.py:188} INFO - [2026-04-21T03:32:34.873+0000] {dagbag.py:538} INFO - Filling up the DagBag from /opt/airflow/dags/baseball_etl.py
[2026-04-21T03:32:35.205+0000] {processor.py:840} INFO - DAG(s) 'baseball_pipeline_v1' retrieved from /opt/airflow/dags/baseball_etl.py
[2026-04-21T03:32:35.228+0000] {logging_mixin.py:188} INFO - [2026-04-21T03:32:35.227+0000] {dag.py:3036} INFO - Sync 1 DAGs
[2026-04-21T03:32:35.255+0000] {logging_mixin.py:188} INFO - [2026-04-21T03:32:35.255+0000] {dag.py:3823} INFO - Setting next_dagrun for baseball_pipeline_v1 to 2026-04-21 00:00:00+00:00, run_after=2026-04-22 00:00:00+00:00
[2026-04-21T03:32:35.273+0000] {processor.py:183} INFO - Processing /opt/airflow/dags/baseball_etl.py took 0.410 seconds
[2026-04-21T03:33:06.079+0000] {processor.py:161} INFO - Started process (PID=3725597) to work on /opt/airflow/dags/baseball_etl.py
[2026-04-21T03:33:06.081+0000] {processor.py:830} INFO - Processing file /opt/airflow/dags/baseball_etl.py for tasks to queue
[2026-04-21T03:33:06.084+0000] {logging_mixin.py:188} INFO - [2026-04-21T03:33:06.083+0000] {dagbag.py:538} INFO - Filling up the DagBag from /opt/airflow/dags/baseball_etl.py
[2026-04-21T03:33:06.406+0000] {processor.py:840} INFO - DAG(s) 'baseball_pipeline_v1' retrieved from /opt/airflow/dags/baseball_etl.py
[2026-04-21T03:33:06.428+0000] {logging_mixin.py:188} INFO - [2026-04-21T03:33:06.427+0000] {dag.py:3036} INFO - Sync 1 DAGs
[2026-04-21T03:33:06.459+0000] {logging_mixin.py:188} INFO - [2026-04-21T03:33:06.459+0000] {dag.py:3823} INFO - Setting next_dagrun for baseball_pipeline_v1 to 2026-04-21 00:00:00+00:00, run_after=2026-04-22 00:00:00+00:00
[2026-04-21T03:33:06.479+0000] {processor.py:183} INFO - Processing /opt/airflow/dags/baseball_etl.py took 0.405 seconds
[2026-04-21T03:33:37.209+0000] {processor.py:161} INFO - Started process (PID=3725654) to work on /opt/airflow/dags/baseball_etl.py
[2026-04-21T03:33:37.211+0000] {processor.py:830} INFO - Processing file /opt/airflow/dags/baseball_etl.py for tasks to queue
[2026-04-21T03:33:37.214+0000] {logging_mixin.py:188} INFO - [2026-04-21T03:33:37.213+0000] {dagbag.py:538} INFO - Filling up the DagBag from /opt/airflow/dags/baseball_etl.py
[2026-04-21T03:33:37.540+0000] {processor.py:840} INFO - DAG(s) 'baseball_pipeline_v1' retrieved from /opt/airflow/dags/baseball_etl.py
[2026-04-21T03:33:37.560+0000] {logging_mixin.py:188} INFO - [2026-04-21T03:33:37.560+0000] {dag.py:3036} INFO - Sync 1 DAGs
[2026-04-21T03:33:37.587+0000] {logging_mixin.py:188} INFO - [2026-04-21T03:33:37.587+0000] {dag.py:3823} INFO - Setting next_dagrun for baseball_pipeline_v1 to 2026-04-21 00:00:00+00:00, run_after=2026-04-22 00:00:00+00:00
[2026-04-21T03:33:37.605+0000] {processor.py:183} INFO - Processing /opt/airflow/dags/baseball_etl.py took 0.400 seconds
[2026-04-21T03:34:08.458+0000] {processor.py:161} INFO - Started process (PID=3725711) to work on /opt/airflow/dags/baseball_etl.py
[2026-04-21T03:34:08.460+0000] {processor.py:830} INFO - Processing file /opt/airflow/dags/baseball_etl.py for tasks to queue
[2026-04-21T03:34:08.462+0000] {logging_mixin.py:188} INFO - [2026-04-21T03:34:08.462+0000] {dagbag.py:538} INFO - Filling up the DagBag from /opt/airflow/dags/baseball_etl.py
[2026-04-21T03:34:08.783+0000] {processor.py:840} INFO - DAG(s) 'baseball_pipeline_v1' retrieved from /opt/airflow/dags/baseball_etl.py
[2026-04-21T03:34:08.803+0000] {logging_mixin.py:188} INFO - [2026-04-21T03:34:08.803+0000] {dag.py:3036} INFO - Sync 1 DAGs
[2026-04-21T03:34:08.831+0000] {logging_mixin.py:188} INFO - [2026-04-21T03:34:08.831+0000] {dag.py:3823} INFO - Setting next_dagrun for baseball_pipeline_v1 to 2026-04-21 00:00:00+00:00, run_after=2026-04-22 00:00:00+00:00
[2026-04-21T03:34:08.848+0000] {processor.py:183} INFO - Processing /opt/airflow/dags/baseball_etl.py took 0.396 seconds
[2026-04-21T03:34:39.643+0000] {processor.py:161} INFO - Started process (PID=3725768) to work on /opt/airflow/dags/baseball_etl.py
[2026-04-21T03:34:39.646+0000] {processor.py:830} INFO - Processing file /opt/airflow/dags/baseball_etl.py for tasks to queue
[2026-04-21T03:34:39.649+0000] {logging_mixin.py:188} INFO - [2026-04-21T03:34:39.649+0000] {dagbag.py:538} INFO - Filling up the DagBag from /opt/airflow/dags/baseball_etl.py
[2026-04-21T03:34:39.979+0000] {processor.py:840} INFO - DAG(s) 'baseball_pipeline_v1' retrieved from /opt/airflow/dags/baseball_etl.py
[2026-04-21T03:34:40.001+0000] {logging_mixin.py:188} INFO - [2026-04-21T03:34:40.000+0000] {dag.py:3036} INFO - Sync 1 DAGs
[2026-04-21T03:34:40.029+0000] {logging_mixin.py:188} INFO - [2026-04-21T03:34:40.028+0000] {dag.py:3823} INFO - Setting next_dagrun for baseball_pipeline_v1 to 2026-04-21 00:00:00+00:00, run_after=2026-04-22 00:00:00+00:00
[2026-04-21T03:34:40.047+0000] {processor.py:183} INFO - Processing /opt/airflow/dags/baseball_etl.py took 0.408 seconds
[2026-04-21T03:35:10.869+0000] {processor.py:161} INFO - Started process (PID=3725825) to work on /opt/airflow/dags/baseball_etl.py
[2026-04-21T03:35:10.871+0000] {processor.py:830} INFO - Processing file /opt/airflow/dags/baseball_etl.py for tasks to queue
[2026-04-21T03:35:10.873+0000] {logging_mixin.py:188} INFO - [2026-04-21T03:35:10.873+0000] {dagbag.py:538} INFO - Filling up the DagBag from /opt/airflow/dags/baseball_etl.py
[2026-04-21T03:35:11.200+0000] {processor.py:840} INFO - DAG(s) 'baseball_pipeline_v1' retrieved from /opt/airflow/dags/baseball_etl.py
[2026-04-21T03:35:11.225+0000] {logging_mixin.py:188} INFO - [2026-04-21T03:35:11.224+0000] {dag.py:3036} INFO - Sync 1 DAGs
[2026-04-21T03:35:11.255+0000] {logging_mixin.py:188} INFO - [2026-04-21T03:35:11.255+0000] {dag.py:3823} INFO - Setting next_dagrun for baseball_pipeline_v1 to 2026-04-21 00:00:00+00:00, run_after=2026-04-22 00:00:00+00:00
[2026-04-21T03:35:11.278+0000] {processor.py:183} INFO - Processing /opt/airflow/dags/baseball_etl.py took 0.414 seconds
[2026-04-21T03:35:42.113+0000] {processor.py:161} INFO - Started process (PID=3725882) to work on /opt/airflow/dags/baseball_etl.py
[2026-04-21T03:35:42.115+0000] {processor.py:830} INFO - Processing file /opt/airflow/dags/baseball_etl.py for tasks to queue
[2026-04-21T03:35:42.117+0000] {logging_mixin.py:188} INFO - [2026-04-21T03:35:42.117+0000] {dagbag.py:538} INFO - Filling up the DagBag from /opt/airflow/dags/baseball_etl.py
[2026-04-21T03:35:42.461+0000] {processor.py:840} INFO - DAG(s) 'baseball_pipeline_v1' retrieved from /opt/airflow/dags/baseball_etl.py
[2026-04-21T03:35:42.483+0000] {logging_mixin.py:188} INFO - [2026-04-21T03:35:42.482+0000] {dag.py:3036} INFO - Sync 1 DAGs
[2026-04-21T03:35:42.509+0000] {logging_mixin.py:188} INFO - [2026-04-21T03:35:42.509+0000] {dag.py:3823} INFO - Setting next_dagrun for baseball_pipeline_v1 to 2026-04-21 00:00:00+00:00, run_after=2026-04-22 00:00:00+00:00
[2026-04-21T03:35:42.529+0000] {processor.py:183} INFO - Processing /opt/airflow/dags/baseball_etl.py took 0.422 seconds
[2026-04-21T03:36:12.662+0000] {processor.py:161} INFO - Started process (PID=3725941) to work on /opt/airflow/dags/baseball_etl.py
[2026-04-21T03:36:12.664+0000] {processor.py:830} INFO - Processing file /opt/airflow/dags/baseball_etl.py for tasks to queue
[2026-04-21T03:36:12.666+0000] {logging_mixin.py:188} INFO - [2026-04-21T03:36:12.666+0000] {dagbag.py:538} INFO - Filling up the DagBag from /opt/airflow/dags/baseball_etl.py
[2026-04-21T03:36:13.033+0000] {processor.py:840} INFO - DAG(s) 'baseball_pipeline_v1' retrieved from /opt/airflow/dags/baseball_etl.py
[2026-04-21T03:36:13.055+0000] {logging_mixin.py:188} INFO - [2026-04-21T03:36:13.054+0000] {dag.py:3036} INFO - Sync 1 DAGs
[2026-04-21T03:36:13.081+0000] {logging_mixin.py:188} INFO - [2026-04-21T03:36:13.081+0000] {dag.py:3823} INFO - Setting next_dagrun for baseball_pipeline_v1 to 2026-04-21 00:00:00+00:00, run_after=2026-04-22 00:00:00+00:00
[2026-04-21T03:36:13.099+0000] {processor.py:183} INFO - Processing /opt/airflow/dags/baseball_etl.py took 0.442 seconds
[2026-04-21T03:36:43.845+0000] {processor.py:161} INFO - Started process (PID=3725998) to work on /opt/airflow/dags/baseball_etl.py
[2026-04-21T03:36:43.847+0000] {processor.py:830} INFO - Processing file /opt/airflow/dags/baseball_etl.py for tasks to queue
[2026-04-21T03:36:43.849+0000] {logging_mixin.py:188} INFO - [2026-04-21T03:36:43.849+0000] {dagbag.py:538} INFO - Filling up the DagBag from /opt/airflow/dags/baseball_etl.py
[2026-04-21T03:36:44.225+0000] {processor.py:840} INFO - DAG(s) 'baseball_pipeline_v1' retrieved from /opt/airflow/dags/baseball_etl.py
[2026-04-21T03:36:44.247+0000] {logging_mixin.py:188} INFO - [2026-04-21T03:36:44.246+0000] {dag.py:3036} INFO - Sync 1 DAGs
[2026-04-21T03:36:44.273+0000] {logging_mixin.py:188} INFO - [2026-04-21T03:36:44.273+0000] {dag.py:3823} INFO - Setting next_dagrun for baseball_pipeline_v1 to 2026-04-21 00:00:00+00:00, run_after=2026-04-22 00:00:00+00:00
[2026-04-21T03:36:44.291+0000] {processor.py:183} INFO - Processing /opt/airflow/dags/baseball_etl.py took 0.452 seconds
[2026-04-21T03:37:15.233+0000] {processor.py:161} INFO - Started process (PID=3726057) to work on /opt/airflow/dags/baseball_etl.py
[2026-04-21T03:37:15.235+0000] {processor.py:830} INFO - Processing file /opt/airflow/dags/baseball_etl.py for tasks to queue
[2026-04-21T03:37:15.238+0000] {logging_mixin.py:188} INFO - [2026-04-21T03:37:15.237+0000] {dagbag.py:538} INFO - Filling up the DagBag from /opt/airflow/dags/baseball_etl.py
[2026-04-21T03:37:15.563+0000] {processor.py:840} INFO - DAG(s) 'baseball_pipeline_v1' retrieved from /opt/airflow/dags/baseball_etl.py
[2026-04-21T03:37:15.586+0000] {logging_mixin.py:188} INFO - [2026-04-21T03:37:15.585+0000] {dag.py:3036} INFO - Sync 1 DAGs
[2026-04-21T03:37:15.612+0000] {logging_mixin.py:188} INFO - [2026-04-21T03:37:15.612+0000] {dag.py:3823} INFO - Setting next_dagrun for baseball_pipeline_v1 to 2026-04-21 00:00:00+00:00, run_after=2026-04-22 00:00:00+00:00
[2026-04-21T03:37:15.630+0000] {processor.py:183} INFO - Processing /opt/airflow/dags/baseball_etl.py took 0.401 seconds
[2026-04-21T03:37:45.685+0000] {processor.py:161} INFO - Started process (PID=3726115) to work on /opt/airflow/dags/baseball_etl.py
[2026-04-21T03:37:45.687+0000] {processor.py:830} INFO - Processing file /opt/airflow/dags/baseball_etl.py for tasks to queue
[2026-04-21T03:37:45.689+0000] {logging_mixin.py:188} INFO - [2026-04-21T03:37:45.689+0000] {dagbag.py:538} INFO - Filling up the DagBag from /opt/airflow/dags/baseball_etl.py
[2026-04-21T03:37:46.016+0000] {processor.py:840} INFO - DAG(s) 'baseball_pipeline_v1' retrieved from /opt/airflow/dags/baseball_etl.py
[2026-04-21T03:37:46.038+0000] {logging_mixin.py:188} INFO - [2026-04-21T03:37:46.038+0000] {dag.py:3036} INFO - Sync 1 DAGs
[2026-04-21T03:37:46.065+0000] {logging_mixin.py:188} INFO - [2026-04-21T03:37:46.065+0000] {dag.py:3823} INFO - Setting next_dagrun for baseball_pipeline_v1 to 2026-04-21 00:00:00+00:00, run_after=2026-04-22 00:00:00+00:00
[2026-04-21T03:37:46.085+0000] {processor.py:183} INFO - Processing /opt/airflow/dags/baseball_etl.py took 0.405 seconds
[2026-04-21T03:38:16.956+0000] {processor.py:161} INFO - Started process (PID=3726172) to work on /opt/airflow/dags/baseball_etl.py
[2026-04-21T03:38:16.958+0000] {processor.py:830} INFO - Processing file /opt/airflow/dags/baseball_etl.py for tasks to queue
[2026-04-21T03:38:16.960+0000] {logging_mixin.py:188} INFO - [2026-04-21T03:38:16.960+0000] {dagbag.py:538} INFO - Filling up the DagBag from /opt/airflow/dags/baseball_etl.py
[2026-04-21T03:38:17.282+0000] {processor.py:840} INFO - DAG(s) 'baseball_pipeline_v1' retrieved from /opt/airflow/dags/baseball_etl.py
[2026-04-21T03:38:17.304+0000] {logging_mixin.py:188} INFO - [2026-04-21T03:38:17.303+0000] {dag.py:3036} INFO - Sync 1 DAGs
[2026-04-21T03:38:17.332+0000] {logging_mixin.py:188} INFO - [2026-04-21T03:38:17.331+0000] {dag.py:3823} INFO - Setting next_dagrun for baseball_pipeline_v1 to 2026-04-21 00:00:00+00:00, run_after=2026-04-22 00:00:00+00:00
[2026-04-21T03:38:17.355+0000] {processor.py:183} INFO - Processing /opt/airflow/dags/baseball_etl.py took 0.404 seconds
[2026-04-21T03:38:48.176+0000] {processor.py:161} INFO - Started process (PID=3726230) to work on /opt/airflow/dags/baseball_etl.py
[2026-04-21T03:38:48.178+0000] {processor.py:830} INFO - Processing file /opt/airflow/dags/baseball_etl.py for tasks to queue
[2026-04-21T03:38:48.180+0000] {logging_mixin.py:188} INFO - [2026-04-21T03:38:48.180+0000] {dagbag.py:538} INFO - Filling up the DagBag from /opt/airflow/dags/baseball_etl.py
[2026-04-21T03:38:48.504+0000] {processor.py:840} INFO - DAG(s) 'baseball_pipeline_v1' retrieved from /opt/airflow/dags/baseball_etl.py
[2026-04-21T03:38:48.525+0000] {logging_mixin.py:188} INFO - [2026-04-21T03:38:48.525+0000] {dag.py:3036} INFO - Sync 1 DAGs
[2026-04-21T03:38:48.554+0000] {logging_mixin.py:188} INFO - [2026-04-21T03:38:48.553+0000] {dag.py:3823} INFO - Setting next_dagrun for baseball_pipeline_v1 to 2026-04-21 00:00:00+00:00, run_after=2026-04-22 00:00:00+00:00
[2026-04-21T03:38:48.572+0000] {processor.py:183} INFO - Processing /opt/airflow/dags/baseball_etl.py took 0.400 seconds
[2026-04-21T03:39:19.520+0000] {processor.py:161} INFO - Started process (PID=3726287) to work on /opt/airflow/dags/baseball_etl.py
[2026-04-21T03:39:19.522+0000] {processor.py:830} INFO - Processing file /opt/airflow/dags/baseball_etl.py for tasks to queue
[2026-04-21T03:39:19.524+0000] {logging_mixin.py:188} INFO - [2026-04-21T03:39:19.524+0000] {dagbag.py:538} INFO - Filling up the DagBag from /opt/airflow/dags/baseball_etl.py
[2026-04-21T03:39:19.849+0000] {processor.py:840} INFO - DAG(s) 'baseball_pipeline_v1' retrieved from /opt/airflow/dags/baseball_etl.py
[2026-04-21T03:39:19.871+0000] {logging_mixin.py:188} INFO - [2026-04-21T03:39:19.870+0000] {dag.py:3036} INFO - Sync 1 DAGs
[2026-04-21T03:39:19.897+0000] {logging_mixin.py:188} INFO - [2026-04-21T03:39:19.897+0000] {dag.py:3823} INFO - Setting next_dagrun for baseball_pipeline_v1 to 2026-04-21 00:00:00+00:00, run_after=2026-04-22 00:00:00+00:00
[2026-04-21T03:39:19.917+0000] {processor.py:183} INFO - Processing /opt/airflow/dags/baseball_etl.py took 0.402 seconds
[2026-04-21T03:39:49.959+0000] {processor.py:161} INFO - Started process (PID=3726346) to work on /opt/airflow/dags/baseball_etl.py
[2026-04-21T03:39:49.961+0000] {processor.py:830} INFO - Processing file /opt/airflow/dags/baseball_etl.py for tasks to queue
[2026-04-21T03:39:49.964+0000] {logging_mixin.py:188} INFO - [2026-04-21T03:39:49.964+0000] {dagbag.py:538} INFO - Filling up the DagBag from /opt/airflow/dags/baseball_etl.py
[2026-04-21T03:39:50.287+0000] {processor.py:840} INFO - DAG(s) 'baseball_pipeline_v1' retrieved from /opt/airflow/dags/baseball_etl.py
[2026-04-21T03:39:50.309+0000] {logging_mixin.py:188} INFO - [2026-04-21T03:39:50.308+0000] {dag.py:3036} INFO - Sync 1 DAGs
[2026-04-21T03:39:50.334+0000] {logging_mixin.py:188} INFO - [2026-04-21T03:39:50.334+0000] {dag.py:3823} INFO - Setting next_dagrun for baseball_pipeline_v1 to 2026-04-21 00:00:00+00:00, run_after=2026-04-22 00:00:00+00:00
[2026-04-21T03:39:50.352+0000] {processor.py:183} INFO - Processing /opt/airflow/dags/baseball_etl.py took 0.398 seconds
[2026-04-21T03:40:21.313+0000] {processor.py:161} INFO - Started process (PID=3726403) to work on /opt/airflow/dags/baseball_etl.py
[2026-04-21T03:40:21.315+0000] {processor.py:830} INFO - Processing file /opt/airflow/dags/baseball_etl.py for tasks to queue
[2026-04-21T03:40:21.317+0000] {logging_mixin.py:188} INFO - [2026-04-21T03:40:21.317+0000] {dagbag.py:538} INFO - Filling up the DagBag from /opt/airflow/dags/baseball_etl.py
[2026-04-21T03:40:21.638+0000] {processor.py:840} INFO - DAG(s) 'baseball_pipeline_v1' retrieved from /opt/airflow/dags/baseball_etl.py
[2026-04-21T03:40:21.659+0000] {logging_mixin.py:188} INFO - [2026-04-21T03:40:21.659+0000] {dag.py:3036} INFO - Sync 1 DAGs
[2026-04-21T03:40:21.685+0000] {logging_mixin.py:188} INFO - [2026-04-21T03:40:21.685+0000] {dag.py:3823} INFO - Setting next_dagrun for baseball_pipeline_v1 to 2026-04-21 00:00:00+00:00, run_after=2026-04-22 00:00:00+00:00
[2026-04-21T03:40:21.703+0000] {processor.py:183} INFO - Processing /opt/airflow/dags/baseball_etl.py took 0.395 seconds
[2026-04-21T03:40:51.775+0000] {processor.py:161} INFO - Started process (PID=3726463) to work on /opt/airflow/dags/baseball_etl.py
[2026-04-21T03:40:51.777+0000] {processor.py:830} INFO - Processing file /opt/airflow/dags/baseball_etl.py for tasks to queue
[2026-04-21T03:40:51.779+0000] {logging_mixin.py:188} INFO - [2026-04-21T03:40:51.779+0000] {dagbag.py:538} INFO - Filling up the DagBag from /opt/airflow/dags/baseball_etl.py
[2026-04-21T03:40:52.099+0000] {processor.py:840} INFO - DAG(s) 'baseball_pipeline_v1' retrieved from /opt/airflow/dags/baseball_etl.py
[2026-04-21T03:40:52.121+0000] {logging_mixin.py:188} INFO - [2026-04-21T03:40:52.121+0000] {dag.py:3036} INFO - Sync 1 DAGs
[2026-04-21T03:40:52.147+0000] {logging_mixin.py:188} INFO - [2026-04-21T03:40:52.147+0000] {dag.py:3823} INFO - Setting next_dagrun for baseball_pipeline_v1 to 2026-04-21 00:00:00+00:00, run_after=2026-04-22 00:00:00+00:00
[2026-04-21T03:40:52.164+0000] {processor.py:183} INFO - Processing /opt/airflow/dags/baseball_etl.py took 0.394 seconds
[2026-04-21T03:41:22.209+0000] {processor.py:161} INFO - Started process (PID=3726522) to work on /opt/airflow/dags/baseball_etl.py
[2026-04-21T03:41:22.211+0000] {processor.py:830} INFO - Processing file /opt/airflow/dags/baseball_etl.py for tasks to queue
[2026-04-21T03:41:22.213+0000] {logging_mixin.py:188} INFO - [2026-04-21T03:41:22.213+0000] {dagbag.py:538} INFO - Filling up the DagBag from /opt/airflow/dags/baseball_etl.py
[2026-04-21T03:41:22.533+0000] {processor.py:840} INFO - DAG(s) 'baseball_pipeline_v1' retrieved from /opt/airflow/dags/baseball_etl.py
[2026-04-21T03:41:22.555+0000] {logging_mixin.py:188} INFO - [2026-04-21T03:41:22.554+0000] {dag.py:3036} INFO - Sync 1 DAGs
[2026-04-21T03:41:22.582+0000] {logging_mixin.py:188} INFO - [2026-04-21T03:41:22.582+0000] {dag.py:3823} INFO - Setting next_dagrun for baseball_pipeline_v1 to 2026-04-21 00:00:00+00:00, run_after=2026-04-22 00:00:00+00:00
[2026-04-21T03:41:22.601+0000] {processor.py:183} INFO - Processing /opt/airflow/dags/baseball_etl.py took 0.397 seconds
[2026-04-21T03:41:52.629+0000] {processor.py:161} INFO - Started process (PID=3726581) to work on /opt/airflow/dags/baseball_etl.py
[2026-04-21T03:41:52.631+0000] {processor.py:830} INFO - Processing file /opt/airflow/dags/baseball_etl.py for tasks to queue
[2026-04-21T03:41:52.633+0000] {logging_mixin.py:188} INFO - [2026-04-21T03:41:52.633+0000] {dagbag.py:538} INFO - Filling up the DagBag from /opt/airflow/dags/baseball_etl.py
[2026-04-21T03:41:52.958+0000] {processor.py:840} INFO - DAG(s) 'baseball_pipeline_v1' retrieved from /opt/airflow/dags/baseball_etl.py
[2026-04-21T03:41:52.980+0000] {logging_mixin.py:188} INFO - [2026-04-21T03:41:52.980+0000] {dag.py:3036} INFO - Sync 1 DAGs
[2026-04-21T03:41:53.007+0000] {logging_mixin.py:188} INFO - [2026-04-21T03:41:53.007+0000] {dag.py:3823} INFO - Setting next_dagrun for baseball_pipeline_v1 to 2026-04-21 00:00:00+00:00, run_after=2026-04-22 00:00:00+00:00
[2026-04-21T03:41:53.025+0000] {processor.py:183} INFO - Processing /opt/airflow/dags/baseball_etl.py took 0.401 seconds
[2026-04-21T03:42:23.219+0000] {processor.py:161} INFO - Started process (PID=3726645) to work on /opt/airflow/dags/baseball_etl.py
[2026-04-21T03:42:23.221+0000] {processor.py:830} INFO - Processing file /opt/airflow/dags/baseball_etl.py for tasks to queue
[2026-04-21T03:42:23.224+0000] {logging_mixin.py:188} INFO - [2026-04-21T03:42:23.223+0000] {dagbag.py:538} INFO - Filling up the DagBag from /opt/airflow/dags/baseball_etl.py
[2026-04-21T03:42:23.543+0000] {processor.py:840} INFO - DAG(s) 'baseball_pipeline_v1' retrieved from /opt/airflow/dags/baseball_etl.py
[2026-04-21T03:42:23.565+0000] {logging_mixin.py:188} INFO - [2026-04-21T03:42:23.564+0000] {dag.py:3036} INFO - Sync 1 DAGs
[2026-04-21T03:42:23.591+0000] {logging_mixin.py:188} INFO - [2026-04-21T03:42:23.591+0000] {dag.py:3823} INFO - Setting next_dagrun for baseball_pipeline_v1 to 2026-04-21 00:00:00+00:00, run_after=2026-04-22 00:00:00+00:00
[2026-04-21T03:42:23.611+0000] {processor.py:183} INFO - Processing /opt/airflow/dags/baseball_etl.py took 0.396 seconds
[2026-04-21T03:42:54.383+0000] {processor.py:161} INFO - Started process (PID=3726702) to work on /opt/airflow/dags/baseball_etl.py
[2026-04-21T03:42:54.385+0000] {processor.py:830} INFO - Processing file /opt/airflow/dags/baseball_etl.py for tasks to queue
[2026-04-21T03:42:54.388+0000] {logging_mixin.py:188} INFO - [2026-04-21T03:42:54.388+0000] {dagbag.py:538} INFO - Filling up the DagBag from /opt/airflow/dags/baseball_etl.py
[2026-04-21T03:42:54.714+0000] {processor.py:840} INFO - DAG(s) 'baseball_pipeline_v1' retrieved from /opt/airflow/dags/baseball_etl.py
[2026-04-21T03:42:54.736+0000] {logging_mixin.py:188} INFO - [2026-04-21T03:42:54.735+0000] {dag.py:3036} INFO - Sync 1 DAGs
[2026-04-21T03:42:54.762+0000] {logging_mixin.py:188} INFO - [2026-04-21T03:42:54.762+0000] {dag.py:3823} INFO - Setting next_dagrun for baseball_pipeline_v1 to 2026-04-21 00:00:00+00:00, run_after=2026-04-22 00:00:00+00:00
[2026-04-21T03:42:54.780+0000] {processor.py:183} INFO - Processing /opt/airflow/dags/baseball_etl.py took 0.401 seconds
[2026-04-21T03:43:25.550+0000] {processor.py:161} INFO - Started process (PID=3726760) to work on /opt/airflow/dags/baseball_etl.py
[2026-04-21T03:43:25.553+0000] {processor.py:830} INFO - Processing file /opt/airflow/dags/baseball_etl.py for tasks to queue
[2026-04-21T03:43:25.555+0000] {logging_mixin.py:188} INFO - [2026-04-21T03:43:25.555+0000] {dagbag.py:538} INFO - Filling up the DagBag from /opt/airflow/dags/baseball_etl.py
[2026-04-21T03:43:25.879+0000] {processor.py:840} INFO - DAG(s) 'baseball_pipeline_v1' retrieved from /opt/airflow/dags/baseball_etl.py
[2026-04-21T03:43:25.900+0000] {logging_mixin.py:188} INFO - [2026-04-21T03:43:25.900+0000] {dag.py:3036} INFO - Sync 1 DAGs
[2026-04-21T03:43:25.928+0000] {logging_mixin.py:188} INFO - [2026-04-21T03:43:25.927+0000] {dag.py:3823} INFO - Setting next_dagrun for baseball_pipeline_v1 to 2026-04-21 00:00:00+00:00, run_after=2026-04-22 00:00:00+00:00
[2026-04-21T03:43:25.947+0000] {processor.py:183} INFO - Processing /opt/airflow/dags/baseball_etl.py took 0.401 seconds
[2026-04-21T03:43:56.182+0000] {processor.py:161} INFO - Started process (PID=3726817) to work on /opt/airflow/dags/baseball_etl.py
[2026-04-21T03:43:56.184+0000] {processor.py:830} INFO - Processing file /opt/airflow/dags/baseball_etl.py for tasks to queue
[2026-04-21T03:43:56.187+0000] {logging_mixin.py:188} INFO - [2026-04-21T03:43:56.186+0000] {dagbag.py:538} INFO - Filling up the DagBag from /opt/airflow/dags/baseball_etl.py
[2026-04-21T03:43:56.505+0000] {processor.py:840} INFO - DAG(s) 'baseball_pipeline_v1' retrieved from /opt/airflow/dags/baseball_etl.py
[2026-04-21T03:43:56.526+0000] {logging_mixin.py:188} INFO - [2026-04-21T03:43:56.526+0000] {dag.py:3036} INFO - Sync 1 DAGs
[2026-04-21T03:43:56.552+0000] {logging_mixin.py:188} INFO - [2026-04-21T03:43:56.552+0000] {dag.py:3823} INFO - Setting next_dagrun for baseball_pipeline_v1 to 2026-04-21 00:00:00+00:00, run_after=2026-04-22 00:00:00+00:00
[2026-04-21T03:43:56.570+0000] {processor.py:183} INFO - Processing /opt/airflow/dags/baseball_etl.py took 0.392 seconds
[2026-04-21T03:44:26.882+0000] {processor.py:161} INFO - Started process (PID=3726874) to work on /opt/airflow/dags/baseball_etl.py
[2026-04-21T03:44:26.884+0000] {processor.py:830} INFO - Processing file /opt/airflow/dags/baseball_etl.py for tasks to queue
[2026-04-21T03:44:26.886+0000] {logging_mixin.py:188} INFO - [2026-04-21T03:44:26.886+0000] {dagbag.py:538} INFO - Filling up the DagBag from /opt/airflow/dags/baseball_etl.py
[2026-04-21T03:44:27.212+0000] {processor.py:840} INFO - DAG(s) 'baseball_pipeline_v1' retrieved from /opt/airflow/dags/baseball_etl.py
[2026-04-21T03:44:27.237+0000] {logging_mixin.py:188} INFO - [2026-04-21T03:44:27.237+0000] {dag.py:3036} INFO - Sync 1 DAGs
[2026-04-21T03:44:27.265+0000] {logging_mixin.py:188} INFO - [2026-04-21T03:44:27.264+0000] {dag.py:3823} INFO - Setting next_dagrun for baseball_pipeline_v1 to 2026-04-21 00:00:00+00:00, run_after=2026-04-22 00:00:00+00:00
[2026-04-21T03:44:27.283+0000] {processor.py:183} INFO - Processing /opt/airflow/dags/baseball_etl.py took 0.406 seconds
[2026-04-21T03:44:57.317+0000] {processor.py:161} INFO - Started process (PID=3726933) to work on /opt/airflow/dags/baseball_etl.py
[2026-04-21T03:44:57.319+0000] {processor.py:830} INFO - Processing file /opt/airflow/dags/baseball_etl.py for tasks to queue
[2026-04-21T03:44:57.321+0000] {logging_mixin.py:188} INFO - [2026-04-21T03:44:57.321+0000] {dagbag.py:538} INFO - Filling up the DagBag from /opt/airflow/dags/baseball_etl.py
[2026-04-21T03:44:57.645+0000] {processor.py:840} INFO - DAG(s) 'baseball_pipeline_v1' retrieved from /opt/airflow/dags/baseball_etl.py
[2026-04-21T03:44:57.667+0000] {logging_mixin.py:188} INFO - [2026-04-21T03:44:57.666+0000] {dag.py:3036} INFO - Sync 1 DAGs
[2026-04-21T03:44:57.693+0000] {logging_mixin.py:188} INFO - [2026-04-21T03:44:57.693+0000] {dag.py:3823} INFO - Setting next_dagrun for baseball_pipeline_v1 to 2026-04-21 00:00:00+00:00, run_after=2026-04-22 00:00:00+00:00
[2026-04-21T03:44:57.711+0000] {processor.py:183} INFO - Processing /opt/airflow/dags/baseball_etl.py took 0.399 seconds
[2026-04-21T03:45:27.943+0000] {processor.py:161} INFO - Started process (PID=3726988) to work on /opt/airflow/dags/baseball_etl.py
[2026-04-21T03:45:27.946+0000] {processor.py:830} INFO - Processing file /opt/airflow/dags/baseball_etl.py for tasks to queue
[2026-04-21T03:45:27.948+0000] {logging_mixin.py:188} INFO - [2026-04-21T03:45:27.948+0000] {dagbag.py:538} INFO - Filling up the DagBag from /opt/airflow/dags/baseball_etl.py
[2026-04-21T03:45:28.278+0000] {processor.py:840} INFO - DAG(s) 'baseball_pipeline_v1' retrieved from /opt/airflow/dags/baseball_etl.py
[2026-04-21T03:45:28.300+0000] {logging_mixin.py:188} INFO - [2026-04-21T03:45:28.299+0000] {dag.py:3036} INFO - Sync 1 DAGs
[2026-04-21T03:45:28.328+0000] {logging_mixin.py:188} INFO - [2026-04-21T03:45:28.327+0000] {dag.py:3823} INFO - Setting next_dagrun for baseball_pipeline_v1 to 2026-04-21 00:00:00+00:00, run_after=2026-04-22 00:00:00+00:00
[2026-04-21T03:45:28.347+0000] {processor.py:183} INFO - Processing /opt/airflow/dags/baseball_etl.py took 0.409 seconds
[2026-04-21T03:45:58.405+0000] {processor.py:161} INFO - Started process (PID=3727047) to work on /opt/airflow/dags/baseball_etl.py
[2026-04-21T03:45:58.407+0000] {processor.py:830} INFO - Processing file /opt/airflow/dags/baseball_etl.py for tasks to queue
[2026-04-21T03:45:58.409+0000] {logging_mixin.py:188} INFO - [2026-04-21T03:45:58.409+0000] {dagbag.py:538} INFO - Filling up the DagBag from /opt/airflow/dags/baseball_etl.py
[2026-04-21T03:45:58.732+0000] {processor.py:840} INFO - DAG(s) 'baseball_pipeline_v1' retrieved from /opt/airflow/dags/baseball_etl.py
[2026-04-21T03:45:58.753+0000] {logging_mixin.py:188} INFO - [2026-04-21T03:45:58.753+0000] {dag.py:3036} INFO - Sync 1 DAGs
[2026-04-21T03:45:58.781+0000] {logging_mixin.py:188} INFO - [2026-04-21T03:45:58.781+0000] {dag.py:3823} INFO - Setting next_dagrun for baseball_pipeline_v1 to 2026-04-21 00:00:00+00:00, run_after=2026-04-22 00:00:00+00:00
[2026-04-21T03:45:58.799+0000] {processor.py:183} INFO - Processing /opt/airflow/dags/baseball_etl.py took 0.399 seconds
[2026-04-21T03:46:29.584+0000] {processor.py:161} INFO - Started process (PID=3727104) to work on /opt/airflow/dags/baseball_etl.py
[2026-04-21T03:46:29.586+0000] {processor.py:830} INFO - Processing file /opt/airflow/dags/baseball_etl.py for tasks to queue
[2026-04-21T03:46:29.588+0000] {logging_mixin.py:188} INFO - [2026-04-21T03:46:29.588+0000] {dagbag.py:538} INFO - Filling up the DagBag from /opt/airflow/dags/baseball_etl.py
[2026-04-21T03:46:29.915+0000] {processor.py:840} INFO - DAG(s) 'baseball_pipeline_v1' retrieved from /opt/airflow/dags/baseball_etl.py
[2026-04-21T03:46:29.939+0000] {logging_mixin.py:188} INFO - [2026-04-21T03:46:29.939+0000] {dag.py:3036} INFO - Sync 1 DAGs
[2026-04-21T03:46:29.968+0000] {logging_mixin.py:188} INFO - [2026-04-21T03:46:29.968+0000] {dag.py:3823} INFO - Setting next_dagrun for baseball_pipeline_v1 to 2026-04-21 00:00:00+00:00, run_after=2026-04-22 00:00:00+00:00
[2026-04-21T03:46:29.989+0000] {processor.py:183} INFO - Processing /opt/airflow/dags/baseball_etl.py took 0.410 seconds
[2026-04-21T03:47:00.054+0000] {processor.py:161} INFO - Started process (PID=3727164) to work on /opt/airflow/dags/baseball_etl.py
[2026-04-21T03:47:00.055+0000] {processor.py:830} INFO - Processing file /opt/airflow/dags/baseball_etl.py for tasks to queue
[2026-04-21T03:47:00.058+0000] {logging_mixin.py:188} INFO - [2026-04-21T03:47:00.057+0000] {dagbag.py:538} INFO - Filling up the DagBag from /opt/airflow/dags/baseball_etl.py
[2026-04-21T03:47:00.441+0000] {processor.py:840} INFO - DAG(s) 'baseball_pipeline_v1' retrieved from /opt/airflow/dags/baseball_etl.py
[2026-04-21T03:47:00.465+0000] {logging_mixin.py:188} INFO - [2026-04-21T03:47:00.465+0000] {dag.py:3036} INFO - Sync 1 DAGs
[2026-04-21T03:47:00.493+0000] {logging_mixin.py:188} INFO - [2026-04-21T03:47:00.493+0000] {dag.py:3823} INFO - Setting next_dagrun for baseball_pipeline_v1 to 2026-04-21 00:00:00+00:00, run_after=2026-04-22 00:00:00+00:00
[2026-04-21T03:47:00.512+0000] {processor.py:183} INFO - Processing /opt/airflow/dags/baseball_etl.py took 0.463 seconds
[2026-04-21T03:47:30.635+0000] {processor.py:161} INFO - Started process (PID=3727226) to work on /opt/airflow/dags/baseball_etl.py
[2026-04-21T03:47:30.637+0000] {processor.py:830} INFO - Processing file /opt/airflow/dags/baseball_etl.py for tasks to queue
[2026-04-21T03:47:30.639+0000] {logging_mixin.py:188} INFO - [2026-04-21T03:47:30.639+0000] {dagbag.py:538} INFO - Filling up the DagBag from /opt/airflow/dags/baseball_etl.py
[2026-04-21T03:47:30.954+0000] {processor.py:840} INFO - DAG(s) 'baseball_pipeline_v1' retrieved from /opt/airflow/dags/baseball_etl.py
[2026-04-21T03:47:30.976+0000] {logging_mixin.py:188} INFO - [2026-04-21T03:47:30.976+0000] {dag.py:3036} INFO - Sync 1 DAGs
[2026-04-21T03:47:31.002+0000] {logging_mixin.py:188} INFO - [2026-04-21T03:47:31.002+0000] {dag.py:3823} INFO - Setting next_dagrun for baseball_pipeline_v1 to 2026-04-21 00:00:00+00:00, run_after=2026-04-22 00:00:00+00:00
[2026-04-21T03:47:31.021+0000] {processor.py:183} INFO - Processing /opt/airflow/dags/baseball_etl.py took 0.390 seconds
[2026-04-21T03:48:01.771+0000] {processor.py:161} INFO - Started process (PID=3727283) to work on /opt/airflow/dags/baseball_etl.py
[2026-04-21T03:48:01.773+0000] {processor.py:830} INFO - Processing file /opt/airflow/dags/baseball_etl.py for tasks to queue
[2026-04-21T03:48:01.776+0000] {logging_mixin.py:188} INFO - [2026-04-21T03:48:01.775+0000] {dagbag.py:538} INFO - Filling up the DagBag from /opt/airflow/dags/baseball_etl.py
[2026-04-21T03:48:02.111+0000] {processor.py:840} INFO - DAG(s) 'baseball_pipeline_v1' retrieved from /opt/airflow/dags/baseball_etl.py
[2026-04-21T03:48:02.133+0000] {logging_mixin.py:188} INFO - [2026-04-21T03:48:02.133+0000] {dag.py:3036} INFO - Sync 1 DAGs
[2026-04-21T03:48:02.160+0000] {logging_mixin.py:188} INFO - [2026-04-21T03:48:02.160+0000] {dag.py:3823} INFO - Setting next_dagrun for baseball_pipeline_v1 to 2026-04-21 00:00:00+00:00, run_after=2026-04-22 00:00:00+00:00
[2026-04-21T03:48:02.180+0000] {processor.py:183} INFO - Processing /opt/airflow/dags/baseball_etl.py took 0.414 seconds
[2026-04-21T03:48:32.230+0000] {processor.py:161} INFO - Started process (PID=3727342) to work on /opt/airflow/dags/baseball_etl.py
[2026-04-21T03:48:32.232+0000] {processor.py:830} INFO - Processing file /opt/airflow/dags/baseball_etl.py for tasks to queue
[2026-04-21T03:48:32.235+0000] {logging_mixin.py:188} INFO - [2026-04-21T03:48:32.234+0000] {dagbag.py:538} INFO - Filling up the DagBag from /opt/airflow/dags/baseball_etl.py
[2026-04-21T03:48:32.573+0000] {processor.py:840} INFO - DAG(s) 'baseball_pipeline_v1' retrieved from /opt/airflow/dags/baseball_etl.py
[2026-04-21T03:48:32.595+0000] {logging_mixin.py:188} INFO - [2026-04-21T03:48:32.594+0000] {dag.py:3036} INFO - Sync 1 DAGs
[2026-04-21T03:48:32.621+0000] {logging_mixin.py:188} INFO - [2026-04-21T03:48:32.621+0000] {dag.py:3823} INFO - Setting next_dagrun for baseball_pipeline_v1 to 2026-04-21 00:00:00+00:00, run_after=2026-04-22 00:00:00+00:00
[2026-04-21T03:48:32.640+0000] {processor.py:183} INFO - Processing /opt/airflow/dags/baseball_etl.py took 0.414 seconds
[2026-04-21T03:49:03.513+0000] {processor.py:161} INFO - Started process (PID=3727401) to work on /opt/airflow/dags/baseball_etl.py
[2026-04-21T03:49:03.515+0000] {processor.py:830} INFO - Processing file /opt/airflow/dags/baseball_etl.py for tasks to queue
[2026-04-21T03:49:03.517+0000] {logging_mixin.py:188} INFO - [2026-04-21T03:49:03.517+0000] {dagbag.py:538} INFO - Filling up the DagBag from /opt/airflow/dags/baseball_etl.py
[2026-04-21T03:49:03.849+0000] {processor.py:840} INFO - DAG(s) 'baseball_pipeline_v1' retrieved from /opt/airflow/dags/baseball_etl.py
[2026-04-21T03:49:03.870+0000] {logging_mixin.py:188} INFO - [2026-04-21T03:49:03.869+0000] {dag.py:3036} INFO - Sync 1 DAGs
[2026-04-21T03:49:03.895+0000] {logging_mixin.py:188} INFO - [2026-04-21T03:49:03.895+0000] {dag.py:3823} INFO - Setting next_dagrun for baseball_pipeline_v1 to 2026-04-21 00:00:00+00:00, run_after=2026-04-22 00:00:00+00:00
[2026-04-21T03:49:03.912+0000] {processor.py:183} INFO - Processing /opt/airflow/dags/baseball_etl.py took 0.405 seconds
[2026-04-21T03:49:34.004+0000] {processor.py:161} INFO - Started process (PID=3727460) to work on /opt/airflow/dags/baseball_etl.py
[2026-04-21T03:49:34.006+0000] {processor.py:830} INFO - Processing file /opt/airflow/dags/baseball_etl.py for tasks to queue
[2026-04-21T03:49:34.009+0000] {logging_mixin.py:188} INFO - [2026-04-21T03:49:34.008+0000] {dagbag.py:538} INFO - Filling up the DagBag from /opt/airflow/dags/baseball_etl.py
[2026-04-21T03:49:34.327+0000] {processor.py:840} INFO - DAG(s) 'baseball_pipeline_v1' retrieved from /opt/airflow/dags/baseball_etl.py
[2026-04-21T03:49:34.349+0000] {logging_mixin.py:188} INFO - [2026-04-21T03:49:34.349+0000] {dag.py:3036} INFO - Sync 1 DAGs
[2026-04-21T03:49:34.375+0000] {logging_mixin.py:188} INFO - [2026-04-21T03:49:34.375+0000] {dag.py:3823} INFO - Setting next_dagrun for baseball_pipeline_v1 to 2026-04-21 00:00:00+00:00, run_after=2026-04-22 00:00:00+00:00
[2026-04-21T03:49:34.393+0000] {processor.py:183} INFO - Processing /opt/airflow/dags/baseball_etl.py took 0.394 seconds
[2026-04-21T03:50:05.069+0000] {processor.py:161} INFO - Started process (PID=3727517) to work on /opt/airflow/dags/baseball_etl.py
[2026-04-21T03:50:05.071+0000] {processor.py:830} INFO - Processing file /opt/airflow/dags/baseball_etl.py for tasks to queue
[2026-04-21T03:50:05.074+0000] {logging_mixin.py:188} INFO - [2026-04-21T03:50:05.073+0000] {dagbag.py:538} INFO - Filling up the DagBag from /opt/airflow/dags/baseball_etl.py
[2026-04-21T03:50:05.391+0000] {processor.py:840} INFO - DAG(s) 'baseball_pipeline_v1' retrieved from /opt/airflow/dags/baseball_etl.py
[2026-04-21T03:50:05.413+0000] {logging_mixin.py:188} INFO - [2026-04-21T03:50:05.413+0000] {dag.py:3036} INFO - Sync 1 DAGs
[2026-04-21T03:50:05.439+0000] {logging_mixin.py:188} INFO - [2026-04-21T03:50:05.439+0000] {dag.py:3823} INFO - Setting next_dagrun for baseball_pipeline_v1 to 2026-04-21 00:00:00+00:00, run_after=2026-04-22 00:00:00+00:00
[2026-04-21T03:50:05.457+0000] {processor.py:183} INFO - Processing /opt/airflow/dags/baseball_etl.py took 0.393 seconds
[2026-04-21T03:50:36.212+0000] {processor.py:161} INFO - Started process (PID=3727574) to work on /opt/airflow/dags/baseball_etl.py
[2026-04-21T03:50:36.214+0000] {processor.py:830} INFO - Processing file /opt/airflow/dags/baseball_etl.py for tasks to queue
[2026-04-21T03:50:36.217+0000] {logging_mixin.py:188} INFO - [2026-04-21T03:50:36.216+0000] {dagbag.py:538} INFO - Filling up the DagBag from /opt/airflow/dags/baseball_etl.py
[2026-04-21T03:50:36.538+0000] {processor.py:840} INFO - DAG(s) 'baseball_pipeline_v1' retrieved from /opt/airflow/dags/baseball_etl.py
[2026-04-21T03:50:36.561+0000] {logging_mixin.py:188} INFO - [2026-04-21T03:50:36.561+0000] {dag.py:3036} INFO - Sync 1 DAGs
[2026-04-21T03:50:36.587+0000] {logging_mixin.py:188} INFO - [2026-04-21T03:50:36.587+0000] {dag.py:3823} INFO - Setting next_dagrun for baseball_pipeline_v1 to 2026-04-21 00:00:00+00:00, run_after=2026-04-22 00:00:00+00:00
[2026-04-21T03:50:36.605+0000] {processor.py:183} INFO - Processing /opt/airflow/dags/baseball_etl.py took 0.398 seconds
[2026-04-21T03:51:07.248+0000] {processor.py:161} INFO - Started process (PID=3727631) to work on /opt/airflow/dags/baseball_etl.py
[2026-04-21T03:51:07.250+0000] {processor.py:830} INFO - Processing file /opt/airflow/dags/baseball_etl.py for tasks to queue
[2026-04-21T03:51:07.252+0000] {logging_mixin.py:188} INFO - [2026-04-21T03:51:07.252+0000] {dagbag.py:538} INFO - Filling up the DagBag from /opt/airflow/dags/baseball_etl.py
[2026-04-21T03:51:07.574+0000] {processor.py:840} INFO - DAG(s) 'baseball_pipeline_v1' retrieved from /opt/airflow/dags/baseball_etl.py
[2026-04-21T03:51:07.596+0000] {logging_mixin.py:188} INFO - [2026-04-21T03:51:07.595+0000] {dag.py:3036} INFO - Sync 1 DAGs
[2026-04-21T03:51:07.622+0000] {logging_mixin.py:188} INFO - [2026-04-21T03:51:07.622+0000] {dag.py:3823} INFO - Setting next_dagrun for baseball_pipeline_v1 to 2026-04-21 00:00:00+00:00, run_after=2026-04-22 00:00:00+00:00
[2026-04-21T03:51:07.640+0000] {processor.py:183} INFO - Processing /opt/airflow/dags/baseball_etl.py took 0.397 seconds
[2026-04-21T03:51:38.452+0000] {processor.py:161} INFO - Started process (PID=3727688) to work on /opt/airflow/dags/baseball_etl.py
[2026-04-21T03:51:38.455+0000] {processor.py:830} INFO - Processing file /opt/airflow/dags/baseball_etl.py for tasks to queue
[2026-04-21T03:51:38.457+0000] {logging_mixin.py:188} INFO - [2026-04-21T03:51:38.457+0000] {dagbag.py:538} INFO - Filling up the DagBag from /opt/airflow/dags/baseball_etl.py
[2026-04-21T03:51:38.779+0000] {processor.py:840} INFO - DAG(s) 'baseball_pipeline_v1' retrieved from /opt/airflow/dags/baseball_etl.py
[2026-04-21T03:51:38.801+0000] {logging_mixin.py:188} INFO - [2026-04-21T03:51:38.800+0000] {dag.py:3036} INFO - Sync 1 DAGs
[2026-04-21T03:51:38.828+0000] {logging_mixin.py:188} INFO - [2026-04-21T03:51:38.828+0000] {dag.py:3823} INFO - Setting next_dagrun for baseball_pipeline_v1 to 2026-04-21 00:00:00+00:00, run_after=2026-04-22 00:00:00+00:00
[2026-04-21T03:51:38.848+0000] {processor.py:183} INFO - Processing /opt/airflow/dags/baseball_etl.py took 0.400 seconds
[2026-04-21T03:52:08.940+0000] {processor.py:161} INFO - Started process (PID=3727745) to work on /opt/airflow/dags/baseball_etl.py
[2026-04-21T03:52:08.942+0000] {processor.py:830} INFO - Processing file /opt/airflow/dags/baseball_etl.py for tasks to queue
[2026-04-21T03:52:08.944+0000] {logging_mixin.py:188} INFO - [2026-04-21T03:52:08.943+0000] {dagbag.py:538} INFO - Filling up the DagBag from /opt/airflow/dags/baseball_etl.py
[2026-04-21T03:52:09.269+0000] {processor.py:840} INFO - DAG(s) 'baseball_pipeline_v1' retrieved from /opt/airflow/dags/baseball_etl.py
[2026-04-21T03:52:09.290+0000] {logging_mixin.py:188} INFO - [2026-04-21T03:52:09.290+0000] {dag.py:3036} INFO - Sync 1 DAGs
[2026-04-21T03:52:09.316+0000] {logging_mixin.py:188} INFO - [2026-04-21T03:52:09.316+0000] {dag.py:3823} INFO - Setting next_dagrun for baseball_pipeline_v1 to 2026-04-21 00:00:00+00:00, run_after=2026-04-22 00:00:00+00:00
[2026-04-21T03:52:09.335+0000] {processor.py:183} INFO - Processing /opt/airflow/dags/baseball_etl.py took 0.401 seconds
[2026-04-21T03:52:39.368+0000] {processor.py:161} INFO - Started process (PID=3727805) to work on /opt/airflow/dags/baseball_etl.py
[2026-04-21T03:52:39.370+0000] {processor.py:830} INFO - Processing file /opt/airflow/dags/baseball_etl.py for tasks to queue
[2026-04-21T03:52:39.372+0000] {logging_mixin.py:188} INFO - [2026-04-21T03:52:39.372+0000] {dagbag.py:538} INFO - Filling up the DagBag from /opt/airflow/dags/baseball_etl.py
[2026-04-21T03:52:39.688+0000] {processor.py:840} INFO - DAG(s) 'baseball_pipeline_v1' retrieved from /opt/airflow/dags/baseball_etl.py
[2026-04-21T03:52:39.711+0000] {logging_mixin.py:188} INFO - [2026-04-21T03:52:39.710+0000] {dag.py:3036} INFO - Sync 1 DAGs
[2026-04-21T03:52:39.737+0000] {logging_mixin.py:188} INFO - [2026-04-21T03:52:39.737+0000] {dag.py:3823} INFO - Setting next_dagrun for baseball_pipeline_v1 to 2026-04-21 00:00:00+00:00, run_after=2026-04-22 00:00:00+00:00
[2026-04-21T03:52:39.755+0000] {processor.py:183} INFO - Processing /opt/airflow/dags/baseball_etl.py took 0.392 seconds
[2026-04-21T03:53:10.727+0000] {processor.py:161} INFO - Started process (PID=3727862) to work on /opt/airflow/dags/baseball_etl.py
[2026-04-21T03:53:10.729+0000] {processor.py:830} INFO - Processing file /opt/airflow/dags/baseball_etl.py for tasks to queue
[2026-04-21T03:53:10.731+0000] {logging_mixin.py:188} INFO - [2026-04-21T03:53:10.731+0000] {dagbag.py:538} INFO - Filling up the DagBag from /opt/airflow/dags/baseball_etl.py
[2026-04-21T03:53:11.106+0000] {processor.py:840} INFO - DAG(s) 'baseball_pipeline_v1' retrieved from /opt/airflow/dags/baseball_etl.py
[2026-04-21T03:53:11.128+0000] {logging_mixin.py:188} INFO - [2026-04-21T03:53:11.127+0000] {dag.py:3036} INFO - Sync 1 DAGs
[2026-04-21T03:53:11.154+0000] {logging_mixin.py:188} INFO - [2026-04-21T03:53:11.154+0000] {dag.py:3823} INFO - Setting next_dagrun for baseball_pipeline_v1 to 2026-04-21 00:00:00+00:00, run_after=2026-04-22 00:00:00+00:00
[2026-04-21T03:53:11.172+0000] {processor.py:183} INFO - Processing /opt/airflow/dags/baseball_etl.py took 0.451 seconds
[2026-04-21T03:53:42.075+0000] {processor.py:161} INFO - Started process (PID=3727921) to work on /opt/airflow/dags/baseball_etl.py
[2026-04-21T03:53:42.077+0000] {processor.py:830} INFO - Processing file /opt/airflow/dags/baseball_etl.py for tasks to queue
[2026-04-21T03:53:42.080+0000] {logging_mixin.py:188} INFO - [2026-04-21T03:53:42.079+0000] {dagbag.py:538} INFO - Filling up the DagBag from /opt/airflow/dags/baseball_etl.py
[2026-04-21T03:53:42.403+0000] {processor.py:840} INFO - DAG(s) 'baseball_pipeline_v1' retrieved from /opt/airflow/dags/baseball_etl.py
[2026-04-21T03:53:42.425+0000] {logging_mixin.py:188} INFO - [2026-04-21T03:53:42.424+0000] {dag.py:3036} INFO - Sync 1 DAGs
[2026-04-21T03:53:42.450+0000] {logging_mixin.py:188} INFO - [2026-04-21T03:53:42.450+0000] {dag.py:3823} INFO - Setting next_dagrun for baseball_pipeline_v1 to 2026-04-21 00:00:00+00:00, run_after=2026-04-22 00:00:00+00:00
[2026-04-21T03:53:42.468+0000] {processor.py:183} INFO - Processing /opt/airflow/dags/baseball_etl.py took 0.398 seconds
[2026-04-21T03:54:12.599+0000] {processor.py:161} INFO - Started process (PID=3727981) to work on /opt/airflow/dags/baseball_etl.py
[2026-04-21T03:54:12.602+0000] {processor.py:830} INFO - Processing file /opt/airflow/dags/baseball_etl.py for tasks to queue
[2026-04-21T03:54:12.605+0000] {logging_mixin.py:188} INFO - [2026-04-21T03:54:12.604+0000] {dagbag.py:538} INFO - Filling up the DagBag from /opt/airflow/dags/baseball_etl.py
[2026-04-21T03:54:12.970+0000] {processor.py:840} INFO - DAG(s) 'baseball_pipeline_v1' retrieved from /opt/airflow/dags/baseball_etl.py
[2026-04-21T03:54:12.992+0000] {logging_mixin.py:188} INFO - [2026-04-21T03:54:12.992+0000] {dag.py:3036} INFO - Sync 1 DAGs
[2026-04-21T03:54:13.018+0000] {logging_mixin.py:188} INFO - [2026-04-21T03:54:13.018+0000] {dag.py:3823} INFO - Setting next_dagrun for baseball_pipeline_v1 to 2026-04-21 00:00:00+00:00, run_after=2026-04-22 00:00:00+00:00
[2026-04-21T03:54:13.036+0000] {processor.py:183} INFO - Processing /opt/airflow/dags/baseball_etl.py took 0.443 seconds
[2026-04-21T03:54:43.648+0000] {processor.py:161} INFO - Started process (PID=3728038) to work on /opt/airflow/dags/baseball_etl.py
[2026-04-21T03:54:43.650+0000] {processor.py:830} INFO - Processing file /opt/airflow/dags/baseball_etl.py for tasks to queue
[2026-04-21T03:54:43.653+0000] {logging_mixin.py:188} INFO - [2026-04-21T03:54:43.652+0000] {dagbag.py:538} INFO - Filling up the DagBag from /opt/airflow/dags/baseball_etl.py
[2026-04-21T03:54:44.050+0000] {processor.py:840} INFO - DAG(s) 'baseball_pipeline_v1' retrieved from /opt/airflow/dags/baseball_etl.py
[2026-04-21T03:54:44.075+0000] {logging_mixin.py:188} INFO - [2026-04-21T03:54:44.074+0000] {dag.py:3036} INFO - Sync 1 DAGs
[2026-04-21T03:54:44.108+0000] {logging_mixin.py:188} INFO - [2026-04-21T03:54:44.108+0000] {dag.py:3823} INFO - Setting next_dagrun for baseball_pipeline_v1 to 2026-04-21 00:00:00+00:00, run_after=2026-04-22 00:00:00+00:00
[2026-04-21T03:54:44.130+0000] {processor.py:183} INFO - Processing /opt/airflow/dags/baseball_etl.py took 0.487 seconds
[2026-04-21T03:55:15.126+0000] {processor.py:161} INFO - Started process (PID=3728096) to work on /opt/airflow/dags/baseball_etl.py
[2026-04-21T03:55:15.128+0000] {processor.py:830} INFO - Processing file /opt/airflow/dags/baseball_etl.py for tasks to queue
[2026-04-21T03:55:15.130+0000] {logging_mixin.py:188} INFO - [2026-04-21T03:55:15.130+0000] {dagbag.py:538} INFO - Filling up the DagBag from /opt/airflow/dags/baseball_etl.py
[2026-04-21T03:55:15.452+0000] {processor.py:840} INFO - DAG(s) 'baseball_pipeline_v1' retrieved from /opt/airflow/dags/baseball_etl.py
[2026-04-21T03:55:15.474+0000] {logging_mixin.py:188} INFO - [2026-04-21T03:55:15.473+0000] {dag.py:3036} INFO - Sync 1 DAGs
[2026-04-21T03:55:15.501+0000] {logging_mixin.py:188} INFO - [2026-04-21T03:55:15.501+0000] {dag.py:3823} INFO - Setting next_dagrun for baseball_pipeline_v1 to 2026-04-21 00:00:00+00:00, run_after=2026-04-22 00:00:00+00:00
[2026-04-21T03:55:15.519+0000] {processor.py:183} INFO - Processing /opt/airflow/dags/baseball_etl.py took 0.399 seconds
[2026-04-21T03:55:46.318+0000] {processor.py:161} INFO - Started process (PID=3728153) to work on /opt/airflow/dags/baseball_etl.py
[2026-04-21T03:55:46.320+0000] {processor.py:830} INFO - Processing file /opt/airflow/dags/baseball_etl.py for tasks to queue
[2026-04-21T03:55:46.323+0000] {logging_mixin.py:188} INFO - [2026-04-21T03:55:46.322+0000] {dagbag.py:538} INFO - Filling up the DagBag from /opt/airflow/dags/baseball_etl.py
[2026-04-21T03:55:46.649+0000] {processor.py:840} INFO - DAG(s) 'baseball_pipeline_v1' retrieved from /opt/airflow/dags/baseball_etl.py
[2026-04-21T03:55:46.670+0000] {logging_mixin.py:188} INFO - [2026-04-21T03:55:46.670+0000] {dag.py:3036} INFO - Sync 1 DAGs
[2026-04-21T03:55:46.697+0000] {logging_mixin.py:188} INFO - [2026-04-21T03:55:46.697+0000] {dag.py:3823} INFO - Setting next_dagrun for baseball_pipeline_v1 to 2026-04-21 00:00:00+00:00, run_after=2026-04-22 00:00:00+00:00
[2026-04-21T03:55:46.715+0000] {processor.py:183} INFO - Processing /opt/airflow/dags/baseball_etl.py took 0.401 seconds
[2026-04-21T03:56:17.676+0000] {processor.py:161} INFO - Started process (PID=3728212) to work on /opt/airflow/dags/baseball_etl.py
[2026-04-21T03:56:17.677+0000] {processor.py:830} INFO - Processing file /opt/airflow/dags/baseball_etl.py for tasks to queue
[2026-04-21T03:56:17.680+0000] {logging_mixin.py:188} INFO - [2026-04-21T03:56:17.680+0000] {dagbag.py:538} INFO - Filling up the DagBag from /opt/airflow/dags/baseball_etl.py
[2026-04-21T03:56:18.009+0000] {processor.py:840} INFO - DAG(s) 'baseball_pipeline_v1' retrieved from /opt/airflow/dags/baseball_etl.py
[2026-04-21T03:56:18.031+0000] {logging_mixin.py:188} INFO - [2026-04-21T03:56:18.030+0000] {dag.py:3036} INFO - Sync 1 DAGs
[2026-04-21T03:56:18.056+0000] {logging_mixin.py:188} INFO - [2026-04-21T03:56:18.056+0000] {dag.py:3823} INFO - Setting next_dagrun for baseball_pipeline_v1 to 2026-04-21 00:00:00+00:00, run_after=2026-04-22 00:00:00+00:00
[2026-04-21T03:56:18.093+0000] {processor.py:183} INFO - Processing /opt/airflow/dags/baseball_etl.py took 0.422 seconds
[2026-04-21T03:56:48.968+0000] {processor.py:161} INFO - Started process (PID=3728271) to work on /opt/airflow/dags/baseball_etl.py
[2026-04-21T03:56:48.970+0000] {processor.py:830} INFO - Processing file /opt/airflow/dags/baseball_etl.py for tasks to queue
[2026-04-21T03:56:48.973+0000] {logging_mixin.py:188} INFO - [2026-04-21T03:56:48.972+0000] {dagbag.py:538} INFO - Filling up the DagBag from /opt/airflow/dags/baseball_etl.py
[2026-04-21T03:56:49.293+0000] {processor.py:840} INFO - DAG(s) 'baseball_pipeline_v1' retrieved from /opt/airflow/dags/baseball_etl.py
[2026-04-21T03:56:49.315+0000] {logging_mixin.py:188} INFO - [2026-04-21T03:56:49.314+0000] {dag.py:3036} INFO - Sync 1 DAGs
[2026-04-21T03:56:49.340+0000] {logging_mixin.py:188} INFO - [2026-04-21T03:56:49.340+0000] {dag.py:3823} INFO - Setting next_dagrun for baseball_pipeline_v1 to 2026-04-21 00:00:00+00:00, run_after=2026-04-22 00:00:00+00:00
[2026-04-21T03:56:49.358+0000] {processor.py:183} INFO - Processing /opt/airflow/dags/baseball_etl.py took 0.394 seconds
[2026-04-21T03:57:20.271+0000] {processor.py:161} INFO - Started process (PID=3728330) to work on /opt/airflow/dags/baseball_etl.py
[2026-04-21T03:57:20.273+0000] {processor.py:830} INFO - Processing file /opt/airflow/dags/baseball_etl.py for tasks to queue
[2026-04-21T03:57:20.275+0000] {logging_mixin.py:188} INFO - [2026-04-21T03:57:20.274+0000] {dagbag.py:538} INFO - Filling up the DagBag from /opt/airflow/dags/baseball_etl.py
[2026-04-21T03:57:20.590+0000] {processor.py:840} INFO - DAG(s) 'baseball_pipeline_v1' retrieved from /opt/airflow/dags/baseball_etl.py
[2026-04-21T03:57:20.612+0000] {logging_mixin.py:188} INFO - [2026-04-21T03:57:20.611+0000] {dag.py:3036} INFO - Sync 1 DAGs
[2026-04-21T03:57:20.637+0000] {logging_mixin.py:188} INFO - [2026-04-21T03:57:20.637+0000] {dag.py:3823} INFO - Setting next_dagrun for baseball_pipeline_v1 to 2026-04-21 00:00:00+00:00, run_after=2026-04-22 00:00:00+00:00
[2026-04-21T03:57:20.654+0000] {processor.py:183} INFO - Processing /opt/airflow/dags/baseball_etl.py took 0.388 seconds
[2026-04-21T03:57:51.460+0000] {processor.py:161} INFO - Started process (PID=3728388) to work on /opt/airflow/dags/baseball_etl.py
[2026-04-21T03:57:51.462+0000] {processor.py:830} INFO - Processing file /opt/airflow/dags/baseball_etl.py for tasks to queue
[2026-04-21T03:57:51.464+0000] {logging_mixin.py:188} INFO - [2026-04-21T03:57:51.464+0000] {dagbag.py:538} INFO - Filling up the DagBag from /opt/airflow/dags/baseball_etl.py
[2026-04-21T03:57:51.780+0000] {processor.py:840} INFO - DAG(s) 'baseball_pipeline_v1' retrieved from /opt/airflow/dags/baseball_etl.py
[2026-04-21T03:57:51.801+0000] {logging_mixin.py:188} INFO - [2026-04-21T03:57:51.801+0000] {dag.py:3036} INFO - Sync 1 DAGs
[2026-04-21T03:57:51.827+0000] {logging_mixin.py:188} INFO - [2026-04-21T03:57:51.827+0000] {dag.py:3823} INFO - Setting next_dagrun for baseball_pipeline_v1 to 2026-04-21 00:00:00+00:00, run_after=2026-04-22 00:00:00+00:00
[2026-04-21T03:57:51.845+0000] {processor.py:183} INFO - Processing /opt/airflow/dags/baseball_etl.py took 0.390 seconds
[2026-04-21T03:58:22.657+0000] {processor.py:161} INFO - Started process (PID=3728445) to work on /opt/airflow/dags/baseball_etl.py
[2026-04-21T03:58:22.659+0000] {processor.py:830} INFO - Processing file /opt/airflow/dags/baseball_etl.py for tasks to queue
[2026-04-21T03:58:22.662+0000] {logging_mixin.py:188} INFO - [2026-04-21T03:58:22.661+0000] {dagbag.py:538} INFO - Filling up the DagBag from /opt/airflow/dags/baseball_etl.py
[2026-04-21T03:58:22.979+0000] {processor.py:840} INFO - DAG(s) 'baseball_pipeline_v1' retrieved from /opt/airflow/dags/baseball_etl.py
[2026-04-21T03:58:23.000+0000] {logging_mixin.py:188} INFO - [2026-04-21T03:58:23.000+0000] {dag.py:3036} INFO - Sync 1 DAGs
[2026-04-21T03:58:23.027+0000] {logging_mixin.py:188} INFO - [2026-04-21T03:58:23.027+0000] {dag.py:3823} INFO - Setting next_dagrun for baseball_pipeline_v1 to 2026-04-21 00:00:00+00:00, run_after=2026-04-22 00:00:00+00:00
[2026-04-21T03:58:23.047+0000] {processor.py:183} INFO - Processing /opt/airflow/dags/baseball_etl.py took 0.394 seconds
[2026-04-21T03:58:53.832+0000] {processor.py:161} INFO - Started process (PID=3728502) to work on /opt/airflow/dags/baseball_etl.py
[2026-04-21T03:58:53.835+0000] {processor.py:830} INFO - Processing file /opt/airflow/dags/baseball_etl.py for tasks to queue
[2026-04-21T03:58:53.837+0000] {logging_mixin.py:188} INFO - [2026-04-21T03:58:53.837+0000] {dagbag.py:538} INFO - Filling up the DagBag from /opt/airflow/dags/baseball_etl.py
[2026-04-21T03:58:54.164+0000] {processor.py:840} INFO - DAG(s) 'baseball_pipeline_v1' retrieved from /opt/airflow/dags/baseball_etl.py
[2026-04-21T03:58:54.185+0000] {logging_mixin.py:188} INFO - [2026-04-21T03:58:54.184+0000] {dag.py:3036} INFO - Sync 1 DAGs
[2026-04-21T03:58:54.210+0000] {logging_mixin.py:188} INFO - [2026-04-21T03:58:54.210+0000] {dag.py:3823} INFO - Setting next_dagrun for baseball_pipeline_v1 to 2026-04-21 00:00:00+00:00, run_after=2026-04-22 00:00:00+00:00
[2026-04-21T03:58:54.228+0000] {processor.py:183} INFO - Processing /opt/airflow/dags/baseball_etl.py took 0.401 seconds
[2026-04-21T03:59:25.139+0000] {processor.py:161} INFO - Started process (PID=3728565) to work on /opt/airflow/dags/baseball_etl.py
[2026-04-21T03:59:25.142+0000] {processor.py:830} INFO - Processing file /opt/airflow/dags/baseball_etl.py for tasks to queue
[2026-04-21T03:59:25.144+0000] {logging_mixin.py:188} INFO - [2026-04-21T03:59:25.144+0000] {dagbag.py:538} INFO - Filling up the DagBag from /opt/airflow/dags/baseball_etl.py
[2026-04-21T03:59:25.466+0000] {processor.py:840} INFO - DAG(s) 'baseball_pipeline_v1' retrieved from /opt/airflow/dags/baseball_etl.py
[2026-04-21T03:59:25.488+0000] {logging_mixin.py:188} INFO - [2026-04-21T03:59:25.487+0000] {dag.py:3036} INFO - Sync 1 DAGs
[2026-04-21T03:59:25.515+0000] {logging_mixin.py:188} INFO - [2026-04-21T03:59:25.515+0000] {dag.py:3823} INFO - Setting next_dagrun for baseball_pipeline_v1 to 2026-04-21 00:00:00+00:00, run_after=2026-04-22 00:00:00+00:00
[2026-04-21T03:59:25.538+0000] {processor.py:183} INFO - Processing /opt/airflow/dags/baseball_etl.py took 0.403 seconds
[2026-04-21T03:59:56.319+0000] {processor.py:161} INFO - Started process (PID=3728622) to work on /opt/airflow/dags/baseball_etl.py
[2026-04-21T03:59:56.321+0000] {processor.py:830} INFO - Processing file /opt/airflow/dags/baseball_etl.py for tasks to queue
[2026-04-21T03:59:56.324+0000] {logging_mixin.py:188} INFO - [2026-04-21T03:59:56.323+0000] {dagbag.py:538} INFO - Filling up the DagBag from /opt/airflow/dags/baseball_etl.py
[2026-04-21T03:59:56.646+0000] {processor.py:840} INFO - DAG(s) 'baseball_pipeline_v1' retrieved from /opt/airflow/dags/baseball_etl.py
[2026-04-21T03:59:56.669+0000] {logging_mixin.py:188} INFO - [2026-04-21T03:59:56.669+0000] {dag.py:3036} INFO - Sync 1 DAGs
[2026-04-21T03:59:56.696+0000] {logging_mixin.py:188} INFO - [2026-04-21T03:59:56.695+0000] {dag.py:3823} INFO - Setting next_dagrun for baseball_pipeline_v1 to 2026-04-21 00:00:00+00:00, run_after=2026-04-22 00:00:00+00:00
[2026-04-21T03:59:56.714+0000] {processor.py:183} INFO - Processing /opt/airflow/dags/baseball_etl.py took 0.400 seconds
[2026-04-21T04:00:27.552+0000] {processor.py:161} INFO - Started process (PID=3728679) to work on /opt/airflow/dags/baseball_etl.py
[2026-04-21T04:00:27.554+0000] {processor.py:830} INFO - Processing file /opt/airflow/dags/baseball_etl.py for tasks to queue
[2026-04-21T04:00:27.557+0000] {logging_mixin.py:188} INFO - [2026-04-21T04:00:27.556+0000] {dagbag.py:538} INFO - Filling up the DagBag from /opt/airflow/dags/baseball_etl.py
[2026-04-21T04:00:27.879+0000] {processor.py:840} INFO - DAG(s) 'baseball_pipeline_v1' retrieved from /opt/airflow/dags/baseball_etl.py
[2026-04-21T04:00:27.901+0000] {logging_mixin.py:188} INFO - [2026-04-21T04:00:27.900+0000] {dag.py:3036} INFO - Sync 1 DAGs
[2026-04-21T04:00:28.153+0000] {logging_mixin.py:188} INFO - [2026-04-21T04:00:28.153+0000] {dag.py:3823} INFO - Setting next_dagrun for baseball_pipeline_v1 to 2026-04-21 00:00:00+00:00, run_after=2026-04-22 00:00:00+00:00
[2026-04-21T04:00:28.171+0000] {processor.py:183} INFO - Processing /opt/airflow/dags/baseball_etl.py took 0.624 seconds
[2026-04-21T04:00:59.101+0000] {processor.py:161} INFO - Started process (PID=3728738) to work on /opt/airflow/dags/baseball_etl.py
[2026-04-21T04:00:59.103+0000] {processor.py:830} INFO - Processing file /opt/airflow/dags/baseball_etl.py for tasks to queue
[2026-04-21T04:00:59.106+0000] {logging_mixin.py:188} INFO - [2026-04-21T04:00:59.105+0000] {dagbag.py:538} INFO - Filling up the DagBag from /opt/airflow/dags/baseball_etl.py
[2026-04-21T04:00:59.495+0000] {processor.py:840} INFO - DAG(s) 'baseball_pipeline_v1' retrieved from /opt/airflow/dags/baseball_etl.py
[2026-04-21T04:00:59.517+0000] {logging_mixin.py:188} INFO - [2026-04-21T04:00:59.516+0000] {dag.py:3036} INFO - Sync 1 DAGs
[2026-04-21T04:00:59.768+0000] {logging_mixin.py:188} INFO - [2026-04-21T04:00:59.768+0000] {dag.py:3823} INFO - Setting next_dagrun for baseball_pipeline_v1 to 2026-04-21 00:00:00+00:00, run_after=2026-04-22 00:00:00+00:00
[2026-04-21T04:00:59.786+0000] {processor.py:183} INFO - Processing /opt/airflow/dags/baseball_etl.py took 0.690 seconds
[2026-04-21T04:01:30.452+0000] {processor.py:161} INFO - Started process (PID=3728797) to work on /opt/airflow/dags/baseball_etl.py
[2026-04-21T04:01:30.454+0000] {processor.py:830} INFO - Processing file /opt/airflow/dags/baseball_etl.py for tasks to queue
[2026-04-21T04:01:30.457+0000] {logging_mixin.py:188} INFO - [2026-04-21T04:01:30.456+0000] {dagbag.py:538} INFO - Filling up the DagBag from /opt/airflow/dags/baseball_etl.py
[2026-04-21T04:01:30.782+0000] {processor.py:840} INFO - DAG(s) 'baseball_pipeline_v1' retrieved from /opt/airflow/dags/baseball_etl.py
[2026-04-21T04:01:30.803+0000] {logging_mixin.py:188} INFO - [2026-04-21T04:01:30.803+0000] {dag.py:3036} INFO - Sync 1 DAGs
[2026-04-21T04:01:31.041+0000] {logging_mixin.py:188} INFO - [2026-04-21T04:01:31.041+0000] {dag.py:3823} INFO - Setting next_dagrun for baseball_pipeline_v1 to 2026-04-21 00:00:00+00:00, run_after=2026-04-22 00:00:00+00:00
[2026-04-21T04:01:31.062+0000] {processor.py:183} INFO - Processing /opt/airflow/dags/baseball_etl.py took 0.614 seconds
[2026-04-21T04:02:01.770+0000] {processor.py:161} INFO - Started process (PID=3728855) to work on /opt/airflow/dags/baseball_etl.py
[2026-04-21T04:02:01.772+0000] {processor.py:830} INFO - Processing file /opt/airflow/dags/baseball_etl.py for tasks to queue
[2026-04-21T04:02:01.774+0000] {logging_mixin.py:188} INFO - [2026-04-21T04:02:01.774+0000] {dagbag.py:538} INFO - Filling up the DagBag from /opt/airflow/dags/baseball_etl.py
[2026-04-21T04:02:02.112+0000] {processor.py:840} INFO - DAG(s) 'baseball_pipeline_v1' retrieved from /opt/airflow/dags/baseball_etl.py
[2026-04-21T04:02:02.138+0000] {logging_mixin.py:188} INFO - [2026-04-21T04:02:02.137+0000] {dag.py:3036} INFO - Sync 1 DAGs
[2026-04-21T04:02:02.166+0000] {logging_mixin.py:188} INFO - [2026-04-21T04:02:02.166+0000] {dag.py:3823} INFO - Setting next_dagrun for baseball_pipeline_v1 to 2026-04-21 00:00:00+00:00, run_after=2026-04-22 00:00:00+00:00
[2026-04-21T04:02:02.189+0000] {processor.py:183} INFO - Processing /opt/airflow/dags/baseball_etl.py took 0.424 seconds
[2026-04-21T04:02:33.121+0000] {processor.py:161} INFO - Started process (PID=3728912) to work on /opt/airflow/dags/baseball_etl.py
[2026-04-21T04:02:33.123+0000] {processor.py:830} INFO - Processing file /opt/airflow/dags/baseball_etl.py for tasks to queue
[2026-04-21T04:02:33.125+0000] {logging_mixin.py:188} INFO - [2026-04-21T04:02:33.125+0000] {dagbag.py:538} INFO - Filling up the DagBag from /opt/airflow/dags/baseball_etl.py
[2026-04-21T04:02:33.446+0000] {processor.py:840} INFO - DAG(s) 'baseball_pipeline_v1' retrieved from /opt/airflow/dags/baseball_etl.py
[2026-04-21T04:02:33.467+0000] {logging_mixin.py:188} INFO - [2026-04-21T04:02:33.467+0000] {dag.py:3036} INFO - Sync 1 DAGs
[2026-04-21T04:02:33.494+0000] {logging_mixin.py:188} INFO - [2026-04-21T04:02:33.494+0000] {dag.py:3823} INFO - Setting next_dagrun for baseball_pipeline_v1 to 2026-04-21 00:00:00+00:00, run_after=2026-04-22 00:00:00+00:00
[2026-04-21T04:02:33.513+0000] {processor.py:183} INFO - Processing /opt/airflow/dags/baseball_etl.py took 0.397 seconds
[2026-04-21T04:03:04.410+0000] {processor.py:161} INFO - Started process (PID=3728970) to work on /opt/airflow/dags/baseball_etl.py
[2026-04-21T04:03:04.412+0000] {processor.py:830} INFO - Processing file /opt/airflow/dags/baseball_etl.py for tasks to queue
[2026-04-21T04:03:04.415+0000] {logging_mixin.py:188} INFO - [2026-04-21T04:03:04.414+0000] {dagbag.py:538} INFO - Filling up the DagBag from /opt/airflow/dags/baseball_etl.py
[2026-04-21T04:03:04.972+0000] {processor.py:840} INFO - DAG(s) 'baseball_pipeline_v1' retrieved from /opt/airflow/dags/baseball_etl.py
[2026-04-21T04:03:04.990+0000] {logging_mixin.py:188} INFO - [2026-04-21T04:03:04.990+0000] {dag.py:3036} INFO - Sync 1 DAGs
[2026-04-21T04:03:05.014+0000] {logging_mixin.py:188} INFO - [2026-04-21T04:03:05.013+0000] {dag.py:3823} INFO - Setting next_dagrun for baseball_pipeline_v1 to 2026-04-21 00:00:00+00:00, run_after=2026-04-22 00:00:00+00:00
[2026-04-21T04:03:05.031+0000] {processor.py:183} INFO - Processing /opt/airflow/dags/baseball_etl.py took 0.627 seconds
[2026-04-21T04:03:35.838+0000] {processor.py:161} INFO - Started process (PID=3729029) to work on /opt/airflow/dags/baseball_etl.py
[2026-04-21T04:03:35.841+0000] {processor.py:830} INFO - Processing file /opt/airflow/dags/baseball_etl.py for tasks to queue
[2026-04-21T04:03:35.843+0000] {logging_mixin.py:188} INFO - [2026-04-21T04:03:35.843+0000] {dagbag.py:538} INFO - Filling up the DagBag from /opt/airflow/dags/baseball_etl.py
[2026-04-21T04:03:36.193+0000] {processor.py:840} INFO - DAG(s) 'baseball_pipeline_v1' retrieved from /opt/airflow/dags/baseball_etl.py
[2026-04-21T04:03:36.435+0000] {logging_mixin.py:188} INFO - [2026-04-21T04:03:36.434+0000] {dag.py:3036} INFO - Sync 1 DAGs
[2026-04-21T04:03:36.458+0000] {logging_mixin.py:188} INFO - [2026-04-21T04:03:36.458+0000] {dag.py:3823} INFO - Setting next_dagrun for baseball_pipeline_v1 to 2026-04-21 00:00:00+00:00, run_after=2026-04-22 00:00:00+00:00
[2026-04-21T04:03:36.476+0000] {processor.py:183} INFO - Processing /opt/airflow/dags/baseball_etl.py took 0.642 seconds
[2026-04-21T04:04:06.650+0000] {processor.py:161} INFO - Started process (PID=3729090) to work on /opt/airflow/dags/baseball_etl.py
[2026-04-21T04:04:06.652+0000] {processor.py:830} INFO - Processing file /opt/airflow/dags/baseball_etl.py for tasks to queue
[2026-04-21T04:04:06.655+0000] {logging_mixin.py:188} INFO - [2026-04-21T04:04:06.654+0000] {dagbag.py:538} INFO - Filling up the DagBag from /opt/airflow/dags/baseball_etl.py
[2026-04-21T04:04:06.976+0000] {processor.py:840} INFO - DAG(s) 'baseball_pipeline_v1' retrieved from /opt/airflow/dags/baseball_etl.py
[2026-04-21T04:04:06.998+0000] {logging_mixin.py:188} INFO - [2026-04-21T04:04:06.997+0000] {dag.py:3036} INFO - Sync 1 DAGs
[2026-04-21T04:04:07.236+0000] {logging_mixin.py:188} INFO - [2026-04-21T04:04:07.236+0000] {dag.py:3823} INFO - Setting next_dagrun for baseball_pipeline_v1 to 2026-04-21 00:00:00+00:00, run_after=2026-04-22 00:00:00+00:00
[2026-04-21T04:04:07.254+0000] {processor.py:183} INFO - Processing /opt/airflow/dags/baseball_etl.py took 0.609 seconds
[2026-04-21T04:04:38.103+0000] {processor.py:161} INFO - Started process (PID=3729149) to work on /opt/airflow/dags/baseball_etl.py
[2026-04-21T04:04:38.105+0000] {processor.py:830} INFO - Processing file /opt/airflow/dags/baseball_etl.py for tasks to queue
[2026-04-21T04:04:38.107+0000] {logging_mixin.py:188} INFO - [2026-04-21T04:04:38.107+0000] {dagbag.py:538} INFO - Filling up the DagBag from /opt/airflow/dags/baseball_etl.py
[2026-04-21T04:04:38.436+0000] {processor.py:840} INFO - DAG(s) 'baseball_pipeline_v1' retrieved from /opt/airflow/dags/baseball_etl.py
[2026-04-21T04:04:38.458+0000] {logging_mixin.py:188} INFO - [2026-04-21T04:04:38.457+0000] {dag.py:3036} INFO - Sync 1 DAGs
[2026-04-21T04:04:38.707+0000] {logging_mixin.py:188} INFO - [2026-04-21T04:04:38.707+0000] {dag.py:3823} INFO - Setting next_dagrun for baseball_pipeline_v1 to 2026-04-21 00:00:00+00:00, run_after=2026-04-22 00:00:00+00:00
[2026-04-21T04:04:38.725+0000] {processor.py:183} INFO - Processing /opt/airflow/dags/baseball_etl.py took 0.627 seconds
[2026-04-21T04:05:09.545+0000] {processor.py:161} INFO - Started process (PID=3729208) to work on /opt/airflow/dags/baseball_etl.py
[2026-04-21T04:05:09.547+0000] {processor.py:830} INFO - Processing file /opt/airflow/dags/baseball_etl.py for tasks to queue
[2026-04-21T04:05:09.550+0000] {logging_mixin.py:188} INFO - [2026-04-21T04:05:09.550+0000] {dagbag.py:538} INFO - Filling up the DagBag from /opt/airflow/dags/baseball_etl.py
[2026-04-21T04:05:10.176+0000] {processor.py:840} INFO - DAG(s) 'baseball_pipeline_v1' retrieved from /opt/airflow/dags/baseball_etl.py
[2026-04-21T04:05:10.193+0000] {logging_mixin.py:188} INFO - [2026-04-21T04:05:10.192+0000] {dag.py:3036} INFO - Sync 1 DAGs
[2026-04-21T04:05:10.218+0000] {logging_mixin.py:188} INFO - [2026-04-21T04:05:10.218+0000] {dag.py:3823} INFO - Setting next_dagrun for baseball_pipeline_v1 to 2026-04-21 00:00:00+00:00, run_after=2026-04-22 00:00:00+00:00
[2026-04-21T04:05:10.235+0000] {processor.py:183} INFO - Processing /opt/airflow/dags/baseball_etl.py took 0.696 seconds
[2026-04-21T04:05:40.326+0000] {processor.py:161} INFO - Started process (PID=3729272) to work on /opt/airflow/dags/baseball_etl.py
[2026-04-21T04:05:40.328+0000] {processor.py:830} INFO - Processing file /opt/airflow/dags/baseball_etl.py for tasks to queue
[2026-04-21T04:05:40.330+0000] {logging_mixin.py:188} INFO - [2026-04-21T04:05:40.330+0000] {dagbag.py:538} INFO - Filling up the DagBag from /opt/airflow/dags/baseball_etl.py
[2026-04-21T04:05:40.859+0000] {processor.py:840} INFO - DAG(s) 'baseball_pipeline_v1' retrieved from /opt/airflow/dags/baseball_etl.py
[2026-04-21T04:05:40.877+0000] {logging_mixin.py:188} INFO - [2026-04-21T04:05:40.877+0000] {dag.py:3036} INFO - Sync 1 DAGs
[2026-04-21T04:05:40.911+0000] {logging_mixin.py:188} INFO - [2026-04-21T04:05:40.910+0000] {dag.py:3823} INFO - Setting next_dagrun for baseball_pipeline_v1 to 2026-04-21 00:00:00+00:00, run_after=2026-04-22 00:00:00+00:00
[2026-04-21T04:05:40.937+0000] {processor.py:183} INFO - Processing /opt/airflow/dags/baseball_etl.py took 0.615 seconds
[2026-04-21T04:06:11.024+0000] {processor.py:161} INFO - Started process (PID=3729330) to work on /opt/airflow/dags/baseball_etl.py
[2026-04-21T04:06:11.025+0000] {processor.py:830} INFO - Processing file /opt/airflow/dags/baseball_etl.py for tasks to queue
[2026-04-21T04:06:11.027+0000] {logging_mixin.py:188} INFO - [2026-04-21T04:06:11.027+0000] {dagbag.py:538} INFO - Filling up the DagBag from /opt/airflow/dags/baseball_etl.py
[2026-04-21T04:06:11.582+0000] {processor.py:840} INFO - DAG(s) 'baseball_pipeline_v1' retrieved from /opt/airflow/dags/baseball_etl.py
[2026-04-21T04:06:11.601+0000] {logging_mixin.py:188} INFO - [2026-04-21T04:06:11.600+0000] {dag.py:3036} INFO - Sync 1 DAGs
[2026-04-21T04:06:11.627+0000] {logging_mixin.py:188} INFO - [2026-04-21T04:06:11.627+0000] {dag.py:3823} INFO - Setting next_dagrun for baseball_pipeline_v1 to 2026-04-21 00:00:00+00:00, run_after=2026-04-22 00:00:00+00:00
[2026-04-21T04:06:11.657+0000] {processor.py:183} INFO - Processing /opt/airflow/dags/baseball_etl.py took 0.638 seconds
[2026-04-21T04:06:41.902+0000] {processor.py:161} INFO - Started process (PID=3729387) to work on /opt/airflow/dags/baseball_etl.py
[2026-04-21T04:06:41.904+0000] {processor.py:830} INFO - Processing file /opt/airflow/dags/baseball_etl.py for tasks to queue
[2026-04-21T04:06:41.906+0000] {logging_mixin.py:188} INFO - [2026-04-21T04:06:41.906+0000] {dagbag.py:538} INFO - Filling up the DagBag from /opt/airflow/dags/baseball_etl.py
[2026-04-21T04:06:42.484+0000] {processor.py:840} INFO - DAG(s) 'baseball_pipeline_v1' retrieved from /opt/airflow/dags/baseball_etl.py
[2026-04-21T04:06:42.503+0000] {logging_mixin.py:188} INFO - [2026-04-21T04:06:42.502+0000] {dag.py:3036} INFO - Sync 1 DAGs
[2026-04-21T04:06:42.527+0000] {logging_mixin.py:188} INFO - [2026-04-21T04:06:42.527+0000] {dag.py:3823} INFO - Setting next_dagrun for baseball_pipeline_v1 to 2026-04-21 00:00:00+00:00, run_after=2026-04-22 00:00:00+00:00
[2026-04-21T04:06:42.545+0000] {processor.py:183} INFO - Processing /opt/airflow/dags/baseball_etl.py took 0.649 seconds
[2026-04-21T04:07:12.605+0000] {processor.py:161} INFO - Started process (PID=3729444) to work on /opt/airflow/dags/baseball_etl.py
[2026-04-21T04:07:12.607+0000] {processor.py:830} INFO - Processing file /opt/airflow/dags/baseball_etl.py for tasks to queue
[2026-04-21T04:07:12.610+0000] {logging_mixin.py:188} INFO - [2026-04-21T04:07:12.609+0000] {dagbag.py:538} INFO - Filling up the DagBag from /opt/airflow/dags/baseball_etl.py
[2026-04-21T04:07:13.178+0000] {processor.py:840} INFO - DAG(s) 'baseball_pipeline_v1' retrieved from /opt/airflow/dags/baseball_etl.py
[2026-04-21T04:07:13.197+0000] {logging_mixin.py:188} INFO - [2026-04-21T04:07:13.196+0000] {dag.py:3036} INFO - Sync 1 DAGs
[2026-04-21T04:07:13.221+0000] {logging_mixin.py:188} INFO - [2026-04-21T04:07:13.221+0000] {dag.py:3823} INFO - Setting next_dagrun for baseball_pipeline_v1 to 2026-04-21 00:00:00+00:00, run_after=2026-04-22 00:00:00+00:00
[2026-04-21T04:07:13.239+0000] {processor.py:183} INFO - Processing /opt/airflow/dags/baseball_etl.py took 0.638 seconds
[2026-04-21T04:07:44.170+0000] {processor.py:161} INFO - Started process (PID=3729501) to work on /opt/airflow/dags/baseball_etl.py
[2026-04-21T04:07:44.172+0000] {processor.py:830} INFO - Processing file /opt/airflow/dags/baseball_etl.py for tasks to queue
[2026-04-21T04:07:44.174+0000] {logging_mixin.py:188} INFO - [2026-04-21T04:07:44.174+0000] {dagbag.py:538} INFO - Filling up the DagBag from /opt/airflow/dags/baseball_etl.py
[2026-04-21T04:07:44.758+0000] {processor.py:840} INFO - DAG(s) 'baseball_pipeline_v1' retrieved from /opt/airflow/dags/baseball_etl.py
[2026-04-21T04:07:44.777+0000] {logging_mixin.py:188} INFO - [2026-04-21T04:07:44.777+0000] {dag.py:3036} INFO - Sync 1 DAGs
[2026-04-21T04:07:44.803+0000] {logging_mixin.py:188} INFO - [2026-04-21T04:07:44.802+0000] {dag.py:3823} INFO - Setting next_dagrun for baseball_pipeline_v1 to 2026-04-21 00:00:00+00:00, run_after=2026-04-22 00:00:00+00:00
[2026-04-21T04:07:44.822+0000] {processor.py:183} INFO - Processing /opt/airflow/dags/baseball_etl.py took 0.657 seconds
[2026-04-21T04:08:15.007+0000] {processor.py:161} INFO - Started process (PID=3729560) to work on /opt/airflow/dags/baseball_etl.py
[2026-04-21T04:08:15.010+0000] {processor.py:830} INFO - Processing file /opt/airflow/dags/baseball_etl.py for tasks to queue
[2026-04-21T04:08:15.012+0000] {logging_mixin.py:188} INFO - [2026-04-21T04:08:15.012+0000] {dagbag.py:538} INFO - Filling up the DagBag from /opt/airflow/dags/baseball_etl.py
[2026-04-21T04:08:15.569+0000] {processor.py:840} INFO - DAG(s) 'baseball_pipeline_v1' retrieved from /opt/airflow/dags/baseball_etl.py
[2026-04-21T04:08:15.590+0000] {logging_mixin.py:188} INFO - [2026-04-21T04:08:15.589+0000] {dag.py:3036} INFO - Sync 1 DAGs
[2026-04-21T04:08:15.615+0000] {logging_mixin.py:188} INFO - [2026-04-21T04:08:15.615+0000] {dag.py:3823} INFO - Setting next_dagrun for baseball_pipeline_v1 to 2026-04-21 00:00:00+00:00, run_after=2026-04-22 00:00:00+00:00
[2026-04-21T04:08:15.634+0000] {processor.py:183} INFO - Processing /opt/airflow/dags/baseball_etl.py took 0.631 seconds
[2026-04-21T04:08:45.854+0000] {processor.py:161} INFO - Started process (PID=3729616) to work on /opt/airflow/dags/baseball_etl.py
[2026-04-21T04:08:45.856+0000] {processor.py:830} INFO - Processing file /opt/airflow/dags/baseball_etl.py for tasks to queue
[2026-04-21T04:08:45.859+0000] {logging_mixin.py:188} INFO - [2026-04-21T04:08:45.858+0000] {dagbag.py:538} INFO - Filling up the DagBag from /opt/airflow/dags/baseball_etl.py
[2026-04-21T04:08:46.418+0000] {processor.py:840} INFO - DAG(s) 'baseball_pipeline_v1' retrieved from /opt/airflow/dags/baseball_etl.py
[2026-04-21T04:08:46.437+0000] {logging_mixin.py:188} INFO - [2026-04-21T04:08:46.437+0000] {dag.py:3036} INFO - Sync 1 DAGs
[2026-04-21T04:08:46.476+0000] {logging_mixin.py:188} INFO - [2026-04-21T04:08:46.475+0000] {dag.py:3823} INFO - Setting next_dagrun for baseball_pipeline_v1 to 2026-04-21 00:00:00+00:00, run_after=2026-04-22 00:00:00+00:00
[2026-04-21T04:08:46.500+0000] {processor.py:183} INFO - Processing /opt/airflow/dags/baseball_etl.py took 0.651 seconds
[2026-04-21T04:09:17.199+0000] {processor.py:161} INFO - Started process (PID=3729675) to work on /opt/airflow/dags/baseball_etl.py
[2026-04-21T04:09:17.200+0000] {processor.py:830} INFO - Processing file /opt/airflow/dags/baseball_etl.py for tasks to queue
[2026-04-21T04:09:17.202+0000] {logging_mixin.py:188} INFO - [2026-04-21T04:09:17.202+0000] {dagbag.py:538} INFO - Filling up the DagBag from /opt/airflow/dags/baseball_etl.py
[2026-04-21T04:09:17.718+0000] {processor.py:840} INFO - DAG(s) 'baseball_pipeline_v1' retrieved from /opt/airflow/dags/baseball_etl.py
[2026-04-21T04:09:17.737+0000] {logging_mixin.py:188} INFO - [2026-04-21T04:09:17.737+0000] {dag.py:3036} INFO - Sync 1 DAGs
[2026-04-21T04:09:17.761+0000] {logging_mixin.py:188} INFO - [2026-04-21T04:09:17.761+0000] {dag.py:3823} INFO - Setting next_dagrun for baseball_pipeline_v1 to 2026-04-21 00:00:00+00:00, run_after=2026-04-22 00:00:00+00:00
[2026-04-21T04:09:17.778+0000] {processor.py:183} INFO - Processing /opt/airflow/dags/baseball_etl.py took 0.584 seconds
[2026-04-21T04:09:47.886+0000] {processor.py:161} INFO - Started process (PID=3729736) to work on /opt/airflow/dags/baseball_etl.py
[2026-04-21T04:09:47.888+0000] {processor.py:830} INFO - Processing file /opt/airflow/dags/baseball_etl.py for tasks to queue
[2026-04-21T04:09:47.890+0000] {logging_mixin.py:188} INFO - [2026-04-21T04:09:47.890+0000] {dagbag.py:538} INFO - Filling up the DagBag from /opt/airflow/dags/baseball_etl.py
[2026-04-21T04:09:48.435+0000] {processor.py:840} INFO - DAG(s) 'baseball_pipeline_v1' retrieved from /opt/airflow/dags/baseball_etl.py
[2026-04-21T04:09:48.455+0000] {logging_mixin.py:188} INFO - [2026-04-21T04:09:48.454+0000] {dag.py:3036} INFO - Sync 1 DAGs
[2026-04-21T04:09:48.479+0000] {logging_mixin.py:188} INFO - [2026-04-21T04:09:48.478+0000] {dag.py:3823} INFO - Setting next_dagrun for baseball_pipeline_v1 to 2026-04-21 00:00:00+00:00, run_after=2026-04-22 00:00:00+00:00
[2026-04-21T04:09:48.496+0000] {processor.py:183} INFO - Processing /opt/airflow/dags/baseball_etl.py took 0.614 seconds
[2026-04-21T04:10:18.951+0000] {processor.py:161} INFO - Started process (PID=3729793) to work on /opt/airflow/dags/baseball_etl.py
[2026-04-21T04:10:18.952+0000] {processor.py:830} INFO - Processing file /opt/airflow/dags/baseball_etl.py for tasks to queue
[2026-04-21T04:10:18.954+0000] {logging_mixin.py:188} INFO - [2026-04-21T04:10:18.954+0000] {dagbag.py:538} INFO - Filling up the DagBag from /opt/airflow/dags/baseball_etl.py
[2026-04-21T04:10:19.508+0000] {processor.py:840} INFO - DAG(s) 'baseball_pipeline_v1' retrieved from /opt/airflow/dags/baseball_etl.py
[2026-04-21T04:10:19.528+0000] {logging_mixin.py:188} INFO - [2026-04-21T04:10:19.528+0000] {dag.py:3036} INFO - Sync 1 DAGs
[2026-04-21T04:10:19.552+0000] {logging_mixin.py:188} INFO - [2026-04-21T04:10:19.552+0000] {dag.py:3823} INFO - Setting next_dagrun for baseball_pipeline_v1 to 2026-04-21 00:00:00+00:00, run_after=2026-04-22 00:00:00+00:00
[2026-04-21T04:10:19.570+0000] {processor.py:183} INFO - Processing /opt/airflow/dags/baseball_etl.py took 0.624 seconds
[2026-04-21T04:10:49.791+0000] {processor.py:161} INFO - Started process (PID=3729851) to work on /opt/airflow/dags/baseball_etl.py
[2026-04-21T04:10:49.793+0000] {processor.py:830} INFO - Processing file /opt/airflow/dags/baseball_etl.py for tasks to queue
[2026-04-21T04:10:49.795+0000] {logging_mixin.py:188} INFO - [2026-04-21T04:10:49.795+0000] {dagbag.py:538} INFO - Filling up the DagBag from /opt/airflow/dags/baseball_etl.py
[2026-04-21T04:10:50.322+0000] {processor.py:840} INFO - DAG(s) 'baseball_pipeline_v1' retrieved from /opt/airflow/dags/baseball_etl.py
[2026-04-21T04:10:50.340+0000] {logging_mixin.py:188} INFO - [2026-04-21T04:10:50.340+0000] {dag.py:3036} INFO - Sync 1 DAGs
[2026-04-21T04:10:50.364+0000] {logging_mixin.py:188} INFO - [2026-04-21T04:10:50.364+0000] {dag.py:3823} INFO - Setting next_dagrun for baseball_pipeline_v1 to 2026-04-21 00:00:00+00:00, run_after=2026-04-22 00:00:00+00:00
[2026-04-21T04:10:50.381+0000] {processor.py:183} INFO - Processing /opt/airflow/dags/baseball_etl.py took 0.595 seconds
[2026-04-21T04:11:20.542+0000] {processor.py:161} INFO - Started process (PID=3729907) to work on /opt/airflow/dags/baseball_etl.py
[2026-04-21T04:11:20.544+0000] {processor.py:830} INFO - Processing file /opt/airflow/dags/baseball_etl.py for tasks to queue
[2026-04-21T04:11:20.546+0000] {logging_mixin.py:188} INFO - [2026-04-21T04:11:20.546+0000] {dagbag.py:538} INFO - Filling up the DagBag from /opt/airflow/dags/baseball_etl.py
[2026-04-21T04:11:21.074+0000] {processor.py:840} INFO - DAG(s) 'baseball_pipeline_v1' retrieved from /opt/airflow/dags/baseball_etl.py
[2026-04-21T04:11:21.093+0000] {logging_mixin.py:188} INFO - [2026-04-21T04:11:21.092+0000] {dag.py:3036} INFO - Sync 1 DAGs
[2026-04-21T04:11:21.120+0000] {logging_mixin.py:188} INFO - [2026-04-21T04:11:21.119+0000] {dag.py:3823} INFO - Setting next_dagrun for baseball_pipeline_v1 to 2026-04-21 00:00:00+00:00, run_after=2026-04-22 00:00:00+00:00
[2026-04-21T04:11:21.137+0000] {processor.py:183} INFO - Processing /opt/airflow/dags/baseball_etl.py took 0.600 seconds
[2026-04-21T04:11:51.277+0000] {processor.py:161} INFO - Started process (PID=3729964) to work on /opt/airflow/dags/baseball_etl.py
[2026-04-21T04:11:51.279+0000] {processor.py:830} INFO - Processing file /opt/airflow/dags/baseball_etl.py for tasks to queue
[2026-04-21T04:11:51.283+0000] {logging_mixin.py:188} INFO - [2026-04-21T04:11:51.282+0000] {dagbag.py:538} INFO - Filling up the DagBag from /opt/airflow/dags/baseball_etl.py
[2026-04-21T04:11:51.835+0000] {processor.py:840} INFO - DAG(s) 'baseball_pipeline_v1' retrieved from /opt/airflow/dags/baseball_etl.py
[2026-04-21T04:11:51.852+0000] {logging_mixin.py:188} INFO - [2026-04-21T04:11:51.852+0000] {dag.py:3036} INFO - Sync 1 DAGs
[2026-04-21T04:11:51.876+0000] {logging_mixin.py:188} INFO - [2026-04-21T04:11:51.876+0000] {dag.py:3823} INFO - Setting next_dagrun for baseball_pipeline_v1 to 2026-04-21 00:00:00+00:00, run_after=2026-04-22 00:00:00+00:00
[2026-04-21T04:11:51.893+0000] {processor.py:183} INFO - Processing /opt/airflow/dags/baseball_etl.py took 0.623 seconds
[2026-04-21T04:12:21.937+0000] {processor.py:161} INFO - Started process (PID=3730024) to work on /opt/airflow/dags/baseball_etl.py
[2026-04-21T04:12:21.939+0000] {processor.py:830} INFO - Processing file /opt/airflow/dags/baseball_etl.py for tasks to queue
[2026-04-21T04:12:21.941+0000] {logging_mixin.py:188} INFO - [2026-04-21T04:12:21.941+0000] {dagbag.py:538} INFO - Filling up the DagBag from /opt/airflow/dags/baseball_etl.py
[2026-04-21T04:12:22.463+0000] {processor.py:840} INFO - DAG(s) 'baseball_pipeline_v1' retrieved from /opt/airflow/dags/baseball_etl.py
[2026-04-21T04:12:22.481+0000] {logging_mixin.py:188} INFO - [2026-04-21T04:12:22.481+0000] {dag.py:3036} INFO - Sync 1 DAGs
[2026-04-21T04:12:22.506+0000] {logging_mixin.py:188} INFO - [2026-04-21T04:12:22.506+0000] {dag.py:3823} INFO - Setting next_dagrun for baseball_pipeline_v1 to 2026-04-21 00:00:00+00:00, run_after=2026-04-22 00:00:00+00:00
[2026-04-21T04:12:22.523+0000] {processor.py:183} INFO - Processing /opt/airflow/dags/baseball_etl.py took 0.591 seconds
[2026-04-21T04:12:52.667+0000] {processor.py:161} INFO - Started process (PID=3730081) to work on /opt/airflow/dags/baseball_etl.py
[2026-04-21T04:12:52.669+0000] {processor.py:830} INFO - Processing file /opt/airflow/dags/baseball_etl.py for tasks to queue
[2026-04-21T04:12:52.671+0000] {logging_mixin.py:188} INFO - [2026-04-21T04:12:52.671+0000] {dagbag.py:538} INFO - Filling up the DagBag from /opt/airflow/dags/baseball_etl.py
[2026-04-21T04:12:53.210+0000] {processor.py:840} INFO - DAG(s) 'baseball_pipeline_v1' retrieved from /opt/airflow/dags/baseball_etl.py
[2026-04-21T04:12:53.229+0000] {logging_mixin.py:188} INFO - [2026-04-21T04:12:53.228+0000] {dag.py:3036} INFO - Sync 1 DAGs
[2026-04-21T04:12:53.254+0000] {logging_mixin.py:188} INFO - [2026-04-21T04:12:53.254+0000] {dag.py:3823} INFO - Setting next_dagrun for baseball_pipeline_v1 to 2026-04-21 00:00:00+00:00, run_after=2026-04-22 00:00:00+00:00
[2026-04-21T04:12:53.278+0000] {processor.py:183} INFO - Processing /opt/airflow/dags/baseball_etl.py took 0.616 seconds
[2026-04-21T04:13:23.796+0000] {processor.py:161} INFO - Started process (PID=3730137) to work on /opt/airflow/dags/baseball_etl.py
[2026-04-21T04:13:23.798+0000] {processor.py:830} INFO - Processing file /opt/airflow/dags/baseball_etl.py for tasks to queue
[2026-04-21T04:13:23.800+0000] {logging_mixin.py:188} INFO - [2026-04-21T04:13:23.800+0000] {dagbag.py:538} INFO - Filling up the DagBag from /opt/airflow/dags/baseball_etl.py
[2026-04-21T04:13:24.338+0000] {processor.py:840} INFO - DAG(s) 'baseball_pipeline_v1' retrieved from /opt/airflow/dags/baseball_etl.py
[2026-04-21T04:13:24.355+0000] {logging_mixin.py:188} INFO - [2026-04-21T04:13:24.355+0000] {dag.py:3036} INFO - Sync 1 DAGs
[2026-04-21T04:13:24.380+0000] {logging_mixin.py:188} INFO - [2026-04-21T04:13:24.379+0000] {dag.py:3823} INFO - Setting next_dagrun for baseball_pipeline_v1 to 2026-04-21 00:00:00+00:00, run_after=2026-04-22 00:00:00+00:00
[2026-04-21T04:13:24.397+0000] {processor.py:183} INFO - Processing /opt/airflow/dags/baseball_etl.py took 0.606 seconds
[2026-04-21T04:13:54.458+0000] {processor.py:161} INFO - Started process (PID=3730196) to work on /opt/airflow/dags/baseball_etl.py
[2026-04-21T04:13:54.460+0000] {processor.py:830} INFO - Processing file /opt/airflow/dags/baseball_etl.py for tasks to queue
[2026-04-21T04:13:54.462+0000] {logging_mixin.py:188} INFO - [2026-04-21T04:13:54.462+0000] {dagbag.py:538} INFO - Filling up the DagBag from /opt/airflow/dags/baseball_etl.py
[2026-04-21T04:13:54.980+0000] {processor.py:840} INFO - DAG(s) 'baseball_pipeline_v1' retrieved from /opt/airflow/dags/baseball_etl.py
[2026-04-21T04:13:54.998+0000] {logging_mixin.py:188} INFO - [2026-04-21T04:13:54.997+0000] {dag.py:3036} INFO - Sync 1 DAGs
[2026-04-21T04:13:55.022+0000] {logging_mixin.py:188} INFO - [2026-04-21T04:13:55.021+0000] {dag.py:3823} INFO - Setting next_dagrun for baseball_pipeline_v1 to 2026-04-21 00:00:00+00:00, run_after=2026-04-22 00:00:00+00:00
[2026-04-21T04:13:55.038+0000] {processor.py:183} INFO - Processing /opt/airflow/dags/baseball_etl.py took 0.585 seconds
[2026-04-21T04:14:25.757+0000] {processor.py:161} INFO - Started process (PID=3730253) to work on /opt/airflow/dags/baseball_etl.py
[2026-04-21T04:14:25.759+0000] {processor.py:830} INFO - Processing file /opt/airflow/dags/baseball_etl.py for tasks to queue
[2026-04-21T04:14:25.762+0000] {logging_mixin.py:188} INFO - [2026-04-21T04:14:25.761+0000] {dagbag.py:538} INFO - Filling up the DagBag from /opt/airflow/dags/baseball_etl.py
[2026-04-21T04:14:26.281+0000] {processor.py:840} INFO - DAG(s) 'baseball_pipeline_v1' retrieved from /opt/airflow/dags/baseball_etl.py
[2026-04-21T04:14:26.299+0000] {logging_mixin.py:188} INFO - [2026-04-21T04:14:26.299+0000] {dag.py:3036} INFO - Sync 1 DAGs
[2026-04-21T04:14:26.326+0000] {logging_mixin.py:188} INFO - [2026-04-21T04:14:26.325+0000] {dag.py:3823} INFO - Setting next_dagrun for baseball_pipeline_v1 to 2026-04-21 00:00:00+00:00, run_after=2026-04-22 00:00:00+00:00
[2026-04-21T04:14:26.343+0000] {processor.py:183} INFO - Processing /opt/airflow/dags/baseball_etl.py took 0.590 seconds
[2026-04-21T04:14:56.953+0000] {processor.py:161} INFO - Started process (PID=3730317) to work on /opt/airflow/dags/baseball_etl.py
[2026-04-21T04:14:56.955+0000] {processor.py:830} INFO - Processing file /opt/airflow/dags/baseball_etl.py for tasks to queue
[2026-04-21T04:14:56.958+0000] {logging_mixin.py:188} INFO - [2026-04-21T04:14:56.957+0000] {dagbag.py:538} INFO - Filling up the DagBag from /opt/airflow/dags/baseball_etl.py
[2026-04-21T04:14:57.508+0000] {processor.py:840} INFO - DAG(s) 'baseball_pipeline_v1' retrieved from /opt/airflow/dags/baseball_etl.py
[2026-04-21T04:14:57.527+0000] {logging_mixin.py:188} INFO - [2026-04-21T04:14:57.527+0000] {dag.py:3036} INFO - Sync 1 DAGs
[2026-04-21T04:14:57.552+0000] {logging_mixin.py:188} INFO - [2026-04-21T04:14:57.552+0000] {dag.py:3823} INFO - Setting next_dagrun for baseball_pipeline_v1 to 2026-04-21 00:00:00+00:00, run_after=2026-04-22 00:00:00+00:00
[2026-04-21T04:14:57.569+0000] {processor.py:183} INFO - Processing /opt/airflow/dags/baseball_etl.py took 0.621 seconds
[2026-04-21T04:15:28.429+0000] {processor.py:161} INFO - Started process (PID=3730378) to work on /opt/airflow/dags/baseball_etl.py
[2026-04-21T04:15:28.431+0000] {processor.py:830} INFO - Processing file /opt/airflow/dags/baseball_etl.py for tasks to queue
[2026-04-21T04:15:28.433+0000] {logging_mixin.py:188} INFO - [2026-04-21T04:15:28.433+0000] {dagbag.py:538} INFO - Filling up the DagBag from /opt/airflow/dags/baseball_etl.py
[2026-04-21T04:15:28.987+0000] {processor.py:840} INFO - DAG(s) 'baseball_pipeline_v1' retrieved from /opt/airflow/dags/baseball_etl.py
[2026-04-21T04:15:29.005+0000] {logging_mixin.py:188} INFO - [2026-04-21T04:15:29.004+0000] {dag.py:3036} INFO - Sync 1 DAGs
[2026-04-21T04:15:29.029+0000] {logging_mixin.py:188} INFO - [2026-04-21T04:15:29.029+0000] {dag.py:3823} INFO - Setting next_dagrun for baseball_pipeline_v1 to 2026-04-21 00:00:00+00:00, run_after=2026-04-22 00:00:00+00:00
[2026-04-21T04:15:29.046+0000] {processor.py:183} INFO - Processing /opt/airflow/dags/baseball_etl.py took 0.625 seconds
[2026-04-21T04:15:59.902+0000] {processor.py:161} INFO - Started process (PID=3730436) to work on /opt/airflow/dags/baseball_etl.py
[2026-04-21T04:15:59.904+0000] {processor.py:830} INFO - Processing file /opt/airflow/dags/baseball_etl.py for tasks to queue
[2026-04-21T04:15:59.906+0000] {logging_mixin.py:188} INFO - [2026-04-21T04:15:59.906+0000] {dagbag.py:538} INFO - Filling up the DagBag from /opt/airflow/dags/baseball_etl.py
[2026-04-21T04:16:00.460+0000] {processor.py:840} INFO - DAG(s) 'baseball_pipeline_v1' retrieved from /opt/airflow/dags/baseball_etl.py
[2026-04-21T04:16:00.481+0000] {logging_mixin.py:188} INFO - [2026-04-21T04:16:00.481+0000] {dag.py:3036} INFO - Sync 1 DAGs
[2026-04-21T04:16:00.516+0000] {logging_mixin.py:188} INFO - [2026-04-21T04:16:00.516+0000] {dag.py:3823} INFO - Setting next_dagrun for baseball_pipeline_v1 to 2026-04-21 00:00:00+00:00, run_after=2026-04-22 00:00:00+00:00
[2026-04-21T04:16:00.539+0000] {processor.py:183} INFO - Processing /opt/airflow/dags/baseball_etl.py took 0.642 seconds
[2026-04-21T04:16:31.259+0000] {processor.py:161} INFO - Started process (PID=3730493) to work on /opt/airflow/dags/baseball_etl.py
[2026-04-21T04:16:31.261+0000] {processor.py:830} INFO - Processing file /opt/airflow/dags/baseball_etl.py for tasks to queue
[2026-04-21T04:16:31.264+0000] {logging_mixin.py:188} INFO - [2026-04-21T04:16:31.263+0000] {dagbag.py:538} INFO - Filling up the DagBag from /opt/airflow/dags/baseball_etl.py
[2026-04-21T04:16:31.813+0000] {processor.py:840} INFO - DAG(s) 'baseball_pipeline_v1' retrieved from /opt/airflow/dags/baseball_etl.py
[2026-04-21T04:16:31.831+0000] {logging_mixin.py:188} INFO - [2026-04-21T04:16:31.831+0000] {dag.py:3036} INFO - Sync 1 DAGs
[2026-04-21T04:16:31.855+0000] {logging_mixin.py:188} INFO - [2026-04-21T04:16:31.855+0000] {dag.py:3823} INFO - Setting next_dagrun for baseball_pipeline_v1 to 2026-04-21 00:00:00+00:00, run_after=2026-04-22 00:00:00+00:00
[2026-04-21T04:16:31.873+0000] {processor.py:183} INFO - Processing /opt/airflow/dags/baseball_etl.py took 0.619 seconds
[2026-04-21T04:17:02.650+0000] {processor.py:161} INFO - Started process (PID=3730552) to work on /opt/airflow/dags/baseball_etl.py
[2026-04-21T04:17:02.652+0000] {processor.py:830} INFO - Processing file /opt/airflow/dags/baseball_etl.py for tasks to queue
[2026-04-21T04:17:02.654+0000] {logging_mixin.py:188} INFO - [2026-04-21T04:17:02.654+0000] {dagbag.py:538} INFO - Filling up the DagBag from /opt/airflow/dags/baseball_etl.py
[2026-04-21T04:17:03.202+0000] {processor.py:840} INFO - DAG(s) 'baseball_pipeline_v1' retrieved from /opt/airflow/dags/baseball_etl.py
[2026-04-21T04:17:03.220+0000] {logging_mixin.py:188} INFO - [2026-04-21T04:17:03.219+0000] {dag.py:3036} INFO - Sync 1 DAGs
[2026-04-21T04:17:03.243+0000] {logging_mixin.py:188} INFO - [2026-04-21T04:17:03.243+0000] {dag.py:3823} INFO - Setting next_dagrun for baseball_pipeline_v1 to 2026-04-21 00:00:00+00:00, run_after=2026-04-22 00:00:00+00:00
[2026-04-21T04:17:03.261+0000] {processor.py:183} INFO - Processing /opt/airflow/dags/baseball_etl.py took 0.615 seconds
[2026-04-21T04:17:33.917+0000] {processor.py:161} INFO - Started process (PID=3730611) to work on /opt/airflow/dags/baseball_etl.py
[2026-04-21T04:17:33.919+0000] {processor.py:830} INFO - Processing file /opt/airflow/dags/baseball_etl.py for tasks to queue
[2026-04-21T04:17:33.922+0000] {logging_mixin.py:188} INFO - [2026-04-21T04:17:33.921+0000] {dagbag.py:538} INFO - Filling up the DagBag from /opt/airflow/dags/baseball_etl.py
[2026-04-21T04:17:34.457+0000] {processor.py:840} INFO - DAG(s) 'baseball_pipeline_v1' retrieved from /opt/airflow/dags/baseball_etl.py
[2026-04-21T04:17:34.477+0000] {logging_mixin.py:188} INFO - [2026-04-21T04:17:34.476+0000] {dag.py:3036} INFO - Sync 1 DAGs
[2026-04-21T04:17:34.501+0000] {logging_mixin.py:188} INFO - [2026-04-21T04:17:34.501+0000] {dag.py:3823} INFO - Setting next_dagrun for baseball_pipeline_v1 to 2026-04-21 00:00:00+00:00, run_after=2026-04-22 00:00:00+00:00
[2026-04-21T04:17:34.521+0000] {processor.py:183} INFO - Processing /opt/airflow/dags/baseball_etl.py took 0.608 seconds
[2026-04-21T04:18:05.410+0000] {processor.py:161} INFO - Started process (PID=3730670) to work on /opt/airflow/dags/baseball_etl.py
[2026-04-21T04:18:05.412+0000] {processor.py:830} INFO - Processing file /opt/airflow/dags/baseball_etl.py for tasks to queue
[2026-04-21T04:18:05.414+0000] {logging_mixin.py:188} INFO - [2026-04-21T04:18:05.414+0000] {dagbag.py:538} INFO - Filling up the DagBag from /opt/airflow/dags/baseball_etl.py
[2026-04-21T04:18:05.937+0000] {processor.py:840} INFO - DAG(s) 'baseball_pipeline_v1' retrieved from /opt/airflow/dags/baseball_etl.py
[2026-04-21T04:18:05.954+0000] {logging_mixin.py:188} INFO - [2026-04-21T04:18:05.954+0000] {dag.py:3036} INFO - Sync 1 DAGs
[2026-04-21T04:18:05.979+0000] {logging_mixin.py:188} INFO - [2026-04-21T04:18:05.978+0000] {dag.py:3823} INFO - Setting next_dagrun for baseball_pipeline_v1 to 2026-04-21 00:00:00+00:00, run_after=2026-04-22 00:00:00+00:00
[2026-04-21T04:18:05.995+0000] {processor.py:183} INFO - Processing /opt/airflow/dags/baseball_etl.py took 0.590 seconds
[2026-04-21T04:18:36.563+0000] {processor.py:161} INFO - Started process (PID=3730727) to work on /opt/airflow/dags/baseball_etl.py
[2026-04-21T04:18:36.564+0000] {processor.py:830} INFO - Processing file /opt/airflow/dags/baseball_etl.py for tasks to queue
[2026-04-21T04:18:36.566+0000] {logging_mixin.py:188} INFO - [2026-04-21T04:18:36.566+0000] {dagbag.py:538} INFO - Filling up the DagBag from /opt/airflow/dags/baseball_etl.py
[2026-04-21T04:18:37.088+0000] {processor.py:840} INFO - DAG(s) 'baseball_pipeline_v1' retrieved from /opt/airflow/dags/baseball_etl.py
[2026-04-21T04:18:37.105+0000] {logging_mixin.py:188} INFO - [2026-04-21T04:18:37.105+0000] {dag.py:3036} INFO - Sync 1 DAGs
[2026-04-21T04:18:37.128+0000] {logging_mixin.py:188} INFO - [2026-04-21T04:18:37.128+0000] {dag.py:3823} INFO - Setting next_dagrun for baseball_pipeline_v1 to 2026-04-21 00:00:00+00:00, run_after=2026-04-22 00:00:00+00:00
[2026-04-21T04:18:37.145+0000] {processor.py:183} INFO - Processing /opt/airflow/dags/baseball_etl.py took 0.587 seconds
[2026-04-21T04:19:07.894+0000] {processor.py:161} INFO - Started process (PID=3730784) to work on /opt/airflow/dags/baseball_etl.py
[2026-04-21T04:19:07.896+0000] {processor.py:830} INFO - Processing file /opt/airflow/dags/baseball_etl.py for tasks to queue
[2026-04-21T04:19:07.899+0000] {logging_mixin.py:188} INFO - [2026-04-21T04:19:07.898+0000] {dagbag.py:538} INFO - Filling up the DagBag from /opt/airflow/dags/baseball_etl.py
[2026-04-21T04:19:08.422+0000] {processor.py:840} INFO - DAG(s) 'baseball_pipeline_v1' retrieved from /opt/airflow/dags/baseball_etl.py
[2026-04-21T04:19:08.440+0000] {logging_mixin.py:188} INFO - [2026-04-21T04:19:08.440+0000] {dag.py:3036} INFO - Sync 1 DAGs
[2026-04-21T04:19:08.468+0000] {logging_mixin.py:188} INFO - [2026-04-21T04:19:08.468+0000] {dag.py:3823} INFO - Setting next_dagrun for baseball_pipeline_v1 to 2026-04-21 00:00:00+00:00, run_after=2026-04-22 00:00:00+00:00
[2026-04-21T04:19:08.486+0000] {processor.py:183} INFO - Processing /opt/airflow/dags/baseball_etl.py took 0.596 seconds
[2026-04-21T04:19:39.069+0000] {processor.py:161} INFO - Started process (PID=3730841) to work on /opt/airflow/dags/baseball_etl.py
[2026-04-21T04:19:39.072+0000] {processor.py:830} INFO - Processing file /opt/airflow/dags/baseball_etl.py for tasks to queue
[2026-04-21T04:19:39.074+0000] {logging_mixin.py:188} INFO - [2026-04-21T04:19:39.074+0000] {dagbag.py:538} INFO - Filling up the DagBag from /opt/airflow/dags/baseball_etl.py
[2026-04-21T04:19:39.601+0000] {processor.py:840} INFO - DAG(s) 'baseball_pipeline_v1' retrieved from /opt/airflow/dags/baseball_etl.py
[2026-04-21T04:19:39.622+0000] {logging_mixin.py:188} INFO - [2026-04-21T04:19:39.621+0000] {dag.py:3036} INFO - Sync 1 DAGs
[2026-04-21T04:19:39.646+0000] {logging_mixin.py:188} INFO - [2026-04-21T04:19:39.646+0000] {dag.py:3823} INFO - Setting next_dagrun for baseball_pipeline_v1 to 2026-04-21 00:00:00+00:00, run_after=2026-04-22 00:00:00+00:00
[2026-04-21T04:19:39.665+0000] {processor.py:183} INFO - Processing /opt/airflow/dags/baseball_etl.py took 0.600 seconds
[2026-04-21T04:20:10.338+0000] {processor.py:161} INFO - Started process (PID=3730898) to work on /opt/airflow/dags/baseball_etl.py
[2026-04-21T04:20:10.340+0000] {processor.py:830} INFO - Processing file /opt/airflow/dags/baseball_etl.py for tasks to queue
[2026-04-21T04:20:10.342+0000] {logging_mixin.py:188} INFO - [2026-04-21T04:20:10.342+0000] {dagbag.py:538} INFO - Filling up the DagBag from /opt/airflow/dags/baseball_etl.py
[2026-04-21T04:20:10.870+0000] {processor.py:840} INFO - DAG(s) 'baseball_pipeline_v1' retrieved from /opt/airflow/dags/baseball_etl.py
[2026-04-21T04:20:10.889+0000] {logging_mixin.py:188} INFO - [2026-04-21T04:20:10.888+0000] {dag.py:3036} INFO - Sync 1 DAGs
[2026-04-21T04:20:10.912+0000] {logging_mixin.py:188} INFO - [2026-04-21T04:20:10.912+0000] {dag.py:3823} INFO - Setting next_dagrun for baseball_pipeline_v1 to 2026-04-21 00:00:00+00:00, run_after=2026-04-22 00:00:00+00:00
[2026-04-21T04:20:10.929+0000] {processor.py:183} INFO - Processing /opt/airflow/dags/baseball_etl.py took 0.596 seconds
[2026-04-21T04:20:41.489+0000] {processor.py:161} INFO - Started process (PID=3730955) to work on /opt/airflow/dags/baseball_etl.py
[2026-04-21T04:20:41.491+0000] {processor.py:830} INFO - Processing file /opt/airflow/dags/baseball_etl.py for tasks to queue
[2026-04-21T04:20:41.493+0000] {logging_mixin.py:188} INFO - [2026-04-21T04:20:41.493+0000] {dagbag.py:538} INFO - Filling up the DagBag from /opt/airflow/dags/baseball_etl.py
[2026-04-21T04:20:42.041+0000] {processor.py:840} INFO - DAG(s) 'baseball_pipeline_v1' retrieved from /opt/airflow/dags/baseball_etl.py
[2026-04-21T04:20:42.060+0000] {logging_mixin.py:188} INFO - [2026-04-21T04:20:42.060+0000] {dag.py:3036} INFO - Sync 1 DAGs
[2026-04-21T04:20:42.084+0000] {logging_mixin.py:188} INFO - [2026-04-21T04:20:42.084+0000] {dag.py:3823} INFO - Setting next_dagrun for baseball_pipeline_v1 to 2026-04-21 00:00:00+00:00, run_after=2026-04-22 00:00:00+00:00
[2026-04-21T04:20:42.103+0000] {processor.py:183} INFO - Processing /opt/airflow/dags/baseball_etl.py took 0.618 seconds
[2026-04-21T04:21:12.891+0000] {processor.py:161} INFO - Started process (PID=3731012) to work on /opt/airflow/dags/baseball_etl.py
[2026-04-21T04:21:12.894+0000] {processor.py:830} INFO - Processing file /opt/airflow/dags/baseball_etl.py for tasks to queue
[2026-04-21T04:21:12.897+0000] {logging_mixin.py:188} INFO - [2026-04-21T04:21:12.897+0000] {dagbag.py:538} INFO - Filling up the DagBag from /opt/airflow/dags/baseball_etl.py
[2026-04-21T04:21:13.475+0000] {processor.py:840} INFO - DAG(s) 'baseball_pipeline_v1' retrieved from /opt/airflow/dags/baseball_etl.py
[2026-04-21T04:21:13.495+0000] {logging_mixin.py:188} INFO - [2026-04-21T04:21:13.495+0000] {dag.py:3036} INFO - Sync 1 DAGs
[2026-04-21T04:21:13.519+0000] {logging_mixin.py:188} INFO - [2026-04-21T04:21:13.519+0000] {dag.py:3823} INFO - Setting next_dagrun for baseball_pipeline_v1 to 2026-04-21 00:00:00+00:00, run_after=2026-04-22 00:00:00+00:00
[2026-04-21T04:21:13.537+0000] {processor.py:183} INFO - Processing /opt/airflow/dags/baseball_etl.py took 0.650 seconds
[2026-04-21T04:21:44.289+0000] {processor.py:161} INFO - Started process (PID=3731071) to work on /opt/airflow/dags/baseball_etl.py
[2026-04-21T04:21:44.291+0000] {processor.py:830} INFO - Processing file /opt/airflow/dags/baseball_etl.py for tasks to queue
[2026-04-21T04:21:44.293+0000] {logging_mixin.py:188} INFO - [2026-04-21T04:21:44.293+0000] {dagbag.py:538} INFO - Filling up the DagBag from /opt/airflow/dags/baseball_etl.py
[2026-04-21T04:21:44.851+0000] {processor.py:840} INFO - DAG(s) 'baseball_pipeline_v1' retrieved from /opt/airflow/dags/baseball_etl.py
[2026-04-21T04:21:44.871+0000] {logging_mixin.py:188} INFO - [2026-04-21T04:21:44.871+0000] {dag.py:3036} INFO - Sync 1 DAGs
[2026-04-21T04:21:44.896+0000] {logging_mixin.py:188} INFO - [2026-04-21T04:21:44.896+0000] {dag.py:3823} INFO - Setting next_dagrun for baseball_pipeline_v1 to 2026-04-21 00:00:00+00:00, run_after=2026-04-22 00:00:00+00:00
[2026-04-21T04:21:44.914+0000] {processor.py:183} INFO - Processing /opt/airflow/dags/baseball_etl.py took 0.630 seconds
[2026-04-21T04:22:15.714+0000] {processor.py:161} INFO - Started process (PID=3731130) to work on /opt/airflow/dags/baseball_etl.py
[2026-04-21T04:22:15.716+0000] {processor.py:830} INFO - Processing file /opt/airflow/dags/baseball_etl.py for tasks to queue
[2026-04-21T04:22:15.719+0000] {logging_mixin.py:188} INFO - [2026-04-21T04:22:15.718+0000] {dagbag.py:538} INFO - Filling up the DagBag from /opt/airflow/dags/baseball_etl.py
[2026-04-21T04:22:16.321+0000] {processor.py:840} INFO - DAG(s) 'baseball_pipeline_v1' retrieved from /opt/airflow/dags/baseball_etl.py
[2026-04-21T04:22:16.340+0000] {logging_mixin.py:188} INFO - [2026-04-21T04:22:16.340+0000] {dag.py:3036} INFO - Sync 1 DAGs
[2026-04-21T04:22:16.364+0000] {logging_mixin.py:188} INFO - [2026-04-21T04:22:16.364+0000] {dag.py:3823} INFO - Setting next_dagrun for baseball_pipeline_v1 to 2026-04-21 00:00:00+00:00, run_after=2026-04-22 00:00:00+00:00
[2026-04-21T04:22:16.383+0000] {processor.py:183} INFO - Processing /opt/airflow/dags/baseball_etl.py took 0.675 seconds
[2026-04-21T04:22:47.114+0000] {processor.py:161} INFO - Started process (PID=3731188) to work on /opt/airflow/dags/baseball_etl.py
[2026-04-21T04:22:47.116+0000] {processor.py:830} INFO - Processing file /opt/airflow/dags/baseball_etl.py for tasks to queue
[2026-04-21T04:22:47.118+0000] {logging_mixin.py:188} INFO - [2026-04-21T04:22:47.118+0000] {dagbag.py:538} INFO - Filling up the DagBag from /opt/airflow/dags/baseball_etl.py
[2026-04-21T04:22:47.651+0000] {processor.py:840} INFO - DAG(s) 'baseball_pipeline_v1' retrieved from /opt/airflow/dags/baseball_etl.py
[2026-04-21T04:22:47.668+0000] {logging_mixin.py:188} INFO - [2026-04-21T04:22:47.668+0000] {dag.py:3036} INFO - Sync 1 DAGs
[2026-04-21T04:22:47.694+0000] {logging_mixin.py:188} INFO - [2026-04-21T04:22:47.694+0000] {dag.py:3823} INFO - Setting next_dagrun for baseball_pipeline_v1 to 2026-04-21 00:00:00+00:00, run_after=2026-04-22 00:00:00+00:00
[2026-04-21T04:22:47.713+0000] {processor.py:183} INFO - Processing /opt/airflow/dags/baseball_etl.py took 0.604 seconds
[2026-04-21T04:23:17.791+0000] {processor.py:161} INFO - Started process (PID=3731246) to work on /opt/airflow/dags/baseball_etl.py
[2026-04-21T04:23:17.793+0000] {processor.py:830} INFO - Processing file /opt/airflow/dags/baseball_etl.py for tasks to queue
[2026-04-21T04:23:17.795+0000] {logging_mixin.py:188} INFO - [2026-04-21T04:23:17.795+0000] {dagbag.py:538} INFO - Filling up the DagBag from /opt/airflow/dags/baseball_etl.py
[2026-04-21T04:23:18.362+0000] {processor.py:840} INFO - DAG(s) 'baseball_pipeline_v1' retrieved from /opt/airflow/dags/baseball_etl.py
[2026-04-21T04:23:18.382+0000] {logging_mixin.py:188} INFO - [2026-04-21T04:23:18.381+0000] {dag.py:3036} INFO - Sync 1 DAGs
[2026-04-21T04:23:18.406+0000] {logging_mixin.py:188} INFO - [2026-04-21T04:23:18.406+0000] {dag.py:3823} INFO - Setting next_dagrun for baseball_pipeline_v1 to 2026-04-21 00:00:00+00:00, run_after=2026-04-22 00:00:00+00:00
[2026-04-21T04:23:18.424+0000] {processor.py:183} INFO - Processing /opt/airflow/dags/baseball_etl.py took 0.638 seconds
[2026-04-21T04:23:49.207+0000] {processor.py:161} INFO - Started process (PID=3731302) to work on /opt/airflow/dags/baseball_etl.py
[2026-04-21T04:23:49.209+0000] {processor.py:830} INFO - Processing file /opt/airflow/dags/baseball_etl.py for tasks to queue
[2026-04-21T04:23:49.212+0000] {logging_mixin.py:188} INFO - [2026-04-21T04:23:49.211+0000] {dagbag.py:538} INFO - Filling up the DagBag from /opt/airflow/dags/baseball_etl.py
[2026-04-21T04:23:49.755+0000] {processor.py:840} INFO - DAG(s) 'baseball_pipeline_v1' retrieved from /opt/airflow/dags/baseball_etl.py
[2026-04-21T04:23:49.774+0000] {logging_mixin.py:188} INFO - [2026-04-21T04:23:49.773+0000] {dag.py:3036} INFO - Sync 1 DAGs
[2026-04-21T04:23:49.798+0000] {logging_mixin.py:188} INFO - [2026-04-21T04:23:49.798+0000] {dag.py:3823} INFO - Setting next_dagrun for baseball_pipeline_v1 to 2026-04-21 00:00:00+00:00, run_after=2026-04-22 00:00:00+00:00
[2026-04-21T04:23:49.815+0000] {processor.py:183} INFO - Processing /opt/airflow/dags/baseball_etl.py took 0.613 seconds
[2026-04-21T04:24:20.582+0000] {processor.py:161} INFO - Started process (PID=3731361) to work on /opt/airflow/dags/baseball_etl.py
[2026-04-21T04:24:20.584+0000] {processor.py:830} INFO - Processing file /opt/airflow/dags/baseball_etl.py for tasks to queue
[2026-04-21T04:24:20.586+0000] {logging_mixin.py:188} INFO - [2026-04-21T04:24:20.586+0000] {dagbag.py:538} INFO - Filling up the DagBag from /opt/airflow/dags/baseball_etl.py
[2026-04-21T04:24:21.120+0000] {processor.py:840} INFO - DAG(s) 'baseball_pipeline_v1' retrieved from /opt/airflow/dags/baseball_etl.py
[2026-04-21T04:24:21.138+0000] {logging_mixin.py:188} INFO - [2026-04-21T04:24:21.137+0000] {dag.py:3036} INFO - Sync 1 DAGs
[2026-04-21T04:24:21.162+0000] {logging_mixin.py:188} INFO - [2026-04-21T04:24:21.162+0000] {dag.py:3823} INFO - Setting next_dagrun for baseball_pipeline_v1 to 2026-04-21 00:00:00+00:00, run_after=2026-04-22 00:00:00+00:00
[2026-04-21T04:24:21.180+0000] {processor.py:183} INFO - Processing /opt/airflow/dags/baseball_etl.py took 0.603 seconds
[2026-04-21T04:24:52.000+0000] {processor.py:161} INFO - Started process (PID=3731420) to work on /opt/airflow/dags/baseball_etl.py
[2026-04-21T04:24:52.002+0000] {processor.py:830} INFO - Processing file /opt/airflow/dags/baseball_etl.py for tasks to queue
[2026-04-21T04:24:52.005+0000] {logging_mixin.py:188} INFO - [2026-04-21T04:24:52.005+0000] {dagbag.py:538} INFO - Filling up the DagBag from /opt/airflow/dags/baseball_etl.py
[2026-04-21T04:24:52.543+0000] {processor.py:840} INFO - DAG(s) 'baseball_pipeline_v1' retrieved from /opt/airflow/dags/baseball_etl.py
[2026-04-21T04:24:52.564+0000] {logging_mixin.py:188} INFO - [2026-04-21T04:24:52.563+0000] {dag.py:3036} INFO - Sync 1 DAGs
[2026-04-21T04:24:52.589+0000] {logging_mixin.py:188} INFO - [2026-04-21T04:24:52.588+0000] {dag.py:3823} INFO - Setting next_dagrun for baseball_pipeline_v1 to 2026-04-21 00:00:00+00:00, run_after=2026-04-22 00:00:00+00:00
[2026-04-21T04:24:52.606+0000] {processor.py:183} INFO - Processing /opt/airflow/dags/baseball_etl.py took 0.611 seconds
[2026-04-21T04:25:23.172+0000] {processor.py:161} INFO - Started process (PID=3731477) to work on /opt/airflow/dags/baseball_etl.py
[2026-04-21T04:25:23.173+0000] {processor.py:830} INFO - Processing file /opt/airflow/dags/baseball_etl.py for tasks to queue
[2026-04-21T04:25:23.175+0000] {logging_mixin.py:188} INFO - [2026-04-21T04:25:23.175+0000] {dagbag.py:538} INFO - Filling up the DagBag from /opt/airflow/dags/baseball_etl.py
[2026-04-21T04:25:23.720+0000] {processor.py:840} INFO - DAG(s) 'baseball_pipeline_v1' retrieved from /opt/airflow/dags/baseball_etl.py
[2026-04-21T04:25:23.738+0000] {logging_mixin.py:188} INFO - [2026-04-21T04:25:23.737+0000] {dag.py:3036} INFO - Sync 1 DAGs
[2026-04-21T04:25:23.763+0000] {logging_mixin.py:188} INFO - [2026-04-21T04:25:23.763+0000] {dag.py:3823} INFO - Setting next_dagrun for baseball_pipeline_v1 to 2026-04-21 00:00:00+00:00, run_after=2026-04-22 00:00:00+00:00
[2026-04-21T04:25:23.780+0000] {processor.py:183} INFO - Processing /opt/airflow/dags/baseball_etl.py took 0.613 seconds
[2026-04-21T04:25:53.881+0000] {processor.py:161} INFO - Started process (PID=3731539) to work on /opt/airflow/dags/baseball_etl.py
[2026-04-21T04:25:53.883+0000] {processor.py:830} INFO - Processing file /opt/airflow/dags/baseball_etl.py for tasks to queue
[2026-04-21T04:25:53.885+0000] {logging_mixin.py:188} INFO - [2026-04-21T04:25:53.885+0000] {dagbag.py:538} INFO - Filling up the DagBag from /opt/airflow/dags/baseball_etl.py
[2026-04-21T04:25:54.428+0000] {processor.py:840} INFO - DAG(s) 'baseball_pipeline_v1' retrieved from /opt/airflow/dags/baseball_etl.py
[2026-04-21T04:25:54.446+0000] {logging_mixin.py:188} INFO - [2026-04-21T04:25:54.445+0000] {dag.py:3036} INFO - Sync 1 DAGs
[2026-04-21T04:25:54.470+0000] {logging_mixin.py:188} INFO - [2026-04-21T04:25:54.470+0000] {dag.py:3823} INFO - Setting next_dagrun for baseball_pipeline_v1 to 2026-04-21 00:00:00+00:00, run_after=2026-04-22 00:00:00+00:00
[2026-04-21T04:25:54.487+0000] {processor.py:183} INFO - Processing /opt/airflow/dags/baseball_etl.py took 0.611 seconds
[2026-04-21T04:26:25.442+0000] {processor.py:161} INFO - Started process (PID=3731597) to work on /opt/airflow/dags/baseball_etl.py
[2026-04-21T04:26:25.444+0000] {processor.py:830} INFO - Processing file /opt/airflow/dags/baseball_etl.py for tasks to queue
[2026-04-21T04:26:25.446+0000] {logging_mixin.py:188} INFO - [2026-04-21T04:26:25.446+0000] {dagbag.py:538} INFO - Filling up the DagBag from /opt/airflow/dags/baseball_etl.py
[2026-04-21T04:26:25.958+0000] {processor.py:840} INFO - DAG(s) 'baseball_pipeline_v1' retrieved from /opt/airflow/dags/baseball_etl.py
[2026-04-21T04:26:25.977+0000] {logging_mixin.py:188} INFO - [2026-04-21T04:26:25.977+0000] {dag.py:3036} INFO - Sync 1 DAGs
[2026-04-21T04:26:26.002+0000] {logging_mixin.py:188} INFO - [2026-04-21T04:26:26.002+0000] {dag.py:3823} INFO - Setting next_dagrun for baseball_pipeline_v1 to 2026-04-21 00:00:00+00:00, run_after=2026-04-22 00:00:00+00:00
[2026-04-21T04:26:26.020+0000] {processor.py:183} INFO - Processing /opt/airflow/dags/baseball_etl.py took 0.583 seconds
[2026-04-21T04:26:56.261+0000] {processor.py:161} INFO - Started process (PID=3731655) to work on /opt/airflow/dags/baseball_etl.py
[2026-04-21T04:26:56.263+0000] {processor.py:830} INFO - Processing file /opt/airflow/dags/baseball_etl.py for tasks to queue
[2026-04-21T04:26:56.265+0000] {logging_mixin.py:188} INFO - [2026-04-21T04:26:56.265+0000] {dagbag.py:538} INFO - Filling up the DagBag from /opt/airflow/dags/baseball_etl.py
[2026-04-21T04:26:56.785+0000] {processor.py:840} INFO - DAG(s) 'baseball_pipeline_v1' retrieved from /opt/airflow/dags/baseball_etl.py
[2026-04-21T04:26:56.805+0000] {logging_mixin.py:188} INFO - [2026-04-21T04:26:56.804+0000] {dag.py:3036} INFO - Sync 1 DAGs
[2026-04-21T04:26:56.831+0000] {logging_mixin.py:188} INFO - [2026-04-21T04:26:56.830+0000] {dag.py:3823} INFO - Setting next_dagrun for baseball_pipeline_v1 to 2026-04-21 00:00:00+00:00, run_after=2026-04-22 00:00:00+00:00
[2026-04-21T04:26:56.848+0000] {processor.py:183} INFO - Processing /opt/airflow/dags/baseball_etl.py took 0.592 seconds
[2026-04-21T04:27:26.934+0000] {processor.py:161} INFO - Started process (PID=3731712) to work on /opt/airflow/dags/baseball_etl.py
[2026-04-21T04:27:26.937+0000] {processor.py:830} INFO - Processing file /opt/airflow/dags/baseball_etl.py for tasks to queue
[2026-04-21T04:27:26.943+0000] {logging_mixin.py:188} INFO - [2026-04-21T04:27:26.942+0000] {dagbag.py:538} INFO - Filling up the DagBag from /opt/airflow/dags/baseball_etl.py
[2026-04-21T04:27:27.490+0000] {processor.py:840} INFO - DAG(s) 'baseball_pipeline_v1' retrieved from /opt/airflow/dags/baseball_etl.py
[2026-04-21T04:27:27.507+0000] {logging_mixin.py:188} INFO - [2026-04-21T04:27:27.507+0000] {dag.py:3036} INFO - Sync 1 DAGs
[2026-04-21T04:27:27.530+0000] {logging_mixin.py:188} INFO - [2026-04-21T04:27:27.530+0000] {dag.py:3823} INFO - Setting next_dagrun for baseball_pipeline_v1 to 2026-04-21 00:00:00+00:00, run_after=2026-04-22 00:00:00+00:00
[2026-04-21T04:27:27.548+0000] {processor.py:183} INFO - Processing /opt/airflow/dags/baseball_etl.py took 0.619 seconds
[2026-04-21T04:27:58.289+0000] {processor.py:161} INFO - Started process (PID=3731769) to work on /opt/airflow/dags/baseball_etl.py
[2026-04-21T04:27:58.292+0000] {processor.py:830} INFO - Processing file /opt/airflow/dags/baseball_etl.py for tasks to queue
[2026-04-21T04:27:58.294+0000] {logging_mixin.py:188} INFO - [2026-04-21T04:27:58.293+0000] {dagbag.py:538} INFO - Filling up the DagBag from /opt/airflow/dags/baseball_etl.py
[2026-04-21T04:27:58.832+0000] {processor.py:840} INFO - DAG(s) 'baseball_pipeline_v1' retrieved from /opt/airflow/dags/baseball_etl.py
[2026-04-21T04:27:58.851+0000] {logging_mixin.py:188} INFO - [2026-04-21T04:27:58.850+0000] {dag.py:3036} INFO - Sync 1 DAGs
[2026-04-21T04:27:58.875+0000] {logging_mixin.py:188} INFO - [2026-04-21T04:27:58.875+0000] {dag.py:3823} INFO - Setting next_dagrun for baseball_pipeline_v1 to 2026-04-21 00:00:00+00:00, run_after=2026-04-22 00:00:00+00:00
[2026-04-21T04:27:58.894+0000] {processor.py:183} INFO - Processing /opt/airflow/dags/baseball_etl.py took 0.609 seconds
[2026-04-21T04:28:29.017+0000] {processor.py:161} INFO - Started process (PID=3731835) to work on /opt/airflow/dags/baseball_etl.py
[2026-04-21T04:28:29.019+0000] {processor.py:830} INFO - Processing file /opt/airflow/dags/baseball_etl.py for tasks to queue
[2026-04-21T04:28:29.022+0000] {logging_mixin.py:188} INFO - [2026-04-21T04:28:29.021+0000] {dagbag.py:538} INFO - Filling up the DagBag from /opt/airflow/dags/baseball_etl.py
[2026-04-21T04:28:29.582+0000] {processor.py:840} INFO - DAG(s) 'baseball_pipeline_v1' retrieved from /opt/airflow/dags/baseball_etl.py
[2026-04-21T04:28:29.600+0000] {logging_mixin.py:188} INFO - [2026-04-21T04:28:29.600+0000] {dag.py:3036} INFO - Sync 1 DAGs
[2026-04-21T04:28:29.626+0000] {logging_mixin.py:188} INFO - [2026-04-21T04:28:29.626+0000] {dag.py:3823} INFO - Setting next_dagrun for baseball_pipeline_v1 to 2026-04-21 00:00:00+00:00, run_after=2026-04-22 00:00:00+00:00
[2026-04-21T04:28:29.646+0000] {processor.py:183} INFO - Processing /opt/airflow/dags/baseball_etl.py took 0.633 seconds
[2026-04-21T04:29:00.424+0000] {processor.py:161} INFO - Started process (PID=3731892) to work on /opt/airflow/dags/baseball_etl.py
[2026-04-21T04:29:00.427+0000] {processor.py:830} INFO - Processing file /opt/airflow/dags/baseball_etl.py for tasks to queue
[2026-04-21T04:29:00.429+0000] {logging_mixin.py:188} INFO - [2026-04-21T04:29:00.429+0000] {dagbag.py:538} INFO - Filling up the DagBag from /opt/airflow/dags/baseball_etl.py
[2026-04-21T04:29:00.753+0000] {processor.py:840} INFO - DAG(s) 'baseball_pipeline_v1' retrieved from /opt/airflow/dags/baseball_etl.py
[2026-04-21T04:29:00.775+0000] {logging_mixin.py:188} INFO - [2026-04-21T04:29:00.775+0000] {dag.py:3036} INFO - Sync 1 DAGs
[2026-04-21T04:29:00.801+0000] {logging_mixin.py:188} INFO - [2026-04-21T04:29:00.801+0000] {dag.py:3823} INFO - Setting next_dagrun for baseball_pipeline_v1 to 2026-04-21 00:00:00+00:00, run_after=2026-04-22 00:00:00+00:00
[2026-04-21T04:29:00.819+0000] {processor.py:183} INFO - Processing /opt/airflow/dags/baseball_etl.py took 0.400 seconds
[2026-04-21T04:29:30.893+0000] {processor.py:161} INFO - Started process (PID=3731951) to work on /opt/airflow/dags/baseball_etl.py
[2026-04-21T04:29:30.895+0000] {processor.py:830} INFO - Processing file /opt/airflow/dags/baseball_etl.py for tasks to queue
[2026-04-21T04:29:30.897+0000] {logging_mixin.py:188} INFO - [2026-04-21T04:29:30.896+0000] {dagbag.py:538} INFO - Filling up the DagBag from /opt/airflow/dags/baseball_etl.py
[2026-04-21T04:29:31.234+0000] {processor.py:840} INFO - DAG(s) 'baseball_pipeline_v1' retrieved from /opt/airflow/dags/baseball_etl.py
[2026-04-21T04:29:31.256+0000] {logging_mixin.py:188} INFO - [2026-04-21T04:29:31.255+0000] {dag.py:3036} INFO - Sync 1 DAGs
[2026-04-21T04:29:31.283+0000] {logging_mixin.py:188} INFO - [2026-04-21T04:29:31.282+0000] {dag.py:3823} INFO - Setting next_dagrun for baseball_pipeline_v1 to 2026-04-21 00:00:00+00:00, run_after=2026-04-22 00:00:00+00:00
[2026-04-21T04:29:31.304+0000] {processor.py:183} INFO - Processing /opt/airflow/dags/baseball_etl.py took 0.415 seconds
[2026-04-21T04:30:01.391+0000] {processor.py:161} INFO - Started process (PID=3732013) to work on /opt/airflow/dags/baseball_etl.py
[2026-04-21T04:30:01.393+0000] {processor.py:830} INFO - Processing file /opt/airflow/dags/baseball_etl.py for tasks to queue
[2026-04-21T04:30:01.396+0000] {logging_mixin.py:188} INFO - [2026-04-21T04:30:01.395+0000] {dagbag.py:538} INFO - Filling up the DagBag from /opt/airflow/dags/baseball_etl.py
[2026-04-21T04:30:01.735+0000] {processor.py:840} INFO - DAG(s) 'baseball_pipeline_v1' retrieved from /opt/airflow/dags/baseball_etl.py
[2026-04-21T04:30:01.757+0000] {logging_mixin.py:188} INFO - [2026-04-21T04:30:01.757+0000] {dag.py:3036} INFO - Sync 1 DAGs
[2026-04-21T04:30:01.784+0000] {logging_mixin.py:188} INFO - [2026-04-21T04:30:01.784+0000] {dag.py:3823} INFO - Setting next_dagrun for baseball_pipeline_v1 to 2026-04-21 00:00:00+00:00, run_after=2026-04-22 00:00:00+00:00
[2026-04-21T04:30:01.802+0000] {processor.py:183} INFO - Processing /opt/airflow/dags/baseball_etl.py took 0.416 seconds
[2026-04-21T04:30:32.519+0000] {processor.py:161} INFO - Started process (PID=3732070) to work on /opt/airflow/dags/baseball_etl.py
[2026-04-21T04:30:32.521+0000] {processor.py:830} INFO - Processing file /opt/airflow/dags/baseball_etl.py for tasks to queue
[2026-04-21T04:30:32.523+0000] {logging_mixin.py:188} INFO - [2026-04-21T04:30:32.523+0000] {dagbag.py:538} INFO - Filling up the DagBag from /opt/airflow/dags/baseball_etl.py
[2026-04-21T04:30:32.846+0000] {processor.py:840} INFO - DAG(s) 'baseball_pipeline_v1' retrieved from /opt/airflow/dags/baseball_etl.py
[2026-04-21T04:30:32.868+0000] {logging_mixin.py:188} INFO - [2026-04-21T04:30:32.867+0000] {dag.py:3036} INFO - Sync 1 DAGs
[2026-04-21T04:30:32.893+0000] {logging_mixin.py:188} INFO - [2026-04-21T04:30:32.893+0000] {dag.py:3823} INFO - Setting next_dagrun for baseball_pipeline_v1 to 2026-04-21 00:00:00+00:00, run_after=2026-04-22 00:00:00+00:00
[2026-04-21T04:30:32.911+0000] {processor.py:183} INFO - Processing /opt/airflow/dags/baseball_etl.py took 0.397 seconds
[2026-04-21T04:31:03.828+0000] {processor.py:161} INFO - Started process (PID=3732127) to work on /opt/airflow/dags/baseball_etl.py
[2026-04-21T04:31:03.830+0000] {processor.py:830} INFO - Processing file /opt/airflow/dags/baseball_etl.py for tasks to queue
[2026-04-21T04:31:03.833+0000] {logging_mixin.py:188} INFO - [2026-04-21T04:31:03.832+0000] {dagbag.py:538} INFO - Filling up the DagBag from /opt/airflow/dags/baseball_etl.py
[2026-04-21T04:31:04.163+0000] {processor.py:840} INFO - DAG(s) 'baseball_pipeline_v1' retrieved from /opt/airflow/dags/baseball_etl.py
[2026-04-21T04:31:04.184+0000] {logging_mixin.py:188} INFO - [2026-04-21T04:31:04.183+0000] {dag.py:3036} INFO - Sync 1 DAGs
[2026-04-21T04:31:04.210+0000] {logging_mixin.py:188} INFO - [2026-04-21T04:31:04.210+0000] {dag.py:3823} INFO - Setting next_dagrun for baseball_pipeline_v1 to 2026-04-21 00:00:00+00:00, run_after=2026-04-22 00:00:00+00:00
[2026-04-21T04:31:04.230+0000] {processor.py:183} INFO - Processing /opt/airflow/dags/baseball_etl.py took 0.407 seconds
[2026-04-21T04:31:34.301+0000] {processor.py:161} INFO - Started process (PID=3732186) to work on /opt/airflow/dags/baseball_etl.py
[2026-04-21T04:31:34.302+0000] {processor.py:830} INFO - Processing file /opt/airflow/dags/baseball_etl.py for tasks to queue
[2026-04-21T04:31:34.305+0000] {logging_mixin.py:188} INFO - [2026-04-21T04:31:34.304+0000] {dagbag.py:538} INFO - Filling up the DagBag from /opt/airflow/dags/baseball_etl.py
[2026-04-21T04:31:34.627+0000] {processor.py:840} INFO - DAG(s) 'baseball_pipeline_v1' retrieved from /opt/airflow/dags/baseball_etl.py
[2026-04-21T04:31:34.649+0000] {logging_mixin.py:188} INFO - [2026-04-21T04:31:34.649+0000] {dag.py:3036} INFO - Sync 1 DAGs
[2026-04-21T04:31:34.676+0000] {logging_mixin.py:188} INFO - [2026-04-21T04:31:34.676+0000] {dag.py:3823} INFO - Setting next_dagrun for baseball_pipeline_v1 to 2026-04-21 00:00:00+00:00, run_after=2026-04-22 00:00:00+00:00
[2026-04-21T04:31:34.694+0000] {processor.py:183} INFO - Processing /opt/airflow/dags/baseball_etl.py took 0.398 seconds
[2026-04-21T04:32:05.404+0000] {processor.py:161} INFO - Started process (PID=3732243) to work on /opt/airflow/dags/baseball_etl.py
[2026-04-21T04:32:05.406+0000] {processor.py:830} INFO - Processing file /opt/airflow/dags/baseball_etl.py for tasks to queue
[2026-04-21T04:32:05.408+0000] {logging_mixin.py:188} INFO - [2026-04-21T04:32:05.408+0000] {dagbag.py:538} INFO - Filling up the DagBag from /opt/airflow/dags/baseball_etl.py
[2026-04-21T04:32:05.740+0000] {processor.py:840} INFO - DAG(s) 'baseball_pipeline_v1' retrieved from /opt/airflow/dags/baseball_etl.py
[2026-04-21T04:32:05.763+0000] {logging_mixin.py:188} INFO - [2026-04-21T04:32:05.762+0000] {dag.py:3036} INFO - Sync 1 DAGs
[2026-04-21T04:32:05.788+0000] {logging_mixin.py:188} INFO - [2026-04-21T04:32:05.788+0000] {dag.py:3823} INFO - Setting next_dagrun for baseball_pipeline_v1 to 2026-04-21 00:00:00+00:00, run_after=2026-04-22 00:00:00+00:00
[2026-04-21T04:32:05.806+0000] {processor.py:183} INFO - Processing /opt/airflow/dags/baseball_etl.py took 0.407 seconds
[2026-04-21T04:32:36.126+0000] {processor.py:161} INFO - Started process (PID=3732300) to work on /opt/airflow/dags/baseball_etl.py
[2026-04-21T04:32:36.128+0000] {processor.py:830} INFO - Processing file /opt/airflow/dags/baseball_etl.py for tasks to queue
[2026-04-21T04:32:36.130+0000] {logging_mixin.py:188} INFO - [2026-04-21T04:32:36.130+0000] {dagbag.py:538} INFO - Filling up the DagBag from /opt/airflow/dags/baseball_etl.py
[2026-04-21T04:32:36.453+0000] {processor.py:840} INFO - DAG(s) 'baseball_pipeline_v1' retrieved from /opt/airflow/dags/baseball_etl.py
[2026-04-21T04:32:36.475+0000] {logging_mixin.py:188} INFO - [2026-04-21T04:32:36.475+0000] {dag.py:3036} INFO - Sync 1 DAGs
[2026-04-21T04:32:36.503+0000] {logging_mixin.py:188} INFO - [2026-04-21T04:32:36.503+0000] {dag.py:3823} INFO - Setting next_dagrun for baseball_pipeline_v1 to 2026-04-21 00:00:00+00:00, run_after=2026-04-22 00:00:00+00:00
[2026-04-21T04:32:36.522+0000] {processor.py:183} INFO - Processing /opt/airflow/dags/baseball_etl.py took 0.402 seconds
[2026-04-21T04:33:06.898+0000] {processor.py:161} INFO - Started process (PID=3732357) to work on /opt/airflow/dags/baseball_etl.py
[2026-04-21T04:33:06.900+0000] {processor.py:830} INFO - Processing file /opt/airflow/dags/baseball_etl.py for tasks to queue
[2026-04-21T04:33:06.903+0000] {logging_mixin.py:188} INFO - [2026-04-21T04:33:06.903+0000] {dagbag.py:538} INFO - Filling up the DagBag from /opt/airflow/dags/baseball_etl.py
[2026-04-21T04:33:07.228+0000] {processor.py:840} INFO - DAG(s) 'baseball_pipeline_v1' retrieved from /opt/airflow/dags/baseball_etl.py
[2026-04-21T04:33:07.250+0000] {logging_mixin.py:188} INFO - [2026-04-21T04:33:07.249+0000] {dag.py:3036} INFO - Sync 1 DAGs
[2026-04-21T04:33:07.277+0000] {logging_mixin.py:188} INFO - [2026-04-21T04:33:07.277+0000] {dag.py:3823} INFO - Setting next_dagrun for baseball_pipeline_v1 to 2026-04-21 00:00:00+00:00, run_after=2026-04-22 00:00:00+00:00
[2026-04-21T04:33:07.296+0000] {processor.py:183} INFO - Processing /opt/airflow/dags/baseball_etl.py took 0.403 seconds
[2026-04-21T04:33:38.173+0000] {processor.py:161} INFO - Started process (PID=3732416) to work on /opt/airflow/dags/baseball_etl.py
[2026-04-21T04:33:38.175+0000] {processor.py:830} INFO - Processing file /opt/airflow/dags/baseball_etl.py for tasks to queue
[2026-04-21T04:33:38.177+0000] {logging_mixin.py:188} INFO - [2026-04-21T04:33:38.177+0000] {dagbag.py:538} INFO - Filling up the DagBag from /opt/airflow/dags/baseball_etl.py
[2026-04-21T04:33:38.508+0000] {processor.py:840} INFO - DAG(s) 'baseball_pipeline_v1' retrieved from /opt/airflow/dags/baseball_etl.py
[2026-04-21T04:33:38.529+0000] {logging_mixin.py:188} INFO - [2026-04-21T04:33:38.528+0000] {dag.py:3036} INFO - Sync 1 DAGs
[2026-04-21T04:33:38.556+0000] {logging_mixin.py:188} INFO - [2026-04-21T04:33:38.556+0000] {dag.py:3823} INFO - Setting next_dagrun for baseball_pipeline_v1 to 2026-04-21 00:00:00+00:00, run_after=2026-04-22 00:00:00+00:00
[2026-04-21T04:33:38.576+0000] {processor.py:183} INFO - Processing /opt/airflow/dags/baseball_etl.py took 0.408 seconds
[2026-04-21T04:34:09.374+0000] {processor.py:161} INFO - Started process (PID=3732473) to work on /opt/airflow/dags/baseball_etl.py
[2026-04-21T04:34:09.376+0000] {processor.py:830} INFO - Processing file /opt/airflow/dags/baseball_etl.py for tasks to queue
[2026-04-21T04:34:09.378+0000] {logging_mixin.py:188} INFO - [2026-04-21T04:34:09.378+0000] {dagbag.py:538} INFO - Filling up the DagBag from /opt/airflow/dags/baseball_etl.py
[2026-04-21T04:34:09.705+0000] {processor.py:840} INFO - DAG(s) 'baseball_pipeline_v1' retrieved from /opt/airflow/dags/baseball_etl.py
[2026-04-21T04:34:09.726+0000] {logging_mixin.py:188} INFO - [2026-04-21T04:34:09.726+0000] {dag.py:3036} INFO - Sync 1 DAGs
[2026-04-21T04:34:09.753+0000] {logging_mixin.py:188} INFO - [2026-04-21T04:34:09.753+0000] {dag.py:3823} INFO - Setting next_dagrun for baseball_pipeline_v1 to 2026-04-21 00:00:00+00:00, run_after=2026-04-22 00:00:00+00:00
[2026-04-21T04:34:09.784+0000] {processor.py:183} INFO - Processing /opt/airflow/dags/baseball_etl.py took 0.415 seconds
[2026-04-21T04:34:39.838+0000] {processor.py:161} INFO - Started process (PID=3732532) to work on /opt/airflow/dags/baseball_etl.py
[2026-04-21T04:34:39.840+0000] {processor.py:830} INFO - Processing file /opt/airflow/dags/baseball_etl.py for tasks to queue
[2026-04-21T04:34:39.843+0000] {logging_mixin.py:188} INFO - [2026-04-21T04:34:39.842+0000] {dagbag.py:538} INFO - Filling up the DagBag from /opt/airflow/dags/baseball_etl.py
[2026-04-21T04:34:40.157+0000] {processor.py:840} INFO - DAG(s) 'baseball_pipeline_v1' retrieved from /opt/airflow/dags/baseball_etl.py
[2026-04-21T04:34:40.179+0000] {logging_mixin.py:188} INFO - [2026-04-21T04:34:40.178+0000] {dag.py:3036} INFO - Sync 1 DAGs
[2026-04-21T04:34:40.206+0000] {logging_mixin.py:188} INFO - [2026-04-21T04:34:40.205+0000] {dag.py:3823} INFO - Setting next_dagrun for baseball_pipeline_v1 to 2026-04-21 00:00:00+00:00, run_after=2026-04-22 00:00:00+00:00
[2026-04-21T04:34:40.224+0000] {processor.py:183} INFO - Processing /opt/airflow/dags/baseball_etl.py took 0.391 seconds
[2026-04-21T04:35:10.331+0000] {processor.py:161} INFO - Started process (PID=3732589) to work on /opt/airflow/dags/baseball_etl.py
[2026-04-21T04:35:10.334+0000] {processor.py:830} INFO - Processing file /opt/airflow/dags/baseball_etl.py for tasks to queue
[2026-04-21T04:35:10.336+0000] {logging_mixin.py:188} INFO - [2026-04-21T04:35:10.336+0000] {dagbag.py:538} INFO - Filling up the DagBag from /opt/airflow/dags/baseball_etl.py
[2026-04-21T04:35:10.656+0000] {processor.py:840} INFO - DAG(s) 'baseball_pipeline_v1' retrieved from /opt/airflow/dags/baseball_etl.py
[2026-04-21T04:35:10.677+0000] {logging_mixin.py:188} INFO - [2026-04-21T04:35:10.677+0000] {dag.py:3036} INFO - Sync 1 DAGs
[2026-04-21T04:35:10.704+0000] {logging_mixin.py:188} INFO - [2026-04-21T04:35:10.703+0000] {dag.py:3823} INFO - Setting next_dagrun for baseball_pipeline_v1 to 2026-04-21 00:00:00+00:00, run_after=2026-04-22 00:00:00+00:00
[2026-04-21T04:35:10.721+0000] {processor.py:183} INFO - Processing /opt/airflow/dags/baseball_etl.py took 0.395 seconds
[2026-04-21T04:35:41.514+0000] {processor.py:161} INFO - Started process (PID=3732647) to work on /opt/airflow/dags/baseball_etl.py
[2026-04-21T04:35:41.516+0000] {processor.py:830} INFO - Processing file /opt/airflow/dags/baseball_etl.py for tasks to queue
[2026-04-21T04:35:41.519+0000] {logging_mixin.py:188} INFO - [2026-04-21T04:35:41.518+0000] {dagbag.py:538} INFO - Filling up the DagBag from /opt/airflow/dags/baseball_etl.py
[2026-04-21T04:35:41.853+0000] {processor.py:840} INFO - DAG(s) 'baseball_pipeline_v1' retrieved from /opt/airflow/dags/baseball_etl.py
[2026-04-21T04:35:41.875+0000] {logging_mixin.py:188} INFO - [2026-04-21T04:35:41.875+0000] {dag.py:3036} INFO - Sync 1 DAGs
[2026-04-21T04:35:41.901+0000] {logging_mixin.py:188} INFO - [2026-04-21T04:35:41.901+0000] {dag.py:3823} INFO - Setting next_dagrun for baseball_pipeline_v1 to 2026-04-21 00:00:00+00:00, run_after=2026-04-22 00:00:00+00:00
[2026-04-21T04:35:41.920+0000] {processor.py:183} INFO - Processing /opt/airflow/dags/baseball_etl.py took 0.411 seconds
[2026-04-21T04:36:12.794+0000] {processor.py:161} INFO - Started process (PID=3732705) to work on /opt/airflow/dags/baseball_etl.py
[2026-04-21T04:36:12.796+0000] {processor.py:830} INFO - Processing file /opt/airflow/dags/baseball_etl.py for tasks to queue
[2026-04-21T04:36:12.799+0000] {logging_mixin.py:188} INFO - [2026-04-21T04:36:12.798+0000] {dagbag.py:538} INFO - Filling up the DagBag from /opt/airflow/dags/baseball_etl.py
[2026-04-21T04:36:13.134+0000] {processor.py:840} INFO - DAG(s) 'baseball_pipeline_v1' retrieved from /opt/airflow/dags/baseball_etl.py
[2026-04-21T04:36:13.159+0000] {logging_mixin.py:188} INFO - [2026-04-21T04:36:13.158+0000] {dag.py:3036} INFO - Sync 1 DAGs
[2026-04-21T04:36:13.186+0000] {logging_mixin.py:188} INFO - [2026-04-21T04:36:13.186+0000] {dag.py:3823} INFO - Setting next_dagrun for baseball_pipeline_v1 to 2026-04-21 00:00:00+00:00, run_after=2026-04-22 00:00:00+00:00
[2026-04-21T04:36:13.205+0000] {processor.py:183} INFO - Processing /opt/airflow/dags/baseball_etl.py took 0.416 seconds
[2026-04-21T04:36:44.050+0000] {processor.py:161} INFO - Started process (PID=3732764) to work on /opt/airflow/dags/baseball_etl.py
[2026-04-21T04:36:44.052+0000] {processor.py:830} INFO - Processing file /opt/airflow/dags/baseball_etl.py for tasks to queue
[2026-04-21T04:36:44.054+0000] {logging_mixin.py:188} INFO - [2026-04-21T04:36:44.054+0000] {dagbag.py:538} INFO - Filling up the DagBag from /opt/airflow/dags/baseball_etl.py
[2026-04-21T04:36:44.440+0000] {processor.py:840} INFO - DAG(s) 'baseball_pipeline_v1' retrieved from /opt/airflow/dags/baseball_etl.py
[2026-04-21T04:36:44.462+0000] {logging_mixin.py:188} INFO - [2026-04-21T04:36:44.461+0000] {dag.py:3036} INFO - Sync 1 DAGs
[2026-04-21T04:36:44.488+0000] {logging_mixin.py:188} INFO - [2026-04-21T04:36:44.488+0000] {dag.py:3823} INFO - Setting next_dagrun for baseball_pipeline_v1 to 2026-04-21 00:00:00+00:00, run_after=2026-04-22 00:00:00+00:00
[2026-04-21T04:36:44.507+0000] {processor.py:183} INFO - Processing /opt/airflow/dags/baseball_etl.py took 0.462 seconds
[2026-04-21T04:37:14.762+0000] {processor.py:161} INFO - Started process (PID=3732821) to work on /opt/airflow/dags/baseball_etl.py
[2026-04-21T04:37:14.765+0000] {processor.py:830} INFO - Processing file /opt/airflow/dags/baseball_etl.py for tasks to queue
[2026-04-21T04:37:14.767+0000] {logging_mixin.py:188} INFO - [2026-04-21T04:37:14.767+0000] {dagbag.py:538} INFO - Filling up the DagBag from /opt/airflow/dags/baseball_etl.py
[2026-04-21T04:37:15.152+0000] {processor.py:840} INFO - DAG(s) 'baseball_pipeline_v1' retrieved from /opt/airflow/dags/baseball_etl.py
[2026-04-21T04:37:15.174+0000] {logging_mixin.py:188} INFO - [2026-04-21T04:37:15.173+0000] {dag.py:3036} INFO - Sync 1 DAGs
[2026-04-21T04:37:15.202+0000] {logging_mixin.py:188} INFO - [2026-04-21T04:37:15.202+0000] {dag.py:3823} INFO - Setting next_dagrun for baseball_pipeline_v1 to 2026-04-21 00:00:00+00:00, run_after=2026-04-22 00:00:00+00:00
[2026-04-21T04:37:15.221+0000] {processor.py:183} INFO - Processing /opt/airflow/dags/baseball_etl.py took 0.463 seconds
[2026-04-21T04:37:45.652+0000] {processor.py:161} INFO - Started process (PID=3732878) to work on /opt/airflow/dags/baseball_etl.py
[2026-04-21T04:37:45.654+0000] {processor.py:830} INFO - Processing file /opt/airflow/dags/baseball_etl.py for tasks to queue
[2026-04-21T04:37:45.656+0000] {logging_mixin.py:188} INFO - [2026-04-21T04:37:45.656+0000] {dagbag.py:538} INFO - Filling up the DagBag from /opt/airflow/dags/baseball_etl.py
[2026-04-21T04:37:45.985+0000] {processor.py:840} INFO - DAG(s) 'baseball_pipeline_v1' retrieved from /opt/airflow/dags/baseball_etl.py
[2026-04-21T04:37:46.009+0000] {logging_mixin.py:188} INFO - [2026-04-21T04:37:46.009+0000] {dag.py:3036} INFO - Sync 1 DAGs
[2026-04-21T04:37:46.037+0000] {logging_mixin.py:188} INFO - [2026-04-21T04:37:46.037+0000] {dag.py:3823} INFO - Setting next_dagrun for baseball_pipeline_v1 to 2026-04-21 00:00:00+00:00, run_after=2026-04-22 00:00:00+00:00
[2026-04-21T04:37:46.067+0000] {processor.py:183} INFO - Processing /opt/airflow/dags/baseball_etl.py took 0.421 seconds
[2026-04-21T04:38:16.137+0000] {processor.py:161} INFO - Started process (PID=3732938) to work on /opt/airflow/dags/baseball_etl.py
[2026-04-21T04:38:16.139+0000] {processor.py:830} INFO - Processing file /opt/airflow/dags/baseball_etl.py for tasks to queue
[2026-04-21T04:38:16.141+0000] {logging_mixin.py:188} INFO - [2026-04-21T04:38:16.141+0000] {dagbag.py:538} INFO - Filling up the DagBag from /opt/airflow/dags/baseball_etl.py
[2026-04-21T04:38:16.460+0000] {processor.py:840} INFO - DAG(s) 'baseball_pipeline_v1' retrieved from /opt/airflow/dags/baseball_etl.py
[2026-04-21T04:38:16.482+0000] {logging_mixin.py:188} INFO - [2026-04-21T04:38:16.482+0000] {dag.py:3036} INFO - Sync 1 DAGs
[2026-04-21T04:38:16.508+0000] {logging_mixin.py:188} INFO - [2026-04-21T04:38:16.508+0000] {dag.py:3823} INFO - Setting next_dagrun for baseball_pipeline_v1 to 2026-04-21 00:00:00+00:00, run_after=2026-04-22 00:00:00+00:00
[2026-04-21T04:38:16.527+0000] {processor.py:183} INFO - Processing /opt/airflow/dags/baseball_etl.py took 0.395 seconds
[2026-04-21T04:38:46.735+0000] {processor.py:161} INFO - Started process (PID=3732992) to work on /opt/airflow/dags/baseball_etl.py
[2026-04-21T04:38:46.737+0000] {processor.py:830} INFO - Processing file /opt/airflow/dags/baseball_etl.py for tasks to queue
[2026-04-21T04:38:46.740+0000] {logging_mixin.py:188} INFO - [2026-04-21T04:38:46.739+0000] {dagbag.py:538} INFO - Filling up the DagBag from /opt/airflow/dags/baseball_etl.py
[2026-04-21T04:38:47.068+0000] {processor.py:840} INFO - DAG(s) 'baseball_pipeline_v1' retrieved from /opt/airflow/dags/baseball_etl.py
[2026-04-21T04:38:47.089+0000] {logging_mixin.py:188} INFO - [2026-04-21T04:38:47.089+0000] {dag.py:3036} INFO - Sync 1 DAGs
[2026-04-21T04:38:47.118+0000] {logging_mixin.py:188} INFO - [2026-04-21T04:38:47.117+0000] {dag.py:3823} INFO - Setting next_dagrun for baseball_pipeline_v1 to 2026-04-21 00:00:00+00:00, run_after=2026-04-22 00:00:00+00:00
[2026-04-21T04:38:47.138+0000] {processor.py:183} INFO - Processing /opt/airflow/dags/baseball_etl.py took 0.408 seconds
[2026-04-21T04:39:17.186+0000] {processor.py:161} INFO - Started process (PID=3733051) to work on /opt/airflow/dags/baseball_etl.py
[2026-04-21T04:39:17.188+0000] {processor.py:830} INFO - Processing file /opt/airflow/dags/baseball_etl.py for tasks to queue
[2026-04-21T04:39:17.190+0000] {logging_mixin.py:188} INFO - [2026-04-21T04:39:17.190+0000] {dagbag.py:538} INFO - Filling up the DagBag from /opt/airflow/dags/baseball_etl.py
[2026-04-21T04:39:17.511+0000] {processor.py:840} INFO - DAG(s) 'baseball_pipeline_v1' retrieved from /opt/airflow/dags/baseball_etl.py
[2026-04-21T04:39:17.534+0000] {logging_mixin.py:188} INFO - [2026-04-21T04:39:17.533+0000] {dag.py:3036} INFO - Sync 1 DAGs
[2026-04-21T04:39:17.561+0000] {logging_mixin.py:188} INFO - [2026-04-21T04:39:17.560+0000] {dag.py:3823} INFO - Setting next_dagrun for baseball_pipeline_v1 to 2026-04-21 00:00:00+00:00, run_after=2026-04-22 00:00:00+00:00
[2026-04-21T04:39:17.579+0000] {processor.py:183} INFO - Processing /opt/airflow/dags/baseball_etl.py took 0.397 seconds
[2026-04-21T04:39:48.481+0000] {processor.py:161} INFO - Started process (PID=3733110) to work on /opt/airflow/dags/baseball_etl.py
[2026-04-21T04:39:48.483+0000] {processor.py:830} INFO - Processing file /opt/airflow/dags/baseball_etl.py for tasks to queue
[2026-04-21T04:39:48.486+0000] {logging_mixin.py:188} INFO - [2026-04-21T04:39:48.485+0000] {dagbag.py:538} INFO - Filling up the DagBag from /opt/airflow/dags/baseball_etl.py
[2026-04-21T04:39:48.813+0000] {processor.py:840} INFO - DAG(s) 'baseball_pipeline_v1' retrieved from /opt/airflow/dags/baseball_etl.py
[2026-04-21T04:39:48.836+0000] {logging_mixin.py:188} INFO - [2026-04-21T04:39:48.835+0000] {dag.py:3036} INFO - Sync 1 DAGs
[2026-04-21T04:39:48.865+0000] {logging_mixin.py:188} INFO - [2026-04-21T04:39:48.864+0000] {dag.py:3823} INFO - Setting next_dagrun for baseball_pipeline_v1 to 2026-04-21 00:00:00+00:00, run_after=2026-04-22 00:00:00+00:00
[2026-04-21T04:39:48.883+0000] {processor.py:183} INFO - Processing /opt/airflow/dags/baseball_etl.py took 0.407 seconds
[2026-04-21T04:40:19.787+0000] {processor.py:161} INFO - Started process (PID=3733168) to work on /opt/airflow/dags/baseball_etl.py
[2026-04-21T04:40:19.789+0000] {processor.py:830} INFO - Processing file /opt/airflow/dags/baseball_etl.py for tasks to queue
[2026-04-21T04:40:19.791+0000] {logging_mixin.py:188} INFO - [2026-04-21T04:40:19.791+0000] {dagbag.py:538} INFO - Filling up the DagBag from /opt/airflow/dags/baseball_etl.py
[2026-04-21T04:40:20.114+0000] {processor.py:840} INFO - DAG(s) 'baseball_pipeline_v1' retrieved from /opt/airflow/dags/baseball_etl.py
[2026-04-21T04:40:20.136+0000] {logging_mixin.py:188} INFO - [2026-04-21T04:40:20.135+0000] {dag.py:3036} INFO - Sync 1 DAGs
[2026-04-21T04:40:20.162+0000] {logging_mixin.py:188} INFO - [2026-04-21T04:40:20.162+0000] {dag.py:3823} INFO - Setting next_dagrun for baseball_pipeline_v1 to 2026-04-21 00:00:00+00:00, run_after=2026-04-22 00:00:00+00:00
[2026-04-21T04:40:20.180+0000] {processor.py:183} INFO - Processing /opt/airflow/dags/baseball_etl.py took 0.398 seconds
[2026-04-21T04:40:50.245+0000] {processor.py:161} INFO - Started process (PID=3733226) to work on /opt/airflow/dags/baseball_etl.py
[2026-04-21T04:40:50.247+0000] {processor.py:830} INFO - Processing file /opt/airflow/dags/baseball_etl.py for tasks to queue
[2026-04-21T04:40:50.249+0000] {logging_mixin.py:188} INFO - [2026-04-21T04:40:50.249+0000] {dagbag.py:538} INFO - Filling up the DagBag from /opt/airflow/dags/baseball_etl.py
[2026-04-21T04:40:50.569+0000] {processor.py:840} INFO - DAG(s) 'baseball_pipeline_v1' retrieved from /opt/airflow/dags/baseball_etl.py
[2026-04-21T04:40:50.591+0000] {logging_mixin.py:188} INFO - [2026-04-21T04:40:50.590+0000] {dag.py:3036} INFO - Sync 1 DAGs
[2026-04-21T04:40:50.617+0000] {logging_mixin.py:188} INFO - [2026-04-21T04:40:50.617+0000] {dag.py:3823} INFO - Setting next_dagrun for baseball_pipeline_v1 to 2026-04-21 00:00:00+00:00, run_after=2026-04-22 00:00:00+00:00
[2026-04-21T04:40:50.637+0000] {processor.py:183} INFO - Processing /opt/airflow/dags/baseball_etl.py took 0.397 seconds
[2026-04-21T04:41:20.782+0000] {processor.py:161} INFO - Started process (PID=3733282) to work on /opt/airflow/dags/baseball_etl.py
[2026-04-21T04:41:20.784+0000] {processor.py:830} INFO - Processing file /opt/airflow/dags/baseball_etl.py for tasks to queue
[2026-04-21T04:41:20.787+0000] {logging_mixin.py:188} INFO - [2026-04-21T04:41:20.786+0000] {dagbag.py:538} INFO - Filling up the DagBag from /opt/airflow/dags/baseball_etl.py
[2026-04-21T04:41:21.109+0000] {processor.py:840} INFO - DAG(s) 'baseball_pipeline_v1' retrieved from /opt/airflow/dags/baseball_etl.py
[2026-04-21T04:41:21.130+0000] {logging_mixin.py:188} INFO - [2026-04-21T04:41:21.130+0000] {dag.py:3036} INFO - Sync 1 DAGs
[2026-04-21T04:41:21.156+0000] {logging_mixin.py:188} INFO - [2026-04-21T04:41:21.156+0000] {dag.py:3823} INFO - Setting next_dagrun for baseball_pipeline_v1 to 2026-04-21 00:00:00+00:00, run_after=2026-04-22 00:00:00+00:00
[2026-04-21T04:41:21.175+0000] {processor.py:183} INFO - Processing /opt/airflow/dags/baseball_etl.py took 0.398 seconds
[2026-04-21T04:41:51.551+0000] {processor.py:161} INFO - Started process (PID=3733339) to work on /opt/airflow/dags/baseball_etl.py
[2026-04-21T04:41:51.553+0000] {processor.py:830} INFO - Processing file /opt/airflow/dags/baseball_etl.py for tasks to queue
[2026-04-21T04:41:51.556+0000] {logging_mixin.py:188} INFO - [2026-04-21T04:41:51.555+0000] {dagbag.py:538} INFO - Filling up the DagBag from /opt/airflow/dags/baseball_etl.py
[2026-04-21T04:41:51.882+0000] {processor.py:840} INFO - DAG(s) 'baseball_pipeline_v1' retrieved from /opt/airflow/dags/baseball_etl.py
[2026-04-21T04:41:51.904+0000] {logging_mixin.py:188} INFO - [2026-04-21T04:41:51.903+0000] {dag.py:3036} INFO - Sync 1 DAGs
[2026-04-21T04:41:51.930+0000] {logging_mixin.py:188} INFO - [2026-04-21T04:41:51.929+0000] {dag.py:3823} INFO - Setting next_dagrun for baseball_pipeline_v1 to 2026-04-21 00:00:00+00:00, run_after=2026-04-22 00:00:00+00:00
[2026-04-21T04:41:51.948+0000] {processor.py:183} INFO - Processing /opt/airflow/dags/baseball_etl.py took 0.401 seconds
[2026-04-21T04:42:22.328+0000] {processor.py:161} INFO - Started process (PID=3733396) to work on /opt/airflow/dags/baseball_etl.py
[2026-04-21T04:42:22.330+0000] {processor.py:830} INFO - Processing file /opt/airflow/dags/baseball_etl.py for tasks to queue
[2026-04-21T04:42:22.333+0000] {logging_mixin.py:188} INFO - [2026-04-21T04:42:22.332+0000] {dagbag.py:538} INFO - Filling up the DagBag from /opt/airflow/dags/baseball_etl.py
[2026-04-21T04:42:22.657+0000] {processor.py:840} INFO - DAG(s) 'baseball_pipeline_v1' retrieved from /opt/airflow/dags/baseball_etl.py
[2026-04-21T04:42:22.679+0000] {logging_mixin.py:188} INFO - [2026-04-21T04:42:22.678+0000] {dag.py:3036} INFO - Sync 1 DAGs
[2026-04-21T04:42:22.705+0000] {logging_mixin.py:188} INFO - [2026-04-21T04:42:22.705+0000] {dag.py:3823} INFO - Setting next_dagrun for baseball_pipeline_v1 to 2026-04-21 00:00:00+00:00, run_after=2026-04-22 00:00:00+00:00
[2026-04-21T04:42:22.723+0000] {processor.py:183} INFO - Processing /opt/airflow/dags/baseball_etl.py took 0.400 seconds
[2026-04-21T04:42:52.822+0000] {processor.py:161} INFO - Started process (PID=3733455) to work on /opt/airflow/dags/baseball_etl.py
[2026-04-21T04:42:52.824+0000] {processor.py:830} INFO - Processing file /opt/airflow/dags/baseball_etl.py for tasks to queue
[2026-04-21T04:42:52.826+0000] {logging_mixin.py:188} INFO - [2026-04-21T04:42:52.825+0000] {dagbag.py:538} INFO - Filling up the DagBag from /opt/airflow/dags/baseball_etl.py
[2026-04-21T04:42:53.148+0000] {processor.py:840} INFO - DAG(s) 'baseball_pipeline_v1' retrieved from /opt/airflow/dags/baseball_etl.py
[2026-04-21T04:42:53.172+0000] {logging_mixin.py:188} INFO - [2026-04-21T04:42:53.172+0000] {dag.py:3036} INFO - Sync 1 DAGs
[2026-04-21T04:42:53.200+0000] {logging_mixin.py:188} INFO - [2026-04-21T04:42:53.200+0000] {dag.py:3823} INFO - Setting next_dagrun for baseball_pipeline_v1 to 2026-04-21 00:00:00+00:00, run_after=2026-04-22 00:00:00+00:00
[2026-04-21T04:42:53.219+0000] {processor.py:183} INFO - Processing /opt/airflow/dags/baseball_etl.py took 0.402 seconds
[2026-04-21T04:43:23.896+0000] {processor.py:161} INFO - Started process (PID=3733512) to work on /opt/airflow/dags/baseball_etl.py
[2026-04-21T04:43:23.899+0000] {processor.py:830} INFO - Processing file /opt/airflow/dags/baseball_etl.py for tasks to queue
[2026-04-21T04:43:23.901+0000] {logging_mixin.py:188} INFO - [2026-04-21T04:43:23.901+0000] {dagbag.py:538} INFO - Filling up the DagBag from /opt/airflow/dags/baseball_etl.py
[2026-04-21T04:43:24.230+0000] {processor.py:840} INFO - DAG(s) 'baseball_pipeline_v1' retrieved from /opt/airflow/dags/baseball_etl.py
[2026-04-21T04:43:24.251+0000] {logging_mixin.py:188} INFO - [2026-04-21T04:43:24.251+0000] {dag.py:3036} INFO - Sync 1 DAGs
[2026-04-21T04:43:24.277+0000] {logging_mixin.py:188} INFO - [2026-04-21T04:43:24.276+0000] {dag.py:3823} INFO - Setting next_dagrun for baseball_pipeline_v1 to 2026-04-21 00:00:00+00:00, run_after=2026-04-22 00:00:00+00:00
[2026-04-21T04:43:24.294+0000] {processor.py:183} INFO - Processing /opt/airflow/dags/baseball_etl.py took 0.403 seconds
[2026-04-21T04:43:54.340+0000] {processor.py:161} INFO - Started process (PID=3733571) to work on /opt/airflow/dags/baseball_etl.py
[2026-04-21T04:43:54.342+0000] {processor.py:830} INFO - Processing file /opt/airflow/dags/baseball_etl.py for tasks to queue
[2026-04-21T04:43:54.344+0000] {logging_mixin.py:188} INFO - [2026-04-21T04:43:54.343+0000] {dagbag.py:538} INFO - Filling up the DagBag from /opt/airflow/dags/baseball_etl.py
[2026-04-21T04:43:54.659+0000] {processor.py:840} INFO - DAG(s) 'baseball_pipeline_v1' retrieved from /opt/airflow/dags/baseball_etl.py
[2026-04-21T04:43:54.682+0000] {logging_mixin.py:188} INFO - [2026-04-21T04:43:54.681+0000] {dag.py:3036} INFO - Sync 1 DAGs
[2026-04-21T04:43:54.707+0000] {logging_mixin.py:188} INFO - [2026-04-21T04:43:54.707+0000] {dag.py:3823} INFO - Setting next_dagrun for baseball_pipeline_v1 to 2026-04-21 00:00:00+00:00, run_after=2026-04-22 00:00:00+00:00
[2026-04-21T04:43:54.725+0000] {processor.py:183} INFO - Processing /opt/airflow/dags/baseball_etl.py took 0.390 seconds
[2026-04-21T04:44:25.604+0000] {processor.py:161} INFO - Started process (PID=3733628) to work on /opt/airflow/dags/baseball_etl.py
[2026-04-21T04:44:25.606+0000] {processor.py:830} INFO - Processing file /opt/airflow/dags/baseball_etl.py for tasks to queue
[2026-04-21T04:44:25.608+0000] {logging_mixin.py:188} INFO - [2026-04-21T04:44:25.608+0000] {dagbag.py:538} INFO - Filling up the DagBag from /opt/airflow/dags/baseball_etl.py
[2026-04-21T04:44:25.939+0000] {processor.py:840} INFO - DAG(s) 'baseball_pipeline_v1' retrieved from /opt/airflow/dags/baseball_etl.py
[2026-04-21T04:44:25.961+0000] {logging_mixin.py:188} INFO - [2026-04-21T04:44:25.960+0000] {dag.py:3036} INFO - Sync 1 DAGs
[2026-04-21T04:44:25.988+0000] {logging_mixin.py:188} INFO - [2026-04-21T04:44:25.988+0000] {dag.py:3823} INFO - Setting next_dagrun for baseball_pipeline_v1 to 2026-04-21 00:00:00+00:00, run_after=2026-04-22 00:00:00+00:00
[2026-04-21T04:44:26.006+0000] {processor.py:183} INFO - Processing /opt/airflow/dags/baseball_etl.py took 0.407 seconds
[2026-04-21T04:44:56.078+0000] {processor.py:161} INFO - Started process (PID=3733685) to work on /opt/airflow/dags/baseball_etl.py
[2026-04-21T04:44:56.080+0000] {processor.py:830} INFO - Processing file /opt/airflow/dags/baseball_etl.py for tasks to queue
[2026-04-21T04:44:56.083+0000] {logging_mixin.py:188} INFO - [2026-04-21T04:44:56.082+0000] {dagbag.py:538} INFO - Filling up the DagBag from /opt/airflow/dags/baseball_etl.py
[2026-04-21T04:44:56.402+0000] {processor.py:840} INFO - DAG(s) 'baseball_pipeline_v1' retrieved from /opt/airflow/dags/baseball_etl.py
[2026-04-21T04:44:56.425+0000] {logging_mixin.py:188} INFO - [2026-04-21T04:44:56.424+0000] {dag.py:3036} INFO - Sync 1 DAGs
[2026-04-21T04:44:56.456+0000] {logging_mixin.py:188} INFO - [2026-04-21T04:44:56.456+0000] {dag.py:3823} INFO - Setting next_dagrun for baseball_pipeline_v1 to 2026-04-21 00:00:00+00:00, run_after=2026-04-22 00:00:00+00:00
[2026-04-21T04:44:56.475+0000] {processor.py:183} INFO - Processing /opt/airflow/dags/baseball_etl.py took 0.401 seconds
[2026-04-21T04:45:26.576+0000] {processor.py:161} INFO - Started process (PID=3733742) to work on /opt/airflow/dags/baseball_etl.py
[2026-04-21T04:45:26.577+0000] {processor.py:830} INFO - Processing file /opt/airflow/dags/baseball_etl.py for tasks to queue
[2026-04-21T04:45:26.580+0000] {logging_mixin.py:188} INFO - [2026-04-21T04:45:26.579+0000] {dagbag.py:538} INFO - Filling up the DagBag from /opt/airflow/dags/baseball_etl.py
[2026-04-21T04:45:26.896+0000] {processor.py:840} INFO - DAG(s) 'baseball_pipeline_v1' retrieved from /opt/airflow/dags/baseball_etl.py
[2026-04-21T04:45:26.918+0000] {logging_mixin.py:188} INFO - [2026-04-21T04:45:26.917+0000] {dag.py:3036} INFO - Sync 1 DAGs
[2026-04-21T04:45:26.945+0000] {logging_mixin.py:188} INFO - [2026-04-21T04:45:26.945+0000] {dag.py:3823} INFO - Setting next_dagrun for baseball_pipeline_v1 to 2026-04-21 00:00:00+00:00, run_after=2026-04-22 00:00:00+00:00
[2026-04-21T04:45:26.964+0000] {processor.py:183} INFO - Processing /opt/airflow/dags/baseball_etl.py took 0.393 seconds
[2026-04-21T04:45:57.050+0000] {processor.py:161} INFO - Started process (PID=3733801) to work on /opt/airflow/dags/baseball_etl.py
[2026-04-21T04:45:57.052+0000] {processor.py:830} INFO - Processing file /opt/airflow/dags/baseball_etl.py for tasks to queue
[2026-04-21T04:45:57.054+0000] {logging_mixin.py:188} INFO - [2026-04-21T04:45:57.054+0000] {dagbag.py:538} INFO - Filling up the DagBag from /opt/airflow/dags/baseball_etl.py
[2026-04-21T04:45:57.378+0000] {processor.py:840} INFO - DAG(s) 'baseball_pipeline_v1' retrieved from /opt/airflow/dags/baseball_etl.py
[2026-04-21T04:45:57.400+0000] {logging_mixin.py:188} INFO - [2026-04-21T04:45:57.399+0000] {dag.py:3036} INFO - Sync 1 DAGs
[2026-04-21T04:45:57.427+0000] {logging_mixin.py:188} INFO - [2026-04-21T04:45:57.427+0000] {dag.py:3823} INFO - Setting next_dagrun for baseball_pipeline_v1 to 2026-04-21 00:00:00+00:00, run_after=2026-04-22 00:00:00+00:00
[2026-04-21T04:45:57.445+0000] {processor.py:183} INFO - Processing /opt/airflow/dags/baseball_etl.py took 0.399 seconds
[2026-04-21T04:46:27.489+0000] {processor.py:161} INFO - Started process (PID=3733858) to work on /opt/airflow/dags/baseball_etl.py
[2026-04-21T04:46:27.490+0000] {processor.py:830} INFO - Processing file /opt/airflow/dags/baseball_etl.py for tasks to queue
[2026-04-21T04:46:27.493+0000] {logging_mixin.py:188} INFO - [2026-04-21T04:46:27.493+0000] {dagbag.py:538} INFO - Filling up the DagBag from /opt/airflow/dags/baseball_etl.py
[2026-04-21T04:46:27.824+0000] {processor.py:840} INFO - DAG(s) 'baseball_pipeline_v1' retrieved from /opt/airflow/dags/baseball_etl.py
[2026-04-21T04:46:27.846+0000] {logging_mixin.py:188} INFO - [2026-04-21T04:46:27.845+0000] {dag.py:3036} INFO - Sync 1 DAGs
[2026-04-21T04:46:27.872+0000] {logging_mixin.py:188} INFO - [2026-04-21T04:46:27.872+0000] {dag.py:3823} INFO - Setting next_dagrun for baseball_pipeline_v1 to 2026-04-21 00:00:00+00:00, run_after=2026-04-22 00:00:00+00:00
[2026-04-21T04:46:27.890+0000] {processor.py:183} INFO - Processing /opt/airflow/dags/baseball_etl.py took 0.408 seconds
[2026-04-21T04:46:58.711+0000] {processor.py:161} INFO - Started process (PID=3733915) to work on /opt/airflow/dags/baseball_etl.py
[2026-04-21T04:46:58.713+0000] {processor.py:830} INFO - Processing file /opt/airflow/dags/baseball_etl.py for tasks to queue
[2026-04-21T04:46:58.716+0000] {logging_mixin.py:188} INFO - [2026-04-21T04:46:58.715+0000] {dagbag.py:538} INFO - Filling up the DagBag from /opt/airflow/dags/baseball_etl.py
[2026-04-21T04:46:59.050+0000] {processor.py:840} INFO - DAG(s) 'baseball_pipeline_v1' retrieved from /opt/airflow/dags/baseball_etl.py
[2026-04-21T04:46:59.071+0000] {logging_mixin.py:188} INFO - [2026-04-21T04:46:59.071+0000] {dag.py:3036} INFO - Sync 1 DAGs
[2026-04-21T04:46:59.098+0000] {logging_mixin.py:188} INFO - [2026-04-21T04:46:59.098+0000] {dag.py:3823} INFO - Setting next_dagrun for baseball_pipeline_v1 to 2026-04-21 00:00:00+00:00, run_after=2026-04-22 00:00:00+00:00
[2026-04-21T04:46:59.118+0000] {processor.py:183} INFO - Processing /opt/airflow/dags/baseball_etl.py took 0.413 seconds
[2026-04-21T04:47:30.051+0000] {processor.py:161} INFO - Started process (PID=3733973) to work on /opt/airflow/dags/baseball_etl.py
[2026-04-21T04:47:30.053+0000] {processor.py:830} INFO - Processing file /opt/airflow/dags/baseball_etl.py for tasks to queue
[2026-04-21T04:47:30.055+0000] {logging_mixin.py:188} INFO - [2026-04-21T04:47:30.055+0000] {dagbag.py:538} INFO - Filling up the DagBag from /opt/airflow/dags/baseball_etl.py
[2026-04-21T04:47:30.376+0000] {processor.py:840} INFO - DAG(s) 'baseball_pipeline_v1' retrieved from /opt/airflow/dags/baseball_etl.py
[2026-04-21T04:47:30.397+0000] {logging_mixin.py:188} INFO - [2026-04-21T04:47:30.397+0000] {dag.py:3036} INFO - Sync 1 DAGs
[2026-04-21T04:47:30.423+0000] {logging_mixin.py:188} INFO - [2026-04-21T04:47:30.423+0000] {dag.py:3823} INFO - Setting next_dagrun for baseball_pipeline_v1 to 2026-04-21 00:00:00+00:00, run_after=2026-04-22 00:00:00+00:00
[2026-04-21T04:47:30.441+0000] {processor.py:183} INFO - Processing /opt/airflow/dags/baseball_etl.py took 0.395 seconds
[2026-04-21T04:48:01.214+0000] {processor.py:161} INFO - Started process (PID=3734036) to work on /opt/airflow/dags/baseball_etl.py
[2026-04-21T04:48:01.216+0000] {processor.py:830} INFO - Processing file /opt/airflow/dags/baseball_etl.py for tasks to queue
[2026-04-21T04:48:01.219+0000] {logging_mixin.py:188} INFO - [2026-04-21T04:48:01.218+0000] {dagbag.py:538} INFO - Filling up the DagBag from /opt/airflow/dags/baseball_etl.py
[2026-04-21T04:48:01.552+0000] {processor.py:840} INFO - DAG(s) 'baseball_pipeline_v1' retrieved from /opt/airflow/dags/baseball_etl.py
[2026-04-21T04:48:01.577+0000] {logging_mixin.py:188} INFO - [2026-04-21T04:48:01.576+0000] {dag.py:3036} INFO - Sync 1 DAGs
[2026-04-21T04:48:01.605+0000] {logging_mixin.py:188} INFO - [2026-04-21T04:48:01.605+0000] {dag.py:3823} INFO - Setting next_dagrun for baseball_pipeline_v1 to 2026-04-21 00:00:00+00:00, run_after=2026-04-22 00:00:00+00:00
[2026-04-21T04:48:01.624+0000] {processor.py:183} INFO - Processing /opt/airflow/dags/baseball_etl.py took 0.414 seconds
[2026-04-21T04:48:32.360+0000] {processor.py:161} INFO - Started process (PID=3734093) to work on /opt/airflow/dags/baseball_etl.py
[2026-04-21T04:48:32.362+0000] {processor.py:830} INFO - Processing file /opt/airflow/dags/baseball_etl.py for tasks to queue
[2026-04-21T04:48:32.364+0000] {logging_mixin.py:188} INFO - [2026-04-21T04:48:32.364+0000] {dagbag.py:538} INFO - Filling up the DagBag from /opt/airflow/dags/baseball_etl.py
[2026-04-21T04:48:32.687+0000] {processor.py:840} INFO - DAG(s) 'baseball_pipeline_v1' retrieved from /opt/airflow/dags/baseball_etl.py
[2026-04-21T04:48:32.711+0000] {logging_mixin.py:188} INFO - [2026-04-21T04:48:32.711+0000] {dag.py:3036} INFO - Sync 1 DAGs
[2026-04-21T04:48:32.738+0000] {logging_mixin.py:188} INFO - [2026-04-21T04:48:32.737+0000] {dag.py:3823} INFO - Setting next_dagrun for baseball_pipeline_v1 to 2026-04-21 00:00:00+00:00, run_after=2026-04-22 00:00:00+00:00
[2026-04-21T04:48:32.755+0000] {processor.py:183} INFO - Processing /opt/airflow/dags/baseball_etl.py took 0.400 seconds
[2026-04-21T04:49:03.141+0000] {processor.py:161} INFO - Started process (PID=3734151) to work on /opt/airflow/dags/baseball_etl.py
[2026-04-21T04:49:03.142+0000] {processor.py:830} INFO - Processing file /opt/airflow/dags/baseball_etl.py for tasks to queue
[2026-04-21T04:49:03.144+0000] {logging_mixin.py:188} INFO - [2026-04-21T04:49:03.144+0000] {dagbag.py:538} INFO - Filling up the DagBag from /opt/airflow/dags/baseball_etl.py
[2026-04-21T04:49:03.464+0000] {processor.py:840} INFO - DAG(s) 'baseball_pipeline_v1' retrieved from /opt/airflow/dags/baseball_etl.py
[2026-04-21T04:49:03.487+0000] {logging_mixin.py:188} INFO - [2026-04-21T04:49:03.486+0000] {dag.py:3036} INFO - Sync 1 DAGs
[2026-04-21T04:49:03.513+0000] {logging_mixin.py:188} INFO - [2026-04-21T04:49:03.513+0000] {dag.py:3823} INFO - Setting next_dagrun for baseball_pipeline_v1 to 2026-04-21 00:00:00+00:00, run_after=2026-04-22 00:00:00+00:00
[2026-04-21T04:49:03.531+0000] {processor.py:183} INFO - Processing /opt/airflow/dags/baseball_etl.py took 0.395 seconds
[2026-04-21T04:49:34.531+0000] {processor.py:161} INFO - Started process (PID=3734208) to work on /opt/airflow/dags/baseball_etl.py
[2026-04-21T04:49:34.533+0000] {processor.py:830} INFO - Processing file /opt/airflow/dags/baseball_etl.py for tasks to queue
[2026-04-21T04:49:34.535+0000] {logging_mixin.py:188} INFO - [2026-04-21T04:49:34.535+0000] {dagbag.py:538} INFO - Filling up the DagBag from /opt/airflow/dags/baseball_etl.py
[2026-04-21T04:49:34.860+0000] {processor.py:840} INFO - DAG(s) 'baseball_pipeline_v1' retrieved from /opt/airflow/dags/baseball_etl.py
[2026-04-21T04:49:34.882+0000] {logging_mixin.py:188} INFO - [2026-04-21T04:49:34.881+0000] {dag.py:3036} INFO - Sync 1 DAGs
[2026-04-21T04:49:34.907+0000] {logging_mixin.py:188} INFO - [2026-04-21T04:49:34.907+0000] {dag.py:3823} INFO - Setting next_dagrun for baseball_pipeline_v1 to 2026-04-21 00:00:00+00:00, run_after=2026-04-22 00:00:00+00:00
[2026-04-21T04:49:34.925+0000] {processor.py:183} INFO - Processing /opt/airflow/dags/baseball_etl.py took 0.399 seconds
[2026-04-21T04:50:05.801+0000] {processor.py:161} INFO - Started process (PID=3734265) to work on /opt/airflow/dags/baseball_etl.py
[2026-04-21T04:50:05.802+0000] {processor.py:830} INFO - Processing file /opt/airflow/dags/baseball_etl.py for tasks to queue
[2026-04-21T04:50:05.804+0000] {logging_mixin.py:188} INFO - [2026-04-21T04:50:05.804+0000] {dagbag.py:538} INFO - Filling up the DagBag from /opt/airflow/dags/baseball_etl.py
[2026-04-21T04:50:06.123+0000] {processor.py:840} INFO - DAG(s) 'baseball_pipeline_v1' retrieved from /opt/airflow/dags/baseball_etl.py
[2026-04-21T04:50:06.145+0000] {logging_mixin.py:188} INFO - [2026-04-21T04:50:06.144+0000] {dag.py:3036} INFO - Sync 1 DAGs
[2026-04-21T04:50:06.171+0000] {logging_mixin.py:188} INFO - [2026-04-21T04:50:06.170+0000] {dag.py:3823} INFO - Setting next_dagrun for baseball_pipeline_v1 to 2026-04-21 00:00:00+00:00, run_after=2026-04-22 00:00:00+00:00
[2026-04-21T04:50:06.190+0000] {processor.py:183} INFO - Processing /opt/airflow/dags/baseball_etl.py took 0.394 seconds
[2026-04-21T04:50:36.979+0000] {processor.py:161} INFO - Started process (PID=3734323) to work on /opt/airflow/dags/baseball_etl.py
[2026-04-21T04:50:36.982+0000] {processor.py:830} INFO - Processing file /opt/airflow/dags/baseball_etl.py for tasks to queue
[2026-04-21T04:50:36.984+0000] {logging_mixin.py:188} INFO - [2026-04-21T04:50:36.984+0000] {dagbag.py:538} INFO - Filling up the DagBag from /opt/airflow/dags/baseball_etl.py
[2026-04-21T04:50:37.326+0000] {processor.py:840} INFO - DAG(s) 'baseball_pipeline_v1' retrieved from /opt/airflow/dags/baseball_etl.py
[2026-04-21T04:50:37.348+0000] {logging_mixin.py:188} INFO - [2026-04-21T04:50:37.348+0000] {dag.py:3036} INFO - Sync 1 DAGs
[2026-04-21T04:50:37.376+0000] {logging_mixin.py:188} INFO - [2026-04-21T04:50:37.376+0000] {dag.py:3823} INFO - Setting next_dagrun for baseball_pipeline_v1 to 2026-04-21 00:00:00+00:00, run_after=2026-04-22 00:00:00+00:00
[2026-04-21T04:50:37.395+0000] {processor.py:183} INFO - Processing /opt/airflow/dags/baseball_etl.py took 0.421 seconds
[2026-04-21T04:51:08.270+0000] {processor.py:161} INFO - Started process (PID=3734381) to work on /opt/airflow/dags/baseball_etl.py
[2026-04-21T04:51:08.271+0000] {processor.py:830} INFO - Processing file /opt/airflow/dags/baseball_etl.py for tasks to queue
[2026-04-21T04:51:08.273+0000] {logging_mixin.py:188} INFO - [2026-04-21T04:51:08.273+0000] {dagbag.py:538} INFO - Filling up the DagBag from /opt/airflow/dags/baseball_etl.py
[2026-04-21T04:51:08.588+0000] {processor.py:840} INFO - DAG(s) 'baseball_pipeline_v1' retrieved from /opt/airflow/dags/baseball_etl.py
[2026-04-21T04:51:08.610+0000] {logging_mixin.py:188} INFO - [2026-04-21T04:51:08.609+0000] {dag.py:3036} INFO - Sync 1 DAGs
[2026-04-21T04:51:08.635+0000] {logging_mixin.py:188} INFO - [2026-04-21T04:51:08.635+0000] {dag.py:3823} INFO - Setting next_dagrun for baseball_pipeline_v1 to 2026-04-21 00:00:00+00:00, run_after=2026-04-22 00:00:00+00:00
[2026-04-21T04:51:08.652+0000] {processor.py:183} INFO - Processing /opt/airflow/dags/baseball_etl.py took 0.387 seconds
[2026-04-21T04:51:38.726+0000] {processor.py:161} INFO - Started process (PID=3734439) to work on /opt/airflow/dags/baseball_etl.py
[2026-04-21T04:51:38.728+0000] {processor.py:830} INFO - Processing file /opt/airflow/dags/baseball_etl.py for tasks to queue
[2026-04-21T04:51:38.730+0000] {logging_mixin.py:188} INFO - [2026-04-21T04:51:38.730+0000] {dagbag.py:538} INFO - Filling up the DagBag from /opt/airflow/dags/baseball_etl.py
[2026-04-21T04:51:39.049+0000] {processor.py:840} INFO - DAG(s) 'baseball_pipeline_v1' retrieved from /opt/airflow/dags/baseball_etl.py
[2026-04-21T04:51:39.071+0000] {logging_mixin.py:188} INFO - [2026-04-21T04:51:39.071+0000] {dag.py:3036} INFO - Sync 1 DAGs
[2026-04-21T04:51:39.099+0000] {logging_mixin.py:188} INFO - [2026-04-21T04:51:39.099+0000] {dag.py:3823} INFO - Setting next_dagrun for baseball_pipeline_v1 to 2026-04-21 00:00:00+00:00, run_after=2026-04-22 00:00:00+00:00
[2026-04-21T04:51:39.118+0000] {processor.py:183} INFO - Processing /opt/airflow/dags/baseball_etl.py took 0.397 seconds
[2026-04-21T04:52:10.025+0000] {processor.py:161} INFO - Started process (PID=3734496) to work on /opt/airflow/dags/baseball_etl.py
[2026-04-21T04:52:10.026+0000] {processor.py:830} INFO - Processing file /opt/airflow/dags/baseball_etl.py for tasks to queue
[2026-04-21T04:52:10.028+0000] {logging_mixin.py:188} INFO - [2026-04-21T04:52:10.028+0000] {dagbag.py:538} INFO - Filling up the DagBag from /opt/airflow/dags/baseball_etl.py
[2026-04-21T04:52:10.355+0000] {processor.py:840} INFO - DAG(s) 'baseball_pipeline_v1' retrieved from /opt/airflow/dags/baseball_etl.py
[2026-04-21T04:52:10.375+0000] {logging_mixin.py:188} INFO - [2026-04-21T04:52:10.374+0000] {dag.py:3036} INFO - Sync 1 DAGs
[2026-04-21T04:52:10.401+0000] {logging_mixin.py:188} INFO - [2026-04-21T04:52:10.401+0000] {dag.py:3823} INFO - Setting next_dagrun for baseball_pipeline_v1 to 2026-04-21 00:00:00+00:00, run_after=2026-04-22 00:00:00+00:00
[2026-04-21T04:52:10.419+0000] {processor.py:183} INFO - Processing /opt/airflow/dags/baseball_etl.py took 0.399 seconds
[2026-04-21T04:52:40.453+0000] {processor.py:161} INFO - Started process (PID=3734555) to work on /opt/airflow/dags/baseball_etl.py
[2026-04-21T04:52:40.455+0000] {processor.py:830} INFO - Processing file /opt/airflow/dags/baseball_etl.py for tasks to queue
[2026-04-21T04:52:40.457+0000] {logging_mixin.py:188} INFO - [2026-04-21T04:52:40.457+0000] {dagbag.py:538} INFO - Filling up the DagBag from /opt/airflow/dags/baseball_etl.py
[2026-04-21T04:52:40.779+0000] {processor.py:840} INFO - DAG(s) 'baseball_pipeline_v1' retrieved from /opt/airflow/dags/baseball_etl.py
[2026-04-21T04:52:40.802+0000] {logging_mixin.py:188} INFO - [2026-04-21T04:52:40.801+0000] {dag.py:3036} INFO - Sync 1 DAGs
[2026-04-21T04:52:40.829+0000] {logging_mixin.py:188} INFO - [2026-04-21T04:52:40.829+0000] {dag.py:3823} INFO - Setting next_dagrun for baseball_pipeline_v1 to 2026-04-21 00:00:00+00:00, run_after=2026-04-22 00:00:00+00:00
[2026-04-21T04:52:40.847+0000] {processor.py:183} INFO - Processing /opt/airflow/dags/baseball_etl.py took 0.399 seconds
[2026-04-21T04:53:11.658+0000] {processor.py:161} INFO - Started process (PID=3734613) to work on /opt/airflow/dags/baseball_etl.py
[2026-04-21T04:53:11.659+0000] {processor.py:830} INFO - Processing file /opt/airflow/dags/baseball_etl.py for tasks to queue
[2026-04-21T04:53:11.661+0000] {logging_mixin.py:188} INFO - [2026-04-21T04:53:11.661+0000] {dagbag.py:538} INFO - Filling up the DagBag from /opt/airflow/dags/baseball_etl.py
[2026-04-21T04:53:12.020+0000] {processor.py:840} INFO - DAG(s) 'baseball_pipeline_v1' retrieved from /opt/airflow/dags/baseball_etl.py
[2026-04-21T04:53:12.043+0000] {logging_mixin.py:188} INFO - [2026-04-21T04:53:12.042+0000] {dag.py:3036} INFO - Sync 1 DAGs
[2026-04-21T04:53:12.076+0000] {logging_mixin.py:188} INFO - [2026-04-21T04:53:12.076+0000] {dag.py:3823} INFO - Setting next_dagrun for baseball_pipeline_v1 to 2026-04-21 00:00:00+00:00, run_after=2026-04-22 00:00:00+00:00
[2026-04-21T04:53:12.097+0000] {processor.py:183} INFO - Processing /opt/airflow/dags/baseball_etl.py took 0.444 seconds
[2026-04-21T04:53:42.889+0000] {processor.py:161} INFO - Started process (PID=3734671) to work on /opt/airflow/dags/baseball_etl.py
[2026-04-21T04:53:42.892+0000] {processor.py:830} INFO - Processing file /opt/airflow/dags/baseball_etl.py for tasks to queue
[2026-04-21T04:53:42.895+0000] {logging_mixin.py:188} INFO - [2026-04-21T04:53:42.895+0000] {dagbag.py:538} INFO - Filling up the DagBag from /opt/airflow/dags/baseball_etl.py
[2026-04-21T04:53:43.224+0000] {processor.py:840} INFO - DAG(s) 'baseball_pipeline_v1' retrieved from /opt/airflow/dags/baseball_etl.py
[2026-04-21T04:53:43.246+0000] {logging_mixin.py:188} INFO - [2026-04-21T04:53:43.246+0000] {dag.py:3036} INFO - Sync 1 DAGs
[2026-04-21T04:53:43.274+0000] {logging_mixin.py:188} INFO - [2026-04-21T04:53:43.273+0000] {dag.py:3823} INFO - Setting next_dagrun for baseball_pipeline_v1 to 2026-04-21 00:00:00+00:00, run_after=2026-04-22 00:00:00+00:00
[2026-04-21T04:53:43.292+0000] {processor.py:183} INFO - Processing /opt/airflow/dags/baseball_etl.py took 0.408 seconds
[2026-04-21T04:54:13.391+0000] {processor.py:161} INFO - Started process (PID=3734729) to work on /opt/airflow/dags/baseball_etl.py
[2026-04-21T04:54:13.392+0000] {processor.py:830} INFO - Processing file /opt/airflow/dags/baseball_etl.py for tasks to queue
[2026-04-21T04:54:13.395+0000] {logging_mixin.py:188} INFO - [2026-04-21T04:54:13.394+0000] {dagbag.py:538} INFO - Filling up the DagBag from /opt/airflow/dags/baseball_etl.py
[2026-04-21T04:54:13.737+0000] {processor.py:840} INFO - DAG(s) 'baseball_pipeline_v1' retrieved from /opt/airflow/dags/baseball_etl.py
[2026-04-21T04:54:13.759+0000] {logging_mixin.py:188} INFO - [2026-04-21T04:54:13.759+0000] {dag.py:3036} INFO - Sync 1 DAGs
[2026-04-21T04:54:13.786+0000] {logging_mixin.py:188} INFO - [2026-04-21T04:54:13.786+0000] {dag.py:3823} INFO - Setting next_dagrun for baseball_pipeline_v1 to 2026-04-21 00:00:00+00:00, run_after=2026-04-22 00:00:00+00:00
[2026-04-21T04:54:13.807+0000] {processor.py:183} INFO - Processing /opt/airflow/dags/baseball_etl.py took 0.421 seconds
[2026-04-21T04:54:44.527+0000] {processor.py:161} INFO - Started process (PID=3734786) to work on /opt/airflow/dags/baseball_etl.py
[2026-04-21T04:54:44.530+0000] {processor.py:830} INFO - Processing file /opt/airflow/dags/baseball_etl.py for tasks to queue
[2026-04-21T04:54:44.532+0000] {logging_mixin.py:188} INFO - [2026-04-21T04:54:44.532+0000] {dagbag.py:538} INFO - Filling up the DagBag from /opt/airflow/dags/baseball_etl.py
[2026-04-21T04:54:44.848+0000] {processor.py:840} INFO - DAG(s) 'baseball_pipeline_v1' retrieved from /opt/airflow/dags/baseball_etl.py
[2026-04-21T04:54:44.870+0000] {logging_mixin.py:188} INFO - [2026-04-21T04:54:44.869+0000] {dag.py:3036} INFO - Sync 1 DAGs
[2026-04-21T04:54:44.895+0000] {logging_mixin.py:188} INFO - [2026-04-21T04:54:44.895+0000] {dag.py:3823} INFO - Setting next_dagrun for baseball_pipeline_v1 to 2026-04-21 00:00:00+00:00, run_after=2026-04-22 00:00:00+00:00
[2026-04-21T04:54:44.913+0000] {processor.py:183} INFO - Processing /opt/airflow/dags/baseball_etl.py took 0.391 seconds
[2026-04-21T04:55:15.214+0000] {processor.py:161} INFO - Started process (PID=3734843) to work on /opt/airflow/dags/baseball_etl.py
[2026-04-21T04:55:15.215+0000] {processor.py:830} INFO - Processing file /opt/airflow/dags/baseball_etl.py for tasks to queue
[2026-04-21T04:55:15.217+0000] {logging_mixin.py:188} INFO - [2026-04-21T04:55:15.217+0000] {dagbag.py:538} INFO - Filling up the DagBag from /opt/airflow/dags/baseball_etl.py
[2026-04-21T04:55:15.533+0000] {processor.py:840} INFO - DAG(s) 'baseball_pipeline_v1' retrieved from /opt/airflow/dags/baseball_etl.py
[2026-04-21T04:55:15.556+0000] {logging_mixin.py:188} INFO - [2026-04-21T04:55:15.555+0000] {dag.py:3036} INFO - Sync 1 DAGs
[2026-04-21T04:55:15.582+0000] {logging_mixin.py:188} INFO - [2026-04-21T04:55:15.581+0000] {dag.py:3823} INFO - Setting next_dagrun for baseball_pipeline_v1 to 2026-04-21 00:00:00+00:00, run_after=2026-04-22 00:00:00+00:00
[2026-04-21T04:55:15.601+0000] {processor.py:183} INFO - Processing /opt/airflow/dags/baseball_etl.py took 0.392 seconds
[2026-04-21T04:55:45.846+0000] {processor.py:161} INFO - Started process (PID=3734900) to work on /opt/airflow/dags/baseball_etl.py
[2026-04-21T04:55:45.848+0000] {processor.py:830} INFO - Processing file /opt/airflow/dags/baseball_etl.py for tasks to queue
[2026-04-21T04:55:45.851+0000] {logging_mixin.py:188} INFO - [2026-04-21T04:55:45.850+0000] {dagbag.py:538} INFO - Filling up the DagBag from /opt/airflow/dags/baseball_etl.py
[2026-04-21T04:55:46.169+0000] {processor.py:840} INFO - DAG(s) 'baseball_pipeline_v1' retrieved from /opt/airflow/dags/baseball_etl.py
[2026-04-21T04:55:46.193+0000] {logging_mixin.py:188} INFO - [2026-04-21T04:55:46.193+0000] {dag.py:3036} INFO - Sync 1 DAGs
[2026-04-21T04:55:46.220+0000] {logging_mixin.py:188} INFO - [2026-04-21T04:55:46.220+0000] {dag.py:3823} INFO - Setting next_dagrun for baseball_pipeline_v1 to 2026-04-21 00:00:00+00:00, run_after=2026-04-22 00:00:00+00:00
[2026-04-21T04:55:46.239+0000] {processor.py:183} INFO - Processing /opt/airflow/dags/baseball_etl.py took 0.398 seconds
[2026-04-21T04:56:16.497+0000] {processor.py:161} INFO - Started process (PID=3734957) to work on /opt/airflow/dags/baseball_etl.py
[2026-04-21T04:56:16.498+0000] {processor.py:830} INFO - Processing file /opt/airflow/dags/baseball_etl.py for tasks to queue
[2026-04-21T04:56:16.501+0000] {logging_mixin.py:188} INFO - [2026-04-21T04:56:16.500+0000] {dagbag.py:538} INFO - Filling up the DagBag from /opt/airflow/dags/baseball_etl.py
[2026-04-21T04:56:16.817+0000] {processor.py:840} INFO - DAG(s) 'baseball_pipeline_v1' retrieved from /opt/airflow/dags/baseball_etl.py
[2026-04-21T04:56:16.839+0000] {logging_mixin.py:188} INFO - [2026-04-21T04:56:16.839+0000] {dag.py:3036} INFO - Sync 1 DAGs
[2026-04-21T04:56:16.867+0000] {logging_mixin.py:188} INFO - [2026-04-21T04:56:16.866+0000] {dag.py:3823} INFO - Setting next_dagrun for baseball_pipeline_v1 to 2026-04-21 00:00:00+00:00, run_after=2026-04-22 00:00:00+00:00
[2026-04-21T04:56:16.885+0000] {processor.py:183} INFO - Processing /opt/airflow/dags/baseball_etl.py took 0.393 seconds
[2026-04-21T04:56:47.186+0000] {processor.py:161} INFO - Started process (PID=3735014) to work on /opt/airflow/dags/baseball_etl.py
[2026-04-21T04:56:47.188+0000] {processor.py:830} INFO - Processing file /opt/airflow/dags/baseball_etl.py for tasks to queue
[2026-04-21T04:56:47.190+0000] {logging_mixin.py:188} INFO - [2026-04-21T04:56:47.190+0000] {dagbag.py:538} INFO - Filling up the DagBag from /opt/airflow/dags/baseball_etl.py
[2026-04-21T04:56:47.583+0000] {processor.py:840} INFO - DAG(s) 'baseball_pipeline_v1' retrieved from /opt/airflow/dags/baseball_etl.py
[2026-04-21T04:56:47.604+0000] {logging_mixin.py:188} INFO - [2026-04-21T04:56:47.604+0000] {dag.py:3036} INFO - Sync 1 DAGs
[2026-04-21T04:56:47.848+0000] {logging_mixin.py:188} INFO - [2026-04-21T04:56:47.848+0000] {dag.py:3823} INFO - Setting next_dagrun for baseball_pipeline_v1 to 2026-04-21 00:00:00+00:00, run_after=2026-04-22 00:00:00+00:00
[2026-04-21T04:56:47.867+0000] {processor.py:183} INFO - Processing /opt/airflow/dags/baseball_etl.py took 0.686 seconds
[2026-04-21T04:57:18.454+0000] {processor.py:161} INFO - Started process (PID=3735071) to work on /opt/airflow/dags/baseball_etl.py
[2026-04-21T04:57:18.455+0000] {processor.py:830} INFO - Processing file /opt/airflow/dags/baseball_etl.py for tasks to queue
[2026-04-21T04:57:18.458+0000] {logging_mixin.py:188} INFO - [2026-04-21T04:57:18.457+0000] {dagbag.py:538} INFO - Filling up the DagBag from /opt/airflow/dags/baseball_etl.py
[2026-04-21T04:57:18.788+0000] {processor.py:840} INFO - DAG(s) 'baseball_pipeline_v1' retrieved from /opt/airflow/dags/baseball_etl.py
[2026-04-21T04:57:18.810+0000] {logging_mixin.py:188} INFO - [2026-04-21T04:57:18.809+0000] {dag.py:3036} INFO - Sync 1 DAGs
[2026-04-21T04:57:18.838+0000] {logging_mixin.py:188} INFO - [2026-04-21T04:57:18.838+0000] {dag.py:3823} INFO - Setting next_dagrun for baseball_pipeline_v1 to 2026-04-21 00:00:00+00:00, run_after=2026-04-22 00:00:00+00:00
[2026-04-21T04:57:19.054+0000] {processor.py:183} INFO - Processing /opt/airflow/dags/baseball_etl.py took 0.605 seconds
[2026-04-21T04:57:49.801+0000] {processor.py:161} INFO - Started process (PID=3735130) to work on /opt/airflow/dags/baseball_etl.py
[2026-04-21T04:57:49.803+0000] {processor.py:830} INFO - Processing file /opt/airflow/dags/baseball_etl.py for tasks to queue
[2026-04-21T04:57:49.805+0000] {logging_mixin.py:188} INFO - [2026-04-21T04:57:49.805+0000] {dagbag.py:538} INFO - Filling up the DagBag from /opt/airflow/dags/baseball_etl.py
[2026-04-21T04:57:50.126+0000] {processor.py:840} INFO - DAG(s) 'baseball_pipeline_v1' retrieved from /opt/airflow/dags/baseball_etl.py
[2026-04-21T04:57:50.147+0000] {logging_mixin.py:188} INFO - [2026-04-21T04:57:50.147+0000] {dag.py:3036} INFO - Sync 1 DAGs
[2026-04-21T04:57:50.174+0000] {logging_mixin.py:188} INFO - [2026-04-21T04:57:50.174+0000] {dag.py:3823} INFO - Setting next_dagrun for baseball_pipeline_v1 to 2026-04-21 00:00:00+00:00, run_after=2026-04-22 00:00:00+00:00
[2026-04-21T04:57:50.385+0000] {processor.py:183} INFO - Processing /opt/airflow/dags/baseball_etl.py took 0.589 seconds
[2026-04-21T04:58:20.449+0000] {processor.py:161} INFO - Started process (PID=3735192) to work on /opt/airflow/dags/baseball_etl.py
[2026-04-21T04:58:20.451+0000] {processor.py:830} INFO - Processing file /opt/airflow/dags/baseball_etl.py for tasks to queue
[2026-04-21T04:58:20.453+0000] {logging_mixin.py:188} INFO - [2026-04-21T04:58:20.453+0000] {dagbag.py:538} INFO - Filling up the DagBag from /opt/airflow/dags/baseball_etl.py
[2026-04-21T04:58:20.773+0000] {processor.py:840} INFO - DAG(s) 'baseball_pipeline_v1' retrieved from /opt/airflow/dags/baseball_etl.py
[2026-04-21T04:58:20.794+0000] {logging_mixin.py:188} INFO - [2026-04-21T04:58:20.793+0000] {dag.py:3036} INFO - Sync 1 DAGs
[2026-04-21T04:58:20.819+0000] {logging_mixin.py:188} INFO - [2026-04-21T04:58:20.819+0000] {dag.py:3823} INFO - Setting next_dagrun for baseball_pipeline_v1 to 2026-04-21 00:00:00+00:00, run_after=2026-04-22 00:00:00+00:00
[2026-04-21T04:58:20.837+0000] {processor.py:183} INFO - Processing /opt/airflow/dags/baseball_etl.py took 0.392 seconds
[2026-04-21T04:58:51.684+0000] {processor.py:161} INFO - Started process (PID=3735250) to work on /opt/airflow/dags/baseball_etl.py
[2026-04-21T04:58:51.686+0000] {processor.py:830} INFO - Processing file /opt/airflow/dags/baseball_etl.py for tasks to queue
[2026-04-21T04:58:51.689+0000] {logging_mixin.py:188} INFO - [2026-04-21T04:58:51.688+0000] {dagbag.py:538} INFO - Filling up the DagBag from /opt/airflow/dags/baseball_etl.py
[2026-04-21T04:58:52.243+0000] {processor.py:840} INFO - DAG(s) 'baseball_pipeline_v1' retrieved from /opt/airflow/dags/baseball_etl.py
[2026-04-21T04:58:52.261+0000] {logging_mixin.py:188} INFO - [2026-04-21T04:58:52.261+0000] {dag.py:3036} INFO - Sync 1 DAGs
[2026-04-21T04:58:52.284+0000] {logging_mixin.py:188} INFO - [2026-04-21T04:58:52.284+0000] {dag.py:3823} INFO - Setting next_dagrun for baseball_pipeline_v1 to 2026-04-21 00:00:00+00:00, run_after=2026-04-22 00:00:00+00:00
[2026-04-21T04:58:52.301+0000] {processor.py:183} INFO - Processing /opt/airflow/dags/baseball_etl.py took 0.624 seconds
[2026-04-21T04:59:23.078+0000] {processor.py:161} INFO - Started process (PID=3735310) to work on /opt/airflow/dags/baseball_etl.py
[2026-04-21T04:59:23.080+0000] {processor.py:830} INFO - Processing file /opt/airflow/dags/baseball_etl.py for tasks to queue
[2026-04-21T04:59:23.082+0000] {logging_mixin.py:188} INFO - [2026-04-21T04:59:23.082+0000] {dagbag.py:538} INFO - Filling up the DagBag from /opt/airflow/dags/baseball_etl.py
[2026-04-21T04:59:23.594+0000] {processor.py:840} INFO - DAG(s) 'baseball_pipeline_v1' retrieved from /opt/airflow/dags/baseball_etl.py
[2026-04-21T04:59:23.612+0000] {logging_mixin.py:188} INFO - [2026-04-21T04:59:23.611+0000] {dag.py:3036} INFO - Sync 1 DAGs
[2026-04-21T04:59:23.635+0000] {logging_mixin.py:188} INFO - [2026-04-21T04:59:23.634+0000] {dag.py:3823} INFO - Setting next_dagrun for baseball_pipeline_v1 to 2026-04-21 00:00:00+00:00, run_after=2026-04-22 00:00:00+00:00
[2026-04-21T04:59:23.651+0000] {processor.py:183} INFO - Processing /opt/airflow/dags/baseball_etl.py took 0.578 seconds
[2026-04-21T04:59:54.462+0000] {processor.py:161} INFO - Started process (PID=3735369) to work on /opt/airflow/dags/baseball_etl.py
[2026-04-21T04:59:54.464+0000] {processor.py:830} INFO - Processing file /opt/airflow/dags/baseball_etl.py for tasks to queue
[2026-04-21T04:59:54.467+0000] {logging_mixin.py:188} INFO - [2026-04-21T04:59:54.466+0000] {dagbag.py:538} INFO - Filling up the DagBag from /opt/airflow/dags/baseball_etl.py
[2026-04-21T04:59:54.789+0000] {processor.py:840} INFO - DAG(s) 'baseball_pipeline_v1' retrieved from /opt/airflow/dags/baseball_etl.py
[2026-04-21T04:59:54.812+0000] {logging_mixin.py:188} INFO - [2026-04-21T04:59:54.811+0000] {dag.py:3036} INFO - Sync 1 DAGs
[2026-04-21T04:59:55.055+0000] {logging_mixin.py:188} INFO - [2026-04-21T04:59:55.055+0000] {dag.py:3823} INFO - Setting next_dagrun for baseball_pipeline_v1 to 2026-04-21 00:00:00+00:00, run_after=2026-04-22 00:00:00+00:00
[2026-04-21T04:59:55.073+0000] {processor.py:183} INFO - Processing /opt/airflow/dags/baseball_etl.py took 0.616 seconds
[2026-04-21T05:00:25.954+0000] {processor.py:161} INFO - Started process (PID=3735431) to work on /opt/airflow/dags/baseball_etl.py
[2026-04-21T05:00:25.956+0000] {processor.py:830} INFO - Processing file /opt/airflow/dags/baseball_etl.py for tasks to queue
[2026-04-21T05:00:25.958+0000] {logging_mixin.py:188} INFO - [2026-04-21T05:00:25.958+0000] {dagbag.py:538} INFO - Filling up the DagBag from /opt/airflow/dags/baseball_etl.py
[2026-04-21T05:00:26.474+0000] {processor.py:840} INFO - DAG(s) 'baseball_pipeline_v1' retrieved from /opt/airflow/dags/baseball_etl.py
[2026-04-21T05:00:26.492+0000] {logging_mixin.py:188} INFO - [2026-04-21T05:00:26.492+0000] {dag.py:3036} INFO - Sync 1 DAGs
[2026-04-21T05:00:26.516+0000] {logging_mixin.py:188} INFO - [2026-04-21T05:00:26.516+0000] {dag.py:3823} INFO - Setting next_dagrun for baseball_pipeline_v1 to 2026-04-21 00:00:00+00:00, run_after=2026-04-22 00:00:00+00:00
[2026-04-21T05:00:26.532+0000] {processor.py:183} INFO - Processing /opt/airflow/dags/baseball_etl.py took 0.584 seconds
[2026-04-21T05:00:57.211+0000] {processor.py:161} INFO - Started process (PID=3735488) to work on /opt/airflow/dags/baseball_etl.py
[2026-04-21T05:00:57.213+0000] {processor.py:830} INFO - Processing file /opt/airflow/dags/baseball_etl.py for tasks to queue
[2026-04-21T05:00:57.216+0000] {logging_mixin.py:188} INFO - [2026-04-21T05:00:57.215+0000] {dagbag.py:538} INFO - Filling up the DagBag from /opt/airflow/dags/baseball_etl.py
[2026-04-21T05:00:57.724+0000] {processor.py:840} INFO - DAG(s) 'baseball_pipeline_v1' retrieved from /opt/airflow/dags/baseball_etl.py
[2026-04-21T05:00:57.743+0000] {logging_mixin.py:188} INFO - [2026-04-21T05:00:57.742+0000] {dag.py:3036} INFO - Sync 1 DAGs
[2026-04-21T05:00:57.770+0000] {logging_mixin.py:188} INFO - [2026-04-21T05:00:57.770+0000] {dag.py:3823} INFO - Setting next_dagrun for baseball_pipeline_v1 to 2026-04-21 00:00:00+00:00, run_after=2026-04-22 00:00:00+00:00
[2026-04-21T05:00:57.791+0000] {processor.py:183} INFO - Processing /opt/airflow/dags/baseball_etl.py took 0.584 seconds
[2026-04-21T05:01:28.412+0000] {processor.py:161} INFO - Started process (PID=3735545) to work on /opt/airflow/dags/baseball_etl.py
[2026-04-21T05:01:28.415+0000] {processor.py:830} INFO - Processing file /opt/airflow/dags/baseball_etl.py for tasks to queue
[2026-04-21T05:01:28.417+0000] {logging_mixin.py:188} INFO - [2026-04-21T05:01:28.417+0000] {dagbag.py:538} INFO - Filling up the DagBag from /opt/airflow/dags/baseball_etl.py
[2026-04-21T05:01:28.952+0000] {processor.py:840} INFO - DAG(s) 'baseball_pipeline_v1' retrieved from /opt/airflow/dags/baseball_etl.py
[2026-04-21T05:01:28.970+0000] {logging_mixin.py:188} INFO - [2026-04-21T05:01:28.969+0000] {dag.py:3036} INFO - Sync 1 DAGs
[2026-04-21T05:01:28.994+0000] {logging_mixin.py:188} INFO - [2026-04-21T05:01:28.994+0000] {dag.py:3823} INFO - Setting next_dagrun for baseball_pipeline_v1 to 2026-04-21 00:00:00+00:00, run_after=2026-04-22 00:00:00+00:00
[2026-04-21T05:01:29.010+0000] {processor.py:183} INFO - Processing /opt/airflow/dags/baseball_etl.py took 0.603 seconds
[2026-04-21T05:01:59.788+0000] {processor.py:161} INFO - Started process (PID=3735602) to work on /opt/airflow/dags/baseball_etl.py
[2026-04-21T05:01:59.790+0000] {processor.py:830} INFO - Processing file /opt/airflow/dags/baseball_etl.py for tasks to queue
[2026-04-21T05:01:59.793+0000] {logging_mixin.py:188} INFO - [2026-04-21T05:01:59.792+0000] {dagbag.py:538} INFO - Filling up the DagBag from /opt/airflow/dags/baseball_etl.py
[2026-04-21T05:02:00.342+0000] {processor.py:840} INFO - DAG(s) 'baseball_pipeline_v1' retrieved from /opt/airflow/dags/baseball_etl.py
[2026-04-21T05:02:00.360+0000] {logging_mixin.py:188} INFO - [2026-04-21T05:02:00.360+0000] {dag.py:3036} INFO - Sync 1 DAGs
[2026-04-21T05:02:00.384+0000] {logging_mixin.py:188} INFO - [2026-04-21T05:02:00.384+0000] {dag.py:3823} INFO - Setting next_dagrun for baseball_pipeline_v1 to 2026-04-21 00:00:00+00:00, run_after=2026-04-22 00:00:00+00:00
[2026-04-21T05:02:00.402+0000] {processor.py:183} INFO - Processing /opt/airflow/dags/baseball_etl.py took 0.618 seconds
[2026-04-21T05:02:31.080+0000] {processor.py:161} INFO - Started process (PID=3735661) to work on /opt/airflow/dags/baseball_etl.py
[2026-04-21T05:02:31.082+0000] {processor.py:830} INFO - Processing file /opt/airflow/dags/baseball_etl.py for tasks to queue
[2026-04-21T05:02:31.084+0000] {logging_mixin.py:188} INFO - [2026-04-21T05:02:31.084+0000] {dagbag.py:538} INFO - Filling up the DagBag from /opt/airflow/dags/baseball_etl.py
[2026-04-21T05:02:31.621+0000] {processor.py:840} INFO - DAG(s) 'baseball_pipeline_v1' retrieved from /opt/airflow/dags/baseball_etl.py
[2026-04-21T05:02:31.639+0000] {logging_mixin.py:188} INFO - [2026-04-21T05:02:31.639+0000] {dag.py:3036} INFO - Sync 1 DAGs
[2026-04-21T05:02:31.663+0000] {logging_mixin.py:188} INFO - [2026-04-21T05:02:31.663+0000] {dag.py:3823} INFO - Setting next_dagrun for baseball_pipeline_v1 to 2026-04-21 00:00:00+00:00, run_after=2026-04-22 00:00:00+00:00
[2026-04-21T05:02:31.683+0000] {processor.py:183} INFO - Processing /opt/airflow/dags/baseball_etl.py took 0.608 seconds
[2026-04-21T05:03:02.649+0000] {processor.py:161} INFO - Started process (PID=3735726) to work on /opt/airflow/dags/baseball_etl.py
[2026-04-21T05:03:02.653+0000] {processor.py:830} INFO - Processing file /opt/airflow/dags/baseball_etl.py for tasks to queue
[2026-04-21T05:03:02.655+0000] {logging_mixin.py:188} INFO - [2026-04-21T05:03:02.655+0000] {dagbag.py:538} INFO - Filling up the DagBag from /opt/airflow/dags/baseball_etl.py
[2026-04-21T05:03:03.172+0000] {processor.py:840} INFO - DAG(s) 'baseball_pipeline_v1' retrieved from /opt/airflow/dags/baseball_etl.py
[2026-04-21T05:03:03.189+0000] {logging_mixin.py:188} INFO - [2026-04-21T05:03:03.189+0000] {dag.py:3036} INFO - Sync 1 DAGs
[2026-04-21T05:03:03.212+0000] {logging_mixin.py:188} INFO - [2026-04-21T05:03:03.212+0000] {dag.py:3823} INFO - Setting next_dagrun for baseball_pipeline_v1 to 2026-04-21 00:00:00+00:00, run_after=2026-04-22 00:00:00+00:00
[2026-04-21T05:03:03.229+0000] {processor.py:183} INFO - Processing /opt/airflow/dags/baseball_etl.py took 0.585 seconds
[2026-04-21T05:03:33.322+0000] {processor.py:161} INFO - Started process (PID=3735787) to work on /opt/airflow/dags/baseball_etl.py
[2026-04-21T05:03:33.324+0000] {processor.py:830} INFO - Processing file /opt/airflow/dags/baseball_etl.py for tasks to queue
[2026-04-21T05:03:33.326+0000] {logging_mixin.py:188} INFO - [2026-04-21T05:03:33.326+0000] {dagbag.py:538} INFO - Filling up the DagBag from /opt/airflow/dags/baseball_etl.py
[2026-04-21T05:03:33.878+0000] {processor.py:840} INFO - DAG(s) 'baseball_pipeline_v1' retrieved from /opt/airflow/dags/baseball_etl.py
[2026-04-21T05:03:33.899+0000] {logging_mixin.py:188} INFO - [2026-04-21T05:03:33.898+0000] {dag.py:3036} INFO - Sync 1 DAGs
[2026-04-21T05:03:33.927+0000] {logging_mixin.py:188} INFO - [2026-04-21T05:03:33.927+0000] {dag.py:3823} INFO - Setting next_dagrun for baseball_pipeline_v1 to 2026-04-21 00:00:00+00:00, run_after=2026-04-22 00:00:00+00:00
[2026-04-21T05:03:33.946+0000] {processor.py:183} INFO - Processing /opt/airflow/dags/baseball_etl.py took 0.630 seconds
[2026-04-21T05:04:04.091+0000] {processor.py:161} INFO - Started process (PID=3735847) to work on /opt/airflow/dags/baseball_etl.py
[2026-04-21T05:04:04.093+0000] {processor.py:830} INFO - Processing file /opt/airflow/dags/baseball_etl.py for tasks to queue
[2026-04-21T05:04:04.095+0000] {logging_mixin.py:188} INFO - [2026-04-21T05:04:04.095+0000] {dagbag.py:538} INFO - Filling up the DagBag from /opt/airflow/dags/baseball_etl.py
[2026-04-21T05:04:04.642+0000] {processor.py:840} INFO - DAG(s) 'baseball_pipeline_v1' retrieved from /opt/airflow/dags/baseball_etl.py
[2026-04-21T05:04:04.661+0000] {logging_mixin.py:188} INFO - [2026-04-21T05:04:04.660+0000] {dag.py:3036} INFO - Sync 1 DAGs
[2026-04-21T05:04:04.684+0000] {logging_mixin.py:188} INFO - [2026-04-21T05:04:04.684+0000] {dag.py:3823} INFO - Setting next_dagrun for baseball_pipeline_v1 to 2026-04-21 00:00:00+00:00, run_after=2026-04-22 00:00:00+00:00
[2026-04-21T05:04:04.701+0000] {processor.py:183} INFO - Processing /opt/airflow/dags/baseball_etl.py took 0.615 seconds
[2026-04-21T05:04:34.873+0000] {processor.py:161} INFO - Started process (PID=3735907) to work on /opt/airflow/dags/baseball_etl.py
[2026-04-21T05:04:34.875+0000] {processor.py:830} INFO - Processing file /opt/airflow/dags/baseball_etl.py for tasks to queue
[2026-04-21T05:04:34.877+0000] {logging_mixin.py:188} INFO - [2026-04-21T05:04:34.877+0000] {dagbag.py:538} INFO - Filling up the DagBag from /opt/airflow/dags/baseball_etl.py
[2026-04-21T05:04:35.401+0000] {processor.py:840} INFO - DAG(s) 'baseball_pipeline_v1' retrieved from /opt/airflow/dags/baseball_etl.py
[2026-04-21T05:04:35.422+0000] {logging_mixin.py:188} INFO - [2026-04-21T05:04:35.421+0000] {dag.py:3036} INFO - Sync 1 DAGs
[2026-04-21T05:04:35.446+0000] {logging_mixin.py:188} INFO - [2026-04-21T05:04:35.445+0000] {dag.py:3823} INFO - Setting next_dagrun for baseball_pipeline_v1 to 2026-04-21 00:00:00+00:00, run_after=2026-04-22 00:00:00+00:00
[2026-04-21T05:04:35.464+0000] {processor.py:183} INFO - Processing /opt/airflow/dags/baseball_etl.py took 0.596 seconds
[2026-04-21T05:05:05.535+0000] {processor.py:161} INFO - Started process (PID=3735964) to work on /opt/airflow/dags/baseball_etl.py
[2026-04-21T05:05:05.537+0000] {processor.py:830} INFO - Processing file /opt/airflow/dags/baseball_etl.py for tasks to queue
[2026-04-21T05:05:05.539+0000] {logging_mixin.py:188} INFO - [2026-04-21T05:05:05.539+0000] {dagbag.py:538} INFO - Filling up the DagBag from /opt/airflow/dags/baseball_etl.py
[2026-04-21T05:05:06.063+0000] {processor.py:840} INFO - DAG(s) 'baseball_pipeline_v1' retrieved from /opt/airflow/dags/baseball_etl.py
[2026-04-21T05:05:06.081+0000] {logging_mixin.py:188} INFO - [2026-04-21T05:05:06.081+0000] {dag.py:3036} INFO - Sync 1 DAGs
[2026-04-21T05:05:06.105+0000] {logging_mixin.py:188} INFO - [2026-04-21T05:05:06.104+0000] {dag.py:3823} INFO - Setting next_dagrun for baseball_pipeline_v1 to 2026-04-21 00:00:00+00:00, run_after=2026-04-22 00:00:00+00:00
[2026-04-21T05:05:06.121+0000] {processor.py:183} INFO - Processing /opt/airflow/dags/baseball_etl.py took 0.591 seconds
[2026-04-21T05:05:36.308+0000] {processor.py:161} INFO - Started process (PID=3736021) to work on /opt/airflow/dags/baseball_etl.py
[2026-04-21T05:05:36.310+0000] {processor.py:830} INFO - Processing file /opt/airflow/dags/baseball_etl.py for tasks to queue
[2026-04-21T05:05:36.312+0000] {logging_mixin.py:188} INFO - [2026-04-21T05:05:36.312+0000] {dagbag.py:538} INFO - Filling up the DagBag from /opt/airflow/dags/baseball_etl.py
[2026-04-21T05:05:36.829+0000] {processor.py:840} INFO - DAG(s) 'baseball_pipeline_v1' retrieved from /opt/airflow/dags/baseball_etl.py
[2026-04-21T05:05:36.849+0000] {logging_mixin.py:188} INFO - [2026-04-21T05:05:36.849+0000] {dag.py:3036} INFO - Sync 1 DAGs
[2026-04-21T05:05:36.875+0000] {logging_mixin.py:188} INFO - [2026-04-21T05:05:36.875+0000] {dag.py:3823} INFO - Setting next_dagrun for baseball_pipeline_v1 to 2026-04-21 00:00:00+00:00, run_after=2026-04-22 00:00:00+00:00
[2026-04-21T05:05:36.896+0000] {processor.py:183} INFO - Processing /opt/airflow/dags/baseball_etl.py took 0.593 seconds
[2026-04-21T05:06:07.663+0000] {processor.py:161} INFO - Started process (PID=3736078) to work on /opt/airflow/dags/baseball_etl.py
[2026-04-21T05:06:07.665+0000] {processor.py:830} INFO - Processing file /opt/airflow/dags/baseball_etl.py for tasks to queue
[2026-04-21T05:06:07.667+0000] {logging_mixin.py:188} INFO - [2026-04-21T05:06:07.667+0000] {dagbag.py:538} INFO - Filling up the DagBag from /opt/airflow/dags/baseball_etl.py
[2026-04-21T05:06:08.206+0000] {processor.py:840} INFO - DAG(s) 'baseball_pipeline_v1' retrieved from /opt/airflow/dags/baseball_etl.py
[2026-04-21T05:06:08.224+0000] {logging_mixin.py:188} INFO - [2026-04-21T05:06:08.224+0000] {dag.py:3036} INFO - Sync 1 DAGs
[2026-04-21T05:06:08.248+0000] {logging_mixin.py:188} INFO - [2026-04-21T05:06:08.248+0000] {dag.py:3823} INFO - Setting next_dagrun for baseball_pipeline_v1 to 2026-04-21 00:00:00+00:00, run_after=2026-04-22 00:00:00+00:00
[2026-04-21T05:06:08.265+0000] {processor.py:183} INFO - Processing /opt/airflow/dags/baseball_etl.py took 0.607 seconds
[2026-04-21T05:06:38.334+0000] {processor.py:161} INFO - Started process (PID=3736136) to work on /opt/airflow/dags/baseball_etl.py
[2026-04-21T05:06:38.336+0000] {processor.py:830} INFO - Processing file /opt/airflow/dags/baseball_etl.py for tasks to queue
[2026-04-21T05:06:38.339+0000] {logging_mixin.py:188} INFO - [2026-04-21T05:06:38.338+0000] {dagbag.py:538} INFO - Filling up the DagBag from /opt/airflow/dags/baseball_etl.py
[2026-04-21T05:06:38.860+0000] {processor.py:840} INFO - DAG(s) 'baseball_pipeline_v1' retrieved from /opt/airflow/dags/baseball_etl.py
[2026-04-21T05:06:38.879+0000] {logging_mixin.py:188} INFO - [2026-04-21T05:06:38.878+0000] {dag.py:3036} INFO - Sync 1 DAGs
[2026-04-21T05:06:38.903+0000] {logging_mixin.py:188} INFO - [2026-04-21T05:06:38.903+0000] {dag.py:3823} INFO - Setting next_dagrun for baseball_pipeline_v1 to 2026-04-21 00:00:00+00:00, run_after=2026-04-22 00:00:00+00:00
[2026-04-21T05:06:38.920+0000] {processor.py:183} INFO - Processing /opt/airflow/dags/baseball_etl.py took 0.590 seconds
[2026-04-21T05:07:09.597+0000] {processor.py:161} INFO - Started process (PID=3736193) to work on /opt/airflow/dags/baseball_etl.py
[2026-04-21T05:07:09.599+0000] {processor.py:830} INFO - Processing file /opt/airflow/dags/baseball_etl.py for tasks to queue
[2026-04-21T05:07:09.601+0000] {logging_mixin.py:188} INFO - [2026-04-21T05:07:09.601+0000] {dagbag.py:538} INFO - Filling up the DagBag from /opt/airflow/dags/baseball_etl.py
[2026-04-21T05:07:10.110+0000] {processor.py:840} INFO - DAG(s) 'baseball_pipeline_v1' retrieved from /opt/airflow/dags/baseball_etl.py
[2026-04-21T05:07:10.128+0000] {logging_mixin.py:188} INFO - [2026-04-21T05:07:10.128+0000] {dag.py:3036} INFO - Sync 1 DAGs
[2026-04-21T05:07:10.152+0000] {logging_mixin.py:188} INFO - [2026-04-21T05:07:10.152+0000] {dag.py:3823} INFO - Setting next_dagrun for baseball_pipeline_v1 to 2026-04-21 00:00:00+00:00, run_after=2026-04-22 00:00:00+00:00
[2026-04-21T05:07:10.170+0000] {processor.py:183} INFO - Processing /opt/airflow/dags/baseball_etl.py took 0.578 seconds
[2026-04-21T05:07:40.891+0000] {processor.py:161} INFO - Started process (PID=3736251) to work on /opt/airflow/dags/baseball_etl.py
[2026-04-21T05:07:40.893+0000] {processor.py:830} INFO - Processing file /opt/airflow/dags/baseball_etl.py for tasks to queue
[2026-04-21T05:07:40.895+0000] {logging_mixin.py:188} INFO - [2026-04-21T05:07:40.895+0000] {dagbag.py:538} INFO - Filling up the DagBag from /opt/airflow/dags/baseball_etl.py
[2026-04-21T05:07:41.433+0000] {processor.py:840} INFO - DAG(s) 'baseball_pipeline_v1' retrieved from /opt/airflow/dags/baseball_etl.py
[2026-04-21T05:07:41.451+0000] {logging_mixin.py:188} INFO - [2026-04-21T05:07:41.451+0000] {dag.py:3036} INFO - Sync 1 DAGs
[2026-04-21T05:07:41.476+0000] {logging_mixin.py:188} INFO - [2026-04-21T05:07:41.475+0000] {dag.py:3823} INFO - Setting next_dagrun for baseball_pipeline_v1 to 2026-04-21 00:00:00+00:00, run_after=2026-04-22 00:00:00+00:00
[2026-04-21T05:07:41.493+0000] {processor.py:183} INFO - Processing /opt/airflow/dags/baseball_etl.py took 0.608 seconds
[2026-04-21T05:08:12.211+0000] {processor.py:161} INFO - Started process (PID=3736310) to work on /opt/airflow/dags/baseball_etl.py
[2026-04-21T05:08:12.214+0000] {processor.py:830} INFO - Processing file /opt/airflow/dags/baseball_etl.py for tasks to queue
[2026-04-21T05:08:12.218+0000] {logging_mixin.py:188} INFO - [2026-04-21T05:08:12.217+0000] {dagbag.py:538} INFO - Filling up the DagBag from /opt/airflow/dags/baseball_etl.py
[2026-04-21T05:08:12.830+0000] {processor.py:840} INFO - DAG(s) 'baseball_pipeline_v1' retrieved from /opt/airflow/dags/baseball_etl.py
[2026-04-21T05:08:12.850+0000] {logging_mixin.py:188} INFO - [2026-04-21T05:08:12.850+0000] {dag.py:3036} INFO - Sync 1 DAGs
[2026-04-21T05:08:12.877+0000] {logging_mixin.py:188} INFO - [2026-04-21T05:08:12.877+0000] {dag.py:3823} INFO - Setting next_dagrun for baseball_pipeline_v1 to 2026-04-21 00:00:00+00:00, run_after=2026-04-22 00:00:00+00:00
[2026-04-21T05:08:12.895+0000] {processor.py:183} INFO - Processing /opt/airflow/dags/baseball_etl.py took 0.691 seconds
[2026-04-21T05:08:43.657+0000] {processor.py:161} INFO - Started process (PID=3736369) to work on /opt/airflow/dags/baseball_etl.py
[2026-04-21T05:08:43.659+0000] {processor.py:830} INFO - Processing file /opt/airflow/dags/baseball_etl.py for tasks to queue
[2026-04-21T05:08:43.661+0000] {logging_mixin.py:188} INFO - [2026-04-21T05:08:43.661+0000] {dagbag.py:538} INFO - Filling up the DagBag from /opt/airflow/dags/baseball_etl.py
[2026-04-21T05:08:44.253+0000] {processor.py:840} INFO - DAG(s) 'baseball_pipeline_v1' retrieved from /opt/airflow/dags/baseball_etl.py
[2026-04-21T05:08:44.272+0000] {logging_mixin.py:188} INFO - [2026-04-21T05:08:44.271+0000] {dag.py:3036} INFO - Sync 1 DAGs
[2026-04-21T05:08:44.298+0000] {logging_mixin.py:188} INFO - [2026-04-21T05:08:44.298+0000] {dag.py:3823} INFO - Setting next_dagrun for baseball_pipeline_v1 to 2026-04-21 00:00:00+00:00, run_after=2026-04-22 00:00:00+00:00
[2026-04-21T05:08:44.316+0000] {processor.py:183} INFO - Processing /opt/airflow/dags/baseball_etl.py took 0.664 seconds
[2026-04-21T05:09:14.996+0000] {processor.py:161} INFO - Started process (PID=3736428) to work on /opt/airflow/dags/baseball_etl.py
[2026-04-21T05:09:14.998+0000] {processor.py:830} INFO - Processing file /opt/airflow/dags/baseball_etl.py for tasks to queue
[2026-04-21T05:09:15.001+0000] {logging_mixin.py:188} INFO - [2026-04-21T05:09:15.000+0000] {dagbag.py:538} INFO - Filling up the DagBag from /opt/airflow/dags/baseball_etl.py
[2026-04-21T05:09:15.557+0000] {processor.py:840} INFO - DAG(s) 'baseball_pipeline_v1' retrieved from /opt/airflow/dags/baseball_etl.py
[2026-04-21T05:09:15.574+0000] {logging_mixin.py:188} INFO - [2026-04-21T05:09:15.574+0000] {dag.py:3036} INFO - Sync 1 DAGs
[2026-04-21T05:09:15.598+0000] {logging_mixin.py:188} INFO - [2026-04-21T05:09:15.597+0000] {dag.py:3823} INFO - Setting next_dagrun for baseball_pipeline_v1 to 2026-04-21 00:00:00+00:00, run_after=2026-04-22 00:00:00+00:00
[2026-04-21T05:09:15.614+0000] {processor.py:183} INFO - Processing /opt/airflow/dags/baseball_etl.py took 0.623 seconds
[2026-04-21T05:09:46.212+0000] {processor.py:161} INFO - Started process (PID=3736485) to work on /opt/airflow/dags/baseball_etl.py
[2026-04-21T05:09:46.214+0000] {processor.py:830} INFO - Processing file /opt/airflow/dags/baseball_etl.py for tasks to queue
[2026-04-21T05:09:46.217+0000] {logging_mixin.py:188} INFO - [2026-04-21T05:09:46.216+0000] {dagbag.py:538} INFO - Filling up the DagBag from /opt/airflow/dags/baseball_etl.py
[2026-04-21T05:09:46.773+0000] {processor.py:840} INFO - DAG(s) 'baseball_pipeline_v1' retrieved from /opt/airflow/dags/baseball_etl.py
[2026-04-21T05:09:46.792+0000] {logging_mixin.py:188} INFO - [2026-04-21T05:09:46.791+0000] {dag.py:3036} INFO - Sync 1 DAGs
[2026-04-21T05:09:46.815+0000] {logging_mixin.py:188} INFO - [2026-04-21T05:09:46.815+0000] {dag.py:3823} INFO - Setting next_dagrun for baseball_pipeline_v1 to 2026-04-21 00:00:00+00:00, run_after=2026-04-22 00:00:00+00:00
[2026-04-21T05:09:46.835+0000] {processor.py:183} INFO - Processing /opt/airflow/dags/baseball_etl.py took 0.628 seconds
[2026-04-21T05:10:17.478+0000] {processor.py:161} INFO - Started process (PID=3736542) to work on /opt/airflow/dags/baseball_etl.py
[2026-04-21T05:10:17.480+0000] {processor.py:830} INFO - Processing file /opt/airflow/dags/baseball_etl.py for tasks to queue
[2026-04-21T05:10:17.483+0000] {logging_mixin.py:188} INFO - [2026-04-21T05:10:17.482+0000] {dagbag.py:538} INFO - Filling up the DagBag from /opt/airflow/dags/baseball_etl.py
[2026-04-21T05:10:18.042+0000] {processor.py:840} INFO - DAG(s) 'baseball_pipeline_v1' retrieved from /opt/airflow/dags/baseball_etl.py
[2026-04-21T05:10:18.063+0000] {logging_mixin.py:188} INFO - [2026-04-21T05:10:18.062+0000] {dag.py:3036} INFO - Sync 1 DAGs
[2026-04-21T05:10:18.087+0000] {logging_mixin.py:188} INFO - [2026-04-21T05:10:18.087+0000] {dag.py:3823} INFO - Setting next_dagrun for baseball_pipeline_v1 to 2026-04-21 00:00:00+00:00, run_after=2026-04-22 00:00:00+00:00
[2026-04-21T05:10:18.106+0000] {processor.py:183} INFO - Processing /opt/airflow/dags/baseball_etl.py took 0.633 seconds
[2026-04-21T05:10:48.751+0000] {processor.py:161} INFO - Started process (PID=3736599) to work on /opt/airflow/dags/baseball_etl.py
[2026-04-21T05:10:48.753+0000] {processor.py:830} INFO - Processing file /opt/airflow/dags/baseball_etl.py for tasks to queue
[2026-04-21T05:10:48.756+0000] {logging_mixin.py:188} INFO - [2026-04-21T05:10:48.755+0000] {dagbag.py:538} INFO - Filling up the DagBag from /opt/airflow/dags/baseball_etl.py
[2026-04-21T05:10:49.284+0000] {processor.py:840} INFO - DAG(s) 'baseball_pipeline_v1' retrieved from /opt/airflow/dags/baseball_etl.py
[2026-04-21T05:10:49.301+0000] {logging_mixin.py:188} INFO - [2026-04-21T05:10:49.301+0000] {dag.py:3036} INFO - Sync 1 DAGs
[2026-04-21T05:10:49.325+0000] {logging_mixin.py:188} INFO - [2026-04-21T05:10:49.324+0000] {dag.py:3823} INFO - Setting next_dagrun for baseball_pipeline_v1 to 2026-04-21 00:00:00+00:00, run_after=2026-04-22 00:00:00+00:00
[2026-04-21T05:10:49.341+0000] {processor.py:183} INFO - Processing /opt/airflow/dags/baseball_etl.py took 0.595 seconds
[2026-04-21T05:11:19.968+0000] {processor.py:161} INFO - Started process (PID=3736656) to work on /opt/airflow/dags/baseball_etl.py
[2026-04-21T05:11:19.970+0000] {processor.py:830} INFO - Processing file /opt/airflow/dags/baseball_etl.py for tasks to queue
[2026-04-21T05:11:19.972+0000] {logging_mixin.py:188} INFO - [2026-04-21T05:11:19.972+0000] {dagbag.py:538} INFO - Filling up the DagBag from /opt/airflow/dags/baseball_etl.py
[2026-04-21T05:11:20.491+0000] {processor.py:840} INFO - DAG(s) 'baseball_pipeline_v1' retrieved from /opt/airflow/dags/baseball_etl.py
[2026-04-21T05:11:20.511+0000] {logging_mixin.py:188} INFO - [2026-04-21T05:11:20.511+0000] {dag.py:3036} INFO - Sync 1 DAGs
[2026-04-21T05:11:20.535+0000] {logging_mixin.py:188} INFO - [2026-04-21T05:11:20.534+0000] {dag.py:3823} INFO - Setting next_dagrun for baseball_pipeline_v1 to 2026-04-21 00:00:00+00:00, run_after=2026-04-22 00:00:00+00:00
[2026-04-21T05:11:20.552+0000] {processor.py:183} INFO - Processing /opt/airflow/dags/baseball_etl.py took 0.589 seconds
[2026-04-21T05:11:51.196+0000] {processor.py:161} INFO - Started process (PID=3736713) to work on /opt/airflow/dags/baseball_etl.py
[2026-04-21T05:11:51.198+0000] {processor.py:830} INFO - Processing file /opt/airflow/dags/baseball_etl.py for tasks to queue
[2026-04-21T05:11:51.201+0000] {logging_mixin.py:188} INFO - [2026-04-21T05:11:51.200+0000] {dagbag.py:538} INFO - Filling up the DagBag from /opt/airflow/dags/baseball_etl.py
[2026-04-21T05:11:51.735+0000] {processor.py:840} INFO - DAG(s) 'baseball_pipeline_v1' retrieved from /opt/airflow/dags/baseball_etl.py
[2026-04-21T05:11:51.757+0000] {logging_mixin.py:188} INFO - [2026-04-21T05:11:51.756+0000] {dag.py:3036} INFO - Sync 1 DAGs
[2026-04-21T05:11:51.780+0000] {logging_mixin.py:188} INFO - [2026-04-21T05:11:51.780+0000] {dag.py:3823} INFO - Setting next_dagrun for baseball_pipeline_v1 to 2026-04-21 00:00:00+00:00, run_after=2026-04-22 00:00:00+00:00
[2026-04-21T05:11:51.798+0000] {processor.py:183} INFO - Processing /opt/airflow/dags/baseball_etl.py took 0.607 seconds
[2026-04-21T05:12:22.620+0000] {processor.py:161} INFO - Started process (PID=3736771) to work on /opt/airflow/dags/baseball_etl.py
[2026-04-21T05:12:22.622+0000] {processor.py:830} INFO - Processing file /opt/airflow/dags/baseball_etl.py for tasks to queue
[2026-04-21T05:12:22.624+0000] {logging_mixin.py:188} INFO - [2026-04-21T05:12:22.623+0000] {dagbag.py:538} INFO - Filling up the DagBag from /opt/airflow/dags/baseball_etl.py
[2026-04-21T05:12:23.144+0000] {processor.py:840} INFO - DAG(s) 'baseball_pipeline_v1' retrieved from /opt/airflow/dags/baseball_etl.py
[2026-04-21T05:12:23.164+0000] {logging_mixin.py:188} INFO - [2026-04-21T05:12:23.163+0000] {dag.py:3036} INFO - Sync 1 DAGs
[2026-04-21T05:12:23.187+0000] {logging_mixin.py:188} INFO - [2026-04-21T05:12:23.186+0000] {dag.py:3823} INFO - Setting next_dagrun for baseball_pipeline_v1 to 2026-04-21 00:00:00+00:00, run_after=2026-04-22 00:00:00+00:00
[2026-04-21T05:12:23.204+0000] {processor.py:183} INFO - Processing /opt/airflow/dags/baseball_etl.py took 0.588 seconds
[2026-04-21T05:12:54.001+0000] {processor.py:161} INFO - Started process (PID=3736829) to work on /opt/airflow/dags/baseball_etl.py
[2026-04-21T05:12:54.003+0000] {processor.py:830} INFO - Processing file /opt/airflow/dags/baseball_etl.py for tasks to queue
[2026-04-21T05:12:54.005+0000] {logging_mixin.py:188} INFO - [2026-04-21T05:12:54.005+0000] {dagbag.py:538} INFO - Filling up the DagBag from /opt/airflow/dags/baseball_etl.py
[2026-04-21T05:12:54.536+0000] {processor.py:840} INFO - DAG(s) 'baseball_pipeline_v1' retrieved from /opt/airflow/dags/baseball_etl.py
[2026-04-21T05:12:54.556+0000] {logging_mixin.py:188} INFO - [2026-04-21T05:12:54.555+0000] {dag.py:3036} INFO - Sync 1 DAGs
[2026-04-21T05:12:54.579+0000] {logging_mixin.py:188} INFO - [2026-04-21T05:12:54.578+0000] {dag.py:3823} INFO - Setting next_dagrun for baseball_pipeline_v1 to 2026-04-21 00:00:00+00:00, run_after=2026-04-22 00:00:00+00:00
[2026-04-21T05:12:54.595+0000] {processor.py:183} INFO - Processing /opt/airflow/dags/baseball_etl.py took 0.599 seconds
[2026-04-21T05:13:25.318+0000] {processor.py:161} INFO - Started process (PID=3736887) to work on /opt/airflow/dags/baseball_etl.py
[2026-04-21T05:13:25.320+0000] {processor.py:830} INFO - Processing file /opt/airflow/dags/baseball_etl.py for tasks to queue
[2026-04-21T05:13:25.323+0000] {logging_mixin.py:188} INFO - [2026-04-21T05:13:25.322+0000] {dagbag.py:538} INFO - Filling up the DagBag from /opt/airflow/dags/baseball_etl.py
[2026-04-21T05:13:25.838+0000] {processor.py:840} INFO - DAG(s) 'baseball_pipeline_v1' retrieved from /opt/airflow/dags/baseball_etl.py
[2026-04-21T05:13:25.857+0000] {logging_mixin.py:188} INFO - [2026-04-21T05:13:25.856+0000] {dag.py:3036} INFO - Sync 1 DAGs
[2026-04-21T05:13:25.880+0000] {logging_mixin.py:188} INFO - [2026-04-21T05:13:25.880+0000] {dag.py:3823} INFO - Setting next_dagrun for baseball_pipeline_v1 to 2026-04-21 00:00:00+00:00, run_after=2026-04-22 00:00:00+00:00
[2026-04-21T05:13:25.897+0000] {processor.py:183} INFO - Processing /opt/airflow/dags/baseball_etl.py took 0.584 seconds
[2026-04-21T05:13:56.784+0000] {processor.py:161} INFO - Started process (PID=3736947) to work on /opt/airflow/dags/baseball_etl.py
[2026-04-21T05:13:56.787+0000] {processor.py:830} INFO - Processing file /opt/airflow/dags/baseball_etl.py for tasks to queue
[2026-04-21T05:13:56.789+0000] {logging_mixin.py:188} INFO - [2026-04-21T05:13:56.789+0000] {dagbag.py:538} INFO - Filling up the DagBag from /opt/airflow/dags/baseball_etl.py
[2026-04-21T05:13:57.298+0000] {processor.py:840} INFO - DAG(s) 'baseball_pipeline_v1' retrieved from /opt/airflow/dags/baseball_etl.py
[2026-04-21T05:13:57.320+0000] {logging_mixin.py:188} INFO - [2026-04-21T05:13:57.319+0000] {dag.py:3036} INFO - Sync 1 DAGs
[2026-04-21T05:13:57.344+0000] {logging_mixin.py:188} INFO - [2026-04-21T05:13:57.343+0000] {dag.py:3823} INFO - Setting next_dagrun for baseball_pipeline_v1 to 2026-04-21 00:00:00+00:00, run_after=2026-04-22 00:00:00+00:00
[2026-04-21T05:13:57.361+0000] {processor.py:183} INFO - Processing /opt/airflow/dags/baseball_etl.py took 0.582 seconds
[2026-04-21T05:14:28.120+0000] {processor.py:161} INFO - Started process (PID=3737005) to work on /opt/airflow/dags/baseball_etl.py
[2026-04-21T05:14:28.122+0000] {processor.py:830} INFO - Processing file /opt/airflow/dags/baseball_etl.py for tasks to queue
[2026-04-21T05:14:28.124+0000] {logging_mixin.py:188} INFO - [2026-04-21T05:14:28.124+0000] {dagbag.py:538} INFO - Filling up the DagBag from /opt/airflow/dags/baseball_etl.py
[2026-04-21T05:14:28.680+0000] {processor.py:840} INFO - DAG(s) 'baseball_pipeline_v1' retrieved from /opt/airflow/dags/baseball_etl.py
[2026-04-21T05:14:28.700+0000] {logging_mixin.py:188} INFO - [2026-04-21T05:14:28.699+0000] {dag.py:3036} INFO - Sync 1 DAGs
[2026-04-21T05:14:28.723+0000] {logging_mixin.py:188} INFO - [2026-04-21T05:14:28.723+0000] {dag.py:3823} INFO - Setting next_dagrun for baseball_pipeline_v1 to 2026-04-21 00:00:00+00:00, run_after=2026-04-22 00:00:00+00:00
[2026-04-21T05:14:28.741+0000] {processor.py:183} INFO - Processing /opt/airflow/dags/baseball_etl.py took 0.626 seconds
[2026-04-21T05:14:59.538+0000] {processor.py:161} INFO - Started process (PID=3737063) to work on /opt/airflow/dags/baseball_etl.py
[2026-04-21T05:14:59.544+0000] {processor.py:830} INFO - Processing file /opt/airflow/dags/baseball_etl.py for tasks to queue
[2026-04-21T05:14:59.546+0000] {logging_mixin.py:188} INFO - [2026-04-21T05:14:59.546+0000] {dagbag.py:538} INFO - Filling up the DagBag from /opt/airflow/dags/baseball_etl.py
[2026-04-21T05:15:00.051+0000] {processor.py:840} INFO - DAG(s) 'baseball_pipeline_v1' retrieved from /opt/airflow/dags/baseball_etl.py
[2026-04-21T05:15:00.070+0000] {logging_mixin.py:188} INFO - [2026-04-21T05:15:00.070+0000] {dag.py:3036} INFO - Sync 1 DAGs
[2026-04-21T05:15:00.093+0000] {logging_mixin.py:188} INFO - [2026-04-21T05:15:00.093+0000] {dag.py:3823} INFO - Setting next_dagrun for baseball_pipeline_v1 to 2026-04-21 00:00:00+00:00, run_after=2026-04-22 00:00:00+00:00
[2026-04-21T05:15:00.110+0000] {processor.py:183} INFO - Processing /opt/airflow/dags/baseball_etl.py took 0.577 seconds
[2026-04-21T05:15:30.720+0000] {processor.py:161} INFO - Started process (PID=3737120) to work on /opt/airflow/dags/baseball_etl.py
[2026-04-21T05:15:30.722+0000] {processor.py:830} INFO - Processing file /opt/airflow/dags/baseball_etl.py for tasks to queue
[2026-04-21T05:15:30.724+0000] {logging_mixin.py:188} INFO - [2026-04-21T05:15:30.724+0000] {dagbag.py:538} INFO - Filling up the DagBag from /opt/airflow/dags/baseball_etl.py
[2026-04-21T05:15:31.246+0000] {processor.py:840} INFO - DAG(s) 'baseball_pipeline_v1' retrieved from /opt/airflow/dags/baseball_etl.py
[2026-04-21T05:15:31.265+0000] {logging_mixin.py:188} INFO - [2026-04-21T05:15:31.265+0000] {dag.py:3036} INFO - Sync 1 DAGs
[2026-04-21T05:15:31.289+0000] {logging_mixin.py:188} INFO - [2026-04-21T05:15:31.289+0000] {dag.py:3823} INFO - Setting next_dagrun for baseball_pipeline_v1 to 2026-04-21 00:00:00+00:00, run_after=2026-04-22 00:00:00+00:00
[2026-04-21T05:15:31.306+0000] {processor.py:183} INFO - Processing /opt/airflow/dags/baseball_etl.py took 0.591 seconds
[2026-04-21T05:16:02.174+0000] {processor.py:161} INFO - Started process (PID=3737179) to work on /opt/airflow/dags/baseball_etl.py
[2026-04-21T05:16:02.177+0000] {processor.py:830} INFO - Processing file /opt/airflow/dags/baseball_etl.py for tasks to queue
[2026-04-21T05:16:02.179+0000] {logging_mixin.py:188} INFO - [2026-04-21T05:16:02.179+0000] {dagbag.py:538} INFO - Filling up the DagBag from /opt/airflow/dags/baseball_etl.py
[2026-04-21T05:16:02.739+0000] {processor.py:840} INFO - DAG(s) 'baseball_pipeline_v1' retrieved from /opt/airflow/dags/baseball_etl.py
[2026-04-21T05:16:02.757+0000] {logging_mixin.py:188} INFO - [2026-04-21T05:16:02.756+0000] {dag.py:3036} INFO - Sync 1 DAGs
[2026-04-21T05:16:02.781+0000] {logging_mixin.py:188} INFO - [2026-04-21T05:16:02.781+0000] {dag.py:3823} INFO - Setting next_dagrun for baseball_pipeline_v1 to 2026-04-21 00:00:00+00:00, run_after=2026-04-22 00:00:00+00:00
[2026-04-21T05:16:02.798+0000] {processor.py:183} INFO - Processing /opt/airflow/dags/baseball_etl.py took 0.629 seconds
[2026-04-21T05:16:32.848+0000] {processor.py:161} INFO - Started process (PID=3737241) to work on /opt/airflow/dags/baseball_etl.py
[2026-04-21T05:16:32.850+0000] {processor.py:830} INFO - Processing file /opt/airflow/dags/baseball_etl.py for tasks to queue
[2026-04-21T05:16:32.853+0000] {logging_mixin.py:188} INFO - [2026-04-21T05:16:32.852+0000] {dagbag.py:538} INFO - Filling up the DagBag from /opt/airflow/dags/baseball_etl.py
[2026-04-21T05:16:33.389+0000] {processor.py:840} INFO - DAG(s) 'baseball_pipeline_v1' retrieved from /opt/airflow/dags/baseball_etl.py
[2026-04-21T05:16:33.407+0000] {logging_mixin.py:188} INFO - [2026-04-21T05:16:33.406+0000] {dag.py:3036} INFO - Sync 1 DAGs
[2026-04-21T05:16:33.431+0000] {logging_mixin.py:188} INFO - [2026-04-21T05:16:33.431+0000] {dag.py:3823} INFO - Setting next_dagrun for baseball_pipeline_v1 to 2026-04-21 00:00:00+00:00, run_after=2026-04-22 00:00:00+00:00
[2026-04-21T05:16:33.451+0000] {processor.py:183} INFO - Processing /opt/airflow/dags/baseball_etl.py took 0.608 seconds
[2026-04-21T05:17:04.104+0000] {processor.py:161} INFO - Started process (PID=3737298) to work on /opt/airflow/dags/baseball_etl.py
[2026-04-21T05:17:04.106+0000] {processor.py:830} INFO - Processing file /opt/airflow/dags/baseball_etl.py for tasks to queue
[2026-04-21T05:17:04.108+0000] {logging_mixin.py:188} INFO - [2026-04-21T05:17:04.108+0000] {dagbag.py:538} INFO - Filling up the DagBag from /opt/airflow/dags/baseball_etl.py
[2026-04-21T05:17:04.644+0000] {processor.py:840} INFO - DAG(s) 'baseball_pipeline_v1' retrieved from /opt/airflow/dags/baseball_etl.py
[2026-04-21T05:17:04.663+0000] {logging_mixin.py:188} INFO - [2026-04-21T05:17:04.663+0000] {dag.py:3036} INFO - Sync 1 DAGs
[2026-04-21T05:17:04.689+0000] {logging_mixin.py:188} INFO - [2026-04-21T05:17:04.689+0000] {dag.py:3823} INFO - Setting next_dagrun for baseball_pipeline_v1 to 2026-04-21 00:00:00+00:00, run_after=2026-04-22 00:00:00+00:00
[2026-04-21T05:17:04.709+0000] {processor.py:183} INFO - Processing /opt/airflow/dags/baseball_etl.py took 0.612 seconds
[2026-04-21T05:17:35.532+0000] {processor.py:161} INFO - Started process (PID=3737364) to work on /opt/airflow/dags/baseball_etl.py
[2026-04-21T05:17:35.534+0000] {processor.py:830} INFO - Processing file /opt/airflow/dags/baseball_etl.py for tasks to queue
[2026-04-21T05:17:35.537+0000] {logging_mixin.py:188} INFO - [2026-04-21T05:17:35.536+0000] {dagbag.py:538} INFO - Filling up the DagBag from /opt/airflow/dags/baseball_etl.py
[2026-04-21T05:17:36.089+0000] {processor.py:840} INFO - DAG(s) 'baseball_pipeline_v1' retrieved from /opt/airflow/dags/baseball_etl.py
[2026-04-21T05:17:36.106+0000] {logging_mixin.py:188} INFO - [2026-04-21T05:17:36.106+0000] {dag.py:3036} INFO - Sync 1 DAGs
[2026-04-21T05:17:36.131+0000] {logging_mixin.py:188} INFO - [2026-04-21T05:17:36.130+0000] {dag.py:3823} INFO - Setting next_dagrun for baseball_pipeline_v1 to 2026-04-21 00:00:00+00:00, run_after=2026-04-22 00:00:00+00:00
[2026-04-21T05:17:36.148+0000] {processor.py:183} INFO - Processing /opt/airflow/dags/baseball_etl.py took 0.620 seconds
[2026-04-21T05:18:06.897+0000] {processor.py:161} INFO - Started process (PID=3737423) to work on /opt/airflow/dags/baseball_etl.py
[2026-04-21T05:18:06.899+0000] {processor.py:830} INFO - Processing file /opt/airflow/dags/baseball_etl.py for tasks to queue
[2026-04-21T05:18:06.902+0000] {logging_mixin.py:188} INFO - [2026-04-21T05:18:06.901+0000] {dagbag.py:538} INFO - Filling up the DagBag from /opt/airflow/dags/baseball_etl.py
[2026-04-21T05:18:07.442+0000] {processor.py:840} INFO - DAG(s) 'baseball_pipeline_v1' retrieved from /opt/airflow/dags/baseball_etl.py
[2026-04-21T05:18:07.460+0000] {logging_mixin.py:188} INFO - [2026-04-21T05:18:07.460+0000] {dag.py:3036} INFO - Sync 1 DAGs
[2026-04-21T05:18:07.484+0000] {logging_mixin.py:188} INFO - [2026-04-21T05:18:07.483+0000] {dag.py:3823} INFO - Setting next_dagrun for baseball_pipeline_v1 to 2026-04-21 00:00:00+00:00, run_after=2026-04-22 00:00:00+00:00
[2026-04-21T05:18:07.500+0000] {processor.py:183} INFO - Processing /opt/airflow/dags/baseball_etl.py took 0.608 seconds
[2026-04-21T05:18:38.294+0000] {processor.py:161} INFO - Started process (PID=3737484) to work on /opt/airflow/dags/baseball_etl.py
[2026-04-21T05:18:38.296+0000] {processor.py:830} INFO - Processing file /opt/airflow/dags/baseball_etl.py for tasks to queue
[2026-04-21T05:18:38.299+0000] {logging_mixin.py:188} INFO - [2026-04-21T05:18:38.298+0000] {dagbag.py:538} INFO - Filling up the DagBag from /opt/airflow/dags/baseball_etl.py
[2026-04-21T05:18:38.824+0000] {processor.py:840} INFO - DAG(s) 'baseball_pipeline_v1' retrieved from /opt/airflow/dags/baseball_etl.py
[2026-04-21T05:18:38.843+0000] {logging_mixin.py:188} INFO - [2026-04-21T05:18:38.842+0000] {dag.py:3036} INFO - Sync 1 DAGs
[2026-04-21T05:18:38.867+0000] {logging_mixin.py:188} INFO - [2026-04-21T05:18:38.867+0000] {dag.py:3823} INFO - Setting next_dagrun for baseball_pipeline_v1 to 2026-04-21 00:00:00+00:00, run_after=2026-04-22 00:00:00+00:00
[2026-04-21T05:18:38.885+0000] {processor.py:183} INFO - Processing /opt/airflow/dags/baseball_etl.py took 0.595 seconds
[2026-04-21T05:19:09.626+0000] {processor.py:161} INFO - Started process (PID=3737541) to work on /opt/airflow/dags/baseball_etl.py
[2026-04-21T05:19:09.629+0000] {processor.py:830} INFO - Processing file /opt/airflow/dags/baseball_etl.py for tasks to queue
[2026-04-21T05:19:09.631+0000] {logging_mixin.py:188} INFO - [2026-04-21T05:19:09.631+0000] {dagbag.py:538} INFO - Filling up the DagBag from /opt/airflow/dags/baseball_etl.py
[2026-04-21T05:19:10.156+0000] {processor.py:840} INFO - DAG(s) 'baseball_pipeline_v1' retrieved from /opt/airflow/dags/baseball_etl.py
[2026-04-21T05:19:10.174+0000] {logging_mixin.py:188} INFO - [2026-04-21T05:19:10.173+0000] {dag.py:3036} INFO - Sync 1 DAGs
[2026-04-21T05:19:10.198+0000] {logging_mixin.py:188} INFO - [2026-04-21T05:19:10.198+0000] {dag.py:3823} INFO - Setting next_dagrun for baseball_pipeline_v1 to 2026-04-21 00:00:00+00:00, run_after=2026-04-22 00:00:00+00:00
[2026-04-21T05:19:10.216+0000] {processor.py:183} INFO - Processing /opt/airflow/dags/baseball_etl.py took 0.594 seconds
[2026-04-21T05:19:40.850+0000] {processor.py:161} INFO - Started process (PID=3737598) to work on /opt/airflow/dags/baseball_etl.py
[2026-04-21T05:19:40.853+0000] {processor.py:830} INFO - Processing file /opt/airflow/dags/baseball_etl.py for tasks to queue
[2026-04-21T05:19:40.856+0000] {logging_mixin.py:188} INFO - [2026-04-21T05:19:40.855+0000] {dagbag.py:538} INFO - Filling up the DagBag from /opt/airflow/dags/baseball_etl.py
[2026-04-21T05:19:41.389+0000] {processor.py:840} INFO - DAG(s) 'baseball_pipeline_v1' retrieved from /opt/airflow/dags/baseball_etl.py
[2026-04-21T05:19:41.406+0000] {logging_mixin.py:188} INFO - [2026-04-21T05:19:41.406+0000] {dag.py:3036} INFO - Sync 1 DAGs
[2026-04-21T05:19:41.437+0000] {logging_mixin.py:188} INFO - [2026-04-21T05:19:41.437+0000] {dag.py:3823} INFO - Setting next_dagrun for baseball_pipeline_v1 to 2026-04-21 00:00:00+00:00, run_after=2026-04-22 00:00:00+00:00
[2026-04-21T05:19:41.455+0000] {processor.py:183} INFO - Processing /opt/airflow/dags/baseball_etl.py took 0.611 seconds
[2026-04-21T05:20:12.162+0000] {processor.py:161} INFO - Started process (PID=3737655) to work on /opt/airflow/dags/baseball_etl.py
[2026-04-21T05:20:12.164+0000] {processor.py:830} INFO - Processing file /opt/airflow/dags/baseball_etl.py for tasks to queue
[2026-04-21T05:20:12.167+0000] {logging_mixin.py:188} INFO - [2026-04-21T05:20:12.167+0000] {dagbag.py:538} INFO - Filling up the DagBag from /opt/airflow/dags/baseball_etl.py
[2026-04-21T05:20:12.720+0000] {processor.py:840} INFO - DAG(s) 'baseball_pipeline_v1' retrieved from /opt/airflow/dags/baseball_etl.py
[2026-04-21T05:20:12.739+0000] {logging_mixin.py:188} INFO - [2026-04-21T05:20:12.738+0000] {dag.py:3036} INFO - Sync 1 DAGs
[2026-04-21T05:20:12.764+0000] {logging_mixin.py:188} INFO - [2026-04-21T05:20:12.764+0000] {dag.py:3823} INFO - Setting next_dagrun for baseball_pipeline_v1 to 2026-04-21 00:00:00+00:00, run_after=2026-04-22 00:00:00+00:00
[2026-04-21T05:20:12.782+0000] {processor.py:183} INFO - Processing /opt/airflow/dags/baseball_etl.py took 0.625 seconds
[2026-04-21T05:20:43.597+0000] {processor.py:161} INFO - Started process (PID=3737712) to work on /opt/airflow/dags/baseball_etl.py
[2026-04-21T05:20:43.599+0000] {processor.py:830} INFO - Processing file /opt/airflow/dags/baseball_etl.py for tasks to queue
[2026-04-21T05:20:43.601+0000] {logging_mixin.py:188} INFO - [2026-04-21T05:20:43.601+0000] {dagbag.py:538} INFO - Filling up the DagBag from /opt/airflow/dags/baseball_etl.py
[2026-04-21T05:20:44.149+0000] {processor.py:840} INFO - DAG(s) 'baseball_pipeline_v1' retrieved from /opt/airflow/dags/baseball_etl.py
[2026-04-21T05:20:44.168+0000] {logging_mixin.py:188} INFO - [2026-04-21T05:20:44.168+0000] {dag.py:3036} INFO - Sync 1 DAGs
[2026-04-21T05:20:44.195+0000] {logging_mixin.py:188} INFO - [2026-04-21T05:20:44.194+0000] {dag.py:3823} INFO - Setting next_dagrun for baseball_pipeline_v1 to 2026-04-21 00:00:00+00:00, run_after=2026-04-22 00:00:00+00:00
[2026-04-21T05:20:44.213+0000] {processor.py:183} INFO - Processing /opt/airflow/dags/baseball_etl.py took 0.621 seconds
[2026-04-21T05:21:15.105+0000] {processor.py:161} INFO - Started process (PID=3737771) to work on /opt/airflow/dags/baseball_etl.py
[2026-04-21T05:21:15.107+0000] {processor.py:830} INFO - Processing file /opt/airflow/dags/baseball_etl.py for tasks to queue
[2026-04-21T05:21:15.109+0000] {logging_mixin.py:188} INFO - [2026-04-21T05:21:15.109+0000] {dagbag.py:538} INFO - Filling up the DagBag from /opt/airflow/dags/baseball_etl.py
[2026-04-21T05:21:15.657+0000] {processor.py:840} INFO - DAG(s) 'baseball_pipeline_v1' retrieved from /opt/airflow/dags/baseball_etl.py
[2026-04-21T05:21:15.678+0000] {logging_mixin.py:188} INFO - [2026-04-21T05:21:15.677+0000] {dag.py:3036} INFO - Sync 1 DAGs
[2026-04-21T05:21:15.709+0000] {logging_mixin.py:188} INFO - [2026-04-21T05:21:15.708+0000] {dag.py:3823} INFO - Setting next_dagrun for baseball_pipeline_v1 to 2026-04-21 00:00:00+00:00, run_after=2026-04-22 00:00:00+00:00
[2026-04-21T05:21:15.728+0000] {processor.py:183} INFO - Processing /opt/airflow/dags/baseball_etl.py took 0.628 seconds
[2026-04-21T05:21:46.622+0000] {processor.py:161} INFO - Started process (PID=3737830) to work on /opt/airflow/dags/baseball_etl.py
[2026-04-21T05:21:46.624+0000] {processor.py:830} INFO - Processing file /opt/airflow/dags/baseball_etl.py for tasks to queue
[2026-04-21T05:21:46.627+0000] {logging_mixin.py:188} INFO - [2026-04-21T05:21:46.626+0000] {dagbag.py:538} INFO - Filling up the DagBag from /opt/airflow/dags/baseball_etl.py
[2026-04-21T05:21:47.174+0000] {processor.py:840} INFO - DAG(s) 'baseball_pipeline_v1' retrieved from /opt/airflow/dags/baseball_etl.py
[2026-04-21T05:21:47.193+0000] {logging_mixin.py:188} INFO - [2026-04-21T05:21:47.192+0000] {dag.py:3036} INFO - Sync 1 DAGs
[2026-04-21T05:21:47.216+0000] {logging_mixin.py:188} INFO - [2026-04-21T05:21:47.216+0000] {dag.py:3823} INFO - Setting next_dagrun for baseball_pipeline_v1 to 2026-04-21 00:00:00+00:00, run_after=2026-04-22 00:00:00+00:00
[2026-04-21T05:21:47.235+0000] {processor.py:183} INFO - Processing /opt/airflow/dags/baseball_etl.py took 0.618 seconds
[2026-04-21T05:22:17.386+0000] {processor.py:161} INFO - Started process (PID=3737889) to work on /opt/airflow/dags/baseball_etl.py
[2026-04-21T05:22:17.388+0000] {processor.py:830} INFO - Processing file /opt/airflow/dags/baseball_etl.py for tasks to queue
[2026-04-21T05:22:17.390+0000] {logging_mixin.py:188} INFO - [2026-04-21T05:22:17.390+0000] {dagbag.py:538} INFO - Filling up the DagBag from /opt/airflow/dags/baseball_etl.py
[2026-04-21T05:22:17.913+0000] {processor.py:840} INFO - DAG(s) 'baseball_pipeline_v1' retrieved from /opt/airflow/dags/baseball_etl.py
[2026-04-21T05:22:17.932+0000] {logging_mixin.py:188} INFO - [2026-04-21T05:22:17.931+0000] {dag.py:3036} INFO - Sync 1 DAGs
[2026-04-21T05:22:17.955+0000] {logging_mixin.py:188} INFO - [2026-04-21T05:22:17.955+0000] {dag.py:3823} INFO - Setting next_dagrun for baseball_pipeline_v1 to 2026-04-21 00:00:00+00:00, run_after=2026-04-22 00:00:00+00:00
[2026-04-21T05:22:17.973+0000] {processor.py:183} INFO - Processing /opt/airflow/dags/baseball_etl.py took 0.592 seconds
[2026-04-21T05:22:48.043+0000] {processor.py:161} INFO - Started process (PID=3737947) to work on /opt/airflow/dags/baseball_etl.py
[2026-04-21T05:22:48.045+0000] {processor.py:830} INFO - Processing file /opt/airflow/dags/baseball_etl.py for tasks to queue
[2026-04-21T05:22:48.047+0000] {logging_mixin.py:188} INFO - [2026-04-21T05:22:48.047+0000] {dagbag.py:538} INFO - Filling up the DagBag from /opt/airflow/dags/baseball_etl.py
[2026-04-21T05:22:48.584+0000] {processor.py:840} INFO - DAG(s) 'baseball_pipeline_v1' retrieved from /opt/airflow/dags/baseball_etl.py
[2026-04-21T05:22:48.603+0000] {logging_mixin.py:188} INFO - [2026-04-21T05:22:48.602+0000] {dag.py:3036} INFO - Sync 1 DAGs
[2026-04-21T05:22:48.627+0000] {logging_mixin.py:188} INFO - [2026-04-21T05:22:48.626+0000] {dag.py:3823} INFO - Setting next_dagrun for baseball_pipeline_v1 to 2026-04-21 00:00:00+00:00, run_after=2026-04-22 00:00:00+00:00
[2026-04-21T05:22:48.644+0000] {processor.py:183} INFO - Processing /opt/airflow/dags/baseball_etl.py took 0.606 seconds
[2026-04-21T05:23:19.005+0000] {processor.py:161} INFO - Started process (PID=3738007) to work on /opt/airflow/dags/baseball_etl.py
[2026-04-21T05:23:19.007+0000] {processor.py:830} INFO - Processing file /opt/airflow/dags/baseball_etl.py for tasks to queue
[2026-04-21T05:23:19.010+0000] {logging_mixin.py:188} INFO - [2026-04-21T05:23:19.009+0000] {dagbag.py:538} INFO - Filling up the DagBag from /opt/airflow/dags/baseball_etl.py
[2026-04-21T05:23:19.584+0000] {processor.py:840} INFO - DAG(s) 'baseball_pipeline_v1' retrieved from /opt/airflow/dags/baseball_etl.py
[2026-04-21T05:23:19.603+0000] {logging_mixin.py:188} INFO - [2026-04-21T05:23:19.603+0000] {dag.py:3036} INFO - Sync 1 DAGs
[2026-04-21T05:23:19.628+0000] {logging_mixin.py:188} INFO - [2026-04-21T05:23:19.628+0000] {dag.py:3823} INFO - Setting next_dagrun for baseball_pipeline_v1 to 2026-04-21 00:00:00+00:00, run_after=2026-04-22 00:00:00+00:00
[2026-04-21T05:23:19.645+0000] {processor.py:183} INFO - Processing /opt/airflow/dags/baseball_etl.py took 0.645 seconds
[2026-04-21T05:23:49.799+0000] {processor.py:161} INFO - Started process (PID=3738066) to work on /opt/airflow/dags/baseball_etl.py
[2026-04-21T05:23:49.801+0000] {processor.py:830} INFO - Processing file /opt/airflow/dags/baseball_etl.py for tasks to queue
[2026-04-21T05:23:49.803+0000] {logging_mixin.py:188} INFO - [2026-04-21T05:23:49.803+0000] {dagbag.py:538} INFO - Filling up the DagBag from /opt/airflow/dags/baseball_etl.py
[2026-04-21T05:23:50.343+0000] {processor.py:840} INFO - DAG(s) 'baseball_pipeline_v1' retrieved from /opt/airflow/dags/baseball_etl.py
[2026-04-21T05:23:50.362+0000] {logging_mixin.py:188} INFO - [2026-04-21T05:23:50.361+0000] {dag.py:3036} INFO - Sync 1 DAGs
[2026-04-21T05:23:50.385+0000] {logging_mixin.py:188} INFO - [2026-04-21T05:23:50.385+0000] {dag.py:3823} INFO - Setting next_dagrun for baseball_pipeline_v1 to 2026-04-21 00:00:00+00:00, run_after=2026-04-22 00:00:00+00:00
[2026-04-21T05:23:50.402+0000] {processor.py:183} INFO - Processing /opt/airflow/dags/baseball_etl.py took 0.608 seconds
[2026-04-21T05:24:21.242+0000] {processor.py:161} INFO - Started process (PID=3738126) to work on /opt/airflow/dags/baseball_etl.py
[2026-04-21T05:24:21.244+0000] {processor.py:830} INFO - Processing file /opt/airflow/dags/baseball_etl.py for tasks to queue
[2026-04-21T05:24:21.246+0000] {logging_mixin.py:188} INFO - [2026-04-21T05:24:21.246+0000] {dagbag.py:538} INFO - Filling up the DagBag from /opt/airflow/dags/baseball_etl.py
[2026-04-21T05:24:21.766+0000] {processor.py:840} INFO - DAG(s) 'baseball_pipeline_v1' retrieved from /opt/airflow/dags/baseball_etl.py
[2026-04-21T05:24:21.786+0000] {logging_mixin.py:188} INFO - [2026-04-21T05:24:21.786+0000] {dag.py:3036} INFO - Sync 1 DAGs
[2026-04-21T05:24:21.811+0000] {logging_mixin.py:188} INFO - [2026-04-21T05:24:21.810+0000] {dag.py:3823} INFO - Setting next_dagrun for baseball_pipeline_v1 to 2026-04-21 00:00:00+00:00, run_after=2026-04-22 00:00:00+00:00
[2026-04-21T05:24:21.828+0000] {processor.py:183} INFO - Processing /opt/airflow/dags/baseball_etl.py took 0.591 seconds
[2026-04-21T05:24:52.383+0000] {processor.py:161} INFO - Started process (PID=3738184) to work on /opt/airflow/dags/baseball_etl.py
[2026-04-21T05:24:52.385+0000] {processor.py:830} INFO - Processing file /opt/airflow/dags/baseball_etl.py for tasks to queue
[2026-04-21T05:24:52.387+0000] {logging_mixin.py:188} INFO - [2026-04-21T05:24:52.387+0000] {dagbag.py:538} INFO - Filling up the DagBag from /opt/airflow/dags/baseball_etl.py
[2026-04-21T05:24:52.926+0000] {processor.py:840} INFO - DAG(s) 'baseball_pipeline_v1' retrieved from /opt/airflow/dags/baseball_etl.py
[2026-04-21T05:24:52.944+0000] {logging_mixin.py:188} INFO - [2026-04-21T05:24:52.944+0000] {dag.py:3036} INFO - Sync 1 DAGs
[2026-04-21T05:24:52.969+0000] {logging_mixin.py:188} INFO - [2026-04-21T05:24:52.969+0000] {dag.py:3823} INFO - Setting next_dagrun for baseball_pipeline_v1 to 2026-04-21 00:00:00+00:00, run_after=2026-04-22 00:00:00+00:00
[2026-04-21T05:24:52.987+0000] {processor.py:183} INFO - Processing /opt/airflow/dags/baseball_etl.py took 0.608 seconds
[2026-04-21T05:25:23.200+0000] {processor.py:161} INFO - Started process (PID=3738243) to work on /opt/airflow/dags/baseball_etl.py
[2026-04-21T05:25:23.202+0000] {processor.py:830} INFO - Processing file /opt/airflow/dags/baseball_etl.py for tasks to queue
[2026-04-21T05:25:23.204+0000] {logging_mixin.py:188} INFO - [2026-04-21T05:25:23.204+0000] {dagbag.py:538} INFO - Filling up the DagBag from /opt/airflow/dags/baseball_etl.py
[2026-04-21T05:25:23.744+0000] {processor.py:840} INFO - DAG(s) 'baseball_pipeline_v1' retrieved from /opt/airflow/dags/baseball_etl.py
[2026-04-21T05:25:23.763+0000] {logging_mixin.py:188} INFO - [2026-04-21T05:25:23.762+0000] {dag.py:3036} INFO - Sync 1 DAGs
[2026-04-21T05:25:23.788+0000] {logging_mixin.py:188} INFO - [2026-04-21T05:25:23.788+0000] {dag.py:3823} INFO - Setting next_dagrun for baseball_pipeline_v1 to 2026-04-21 00:00:00+00:00, run_after=2026-04-22 00:00:00+00:00
[2026-04-21T05:25:23.805+0000] {processor.py:183} INFO - Processing /opt/airflow/dags/baseball_etl.py took 0.610 seconds
[2026-04-21T05:25:54.227+0000] {processor.py:161} INFO - Started process (PID=3738299) to work on /opt/airflow/dags/baseball_etl.py
[2026-04-21T05:25:54.229+0000] {processor.py:830} INFO - Processing file /opt/airflow/dags/baseball_etl.py for tasks to queue
[2026-04-21T05:25:54.231+0000] {logging_mixin.py:188} INFO - [2026-04-21T05:25:54.231+0000] {dagbag.py:538} INFO - Filling up the DagBag from /opt/airflow/dags/baseball_etl.py
[2026-04-21T05:25:54.728+0000] {processor.py:840} INFO - DAG(s) 'baseball_pipeline_v1' retrieved from /opt/airflow/dags/baseball_etl.py
[2026-04-21T05:25:54.746+0000] {logging_mixin.py:188} INFO - [2026-04-21T05:25:54.746+0000] {dag.py:3036} INFO - Sync 1 DAGs
[2026-04-21T05:25:54.769+0000] {logging_mixin.py:188} INFO - [2026-04-21T05:25:54.769+0000] {dag.py:3823} INFO - Setting next_dagrun for baseball_pipeline_v1 to 2026-04-21 00:00:00+00:00, run_after=2026-04-22 00:00:00+00:00
[2026-04-21T05:25:54.786+0000] {processor.py:183} INFO - Processing /opt/airflow/dags/baseball_etl.py took 0.563 seconds
[2026-04-21T05:26:25.022+0000] {processor.py:161} INFO - Started process (PID=3738356) to work on /opt/airflow/dags/baseball_etl.py
[2026-04-21T05:26:25.024+0000] {processor.py:830} INFO - Processing file /opt/airflow/dags/baseball_etl.py for tasks to queue
[2026-04-21T05:26:25.027+0000] {logging_mixin.py:188} INFO - [2026-04-21T05:26:25.026+0000] {dagbag.py:538} INFO - Filling up the DagBag from /opt/airflow/dags/baseball_etl.py
[2026-04-21T05:26:25.577+0000] {processor.py:840} INFO - DAG(s) 'baseball_pipeline_v1' retrieved from /opt/airflow/dags/baseball_etl.py
[2026-04-21T05:26:25.597+0000] {logging_mixin.py:188} INFO - [2026-04-21T05:26:25.596+0000] {dag.py:3036} INFO - Sync 1 DAGs
[2026-04-21T05:26:25.620+0000] {logging_mixin.py:188} INFO - [2026-04-21T05:26:25.620+0000] {dag.py:3823} INFO - Setting next_dagrun for baseball_pipeline_v1 to 2026-04-21 00:00:00+00:00, run_after=2026-04-22 00:00:00+00:00
[2026-04-21T05:26:25.637+0000] {processor.py:183} INFO - Processing /opt/airflow/dags/baseball_etl.py took 0.620 seconds
[2026-04-21T05:26:55.965+0000] {processor.py:161} INFO - Started process (PID=3738413) to work on /opt/airflow/dags/baseball_etl.py
[2026-04-21T05:26:55.968+0000] {processor.py:830} INFO - Processing file /opt/airflow/dags/baseball_etl.py for tasks to queue
[2026-04-21T05:26:55.971+0000] {logging_mixin.py:188} INFO - [2026-04-21T05:26:55.970+0000] {dagbag.py:538} INFO - Filling up the DagBag from /opt/airflow/dags/baseball_etl.py
[2026-04-21T05:26:56.295+0000] {processor.py:840} INFO - DAG(s) 'baseball_pipeline_v1' retrieved from /opt/airflow/dags/baseball_etl.py
[2026-04-21T05:26:56.316+0000] {logging_mixin.py:188} INFO - [2026-04-21T05:26:56.315+0000] {dag.py:3036} INFO - Sync 1 DAGs
[2026-04-21T05:26:56.343+0000] {logging_mixin.py:188} INFO - [2026-04-21T05:26:56.343+0000] {dag.py:3823} INFO - Setting next_dagrun for baseball_pipeline_v1 to 2026-04-21 00:00:00+00:00, run_after=2026-04-22 00:00:00+00:00
[2026-04-21T05:26:56.362+0000] {processor.py:183} INFO - Processing /opt/airflow/dags/baseball_etl.py took 0.401 seconds
[2026-04-21T05:27:26.439+0000] {processor.py:161} INFO - Started process (PID=3738473) to work on /opt/airflow/dags/baseball_etl.py
[2026-04-21T05:27:26.441+0000] {processor.py:830} INFO - Processing file /opt/airflow/dags/baseball_etl.py for tasks to queue
[2026-04-21T05:27:26.444+0000] {logging_mixin.py:188} INFO - [2026-04-21T05:27:26.444+0000] {dagbag.py:538} INFO - Filling up the DagBag from /opt/airflow/dags/baseball_etl.py
[2026-04-21T05:27:26.766+0000] {processor.py:840} INFO - DAG(s) 'baseball_pipeline_v1' retrieved from /opt/airflow/dags/baseball_etl.py
[2026-04-21T05:27:26.787+0000] {logging_mixin.py:188} INFO - [2026-04-21T05:27:26.787+0000] {dag.py:3036} INFO - Sync 1 DAGs
[2026-04-21T05:27:26.814+0000] {logging_mixin.py:188} INFO - [2026-04-21T05:27:26.814+0000] {dag.py:3823} INFO - Setting next_dagrun for baseball_pipeline_v1 to 2026-04-21 00:00:00+00:00, run_after=2026-04-22 00:00:00+00:00
[2026-04-21T05:27:26.832+0000] {processor.py:183} INFO - Processing /opt/airflow/dags/baseball_etl.py took 0.398 seconds
[2026-04-21T05:27:56.877+0000] {processor.py:161} INFO - Started process (PID=3738534) to work on /opt/airflow/dags/baseball_etl.py
[2026-04-21T05:27:56.879+0000] {processor.py:830} INFO - Processing file /opt/airflow/dags/baseball_etl.py for tasks to queue
[2026-04-21T05:27:56.881+0000] {logging_mixin.py:188} INFO - [2026-04-21T05:27:56.881+0000] {dagbag.py:538} INFO - Filling up the DagBag from /opt/airflow/dags/baseball_etl.py
[2026-04-21T05:27:57.202+0000] {processor.py:840} INFO - DAG(s) 'baseball_pipeline_v1' retrieved from /opt/airflow/dags/baseball_etl.py
[2026-04-21T05:27:57.223+0000] {logging_mixin.py:188} INFO - [2026-04-21T05:27:57.223+0000] {dag.py:3036} INFO - Sync 1 DAGs
[2026-04-21T05:27:57.249+0000] {logging_mixin.py:188} INFO - [2026-04-21T05:27:57.249+0000] {dag.py:3823} INFO - Setting next_dagrun for baseball_pipeline_v1 to 2026-04-21 00:00:00+00:00, run_after=2026-04-22 00:00:00+00:00
[2026-04-21T05:27:57.267+0000] {processor.py:183} INFO - Processing /opt/airflow/dags/baseball_etl.py took 0.395 seconds
[2026-04-21T05:28:27.364+0000] {processor.py:161} INFO - Started process (PID=3738591) to work on /opt/airflow/dags/baseball_etl.py
[2026-04-21T05:28:27.366+0000] {processor.py:830} INFO - Processing file /opt/airflow/dags/baseball_etl.py for tasks to queue
[2026-04-21T05:28:27.368+0000] {logging_mixin.py:188} INFO - [2026-04-21T05:28:27.368+0000] {dagbag.py:538} INFO - Filling up the DagBag from /opt/airflow/dags/baseball_etl.py
[2026-04-21T05:28:27.686+0000] {processor.py:840} INFO - DAG(s) 'baseball_pipeline_v1' retrieved from /opt/airflow/dags/baseball_etl.py
[2026-04-21T05:28:27.708+0000] {logging_mixin.py:188} INFO - [2026-04-21T05:28:27.707+0000] {dag.py:3036} INFO - Sync 1 DAGs
[2026-04-21T05:28:27.735+0000] {logging_mixin.py:188} INFO - [2026-04-21T05:28:27.734+0000] {dag.py:3823} INFO - Setting next_dagrun for baseball_pipeline_v1 to 2026-04-21 00:00:00+00:00, run_after=2026-04-22 00:00:00+00:00
[2026-04-21T05:28:27.755+0000] {processor.py:183} INFO - Processing /opt/airflow/dags/baseball_etl.py took 0.396 seconds
[2026-04-21T05:28:58.057+0000] {processor.py:161} INFO - Started process (PID=3738648) to work on /opt/airflow/dags/baseball_etl.py
[2026-04-21T05:28:58.059+0000] {processor.py:830} INFO - Processing file /opt/airflow/dags/baseball_etl.py for tasks to queue
[2026-04-21T05:28:58.061+0000] {logging_mixin.py:188} INFO - [2026-04-21T05:28:58.061+0000] {dagbag.py:538} INFO - Filling up the DagBag from /opt/airflow/dags/baseball_etl.py
[2026-04-21T05:28:58.379+0000] {processor.py:840} INFO - DAG(s) 'baseball_pipeline_v1' retrieved from /opt/airflow/dags/baseball_etl.py
[2026-04-21T05:28:58.400+0000] {logging_mixin.py:188} INFO - [2026-04-21T05:28:58.399+0000] {dag.py:3036} INFO - Sync 1 DAGs
[2026-04-21T05:28:58.425+0000] {logging_mixin.py:188} INFO - [2026-04-21T05:28:58.425+0000] {dag.py:3823} INFO - Setting next_dagrun for baseball_pipeline_v1 to 2026-04-21 00:00:00+00:00, run_after=2026-04-22 00:00:00+00:00
[2026-04-21T05:28:58.443+0000] {processor.py:183} INFO - Processing /opt/airflow/dags/baseball_etl.py took 0.391 seconds
[2026-04-21T05:29:29.306+0000] {processor.py:161} INFO - Started process (PID=3738705) to work on /opt/airflow/dags/baseball_etl.py
[2026-04-21T05:29:29.309+0000] {processor.py:830} INFO - Processing file /opt/airflow/dags/baseball_etl.py for tasks to queue
[2026-04-21T05:29:29.312+0000] {logging_mixin.py:188} INFO - [2026-04-21T05:29:29.311+0000] {dagbag.py:538} INFO - Filling up the DagBag from /opt/airflow/dags/baseball_etl.py
[2026-04-21T05:29:29.641+0000] {processor.py:840} INFO - DAG(s) 'baseball_pipeline_v1' retrieved from /opt/airflow/dags/baseball_etl.py
[2026-04-21T05:29:29.665+0000] {logging_mixin.py:188} INFO - [2026-04-21T05:29:29.665+0000] {dag.py:3036} INFO - Sync 1 DAGs
[2026-04-21T05:29:29.693+0000] {logging_mixin.py:188} INFO - [2026-04-21T05:29:29.692+0000] {dag.py:3823} INFO - Setting next_dagrun for baseball_pipeline_v1 to 2026-04-21 00:00:00+00:00, run_after=2026-04-22 00:00:00+00:00
[2026-04-21T05:29:29.713+0000] {processor.py:183} INFO - Processing /opt/airflow/dags/baseball_etl.py took 0.412 seconds
[2026-04-21T05:30:00.565+0000] {processor.py:161} INFO - Started process (PID=3738762) to work on /opt/airflow/dags/baseball_etl.py
[2026-04-21T05:30:00.567+0000] {processor.py:830} INFO - Processing file /opt/airflow/dags/baseball_etl.py for tasks to queue
[2026-04-21T05:30:00.569+0000] {logging_mixin.py:188} INFO - [2026-04-21T05:30:00.569+0000] {dagbag.py:538} INFO - Filling up the DagBag from /opt/airflow/dags/baseball_etl.py
[2026-04-21T05:30:00.888+0000] {processor.py:840} INFO - DAG(s) 'baseball_pipeline_v1' retrieved from /opt/airflow/dags/baseball_etl.py
[2026-04-21T05:30:00.911+0000] {logging_mixin.py:188} INFO - [2026-04-21T05:30:00.911+0000] {dag.py:3036} INFO - Sync 1 DAGs
[2026-04-21T05:30:00.938+0000] {logging_mixin.py:188} INFO - [2026-04-21T05:30:00.938+0000] {dag.py:3823} INFO - Setting next_dagrun for baseball_pipeline_v1 to 2026-04-21 00:00:00+00:00, run_after=2026-04-22 00:00:00+00:00
[2026-04-21T05:30:00.957+0000] {processor.py:183} INFO - Processing /opt/airflow/dags/baseball_etl.py took 0.397 seconds
[2026-04-21T05:30:31.740+0000] {processor.py:161} INFO - Started process (PID=3738819) to work on /opt/airflow/dags/baseball_etl.py
[2026-04-21T05:30:31.742+0000] {processor.py:830} INFO - Processing file /opt/airflow/dags/baseball_etl.py for tasks to queue
[2026-04-21T05:30:31.744+0000] {logging_mixin.py:188} INFO - [2026-04-21T05:30:31.744+0000] {dagbag.py:538} INFO - Filling up the DagBag from /opt/airflow/dags/baseball_etl.py
[2026-04-21T05:30:32.061+0000] {processor.py:840} INFO - DAG(s) 'baseball_pipeline_v1' retrieved from /opt/airflow/dags/baseball_etl.py
[2026-04-21T05:30:32.082+0000] {logging_mixin.py:188} INFO - [2026-04-21T05:30:32.081+0000] {dag.py:3036} INFO - Sync 1 DAGs
[2026-04-21T05:30:32.109+0000] {logging_mixin.py:188} INFO - [2026-04-21T05:30:32.109+0000] {dag.py:3823} INFO - Setting next_dagrun for baseball_pipeline_v1 to 2026-04-21 00:00:00+00:00, run_after=2026-04-22 00:00:00+00:00
[2026-04-21T05:30:32.127+0000] {processor.py:183} INFO - Processing /opt/airflow/dags/baseball_etl.py took 0.392 seconds
[2026-04-21T05:31:02.296+0000] {processor.py:161} INFO - Started process (PID=3738876) to work on /opt/airflow/dags/baseball_etl.py
[2026-04-21T05:31:02.299+0000] {processor.py:830} INFO - Processing file /opt/airflow/dags/baseball_etl.py for tasks to queue
[2026-04-21T05:31:02.301+0000] {logging_mixin.py:188} INFO - [2026-04-21T05:31:02.301+0000] {dagbag.py:538} INFO - Filling up the DagBag from /opt/airflow/dags/baseball_etl.py
[2026-04-21T05:31:02.623+0000] {processor.py:840} INFO - DAG(s) 'baseball_pipeline_v1' retrieved from /opt/airflow/dags/baseball_etl.py
[2026-04-21T05:31:02.645+0000] {logging_mixin.py:188} INFO - [2026-04-21T05:31:02.644+0000] {dag.py:3036} INFO - Sync 1 DAGs
[2026-04-21T05:31:02.674+0000] {logging_mixin.py:188} INFO - [2026-04-21T05:31:02.674+0000] {dag.py:3823} INFO - Setting next_dagrun for baseball_pipeline_v1 to 2026-04-21 00:00:00+00:00, run_after=2026-04-22 00:00:00+00:00
[2026-04-21T05:31:02.695+0000] {processor.py:183} INFO - Processing /opt/airflow/dags/baseball_etl.py took 0.404 seconds
[2026-04-21T05:31:33.080+0000] {processor.py:161} INFO - Started process (PID=3738933) to work on /opt/airflow/dags/baseball_etl.py
[2026-04-21T05:31:33.082+0000] {processor.py:830} INFO - Processing file /opt/airflow/dags/baseball_etl.py for tasks to queue
[2026-04-21T05:31:33.085+0000] {logging_mixin.py:188} INFO - [2026-04-21T05:31:33.084+0000] {dagbag.py:538} INFO - Filling up the DagBag from /opt/airflow/dags/baseball_etl.py
[2026-04-21T05:31:33.402+0000] {processor.py:840} INFO - DAG(s) 'baseball_pipeline_v1' retrieved from /opt/airflow/dags/baseball_etl.py
[2026-04-21T05:31:33.424+0000] {logging_mixin.py:188} INFO - [2026-04-21T05:31:33.423+0000] {dag.py:3036} INFO - Sync 1 DAGs
[2026-04-21T05:31:33.450+0000] {logging_mixin.py:188} INFO - [2026-04-21T05:31:33.449+0000] {dag.py:3823} INFO - Setting next_dagrun for baseball_pipeline_v1 to 2026-04-21 00:00:00+00:00, run_after=2026-04-22 00:00:00+00:00
[2026-04-21T05:31:33.470+0000] {processor.py:183} INFO - Processing /opt/airflow/dags/baseball_etl.py took 0.394 seconds
[2026-04-21T05:32:03.749+0000] {processor.py:161} INFO - Started process (PID=3738990) to work on /opt/airflow/dags/baseball_etl.py
[2026-04-21T05:32:03.751+0000] {processor.py:830} INFO - Processing file /opt/airflow/dags/baseball_etl.py for tasks to queue
[2026-04-21T05:32:03.754+0000] {logging_mixin.py:188} INFO - [2026-04-21T05:32:03.753+0000] {dagbag.py:538} INFO - Filling up the DagBag from /opt/airflow/dags/baseball_etl.py
[2026-04-21T05:32:04.119+0000] {processor.py:840} INFO - DAG(s) 'baseball_pipeline_v1' retrieved from /opt/airflow/dags/baseball_etl.py
[2026-04-21T05:32:04.142+0000] {logging_mixin.py:188} INFO - [2026-04-21T05:32:04.141+0000] {dag.py:3036} INFO - Sync 1 DAGs
[2026-04-21T05:32:04.168+0000] {logging_mixin.py:188} INFO - [2026-04-21T05:32:04.168+0000] {dag.py:3823} INFO - Setting next_dagrun for baseball_pipeline_v1 to 2026-04-21 00:00:00+00:00, run_after=2026-04-22 00:00:00+00:00
[2026-04-21T05:32:04.187+0000] {processor.py:183} INFO - Processing /opt/airflow/dags/baseball_etl.py took 0.446 seconds
[2026-04-21T05:32:34.519+0000] {processor.py:161} INFO - Started process (PID=3739047) to work on /opt/airflow/dags/baseball_etl.py
[2026-04-21T05:32:34.521+0000] {processor.py:830} INFO - Processing file /opt/airflow/dags/baseball_etl.py for tasks to queue
[2026-04-21T05:32:34.523+0000] {logging_mixin.py:188} INFO - [2026-04-21T05:32:34.523+0000] {dagbag.py:538} INFO - Filling up the DagBag from /opt/airflow/dags/baseball_etl.py
[2026-04-21T05:32:34.845+0000] {processor.py:840} INFO - DAG(s) 'baseball_pipeline_v1' retrieved from /opt/airflow/dags/baseball_etl.py
[2026-04-21T05:32:34.866+0000] {logging_mixin.py:188} INFO - [2026-04-21T05:32:34.866+0000] {dag.py:3036} INFO - Sync 1 DAGs
[2026-04-21T05:32:34.892+0000] {logging_mixin.py:188} INFO - [2026-04-21T05:32:34.892+0000] {dag.py:3823} INFO - Setting next_dagrun for baseball_pipeline_v1 to 2026-04-21 00:00:00+00:00, run_after=2026-04-22 00:00:00+00:00
[2026-04-21T05:32:34.910+0000] {processor.py:183} INFO - Processing /opt/airflow/dags/baseball_etl.py took 0.396 seconds
[2026-04-21T05:33:05.419+0000] {processor.py:161} INFO - Started process (PID=3739104) to work on /opt/airflow/dags/baseball_etl.py
[2026-04-21T05:33:05.422+0000] {processor.py:830} INFO - Processing file /opt/airflow/dags/baseball_etl.py for tasks to queue
[2026-04-21T05:33:05.425+0000] {logging_mixin.py:188} INFO - [2026-04-21T05:33:05.424+0000] {dagbag.py:538} INFO - Filling up the DagBag from /opt/airflow/dags/baseball_etl.py
[2026-04-21T05:33:05.800+0000] {processor.py:840} INFO - DAG(s) 'baseball_pipeline_v1' retrieved from /opt/airflow/dags/baseball_etl.py
[2026-04-21T05:33:05.823+0000] {logging_mixin.py:188} INFO - [2026-04-21T05:33:05.823+0000] {dag.py:3036} INFO - Sync 1 DAGs
[2026-04-21T05:33:05.851+0000] {logging_mixin.py:188} INFO - [2026-04-21T05:33:05.851+0000] {dag.py:3823} INFO - Setting next_dagrun for baseball_pipeline_v1 to 2026-04-21 00:00:00+00:00, run_after=2026-04-22 00:00:00+00:00
[2026-04-21T05:33:05.869+0000] {processor.py:183} INFO - Processing /opt/airflow/dags/baseball_etl.py took 0.455 seconds
[2026-04-21T05:33:36.568+0000] {processor.py:161} INFO - Started process (PID=3739167) to work on /opt/airflow/dags/baseball_etl.py
[2026-04-21T05:33:36.570+0000] {processor.py:830} INFO - Processing file /opt/airflow/dags/baseball_etl.py for tasks to queue
[2026-04-21T05:33:36.573+0000] {logging_mixin.py:188} INFO - [2026-04-21T05:33:36.572+0000] {dagbag.py:538} INFO - Filling up the DagBag from /opt/airflow/dags/baseball_etl.py
[2026-04-21T05:33:36.890+0000] {processor.py:840} INFO - DAG(s) 'baseball_pipeline_v1' retrieved from /opt/airflow/dags/baseball_etl.py
[2026-04-21T05:33:36.911+0000] {logging_mixin.py:188} INFO - [2026-04-21T05:33:36.910+0000] {dag.py:3036} INFO - Sync 1 DAGs
[2026-04-21T05:33:36.938+0000] {logging_mixin.py:188} INFO - [2026-04-21T05:33:36.937+0000] {dag.py:3823} INFO - Setting next_dagrun for baseball_pipeline_v1 to 2026-04-21 00:00:00+00:00, run_after=2026-04-22 00:00:00+00:00
[2026-04-21T05:33:36.956+0000] {processor.py:183} INFO - Processing /opt/airflow/dags/baseball_etl.py took 0.393 seconds
[2026-04-21T05:34:07.765+0000] {processor.py:161} INFO - Started process (PID=3739224) to work on /opt/airflow/dags/baseball_etl.py
[2026-04-21T05:34:07.768+0000] {processor.py:830} INFO - Processing file /opt/airflow/dags/baseball_etl.py for tasks to queue
[2026-04-21T05:34:07.770+0000] {logging_mixin.py:188} INFO - [2026-04-21T05:34:07.770+0000] {dagbag.py:538} INFO - Filling up the DagBag from /opt/airflow/dags/baseball_etl.py
[2026-04-21T05:34:08.086+0000] {processor.py:840} INFO - DAG(s) 'baseball_pipeline_v1' retrieved from /opt/airflow/dags/baseball_etl.py
[2026-04-21T05:34:08.107+0000] {logging_mixin.py:188} INFO - [2026-04-21T05:34:08.107+0000] {dag.py:3036} INFO - Sync 1 DAGs
[2026-04-21T05:34:08.134+0000] {logging_mixin.py:188} INFO - [2026-04-21T05:34:08.134+0000] {dag.py:3823} INFO - Setting next_dagrun for baseball_pipeline_v1 to 2026-04-21 00:00:00+00:00, run_after=2026-04-22 00:00:00+00:00
[2026-04-21T05:34:08.151+0000] {processor.py:183} INFO - Processing /opt/airflow/dags/baseball_etl.py took 0.391 seconds
[2026-04-21T05:34:38.985+0000] {processor.py:161} INFO - Started process (PID=3739281) to work on /opt/airflow/dags/baseball_etl.py
[2026-04-21T05:34:38.987+0000] {processor.py:830} INFO - Processing file /opt/airflow/dags/baseball_etl.py for tasks to queue
[2026-04-21T05:34:38.989+0000] {logging_mixin.py:188} INFO - [2026-04-21T05:34:38.989+0000] {dagbag.py:538} INFO - Filling up the DagBag from /opt/airflow/dags/baseball_etl.py
[2026-04-21T05:34:39.311+0000] {processor.py:840} INFO - DAG(s) 'baseball_pipeline_v1' retrieved from /opt/airflow/dags/baseball_etl.py
[2026-04-21T05:34:39.333+0000] {logging_mixin.py:188} INFO - [2026-04-21T05:34:39.332+0000] {dag.py:3036} INFO - Sync 1 DAGs
[2026-04-21T05:34:39.361+0000] {logging_mixin.py:188} INFO - [2026-04-21T05:34:39.360+0000] {dag.py:3823} INFO - Setting next_dagrun for baseball_pipeline_v1 to 2026-04-21 00:00:00+00:00, run_after=2026-04-22 00:00:00+00:00
[2026-04-21T05:34:39.379+0000] {processor.py:183} INFO - Processing /opt/airflow/dags/baseball_etl.py took 0.399 seconds
[2026-04-21T05:35:09.948+0000] {processor.py:161} INFO - Started process (PID=3739339) to work on /opt/airflow/dags/baseball_etl.py
[2026-04-21T05:35:09.950+0000] {processor.py:830} INFO - Processing file /opt/airflow/dags/baseball_etl.py for tasks to queue
[2026-04-21T05:35:09.952+0000] {logging_mixin.py:188} INFO - [2026-04-21T05:35:09.952+0000] {dagbag.py:538} INFO - Filling up the DagBag from /opt/airflow/dags/baseball_etl.py
[2026-04-21T05:35:10.269+0000] {processor.py:840} INFO - DAG(s) 'baseball_pipeline_v1' retrieved from /opt/airflow/dags/baseball_etl.py
[2026-04-21T05:35:10.290+0000] {logging_mixin.py:188} INFO - [2026-04-21T05:35:10.289+0000] {dag.py:3036} INFO - Sync 1 DAGs
[2026-04-21T05:35:10.315+0000] {logging_mixin.py:188} INFO - [2026-04-21T05:35:10.315+0000] {dag.py:3823} INFO - Setting next_dagrun for baseball_pipeline_v1 to 2026-04-21 00:00:00+00:00, run_after=2026-04-22 00:00:00+00:00
[2026-04-21T05:35:10.333+0000] {processor.py:183} INFO - Processing /opt/airflow/dags/baseball_etl.py took 0.390 seconds
[2026-04-21T05:35:41.198+0000] {processor.py:161} INFO - Started process (PID=3739397) to work on /opt/airflow/dags/baseball_etl.py
[2026-04-21T05:35:41.200+0000] {processor.py:830} INFO - Processing file /opt/airflow/dags/baseball_etl.py for tasks to queue
[2026-04-21T05:35:41.202+0000] {logging_mixin.py:188} INFO - [2026-04-21T05:35:41.202+0000] {dagbag.py:538} INFO - Filling up the DagBag from /opt/airflow/dags/baseball_etl.py
[2026-04-21T05:35:41.527+0000] {processor.py:840} INFO - DAG(s) 'baseball_pipeline_v1' retrieved from /opt/airflow/dags/baseball_etl.py
[2026-04-21T05:35:41.548+0000] {logging_mixin.py:188} INFO - [2026-04-21T05:35:41.548+0000] {dag.py:3036} INFO - Sync 1 DAGs
[2026-04-21T05:35:41.574+0000] {logging_mixin.py:188} INFO - [2026-04-21T05:35:41.574+0000] {dag.py:3823} INFO - Setting next_dagrun for baseball_pipeline_v1 to 2026-04-21 00:00:00+00:00, run_after=2026-04-22 00:00:00+00:00
[2026-04-21T05:35:41.593+0000] {processor.py:183} INFO - Processing /opt/airflow/dags/baseball_etl.py took 0.400 seconds
[2026-04-21T05:36:12.459+0000] {processor.py:161} INFO - Started process (PID=3739455) to work on /opt/airflow/dags/baseball_etl.py
[2026-04-21T05:36:12.461+0000] {processor.py:830} INFO - Processing file /opt/airflow/dags/baseball_etl.py for tasks to queue
[2026-04-21T05:36:12.464+0000] {logging_mixin.py:188} INFO - [2026-04-21T05:36:12.463+0000] {dagbag.py:538} INFO - Filling up the DagBag from /opt/airflow/dags/baseball_etl.py
[2026-04-21T05:36:12.786+0000] {processor.py:840} INFO - DAG(s) 'baseball_pipeline_v1' retrieved from /opt/airflow/dags/baseball_etl.py
[2026-04-21T05:36:12.809+0000] {logging_mixin.py:188} INFO - [2026-04-21T05:36:12.809+0000] {dag.py:3036} INFO - Sync 1 DAGs
[2026-04-21T05:36:12.837+0000] {logging_mixin.py:188} INFO - [2026-04-21T05:36:12.837+0000] {dag.py:3823} INFO - Setting next_dagrun for baseball_pipeline_v1 to 2026-04-21 00:00:00+00:00, run_after=2026-04-22 00:00:00+00:00
[2026-04-21T05:36:12.856+0000] {processor.py:183} INFO - Processing /opt/airflow/dags/baseball_etl.py took 0.402 seconds
[2026-04-21T05:36:43.733+0000] {processor.py:161} INFO - Started process (PID=3739513) to work on /opt/airflow/dags/baseball_etl.py
[2026-04-21T05:36:43.735+0000] {processor.py:830} INFO - Processing file /opt/airflow/dags/baseball_etl.py for tasks to queue
[2026-04-21T05:36:43.738+0000] {logging_mixin.py:188} INFO - [2026-04-21T05:36:43.737+0000] {dagbag.py:538} INFO - Filling up the DagBag from /opt/airflow/dags/baseball_etl.py
[2026-04-21T05:36:44.063+0000] {processor.py:840} INFO - DAG(s) 'baseball_pipeline_v1' retrieved from /opt/airflow/dags/baseball_etl.py
[2026-04-21T05:36:44.085+0000] {logging_mixin.py:188} INFO - [2026-04-21T05:36:44.084+0000] {dag.py:3036} INFO - Sync 1 DAGs
[2026-04-21T05:36:44.112+0000] {logging_mixin.py:188} INFO - [2026-04-21T05:36:44.112+0000] {dag.py:3823} INFO - Setting next_dagrun for baseball_pipeline_v1 to 2026-04-21 00:00:00+00:00, run_after=2026-04-22 00:00:00+00:00
[2026-04-21T05:36:44.130+0000] {processor.py:183} INFO - Processing /opt/airflow/dags/baseball_etl.py took 0.402 seconds
[2026-04-21T05:37:14.242+0000] {processor.py:161} INFO - Started process (PID=3739573) to work on /opt/airflow/dags/baseball_etl.py
[2026-04-21T05:37:14.244+0000] {processor.py:830} INFO - Processing file /opt/airflow/dags/baseball_etl.py for tasks to queue
[2026-04-21T05:37:14.246+0000] {logging_mixin.py:188} INFO - [2026-04-21T05:37:14.246+0000] {dagbag.py:538} INFO - Filling up the DagBag from /opt/airflow/dags/baseball_etl.py
[2026-04-21T05:37:14.581+0000] {processor.py:840} INFO - DAG(s) 'baseball_pipeline_v1' retrieved from /opt/airflow/dags/baseball_etl.py
[2026-04-21T05:37:14.603+0000] {logging_mixin.py:188} INFO - [2026-04-21T05:37:14.603+0000] {dag.py:3036} INFO - Sync 1 DAGs
[2026-04-21T05:37:14.631+0000] {logging_mixin.py:188} INFO - [2026-04-21T05:37:14.631+0000] {dag.py:3823} INFO - Setting next_dagrun for baseball_pipeline_v1 to 2026-04-21 00:00:00+00:00, run_after=2026-04-22 00:00:00+00:00
[2026-04-21T05:37:14.650+0000] {processor.py:183} INFO - Processing /opt/airflow/dags/baseball_etl.py took 0.413 seconds
[2026-04-21T05:37:45.418+0000] {processor.py:161} INFO - Started process (PID=3739630) to work on /opt/airflow/dags/baseball_etl.py
[2026-04-21T05:37:45.420+0000] {processor.py:830} INFO - Processing file /opt/airflow/dags/baseball_etl.py for tasks to queue
[2026-04-21T05:37:45.422+0000] {logging_mixin.py:188} INFO - [2026-04-21T05:37:45.422+0000] {dagbag.py:538} INFO - Filling up the DagBag from /opt/airflow/dags/baseball_etl.py
[2026-04-21T05:37:45.780+0000] {processor.py:840} INFO - DAG(s) 'baseball_pipeline_v1' retrieved from /opt/airflow/dags/baseball_etl.py
[2026-04-21T05:37:45.802+0000] {logging_mixin.py:188} INFO - [2026-04-21T05:37:45.802+0000] {dag.py:3036} INFO - Sync 1 DAGs
[2026-04-21T05:37:45.830+0000] {logging_mixin.py:188} INFO - [2026-04-21T05:37:45.830+0000] {dag.py:3823} INFO - Setting next_dagrun for baseball_pipeline_v1 to 2026-04-21 00:00:00+00:00, run_after=2026-04-22 00:00:00+00:00
[2026-04-21T05:37:45.849+0000] {processor.py:183} INFO - Processing /opt/airflow/dags/baseball_etl.py took 0.436 seconds
[2026-04-21T05:38:16.801+0000] {processor.py:161} INFO - Started process (PID=3739688) to work on /opt/airflow/dags/baseball_etl.py
[2026-04-21T05:38:16.803+0000] {processor.py:830} INFO - Processing file /opt/airflow/dags/baseball_etl.py for tasks to queue
[2026-04-21T05:38:16.806+0000] {logging_mixin.py:188} INFO - [2026-04-21T05:38:16.805+0000] {dagbag.py:538} INFO - Filling up the DagBag from /opt/airflow/dags/baseball_etl.py
[2026-04-21T05:38:17.129+0000] {processor.py:840} INFO - DAG(s) 'baseball_pipeline_v1' retrieved from /opt/airflow/dags/baseball_etl.py
[2026-04-21T05:38:17.149+0000] {logging_mixin.py:188} INFO - [2026-04-21T05:38:17.149+0000] {dag.py:3036} INFO - Sync 1 DAGs
[2026-04-21T05:38:17.176+0000] {logging_mixin.py:188} INFO - [2026-04-21T05:38:17.176+0000] {dag.py:3823} INFO - Setting next_dagrun for baseball_pipeline_v1 to 2026-04-21 00:00:00+00:00, run_after=2026-04-22 00:00:00+00:00
[2026-04-21T05:38:17.197+0000] {processor.py:183} INFO - Processing /opt/airflow/dags/baseball_etl.py took 0.400 seconds
[2026-04-21T05:38:47.963+0000] {processor.py:161} INFO - Started process (PID=3739745) to work on /opt/airflow/dags/baseball_etl.py
[2026-04-21T05:38:47.965+0000] {processor.py:830} INFO - Processing file /opt/airflow/dags/baseball_etl.py for tasks to queue
[2026-04-21T05:38:47.967+0000] {logging_mixin.py:188} INFO - [2026-04-21T05:38:47.967+0000] {dagbag.py:538} INFO - Filling up the DagBag from /opt/airflow/dags/baseball_etl.py
[2026-04-21T05:38:48.320+0000] {processor.py:840} INFO - DAG(s) 'baseball_pipeline_v1' retrieved from /opt/airflow/dags/baseball_etl.py
[2026-04-21T05:38:48.342+0000] {logging_mixin.py:188} INFO - [2026-04-21T05:38:48.341+0000] {dag.py:3036} INFO - Sync 1 DAGs
[2026-04-21T05:38:48.369+0000] {logging_mixin.py:188} INFO - [2026-04-21T05:38:48.369+0000] {dag.py:3823} INFO - Setting next_dagrun for baseball_pipeline_v1 to 2026-04-21 00:00:00+00:00, run_after=2026-04-22 00:00:00+00:00
[2026-04-21T05:38:48.389+0000] {processor.py:183} INFO - Processing /opt/airflow/dags/baseball_etl.py took 0.431 seconds
[2026-04-21T05:39:19.159+0000] {processor.py:161} INFO - Started process (PID=3739802) to work on /opt/airflow/dags/baseball_etl.py
[2026-04-21T05:39:19.161+0000] {processor.py:830} INFO - Processing file /opt/airflow/dags/baseball_etl.py for tasks to queue
[2026-04-21T05:39:19.163+0000] {logging_mixin.py:188} INFO - [2026-04-21T05:39:19.163+0000] {dagbag.py:538} INFO - Filling up the DagBag from /opt/airflow/dags/baseball_etl.py
[2026-04-21T05:39:19.496+0000] {processor.py:840} INFO - DAG(s) 'baseball_pipeline_v1' retrieved from /opt/airflow/dags/baseball_etl.py
[2026-04-21T05:39:19.519+0000] {logging_mixin.py:188} INFO - [2026-04-21T05:39:19.518+0000] {dag.py:3036} INFO - Sync 1 DAGs
[2026-04-21T05:39:19.546+0000] {logging_mixin.py:188} INFO - [2026-04-21T05:39:19.546+0000] {dag.py:3823} INFO - Setting next_dagrun for baseball_pipeline_v1 to 2026-04-21 00:00:00+00:00, run_after=2026-04-22 00:00:00+00:00
[2026-04-21T05:39:19.568+0000] {processor.py:183} INFO - Processing /opt/airflow/dags/baseball_etl.py took 0.414 seconds
[2026-04-21T05:39:50.346+0000] {processor.py:161} INFO - Started process (PID=3739859) to work on /opt/airflow/dags/baseball_etl.py
[2026-04-21T05:39:50.348+0000] {processor.py:830} INFO - Processing file /opt/airflow/dags/baseball_etl.py for tasks to queue
[2026-04-21T05:39:50.350+0000] {logging_mixin.py:188} INFO - [2026-04-21T05:39:50.350+0000] {dagbag.py:538} INFO - Filling up the DagBag from /opt/airflow/dags/baseball_etl.py
[2026-04-21T05:39:50.673+0000] {processor.py:840} INFO - DAG(s) 'baseball_pipeline_v1' retrieved from /opt/airflow/dags/baseball_etl.py
[2026-04-21T05:39:50.695+0000] {logging_mixin.py:188} INFO - [2026-04-21T05:39:50.694+0000] {dag.py:3036} INFO - Sync 1 DAGs
[2026-04-21T05:39:50.722+0000] {logging_mixin.py:188} INFO - [2026-04-21T05:39:50.721+0000] {dag.py:3823} INFO - Setting next_dagrun for baseball_pipeline_v1 to 2026-04-21 00:00:00+00:00, run_after=2026-04-22 00:00:00+00:00
[2026-04-21T05:39:50.742+0000] {processor.py:183} INFO - Processing /opt/airflow/dags/baseball_etl.py took 0.401 seconds
[2026-04-21T05:40:21.365+0000] {processor.py:161} INFO - Started process (PID=3739916) to work on /opt/airflow/dags/baseball_etl.py
[2026-04-21T05:40:21.368+0000] {processor.py:830} INFO - Processing file /opt/airflow/dags/baseball_etl.py for tasks to queue
[2026-04-21T05:40:21.370+0000] {logging_mixin.py:188} INFO - [2026-04-21T05:40:21.370+0000] {dagbag.py:538} INFO - Filling up the DagBag from /opt/airflow/dags/baseball_etl.py
[2026-04-21T05:40:21.695+0000] {processor.py:840} INFO - DAG(s) 'baseball_pipeline_v1' retrieved from /opt/airflow/dags/baseball_etl.py
[2026-04-21T05:40:21.716+0000] {logging_mixin.py:188} INFO - [2026-04-21T05:40:21.716+0000] {dag.py:3036} INFO - Sync 1 DAGs
[2026-04-21T05:40:21.742+0000] {logging_mixin.py:188} INFO - [2026-04-21T05:40:21.742+0000] {dag.py:3823} INFO - Setting next_dagrun for baseball_pipeline_v1 to 2026-04-21 00:00:00+00:00, run_after=2026-04-22 00:00:00+00:00
[2026-04-21T05:40:21.760+0000] {processor.py:183} INFO - Processing /opt/airflow/dags/baseball_etl.py took 0.399 seconds
[2026-04-21T05:40:52.228+0000] {processor.py:161} INFO - Started process (PID=3739973) to work on /opt/airflow/dags/baseball_etl.py
[2026-04-21T05:40:52.230+0000] {processor.py:830} INFO - Processing file /opt/airflow/dags/baseball_etl.py for tasks to queue
[2026-04-21T05:40:52.232+0000] {logging_mixin.py:188} INFO - [2026-04-21T05:40:52.232+0000] {dagbag.py:538} INFO - Filling up the DagBag from /opt/airflow/dags/baseball_etl.py
[2026-04-21T05:40:52.556+0000] {processor.py:840} INFO - DAG(s) 'baseball_pipeline_v1' retrieved from /opt/airflow/dags/baseball_etl.py
[2026-04-21T05:40:52.577+0000] {logging_mixin.py:188} INFO - [2026-04-21T05:40:52.576+0000] {dag.py:3036} INFO - Sync 1 DAGs
[2026-04-21T05:40:52.603+0000] {logging_mixin.py:188} INFO - [2026-04-21T05:40:52.603+0000] {dag.py:3823} INFO - Setting next_dagrun for baseball_pipeline_v1 to 2026-04-21 00:00:00+00:00, run_after=2026-04-22 00:00:00+00:00
[2026-04-21T05:40:52.621+0000] {processor.py:183} INFO - Processing /opt/airflow/dags/baseball_etl.py took 0.398 seconds
[2026-04-21T05:41:22.684+0000] {processor.py:161} INFO - Started process (PID=3740032) to work on /opt/airflow/dags/baseball_etl.py
[2026-04-21T05:41:22.686+0000] {processor.py:830} INFO - Processing file /opt/airflow/dags/baseball_etl.py for tasks to queue
[2026-04-21T05:41:22.688+0000] {logging_mixin.py:188} INFO - [2026-04-21T05:41:22.688+0000] {dagbag.py:538} INFO - Filling up the DagBag from /opt/airflow/dags/baseball_etl.py
[2026-04-21T05:41:23.021+0000] {processor.py:840} INFO - DAG(s) 'baseball_pipeline_v1' retrieved from /opt/airflow/dags/baseball_etl.py
[2026-04-21T05:41:23.046+0000] {logging_mixin.py:188} INFO - [2026-04-21T05:41:23.045+0000] {dag.py:3036} INFO - Sync 1 DAGs
[2026-04-21T05:41:23.073+0000] {logging_mixin.py:188} INFO - [2026-04-21T05:41:23.073+0000] {dag.py:3823} INFO - Setting next_dagrun for baseball_pipeline_v1 to 2026-04-21 00:00:00+00:00, run_after=2026-04-22 00:00:00+00:00
[2026-04-21T05:41:23.092+0000] {processor.py:183} INFO - Processing /opt/airflow/dags/baseball_etl.py took 0.413 seconds
[2026-04-21T05:41:53.183+0000] {processor.py:161} INFO - Started process (PID=3740092) to work on /opt/airflow/dags/baseball_etl.py
[2026-04-21T05:41:53.185+0000] {processor.py:830} INFO - Processing file /opt/airflow/dags/baseball_etl.py for tasks to queue
[2026-04-21T05:41:53.187+0000] {logging_mixin.py:188} INFO - [2026-04-21T05:41:53.187+0000] {dagbag.py:538} INFO - Filling up the DagBag from /opt/airflow/dags/baseball_etl.py
[2026-04-21T05:41:53.527+0000] {processor.py:840} INFO - DAG(s) 'baseball_pipeline_v1' retrieved from /opt/airflow/dags/baseball_etl.py
[2026-04-21T05:41:53.550+0000] {logging_mixin.py:188} INFO - [2026-04-21T05:41:53.550+0000] {dag.py:3036} INFO - Sync 1 DAGs
[2026-04-21T05:41:53.577+0000] {logging_mixin.py:188} INFO - [2026-04-21T05:41:53.577+0000] {dag.py:3823} INFO - Setting next_dagrun for baseball_pipeline_v1 to 2026-04-21 00:00:00+00:00, run_after=2026-04-22 00:00:00+00:00
[2026-04-21T05:41:53.595+0000] {processor.py:183} INFO - Processing /opt/airflow/dags/baseball_etl.py took 0.417 seconds
[2026-04-21T05:42:24.466+0000] {processor.py:161} INFO - Started process (PID=3740151) to work on /opt/airflow/dags/baseball_etl.py
[2026-04-21T05:42:24.467+0000] {processor.py:830} INFO - Processing file /opt/airflow/dags/baseball_etl.py for tasks to queue
[2026-04-21T05:42:24.470+0000] {logging_mixin.py:188} INFO - [2026-04-21T05:42:24.469+0000] {dagbag.py:538} INFO - Filling up the DagBag from /opt/airflow/dags/baseball_etl.py
[2026-04-21T05:42:24.799+0000] {processor.py:840} INFO - DAG(s) 'baseball_pipeline_v1' retrieved from /opt/airflow/dags/baseball_etl.py
[2026-04-21T05:42:24.820+0000] {logging_mixin.py:188} INFO - [2026-04-21T05:42:24.820+0000] {dag.py:3036} INFO - Sync 1 DAGs
[2026-04-21T05:42:24.848+0000] {logging_mixin.py:188} INFO - [2026-04-21T05:42:24.848+0000] {dag.py:3823} INFO - Setting next_dagrun for baseball_pipeline_v1 to 2026-04-21 00:00:00+00:00, run_after=2026-04-22 00:00:00+00:00
[2026-04-21T05:42:24.866+0000] {processor.py:183} INFO - Processing /opt/airflow/dags/baseball_etl.py took 0.405 seconds
[2026-04-21T05:42:55.156+0000] {processor.py:161} INFO - Started process (PID=3740208) to work on /opt/airflow/dags/baseball_etl.py
[2026-04-21T05:42:55.158+0000] {processor.py:830} INFO - Processing file /opt/airflow/dags/baseball_etl.py for tasks to queue
[2026-04-21T05:42:55.161+0000] {logging_mixin.py:188} INFO - [2026-04-21T05:42:55.160+0000] {dagbag.py:538} INFO - Filling up the DagBag from /opt/airflow/dags/baseball_etl.py
[2026-04-21T05:42:55.485+0000] {processor.py:840} INFO - DAG(s) 'baseball_pipeline_v1' retrieved from /opt/airflow/dags/baseball_etl.py
[2026-04-21T05:42:55.510+0000] {logging_mixin.py:188} INFO - [2026-04-21T05:42:55.510+0000] {dag.py:3036} INFO - Sync 1 DAGs
[2026-04-21T05:42:55.541+0000] {logging_mixin.py:188} INFO - [2026-04-21T05:42:55.541+0000] {dag.py:3823} INFO - Setting next_dagrun for baseball_pipeline_v1 to 2026-04-21 00:00:00+00:00, run_after=2026-04-22 00:00:00+00:00
[2026-04-21T05:42:55.559+0000] {processor.py:183} INFO - Processing /opt/airflow/dags/baseball_etl.py took 0.408 seconds
[2026-04-21T05:43:25.814+0000] {processor.py:161} INFO - Started process (PID=3740265) to work on /opt/airflow/dags/baseball_etl.py
[2026-04-21T05:43:25.816+0000] {processor.py:830} INFO - Processing file /opt/airflow/dags/baseball_etl.py for tasks to queue
[2026-04-21T05:43:25.819+0000] {logging_mixin.py:188} INFO - [2026-04-21T05:43:25.818+0000] {dagbag.py:538} INFO - Filling up the DagBag from /opt/airflow/dags/baseball_etl.py
[2026-04-21T05:43:26.141+0000] {processor.py:840} INFO - DAG(s) 'baseball_pipeline_v1' retrieved from /opt/airflow/dags/baseball_etl.py
[2026-04-21T05:43:26.161+0000] {logging_mixin.py:188} INFO - [2026-04-21T05:43:26.161+0000] {dag.py:3036} INFO - Sync 1 DAGs
[2026-04-21T05:43:26.189+0000] {logging_mixin.py:188} INFO - [2026-04-21T05:43:26.188+0000] {dag.py:3823} INFO - Setting next_dagrun for baseball_pipeline_v1 to 2026-04-21 00:00:00+00:00, run_after=2026-04-22 00:00:00+00:00
[2026-04-21T05:43:26.207+0000] {processor.py:183} INFO - Processing /opt/airflow/dags/baseball_etl.py took 0.397 seconds
[2026-04-21T05:43:56.449+0000] {processor.py:161} INFO - Started process (PID=3740322) to work on /opt/airflow/dags/baseball_etl.py
[2026-04-21T05:43:56.451+0000] {processor.py:830} INFO - Processing file /opt/airflow/dags/baseball_etl.py for tasks to queue
[2026-04-21T05:43:56.454+0000] {logging_mixin.py:188} INFO - [2026-04-21T05:43:56.453+0000] {dagbag.py:538} INFO - Filling up the DagBag from /opt/airflow/dags/baseball_etl.py
[2026-04-21T05:43:56.775+0000] {processor.py:840} INFO - DAG(s) 'baseball_pipeline_v1' retrieved from /opt/airflow/dags/baseball_etl.py
[2026-04-21T05:43:56.797+0000] {logging_mixin.py:188} INFO - [2026-04-21T05:43:56.797+0000] {dag.py:3036} INFO - Sync 1 DAGs
[2026-04-21T05:43:56.825+0000] {logging_mixin.py:188} INFO - [2026-04-21T05:43:56.824+0000] {dag.py:3823} INFO - Setting next_dagrun for baseball_pipeline_v1 to 2026-04-21 00:00:00+00:00, run_after=2026-04-22 00:00:00+00:00
[2026-04-21T05:43:56.844+0000] {processor.py:183} INFO - Processing /opt/airflow/dags/baseball_etl.py took 0.399 seconds
[2026-04-21T05:44:27.093+0000] {processor.py:161} INFO - Started process (PID=3740379) to work on /opt/airflow/dags/baseball_etl.py
[2026-04-21T05:44:27.095+0000] {processor.py:830} INFO - Processing file /opt/airflow/dags/baseball_etl.py for tasks to queue
[2026-04-21T05:44:27.097+0000] {logging_mixin.py:188} INFO - [2026-04-21T05:44:27.097+0000] {dagbag.py:538} INFO - Filling up the DagBag from /opt/airflow/dags/baseball_etl.py
[2026-04-21T05:44:27.470+0000] {processor.py:840} INFO - DAG(s) 'baseball_pipeline_v1' retrieved from /opt/airflow/dags/baseball_etl.py
[2026-04-21T05:44:27.493+0000] {logging_mixin.py:188} INFO - [2026-04-21T05:44:27.492+0000] {dag.py:3036} INFO - Sync 1 DAGs
[2026-04-21T05:44:27.521+0000] {logging_mixin.py:188} INFO - [2026-04-21T05:44:27.521+0000] {dag.py:3823} INFO - Setting next_dagrun for baseball_pipeline_v1 to 2026-04-21 00:00:00+00:00, run_after=2026-04-22 00:00:00+00:00
[2026-04-21T05:44:27.540+0000] {processor.py:183} INFO - Processing /opt/airflow/dags/baseball_etl.py took 0.453 seconds
[2026-04-21T05:44:57.744+0000] {processor.py:161} INFO - Started process (PID=3740436) to work on /opt/airflow/dags/baseball_etl.py
[2026-04-21T05:44:57.746+0000] {processor.py:830} INFO - Processing file /opt/airflow/dags/baseball_etl.py for tasks to queue
[2026-04-21T05:44:57.748+0000] {logging_mixin.py:188} INFO - [2026-04-21T05:44:57.748+0000] {dagbag.py:538} INFO - Filling up the DagBag from /opt/airflow/dags/baseball_etl.py
[2026-04-21T05:44:58.074+0000] {processor.py:840} INFO - DAG(s) 'baseball_pipeline_v1' retrieved from /opt/airflow/dags/baseball_etl.py
[2026-04-21T05:44:58.095+0000] {logging_mixin.py:188} INFO - [2026-04-21T05:44:58.094+0000] {dag.py:3036} INFO - Sync 1 DAGs
[2026-04-21T05:44:58.122+0000] {logging_mixin.py:188} INFO - [2026-04-21T05:44:58.122+0000] {dag.py:3823} INFO - Setting next_dagrun for baseball_pipeline_v1 to 2026-04-21 00:00:00+00:00, run_after=2026-04-22 00:00:00+00:00
[2026-04-21T05:44:58.140+0000] {processor.py:183} INFO - Processing /opt/airflow/dags/baseball_etl.py took 0.402 seconds
[2026-04-21T05:45:28.411+0000] {processor.py:161} INFO - Started process (PID=3740493) to work on /opt/airflow/dags/baseball_etl.py
[2026-04-21T05:45:28.417+0000] {processor.py:830} INFO - Processing file /opt/airflow/dags/baseball_etl.py for tasks to queue
[2026-04-21T05:45:28.427+0000] {logging_mixin.py:188} INFO - [2026-04-21T05:45:28.427+0000] {dagbag.py:538} INFO - Filling up the DagBag from /opt/airflow/dags/baseball_etl.py
[2026-04-21T05:45:28.752+0000] {processor.py:840} INFO - DAG(s) 'baseball_pipeline_v1' retrieved from /opt/airflow/dags/baseball_etl.py
[2026-04-21T05:45:28.773+0000] {logging_mixin.py:188} INFO - [2026-04-21T05:45:28.772+0000] {dag.py:3036} INFO - Sync 1 DAGs
[2026-04-21T05:45:28.799+0000] {logging_mixin.py:188} INFO - [2026-04-21T05:45:28.798+0000] {dag.py:3823} INFO - Setting next_dagrun for baseball_pipeline_v1 to 2026-04-21 00:00:00+00:00, run_after=2026-04-22 00:00:00+00:00
[2026-04-21T05:45:28.818+0000] {processor.py:183} INFO - Processing /opt/airflow/dags/baseball_etl.py took 0.412 seconds
[2026-04-21T05:45:59.064+0000] {processor.py:161} INFO - Started process (PID=3740550) to work on /opt/airflow/dags/baseball_etl.py
[2026-04-21T05:45:59.066+0000] {processor.py:830} INFO - Processing file /opt/airflow/dags/baseball_etl.py for tasks to queue
[2026-04-21T05:45:59.068+0000] {logging_mixin.py:188} INFO - [2026-04-21T05:45:59.068+0000] {dagbag.py:538} INFO - Filling up the DagBag from /opt/airflow/dags/baseball_etl.py
[2026-04-21T05:45:59.393+0000] {processor.py:840} INFO - DAG(s) 'baseball_pipeline_v1' retrieved from /opt/airflow/dags/baseball_etl.py
[2026-04-21T05:45:59.414+0000] {logging_mixin.py:188} INFO - [2026-04-21T05:45:59.414+0000] {dag.py:3036} INFO - Sync 1 DAGs
[2026-04-21T05:45:59.441+0000] {logging_mixin.py:188} INFO - [2026-04-21T05:45:59.440+0000] {dag.py:3823} INFO - Setting next_dagrun for baseball_pipeline_v1 to 2026-04-21 00:00:00+00:00, run_after=2026-04-22 00:00:00+00:00
[2026-04-21T05:45:59.458+0000] {processor.py:183} INFO - Processing /opt/airflow/dags/baseball_etl.py took 0.399 seconds
[2026-04-21T05:46:29.846+0000] {processor.py:161} INFO - Started process (PID=3740607) to work on /opt/airflow/dags/baseball_etl.py
[2026-04-21T05:46:29.848+0000] {processor.py:830} INFO - Processing file /opt/airflow/dags/baseball_etl.py for tasks to queue
[2026-04-21T05:46:29.850+0000] {logging_mixin.py:188} INFO - [2026-04-21T05:46:29.850+0000] {dagbag.py:538} INFO - Filling up the DagBag from /opt/airflow/dags/baseball_etl.py
[2026-04-21T05:46:30.178+0000] {processor.py:840} INFO - DAG(s) 'baseball_pipeline_v1' retrieved from /opt/airflow/dags/baseball_etl.py
[2026-04-21T05:46:30.200+0000] {logging_mixin.py:188} INFO - [2026-04-21T05:46:30.199+0000] {dag.py:3036} INFO - Sync 1 DAGs
[2026-04-21T05:46:30.226+0000] {logging_mixin.py:188} INFO - [2026-04-21T05:46:30.226+0000] {dag.py:3823} INFO - Setting next_dagrun for baseball_pipeline_v1 to 2026-04-21 00:00:00+00:00, run_after=2026-04-22 00:00:00+00:00
[2026-04-21T05:46:30.246+0000] {processor.py:183} INFO - Processing /opt/airflow/dags/baseball_etl.py took 0.405 seconds
[2026-04-21T05:47:00.385+0000] {processor.py:161} INFO - Started process (PID=3740667) to work on /opt/airflow/dags/baseball_etl.py
[2026-04-21T05:47:00.388+0000] {processor.py:830} INFO - Processing file /opt/airflow/dags/baseball_etl.py for tasks to queue
[2026-04-21T05:47:00.390+0000] {logging_mixin.py:188} INFO - [2026-04-21T05:47:00.390+0000] {dagbag.py:538} INFO - Filling up the DagBag from /opt/airflow/dags/baseball_etl.py
[2026-04-21T05:47:00.713+0000] {processor.py:840} INFO - DAG(s) 'baseball_pipeline_v1' retrieved from /opt/airflow/dags/baseball_etl.py
[2026-04-21T05:47:00.736+0000] {logging_mixin.py:188} INFO - [2026-04-21T05:47:00.735+0000] {dag.py:3036} INFO - Sync 1 DAGs
[2026-04-21T05:47:00.775+0000] {logging_mixin.py:188} INFO - [2026-04-21T05:47:00.774+0000] {dag.py:3823} INFO - Setting next_dagrun for baseball_pipeline_v1 to 2026-04-21 00:00:00+00:00, run_after=2026-04-22 00:00:00+00:00
[2026-04-21T05:47:00.801+0000] {processor.py:183} INFO - Processing /opt/airflow/dags/baseball_etl.py took 0.420 seconds
[2026-04-21T05:47:31.683+0000] {processor.py:161} INFO - Started process (PID=3740725) to work on /opt/airflow/dags/baseball_etl.py
[2026-04-21T05:47:31.685+0000] {processor.py:830} INFO - Processing file /opt/airflow/dags/baseball_etl.py for tasks to queue
[2026-04-21T05:47:31.687+0000] {logging_mixin.py:188} INFO - [2026-04-21T05:47:31.687+0000] {dagbag.py:538} INFO - Filling up the DagBag from /opt/airflow/dags/baseball_etl.py
[2026-04-21T05:47:32.038+0000] {processor.py:840} INFO - DAG(s) 'baseball_pipeline_v1' retrieved from /opt/airflow/dags/baseball_etl.py
[2026-04-21T05:47:32.059+0000] {logging_mixin.py:188} INFO - [2026-04-21T05:47:32.058+0000] {dag.py:3036} INFO - Sync 1 DAGs
[2026-04-21T05:47:32.085+0000] {logging_mixin.py:188} INFO - [2026-04-21T05:47:32.084+0000] {dag.py:3823} INFO - Setting next_dagrun for baseball_pipeline_v1 to 2026-04-21 00:00:00+00:00, run_after=2026-04-22 00:00:00+00:00
[2026-04-21T05:47:32.102+0000] {processor.py:183} INFO - Processing /opt/airflow/dags/baseball_etl.py took 0.424 seconds
[2026-04-21T05:48:02.135+0000] {processor.py:161} INFO - Started process (PID=3740784) to work on /opt/airflow/dags/baseball_etl.py
[2026-04-21T05:48:02.137+0000] {processor.py:830} INFO - Processing file /opt/airflow/dags/baseball_etl.py for tasks to queue
[2026-04-21T05:48:02.140+0000] {logging_mixin.py:188} INFO - [2026-04-21T05:48:02.139+0000] {dagbag.py:538} INFO - Filling up the DagBag from /opt/airflow/dags/baseball_etl.py
[2026-04-21T05:48:02.455+0000] {processor.py:840} INFO - DAG(s) 'baseball_pipeline_v1' retrieved from /opt/airflow/dags/baseball_etl.py
[2026-04-21T05:48:02.478+0000] {logging_mixin.py:188} INFO - [2026-04-21T05:48:02.477+0000] {dag.py:3036} INFO - Sync 1 DAGs
[2026-04-21T05:48:02.504+0000] {logging_mixin.py:188} INFO - [2026-04-21T05:48:02.504+0000] {dag.py:3823} INFO - Setting next_dagrun for baseball_pipeline_v1 to 2026-04-21 00:00:00+00:00, run_after=2026-04-22 00:00:00+00:00
[2026-04-21T05:48:02.523+0000] {processor.py:183} INFO - Processing /opt/airflow/dags/baseball_etl.py took 0.392 seconds
[2026-04-21T05:48:33.327+0000] {processor.py:161} INFO - Started process (PID=3740841) to work on /opt/airflow/dags/baseball_etl.py
[2026-04-21T05:48:33.329+0000] {processor.py:830} INFO - Processing file /opt/airflow/dags/baseball_etl.py for tasks to queue
[2026-04-21T05:48:33.332+0000] {logging_mixin.py:188} INFO - [2026-04-21T05:48:33.331+0000] {dagbag.py:538} INFO - Filling up the DagBag from /opt/airflow/dags/baseball_etl.py
[2026-04-21T05:48:33.650+0000] {processor.py:840} INFO - DAG(s) 'baseball_pipeline_v1' retrieved from /opt/airflow/dags/baseball_etl.py
[2026-04-21T05:48:33.670+0000] {logging_mixin.py:188} INFO - [2026-04-21T05:48:33.669+0000] {dag.py:3036} INFO - Sync 1 DAGs
[2026-04-21T05:48:33.696+0000] {logging_mixin.py:188} INFO - [2026-04-21T05:48:33.695+0000] {dag.py:3823} INFO - Setting next_dagrun for baseball_pipeline_v1 to 2026-04-21 00:00:00+00:00, run_after=2026-04-22 00:00:00+00:00
[2026-04-21T05:48:33.714+0000] {processor.py:183} INFO - Processing /opt/airflow/dags/baseball_etl.py took 0.391 seconds
[2026-04-21T05:49:04.570+0000] {processor.py:161} INFO - Started process (PID=3740898) to work on /opt/airflow/dags/baseball_etl.py
[2026-04-21T05:49:04.572+0000] {processor.py:830} INFO - Processing file /opt/airflow/dags/baseball_etl.py for tasks to queue
[2026-04-21T05:49:04.574+0000] {logging_mixin.py:188} INFO - [2026-04-21T05:49:04.574+0000] {dagbag.py:538} INFO - Filling up the DagBag from /opt/airflow/dags/baseball_etl.py
[2026-04-21T05:49:04.898+0000] {processor.py:840} INFO - DAG(s) 'baseball_pipeline_v1' retrieved from /opt/airflow/dags/baseball_etl.py
[2026-04-21T05:49:04.919+0000] {logging_mixin.py:188} INFO - [2026-04-21T05:49:04.918+0000] {dag.py:3036} INFO - Sync 1 DAGs
[2026-04-21T05:49:04.946+0000] {logging_mixin.py:188} INFO - [2026-04-21T05:49:04.946+0000] {dag.py:3823} INFO - Setting next_dagrun for baseball_pipeline_v1 to 2026-04-21 00:00:00+00:00, run_after=2026-04-22 00:00:00+00:00
[2026-04-21T05:49:04.971+0000] {processor.py:183} INFO - Processing /opt/airflow/dags/baseball_etl.py took 0.406 seconds
[2026-04-21T05:49:35.936+0000] {processor.py:161} INFO - Started process (PID=3740959) to work on /opt/airflow/dags/baseball_etl.py
[2026-04-21T05:49:35.938+0000] {processor.py:830} INFO - Processing file /opt/airflow/dags/baseball_etl.py for tasks to queue
[2026-04-21T05:49:35.940+0000] {logging_mixin.py:188} INFO - [2026-04-21T05:49:35.940+0000] {dagbag.py:538} INFO - Filling up the DagBag from /opt/airflow/dags/baseball_etl.py
[2026-04-21T05:49:36.262+0000] {processor.py:840} INFO - DAG(s) 'baseball_pipeline_v1' retrieved from /opt/airflow/dags/baseball_etl.py
[2026-04-21T05:49:36.284+0000] {logging_mixin.py:188} INFO - [2026-04-21T05:49:36.284+0000] {dag.py:3036} INFO - Sync 1 DAGs
[2026-04-21T05:49:36.310+0000] {logging_mixin.py:188} INFO - [2026-04-21T05:49:36.310+0000] {dag.py:3823} INFO - Setting next_dagrun for baseball_pipeline_v1 to 2026-04-21 00:00:00+00:00, run_after=2026-04-22 00:00:00+00:00
[2026-04-21T05:49:36.328+0000] {processor.py:183} INFO - Processing /opt/airflow/dags/baseball_etl.py took 0.397 seconds
[2026-04-21T05:50:06.920+0000] {processor.py:161} INFO - Started process (PID=3741016) to work on /opt/airflow/dags/baseball_etl.py
[2026-04-21T05:50:06.922+0000] {processor.py:830} INFO - Processing file /opt/airflow/dags/baseball_etl.py for tasks to queue
[2026-04-21T05:50:06.924+0000] {logging_mixin.py:188} INFO - [2026-04-21T05:50:06.924+0000] {dagbag.py:538} INFO - Filling up the DagBag from /opt/airflow/dags/baseball_etl.py
[2026-04-21T05:50:07.240+0000] {processor.py:840} INFO - DAG(s) 'baseball_pipeline_v1' retrieved from /opt/airflow/dags/baseball_etl.py
[2026-04-21T05:50:07.263+0000] {logging_mixin.py:188} INFO - [2026-04-21T05:50:07.263+0000] {dag.py:3036} INFO - Sync 1 DAGs
[2026-04-21T05:50:07.289+0000] {logging_mixin.py:188} INFO - [2026-04-21T05:50:07.289+0000] {dag.py:3823} INFO - Setting next_dagrun for baseball_pipeline_v1 to 2026-04-21 00:00:00+00:00, run_after=2026-04-22 00:00:00+00:00
[2026-04-21T05:50:07.307+0000] {processor.py:183} INFO - Processing /opt/airflow/dags/baseball_etl.py took 0.392 seconds
[2026-04-21T05:50:38.208+0000] {processor.py:161} INFO - Started process (PID=3741079) to work on /opt/airflow/dags/baseball_etl.py
[2026-04-21T05:50:38.210+0000] {processor.py:830} INFO - Processing file /opt/airflow/dags/baseball_etl.py for tasks to queue
[2026-04-21T05:50:38.213+0000] {logging_mixin.py:188} INFO - [2026-04-21T05:50:38.212+0000] {dagbag.py:538} INFO - Filling up the DagBag from /opt/airflow/dags/baseball_etl.py
[2026-04-21T05:50:38.531+0000] {processor.py:840} INFO - DAG(s) 'baseball_pipeline_v1' retrieved from /opt/airflow/dags/baseball_etl.py
[2026-04-21T05:50:38.552+0000] {logging_mixin.py:188} INFO - [2026-04-21T05:50:38.552+0000] {dag.py:3036} INFO - Sync 1 DAGs
[2026-04-21T05:50:38.580+0000] {logging_mixin.py:188} INFO - [2026-04-21T05:50:38.580+0000] {dag.py:3823} INFO - Setting next_dagrun for baseball_pipeline_v1 to 2026-04-21 00:00:00+00:00, run_after=2026-04-22 00:00:00+00:00
[2026-04-21T05:50:38.598+0000] {processor.py:183} INFO - Processing /opt/airflow/dags/baseball_etl.py took 0.395 seconds
[2026-04-21T05:51:09.419+0000] {processor.py:161} INFO - Started process (PID=3741136) to work on /opt/airflow/dags/baseball_etl.py
[2026-04-21T05:51:09.421+0000] {processor.py:830} INFO - Processing file /opt/airflow/dags/baseball_etl.py for tasks to queue
[2026-04-21T05:51:09.424+0000] {logging_mixin.py:188} INFO - [2026-04-21T05:51:09.423+0000] {dagbag.py:538} INFO - Filling up the DagBag from /opt/airflow/dags/baseball_etl.py
[2026-04-21T05:51:09.742+0000] {processor.py:840} INFO - DAG(s) 'baseball_pipeline_v1' retrieved from /opt/airflow/dags/baseball_etl.py
[2026-04-21T05:51:09.762+0000] {logging_mixin.py:188} INFO - [2026-04-21T05:51:09.762+0000] {dag.py:3036} INFO - Sync 1 DAGs
[2026-04-21T05:51:09.789+0000] {logging_mixin.py:188} INFO - [2026-04-21T05:51:09.789+0000] {dag.py:3823} INFO - Setting next_dagrun for baseball_pipeline_v1 to 2026-04-21 00:00:00+00:00, run_after=2026-04-22 00:00:00+00:00
[2026-04-21T05:51:09.807+0000] {processor.py:183} INFO - Processing /opt/airflow/dags/baseball_etl.py took 0.393 seconds
[2026-04-21T05:51:40.607+0000] {processor.py:161} INFO - Started process (PID=3741193) to work on /opt/airflow/dags/baseball_etl.py
[2026-04-21T05:51:40.609+0000] {processor.py:830} INFO - Processing file /opt/airflow/dags/baseball_etl.py for tasks to queue
[2026-04-21T05:51:40.611+0000] {logging_mixin.py:188} INFO - [2026-04-21T05:51:40.611+0000] {dagbag.py:538} INFO - Filling up the DagBag from /opt/airflow/dags/baseball_etl.py
[2026-04-21T05:51:40.952+0000] {processor.py:840} INFO - DAG(s) 'baseball_pipeline_v1' retrieved from /opt/airflow/dags/baseball_etl.py
[2026-04-21T05:51:40.972+0000] {logging_mixin.py:188} INFO - [2026-04-21T05:51:40.972+0000] {dag.py:3036} INFO - Sync 1 DAGs
[2026-04-21T05:51:40.999+0000] {logging_mixin.py:188} INFO - [2026-04-21T05:51:40.999+0000] {dag.py:3823} INFO - Setting next_dagrun for baseball_pipeline_v1 to 2026-04-21 00:00:00+00:00, run_after=2026-04-22 00:00:00+00:00
[2026-04-21T05:51:41.017+0000] {processor.py:183} INFO - Processing /opt/airflow/dags/baseball_etl.py took 0.416 seconds
[2026-04-21T05:52:11.772+0000] {processor.py:161} INFO - Started process (PID=3741250) to work on /opt/airflow/dags/baseball_etl.py
[2026-04-21T05:52:11.774+0000] {processor.py:830} INFO - Processing file /opt/airflow/dags/baseball_etl.py for tasks to queue
[2026-04-21T05:52:11.776+0000] {logging_mixin.py:188} INFO - [2026-04-21T05:52:11.776+0000] {dagbag.py:538} INFO - Filling up the DagBag from /opt/airflow/dags/baseball_etl.py
[2026-04-21T05:52:12.105+0000] {processor.py:840} INFO - DAG(s) 'baseball_pipeline_v1' retrieved from /opt/airflow/dags/baseball_etl.py
[2026-04-21T05:52:12.128+0000] {logging_mixin.py:188} INFO - [2026-04-21T05:52:12.127+0000] {dag.py:3036} INFO - Sync 1 DAGs
[2026-04-21T05:52:12.155+0000] {logging_mixin.py:188} INFO - [2026-04-21T05:52:12.155+0000] {dag.py:3823} INFO - Setting next_dagrun for baseball_pipeline_v1 to 2026-04-21 00:00:00+00:00, run_after=2026-04-22 00:00:00+00:00
[2026-04-21T05:52:12.176+0000] {processor.py:183} INFO - Processing /opt/airflow/dags/baseball_etl.py took 0.409 seconds
[2026-04-21T05:52:43.092+0000] {processor.py:161} INFO - Started process (PID=3741307) to work on /opt/airflow/dags/baseball_etl.py
[2026-04-21T05:52:43.094+0000] {processor.py:830} INFO - Processing file /opt/airflow/dags/baseball_etl.py for tasks to queue
[2026-04-21T05:52:43.097+0000] {logging_mixin.py:188} INFO - [2026-04-21T05:52:43.096+0000] {dagbag.py:538} INFO - Filling up the DagBag from /opt/airflow/dags/baseball_etl.py
[2026-04-21T05:52:43.440+0000] {processor.py:840} INFO - DAG(s) 'baseball_pipeline_v1' retrieved from /opt/airflow/dags/baseball_etl.py
[2026-04-21T05:52:43.462+0000] {logging_mixin.py:188} INFO - [2026-04-21T05:52:43.462+0000] {dag.py:3036} INFO - Sync 1 DAGs
[2026-04-21T05:52:43.489+0000] {logging_mixin.py:188} INFO - [2026-04-21T05:52:43.489+0000] {dag.py:3823} INFO - Setting next_dagrun for baseball_pipeline_v1 to 2026-04-21 00:00:00+00:00, run_after=2026-04-22 00:00:00+00:00
[2026-04-21T05:52:43.508+0000] {processor.py:183} INFO - Processing /opt/airflow/dags/baseball_etl.py took 0.420 seconds
[2026-04-21T05:53:13.598+0000] {processor.py:161} INFO - Started process (PID=3741367) to work on /opt/airflow/dags/baseball_etl.py
[2026-04-21T05:53:13.600+0000] {processor.py:830} INFO - Processing file /opt/airflow/dags/baseball_etl.py for tasks to queue
[2026-04-21T05:53:13.602+0000] {logging_mixin.py:188} INFO - [2026-04-21T05:53:13.602+0000] {dagbag.py:538} INFO - Filling up the DagBag from /opt/airflow/dags/baseball_etl.py
[2026-04-21T05:53:13.930+0000] {processor.py:840} INFO - DAG(s) 'baseball_pipeline_v1' retrieved from /opt/airflow/dags/baseball_etl.py
[2026-04-21T05:53:13.952+0000] {logging_mixin.py:188} INFO - [2026-04-21T05:53:13.951+0000] {dag.py:3036} INFO - Sync 1 DAGs
[2026-04-21T05:53:13.977+0000] {logging_mixin.py:188} INFO - [2026-04-21T05:53:13.976+0000] {dag.py:3823} INFO - Setting next_dagrun for baseball_pipeline_v1 to 2026-04-21 00:00:00+00:00, run_after=2026-04-22 00:00:00+00:00
[2026-04-21T05:53:13.999+0000] {processor.py:183} INFO - Processing /opt/airflow/dags/baseball_etl.py took 0.405 seconds
[2026-04-21T05:53:44.041+0000] {processor.py:161} INFO - Started process (PID=3741425) to work on /opt/airflow/dags/baseball_etl.py
[2026-04-21T05:53:44.043+0000] {processor.py:830} INFO - Processing file /opt/airflow/dags/baseball_etl.py for tasks to queue
[2026-04-21T05:53:44.046+0000] {logging_mixin.py:188} INFO - [2026-04-21T05:53:44.045+0000] {dagbag.py:538} INFO - Filling up the DagBag from /opt/airflow/dags/baseball_etl.py
[2026-04-21T05:53:44.403+0000] {processor.py:840} INFO - DAG(s) 'baseball_pipeline_v1' retrieved from /opt/airflow/dags/baseball_etl.py
[2026-04-21T05:53:44.425+0000] {logging_mixin.py:188} INFO - [2026-04-21T05:53:44.424+0000] {dag.py:3036} INFO - Sync 1 DAGs
[2026-04-21T05:53:44.453+0000] {logging_mixin.py:188} INFO - [2026-04-21T05:53:44.453+0000] {dag.py:3823} INFO - Setting next_dagrun for baseball_pipeline_v1 to 2026-04-21 00:00:00+00:00, run_after=2026-04-22 00:00:00+00:00
[2026-04-21T05:53:44.472+0000] {processor.py:183} INFO - Processing /opt/airflow/dags/baseball_etl.py took 0.435 seconds
[2026-04-21T05:54:14.630+0000] {processor.py:161} INFO - Started process (PID=3741486) to work on /opt/airflow/dags/baseball_etl.py
[2026-04-21T05:54:14.633+0000] {processor.py:830} INFO - Processing file /opt/airflow/dags/baseball_etl.py for tasks to queue
[2026-04-21T05:54:14.635+0000] {logging_mixin.py:188} INFO - [2026-04-21T05:54:14.635+0000] {dagbag.py:538} INFO - Filling up the DagBag from /opt/airflow/dags/baseball_etl.py
[2026-04-21T05:54:14.962+0000] {processor.py:840} INFO - DAG(s) 'baseball_pipeline_v1' retrieved from /opt/airflow/dags/baseball_etl.py
[2026-04-21T05:54:14.986+0000] {logging_mixin.py:188} INFO - [2026-04-21T05:54:14.985+0000] {dag.py:3036} INFO - Sync 1 DAGs
[2026-04-21T05:54:15.013+0000] {logging_mixin.py:188} INFO - [2026-04-21T05:54:15.013+0000] {dag.py:3823} INFO - Setting next_dagrun for baseball_pipeline_v1 to 2026-04-21 00:00:00+00:00, run_after=2026-04-22 00:00:00+00:00
[2026-04-21T05:54:15.032+0000] {processor.py:183} INFO - Processing /opt/airflow/dags/baseball_etl.py took 0.407 seconds
[2026-04-21T05:54:45.711+0000] {processor.py:161} INFO - Started process (PID=3741543) to work on /opt/airflow/dags/baseball_etl.py
[2026-04-21T05:54:45.713+0000] {processor.py:830} INFO - Processing file /opt/airflow/dags/baseball_etl.py for tasks to queue
[2026-04-21T05:54:45.716+0000] {logging_mixin.py:188} INFO - [2026-04-21T05:54:45.716+0000] {dagbag.py:538} INFO - Filling up the DagBag from /opt/airflow/dags/baseball_etl.py
[2026-04-21T05:54:46.063+0000] {processor.py:840} INFO - DAG(s) 'baseball_pipeline_v1' retrieved from /opt/airflow/dags/baseball_etl.py
[2026-04-21T05:54:46.085+0000] {logging_mixin.py:188} INFO - [2026-04-21T05:54:46.084+0000] {dag.py:3036} INFO - Sync 1 DAGs
[2026-04-21T05:54:46.112+0000] {logging_mixin.py:188} INFO - [2026-04-21T05:54:46.112+0000] {dag.py:3823} INFO - Setting next_dagrun for baseball_pipeline_v1 to 2026-04-21 00:00:00+00:00, run_after=2026-04-22 00:00:00+00:00
[2026-04-21T05:54:46.133+0000] {processor.py:183} INFO - Processing /opt/airflow/dags/baseball_etl.py took 0.427 seconds
[2026-04-21T05:55:16.260+0000] {processor.py:161} INFO - Started process (PID=3741602) to work on /opt/airflow/dags/baseball_etl.py
[2026-04-21T05:55:16.262+0000] {processor.py:830} INFO - Processing file /opt/airflow/dags/baseball_etl.py for tasks to queue
[2026-04-21T05:55:16.264+0000] {logging_mixin.py:188} INFO - [2026-04-21T05:55:16.264+0000] {dagbag.py:538} INFO - Filling up the DagBag from /opt/airflow/dags/baseball_etl.py
[2026-04-21T05:55:16.661+0000] {processor.py:840} INFO - DAG(s) 'baseball_pipeline_v1' retrieved from /opt/airflow/dags/baseball_etl.py
[2026-04-21T05:55:16.684+0000] {logging_mixin.py:188} INFO - [2026-04-21T05:55:16.683+0000] {dag.py:3036} INFO - Sync 1 DAGs
[2026-04-21T05:55:16.710+0000] {logging_mixin.py:188} INFO - [2026-04-21T05:55:16.710+0000] {dag.py:3823} INFO - Setting next_dagrun for baseball_pipeline_v1 to 2026-04-21 00:00:00+00:00, run_after=2026-04-22 00:00:00+00:00
[2026-04-21T05:55:16.730+0000] {processor.py:183} INFO - Processing /opt/airflow/dags/baseball_etl.py took 0.476 seconds
[2026-04-21T05:55:47.505+0000] {processor.py:161} INFO - Started process (PID=3741659) to work on /opt/airflow/dags/baseball_etl.py
[2026-04-21T05:55:47.507+0000] {processor.py:830} INFO - Processing file /opt/airflow/dags/baseball_etl.py for tasks to queue
[2026-04-21T05:55:47.510+0000] {logging_mixin.py:188} INFO - [2026-04-21T05:55:47.510+0000] {dagbag.py:538} INFO - Filling up the DagBag from /opt/airflow/dags/baseball_etl.py
[2026-04-21T05:55:47.837+0000] {processor.py:840} INFO - DAG(s) 'baseball_pipeline_v1' retrieved from /opt/airflow/dags/baseball_etl.py
[2026-04-21T05:55:47.860+0000] {logging_mixin.py:188} INFO - [2026-04-21T05:55:47.859+0000] {dag.py:3036} INFO - Sync 1 DAGs
[2026-04-21T05:55:47.886+0000] {logging_mixin.py:188} INFO - [2026-04-21T05:55:47.886+0000] {dag.py:3823} INFO - Setting next_dagrun for baseball_pipeline_v1 to 2026-04-21 00:00:00+00:00, run_after=2026-04-22 00:00:00+00:00
[2026-04-21T05:55:47.904+0000] {processor.py:183} INFO - Processing /opt/airflow/dags/baseball_etl.py took 0.404 seconds
[2026-04-21T05:56:17.991+0000] {processor.py:161} INFO - Started process (PID=3741716) to work on /opt/airflow/dags/baseball_etl.py
[2026-04-21T05:56:17.993+0000] {processor.py:830} INFO - Processing file /opt/airflow/dags/baseball_etl.py for tasks to queue
[2026-04-21T05:56:17.996+0000] {logging_mixin.py:188} INFO - [2026-04-21T05:56:17.995+0000] {dagbag.py:538} INFO - Filling up the DagBag from /opt/airflow/dags/baseball_etl.py
[2026-04-21T05:56:18.326+0000] {processor.py:840} INFO - DAG(s) 'baseball_pipeline_v1' retrieved from /opt/airflow/dags/baseball_etl.py
[2026-04-21T05:56:18.347+0000] {logging_mixin.py:188} INFO - [2026-04-21T05:56:18.346+0000] {dag.py:3036} INFO - Sync 1 DAGs
[2026-04-21T05:56:18.374+0000] {logging_mixin.py:188} INFO - [2026-04-21T05:56:18.373+0000] {dag.py:3823} INFO - Setting next_dagrun for baseball_pipeline_v1 to 2026-04-21 00:00:00+00:00, run_after=2026-04-22 00:00:00+00:00
[2026-04-21T05:56:18.391+0000] {processor.py:183} INFO - Processing /opt/airflow/dags/baseball_etl.py took 0.405 seconds
[2026-04-21T05:56:49.207+0000] {processor.py:161} INFO - Started process (PID=3741773) to work on /opt/airflow/dags/baseball_etl.py
[2026-04-21T05:56:49.209+0000] {processor.py:830} INFO - Processing file /opt/airflow/dags/baseball_etl.py for tasks to queue
[2026-04-21T05:56:49.212+0000] {logging_mixin.py:188} INFO - [2026-04-21T05:56:49.211+0000] {dagbag.py:538} INFO - Filling up the DagBag from /opt/airflow/dags/baseball_etl.py
[2026-04-21T05:56:49.553+0000] {processor.py:840} INFO - DAG(s) 'baseball_pipeline_v1' retrieved from /opt/airflow/dags/baseball_etl.py
[2026-04-21T05:56:49.575+0000] {logging_mixin.py:188} INFO - [2026-04-21T05:56:49.574+0000] {dag.py:3036} INFO - Sync 1 DAGs
[2026-04-21T05:56:49.601+0000] {logging_mixin.py:188} INFO - [2026-04-21T05:56:49.601+0000] {dag.py:3823} INFO - Setting next_dagrun for baseball_pipeline_v1 to 2026-04-21 00:00:00+00:00, run_after=2026-04-22 00:00:00+00:00
[2026-04-21T05:56:49.621+0000] {processor.py:183} INFO - Processing /opt/airflow/dags/baseball_etl.py took 0.419 seconds
[2026-04-21T05:57:20.492+0000] {processor.py:161} INFO - Started process (PID=3741832) to work on /opt/airflow/dags/baseball_etl.py
[2026-04-21T05:57:20.495+0000] {processor.py:830} INFO - Processing file /opt/airflow/dags/baseball_etl.py for tasks to queue
[2026-04-21T05:57:20.497+0000] {logging_mixin.py:188} INFO - [2026-04-21T05:57:20.497+0000] {dagbag.py:538} INFO - Filling up the DagBag from /opt/airflow/dags/baseball_etl.py
[2026-04-21T05:57:20.826+0000] {processor.py:840} INFO - DAG(s) 'baseball_pipeline_v1' retrieved from /opt/airflow/dags/baseball_etl.py
[2026-04-21T05:57:20.847+0000] {logging_mixin.py:188} INFO - [2026-04-21T05:57:20.846+0000] {dag.py:3036} INFO - Sync 1 DAGs
[2026-04-21T05:57:20.872+0000] {logging_mixin.py:188} INFO - [2026-04-21T05:57:20.872+0000] {dag.py:3823} INFO - Setting next_dagrun for baseball_pipeline_v1 to 2026-04-21 00:00:00+00:00, run_after=2026-04-22 00:00:00+00:00
[2026-04-21T05:57:20.890+0000] {processor.py:183} INFO - Processing /opt/airflow/dags/baseball_etl.py took 0.402 seconds
[2026-04-21T05:57:51.386+0000] {processor.py:161} INFO - Started process (PID=3741889) to work on /opt/airflow/dags/baseball_etl.py
[2026-04-21T05:57:51.388+0000] {processor.py:830} INFO - Processing file /opt/airflow/dags/baseball_etl.py for tasks to queue
[2026-04-21T05:57:51.391+0000] {logging_mixin.py:188} INFO - [2026-04-21T05:57:51.390+0000] {dagbag.py:538} INFO - Filling up the DagBag from /opt/airflow/dags/baseball_etl.py
[2026-04-21T05:57:51.725+0000] {processor.py:840} INFO - DAG(s) 'baseball_pipeline_v1' retrieved from /opt/airflow/dags/baseball_etl.py
[2026-04-21T05:57:51.747+0000] {logging_mixin.py:188} INFO - [2026-04-21T05:57:51.747+0000] {dag.py:3036} INFO - Sync 1 DAGs
[2026-04-21T05:57:51.774+0000] {logging_mixin.py:188} INFO - [2026-04-21T05:57:51.774+0000] {dag.py:3823} INFO - Setting next_dagrun for baseball_pipeline_v1 to 2026-04-21 00:00:00+00:00, run_after=2026-04-22 00:00:00+00:00
[2026-04-21T05:57:51.799+0000] {processor.py:183} INFO - Processing /opt/airflow/dags/baseball_etl.py took 0.417 seconds
[2026-04-21T05:58:21.905+0000] {processor.py:161} INFO - Started process (PID=3741949) to work on /opt/airflow/dags/baseball_etl.py
[2026-04-21T05:58:21.907+0000] {processor.py:830} INFO - Processing file /opt/airflow/dags/baseball_etl.py for tasks to queue
[2026-04-21T05:58:21.909+0000] {logging_mixin.py:188} INFO - [2026-04-21T05:58:21.909+0000] {dagbag.py:538} INFO - Filling up the DagBag from /opt/airflow/dags/baseball_etl.py
[2026-04-21T05:58:22.241+0000] {processor.py:840} INFO - DAG(s) 'baseball_pipeline_v1' retrieved from /opt/airflow/dags/baseball_etl.py
[2026-04-21T05:58:22.262+0000] {logging_mixin.py:188} INFO - [2026-04-21T05:58:22.262+0000] {dag.py:3036} INFO - Sync 1 DAGs
[2026-04-21T05:58:22.498+0000] {logging_mixin.py:188} INFO - [2026-04-21T05:58:22.497+0000] {dag.py:3823} INFO - Setting next_dagrun for baseball_pipeline_v1 to 2026-04-21 00:00:00+00:00, run_after=2026-04-22 00:00:00+00:00
[2026-04-21T05:58:22.515+0000] {processor.py:183} INFO - Processing /opt/airflow/dags/baseball_etl.py took 0.615 seconds
[2026-04-21T05:58:52.610+0000] {processor.py:161} INFO - Started process (PID=3742010) to work on /opt/airflow/dags/baseball_etl.py
[2026-04-21T05:58:52.612+0000] {processor.py:830} INFO - Processing file /opt/airflow/dags/baseball_etl.py for tasks to queue
[2026-04-21T05:58:52.614+0000] {logging_mixin.py:188} INFO - [2026-04-21T05:58:52.614+0000] {dagbag.py:538} INFO - Filling up the DagBag from /opt/airflow/dags/baseball_etl.py
[2026-04-21T05:58:52.945+0000] {processor.py:840} INFO - DAG(s) 'baseball_pipeline_v1' retrieved from /opt/airflow/dags/baseball_etl.py
[2026-04-21T05:58:52.966+0000] {logging_mixin.py:188} INFO - [2026-04-21T05:58:52.966+0000] {dag.py:3036} INFO - Sync 1 DAGs
[2026-04-21T05:58:52.995+0000] {logging_mixin.py:188} INFO - [2026-04-21T05:58:52.995+0000] {dag.py:3823} INFO - Setting next_dagrun for baseball_pipeline_v1 to 2026-04-21 00:00:00+00:00, run_after=2026-04-22 00:00:00+00:00
[2026-04-21T05:58:53.218+0000] {processor.py:183} INFO - Processing /opt/airflow/dags/baseball_etl.py took 0.613 seconds
[2026-04-21T05:59:23.279+0000] {processor.py:161} INFO - Started process (PID=3742071) to work on /opt/airflow/dags/baseball_etl.py
[2026-04-21T05:59:23.280+0000] {processor.py:830} INFO - Processing file /opt/airflow/dags/baseball_etl.py for tasks to queue
[2026-04-21T05:59:23.283+0000] {logging_mixin.py:188} INFO - [2026-04-21T05:59:23.282+0000] {dagbag.py:538} INFO - Filling up the DagBag from /opt/airflow/dags/baseball_etl.py
[2026-04-21T05:59:23.611+0000] {processor.py:840} INFO - DAG(s) 'baseball_pipeline_v1' retrieved from /opt/airflow/dags/baseball_etl.py
[2026-04-21T05:59:23.633+0000] {logging_mixin.py:188} INFO - [2026-04-21T05:59:23.633+0000] {dag.py:3036} INFO - Sync 1 DAGs
[2026-04-21T05:59:23.660+0000] {logging_mixin.py:188} INFO - [2026-04-21T05:59:23.660+0000] {dag.py:3823} INFO - Setting next_dagrun for baseball_pipeline_v1 to 2026-04-21 00:00:00+00:00, run_after=2026-04-22 00:00:00+00:00
[2026-04-21T05:59:23.679+0000] {processor.py:183} INFO - Processing /opt/airflow/dags/baseball_etl.py took 0.406 seconds
[2026-04-21T05:59:54.620+0000] {processor.py:161} INFO - Started process (PID=3742128) to work on /opt/airflow/dags/baseball_etl.py
[2026-04-21T05:59:54.622+0000] {processor.py:830} INFO - Processing file /opt/airflow/dags/baseball_etl.py for tasks to queue
[2026-04-21T05:59:54.624+0000] {logging_mixin.py:188} INFO - [2026-04-21T05:59:54.623+0000] {dagbag.py:538} INFO - Filling up the DagBag from /opt/airflow/dags/baseball_etl.py
[2026-04-21T05:59:54.948+0000] {processor.py:840} INFO - DAG(s) 'baseball_pipeline_v1' retrieved from /opt/airflow/dags/baseball_etl.py
[2026-04-21T05:59:54.970+0000] {logging_mixin.py:188} INFO - [2026-04-21T05:59:54.969+0000] {dag.py:3036} INFO - Sync 1 DAGs
[2026-04-21T05:59:54.996+0000] {logging_mixin.py:188} INFO - [2026-04-21T05:59:54.995+0000] {dag.py:3823} INFO - Setting next_dagrun for baseball_pipeline_v1 to 2026-04-21 00:00:00+00:00, run_after=2026-04-22 00:00:00+00:00
[2026-04-21T05:59:55.014+0000] {processor.py:183} INFO - Processing /opt/airflow/dags/baseball_etl.py took 0.399 seconds
[2026-04-21T06:00:25.817+0000] {processor.py:161} INFO - Started process (PID=3742185) to work on /opt/airflow/dags/baseball_etl.py
[2026-04-21T06:00:25.819+0000] {processor.py:830} INFO - Processing file /opt/airflow/dags/baseball_etl.py for tasks to queue
[2026-04-21T06:00:25.822+0000] {logging_mixin.py:188} INFO - [2026-04-21T06:00:25.821+0000] {dagbag.py:538} INFO - Filling up the DagBag from /opt/airflow/dags/baseball_etl.py
[2026-04-21T06:00:26.149+0000] {processor.py:840} INFO - DAG(s) 'baseball_pipeline_v1' retrieved from /opt/airflow/dags/baseball_etl.py
[2026-04-21T06:00:26.171+0000] {logging_mixin.py:188} INFO - [2026-04-21T06:00:26.170+0000] {dag.py:3036} INFO - Sync 1 DAGs
[2026-04-21T06:00:26.405+0000] {logging_mixin.py:188} INFO - [2026-04-21T06:00:26.404+0000] {dag.py:3823} INFO - Setting next_dagrun for baseball_pipeline_v1 to 2026-04-21 00:00:00+00:00, run_after=2026-04-22 00:00:00+00:00
[2026-04-21T06:00:26.422+0000] {processor.py:183} INFO - Processing /opt/airflow/dags/baseball_etl.py took 0.610 seconds
[2026-04-21T06:00:56.503+0000] {processor.py:161} INFO - Started process (PID=3742243) to work on /opt/airflow/dags/baseball_etl.py
[2026-04-21T06:00:56.505+0000] {processor.py:830} INFO - Processing file /opt/airflow/dags/baseball_etl.py for tasks to queue
[2026-04-21T06:00:56.507+0000] {logging_mixin.py:188} INFO - [2026-04-21T06:00:56.507+0000] {dagbag.py:538} INFO - Filling up the DagBag from /opt/airflow/dags/baseball_etl.py
[2026-04-21T06:00:56.843+0000] {processor.py:840} INFO - DAG(s) 'baseball_pipeline_v1' retrieved from /opt/airflow/dags/baseball_etl.py
[2026-04-21T06:00:56.865+0000] {logging_mixin.py:188} INFO - [2026-04-21T06:00:56.865+0000] {dag.py:3036} INFO - Sync 1 DAGs
[2026-04-21T06:00:57.108+0000] {logging_mixin.py:188} INFO - [2026-04-21T06:00:57.108+0000] {dag.py:3823} INFO - Setting next_dagrun for baseball_pipeline_v1 to 2026-04-21 00:00:00+00:00, run_after=2026-04-22 00:00:00+00:00
[2026-04-21T06:00:57.127+0000] {processor.py:183} INFO - Processing /opt/airflow/dags/baseball_etl.py took 0.629 seconds
[2026-04-21T06:01:27.371+0000] {processor.py:161} INFO - Started process (PID=3742299) to work on /opt/airflow/dags/baseball_etl.py
[2026-04-21T06:01:27.372+0000] {processor.py:830} INFO - Processing file /opt/airflow/dags/baseball_etl.py for tasks to queue
[2026-04-21T06:01:27.375+0000] {logging_mixin.py:188} INFO - [2026-04-21T06:01:27.375+0000] {dagbag.py:538} INFO - Filling up the DagBag from /opt/airflow/dags/baseball_etl.py
[2026-04-21T06:01:27.712+0000] {processor.py:840} INFO - DAG(s) 'baseball_pipeline_v1' retrieved from /opt/airflow/dags/baseball_etl.py
[2026-04-21T06:01:27.735+0000] {logging_mixin.py:188} INFO - [2026-04-21T06:01:27.734+0000] {dag.py:3036} INFO - Sync 1 DAGs
[2026-04-21T06:01:27.760+0000] {logging_mixin.py:188} INFO - [2026-04-21T06:01:27.760+0000] {dag.py:3823} INFO - Setting next_dagrun for baseball_pipeline_v1 to 2026-04-21 00:00:00+00:00, run_after=2026-04-22 00:00:00+00:00
[2026-04-21T06:01:27.779+0000] {processor.py:183} INFO - Processing /opt/airflow/dags/baseball_etl.py took 0.413 seconds
[2026-04-21T06:01:58.561+0000] {processor.py:161} INFO - Started process (PID=3742356) to work on /opt/airflow/dags/baseball_etl.py
[2026-04-21T06:01:58.563+0000] {processor.py:830} INFO - Processing file /opt/airflow/dags/baseball_etl.py for tasks to queue
[2026-04-21T06:01:58.566+0000] {logging_mixin.py:188} INFO - [2026-04-21T06:01:58.565+0000] {dagbag.py:538} INFO - Filling up the DagBag from /opt/airflow/dags/baseball_etl.py
[2026-04-21T06:01:58.900+0000] {processor.py:840} INFO - DAG(s) 'baseball_pipeline_v1' retrieved from /opt/airflow/dags/baseball_etl.py
[2026-04-21T06:01:59.146+0000] {logging_mixin.py:188} INFO - [2026-04-21T06:01:59.145+0000] {dag.py:3036} INFO - Sync 1 DAGs
[2026-04-21T06:01:59.170+0000] {logging_mixin.py:188} INFO - [2026-04-21T06:01:59.169+0000] {dag.py:3823} INFO - Setting next_dagrun for baseball_pipeline_v1 to 2026-04-21 00:00:00+00:00, run_after=2026-04-22 00:00:00+00:00
[2026-04-21T06:01:59.187+0000] {processor.py:183} INFO - Processing /opt/airflow/dags/baseball_etl.py took 0.631 seconds
[2026-04-21T06:02:29.258+0000] {processor.py:161} INFO - Started process (PID=3742414) to work on /opt/airflow/dags/baseball_etl.py
[2026-04-21T06:02:29.261+0000] {processor.py:830} INFO - Processing file /opt/airflow/dags/baseball_etl.py for tasks to queue
[2026-04-21T06:02:29.263+0000] {logging_mixin.py:188} INFO - [2026-04-21T06:02:29.263+0000] {dagbag.py:538} INFO - Filling up the DagBag from /opt/airflow/dags/baseball_etl.py
[2026-04-21T06:02:29.585+0000] {processor.py:840} INFO - DAG(s) 'baseball_pipeline_v1' retrieved from /opt/airflow/dags/baseball_etl.py
[2026-04-21T06:02:29.607+0000] {logging_mixin.py:188} INFO - [2026-04-21T06:02:29.607+0000] {dag.py:3036} INFO - Sync 1 DAGs
[2026-04-21T06:02:29.836+0000] {logging_mixin.py:188} INFO - [2026-04-21T06:02:29.836+0000] {dag.py:3823} INFO - Setting next_dagrun for baseball_pipeline_v1 to 2026-04-21 00:00:00+00:00, run_after=2026-04-22 00:00:00+00:00
[2026-04-21T06:02:29.853+0000] {processor.py:183} INFO - Processing /opt/airflow/dags/baseball_etl.py took 0.600 seconds
[2026-04-21T06:03:00.580+0000] {processor.py:161} INFO - Started process (PID=3742471) to work on /opt/airflow/dags/baseball_etl.py
[2026-04-21T06:03:00.582+0000] {processor.py:830} INFO - Processing file /opt/airflow/dags/baseball_etl.py for tasks to queue
[2026-04-21T06:03:00.585+0000] {logging_mixin.py:188} INFO - [2026-04-21T06:03:00.584+0000] {dagbag.py:538} INFO - Filling up the DagBag from /opt/airflow/dags/baseball_etl.py
[2026-04-21T06:03:00.954+0000] {processor.py:840} INFO - DAG(s) 'baseball_pipeline_v1' retrieved from /opt/airflow/dags/baseball_etl.py
[2026-04-21T06:03:00.975+0000] {logging_mixin.py:188} INFO - [2026-04-21T06:03:00.974+0000] {dag.py:3036} INFO - Sync 1 DAGs
[2026-04-21T06:03:01.231+0000] {logging_mixin.py:188} INFO - [2026-04-21T06:03:01.231+0000] {dag.py:3823} INFO - Setting next_dagrun for baseball_pipeline_v1 to 2026-04-21 00:00:00+00:00, run_after=2026-04-22 00:00:00+00:00
[2026-04-21T06:03:01.255+0000] {processor.py:183} INFO - Processing /opt/airflow/dags/baseball_etl.py took 0.679 seconds
[2026-04-21T06:03:31.737+0000] {processor.py:161} INFO - Started process (PID=3742530) to work on /opt/airflow/dags/baseball_etl.py
[2026-04-21T06:03:31.739+0000] {processor.py:830} INFO - Processing file /opt/airflow/dags/baseball_etl.py for tasks to queue
[2026-04-21T06:03:31.741+0000] {logging_mixin.py:188} INFO - [2026-04-21T06:03:31.741+0000] {dagbag.py:538} INFO - Filling up the DagBag from /opt/airflow/dags/baseball_etl.py
[2026-04-21T06:03:32.265+0000] {processor.py:840} INFO - DAG(s) 'baseball_pipeline_v1' retrieved from /opt/airflow/dags/baseball_etl.py
[2026-04-21T06:03:32.283+0000] {logging_mixin.py:188} INFO - [2026-04-21T06:03:32.283+0000] {dag.py:3036} INFO - Sync 1 DAGs
[2026-04-21T06:03:32.307+0000] {logging_mixin.py:188} INFO - [2026-04-21T06:03:32.306+0000] {dag.py:3823} INFO - Setting next_dagrun for baseball_pipeline_v1 to 2026-04-21 00:00:00+00:00, run_after=2026-04-22 00:00:00+00:00
[2026-04-21T06:03:32.325+0000] {processor.py:183} INFO - Processing /opt/airflow/dags/baseball_etl.py took 0.592 seconds
[2026-04-21T06:04:02.547+0000] {processor.py:161} INFO - Started process (PID=3742585) to work on /opt/airflow/dags/baseball_etl.py
[2026-04-21T06:04:02.550+0000] {processor.py:830} INFO - Processing file /opt/airflow/dags/baseball_etl.py for tasks to queue
[2026-04-21T06:04:02.553+0000] {logging_mixin.py:188} INFO - [2026-04-21T06:04:02.552+0000] {dagbag.py:538} INFO - Filling up the DagBag from /opt/airflow/dags/baseball_etl.py
[2026-04-21T06:04:03.106+0000] {processor.py:840} INFO - DAG(s) 'baseball_pipeline_v1' retrieved from /opt/airflow/dags/baseball_etl.py
[2026-04-21T06:04:03.133+0000] {logging_mixin.py:188} INFO - [2026-04-21T06:04:03.132+0000] {dag.py:3036} INFO - Sync 1 DAGs
[2026-04-21T06:04:03.156+0000] {logging_mixin.py:188} INFO - [2026-04-21T06:04:03.156+0000] {dag.py:3823} INFO - Setting next_dagrun for baseball_pipeline_v1 to 2026-04-21 00:00:00+00:00, run_after=2026-04-22 00:00:00+00:00
[2026-04-21T06:04:03.174+0000] {processor.py:183} INFO - Processing /opt/airflow/dags/baseball_etl.py took 0.631 seconds
[2026-04-21T06:04:33.945+0000] {processor.py:161} INFO - Started process (PID=3742643) to work on /opt/airflow/dags/baseball_etl.py
[2026-04-21T06:04:33.947+0000] {processor.py:830} INFO - Processing file /opt/airflow/dags/baseball_etl.py for tasks to queue
[2026-04-21T06:04:33.950+0000] {logging_mixin.py:188} INFO - [2026-04-21T06:04:33.949+0000] {dagbag.py:538} INFO - Filling up the DagBag from /opt/airflow/dags/baseball_etl.py
[2026-04-21T06:04:34.487+0000] {processor.py:840} INFO - DAG(s) 'baseball_pipeline_v1' retrieved from /opt/airflow/dags/baseball_etl.py
[2026-04-21T06:04:34.506+0000] {logging_mixin.py:188} INFO - [2026-04-21T06:04:34.505+0000] {dag.py:3036} INFO - Sync 1 DAGs
[2026-04-21T06:04:34.529+0000] {logging_mixin.py:188} INFO - [2026-04-21T06:04:34.529+0000] {dag.py:3823} INFO - Setting next_dagrun for baseball_pipeline_v1 to 2026-04-21 00:00:00+00:00, run_after=2026-04-22 00:00:00+00:00
[2026-04-21T06:04:34.546+0000] {processor.py:183} INFO - Processing /opt/airflow/dags/baseball_etl.py took 0.605 seconds
