date,game_key,home_team,away_team,home_expected_runs,away_expected_runs,expected_run_diff,home_win_probability,predicted_winner,actual_winner,prediction_result,home_actual_runs,away_actual_runs
2024-08-01,20240801HHKT0,KT,한화,5.2606,5.3604,-0.0998,0.519,KT,한화,wrong,8.0,14.0
2024-08-01,20240801LTSK0,SSG,롯데,5.5528,5.5776,-0.0248,0.5262,SSG,롯데,wrong,2.0,4.0
2024-08-01,20240801NCWO0,키움,NC,4.9311,5.2347,-0.3037,0.4996,NC,키움,wrong,14.0,9.0
2024-08-01,20240801OBHT0,KIA,두산,5.6863,5.6791,0.0073,0.5292,KIA,두산,wrong,0.0,1.0
2024-08-01,20240801SSLG0,LG,삼성,5.3466,5.2001,0.1465,0.5425,LG,삼성,wrong,0.0,7.0
2024-08-02,20240802HTHH0,한화,KIA,5.5568,5.6536,-0.0969,0.5193,한화,한화,correct,10.0,3.0
2024-08-02,20240802KTNC0,NC,KT,5.4866,5.3461,0.1405,0.5419,NC,KT,wrong,7.0,9.0
2024-08-02,20240802SKSS0,삼성,SSG,5.1088,5.0288,0.08,0.5362,삼성,삼성,correct,4.0,3.0
2024-08-02,20240802WOOB0,두산,키움,5.4139,4.8938,0.5201,0.5777,두산,키움,wrong,4.0,6.0
2024-08-03,20240803HTHH0,한화,KIA,5.6332,5.6131,0.0201,0.5305,한화,KIA,wrong,3.0,7.0
2024-08-03,20240803LGLT0,롯데,LG,5.4472,5.5141,-0.0669,0.5222,롯데,롯데,correct,8.0,3.0
2024-08-03,20240803SKSS0,삼성,SSG,5.0119,4.9093,0.1026,0.5383,삼성,삼성,correct,12.0,4.0
2024-08-03,20240803WOOB0,두산,키움,5.3831,4.9023,0.4808,0.574,두산,키움,wrong,5.0,15.0
2024-08-04,20240804KTNC0,NC,KT,5.5667,5.4213,0.1454,0.5424,NC,NC,correct,15.0,5.0
2024-08-04,20240804SKSS0,삼성,SSG,5.1062,4.9169,0.1893,0.5465,삼성,삼성,correct,8.0,3.0
2024-08-06,20240806HHSS0,삼성,한화,4.9978,5.0968,-0.099,0.5191,삼성,한화,wrong,5.0,8.0
2024-08-06,20240806KTHT0,KIA,KT,5.9296,5.4579,0.4717,0.5731,KIA,KIA,correct,2.0,0.0
2024-08-06,20240806LGOB0,두산,LG,5.2925,5.168,0.1245,0.5404,두산,두산,correct,7.0,6.0
2024-08-06,20240806NCLT0,롯데,NC,5.4776,5.3557,0.1219,0.5401,롯데,롯데,correct,6.0,5.0
2024-08-06,20240806SKWO0,키움,SSG,5.3126,5.0504,0.2623,0.5534,키움,SSG,wrong,2.0,6.0
2024-08-07,20240807HHSS0,삼성,한화,5.1671,5.0918,0.0753,0.5357,삼성,삼성,correct,10.0,6.0
2024-08-07,20240807KTHT0,KIA,KT,5.8181,5.5714,0.2467,0.552,KIA,KT,wrong,2.0,13.0
2024-08-07,20240807LGOB0,두산,LG,5.4115,5.2652,0.1463,0.5425,두산,두산,correct,8.0,4.0
2024-08-07,20240807NCLT0,롯데,NC,5.405,5.5341,-0.1291,0.5162,롯데,롯데,correct,14.0,7.0
2024-08-07,20240807SKWO0,키움,SSG,5.2451,5.2051,0.0399,0.5324,키움,SSG,wrong,2.0,6.0
2024-08-08,20240808HHSS0,삼성,한화,5.2932,5.1467,0.1464,0.5425,삼성,한화,wrong,4.0,6.0
2024-08-08,20240808KTHT0,KIA,KT,5.7674,5.6515,0.1159,0.5396,KIA,KT,wrong,0.0,1.0
2024-08-08,20240808LGOB0,두산,LG,5.4136,5.3932,0.0205,0.5305,두산,LG,wrong,3.0,10.0
2024-08-08,20240808SKWO0,키움,SSG,5.2178,5.2211,-0.0033,0.5282,키움,키움,correct,3.0,0.0
2024-08-09,20240809LTKT0,KT,롯데,5.3073,5.8032,-0.4959,0.4812,롯데,KT,wrong,10.0,6.0
2024-08-09,20240809NCLG0,LG,NC,5.4027,5.7237,-0.321,0.4979,NC,LG,wrong,10.0,9.0
2024-08-09,20240809OBSK0,SSG,두산,5.308,5.4924,-0.1844,0.511,SSG,두산,wrong,11.0,13.0
2024-08-09,20240809SSHT0,KIA,삼성,5.2812,5.3868,-0.1056,0.5185,KIA,KIA,correct,9.0,8.0
2024-08-09,20240809WOHH0,한화,키움,5.4222,5.1352,0.287,0.5558,한화,한화,correct,7.0,5.0
2024-08-10,20240810LTKT0,KT,롯데,5.6211,5.7141,-0.093,0.5197,KT,롯데,wrong,0.0,2.0
2024-08-10,20240810NCLG0,LG,NC,5.7497,5.6758,0.074,0.5356,LG,LG,correct,9.0,3.0
2024-08-10,20240810OBSK0,SSG,두산,5.5216,5.7322,-0.2107,0.5084,SSG,두산,wrong,6.0,10.0
2024-08-10,20240810WOHH0,한화,키움,5.4739,5.2496,0.2243,0.5499,한화,키움,wrong,1.0,3.0
2024-08-11,20240811LTKT0,KT,롯데,5.3994,5.6161,-0.2168,0.5079,KT,롯데,wrong,7.0,9.0
2024-08-11,20240811NCLG0,LG,NC,5.7741,5.6067,0.1675,0.5445,LG,LG,correct,4.0,3.0
2024-08-11,20240811OBSK0,SSG,두산,5.5927,5.7654,-0.1727,0.5121,SSG,SSG,correct,11.0,9.0
2024-08-11,20240811SSHT0,KIA,삼성,5.3565,5.4561,-0.0996,0.519,KIA,삼성,wrong,4.0,5.0
2024-08-11,20240811WOHH0,한화,키움,5.4224,5.179,0.2434,0.5517,한화,키움,wrong,3.0,7.0
2024-08-13,20240813HTWO0,키움,KIA,5.2712,5.524,-0.2528,0.5044,키움,KIA,wrong,0.0,2.0
2024-08-13,20240813KTSS0,삼성,KT,5.5733,5.2498,0.3235,0.5592,삼성,삼성,correct,7.0,2.0
2024-08-13,20240813LGHH0,한화,LG,5.298,5.4695,-0.1715,0.5122,한화,LG,wrong,2.0,3.0
2024-08-13,20240813SKNC0,NC,SSG,5.6902,5.6389,0.0512,0.5334,NC,SSG,wrong,0.0,2.0
2024-08-14,20240814HTWO0,키움,KIA,5.0911,5.4215,-0.3305,0.497,KIA,키움,wrong,2.0,1.0
2024-08-14,20240814KTSS0,삼성,KT,5.4865,5.1302,0.3563,0.5623,삼성,삼성,correct,3.0,1.0
2024-08-14,20240814LGHH0,한화,LG,5.1953,5.325,-0.1297,0.5162,한화,한화,correct,9.0,5.0
2024-08-14,20240814LTOB0,두산,롯데,5.7248,5.4775,0.2472,0.552,두산,롯데,wrong,2.0,12.0
2024-08-15,20240815HTWO0,키움,KIA,4.756,5.0574,-0.3014,0.4998,KIA,KIA,correct,1.0,12.0
2024-08-15,20240815KTSS0,삼성,KT,5.2894,5.0955,0.1939,0.547,삼성,KT,wrong,3.0,5.0
2024-08-15,20240815LGHH0,한화,LG,5.2556,5.2813,-0.0258,0.5261,한화,LG,wrong,3.0,17.0
2024-08-15,20240815LTOB0,두산,롯데,5.6731,5.5838,0.0893,0.537,두산,두산,correct,4.0,3.0
2024-08-15,20240815SKNC0,NC,SSG,5.559,5.525,0.034,0.5318,NC,SSG,wrong,5.0,10.0
2024-08-16,20240816HHSK0,SSG,한화,5.5519,5.4515,0.1005,0.5381,SSG,한화,wrong,1.0,2.0
2024-08-16,20240816HTLG0,LG,KIA,5.1834,5.1898,-0.0064,0.5279,LG,KIA,wrong,2.0,3.0
2024-08-16,20240816OBKT0,KT,두산,5.4373,5.5693,-0.1321,0.516,KT,두산,wrong,0.0,5.0
2024-08-16,20240816SSNC0,NC,삼성,5.4371,5.5157,-0.0786,0.5211,NC,삼성,wrong,3.0,7.0
2024-08-16,20240816WOLT0,롯데,키움,5.3606,4.9471,0.4135,0.5677,롯데,롯데,correct,4.0,0.0
2024-08-17,20240817HHSK0,SSG,한화,5.3358,5.3272,0.0087,0.5294,SSG,한화,wrong,5.0,8.0
2024-08-17,20240817HTLG0,LG,KIA,5.1148,5.1042,0.0106,0.5296,LG,KIA,wrong,4.0,14.0
2024-08-17,20240817OBKT0,KT,두산,5.3357,5.3682,-0.0324,0.5255,KT,두산,wrong,2.0,3.0
2024-08-17,20240817SSNC0,NC,삼성,5.3562,5.4157,-0.0595,0.5229,NC,삼성,wrong,4.0,5.0
2024-08-17,20240817WOLT0,롯데,키움,5.1317,4.8016,0.3301,0.5598,롯데,키움,wrong,7.0,8.0
2024-08-18,20240818HHSK0,SSG,한화,5.3344,5.3222,0.0122,0.5297,SSG,한화,wrong,1.0,7.0
2024-08-18,20240818HTLG0,LG,KIA,5.1686,5.2526,-0.084,0.5205,LG,KIA,wrong,0.0,4.0
2024-08-18,20240818OBKT0,KT,두산,5.2366,5.3228,-0.0862,0.5203,KT,KT,correct,5.0,4.0
2024-08-18,20240818SSNC0,NC,삼성,5.3236,5.3648,-0.0412,0.5246,NC,삼성,wrong,3.0,5.0
2024-08-18,20240818WOLT0,롯데,키움,5.2154,4.8937,0.3217,0.559,롯데,롯데,correct,5.0,4.0
2024-08-20,20240820NCHH0,한화,NC,5.38,5.2786,0.1014,0.5382,한화,한화,correct,3.0,2.0
2024-08-20,20240820OBSS0,삼성,두산,5.2527,5.1343,0.1184,0.5398,삼성,삼성,correct,3.0,0.0
2024-08-20,20240820SKLG0,LG,SSG,5.4356,5.1107,0.3249,0.5594,LG,LG,correct,4.0,3.0
2024-08-20,20240820WOKT0,KT,키움,4.9519,4.8903,0.0617,0.5344,KT,키움,wrong,2.0,3.0
2024-08-21,20240821LTHT0,KIA,롯데,5.1058,4.8619,0.2438,0.5517,KIA,KIA,correct,6.0,5.0
2024-08-21,20240821NCHH0,한화,NC,5.3456,5.2805,0.0651,0.5347,한화,NC,wrong,2.0,8.0
2024-08-21,20240821OBSS0,삼성,두산,5.1806,5.0018,0.1789,0.5455,삼성,두산,wrong,2.0,5.0
2024-08-21,20240821SKLG0,LG,SSG,5.4218,5.1802,0.2416,0.5515,LG,SSG,wrong,1.0,5.0
2024-08-21,20240821WOKT0,KT,키움,5.0262,4.9771,0.0491,0.5332,KT,KT,correct,5.0,0.0
2024-08-22,20240822LTHT0,KIA,롯데,5.2187,4.9366,0.2821,0.5553,KIA,KIA,correct,6.0,4.0
2024-08-22,20240822SKLG0,LG,SSG,5.4107,5.1827,0.2279,0.5502,LG,LG,correct,13.0,3.0
2024-08-22,20240822WOKT0,KT,키움,4.9558,4.8021,0.1537,0.5432,KT,KT,correct,3.0,2.0
2024-08-23,20240823HHOB0,두산,한화,5.1752,5.1087,0.0665,0.5349,두산,한화,wrong,4.0,7.0
2024-08-23,20240823HTNC0,NC,KIA,5.1155,5.0384,0.0771,0.5359,NC,NC,correct,17.0,4.0
2024-08-23,20240823KTSK0,SSG,KT,5.1786,5.1066,0.072,0.5354,SSG,KT,wrong,6.0,11.0
2024-08-23,20240823LGWO0,키움,LG,4.8419,5.1912,-0.3493,0.4952,LG,키움,wrong,9.0,3.0
2024-08-23,20240823LTSS0,삼성,롯데,5.1068,4.8521,0.2547,0.5527,삼성,삼성,correct,5.0,3.0
2024-08-24,20240824HHOB0,두산,한화,5.2072,5.1017,0.1054,0.5386,두산,한화,wrong,6.0,7.0
2024-08-24,20240824HTNC0,NC,KIA,5.114,5.1916,-0.0776,0.5211,NC,KIA,wrong,0.0,2.0
2024-08-24,20240824KTSK0,SSG,KT,5.1578,5.1562,0.0016,0.5287,SSG,KT,wrong,3.0,9.0
2024-08-24,20240824LGWO0,키움,LG,4.9339,5.1953,-0.2613,0.5036,키움,LG,wrong,0.0,7.0
2024-08-24,20240824LTSS0,삼성,롯데,4.8854,4.9262,-0.0408,0.5247,삼성,롯데,wrong,3.0,11.0
2024-08-25,20240825HHOB0,두산,한화,5.2769,5.0985,0.1784,0.5455,두산,한화,wrong,1.0,3.0
2024-08-25,20240825HTNC0,NC,KIA,5.0482,5.0684,-0.0202,0.5266,NC,NC,correct,8.0,2.0
2024-08-25,20240825KTSK0,SSG,KT,5.0908,5.1386,-0.0477,0.524,SSG,SSG,correct,4.0,3.0
2024-08-25,20240825LGWO0,키움,LG,4.9215,5.2755,-0.354,0.4947,LG,키움,wrong,6.0,4.0
2024-08-25,20240825LTSS0,삼성,롯데,4.9957,5.0455,-0.0498,0.5238,삼성,삼성,correct,10.0,5.0
2024-08-27,20240827HHLT0,롯데,한화,5.3144,5.0572,0.2572,0.553,롯데,롯데,correct,3.0,1.0
2024-08-27,20240827KTLG0,LG,KT,5.0753,4.9056,0.1696,0.5447,LG,LG,correct,6.0,1.0
2024-08-27,20240827OBNC0,NC,두산,5.0267,4.9474,0.0793,0.5361,NC,두산,wrong,7.0,13.0
2024-08-27,20240827SKHT0,KIA,SSG,5.4145,5.0967,0.3177,0.5587,KIA,KIA,correct,10.0,4.0
2024-08-27,20240827SSWO0,키움,삼성,4.7799,5.0529,-0.273,0.5025,키움,삼성,wrong,0.0,1.0
2024-08-28,20240828HHLT0,롯데,한화,5.237,5.0212,0.2158,0.549,롯데,한화,wrong,0.0,7.0
2024-08-28,20240828KTLG0,LG,KT,5.0838,4.8499,0.234,0.5508,LG,KT,wrong,4.0,8.0
2024-08-28,20240828OBNC0,NC,두산,5.0575,5.1477,-0.0902,0.5199,NC,두산,wrong,1.0,8.0
2024-08-28,20240828SKHT0,KIA,SSG,5.5499,5.2027,0.3472,0.5614,KIA,KIA,correct,7.0,6.0
2024-08-28,20240828SSWO0,키움,삼성,4.6894,4.9515,-0.2621,0.5035,키움,삼성,wrong,5.0,9.0
2024-08-29,20240829HHLT0,롯데,한화,5.0167,4.9486,0.0681,0.535,롯데,롯데,correct,14.0,11.0
2024-08-29,20240829KTLG0,LG,KT,5.1197,4.9542,0.1655,0.5443,LG,KT,wrong,7.0,8.0
2024-08-29,20240829OBNC0,NC,두산,5.0426,5.1616,-0.1189,0.5172,NC,NC,correct,10.0,2.0
2024-08-29,20240829SKHT0,KIA,SSG,5.6454,5.2566,0.3887,0.5654,KIA,SSG,wrong,4.0,10.0
2024-08-29,20240829SSWO0,키움,삼성,4.7599,5.0337,-0.2738,0.5024,키움,삼성,wrong,0.0,1.0
2024-08-30,20240830LGKT0,KT,LG,4.9966,5.1497,-0.153,0.514,KT,LG,wrong,7.0,11.0
2024-08-30,20240830LTWO0,키움,롯데,4.9709,5.2402,-0.2693,0.5028,키움,롯데,wrong,2.0,8.0
2024-08-31,20240831HTSS0,삼성,KIA,4.9998,5.0919,-0.0921,0.5198,삼성,KIA,wrong,13.0,15.0
2024-08-31,20240831KTHH0,한화,KT,5.3294,4.9864,0.3429,0.561,한화,KT,wrong,2.0,6.0
2024-08-31,20240831LTOB0,두산,롯데,5.4459,5.0419,0.404,0.5668,두산,롯데,wrong,4.0,7.0
2024-08-31,20240831NCSK0,SSG,NC,5.2814,5.4074,-0.126,0.5165,SSG,NC,wrong,2.0,7.0
2024-09-01,20240901HTSS0,삼성,KIA,5.2129,5.3271,-0.1142,0.5177,삼성,KIA,wrong,5.0,6.0
2024-09-01,20240901LTOB0,두산,롯데,5.2983,5.2662,0.0321,0.5316,두산,롯데,wrong,3.0,4.0
2024-09-01,20240901NCSK0,SSG,NC,5.235,5.4131,-0.178,0.5116,SSG,NC,wrong,2.0,8.0
2024-09-03,20240903LGHT0,KIA,LG,5.1453,5.4994,-0.354,0.4947,LG,KIA,wrong,7.0,5.0
2024-09-03,20240903LTSS0,삼성,롯데,5.1455,5.0802,0.0653,0.5348,삼성,삼성,correct,5.0,1.0
2024-09-03,20240903OBHH0,한화,두산,5.1423,4.9534,0.1889,0.5465,한화,한화,correct,7.0,1.0
2024-09-03,20240903WONC0,NC,키움,4.8906,4.8799,0.0107,0.5296,NC,NC,correct,11.0,5.0
2024-09-04,20240904HHHT0,KIA,한화,5.4719,5.2626,0.2092,0.5484,KIA,한화,wrong,4.0,5.0
2024-09-04,20240904KTLT0,롯데,KT,4.8015,5.3983,-0.5968,0.4716,KT,롯데,wrong,7.0,5.0
2024-09-04,20240904OBSS0,삼성,두산,5.2411,5.0837,0.1574,0.5435,삼성,삼성,correct,7.0,3.0
2024-09-04,20240904SKLG0,LG,SSG,5.3374,5.4427,-0.1053,0.5185,LG,LG,correct,5.0,0.0
2024-09-04,20240904WONC0,NC,키움,5.2841,4.9095,0.3746,0.564,NC,NC,correct,13.0,6.0
2024-09-05,20240905HHHT0,KIA,한화,5.4436,5.2407,0.2028,0.5478,KIA,KIA,correct,4.0,3.0
2024-09-05,20240905KTLT0,롯데,KT,5.2512,5.2068,0.0443,0.5328,롯데,KT,wrong,2.0,12.0
2024-09-05,20240905SKLG0,LG,SSG,5.6535,5.1485,0.505,0.5762,LG,SSG,wrong,2.0,4.0
2024-09-05,20240905WONC0,NC,키움,5.4166,5.0275,0.3892,0.5654,NC,키움,wrong,7.0,12.0
2024-09-06,20240906HHLG0,LG,한화,5.1533,5.0462,0.1072,0.5387,LG,한화,wrong,1.0,3.0
2024-09-06,20240906KTNC0,NC,KT,5.4398,5.2449,0.195,0.5471,NC,KT,wrong,3.0,9.0
2024-09-06,20240906SSLT0,롯데,삼성,4.9747,5.3738,-0.3991,0.4904,삼성,삼성,correct,2.0,7.0
2024-09-06,20240906WOHT0,KIA,키움,5.5366,5.1602,0.3764,0.5642,KIA,KIA,correct,14.0,0.0
2024-09-07,20240907HHLG0,LG,한화,5.0852,4.9236,0.1615,0.5439,LG,LG,correct,9.0,3.0
2024-09-07,20240907NCSS0,삼성,NC,5.2905,5.2118,0.0786,0.536,삼성,NC,wrong,1.0,9.0
2024-09-07,20240907OBKT0,KT,두산,5.0599,5.475,-0.4151,0.4889,두산,두산,correct,2.0,12.0
2024-09-07,20240907WOHT0,KIA,키움,5.6832,5.2391,0.4442,0.5706,KIA,KIA,correct,6.0,2.0
2024-09-08,20240908HHLG0,LG,한화,5.1396,4.966,0.1736,0.545,LG,LG,correct,14.0,3.0
2024-09-08,20240908NCSS0,삼성,NC,5.2177,5.2418,-0.0241,0.5263,삼성,삼성,correct,10.0,2.0
2024-09-08,20240908SKLT0,롯데,SSG,5.3046,5.2564,0.0482,0.5331,롯데,SSG,wrong,6.0,11.0
2024-09-08,20240908WOHT0,KIA,키움,5.6563,5.1604,0.4959,0.5754,KIA,KIA,correct,5.0,2.0
2024-09-10,20240910HHSK0,SSG,한화,5.2567,5.3142,-0.0575,0.5231,SSG,SSG,correct,5.0,0.0
2024-09-10,20240910LTLG0,LG,롯데,5.404,5.1658,0.2382,0.5512,LG,롯데,wrong,1.0,2.0
2024-09-10,20240910NCKT0,KT,NC,5.3947,5.261,0.1338,0.5413,KT,KT,correct,11.0,8.0
2024-09-10,20240910OBWO0,키움,두산,4.9767,5.551,-0.5743,0.4737,두산,키움,wrong,7.0,1.0
2024-09-11,20240911LTSK0,SSG,롯데,5.293,5.3534,-0.0603,0.5228,SSG,롯데,wrong,2.0,10.0
2024-09-11,20240911NCKT0,KT,NC,5.504,5.5885,-0.0844,0.5205,KT,KT,correct,2.0,1.0
2024-09-11,20240911SSHH0,한화,삼성,4.7665,5.3882,-0.6217,0.4692,삼성,삼성,correct,1.0,10.0
2024-09-11,20240911WOLG0,LG,키움,5.5467,4.9864,0.5602,0.5814,LG,키움,wrong,5.0,9.0
2024-09-12,20240912LTHT0,KIA,롯데,5.6708,4.7881,0.8827,0.6111,KIA,KIA,correct,10.0,0.0
2024-09-12,20240912NCKT0,KT,NC,5.3907,5.4636,-0.0729,0.5216,KT,KT,correct,10.0,4.0
2024-09-12,20240912SSHH0,한화,삼성,5.0928,5.34,-0.2473,0.5049,한화,삼성,wrong,1.0,7.0
2024-09-13,20240913HHLT0,롯데,한화,5.3475,5.2269,0.1206,0.54,롯데,한화,wrong,4.0,8.0
2024-09-14,20240914HHLT0,롯데,한화,5.3595,5.2621,0.0974,0.5378,롯데,롯데,correct,12.0,9.0
2024-09-14,20240914KTOB0,두산,KT,5.5347,4.985,0.5497,0.5804,두산,두산,correct,2.0,1.0
2024-09-14,20240914LGNC0,NC,LG,5.1365,5.4917,-0.3552,0.4946,LG,LG,correct,7.0,10.0
2024-09-14,20240914SSSK0,SSG,삼성,5.0192,5.1348,-0.1156,0.5175,SSG,SSG,correct,11.0,9.0
2024-09-14,20240914WOHT0,KIA,키움,5.3929,5.0444,0.3485,0.5616,KIA,KIA,correct,3.0,2.0
2024-09-15,20240915HHLT0,롯데,한화,5.5013,5.441,0.0603,0.5343,롯데,롯데,correct,16.0,9.0
2024-09-15,20240915LGNC0,NC,LG,5.3633,5.5134,-0.1501,0.5142,NC,NC,correct,4.0,1.0
2024-09-15,20240915SSSK0,SSG,삼성,5.1134,5.4129,-0.2995,0.5,삼성,SSG,wrong,14.0,9.0
2024-09-15,20240915WOHT0,KIA,키움,5.501,4.9151,0.5859,0.5838,KIA,키움,wrong,5.0,10.0
2024-09-16,20240916HTKT0,KT,KIA,5.1424,5.1541,-0.0116,0.5274,KT,KIA,wrong,5.0,11.0
2024-09-16,20240916WOOB0,두산,키움,5.5929,4.9581,0.6349,0.5883,두산,두산,correct,5.0,4.0
2024-09-17,20240917HHNC0,NC,한화,5.6642,5.637,0.0272,0.5311,NC,한화,wrong,1.0,4.0
2024-09-17,20240917HTSK0,SSG,KIA,5.2126,5.2138,-0.0012,0.5284,SSG,SSG,correct,2.0,0.0
2024-09-17,20240917KTWO0,키움,KT,5.1529,5.347,-0.1941,0.51,키움,KT,wrong,2.0,4.0
2024-09-17,20240917LGLT0,롯데,LG,5.2931,5.3201,-0.027,0.526,롯데,롯데,correct,7.0,3.0
2024-09-17,20240917SSOB0,두산,삼성,4.8356,5.3346,-0.499,0.4809,삼성,두산,wrong,8.0,4.0
2024-09-18,20240918HHNC0,NC,한화,5.58,5.5572,0.0227,0.5307,NC,NC,correct,5.0,2.0
2024-09-18,20240918LGLT0,롯데,LG,5.4001,5.3727,0.0273,0.5311,롯데,LG,wrong,3.0,5.0
2024-09-18,20240918SSKT0,KT,삼성,5.0695,5.4038,-0.3343,0.4966,삼성,삼성,correct,6.0,8.0
2024-09-19,20240919HHNC0,NC,한화,5.5116,5.4115,0.1001,0.5381,NC,한화,wrong,6.0,7.0
2024-09-19,20240919HTOB0,두산,KIA,4.8793,5.1256,-0.2463,0.505,두산,두산,correct,9.0,4.0
2024-09-19,20240919LGLT0,롯데,LG,5.3092,5.2679,0.0413,0.5325,롯데,LG,wrong,4.0,7.0
2024-09-19,20240919SSKT0,KT,삼성,5.2044,5.4389,-0.2345,0.5062,KT,KT,correct,12.0,5.0
2024-09-19,20240919WOSK0,SSG,키움,5.2766,5.0602,0.2164,0.5491,SSG,SSG,correct,8.0,6.0
2024-09-21,20240921OBLG1,LG,두산,5.1239,5.0257,0.0982,0.5379,LG,두산,wrong,7.0,14.0
2024-09-21,20240921OBLG2,LG,두산,5.3374,5.3255,0.0119,0.5297,LG,LG,correct,2.0,0.0
2024-09-21,20240921SKKT0,KT,SSG,5.3595,5.2735,0.086,0.5367,KT,SSG,wrong,1.0,4.0
2024-09-22,20240922LTHH0,한화,롯데,5.3482,5.4596,-0.1114,0.5179,한화,한화,correct,8.0,4.0
2024-09-22,20240922OBLG0,LG,두산,5.1534,5.1535,-0.0001,0.5285,LG,LG,correct,9.0,5.0
2024-09-22,20240922SKKT0,KT,SSG,5.3052,5.1578,0.1474,0.5426,KT,SSG,wrong,2.0,6.0
2024-09-22,20240922WOSS0,삼성,키움,5.4326,4.9588,0.4738,0.5733,삼성,삼성,correct,9.0,8.0
2024-09-23,20240923LTHH0,한화,롯데,5.4004,5.4822,-0.0818,0.5208,한화,롯데,wrong,2.0,3.0
2024-09-23,20240923SKOB0,두산,SSG,5.2751,4.9874,0.2877,0.5558,두산,두산,correct,8.0,4.0
2024-09-23,20240923SSHT0,KIA,삼성,5.7251,4.8726,0.8524,0.6083,KIA,KIA,correct,5.0,3.0
2024-09-24,20240924HHWO0,키움,한화,5.4069,5.0858,0.321,0.559,키움,키움,correct,5.0,4.0
2024-09-24,20240924LGSK0,SSG,LG,4.9559,5.501,-0.5451,0.4765,LG,LG,correct,5.0,14.0
2024-09-24,20240924LTKT0,KT,롯데,5.5171,5.1762,0.3408,0.5609,KT,KT,correct,5.0,1.0
2024-09-24,20240924NCOB0,두산,NC,4.7275,5.4557,-0.7282,0.4591,NC,두산,wrong,10.0,5.0
2024-09-24,20240924SSHT0,KIA,삼성,5.4183,5.2102,0.2081,0.5483,KIA,KIA,correct,7.0,1.0
2024-09-25,20240925HHLG0,LG,한화,5.523,5.1879,0.335,0.5603,LG,한화,wrong,2.0,4.0
2024-09-25,20240925LTHT0,KIA,롯데,5.4608,5.0698,0.391,0.5656,KIA,롯데,wrong,2.0,5.0
2024-09-25,20240925SKNC0,NC,SSG,5.5149,5.3591,0.1557,0.5434,NC,SSG,wrong,2.0,8.0
2024-09-25,20240925WOSS0,삼성,키움,5.4693,5.223,0.2463,0.5519,삼성,삼성,correct,6.0,3.0
2024-09-26,20240926OBLT0,롯데,두산,5.0155,5.5028,-0.4873,0.482,두산,두산,correct,3.0,4.0
2024-09-26,20240926SKNC0,NC,SSG,5.5425,5.3688,0.1736,0.545,NC,SSG,wrong,1.0,10.0
2024-09-26,20240926WOLG0,LG,키움,5.4062,4.9913,0.4149,0.5678,LG,LG,correct,6.0,3.0
2024-09-27,20240927HTHH0,한화,KIA,4.9684,5.3139,-0.3455,0.4956,KIA,한화,wrong,8.0,0.0
2024-09-27,20240927NCLT0,롯데,NC,5.3515,5.3594,-0.0079,0.5278,롯데,롯데,correct,13.0,6.0
2024-09-27,20240927WOKT0,KT,키움,5.4014,4.7202,0.6812,0.5926,KT,KT,correct,8.0,7.0
2024-09-28,20240928HTLT0,롯데,KIA,5.154,5.2848,-0.1308,0.5161,롯데,KIA,wrong,8.0,12.0
2024-09-28,20240928LGSS0,삼성,LG,5.3211,5.2067,0.1144,0.5394,삼성,LG,wrong,4.0,11.0
2024-09-28,20240928OBNC0,NC,두산,5.1769,5.559,-0.3821,0.4921,두산,두산,correct,3.0,4.0
2024-09-28,20240928SKHH0,한화,SSG,5.115,5.4227,-0.3077,0.4992,SSG,SSG,correct,2.0,6.0
2024-09-28,20240928WOKT0,KT,키움,5.3007,5.1041,0.1966,0.5472,KT,KT,correct,10.0,7.0
2024-09-29,20240929NCHH0,한화,NC,5.3079,5.3443,-0.0363,0.5251,한화,NC,wrong,2.0,7.0
2024-09-30,20240930NCHT0,KIA,NC,5.5739,5.0475,0.5264,0.5782,KIA,KIA,correct,10.0,5.0
2024-09-30,20240930WOSK0,SSG,키움,5.397,5.1385,0.2585,0.5531,SSG,SSG,correct,7.0,2.0
2024-10-01,20241001LTNC0,NC,롯데,5.0712,5.6736,-0.6024,0.471,롯데,롯데,correct,1.0,5.0
2025-03-22,20250322HHKT0,KT,한화,5.1616,5.1262,0.0354,0.5319,KT,한화,wrong,3.0,4.0
2025-03-22,20250322LTLG0,LG,롯데,5.1616,5.1262,0.0354,0.5319,LG,LG,correct,12.0,2.0
2025-03-22,20250322NCHT0,KIA,NC,5.1616,5.1262,0.0354,0.5319,KIA,KIA,correct,9.0,2.0
2025-03-22,20250322OBSK0,SSG,두산,5.1616,5.1262,0.0354,0.5319,SSG,SSG,correct,6.0,5.0
2025-03-22,20250322WOSS0,삼성,키움,5.1616,5.1262,0.0354,0.5319,삼성,삼성,correct,13.0,5.0
2025-03-23,20250323HHKT0,KT,한화,4.0287,4.5809,-0.5522,0.4758,한화,KT,wrong,5.0,4.0
2025-03-23,20250323LTLG0,LG,롯데,10.7564,3.8856,6.8708,0.9394,LG,LG,correct,10.0,2.0
2025-03-23,20250323NCHT0,KIA,NC,7.8017,3.7739,4.0278,0.8394,KIA,NC,wrong,4.0,5.0
2025-03-23,20250323OBSK0,SSG,두산,5.826,5.0537,0.7723,0.601,SSG,SSG,correct,5.0,2.0
2025-03-23,20250323WOSS0,삼성,키움,12.3261,5.4095,6.9166,0.9404,삼성,삼성,correct,11.0,7.0
2025-03-25,20250325HHLG0,LG,한화,6.5358,3.7893,2.7465,0.7621,LG,LG,correct,5.0,0.0
2025-03-25,20250325LTSK0,SSG,롯데,7.1882,4.2939,2.8943,0.7722,SSG,롯데,wrong,2.0,3.0
2025-03-25,20250325NCSS0,삼성,NC,8.4397,4.6604,3.7793,0.8262,삼성,삼성,correct,14.0,5.0
2025-03-25,20250325OBKT0,KT,두산,4.9978,4.4907,0.507,0.5764,KT,KT,correct,8.0,3.0
2025-03-25,20250325WOHT0,KIA,키움,7.7531,5.552,2.2011,0.7223,KIA,KIA,correct,11.0,6.0
2025-03-26,20250326HHLG0,LG,한화,6.0032,3.4963,2.5069,0.7451,LG,LG,correct,4.0,0.0
2025-03-26,20250326LTSK0,SSG,롯데,5.7301,4.2421,1.488,0.6644,SSG,SSG,correct,3.0,1.0
2025-03-26,20250326NCSS0,삼성,NC,9.9752,4.9394,5.0358,0.8849,삼성,NC,wrong,6.0,8.0
2025-03-26,20250326OBKT0,KT,두산,5.6418,4.4004,1.2414,0.6431,KT,두산,wrong,2.0,3.0
2025-03-26,20250326WOHT0,KIA,키움,8.497,5.6968,2.8002,0.7658,KIA,키움,wrong,10.0,17.0
2025-03-27,20250327HHLG0,LG,한화,5.5553,3.3303,2.225,0.7241,LG,LG,correct,2.0,1.0
2025-03-27,20250327LTSK0,SSG,롯데,5.2478,3.953,1.2948,0.6478,SSG,SSG,correct,5.0,2.0
2025-03-27,20250327NCSS0,삼성,NC,8.6832,5.4512,3.232,0.7941,삼성,NC,wrong,5.0,11.0
2025-03-27,20250327OBKT0,KT,두산,5.0448,4.3092,0.7356,0.5976,KT,KT,correct,4.0,3.0
2025-03-27,20250327WOHT0,KIA,키움,8.7721,7.8007,0.9715,0.6191,KIA,키움,wrong,3.0,5.0
2025-03-28,20250328HTHH0,한화,KIA,4.5382,5.9262,-1.388,0.3974,KIA,한화,wrong,7.0,2.0
2025-03-28,20250328KTLT0,롯데,KT,4.0964,5.3244,-1.228,0.4121,KT,KT,correct,0.0,2.0
2025-03-28,20250328LGNC0,NC,LG,4.5969,5.8068,-1.2099,0.4138,LG,LG,correct,4.0,8.0
2025-03-28,20250328SKWO0,키움,SSG,5.856,5.7505,0.1055,0.5386,키움,키움,correct,9.0,3.0
2025-03-28,20250328SSOB0,두산,삼성,4.9599,7.1197,-2.1598,0.3293,삼성,두산,wrong,2.0,0.0
2025-03-29,20250329HTHH0,한화,KIA,4.8275,5.4712,-0.6437,0.4671,KIA,한화,wrong,5.0,4.0
2025-03-29,20250329KTLT0,롯데,KT,3.8381,4.9515,-1.1134,0.4228,KT,롯데,wrong,3.0,1.0
2025-03-29,20250329LGNC0,NC,LG,4.6263,5.9966,-1.3703,0.399,LG,LG,correct,4.0,14.0
2025-03-29,20250329SKWO0,키움,SSG,6.1511,5.4519,0.6992,0.5943,키움,키움,correct,3.0,1.0
2025-03-29,20250329SSOB0,두산,삼성,4.7154,6.0863,-1.371,0.399,삼성,삼성,correct,2.0,13.0
2025-03-30,20250330HTHH0,한화,KIA,4.8844,5.3048,-0.4204,0.4884,KIA,KIA,correct,3.0,5.0
2025-03-30,20250330SKWO0,키움,SSG,5.7093,5.0681,0.6412,0.5889,키움,SSG,wrong,2.0,8.0
2025-03-30,20250330SSOB0,두산,삼성,4.5995,6.7238,-2.1244,0.3323,삼성,삼성,correct,2.0,3.0
2025-04-02,20250402LGKT0,KT,LG,3.6213,4.9925,-1.3712,0.3989,LG,KT,wrong,9.0,5.0
2025-04-02,20250402LTHH0,한화,롯데,4.4351,4.0063,0.4288,0.5691,한화,롯데,wrong,2.0,6.0
2025-04-02,20250402SSHT0,KIA,삼성,5.4066,6.3582,-0.9516,0.438,삼성,삼성,correct,2.0,4.0
2025-04-02,20250402WOOB0,두산,키움,4.9179,5.8648,-0.947,0.4384,키움,두산,wrong,5.0,3.0
2025-04-03,20250403LGKT0,KT,LG,4.1187,5.207,-1.0882,0.4251,LG,LG,correct,1.0,5.0
2025-04-03,20250403LTHH0,한화,롯데,4.4797,4.1965,0.2832,0.5554,한화,롯데,wrong,2.0,4.0
2025-04-03,20250403SSHT0,KIA,삼성,5.2476,6.2742,-1.0266,0.4309,삼성,KIA,wrong,3.0,1.0
2025-04-03,20250403WOOB0,두산,키움,5.1018,5.6868,-0.5851,0.4727,키움,두산,wrong,6.0,1.0
2025-04-04,20250404HHSS0,삼성,한화,5.444,4.3071,1.1368,0.6339,삼성,삼성,correct,5.0,0.0
2025-04-04,20250404HTLG0,LG,KIA,5.8301,4.4435,1.3866,0.6557,LG,LG,correct,8.0,2.0
2025-04-04,20250404KTSK0,SSG,KT,4.692,3.8442,0.8478,0.6079,SSG,SSG,correct,3.0,2.0
2025-04-04,20250404NCWO0,키움,NC,5.6805,6.8006,-1.1201,0.4222,NC,키움,wrong,5.0,1.0
2025-04-04,20250404OBLT0,롯데,두산,4.3622,4.509,-0.1469,0.5145,롯데,두산,wrong,3.0,15.0
2025-04-05,20250405HHSS0,삼성,한화,5.394,4.1376,1.2564,0.6444,삼성,한화,wrong,6.0,7.0
2025-04-05,20250405NCWO0,키움,NC,6.2988,5.7491,0.5497,0.5804,키움,NC,wrong,5.0,7.0
2025-04-05,20250405OBLT0,롯데,두산,4.3336,5.0929,-0.7593,0.4561,두산,롯데,wrong,6.0,1.0
2025-04-06,20250406HHSS0,삼성,한화,5.4152,4.3078,1.1074,0.6313,삼성,삼성,correct,10.0,0.0
2025-04-06,20250406HTLG0,LG,KIA,5.868,4.3037,1.5644,0.6709,LG,LG,correct,5.0,1.0
2025-04-06,20250406KTSK0,SSG,KT,4.3353,4.1741,0.1612,0.5439,SSG,SSG,correct,1.0,0.0
2025-04-06,20250406NCWO0,키움,NC,6.1646,5.7565,0.4082,0.5672,키움,NC,wrong,2.0,8.0
2025-04-06,20250406OBLT0,롯데,두산,4.3824,4.7922,-0.4098,0.4894,두산,두산,correct,12.0,15.0
2025-04-08,20250408HHOB0,두산,한화,5.1617,4.3716,0.7902,0.6026,두산,두산,correct,6.0,5.0
2025-04-08,20250408HTLT0,롯데,KIA,5.0648,5.1054,-0.0406,0.5247,롯데,KIA,wrong,4.0,5.0
2025-04-08,20250408LGWO0,키움,LG,4.421,5.7982,-1.3771,0.3984,LG,LG,correct,1.0,13.0
2025-04-08,20250408NCKT0,KT,NC,4.9645,4.9711,-0.0066,0.5279,KT,KT,correct,3.0,2.0
2025-04-08,20250408SKSS0,삼성,SSG,4.9933,4.2126,0.7806,0.6017,삼성,삼성,correct,7.0,3.0
2025-04-09,20250409HHOB0,두산,한화,5.2428,4.5,0.7427,0.5983,두산,한화,wrong,4.0,5.0
2025-04-09,20250409HTLT0,롯데,KIA,5.0856,5.1687,-0.0831,0.5206,롯데,KIA,wrong,1.0,3.0
2025-04-09,20250409LGWO0,키움,LG,4.3442,6.1221,-1.7778,0.3623,LG,키움,wrong,4.0,0.0
2025-04-09,20250409NCKT0,KT,NC,4.9023,4.837,0.0653,0.5348,KT,KT,correct,4.0,1.0
2025-04-09,20250409SKSS0,삼성,SSG,5.1016,4.1477,0.9539,0.6175,삼성,SSG,wrong,1.0,3.0
2025-04-10,20250410HHOB0,두산,한화,5.2725,4.5441,0.7284,0.597,두산,한화,wrong,2.0,7.0
2025-04-10,20250410HTLT0,롯데,KIA,4.8094,4.9977,-0.1883,0.5106,롯데,롯데,correct,8.0,3.0
2025-04-10,20250410LGWO0,키움,LG,4.3725,5.758,-1.3855,0.3976,LG,LG,correct,3.0,7.0
2025-04-10,20250410NCKT0,KT,NC,4.8864,4.6463,0.24,0.5513,KT,NC,wrong,0.0,7.0
2025-04-10,20250410SKSS0,삼성,SSG,4.8719,4.0583,0.8137,0.6048,삼성,삼성,correct,3.0,2.0
2025-04-11,20250411LTNC0,NC,롯데,5.181,4.9805,0.2005,0.5476,NC,롯데,wrong,5.0,7.0
2025-04-11,20250411OBLG0,LG,두산,5.6626,4.3979,1.2647,0.6452,LG,LG,correct,5.0,2.0
2025-04-11,20250411SKHT0,KIA,SSG,4.5059,4.5367,-0.0308,0.5256,KIA,SSG,wrong,3.0,9.0
2025-04-11,20250411SSKT0,KT,삼성,4.007,4.8275,-0.8204,0.4503,삼성,KT,wrong,5.0,3.0
2025-04-11,20250411WOHH0,한화,키움,4.9735,5.1052,-0.1317,0.516,한화,한화,correct,12.0,2.0
2025-04-12,20250412LTNC0,NC,롯데,5.2433,5.1044,0.1389,0.5418,NC,롯데,wrong,0.0,2.0
2025-04-12,20250412OBLG0,LG,두산,5.5315,4.3378,1.1937,0.6389,LG,LG,correct,4.0,0.0
2025-04-12,20250412WOHH0,한화,키움,5.3184,5.0719,0.2465,0.5519,한화,키움,wrong,2.0,6.0
2025-04-13,20250413LTNC0,NC,롯데,5.1214,4.9652,0.1562,0.5434,NC,NC,correct,9.0,6.0
2025-04-13,20250413OBLG0,LG,두산,5.5479,4.21,1.3379,0.6515,LG,두산,wrong,2.0,9.0
2025-04-13,20250413SKHT0,KIA,SSG,4.4384,4.7031,-0.2647,0.5033,KIA,KIA,correct,11.0,5.0
2025-04-13,20250413SSKT0,KT,삼성,4.0313,4.6976,-0.6664,0.465,삼성,KT,wrong,6.0,5.0
2025-04-13,20250413WOHH0,한화,키움,5.1507,5.054,0.0966,0.5377,한화,한화,correct,7.0,1.0
2025-04-15,20250415HHSK0,SSG,한화,4.6388,4.4055,0.2333,0.5507,SSG,한화,wrong,0.0,2.0
2025-04-15,20250415KTHT0,KIA,KT,4.6361,4.5417,0.0944,0.5375,KIA,KIA,correct,1.0,0.0
2025-04-15,20250415SSLG0,LG,삼성,4.9082,4.5645,0.3437,0.5611,LG,LG,correct,3.0,0.0
2025-04-15,20250415WOLT0,롯데,키움,5.284,5.1754,0.1086,0.5389,롯데,롯데,correct,8.0,6.0
2025-04-16,20250416HHSK0,SSG,한화,4.4982,4.296,0.2022,0.5478,SSG,한화,wrong,4.0,10.0
2025-04-16,20250416KTHT0,KIA,KT,4.5596,4.4627,0.0969,0.5378,KIA,KT,wrong,0.0,3.0
2025-04-16,20250416SSLG0,LG,삼성,4.8393,4.4314,0.4079,0.5672,LG,LG,correct,12.0,2.0
2025-04-16,20250416WOLT0,롯데,키움,5.4428,5.334,0.1088,0.5389,롯데,롯데,correct,6.0,4.0
2025-04-17,20250417HHSK0,SSG,한화,4.5463,4.5263,0.02,0.5305,SSG,한화,wrong,2.0,4.0
2025-04-17,20250417KTHT0,KIA,KT,4.4117,4.3972,0.0145,0.5299,KIA,KIA,correct,5.0,4.0
2025-04-17,20250417SSLG0,LG,삼성,5.1319,4.4424,0.6896,0.5934,LG,삼성,wrong,3.0,6.0
2025-04-17,20250417WOLT0,롯데,키움,5.4795,5.2393,0.2402,0.5514,롯데,롯데,correct,7.0,1.0
2025-04-18,20250418HTOB0,두산,KIA,5.3718,4.3898,0.982,0.62,두산,두산,correct,7.0,1.0
2025-04-18,20250418KTWO0,키움,KT,4.6241,4.8457,-0.2217,0.5074,키움,키움,correct,4.0,3.0
2025-04-18,20250418LGSK0,SSG,LG,4.0768,5.0492,-0.9724,0.436,LG,LG,correct,1.0,5.0
2025-04-18,20250418LTSS0,삼성,롯데,5.3047,4.789,0.5156,0.5772,삼성,롯데,wrong,1.0,8.0
2025-04-18,20250418NCHH0,한화,NC,4.3771,5.1708,-0.7937,0.4529,NC,한화,wrong,12.0,4.0
2025-04-19,20250419HTOB0,두산,KIA,5.095,4.7938,0.3012,0.5571,두산,KIA,wrong,4.0,8.0
2025-04-19,20250419KTWO0,키움,KT,4.6121,4.8214,-0.2094,0.5086,키움,KT,wrong,1.0,11.0
2025-04-19,20250419LGSK0,SSG,LG,4.0736,5.1214,-1.0478,0.4289,LG,LG,correct,4.0,11.0
2025-04-19,20250419LTSS0,삼성,롯데,5.0363,4.781,0.2553,0.5528,삼성,삼성,correct,10.0,3.0
2025-04-19,20250419NCHH0,한화,NC,5.0198,4.7791,0.2407,0.5514,한화,한화,correct,7.0,2.0
2025-04-20,20250420HTOB0,두산,KIA,5.1162,4.9077,0.2085,0.5484,두산,KIA,wrong,2.0,6.0
2025-04-20,20250420KTWO0,키움,KT,4.5429,4.9827,-0.4398,0.4866,KT,KT,correct,0.0,5.0
2025-04-20,20250420LGSK0,SSG,LG,4.1234,5.3264,-1.2031,0.4144,LG,SSG,wrong,9.0,3.0
2025-04-20,20250420LTSS0,삼성,롯데,5.2213,4.763,0.4583,0.5719,삼성,롯데,wrong,3.0,4.0
2025-04-20,20250420NCHH0,한화,NC,5.0705,4.7479,0.3226,0.5591,한화,한화,correct,7.0,1.0
2025-04-22,20250422NCLG0,LG,NC,5.628,4.364,1.264,0.6451,LG,NC,wrong,5.0,6.0
2025-04-22,20250422OBWO0,키움,두산,5.0192,5.4676,-0.4484,0.4857,두산,키움,wrong,5.0,4.0
2025-04-22,20250422SKKT0,KT,SSG,4.501,4.2872,0.2137,0.5488,KT,KT,correct,9.0,3.0
2025-04-23,20250423HHLT0,롯데,한화,4.46,4.7266,-0.2666,0.5031,롯데,한화,wrong,4.0,6.0
2025-04-23,20250423HTSS0,삼성,KIA,5.0808,4.6021,0.4786,0.5738,삼성,삼성,correct,7.0,2.0
2025-04-23,20250423NCLG0,LG,NC,5.6861,4.4959,1.1902,0.6386,LG,LG,correct,3.0,0.0
2025-04-23,20250423OBWO0,키움,두산,4.9221,5.3801,-0.4579,0.4848,두산,두산,correct,2.0,8.0
2025-04-23,20250423SKKT0,KT,SSG,4.7567,4.3539,0.4028,0.5667,KT,SSG,wrong,5.0,11.0
2025-04-24,20250424HHLT0,롯데,한화,4.5791,4.838,-0.259,0.5038,롯데,롯데,correct,5.0,3.0
2025-04-24,20250424HTSS0,삼성,KIA,5.2506,4.6883,0.5622,0.5816,삼성,삼성,correct,17.0,5.0
2025-04-24,20250424NCLG0,LG,NC,5.569,4.4125,1.1565,0.6356,LG,NC,wrong,1.0,3.0
2025-04-24,20250424OBWO0,키움,두산,4.8476,5.4089,-0.5613,0.475,두산,두산,correct,3.0,9.0
2025-04-24,20250424SKKT0,KT,SSG,4.7884,4.5645,0.2238,0.5498,KT,SSG,wrong,5.0,6.0
2025-04-25,20250425KTHH0,한화,KT,4.4865,4.4029,0.0835,0.5365,한화,KT,wrong,1.0,2.0
2025-04-25,20250425LGHT0,KIA,LG,4.5128,5.4232,-0.9104,0.4418,LG,LG,correct,5.0,6.0
2025-04-25,20250425LTOB0,두산,롯데,5.0302,4.8023,0.228,0.5502,두산,롯데,wrong,2.0,8.0
2025-04-25,20250425NCSS0,삼성,NC,5.6656,4.682,0.9836,0.6202,삼성,삼성,correct,10.0,6.0
2025-04-25,20250425WOSK0,SSG,키움,5.5386,4.9915,0.5471,0.5802,SSG,SSG,correct,4.0,3.0
2025-04-26,20250426KTHH0,한화,KT,4.4106,4.3442,0.0664,0.5349,한화,한화,correct,2.0,1.0
2025-04-26,20250426LGHT0,KIA,LG,4.5135,5.3866,-0.8731,0.4454,LG,KIA,wrong,8.0,4.0
2025-04-26,20250426LTOB0,두산,롯데,5.0132,4.9319,0.0813,0.5363,두산,롯데,wrong,4.0,7.0
2025-04-26,20250426NCSS0,삼성,NC,5.8481,4.7501,1.098,0.6304,삼성,삼성,correct,9.0,1.0
2025-04-26,20250426WOSK0,SSG,키움,5.4018,4.8605,0.5413,0.5796,SSG,키움,wrong,1.0,2.0
2025-04-27,20250427KTHH0,한화,KT,4.3828,4.3197,0.0631,0.5346,한화,한화,correct,4.0,3.0
2025-04-27,20250427LGHT0,KIA,LG,4.6592,5.3796,-0.7205,0.4598,LG,KIA,wrong,3.0,2.0
2025-04-27,20250427LTOB0,두산,롯데,4.9373,4.9362,0.001,0.5286,두산,두산,correct,13.0,4.0
2025-04-27,20250427NCSS0,삼성,NC,5.8969,4.6746,1.2223,0.6414,삼성,삼성,correct,8.0,4.0
2025-04-27,20250427WOSK0,SSG,키움,5.2154,4.7928,0.4227,0.5685,SSG,키움,wrong,3.0,7.0
2025-04-29,20250429KTOB0,두산,KT,4.7744,4.6036,0.1708,0.5448,두산,KT,wrong,2.0,3.0
2025-04-29,20250429LGHH0,한화,LG,4.3615,4.8429,-0.4813,0.4826,LG,한화,wrong,3.0,2.0
2025-04-29,20250429LTWO0,키움,롯데,4.8219,5.2925,-0.4706,0.4836,롯데,롯데,correct,3.0,9.0
2025-04-29,20250429NCHT0,KIA,NC,5.4421,5.0858,0.3563,0.5623,KIA,KIA,correct,13.0,3.0
2025-04-29,20250429SSSK0,SSG,삼성,4.5412,5.3867,-0.8455,0.448,삼성,삼성,correct,1.0,3.0
2025-04-30,20250430KTOB0,두산,KT,4.7774,4.5816,0.1958,0.5472,두산,KT,wrong,3.0,8.0
2025-04-30,20250430LGHH0,한화,LG,4.3423,4.7955,-0.4532,0.4853,LG,한화,wrong,5.0,2.0
2025-04-30,20250430LTWO0,키움,롯데,4.8374,5.3949,-0.5575,0.4753,롯데,롯데,correct,9.0,10.0
2025-04-30,20250430NCHT0,KIA,NC,5.6908,5.1207,0.5701,0.5823,KIA,NC,wrong,0.0,7.0
2025-05-01,20250501LTWO0,키움,롯데,5.0116,5.5783,-0.5667,0.4744,롯데,롯데,correct,0.0,5.0
2025-05-01,20250501SSSK0,SSG,삼성,4.4163,5.2721,-0.8558,0.447,삼성,SSG,wrong,4.0,1.0
2025-05-02,20250502HHHT0,KIA,한화,4.649,4.7912,-0.1423,0.515,KIA,한화,wrong,2.0,3.0
2025-05-02,20250502NCLT0,롯데,NC,5.3543,5.1143,0.24,0.5513,롯데,롯데,correct,4.0,3.0
2025-05-02,20250502OBSS0,삼성,두산,5.1664,4.9623,0.2041,0.5479,삼성,삼성,correct,6.0,2.0
2025-05-02,20250502SKLG0,LG,SSG,5.248,4.2291,1.0189,0.6234,LG,SSG,wrong,1.0,2.0
2025-05-02,20250502WOKT0,KT,키움,5.146,4.3918,0.7542,0.5993,KT,키움,wrong,3.0,5.0
2025-05-03,20250503NCLT0,롯데,NC,5.4273,4.8973,0.53,0.5786,롯데,NC,wrong,4.0,13.0
2025-05-03,20250503OBSS0,삼성,두산,5.2726,4.7238,0.5488,0.5803,삼성,두산,wrong,1.0,6.0
2025-05-03,20250503SKLG0,LG,SSG,4.9544,4.2566,0.6978,0.5941,LG,LG,correct,4.0,1.0
2025-05-03,20250503WOKT0,KT,키움,5.0065,4.5479,0.4587,0.5719,KT,KT,correct,9.0,0.0
2025-05-04,20250504HHHT0,KIA,한화,4.5494,4.7104,-0.1611,0.5132,KIA,한화,wrong,1.0,3.0
2025-05-04,20250504NCLT0,롯데,NC,5.3759,5.131,0.2449,0.5518,롯데,NC,wrong,6.0,9.0
2025-05-04,20250504OBSS0,삼성,두산,5.1954,4.747,0.4484,0.571,삼성,두산,wrong,6.0,11.0
2025-05-04,20250504SKLG0,LG,SSG,4.8677,4.1756,0.692,0.5936,LG,LG,correct,12.0,4.0
2025-05-04,20250504WOKT0,KT,키움,5.1382,4.4924,0.6458,0.5893,KT,KT,correct,5.0,4.0
2025-05-05,20250505HTWO0,키움,KIA,5.0013,5.2296,-0.2284,0.5068,키움,KIA,wrong,1.0,13.0
2025-05-05,20250505LGOB0,두산,LG,4.6105,5.0818,-0.4713,0.4835,LG,두산,wrong,5.0,2.0
2025-05-05,20250505NCKT0,KT,NC,4.9503,4.7117,0.2386,0.5512,KT,NC,wrong,2.0,6.0
2025-05-05,20250505SKLT0,롯데,SSG,5.1164,4.7693,0.3471,0.5614,롯데,SSG,wrong,1.0,7.0
2025-05-05,20250505SSHH0,한화,삼성,4.5124,4.817,-0.3046,0.4995,삼성,한화,wrong,3.0,1.0
2025-05-06,20250506HTWO0,키움,KIA,4.9198,5.4874,-0.5675,0.4744,KIA,KIA,correct,3.0,5.0
2025-05-06,20250506LGOB0,두산,LG,4.6566,5.0653,-0.4087,0.4895,LG,LG,correct,1.0,5.0
2025-05-06,20250506NCKT0,KT,NC,4.8991,4.6546,0.2445,0.5518,KT,NC,wrong,3.0,6.0
2025-05-06,20250506SKLT0,롯데,SSG,5.0075,4.8347,0.1728,0.545,롯데,롯데,correct,6.0,0.0
2025-05-06,20250506SSHH0,한화,삼성,4.4701,4.7494,-0.2793,0.5019,한화,한화,correct,3.0,1.0
2025-05-07,20250507HTWO0,키움,KIA,4.9342,5.4828,-0.5486,0.4762,KIA,키움,wrong,11.0,10.0
2025-05-07,20250507LGOB0,두산,LG,4.5745,5.0419,-0.4675,0.4839,LG,두산,wrong,5.0,2.0
2025-05-07,20250507NCKT0,KT,NC,4.8952,4.6808,0.2144,0.5489,KT,NC,wrong,2.0,12.0
2025-05-07,20250507SKLT0,롯데,SSG,5.0225,4.7729,0.2496,0.5522,롯데,롯데,correct,6.0,2.0
2025-05-07,20250507SSHH0,한화,삼성,4.3752,4.6204,-0.2451,0.5052,한화,한화,correct,10.0,6.0
2025-05-09,20250509HHWO0,키움,한화,4.5136,5.1149,-0.6013,0.4711,한화,한화,correct,5.0,7.0
2025-05-10,20250510HHWO0,키움,한화,4.6052,5.2282,-0.623,0.4691,한화,한화,correct,1.0,9.0
2025-05-10,20250510LGSS2,삼성,LG,4.6545,4.7096,-0.0551,0.5233,삼성,LG,wrong,4.0,5.0
2025-05-10,20250510LGSS2,삼성,LG,4.6545,5.1198,-0.4654,0.4841,LG,LG,correct,4.0,5.0
2025-05-10,20250510LGSS2,삼성,LG,4.6545,4.4759,0.1786,0.5455,삼성,LG,wrong,4.0,4.0
2025-05-10,20250510LGSS2,삼성,LG,4.6545,4.8658,-0.2113,0.5084,삼성,LG,wrong,4.0,4.0
2025-05-10,20250510LGSS2,삼성,LG,5.0154,4.7096,0.3058,0.5575,삼성,LG,wrong,4.0,5.0
2025-05-10,20250510LGSS2,삼성,LG,5.0154,5.1198,-0.1045,0.5186,삼성,LG,wrong,4.0,5.0
2025-05-10,20250510LGSS2,삼성,LG,5.0154,4.4759,0.5395,0.5795,삼성,LG,wrong,4.0,4.0
2025-05-10,20250510LGSS2,삼성,LG,5.0154,4.8658,0.1496,0.5428,삼성,LG,wrong,4.0,4.0
2025-05-10,20250510LGSS2,삼성,LG,4.4337,4.7096,-0.2759,0.5022,삼성,LG,wrong,1.0,5.0
2025-05-10,20250510LGSS2,삼성,LG,4.4337,5.1198,-0.6861,0.4631,LG,LG,correct,1.0,5.0
2025-05-10,20250510LGSS2,삼성,LG,4.4337,4.4759,-0.0421,0.5245,삼성,LG,wrong,1.0,4.0
2025-05-10,20250510LGSS2,삼성,LG,4.4337,4.8658,-0.432,0.4873,LG,LG,correct,1.0,4.0
2025-05-10,20250510LGSS2,삼성,LG,4.7775,4.7096,0.0679,0.535,삼성,LG,wrong,1.0,5.0
2025-05-10,20250510LGSS2,삼성,LG,4.7775,5.1198,-0.3423,0.4959,LG,LG,correct,1.0,5.0
2025-05-10,20250510LGSS2,삼성,LG,4.7775,4.4759,0.3016,0.5572,삼성,LG,wrong,1.0,4.0
2025-05-10,20250510LGSS2,삼성,LG,4.7775,4.8658,-0.0883,0.5201,삼성,LG,wrong,1.0,4.0
2025-05-11,20250511HHWO0,키움,한화,4.5659,5.3347,-0.7688,0.4552,한화,한화,correct,0.0,8.0
2025-05-11,20250511HTSK2,SSG,KIA,4.5257,4.7952,-0.2694,0.5028,SSG,SSG,correct,8.0,4.0
2025-05-11,20250511HTSK2,SSG,KIA,4.5257,5.3438,-0.8181,0.4506,KIA,SSG,wrong,8.0,4.0
2025-05-11,20250511HTSK2,SSG,KIA,4.5257,4.468,0.0577,0.534,SSG,SSG,correct,8.0,1.0
2025-05-11,20250511HTSK2,SSG,KIA,4.5257,4.9792,-0.4535,0.4852,KIA,SSG,wrong,8.0,1.0
2025-05-11,20250511HTSK2,SSG,KIA,5.0596,4.7952,0.2644,0.5536,SSG,SSG,correct,8.0,4.0
2025-05-11,20250511HTSK2,SSG,KIA,5.0596,5.3438,-0.2842,0.5014,SSG,SSG,correct,8.0,4.0
2025-05-11,20250511HTSK2,SSG,KIA,5.0596,4.468,0.5916,0.5843,SSG,SSG,correct,8.0,1.0
2025-05-11,20250511HTSK2,SSG,KIA,5.0596,4.9792,0.0803,0.5362,SSG,SSG,correct,8.0,1.0
2025-05-11,20250511HTSK2,SSG,KIA,4.2778,4.7952,-0.5174,0.4791,KIA,SSG,wrong,5.0,4.0
2025-05-11,20250511HTSK2,SSG,KIA,4.2778,5.3438,-1.066,0.4272,KIA,SSG,wrong,5.0,4.0
2025-05-11,20250511HTSK2,SSG,KIA,4.2778,4.468,-0.1903,0.5104,SSG,SSG,correct,5.0,1.0
2025-05-11,20250511HTSK2,SSG,KIA,4.2778,4.9792,-0.7015,0.4616,KIA,SSG,wrong,5.0,1.0
2025-05-11,20250511HTSK2,SSG,KIA,4.7823,4.7952,-0.0128,0.5273,SSG,SSG,correct,5.0,4.0
2025-05-11,20250511HTSK2,SSG,KIA,4.7823,5.3438,-0.5615,0.4749,KIA,SSG,wrong,5.0,4.0
2025-05-11,20250511HTSK2,SSG,KIA,4.7823,4.468,0.3143,0.5584,SSG,SSG,correct,5.0,1.0
2025-05-11,20250511HTSK2,SSG,KIA,4.7823,4.9792,-0.1969,0.5098,SSG,SSG,correct,5.0,1.0
2025-05-11,20250511LGSS0,삼성,LG,4.6855,4.7902,-0.1048,0.5186,삼성,LG,wrong,4.0,7.0
2025-05-11,20250511LTKT2,KT,롯데,4.6829,4.7245,-0.0415,0.5246,KT,롯데,wrong,1.0,6.0
2025-05-11,20250511NCOB2,두산,NC,4.9139,4.8707,0.0432,0.5327,두산,NC,wrong,5.0,11.0
2025-05-11,20250511NCOB2,두산,NC,4.9139,5.4915,-0.5776,0.4734,NC,NC,correct,5.0,11.0
2025-05-11,20250511NCOB2,두산,NC,4.9139,4.6408,0.2731,0.5545,두산,NC,wrong,5.0,5.0
2025-05-11,20250511NCOB2,두산,NC,4.9139,5.2323,-0.3184,0.4981,NC,NC,correct,5.0,5.0
2025-05-11,20250511NCOB2,두산,NC,5.468,4.8707,0.5973,0.5848,두산,NC,wrong,5.0,11.0
2025-05-11,20250511NCOB2,두산,NC,5.468,5.4915,-0.0235,0.5263,두산,NC,wrong,5.0,11.0
2025-05-11,20250511NCOB2,두산,NC,5.468,4.6408,0.8272,0.606,두산,NC,wrong,5.0,5.0
2025-05-11,20250511NCOB2,두산,NC,5.468,5.2323,0.2357,0.5509,두산,NC,wrong,5.0,5.0
2025-05-11,20250511NCOB2,두산,NC,4.6724,4.8707,-0.1983,0.5096,두산,NC,wrong,2.0,11.0
2025-05-11,20250511NCOB2,두산,NC,4.6724,5.4915,-0.8191,0.4505,NC,NC,correct,2.0,11.0
2025-05-11,20250511NCOB2,두산,NC,4.6724,4.6408,0.0316,0.5316,두산,NC,wrong,2.0,5.0
2025-05-11,20250511NCOB2,두산,NC,4.6724,5.2323,-0.5599,0.4751,NC,NC,correct,2.0,5.0
2025-05-11,20250511NCOB2,두산,NC,5.1992,4.8707,0.3286,0.5597,두산,NC,wrong,2.0,11.0
2025-05-11,20250511NCOB2,두산,NC,5.1992,5.4915,-0.2923,0.5006,두산,NC,wrong,2.0,11.0
2025-05-11,20250511NCOB2,두산,NC,5.1992,4.6408,0.5585,0.5812,두산,NC,wrong,2.0,5.0
2025-05-11,20250511NCOB2,두산,NC,5.1992,5.2323,-0.0331,0.5254,두산,NC,wrong,2.0,5.0
2025-05-13,20250513KTSS0,삼성,KT,5.0038,4.6042,0.3996,0.5664,삼성,삼성,correct,5.0,3.0
2025-05-13,20250513LTHT0,KIA,롯데,4.9729,5.0096,-0.0367,0.5251,KIA,KIA,correct,4.0,1.0
2025-05-13,20250513NCSK0,SSG,NC,4.6915,4.8934,-0.2019,0.5093,SSG,SSG,correct,6.0,3.0
2025-05-13,20250513OBHH0,한화,두산,4.7677,4.395,0.3726,0.5638,한화,두산,wrong,3.0,4.0
2025-05-13,20250513WOLG0,LG,키움,5.5237,4.4083,1.1153,0.632,LG,LG,correct,9.0,6.0
2025-05-14,20250514KTSS0,삼성,KT,5.0439,4.6425,0.4014,0.5665,삼성,KT,wrong,2.0,3.0
2025-05-14,20250514LTHT0,KIA,롯데,4.9954,5.0006,-0.0052,0.528,KIA,롯데,wrong,0.0,4.0
2025-05-14,20250514NCSK0,SSG,NC,4.7295,4.8757,-0.1462,0.5146,SSG,NC,wrong,3.0,6.0
2025-05-14,20250514OBHH0,한화,두산,4.8127,4.4355,0.3771,0.5643,한화,두산,wrong,1.0,7.0
2025-05-14,20250514WOLG0,LG,키움,5.7062,4.5154,1.1907,0.6387,LG,LG,correct,12.0,0.0
2025-05-15,20250515KTSS0,삼성,KT,5.0094,4.6359,0.3734,0.5639,삼성,삼성,correct,13.0,0.0
2025-05-15,20250515LTHT0,KIA,롯데,4.8138,4.8668,-0.0529,0.5235,KIA,KIA,correct,7.0,6.0
2025-05-15,20250515NCSK0,SSG,NC,4.73,4.9027,-0.1728,0.5121,SSG,SSG,correct,4.0,0.0
2025-05-15,20250515OBHH0,한화,두산,4.7107,4.482,0.2287,0.5503,한화,두산,wrong,2.0,8.0
2025-05-15,20250515WOLG0,LG,키움,5.9266,4.5129,1.4136,0.6581,LG,LG,correct,6.0,2.0
2025-05-17,20250517KTLG1,LG,KT,5.0655,4.2513,0.8142,0.6048,LG,KT,wrong,4.0,12.0
2025-05-17,20250517KTLG2,LG,KT,5.1671,4.4519,0.7153,0.5957,LG,KT,wrong,6.0,7.0
2025-05-17,20250517OBHT1,KIA,두산,4.8128,4.9792,-0.1664,0.5127,KIA,KIA,correct,5.0,2.0
2025-05-17,20250517OBHT2,KIA,두산,4.9217,5.0391,-0.1174,0.5174,KIA,KIA,correct,4.0,1.0
2025-05-17,20250517SKHH1,한화,SSG,4.6138,4.2681,0.3456,0.5613,한화,한화,correct,1.0,0.0
2025-05-17,20250517SKHH2,한화,SSG,4.6663,4.3121,0.3541,0.5621,한화,SSG,wrong,2.0,5.0
2025-05-17,20250517SSLT1,롯데,삼성,4.7777,5.0772,-0.2995,0.5,삼성,롯데,wrong,7.0,5.0
2025-05-17,20250517SSLT2,롯데,삼성,4.8977,5.1781,-0.2804,0.5018,롯데,롯데,correct,8.0,7.0
2025-05-17,20250517WONC1,NC,키움,5.7614,5.0212,0.7403,0.598,NC,NC,correct,3.0,2.0
2025-05-17,20250517WONC2,NC,키움,5.7611,5.0232,0.7379,0.5978,NC,키움,wrong,2.0,3.0
2025-05-18,20250518KTLG0,LG,KT,5.1488,4.476,0.6727,0.5918,LG,LG,correct,5.0,1.0
2025-05-18,20250518OBHT0,KIA,두산,4.8024,4.8636,-0.0612,0.5227,KIA,KIA,correct,5.0,4.0
2025-05-18,20250518SKHH0,한화,SSG,4.5693,4.2909,0.2784,0.555,한화,SSG,wrong,3.0,7.0
2025-05-18,20250518SSLT0,롯데,삼성,4.933,5.1497,-0.2166,0.5079,롯데,롯데,correct,6.0,3.0
2025-05-18,20250518WONC0,NC,키움,5.5112,4.8396,0.6716,0.5917,NC,NC,correct,5.0,0.0
2025-05-20,20250520HHNC0,NC,한화,4.6488,4.7271,-0.0783,0.5211,NC,한화,wrong,1.0,4.0
2025-05-20,20250520HTKT0,KT,KIA,4.8372,4.8214,0.0158,0.5301,KT,KT,correct,5.0,3.0
2025-05-20,20250520LGLT0,롯데,LG,4.6079,4.9247,-0.3168,0.4983,LG,LG,correct,9.0,17.0
2025-05-20,20250520SKOB0,두산,SSG,4.6177,4.4659,0.1519,0.543,두산,SSG,wrong,3.0,5.0
2025-05-20,20250520SSWO0,키움,삼성,4.7044,5.8162,-1.1119,0.4229,삼성,삼성,correct,3.0,6.0
2025-05-21,20250521HHNC0,NC,한화,4.5949,4.7137,-0.1188,0.5172,NC,NC,correct,5.0,2.0
2025-05-21,20250521HTKT0,KT,KIA,4.8349,4.8173,0.0176,0.5302,KT,KT,correct,3.0,1.0
2025-05-21,20250521SKOB0,두산,SSG,4.6672,4.5229,0.1443,0.5423,두산,SSG,wrong,1.0,9.0
2025-05-21,20250521SSWO0,키움,삼성,4.6158,5.7102,-1.0943,0.4246,삼성,삼성,correct,1.0,6.0
2025-05-22,20250522HHNC0,NC,한화,4.5624,4.6346,-0.0722,0.5217,NC,NC,correct,4.0,3.0
2025-05-22,20250522HTKT0,KT,KIA,4.6475,4.6646,-0.0171,0.5269,KT,KIA,wrong,3.0,8.0
2025-05-22,20250522LGLT0,롯데,LG,4.8327,5.2625,-0.4298,0.4875,LG,롯데,wrong,11.0,4.0
2025-05-22,20250522SKOB0,두산,SSG,4.655,4.6433,0.0117,0.5297,두산,두산,correct,6.0,5.0
2025-05-22,20250522SSWO0,키움,삼성,4.5746,5.6747,-1.1001,0.424,삼성,삼성,correct,0.0,2.0
2025-05-23,20250523HTSS0,삼성,KIA,4.954,4.5976,0.3564,0.5623,삼성,KIA,wrong,6.0,7.0
2025-05-23,20250523KTWO0,키움,KT,4.609,5.1385,-0.5296,0.478,KT,KT,correct,5.0,7.0
2025-05-23,20250523LGSK0,SSG,LG,4.4628,5.0594,-0.5966,0.4716,LG,LG,correct,2.0,3.0
2025-05-23,20250523LTHH0,한화,롯데,4.7685,4.8858,-0.1173,0.5174,한화,한화,correct,4.0,2.0
2025-05-24,20250524HTSS0,삼성,KIA,4.9732,4.6764,0.2968,0.5567,삼성,삼성,correct,8.0,4.0
2025-05-24,20250524KTWO0,키움,KT,4.6661,5.1569,-0.4909,0.4817,KT,KT,correct,4.0,10.0
2025-05-24,20250524LGSK0,SSG,LG,4.4769,5.0074,-0.5305,0.4779,LG,SSG,wrong,5.0,4.0
2025-05-24,20250524LTHH0,한화,롯데,4.7618,4.8643,-0.1025,0.5188,한화,롯데,wrong,6.0,8.0
2025-05-24,20250524NCOB0,두산,NC,4.7489,4.7067,0.0422,0.5326,두산,NC,wrong,1.0,5.0
2025-05-25,20250525HTSS0,삼성,KIA,5.0575,4.752,0.3055,0.5575,삼성,삼성,correct,3.0,2.0
2025-05-25,20250525KTWO0,키움,KT,4.6646,5.2015,-0.537,0.4773,KT,KT,correct,0.0,2.0
2025-05-25,20250525LGSK0,SSG,LG,4.4885,4.9454,-0.4569,0.4849,LG,LG,correct,3.0,9.0
2025-05-25,20250525LTHH0,한화,롯데,4.8632,4.9444,-0.0812,0.5208,한화,한화,correct,8.0,7.0
2025-05-25,20250525NCOB0,두산,NC,4.73,4.7425,-0.0124,0.5274,두산,두산,correct,5.0,3.0
2025-05-27,20250527HHLG0,LG,한화,5.0097,4.5767,0.433,0.5695,LG,LG,correct,2.0,1.0
2025-05-27,20250527LTSS0,삼성,롯데,5.1712,5.0645,0.1067,0.5387,삼성,삼성,correct,7.0,3.0
2025-05-27,20250527OBKT0,KT,두산,4.7215,4.7266,-0.0051,0.5281,KT,KT,correct,2.0,1.0
2025-05-27,20250527WOHT0,KIA,키움,5.2001,4.5719,0.6282,0.5877,KIA,KIA,correct,7.0,5.0
2025-05-28,20250528HHLG0,LG,한화,4.94,4.5865,0.3534,0.562,LG,한화,wrong,5.0,6.0
2025-05-28,20250528NCSK0,SSG,NC,4.4289,4.4465,-0.0176,0.5269,SSG,SSG,correct,13.0,5.0
2025-05-28,20250528OBKT0,KT,두산,4.6652,4.615,0.0501,0.5333,KT,두산,wrong,3.0,12.0
2025-05-28,20250528WOHT0,KIA,키움,5.2373,4.5969,0.6403,0.5888,KIA,KIA,correct,13.0,7.0
2025-05-29,20250529HHLG0,LG,한화,5.0111,4.6549,0.3562,0.5623,LG,LG,correct,3.0,1.0
2025-05-29,20250529LTSS0,삼성,롯데,5.2881,5.062,0.2261,0.55,삼성,삼성,correct,9.0,3.0
2025-05-29,20250529NCSK0,SSG,NC,4.7565,4.6589,0.0975,0.5378,SSG,SSG,correct,6.0,5.0
2025-05-29,20250529OBKT0,KT,두산,4.6201,4.7426,-0.1225,0.5169,KT,KT,correct,12.0,2.0
2025-05-30,20250530HHNC0,NC,한화,4.683,4.7008,-0.0178,0.5269,NC,한화,wrong,1.0,7.0
2025-05-30,20250530HTKT0,KT,KIA,4.5763,4.9113,-0.335,0.4966,KIA,KT,wrong,3.0,1.0
2025-05-30,20250530OBWO0,키움,두산,4.9578,5.2034,-0.2456,0.5051,키움,두산,wrong,4.0,9.0
2025-05-30,20250530SKLT0,롯데,SSG,5.1653,5.1005,0.0649,0.5347,롯데,롯데,correct,6.0,5.0
2025-05-30,20250530SSLG0,LG,삼성,4.9084,4.8179,0.0905,0.5372,LG,삼성,wrong,3.0,4.0
2025-05-31,20250531HHNC0,NC,한화,4.6646,4.7357,-0.0711,0.5218,NC,한화,wrong,6.0,9.0
2025-05-31,20250531HTKT0,KT,KIA,4.7218,4.7905,-0.0687,0.522,KT,KT,correct,5.0,1.0
2025-05-31,20250531OBWO0,키움,두산,4.9062,5.5149,-0.6087,0.4704,두산,키움,wrong,1.0,0.0
2025-05-31,20250531SKLT0,롯데,SSG,5.1795,5.1352,0.0443,0.5328,롯데,SSG,wrong,1.0,4.0
2025-05-31,20250531SSLG0,LG,삼성,4.839,4.7305,0.1086,0.5389,LG,삼성,wrong,2.0,4.0
2025-06-01,20250601HHNC0,NC,한화,4.7865,4.8502,-0.0636,0.5225,NC,NC,correct,16.0,5.0
2025-06-01,20250601HTKT0,KT,KIA,4.7283,4.6823,0.046,0.5329,KT,KIA,wrong,3.0,5.0
2025-06-01,20250601OBWO0,키움,두산,4.7509,5.3446,-0.5936,0.4719,두산,키움,wrong,1.0,0.0
2025-06-01,20250601SKLT0,롯데,SSG,5.0802,5.0197,0.0605,0.5343,롯데,SSG,wrong,3.0,4.0
2025-06-01,20250601SSLG0,LG,삼성,4.8093,4.7153,0.0941,0.5375,LG,삼성,wrong,4.0,6.0
2025-06-03,20250603HTOB0,두산,KIA,4.7817,4.7524,0.0293,0.5313,두산,KIA,wrong,3.0,11.0
2025-06-03,20250603KTHH0,한화,KT,4.693,4.5346,0.1584,0.5436,한화,한화,correct,10.0,1.0
2025-06-03,20250603LGNC0,NC,LG,4.8194,5.081,-0.2616,0.5036,NC,LG,wrong,0.0,15.0
2025-06-03,20250603SSSK0,SSG,삼성,4.4597,4.7541,-0.2943,0.5004,SSG,SSG,correct,6.0,4.0
2025-06-03,20250603WOLT0,롯데,키움,5.6134,4.8505,0.7628,0.6001,롯데,롯데,correct,8.0,0.0
2025-06-04,20250604HTOB0,두산,KIA,4.8428,4.9624,-0.1196,0.5171,두산,KIA,wrong,3.0,8.0
2025-06-04,20250604KTHH0,한화,KT,4.7889,4.5117,0.2772,0.5549,한화,한화,correct,4.0,3.0
2025-06-04,20250604LGNC0,NC,LG,4.7767,5.3188,-0.5421,0.4768,LG,NC,wrong,6.0,5.0
2025-06-04,20250604SSSK0,SSG,삼성,4.5608,4.8816,-0.3208,0.4979,삼성,SSG,wrong,4.0,1.0
2025-06-04,20250604WOLT0,롯데,키움,5.5906,4.6896,0.9009,0.6127,롯데,키움,wrong,6.0,9.0
2025-06-05,20250605HTOB0,두산,KIA,4.8685,5.0276,-0.1591,0.5134,두산,두산,correct,2.0,1.0
2025-06-05,20250605KTHH0,한화,KT,4.7726,4.5183,0.2542,0.5527,한화,KT,wrong,0.0,7.0
2025-06-05,20250605LGNC0,NC,LG,4.8144,5.4328,-0.6184,0.4695,LG,LG,correct,1.0,3.0
2025-06-05,20250605SSSK0,SSG,삼성,4.5801,4.8449,-0.2648,0.5033,SSG,삼성,wrong,1.0,3.0
2025-06-05,20250605WOLT0,롯데,키움,5.705,4.7727,0.9322,0.6155,롯데,키움,wrong,5.0,10.0
2025-06-06,20250606HHHT0,KIA,한화,4.808,4.816,-0.008,0.5278,KIA,KIA,correct,3.0,2.0
2025-06-06,20250606LGWO0,키움,LG,4.3525,5.5931,-1.2405,0.411,LG,키움,wrong,2.0,1.0
2025-06-06,20250606LTOB0,두산,롯데,4.9986,5.2254,-0.2267,0.5069,두산,두산,correct,5.0,2.0
2025-06-06,20250606NCSS0,삼성,NC,5.2072,4.8221,0.3851,0.565,삼성,삼성,correct,7.0,3.0
2025-06-06,20250606SKKT0,KT,SSG,4.5718,4.458,0.1138,0.5394,KT,KT,correct,10.0,3.0
2025-06-07,20250607HHHT0,KIA,한화,4.674,4.6881,-0.014,0.5272,KIA,한화,wrong,2.0,3.0
2025-06-07,20250607LGWO0,키움,LG,4.2815,5.3463,-1.0648,0.4273,LG,키움,wrong,4.0,1.0
2025-06-07,20250607LTOB0,두산,롯데,4.9642,5.1339,-0.1698,0.5123,두산,롯데,wrong,4.0,9.0
2025-06-07,20250607NCSS0,삼성,NC,5.2973,4.8226,0.4746,0.5734,삼성,NC,wrong,7.0,11.0
2025-06-07,20250607SKKT0,KT,SSG,4.7333,4.5239,0.2094,0.5484,KT,KT,correct,3.0,2.0
2025-06-08,20250608HHHT0,KIA,한화,4.6637,4.6265,0.0373,0.5321,KIA,KIA,correct,7.0,6.0
2025-06-08,20250608LGWO0,키움,LG,4.2997,5.2921,-0.9924,0.4341,LG,LG,correct,2.0,7.0
2025-06-08,20250608LTOB0,두산,롯데,4.9741,5.1933,-0.2192,0.5076,두산,롯데,wrong,2.0,4.0
2025-06-08,20250608NCSS0,삼성,NC,5.5206,5.0074,0.5132,0.577,삼성,삼성,correct,1.0,0.0
2025-06-08,20250608SKKT0,KT,SSG,4.6628,4.5072,0.1556,0.5433,KT,SSG,wrong,2.0,3.0
2025-06-10,20250610LTKT0,KT,롯데,4.6946,4.767,-0.0724,0.5216,KT,KT,correct,12.0,3.0
2025-06-10,20250610OBHH0,한화,두산,4.8587,4.6665,0.1922,0.5468,한화,한화,correct,6.0,2.0
2025-06-10,20250610SKLG0,LG,SSG,4.7787,4.2548,0.5239,0.578,LG,SSG,wrong,2.0,6.0
2025-06-10,20250610SSHT0,KIA,삼성,4.625,4.8582,-0.2331,0.5063,KIA,삼성,wrong,0.0,8.0
2025-06-11,20250611LTKT0,KT,롯데,4.8153,4.7917,0.0237,0.5308,KT,롯데,wrong,3.0,4.0
2025-06-11,20250611NCWO0,키움,NC,4.7724,5.2884,-0.516,0.4793,NC,NC,correct,1.0,7.0
2025-06-11,20250611OBHH0,한화,두산,4.8806,4.6376,0.2429,0.5516,한화,한화,correct,9.0,1.0
2025-06-11,20250611SKLG0,LG,SSG,4.7971,4.358,0.4391,0.5701,LG,LG,correct,6.0,4.0
2025-06-11,20250611SSHT0,KIA,삼성,4.5734,4.8715,-0.2981,0.5001,KIA,KIA,correct,6.0,3.0
2025-06-12,20250612LTKT0,KT,롯데,4.8464,4.7575,0.0889,0.537,KT,롯데,wrong,7.0,12.0
2025-06-12,20250612NCWO0,키움,NC,4.7693,5.3392,-0.5699,0.4741,NC,NC,correct,6.0,8.0
2025-06-12,20250612OBHH0,한화,두산,4.9181,4.6146,0.3035,0.5573,한화,한화,correct,3.0,2.0
2025-06-12,20250612SKLG0,LG,SSG,4.8187,4.3614,0.4573,0.5718,LG,LG,correct,8.0,6.0
2025-06-12,20250612SSHT0,KIA,삼성,4.6096,4.8848,-0.2752,0.5023,KIA,삼성,wrong,1.0,2.0
2025-06-13,20250613HTNC0,NC,KIA,4.966,4.9701,-0.0041,0.5282,NC,NC,correct,4.0,1.0
2025-06-14,20250614HTNC0,NC,KIA,4.9037,4.8822,0.0215,0.5306,NC,KIA,wrong,8.0,9.0
2025-06-14,20250614KTSS0,삼성,KT,4.7852,4.5711,0.2141,0.5489,삼성,KT,wrong,3.0,10.0
2025-06-14,20250614LTSK0,SSG,롯데,4.8492,4.9182,-0.0691,0.522,SSG,롯데,wrong,2.0,4.0
2025-06-14,20250614WOOB0,두산,키움,5.0867,4.6073,0.4794,0.5739,두산,두산,correct,4.0,1.0
2025-06-15,20250615HTNC0,NC,KIA,4.9722,4.9549,0.0173,0.5302,NC,KIA,wrong,2.0,4.0
2025-06-15,20250615KTSS0,삼성,KT,4.7802,4.6936,0.0867,0.5368,삼성,KT,wrong,4.0,16.0
2025-06-15,20250615LGHH0,한화,LG,4.4213,4.7326,-0.3113,0.4988,LG,한화,wrong,10.0,5.0
2025-06-15,20250615LTSK0,SSG,롯데,4.8709,4.9482,-0.0773,0.5212,SSG,SSG,correct,1.0,0.0
2025-06-15,20250615WOOB0,두산,키움,5.1286,4.6869,0.4417,0.5703,두산,두산,correct,3.0,2.0
2025-06-17,20250617HHLT0,롯데,한화,4.7343,4.8505,-0.1162,0.5175,롯데,한화,wrong,0.0,6.0
2025-06-17,20250617KTHT0,KIA,KT,4.5449,4.8101,-0.2652,0.5032,KIA,KIA,correct,10.0,3.0
2025-06-17,20250617NCLG0,LG,NC,5.123,4.6135,0.5095,0.5767,LG,NC,wrong,2.0,6.0
2025-06-17,20250617OBSS0,삼성,두산,5.0294,4.591,0.4383,0.57,삼성,삼성,correct,12.0,1.0
2025-06-17,20250617SKWO0,키움,SSG,4.4626,4.9524,-0.4899,0.4818,SSG,SSG,correct,1.0,11.0
2025-06-18,20250618HHLT0,롯데,한화,4.6271,4.8026,-0.1756,0.5118,롯데,롯데,correct,6.0,3.0
2025-06-18,20250618KTHT0,KIA,KT,4.7608,4.8996,-0.1388,0.5153,KIA,KIA,correct,5.0,3.0
2025-06-18,20250618NCLG0,LG,NC,5.124,4.6812,0.4428,0.5704,LG,LG,correct,9.0,8.0
2025-06-18,20250618OBSS0,삼성,두산,5.2138,4.6219,0.5919,0.5843,삼성,삼성,correct,6.0,3.0
2025-06-18,20250618SKWO0,키움,SSG,4.4811,5.108,-0.627,0.4687,SSG,키움,wrong,3.0,2.0
2025-06-19,20250619HHLT0,롯데,한화,4.636,4.7686,-0.1326,0.5159,롯데,롯데,correct,4.0,3.0
2025-06-19,20250619KTHT0,KIA,KT,4.7758,4.8848,-0.109,0.5181,KIA,KIA,correct,5.0,0.0
2025-06-19,20250619NCLG0,LG,NC,5.2199,4.7706,0.4493,0.571,LG,NC,wrong,0.0,3.0
2025-06-19,20250619OBSS0,삼성,두산,5.2717,4.6549,0.6168,0.5866,삼성,두산,wrong,8.0,9.0
2025-06-19,20250619SKWO0,키움,SSG,4.4422,5.0256,-0.5835,0.4728,SSG,SSG,correct,2.0,4.0
2025-06-20,20250620SSLT0,롯데,삼성,4.8817,5.2826,-0.4008,0.4903,삼성,롯데,wrong,3.0,1.0
2025-06-21,20250621NCKT0,KT,NC,4.861,4.8386,0.0224,0.5307,KT,KT,correct,7.0,5.0
2025-06-21,20250621OBLG0,LG,두산,5.2207,4.5796,0.6411,0.5889,LG,두산,wrong,5.0,6.0
2025-06-22,20250622HTSK0,SSG,KIA,4.4581,4.4824,-0.0243,0.5262,SSG,KIA,wrong,4.0,5.0
2025-06-22,20250622NCKT0,KT,NC,4.9677,4.9164,0.0513,0.5334,KT,NC,wrong,0.0,2.0
2025-06-22,20250622OBLG0,LG,두산,5.2801,4.6897,0.5904,0.5842,LG,LG,correct,13.0,5.0
2025-06-22,20250622SSLT0,롯데,삼성,4.7395,5.0331,-0.2937,0.5005,롯데,롯데,correct,9.0,6.0
2025-06-22,20250622WOHH0,한화,키움,4.9893,4.2129,0.7763,0.6014,한화,한화,correct,10.0,4.0
2025-06-24,20250624HTWO0,키움,KIA,4.5176,5.1318,-0.6142,0.4699,KIA,키움,wrong,9.0,6.0
2025-06-24,20250624LGKT0,KT,LG,4.7612,5.1756,-0.4145,0.489,LG,KT,wrong,5.0,0.0
2025-06-24,20250624SKOB0,두산,SSG,4.7077,4.7589,-0.0512,0.5237,두산,두산,correct,5.0,0.0
2025-06-25,20250625HHSS0,삼성,한화,4.7608,4.6577,0.1031,0.5384,삼성,삼성,correct,7.0,2.0
2025-06-25,20250625HTWO0,키움,KIA,4.6449,5.2739,-0.629,0.4685,KIA,KIA,correct,3.0,6.0
2025-06-25,20250625LTNC0,NC,롯데,4.8139,4.8504,-0.0366,0.5251,NC,NC,correct,7.0,2.0
2025-06-26,20250626HHSS0,삼성,한화,4.9524,4.8233,0.1291,0.5408,삼성,한화,wrong,1.0,3.0
2025-06-26,20250626LGKT0,KT,LG,4.7295,5.0903,-0.3608,0.4941,LG,LG,correct,3.0,4.0
2025-06-26,20250626LTNC0,NC,롯데,4.8925,4.8927,-0.0002,0.5285,NC,롯데,wrong,6.0,7.0
2025-06-26,20250626SKOB0,두산,SSG,4.6298,4.7092,-0.0794,0.521,두산,SSG,wrong,1.0,4.0
2025-06-27,20250627HHSK0,SSG,한화,4.4066,4.593,-0.1864,0.5108,SSG,SSG,correct,8.0,6.0
2025-06-27,20250627HTLG0,LG,KIA,4.9001,4.8444,0.0557,0.5338,LG,LG,correct,4.0,3.0
2025-06-27,20250627KTLT0,롯데,KT,4.953,4.8067,0.1463,0.5425,롯데,KT,wrong,8.0,11.0
2025-06-27,20250627OBNC0,NC,두산,5.0358,4.8028,0.2331,0.5507,NC,NC,correct,10.0,9.0
2025-06-27,20250627SSWO0,키움,삼성,4.8285,5.41,-0.5815,0.473,삼성,키움,wrong,5.0,4.0
2025-06-28,20250628HHSK0,SSG,한화,4.4761,4.6121,-0.136,0.5156,SSG,한화,wrong,2.0,5.0
2025-06-28,20250628HTLG0,LG,KIA,5.0003,4.7227,0.2776,0.5549,LG,KIA,wrong,8.0,9.0
2025-06-28,20250628KTLT0,롯데,KT,4.9423,4.8565,0.0858,0.5367,롯데,KT,wrong,0.0,4.0
2025-06-28,20250628OBNC0,NC,두산,5.2626,4.9679,0.2947,0.5565,NC,NC,correct,3.0,1.0
2025-06-28,20250628SSWO0,키움,삼성,4.7871,5.5583,-0.7712,0.455,삼성,키움,wrong,9.0,0.0
2025-06-29,20250629HHSK0,SSG,한화,4.4661,4.5674,-0.1013,0.5189,SSG,SSG,correct,2.0,0.0
2025-06-29,20250629HTLG0,LG,KIA,5.1283,4.8288,0.2995,0.557,LG,KIA,wrong,2.0,12.0
2025-06-29,20250629KTLT0,롯데,KT,4.9014,4.8157,0.0857,0.5367,롯데,롯데,correct,10.0,5.0
2025-06-29,20250629OBNC0,NC,두산,5.1593,4.8796,0.2796,0.5551,NC,두산,wrong,3.0,7.0
2025-06-29,20250629SSWO0,키움,삼성,4.7396,5.3928,-0.6533,0.4662,삼성,키움,wrong,10.0,7.0
2025-07-01,20250701LGLT0,롯데,LG,5.0147,5.1594,-0.1447,0.5147,롯데,LG,wrong,2.0,3.0
2025-07-01,20250701NCHH0,한화,NC,4.7893,4.7027,0.0866,0.5368,한화,한화,correct,8.0,4.0
2025-07-01,20250701SKHT0,KIA,SSG,4.6823,4.4265,0.2558,0.5528,KIA,KIA,correct,3.0,2.0
2025-07-01,20250701SSOB0,두산,삼성,4.8809,5.2698,-0.3889,0.4914,삼성,삼성,correct,1.0,4.0
2025-07-01,20250701WOKT0,KT,키움,5.1482,4.5428,0.6054,0.5856,KT,키움,wrong,3.0,7.0
2025-07-02,20250702LGLT0,롯데,LG,4.9506,5.1148,-0.1642,0.5129,롯데,롯데,correct,5.0,2.0
2025-07-02,20250702NCHH0,한화,NC,4.8693,4.7318,0.1376,0.5416,한화,NC,wrong,0.0,2.0
2025-07-02,20250702SKHT0,KIA,SSG,4.7024,4.4604,0.2419,0.5515,KIA,SSG,wrong,5.0,8.0
2025-07-02,20250702SSOB0,두산,삼성,4.8371,5.2202,-0.3831,0.492,삼성,두산,wrong,5.0,0.0
2025-07-02,20250702WOKT0,KT,키움,5.1792,4.5801,0.5991,0.585,KT,KT,correct,4.0,2.0
2025-07-03,20250703LGLT0,롯데,LG,4.9123,5.0548,-0.1424,0.515,롯데,롯데,correct,2.0,0.0
2025-07-03,20250703SKHT0,KIA,SSG,4.7262,4.5416,0.1846,0.5461,KIA,KIA,correct,3.0,2.0
2025-07-03,20250703SSOB0,두산,삼성,4.8101,5.1399,-0.3298,0.4971,삼성,삼성,correct,4.0,6.0
2025-07-03,20250703WOKT0,KT,키움,5.0829,4.4901,0.5928,0.5844,KT,KT,correct,6.0,2.0
2025-07-04,20250704HHWO0,키움,한화,4.3201,5.1649,-0.8448,0.448,한화,한화,correct,1.0,2.0
2025-07-04,20250704KTOB0,두산,KT,4.6173,4.8377,-0.2204,0.5075,두산,KT,wrong,3.0,6.0
2025-07-04,20250704LGSS0,삼성,LG,4.9086,4.9551,-0.0465,0.5241,삼성,삼성,correct,4.0,1.0
2025-07-04,20250704LTHT0,KIA,롯데,4.9164,4.8074,0.109,0.5389,KIA,KIA,correct,7.0,5.0
2025-07-04,20250704SKNC0,NC,SSG,4.782,4.4775,0.3045,0.5574,NC,SSG,wrong,0.0,4.0
2025-07-05,20250705HHWO0,키움,한화,4.4141,4.9878,-0.5737,0.4738,한화,한화,correct,4.0,6.0
2025-07-05,20250705KTOB0,두산,KT,4.6023,4.8477,-0.2454,0.5051,두산,두산,correct,6.0,2.0
2025-07-05,20250705LGSS0,삼성,LG,4.864,4.8743,-0.0102,0.5276,삼성,삼성,correct,7.0,6.0
2025-07-05,20250705LTHT0,KIA,롯데,5.0072,4.926,0.0812,0.5363,KIA,KIA,correct,13.0,0.0
2025-07-05,20250705SKNC0,NC,SSG,4.6423,4.6542,-0.0119,0.5274,NC,SSG,wrong,1.0,6.0
2025-07-06,20250706HHWO0,키움,한화,4.4215,4.9727,-0.5512,0.4759,한화,한화,correct,1.0,10.0
2025-07-06,20250706KTOB0,두산,KT,4.6153,4.7526,-0.1373,0.5154,두산,두산,correct,8.0,7.0
2025-07-06,20250706LGSS0,삼성,LG,4.8378,4.8634,-0.0256,0.5261,삼성,LG,wrong,2.0,4.0
2025-07-06,20250706LTHT0,KIA,롯데,5.1687,4.9232,0.2455,0.5519,KIA,롯데,wrong,2.0,5.0
2025-07-06,20250706SKNC0,NC,SSG,4.5714,4.61,-0.0386,0.5249,NC,NC,correct,3.0,2.0
2025-07-08,20250708HTHH0,한화,KIA,4.5965,4.579,0.0175,0.5302,한화,한화,correct,14.0,8.0
2025-07-08,20250708KTSK0,SSG,KT,4.4849,4.4986,-0.0137,0.5272,SSG,SSG,correct,7.0,1.0
2025-07-08,20250708OBLT0,롯데,두산,4.9708,4.8487,0.1221,0.5402,롯데,두산,wrong,5.0,8.0
2025-07-08,20250708SSNC0,NC,삼성,4.7324,4.977,-0.2446,0.5052,NC,NC,correct,10.0,9.0
2025-07-08,20250708WOLG0,LG,키움,5.3103,4.475,0.8353,0.6067,LG,LG,correct,4.0,3.0
2025-07-09,20250709HTHH0,한화,KIA,4.8598,4.7279,0.1318,0.5411,한화,한화,correct,7.0,4.0
2025-07-09,20250709KTSK0,SSG,KT,4.5686,4.5415,0.0271,0.5311,SSG,KT,wrong,3.0,10.0
2025-07-09,20250709OBLT0,롯데,두산,5.0678,4.9602,0.1076,0.5388,롯데,롯데,correct,5.0,4.0
2025-07-09,20250709SSNC0,NC,삼성,4.9142,5.1766,-0.2624,0.5035,NC,NC,correct,3.0,0.0
2025-07-09,20250709WOLG0,LG,키움,5.3173,4.5077,0.8096,0.6044,LG,LG,correct,12.0,6.0
2025-07-10,20250710HTHH0,한화,KIA,4.9033,4.7367,0.1666,0.5444,한화,한화,correct,3.0,2.0
2025-07-10,20250710KTSK0,SSG,KT,4.5149,4.5968,-0.0818,0.5207,SSG,KT,wrong,2.0,4.0
2025-07-10,20250710OBLT0,롯데,두산,4.99,4.8157,0.1743,0.5451,롯데,두산,wrong,0.0,9.0
2025-07-10,20250710SSNC0,NC,삼성,4.8535,5.0228,-0.1693,0.5124,NC,NC,correct,7.0,5.0
2025-07-10,20250710WOLG0,LG,키움,5.4749,4.5876,0.8872,0.6115,LG,키움,wrong,3.0,4.0
2025-07-18,20250718HHKT0,KT,한화,4.1914,4.3277,-0.1363,0.5155,KT,한화,wrong,0.0,5.0
2025-07-18,20250718LTLG0,LG,롯데,4.741,4.3902,0.3508,0.5618,LG,LG,correct,2.0,1.0
2025-07-19,20250719HHKT0,KT,한화,4.4614,4.5777,-0.1163,0.5175,KT,한화,wrong,5.0,6.0
2025-07-19,20250719LTLG0,LG,롯데,4.9498,4.5915,0.3583,0.5625,LG,롯데,wrong,1.0,6.0
2025-07-19,20250719OBSK0,SSG,두산,4.1866,4.1064,0.0801,0.5362,SSG,두산,wrong,0.0,5.0
2025-07-20,20250720HHKT0,KT,한화,4.5003,4.6271,-0.1268,0.5165,KT,한화,wrong,0.0,10.0
2025-07-20,20250720LTLG0,LG,롯데,4.9107,4.6266,0.2841,0.5555,LG,LG,correct,3.0,2.0
2025-07-20,20250720NCHT0,KIA,NC,4.5214,4.3528,0.1687,0.5446,KIA,KIA,correct,3.0,2.0
2025-07-20,20250720OBSK0,SSG,두산,4.5544,4.5173,0.0371,0.5321,SSG,두산,wrong,1.0,2.0
2025-07-20,20250720WOSS0,삼성,키움,4.9412,4.2291,0.7121,0.5955,삼성,삼성,correct,15.0,10.0
2025-07-22,20250722HHOB0,두산,한화,4.3602,4.6321,-0.2719,0.5026,두산,한화,wrong,1.0,2.0
2025-07-22,20250722KTNC0,NC,KT,4.7624,4.7329,0.0295,0.5314,NC,KT,wrong,0.0,7.0
2025-07-22,20250722LGHT0,KIA,LG,4.6858,4.7707,-0.0848,0.5205,KIA,LG,wrong,7.0,9.0
2025-07-22,20250722LTWO0,키움,롯데,4.8932,5.2709,-0.3778,0.4925,롯데,키움,wrong,6.0,3.0
2025-07-22,20250722SKSS0,삼성,SSG,4.8701,4.4807,0.3895,0.5654,삼성,삼성,correct,7.0,5.0
2025-07-23,20250723HHOB0,두산,한화,4.379,4.6594,-0.2804,0.5018,두산,두산,correct,13.0,2.0
2025-07-23,20250723KTNC0,NC,KT,4.7834,4.7997,-0.0164,0.527,NC,KT,wrong,2.0,9.0
2025-07-23,20250723LGHT0,KIA,LG,4.8939,4.9613,-0.0674,0.5221,KIA,LG,wrong,5.0,6.0
2025-07-23,20250723LTWO0,키움,롯데,4.9552,5.3513,-0.3961,0.4907,롯데,롯데,correct,1.0,4.0
2025-07-23,20250723SKSS0,삼성,SSG,4.9787,4.5998,0.3789,0.5644,삼성,삼성,correct,9.0,0.0
2025-07-24,20250724KTNC0,NC,KT,4.7377,4.8715,-0.1338,0.5158,NC,KT,wrong,4.0,5.0
2025-07-24,20250724LGHT0,KIA,LG,4.9007,4.9891,-0.0884,0.5201,KIA,LG,wrong,0.0,8.0
2025-07-24,20250724LTWO0,키움,롯데,4.8541,5.2566,-0.4026,0.4901,롯데,롯데,correct,0.0,4.0
2025-07-24,20250724SKSS0,삼성,SSG,5.034,4.5987,0.4353,0.5697,삼성,SSG,wrong,1.0,3.0
2025-07-25,20250725HTLT0,롯데,KIA,4.9157,4.9455,-0.0297,0.5257,롯데,롯데,correct,7.0,4.0
2025-07-25,20250725LGOB0,두산,LG,4.5777,4.6686,-0.0908,0.5199,두산,LG,wrong,5.0,6.0
2025-07-25,20250725SKHH0,한화,SSG,4.8139,4.3073,0.5066,0.5764,한화,한화,correct,4.0,0.0
2025-07-25,20250725SSKT0,KT,삼성,4.8034,4.944,-0.1405,0.5151,KT,KT,correct,8.0,5.0
2025-07-25,20250725WONC0,NC,키움,5.3219,4.7633,0.5586,0.5812,NC,NC,correct,16.0,7.0
2025-07-26,20250726HTLT0,롯데,KIA,4.9717,4.9642,0.0075,0.5293,롯데,롯데,correct,9.0,4.0
2025-07-26,20250726LGOB0,두산,LG,4.5424,4.825,-0.2826,0.5016,두산,LG,wrong,3.0,4.0
2025-07-26,20250726SKHH0,한화,SSG,4.6583,4.3737,0.2846,0.5555,한화,SSG,wrong,3.0,9.0
2025-07-26,20250726SSKT0,KT,삼성,4.8532,4.9533,-0.1001,0.519,KT,삼성,wrong,0.0,11.0
2025-07-26,20250726WONC0,NC,키움,5.651,4.9369,0.7141,0.5956,NC,NC,correct,8.0,6.0
2025-07-27,20250727HTLT0,롯데,KIA,5.0136,4.9616,0.052,0.5335,롯데,롯데,correct,5.0,3.0
2025-07-27,20250727LGOB0,두산,LG,4.5738,4.822,-0.2482,0.5049,두산,두산,correct,9.0,6.0
2025-07-27,20250727SKHH0,한화,SSG,4.6972,4.476,0.2212,0.5496,한화,SSG,wrong,2.0,3.0
2025-07-27,20250727SSKT0,KT,삼성,4.7874,4.9819,-0.1945,0.51,KT,KT,correct,4.0,3.0
2025-07-27,20250727WONC0,NC,키움,5.7553,4.9706,0.7847,0.6021,NC,NC,correct,12.0,4.0
2025-07-29,20250729KTLG0,LG,KT,4.826,4.5259,0.3002,0.557,LG,LG,correct,8.0,2.0
2025-07-29,20250729NCLT0,롯데,NC,4.8756,4.9602,-0.0846,0.5205,롯데,롯데,correct,6.0,4.0
2025-07-29,20250729OBHT0,KIA,두산,4.9512,4.9191,0.0321,0.5316,KIA,두산,wrong,6.0,9.0
2025-07-29,20250729SSHH0,한화,삼성,4.7483,4.8104,-0.0621,0.5226,한화,삼성,wrong,2.0,9.0
2025-07-29,20250729WOSK0,SSG,키움,5.2488,4.7923,0.4565,0.5717,SSG,SSG,correct,9.0,3.0
2025-07-30,20250730KTLG0,LG,KT,4.9478,4.573,0.3748,0.564,LG,LG,correct,5.0,0.0
2025-07-30,20250730NCLT0,롯데,NC,4.8521,4.8659,-0.0138,0.5272,롯데,NC,wrong,4.0,9.0
2025-07-30,20250730SSHH0,한화,삼성,4.7471,4.8639,-0.1168,0.5174,한화,한화,correct,5.0,0.0
2025-07-31,20250731KTLG0,LG,KT,4.9786,4.5918,0.3867,0.5652,LG,LG,correct,18.0,0.0
2025-07-31,20250731NCLT0,롯데,NC,4.9422,4.9677,-0.0255,0.5261,롯데,롯데,correct,11.0,5.0
2025-07-31,20250731OBHT0,KIA,두산,4.9266,4.9074,0.0193,0.5304,KIA,KIA,correct,3.0,2.0
2025-07-31,20250731SSHH0,한화,삼성,4.7291,4.7877,-0.0586,0.523,한화,한화,correct,7.0,1.0
2025-07-31,20250731WOSK0,SSG,키움,5.2864,4.7265,0.56,0.5814,SSG,SSG,correct,4.0,2.0
2025-08-01,20250801HHHT0,KIA,한화,4.7739,4.871,-0.0971,0.5193,KIA,KIA,correct,3.0,2.0
2025-08-01,20250801KTNC0,NC,KT,5.2736,5.0417,0.2319,0.5506,NC,NC,correct,5.0,3.0
2025-08-01,20250801LGSS0,삼성,LG,4.7122,4.9493,-0.2371,0.5059,삼성,LG,wrong,2.0,4.0
2025-08-01,20250801LTWO0,키움,롯데,4.8433,5.5135,-0.6702,0.4646,롯데,키움,wrong,2.0,0.0
2025-08-01,20250801SKOB0,두산,SSG,4.5964,4.4534,0.143,0.5421,두산,SSG,wrong,2.0,7.0
2025-08-02,20250802KTNC0,NC,KT,5.2221,5.0252,0.1969,0.5473,NC,NC,correct,7.0,6.0
2025-08-02,20250802LGSS0,삼성,LG,4.6464,4.8691,-0.2227,0.5073,삼성,LG,wrong,2.0,3.0
2025-08-02,20250802LTWO0,키움,롯데,4.7716,5.4588,-0.6871,0.463,롯데,롯데,correct,2.0,3.0
2025-08-02,20250802SKOB0,두산,SSG,4.5516,4.508,0.0436,0.5327,두산,두산,correct,5.0,4.0
2025-08-03,20250803LGSS0,삼성,LG,4.5951,4.7577,-0.1626,0.513,삼성,LG,wrong,3.0,6.0
2025-08-03,20250803LTWO0,키움,롯데,4.6444,5.2911,-0.6467,0.4668,롯데,롯데,correct,3.0,9.0
2025-08-03,20250803SKOB0,두산,SSG,4.5892,4.5579,0.0313,0.5315,두산,SSG,wrong,2.0,3.0
2025-08-05,20250805HTLT0,롯데,KIA,4.683,4.9653,-0.2822,0.5016,롯데,KIA,wrong,0.0,2.0
2025-08-05,20250805KTHH0,한화,KT,4.8928,4.4587,0.434,0.5696,한화,KT,wrong,2.0,5.0
2025-08-05,20250805OBLG0,LG,두산,4.838,4.4173,0.4207,0.5684,LG,LG,correct,4.0,2.0
2025-08-05,20250805SSSK0,SSG,삼성,4.4637,4.6453,-0.1816,0.5112,SSG,삼성,wrong,2.0,6.0
2025-08-05,20250805WONC0,NC,키움,5.7212,4.784,0.9373,0.616,NC,키움,wrong,5.0,8.0
2025-08-06,20250806HTLT0,롯데,KIA,4.9355,4.816,0.1194,0.5399,롯데,롯데,correct,7.0,1.0
2025-08-06,20250806KTHH0,한화,KT,4.8885,4.6657,0.2229,0.5497,한화,한화,correct,5.0,4.0
2025-08-06,20250806OBLG0,LG,두산,4.9214,4.4722,0.4492,0.571,LG,두산,wrong,8.0,10.0
2025-08-06,20250806SSSK0,SSG,삼성,4.4728,4.692,-0.2191,0.5076,SSG,SSG,correct,5.0,4.0
2025-08-06,20250806WONC0,NC,키움,5.7124,4.9796,0.7328,0.5974,NC,키움,wrong,5.0,9.0
2025-08-07,20250807HTLT0,롯데,KIA,4.9179,4.7653,0.1526,0.5431,롯데,KIA,wrong,5.0,6.0
2025-08-07,20250807KTHH0,한화,KT,4.8618,4.7062,0.1556,0.5433,한화,KT,wrong,4.0,5.0
2025-08-07,20250807OBLG0,LG,두산,5.06,4.6225,0.4375,0.5699,LG,LG,correct,4.0,3.0
2025-08-07,20250807SSSK0,SSG,삼성,4.4632,4.6989,-0.2357,0.5061,SSG,삼성,wrong,1.0,6.0
2025-08-07,20250807WONC0,NC,키움,5.785,5.0926,0.6924,0.5936,NC,키움,wrong,12.0,13.0
2025-08-08,20250808HHLG0,LG,한화,4.7059,4.5128,0.193,0.5469,LG,LG,correct,2.0,1.0
2025-08-08,20250808HTNC0,NC,KIA,5.3414,5.1174,0.2239,0.5498,NC,NC,correct,5.0,4.0
2025-08-08,20250808OBWO0,키움,두산,4.957,5.2975,-0.3405,0.496,두산,두산,correct,2.0,9.0
2025-08-08,20250808SKLT0,롯데,SSG,4.6747,4.5143,0.1605,0.5438,롯데,SSG,wrong,0.0,1.0
2025-08-08,20250808SSKT0,KT,삼성,4.7084,4.9627,-0.2544,0.5043,KT,삼성,wrong,4.0,8.0
2025-08-09,20250809HHLG0,LG,한화,4.6573,4.4504,0.2069,0.5482,LG,LG,correct,8.0,1.0
2025-08-09,20250809OBWO0,키움,두산,4.9047,5.3375,-0.4328,0.4872,두산,두산,correct,4.0,6.0
2025-08-09,20250809SSKT0,KT,삼성,4.7043,4.9645,-0.2602,0.5037,KT,KT,correct,3.0,1.0
2025-08-10,20250810HHLG0,LG,한화,4.6524,4.4058,0.2466,0.552,LG,한화,wrong,4.0,5.0
2025-08-10,20250810HTNC0,NC,KIA,5.2549,5.0722,0.1827,0.5459,NC,NC,correct,16.0,12.0
2025-08-10,20250810OBWO0,키움,두산,4.8046,5.2262,-0.4216,0.4883,두산,키움,wrong,4.0,3.0
2025-08-10,20250810SKLT0,롯데,SSG,4.5927,4.3817,0.211,0.5486,롯데,SSG,wrong,1.0,10.0
2025-08-10,20250810SSKT0,KT,삼성,4.6515,4.9235,-0.272,0.5026,KT,KT,correct,9.0,2.0
2025-08-12,20250812HTSS0,삼성,KIA,5.0005,4.8583,0.1422,0.5421,삼성,KIA,wrong,1.0,5.0
2025-08-12,20250812LGKT0,KT,LG,4.5047,4.869,-0.3644,0.4938,LG,LG,correct,2.0,11.0
2025-08-12,20250812LTHH0,한화,롯데,4.6843,4.5621,0.1222,0.5402,한화,한화,correct,2.0,0.0
2025-08-12,20250812NCOB0,두산,NC,5.1007,5.2554,-0.1548,0.5138,두산,NC,wrong,2.0,3.0
2025-08-12,20250812WOSK0,SSG,키움,4.9136,4.4594,0.4543,0.5715,SSG,SSG,correct,3.0,1.0
2025-08-13,20250813HTSS0,삼성,KIA,4.8972,4.8523,0.0449,0.5328,삼성,KIA,wrong,1.0,9.0
2025-08-13,20250813LTHH0,한화,롯데,4.5922,4.4586,0.1336,0.5413,한화,한화,correct,6.0,0.0
2025-08-14,20250814HTSS0,삼성,KIA,4.8938,4.9032,-0.0094,0.5277,삼성,KIA,wrong,4.0,10.0
2025-08-14,20250814LTHH0,한화,롯데,4.596,4.4596,0.1364,0.5415,한화,한화,correct,5.0,4.0
2025-08-14,20250814NCOB0,두산,NC,5.0374,5.1671,-0.1297,0.5162,두산,두산,correct,6.0,5.0
2025-08-14,20250814WOSK0,SSG,키움,4.8795,4.4189,0.4605,0.5721,SSG,키움,wrong,0.0,2.0
2025-08-15,20250815HHNC0,NC,한화,4.9761,4.9552,0.0209,0.5305,NC,한화,wrong,2.0,9.0
2025-08-15,20250815HTOB0,두산,KIA,4.6761,4.8841,-0.208,0.5087,두산,두산,correct,6.0,5.0
2025-08-15,20250815KTWO0,키움,KT,4.526,5.4879,-0.9619,0.437,KT,키움,wrong,7.0,3.0
2025-08-15,20250815LGSK0,SSG,LG,4.007,4.8167,-0.8098,0.4513,LG,LG,correct,3.0,5.0
2025-08-15,20250815SSLT0,롯데,삼성,4.8446,4.9228,-0.0782,0.5211,롯데,삼성,wrong,4.0,10.0
2025-08-16,20250816HHNC0,NC,한화,4.8544,5.0048,-0.1503,0.5142,NC,NC,correct,9.0,6.0
2025-08-16,20250816HTOB0,두산,KIA,4.7548,4.9496,-0.1948,0.51,두산,두산,correct,4.0,3.0
2025-08-16,20250816KTWO0,키움,KT,4.708,5.2579,-0.5499,0.476,KT,키움,wrong,4.0,3.0
2025-08-16,20250816LGSK0,SSG,LG,4.2163,4.6387,-0.4224,0.4882,LG,SSG,wrong,10.0,7.0
2025-08-16,20250816SSLT0,롯데,삼성,4.9046,5.0312,-0.1266,0.5165,롯데,삼성,wrong,1.0,4.0
2025-08-17,20250817HHNC0,NC,한화,4.9621,5.0837,-0.1217,0.5169,NC,NC,correct,9.0,4.0
2025-08-17,20250817HTOB0,두산,KIA,4.8229,4.9167,-0.0938,0.5196,두산,두산,correct,4.0,2.0
2025-08-17,20250817KTWO0,키움,KT,4.6672,5.16,-0.4928,0.4815,KT,KT,correct,3.0,5.0
2025-08-17,20250817LGSK0,SSG,LG,4.3357,4.7367,-0.401,0.4903,LG,LG,correct,1.0,6.0
2025-08-19,20250819LTLG0,LG,롯데,4.8403,4.5934,0.2469,0.552,LG,LG,correct,5.0,2.0
2025-08-19,20250819OBHH0,한화,두산,4.7735,4.4698,0.3037,0.5574,한화,두산,wrong,5.0,6.0
2025-08-19,20250819SKKT0,KT,SSG,4.5622,4.5247,0.0375,0.5321,KT,KT,correct,5.0,4.0
2025-08-19,20250819SSNC0,NC,삼성,5.0659,5.4098,-0.3438,0.4957,삼성,삼성,correct,2.0,6.0
2025-08-19,20250819WOHT0,KIA,키움,5.2951,4.6557,0.6394,0.5887,KIA,KIA,correct,12.0,9.0
2025-08-20,20250820LTLG0,LG,롯데,5.0103,4.5844,0.4259,0.5688,LG,LG,correct,5.0,3.0
2025-08-20,20250820OBHH0,한화,두산,4.7827,4.4854,0.2973,0.5567,한화,두산,wrong,9.0,13.0
2025-08-20,20250820SKKT0,KT,SSG,4.6123,4.6226,-0.0103,0.5276,KT,SSG,wrong,3.0,5.0
2025-08-20,20250820SSNC0,NC,삼성,5.1923,5.3097,-0.1173,0.5174,NC,삼성,wrong,3.0,4.0
2025-08-20,20250820WOHT0,KIA,키움,5.4873,4.816,0.6713,0.5917,KIA,키움,wrong,1.0,6.0
2025-08-21,20250821OBHH0,한화,두산,4.958,4.6875,0.2705,0.5542,한화,두산,wrong,3.0,6.0
2025-08-21,20250821SKKT0,KT,SSG,4.5657,4.5756,-0.0099,0.5276,KT,SSG,wrong,1.0,7.0
2025-08-21,20250821SSNC0,NC,삼성,5.121,5.2012,-0.0803,0.5209,NC,NC,correct,7.0,5.0
2025-08-21,20250821WOHT0,KIA,키움,5.3298,4.7913,0.5385,0.5794,KIA,키움,wrong,10.0,11.0
2025-08-22,20250822KTOB0,두산,KT,4.8665,4.7244,0.1421,0.5421,두산,KT,wrong,8.0,13.0
2025-08-22,20250822LGHT0,KIA,LG,4.7203,5.2189,-0.4985,0.4809,LG,LG,correct,2.0,14.0
2025-08-22,20250822LTNC0,NC,롯데,4.9463,5.1617,-0.2154,0.508,NC,NC,correct,7.0,6.0
2025-08-22,20250822SKHH0,한화,SSG,4.718,4.478,0.24,0.5513,한화,SSG,wrong,0.0,1.0
2025-08-22,20250822WOSS0,삼성,키움,5.2023,4.7159,0.4864,0.5745,삼성,삼성,correct,8.0,2.0
2025-08-23,20250823KTOB0,두산,KT,4.973,4.8553,0.1177,0.5397,두산,KT,wrong,2.0,6.0
2025-08-23,20250823LGHT0,KIA,LG,4.7791,5.145,-0.3659,0.4936,LG,LG,correct,2.0,6.0
2025-08-23,20250823LTNC0,NC,롯데,5.1577,5.1201,0.0377,0.5321,NC,NC,correct,4.0,1.0
2025-08-23,20250823SKHH0,한화,SSG,4.6869,4.4363,0.2507,0.5523,한화,한화,correct,5.0,0.0
2025-08-23,20250823WOSS0,삼성,키움,5.2354,4.7269,0.5086,0.5766,삼성,삼성,correct,12.0,8.0
2025-08-24,20250824KTOB0,두산,KT,4.9514,4.8982,0.0532,0.5336,두산,KT,wrong,2.0,3.0
2025-08-24,20250824LGHT0,KIA,LG,4.8427,5.1733,-0.3307,0.497,LG,LG,correct,1.0,2.0
2025-08-24,20250824LTNC0,NC,롯데,5.1097,4.986,0.1237,0.5403,NC,롯데,wrong,5.0,17.0
2025-08-24,20250824SKHH0,한화,SSG,4.647,4.4098,0.2371,0.5511,한화,한화,correct,5.0,2.0
2025-08-24,20250824WOSS0,삼성,키움,5.4114,4.8101,0.6014,0.5852,삼성,삼성,correct,7.0,4.0
2025-08-26,20250826HHWO0,키움,한화,4.7298,5.2234,-0.4937,0.4814,한화,한화,correct,1.0,3.0
2025-08-26,20250826HTSK0,SSG,KIA,4.7178,4.8256,-0.1078,0.5183,SSG,SSG,correct,9.0,5.0
2025-08-26,20250826KTLT0,롯데,KT,4.9571,4.8007,0.1564,0.5434,롯데,롯데,correct,4.0,3.0
2025-08-26,20250826LGNC0,NC,LG,4.7979,5.1551,-0.3573,0.4944,LG,NC,wrong,9.0,7.0
2025-08-26,20250826SSOB0,두산,삼성,4.8476,5.0498,-0.2022,0.5093,두산,삼성,wrong,2.0,6.0
2025-08-27,20250827HHWO0,키움,한화,4.803,5.2495,-0.4465,0.4859,한화,한화,correct,1.0,3.0
2025-08-27,20250827HTSK0,SSG,KIA,4.8503,4.9345,-0.0842,0.5205,SSG,KIA,wrong,2.0,4.0
2025-08-27,20250827KTLT0,롯데,KT,4.9177,4.7732,0.1444,0.5423,롯데,KT,wrong,2.0,7.0
2025-08-27,20250827LGNC0,NC,LG,4.8831,5.2264,-0.3432,0.4958,LG,LG,correct,1.0,10.0
2025-08-27,20250827SSOB0,두산,삼성,4.8073,5.0951,-0.2878,0.5011,두산,삼성,wrong,1.0,14.0
2025-08-28,20250828HHWO0,키움,한화,4.7312,5.1987,-0.4675,0.4839,한화,한화,correct,3.0,9.0
2025-08-28,20250828HTSK0,SSG,KIA,4.8717,4.883,-0.0112,0.5275,SSG,KIA,wrong,6.0,10.0
2025-08-28,20250828KTLT0,롯데,KT,4.8791,4.7583,0.1208,0.54,롯데,롯데,correct,3.0,2.0
2025-08-28,20250828LGNC0,NC,LG,4.8464,5.2745,-0.4281,0.4877,LG,LG,correct,3.0,4.0
2025-08-28,20250828SSOB0,두산,삼성,4.7952,5.1592,-0.364,0.4938,삼성,두산,wrong,7.0,6.0
2025-08-29,20250829HTKT0,KT,KIA,4.9589,4.9846,-0.0256,0.5261,KT,KIA,wrong,1.0,10.0
2025-08-29,20250829NCSK0,SSG,NC,4.978,4.9504,0.0276,0.5312,SSG,SSG,correct,8.0,0.0
2025-08-29,20250829OBLT0,롯데,두산,5.1185,5.0091,0.1094,0.539,롯데,두산,wrong,1.0,7.0
2025-08-29,20250829SSHH0,한화,삼성,4.5873,4.802,-0.2147,0.5081,한화,삼성,wrong,3.0,5.0
2025-08-29,20250829WOLG0,LG,키움,5.5851,4.5751,1.01,0.6226,LG,키움,wrong,2.0,3.0
2025-08-30,20250830HTKT0,KT,KIA,4.9748,5.0613,-0.0865,0.5203,KT,KT,correct,8.0,2.0
2025-08-30,20250830NCSK0,SSG,NC,4.95,4.8645,0.0855,0.5367,SSG,NC,wrong,2.0,12.0
2025-08-30,20250830SSHH0,한화,삼성,4.6418,4.7668,-0.1251,0.5166,한화,삼성,wrong,0.0,4.0
2025-08-30,20250830WOLG0,LG,키움,5.518,4.4642,1.0538,0.6265,LG,LG,correct,6.0,5.0
2025-08-31,20250831HTKT0,KT,KIA,4.9426,4.9968,-0.0542,0.5234,KT,KT,correct,7.0,6.0
2025-08-31,20250831NCSK0,SSG,NC,4.9556,4.9392,0.0163,0.5301,SSG,SSG,correct,10.0,8.0
2025-08-31,20250831OBLT0,롯데,두산,5.0213,4.9433,0.078,0.536,롯데,롯데,correct,5.0,1.0
2025-08-31,20250831SSHH0,한화,삼성,4.6014,4.674,-0.0726,0.5216,한화,삼성,wrong,3.0,5.0
2025-08-31,20250831WOLG0,LG,키움,5.4475,4.4563,0.9912,0.6209,LG,키움,wrong,5.0,6.0
2025-09-02,20250902HTHH0,한화,KIA,4.7786,4.6431,0.1355,0.5414,한화,한화,correct,21.0,3.0
2025-09-02,20250902LTLG0,LG,롯데,5.001,4.4876,0.5134,0.577,LG,LG,correct,3.0,2.0
2025-09-02,20250902NCKT0,KT,NC,5.0748,5.1166,-0.0419,0.5246,KT,NC,wrong,4.0,9.0
2025-09-02,20250902WOSK0,SSG,키움,5.2184,4.6402,0.5783,0.5831,SSG,SSG,correct,6.0,1.0
2025-09-03,20250903LTKT0,KT,롯데,4.9101,4.7879,0.1222,0.5402,KT,KT,correct,9.0,8.0
2025-09-03,20250903NCHH0,한화,NC,5.0534,4.7877,0.2657,0.5538,한화,한화,correct,6.0,5.0
2025-09-03,20250903SKHT0,KIA,SSG,4.9906,4.969,0.0216,0.5306,KIA,SSG,wrong,1.0,2.0
2025-09-03,20250903WOSS0,삼성,키움,5.5623,4.3662,1.1961,0.6391,삼성,키움,wrong,3.0,4.0
2025-09-04,20250904LGKT0,KT,LG,4.4797,5.0318,-0.5521,0.4758,LG,LG,correct,8.0,10.0
2025-09-04,20250904OBNC0,NC,두산,5.0268,5.4826,-0.4558,0.485,두산,두산,correct,3.0,12.0
2025-09-05,20250905LTSK0,SSG,롯데,4.7423,4.7371,0.0052,0.529,SSG,SSG,correct,7.0,5.0
2025-09-05,20250905OBNC0,NC,두산,5.3842,5.283,0.1012,0.5382,NC,두산,wrong,3.0,9.0
2025-09-05,20250905WOSS0,삼성,키움,5.2767,4.5414,0.7353,0.5976,삼성,삼성,correct,8.0,3.0
2025-09-06,20250906HHSS0,삼성,한화,4.3516,4.9011,-0.5495,0.4761,한화,한화,correct,4.0,7.0
2025-09-06,20250906HTNC0,NC,KIA,5.1223,5.5528,-0.4305,0.4874,KIA,KIA,correct,4.0,8.0
2025-09-07,20250907HHSS0,삼성,한화,4.6319,4.7172,-0.0853,0.5204,삼성,삼성,correct,4.0,3.0
2025-09-07,20250907HTNC0,NC,KIA,5.4211,5.4026,0.0185,0.5303,NC,NC,correct,2.0,1.0
2025-09-07,20250907SKLG0,LG,SSG,5.01,4.3225,0.6875,0.5932,LG,SSG,wrong,3.0,7.0
2025-09-09,20250909HHLT0,롯데,한화,4.6963,4.5306,0.1657,0.5443,롯데,한화,wrong,1.0,9.0
2025-09-09,20250909LGWO0,키움,LG,4.5727,5.0388,-0.4661,0.484,LG,키움,wrong,11.0,2.0
2025-09-09,20250909OBKT0,KT,두산,4.9312,4.6445,0.2868,0.5558,KT,KT,correct,8.0,1.0
2025-09-10,20250910HHLT0,롯데,한화,4.6186,4.866,-0.2474,0.5049,롯데,한화,wrong,0.0,13.0
2025-09-10,20250910LGOB0,두산,LG,4.7982,5.1509,-0.3527,0.4949,LG,LG,correct,4.0,8.0
2025-09-10,20250910SKNC0,NC,SSG,4.9673,4.8592,0.1081,0.5388,NC,NC,correct,5.0,4.0
2025-09-10,20250910SSHT0,KIA,삼성,4.7915,5.0047,-0.2132,0.5082,KIA,KIA,correct,4.0,0.0
2025-09-11,20250911KTLG0,LG,KT,4.9449,4.8903,0.0546,0.5337,LG,KT,wrong,4.0,6.0
2025-09-11,20250911LTHT0,KIA,롯데,5.0999,5.0261,0.0738,0.5356,KIA,롯데,wrong,3.0,4.0
2025-09-11,20250911NCWO0,키움,NC,5.1299,5.2071,-0.0772,0.5212,키움,키움,correct,4.0,1.0
2025-09-11,20250911SKSS0,삼성,SSG,4.835,4.5468,0.2882,0.5559,삼성,SSG,wrong,4.0,8.0
2025-09-12,20250912OBHT0,KIA,두산,4.8338,5.14,-0.3063,0.4993,두산,KIA,wrong,5.0,4.0
2025-09-13,20250913HTLG0,LG,KIA,5.3429,4.571,0.7719,0.6009,LG,KIA,wrong,3.0,6.0
2025-09-13,20250913KTSS0,삼성,KT,4.9169,4.7588,0.1581,0.5436,삼성,KT,wrong,3.0,5.0
2025-09-13,20250913OBNC0,NC,두산,5.2825,4.9998,0.2827,0.5554,NC,NC,correct,6.0,4.0
2025-09-13,20250913SKLT0,롯데,SSG,4.8079,4.7942,0.0137,0.5299,롯데,롯데,correct,12.0,11.0
2025-09-13,20250913WOHH0,한화,키움,5.168,4.2771,0.8909,0.6118,한화,한화,correct,10.0,5.0
2025-09-14,20250914HTLG0,LG,KIA,5.2643,4.7736,0.4907,0.5749,LG,LG,correct,14.0,0.0
2025-09-14,20250914KTSS0,삼성,KT,4.9541,4.7395,0.2146,0.5489,삼성,삼성,correct,6.0,2.0
2025-09-14,20250914OBNC0,NC,두산,5.1866,5.1941,-0.0075,0.5278,NC,NC,correct,6.0,0.0
2025-09-14,20250914WOHH0,한화,키움,5.2567,4.4779,0.7787,0.6016,한화,키움,wrong,10.0,13.0
2025-09-15,20250915WOHH0,한화,키움,5.3721,4.6101,0.762,0.6,한화,한화,correct,7.0,6.0
2025-09-16,20250916HHHT0,KIA,한화,4.9027,5.018,-0.1152,0.5176,KIA,한화,wrong,1.0,11.0
2025-09-16,20250916LGKT0,KT,LG,4.7209,5.186,-0.4651,0.4841,LG,LG,correct,6.0,10.0
2025-09-16,20250916LTSS0,삼성,롯데,4.95,4.8685,0.0815,0.5363,삼성,삼성,correct,7.0,5.0
2025-09-16,20250916SKNC0,NC,SSG,4.7159,4.9973,-0.2814,0.5017,NC,SSG,wrong,3.0,7.0
2025-09-16,20250916WOOB0,두산,키움,5.3923,4.7827,0.6096,0.586,두산,키움,wrong,1.0,4.0
2025-09-17,20250917HHHT0,KIA,한화,4.7906,5.2203,-0.4297,0.4875,한화,한화,correct,2.0,6.0
2025-09-17,20250917WOOB0,두산,키움,5.1933,4.8597,0.3337,0.5602,두산,키움,wrong,2.0,4.0
2025-09-18,20250918HHHT0,KIA,한화,4.6756,5.0375,-0.3618,0.494,한화,한화,correct,3.0,4.0
2025-09-18,20250918LGKT1,KT,LG,4.7333,5.2487,-0.5154,0.4793,LG,LG,correct,2.0,6.0
2025-09-18,20250918LGKT2,KT,LG,4.8233,5.38,-0.5566,0.4754,LG,LG,correct,1.0,14.0
2025-09-18,20250918SSNC0,NC,삼성,4.8549,5.0657,-0.2109,0.5084,NC,삼성,wrong,5.0,9.0
2025-09-18,20250918WOOB0,두산,키움,5.1346,4.8171,0.3175,0.5586,두산,두산,correct,3.0,2.0
2025-09-19,20250919LTNC0,NC,롯데,4.9996,5.425,-0.4254,0.4879,롯데,롯데,correct,2.0,18.0
2025-09-20,20250920HHKT0,KT,한화,4.7694,5.1283,-0.3588,0.4943,한화,KT,wrong,4.0,2.0
2025-09-20,20250920NCHT0,KIA,NC,5.2785,4.9881,0.2905,0.5561,KIA,KIA,correct,5.0,4.0
2025-09-20,20250920OBSK0,SSG,두산,5.0348,4.4541,0.5807,0.5833,SSG,SSG,correct,15.0,2.0
2025-09-20,20250920SSLG0,LG,삼성,5.0398,4.7626,0.2772,0.5548,LG,삼성,wrong,4.0,14.0
2025-09-20,20250920WOLT0,롯데,키움,5.2816,4.9673,0.3143,0.5584,롯데,키움,wrong,5.0,15.0
2025-09-21,20250921NCHT0,KIA,NC,5.1402,5.1409,-0.0006,0.5285,KIA,NC,wrong,6.0,7.0
2025-09-21,20250921OBSK0,SSG,두산,5.0639,4.7004,0.3635,0.563,SSG,SSG,correct,7.0,3.0
2025-09-21,20250921SSKT0,KT,삼성,4.831,5.2202,-0.3892,0.4914,삼성,KT,wrong,6.0,3.0
2025-09-22,20250922OBSK0,SSG,두산,4.9963,4.6555,0.3408,0.5608,SSG,두산,wrong,2.0,9.0
2025-09-23,20250923HTSK0,SSG,KIA,4.8286,4.9122,-0.0836,0.5206,SSG,SSG,correct,5.0,0.0
2025-09-23,20250923NCLT0,롯데,NC,5.434,5.1878,0.2461,0.5519,롯데,NC,wrong,2.0,4.0
2025-09-23,20250923OBSS0,삼성,두산,5.2953,4.6157,0.6796,0.5925,삼성,삼성,correct,7.0,5.0
2025-09-23,20250923WOKT0,KT,키움,5.0683,4.9227,0.1455,0.5424,KT,KT,correct,7.0,0.0
2025-09-24,20250924HTWO0,키움,KIA,4.9346,5.2496,-0.315,0.4985,KIA,KIA,correct,0.0,2.0
2025-09-24,20250924LGNC0,NC,LG,4.5557,5.6752,-1.1195,0.4222,LG,NC,wrong,10.0,5.0
2025-09-24,20250924LTSS0,삼성,롯데,5.3487,5.0361,0.3126,0.5582,삼성,삼성,correct,9.0,4.0
2025-09-25,20250925HHOB0,두산,한화,4.3667,5.1108,-0.7441,0.4576,한화,두산,wrong,7.0,0.0
2025-09-25,20250925KTSK0,SSG,KT,4.7574,4.6894,0.068,0.535,SSG,KT,wrong,1.0,10.0
2025-09-25,20250925LGLT0,롯데,LG,5.0505,5.57,-0.5195,0.4789,LG,LG,correct,1.0,11.0
2025-09-25,20250925WOSS0,삼성,키움,5.3626,4.6279,0.7347,0.5975,삼성,삼성,correct,12.0,3.0
2025-09-26,20250926KTSK0,SSG,KT,4.7811,4.7889,-0.0078,0.5278,SSG,SSG,correct,5.0,2.0
2025-09-26,20250926LGHH0,한화,LG,4.7406,5.0548,-0.3142,0.4985,LG,한화,wrong,4.0,1.0
2025-09-26,20250926NCOB0,두산,NC,4.9761,5.244,-0.2679,0.503,두산,NC,wrong,0.0,3.0
2025-09-26,20250926SSLT0,롯데,삼성,5.0193,5.4637,-0.4444,0.4861,삼성,롯데,wrong,10.0,9.0
2025-09-27,20250927LGHH0,한화,LG,4.7246,5.0579,-0.3333,0.4967,LG,LG,correct,2.0,9.0
2025-09-27,20250927NCHT0,KIA,NC,5.2352,4.8159,0.4192,0.5682,KIA,NC,wrong,1.0,2.0
2025-09-27,20250927SKOB0,두산,SSG,4.7931,4.7733,0.0198,0.5304,두산,SSG,wrong,2.0,6.0
2025-09-28,20250928LTOB0,두산,롯데,5.0595,5.3175,-0.258,0.5039,두산,두산,correct,7.0,2.0
2025-09-28,20250928SSWO0,키움,삼성,4.7912,5.412,-0.6208,0.4693,삼성,삼성,correct,2.0,4.0
2025-09-29,20250929LGHH0,한화,LG,4.7411,5.0977,-0.3566,0.4945,LG,한화,wrong,7.0,3.0
2025-09-29,20250929LTSK0,SSG,롯데,5.3382,4.9465,0.3917,0.5656,SSG,SSG,correct,4.0,2.0
2025-09-29,20250929NCHT0,KIA,NC,4.9356,4.9711,-0.0354,0.5252,KIA,NC,wrong,4.0,13.0
2025-09-30,20250930HTSS0,삼성,KIA,5.4431,4.6834,0.7597,0.5998,삼성,삼성,correct,5.0,0.0
2025-09-30,20250930KTNC0,NC,KT,4.5859,5.2129,-0.627,0.4687,KT,NC,wrong,9.0,4.0
2025-09-30,20250930LTHH0,한화,롯데,5.3589,5.0262,0.3326,0.5601,한화,한화,correct,1.0,0.0
2025-09-30,20250930OBLG0,LG,두산,5.0286,4.7487,0.2799,0.5551,LG,두산,wrong,0.0,6.0
2025-09-30,20250930SKWO0,키움,SSG,4.8287,4.9013,-0.0727,0.5216,키움,SSG,wrong,3.0,4.0
2025-10-01,20251001HHSK0,SSG,한화,4.4618,4.5917,-0.13,0.5162,SSG,SSG,correct,6.0,5.0
2025-10-01,20251001KTHT0,KIA,KT,4.8635,4.9502,-0.0867,0.5203,KIA,KT,wrong,3.0,9.0
2025-10-01,20251001NCLG0,LG,NC,5.276,4.9001,0.376,0.5642,LG,NC,wrong,3.0,7.0
2025-10-02,20251002SKHT0,KIA,SSG,4.7055,4.7445,-0.039,0.5248,KIA,KIA,correct,7.0,2.0
2025-10-04,20251004SKNC0,NC,SSG,4.8906,4.5856,0.3049,0.5575,NC,NC,correct,7.0,1.0
2025-10-04,20251004SSHT0,KIA,삼성,4.521,5.1862,-0.6652,0.4651,삼성,KIA,wrong,9.0,8.0
2026-03-28,20260328HTSK0,SSG,KIA,5.1616,5.1262,0.0354,0.5319,SSG,SSG,correct,7.0,6.0
2026-03-28,20260328KTLG0,LG,KT,5.1616,5.1262,0.0354,0.5319,LG,KT,wrong,7.0,11.0
2026-03-28,20260328LTSS0,삼성,롯데,5.1616,5.1262,0.0354,0.5319,삼성,롯데,wrong,3.0,6.0
2026-03-28,20260328OBNC0,NC,두산,5.1616,5.1262,0.0354,0.5319,NC,NC,correct,6.0,0.0
2026-03-28,20260328WOHH0,한화,키움,5.1616,5.1262,0.0354,0.5319,한화,한화,correct,10.0,9.0
2026-03-29,20260329HTSK0,SSG,KIA,6.5477,5.6797,0.868,0.6097,SSG,SSG,correct,11.0,6.0
2026-03-29,20260329KTLG0,LG,KT,6.6175,10.0761,-3.4586,0.2301,KT,KT,correct,5.0,6.0
2026-03-29,20260329LTSS0,삼성,롯데,4.1078,5.6746,-1.5668,0.3812,롯데,롯데,correct,2.0,6.0
2026-03-29,20260329OBNC0,NC,두산,5.5496,2.959,2.5907,0.7511,NC,두산,wrong,6.0,9.0
2026-03-29,20260329WOHH0,한화,키움,9.2947,8.0625,1.2322,0.6423,한화,한화,correct,10.0,4.0
2026-03-31,20260331HTLG0,LG,KIA,7.0765,6.9149,0.1616,0.5439,LG,KIA,wrong,2.0,7.0
2026-03-31,20260331KTHH0,한화,KT,6.9941,6.4047,0.5894,0.5841,한화,KT,wrong,4.0,9.0
2026-03-31,20260331LTNC0,NC,롯데,4.5989,4.9668,-0.3679,0.4934,롯데,NC,wrong,9.0,2.0
2026-03-31,20260331WOSK0,SSG,키움,8.4269,6.0169,2.41,0.738,SSG,SSG,correct,9.0,3.0
2026-04-01,20260401HTLG0,LG,KIA,5.7262,6.7009,-0.9747,0.4358,KIA,LG,wrong,7.0,2.0
2026-04-01,20260401KTHH0,한화,KT,6.1417,6.8826,-0.7409,0.4579,KT,KT,correct,11.0,14.0
2026-04-01,20260401LTNC0,NC,롯데,5.4959,4.5414,0.9545,0.6176,NC,NC,correct,5.0,4.0
2026-04-01,20260401OBSS0,삼성,두산,4.6712,5.3835,-0.7124,0.4606,두산,삼성,wrong,13.0,3.0
2026-04-01,20260401WOSK0,SSG,키움,8.2564,5.3483,2.908,0.7731,SSG,키움,wrong,2.0,11.0
2026-04-02,20260402HTLG0,LG,KIA,5.8489,5.7678,0.0811,0.5363,LG,LG,correct,2.0,1.0
2026-04-02,20260402KTHH0,한화,KT,7.0007,8.2687,-1.268,0.4084,KT,KT,correct,8.0,13.0
2026-04-02,20260402LTNC0,NC,롯데,5.4147,4.5196,0.8951,0.6122,NC,NC,correct,8.0,4.0
2026-04-02,20260402OBSS0,삼성,두산,6.4907,5.0814,1.4093,0.6577,삼성,삼성,correct,5.0,2.0
2026-04-02,20260402WOSK0,SSG,키움,6.8299,6.171,0.6589,0.5905,SSG,SSG,correct,11.0,1.0
2026-04-03,20260403HHOB0,두산,한화,6.1087,7.8344,-1.7257,0.3669,한화,한화,correct,6.0,11.0
2026-04-03,20260403LGWO0,키움,LG,5.763,5.9506,-0.1876,0.5106,키움,키움,correct,5.0,2.0
2026-04-03,20260403NCHT0,KIA,NC,4.5917,5.8459,-1.2542,0.4097,NC,NC,correct,2.0,5.0
2026-04-03,20260403SKLT0,롯데,SSG,4.8937,6.2413,-1.3475,0.4011,SSG,SSG,correct,2.0,17.0
2026-04-03,20260403SSKT0,KT,삼성,7.0261,5.4553,1.5708,0.6715,KT,삼성,wrong,1.0,2.0
2026-04-04,20260404HHOB0,두산,한화,6.0926,8.2543,-2.1618,0.3291,한화,한화,correct,3.0,9.0
2026-04-04,20260404LGWO0,키움,LG,5.6637,5.4873,0.1764,0.5453,키움,LG,wrong,4.0,6.0
2026-04-04,20260404NCHT0,KIA,NC,4.3917,5.7144,-1.3228,0.4034,NC,NC,correct,0.0,6.0
2026-04-04,20260404SKLT0,롯데,SSG,4.7594,7.4817,-2.7223,0.2837,SSG,SSG,correct,6.0,7.0
2026-04-04,20260404SSKT0,KT,삼성,6.1112,5.0706,1.0406,0.6253,KT,삼성,wrong,6.0,8.0
2026-04-05,20260405HHOB0,두산,한화,5.78,8.1833,-2.4032,0.3091,한화,두산,wrong,8.0,0.0
2026-04-05,20260405LGWO0,키움,LG,5.452,5.4941,-0.0421,0.5245,키움,LG,wrong,5.0,6.0
2026-04-05,20260405NCHT0,KIA,NC,4.1413,5.6767,-1.5354,0.384,NC,KIA,wrong,3.0,0.0
2026-04-05,20260405SKLT0,롯데,SSG,4.9253,7.3776,-2.4523,0.3051,SSG,SSG,correct,3.0,4.0
2026-04-05,20260405SSKT0,KT,삼성,6.0335,5.2931,0.7403,0.598,KT,KT,correct,2.0,0.0
2026-04-07,20260407HHSK0,SSG,한화,7.1249,5.9636,1.1613,0.6361,SSG,한화,wrong,2.0,6.0
2026-04-07,20260407KTLT0,롯데,KT,5.0292,6.5745,-1.5453,0.3831,KT,KT,correct,3.0,7.0
2026-04-07,20260407LGNC0,NC,LG,5.1154,4.4007,0.7148,0.5957,NC,LG,wrong,0.0,2.0
2026-04-07,20260407SSHT0,KIA,삼성,4.3043,4.9514,-0.647,0.4668,삼성,삼성,correct,3.0,10.0
2026-04-07,20260407WOOB0,두산,키움,5.7262,5.9139,-0.1876,0.5106,두산,키움,wrong,2.0,5.0
2026-04-08,20260408HHSK0,SSG,한화,6.5833,5.8813,0.702,0.5945,SSG,한화,wrong,3.0,4.0
2026-04-08,20260408KTLT0,롯데,KT,5.0029,6.6123,-1.6094,0.3773,KT,롯데,wrong,6.0,1.0
2026-04-08,20260408LGNC0,NC,LG,4.8306,4.3424,0.4882,0.5747,NC,LG,wrong,4.0,5.0
2026-04-08,20260408SSHT0,KIA,삼성,4.3504,5.3672,-1.0168,0.4318,삼성,KIA,wrong,15.0,5.0
2026-04-08,20260408WOOB0,두산,키움,5.4628,5.8565,-0.3937,0.491,키움,두산,wrong,7.0,3.0
2026-04-10,20260410HTHH0,한화,KIA,6.1039,5.4533,0.6505,0.5898,한화,KIA,wrong,5.0,6.0
2026-04-10,20260410LTWO0,키움,롯데,5.5918,5.3927,0.1992,0.5475,키움,롯데,wrong,1.0,3.0
2026-04-10,20260410NCSS0,삼성,NC,4.7234,4.7743,-0.051,0.5237,삼성,삼성,correct,8.0,5.0
2026-04-10,20260410OBKT0,KT,두산,6.1504,5.0701,1.0802,0.6288,KT,두산,wrong,7.0,8.0
2026-04-10,20260410SKLG0,LG,SSG,4.6839,5.5453,-0.8614,0.4465,SSG,LG,wrong,10.0,2.0
2026-04-11,20260411HTHH0,한화,KIA,6.0359,5.5035,0.5324,0.5788,한화,KIA,wrong,5.0,6.0
2026-04-11,20260411LTWO0,키움,롯데,5.334,5.2009,0.1331,0.5412,키움,롯데,wrong,1.0,3.0
2026-04-11,20260411NCSS0,삼성,NC,5.0183,4.8709,0.1474,0.5426,삼성,삼성,correct,5.0,4.0
2026-04-11,20260411OBKT0,KT,두산,6.2364,5.2111,1.0253,0.6239,KT,KT,correct,6.0,4.0
2026-04-11,20260411SKLG0,LG,SSG,4.9923,5.3368,-0.3445,0.4957,SSG,LG,wrong,4.0,3.0
2026-04-12,20260412HTHH0,한화,KIA,5.8858,5.5113,0.3745,0.564,한화,KIA,wrong,3.0,9.0
2026-04-12,20260412LTWO0,키움,롯데,5.1077,5.0541,0.0536,0.5337,키움,키움,correct,2.0,0.0
2026-04-12,20260412NCSS0,삼성,NC,4.9576,4.8577,0.0999,0.5381,삼성,삼성,correct,9.0,3.0
2026-04-12,20260412OBKT0,KT,두산,6.1872,5.1775,1.0097,0.6225,KT,KT,correct,6.0,1.0
2026-04-12,20260412SKLG0,LG,SSG,4.9309,5.188,-0.2571,0.504,LG,LG,correct,9.0,1.0
2026-04-14,20260414KTNC0,NC,KT,4.893,5.3682,-0.4752,0.4832,KT,NC,wrong,7.0,4.0
2026-04-14,20260414LTLG0,LG,롯데,5.0872,4.253,0.8342,0.6066,LG,LG,correct,2.0,1.0
2026-04-14,20260414OBSK0,SSG,두산,5.9196,5.1086,0.811,0.6045,SSG,두산,wrong,3.0,11.0
2026-04-14,20260414SSHH0,한화,삼성,5.5062,5.8301,-0.3239,0.4976,삼성,삼성,correct,5.0,6.0
2026-04-14,20260414WOHT0,KIA,키움,5.2013,4.6557,0.5456,0.58,KIA,KIA,correct,6.0,2.0
2026-04-15,20260415KTNC0,NC,KT,4.9588,5.286,-0.3272,0.4973,KT,KT,correct,2.0,10.0
2026-04-15,20260415LTLG0,LG,롯데,4.9614,4.1516,0.8098,0.6044,LG,롯데,wrong,0.0,2.0
2026-04-15,20260415OBSK0,SSG,두산,5.7322,5.3233,0.4089,0.5672,SSG,SSG,correct,6.0,0.0
2026-04-15,20260415SSHH0,한화,삼성,5.4878,5.7562,-0.2684,0.5029,한화,삼성,wrong,5.0,13.0
2026-04-15,20260415WOHT0,KIA,키움,5.2221,4.6056,0.6165,0.5866,KIA,KIA,correct,7.0,5.0
2026-04-16,20260416KTNC0,NC,KT,4.7953,5.4235,-0.6282,0.4686,KT,KT,correct,3.0,4.0
2026-04-16,20260416LTLG0,LG,롯데,4.7598,4.1032,0.6566,0.5903,LG,LG,correct,7.0,4.0
2026-04-16,20260416OBSK0,SSG,두산,5.7483,5.1271,0.6211,0.587,SSG,SSG,correct,2.0,1.0
2026-04-16,20260416SSHH0,한화,삼성,5.4967,5.9989,-0.5022,0.4806,삼성,삼성,correct,1.0,6.0
2026-04-16,20260416WOHT0,KIA,키움,5.285,4.7035,0.5815,0.5834,KIA,KIA,correct,5.0,1.0
2026-04-17,20260417HTOB0,두산,KIA,4.8193,5.2608,-0.4415,0.4864,KIA,KIA,correct,3.0,7.0
2026-04-17,20260417WOKT0,KT,키움,5.6753,4.5258,1.1494,0.635,KT,KT,correct,5.0,0.0
2026-04-18,20260418HHLT0,롯데,한화,4.914,5.3841,-0.4702,0.4836,한화,한화,correct,0.0,5.0
2026-04-18,20260418HTOB0,두산,KIA,4.72,5.2948,-0.5748,0.4737,KIA,두산,wrong,5.0,4.0
2026-04-18,20260418LGSS0,삼성,LG,5.0093,4.5698,0.4395,0.5701,삼성,삼성,correct,7.0,2.0
2026-04-18,20260418SKNC0,NC,SSG,4.9639,5.0907,-0.1268,0.5165,NC,SSG,wrong,3.0,11.0
2026-04-18,20260418WOKT0,KT,키움,5.5697,4.3509,1.2189,0.6411,KT,KT,correct,4.0,2.0
2026-04-19,20260419HHLT0,롯데,한화,4.7938,5.3229,-0.5291,0.478,한화,한화,correct,1.0,9.0
2026-04-19,20260419HTOB0,두산,KIA,4.8207,5.3,-0.4794,0.4828,KIA,두산,wrong,6.0,3.0
2026-04-19,20260419LGSS0,삼성,LG,5.094,4.5286,0.5655,0.5819,삼성,LG,wrong,0.0,5.0
2026-04-19,20260419SKNC0,NC,SSG,4.9547,5.4063,-0.4517,0.4854,SSG,NC,wrong,9.0,2.0
2026-04-19,20260419WOKT0,KT,키움,5.4658,4.3328,1.133,0.6335,KT,키움,wrong,1.0,3.0
2026-04-21,20260421HHLG0,LG,한화,4.9896,4.9443,0.0453,0.5329,LG,LG,correct,6.0,5.0
2026-04-21,20260421HTKT0,KT,KIA,5.1256,4.7388,0.3868,0.5652,KT,KT,correct,6.0,5.0
2026-04-21,20260421NCWO0,키움,NC,4.5975,5.0644,-0.4669,0.484,NC,키움,wrong,2.0,1.0
2026-04-21,20260421OBLT0,롯데,두산,4.6095,4.8466,-0.2372,0.5059,롯데,두산,wrong,2.0,6.0
2026-04-21,20260421SKSS0,삼성,SSG,5.3321,5.0597,0.2724,0.5544,삼성,SSG,wrong,4.0,5.0
2026-04-22,20260422HHLG0,LG,한화,5.1292,5.0516,0.0776,0.5359,LG,LG,correct,3.0,0.0
2026-04-22,20260422HTKT0,KT,KIA,5.1736,4.793,0.3806,0.5646,KT,KT,correct,8.0,3.0
2026-04-22,20260422NCWO0,키움,NC,4.5764,4.9845,-0.4081,0.4896,NC,키움,wrong,3.0,0.0
2026-04-22,20260422OBLT0,롯데,두산,4.5552,4.8823,-0.3271,0.4973,두산,두산,correct,1.0,9.0
2026-04-22,20260422SKSS0,삼성,SSG,5.3186,5.0751,0.2435,0.5517,삼성,SSG,wrong,2.0,3.0
2026-04-23,20260423HHLG0,LG,한화,5.0675,4.8434,0.2241,0.5498,LG,한화,wrong,4.0,8.0
2026-04-23,20260423HTKT0,KT,KIA,5.2362,4.7326,0.5036,0.5761,KT,KT,correct,8.0,3.0
2026-04-23,20260423NCWO0,키움,NC,4.5138,4.8053,-0.2916,0.5007,키움,NC,wrong,2.0,12.0
2026-04-23,20260423OBLT0,롯데,두산,4.4858,4.9955,-0.5097,0.4799,두산,롯데,wrong,6.0,1.0
2026-04-23,20260423SKSS0,삼성,SSG,5.1527,4.9297,0.223,0.5497,삼성,SSG,wrong,2.0,8.0
2026-04-24,20260424KTSK0,SSG,KT,4.8308,5.1599,-0.3291,0.4971,KT,SSG,wrong,5.0,0.0
2026-04-24,20260424LGOB0,두산,LG,4.52,4.7988,-0.2788,0.5019,두산,LG,wrong,1.0,4.0
2026-04-24,20260424LTHT0,KIA,롯데,5.1643,4.5372,0.6271,0.5876,KIA,KIA,correct,4.0,0.0
2026-04-24,20260424NCHH0,한화,NC,5.2531,5.1557,0.0974,0.5378,한화,NC,wrong,3.0,7.0
2026-04-24,20260424SSWO0,키움,삼성,4.3958,5.1918,-0.796,0.4526,삼성,키움,wrong,6.0,4.0
2026-04-25,20260425KTSK0,SSG,KT,4.8432,5.0544,-0.2112,0.5084,SSG,SSG,correct,3.0,1.0
2026-04-25,20260425LGOB0,두산,LG,4.4294,4.7364,-0.3069,0.4992,LG,LG,correct,5.0,7.0
2026-04-25,20260425LTHT0,KIA,롯데,5.1083,4.4401,0.6682,0.5914,KIA,KIA,correct,4.0,3.0
2026-04-25,20260425NCHH0,한화,NC,5.1985,5.1818,0.0167,0.5301,한화,한화,correct,8.0,1.0
2026-04-25,20260425SSWO0,키움,삼성,4.4936,5.239,-0.7454,0.4574,삼성,키움,wrong,4.0,2.0
2026-04-26,20260426KTSK0,SSG,KT,4.7039,4.853,-0.149,0.5143,SSG,KT,wrong,2.0,12.0
2026-04-26,20260426LGOB0,두산,LG,4.4637,4.83,-0.3662,0.4936,LG,두산,wrong,4.0,3.0
2026-04-26,20260426NCHH0,한화,NC,5.2914,5.0791,0.2123,0.5487,한화,NC,wrong,3.0,5.0
2026-04-26,20260426SSWO0,키움,삼성,4.4699,5.1166,-0.6466,0.4668,삼성,키움,wrong,2.0,0.0
2026-04-28,20260428HTNC0,NC,KIA,4.7265,4.9207,-0.1943,0.51,NC,NC,correct,5.0,4.0
2026-04-28,20260428LGKT0,KT,LG,4.8212,4.4098,0.4113,0.5675,KT,KT,correct,6.0,5.0
2026-04-28,20260428SKHH0,한화,SSG,5.0535,5.0837,-0.0302,0.5257,한화,한화,correct,7.0,6.0
2026-04-28,20260428SSOB0,두산,삼성,4.6626,4.9578,-0.2952,0.5004,두산,삼성,wrong,4.0,5.0
2026-04-28,20260428WOLT0,롯데,키움,4.4491,4.3994,0.0498,0.5333,롯데,롯데,correct,5.0,4.0
2026-04-29,20260429HTNC0,NC,KIA,4.8465,4.8229,0.0237,0.5308,NC,KIA,wrong,4.0,9.0
2026-04-29,20260429LGKT0,KT,LG,4.9643,4.5427,0.4216,0.5684,KT,KT,correct,5.0,4.0
2026-04-29,20260429SKHH0,한화,SSG,5.1366,5.1136,0.023,0.5307,한화,SSG,wrong,1.0,6.0
2026-04-29,20260429SSOB0,두산,삼성,4.7117,5.018,-0.3063,0.4993,삼성,두산,wrong,4.0,0.0
2026-04-29,20260429WOLT0,롯데,키움,4.43,4.5821,-0.1521,0.514,롯데,키움,wrong,5.0,6.0
2026-04-30,20260430HTNC0,NC,KIA,4.9268,4.9974,-0.0706,0.5218,NC,NC,correct,7.0,2.0
2026-04-30,20260430LGKT0,KT,LG,5.015,4.5622,0.4529,0.5714,KT,LG,wrong,5.0,6.0
2026-04-30,20260430SKHH0,한화,SSG,5.0741,5.1857,-0.1117,0.5179,한화,SSG,wrong,3.0,14.0
2026-04-30,20260430SSOB0,두산,삼성,4.6594,4.8507,-0.1912,0.5103,두산,두산,correct,8.0,5.0
2026-04-30,20260430WOLT0,롯데,키움,4.5,4.6341,-0.1341,0.5158,롯데,롯데,correct,3.0,1.0
2026-05-01,20260501HHSS0,삼성,한화,5.2443,5.1251,0.1192,0.5399,삼성,삼성,correct,4.0,3.0
2026-05-01,20260501KTHT0,KIA,KT,4.7419,5.2438,-0.5019,0.4806,KT,KT,correct,3.0,4.0
2026-05-01,20260501LTSK0,SSG,롯데,5.3417,4.3424,0.9993,0.6216,SSG,롯데,wrong,7.0,10.0
2026-05-01,20260501NCLG0,LG,NC,4.7958,4.6232,0.1726,0.545,LG,LG,correct,5.0,1.0
2026-05-01,20260501OBWO0,키움,두산,4.4455,4.7207,-0.2752,0.5023,키움,두산,wrong,6.0,16.0
2026-05-02,20260502HHSS0,삼성,한화,5.2233,5.0952,0.1281,0.5407,삼성,한화,wrong,3.0,13.0
2026-05-02,20260502KTHT0,KIA,KT,4.7343,5.1819,-0.4476,0.4858,KT,KIA,wrong,6.0,0.0
2026-05-02,20260502LTSK0,SSG,롯데,5.4286,4.466,0.9626,0.6183,SSG,롯데,wrong,5.0,7.0
2026-05-02,20260502NCLG0,LG,NC,4.8024,4.5604,0.242,0.5515,LG,LG,correct,13.0,5.0
2026-05-02,20260502OBWO0,키움,두산,4.6084,5.0838,-0.4754,0.4832,두산,키움,wrong,4.0,2.0
2026-05-03,20260503HHSS0,삼성,한화,5.2168,5.3115,-0.0947,0.5195,삼성,삼성,correct,7.0,6.0
2026-05-03,20260503KTHT0,KIA,KT,4.7543,5.0467,-0.2923,0.5006,KIA,KT,wrong,4.0,6.0
2026-05-03,20260503LTSK0,SSG,롯데,5.3853,4.5118,0.8736,0.6102,SSG,롯데,wrong,2.0,5.0
2026-05-03,20260503NCLG0,LG,NC,5.0711,4.6494,0.4217,0.5685,LG,NC,wrong,3.0,10.0
2026-05-03,20260503OBWO0,키움,두산,4.6211,5.0526,-0.4315,0.4873,두산,두산,correct,3.0,14.0
2026-05-05,20260505HHHT0,KIA,한화,5.1887,5.25,-0.0612,0.5227,KIA,KIA,correct,12.0,7.0
2026-05-05,20260505LTKT0,KT,롯데,5.1304,4.3905,0.7398,0.598,KT,KT,correct,5.0,4.0
2026-05-05,20260505OBLG0,LG,두산,4.9419,4.8757,0.0661,0.5348,LG,LG,correct,2.0,1.0
2026-05-05,20260505WOSS0,삼성,키움,5.2938,4.7513,0.5424,0.5797,삼성,삼성,correct,11.0,1.0
2026-05-06,20260506HHHT0,KIA,한화,5.4378,5.3921,0.0457,0.5329,KIA,한화,wrong,2.0,7.0
2026-05-06,20260506LTKT0,KT,롯데,5.1526,4.3843,0.7683,0.6006,KT,롯데,wrong,1.0,8.0
2026-05-06,20260506NCSK0,SSG,NC,5.1776,4.8585,0.319,0.5588,SSG,SSG,correct,7.0,6.0
2026-05-06,20260506OBLG0,LG,두산,4.8373,4.7479,0.0894,0.5371,LG,LG,correct,6.0,1.0
2026-05-06,20260506WOSS0,삼성,키움,5.4198,4.6697,0.75,0.5989,삼성,삼성,correct,2.0,1.0
2026-05-07,20260507HHHT0,KIA,한화,5.3041,5.2972,0.0069,0.5292,KIA,한화,wrong,8.0,11.0
2026-05-07,20260507NCSK0,SSG,NC,5.3519,5.022,0.3299,0.5598,SSG,NC,wrong,5.0,10.0
2026-05-07,20260507OBLG0,LG,두산,4.8603,4.7301,0.1302,0.5409,LG,두산,wrong,2.0,3.0
2026-05-07,20260507WOSS0,삼성,키움,5.2663,4.578,0.6882,0.5932,삼성,삼성,correct,6.0,0.0
2026-05-08,20260508HTLT0,롯데,KIA,4.8134,4.9184,-0.105,0.5185,롯데,KIA,wrong,2.0,8.0
2026-05-08,20260508KTWO0,키움,KT,4.3982,5.5957,-1.1975,0.415,KT,KT,correct,0.0,8.0
2026-05-08,20260508LGHH0,한화,LG,5.2326,5.169,0.0636,0.5346,한화,LG,wrong,8.0,9.0
2026-05-08,20260508SKOB0,두산,SSG,5.0074,5.2933,-0.286,0.5012,두산,SSG,wrong,1.0,4.0
2026-05-08,20260508SSNC0,NC,삼성,5.0141,4.9944,0.0196,0.5304,NC,삼성,wrong,3.0,4.0
2026-05-09,20260509HTLT0,롯데,KIA,4.6978,5.1843,-0.4865,0.4821,KIA,KIA,correct,1.0,3.0
2026-05-09,20260509LGHH0,한화,LG,5.4237,5.3747,0.049,0.5332,한화,한화,correct,11.0,3.0
2026-05-09,20260509SKOB0,두산,SSG,4.9947,5.2665,-0.2718,0.5026,두산,두산,correct,9.0,4.0
2026-05-09,20260509SSNC0,NC,삼성,4.9597,4.8813,0.0784,0.536,NC,삼성,wrong,4.0,5.0
2026-05-10,20260510HTLT0,롯데,KIA,4.6234,5.1134,-0.49,0.4818,KIA,롯데,wrong,7.0,3.0
2026-05-10,20260510KTWO0,키움,KT,4.4972,5.5382,-1.041,0.4296,KT,키움,wrong,5.0,1.0
2026-05-10,20260510LGHH0,한화,LG,5.5332,5.3133,0.22,0.5494,한화,한화,correct,9.0,3.0
2026-05-10,20260510SKOB0,두산,SSG,5.0926,5.2624,-0.1698,0.5124,두산,두산,correct,3.0,1.0
2026-05-10,20260510SSNC0,NC,삼성,4.9389,4.9179,0.021,0.5305,NC,삼성,wrong,1.0,11.0
2026-05-12,20260512HHWO0,키움,한화,4.924,5.9273,-1.0033,0.4331,한화,한화,correct,5.0,11.0
2026-05-12,20260512NCLT0,롯데,NC,4.7787,5.0207,-0.242,0.5054,롯데,NC,wrong,1.0,8.0
2026-05-12,20260512OBHT0,KIA,두산,5.0233,4.8886,0.1347,0.5414,KIA,두산,wrong,1.0,5.0
2026-05-12,20260512SKKT0,KT,SSG,5.1625,4.9543,0.2082,0.5483,KT,SSG,wrong,1.0,5.0
2026-05-12,20260512SSLG0,LG,삼성,4.8529,4.8594,-0.0065,0.5279,LG,삼성,wrong,1.0,9.0
2026-05-13,20260513HHWO0,키움,한화,4.9485,6.0701,-1.1216,0.422,한화,키움,wrong,3.0,2.0
2026-05-13,20260513NCLT0,롯데,NC,4.7258,5.0824,-0.3566,0.4945,NC,롯데,wrong,10.0,5.0
2026-05-13,20260513OBHT0,KIA,두산,4.9059,4.883,0.0229,0.5307,KIA,KIA,correct,9.0,2.0
2026-05-13,20260513SKKT0,KT,SSG,5.1672,4.9891,0.1781,0.5455,KT,KT,correct,18.0,4.0
2026-05-13,20260513SSLG0,LG,삼성,4.7749,4.9752,-0.2003,0.5094,LG,LG,correct,5.0,3.0
2026-05-14,20260514HHWO0,키움,한화,4.9565,5.9503,-0.9938,0.434,한화,한화,correct,1.0,10.0
2026-05-14,20260514NCLT0,롯데,NC,4.9664,5.2073,-0.2409,0.5056,롯데,NC,wrong,4.0,5.0
2026-05-14,20260514OBHT0,KIA,두산,4.9156,4.8326,0.083,0.5364,KIA,KIA,correct,5.0,3.0
2026-05-14,20260514SKKT0,KT,SSG,5.5165,5.0171,0.4994,0.5757,KT,SSG,wrong,10.0,16.0
2026-05-14,20260514SSLG0,LG,삼성,4.8126,5.0012,-0.1886,0.5106,LG,삼성,wrong,5.0,9.0
2026-05-15,20260515HHKT0,KT,한화,5.6215,5.3432,0.2783,0.555,KT,한화,wrong,3.0,5.0
2026-05-15,20260515HTSS0,삼성,KIA,5.0627,4.7184,0.3443,0.5612,삼성,KIA,wrong,4.0,5.0
2026-05-15,20260515LGSK0,SSG,LG,5.5434,5.2754,0.268,0.554,SSG,LG,wrong,7.0,8.0
2026-05-15,20260515LTOB0,두산,롯데,4.8752,4.5989,0.2763,0.5548,두산,롯데,wrong,5.0,6.0
2026-05-15,20260515WONC0,NC,키움,5.5232,4.8087,0.7145,0.5957,NC,키움,wrong,1.0,4.0
2026-05-16,20260516HHKT0,KT,한화,5.6424,5.3186,0.3238,0.5592,KT,한화,wrong,5.0,10.0
2026-05-16,20260516HTSS0,삼성,KIA,5.0057,4.7143,0.2915,0.5562,삼성,삼성,correct,5.0,2.0
2026-05-16,20260516LGSK0,SSG,LG,5.5455,5.3102,0.2353,0.5509,SSG,SSG,correct,4.0,3.0
2026-05-16,20260516LTOB0,두산,롯데,4.8722,4.6349,0.2373,0.5511,두산,두산,correct,10.0,9.0
2026-05-16,20260516WONC0,NC,키움,5.35,4.6997,0.6504,0.5898,NC,NC,correct,9.0,2.0
2026-05-17,20260517HHKT0,KT,한화,5.5405,5.4219,0.1187,0.5398,KT,KT,correct,8.0,7.0
2026-05-17,20260517HTSS0,삼성,KIA,4.9698,4.636,0.3337,0.5602,삼성,KIA,wrong,7.0,16.0
2026-05-17,20260517LGSK0,SSG,LG,5.5411,5.271,0.2701,0.5542,SSG,LG,wrong,4.0,6.0
2026-05-17,20260517LTOB0,두산,롯데,5.0994,4.8074,0.292,0.5562,두산,두산,correct,8.0,4.0
2026-05-17,20260517WONC0,NC,키움,5.316,4.6384,0.6777,0.5923,NC,키움,wrong,2.0,3.0
2026-05-19,20260519KTSS0,삼성,KT,5.1054,5.2343,-0.1289,0.5163,삼성,삼성,correct,10.0,2.0
2026-05-19,20260519LGHT0,KIA,LG,5.1547,4.9713,0.1834,0.546,KIA,KIA,correct,14.0,0.0
2026-05-19,20260519LTHH0,한화,롯데,5.63,4.9879,0.6421,0.589,한화,롯데,wrong,4.0,6.0
2026-05-19,20260519NCOB0,두산,NC,5.0388,4.8616,0.1772,0.5454,두산,두산,correct,9.0,3.0
2026-05-19,20260519SKWO0,키움,SSG,4.6993,5.5653,-0.8661,0.446,SSG,키움,wrong,7.0,6.0
2026-05-20,20260520SKWO0,키움,SSG,4.7794,5.582,-0.8026,0.452,SSG,키움,wrong,6.0,5.0
2026-05-21,20260521KTSS0,삼성,KT,5.3151,5.275,0.0401,0.5324,삼성,삼성,correct,8.0,5.0
2026-05-21,20260521LGHT0,KIA,LG,5.3539,4.8708,0.4831,0.5742,KIA,LG,wrong,3.0,5.0
2026-05-21,20260521LTHH0,한화,롯데,5.625,4.9658,0.6592,0.5906,한화,롯데,wrong,2.0,8.0
2026-05-21,20260521NCOB0,두산,NC,5.1127,4.8581,0.2546,0.5527,두산,두산,correct,1.0,0.0
2026-05-21,20260521SKWO0,키움,SSG,4.8855,5.6216,-0.7361,0.4583,SSG,키움,wrong,6.0,0.0
2026-05-22,20260522NCKT0,KT,NC,5.5235,5.0674,0.456,0.5717,KT,KT,correct,7.0,4.0
2026-05-22,20260522OBHH0,한화,두산,5.3433,5.0745,0.2688,0.5541,한화,한화,correct,5.0,3.0
2026-05-22,20260522SKHT0,KIA,SSG,5.4785,5.1226,0.3558,0.5623,KIA,KIA,correct,5.0,2.0
2026-05-22,20260522SSLT0,롯데,삼성,4.7888,5.3259,-0.5372,0.4773,삼성,삼성,correct,5.0,7.0
2026-05-22,20260522WOLG0,LG,키움,5.2074,4.7476,0.4598,0.572,LG,키움,wrong,0.0,7.0
2026-05-23,20260523NCKT0,KT,NC,5.5366,5.1046,0.4321,0.5694,KT,KT,correct,10.0,5.0
2026-05-23,20260523OBHH0,한화,두산,5.3108,4.996,0.3148,0.5584,한화,한화,correct,5.0,2.0
2026-05-23,20260523SKHT0,KIA,SSG,5.4445,5.1167,0.3278,0.5596,KIA,KIA,correct,5.0,4.0
2026-05-23,20260523SSLT0,롯데,삼성,4.8587,5.387,-0.5282,0.4781,삼성,롯데,wrong,7.0,5.0
2026-05-23,20260523WOLG0,LG,키움,5.0956,4.7247,0.3708,0.5637,LG,LG,correct,5.0,2.0
2026-05-24,20260524NCKT0,KT,NC,5.6378,5.1785,0.4593,0.572,KT,NC,wrong,5.0,8.0
2026-05-24,20260524OBHH0,한화,두산,5.3593,4.9645,0.3948,0.5659,한화,한화,correct,5.0,2.0
2026-05-24,20260524SKHT0,KIA,SSG,5.3933,5.0964,0.2969,0.5567,KIA,KIA,correct,3.0,2.0
2026-05-24,20260524SSLT0,롯데,삼성,4.8963,5.4433,-0.547,0.4763,삼성,삼성,correct,0.0,10.0
2026-05-24,20260524WOLG0,LG,키움,4.9993,4.622,0.3773,0.5643,LG,LG,correct,6.0,4.0
2026-05-26,20260526HTWO0,키움,KIA,4.4278,5.0129,-0.5851,0.4727,KIA,KIA,correct,2.0,5.0
2026-05-26,20260526KTOB0,두산,KT,5.1739,5.5391,-0.3652,0.4937,KT,KT,correct,0.0,6.0
2026-05-26,20260526LGLT0,롯데,LG,4.9363,5.1368,-0.2004,0.5094,롯데,LG,wrong,1.0,2.0
2026-05-27,20260527HHNC0,NC,한화,5.0168,5.2855,-0.2687,0.5029,NC,NC,correct,6.0,4.0
2026-05-27,20260527HTWO0,키움,KIA,4.4508,5.026,-0.5751,0.4736,KIA,KIA,correct,2.0,9.0
2026-05-27,20260527KTOB0,두산,KT,5.0677,5.4788,-0.4111,0.4893,KT,두산,wrong,5.0,0.0
2026-05-27,20260527LGLT0,롯데,LG,4.8717,5.0474,-0.1757,0.5118,롯데,LG,wrong,6.0,8.0
2026-05-27,20260527SSSK0,SSG,삼성,5.0317,5.345,-0.3133,0.4986,삼성,삼성,correct,1.0,4.0
2026-05-28,20260528HHNC0,NC,한화,5.1079,5.3262,-0.2183,0.5077,NC,한화,wrong,7.0,18.0
2026-05-28,20260528HTWO0,키움,KIA,4.4968,5.1392,-0.6424,0.4672,KIA,KIA,correct,0.0,5.0
2026-05-28,20260528KTOB0,두산,KT,4.9565,5.2122,-0.2557,0.5041,두산,KT,wrong,3.0,11.0
2026-05-28,20260528LGLT0,롯데,LG,4.8955,5.1175,-0.222,0.5074,롯데,롯데,correct,8.0,5.0
2026-05-28,20260528SSSK0,SSG,삼성,5.0207,5.3122,-0.2915,0.5007,SSG,삼성,wrong,1.0,10.0
2026-05-29,20260529HTLG0,LG,KIA,4.7268,4.9616,-0.2348,0.5061,LG,LG,correct,12.0,2.0
2026-05-29,20260529KTWO0,키움,KT,4.6471,5.444,-0.7969,0.4526,KT,KT,correct,1.0,7.0
2026-05-29,20260529LTNC0,NC,롯데,5.4101,5.0896,0.3205,0.5589,NC,롯데,wrong,2.0,6.0
2026-05-29,20260529OBSS0,삼성,두산,5.2531,4.7267,0.5264,0.5782,삼성,두산,wrong,7.0,9.0
2026-05-29,20260529SKHH0,한화,SSG,5.6566,5.154,0.5026,0.576,한화,한화,correct,4.0,3.0
2026-05-30,20260530HTLG0,LG,KIA,4.9033,4.9617,-0.0584,0.523,LG,LG,correct,3.0,1.0
2026-05-30,20260530KTWO0,키움,KT,4.5966,5.4543,-0.8577,0.4468,KT,KT,correct,7.0,8.0
2026-05-30,20260530LTNC0,NC,롯데,5.2735,5.0985,0.175,0.5452,NC,NC,correct,6.0,2.0
2026-05-30,20260530OBSS0,삼성,두산,5.2532,4.8171,0.4361,0.5698,삼성,두산,wrong,7.0,8.0
2026-05-30,20260530SKHH0,한화,SSG,5.6372,5.1469,0.4902,0.5749,한화,한화,correct,13.0,10.0
2026-05-31,20260531HTLG0,LG,KIA,4.754,4.8283,-0.0744,0.5215,LG,LG,correct,5.0,3.0
2026-05-31,20260531KTWO0,키움,KT,4.658,5.5063,-0.8483,0.4477,KT,KT,correct,1.0,5.0
2026-05-31,20260531LTNC0,NC,롯데,5.1986,5.0142,0.1844,0.5461,NC,NC,correct,8.0,2.0
2026-05-31,20260531OBSS0,삼성,두산,5.3342,4.9154,0.4188,0.5682,삼성,삼성,correct,9.0,4.0
2026-05-31,20260531SKHH0,한화,SSG,5.8732,5.3146,0.5586,0.5812,한화,한화,correct,6.0,2.0
2026-06-02,20260602HHOB0,두산,한화,5.0031,5.4259,-0.4228,0.4882,한화,두산,wrong,5.0,3.0
2026-06-02,20260602LGKT0,KT,LG,4.9987,4.7187,0.2799,0.5551,KT,LG,wrong,1.0,10.0
2026-06-02,20260602LTHT0,KIA,롯데,5.0394,4.5901,0.4493,0.571,KIA,KIA,correct,5.0,4.0
2026-06-02,20260602NCSS0,삼성,NC,5.4456,4.8682,0.5774,0.583,삼성,삼성,correct,8.0,7.0
2026-06-02,20260602WOSK0,SSG,키움,5.3587,4.7823,0.5764,0.5829,SSG,키움,wrong,6.0,12.0
2026-06-03,20260603LGKT0,KT,LG,4.9683,4.7777,0.1906,0.5467,KT,KT,correct,7.0,6.0
2026-06-03,20260603LTHT0,KIA,롯데,5.1227,4.6335,0.4891,0.5748,KIA,롯데,wrong,3.0,8.0
2026-06-03,20260603NCSS0,삼성,NC,5.5399,4.9914,0.5485,0.5803,삼성,NC,wrong,4.0,6.0
2026-06-03,20260603WOSK0,SSG,키움,5.5043,4.9799,0.5245,0.5781,SSG,SSG,correct,5.0,4.0
2026-06-04,20260604HHOB0,두산,한화,5.0169,5.4276,-0.4106,0.4893,한화,두산,wrong,3.0,1.0
2026-06-04,20260604LGKT0,KT,LG,5.0198,4.8514,0.1683,0.5445,KT,LG,wrong,5.0,7.0
2026-06-04,20260604LTHT0,KIA,롯데,5.1555,4.7131,0.4424,0.5704,KIA,KIA,correct,10.0,0.0
2026-06-04,20260604NCSS0,삼성,NC,5.6101,4.9928,0.6173,0.5867,삼성,NC,wrong,3.0,6.0
2026-06-04,20260604WOSK0,SSG,키움,5.4475,4.966,0.4814,0.574,SSG,SSG,correct,7.0,6.0
2026-06-05,20260605HHLT0,롯데,한화,4.9318,5.5044,-0.5726,0.4739,한화,한화,correct,2.0,9.0
2026-06-05,20260605KTSK0,SSG,KT,5.2209,5.4897,-0.2689,0.5029,SSG,SSG,correct,6.0,5.0
2026-06-05,20260605LGNC0,NC,LG,4.9409,5.1323,-0.1914,0.5103,NC,LG,wrong,4.0,5.0
2026-06-05,20260605SSHT0,KIA,삼성,4.9497,5.079,-0.1292,0.5162,KIA,KIA,correct,5.0,2.0
2026-06-05,20260605WOOB0,두산,키움,5.1579,4.8029,0.3549,0.5622,두산,두산,correct,4.0,3.0
2026-06-06,20260606HHLT0,롯데,한화,4.8879,5.5518,-0.6638,0.4652,한화,한화,correct,2.0,7.0
2026-06-06,20260606KTSK0,SSG,KT,5.1785,5.546,-0.3676,0.4934,KT,KT,correct,3.0,7.0
2026-06-06,20260606LGNC0,NC,LG,4.9005,5.0646,-0.1641,0.5129,NC,NC,correct,8.0,5.0
2026-06-06,20260606SSHT0,KIA,삼성,4.9422,4.9976,-0.0555,0.5233,KIA,삼성,wrong,2.0,3.0
2026-06-06,20260606WOOB0,두산,키움,5.1323,4.7418,0.3905,0.5655,두산,두산,correct,9.0,1.0
2026-06-07,20260607HHLT0,롯데,한화,4.8958,5.6247,-0.7289,0.459,한화,한화,correct,8.0,9.0
2026-06-07,20260607KTSK0,SSG,KT,5.1931,5.6206,-0.4276,0.4877,KT,SSG,wrong,7.0,0.0
2026-06-07,20260607LGNC0,NC,LG,5.0084,5.1368,-0.1284,0.5163,NC,NC,correct,7.0,6.0
2026-06-07,20260607SSHT0,KIA,삼성,4.9374,4.974,-0.0366,0.5251,KIA,KIA,correct,7.0,6.0
2026-06-07,20260607WOOB0,두산,키움,5.1919,4.711,0.4809,0.574,두산,키움,wrong,1.0,4.0
2026-06-09,20260609HTHH0,한화,KIA,5.2797,5.0274,0.2524,0.5525,한화,KIA,wrong,4.0,6.0
2026-06-09,20260609NCWO0,키움,NC,4.8247,5.2691,-0.4444,0.4861,NC,키움,wrong,7.0,6.0
2026-06-09,20260609OBLT0,롯데,두산,4.8855,5.0578,-0.1723,0.5121,롯데,두산,wrong,5.0,6.0
2026-06-09,20260609SKLG0,LG,SSG,5.3418,5.0339,0.3079,0.5577,LG,LG,correct,8.0,2.0
2026-06-09,20260609SSKT0,KT,삼성,5.2239,5.2031,0.0207,0.5305,KT,KT,correct,5.0,2.0
2026-06-10,20260610HTHH0,한화,KIA,5.3162,5.0712,0.2451,0.5518,한화,한화,correct,4.0,3.0
2026-06-10,20260610NCWO0,키움,NC,4.802,5.3191,-0.5171,0.4792,NC,NC,correct,2.0,4.0
2026-06-10,20260610OBLT0,롯데,두산,5.0105,5.1542,-0.1437,0.5148,롯데,롯데,correct,3.0,1.0
2026-06-10,20260610SKLG0,LG,SSG,5.3534,5.0077,0.3457,0.5613,LG,LG,correct,8.0,6.0
2026-06-10,20260610SSKT0,KT,삼성,5.2506,5.196,0.0546,0.5337,KT,KT,correct,4.0,3.0
2026-06-11,20260611HTHH0,한화,KIA,5.1722,4.9658,0.2064,0.5482,한화,한화,correct,5.0,1.0
2026-06-11,20260611NCWO0,키움,NC,4.7569,5.267,-0.5101,0.4798,NC,NC,correct,2.0,3.0
2026-06-11,20260611OBLT0,롯데,두산,4.8773,5.0302,-0.1529,0.514,롯데,두산,wrong,7.0,12.0
2026-06-11,20260611SKLG0,LG,SSG,5.4411,5.087,0.3541,0.5621,LG,LG,correct,15.0,1.0
2026-06-11,20260611SSKT0,KT,삼성,5.1454,5.1588,-0.0135,0.5273,KT,삼성,wrong,1.0,8.0
2026-06-12,20260612HHWO0,키움,한화,4.6649,5.5007,-0.8358,0.4489,한화,키움,wrong,4.0,3.0
2026-06-12,20260612LTLG0,LG,롯데,5.4973,4.8187,0.6786,0.5924,LG,롯데,wrong,5.0,16.0
2026-06-12,20260612NCKT0,KT,NC,5.191,4.9556,0.2355,0.5509,KT,KT,correct,3.0,2.0
2026-06-12,20260612OBHT0,KIA,두산,4.9074,4.7715,0.1359,0.5415,KIA,두산,wrong,2.0,4.0
2026-06-12,20260612SKSS0,삼성,SSG,5.5455,5.0549,0.4906,0.5749,삼성,SSG,wrong,3.0,5.0
2026-06-13,20260613HHWO0,키움,한화,4.5423,5.4244,-0.8822,0.4445,한화,키움,wrong,3.0,1.0
2026-06-13,20260613LTLG0,LG,롯데,5.5309,5.0585,0.4724,0.5732,LG,LG,correct,5.0,3.0
2026-06-13,20260613NCKT0,KT,NC,5.1746,4.9442,0.2304,0.5504,KT,KT,correct,11.0,9.0
2026-06-13,20260613OBHT0,KIA,두산,4.8333,4.7248,0.1086,0.5389,KIA,KIA,correct,2.0,1.0
2026-06-13,20260613SKSS0,삼성,SSG,5.5292,5.0098,0.5194,0.5776,삼성,삼성,correct,7.0,6.0
2026-06-14,20260614HHWO0,키움,한화,4.5172,5.2964,-0.7792,0.4542,한화,키움,wrong,3.0,2.0
2026-06-14,20260614LTLG0,LG,롯데,5.5074,5.0521,0.4553,0.5716,LG,LG,correct,6.0,1.0
2026-06-14,20260614OBHT0,KIA,두산,4.7142,4.6456,0.0687,0.5351,KIA,두산,wrong,1.0,8.0
2026-06-14,20260614SKSS0,삼성,SSG,5.4856,5.022,0.4636,0.5724,삼성,삼성,correct,10.0,8.0
2026-06-16,20260616HHNC0,NC,한화,4.9942,5.0356,-0.0414,0.5246,NC,NC,correct,6.0,5.0
2026-06-16,20260616KTOB0,두산,KT,4.6724,4.9654,-0.2929,0.5006,두산,KT,wrong,2.0,6.0
2026-06-16,20260616LGHT0,KIA,LG,4.8446,4.9224,-0.0779,0.5211,KIA,LG,wrong,2.0,8.0
2026-06-16,20260616LTSK0,SSG,롯데,5.5667,5.2924,0.2743,0.5546,SSG,롯데,wrong,6.0,10.0
2026-06-16,20260616WOSS0,삼성,키움,5.2423,4.3666,0.8757,0.6104,삼성,삼성,correct,4.0,1.0
2026-06-17,20260617HHNC0,NC,한화,4.9987,5.2806,-0.2818,0.5016,NC,NC,correct,5.0,4.0
2026-06-17,20260617KTOB0,두산,KT,4.7966,4.9857,-0.1891,0.5105,두산,KT,wrong,1.0,8.0
2026-06-17,20260617LGHT0,KIA,LG,4.8743,5.0239,-0.1496,0.5143,KIA,KIA,correct,5.0,4.0
2026-06-17,20260617LTSK0,SSG,롯데,5.6108,5.3873,0.2234,0.5498,SSG,롯데,wrong,1.0,2.0
2026-06-17,20260617WOSS0,삼성,키움,5.1868,4.3153,0.8715,0.61,삼성,삼성,correct,1.0,0.0
2026-06-18,20260618HHNC0,NC,한화,5.0264,5.3174,-0.291,0.5008,NC,NC,correct,6.0,0.0
2026-06-18,20260618KTOB0,두산,KT,4.7558,5.0761,-0.3203,0.498,KT,두산,wrong,2.0,1.0
2026-06-18,20260618LGHT0,KIA,LG,4.9418,5.0669,-0.1251,0.5166,KIA,KIA,correct,4.0,2.0
2026-06-18,20260618WOSS0,삼성,키움,5.0701,4.2485,0.8215,0.6055,삼성,삼성,correct,4.0,3.0
2026-06-19,20260619HTKT0,KT,KIA,4.9819,4.7234,0.2585,0.5531,KT,KIA,wrong,3.0,11.0
2026-06-19,20260619LTWO0,키움,롯데,4.4806,4.9569,-0.4764,0.4831,롯데,롯데,correct,1.0,2.0
2026-06-19,20260619OBLG0,LG,두산,4.9776,4.7481,0.2294,0.5503,LG,LG,correct,3.0,2.0
2026-06-19,20260619SKNC0,NC,SSG,5.202,5.3212,-0.1192,0.5172,NC,NC,correct,9.0,3.0
2026-06-20,20260620HTKT0,KT,KIA,4.9633,4.8458,0.1175,0.5397,KT,KT,correct,10.0,9.0
2026-06-20,20260620LTWO0,키움,롯데,4.6439,4.7984,-0.1545,0.5138,키움,롯데,wrong,1.0,7.0
2026-06-20,20260620OBLG0,LG,두산,4.8913,4.6885,0.2028,0.5478,LG,LG,correct,4.0,2.0
2026-06-20,20260620SKNC0,NC,SSG,5.4006,5.159,0.2416,0.5515,NC,SSG,wrong,5.0,12.0
2026-06-20,20260620SSHH0,한화,삼성,5.0388,4.9426,0.0962,0.5377,한화,한화,correct,10.0,4.0
2026-06-21,20260621HTKT0,KT,KIA,5.0579,4.9875,0.0704,0.5352,KT,KIA,wrong,5.0,11.0
2026-06-21,20260621LTWO0,키움,롯데,4.573,4.7129,-0.1399,0.5152,키움,롯데,wrong,3.0,6.0
2026-06-21,20260621OBLG0,LG,두산,4.8822,4.6929,0.1893,0.5465,LG,LG,correct,9.0,3.0
2026-06-21,20260621SKNC0,NC,SSG,5.4803,5.3273,0.153,0.5431,NC,SSG,wrong,3.0,7.0
2026-06-21,20260621SSHH0,한화,삼성,5.1253,4.9385,0.1868,0.5463,한화,삼성,wrong,1.0,3.0
2026-06-23,20260623HTWO0,키움,KIA,4.332,4.9978,-0.6657,0.465,KIA,KIA,correct,3.0,7.0
2026-06-23,20260623NCLT0,롯데,NC,4.7848,5.0484,-0.2636,0.5034,롯데,롯데,correct,3.0,2.0
2026-06-23,20260623OBHH0,한화,두산,5.1128,4.6764,0.4365,0.5698,한화,한화,correct,3.0,2.0
2026-06-23,20260623SKKT0,KT,SSG,5.6703,5.2744,0.3959,0.566,KT,KT,correct,13.0,2.0
2026-06-23,20260623SSLG0,LG,삼성,4.862,4.819,0.043,0.5326,LG,LG,correct,4.0,3.0
2026-06-24,20260624HTWO0,키움,KIA,4.3935,5.047,-0.6535,0.4662,KIA,KIA,correct,3.0,10.0
2026-06-24,20260624NCLT0,롯데,NC,4.8267,5.0975,-0.2708,0.5027,롯데,롯데,correct,5.0,3.0
2026-06-24,20260624OBHH0,한화,두산,5.0487,4.6546,0.3941,0.5659,한화,두산,wrong,2.0,7.0
2026-06-24,20260624SKKT0,KT,SSG,5.9124,5.3102,0.6021,0.5853,KT,SSG,wrong,4.0,5.0
2026-06-24,20260624SSLG0,LG,삼성,4.8538,4.8481,0.0056,0.5291,LG,LG,correct,2.0,0.0
2026-06-25,20260625HTWO0,키움,KIA,4.4344,5.1524,-0.718,0.46,KIA,KIA,correct,4.0,9.0
2026-06-25,20260625NCLT0,롯데,NC,4.8009,5.0222,-0.2213,0.5074,롯데,NC,wrong,2.0,8.0
2026-06-25,20260625OBHH0,한화,두산,5.005,4.7537,0.2512,0.5524,한화,두산,wrong,3.0,5.0
2026-06-25,20260625SKKT0,KT,SSG,5.7606,5.1846,0.576,0.5829,KT,KT,correct,12.0,7.0
2026-06-25,20260625SSLG0,LG,삼성,4.694,4.6769,0.0172,0.5302,LG,삼성,wrong,6.0,13.0
2026-06-26,20260626HHSK0,SSG,한화,5.237,5.5812,-0.3443,0.4957,한화,한화,correct,2.0,9.0
2026-06-26,20260626HTOB0,두산,KIA,4.7288,4.9953,-0.2665,0.5031,두산,두산,correct,3.0,2.0
2026-06-26,20260626KTSS0,삼성,KT,5.1385,5.2252,-0.0867,0.5203,삼성,삼성,correct,9.0,1.0
2026-06-26,20260626LGLT0,롯데,LG,4.5205,4.8818,-0.3613,0.494,LG,롯데,wrong,3.0,2.0
2026-06-26,20260626WONC0,NC,키움,5.2378,4.7103,0.5274,0.5783,NC,NC,correct,11.0,4.0
2026-06-27,20260627HHSK0,SSG,한화,5.272,5.6961,-0.4241,0.4881,한화,한화,correct,1.0,8.0
2026-06-27,20260627HTOB0,두산,KIA,4.6995,4.9148,-0.2153,0.508,두산,두산,correct,8.0,1.0
2026-06-27,20260627KTSS0,삼성,KT,5.1337,5.0791,0.0546,0.5337,삼성,삼성,correct,4.0,3.0
2026-06-27,20260627LGLT0,롯데,LG,4.5035,4.8695,-0.366,0.4936,LG,LG,correct,7.0,8.0
2026-06-27,20260627WONC0,NC,키움,5.3113,4.6983,0.6129,0.5863,NC,키움,wrong,1.0,3.0
2026-06-28,20260628HHSK0,SSG,한화,5.2012,5.6931,-0.4919,0.4816,한화,한화,correct,3.0,6.0
2026-06-28,20260628HTOB0,두산,KIA,4.71,4.8344,-0.1244,0.5167,두산,KIA,wrong,1.0,12.0
2026-06-28,20260628KTSS0,삼성,KT,5.1307,4.9791,0.1516,0.543,삼성,삼성,correct,7.0,4.0
2026-06-28,20260628LGLT0,롯데,LG,4.6185,4.9747,-0.3562,0.4945,LG,롯데,wrong,11.0,9.0
2026-06-28,20260628WONC0,NC,키움,5.2372,4.6333,0.6039,0.5854,NC,NC,correct,9.0,2.0
2026-06-30,20260630LGWO0,키움,LG,4.5864,5.3564,-0.77,0.4551,LG,키움,wrong,6.0,0.0
2026-06-30,20260630LTOB0,두산,롯데,4.7181,4.6556,0.0624,0.5345,두산,두산,correct,5.0,0.0
2026-06-30,20260630SKHT0,KIA,SSG,5.4998,5.0163,0.4835,0.5742,KIA,KIA,correct,10.0,3.0
2026-06-30,20260630SSNC0,NC,삼성,4.7152,4.9058,-0.1906,0.5104,NC,삼성,wrong,7.0,13.0
2026-07-01,20260701KTHH0,한화,KT,5.2624,5.0789,0.1835,0.546,한화,KT,wrong,4.0,7.0
2026-07-01,20260701LGWO0,키움,LG,4.579,5.3396,-0.7606,0.456,LG,LG,correct,4.0,10.0
2026-07-01,20260701LTOB0,두산,롯데,4.7972,4.6931,0.104,0.5384,두산,롯데,wrong,2.0,5.0
2026-07-01,20260701SSNC0,NC,삼성,4.8634,5.1549,-0.2915,0.5007,NC,NC,correct,10.0,5.0
2026-07-02,20260702KTHH0,한화,KT,5.3716,5.2299,0.1417,0.542,한화,한화,correct,14.0,3.0
2026-07-02,20260702LGWO0,키움,LG,4.6572,5.4517,-0.7945,0.4528,LG,LG,correct,5.0,7.0
2026-07-02,20260702LTOB0,두산,롯데,4.7944,4.6899,0.1046,0.5385,두산,두산,correct,8.0,3.0
2026-07-02,20260702SKHT0,KIA,SSG,5.6669,5.1008,0.5661,0.5819,KIA,KIA,correct,8.0,7.0
2026-07-02,20260702SSNC0,NC,삼성,5.0579,5.247,-0.1892,0.5105,NC,삼성,wrong,1.0,6.0
2026-07-03,20260703HHLG0,LG,한화,5.0053,5.1476,-0.1423,0.515,LG,한화,wrong,1.0,8.0
2026-07-03,20260703LTKT0,KT,롯데,5.5098,5.0811,0.4287,0.5691,KT,롯데,wrong,0.0,4.0
2026-07-03,20260703NCHT0,KIA,NC,5.2834,5.0413,0.2421,0.5515,KIA,NC,wrong,3.0,11.0
2026-07-03,20260703OBWO0,키움,두산,4.6086,5.1225,-0.5139,0.4795,두산,키움,wrong,6.0,5.0
2026-07-03,20260703SSSK0,SSG,삼성,5.089,5.6837,-0.5946,0.4718,삼성,삼성,correct,4.0,6.0
2026-07-04,20260704HHLG0,LG,한화,4.9882,5.194,-0.2059,0.5089,LG,LG,correct,5.0,3.0
2026-07-04,20260704LTKT0,KT,롯데,5.3832,4.9741,0.4091,0.5673,KT,롯데,wrong,1.0,4.0
2026-07-04,20260704NCHT0,KIA,NC,5.1785,5.055,0.1235,0.5403,KIA,NC,wrong,4.0,5.0
2026-07-04,20260704OBWO0,키움,두산,4.6123,5.127,-0.5147,0.4794,두산,두산,correct,5.0,8.0
2026-07-04,20260704SSSK0,SSG,삼성,5.0918,5.6384,-0.5466,0.4764,삼성,삼성,correct,7.0,13.0
2026-07-05,20260705LTKT0,KT,롯데,5.3104,4.8883,0.4221,0.5685,KT,KT,correct,4.0,2.0
2026-07-05,20260705OBWO0,키움,두산,4.6315,5.1514,-0.5199,0.4789,두산,두산,correct,1.0,8.0
2026-07-05,20260705SSSK0,SSG,삼성,5.2175,5.8391,-0.6216,0.4692,삼성,삼성,correct,3.0,13.0
2026-07-07,20260707HTLT0,롯데,KIA,4.537,5.1847,-0.6477,0.4667,KIA,롯데,wrong,10.0,2.0
2026-07-07,20260707LGSS0,삼성,LG,5.2271,5.0127,0.2144,0.5489,삼성,삼성,correct,9.0,2.0
2026-07-07,20260707NCHH0,한화,NC,5.1717,4.8541,0.3176,0.5587,한화,NC,wrong,6.0,9.0
2026-07-07,20260707SKOB0,두산,SSG,5.4191,5.1163,0.3028,0.5573,두산,SSG,wrong,2.0,4.0
2026-07-07,20260707WOKT0,KT,키움,5.4812,4.7963,0.6849,0.5929,KT,KT,correct,3.0,0.0
2026-07-08,20260708HTLT0,롯데,KIA,4.8176,5.1285,-0.3109,0.4989,KIA,롯데,wrong,11.0,3.0
2026-07-08,20260708LGSS0,삼성,LG,5.4418,4.9397,0.5021,0.576,삼성,LG,wrong,2.0,8.0
2026-07-08,20260708SKOB0,두산,SSG,5.4104,5.1038,0.3066,0.5576,두산,두산,correct,7.0,3.0
2026-07-08,20260708WOKT0,KT,키움,5.4295,4.7008,0.7286,0.597,KT,KT,correct,7.0,3.0
2026-07-09,20260709HTLT0,롯데,KIA,4.9529,5.1916,-0.2387,0.5058,롯데,KIA,wrong,2.0,5.0
2026-07-09,20260709LGSS0,삼성,LG,5.3379,4.9822,0.3558,0.5623,삼성,삼성,correct,6.0,5.0
2026-07-09,20260709NCHH0,한화,NC,5.3055,5.0147,0.2908,0.5561,한화,한화,correct,6.0,4.0
2026-07-09,20260709SKOB0,두산,SSG,5.3984,5.0655,0.3329,0.5601,두산,두산,correct,7.0,0.0
2026-07-16,20260716HTSK0,SSG,KIA,4.9505,5.3611,-0.4106,0.4893,KIA,SSG,wrong,6.0,0.0
2026-07-16,20260716KTLG0,LG,KT,4.7144,4.8692,-0.1548,0.5138,LG,KT,wrong,3.0,4.0
2026-07-16,20260716LTSS0,삼성,롯데,4.8895,4.4215,0.468,0.5728,삼성,삼성,correct,4.0,1.0
2026-07-16,20260716OBNC0,NC,두산,4.6669,4.5765,0.0904,0.5371,NC,NC,correct,4.0,2.0
2026-07-16,20260716WOHH0,한화,키움,5.0322,4.2933,0.7389,0.5979,한화,키움,wrong,5.0,14.0
2026-07-17,20260717HTSK0,SSG,KIA,5.2595,5.6369,-0.3774,0.4925,KIA,KIA,correct,3.0,6.0
2026-07-17,20260717KTLG0,LG,KT,5.0759,5.0284,0.0474,0.5331,LG,KT,wrong,1.0,6.0
2026-07-17,20260717OBNC0,NC,두산,4.8796,4.8121,0.0675,0.535,NC,두산,wrong,2.0,4.0
2026-07-17,20260717WOHH0,한화,키움,5.6705,4.7957,0.8747,0.6103,한화,키움,wrong,6.0,7.0
2026-07-18,20260718HTSK0,SSG,KIA,5.1999,5.6133,-0.4134,0.4891,KIA,KIA,correct,2.0,12.0
2026-07-18,20260718KTLG0,LG,KT,4.9623,4.9462,0.0161,0.5301,LG,KT,wrong,2.0,8.0
2026-07-18,20260718LTSS0,삼성,롯데,5.0461,4.621,0.4251,0.5688,삼성,삼성,correct,5.0,0.0
2026-07-18,20260718OBNC0,NC,두산,4.8953,4.8571,0.0382,0.5322,NC,두산,wrong,9.0,12.0
2026-07-18,20260718WOHH0,한화,키움,5.7242,4.851,0.8732,0.6102,한화,키움,wrong,2.0,4.0
2026-07-19,20260719HTSK0,SSG,KIA,5.2074,5.6585,-0.4512,0.4855,KIA,KIA,correct,5.0,9.0
2026-07-19,20260719KTLG0,LG,KT,4.8905,4.9669,-0.0763,0.5213,LG,KT,wrong,1.0,4.0
2026-07-19,20260719LTSS0,삼성,롯데,5.0548,4.5465,0.5083,0.5765,삼성,롯데,wrong,8.0,11.0
2026-07-19,20260719OBNC0,NC,두산,5.0549,5.0042,0.0507,0.5334,NC,두산,wrong,3.0,10.0
2026-07-21,20260721HHHT0,KIA,한화,5.1343,5.4248,-0.2905,0.5008,KIA,KIA,correct,7.0,3.0
2026-07-21,20260721NCLG0,LG,NC,5.1428,5.1164,0.0265,0.5311,LG,NC,wrong,5.0,7.0
2026-07-21,20260721SKLT0,롯데,SSG,5.2853,5.0486,0.2367,0.551,롯데,롯데,correct,6.0,2.0
2026-07-21,20260721SSWO0,키움,삼성,4.6904,5.3042,-0.6138,0.47,삼성,삼성,correct,6.0,8.0
2026-07-22,20260722HHHT0,KIA,한화,5.3481,5.3326,0.0155,0.53,KIA,한화,wrong,3.0,7.0
2026-07-22,20260722SKLT0,롯데,SSG,5.3121,5.0393,0.2728,0.5544,롯데,SSG,wrong,3.0,7.0
2026-07-22,20260722SSWO0,키움,삼성,4.6659,5.4806,-0.8147,0.4509,삼성,키움,wrong,3.0,1.0
2026-07-23,20260723HHHT0,KIA,한화,5.232,5.271,-0.039,0.5248,KIA,한화,wrong,3.0,9.0
2026-07-23,20260723NCLG0,LG,NC,5.1634,5.1403,0.023,0.5307,LG,NC,wrong,5.0,7.0
2026-07-23,20260723SKLT0,롯데,SSG,5.2642,5.0834,0.1808,0.5457,롯데,SSG,wrong,2.0,5.0
2026-07-23,20260723SSWO0,키움,삼성,4.5666,5.3783,-0.8117,0.4512,삼성,삼성,correct,1.0,3.0
2026-07-24,20260724KTLT0,롯데,KT,4.1891,5.2995,-1.1104,0.4231,KT,KT,correct,4.0,5.0
2026-07-24,20260724LGHH0,한화,LG,5.3731,5.1468,0.2263,0.55,한화,한화,correct,8.0,4.0
2026-07-24,20260724NCSK0,SSG,NC,5.1621,5.4608,-0.2988,0.5,SSG,SSG,correct,7.0,3.0
2026-07-24,20260724SSOB0,두산,삼성,5.0834,4.4422,0.6413,0.5889,두산,삼성,wrong,4.0,15.0
2026-07-24,20260724WOHT0,KIA,키움,5.3175,4.581,0.7365,0.5977,KIA,키움,wrong,5.0,8.0
2026-07-25,20260725KTLT0,롯데,KT,4.5931,4.9147,-0.3216,0.4978,KT,KT,correct,1.0,6.0
2026-07-25,20260725LGHH0,한화,LG,5.4345,5.2185,0.216,0.5491,한화,LG,wrong,11.0,15.0
2026-07-25,20260725NCSK0,SSG,NC,5.1711,5.4601,-0.289,0.501,SSG,SSG,correct,10.0,4.0
2026-07-25,20260725SSOB0,두산,삼성,4.8202,5.1238,-0.3036,0.4996,삼성,삼성,correct,1.0,4.0
2026-07-25,20260725WOHT0,KIA,키움,5.3167,4.6121,0.7046,0.5948,KIA,KIA,correct,9.0,5.0
2026-07-26,20260726KTLT0,롯데,KT,4.5652,4.9393,-0.3741,0.4928,KT,롯데,wrong,15.0,1.0
2026-07-26,20260726LGHH0,한화,LG,5.5944,5.4224,0.172,0.5449,한화,한화,correct,14.0,4.0
2026-07-26,20260726SSOB0,두산,삼성,4.7396,5.0496,-0.31,0.499,삼성,두산,wrong,7.0,0.0
2026-07-26,20260726WOHT0,KIA,키움,5.3549,4.6404,0.7146,0.5957,KIA,키움,wrong,3.0,8.0
2026-07-28,20260728HTSS0,삼성,KIA,5.1515,4.9501,0.2014,0.5477,삼성,삼성,correct,12.0,5.0
2026-07-28,20260728KTNC0,NC,KT,5.0843,5.0086,0.0757,0.5358,NC,KT,wrong,0.0,10.0
2026-07-28,20260728LTHH0,한화,롯데,5.4952,4.9813,0.514,0.5771,한화,롯데,wrong,3.0,9.0
2026-07-28,20260728OBSK0,SSG,두산,4.9365,4.9715,-0.035,0.5252,SSG,두산,wrong,1.0,2.0
2026-07-28,20260728WOLG0,LG,키움,5.5058,4.807,0.6988,0.5942,LG,LG,correct,5.0,3.0
2026-07-29,20260729HTSS0,삼성,KIA,5.2751,5.0208,0.2543,0.5527,삼성,KIA,wrong,4.0,9.0
2026-07-29,20260729KTNC0,NC,KT,4.9899,5.252,-0.262,0.5035,NC,KT,wrong,3.0,10.0
2026-07-29,20260729LTHH0,한화,롯데,5.5422,5.0858,0.4564,0.5717,한화,한화,correct,5.0,3.0
2026-07-29,20260729OBSK0,SSG,두산,4.8625,5.0426,-0.18,0.5114,SSG,SSG,correct,6.0,2.0
2026-07-29,20260729WOLG0,LG,키움,5.4692,4.8123,0.6569,0.5904,LG,키움,wrong,11.0,18.0
2026-07-30,20260730HTSS0,삼성,KIA,5.3528,5.0769,0.2759,0.5547,삼성,KIA,wrong,3.0,12.0
2026-07-30,20260730KTNC0,NC,KT,5.0445,5.3793,-0.3348,0.4966,KT,KT,correct,2.0,10.0
2026-07-30,20260730LTHH0,한화,롯데,5.4566,5.0218,0.4348,0.5697,한화,한화,correct,3.0,2.0
2026-07-30,20260730OBSK0,SSG,두산,4.9128,5.0915,-0.1786,0.5115,SSG,두산,wrong,3.0,5.0
2026-07-30,20260730WOLG0,LG,키움,5.586,5.0927,0.4932,0.5751,LG,LG,correct,5.0,3.0
2026-07-31,20260731HHKT0,KT,한화,5.2101,5.089,0.1211,0.5401,KT,KT,correct,5.0,3.0
2026-07-31,20260731HTNC0,NC,KIA,5.3724,5.7138,-0.3414,0.496,KIA,NC,wrong,10.0,4.0
2026-07-31,20260731LGOB0,두산,LG,5.1281,5.2955,-0.1674,0.5126,두산,두산,correct,4.0,2.0
2026-07-31,20260731SKWO0,키움,SSG,5.0329,5.0633,-0.0304,0.5256,키움,키움,correct,12.0,7.0
2026-07-31,20260731SSLT0,롯데,삼성,4.8884,5.3207,-0.4323,0.4873,삼성,삼성,correct,7.0,9.0
2026-08-01,20260801HHKT0,KT,한화,5.2339,5.0553,0.1787,0.5455,KT,KT,correct,7.0,4.0
2026-08-01,20260801SKWO0,키움,SSG,5.1287,5.1886,-0.0599,0.5228,키움,SSG,wrong,2.0,10.0
2026-08-02,20260802HHKT0,KT,한화,5.2397,5.0817,0.158,0.5436,KT,KT,correct,12.0,1.0
2026-08-02,20260802LGOB0,두산,LG,5.069,5.1748,-0.1058,0.5185,두산,두산,correct,8.0,3.0
2026-08-02,20260802SKWO0,키움,SSG,5.0219,5.223,-0.2011,0.5094,키움,키움,correct,5.0,3.0
2026-08-02,20260802SSLT0,롯데,삼성,4.7812,5.2128,-0.4316,0.4873,삼성,롯데,wrong,10.0,7.0
2026-08-04,20260804HHSS0,삼성,한화,5.6067,5.2247,0.382,0.5647,삼성,한화,wrong,1.0,4.0
2026-08-04,20260804LGSK0,SSG,LG,5.3383,5.3596,-0.0212,0.5265,SSG,SSG,correct,10.0,8.0
2026-08-04,20260804WOLT0,롯데,키움,5.1922,4.8485,0.3437,0.5611,롯데,롯데,correct,3.0,2.0
2026-08-11,20260811HHOB0,두산,한화,4.8976,4.6515,0.2461,0.5519,두산,두산,correct,6.0,3.0
2026-08-11,20260811KTNC0,NC,KT,4.7853,4.7591,0.0261,0.531,NC,KT,wrong,3.0,7.0
2026-08-11,20260811LGWO0,키움,LG,4.8404,5.3091,-0.4687,0.4838,LG,LG,correct,3.0,8.0
2026-08-11,20260811LTSK0,SSG,롯데,4.8093,4.7725,0.0367,0.532,SSG,SSG,correct,8.0,4.0
2026-08-11,20260811SSHT0,KIA,삼성,5.2936,4.6368,0.6569,0.5904,KIA,KIA,correct,3.0,1.0
2026-08-12,20260812HHOB0,두산,한화,5.0493,5.1435,-0.0942,0.5196,두산,한화,wrong,3.0,4.0
2026-08-12,20260812KTNC0,NC,KT,5.0804,5.4583,-0.3779,0.4925,KT,NC,wrong,3.0,0.0
2026-08-12,20260812LGWO0,키움,LG,5.1891,5.6524,-0.4632,0.4843,LG,키움,wrong,4.0,3.0
2026-08-12,20260812LTSK0,SSG,롯데,5.1739,5.123,0.051,0.5334,SSG,SSG,correct,9.0,1.0
2026-08-12,20260812SSHT0,KIA,삼성,5.2894,5.3966,-0.1072,0.5183,KIA,KIA,correct,7.0,2.0
2026-08-13,20260813HHOB0,두산,한화,4.8969,5.0252,-0.1282,0.5163,두산,두산,correct,9.0,6.0
2026-08-13,20260813KTNC0,NC,KT,4.9953,5.3064,-0.3112,0.4988,KT,NC,wrong,6.0,5.0
2026-08-13,20260813LGWO0,키움,LG,5.0962,5.617,-0.5208,0.4788,LG,LG,correct,6.0,13.0
2026-08-13,20260813LTSK0,SSG,롯데,5.2041,5.0743,0.1298,0.5409,SSG,롯데,wrong,0.0,11.0
2026-08-13,20260813SSHT0,KIA,삼성,5.1858,5.2845,-0.0987,0.5191,KIA,삼성,wrong,8.0,9.0
2026-08-14,20260814HHSS0,삼성,한화,5.446,5.3376,0.1084,0.5389,삼성,삼성,correct,8.0,5.0
2026-08-14,20260814NCLT0,롯데,NC,5.1623,5.1402,0.022,0.5306,롯데,NC,wrong,8.0,9.0
2026-08-14,20260814OBHT0,KIA,두산,4.9754,4.8661,0.1093,0.5389,KIA,두산,wrong,4.0,10.0
2026-08-14,20260814SKLG0,LG,SSG,5.5805,5.2687,0.3118,0.5581,LG,SSG,wrong,3.0,5.0
2026-08-14,20260814WOKT0,KT,키움,5.5334,4.7181,0.8154,0.6049,KT,KT,correct,8.0,3.0
2026-08-15,20260815HHSS0,삼성,한화,5.4467,5.3475,0.0992,0.538,삼성,삼성,correct,11.0,6.0
2026-08-15,20260815NCLT0,롯데,NC,5.2485,5.2276,0.0209,0.5305,롯데,롯데,correct,8.0,5.0
2026-08-15,20260815OBHT0,KIA,두산,5.0199,4.9733,0.0466,0.533,KIA,KIA,correct,6.0,1.0
2026-08-15,20260815SKLG0,LG,SSG,5.504,5.1567,0.3473,0.5615,LG,LG,correct,4.0,1.0
2026-08-15,20260815WOKT0,KT,키움,5.5252,4.6734,0.8518,0.6082,KT,키움,wrong,5.0,10.0
2026-08-16,20260816OBHT0,KIA,두산,5.0086,4.9475,0.0611,0.5344,KIA,KIA,correct,2.0,1.0
2026-08-16,20260816SKLG0,LG,SSG,5.4916,5.1219,0.3697,0.5636,LG,SSG,wrong,0.0,6.0
2026-08-16,20260816WOKT0,KT,키움,5.5213,4.7551,0.7663,0.6004,KT,KT,correct,6.0,2.0
2026-08-18,20260818HTHH0,한화,KIA,5.4197,5.0468,0.3728,0.5639,한화,KIA,wrong,3.0,4.0
2026-08-18,20260818KTLG0,LG,KT,4.8573,5.1365,-0.2792,0.5019,LG,LG,correct,9.0,1.0
2026-08-18,20260818OBNC0,NC,두산,5.044,4.925,0.119,0.5399,NC,두산,wrong,4.0,6.0
2026-08-18,20260818SKSS0,삼성,SSG,5.7579,4.906,0.8519,0.6083,삼성,SSG,wrong,4.0,5.0
2026-08-18,20260818WOLT0,롯데,키움,5.433,4.7665,0.6665,0.5912,롯데,롯데,correct,15.0,10.0
2026-08-19,20260819HTHH0,한화,KIA,5.3034,5.1843,0.1191,0.5399,한화,KIA,wrong,3.0,6.0
2026-08-19,20260819KTLG0,LG,KT,4.9457,5.1298,-0.1841,0.511,LG,LG,correct,1.0,0.0
2026-08-19,20260819OBNC0,NC,두산,4.9692,5.0151,-0.0459,0.5242,NC,두산,wrong,2.0,8.0
2026-08-19,20260819SKSS0,삼성,SSG,5.6049,4.9846,0.6203,0.587,삼성,삼성,correct,18.0,4.0
2026-08-19,20260819WOLT0,롯데,키움,5.5257,5.1045,0.4212,0.5684,롯데,롯데,correct,5.0,4.0
2026-08-20,20260820HTHH0,한화,KIA,5.3123,5.1462,0.1661,0.5443,한화,KIA,wrong,6.0,10.0
2026-08-20,20260820KTLG0,LG,KT,4.8747,5.0797,-0.205,0.509,LG,KT,wrong,4.0,16.0
2026-08-20,20260820OBNC0,NC,두산,4.9612,5.0446,-0.0835,0.5206,NC,NC,correct,5.0,4.0
2026-08-20,20260820SKSS0,삼성,SSG,5.7858,4.9858,0.8001,0.6035,삼성,SSG,wrong,4.0,6.0
2026-08-20,20260820WOLT0,롯데,키움,5.4502,5.0358,0.4143,0.5678,롯데,롯데,correct,7.0,1.0
2026-08-21,20260821HTWO0,키움,KIA,4.8803,5.3928,-0.5124,0.4796,KIA,KIA,correct,1.0,11.0
2026-08-21,20260821LGHH0,한화,LG,5.498,5.2352,0.2628,0.5535,한화,한화,correct,15.0,11.0
2026-08-21,20260821LTOB0,두산,롯데,5.0097,4.9069,0.1029,0.5383,두산,롯데,wrong,4.0,11.0
2026-08-21,20260821SSNC0,NC,삼성,5.0459,5.5289,-0.483,0.4824,삼성,NC,wrong,3.0,2.0
2026-08-22,20260822HTWO0,키움,KIA,4.8143,5.5303,-0.7159,0.4602,KIA,키움,wrong,3.0,1.0
2026-08-22,20260822SSNC0,NC,삼성,4.919,5.4202,-0.5012,0.4807,삼성,삼성,correct,6.0,8.0
2026-08-23,20260823HTWO0,키움,KIA,4.7442,5.4554,-0.7112,0.4607,KIA,키움,wrong,8.0,7.0
2026-08-23,20260823KTSK0,SSG,KT,4.8595,5.3953,-0.5358,0.4774,KT,KT,correct,1.0,3.0
2026-08-23,20260823LGHH0,한화,LG,5.5896,5.3114,0.2782,0.5549,한화,LG,wrong,3.0,12.0
2026-08-23,20260823LTOB0,두산,롯데,4.9755,4.8744,0.1011,0.5382,두산,두산,correct,3.0,1.0
2026-08-23,20260823SSNC0,NC,삼성,5.0138,5.4201,-0.4063,0.4898,삼성,삼성,correct,1.0,2.0
2026-08-25,20260825HHSK0,SSG,한화,5.2912,5.7476,-0.4565,0.485,한화,SSG,wrong,7.0,1.0
2026-08-25,20260825LTHT0,KIA,롯데,5.1649,4.8413,0.3236,0.5592,KIA,KIA,correct,8.0,5.0
2026-08-25,20260825NCLG0,LG,NC,5.3114,5.0131,0.2983,0.5568,LG,LG,correct,5.0,4.0
2026-08-25,20260825OBKT0,KT,두산,4.9882,4.6885,0.2997,0.557,KT,두산,wrong,1.0,3.0
2026-08-26,20260826HHSK0,SSG,한화,5.3579,5.7108,-0.3529,0.4948,한화,SSG,wrong,6.0,1.0
2026-08-26,20260826LTHT0,KIA,롯데,5.2222,4.8399,0.3822,0.5647,KIA,KIA,correct,16.0,11.0
2026-08-26,20260826NCLG0,LG,NC,5.41,5.1061,0.3039,0.5574,LG,LG,correct,8.0,0.0
2026-08-26,20260826OBKT0,KT,두산,5.0128,4.6831,0.3298,0.5598,KT,KT,correct,5.0,4.0
2026-08-26,20260826SSWO0,키움,삼성,4.7585,5.6072,-0.8488,0.4477,삼성,삼성,correct,2.0,12.0
2026-08-27,20260827HHSK0,SSG,한화,5.3732,5.604,-0.2308,0.5065,SSG,SSG,correct,13.0,6.0
2026-08-27,20260827NCLG0,LG,NC,5.3743,4.9775,0.3969,0.5661,LG,NC,wrong,3.0,13.0
2026-08-27,20260827OBKT0,KT,두산,4.9219,4.7068,0.2151,0.549,KT,KT,correct,5.0,4.0
2026-08-27,20260827SSWO0,키움,삼성,4.8794,5.7932,-0.9138,0.4415,삼성,삼성,correct,2.0,15.0
2026-08-29,20260829KTSS0,삼성,KT,5.1014,4.844,0.2574,0.553,삼성,삼성,correct,4.0,2.0
2026-08-29,20260829LGLT0,롯데,LG,5.2513,5.1668,0.0845,0.5366,롯데,LG,wrong,3.0,8.0
2026-08-29,20260829NCHH0,한화,NC,5.5632,5.458,0.1052,0.5386,한화,NC,wrong,4.0,11.0
2026-08-29,20260829SKHT0,KIA,SSG,5.3939,4.6952,0.6988,0.5942,KIA,KIA,correct,2.0,1.0
2026-08-29,20260829WOOB0,두산,키움,5.3833,4.7516,0.6317,0.588,두산,두산,correct,7.0,2.0
2026-08-30,20260830NCHH0,한화,NC,5.619,5.5998,0.0192,0.5304,한화,NC,wrong,7.0,10.0
2026-08-30,20260830WOOB0,두산,키움,5.3802,4.7125,0.6677,0.5914,두산,두산,correct,15.0,1.0
2026-09-01,20260901HHKT0,KT,한화,5.5854,5.2298,0.3557,0.5622,KT,KT,correct,6.0,1.0
2026-09-01,20260901HTNC0,NC,KIA,4.8938,5.2201,-0.3263,0.4974,KIA,NC,wrong,7.0,2.0
2026-09-01,20260901LGOB0,두산,LG,4.8724,4.9251,-0.0527,0.5235,두산,LG,wrong,1.0,3.0
2026-09-01,20260901LTSS0,삼성,롯데,5.4336,4.8952,0.5384,0.5794,삼성,삼성,correct,3.0,0.0
2026-09-01,20260901SKWO0,키움,SSG,4.9319,5.6123,-0.6804,0.4636,SSG,SSG,correct,0.0,4.0
2026-09-02,20260902HHKT0,KT,한화,5.5151,5.2612,0.2538,0.5526,KT,KT,correct,9.0,6.0
2026-09-02,20260902HTNC0,NC,KIA,5.0426,5.1546,-0.112,0.5179,NC,NC,correct,3.0,2.0
2026-09-02,20260902LGOB0,두산,LG,5.0321,4.821,0.2111,0.5486,두산,LG,wrong,1.0,5.0
2026-09-02,20260902LTSS0,삼성,롯데,5.3716,4.8605,0.5111,0.5768,삼성,삼성,correct,8.0,5.0
2026-09-02,20260902SKWO0,키움,SSG,4.968,5.4041,-0.4361,0.4869,SSG,SSG,correct,6.0,9.0
2026-09-03,20260903HHKT0,KT,한화,5.5844,5.3196,0.2649,0.5537,KT,KT,correct,13.0,11.0
2026-09-03,20260903LGOB0,두산,LG,4.9741,4.8304,0.1437,0.5422,두산,LG,wrong,0.0,1.0
2026-09-03,20260903LTSS0,삼성,롯데,5.35,4.836,0.514,0.5771,삼성,롯데,wrong,2.0,3.0
2026-09-03,20260903SKWO0,키움,SSG,5.0555,5.4709,-0.4153,0.4889,SSG,키움,wrong,3.0,2.0
2026-09-04,20260904HHLT0,롯데,한화,5.5765,5.7445,-0.168,0.5125,롯데,한화,wrong,4.0,14.0
2026-09-04,20260904KTHT0,KIA,KT,5.0432,4.9634,0.0798,0.5361,KIA,KIA,correct,4.0,3.0
2026-09-04,20260904NCWO0,키움,NC,4.681,5.6032,-0.9221,0.4407,NC,NC,correct,1.0,6.0
2026-09-04,20260904OBSK0,SSG,두산,4.7237,4.8222,-0.0985,0.5192,SSG,SSG,correct,4.0,0.0
2026-09-04,20260904SSLG0,LG,삼성,4.7653,5.1799,-0.4145,0.489,삼성,LG,wrong,4.0,3.0
2026-09-05,20260905HHLT0,롯데,한화,5.5318,5.9098,-0.378,0.4925,한화,한화,correct,6.0,11.0
2026-09-05,20260905KTHT0,KIA,KT,4.9608,5.1465,-0.1857,0.5108,KIA,KIA,correct,6.0,3.0
2026-09-05,20260905NCWO0,키움,NC,4.8365,5.4226,-0.586,0.4726,NC,NC,correct,1.0,2.0
2026-09-05,20260905OBSK0,SSG,두산,4.5819,4.6775,-0.0956,0.5194,SSG,SSG,correct,3.0,2.0
2026-09-05,20260905SSLG0,LG,삼성,4.6925,5.0762,-0.3838,0.4919,삼성,삼성,correct,3.0,4.0
2026-09-06,20260906HHLT0,롯데,한화,5.5679,5.9978,-0.4298,0.4875,한화,한화,correct,2.0,8.0
2026-09-06,20260906KTHT0,KIA,KT,4.9114,5.0999,-0.1885,0.5106,KIA,KIA,correct,8.0,3.0
2026-09-06,20260906NCWO0,키움,NC,4.7411,5.3222,-0.5811,0.4731,NC,키움,wrong,4.0,2.0
2026-09-06,20260906OBSK0,SSG,두산,4.5903,4.6929,-0.1026,0.5188,SSG,두산,wrong,9.0,16.0
2026-09-06,20260906SSLG0,LG,삼성,4.6273,4.9409,-0.3136,0.4986,삼성,삼성,correct,4.0,10.0
