date,game_key,home_team,away_team,home_expected_runs,away_expected_runs,home_actual_runs,away_actual_runs,expected_total_runs,actual_total_runs,expected_run_diff,actual_run_diff,home_win_probability,predicted_winner,actual_winner,prediction_result,actual_total_bucket,home_abs_error,away_abs_error,total_abs_error,run_diff_abs_error,error_tags
2024-08-01,20240801HHKT0,KT,한화,5.260614583895473,5.360410995011704,8.0,14.0,10.621025578907176,22.0,-0.09979641111623128,-6.0,0.5190318200643785,KT,한화,wrong,HIGH_12_PLUS,2.7393854161045272,8.639589004988295,11.378974421092824,5.900203588883769,HIGH_SCORING_MISS|BLOWOUT_UNDERPREDICTED
2024-08-01,20240801LTSK0,SSG,롯데,5.552820754168334,5.577622540943017,2.0,4.0,11.130443295111352,6.0,-0.0248017867746837,-2.0,0.5261844670111826,SSG,롯데,wrong,LOW_0_6,3.5528207541683337,1.5776225409430173,5.130443295111352,1.9751982132253163,LOW_SCORING_MISS
2024-08-01,20240801NCWO0,키움,NC,4.931074792320489,5.234733197748768,14.0,9.0,10.165807990069258,23.0,-0.30365840542827893,5.0,0.49955741817870575,NC,키움,wrong,HIGH_12_PLUS,9.068925207679511,3.765266802251232,12.834192009930742,5.303658405428279,HIGH_SCORING_MISS|RUN_DIFF_DIRECTION_MISS|BLOWOUT_UNDERPREDICTED
2024-08-01,20240801OBHT0,KIA,두산,5.6863463697850145,5.679068591957301,0.0,1.0,11.365414961742315,1.0,0.00727777782771355,-1.0,0.5292409632235987,KIA,두산,wrong,LOW_0_6,5.6863463697850145,4.679068591957301,10.365414961742315,1.0072777778277135,LOW_SCORING_MISS|RUN_DIFF_DIRECTION_MISS|CLOSE_GAME_NOISE
2024-08-01,20240801SSLG0,LG,삼성,5.346592658116065,5.200075473631987,0.0,7.0,10.546668131748053,7.0,0.14651718448407802,-7.0,0.5424791779171708,LG,삼성,wrong,MID_7_11,5.346592658116065,1.799924526368013,3.546668131748053,7.146517184484078,RUN_DIFF_DIRECTION_MISS|BLOWOUT_UNDERPREDICTED
2024-08-02,20240802HTHH0,한화,KIA,5.556768059977388,5.653627231618362,10.0,3.0,11.21039529159575,13.0,-0.09685917164097368,7.0,0.5193121266598814,한화,한화,correct,HIGH_12_PLUS,4.443231940022612,2.653627231618362,1.7896047084042497,7.096859171640974,RUN_DIFF_DIRECTION_MISS|BLOWOUT_UNDERPREDICTED
2024-08-02,20240802KTNC0,NC,KT,5.486628230322406,5.346143130171316,7.0,9.0,10.832771360493723,16.0,0.14048510015109006,-2.0,0.5419067818360639,NC,KT,wrong,HIGH_12_PLUS,1.513371769677594,3.653856869828684,5.167228639506277,2.14048510015109,HIGH_SCORING_MISS|RUN_DIFF_DIRECTION_MISS
2024-08-02,20240802SKSS0,삼성,SSG,5.108817524923035,5.0287723773192194,4.0,3.0,10.137589902242254,7.0,0.08004514760381554,1.0,0.53616565813466,삼성,삼성,correct,MID_7_11,1.108817524923035,2.0287723773192194,3.1375899022422544,0.9199548523961845,NORMAL
2024-08-02,20240802WOOB0,두산,키움,5.41392116210187,4.893793609254749,4.0,6.0,10.307714771356618,10.0,0.5201275528471205,-2.0,0.5776551297495907,두산,키움,wrong,MID_7_11,1.41392116210187,1.1062063907452506,0.3077147713566184,2.5201275528471205,RUN_DIFF_DIRECTION_MISS
2024-08-03,20240803HTHH0,한화,KIA,5.633204600435487,5.613083544544708,3.0,7.0,11.246288144980195,10.0,0.020121055890779616,-4.0,0.5304640513245568,한화,KIA,wrong,MID_7_11,2.633204600435487,1.3869164554552924,1.2462881449801948,4.02012105589078,RUN_DIFF_DIRECTION_MISS
2024-08-03,20240803LGLT0,롯데,LG,5.447209269623117,5.514144717574251,8.0,3.0,10.961353987197366,11.0,-0.06693544795113393,5.0,0.5221670835479769,롯데,롯데,correct,MID_7_11,2.5527907303768833,2.5141447175742506,0.03864601280263358,5.066935447951134,RUN_DIFF_DIRECTION_MISS|BLOWOUT_UNDERPREDICTED
2024-08-03,20240803SKSS0,삼성,SSG,5.011897063425359,4.909301152980804,12.0,4.0,9.921198216406163,16.0,0.1025959104445544,8.0,0.5383089337194314,삼성,삼성,correct,HIGH_12_PLUS,6.988102936574641,0.9093011529808042,6.078801783593837,7.897404089555446,BLOWOUT_UNDERPREDICTED
2024-08-03,20240803WOOB0,두산,키움,5.383121746322227,4.902311929441617,5.0,15.0,10.285433675763844,20.0,0.4808098168806101,-10.0,0.5739838595925943,두산,키움,wrong,HIGH_12_PLUS,0.3831217463222272,10.097688070558384,9.714566324236156,10.48080981688061,HIGH_SCORING_MISS|RUN_DIFF_DIRECTION_MISS|BLOWOUT_UNDERPREDICTED
2024-08-04,20240804KTNC0,NC,KT,5.566719269374936,5.421277399298331,15.0,5.0,10.987996668673267,20.0,0.14544187007660447,10.0,0.5423771474353283,NC,NC,correct,HIGH_12_PLUS,9.433280730625064,0.4212773992983312,9.012003331326733,9.854558129923396,BLOWOUT_UNDERPREDICTED
2024-08-04,20240804SKSS0,삼성,SSG,5.10623403145336,4.916942434527243,8.0,3.0,10.023176465980603,11.0,0.1892915969261164,5.0,0.5465348208180411,삼성,삼성,correct,MID_7_11,2.8937659685466404,1.9169424345272432,0.9768235340193971,4.810708403073884,BLOWOUT_UNDERPREDICTED
2024-08-06,20240806HHSS0,삼성,한화,4.997838329663875,5.096832422691223,5.0,8.0,10.094670752355098,13.0,-0.09899409302734874,-3.0,0.5191083880694866,삼성,한화,wrong,HIGH_12_PLUS,0.002161670336125354,2.9031675773087766,2.905329247644902,2.9010059069726513,HIGH_SCORING_MISS
2024-08-06,20240806KTHT0,KIA,KT,5.929581885995402,5.457883022110484,2.0,0.0,11.387464908105887,2.0,0.4716988638849182,2.0,0.5731319490644342,KIA,KIA,correct,LOW_0_6,3.929581885995402,5.457883022110484,9.387464908105887,1.5283011361150818,NORMAL
2024-08-06,20240806LGOB0,두산,LG,5.292538036961653,5.168025712611415,7.0,6.0,10.460563749573069,13.0,0.12451232435023751,1.0,0.5403905640059055,두산,두산,correct,HIGH_12_PLUS,1.7074619630383472,0.8319742873885847,2.539436250426931,0.8754876756497625,NORMAL
2024-08-06,20240806NCLT0,롯데,NC,5.477599604249168,5.355683170876173,6.0,5.0,10.83328277512534,11.0,0.12191643337299496,1.0,0.540144077315904,롯데,롯데,correct,MID_7_11,0.5224003957508323,0.35568317087617274,0.16671722487465956,0.878083566627005,NORMAL
2024-08-06,20240806SKWO0,키움,SSG,5.312633823964491,5.050362695040834,2.0,6.0,10.362996519005325,8.0,0.26227112892365767,-4.0,0.5534398291264035,키움,SSG,wrong,MID_7_11,3.3126338239644912,0.9496373049591664,2.362996519005325,4.262271128923658,RUN_DIFF_DIRECTION_MISS
2024-08-07,20240807HHSS0,삼성,한화,5.167128362097371,5.091843110424539,10.0,6.0,10.25897147252191,16.0,0.07528525167283195,4.0,0.5357130933355605,삼성,삼성,correct,HIGH_12_PLUS,4.832871637902629,0.9081568895754613,5.74102852747809,3.924714748327168,NORMAL
2024-08-07,20240807KTHT0,KIA,KT,5.818069805478665,5.571383817437746,2.0,13.0,11.38945362291641,15.0,0.24668598804091868,-11.0,0.5519668686242122,KIA,KT,wrong,HIGH_12_PLUS,3.8180698054786646,7.428616182562254,3.6105463770835904,11.24668598804092,HIGH_SCORING_MISS|RUN_DIFF_DIRECTION_MISS|BLOWOUT_UNDERPREDICTED
2024-08-07,20240807LGOB0,두산,LG,5.411508453850632,5.2651633510984075,8.0,4.0,10.67667180494904,12.0,0.14634510275222468,4.0,0.5424628502974512,두산,두산,correct,HIGH_12_PLUS,2.588491546149368,1.2651633510984075,1.3233281950509603,3.8536548972477753,NORMAL
2024-08-07,20240807NCLT0,롯데,NC,5.4050115860867995,5.534122913798974,14.0,7.0,10.939134499885775,21.0,-0.1291113277121747,7.0,0.5162336117525809,롯데,롯데,correct,HIGH_12_PLUS,8.5949884139132,1.4658770862010257,10.060865500114225,7.129111327712175,RUN_DIFF_DIRECTION_MISS|BLOWOUT_UNDERPREDICTED
2024-08-07,20240807SKWO0,키움,SSG,5.245082368050971,5.205139004591023,2.0,6.0,10.450221372641995,8.0,0.03994336345994842,-4.0,0.5323510415499599,키움,SSG,wrong,MID_7_11,3.245082368050971,0.7948609954089774,2.4502213726419946,4.039943363459948,RUN_DIFF_DIRECTION_MISS
2024-08-08,20240808HHSS0,삼성,한화,5.293184455252097,5.146744306443304,4.0,6.0,10.4399287616954,10.0,0.14644014880879297,-2.0,0.5424718685575062,삼성,한화,wrong,MID_7_11,1.2931844552520966,0.8532556935566964,0.4399287616954002,2.146440148808793,RUN_DIFF_DIRECTION_MISS
2024-08-08,20240808KTHT0,KIA,KT,5.7674002857394795,5.6514571326617995,0.0,1.0,11.418857418401279,1.0,0.11594315307768,-1.0,0.5395768242131301,KIA,KT,wrong,LOW_0_6,5.7674002857394795,4.6514571326617995,10.418857418401279,1.11594315307768,LOW_SCORING_MISS|RUN_DIFF_DIRECTION_MISS|CLOSE_GAME_NOISE
2024-08-08,20240808LGOB0,두산,LG,5.413642657495784,5.393176500335534,3.0,10.0,10.806819157831319,13.0,0.02046615716025002,-7.0,0.5304969109474482,두산,LG,wrong,HIGH_12_PLUS,2.4136426574957843,4.606823499664466,2.1931808421686814,7.02046615716025,HIGH_SCORING_MISS|RUN_DIFF_DIRECTION_MISS|BLOWOUT_UNDERPREDICTED
2024-08-08,20240808SKWO0,키움,SSG,5.217794148752625,5.221131462703023,3.0,0.0,10.438925611455648,3.0,-0.0033373139503982685,3.0,0.5282298034847034,키움,키움,correct,LOW_0_6,2.217794148752625,5.221131462703023,7.438925611455648,3.0033373139503983,RUN_DIFF_DIRECTION_MISS
2024-08-09,20240809LTKT0,KT,롯데,5.3072753870801535,5.80315359236808,10.0,6.0,11.110428979448233,16.0,-0.4958782052879265,4.0,0.48119536403655133,롯데,KT,wrong,HIGH_12_PLUS,4.6927246129198465,0.19684640763192007,4.889571020551767,4.4958782052879265,HIGH_SCORING_MISS|RUN_DIFF_DIRECTION_MISS
2024-08-09,20240809NCLG0,LG,NC,5.402695309954664,5.7236508009013685,10.0,9.0,11.126346110856034,19.0,-0.3209554909467043,1.0,0.4979043045528244,NC,LG,wrong,HIGH_12_PLUS,4.597304690045336,3.2763491990986315,7.8736538891439665,1.3209554909467043,HIGH_SCORING_MISS|RUN_DIFF_DIRECTION_MISS|CLOSE_GAME_NOISE
2024-08-09,20240809OBSK0,SSG,두산,5.307991587987544,5.492378561519755,11.0,13.0,10.800370149507298,24.0,-0.18438697353221034,-2.0,0.5109547341654466,SSG,두산,wrong,HIGH_12_PLUS,5.692008412012456,7.507621438480245,13.199629850492702,1.8156130264677897,HIGH_SCORING_MISS
2024-08-09,20240809SSHT0,KIA,삼성,5.28121902429175,5.386841625137394,9.0,8.0,10.668060649429144,17.0,-0.10562260084564379,1.0,0.5184757799287901,KIA,KIA,correct,HIGH_12_PLUS,3.71878097570825,2.613158374862606,6.331939350570856,1.1056226008456438,RUN_DIFF_DIRECTION_MISS
2024-08-09,20240809WOHH0,한화,키움,5.422222458128787,5.135184770907616,7.0,5.0,10.557407229036404,12.0,0.2870376872211713,2.0,0.555778591435214,한화,한화,correct,HIGH_12_PLUS,1.577777541871213,0.13518477090761571,1.4425927709635964,1.7129623127788287,NORMAL
2024-08-10,20240810LTKT0,KT,롯데,5.621076930869054,5.714098789588782,0.0,2.0,11.335175720457837,2.0,-0.09302185871972757,-2.0,0.5196783107091534,KT,롯데,wrong,LOW_0_6,5.621076930869054,3.714098789588782,9.335175720457837,1.9069781412802724,LOW_SCORING_MISS
2024-08-10,20240810NCLG0,LG,NC,5.7497404516739685,5.6757658585592,9.0,3.0,11.425506310233168,12.0,0.07397459311476862,6.0,0.5355884672410864,LG,LG,correct,HIGH_12_PLUS,3.2502595483260315,2.6757658585592,0.5744936897668325,5.926025406885231,BLOWOUT_UNDERPREDICTED
2024-08-10,20240810OBSK0,SSG,두산,5.521569829234272,5.732222193015744,6.0,10.0,11.253792022250016,16.0,-0.21065236378147212,-4.0,0.5084454350894783,SSG,두산,wrong,HIGH_12_PLUS,0.47843017076572814,4.267777806984256,4.746207977749984,3.789347636218528,HIGH_SCORING_MISS
2024-08-10,20240810WOHH0,한화,키움,5.473878863706136,5.24955568640867,1.0,3.0,10.723434550114806,4.0,0.22432317729746565,-2.0,0.5498517592624986,한화,키움,wrong,LOW_0_6,4.473878863706136,2.2495556864086703,6.723434550114806,2.2243231772974656,LOW_SCORING_MISS|RUN_DIFF_DIRECTION_MISS
2024-08-11,20240811LTKT0,KT,롯데,5.399361643837123,5.616130044962703,7.0,9.0,11.015491688799827,16.0,-0.21676840112557993,-2.0,0.5078610655761595,KT,롯데,wrong,HIGH_12_PLUS,1.600638356162877,3.383869955037297,4.984508311200173,1.78323159887442,HIGH_SCORING_MISS
2024-08-11,20240811NCLG0,LG,NC,5.77411298235763,5.606655276985025,4.0,3.0,11.380768259342656,7.0,0.16745770537260452,1.0,0.5444653844025236,LG,LG,correct,MID_7_11,1.7741129823576296,2.606655276985025,4.380768259342656,0.8325422946273955,NORMAL
2024-08-11,20240811OBSK0,SSG,두산,5.5926627730403,5.765409609604132,11.0,9.0,11.358072382644432,20.0,-0.1727468365638316,2.0,0.51206662115451,SSG,SSG,correct,HIGH_12_PLUS,5.4073372269597,3.2345903903958684,8.641927617355568,2.1727468365638316,RUN_DIFF_DIRECTION_MISS
2024-08-11,20240811SSHT0,KIA,삼성,5.356507324450472,5.456118326542377,4.0,5.0,10.81262565099285,9.0,-0.09961100209190477,-1.0,0.51904951437184,KIA,삼성,wrong,MID_7_11,1.3565073244504724,0.45611832654237716,1.8126256509928496,0.9003889979080952,CLOSE_GAME_NOISE
2024-08-11,20240811WOHH0,한화,키움,5.422391742734658,5.179018609724562,3.0,7.0,10.601410352459219,10.0,0.24337313301009633,-4.0,0.5516536503758358,한화,키움,wrong,MID_7_11,2.422391742734658,1.8209813902754384,0.6014103524592187,4.243373133010096,RUN_DIFF_DIRECTION_MISS
2024-08-13,20240813HTWO0,키움,KIA,5.2711941235558255,5.523962466307874,0.0,2.0,10.7951565898637,2.0,-0.2527683427520486,-2.0,0.504420993587006,키움,KIA,wrong,LOW_0_6,5.2711941235558255,3.523962466307874,8.7951565898637,1.7472316572479514,LOW_SCORING_MISS
2024-08-13,20240813KTSS0,삼성,KT,5.5733019367670655,5.249780006021884,7.0,2.0,10.82308194278895,9.0,0.32352193074518176,5.0,0.5592193549834382,삼성,삼성,correct,MID_7_11,1.4266980632329345,3.2497800060218838,1.8230819427889493,4.676478069254818,BLOWOUT_UNDERPREDICTED
2024-08-13,20240813LGHH0,한화,LG,5.29795807184235,5.4694588693181085,2.0,3.0,10.767416941160459,5.0,-0.1715007974757583,-1.0,0.5121856381865397,한화,LG,wrong,LOW_0_6,3.2979580718423502,2.4694588693181085,5.767416941160459,0.8284992025242417,LOW_SCORING_MISS|CLOSE_GAME_NOISE
2024-08-13,20240813SKNC0,NC,SSG,5.690160032293836,5.638945167608172,0.0,2.0,11.329105199902008,2.0,0.051214864685663386,-2.0,0.5334236262356061,NC,SSG,wrong,LOW_0_6,5.690160032293836,3.6389451676081723,9.329105199902008,2.0512148646856634,LOW_SCORING_MISS|RUN_DIFF_DIRECTION_MISS
2024-08-14,20240814HTWO0,키움,KIA,5.09107055156339,5.421533429893044,2.0,1.0,10.512603981456433,3.0,-0.33046287832965415,1.0,0.49699568361392454,KIA,키움,wrong,LOW_0_6,3.09107055156339,4.421533429893044,7.512603981456433,1.3304628783296542,LOW_SCORING_MISS|RUN_DIFF_DIRECTION_MISS|CLOSE_GAME_NOISE
2024-08-14,20240814KTSS0,삼성,KT,5.486464370779943,5.130205677736229,3.0,1.0,10.616670048516173,4.0,0.3562586930437144,2.0,0.5623018755385655,삼성,삼성,correct,LOW_0_6,2.4864643707799434,4.130205677736229,6.616670048516173,1.6437413069562856,NORMAL
2024-08-14,20240814LGHH0,한화,LG,5.195307565967542,5.3250402318355,9.0,5.0,10.52034779780304,14.0,-0.12973266586795784,4.0,0.5161742912771422,한화,한화,correct,HIGH_12_PLUS,3.804692434032458,0.3250402318354997,3.4796522021969594,4.129732665867958,RUN_DIFF_DIRECTION_MISS
2024-08-14,20240814LTOB0,두산,롯데,5.724757393665226,5.477532138475016,2.0,12.0,11.202289532140242,14.0,0.24722525519020966,-10.0,0.5520178504529557,두산,롯데,wrong,HIGH_12_PLUS,3.724757393665226,6.522467861524984,2.7977104678597584,10.247225255190209,HIGH_SCORING_MISS|RUN_DIFF_DIRECTION_MISS|BLOWOUT_UNDERPREDICTED
2024-08-15,20240815HTWO0,키움,KIA,4.755989407097703,5.057380157560422,1.0,12.0,9.813369564658124,13.0,-0.3013907504627191,-11.0,0.4997741435427596,KIA,KIA,correct,HIGH_12_PLUS,3.7559894070977027,6.942619842439578,3.1866304353418755,10.69860924953728,BLOWOUT_UNDERPREDICTED
2024-08-15,20240815KTSS0,삼성,KT,5.2893920662088005,5.095507862223126,3.0,5.0,10.384899928431928,8.0,0.1938842039856743,-2.0,0.5469699101504653,삼성,KT,wrong,MID_7_11,2.2893920662088005,0.09550786222312624,2.3848999284319277,2.1938842039856743,RUN_DIFF_DIRECTION_MISS
2024-08-15,20240815LGHH0,한화,LG,5.255553334969354,5.281340136494882,3.0,17.0,10.536893471464236,20.0,-0.025786801525527814,-14.0,0.5260905839402834,한화,LG,wrong,HIGH_12_PLUS,2.2555533349693544,11.718659863505117,9.463106528535764,13.974213198474473,HIGH_SCORING_MISS|BLOWOUT_UNDERPREDICTED
2024-08-15,20240815LTOB0,두산,롯데,5.673092454649891,5.5837992886017815,4.0,3.0,11.256891743251671,7.0,0.08929316604810911,1.0,0.5370447769215055,두산,두산,correct,MID_7_11,1.6730924546498906,2.5837992886017815,4.256891743251671,0.9107068339518909,NORMAL
2024-08-15,20240815SKNC0,NC,SSG,5.5589822866734275,5.524990052480009,5.0,10.0,11.083972339153437,15.0,0.0339922341934189,-5.0,0.5317846168288314,NC,SSG,wrong,HIGH_12_PLUS,0.5589822866734275,4.475009947519991,3.916027660846563,5.033992234193419,HIGH_SCORING_MISS|RUN_DIFF_DIRECTION_MISS|BLOWOUT_UNDERPREDICTED
2024-08-16,20240816HHSK0,SSG,한화,5.551940834140449,5.451468728902809,1.0,2.0,11.00340956304326,3.0,0.10047210523763983,-1.0,0.5381071416091581,SSG,한화,wrong,LOW_0_6,4.551940834140449,3.4514687289028094,8.00340956304326,1.1004721052376398,LOW_SCORING_MISS|RUN_DIFF_DIRECTION_MISS|CLOSE_GAME_NOISE
2024-08-16,20240816HTLG0,LG,KIA,5.1834254115222596,5.189789912288489,2.0,3.0,10.373215323810749,5.0,-0.0063645007662298525,-1.0,0.5279414005179015,LG,KIA,wrong,LOW_0_6,3.1834254115222596,2.1897899122884894,5.373215323810749,0.9936354992337701,LOW_SCORING_MISS|CLOSE_GAME_NOISE
2024-08-16,20240816OBKT0,KT,두산,5.437274595628299,5.569340259242915,0.0,5.0,11.006614854871213,5.0,-0.13206566361461558,-5.0,0.5159515509643671,KT,두산,wrong,LOW_0_6,5.437274595628299,0.5693402592429146,6.006614854871213,4.867934336385384,LOW_SCORING_MISS|BLOWOUT_UNDERPREDICTED
2024-08-16,20240816SSNC0,NC,삼성,5.437119573358426,5.515720824480585,3.0,7.0,10.952840397839012,10.0,-0.07860125112215943,-4.0,0.5210542367675285,NC,삼성,wrong,MID_7_11,2.4371195733584257,1.484279175519415,0.9528403978390116,3.9213987488778406,NORMAL
2024-08-16,20240816WOLT0,롯데,키움,5.360558494952795,4.947107555819874,4.0,0.0,10.307666050772669,4.0,0.41345093913292175,4.0,0.5676754821747602,롯데,롯데,correct,LOW_0_6,1.3605584949527953,4.947107555819874,6.307666050772669,3.5865490608670783,NORMAL
2024-08-17,20240817HHSK0,SSG,한화,5.335838560779519,5.32715391046402,5.0,8.0,10.662992471243538,13.0,0.00868465031549892,-3.0,0.5293749595744086,SSG,한화,wrong,HIGH_12_PLUS,0.3358385607795187,2.6728460895359802,2.3370075287564624,3.008684650315499,HIGH_SCORING_MISS|RUN_DIFF_DIRECTION_MISS
2024-08-17,20240817HTLG0,LG,KIA,5.114773346615781,5.104204483136047,4.0,14.0,10.218977829751829,18.0,0.01056886347973407,-10.0,0.5295544131884524,LG,KIA,wrong,HIGH_12_PLUS,1.114773346615781,8.895795516863952,7.781022170248171,10.010568863479733,HIGH_SCORING_MISS|RUN_DIFF_DIRECTION_MISS|BLOWOUT_UNDERPREDICTED
2024-08-17,20240817OBKT0,KT,두산,5.33573999280291,5.368152373858232,2.0,3.0,10.703892366661142,5.0,-0.032412381055321404,-1.0,0.5254590435009552,KT,두산,wrong,LOW_0_6,3.3357399928029103,2.3681523738582317,5.703892366661142,0.9675876189446786,LOW_SCORING_MISS|CLOSE_GAME_NOISE
2024-08-17,20240817SSNC0,NC,삼성,5.356180041699278,5.415655032629238,4.0,5.0,10.771835074328516,9.0,-0.059474990929960114,-1.0,0.5228786511976595,NC,삼성,wrong,MID_7_11,1.356180041699278,0.4156550326292381,1.771835074328516,0.9405250090700399,CLOSE_GAME_NOISE
2024-08-17,20240817WOLT0,롯데,키움,5.131697344419544,4.801585755893975,7.0,8.0,9.93328310031352,15.0,0.3301115885255692,-1.0,0.5598402176062436,롯데,키움,wrong,HIGH_12_PLUS,1.8683026555804556,3.198414244106025,5.0667168996864795,1.3301115885255692,HIGH_SCORING_MISS|RUN_DIFF_DIRECTION_MISS|CLOSE_GAME_NOISE
2024-08-18,20240818HHSK0,SSG,한화,5.334438815678208,5.322207790211661,1.0,7.0,10.656646605889868,8.0,0.012231025466546974,-6.0,0.5297127121711902,SSG,한화,wrong,MID_7_11,4.334438815678208,1.6777922097883389,2.6566466058898683,6.012231025466547,RUN_DIFF_DIRECTION_MISS|BLOWOUT_UNDERPREDICTED
2024-08-18,20240818HTLG0,LG,KIA,5.168570943056142,5.252603000563639,0.0,4.0,10.421173943619781,4.0,-0.0840320575074962,-4.0,0.5205360988521222,LG,KIA,wrong,LOW_0_6,5.168570943056142,1.2526030005636386,6.421173943619781,3.915967942492504,LOW_SCORING_MISS
2024-08-18,20240818OBKT0,KT,두산,5.236611624413861,5.322788849331783,5.0,4.0,10.559400473745644,9.0,-0.08617722491792179,1.0,0.5203314222465271,KT,KT,correct,MID_7_11,0.23661162441386097,1.3227888493317828,1.5594004737456437,1.0861772249179218,RUN_DIFF_DIRECTION_MISS
2024-08-18,20240818SSNC0,NC,삼성,5.323611926368139,5.364845542331424,3.0,5.0,10.688457468699564,8.0,-0.0412336159632849,-2.0,0.5246180903659198,NC,삼성,wrong,MID_7_11,2.323611926368139,0.3648455423314241,2.688457468699564,1.958766384036715,NORMAL
2024-08-18,20240818WOLT0,롯데,키움,5.2154185125598795,4.893721762804605,5.0,4.0,10.109140275364485,9.0,0.32169674975527496,1.0,0.5590473577216282,롯데,롯데,correct,MID_7_11,0.21541851255987954,0.8937217628046046,1.109140275364485,0.678303250244725,NORMAL
2024-08-20,20240820NCHH0,한화,NC,5.379980522048784,5.278625108746804,3.0,2.0,10.658605630795588,5.0,0.10135541330198006,1.0,0.5381910701290404,한화,한화,correct,LOW_0_6,2.3799805220487844,3.2786251087468044,5.658605630795588,0.8986445866980199,NORMAL
2024-08-20,20240820OBSS0,삼성,두산,5.252689881593353,5.134293005703736,3.0,0.0,10.386982887297089,3.0,0.11839687588961745,3.0,0.5398098547135763,삼성,삼성,correct,LOW_0_6,2.252689881593353,5.134293005703736,7.386982887297089,2.8816031241103826,NORMAL
2024-08-20,20240820SKLG0,LG,SSG,5.435603020988018,5.1106751812107465,4.0,3.0,10.546278202198764,7.0,0.32492783977727147,1.0,0.5593518321577737,LG,LG,correct,MID_7_11,1.435603020988018,2.1106751812107465,3.5462782021987636,0.6750721602227285,NORMAL
2024-08-20,20240820WOKT0,KT,키움,4.95194828561449,4.890286044725801,2.0,3.0,9.842234330340291,5.0,0.06166224088868866,-1.0,0.5344175123761932,KT,키움,wrong,LOW_0_6,2.95194828561449,1.8902860447258014,4.8422343303402915,1.0616622408886887,LOW_SCORING_MISS|RUN_DIFF_DIRECTION_MISS|CLOSE_GAME_NOISE
2024-08-21,20240821LTHT0,KIA,롯데,5.1057631712775695,4.861915568134406,6.0,5.0,9.967678739411976,11.0,0.24384760314316356,1.0,0.5516985123005278,KIA,KIA,correct,MID_7_11,0.8942368287224305,0.13808443186559405,1.0323212605880236,0.7561523968568364,NORMAL
2024-08-21,20240821NCHH0,한화,NC,5.3456144997571124,5.280520562596644,2.0,8.0,10.626135062353757,10.0,0.06509393716046841,-6.0,0.5347439193636474,한화,NC,wrong,MID_7_11,3.3456144997571124,2.719479437403356,0.6261350623537574,6.065093937160468,RUN_DIFF_DIRECTION_MISS|BLOWOUT_UNDERPREDICTED
2024-08-21,20240821OBSS0,삼성,두산,5.180643179243618,5.001754099834647,2.0,5.0,10.182397279078266,7.0,0.1788890794089708,-3.0,0.5455490567138067,삼성,두산,wrong,MID_7_11,3.180643179243618,0.0017540998346472492,3.182397279078266,3.178889079408971,RUN_DIFF_DIRECTION_MISS
2024-08-21,20240821SKLG0,LG,SSG,5.421791870510744,5.180229885432213,1.0,5.0,10.602021755942957,6.0,0.24156198507853155,-4.0,0.5514823956630243,LG,SSG,wrong,LOW_0_6,4.421791870510744,0.18022988543221263,4.602021755942957,4.2415619850785315,LOW_SCORING_MISS|RUN_DIFF_DIRECTION_MISS
2024-08-21,20240821WOKT0,KT,키움,5.026195254750726,4.977057997318221,5.0,0.0,10.003253252068948,5.0,0.04913725743250463,5.0,0.5332259461556319,KT,KT,correct,LOW_0_6,0.026195254750725816,4.977057997318221,5.003253252068948,4.950862742567495,BLOWOUT_UNDERPREDICTED
2024-08-22,20240822LTHT0,KIA,롯데,5.2187029348375,4.936565177410516,6.0,4.0,10.155268112248017,10.0,0.2821377574269839,2.0,0.5553160726605024,KIA,KIA,correct,MID_7_11,0.7812970651624997,0.9365651774105164,0.15526811224801662,1.7178622425730161,NORMAL
2024-08-22,20240822SKLG0,LG,SSG,5.41065079158033,5.182739128097097,13.0,3.0,10.593389919677428,16.0,0.22791166348323255,10.0,0.5501912873013268,LG,LG,correct,HIGH_12_PLUS,7.58934920841967,2.182739128097097,5.406610080322572,9.772088336516767,BLOWOUT_UNDERPREDICTED
2024-08-22,20240822WOKT0,KT,키움,4.955814217183098,4.802116573212488,3.0,2.0,9.757930790395587,5.0,0.15369764397061036,1.0,0.5431603992194824,KT,KT,correct,LOW_0_6,1.9558142171830983,2.802116573212488,4.757930790395587,0.8463023560293896,NORMAL
2024-08-23,20240823HHOB0,두산,한화,5.1751805122068335,5.1086671770053735,4.0,7.0,10.283847689212207,11.0,0.06651333520145997,-3.0,0.5348789172205074,두산,한화,wrong,MID_7_11,1.1751805122068335,1.8913328229946265,0.716152310787793,3.06651333520146,RUN_DIFF_DIRECTION_MISS
2024-08-23,20240823HTNC0,NC,KIA,5.115487708351955,5.03843470823466,17.0,4.0,10.153922416586614,21.0,0.07705300011729488,13.0,0.5358811754958508,NC,NC,correct,HIGH_12_PLUS,11.884512291648045,1.0384347082346599,10.846077583413386,12.922946999882704,BLOWOUT_UNDERPREDICTED
2024-08-23,20240823KTSK0,SSG,KT,5.17860125480287,5.10655178786705,6.0,11.0,10.28515304266992,17.0,0.0720494669358196,-5.0,0.5354054054420109,SSG,KT,wrong,HIGH_12_PLUS,0.8213987451971301,5.89344821213295,6.71484695733008,5.07204946693582,HIGH_SCORING_MISS|RUN_DIFF_DIRECTION_MISS|BLOWOUT_UNDERPREDICTED
2024-08-23,20240823LGWO0,키움,LG,4.8419079922835255,5.191185068982899,9.0,3.0,10.033093061266424,12.0,-0.3492770766993738,6.0,0.49519767507869805,LG,키움,wrong,HIGH_12_PLUS,4.1580920077164745,2.1911850689828993,1.966906938733576,6.349277076699374,HIGH_SCORING_MISS|RUN_DIFF_DIRECTION_MISS|BLOWOUT_UNDERPREDICTED
2024-08-23,20240823LTSS0,삼성,롯데,5.1067657488614735,4.852053595698199,5.0,3.0,9.958819344559672,8.0,0.25471215316327456,2.0,0.5527255415837584,삼성,삼성,correct,MID_7_11,0.1067657488614735,1.852053595698199,1.9588193445596715,1.7452878468367254,NORMAL
2024-08-24,20240824HHOB0,두산,한화,5.207168185052106,5.101738519500454,6.0,7.0,10.30890670455256,13.0,0.10542966555165201,-1.0,0.5385781617452716,두산,한화,wrong,HIGH_12_PLUS,0.7928318149478937,1.8982614804995457,2.6910932954474394,1.105429665551652,HIGH_SCORING_MISS|RUN_DIFF_DIRECTION_MISS|CLOSE_GAME_NOISE
2024-08-24,20240824HTNC0,NC,KIA,5.113977943719518,5.191583649019687,0.0,2.0,10.305561592739206,2.0,-0.07760570530016953,-2.0,0.5211492141057867,NC,KIA,wrong,LOW_0_6,5.113977943719518,3.1915836490196874,8.305561592739206,1.9223942946998305,LOW_SCORING_MISS
2024-08-24,20240824KTSK0,SSG,KT,5.157757280774149,5.15617662752023,3.0,9.0,10.313933908294379,12.0,0.0015806532539190954,-6.0,0.5286983026392891,SSG,KT,wrong,HIGH_12_PLUS,2.157757280774149,3.84382337247977,1.6860660917056212,6.001580653253919,HIGH_SCORING_MISS|RUN_DIFF_DIRECTION_MISS|BLOWOUT_UNDERPREDICTED
2024-08-24,20240824LGWO0,키움,LG,4.933923620575135,5.195264586702636,0.0,7.0,10.129188207277771,7.0,-0.26134096612750035,-7.0,0.5036017394187553,키움,LG,wrong,MID_7_11,4.933923620575135,1.8047354132973643,3.129188207277771,6.7386590338725,BLOWOUT_UNDERPREDICTED
2024-08-24,20240824LTSS0,삼성,롯데,4.885387878062677,4.9262117608706975,3.0,11.0,9.811599638933375,14.0,-0.04082388280802007,-8.0,0.5246571545091597,삼성,롯데,wrong,HIGH_12_PLUS,1.8853878780626774,6.0737882391293025,4.188400361066625,7.95917611719198,HIGH_SCORING_MISS|BLOWOUT_UNDERPREDICTED
2024-08-25,20240825HHOB0,두산,한화,5.276877562055896,5.098472115119107,1.0,3.0,10.375349677175002,4.0,0.17840544693678861,-2.0,0.5455032179512284,두산,한화,wrong,LOW_0_6,4.276877562055896,2.0984721151191073,6.375349677175002,2.1784054469367886,LOW_SCORING_MISS|RUN_DIFF_DIRECTION_MISS
2024-08-25,20240825HTNC0,NC,KIA,5.048179916402703,5.068421222592785,8.0,2.0,10.116601138995488,10.0,-0.020241306190081687,6.0,0.5266191082714952,NC,NC,correct,MID_7_11,2.9518200835972968,3.068421222592785,0.11660113899548818,6.020241306190082,RUN_DIFF_DIRECTION_MISS|BLOWOUT_UNDERPREDICTED
2024-08-25,20240825KTSK0,SSG,KT,5.090840648570842,5.13857459779695,4.0,3.0,10.229415246367793,7.0,-0.04773394922610752,1.0,0.5239983056818458,SSG,SSG,correct,MID_7_11,1.0908406485708424,2.13857459779695,3.229415246367793,1.0477339492261075,RUN_DIFF_DIRECTION_MISS
2024-08-25,20240825LGWO0,키움,LG,4.921460091792523,5.275491468005271,6.0,4.0,10.196951559797792,10.0,-0.35403137621274805,2.0,0.4947433407742235,LG,키움,wrong,MID_7_11,1.0785399082074774,1.2754914680052707,0.19695155979779244,2.354031376212748,RUN_DIFF_DIRECTION_MISS
2024-08-25,20240825LTSS0,삼성,롯데,4.995682321494471,5.045495498167255,10.0,5.0,10.041177819661726,15.0,-0.04981317667278429,5.0,0.5238000427151941,삼성,삼성,correct,HIGH_12_PLUS,5.004317678505529,0.045495498167254844,4.958822180338274,5.049813176672784,RUN_DIFF_DIRECTION_MISS|BLOWOUT_UNDERPREDICTED
2024-08-27,20240827HHLT0,롯데,한화,5.3144445625512,5.057220207437253,3.0,1.0,10.371664769988453,4.0,0.25722435511394703,2.0,0.5529629571087241,롯데,롯데,correct,LOW_0_6,2.3144445625512002,4.057220207437253,6.3716647699884525,1.742775644886053,NORMAL
2024-08-27,20240827KTLG0,LG,KT,5.075250682643686,4.905606258900832,6.0,1.0,9.980856941544518,7.0,0.16964442374285404,5.0,0.5446727139983321,LG,LG,correct,MID_7_11,0.9247493173563139,3.905606258900832,2.980856941544518,4.830355576257146,BLOWOUT_UNDERPREDICTED
2024-08-27,20240827OBNC0,NC,두산,5.026686500701217,4.9474093410576705,7.0,13.0,9.974095841758889,20.0,0.07927715964354665,-6.0,0.5360926428350188,NC,두산,wrong,HIGH_12_PLUS,1.9733134992987829,8.052590658942329,10.025904158241111,6.079277159643547,HIGH_SCORING_MISS|RUN_DIFF_DIRECTION_MISS|BLOWOUT_UNDERPREDICTED
2024-08-27,20240827SKHT0,KIA,SSG,5.414460952601386,5.096729096933763,10.0,4.0,10.511190049535148,14.0,0.3177318556676232,6.0,0.5586736742531534,KIA,KIA,correct,HIGH_12_PLUS,4.585539047398614,1.096729096933763,3.4888099504648515,5.682268144332377,BLOWOUT_UNDERPREDICTED
2024-08-27,20240827SSWO0,키움,삼성,4.779876721049705,5.052851054551202,0.0,1.0,9.832727775600908,1.0,-0.27297433350149714,-1.0,0.5024899510803905,키움,삼성,wrong,LOW_0_6,4.779876721049705,4.052851054551202,8.832727775600908,0.7270256664985029,LOW_SCORING_MISS|CLOSE_GAME_NOISE
2024-08-28,20240828HHLT0,롯데,한화,5.2370045002613255,5.021202583201398,0.0,7.0,10.258207083462723,7.0,0.21580191705992746,-7.0,0.5490453265942788,롯데,한화,wrong,MID_7_11,5.2370045002613255,1.978797416798602,3.2582070834627235,7.2158019170599275,RUN_DIFF_DIRECTION_MISS|BLOWOUT_UNDERPREDICTED
2024-08-28,20240828KTLG0,LG,KT,5.0838369105476096,4.849854877268748,4.0,8.0,9.933691787816358,12.0,0.23398203327886158,-4.0,0.5507655345216024,LG,KT,wrong,HIGH_12_PLUS,1.0838369105476096,3.150145122731252,2.0663082121836425,4.233982033278862,HIGH_SCORING_MISS|RUN_DIFF_DIRECTION_MISS
2024-08-28,20240828OBNC0,NC,두산,5.05748150873356,5.147661390089826,1.0,8.0,10.205142898823386,9.0,-0.09017988135626531,-7.0,0.5199494990625995,NC,두산,wrong,MID_7_11,4.05748150873356,2.8523386099101744,1.2051428988233859,6.909820118643735,BLOWOUT_UNDERPREDICTED
2024-08-28,20240828SKHT0,KIA,SSG,5.549910560115549,5.202710830604247,7.0,6.0,10.752621390719796,13.0,0.34719972951130185,1.0,0.5614493469198043,KIA,KIA,correct,HIGH_12_PLUS,1.4500894398844508,0.7972891693957527,2.2473786092802044,0.6528002704886982,NORMAL
2024-08-28,20240828SSWO0,키움,삼성,4.6893744099197,4.951487052227047,5.0,9.0,9.640861462146747,14.0,-0.262112642307347,-4.0,0.5035279921427495,키움,삼성,wrong,HIGH_12_PLUS,0.3106255900803001,4.048512947772953,4.359138537853253,3.737887357692653,HIGH_SCORING_MISS
2024-08-29,20240829HHLT0,롯데,한화,5.016726664579016,4.948614279005056,14.0,11.0,9.96534094358407,25.0,0.06811238557396049,3.0,0.5350309955506489,롯데,롯데,correct,HIGH_12_PLUS,8.983273335420984,6.051385720994944,15.03465905641593,2.9318876144260395,NORMAL
2024-08-29,20240829KTLG0,LG,KT,5.119737839634553,4.95424178433073,7.0,8.0,10.073979623965283,15.0,0.16549605530382294,-1.0,0.5442793811170847,LG,KT,wrong,HIGH_12_PLUS,1.8802621603654472,3.04575821566927,4.926020376034717,1.165496055303823,HIGH_SCORING_MISS|RUN_DIFF_DIRECTION_MISS|CLOSE_GAME_NOISE
2024-08-29,20240829OBNC0,NC,두산,5.042630117782426,5.16157635358504,10.0,2.0,10.204206471367467,12.0,-0.11894623580261321,8.0,0.5172040285236891,NC,NC,correct,HIGH_12_PLUS,4.957369882217574,3.1615763535850396,1.795793528632533,8.118946235802614,RUN_DIFF_DIRECTION_MISS|BLOWOUT_UNDERPREDICTED
2024-08-29,20240829SKHT0,KIA,SSG,5.645357843626161,5.256620667176318,4.0,10.0,10.90197851080248,14.0,0.38873717644984307,-6.0,0.5653553305288326,KIA,SSG,wrong,HIGH_12_PLUS,1.6453578436261607,4.743379332823682,3.098021489197521,6.388737176449843,HIGH_SCORING_MISS|RUN_DIFF_DIRECTION_MISS|BLOWOUT_UNDERPREDICTED
2024-08-29,20240829SSWO0,키움,삼성,4.759898172234824,5.033715055102525,0.0,1.0,9.79361322733735,1.0,-0.2738168828677008,-1.0,0.5024094284604205,키움,삼성,wrong,LOW_0_6,4.759898172234824,4.033715055102525,8.79361322733735,0.7261831171322992,LOW_SCORING_MISS|CLOSE_GAME_NOISE
2024-08-30,20240830LGKT0,KT,LG,4.996624758327126,5.149650260634101,7.0,11.0,10.146275018961227,18.0,-0.1530255023069751,-4.0,0.513950160443712,KT,LG,wrong,HIGH_12_PLUS,2.003375241672874,5.850349739365899,7.8537249810387735,3.846974497693025,HIGH_SCORING_MISS
2024-08-30,20240830LTWO0,키움,롯데,4.9708981501450324,5.240156727835289,2.0,8.0,10.21105487798032,10.0,-0.2692585776902563,-6.0,0.502845065046575,키움,롯데,wrong,MID_7_11,2.9708981501450324,2.7598432721647113,0.2110548779803203,5.730741422309744,BLOWOUT_UNDERPREDICTED
2024-08-31,20240831HTSS0,삼성,KIA,4.999779788845139,5.091891840952744,13.0,15.0,10.091671629797883,28.0,-0.09211205210760554,-2.0,0.5197651279260403,삼성,KIA,wrong,HIGH_12_PLUS,8.000220211154861,9.908108159047256,17.908328370202117,1.9078879478923945,HIGH_SCORING_MISS
2024-08-31,20240831KTHH0,한화,KT,5.329351910139957,4.986404523713311,2.0,6.0,10.315756433853268,8.0,0.3429473864266459,-4.0,0.5610490383499064,한화,KT,wrong,MID_7_11,3.329351910139957,1.0135954762866888,2.3157564338532683,4.342947386426646,RUN_DIFF_DIRECTION_MISS
2024-08-31,20240831LTOB0,두산,롯데,5.445912738683772,5.041871021985043,4.0,7.0,10.487783760668815,11.0,0.4040417166987291,-3.0,0.5667924796152084,두산,롯데,wrong,MID_7_11,1.4459127386837718,1.9581289780149573,0.5122162393311847,3.404041716698729,RUN_DIFF_DIRECTION_MISS
2024-08-31,20240831NCSK0,SSG,NC,5.281435694116636,5.40743962774659,2.0,7.0,10.688875321863225,9.0,-0.12600393362995366,-5.0,0.516530274377251,SSG,NC,wrong,MID_7_11,3.2814356941166363,1.59256037225341,1.6888753218632253,4.873996066370046,BLOWOUT_UNDERPREDICTED
2024-09-01,20240901HTSS0,삼성,KIA,5.2129277124986,5.32707992456691,5.0,6.0,10.54000763706551,11.0,-0.11415221206830939,-1.0,0.5176616483793676,삼성,KIA,wrong,MID_7_11,0.2129277124986002,0.6729200754330904,0.4599923629344893,0.8858477879316906,CLOSE_GAME_NOISE
2024-09-01,20240901LTOB0,두산,롯데,5.298250810222091,5.2661651032715255,3.0,4.0,10.564415913493615,7.0,0.03208570695056512,-1.0,0.5316031373749539,두산,롯데,wrong,MID_7_11,2.2982508102220907,1.2661651032715255,3.5644159134936153,1.0320857069505651,RUN_DIFF_DIRECTION_MISS|CLOSE_GAME_NOISE
2024-09-01,20240901NCSK0,SSG,NC,5.23502683190829,5.413063271271864,2.0,8.0,10.648090103180154,10.0,-0.1780364393635736,-6.0,0.5115613628445416,SSG,NC,wrong,MID_7_11,3.23502683190829,2.586936728728136,0.648090103180154,5.821963560636426,BLOWOUT_UNDERPREDICTED
2024-09-03,20240903LGHT0,KIA,LG,5.145349589507876,5.499385586008769,7.0,5.0,10.644735175516644,12.0,-0.354035996500893,2.0,0.4947428992505253,LG,KIA,wrong,HIGH_12_PLUS,1.8546504104921242,0.4993855860087688,1.3552648244833563,2.354035996500893,HIGH_SCORING_MISS|RUN_DIFF_DIRECTION_MISS
2024-09-03,20240903LTSS0,삼성,롯데,5.145503409916486,5.0802422642439415,5.0,1.0,10.225745674160429,6.0,0.06526114567254471,4.0,0.5347598227016124,삼성,삼성,correct,LOW_0_6,0.14550340991648625,4.0802422642439415,4.225745674160429,3.9347388543274553,NORMAL
2024-09-03,20240903OBHH0,한화,두산,5.142293393390416,4.953385944136669,7.0,1.0,10.095679337527084,8.0,0.18890744925374658,6.0,0.5464984246289964,한화,한화,correct,MID_7_11,1.8577066066095842,3.953385944136669,2.095679337527084,5.811092550746253,BLOWOUT_UNDERPREDICTED
2024-09-03,20240903WONC0,NC,키움,4.890597506719388,4.879918441380227,11.0,5.0,9.770515948099614,16.0,0.010679065339161298,6.0,0.5295649086448844,NC,NC,correct,HIGH_12_PLUS,6.109402493280612,0.12008155861977343,6.229484051900386,5.989320934660839,BLOWOUT_UNDERPREDICTED
2024-09-04,20240904HHHT0,KIA,한화,5.471888609225999,5.262649144176707,4.0,5.0,10.734537753402705,9.0,0.20923946504929258,-1.0,0.548424095189581,KIA,한화,wrong,MID_7_11,1.4718886092259993,0.2626491441767067,1.734537753402705,1.2092394650492926,RUN_DIFF_DIRECTION_MISS|CLOSE_GAME_NOISE
2024-09-04,20240904KTLT0,롯데,KT,4.801497778486058,5.398256128857601,7.0,5.0,10.19975390734366,12.0,-0.5967583503715428,2.0,0.4715758016569275,KT,롯데,wrong,HIGH_12_PLUS,2.198502221513942,0.398256128857601,1.8002460926563408,2.596758350371543,HIGH_SCORING_MISS|RUN_DIFF_DIRECTION_MISS
2024-09-04,20240904OBSS0,삼성,두산,5.2410577955604465,5.083695872686665,7.0,3.0,10.324753668247112,10.0,0.1573619228737817,4.0,0.5435079729896961,삼성,삼성,correct,MID_7_11,1.7589422044395535,2.083695872686665,0.32475366824711216,3.8426380771262183,NORMAL
2024-09-04,20240904SKLG0,LG,SSG,5.337365608463801,5.442676787511062,5.0,0.0,10.780042395974863,5.0,-0.10531117904726095,5.0,0.5185055025851655,LG,LG,correct,LOW_0_6,0.33736560846380126,5.442676787511062,5.7800423959748635,5.105311179047261,RUN_DIFF_DIRECTION_MISS|BLOWOUT_UNDERPREDICTED
2024-09-04,20240904WONC0,NC,키움,5.284057871234784,4.909473588368556,13.0,6.0,10.193531459603339,19.0,0.3745842828662278,7.0,0.564025346013399,NC,NC,correct,HIGH_12_PLUS,7.715942128765216,1.0905264116314441,8.806468540396661,6.625415717133772,BLOWOUT_UNDERPREDICTED
2024-09-05,20240905HHHT0,KIA,한화,5.44357073826218,5.240729113885009,4.0,3.0,10.684299852147188,7.0,0.20284162437717068,1.0,0.5478183012980858,KIA,KIA,correct,MID_7_11,1.4435707382621796,2.240729113885009,3.6842998521471877,0.7971583756228293,NORMAL
2024-09-05,20240905KTLT0,롯데,KT,5.251175539025222,5.2068474871370745,2.0,12.0,10.458023026162296,14.0,0.04432805188814726,-10.0,0.532768320160924,롯데,KT,wrong,HIGH_12_PLUS,3.2511755390252217,6.7931525128629255,3.541976973837704,10.044328051888147,HIGH_SCORING_MISS|RUN_DIFF_DIRECTION_MISS|BLOWOUT_UNDERPREDICTED
2024-09-05,20240905SKLG0,LG,SSG,5.6535015462199585,5.148538486392601,2.0,4.0,10.80204003261256,6.0,0.5049630598273573,-2.0,0.5762401473052546,LG,SSG,wrong,LOW_0_6,3.6535015462199585,1.1485384863926011,4.80204003261256,2.5049630598273573,LOW_SCORING_MISS|RUN_DIFF_DIRECTION_MISS
2024-09-05,20240905WONC0,NC,키움,5.416621641325437,5.02745073694958,7.0,12.0,10.444072378275017,19.0,0.3891709043758578,-5.0,0.5653960743245264,NC,키움,wrong,HIGH_12_PLUS,1.5833783586745627,6.97254926305042,8.555927621724983,5.389170904375858,HIGH_SCORING_MISS|RUN_DIFF_DIRECTION_MISS|BLOWOUT_UNDERPREDICTED
2024-09-06,20240906HHLG0,LG,한화,5.153324271775679,5.046153278214536,1.0,3.0,10.199477549990215,4.0,0.10717099356114268,-2.0,0.5387435898367644,LG,한화,wrong,LOW_0_6,4.153324271775679,2.046153278214536,6.199477549990215,2.1071709935611427,LOW_SCORING_MISS|RUN_DIFF_DIRECTION_MISS
2024-09-06,20240906KTNC0,NC,KT,5.439826301455255,5.244868201495218,3.0,9.0,10.684694502950473,12.0,0.19495809996003644,-6.0,0.5470716373938107,NC,KT,wrong,HIGH_12_PLUS,2.4398263014552546,3.755131798504782,1.3153054970495273,6.194958099960036,HIGH_SCORING_MISS|RUN_DIFF_DIRECTION_MISS|BLOWOUT_UNDERPREDICTED
2024-09-06,20240906SSLT0,롯데,삼성,4.974716102265169,5.37378648879428,2.0,7.0,10.348502591059448,9.0,-0.399070386529111,-5.0,0.4904398213596626,삼성,삼성,correct,MID_7_11,2.9747161022651687,1.6262135112057203,1.3485025910594484,4.600929613470889,BLOWOUT_UNDERPREDICTED
2024-09-06,20240906WOHT0,KIA,키움,5.536575948721678,5.160186564311582,14.0,0.0,10.69676251303326,14.0,0.3763893844100963,14.0,0.5641950278097105,KIA,KIA,correct,HIGH_12_PLUS,8.463424051278322,5.160186564311582,3.30323748696674,13.623610615589904,BLOWOUT_UNDERPREDICTED
2024-09-07,20240907HHLG0,LG,한화,5.085169742933031,4.923632348052342,9.0,3.0,10.008802090985373,12.0,0.16153739488068908,6.0,0.5439039841250235,LG,LG,correct,HIGH_12_PLUS,3.914830257066969,1.923632348052342,1.9911979090146268,5.838462605119311,BLOWOUT_UNDERPREDICTED
2024-09-07,20240907NCSS0,삼성,NC,5.2904734866244905,5.211844086218678,1.0,9.0,10.502317572843168,10.0,0.07862940040581279,-8.0,0.5360310568970986,삼성,NC,wrong,MID_7_11,4.2904734866244905,3.7881559137813223,0.5023175728431681,8.078629400405813,RUN_DIFF_DIRECTION_MISS|BLOWOUT_UNDERPREDICTED
2024-09-07,20240907OBKT0,KT,두산,5.059944594872401,5.475032051957262,2.0,12.0,10.534976646829662,14.0,-0.4150874570848613,-10.0,0.4889096838047061,두산,두산,correct,HIGH_12_PLUS,3.059944594872401,6.524967948042738,3.465023353170338,9.584912542915138,BLOWOUT_UNDERPREDICTED
2024-09-07,20240907WOHT0,KIA,키움,5.683233799445016,5.2390590838082165,6.0,2.0,10.922292883253233,8.0,0.4441747156367999,4.0,0.5705557143464611,KIA,KIA,correct,MID_7_11,0.3167662005549836,3.2390590838082165,2.922292883253233,3.5558252843632,NORMAL
2024-09-08,20240908HHLG0,LG,한화,5.139600461356603,4.96598707041562,14.0,3.0,10.105587531772223,17.0,0.17361339094098316,11.0,0.5450489845621331,LG,LG,correct,HIGH_12_PLUS,8.860399538643396,1.9659870704156202,6.894412468227777,10.826386609059018,BLOWOUT_UNDERPREDICTED
2024-09-08,20240908NCSS0,삼성,NC,5.217739363843747,5.241821573345922,10.0,2.0,10.459560937189668,12.0,-0.024082209502174656,8.0,0.5262530497117972,삼성,삼성,correct,HIGH_12_PLUS,4.782260636156253,3.2418215733459217,1.5404390628103322,8.024082209502176,RUN_DIFF_DIRECTION_MISS|BLOWOUT_UNDERPREDICTED
2024-09-08,20240908SKLT0,롯데,SSG,5.3045904223922316,5.256373274271011,6.0,11.0,10.560963696663244,17.0,0.048217148121220355,-5.0,0.5331383962996988,롯데,SSG,wrong,HIGH_12_PLUS,0.6954095776077684,5.743626725728989,6.439036303336756,5.04821714812122,HIGH_SCORING_MISS|RUN_DIFF_DIRECTION_MISS|BLOWOUT_UNDERPREDICTED
2024-09-08,20240908WOHT0,KIA,키움,5.656259290094747,5.160399729472048,5.0,2.0,10.816659019566796,7.0,0.49585956062269876,3.0,0.575390107141597,KIA,KIA,correct,MID_7_11,0.6562592900947468,3.160399729472048,3.8166590195667958,2.5041404393773012,NORMAL
2024-09-10,20240910HHSK0,SSG,한화,5.256713350028233,5.314212212244148,5.0,0.0,10.57092556227238,5.0,-0.05749886221591538,5.0,0.5230671160721648,SSG,SSG,correct,LOW_0_6,0.2567133500282326,5.314212212244148,5.570925562272381,5.057498862215915,RUN_DIFF_DIRECTION_MISS|BLOWOUT_UNDERPREDICTED
2024-09-10,20240910LTLG0,LG,롯데,5.404045456774276,5.165806594546703,1.0,2.0,10.569852051320979,3.0,0.23823886222757285,-1.0,0.5511681430852353,LG,롯데,wrong,LOW_0_6,4.404045456774276,3.1658065945467033,7.569852051320979,1.2382388622275728,LOW_SCORING_MISS|RUN_DIFF_DIRECTION_MISS|CLOSE_GAME_NOISE
2024-09-10,20240910NCKT0,KT,NC,5.394718817615836,5.260962859432752,11.0,8.0,10.655681677048587,19.0,0.13375595818308383,3.0,0.5412681101263066,KT,KT,correct,HIGH_12_PLUS,5.605281182384164,2.7390371405672482,8.344318322951413,2.866244041816916,NORMAL
2024-09-10,20240910OBWO0,키움,두산,4.976715106545407,5.551046568118873,7.0,1.0,10.52776167466428,8.0,-0.5743314615734665,6.0,0.47371277637829995,두산,키움,wrong,MID_7_11,2.0232848934545933,4.551046568118873,2.52776167466428,6.5743314615734665,RUN_DIFF_DIRECTION_MISS|BLOWOUT_UNDERPREDICTED
2024-09-11,20240911LTSK0,SSG,롯데,5.293026803693707,5.353370695000313,2.0,10.0,10.646397498694022,12.0,-0.06034389130660589,-8.0,0.5227957814531783,SSG,롯데,wrong,HIGH_12_PLUS,3.2930268036937074,4.646629304999687,1.3536025013059785,7.939656108693394,HIGH_SCORING_MISS|BLOWOUT_UNDERPREDICTED
2024-09-11,20240911NCKT0,KT,NC,5.504032131196846,5.588464727664201,2.0,1.0,11.092496858861047,3.0,-0.08443259646735513,1.0,0.5204978827968708,KT,KT,correct,LOW_0_6,3.504032131196846,4.588464727664201,8.092496858861047,1.0844325964673551,RUN_DIFF_DIRECTION_MISS
2024-09-11,20240911SSHH0,한화,삼성,4.766547934969496,5.3882310694024,1.0,10.0,10.154779004371896,11.0,-0.6216831344329039,-9.0,0.46920203689743234,삼성,삼성,correct,MID_7_11,3.7665479349694957,4.6117689305976,0.8452209956281038,8.378316865567097,BLOWOUT_UNDERPREDICTED
2024-09-11,20240911WOLG0,LG,키움,5.546669989285566,4.986438949439585,5.0,9.0,10.533108938725151,14.0,0.5602310398459807,-4.0,0.5813909478073745,LG,키움,wrong,HIGH_12_PLUS,0.546669989285566,4.013561050560415,3.4668910612748487,4.560231039845981,HIGH_SCORING_MISS|RUN_DIFF_DIRECTION_MISS
2024-09-12,20240912LTHT0,KIA,롯데,5.670781823085535,4.78811117114648,10.0,0.0,10.458892994232015,10.0,0.8826706519390548,10.0,0.6110555710323663,KIA,KIA,correct,MID_7_11,4.329218176914465,4.78811117114648,0.4588929942320146,9.117329348060945,BLOWOUT_UNDERPREDICTED
2024-09-12,20240912NCKT0,KT,NC,5.3906820613664035,5.46360371791352,10.0,4.0,10.854285779279923,14.0,-0.07292165654711624,6.0,0.5215960623887542,KT,KT,correct,HIGH_12_PLUS,4.6093179386335965,1.4636037179135197,3.145714220720077,6.072921656547116,RUN_DIFF_DIRECTION_MISS|BLOWOUT_UNDERPREDICTED
2024-09-12,20240912SSHH0,한화,삼성,5.092751284581862,5.340032958562844,1.0,7.0,10.432784243144706,8.0,-0.24728167398098222,-6.0,0.5049453222121875,한화,삼성,wrong,MID_7_11,4.092751284581862,1.659967041437156,2.432784243144706,5.752718326019018,BLOWOUT_UNDERPREDICTED
2024-09-13,20240913HHLT0,롯데,한화,5.3474946507111,5.2268735448431904,4.0,8.0,10.57436819555429,12.0,0.12062110586790986,-4.0,0.5400210752027,롯데,한화,wrong,HIGH_12_PLUS,1.3474946507111003,2.7731264551568096,1.4256318044457092,4.12062110586791,HIGH_SCORING_MISS|RUN_DIFF_DIRECTION_MISS
2024-09-14,20240914HHLT0,롯데,한화,5.359503921953326,5.262059883459119,12.0,9.0,10.621563805412446,21.0,0.09744403849420724,3.0,0.5378194100396332,롯데,롯데,correct,HIGH_12_PLUS,6.640496078046674,3.737940116540881,10.378436194587554,2.9025559615057928,NORMAL
2024-09-14,20240914KTOB0,두산,KT,5.5347392161697355,4.984997676147803,2.0,1.0,10.519736892317539,3.0,0.5497415400219321,1.0,0.5804146871110676,두산,두산,correct,LOW_0_6,3.5347392161697355,3.9849976761478034,7.519736892317539,0.4502584599780679,NORMAL
2024-09-14,20240914LGNC0,NC,LG,5.1365453714721,5.4917085433982376,7.0,10.0,10.628253914870339,17.0,-0.35516317192613744,-3.0,0.4946351844269073,LG,LG,correct,HIGH_12_PLUS,1.8634546285279,4.5082914566017624,6.3717460851296615,2.6448368280738626,NORMAL
2024-09-14,20240914SSSK0,SSG,삼성,5.019153710335802,5.134769406242978,11.0,9.0,10.153923116578781,20.0,-0.11561569590717635,2.0,0.5175219527062013,SSG,SSG,correct,HIGH_12_PLUS,5.980846289664198,3.8652305937570217,9.846076883421219,2.1156156959071764,RUN_DIFF_DIRECTION_MISS
2024-09-14,20240914WOHT0,KIA,키움,5.392940919913989,5.044439876430673,3.0,2.0,10.437380796344662,5.0,0.34850104348331623,1.0,0.5615718345151817,KIA,KIA,correct,LOW_0_6,2.392940919913989,3.0444398764306726,5.437380796344662,0.6514989565166838,NORMAL
2024-09-15,20240915HHLT0,롯데,한화,5.501329129537881,5.440994777512006,16.0,9.0,10.942323907049886,25.0,0.060334352025875226,7.0,0.5342912018388696,롯데,롯데,correct,HIGH_12_PLUS,10.498670870462119,3.5590052224879942,14.057676092950114,6.939665647974125,BLOWOUT_UNDERPREDICTED
2024-09-15,20240915LGNC0,NC,LG,5.363279999168063,5.513394287024495,4.0,1.0,10.876674286192557,5.0,-0.15011428785643144,3.0,0.5142281715711736,NC,NC,correct,LOW_0_6,1.3632799991680633,4.513394287024495,5.876674286192557,3.1501142878564314,RUN_DIFF_DIRECTION_MISS
2024-09-15,20240915SSSK0,SSG,삼성,5.113380650094396,5.412905961663967,14.0,9.0,10.526286611758364,23.0,-0.2995253115695711,5.0,0.4999524281944541,삼성,SSG,wrong,HIGH_12_PLUS,8.886619349905605,3.5870940383360326,12.473713388241636,5.299525311569571,HIGH_SCORING_MISS|RUN_DIFF_DIRECTION_MISS|BLOWOUT_UNDERPREDICTED
2024-09-15,20240915WOHT0,KIA,키움,5.501023577099725,4.915140319854923,5.0,10.0,10.416163896954648,15.0,0.5858832572448023,-5.0,0.5837757083193805,KIA,키움,wrong,HIGH_12_PLUS,0.5010235770997253,5.084859680145077,4.583836103045352,5.585883257244802,HIGH_SCORING_MISS|RUN_DIFF_DIRECTION_MISS|BLOWOUT_UNDERPREDICTED
2024-09-16,20240916HTKT0,KT,KIA,5.142414257080282,5.154056733715013,5.0,11.0,10.296470990795296,16.0,-0.011642476634730947,-6.0,0.527438518241078,KT,KIA,wrong,HIGH_12_PLUS,0.142414257080282,5.845943266284987,5.703529009204704,5.988357523365269,HIGH_SCORING_MISS|BLOWOUT_UNDERPREDICTED
2024-09-16,20240916WOOB0,두산,키움,5.592925392318103,4.958070935858487,5.0,4.0,10.55099632817659,9.0,0.6348544564596157,1.0,0.5883173604825842,두산,두산,correct,MID_7_11,0.5929253923181026,0.9580709358584869,1.5509963281765895,0.3651455435403843,NORMAL
2024-09-17,20240917HHNC0,NC,한화,5.664219883755505,5.637002378969,1.0,4.0,11.301222262724504,5.0,0.02721750478650531,-3.0,0.5311397027327918,NC,한화,wrong,LOW_0_6,4.664219883755505,1.637002378969,6.3012222627245045,3.0272175047865053,LOW_SCORING_MISS|RUN_DIFF_DIRECTION_MISS
2024-09-17,20240917HTSK0,SSG,KIA,5.212627231209312,5.213789036699086,2.0,0.0,10.426416267908397,2.0,-0.0011618054897741814,2.0,0.528437054618863,SSG,SSG,correct,LOW_0_6,3.2126272312093116,5.213789036699086,8.426416267908397,2.001161805489774,RUN_DIFF_DIRECTION_MISS
2024-09-17,20240917KTWO0,키움,KT,5.152911824647128,5.346979878995511,2.0,4.0,10.49989170364264,6.0,-0.19406805434838326,-2.0,0.51002989672642,키움,KT,wrong,LOW_0_6,3.152911824647128,1.3469798789955112,4.499891703642639,1.8059319456516167,LOW_SCORING_MISS
2024-09-17,20240917LGLT0,롯데,LG,5.293099632712477,5.320133412981623,7.0,3.0,10.6132330456941,10.0,-0.02703378026914649,4.0,0.525971730086425,롯데,롯데,correct,MID_7_11,1.7069003672875231,2.3201334129816233,0.6132330456941002,4.0270337802691465,RUN_DIFF_DIRECTION_MISS
2024-09-17,20240917SSOB0,두산,삼성,4.835570347401956,5.334599623430009,8.0,4.0,10.170169970831964,12.0,-0.499029276028053,4.0,0.48089464113463487,삼성,두산,wrong,HIGH_12_PLUS,3.164429652598044,1.3345996234300088,1.8298300291680363,4.499029276028053,HIGH_SCORING_MISS|RUN_DIFF_DIRECTION_MISS
2024-09-18,20240918HHNC0,NC,한화,5.57995963239458,5.557218966391114,5.0,2.0,11.137178598785693,7.0,0.02274066600346636,3.0,0.53071347698847,NC,NC,correct,MID_7_11,0.5799596323945799,3.5572189663911136,4.1371785987856935,2.9772593339965336,NORMAL
2024-09-18,20240918LGLT0,롯데,LG,5.400063436538007,5.372747360316806,3.0,5.0,10.772810796854813,8.0,0.027316076221200802,-2.0,0.5311490869002882,롯데,LG,wrong,MID_7_11,2.400063436538007,0.3727473603168061,2.772810796854813,2.027316076221201,RUN_DIFF_DIRECTION_MISS
2024-09-18,20240918SSKT0,KT,삼성,5.069538661739169,5.403841182907892,6.0,8.0,10.473379844647061,14.0,-0.3343025211687234,-2.0,0.49662873426446463,삼성,삼성,correct,HIGH_12_PLUS,0.9304613382608311,2.5961588170921077,3.526620155352939,1.6656974788312766,NORMAL
2024-09-19,20240919HHNC0,NC,한화,5.511626137358341,5.411548337417649,6.0,7.0,10.92317447477599,13.0,0.1000777999406921,-1.0,0.5380696755455167,NC,한화,wrong,HIGH_12_PLUS,0.4883738626416587,1.5884516625823508,2.0768255252240095,1.100077799940692,HIGH_SCORING_MISS|RUN_DIFF_DIRECTION_MISS|CLOSE_GAME_NOISE
2024-09-19,20240919HTOB0,두산,KIA,4.879316451847163,5.125589927965744,9.0,4.0,10.004906379812907,13.0,-0.2462734761185814,5.0,0.5050416685960323,두산,두산,correct,HIGH_12_PLUS,4.120683548152837,1.125589927965744,2.9950936201870935,5.246273476118581,RUN_DIFF_DIRECTION_MISS|BLOWOUT_UNDERPREDICTED
2024-09-19,20240919LGLT0,롯데,LG,5.309153052283374,5.267896772652074,4.0,7.0,10.577049824935449,11.0,0.041256279631300075,-3.0,0.5324759929061706,롯데,LG,wrong,MID_7_11,1.3091530522833743,1.7321032273479258,0.42295017506455146,3.0412562796313,RUN_DIFF_DIRECTION_MISS
2024-09-19,20240919SSKT0,KT,삼성,5.204403395163181,5.438890429748733,12.0,5.0,10.643293824911915,17.0,-0.23448703458555187,7.0,0.5061679863084595,KT,KT,correct,HIGH_12_PLUS,6.795596604836819,0.43889042974873327,6.356706175088085,7.234487034585552,RUN_DIFF_DIRECTION_MISS|BLOWOUT_UNDERPREDICTED
2024-09-19,20240919WOSK0,SSG,키움,5.276573830128314,5.0602141943456,8.0,6.0,10.336788024473915,14.0,0.21635963578271333,2.0,0.5490981157517274,SSG,SSG,correct,HIGH_12_PLUS,2.7234261698716864,0.9397858056543997,3.6632119755260852,1.7836403642172867,NORMAL
2024-09-21,20240921OBLG1,LG,두산,5.123875794080229,5.025699031253787,7.0,14.0,10.149574825334016,21.0,0.0981767628264425,-7.0,0.5378890369529865,LG,두산,wrong,HIGH_12_PLUS,1.876124205919771,8.974300968746213,10.850425174665984,7.0981767628264425,HIGH_SCORING_MISS|RUN_DIFF_DIRECTION_MISS|BLOWOUT_UNDERPREDICTED
2024-09-21,20240921OBLG2,LG,두산,5.337437077230347,5.325489331771045,2.0,0.0,10.662926409001393,2.0,0.01194774545930155,2.0,0.529685733912488,LG,LG,correct,LOW_0_6,3.337437077230347,5.325489331771045,8.662926409001393,1.9880522545406984,NORMAL
2024-09-21,20240921SKKT0,KT,SSG,5.359523833924275,5.27349808688547,1.0,4.0,10.633021920809746,5.0,0.08602574703880439,-3.0,0.5367342013344995,KT,SSG,wrong,LOW_0_6,4.359523833924275,1.2734980868854704,5.633021920809746,3.0860257470388044,LOW_SCORING_MISS|RUN_DIFF_DIRECTION_MISS
2024-09-22,20240922LTHH0,한화,롯데,5.348201589279479,5.459628631756352,8.0,4.0,10.80783022103583,12.0,-0.11142704247687263,4.0,0.5179217698782466,한화,한화,correct,HIGH_12_PLUS,2.651798410720521,1.4596286317563516,1.1921697789641694,4.111427042476873,RUN_DIFF_DIRECTION_MISS
2024-09-22,20240922OBLG0,LG,두산,5.153398741720829,5.15348538253969,9.0,5.0,10.306884124260518,14.0,-8.664081886067265e-05,4.0,0.5285394772188166,LG,LG,correct,HIGH_12_PLUS,3.846601258279171,0.15348538253968957,3.6931158757394815,4.000086640818861,RUN_DIFF_DIRECTION_MISS
2024-09-22,20240922SKKT0,KT,SSG,5.30518922497639,5.157829661985079,2.0,6.0,10.463018886961468,8.0,0.14735956299131114,-4.0,0.5425591039446492,KT,SSG,wrong,MID_7_11,3.30518922497639,0.8421703380149212,2.4630188869614678,4.147359562991311,RUN_DIFF_DIRECTION_MISS
2024-09-22,20240922WOSS0,삼성,키움,5.432575784364616,4.958771854134899,9.0,8.0,10.391347638499514,17.0,0.47380393022971656,1.0,0.5733288199223171,삼성,삼성,correct,HIGH_12_PLUS,3.567424215635384,3.0412281458651007,6.608652361500486,0.5261960697702834,NORMAL
2024-09-23,20240923LTHH0,한화,롯데,5.400419178827244,5.482184050730155,2.0,3.0,10.8826032295574,5.0,-0.08176487190291137,-1.0,0.5207524100706911,한화,롯데,wrong,LOW_0_6,3.400419178827244,2.4821840507301554,5.8826032295574,0.9182351280970886,LOW_SCORING_MISS|CLOSE_GAME_NOISE
2024-09-23,20240923SKOB0,두산,SSG,5.275077297174403,4.987401760418064,8.0,4.0,10.262479057592467,12.0,0.28767553675633906,4.0,0.5558387928352096,두산,두산,correct,HIGH_12_PLUS,2.724922702825597,0.9874017604180638,1.7375209424075333,3.712324463243661,NORMAL
2024-09-23,20240923SSHT0,KIA,삼성,5.725086464221502,4.872640415259695,5.0,3.0,10.597726879481197,8.0,0.8524460489618075,2.0,0.6083059386614454,KIA,KIA,correct,MID_7_11,0.7250864642215022,1.8726404152596947,2.597726879481197,1.1475539510381925,NORMAL
2024-09-24,20240924HHWO0,키움,한화,5.406861085027827,5.085818213615451,5.0,4.0,10.492679298643278,9.0,0.3210428714123754,1.0,0.5589857355686343,키움,키움,correct,MID_7_11,0.4068610850278267,1.0858182136154513,1.492679298643278,0.6789571285876246,NORMAL
2024-09-24,20240924LGSK0,SSG,LG,4.955872016896584,5.5009916766034594,5.0,14.0,10.456863693500043,19.0,-0.5451196597068755,-9.0,0.47649769317623947,LG,LG,correct,HIGH_12_PLUS,0.044127983103416035,8.499008323396541,8.543136306499957,8.454880340293125,BLOWOUT_UNDERPREDICTED
2024-09-24,20240924LTKT0,KT,롯데,5.517064855361499,5.176222214782172,5.0,1.0,10.693287070143672,6.0,0.34084264057932767,4.0,0.560850871613639,KT,KT,correct,LOW_0_6,0.5170648553614994,4.176222214782172,4.693287070143672,3.6591573594206723,NORMAL
2024-09-24,20240924NCOB0,두산,NC,4.727535783343167,5.455699977642234,10.0,5.0,10.1832357609854,15.0,-0.7281641942990671,5.0,0.4590780763380764,NC,두산,wrong,HIGH_12_PLUS,5.272464216656833,0.4556999776422339,4.816764239014599,5.728164194299067,HIGH_SCORING_MISS|RUN_DIFF_DIRECTION_MISS|BLOWOUT_UNDERPREDICTED
2024-09-24,20240924SSHT0,KIA,삼성,5.418276873136507,5.210175503658249,7.0,1.0,10.628452376794755,8.0,0.20810136947825786,6.0,0.5483163424991555,KIA,KIA,correct,MID_7_11,1.5817231268634933,4.210175503658249,2.6284523767947547,5.791898630521742,BLOWOUT_UNDERPREDICTED
2024-09-25,20240925HHLG0,LG,한화,5.522971287513539,5.187925900356582,2.0,4.0,10.71089718787012,6.0,0.3350453871569572,-2.0,0.5603049465129272,LG,한화,wrong,LOW_0_6,3.5229712875135393,1.187925900356582,4.7108971878701205,2.335045387156957,LOW_SCORING_MISS|RUN_DIFF_DIRECTION_MISS
2024-09-25,20240925LTHT0,KIA,롯데,5.4607575871499465,5.069758111807581,2.0,5.0,10.530515698957528,7.0,0.39099947534236534,-3.0,0.5655678380062965,KIA,롯데,wrong,MID_7_11,3.4607575871499465,0.06975811180758118,3.5305156989575277,3.3909994753423653,RUN_DIFF_DIRECTION_MISS
2024-09-25,20240925SKNC0,NC,SSG,5.5148534469154,5.359106856173135,2.0,8.0,10.873960303088534,10.0,0.1557465907422655,-6.0,0.5433547564814587,NC,SSG,wrong,MID_7_11,3.5148534469154002,2.6408931438268652,0.8739603030885341,6.1557465907422655,RUN_DIFF_DIRECTION_MISS|BLOWOUT_UNDERPREDICTED
2024-09-25,20240925WOSS0,삼성,키움,5.469328982957745,5.222986192754379,6.0,3.0,10.692315175712125,9.0,0.24634279020336614,3.0,0.5519344224420448,삼성,삼성,correct,MID_7_11,0.5306710170422546,2.2229861927543793,1.6923151757121246,2.753657209796634,NORMAL
2024-09-26,20240926OBLT0,롯데,두산,5.015473474938764,5.5028051613716515,3.0,4.0,10.518278636310416,7.0,-0.4873316864328876,-1.0,0.4820110702927052,두산,두산,correct,MID_7_11,2.015473474938764,1.5028051613716515,3.5182786363104164,0.5126683135671124,NORMAL
2024-09-26,20240926SKNC0,NC,SSG,5.542463931367768,5.368846667777516,1.0,10.0,10.911310599145285,11.0,0.17361726359025198,-9.0,0.5450493516764056,NC,SSG,wrong,MID_7_11,4.542463931367768,4.631153332222484,0.08868940085471522,9.173617263590252,RUN_DIFF_DIRECTION_MISS|BLOWOUT_UNDERPREDICTED
2024-09-26,20240926WOLG0,LG,키움,5.406205914289489,4.991258823905009,6.0,3.0,10.397464738194499,9.0,0.4149470903844801,3.0,0.5678158480827632,LG,LG,correct,MID_7_11,0.5937940857105106,1.9912588239050093,1.3974647381944987,2.58505290961552,NORMAL
2024-09-27,20240927HTHH0,한화,KIA,4.968402157057163,5.313866077298834,8.0,0.0,10.282268234355996,8.0,-0.34546392024167094,8.0,0.49556207685899767,KIA,한화,wrong,MID_7_11,3.031597842942837,5.313866077298834,2.282268234355996,8.34546392024167,RUN_DIFF_DIRECTION_MISS|BLOWOUT_UNDERPREDICTED
2024-09-27,20240927NCLT0,롯데,NC,5.351530761663653,5.359410113069982,13.0,6.0,10.710940874733636,19.0,-0.007879351406328894,7.0,0.5277970722426073,롯데,롯데,correct,HIGH_12_PLUS,7.648469238336347,0.6405898869300177,8.289059125266364,7.007879351406329,RUN_DIFF_DIRECTION_MISS|BLOWOUT_UNDERPREDICTED
2024-09-27,20240927WOKT0,KT,키움,5.401387892646801,4.720179898916197,8.0,7.0,10.121567791562999,15.0,0.6812079937306033,1.0,0.5926024466402438,KT,KT,correct,HIGH_12_PLUS,2.5986121073531994,2.2798201010838026,4.878432208437001,0.31879200626939674,NORMAL
2024-09-28,20240928HTLT0,롯데,KIA,5.153974307183274,5.284791348885901,8.0,12.0,10.438765656069176,20.0,-0.13081704170262665,-4.0,0.5160707625186235,롯데,KIA,wrong,HIGH_12_PLUS,2.846025692816726,6.715208651114099,9.561234343930824,3.8691829582973734,HIGH_SCORING_MISS
2024-09-28,20240928LGSS0,삼성,LG,5.321145750896042,5.206698204891391,4.0,11.0,10.527843955787432,15.0,0.11444754600465057,-7.0,0.539434777644276,삼성,LG,wrong,HIGH_12_PLUS,1.3211457508960418,5.793301795108609,4.472156044212568,7.114447546004651,HIGH_SCORING_MISS|RUN_DIFF_DIRECTION_MISS|BLOWOUT_UNDERPREDICTED
2024-09-28,20240928OBNC0,NC,두산,5.17685517499704,5.558992174753651,3.0,4.0,10.73584734975069,7.0,-0.38213699975661086,-1.0,0.49205769036294134,두산,두산,correct,MID_7_11,2.1768551749970397,1.5589921747536506,3.7358473497506903,0.6178630002433891,NORMAL
2024-09-28,20240928SKHH0,한화,SSG,5.115002200124062,5.4227496903029255,2.0,6.0,10.537751890426987,8.0,-0.3077474901788637,-4.0,0.4991666147643536,SSG,SSG,correct,MID_7_11,3.115002200124062,0.5772503096970745,2.5377518904269873,3.6922525098211363,NORMAL
2024-09-28,20240928WOKT0,KT,키움,5.300689645542198,5.104069938016735,10.0,7.0,10.404759583558933,17.0,0.19661970752546232,3.0,0.5472290292059742,KT,KT,correct,HIGH_12_PLUS,4.699310354457802,1.8959300619832646,6.595240416441067,2.8033802924745377,NORMAL
2024-09-29,20240929NCHH0,한화,NC,5.307935539293537,5.344283288313493,2.0,7.0,10.65221882760703,9.0,-0.03634774901995641,-5.0,0.5250838913602618,한화,NC,wrong,MID_7_11,3.3079355392935366,1.655716711686507,1.6522188276070295,4.963652250980044,BLOWOUT_UNDERPREDICTED
2024-09-30,20240930NCHT0,KIA,NC,5.573904140925299,5.047496842201844,10.0,5.0,10.621400983127142,15.0,0.5264072987234547,5.0,0.578240714449418,KIA,KIA,correct,HIGH_12_PLUS,4.426095859074701,0.047496842201844025,4.378599016872858,4.473592701276545,BLOWOUT_UNDERPREDICTED
2024-09-30,20240930WOSK0,SSG,키움,5.3969625491082684,5.138498234618747,7.0,2.0,10.535460783727014,9.0,0.25846431448952156,5.0,0.5530801305146983,SSG,SSG,correct,MID_7_11,1.6030374508917316,3.138498234618747,1.5354607837270144,4.741535685510478,BLOWOUT_UNDERPREDICTED
2024-10-01,20241001LTNC0,NC,롯데,5.071247087847779,5.673604315451106,1.0,5.0,10.744851403298885,6.0,-0.6023572276033269,-4.0,0.471042464889129,롯데,롯데,correct,LOW_0_6,4.071247087847779,0.6736043154511062,4.744851403298885,3.397642772396673,NORMAL
2025-03-22,20250322HHKT0,KT,한화,5.161621218461681,5.126199650683042,3.0,4.0,10.287820869144724,7.0,0.035421567778638696,-1.0,0.5319206674257339,KT,한화,wrong,MID_7_11,2.161621218461681,1.1261996506830423,3.287820869144724,1.0354215677786387,RUN_DIFF_DIRECTION_MISS|CLOSE_GAME_NOISE
2025-03-22,20250322LTLG0,LG,롯데,5.161621218461681,5.126199650683042,12.0,2.0,10.287820869144724,14.0,0.035421567778638696,10.0,0.5319206674257339,LG,LG,correct,HIGH_12_PLUS,6.838378781538319,3.1261996506830423,3.712179130855276,9.964578432221362,BLOWOUT_UNDERPREDICTED
2025-03-22,20250322NCHT0,KIA,NC,5.161621218461681,5.126199650683042,9.0,2.0,10.287820869144724,11.0,0.035421567778638696,7.0,0.5319206674257339,KIA,KIA,correct,MID_7_11,3.838378781538319,3.1261996506830423,0.7121791308552758,6.964578432221361,BLOWOUT_UNDERPREDICTED
2025-03-22,20250322OBSK0,SSG,두산,5.161621218461681,5.126199650683042,6.0,5.0,10.287820869144724,11.0,0.035421567778638696,1.0,0.5319206674257339,SSG,SSG,correct,MID_7_11,0.838378781538319,0.12619965068304229,0.7121791308552758,0.9645784322213613,NORMAL
2025-03-22,20250322WOSS0,삼성,키움,5.161621218461681,5.126199650683042,13.0,5.0,10.287820869144724,18.0,0.035421567778638696,8.0,0.5319206674257339,삼성,삼성,correct,HIGH_12_PLUS,7.838378781538319,0.12619965068304229,7.712179130855276,7.964578432221361,BLOWOUT_UNDERPREDICTED
2025-03-23,20250323HHKT0,KT,한화,4.028723202386689,4.580904189385302,5.0,4.0,8.60962739177199,9.0,-0.5521809869986134,1.0,0.4758243586478213,한화,KT,wrong,MID_7_11,0.971276797613311,0.5809041893853024,0.39037260822800945,1.5521809869986134,RUN_DIFF_DIRECTION_MISS|CLOSE_GAME_NOISE
2025-03-23,20250323LTLG0,LG,롯데,10.756440287009555,3.8855930799455587,10.0,2.0,14.642033366955115,12.0,6.8708472070639965,8.0,0.939401427158972,LG,LG,correct,HIGH_12_PLUS,0.7564402870095552,1.8855930799455587,2.642033366955115,1.1291527929360035,NORMAL
2025-03-23,20250323NCHT0,KIA,NC,7.801675472184325,3.7739143777561193,4.0,5.0,11.575589849940444,9.0,4.027761094428206,-1.0,0.8394428049713603,KIA,NC,wrong,MID_7_11,3.801675472184325,1.2260856222438807,2.575589849940444,5.027761094428206,RUN_DIFF_DIRECTION_MISS|CLOSE_GAME_NOISE
2025-03-23,20250323OBSK0,SSG,두산,5.826026631453114,5.0536767333176655,5.0,2.0,10.87970336477078,7.0,0.7723498981354489,3.0,0.6009864244501857,SSG,SSG,correct,MID_7_11,0.8260266314531144,3.0536767333176655,3.87970336477078,2.227650101864551,NORMAL
2025-03-23,20250323WOSS0,삼성,키움,12.3261488565141,5.4095328796990705,11.0,7.0,17.73568173621317,18.0,6.91661597681503,4.0,0.9403898406135717,삼성,삼성,correct,HIGH_12_PLUS,1.3261488565141004,1.5904671203009295,0.26431826378683,2.91661597681503,NORMAL
2025-03-25,20250325HHLG0,LG,한화,6.535804018946952,3.7893053141257176,5.0,0.0,10.32510933307267,5.0,2.7464987048212346,5.0,0.7621085075360124,LG,LG,correct,LOW_0_6,1.5358040189469522,3.7893053141257176,5.325109333072669,2.2535012951787654,NORMAL
2025-03-25,20250325LTSK0,SSG,롯데,7.188220280627277,4.293908241322721,2.0,3.0,11.482128521949999,5.0,2.8943120393045563,-1.0,0.7722011113176649,SSG,롯데,wrong,LOW_0_6,5.188220280627277,1.293908241322721,6.482128521949999,3.8943120393045563,LOW_SCORING_MISS|RUN_DIFF_DIRECTION_MISS|CLOSE_GAME_NOISE
2025-03-25,20250325NCSS0,삼성,NC,8.439674909452949,4.660383560480921,14.0,5.0,13.10005846993387,19.0,3.779291348972028,9.0,0.8262242579868689,삼성,삼성,correct,HIGH_12_PLUS,5.560325090547051,0.33961643951907927,5.89994153006613,5.220708651027972,NORMAL
2025-03-25,20250325OBKT0,KT,두산,4.9977816264177815,4.490745473580359,8.0,3.0,9.48852709999814,11.0,0.5070361528374221,5.0,0.5764336597074708,KT,KT,correct,MID_7_11,3.0022183735822185,1.4907454735803594,1.5114729000018592,4.492963847162578,BLOWOUT_UNDERPREDICTED
2025-03-25,20250325WOHT0,KIA,키움,7.753124474380342,5.552016527852751,11.0,6.0,13.305141002233093,17.0,2.201107946527591,5.0,0.7222754630047864,KIA,KIA,correct,HIGH_12_PLUS,3.246875525619658,0.4479834721472491,3.6948589977669073,2.798892053472409,NORMAL
2025-03-26,20250326HHLG0,LG,한화,6.003237603566524,3.496298538510849,4.0,0.0,9.499536142077373,4.0,2.506939065055675,4.0,0.7451087180879845,LG,LG,correct,LOW_0_6,2.0032376035665242,3.496298538510849,5.499536142077373,1.493060934944325,NORMAL
2025-03-26,20250326LTSK0,SSG,롯데,5.730085504194571,4.242058143562542,3.0,1.0,9.972143647757115,4.0,1.488027360632029,2.0,0.6644465667920015,SSG,SSG,correct,LOW_0_6,2.7300855041945713,3.2420581435625424,5.972143647757115,0.5119726393679711,NORMAL
2025-03-26,20250326NCSS0,삼성,NC,9.975169500466333,4.939364736041753,6.0,8.0,14.914534236508086,14.0,5.035804764424579,-2.0,0.8848775717074531,삼성,NC,wrong,HIGH_12_PLUS,3.9751695004663326,3.060635263958247,0.9145342365080857,7.035804764424579,HIGH_SCORING_MISS|RUN_DIFF_DIRECTION_MISS
2025-03-26,20250326OBKT0,KT,두산,5.641826037019558,4.400442913121009,2.0,3.0,10.042268950140567,5.0,1.241383123898549,-1.0,0.6431089566807937,KT,두산,wrong,LOW_0_6,3.641826037019558,1.400442913121009,5.042268950140567,2.241383123898549,LOW_SCORING_MISS|RUN_DIFF_DIRECTION_MISS|CLOSE_GAME_NOISE
2025-03-26,20250326WOHT0,KIA,키움,8.497046580497994,5.69682990112751,10.0,17.0,14.193876481625503,27.0,2.800216679370484,-7.0,0.7658115761071405,KIA,키움,wrong,HIGH_12_PLUS,1.5029534195020062,11.30317009887249,12.806123518374497,9.800216679370484,HIGH_SCORING_MISS|RUN_DIFF_DIRECTION_MISS
2025-03-27,20250327HHLG0,LG,한화,5.555317577320499,3.33032470963255,2.0,1.0,8.885642286953049,3.0,2.2249928676879485,1.0,0.7241033541338396,LG,LG,correct,LOW_0_6,3.5553175773204986,2.33032470963255,5.885642286953049,1.2249928676879485,NORMAL
2025-03-27,20250327LTSK0,SSG,롯데,5.247810927235207,3.952978437277317,5.0,2.0,9.200789364512524,7.0,1.2948324899578902,3.0,0.6477849357748,SSG,SSG,correct,MID_7_11,0.24781092723520715,1.952978437277317,2.2007893645125236,1.7051675100421098,NORMAL
2025-03-27,20250327NCSS0,삼성,NC,8.683207268236686,5.451195484027986,5.0,11.0,14.134402752264672,16.0,3.2320117842086997,-6.0,0.7941101875086679,삼성,NC,wrong,HIGH_12_PLUS,3.6832072682366856,5.548804515972014,1.8655972477353284,9.2320117842087,HIGH_SCORING_MISS|RUN_DIFF_DIRECTION_MISS
2025-03-27,20250327OBKT0,KT,두산,5.04484898194149,4.309224904780298,4.0,3.0,9.354073886721789,7.0,0.7356240771611917,1.0,0.5976149035362188,KT,KT,correct,MID_7_11,1.04484898194149,1.3092249047802982,2.354073886721789,0.2643759228388083,NORMAL
2025-03-27,20250327WOHT0,KIA,키움,8.77210553463439,7.800650781064835,3.0,5.0,16.572756315699223,8.0,0.9714547535695548,-2.0,0.6190912199604551,KIA,키움,wrong,MID_7_11,5.77210553463439,2.800650781064835,8.572756315699223,2.971454753569555,RUN_DIFF_DIRECTION_MISS
2025-03-28,20250328HTHH0,한화,KIA,4.538197432764614,5.926158543207442,7.0,2.0,10.464355975972055,9.0,-1.387961110442828,5.0,0.39740523691788165,KIA,한화,wrong,MID_7_11,2.4618025672353863,3.9261585432074417,1.4643559759720546,6.387961110442828,RUN_DIFF_DIRECTION_MISS
2025-03-28,20250328KTLT0,롯데,KT,4.09639992420584,5.3244070592525885,0.0,2.0,9.420806983458428,2.0,-1.2280071350467487,-2.0,0.41213663395554384,KT,KT,correct,LOW_0_6,4.09639992420584,3.3244070592525885,7.420806983458428,0.7719928649532513,NORMAL
2025-03-28,20250328LGNC0,NC,LG,4.596867347099105,5.8068051001048,4.0,8.0,10.403672447203904,12.0,-1.2099377530056952,-4.0,0.4138112521940196,LG,LG,correct,HIGH_12_PLUS,0.5968673470991046,2.1931948998952002,1.5963275527960956,2.790062246994305,NORMAL
2025-03-28,20250328SKWO0,키움,SSG,5.855999209360341,5.7504785091416135,9.0,3.0,11.606477718501955,12.0,0.10552070021872773,6.0,0.538586810350381,키움,키움,correct,HIGH_12_PLUS,3.1440007906396588,2.7504785091416135,0.39352228149804525,5.894479299781272,BLOWOUT_UNDERPREDICTED
2025-03-28,20250328SSOB0,두산,삼성,4.959854074329607,7.119703959214975,2.0,0.0,12.079558033544583,2.0,-2.159849884885368,2.0,0.3292953513833058,삼성,두산,wrong,LOW_0_6,2.9598540743296073,7.119703959214975,10.079558033544583,4.159849884885368,LOW_SCORING_MISS|RUN_DIFF_DIRECTION_MISS
2025-03-29,20250329HTHH0,한화,KIA,4.82751247107329,5.471180729818083,5.0,4.0,10.298693200891373,9.0,-0.6436682587447926,1.0,0.46710938947526487,KIA,한화,wrong,MID_7_11,0.17248752892670982,1.4711807298180828,1.298693200891373,1.6436682587447926,RUN_DIFF_DIRECTION_MISS|CLOSE_GAME_NOISE
2025-03-29,20250329KTLT0,롯데,KT,3.8380826124725864,4.95149428880312,3.0,1.0,8.789576901275707,4.0,-1.113411676330534,2.0,0.42278990965888946,KT,롯데,wrong,LOW_0_6,0.8380826124725864,3.9514942888031204,4.789576901275707,3.113411676330534,LOW_SCORING_MISS|RUN_DIFF_DIRECTION_MISS
2025-03-29,20250329LGNC0,NC,LG,4.626288546778736,5.9965728065825905,4.0,14.0,10.622861353361326,18.0,-1.3702842598038547,-10.0,0.3990246451308748,LG,LG,correct,HIGH_12_PLUS,0.6262885467787358,8.003427193417409,7.377138646638674,8.629715740196145,NORMAL
2025-03-29,20250329SKWO0,키움,SSG,6.1510752430255575,5.451870907439028,3.0,1.0,11.602946150464586,4.0,0.6992043355865292,2.0,0.5942623421164962,키움,키움,correct,LOW_0_6,3.1510752430255575,4.451870907439028,7.602946150464586,1.3007956644134708,NORMAL
2025-03-29,20250329SSOB0,두산,삼성,4.715369714296499,6.086319951189107,2.0,13.0,10.801689665485606,15.0,-1.3709502368926074,-11.0,0.3989635934729407,삼성,삼성,correct,HIGH_12_PLUS,2.715369714296499,6.913680048810893,4.198310334514394,9.629049763107393,NORMAL
2025-03-30,20250330HTHH0,한화,KIA,4.884397397986952,5.304801911529795,3.0,5.0,10.189199309516747,8.0,-0.42040451354284336,-2.0,0.4884017810341127,KIA,KIA,correct,MID_7_11,1.8843973979869517,0.3048019115297951,2.189199309516747,1.5795954864571566,NORMAL
2025-03-30,20250330SKWO0,키움,SSG,5.709282347876633,5.068068283893092,2.0,8.0,10.777350631769725,10.0,0.6412140639835409,-6.0,0.5889060740369962,키움,SSG,wrong,MID_7_11,3.7092823478766332,2.9319317161069076,0.7773506317697247,6.641214063983541,RUN_DIFF_DIRECTION_MISS|BLOWOUT_UNDERPREDICTED
2025-03-30,20250330SSOB0,두산,삼성,4.599465587198163,6.723846883221744,2.0,3.0,11.323312470419907,5.0,-2.1243812960235804,-1.0,0.3322969561951414,삼성,삼성,correct,LOW_0_6,2.5994655871981633,3.7238468832217437,6.323312470419907,1.1243812960235804,NORMAL
2025-04-02,20250402LGKT0,KT,LG,3.6212688915008444,4.99248831132354,9.0,5.0,8.613757202824385,14.0,-1.3712194198226957,4.0,0.39893891774322454,LG,KT,wrong,HIGH_12_PLUS,5.378731108499156,0.0075116886764599045,5.3862427971756155,5.371219419822696,HIGH_SCORING_MISS|RUN_DIFF_DIRECTION_MISS
2025-04-02,20250402LTHH0,한화,롯데,4.435145157947701,4.006329876808915,2.0,6.0,8.441475034756616,8.0,0.4288152811387853,-4.0,0.5691164128300035,한화,롯데,wrong,MID_7_11,2.4351451579477006,1.9936701231910847,0.44147503475661587,4.428815281138785,RUN_DIFF_DIRECTION_MISS
2025-04-02,20250402SSHT0,KIA,삼성,5.40655876960731,6.358172201227152,2.0,4.0,11.764730970834462,6.0,-0.9516134316198421,-2.0,0.43795221511814336,삼성,삼성,correct,LOW_0_6,3.40655876960731,2.358172201227152,5.764730970834462,1.0483865683801579,NORMAL
2025-04-02,20250402WOOB0,두산,키움,4.917856614443932,5.864822514883867,5.0,3.0,10.7826791293278,8.0,-0.9469659004399356,2.0,0.43838959923015935,키움,두산,wrong,MID_7_11,0.08214338555606826,2.8648225148838673,2.7826791293278,2.9469659004399356,RUN_DIFF_DIRECTION_MISS
2025-04-03,20250403LGKT0,KT,LG,4.118730847076688,5.206970669475991,1.0,5.0,9.32570151655268,6.0,-1.088239822399303,-4.0,0.42514000851616274,LG,LG,correct,LOW_0_6,3.118730847076688,0.2069706694759912,3.32570151655268,2.911760177600697,NORMAL
2025-04-03,20250403LTHH0,한화,롯데,4.47967413945049,4.196517827021945,2.0,4.0,8.676191966472436,6.0,0.2831563124285452,-2.0,0.5554122249788704,한화,롯데,wrong,LOW_0_6,2.4796741394504904,0.1965178270219452,2.6761919664724356,2.283156312428545,LOW_SCORING_MISS|RUN_DIFF_DIRECTION_MISS
2025-04-03,20250403SSHT0,KIA,삼성,5.2475691073749475,6.274214276251025,3.0,1.0,11.521783383625973,4.0,-1.0266451688760778,2.0,0.4309047011149643,삼성,KIA,wrong,LOW_0_6,2.2475691073749475,5.274214276251025,7.521783383625973,3.026645168876078,LOW_SCORING_MISS|RUN_DIFF_DIRECTION_MISS
2025-04-03,20250403WOOB0,두산,키움,5.101780257747181,5.686846969025143,6.0,1.0,10.788627226772324,7.0,-0.5850667112779622,5.0,0.47268972940637477,키움,두산,wrong,MID_7_11,0.8982197422528193,4.686846969025143,3.7886272267723236,5.585066711277962,RUN_DIFF_DIRECTION_MISS|BLOWOUT_UNDERPREDICTED
2025-04-04,20250404HHSS0,삼성,한화,5.443969950143103,4.307125150943746,5.0,0.0,9.751095101086849,5.0,1.1368447991993573,5.0,0.6338849094223373,삼성,삼성,correct,LOW_0_6,0.4439699501431029,4.307125150943746,4.7510951010868485,3.8631552008006427,NORMAL
2025-04-04,20250404HTLG0,LG,KIA,5.830124911381937,4.443543989616199,8.0,2.0,10.273668900998135,10.0,1.3865809217657379,6.0,0.6557454430638349,LG,LG,correct,MID_7_11,2.1698750886180633,2.443543989616199,0.27366890099813546,4.613419078234262,NORMAL
2025-04-04,20250404KTSK0,SSG,KT,4.691988291203817,3.8442081833152444,3.0,2.0,8.53619647451906,5.0,0.8477801078885725,1.0,0.6078808445926746,SSG,SSG,correct,LOW_0_6,1.6919882912038169,1.8442081833152444,3.536196474519061,0.1522198921114275,NORMAL
2025-04-04,20250404NCWO0,키움,NC,5.680479974247236,6.800567166339914,5.0,1.0,12.481047140587151,6.0,-1.1200871920926785,4.0,0.42216725031174135,NC,키움,wrong,LOW_0_6,0.6804799742472358,5.800567166339914,6.481047140587151,5.1200871920926785,LOW_SCORING_MISS|RUN_DIFF_DIRECTION_MISS
2025-04-04,20250404OBLT0,롯데,두산,4.362174915180429,4.509039275169819,3.0,15.0,8.871214190350248,18.0,-0.14686435998939018,-12.0,0.5145385182751258,롯데,두산,wrong,HIGH_12_PLUS,1.3621749151804288,10.490960724830181,9.128785809649752,11.85313564001061,HIGH_SCORING_MISS|BLOWOUT_UNDERPREDICTED
2025-04-05,20250405HHSS0,삼성,한화,5.39395864050627,4.137578286319113,6.0,7.0,9.531536926825382,13.0,1.256380354187157,-1.0,0.6444237783425657,삼성,한화,wrong,HIGH_12_PLUS,0.6060413594937302,2.862421713680887,3.468463073174618,2.256380354187157,HIGH_SCORING_MISS|RUN_DIFF_DIRECTION_MISS|CLOSE_GAME_NOISE
2025-04-05,20250405NCWO0,키움,NC,6.2988140674303645,5.74907778124485,5.0,7.0,12.047891848675214,12.0,0.5497362861855146,-2.0,0.5804141979766237,키움,NC,wrong,HIGH_12_PLUS,1.2988140674303645,1.25092221875515,0.047891848675213566,2.5497362861855146,HIGH_SCORING_MISS|RUN_DIFF_DIRECTION_MISS
2025-04-05,20250405OBLT0,롯데,두산,4.3335673618611,5.092872847492083,6.0,1.0,9.426440209353181,7.0,-0.7593054856309829,5.0,0.4561232357258575,두산,롯데,wrong,MID_7_11,1.6664326381389003,4.092872847492083,2.4264402093531814,5.759305485630983,RUN_DIFF_DIRECTION_MISS|BLOWOUT_UNDERPREDICTED
2025-04-06,20250406HHSS0,삼성,한화,5.415196009940663,4.307762457148627,10.0,0.0,9.72295846708929,10.0,1.1074335527920365,10.0,0.6312716404799198,삼성,삼성,correct,MID_7_11,4.584803990059337,4.307762457148627,0.2770415329107099,8.892566447207964,NORMAL
2025-04-06,20250406HTLG0,LG,KIA,5.868042474532113,4.3036636610470165,5.0,1.0,10.171706135579129,6.0,1.5643788134850967,4.0,0.6709227888302699,LG,LG,correct,LOW_0_6,0.8680424745321131,3.3036636610470165,4.171706135579129,2.4356211865149033,NORMAL
2025-04-06,20250406KTSK0,SSG,KT,4.33530281294472,4.174064098105695,1.0,0.0,8.509366911050414,1.0,0.1612387148390253,1.0,0.5438756584768493,SSG,SSG,correct,LOW_0_6,3.33530281294472,4.174064098105695,7.509366911050414,0.8387612851609747,NORMAL
2025-04-06,20250406NCWO0,키움,NC,6.164649416310079,5.756463837502152,2.0,8.0,11.92111325381223,10.0,0.4081855788079265,-6.0,0.5671814103633418,키움,NC,wrong,MID_7_11,4.164649416310079,2.243536162497848,1.92111325381223,6.4081855788079265,RUN_DIFF_DIRECTION_MISS|BLOWOUT_UNDERPREDICTED
2025-04-06,20250406OBLT0,롯데,두산,4.382439997387145,4.7921997414372814,12.0,15.0,9.174639738824427,27.0,-0.4097597440501364,-3.0,0.48941862749447285,두산,두산,correct,HIGH_12_PLUS,7.617560002612855,10.207800258562719,17.825360261175575,2.5902402559498636,NORMAL
2025-04-08,20250408HHOB0,두산,한화,5.161725463398725,4.371561644168798,6.0,5.0,9.533287107567524,11.0,0.7901638192299272,1.0,0.6026183658722363,두산,두산,correct,MID_7_11,0.8382745366012747,0.6284383558312019,1.4667128924324757,0.20983618077007282,NORMAL
2025-04-08,20250408HTLT0,롯데,KIA,5.06480110053953,5.105418462491151,4.0,5.0,10.170219563030681,9.0,-0.04061736195162169,-1.0,0.5246768441861148,롯데,KIA,wrong,MID_7_11,1.0648011005395297,0.10541846249115139,1.170219563030681,0.9593826380483783,CLOSE_GAME_NOISE
2025-04-08,20250408LGWO0,키움,LG,4.421005436293391,5.7981542573526355,1.0,13.0,10.219159693646027,14.0,-1.3771488210592446,-12.0,0.39839550583781164,LG,LG,correct,HIGH_12_PLUS,3.421005436293391,7.2018457426473645,3.780840306353973,10.622851178940756,NORMAL
2025-04-08,20250408NCKT0,KT,NC,4.9644933223213705,4.971129767449318,3.0,2.0,9.935623089770688,5.0,-0.006636445127947255,1.0,0.5279154912040486,KT,KT,correct,LOW_0_6,1.9644933223213705,2.971129767449318,4.935623089770688,1.0066364451279473,RUN_DIFF_DIRECTION_MISS
2025-04-08,20250408SKSS0,삼성,SSG,4.993281503837904,4.21263660885923,7.0,3.0,9.205918112697134,10.0,0.780644894978674,4.0,0.6017466143550244,삼성,삼성,correct,MID_7_11,2.0067184961620956,1.2126366088592304,0.7940818873028661,3.219355105021326,NORMAL
2025-04-09,20250409HHOB0,두산,한화,5.242763949325014,4.500049166909772,4.0,5.0,9.742813116234785,9.0,0.7427147824152422,-1.0,0.5982665777404232,두산,한화,wrong,MID_7_11,1.2427639493250142,0.49995083309022803,0.7428131162347853,1.7427147824152422,RUN_DIFF_DIRECTION_MISS|CLOSE_GAME_NOISE
2025-04-09,20250409HTLT0,롯데,KIA,5.085647101153867,5.168743163084976,1.0,3.0,10.254390264238843,4.0,-0.08309606193110852,-2.0,0.52062540273167,롯데,KIA,wrong,LOW_0_6,4.085647101153867,2.168743163084976,6.254390264238843,1.9169039380688915,LOW_SCORING_MISS
2025-04-09,20250409LGWO0,키움,LG,4.3442414133402725,6.1220869388591375,4.0,0.0,10.46632835219941,4.0,-1.777845525518865,4.0,0.36231340204008977,LG,키움,wrong,LOW_0_6,0.3442414133402725,6.1220869388591375,6.46632835219941,5.777845525518865,LOW_SCORING_MISS|RUN_DIFF_DIRECTION_MISS
2025-04-09,20250409NCKT0,KT,NC,4.902315862284723,4.837009102641094,4.0,1.0,9.739324964925817,5.0,0.06530675964362942,3.0,0.5347641610713388,KT,KT,correct,LOW_0_6,0.9023158622847234,3.837009102641094,4.739324964925817,2.9346932403563706,NORMAL
2025-04-09,20250409SKSS0,삼성,SSG,5.101600069671155,4.147698296737262,1.0,3.0,9.249298366408418,4.0,0.953901772933893,-2.0,0.617507548718377,삼성,SSG,wrong,LOW_0_6,4.101600069671155,1.1476982967372624,5.249298366408418,2.953901772933893,LOW_SCORING_MISS|RUN_DIFF_DIRECTION_MISS
2025-04-10,20250410HHOB0,두산,한화,5.272468028123183,4.544065684553835,2.0,7.0,9.816533712677018,9.0,0.7284023435693481,-5.0,0.5969508325471063,두산,한화,wrong,MID_7_11,3.272468028123183,2.4559343154461653,0.8165337126770176,5.728402343569348,RUN_DIFF_DIRECTION_MISS|BLOWOUT_UNDERPREDICTED
2025-04-10,20250410HTLT0,롯데,KIA,4.8093776846964875,4.997708277549494,8.0,3.0,9.807085962245981,11.0,-0.18833059285300635,5.0,0.5105780073620242,롯데,롯데,correct,MID_7_11,3.1906223153035125,1.9977082775494939,1.1929140377540186,5.188330592853006,RUN_DIFF_DIRECTION_MISS|BLOWOUT_UNDERPREDICTED
2025-04-10,20250410LGWO0,키움,LG,4.372468633307574,5.758007606076723,3.0,7.0,10.130476239384297,10.0,-1.3855389727691492,-4.0,0.3976270013792192,LG,LG,correct,MID_7_11,1.372468633307574,1.2419923939232769,0.1304762393842971,2.614461027230851,NORMAL
2025-04-10,20250410NCKT0,KT,NC,4.886351563778754,4.646348712507096,0.0,7.0,9.53270027628585,7.0,0.2400028512716581,-7.0,0.5513349605904866,KT,NC,wrong,MID_7_11,4.886351563778754,2.3536512874929043,2.5327002762858495,7.240002851271658,RUN_DIFF_DIRECTION_MISS|BLOWOUT_UNDERPREDICTED
2025-04-10,20250410SKSS0,삼성,SSG,4.871920038427627,4.058267988407814,3.0,2.0,8.930188026835442,5.0,0.8136520500198126,1.0,0.604766644014848,삼성,삼성,correct,LOW_0_6,1.8719200384276267,2.058267988407814,3.9301880268354417,0.18634794998018744,NORMAL
2025-04-11,20250411LTNC0,NC,롯데,5.180971211130451,4.980501040904697,5.0,7.0,10.161472252035148,12.0,0.20047017022575453,-2.0,0.5475937187492325,NC,롯데,wrong,HIGH_12_PLUS,0.18097121113045134,2.019498959095303,1.8385277479648519,2.2004701702257545,HIGH_SCORING_MISS|RUN_DIFF_DIRECTION_MISS
2025-04-11,20250411OBLG0,LG,두산,5.662590069054712,4.397856937528406,5.0,2.0,10.060447006583118,7.0,1.264733131526306,3.0,0.6451551321443627,LG,LG,correct,MID_7_11,0.662590069054712,2.397856937528406,3.060447006583118,1.735266868473694,NORMAL
2025-04-11,20250411SKHT0,KIA,SSG,4.505860580795093,4.536693062595135,3.0,9.0,9.042553643390228,12.0,-0.030832481800041833,-6.0,0.5256096446319832,KIA,SSG,wrong,HIGH_12_PLUS,1.505860580795093,4.463306937404865,2.957446356609772,5.969167518199958,HIGH_SCORING_MISS|BLOWOUT_UNDERPREDICTED
2025-04-11,20250411SSKT0,KT,삼성,4.007031516466083,4.8274698745037234,5.0,3.0,8.834501390969805,8.0,-0.8204383580376406,2.0,0.450331808423863,삼성,KT,wrong,MID_7_11,0.9929684835339172,1.8274698745037234,0.8345013909698054,2.8204383580376406,RUN_DIFF_DIRECTION_MISS
2025-04-11,20250411WOHH0,한화,키움,4.973501673552439,5.105198746245436,12.0,2.0,10.078700419797876,14.0,-0.13169707269299646,10.0,0.5159867421882254,한화,한화,correct,HIGH_12_PLUS,7.026498326447561,3.105198746245436,3.921299580202124,10.131697072692997,RUN_DIFF_DIRECTION_MISS|BLOWOUT_UNDERPREDICTED
2025-04-12,20250412LTNC0,NC,롯데,5.243315556095094,5.104448855102313,0.0,2.0,10.347764411197407,2.0,0.1388667009927813,-2.0,0.5417531899416984,NC,롯데,wrong,LOW_0_6,5.243315556095094,3.104448855102313,8.347764411197407,2.1388667009927813,LOW_SCORING_MISS|RUN_DIFF_DIRECTION_MISS
2025-04-12,20250412OBLG0,LG,두산,5.531488586894013,4.337755772446472,4.0,0.0,9.869244359340485,4.0,1.1937328144475412,4.0,0.6389171572593526,LG,LG,correct,LOW_0_6,1.531488586894013,4.337755772446472,5.869244359340485,2.806267185552459,NORMAL
2025-04-12,20250412WOHH0,한화,키움,5.3183884604508105,5.071937088802134,2.0,6.0,10.390325549252944,8.0,0.2464513716486767,-4.0,0.5519446878615324,한화,키움,wrong,MID_7_11,3.3183884604508105,0.9280629111978662,2.3903255492529443,4.246451371648677,RUN_DIFF_DIRECTION_MISS
2025-04-13,20250413LTNC0,NC,롯데,5.121390980077619,4.965168947940948,9.0,6.0,10.086559928018566,15.0,0.15622203213667074,3.0,0.5433998536148895,NC,NC,correct,HIGH_12_PLUS,3.878609019922381,1.0348310520590518,4.913440071981434,2.8437779678633293,NORMAL
2025-04-13,20250413OBLG0,LG,두산,5.547914254806574,4.210046601294565,2.0,9.0,9.757960856101139,11.0,1.3378676535120082,-7.0,0.6515294094095054,LG,두산,wrong,MID_7_11,3.5479142548065736,4.789953398705435,1.242039143898861,8.337867653512008,RUN_DIFF_DIRECTION_MISS
2025-04-13,20250413SKHT0,KIA,SSG,4.4384120229876425,4.703142238848399,11.0,5.0,9.141554261836042,16.0,-0.26473021586075696,6.0,0.5032778356755006,KIA,KIA,correct,HIGH_12_PLUS,6.5615879770123575,0.29685776115160056,6.858445738163958,6.264730215860757,RUN_DIFF_DIRECTION_MISS|BLOWOUT_UNDERPREDICTED
2025-04-13,20250413SSKT0,KT,삼성,4.031258311466519,4.697608844726195,6.0,5.0,8.728867156192713,11.0,-0.6663505332596769,1.0,0.46495159706357997,삼성,KT,wrong,MID_7_11,1.9687416885334814,0.30239115527380456,2.271132843807287,1.6663505332596769,RUN_DIFF_DIRECTION_MISS|CLOSE_GAME_NOISE
2025-04-13,20250413WOHH0,한화,키움,5.150657183464699,5.054035195263273,7.0,1.0,10.204692378727973,8.0,0.09662198820142631,6.0,0.5377412931974197,한화,한화,correct,MID_7_11,1.8493428165353007,4.054035195263273,2.204692378727973,5.903378011798574,BLOWOUT_UNDERPREDICTED
2025-04-15,20250415HHSK0,SSG,한화,4.638827796848532,4.405504079030051,0.0,2.0,9.044331875878584,2.0,0.2333237178184815,-2.0,0.5507032654511853,SSG,한화,wrong,LOW_0_6,4.638827796848532,2.4055040790300506,7.044331875878584,2.2333237178184815,LOW_SCORING_MISS|RUN_DIFF_DIRECTION_MISS
2025-04-15,20250415KTHT0,KIA,KT,4.6361246415957895,4.5417018233796655,1.0,0.0,9.177826464975455,1.0,0.09442281821612397,1.0,0.5375323039223151,KIA,KIA,correct,LOW_0_6,3.6361246415957895,4.5417018233796655,8.177826464975455,0.905577181783876,NORMAL
2025-04-15,20250415SSLG0,LG,삼성,4.90817903113754,4.564501265024532,3.0,0.0,9.472680296162071,3.0,0.34367776611300815,3.0,0.56111780075608,LG,LG,correct,LOW_0_6,1.9081790311375402,4.564501265024532,6.472680296162071,2.656322233886992,NORMAL
2025-04-15,20250415WOLT0,롯데,키움,5.283997884074183,5.175413670604399,8.0,6.0,10.459411554678582,14.0,0.10858421346978364,2.0,0.5388778410238305,롯데,롯데,correct,HIGH_12_PLUS,2.716002115925817,0.8245863293956006,3.5405884453214185,1.8914157865302164,NORMAL
2025-04-16,20250416HHSK0,SSG,한화,4.49817915567145,4.2959973024683595,4.0,10.0,8.794176458139809,14.0,0.2021818532030908,-6.0,0.547755821294091,SSG,한화,wrong,HIGH_12_PLUS,0.4981791556714503,5.7040026975316405,5.205823541860191,6.202181853203091,HIGH_SCORING_MISS|RUN_DIFF_DIRECTION_MISS|BLOWOUT_UNDERPREDICTED
2025-04-16,20250416KTHT0,KIA,KT,4.559585656231152,4.462658726153961,0.0,3.0,9.022244382385114,3.0,0.09692693007719111,-3.0,0.5377702710768728,KIA,KT,wrong,LOW_0_6,4.559585656231152,1.4626587261539612,6.022244382385114,3.096926930077191,LOW_SCORING_MISS|RUN_DIFF_DIRECTION_MISS
2025-04-16,20250416SSLG0,LG,삼성,4.839261347945236,4.431357492378344,12.0,2.0,9.270618840323579,14.0,0.4079038555668921,10.0,0.567154971263207,LG,LG,correct,HIGH_12_PLUS,7.160738652054764,2.4313574923783436,4.7293811596764215,9.592096144433107,BLOWOUT_UNDERPREDICTED
2025-04-16,20250416WOLT0,롯데,키움,5.4427807839881925,5.333970863263871,6.0,4.0,10.776751647252063,10.0,0.10880992072432161,2.0,0.5388992819399123,롯데,롯데,correct,MID_7_11,0.5572192160118075,1.333970863263871,0.7767516472520626,1.8911900792756784,NORMAL
2025-04-17,20250417HHSK0,SSG,한화,4.546300062976956,4.52627874832091,2.0,4.0,9.072578811297866,6.0,0.020021314656045952,-2.0,0.5304545541808663,SSG,한화,wrong,LOW_0_6,2.5463000629769557,0.5262787483209097,3.0725788112978663,2.020021314656046,LOW_SCORING_MISS|RUN_DIFF_DIRECTION_MISS
2025-04-17,20250417KTHT0,KIA,KT,4.41170970208932,4.397230376391537,5.0,4.0,8.808940078480857,9.0,0.014479325697783096,1.0,0.5299268235659286,KIA,KIA,correct,MID_7_11,0.5882902979106799,0.397230376391537,0.19105992151914286,0.9855206743022169,NORMAL
2025-04-17,20250417SSLG0,LG,삼성,5.131926785774936,4.4423610660878445,3.0,6.0,9.574287851862781,9.0,0.6895657196870912,-3.0,0.5933735881755315,LG,삼성,wrong,MID_7_11,2.1319267857749358,1.5576389339121555,0.5742878518627812,3.6895657196870912,RUN_DIFF_DIRECTION_MISS
2025-04-17,20250417WOLT0,롯데,키움,5.479473212496623,5.23928541306564,7.0,1.0,10.718758625562263,8.0,0.24018779943098245,6.0,0.5513524501615054,롯데,롯데,correct,MID_7_11,1.5205267875033774,4.23928541306564,2.7187586255622627,5.7598122005690175,BLOWOUT_UNDERPREDICTED
2025-04-18,20250418HTOB0,두산,KIA,5.371841080289088,4.389803457368831,7.0,1.0,9.761644537657919,8.0,0.9820376229202568,6.0,0.6200448111538089,두산,두산,correct,MID_7_11,1.6281589197109119,3.3898034573688314,1.7616445376579186,5.017962377079743,BLOWOUT_UNDERPREDICTED
2025-04-18,20250418KTWO0,키움,KT,4.6240658035228295,4.845721132924663,4.0,3.0,9.469786936447493,7.0,-0.22165532940183397,1.0,0.5073941183292816,키움,키움,correct,MID_7_11,0.6240658035228295,1.8457211329246634,2.469786936447493,1.221655329401834,RUN_DIFF_DIRECTION_MISS
2025-04-18,20250418LGSK0,SSG,LG,4.076839364176815,5.049210522322316,1.0,5.0,9.12604988649913,6.0,-0.972371158145501,-4.0,0.43599986973677723,LG,LG,correct,LOW_0_6,3.0768393641768146,0.0492105223223156,3.12604988649913,3.027628841854499,NORMAL
2025-04-18,20250418LTSS0,삼성,롯데,5.304674543574019,4.789030550887125,1.0,8.0,10.093705094461143,9.0,0.5156439926868943,-7.0,0.5772369052013506,삼성,롯데,wrong,MID_7_11,4.304674543574019,3.2109694491128753,1.0937050944611428,7.515643992686894,RUN_DIFF_DIRECTION_MISS|BLOWOUT_UNDERPREDICTED
2025-04-18,20250418NCHH0,한화,NC,4.377102509142156,5.170824195657713,12.0,4.0,9.547926704799869,16.0,-0.793721686515557,8.0,0.45286125277388006,NC,한화,wrong,HIGH_12_PLUS,7.622897490857844,1.1708241956577128,6.452073295200131,8.793721686515557,HIGH_SCORING_MISS|RUN_DIFF_DIRECTION_MISS|BLOWOUT_UNDERPREDICTED
2025-04-19,20250419HTOB0,두산,KIA,5.095044430751149,4.793805896519436,4.0,8.0,9.888850327270585,12.0,0.30123853423171276,-4.0,0.5571185024240494,두산,KIA,wrong,HIGH_12_PLUS,1.095044430751149,3.2061941034805637,2.1111496727294146,4.301238534231713,HIGH_SCORING_MISS|RUN_DIFF_DIRECTION_MISS
2025-04-19,20250419KTWO0,키움,KT,4.612097750703064,4.821447822752265,1.0,11.0,9.433545573455328,12.0,-0.20935007204920097,-10.0,0.5085698623365574,키움,KT,wrong,HIGH_12_PLUS,3.6120977507030636,6.178552177247735,2.566454426544672,9.790649927950799,HIGH_SCORING_MISS|BLOWOUT_UNDERPREDICTED
2025-04-19,20250419LGSK0,SSG,LG,4.073597778653017,5.1213689774796345,4.0,11.0,9.19496675613265,15.0,-1.0477711988266174,-7.0,0.42892530625843583,LG,LG,correct,HIGH_12_PLUS,0.07359777865301709,5.8786310225203655,5.805033243867349,5.952228801173383,NORMAL
2025-04-19,20250419LTSS0,삼성,롯데,5.036317460331254,4.781013567455503,10.0,3.0,9.817331027786757,13.0,0.2553038928757516,7.0,0.5527814660857009,삼성,삼성,correct,HIGH_12_PLUS,4.963682539668746,1.7810135674555028,3.182668972213243,6.744696107124248,BLOWOUT_UNDERPREDICTED
2025-04-19,20250419NCHH0,한화,NC,5.019785802571047,4.779074637328746,7.0,2.0,9.798860439899792,9.0,0.24071116524230085,5.0,0.5514019414149063,한화,한화,correct,MID_7_11,1.9802141974289533,2.779074637328746,0.7988604398997925,4.759288834757699,BLOWOUT_UNDERPREDICTED
2025-04-20,20250420HTOB0,두산,KIA,5.116197039799385,4.907717534507446,2.0,6.0,10.023914574306831,8.0,0.2084795052919386,-4.0,0.5483521441706664,두산,KIA,wrong,MID_7_11,3.116197039799385,1.0922824654925538,2.023914574306831,4.208479505291939,RUN_DIFF_DIRECTION_MISS
2025-04-20,20250420KTWO0,키움,KT,4.542898026948133,4.982665154513623,0.0,5.0,9.525563181461756,5.0,-0.4397671275654904,-5.0,0.4865524104601634,KT,KT,correct,LOW_0_6,4.542898026948133,0.01733484548637687,4.525563181461756,4.56023287243451,BLOWOUT_UNDERPREDICTED
2025-04-20,20250420LGSK0,SSG,LG,4.123352195073365,5.326413157931127,9.0,3.0,9.449765353004492,12.0,-1.2030609628577622,6.0,0.4144490994156596,LG,SSG,wrong,HIGH_12_PLUS,4.876647804926635,2.3264131579311274,2.5502346469955075,7.203060962857762,HIGH_SCORING_MISS|RUN_DIFF_DIRECTION_MISS
2025-04-20,20250420LTSS0,삼성,롯데,5.221316919537181,4.763001000509788,3.0,4.0,9.98431792004697,7.0,0.45831591902739355,-1.0,0.5718798044419489,삼성,롯데,wrong,MID_7_11,2.2213169195371814,0.7630010005097878,2.984317920046969,1.4583159190273935,RUN_DIFF_DIRECTION_MISS|CLOSE_GAME_NOISE
2025-04-20,20250420NCHH0,한화,NC,5.0704734590676175,4.747858497014835,7.0,1.0,9.818331956082453,8.0,0.32261496205278206,6.0,0.5591338879012958,한화,한화,correct,MID_7_11,1.9295265409323825,3.7478584970148354,1.818331956082453,5.677385037947218,BLOWOUT_UNDERPREDICTED
2025-04-22,20250422NCLG0,LG,NC,5.628006020134864,4.36402714992834,5.0,6.0,9.992033170063204,11.0,1.2639788702065236,-1.0,0.6450891182043406,LG,NC,wrong,MID_7_11,0.6280060201348636,1.63597285007166,1.0079668299367963,2.2639788702065236,RUN_DIFF_DIRECTION_MISS|CLOSE_GAME_NOISE
2025-04-22,20250422OBWO0,키움,두산,5.019228203694095,5.467606220001189,5.0,4.0,10.486834423695285,9.0,-0.4483780163070934,1.0,0.4857300786944951,두산,키움,wrong,MID_7_11,0.01922820369409539,1.4676062200011888,1.486834423695285,1.4483780163070934,RUN_DIFF_DIRECTION_MISS|CLOSE_GAME_NOISE
2025-04-22,20250422SKKT0,KT,SSG,4.500950237615711,4.287218854964788,9.0,3.0,8.7881690925805,12.0,0.21373138265092262,6.0,0.548849336853213,KT,KT,correct,HIGH_12_PLUS,4.499049762384289,1.287218854964788,3.2118309074195004,5.786268617349077,BLOWOUT_UNDERPREDICTED
2025-04-23,20250423HHLT0,롯데,한화,4.459988615155803,4.726584481398012,4.0,6.0,9.186573096553815,10.0,-0.2665958662422092,-2.0,0.5030995380498301,롯데,한화,wrong,MID_7_11,0.4599886151558028,1.273415518601988,0.8134269034461852,1.7334041337577908,NORMAL
2025-04-23,20250423HTSS0,삼성,KIA,5.080759160287076,4.602121674814707,7.0,2.0,9.682880835101782,9.0,0.47863748547236895,5.0,0.5737807775923367,삼성,삼성,correct,MID_7_11,1.9192408397129244,2.6021216748147067,0.6828808351017823,4.521362514527631,BLOWOUT_UNDERPREDICTED
2025-04-23,20250423NCLG0,LG,NC,5.686122038934911,4.4958749385530385,3.0,0.0,10.18199697748795,3.0,1.1902471003818729,3.0,0.6386096775527776,LG,LG,correct,LOW_0_6,2.6861220389349114,4.4958749385530385,7.18199697748795,1.8097528996181271,NORMAL
2025-04-23,20250423OBWO0,키움,두산,4.922124834923258,5.38007150135335,2.0,8.0,10.302196336276609,10.0,-0.4579466664300922,-6.0,0.48481637243261194,두산,두산,correct,MID_7_11,2.922124834923258,2.61992849864665,0.3021963362766087,5.542053333569908,BLOWOUT_UNDERPREDICTED
2025-04-23,20250423SKKT0,KT,SSG,4.756697407574928,4.353922550951927,5.0,11.0,9.110619958526854,16.0,0.40277485662300183,-6.0,0.5666735593922512,KT,SSG,wrong,HIGH_12_PLUS,0.24330259242507157,6.646077449048073,6.889380041473146,6.402774856623002,HIGH_SCORING_MISS|RUN_DIFF_DIRECTION_MISS|BLOWOUT_UNDERPREDICTED
2025-04-24,20250424HHLT0,롯데,한화,4.579052359497139,4.8380064960589015,5.0,3.0,9.41705885555604,8.0,-0.2589541365617629,2.0,0.503829842095643,롯데,롯데,correct,MID_7_11,0.4209476405028614,1.8380064960589015,1.4170588555560393,2.258954136561763,RUN_DIFF_DIRECTION_MISS
2025-04-24,20250424HTSS0,삼성,KIA,5.250593080312185,4.68834320797118,17.0,5.0,9.938936288283365,22.0,0.5622498723410043,12.0,0.5815787682346999,삼성,삼성,correct,HIGH_12_PLUS,11.749406919687814,0.3116567920288196,12.061063711716635,11.437750127658996,BLOWOUT_UNDERPREDICTED
2025-04-24,20250424NCLG0,LG,NC,5.568975666969196,4.4125002609450314,1.0,3.0,9.981475927914229,4.0,1.1564754060241649,-2.0,0.6356247784254734,LG,NC,wrong,LOW_0_6,4.568975666969196,1.4125002609450314,5.981475927914229,3.156475406024165,LOW_SCORING_MISS|RUN_DIFF_DIRECTION_MISS
2025-04-24,20250424OBWO0,키움,두산,4.8475711413754,5.408903426265337,3.0,9.0,10.256474567640737,12.0,-0.5613322848899376,-6.0,0.4749518655820697,두산,두산,correct,HIGH_12_PLUS,1.8475711413753997,3.5910965737346627,1.743525432359263,5.438667715110062,BLOWOUT_UNDERPREDICTED
2025-04-24,20250424SKKT0,KT,SSG,4.788351698521807,4.564525252567248,5.0,6.0,9.352876951089055,11.0,0.22382644595455936,-1.0,0.5498047568869407,KT,SSG,wrong,MID_7_11,0.2116483014781929,1.4354747474327523,1.6471230489109452,1.2238264459545594,RUN_DIFF_DIRECTION_MISS|CLOSE_GAME_NOISE
2025-04-25,20250425KTHH0,한화,KT,4.486471329647446,4.402929903262826,1.0,2.0,8.889401232910272,3.0,0.08354142638462037,-1.0,0.5364980419349058,한화,KT,wrong,LOW_0_6,3.486471329647446,2.4029299032628257,5.889401232910272,1.0835414263846204,LOW_SCORING_MISS|RUN_DIFF_DIRECTION_MISS|CLOSE_GAME_NOISE
2025-04-25,20250425LGHT0,KIA,LG,4.512844793528529,5.423247149564429,5.0,6.0,9.936091943092958,11.0,-0.9104023560358998,-1.0,0.4418339210418524,LG,LG,correct,MID_7_11,0.4871552064714706,0.5767528504355708,1.0639080569070423,0.0895976439641002,NORMAL
2025-04-25,20250425LTOB0,두산,롯데,5.030249493553734,4.802264870592655,2.0,8.0,9.83251436414639,10.0,0.22798462296107935,-6.0,0.5501981899479311,두산,롯데,wrong,MID_7_11,3.0302494935537343,3.197735129407345,0.16748563585361076,6.227984622961079,RUN_DIFF_DIRECTION_MISS|BLOWOUT_UNDERPREDICTED
2025-04-25,20250425NCSS0,삼성,NC,5.665573075595847,4.681971746421192,10.0,6.0,10.347544822017039,16.0,0.9836013291746548,4.0,0.6201856337708931,삼성,삼성,correct,HIGH_12_PLUS,4.334426924404153,1.3180282535788077,5.6524551779829615,3.016398670825345,NORMAL
2025-04-25,20250425WOSK0,SSG,키움,5.538615341335931,4.991517442645866,4.0,3.0,10.530132783981797,7.0,0.5470978986900654,1.0,0.5801685430156815,SSG,SSG,correct,MID_7_11,1.5386153413359311,1.9915174426458657,3.530132783981797,0.4529021013099346,NORMAL
2025-04-26,20250426KTHH0,한화,KT,4.410617090795615,4.344239081491427,2.0,1.0,8.754856172287042,3.0,0.06637800930418791,1.0,0.5348660466984725,한화,한화,correct,LOW_0_6,2.410617090795615,3.344239081491427,5.754856172287042,0.9336219906958121,NORMAL
2025-04-26,20250426LGHT0,KIA,LG,4.5134772743352745,5.386585354480952,8.0,4.0,9.900062628816226,12.0,-0.8731080801456779,4.0,0.44535285060541135,LG,KIA,wrong,HIGH_12_PLUS,3.4865227256647255,1.3865853544809523,2.099937371183774,4.873108080145678,HIGH_SCORING_MISS|RUN_DIFF_DIRECTION_MISS
2025-04-26,20250426LTOB0,두산,롯데,5.013187288398961,4.9318582855420825,4.0,7.0,9.945045573941044,11.0,0.0813290028568785,-3.0,0.5362877152767125,두산,롯데,wrong,MID_7_11,1.013187288398961,2.0681417144579175,1.0549544260589556,3.0813290028568785,RUN_DIFF_DIRECTION_MISS
2025-04-26,20250426NCSS0,삼성,NC,5.848100427672283,4.75008749615194,9.0,1.0,10.598187923824224,10.0,1.0980129315203433,8.0,0.6304329528829473,삼성,삼성,correct,MID_7_11,3.151899572327717,3.7500874961519397,0.5981879238242236,6.901987068479657,NORMAL
2025-04-26,20250426WOSK0,SSG,키움,5.4018157259554735,4.860542327762234,1.0,2.0,10.262358053717708,3.0,0.5412733981932396,-1.0,0.5796260949680712,SSG,키움,wrong,LOW_0_6,4.4018157259554735,2.860542327762234,7.262358053717708,1.5412733981932396,LOW_SCORING_MISS|RUN_DIFF_DIRECTION_MISS|CLOSE_GAME_NOISE
2025-04-27,20250427KTHH0,한화,KT,4.382815083407548,4.319711303818233,4.0,3.0,8.702526387225781,7.0,0.06310377958931568,1.0,0.5345546284388158,한화,한화,correct,MID_7_11,0.38281508340754833,1.3197113038182327,1.702526387225781,0.9368962204106843,NORMAL
2025-04-27,20250427LGHT0,KIA,LG,4.659157673789996,5.379644758907161,3.0,2.0,10.038802432697157,5.0,-0.7204870851171652,1.0,0.4598069691420879,LG,KIA,wrong,LOW_0_6,1.6591576737899958,3.379644758907161,5.038802432697157,1.7204870851171652,LOW_SCORING_MISS|RUN_DIFF_DIRECTION_MISS|CLOSE_GAME_NOISE
2025-04-27,20250427LTOB0,두산,롯데,4.937264148594784,4.936214377929284,13.0,4.0,9.873478526524067,17.0,0.0010497706655003824,9.0,0.5286477317154075,두산,두산,correct,HIGH_12_PLUS,8.062735851405215,0.936214377929284,7.126521473475933,8.9989502293345,BLOWOUT_UNDERPREDICTED
2025-04-27,20250427NCSS0,삼성,NC,5.896899009294,4.674570631616928,8.0,4.0,10.571469640910927,12.0,1.222328377677072,4.0,0.6414352961051534,삼성,삼성,correct,HIGH_12_PLUS,2.1031009907060003,0.6745706316169278,1.4285303590890734,2.777671622322928,NORMAL
2025-04-27,20250427WOSK0,SSG,키움,5.215439910972155,4.792778015045035,3.0,7.0,10.00821792601719,10.0,0.42266189592712067,-4.0,0.5685394623485621,SSG,키움,wrong,MID_7_11,2.2154399109721554,2.2072219849549652,0.00821792601719018,4.422661895927121,RUN_DIFF_DIRECTION_MISS
2025-04-29,20250429KTOB0,두산,KT,4.774448603310436,4.603620557374001,2.0,3.0,9.378069160684436,5.0,0.17082804593643441,-1.0,0.5447849304592514,두산,KT,wrong,LOW_0_6,2.774448603310436,1.6036205573740014,4.378069160684436,1.1708280459364344,LOW_SCORING_MISS|RUN_DIFF_DIRECTION_MISS|CLOSE_GAME_NOISE
2025-04-29,20250429LGHH0,한화,LG,4.3615247023319546,4.8428739518339885,3.0,2.0,9.204398654165942,5.0,-0.48134924950203395,1.0,0.48258210993198436,LG,한화,wrong,LOW_0_6,1.3615247023319546,2.8428739518339885,4.204398654165942,1.481349249502034,LOW_SCORING_MISS|RUN_DIFF_DIRECTION_MISS|CLOSE_GAME_NOISE
2025-04-29,20250429LTWO0,키움,롯데,4.821929551802208,5.29249731134351,3.0,9.0,10.114426863145718,12.0,-0.4705677595413018,-6.0,0.48361134592164684,롯데,롯데,correct,HIGH_12_PLUS,1.8219295518022083,3.70750268865649,1.8855731368542816,5.529432240458698,BLOWOUT_UNDERPREDICTED
2025-04-29,20250429NCHT0,KIA,NC,5.442102308155494,5.085794943277009,13.0,3.0,10.527897251432503,16.0,0.3563073648784849,10.0,0.5623064549998351,KIA,KIA,correct,HIGH_12_PLUS,7.557897691844506,2.0857949432770093,5.472102748567497,9.643692635121514,BLOWOUT_UNDERPREDICTED
2025-04-29,20250429SSSK0,SSG,삼성,4.541169443631239,5.386665016679647,1.0,3.0,9.927834460310887,4.0,-0.8454955730484075,-2.0,0.4479618043676443,삼성,삼성,correct,LOW_0_6,3.5411694436312393,2.386665016679647,5.927834460310887,1.1545044269515925,NORMAL
2025-04-30,20250430KTOB0,두산,KT,4.777409838859552,4.581588777639814,3.0,8.0,9.358998616499367,11.0,0.1958210612197382,-5.0,0.5471533805169306,두산,KT,wrong,MID_7_11,1.777409838859552,3.418411222360186,1.6410013835006332,5.195821061219738,RUN_DIFF_DIRECTION_MISS|BLOWOUT_UNDERPREDICTED
2025-04-30,20250430LGHH0,한화,LG,4.342269386773358,4.795506519755334,5.0,2.0,9.137775906528692,7.0,-0.4532371329819762,3.0,0.4852660714402927,LG,한화,wrong,MID_7_11,0.6577306132266418,2.7955065197553344,2.1377759065286916,3.453237132981976,RUN_DIFF_DIRECTION_MISS
2025-04-30,20250430LTWO0,키움,롯데,4.837405492863908,5.394887964089416,9.0,10.0,10.232293456953325,19.0,-0.5574824712255078,-1.0,0.4753188919932993,롯데,롯데,correct,HIGH_12_PLUS,4.162594507136092,4.605112035910584,8.767706543046675,0.44251752877449224,NORMAL
2025-04-30,20250430NCHT0,KIA,NC,5.690788824896068,5.120652568028564,0.0,7.0,10.811441392924632,7.0,0.5701362568675039,-7.0,0.5823122444458044,KIA,NC,wrong,MID_7_11,5.690788824896068,1.8793474319714356,3.811441392924632,7.570136256867504,RUN_DIFF_DIRECTION_MISS|BLOWOUT_UNDERPREDICTED
2025-05-01,20250501LTWO0,키움,롯데,5.011609117432835,5.578317315447707,0.0,5.0,10.589926432880542,5.0,-0.5667081980148723,-5.0,0.4744393920871032,롯데,롯데,correct,LOW_0_6,5.011609117432835,0.5783173154477073,5.589926432880542,4.433291801985128,BLOWOUT_UNDERPREDICTED
2025-05-01,20250501SSSK0,SSG,삼성,4.416290118168737,5.272068747341337,4.0,1.0,9.688358865510075,5.0,-0.8557786291726002,3.0,0.44698987236029464,삼성,SSG,wrong,LOW_0_6,0.41629011816873707,4.272068747341337,4.688358865510075,3.8557786291726,LOW_SCORING_MISS|RUN_DIFF_DIRECTION_MISS
2025-05-02,20250502HHHT0,KIA,한화,4.648972045738124,4.791230403017408,2.0,3.0,9.440202448755532,5.0,-0.14225835727928438,-1.0,0.514978341932789,KIA,한화,wrong,LOW_0_6,2.648972045738124,1.7912304030174084,4.440202448755532,0.8577416427207156,LOW_SCORING_MISS|CLOSE_GAME_NOISE
2025-05-02,20250502NCLT0,롯데,NC,5.354287534917382,5.114289124533815,4.0,3.0,10.468576659451196,7.0,0.23999841038356706,1.0,0.5513345406375839,롯데,롯데,correct,MID_7_11,1.3542875349173817,2.1142891245338147,3.4685766594511964,0.7600015896164329,NORMAL
2025-05-02,20250502OBSS0,삼성,두산,5.166426993669382,4.962292804964143,6.0,2.0,10.128719798633526,8.0,0.2041341887052388,4.0,0.5479407021305809,삼성,삼성,correct,MID_7_11,0.8335730063306181,2.962292804964143,2.128719798633526,3.795865811294761,NORMAL
2025-05-02,20250502SKLG0,LG,SSG,5.248029550423195,4.229123398841951,1.0,2.0,9.477152949265147,3.0,1.0189061515812439,-1.0,0.6233596533061858,LG,SSG,wrong,LOW_0_6,4.248029550423195,2.229123398841951,6.477152949265147,2.018906151581244,LOW_SCORING_MISS|RUN_DIFF_DIRECTION_MISS|CLOSE_GAME_NOISE
2025-05-02,20250502WOKT0,KT,키움,5.146015018107565,4.391831936690804,3.0,5.0,9.537846954798368,8.0,0.7541830814167607,-2.0,0.5993198409456001,KT,키움,wrong,MID_7_11,2.1460150181075646,0.6081680633091961,1.5378469547983684,2.7541830814167607,RUN_DIFF_DIRECTION_MISS
2025-05-03,20250503NCLT0,롯데,NC,5.427349501038727,4.897319149677211,4.0,13.0,10.324668650715939,17.0,0.5300303513615168,-9.0,0.5785784632316097,롯데,NC,wrong,HIGH_12_PLUS,1.4273495010387274,8.10268085032279,6.675331349284061,9.530030351361518,HIGH_SCORING_MISS|RUN_DIFF_DIRECTION_MISS|BLOWOUT_UNDERPREDICTED
2025-05-03,20250503OBSS0,삼성,두산,5.272566732584638,4.723802179003394,1.0,6.0,9.996368911588032,7.0,0.5487645535812433,-5.0,0.5803237265345015,삼성,두산,wrong,MID_7_11,4.272566732584638,1.2761978209966056,2.996368911588032,5.548764553581243,RUN_DIFF_DIRECTION_MISS|BLOWOUT_UNDERPREDICTED
2025-05-03,20250503SKLG0,LG,SSG,4.954408124833465,4.2565679031054104,4.0,1.0,9.210976027938877,5.0,0.6978402217280548,3.0,0.594136597776291,LG,LG,correct,LOW_0_6,0.9544081248334653,3.2565679031054104,4.210976027938877,2.302159778271945,NORMAL
2025-05-03,20250503WOKT0,KT,키움,5.006544911345665,4.547878055902753,9.0,0.0,9.554422967248417,9.0,0.4586668554429112,9.0,0.5719126508346102,KT,KT,correct,MID_7_11,3.9934550886543354,4.547878055902753,0.5544229672484171,8.54133314455709,BLOWOUT_UNDERPREDICTED
2025-05-04,20250504HHHT0,KIA,한화,4.549352756153401,4.710436324605696,1.0,3.0,9.259789080759097,4.0,-0.16108356845229466,-2.0,0.5131805979091417,KIA,한화,wrong,LOW_0_6,3.549352756153401,1.7104363246056957,5.259789080759097,1.8389164315477053,LOW_SCORING_MISS
2025-05-04,20250504NCLT0,롯데,NC,5.375918873521071,5.131008994005847,6.0,9.0,10.506927867526919,15.0,0.24490987951522403,-3.0,0.5517989492119159,롯데,NC,wrong,HIGH_12_PLUS,0.624081126478929,3.868991005994153,4.493072132473081,3.244909879515224,HIGH_SCORING_MISS|RUN_DIFF_DIRECTION_MISS
2025-05-04,20250504OBSS0,삼성,두산,5.195363022686053,4.746953274456367,6.0,11.0,9.94231629714242,17.0,0.44840974822968604,-5.0,0.5709523620105138,삼성,두산,wrong,HIGH_12_PLUS,0.8046369773139466,6.253046725543633,7.057683702857579,5.448409748229686,HIGH_SCORING_MISS|RUN_DIFF_DIRECTION_MISS|BLOWOUT_UNDERPREDICTED
2025-05-04,20250504SKLG0,LG,SSG,4.8676581984618,4.175622965576488,12.0,4.0,9.043281164038287,16.0,0.6920352328853125,8.0,0.5936013546455482,LG,LG,correct,HIGH_12_PLUS,7.1323418015382,0.17562296557648782,6.956718835961713,7.3079647671146875,BLOWOUT_UNDERPREDICTED
2025-05-04,20250504WOKT0,KT,키움,5.138223754912633,4.492382982099025,5.0,4.0,9.630606737011657,9.0,0.6458407728136075,1.0,0.589334212079733,KT,KT,correct,MID_7_11,0.13822375491263283,0.4923829820990253,0.6306067370116573,0.3541592271863925,NORMAL
2025-05-05,20250505HTWO0,키움,KIA,5.001276774388663,5.229646077026891,1.0,13.0,10.230922851415555,14.0,-0.22836930263822808,-12.0,0.5067525755973771,키움,KIA,wrong,HIGH_12_PLUS,4.001276774388663,7.770353922973109,3.7690771485844454,11.771630697361772,HIGH_SCORING_MISS|BLOWOUT_UNDERPREDICTED
2025-05-05,20250505LGOB0,두산,LG,4.61051410323491,5.081828982538163,5.0,2.0,9.692343085773071,7.0,-0.4713148793032529,3.0,0.4835400188623721,LG,두산,wrong,MID_7_11,0.38948589676509027,3.0818289825381626,2.6923430857730715,3.471314879303253,RUN_DIFF_DIRECTION_MISS
2025-05-05,20250505NCKT0,KT,NC,4.9502836269903066,4.711671239604598,2.0,6.0,9.661954866594904,8.0,0.23861238738570822,-4.0,0.5512034676992189,KT,NC,wrong,MID_7_11,2.9502836269903066,1.2883287603954017,1.661954866594904,4.238612387385708,RUN_DIFF_DIRECTION_MISS
2025-05-05,20250505SKLT0,롯데,SSG,5.116402953993429,4.76932371043164,1.0,7.0,9.885726664425068,8.0,0.3470792435617893,-6.0,0.5614380056695188,롯데,SSG,wrong,MID_7_11,4.116402953993429,2.2306762895683603,1.8857266644250679,6.347079243561789,RUN_DIFF_DIRECTION_MISS|BLOWOUT_UNDERPREDICTED
2025-05-05,20250505SSHH0,한화,삼성,4.512383106633058,4.816994282744212,3.0,1.0,9.329377389377271,4.0,-0.3046111761111545,2.0,0.49946635958541047,삼성,한화,wrong,LOW_0_6,1.5123831066330577,3.8169942827442123,5.329377389377271,2.3046111761111545,LOW_SCORING_MISS|RUN_DIFF_DIRECTION_MISS
2025-05-06,20250506HTWO0,키움,KIA,4.919818937243772,5.487366257515248,3.0,5.0,10.40718519475902,8.0,-0.5675473202714763,-2.0,0.4743594053132152,KIA,KIA,correct,MID_7_11,1.9198189372437717,0.487366257515248,2.4071851947590197,1.4324526797285237,NORMAL
2025-05-06,20250506LGOB0,두산,LG,4.65663806337375,5.065347638344525,1.0,5.0,9.721985701718275,6.0,-0.408709574970775,-4.0,0.48951895025764186,LG,LG,correct,LOW_0_6,3.65663806337375,0.06534763834452484,3.7219857017182747,3.591290425029225,NORMAL
2025-05-06,20250506NCKT0,KT,NC,4.899054035047861,4.654566426744407,3.0,6.0,9.553620461792267,9.0,0.24448760830345417,-3.0,0.5517590244989359,KT,NC,wrong,MID_7_11,1.899054035047861,1.345433573255593,0.5536204617922671,3.244487608303454,RUN_DIFF_DIRECTION_MISS
2025-05-06,20250506SKLT0,롯데,SSG,5.007534614642187,4.834734521863293,6.0,0.0,9.842269136505479,6.0,0.17280009277889352,6.0,0.5449718855165419,롯데,롯데,correct,LOW_0_6,0.9924653853578134,4.834734521863293,3.842269136505479,5.8271999072211065,BLOWOUT_UNDERPREDICTED
2025-05-06,20250506SSHH0,한화,삼성,4.470098039748555,4.749393086841478,3.0,1.0,9.219491126590032,4.0,-0.27929504709292363,2.0,0.50188587629301,한화,한화,correct,LOW_0_6,1.4700980397485548,3.7493930868414784,5.219491126590032,2.2792950470929236,RUN_DIFF_DIRECTION_MISS
2025-05-07,20250507HTWO0,키움,KIA,4.934161376105165,5.482790223901382,11.0,10.0,10.416951600006549,21.0,-0.5486288477962171,1.0,0.4761630628867657,KIA,키움,wrong,HIGH_12_PLUS,6.065838623894835,4.517209776098618,10.583048399993451,1.5486288477962171,HIGH_SCORING_MISS|RUN_DIFF_DIRECTION_MISS|CLOSE_GAME_NOISE
2025-05-07,20250507LGOB0,두산,LG,4.574450128282369,5.041926933144176,5.0,2.0,9.616377061426546,7.0,-0.467476804861807,3.0,0.4839064445072938,LG,두산,wrong,MID_7_11,0.4255498717176307,3.0419269331441763,2.6163770614265456,3.467476804861807,RUN_DIFF_DIRECTION_MISS
2025-05-07,20250507NCKT0,KT,NC,4.895248677103599,4.680815822137673,2.0,12.0,9.576064499241273,14.0,0.21443285496592512,-10.0,0.5489157375360697,KT,NC,wrong,HIGH_12_PLUS,2.8952486771035986,7.319184177862327,4.423935500758727,10.214432854965924,HIGH_SCORING_MISS|RUN_DIFF_DIRECTION_MISS|BLOWOUT_UNDERPREDICTED
2025-05-07,20250507SKLT0,롯데,SSG,5.022487589885712,4.772852795114507,6.0,2.0,9.79534038500022,8.0,0.24963479477120476,4.0,0.5522456327739547,롯데,롯데,correct,MID_7_11,0.9775124101142882,2.772852795114507,1.7953403850002196,3.7503652052287952,NORMAL
2025-05-07,20250507SSHH0,한화,삼성,4.375235848136632,4.620360858134293,10.0,6.0,8.995596706270925,16.0,-0.24512500999766118,4.0,0.5051514189748979,한화,한화,correct,HIGH_12_PLUS,5.624764151863368,1.3796391418657068,7.004403293729075,4.245125009997661,RUN_DIFF_DIRECTION_MISS
2025-05-09,20250509HHWO0,키움,한화,4.513595740905916,5.114940232402944,5.0,7.0,9.62853597330886,12.0,-0.6013444914970281,-2.0,0.4711389310476677,한화,한화,correct,HIGH_12_PLUS,0.48640425909408425,1.8850597675970562,2.3714640266911395,1.398655508502972,NORMAL
2025-05-10,20250510HHWO0,키움,한화,4.605246645276179,5.228204917556969,1.0,9.0,9.833451562833147,10.0,-0.6229582722807896,-8.0,0.46908063297957603,한화,한화,correct,MID_7_11,3.6052466452761793,3.771795082443031,0.16654843716685264,7.37704172771921,BLOWOUT_UNDERPREDICTED
2025-05-10,20250510LGSS2,삼성,LG,4.654465889095223,4.709572575297361,4.0,5.0,9.364038464392586,9.0,-0.0551066862021381,-1.0,0.5232952508958221,삼성,LG,wrong,MID_7_11,0.6544658890952233,0.2904274247026386,0.3640384643925856,0.9448933137978619,CLOSE_GAME_NOISE
2025-05-10,20250510LGSS2,삼성,LG,4.654465889095223,5.119829841450108,4.0,5.0,9.774295730545331,9.0,-0.4653639523548847,-1.0,0.4841081685220281,LG,LG,correct,MID_7_11,0.6544658890952233,0.119829841450108,0.7742957305453313,0.5346360476451153,NORMAL
2025-05-10,20250510LGSS2,삼성,LG,4.654465889095223,4.475867512778681,4.0,4.0,9.130333401873905,8.0,0.1785983763165424,0.0,0.5455215039210176,삼성,LG,wrong,MID_7_11,0.6544658890952233,0.4758675127786809,1.130333401873905,0.1785983763165424,RUN_DIFF_DIRECTION_MISS|CLOSE_GAME_NOISE
2025-05-10,20250510LGSS2,삼성,LG,4.654465889095223,4.865766413389325,4.0,4.0,9.520232302484548,8.0,-0.21130052429410195,0.0,0.5083835063101021,삼성,LG,wrong,MID_7_11,0.6544658890952233,0.8657664133893253,1.5202323024845477,0.21130052429410195,CLOSE_GAME_NOISE
2025-05-10,20250510LGSS2,삼성,LG,5.01536990714367,4.709572575297361,4.0,5.0,9.724942482441032,9.0,0.30579733184630875,-1.0,0.5575484693498048,삼성,LG,wrong,MID_7_11,1.0153699071436701,0.2904274247026386,0.7249424824410315,1.3057973318463088,RUN_DIFF_DIRECTION_MISS|CLOSE_GAME_NOISE
2025-05-10,20250510LGSS2,삼성,LG,5.01536990714367,5.119829841450108,4.0,5.0,10.135199748593777,9.0,-0.10445993430643785,-1.0,0.5185867462448995,삼성,LG,wrong,MID_7_11,1.0153699071436701,0.119829841450108,1.1351997485937773,0.8955400656935621,CLOSE_GAME_NOISE
2025-05-10,20250510LGSS2,삼성,LG,5.01536990714367,4.475867512778681,4.0,4.0,9.491237419922351,8.0,0.5395023943649893,0.0,0.579461119437705,삼성,LG,wrong,MID_7_11,1.0153699071436701,0.4758675127786809,1.491237419922351,0.5395023943649893,RUN_DIFF_DIRECTION_MISS|CLOSE_GAME_NOISE
2025-05-10,20250510LGSS2,삼성,LG,5.01536990714367,4.865766413389325,4.0,4.0,9.881136320532995,8.0,0.1496034937543449,0.0,0.5427720004696222,삼성,LG,wrong,MID_7_11,1.0153699071436701,0.8657664133893253,1.8811363205329954,0.1496034937543449,RUN_DIFF_DIRECTION_MISS|CLOSE_GAME_NOISE
2025-05-10,20250510LGSS2,삼성,LG,4.433717541261453,4.709572575297361,1.0,5.0,9.143290116558815,6.0,-0.2758550340359083,-4.0,0.5022146414163254,삼성,LG,wrong,LOW_0_6,3.433717541261453,0.2904274247026386,3.1432901165588145,3.7241449659640917,LOW_SCORING_MISS
2025-05-10,20250510LGSS2,삼성,LG,4.433717541261453,5.119829841450108,1.0,5.0,9.55354738271156,6.0,-0.6861123001886549,-4.0,0.46307270209232937,LG,LG,correct,LOW_0_6,3.433717541261453,0.119829841450108,3.5535473827115602,3.313887699811345,NORMAL
2025-05-10,20250510LGSS2,삼성,LG,4.433717541261453,4.475867512778681,1.0,4.0,8.909585054040134,5.0,-0.04214997151722777,-3.0,0.5245307235257787,삼성,LG,wrong,LOW_0_6,3.433717541261453,0.4758675127786809,3.909585054040134,2.9578500284827722,LOW_SCORING_MISS
2025-05-10,20250510LGSS2,삼성,LG,4.433717541261453,4.865766413389325,1.0,4.0,9.299483954650778,5.0,-0.43204887212787213,-3.0,0.4872895585947327,LG,LG,correct,LOW_0_6,3.433717541261453,0.8657664133893253,4.299483954650778,2.567951127872128,NORMAL
2025-05-10,20250510LGSS2,삼성,LG,4.777504887363197,4.709572575297361,1.0,5.0,9.487077462660558,6.0,0.06793231206583528,-4.0,0.5350138699120016,삼성,LG,wrong,LOW_0_6,3.7775048873631967,0.2904274247026386,3.487077462660558,4.067932312065835,LOW_SCORING_MISS|RUN_DIFF_DIRECTION_MISS
2025-05-10,20250510LGSS2,삼성,LG,4.777504887363197,5.119829841450108,1.0,5.0,9.897334728813306,6.0,-0.3423249540869113,-4.0,0.49586205364320657,LG,LG,correct,LOW_0_6,3.7775048873631967,0.119829841450108,3.8973347288133056,3.6576750459130887,NORMAL
2025-05-10,20250510LGSS2,삼성,LG,4.777504887363197,4.475867512778681,1.0,4.0,9.253372400141878,5.0,0.3016373745845158,-3.0,0.5571561228220401,삼성,LG,wrong,LOW_0_6,3.7775048873631967,0.4758675127786809,4.253372400141878,3.301637374584516,LOW_SCORING_MISS|RUN_DIFF_DIRECTION_MISS
2025-05-10,20250510LGSS2,삼성,LG,4.777504887363197,4.865766413389325,1.0,4.0,9.643271300752522,5.0,-0.08826152602612858,-3.0,0.5201325465319967,삼성,LG,wrong,LOW_0_6,3.7775048873631967,0.8657664133893253,4.643271300752522,2.9117384739738714,LOW_SCORING_MISS
2025-05-11,20250511HHWO0,키움,한화,4.565916051637784,5.334738933469346,0.0,8.0,9.900654985107131,8.0,-0.7688228818315617,-8.0,0.45522078395027177,한화,한화,correct,MID_7_11,4.565916051637784,2.665261066530654,1.9006549851071313,7.231177118168438,BLOWOUT_UNDERPREDICTED
2025-05-11,20250511HTSK2,SSG,KIA,4.525749969625487,4.795153838247493,8.0,4.0,9.32090380787298,12.0,-0.26940386862200594,4.0,0.5028311796757526,SSG,SSG,correct,HIGH_12_PLUS,3.474250030374513,0.7951538382474928,2.6790961921270195,4.269403868622006,RUN_DIFF_DIRECTION_MISS
2025-05-11,20250511HTSK2,SSG,KIA,4.525749969625487,5.343807342022596,8.0,4.0,9.869557311648084,12.0,-0.8180573723971092,4.0,0.4505571298899386,KIA,SSG,wrong,HIGH_12_PLUS,3.474250030374513,1.343807342022596,2.1304426883519163,4.818057372397109,HIGH_SCORING_MISS|RUN_DIFF_DIRECTION_MISS
2025-05-11,20250511HTSK2,SSG,KIA,4.525749969625487,4.46802397336862,8.0,1.0,8.993773942994107,9.0,0.05772599625686681,7.0,0.534043078815254,SSG,SSG,correct,MID_7_11,3.474250030374513,3.46802397336862,0.006226057005893182,6.942274003743133,BLOWOUT_UNDERPREDICTED
2025-05-11,20250511HTSK2,SSG,KIA,4.525749969625487,4.979247823662394,8.0,1.0,9.504997793287881,9.0,-0.45349785403690746,7.0,0.48524117535014755,KIA,SSG,wrong,MID_7_11,3.474250030374513,3.9792478236623943,0.5049977932878811,7.4534978540369075,RUN_DIFF_DIRECTION_MISS|BLOWOUT_UNDERPREDICTED
2025-05-11,20250511HTSK2,SSG,KIA,5.05957850415456,4.795153838247493,8.0,4.0,9.854732342402052,12.0,0.26442466590706726,4.0,0.5536432879631739,SSG,SSG,correct,HIGH_12_PLUS,2.94042149584544,0.7951538382474928,2.145267657597948,3.7355753340929327,NORMAL
2025-05-11,20250511HTSK2,SSG,KIA,5.05957850415456,5.343807342022596,8.0,4.0,10.403385846177155,12.0,-0.284228837868036,4.0,0.5014143467228668,SSG,SSG,correct,HIGH_12_PLUS,2.94042149584544,1.343807342022596,1.5966141538228449,4.284228837868036,RUN_DIFF_DIRECTION_MISS
2025-05-11,20250511HTSK2,SSG,KIA,5.05957850415456,4.46802397336862,8.0,1.0,9.52760247752318,9.0,0.59155453078594,7.0,0.5843024139375579,SSG,SSG,correct,MID_7_11,2.94042149584544,3.46802397336862,0.52760247752318,6.40844546921406,BLOWOUT_UNDERPREDICTED
2025-05-11,20250511HTSK2,SSG,KIA,5.05957850415456,4.979247823662394,8.0,1.0,10.038826327816954,9.0,0.08033068049216574,7.0,0.5361928043491044,SSG,SSG,correct,MID_7_11,2.94042149584544,3.9792478236623943,1.0388263278169543,6.919669319507834,BLOWOUT_UNDERPREDICTED
2025-05-11,20250511HTSK2,SSG,KIA,4.27775931494555,4.795153838247493,5.0,4.0,9.072913153193042,9.0,-0.5173945233019426,1.0,0.4791422334309298,KIA,SSG,wrong,MID_7_11,0.7222406850544498,0.7951538382474928,0.07291315319304204,1.5173945233019426,RUN_DIFF_DIRECTION_MISS|CLOSE_GAME_NOISE
2025-05-11,20250511HTSK2,SSG,KIA,4.27775931494555,5.343807342022596,5.0,4.0,9.621566656968145,9.0,-1.0660480270770458,1.0,0.42721469632247633,KIA,SSG,wrong,MID_7_11,0.7222406850544498,1.343807342022596,0.6215666569681453,2.066048027077046,RUN_DIFF_DIRECTION_MISS|CLOSE_GAME_NOISE
2025-05-11,20250511HTSK2,SSG,KIA,4.27775931494555,4.46802397336862,5.0,1.0,8.74578328831417,6.0,-0.19026465842306983,4.0,0.5103932451667871,SSG,SSG,correct,LOW_0_6,0.7222406850544498,3.46802397336862,2.74578328831417,4.19026465842307,RUN_DIFF_DIRECTION_MISS
2025-05-11,20250511HTSK2,SSG,KIA,4.27775931494555,4.979247823662394,5.0,1.0,9.257007138607944,6.0,-0.7014885087168441,4.0,0.4616114963412876,KIA,SSG,wrong,LOW_0_6,0.7222406850544498,3.9792478236623943,3.2570071386079444,4.701488508716844,LOW_SCORING_MISS|RUN_DIFF_DIRECTION_MISS
2025-05-11,20250511HTSK2,SSG,KIA,4.782336457185348,4.795153838247493,5.0,4.0,9.577490295432842,9.0,-0.012817381062144584,1.0,0.5273265664604114,SSG,SSG,correct,MID_7_11,0.21766354281465183,0.7951538382474928,0.5774902954328418,1.0128173810621446,RUN_DIFF_DIRECTION_MISS
2025-05-11,20250511HTSK2,SSG,KIA,4.782336457185348,5.343807342022596,5.0,4.0,10.126143799207945,9.0,-0.5614708848372478,1.0,0.4749386524990322,KIA,SSG,wrong,MID_7_11,0.21766354281465183,1.343807342022596,1.126143799207945,1.5614708848372478,RUN_DIFF_DIRECTION_MISS|CLOSE_GAME_NOISE
2025-05-11,20250511HTSK2,SSG,KIA,4.782336457185348,4.46802397336862,5.0,1.0,9.250360430553968,6.0,0.31431248381672816,4.0,0.5583513517845178,SSG,SSG,correct,LOW_0_6,0.21766354281465183,3.46802397336862,3.250360430553968,3.685687516183272,NORMAL
2025-05-11,20250511HTSK2,SSG,KIA,4.782336457185348,4.979247823662394,5.0,1.0,9.761584280847742,6.0,-0.1969113664770461,4.0,0.5097582606785651,SSG,SSG,correct,LOW_0_6,0.21766354281465183,3.9792478236623943,3.7615842808477424,4.196911366477046,RUN_DIFF_DIRECTION_MISS
2025-05-11,20250511LGSS0,삼성,LG,4.685474243121247,4.790241759573333,4.0,7.0,9.475716002694579,11.0,-0.10476751645208626,-3.0,0.5185573904067471,삼성,LG,wrong,MID_7_11,0.6854742431212468,2.209758240426667,1.524283997305421,2.8952324835479137,NORMAL
2025-05-11,20250511LTKT2,KT,롯데,4.682942486692071,4.7244750693473065,1.0,6.0,9.407417556039377,7.0,-0.041532582655235295,-5.0,0.5245895865569532,KT,롯데,wrong,MID_7_11,3.6829424866920712,1.2755249306526935,2.407417556039377,4.958467417344765,BLOWOUT_UNDERPREDICTED
2025-05-11,20250511NCOB2,두산,NC,4.913905592513151,4.870685572278227,5.0,11.0,9.78459116479138,16.0,0.04322002023492377,-6.0,0.5326628761733851,두산,NC,wrong,HIGH_12_PLUS,0.08609440748684882,6.129314427721773,6.2154088352086205,6.043220020234924,HIGH_SCORING_MISS|RUN_DIFF_DIRECTION_MISS|BLOWOUT_UNDERPREDICTED
2025-05-11,20250511NCOB2,두산,NC,4.913905592513151,5.491498298100279,5.0,11.0,10.40540389061343,16.0,-0.5775927055871275,-6.0,0.473401962867613,NC,NC,correct,HIGH_12_PLUS,0.08609440748684882,5.508501701899721,5.59459610938657,5.4224072944128725,BLOWOUT_UNDERPREDICTED
2025-05-11,20250511NCOB2,두산,NC,4.913905592513151,4.640786830007874,5.0,5.0,9.554692422521025,10.0,0.2731187625052769,0.0,0.5544644931883037,두산,NC,wrong,MID_7_11,0.08609440748684882,0.3592131699921257,0.44530757747897454,0.2731187625052769,RUN_DIFF_DIRECTION_MISS|CLOSE_GAME_NOISE
2025-05-11,20250511NCOB2,두산,NC,4.913905592513151,5.2322968914033305,5.0,5.0,10.146202483916483,10.0,-0.31839129889017936,0.0,0.4981493669881042,NC,NC,correct,MID_7_11,0.08609440748684882,0.23229689140333054,0.1462024839164826,0.31839129889017936,NORMAL
2025-05-11,20250511NCOB2,두산,NC,5.4680272695139,4.870685572278227,5.0,11.0,10.338712841792127,16.0,0.5973416972356729,-6.0,0.5848396843759963,두산,NC,wrong,HIGH_12_PLUS,0.4680272695139003,6.129314427721773,5.661287158207873,6.597341697235673,HIGH_SCORING_MISS|RUN_DIFF_DIRECTION_MISS|BLOWOUT_UNDERPREDICTED
2025-05-11,20250511NCOB2,두산,NC,5.4680272695139,5.491498298100279,5.0,11.0,10.959525567614179,16.0,-0.023471028586378395,-6.0,0.52631130040928,두산,NC,wrong,HIGH_12_PLUS,0.4680272695139003,5.508501701899721,5.040474432385821,5.976528971413622,HIGH_SCORING_MISS|BLOWOUT_UNDERPREDICTED
2025-05-11,20250511NCOB2,두산,NC,5.4680272695139,4.640786830007874,5.0,5.0,10.108814099521775,10.0,0.827240439506026,0.0,0.6060076249099687,두산,NC,wrong,MID_7_11,0.4680272695139003,0.3592131699921257,0.10881409952177457,0.827240439506026,RUN_DIFF_DIRECTION_MISS|CLOSE_GAME_NOISE
2025-05-11,20250511NCOB2,두산,NC,5.4680272695139,5.2322968914033305,5.0,5.0,10.70032416091723,10.0,0.23573037811056974,0.0,0.5509309001036954,두산,NC,wrong,MID_7_11,0.4680272695139003,0.23229689140333054,0.7003241609172299,0.23573037811056974,RUN_DIFF_DIRECTION_MISS|CLOSE_GAME_NOISE
2025-05-11,20250511NCOB2,두산,NC,4.672354543458018,4.870685572278227,2.0,11.0,9.543040115736245,13.0,-0.1983310288202098,-9.0,0.5096226309580301,두산,NC,wrong,HIGH_12_PLUS,2.6723545434580176,6.129314427721773,3.456959884263755,8.80166897117979,HIGH_SCORING_MISS|BLOWOUT_UNDERPREDICTED
2025-05-11,20250511NCOB2,두산,NC,4.672354543458018,5.491498298100279,2.0,11.0,10.163852841558295,13.0,-0.8191437546422611,-9.0,0.45045431900390276,NC,NC,correct,HIGH_12_PLUS,2.6723545434580176,5.508501701899721,2.8361471584417046,8.180856245357738,BLOWOUT_UNDERPREDICTED
2025-05-11,20250511NCOB2,두산,NC,4.672354543458018,4.640786830007874,2.0,5.0,9.313141373465893,7.0,0.03156771345014331,-3.0,0.531553828908268,두산,NC,wrong,MID_7_11,2.6723545434580176,0.3592131699921257,2.3131413734658928,3.0315677134501433,RUN_DIFF_DIRECTION_MISS
2025-05-11,20250511NCOB2,두산,NC,4.672354543458018,5.2322968914033305,2.0,5.0,9.904651434861348,7.0,-0.559942347945313,-3.0,0.47508437371794715,NC,NC,correct,MID_7_11,2.6723545434580176,0.23229689140333054,2.904651434861348,2.440057652054687,NORMAL
2025-05-11,20250511NCOB2,두산,NC,5.199237465081035,4.870685572278227,2.0,11.0,10.069923037359263,13.0,0.3285518928028077,-9.0,0.5596932834462266,두산,NC,wrong,HIGH_12_PLUS,3.199237465081035,6.129314427721773,2.9300769626407366,9.328551892802807,HIGH_SCORING_MISS|RUN_DIFF_DIRECTION_MISS|BLOWOUT_UNDERPREDICTED
2025-05-11,20250511NCOB2,두산,NC,5.199237465081035,5.491498298100279,2.0,11.0,10.690735763181314,13.0,-0.29226083301924355,-9.0,0.500646712242234,두산,NC,wrong,HIGH_12_PLUS,3.199237465081035,5.508501701899721,2.309264236818686,8.707739166980756,HIGH_SCORING_MISS|BLOWOUT_UNDERPREDICTED
2025-05-11,20250511NCOB2,두산,NC,5.199237465081035,4.640786830007874,2.0,5.0,9.84002429508891,7.0,0.5584506350731608,-3.0,0.5812252897243156,두산,NC,wrong,MID_7_11,3.199237465081035,0.3592131699921257,2.8400242950889094,3.558450635073161,RUN_DIFF_DIRECTION_MISS
2025-05-11,20250511NCOB2,두산,NC,5.199237465081035,5.2322968914033305,2.0,5.0,10.431534356484367,7.0,-0.033059426322295415,-3.0,0.5253973637050752,두산,NC,wrong,MID_7_11,3.199237465081035,0.23229689140333054,3.4315343564843666,2.9669405736777046,NORMAL
2025-05-13,20250513KTSS0,삼성,KT,5.003759430271487,4.604186873193016,5.0,3.0,9.607946303464503,8.0,0.3995725570784714,2.0,0.5663729251496992,삼성,삼성,correct,MID_7_11,0.003759430271487396,1.604186873193016,1.6079463034645034,1.6004274429215286,NORMAL
2025-05-13,20250513LTHT0,KIA,롯데,4.972935930621002,5.009587714597307,4.0,1.0,9.98252364521831,5.0,-0.0366517839763052,3.0,0.5250549070253792,KIA,KIA,correct,LOW_0_6,0.9729359306210021,4.009587714597307,4.9825236452183095,3.036651783976305,RUN_DIFF_DIRECTION_MISS
2025-05-13,20250513NCSK0,SSG,NC,4.691465654245677,4.893358765899956,6.0,3.0,9.584824420145633,9.0,-0.2018931116542788,3.0,0.5092823154649145,SSG,SSG,correct,MID_7_11,1.3085343457543228,1.893358765899956,0.5848244201456332,3.201893111654279,RUN_DIFF_DIRECTION_MISS
2025-05-13,20250513OBHH0,한화,두산,4.767667147452695,4.395033265760113,3.0,4.0,9.162700413212807,7.0,0.3726338816925816,-1.0,0.5638419890183556,한화,두산,wrong,MID_7_11,1.7676671474526948,0.3950332657601132,2.162700413212807,1.3726338816925816,RUN_DIFF_DIRECTION_MISS|CLOSE_GAME_NOISE
2025-05-13,20250513WOLG0,LG,키움,5.523664907154501,4.4083411416769,9.0,6.0,9.9320060488314,15.0,1.1153237654776014,3.0,0.6319734709669946,LG,LG,correct,HIGH_12_PLUS,3.476335092845499,1.5916588583231004,5.067993951168599,1.8846762345223986,NORMAL
2025-05-14,20250514KTSS0,삼성,KT,5.043944618719279,4.642501430791748,2.0,3.0,9.686446049511027,5.0,0.40144318792753086,-1.0,0.5665485473013016,삼성,KT,wrong,LOW_0_6,3.043944618719279,1.6425014307917483,4.6864460495110265,1.4014431879275309,LOW_SCORING_MISS|RUN_DIFF_DIRECTION_MISS|CLOSE_GAME_NOISE
2025-05-14,20250514LTHT0,KIA,롯데,4.995354410876529,5.000600047038026,0.0,4.0,9.995954457914555,4.0,-0.0052456361614972025,-4.0,0.5280479979959366,KIA,롯데,wrong,LOW_0_6,4.995354410876529,1.0006000470380263,5.995954457914555,3.994754363838503,LOW_SCORING_MISS
2025-05-14,20250514NCSK0,SSG,NC,4.72950213372911,4.87568219745147,3.0,6.0,9.60518433118058,9.0,-0.14618006372236003,-3.0,0.5146038626403296,SSG,NC,wrong,MID_7_11,1.7295021337291097,1.1243178025485303,0.6051843311805793,2.85381993627764,NORMAL
2025-05-14,20250514OBHH0,한화,두산,4.812682210780166,4.435540904749582,1.0,7.0,9.248223115529749,8.0,0.37714130603058393,-6.0,0.5642657049467522,한화,두산,wrong,MID_7_11,3.8126822107801663,2.5644590952504176,1.2482231155297487,6.377141306030584,RUN_DIFF_DIRECTION_MISS|BLOWOUT_UNDERPREDICTED
2025-05-14,20250514WOLG0,LG,키움,5.70616362535226,4.515424244113175,12.0,0.0,10.221587869465434,12.0,1.1907393812390845,12.0,0.6386531092289369,LG,LG,correct,HIGH_12_PLUS,6.29383637464774,4.515424244113175,1.7784121305345657,10.809260618760916,NORMAL
2025-05-15,20250515KTSS0,삼성,KT,5.009358776052257,4.635943139479154,13.0,0.0,9.64530191553141,13.0,0.37341563657310317,13.0,0.563915483805766,삼성,삼성,correct,HIGH_12_PLUS,7.990641223947743,4.635943139479154,3.3546980844685894,12.626584363426897,BLOWOUT_UNDERPREDICTED
2025-05-15,20250515LTHT0,KIA,롯데,4.813835091088207,4.866780585986213,7.0,6.0,9.680615677074421,13.0,-0.052945494898005485,1.0,0.5235013490290387,KIA,KIA,correct,HIGH_12_PLUS,2.1861649089117927,1.1332194140137872,3.319384322925579,1.0529454948980055,RUN_DIFF_DIRECTION_MISS
2025-05-15,20250515NCSK0,SSG,NC,4.729960440252936,4.902727039675214,4.0,0.0,9.63268747992815,4.0,-0.17276659942227823,4.0,0.5120647334685153,SSG,SSG,correct,LOW_0_6,0.7299604402529356,4.902727039675214,5.632687479928149,4.172766599422278,RUN_DIFF_DIRECTION_MISS
2025-05-15,20250515OBHH0,한화,두산,4.710673595368088,4.482007863949637,2.0,8.0,9.192681459317726,10.0,0.22866573141845148,-6.0,0.550262628223261,한화,두산,wrong,MID_7_11,2.710673595368088,3.5179921360503634,0.8073185406822745,6.2286657314184515,RUN_DIFF_DIRECTION_MISS|BLOWOUT_UNDERPREDICTED
2025-05-15,20250515WOLG0,LG,키움,5.926572967199873,4.5129252240782005,6.0,2.0,10.439498191278073,8.0,1.4136477431216727,4.0,0.6580775152976295,LG,LG,correct,MID_7_11,0.07342703280012675,2.5129252240782005,2.439498191278073,2.5863522568783273,NORMAL
2025-05-17,20250517KTLG1,LG,KT,5.065516596759716,4.251317891044694,4.0,12.0,9.31683448780441,16.0,0.8141987057150217,-8.0,0.604816594388891,LG,KT,wrong,HIGH_12_PLUS,1.065516596759716,7.748682108955306,6.68316551219559,8.814198705715022,HIGH_SCORING_MISS|RUN_DIFF_DIRECTION_MISS|BLOWOUT_UNDERPREDICTED
2025-05-17,20250517KTLG2,LG,KT,5.167105169504323,4.451855013324961,6.0,7.0,9.618960182829284,13.0,0.715250156179362,-1.0,0.595740517658396,LG,KT,wrong,HIGH_12_PLUS,0.8328948304956771,2.548144986675039,3.3810398171707163,1.715250156179362,HIGH_SCORING_MISS|RUN_DIFF_DIRECTION_MISS|CLOSE_GAME_NOISE
2025-05-17,20250517OBHT1,KIA,두산,4.812823974195333,4.979194574791402,5.0,2.0,9.792018548986736,7.0,-0.16637060059606856,3.0,0.51267564086155,KIA,KIA,correct,MID_7_11,0.18717602580466686,2.9791945747914017,2.7920185489867357,3.1663706005960686,RUN_DIFF_DIRECTION_MISS
2025-05-17,20250517OBHT2,KIA,두산,4.921692355087053,5.039099044113081,4.0,1.0,9.960791399200135,5.0,-0.11740668902602813,3.0,0.5173509911733315,KIA,KIA,correct,LOW_0_6,0.9216923550870533,4.039099044113081,4.960791399200135,3.117406689026028,RUN_DIFF_DIRECTION_MISS
2025-05-17,20250517SKHH1,한화,SSG,4.613762060706768,4.268127250734307,1.0,0.0,8.881889311441075,1.0,0.3456348099724611,1.0,0.5613020372462527,한화,한화,correct,LOW_0_6,3.613762060706768,4.268127250734307,7.881889311441075,0.6543651900275389,NORMAL
2025-05-17,20250517SKHH2,한화,SSG,4.666258058234793,4.312125361325504,2.0,5.0,8.978383419560297,7.0,0.3541326969092893,-3.0,0.5621018333424206,한화,SSG,wrong,MID_7_11,2.666258058234793,0.6878746386744963,1.9783834195602967,3.3541326969092893,RUN_DIFF_DIRECTION_MISS
2025-05-17,20250517SSLT1,롯데,삼성,4.77771220983582,5.077207261613263,7.0,5.0,9.854919471449083,12.0,-0.29949505177744307,2.0,0.49995532019854727,삼성,롯데,wrong,HIGH_12_PLUS,2.22228779016418,0.07720726161326308,2.145080528550917,2.299495051777443,HIGH_SCORING_MISS|RUN_DIFF_DIRECTION_MISS
2025-05-17,20250517SSLT2,롯데,삼성,4.897674654787981,5.178113459656253,8.0,7.0,10.075788114444233,15.0,-0.28043880486827266,1.0,0.5017765659646255,롯데,롯데,correct,HIGH_12_PLUS,3.1023253452120194,1.8218865403437468,4.924211885555767,1.2804388048682727,RUN_DIFF_DIRECTION_MISS
2025-05-17,20250517WONC1,NC,키움,5.761447762358272,5.02118642179889,3.0,2.0,10.782634184157162,5.0,0.7402613405593819,1.0,0.5980411323127507,NC,NC,correct,LOW_0_6,2.761447762358272,3.02118642179889,5.782634184157162,0.25973865944061814,NORMAL
2025-05-17,20250517WONC2,NC,키움,5.761078957225619,5.023150145787172,2.0,3.0,10.784229103012791,5.0,0.7379288114384472,-1.0,0.5978267590380187,NC,키움,wrong,LOW_0_6,3.761078957225619,2.023150145787172,5.784229103012791,1.7379288114384472,LOW_SCORING_MISS|RUN_DIFF_DIRECTION_MISS|CLOSE_GAME_NOISE
2025-05-18,20250518KTLG0,LG,KT,5.148783234982294,4.476034134213336,5.0,1.0,9.624817369195629,6.0,0.6727491007689581,4.0,0.5918215059787635,LG,LG,correct,LOW_0_6,0.14878323498229395,3.476034134213336,3.624817369195629,3.327250899231042,NORMAL
2025-05-18,20250518OBHT0,KIA,두산,4.802431511541219,4.8636343604891055,5.0,4.0,9.666065872030323,9.0,-0.061202848947886856,1.0,0.5227138587448763,KIA,KIA,correct,MID_7_11,0.1975684884587814,0.8636343604891055,0.6660658720303232,1.0612028489478869,RUN_DIFF_DIRECTION_MISS
2025-05-18,20250518SKHH0,한화,SSG,4.569328126054696,4.290941315271341,3.0,7.0,8.860269441326036,10.0,0.27838681078335537,-4.0,0.554961944962744,한화,SSG,wrong,MID_7_11,1.569328126054696,2.7090586847286593,1.1397305586739641,4.278386810783355,RUN_DIFF_DIRECTION_MISS
2025-05-18,20250518SSLT0,롯데,삼성,4.9330408262695835,5.149676070209956,6.0,3.0,10.082716896479539,9.0,-0.21663524394037292,3.0,0.5078737885910185,롯데,롯데,correct,MID_7_11,1.0669591737304165,2.1496760702099564,1.082716896479539,3.216635243940373,RUN_DIFF_DIRECTION_MISS
2025-05-18,20250518WONC0,NC,키움,5.511182289634915,4.8396145473716246,5.0,0.0,10.35079683700654,5.0,0.6715677422632904,5.0,0.5917124037720136,NC,NC,correct,LOW_0_6,0.511182289634915,4.8396145473716246,5.3507968370065395,4.32843225773671,BLOWOUT_UNDERPREDICTED
2025-05-20,20250520HHNC0,NC,한화,4.648823621975619,4.727148084938208,1.0,4.0,9.375971706913827,5.0,-0.07832446296258944,-3.0,0.521080643141251,NC,한화,wrong,LOW_0_6,3.6488236219756187,0.7271480849382082,4.375971706913827,2.9216755370374106,LOW_SCORING_MISS
2025-05-20,20250520HTKT0,KT,KIA,4.83720484912728,4.8214069531994515,5.0,3.0,9.658611802326732,8.0,0.015797895927828876,2.0,0.5300523892701144,KT,KT,correct,MID_7_11,0.16279515087271967,1.8214069531994515,1.6586118023267318,1.9842021040721711,NORMAL
2025-05-20,20250520LGLT0,롯데,LG,4.607872810516589,4.924657935617874,9.0,17.0,9.532530746134462,26.0,-0.3167851251012843,-8.0,0.4983028711063601,LG,LG,correct,HIGH_12_PLUS,4.392127189483411,12.075342064382127,16.467469253865538,7.683214874898716,BLOWOUT_UNDERPREDICTED
2025-05-20,20250520SKOB0,두산,SSG,4.617717910019038,4.465863192619561,3.0,5.0,9.083581102638599,8.0,0.15185471739947687,-2.0,0.5429855732198527,두산,SSG,wrong,MID_7_11,1.6177179100190378,0.5341368073804391,1.0835811026385986,2.151854717399477,RUN_DIFF_DIRECTION_MISS
2025-05-20,20250520SSWO0,키움,삼성,4.70438424976913,5.8162441773239575,3.0,6.0,10.520628427093087,9.0,-1.1118599275548275,-3.0,0.42293468439341664,삼성,삼성,correct,MID_7_11,1.70438424976913,0.1837558226760425,1.5206284270930865,1.8881400724451725,NORMAL
2025-05-21,20250521HHNC0,NC,한화,4.594942969956279,4.713745955563151,5.0,2.0,9.30868892551943,7.0,-0.1188029856068713,3.0,0.5172177030820605,NC,NC,correct,MID_7_11,0.4050570300437206,2.7137459555631507,2.30868892551943,3.1188029856068713,RUN_DIFF_DIRECTION_MISS
2025-05-21,20250521HTKT0,KT,KIA,4.834865430574894,4.81726815747302,3.0,1.0,9.652133588047914,4.0,0.017597273101873867,2.0,0.5302237354444734,KT,KT,correct,LOW_0_6,1.8348654305748937,3.81726815747302,5.6521335880479135,1.9824027268981261,NORMAL
2025-05-21,20250521SKOB0,두산,SSG,4.667243294996965,4.522941626359284,1.0,9.0,9.190184921356249,10.0,0.1443016686376808,-8.0,0.5422689563083419,두산,SSG,wrong,MID_7_11,3.6672432949969647,4.477058373640716,0.8098150786437515,8.14430166863768,RUN_DIFF_DIRECTION_MISS|BLOWOUT_UNDERPREDICTED
2025-05-21,20250521SSWO0,키움,삼성,4.615832651576876,5.710182241350795,1.0,6.0,10.32601489292767,7.0,-1.0943495897739188,-5.0,0.42456927212256634,삼성,삼성,correct,MID_7_11,3.615832651576876,0.289817758649205,3.3260148929276703,3.905650410226081,NORMAL
2025-05-22,20250522HHNC0,NC,한화,4.562386487288574,4.634629501017708,4.0,3.0,9.197015988306282,7.0,-0.07224301372913366,1.0,0.5216608006199723,NC,NC,correct,MID_7_11,0.562386487288574,1.6346295010177077,2.1970159883062816,1.0722430137291337,RUN_DIFF_DIRECTION_MISS
2025-05-22,20250522HTKT0,KT,KIA,4.647453358987646,4.664601117752569,3.0,8.0,9.312054476740215,11.0,-0.01714775876492247,-5.0,0.5269139190454011,KT,KIA,wrong,MID_7_11,1.6474533589876463,3.335398882247431,1.6879455232597849,4.9828522412350775,BLOWOUT_UNDERPREDICTED
2025-05-22,20250522LGLT0,롯데,LG,4.832684074220603,5.262458477983391,11.0,4.0,10.095142552203995,15.0,-0.42977440376278775,7.0,0.4875067971464542,LG,롯데,wrong,HIGH_12_PLUS,6.167315925779397,1.2624584779833912,4.9048574477960045,7.429774403762788,HIGH_SCORING_MISS|RUN_DIFF_DIRECTION_MISS|BLOWOUT_UNDERPREDICTED
2025-05-22,20250522SKOB0,두산,SSG,4.655025102765734,4.643323188647809,6.0,5.0,9.298348291413543,11.0,0.011701914117924872,1.0,0.5296623219484231,두산,두산,correct,MID_7_11,1.344974897234266,0.356676811352191,1.701651708586457,0.9882980858820751,NORMAL
2025-05-22,20250522SSWO0,키움,삼성,4.574582832372747,5.674728691510847,0.0,2.0,10.249311523883595,2.0,-1.1001458591380997,-2.0,0.42402800659880585,삼성,삼성,correct,LOW_0_6,4.574582832372747,3.674728691510847,8.249311523883595,0.8998541408619003,NORMAL
2025-05-23,20250523HTSS0,삼성,KIA,4.953966273281445,4.5975949455850245,6.0,7.0,9.55156121886647,13.0,0.35637132769642044,-1.0,0.5623124731510506,삼성,KIA,wrong,HIGH_12_PLUS,1.046033726718555,2.4024050544149755,3.4484387811335306,1.3563713276964204,HIGH_SCORING_MISS|RUN_DIFF_DIRECTION_MISS|CLOSE_GAME_NOISE
2025-05-23,20250523KTWO0,키움,KT,4.608950804226333,5.138515158922661,5.0,7.0,9.747465963148993,12.0,-0.529564354696328,-2.0,0.47798127093051196,KT,KT,correct,HIGH_12_PLUS,0.39104919577366726,1.8614848410773392,2.2525340368510065,1.470435645303672,NORMAL
2025-05-23,20250523LGSK0,SSG,LG,4.4628314255420065,5.059392876628019,2.0,3.0,9.522224302170025,5.0,-0.5965614510860124,-1.0,0.4715945590394961,LG,LG,correct,LOW_0_6,2.4628314255420065,2.059392876628019,4.5222243021700255,0.40343854891398756,NORMAL
2025-05-23,20250523LTHH0,한화,롯데,4.76854594343875,4.8858295391609285,4.0,2.0,9.65437548259968,6.0,-0.11728359572217872,2.0,0.5173627413321281,한화,한화,correct,LOW_0_6,0.7685459434387498,2.8858295391609285,3.6543754825996793,2.1172835957221787,RUN_DIFF_DIRECTION_MISS
2025-05-24,20250524HTSS0,삼성,KIA,4.973175000243035,4.676385134252409,8.0,4.0,9.649560134495445,12.0,0.2967898659906263,4.0,0.5566988399066904,삼성,삼성,correct,HIGH_12_PLUS,3.0268249997569647,0.676385134252409,2.350439865504555,3.7032101340093737,NORMAL
2025-05-24,20250524KTWO0,키움,KT,4.666071058901324,5.156945830040494,4.0,10.0,9.823016888941819,14.0,-0.4908747711391692,-6.0,0.48167289541924085,KT,KT,correct,HIGH_12_PLUS,0.6660710589013243,4.843054169959506,4.176983111058181,5.509125228860831,BLOWOUT_UNDERPREDICTED
2025-05-24,20250524LGSK0,SSG,LG,4.4768712257830865,5.007371038364232,5.0,4.0,9.48424226414732,9.0,-0.5304998125811453,1.0,0.47789204096230065,LG,SSG,wrong,MID_7_11,0.5231287742169135,1.0073710383642318,0.4842422641473192,1.5304998125811453,RUN_DIFF_DIRECTION_MISS|CLOSE_GAME_NOISE
2025-05-24,20250524LTHH0,한화,롯데,4.761839768219044,4.864326702694298,6.0,8.0,9.626166470913342,14.0,-0.10248693447525348,-2.0,0.5187750475598796,한화,롯데,wrong,HIGH_12_PLUS,1.238160231780956,3.1356732973057024,4.373833529086658,1.8975130655247465,HIGH_SCORING_MISS
2025-05-24,20250524NCOB0,두산,NC,4.748874801867972,4.706661097568072,1.0,5.0,9.455535899436043,6.0,0.04221370429989957,-4.0,0.5325671092642464,두산,NC,wrong,LOW_0_6,3.748874801867972,0.29333890243192773,3.4555358994360432,4.0422137042999,LOW_SCORING_MISS|RUN_DIFF_DIRECTION_MISS
2025-05-25,20250525HTSS0,삼성,KIA,5.0574928196929125,4.7519642282262495,3.0,2.0,9.809457047919162,5.0,0.305528591466663,1.0,0.5575231252551763,삼성,삼성,correct,LOW_0_6,2.0574928196929125,2.7519642282262495,4.809457047919162,0.694471408533337,NORMAL
2025-05-25,20250525KTWO0,키움,KT,4.664583444802882,5.201541232498509,0.0,2.0,9.866124677301391,2.0,-0.5369577876956271,-2.0,0.47727607670423794,KT,KT,correct,LOW_0_6,4.664583444802882,3.201541232498509,7.866124677301391,1.463042212304373,NORMAL
2025-05-25,20250525LGSK0,SSG,LG,4.488492398387908,4.945431015117848,3.0,9.0,9.433923413505756,12.0,-0.4569386167299401,-6.0,0.4849126259855108,LG,LG,correct,HIGH_12_PLUS,1.4884923983879084,4.054568984882152,2.566076586494244,5.54306138327006,BLOWOUT_UNDERPREDICTED
2025-05-25,20250525LTHH0,한화,롯데,4.863166916888337,4.9444007401955,8.0,7.0,9.807567657083837,15.0,-0.081233823307163,1.0,0.5208030760705682,한화,한화,correct,HIGH_12_PLUS,3.1368330831116626,2.0555992598044996,5.192432342916163,1.081233823307163,RUN_DIFF_DIRECTION_MISS
2025-05-25,20250525NCOB0,두산,NC,4.7300443838123405,4.742471798747724,5.0,3.0,9.472516182560064,8.0,-0.012427414935383574,2.0,0.5273637250240478,두산,두산,correct,MID_7_11,0.2699556161876595,1.742471798747724,1.4725161825600637,2.0124274149353836,RUN_DIFF_DIRECTION_MISS
2025-05-27,20250527HHLG0,LG,한화,5.009716684473535,4.576727573080857,2.0,1.0,9.586444257554392,3.0,0.4329891113926774,1.0,0.5695076506389265,LG,LG,correct,LOW_0_6,3.009716684473535,3.5767275730808574,6.586444257554392,0.5670108886073226,NORMAL
2025-05-27,20250527LTSS0,삼성,롯데,5.171219586336077,5.064516087856298,7.0,3.0,10.235735674192375,10.0,0.10670349847977967,4.0,0.5386991781221485,삼성,삼성,correct,MID_7_11,1.8287804136639227,2.0645160878562976,0.23573567419237484,3.8932965015202203,NORMAL
2025-05-27,20250527OBKT0,KT,두산,4.72150629407028,4.726647373809141,2.0,1.0,9.44815366787942,3.0,-0.00514107973886091,1.0,0.5280579592592386,KT,KT,correct,LOW_0_6,2.72150629407028,3.726647373809141,6.448153667879421,1.005141079738861,RUN_DIFF_DIRECTION_MISS
2025-05-27,20250527WOHT0,KIA,키움,5.200073936762326,4.571898405264234,7.0,5.0,9.77197234202656,12.0,0.6281755314980924,2.0,0.5876988152729301,KIA,KIA,correct,HIGH_12_PLUS,1.799926063237674,0.42810159473576626,2.22802765797344,1.3718244685019076,NORMAL
2025-05-28,20250528HHLG0,LG,한화,4.939960424055301,4.5865319442450545,5.0,6.0,9.526492368300357,11.0,0.3534284798102467,-1.0,0.5620355667084597,LG,한화,wrong,MID_7_11,0.060039575944698775,1.4134680557549455,1.4735076316996434,1.3534284798102467,RUN_DIFF_DIRECTION_MISS|CLOSE_GAME_NOISE
2025-05-28,20250528NCSK0,SSG,NC,4.428877704459399,4.446524419121369,13.0,5.0,8.875402123580768,18.0,-0.017646714661969654,8.0,0.5268663705052414,SSG,SSG,correct,HIGH_12_PLUS,8.5711222955406,0.5534755808786311,9.124597876419232,8.01764671466197,RUN_DIFF_DIRECTION_MISS|BLOWOUT_UNDERPREDICTED
2025-05-28,20250528OBKT0,KT,두산,4.665167497938081,4.615036336722177,3.0,12.0,9.28020383466026,15.0,0.05013116121590411,-9.0,0.5333205153729502,KT,두산,wrong,HIGH_12_PLUS,1.6651674979380813,7.384963663277823,5.719796165339741,9.050131161215905,HIGH_SCORING_MISS|RUN_DIFF_DIRECTION_MISS|BLOWOUT_UNDERPREDICTED
2025-05-28,20250528WOHT0,KIA,키움,5.237273280663269,4.596924513287361,13.0,7.0,9.83419779395063,20.0,0.6403487673759081,6.0,0.5888259878122658,KIA,KIA,correct,HIGH_12_PLUS,7.762726719336731,2.4030754867126394,10.16580220604937,5.359651232624092,BLOWOUT_UNDERPREDICTED
2025-05-29,20250529HHLG0,LG,한화,5.0110939989696766,4.654890693106774,3.0,1.0,9.66598469207645,4.0,0.35620330586290283,2.0,0.5622966642273585,LG,LG,correct,LOW_0_6,2.0110939989696766,3.6548906931067737,5.665984692076449,1.6437966941370972,NORMAL
2025-05-29,20250529LTSS0,삼성,롯데,5.288108140951032,5.062023839590711,9.0,3.0,10.350131980541743,12.0,0.22608430136032176,6.0,0.550018395515978,삼성,삼성,correct,HIGH_12_PLUS,3.7118918590489676,2.0620238395907107,1.649868019458257,5.773915698639678,BLOWOUT_UNDERPREDICTED
2025-05-29,20250529NCSK0,SSG,NC,4.756489283323709,4.658943288056412,6.0,5.0,9.415432571380121,11.0,0.09754599526729635,1.0,0.5378290985403127,SSG,SSG,correct,MID_7_11,1.2435107166762913,0.34105671194358766,1.584567428619879,0.9024540047327037,NORMAL
2025-05-29,20250529OBKT0,KT,두산,4.620076553827202,4.742594316815685,12.0,2.0,9.362670870642887,14.0,-0.12251776298848327,10.0,0.5168630848872398,KT,KT,correct,HIGH_12_PLUS,7.379923446172798,2.742594316815685,4.637329129357113,10.122517762988483,RUN_DIFF_DIRECTION_MISS|BLOWOUT_UNDERPREDICTED
2025-05-30,20250530HHNC0,NC,한화,4.683011927169618,4.700775673111715,1.0,7.0,9.383787600281334,8.0,-0.017763745942096953,-6.0,0.5268552178126334,NC,한화,wrong,MID_7_11,3.683011927169618,2.299224326888285,1.3837876002813339,5.982236254057903,BLOWOUT_UNDERPREDICTED
2025-05-30,20250530HTKT0,KT,KIA,4.576321244496959,4.911330333827815,3.0,1.0,9.487651578324773,4.0,-0.33500908933085594,2.0,0.4965612089075093,KIA,KT,wrong,LOW_0_6,1.5763212444969588,3.9113303338278147,5.487651578324773,2.335009089330856,LOW_SCORING_MISS|RUN_DIFF_DIRECTION_MISS
2025-05-30,20250530OBWO0,키움,두산,4.957758173294307,5.203376355158191,4.0,9.0,10.161134528452498,13.0,-0.2456181818638843,-5.0,0.505104290262054,키움,두산,wrong,HIGH_12_PLUS,0.957758173294307,3.7966236448418087,2.8388654715475017,4.754381818136116,HIGH_SCORING_MISS|BLOWOUT_UNDERPREDICTED
2025-05-30,20250530SKLT0,롯데,SSG,5.165330001932716,5.100451996289783,6.0,5.0,10.265781998222499,11.0,0.06487800564293345,1.0,0.5347233818363831,롯데,롯데,correct,MID_7_11,0.8346699980672838,0.10045199628978274,0.7342180017775011,0.9351219943570666,NORMAL
2025-05-30,20250530SSLG0,LG,삼성,4.90839032929892,4.817855508451638,3.0,4.0,9.726245837750557,7.0,0.09053482084728248,-1.0,0.5371627915028584,LG,삼성,wrong,MID_7_11,1.9083903292989204,0.8178555084516379,2.7262458377505574,1.0905348208472825,RUN_DIFF_DIRECTION_MISS|CLOSE_GAME_NOISE
2025-05-31,20250531HHNC0,NC,한화,4.664613668542721,4.735734003673831,6.0,9.0,9.40034767221655,15.0,-0.07112033513111005,-3.0,0.5217678954567917,NC,한화,wrong,HIGH_12_PLUS,1.3353863314572791,4.264265996326169,5.599652327783449,2.92887966486889,HIGH_SCORING_MISS
2025-05-31,20250531HTKT0,KT,KIA,4.721817667486228,4.790530192367349,5.0,1.0,9.512347859853577,6.0,-0.06871252488112134,4.0,0.521997575132042,KT,KT,correct,LOW_0_6,0.2781823325137722,3.790530192367349,3.512347859853577,4.068712524881121,RUN_DIFF_DIRECTION_MISS
2025-05-31,20250531OBWO0,키움,두산,4.906219955389803,5.5149194417594245,1.0,0.0,10.421139397149227,1.0,-0.6086994863696216,1.0,0.4704383951489513,두산,키움,wrong,LOW_0_6,3.906219955389803,5.5149194417594245,9.421139397149227,1.6086994863696216,LOW_SCORING_MISS|RUN_DIFF_DIRECTION_MISS|CLOSE_GAME_NOISE
2025-05-31,20250531SKLT0,롯데,SSG,5.179505953727837,5.135230941312842,1.0,4.0,10.314736895040678,5.0,0.044275012414995096,-3.0,0.5327632728143967,롯데,SSG,wrong,LOW_0_6,4.179505953727837,1.1352309413128419,5.314736895040678,3.044275012414995,LOW_SCORING_MISS|RUN_DIFF_DIRECTION_MISS
2025-05-31,20250531SSLG0,LG,삼성,4.839041680816375,4.730490415147258,2.0,4.0,9.569532095963634,6.0,0.10855126566911633,-2.0,0.5388747111565748,LG,삼성,wrong,LOW_0_6,2.8390416808163748,0.7304904151472584,3.569532095963634,2.1085512656691163,LOW_SCORING_MISS|RUN_DIFF_DIRECTION_MISS
2025-06-01,20250601HHNC0,NC,한화,4.786531169847369,4.850167980131734,16.0,5.0,9.636699149979103,21.0,-0.06363681028436474,11.0,0.5224817141268568,NC,NC,correct,HIGH_12_PLUS,11.213468830152632,0.1498320198682661,11.363300850020897,11.063636810284365,RUN_DIFF_DIRECTION_MISS|BLOWOUT_UNDERPREDICTED
2025-06-01,20250601HTKT0,KT,KIA,4.728278661978646,4.682323384970396,3.0,5.0,9.410602046949041,8.0,0.04595527700824942,-2.0,0.5329231670218311,KT,KIA,wrong,MID_7_11,1.7282786619786457,0.31767661502960376,1.410602046949041,2.0459552770082494,RUN_DIFF_DIRECTION_MISS
2025-06-01,20250601OBWO0,키움,두산,4.750940562097305,5.344579181166789,1.0,0.0,10.095519743264093,1.0,-0.593638619069484,1.0,0.47187300865334236,두산,키움,wrong,LOW_0_6,3.7509405620973046,5.344579181166789,9.095519743264093,1.593638619069484,LOW_SCORING_MISS|RUN_DIFF_DIRECTION_MISS|CLOSE_GAME_NOISE
2025-06-01,20250601SKLT0,롯데,SSG,5.080211637165466,5.019690108574155,3.0,4.0,10.099901745739622,7.0,0.06052152859131166,-1.0,0.534309006586885,롯데,SSG,wrong,MID_7_11,2.0802116371654664,1.0196901085741548,3.099901745739622,1.0605215285913117,RUN_DIFF_DIRECTION_MISS|CLOSE_GAME_NOISE
2025-06-01,20250601SSLG0,LG,삼성,4.809327317711437,4.715254113119274,4.0,6.0,9.524581430830711,10.0,0.0940732045921635,-2.0,0.5374990785806735,LG,삼성,wrong,MID_7_11,0.8093273177114373,1.2847458868807262,0.47541856916928893,2.0940732045921635,RUN_DIFF_DIRECTION_MISS
2025-06-03,20250603HTOB0,두산,KIA,4.781664549873697,4.752350191276812,3.0,11.0,9.534014741150509,14.0,0.029314358596884915,-8.0,0.53133932200692,두산,KIA,wrong,HIGH_12_PLUS,1.781664549873697,6.247649808723188,4.465985258849491,8.029314358596885,HIGH_SCORING_MISS|RUN_DIFF_DIRECTION_MISS|BLOWOUT_UNDERPREDICTED
2025-06-03,20250603KTHH0,한화,KT,4.693008942114052,4.534623674940759,10.0,1.0,9.227632617054812,11.0,0.15838526717329326,9.0,0.5436050343673292,한화,한화,correct,MID_7_11,5.306991057885948,3.534623674940759,1.7723673829451876,8.841614732826706,BLOWOUT_UNDERPREDICTED
2025-06-03,20250603LGNC0,NC,LG,4.819350938019861,5.080989735212511,0.0,15.0,9.900340673232371,15.0,-0.26163879719265015,-15.0,0.5035732764233389,NC,LG,wrong,HIGH_12_PLUS,4.819350938019861,9.919010264787488,5.099659326767629,14.73836120280735,HIGH_SCORING_MISS|BLOWOUT_UNDERPREDICTED
2025-06-03,20250603SSSK0,SSG,삼성,4.459722444544305,4.754062705662133,6.0,4.0,9.213785150206437,10.0,-0.29434026111782874,2.0,0.5004479763318036,SSG,SSG,correct,MID_7_11,1.5402775554556953,0.7540627056621334,0.7862148497935628,2.2943402611178287,RUN_DIFF_DIRECTION_MISS
2025-06-03,20250603WOLT0,롯데,키움,5.613371030339166,4.850535896397721,8.0,0.0,10.463906926736886,8.0,0.7628351339414445,8.0,0.6001138501850498,롯데,롯데,correct,MID_7_11,2.3866289696608343,4.850535896397721,2.463906926736886,7.2371648660585555,BLOWOUT_UNDERPREDICTED
2025-06-04,20250604HTOB0,두산,KIA,4.842795536180077,4.96240751660654,3.0,8.0,9.805203052786617,11.0,-0.1196119804264626,-5.0,0.517140476693523,두산,KIA,wrong,MID_7_11,1.842795536180077,3.0375924833934604,1.1947969472133835,4.880388019573537,BLOWOUT_UNDERPREDICTED
2025-06-04,20250604KTHH0,한화,KT,4.78891002327581,4.51170397275887,4.0,3.0,9.30061399603468,7.0,0.27720605051694047,1.0,0.5548504575573945,한화,한화,correct,MID_7_11,0.7889100232758102,1.5117039727588697,2.3006139960346808,0.7227939494830595,NORMAL
2025-06-04,20250604LGNC0,NC,LG,4.776732178096331,5.318830750783605,6.0,5.0,10.095562928879936,11.0,-0.5420985726872738,1.0,0.47678579588086817,LG,NC,wrong,MID_7_11,1.2232678219036686,0.31883075078360523,0.9044370711200642,1.5420985726872738,RUN_DIFF_DIRECTION_MISS|CLOSE_GAME_NOISE
2025-06-04,20250604SSSK0,SSG,삼성,4.560813275096715,4.881603303464559,4.0,1.0,9.442416578561275,5.0,-0.32079002836784465,3.0,0.4979201179501586,삼성,SSG,wrong,LOW_0_6,0.5608132750967147,3.8816033034645594,4.442416578561275,3.3207900283678446,LOW_SCORING_MISS|RUN_DIFF_DIRECTION_MISS
2025-06-04,20250604WOLT0,롯데,키움,5.590581783505477,4.6896446210140335,6.0,9.0,10.28022640451951,15.0,0.9009371624914433,-3.0,0.6127139293736593,롯데,키움,wrong,HIGH_12_PLUS,0.40941821649452326,4.3103553789859665,4.71977359548049,3.9009371624914433,HIGH_SCORING_MISS|RUN_DIFF_DIRECTION_MISS
2025-06-05,20250605HTOB0,두산,KIA,4.868479617528481,5.027615104609689,2.0,1.0,9.89609472213817,3.0,-0.15913548708120828,1.0,0.5133666497088267,두산,두산,correct,LOW_0_6,2.8684796175284806,4.027615104609689,6.896094722138169,1.1591354870812083,RUN_DIFF_DIRECTION_MISS
2025-06-05,20250605KTHH0,한화,KT,4.77255016925932,4.518300355304176,0.0,7.0,9.290850524563496,7.0,0.2542498139551439,-7.0,0.5526818456160936,한화,KT,wrong,MID_7_11,4.77255016925932,2.4816996446958237,2.2908505245634956,7.254249813955144,RUN_DIFF_DIRECTION_MISS|BLOWOUT_UNDERPREDICTED
2025-06-05,20250605LGNC0,NC,LG,4.8143668616701385,5.4327653321909075,1.0,3.0,10.247132193861045,4.0,-0.618398470520769,-2.0,0.46951478146318676,LG,LG,correct,LOW_0_6,3.8143668616701385,2.4327653321909075,6.247132193861045,1.381601529479231,NORMAL
2025-06-05,20250605SSSK0,SSG,삼성,4.580105109880356,4.844940582415046,1.0,3.0,9.425045692295402,4.0,-0.2648354725346902,-2.0,0.5032677764625691,SSG,삼성,wrong,LOW_0_6,3.580105109880356,1.8449405824150462,5.425045692295402,1.7351645274653098,LOW_SCORING_MISS
2025-06-05,20250605WOLT0,롯데,키움,5.704979405716388,4.7727430484643145,5.0,10.0,10.477722454180704,15.0,0.9322363572520738,-5.0,0.6155494006764933,롯데,키움,wrong,HIGH_12_PLUS,0.7049794057163883,5.2272569515356855,4.522277545819296,5.932236357252074,HIGH_SCORING_MISS|RUN_DIFF_DIRECTION_MISS|BLOWOUT_UNDERPREDICTED
2025-06-06,20250606HHHT0,KIA,한화,4.8079917288013325,4.815999109661762,3.0,2.0,9.623990838463094,5.0,-0.008007380860429514,1.0,0.5277848739486518,KIA,KIA,correct,LOW_0_6,1.8079917288013325,2.815999109661762,4.623990838463094,1.0080073808604295,RUN_DIFF_DIRECTION_MISS
2025-06-06,20250606LGWO0,키움,LG,4.352509900236196,5.5930596879095,2.0,1.0,9.945569588145696,3.0,-1.240549787673304,1.0,0.4109754094068274,LG,키움,wrong,LOW_0_6,2.352509900236196,4.5930596879095,6.9455695881456965,2.240549787673304,LOW_SCORING_MISS|RUN_DIFF_DIRECTION_MISS|CLOSE_GAME_NOISE
2025-06-06,20250606LTOB0,두산,롯데,4.998610752874656,5.225355371733916,5.0,2.0,10.223966124608573,7.0,-0.2267446188592599,3.0,0.5069078217184848,두산,두산,correct,MID_7_11,0.0013892471253438288,3.225355371733916,3.223966124608573,3.22674461885926,RUN_DIFF_DIRECTION_MISS
2025-06-06,20250606NCSS0,삼성,NC,5.207219577719433,4.822081892494732,7.0,3.0,10.029301470214165,10.0,0.3851376852247004,4.0,0.5650171653261001,삼성,삼성,correct,MID_7_11,1.7927804222805674,1.8220818924947322,0.029301470214164738,3.6148623147752996,NORMAL
2025-06-06,20250606SKKT0,KT,SSG,4.571802723530845,4.4579539037156355,10.0,3.0,9.029756627246481,13.0,0.11384881981520945,7.0,0.5393779113124701,KT,KT,correct,HIGH_12_PLUS,5.428197276469155,1.4579539037156355,3.9702433727535187,6.8861511801847906,BLOWOUT_UNDERPREDICTED
2025-06-07,20250607HHHT0,KIA,한화,4.674026512654557,4.688062255087571,2.0,3.0,9.362088767742128,5.0,-0.01403574243301442,-1.0,0.5272104709450464,KIA,한화,wrong,LOW_0_6,2.6740265126545566,1.688062255087571,4.362088767742128,0.9859642575669856,LOW_SCORING_MISS|CLOSE_GAME_NOISE
2025-06-07,20250607LGWO0,키움,LG,4.281463537893847,5.346264656897368,4.0,1.0,9.627728194791215,5.0,-1.064801119003521,3.0,0.42733134518430055,LG,키움,wrong,LOW_0_6,0.28146353789384726,4.346264656897368,4.627728194791215,4.064801119003521,LOW_SCORING_MISS|RUN_DIFF_DIRECTION_MISS
2025-06-07,20250607LTOB0,두산,롯데,4.964153878051963,5.133935085401004,4.0,9.0,10.098088963452966,13.0,-0.16978120734904056,-5.0,0.5123498847854137,두산,롯데,wrong,HIGH_12_PLUS,0.9641538780519632,3.8660649145989963,2.901911036547034,4.830218792650959,HIGH_SCORING_MISS|BLOWOUT_UNDERPREDICTED
2025-06-07,20250607NCSS0,삼성,NC,5.2972516732540145,4.822604921261874,7.0,11.0,10.119856594515888,18.0,0.47464675199214046,-4.0,0.5734076361267665,삼성,NC,wrong,HIGH_12_PLUS,1.7027483267459855,6.177395078738126,7.880143405484112,4.4746467519921405,HIGH_SCORING_MISS|RUN_DIFF_DIRECTION_MISS
2025-06-07,20250607SKKT0,KT,SSG,4.733295142703609,4.523894317766154,3.0,2.0,9.257189460469764,5.0,0.20940082493745482,1.0,0.5484393720648587,KT,KT,correct,LOW_0_6,1.733295142703609,2.523894317766154,4.257189460469764,0.7905991750625452,NORMAL
2025-06-08,20250608HHHT0,KIA,한화,4.663733297410891,4.626475205434496,7.0,6.0,9.290208502845388,13.0,0.03725809197639496,1.0,0.5320954693434843,KIA,KIA,correct,HIGH_12_PLUS,2.336266702589109,1.3735247945655038,3.7097914971546118,0.962741908023605,NORMAL
2025-06-08,20250608LGWO0,키움,LG,4.299727696224149,5.292115756666776,2.0,7.0,9.591843452890926,9.0,-0.992388060442627,-5.0,0.43411907833284946,LG,LG,correct,MID_7_11,2.2997276962241493,1.7078842433332238,0.5918434528909255,4.007611939557373,BLOWOUT_UNDERPREDICTED
2025-06-08,20250608LTOB0,두산,롯데,4.9740822097119635,5.193298545795769,2.0,4.0,10.167380755507732,6.0,-0.21921633608380553,-2.0,0.5076271664281855,두산,롯데,wrong,LOW_0_6,2.9740822097119635,1.193298545795769,4.1673807555077325,1.7807836639161945,LOW_SCORING_MISS
2025-06-08,20250608NCSS0,삼성,NC,5.520622578188993,5.0074416593829625,1.0,0.0,10.528064237571956,1.0,0.5131809188060306,1.0,0.5770071035691963,삼성,삼성,correct,LOW_0_6,4.520622578188993,5.0074416593829625,9.528064237571956,0.48681908119396944,NORMAL
2025-06-08,20250608SKKT0,KT,SSG,4.662835768944904,4.507244367213774,2.0,3.0,9.170080136158678,5.0,0.1555914017311295,-1.0,0.5433400361546383,KT,SSG,wrong,LOW_0_6,2.6628357689449036,1.507244367213774,4.170080136158678,1.1555914017311295,LOW_SCORING_MISS|RUN_DIFF_DIRECTION_MISS|CLOSE_GAME_NOISE
2025-06-10,20250610LTKT0,KT,롯데,4.694638778128328,4.767002872666688,12.0,3.0,9.461641650795016,15.0,-0.07236409453835968,9.0,0.521649250330088,KT,KT,correct,HIGH_12_PLUS,7.305361221871672,1.767002872666688,5.538358349204984,9.07236409453836,RUN_DIFF_DIRECTION_MISS|BLOWOUT_UNDERPREDICTED
2025-06-10,20250610OBHH0,한화,두산,4.858701429650949,4.666549994161659,6.0,2.0,9.525251423812609,8.0,0.1921514354892908,4.0,0.5468057614373274,한화,한화,correct,MID_7_11,1.1412985703490506,2.6665499941616586,1.525251423812609,3.807848564510709,NORMAL
2025-06-10,20250610SKLG0,LG,SSG,4.778738750321088,4.2548350656426175,2.0,6.0,9.033573815963706,8.0,0.5239036846784701,-4.0,0.5780072793551799,LG,SSG,wrong,MID_7_11,2.7787387503210876,1.7451649343573825,1.033573815963706,4.52390368467847,RUN_DIFF_DIRECTION_MISS
2025-06-10,20250610SSHT0,KIA,삼성,4.62503524309597,4.858163184616846,0.0,8.0,9.483198427712814,8.0,-0.23312794152087601,-8.0,0.5062978580508457,KIA,삼성,wrong,MID_7_11,4.62503524309597,3.1418368153831544,1.4831984277128143,7.766872058479124,BLOWOUT_UNDERPREDICTED
2025-06-11,20250611LTKT0,KT,롯데,4.8153193559640775,4.791653464225192,3.0,4.0,9.60697282018927,7.0,0.02366589173888567,-1.0,0.5308015685155195,KT,롯데,wrong,MID_7_11,1.8153193559640775,0.7916534642251918,2.60697282018927,1.0236658917388857,RUN_DIFF_DIRECTION_MISS|CLOSE_GAME_NOISE
2025-06-11,20250611NCWO0,키움,NC,4.772397750341155,5.288425124625878,1.0,7.0,10.060822874967034,8.0,-0.5160273742847226,-6.0,0.47927266932951196,NC,NC,correct,MID_7_11,3.772397750341155,1.7115748753741222,2.060822874967034,5.483972625715277,BLOWOUT_UNDERPREDICTED
2025-06-11,20250611OBHH0,한화,두산,4.880554236789092,4.637621166934122,9.0,1.0,9.518175403723214,10.0,0.24293306985497054,8.0,0.5516120409355745,한화,한화,correct,MID_7_11,4.119445763210908,3.637621166934122,0.48182459627678575,7.7570669301450295,BLOWOUT_UNDERPREDICTED
2025-06-11,20250611SKLG0,LG,SSG,4.797120176590243,4.358008161429671,6.0,4.0,9.155128338019914,10.0,0.4391120151605721,2.0,0.5700814294954586,LG,LG,correct,MID_7_11,1.2028798234097566,0.3580081614296713,0.8448716619800862,1.560887984839428,NORMAL
2025-06-11,20250611SSHT0,KIA,삼성,4.573377434206947,4.871483187022373,6.0,3.0,9.44486062122932,9.0,-0.2981057528154265,3.0,0.5000880989787433,KIA,KIA,correct,MID_7_11,1.4266225657930534,1.8714831870223732,0.4448606212293207,3.2981057528154265,RUN_DIFF_DIRECTION_MISS
2025-06-12,20250612LTKT0,KT,롯데,4.846441515905261,4.757531741903186,7.0,12.0,9.603973257808448,19.0,0.088909774002075,-5.0,0.5370083361217889,KT,롯데,wrong,HIGH_12_PLUS,2.153558484094739,7.242468258096814,9.396026742191552,5.088909774002075,HIGH_SCORING_MISS|RUN_DIFF_DIRECTION_MISS|BLOWOUT_UNDERPREDICTED
2025-06-12,20250612NCWO0,키움,NC,4.7693158217979015,5.339172504382685,6.0,8.0,10.108488326180588,14.0,-0.569856682584784,-2.0,0.4741392791889456,NC,NC,correct,HIGH_12_PLUS,1.2306841782020985,2.6608274956173146,3.891511673819412,1.430143317415216,NORMAL
2025-06-12,20250612OBHH0,한화,두산,4.918142015630772,4.614632996200535,3.0,2.0,9.532775011831307,5.0,0.303509019430237,1.0,0.5573326559325739,한화,한화,correct,LOW_0_6,1.9181420156307718,2.614632996200535,4.532775011831307,0.696490980569763,NORMAL
2025-06-12,20250612SKLG0,LG,SSG,4.818726935270448,4.361396623466649,8.0,6.0,9.180123558737098,14.0,0.4573303118037986,2.0,0.5717875517456703,LG,LG,correct,HIGH_12_PLUS,3.1812730647295524,1.638603376533351,4.8198764412629025,1.5426696881962014,NORMAL
2025-06-12,20250612SSHT0,KIA,삼성,4.609605198299443,4.884833766614914,1.0,2.0,9.494438964914357,3.0,-0.2752285683154714,-1.0,0.5022745131075176,KIA,삼성,wrong,LOW_0_6,3.609605198299443,2.884833766614914,6.494438964914357,0.7247714316845286,LOW_SCORING_MISS|CLOSE_GAME_NOISE
2025-06-13,20250613HTNC0,NC,KIA,4.966012866715227,4.970129344869219,4.0,1.0,9.936142211584446,5.0,-0.004116478153992631,3.0,0.5281555735632262,NC,NC,correct,LOW_0_6,0.9660128667152268,3.9701293448692194,4.936142211584446,3.0041164781539926,RUN_DIFF_DIRECTION_MISS
2025-06-14,20250614HTNC0,NC,KIA,4.903693581530817,4.8822053728012005,8.0,9.0,9.785898954332017,17.0,0.02148820872961643,-1.0,0.5305942264210176,NC,KIA,wrong,HIGH_12_PLUS,3.096306418469183,4.1177946271987995,7.214101045667983,1.0214882087296164,HIGH_SCORING_MISS|RUN_DIFF_DIRECTION_MISS|CLOSE_GAME_NOISE
2025-06-14,20250614KTSS0,삼성,KT,4.7851749098051855,4.571116292831885,3.0,10.0,9.35629120263707,13.0,0.21405861697330053,-7.0,0.5488803127505534,삼성,KT,wrong,HIGH_12_PLUS,1.7851749098051855,5.428883707168115,3.6437087973629296,7.2140586169733005,HIGH_SCORING_MISS|RUN_DIFF_DIRECTION_MISS|BLOWOUT_UNDERPREDICTED
2025-06-14,20250614LTSK0,SSG,롯데,4.849152907639123,4.918248735144982,2.0,4.0,9.767401642784105,6.0,-0.0690958275058593,-2.0,0.5219610127286718,SSG,롯데,wrong,LOW_0_6,2.849152907639123,0.9182487351449824,3.7674016427841046,1.9309041724941407,LOW_SCORING_MISS
2025-06-14,20250614WOOB0,두산,키움,5.086703424999532,4.6072944310291435,4.0,1.0,9.693997856028677,5.0,0.47940899397038894,3.0,0.5738529054853077,두산,두산,correct,LOW_0_6,1.0867034249995324,3.6072944310291435,4.693997856028677,2.520591006029611,NORMAL
2025-06-15,20250615HTNC0,NC,KIA,4.972153679363829,4.954869614736825,2.0,4.0,9.927023294100653,6.0,0.01728406462700338,-2.0,0.5301939105943961,NC,KIA,wrong,LOW_0_6,2.972153679363829,0.9548696147368254,3.9270232941006533,2.0172840646270034,LOW_SCORING_MISS|RUN_DIFF_DIRECTION_MISS
2025-06-15,20250615KTSS0,삼성,KT,4.780220869917774,4.6935578881094635,4.0,16.0,9.473778758027237,20.0,0.08666298180831067,-12.0,0.5367947741893154,삼성,KT,wrong,HIGH_12_PLUS,0.7802208699177742,11.306442111890536,10.526221241972763,12.08666298180831,HIGH_SCORING_MISS|RUN_DIFF_DIRECTION_MISS|BLOWOUT_UNDERPREDICTED
2025-06-15,20250615LGHH0,한화,LG,4.421317152333633,4.732596887227127,10.0,5.0,9.15391403956076,15.0,-0.31127973489349436,5.0,0.49882903065970646,LG,한화,wrong,HIGH_12_PLUS,5.578682847666367,0.26740311277287265,5.84608596043924,5.311279734893494,HIGH_SCORING_MISS|RUN_DIFF_DIRECTION_MISS|BLOWOUT_UNDERPREDICTED
2025-06-15,20250615LTSK0,SSG,롯데,4.870887251723385,4.94816129700284,1.0,0.0,9.819048548726226,1.0,-0.07727404527945492,1.0,0.5211808548877581,SSG,SSG,correct,LOW_0_6,3.870887251723385,4.94816129700284,8.819048548726226,1.077274045279455,RUN_DIFF_DIRECTION_MISS
2025-06-15,20250615WOOB0,두산,키움,5.12863320677626,4.68693835770023,3.0,2.0,9.815571564476489,5.0,0.44169484907602996,1.0,0.5703234111551748,두산,두산,correct,LOW_0_6,2.12863320677626,2.68693835770023,4.815571564476489,0.55830515092397,NORMAL
2025-06-17,20250617HHLT0,롯데,한화,4.734317986221528,4.8505321176059635,0.0,6.0,9.584850103827492,6.0,-0.11621413138443515,-6.0,0.5174648287386624,롯데,한화,wrong,LOW_0_6,4.734317986221528,1.1494678823940365,3.584850103827492,5.883785868615565,LOW_SCORING_MISS|BLOWOUT_UNDERPREDICTED
2025-06-17,20250617KTHT0,KIA,KT,4.544894475400296,4.810055516358042,10.0,3.0,9.354949991758339,13.0,-0.2651610409577456,7.0,0.50323666238944,KIA,KIA,correct,HIGH_12_PLUS,5.455105524599704,1.8100555163580418,3.645050008241661,7.265161040957746,RUN_DIFF_DIRECTION_MISS|BLOWOUT_UNDERPREDICTED
2025-06-17,20250617NCLG0,LG,NC,5.122963627351214,4.613474292317297,2.0,6.0,9.73643791966851,8.0,0.5094893350339174,-4.0,0.5766626211611962,LG,NC,wrong,MID_7_11,3.122963627351214,1.3865257076827033,1.7364379196685107,4.509489335033917,RUN_DIFF_DIRECTION_MISS
2025-06-17,20250617OBSS0,삼성,두산,5.029365351591989,4.591017057450122,12.0,1.0,9.620382409042112,13.0,0.4383482941418668,11.0,0.5700098712500117,삼성,삼성,correct,HIGH_12_PLUS,6.970634648408011,3.591017057450122,3.3796175909578885,10.561651705858132,BLOWOUT_UNDERPREDICTED
2025-06-17,20250617SKWO0,키움,SSG,4.462553986027307,4.952421307719497,1.0,11.0,9.414975293746803,12.0,-0.4898673216921905,-10.0,0.48176905120234603,SSG,SSG,correct,HIGH_12_PLUS,3.4625539860273067,6.047578692280503,2.585024706253197,9.510132678307809,BLOWOUT_UNDERPREDICTED
2025-06-18,20250618HHLT0,롯데,한화,4.627052499769663,4.802608305520148,6.0,3.0,9.42966080528981,9.0,-0.17555580575048513,3.0,0.5117983138384058,롯데,롯데,correct,MID_7_11,1.372947500230337,1.802608305520148,0.4296608052898101,3.175555805750485,RUN_DIFF_DIRECTION_MISS
2025-06-18,20250618KTHT0,KIA,KT,4.760781532966573,4.899571777789207,5.0,3.0,9.66035331075578,8.0,-0.13879024482263436,2.0,0.5153094940514811,KIA,KIA,correct,MID_7_11,0.2392184670334272,1.8995717777892072,1.6603533107557809,2.1387902448226344,RUN_DIFF_DIRECTION_MISS
2025-06-18,20250618NCLG0,LG,NC,5.123954632960419,4.681200205923734,9.0,8.0,9.805154838884153,17.0,0.442754427036685,1.0,0.5704226716391264,LG,LG,correct,HIGH_12_PLUS,3.8760453670395814,3.3187997940762664,7.194845161115847,0.557245572963315,NORMAL
2025-06-18,20250618OBSS0,삼성,두산,5.213791447736598,4.621897913660602,6.0,3.0,9.8356893613972,9.0,0.5918935340759957,3.0,0.5843338919504432,삼성,삼성,correct,MID_7_11,0.7862085522634024,1.621897913660602,0.8356893613972005,2.4081064659240043,NORMAL
2025-06-18,20250618SKWO0,키움,SSG,4.481052540149801,5.1080465343474835,3.0,2.0,9.589099074497284,5.0,-0.6269939941976821,1.0,0.46869642227638597,SSG,키움,wrong,LOW_0_6,1.4810525401498014,3.1080465343474835,4.589099074497284,1.626993994197682,LOW_SCORING_MISS|RUN_DIFF_DIRECTION_MISS|CLOSE_GAME_NOISE
2025-06-19,20250619HHLT0,롯데,한화,4.636044441064048,4.7686327553862,4.0,3.0,9.404677196450248,7.0,-0.13258831432215246,1.0,0.5159016506089814,롯데,롯데,correct,MID_7_11,0.6360444410640476,1.7686327553862,2.4046771964502476,1.1325883143221525,RUN_DIFF_DIRECTION_MISS
2025-06-19,20250619KTHT0,KIA,KT,4.775787096689545,4.884827322672564,5.0,0.0,9.660614419362108,5.0,-0.10904022598301921,5.0,0.5181495870953282,KIA,KIA,correct,LOW_0_6,0.2242129033104554,4.884827322672564,4.660614419362108,5.109040225983019,RUN_DIFF_DIRECTION_MISS|BLOWOUT_UNDERPREDICTED
2025-06-19,20250619NCLG0,LG,NC,5.219907176272937,4.770609331254394,0.0,3.0,9.990516507527332,3.0,0.44929784501854275,-3.0,0.5710355284638776,LG,NC,wrong,LOW_0_6,5.219907176272937,1.770609331254394,6.990516507527332,3.4492978450185428,LOW_SCORING_MISS|RUN_DIFF_DIRECTION_MISS
2025-06-19,20250619OBSS0,삼성,두산,5.271733590210095,4.654898607742561,8.0,9.0,9.926632197952657,17.0,0.6168349824675339,-1.0,0.5866479164404632,삼성,두산,wrong,HIGH_12_PLUS,2.7282664097899048,4.345101392257439,7.073367802047343,1.6168349824675339,HIGH_SCORING_MISS|RUN_DIFF_DIRECTION_MISS|CLOSE_GAME_NOISE
2025-06-19,20250619SKWO0,키움,SSG,4.442161687177574,5.025643623549273,2.0,4.0,9.467805310726847,6.0,-0.5834819363716992,-2.0,0.47284074093813055,SSG,SSG,correct,LOW_0_6,2.442161687177574,1.0256436235492732,3.467805310726847,1.4165180636283008,NORMAL
2025-06-20,20250620SSLT0,롯데,삼성,4.881718633325444,5.2825588109559645,3.0,1.0,10.164277444281408,4.0,-0.4008401776305206,2.0,0.49027074092863715,삼성,롯데,wrong,LOW_0_6,1.8817186333254439,4.2825588109559645,6.164277444281408,2.4008401776305206,LOW_SCORING_MISS|RUN_DIFF_DIRECTION_MISS
2025-06-21,20250621NCKT0,KT,NC,4.861033633528689,4.838591847213794,7.0,5.0,9.699625480742483,12.0,0.022441786314894685,2.0,0.5306850199905427,KT,KT,correct,HIGH_12_PLUS,2.138966366471311,0.16140815278620568,2.3003745192575167,1.9775582136851053,NORMAL
2025-06-21,20250621OBLG0,LG,두산,5.220725611999316,4.579609026539159,5.0,6.0,9.800334638538475,11.0,0.641116585460157,-1.0,0.5888970522943898,LG,두산,wrong,MID_7_11,0.22072561199931595,1.420390973460841,1.1996653614615251,1.641116585460157,RUN_DIFF_DIRECTION_MISS|CLOSE_GAME_NOISE
2025-06-22,20250622HTSK0,SSG,KIA,4.458127275418397,4.482390552848053,4.0,5.0,8.94051782826645,9.0,-0.024263277429656505,-1.0,0.526235792273446,SSG,KIA,wrong,MID_7_11,0.4581272754183967,0.5176094471519468,0.059482171733549194,0.9757367225703435,CLOSE_GAME_NOISE
2025-06-22,20250622NCKT0,KT,NC,4.967678208234093,4.916378083081564,0.0,2.0,9.884056291315657,2.0,0.051300125152529574,-2.0,0.5334317383708431,KT,NC,wrong,LOW_0_6,4.967678208234093,2.9163780830815638,7.884056291315657,2.0513001251525296,LOW_SCORING_MISS|RUN_DIFF_DIRECTION_MISS
2025-06-22,20250622OBLG0,LG,두산,5.280112927325851,4.689725832088399,13.0,5.0,9.96983875941425,18.0,0.5903870952374515,8.0,0.5841940069222066,LG,LG,correct,HIGH_12_PLUS,7.719887072674149,0.3102741679116008,8.03016124058575,7.4096129047625485,BLOWOUT_UNDERPREDICTED
2025-06-22,20250622SSLT0,롯데,삼성,4.739489778405128,5.033149358091852,9.0,6.0,9.77263913649698,15.0,-0.2936595796867243,3.0,0.5005130307007336,롯데,롯데,correct,HIGH_12_PLUS,4.260510221594872,0.966850641908148,5.227360863503019,3.2936595796867243,RUN_DIFF_DIRECTION_MISS
2025-06-22,20250622WOHH0,한화,키움,4.9892515442930305,4.212930717416146,10.0,4.0,9.202182261709176,14.0,0.7763208268768844,6.0,0.6013503987581503,한화,한화,correct,HIGH_12_PLUS,5.0107484557069695,0.2129307174161461,4.797817738290824,5.223679173123116,BLOWOUT_UNDERPREDICTED
2025-06-24,20250624HTWO0,키움,KIA,4.517647287357546,5.131800067079524,9.0,6.0,9.64944735443707,15.0,-0.6141527797219783,3.0,0.469919064269255,KIA,키움,wrong,HIGH_12_PLUS,4.482352712642454,0.8681999329204757,5.35055264556293,3.6141527797219783,HIGH_SCORING_MISS|RUN_DIFF_DIRECTION_MISS
2025-06-24,20250624LGKT0,KT,LG,4.761156460935922,5.17562630684633,5.0,0.0,9.936782767782251,5.0,-0.4144698459104079,5.0,0.4889686815656786,LG,KT,wrong,LOW_0_6,0.23884353906407796,5.17562630684633,4.936782767782251,5.414469845910408,LOW_SCORING_MISS|RUN_DIFF_DIRECTION_MISS|BLOWOUT_UNDERPREDICTED
2025-06-24,20250624SKOB0,두산,SSG,4.707719083884906,4.758886103589638,5.0,0.0,9.466605187474544,5.0,-0.05116701970473159,5.0,0.5236709441267735,두산,두산,correct,LOW_0_6,0.2922809161150939,4.758886103589638,4.466605187474544,5.051167019704732,RUN_DIFF_DIRECTION_MISS|BLOWOUT_UNDERPREDICTED
2025-06-25,20250625HHSS0,삼성,한화,4.760836256816143,4.6577190187043165,7.0,2.0,9.41855527552046,9.0,0.10311723811182638,5.0,0.5383584654467202,삼성,삼성,correct,MID_7_11,2.239163743183857,2.6577190187043165,0.41855527552045935,4.896882761888174,BLOWOUT_UNDERPREDICTED
2025-06-25,20250625HTWO0,키움,KIA,4.644905667899941,5.273875568160704,3.0,6.0,9.918781236060646,9.0,-0.6289699002607625,-3.0,0.46850832463884123,KIA,KIA,correct,MID_7_11,1.6449056678999412,0.7261244318392963,0.9187812360606458,2.3710300997392375,NORMAL
2025-06-25,20250625LTNC0,NC,롯데,4.813861795923551,4.850415225360275,7.0,2.0,9.664277021283826,9.0,-0.036553429436724016,5.0,0.5250642834029039,NC,NC,correct,MID_7_11,2.1861382040764488,2.8504152253602753,0.6642770212838265,5.036553429436724,RUN_DIFF_DIRECTION_MISS|BLOWOUT_UNDERPREDICTED
2025-06-26,20250626HHSS0,삼성,한화,4.952420108239608,4.8233180888070954,1.0,3.0,9.775738197046703,4.0,0.12910201943251298,-2.0,0.5408263192246621,삼성,한화,wrong,LOW_0_6,3.9524201082396084,1.8233180888070954,5.775738197046703,2.129102019432513,LOW_SCORING_MISS|RUN_DIFF_DIRECTION_MISS
2025-06-26,20250626LGKT0,KT,LG,4.729494553592848,5.090339946846928,3.0,4.0,9.819834500439775,7.0,-0.36084539325408027,-1.0,0.49409218936546856,LG,LG,correct,MID_7_11,1.7294945535928479,1.0903399468469281,2.819834500439775,0.6391546067459197,NORMAL
2025-06-26,20250626LTNC0,NC,롯데,4.892469681943676,4.892651882804352,6.0,7.0,9.785121564748028,13.0,-0.0001822008606762182,-1.0,0.5285303740518985,NC,롯데,wrong,HIGH_12_PLUS,1.107530318056324,2.107348117195648,3.214878435251972,0.9998177991393238,HIGH_SCORING_MISS|CLOSE_GAME_NOISE
2025-06-26,20250626SKOB0,두산,SSG,4.629848893565337,4.7092390497568415,1.0,4.0,9.339087943322179,5.0,-0.07939015619150425,-3.0,0.5209789723462578,두산,SSG,wrong,LOW_0_6,3.6298488935653372,0.7092390497568415,4.339087943322179,2.9206098438084958,LOW_SCORING_MISS
2025-06-27,20250627HHSK0,SSG,한화,4.406615270241891,4.592990829160971,8.0,6.0,8.999606099402861,14.0,-0.18637555891908075,2.0,0.5107647697375213,SSG,SSG,correct,HIGH_12_PLUS,3.5933847297581094,1.4070091708390287,5.000393900597139,2.1863755589190808,RUN_DIFF_DIRECTION_MISS
2025-06-27,20250627HTLG0,LG,KIA,4.900066767341044,4.84439963625087,4.0,3.0,9.744466403591915,7.0,0.05566713109017396,1.0,0.5338472148526929,LG,LG,correct,MID_7_11,0.9000667673410438,1.84439963625087,2.7444664035919146,0.944332868909826,NORMAL
2025-06-27,20250627KTLT0,롯데,KT,4.95299629787719,4.806733634500731,8.0,11.0,9.759729932377923,19.0,0.14626266337645877,-3.0,0.5424550281752266,롯데,KT,wrong,HIGH_12_PLUS,3.04700370212281,6.193266365499269,9.240270067622077,3.1462626633764588,HIGH_SCORING_MISS|RUN_DIFF_DIRECTION_MISS
2025-06-27,20250627OBNC0,NC,두산,5.035831389539348,4.8027753486142775,10.0,9.0,9.838606738153626,19.0,0.23305604092507082,1.0,0.5506779458414025,NC,NC,correct,HIGH_12_PLUS,4.964168610460652,4.1972246513857225,9.161393261846374,0.7669439590749292,NORMAL
2025-06-27,20250627SSWO0,키움,삼성,4.828494724530147,5.4100127200053585,5.0,4.0,10.238507444535506,9.0,-0.5815179954752114,1.0,0.4730278896901342,삼성,키움,wrong,MID_7_11,0.17150527546985295,1.4100127200053585,1.2385074445355055,1.5815179954752114,RUN_DIFF_DIRECTION_MISS|CLOSE_GAME_NOISE
2025-06-28,20250628HHSK0,SSG,한화,4.476065447514884,4.612083000450577,2.0,5.0,9.08814844796546,7.0,-0.13601755293569262,-3.0,0.5155742344012967,SSG,한화,wrong,MID_7_11,2.476065447514884,0.3879169995494234,2.0881484479654606,2.8639824470643074,NORMAL
2025-06-28,20250628HTLG0,LG,KIA,5.000283985624946,4.7226869812041805,8.0,9.0,9.722970966829127,17.0,0.2775970044207652,-1.0,0.554887372043839,LG,KIA,wrong,HIGH_12_PLUS,2.9997160143750543,4.2773130187958195,7.277029033170873,1.2775970044207652,HIGH_SCORING_MISS|RUN_DIFF_DIRECTION_MISS|CLOSE_GAME_NOISE
2025-06-28,20250628KTLT0,롯데,KT,4.942304978635397,4.856463954693245,0.0,4.0,9.798768933328642,4.0,0.08584102394215165,-4.0,0.5367166421317433,롯데,KT,wrong,LOW_0_6,4.942304978635397,0.8564639546932451,5.798768933328642,4.085841023942152,LOW_SCORING_MISS|RUN_DIFF_DIRECTION_MISS
2025-06-28,20250628OBNC0,NC,두산,5.262649178438716,4.967910775432177,3.0,1.0,10.230559953870893,4.0,0.294738403006539,2.0,0.5565052890415467,NC,NC,correct,LOW_0_6,2.262649178438716,3.967910775432177,6.230559953870893,1.705261596993461,NORMAL
2025-06-28,20250628SSWO0,키움,삼성,4.787072800914174,5.558295208790492,9.0,0.0,10.345368009704666,9.0,-0.7712224078763175,9.0,0.45499330397649046,삼성,키움,wrong,MID_7_11,4.212927199085826,5.558295208790492,1.345368009704666,9.771222407876317,RUN_DIFF_DIRECTION_MISS|BLOWOUT_UNDERPREDICTED
2025-06-29,20250629HHSK0,SSG,한화,4.466076502843607,4.567352301203876,2.0,0.0,9.033428804047482,2.0,-0.10127579836026879,2.0,0.5188906346542929,SSG,SSG,correct,LOW_0_6,2.466076502843607,4.567352301203876,7.033428804047482,2.101275798360269,RUN_DIFF_DIRECTION_MISS
2025-06-29,20250629HTLG0,LG,KIA,5.1283418456807555,4.828833589693318,2.0,12.0,9.957175435374072,14.0,0.2995082559874378,-10.0,0.5569552872933022,LG,KIA,wrong,HIGH_12_PLUS,3.1283418456807555,7.171166410306682,4.042824564625928,10.299508255987437,HIGH_SCORING_MISS|RUN_DIFF_DIRECTION_MISS|BLOWOUT_UNDERPREDICTED
2025-06-29,20250629KTLT0,롯데,KT,4.901394861521013,4.815689863888371,10.0,5.0,9.717084725409384,15.0,0.08570499763264117,5.0,0.5367037118358241,롯데,롯데,correct,HIGH_12_PLUS,5.098605138478987,0.1843101361116286,5.282915274590616,4.914295002367359,BLOWOUT_UNDERPREDICTED
2025-06-29,20250629OBNC0,NC,두산,5.159274289391473,4.879649846841923,3.0,7.0,10.038924136233398,10.0,0.27962444254955,-4.0,0.5550787962381126,NC,두산,wrong,MID_7_11,2.1592742893914734,2.1203501531580766,0.03892413623339763,4.27962444254955,RUN_DIFF_DIRECTION_MISS
2025-06-29,20250629SSWO0,키움,삼성,4.739574816973082,5.39283641907481,10.0,7.0,10.132411236047894,17.0,-0.6532616021017281,3.0,0.46619660815888747,삼성,키움,wrong,HIGH_12_PLUS,5.260425183026918,1.6071635809251896,6.8675887639521065,3.653261602101728,HIGH_SCORING_MISS|RUN_DIFF_DIRECTION_MISS
2025-07-01,20250701LGLT0,롯데,LG,5.014700762534537,5.159420321060705,2.0,3.0,10.174121083595242,5.0,-0.1447195585261678,-1.0,0.5147433265608918,롯데,LG,wrong,LOW_0_6,3.0147007625345372,2.159420321060705,5.174121083595242,0.8552804414738322,LOW_SCORING_MISS|CLOSE_GAME_NOISE
2025-07-01,20250701NCHH0,한화,NC,4.789313158072787,4.702686477038144,8.0,4.0,9.49199963511093,12.0,0.08662668103464277,4.0,0.5367913236197255,한화,한화,correct,HIGH_12_PLUS,3.210686841927213,0.702686477038144,2.508000364889069,3.9133733189653572,NORMAL
2025-07-01,20250701SKHT0,KIA,SSG,4.682261134758268,4.426501502317402,3.0,2.0,9.108762637075671,5.0,0.2557596324408662,1.0,0.5528245364915172,KIA,KIA,correct,LOW_0_6,1.682261134758268,2.426501502317402,4.108762637075671,0.7442403675591338,NORMAL
2025-07-01,20250701SSOB0,두산,삼성,4.880902205206107,5.269771877289643,1.0,4.0,10.150674082495751,5.0,-0.38886967208353607,-3.0,0.4914144078703924,삼성,삼성,correct,LOW_0_6,3.880902205206107,1.2697718772896431,5.150674082495751,2.611130327916464,NORMAL
2025-07-01,20250701WOKT0,KT,키움,5.148192769356151,4.542756332704336,3.0,7.0,9.690949102060486,10.0,0.6054364366518152,-4.0,0.5855908473057194,KT,키움,wrong,MID_7_11,2.148192769356151,2.457243667295664,0.3090508979395139,4.605436436651815,RUN_DIFF_DIRECTION_MISS
2025-07-02,20250702LGLT0,롯데,LG,4.950590312054226,5.114763919510568,5.0,2.0,10.065354231564793,7.0,-0.16417360745634202,3.0,0.5128854758054399,롯데,롯데,correct,MID_7_11,0.04940968794577394,3.114763919510568,3.0653542315647933,3.164173607456342,RUN_DIFF_DIRECTION_MISS
2025-07-02,20250702NCHH0,한화,NC,4.869327985288121,4.731770718515429,0.0,2.0,9.601098703803551,2.0,0.1375572667726912,-2.0,0.541628914120882,한화,NC,wrong,LOW_0_6,4.869327985288121,2.7317707185154294,7.601098703803551,2.137557266772691,LOW_SCORING_MISS|RUN_DIFF_DIRECTION_MISS
2025-07-02,20250702SKHT0,KIA,SSG,4.702350804633701,4.460409979174016,5.0,8.0,9.162760783807716,13.0,0.2419408254596851,-3.0,0.5515182182653068,KIA,SSG,wrong,HIGH_12_PLUS,0.29764919536629897,3.539590020825984,3.837239216192284,3.241940825459685,HIGH_SCORING_MISS|RUN_DIFF_DIRECTION_MISS
2025-07-02,20250702SSOB0,두산,삼성,4.837054721964484,5.22019415869792,5.0,0.0,10.057248880662403,5.0,-0.383139436733436,5.0,0.49196190941694223,삼성,두산,wrong,LOW_0_6,0.16294527803551606,5.22019415869792,5.057248880662403,5.383139436733436,LOW_SCORING_MISS|RUN_DIFF_DIRECTION_MISS|BLOWOUT_UNDERPREDICTED
2025-07-02,20250702WOKT0,KT,키움,5.179201743075955,4.580095648142239,4.0,2.0,9.759297391218194,6.0,0.5991060949337168,2.0,0.585003447924269,KT,KT,correct,LOW_0_6,1.1792017430759554,2.5800956481422386,3.759297391218194,1.4008939050662832,NORMAL
2025-07-03,20250703LGLT0,롯데,LG,4.912338829553758,5.0547820709624345,2.0,0.0,9.967120900516193,2.0,-0.14244324140867626,2.0,0.5149606879317933,롯데,롯데,correct,LOW_0_6,2.9123388295537582,5.0547820709624345,7.967120900516193,2.1424432414086763,RUN_DIFF_DIRECTION_MISS
2025-07-03,20250703SKHT0,KIA,SSG,4.726209032766596,4.541645893303901,3.0,2.0,9.267854926070498,5.0,0.18456313946269542,1.0,0.5460867871603042,KIA,KIA,correct,LOW_0_6,1.7262090327665964,2.541645893303901,4.267854926070498,0.8154368605373046,NORMAL
2025-07-03,20250703SSOB0,두산,삼성,4.810124987093626,5.139918799691772,4.0,6.0,9.950043786785397,10.0,-0.32979381259814655,-2.0,0.4970596256416883,삼성,삼성,correct,MID_7_11,0.8101249870936256,0.8600812003082279,0.049956213214603196,1.6702061874018534,NORMAL
2025-07-03,20250703WOKT0,KT,키움,5.082889703578288,4.490089516151268,6.0,2.0,9.572979219729556,8.0,0.5928001874270201,4.0,0.5844180754977404,KT,KT,correct,MID_7_11,0.9171102964217122,2.4900895161512677,1.5729792197295556,3.40719981257298,NORMAL
2025-07-04,20250704HHWO0,키움,한화,4.320129442260608,5.164918052581361,1.0,2.0,9.485047494841968,3.0,-0.8447886103207525,-1.0,0.44802863963566625,한화,한화,correct,LOW_0_6,3.3201294422606082,3.1649180525813607,6.485047494841968,0.15521138967924752,NORMAL
2025-07-04,20250704KTOB0,두산,KT,4.617318109104059,4.837701383784227,3.0,6.0,9.455019492888287,9.0,-0.2203832746801675,-3.0,0.5075156647582493,두산,KT,wrong,MID_7_11,1.6173181091040592,1.1622986162157734,0.4550194928882867,2.7796167253198325,NORMAL
2025-07-04,20250704LGSS0,삼성,LG,4.908588366042892,4.955110620200707,4.0,1.0,9.863698986243598,5.0,-0.04652225415781519,3.0,0.5241138423512917,삼성,삼성,correct,LOW_0_6,0.908588366042892,3.955110620200707,4.863698986243598,3.046522254157815,RUN_DIFF_DIRECTION_MISS
2025-07-04,20250704LTHT0,KIA,롯데,4.916439873233997,4.807418877729337,7.0,5.0,9.723858750963334,12.0,0.10902099550465927,2.0,0.5389193327232448,KIA,KIA,correct,HIGH_12_PLUS,2.0835601267660033,0.1925811222706626,2.276141249036666,1.8909790044953407,NORMAL
2025-07-04,20250704SKNC0,NC,SSG,4.781993411582726,4.47753927157904,0.0,4.0,9.259532683161765,4.0,0.30445414000368576,-4.0,0.5574217939867508,NC,SSG,wrong,LOW_0_6,4.781993411582726,0.4775392715790403,5.2595326831617655,4.304454140003686,LOW_SCORING_MISS|RUN_DIFF_DIRECTION_MISS
2025-07-05,20250705HHWO0,키움,한화,4.414058352855282,4.987788133117869,4.0,6.0,9.40184648597315,10.0,-0.5737297802625871,-2.0,0.47377012196879775,한화,한화,correct,MID_7_11,0.4140583528552817,1.0122118668821312,0.5981535140268495,1.4262702197374129,NORMAL
2025-07-05,20250705KTOB0,두산,KT,4.6022657056392635,4.847650690799063,6.0,2.0,9.449916396438326,8.0,-0.24538498515979956,4.0,0.5051265751222747,두산,두산,correct,MID_7_11,1.3977342943607365,2.847650690799063,1.4499163964383257,4.2453849851598,RUN_DIFF_DIRECTION_MISS
2025-07-05,20250705LGSS0,삼성,LG,4.8640435613234425,4.874265654055664,7.0,6.0,9.738309215379108,13.0,-0.010222092732221633,1.0,0.5275738570595832,삼성,삼성,correct,HIGH_12_PLUS,2.1359564386765575,1.1257343459443359,3.2616907846208925,1.0102220927322216,RUN_DIFF_DIRECTION_MISS
2025-07-05,20250705LTHT0,KIA,롯데,5.007208677174766,4.926023321699553,13.0,0.0,9.93323199887432,13.0,0.08118535547521333,13.0,0.536274058821404,KIA,KIA,correct,HIGH_12_PLUS,7.992791322825234,4.926023321699553,3.0667680011256806,12.918814644524787,BLOWOUT_UNDERPREDICTED
2025-07-05,20250705SKNC0,NC,SSG,4.642318307732175,4.65421982507125,1.0,6.0,9.296538132803425,7.0,-0.01190151733907463,-5.0,0.5274138355611073,NC,SSG,wrong,MID_7_11,3.6423183077321752,1.3457801749287501,2.296538132803425,4.988098482660925,BLOWOUT_UNDERPREDICTED
2025-07-06,20250706HHWO0,키움,한화,4.421513321433856,4.972735010458389,1.0,10.0,9.394248331892245,11.0,-0.5512216890245334,-9.0,0.47591582762801016,한화,한화,correct,MID_7_11,3.4215133214338556,5.027264989541611,1.6057516681077555,8.448778310975467,BLOWOUT_UNDERPREDICTED
2025-07-06,20250706KTOB0,두산,KT,4.61529949974065,4.752643056907598,8.0,7.0,9.367942556648249,15.0,-0.13734355716694768,1.0,0.5154476268156092,두산,두산,correct,HIGH_12_PLUS,3.38470050025935,2.2473569430924023,5.632057443351751,1.1373435571669477,RUN_DIFF_DIRECTION_MISS
2025-07-06,20250706LGSS0,삼성,LG,4.837808554257808,4.863385456959532,2.0,4.0,9.70119401121734,6.0,-0.025576902701723192,-2.0,0.526110589832288,삼성,LG,wrong,LOW_0_6,2.8378085542578084,0.8633854569595316,3.701194011217339,1.9744230972982768,LOW_SCORING_MISS
2025-07-06,20250706LTHT0,KIA,롯데,5.168723873856518,4.923248159343639,2.0,5.0,10.091972033200157,7.0,0.24547571451287897,-3.0,0.5518524464837743,KIA,롯데,wrong,MID_7_11,3.1687238738565178,0.0767518406563612,3.0919720332001575,3.245475714512879,RUN_DIFF_DIRECTION_MISS
2025-07-06,20250706SKNC0,NC,SSG,4.571438569190101,4.61001224442353,3.0,2.0,9.18145081361363,5.0,-0.038573675233428695,1.0,0.5248716849192682,NC,NC,correct,LOW_0_6,1.571438569190101,2.6100122444235296,4.18145081361363,1.0385736752334287,RUN_DIFF_DIRECTION_MISS
2025-07-08,20250708HTHH0,한화,KIA,4.596492711938242,4.578962384515304,14.0,8.0,9.175455096453547,22.0,0.017530327422938363,6.0,0.5302173606515835,한화,한화,correct,HIGH_12_PLUS,9.403507288061757,3.421037615484696,12.824544903546453,5.982469672577062,BLOWOUT_UNDERPREDICTED
2025-07-08,20250708KTSK0,SSG,KT,4.484930885693531,4.49860031863343,7.0,1.0,8.983531204326962,8.0,-0.013669432939898307,6.0,0.5272453762432849,SSG,SSG,correct,MID_7_11,2.5150691143064687,3.4986003186334296,0.9835312043269617,6.013669432939898,RUN_DIFF_DIRECTION_MISS|BLOWOUT_UNDERPREDICTED
2025-07-08,20250708OBLT0,롯데,두산,4.970816905764189,4.848700184790267,5.0,8.0,9.819517090554456,13.0,0.12211672097392245,-3.0,0.5401630958522202,롯데,두산,wrong,HIGH_12_PLUS,0.02918309423581089,3.1512998152097333,3.1804829094455442,3.1221167209739225,HIGH_SCORING_MISS|RUN_DIFF_DIRECTION_MISS
2025-07-08,20250708SSNC0,NC,삼성,4.732424962342729,4.976999246122055,10.0,9.0,9.709424208464785,19.0,-0.24457428377932633,1.0,0.505204047614527,NC,NC,correct,HIGH_12_PLUS,5.267575037657271,4.023000753877945,9.290575791535215,1.2445742837793263,RUN_DIFF_DIRECTION_MISS
2025-07-08,20250708WOLG0,LG,키움,5.3103156764864385,4.475010841158705,4.0,3.0,9.785326517645142,7.0,0.8353048353277339,1.0,0.6067434734710768,LG,LG,correct,MID_7_11,1.3103156764864385,1.4750108411587046,2.7853265176451423,0.16469516467226608,NORMAL
2025-07-09,20250709HTHH0,한화,KIA,4.8597671298570955,4.727940125955475,7.0,4.0,9.587707255812571,11.0,0.13182700390162072,3.0,0.5410850054389028,한화,한화,correct,MID_7_11,2.1402328701429045,0.7279401259554747,1.412292744187429,2.8681729960983793,NORMAL
2025-07-09,20250709KTSK0,SSG,KT,4.568595882883551,4.5414824908680504,3.0,10.0,9.110078373751602,13.0,0.027113392015500892,-7.0,0.5311297909967804,SSG,KT,wrong,HIGH_12_PLUS,1.5685958828835513,5.4585175091319496,3.889921626248398,7.027113392015501,HIGH_SCORING_MISS|RUN_DIFF_DIRECTION_MISS|BLOWOUT_UNDERPREDICTED
2025-07-09,20250709OBLT0,롯데,두산,5.067797745827186,4.960151780821166,5.0,4.0,10.027949526648353,9.0,0.10764596500602064,1.0,0.5387887111709635,롯데,롯데,correct,MID_7_11,0.06779774582718634,0.9601517808211657,1.027949526648353,0.8923540349939794,NORMAL
2025-07-09,20250709SSNC0,NC,삼성,4.914168076945805,5.176601230395339,3.0,0.0,10.090769307341144,3.0,-0.26243315344953366,3.0,0.50349736160206,NC,NC,correct,LOW_0_6,1.9141680769458054,5.176601230395339,7.090769307341144,3.2624331534495337,RUN_DIFF_DIRECTION_MISS
2025-07-09,20250709WOLG0,LG,키움,5.317310162416656,4.50772151292519,12.0,6.0,9.825031675341847,18.0,0.8095886494914657,6.0,0.6043952844555511,LG,LG,correct,HIGH_12_PLUS,6.682689837583344,1.4922784870748096,8.174968324658153,5.190411350508534,BLOWOUT_UNDERPREDICTED
2025-07-10,20250710HTHH0,한화,KIA,4.903269703142498,4.736695168637392,3.0,2.0,9.63996487177989,5.0,0.16657453450510573,1.0,0.5443816438414002,한화,한화,correct,LOW_0_6,1.9032697031424979,2.736695168637392,4.63996487177989,0.8334254654948943,NORMAL
2025-07-10,20250710KTSK0,SSG,KT,4.514948175911305,4.596758124144057,2.0,4.0,9.111706300055362,6.0,-0.08180994823275256,-2.0,0.5207481094326951,SSG,KT,wrong,LOW_0_6,2.5149481759113046,0.5967581241440572,3.1117063000553618,1.9181900517672474,LOW_SCORING_MISS
2025-07-10,20250710OBLT0,롯데,두산,4.990019801265086,4.815733103213543,0.0,9.0,9.805752904478629,9.0,0.1742866980515423,-9.0,0.545112811100969,롯데,두산,wrong,MID_7_11,4.990019801265086,4.184266896786457,0.8057529044786289,9.174286698051542,RUN_DIFF_DIRECTION_MISS|BLOWOUT_UNDERPREDICTED
2025-07-10,20250710SSNC0,NC,삼성,4.853524455049806,5.022783336411219,7.0,5.0,9.876307791461025,12.0,-0.16925888136141332,2.0,0.5123997742098688,NC,NC,correct,HIGH_12_PLUS,2.146475544950194,0.022783336411219324,2.1236922085389747,2.1692588813614133,RUN_DIFF_DIRECTION_MISS
2025-07-10,20250710WOLG0,LG,키움,5.474853820048546,4.587611530018128,3.0,4.0,10.062465350066674,7.0,0.887242290030418,-1.0,0.6114708583504382,LG,키움,wrong,MID_7_11,2.474853820048546,0.5876115300181279,3.062465350066674,1.887242290030418,RUN_DIFF_DIRECTION_MISS|CLOSE_GAME_NOISE
2025-07-18,20250718HHKT0,KT,한화,4.191353350744142,4.32769001068983,0.0,5.0,8.519043361433972,5.0,-0.13633665994568833,-5.0,0.5155437660771616,KT,한화,wrong,LOW_0_6,4.191353350744142,0.67230998931017,3.5190433614339724,4.863663340054312,LOW_SCORING_MISS|BLOWOUT_UNDERPREDICTED
2025-07-18,20250718LTLG0,LG,롯데,4.740984896478658,4.390196198624163,2.0,1.0,9.131181095102821,3.0,0.35078869785449474,1.0,0.5617871442764112,LG,LG,correct,LOW_0_6,2.7409848964786576,3.390196198624163,6.131181095102821,0.6492113021455053,NORMAL
2025-07-19,20250719HHKT0,KT,한화,4.461420849643644,4.577677685641982,5.0,6.0,9.039098535285625,11.0,-0.11625683599833803,-1.0,0.5174607523302205,KT,한화,wrong,MID_7_11,0.5385791503563562,1.4223223143580181,1.9609014647143752,0.883743164001662,CLOSE_GAME_NOISE
2025-07-19,20250719LTLG0,LG,롯데,4.949842741355236,4.59153936555031,1.0,6.0,9.541382106905546,7.0,0.3583033758049261,-5.0,0.5624942475739014,LG,롯데,wrong,MID_7_11,3.949842741355236,1.40846063444969,2.5413821069055462,5.358303375804926,RUN_DIFF_DIRECTION_MISS|BLOWOUT_UNDERPREDICTED
2025-07-19,20250719OBSK0,SSG,두산,4.186565608723558,4.106416086755832,0.0,5.0,8.29298169547939,5.0,0.08014952196772551,-5.0,0.5361755812506297,SSG,두산,wrong,LOW_0_6,4.186565608723558,0.8935839132441679,3.2929816954793907,5.0801495219677255,LOW_SCORING_MISS|RUN_DIFF_DIRECTION_MISS|BLOWOUT_UNDERPREDICTED
2025-07-20,20250720HHKT0,KT,한화,4.500324679711793,4.6271395540682665,0.0,10.0,9.12746423378006,10.0,-0.12681487435647387,-10.0,0.5164528550563992,KT,한화,wrong,MID_7_11,4.500324679711793,5.3728604459317335,0.87253576621994,9.873185125643527,BLOWOUT_UNDERPREDICTED
2025-07-20,20250720LTLG0,LG,롯데,4.910732850490985,4.626642907335465,3.0,2.0,9.53737575782645,5.0,0.2840899431555197,1.0,0.5555003567406477,LG,LG,correct,LOW_0_6,1.9107328504909846,2.626642907335465,4.5373757578264495,0.7159100568444803,NORMAL
2025-07-20,20250720NCHT0,KIA,NC,4.521449469130945,4.352789742448286,3.0,2.0,8.874239211579232,5.0,0.16865972668265883,1.0,0.5445793537079855,KIA,KIA,correct,LOW_0_6,1.5214494691309453,2.3527897424482864,3.8742392115792317,0.8313402733173412,NORMAL
2025-07-20,20250720OBSK0,SSG,두산,4.554370130606984,4.517267314082212,1.0,2.0,9.071637444689197,3.0,0.03710281652477221,-1.0,0.5320806903996768,SSG,두산,wrong,LOW_0_6,3.5543701306069844,2.517267314082212,6.0716374446891965,1.0371028165247722,LOW_SCORING_MISS|RUN_DIFF_DIRECTION_MISS|CLOSE_GAME_NOISE
2025-07-20,20250720WOSS0,삼성,키움,4.941232623344564,4.2291173331562435,15.0,10.0,9.170349956500807,25.0,0.7121152901883203,5.0,0.5954518626658434,삼성,삼성,correct,HIGH_12_PLUS,10.058767376655435,5.7708826668437565,15.829650043499193,4.28788470981168,BLOWOUT_UNDERPREDICTED
2025-07-22,20250722HHOB0,두산,한화,4.360236162258486,4.632096049717135,1.0,2.0,8.992332211975622,3.0,-0.27185988745864886,-1.0,0.502596458723784,두산,한화,wrong,LOW_0_6,3.360236162258486,2.632096049717135,5.992332211975622,0.7281401125413511,LOW_SCORING_MISS|CLOSE_GAME_NOISE
2025-07-22,20250722KTNC0,NC,KT,4.762358170825269,4.73287717972293,0.0,7.0,9.4952353505482,7.0,0.02948099110233926,-7.0,0.5313551848960537,NC,KT,wrong,MID_7_11,4.762358170825269,2.26712282027707,2.4952353505481994,7.029480991102339,RUN_DIFF_DIRECTION_MISS|BLOWOUT_UNDERPREDICTED
2025-07-22,20250722LGHT0,KIA,LG,4.6858488487420615,4.770677840401163,7.0,9.0,9.456526689143224,16.0,-0.0848289916591014,-2.0,0.5204600618688967,KIA,LG,wrong,HIGH_12_PLUS,2.3141511512579385,4.229322159598837,6.5434733108567755,1.9151710083408986,HIGH_SCORING_MISS
2025-07-22,20250722LTWO0,키움,롯데,4.893164594865252,5.2709305730602845,6.0,3.0,10.164095167925536,9.0,-0.37776597819503266,3.0,0.49247533987924563,롯데,키움,wrong,MID_7_11,1.1068354051347482,2.2709305730602845,1.1640951679255362,3.3777659781950327,RUN_DIFF_DIRECTION_MISS
2025-07-22,20250722SKSS0,삼성,SSG,4.870128364802993,4.480668638404897,7.0,5.0,9.35079700320789,12.0,0.3894597263980968,2.0,0.5654232053719078,삼성,삼성,correct,HIGH_12_PLUS,2.1298716351970066,0.5193313615951034,2.649202996792109,1.6105402736019032,NORMAL
2025-07-23,20250723HHOB0,두산,한화,4.378995044412278,4.659385042284156,13.0,2.0,9.038380086696435,15.0,-0.280389997871878,11.0,0.5017812305124613,두산,두산,correct,HIGH_12_PLUS,8.621004955587722,2.659385042284156,5.961619913303565,11.280389997871879,RUN_DIFF_DIRECTION_MISS|BLOWOUT_UNDERPREDICTED
2025-07-23,20250723KTNC0,NC,KT,4.783387974687873,4.799745496911061,2.0,9.0,9.583133471598934,11.0,-0.016357522223188425,-7.0,0.5269892244894099,NC,KT,wrong,MID_7_11,2.783387974687873,4.200254503088939,1.4168665284010658,6.983642477776812,BLOWOUT_UNDERPREDICTED
2025-07-23,20250723LGHT0,KIA,LG,4.893928669195168,4.961296549495182,5.0,6.0,9.85522521869035,11.0,-0.06736788030001417,-1.0,0.5221258359865371,KIA,LG,wrong,MID_7_11,0.10607133080483244,1.0387034505048183,1.1447747813096498,0.9326321196999858,CLOSE_GAME_NOISE
2025-07-23,20250723LTWO0,키움,롯데,4.955177757679368,5.351265776014234,1.0,4.0,10.306443533693603,5.0,-0.39608801833486584,-3.0,0.49072475262757115,롯데,롯데,correct,LOW_0_6,3.955177757679368,1.351265776014234,5.306443533693603,2.603911981665134,NORMAL
2025-07-23,20250723SKSS0,삼성,SSG,4.978733715296978,4.599837300774588,9.0,0.0,9.578571016071567,9.0,0.37889641452238987,9.0,0.564430666820668,삼성,삼성,correct,MID_7_11,4.021266284703022,4.599837300774588,0.5785710160715674,8.62110358547761,BLOWOUT_UNDERPREDICTED
2025-07-24,20250724KTNC0,NC,KT,4.737681170445956,4.871523255141063,4.0,5.0,9.60920442558702,9.0,-0.1338420846951065,-1.0,0.515781944922342,NC,KT,wrong,MID_7_11,0.7376811704459563,0.12847674485893723,0.6092044255870199,0.8661579153048935,CLOSE_GAME_NOISE
2025-07-24,20250724LGHT0,KIA,LG,4.900742270639173,4.9891146361875816,0.0,8.0,9.889856906826754,8.0,-0.088372365548409,-8.0,0.5201219704867766,KIA,LG,wrong,MID_7_11,4.900742270639173,3.0108853638124184,1.8898569068267541,7.911627634451591,BLOWOUT_UNDERPREDICTED
2025-07-24,20250724LTWO0,키움,롯데,4.854080363880579,5.2566362100752775,0.0,4.0,10.110716573955855,4.0,-0.40255584619469875,-4.0,0.4901068333238543,롯데,롯데,correct,LOW_0_6,4.854080363880579,1.2566362100752775,6.110716573955855,3.5974441538053012,NORMAL
2025-07-24,20250724SKSS0,삼성,SSG,5.034013834937802,4.59869136669783,1.0,3.0,9.632705201635632,4.0,0.43532246823997234,-2.0,0.5697263321997835,삼성,SSG,wrong,LOW_0_6,4.034013834937802,1.59869136669783,5.632705201635632,2.4353224682399723,LOW_SCORING_MISS|RUN_DIFF_DIRECTION_MISS
2025-07-25,20250725HTLT0,롯데,KIA,4.915747145872335,4.945452629442192,7.0,4.0,9.861199775314528,11.0,-0.029705483569856916,3.0,0.5257170709201757,롯데,롯데,correct,MID_7_11,2.084252854127665,0.9454526294421921,1.1388002246854718,3.029705483569857,RUN_DIFF_DIRECTION_MISS
2025-07-25,20250725LGOB0,두산,LG,4.5777281598353765,4.668561911162894,5.0,6.0,9.24629007099827,11.0,-0.09083375132751748,-1.0,0.5198871062439301,두산,LG,wrong,MID_7_11,0.4222718401646235,1.331438088837106,1.7537099290017295,0.9091662486724825,CLOSE_GAME_NOISE
2025-07-25,20250725SKHH0,한화,SSG,4.813853230149294,4.3072848879020675,4.0,0.0,9.121138118051363,4.0,0.5065683422472267,4.0,0.5763899940789547,한화,한화,correct,LOW_0_6,0.8138532301492942,4.3072848879020675,5.121138118051363,3.4934316577527733,NORMAL
2025-07-25,20250725SSKT0,KT,삼성,4.803445638709319,4.943993805981005,8.0,5.0,9.747439444690325,13.0,-0.14054816727168618,3.0,0.5151416407920077,KT,KT,correct,HIGH_12_PLUS,3.196554361290681,0.05600619401899465,3.2525605553096746,3.140548167271686,RUN_DIFF_DIRECTION_MISS
2025-07-25,20250725WONC0,NC,키움,5.321900677330133,4.763303128164287,16.0,7.0,10.08520380549442,23.0,0.5585975491658459,9.0,0.5812389600664353,NC,NC,correct,HIGH_12_PLUS,10.678099322669867,2.236696871835713,12.91479619450558,8.441402450834154,BLOWOUT_UNDERPREDICTED
2025-07-26,20250726HTLT0,롯데,KIA,4.971661322121242,4.964161166550368,9.0,4.0,9.93582248867161,13.0,0.007500155570873801,5.0,0.5292621436799606,롯데,롯데,correct,HIGH_12_PLUS,4.028338677878758,0.964161166550368,3.0641775113283902,4.992499844429126,BLOWOUT_UNDERPREDICTED
2025-07-26,20250726LGOB0,두산,LG,4.542423391814628,4.825048470533326,3.0,4.0,9.367471862347955,7.0,-0.2826250787186977,-1.0,0.5015676206371563,두산,LG,wrong,MID_7_11,1.5424233918146282,0.8250484705333259,2.367471862347955,0.7173749212813023,CLOSE_GAME_NOISE
2025-07-26,20250726SKHH0,한화,SSG,4.658310647717318,4.373705806604196,3.0,9.0,9.032016454321514,12.0,0.2846048411131221,-6.0,0.5555489599715769,한화,SSG,wrong,HIGH_12_PLUS,1.6583106477173182,4.626294193395804,2.9679835456784858,6.284604841113122,HIGH_SCORING_MISS|RUN_DIFF_DIRECTION_MISS|BLOWOUT_UNDERPREDICTED
2025-07-26,20250726SSKT0,KT,삼성,4.853176222214263,4.953251865639674,0.0,11.0,9.806428087853938,11.0,-0.1000756434254102,-11.0,0.5190051717442661,KT,삼성,wrong,MID_7_11,4.853176222214263,6.046748134360326,1.1935719121460622,10.89992435657459,BLOWOUT_UNDERPREDICTED
2025-07-26,20250726WONC0,NC,키움,5.650970361033129,4.9368803105717936,8.0,6.0,10.587850671604922,14.0,0.7140900504613352,2.0,0.595633704117297,NC,NC,correct,HIGH_12_PLUS,2.3490296389668712,1.0631196894282064,3.4121493283950777,1.2859099495386648,NORMAL
2025-07-27,20250727HTLT0,롯데,KIA,5.013618678411424,4.9616413293242765,5.0,3.0,9.9752600077357,8.0,0.05197734908714757,2.0,0.5334961724371697,롯데,롯데,correct,MID_7_11,0.013618678411424057,1.9616413293242765,1.9752600077357005,1.9480226509128524,NORMAL
2025-07-27,20250727LGOB0,두산,LG,4.573772003262508,4.822004630602101,9.0,6.0,9.39577663386461,15.0,-0.2482326273395925,3.0,0.5048544459465242,두산,두산,correct,HIGH_12_PLUS,4.426227996737492,1.177995369397899,5.60422336613539,3.2482326273395925,RUN_DIFF_DIRECTION_MISS
2025-07-27,20250727SKHH0,한화,SSG,4.697218229366112,4.476030071444891,2.0,3.0,9.173248300811004,5.0,0.2211881579212216,-1.0,0.5495550983966464,한화,SSG,wrong,LOW_0_6,2.697218229366112,1.4760300714448906,4.173248300811004,1.2211881579212216,LOW_SCORING_MISS|RUN_DIFF_DIRECTION_MISS|CLOSE_GAME_NOISE
2025-07-27,20250727SSKT0,KT,삼성,4.787353682776339,4.981878146459587,4.0,3.0,9.769231829235926,7.0,-0.19452446368324772,1.0,0.5099862940195957,KT,KT,correct,MID_7_11,0.787353682776339,1.9818781464595867,2.7692318292359257,1.1945244636832477,RUN_DIFF_DIRECTION_MISS
2025-07-27,20250727WONC0,NC,키움,5.7553114197540065,4.970619170988813,12.0,4.0,10.72593059074282,16.0,0.784692248765194,8.0,0.6021173538097475,NC,NC,correct,HIGH_12_PLUS,6.2446885802459935,0.9706191709888126,5.27406940925718,7.215307751234806,BLOWOUT_UNDERPREDICTED
2025-07-29,20250729KTLG0,LG,KT,4.826039205078773,4.525860474577779,8.0,2.0,9.351899679656551,10.0,0.30017873050099464,6.0,0.5570185338343168,LG,LG,correct,MID_7_11,3.1739607949212267,2.5258604745777786,0.648100320343449,5.699821269499005,BLOWOUT_UNDERPREDICTED
2025-07-29,20250729NCLT0,롯데,NC,4.875606582548178,4.96018663582615,6.0,4.0,9.835793218374327,10.0,-0.08458005327797213,2.0,0.520483813649061,롯데,롯데,correct,MID_7_11,1.124393417451822,0.9601866358261502,0.1642067816256727,2.084580053277972,RUN_DIFF_DIRECTION_MISS
2025-07-29,20250729OBHT0,KIA,두산,4.951197144246536,4.919141817938221,6.0,9.0,9.870338962184757,15.0,0.0320553263083152,-3.0,0.5316002454196207,KIA,두산,wrong,HIGH_12_PLUS,1.0488028557534639,4.080858182061779,5.129661037815243,3.032055326308315,HIGH_SCORING_MISS|RUN_DIFF_DIRECTION_MISS
2025-07-29,20250729SSHH0,한화,삼성,4.748252924669505,4.810387776702053,2.0,9.0,9.558640701371559,11.0,-0.06213485203254798,-7.0,0.5226249679772239,한화,삼성,wrong,MID_7_11,2.7482529246695053,4.189612223297947,1.4413592986284414,6.937865147967452,BLOWOUT_UNDERPREDICTED
2025-07-29,20250729WOSK0,SSG,키움,5.248797783108733,4.79234690028191,9.0,3.0,10.041144683390643,12.0,0.45645088282682345,6.0,0.5717052331047748,SSG,SSG,correct,HIGH_12_PLUS,3.751202216891267,1.7923469002819097,1.9588553166093572,5.5435491171731766,BLOWOUT_UNDERPREDICTED
2025-07-30,20250730KTLG0,LG,KT,4.9477966554149155,4.572982263268868,5.0,0.0,9.520778918683783,5.0,0.37481439214604784,5.0,0.564046977407373,LG,LG,correct,LOW_0_6,0.052203344585084466,4.572982263268868,4.520778918683783,4.625185607853952,BLOWOUT_UNDERPREDICTED
2025-07-30,20250730NCLT0,롯데,NC,4.852121850631855,4.865887595934162,4.0,9.0,9.718009446566018,13.0,-0.01376574530230723,-5.0,0.5272361987517152,롯데,NC,wrong,HIGH_12_PLUS,0.8521218506318551,4.134112404065838,3.2819905534339817,4.986234254697693,HIGH_SCORING_MISS|BLOWOUT_UNDERPREDICTED
2025-07-30,20250730SSHH0,한화,삼성,4.74711945181015,4.863937586539033,5.0,0.0,9.611057038349184,5.0,-0.11681813472888347,5.0,0.5174071728246166,한화,한화,correct,LOW_0_6,0.2528805481898502,4.863937586539033,4.611057038349184,5.1168181347288835,RUN_DIFF_DIRECTION_MISS|BLOWOUT_UNDERPREDICTED
2025-07-31,20250731KTLG0,LG,KT,4.97856566034243,4.591837097345248,18.0,0.0,9.570402757687678,18.0,0.38672856299718195,18.0,0.5651666326804083,LG,LG,correct,HIGH_12_PLUS,13.02143433965757,4.591837097345248,8.429597242312322,17.61327143700282,BLOWOUT_UNDERPREDICTED
2025-07-31,20250731NCLT0,롯데,NC,4.942234072394916,4.967721675489548,11.0,5.0,9.909955747884464,16.0,-0.02548760309463205,6.0,0.5261191011375368,롯데,롯데,correct,HIGH_12_PLUS,6.057765927605084,0.032278324510452094,6.090044252115536,6.025487603094632,RUN_DIFF_DIRECTION_MISS|BLOWOUT_UNDERPREDICTED
2025-07-31,20250731OBHT0,KIA,두산,4.926639971780622,4.907375220528191,3.0,2.0,9.834015192308813,5.0,0.019264751252430656,1.0,0.530382515139456,KIA,KIA,correct,LOW_0_6,1.926639971780622,2.9073752205281913,4.834015192308813,0.9807352487475693,NORMAL
2025-07-31,20250731SSHH0,한화,삼성,4.7290747397390955,4.787664264630607,7.0,1.0,9.516739004369702,8.0,-0.05858952489151115,6.0,0.5229630995652487,한화,한화,correct,MID_7_11,2.2709252602609045,3.7876642646306067,1.5167390043697022,6.058589524891511,RUN_DIFF_DIRECTION_MISS|BLOWOUT_UNDERPREDICTED
2025-07-31,20250731WOSK0,SSG,키움,5.286449112207336,4.726457471558202,4.0,2.0,10.012906583765538,6.0,0.5599916406491339,2.0,0.5813686739331542,SSG,SSG,correct,LOW_0_6,1.286449112207336,2.726457471558202,4.012906583765538,1.4400083593508661,NORMAL
2025-08-01,20250801HHHT0,KIA,한화,4.773895695397957,4.871004052076102,3.0,2.0,9.64489974747406,5.0,-0.09710835667814433,1.0,0.5192883469064353,KIA,KIA,correct,LOW_0_6,1.7738956953979574,2.8710040520761018,4.64489974747406,1.0971083566781443,RUN_DIFF_DIRECTION_MISS
2025-08-01,20250801KTNC0,NC,KT,5.273586297644746,5.041656650202466,5.0,3.0,10.315242947847212,8.0,0.23192964744228028,2.0,0.5505713971850906,NC,NC,correct,MID_7_11,0.27358629764474607,2.041656650202466,2.315242947847212,1.7680703525577197,NORMAL
2025-08-01,20250801LGSS0,삼성,LG,4.712228876339898,4.949306423269737,2.0,4.0,9.661535299609636,6.0,-0.2370775469298385,-2.0,0.5059204407401116,삼성,LG,wrong,LOW_0_6,2.712228876339898,0.9493064232697366,3.6615352996096355,1.7629224530701615,LOW_SCORING_MISS
2025-08-01,20250801LTWO0,키움,롯데,4.843291266612537,5.513461751693948,2.0,0.0,10.356753018306485,2.0,-0.6701704850814112,2.0,0.4645883272135141,롯데,키움,wrong,LOW_0_6,2.843291266612537,5.513461751693948,8.356753018306485,2.670170485081411,LOW_SCORING_MISS|RUN_DIFF_DIRECTION_MISS
2025-08-01,20250801SKOB0,두산,SSG,4.596385287504739,4.453431689017636,2.0,7.0,9.049816976522376,9.0,0.14295359848710287,-5.0,0.5421410358485176,두산,SSG,wrong,MID_7_11,2.596385287504739,2.546568310982364,0.04981697652237571,5.142953598487103,RUN_DIFF_DIRECTION_MISS|BLOWOUT_UNDERPREDICTED
2025-08-02,20250802KTNC0,NC,KT,5.222072232419471,5.0251621628675975,7.0,6.0,10.24723439528707,13.0,0.1969100695518735,1.0,0.5472565320877225,NC,NC,correct,HIGH_12_PLUS,1.777927767580529,0.9748378371324025,2.7527656047129305,0.8030899304481265,NORMAL
2025-08-02,20250802LGSS0,삼성,LG,4.6463691301979315,4.869086673491106,2.0,3.0,9.515455803689036,5.0,-0.22271754329317428,-1.0,0.5072926217853377,삼성,LG,wrong,LOW_0_6,2.6463691301979315,1.8690866734911058,4.515455803689036,0.7772824567068257,LOW_SCORING_MISS|CLOSE_GAME_NOISE
2025-08-02,20250802LTWO0,키움,롯데,4.77162827470592,5.458778114450117,2.0,3.0,10.230406389156038,5.0,-0.6871498397441966,-1.0,0.4629740841540162,롯데,롯데,correct,LOW_0_6,2.77162827470592,2.4587781144501166,5.2304063891560375,0.31285016025580337,NORMAL
2025-08-02,20250802SKOB0,두산,SSG,4.551633928404049,4.508045527455856,5.0,4.0,9.059679455859904,9.0,0.04358840094819261,1.0,0.5326979328348913,두산,두산,correct,MID_7_11,0.44836607159595143,0.508045527455856,0.05967945585990364,0.9564115990518074,NORMAL
2025-08-03,20250803LGSS0,삼성,LG,4.595090746210546,4.757736621365076,3.0,6.0,9.352827367575621,9.0,-0.16264587515453055,-3.0,0.5130313869345988,삼성,LG,wrong,MID_7_11,1.5950907462105457,1.2422633786349238,0.35282736757562105,2.8373541248454694,NORMAL
2025-08-03,20250803LTWO0,키움,롯데,4.6443827136505424,5.291109455550026,3.0,9.0,9.935492169200568,12.0,-0.6467267418994833,-6.0,0.4668183586669197,롯데,롯데,correct,HIGH_12_PLUS,1.6443827136505424,3.7088905444499742,2.064507830799432,5.353273258100517,BLOWOUT_UNDERPREDICTED
2025-08-03,20250803SKOB0,두산,SSG,4.589190143639206,4.557859859968108,2.0,3.0,9.147050003607314,5.0,0.0313302836710978,-1.0,0.531531227456602,두산,SSG,wrong,LOW_0_6,2.5891901436392057,1.557859859968108,4.147050003607314,1.0313302836710978,LOW_SCORING_MISS|RUN_DIFF_DIRECTION_MISS|CLOSE_GAME_NOISE
2025-08-05,20250805HTLT0,롯데,KIA,4.6830416405804804,4.965262685835587,0.0,2.0,9.648304326416067,2.0,-0.28222104525510616,-2.0,0.5016062347381557,롯데,KIA,wrong,LOW_0_6,4.6830416405804804,2.9652626858355866,7.648304326416067,1.7177789547448938,LOW_SCORING_MISS
2025-08-05,20250805KTHH0,한화,KT,4.89276169982101,4.458728028348159,2.0,5.0,9.35148972816917,7.0,0.434033671472851,-3.0,0.5696055498794906,한화,KT,wrong,MID_7_11,2.89276169982101,0.5412719716518408,2.3514897281691702,3.434033671472851,RUN_DIFF_DIRECTION_MISS
2025-08-05,20250805OBLG0,LG,두산,4.837993720536793,4.417268594769354,4.0,2.0,9.255262315306148,6.0,0.42072512576743915,2.0,0.5683578293478148,LG,LG,correct,LOW_0_6,0.8379937205367929,2.4172685947693537,3.2552623153061475,1.5792748742325609,NORMAL
2025-08-05,20250805SSSK0,SSG,삼성,4.463657319074293,4.645250970271019,2.0,6.0,9.108908289345312,8.0,-0.1815936511967262,-4.0,0.5112215676802427,SSG,삼성,wrong,MID_7_11,2.4636573190742928,1.354749029728981,1.1089082893453117,3.818406348803274,NORMAL
2025-08-05,20250805WONC0,NC,키움,5.721249036507341,4.7839791342013545,5.0,8.0,10.505228170708696,13.0,0.937269902305987,-3.0,0.6160046755530187,NC,키움,wrong,HIGH_12_PLUS,0.7212490365073414,3.2160208657986455,2.494771829291304,3.937269902305987,HIGH_SCORING_MISS|RUN_DIFF_DIRECTION_MISS
2025-08-06,20250806HTLT0,롯데,KIA,4.93546884184909,4.816042094478545,7.0,1.0,9.751510936327636,8.0,0.11942674737054482,6.0,0.5399076566154927,롯데,롯데,correct,MID_7_11,2.06453115815091,3.8160420944785454,1.7515109363276355,5.880573252629455,BLOWOUT_UNDERPREDICTED
2025-08-06,20250806KTHH0,한화,KT,4.88851916506426,4.665663411451583,5.0,4.0,9.554182576515842,9.0,0.2228557536126763,1.0,0.5497129041761538,한화,한화,correct,MID_7_11,0.11148083493574035,0.6656634114515834,0.5541825765158421,0.7771442463873237,NORMAL
2025-08-06,20250806OBLG0,LG,두산,4.921367303889298,4.472159737577502,8.0,10.0,9.3935270414668,18.0,0.44920756631179604,-2.0,0.5710270744334723,LG,두산,wrong,HIGH_12_PLUS,3.0786326961107022,5.527840262422498,8.6064729585332,2.449207566311796,HIGH_SCORING_MISS|RUN_DIFF_DIRECTION_MISS
2025-08-06,20250806SSSK0,SSG,삼성,4.472824979006825,4.691968418704574,5.0,4.0,9.1647933977114,9.0,-0.2191434396977492,1.0,0.5076341316957269,SSG,SSG,correct,MID_7_11,0.5271750209931749,0.6919684187045743,0.16479339771139934,1.2191434396977492,RUN_DIFF_DIRECTION_MISS
2025-08-06,20250806WONC0,NC,키움,5.712354422723821,4.979590178881065,5.0,9.0,10.691944601604884,14.0,0.7327642438427562,-4.0,0.5973519716277852,NC,키움,wrong,HIGH_12_PLUS,0.7123544227238208,4.020409821118935,3.3080553983951155,4.732764243842756,HIGH_SCORING_MISS|RUN_DIFF_DIRECTION_MISS
2025-08-07,20250807HTLT0,롯데,KIA,4.917890309730757,4.76525046425095,5.0,6.0,9.683140773981707,11.0,0.1526398454798077,-1.0,0.5430600543165055,롯데,KIA,wrong,MID_7_11,0.08210969026924264,1.2347495357490503,1.316859226018293,1.1526398454798077,RUN_DIFF_DIRECTION_MISS|CLOSE_GAME_NOISE
2025-08-07,20250807KTHH0,한화,KT,4.861785830454079,4.706214415688576,4.0,5.0,9.568000246142656,9.0,0.15557141476550296,-1.0,0.5433381403018455,한화,KT,wrong,MID_7_11,0.8617858304540791,0.2937855843114239,0.5680002461426561,1.155571414765503,RUN_DIFF_DIRECTION_MISS|CLOSE_GAME_NOISE
2025-08-07,20250807OBLG0,LG,두산,5.060017774616155,4.622476587532445,4.0,3.0,9.6824943621486,7.0,0.4375411870837107,1.0,0.5699342446904591,LG,LG,correct,MID_7_11,1.0600177746161554,1.6224765875324447,2.6824943621485993,0.5624588129162893,NORMAL
2025-08-07,20250807SSSK0,SSG,삼성,4.463220809995321,4.6989008859905175,1.0,6.0,9.162121695985839,7.0,-0.23568007599519625,-5.0,0.5060539813857241,SSG,삼성,wrong,MID_7_11,3.4632208099953212,1.3010991140094825,2.1621216959858387,4.764319924004804,BLOWOUT_UNDERPREDICTED
2025-08-07,20250807WONC0,NC,키움,5.785000092167499,5.092550191375297,12.0,13.0,10.877550283542796,25.0,0.6924499007922016,-1.0,0.5936395960710373,NC,키움,wrong,HIGH_12_PLUS,6.214999907832501,7.907449808624703,14.122449716457204,1.6924499007922016,HIGH_SCORING_MISS|RUN_DIFF_DIRECTION_MISS|CLOSE_GAME_NOISE
2025-08-08,20250808HHLG0,LG,한화,4.705861511373289,4.512833247217191,2.0,1.0,9.21869475859048,3.0,0.19302826415609786,1.0,0.5468888264895063,LG,LG,correct,LOW_0_6,2.705861511373289,3.5128332472171913,6.21869475859048,0.8069717358439021,NORMAL
2025-08-08,20250808HTNC0,NC,KIA,5.34135771994588,5.117416300288002,5.0,4.0,10.458774020233882,9.0,0.22394141965787817,1.0,0.5498156361611298,NC,NC,correct,MID_7_11,0.34135771994588016,1.117416300288002,1.4587740202338821,0.7760585803421218,NORMAL
2025-08-08,20250808OBWO0,키움,두산,4.957004012715402,5.2974667965127145,2.0,9.0,10.254470809228117,11.0,-0.3404627837973129,-7.0,0.4960400142488126,두산,두산,correct,MID_7_11,2.9570040127154016,3.7025332034872855,0.7455291907718831,6.659537216202687,BLOWOUT_UNDERPREDICTED
2025-08-08,20250808SKLT0,롯데,SSG,4.674739561307743,4.514272572770572,0.0,1.0,9.189012134078315,1.0,0.16046698853717078,-1.0,0.5438024696560182,롯데,SSG,wrong,LOW_0_6,4.674739561307743,3.5142725727705724,8.189012134078315,1.1604669885371708,LOW_SCORING_MISS|RUN_DIFF_DIRECTION_MISS|CLOSE_GAME_NOISE
2025-08-08,20250808SSKT0,KT,삼성,4.708370837990381,4.9627234837632255,4.0,8.0,9.671094321753607,12.0,-0.2543526457728449,-4.0,0.5042695892165265,KT,삼성,wrong,HIGH_12_PLUS,0.7083708379903806,3.0372765162367745,2.328905678246393,3.745647354227155,HIGH_SCORING_MISS
2025-08-09,20250809HHLG0,LG,한화,4.657266626172025,4.450351480327844,8.0,1.0,9.107618106499869,9.0,0.20691514584418158,7.0,0.5482040283150444,LG,LG,correct,MID_7_11,3.3427333738279748,3.4503514803278437,0.10761810649986892,6.793084854155818,BLOWOUT_UNDERPREDICTED
2025-08-09,20250809OBWO0,키움,두산,4.904707164938271,5.337520227442257,4.0,6.0,10.242227392380528,10.0,-0.43281306250398544,-2.0,0.4872165704753069,두산,두산,correct,MID_7_11,0.9047071649382712,0.6624797725577434,0.24222739238052782,1.5671869374960146,NORMAL
2025-08-09,20250809SSKT0,KT,삼성,4.704288558962139,4.964486698119211,3.0,1.0,9.66877525708135,4.0,-0.26019813915707246,2.0,0.5037109564132872,KT,KT,correct,LOW_0_6,1.7042885589621388,3.9644866981192113,5.66877525708135,2.2601981391570725,RUN_DIFF_DIRECTION_MISS
2025-08-10,20250810HHLG0,LG,한화,4.65241606052114,4.405786816619265,4.0,5.0,9.058202877140404,9.0,0.24662924390187513,-1.0,0.551961504021071,LG,한화,wrong,MID_7_11,0.6524160605211398,0.5942131833807354,0.058202877140404397,1.2466292439018751,RUN_DIFF_DIRECTION_MISS|CLOSE_GAME_NOISE
2025-08-10,20250810HTNC0,NC,KIA,5.254892723239127,5.072214169980987,16.0,12.0,10.327106893220115,28.0,0.18267855325813986,4.0,0.5459081968628094,NC,NC,correct,HIGH_12_PLUS,10.745107276760873,6.927785830019013,17.672893106779885,3.81732144674186,NORMAL
2025-08-10,20250810OBWO0,키움,두산,4.80464790449717,5.226202011656769,4.0,3.0,10.030849916153938,7.0,-0.42155410715959896,1.0,0.4882919711725722,두산,키움,wrong,MID_7_11,0.8046479044971697,2.2262020116567687,3.0308499161539384,1.421554107159599,RUN_DIFF_DIRECTION_MISS|CLOSE_GAME_NOISE
2025-08-10,20250810SKLT0,롯데,SSG,4.592678963942283,4.381670218849978,1.0,10.0,8.97434918279226,11.0,0.21100874509230483,-9.0,0.5485915981874835,롯데,SSG,wrong,MID_7_11,3.5926789639422827,5.618329781150022,2.0256508172077403,9.211008745092304,RUN_DIFF_DIRECTION_MISS|BLOWOUT_UNDERPREDICTED
2025-08-10,20250810SSKT0,KT,삼성,4.651506000986638,4.923489970058297,9.0,2.0,9.574995971044935,11.0,-0.271983969071659,7.0,0.5025846002516031,KT,KT,correct,MID_7_11,4.348493999013362,2.923489970058297,1.4250040289550654,7.271983969071659,RUN_DIFF_DIRECTION_MISS|BLOWOUT_UNDERPREDICTED
2025-08-12,20250812HTSS0,삼성,KIA,5.000545016866305,4.858315790281579,1.0,5.0,9.858860807147884,6.0,0.1422292265847256,-4.0,0.5420722967832551,삼성,KIA,wrong,LOW_0_6,4.000545016866305,0.141684209718421,3.8588608071478845,4.142229226584726,LOW_SCORING_MISS|RUN_DIFF_DIRECTION_MISS
2025-08-12,20250812LGKT0,KT,LG,4.504652164704854,4.8690269922111575,2.0,11.0,9.373679156916012,13.0,-0.36437482750630323,-9.0,0.49375492232673446,LG,LG,correct,HIGH_12_PLUS,2.5046521647048543,6.1309730077888425,3.626320843083988,8.635625172493697,BLOWOUT_UNDERPREDICTED
2025-08-12,20250812LTHH0,한화,롯데,4.6843260385503696,4.562078186736798,2.0,0.0,9.246404225287169,2.0,0.12224785181357145,2.0,0.5401755474664727,한화,한화,correct,LOW_0_6,2.6843260385503696,4.562078186736798,7.2464042252871685,1.8777521481864285,NORMAL
2025-08-12,20250812NCOB0,두산,NC,5.1006708812199095,5.255435206795602,2.0,3.0,10.356106088015512,5.0,-0.15476432557569275,-1.0,0.5137841045774064,두산,NC,wrong,LOW_0_6,3.1006708812199095,2.2554352067956023,5.356106088015512,0.8452356744243072,LOW_SCORING_MISS|CLOSE_GAME_NOISE
2025-08-12,20250812WOSK0,SSG,키움,4.913640443224971,4.45936673283912,3.0,1.0,9.373007176064093,4.0,0.4542737103858512,2.0,0.5715014225755162,SSG,SSG,correct,LOW_0_6,1.9136404432249714,3.45936673283912,5.3730071760640925,1.5457262896141488,NORMAL
2025-08-13,20250813HTSS0,삼성,KIA,4.897168493711022,4.85226282457296,1.0,9.0,9.749431318283982,10.0,0.044905669138062265,-8.0,0.5328232869847446,삼성,KIA,wrong,MID_7_11,3.897168493711022,4.14773717542704,0.2505686817160182,8.044905669138062,RUN_DIFF_DIRECTION_MISS|BLOWOUT_UNDERPREDICTED
2025-08-13,20250813LTHH0,한화,롯데,4.592225812073261,4.4586223312940145,6.0,0.0,9.050848143367276,6.0,0.13360348077924655,6.0,0.5412536367163292,한화,한화,correct,LOW_0_6,1.407774187926739,4.4586223312940145,3.0508481433672756,5.8663965192207534,BLOWOUT_UNDERPREDICTED
2025-08-14,20250814HTSS0,삼성,KIA,4.893810480040598,4.903206879018273,4.0,10.0,9.79701735905887,14.0,-0.009396398977675524,-6.0,0.5276525299965498,삼성,KIA,wrong,HIGH_12_PLUS,0.8938104800405977,5.096793120981727,4.20298264094113,5.9906036010223245,HIGH_SCORING_MISS|BLOWOUT_UNDERPREDICTED
2025-08-14,20250814LTHH0,한화,롯데,4.596005938953208,4.459603228119922,5.0,4.0,9.05560916707313,9.0,0.1364027108332868,1.0,0.5415193331950201,한화,한화,correct,MID_7_11,0.4039940610467916,0.4596032281199216,0.05560916707312913,0.8635972891667132,NORMAL
2025-08-14,20250814NCOB0,두산,NC,5.037351718075435,5.1670994730423105,6.0,5.0,10.204451191117744,11.0,-0.12974775496687574,1.0,0.5161728506830953,두산,두산,correct,MID_7_11,0.9626482819245652,0.16709947304231054,0.7955488088822555,1.1297477549668757,RUN_DIFF_DIRECTION_MISS
2025-08-14,20250814WOSK0,SSG,키움,4.879457201588375,4.4189459656238625,0.0,2.0,9.298403167212237,2.0,0.46051123596451227,-2.0,0.5720852678264241,SSG,키움,wrong,LOW_0_6,4.879457201588375,2.4189459656238625,7.298403167212237,2.4605112359645123,LOW_SCORING_MISS|RUN_DIFF_DIRECTION_MISS
2025-08-15,20250815HHNC0,NC,한화,4.976125092938753,4.955229723951687,2.0,9.0,9.93135481689044,11.0,0.02089536898706612,-7.0,0.5305377789844159,NC,한화,wrong,MID_7_11,2.9761250929387533,4.044770276048313,1.0686451831095596,7.020895368987066,RUN_DIFF_DIRECTION_MISS|BLOWOUT_UNDERPREDICTED
2025-08-15,20250815HTOB0,두산,KIA,4.676089237854829,4.884091883680574,6.0,5.0,9.560181121535404,11.0,-0.20800264582574446,1.0,0.5086986008333315,두산,두산,correct,MID_7_11,1.3239107621451707,0.11590811631942621,1.439818878464596,1.2080026458257445,RUN_DIFF_DIRECTION_MISS
2025-08-15,20250815KTWO0,키움,KT,4.526013974085794,5.48787034754077,7.0,3.0,10.013884321626564,10.0,-0.9618563734549763,4.0,0.43698858232255233,KT,키움,wrong,MID_7_11,2.473986025914206,2.4878703475407704,0.0138843216265645,4.961856373454976,RUN_DIFF_DIRECTION_MISS
2025-08-15,20250815LGSK0,SSG,LG,4.006981833145485,4.81674001254945,3.0,5.0,8.823721845694934,8.0,-0.809758179403965,-2.0,0.4513426711451527,LG,LG,correct,MID_7_11,1.0069818331454847,0.18325998745055028,0.8237218456949336,1.190241820596035,NORMAL
2025-08-15,20250815SSLT0,롯데,삼성,4.844607216216546,4.922782312537956,4.0,10.0,9.767389528754503,14.0,-0.07817509632141029,-6.0,0.5210948930925914,롯데,삼성,wrong,HIGH_12_PLUS,0.8446072162165459,5.077217687462044,4.232610471245497,5.92182490367859,HIGH_SCORING_MISS|BLOWOUT_UNDERPREDICTED
2025-08-16,20250816HHNC0,NC,한화,4.854435754841461,5.004751455308985,9.0,6.0,9.859187210150445,15.0,-0.15031570046752396,3.0,0.51420893762999,NC,NC,correct,HIGH_12_PLUS,4.145564245158539,0.9952485446910151,5.140812789849555,3.150315700467524,RUN_DIFF_DIRECTION_MISS
2025-08-16,20250816HTOB0,두산,KIA,4.754829478911768,4.949640117316874,4.0,3.0,9.704469596228641,7.0,-0.19481063840510604,1.0,0.5099589544650817,두산,두산,correct,MID_7_11,0.754829478911768,1.949640117316874,2.704469596228641,1.194810638405106,RUN_DIFF_DIRECTION_MISS
2025-08-16,20250816KTWO0,키움,KT,4.708030412074215,5.257918875646368,4.0,3.0,9.965949287720584,7.0,-0.5498884635721533,1.0,0.4760429532433957,KT,키움,wrong,MID_7_11,0.7080304120742147,2.257918875646368,2.9659492877205835,1.5498884635721533,RUN_DIFF_DIRECTION_MISS|CLOSE_GAME_NOISE
2025-08-16,20250816LGSK0,SSG,LG,4.216277388016292,4.63872134038262,10.0,7.0,8.854998728398911,17.0,-0.42244395236632837,3.0,0.48820697340797314,LG,SSG,wrong,HIGH_12_PLUS,5.783722611983708,2.36127865961738,8.145001271601089,3.4224439523663284,HIGH_SCORING_MISS|RUN_DIFF_DIRECTION_MISS
2025-08-16,20250816SSLT0,롯데,삼성,4.904616980164139,5.031245306155236,1.0,4.0,9.935862286319374,5.0,-0.12662832599109652,-3.0,0.5164706646251015,롯데,삼성,wrong,LOW_0_6,3.904616980164139,1.0312453061552356,4.935862286319374,2.8733716740089035,LOW_SCORING_MISS
2025-08-17,20250817HHNC0,NC,한화,4.962054029528134,5.083707427118729,9.0,4.0,10.045761456646863,13.0,-0.12165339759059535,5.0,0.5169456000279069,NC,NC,correct,HIGH_12_PLUS,4.037945970471866,1.0837074271187292,2.954238543353137,5.121653397590595,RUN_DIFF_DIRECTION_MISS|BLOWOUT_UNDERPREDICTED
2025-08-17,20250817HTOB0,두산,KIA,4.822918152829172,4.916682958675092,4.0,2.0,9.739601111504264,6.0,-0.09376480584591995,2.0,0.5196074149791027,두산,두산,correct,LOW_0_6,0.822918152829172,2.916682958675092,3.739601111504264,2.09376480584592,RUN_DIFF_DIRECTION_MISS
2025-08-17,20250817KTWO0,키움,KT,4.667218874545337,5.160003541893517,3.0,5.0,9.827222416438854,8.0,-0.4927846673481806,-2.0,0.4814906095421313,KT,KT,correct,MID_7_11,1.6672188745453367,0.1600035418935173,1.827222416438854,1.5072153326518194,NORMAL
2025-08-17,20250817LGSK0,SSG,LG,4.3356558607278695,4.736666986266159,1.0,6.0,9.072322846994028,7.0,-0.40101112553828955,-5.0,0.4902544092054421,LG,LG,correct,MID_7_11,3.3356558607278695,1.263333013733841,2.0723228469940285,4.5989888744617105,BLOWOUT_UNDERPREDICTED
2025-08-19,20250819LTLG0,LG,롯데,4.840264325989129,4.593367712692625,5.0,2.0,9.433632038681754,7.0,0.2468966132965047,3.0,0.5519867810755149,LG,LG,correct,MID_7_11,0.15973567401087063,2.5933677126926247,2.433632038681754,2.7531033867034953,NORMAL
2025-08-19,20250819OBHH0,한화,두산,4.773540740494944,4.469826642774169,5.0,6.0,9.243367383269113,11.0,0.30371409772077484,-1.0,0.5573519979900645,한화,두산,wrong,MID_7_11,0.22645925950505585,1.5301733572258307,1.7566326167308866,1.3037140977207748,RUN_DIFF_DIRECTION_MISS|CLOSE_GAME_NOISE
2025-08-19,20250819SKKT0,KT,SSG,4.562208753581584,4.52473149451035,5.0,4.0,9.086940248091935,9.0,0.03747725907123378,1.0,0.5321163293265856,KT,KT,correct,MID_7_11,0.43779124641841616,0.5247314945103501,0.08694024809193479,0.9625227409287662,NORMAL
2025-08-19,20250819SSNC0,NC,삼성,5.0659456667009515,5.4097575857063696,2.0,6.0,10.475703252407321,8.0,-0.3438119190054181,-4.0,0.49571995075337666,삼성,삼성,correct,MID_7_11,3.0659456667009515,0.5902424142936304,2.475703252407321,3.656188080994582,NORMAL
2025-08-19,20250819WOHT0,KIA,키움,5.295105159747195,4.655718939658867,12.0,9.0,9.950824099406063,21.0,0.639386220088328,3.0,0.588736895167771,KIA,KIA,correct,HIGH_12_PLUS,6.704894840252805,4.344281060341133,11.049175900593937,2.360613779911672,NORMAL
2025-08-20,20250820LTLG0,LG,롯데,5.010315709167719,4.584447056853005,5.0,3.0,9.594762766020724,8.0,0.4258686523147137,2.0,0.5688401558744763,LG,LG,correct,MID_7_11,0.010315709167718623,1.584447056853005,1.5947627660207235,1.5741313476852863,NORMAL
2025-08-20,20250820OBHH0,한화,두산,4.782684618315149,4.485395096387188,9.0,13.0,9.268079714702337,22.0,0.29728952192796143,-4.0,0.5567459787031267,한화,두산,wrong,HIGH_12_PLUS,4.217315381684851,8.514604903612813,12.731920285297663,4.297289521927961,HIGH_SCORING_MISS|RUN_DIFF_DIRECTION_MISS
2025-08-20,20250820SKKT0,KT,SSG,4.612312846684711,4.622629160494936,3.0,5.0,9.234942007179647,8.0,-0.010316313810225353,-2.0,0.5275648794927416,KT,SSG,wrong,MID_7_11,1.612312846684711,0.37737083950506367,1.2349420071796473,1.9896836861897746,NORMAL
2025-08-20,20250820SSNC0,NC,삼성,5.192335813654604,5.309676498176179,3.0,4.0,10.502012311830782,7.0,-0.11734068452157498,-1.0,0.5173572917898407,NC,삼성,wrong,MID_7_11,2.192335813654604,1.309676498176179,3.502012311830782,0.882659315478425,CLOSE_GAME_NOISE
2025-08-20,20250820WOHT0,KIA,키움,5.487337076316561,4.816048268618897,1.0,6.0,10.303385344935458,7.0,0.671288807697664,-5.0,0.591686641960411,KIA,키움,wrong,MID_7_11,4.487337076316561,1.1839517313811028,3.3033853449354584,5.671288807697664,RUN_DIFF_DIRECTION_MISS|BLOWOUT_UNDERPREDICTED
2025-08-21,20250821OBHH0,한화,두산,4.957985091719834,4.6874593764948385,3.0,6.0,9.645444468214674,9.0,0.2705257152249958,-3.0,0.5542195965254592,한화,두산,wrong,MID_7_11,1.9579850917198343,1.3125406235051615,0.6454444682146736,3.270525715224996,RUN_DIFF_DIRECTION_MISS
2025-08-21,20250821SKKT0,KT,SSG,4.56571830823526,4.575618891450119,1.0,7.0,9.141337199685378,8.0,-0.00990058321485865,-6.0,0.527604490974958,KT,SSG,wrong,MID_7_11,3.56571830823526,2.4243811085498814,1.1413371996853776,5.990099416785141,BLOWOUT_UNDERPREDICTED
2025-08-21,20250821SSNC0,NC,삼성,5.120957246506962,5.201210289187049,7.0,5.0,10.32216753569401,12.0,-0.08025304268008693,2.0,0.5208966487372843,NC,NC,correct,HIGH_12_PLUS,1.8790427534930378,0.20121028918704909,1.6778324643059896,2.080253042680087,RUN_DIFF_DIRECTION_MISS
2025-08-21,20250821WOHT0,KIA,키움,5.329780489599382,4.791270585529423,10.0,11.0,10.121051075128804,21.0,0.5385099040699588,-1.0,0.5793686575468114,KIA,키움,wrong,HIGH_12_PLUS,4.670219510400618,6.208729414470577,10.878948924871196,1.5385099040699588,HIGH_SCORING_MISS|RUN_DIFF_DIRECTION_MISS|CLOSE_GAME_NOISE
2025-08-22,20250822KTOB0,두산,KT,4.8665158629010445,4.724433436254375,8.0,13.0,9.590949299155419,21.0,0.14208242664666937,-5.0,0.5420583660496874,두산,KT,wrong,HIGH_12_PLUS,3.1334841370989555,8.275566563745624,11.409050700844581,5.142082426646669,HIGH_SCORING_MISS|RUN_DIFF_DIRECTION_MISS|BLOWOUT_UNDERPREDICTED
2025-08-22,20250822LGHT0,KIA,LG,4.720329089230081,5.218869373123596,2.0,14.0,9.939198462353676,16.0,-0.4985402838935151,-12.0,0.48094130726942874,LG,LG,correct,HIGH_12_PLUS,2.7203290892300807,8.781130626876404,6.060801537646324,11.501459716106485,BLOWOUT_UNDERPREDICTED
2025-08-22,20250822LTNC0,NC,롯데,4.946293627085356,5.161711263499464,7.0,6.0,10.10800489058482,13.0,-0.2154176364141085,1.0,0.5079901291051364,NC,NC,correct,HIGH_12_PLUS,2.053706372914644,0.8382887365005356,2.8919951094151806,1.2154176364141085,RUN_DIFF_DIRECTION_MISS
2025-08-22,20250822SKHH0,한화,SSG,4.717982363080531,4.478005522418405,0.0,1.0,9.195987885498937,1.0,0.2399768406621261,-1.0,0.5513325008942784,한화,SSG,wrong,LOW_0_6,4.717982363080531,3.478005522418405,8.195987885498937,1.239976840662126,LOW_SCORING_MISS|RUN_DIFF_DIRECTION_MISS|CLOSE_GAME_NOISE
2025-08-22,20250822WOSS0,삼성,키움,5.20231503911214,4.715889251702828,8.0,2.0,9.918204290814968,10.0,0.48642578740931164,6.0,0.5745087569277869,삼성,삼성,correct,MID_7_11,2.7976849608878602,2.715889251702828,0.0817957091850321,5.513574212590688,BLOWOUT_UNDERPREDICTED
2025-08-23,20250823KTOB0,두산,KT,4.972987392467131,4.855255073704105,2.0,6.0,9.828242466171236,8.0,0.11773231876302592,-4.0,0.5397467433169881,두산,KT,wrong,MID_7_11,2.9729873924671306,1.1447449262958953,1.8282424661712362,4.117732318763026,RUN_DIFF_DIRECTION_MISS
2025-08-23,20250823LGHT0,KIA,LG,4.779147063371851,5.145007205279768,2.0,6.0,9.92415426865162,8.0,-0.36586014190791705,-4.0,0.4936129897621774,LG,LG,correct,MID_7_11,2.779147063371851,0.854992794720232,1.9241542686516198,3.634139858092083,NORMAL
2025-08-23,20250823LTNC0,NC,롯데,5.157740902565638,5.120056342492872,4.0,1.0,10.27779724505851,5.0,0.03768456007276555,3.0,0.5321360598100782,NC,NC,correct,LOW_0_6,1.1577409025656378,4.120056342492872,5.27779724505851,2.9623154399272345,NORMAL
2025-08-23,20250823SKHH0,한화,SSG,4.686925112505981,4.436264600687626,5.0,0.0,9.123189713193607,5.0,0.2506605118183547,5.0,0.5523425907964696,한화,한화,correct,LOW_0_6,0.313074887494019,4.436264600687626,4.123189713193607,4.749339488181645,BLOWOUT_UNDERPREDICTED
2025-08-23,20250823WOSS0,삼성,키움,5.235426000945056,4.726850161315836,12.0,8.0,9.962276162260892,20.0,0.5085758396292199,4.0,0.5765773662579403,삼성,삼성,correct,HIGH_12_PLUS,6.764573999054944,3.273149838684164,10.037723837739108,3.49142416037078,NORMAL
2025-08-24,20250824KTOB0,두산,KT,4.951428588190497,4.898195322311959,2.0,3.0,9.849623910502455,5.0,0.05323326587853838,-1.0,0.5336156629297724,두산,KT,wrong,LOW_0_6,2.951428588190497,1.8981953223119588,4.849623910502455,1.0532332658785384,LOW_SCORING_MISS|RUN_DIFF_DIRECTION_MISS|CLOSE_GAME_NOISE
2025-08-24,20250824LGHT0,KIA,LG,4.8426772841496595,5.173328628788465,1.0,2.0,10.016005912938123,3.0,-0.3306513446388051,-1.0,0.49697767207096777,LG,LG,correct,LOW_0_6,3.8426772841496595,3.1733286287884646,7.016005912938123,0.6693486553611949,NORMAL
2025-08-24,20250824LTNC0,NC,롯데,5.109741499150469,4.986018955362179,5.0,17.0,10.095760454512648,22.0,0.12372254378828984,-12.0,0.5403155743458178,NC,롯데,wrong,HIGH_12_PLUS,0.10974149915046905,12.01398104463782,11.904239545487352,12.12372254378829,HIGH_SCORING_MISS|RUN_DIFF_DIRECTION_MISS|BLOWOUT_UNDERPREDICTED
2025-08-24,20250824SKHH0,한화,SSG,4.646981673642488,4.409837572521405,5.0,2.0,9.056819246163894,7.0,0.23714410112108286,3.0,0.5510646075592277,한화,한화,correct,MID_7_11,0.3530183263575122,2.409837572521405,2.0568192461638937,2.762855898878917,NORMAL
2025-08-24,20250824WOSS0,삼성,키움,5.4114327587094495,4.810052646913087,7.0,4.0,10.221485405622538,11.0,0.6013801117963622,3.0,0.5852144843555347,삼성,삼성,correct,MID_7_11,1.5885672412905505,0.8100526469130873,0.7785145943774623,2.398619888203638,NORMAL
2025-08-26,20250826HHWO0,키움,한화,4.7297591658113936,5.223411556794599,1.0,3.0,9.953170722605993,4.0,-0.4936523909832058,-2.0,0.48140779317758137,한화,한화,correct,LOW_0_6,3.7297591658113936,2.2234115567945993,5.953170722605993,1.5063476090167942,NORMAL
2025-08-26,20250826HTSK0,SSG,KIA,4.717842752299211,4.825640167536806,9.0,5.0,9.543482919836016,14.0,-0.10779741523759512,4.0,0.5182682080995406,SSG,SSG,correct,HIGH_12_PLUS,4.282157247700789,0.1743598324631943,4.456517080163984,4.107797415237595,RUN_DIFF_DIRECTION_MISS
2025-08-26,20250826KTLT0,롯데,KT,4.957062922834059,4.800675713142327,4.0,3.0,9.757738635976386,7.0,0.15638720969173114,1.0,0.5434155210665934,롯데,롯데,correct,MID_7_11,0.9570629228340586,1.8006757131423274,2.757738635976386,0.8436127903082689,NORMAL
2025-08-26,20250826LGNC0,NC,LG,4.797875220431206,5.155127625617874,9.0,7.0,9.953002846049081,16.0,-0.3572524051866681,2.0,0.49443553502528215,LG,NC,wrong,HIGH_12_PLUS,4.202124779568794,1.8448723743821258,6.046997153950919,2.357252405186668,HIGH_SCORING_MISS|RUN_DIFF_DIRECTION_MISS
2025-08-26,20250826SSOB0,두산,삼성,4.8476125585367065,5.049806967164303,2.0,6.0,9.89741952570101,8.0,-0.2021944086275962,-4.0,0.5092535296521584,두산,삼성,wrong,MID_7_11,2.8476125585367065,0.9501930328356973,1.8974195257010091,3.797805591372404,NORMAL
2025-08-27,20250827HHWO0,키움,한화,4.802982671354035,5.249472020407863,1.0,3.0,10.052454691761898,4.0,-0.4464893490538282,-2.0,0.4859104381792662,한화,한화,correct,LOW_0_6,3.8029826713540347,2.249472020407863,6.052454691761898,1.5535106509461718,NORMAL
2025-08-27,20250827HTSK0,SSG,KIA,4.850275679937509,4.934475032397955,2.0,4.0,9.784750712335464,6.0,-0.08419935246044652,-2.0,0.5205201370054378,SSG,KIA,wrong,LOW_0_6,2.850275679937509,0.9344750323979554,3.7847507123354642,1.9158006475395535,LOW_SCORING_MISS
2025-08-27,20250827KTLT0,롯데,KT,4.917660474633215,4.773219320665521,2.0,7.0,9.690879795298736,9.0,0.1444411539676942,-5.0,0.542282191968992,롯데,KT,wrong,MID_7_11,2.917660474633215,2.226780679334479,0.690879795298736,5.144441153967694,RUN_DIFF_DIRECTION_MISS|BLOWOUT_UNDERPREDICTED
2025-08-27,20250827LGNC0,NC,LG,4.883110030241137,5.226351441065277,1.0,10.0,10.109461471306414,11.0,-0.34324141082413995,-9.0,0.49577447170442007,LG,LG,correct,MID_7_11,3.883110030241137,4.773648558934723,0.8905385286935861,8.65675858917586,BLOWOUT_UNDERPREDICTED
2025-08-27,20250827SSOB0,두산,삼성,4.807312435673732,5.0951141148095775,1.0,14.0,9.902426550483309,15.0,-0.2878016791358453,-13.0,0.5010728834605915,두산,삼성,wrong,HIGH_12_PLUS,3.8073124356737322,8.904885885190422,5.097573449516691,12.712198320864154,HIGH_SCORING_MISS|BLOWOUT_UNDERPREDICTED
2025-08-28,20250828HHWO0,키움,한화,4.731175538516214,5.198653213723671,3.0,9.0,9.929828752239885,12.0,-0.46747767520745676,-6.0,0.4839063614123573,한화,한화,correct,HIGH_12_PLUS,1.7311755385162142,3.801346786276329,2.070171247760115,5.532522324792543,BLOWOUT_UNDERPREDICTED
2025-08-28,20250828HTSK0,SSG,KIA,4.871708462788529,4.8829558996150375,6.0,10.0,9.754664362403567,16.0,-0.011247436826508306,-4.0,0.5274761593302563,SSG,KIA,wrong,HIGH_12_PLUS,1.1282915372114708,5.1170441003849625,6.245335637596433,3.9887525631734917,HIGH_SCORING_MISS
2025-08-28,20250828KTLT0,롯데,KT,4.879126168051536,4.758293491007633,3.0,2.0,9.63741965905917,5.0,0.12083267704390277,1.0,0.5400411659779332,롯데,롯데,correct,LOW_0_6,1.8791261680515357,2.758293491007633,4.637419659059169,0.8791673229560972,NORMAL
2025-08-28,20250828LGNC0,NC,LG,4.846447694460847,5.274535994004268,3.0,4.0,10.120983688465117,7.0,-0.428088299543421,-1.0,0.48766784303451727,LG,LG,correct,MID_7_11,1.8464476944608474,1.2745359940042684,3.1209836884651168,0.571911700456579,NORMAL
2025-08-28,20250828SSOB0,두산,삼성,4.795227346086188,5.159202422808925,7.0,6.0,9.954429768895114,13.0,-0.36397507672273743,1.0,0.4937931215864963,삼성,두산,wrong,HIGH_12_PLUS,2.204772653913812,0.8407975771910747,3.045570231104886,1.3639750767227374,HIGH_SCORING_MISS|RUN_DIFF_DIRECTION_MISS|CLOSE_GAME_NOISE
2025-08-29,20250829HTKT0,KT,KIA,4.958945669709628,4.984565095006072,1.0,10.0,9.9435107647157,11.0,-0.02561942529644412,-9.0,0.5261065369224075,KT,KIA,wrong,MID_7_11,3.958945669709628,5.015434904993928,1.0564892352842996,8.974380574703556,BLOWOUT_UNDERPREDICTED
2025-08-29,20250829NCSK0,SSG,NC,4.978046523893441,4.950410600583158,8.0,0.0,9.928457124476598,8.0,0.02763592331028253,8.0,0.531179536733022,SSG,SSG,correct,MID_7_11,3.0219534761065594,4.950410600583158,1.9284571244765978,7.9723640766897175,BLOWOUT_UNDERPREDICTED
2025-08-29,20250829OBLT0,롯데,두산,5.1185110423198905,5.009109551740384,1.0,7.0,10.127620594060275,8.0,0.10940149057950688,-6.0,0.5389554770562336,롯데,두산,wrong,MID_7_11,4.1185110423198905,1.9908904482596164,2.127620594060275,6.109401490579507,RUN_DIFF_DIRECTION_MISS|BLOWOUT_UNDERPREDICTED
2025-08-29,20250829SSHH0,한화,삼성,4.587251781665834,4.801975630214605,3.0,5.0,9.389227411880437,8.0,-0.21472384854877102,-2.0,0.508056419075371,한화,삼성,wrong,MID_7_11,1.5872517816658336,0.1980243697853954,1.3892274118804373,1.785276151451229,NORMAL
2025-08-29,20250829WOLG0,LG,키움,5.5850913117793075,4.575064263901399,2.0,3.0,10.160155575680706,5.0,1.0100270478779088,-1.0,0.6225623765732874,LG,키움,wrong,LOW_0_6,3.5850913117793075,1.5750642639013988,5.160155575680706,2.0100270478779088,LOW_SCORING_MISS|RUN_DIFF_DIRECTION_MISS|CLOSE_GAME_NOISE
2025-08-30,20250830HTKT0,KT,KIA,4.974806835234308,5.061285953727153,8.0,2.0,10.036092788961462,10.0,-0.08647911849284551,6.0,0.5203026171609632,KT,KT,correct,MID_7_11,3.0251931647656924,3.061285953727153,0.03609278896146151,6.0864791184928455,RUN_DIFF_DIRECTION_MISS|BLOWOUT_UNDERPREDICTED
2025-08-30,20250830NCSK0,SSG,NC,4.950024755871056,4.864482562191392,2.0,12.0,9.814507318062448,14.0,0.08554219367966454,-10.0,0.5366882360640932,SSG,NC,wrong,HIGH_12_PLUS,2.9500247558710564,7.135517437808608,4.185492681937552,10.085542193679665,HIGH_SCORING_MISS|RUN_DIFF_DIRECTION_MISS|BLOWOUT_UNDERPREDICTED
2025-08-30,20250830SSHH0,한화,삼성,4.64177145123101,4.766821687020413,0.0,4.0,9.408593138251423,4.0,-0.125050235789403,-4.0,0.5166213214946527,한화,삼성,wrong,LOW_0_6,4.64177145123101,0.7668216870204132,5.4085931382514225,3.874949764210597,LOW_SCORING_MISS
2025-08-30,20250830WOLG0,LG,키움,5.518049770240199,4.464211241255265,6.0,5.0,9.982261011495464,11.0,1.053838528984934,1.0,0.6264898045910928,LG,LG,correct,MID_7_11,0.48195022975980084,0.5357887587447347,1.0177389885045365,0.05383852898493391,NORMAL
2025-08-31,20250831HTKT0,KT,KIA,4.942596503868756,4.996779361072651,7.0,6.0,9.939375864941407,13.0,-0.054182857203895374,1.0,0.5233833511664938,KT,KT,correct,HIGH_12_PLUS,2.0574034961312444,1.003220638927349,3.0606241350585925,1.0541828572038954,RUN_DIFF_DIRECTION_MISS
2025-08-31,20250831NCSK0,SSG,NC,4.9555879988018345,4.93924903712004,10.0,8.0,9.894837035921874,18.0,0.016338961681794828,2.0,0.5301039131484424,SSG,SSG,correct,HIGH_12_PLUS,5.0444120011981655,3.0607509628799603,8.105162964078126,1.9836610383182052,NORMAL
2025-08-31,20250831OBLT0,롯데,두산,5.021253296689035,4.943251146185647,5.0,1.0,9.96450444287468,6.0,0.0780021505033881,4.0,0.5359714198440862,롯데,롯데,correct,LOW_0_6,0.021253296689034862,3.9432511461856468,3.9645044428746807,3.921997849496612,NORMAL
2025-08-31,20250831SSHH0,한화,삼성,4.601367227494629,4.674010152311231,3.0,5.0,9.27537737980586,8.0,-0.07264292481660206,-2.0,0.5216226517202857,한화,삼성,wrong,MID_7_11,1.6013672274946291,0.3259898476887688,1.2753773798058603,1.927357075183398,NORMAL
2025-08-31,20250831WOLG0,LG,키움,5.447500359948967,4.456330686430356,5.0,6.0,9.903831046379324,11.0,0.9911696735186117,-1.0,0.6208669294515059,LG,키움,wrong,MID_7_11,0.4475003599489673,1.5436693135696444,1.0961689536206762,1.9911696735186117,RUN_DIFF_DIRECTION_MISS|CLOSE_GAME_NOISE
2025-09-02,20250902HTHH0,한화,KIA,4.778590731815539,4.6430919779644295,21.0,3.0,9.421682709779969,24.0,0.13549875385110965,18.0,0.5414335342511455,한화,한화,correct,HIGH_12_PLUS,16.22140926818446,1.6430919779644295,14.578317290220031,17.86450124614889,BLOWOUT_UNDERPREDICTED
2025-09-02,20250902LTLG0,LG,롯데,5.000969474278642,4.48760432692336,3.0,2.0,9.488573801202001,5.0,0.513365147355282,1.0,0.5770242930107838,LG,LG,correct,LOW_0_6,2.0009694742786417,2.4876043269233596,4.488573801202001,0.48663485264471795,NORMAL
2025-09-02,20250902NCKT0,KT,NC,5.074752536111996,5.116625707669441,4.0,9.0,10.191378243781436,13.0,-0.04187317155744541,-5.0,0.5245571142460617,KT,NC,wrong,HIGH_12_PLUS,1.0747525361119958,3.8833742923305588,2.808621756218564,4.958126828442555,HIGH_SCORING_MISS|BLOWOUT_UNDERPREDICTED
2025-09-02,20250902WOSK0,SSG,키움,5.218418497384312,4.640157609255482,6.0,1.0,9.858576106639795,7.0,0.5782608881288303,5.0,0.5830674982436591,SSG,SSG,correct,MID_7_11,0.7815815026156878,3.640157609255482,2.858576106639795,4.42173911187117,BLOWOUT_UNDERPREDICTED
2025-09-03,20250903LTKT0,KT,롯데,4.910055042226357,4.787850675296451,9.0,8.0,9.697905717522808,17.0,0.122204366929906,1.0,0.5401714183365907,KT,KT,correct,HIGH_12_PLUS,4.089944957773643,3.2121493247035486,7.302094282477192,0.877795633070094,NORMAL
2025-09-03,20250903NCHH0,한화,NC,5.053417685965671,4.787703224151777,6.0,5.0,9.841120910117448,11.0,0.2657144618138947,1.0,0.5537651348859275,한화,한화,correct,MID_7_11,0.9465823140343286,0.21229677584822326,1.1588790898825518,0.7342855381861053,NORMAL
2025-09-03,20250903SKHT0,KIA,SSG,4.990635205414147,4.969009331777028,1.0,2.0,9.959644537191174,3.0,0.02162587363711932,-1.0,0.5306073341198092,KIA,SSG,wrong,LOW_0_6,3.990635205414147,2.969009331777028,6.959644537191174,1.0216258736371193,LOW_SCORING_MISS|RUN_DIFF_DIRECTION_MISS|CLOSE_GAME_NOISE
2025-09-03,20250903WOSS0,삼성,키움,5.562312532478508,4.366182947577856,3.0,4.0,9.928495480056364,7.0,1.1961295849006515,-1.0,0.6391285137055619,삼성,키움,wrong,MID_7_11,2.562312532478508,0.3661829475778564,2.9284954800563643,2.1961295849006515,RUN_DIFF_DIRECTION_MISS|CLOSE_GAME_NOISE
2025-09-04,20250904LGKT0,KT,LG,4.479704297730402,5.031828829243941,8.0,10.0,9.511533126974342,18.0,-0.552124531513539,-2.0,0.4758297416286618,LG,LG,correct,HIGH_12_PLUS,3.520295702269598,4.968171170756059,8.488466873025658,1.447875468486461,NORMAL
2025-09-04,20250904OBNC0,NC,두산,5.026814734029336,5.482593170575414,3.0,12.0,10.50940790460475,15.0,-0.45577843654607797,-9.0,0.4850234070916269,두산,두산,correct,HIGH_12_PLUS,2.026814734029336,6.517406829424586,4.49059209539525,8.544221563453922,BLOWOUT_UNDERPREDICTED
2025-09-05,20250905LTSK0,SSG,롯데,4.742307695570444,4.737130291790614,7.0,5.0,9.47943798736106,12.0,0.005177403779829781,2.0,0.5290409070804093,SSG,SSG,correct,HIGH_12_PLUS,2.257692304429556,0.2628697082093856,2.5205620126389405,1.9948225962201702,NORMAL
2025-09-05,20250905OBNC0,NC,두산,5.384200634588191,5.283012595940215,3.0,9.0,10.667213230528406,12.0,0.10118803864797599,-6.0,0.5381751670021047,NC,두산,wrong,HIGH_12_PLUS,2.3842006345881908,3.7169874040597852,1.3327867694715945,6.101188038647976,HIGH_SCORING_MISS|RUN_DIFF_DIRECTION_MISS|BLOWOUT_UNDERPREDICTED
2025-09-05,20250905WOSS0,삼성,키움,5.276741036968361,4.541429467380809,8.0,3.0,9.818170504349169,11.0,0.7353115695875525,5.0,0.5975861744458312,삼성,삼성,correct,MID_7_11,2.723258963031639,1.5414294673808087,1.181829495650831,4.2646884304124475,BLOWOUT_UNDERPREDICTED
2025-09-06,20250906HHSS0,삼성,한화,4.35159107175882,4.901138695346391,4.0,7.0,9.252729767105212,11.0,-0.5495476235875705,-3.0,0.4760754534915098,한화,한화,correct,MID_7_11,0.3515910717588202,2.0988613046536093,1.7472702328947882,2.4504523764124295,NORMAL
2025-09-06,20250906HTNC0,NC,KIA,5.122257971432605,5.552764228143889,4.0,8.0,10.675022199576494,12.0,-0.4305062567112845,-4.0,0.4874368960401708,KIA,KIA,correct,HIGH_12_PLUS,1.1222579714326049,2.4472357718561106,1.3249778004235058,3.5694937432887155,NORMAL
2025-09-07,20250907HHSS0,삼성,한화,4.6318963313712,4.717225729269326,4.0,3.0,9.349122060640525,7.0,-0.08532939789812577,1.0,0.5204123166856751,삼성,삼성,correct,MID_7_11,0.6318963313712,1.7172257292693258,2.349122060640525,1.0853293978981258,RUN_DIFF_DIRECTION_MISS
2025-09-07,20250907HTNC0,NC,KIA,5.421122798433578,5.402619700837305,2.0,1.0,10.823742499270883,3.0,0.01850309759627322,1.0,0.530309990131541,NC,NC,correct,LOW_0_6,3.4211227984335784,4.402619700837305,7.8237424992708835,0.9814969024037268,NORMAL
2025-09-07,20250907SKLG0,LG,SSG,5.01003462690033,4.322485412845783,3.0,7.0,9.332520039746113,10.0,0.6875492140545472,-4.0,0.5931875734038414,LG,SSG,wrong,MID_7_11,2.01003462690033,2.677514587154217,0.6674799602538872,4.687549214054547,RUN_DIFF_DIRECTION_MISS
2025-09-09,20250909HHLT0,롯데,한화,4.696308087672566,4.530585631766134,1.0,9.0,9.2268937194387,10.0,0.1657224559064323,-8.0,0.5443008490106099,롯데,한화,wrong,MID_7_11,3.6963080876725662,4.469414368233866,0.7731062805613007,8.165722455906433,RUN_DIFF_DIRECTION_MISS|BLOWOUT_UNDERPREDICTED
2025-09-09,20250909LGWO0,키움,LG,4.57272639146723,5.0387863311639975,11.0,2.0,9.611512722631227,13.0,-0.46605993969676796,9.0,0.48404171874587465,LG,키움,wrong,HIGH_12_PLUS,6.42727360853277,3.0387863311639975,3.388487277368773,9.466059939696768,HIGH_SCORING_MISS|RUN_DIFF_DIRECTION_MISS|BLOWOUT_UNDERPREDICTED
2025-09-09,20250909OBKT0,KT,두산,4.93124114894711,4.644463810670866,8.0,1.0,9.575704959617976,9.0,0.2867773382762433,7.0,0.5557540187572335,KT,KT,correct,MID_7_11,3.0687588510528903,3.6444638106708664,0.5757049596179762,6.713222661723757,BLOWOUT_UNDERPREDICTED
2025-09-10,20250910HHLT0,롯데,한화,4.61855213049988,4.865999897554499,0.0,13.0,9.484552028054377,13.0,-0.24744776705461913,-13.0,0.5049294498290547,롯데,한화,wrong,HIGH_12_PLUS,4.61855213049988,8.134000102445501,3.5154479719456226,12.75255223294538,HIGH_SCORING_MISS|BLOWOUT_UNDERPREDICTED
2025-09-10,20250910LGOB0,두산,LG,4.798177560751729,5.1508660491309435,4.0,8.0,9.949043609882672,12.0,-0.35268848837921407,-4.0,0.4948716700854097,LG,LG,correct,HIGH_12_PLUS,0.7981775607517294,2.8491339508690565,2.050956390117328,3.647311511620786,NORMAL
2025-09-10,20250910SKNC0,NC,SSG,4.967334021822328,4.859190334626963,5.0,4.0,9.82652435644929,9.0,0.10814368719536471,1.0,0.5388359930982416,NC,NC,correct,MID_7_11,0.03266597817767192,0.8591903346269634,0.8265243564492906,0.8918563128046353,NORMAL
2025-09-10,20250910SSHT0,KIA,삼성,4.791545572342672,5.004737934890847,4.0,0.0,9.796283507233518,4.0,-0.21319236254817486,4.0,0.5082027483330203,KIA,KIA,correct,LOW_0_6,0.7915455723426721,5.004737934890847,5.796283507233518,4.213192362548175,RUN_DIFF_DIRECTION_MISS
2025-09-11,20250911KTLG0,LG,KT,4.94492837142166,4.890285128659307,4.0,6.0,9.835213500080966,10.0,0.054643242762352884,-2.0,0.533749806418313,LG,KT,wrong,MID_7_11,0.9449283714216596,1.1097148713406932,0.1647864999190336,2.054643242762353,RUN_DIFF_DIRECTION_MISS
2025-09-11,20250911LTHT0,KIA,롯데,5.099853292061731,5.026080005072601,3.0,4.0,10.125933297134331,7.0,0.07377328698912944,-1.0,0.5355693253275323,KIA,롯데,wrong,MID_7_11,2.0998532920617308,1.0260800050726013,3.125933297134331,1.0737732869891294,RUN_DIFF_DIRECTION_MISS|CLOSE_GAME_NOISE
2025-09-11,20250911NCWO0,키움,NC,5.129942638638623,5.20714270938433,4.0,1.0,10.337085348022953,5.0,-0.07720007074570745,3.0,0.521187912127892,키움,키움,correct,LOW_0_6,1.1299426386386227,4.20714270938433,5.337085348022953,3.0772000707457074,RUN_DIFF_DIRECTION_MISS
2025-09-11,20250911SKSS0,삼성,SSG,4.835015911139291,4.546796740382771,4.0,8.0,9.381812651522061,12.0,0.2882191707565207,-4.0,0.5558901007075768,삼성,SSG,wrong,HIGH_12_PLUS,0.8350159111392914,3.4532032596172293,2.6181873484779388,4.288219170756521,HIGH_SCORING_MISS|RUN_DIFF_DIRECTION_MISS
2025-09-12,20250912OBHT0,KIA,두산,4.833752126993032,5.140026602353624,5.0,4.0,9.973778729346655,9.0,-0.30627447536059194,1.0,0.499307394150868,두산,KIA,wrong,MID_7_11,0.1662478730069683,1.1400266023536236,0.9737787293466553,1.306274475360592,RUN_DIFF_DIRECTION_MISS|CLOSE_GAME_NOISE
2025-09-13,20250913HTLG0,LG,KIA,5.342923091064652,4.571044857340766,3.0,6.0,9.913967948405418,9.0,0.7718782337238856,-3.0,0.6009431843882308,LG,KIA,wrong,MID_7_11,2.3429230910646517,1.428955142659234,0.9139679484054177,3.7718782337238856,RUN_DIFF_DIRECTION_MISS
2025-09-13,20250913KTSS0,삼성,KT,4.916929803092202,4.7588399845983265,3.0,5.0,9.675769787690529,8.0,0.1580898184938757,-2.0,0.5435770122165897,삼성,KT,wrong,MID_7_11,1.9169298030922022,0.24116001540167353,1.6757697876905286,2.1580898184938757,RUN_DIFF_DIRECTION_MISS
2025-09-13,20250913OBNC0,NC,두산,5.282505997989733,4.999783662802266,6.0,4.0,10.282289660792,10.0,0.2827223351874668,2.0,0.5553712577247931,NC,NC,correct,MID_7_11,0.7174940020102669,0.9997836628022663,0.28228966079199935,1.7172776648125332,NORMAL
2025-09-13,20250913SKLT0,롯데,SSG,4.807901671815457,4.79420539809174,12.0,11.0,9.602107069907197,23.0,0.013696273723716956,1.0,0.5298522527650809,롯데,롯데,correct,HIGH_12_PLUS,7.192098328184543,6.20579460190826,13.397892930092803,0.986303726276283,NORMAL
2025-09-13,20250913WOHH0,한화,키움,5.168035373570957,4.277114433851517,10.0,5.0,9.445149807422474,15.0,0.8909209397194404,5.0,0.6118049092196606,한화,한화,correct,HIGH_12_PLUS,4.831964626429043,0.7228855661484834,5.5548501925775255,4.10907906028056,BLOWOUT_UNDERPREDICTED
2025-09-14,20250914HTLG0,LG,KIA,5.26428126254751,4.773586466785125,14.0,0.0,10.037867729332635,14.0,0.4906947957623853,14.0,0.5749076480210817,LG,LG,correct,HIGH_12_PLUS,8.73571873745249,4.773586466785125,3.9621322706673645,13.509305204237615,BLOWOUT_UNDERPREDICTED
2025-09-14,20250914KTSS0,삼성,KT,4.9541329337886335,4.73949681734651,6.0,2.0,9.693629751135145,8.0,0.2146361164421231,4.0,0.5489349777430745,삼성,삼성,correct,MID_7_11,1.0458670662113665,2.7394968173465104,1.6936297511351448,3.785363883557877,NORMAL
2025-09-14,20250914OBNC0,NC,두산,5.186609759317172,5.194098657006936,6.0,0.0,10.380708416324108,6.0,-0.007488897689764684,6.0,0.5278342733928771,NC,NC,correct,LOW_0_6,0.8133902406828284,5.194098657006936,4.380708416324108,6.007488897689765,RUN_DIFF_DIRECTION_MISS|BLOWOUT_UNDERPREDICTED
2025-09-14,20250914WOHH0,한화,키움,5.256650130101435,4.477938917736792,10.0,13.0,9.734589047838227,23.0,0.7787112123646427,-3.0,0.6015694469072435,한화,키움,wrong,HIGH_12_PLUS,4.743349869898565,8.522061082263207,13.265410952161773,3.7787112123646427,HIGH_SCORING_MISS|RUN_DIFF_DIRECTION_MISS
2025-09-15,20250915WOHH0,한화,키움,5.372104455180405,4.6100762352756215,7.0,6.0,9.982180690456026,13.0,0.7620282199047832,1.0,0.6000398208838629,한화,한화,correct,HIGH_12_PLUS,1.6278955448195953,1.3899237647243785,3.017819309543974,0.2379717800952168,NORMAL
2025-09-16,20250916HHHT0,KIA,한화,4.902746559736247,5.01797648741614,1.0,11.0,9.920723047152388,12.0,-0.11522992767989315,-10.0,0.5175587761688919,KIA,한화,wrong,HIGH_12_PLUS,3.902746559736247,5.98202351258386,2.0792769528476125,9.884770072320107,HIGH_SCORING_MISS|BLOWOUT_UNDERPREDICTED
2025-09-16,20250916LGKT0,KT,LG,4.720894854450118,5.185951686567919,6.0,10.0,9.906846541018037,16.0,-0.465056832117801,-4.0,0.4841374911752513,LG,LG,correct,HIGH_12_PLUS,1.2791051455498819,4.814048313432081,6.093153458981963,3.534943167882199,NORMAL
2025-09-16,20250916LTSS0,삼성,롯데,4.950031741623763,4.868500720580823,7.0,5.0,9.818532462204587,12.0,0.08153102104294074,2.0,0.5363069209111454,삼성,삼성,correct,HIGH_12_PLUS,2.0499682583762366,0.13149927941917738,2.181467537795413,1.9184689789570593,NORMAL
2025-09-16,20250916SKNC0,NC,SSG,4.715870865371963,4.997264824037932,3.0,7.0,9.713135689409896,10.0,-0.2813939586659684,-4.0,0.501685280618312,NC,SSG,wrong,MID_7_11,1.7158708653719632,2.0027351759620684,0.2868643105901043,3.7186060413340316,NORMAL
2025-09-16,20250916WOOB0,두산,키움,5.3922990973957035,4.782717964642002,1.0,4.0,10.175017062037705,5.0,0.6095811327537017,-3.0,0.5859753065298264,두산,키움,wrong,LOW_0_6,4.3922990973957035,0.7827179646420017,5.175017062037705,3.6095811327537017,LOW_SCORING_MISS|RUN_DIFF_DIRECTION_MISS
2025-09-17,20250917HHHT0,KIA,한화,4.790575756504098,5.2203245103594815,2.0,6.0,10.01090026686358,8.0,-0.42974875385538347,-4.0,0.4875092470421684,한화,한화,correct,MID_7_11,2.790575756504098,0.7796754896405185,2.0109002668635796,3.5702512461446165,NORMAL
2025-09-17,20250917WOOB0,두산,키움,5.193337090788976,4.859661140961492,2.0,4.0,10.052998231750468,6.0,0.3336759498274837,-2.0,0.5601759657747951,두산,키움,wrong,LOW_0_6,3.193337090788976,0.8596611409614923,4.052998231750468,2.3336759498274837,LOW_SCORING_MISS|RUN_DIFF_DIRECTION_MISS
2025-09-18,20250918HHHT0,KIA,한화,4.6756406821970975,5.037487012862228,3.0,4.0,9.713127695059326,7.0,-0.3618463306651307,-1.0,0.49399654084297073,한화,한화,correct,MID_7_11,1.6756406821970975,1.0374870128622282,2.7131276950593257,0.6381536693348693,NORMAL
2025-09-18,20250918LGKT1,KT,LG,4.733250016273214,5.248662528700662,2.0,6.0,9.981912544973877,8.0,-0.5154125124274485,-4.0,0.4793313325175511,LG,LG,correct,MID_7_11,2.733250016273214,0.7513374712993377,1.981912544973877,3.4845874875725515,NORMAL
2025-09-18,20250918LGKT2,KT,LG,4.823333126553892,5.37996742548375,1.0,14.0,10.203300552037643,15.0,-0.5566342989298585,-13.0,0.4753997570723875,LG,LG,correct,HIGH_12_PLUS,3.8233331265538917,8.62003257451625,4.796699447962357,12.443365701070142,BLOWOUT_UNDERPREDICTED
2025-09-18,20250918SSNC0,NC,삼성,4.8548594972461805,5.06571529262089,5.0,9.0,9.920574789867072,14.0,-0.21085579537470966,-4.0,0.5084259981568372,NC,삼성,wrong,HIGH_12_PLUS,0.1451405027538195,3.93428470737911,4.0794252101329285,3.7891442046252903,HIGH_SCORING_MISS
2025-09-18,20250918WOOB0,두산,키움,5.1346067576781556,4.817145710085417,3.0,2.0,9.951752467763573,5.0,0.3174610475927384,1.0,0.5586481486950101,두산,두산,correct,LOW_0_6,2.1346067576781556,2.817145710085417,4.951752467763573,0.6825389524072616,NORMAL
2025-09-19,20250919LTNC0,NC,롯데,4.999572447557074,5.425018861038128,2.0,18.0,10.4245913085952,20.0,-0.42544641348105383,-16.0,0.48792018422559286,롯데,롯데,correct,HIGH_12_PLUS,2.9995724475570738,12.574981138961872,9.5754086914048,15.574553586518945,BLOWOUT_UNDERPREDICTED
2025-09-20,20250920HHKT0,KT,한화,4.7694157337364045,5.128258248480789,4.0,2.0,9.897673982217192,6.0,-0.3588425147443841,2.0,0.49428358361321234,한화,KT,wrong,LOW_0_6,0.7694157337364045,3.1282582484807886,3.897673982217192,2.358842514744384,LOW_SCORING_MISS|RUN_DIFF_DIRECTION_MISS
2025-09-20,20250920NCHT0,KIA,NC,5.2785444409949145,4.98807801919112,5.0,4.0,10.266622460186035,9.0,0.2904664218037949,1.0,0.5561021823433994,KIA,KIA,correct,MID_7_11,0.2785444409949145,0.9880780191911196,1.266622460186035,0.7095335781962051,NORMAL
2025-09-20,20250920OBSK0,SSG,두산,5.034757127836369,4.454073702034951,15.0,2.0,9.48883082987132,17.0,0.5806834258014177,13.0,0.5832926185352023,SSG,SSG,correct,HIGH_12_PLUS,9.965242872163632,2.4540737020349512,7.51116917012868,12.419316574198582,BLOWOUT_UNDERPREDICTED
2025-09-20,20250920SSLG0,LG,삼성,5.0398113503378426,4.7626404656838845,4.0,14.0,9.802451816021726,18.0,0.277170884653958,-10.0,0.5548471371112724,LG,삼성,wrong,HIGH_12_PLUS,1.0398113503378426,9.237359534316116,8.197548183978274,10.277170884653959,HIGH_SCORING_MISS|RUN_DIFF_DIRECTION_MISS|BLOWOUT_UNDERPREDICTED
2025-09-20,20250920WOLT0,롯데,키움,5.281600087584148,4.9672597819206485,5.0,15.0,10.248859869504797,20.0,0.31434030566349946,-10.0,0.5583539745721092,롯데,키움,wrong,HIGH_12_PLUS,0.281600087584148,10.03274021807935,9.751140130495203,10.3143403056635,HIGH_SCORING_MISS|RUN_DIFF_DIRECTION_MISS|BLOWOUT_UNDERPREDICTED
2025-09-21,20250921NCHT0,KIA,NC,5.140232579016633,5.140852122674196,6.0,7.0,10.28108470169083,13.0,-0.0006195436575628932,-1.0,0.5284887119980097,KIA,NC,wrong,HIGH_12_PLUS,0.859767420983367,1.859147877325804,2.7189152983091702,0.9993804563424371,HIGH_SCORING_MISS|CLOSE_GAME_NOISE
2025-09-21,20250921OBSK0,SSG,두산,5.0638848143800645,4.700372284940011,7.0,3.0,9.764257099320076,10.0,0.36351252944005363,4.0,0.5629842607846091,SSG,SSG,correct,MID_7_11,1.9361151856199355,1.700372284940011,0.23574290067992365,3.6364874705599464,NORMAL
2025-09-21,20250921SSKT0,KT,삼성,4.831002133822256,5.220232528677182,6.0,3.0,10.05123466249944,9.0,-0.38923039485492605,3.0,0.4913799428975707,삼성,KT,wrong,MID_7_11,1.1689978661777438,2.2202325286771822,1.0512346624994393,3.389230394854926,RUN_DIFF_DIRECTION_MISS
2025-09-22,20250922OBSK0,SSG,두산,4.996289891451338,4.655495166294213,2.0,9.0,9.65178505774555,11.0,0.3407947251571244,-7.0,0.5608463600385956,SSG,두산,wrong,MID_7_11,2.9962898914513376,4.344504833705787,1.3482149422544492,7.340794725157124,RUN_DIFF_DIRECTION_MISS|BLOWOUT_UNDERPREDICTED
2025-09-23,20250923HTSK0,SSG,KIA,4.828648049276359,4.91221472481041,5.0,0.0,9.74086277408677,5.0,-0.08356667553405117,5.0,0.5205805013799053,SSG,SSG,correct,LOW_0_6,0.17135195072364073,4.91221472481041,4.74086277408677,5.083566675534051,RUN_DIFF_DIRECTION_MISS|BLOWOUT_UNDERPREDICTED
2025-09-23,20250923NCLT0,롯데,NC,5.433959446675937,5.187811149226965,2.0,4.0,10.621770595902902,6.0,0.24614829744897193,-2.0,0.5519160347541799,롯데,NC,wrong,LOW_0_6,3.433959446675937,1.187811149226965,4.621770595902902,2.246148297448972,LOW_SCORING_MISS|RUN_DIFF_DIRECTION_MISS
2025-09-23,20250923OBSS0,삼성,두산,5.295303115443082,4.615680699802385,7.0,5.0,9.910983815245467,12.0,0.6796224156406971,2.0,0.5924560986322429,삼성,삼성,correct,HIGH_12_PLUS,1.7046968845569177,0.38431930019761484,2.0890161847545325,1.3203775843593029,NORMAL
2025-09-23,20250923WOKT0,KT,키움,5.068254443110714,4.922705189998381,7.0,0.0,9.990959633109096,7.0,0.1455492531123328,7.0,0.5423873365621157,KT,KT,correct,MID_7_11,1.931745556889286,4.922705189998381,2.990959633109096,6.854450746887667,BLOWOUT_UNDERPREDICTED
2025-09-24,20250924HTWO0,키움,KIA,4.9346002474810415,5.249594465314322,0.0,2.0,10.184194712795364,2.0,-0.31499421783328074,-2.0,0.4984740308194381,KIA,KIA,correct,LOW_0_6,4.9346002474810415,3.2495944653143223,8.184194712795364,1.6850057821667193,NORMAL
2025-09-24,20250924LGNC0,NC,LG,4.555659749127499,5.67516598298399,10.0,5.0,10.230825732111489,15.0,-1.119506233856491,5.0,0.4222214294470028,LG,NC,wrong,HIGH_12_PLUS,5.444340250872501,0.67516598298399,4.769174267888511,6.119506233856491,HIGH_SCORING_MISS|RUN_DIFF_DIRECTION_MISS
2025-09-24,20250924LTSS0,삼성,롯데,5.348732499107975,5.036140233286264,9.0,4.0,10.38487273239424,13.0,0.31259226582171173,5.0,0.5581891791500436,삼성,삼성,correct,HIGH_12_PLUS,3.6512675008920246,1.0361402332862637,2.615127267605761,4.687407734178288,BLOWOUT_UNDERPREDICTED
2025-09-25,20250925HHOB0,두산,한화,4.366716194301801,5.110793494305841,7.0,0.0,9.477509688607642,7.0,-0.7440773000040402,7.0,0.4575677889299191,한화,두산,wrong,MID_7_11,2.6332838056981993,5.110793494305841,2.4775096886076415,7.74407730000404,RUN_DIFF_DIRECTION_MISS|BLOWOUT_UNDERPREDICTED
2025-09-25,20250925KTSK0,SSG,KT,4.757384773651146,4.689366080333366,1.0,10.0,9.446750853984511,11.0,0.06801869331777954,-9.0,0.5350220850902242,SSG,KT,wrong,MID_7_11,3.757384773651146,5.310633919666634,1.5532491460154887,9.068018693317779,RUN_DIFF_DIRECTION_MISS|BLOWOUT_UNDERPREDICTED
2025-09-25,20250925LGLT0,롯데,LG,5.050526217964963,5.570028196605481,1.0,11.0,10.620554414570444,12.0,-0.519501978640518,-10.0,0.4789411725348925,LG,LG,correct,HIGH_12_PLUS,4.050526217964963,5.429971803394519,1.379445585429556,9.480498021359482,BLOWOUT_UNDERPREDICTED
2025-09-25,20250925WOSS0,삼성,키움,5.362621132872513,4.627948135492482,12.0,3.0,9.990569268364995,15.0,0.7346729973800308,9.0,0.5975274678700989,삼성,삼성,correct,HIGH_12_PLUS,6.637378867127487,1.627948135492482,5.009430731635005,8.26532700261997,BLOWOUT_UNDERPREDICTED
2025-09-26,20250926KTSK0,SSG,KT,4.781077370662556,4.788852087207842,5.0,2.0,9.569929457870398,7.0,-0.0077747165452866085,3.0,0.5278070415394877,SSG,SSG,correct,MID_7_11,0.21892262933744444,2.788852087207842,2.5699294578703977,3.0077747165452866,RUN_DIFF_DIRECTION_MISS
2025-09-26,20250926LGHH0,한화,LG,4.7405854905963505,5.054788447330469,4.0,1.0,9.795373937926819,5.0,-0.31420295673411847,3.0,0.4985496529543115,LG,한화,wrong,LOW_0_6,0.7405854905963505,4.054788447330469,4.7953739379268185,3.3142029567341185,LOW_SCORING_MISS|RUN_DIFF_DIRECTION_MISS
2025-09-26,20250926NCOB0,두산,NC,4.976136320788866,5.244012905990849,0.0,3.0,10.220149226779714,3.0,-0.2678765852019831,-3.0,0.5029771410517639,두산,NC,wrong,LOW_0_6,4.976136320788866,2.244012905990849,7.220149226779714,2.732123414798017,LOW_SCORING_MISS
2025-09-26,20250926SSLT0,롯데,삼성,5.01926049040271,5.4637021055567825,10.0,9.0,10.482962595959492,19.0,-0.4444416151540729,1.0,0.4861059919796882,삼성,롯데,wrong,HIGH_12_PLUS,4.98073950959729,3.5362978944432175,8.517037404040508,1.4444416151540729,HIGH_SCORING_MISS|RUN_DIFF_DIRECTION_MISS|CLOSE_GAME_NOISE
2025-09-27,20250927LGHH0,한화,LG,4.724628728627971,5.057917022276729,2.0,9.0,9.7825457509047,11.0,-0.33328829364875734,-7.0,0.4967256622474031,LG,LG,correct,MID_7_11,2.7246287286279713,3.9420829777232713,1.2174542490953009,6.666711706351243,BLOWOUT_UNDERPREDICTED
2025-09-27,20250927NCHT0,KIA,NC,5.235176205302437,4.815934388232969,1.0,2.0,10.051110593535405,3.0,0.4192418170694685,-1.0,0.5682187101581628,KIA,NC,wrong,LOW_0_6,4.235176205302437,2.815934388232969,7.051110593535405,1.4192418170694685,LOW_SCORING_MISS|RUN_DIFF_DIRECTION_MISS|CLOSE_GAME_NOISE
2025-09-27,20250927SKOB0,두산,SSG,4.793074192813164,4.773279065982334,2.0,6.0,9.566353258795498,8.0,0.01979512683083051,-4.0,0.5304330169858119,두산,SSG,wrong,MID_7_11,2.7930741928131644,1.2267209340176661,1.5663532587954982,4.0197951268308305,RUN_DIFF_DIRECTION_MISS
2025-09-28,20250928LTOB0,두산,롯데,5.059500025670126,5.317467484152172,7.0,2.0,10.376967509822299,9.0,-0.25796745848204594,5.0,0.5039241357208587,두산,두산,correct,MID_7_11,1.9404999743298736,3.3174674841521723,1.3769675098222987,5.257967458482046,RUN_DIFF_DIRECTION_MISS|BLOWOUT_UNDERPREDICTED
2025-09-28,20250928SSWO0,키움,삼성,4.791241790188941,5.41203810324958,2.0,4.0,10.203279893438522,6.0,-0.6207963130606391,-2.0,0.4692864719495713,삼성,삼성,correct,LOW_0_6,2.7912417901889413,1.4120381032495803,4.203279893438522,1.379203686939361,NORMAL
2025-09-29,20250929LGHH0,한화,LG,4.741123309496236,5.097685762964622,7.0,3.0,9.838809072460858,10.0,-0.35656245346838666,4.0,0.4945014673684091,LG,한화,wrong,MID_7_11,2.2588766905037643,2.0976857629646224,0.16119092753914188,4.356562453468387,RUN_DIFF_DIRECTION_MISS
2025-09-29,20250929LTSK0,SSG,롯데,5.338237639921622,4.946529110399,4.0,2.0,10.284766750320621,6.0,0.3917085295226217,2.0,0.565634437562104,SSG,SSG,correct,LOW_0_6,1.3382376399216218,2.946529110399,4.284766750320621,1.6082914704773783,NORMAL
2025-09-29,20250929NCHT0,KIA,NC,4.93560812516304,4.971055705395141,4.0,13.0,9.90666383055818,17.0,-0.03544758023210104,-9.0,0.5251697054798043,KIA,NC,wrong,HIGH_12_PLUS,0.9356081251630401,8.028944294604859,7.0933361694418195,8.964552419767898,HIGH_SCORING_MISS|BLOWOUT_UNDERPREDICTED
2025-09-30,20250930HTSS0,삼성,KIA,5.443071489606421,4.683404037191224,5.0,0.0,10.126475526797645,5.0,0.7596674524151972,5.0,0.5998232090477499,삼성,삼성,correct,LOW_0_6,0.44307148960642095,4.683404037191224,5.126475526797645,4.240332547584803,BLOWOUT_UNDERPREDICTED
2025-09-30,20250930KTNC0,NC,KT,4.585863566889613,5.212876212248984,9.0,4.0,9.798739779138597,13.0,-0.627012645359371,5.0,0.46869464672548533,KT,NC,wrong,HIGH_12_PLUS,4.414136433110387,1.2128762122489842,3.2012602208614034,5.627012645359371,HIGH_SCORING_MISS|RUN_DIFF_DIRECTION_MISS|BLOWOUT_UNDERPREDICTED
2025-09-30,20250930LTHH0,한화,롯데,5.358856294116782,5.026216679524287,1.0,0.0,10.38507297364107,1.0,0.3326396145924946,1.0,0.5600783529232627,한화,한화,correct,LOW_0_6,4.358856294116782,5.026216679524287,9.38507297364107,0.6673603854075054,NORMAL
2025-09-30,20250930OBLG0,LG,두산,5.028601272987631,4.748671211245326,0.0,6.0,9.777272484232956,6.0,0.27993006174230484,-6.0,0.5551076504042748,LG,두산,wrong,LOW_0_6,5.028601272987631,1.251328788754674,3.777272484232956,6.279930061742305,LOW_SCORING_MISS|RUN_DIFF_DIRECTION_MISS|BLOWOUT_UNDERPREDICTED
2025-09-30,20250930SKWO0,키움,SSG,4.828655680291052,4.901335957605175,3.0,4.0,9.729991637896227,7.0,-0.07268027731412285,-1.0,0.5216190885236682,키움,SSG,wrong,MID_7_11,1.8286556802910523,0.9013359576051752,2.7299916378962266,0.9273197226858771,CLOSE_GAME_NOISE
2025-10-01,20251001HHSK0,SSG,한화,4.461761725275167,4.59173153009053,6.0,5.0,9.053493255365698,11.0,-0.1299698048153628,1.0,0.5161516509971237,SSG,SSG,correct,MID_7_11,1.5382382747248329,0.4082684699094701,1.946506744634302,1.1299698048153628,RUN_DIFF_DIRECTION_MISS
2025-10-01,20251001KTHT0,KIA,KT,4.863510351570638,4.950189807145488,3.0,9.0,9.813700158716127,12.0,-0.08667945557485002,-6.0,0.5202835019834093,KIA,KT,wrong,HIGH_12_PLUS,1.8635103515706382,4.049810192854512,2.186299841283873,5.91332054442515,HIGH_SCORING_MISS|BLOWOUT_UNDERPREDICTED
2025-10-01,20251001NCLG0,LG,NC,5.276003177645072,4.9000527731728125,3.0,7.0,10.176055950817885,10.0,0.3759504044722597,-4.0,0.5641537645300103,LG,NC,wrong,MID_7_11,2.276003177645072,2.0999472268271875,0.17605595081788472,4.37595040447226,RUN_DIFF_DIRECTION_MISS
2025-10-02,20251002SKHT0,KIA,SSG,4.705503722114464,4.744471540596683,7.0,2.0,9.449975262711147,9.0,-0.03896781848221842,5.0,0.5248341087300386,KIA,KIA,correct,MID_7_11,2.2944962778855356,2.744471540596683,0.4499752627111473,5.038967818482218,RUN_DIFF_DIRECTION_MISS|BLOWOUT_UNDERPREDICTED
2025-10-04,20251004SKNC0,NC,SSG,4.890560697533764,4.585621382861767,7.0,1.0,9.476182080395532,8.0,0.304939314671997,6.0,0.5574675512896601,NC,NC,correct,MID_7_11,2.109439302466236,3.585621382861767,1.4761820803955317,5.695060685328003,BLOWOUT_UNDERPREDICTED
2025-10-04,20251004SSHT0,KIA,삼성,4.5209885842406665,5.186200616229409,9.0,8.0,9.707189200470076,17.0,-0.6652120319887427,1.0,0.4650598734894998,삼성,KIA,wrong,HIGH_12_PLUS,4.4790114157593335,2.813799383770591,7.292810799529924,1.6652120319887427,HIGH_SCORING_MISS|RUN_DIFF_DIRECTION_MISS|CLOSE_GAME_NOISE
2026-03-28,20260328HTSK0,SSG,KIA,5.161621218461681,5.126199650683042,7.0,6.0,10.287820869144724,13.0,0.035421567778638696,1.0,0.5319206674257339,SSG,SSG,correct,HIGH_12_PLUS,1.838378781538319,0.8738003493169577,2.712179130855276,0.9645784322213613,NORMAL
2026-03-28,20260328KTLG0,LG,KT,5.161621218461681,5.126199650683042,7.0,11.0,10.287820869144724,18.0,0.035421567778638696,-4.0,0.5319206674257339,LG,KT,wrong,HIGH_12_PLUS,1.838378781538319,5.873800349316958,7.712179130855276,4.035421567778639,HIGH_SCORING_MISS|RUN_DIFF_DIRECTION_MISS
2026-03-28,20260328LTSS0,삼성,롯데,5.161621218461681,5.126199650683042,3.0,6.0,10.287820869144724,9.0,0.035421567778638696,-3.0,0.5319206674257339,삼성,롯데,wrong,MID_7_11,2.161621218461681,0.8738003493169577,1.2878208691447242,3.0354215677786387,RUN_DIFF_DIRECTION_MISS
2026-03-28,20260328OBNC0,NC,두산,5.161621218461681,5.126199650683042,6.0,0.0,10.287820869144724,6.0,0.035421567778638696,6.0,0.5319206674257339,NC,NC,correct,LOW_0_6,0.838378781538319,5.126199650683042,4.287820869144724,5.964578432221361,BLOWOUT_UNDERPREDICTED
2026-03-28,20260328WOHH0,한화,키움,5.161621218461681,5.126199650683042,10.0,9.0,10.287820869144724,19.0,0.035421567778638696,1.0,0.5319206674257339,한화,한화,correct,HIGH_12_PLUS,4.838378781538319,3.8738003493169577,8.712179130855276,0.9645784322213613,NORMAL
2026-03-29,20260329HTSK0,SSG,KIA,6.547685134280442,5.67966576767086,11.0,6.0,12.227350901951302,17.0,0.8680193666095821,5.0,0.6097235654707466,SSG,SSG,correct,HIGH_12_PLUS,4.452314865719558,0.3203342323291398,4.7726490980486975,4.131980633390418,BLOWOUT_UNDERPREDICTED
2026-03-29,20260329KTLG0,LG,KT,6.617500601069802,10.076116579210987,5.0,6.0,16.69361718028079,11.0,-3.458615978141186,-1.0,0.23007653234515918,KT,KT,correct,MID_7_11,1.6175006010698016,4.0761165792109875,5.693617180280789,2.458615978141186,NORMAL
2026-03-29,20260329LTSS0,삼성,롯데,4.107815657650504,5.674640260680938,2.0,6.0,9.782455918331443,8.0,-1.566824603030434,-4.0,0.3811508875141421,롯데,롯데,correct,MID_7_11,2.1078156576505043,0.3253597393190617,1.7824559183314435,2.433175396969566,NORMAL
2026-03-29,20260329OBNC0,NC,두산,5.549625473987218,2.9589637311592716,6.0,9.0,8.508589205146489,15.0,2.5906617428279466,-3.0,0.7511395906391692,NC,두산,wrong,HIGH_12_PLUS,0.45037452601278183,6.041036268840728,6.491410794853511,5.590661742827947,HIGH_SCORING_MISS|RUN_DIFF_DIRECTION_MISS
2026-03-29,20260329WOHH0,한화,키움,9.294665201076882,8.062481729326375,10.0,4.0,17.357146930403257,14.0,1.2321834717505062,6.0,0.6423013446849772,한화,한화,correct,HIGH_12_PLUS,0.7053347989231185,4.062481729326375,3.357146930403257,4.767816528249494,NORMAL
2026-03-31,20260331HTLG0,LG,KIA,7.076495148920752,6.91491883316689,2.0,7.0,13.991413982087643,9.0,0.16157631575386144,-5.0,0.5439076752076559,LG,KIA,wrong,MID_7_11,5.076495148920752,0.08508116683310973,4.991413982087643,5.161576315753861,RUN_DIFF_DIRECTION_MISS|BLOWOUT_UNDERPREDICTED
2026-03-31,20260331KTHH0,한화,KT,6.994123324410618,6.404673759155469,4.0,9.0,13.398797083566087,13.0,0.5894495652551486,-5.0,0.5841069428319983,한화,KT,wrong,HIGH_12_PLUS,2.9941233244106176,2.595326240844531,0.39879708356608745,5.589449565255149,HIGH_SCORING_MISS|RUN_DIFF_DIRECTION_MISS|BLOWOUT_UNDERPREDICTED
2026-03-31,20260331LTNC0,NC,롯데,4.5989144428614885,4.966815852909806,9.0,2.0,9.565730295771296,11.0,-0.3679014100483178,7.0,0.49341793346961893,롯데,NC,wrong,MID_7_11,4.4010855571385115,2.9668158529098063,1.4342697042287043,7.367901410048318,RUN_DIFF_DIRECTION_MISS|BLOWOUT_UNDERPREDICTED
2026-03-31,20260331WOSK0,SSG,키움,8.426866898288973,6.016887378113396,9.0,3.0,14.44375427640237,12.0,2.4099795201755763,6.0,0.7380052287517556,SSG,SSG,correct,HIGH_12_PLUS,0.5731331017110275,3.0168873781133962,2.4437542764023696,3.5900204798244237,NORMAL
2026-04-01,20260401HTLG0,LG,KIA,5.72619419520059,6.700938845229376,7.0,2.0,12.427133040429966,9.0,-0.9747446500287857,5.0,0.43577675871578286,KIA,LG,wrong,MID_7_11,1.2738058047994096,4.700938845229376,3.4271330404299665,5.974744650028786,RUN_DIFF_DIRECTION_MISS|BLOWOUT_UNDERPREDICTED
2026-04-01,20260401KTHH0,한화,KT,6.14166798342412,6.88259929871169,11.0,14.0,13.02426728213581,25.0,-0.7409313152875701,-3.0,0.4578663083526215,KT,KT,correct,HIGH_12_PLUS,4.85833201657588,7.11740070128831,11.97573271786419,2.25906868471243,NORMAL
2026-04-01,20260401LTNC0,NC,롯데,5.495919931332088,4.541405377665201,5.0,4.0,10.03732530899729,9.0,0.9545145536668871,1.0,0.6175628775172861,NC,NC,correct,MID_7_11,0.49591993133208767,0.5414053776652006,1.0373253089972891,0.04548544633311291,NORMAL
2026-04-01,20260401OBSS0,삼성,두산,4.671164422044751,5.383533198254344,13.0,3.0,10.054697620299095,16.0,-0.7123687762095932,10.0,0.4605779380892643,두산,삼성,wrong,HIGH_12_PLUS,8.32883557795525,2.3835331982543444,5.945302379700905,10.712368776209594,HIGH_SCORING_MISS|RUN_DIFF_DIRECTION_MISS|BLOWOUT_UNDERPREDICTED
2026-04-01,20260401WOSK0,SSG,키움,8.256351723958169,5.348319461487348,2.0,11.0,13.604671185445516,13.0,2.9080322624708206,-9.0,0.7731224420384278,SSG,키움,wrong,HIGH_12_PLUS,6.2563517239581685,5.651680538512652,0.6046711854455165,11.90803226247082,HIGH_SCORING_MISS|RUN_DIFF_DIRECTION_MISS
2026-04-02,20260402HTLG0,LG,KIA,5.848850076562186,5.767751428815495,2.0,1.0,11.61660150537768,3.0,0.08109864774669084,1.0,0.536265815552446,LG,LG,correct,LOW_0_6,3.8488500765621856,4.767751428815495,8.61660150537768,0.9189013522533092,NORMAL
2026-04-02,20260402KTHH0,한화,KT,7.000713987691071,8.268667428728122,8.0,13.0,15.269381416419193,21.0,-1.2679534410370508,-5.0,0.40844178713043977,KT,KT,correct,HIGH_12_PLUS,0.9992860123089287,4.731332571271878,5.730618583580807,3.7320465589629492,NORMAL
2026-04-02,20260402LTNC0,NC,롯데,5.414656274019981,4.519581394302352,8.0,4.0,9.934237668322332,12.0,0.8950748797176287,4.0,0.6121819939802329,NC,NC,correct,HIGH_12_PLUS,2.585343725980019,0.5195813943023522,2.065762331677668,3.1049251202823713,NORMAL
2026-04-02,20260402OBSS0,삼성,두산,6.490666606672364,5.081364841495927,5.0,2.0,11.57203144816829,7.0,1.409301765176437,3.0,0.6577035776731683,삼성,삼성,correct,MID_7_11,1.490666606672364,3.081364841495927,4.572031448168291,1.590698234823563,NORMAL
2026-04-02,20260402WOSK0,SSG,키움,6.8298672460179635,6.1710120084385185,11.0,1.0,13.000879254456482,12.0,0.658855237579445,10.0,0.5905377937532548,SSG,SSG,correct,HIGH_12_PLUS,4.1701327539820365,5.1710120084385185,1.000879254456482,9.341144762420555,BLOWOUT_UNDERPREDICTED
2026-04-03,20260403HHOB0,두산,한화,6.108729558055833,7.8344177122091505,6.0,11.0,13.943147270264983,17.0,-1.7256881541533176,-5.0,0.36693274121544306,한화,한화,correct,HIGH_12_PLUS,0.10872955805583295,3.1655822877908495,3.0568527297350165,3.2743118458466824,NORMAL
2026-04-03,20260403LGWO0,키움,LG,5.762991982202797,5.950634756269776,5.0,2.0,11.713626738472573,7.0,-0.18764277406697882,3.0,0.5106437143207007,키움,키움,correct,MID_7_11,0.7629919822027968,3.9506347562697757,4.713626738472573,3.187642774066979,RUN_DIFF_DIRECTION_MISS
2026-04-03,20260403NCHT0,KIA,NC,4.591696615866008,5.84587125143508,2.0,5.0,10.437567867301087,7.0,-1.254174635569072,-3.0,0.40971511628055524,NC,NC,correct,MID_7_11,2.5916966158660077,0.8458712514350797,3.4375678673010874,1.745825364430928,NORMAL
2026-04-03,20260403SKLT0,롯데,SSG,4.89372649991049,6.2412736578127666,2.0,17.0,11.135000157723256,19.0,-1.3475471579022766,-15.0,0.4011108793154576,SSG,SSG,correct,HIGH_12_PLUS,2.89372649991049,10.758726342187234,7.8649998422767435,13.652452842097723,NORMAL
2026-04-03,20260403SSKT0,KT,삼성,7.026104773740493,5.455344926005558,1.0,2.0,12.481449699746051,3.0,1.5707598477349354,-1.0,0.6714611492570906,KT,삼성,wrong,LOW_0_6,6.026104773740493,3.4553449260055578,9.481449699746051,2.5707598477349354,LOW_SCORING_MISS|RUN_DIFF_DIRECTION_MISS|CLOSE_GAME_NOISE
2026-04-04,20260404HHOB0,두산,한화,6.0925868669643055,8.254342671617364,3.0,9.0,14.34692953858167,12.0,-2.1617558046530583,-6.0,0.3291344497486188,한화,한화,correct,HIGH_12_PLUS,3.0925868669643055,0.7456573283826362,2.3469295385816693,3.8382441953469417,NORMAL
2026-04-04,20260404LGWO0,키움,LG,5.663690158153228,5.487309251972874,4.0,6.0,11.150999410126103,10.0,0.17638090618035385,-2.0,0.5453113232931649,키움,LG,wrong,MID_7_11,1.6636901581532282,0.5126907480271257,1.1509994101261025,2.176380906180354,RUN_DIFF_DIRECTION_MISS
2026-04-04,20260404NCHT0,KIA,NC,4.391681190405541,5.714447506427944,0.0,6.0,10.106128696833485,6.0,-1.3227663160224026,-6.0,0.4033887217360913,NC,NC,correct,LOW_0_6,4.391681190405541,0.28555249357205614,4.106128696833485,4.677233683977597,NORMAL
2026-04-04,20260404SKLT0,롯데,SSG,4.7594450754491335,7.481745578962205,6.0,7.0,12.241190654411339,13.0,-2.722300503513072,-1.0,0.28365705736379787,SSG,SSG,correct,HIGH_12_PLUS,1.2405549245508665,0.4817455789622054,0.7588093455886611,1.7223005035130718,NORMAL
2026-04-04,20260404SSKT0,KT,삼성,6.111229320792521,5.070629605320799,6.0,8.0,11.181858926113321,14.0,1.0405997154717221,-2.0,0.6253047573149074,KT,삼성,wrong,HIGH_12_PLUS,0.11122932079252124,2.929370394679201,2.818141073886679,3.040599715471722,HIGH_SCORING_MISS|RUN_DIFF_DIRECTION_MISS
2026-04-05,20260405HHOB0,두산,한화,5.7800405464489595,8.18328593415612,8.0,0.0,13.96332648060508,8.0,-2.40324538770716,8.0,0.30908051832823313,한화,두산,wrong,MID_7_11,2.2199594535510405,8.18328593415612,5.96332648060508,10.403245387707159,RUN_DIFF_DIRECTION_MISS
2026-04-05,20260405LGWO0,키움,LG,5.452032041783109,5.494111797946176,5.0,6.0,10.946143839729285,11.0,-0.042079756163066584,-1.0,0.5245374180258943,키움,LG,wrong,MID_7_11,0.4520320417831094,0.505888202053824,0.05385616027071549,0.9579202438369334,CLOSE_GAME_NOISE
2026-04-05,20260405NCHT0,KIA,NC,4.141331010015164,5.676711526392745,3.0,0.0,9.818042536407908,3.0,-1.5353805163775807,3.0,0.3839903054060463,NC,KIA,wrong,LOW_0_6,1.141331010015164,5.676711526392745,6.8180425364079085,4.535380516377581,LOW_SCORING_MISS|RUN_DIFF_DIRECTION_MISS
2026-04-05,20260405SKLT0,롯데,SSG,4.925269760330905,7.377586560166206,3.0,4.0,12.30285632049711,7.0,-2.452316799835301,-1.0,0.30508884288348476,SSG,SSG,correct,MID_7_11,1.925269760330905,3.377586560166206,5.30285632049711,1.4523167998353008,NORMAL
2026-04-05,20260405SSKT0,KT,삼성,6.033465658104256,5.293120726394632,2.0,0.0,11.326586384498889,2.0,0.7403449317096245,2.0,0.5980488141405569,KT,KT,correct,LOW_0_6,4.033465658104256,5.293120726394632,9.326586384498889,1.2596550682903755,NORMAL
2026-04-07,20260407HHSK0,SSG,한화,7.124881757268588,5.963595159758409,2.0,6.0,13.088476917026997,8.0,1.1612865975101787,-4.0,0.6360506579998827,SSG,한화,wrong,MID_7_11,5.124881757268588,0.036404840241591074,5.088476917026997,5.161286597510179,RUN_DIFF_DIRECTION_MISS
2026-04-07,20260407KTLT0,롯데,KT,5.029196375696999,6.574495116834855,3.0,7.0,11.603691492531855,10.0,-1.5452987411378567,-4.0,0.3830938200477459,KT,KT,correct,MID_7_11,2.0291963756969986,0.4255048831651447,1.6036914925318548,2.4547012588621433,NORMAL
2026-04-07,20260407LGNC0,NC,LG,5.115449988207144,4.400659357725913,0.0,2.0,9.516109345933057,2.0,0.7147906304812306,-2.0,0.595698209178787,NC,LG,wrong,LOW_0_6,5.115449988207144,2.400659357725913,7.516109345933057,2.7147906304812306,LOW_SCORING_MISS|RUN_DIFF_DIRECTION_MISS
2026-04-07,20260407SSHT0,KIA,삼성,4.304328968126622,4.9513654129899765,3.0,10.0,9.255694381116598,13.0,-0.6470364448633541,-7.0,0.4667888900517395,삼성,삼성,correct,HIGH_12_PLUS,1.3043289681266224,5.0486345870100235,3.744305618883402,6.352963555136646,BLOWOUT_UNDERPREDICTED
2026-04-07,20260407WOOB0,두산,키움,5.726229072672784,5.913850617777792,2.0,5.0,11.640079690450577,7.0,-0.1876215451050074,-3.0,0.5106457423061802,두산,키움,wrong,MID_7_11,3.7262290726727842,0.9138506177777916,4.640079690450577,2.8123784548949926,NORMAL
2026-04-08,20260408HHSK0,SSG,한화,6.583340098599274,5.881301285343879,3.0,4.0,12.464641383943153,7.0,0.7020388132553954,-1.0,0.5945235853954491,SSG,한화,wrong,MID_7_11,3.5833400985992743,1.8813012853438789,5.464641383943153,1.7020388132553954,RUN_DIFF_DIRECTION_MISS|CLOSE_GAME_NOISE
2026-04-08,20260408KTLT0,롯데,KT,5.002913447598754,6.6122945677020075,6.0,1.0,11.615208015300762,7.0,-1.6093811201032535,5.0,0.37732094492433377,KT,롯데,wrong,MID_7_11,0.997086552401246,5.6122945677020075,4.615208015300762,6.6093811201032535,RUN_DIFF_DIRECTION_MISS
2026-04-08,20260408LGNC0,NC,LG,4.830645774297649,4.3424193981737895,4.0,5.0,9.17306517247144,9.0,0.4882263761238592,-1.0,0.5746770136678988,NC,LG,wrong,MID_7_11,0.8306457742976487,0.6575806018262105,0.17306517247143915,1.4882263761238592,RUN_DIFF_DIRECTION_MISS|CLOSE_GAME_NOISE
2026-04-08,20260408SSHT0,KIA,삼성,4.350441463814603,5.367228581451693,15.0,5.0,9.717670045266296,20.0,-1.0167871176370902,10.0,0.43182910731173824,삼성,KIA,wrong,HIGH_12_PLUS,10.649558536185397,0.3672285814516929,10.282329954733704,11.01678711763709,HIGH_SCORING_MISS|RUN_DIFF_DIRECTION_MISS
2026-04-08,20260408WOOB0,두산,키움,5.462790296715256,5.856490412283385,7.0,3.0,11.31928070899864,10.0,-0.3937001155681292,4.0,0.49095289385669827,키움,두산,wrong,MID_7_11,1.537209703284744,2.856490412283385,1.3192807089986403,4.393700115568129,RUN_DIFF_DIRECTION_MISS
2026-04-10,20260410HTHH0,한화,KIA,6.10386561074583,5.4533447690535395,5.0,6.0,11.557210379799368,11.0,0.6505208416922903,-1.0,0.5897671502285904,한화,KIA,wrong,MID_7_11,1.1038656107458298,0.5466552309464605,0.5572103797993684,1.6505208416922903,RUN_DIFF_DIRECTION_MISS|CLOSE_GAME_NOISE
2026-04-10,20260410LTWO0,키움,롯데,5.591841449319274,5.392687113243292,1.0,3.0,10.984528562562566,4.0,0.1991543360759822,-2.0,0.5474690976482282,키움,롯데,wrong,LOW_0_6,4.591841449319274,2.3926871132432916,6.984528562562566,2.199154336075982,LOW_SCORING_MISS|RUN_DIFF_DIRECTION_MISS
2026-04-10,20260410NCSS0,삼성,NC,4.723384217943001,4.774346382448026,8.0,5.0,9.497730600391026,13.0,-0.05096216450502489,3.0,0.5236904787345821,삼성,삼성,correct,HIGH_12_PLUS,3.276615782056999,0.22565361755197433,3.5022693996089735,3.050962164505025,RUN_DIFF_DIRECTION_MISS
2026-04-10,20260410OBKT0,KT,두산,6.150355060494236,5.0701336554670124,7.0,8.0,11.220488715961249,15.0,1.0802214050272232,-1.0,0.6288468838282343,KT,두산,wrong,HIGH_12_PLUS,0.8496449395057644,2.9298663445329876,3.779511284038751,2.080221405027223,HIGH_SCORING_MISS|RUN_DIFF_DIRECTION_MISS|CLOSE_GAME_NOISE
2026-04-10,20260410SKLG0,LG,SSG,4.683924524398587,5.545319848100898,10.0,2.0,10.229244372499485,12.0,-0.8613953237023111,8.0,0.44645916521598356,SSG,LG,wrong,HIGH_12_PLUS,5.316075475601413,3.545319848100898,1.770755627500515,8.861395323702311,HIGH_SCORING_MISS|RUN_DIFF_DIRECTION_MISS|BLOWOUT_UNDERPREDICTED
2026-04-11,20260411HTHH0,한화,KIA,6.035914018242388,5.50351931126708,5.0,6.0,11.539433329509468,11.0,0.5323947069753077,-1.0,0.5787988339420428,한화,KIA,wrong,MID_7_11,1.035914018242388,0.4964806887329196,0.5394333295094675,1.5323947069753077,RUN_DIFF_DIRECTION_MISS|CLOSE_GAME_NOISE
2026-04-11,20260411LTWO0,키움,롯데,5.3339679121225165,5.200891544969742,1.0,3.0,10.534859457092258,4.0,0.13307636715277482,-2.0,0.5412036016739386,키움,롯데,wrong,LOW_0_6,4.3339679121225165,2.2008915449697417,6.534859457092258,2.133076367152775,LOW_SCORING_MISS|RUN_DIFF_DIRECTION_MISS
2026-04-11,20260411NCSS0,삼성,NC,5.018303621549056,4.8708779786874326,5.0,4.0,9.889181600236489,9.0,0.14742564286162363,1.0,0.5425653736007088,삼성,삼성,correct,MID_7_11,0.01830362154905618,0.8708779786874326,0.8891816002364887,0.8525743571383764,NORMAL
2026-04-11,20260411OBKT0,KT,두산,6.236434548909699,5.211131967681974,6.0,4.0,11.447566516591673,10.0,1.0253025812277254,2.0,0.6239335912191556,KT,KT,correct,MID_7_11,0.23643454890969906,1.2111319676819736,1.4475665165916727,0.9746974187722746,NORMAL
2026-04-11,20260411SKLG0,LG,SSG,4.9923314484200505,5.336847392157137,4.0,3.0,10.329178840577187,7.0,-0.34451594373708616,1.0,0.49565267035484445,SSG,LG,wrong,MID_7_11,0.9923314484200505,2.3368473921571367,3.329178840577187,1.3445159437370862,RUN_DIFF_DIRECTION_MISS|CLOSE_GAME_NOISE
2026-04-12,20260412HTHH0,한화,KIA,5.8858142460259035,5.511340260179872,3.0,9.0,11.397154506205776,12.0,0.37447398584603153,-6.0,0.5640149774694623,한화,KIA,wrong,HIGH_12_PLUS,2.8858142460259035,3.488659739820128,0.6028454937942236,6.3744739858460315,HIGH_SCORING_MISS|RUN_DIFF_DIRECTION_MISS|BLOWOUT_UNDERPREDICTED
2026-04-12,20260412LTWO0,키움,롯데,5.107687074343446,5.054067733698135,2.0,0.0,10.161754808041582,2.0,0.053619340645311375,2.0,0.5336523940983848,키움,키움,correct,LOW_0_6,3.1076870743434464,5.054067733698135,8.161754808041582,1.9463806593546886,NORMAL
2026-04-12,20260412NCSS0,삼성,NC,4.957603669795591,4.857725399929588,9.0,3.0,9.81532906972518,12.0,0.09987826986600279,6.0,0.538050716451756,삼성,삼성,correct,HIGH_12_PLUS,4.042396330204409,1.8577253999295884,2.1846709302748195,5.900121730133997,BLOWOUT_UNDERPREDICTED
2026-04-12,20260412OBKT0,KT,두산,6.187234990594191,5.1775103000079925,6.0,1.0,11.364745290602183,7.0,1.0097246905861983,5.0,0.6225352154568665,KT,KT,correct,MID_7_11,0.1872349905941908,4.1775103000079925,4.364745290602183,3.9902753094138017,NORMAL
2026-04-12,20260412SKLG0,LG,SSG,4.9308907896159,5.187997817347722,9.0,1.0,10.118888606963623,10.0,-0.2571070277318217,8.0,0.5040063640704775,LG,LG,correct,MID_7_11,4.0691092103841,4.187997817347722,0.11888860696362258,8.257107027731822,RUN_DIFF_DIRECTION_MISS|BLOWOUT_UNDERPREDICTED
2026-04-14,20260414KTNC0,NC,KT,4.89297496240033,5.368181697883516,7.0,4.0,10.261156660283845,11.0,-0.47520673548318637,3.0,0.48316847668363133,KT,NC,wrong,MID_7_11,2.10702503759967,1.3681816978835162,0.7388433397161549,3.4752067354831864,RUN_DIFF_DIRECTION_MISS
2026-04-14,20260414LTLG0,LG,롯데,5.087220087492304,4.25298888206087,2.0,1.0,9.340208969553174,3.0,0.8342312054314345,1.0,0.6066455362835291,LG,LG,correct,LOW_0_6,3.0872200874923044,3.25298888206087,6.340208969553174,0.16576879456856553,NORMAL
2026-04-14,20260414OBSK0,SSG,두산,5.919635191157808,5.10864753076868,3.0,11.0,11.028282721926487,14.0,0.8109876603891282,-8.0,0.6045231555330033,SSG,두산,wrong,HIGH_12_PLUS,2.9196351911578082,5.89135246923132,2.9717172780735126,8.810987660389127,HIGH_SCORING_MISS|RUN_DIFF_DIRECTION_MISS|BLOWOUT_UNDERPREDICTED
2026-04-14,20260414SSHH0,한화,삼성,5.506154266729524,5.83008914821164,5.0,6.0,11.336243414941165,11.0,-0.32393488148211613,-1.0,0.497619562450464,삼성,삼성,correct,MID_7_11,0.5061542667295242,0.16991085178835963,0.3362434149411655,0.6760651185178839,NORMAL
2026-04-14,20260414WOHT0,KIA,키움,5.201277284237754,4.655673041688785,6.0,2.0,9.85695032592654,8.0,0.5456042425489693,4.0,0.5800294540716993,KIA,KIA,correct,MID_7_11,0.7987227157622456,2.655673041688785,1.8569503259265403,3.4543957574510307,NORMAL
2026-04-15,20260415KTNC0,NC,KT,4.958791549317616,5.286017593700214,2.0,10.0,10.244809143017829,12.0,-0.3272260443825976,-8.0,0.4973050258825024,KT,KT,correct,HIGH_12_PLUS,2.958791549317616,4.713982406299786,1.7551908569821713,7.672773955617402,BLOWOUT_UNDERPREDICTED
2026-04-15,20260415LTLG0,LG,롯데,4.9613898255612625,4.1515513094540335,0.0,2.0,9.112941135015296,2.0,0.809838516107229,-2.0,0.6044181235767195,LG,롯데,wrong,LOW_0_6,4.9613898255612625,2.1515513094540335,7.112941135015296,2.809838516107229,LOW_SCORING_MISS|RUN_DIFF_DIRECTION_MISS
2026-04-15,20260415OBSK0,SSG,두산,5.732219714251348,5.3233246117514055,6.0,0.0,11.055544326002753,6.0,0.4088951024999421,6.0,0.5672479958896676,SSG,SSG,correct,LOW_0_6,0.2677802857486524,5.3233246117514055,5.055544326002753,5.591104897500058,BLOWOUT_UNDERPREDICTED
2026-04-15,20260415SSHH0,한화,삼성,5.487770770550616,5.7561549543032005,5.0,13.0,11.243925724853817,18.0,-0.2683841837525849,-8.0,0.5029286302790913,한화,삼성,wrong,HIGH_12_PLUS,0.4877707705506156,7.2438450456967995,6.756074275146183,7.731615816247415,HIGH_SCORING_MISS|BLOWOUT_UNDERPREDICTED
2026-04-15,20260415WOHT0,KIA,키움,5.222101212749879,4.6055671495555,7.0,5.0,9.82766836230538,12.0,0.6165340631943792,2.0,0.5866200202464802,KIA,KIA,correct,HIGH_12_PLUS,1.7778987872501206,0.3944328504444998,2.1723316376946205,1.3834659368056208,NORMAL
2026-04-16,20260416KTNC0,NC,KT,4.795331958668389,5.42349699912286,3.0,4.0,10.21882895779125,7.0,-0.628165040454471,-1.0,0.46858494270413126,KT,KT,correct,MID_7_11,1.7953319586683891,1.42349699912286,3.2188289577912492,0.37183495954552903,NORMAL
2026-04-16,20260416LTLG0,LG,롯데,4.759791591525202,4.1032131924334925,7.0,4.0,8.863004783958694,11.0,0.6565783990917096,3.0,0.5903273088751948,LG,LG,correct,MID_7_11,2.240208408474798,0.10321319243349247,2.1369952160413064,2.3434216009082904,NORMAL
2026-04-16,20260416OBSK0,SSG,두산,5.74826024192116,5.127141986675576,2.0,1.0,10.875402228596736,3.0,0.6211182552455838,1.0,0.5870449293635568,SSG,SSG,correct,LOW_0_6,3.7482602419211597,4.127141986675576,7.8754022285967356,0.37888174475441616,NORMAL
2026-04-16,20260416SSHH0,한화,삼성,5.496740269773263,5.998910761357636,1.0,6.0,11.4956510311309,7.0,-0.5021704915843728,-5.0,0.48059487254035366,삼성,삼성,correct,MID_7_11,4.496740269773263,0.0010892386423639877,4.495651031130899,4.497829508415627,BLOWOUT_UNDERPREDICTED
2026-04-16,20260416WOHT0,KIA,키움,5.2849659346467135,4.703512299288161,5.0,1.0,9.988478233934874,6.0,0.5814536353585522,4.0,0.5833641848873851,KIA,KIA,correct,LOW_0_6,0.2849659346467135,3.7035122992881613,3.988478233934874,3.418546364641448,NORMAL
2026-04-17,20260417HTOB0,두산,KIA,4.819259734430374,5.260803239678188,3.0,7.0,10.08006297410856,10.0,-0.4415435052478136,-4.0,0.4863827619573054,KIA,KIA,correct,MID_7_11,1.819259734430374,1.7391967603218124,0.08006297410856078,3.5584564947521864,NORMAL
2026-04-17,20260417WOKT0,KT,키움,5.6752623474166395,4.525825657196846,5.0,0.0,10.201088004613485,5.0,1.1494366902197939,5.0,0.6350013389422701,KT,KT,correct,LOW_0_6,0.6752623474166395,4.525825657196846,5.201088004613485,3.850563309780206,NORMAL
2026-04-18,20260418HHLT0,롯데,한화,4.9139511153541795,5.384136436252573,0.0,5.0,10.298087551606752,5.0,-0.47018532089839393,-5.0,0.48364785735973786,한화,한화,correct,LOW_0_6,4.9139511153541795,0.38413643625257343,5.298087551606752,4.529814679101606,BLOWOUT_UNDERPREDICTED
2026-04-18,20260418HTOB0,두산,KIA,4.719956075206008,5.2947613366465704,5.0,4.0,10.01471741185258,9.0,-0.5748052614405621,1.0,0.473667619516921,KIA,두산,wrong,MID_7_11,0.28004392479399165,1.2947613366465704,1.0147174118525797,1.574805261440562,RUN_DIFF_DIRECTION_MISS|CLOSE_GAME_NOISE
2026-04-18,20260418LGSS0,삼성,LG,5.009256005905837,4.569792146853089,7.0,2.0,9.579048152758926,9.0,0.439463859052748,5.0,0.5701143951709305,삼성,삼성,correct,MID_7_11,1.9907439940941627,2.5697921468530893,0.5790481527589257,4.560536140947252,BLOWOUT_UNDERPREDICTED
2026-04-18,20260418SKNC0,NC,SSG,4.963911596090726,5.090690635362055,3.0,11.0,10.05460223145278,14.0,-0.12677903927132927,-8.0,0.5164562761960848,NC,SSG,wrong,HIGH_12_PLUS,1.9639115960907256,5.909309364637945,3.9453977685472204,7.873220960728671,HIGH_SCORING_MISS|BLOWOUT_UNDERPREDICTED
2026-04-18,20260418WOKT0,KT,키움,5.569737390344583,4.350880668020282,4.0,2.0,9.920618058364866,6.0,1.2188567223243014,2.0,0.641129992861635,KT,KT,correct,LOW_0_6,1.5697373903445833,2.350880668020282,3.920618058364866,0.7811432776756986,NORMAL
2026-04-19,20260419HHLT0,롯데,한화,4.7938407926912365,5.322902955570795,1.0,9.0,10.116743748262031,10.0,-0.5290621628795584,-8.0,0.47802917378449356,한화,한화,correct,MID_7_11,3.7938407926912365,3.677097044429205,0.11674374826203149,7.470937837120442,BLOWOUT_UNDERPREDICTED
2026-04-19,20260419HTOB0,두산,KIA,4.820662285467156,5.300022148014396,6.0,3.0,10.120684433481552,9.0,-0.4793598625472395,3.0,0.4827720124023976,KIA,두산,wrong,MID_7_11,1.1793377145328439,2.3000221480143956,1.1206844334815518,3.4793598625472395,RUN_DIFF_DIRECTION_MISS
2026-04-19,20260419LGSS0,삼성,LG,5.094046456791136,4.528580483120362,0.0,5.0,9.622626939911498,5.0,0.5654659736707739,-5.0,0.5818779267205569,삼성,LG,wrong,LOW_0_6,5.094046456791136,0.4714195168796378,4.622626939911498,5.565465973670774,LOW_SCORING_MISS|RUN_DIFF_DIRECTION_MISS|BLOWOUT_UNDERPREDICTED
2026-04-19,20260419SKNC0,NC,SSG,4.954659280833248,5.406313110292902,9.0,2.0,10.36097239112615,11.0,-0.45165382945965415,7.0,0.48541726166728194,SSG,NC,wrong,MID_7_11,4.045340719166752,3.406313110292902,0.6390276088738496,7.451653829459654,RUN_DIFF_DIRECTION_MISS|BLOWOUT_UNDERPREDICTED
2026-04-19,20260419WOKT0,KT,키움,5.465829773506997,4.332794533910349,1.0,3.0,9.798624307417345,4.0,1.1330352395966488,-2.0,0.6335468598539832,KT,키움,wrong,LOW_0_6,4.465829773506997,1.3327945339103486,5.798624307417345,3.1330352395966488,LOW_SCORING_MISS|RUN_DIFF_DIRECTION_MISS
2026-04-21,20260421HHLG0,LG,한화,4.989564980802617,4.944289758836447,6.0,5.0,9.933854739639063,11.0,0.04527522196616918,1.0,0.5328584537042703,LG,LG,correct,MID_7_11,1.0104350191973834,0.05571024116355261,1.066145260360937,0.9547247780338308,NORMAL
2026-04-21,20260421HTKT0,KT,KIA,5.125601345466861,4.73884186570023,6.0,5.0,9.86444321116709,11.0,0.3867594797666314,1.0,0.5651695372788957,KT,KT,correct,MID_7_11,0.874398654533139,0.2611581342997704,1.1355567888329094,0.6132405202333686,NORMAL
2026-04-21,20260421NCWO0,키움,NC,4.597525234320255,5.064379469148057,2.0,1.0,9.661904703468313,3.0,-0.4668542348278022,1.0,0.48396588366882737,NC,키움,wrong,LOW_0_6,2.597525234320255,4.064379469148057,6.661904703468313,1.4668542348278022,LOW_SCORING_MISS|RUN_DIFF_DIRECTION_MISS|CLOSE_GAME_NOISE
2026-04-21,20260421OBLT0,롯데,두산,4.609473993167528,4.846634090874936,2.0,6.0,9.456108084042464,8.0,-0.23716009770740776,-4.0,0.5059125522602528,롯데,두산,wrong,MID_7_11,2.609473993167528,1.153365909125064,1.456108084042464,3.7628399022925922,NORMAL
2026-04-21,20260421SKSS0,삼성,SSG,5.332114326545304,5.059700973938335,4.0,5.0,10.391815300483639,9.0,0.27241335260696964,-1.0,0.5543978743670176,삼성,SSG,wrong,MID_7_11,1.3321143265453044,0.059700973938334734,1.391815300483639,1.2724133526069696,RUN_DIFF_DIRECTION_MISS|CLOSE_GAME_NOISE
2026-04-22,20260422HHLG0,LG,한화,5.129187245862223,5.051589867725536,3.0,0.0,10.180777113587759,3.0,0.07759737813668721,3.0,0.5359329347464393,LG,LG,correct,LOW_0_6,2.129187245862223,5.051589867725536,7.180777113587759,2.922402621863313,NORMAL
2026-04-22,20260422HTKT0,KT,KIA,5.173633748079874,4.793019773522951,8.0,3.0,9.966653521602826,11.0,0.3806139745569235,5.0,0.5645920857241605,KT,KT,correct,MID_7_11,2.826366251920126,1.7930197735229507,1.0333464783971742,4.6193860254430765,BLOWOUT_UNDERPREDICTED
2026-04-22,20260422NCWO0,키움,NC,4.5763950290515085,4.984505010930835,3.0,0.0,9.560900039982343,3.0,-0.4081099818793268,3.0,0.48957622982820365,NC,키움,wrong,LOW_0_6,1.5763950290515085,4.984505010930835,6.560900039982343,3.408109981879327,LOW_SCORING_MISS|RUN_DIFF_DIRECTION_MISS
2026-04-22,20260422OBLT0,롯데,두산,4.555177535937401,4.88231624044409,1.0,9.0,9.43749377638149,10.0,-0.32713870450668914,-8.0,0.49731337293142985,두산,두산,correct,MID_7_11,3.5551775359374007,4.11768375955591,0.5625062236185094,7.672861295493311,BLOWOUT_UNDERPREDICTED
2026-04-22,20260422SKSS0,삼성,SSG,5.318596044204549,5.075110290837639,2.0,3.0,10.393706335042188,5.0,0.24348575336690992,-1.0,0.5516642988903109,삼성,SSG,wrong,LOW_0_6,3.318596044204549,2.075110290837639,5.393706335042188,1.24348575336691,LOW_SCORING_MISS|RUN_DIFF_DIRECTION_MISS|CLOSE_GAME_NOISE
2026-04-23,20260423HHLG0,LG,한화,5.067516182006527,4.843400736115065,4.0,8.0,9.910916918121591,12.0,0.22411544589146182,-4.0,0.5498321031325866,LG,한화,wrong,HIGH_12_PLUS,1.0675161820065266,3.156599263884935,2.0890830818784085,4.224115445891462,HIGH_SCORING_MISS|RUN_DIFF_DIRECTION_MISS
2026-04-23,20260423HTKT0,KT,KIA,5.236184523859215,4.732593735236569,8.0,3.0,9.968778259095785,11.0,0.5035907886226463,5.0,0.5761120400900609,KT,KT,correct,MID_7_11,2.7638154761407847,1.732593735236569,1.0312217409042148,4.496409211377354,BLOWOUT_UNDERPREDICTED
2026-04-23,20260423NCWO0,키움,NC,4.5137946685870345,4.805347268298708,2.0,12.0,9.319141936885742,14.0,-0.29155259971167347,-10.0,0.5007143997476686,키움,NC,wrong,HIGH_12_PLUS,2.5137946685870345,7.194652731701292,4.680858063114258,9.708447400288327,HIGH_SCORING_MISS|BLOWOUT_UNDERPREDICTED
2026-04-23,20260423OBLT0,롯데,두산,4.485817926317499,4.995473528509289,6.0,1.0,9.481291454826788,7.0,-0.5096556021917902,5.0,0.47988061943866783,두산,롯데,wrong,MID_7_11,1.514182073682501,3.9954735285092893,2.4812914548267884,5.50965560219179,RUN_DIFF_DIRECTION_MISS|BLOWOUT_UNDERPREDICTED
2026-04-23,20260423SKSS0,삼성,SSG,5.152681778700206,4.929660931443763,2.0,8.0,10.082342710143969,10.0,0.22302084725644278,-6.0,0.54972852656277,삼성,SSG,wrong,MID_7_11,3.152681778700206,3.070339068556237,0.0823427101439691,6.223020847256443,RUN_DIFF_DIRECTION_MISS|BLOWOUT_UNDERPREDICTED
2026-04-24,20260424KTSK0,SSG,KT,4.8308199065847255,5.159872413902858,5.0,0.0,9.990692320487582,5.0,-0.3290525073181323,5.0,0.4971304716522555,KT,SSG,wrong,LOW_0_6,0.1691800934152745,5.159872413902858,4.990692320487582,5.329052507318132,LOW_SCORING_MISS|RUN_DIFF_DIRECTION_MISS|BLOWOUT_UNDERPREDICTED
2026-04-24,20260424LGOB0,두산,LG,4.5200409363003855,4.7988415425093995,1.0,4.0,9.318882478809785,5.0,-0.27880060620901403,-3.0,0.5019331305573467,두산,LG,wrong,LOW_0_6,3.5200409363003855,0.7988415425093995,4.318882478809785,2.721199393790986,LOW_SCORING_MISS
2026-04-24,20260424LTHT0,KIA,롯데,5.164295100770996,4.537151538827985,4.0,0.0,9.70144663959898,4.0,0.6271435619430115,4.0,0.5876032182733952,KIA,KIA,correct,LOW_0_6,1.164295100770996,4.537151538827985,5.701446639598981,3.3728564380569885,NORMAL
2026-04-24,20260424NCHH0,한화,NC,5.253077715904493,5.155724968695755,3.0,7.0,10.408802684600248,10.0,0.09735274720873832,-4.0,0.5378107350087772,한화,NC,wrong,MID_7_11,2.2530777159044932,1.844275031304245,0.40880268460024816,4.097352747208738,RUN_DIFF_DIRECTION_MISS
2026-04-24,20260424SSWO0,키움,삼성,4.3958275814998276,5.19182408650872,6.0,4.0,9.587651668008547,10.0,-0.7959965050088922,2.0,0.4526457839142138,삼성,키움,wrong,MID_7_11,1.6041724185001724,1.1918240865087197,0.4123483319914527,2.795996505008892,RUN_DIFF_DIRECTION_MISS
2026-04-25,20260425KTSK0,SSG,KT,4.843209568871858,5.054449715637583,3.0,1.0,9.89765928450944,4.0,-0.211240146765725,2.0,0.5083892751183279,SSG,SSG,correct,LOW_0_6,1.843209568871858,4.054449715637583,5.897659284509441,2.211240146765725,RUN_DIFF_DIRECTION_MISS
2026-04-25,20260425LGOB0,두산,LG,4.429427356149467,4.7363571166057525,5.0,7.0,9.16578447275522,12.0,-0.3069297604562857,-2.0,0.4992447670445086,LG,LG,correct,HIGH_12_PLUS,0.5705726438505332,2.2636428833942475,2.8342155272447798,1.6930702395437143,NORMAL
2026-04-25,20260425LTHT0,KIA,롯데,5.108314279904937,4.440072849878559,4.0,3.0,9.548387129783496,7.0,0.6682414300263773,1.0,0.5914051597623518,KIA,KIA,correct,MID_7_11,1.1083142799049366,1.4400728498785593,2.548387129783496,0.33175856997362274,NORMAL
2026-04-25,20260425NCHH0,한화,NC,5.19849823291836,5.18181720029556,8.0,1.0,10.38031543321392,9.0,0.01668103262279974,7.0,0.5301364870866802,한화,한화,correct,MID_7_11,2.80150176708164,4.18181720029556,1.3803154332139194,6.9833189673772,BLOWOUT_UNDERPREDICTED
2026-04-25,20260425SSWO0,키움,삼성,4.493616943933459,5.23904701337186,4.0,2.0,9.73266395730532,6.0,-0.7454300694384015,2.0,0.45743943531173453,삼성,키움,wrong,LOW_0_6,0.4936169439334588,3.2390470133718603,3.73266395730532,2.7454300694384015,LOW_SCORING_MISS|RUN_DIFF_DIRECTION_MISS
2026-04-26,20260426KTSK0,SSG,KT,4.703937652904229,4.852983520520568,2.0,12.0,9.556921173424797,14.0,-0.14904586761633887,-10.0,0.51433019988873,SSG,KT,wrong,HIGH_12_PLUS,2.703937652904229,7.147016479479432,4.443078826575203,9.850954132383661,HIGH_SCORING_MISS|BLOWOUT_UNDERPREDICTED
2026-04-26,20260426LGOB0,두산,LG,4.46374079162475,4.829956205592477,4.0,3.0,9.293696997217229,7.0,-0.36621541396772717,1.0,0.4935790410916659,LG,두산,wrong,MID_7_11,0.46374079162475024,1.8299562055924774,2.2936969972172285,1.3662154139677272,RUN_DIFF_DIRECTION_MISS|CLOSE_GAME_NOISE
2026-04-26,20260426NCHH0,한화,NC,5.291398229921526,5.079107479626896,3.0,5.0,10.370505709548421,8.0,0.2122907502946303,-2.0,0.5487129625515346,한화,NC,wrong,MID_7_11,2.2913982299215263,0.07910747962689602,2.3705057095484214,2.2122907502946303,RUN_DIFF_DIRECTION_MISS
2026-04-26,20260426SSWO0,키움,삼성,4.469912696696266,5.116560181843959,2.0,0.0,9.586472878540224,2.0,-0.6466474851476933,2.0,0.4668259000808474,삼성,키움,wrong,LOW_0_6,2.469912696696266,5.116560181843959,7.586472878540224,2.6466474851476933,LOW_SCORING_MISS|RUN_DIFF_DIRECTION_MISS
2026-04-28,20260428HTNC0,NC,KIA,4.726455701186486,4.92071378748574,5.0,4.0,9.647169488672226,9.0,-0.19425808629925356,1.0,0.510011742191965,NC,NC,correct,MID_7_11,0.2735442988135137,0.9207137874857398,0.6471694886722261,1.1942580862992536,RUN_DIFF_DIRECTION_MISS
2026-04-28,20260428LGKT0,KT,LG,4.821198019150561,4.409848208624623,6.0,5.0,9.231046227775185,11.0,0.41134981052593833,1.0,0.5674783401637169,KT,KT,correct,MID_7_11,1.178801980849439,0.5901517913753773,1.7689537722248154,0.5886501894740617,NORMAL
2026-04-28,20260428SKHH0,한화,SSG,5.053543162611431,5.08371334816661,7.0,6.0,10.137256510778041,13.0,-0.030170185555178364,1.0,0.5256727754779559,한화,한화,correct,HIGH_12_PLUS,1.9464568373885687,0.9162866518333903,2.862743489221959,1.0301701855551784,RUN_DIFF_DIRECTION_MISS
2026-04-28,20260428SSOB0,두산,삼성,4.662621606505942,4.95781765046552,4.0,5.0,9.620439256971462,9.0,-0.295196043959578,-1.0,0.5003661870767516,두산,삼성,wrong,MID_7_11,0.662621606505942,0.04218234953447997,0.6204392569714621,0.704803956040422,CLOSE_GAME_NOISE
2026-04-28,20260428WOLT0,롯데,키움,4.4491356651639835,4.3993668431151445,5.0,4.0,8.848502508279129,9.0,0.049768822048839034,1.0,0.5332860393434865,롯데,롯데,correct,MID_7_11,0.5508643348360165,0.3993668431151445,0.15149749172087112,0.950231177951161,NORMAL
2026-04-29,20260429HTNC0,NC,KIA,4.8465451345025965,4.8228866469861025,4.0,9.0,9.669431781488699,13.0,0.02365848751649402,-5.0,0.5308008635608369,NC,KIA,wrong,HIGH_12_PLUS,0.8465451345025965,4.1771133530138975,3.330568218511301,5.023658487516494,HIGH_SCORING_MISS|RUN_DIFF_DIRECTION_MISS|BLOWOUT_UNDERPREDICTED
2026-04-29,20260429LGKT0,KT,LG,4.964301667173885,4.542683971231327,5.0,4.0,9.506985638405212,9.0,0.42161769594255816,1.0,0.568441538108026,KT,KT,correct,MID_7_11,0.03569833282611512,0.5426839712313267,0.5069856384052116,0.5783823040574418,NORMAL
2026-04-29,20260429SKHH0,한화,SSG,5.136571025248932,5.113598679178206,1.0,6.0,10.250169704427137,7.0,0.02297234607072607,-5.0,0.530735535624028,한화,SSG,wrong,MID_7_11,4.136571025248932,0.8864013208217942,3.2501697044271367,5.022972346070726,RUN_DIFF_DIRECTION_MISS|BLOWOUT_UNDERPREDICTED
2026-04-29,20260429SSOB0,두산,삼성,4.711672436020313,5.017980622969029,4.0,0.0,9.729653058989342,4.0,-0.30630818694871564,4.0,0.4993041722561732,삼성,두산,wrong,LOW_0_6,0.7116724360203133,5.017980622969029,5.729653058989342,4.306308186948716,LOW_SCORING_MISS|RUN_DIFF_DIRECTION_MISS
2026-04-29,20260429WOLT0,롯데,키움,4.429982060748486,4.582082556875038,5.0,6.0,9.012064617623524,11.0,-0.1521004961265522,-1.0,0.514038496347276,롯데,키움,wrong,MID_7_11,0.5700179392515139,1.4179174431249617,1.9879353823764756,0.8478995038734478,CLOSE_GAME_NOISE
2026-04-30,20260430HTNC0,NC,KIA,4.926778002408219,4.997384033954739,7.0,2.0,9.924162036362958,9.0,-0.07060603154651979,5.0,0.5218169553648762,NC,NC,correct,MID_7_11,2.073221997591781,2.997384033954739,0.9241620363629579,5.07060603154652,RUN_DIFF_DIRECTION_MISS|BLOWOUT_UNDERPREDICTED
2026-04-30,20260430LGKT0,KT,LG,5.015033794342897,4.562152496375798,5.0,6.0,9.577186290718695,11.0,0.4528812979670995,-1.0,0.5713710626613409,KT,LG,wrong,MID_7_11,0.015033794342897089,1.4378475036242024,1.4228137092813053,1.4528812979670995,RUN_DIFF_DIRECTION_MISS|CLOSE_GAME_NOISE
2026-04-30,20260430SKHH0,한화,SSG,5.074053560146209,5.185733189638605,3.0,14.0,10.259786749784814,17.0,-0.11167962949239651,-11.0,0.5178976604774487,한화,SSG,wrong,HIGH_12_PLUS,2.0740535601462087,8.814266810361396,6.740213250215186,10.888320370507603,HIGH_SCORING_MISS|BLOWOUT_UNDERPREDICTED
2026-04-30,20260430SSOB0,두산,삼성,4.659405480145514,4.85065048442209,8.0,5.0,9.510055964567604,13.0,-0.19124500427657587,3.0,0.5102995911778229,두산,두산,correct,HIGH_12_PLUS,3.340594519854486,0.1493495155779101,3.489944035432396,3.191245004276576,RUN_DIFF_DIRECTION_MISS
2026-04-30,20260430WOLT0,롯데,키움,4.500036295713644,4.634119498721477,3.0,1.0,9.13415579443512,4.0,-0.13408320300783227,2.0,0.5157589235663894,롯데,롯데,correct,LOW_0_6,1.5000362957136444,3.6341194987214767,5.13415579443512,2.1340832030078323,RUN_DIFF_DIRECTION_MISS
2026-05-01,20260501HHSS0,삼성,한화,5.244285232437309,5.125079133542755,4.0,3.0,10.369364365980065,7.0,0.11920609889455402,1.0,0.5398867029578255,삼성,삼성,correct,MID_7_11,1.244285232437309,2.125079133542755,3.369364365980065,0.880793901105446,NORMAL
2026-05-01,20260501KTHT0,KIA,KT,4.741948193744529,5.243844060194141,3.0,4.0,9.98579225393867,7.0,-0.5018958664496127,-1.0,0.4806210796720453,KT,KT,correct,MID_7_11,1.7419481937445287,1.2438440601941414,2.985792253938669,0.4981041335503873,NORMAL
2026-05-01,20260501LTSK0,SSG,롯데,5.341671396869835,4.342388025609509,7.0,10.0,9.684059422479343,17.0,0.9992833712603257,-3.0,0.6215967882417134,SSG,롯데,wrong,HIGH_12_PLUS,1.6583286031301654,5.657611974390491,7.3159405775206565,3.9992833712603257,HIGH_SCORING_MISS|RUN_DIFF_DIRECTION_MISS
2026-05-01,20260501NCLG0,LG,NC,4.795772038019136,4.623159133219572,5.0,1.0,9.418931171238707,6.0,0.17261290479956415,4.0,0.5449541401636365,LG,LG,correct,LOW_0_6,0.20422796198086424,3.6231591332195716,3.4189311712387074,3.827387095200436,NORMAL
2026-05-01,20260501OBWO0,키움,두산,4.445496253568319,4.720655198530074,6.0,16.0,9.166151452098394,22.0,-0.2751589449617553,-10.0,0.5022811670477001,키움,두산,wrong,HIGH_12_PLUS,1.5545037464316813,11.279344801469925,12.833848547901606,9.724841055038244,HIGH_SCORING_MISS|BLOWOUT_UNDERPREDICTED
2026-05-02,20260502HHSS0,삼성,한화,5.223328371988037,5.095240176851231,3.0,13.0,10.318568548839268,16.0,0.12808819513680625,-10.0,0.5407300699812178,삼성,한화,wrong,HIGH_12_PLUS,2.2233283719880372,7.904759823148769,5.681431451160732,10.128088195136806,HIGH_SCORING_MISS|RUN_DIFF_DIRECTION_MISS|BLOWOUT_UNDERPREDICTED
2026-05-02,20260502KTHT0,KIA,KT,4.734290421546498,5.181911822177881,6.0,0.0,9.916202243724378,6.0,-0.447621400631383,6.0,0.4858023317477715,KT,KIA,wrong,LOW_0_6,1.2657095784535022,5.181911822177881,3.9162022437243778,6.447621400631383,LOW_SCORING_MISS|RUN_DIFF_DIRECTION_MISS|BLOWOUT_UNDERPREDICTED
2026-05-02,20260502LTSK0,SSG,롯데,5.4285542072775606,4.4659853355305446,5.0,7.0,9.894539542808104,12.0,0.962568871747016,-2.0,0.6182898290148793,SSG,롯데,wrong,HIGH_12_PLUS,0.42855420727756055,2.5340146644694554,2.105460457191896,2.962568871747016,HIGH_SCORING_MISS|RUN_DIFF_DIRECTION_MISS
2026-05-02,20260502NCLG0,LG,NC,4.802418984631064,4.560449928923484,13.0,5.0,9.362868913554548,18.0,0.24196905570757998,8.0,0.5515208876556017,LG,LG,correct,HIGH_12_PLUS,8.197581015368936,0.4395500710765159,8.637131086445452,7.75803094429242,BLOWOUT_UNDERPREDICTED
2026-05-02,20260502OBWO0,키움,두산,4.608404218633431,5.083784092432249,4.0,2.0,9.69218831106568,6.0,-0.4753798737988184,2.0,0.48315194819097995,두산,키움,wrong,LOW_0_6,0.6084042186334306,3.083784092432249,3.6921883110656797,2.4753798737988184,LOW_SCORING_MISS|RUN_DIFF_DIRECTION_MISS
2026-05-03,20260503HHSS0,삼성,한화,5.216791795929439,5.311501948479296,7.0,6.0,10.528293744408735,13.0,-0.09471015254985637,1.0,0.5195172041279659,삼성,삼성,correct,HIGH_12_PLUS,1.7832082040705606,0.6884980515207042,2.471706255591265,1.0947101525498564,RUN_DIFF_DIRECTION_MISS
2026-05-03,20260503KTHT0,KIA,KT,4.754315774031052,5.046650735259704,4.0,6.0,9.800966509290756,10.0,-0.29233496122865255,-2.0,0.5006396276353334,KIA,KT,wrong,MID_7_11,0.7543157740310518,0.9533492647402957,0.19903349070924392,1.7076650387713475,NORMAL
2026-05-03,20260503LTSK0,SSG,롯데,5.385335261400624,4.511754784963998,2.0,5.0,9.897090046364621,7.0,0.8735804764366266,-3.0,0.6102293415446792,SSG,롯데,wrong,MID_7_11,3.3853352614006242,0.4882452150360024,2.897090046364621,3.8735804764366266,RUN_DIFF_DIRECTION_MISS
2026-05-03,20260503NCLG0,LG,NC,5.071122535150858,4.649384111794068,3.0,10.0,9.720506646944926,13.0,0.42173842335679,-7.0,0.5684528601022114,LG,NC,wrong,HIGH_12_PLUS,2.0711225351508578,5.350615888205932,3.2794933530550736,7.42173842335679,HIGH_SCORING_MISS|RUN_DIFF_DIRECTION_MISS|BLOWOUT_UNDERPREDICTED
2026-05-03,20260503OBWO0,키움,두산,4.621104952466463,5.0526243287831685,3.0,14.0,9.673729281249631,17.0,-0.43151937631670556,-11.0,0.48734013126326053,두산,두산,correct,HIGH_12_PLUS,1.621104952466463,8.947375671216832,7.326270718750369,10.568480623683294,BLOWOUT_UNDERPREDICTED
2026-05-05,20260505HHHT0,KIA,한화,5.188735734403856,5.249975896371745,12.0,7.0,10.4387116307756,19.0,-0.06124016196788862,5.0,0.5227103000042311,KIA,KIA,correct,HIGH_12_PLUS,6.811264265596144,1.7500241036282551,8.5612883692244,5.061240161967889,RUN_DIFF_DIRECTION_MISS|BLOWOUT_UNDERPREDICTED
2026-05-05,20260505LTKT0,KT,롯데,5.13036614054767,4.390523944135025,5.0,4.0,9.520890084682694,9.0,0.7398421964126447,1.0,0.5980026132372803,KT,KT,correct,MID_7_11,0.13036614054766993,0.3905239441350252,0.5208900846826943,0.2601578035873553,NORMAL
2026-05-05,20260505OBLG0,LG,두산,4.941878020811154,4.875734150964421,2.0,1.0,9.817612171775576,3.0,0.0661438698467327,1.0,0.5348437781456968,LG,LG,correct,LOW_0_6,2.9418780208111537,3.875734150964421,6.8176121717755755,0.9338561301532673,NORMAL
2026-05-05,20260505WOSS0,삼성,키움,5.293758431037244,4.751335146652803,11.0,1.0,10.045093577690047,12.0,0.5424232843844408,10.0,0.5797332015812843,삼성,삼성,correct,HIGH_12_PLUS,5.706241568962756,3.751335146652803,1.9549064223099535,9.45757671561556,BLOWOUT_UNDERPREDICTED
2026-05-06,20260506HHHT0,KIA,한화,5.437764569428245,5.392109067108671,2.0,7.0,10.829873636536917,9.0,0.04565550231957349,-5.0,0.5328946409163526,KIA,한화,wrong,MID_7_11,3.4377645694282446,1.607890932891329,1.8298736365369166,5.0456555023195735,RUN_DIFF_DIRECTION_MISS|BLOWOUT_UNDERPREDICTED
2026-05-06,20260506LTKT0,KT,롯데,5.15259432730343,4.384258706428717,1.0,8.0,9.536853033732147,9.0,0.768335620874713,-7.0,0.6006183633820357,KT,롯데,wrong,MID_7_11,4.15259432730343,3.6157412935712827,0.5368530337321467,7.768335620874713,RUN_DIFF_DIRECTION_MISS|BLOWOUT_UNDERPREDICTED
2026-05-06,20260506NCSK0,SSG,NC,5.177554024466546,4.858507352512944,7.0,6.0,10.03606137697949,13.0,0.31904667195360226,1.0,0.5587976004886575,SSG,SSG,correct,HIGH_12_PLUS,1.822445975533454,1.1414926474870564,2.9639386230205105,0.6809533280463977,NORMAL
2026-05-06,20260506OBLG0,LG,두산,4.837317519639189,4.747925296651056,6.0,1.0,9.585242816290245,7.0,0.08939222298813299,5.0,0.5370541920606365,LG,LG,correct,MID_7_11,1.162682480360811,3.747925296651056,2.585242816290245,4.910607777011867,BLOWOUT_UNDERPREDICTED
2026-05-06,20260506WOSS0,삼성,키움,5.419751418889312,4.669748218608999,2.0,1.0,10.08949963749831,3.0,0.7500032002803136,1.0,0.5989360610493326,삼성,삼성,correct,LOW_0_6,3.4197514188893123,3.6697482186089987,7.08949963749831,0.24999679971968636,NORMAL
2026-05-07,20260507HHHT0,KIA,한화,5.30414214140458,5.297212359400446,8.0,11.0,10.601354500805027,19.0,0.006929782004133855,-3.0,0.5292078180120339,KIA,한화,wrong,HIGH_12_PLUS,2.69585785859542,5.702787640599554,8.398645499194973,3.006929782004134,HIGH_SCORING_MISS|RUN_DIFF_DIRECTION_MISS
2026-05-07,20260507NCSK0,SSG,NC,5.351903398785121,5.021967003469222,5.0,10.0,10.373870402254344,15.0,0.32993639531589825,-5.0,0.5598237137124564,SSG,NC,wrong,HIGH_12_PLUS,0.35190339878512056,4.978032996530778,4.626129597745656,5.329936395315898,HIGH_SCORING_MISS|RUN_DIFF_DIRECTION_MISS|BLOWOUT_UNDERPREDICTED
2026-05-07,20260507OBLG0,LG,두산,4.860344499745235,4.730137192727472,2.0,3.0,9.590481692472707,5.0,0.13020730701776273,-1.0,0.540931248230222,LG,두산,wrong,LOW_0_6,2.860344499745235,1.7301371927274722,4.590481692472707,1.1302073070177627,LOW_SCORING_MISS|RUN_DIFF_DIRECTION_MISS|CLOSE_GAME_NOISE
2026-05-07,20260507WOSS0,삼성,키움,5.266257256352592,4.578049266459172,6.0,0.0,9.844306522811763,6.0,0.6882079898934199,6.0,0.5932483458449219,삼성,삼성,correct,LOW_0_6,0.733742743647408,4.578049266459172,3.844306522811763,5.31179201010658,BLOWOUT_UNDERPREDICTED
2026-05-08,20260508HTLT0,롯데,KIA,4.813439281257013,4.918412680833116,2.0,8.0,9.73185196209013,10.0,-0.10497339957610308,-6.0,0.5185377407171529,롯데,KIA,wrong,MID_7_11,2.813439281257013,3.081587319166884,0.26814803790987085,5.895026600423897,BLOWOUT_UNDERPREDICTED
2026-05-08,20260508KTWO0,키움,KT,4.398171117393243,5.595668060240139,0.0,8.0,9.993839177633383,8.0,-1.1974969428468958,-8.0,0.41496539257155435,KT,KT,correct,MID_7_11,4.398171117393243,2.404331939759861,1.993839177633383,6.802503057153104,NORMAL
2026-05-08,20260508LGHH0,한화,LG,5.232629172512125,5.16898436991464,8.0,9.0,10.401613542426766,17.0,0.0636448025974845,-1.0,0.5346060880378225,한화,LG,wrong,HIGH_12_PLUS,2.767370827487875,3.8310156300853597,6.598386457573234,1.0636448025974845,HIGH_SCORING_MISS|RUN_DIFF_DIRECTION_MISS|CLOSE_GAME_NOISE
2026-05-08,20260508SKOB0,두산,SSG,5.007368350597899,5.293338306665062,1.0,4.0,10.30070665726296,5.0,-0.2859699560671629,-3.0,0.5012479448770033,두산,SSG,wrong,LOW_0_6,4.007368350597899,1.2933383066650617,5.30070665726296,2.714030043932837,LOW_SCORING_MISS
2026-05-08,20260508SSNC0,NC,삼성,5.01405306629523,4.99440519076371,3.0,4.0,10.00845825705894,7.0,0.019647875531520143,-1.0,0.5304189959228656,NC,삼성,wrong,MID_7_11,2.0140530662952303,0.9944051907637101,3.0084582570589404,1.0196478755315201,RUN_DIFF_DIRECTION_MISS|CLOSE_GAME_NOISE
2026-05-09,20260509HTLT0,롯데,KIA,4.697770028231251,5.184256082569279,1.0,3.0,9.882026110800531,4.0,-0.4864860543380276,-2.0,0.4820917853256822,KIA,KIA,correct,LOW_0_6,3.6977700282312513,2.184256082569279,5.882026110800531,1.5135139456619724,NORMAL
2026-05-09,20260509LGHH0,한화,LG,5.42372145156693,5.374676719179104,11.0,3.0,10.798398170746033,14.0,0.04904473238782625,8.0,0.5332171423437776,한화,한화,correct,HIGH_12_PLUS,5.57627854843307,2.374676719179104,3.201601829253967,7.950955267612174,BLOWOUT_UNDERPREDICTED
2026-05-09,20260509SKOB0,두산,SSG,4.994704249386548,5.2665051735517086,9.0,4.0,10.261209422938258,13.0,-0.2718009241651602,5.0,0.5026020938411202,두산,두산,correct,HIGH_12_PLUS,4.005295750613452,1.2665051735517086,2.7387905770617422,5.27180092416516,RUN_DIFF_DIRECTION_MISS|BLOWOUT_UNDERPREDICTED
2026-05-09,20260509SSNC0,NC,삼성,4.959674101823683,4.881259184501877,4.0,5.0,9.84093328632556,9.0,0.0784149173218065,-1.0,0.5360106645999766,NC,삼성,wrong,MID_7_11,0.9596741018236834,0.1187408154981231,0.8409332863255603,1.0784149173218065,RUN_DIFF_DIRECTION_MISS|CLOSE_GAME_NOISE
2026-05-10,20260510HTLT0,롯데,KIA,4.623449224518824,5.113414141378871,7.0,3.0,9.736863365897694,10.0,-0.48996491686004706,4.0,0.4817597361945867,KIA,롯데,wrong,MID_7_11,2.376550775481176,2.113414141378871,0.26313663410230603,4.489964916860047,RUN_DIFF_DIRECTION_MISS
2026-05-10,20260510KTWO0,키움,KT,4.497210009584699,5.53817153978752,5.0,1.0,10.035381549372218,6.0,-1.0409615302028206,4.0,0.4295630902882121,KT,키움,wrong,LOW_0_6,0.5027899904153008,4.53817153978752,4.035381549372218,5.040961530202821,LOW_SCORING_MISS|RUN_DIFF_DIRECTION_MISS
2026-05-10,20260510LGHH0,한화,LG,5.533248745380846,5.313252179333891,9.0,3.0,10.846500924714737,12.0,0.21999656604695517,6.0,0.5494423310908799,한화,한화,correct,HIGH_12_PLUS,3.4667512546191537,2.313252179333891,1.1534990752852625,5.780003433953045,BLOWOUT_UNDERPREDICTED
2026-05-10,20260510SKOB0,두산,SSG,5.0926258502101955,5.262388212438409,3.0,1.0,10.355014062648603,4.0,-0.16976236222821317,2.0,0.51235168476185,두산,두산,correct,LOW_0_6,2.0926258502101955,4.262388212438409,6.355014062648603,2.169762362228213,RUN_DIFF_DIRECTION_MISS
2026-05-10,20260510SSNC0,NC,삼성,4.938918547281079,4.917935737307755,1.0,11.0,9.856854284588835,12.0,0.020982809973324024,-10.0,0.5305461047566554,NC,삼성,wrong,HIGH_12_PLUS,3.9389185472810793,6.082064262692245,2.1431457154111655,10.020982809973324,HIGH_SCORING_MISS|RUN_DIFF_DIRECTION_MISS|BLOWOUT_UNDERPREDICTED
2026-05-12,20260512HHWO0,키움,한화,4.923985426445039,5.927271188020692,5.0,11.0,10.851256614465731,16.0,-1.0032857615756523,-6.0,0.43309592207355907,한화,한화,correct,HIGH_12_PLUS,0.07601457355496066,5.072728811979308,5.148743385534269,4.996714238424348,NORMAL
2026-05-12,20260512NCLT0,롯데,NC,4.778693962090052,5.020724385409949,1.0,8.0,9.799418347500001,9.0,-0.2420304233198971,-7.0,0.5054471431430109,롯데,NC,wrong,MID_7_11,3.7786939620900517,2.979275614590051,0.7994183475000014,6.757969576680103,BLOWOUT_UNDERPREDICTED
2026-05-12,20260512OBHT0,KIA,두산,5.023267828397299,4.888603694501219,1.0,5.0,9.911871522898519,6.0,0.1346641338960799,-4.0,0.5413543142393159,KIA,두산,wrong,LOW_0_6,4.023267828397299,0.11139630549878099,3.911871522898519,4.13466413389608,LOW_SCORING_MISS|RUN_DIFF_DIRECTION_MISS
2026-05-12,20260512SKKT0,KT,SSG,5.162495509621435,4.954250317158099,1.0,5.0,10.116745826779534,6.0,0.20824519246333573,-4.0,0.5483299596318731,KT,SSG,wrong,LOW_0_6,4.162495509621435,0.04574968284190106,4.116745826779534,4.208245192463336,LOW_SCORING_MISS|RUN_DIFF_DIRECTION_MISS
2026-05-12,20260512SSLG0,LG,삼성,4.852876488102096,4.859378258756456,1.0,9.0,9.712254746858552,10.0,-0.006501770654359973,-8.0,0.5279283222416037,LG,삼성,wrong,MID_7_11,3.852876488102096,4.140621741243544,0.2877452531414484,7.99349822934564,BLOWOUT_UNDERPREDICTED
2026-05-13,20260513HHWO0,키움,한화,4.9485058790689225,6.070134585741457,3.0,2.0,11.018640464810378,5.0,-1.1216287066725341,1.0,0.4220235004766484,한화,키움,wrong,LOW_0_6,1.9485058790689225,4.070134585741457,6.018640464810378,2.121628706672534,LOW_SCORING_MISS|RUN_DIFF_DIRECTION_MISS|CLOSE_GAME_NOISE
2026-05-13,20260513NCLT0,롯데,NC,4.725767202880768,5.082356288902966,10.0,5.0,9.808123491783734,15.0,-0.35658908602219874,5.0,0.4944989223365057,NC,롯데,wrong,HIGH_12_PLUS,5.274232797119232,0.08235628890296631,5.191876508216266,5.356589086022199,HIGH_SCORING_MISS|RUN_DIFF_DIRECTION_MISS|BLOWOUT_UNDERPREDICTED
2026-05-13,20260513OBHT0,KIA,두산,4.905879583366071,4.882962809735912,9.0,2.0,9.788842393101984,11.0,0.022916773630158538,7.0,0.5307302444926321,KIA,KIA,correct,MID_7_11,4.094120416633929,2.882962809735912,1.2111576068980163,6.9770832263698415,BLOWOUT_UNDERPREDICTED
2026-05-13,20260513SKKT0,KT,SSG,5.1671831224149765,4.989100891886238,18.0,4.0,10.156284014301214,22.0,0.17808223052873817,14.0,0.5454725830186831,KT,KT,correct,HIGH_12_PLUS,12.832816877585024,0.9891008918862383,11.843715985698786,13.821917769471263,BLOWOUT_UNDERPREDICTED
2026-05-13,20260513SSLG0,LG,삼성,4.7749032696738,4.9751613522182385,5.0,3.0,9.750064621892038,8.0,-0.20025808254443866,2.0,0.5094385245247544,LG,LG,correct,MID_7_11,0.22509673032620015,1.9751613522182385,1.7500646218920384,2.2002580825444387,RUN_DIFF_DIRECTION_MISS
2026-05-14,20260514HHWO0,키움,한화,4.956515587764312,5.950317588724865,1.0,10.0,10.906833176489178,11.0,-0.993802000960553,-9.0,0.4339862953114882,한화,한화,correct,MID_7_11,3.9565155877643123,4.049682411275135,0.09316682351082228,8.006197999039447,BLOWOUT_UNDERPREDICTED
2026-05-14,20260514NCLT0,롯데,NC,4.966424768597093,5.207340073310358,4.0,5.0,10.17376484190745,9.0,-0.2409153047132655,-1.0,0.5055537049230749,롯데,NC,wrong,MID_7_11,0.9664247685970926,0.2073400733103581,1.1737648419074507,0.7590846952867345,CLOSE_GAME_NOISE
2026-05-14,20260514OBHT0,KIA,두산,4.915615311183321,4.832647322644295,5.0,3.0,9.748262633827615,8.0,0.08296798853902576,2.0,0.5364435286318402,KIA,KIA,correct,MID_7_11,0.08438468881667927,1.832647322644295,1.7482626338276148,1.9170320114609742,NORMAL
2026-05-14,20260514SKKT0,KT,SSG,5.516507162613963,5.017139391247653,10.0,16.0,10.533646553861615,26.0,0.49936777136630983,-6.0,0.575717739778418,KT,SSG,wrong,HIGH_12_PLUS,4.483492837386037,10.982860608752347,15.466353446138385,6.49936777136631,HIGH_SCORING_MISS|RUN_DIFF_DIRECTION_MISS|BLOWOUT_UNDERPREDICTED
2026-05-14,20260514SSLG0,LG,삼성,4.812606944923682,5.001157137006305,5.0,9.0,9.813764081929987,14.0,-0.1885501920826229,-4.0,0.5105570290886458,LG,삼성,wrong,HIGH_12_PLUS,0.18739305507631787,3.998842862993695,4.186235918070013,3.811449807917377,HIGH_SCORING_MISS
2026-05-15,20260515HHKT0,KT,한화,5.621532032082579,5.343203822926399,3.0,5.0,10.964735855008978,8.0,0.2783282091561796,-2.0,0.5549564119264323,KT,한화,wrong,MID_7_11,2.6215320320825786,0.34320382292639895,2.9647358550089784,2.2783282091561796,RUN_DIFF_DIRECTION_MISS
2026-05-15,20260515HTSS0,삼성,KIA,5.062662428969706,4.718365157429962,4.0,5.0,9.781027586399668,9.0,0.34429727153974454,-1.0,0.56117612294264,삼성,KIA,wrong,MID_7_11,1.0626624289697064,0.2816348425700381,0.7810275863996683,1.3442972715397445,RUN_DIFF_DIRECTION_MISS|CLOSE_GAME_NOISE
2026-05-15,20260515LGSK0,SSG,LG,5.543397175506505,5.275406584031967,7.0,8.0,10.818803759538472,15.0,0.26799059147453796,-1.0,0.5539801449160756,SSG,LG,wrong,HIGH_12_PLUS,1.456602824493495,2.724593415968033,4.181196240461528,1.267990591474538,HIGH_SCORING_MISS|RUN_DIFF_DIRECTION_MISS|CLOSE_GAME_NOISE
2026-05-15,20260515LTOB0,두산,롯데,4.87515397527035,4.598887211217206,5.0,6.0,9.474041186487556,11.0,0.276266764053144,-1.0,0.5547617661695687,두산,롯데,wrong,MID_7_11,0.12484602472965012,1.401112788782794,1.5259588135124442,1.276266764053144,RUN_DIFF_DIRECTION_MISS|CLOSE_GAME_NOISE
2026-05-15,20260515WONC0,NC,키움,5.523243963089937,4.808710393196533,1.0,4.0,10.33195435628647,5.0,0.7145335698934039,-3.0,0.595674541018715,NC,키움,wrong,LOW_0_6,4.523243963089937,0.8087103931965327,5.33195435628647,3.714533569893404,LOW_SCORING_MISS|RUN_DIFF_DIRECTION_MISS
2026-05-16,20260516HHKT0,KT,한화,5.642409168361063,5.318577294971823,5.0,10.0,10.960986463332887,15.0,0.32383187338923936,-5.0,0.5592485612439124,KT,한화,wrong,HIGH_12_PLUS,0.6424091683610627,4.681422705028177,4.039013536667113,5.323831873389239,HIGH_SCORING_MISS|RUN_DIFF_DIRECTION_MISS|BLOWOUT_UNDERPREDICTED
2026-05-16,20260516HTSS0,삼성,KIA,5.005746803670205,4.714295890989798,5.0,2.0,9.720042694660004,7.0,0.291450912680407,3.0,0.5561950860599856,삼성,삼성,correct,MID_7_11,0.005746803670205303,2.7142958909897983,2.7200426946600036,2.708549087319593,NORMAL
2026-05-16,20260516LGSK0,SSG,LG,5.54549125392166,5.310203795963824,4.0,3.0,10.855695049885483,7.0,0.23528745795783568,1.0,0.550889007973241,SSG,SSG,correct,MID_7_11,1.5454912539216599,2.310203795963824,3.855695049885483,0.7647125420421643,NORMAL
2026-05-16,20260516LTOB0,두산,롯데,4.87218279750056,4.6349000216661755,10.0,9.0,9.507082819166737,19.0,0.23728277583438473,1.0,0.5510777227744856,두산,두산,correct,HIGH_12_PLUS,5.12781720249944,4.3650999783338245,9.492917180833263,0.7627172241656153,NORMAL
2026-05-16,20260516WONC0,NC,키움,5.350028273248366,4.699677373853696,9.0,2.0,10.049705647102062,11.0,0.6503508993946703,7.0,0.5897514318411616,NC,NC,correct,MID_7_11,3.649971726751634,2.699677373853696,0.950294352897938,6.34964910060533,BLOWOUT_UNDERPREDICTED
2026-05-17,20260517HHKT0,KT,한화,5.540524028657331,5.42186775829898,8.0,7.0,10.96239178695631,15.0,0.11865627035835136,1.0,0.5398344884379195,KT,KT,correct,HIGH_12_PLUS,2.459475971342669,1.5781322417010202,4.03760821304369,0.8813437296416486,NORMAL
2026-05-17,20260517HTSS0,삼성,KIA,4.969762499217158,4.636047634953377,7.0,16.0,9.605810134170534,23.0,0.33371486426378105,-9.0,0.5601796310512946,삼성,KIA,wrong,HIGH_12_PLUS,2.0302375007828424,11.363952365046623,13.394189865829466,9.333714864263781,HIGH_SCORING_MISS|RUN_DIFF_DIRECTION_MISS|BLOWOUT_UNDERPREDICTED
2026-05-17,20260517LGSK0,SSG,LG,5.541126774759131,5.271004932228113,4.0,6.0,10.812131706987245,10.0,0.2701218425310179,-2.0,0.5541814509707355,SSG,LG,wrong,MID_7_11,1.5411267747591308,0.728995067771887,0.8121317069872447,2.270121842531018,RUN_DIFF_DIRECTION_MISS
2026-05-17,20260517LTOB0,두산,롯데,5.099428329327943,4.807404764042142,8.0,4.0,9.906833093370086,12.0,0.29202356528580165,4.0,0.5562491239158617,두산,두산,correct,HIGH_12_PLUS,2.900571670672057,0.8074047640421416,2.0931669066299143,3.7079764347141984,NORMAL
2026-05-17,20260517WONC0,NC,키움,5.316043664652898,4.638388160747296,2.0,3.0,9.954431825400194,5.0,0.6776555039056014,-1.0,0.5922745309392509,NC,키움,wrong,LOW_0_6,3.3160436646528977,1.6383881607472963,4.954431825400194,1.6776555039056014,LOW_SCORING_MISS|RUN_DIFF_DIRECTION_MISS|CLOSE_GAME_NOISE
2026-05-19,20260519KTSS0,삼성,KT,5.1053504059590535,5.234287329542579,10.0,2.0,10.339637735501633,12.0,-0.1289369235835256,8.0,0.5162502624035795,삼성,삼성,correct,HIGH_12_PLUS,4.8946495940409465,3.234287329542579,1.6603622644983673,8.128936923583526,RUN_DIFF_DIRECTION_MISS|BLOWOUT_UNDERPREDICTED
2026-05-19,20260519LGHT0,KIA,LG,5.154728002451611,4.971311592964221,14.0,0.0,10.126039595415833,14.0,0.18341640948739002,14.0,0.5459781202337681,KIA,KIA,correct,HIGH_12_PLUS,8.845271997548389,4.971311592964221,3.8739604045841673,13.81658359051261,BLOWOUT_UNDERPREDICTED
2026-05-19,20260519LTHH0,한화,롯데,5.629974579420322,4.987910715304294,4.0,6.0,10.617885294724616,10.0,0.6420638641160279,-2.0,0.5889847214241354,한화,롯데,wrong,MID_7_11,1.6299745794203222,1.0120892846957057,0.6178852947246156,2.642063864116028,RUN_DIFF_DIRECTION_MISS
2026-05-19,20260519NCOB0,두산,NC,5.038815990735183,4.861649615767272,9.0,3.0,9.900465606502454,12.0,0.17716637496791154,6.0,0.5453857749955466,두산,두산,correct,HIGH_12_PLUS,3.9611840092648167,1.8616496157672717,2.099534393497546,5.8228336250320885,BLOWOUT_UNDERPREDICTED
2026-05-19,20260519SKWO0,키움,SSG,4.6992538312513625,5.565344286513159,7.0,6.0,10.264598117764521,13.0,-0.8660904552617961,1.0,0.4460156277809387,SSG,키움,wrong,HIGH_12_PLUS,2.3007461687486375,0.4346557134868414,2.735401882235479,1.866090455261796,HIGH_SCORING_MISS|RUN_DIFF_DIRECTION_MISS|CLOSE_GAME_NOISE
2026-05-20,20260520SKWO0,키움,SSG,4.779436219933522,5.582031280850862,6.0,5.0,10.361467500784384,11.0,-0.8025950609173407,1.0,0.45202087502761085,SSG,키움,wrong,MID_7_11,1.2205637800664784,0.5820312808508623,0.6385324992156161,1.8025950609173407,RUN_DIFF_DIRECTION_MISS|CLOSE_GAME_NOISE
2026-05-21,20260521KTSS0,삼성,KT,5.31507427813185,5.274975146055501,8.0,5.0,10.590049424187352,13.0,0.04009913207634863,3.0,0.5323658663950213,삼성,삼성,correct,HIGH_12_PLUS,2.68492572186815,0.27497514605550144,2.4099505758126476,2.9599008679236514,NORMAL
2026-05-21,20260521LGHT0,KIA,LG,5.353854651505978,4.870752610614275,3.0,5.0,10.224607262120253,8.0,0.48310204089170306,-2.0,0.5741981227824874,KIA,LG,wrong,MID_7_11,2.353854651505978,0.1292473893857249,2.2246072621202533,2.483102040891703,RUN_DIFF_DIRECTION_MISS
2026-05-21,20260521LTHH0,한화,롯데,5.6249945272285915,4.965818890372784,2.0,8.0,10.590813417601375,10.0,0.6591756368558075,-6.0,0.5905674107615696,한화,롯데,wrong,MID_7_11,3.6249945272285915,3.034181109627216,0.5908134176013746,6.6591756368558075,RUN_DIFF_DIRECTION_MISS|BLOWOUT_UNDERPREDICTED
2026-05-21,20260521NCOB0,두산,NC,5.112715055156055,4.858093798073088,1.0,0.0,9.970808853229144,1.0,0.25462125708296757,1.0,0.552716951002667,두산,두산,correct,LOW_0_6,4.112715055156055,4.858093798073088,8.970808853229144,0.7453787429170324,NORMAL
2026-05-21,20260521SKWO0,키움,SSG,4.885498675503269,5.621575884756071,6.0,0.0,10.50707456025934,6.0,-0.7360772092528016,6.0,0.45832696902291314,SSG,키움,wrong,LOW_0_6,1.1145013244967306,5.621575884756071,4.5070745602593405,6.736077209252802,LOW_SCORING_MISS|RUN_DIFF_DIRECTION_MISS|BLOWOUT_UNDERPREDICTED
2026-05-22,20260522NCKT0,KT,NC,5.523460580806606,5.067431697369325,7.0,4.0,10.590892278175932,11.0,0.45602888343728143,3.0,0.5716657305904447,KT,KT,correct,MID_7_11,1.4765394191933936,1.067431697369325,0.40910772182406774,2.5439711165627186,NORMAL
2026-05-22,20260522OBHH0,한화,두산,5.343304455040653,5.074514582118255,5.0,3.0,10.417819037158907,8.0,0.2687898729223983,2.0,0.5540556426499162,한화,한화,correct,MID_7_11,0.343304455040653,2.0745145821182547,2.417819037158907,1.7312101270776017,NORMAL
2026-05-22,20260522SKHT0,KIA,SSG,5.478473515717046,5.122629611994491,5.0,2.0,10.601103127711538,7.0,0.3558439037225547,3.0,0.5622628481913489,KIA,KIA,correct,MID_7_11,0.4784735157170461,3.1226296119944914,3.6011031277115375,2.6441560962774453,NORMAL
2026-05-22,20260522SSLT0,롯데,삼성,4.788754878726531,5.325913476302533,5.0,7.0,10.114668355029064,12.0,-0.5371585975760027,-2.0,0.4772569244754781,삼성,삼성,correct,HIGH_12_PLUS,0.2112451212734694,1.6740865236974667,1.885331644970936,1.4628414024239973,NORMAL
2026-05-22,20260522WOLG0,LG,키움,5.2074238021092505,4.747622818082759,0.0,7.0,9.95504662019201,7.0,0.45980098402649183,-7.0,0.5720187968764052,LG,키움,wrong,MID_7_11,5.2074238021092505,2.2523771819172413,2.955046620192009,7.459800984026492,RUN_DIFF_DIRECTION_MISS|BLOWOUT_UNDERPREDICTED
2026-05-23,20260523NCKT0,KT,NC,5.536636760035396,5.10457265164626,10.0,5.0,10.641209411681656,15.0,0.43206410838913634,5.0,0.5694209521014254,KT,KT,correct,HIGH_12_PLUS,4.463363239964604,0.10457265164625973,4.358790588318344,4.567935891610864,BLOWOUT_UNDERPREDICTED
2026-05-23,20260523OBHH0,한화,두산,5.310807609140471,4.9959970339158035,5.0,2.0,10.306804643056275,7.0,0.3148105752246675,3.0,0.5583983067644156,한화,한화,correct,MID_7_11,0.310807609140471,2.9959970339158035,3.3068046430562745,2.6851894247753325,NORMAL
2026-05-23,20260523SKHT0,KIA,SSG,5.444455881312206,5.1166590792188025,5.0,4.0,10.561114960531008,9.0,0.32779680209340345,1.0,0.559622144902442,KIA,KIA,correct,MID_7_11,0.4444558813122059,1.1166590792188025,1.5611149605310075,0.6722031979065966,NORMAL
2026-05-23,20260523SSLT0,롯데,삼성,4.85873635768598,5.3869711739603225,7.0,5.0,10.245707531646303,12.0,-0.5282348162743427,2.0,0.4781080932424975,삼성,롯데,wrong,HIGH_12_PLUS,2.14126364231402,0.38697117396032255,1.7542924683536967,2.5282348162743427,HIGH_SCORING_MISS|RUN_DIFF_DIRECTION_MISS
2026-05-23,20260523WOLG0,LG,키움,5.095573040474123,4.72474018317466,5.0,2.0,9.820313223648782,7.0,0.3708328572994626,3.0,0.5636726594137791,LG,LG,correct,MID_7_11,0.09557304047412263,2.72474018317466,2.820313223648782,2.6291671427005374,NORMAL
2026-05-24,20260524NCKT0,KT,NC,5.637812321592595,5.1785454610941,5.0,8.0,10.816357782686694,13.0,0.4592668604984942,-3.0,0.5719688076924125,KT,NC,wrong,HIGH_12_PLUS,0.6378123215925946,2.8214545389058996,2.183642217313306,3.459266860498494,HIGH_SCORING_MISS|RUN_DIFF_DIRECTION_MISS
2026-05-24,20260524OBHH0,한화,두산,5.359298771754306,4.964535350839225,5.0,2.0,10.323834122593532,7.0,0.39476342091508076,3.0,0.5659213481822963,한화,한화,correct,MID_7_11,0.3592987717543057,2.964535350839225,3.3238341225935315,2.6052365790849192,NORMAL
2026-05-24,20260524SKHT0,KIA,SSG,5.3933205887194,5.096373754985731,3.0,2.0,10.48969434370513,5.0,0.2969468337336689,1.0,0.5567136487479643,KIA,KIA,correct,LOW_0_6,2.3933205887193996,3.0963737549857306,5.48969434370513,0.7030531662663311,NORMAL
2026-05-24,20260524SSLT0,롯데,삼성,4.896269076953176,5.4432583773940655,0.0,10.0,10.339527454347241,10.0,-0.5469893004408899,-10.0,0.47631940472679674,삼성,삼성,correct,MID_7_11,4.896269076953176,4.5567416226059345,0.3395274543472411,9.45301069955911,BLOWOUT_UNDERPREDICTED
2026-05-24,20260524WOLG0,LG,키움,4.999270962390055,4.62199806092099,6.0,4.0,9.621269023311044,10.0,0.3772729014690652,2.0,0.5642780740378418,LG,LG,correct,MID_7_11,1.0007290376099451,0.6219980609209896,0.3787309766889564,1.6227270985309348,NORMAL
2026-05-26,20260526HTWO0,키움,KIA,4.427807778065317,5.012929032920072,2.0,5.0,9.440736810985388,7.0,-0.5851212548547551,-3.0,0.47268453209518246,KIA,KIA,correct,MID_7_11,2.4278077780653167,0.012929032920071748,2.4407368109853884,2.414878745145245,NORMAL
2026-05-26,20260526KTOB0,두산,KT,5.173928272639436,5.539149507161924,0.0,6.0,10.71307777980136,6.0,-0.36522123452248767,-6.0,0.49367404187222663,KT,KT,correct,LOW_0_6,5.173928272639436,0.4608504928380759,4.71307777980136,5.634778765477512,BLOWOUT_UNDERPREDICTED
2026-05-26,20260526LGLT0,롯데,LG,4.936336653108483,5.136770922761098,1.0,2.0,10.073107575869582,3.0,-0.20043426965261535,-1.0,0.5094216918712121,롯데,LG,wrong,LOW_0_6,3.9363366531084827,3.136770922761098,7.073107575869582,0.7995657303473847,LOW_SCORING_MISS|CLOSE_GAME_NOISE
2026-05-27,20260527HHNC0,NC,한화,5.016843262897633,5.285538554661697,6.0,4.0,10.30238181755933,10.0,-0.2686952917640637,2.0,0.502898897917037,NC,NC,correct,MID_7_11,0.9831567371023668,1.2855385546616969,0.30238181755932914,2.2686952917640637,RUN_DIFF_DIRECTION_MISS
2026-05-27,20260527HTWO0,키움,KIA,4.450838813324204,5.025959738326212,2.0,9.0,9.476798551650415,11.0,-0.5751209250020084,-7.0,0.47363753453079943,KIA,KIA,correct,MID_7_11,2.4508388133242036,3.974040261673788,1.5232014483495853,6.424879074997992,BLOWOUT_UNDERPREDICTED
2026-05-27,20260527KTOB0,두산,KT,5.067670784623209,5.4787653890709045,5.0,0.0,10.546436173694113,5.0,-0.41109460444769574,5.0,0.48929110937091075,KT,두산,wrong,LOW_0_6,0.06767078462320875,5.4787653890709045,5.546436173694113,5.411094604447696,LOW_SCORING_MISS|RUN_DIFF_DIRECTION_MISS|BLOWOUT_UNDERPREDICTED
2026-05-27,20260527LGLT0,롯데,LG,4.87168535379092,5.04740379689994,6.0,8.0,9.91908915069086,14.0,-0.17571844310901952,-2.0,0.5117827788220658,롯데,LG,wrong,HIGH_12_PLUS,1.1283146462090796,2.95259620310006,4.08091084930914,1.8242815568909805,HIGH_SCORING_MISS
2026-05-27,20260527SSSK0,SSG,삼성,5.031669131093811,5.344960653235927,1.0,4.0,10.376629784329738,5.0,-0.31329152214211575,-3.0,0.49863676035111815,삼성,삼성,correct,LOW_0_6,4.031669131093811,1.344960653235927,5.376629784329738,2.6867084778578842,NORMAL
2026-05-28,20260528HHNC0,NC,한화,5.107850644441799,5.326164677596801,7.0,18.0,10.4340153220386,25.0,-0.21831403315500264,-11.0,0.507713381484675,NC,한화,wrong,HIGH_12_PLUS,1.8921493555582014,12.6738353224032,14.5659846779614,10.781685966844996,HIGH_SCORING_MISS|BLOWOUT_UNDERPREDICTED
2026-05-28,20260528HTWO0,키움,KIA,4.496785837428064,5.139163868025413,0.0,5.0,9.635949705453477,5.0,-0.6423780305973494,-5.0,0.46723216821531066,KIA,KIA,correct,LOW_0_6,4.496785837428064,0.13916386802541325,4.635949705453477,4.357621969402651,BLOWOUT_UNDERPREDICTED
2026-05-28,20260528KTOB0,두산,KT,4.9565381545147345,5.212203738282582,3.0,11.0,10.168741892797318,14.0,-0.25566558376784787,-8.0,0.5041441173276594,두산,KT,wrong,HIGH_12_PLUS,1.9565381545147345,5.787796261717418,3.8312581072026823,7.744334416232152,HIGH_SCORING_MISS|BLOWOUT_UNDERPREDICTED
2026-05-28,20260528LGLT0,롯데,LG,4.8954941311519455,5.117451913420885,8.0,5.0,10.01294604457283,13.0,-0.22195778226893914,3.0,0.5073652184481677,롯데,롯데,correct,HIGH_12_PLUS,3.1045058688480545,0.11745191342088468,2.98705395542717,3.221957782268939,RUN_DIFF_DIRECTION_MISS
2026-05-28,20260528SSSK0,SSG,삼성,5.0206759609509195,5.312203521516957,1.0,10.0,10.332879482467877,11.0,-0.29152756056603746,-9.0,0.5007167927966246,SSG,삼성,wrong,MID_7_11,4.0206759609509195,4.687796478483043,0.6671205175321226,8.708472439433962,BLOWOUT_UNDERPREDICTED
2026-05-29,20260529HTLG0,LG,KIA,4.726752984252801,4.9615790699426565,12.0,2.0,9.688332054195458,14.0,-0.2348260856898552,10.0,0.5061355872505414,LG,LG,correct,HIGH_12_PLUS,7.273247015747199,2.9615790699426565,4.311667945804542,10.234826085689855,RUN_DIFF_DIRECTION_MISS|BLOWOUT_UNDERPREDICTED
2026-05-29,20260529KTWO0,키움,KT,4.647065135039168,5.443967126651293,1.0,7.0,10.091032261690462,8.0,-0.7969019916121249,-6.0,0.45256002193180817,KT,KT,correct,MID_7_11,3.647065135039168,1.5560328733487072,2.0910322616904615,5.203098008387875,BLOWOUT_UNDERPREDICTED
2026-05-29,20260529LTNC0,NC,롯데,5.4100957323166385,5.0896307763784625,2.0,6.0,10.499726508695101,8.0,0.32046495593817603,-4.0,0.5589312707199396,NC,롯데,wrong,MID_7_11,3.4100957323166385,0.9103692236215375,2.499726508695101,4.320464955938176,RUN_DIFF_DIRECTION_MISS
2026-05-29,20260529OBSS0,삼성,두산,5.253109205562535,4.726687711752817,7.0,9.0,9.979796917315351,16.0,0.5264214938097185,-2.0,0.5782420378890323,삼성,두산,wrong,HIGH_12_PLUS,1.7468907944374648,4.273312288247183,6.020203082684649,2.5264214938097185,HIGH_SCORING_MISS|RUN_DIFF_DIRECTION_MISS
2026-05-29,20260529SKHH0,한화,SSG,5.656575489214142,5.153981344899734,4.0,3.0,10.810556834113875,7.0,0.5025941443144086,1.0,0.5760189927910907,한화,한화,correct,MID_7_11,1.6565754892141422,2.1539813448997336,3.810556834113875,0.49740585568559137,NORMAL
2026-05-30,20260530HTLG0,LG,KIA,4.903292503383895,4.961701534987444,3.0,1.0,9.86499403837134,4.0,-0.058409031603549266,2.0,0.5229803133491492,LG,LG,correct,LOW_0_6,1.903292503383895,3.9617015349874443,5.864994038371339,2.0584090316035493,RUN_DIFF_DIRECTION_MISS
2026-05-30,20260530KTWO0,키움,KT,4.596603494073903,5.454338845615584,7.0,8.0,10.050942339689486,15.0,-0.857735351541681,-1.0,0.4468049728781333,KT,KT,correct,HIGH_12_PLUS,2.4033965059260973,2.5456611543844163,4.949057660310514,0.142264648458319,NORMAL
2026-05-30,20260530LTNC0,NC,롯데,5.27349686438085,5.098470318795154,6.0,2.0,10.371967183176004,8.0,0.17502654558569652,4.0,0.545182943668592,NC,NC,correct,MID_7_11,0.7265031356191498,3.0984703187951537,2.371967183176004,3.8249734544143035,NORMAL
2026-05-30,20260530OBSS0,삼성,두산,5.253201478353155,4.817146681953918,7.0,8.0,10.070348160307073,15.0,0.4360547963992367,-1.0,0.5697949601887211,삼성,두산,wrong,HIGH_12_PLUS,1.746798521646845,3.1828533180460816,4.9296518396929265,1.4360547963992367,HIGH_SCORING_MISS|RUN_DIFF_DIRECTION_MISS|CLOSE_GAME_NOISE
2026-05-30,20260530SKHH0,한화,SSG,5.6371674779711105,5.1469400627451325,13.0,10.0,10.784107540716242,23.0,0.490227415225978,3.0,0.574863981281128,한화,한화,correct,HIGH_12_PLUS,7.3628325220288895,4.8530599372548675,12.215892459283758,2.509772584774022,NORMAL
2026-05-31,20260531HTLG0,LG,KIA,4.753951980611969,4.828328003383534,5.0,3.0,9.582279983995504,8.0,-0.07437602277156508,2.0,0.5214573226119805,LG,LG,correct,MID_7_11,0.24604801938803078,1.8283280033835343,1.5822799839955035,2.074376022771565,RUN_DIFF_DIRECTION_MISS
2026-05-31,20260531KTWO0,키움,KT,4.658004516439698,5.506280968547287,1.0,5.0,10.164285484986985,6.0,-0.848276452107589,-4.0,0.44769892221249136,KT,KT,correct,LOW_0_6,3.658004516439698,0.5062809685472871,4.164285484986985,3.151723547892411,NORMAL
2026-05-31,20260531LTNC0,NC,롯데,5.198631808322904,5.014245853518432,8.0,2.0,10.212877661841336,10.0,0.18438595480447262,6.0,0.546069996996922,NC,NC,correct,MID_7_11,2.8013681916770956,3.0142458535184318,0.21287766184133616,5.815614045195527,BLOWOUT_UNDERPREDICTED
2026-05-31,20260531OBSS0,삼성,두산,5.334167204101414,4.915360049949856,9.0,4.0,10.24952725405127,13.0,0.41880715415155745,5.0,0.5681779411805511,삼성,삼성,correct,HIGH_12_PLUS,3.665832795898586,0.9153600499498564,2.7504727459487306,4.5811928458484426,BLOWOUT_UNDERPREDICTED
2026-05-31,20260531SKHH0,한화,SSG,5.873233574401392,5.314624855668201,6.0,2.0,11.187858430069593,8.0,0.5586087187331907,4.0,0.5812399993884944,한화,한화,correct,MID_7_11,0.12676642559860785,3.3146248556682014,3.1878584300695927,3.4413912812668093,NORMAL
2026-06-02,20260602HHOB0,두산,한화,5.0031141654347,5.425938895994521,5.0,3.0,10.42905306142922,8.0,-0.42282473055982095,2.0,0.4881706017897822,한화,두산,wrong,MID_7_11,0.0031141654346997782,2.4259388959945207,2.4290530614292205,2.422824730559821,RUN_DIFF_DIRECTION_MISS
2026-06-02,20260602LGKT0,KT,LG,4.9986689441095615,4.718748201683356,1.0,10.0,9.717417145792918,11.0,0.27992074242620557,-9.0,0.5551067705530632,KT,LG,wrong,MID_7_11,3.9986689441095615,5.281251798316644,1.2825828542070816,9.279920742426206,RUN_DIFF_DIRECTION_MISS|BLOWOUT_UNDERPREDICTED
2026-06-02,20260602LTHT0,KIA,롯데,5.039446220513821,4.5901421722771705,5.0,4.0,9.629588392790993,9.0,0.4493040482366508,1.0,0.5710361093545328,KIA,KIA,correct,MID_7_11,0.039446220513821295,0.5901421722771705,0.6295883927909927,0.5506959517633492,NORMAL
2026-06-02,20260602NCSS0,삼성,NC,5.445624711005528,4.868176085772197,8.0,7.0,10.313800796777725,15.0,0.5774486252333304,1.0,0.5829920089508515,삼성,삼성,correct,HIGH_12_PLUS,2.554375288994472,2.1318239142278026,4.686199203222275,0.4225513747666696,NORMAL
2026-06-02,20260602WOSK0,SSG,키움,5.358692978301719,4.78227624253806,6.0,12.0,10.140969220839779,18.0,0.5764167357636589,-6.0,0.5828961026079599,SSG,키움,wrong,HIGH_12_PLUS,0.6413070216982808,7.21772375746194,7.859030779160221,6.576416735763659,HIGH_SCORING_MISS|RUN_DIFF_DIRECTION_MISS|BLOWOUT_UNDERPREDICTED
2026-06-03,20260603LGKT0,KT,LG,4.9682766724571135,4.777698860219005,7.0,6.0,9.74597553267612,13.0,0.1905778122381081,1.0,0.5466566800589248,KT,KT,correct,HIGH_12_PLUS,2.0317233275428865,1.2223011397809946,3.2540244673238803,0.8094221877618919,NORMAL
2026-06-03,20260603LTHT0,KIA,롯데,5.122650285845145,4.633521308137825,3.0,8.0,9.75617159398297,11.0,0.48912897770732044,-5.0,0.5747613511313552,KIA,롯데,wrong,MID_7_11,2.122650285845145,3.3664786918621754,1.2438284060170304,5.4891289777073204,RUN_DIFF_DIRECTION_MISS|BLOWOUT_UNDERPREDICTED
2026-06-03,20260603NCSS0,삼성,NC,5.539880359267035,4.991393096574441,4.0,6.0,10.531273455841475,10.0,0.5484872626925936,-2.0,0.5802979088672517,삼성,NC,wrong,MID_7_11,1.539880359267035,1.0086069034255587,0.5312734558414753,2.5484872626925936,RUN_DIFF_DIRECTION_MISS
2026-06-03,20260603WOSK0,SSG,키움,5.504320103694037,4.979867499262778,5.0,4.0,10.484187602956816,9.0,0.524452604431259,1.0,0.5780584632079796,SSG,SSG,correct,MID_7_11,0.5043201036940372,0.9798674992627783,1.4841876029568155,0.47554739556874104,NORMAL
2026-06-04,20260604HHOB0,두산,한화,5.016946855841671,5.427572617206125,3.0,1.0,10.444519473047796,4.0,-0.4106257613644537,2.0,0.4893358974097961,한화,두산,wrong,LOW_0_6,2.016946855841671,4.427572617206125,6.444519473047796,2.4106257613644537,LOW_SCORING_MISS|RUN_DIFF_DIRECTION_MISS
2026-06-04,20260604LGKT0,KT,LG,5.019776202846006,4.851438804943697,5.0,7.0,9.871215007789704,12.0,0.16833739790230862,-2.0,0.5445487926548835,KT,LG,wrong,HIGH_12_PLUS,0.019776202846006008,2.1485611950563026,2.1287849922102957,2.1683373979023086,HIGH_SCORING_MISS|RUN_DIFF_DIRECTION_MISS
2026-06-04,20260604LTHT0,KIA,롯데,5.155495658617244,4.713062592001691,10.0,0.0,9.868558250618936,10.0,0.4424330666155525,10.0,0.5703925674292011,KIA,KIA,correct,MID_7_11,4.844504341382756,4.713062592001691,0.13144174938106445,9.557566933384447,BLOWOUT_UNDERPREDICTED
2026-06-04,20260604NCSS0,삼성,NC,5.610097132436235,4.992809608558766,3.0,6.0,10.602906740995001,9.0,0.6172875238774687,-3.0,0.5866898674518957,삼성,NC,wrong,MID_7_11,2.610097132436235,1.0071903914412337,1.6029067409950013,3.6172875238774687,RUN_DIFF_DIRECTION_MISS
2026-06-04,20260604WOSK0,SSG,키움,5.447473553705505,4.96604103578054,7.0,6.0,10.413514589486045,13.0,0.481432517924965,1.0,0.5740420686591576,SSG,SSG,correct,HIGH_12_PLUS,1.552526446294495,1.03395896421946,2.586485410513955,0.518567482075035,NORMAL
2026-06-05,20260605HHLT0,롯데,한화,4.9317891772507,5.504415913807783,2.0,9.0,10.436205091058483,11.0,-0.5726267365570834,-7.0,0.4738752536591497,한화,한화,correct,MID_7_11,2.9317891772506997,3.495584086192217,0.5637949089415173,6.427373263442917,BLOWOUT_UNDERPREDICTED
2026-06-05,20260605KTSK0,SSG,KT,5.220861696838933,5.489715969654314,6.0,5.0,10.710577666493247,11.0,-0.2688542728153802,1.0,0.5028837042078758,SSG,SSG,correct,MID_7_11,0.7791383031610666,0.48971596965431363,0.28942233350675295,1.2688542728153802,RUN_DIFF_DIRECTION_MISS
2026-06-05,20260605LGNC0,NC,LG,4.940948734955744,5.132328420306647,4.0,5.0,10.07327715526239,9.0,-0.19137968535090266,-1.0,0.5102867248252742,NC,LG,wrong,MID_7_11,0.9409487349557439,0.1323284203066466,1.0732771552623905,0.8086203146490973,CLOSE_GAME_NOISE
2026-06-05,20260605SSHT0,KIA,삼성,4.949728872350187,5.078957842356936,5.0,2.0,10.028686714707124,7.0,-0.12922897000674904,3.0,0.516222380227528,KIA,KIA,correct,MID_7_11,0.0502711276498129,3.078957842356936,3.028686714707124,3.129228970006749,RUN_DIFF_DIRECTION_MISS
2026-06-05,20260605WOOB0,두산,키움,5.157866843410256,4.802937457405169,4.0,3.0,9.960804300815425,7.0,0.35492938600508683,1.0,0.5621767988942529,두산,두산,correct,MID_7_11,1.1578668434102557,1.8029374574051689,2.9608043008154254,0.6450706139949132,NORMAL
2026-06-06,20260606HHLT0,롯데,한화,4.887945704066738,5.55178156284939,2.0,7.0,10.439727266916128,9.0,-0.6638358587826527,-5.0,0.46519075794614295,한화,한화,correct,MID_7_11,2.8879457040667376,1.4482184371506097,1.4397272669161278,4.336164141217347,BLOWOUT_UNDERPREDICTED
2026-06-06,20260606KTSK0,SSG,KT,5.178451254030096,5.546042662691973,3.0,7.0,10.72449391672207,10.0,-0.3675914086618768,-4.0,0.49344755596727696,KT,KT,correct,MID_7_11,2.1784512540300964,1.4539573373080268,0.7244939167220696,3.632408591338123,NORMAL
2026-06-06,20260606LGNC0,NC,LG,4.900483269202582,5.06456553211342,8.0,5.0,9.965048801316001,13.0,-0.1640822629108376,3.0,0.5128942000305178,NC,NC,correct,HIGH_12_PLUS,3.0995167307974176,0.06456553211341998,3.0349511986839985,3.1640822629108376,RUN_DIFF_DIRECTION_MISS
2026-06-06,20260606SSHT0,KIA,삼성,4.942150071166879,4.997609384931008,2.0,3.0,9.939759456097887,5.0,-0.05545931376412838,-1.0,0.5232616224460285,KIA,삼성,wrong,LOW_0_6,2.9421500711668793,1.9976093849310077,4.939759456097887,0.9445406862358716,LOW_SCORING_MISS|CLOSE_GAME_NOISE
2026-06-06,20260606WOOB0,두산,키움,5.1323048007564465,4.741802187268611,9.0,1.0,9.874106988025058,10.0,0.3905026134878353,8.0,0.5655211676952048,두산,두산,correct,MID_7_11,3.8676951992435535,3.741802187268611,0.12589301197494152,7.609497386512165,BLOWOUT_UNDERPREDICTED
2026-06-07,20260607HHLT0,롯데,한화,4.895829872746204,5.624724087598822,8.0,9.0,10.520553960345026,17.0,-0.7288942148526178,-1.0,0.4590087745851031,한화,한화,correct,HIGH_12_PLUS,3.104170127253796,3.375275912401178,6.479446039654974,0.27110578514738215,NORMAL
2026-06-07,20260607KTSK0,SSG,KT,5.193076173753541,5.620638643947626,7.0,0.0,10.813714817701168,7.0,-0.42756247019408544,7.0,0.4877180674152445,KT,SSG,wrong,MID_7_11,1.806923826246459,5.620638643947626,3.813714817701168,7.427562470194085,RUN_DIFF_DIRECTION_MISS|BLOWOUT_UNDERPREDICTED
2026-06-07,20260607LGNC0,NC,LG,5.008409429305524,5.136826375165966,7.0,6.0,10.14523580447149,13.0,-0.12841694586044206,1.0,0.5162999053236639,NC,NC,correct,HIGH_12_PLUS,1.991590570694476,0.863173624834034,2.85476419552851,1.128416945860442,RUN_DIFF_DIRECTION_MISS
2026-06-07,20260607SSHT0,KIA,삼성,4.937432515908235,4.974045616567861,7.0,6.0,9.911478132476095,13.0,-0.03661310065962642,1.0,0.5250585948021709,KIA,KIA,correct,HIGH_12_PLUS,2.0625674840917654,1.025954383432139,3.0885218675239052,1.0366131006596264,RUN_DIFF_DIRECTION_MISS
2026-06-07,20260607WOOB0,두산,키움,5.1919350625257055,4.711043958288372,1.0,4.0,9.902979020814078,5.0,0.48089110423733317,-3.0,0.5739914583170203,두산,키움,wrong,LOW_0_6,4.1919350625257055,0.7110439582883723,4.902979020814078,3.480891104237333,LOW_SCORING_MISS|RUN_DIFF_DIRECTION_MISS
2026-06-09,20260609HTHH0,한화,KIA,5.279705626513697,5.027353290856415,4.0,6.0,10.307058917370112,10.0,0.25235233565728166,-2.0,0.5525025052397785,한화,KIA,wrong,MID_7_11,1.2797056265136968,0.9726467091435849,0.30705891737011193,2.2523523356572817,RUN_DIFF_DIRECTION_MISS
2026-06-09,20260609NCWO0,키움,NC,4.824695700036575,5.269093447007467,7.0,6.0,10.093789147044042,13.0,-0.4443977469708926,1.0,0.48611018133538647,NC,키움,wrong,HIGH_12_PLUS,2.1753042999634253,0.7309065529925327,2.906210852955958,1.4443977469708926,HIGH_SCORING_MISS|RUN_DIFF_DIRECTION_MISS|CLOSE_GAME_NOISE
2026-06-09,20260609OBLT0,롯데,두산,4.885496941263702,5.05780876922665,5.0,6.0,9.943305710490353,11.0,-0.17231182796294764,-1.0,0.5121081717187229,롯데,두산,wrong,MID_7_11,0.11450305873629762,0.94219123077335,1.0566942895096467,0.8276881720370524,CLOSE_GAME_NOISE
2026-06-09,20260609SKLG0,LG,SSG,5.341768974694861,5.033915184085769,8.0,2.0,10.37568415878063,10.0,0.3078537906090917,6.0,0.5577423978427621,LG,LG,correct,MID_7_11,2.658231025305139,3.033915184085769,0.3756841587806292,5.692146209390908,BLOWOUT_UNDERPREDICTED
2026-06-09,20260609SSKT0,KT,삼성,5.223874510049354,5.203134051552234,5.0,2.0,10.427008561601589,7.0,0.02074045849712025,3.0,0.5305230290009034,KT,KT,correct,MID_7_11,0.22387451004935421,3.203134051552234,3.427008561601589,2.9792595415028797,NORMAL
2026-06-10,20260610HTHH0,한화,KIA,5.316247155947084,5.071152379167307,4.0,3.0,10.38739953511439,7.0,0.2450947767797773,1.0,0.5518164305870845,한화,한화,correct,MID_7_11,1.3162471559470843,2.071152379167307,3.3873995351143904,0.7549052232202227,NORMAL
2026-06-10,20260610NCWO0,키움,NC,4.802019815182589,5.319081784741068,2.0,4.0,10.121101599923657,6.0,-0.5170619695584797,-2.0,0.47917396120083355,NC,NC,correct,LOW_0_6,2.8020198151825886,1.3190817847410683,4.121101599923657,1.4829380304415203,NORMAL
2026-06-10,20260610OBLT0,롯데,두산,5.010500254188387,5.154182075786754,3.0,1.0,10.164682329975141,4.0,-0.14368182159836707,2.0,0.5148424188646129,롯데,롯데,correct,LOW_0_6,2.010500254188387,4.154182075786754,6.164682329975141,2.143681821598367,RUN_DIFF_DIRECTION_MISS
2026-06-10,20260610SKLG0,LG,SSG,5.353390724157347,5.007688614380743,8.0,6.0,10.36107933853809,14.0,0.345702109776604,2.0,0.561308372562654,LG,LG,correct,HIGH_12_PLUS,2.6466092758426534,0.9923113856192574,3.63892066146191,1.654297890223396,NORMAL
2026-06-10,20260610SSKT0,KT,삼성,5.2505937561331315,5.195959977033572,4.0,3.0,10.446553733166702,7.0,0.05463377909955991,1.0,0.5337489060731745,KT,KT,correct,MID_7_11,1.2505937561331315,2.1959599770335716,3.446553733166702,0.9453662209004401,NORMAL
2026-06-11,20260611HTHH0,한화,KIA,5.172163267550843,4.965798679706799,5.0,1.0,10.137961947257642,6.0,0.20636458784404432,4.0,0.5481518986400595,한화,한화,correct,LOW_0_6,0.1721632675508431,3.965798679706799,4.137961947257642,3.7936354121559557,NORMAL
2026-06-11,20260611NCWO0,키움,NC,4.756888736333957,5.267031971352457,2.0,3.0,10.023920707686415,5.0,-0.5101432350185,-1.0,0.4798340907825182,NC,NC,correct,LOW_0_6,2.7568887363339574,2.2670319713524574,5.023920707686415,0.4898567649815,NORMAL
2026-06-11,20260611OBLT0,롯데,두산,4.877297114872559,5.030200603719182,7.0,12.0,9.907497718591742,19.0,-0.15290348884662297,-5.0,0.5139618124907596,롯데,두산,wrong,HIGH_12_PLUS,2.122702885127441,6.969799396280818,9.092502281408258,4.847096511153377,HIGH_SCORING_MISS|BLOWOUT_UNDERPREDICTED
2026-06-11,20260611SKLG0,LG,SSG,5.441119441953483,5.086988365202148,15.0,1.0,10.528107807155632,16.0,0.3541310767513348,14.0,0.5621016808885481,LG,LG,correct,HIGH_12_PLUS,9.558880558046518,4.086988365202148,5.4718921928443685,13.645868923248665,BLOWOUT_UNDERPREDICTED
2026-06-11,20260611SSKT0,KT,삼성,5.145358836328198,5.1588163107980884,1.0,8.0,10.304175147126287,9.0,-0.013457474469890762,-7.0,0.5272655734513719,KT,삼성,wrong,MID_7_11,4.145358836328198,2.8411836892019116,1.304175147126287,6.986542525530109,BLOWOUT_UNDERPREDICTED
2026-06-12,20260612HHWO0,키움,한화,4.664873925967801,5.500695851630277,4.0,3.0,10.165569777598078,7.0,-0.8358219256624757,1.0,0.44887649959795733,한화,키움,wrong,MID_7_11,0.6648739259678011,2.500695851630277,3.165569777598078,1.8358219256624757,RUN_DIFF_DIRECTION_MISS|CLOSE_GAME_NOISE
2026-06-12,20260612LTLG0,LG,롯데,5.497274039114039,4.8186794164896405,5.0,16.0,10.31595345560368,21.0,0.6785946226243986,-11.0,0.5923612251229922,LG,롯데,wrong,HIGH_12_PLUS,0.4972740391140391,11.18132058351036,10.68404654439632,11.678594622624399,HIGH_SCORING_MISS|RUN_DIFF_DIRECTION_MISS|BLOWOUT_UNDERPREDICTED
2026-06-12,20260612NCKT0,KT,NC,5.1910082313406125,4.9555516313869905,3.0,2.0,10.146559862727603,5.0,0.235456599953622,1.0,0.5509050057919521,KT,KT,correct,LOW_0_6,2.1910082313406125,2.9555516313869905,5.146559862727603,0.764543400046378,NORMAL
2026-06-12,20260612OBHT0,KIA,두산,4.907435580685575,4.771512679912865,2.0,4.0,9.678948260598439,6.0,0.13592290077270963,-2.0,0.5414737924000328,KIA,두산,wrong,LOW_0_6,2.9074355806855747,0.7715126799128651,3.678948260598439,2.1359229007727096,LOW_SCORING_MISS|RUN_DIFF_DIRECTION_MISS
2026-06-12,20260612SKSS0,삼성,SSG,5.545450278168478,5.054893228093316,3.0,5.0,10.600343506261794,8.0,0.4905570500751626,-2.0,0.5748947787467509,삼성,SSG,wrong,MID_7_11,2.5454502781684782,0.05489322809331565,2.600343506261794,2.4905570500751626,RUN_DIFF_DIRECTION_MISS
2026-06-13,20260613HHWO0,키움,한화,4.542256300569168,5.424423903955691,3.0,1.0,9.96668020452486,4.0,-0.8821676033865229,2.0,0.4444975147043032,한화,키움,wrong,LOW_0_6,1.5422563005691678,4.424423903955691,5.9666802045248595,2.882167603386523,LOW_SCORING_MISS|RUN_DIFF_DIRECTION_MISS
2026-06-13,20260613LTLG0,LG,롯데,5.530909672177531,5.0584620980571895,5.0,3.0,10.58937177023472,8.0,0.47244757412034133,2.0,0.5732019729014494,LG,LG,correct,MID_7_11,0.5309096721775308,2.0584620980571895,2.5893717702347203,1.5275524258796587,NORMAL
2026-06-13,20260613NCKT0,KT,NC,5.174561192837479,4.944151269966671,11.0,9.0,10.118712462804151,20.0,0.23040992287080808,2.0,0.5504276349072227,KT,KT,correct,HIGH_12_PLUS,5.825438807162521,4.055848730033329,9.881287537195849,1.769590077129192,NORMAL
2026-06-13,20260613OBHT0,KIA,두산,4.833329436976866,4.724753650575133,2.0,1.0,9.558083087552,3.0,0.10857578640173315,1.0,0.5388770404971123,KIA,KIA,correct,LOW_0_6,2.8333294369768662,3.724753650575133,6.558083087551999,0.8914242135982668,NORMAL
2026-06-13,20260613SKSS0,삼성,SSG,5.529209495249883,5.009818657758683,7.0,6.0,10.539028153008566,13.0,0.5193908374911995,1.0,0.577586416888235,삼성,삼성,correct,HIGH_12_PLUS,1.4707905047501173,0.9901813422413168,2.460971846991434,0.4806091625088005,NORMAL
2026-06-14,20260614HHWO0,키움,한화,4.517234324280386,5.296437228574492,3.0,2.0,9.813671552854878,5.0,-0.779202904294106,1.0,0.45423687223750714,한화,키움,wrong,LOW_0_6,1.5172343242803858,3.296437228574492,4.813671552854878,1.779202904294106,LOW_SCORING_MISS|RUN_DIFF_DIRECTION_MISS|CLOSE_GAME_NOISE
2026-06-14,20260614LTLG0,LG,롯데,5.50740503174068,5.052120652661992,6.0,1.0,10.559525684402672,7.0,0.45528437907868735,5.0,0.5715960368074451,LG,LG,correct,MID_7_11,0.49259496825932025,4.052120652661992,3.559525684402672,4.544715620921313,BLOWOUT_UNDERPREDICTED
2026-06-14,20260614OBHT0,KIA,두산,4.714234747660962,4.64556120012154,1.0,8.0,9.359795947782501,9.0,0.06867354753942223,-7.0,0.5350843635430507,KIA,두산,wrong,MID_7_11,3.714234747660962,3.3544387998784604,0.35979594778250146,7.068673547539422,RUN_DIFF_DIRECTION_MISS|BLOWOUT_UNDERPREDICTED
2026-06-14,20260614SKSS0,삼성,SSG,5.48558621026545,5.021968373461889,10.0,8.0,10.50755458372734,18.0,0.46361783680356083,2.0,0.5723759773011743,삼성,삼성,correct,HIGH_12_PLUS,4.51441378973455,2.978031626538111,7.492445416272661,1.5363821631964392,NORMAL
2026-06-16,20260616HHNC0,NC,한화,4.994171981106736,5.035604400963655,6.0,5.0,10.029776382070391,11.0,-0.04143241985691937,1.0,0.5245991362047364,NC,NC,correct,MID_7_11,1.005828018893264,0.03560440096365536,0.9702236179296087,1.0414324198569194,RUN_DIFF_DIRECTION_MISS
2026-06-16,20260616KTOB0,두산,KT,4.672435594794252,4.965353856195377,2.0,6.0,9.63778945098963,8.0,-0.292918261401125,-4.0,0.5005838802605155,두산,KT,wrong,MID_7_11,2.672435594794252,1.0346461438046228,1.6377894509896294,3.707081738598875,NORMAL
2026-06-16,20260616LGHT0,KIA,LG,4.844577042989546,4.922431651992723,2.0,8.0,9.76700869498227,10.0,-0.07785460900317709,-6.0,0.5211254682688494,KIA,LG,wrong,MID_7_11,2.8445770429895463,3.0775683480072766,0.23299130501773035,5.922145390996823,BLOWOUT_UNDERPREDICTED
2026-06-16,20260616LTSK0,SSG,롯데,5.5666571130958555,5.292403171173868,6.0,10.0,10.859060284269724,16.0,0.2742539419219874,-4.0,0.554571695278939,SSG,롯데,wrong,HIGH_12_PLUS,0.43334288690414446,4.707596828826132,5.140939715730276,4.274253941921987,HIGH_SCORING_MISS|RUN_DIFF_DIRECTION_MISS
2026-06-16,20260616WOSS0,삼성,키움,5.242289132983963,4.366556358404451,4.0,1.0,9.608845491388415,5.0,0.8757327745795118,3.0,0.6104250268461907,삼성,삼성,correct,LOW_0_6,1.242289132983963,3.366556358404451,4.608845491388415,2.124267225420488,NORMAL
2026-06-17,20260617HHNC0,NC,한화,4.9987248275259395,5.280552146100089,5.0,4.0,10.279276973626029,9.0,-0.2818273185741491,1.0,0.5016438637856199,NC,NC,correct,MID_7_11,0.0012751724740605042,1.2805521461000886,1.279276973626029,1.281827318574149,RUN_DIFF_DIRECTION_MISS
2026-06-17,20260617KTOB0,두산,KT,4.796601624769982,4.985703736085824,1.0,8.0,9.782305360855807,9.0,-0.18910211131584198,-7.0,0.5105043041834028,두산,KT,wrong,MID_7_11,3.7966016247699823,3.0142962639141757,0.7823053608558066,6.810897888684158,BLOWOUT_UNDERPREDICTED
2026-06-17,20260617LGHT0,KIA,LG,4.874312674443708,5.023867065226086,5.0,4.0,9.898179739669793,9.0,-0.1495543907823782,1.0,0.5142816388426753,KIA,KIA,correct,MID_7_11,0.12568732555629225,1.023867065226086,0.8981797396697928,1.1495543907823782,RUN_DIFF_DIRECTION_MISS
2026-06-17,20260617LTSK0,SSG,롯데,5.610767431268357,5.387336313219188,1.0,2.0,10.998103744487544,3.0,0.22343111804916926,-1.0,0.5497673490072806,SSG,롯데,wrong,LOW_0_6,4.610767431268357,3.387336313219188,7.998103744487544,1.2234311180491693,LOW_SCORING_MISS|RUN_DIFF_DIRECTION_MISS|CLOSE_GAME_NOISE
2026-06-17,20260617WOSS0,삼성,키움,5.186817580350797,4.315275038127532,1.0,0.0,9.50209261847833,1.0,0.8715425422232652,1.0,0.6100440214032524,삼성,삼성,correct,LOW_0_6,4.186817580350797,4.315275038127532,8.50209261847833,0.12845745777673478,NORMAL
2026-06-18,20260618HHNC0,NC,한화,5.026357789603839,5.317392921361266,6.0,0.0,10.343750710965105,6.0,-0.2910351317574271,6.0,0.5007638553479147,NC,NC,correct,LOW_0_6,0.9736422103961608,5.317392921361266,4.3437507109651055,6.291035131757427,RUN_DIFF_DIRECTION_MISS|BLOWOUT_UNDERPREDICTED
2026-06-18,20260618KTOB0,두산,KT,4.75581655147662,5.076107927421188,2.0,1.0,9.831924478897808,3.0,-0.320291375944568,1.0,0.49796777460520375,KT,두산,wrong,LOW_0_6,2.75581655147662,4.076107927421188,6.8319244788978075,1.320291375944568,LOW_SCORING_MISS|RUN_DIFF_DIRECTION_MISS|CLOSE_GAME_NOISE
2026-06-18,20260618LGHT0,KIA,LG,4.941825004135533,5.066940964120272,4.0,2.0,10.008765968255805,6.0,-0.1251159599847389,2.0,0.5166150470075178,KIA,KIA,correct,LOW_0_6,0.9418250041355334,3.0669409641202723,4.008765968255805,2.125115959984739,RUN_DIFF_DIRECTION_MISS
2026-06-18,20260618WOSS0,삼성,키움,5.070060641570326,4.24851724245996,4.0,3.0,9.318577884030287,7.0,0.8215433991103662,1.0,0.6054874992609492,삼성,삼성,correct,MID_7_11,1.0700606415703264,1.2485172424599602,2.3185778840302866,0.17845660088963378,NORMAL
2026-06-19,20260619HTKT0,KT,KIA,4.98185806698366,4.723355541213454,3.0,11.0,9.705213608197115,14.0,0.25850252577020605,-8.0,0.5530837413022363,KT,KIA,wrong,HIGH_12_PLUS,1.9818580669836603,6.276644458786546,4.2947863918028855,8.258502525770206,HIGH_SCORING_MISS|RUN_DIFF_DIRECTION_MISS|BLOWOUT_UNDERPREDICTED
2026-06-19,20260619LTWO0,키움,롯데,4.480567201874445,4.956945698045951,1.0,2.0,9.437512899920396,3.0,-0.47637849617150607,-1.0,0.48305661633029995,롯데,롯데,correct,LOW_0_6,3.480567201874445,2.956945698045951,6.437512899920396,0.5236215038284939,NORMAL
2026-06-19,20260619OBLG0,LG,두산,4.977564346067741,4.748119102984364,3.0,2.0,9.725683449052106,5.0,0.22944524308337666,1.0,0.550336374154511,LG,LG,correct,LOW_0_6,1.9775643460677408,2.748119102984364,4.725683449052106,0.7705547569166233,NORMAL
2026-06-19,20260619SKNC0,NC,SSG,5.201961805284923,5.321198019851055,9.0,3.0,10.523159825135977,12.0,-0.11923621456613187,6.0,0.517176347285258,NC,NC,correct,HIGH_12_PLUS,3.798038194715077,2.321198019851055,1.476840174864023,6.119236214566132,RUN_DIFF_DIRECTION_MISS|BLOWOUT_UNDERPREDICTED
2026-06-20,20260620HTKT0,KT,KIA,4.963340996375346,4.845800817458958,10.0,9.0,9.809141813834305,19.0,0.11754017891638835,1.0,0.5397284960189195,KT,KT,correct,HIGH_12_PLUS,5.036659003624654,4.154199182541042,9.190858186165695,0.8824598210836117,NORMAL
2026-06-20,20260620LTWO0,키움,롯데,4.643922122172695,4.798380685936653,1.0,7.0,9.442302808109348,8.0,-0.15445856376395817,-6.0,0.5138133047432165,키움,롯데,wrong,MID_7_11,3.643922122172695,2.201619314063347,1.442302808109348,5.845541436236042,BLOWOUT_UNDERPREDICTED
2026-06-20,20260620OBLG0,LG,두산,4.891261196890686,4.6884950796758105,4.0,2.0,9.579756276566496,6.0,0.20276611721487559,2.0,0.5478111508834815,LG,LG,correct,LOW_0_6,0.8912611968906861,2.6884950796758105,3.5797562765664956,1.7972338827851244,NORMAL
2026-06-20,20260620SKNC0,NC,SSG,5.400647964917258,5.159008504011768,5.0,12.0,10.559656468929028,17.0,0.24163946090548993,-7.0,0.5514897217094009,NC,SSG,wrong,HIGH_12_PLUS,0.4006479649172583,6.840991495988232,6.4403435310709725,7.24163946090549,HIGH_SCORING_MISS|RUN_DIFF_DIRECTION_MISS|BLOWOUT_UNDERPREDICTED
2026-06-20,20260620SSHH0,한화,삼성,5.038788732961632,4.942638186390504,10.0,4.0,9.981426919352135,14.0,0.09615054657112854,6.0,0.5376964927523887,한화,한화,correct,HIGH_12_PLUS,4.961211267038368,0.9426381863905036,4.018573080647865,5.9038494534288715,BLOWOUT_UNDERPREDICTED
2026-06-21,20260621HTKT0,KT,KIA,5.057893651186671,4.987527912491879,5.0,11.0,10.04542156367855,16.0,0.07036573869479135,-6.0,0.535245290544783,KT,KIA,wrong,HIGH_12_PLUS,0.05789365118667078,6.012472087508121,5.95457843632145,6.070365738694791,HIGH_SCORING_MISS|RUN_DIFF_DIRECTION_MISS|BLOWOUT_UNDERPREDICTED
2026-06-21,20260621LTWO0,키움,롯데,4.572955150869657,4.712853596047194,3.0,6.0,9.28580874691685,9.0,-0.13989844517753713,-3.0,0.5152036791796747,키움,롯데,wrong,MID_7_11,1.5729551508696566,1.2871464039528062,0.28580874691684954,2.860101554822463,NORMAL
2026-06-21,20260621OBLG0,LG,두산,4.882171368754997,4.692916615584425,9.0,3.0,9.575087984339422,12.0,0.18925475317057217,6.0,0.5465313300666828,LG,LG,correct,HIGH_12_PLUS,4.117828631245003,1.6929166155844246,2.4249120156605777,5.810745246829428,BLOWOUT_UNDERPREDICTED
2026-06-21,20260621SKNC0,NC,SSG,5.480268709050508,5.327283536926246,3.0,7.0,10.807552245976755,10.0,0.15298517212426166,-4.0,0.5430928130846078,NC,SSG,wrong,MID_7_11,2.480268709050508,1.6727164630737539,0.8075522459767548,4.152985172124262,RUN_DIFF_DIRECTION_MISS
2026-06-21,20260621SSHH0,한화,삼성,5.125275275166627,4.9385074848961406,1.0,3.0,10.063782760062768,4.0,0.18676779027048607,-2.0,0.5462956928982198,한화,삼성,wrong,LOW_0_6,4.125275275166627,1.9385074848961406,6.063782760062768,2.186767790270486,LOW_SCORING_MISS|RUN_DIFF_DIRECTION_MISS
2026-06-23,20260623HTWO0,키움,KIA,4.332048414666806,4.9977898783507735,3.0,7.0,9.32983829301758,10.0,-0.6657414636839674,-4.0,0.4650095218208065,KIA,KIA,correct,MID_7_11,1.3320484146668061,2.0022101216492265,0.6701617069824195,3.3342585363160326,NORMAL
2026-06-23,20260623NCLT0,롯데,NC,4.784790448107669,5.048383317293811,3.0,2.0,9.83317376540148,5.0,-0.2635928691861418,1.0,0.5033865299174555,롯데,롯데,correct,LOW_0_6,1.7847904481076693,3.048383317293811,4.8331737654014795,1.2635928691861418,RUN_DIFF_DIRECTION_MISS
2026-06-23,20260623OBHH0,한화,두산,5.112836679392472,4.676379411292044,3.0,2.0,9.789216090684516,5.0,0.43645726810042795,1.0,0.5698326755038043,한화,한화,correct,LOW_0_6,2.1128366793924718,2.676379411292044,4.789216090684516,0.563542731899572,NORMAL
2026-06-23,20260623SKKT0,KT,SSG,5.670297381253196,5.2744061175249355,13.0,2.0,10.944703498778132,15.0,0.39589126372826033,11.0,0.5660272622599976,KT,KT,correct,HIGH_12_PLUS,7.329702618746804,3.2744061175249355,4.055296501221868,10.60410873627174,BLOWOUT_UNDERPREDICTED
2026-06-23,20260623SSLG0,LG,삼성,4.862010694364324,4.819037705660672,4.0,3.0,9.681048400024995,7.0,0.04297298870365207,1.0,0.5326393674308871,LG,LG,correct,MID_7_11,0.862010694364324,1.819037705660672,2.681048400024995,0.9570270112963479,NORMAL
2026-06-24,20260624HTWO0,키움,KIA,4.393537261608868,5.047030676592122,3.0,10.0,9.44056793820099,13.0,-0.6534934149832541,-7.0,0.4661745545503844,KIA,KIA,correct,HIGH_12_PLUS,1.3935372616088681,4.952969323407878,3.5594320617990096,6.346506585016746,BLOWOUT_UNDERPREDICTED
2026-06-24,20260624NCLT0,롯데,NC,4.82668035461654,5.0975131014736474,5.0,3.0,9.924193456090187,8.0,-0.27083274685710723,2.0,0.5026946223749568,롯데,롯데,correct,MID_7_11,0.17331964538345979,2.0975131014736474,1.9241934560901868,2.2708327468571072,RUN_DIFF_DIRECTION_MISS
2026-06-24,20260624OBHH0,한화,두산,5.048665239228962,4.6545667831601625,2.0,7.0,9.703232022389123,9.0,0.39409845606879923,-5.0,0.5658588994790055,한화,두산,wrong,MID_7_11,3.0486652392289617,2.3454332168398375,0.7032320223891233,5.394098456068799,RUN_DIFF_DIRECTION_MISS|BLOWOUT_UNDERPREDICTED
2026-06-24,20260624SKKT0,KT,SSG,5.91237196292404,5.3102427271842565,4.0,5.0,11.222614690108298,9.0,0.6021292357397838,-1.0,0.5852839987403684,KT,SSG,wrong,MID_7_11,1.9123719629240403,0.3102427271842565,2.2226146901082977,1.6021292357397838,RUN_DIFF_DIRECTION_MISS|CLOSE_GAME_NOISE
2026-06-24,20260624SSLG0,LG,삼성,4.853767405827157,4.848117846800271,2.0,0.0,9.701885252627427,2.0,0.005649559026886131,2.0,0.5290858796747363,LG,LG,correct,LOW_0_6,2.853767405827157,4.848117846800271,7.701885252627427,1.9943504409731139,NORMAL
2026-06-25,20260625HTWO0,키움,KIA,4.434389406907936,5.1523682811293785,4.0,9.0,9.586757688037315,13.0,-0.7179788742214424,-5.0,0.46004514527471546,KIA,KIA,correct,HIGH_12_PLUS,0.43438940690793615,3.8476317188706215,3.4132423119626853,4.282021125778558,BLOWOUT_UNDERPREDICTED
2026-06-25,20260625NCLT0,롯데,NC,4.800901945479214,5.0221684068299375,2.0,8.0,9.823070352309152,10.0,-0.2212664613507238,-6.0,0.5074312752542076,롯데,NC,wrong,MID_7_11,2.8009019454792137,2.9778315931700625,0.17692964769084796,5.778733538649276,BLOWOUT_UNDERPREDICTED
2026-06-25,20260625OBHH0,한화,두산,5.00498730310933,4.753748630269641,3.0,5.0,9.758735933378972,8.0,0.2512386728396896,-2.0,0.5523972409077298,한화,두산,wrong,MID_7_11,2.0049873031093304,0.24625136973035922,1.758735933378972,2.2512386728396896,RUN_DIFF_DIRECTION_MISS
2026-06-25,20260625SKKT0,KT,SSG,5.7605830303798236,5.184556746454215,12.0,7.0,10.945139776834038,19.0,0.576026283925609,5.0,0.5828598114185484,KT,KT,correct,HIGH_12_PLUS,6.2394169696201764,1.8154432535457854,8.054860223165962,4.423973716074391,BLOWOUT_UNDERPREDICTED
2026-06-25,20260625SSLG0,LG,삼성,4.694015918524263,4.676854580686277,6.0,13.0,9.37087049921054,19.0,0.01716133783798579,-7.0,0.5301822240443864,LG,삼성,wrong,HIGH_12_PLUS,1.3059840814757369,8.323145419313722,9.62912950078946,7.017161337837986,HIGH_SCORING_MISS|RUN_DIFF_DIRECTION_MISS|BLOWOUT_UNDERPREDICTED
2026-06-26,20260626HHSK0,SSG,한화,5.23695937787564,5.581209693312407,2.0,9.0,10.818169071188047,11.0,-0.3442503154367671,-7.0,0.4956780552087772,한화,한화,correct,MID_7_11,3.23695937787564,3.418790306687593,0.18183092881195329,6.655749684563233,BLOWOUT_UNDERPREDICTED
2026-06-26,20260626HTOB0,두산,KIA,4.728798196210047,4.995275220006169,3.0,2.0,9.724073416216216,5.0,-0.2664770237961225,1.0,0.5031108956819619,두산,두산,correct,LOW_0_6,1.7287981962100467,2.995275220006169,4.724073416216216,1.2664770237961225,RUN_DIFF_DIRECTION_MISS
2026-06-26,20260626KTSS0,삼성,KT,5.138538142111406,5.22523935095672,9.0,1.0,10.363777493068126,10.0,-0.08670120884531407,8.0,0.5202814263899175,삼성,삼성,correct,MID_7_11,3.861461857888594,4.22523935095672,0.3637774930681257,8.086701208845314,RUN_DIFF_DIRECTION_MISS|BLOWOUT_UNDERPREDICTED
2026-06-26,20260626LGLT0,롯데,LG,4.5204700436001595,4.881758536807891,3.0,2.0,9.40222858040805,5.0,-0.3612884932077316,1.0,0.4940498471478341,LG,롯데,wrong,LOW_0_6,1.5204700436001595,2.881758536807891,4.40222858040805,1.3612884932077316,LOW_SCORING_MISS|RUN_DIFF_DIRECTION_MISS|CLOSE_GAME_NOISE
2026-06-26,20260626WONC0,NC,키움,5.237763401359955,4.710342878471104,11.0,4.0,9.948106279831059,15.0,0.5274205228888516,7.0,0.5783351767787418,NC,NC,correct,HIGH_12_PLUS,5.762236598640045,0.7103428784711037,5.051893720168941,6.4725794771111484,BLOWOUT_UNDERPREDICTED
2026-06-27,20260627HHSK0,SSG,한화,5.271992991549249,5.696069808615972,1.0,8.0,10.968062800165221,9.0,-0.42407681706672307,-7.0,0.488051004407157,한화,한화,correct,MID_7_11,4.271992991549249,2.303930191384028,1.968062800165221,6.575923182933277,BLOWOUT_UNDERPREDICTED
2026-06-27,20260627HTOB0,두산,KIA,4.699461700745975,4.914780096991341,8.0,1.0,9.614241797737316,9.0,-0.2153183962453653,7.0,0.5079996113116519,두산,두산,correct,MID_7_11,3.3005382992540246,3.9147800969913407,0.614241797737316,7.215318396245365,RUN_DIFF_DIRECTION_MISS|BLOWOUT_UNDERPREDICTED
2026-06-27,20260627KTSS0,삼성,KT,5.133678305174999,5.079104051645103,4.0,3.0,10.212782356820103,7.0,0.05457425352989542,1.0,0.5337432429799154,삼성,삼성,correct,MID_7_11,1.1336783051749988,2.0791040516451034,3.212782356820103,0.9454257464701046,NORMAL
2026-06-27,20260627LGLT0,롯데,LG,4.503481025083769,4.869514961744681,7.0,8.0,9.37299598682845,15.0,-0.3660339366609122,-1.0,0.4935963824797737,LG,LG,correct,HIGH_12_PLUS,2.4965189749162313,3.130485038255319,5.62700401317155,0.6339660633390878,NORMAL
2026-06-27,20260627WONC0,NC,키움,5.3112652580071655,4.698343563306424,1.0,3.0,10.00960882131359,4.0,0.6129216947007414,-2.0,0.5862850986070772,NC,키움,wrong,LOW_0_6,4.3112652580071655,1.698343563306424,6.00960882131359,2.6129216947007414,LOW_SCORING_MISS|RUN_DIFF_DIRECTION_MISS
2026-06-28,20260628HHSK0,SSG,한화,5.201205674312095,5.693076583666094,3.0,6.0,10.894282257978189,9.0,-0.4918709093539988,-3.0,0.4815778205687261,한화,한화,correct,MID_7_11,2.201205674312095,0.3069234163339063,1.8942822579781886,2.508129090646001,NORMAL
2026-06-28,20260628HTOB0,두산,KIA,4.709974542160484,4.8343992044431205,1.0,12.0,9.544373746603604,13.0,-0.12442466228263616,-11.0,0.5166810428140232,두산,KIA,wrong,HIGH_12_PLUS,3.7099745421604844,7.1656007955568795,3.455626253396396,10.875575337717365,HIGH_SCORING_MISS|BLOWOUT_UNDERPREDICTED
2026-06-28,20260628KTSS0,삼성,KT,5.130659067583523,4.979086402118679,7.0,4.0,10.109745469702203,11.0,0.15157266546484394,3.0,0.5429588159219323,삼성,삼성,correct,MID_7_11,1.8693409324164767,0.9790864021186794,0.8902545302977973,2.848427334535156,NORMAL
2026-06-28,20260628LGLT0,롯데,LG,4.618509795335008,4.974695448957641,11.0,9.0,9.59320524429265,20.0,-0.3561856536226333,2.0,0.494537474746709,LG,롯데,wrong,HIGH_12_PLUS,6.381490204664992,4.025304551042359,10.40679475570735,2.3561856536226333,HIGH_SCORING_MISS|RUN_DIFF_DIRECTION_MISS
2026-06-28,20260628WONC0,NC,키움,5.237172062671018,4.633258547738261,9.0,2.0,9.87043061040928,11.0,0.6039135149327572,7.0,0.5854495558867164,NC,NC,correct,MID_7_11,3.762827937328982,2.6332585477382606,1.1295693895907206,6.396086485067243,BLOWOUT_UNDERPREDICTED
2026-06-30,20260630LGWO0,키움,LG,4.586363676885468,5.356397430783379,6.0,0.0,9.942761107668847,6.0,-0.770033753897911,6.0,0.4551059884615262,LG,키움,wrong,LOW_0_6,1.413636323114532,5.356397430783379,3.942761107668847,6.770033753897911,LOW_SCORING_MISS|RUN_DIFF_DIRECTION_MISS|BLOWOUT_UNDERPREDICTED
2026-06-30,20260630LTOB0,두산,롯데,4.718053955250611,4.655642538410823,5.0,0.0,9.373696493661434,5.0,0.06241141683978846,5.0,0.5344887730327819,두산,두산,correct,LOW_0_6,0.28194604474938867,4.655642538410823,4.373696493661434,4.9375885831602115,BLOWOUT_UNDERPREDICTED
2026-06-30,20260630SKHT0,KIA,SSG,5.499759869873175,5.016268167996401,10.0,3.0,10.516028037869576,13.0,0.48349170187677437,7.0,0.5742345431581677,KIA,KIA,correct,HIGH_12_PLUS,4.500240130126825,2.016268167996401,2.4839719621304237,6.516508298123226,BLOWOUT_UNDERPREDICTED
2026-06-30,20260630SSNC0,NC,삼성,4.715154353731145,4.905786233459578,7.0,13.0,9.620940587190724,20.0,-0.19063187972843298,-6.0,0.5103581640201472,NC,삼성,wrong,HIGH_12_PLUS,2.284845646268855,8.094213766540422,10.379059412809276,5.809368120271567,HIGH_SCORING_MISS|BLOWOUT_UNDERPREDICTED
2026-07-01,20260701KTHH0,한화,KT,5.2624266714469075,5.078905507940815,4.0,7.0,10.341332179387724,11.0,0.18352116350609204,-3.0,0.5459880471617833,한화,KT,wrong,MID_7_11,1.2624266714469075,1.9210944920591846,0.6586678206122762,3.183521163506092,RUN_DIFF_DIRECTION_MISS
2026-07-01,20260701LGWO0,키움,LG,4.578983570874734,5.339578620668815,4.0,10.0,9.91856219154355,14.0,-0.7605950497940812,-6.0,0.45600094058192703,LG,LG,correct,HIGH_12_PLUS,0.5789835708747342,4.660421379331185,4.0814378084564495,5.239404950205919,BLOWOUT_UNDERPREDICTED
2026-07-01,20260701LTOB0,두산,롯데,4.797168520644558,4.693147347532772,2.0,5.0,9.49031586817733,7.0,0.10402117311178571,-3.0,0.5384443471841744,두산,롯데,wrong,MID_7_11,2.797168520644558,0.3068526524672279,2.49031586817733,3.1040211731117857,RUN_DIFF_DIRECTION_MISS
2026-07-01,20260701SSNC0,NC,삼성,4.863417141213518,5.154934714086158,10.0,5.0,10.018351855299677,15.0,-0.2915175728726398,5.0,0.5007177473435319,NC,NC,correct,HIGH_12_PLUS,5.136582858786482,0.1549347140861581,4.981648144700323,5.29151757287264,RUN_DIFF_DIRECTION_MISS|BLOWOUT_UNDERPREDICTED
2026-07-02,20260702KTHH0,한화,KT,5.371646125853246,5.229937060196798,14.0,3.0,10.601583186050044,17.0,0.14170906565644792,11.0,0.542022935271986,한화,한화,correct,HIGH_12_PLUS,8.628353874146754,2.2299370601967983,6.3984168139499555,10.858290934343552,BLOWOUT_UNDERPREDICTED
2026-07-02,20260702LGWO0,키움,LG,4.6571732375916,5.451711976893842,5.0,7.0,10.108885214485442,12.0,-0.7945387393022418,-2.0,0.4527838601963405,LG,LG,correct,HIGH_12_PLUS,0.34282676240840004,1.5482880231061582,1.8911147855145582,1.2054612606977582,NORMAL
2026-07-02,20260702LTOB0,두산,롯데,4.794444305910714,4.689878077610147,8.0,3.0,9.484322383520862,11.0,0.10456622830056705,5.0,0.5384961310957082,두산,두산,correct,MID_7_11,3.205555694089286,1.689878077610147,1.5156776164791381,4.895433771699433,BLOWOUT_UNDERPREDICTED
2026-07-02,20260702SKHT0,KIA,SSG,5.666932136603941,5.100845272578424,8.0,7.0,10.767777409182365,15.0,0.5660868640255163,1.0,0.5819356743827113,KIA,KIA,correct,HIGH_12_PLUS,2.3330678633960593,1.8991547274215757,4.232222590817635,0.43391313597448367,NORMAL
2026-07-02,20260702SSNC0,NC,삼성,5.057859949660988,5.247042941368242,1.0,6.0,10.30490289102923,7.0,-0.18918299170725383,-5.0,0.5104965776510255,NC,삼성,wrong,MID_7_11,4.057859949660988,0.7529570586317584,3.3049028910292293,4.810817008292746,BLOWOUT_UNDERPREDICTED
2026-07-03,20260703HHLG0,LG,한화,5.005316333714801,5.1476494411288165,1.0,8.0,10.152965774843619,9.0,-0.14233310741401528,-7.0,0.5149712042832484,LG,한화,wrong,MID_7_11,4.005316333714801,2.8523505588711835,1.1529657748436186,6.857666892585985,BLOWOUT_UNDERPREDICTED
2026-07-03,20260703LTKT0,KT,롯데,5.509839534151826,5.081130094087055,0.0,4.0,10.59096962823888,4.0,0.42870944006477085,-4.0,0.5691064905958241,KT,롯데,wrong,LOW_0_6,5.509839534151826,1.0811300940870554,6.590969628238881,4.428709440064771,LOW_SCORING_MISS|RUN_DIFF_DIRECTION_MISS
2026-07-03,20260703NCHT0,KIA,NC,5.283428503798406,5.041313256405371,3.0,11.0,10.324741760203779,14.0,0.24211524739303503,-8.0,0.5515347111730953,KIA,NC,wrong,HIGH_12_PLUS,2.2834285037984063,5.958686743594629,3.6752582397962215,8.242115247393034,HIGH_SCORING_MISS|RUN_DIFF_DIRECTION_MISS|BLOWOUT_UNDERPREDICTED
2026-07-03,20260703OBWO0,키움,두산,4.608614061162092,5.122485133180903,6.0,5.0,9.731099194342995,11.0,-0.5138710720188113,1.0,0.47947840188923824,두산,키움,wrong,MID_7_11,1.3913859388379084,0.12248513318090293,1.2689008056570046,1.5138710720188113,RUN_DIFF_DIRECTION_MISS|CLOSE_GAME_NOISE
2026-07-03,20260703SSSK0,SSG,삼성,5.0890447051869545,5.683667463722065,4.0,6.0,10.77271216890902,10.0,-0.5946227585351105,-2.0,0.4717792506164889,삼성,삼성,correct,MID_7_11,1.0890447051869545,0.316332536277935,0.7727121689090204,1.4053772414648895,NORMAL
2026-07-04,20260704HHLG0,LG,한화,4.988162263298301,5.194015582687691,5.0,3.0,10.182177845985994,8.0,-0.2058533193893899,2.0,0.5089039536925484,LG,LG,correct,MID_7_11,0.011837736701698631,2.1940155826876913,2.1821778459859935,2.20585331938939,RUN_DIFF_DIRECTION_MISS
2026-07-04,20260704LTKT0,KT,롯데,5.38320065300394,4.9741349343872585,1.0,4.0,10.357335587391198,5.0,0.40906571861668173,-3.0,0.5672640070631825,KT,롯데,wrong,LOW_0_6,4.38320065300394,0.9741349343872585,5.357335587391198,3.4090657186166817,LOW_SCORING_MISS|RUN_DIFF_DIRECTION_MISS
2026-07-04,20260704NCHT0,KIA,NC,5.178520980927972,5.055008692238227,4.0,5.0,10.233529673166199,9.0,0.12351228868974573,-1.0,0.5402956103175091,KIA,NC,wrong,MID_7_11,1.1785209809279724,0.055008692238226686,1.233529673166199,1.1235122886897457,RUN_DIFF_DIRECTION_MISS|CLOSE_GAME_NOISE
2026-07-04,20260704OBWO0,키움,두산,4.61228034681727,5.126961675322694,5.0,8.0,9.739242022139965,13.0,-0.5146813285054241,-3.0,0.47940109458772134,두산,두산,correct,HIGH_12_PLUS,0.38771965318272983,2.8730383246773057,3.2607579778600346,2.485318671494576,NORMAL
2026-07-04,20260704SSSK0,SSG,삼성,5.091839127455155,5.638425714923182,7.0,13.0,10.730264842378336,20.0,-0.5465865874680267,-6.0,0.4763578068217147,삼성,삼성,correct,HIGH_12_PLUS,1.908160872544845,7.361574285076818,9.269735157621664,5.453413412531973,BLOWOUT_UNDERPREDICTED
2026-07-05,20260705LTKT0,KT,롯데,5.310427001078453,4.888319921144061,4.0,2.0,10.198746922222513,6.0,0.422107079934392,2.0,0.5684874328145902,KT,KT,correct,LOW_0_6,1.3104270010784527,2.8883199211440607,4.198746922222513,1.577892920065608,NORMAL
2026-07-05,20260705OBWO0,키움,두산,4.631533530887533,5.151401385717622,1.0,8.0,9.782934916605155,9.0,-0.519867854830089,-7.0,0.47890626696310906,두산,두산,correct,MID_7_11,3.631533530887533,2.848598614282378,0.7829349166051554,6.480132145169911,BLOWOUT_UNDERPREDICTED
2026-07-05,20260705SSSK0,SSG,삼성,5.217511351146331,5.839081488890342,3.0,13.0,11.056592840036672,16.0,-0.621570137744011,-10.0,0.4692127953148331,삼성,삼성,correct,HIGH_12_PLUS,2.2175113511463307,7.160918511109658,4.9434071599633285,9.378429862255988,BLOWOUT_UNDERPREDICTED
2026-07-07,20260707HTLT0,롯데,KIA,4.537014098759766,5.184718192453531,10.0,2.0,9.721732291213296,12.0,-0.6477040936937648,8.0,0.46672536323884317,KIA,롯데,wrong,HIGH_12_PLUS,5.462985901240234,3.1847181924535306,2.2782677087867036,8.647704093693765,HIGH_SCORING_MISS|RUN_DIFF_DIRECTION_MISS|BLOWOUT_UNDERPREDICTED
2026-07-07,20260707LGSS0,삼성,LG,5.227138133542929,5.012733925542353,9.0,2.0,10.239872059085283,11.0,0.2144042080005759,7.0,0.5489130258764664,삼성,삼성,correct,MID_7_11,3.7728618664570712,3.012733925542353,0.7601279409147175,6.785595791999424,BLOWOUT_UNDERPREDICTED
2026-07-07,20260707NCHH0,한화,NC,5.171723335831162,4.854093250121997,6.0,9.0,10.025816585953159,15.0,0.3176300857091654,-3.0,0.5586640817580057,한화,NC,wrong,HIGH_12_PLUS,0.8282766641688379,4.145906749878003,4.974183414046841,3.3176300857091654,HIGH_SCORING_MISS|RUN_DIFF_DIRECTION_MISS
2026-07-07,20260707SKOB0,두산,SSG,5.419069049732455,5.116269785631757,2.0,4.0,10.535338835364211,6.0,0.302799264100698,-2.0,0.5572657136758251,두산,SSG,wrong,LOW_0_6,3.419069049732455,1.116269785631757,4.535338835364211,2.302799264100698,LOW_SCORING_MISS|RUN_DIFF_DIRECTION_MISS
2026-07-07,20260707WOKT0,KT,키움,5.481210530324928,4.796295046755484,3.0,0.0,10.277505577080412,3.0,0.6849154835694442,3.0,0.5929445818059225,KT,KT,correct,LOW_0_6,2.481210530324928,4.796295046755484,7.277505577080412,2.315084516430556,NORMAL
2026-07-08,20260708HTLT0,롯데,KIA,4.817620163713332,5.128500244600269,11.0,3.0,9.9461204083136,14.0,-0.3108800808869372,8.0,0.4988672263912925,KIA,롯데,wrong,HIGH_12_PLUS,6.182379836286668,2.1285002446002688,4.0538795916864,8.310880080886937,HIGH_SCORING_MISS|RUN_DIFF_DIRECTION_MISS|BLOWOUT_UNDERPREDICTED
2026-07-08,20260708LGSS0,삼성,LG,5.441797992639536,4.939702643120506,2.0,8.0,10.381500635760041,10.0,0.5020953495190303,-6.0,0.57597242299128,삼성,LG,wrong,MID_7_11,3.441797992639536,3.0602973568794942,0.381500635760041,6.50209534951903,RUN_DIFF_DIRECTION_MISS|BLOWOUT_UNDERPREDICTED
2026-07-08,20260708SKOB0,두산,SSG,5.41043360506748,5.103801410427918,7.0,3.0,10.514235015495398,10.0,0.3066321946395618,4.0,0.5576272008295488,두산,두산,correct,MID_7_11,1.58956639493252,2.103801410427918,0.5142350154953981,3.693367805360438,NORMAL
2026-07-08,20260708WOKT0,KT,키움,5.429469362412411,4.7008302830839765,7.0,3.0,10.130299645496388,10.0,0.7286390793284347,4.0,0.5969726071177951,KT,KT,correct,MID_7_11,1.5705306375875887,1.7008302830839765,0.13029964549638784,3.2713609206715653,NORMAL
2026-07-09,20260709HTLT0,롯데,KIA,4.952860502401634,5.191608777350065,2.0,5.0,10.1444692797517,7.0,-0.23874827494843043,-3.0,0.5057607868683971,롯데,KIA,wrong,MID_7_11,2.9528605024016343,0.19160877735006476,3.1444692797517,2.7612517250515696,NORMAL
2026-07-09,20260709LGSS0,삼성,LG,5.337949866969687,4.982151331673058,6.0,5.0,10.320101198642746,11.0,0.3557985352966293,1.0,0.5622585794490792,삼성,삼성,correct,MID_7_11,0.6620501330303128,0.017848668326942096,0.679898801357254,0.6442014647033707,NORMAL
2026-07-09,20260709NCHH0,한화,NC,5.3054969486197106,5.014698191505093,6.0,4.0,10.320195140124802,10.0,0.2907987571146178,2.0,0.5561335443584594,한화,한화,correct,MID_7_11,0.6945030513802894,1.0146981915050928,0.32019514012480244,1.7092012428853822,NORMAL
2026-07-09,20260709SKOB0,두산,SSG,5.398389634074661,5.065452164410123,7.0,0.0,10.463841798484784,7.0,0.33293746966453774,7.0,0.5601064084939118,두산,두산,correct,MID_7_11,1.601610365925339,5.065452164410123,3.4638417984847845,6.667062530335462,BLOWOUT_UNDERPREDICTED
2026-07-16,20260716HTSK0,SSG,KIA,4.950464545295797,5.361086495501299,6.0,0.0,10.311551040797095,6.0,-0.41062195020550174,6.0,0.48933626148611675,KIA,SSG,wrong,LOW_0_6,1.0495354547042028,5.361086495501299,4.311551040797095,6.410621950205502,LOW_SCORING_MISS|RUN_DIFF_DIRECTION_MISS|BLOWOUT_UNDERPREDICTED
2026-07-16,20260716KTLG0,LG,KT,4.71442870758024,4.869182694356758,3.0,4.0,9.583611401936999,7.0,-0.15475398677651864,-1.0,0.5137850919313168,LG,KT,wrong,MID_7_11,1.7144287075802396,0.8691826943567582,2.5836114019369987,0.8452460132234814,CLOSE_GAME_NOISE
2026-07-16,20260716LTSS0,삼성,롯데,4.889452640672665,4.421494484973509,4.0,1.0,9.310947125646173,5.0,0.4679581556991552,3.0,0.5727820519141964,삼성,삼성,correct,LOW_0_6,0.8894526406726646,3.4214944849735094,4.310947125646173,2.532041844300845,NORMAL
2026-07-16,20260716OBNC0,NC,두산,4.666874180757262,4.5765053900864885,4.0,2.0,9.24337957084375,6.0,0.09036879067077308,2.0,0.5371470112048854,NC,NC,correct,LOW_0_6,0.6668741807572616,2.5765053900864885,3.24337957084375,1.909631209329227,NORMAL
2026-07-16,20260716WOHH0,한화,키움,5.032231604528856,4.293307019242138,5.0,14.0,9.325538623770994,19.0,0.7389245852867177,-9.0,0.5979182811466629,한화,키움,wrong,HIGH_12_PLUS,0.03223160452885576,9.706692980757861,9.674461376229006,9.738924585286718,HIGH_SCORING_MISS|RUN_DIFF_DIRECTION_MISS|BLOWOUT_UNDERPREDICTED
2026-07-17,20260717HTSK0,SSG,KIA,5.259452246353636,5.636857680986844,3.0,6.0,10.896309927340479,9.0,-0.3774054346332081,-3.0,0.4925097901619572,KIA,KIA,correct,MID_7_11,2.2594522463536357,0.3631423190131562,1.8963099273404787,2.622594565366792,NORMAL
2026-07-17,20260717KTLG0,LG,KT,5.075857760893229,5.028420513208757,1.0,6.0,10.104278274101986,7.0,0.04743724768447244,-5.0,0.5330641859414585,LG,KT,wrong,MID_7_11,4.075857760893229,0.9715794867912431,3.1042782741019863,5.047437247684472,RUN_DIFF_DIRECTION_MISS|BLOWOUT_UNDERPREDICTED
2026-07-17,20260717OBNC0,NC,두산,4.879603920412536,4.812077167006868,2.0,4.0,9.691681087419404,6.0,0.0675267534056676,-2.0,0.5349752995216602,NC,두산,wrong,LOW_0_6,2.879603920412536,0.8120771670068683,3.691681087419404,2.0675267534056676,LOW_SCORING_MISS|RUN_DIFF_DIRECTION_MISS
2026-07-17,20260717WOHH0,한화,키움,5.670466457782346,4.795747520086911,6.0,7.0,10.466213977869256,13.0,0.8747189376954347,-1.0,0.610332853997998,한화,키움,wrong,HIGH_12_PLUS,0.3295335422176544,2.204252479913089,2.5337860221307444,1.8747189376954347,HIGH_SCORING_MISS|RUN_DIFF_DIRECTION_MISS|CLOSE_GAME_NOISE
2026-07-18,20260718HTSK0,SSG,KIA,5.199945749341771,5.613333431765952,2.0,12.0,10.813279181107724,14.0,-0.41338768242418045,-10.0,0.4890720567673905,KIA,KIA,correct,HIGH_12_PLUS,3.1999457493417713,6.386666568234048,3.186720818892276,9.58661231757582,BLOWOUT_UNDERPREDICTED
2026-07-18,20260718KTLG0,LG,KT,4.962269169261058,4.946166945643244,2.0,8.0,9.908436114904301,10.0,0.016102223617813216,-6.0,0.5300813694549458,LG,KT,wrong,MID_7_11,2.9622691692610577,3.0538330543567556,0.0915638850956988,6.016102223617813,RUN_DIFF_DIRECTION_MISS|BLOWOUT_UNDERPREDICTED
2026-07-18,20260718LTSS0,삼성,롯데,5.046110715548932,4.620994166443062,5.0,0.0,9.667104881991992,5.0,0.42511654910587016,5.0,0.568769636647051,삼성,삼성,correct,LOW_0_6,0.04611071554893176,4.620994166443062,4.6671048819919925,4.57488345089413,BLOWOUT_UNDERPREDICTED
2026-07-18,20260718OBNC0,NC,두산,4.895332955342298,4.857107229793183,9.0,12.0,9.75244018513548,21.0,0.03822572554911563,-3.0,0.5321875663546995,NC,두산,wrong,HIGH_12_PLUS,4.104667044657702,7.142892770206817,11.24755981486452,3.0382257255491156,HIGH_SCORING_MISS|RUN_DIFF_DIRECTION_MISS
2026-07-18,20260718WOHH0,한화,키움,5.7241996623469085,4.8510114698380855,2.0,4.0,10.575211132184993,6.0,0.873188192508823,-2.0,0.610193671563497,한화,키움,wrong,LOW_0_6,3.7241996623469085,0.8510114698380855,4.575211132184993,2.873188192508823,LOW_SCORING_MISS|RUN_DIFF_DIRECTION_MISS
2026-07-19,20260719HTSK0,SSG,KIA,5.207368395014252,5.658538013570877,5.0,9.0,10.86590640858513,14.0,-0.45116961855662474,-4.0,0.485463499676062,KIA,KIA,correct,HIGH_12_PLUS,0.2073683950142522,3.341461986429123,3.134093591414871,3.5488303814433753,NORMAL
2026-07-19,20260719KTLG0,LG,KT,4.890531675416336,4.966876150859973,1.0,4.0,9.857407826276308,5.0,-0.0763444754436362,-3.0,0.5212695361095668,LG,KT,wrong,LOW_0_6,3.8905316754163364,0.9668761508599726,4.857407826276308,2.923655524556364,LOW_SCORING_MISS
2026-07-19,20260719LTSS0,삼성,롯데,5.054779520314625,4.546509678010496,8.0,11.0,9.601289198325121,19.0,0.508269842304129,-3.0,0.5765488070514029,삼성,롯데,wrong,HIGH_12_PLUS,2.945220479685375,6.453490321989504,9.398710801674879,3.508269842304129,HIGH_SCORING_MISS|RUN_DIFF_DIRECTION_MISS
2026-07-19,20260719OBNC0,NC,두산,5.054911597052932,5.004240128509542,3.0,10.0,10.059151725562474,13.0,0.05067146854339022,-7.0,0.5333719242153258,NC,두산,wrong,HIGH_12_PLUS,2.054911597052932,4.995759871490458,2.940848274437526,7.05067146854339,HIGH_SCORING_MISS|RUN_DIFF_DIRECTION_MISS|BLOWOUT_UNDERPREDICTED
2026-07-21,20260721HHHT0,KIA,한화,5.134290197750565,5.424784428188385,7.0,3.0,10.559074625938951,10.0,-0.29049423043781974,4.0,0.5008155505126876,KIA,KIA,correct,MID_7_11,1.8657098022494347,2.424784428188385,0.5590746259389512,4.29049423043782,RUN_DIFF_DIRECTION_MISS
2026-07-21,20260721NCLG0,LG,NC,5.142843763885877,5.116376492239706,5.0,7.0,10.259220256125584,12.0,0.026467271646171575,-2.0,0.5310682785462201,LG,NC,wrong,HIGH_12_PLUS,0.14284376388587727,1.8836235077602943,1.7407797438744161,2.0264672716461716,HIGH_SCORING_MISS|RUN_DIFF_DIRECTION_MISS
2026-07-21,20260721SKLT0,롯데,SSG,5.285343923818646,5.048593989486661,6.0,2.0,10.333937913305306,8.0,0.23674993433198477,4.0,0.5510273286932499,롯데,롯데,correct,MID_7_11,0.7146560761813543,3.048593989486661,2.3339379133053058,3.7632500656680152,NORMAL
2026-07-21,20260721SSWO0,키움,삼성,4.690371989008406,5.304171749759072,6.0,8.0,9.994543738767478,14.0,-0.6137997607506662,-2.0,0.46995268119656686,삼성,삼성,correct,HIGH_12_PLUS,1.3096280109915943,2.695828250240928,4.005456261232522,1.3862002392493338,NORMAL
2026-07-22,20260722HHHT0,KIA,한화,5.348124749024715,5.332624354835162,3.0,7.0,10.680749103859878,10.0,0.015500394189552402,-4.0,0.530024058903672,KIA,한화,wrong,MID_7_11,2.3481247490247146,1.6673756451648378,0.6807491038598776,4.015500394189552,RUN_DIFF_DIRECTION_MISS
2026-07-22,20260722SKLT0,롯데,SSG,5.312112556394341,5.039283420971717,3.0,7.0,10.351395977366058,10.0,0.272829135422624,-4.0,0.554437141080025,롯데,SSG,wrong,MID_7_11,2.312112556394341,1.9607165790282828,0.35139597736605843,4.272829135422624,RUN_DIFF_DIRECTION_MISS
2026-07-22,20260722SSWO0,키움,삼성,4.665887553718042,5.4806255887635515,3.0,1.0,10.146513142481593,4.0,-0.8147380350455098,2.0,0.4508712848710852,삼성,키움,wrong,LOW_0_6,1.6658875537180418,4.4806255887635515,6.146513142481593,2.81473803504551,LOW_SCORING_MISS|RUN_DIFF_DIRECTION_MISS
2026-07-23,20260723HHHT0,KIA,한화,5.231955814173476,5.27097836394174,3.0,9.0,10.502934178115217,12.0,-0.039022549768263914,-6.0,0.5248288908252905,KIA,한화,wrong,HIGH_12_PLUS,2.2319558141734763,3.7290216360582598,1.4970658218847834,5.960977450231736,HIGH_SCORING_MISS|BLOWOUT_UNDERPREDICTED
2026-07-23,20260723NCLG0,LG,NC,5.163358653251208,5.140319977864574,5.0,7.0,10.303678631115783,12.0,0.02303867538663429,-2.0,0.5307418509238351,LG,NC,wrong,HIGH_12_PLUS,0.16335865325120835,1.859680022135426,1.6963213688842167,2.0230386753866343,HIGH_SCORING_MISS|RUN_DIFF_DIRECTION_MISS
2026-07-23,20260723SKLT0,롯데,SSG,5.26422311757892,5.08340651660948,2.0,5.0,10.3476296341884,7.0,0.18081660096944052,-3.0,0.5457317398358368,롯데,SSG,wrong,MID_7_11,3.2642231175789203,0.08340651660947973,3.347629634188401,3.1808166009694405,RUN_DIFF_DIRECTION_MISS
2026-07-23,20260723SSWO0,키움,삼성,4.5666048763072,5.378291458155592,1.0,3.0,9.944896334462792,4.0,-0.8116865818483916,-2.0,0.451160120819018,삼성,삼성,correct,LOW_0_6,3.5666048763072,2.3782914581555916,5.944896334462792,1.1883134181516084,NORMAL
2026-07-24,20260724KTLT0,롯데,KT,4.189078925901091,5.299526791687296,4.0,5.0,9.488605717588388,9.0,-1.1104478657862051,-1.0,0.42306643814318473,KT,KT,correct,MID_7_11,0.1890789259010912,0.29952679168729635,0.48860571758838844,0.11044786578620513,NORMAL
2026-07-24,20260724LGHH0,한화,LG,5.373062930223133,5.1467517139441545,8.0,4.0,10.519814644167287,12.0,0.22631121627897866,4.0,0.5500398652220047,한화,한화,correct,HIGH_12_PLUS,2.626937069776867,1.1467517139441545,1.4801853558327132,3.7736887837210213,NORMAL
2026-07-24,20260724NCSK0,SSG,NC,5.162075075800153,5.4608355009629905,7.0,3.0,10.622910576763143,10.0,-0.29876042516283796,4.0,0.5000255303037979,SSG,SSG,correct,MID_7_11,1.8379249241998474,2.4608355009629905,0.6229105767631431,4.298760425162838,RUN_DIFF_DIRECTION_MISS
2026-07-24,20260724SSOB0,두산,삼성,5.083433708854883,4.442153449636051,4.0,15.0,9.525587158490934,19.0,0.6412802592188314,-11.0,0.5889122004434262,두산,삼성,wrong,HIGH_12_PLUS,1.0834337088548827,10.557846550363948,9.474412841509066,11.641280259218831,HIGH_SCORING_MISS|RUN_DIFF_DIRECTION_MISS|BLOWOUT_UNDERPREDICTED
2026-07-24,20260724WOHT0,KIA,키움,5.317472056689892,4.58101486245215,5.0,8.0,9.898486919142043,13.0,0.736457194237742,-3.0,0.5976914894318196,KIA,키움,wrong,HIGH_12_PLUS,0.3174720566898923,3.4189851375478497,3.1015130808579574,3.736457194237742,HIGH_SCORING_MISS|RUN_DIFF_DIRECTION_MISS
2026-07-25,20260725KTLT0,롯데,KT,4.593065246503022,4.914673229705124,1.0,6.0,9.507738476208146,7.0,-0.32160798320210215,-5.0,0.49784194536229603,KT,KT,correct,MID_7_11,3.5930652465030217,1.0853267702948761,2.5077384762081465,4.678392016797898,BLOWOUT_UNDERPREDICTED
2026-07-25,20260725LGHH0,한화,LG,5.434488225504302,5.218502317396203,11.0,15.0,10.652990542900504,26.0,0.2159859081080997,-4.0,0.5490627418254808,한화,LG,wrong,HIGH_12_PLUS,5.565511774495698,9.781497682603797,15.347009457099496,4.2159859081081,HIGH_SCORING_MISS|RUN_DIFF_DIRECTION_MISS
2026-07-25,20260725NCSK0,SSG,NC,5.171074885254077,5.460055075769167,10.0,4.0,10.631129961023245,14.0,-0.2889801905150895,6.0,0.500960250642618,SSG,SSG,correct,HIGH_12_PLUS,4.828925114745923,1.4600550757691666,3.3688700389767554,6.2889801905150895,RUN_DIFF_DIRECTION_MISS|BLOWOUT_UNDERPREDICTED
2026-07-25,20260725SSOB0,두산,삼성,4.820240841969432,5.123793829948148,1.0,4.0,9.94403467191758,5.0,-0.30355298797871555,-3.0,0.4995674931806574,삼성,삼성,correct,LOW_0_6,3.820240841969432,1.1237938299481476,4.94403467191758,2.6964470120212845,NORMAL
2026-07-25,20260725WOHT0,KIA,키움,5.316666264522523,4.612051148672305,9.0,5.0,9.928717413194828,14.0,0.7046151158502179,4.0,0.594760987219025,KIA,KIA,correct,HIGH_12_PLUS,3.6833337354774773,0.3879488513276952,4.071282586805172,3.295384884149782,NORMAL
2026-07-26,20260726KTLT0,롯데,KT,4.565170898949919,4.939268825797285,15.0,1.0,9.504439724747204,16.0,-0.37409792684736587,14.0,0.4928258289771053,KT,롯데,wrong,HIGH_12_PLUS,10.43482910105008,3.939268825797285,6.495560275252796,14.374097926847366,HIGH_SCORING_MISS|RUN_DIFF_DIRECTION_MISS|BLOWOUT_UNDERPREDICTED
2026-07-26,20260726LGHH0,한화,LG,5.594396225069787,5.42240297137199,14.0,4.0,11.016799196441777,18.0,0.1719932536977975,10.0,0.5448953966484692,한화,한화,correct,HIGH_12_PLUS,8.405603774930213,1.42240297137199,6.983200803558223,9.828006746302203,BLOWOUT_UNDERPREDICTED
2026-07-26,20260726SSOB0,두산,삼성,4.7396421592124245,5.0496014075726,7.0,0.0,9.789243566785025,7.0,-0.3099592483601752,7.0,0.4989552322445268,삼성,두산,wrong,MID_7_11,2.2603578407875755,5.0496014075726,2.789243566785025,7.309959248360175,RUN_DIFF_DIRECTION_MISS|BLOWOUT_UNDERPREDICTED
2026-07-26,20260726WOHT0,KIA,키움,5.35494385200593,4.640370483702247,3.0,8.0,9.995314335708176,11.0,0.7145733683036832,-5.0,0.5956782053790863,KIA,키움,wrong,MID_7_11,2.3549438520059303,3.359629516297753,1.0046856642918236,5.714573368303683,RUN_DIFF_DIRECTION_MISS|BLOWOUT_UNDERPREDICTED
2026-07-28,20260728HTSS0,삼성,KIA,5.151516691034494,4.9501208789077795,12.0,5.0,10.101637569942273,17.0,0.2013958121267141,7.0,0.5476813816280877,삼성,삼성,correct,HIGH_12_PLUS,6.848483308965506,0.04987912109222048,6.898362430057727,6.798604187873286,BLOWOUT_UNDERPREDICTED
2026-07-28,20260728KTNC0,NC,KT,5.0843281576397885,5.008588204855332,0.0,10.0,10.09291636249512,10.0,0.07573995278445622,-10.0,0.53575632828687,NC,KT,wrong,MID_7_11,5.0843281576397885,4.991411795144668,0.09291636249512081,10.075739952784456,RUN_DIFF_DIRECTION_MISS|BLOWOUT_UNDERPREDICTED
2026-07-28,20260728LTHH0,한화,롯데,5.495230069345598,4.98127810613113,3.0,9.0,10.476508175476727,12.0,0.5139519632144678,-6.0,0.5770790446110433,한화,롯데,wrong,HIGH_12_PLUS,2.495230069345598,4.01872189386887,1.5234918245232727,6.513951963214468,HIGH_SCORING_MISS|RUN_DIFF_DIRECTION_MISS|BLOWOUT_UNDERPREDICTED
2026-07-28,20260728OBSK0,SSG,두산,4.936508812155001,4.971484859074589,1.0,2.0,9.90799367122959,3.0,-0.03497604691958767,-1.0,0.5252146566965223,SSG,두산,wrong,LOW_0_6,3.936508812155001,2.9714848590745886,6.90799367122959,0.9650239530804123,LOW_SCORING_MISS|CLOSE_GAME_NOISE
2026-07-28,20260728WOLG0,LG,키움,5.505756003680044,4.806958251567686,5.0,3.0,10.31271425524773,8.0,0.6987977521123581,2.0,0.5942248644475204,LG,LG,correct,MID_7_11,0.5057560036800437,1.8069582515676856,2.31271425524773,1.301202247887642,NORMAL
2026-07-29,20260729HTSS0,삼성,KIA,5.275139200483442,5.020808104321598,4.0,9.0,10.29594730480504,13.0,0.25433109616184346,-5.0,0.5526895277072494,삼성,KIA,wrong,HIGH_12_PLUS,1.2751392004834416,3.979191895678402,2.70405269519496,5.2543310961618435,HIGH_SCORING_MISS|RUN_DIFF_DIRECTION_MISS|BLOWOUT_UNDERPREDICTED
2026-07-29,20260729KTNC0,NC,KT,4.989942777773299,5.251989422926298,3.0,10.0,10.241932200699598,13.0,-0.26204664515299836,-7.0,0.5035342993414836,NC,KT,wrong,HIGH_12_PLUS,1.9899427777732992,4.748010577073702,2.7580677993004024,6.737953354847002,HIGH_SCORING_MISS|BLOWOUT_UNDERPREDICTED
2026-07-29,20260729LTHH0,한화,롯데,5.542209582093839,5.0857944180889385,5.0,3.0,10.628004000182777,8.0,0.4564151640049001,2.0,0.5717018895730726,한화,한화,correct,MID_7_11,0.5422095820938386,2.0857944180889385,2.628004000182777,1.5435848359950999,NORMAL
2026-07-29,20260729OBSK0,SSG,두산,4.862531839057167,5.0425668549343605,6.0,2.0,9.905098693991526,8.0,-0.18003501587719395,4.0,0.5113704543296766,SSG,SSG,correct,MID_7_11,1.1374681609428334,3.0425668549343605,1.9050986939915262,4.180035015877194,RUN_DIFF_DIRECTION_MISS
2026-07-29,20260729WOLG0,LG,키움,5.469151920500602,4.812259359976365,11.0,18.0,10.281411280476966,29.0,0.6568925605242368,-7.0,0.5903563538499857,LG,키움,wrong,HIGH_12_PLUS,5.530848079499398,13.187740640023634,18.718588719523034,7.656892560524237,HIGH_SCORING_MISS|RUN_DIFF_DIRECTION_MISS|BLOWOUT_UNDERPREDICTED
2026-07-30,20260730HTSS0,삼성,KIA,5.352760112078398,5.076861931393321,3.0,12.0,10.429622043471719,15.0,0.2758981806850773,-9.0,0.554726962020816,삼성,KIA,wrong,HIGH_12_PLUS,2.352760112078398,6.923138068606679,4.570377956528281,9.275898180685077,HIGH_SCORING_MISS|RUN_DIFF_DIRECTION_MISS|BLOWOUT_UNDERPREDICTED
2026-07-30,20260730KTNC0,NC,KT,5.044493195211656,5.379274073589142,2.0,10.0,10.423767268800798,12.0,-0.3347808783774857,-8.0,0.49658301857472403,KT,KT,correct,HIGH_12_PLUS,3.044493195211656,4.620725926410858,1.5762327311992017,7.665219121622514,BLOWOUT_UNDERPREDICTED
2026-07-30,20260730LTHH0,한화,롯데,5.456612449960755,5.021835874454136,3.0,2.0,10.478448324414892,5.0,0.43477657550661863,1.0,0.56967517371766,한화,한화,correct,LOW_0_6,2.4566124499607547,3.021835874454136,5.478448324414892,0.5652234244933814,NORMAL
2026-07-30,20260730OBSK0,SSG,두산,4.912821463311452,5.091450079067648,3.0,5.0,10.0042715423791,8.0,-0.17862861575619515,-2.0,0.5115047971753416,SSG,두산,wrong,MID_7_11,1.9128214633114524,0.09145007906764757,2.004271542379101,1.8213713842438048,NORMAL
2026-07-30,20260730WOLG0,LG,키움,5.58596547956423,5.092736918896401,5.0,3.0,10.678702398460631,8.0,0.49322856066782883,2.0,0.5751443539345737,LG,LG,correct,MID_7_11,0.58596547956423,2.092736918896401,2.678702398460631,1.5067714393321712,NORMAL
2026-07-31,20260731HHKT0,KT,한화,5.210098317950549,5.08898741443348,5.0,3.0,10.299085732384029,8.0,0.12111090351706899,2.0,0.5400675861346422,KT,KT,correct,MID_7_11,0.2100983179505489,2.08898741443348,2.299085732384029,1.878889096482931,NORMAL
2026-07-31,20260731HTNC0,NC,KIA,5.372403433221571,5.713764380742635,10.0,4.0,11.086167813964206,14.0,-0.34136094752106416,6.0,0.4959541799942616,KIA,NC,wrong,HIGH_12_PLUS,4.627596566778429,1.713764380742635,2.913832186035794,6.341360947521064,HIGH_SCORING_MISS|RUN_DIFF_DIRECTION_MISS|BLOWOUT_UNDERPREDICTED
2026-07-31,20260731LGOB0,두산,LG,5.128101441315943,5.295506832378359,4.0,2.0,10.423608273694303,6.0,-0.1674053910624158,2.0,0.5125768064109962,두산,두산,correct,LOW_0_6,1.128101441315943,3.2955068323783587,4.4236082736943025,2.167405391062416,RUN_DIFF_DIRECTION_MISS
2026-07-31,20260731SKWO0,키움,SSG,5.032874876768818,5.063312465303638,12.0,7.0,10.096187342072456,19.0,-0.030437588534820037,5.0,0.5256472864145645,키움,키움,correct,HIGH_12_PLUS,6.967125123231182,1.936687534696362,8.903812657927544,5.03043758853482,RUN_DIFF_DIRECTION_MISS|BLOWOUT_UNDERPREDICTED
2026-07-31,20260731SSLT0,롯데,삼성,4.888350165915267,5.320686281950809,7.0,9.0,10.209036447866076,16.0,-0.43233611603554145,-2.0,0.48726212375387584,삼성,삼성,correct,HIGH_12_PLUS,2.1116498340847327,3.6793137180491913,5.790963552133924,1.5676638839644585,NORMAL
2026-08-01,20260801HHKT0,KT,한화,5.233936500930006,5.055256303086367,7.0,4.0,10.289192804016373,11.0,0.1786801978436392,3.0,0.5455292589805182,KT,KT,correct,MID_7_11,1.7660634990699942,1.0552563030863666,0.7108071959836266,2.821319802156361,NORMAL
2026-08-01,20260801SKWO0,키움,SSG,5.1287204779391375,5.188589789634507,2.0,10.0,10.317310267573644,12.0,-0.05986931169536902,-8.0,0.522841043749726,키움,SSG,wrong,HIGH_12_PLUS,3.1287204779391375,4.811410210365493,1.6826897324263559,7.940130688304631,HIGH_SCORING_MISS|BLOWOUT_UNDERPREDICTED
2026-08-02,20260802HHKT0,KT,한화,5.239691793449799,5.081689731393208,12.0,1.0,10.321381524843007,13.0,0.15800206205659073,11.0,0.5435686888088835,KT,KT,correct,HIGH_12_PLUS,6.760308206550201,4.081689731393208,2.678618475156993,10.84199793794341,BLOWOUT_UNDERPREDICTED
2026-08-02,20260802LGOB0,두산,LG,5.068960963753451,5.174765977903256,8.0,3.0,10.243726941656707,11.0,-0.10580501414980503,5.0,0.5184583700143216,두산,두산,correct,MID_7_11,2.931039036246549,2.174765977903256,0.7562730583432931,5.105805014149805,RUN_DIFF_DIRECTION_MISS|BLOWOUT_UNDERPREDICTED
2026-08-02,20260802SKWO0,키움,SSG,5.021919453613976,5.222986234412283,5.0,3.0,10.24490568802626,8.0,-0.20106678079830687,2.0,0.5093612625239611,키움,키움,correct,MID_7_11,0.02191945361397618,2.222986234412283,2.2449056880262592,2.201066780798307,RUN_DIFF_DIRECTION_MISS
2026-08-02,20260802SSLT0,롯데,삼성,4.781201500845914,5.2128447376600775,10.0,7.0,9.994046238505991,17.0,-0.43164323681416317,3.0,0.48732830120140375,삼성,롯데,wrong,HIGH_12_PLUS,5.218798499154086,1.7871552623399225,7.005953761494009,3.431643236814163,HIGH_SCORING_MISS|RUN_DIFF_DIRECTION_MISS
2026-08-04,20260804HHSS0,삼성,한화,5.606737508054017,5.224711276830031,1.0,4.0,10.83144878488405,5.0,0.3820262312239864,-3.0,0.5647248014972494,삼성,한화,wrong,LOW_0_6,4.606737508054017,1.224711276830031,5.831448784884049,3.3820262312239864,LOW_SCORING_MISS|RUN_DIFF_DIRECTION_MISS
2026-08-04,20260804LGSK0,SSG,LG,5.338343398650554,5.359551840316359,10.0,8.0,10.697895238966915,18.0,-0.021208441665804934,2.0,0.5265269377853491,SSG,SSG,correct,HIGH_12_PLUS,4.661656601349446,2.6404481596836407,7.302104761033085,2.021208441665805,RUN_DIFF_DIRECTION_MISS
2026-08-04,20260804WOLT0,롯데,키움,5.192227662675429,4.848506735421309,3.0,2.0,10.040734398096738,5.0,0.34372092725411996,1.0,0.561121864136197,롯데,롯데,correct,LOW_0_6,2.192227662675429,2.848506735421309,5.040734398096738,0.65627907274588,NORMAL
2026-08-11,20260811HHOB0,두산,한화,4.897605717772423,4.651473507083797,6.0,3.0,9.549079224856222,9.0,0.2461322106886259,3.0,0.5519145138771411,두산,두산,correct,MID_7_11,1.1023942822275767,1.6514735070837974,0.5490792248562215,2.753867789311374,NORMAL
2026-08-11,20260811KTNC0,NC,KT,4.785268694263609,4.759120031117304,3.0,7.0,9.544388725380912,10.0,0.02614866314630504,-4.0,0.5310379457860032,NC,KT,wrong,MID_7_11,1.7852686942636087,2.2408799688826964,0.4556112746190877,4.026148663146305,RUN_DIFF_DIRECTION_MISS
2026-08-11,20260811LGWO0,키움,LG,4.840384110387528,5.309103451134165,3.0,8.0,10.149487561521692,11.0,-0.46871934074663724,-5.0,0.48378781617855815,LG,LG,correct,MID_7_11,1.8403841103875278,2.690896548865835,0.850512438478308,4.531280659253363,BLOWOUT_UNDERPREDICTED
2026-08-11,20260811LTSK0,SSG,롯데,4.809265283930095,4.772522057059391,8.0,4.0,9.581787340989486,12.0,0.03674322687070397,4.0,0.5320464648425403,SSG,SSG,correct,HIGH_12_PLUS,3.1907347160699047,0.7725220570593914,2.418212659010514,3.963256773129296,NORMAL
2026-08-11,20260811SSHT0,KIA,삼성,5.293626078857663,4.636765312421786,3.0,1.0,9.93039139127945,4.0,0.6568607664358774,2.0,0.5903534144392456,KIA,KIA,correct,LOW_0_6,2.2936260788576632,3.636765312421786,5.93039139127945,1.3431392335641226,NORMAL
2026-08-12,20260812HHOB0,두산,한화,5.049274591335325,5.143520395971243,3.0,4.0,10.192794987306568,7.0,-0.09424580463591781,-1.0,0.5195615152479443,두산,한화,wrong,MID_7_11,2.049274591335325,1.143520395971243,3.192794987306568,0.9057541953640822,CLOSE_GAME_NOISE
2026-08-12,20260812KTNC0,NC,KT,5.080413093730948,5.458328151330231,3.0,0.0,10.538741245061178,3.0,-0.37791505759928246,3.0,0.492461095220224,KT,NC,wrong,LOW_0_6,2.0804130937309484,5.458328151330231,7.538741245061178,3.3779150575992825,LOW_SCORING_MISS|RUN_DIFF_DIRECTION_MISS
2026-08-12,20260812LGWO0,키움,LG,5.189145926219114,5.652395799852793,4.0,3.0,10.841541726071906,7.0,-0.4632498736336794,1.0,0.48431001479253305,LG,키움,wrong,MID_7_11,1.1891459262191137,2.652395799852793,3.841541726071906,1.4632498736336794,RUN_DIFF_DIRECTION_MISS|CLOSE_GAME_NOISE
2026-08-12,20260812LTSK0,SSG,롯데,5.173946464893936,5.122982344278822,9.0,1.0,10.296928809172758,10.0,0.050964120615113906,8.0,0.5333997690059137,SSG,SSG,correct,MID_7_11,3.8260535351060643,4.122982344278822,0.29692880917275843,7.949035879384886,BLOWOUT_UNDERPREDICTED
2026-08-12,20260812SSHT0,KIA,삼성,5.289419625853599,5.396602812336344,7.0,2.0,10.686022438189942,9.0,-0.10718318648274483,5.0,0.5183268328644857,KIA,KIA,correct,MID_7_11,1.7105803741464012,3.3966028123363436,1.6860224381899425,5.107183186482745,RUN_DIFF_DIRECTION_MISS|BLOWOUT_UNDERPREDICTED
2026-08-13,20260813HHOB0,두산,한화,4.896926800376366,5.025159340142186,9.0,6.0,9.922086140518552,15.0,-0.12823253976582016,3.0,0.5163175107256984,두산,두산,correct,HIGH_12_PLUS,4.103073199623634,0.9748406598578141,5.077913859481448,3.12823253976582,RUN_DIFF_DIRECTION_MISS
2026-08-13,20260813KTNC0,NC,KT,4.995258102249608,5.306412989919599,6.0,5.0,10.301671092169206,11.0,-0.311154887669991,1.0,0.4988409625567517,KT,NC,wrong,MID_7_11,1.0047418977503924,0.30641298991959864,0.6983289078307937,1.311154887669991,RUN_DIFF_DIRECTION_MISS|CLOSE_GAME_NOISE
2026-08-13,20260813LGWO0,키움,LG,5.096184667811234,5.617015678629309,6.0,13.0,10.713200346440543,19.0,-0.5208310108180747,-7.0,0.4788143802790175,LG,LG,correct,HIGH_12_PLUS,0.9038153321887661,7.382984321370691,8.286799653559457,6.479168989181925,BLOWOUT_UNDERPREDICTED
2026-08-13,20260813LTSK0,SSG,롯데,5.204093632521843,5.074267177008212,0.0,11.0,10.278360809530056,11.0,0.1298264555136308,-11.0,0.5408950930090396,SSG,롯데,wrong,MID_7_11,5.204093632521843,5.925732822991788,0.7216391904699435,11.12982645551363,RUN_DIFF_DIRECTION_MISS|BLOWOUT_UNDERPREDICTED
2026-08-13,20260813SSHT0,KIA,삼성,5.185767044465727,5.284497236563058,8.0,9.0,10.470264281028786,17.0,-0.0987301920973307,-1.0,0.5191335728569149,KIA,삼성,wrong,HIGH_12_PLUS,2.8142329555342727,3.715502763436942,6.529735718971214,0.9012698079026693,HIGH_SCORING_MISS|CLOSE_GAME_NOISE
2026-08-14,20260814HHSS0,삼성,한화,5.446019158620032,5.3375754039684615,8.0,5.0,10.783594562588494,13.0,0.10844375465157086,3.0,0.5388644981557374,삼성,삼성,correct,HIGH_12_PLUS,2.5539808413799676,0.33757540396846153,2.216405437411506,2.891556245348429,NORMAL
2026-08-14,20260814NCLT0,롯데,NC,5.16225658924702,5.140217489967091,8.0,9.0,10.302474079214111,17.0,0.02203909927992953,-1.0,0.5306466789494647,롯데,NC,wrong,HIGH_12_PLUS,2.8377434107529798,3.8597825100329093,6.697525920785889,1.0220390992799295,HIGH_SCORING_MISS|RUN_DIFF_DIRECTION_MISS|CLOSE_GAME_NOISE
2026-08-14,20260814OBHT0,KIA,두산,4.975387691653934,4.866097755472981,4.0,10.0,9.841485447126914,14.0,0.10928993618095273,-6.0,0.5389448802221305,KIA,두산,wrong,HIGH_12_PLUS,0.9753876916539337,5.133902244527019,4.158514552873086,6.109289936180953,HIGH_SCORING_MISS|RUN_DIFF_DIRECTION_MISS|BLOWOUT_UNDERPREDICTED
2026-08-14,20260814SKLG0,LG,SSG,5.580537515600187,5.268704758626162,3.0,5.0,10.849242274226349,8.0,0.3118327569740247,-2.0,0.5581175729064425,LG,SSG,wrong,MID_7_11,2.580537515600187,0.2687047586261624,2.8492422742263486,2.3118327569740247,RUN_DIFF_DIRECTION_MISS
2026-08-14,20260814WOKT0,KT,키움,5.533436946134536,4.71808263164163,8.0,3.0,10.251519577776167,11.0,0.8153543144929056,5.0,0.6049221803241556,KT,KT,correct,MID_7_11,2.466563053865464,1.7180826316416304,0.7484804222238335,4.184645685507094,BLOWOUT_UNDERPREDICTED
2026-08-15,20260815HHSS0,삼성,한화,5.446736599382667,5.347518003218237,11.0,6.0,10.794254602600905,17.0,0.0992185961644294,5.0,0.5379880343130627,삼성,삼성,correct,HIGH_12_PLUS,5.553263400617333,0.6524819967817628,6.205745397399095,4.900781403835571,BLOWOUT_UNDERPREDICTED
2026-08-15,20260815NCLT0,롯데,NC,5.248525671726345,5.227612038874474,8.0,5.0,10.476137710600819,13.0,0.020913632851870645,3.0,0.5305395179961528,롯데,롯데,correct,HIGH_12_PLUS,2.7514743282736553,0.227612038874474,2.5238622893991813,2.9790863671481294,NORMAL
2026-08-15,20260815OBHT0,KIA,두산,5.019936737112101,4.9732998275393365,6.0,1.0,9.993236564651436,7.0,0.04663690957276412,5.0,0.5329880293431039,KIA,KIA,correct,MID_7_11,0.9800632628878994,3.9732998275393365,2.9932365646514363,4.953363090427236,BLOWOUT_UNDERPREDICTED
2026-08-15,20260815SKLG0,LG,SSG,5.503986468662166,5.1566950424834195,4.0,1.0,10.660681511145587,5.0,0.34729142617874675,3.0,0.5614579782139635,LG,LG,correct,LOW_0_6,1.5039864686621662,4.1566950424834195,5.660681511145587,2.6527085738212532,NORMAL
2026-08-15,20260815WOKT0,KT,키움,5.525217495610486,4.673392372011908,5.0,10.0,10.198609867622395,15.0,0.8518251235985774,-5.0,0.6082493782493773,KT,키움,wrong,HIGH_12_PLUS,0.5252174956104856,5.326607627988092,4.801390132377605,5.851825123598577,HIGH_SCORING_MISS|RUN_DIFF_DIRECTION_MISS|BLOWOUT_UNDERPREDICTED
2026-08-16,20260816OBHT0,KIA,두산,5.008565038433268,4.9474590133577605,2.0,1.0,9.95602405179103,3.0,0.06110602507550755,1.0,0.5343646049318204,KIA,KIA,correct,LOW_0_6,3.008565038433268,3.9474590133577605,6.9560240517910294,0.9388939749244924,NORMAL
2026-08-16,20260816SKLG0,LG,SSG,5.491644650147116,5.121896444341322,0.0,6.0,10.613541094488438,6.0,0.36974820580579326,-6.0,0.5635706749459442,LG,SSG,wrong,LOW_0_6,5.491644650147116,0.8781035556586776,4.613541094488438,6.369748205805793,LOW_SCORING_MISS|RUN_DIFF_DIRECTION_MISS|BLOWOUT_UNDERPREDICTED
2026-08-16,20260816WOKT0,KT,키움,5.521346715657114,4.755068477898964,6.0,2.0,10.276415193556078,8.0,0.7662782377581507,4.0,0.600429681944513,KT,KT,correct,MID_7_11,0.4786532843428857,2.7550684778989636,2.276415193556078,3.2337217622418493,NORMAL
2026-08-18,20260818HTHH0,한화,KIA,5.419673450919551,5.046824770136491,3.0,4.0,10.466498221056042,7.0,0.37284868078306044,-1.0,0.5638621831129935,한화,KIA,wrong,MID_7_11,2.419673450919551,1.0468247701364906,3.4664982210560424,1.3728486807830604,RUN_DIFF_DIRECTION_MISS|CLOSE_GAME_NOISE
2026-08-18,20260818KTLG0,LG,KT,4.857318341707401,5.136510358022689,9.0,1.0,9.993828699730091,10.0,-0.2791920163152879,8.0,0.5018957230616478,LG,LG,correct,MID_7_11,4.142681658292599,4.136510358022689,0.006171300269908642,8.279192016315289,RUN_DIFF_DIRECTION_MISS|BLOWOUT_UNDERPREDICTED
2026-08-18,20260818OBNC0,NC,두산,5.0439565237050665,4.92499636485509,4.0,6.0,9.968952888560157,10.0,0.11896015884997624,-2.0,0.5398633473459574,NC,두산,wrong,MID_7_11,1.0439565237050665,1.0750036351449097,0.031047111439843178,2.1189601588499762,RUN_DIFF_DIRECTION_MISS
2026-08-18,20260818SKSS0,삼성,SSG,5.757918540314971,4.906027482148691,4.0,5.0,10.663946022463662,9.0,0.85189105816628,-1.0,0.6082553844011747,삼성,SSG,wrong,MID_7_11,1.7579185403149706,0.09397251785130933,1.6639460224636622,1.85189105816628,RUN_DIFF_DIRECTION_MISS|CLOSE_GAME_NOISE
2026-08-18,20260818WOLT0,롯데,키움,5.433026699485469,4.766504681061765,15.0,10.0,10.199531380547233,25.0,0.666522018423704,5.0,0.591246313545209,롯데,롯데,correct,HIGH_12_PLUS,9.566973300514531,5.233495318938235,14.800468619452767,4.333477981576296,BLOWOUT_UNDERPREDICTED
2026-08-19,20260819HTHH0,한화,KIA,5.303364061660672,5.1842559572504845,3.0,6.0,10.487620018911157,9.0,0.11910810441018782,-3.0,0.5398773969662605,한화,KIA,wrong,MID_7_11,2.3033640616606723,0.8157440427495155,1.4876200189111568,3.119108104410188,RUN_DIFF_DIRECTION_MISS
2026-08-19,20260819KTLG0,LG,KT,4.945723694891677,5.129808731456325,1.0,0.0,10.075532426348001,1.0,-0.1840850365646487,1.0,0.5109835771491041,LG,LG,correct,LOW_0_6,3.9457236948916767,5.129808731456325,9.075532426348001,1.1840850365646487,RUN_DIFF_DIRECTION_MISS
2026-08-19,20260819OBNC0,NC,두산,4.969182767656888,5.015095976135267,2.0,8.0,9.984278743792157,10.0,-0.0459132084783791,-6.0,0.5241719146592975,NC,두산,wrong,MID_7_11,2.9691827676568883,2.9849040238647326,0.01572125620784348,5.954086791521621,BLOWOUT_UNDERPREDICTED
2026-08-19,20260819SKSS0,삼성,SSG,5.604912090275414,4.98458452498029,18.0,4.0,10.589496615255705,22.0,0.6203275652951241,14.0,0.5869716494843015,삼성,삼성,correct,HIGH_12_PLUS,12.395087909724586,0.9845845249802903,11.410503384744295,13.379672434704876,BLOWOUT_UNDERPREDICTED
2026-08-19,20260819WOLT0,롯데,키움,5.5257098598759935,5.104459891010567,5.0,4.0,10.63016975088656,9.0,0.42124996886542654,1.0,0.5684070516820637,롯데,롯데,correct,MID_7_11,0.5257098598759935,1.104459891010567,1.6301697508865605,0.5787500311345735,NORMAL
2026-08-20,20260820HTHH0,한화,KIA,5.312305369900615,5.146202270313835,6.0,10.0,10.45850764021445,16.0,0.16610309958678027,-4.0,0.5443369422625151,한화,KIA,wrong,HIGH_12_PLUS,0.6876946300993847,4.853797729686165,5.5414923597855505,4.16610309958678,HIGH_SCORING_MISS|RUN_DIFF_DIRECTION_MISS
2026-08-20,20260820KTLG0,LG,KT,4.874716503607058,5.0797210706115425,4.0,16.0,9.9544375742186,20.0,-0.20500456700448488,-12.0,0.508985045124566,LG,KT,wrong,HIGH_12_PLUS,0.8747165036070577,10.920278929388457,10.0455624257814,11.794995432995515,HIGH_SCORING_MISS|BLOWOUT_UNDERPREDICTED
2026-08-20,20260820OBNC0,NC,두산,4.961161015150098,5.044620005115165,5.0,4.0,10.005781020265264,9.0,-0.08345898996506751,1.0,0.5205907757140972,NC,NC,correct,MID_7_11,0.038838984849902225,1.0446200051151653,1.005781020265264,1.0834589899650675,RUN_DIFF_DIRECTION_MISS
2026-08-20,20260820SKSS0,삼성,SSG,5.78581797713135,4.98575402090914,4.0,6.0,10.77157199804049,10.0,0.8000639562222096,-2.0,0.603524338672744,삼성,SSG,wrong,MID_7_11,1.7858179771313498,1.0142459790908598,0.7715719980404891,2.8000639562222096,RUN_DIFF_DIRECTION_MISS
2026-08-20,20260820WOLT0,롯데,키움,5.450161091044044,5.0358447114331994,7.0,1.0,10.486005802477244,8.0,0.41431637961084444,6.0,0.5677566773899939,롯데,롯데,correct,MID_7_11,1.549838908955956,4.0358447114331994,2.4860058024772442,5.585683620389156,BLOWOUT_UNDERPREDICTED
2026-08-21,20260821HTWO0,키움,KIA,4.880314115049573,5.392751615709452,1.0,11.0,10.273065730759026,12.0,-0.5124375006598791,-10.0,0.47961518262984276,KIA,KIA,correct,HIGH_12_PLUS,3.880314115049573,5.607248384290548,1.7269342692409744,9.487562499340122,BLOWOUT_UNDERPREDICTED
2026-08-21,20260821LGHH0,한화,LG,5.498032493739729,5.235190565613948,15.0,11.0,10.733223059353676,26.0,0.26284192812578144,4.0,0.5534937580367448,한화,한화,correct,HIGH_12_PLUS,9.501967506260272,5.764809434386052,15.266776940646324,3.7371580718742186,NORMAL
2026-08-21,20260821LTOB0,두산,롯데,5.0097334630748,4.906865160428832,4.0,11.0,9.916598623503631,15.0,0.1028683026459678,-7.0,0.5383348139983868,두산,롯데,wrong,HIGH_12_PLUS,1.0097334630747996,6.093134839571168,5.083401376496369,7.102868302645968,HIGH_SCORING_MISS|RUN_DIFF_DIRECTION_MISS|BLOWOUT_UNDERPREDICTED
2026-08-21,20260821SSNC0,NC,삼성,5.045862203877704,5.528886030551995,3.0,2.0,10.574748234429698,5.0,-0.483023826674291,1.0,0.4824222624034595,삼성,NC,wrong,LOW_0_6,2.0458622038777037,3.5288860305519947,5.574748234429698,1.483023826674291,LOW_SCORING_MISS|RUN_DIFF_DIRECTION_MISS|CLOSE_GAME_NOISE
2026-08-22,20260822HTWO0,키움,KIA,4.81431303339224,5.530258735577031,3.0,1.0,10.34457176896927,4.0,-0.7159457021847908,2.0,0.4602382257920887,KIA,키움,wrong,LOW_0_6,1.8143130333922404,4.530258735577031,6.344571768969271,2.715945702184791,LOW_SCORING_MISS|RUN_DIFF_DIRECTION_MISS
2026-08-22,20260822SSNC0,NC,삼성,4.919009530051488,5.4202178732800235,6.0,8.0,10.339227403331511,14.0,-0.5012083432285355,-2.0,0.4806866896168763,삼성,삼성,correct,HIGH_12_PLUS,1.080990469948512,2.5797821267199765,3.6607725966684885,1.4987916567714645,NORMAL
2026-08-23,20260823HTWO0,키움,KIA,4.7441958310757535,5.455359643927624,8.0,7.0,10.199555475003377,15.0,-0.7111638128518702,1.0,0.4606923856427889,KIA,키움,wrong,HIGH_12_PLUS,3.2558041689242465,1.5446403560723763,4.800444524996623,1.7111638128518702,HIGH_SCORING_MISS|RUN_DIFF_DIRECTION_MISS|CLOSE_GAME_NOISE
2026-08-23,20260823KTSK0,SSG,KT,4.859463097822798,5.395305833421729,1.0,3.0,10.254768931244527,4.0,-0.5358427355989317,-2.0,0.47738242593667285,KT,KT,correct,LOW_0_6,3.8594630978227977,2.3953058334217294,6.254768931244527,1.4641572644010683,NORMAL
2026-08-23,20260823LGHH0,한화,LG,5.5895783306273765,5.311393800410699,3.0,12.0,10.900972131038076,15.0,0.2781845302166772,-9.0,0.5549428460203962,한화,LG,wrong,HIGH_12_PLUS,2.5895783306273765,6.688606199589301,4.099027868961924,9.278184530216677,HIGH_SCORING_MISS|RUN_DIFF_DIRECTION_MISS|BLOWOUT_UNDERPREDICTED
2026-08-23,20260823LTOB0,두산,롯데,4.975478464882218,4.874415341643443,3.0,1.0,9.84989380652566,4.0,0.10106312323877464,2.0,0.5381632980958184,두산,두산,correct,LOW_0_6,1.975478464882218,3.8744153416434433,5.84989380652566,1.8989368767612254,NORMAL
2026-08-23,20260823SSNC0,NC,삼성,5.0138496667447106,5.420132960944799,1.0,2.0,10.43398262768951,3.0,-0.40628329420008846,-1.0,0.4897507363312899,삼성,삼성,correct,LOW_0_6,4.0138496667447106,3.420132960944799,7.43398262768951,0.5937167057999115,NORMAL
2026-08-25,20260825HHSK0,SSG,한화,5.2911967891003195,5.747648112990279,7.0,1.0,11.038844902090599,8.0,-0.4564513238899597,6.0,0.4849591555089284,한화,SSG,wrong,MID_7_11,1.7088032108996805,4.747648112990279,3.0388449020905988,6.45645132388996,RUN_DIFF_DIRECTION_MISS|BLOWOUT_UNDERPREDICTED
2026-08-25,20260825LTHT0,KIA,롯데,5.164898165451181,4.841299866645386,8.0,5.0,10.006198032096567,13.0,0.3235982988057948,3.0,0.5592265512738152,KIA,KIA,correct,HIGH_12_PLUS,2.8351018345488193,0.15870013335461408,2.9938019679034333,2.676401701194205,NORMAL
2026-08-25,20260825NCLG0,LG,NC,5.311423822424515,5.01312434955326,5.0,4.0,10.324548171977774,9.0,0.29829947287125513,1.0,0.556841256891313,LG,LG,correct,MID_7_11,0.3114238224245147,1.0131243495532596,1.3245481719777743,0.7017005271287449,NORMAL
2026-08-25,20260825OBKT0,KT,두산,4.988222707419683,4.688544694434045,1.0,3.0,9.676767401853727,4.0,0.29967801298563845,-2.0,0.5569713008178138,KT,두산,wrong,LOW_0_6,3.988222707419683,1.6885446944340448,5.676767401853727,2.2996780129856385,LOW_SCORING_MISS|RUN_DIFF_DIRECTION_MISS
2026-08-26,20260826HHSK0,SSG,한화,5.35785665976195,5.710796637243576,6.0,1.0,11.068653297005525,7.0,-0.3529399774816264,5.0,0.49484763718242497,한화,SSG,wrong,MID_7_11,0.6421433402380501,4.710796637243576,4.068653297005525,5.352939977481626,RUN_DIFF_DIRECTION_MISS|BLOWOUT_UNDERPREDICTED
2026-08-26,20260826LTHT0,KIA,롯데,5.222164923130521,4.839930617208912,16.0,11.0,10.062095540339433,27.0,0.38223430592160845,5.0,0.5647443543791749,KIA,KIA,correct,HIGH_12_PLUS,10.77783507686948,6.160069382791088,16.937904459660565,4.6177656940783915,BLOWOUT_UNDERPREDICTED
2026-08-26,20260826NCLG0,LG,NC,5.410031188996017,5.10612732122422,8.0,0.0,10.516158510220237,8.0,0.3039038677717967,8.0,0.5573698960886465,LG,LG,correct,MID_7_11,2.589968811003983,5.10612732122422,2.5161585102202366,7.696096132228203,BLOWOUT_UNDERPREDICTED
2026-08-26,20260826OBKT0,KT,두산,5.0128479228775795,4.683050746486549,5.0,4.0,9.695898669364128,9.0,0.3297971763910308,1.0,0.5598105986443817,KT,KT,correct,MID_7_11,0.01284792287757952,0.6830507464865487,0.6958986693641283,0.6702028236089692,NORMAL
2026-08-26,20260826SSWO0,키움,삼성,4.75846466506378,5.6072496010962505,2.0,12.0,10.36571426616003,14.0,-0.8487849360324704,-10.0,0.4476508573494987,삼성,삼성,correct,HIGH_12_PLUS,2.75846466506378,6.3927503989037495,3.6342857338399703,9.15121506396753,BLOWOUT_UNDERPREDICTED
2026-08-27,20260827HHSK0,SSG,한화,5.3732138602343085,5.604016757193611,13.0,6.0,10.977230617427919,19.0,-0.23080289695930212,7.0,0.5065200318701093,SSG,SSG,correct,HIGH_12_PLUS,7.6267861397656915,0.3959832428063894,8.022769382572081,7.230802896959302,RUN_DIFF_DIRECTION_MISS|BLOWOUT_UNDERPREDICTED
2026-08-27,20260827NCLG0,LG,NC,5.374317006580893,4.97745049411948,3.0,13.0,10.351767500700372,16.0,0.396866512461413,-10.0,0.5661188415883524,LG,NC,wrong,HIGH_12_PLUS,2.3743170065808927,8.02254950588052,5.648232499299628,10.396866512461413,HIGH_SCORING_MISS|RUN_DIFF_DIRECTION_MISS|BLOWOUT_UNDERPREDICTED
2026-08-27,20260827OBKT0,KT,두산,4.921945513387914,4.706843995956668,5.0,4.0,9.628789509344582,9.0,0.21510151743124606,1.0,0.5489790308490069,KT,KT,correct,MID_7_11,0.07805448661208558,0.7068439959566684,0.6287895093445819,0.7848984825687539,NORMAL
2026-08-27,20260827SSWO0,키움,삼성,4.879402344135176,5.793199842921961,2.0,15.0,10.672602187057137,17.0,-0.913797498786785,-13.0,0.44151385422909595,삼성,삼성,correct,HIGH_12_PLUS,2.879402344135176,9.206800157078039,6.327397812942863,12.086202501213215,BLOWOUT_UNDERPREDICTED
2026-08-29,20260829KTSS0,삼성,KT,5.1013602943804806,4.843952030587567,4.0,2.0,9.945312324968047,6.0,0.2574082637929136,2.0,0.5529803364421821,삼성,삼성,correct,LOW_0_6,1.1013602943804806,2.843952030587567,3.9453123249680466,1.7425917362070864,NORMAL
2026-08-29,20260829LGLT0,롯데,LG,5.25128016637851,5.166765637571478,3.0,8.0,10.418045803949987,11.0,0.08451452880703147,-5.0,0.5365905469598333,롯데,LG,wrong,MID_7_11,2.2512801663785096,2.833234362428522,0.5819541960500132,5.0845145288070315,RUN_DIFF_DIRECTION_MISS|BLOWOUT_UNDERPREDICTED
2026-08-29,20260829NCHH0,한화,NC,5.563168727023612,5.458005202596604,4.0,11.0,11.021173929620216,15.0,0.10516352442700772,-7.0,0.5385528772938923,한화,NC,wrong,HIGH_12_PLUS,1.563168727023612,5.541994797403396,3.9788260703797835,7.105163524427008,HIGH_SCORING_MISS|RUN_DIFF_DIRECTION_MISS|BLOWOUT_UNDERPREDICTED
2026-08-29,20260829SKHT0,KIA,SSG,5.393933595881079,4.6951724536273485,2.0,1.0,10.089106049508427,3.0,0.6987611422537308,1.0,0.5942214898045338,KIA,KIA,correct,LOW_0_6,3.3939335958810792,3.6951724536273485,7.089106049508427,0.30123885774626924,NORMAL
2026-08-29,20260829WOOB0,두산,키움,5.383270550961713,4.7515703277767285,7.0,2.0,10.13484087873844,9.0,0.6317002231849846,5.0,0.5880252768745208,두산,두산,correct,MID_7_11,1.6167294490382869,2.7515703277767285,1.1348408787384408,4.368299776815015,BLOWOUT_UNDERPREDICTED
2026-08-30,20260830NCHH0,한화,NC,5.619046803897283,5.59980529379311,7.0,10.0,11.218852097690393,17.0,0.019241510104173187,-3.0,0.5303803021257021,한화,NC,wrong,HIGH_12_PLUS,1.380953196102717,4.40019470620689,5.781147902309607,3.019241510104173,HIGH_SCORING_MISS|RUN_DIFF_DIRECTION_MISS
2026-08-30,20260830WOOB0,두산,키움,5.380193901667586,4.712537146915394,15.0,1.0,10.09273104858298,16.0,0.6676567547521923,14.0,0.5913511472293809,두산,두산,correct,HIGH_12_PLUS,9.619806098332415,3.712537146915394,5.90726895141702,13.332343245247808,BLOWOUT_UNDERPREDICTED
2026-09-01,20260901HHKT0,KT,한화,5.585438239076779,5.229761852605108,6.0,1.0,10.815200091681888,7.0,0.35567638647167055,5.0,0.5622470863474228,KT,KT,correct,MID_7_11,0.4145617609232213,4.229761852605108,3.815200091681888,4.6443236135283295,BLOWOUT_UNDERPREDICTED
2026-09-01,20260901HTNC0,NC,KIA,4.893776142051185,5.220071240933603,7.0,2.0,10.113847382984787,9.0,-0.3262950988824178,5.0,0.4973939961750562,KIA,NC,wrong,MID_7_11,2.106223857948815,3.2200712409336028,1.1138473829847868,5.326295098882418,RUN_DIFF_DIRECTION_MISS|BLOWOUT_UNDERPREDICTED
2026-09-01,20260901LGOB0,두산,LG,4.872392552896481,4.925126241930749,1.0,3.0,9.79751879482723,4.0,-0.05273368903426778,-2.0,0.5235215470859298,두산,LG,wrong,LOW_0_6,3.872392552896481,1.9251262419307489,5.79751879482723,1.9472663109657322,LOW_SCORING_MISS
2026-09-01,20260901LTSS0,삼성,롯데,5.433624535052191,4.895176597136341,3.0,0.0,10.32880113218853,3.0,0.5384479379158504,3.0,0.5793628845017866,삼성,삼성,correct,LOW_0_6,2.433624535052191,4.895176597136341,7.328801132188531,2.4615520620841496,NORMAL
2026-09-01,20260901SKWO0,키움,SSG,4.93188275919817,5.612305619340783,0.0,4.0,10.544188378538953,4.0,-0.6804228601426132,-4.0,0.4636135334443332,SSG,SSG,correct,LOW_0_6,4.93188275919817,1.6123056193407832,6.544188378538953,3.319577139857387,NORMAL
2026-09-02,20260902HHKT0,KT,한화,5.515073801546382,5.261236167092468,9.0,6.0,10.77630996863885,15.0,0.25383763445391416,3.0,0.5526428895875626,KT,KT,correct,HIGH_12_PLUS,3.4849261984536177,0.7387638329075319,4.22369003136115,2.746162365546086,NORMAL
2026-09-02,20260902HTNC0,NC,KIA,5.042602049338173,5.1545782433789284,3.0,2.0,10.197180292717102,5.0,-0.11197619404075532,1.0,0.5178693533199847,NC,NC,correct,LOW_0_6,2.042602049338173,3.1545782433789284,5.197180292717102,1.1119761940407553,RUN_DIFF_DIRECTION_MISS
2026-09-02,20260902LGOB0,두산,LG,5.03211275708564,4.821015510145791,1.0,5.0,9.853128267231432,6.0,0.21109724693984866,-4.0,0.548599976631481,두산,LG,wrong,LOW_0_6,4.03211275708564,0.17898448985420856,3.8531282672314315,4.211097246939849,LOW_SCORING_MISS|RUN_DIFF_DIRECTION_MISS
2026-09-02,20260902LTSS0,삼성,롯데,5.371599565666872,4.860541143440089,8.0,5.0,10.232140709106961,13.0,0.5110584222267835,3.0,0.576809050624262,삼성,삼성,correct,HIGH_12_PLUS,2.6284004343331278,0.1394588565599113,2.767859290893039,2.4889415777732165,NORMAL
2026-09-02,20260902SKWO0,키움,SSG,4.9679790158915695,5.404061330121786,6.0,9.0,10.372040346013357,15.0,-0.4360823142302168,-3.0,0.4869043291671893,SSG,SSG,correct,HIGH_12_PLUS,1.0320209841084305,3.5959386698782136,4.627959653986643,2.563917685769783,NORMAL
2026-09-03,20260903HHKT0,KT,한화,5.58444906806919,5.319590220242193,13.0,11.0,10.904039288311383,24.0,0.2648588478269964,2.0,0.5536843058170737,KT,KT,correct,HIGH_12_PLUS,7.41555093193081,5.680409779757807,13.095960711688617,1.7351411521730036,NORMAL
2026-09-03,20260903LGOB0,두산,LG,4.974096273784119,4.830351918774087,0.0,1.0,9.804448192558207,1.0,0.1437443550100319,-1.0,0.5422160726317545,두산,LG,wrong,LOW_0_6,4.974096273784119,3.8303519187740873,8.804448192558207,1.143744355010032,LOW_SCORING_MISS|RUN_DIFF_DIRECTION_MISS|CLOSE_GAME_NOISE
2026-09-03,20260903LTSS0,삼성,롯데,5.350007799445607,4.8359679142449306,2.0,3.0,10.185975713690539,5.0,0.5140398852006767,-1.0,0.5770872478210917,삼성,롯데,wrong,LOW_0_6,3.3500077994456072,1.8359679142449306,5.185975713690539,1.5140398852006767,LOW_SCORING_MISS|RUN_DIFF_DIRECTION_MISS|CLOSE_GAME_NOISE
2026-09-03,20260903SKWO0,키움,SSG,5.055522410803675,5.470862300877768,3.0,2.0,10.526384711681445,5.0,-0.415339890074093,1.0,0.48888557004689603,SSG,키움,wrong,LOW_0_6,2.0555224108036754,3.4708623008777684,5.526384711681445,1.415339890074093,LOW_SCORING_MISS|RUN_DIFF_DIRECTION_MISS|CLOSE_GAME_NOISE
2026-09-04,20260904HHLT0,롯데,한화,5.576496028560249,5.74447845239883,4.0,14.0,11.32097448095908,18.0,-0.16798242383858142,-10.0,0.5125216926834166,롯데,한화,wrong,HIGH_12_PLUS,1.576496028560249,8.25552154760117,6.67902551904092,9.83201757616142,HIGH_SCORING_MISS|BLOWOUT_UNDERPREDICTED
2026-09-04,20260904KTHT0,KIA,KT,5.0432184268123805,4.963372816862378,4.0,3.0,10.006591243674759,7.0,0.07984560995000223,1.0,0.5361466875414608,KIA,KIA,correct,MID_7_11,1.0432184268123805,1.9633728168623783,3.006591243674759,0.9201543900499978,NORMAL
2026-09-04,20260904NCWO0,키움,NC,4.68104861582752,5.6031899996561485,1.0,6.0,10.28423861548367,7.0,-0.9221413838286283,-5.0,0.44072746668092605,NC,NC,correct,MID_7_11,3.68104861582752,0.3968100003438515,3.2842386154836696,4.077858616171372,BLOWOUT_UNDERPREDICTED
2026-09-04,20260904OBSK0,SSG,두산,4.723697378150658,4.822193278580017,4.0,0.0,9.545890656730675,4.0,-0.0984959004293593,4.0,0.5191559318700213,SSG,SSG,correct,LOW_0_6,0.7236973781506579,4.822193278580017,5.545890656730675,4.098495900429359,RUN_DIFF_DIRECTION_MISS
2026-09-04,20260904SSLG0,LG,삼성,4.765322297029725,5.179868726186962,4.0,3.0,9.945191023216687,7.0,-0.4145464291572374,1.0,0.4889613658780626,삼성,LG,wrong,MID_7_11,0.7653222970297247,2.179868726186962,2.9451910232166867,1.4145464291572374,RUN_DIFF_DIRECTION_MISS|CLOSE_GAME_NOISE
2026-09-05,20260905HHLT0,롯데,한화,5.531775640135865,5.909784746468736,6.0,11.0,11.4415603866046,17.0,-0.378009106332871,-5.0,0.49245210879309415,한화,한화,correct,HIGH_12_PLUS,0.46822435986413513,5.090215253531264,5.5584396133954,4.621990893667129,BLOWOUT_UNDERPREDICTED
2026-09-05,20260905KTHT0,KIA,KT,4.960767994513241,5.14650878155878,6.0,3.0,10.107276776072021,9.0,-0.18574078704553898,3.0,0.5108254081962168,KIA,KIA,correct,MID_7_11,1.0392320054867588,2.14650878155878,1.1072767760720215,3.185740787045539,RUN_DIFF_DIRECTION_MISS
2026-09-05,20260905NCWO0,키움,NC,4.836536455347516,5.422579911203567,1.0,2.0,10.259116366551083,3.0,-0.5860434558560508,-1.0,0.4725966589315186,NC,NC,correct,LOW_0_6,3.836536455347516,3.4225799112035666,7.259116366551083,0.4139565441439492,NORMAL
2026-09-05,20260905OBSK0,SSG,두산,4.581876625599782,4.677475960125128,3.0,2.0,9.25935258572491,5.0,-0.09559933452534608,1.0,0.5194323517023393,SSG,SSG,correct,LOW_0_6,1.581876625599782,2.677475960125128,4.25935258572491,1.095599334525346,RUN_DIFF_DIRECTION_MISS
2026-09-05,20260905SSLG0,LG,삼성,4.692468807847472,5.0762341430768645,3.0,4.0,9.768702950924336,7.0,-0.38376533522939216,-1.0,0.4919021063052157,삼성,삼성,correct,MID_7_11,1.6924688078474723,1.0762341430768645,2.768702950924336,0.6162346647706078,NORMAL
2026-09-06,20260906HHLT0,롯데,한화,5.5679470730975655,5.997795947274099,2.0,8.0,11.565743020371665,10.0,-0.4298488741765336,-6.0,0.4874996842685266,한화,한화,correct,MID_7_11,3.5679470730975655,2.002204052725901,1.5657430203716647,5.570151125823466,BLOWOUT_UNDERPREDICTED
2026-09-06,20260906KTHT0,KIA,KT,4.911395379533075,5.099903923111532,8.0,3.0,10.011299302644607,11.0,-0.18850854357845748,5.0,0.5105610077653273,KIA,KIA,correct,MID_7_11,3.088604620466925,2.0999039231115324,0.9887006973553927,5.1885085435784575,RUN_DIFF_DIRECTION_MISS|BLOWOUT_UNDERPREDICTED
2026-09-06,20260906NCWO0,키움,NC,4.741084259347382,5.322188681392139,4.0,2.0,10.06327294073952,6.0,-0.5811044220447572,2.0,0.4730673010860899,NC,키움,wrong,LOW_0_6,0.7410842593473816,3.322188681392139,4.06327294073952,2.581104422044757,LOW_SCORING_MISS|RUN_DIFF_DIRECTION_MISS
2026-09-06,20260906OBSK0,SSG,두산,4.590337888248312,4.692925632313279,9.0,16.0,9.28326352056159,25.0,-0.10258774406496673,-7.0,0.5187654265128722,SSG,두산,wrong,HIGH_12_PLUS,4.409662111751688,11.30707436768672,15.71673647943841,6.897412255935033,HIGH_SCORING_MISS|BLOWOUT_UNDERPREDICTED
2026-09-06,20260906SSLG0,LG,삼성,4.62728868181407,4.940932719909367,4.0,10.0,9.568221401723438,14.0,-0.31364403809529673,-6.0,0.4986030697753025,삼성,삼성,correct,HIGH_12_PLUS,0.6272886818140702,5.059067280090633,4.431778598276562,5.686355961904703,BLOWOUT_UNDERPREDICTED
